cell_barcode,num_features,feature_call,num_umis
AAACCTGTCGTAGATC-1,1,sgFam50a,10
AAACGGGCAGGCTGAA-1,1,sgFam50a,3
AAACGGGGTGATAAGT-1,1,sgFam50a,4
AAACGGGTCGCACTCT-1,1,sgFam50a,3
AAAGTAGCACATAACC-1,1,sgFam50a,7
AAAGTAGGTTAAAGAC-1,1,sgFam50a,3
AAAGTAGTCTAACTCT-1,1,sgFam50a,27
AAATGCCTCCCGACTT-1,1,sgFam50a,4
AACACGTCATACGCCG-1,1,sgFam50a,3
AACCGCGCATCGTCGG-1,1,sgFam50a,3
AACTCAGCAGTGGAGT-1,1,sgFam50a,8
AACTCAGCATGAGCGA-1,1,sgFam50a,4
AACTCAGGTCTAGCGC-1,1,sgFam50a,6
AACTCCCAGATGTCGG-1,1,sgFam50a,3
AACTCTTCATGGAATA-1,1,sgFam50a,3
AACTCTTGTCCATGAT-1,1,sgFam50a,8
AACTCTTTCATGTCTT-1,1,sgFam50a,5
AACTGGTCATTGCGGC-1,1,sgFam50a,4
AACTTTCAGGTGCTAG-1,1,sgFam50a,3
AACTTTCAGTAGGTGC-1,1,sgFam50a,3
AAGACCTTCAACCATG-1,1,sgFam50a,3
AAGCCGCAGATGGGTC-1,1,sgFam50a,5
AAGGAGCAGTTTGCGT-1,1,sgFam50a,3
AAGGAGCGTAAAGGAG-1,1,sgFam50a,3
AAGTCTGTCTCTAGGA-1,1,sgFam50a,6
AATCCAGCAAGTTAAG-1,1,sgFam50a,5
AATCCAGGTACATCCA-1,1,sgFam50a,3
AATCGGTAGCGTCAAG-1,1,sgFam50a,3
AATCGGTCAAGTCTGT-1,1,sgFam50a,5
AATCGGTCACCCAGTG-1,1,sgFam50a,5
AATCGGTTCCTGCCAT-1,1,sgFam50a,3
ACACCAAGTTCGGCAC-1,1,sgFam50a,3
ACACCGGCAATAGCAA-1,1,sgFam50a,9
ACAGCCGAGCTAGTCT-1,1,sgFam50a,3
ACAGCCGGTATAAACG-1,1,sgFam50a,3
ACAGCTATCACTGGGC-1,1,sgFam50a,3
ACATACGAGACTAAGT-1,1,sgFam50a,3
ACATACGTCAGTGTTG-1,1,sgFam50a,3
ACATCAGAGAATTCCC-1,1,sgFam50a,8
ACATCAGCAACGATGG-1,1,sgFam50a,5
ACATCAGCAGCCTGTG-1,1,sgFam50a,10
ACATCAGTCTACTTAC-1,1,sgFam50a,3
ACATGGTCATGTCTCC-1,1,sgFam50a,27
ACCAGTAAGCAGCGTA-1,1,sgFam50a,3
ACCAGTACAACTGCTA-1,1,sgFam50a,3
ACCAGTACACGAAAGC-1,1,sgFam50a,3
ACCCACTAGTTTCCTT-1,1,sgFam50a,4
ACCGTAACAGAGTGTG-1,1,sgFam50a,40
ACCTTTAAGCCACGCT-1,1,sgFam50a,5
ACGAGCCGTCTAGAGG-1,1,sgFam50a,3
ACGAGGAGTCTCTTTA-1,1,sgFam50a,3
ACGATACCATCCGGGT-1,1,sgFam50a,4
ACGATACTCTACCTGC-1,1,sgFam50a,3
ACGATACTCTCACATT-1,1,sgFam50a,3
ACGATGTGTAAAGTCA-1,1,sgFam50a,4
ACGCCAGAGGCGACAT-1,1,sgFam50a,3
ACGCCAGAGTTGCAGG-1,1,sgFam50a,3
ACGCCGAGTAGAAAGG-1,1,sgFam50a,8
ACGGGCTCATGGTCAT-1,1,sgFam50a,3
ACGGGTCAGTGGTAGC-1,1,sgFam50a,4
ACGGGTCTCAGCCTAA-1,1,sgFam50a,3
ACGGGTCTCAGGCGAA-1,1,sgFam50a,3
ACGTCAAAGCGCTTAT-1,1,sgFam50a,3
ACTGAACGTCCGAAGA-1,1,sgFam50a,11
ACTGAGTCAACTGCGC-1,1,sgFam50a,9
ACTGATGGTTACGGAG-1,1,sgFam50a,3
ACTGCTCCACCACGTG-1,1,sgFam50a,3
ACTTACTAGTATGACA-1,1,sgFam50a,3
ACTTTCAAGCGAGAAA-1,1,sgFam50a,4
ACTTTCAGTCCTCTTG-1,1,sgFam50a,14
AGAATAGGTATGAAAC-1,1,sgFam50a,3
AGACGTTCAGTCAGAG-1,1,sgFam50a,3
AGACGTTGTGCAACGA-1,1,sgFam50a,5
AGACGTTTCCGTAGTA-1,1,sgFam50a,3
AGAGCGAGTCAGAGGT-1,1,sgFam50a,3
AGAGCGATCCATGAGT-1,1,sgFam50a,13
AGAGCGATCTGGTATG-1,1,sgFam50a,3
AGATCTGAGTGTCTCA-1,1,sgFam50a,4
AGATCTGCACTCGACG-1,1,sgFam50a,3
AGATCTGCATCCGCGA-1,1,sgFam50a,3
AGCATACCATTCGACA-1,1,sgFam50a,4
AGCCTAACAGGTGCCT-1,1,sgFam50a,6
AGCCTAATCTTCTGGC-1,1,sgFam50a,3
AGCGTATCAACGCACC-1,1,sgFam50a,6
AGCGTCGAGAAGAAGC-1,1,sgFam50a,4
AGCGTCGCATACGCTA-1,1,sgFam50a,3
AGCGTCGGTCAGTGGA-1,1,sgFam50a,3
AGCTCCTCAAACCCAT-1,1,sgFam50a,3
AGCTTGAGTAAAGGAG-1,1,sgFam50a,3
AGGCCGTTCGGAAATA-1,1,sgFam50a,3
AGGGAGTAGAAGCCCA-1,1,sgFam50a,23
AGGGAGTAGTCATCCA-1,1,sgFam50a,4
AGGGATGCAAGTTCTG-1,1,sgFam50a,30
AGGGATGGTAAGAGAG-1,1,sgFam50a,3
AGGGATGGTACTCAAC-1,1,sgFam50a,6
AGGGATGTCCCTAATT-1,1,sgFam50a,4
AGGGATGTCTATCCTA-1,1,sgFam50a,3
AGGGTGAAGGTAGCTG-1,1,sgFam50a,40
AGGGTGACATGAGCGA-1,1,sgFam50a,3
AGGGTGAGTTCGGGCT-1,1,sgFam50a,4
AGGGTGATCTTACCGC-1,1,sgFam50a,4
AGGTCCGAGAGTCGGT-1,1,sgFam50a,3
AGTAGTCCAAACGCGA-1,1,sgFam50a,3
AGTAGTCGTATGGTTC-1,1,sgFam50a,4
AGTGAGGTCTGGTTCC-1,1,sgFam50a,4
AGTGTCAAGGCCATAG-1,1,sgFam50a,19
AGTGTCAGTCTCAACA-1,1,sgFam50a,4
AGTGTCATCTAACTTC-1,1,sgFam50a,3
AGTTGGTGTACTTCTT-1,1,sgFam50a,3
AGTTGGTGTAGGACAC-1,1,sgFam50a,16
ATAAGAGTCCAAACAC-1,1,sgFam50a,4
ATCATCTCATCACGTA-1,1,sgFam50a,6
ATCATGGAGACAGACC-1,1,sgFam50a,3
ATCATGGAGCATGGCA-1,1,sgFam50a,3
ATCATGGCATTTGCTT-1,1,sgFam50a,83
ATCATGGTCTAACTGG-1,1,sgFam50a,3
ATCCACCTCTTTAGGG-1,1,sgFam50a,4
ATCGAGTAGAGCTATA-1,1,sgFam50a,3
ATCGAGTAGATAGTCA-1,1,sgFam50a,11
ATCGAGTTCTCAACTT-1,1,sgFam50a,4
ATCTACTGTTTAAGCC-1,1,sgFam50a,5
ATGAGGGCAATTGCTG-1,1,sgFam50a,3
ATGCGATCACATTAGC-1,1,sgFam50a,5
ATGCGATGTAAATGTG-1,1,sgFam50a,4
ATGGGAGAGTGGGCTA-1,1,sgFam50a,3
ATGTGTGAGTTAACGA-1,1,sgFam50a,5
ATTACTCAGAGGTTGC-1,1,sgFam50a,3
ATTACTCGTCTCGTTC-1,1,sgFam50a,4
ATTATCCAGTATTGGA-1,1,sgFam50a,3
ATTATCCGTCGACTAT-1,1,sgFam50a,3
ATTGGACAGATATGGT-1,1,sgFam50a,3
ATTGGACGTGTGGCTC-1,1,sgFam50a,18
ATTGGTGCACTAGTAC-1,1,sgFam50a,22
CAACCAAGTCCTGCTT-1,1,sgFam50a,3
CAACCTCAGGATTCGG-1,1,sgFam50a,3
CAACTAGCACCTTGTC-1,1,sgFam50a,3
CAACTAGGTACAGTTC-1,1,sgFam50a,7
CAACTAGTCGCCAAAT-1,1,sgFam50a,5
CAAGGCCGTACTTCTT-1,1,sgFam50a,3
CAAGTTGGTACGCTGC-1,1,sgFam50a,5
CAAGTTGTCATGGTCA-1,1,sgFam50a,8
CACACCTAGATCCCGC-1,1,sgFam50a,3
CACACCTGTCGTTGTA-1,1,sgFam50a,4
CACACCTGTTCAGTAC-1,1,sgFam50a,9
CACACTCGTTGTGGAG-1,1,sgFam50a,4
CACAGGCCAGACTCGC-1,1,sgFam50a,4
CACAGTAAGAGTCGGT-1,1,sgFam50a,3
CACAGTAAGCATCATC-1,1,sgFam50a,3
CACATAGAGGAGTACC-1,1,sgFam50a,3
CACCACTTCTGCCCTA-1,1,sgFam50a,3
CACCAGGAGTGATCGG-1,1,sgFam50a,4
CACCAGGCAACTGCGC-1,1,sgFam50a,7
CACCAGGGTAGGAGTC-1,1,sgFam50a,6
CACCAGGTCGGTTAAC-1,1,sgFam50a,3
CACTCCACATATGGTC-1,1,sgFam50a,8
CAGAATCGTAAAGGAG-1,1,sgFam50a,24
CAGCATACAACTGCTA-1,1,sgFam50a,3
CAGCATATCGATCCCT-1,1,sgFam50a,7
CAGCGACCAGCCACCA-1,1,sgFam50a,3
CAGCGACCATCCCATC-1,1,sgFam50a,3
CAGCGACTCGTGGTCG-1,1,sgFam50a,9
CAGCTAAGTACCGCTG-1,1,sgFam50a,6
CAGCTGGCAAGGGTCA-1,1,sgFam50a,6
CAGCTGGCATGGGACA-1,1,sgFam50a,3
CAGCTGGGTGCGAAAC-1,1,sgFam50a,4
CAGGTGCCAACGATGG-1,1,sgFam50a,3
CAGGTGCTCCTACAGA-1,1,sgFam50a,3
CAGTAACGTTGTCGCG-1,1,sgFam50a,4
CAGTCCTGTGCACCAC-1,1,sgFam50a,9
CAGTCCTTCAGTCCCT-1,1,sgFam50a,6
CATATTCGTCAGAAGC-1,1,sgFam50a,13
CATATTCGTGGGTCAA-1,1,sgFam50a,4
CATATTCTCGTAGATC-1,1,sgFam50a,4
CATCAGAAGCGCTTAT-1,1,sgFam50a,3
CATCAGAGTACCCAAT-1,1,sgFam50a,11
CATCCACCACCCAGTG-1,1,sgFam50a,3
CATCCACTCCTAGTGA-1,1,sgFam50a,3
CATCCACTCTACCAGA-1,1,sgFam50a,5
CATCGAACATGCAATC-1,1,sgFam50a,21
CATCGAATCATGGTCA-1,1,sgFam50a,3
CATCGAATCGCGGATC-1,1,sgFam50a,3
CATCGGGAGTTAGGTA-1,1,sgFam50a,3
CATGACAGTCTGGAGA-1,1,sgFam50a,4
CATGGCGGTAACGACG-1,1,sgFam50a,3
CATTATCGTCCTCTTG-1,1,sgFam50a,3
CATTATCTCCCAGGTG-1,1,sgFam50a,5
CATTCGCGTCCAAGTT-1,1,sgFam50a,4
CATTCGCGTCCAGTTA-1,1,sgFam50a,20
CCACCTAGTGCCTGTG-1,1,sgFam50a,13
CCACGGACACATGTGT-1,1,sgFam50a,3
CCAGCGATCGGAAACG-1,1,sgFam50a,3
CCAGCGATCTCTGCTG-1,1,sgFam50a,11
CCATGTCGTTATCACG-1,1,sgFam50a,4
CCCAGTTCAGCTATTG-1,1,sgFam50a,4
CCCAGTTGTGATAAGT-1,1,sgFam50a,3
CCCTCCTAGATCCCGC-1,1,sgFam50a,3
CCCTCCTCAGTAAGCG-1,1,sgFam50a,5
CCGGGATAGGGAGTAA-1,1,sgFam50a,4
CCGGGATGTAAGCACG-1,1,sgFam50a,5
CCGGGATGTGGTTTCA-1,1,sgFam50a,3
CCGTACTCATCCGTGG-1,1,sgFam50a,12
CCGTTCACAGCTTAAC-1,1,sgFam50a,25
CCTACCACAGGACGTA-1,1,sgFam50a,3
CCTATTAGTGCGGTAA-1,1,sgFam50a,4
CCTCAGTAGCGATTCT-1,1,sgFam50a,7
CCTCAGTTCTCACATT-1,1,sgFam50a,10
CCTTACGCAGCGTTCG-1,1,sgFam50a,4
CCTTACGTCACGACTA-1,1,sgFam50a,3
CCTTCCCTCCGCAAGC-1,1,sgFam50a,3
CCTTCGACACTTACGA-1,1,sgFam50a,8
CCTTTCTAGCACACAG-1,1,sgFam50a,4
CCTTTCTAGGCAGGTT-1,1,sgFam50a,8
CCTTTCTTCACCGTAA-1,1,sgFam50a,10
CCTTTCTTCAGGCAAG-1,1,sgFam50a,3
CGAACATAGACAATAC-1,1,sgFam50a,6
CGAACATTCCCAAGTA-1,1,sgFam50a,3
CGACCTTGTATAATGG-1,1,sgFam50a,16
CGACTTCTCCTCTAGC-1,1,sgFam50a,4
CGACTTCTCGTCGTTC-1,1,sgFam50a,4
CGAGAAGGTTCAGGCC-1,1,sgFam50a,7
CGAGCCACACGGTAGA-1,1,sgFam50a,3
CGAGCCATCTTAACCT-1,1,sgFam50a,3
CGATGGCGTCTAGCGC-1,1,sgFam50a,9
CGATTGATCAGAGGTG-1,1,sgFam50a,3
CGCCAAGTCTGTCTAT-1,1,sgFam50a,3
CGCGGTACAAACCTAC-1,1,sgFam50a,11
CGCGGTACAGCAGTTT-1,1,sgFam50a,9
CGCGGTAGTAACGACG-1,1,sgFam50a,7
CGCGTTTAGACAAAGG-1,1,sgFam50a,5
CGCGTTTCAGTATCTG-1,1,sgFam50a,4
CGCGTTTGTCGCTTCT-1,1,sgFam50a,4
CGCGTTTGTGGCTCCA-1,1,sgFam50a,3
CGCTATCAGTAGCCGA-1,1,sgFam50a,4
CGGACGTTCCGTAGTA-1,1,sgFam50a,3
CGGACTGCATACGCCG-1,1,sgFam50a,4
CGGACTGGTAGATTAG-1,1,sgFam50a,3
CGGACTGGTCTTGATG-1,1,sgFam50a,3
CGGACTGGTTAAAGAC-1,1,sgFam50a,7
CGGACTGTCTACCAGA-1,1,sgFam50a,3
CGGAGTCCACATCCGG-1,1,sgFam50a,4
CGGAGTCTCAGGCGAA-1,1,sgFam50a,3
CGGAGTCTCTGCTGCT-1,1,sgFam50a,3
CGGCTAGAGGGCTTGA-1,1,sgFam50a,7
CGGCTAGAGGTGGGTT-1,1,sgFam50a,3
CGGGTCACATGCCTTC-1,1,sgFam50a,3
CGGGTCAGTGGACGAT-1,1,sgFam50a,7
CGTAGGCCAAGCGATG-1,1,sgFam50a,5
CGTAGGCTCCGAAGAG-1,1,sgFam50a,9
CGTCACTCACTTCTGC-1,1,sgFam50a,24
CGTCACTGTGCGCTTG-1,1,sgFam50a,5
CGTCACTTCGCAGGCT-1,1,sgFam50a,7
CGTCAGGTCGTCCGTT-1,1,sgFam50a,5
CGTCCATGTCTTGATG-1,1,sgFam50a,4
CGTCTACCAGGTCGTC-1,1,sgFam50a,4
CGTGAGCAGAGACGAA-1,1,sgFam50a,7
CGTGTAAGTAGTGAAT-1,1,sgFam50a,9
CGTGTCTGTCAGAATA-1,1,sgFam50a,4
CGTTCTGCACAGCCCA-1,1,sgFam50a,17
CGTTCTGCAGCATACT-1,1,sgFam50a,4
CGTTCTGGTCATGCCG-1,1,sgFam50a,3
CGTTCTGGTCGCGGTT-1,1,sgFam50a,4
CGTTCTGGTGCACGAA-1,1,sgFam50a,3
CGTTCTGTCGTTTATC-1,1,sgFam50a,4
CTAATGGTCCTTTCGG-1,1,sgFam50a,3
CTACACCGTTCTGAAC-1,1,sgFam50a,3
CTACATTGTAGGAGTC-1,1,sgFam50a,11
CTACGTCAGACGCTTT-1,1,sgFam50a,7
CTACGTCAGTTGCAGG-1,1,sgFam50a,4
CTAGAGTGTAAACGCG-1,1,sgFam50a,4
CTAGAGTGTTACGTCA-1,1,sgFam50a,3
CTAGAGTTCCTAAGTG-1,1,sgFam50a,3
CTAGCCTCAGATCTGT-1,1,sgFam50a,3
CTAGTGACAAGTCATC-1,1,sgFam50a,4
CTAGTGATCAAGGCTT-1,1,sgFam50a,3
CTCACACAGACTTTCG-1,1,sgFam50a,3
CTCACACAGGTGTGGT-1,1,sgFam50a,3
CTCACACCATCCCATC-1,1,sgFam50a,3
CTCAGAACATTTCACT-1,1,sgFam50a,6
CTCAGAATCCTGCTTG-1,1,sgFam50a,3
CTCCTAGGTCGAATCT-1,1,sgFam50a,3
CTCGAAAGTTCGGGCT-1,1,sgFam50a,10
CTCGAAATCCAATGGT-1,1,sgFam50a,6
CTCGAGGCACGTGAGA-1,1,sgFam50a,4
CTCTAATAGGCATTGG-1,1,sgFam50a,7
CTCTAATGTCGGGTCT-1,1,sgFam50a,3
CTCTACGGTTACGACT-1,1,sgFam50a,3
CTCTGGTGTCTGGAGA-1,1,sgFam50a,4
CTGAAGTGTTCCACAA-1,1,sgFam50a,9
CTGATCCTCGTCCAGG-1,1,sgFam50a,4
CTGCCTAAGCGTTCCG-1,1,sgFam50a,7
CTGCCTAAGTACGCCC-1,1,sgFam50a,3
CTGCGGACAGGTCCAC-1,1,sgFam50a,7
CTGCGGATCGGCATCG-1,1,sgFam50a,9
CTGCTGTAGGCAGTCA-1,1,sgFam50a,8
CTGCTGTCACCTATCC-1,1,sgFam50a,4
CTGGTCTGTAGATTAG-1,1,sgFam50a,3
CTGGTCTTCCATGAGT-1,1,sgFam50a,39
CTGTGCTCAGTGACAG-1,1,sgFam50a,3
CTGTGCTTCGAGAACG-1,1,sgFam50a,5
CTGTTTAGTCCAACTA-1,1,sgFam50a,5
CTGTTTATCTACCAGA-1,1,sgFam50a,3
CTTAACTGTGTTCGAT-1,1,sgFam50a,5
CTTAACTTCGCCGTGA-1,1,sgFam50a,6
CTTACCGAGGCAATTA-1,1,sgFam50a,10
CTTACCGGTCATACTG-1,1,sgFam50a,5
CTTAGGAGTTGGTAAA-1,1,sgFam50a,3
CTTCTCTAGAAGGTTT-1,1,sgFam50a,8
CTTCTCTAGGCTCTTA-1,1,sgFam50a,3
CTTGGCTGTGTAATGA-1,1,sgFam50a,5
GAAACTCCACATGTGT-1,1,sgFam50a,4
GAACGGAGTCGCATAT-1,1,sgFam50a,17
GAAGCAGAGGATGCGT-1,1,sgFam50a,4
GAATAAGGTGAGGGAG-1,1,sgFam50a,3
GACACGCAGTTCGCGC-1,1,sgFam50a,4
GACACGCTCACAGTAC-1,1,sgFam50a,6
GACAGAGAGTGGGATC-1,1,sgFam50a,3
GACAGAGCAGCGAACA-1,1,sgFam50a,3
GACCAATCAAGCCCAC-1,1,sgFam50a,3
GACCAATGTAAAGGAG-1,1,sgFam50a,7
GACCTGGCACGAAATA-1,1,sgFam50a,4
GACGCGTCACATTTCT-1,1,sgFam50a,8
GACGGCTCAATTGCTG-1,1,sgFam50a,6
GACGGCTGTCCTAGCG-1,1,sgFam50a,4
GACGTGCTCCGGCACA-1,1,sgFam50a,4
GACTAACGTATGAATG-1,1,sgFam50a,16
GACTACAGTTCTGAAC-1,1,sgFam50a,7
GACTGCGCAGACTCGC-1,1,sgFam50a,5
GACTGCGGTGATGCCC-1,1,sgFam50a,3
GAGCAGACAGCCAGAA-1,1,sgFam50a,5
GAGCAGAGTTGCGTTA-1,1,sgFam50a,4
GAGTCCGCAAGCGATG-1,1,sgFam50a,3
GAGTCCGTCAGCTGGC-1,1,sgFam50a,7
GATCAGTTCATCATTC-1,1,sgFam50a,5
GATCGATCAATAAGCA-1,1,sgFam50a,4
GATCGATCACACTGCG-1,1,sgFam50a,9
GATCGCGGTTGGGACA-1,1,sgFam50a,3
GATCGTAAGTACACCT-1,1,sgFam50a,7
GATCGTACACGGCCAT-1,1,sgFam50a,3
GATCGTAGTGATGATA-1,1,sgFam50a,3
GATCTAGAGTGGGATC-1,1,sgFam50a,16
GATCTAGGTTACAGAA-1,1,sgFam50a,3
GATGAAAAGATGTCGG-1,1,sgFam50a,3
GATGAAAAGTCACGCC-1,1,sgFam50a,14
GATGAAATCTACCAGA-1,1,sgFam50a,3
GATGAGGGTAAGTGTA-1,1,sgFam50a,3
GATGCTAAGCACAGGT-1,1,sgFam50a,3
GATTCAGCAGCGTTCG-1,1,sgFam50a,3
GATTCAGTCAAGCCTA-1,1,sgFam50a,4
GCAAACTGTCCTGCTT-1,1,sgFam50a,3
GCAATCATCAGTACGT-1,1,sgFam50a,4
GCACATATCCTAGAAC-1,1,sgFam50a,8
GCACTCTCAGGGATTG-1,1,sgFam50a,3
GCAGCCACAAGGTGTG-1,1,sgFam50a,8
GCAGCCACAGACGCTC-1,1,sgFam50a,5
GCAGCCATCACCTCGT-1,1,sgFam50a,3
GCAGTTAGTCAATGTC-1,1,sgFam50a,4
GCATGTAGTGATAAGT-1,1,sgFam50a,3
GCATGTATCGGTGTCG-1,1,sgFam50a,18
GCCTCTACAGCTGGCT-1,1,sgFam50a,6
GCCTCTAGTCCATCCT-1,1,sgFam50a,3
GCGACCATCATCTGTT-1,1,sgFam50a,3
GCGACCATCGCGATCG-1,1,sgFam50a,3
GCGACCATCTTTCCTC-1,1,sgFam50a,4
GCGAGAAAGATCCCGC-1,1,sgFam50a,3
GCGAGAAAGCCTATGT-1,1,sgFam50a,12
GCGAGAAAGCTGCGAA-1,1,sgFam50a,3
GCGAGAAAGTTAGGTA-1,1,sgFam50a,10
GCGCAACCAGGAATGC-1,1,sgFam50a,8
GCGCAGTAGAAGGACA-1,1,sgFam50a,4
GCGCCAACAATAGCGG-1,1,sgFam50a,40
GCGCCAAGTCCCTACT-1,1,sgFam50a,11
GCGCCAATCACATGCA-1,1,sgFam50a,3
GCGCGATAGTCTTGCA-1,1,sgFam50a,3
GCGCGATGTATGAAAC-1,1,sgFam50a,15
GCGCGATTCTTAGAGC-1,1,sgFam50a,8
GCGGGTTGTCACACGC-1,1,sgFam50a,3
GCGGGTTGTCAGAATA-1,1,sgFam50a,3
GCGGGTTTCAGTTCGA-1,1,sgFam50a,5
GCTCTGTAGGGTGTGT-1,1,sgFam50a,22
GCTGCAGAGCTCTCGG-1,1,sgFam50a,5
GCTGCAGCAAACGCGA-1,1,sgFam50a,5
GCTGCTTTCCGTTGCT-1,1,sgFam50a,3
GCTTGAACAAGAGGCT-1,1,sgFam50a,4
GCTTGAACACAGGTTT-1,1,sgFam50a,6
GCTTGAACACATGACT-1,1,sgFam50a,3
GCTTGAAGTTCCTCCA-1,1,sgFam50a,7
GCTTGAATCCTTTACA-1,1,sgFam50a,3
GCTTGAATCTAGCACA-1,1,sgFam50a,4
GGAACTTAGCTACCGC-1,1,sgFam50a,4
GGACAGAAGACACTAA-1,1,sgFam50a,6
GGACAGACAATAACGA-1,1,sgFam50a,11
GGACAGATCGAATCCA-1,1,sgFam50a,8
GGACGTCAGCTGCCCA-1,1,sgFam50a,3
GGATGTTGTCGCGAAA-1,1,sgFam50a,14
GGATGTTTCCAAGTAC-1,1,sgFam50a,3
GGATTACGTTCGCGAC-1,1,sgFam50a,4
GGCAATTTCTTCAACT-1,1,sgFam50a,4
GGCCGATGTAAGTGGC-1,1,sgFam50a,5
GGCGACTGTCTCTTAT-1,1,sgFam50a,24
GGCGACTGTTTGTTTC-1,1,sgFam50a,4
GGCTCGACACTTCGAA-1,1,sgFam50a,3
GGCTCGATCACATGCA-1,1,sgFam50a,3
GGGAATGCAATGAATG-1,1,sgFam50a,17
GGGAATGGTCCGAAGA-1,1,sgFam50a,4
GGGACCTGTGATGTGG-1,1,sgFam50a,3
GGGAGATAGTGAACGC-1,1,sgFam50a,3
GGGAGATGTAGTAGTA-1,1,sgFam50a,8
GGGAGATTCACAGGCC-1,1,sgFam50a,3
GGGATGATCGTTTATC-1,1,sgFam50a,5
GGGCACTCATTCTTAC-1,1,sgFam50a,3
GGGCACTGTGAGGCTA-1,1,sgFam50a,3
GGGCATCAGAGTGAGA-1,1,sgFam50a,6
GGGCATCGTTTGGGCC-1,1,sgFam50a,3
GGGTTGCCAAAGGTGC-1,1,sgFam50a,5
GGGTTGCCAGATGGGT-1,1,sgFam50a,22
GGTATTGCATCGATTG-1,1,sgFam50a,5
GGTGTTACACCAACCG-1,1,sgFam50a,5
GTAACTGAGTGTGAAT-1,1,sgFam50a,33
GTACGTAAGGTACTCT-1,1,sgFam50a,3
GTACGTAAGTGAAGAG-1,1,sgFam50a,3
GTACGTAAGTGCCATT-1,1,sgFam50a,23
GTACTCCTCACTTACT-1,1,sgFam50a,5
GTACTTTGTAGCGTCC-1,1,sgFam50a,4
GTACTTTGTTTGCATG-1,1,sgFam50a,5
GTAGGCCAGTGGTAAT-1,1,sgFam50a,16
GTAGTCAAGGATTCGG-1,1,sgFam50a,4
GTATCTTAGCTCCTCT-1,1,sgFam50a,4
GTATCTTGTCGGCATC-1,1,sgFam50a,3
GTATCTTGTCGTGGCT-1,1,sgFam50a,3
GTATTCTTCATCGGAT-1,1,sgFam50a,18
GTATTCTTCTTGCAAG-1,1,sgFam50a,3
GTCAAGTGTCGCCATG-1,1,sgFam50a,10
GTCACGGAGAGTACCG-1,1,sgFam50a,29
GTCACGGTCAATCTCT-1,1,sgFam50a,24
GTCACGGTCTTACCTA-1,1,sgFam50a,3
GTCCTCACACCGATAT-1,1,sgFam50a,3
GTCCTCAGTTGTCGCG-1,1,sgFam50a,4
GTCCTCATCCATTCTA-1,1,sgFam50a,3
GTCGTAAAGTGGAGAA-1,1,sgFam50a,16
GTCGTAAGTGCGCTTG-1,1,sgFam50a,3
GTCTCGTAGCCCTAAT-1,1,sgFam50a,4
GTCTCGTCAGGGTATG-1,1,sgFam50a,5
GTCTCGTTCCAAACAC-1,1,sgFam50a,3
GTCTTCGGTTCGTGAT-1,1,sgFam50a,5
GTGAAGGAGCTGGAAC-1,1,sgFam50a,5
GTGAAGGCAGCCAGAA-1,1,sgFam50a,4
GTGAAGGTCAAACCGT-1,1,sgFam50a,3
GTGCAGCCACATGACT-1,1,sgFam50a,7
GTGCATAGTGAGTATA-1,1,sgFam50a,9
GTGCATATCGCTAGCG-1,1,sgFam50a,6
GTGCGGTTCAGGCCCA-1,1,sgFam50a,5
GTGGGTCGTCCGACGT-1,1,sgFam50a,8
GTGTGCGGTGGGTATG-1,1,sgFam50a,3
GTGTGCGTCAGTGTTG-1,1,sgFam50a,3
GTGTTAGGTTGCTCCT-1,1,sgFam50a,3
GTGTTAGTCCGTCAAA-1,1,sgFam50a,3
GTTCATTAGAGTGACC-1,1,sgFam50a,7
GTTCGGGGTACCGTTA-1,1,sgFam50a,4
GTTCTCGCATGGTCTA-1,1,sgFam50a,3
GTTCTCGTCAGAGACG-1,1,sgFam50a,3
GTTTCTACATCCTAGA-1,1,sgFam50a,5
TAAGCGTAGTACCGGA-1,1,sgFam50a,7
TAAGCGTGTAGCACGA-1,1,sgFam50a,3
TAAGCGTTCCGCATCT-1,1,sgFam50a,5
TAAGTGCTCAGTTCGA-1,1,sgFam50a,10
TACACGAAGATAGTCA-1,1,sgFam50a,3
TACAGTGGTCATATCG-1,1,sgFam50a,7
TACGGATTCCACTCCA-1,1,sgFam50a,7
TACGGGCAGCAAATCA-1,1,sgFam50a,3
TACTCATCACCGTTGG-1,1,sgFam50a,3
TACTCGCCATTCTCAT-1,1,sgFam50a,5
TACTCGCTCGTCGTTC-1,1,sgFam50a,4
TACTTACTCCGTTGCT-1,1,sgFam50a,11
TAGACCAAGCTAGTCT-1,1,sgFam50a,3
TAGACCAGTTGGTAAA-1,1,sgFam50a,3
TAGACCATCAACACGT-1,1,sgFam50a,3
TAGACCATCGCGGATC-1,1,sgFam50a,3
TAGCCGGAGGCACATG-1,1,sgFam50a,6
TAGCCGGCACTTACGA-1,1,sgFam50a,3
TAGCCGGTCCGTAGTA-1,1,sgFam50a,4
TAGGCATAGTGCAAGC-1,1,sgFam50a,6
TAGGCATGTCCCTACT-1,1,sgFam50a,8
TAGGCATTCATTGCCC-1,1,sgFam50a,4
TAGGCATTCGTTTAGG-1,1,sgFam50a,5
TAGTGGTTCCATGAGT-1,1,sgFam50a,13
TAGTTGGGTAAACCTC-1,1,sgFam50a,3
TAGTTGGTCACATGCA-1,1,sgFam50a,3
TATCAGGCATTCTTAC-1,1,sgFam50a,3
TATCAGGGTCGTCTTC-1,1,sgFam50a,3
TATGCCCGTTTACTCT-1,1,sgFam50a,4
TATTACCCATTAGGCT-1,1,sgFam50a,3
TATTACCTCCCAAGTA-1,1,sgFam50a,4
TCAACGAGTGAGGCTA-1,1,sgFam50a,5
TCAACGATCGTTTAGG-1,1,sgFam50a,4
TCACAAGAGATGCGAC-1,1,sgFam50a,4
TCACAAGGTAAACCTC-1,1,sgFam50a,5
TCAGCAAGTAGAGGAA-1,1,sgFam50a,6
TCAGCAAGTGCCTGCA-1,1,sgFam50a,5
TCAGCTCCAACTGCGC-1,1,sgFam50a,4
TCATTTGGTTCCCGAG-1,1,sgFam50a,3
TCATTTGTCGGTCCGA-1,1,sgFam50a,4
TCATTTGTCTATCCCG-1,1,sgFam50a,7
TCCACACCAGCGATCC-1,1,sgFam50a,5
TCCACACCAGCGTCCA-1,1,sgFam50a,3
TCCCGATTCTGTCAAG-1,1,sgFam50a,3
TCGCGAGCAGGTTTCA-1,1,sgFam50a,3
TCGCGTTGTACCGTTA-1,1,sgFam50a,4
TCGGGACCATTCCTCG-1,1,sgFam50a,9
TCGGGACGTGAGGCTA-1,1,sgFam50a,3
TCGTACCCAAACGTGG-1,1,sgFam50a,17
TCGTACCTCTTCGGTC-1,1,sgFam50a,16
TCGTAGAAGGGTATCG-1,1,sgFam50a,16
TCGTAGACACTATCTT-1,1,sgFam50a,5
TCGTAGACAGCCTTGG-1,1,sgFam50a,4
TCGTAGATCTGTCAAG-1,1,sgFam50a,8
TCTATTGGTTCCACGG-1,1,sgFam50a,3
TCTCATAGTCCTGCTT-1,1,sgFam50a,9
TCTCTAACACACGCTG-1,1,sgFam50a,4
TCTCTAAGTCACCTAA-1,1,sgFam50a,3
TCTGGAACACCGGAAA-1,1,sgFam50a,6
TCTGGAAGTACCCAAT-1,1,sgFam50a,4
TCTGGAATCCCGACTT-1,1,sgFam50a,6
TCTGGAATCTGCCAGG-1,1,sgFam50a,5
TCTTCGGAGCGATATA-1,1,sgFam50a,3
TCTTCGGCATGCCACG-1,1,sgFam50a,28
TCTTCGGGTAGGGTAC-1,1,sgFam50a,13
TCTTCGGGTGGTTTCA-1,1,sgFam50a,4
TCTTCGGTCTCGCTTG-1,1,sgFam50a,3
TCTTTCCGTACAGCAG-1,1,sgFam50a,3
TCTTTCCGTAGTACCT-1,1,sgFam50a,12
TCTTTCCGTATTAGCC-1,1,sgFam50a,6
TCTTTCCTCCGCTGTT-1,1,sgFam50a,4
TCTTTCCTCCGTAGGC-1,1,sgFam50a,25
TGACAACCAAATCCGT-1,1,sgFam50a,4
TGACAACCAGACGCCT-1,1,sgFam50a,3
TGACAACTCTCTTGAT-1,1,sgFam50a,3
TGACGGCGTCATGCCG-1,1,sgFam50a,7
TGACTAGAGACTAGGC-1,1,sgFam50a,3
TGACTAGAGCCCAACC-1,1,sgFam50a,4
TGACTAGAGTTGCAGG-1,1,sgFam50a,28
TGACTAGCATCATCCC-1,1,sgFam50a,3
TGACTTTTCCACGTTC-1,1,sgFam50a,3
TGAGGGACATCGGACC-1,1,sgFam50a,3
TGATTTCTCCGTAGTA-1,1,sgFam50a,4
TGCACCTAGAGCTGGT-1,1,sgFam50a,3
TGCACCTAGTCGTTTG-1,1,sgFam50a,3
TGCACCTGTACCCAAT-1,1,sgFam50a,7
TGCACCTTCGTATCAG-1,1,sgFam50a,4
TGCCAAAAGCTACCTA-1,1,sgFam50a,4
TGCCAAAGTCAGGACA-1,1,sgFam50a,6
TGCCCATAGCGTTTAC-1,1,sgFam50a,3
TGCCCATTCACAAACC-1,1,sgFam50a,3
TGCCCTACAGCTGTGC-1,1,sgFam50a,6
TGCCCTAGTGTGTGCC-1,1,sgFam50a,3
TGCGCAGCAGAAGCAC-1,1,sgFam50a,4
TGCGCAGGTCAGATAA-1,1,sgFam50a,6
TGCGCAGGTGCAACTT-1,1,sgFam50a,4
TGCGGGTGTGGCTCCA-1,1,sgFam50a,5
TGCGTGGGTGGGTATG-1,1,sgFam50a,3
TGCTACCAGGTCATCT-1,1,sgFam50a,3
TGCTACCTCACTTATC-1,1,sgFam50a,5
TGCTGCTTCAACGCTA-1,1,sgFam50a,4
TGGCCAGCATACGCCG-1,1,sgFam50a,6
TGGCGCAGTTCTGAAC-1,1,sgFam50a,6
TGGCGCATCGTAGGTT-1,1,sgFam50a,18
TGGCTGGAGGATGCGT-1,1,sgFam50a,5
TGGCTGGAGTGTGAAT-1,1,sgFam50a,5
TGGCTGGCAGGTTTCA-1,1,sgFam50a,3
TGGCTGGCATTGGTAC-1,1,sgFam50a,4
TGGCTGGTCATCGCTC-1,1,sgFam50a,3
TGGGCGTAGCTAGGCA-1,1,sgFam50a,4
TGGGCGTAGTCTTGCA-1,1,sgFam50a,25
TGGTTAGCATAACCTG-1,1,sgFam50a,20
TGGTTAGTCACTTCAT-1,1,sgFam50a,3
TGGTTCCAGTCTCCTC-1,1,sgFam50a,19
TGTATTCGTTGGGACA-1,1,sgFam50a,4
TGTCCCAAGATGTAAC-1,1,sgFam50a,3
TGTCCCACACCGAATT-1,1,sgFam50a,5
TGTCCCATCATGTGGT-1,1,sgFam50a,3
TGTGGTAAGACGACGT-1,1,sgFam50a,7
TGTGGTACATGTCCTC-1,1,sgFam50a,4
TGTGGTAGTATCTGCA-1,1,sgFam50a,4
TGTGGTATCCACTGGG-1,1,sgFam50a,4
TGTGGTATCTCTAGGA-1,1,sgFam50a,3
TGTGTTTGTCAGGACA-1,1,sgFam50a,3
TGTGTTTGTCCGCTGA-1,1,sgFam50a,6
TTAGGACGTACTCAAC-1,1,sgFam50a,10
TTAGGACGTCCGTGAC-1,1,sgFam50a,3
TTAGGCAGTGATAAAC-1,1,sgFam50a,4
TTAGGCAGTGTAAGTA-1,1,sgFam50a,4
TTAGGCATCAGTTGAC-1,1,sgFam50a,17
TTAGTTCGTGGTGTAG-1,1,sgFam50a,3
TTATGCTAGAAGGTGA-1,1,sgFam50a,3
TTCCCAGAGACGCAAC-1,1,sgFam50a,9
TTCCCAGTCCGTACAA-1,1,sgFam50a,8
TTCGAAGTCGGCTTGG-1,1,sgFam50a,3
TTCGAAGTCTAGCACA-1,1,sgFam50a,4
TTCTACACATAGAAAC-1,1,sgFam50a,6
TTCTACACATCACAAC-1,1,sgFam50a,3
TTCTCAATCCGTAGTA-1,1,sgFam50a,3
TTCTCCTAGAAGGTGA-1,1,sgFam50a,3
TTCTCCTCACATAACC-1,1,sgFam50a,4
TTCTCCTTCCAATGGT-1,1,sgFam50a,9
TTCTTAGAGGGAGTAA-1,1,sgFam50a,19
TTCTTAGCAATGGACG-1,1,sgFam50a,3
TTCTTAGCACAGAGGT-1,1,sgFam50a,3
TTCTTAGTCCTGCAGG-1,1,sgFam50a,6
TTGAACGAGCCAGTTT-1,1,sgFam50a,3
TTGACTTCAAACTGCT-1,1,sgFam50a,3
TTGACTTTCTGCAGTA-1,1,sgFam50a,3
TTGCCGTCATAGAAAC-1,1,sgFam50a,3
TTGCCGTGTCAGAATA-1,1,sgFam50a,3
TTGCCGTTCTGTGCAA-1,1,sgFam50a,21
TTGCGTCTCTCGTATT-1,1,sgFam50a,7
TTGTAGGAGATGCCTT-1,1,sgFam50a,4
TTGTAGGAGGGTCTCC-1,1,sgFam50a,9
TTTACTGAGCAGGCTA-1,1,sgFam50a,3
TTTATGCAGGACATTA-1,1,sgFam50a,3
TTTATGCAGTGACTCT-1,1,sgFam50a,3
TTTATGCCATTAGCCA-1,1,sgFam50a,5
TTTATGCTCGTACCGG-1,1,sgFam50a,4
TTTCCTCAGACTAGAT-1,1,sgFam50a,28
TTTGCGCAGAGAGCTC-1,1,sgFam50a,3
TTTGGTTTCGTGGGAA-1,1,sgFam50a,22
AAAGATGCACGGTAAG-2,1,sgFam50a,5
AAAGATGCATCCTTGC-2,1,sgFam50a,3
AAAGATGTCACGATGT-2,1,sgFam50a,4
AAAGCAACATGCATGT-2,1,sgFam50a,3
AAAGCAATCTGTTGAG-2,1,sgFam50a,4
AAAGTAGAGCTCTCGG-2,1,sgFam50a,3
AAAGTAGGTACATCCA-2,1,sgFam50a,4
AAAGTAGTCGAGCCCA-2,1,sgFam50a,3
AACACGTGTTCCGGCA-2,1,sgFam50a,7
AACACGTTCAAGGTAA-2,1,sgFam50a,6
AACCATGAGGGTGTTG-2,1,sgFam50a,4
AACCATGCAGCATGAG-2,1,sgFam50a,4
AACCATGCATCGGTTA-2,1,sgFam50a,3
AACTCAGTCGATAGAA-2,1,sgFam50a,3
AACTTTCCACACTGCG-2,1,sgFam50a,3
AAGGTTCCAATACGCT-2,1,sgFam50a,4
AAGGTTCGTGGGTATG-2,1,sgFam50a,6
AAGGTTCGTTTGGCGC-2,1,sgFam50a,7
AAGTCTGCATCCGCGA-2,1,sgFam50a,4
AAGTCTGCATTCGACA-2,1,sgFam50a,4
AAGTCTGTCAGTCCCT-2,1,sgFam50a,3
AATCCAGAGACCACGA-2,1,sgFam50a,3
AATCCAGAGATCGATA-2,1,sgFam50a,3
AATCCAGAGGGCATGT-2,1,sgFam50a,8
AATCCAGTCAATAAGG-2,1,sgFam50a,4
ACACCCTAGGGTATCG-2,1,sgFam50a,6
ACACCCTGTCTGCGGT-2,1,sgFam50a,5
ACACCGGCACATTAGC-2,1,sgFam50a,31
ACACTGAAGAGAGCTC-2,1,sgFam50a,3
ACAGCCGAGATGTTAG-2,1,sgFam50a,4
ACAGCCGTCGCCAAAT-2,1,sgFam50a,5
ACATACGCAGGACCCT-2,1,sgFam50a,14
ACATCAGCAACTGCGC-2,1,sgFam50a,13
ACATGGTGTTCTGGTA-2,1,sgFam50a,12
ACATGGTTCATACGGT-2,1,sgFam50a,15
ACCAGTAAGGGTCTCC-2,1,sgFam50a,3
ACCAGTAAGTGAACAT-2,1,sgFam50a,5
ACCAGTAGTACAGTGG-2,1,sgFam50a,3
ACCAGTATCCTTGCCA-2,1,sgFam50a,4
ACCGTAACAGTGAGTG-2,1,sgFam50a,4
ACCGTAATCCTCAACC-2,1,sgFam50a,3
ACCTTTAAGTTGTCGT-2,1,sgFam50a,10
ACGAGCCGTGGTGTAG-2,1,sgFam50a,4
ACGAGGACAGACTCGC-2,1,sgFam50a,12
ACGAGGAGTGTAACGG-2,1,sgFam50a,25
ACGATACTCTCGTTTA-2,1,sgFam50a,3
ACGATGTTCGCCTGAG-2,1,sgFam50a,4
ACGCCAGAGATCGGGT-2,1,sgFam50a,27
ACGCCAGGTGGCGAAT-2,1,sgFam50a,9
ACGCCGAAGTTTAGGA-2,1,sgFam50a,3
ACGCCGACAAAGGAAG-2,1,sgFam50a,4
ACGCCGATCGTCTGAA-2,1,sgFam50a,10
ACGCCGATCTTGTCAT-2,1,sgFam50a,8
ACGGAGACAGGTCTCG-2,1,sgFam50a,3
ACGGCCAAGGCCCTCA-2,1,sgFam50a,4
ACGGCCACATTGAGCT-2,1,sgFam50a,7
ACGGGCTCACCTTGTC-2,1,sgFam50a,4
ACGGGCTCATACGCCG-2,1,sgFam50a,4
ACGGGTCCAAGCGATG-2,1,sgFam50a,5
ACGTCAAAGTCCGGTC-2,1,sgFam50a,4
ACTATCTAGCGTCAAG-2,1,sgFam50a,3
ACTATCTGTCTGATTG-2,1,sgFam50a,4
ACTATCTTCGCTTAGA-2,1,sgFam50a,6
ACTGAACCAAGACGTG-2,1,sgFam50a,3
ACTGAACTCCGAATGT-2,1,sgFam50a,4
ACTGAGTTCCAAAGTC-2,1,sgFam50a,4
ACTGATGGTGGCGAAT-2,1,sgFam50a,15
ACTGCTCGTTTAGCTG-2,1,sgFam50a,5
ACTTACTTCTTGACGA-2,1,sgFam50a,3
ACTTGTTAGTGTCCAT-2,1,sgFam50a,4
ACTTGTTCAGATAATG-2,1,sgFam50a,8
ACTTGTTCAGCCTATA-2,1,sgFam50a,11
ACTTGTTGTGTGGCTC-2,1,sgFam50a,5
ACTTTCACAAACCCAT-2,1,sgFam50a,5
ACTTTCACAAACGCGA-2,1,sgFam50a,8
AGACGTTGTGACTACT-2,1,sgFam50a,8
AGAGCTTTCTCTTGAT-2,1,sgFam50a,14
AGATTGCCACGACGAA-2,1,sgFam50a,3
AGCAGCCAGGAGTTGC-2,1,sgFam50a,3
AGCAGCCCAATGGATA-2,1,sgFam50a,11
AGCAGCCCATTCTCAT-2,1,sgFam50a,5
AGCATACCACAGCCCA-2,1,sgFam50a,3
AGCCTAAAGTACGCCC-2,1,sgFam50a,6
AGCCTAACACGGATAG-2,1,sgFam50a,3
AGCCTAAGTGCTCTTC-2,1,sgFam50a,5
AGCGTATCACATAACC-2,1,sgFam50a,10
AGCGTCGCAGGGTTAG-2,1,sgFam50a,3
AGCTCCTCAGCCTTGG-2,1,sgFam50a,4
AGCTTGAAGTCAAGGC-2,1,sgFam50a,3
AGCTTGACAGATCTGT-2,1,sgFam50a,9
AGCTTGAGTCGGATCC-2,1,sgFam50a,6
AGCTTGAGTTCACCTC-2,1,sgFam50a,20
AGCTTGATCCTCAATT-2,1,sgFam50a,4
AGGCCACAGCCATCGC-2,1,sgFam50a,21
AGGCCACAGGTGCACA-2,1,sgFam50a,6
AGGCCGTAGCTTTGGT-2,1,sgFam50a,3
AGGCCGTAGGGATCTG-2,1,sgFam50a,17
AGGCCGTCAGTCGATT-2,1,sgFam50a,3
AGGGAGTCACATGTGT-2,1,sgFam50a,6
AGGGAGTCACTCAGGC-2,1,sgFam50a,3
AGGTCCGTCCAGAAGG-2,1,sgFam50a,8
AGGTCCGTCGGCTACG-2,1,sgFam50a,3
AGGTCCGTCTCAAGTG-2,1,sgFam50a,6
AGTCTTTAGCGTCAAG-2,1,sgFam50a,4
AGTCTTTCAACGATGG-2,1,sgFam50a,5
AGTGAGGTCCAAGTAC-2,1,sgFam50a,8
AGTGGGAGTAGTAGTA-2,1,sgFam50a,11
AGTTGGTCAGCGAACA-2,1,sgFam50a,3
ATAAGAGCAAAGGAAG-2,1,sgFam50a,3
ATAAGAGGTCGCCATG-2,1,sgFam50a,4
ATAAGAGTCCCGACTT-2,1,sgFam50a,3
ATAAGAGTCGCTAGCG-2,1,sgFam50a,5
ATCACGACAGATCGGA-2,1,sgFam50a,5
ATCACGATCTTGGGTA-2,1,sgFam50a,7
ATCATCTCAACACCCG-2,1,sgFam50a,5
ATCATCTGTTCCATGA-2,1,sgFam50a,4
ATCATGGCAGCTGCTG-2,1,sgFam50a,3
ATCATGGGTGTGAAAT-2,1,sgFam50a,3
ATCATGGGTTGATTGC-2,1,sgFam50a,4
ATCCACCGTGGTCTCG-2,1,sgFam50a,14
ATCGAGTAGCCGTCGT-2,1,sgFam50a,4
ATCGAGTGTACGAAAT-2,1,sgFam50a,3
ATCTACTCAGCATGAG-2,1,sgFam50a,3
ATCTACTTCCACGACG-2,1,sgFam50a,9
ATCTACTTCCACGCAG-2,1,sgFam50a,6
ATCTACTTCTCGTATT-2,1,sgFam50a,6
ATCTGCCTCAAGCCTA-2,1,sgFam50a,11
ATGAGGGGTCCAGTAT-2,1,sgFam50a,14
ATGAGGGTCAAGGCTT-2,1,sgFam50a,3
ATGGGAGGTAGAAGGA-2,1,sgFam50a,3
ATGTGTGCACCAACCG-2,1,sgFam50a,3
ATGTGTGCACGAGAGT-2,1,sgFam50a,6
ATGTGTGGTGCGAAAC-2,1,sgFam50a,4
ATTATCCCAGGTCCAC-2,1,sgFam50a,6
ATTCTACGTAAAGTCA-2,1,sgFam50a,6
ATTGGTGAGCTTCGCG-2,1,sgFam50a,5
ATTTCTGTCTACGAGT-2,1,sgFam50a,7
CAACCAACAGCATGAG-2,1,sgFam50a,6
CAACTAGAGGTGCTAG-2,1,sgFam50a,3
CAAGATCAGGGCATGT-2,1,sgFam50a,8
CAAGTTGCAATGGTCT-2,1,sgFam50a,8
CAAGTTGGTGAAAGAG-2,1,sgFam50a,3
CACAAACTCGGAAACG-2,1,sgFam50a,3
CACACCTGTTTGGCGC-2,1,sgFam50a,3
CACACCTTCACGCGGT-2,1,sgFam50a,9
CACACTCTCTACTATC-2,1,sgFam50a,4
CACAGGCTCAACCAAC-2,1,sgFam50a,14
CACAGGCTCCCAACGG-2,1,sgFam50a,9
CACATAGGTCTTTCAT-2,1,sgFam50a,5
CACATAGTCAGCCTAA-2,1,sgFam50a,5
CACATAGTCAGTCCCT-2,1,sgFam50a,5
CACATTTAGACGACGT-2,1,sgFam50a,6
CACCAGGGTACCGTTA-2,1,sgFam50a,3
CACCTTGCAAGCCCAC-2,1,sgFam50a,11
CACCTTGGTAGGCATG-2,1,sgFam50a,5
CAGAATCAGCATCATC-2,1,sgFam50a,3
CAGAATCCATGGGACA-2,1,sgFam50a,4
CAGAATCTCTCTTGAT-2,1,sgFam50a,10
CAGAGAGTCGACCAGC-2,1,sgFam50a,3
CAGATCATCAAGCCTA-2,1,sgFam50a,3
CAGATCATCATCGGAT-2,1,sgFam50a,13
CAGATCATCCCGGATG-2,1,sgFam50a,3
CAGCAGCTCTGCTTGC-2,1,sgFam50a,4
CAGCATAAGAATGTGT-2,1,sgFam50a,4
CAGCATAAGCACCGTC-2,1,sgFam50a,3
CAGCATAAGGGCATGT-2,1,sgFam50a,11
CAGCCGATCCACGACG-2,1,sgFam50a,3
CAGCGACCATGGTCAT-2,1,sgFam50a,7
CAGCTAAAGGCCCGTT-2,1,sgFam50a,10
CAGCTAAAGTGACATA-2,1,sgFam50a,3
CAGCTAAGTACTTGAC-2,1,sgFam50a,9
CAGCTAAGTCGACTGC-2,1,sgFam50a,3
CAGCTAATCAGCTCTC-2,1,sgFam50a,5
CAGGTGCCACGGTTTA-2,1,sgFam50a,3
CAGTAACCATACGCTA-2,1,sgFam50a,3
CATATGGTCTTGTCAT-2,1,sgFam50a,3
CATCAAGAGCCCAATT-2,1,sgFam50a,7
CATCAGAAGCACAGGT-2,1,sgFam50a,3
CATCAGACACAGGTTT-2,1,sgFam50a,6
CATCAGACATTGGTAC-2,1,sgFam50a,4
CATCAGAGTTATTCTC-2,1,sgFam50a,5
CATCAGAGTTCTGTTT-2,1,sgFam50a,6
CATCCACCACGTCAGC-2,1,sgFam50a,3
CATCCACCAGGGTTAG-2,1,sgFam50a,4
CATCCACCATCGATGT-2,1,sgFam50a,4
CATCCACGTGTGTGCC-2,1,sgFam50a,3
CATCGAACAATACGCT-2,1,sgFam50a,12
CATCGAACAGGAATGC-2,1,sgFam50a,6
CATCGGGCATGACGGA-2,1,sgFam50a,3
CATCGGGTCGGACAAG-2,1,sgFam50a,4
CATGACACATAGACTC-2,1,sgFam50a,16
CATGGCGGTCATTAGC-2,1,sgFam50a,5
CATGGCGTCTTGAGAC-2,1,sgFam50a,211
CATTATCAGCAGATCG-2,1,sgFam50a,3
CATTCGCCAACAACCT-2,1,sgFam50a,7
CATTCGCTCCGCGCAA-2,1,sgFam50a,5
CCAATCCTCATAAAGG-2,1,sgFam50a,3
CCACGGAAGCGTAGTG-2,1,sgFam50a,8
CCACGGACAACTGCTA-2,1,sgFam50a,4
CCACTACTCACGCATA-2,1,sgFam50a,5
CCAGCGAAGTCCAGGA-2,1,sgFam50a,3
CCAGCGAGTCTGGTCG-2,1,sgFam50a,3
CCATTCGGTATAGGTA-2,1,sgFam50a,5
CCCAATCAGAAACGAG-2,1,sgFam50a,6
CCCAGTTGTTCCCGAG-2,1,sgFam50a,5
CCGGGATAGTACTTGC-2,1,sgFam50a,3
CCGGTAGAGGATGGTC-2,1,sgFam50a,15
CCGTGGAAGACAAAGG-2,1,sgFam50a,3
CCGTGGAGTCCGTGAC-2,1,sgFam50a,7
CCTAAAGTCCGCTGTT-2,1,sgFam50a,3
CCTAAAGTCGCTTAGA-2,1,sgFam50a,7
CCTAAAGTCGTAGATC-2,1,sgFam50a,3
CCTACACAGCAATATG-2,1,sgFam50a,9
CCTACACGTCTTCAAG-2,1,sgFam50a,3
CCTACCAAGAATGTGT-2,1,sgFam50a,9
CCTACCAAGATGAGAG-2,1,sgFam50a,8
CCTACCACAAACGCGA-2,1,sgFam50a,7
CCTACCAGTTTGGCGC-2,1,sgFam50a,3
CCTCAGTCAGGGAGAG-2,1,sgFam50a,4
CCTCTGAAGCGCCTTG-2,1,sgFam50a,3
CCTCTGAGTCTCTTTA-2,1,sgFam50a,8
CCTCTGAGTTCGGCAC-2,1,sgFam50a,13
CCTTACGGTGCAGGTA-2,1,sgFam50a,7
CCTTCCCAGTAGCGGT-2,1,sgFam50a,3
CCTTCCCCAAGCTGAG-2,1,sgFam50a,3
CCTTTCTCAGTGAGTG-2,1,sgFam50a,4
CGAACATAGCCTATGT-2,1,sgFam50a,15
CGACCTTTCCGCGTTT-2,1,sgFam50a,4
CGACCTTTCGGACAAG-2,1,sgFam50a,3
CGACTTCAGAATAGGG-2,1,sgFam50a,3
CGACTTCGTGCAGGTA-2,1,sgFam50a,3
CGAGCCAAGATAGGAG-2,1,sgFam50a,3
CGAGCCAAGGAATCGC-2,1,sgFam50a,4
CGATCGGGTCTCCCTA-2,1,sgFam50a,4
CGATGTACAGTGAGTG-2,1,sgFam50a,3
CGATTGAGTGTGAATA-2,1,sgFam50a,5
CGATTGATCACCGGGT-2,1,sgFam50a,5
CGCCAAGCACCGATAT-2,1,sgFam50a,4
CGCCAAGTCCAGAAGG-2,1,sgFam50a,16
CGCGGTACACTCAGGC-2,1,sgFam50a,3
CGCGGTAGTCCTCTTG-2,1,sgFam50a,3
CGCGTTTGTGAGCGAT-2,1,sgFam50a,3
CGCTATCAGCTCCTTC-2,1,sgFam50a,3
CGCTATCGTAAGTTCC-2,1,sgFam50a,3
CGCTTCACAGTATAAG-2,1,sgFam50a,7
CGCTTCAGTCACTTCC-2,1,sgFam50a,4
CGCTTCAGTTCGTGAT-2,1,sgFam50a,9
CGGACACGTCACTGGC-2,1,sgFam50a,5
CGGACACTCTACTATC-2,1,sgFam50a,10
CGGACTGCAGGGATTG-2,1,sgFam50a,3
CGGACTGCATCCAACA-2,1,sgFam50a,7
CGGAGTCTCAACACCA-2,1,sgFam50a,3
CGGCTAGAGCCAGTTT-2,1,sgFam50a,6
CGGCTAGAGGGTATCG-2,1,sgFam50a,4
CGGCTAGTCGCAGGCT-2,1,sgFam50a,4
CGGGTCAAGTTGAGAT-2,1,sgFam50a,3
CGGTTAAAGGCGCTCT-2,1,sgFam50a,4
CGGTTAATCACGCGGT-2,1,sgFam50a,8
CGTAGCGTCAGCTTAG-2,1,sgFam50a,4
CGTCACTGTACTTAGC-2,1,sgFam50a,6
CGTCACTGTTACTGAC-2,1,sgFam50a,15
CGTCAGGAGATGTGGC-2,1,sgFam50a,3
CGTCAGGGTCAGGACA-2,1,sgFam50a,3
CGTCCATCATAGAAAC-2,1,sgFam50a,5
CGTGAGCTCTCGAGTA-2,1,sgFam50a,5
CGTGTAAAGGGATGGG-2,1,sgFam50a,7
CGTGTCTAGAAGGTGA-2,1,sgFam50a,9
CGTGTCTTCGGCGCAT-2,1,sgFam50a,7
CGTTGGGTCACATAGC-2,1,sgFam50a,3
CTAACTTAGAGCCCAA-2,1,sgFam50a,4
CTAACTTTCAAACAAG-2,1,sgFam50a,3
CTAAGACAGGGTCGAT-2,1,sgFam50a,12
CTAAGACAGTCATGCT-2,1,sgFam50a,8
CTAAGACCACACCGAC-2,1,sgFam50a,3
CTAAGACCACAGACAG-2,1,sgFam50a,3
CTAAGACCACATGGGA-2,1,sgFam50a,3
CTAAGACTCGTAGGAG-2,1,sgFam50a,3
CTAATGGGTCTCTTAT-2,1,sgFam50a,3
CTACACCGTAGAAAGG-2,1,sgFam50a,3
CTACATTCACGTTGGC-2,1,sgFam50a,28
CTACATTGTCGGCTCA-2,1,sgFam50a,21
CTACATTTCCTACAGA-2,1,sgFam50a,4
CTACATTTCGCTTGTC-2,1,sgFam50a,6
CTACGTCAGCTAAACA-2,1,sgFam50a,9
CTAGAGTAGAGGTTGC-2,1,sgFam50a,5
CTAGCCTAGGAATTAC-2,1,sgFam50a,3
CTAGTGAAGGATGCGT-2,1,sgFam50a,3
CTCACACAGACAGACC-2,1,sgFam50a,4
CTCACACTCTATCCCG-2,1,sgFam50a,5
CTCAGAAGTCTCTCGT-2,1,sgFam50a,4
CTCATTACACACGCTG-2,1,sgFam50a,9
CTCATTAGTCTTGCGG-2,1,sgFam50a,7
CTCCTAGAGTAGGCCA-2,1,sgFam50a,3
CTCGAAACAAGAGTCG-2,1,sgFam50a,4
CTCGAAATCCCAAGAT-2,1,sgFam50a,3
CTCGAGGCACCTTGTC-2,1,sgFam50a,3
CTCGAGGGTCCGAACC-2,1,sgFam50a,33
CTCGGAGAGACTTTCG-2,1,sgFam50a,9
CTCGGAGTCGCAAACT-2,1,sgFam50a,3
CTCGGGAGTCGGATCC-2,1,sgFam50a,3
CTCGTACAGCGGATCA-2,1,sgFam50a,3
CTCGTACAGTACGACG-2,1,sgFam50a,5
CTCGTACGTTGAGTTC-2,1,sgFam50a,3
CTCGTACTCACGATGT-2,1,sgFam50a,3
CTCGTCAGTAAAGGAG-2,1,sgFam50a,4
CTCGTCAGTACATGTC-2,1,sgFam50a,6
CTCTAATAGCCCAATT-2,1,sgFam50a,3
CTCTACGTCTTACCTA-2,1,sgFam50a,3
CTCTGGTCATTGAGCT-2,1,sgFam50a,5
CTCTGGTGTGTTCTTT-2,1,sgFam50a,3
CTCTGGTTCTTACCGC-2,1,sgFam50a,3
CTGAAACAGCTACCGC-2,1,sgFam50a,4
CTGAAACCAGTGGGAT-2,1,sgFam50a,5
CTGATAGCACTTGGAT-2,1,sgFam50a,3
CTGATAGGTACGACCC-2,1,sgFam50a,3
CTGATCCCACCCATGG-2,1,sgFam50a,3
CTGATCCTCTTCCTTC-2,1,sgFam50a,4
CTGCCTAAGCTAGTTC-2,1,sgFam50a,3
CTGCCTATCTTATCTG-2,1,sgFam50a,9
CTGCGGAGTGAGCGAT-2,1,sgFam50a,3
CTGCGGAGTTTGGCGC-2,1,sgFam50a,3
CTGCGGATCGAGCCCA-2,1,sgFam50a,3
CTGCTGTGTGTGGCTC-2,1,sgFam50a,4
CTGGTCTTCTTGAGGT-2,1,sgFam50a,3
CTGTGCTAGAGTTGGC-2,1,sgFam50a,3
CTGTTTAAGAGGTAGA-2,1,sgFam50a,10
CTGTTTAGTGATAAAC-2,1,sgFam50a,4
CTGTTTAGTGTTGAGG-2,1,sgFam50a,3
CTTAACTGTCAGAATA-2,1,sgFam50a,11
CTTACCGAGTCCGGTC-2,1,sgFam50a,23
CTTACCGTCCGTCAAA-2,1,sgFam50a,3
CTTACCGTCTTTAGTC-2,1,sgFam50a,3
CTTAGGATCCTTTCTC-2,1,sgFam50a,3
CTTAGGATCTGCCCTA-2,1,sgFam50a,3
CTTCTCTGTAAAGGAG-2,1,sgFam50a,16
CTTGGCTAGGGATGGG-2,1,sgFam50a,5
CTTGGCTCAATGGACG-2,1,sgFam50a,5
CTTTGCGAGTCCTCCT-2,1,sgFam50a,3
CTTTGCGCAGAGTGTG-2,1,sgFam50a,5
CTTTGCGGTAAACACA-2,1,sgFam50a,5
GAAATGAAGGCAATTA-2,1,sgFam50a,10
GAACCTACAAGCCTAT-2,1,sgFam50a,6
GAACCTAGTACCGGCT-2,1,sgFam50a,4
GAACCTATCTTAGAGC-2,1,sgFam50a,3
GAACGGAAGTAGCCGA-2,1,sgFam50a,6
GAAGCAGAGAGACTTA-2,1,sgFam50a,12
GAATAAGAGTACGCGA-2,1,sgFam50a,16
GAATAAGGTATGAATG-2,1,sgFam50a,3
GAATAAGGTCCTGCTT-2,1,sgFam50a,5
GAATGAAAGAGTACAT-2,1,sgFam50a,13
GACACGCCAATAGCGG-2,1,sgFam50a,3
GACACGCTCTCTGCTG-2,1,sgFam50a,3
GACAGAGCACCTCGTT-2,1,sgFam50a,3
GACCAATCAGCTGTGC-2,1,sgFam50a,4
GACCAATCATCCGTGG-2,1,sgFam50a,4
GACCAATGTAAGAGGA-2,1,sgFam50a,3
GACCAATTCGATGAGG-2,1,sgFam50a,4
GACCTGGAGTTGTCGT-2,1,sgFam50a,29
GACGCGTAGTAAGTAC-2,1,sgFam50a,8
GACGGCTAGTTACGGG-2,1,sgFam50a,3
GACGTTACAATCCAAC-2,1,sgFam50a,5
GACTAACTCAGTCCCT-2,1,sgFam50a,5
GACTAACTCGACCAGC-2,1,sgFam50a,6
GACTACAGTCTAACGT-2,1,sgFam50a,5
GACTACATCACCGTAA-2,1,sgFam50a,3
GACTACATCCTTTCGG-2,1,sgFam50a,3
GACTGCGAGCGTAATA-2,1,sgFam50a,3
GACTGCGCACAAGACG-2,1,sgFam50a,4
GACTGCGCAGCTGTGC-2,1,sgFam50a,3
GACTGCGGTCTAGCGC-2,1,sgFam50a,4
GACTGCGTCCCGGATG-2,1,sgFam50a,3
GAGGTGACAGGACCCT-2,1,sgFam50a,3
GAGTCCGAGGCCGAAT-2,1,sgFam50a,3
GAGTCCGAGGCTAGGT-2,1,sgFam50a,7
GAGTCCGCAAACCCAT-2,1,sgFam50a,13
GAGTCCGCAGTTCCCT-2,1,sgFam50a,3
GATCAGTCAAGTAGTA-2,1,sgFam50a,3
GATCAGTGTTCAGGCC-2,1,sgFam50a,3
GATCAGTTCCTAGAAC-2,1,sgFam50a,4
GATCGATAGCTAGTCT-2,1,sgFam50a,3
GATCGATTCTACCTGC-2,1,sgFam50a,3
GATCGCGAGGTGGGTT-2,1,sgFam50a,16
GATCGTAAGCAATATG-2,1,sgFam50a,4
GATCGTAGTCTAAACC-2,1,sgFam50a,7
GATCTAGAGAGGTACC-2,1,sgFam50a,8
GATCTAGTCAGGCCCA-2,1,sgFam50a,4
GATCTAGTCTTAGAGC-2,1,sgFam50a,12
GATGAAAGTGATAAGT-2,1,sgFam50a,3
GATGAGGCAAGCGCTC-2,1,sgFam50a,4
GATGAGGTCTACTTAC-2,1,sgFam50a,3
GATGCTAAGGCCGAAT-2,1,sgFam50a,15
GATGCTACAGACAAGC-2,1,sgFam50a,10
GATGCTACATTACGAC-2,1,sgFam50a,5
GATGCTATCCCGACTT-2,1,sgFam50a,5
GATTCAGAGAACAATC-2,1,sgFam50a,14
GATTCAGAGAGGACGG-2,1,sgFam50a,3
GCAAACTAGGGTGTGT-2,1,sgFam50a,4
GCAAACTAGTAGCGGT-2,1,sgFam50a,5
GCAAACTCAGGGATTG-2,1,sgFam50a,6
GCAATCAAGCGTCTAT-2,1,sgFam50a,4
GCAATCAGTAGCGATG-2,1,sgFam50a,22
GCACATAAGACAGGCT-2,1,sgFam50a,22
GCACATACAGGTCTCG-2,1,sgFam50a,7
GCACATATCTGTTTGT-2,1,sgFam50a,6
GCACTCTGTAGGCTGA-2,1,sgFam50a,4
GCAGCCACAGACGCCT-2,1,sgFam50a,10
GCAGCCAGTGTTTGGT-2,1,sgFam50a,5
GCAGTTAGTACGACCC-2,1,sgFam50a,4
GCAGTTAGTTGGTAAA-2,1,sgFam50a,4
GCAGTTATCTACTATC-2,1,sgFam50a,4
GCATACACATTCTCAT-2,1,sgFam50a,3
GCATACACATTTGCCC-2,1,sgFam50a,8
GCATACAGTGCAGGTA-2,1,sgFam50a,4
GCATACATCAGTACGT-2,1,sgFam50a,4
GCATGATAGGACACCA-2,1,sgFam50a,6
GCATGCGCAAGCGTAG-2,1,sgFam50a,4
GCATGTAAGAGAGCTC-2,1,sgFam50a,12
GCATGTAGTTTGTTGG-2,1,sgFam50a,4
GCCAAATAGCCCTAAT-2,1,sgFam50a,3
GCCAAATTCGTTGCCT-2,1,sgFam50a,4
GCCTCTAAGCGAGAAA-2,1,sgFam50a,9
GCCTCTACATGACGGA-2,1,sgFam50a,7
GCGAGAAGTACTCTCC-2,1,sgFam50a,4
GCGCAACAGGTAGCTG-2,1,sgFam50a,5
GCGCAACCACAGACTT-2,1,sgFam50a,5
GCGCAGTTCGGCGCAT-2,1,sgFam50a,12
GCGCCAAAGACCCACC-2,1,sgFam50a,3
GCGCCAAAGAGGTACC-2,1,sgFam50a,15
GCGCGATAGATGTGTA-2,1,sgFam50a,3
GCGCGATCACAGGCCT-2,1,sgFam50a,6
GCGGGTTCACGCATCG-2,1,sgFam50a,17
GCGGGTTTCAACTCTT-2,1,sgFam50a,10
GCTCCTAAGGGCTTCC-2,1,sgFam50a,3
GCTCCTATCACAAACC-2,1,sgFam50a,3
GCTCCTATCAGCACAT-2,1,sgFam50a,7
GCTCTGTAGCCCAACC-2,1,sgFam50a,3
GCTCTGTCAGCCAATT-2,1,sgFam50a,3
GCTGCGAAGGGATGGG-2,1,sgFam50a,4
GCTGCTTGTCGCTTCT-2,1,sgFam50a,7
GCTGGGTCATGGTCTA-2,1,sgFam50a,5
GCTTCCACACGGTTTA-2,1,sgFam50a,3
GCTTCCACAGCCAGAA-2,1,sgFam50a,3
GCTTCCAGTGACGGTA-2,1,sgFam50a,3
GCTTCCATCCGCATAA-2,1,sgFam50a,3
GGAAAGCGTTGGACCC-2,1,sgFam50a,3
GGAAAGCTCTTGTCAT-2,1,sgFam50a,3
GGAACTTAGCAGGCTA-2,1,sgFam50a,39
GGAACTTAGGGTTCCC-2,1,sgFam50a,5
GGAACTTGTGATAAGT-2,1,sgFam50a,3
GGAACTTGTTTGTGTG-2,1,sgFam50a,4
GGAATAACAGCTGTAT-2,1,sgFam50a,3
GGAATAATCCTTTCTC-2,1,sgFam50a,3
GGACAAGTCTTGTTTG-2,1,sgFam50a,3
GGACATTAGCTAGGCA-2,1,sgFam50a,9
GGACATTGTTCGTCTC-2,1,sgFam50a,5
GGACATTTCATCTGCC-2,1,sgFam50a,3
GGACATTTCGCCAGCA-2,1,sgFam50a,5
GGACGTCGTCTCATCC-2,1,sgFam50a,4
GGAGCAACATTCCTCG-2,1,sgFam50a,5
GGAGCAATCTCTGTCG-2,1,sgFam50a,4
GGATTACCACCGCTAG-2,1,sgFam50a,4
GGCAATTCACGAGGTA-2,1,sgFam50a,60
GGCAATTCACTCTGTC-2,1,sgFam50a,4
GGCAATTGTACCTACA-2,1,sgFam50a,3
GGCAATTGTCCAGTGC-2,1,sgFam50a,3
GGCAATTGTCTTTCAT-2,1,sgFam50a,6
GGCAATTTCCTATGTT-2,1,sgFam50a,3
GGCCGATCAGGTTTCA-2,1,sgFam50a,3
GGCCGATCATTCCTGC-2,1,sgFam50a,3
GGCGACTAGGATGGAA-2,1,sgFam50a,6
GGCTCGAAGGATCGCA-2,1,sgFam50a,3
GGCTCGATCGCACTCT-2,1,sgFam50a,5
GGCTGGTAGTTTAGGA-2,1,sgFam50a,4
GGCTGGTGTGACGCCT-2,1,sgFam50a,4
GGGAATGGTATAGTAG-2,1,sgFam50a,5
GGGACCTCAGTAAGCG-2,1,sgFam50a,4
GGGACCTTCTAACTGG-2,1,sgFam50a,18
GGGAGATGTGCAGACA-2,1,sgFam50a,3
GGGAGATTCGTCCGTT-2,1,sgFam50a,5
GGGATGAGTACGCTGC-2,1,sgFam50a,3
GGGATGAGTGTCCTCT-2,1,sgFam50a,8
GGGATGAGTTCAGTAC-2,1,sgFam50a,3
GGGATGATCACGCGGT-2,1,sgFam50a,3
GGGATGATCTCAAGTG-2,1,sgFam50a,4
GGGCATCAGGCTACGA-2,1,sgFam50a,3
GGGTCTGAGTACTTGC-2,1,sgFam50a,3
GGGTTGCGTTCGTGAT-2,1,sgFam50a,4
GGGTTGCTCCACTGGG-2,1,sgFam50a,3
GGGTTGCTCTTGACGA-2,1,sgFam50a,3
GGTATTGGTAGCCTAT-2,1,sgFam50a,3
GGTATTGTCCCTTGCA-2,1,sgFam50a,6
GGTGAAGTCTGCTGCT-2,1,sgFam50a,3
GGTGTTACAAGGTGTG-2,1,sgFam50a,4
GTACTTTAGCGTAGTG-2,1,sgFam50a,3
GTATCTTGTCGGCATC-2,1,sgFam50a,3
GTATTCTAGGCGCTCT-2,1,sgFam50a,7
GTCAAGTGTCCGACGT-2,1,sgFam50a,4
GTCAAGTGTCGAGATG-2,1,sgFam50a,3
GTCAAGTTCAATAAGG-2,1,sgFam50a,5
GTCAAGTTCACAGGCC-2,1,sgFam50a,5
GTCAAGTTCTGCGTAA-2,1,sgFam50a,10
GTCACGGAGCTATGCT-2,1,sgFam50a,4
GTCACGGCAGGTGGAT-2,1,sgFam50a,3
GTCATTTGTTCTGTTT-2,1,sgFam50a,3
GTCCTCAAGAACAACT-2,1,sgFam50a,3
GTCCTCAAGGCGCTCT-2,1,sgFam50a,7
GTCGGGTCAATCACAC-2,1,sgFam50a,3
GTCGGGTTCTTACCTA-2,1,sgFam50a,3
GTCTCGTTCTTACCTA-2,1,sgFam50a,32
GTCTTCGGTCAGAATA-2,1,sgFam50a,3
GTCTTCGTCATAGCAC-2,1,sgFam50a,4
GTGCAGCCAGACAAGC-2,1,sgFam50a,3
GTGCAGCGTATGCTTG-2,1,sgFam50a,3
GTGCAGCTCGGAATCT-2,1,sgFam50a,3
GTGCATAGTCCGAACC-2,1,sgFam50a,9
GTGCGGTCAGGCTCAC-2,1,sgFam50a,3
GTGCGGTTCCTTAATC-2,1,sgFam50a,3
GTGCTTCCATCGGGTC-2,1,sgFam50a,3
GTGGGTCAGAGCTATA-2,1,sgFam50a,9
GTGGGTCAGGAGTAGA-2,1,sgFam50a,4
GTGGGTCCAATGTTGC-2,1,sgFam50a,4
GTGGGTCCACCTATCC-2,1,sgFam50a,3
GTGTGCGAGGTGCTAG-2,1,sgFam50a,52
GTGTTAGAGCCAGGAT-2,1,sgFam50a,8
GTGTTAGGTATGAATG-2,1,sgFam50a,4
GTGTTAGGTCAGCTAT-2,1,sgFam50a,12
GTGTTAGGTCTAGTGT-2,1,sgFam50a,3
GTTAAGCCACCGTTGG-2,1,sgFam50a,4
GTTACAGCACACATGT-2,1,sgFam50a,4
GTTACAGGTCAGATAA-2,1,sgFam50a,10
GTTACAGGTCTCACCT-2,1,sgFam50a,5
GTTACAGGTGTAATGA-2,1,sgFam50a,10
GTTCGGGAGGTGATTA-2,1,sgFam50a,6
GTTCGGGCAACAACCT-2,1,sgFam50a,3
GTTCGGGTCTCACATT-2,1,sgFam50a,4
GTTCTCGAGTTCCACA-2,1,sgFam50a,3
GTTTCTAGTTGGAGGT-2,1,sgFam50a,5
TAAGAGAAGCAATATG-2,1,sgFam50a,4
TAAGCGTTCTTCCTTC-2,1,sgFam50a,10
TAAGTGCCAAACCCAT-2,1,sgFam50a,4
TAAGTGCGTTGCCTCT-2,1,sgFam50a,5
TACACGAAGCAACGGT-2,1,sgFam50a,4
TACACGACATCACGTA-2,1,sgFam50a,4
TACAGTGCAGCCAGAA-2,1,sgFam50a,4
TACAGTGTCCTTCAAT-2,1,sgFam50a,5
TACCTATCACGACTCG-2,1,sgFam50a,4
TACCTTAAGACTAGGC-2,1,sgFam50a,3
TACCTTACACCCATTC-2,1,sgFam50a,7
TACCTTAGTGCCTGTG-2,1,sgFam50a,3
TACCTTATCATCATTC-2,1,sgFam50a,8
TACGGATCACGTAAGG-2,1,sgFam50a,3
TACGGATGTGTGACGA-2,1,sgFam50a,16
TACGGGCCAATACGCT-2,1,sgFam50a,4
TACGGTAAGGACACCA-2,1,sgFam50a,6
TACTCGCGTTCAACCA-2,1,sgFam50a,5
TACTCGCGTTCAGACT-2,1,sgFam50a,4
TACTTACAGATCCCGC-2,1,sgFam50a,9
TACTTACAGCTAACTC-2,1,sgFam50a,4
TACTTGTCATCGTCGG-2,1,sgFam50a,3
TACTTGTTCAGTTGAC-2,1,sgFam50a,3
TACTTGTTCCAAATGC-2,1,sgFam50a,3
TAGACCATCTGCGACG-2,1,sgFam50a,4
TAGAGCTAGTACGTTC-2,1,sgFam50a,3
TAGCCGGCACAGCGTC-2,1,sgFam50a,6
TAGCCGGGTGCTCTTC-2,1,sgFam50a,9
TAGTGGTCAATGCCAT-2,1,sgFam50a,3
TAGTTGGCACAACGTT-2,1,sgFam50a,7
TAGTTGGTCTGGTATG-2,1,sgFam50a,4
TATCAGGCATATACCG-2,1,sgFam50a,4
TATGCCCAGCCTATGT-2,1,sgFam50a,11
TATGCCCAGTGCGATG-2,1,sgFam50a,7
TATGCCCCACCTCGGA-2,1,sgFam50a,3
TCAACGAGTTAAGAAC-2,1,sgFam50a,5
TCAATCTGTTTCGCTC-2,1,sgFam50a,3
TCACGAAAGCTGAACG-2,1,sgFam50a,7
TCAGATGCACGACGAA-2,1,sgFam50a,3
TCAGCAACAGATTGCT-2,1,sgFam50a,4
TCAGCTCAGTAGGCCA-2,1,sgFam50a,3
TCAGCTCAGTGTCTCA-2,1,sgFam50a,6
TCAGCTCCAATAGAGT-2,1,sgFam50a,3
TCAGCTCTCTCACATT-2,1,sgFam50a,5
TCAGGATCAGGTCTCG-2,1,sgFam50a,3
TCAGGATGTAGCTGCC-2,1,sgFam50a,4
TCAGGATTCACTTCAT-2,1,sgFam50a,3
TCAGGTAAGTAGATGT-2,1,sgFam50a,4
TCAGGTATCGGCCGAT-2,1,sgFam50a,7
TCATTACAGAGCAATT-2,1,sgFam50a,5
TCATTACAGATCCTGT-2,1,sgFam50a,6
TCATTACAGCGTGAGT-2,1,sgFam50a,3
TCATTTGTCAGCGATT-2,1,sgFam50a,4
TCCACACCATTATCTC-2,1,sgFam50a,12
TCCACACTCCGCATCT-2,1,sgFam50a,4
TCCCGATGTTCGAATC-2,1,sgFam50a,5
TCGAGGCAGAAGCCCA-2,1,sgFam50a,5
TCGCGAGTCCTGCCAT-2,1,sgFam50a,3
TCGCGTTCAGGACCCT-2,1,sgFam50a,3
TCGCGTTGTTTGGGCC-2,1,sgFam50a,18
TCGGGACAGATATGGT-2,1,sgFam50a,16
TCGGTAAAGGATCGCA-2,1,sgFam50a,4
TCGGTAAGTCACACGC-2,1,sgFam50a,3
TCGTACCTCTGATTCT-2,1,sgFam50a,3
TCGTAGAGTTCCGGCA-2,1,sgFam50a,3
TCTATTGAGTCAAGCG-2,1,sgFam50a,3
TCTCTAAAGTGGTCCC-2,1,sgFam50a,3
TCTGAGACATTCTCAT-2,1,sgFam50a,6
TCTGAGATCGCAAGCC-2,1,sgFam50a,4
TCTGAGATCTTGCATT-2,1,sgFam50a,5
TCTGGAAAGCTAGTCT-2,1,sgFam50a,6
TCTGGAACATTAACCG-2,1,sgFam50a,13
TCTGGAAGTCAATACC-2,1,sgFam50a,6
TCTTCGGAGGCCCTCA-2,1,sgFam50a,6
TCTTCGGTCAACGGGA-2,1,sgFam50a,6
TCTTTCCCAATCGAAA-2,1,sgFam50a,5
TCTTTCCTCCGAATGT-2,1,sgFam50a,8
TGAAAGACAACTGCTA-2,1,sgFam50a,16
TGAAAGACAGGATCGA-2,1,sgFam50a,3
TGACAACGTCCATGAT-2,1,sgFam50a,3
TGACTAGTCCACGAAT-2,1,sgFam50a,3
TGAGCATTCGTGGGAA-2,1,sgFam50a,3
TGAGCCGGTTTACTCT-2,1,sgFam50a,6
TGAGGGAGTCAGCTAT-2,1,sgFam50a,3
TGAGGGAGTGATGATA-2,1,sgFam50a,3
TGAGGGAGTGTTAAGA-2,1,sgFam50a,3
TGATTTCGTAAGTGGC-2,1,sgFam50a,7
TGCCAAACATATACGC-2,1,sgFam50a,30
TGCCAAACATGTAGTC-2,1,sgFam50a,3
TGCCAAATCAGGCAAG-2,1,sgFam50a,4
TGCCAAATCATCACCC-2,1,sgFam50a,37
TGCCCATTCTACGAGT-2,1,sgFam50a,3
TGCCCTAAGGTCGGAT-2,1,sgFam50a,3
TGCGCAGCACAGAGGT-2,1,sgFam50a,3
TGCGCAGGTCTTGTCC-2,1,sgFam50a,7
TGCGGGTAGAGGTAGA-2,1,sgFam50a,3
TGCGGGTCATGGTTGT-2,1,sgFam50a,3
TGCGGGTTCGGAGGTA-2,1,sgFam50a,3
TGCGTGGAGATCACGG-2,1,sgFam50a,3
TGCGTGGCATGACGGA-2,1,sgFam50a,3
TGCGTGGGTAAATGAC-2,1,sgFam50a,4
TGCGTGGTCGGAAACG-2,1,sgFam50a,7
TGCTACCAGCTATGCT-2,1,sgFam50a,3
TGCTACCCAGTAGAGC-2,1,sgFam50a,3
TGGACGCAGGGCACTA-2,1,sgFam50a,5
TGGCCAGCAGCCAATT-2,1,sgFam50a,4
TGGCCAGGTGGCTCCA-2,1,sgFam50a,4
TGGCGCACAGTAAGCG-2,1,sgFam50a,5
TGGCTGGTCGTTTAGG-2,1,sgFam50a,10
TGGTTAGTCTGGCGTG-2,1,sgFam50a,7
TGGTTCCCATTTGCCC-2,1,sgFam50a,3
TGGTTCCTCTGCCCTA-2,1,sgFam50a,7
TGTATTCAGACTGTAA-2,1,sgFam50a,5
TGTATTCTCATCTGTT-2,1,sgFam50a,3
TGTGGTAGTGTGACGA-2,1,sgFam50a,8
TGTGGTATCTCTAGGA-2,1,sgFam50a,8
TGTGTTTAGTCGCCGT-2,1,sgFam50a,15
TTAACTCAGCTGAAAT-2,1,sgFam50a,3
TTAACTCGTCTGGAGA-2,1,sgFam50a,4
TTAACTCTCTGCAGTA-2,1,sgFam50a,23
TTAGGACCACATAACC-2,1,sgFam50a,3
TTAGGACTCGTCACGG-2,1,sgFam50a,17
TTAGTTCAGGAACTGC-2,1,sgFam50a,12
TTAGTTCAGGGATGGG-2,1,sgFam50a,12
TTAGTTCAGTGATCGG-2,1,sgFam50a,3
TTATGCTCAATGGACG-2,1,sgFam50a,3
TTCCCAGCAGGGCATA-2,1,sgFam50a,10
TTCGAAGAGGCCATAG-2,1,sgFam50a,4
TTCGGTCTCGCCAGCA-2,1,sgFam50a,4
TTCTACAAGACGCACA-2,1,sgFam50a,9
TTCTCAAAGAGCTGCA-2,1,sgFam50a,6
TTCTCAACAACGCACC-2,1,sgFam50a,5
TTCTCCTCAAGTCATC-2,1,sgFam50a,21
TTCTCCTCATACTCTT-2,1,sgFam50a,6
TTCTCCTGTGAGTGAC-2,1,sgFam50a,3
TTCTTAGTCACCTTAT-2,1,sgFam50a,4
TTGACTTAGAGACGAA-2,1,sgFam50a,4
TTGACTTGTGAGGGTT-2,1,sgFam50a,3
TTGCCGTTCGGTTAAC-2,1,sgFam50a,6
TTGGAACAGAGAGCTC-2,1,sgFam50a,3
TTGGAACAGGCGCTCT-2,1,sgFam50a,5
TTGGAACCACCGCTAG-2,1,sgFam50a,3
TTGGCAACAGTATAAG-2,1,sgFam50a,6
TTTACTGAGGTGATTA-2,1,sgFam50a,5
TTTATGCGTGACCAAG-2,1,sgFam50a,4
TTTCCTCAGACTAGAT-2,1,sgFam50a,9
TTTCCTCTCAGTACGT-2,1,sgFam50a,8
TTTGCGCGTTCAACCA-2,1,sgFam50a,3
TTTGTCATCCGTACAA-2,1,sgFam50a,5
TTTGTCATCCTAAGTG-2,1,sgFam50a,5
TTTGTCATCGGAAACG-2,1,sgFam50a,3
AAACGGGCACCACCAG-1,1,sgNC_2365,4
AAAGATGGTCTCTCTG-1,1,sgNC_2365,3
AAAGCAACACTTAAGC-1,1,sgNC_2365,5
AAAGTAGGTTGAGTTC-1,1,sgNC_2365,3
AACACGTTCAACGGCC-1,1,sgNC_2365,6
AACTCCCTCCAAGCCG-1,1,sgNC_2365,3
AACTGGTGTAGAGGAA-1,1,sgNC_2365,9
AAGCCGCTCACGACTA-1,1,sgNC_2365,3
AAGGCAGCATCTACGA-1,1,sgNC_2365,3
AAGTCTGAGGCATGTG-1,1,sgNC_2365,6
AATCCAGCATGTCCTC-1,1,sgNC_2365,6
ACAGCTAAGTCAAGCG-1,1,sgNC_2365,4
ACGGAGACACATTAGC-1,1,sgNC_2365,3
ACGGGTCAGAACAACT-1,1,sgNC_2365,3
ACGGGTCTCGACGGAA-1,1,sgNC_2365,3
ACTATCTAGATGTAAC-1,1,sgNC_2365,4
ACTGCTCAGCAATATG-1,1,sgNC_2365,5
ACTTACTGTGGACGAT-1,1,sgNC_2365,5
ACTTTCAGTCTCGTTC-1,1,sgNC_2365,3
AGACGTTAGGATATAC-1,1,sgNC_2365,5
AGCAGCCTCCTTTACA-1,1,sgNC_2365,3
AGCTTGACACGGACAA-1,1,sgNC_2365,4
AGGCCACCACGCGAAA-1,1,sgNC_2365,3
AGGGTGAAGTACGTTC-1,1,sgNC_2365,3
AGGTCATTCTGTCAAG-1,1,sgNC_2365,3
AGGTCCGTCTGGCGTG-1,1,sgNC_2365,3
AGTAGTCCACGGCCAT-1,1,sgNC_2365,3
AGTCTTTGTTGTCGCG-1,1,sgNC_2365,3
AGTGGGACAGTAAGCG-1,1,sgNC_2365,6
ATCACGAGTTATGCGT-1,1,sgNC_2365,3
ATCCGAACACATTTCT-1,1,sgNC_2365,3
ATCGAGTAGGGCATGT-1,1,sgNC_2365,3
ATCTGCCAGCGTTCCG-1,1,sgNC_2365,4
ATGCGATGTGTGTGCC-1,1,sgNC_2365,14
ATGTGTGGTCGCTTTC-1,1,sgNC_2365,4
ATTATCCGTAAACACA-1,1,sgNC_2365,5
ATTGGACAGGCGTACA-1,1,sgNC_2365,4
ATTGGTGCAACACGCC-1,1,sgNC_2365,5
CAAGGCCAGACCGGAT-1,1,sgNC_2365,5
CACATTTAGCACCGCT-1,1,sgNC_2365,4
CACCTTGCATTCCTCG-1,1,sgNC_2365,3
CACTCCAAGCGGCTTC-1,1,sgNC_2365,5
CACTCCACACTTAAGC-1,1,sgNC_2365,7
CAGCGACCATACGCCG-1,1,sgNC_2365,3
CAGCTGGAGAATTCCC-1,1,sgNC_2365,3
CAGGTGCAGGCGACAT-1,1,sgNC_2365,5
CAGTCCTGTTCAGCGC-1,1,sgNC_2365,3
CATCAAGCAGCCTTTC-1,1,sgNC_2365,7
CATCAGATCAAAGACA-1,1,sgNC_2365,3
CATCGGGAGAGACTAT-1,1,sgNC_2365,5
CATGGCGGTCATACTG-1,1,sgNC_2365,3
CCAATCCTCACCTTAT-1,1,sgNC_2365,4
CCACTACGTAGCTTGT-1,1,sgNC_2365,7
CCATGTCTCAGTGCAT-1,1,sgNC_2365,6
CCCAGTTTCTTGACGA-1,1,sgNC_2365,3
CCCATACTCATATCGG-1,1,sgNC_2365,5
CCGGTAGAGACCACGA-1,1,sgNC_2365,5
CCGTACTCAATGTAAG-1,1,sgNC_2365,5
CCGTTCATCTGTTGAG-1,1,sgNC_2365,6
CCTAAAGGTTCTGAAC-1,1,sgNC_2365,4
CCTACCAGTACTTAGC-1,1,sgNC_2365,3
CCTAGCTTCGAGAACG-1,1,sgNC_2365,5
CCTTCGAAGCACAGGT-1,1,sgNC_2365,10
CCTTCGAGTTAGGGTG-1,1,sgNC_2365,5
CGAACATCACGTCTCT-1,1,sgNC_2365,3
CGGACGTCACTTCTGC-1,1,sgNC_2365,5
CGGAGTCGTGTTCGAT-1,1,sgNC_2365,4
CGTAGCGAGTGTACTC-1,1,sgNC_2365,5
CGTGTCTCAAAGTCAA-1,1,sgNC_2365,3
CGTTGGGTCCTACAGA-1,1,sgNC_2365,3
CTACCCACACCTTGTC-1,1,sgNC_2365,4
CTAGCCTGTCTCAACA-1,1,sgNC_2365,4
CTAGTGAGTTGGAGGT-1,1,sgNC_2365,3
CTCACACCACGAGGTA-1,1,sgNC_2365,5
CTCAGAACATGTCGAT-1,1,sgNC_2365,3
CTCATTACACCATCCT-1,1,sgNC_2365,3
CTCGAAACAAGGTTTC-1,1,sgNC_2365,3
CTCGGAGTCAAGCCTA-1,1,sgNC_2365,3
CTCGTACAGTTGAGTA-1,1,sgNC_2365,3
CTCGTACTCGCATGAT-1,1,sgNC_2365,4
CTCTAATCACAAGACG-1,1,sgNC_2365,4
CTGAAGTAGTCCGGTC-1,1,sgNC_2365,4
CTGAAGTGTCATACTG-1,1,sgNC_2365,3
CTGAAGTGTTGTCTTT-1,1,sgNC_2365,5
CTGATAGAGGCTATCT-1,1,sgNC_2365,3
CTGTGCTGTCACACGC-1,1,sgNC_2365,4
CTTCTCTTCATCTGCC-1,1,sgNC_2365,4
CTTGGCTAGCTCAACT-1,1,sgNC_2365,4
GAAACTCTCTAACTCT-1,1,sgNC_2365,5
GAACATCTCCGTAGGC-1,1,sgNC_2365,4
GAACGGACACTTGGAT-1,1,sgNC_2365,3
GACGCGTAGCCAACAG-1,1,sgNC_2365,4
GACGGCTAGTTTGCGT-1,1,sgNC_2365,3
GACGGCTTCCTTTACA-1,1,sgNC_2365,3
GACTAACGTTATCCGA-1,1,sgNC_2365,3
GACTACAGTGGCAAAC-1,1,sgNC_2365,9
GAGCAGACAAGCTGGA-1,1,sgNC_2365,3
GATCTAGGTGGTCTCG-1,1,sgNC_2365,3
GATGCTACACGGCTAC-1,1,sgNC_2365,4
GCAATCAGTCGGCACT-1,1,sgNC_2365,6
GCACATACAGCCAGAA-1,1,sgNC_2365,7
GCATACAAGAGGGATA-1,1,sgNC_2365,3
GCCAAATGTGTGAAAT-1,1,sgNC_2365,4
GCGCAACCAGCTTAAC-1,1,sgNC_2365,3
GCGCCAACAAGTTGTC-1,1,sgNC_2365,3
GCTCTGTCATATGCTG-1,1,sgNC_2365,7
GCTCTGTCATCGACGC-1,1,sgNC_2365,11
GCTCTGTGTTAAGATG-1,1,sgNC_2365,4
GCTGCGAGTCCAAGTT-1,1,sgNC_2365,3
GGAACTTCACAGGTTT-1,1,sgNC_2365,3
GGAATAATCAGCACAT-1,1,sgNC_2365,10
GGAATAATCATACGGT-1,1,sgNC_2365,3
GGACAAGAGCTACCTA-1,1,sgNC_2365,3
GGACGTCCACGCTTTC-1,1,sgNC_2365,5
GGAGCAATCACCATAG-1,1,sgNC_2365,6
GGATTACCACACGCTG-1,1,sgNC_2365,8
GGATTACTCTTACCTA-1,1,sgNC_2365,4
GGCGTGTCACACAGAG-1,1,sgNC_2365,5
GGCGTGTCATCCGGGT-1,1,sgNC_2365,3
GGCGTGTTCCAGATCA-1,1,sgNC_2365,3
GGCTGGTTCATCGATG-1,1,sgNC_2365,9
GGCTGGTTCTTAGAGC-1,1,sgNC_2365,3
GGGAATGTCCAAACAC-1,1,sgNC_2365,4
GGGAATGTCGGAAACG-1,1,sgNC_2365,6
GGGCATCGTTGCGCAC-1,1,sgNC_2365,6
GGGTCTGTCGCCCTTA-1,1,sgNC_2365,7
GGTATTGCACCATCCT-1,1,sgNC_2365,3
GGTGCGTAGCGTGAGT-1,1,sgNC_2365,11
GTAACTGAGGATGTAT-1,1,sgNC_2365,4
GTAACTGAGTACGATA-1,1,sgNC_2365,3
GTACGTACAATGGAAT-1,1,sgNC_2365,3
GTACTCCTCTCCCTGA-1,1,sgNC_2365,4
GTATTCTGTGGCTCCA-1,1,sgNC_2365,4
GTCAAGTCATCCTTGC-1,1,sgNC_2365,3
GTCAAGTGTTCCGGCA-1,1,sgNC_2365,4
GTCAAGTGTTGTCGCG-1,1,sgNC_2365,4
GTCACGGGTTAAAGTG-1,1,sgNC_2365,3
GTCCTCAAGGTGCTAG-1,1,sgNC_2365,5
GTGAAGGTCGTCCAGG-1,1,sgNC_2365,4
GTGCAGCCATTACGAC-1,1,sgNC_2365,3
GTGCATAAGATGTAAC-1,1,sgNC_2365,5
GTGCATACATCATCCC-1,1,sgNC_2365,10
GTGTTAGCAGCTGCTG-1,1,sgNC_2365,3
GTTCATTTCTTACCTA-1,1,sgNC_2365,7
GTTTCTACACTCAGGC-1,1,sgNC_2365,3
TAAGAGAGTAGCGCTC-1,1,sgNC_2365,3
TAAGCGTCACCGATAT-1,1,sgNC_2365,4
TAAGTGCTCGCAAACT-1,1,sgNC_2365,3
TACGGTATCCGAGCCA-1,1,sgNC_2365,3
TACTTACTCATCTGTT-1,1,sgNC_2365,3
TACTTACTCCTAAGTG-1,1,sgNC_2365,4
TAGCCGGGTCAGAATA-1,1,sgNC_2365,3
TAGTTGGAGTTGCAGG-1,1,sgNC_2365,3
TAGTTGGCATACGCTA-1,1,sgNC_2365,4
TATCAGGTCAGAGCTT-1,1,sgNC_2365,6
TATGCCCCAGTTCATG-1,1,sgNC_2365,4
TCAATCTTCTTACCTA-1,1,sgNC_2365,4
TCACAAGCACTACAGT-1,1,sgNC_2365,6
TCAGCTCAGCCCAATT-1,1,sgNC_2365,3
TCAGGATAGCGTGTCC-1,1,sgNC_2365,6
TCGAGGCCATTAACCG-1,1,sgNC_2365,4
TCGCGAGGTCCAGTAT-1,1,sgNC_2365,3
TCGCGTTAGCAACGGT-1,1,sgNC_2365,3
TCGGTAAGTCAATACC-1,1,sgNC_2365,7
TCTATTGCATGTTCCC-1,1,sgNC_2365,3
TCTGAGATCGTATCAG-1,1,sgNC_2365,3
TCTGGAATCGGAGCAA-1,1,sgNC_2365,6
TCTTTCCAGGCTATCT-1,1,sgNC_2365,3
TCTTTCCAGTGGGTTG-1,1,sgNC_2365,3
TGACTAGTCACCGTAA-1,1,sgNC_2365,4
TGACTTTGTCTCGTTC-1,1,sgNC_2365,6
TGACTTTGTTGGTTTG-1,1,sgNC_2365,5
TGATTTCAGTACTTGC-1,1,sgNC_2365,19
TGATTTCGTAATCACC-1,1,sgNC_2365,3
TGCACCTAGTTGAGAT-1,1,sgNC_2365,3
TGCCAAAAGACACTAA-1,1,sgNC_2365,4
TGCCCTACATTCCTCG-1,1,sgNC_2365,4
TGCGGGTAGTAACCCT-1,1,sgNC_2365,6
TGGGAAGAGACCACGA-1,1,sgNC_2365,10
TGGTTAGTCCTCAATT-1,1,sgNC_2365,9
TGGTTCCCACAGGTTT-1,1,sgNC_2365,3
TGTGGTAGTGCTCTTC-1,1,sgNC_2365,3
TGTGTTTTCGGTTAAC-1,1,sgNC_2365,4
TTAGGACTCCGTTGCT-1,1,sgNC_2365,4
TTAGGCATCATGTCTT-1,1,sgNC_2365,3
TTAGGCATCTGCGGCA-1,1,sgNC_2365,3
TTATGCTGTACTCAAC-1,1,sgNC_2365,3
TTATGCTGTTAAAGAC-1,1,sgNC_2365,3
TTCCCAGCAGTCAGCC-1,1,sgNC_2365,4
TTCGAAGAGGAATGGA-1,1,sgNC_2365,4
TTCGGTCCACACTGCG-1,1,sgNC_2365,6
TTCTTAGAGGCATTGG-1,1,sgNC_2365,3
TTGGAACGTACAGTGG-1,1,sgNC_2365,3
TTTATGCCAGATCTGT-1,1,sgNC_2365,4
TTTGCGCAGCCACTAT-1,1,sgNC_2365,5
TTTGTCAAGGCTCTTA-1,1,sgNC_2365,4
AAAGTAGAGTCTTGCA-2,1,sgNC_2365,4
AAATGCCTCGCCGTGA-2,1,sgNC_2365,3
AAATGCCTCGTCCAGG-2,1,sgNC_2365,8
AACCATGGTCGCGGTT-2,1,sgNC_2365,5
AACTTTCGTCTCATCC-2,1,sgNC_2365,4
AAGACCTCAGATGAGC-2,1,sgNC_2365,3
AAGACCTCATGACATC-2,1,sgNC_2365,4
AAGACCTCATTCTCAT-2,1,sgNC_2365,6
AAGCCGCTCATCGCTC-2,1,sgNC_2365,6
AAGGAGCTCCCTCTTT-2,1,sgNC_2365,5
AAGGCAGGTATAGTAG-2,1,sgNC_2365,3
AAGGCAGTCTTCGGTC-2,1,sgNC_2365,3
AAGGTTCCAAAGGCGT-2,1,sgNC_2365,3
ACACCGGGTTCGAATC-2,1,sgNC_2365,3
ACACTGAGTTTAGGAA-2,1,sgNC_2365,8
ACATGGTTCTGCAGTA-2,1,sgNC_2365,3
ACGATACGTTCGTGAT-2,1,sgNC_2365,3
ACGCAGCGTCAACATC-2,1,sgNC_2365,3
ACGGAGATCAAGCCTA-2,1,sgNC_2365,5
ACGGCCACACATGTGT-2,1,sgNC_2365,3
ACGGCCATCCTTTCTC-2,1,sgNC_2365,4
ACGGGCTTCGTAGGAG-2,1,sgNC_2365,3
ACGTCAATCTTGTCAT-2,1,sgNC_2365,6
ACTGAACCACGTGAGA-2,1,sgNC_2365,5
ACTGCTCAGACTAGGC-2,1,sgNC_2365,5
AGAGCGAGTTGTACAC-2,1,sgNC_2365,3
AGATCTGAGCCCAACC-2,1,sgNC_2365,3
AGCATACTCTGCCCTA-2,1,sgNC_2365,5
AGCGGTCCAAGCTGAG-2,1,sgNC_2365,6
AGCGTCGCAATAGAGT-2,1,sgNC_2365,3
AGCTCCTAGAGTAAGG-2,1,sgNC_2365,4
AGCTCTCTCGTTGACA-2,1,sgNC_2365,4
AGCTCTCTCTATCCTA-2,1,sgNC_2365,4
AGGGATGCATAGGATA-2,1,sgNC_2365,4
AGGGTGATCAGTGCAT-2,1,sgNC_2365,9
AGGTCATCATCACGTA-2,1,sgNC_2365,4
AGGTCATGTATAAACG-2,1,sgNC_2365,3
AGTGGGAAGCTAGCCC-2,1,sgNC_2365,8
ATAAGAGCAAGGTTCT-2,1,sgNC_2365,5
ATAGACCTCATCTGTT-2,1,sgNC_2365,3
ATCATGGCACGGTAAG-2,1,sgNC_2365,3
ATCCACCAGAGTAAGG-2,1,sgNC_2365,3
ATCCACCAGTCTCAAC-2,1,sgNC_2365,4
ATCCACCTCACAGGCC-2,1,sgNC_2365,4
ATCTGCCGTGGCAAAC-2,1,sgNC_2365,3
ATGCGATTCACCAGGC-2,1,sgNC_2365,3
CAAGATCAGCGCCTCA-2,1,sgNC_2365,3
CACAAACAGTTAGGTA-2,1,sgNC_2365,3
CACACTCAGGCATTGG-2,1,sgNC_2365,3
CACACTCCACGGTTTA-2,1,sgNC_2365,5
CACCTTGTCATCGCTC-2,1,sgNC_2365,5
CAGCAGCGTAAACCTC-2,1,sgNC_2365,4
CAGCAGCTCACATAGC-2,1,sgNC_2365,5
CAGTCCTAGGATTCGG-2,1,sgNC_2365,6
CATATTCGTCCATGAT-2,1,sgNC_2365,3
CATCAGACATCACCCT-2,1,sgNC_2365,3
CATCGAACAAGGTTCT-2,1,sgNC_2365,4
CATCGGGCAATGACCT-2,1,sgNC_2365,5
CATGACATCTTGCCGT-2,1,sgNC_2365,3
CATGGCGCAGGTCCAC-2,1,sgNC_2365,3
CATTCGCCAAGACACG-2,1,sgNC_2365,5
CCACGGACAACGATGG-2,1,sgNC_2365,6
CCACGGATCGTCTGCT-2,1,sgNC_2365,5
CCCAATCTCAGCATGT-2,1,sgNC_2365,3
CCCAGTTTCTGTCTAT-2,1,sgNC_2365,3
CCGGGATGTAAACACA-2,1,sgNC_2365,4
CCGGTAGGTTTACTCT-2,1,sgNC_2365,3
CCTAAAGGTTACTGAC-2,1,sgNC_2365,7
CCTAAAGTCAACCATG-2,1,sgNC_2365,3
CCTACACCATCCGGGT-2,1,sgNC_2365,3
CCTATTATCAACGGCC-2,1,sgNC_2365,5
CCTCAGTGTTAAAGAC-2,1,sgNC_2365,3
CCTCAGTTCTTGAGAC-2,1,sgNC_2365,3
CCTCTGAGTAGCGCAA-2,1,sgNC_2365,9
CCTTCGAGTCCGAATT-2,1,sgNC_2365,3
CGAATGTGTTCCCTTG-2,1,sgNC_2365,3
CGAATGTTCAAAGACA-2,1,sgNC_2365,6
CGACCTTGTATGAATG-2,1,sgNC_2365,3
CGACTTCAGCCGATTT-2,1,sgNC_2365,3
CGACTTCAGTTGTAGA-2,1,sgNC_2365,3
CGAGCCATCAGCGACC-2,1,sgNC_2365,3
CGATCGGAGCTGCAAG-2,1,sgNC_2365,5
CGCGGTATCCATGCTC-2,1,sgNC_2365,3
CGCGTTTAGGACACCA-2,1,sgNC_2365,4
CGCTATCTCAAACAAG-2,1,sgNC_2365,5
CGCTGGACACCCTATC-2,1,sgNC_2365,3
CGCTTCATCGAGAGCA-2,1,sgNC_2365,3
CGGACACAGCCATCGC-2,1,sgNC_2365,3
CGGCTAGTCACCACCT-2,1,sgNC_2365,3
CGGGTCACAGCCAATT-2,1,sgNC_2365,6
CGGTTAAAGCACAGGT-2,1,sgNC_2365,3
CGTTGGGAGGCATGTG-2,1,sgNC_2365,4
CTAAGACGTCTGATCA-2,1,sgNC_2365,3
CTAAGACTCTCAAACG-2,1,sgNC_2365,3
CTAATGGAGGCTATCT-2,1,sgNC_2365,3
CTAATGGAGTTTCCTT-2,1,sgNC_2365,3
CTACATTCAGGTCGTC-2,1,sgNC_2365,3
CTAGCCTCAAGCCCAC-2,1,sgNC_2365,4
CTCACACTCGTGGGAA-2,1,sgNC_2365,4
CTCGAGGGTCTGGAGA-2,1,sgNC_2365,4
CTCGGAGTCACGCGGT-2,1,sgNC_2365,4
CTCGTACCAATGGAGC-2,1,sgNC_2365,3
CTCGTACGTGCGATAG-2,1,sgNC_2365,3
CTCTAATTCTATCCTA-2,1,sgNC_2365,5
CTCTGGTCAAGTTCTG-2,1,sgNC_2365,3
CTGAAACAGTGTTGAA-2,1,sgNC_2365,4
CTGATAGGTACAAGTA-2,1,sgNC_2365,3
CTGCTGTAGATATGGT-2,1,sgNC_2365,5
CTTAACTGTGGCTCCA-2,1,sgNC_2365,6
CTTAACTTCGGCTACG-2,1,sgNC_2365,3
CTTCTCTTCATGTAGC-2,1,sgNC_2365,4
CTTTGCGAGCCACTAT-2,1,sgNC_2365,5
CTTTGCGGTCCTAGCG-2,1,sgNC_2365,4
GAAATGAAGGATGGAA-2,1,sgNC_2365,4
GAACCTAGTCTAGCCG-2,1,sgNC_2365,4
GAACCTATCATGTAGC-2,1,sgNC_2365,3
GACACGCAGCTAAGAT-2,1,sgNC_2365,4
GACGTGCCAGCTCGAC-2,1,sgNC_2365,3
GACGTTACACCTCGTT-2,1,sgNC_2365,3
GACTAACGTGACGGTA-2,1,sgNC_2365,6
GACTACAGTGTCGCTG-2,1,sgNC_2365,4
GAGGTGATCTTGCAAG-2,1,sgNC_2365,5
GAGTCCGCACATGACT-2,1,sgNC_2365,4
GATCGCGAGGTAGCTG-2,1,sgNC_2365,7
GATCGCGGTTGGACCC-2,1,sgNC_2365,5
GATCTAGAGCTAAACA-2,1,sgNC_2365,3
GATCTAGAGGCCATAG-2,1,sgNC_2365,4
GATGCTATCTCGATGA-2,1,sgNC_2365,4
GCACATATCCGCGCAA-2,1,sgNC_2365,4
GCAGCCAGTAATTGGA-2,1,sgNC_2365,3
GCAGTTAAGCGATCCC-2,1,sgNC_2365,3
GCAGTTATCCATGAAC-2,1,sgNC_2365,12
GCATGATTCGGTTAAC-2,1,sgNC_2365,3
GCATGCGTCACCGTAA-2,1,sgNC_2365,5
GCCAAATCACCCATGG-2,1,sgNC_2365,4
GCCTCTAAGCACCGTC-2,1,sgNC_2365,5
GCGACCATCTACTTAC-2,1,sgNC_2365,3
GCGAGAAAGCTGTCTA-2,1,sgNC_2365,5
GCGCGATAGATCCGAG-2,1,sgNC_2365,4
GCGGGTTTCAAAGTAG-2,1,sgNC_2365,4
GCTGCGAGTCGTCTTC-2,1,sgNC_2365,3
GCTGGGTGTCCGTCAG-2,1,sgNC_2365,3
GGAAAGCAGGCCCTCA-2,1,sgNC_2365,4
GGAAAGCAGTGGAGTC-2,1,sgNC_2365,3
GGAACTTAGATCTGCT-2,1,sgNC_2365,4
GGAACTTAGCTCCTCT-2,1,sgNC_2365,3
GGAATAAGTGACTACT-2,1,sgNC_2365,4
GGCTCGAAGCTATGCT-2,1,sgNC_2365,3
GGGAATGGTAAGGGAA-2,1,sgNC_2365,7
GGGAATGGTTGGACCC-2,1,sgNC_2365,10
GGGAATGTCACGACTA-2,1,sgNC_2365,3
GGGAATGTCTTTAGTC-2,1,sgNC_2365,4
GGGCACTGTAATAGCA-2,1,sgNC_2365,3
GGTATTGCAGTACACT-2,1,sgNC_2365,4
GGTATTGGTCCGAAGA-2,1,sgNC_2365,4
GGTGAAGCAGCTGCTG-2,1,sgNC_2365,8
GGTGCGTAGTCCTCCT-2,1,sgNC_2365,4
GGTGCGTGTCGTTGTA-2,1,sgNC_2365,3
GTAGTCATCAACCATG-2,1,sgNC_2365,4
GTATCTTTCCTGCTTG-2,1,sgNC_2365,3
GTCACGGAGAAGAAGC-2,1,sgNC_2365,4
GTCATTTGTGCAACTT-2,1,sgNC_2365,3
GTCGGGTGTTTGGCGC-2,1,sgNC_2365,3
GTCGTAACATCGATGT-2,1,sgNC_2365,7
GTCGTAACATTCTCAT-2,1,sgNC_2365,3
GTCTTCGGTGCGAAAC-2,1,sgNC_2365,4
GTGCAGCCATGCGCAC-2,1,sgNC_2365,3
GTGCGGTAGGCATTGG-2,1,sgNC_2365,4
GTGCTTCAGTGTCCCG-2,1,sgNC_2365,7
GTGTGCGGTACCGCTG-2,1,sgNC_2365,7
GTGTTAGAGTGTTGAA-2,1,sgNC_2365,5
GTTCATTTCACATACG-2,1,sgNC_2365,5
GTTCTCGAGGAGTTGC-2,1,sgNC_2365,5
TAAGAGAGTTTGTTGG-2,1,sgNC_2365,3
TACCTATGTTGTTTGG-2,1,sgNC_2365,3
TACGGATTCACAATGC-2,1,sgNC_2365,3
TACTCATAGGCATGGT-2,1,sgNC_2365,7
TAGCCGGAGAGTAAGG-2,1,sgNC_2365,3
TAGGCATCACCTGGTG-2,1,sgNC_2365,4
TATGCCCGTCCAGTGC-2,1,sgNC_2365,3
TCAACGATCCGCGTTT-2,1,sgNC_2365,3
TCAATCTGTTGTCTTT-2,1,sgNC_2365,3
TCACAAGCAATGGAGC-2,1,sgNC_2365,4
TCACAAGGTCCGACGT-2,1,sgNC_2365,7
TCAGGATTCTTTCCTC-2,1,sgNC_2365,5
TCATTACAGGGCATGT-2,1,sgNC_2365,4
TCCACACGTTGATTGC-2,1,sgNC_2365,5
TCCCGATAGAATGTTG-2,1,sgNC_2365,3
TCGAGGCCAGTCGTGC-2,1,sgNC_2365,5
TCGCGTTAGATCGGGT-2,1,sgNC_2365,3
TCGGGACCAATTCCTT-2,1,sgNC_2365,3
TCGTACCCATTGCGGC-2,1,sgNC_2365,3
TCTGAGAGTAAGTGTA-2,1,sgNC_2365,4
TCTGGAATCACCCGAG-2,1,sgNC_2365,3
TCTTCGGTCCCGGATG-2,1,sgNC_2365,3
TGATTTCAGACCTTTG-2,1,sgNC_2365,7
TGCACCTCACAGTCGC-2,1,sgNC_2365,5
TGCACCTCATGCCACG-2,1,sgNC_2365,4
TGCACCTGTTGAGGTG-2,1,sgNC_2365,4
TGCACCTTCTGGTGTA-2,1,sgNC_2365,4
TGCGGGTGTTTGACTG-2,1,sgNC_2365,3
TGGACGCAGTGTACGG-2,1,sgNC_2365,8
TGGGAAGTCCAAACAC-2,1,sgNC_2365,3
TGGTTAGTCCATGAGT-2,1,sgNC_2365,4
TGGTTCCTCTATCCCG-2,1,sgNC_2365,5
TGTATTCGTCAACTGT-2,1,sgNC_2365,4
TGTATTCGTCCGTGAC-2,1,sgNC_2365,3
TTAACTCAGTCGCCGT-2,1,sgNC_2365,4
TTAACTCCATCGGACC-2,1,sgNC_2365,3
TTAGGACTCGGTTCGG-2,1,sgNC_2365,3
TTATGCTCACTGTTAG-2,1,sgNC_2365,3
TTATGCTTCTTCATGT-2,1,sgNC_2365,3
TTCTACAAGGAGTTTA-2,1,sgNC_2365,9
TTCTACAAGTGAATTG-2,1,sgNC_2365,14
TTCTCCTTCGGCTACG-2,1,sgNC_2365,6
TTGAACGCAGTAAGAT-2,1,sgNC_2365,3
TTGACTTTCTACGAGT-2,1,sgNC_2365,3
TTGCGTCAGCGGCTTC-2,1,sgNC_2365,5
TTGCGTCGTCAAAGAT-2,1,sgNC_2365,4
TTGGAACTCAGTACGT-2,1,sgNC_2365,3
TTTCCTCTCTTGTTTG-2,1,sgNC_2365,3
TTTGCGCTCTGGTGTA-2,1,sgNC_2365,10
TTTGTCAAGTCAAGCG-2,1,sgNC_2365,7
TTTGTCAGTACCGTTA-2,1,sgNC_2365,3
AAACGGGCATCTGGTA-1,1,sgNC_4059,17
AAACGGGGTCTGGAGA-1,1,sgNC_4059,6
AAACGGGTCAAACCGT-1,1,sgNC_4059,6
AAAGATGAGGCTCTTA-1,1,sgNC_4059,11
AAAGATGCAGTCGTGC-1,1,sgNC_4059,6
AAAGATGTCGGTCTAA-1,1,sgNC_4059,6
AAAGCAACAGATAATG-1,1,sgNC_4059,6
AAAGCAATCTGGCGAC-1,1,sgNC_4059,43
AAAGTAGAGGTGTTAA-1,1,sgNC_4059,6
AAATGCCGTCCGAATT-1,1,sgNC_4059,6
AACACGTGTGACGCCT-1,1,sgNC_4059,15
AACACGTGTGTTAAGA-1,1,sgNC_4059,5
AACCATGAGCCAGTAG-1,1,sgNC_4059,5
AACCATGGTGCTAGCC-1,1,sgNC_4059,8
AACCGCGAGCCACTAT-1,1,sgNC_4059,12
AACCGCGCAGTCGTGC-1,1,sgNC_4059,7
AACGTTGAGCTAGTTC-1,1,sgNC_4059,5
AACGTTGTCCAAATGC-1,1,sgNC_4059,11
AACTCAGGTGGTCCGT-1,1,sgNC_4059,12
AACTCAGTCTTACCTA-1,1,sgNC_4059,5
AACTCCCAGTACGTTC-1,1,sgNC_4059,16
AACTCCCGTCGGGTCT-1,1,sgNC_4059,26
AACTCTTAGATGGCGT-1,1,sgNC_4059,5
AACTCTTGTACCTACA-1,1,sgNC_4059,31
AACTGGTCAAGGACAC-1,1,sgNC_4059,6
AACTGGTGTCTAGCGC-1,1,sgNC_4059,16
AACTTTCAGGAGTCTG-1,1,sgNC_4059,7
AACTTTCGTTCCATGA-1,1,sgNC_4059,12
AAGACCTCATACCATG-1,1,sgNC_4059,5
AAGACCTGTAGCACGA-1,1,sgNC_4059,23
AAGCCGCCATGACATC-1,1,sgNC_4059,21
AAGCCGCGTTCCACGG-1,1,sgNC_4059,17
AAGGAGCCATCCTTGC-1,1,sgNC_4059,8
AAGGCAGAGGATGGAA-1,1,sgNC_4059,7
AAGGCAGCAAGCCTAT-1,1,sgNC_4059,6
AAGGCAGGTACAGCAG-1,1,sgNC_4059,15
AAGTCTGGTTACCAGT-1,1,sgNC_4059,51
AAGTCTGGTTCCACTC-1,1,sgNC_4059,7
AAGTCTGTCGTCTGCT-1,1,sgNC_4059,6
AATCCAGTCAACGAAA-1,1,sgNC_4059,6
AATCGGTCAACTTGAC-1,1,sgNC_4059,5
AATCGGTTCAACCAAC-1,1,sgNC_4059,6
ACACCAAAGCTCAACT-1,1,sgNC_4059,13
ACACCAAAGTGAACAT-1,1,sgNC_4059,6
ACACCAACAACACCCG-1,1,sgNC_4059,14
ACACCCTCACGAAGCA-1,1,sgNC_4059,8
ACACCCTCAGACAGGT-1,1,sgNC_4059,23
ACACCCTGTCCTGCTT-1,1,sgNC_4059,7
ACACCCTTCGGATGGA-1,1,sgNC_4059,28
ACACCGGAGAGAGCTC-1,1,sgNC_4059,8
ACACTGAAGCAAATCA-1,1,sgNC_4059,27
ACACTGACAATGAATG-1,1,sgNC_4059,24
ACACTGAGTCACTTCC-1,1,sgNC_4059,7
ACACTGATCATCACCC-1,1,sgNC_4059,23
ACAGCCGAGCTGTTCA-1,1,sgNC_4059,5
ACAGCCGTCCTATGTT-1,1,sgNC_4059,16
ACAGCTAAGTCGTTTG-1,1,sgNC_4059,8
ACATACGAGGTGATAT-1,1,sgNC_4059,8
ACATACGTCTAACTCT-1,1,sgNC_4059,52
ACATCAGAGTGATCGG-1,1,sgNC_4059,21
ACATGGTAGTTGTAGA-1,1,sgNC_4059,5
ACCAGTAAGGATCGCA-1,1,sgNC_4059,7
ACCAGTAGTCCTCTTG-1,1,sgNC_4059,15
ACCAGTAGTGTCGCTG-1,1,sgNC_4059,6
ACCCACTCACGGCCAT-1,1,sgNC_4059,5
ACCCACTGTAGGGACT-1,1,sgNC_4059,38
ACCCACTTCGTAGGAG-1,1,sgNC_4059,5
ACCCACTTCGTCTGCT-1,1,sgNC_4059,17
ACCCACTTCTTGAGGT-1,1,sgNC_4059,9
ACCGTAAGTAAACACA-1,1,sgNC_4059,7
ACCGTAATCAAACGGG-1,1,sgNC_4059,8
ACCGTAATCAACGGCC-1,1,sgNC_4059,77
ACCTTTAGTACACCGC-1,1,sgNC_4059,5
ACGAGCCCAGTGACAG-1,1,sgNC_4059,12
ACGAGCCGTAAACACA-1,1,sgNC_4059,5
ACGATACCAACTGGCC-1,1,sgNC_4059,31
ACGATACCACGGCGTT-1,1,sgNC_4059,5
ACGATACGTGACGCCT-1,1,sgNC_4059,5
ACGATGTTCCGAAGAG-1,1,sgNC_4059,43
ACGATGTTCTATGTGG-1,1,sgNC_4059,5
ACGCAGCCAACTGGCC-1,1,sgNC_4059,9
ACGCAGCCATACTACG-1,1,sgNC_4059,6
ACGCCAGCAAGAGTCG-1,1,sgNC_4059,25
ACGCCGAAGCCACTAT-1,1,sgNC_4059,5
ACGCCGACATCCGCGA-1,1,sgNC_4059,17
ACGCCGAGTCACTTCC-1,1,sgNC_4059,53
ACGGAGAAGTTTGCGT-1,1,sgNC_4059,7
ACGGCCAAGAGAGCTC-1,1,sgNC_4059,20
ACGGGCTCAGCCACCA-1,1,sgNC_4059,56
ACGGGTCAGACCACGA-1,1,sgNC_4059,17
ACGGGTCAGCCTCGTG-1,1,sgNC_4059,26
ACGGGTCTCACTTACT-1,1,sgNC_4059,9
ACTATCTCAAGCTGTT-1,1,sgNC_4059,9
ACTGAGTCACGTCAGC-1,1,sgNC_4059,5
ACTGAGTGTCACCCAG-1,1,sgNC_4059,19
ACTGATGTCTTTAGTC-1,1,sgNC_4059,15
ACTGTCCTCTGATACG-1,1,sgNC_4059,11
ACTTACTGTATAGGTA-1,1,sgNC_4059,5
ACTTACTGTTCAGTAC-1,1,sgNC_4059,7
ACTTGTTAGTCAAGGC-1,1,sgNC_4059,5
ACTTGTTGTCGCTTCT-1,1,sgNC_4059,5
ACTTTCACAGTAGAGC-1,1,sgNC_4059,7
ACTTTCAGTATAGTAG-1,1,sgNC_4059,37
ACTTTCATCGGAATCT-1,1,sgNC_4059,21
AGACGTTAGAAACCTA-1,1,sgNC_4059,23
AGAGCGACAAAGGCGT-1,1,sgNC_4059,25
AGAGCTTCAGGAATCG-1,1,sgNC_4059,6
AGAGCTTGTCAGCTAT-1,1,sgNC_4059,15
AGAGCTTGTGAGGGTT-1,1,sgNC_4059,6
AGAGCTTTCTTAACCT-1,1,sgNC_4059,6
AGAGTGGAGTAACCCT-1,1,sgNC_4059,33
AGAGTGGGTCTAGCGC-1,1,sgNC_4059,8
AGAGTGGGTGATGTGG-1,1,sgNC_4059,10
AGATCTGAGGGTCGAT-1,1,sgNC_4059,7
AGATCTGTCTGGTTCC-1,1,sgNC_4059,13
AGCAGCCCAAGGACAC-1,1,sgNC_4059,6
AGCAGCCGTAGCTCCG-1,1,sgNC_4059,8
AGCAGCCGTCCGCTGA-1,1,sgNC_4059,5
AGCCTAAGTATCTGCA-1,1,sgNC_4059,10
AGCGGTCGTCTGGAGA-1,1,sgNC_4059,5
AGCGTATAGGTGTGGT-1,1,sgNC_4059,15
AGCGTATCATCGATTG-1,1,sgNC_4059,5
AGCGTATGTGGTTTCA-1,1,sgNC_4059,7
AGCGTATGTTGGGACA-1,1,sgNC_4059,6
AGCGTATTCCGTTGTC-1,1,sgNC_4059,14
AGCGTATTCTAACTGG-1,1,sgNC_4059,5
AGCGTCGAGAGTTGGC-1,1,sgNC_4059,6
AGCTCCTCATTATCTC-1,1,sgNC_4059,21
AGCTTGACACAGGAGT-1,1,sgNC_4059,10
AGCTTGAGTCCAACTA-1,1,sgNC_4059,5
AGCTTGATCTGACCTC-1,1,sgNC_4059,22
AGGCCACGTCTCAACA-1,1,sgNC_4059,22
AGGCCACTCACATAGC-1,1,sgNC_4059,7
AGGCCGTAGTGTTAGA-1,1,sgNC_4059,15
AGGGAGTCACACATGT-1,1,sgNC_4059,29
AGGGTGAAGAGACGAA-1,1,sgNC_4059,9
AGGGTGACATACCATG-1,1,sgNC_4059,5
AGGGTGAGTGCGAAAC-1,1,sgNC_4059,10
AGGTCCGAGATACACA-1,1,sgNC_4059,7
AGGTCCGAGGCGTACA-1,1,sgNC_4059,5
AGGTCCGCAAGAAGAG-1,1,sgNC_4059,26
AGTAGTCCATTAGCCA-1,1,sgNC_4059,30
AGTCTTTCAAGTCTAC-1,1,sgNC_4059,10
AGTGAGGAGATGCCAG-1,1,sgNC_4059,7
AGTGAGGTCTCACATT-1,1,sgNC_4059,5
AGTGTCAGTACAGACG-1,1,sgNC_4059,16
AGTGTCATCCGATATG-1,1,sgNC_4059,12
ATAGACCGTGAACCTT-1,1,sgNC_4059,7
ATCACGAAGGTGCACA-1,1,sgNC_4059,5
ATCACGACAGATCTGT-1,1,sgNC_4059,13
ATCACGAGTCACTTCC-1,1,sgNC_4059,22
ATCACGAGTTCCAACA-1,1,sgNC_4059,20
ATCACGATCTGTGCAA-1,1,sgNC_4059,56
ATCATCTAGTGGTCCC-1,1,sgNC_4059,25
ATCATGGCAGTCAGCC-1,1,sgNC_4059,6
ATCATGGGTAGAAAGG-1,1,sgNC_4059,5
ATCATGGTCTGATACG-1,1,sgNC_4059,16
ATCCACCAGGAGCGTT-1,1,sgNC_4059,16
ATCCACCCACCTGGTG-1,1,sgNC_4059,9
ATCCGAACATTGGCGC-1,1,sgNC_4059,5
ATGCGATGTAGCTGCC-1,1,sgNC_4059,8
ATGCGATGTCTAGTCA-1,1,sgNC_4059,32
ATGCGATGTGCTAGCC-1,1,sgNC_4059,10
ATGCGATGTTGTTTGG-1,1,sgNC_4059,14
ATGCGATTCCGCATCT-1,1,sgNC_4059,7
ATGCGATTCTAACTGG-1,1,sgNC_4059,28
ATGGGAGAGGAATGGA-1,1,sgNC_4059,8
ATGGGAGAGGACTGGT-1,1,sgNC_4059,5
ATGGGAGGTTGGTGGA-1,1,sgNC_4059,8
ATGGGAGTCTCTGCTG-1,1,sgNC_4059,8
ATGTGTGAGCTGAACG-1,1,sgNC_4059,12
ATTACTCAGCAGCCTC-1,1,sgNC_4059,5
ATTACTCAGTGTGGCA-1,1,sgNC_4059,12
ATTACTCTCGGGAGTA-1,1,sgNC_4059,6
ATTATCCAGATCGATA-1,1,sgNC_4059,14
ATTCTACCACTTACGA-1,1,sgNC_4059,5
ATTGGACCAGATAATG-1,1,sgNC_4059,27
ATTGGACTCACGACTA-1,1,sgNC_4059,8
ATTGGACTCTCTGTCG-1,1,sgNC_4059,6
ATTGGTGAGAACAATC-1,1,sgNC_4059,5
ATTGGTGCAGCATGAG-1,1,sgNC_4059,5
ATTGGTGCATGTCCTC-1,1,sgNC_4059,13
ATTTCTGCATCGGACC-1,1,sgNC_4059,18
ATTTCTGGTGTCTGAT-1,1,sgNC_4059,5
CAACCAAGTTATGTGC-1,1,sgNC_4059,11
CAACCTCGTACTTGAC-1,1,sgNC_4059,6
CAACCTCGTCCTCTTG-1,1,sgNC_4059,20
CAACCTCGTCTAACGT-1,1,sgNC_4059,11
CAACTAGAGTGATCGG-1,1,sgNC_4059,17
CAACTAGGTCTAAACC-1,1,sgNC_4059,35
CAACTAGTCAGATAAG-1,1,sgNC_4059,9
CAAGAAAAGTTAAGTG-1,1,sgNC_4059,9
CAAGATCAGGTCATCT-1,1,sgNC_4059,6
CAAGATCCATTGGGCC-1,1,sgNC_4059,5
CAAGGCCAGTAGATGT-1,1,sgNC_4059,6
CAAGGCCTCAGCTTAG-1,1,sgNC_4059,25
CAAGTTGAGATGCCTT-1,1,sgNC_4059,8
CAAGTTGCACGAAACG-1,1,sgNC_4059,31
CAAGTTGGTAAACCTC-1,1,sgNC_4059,8
CACAAACAGACCCACC-1,1,sgNC_4059,14
CACAAACTCCATGAGT-1,1,sgNC_4059,6
CACACAAAGTCCATAC-1,1,sgNC_4059,23
CACACAAGTCGACTGC-1,1,sgNC_4059,12
CACACCTAGTACGCCC-1,1,sgNC_4059,15
CACACCTCAGGACGTA-1,1,sgNC_4059,8
CACACTCGTCACAAGG-1,1,sgNC_4059,6
CACAGGCAGAAGAAGC-1,1,sgNC_4059,10
CACAGGCAGAGTCGGT-1,1,sgNC_4059,5
CACAGGCAGGCATGGT-1,1,sgNC_4059,5
CACAGGCAGGGAACGG-1,1,sgNC_4059,5
CACAGTACACCTTGTC-1,1,sgNC_4059,16
CACAGTATCCAATGGT-1,1,sgNC_4059,8
CACATAGAGACGCAAC-1,1,sgNC_4059,17
CACATAGCACTCGACG-1,1,sgNC_4059,12
CACATTTTCAACGAAA-1,1,sgNC_4059,9
CACCACTAGAGCTTCT-1,1,sgNC_4059,30
CACCAGGGTGACCAAG-1,1,sgNC_4059,7
CACCAGGGTGCAACTT-1,1,sgNC_4059,6
CACCTTGCACGTTGGC-1,1,sgNC_4059,5
CAGAATCAGAGCAATT-1,1,sgNC_4059,14
CAGAATCCAGGTCTCG-1,1,sgNC_4059,18
CAGAGAGCATTATCTC-1,1,sgNC_4059,5
CAGATCAAGTTGTAGA-1,1,sgNC_4059,5
CAGATCAGTCACACGC-1,1,sgNC_4059,22
CAGATCAGTGACAAAT-1,1,sgNC_4059,7
CAGATCATCCGCTGTT-1,1,sgNC_4059,5
CAGCAGCCATATGAGA-1,1,sgNC_4059,5
CAGCATACACCGTTGG-1,1,sgNC_4059,6
CAGCATAGTCTAGGTT-1,1,sgNC_4059,12
CAGCATATCGCCCTTA-1,1,sgNC_4059,5
CAGCCGAGTCAAAGAT-1,1,sgNC_4059,19
CAGCGACAGACAGAGA-1,1,sgNC_4059,25
CAGCTAAAGAGTGACC-1,1,sgNC_4059,10
CAGCTAAGTACATGTC-1,1,sgNC_4059,8
CAGCTAATCCCTTGCA-1,1,sgNC_4059,12
CAGCTGGCAGCCTTGG-1,1,sgNC_4059,19
CAGTAACAGTAGGTGC-1,1,sgNC_4059,6
CAGTAACTCAATAAGG-1,1,sgNC_4059,9
CAGTCCTCATCAGTAC-1,1,sgNC_4059,9
CATATTCTCCACGAAT-1,1,sgNC_4059,7
CATCAAGAGCTGCGAA-1,1,sgNC_4059,47
CATCAAGAGCTTATCG-1,1,sgNC_4059,6
CATCAAGAGGCGATAC-1,1,sgNC_4059,11
CATCAAGTCGGAAACG-1,1,sgNC_4059,11
CATCAGACAGATTGCT-1,1,sgNC_4059,5
CATCAGATCGCGTTTC-1,1,sgNC_4059,32
CATCAGATCGTCCAGG-1,1,sgNC_4059,6
CATCGAAAGAGTTGGC-1,1,sgNC_4059,9
CATCGAAAGGAGTACC-1,1,sgNC_4059,5
CATCGAAGTAAAGTCA-1,1,sgNC_4059,6
CATCGGGCAGCTGTTA-1,1,sgNC_4059,5
CATCGGGCATCGGAAG-1,1,sgNC_4059,7
CATCGGGTCCATGAAC-1,1,sgNC_4059,12
CATGACACAGTACACT-1,1,sgNC_4059,5
CATGACACATGCGCAC-1,1,sgNC_4059,23
CATGCCTAGAGACTTA-1,1,sgNC_4059,9
CATGCCTCACGGCCAT-1,1,sgNC_4059,7
CATGGCGCAGATCCAT-1,1,sgNC_4059,8
CATGGCGCATGGATGG-1,1,sgNC_4059,18
CATTATCCATCACGAT-1,1,sgNC_4059,7
CATTATCCATTACCTT-1,1,sgNC_4059,5
CATTATCGTCGCATAT-1,1,sgNC_4059,5
CATTATCGTGATGATA-1,1,sgNC_4059,29
CATTATCTCGCCTGAG-1,1,sgNC_4059,29
CATTCGCCACCCAGTG-1,1,sgNC_4059,12
CATTCGCTCCGTACAA-1,1,sgNC_4059,25
CCAATCCGTTTCGCTC-1,1,sgNC_4059,12
CCACCTAGTGTGACGA-1,1,sgNC_4059,6
CCACCTATCATCGATG-1,1,sgNC_4059,5
CCACCTATCGGCGCTA-1,1,sgNC_4059,25
CCACTACCATCTCGCT-1,1,sgNC_4059,16
CCACTACGTTAAAGAC-1,1,sgNC_4059,7
CCAGCGAAGACACGAC-1,1,sgNC_4059,71
CCAGCGACAACTTGAC-1,1,sgNC_4059,11
CCATGTCCAGTAGAGC-1,1,sgNC_4059,39
CCATTCGGTCTGATCA-1,1,sgNC_4059,31
CCCAATCGTAAGAGAG-1,1,sgNC_4059,11
CCCAGTTCAGTATAAG-1,1,sgNC_4059,7
CCCATACAGCTCCCAG-1,1,sgNC_4059,30
CCCTCCTAGTGGGTTG-1,1,sgNC_4059,63
CCGGTAGTCCCTTGTG-1,1,sgNC_4059,17
CCGTACTAGCACACAG-1,1,sgNC_4059,15
CCGTACTTCGGTCTAA-1,1,sgNC_4059,20
CCGTGGACACAAGTAA-1,1,sgNC_4059,6
CCTAAAGGTCCGTGAC-1,1,sgNC_4059,6
CCTAAAGTCCGAACGC-1,1,sgNC_4059,5
CCTACACTCAACGGGA-1,1,sgNC_4059,10
CCTACACTCCACTGGG-1,1,sgNC_4059,7
CCTACCAAGTCTCGGC-1,1,sgNC_4059,8
CCTACCAAGTGTGGCA-1,1,sgNC_4059,5
CCTACCAGTCTGCAAT-1,1,sgNC_4059,23
CCTAGCTCACGTAAGG-1,1,sgNC_4059,14
CCTAGCTGTGTTCGAT-1,1,sgNC_4059,6
CCTATTAAGTATGACA-1,1,sgNC_4059,13
CCTCAGTCAACGATCT-1,1,sgNC_4059,12
CCTCAGTCACTTCGAA-1,1,sgNC_4059,8
CCTCAGTCAGCCAGAA-1,1,sgNC_4059,14
CCTCTGAGTGATGCCC-1,1,sgNC_4059,15
CCTTACGGTCTGGAGA-1,1,sgNC_4059,6
CCTTCCCAGGACACCA-1,1,sgNC_4059,11
CCTTCGACAATACGCT-1,1,sgNC_4059,6
CCTTCGAGTCGCGTGT-1,1,sgNC_4059,31
CCTTCGAGTCTAACGT-1,1,sgNC_4059,24
CCTTCGAGTGTCAATC-1,1,sgNC_4059,6
CGAACATAGCGTGAGT-1,1,sgNC_4059,10
CGAACATCAAGTACCT-1,1,sgNC_4059,8
CGAATGTTCAGTCAGT-1,1,sgNC_4059,8
CGACCTTTCGATGAGG-1,1,sgNC_4059,8
CGACTTCCACAGCGTC-1,1,sgNC_4059,8
CGACTTCGTAGAGGAA-1,1,sgNC_4059,34
CGACTTCGTCCGAATT-1,1,sgNC_4059,10
CGAGAAGTCAACTCTT-1,1,sgNC_4059,5
CGAGCACCAGCTGTGC-1,1,sgNC_4059,5
CGAGCACGTCATATCG-1,1,sgNC_4059,60
CGAGCCAAGCGATTCT-1,1,sgNC_4059,9
CGAGCCAAGTGGAGTC-1,1,sgNC_4059,31
CGAGCCAGTAAGCACG-1,1,sgNC_4059,20
CGATCGGGTTCAACCA-1,1,sgNC_4059,10
CGATGGCGTATAATGG-1,1,sgNC_4059,37
CGATGGCTCCACGCAG-1,1,sgNC_4059,10
CGATTGAGTTAAGATG-1,1,sgNC_4059,14
CGATTGATCTACGAGT-1,1,sgNC_4059,13
CGCCAAGGTACCCAAT-1,1,sgNC_4059,5
CGCGGTAAGAGCTTCT-1,1,sgNC_4059,8
CGCGGTATCGGATGGA-1,1,sgNC_4059,5
CGCGTTTCACATGACT-1,1,sgNC_4059,11
CGCGTTTGTTCATGGT-1,1,sgNC_4059,10
CGCGTTTTCCAGAGGA-1,1,sgNC_4059,5
CGCTATCTCGCCGTGA-1,1,sgNC_4059,6
CGCTGGACATCGGAAG-1,1,sgNC_4059,17
CGCTGGAGTCACCCAG-1,1,sgNC_4059,6
CGCTGGAGTGCTAGCC-1,1,sgNC_4059,7
CGCTGGAGTTGTCGCG-1,1,sgNC_4059,20
CGCTTCACAAGACGTG-1,1,sgNC_4059,20
CGCTTCAGTACTTGAC-1,1,sgNC_4059,15
CGCTTCAGTCTAGAGG-1,1,sgNC_4059,5
CGGACACAGAATTGTG-1,1,sgNC_4059,7
CGGACACCACCGCTAG-1,1,sgNC_4059,11
CGGACACGTAAACACA-1,1,sgNC_4059,7
CGGACACGTCTTCTCG-1,1,sgNC_4059,8
CGGACACTCGAGAACG-1,1,sgNC_4059,6
CGGACACTCGTTGACA-1,1,sgNC_4059,5
CGGACGTTCACAAACC-1,1,sgNC_4059,6
CGGAGTCAGCTTATCG-1,1,sgNC_4059,6
CGGAGTCAGTGGAGTC-1,1,sgNC_4059,5
CGGAGTCTCGCGGATC-1,1,sgNC_4059,12
CGGCTAGAGAGACTAT-1,1,sgNC_4059,35
CGGCTAGCATTGGCGC-1,1,sgNC_4059,24
CGGCTAGTCGGTCTAA-1,1,sgNC_4059,8
CGGTTAAAGTACGATA-1,1,sgNC_4059,5
CGGTTAACAAAGCAAT-1,1,sgNC_4059,7
CGGTTAATCACCGGGT-1,1,sgNC_4059,17
CGTAGCGAGTCCATAC-1,1,sgNC_4059,24
CGTAGCGCAAGCCGCT-1,1,sgNC_4059,5
CGTAGCGGTTGTCTTT-1,1,sgNC_4059,9
CGTAGGCAGAAGGGTA-1,1,sgNC_4059,9
CGTAGGCGTGGTCCGT-1,1,sgNC_4059,9
CGTCACTCACCGATAT-1,1,sgNC_4059,6
CGTCAGGAGTGTGGCA-1,1,sgNC_4059,5
CGTCAGGCAGGTGCCT-1,1,sgNC_4059,30
CGTCAGGGTCAATACC-1,1,sgNC_4059,12
CGTCAGGGTCACTGGC-1,1,sgNC_4059,30
CGTCAGGTCACTTCAT-1,1,sgNC_4059,6
CGTCCATAGCTTCGCG-1,1,sgNC_4059,6
CGTCCATAGTTACGGG-1,1,sgNC_4059,5
CGTCCATCAAGCCATT-1,1,sgNC_4059,17
CGTCCATCACATGTGT-1,1,sgNC_4059,7
CGTCTACGTTCTCATT-1,1,sgNC_4059,97
CGTGAGCGTGGCCCTA-1,1,sgNC_4059,8
CGTGAGCGTTCCATGA-1,1,sgNC_4059,6
CGTGTAAGTGTGAAAT-1,1,sgNC_4059,15
CGTGTAATCTACTATC-1,1,sgNC_4059,13
CGTGTCTGTGCACTTA-1,1,sgNC_4059,7
CGTTAGAAGTCGTACT-1,1,sgNC_4059,5
CGTTGGGAGGAACTGC-1,1,sgNC_4059,20
CTAACTTAGCGTGAGT-1,1,sgNC_4059,5
CTAACTTTCAAACGGG-1,1,sgNC_4059,5
CTAAGACAGAGGTTGC-1,1,sgNC_4059,7
CTAAGACAGGAGTACC-1,1,sgNC_4059,5
CTAAGACGTTCCACTC-1,1,sgNC_4059,5
CTAATGGCAAGTTCTG-1,1,sgNC_4059,10
CTAATGGTCTTGACGA-1,1,sgNC_4059,9
CTACACCAGAGATGAG-1,1,sgNC_4059,29
CTACACCAGCCTCGTG-1,1,sgNC_4059,5
CTACCCAAGGGATCTG-1,1,sgNC_4059,6
CTACCCACACGGTAAG-1,1,sgNC_4059,5
CTACCCACATCTGGTA-1,1,sgNC_4059,13
CTACCCATCTTATCTG-1,1,sgNC_4059,8
CTACGTCAGAATGTGT-1,1,sgNC_4059,5
CTACGTCAGGCAGGTT-1,1,sgNC_4059,8
CTAGTGAAGAGCCTAG-1,1,sgNC_4059,8
CTAGTGACACCCAGTG-1,1,sgNC_4059,9
CTCACACAGAAGGTGA-1,1,sgNC_4059,11
CTCACACAGCGGATCA-1,1,sgNC_4059,15
CTCACACTCTTGCAAG-1,1,sgNC_4059,5
CTCGAAACACGGTAGA-1,1,sgNC_4059,8
CTCGAAATCATCTGCC-1,1,sgNC_4059,6
CTCGAGGCAGGAATGC-1,1,sgNC_4059,11
CTCGAGGGTACCGTAT-1,1,sgNC_4059,8
CTCGAGGGTCCGACGT-1,1,sgNC_4059,6
CTCGGAGGTCACAAGG-1,1,sgNC_4059,19
CTCGGGAAGTTGTAGA-1,1,sgNC_4059,5
CTCGGGAGTCTGGTCG-1,1,sgNC_4059,8
CTCGGGATCCACGAAT-1,1,sgNC_4059,15
CTCGGGATCTTCCTTC-1,1,sgNC_4059,7
CTCGTCAAGCTCCTCT-1,1,sgNC_4059,6
CTCTAATAGTAAGTAC-1,1,sgNC_4059,12
CTCTAATGTCACTTCC-1,1,sgNC_4059,5
CTCTGGTAGAAACCTA-1,1,sgNC_4059,5
CTCTGGTCATCAGTCA-1,1,sgNC_4059,5
CTGAAACCACGAGGTA-1,1,sgNC_4059,19
CTGAAGTAGTTTGCGT-1,1,sgNC_4059,21
CTGAAGTTCGCTAGCG-1,1,sgNC_4059,18
CTGATAGAGCCAGTAG-1,1,sgNC_4059,5
CTGATAGCAGGACGTA-1,1,sgNC_4059,5
CTGATAGGTGTAACGG-1,1,sgNC_4059,28
CTGATCCAGTCGATAA-1,1,sgNC_4059,14
CTGATCCCAATCCAAC-1,1,sgNC_4059,13
CTGATCCGTCTTCAAG-1,1,sgNC_4059,7
CTGATCCTCAAGCCTA-1,1,sgNC_4059,5
CTGCGGAGTTAGAACA-1,1,sgNC_4059,30
CTGCTGTCACATCCGG-1,1,sgNC_4059,29
CTGCTGTTCTGCAGTA-1,1,sgNC_4059,5
CTGGTCTGTGACTCAT-1,1,sgNC_4059,49
CTGTTTACATATACCG-1,1,sgNC_4059,59
CTGTTTACATGCCTAA-1,1,sgNC_4059,12
CTGTTTATCGGTTCGG-1,1,sgNC_4059,28
CTTACCGGTCGCTTTC-1,1,sgNC_4059,5
CTTAGGAAGCTGGAAC-1,1,sgNC_4059,13
CTTAGGACAAGACGTG-1,1,sgNC_4059,5
CTTAGGAGTTAAGTAG-1,1,sgNC_4059,24
CTTAGGATCTCTGCTG-1,1,sgNC_4059,12
CTTCTCTCAGGCTGAA-1,1,sgNC_4059,43
CTTCTCTTCATGTGGT-1,1,sgNC_4059,5
CTTCTCTTCCTCCTAG-1,1,sgNC_4059,18
CTTCTCTTCTGGTATG-1,1,sgNC_4059,29
CTTGGCTAGCTGCGAA-1,1,sgNC_4059,5
CTTGGCTCAAGCTGTT-1,1,sgNC_4059,5
CTTGGCTGTTCGGCAC-1,1,sgNC_4059,5
CTTTGCGCACCACGTG-1,1,sgNC_4059,6
GAAATGACACACATGT-1,1,sgNC_4059,9
GAAATGACATGGAATA-1,1,sgNC_4059,29
GAAATGAGTCGCTTTC-1,1,sgNC_4059,54
GAAATGATCGTCACGG-1,1,sgNC_4059,7
GAACATCAGCGCTTAT-1,1,sgNC_4059,12
GAACCTACACAGCCCA-1,1,sgNC_4059,10
GAACCTATCCTGCAGG-1,1,sgNC_4059,19
GAAGCAGAGCCGTCGT-1,1,sgNC_4059,8
GAAGCAGCATAGTAAG-1,1,sgNC_4059,22
GAATAAGTCGATGAGG-1,1,sgNC_4059,7
GAATAAGTCGTCGTTC-1,1,sgNC_4059,5
GAATAAGTCTACCTGC-1,1,sgNC_4059,5
GAATGAAGTTACGGAG-1,1,sgNC_4059,5
GAATGAAGTTTGTTGG-1,1,sgNC_4059,5
GACACGCAGAGCTATA-1,1,sgNC_4059,25
GACACGCAGGAGTTGC-1,1,sgNC_4059,22
GACAGAGCAACACCTA-1,1,sgNC_4059,5
GACAGAGCACCAACCG-1,1,sgNC_4059,6
GACAGAGCAGGCTCAC-1,1,sgNC_4059,12
GACCAATAGAGTAATC-1,1,sgNC_4059,5
GACCAATAGCTGGAAC-1,1,sgNC_4059,23
GACCAATTCAAGCCTA-1,1,sgNC_4059,21
GACCTGGGTAGTAGTA-1,1,sgNC_4059,5
GACGCGTTCGTTACAG-1,1,sgNC_4059,5
GACGGCTGTCAAAGAT-1,1,sgNC_4059,5
GACGGCTTCGGCGCTA-1,1,sgNC_4059,7
GACGTGCCAAGCGAGT-1,1,sgNC_4059,9
GACGTGCTCCACGTTC-1,1,sgNC_4059,5
GACTAACCAAACGTGG-1,1,sgNC_4059,5
GACTAACGTTGATTGC-1,1,sgNC_4059,16
GACTACAAGCTAGGCA-1,1,sgNC_4059,12
GACTACAGTCCCTACT-1,1,sgNC_4059,15
GACTACATCTTATCTG-1,1,sgNC_4059,17
GACTGCGGTCACTGGC-1,1,sgNC_4059,5
GACTGCGTCCAAACAC-1,1,sgNC_4059,22
GACTGCGTCTTCGAGA-1,1,sgNC_4059,5
GAGCAGAAGTTGTAGA-1,1,sgNC_4059,25
GAGCAGACAAATTGCC-1,1,sgNC_4059,19
GAGCAGAGTGACTACT-1,1,sgNC_4059,5
GAGGTGAAGCAGGCTA-1,1,sgNC_4059,29
GAGGTGACATCTCCCA-1,1,sgNC_4059,9
GAGGTGATCTAACCGA-1,1,sgNC_4059,5
GATCAGTAGTACACCT-1,1,sgNC_4059,5
GATCAGTCATACCATG-1,1,sgNC_4059,15
GATCAGTCATGATCCA-1,1,sgNC_4059,10
GATCAGTTCTACTCAT-1,1,sgNC_4059,5
GATCAGTTCTTCATGT-1,1,sgNC_4059,23
GATCGATGTTCGAATC-1,1,sgNC_4059,17
GATCGATTCACCATAG-1,1,sgNC_4059,6
GATCGCGAGTGTGGCA-1,1,sgNC_4059,6
GATCGCGGTGCTCTTC-1,1,sgNC_4059,31
GATCGCGGTGTTCTTT-1,1,sgNC_4059,22
GATCGTAAGGAGCGTT-1,1,sgNC_4059,5
GATCGTAAGTTGCAGG-1,1,sgNC_4059,5
GATCGTATCAGTACGT-1,1,sgNC_4059,5
GATCTAGAGAGTAATC-1,1,sgNC_4059,22
GATCTAGCATCAGTCA-1,1,sgNC_4059,10
GATGAAACAAAGAATC-1,1,sgNC_4059,8
GATGAAACAAAGGTGC-1,1,sgNC_4059,6
GATGAGGGTTATGCGT-1,1,sgNC_4059,9
GATGCTATCAACGGCC-1,1,sgNC_4059,5
GATTCAGAGAAACGAG-1,1,sgNC_4059,5
GATTCAGCAACTGGCC-1,1,sgNC_4059,27
GCAAACTCATGCGCAC-1,1,sgNC_4059,5
GCAAACTGTTCAGACT-1,1,sgNC_4059,6
GCAATCATCTGTCTAT-1,1,sgNC_4059,11
GCACATATCAACACAC-1,1,sgNC_4059,25
GCACATATCACTCCTG-1,1,sgNC_4059,5
GCACATATCCGAGCCA-1,1,sgNC_4059,5
GCACTCTAGCTGAACG-1,1,sgNC_4059,28
GCACTCTCAAACTGCT-1,1,sgNC_4059,29
GCACTCTCAGTTAACC-1,1,sgNC_4059,18
GCAGCCACATGGTAGG-1,1,sgNC_4059,11
GCAGTTAAGGAACTGC-1,1,sgNC_4059,5
GCAGTTAGTTTAGCTG-1,1,sgNC_4059,5
GCATACAAGTCCGTAT-1,1,sgNC_4059,15
GCATACAGTGAAAGAG-1,1,sgNC_4059,33
GCATACATCTCGCTTG-1,1,sgNC_4059,9
GCATGATGTAGCGATG-1,1,sgNC_4059,5
GCATGCGAGCCTTGAT-1,1,sgNC_4059,16
GCATGCGTCCCTCTTT-1,1,sgNC_4059,10
GCATGCGTCGCCTGAG-1,1,sgNC_4059,5
GCATGCGTCTCGATGA-1,1,sgNC_4059,8
GCATGCGTCTGTTGAG-1,1,sgNC_4059,6
GCATGTAAGCGCCTCA-1,1,sgNC_4059,20
GCATGTAGTGCCTGTG-1,1,sgNC_4059,5
GCCAAATAGCACCGTC-1,1,sgNC_4059,16
GCCTCTAAGAAACCAT-1,1,sgNC_4059,5
GCCTCTAAGCAGGTCA-1,1,sgNC_4059,12
GCCTCTATCATCGCTC-1,1,sgNC_4059,9
GCGAGAAAGTCAAGCG-1,1,sgNC_4059,15
GCGAGAAGTCCAACTA-1,1,sgNC_4059,55
GCGCAACAGAGAGCTC-1,1,sgNC_4059,8
GCGCAACGTAAACGCG-1,1,sgNC_4059,36
GCGCAGTCAGTAACGG-1,1,sgNC_4059,27
GCGCAGTGTGTGACCC-1,1,sgNC_4059,39
GCGCAGTTCTAGAGTC-1,1,sgNC_4059,20
GCGCCAAAGATGGCGT-1,1,sgNC_4059,6
GCGCGATAGAATGTTG-1,1,sgNC_4059,9
GCGCGATAGTTGTAGA-1,1,sgNC_4059,24
GCGGGTTAGGGAACGG-1,1,sgNC_4059,64
GCTCCTAAGTGTTAGA-1,1,sgNC_4059,31
GCTCCTACAGCGTAAG-1,1,sgNC_4059,5
GCTCCTATCTGTTTGT-1,1,sgNC_4059,9
GCTCTGTGTCTAAACC-1,1,sgNC_4059,33
GCTGCAGAGGGTTTCT-1,1,sgNC_4059,5
GCTGCGACATGCAACT-1,1,sgNC_4059,6
GCTGCTTCACAGACTT-1,1,sgNC_4059,5
GCTGCTTCATCGGGTC-1,1,sgNC_4059,10
GCTGCTTGTCTAGAGG-1,1,sgNC_4059,21
GCTTCCAAGCTGAACG-1,1,sgNC_4059,5
GCTTCCACAAATTGCC-1,1,sgNC_4059,10
GCTTGAAAGGGTTCCC-1,1,sgNC_4059,5
GCTTGAACAGCTGCAC-1,1,sgNC_4059,5
GGAAAGCGTAAAGTCA-1,1,sgNC_4059,6
GGAACTTCAGGTCGTC-1,1,sgNC_4059,6
GGAATAACACGTCTCT-1,1,sgNC_4059,11
GGAATAAGTCGACTGC-1,1,sgNC_4059,6
GGAATAATCATCGGAT-1,1,sgNC_4059,10
GGAATAATCTCGATGA-1,1,sgNC_4059,5
GGACAAGAGGCATGTG-1,1,sgNC_4059,7
GGACAGAAGATGTCGG-1,1,sgNC_4059,50
GGACAGAAGCTTTGGT-1,1,sgNC_4059,10
GGACAGAAGTTTAGGA-1,1,sgNC_4059,8
GGACAGATCTACCAGA-1,1,sgNC_4059,8
GGACATTCATGATCCA-1,1,sgNC_4059,13
GGACATTTCACTATTC-1,1,sgNC_4059,40
GGACATTTCTGTTTGT-1,1,sgNC_4059,6
GGACGTCGTGGCGAAT-1,1,sgNC_4059,7
GGAGCAAAGCTCCCAG-1,1,sgNC_4059,13
GGAGCAAGTCACTGGC-1,1,sgNC_4059,37
GGAGCAATCCAAATGC-1,1,sgNC_4059,6
GGATGTTCATGCCCGA-1,1,sgNC_4059,7
GGATGTTTCTGAAAGA-1,1,sgNC_4059,9
GGATTACAGCCCAGCT-1,1,sgNC_4059,7
GGATTACCAGGTCCAC-1,1,sgNC_4059,9
GGCAATTGTGGGTATG-1,1,sgNC_4059,5
GGCCGATAGTTACGGG-1,1,sgNC_4059,84
GGCGACTCATCATCCC-1,1,sgNC_4059,5
GGCGTGTGTTGGACCC-1,1,sgNC_4059,26
GGCGTGTTCCCTTGTG-1,1,sgNC_4059,13
GGCTCGATCTGATACG-1,1,sgNC_4059,5
GGCTGGTCACCAGCAC-1,1,sgNC_4059,5
GGCTGGTCATGCCTTC-1,1,sgNC_4059,18
GGGAATGAGTACGCCC-1,1,sgNC_4059,5
GGGACCTCACCAGCAC-1,1,sgNC_4059,15
GGGACCTCACTCAGGC-1,1,sgNC_4059,8
GGGATGAAGGAATCGC-1,1,sgNC_4059,14
GGGCACTAGTTTAGGA-1,1,sgNC_4059,14
GGGCACTCATTCCTCG-1,1,sgNC_4059,40
GGGCACTTCGTTTGCC-1,1,sgNC_4059,20
GGGCATCCAATAACGA-1,1,sgNC_4059,17
GGGCATCTCCTGTACC-1,1,sgNC_4059,40
GGGTTGCTCCACGAAT-1,1,sgNC_4059,19
GGTGAAGAGTCCTCCT-1,1,sgNC_4059,5
GGTGAAGCATTTCACT-1,1,sgNC_4059,6
GGTGAAGGTGCTTCTC-1,1,sgNC_4059,5
GGTGCGTAGTGGCACA-1,1,sgNC_4059,5
GGTGCGTCACGTCTCT-1,1,sgNC_4059,12
GGTGCGTCATTGGGCC-1,1,sgNC_4059,5
GGTGCGTTCTGACCTC-1,1,sgNC_4059,14
GTAACTGAGCGTTGCC-1,1,sgNC_4059,5
GTAACTGGTGAGGGTT-1,1,sgNC_4059,58
GTACTCCCACCAGGTC-1,1,sgNC_4059,14
GTAGGCCGTCCGAAGA-1,1,sgNC_4059,5
GTAGGCCGTGGCAAAC-1,1,sgNC_4059,10
GTAGGCCTCTGCGACG-1,1,sgNC_4059,10
GTAGTCAAGAGTAATC-1,1,sgNC_4059,5
GTAGTCAGTAATAGCA-1,1,sgNC_4059,5
GTAGTCAGTCTAACGT-1,1,sgNC_4059,5
GTAGTCATCGATGAGG-1,1,sgNC_4059,6
GTATCTTAGGCGATAC-1,1,sgNC_4059,40
GTATCTTCAAACGTGG-1,1,sgNC_4059,34
GTATCTTTCGCGTAGC-1,1,sgNC_4059,6
GTATTCTAGTGGACGT-1,1,sgNC_4059,26
GTCAAGTTCGAGCCCA-1,1,sgNC_4059,15
GTCAAGTTCTCTGTCG-1,1,sgNC_4059,5
GTCACAAAGCCACCTG-1,1,sgNC_4059,17
GTCACAACATCGATTG-1,1,sgNC_4059,22
GTCACAAGTTACAGAA-1,1,sgNC_4059,16
GTCACGGAGGGTCGAT-1,1,sgNC_4059,9
GTCACGGCACTGCCAG-1,1,sgNC_4059,5
GTCATTTGTACAAGTA-1,1,sgNC_4059,6
GTCATTTGTTGATTGC-1,1,sgNC_4059,6
GTCCTCACACGTGAGA-1,1,sgNC_4059,6
GTCCTCATCCACGAAT-1,1,sgNC_4059,16
GTCGGGTTCGAATCCA-1,1,sgNC_4059,37
GTCGGGTTCTGCCCTA-1,1,sgNC_4059,9
GTCTCGTTCGGCGCTA-1,1,sgNC_4059,6
GTCTCGTTCGTCCGTT-1,1,sgNC_4059,27
GTCTTCGCATCCGCGA-1,1,sgNC_4059,8
GTCTTCGTCTGGTGTA-1,1,sgNC_4059,11
GTGAAGGTCATGCATG-1,1,sgNC_4059,22
GTGCAGCAGGCAATTA-1,1,sgNC_4059,15
GTGCAGCGTTGATTCG-1,1,sgNC_4059,20
GTGCAGCTCTTAGCCC-1,1,sgNC_4059,12
GTGCATAAGGATGCGT-1,1,sgNC_4059,29
GTGCGGTCAGGTCCAC-1,1,sgNC_4059,10
GTGCGGTGTTTCCACC-1,1,sgNC_4059,19
GTGGGTCAGTGACTCT-1,1,sgNC_4059,7
GTGGGTCCACACAGAG-1,1,sgNC_4059,5
GTGTGCGCATTTGCCC-1,1,sgNC_4059,8
GTGTGCGGTCCGACGT-1,1,sgNC_4059,11
GTGTTAGTCCCTGACT-1,1,sgNC_4059,15
GTTAAGCAGAACTCGG-1,1,sgNC_4059,6
GTTAAGCGTACGCTGC-1,1,sgNC_4059,6
GTTACAGCAGTCGATT-1,1,sgNC_4059,36
GTTACAGCATGAGCGA-1,1,sgNC_4059,5
GTTCATTGTTATCCGA-1,1,sgNC_4059,22
GTTCGGGAGCTTCGCG-1,1,sgNC_4059,8
GTTCGGGCAATAGCGG-1,1,sgNC_4059,5
GTTCGGGTCTGATTCT-1,1,sgNC_4059,5
GTTTCTAAGTTATCGC-1,1,sgNC_4059,27
GTTTCTAAGTTCCACA-1,1,sgNC_4059,6
GTTTCTACAATAACGA-1,1,sgNC_4059,18
GTTTCTAGTGCACCAC-1,1,sgNC_4059,11
GTTTCTATCTTGTTTG-1,1,sgNC_4059,22
TAAACCGCAGGATCGA-1,1,sgNC_4059,24
TAAGAGAAGACAATAC-1,1,sgNC_4059,11
TAAGAGACATAAGACA-1,1,sgNC_4059,31
TAAGAGAGTTGTGGCC-1,1,sgNC_4059,7
TAAGAGATCTCACATT-1,1,sgNC_4059,32
TAAGCGTAGTAAGTAC-1,1,sgNC_4059,6
TAAGCGTAGTAGGCCA-1,1,sgNC_4059,8
TAAGCGTTCGTAGGAG-1,1,sgNC_4059,6
TAAGTGCGTGTCAATC-1,1,sgNC_4059,16
TAAGTGCGTTGTGGCC-1,1,sgNC_4059,6
TACACGAGTAGCTCCG-1,1,sgNC_4059,6
TACACGATCCTTCAAT-1,1,sgNC_4059,7
TACCTATCATGCAATC-1,1,sgNC_4059,6
TACCTATTCCTGCTTG-1,1,sgNC_4059,9
TACGGATAGAGGGATA-1,1,sgNC_4059,28
TACGGTAAGAAACGCC-1,1,sgNC_4059,46
TACTCGCTCGTCCAGG-1,1,sgNC_4059,18
TACTTACAGCCTCGTG-1,1,sgNC_4059,6
TACTTACAGCTAGTCT-1,1,sgNC_4059,5
TACTTACCACTTAAGC-1,1,sgNC_4059,5
TACTTGTAGCGTTCCG-1,1,sgNC_4059,19
TACTTGTCACGCTTTC-1,1,sgNC_4059,6
TAGACCAGTGTGGTTT-1,1,sgNC_4059,10
TAGACCAGTTGATTGC-1,1,sgNC_4059,9
TAGACCATCACCGTAA-1,1,sgNC_4059,15
TAGCCGGAGGCAGTCA-1,1,sgNC_4059,48
TAGGCATGTAAGAGGA-1,1,sgNC_4059,5
TAGGCATTCCATGAGT-1,1,sgNC_4059,5
TAGTGGTGTCGCTTCT-1,1,sgNC_4059,9
TAGTGGTTCGTCGTTC-1,1,sgNC_4059,32
TAGTTGGCATATACCG-1,1,sgNC_4059,7
TAGTTGGGTCGAACAG-1,1,sgNC_4059,16
TATCAGGAGCTGCGAA-1,1,sgNC_4059,7
TATGCCCAGCTTATCG-1,1,sgNC_4059,6
TATTACCAGCTTTGGT-1,1,sgNC_4059,8
TATTACCTCTCCAACC-1,1,sgNC_4059,8
TCAATCTGTACGAAAT-1,1,sgNC_4059,14
TCACAAGAGATATGCA-1,1,sgNC_4059,10
TCACAAGAGGTGTGGT-1,1,sgNC_4059,5
TCACAAGCATCATCCC-1,1,sgNC_4059,6
TCACAAGGTTGTCTTT-1,1,sgNC_4059,49
TCACGAAAGCTCCTTC-1,1,sgNC_4059,7
TCACGAACACATGACT-1,1,sgNC_4059,5
TCAGATGAGAATAGGG-1,1,sgNC_4059,18
TCAGCTCAGGATTCGG-1,1,sgNC_4059,20
TCAGCTCGTGCACGAA-1,1,sgNC_4059,9
TCAGCTCTCCAGATCA-1,1,sgNC_4059,22
TCAGGATGTCCTGCTT-1,1,sgNC_4059,17
TCATTACGTAACGACG-1,1,sgNC_4059,7
TCATTTGAGATGGCGT-1,1,sgNC_4059,30
TCATTTGCAATACGCT-1,1,sgNC_4059,8
TCATTTGTCAGCGACC-1,1,sgNC_4059,26
TCCACACCACCGTTGG-1,1,sgNC_4059,8
TCCACACTCGTCCGTT-1,1,sgNC_4059,11
TCCCGATCACAAGACG-1,1,sgNC_4059,5
TCCCGATGTGAGGGTT-1,1,sgNC_4059,6
TCGAGGCGTTCGTTGA-1,1,sgNC_4059,22
TCGCGAGCAAGTCATC-1,1,sgNC_4059,6
TCGCGAGGTGATAAGT-1,1,sgNC_4059,12
TCGCGAGGTGCCTGTG-1,1,sgNC_4059,6
TCGCGAGTCGCCCTTA-1,1,sgNC_4059,22
TCGCGTTTCGCGTAGC-1,1,sgNC_4059,21
TCGGGACCAGCGATCC-1,1,sgNC_4059,38
TCGGTAACAGATGGCA-1,1,sgNC_4059,7
TCGGTAAGTGAGGGTT-1,1,sgNC_4059,16
TCGGTAATCCCGGATG-1,1,sgNC_4059,9
TCGTACCGTTACTGAC-1,1,sgNC_4059,33
TCGTAGAAGGCGACAT-1,1,sgNC_4059,10
TCTATTGAGTTACGGG-1,1,sgNC_4059,14
TCTCATAGTGTCAATC-1,1,sgNC_4059,6
TCTCATAGTTGGTGGA-1,1,sgNC_4059,5
TCTCATATCCTCGCAT-1,1,sgNC_4059,10
TCTGAGAAGGCATGGT-1,1,sgNC_4059,6
TCTGAGAGTGTGGCTC-1,1,sgNC_4059,16
TCTGAGATCGTTGCCT-1,1,sgNC_4059,8
TCTGAGATCTATCGCC-1,1,sgNC_4059,6
TCTGGAATCATAGCAC-1,1,sgNC_4059,14
TCTTCGGCAATAACGA-1,1,sgNC_4059,9
TCTTCGGTCAAACGGG-1,1,sgNC_4059,127
TCTTCGGTCAACACCA-1,1,sgNC_4059,16
TCTTCGGTCTCGTATT-1,1,sgNC_4059,21
TCTTTCCGTTCTGGTA-1,1,sgNC_4059,6
TCTTTCCTCGCCGTGA-1,1,sgNC_4059,5
TGAAAGAAGCTAGTTC-1,1,sgNC_4059,6
TGAAAGAAGGCCATAG-1,1,sgNC_4059,14
TGACAACGTGCCTGTG-1,1,sgNC_4059,6
TGACAACTCAGCGATT-1,1,sgNC_4059,15
TGACGGCAGCTATGCT-1,1,sgNC_4059,22
TGACGGCAGGATTCGG-1,1,sgNC_4059,23
TGACGGCGTAATTGGA-1,1,sgNC_4059,6
TGACGGCGTCTTGATG-1,1,sgNC_4059,7
TGACGGCTCGTCCGTT-1,1,sgNC_4059,6
TGACTAGAGCCAACAG-1,1,sgNC_4059,5
TGACTAGAGGTACTCT-1,1,sgNC_4059,23
TGACTAGCACATCTTT-1,1,sgNC_4059,12
TGACTAGGTTGTCGCG-1,1,sgNC_4059,5
TGAGAGGGTTTGGCGC-1,1,sgNC_4059,11
TGAGAGGTCTCTGCTG-1,1,sgNC_4059,13
TGAGCCGAGCCGATTT-1,1,sgNC_4059,52
TGAGCCGAGTTATCGC-1,1,sgNC_4059,7
TGAGGGAAGGGATCTG-1,1,sgNC_4059,6
TGAGGGATCAACGGGA-1,1,sgNC_4059,18
TGAGGGATCACAGTAC-1,1,sgNC_4059,7
TGATTTCTCCCTCAGT-1,1,sgNC_4059,6
TGCACCTAGTCCCACG-1,1,sgNC_4059,5
TGCACCTGTTGAACTC-1,1,sgNC_4059,7
TGCCCATAGTTCGCAT-1,1,sgNC_4059,5
TGCCCATCAGCTATTG-1,1,sgNC_4059,16
TGCGCAGAGAGCTATA-1,1,sgNC_4059,13
TGCGGGTGTGCCTGTG-1,1,sgNC_4059,6
TGCGTGGGTTGATTGC-1,1,sgNC_4059,10
TGCTACCTCGCAAGCC-1,1,sgNC_4059,15
TGCTGCTCAGTAAGAT-1,1,sgNC_4059,25
TGCTGCTTCTCTGCTG-1,1,sgNC_4059,6
TGGACGCAGTGTACGG-1,1,sgNC_4059,10
TGGCGCACAAGAGTCG-1,1,sgNC_4059,14
TGGCGCATCACTCTTA-1,1,sgNC_4059,42
TGGCGCATCGAATGCT-1,1,sgNC_4059,11
TGGCTGGAGTGGCACA-1,1,sgNC_4059,8
TGGCTGGTCAAACGGG-1,1,sgNC_4059,13
TGGGAAGAGAGAGCTC-1,1,sgNC_4059,5
TGGGCGTGTGTGACGA-1,1,sgNC_4059,9
TGGGCGTTCCGAATGT-1,1,sgNC_4059,6
TGGTTAGCAGCGAACA-1,1,sgNC_4059,7
TGGTTAGTCCTCATTA-1,1,sgNC_4059,13
TGGTTCCAGCGCCTTG-1,1,sgNC_4059,5
TGTATTCCATACTCTT-1,1,sgNC_4059,42
TGTCCCACACATCCGG-1,1,sgNC_4059,11
TGTCCCAGTTAAGAAC-1,1,sgNC_4059,20
TGTGGTACATCGACGC-1,1,sgNC_4059,36
TGTGGTATCAATCTCT-1,1,sgNC_4059,8
TGTGTTTAGTGTGAAT-1,1,sgNC_4059,5
TGTGTTTTCAGTCCCT-1,1,sgNC_4059,14
TGTTCCGAGTTTAGGA-1,1,sgNC_4059,5
TGTTCCGTCACATAGC-1,1,sgNC_4059,7
TGTTCCGTCCAGTAGT-1,1,sgNC_4059,7
TTAACTCCAGCGTTCG-1,1,sgNC_4059,9
TTAACTCCAGTTTACG-1,1,sgNC_4059,25
TTAACTCGTCGGCTCA-1,1,sgNC_4059,15
TTAACTCGTCTCAACA-1,1,sgNC_4059,18
TTAGGACGTCCGAAGA-1,1,sgNC_4059,10
TTAGGCACAAGCGTAG-1,1,sgNC_4059,8
TTAGGCATCAGGATCT-1,1,sgNC_4059,23
TTATGCTAGCCCAACC-1,1,sgNC_4059,8
TTCGAAGAGGGAAACA-1,1,sgNC_4059,28
TTCGAAGGTCCGAATT-1,1,sgNC_4059,5
TTCGGTCGTCATGCAT-1,1,sgNC_4059,29
TTCTACAGTGCAACGA-1,1,sgNC_4059,5
TTCTACAGTTATGCGT-1,1,sgNC_4059,9
TTCTCAATCTCATTCA-1,1,sgNC_4059,5
TTCTTAGTCAGATAAG-1,1,sgNC_4059,5
TTGAACGAGTGGGTTG-1,1,sgNC_4059,5
TTGAACGTCTTACCTA-1,1,sgNC_4059,7
TTGACTTTCAACACCA-1,1,sgNC_4059,6
TTGACTTTCGCGCCAA-1,1,sgNC_4059,23
TTGCCGTAGCTCAACT-1,1,sgNC_4059,5
TTGCCGTTCCTCATTA-1,1,sgNC_4059,6
TTGCGTCTCAGCGACC-1,1,sgNC_4059,38
TTGCGTCTCTCGCTTG-1,1,sgNC_4059,36
TTGGAACGTGGAAAGA-1,1,sgNC_4059,5
TTGGAACTCAGGCGAA-1,1,sgNC_4059,19
TTGGCAACAATAGCGG-1,1,sgNC_4059,6
TTGGCAAGTCTACCTC-1,1,sgNC_4059,14
TTGGCAATCCTTAATC-1,1,sgNC_4059,6
TTGGCAATCGACGGAA-1,1,sgNC_4059,7
TTTATGCTCCCAAGTA-1,1,sgNC_4059,7
TTTATGCTCTAACTCT-1,1,sgNC_4059,9
TTTCCTCCAAGGACTG-1,1,sgNC_4059,7
TTTCCTCGTAAGTGGC-1,1,sgNC_4059,9
TTTCCTCTCGGCGGTT-1,1,sgNC_4059,6
TTTCCTCTCGGTCCGA-1,1,sgNC_4059,5
TTTGCGCAGCCGATTT-1,1,sgNC_4059,5
TTTGCGCCATGCCCGA-1,1,sgNC_4059,8
TTTGGTTGTTCGCGAC-1,1,sgNC_4059,80
TTTGGTTTCGTACCGG-1,1,sgNC_4059,6
TTTGGTTTCTCATTCA-1,1,sgNC_4059,10
AAACGGGCATACTACG-2,1,sgNC_4059,21
AAACGGGGTACCGAGA-2,1,sgNC_4059,5
AAAGATGCAACAACCT-2,1,sgNC_4059,9
AAAGATGTCATCGATG-2,1,sgNC_4059,7
AAAGATGTCTGTCTAT-2,1,sgNC_4059,21
AAAGCAAAGAGGGATA-2,1,sgNC_4059,8
AAAGCAAAGCTAGTCT-2,1,sgNC_4059,5
AAAGTAGGTCTGATTG-2,1,sgNC_4059,16
AAAGTAGTCGTCACGG-2,1,sgNC_4059,37
AACACGTAGACAAAGG-2,1,sgNC_4059,25
AACCATGCATAGACTC-2,1,sgNC_4059,5
AACCATGTCGTAGGAG-2,1,sgNC_4059,5
AACCGCGAGGATTCGG-2,1,sgNC_4059,5
AACCGCGAGGGCACTA-2,1,sgNC_4059,13
AACCGCGAGTGAAGAG-2,1,sgNC_4059,5
AACCGCGAGTGGTAGC-2,1,sgNC_4059,10
AACCGCGCACCCATGG-2,1,sgNC_4059,8
AACGTTGAGGAATCGC-2,1,sgNC_4059,21
AACGTTGAGTGTCCCG-2,1,sgNC_4059,15
AACGTTGCAAAGCAAT-2,1,sgNC_4059,5
AACTCAGGTTTCGCTC-2,1,sgNC_4059,9
AACTCCCAGGTTACCT-2,1,sgNC_4059,43
AACTCCCCAATGTAAG-2,1,sgNC_4059,23
AACTCCCGTGTGAAAT-2,1,sgNC_4059,8
AACTCCCGTTCTGTTT-2,1,sgNC_4059,34
AACTCTTAGATCCTGT-2,1,sgNC_4059,9
AACTCTTGTCTCATCC-2,1,sgNC_4059,7
AACTGGTCACCCATGG-2,1,sgNC_4059,5
AACTGGTCACTATCTT-2,1,sgNC_4059,8
AACTGGTCAGGTGGAT-2,1,sgNC_4059,11
AACTGGTGTTCGGCAC-2,1,sgNC_4059,5
AACTGGTTCGGGAGTA-2,1,sgNC_4059,6
AACTGGTTCTGTCAAG-2,1,sgNC_4059,5
AACTTTCGTGCAACTT-2,1,sgNC_4059,23
AACTTTCTCACTTACT-2,1,sgNC_4059,24
AACTTTCTCTGTCTAT-2,1,sgNC_4059,8
AAGACCTGTGCAACTT-2,1,sgNC_4059,28
AAGCCGCCAATGAAAC-2,1,sgNC_4059,23
AAGCCGCCACATTCGA-2,1,sgNC_4059,7
AAGCCGCTCGGAGGTA-2,1,sgNC_4059,6
AAGGCAGAGGGTTTCT-2,1,sgNC_4059,59
AAGGCAGGTGCTCTTC-2,1,sgNC_4059,9
AAGGCAGTCCAAACTG-2,1,sgNC_4059,5
AAGGCAGTCTCCTATA-2,1,sgNC_4059,24
AAGGTTCCATTGCGGC-2,1,sgNC_4059,14
AAGTCTGGTTGCTCCT-2,1,sgNC_4059,5
AATCCAGAGTCAAGCG-2,1,sgNC_4059,13
AATCCAGAGTCCCACG-2,1,sgNC_4059,16
AATCGGTAGTGGGATC-2,1,sgNC_4059,7
AATCGGTGTTGTGGCC-2,1,sgNC_4059,9
ACACCAACAAACGTGG-2,1,sgNC_4059,8
ACACCAACAGTCGATT-2,1,sgNC_4059,5
ACACCAAGTAGAAAGG-2,1,sgNC_4059,5
ACACCAATCAAAGACA-2,1,sgNC_4059,16
ACACCCTAGTGAAGTT-2,1,sgNC_4059,21
ACACCCTGTTCGTTGA-2,1,sgNC_4059,7
ACACCGGCAGTCTTCC-2,1,sgNC_4059,19
ACACTGAAGGCTAGCA-2,1,sgNC_4059,12
ACACTGACATGTCGAT-2,1,sgNC_4059,5
ACAGCCGCACAGTCGC-2,1,sgNC_4059,8
ACAGCTATCGGCTTGG-2,1,sgNC_4059,5
ACATACGAGAACAATC-2,1,sgNC_4059,8
ACATACGAGTGGGTTG-2,1,sgNC_4059,9
ACATACGCACTTCTGC-2,1,sgNC_4059,21
ACATCAGCAACGATCT-2,1,sgNC_4059,36
ACATCAGCAGCAGTTT-2,1,sgNC_4059,6
ACATCAGCATAGACTC-2,1,sgNC_4059,7
ACATCAGTCCGCAAGC-2,1,sgNC_4059,8
ACATGGTAGTGCTGCC-2,1,sgNC_4059,5
ACATGGTGTAGCTTGT-2,1,sgNC_4059,5
ACATGGTTCAGGTAAA-2,1,sgNC_4059,19
ACCAGTAGTACCGCTG-2,1,sgNC_4059,14
ACCCACTCAATCTGCA-2,1,sgNC_4059,6
ACCCACTCACGCGAAA-2,1,sgNC_4059,5
ACCGTAAAGATAGCAT-2,1,sgNC_4059,5
ACCGTAACAAACTGCT-2,1,sgNC_4059,10
ACCGTAATCTCACATT-2,1,sgNC_4059,6
ACCGTAATCTGGCGTG-2,1,sgNC_4059,42
ACCTTTATCTGACCTC-2,1,sgNC_4059,29
ACGAGCCCATAGACTC-2,1,sgNC_4059,32
ACGAGCCGTAGCGTCC-2,1,sgNC_4059,22
ACGAGCCGTGGCTCCA-2,1,sgNC_4059,7
ACGATACCACGTTGGC-2,1,sgNC_4059,23
ACGATACGTGTGCGTC-2,1,sgNC_4059,36
ACGATGTAGCCAACAG-2,1,sgNC_4059,14
ACGCAGCCAATAAGCA-2,1,sgNC_4059,69
ACGCAGCTCTCGCATC-2,1,sgNC_4059,5
ACGCCAGCACAGAGGT-2,1,sgNC_4059,5
ACGCCAGTCAAGCCTA-2,1,sgNC_4059,5
ACGCCAGTCCCGACTT-2,1,sgNC_4059,13
ACGCCGAAGATCCGAG-2,1,sgNC_4059,10
ACGCCGACAATAGCAA-2,1,sgNC_4059,20
ACGCCGAGTTCCTCCA-2,1,sgNC_4059,14
ACGGAGAAGACCACGA-2,1,sgNC_4059,17
ACGGAGATCGTAGGTT-2,1,sgNC_4059,7
ACGGGCTAGCGGATCA-2,1,sgNC_4059,12
ACGGGCTAGCTGATAA-2,1,sgNC_4059,9
ACGGGTCAGAACAATC-2,1,sgNC_4059,28
ACGGGTCAGACTCGGA-2,1,sgNC_4059,5
ACGGGTCGTAATTGGA-2,1,sgNC_4059,5
ACGTCAAAGAGGTTGC-2,1,sgNC_4059,14
ACGTCAACATGGTAGG-2,1,sgNC_4059,7
ACTATCTTCCCGACTT-2,1,sgNC_4059,10
ACTGAACGTCTCTCTG-2,1,sgNC_4059,6
ACTGAGTAGCGATATA-2,1,sgNC_4059,13
ACTGAGTAGTCGTTTG-2,1,sgNC_4059,31
ACTGATGCACGCCAGT-2,1,sgNC_4059,7
ACTGATGTCAGGCCCA-2,1,sgNC_4059,8
ACTGATGTCCGTACAA-2,1,sgNC_4059,117
ACTGCTCCACCCAGTG-2,1,sgNC_4059,5
ACTGCTCTCCAGAAGG-2,1,sgNC_4059,19
ACTGTCCCACACCGCA-2,1,sgNC_4059,30
ACTGTCCCACGTAAGG-2,1,sgNC_4059,9
ACTGTCCTCCACTCCA-2,1,sgNC_4059,7
ACTTACTGTACCATCA-2,1,sgNC_4059,58
ACTTACTTCGGTCTAA-2,1,sgNC_4059,10
ACTTGTTGTGTTTGGT-2,1,sgNC_4059,23
ACTTTCACATTAACCG-2,1,sgNC_4059,5
ACTTTCAGTGTGAATA-2,1,sgNC_4059,13
ACTTTCATCACAATGC-2,1,sgNC_4059,17
ACTTTCATCACGCGGT-2,1,sgNC_4059,5
ACTTTCATCTGAGTGT-2,1,sgNC_4059,54
AGAATAGAGATGAGAG-2,1,sgNC_4059,29
AGACGTTCACCTATCC-2,1,sgNC_4059,7
AGACGTTCAGCGTCCA-2,1,sgNC_4059,17
AGACGTTGTCTAACGT-2,1,sgNC_4059,10
AGACGTTGTTACCAGT-2,1,sgNC_4059,16
AGACGTTTCTTGTACT-2,1,sgNC_4059,5
AGAGCGACACGGTGTC-2,1,sgNC_4059,34
AGAGCGATCAGTCCCT-2,1,sgNC_4059,16
AGAGCTTGTTGTGGCC-2,1,sgNC_4059,29
AGAGCTTTCCAGATCA-2,1,sgNC_4059,20
AGAGCTTTCTTTAGTC-2,1,sgNC_4059,7
AGAGTGGCATTATCTC-2,1,sgNC_4059,5
AGATTGCTCCGCAGTG-2,1,sgNC_4059,5
AGCAGCCTCGTACGGC-2,1,sgNC_4059,10
AGCATACCATGTCCTC-2,1,sgNC_4059,6
AGCCTAATCGGAGCAA-2,1,sgNC_4059,28
AGCGGTCGTCTTGATG-2,1,sgNC_4059,8
AGCGGTCGTTCGGGCT-2,1,sgNC_4059,15
AGCGTATAGGATTCGG-2,1,sgNC_4059,20
AGCGTATCAGGCAGTA-2,1,sgNC_4059,5
AGCGTCGAGACAATAC-2,1,sgNC_4059,6
AGCGTCGCAAGCCCAC-2,1,sgNC_4059,8
AGCGTCGCAGTGAGTG-2,1,sgNC_4059,40
AGCTCCTGTGACGGTA-2,1,sgNC_4059,7
AGCTCTCCATACGCCG-2,1,sgNC_4059,19
AGCTTGACAAACCTAC-2,1,sgNC_4059,5
AGCTTGACATATACCG-2,1,sgNC_4059,29
AGCTTGACATTAACCG-2,1,sgNC_4059,8
AGCTTGATCCGAGCCA-2,1,sgNC_4059,16
AGGCCGTAGCATGGCA-2,1,sgNC_4059,36
AGGCCGTTCTCTAGGA-2,1,sgNC_4059,27
AGGGAGTCAGTGGGAT-2,1,sgNC_4059,7
AGGGAGTGTCGGCATC-2,1,sgNC_4059,13
AGGGATGGTGCAACTT-2,1,sgNC_4059,14
AGGGTGACAGATGGGT-2,1,sgNC_4059,9
AGGTCATAGAAGGGTA-2,1,sgNC_4059,10
AGGTCATAGGTGCTTT-2,1,sgNC_4059,5
AGGTCATCACAAGACG-2,1,sgNC_4059,27
AGGTCATCATTCACTT-2,1,sgNC_4059,18
AGGTCATGTATCGCAT-2,1,sgNC_4059,27
AGGTCATGTCCGACGT-2,1,sgNC_4059,8
AGGTCATGTTTAGCTG-2,1,sgNC_4059,6
AGGTCATTCATCGCTC-2,1,sgNC_4059,8
AGGTCCGTCAACGAAA-2,1,sgNC_4059,6
AGGTCCGTCAGCGACC-2,1,sgNC_4059,26
AGGTCCGTCTTTAGTC-2,1,sgNC_4059,10
AGTAGTCAGATGCGAC-2,1,sgNC_4059,20
AGTAGTCGTCCTCTTG-2,1,sgNC_4059,11
AGTAGTCGTTATTCTC-2,1,sgNC_4059,25
AGTCTTTAGATATACG-2,1,sgNC_4059,20
AGTGAGGGTGATAAAC-2,1,sgNC_4059,7
AGTGGGAAGAGGTAGA-2,1,sgNC_4059,8
AGTGGGAAGCACGCCT-2,1,sgNC_4059,6
AGTTGGTGTGCGAAAC-2,1,sgNC_4059,20
AGTTGGTTCCAAAGTC-2,1,sgNC_4059,10
AGTTGGTTCTGTCAAG-2,1,sgNC_4059,5
ATAACGCCAGCGAACA-2,1,sgNC_4059,7
ATAACGCGTACATGTC-2,1,sgNC_4059,7
ATAAGAGGTGCTCTTC-2,1,sgNC_4059,21
ATAGACCCATCCGCGA-2,1,sgNC_4059,13
ATAGACCTCGTACCGG-2,1,sgNC_4059,13
ATCACGAGTGTGCGTC-2,1,sgNC_4059,21
ATCACGATCAACGGCC-2,1,sgNC_4059,5
ATCACGATCTCGATGA-2,1,sgNC_4059,7
ATCACGATCTGTCTCG-2,1,sgNC_4059,9
ATCATCTCATATACCG-2,1,sgNC_4059,24
ATCATCTTCGTGACAT-2,1,sgNC_4059,6
ATCATCTTCTTGAGAC-2,1,sgNC_4059,7
ATCATGGTCCTTAATC-2,1,sgNC_4059,12
ATCCACCAGAGCTATA-2,1,sgNC_4059,11
ATCCACCCAAGTTAAG-2,1,sgNC_4059,6
ATCCGAATCTCCCTGA-2,1,sgNC_4059,23
ATCGAGTTCTGAGGGA-2,1,sgNC_4059,41
ATCTACTGTAGTAGTA-2,1,sgNC_4059,49
ATCTGCCAGAGCTGCA-2,1,sgNC_4059,18
ATCTGCCCACTGTGTA-2,1,sgNC_4059,5
ATGAGGGGTGCACGAA-2,1,sgNC_4059,7
ATGCGATCAAACGCGA-2,1,sgNC_4059,10
ATGGGAGGTCCATGAT-2,1,sgNC_4059,27
ATGGGAGGTGTGAATA-2,1,sgNC_4059,6
ATGGGAGTCCGGCACA-2,1,sgNC_4059,15
ATGTGTGCAAGCGAGT-2,1,sgNC_4059,5
ATTACTCCACTTGGAT-2,1,sgNC_4059,10
ATTATCCCACGAAAGC-2,1,sgNC_4059,7
ATTCTACAGTGTACCT-2,1,sgNC_4059,6
ATTGGACTCGGTCTAA-2,1,sgNC_4059,11
ATTGGTGAGCCACTAT-2,1,sgNC_4059,14
ATTGGTGTCGGCGCAT-2,1,sgNC_4059,9
ATTTCTGAGTCCGGTC-2,1,sgNC_4059,5
ATTTCTGGTGTGTGCC-2,1,sgNC_4059,11
ATTTCTGTCCGTCAAA-2,1,sgNC_4059,7
CAACCAACAACTGCTA-2,1,sgNC_4059,14
CAACCAACAGGGTATG-2,1,sgNC_4059,8
CAACCAAGTTGGTGGA-2,1,sgNC_4059,20
CAACCTCGTCCCGACA-2,1,sgNC_4059,13
CAACCTCTCCGGCACA-2,1,sgNC_4059,31
CAACTAGGTCACTTCC-2,1,sgNC_4059,6
CAAGAAAAGTTGCAGG-2,1,sgNC_4059,6
CAAGATCCAATTCCTT-2,1,sgNC_4059,38
CAAGATCGTCCAAGTT-2,1,sgNC_4059,14
CAAGATCTCTGATACG-2,1,sgNC_4059,48
CAAGATCTCTGTCTCG-2,1,sgNC_4059,6
CAAGGCCCAAGTCTGT-2,1,sgNC_4059,8
CAAGGCCCAGAAGCAC-2,1,sgNC_4059,5
CAAGGCCCATCGACGC-2,1,sgNC_4059,29
CAAGGCCCATTTCAGG-2,1,sgNC_4059,14
CAAGGCCCATTTGCTT-2,1,sgNC_4059,15
CAAGGCCGTGTCTGAT-2,1,sgNC_4059,52
CAAGGCCTCGGATGGA-2,1,sgNC_4059,19
CAAGTTGTCTAGCACA-2,1,sgNC_4059,9
CACAAACAGGAACTGC-2,1,sgNC_4059,10
CACAAACCATCGGAAG-2,1,sgNC_4059,20
CACAAACCATTGTGCA-2,1,sgNC_4059,14
CACACAACAATCGGTT-2,1,sgNC_4059,7
CACACAAGTCGGGTCT-2,1,sgNC_4059,12
CACACCTTCAGGATCT-2,1,sgNC_4059,6
CACACTCAGCCAACAG-2,1,sgNC_4059,5
CACACTCAGCTAACTC-2,1,sgNC_4059,41
CACACTCTCCCTTGTG-2,1,sgNC_4059,6
CACAGGCGTTTGTTTC-2,1,sgNC_4059,25
CACAGTATCTCGGACG-2,1,sgNC_4059,38
CACAGTATCTTGAGGT-2,1,sgNC_4059,5
CACATAGCACTGTGTA-2,1,sgNC_4059,6
CACCACTCAGTCAGCC-2,1,sgNC_4059,19
CACCAGGTCAGGTAAA-2,1,sgNC_4059,8
CACCTTGAGAACTCGG-2,1,sgNC_4059,5
CACCTTGAGCCGCCTA-2,1,sgNC_4059,36
CACCTTGCAAACCCAT-2,1,sgNC_4059,66
CACCTTGCAAAGCGGT-2,1,sgNC_4059,6
CACCTTGTCGCACTCT-2,1,sgNC_4059,5
CACCTTGTCTTGTCAT-2,1,sgNC_4059,7
CACTCCAAGACCGGAT-2,1,sgNC_4059,39
CACTCCATCCCAACGG-2,1,sgNC_4059,20
CAGAATCCAATCTGCA-2,1,sgNC_4059,5
CAGAATCGTTAGGGTG-2,1,sgNC_4059,9
CAGAGAGAGTAATCCC-2,1,sgNC_4059,11
CAGAGAGAGTTTCCTT-2,1,sgNC_4059,5
CAGAGAGCACCAACCG-2,1,sgNC_4059,14
CAGAGAGCATGCAATC-2,1,sgNC_4059,5
CAGAGAGGTCGAATCT-2,1,sgNC_4059,5
CAGAGAGTCTTGGGTA-2,1,sgNC_4059,13
CAGATCACAGCTGTTA-2,1,sgNC_4059,17
CAGATCATCATCTGCC-2,1,sgNC_4059,10
CAGATCATCTATCCTA-2,1,sgNC_4059,14
CAGCAGCCAATAACGA-2,1,sgNC_4059,6
CAGCATACATCCGGGT-2,1,sgNC_4059,18
CAGCATATCCGGCACA-2,1,sgNC_4059,14
CAGCCGACACAGTCGC-2,1,sgNC_4059,16
CAGCCGAGTATGCTTG-2,1,sgNC_4059,13
CAGCCGAGTGCACCAC-2,1,sgNC_4059,27
CAGCGACAGACGCACA-2,1,sgNC_4059,5
CAGCGACCAAGAGTCG-2,1,sgNC_4059,6
CAGCGACGTCGAGATG-2,1,sgNC_4059,34
CAGCTAACATACCATG-2,1,sgNC_4059,22
CAGCTGGAGGCTAGCA-2,1,sgNC_4059,38
CAGGTGCCAACGATCT-2,1,sgNC_4059,10
CAGGTGCTCATCGATG-2,1,sgNC_4059,9
CAGTAACGTGGTACAG-2,1,sgNC_4059,39
CAGTCCTAGCACCGCT-2,1,sgNC_4059,6
CAGTCCTGTCCTGCTT-2,1,sgNC_4059,6
CATATGGTCAGGTTCA-2,1,sgNC_4059,31
CATATGGTCGTTGCCT-2,1,sgNC_4059,16
CATATTCAGACGCTTT-2,1,sgNC_4059,27
CATCAAGGTAATTGGA-2,1,sgNC_4059,5
CATCAAGGTACAGACG-2,1,sgNC_4059,13
CATCAAGGTATAGGGC-2,1,sgNC_4059,19
CATCAAGTCAGTTGAC-2,1,sgNC_4059,6
CATCAGACAAAGCAAT-2,1,sgNC_4059,30
CATCCACTCTGGAGCC-2,1,sgNC_4059,13
CATCGGGGTTTCGCTC-2,1,sgNC_4059,13
CATCGGGTCAAACCAC-2,1,sgNC_4059,6
CATGACAAGAGGACGG-2,1,sgNC_4059,22
CATGACAAGGCTAGGT-2,1,sgNC_4059,13
CATGACATCACCCGAG-2,1,sgNC_4059,7
CATGCCTAGCCACGTC-2,1,sgNC_4059,9
CATGCCTAGGTGACCA-2,1,sgNC_4059,18
CATGCCTAGTTGTAGA-2,1,sgNC_4059,7
CATGGCGCAGCGTAAG-2,1,sgNC_4059,6
CATTCGCCAGTATGCT-2,1,sgNC_4059,8
CCAATCCCATATACGC-2,1,sgNC_4059,16
CCACCTAGTAGGAGTC-2,1,sgNC_4059,11
CCACTACGTCATCCCT-2,1,sgNC_4059,21
CCAGCGACAATAGCGG-2,1,sgNC_4059,6
CCATGTCAGAAAGTGG-2,1,sgNC_4059,10
CCATGTCCAGTCAGCC-2,1,sgNC_4059,25
CCATGTCTCGGTCTAA-2,1,sgNC_4059,9
CCATTCGAGTCGTACT-2,1,sgNC_4059,5
CCCAGTTAGATGTAAC-2,1,sgNC_4059,7
CCCATACGTGCGATAG-2,1,sgNC_4059,6
CCCATACTCGCTGATA-2,1,sgNC_4059,6
CCGGTAGCACGAGGTA-2,1,sgNC_4059,34
CCGGTAGCATATGCTG-2,1,sgNC_4059,5
CCGGTAGGTAAATGTG-2,1,sgNC_4059,23
CCGGTAGTCTATCCCG-2,1,sgNC_4059,34
CCGTACTAGGGAGTAA-2,1,sgNC_4059,5
CCGTACTAGTACCGGA-2,1,sgNC_4059,6
CCGTACTCACATGTGT-2,1,sgNC_4059,24
CCGTACTGTTCGCGAC-2,1,sgNC_4059,6
CCGTACTGTTTGACTG-2,1,sgNC_4059,7
CCGTACTTCCAGGGCT-2,1,sgNC_4059,5
CCGTGGAAGCTACCGC-2,1,sgNC_4059,14
CCGTGGACAGGACCCT-2,1,sgNC_4059,9
CCGTTCACAATGGACG-2,1,sgNC_4059,13
CCTAAAGGTGCAGGTA-2,1,sgNC_4059,6
CCTACACAGAAGGTGA-2,1,sgNC_4059,7
CCTACACCACCGATAT-2,1,sgNC_4059,9
CCTACCACATCACAAC-2,1,sgNC_4059,7
CCTACCAGTCATCCCT-2,1,sgNC_4059,6
CCTAGCTAGGGCTCTC-2,1,sgNC_4059,5
CCTCTGAAGTGTACCT-2,1,sgNC_4059,5
CCTCTGACAATGGTCT-2,1,sgNC_4059,6
CCTCTGATCCACGTTC-2,1,sgNC_4059,7
CCTCTGATCTATCCCG-2,1,sgNC_4059,5
CCTTACGAGCCGGTAA-2,1,sgNC_4059,5
CCTTACGTCGGACAAG-2,1,sgNC_4059,16
CCTTCCCAGACTGGGT-2,1,sgNC_4059,10
CCTTCCCAGTGCCATT-2,1,sgNC_4059,7
CCTTCCCCACGGATAG-2,1,sgNC_4059,5
CCTTCCCCATAACCTG-2,1,sgNC_4059,10
CCTTCCCGTAATTGGA-2,1,sgNC_4059,5
CCTTCCCTCATCGCTC-2,1,sgNC_4059,6
CCTTCGAAGTCCAGGA-2,1,sgNC_4059,14
CCTTTCTAGTGAACGC-2,1,sgNC_4059,7
CCTTTCTCACTGCCAG-2,1,sgNC_4059,6
CCTTTCTCATCGGAAG-2,1,sgNC_4059,35
CCTTTCTGTATCAGTC-2,1,sgNC_4059,7
CGAACATCATGGAATA-2,1,sgNC_4059,7
CGAACATGTTTGGGCC-2,1,sgNC_4059,29
CGAATGTAGCAACGGT-2,1,sgNC_4059,5
CGACCTTCACCCATGG-2,1,sgNC_4059,38
CGACCTTGTGCTAGCC-2,1,sgNC_4059,52
CGACCTTTCTCGCTTG-2,1,sgNC_4059,6
CGACTTCCAGTATAAG-2,1,sgNC_4059,14
CGACTTCGTTACGTCA-2,1,sgNC_4059,6
CGACTTCTCCGCATCT-2,1,sgNC_4059,7
CGAGAAGGTGCACTTA-2,1,sgNC_4059,5
CGAGCACCAGACAAAT-2,1,sgNC_4059,49
CGAGCACCATTCCTGC-2,1,sgNC_4059,5
CGAGCACTCTAGAGTC-2,1,sgNC_4059,22
CGAGCCAAGCCGATTT-2,1,sgNC_4059,57
CGATCGGCATGACGGA-2,1,sgNC_4059,6
CGATGGCGTAGGCTGA-2,1,sgNC_4059,13
CGATGGCTCCGAACGC-2,1,sgNC_4059,8
CGATGGCTCTTTACGT-2,1,sgNC_4059,13
CGATGTAGTAGCACGA-2,1,sgNC_4059,5
CGATGTAGTCCTAGCG-2,1,sgNC_4059,12
CGATTGATCTTTACGT-2,1,sgNC_4059,16
CGCCAAGAGTGTTAGA-2,1,sgNC_4059,13
CGCCAAGCAGCGTAAG-2,1,sgNC_4059,13
CGCCAAGGTCGTTGTA-2,1,sgNC_4059,7
CGCGGTACATGCAATC-2,1,sgNC_4059,6
CGCGGTATCAGGATCT-2,1,sgNC_4059,15
CGCGTTTTCACTCTTA-2,1,sgNC_4059,6
CGCGTTTTCCTATTCA-2,1,sgNC_4059,32
CGCTATCAGAGTAAGG-2,1,sgNC_4059,61
CGCTATCAGATAGGAG-2,1,sgNC_4059,14
CGCTATCCAGCTTCGG-2,1,sgNC_4059,6
CGCTATCTCTGATTCT-2,1,sgNC_4059,6
CGCTTCAGTCTAGAGG-2,1,sgNC_4059,14
CGCTTCATCTCAACTT-2,1,sgNC_4059,13
CGGACACGTCAGTGGA-2,1,sgNC_4059,5
CGGACACTCTGGTATG-2,1,sgNC_4059,40
CGGACGTAGTGCGTGA-2,1,sgNC_4059,12
CGGACTGAGAGTTGGC-2,1,sgNC_4059,5
CGGAGCTAGAGTAATC-2,1,sgNC_4059,7
CGGAGTCAGGAGTTGC-2,1,sgNC_4059,14
CGGAGTCCAGCGATCC-2,1,sgNC_4059,7
CGGAGTCTCTTGTACT-2,1,sgNC_4059,7
CGGCTAGCACGAAATA-2,1,sgNC_4059,5
CGGGTCAAGTGTACTC-2,1,sgNC_4059,63
CGGGTCACAATTCCTT-2,1,sgNC_4059,14
CGGGTCAGTAGCTTGT-2,1,sgNC_4059,6
CGGTTAAAGTTACGGG-2,1,sgNC_4059,29
CGGTTAAGTACGACCC-2,1,sgNC_4059,6
CGGTTAATCAACACGT-2,1,sgNC_4059,6
CGGTTAATCGCCTGTT-2,1,sgNC_4059,5
CGTAGCGGTAGCTTGT-2,1,sgNC_4059,32
CGTAGGCCACCTTGTC-2,1,sgNC_4059,6
CGTAGGCCAGACGCCT-2,1,sgNC_4059,15
CGTAGGCTCTTGCAAG-2,1,sgNC_4059,7
CGTCACTCAGCTGTAT-2,1,sgNC_4059,9
CGTCACTCATGGTCTA-2,1,sgNC_4059,6
CGTCACTGTTTGACTG-2,1,sgNC_4059,17
CGTCACTTCATAGCAC-2,1,sgNC_4059,47
CGTCAGGAGCTGCGAA-2,1,sgNC_4059,11
CGTCCATCACCCAGTG-2,1,sgNC_4059,5
CGTCCATCACTGAAGG-2,1,sgNC_4059,20
CGTCCATTCTTGTTTG-2,1,sgNC_4059,10
CGTCTACGTCTCAACA-2,1,sgNC_4059,11
CGTCTACTCGTTACAG-2,1,sgNC_4059,21
CGTGAGCGTACCGCTG-2,1,sgNC_4059,6
CGTGAGCTCTTATCTG-2,1,sgNC_4059,15
CGTGTAATCTTAGAGC-2,1,sgNC_4059,9
CGTGTCTAGACTACAA-2,1,sgNC_4059,21
CGTGTCTAGCCCAGCT-2,1,sgNC_4059,5
CGTTCTGCAGCGTAAG-2,1,sgNC_4059,20
CGTTGGGCAAGCCGTC-2,1,sgNC_4059,5
CTAACTTCACCAGCAC-2,1,sgNC_4059,8
CTAAGACAGTGAAGTT-2,1,sgNC_4059,11
CTAAGACCACGACGAA-2,1,sgNC_4059,21
CTAAGACTCAGCAACT-2,1,sgNC_4059,6
CTAATGGAGTACGCGA-2,1,sgNC_4059,5
CTAATGGAGTGTGGCA-2,1,sgNC_4059,17
CTAATGGGTGTGTGCC-2,1,sgNC_4059,28
CTAATGGTCTGAAAGA-2,1,sgNC_4059,32
CTACACCCACATGTGT-2,1,sgNC_4059,22
CTACACCCATGGTAGG-2,1,sgNC_4059,6
CTACACCGTTCACCTC-2,1,sgNC_4059,8
CTACATTTCAACACTG-2,1,sgNC_4059,5
CTACCCATCATTTGGG-2,1,sgNC_4059,7
CTACGTCAGCTCTCGG-2,1,sgNC_4059,9
CTAGAGTCAGACGCTC-2,1,sgNC_4059,10
CTAGAGTGTACTTAGC-2,1,sgNC_4059,6
CTAGCCTCAAAGGAAG-2,1,sgNC_4059,5
CTAGCCTGTCAATACC-2,1,sgNC_4059,9
CTAGCCTTCGAACTGT-2,1,sgNC_4059,5
CTAGCCTTCGTCCAGG-2,1,sgNC_4059,6
CTAGTGAAGAGTGAGA-2,1,sgNC_4059,7
CTAGTGAGTCTAACGT-2,1,sgNC_4059,31
CTAGTGAGTTCCACTC-2,1,sgNC_4059,5
CTCACACAGAGTTGGC-2,1,sgNC_4059,17
CTCACACCACCTCGGA-2,1,sgNC_4059,6
CTCACACTCGTCTGAA-2,1,sgNC_4059,7
CTCAGAACAGTTCCCT-2,1,sgNC_4059,5
CTCAGAAGTCTCTTTA-2,1,sgNC_4059,5
CTCAGAATCCCTGACT-2,1,sgNC_4059,17
CTCATTACATGGTCAT-2,1,sgNC_4059,13
CTCATTATCAAGCCTA-2,1,sgNC_4059,29
CTCATTATCGAATCCA-2,1,sgNC_4059,13
CTCCTAGTCGCTAGCG-2,1,sgNC_4059,9
CTCGAAACAGACACTT-2,1,sgNC_4059,45
CTCGAAACATCGATGT-2,1,sgNC_4059,5
CTCGAGGCAAGCGCTC-2,1,sgNC_4059,13
CTCGAGGTCGTTTGCC-2,1,sgNC_4059,11
CTCGGAGCATACCATG-2,1,sgNC_4059,17
CTCGGAGGTGACCAAG-2,1,sgNC_4059,6
CTCGGAGTCCGCTGTT-2,1,sgNC_4059,5
CTCGGAGTCGTCTGAA-2,1,sgNC_4059,7
CTCGGGAAGCCGGTAA-2,1,sgNC_4059,5
CTCGTACAGTTAGCGG-2,1,sgNC_4059,27
CTCGTACTCGACGGAA-2,1,sgNC_4059,22
CTCGTCAGTGGTGTAG-2,1,sgNC_4059,6
CTCGTCATCTGCGGCA-2,1,sgNC_4059,28
CTCTAATAGGTGGGTT-2,1,sgNC_4059,37
CTCTAATTCTAACTCT-2,1,sgNC_4059,8
CTCTACGCACTGCCAG-2,1,sgNC_4059,6
CTCTGGTAGATCGGGT-2,1,sgNC_4059,19
CTCTGGTGTCCGAATT-2,1,sgNC_4059,40
CTCTGGTGTTTAGGAA-2,1,sgNC_4059,25
CTGAAACAGCGTTTAC-2,1,sgNC_4059,9
CTGAAACAGGGTGTGT-2,1,sgNC_4059,5
CTGAAACGTGAGGGTT-2,1,sgNC_4059,6
CTGAAGTCACTATCTT-2,1,sgNC_4059,17
CTGAAGTCATACTCTT-2,1,sgNC_4059,9
CTGAAGTTCGTCTGAA-2,1,sgNC_4059,7
CTGAAGTTCTTCGGTC-2,1,sgNC_4059,8
CTGATCCAGTGTACGG-2,1,sgNC_4059,24
CTGATCCCATGGGAAC-2,1,sgNC_4059,18
CTGCCTAAGGATGGTC-2,1,sgNC_4059,8
CTGCCTAGTAGCGCAA-2,1,sgNC_4059,17
CTGCCTAGTCCGAACC-2,1,sgNC_4059,6
CTGCGGAAGTGGGCTA-2,1,sgNC_4059,5
CTGCGGACAGCATGAG-2,1,sgNC_4059,12
CTGCGGAGTCCCTTGT-2,1,sgNC_4059,16
CTGCGGATCCGAACGC-2,1,sgNC_4059,6
CTGCTGTAGTATCGAA-2,1,sgNC_4059,18
CTGCTGTCAAGACGTG-2,1,sgNC_4059,8
CTGCTGTTCGTGGGAA-2,1,sgNC_4059,21
CTGGTCTCAAACAACA-2,1,sgNC_4059,17
CTGGTCTCAAGGACAC-2,1,sgNC_4059,43
CTGGTCTGTTCGTTGA-2,1,sgNC_4059,19
CTGGTCTTCGGCGGTT-2,1,sgNC_4059,5
CTGTGCTCATGGTCAT-2,1,sgNC_4059,8
CTTAACTAGAAACCAT-2,1,sgNC_4059,8
CTTAACTTCTGTGCAA-2,1,sgNC_4059,10
CTTACCGAGATGGCGT-2,1,sgNC_4059,18
CTTACCGCAGTCAGAG-2,1,sgNC_4059,23
CTTAGGACATCTGGTA-2,1,sgNC_4059,7
CTTAGGACATGACGGA-2,1,sgNC_4059,10
CTTCTCTGTTGGTGGA-2,1,sgNC_4059,9
CTTGGCTAGTAGCGGT-2,1,sgNC_4059,9
CTTGGCTTCTTTCCTC-2,1,sgNC_4059,11
CTTTGCGGTCGTCTTC-2,1,sgNC_4059,8
CTTTGCGTCCAGAGGA-2,1,sgNC_4059,9
GAAACTCAGGATGGAA-2,1,sgNC_4059,7
GAAACTCCACGGACAA-2,1,sgNC_4059,5
GAAACTCCAGCCTGTG-2,1,sgNC_4059,30
GAAACTCTCAACGGCC-2,1,sgNC_4059,41
GAAACTCTCAGGATCT-2,1,sgNC_4059,11
GAAATGACACCAGATT-2,1,sgNC_4059,10
GAAATGAGTAGGCATG-2,1,sgNC_4059,17
GAAATGAGTCTCACCT-2,1,sgNC_4059,34
GAACCTAAGACTAGAT-2,1,sgNC_4059,5
GAACCTAGTTCGTTGA-2,1,sgNC_4059,15
GAACCTATCAGGTTCA-2,1,sgNC_4059,12
GAACGGAAGCTAACAA-2,1,sgNC_4059,49
GAACGGATCTCCCTGA-2,1,sgNC_4059,5
GAAGCAGCATGCCTAA-2,1,sgNC_4059,22
GAAGCAGGTCAGAGGT-2,1,sgNC_4059,6
GAAGCAGGTTGCGCAC-2,1,sgNC_4059,5
GAATAAGGTTACGTCA-2,1,sgNC_4059,18
GAATGAAGTTACGCGC-2,1,sgNC_4059,6
GACAGAGCAGACAGGT-2,1,sgNC_4059,14
GACAGAGCATTGTGCA-2,1,sgNC_4059,6
GACCAATGTCGATTGT-2,1,sgNC_4059,8
GACCAATTCAGGCCCA-2,1,sgNC_4059,6
GACCAATTCATCTGCC-2,1,sgNC_4059,28
GACCTGGCATCATCCC-2,1,sgNC_4059,9
GACCTGGTCTTCTGGC-2,1,sgNC_4059,20
GACGGCTTCAGGATCT-2,1,sgNC_4059,27
GACGTGCAGACTAGAT-2,1,sgNC_4059,6
GACGTGCAGTCATCCA-2,1,sgNC_4059,15
GACGTTATCGCCCTTA-2,1,sgNC_4059,7
GACTAACGTCCCTTGT-2,1,sgNC_4059,29
GACTACACACTGTCGG-2,1,sgNC_4059,5
GACTGCGGTCGATTGT-2,1,sgNC_4059,9
GAGGTGAGTACGCTGC-2,1,sgNC_4059,15
GATCAGTTCTACTATC-2,1,sgNC_4059,23
GATCGATCATCATCCC-2,1,sgNC_4059,5
GATCGCGGTTCGGCAC-2,1,sgNC_4059,7
GATCGTATCGCACTCT-2,1,sgNC_4059,27
GATCTAGCATCGGTTA-2,1,sgNC_4059,17
GATCTAGGTGATGTCT-2,1,sgNC_4059,5
GATGAAAAGATCGATA-2,1,sgNC_4059,21
GATGAAACATGCTAGT-2,1,sgNC_4059,13
GATGAAATCTGCAGTA-2,1,sgNC_4059,19
GATGCTAAGTGAACAT-2,1,sgNC_4059,7
GATTCAGCAAAGGTGC-2,1,sgNC_4059,9
GATTCAGTCGGTGTTA-2,1,sgNC_4059,26
GCAAACTCAGGTGGAT-2,1,sgNC_4059,10
GCAATCACAATGTTGC-2,1,sgNC_4059,5
GCAATCACACTGTTAG-2,1,sgNC_4059,7
GCACTCTCAGCGTTCG-2,1,sgNC_4059,14
GCACTCTTCACTTACT-2,1,sgNC_4059,12
GCACTCTTCCGTTGCT-2,1,sgNC_4059,11
GCACTCTTCGAACTGT-2,1,sgNC_4059,9
GCAGCCATCACTTCAT-2,1,sgNC_4059,5
GCATGATAGGAGCGTT-2,1,sgNC_4059,5
GCATGATTCTGTCTAT-2,1,sgNC_4059,9
GCATGCGCACCTCGTT-2,1,sgNC_4059,5
GCATGCGTCGGTTAAC-2,1,sgNC_4059,15
GCATGCGTCTAGCACA-2,1,sgNC_4059,10
GCATGTATCATGTAGC-2,1,sgNC_4059,5
GCCAAATCAAAGCGGT-2,1,sgNC_4059,5
GCCAAATGTCGATTGT-2,1,sgNC_4059,5
GCGACCACATCCGCGA-2,1,sgNC_4059,10
GCGAGAATCTTGTATC-2,1,sgNC_4059,7
GCGCAGTAGTGACATA-2,1,sgNC_4059,6
GCGCAGTGTTCGTGAT-2,1,sgNC_4059,5
GCGCCAAAGCCTCGTG-2,1,sgNC_4059,15
GCGCCAAAGTCCTCCT-2,1,sgNC_4059,7
GCGCGATGTCGTGGCT-2,1,sgNC_4059,32
GCGCGATTCTTCATGT-2,1,sgNC_4059,16
GCTCCTAAGCGTTCCG-2,1,sgNC_4059,10
GCTCCTAGTGCGATAG-2,1,sgNC_4059,7
GCTCTGTGTTGTGGAG-2,1,sgNC_4059,9
GCTGCAGAGCACACAG-2,1,sgNC_4059,6
GCTGCAGAGTAGCCGA-2,1,sgNC_4059,10
GCTGCAGTCACCTTAT-2,1,sgNC_4059,6
GCTGCGACAACACCTA-2,1,sgNC_4059,25
GCTGCGAGTAGATTAG-2,1,sgNC_4059,22
GCTGCGATCTGAAAGA-2,1,sgNC_4059,15
GCTGCTTCAGACGCAA-2,1,sgNC_4059,14
GCTGGGTAGATACACA-2,1,sgNC_4059,44
GCTGGGTCATGGATGG-2,1,sgNC_4059,37
GCTGGGTTCGTTTATC-2,1,sgNC_4059,9
GCTGGGTTCTTGTTTG-2,1,sgNC_4059,46
GCTTCCAGTCTCATCC-2,1,sgNC_4059,14
GCTTGAACACCACCAG-2,1,sgNC_4059,16
GGAAAGCTCAGAGACG-2,1,sgNC_4059,8
GGAACTTCAGGGTTAG-2,1,sgNC_4059,32
GGAACTTTCAGCTCGG-2,1,sgNC_4059,10
GGAATAAGTGATAAGT-2,1,sgNC_4059,18
GGACAAGAGTGTTTGC-2,1,sgNC_4059,6
GGACAAGTCGATGAGG-2,1,sgNC_4059,11
GGACAGAAGGAATGGA-2,1,sgNC_4059,44
GGACAGAAGGAGTTTA-2,1,sgNC_4059,54
GGACAGATCAGAGACG-2,1,sgNC_4059,5
GGAGCAAAGCTCTCGG-2,1,sgNC_4059,16
GGATGTTGTTTAGGAA-2,1,sgNC_4059,6
GGATGTTTCAGCATGT-2,1,sgNC_4059,7
GGATTACAGGCTCATT-2,1,sgNC_4059,5
GGATTACGTCAACATC-2,1,sgNC_4059,11
GGATTACTCGTTTATC-2,1,sgNC_4059,5
GGCCGATCAAGCCTAT-2,1,sgNC_4059,11
GGCGACTAGATGTGTA-2,1,sgNC_4059,6
GGCGACTGTCGCATCG-2,1,sgNC_4059,20
GGCGTGTCATACTACG-2,1,sgNC_4059,10
GGCGTGTCATTCACTT-2,1,sgNC_4059,8
GGCGTGTTCCCTCAGT-2,1,sgNC_4059,6
GGCGTGTTCCTATTCA-2,1,sgNC_4059,19
GGCTCGAAGACAAAGG-2,1,sgNC_4059,8
GGCTCGAGTCTAGCCG-2,1,sgNC_4059,6
GGCTGGTAGTATGACA-2,1,sgNC_4059,7
GGCTGGTTCCGTCATC-2,1,sgNC_4059,10
GGGAATGAGCCAGTTT-2,1,sgNC_4059,5
GGGAATGCACCTCGTT-2,1,sgNC_4059,25
GGGAATGTCAGGTAAA-2,1,sgNC_4059,5
GGGACCTAGCCCAGCT-2,1,sgNC_4059,15
GGGACCTGTGAGGCTA-2,1,sgNC_4059,40
GGGAGATCACAGTCGC-2,1,sgNC_4059,8
GGGAGATGTGATGCCC-2,1,sgNC_4059,10
GGGATGACATTTGCTT-2,1,sgNC_4059,32
GGGATGAGTCCGAGTC-2,1,sgNC_4059,63
GGGATGAGTCTAAACC-2,1,sgNC_4059,16
GGGCACTAGAGGTTAT-2,1,sgNC_4059,18
GGGCATCAGGTCGGAT-2,1,sgNC_4059,5
GGGTCTGAGATGTGGC-2,1,sgNC_4059,19
GGGTCTGCACAGATTC-2,1,sgNC_4059,24
GGGTTGCCACATGTGT-2,1,sgNC_4059,9
GGGTTGCGTCCTGCTT-2,1,sgNC_4059,6
GGTATTGGTTCGTTGA-2,1,sgNC_4059,6
GGTATTGGTTGGTGGA-2,1,sgNC_4059,8
GGTGAAGAGCTTCGCG-2,1,sgNC_4059,13
GGTGCGTCAAGGACAC-2,1,sgNC_4059,6
GGTGCGTCACCTCGGA-2,1,sgNC_4059,10
GGTGCGTCAGCCTGTG-2,1,sgNC_4059,7
GGTGCGTGTTCCACGG-2,1,sgNC_4059,26
GGTGTTAGTTTGTGTG-2,1,sgNC_4059,5
GTAACGTGTGTGAAAT-2,1,sgNC_4059,29
GTAACGTTCAGATAAG-2,1,sgNC_4059,12
GTAACTGAGTGGTAGC-2,1,sgNC_4059,12
GTACGTACATGATCCA-2,1,sgNC_4059,20
GTACGTAGTCTCTTAT-2,1,sgNC_4059,34
GTACGTAGTTGGTTTG-2,1,sgNC_4059,6
GTACGTATCTTTCCTC-2,1,sgNC_4059,13
GTACTCCCAAATACAG-2,1,sgNC_4059,6
GTACTCCTCAGCATGT-2,1,sgNC_4059,21
GTACTTTAGCTAAACA-2,1,sgNC_4059,6
GTACTTTAGTAGATGT-2,1,sgNC_4059,10
GTAGGCCAGCTCCCAG-2,1,sgNC_4059,5
GTAGGCCAGTCCTCCT-2,1,sgNC_4059,8
GTAGGCCCAATCCGAT-2,1,sgNC_4059,7
GTAGTCAAGCGTCAAG-2,1,sgNC_4059,5
GTAGTCACAATGACCT-2,1,sgNC_4059,7
GTAGTCAGTCAACATC-2,1,sgNC_4059,49
GTATCTTCACTGCCAG-2,1,sgNC_4059,11
GTATCTTTCTCCTATA-2,1,sgNC_4059,16
GTCAAGTAGGCTCAGA-2,1,sgNC_4059,8
GTCAAGTAGTGACATA-2,1,sgNC_4059,8
GTCACGGCAGCTTCGG-2,1,sgNC_4059,20
GTCATTTAGATGCGAC-2,1,sgNC_4059,9
GTCCTCATCGCGTTTC-2,1,sgNC_4059,8
GTCGGGTCACACAGAG-2,1,sgNC_4059,36
GTCGGGTGTAAATGAC-2,1,sgNC_4059,5
GTCGTAAAGGGATCTG-2,1,sgNC_4059,5
GTCTCGTTCCTTAATC-2,1,sgNC_4059,11
GTCTTCGTCGCCAAAT-2,1,sgNC_4059,17
GTGAAGGAGCACACAG-2,1,sgNC_4059,6
GTGAAGGCATCTACGA-2,1,sgNC_4059,25
GTGAAGGTCTTAACCT-2,1,sgNC_4059,8
GTGCAGCAGACAGACC-2,1,sgNC_4059,8
GTGCAGCAGCCTTGAT-2,1,sgNC_4059,40
GTGCAGCAGCGCTCCA-2,1,sgNC_4059,7
GTGCAGCTCGGCGGTT-2,1,sgNC_4059,6
GTGCATATCCCGACTT-2,1,sgNC_4059,69
GTGCGGTTCATCACCC-2,1,sgNC_4059,7
GTGCTTCTCATTCACT-2,1,sgNC_4059,5
GTGGGTCAGTATCTCG-2,1,sgNC_4059,8
GTGTGCGTCCATGAGT-2,1,sgNC_4059,28
GTGTGCGTCTGTACGA-2,1,sgNC_4059,5
GTGTTAGCACATTTCT-2,1,sgNC_4059,25
GTTAAGCTCGCGTTTC-2,1,sgNC_4059,14
GTTCATTGTTCTGAAC-2,1,sgNC_4059,6
GTTCGGGAGTCTCAAC-2,1,sgNC_4059,27
GTTCGGGGTTCTGAAC-2,1,sgNC_4059,12
GTTCTCGCATGACGGA-2,1,sgNC_4059,14
GTTCTCGCATTCTTAC-2,1,sgNC_4059,7
GTTCTCGGTCGCGAAA-2,1,sgNC_4059,6
GTTCTCGTCGGGAGTA-2,1,sgNC_4059,19
GTTTCTAGTCCGAGTC-2,1,sgNC_4059,43
GTTTCTATCAAGATCC-2,1,sgNC_4059,6
TAAGCGTCACAGCCCA-2,1,sgNC_4059,5
TAAGCGTGTATAGGGC-2,1,sgNC_4059,19
TACACGATCAGTTTGG-2,1,sgNC_4059,5
TACACGATCTCTTATG-2,1,sgNC_4059,14
TACACGATCTTCGGTC-2,1,sgNC_4059,5
TACAGTGCATTCGACA-2,1,sgNC_4059,12
TACAGTGTCACTGGGC-2,1,sgNC_4059,9
TACCTATGTTTAGCTG-2,1,sgNC_4059,13
TACCTTACACGGTTTA-2,1,sgNC_4059,5
TACGGATAGGGAAACA-2,1,sgNC_4059,5
TACGGATGTAAAGGAG-2,1,sgNC_4059,7
TACGGATTCCTTTCTC-2,1,sgNC_4059,10
TACGGGCCAGCGAACA-2,1,sgNC_4059,26
TACGGGCCATGTAAGA-2,1,sgNC_4059,7
TACTCATCACTGAAGG-2,1,sgNC_4059,37
TACTCATTCAGGCCCA-2,1,sgNC_4059,12
TACTCATTCTTACCTA-2,1,sgNC_4059,11
TACTCGCGTAGCTGCC-2,1,sgNC_4059,17
TACTCGCTCAATACCG-2,1,sgNC_4059,12
TACTTGTAGGCTCAGA-2,1,sgNC_4059,10
TACTTGTCAATGACCT-2,1,sgNC_4059,12
TACTTGTGTTGCTCCT-2,1,sgNC_4059,9
TAGACCAAGTCTTGCA-2,1,sgNC_4059,20
TAGACCACAATCTACG-2,1,sgNC_4059,18
TAGACCACACATTTCT-2,1,sgNC_4059,7
TAGACCAGTTTCCACC-2,1,sgNC_4059,16
TAGAGCTAGTGGAGAA-2,1,sgNC_4059,5
TAGCCGGCAGTCAGCC-2,1,sgNC_4059,6
TAGCCGGGTACATCCA-2,1,sgNC_4059,23
TAGCCGGGTGCAGACA-2,1,sgNC_4059,13
TAGTGGTAGAGTAATC-2,1,sgNC_4059,12
TAGTGGTCAAGTTAAG-2,1,sgNC_4059,19
TAGTGGTCACACCGCA-2,1,sgNC_4059,38
TAGTGGTCATAGTAAG-2,1,sgNC_4059,28
TATCAGGGTACTTAGC-2,1,sgNC_4059,43
TATCAGGGTTCAACCA-2,1,sgNC_4059,25
TATCTCAAGGGCTCTC-2,1,sgNC_4059,7
TATCTCAGTAAGGATT-2,1,sgNC_4059,26
TATCTCAGTATCAGTC-2,1,sgNC_4059,5
TATCTCATCGAATGGG-2,1,sgNC_4059,11
TATGCCCAGAGTCGGT-2,1,sgNC_4059,24
TATGCCCGTCCTCCAT-2,1,sgNC_4059,12
TATTACCGTAGAGGAA-2,1,sgNC_4059,11
TCAACGACATCTCCCA-2,1,sgNC_4059,41
TCACAAGAGGAGTTGC-2,1,sgNC_4059,19
TCACAAGCAACAACCT-2,1,sgNC_4059,25
TCACGAAGTACAGTGG-2,1,sgNC_4059,10
TCACGAATCGGCCGAT-2,1,sgNC_4059,12
TCAGATGAGTCCGTAT-2,1,sgNC_4059,5
TCAGATGGTCCTCCAT-2,1,sgNC_4059,11
TCAGATGGTTCAGACT-2,1,sgNC_4059,5
TCAGCTCAGAACAACT-2,1,sgNC_4059,49
TCAGCTCCAATAACGA-2,1,sgNC_4059,12
TCAGCTCCATTCACTT-2,1,sgNC_4059,6
TCAGGATCACAAGTAA-2,1,sgNC_4059,6
TCAGGATTCCTCGCAT-2,1,sgNC_4059,8
TCAGGTAGTGCACGAA-2,1,sgNC_4059,5
TCAGGTAGTTCCATGA-2,1,sgNC_4059,30
TCATTACCACCCATTC-2,1,sgNC_4059,6
TCATTACGTTGTCGCG-2,1,sgNC_4059,5
TCATTTGCATCGATTG-2,1,sgNC_4059,5
TCCCGATCAATCCGAT-2,1,sgNC_4059,5
TCCCGATCAGTTTACG-2,1,sgNC_4059,42
TCGAGGCTCTTCGGTC-2,1,sgNC_4059,7
TCGCGAGAGAGACTTA-2,1,sgNC_4059,5
TCGCGAGGTTCCAACA-2,1,sgNC_4059,26
TCGCGAGTCGTAGATC-2,1,sgNC_4059,5
TCGCGAGTCTTGAGAC-2,1,sgNC_4059,75
TCGCGTTCATCTGGTA-2,1,sgNC_4059,9
TCGCGTTGTCCTCTTG-2,1,sgNC_4059,24
TCGCGTTTCAACCATG-2,1,sgNC_4059,24
TCGCGTTTCTTGGGTA-2,1,sgNC_4059,22
TCGGGACCAGCGTAAG-2,1,sgNC_4059,12
TCGTAGAAGAAGGTTT-2,1,sgNC_4059,6
TCTATTGCAAGCGAGT-2,1,sgNC_4059,12
TCTATTGGTCGGGTCT-2,1,sgNC_4059,6
TCTCTAAGTGGTCTCG-2,1,sgNC_4059,6
TCTCTAATCCGTAGTA-2,1,sgNC_4059,9
TCTGAGACACATCTTT-2,1,sgNC_4059,31
TCTGAGACATAGAAAC-2,1,sgNC_4059,5
TCTGAGAGTCGATTGT-2,1,sgNC_4059,13
TCTGGAAAGAACAATC-2,1,sgNC_4059,6
TCTGGAAAGCCAGTTT-2,1,sgNC_4059,7
TCTGGAAAGGCAATTA-2,1,sgNC_4059,25
TCTGGAATCAGGCCCA-2,1,sgNC_4059,10
TCTTCGGAGGCTCATT-2,1,sgNC_4059,7
TCTTTCCGTCGATTGT-2,1,sgNC_4059,9
TCTTTCCGTGACTACT-2,1,sgNC_4059,7
TCTTTCCTCTACTATC-2,1,sgNC_4059,5
TGAAAGACACATTCGA-2,1,sgNC_4059,9
TGAAAGAGTTCGTTGA-2,1,sgNC_4059,14
TGAAAGATCTAACTCT-2,1,sgNC_4059,9
TGACAACCATGCGCAC-2,1,sgNC_4059,8
TGACAACGTAGTACCT-2,1,sgNC_4059,10
TGACAACGTCAACATC-2,1,sgNC_4059,22
TGACAACGTTTACTCT-2,1,sgNC_4059,5
TGACGGCAGCTAAACA-2,1,sgNC_4059,8
TGACGGCCAAACTGTC-2,1,sgNC_4059,34
TGACTAGGTTCGTTGA-2,1,sgNC_4059,14
TGACTAGTCCCGACTT-2,1,sgNC_4059,11
TGACTTTAGGAGTTGC-2,1,sgNC_4059,12
TGACTTTCACACGCTG-2,1,sgNC_4059,16
TGACTTTGTCACCCAG-2,1,sgNC_4059,6
TGAGAGGAGGCCCTTG-2,1,sgNC_4059,6
TGAGAGGCAACGATCT-2,1,sgNC_4059,5
TGAGCATAGAGAACAG-2,1,sgNC_4059,6
TGAGCATTCAAACGGG-2,1,sgNC_4059,12
TGAGCCGAGAGGACGG-2,1,sgNC_4059,6
TGAGCCGAGGCCGAAT-2,1,sgNC_4059,17
TGAGCCGCACTAGTAC-2,1,sgNC_4059,14
TGAGCCGCAGCTTAAC-2,1,sgNC_4059,10
TGAGCCGGTATATGGA-2,1,sgNC_4059,32
TGAGCCGTCACCACCT-2,1,sgNC_4059,5
TGAGGGAGTTTGTGTG-2,1,sgNC_4059,6
TGAGGGATCGTCGTTC-2,1,sgNC_4059,30
TGAGGGATCTGGCGAC-2,1,sgNC_4059,6
TGATTTCCAGGGATTG-2,1,sgNC_4059,22
TGATTTCGTATGGTTC-2,1,sgNC_4059,7
TGCACCTAGCACAGGT-2,1,sgNC_4059,11
TGCCAAATCATCATTC-2,1,sgNC_4059,8
TGCCAAATCTTGAGGT-2,1,sgNC_4059,6
TGCCCATAGCTACCGC-2,1,sgNC_4059,30
TGCCCATCATATGGTC-2,1,sgNC_4059,21
TGCCCATGTTGGGACA-2,1,sgNC_4059,5
TGCCCTAGTCTGATCA-2,1,sgNC_4059,22
TGCGCAGAGCTAGTCT-2,1,sgNC_4059,7
TGCGCAGTCTATCGCC-2,1,sgNC_4059,20
TGCGTGGCAAGGACTG-2,1,sgNC_4059,5
TGCGTGGCAATCACAC-2,1,sgNC_4059,13
TGCGTGGTCGGATGGA-2,1,sgNC_4059,15
TGCTACCTCACCCGAG-2,1,sgNC_4059,14
TGCTACCTCGCATGGC-2,1,sgNC_4059,9
TGCTGCTCAAGCTGGA-2,1,sgNC_4059,5
TGCTGCTCAATGAATG-2,1,sgNC_4059,18
TGCTGCTCACAGACAG-2,1,sgNC_4059,10
TGCTGCTCAGCTGCAC-2,1,sgNC_4059,13
TGGACGCCAGCTGCTG-2,1,sgNC_4059,6
TGGACGCTCCTAGAAC-2,1,sgNC_4059,6
TGGCCAGCAGCTGCAC-2,1,sgNC_4059,10
TGGCCAGGTCCTCCAT-2,1,sgNC_4059,11
TGGCCAGGTGATAAGT-2,1,sgNC_4059,11
TGGCGCACATCCCATC-2,1,sgNC_4059,44
TGGCGCATCGTGGTCG-2,1,sgNC_4059,6
TGGCTGGCACCTTGTC-2,1,sgNC_4059,24
TGGCTGGTCAGCGACC-2,1,sgNC_4059,9
TGGGAAGAGAGCCCAA-2,1,sgNC_4059,7
TGGGAAGAGGACTGGT-2,1,sgNC_4059,5
TGGGAAGCAGGGATTG-2,1,sgNC_4059,23
TGGGCGTCAAGTCTAC-2,1,sgNC_4059,7
TGGGCGTCACTGTGTA-2,1,sgNC_4059,16
TGGGCGTCATCGGACC-2,1,sgNC_4059,25
TGGGCGTGTGATAAGT-2,1,sgNC_4059,18
TGGGCGTTCGCCTGTT-2,1,sgNC_4059,8
TGGTTAGGTATGAATG-2,1,sgNC_4059,10
TGGTTAGTCGAGGTAG-2,1,sgNC_4059,46
TGGTTCCAGTGGGATC-2,1,sgNC_4059,8
TGTATTCAGAGCAATT-2,1,sgNC_4059,11
TGTATTCGTCGCTTTC-2,1,sgNC_4059,16
TGTATTCTCAACGGCC-2,1,sgNC_4059,20
TGTATTCTCTAAGCCA-2,1,sgNC_4059,13
TGTATTCTCTGGTATG-2,1,sgNC_4059,5
TGTCCCAAGAGCCCAA-2,1,sgNC_4059,47
TGTCCCAAGCCATCGC-2,1,sgNC_4059,5
TGTCCCAAGGGTCGAT-2,1,sgNC_4059,11
TGTGGTACACCAGGCT-2,1,sgNC_4059,35
TGTGGTATCCCATTTA-2,1,sgNC_4059,5
TGTGTTTCACCAGATT-2,1,sgNC_4059,5
TGTGTTTGTTCGGCAC-2,1,sgNC_4059,6
TGTGTTTTCTTACCGC-2,1,sgNC_4059,19
TGTTCCGGTGGTGTAG-2,1,sgNC_4059,24
TTAACTCCACGGCCAT-2,1,sgNC_4059,33
TTAGGACAGCGTCTAT-2,1,sgNC_4059,16
TTAGGACAGGGTTTCT-2,1,sgNC_4059,6
TTAGGACGTCAATACC-2,1,sgNC_4059,5
TTAGGACGTCCTAGCG-2,1,sgNC_4059,10
TTAGGCACATCACGAT-2,1,sgNC_4059,22
TTAGGCACATGTTCCC-2,1,sgNC_4059,33
TTAGGCAGTCTTCAAG-2,1,sgNC_4059,24
TTAGGCATCACCACCT-2,1,sgNC_4059,6
TTAGTTCAGGCCCTCA-2,1,sgNC_4059,31
TTAGTTCAGGTGGGTT-2,1,sgNC_4059,15
TTAGTTCTCCAGAGGA-2,1,sgNC_4059,10
TTAGTTCTCCCTCAGT-2,1,sgNC_4059,5
TTATGCTAGGAGCGAG-2,1,sgNC_4059,34
TTATGCTAGGCATGGT-2,1,sgNC_4059,5
TTATGCTCAGCGATCC-2,1,sgNC_4059,6
TTATGCTTCCTGCTTG-2,1,sgNC_4059,6
TTCCCAGAGATCCGAG-2,1,sgNC_4059,5
TTCGAAGAGCCGGTAA-2,1,sgNC_4059,29
TTCGAAGCATATGGTC-2,1,sgNC_4059,5
TTCGAAGCATGTTCCC-2,1,sgNC_4059,28
TTCGGTCCATGCAACT-2,1,sgNC_4059,5
TTCGGTCTCGGAGCAA-2,1,sgNC_4059,5
TTCTACAGTAGGGACT-2,1,sgNC_4059,12
TTCTCAAAGTCTCGGC-2,1,sgNC_4059,10
TTCTCAACACCTGGTG-2,1,sgNC_4059,5
TTCTCAAGTAATAGCA-2,1,sgNC_4059,12
TTCTCCTAGGCGACAT-2,1,sgNC_4059,5
TTCTCCTCACAGACAG-2,1,sgNC_4059,29
TTCTCCTGTTCCAACA-2,1,sgNC_4059,9
TTCTCCTTCCGCATAA-2,1,sgNC_4059,8
TTCTTAGAGGGTTCCC-2,1,sgNC_4059,14
TTCTTAGAGGTCGGAT-2,1,sgNC_4059,6
TTCTTAGTCACCAGGC-2,1,sgNC_4059,5
TTGAACGAGCACGCCT-2,1,sgNC_4059,22
TTGAACGCAAACGCGA-2,1,sgNC_4059,26
TTGAACGCATCCTAGA-2,1,sgNC_4059,22
TTGAACGTCGCTGATA-2,1,sgNC_4059,11
TTGACTTCACTGTCGG-2,1,sgNC_4059,8
TTGCGTCTCTAACTGG-2,1,sgNC_4059,7
TTGGAACAGCGTGTCC-2,1,sgNC_4059,8
TTGGAACGTGCACGAA-2,1,sgNC_4059,10
TTGTAGGAGGAATCGC-2,1,sgNC_4059,9
TTTACTGGTCGAGTTT-2,1,sgNC_4059,5
TTTATGCAGCTGTTCA-2,1,sgNC_4059,5
TTTATGCAGGTAAACT-2,1,sgNC_4059,27
TTTATGCCAGGGAGAG-2,1,sgNC_4059,32
TTTATGCGTCGGCACT-2,1,sgNC_4059,10
TTTATGCGTGCACGAA-2,1,sgNC_4059,7
TTTCCTCGTATAGTAG-2,1,sgNC_4059,9
TTTGCGCGTAAGTAGT-2,1,sgNC_4059,24
TTTGGTTCAGTCAGCC-2,1,sgNC_4059,18
TTTGGTTTCAACACGT-2,1,sgNC_4059,8
TTTGTCACAGGACGTA-2,1,sgNC_4059,6
TTTGTCATCCATGCTC-2,1,sgNC_4059,5
AAACGGGAGCGTGAAC-1,1,sgNC_1273,10
AAACGGGGTTTCGCTC-1,1,sgNC_1273,8
AAAGATGGTCTTCAAG-1,1,sgNC_1273,7
AAAGCAAGTAAGTTCC-1,1,sgNC_1273,6
AAAGTAGTCTGCTTGC-1,1,sgNC_1273,4
AAATGCCTCGCGATCG-1,1,sgNC_1273,10
AACACGTTCCGCAAGC-1,1,sgNC_1273,3
AACTCAGAGCCCAGCT-1,1,sgNC_1273,4
AACTCAGCAGACGCCT-1,1,sgNC_1273,10
AACTCCCAGATAGTCA-1,1,sgNC_1273,7
AACTCCCCACACCGCA-1,1,sgNC_1273,3
AACTCCCCACATCCAA-1,1,sgNC_1273,3
AAGACCTGTCACTGGC-1,1,sgNC_1273,3
AAGCCGCCAATTGCTG-1,1,sgNC_1273,3
AAGGAGCCATTCGACA-1,1,sgNC_1273,3
AAGGAGCTCGGATGGA-1,1,sgNC_1273,3
AAGGAGCTCTGAGTGT-1,1,sgNC_1273,4
AAGGCAGAGATTACCC-1,1,sgNC_1273,4
AAGGCAGGTTGTGGAG-1,1,sgNC_1273,43
AAGGCAGTCCGTAGTA-1,1,sgNC_1273,3
AAGGTTCTCCTAGGGC-1,1,sgNC_1273,4
AAGGTTCTCGTTTAGG-1,1,sgNC_1273,4
AAGTCTGCATGACATC-1,1,sgNC_1273,9
AAGTCTGTCGCACTCT-1,1,sgNC_1273,7
AATCCAGTCTCCGGTT-1,1,sgNC_1273,3
AATCCAGTCTCGGACG-1,1,sgNC_1273,4
AATCGGTGTGATAAAC-1,1,sgNC_1273,8
ACACCAAGTCAGAGGT-1,1,sgNC_1273,8
ACACCCTCACAAGTAA-1,1,sgNC_1273,7
ACACCGGTCTCACATT-1,1,sgNC_1273,3
ACACTGACAAGCCTAT-1,1,sgNC_1273,7
ACAGCCGAGGCGACAT-1,1,sgNC_1273,3
ACAGCCGGTGCTTCTC-1,1,sgNC_1273,5
ACAGCTACAAGCTGAG-1,1,sgNC_1273,5
ACATACGAGTCTCAAC-1,1,sgNC_1273,7
ACATACGCAGTGGGAT-1,1,sgNC_1273,3
ACATGGTCACCAACCG-1,1,sgNC_1273,5
ACATGGTTCAACCAAC-1,1,sgNC_1273,4
ACCAGTACAGCCACCA-1,1,sgNC_1273,6
ACCGTAATCGTGGTCG-1,1,sgNC_1273,3
ACCTTTAGTGCAACTT-1,1,sgNC_1273,3
ACCTTTAGTGGCCCTA-1,1,sgNC_1273,6
ACCTTTATCACGGTTA-1,1,sgNC_1273,4
ACGAGCCTCTGAGGGA-1,1,sgNC_1273,3
ACGAGGATCAGTACGT-1,1,sgNC_1273,6
ACGATACAGGTGCTTT-1,1,sgNC_1273,11
ACGATACCACGCATCG-1,1,sgNC_1273,23
ACGATACCAGTTTACG-1,1,sgNC_1273,3
ACGCAGCTCCATGAAC-1,1,sgNC_1273,4
ACGCAGCTCCATTCTA-1,1,sgNC_1273,4
ACGCAGCTCCCACTTG-1,1,sgNC_1273,6
ACGCAGCTCCTCAACC-1,1,sgNC_1273,6
ACGCCAGTCTCTTATG-1,1,sgNC_1273,11
ACGCCAGTCTTGAGAC-1,1,sgNC_1273,10
ACGCCGAAGTGCTGCC-1,1,sgNC_1273,7
ACGGAGAAGTTGCAGG-1,1,sgNC_1273,16
ACGGCCAGTTCACGGC-1,1,sgNC_1273,3
ACGGGCTGTCTCTTTA-1,1,sgNC_1273,7
ACGGGCTTCGTATCAG-1,1,sgNC_1273,4
ACGGGCTTCTGCTGTC-1,1,sgNC_1273,9
ACGTCAACAGTAACGG-1,1,sgNC_1273,4
ACGTCAATCCCTCTTT-1,1,sgNC_1273,3
ACTATCTAGCTAACTC-1,1,sgNC_1273,14
ACTGAGTGTAGCGATG-1,1,sgNC_1273,15
ACTGAGTTCACAGTAC-1,1,sgNC_1273,3
ACTGATGCAGCCTATA-1,1,sgNC_1273,3
ACTGATGCATCCGCGA-1,1,sgNC_1273,10
ACTGATGGTATTAGCC-1,1,sgNC_1273,9
ACTGCTCAGAGAACAG-1,1,sgNC_1273,4
ACTGTCCAGGATGTAT-1,1,sgNC_1273,3
ACTGTCCAGTTTCCTT-1,1,sgNC_1273,4
ACTTACTGTTAGGGTG-1,1,sgNC_1273,7
ACTTGTTTCGATAGAA-1,1,sgNC_1273,21
AGAATAGCATGACGGA-1,1,sgNC_1273,4
AGACGTTAGTAGGTGC-1,1,sgNC_1273,5
AGAGCGAAGGACCACA-1,1,sgNC_1273,3
AGAGCTTGTTGGTGGA-1,1,sgNC_1273,6
AGAGTGGCACGTCAGC-1,1,sgNC_1273,6
AGATCTGAGTGACTCT-1,1,sgNC_1273,3
AGATTGCAGTCATGCT-1,1,sgNC_1273,5
AGATTGCCACCCATGG-1,1,sgNC_1273,14
AGATTGCCATCCGTGG-1,1,sgNC_1273,3
AGATTGCCATGTCCTC-1,1,sgNC_1273,3
AGCATACAGCTAGGCA-1,1,sgNC_1273,17
AGCGGTCAGCCCTAAT-1,1,sgNC_1273,4
AGCGGTCCACCGTTGG-1,1,sgNC_1273,4
AGCGTATTCCGAGCCA-1,1,sgNC_1273,3
AGCGTATTCCGGGTGT-1,1,sgNC_1273,5
AGCGTATTCGAGGTAG-1,1,sgNC_1273,17
AGCGTATTCGATAGAA-1,1,sgNC_1273,3
AGCGTCGCAAGACACG-1,1,sgNC_1273,3
AGCGTCGCAGCTTCGG-1,1,sgNC_1273,3
AGCGTCGCAGGCTCAC-1,1,sgNC_1273,8
AGCTCCTTCCTCTAGC-1,1,sgNC_1273,3
AGCTCTCCATGTTCCC-1,1,sgNC_1273,7
AGCTTGAAGCAGCGTA-1,1,sgNC_1273,3
AGCTTGAGTGTCAATC-1,1,sgNC_1273,5
AGCTTGATCCAAATGC-1,1,sgNC_1273,3
AGGCCGTCATGCCACG-1,1,sgNC_1273,8
AGGCCGTCATTCGACA-1,1,sgNC_1273,3
AGGCCGTTCTGACCTC-1,1,sgNC_1273,19
AGGGAGTAGGGTTCCC-1,1,sgNC_1273,5
AGGGAGTTCATTCACT-1,1,sgNC_1273,4
AGGGATGAGTACGCCC-1,1,sgNC_1273,6
AGGGATGGTTGTCGCG-1,1,sgNC_1273,3
AGGTCATAGTTCGCGC-1,1,sgNC_1273,6
AGGTCCGAGCGCTTAT-1,1,sgNC_1273,3
AGGTCCGTCATCTGTT-1,1,sgNC_1273,4
AGTAGTCTCAGTGCAT-1,1,sgNC_1273,6
AGTAGTCTCGTACCGG-1,1,sgNC_1273,9
AGTCTTTAGTGTACGG-1,1,sgNC_1273,8
AGTGGGACACACGCTG-1,1,sgNC_1273,4
AGTGGGACATCGGAAG-1,1,sgNC_1273,22
AGTGTCAAGATGTGTA-1,1,sgNC_1273,3
AGTGTCAGTCTTCAAG-1,1,sgNC_1273,13
AGTTGGTCATCACGTA-1,1,sgNC_1273,21
ATAAGAGAGTCTCAAC-1,1,sgNC_1273,4
ATAAGAGGTATATCCG-1,1,sgNC_1273,3
ATAAGAGGTGCAACGA-1,1,sgNC_1273,3
ATAGACCGTTCAGACT-1,1,sgNC_1273,8
ATCACGAAGATGCCAG-1,1,sgNC_1273,4
ATCACGACATTCCTCG-1,1,sgNC_1273,3
ATCATGGAGAGGTACC-1,1,sgNC_1273,5
ATCATGGCAAGCTGAG-1,1,sgNC_1273,4
ATCATGGTCAGTACGT-1,1,sgNC_1273,9
ATCCACCAGCTGAACG-1,1,sgNC_1273,3
ATCCACCCATCATCCC-1,1,sgNC_1273,10
ATCCACCTCCTATTCA-1,1,sgNC_1273,8
ATCCGAATCGTTTAGG-1,1,sgNC_1273,4
ATCGAGTAGCCAGAAC-1,1,sgNC_1273,4
ATCTGCCGTAAATACG-1,1,sgNC_1273,13
ATGCGATCATGGTCAT-1,1,sgNC_1273,5
ATGGGAGCATAACCTG-1,1,sgNC_1273,11
ATGTGTGCAGATTGCT-1,1,sgNC_1273,3
ATTACTCCATGTAAGA-1,1,sgNC_1273,4
ATTATCCAGTTGAGTA-1,1,sgNC_1273,4
ATTCTACAGCGCCTCA-1,1,sgNC_1273,3
ATTCTACGTTAGATGA-1,1,sgNC_1273,4
ATTCTACTCGCCAGCA-1,1,sgNC_1273,18
ATTGGACAGTAAGTAC-1,1,sgNC_1273,3
ATTGGTGTCTCAAGTG-1,1,sgNC_1273,7
ATTTCTGAGGTCATCT-1,1,sgNC_1273,5
ATTTCTGGTCCAGTGC-1,1,sgNC_1273,3
ATTTCTGGTTGGACCC-1,1,sgNC_1273,9
ATTTCTGGTTTGACAC-1,1,sgNC_1273,4
CAACCAAAGGGTGTGT-1,1,sgNC_1273,7
CAACCAACAAATTGCC-1,1,sgNC_1273,4
CAACCAATCGCCAGCA-1,1,sgNC_1273,3
CAACCTCAGCGATGAC-1,1,sgNC_1273,24
CAACCTCAGCTGCCCA-1,1,sgNC_1273,12
CAACTAGAGCCATCGC-1,1,sgNC_1273,3
CAACTAGGTTCCGTCT-1,1,sgNC_1273,45
CAAGATCAGAACAACT-1,1,sgNC_1273,3
CAAGGCCGTTACGTCA-1,1,sgNC_1273,3
CAAGTTGAGTTATCGC-1,1,sgNC_1273,3
CACAAACAGACCACGA-1,1,sgNC_1273,3
CACAAACAGCTAAACA-1,1,sgNC_1273,10
CACACAACATTGCGGC-1,1,sgNC_1273,20
CACACAATCCAGTATG-1,1,sgNC_1273,3
CACACCTGTCAGAATA-1,1,sgNC_1273,12
CACACTCCACCGATAT-1,1,sgNC_1273,5
CACAGGCAGATCCCAT-1,1,sgNC_1273,3
CACAGGCCAACACCTA-1,1,sgNC_1273,18
CACAGGCGTGGAAAGA-1,1,sgNC_1273,4
CACAGTAAGCGTTGCC-1,1,sgNC_1273,5
CACAGTACACCTCGTT-1,1,sgNC_1273,3
CACATAGAGAGCAATT-1,1,sgNC_1273,3
CACATTTAGCGTGTCC-1,1,sgNC_1273,7
CACATTTTCCAGAAGG-1,1,sgNC_1273,18
CACCACTCACATTCGA-1,1,sgNC_1273,3
CACCAGGGTCTAAACC-1,1,sgNC_1273,3
CACCTTGTCGTGACAT-1,1,sgNC_1273,4
CACCTTGTCTGCTGCT-1,1,sgNC_1273,7
CACTCCATCCCACTTG-1,1,sgNC_1273,25
CAGAATCAGCGACGTA-1,1,sgNC_1273,8
CAGAGAGGTACTTAGC-1,1,sgNC_1273,4
CAGAGAGGTCCAGTAT-1,1,sgNC_1273,6
CAGATCAAGTATCGAA-1,1,sgNC_1273,12
CAGATCACACGAAATA-1,1,sgNC_1273,15
CAGCAGCCAAGTAGTA-1,1,sgNC_1273,3
CAGCCGACACGTGAGA-1,1,sgNC_1273,6
CAGCCGAGTCAGAAGC-1,1,sgNC_1273,5
CAGCGACCATCGGGTC-1,1,sgNC_1273,8
CAGCTAAAGCTTTGGT-1,1,sgNC_1273,12
CAGCTAATCGTCCGTT-1,1,sgNC_1273,4
CAGCTGGAGGCATGGT-1,1,sgNC_1273,6
CAGGTGCCAAGTTGTC-1,1,sgNC_1273,5
CAGGTGCTCCCAACGG-1,1,sgNC_1273,10
CAGTAACCACGTGAGA-1,1,sgNC_1273,3
CAGTAACCAGTACACT-1,1,sgNC_1273,5
CAGTCCTTCGCAGGCT-1,1,sgNC_1273,6
CATATGGGTTACCAGT-1,1,sgNC_1273,6
CATATTCGTGTGTGCC-1,1,sgNC_1273,3
CATCAAGGTCTCATCC-1,1,sgNC_1273,3
CATCAAGGTGGCTCCA-1,1,sgNC_1273,3
CATCAAGGTTAAGATG-1,1,sgNC_1273,4
CATCAGAGTAGGCATG-1,1,sgNC_1273,3
CATCCACGTTTGACTG-1,1,sgNC_1273,4
CATCGAATCGCGATCG-1,1,sgNC_1273,10
CATGACAGTCTCTCGT-1,1,sgNC_1273,14
CATGACATCAGCAACT-1,1,sgNC_1273,5
CATGACATCGCTGATA-1,1,sgNC_1273,5
CATTATCTCCAGAGGA-1,1,sgNC_1273,5
CATTCGCCAACAACCT-1,1,sgNC_1273,3
CCAATCCAGAGGGATA-1,1,sgNC_1273,4
CCAATCCAGTCTCAAC-1,1,sgNC_1273,3
CCACCTAAGTCCTCCT-1,1,sgNC_1273,3
CCACCTACAGCCTATA-1,1,sgNC_1273,3
CCACCTACAGCGTTCG-1,1,sgNC_1273,3
CCACCTATCGGTCCGA-1,1,sgNC_1273,6
CCACCTATCTGTCCGT-1,1,sgNC_1273,6
CCATGTCAGCTGATAA-1,1,sgNC_1273,9
CCATGTCCATTCGACA-1,1,sgNC_1273,5
CCATGTCTCACGATGT-1,1,sgNC_1273,4
CCATGTCTCTTTCCTC-1,1,sgNC_1273,5
CCATTCGCAGACAAAT-1,1,sgNC_1273,12
CCATTCGTCTCAAACG-1,1,sgNC_1273,19
CCCAATCAGCTCAACT-1,1,sgNC_1273,6
CCCAATCGTTGGAGGT-1,1,sgNC_1273,6
CCCAATCTCTGCAGTA-1,1,sgNC_1273,3
CCCATACGTCAAAGCG-1,1,sgNC_1273,5
CCGGGATGTGAAGGCT-1,1,sgNC_1273,11
CCGGGATTCTTACCTA-1,1,sgNC_1273,7
CCGGTAGAGGACAGCT-1,1,sgNC_1273,7
CCGGTAGCATACTCTT-1,1,sgNC_1273,3
CCGGTAGTCTGTCAAG-1,1,sgNC_1273,3
CCGTACTCACGCATCG-1,1,sgNC_1273,3
CCGTACTCATCACCCT-1,1,sgNC_1273,4
CCGTGGACACACCGCA-1,1,sgNC_1273,3
CCGTGGAGTACCAGTT-1,1,sgNC_1273,8
CCTAAAGCACCCATTC-1,1,sgNC_1273,3
CCTACACCACGGTTTA-1,1,sgNC_1273,3
CCTAGCTCAGGACCCT-1,1,sgNC_1273,3
CCTAGCTTCTTCCTTC-1,1,sgNC_1273,4
CCTCTGAAGTGAACAT-1,1,sgNC_1273,5
CCTCTGACATATGCTG-1,1,sgNC_1273,3
CCTCTGAGTGGTCTCG-1,1,sgNC_1273,6
CCTCTGAGTGTGGCTC-1,1,sgNC_1273,5
CCTTACGGTTATCCGA-1,1,sgNC_1273,4
CCTTCGAGTTGAACTC-1,1,sgNC_1273,3
CCTTTCTAGCTCAACT-1,1,sgNC_1273,4
CCTTTCTTCATAACCG-1,1,sgNC_1273,7
CCTTTCTTCCAGAAGG-1,1,sgNC_1273,6
CGAACATTCAATCACG-1,1,sgNC_1273,10
CGAACATTCTCAAACG-1,1,sgNC_1273,3
CGAATGTGTCAGATAA-1,1,sgNC_1273,7
CGACCTTCACCAGGTC-1,1,sgNC_1273,3
CGACCTTTCGCTTAGA-1,1,sgNC_1273,20
CGACTTCAGTCCTCCT-1,1,sgNC_1273,5
CGAGAAGTCTGGCGAC-1,1,sgNC_1273,3
CGAGCACTCCTGCAGG-1,1,sgNC_1273,4
CGAGCCAGTCCGAAGA-1,1,sgNC_1273,6
CGAGCCATCTTCGGTC-1,1,sgNC_1273,3
CGATCGGCATGGGACA-1,1,sgNC_1273,3
CGATCGGTCTGTGCAA-1,1,sgNC_1273,3
CGATGGCAGGATATAC-1,1,sgNC_1273,3
CGATGGCTCAGCGATT-1,1,sgNC_1273,3
CGATGTAAGGCCATAG-1,1,sgNC_1273,7
CGATGTAGTTCGTTGA-1,1,sgNC_1273,4
CGATGTATCGCCAAAT-1,1,sgNC_1273,8
CGATGTATCTATCGCC-1,1,sgNC_1273,3
CGATTGAAGCGAGAAA-1,1,sgNC_1273,3
CGATTGAAGGCCCTCA-1,1,sgNC_1273,19
CGATTGAAGTGGGCTA-1,1,sgNC_1273,4
CGATTGACACGTCTCT-1,1,sgNC_1273,14
CGATTGATCGCTTAGA-1,1,sgNC_1273,3
CGATTGATCTGAAAGA-1,1,sgNC_1273,25
CGCCAAGAGGAGCGTT-1,1,sgNC_1273,12
CGCCAAGGTTCTCATT-1,1,sgNC_1273,3
CGCCAAGGTTTGTGTG-1,1,sgNC_1273,3
CGCGGTATCCCTAATT-1,1,sgNC_1273,3
CGCGTTTAGTTCGCAT-1,1,sgNC_1273,6
CGCGTTTCAACACCCG-1,1,sgNC_1273,4
CGCTATCAGTCGAGTG-1,1,sgNC_1273,3
CGCTATCAGTGATCGG-1,1,sgNC_1273,10
CGCTATCGTGGCTCCA-1,1,sgNC_1273,42
CGCTATCTCAACACTG-1,1,sgNC_1273,16
CGCTATCTCCGCAGTG-1,1,sgNC_1273,3
CGCTGGACAGGGTATG-1,1,sgNC_1273,3
CGCTTCAAGGAGCGTT-1,1,sgNC_1273,66
CGCTTCACAAAGTGCG-1,1,sgNC_1273,3
CGCTTCAGTCGAGATG-1,1,sgNC_1273,16
CGCTTCATCCCAACGG-1,1,sgNC_1273,7
CGGACGTAGACTTTCG-1,1,sgNC_1273,4
CGGAGCTAGCGTGTCC-1,1,sgNC_1273,8
CGGAGCTGTTATGCGT-1,1,sgNC_1273,3
CGGAGCTTCACATAGC-1,1,sgNC_1273,3
CGGAGCTTCGGTCCGA-1,1,sgNC_1273,6
CGGAGTCGTAAGTGTA-1,1,sgNC_1273,10
CGGAGTCGTCTTGTCC-1,1,sgNC_1273,4
CGGGTCAAGTACGACG-1,1,sgNC_1273,3
CGGGTCAGTGTTTGGT-1,1,sgNC_1273,4
CGGGTCATCATGTCCC-1,1,sgNC_1273,4
CGGTTAATCTGTCTAT-1,1,sgNC_1273,4
CGTAGCGAGATCCCGC-1,1,sgNC_1273,3
CGTAGCGGTGCCTGGT-1,1,sgNC_1273,3
CGTAGCGGTTGGACCC-1,1,sgNC_1273,8
CGTAGCGTCAGAGACG-1,1,sgNC_1273,6
CGTAGGCCATCGGTTA-1,1,sgNC_1273,3
CGTCACTAGGGCTCTC-1,1,sgNC_1273,3
CGTCACTCAGACAAGC-1,1,sgNC_1273,5
CGTCTACAGATCCCAT-1,1,sgNC_1273,4
CGTCTACCAAAGTGCG-1,1,sgNC_1273,4
CGTCTACGTACCGTTA-1,1,sgNC_1273,3
CGTGAGCCATATGCTG-1,1,sgNC_1273,4
CGTGAGCCATTGAGCT-1,1,sgNC_1273,4
CGTGAGCGTTGTGGCC-1,1,sgNC_1273,7
CGTGTAAAGCCTATGT-1,1,sgNC_1273,8
CGTGTCTAGGCATTGG-1,1,sgNC_1273,7
CGTTAGAAGTCTTGCA-1,1,sgNC_1273,4
CGTTAGAGTAAAGTCA-1,1,sgNC_1273,6
CGTTCTGAGACTTTCG-1,1,sgNC_1273,6
CGTTCTGGTAGCAAAT-1,1,sgNC_1273,5
CGTTGGGGTCCGTGAC-1,1,sgNC_1273,3
CGTTGGGTCAGCTCGG-1,1,sgNC_1273,3
CTAACTTGTGAAGGCT-1,1,sgNC_1273,5
CTAACTTTCTCGCTTG-1,1,sgNC_1273,3
CTAAGACTCTGGCGAC-1,1,sgNC_1273,16
CTACACCAGGGTATCG-1,1,sgNC_1273,3
CTACGTCAGCGATGAC-1,1,sgNC_1273,4
CTACGTCCAAGTCTGT-1,1,sgNC_1273,6
CTAGAGTCAAGGACTG-1,1,sgNC_1273,8
CTAGAGTTCGACAGCC-1,1,sgNC_1273,3
CTCACACAGCTAACAA-1,1,sgNC_1273,7
CTCACACGTTACGGAG-1,1,sgNC_1273,9
CTCAGAAAGTGAACAT-1,1,sgNC_1273,4
CTCAGAACATTAACCG-1,1,sgNC_1273,3
CTCAGAAGTGTAAGTA-1,1,sgNC_1273,4
CTCATTACATTTGCTT-1,1,sgNC_1273,3
CTCATTATCCCAAGAT-1,1,sgNC_1273,4
CTCCTAGAGTTTAGGA-1,1,sgNC_1273,19
CTCGAAACAATTGCTG-1,1,sgNC_1273,3
CTCGAAAGTAGGCATG-1,1,sgNC_1273,5
CTCGAAAGTTGCTCCT-1,1,sgNC_1273,3
CTCGAGGTCCGCGGTA-1,1,sgNC_1273,3
CTCGTACAGAGCTGGT-1,1,sgNC_1273,5
CTCGTACTCCTTGACC-1,1,sgNC_1273,5
CTCGTCAGTCTAGCCG-1,1,sgNC_1273,3
CTCTAATGTTCAGTAC-1,1,sgNC_1273,10
CTCTAATTCTGCTGCT-1,1,sgNC_1273,4
CTCTACGAGCACAGGT-1,1,sgNC_1273,4
CTCTGGTAGATCACGG-1,1,sgNC_1273,8
CTCTGGTCAGTGAGTG-1,1,sgNC_1273,4
CTCTGGTCATTGGTAC-1,1,sgNC_1273,3
CTCTGGTTCTATCGCC-1,1,sgNC_1273,3
CTGAAACAGACTACAA-1,1,sgNC_1273,19
CTGAAACAGATCGGGT-1,1,sgNC_1273,11
CTGAAACAGGACAGCT-1,1,sgNC_1273,3
CTGAAGTTCCAAGCCG-1,1,sgNC_1273,3
CTGAAGTTCCGCAGTG-1,1,sgNC_1273,3
CTGATAGTCTTATCTG-1,1,sgNC_1273,4
CTGCCTATCTCTTATG-1,1,sgNC_1273,4
CTGCGGACATGCCTTC-1,1,sgNC_1273,8
CTGCTGTCACGGCTAC-1,1,sgNC_1273,3
CTGCTGTTCATCACCC-1,1,sgNC_1273,3
CTGCTGTTCTGTTGAG-1,1,sgNC_1273,4
CTGGTCTTCAAAGACA-1,1,sgNC_1273,5
CTGGTCTTCCACGACG-1,1,sgNC_1273,3
CTGGTCTTCTTGAGGT-1,1,sgNC_1273,8
CTGTTTAAGTCTCAAC-1,1,sgNC_1273,3
CTTAACTAGATGTTAG-1,1,sgNC_1273,32
CTTAACTAGGTCGGAT-1,1,sgNC_1273,27
CTTACCGGTCTCAACA-1,1,sgNC_1273,10
CTTACCGTCCTCGCAT-1,1,sgNC_1273,3
CTTCTCTGTATCAGTC-1,1,sgNC_1273,3
CTTCTCTGTGAACCTT-1,1,sgNC_1273,3
CTTCTCTGTTCGAATC-1,1,sgNC_1273,3
CTTCTCTGTTGTGGCC-1,1,sgNC_1273,3
CTTGGCTGTTCCACGG-1,1,sgNC_1273,4
CTTTGCGCACTAAGTC-1,1,sgNC_1273,3
CTTTGCGCAGGACGTA-1,1,sgNC_1273,5
CTTTGCGCATCCTTGC-1,1,sgNC_1273,3
GAAACTCCAGATTGCT-1,1,sgNC_1273,3
GAAACTCCAGCTGCAC-1,1,sgNC_1273,6
GAAACTCGTTGGAGGT-1,1,sgNC_1273,4
GAAATGATCAGTTGAC-1,1,sgNC_1273,10
GAACATCAGGTGCACA-1,1,sgNC_1273,4
GAACATCTCACGAAGG-1,1,sgNC_1273,3
GAACCTAAGCACGCCT-1,1,sgNC_1273,8
GAACGGAAGTGTCTCA-1,1,sgNC_1273,6
GAACGGAGTGTAATGA-1,1,sgNC_1273,8
GAACGGATCCAAAGTC-1,1,sgNC_1273,3
GAAGCAGTCAACTCTT-1,1,sgNC_1273,3
GAATGAACAATGTAAG-1,1,sgNC_1273,10
GACAGAGTCAAACAAG-1,1,sgNC_1273,4
GACCAATCACAGGTTT-1,1,sgNC_1273,7
GACCAATCATCCGGGT-1,1,sgNC_1273,7
GACCTGGAGCGTTTAC-1,1,sgNC_1273,3
GACCTGGCAATGACCT-1,1,sgNC_1273,4
GACCTGGGTTCACCTC-1,1,sgNC_1273,3
GACCTGGTCTAGCACA-1,1,sgNC_1273,25
GACGCGTCAATGGACG-1,1,sgNC_1273,3
GACGGCTGTGTAATGA-1,1,sgNC_1273,5
GACGTTAAGGACCACA-1,1,sgNC_1273,3
GACGTTATCGTTTGCC-1,1,sgNC_1273,3
GACTAACCACATGGGA-1,1,sgNC_1273,7
GACTAACCAGAAGCAC-1,1,sgNC_1273,3
GACTGCGGTTGATTCG-1,1,sgNC_1273,4
GAGGTGACACAGTCGC-1,1,sgNC_1273,3
GAGGTGATCCGGGTGT-1,1,sgNC_1273,4
GAGTCCGAGACAGACC-1,1,sgNC_1273,3
GATCAGTCATTCCTCG-1,1,sgNC_1273,7
GATCGCGCAGCTATTG-1,1,sgNC_1273,3
GATCGTACATGCCACG-1,1,sgNC_1273,7
GATCGTACATGGATGG-1,1,sgNC_1273,3
GATCGTAGTCGCATAT-1,1,sgNC_1273,6
GATGAGGAGAATTGTG-1,1,sgNC_1273,3
GATGAGGGTGTGACCC-1,1,sgNC_1273,9
GATGCTAGTTCGAATC-1,1,sgNC_1273,7
GATTCAGGTGCGCTTG-1,1,sgNC_1273,12
GATTCAGTCTAGAGTC-1,1,sgNC_1273,3
GATTCAGTCTCTAAGG-1,1,sgNC_1273,11
GCAAACTAGCAAATCA-1,1,sgNC_1273,3
GCAAACTCAAGAAGAG-1,1,sgNC_1273,3
GCACATATCTGTGCAA-1,1,sgNC_1273,14
GCAGCCACAGCAGTTT-1,1,sgNC_1273,3
GCAGCCATCAGATAAG-1,1,sgNC_1273,10
GCAGCCATCTACCTGC-1,1,sgNC_1273,6
GCATACATCTAACTCT-1,1,sgNC_1273,4
GCATGATTCCAATGGT-1,1,sgNC_1273,15
GCATGCGAGGACGAAA-1,1,sgNC_1273,6
GCATGCGGTACCGGCT-1,1,sgNC_1273,13
GCATGCGGTATTAGCC-1,1,sgNC_1273,3
GCATGCGTCCAGGGCT-1,1,sgNC_1273,3
GCATGTACACCGAATT-1,1,sgNC_1273,3
GCATGTACATCATCCC-1,1,sgNC_1273,6
GCCTCTAAGCAGACTG-1,1,sgNC_1273,13
GCCTCTAGTTTGACTG-1,1,sgNC_1273,3
GCGACCAAGAGTTGGC-1,1,sgNC_1273,3
GCGACCACATTCCTCG-1,1,sgNC_1273,3
GCGAGAAAGGGAGTAA-1,1,sgNC_1273,12
GCGAGAAGTTGTTTGG-1,1,sgNC_1273,5
GCGAGAATCTATGTGG-1,1,sgNC_1273,10
GCGCAACCAGCTGCAC-1,1,sgNC_1273,3
GCGCAACTCTTTACGT-1,1,sgNC_1273,4
GCGCAGTCAGATGGGT-1,1,sgNC_1273,14
GCGCAGTGTTGGACCC-1,1,sgNC_1273,3
GCGCAGTTCAGGTAAA-1,1,sgNC_1273,4
GCGCCAACAACCGCCA-1,1,sgNC_1273,3
GCGCCAAGTAGTACCT-1,1,sgNC_1273,33
GCGCCAAGTCATACTG-1,1,sgNC_1273,3
GCGGGTTCAAGCGCTC-1,1,sgNC_1273,3
GCGGGTTTCCAGTATG-1,1,sgNC_1273,3
GCTCCTACATGCATGT-1,1,sgNC_1273,3
GCTCTGTCATAGTAAG-1,1,sgNC_1273,4
GCTCTGTGTCGCTTCT-1,1,sgNC_1273,9
GCTGCAGAGACTAGGC-1,1,sgNC_1273,18
GCTGCGACAAGAGGCT-1,1,sgNC_1273,21
GCTGCGACAAGCTGAG-1,1,sgNC_1273,4
GCTGCGACAGTCTTCC-1,1,sgNC_1273,6
GCTGCGACATGCATGT-1,1,sgNC_1273,3
GCTGCTTTCCAAACAC-1,1,sgNC_1273,3
GCTGCTTTCGCCAGCA-1,1,sgNC_1273,10
GCTGGGTAGCTAGTCT-1,1,sgNC_1273,3
GCTGGGTGTGGTACAG-1,1,sgNC_1273,5
GCTGGGTTCACTTCAT-1,1,sgNC_1273,4
GCTGGGTTCCTCAATT-1,1,sgNC_1273,30
GGAAAGCAGTTTAGGA-1,1,sgNC_1273,3
GGAACTTCAAGCCGTC-1,1,sgNC_1273,3
GGAATAATCAGTGTTG-1,1,sgNC_1273,4
GGAATAATCCGAGCCA-1,1,sgNC_1273,15
GGACAAGCAAATCCGT-1,1,sgNC_1273,6
GGACAAGGTCGCGAAA-1,1,sgNC_1273,10
GGACAAGGTGACAAAT-1,1,sgNC_1273,4
GGACAGAGTTCGTTGA-1,1,sgNC_1273,3
GGACATTCAATAACGA-1,1,sgNC_1273,10
GGAGCAAAGAACAATC-1,1,sgNC_1273,3
GGAGCAATCGGTCCGA-1,1,sgNC_1273,3
GGATGTTAGCATGGCA-1,1,sgNC_1273,3
GGATGTTGTCCGAAGA-1,1,sgNC_1273,6
GGATGTTGTGCACGAA-1,1,sgNC_1273,8
GGATTACCAGCGAACA-1,1,sgNC_1273,10
GGATTACCATAGAAAC-1,1,sgNC_1273,9
GGATTACGTGTGAAAT-1,1,sgNC_1273,8
GGATTACTCCGTTGTC-1,1,sgNC_1273,4
GGATTACTCCTTAATC-1,1,sgNC_1273,6
GGATTACTCTGTCAAG-1,1,sgNC_1273,4
GGCAATTAGCGACGTA-1,1,sgNC_1273,9
GGCAATTGTTAAGAAC-1,1,sgNC_1273,3
GGCCGATTCTGAGTGT-1,1,sgNC_1273,4
GGCGACTCATCACGAT-1,1,sgNC_1273,4
GGCGACTGTGCCTGCA-1,1,sgNC_1273,3
GGCGACTTCATGCTCC-1,1,sgNC_1273,23
GGCTGGTAGGACAGCT-1,1,sgNC_1273,8
GGGAATGAGTACATGA-1,1,sgNC_1273,3
GGGAATGCACGTTGGC-1,1,sgNC_1273,3
GGGAATGTCGGCCGAT-1,1,sgNC_1273,7
GGGACCTGTCGACTGC-1,1,sgNC_1273,9
GGGAGATCAAACTGCT-1,1,sgNC_1273,3
GGGAGATCAACACGCC-1,1,sgNC_1273,9
GGGATGATCGCTAGCG-1,1,sgNC_1273,16
GGGCACTCAAAGTGCG-1,1,sgNC_1273,5
GGGCACTGTCAGCTAT-1,1,sgNC_1273,4
GGGCATCCAATGGAAT-1,1,sgNC_1273,4
GGGCATCGTAGCCTAT-1,1,sgNC_1273,3
GGGTCTGCAAGAGGCT-1,1,sgNC_1273,3
GGGTCTGGTCCATCCT-1,1,sgNC_1273,3
GGGTTGCAGCGATTCT-1,1,sgNC_1273,18
GGGTTGCCAGCTCGCA-1,1,sgNC_1273,3
GGGTTGCGTTTGTTGG-1,1,sgNC_1273,6
GGTGAAGAGACTACAA-1,1,sgNC_1273,9
GGTGAAGAGGCACATG-1,1,sgNC_1273,18
GGTGAAGCAGTCCTTC-1,1,sgNC_1273,5
GGTGAAGTCGACCAGC-1,1,sgNC_1273,4
GGTGCGTAGCCAACAG-1,1,sgNC_1273,3
GGTGCGTTCCTAGTGA-1,1,sgNC_1273,20
GGTGTTAGTCGACTAT-1,1,sgNC_1273,3
GTAACGTTCGTACGGC-1,1,sgNC_1273,4
GTAACTGAGTGTACCT-1,1,sgNC_1273,3
GTAACTGGTAATAGCA-1,1,sgNC_1273,4
GTAACTGTCATCTGCC-1,1,sgNC_1273,26
GTACGTAAGATGTAAC-1,1,sgNC_1273,10
GTACTCCAGTGTTTGC-1,1,sgNC_1273,3
GTACTCCCACGAGGTA-1,1,sgNC_1273,7
GTACTCCGTAAGGATT-1,1,sgNC_1273,3
GTACTCCGTCGTCTTC-1,1,sgNC_1273,24
GTAGTCATCATTGCGA-1,1,sgNC_1273,3
GTAGTCATCGGATGGA-1,1,sgNC_1273,5
GTATCTTAGAAGGGTA-1,1,sgNC_1273,9
GTATCTTAGTTACCCA-1,1,sgNC_1273,7
GTATCTTCACGAAGCA-1,1,sgNC_1273,5
GTATTCTAGTTCCACA-1,1,sgNC_1273,4
GTCAAGTGTGTTGGGA-1,1,sgNC_1273,5
GTCACGGGTGATGCCC-1,1,sgNC_1273,4
GTCATTTCAAGGTTCT-1,1,sgNC_1273,5
GTCATTTCAATGAAAC-1,1,sgNC_1273,6
GTCATTTTCAGAGGTG-1,1,sgNC_1273,4
GTCCTCAAGTCTCGGC-1,1,sgNC_1273,3
GTCCTCAGTCACTTCC-1,1,sgNC_1273,3
GTCGGGTCAAAGGCGT-1,1,sgNC_1273,3
GTCGGGTCACCGCTAG-1,1,sgNC_1273,3
GTCGGGTCAGCCTTTC-1,1,sgNC_1273,3
GTCGTAAAGCGCCTTG-1,1,sgNC_1273,3
GTCGTAAAGGGTTCCC-1,1,sgNC_1273,10
GTCGTAACACCGGAAA-1,1,sgNC_1273,10
GTCGTAAGTGAGGGTT-1,1,sgNC_1273,3
GTCTCGTAGCCGTCGT-1,1,sgNC_1273,3
GTCTCGTCAATGGATA-1,1,sgNC_1273,4
GTCTCGTTCAGAGGTG-1,1,sgNC_1273,9
GTCTTCGGTAGCGATG-1,1,sgNC_1273,3
GTCTTCGTCAACGCTA-1,1,sgNC_1273,4
GTCTTCGTCCGCGGTA-1,1,sgNC_1273,54
GTGAAGGAGCCACTAT-1,1,sgNC_1273,4
GTGCAGCAGAGTAATC-1,1,sgNC_1273,5
GTGCAGCGTAACGACG-1,1,sgNC_1273,3
GTGCAGCGTCTTCTCG-1,1,sgNC_1273,3
GTGCAGCGTTAAGGGC-1,1,sgNC_1273,3
GTGCAGCTCCCATTAT-1,1,sgNC_1273,20
GTGCATACACAAGCCC-1,1,sgNC_1273,6
GTGCATAGTGATGATA-1,1,sgNC_1273,8
GTGCATATCGTACGGC-1,1,sgNC_1273,3
GTGCGGTGTTGGTGGA-1,1,sgNC_1273,3
GTGCGGTTCGTTGACA-1,1,sgNC_1273,3
GTGCTTCAGTAATCCC-1,1,sgNC_1273,6
GTGCTTCGTACCGAGA-1,1,sgNC_1273,4
GTGCTTCGTTCAGACT-1,1,sgNC_1273,3
GTGCTTCTCATTGCCC-1,1,sgNC_1273,3
GTGGGTCAGCTTATCG-1,1,sgNC_1273,3
GTGGGTCGTACTTAGC-1,1,sgNC_1273,5
GTGGGTCGTGAGTGAC-1,1,sgNC_1273,3
GTGTGCGCATGTAAGA-1,1,sgNC_1273,4
GTGTTAGCACGGACAA-1,1,sgNC_1273,11
GTGTTAGGTCGCTTTC-1,1,sgNC_1273,17
GTTCATTAGTAGGCCA-1,1,sgNC_1273,4
GTTCATTCATGTTCCC-1,1,sgNC_1273,4
GTTCGGGAGAGCCTAG-1,1,sgNC_1273,3
GTTCGGGAGCGTTTAC-1,1,sgNC_1273,5
GTTCGGGAGTCTCCTC-1,1,sgNC_1273,3
GTTTCTAGTCGAGATG-1,1,sgNC_1273,23
TAAACCGTCCGCAGTG-1,1,sgNC_1273,3
TAAGAGAAGTGCGTGA-1,1,sgNC_1273,14
TAAGAGACAAGCCGCT-1,1,sgNC_1273,3
TAAGAGATCCACGTTC-1,1,sgNC_1273,7
TAAGCGTCAGTTAACC-1,1,sgNC_1273,11
TAAGCGTGTAAGGGAA-1,1,sgNC_1273,4
TAAGCGTGTTACAGAA-1,1,sgNC_1273,3
TAAGCGTGTTAGGGTG-1,1,sgNC_1273,10
TAAGTGCGTATTAGCC-1,1,sgNC_1273,4
TAAGTGCTCATCGGAT-1,1,sgNC_1273,5
TACACGATCAACTCTT-1,1,sgNC_1273,5
TACAGTGAGCGATGAC-1,1,sgNC_1273,6
TACAGTGTCAACGGGA-1,1,sgNC_1273,3
TACCTATGTGCTGTAT-1,1,sgNC_1273,4
TACCTATTCTGTACGA-1,1,sgNC_1273,3
TACGGATAGACTTGAA-1,1,sgNC_1273,3
TACGGATGTCAAAGCG-1,1,sgNC_1273,4
TACGGATTCGCGGATC-1,1,sgNC_1273,5
TACGGGCAGACTTGAA-1,1,sgNC_1273,6
TACGGGCGTCTTCGTC-1,1,sgNC_1273,6
TACTCATGTAATCGTC-1,1,sgNC_1273,9
TACTCGCCAACTTGAC-1,1,sgNC_1273,3
TACTCGCCAGCTTAAC-1,1,sgNC_1273,3
TACTCGCGTTGCGTTA-1,1,sgNC_1273,6
TACTCGCTCAGCTCGG-1,1,sgNC_1273,3
TACTCGCTCTATCCCG-1,1,sgNC_1273,3
TAGAGCTTCACTATTC-1,1,sgNC_1273,4
TAGCCGGTCCACTGGG-1,1,sgNC_1273,3
TAGGCATCACTCAGGC-1,1,sgNC_1273,4
TAGGCATCAGCTGTGC-1,1,sgNC_1273,7
TAGTGGTTCACCATAG-1,1,sgNC_1273,3
TAGTTGGCATCTATGG-1,1,sgNC_1273,8
TATCAGGGTACATGTC-1,1,sgNC_1273,3
TATCTCAAGGCCCTTG-1,1,sgNC_1273,6
TATCTCACACTGTGTA-1,1,sgNC_1273,3
TATCTCACATCATCCC-1,1,sgNC_1273,3
TATGCCCAGGCCCTTG-1,1,sgNC_1273,5
TATTACCGTAAGTTCC-1,1,sgNC_1273,10
TATTACCTCAACGGGA-1,1,sgNC_1273,4
TCAATCTAGGCTATCT-1,1,sgNC_1273,3
TCAATCTTCAAAGTAG-1,1,sgNC_1273,8
TCACAAGAGACAATAC-1,1,sgNC_1273,3
TCACAAGAGCTAAACA-1,1,sgNC_1273,6
TCACAAGCACCACCAG-1,1,sgNC_1273,8
TCACGAACATTCTCAT-1,1,sgNC_1273,9
TCACGAATCCTGCCAT-1,1,sgNC_1273,17
TCACGAATCCTTTCGG-1,1,sgNC_1273,3
TCAGATGAGGTGACCA-1,1,sgNC_1273,3
TCAGATGAGTTAAGTG-1,1,sgNC_1273,3
TCAGATGCATACAGCT-1,1,sgNC_1273,7
TCAGCTCCAGGACGTA-1,1,sgNC_1273,6
TCAGCTCTCAGTTAGC-1,1,sgNC_1273,8
TCAGCTCTCTGAGGGA-1,1,sgNC_1273,5
TCAGGATCAATGGTCT-1,1,sgNC_1273,11
TCAGGTATCAATCTCT-1,1,sgNC_1273,3
TCAGGTATCCTGCTTG-1,1,sgNC_1273,10
TCATTACCAGGCTGAA-1,1,sgNC_1273,10
TCATTACTCGGCGGTT-1,1,sgNC_1273,8
TCCCGATGTTGCTCCT-1,1,sgNC_1273,4
TCCCGATTCCTTGGTC-1,1,sgNC_1273,4
TCGAGGCGTTCCGTCT-1,1,sgNC_1273,4
TCGAGGCTCAATACCG-1,1,sgNC_1273,3
TCGAGGCTCTCTTGAT-1,1,sgNC_1273,13
TCGCGTTCACTGTCGG-1,1,sgNC_1273,3
TCGGGACCACACATGT-1,1,sgNC_1273,3
TCGGTAAAGAGGTACC-1,1,sgNC_1273,3
TCGTACCAGCCCGAAA-1,1,sgNC_1273,10
TCGTACCAGGCTCTTA-1,1,sgNC_1273,3
TCGTAGAGTTCACCTC-1,1,sgNC_1273,3
TCTCTAAGTCGTTGTA-1,1,sgNC_1273,7
TCTCTAATCAAGCCTA-1,1,sgNC_1273,3
TCTGAGACAATGGACG-1,1,sgNC_1273,4
TCTGAGATCTCTGAGA-1,1,sgNC_1273,6
TCTTCGGGTTCATGGT-1,1,sgNC_1273,4
TCTTTCCAGATAGTCA-1,1,sgNC_1273,3
TCTTTCCCAGTATCTG-1,1,sgNC_1273,3
TGAAAGACAGCTGTTA-1,1,sgNC_1273,3
TGACAACTCAGCGACC-1,1,sgNC_1273,4
TGACGGCCAAGCCTAT-1,1,sgNC_1273,11
TGACGGCGTCTAAACC-1,1,sgNC_1273,7
TGACTTTCAATCCAAC-1,1,sgNC_1273,7
TGAGAGGGTTCGCGAC-1,1,sgNC_1273,3
TGAGGGAGTGCCTGTG-1,1,sgNC_1273,11
TGAGGGAGTTAGATGA-1,1,sgNC_1273,4
TGATTTCAGCGTCTAT-1,1,sgNC_1273,14
TGATTTCGTACCGTTA-1,1,sgNC_1273,14
TGATTTCGTCGAACAG-1,1,sgNC_1273,5
TGCACCTCATTCGACA-1,1,sgNC_1273,4
TGCCCATCAAGTCTAC-1,1,sgNC_1273,4
TGCGCAGAGTAGGTGC-1,1,sgNC_1273,4
TGCGCAGAGTGGTCCC-1,1,sgNC_1273,3
TGCGGGTGTAAGTGGC-1,1,sgNC_1273,5
TGCGTGGCAGTTTACG-1,1,sgNC_1273,5
TGCTACCAGAGTGAGA-1,1,sgNC_1273,9
TGCTACCAGGCTACGA-1,1,sgNC_1273,4
TGCTGCTCATCCGCGA-1,1,sgNC_1273,4
TGGACGCGTCAATACC-1,1,sgNC_1273,6
TGGCCAGAGCTCCTTC-1,1,sgNC_1273,3
TGGCCAGCATTAGCCA-1,1,sgNC_1273,3
TGGCGCAGTAATCGTC-1,1,sgNC_1273,7
TGGCGCATCCTGTAGA-1,1,sgNC_1273,4
TGGCTGGGTTGTACAC-1,1,sgNC_1273,14
TGGGAAGCAGGGTACA-1,1,sgNC_1273,3
TGGGCGTGTACATCCA-1,1,sgNC_1273,3
TGGTTAGAGCAGATCG-1,1,sgNC_1273,20
TGGTTAGAGTGCTGCC-1,1,sgNC_1273,10
TGTATTCCAGTTCATG-1,1,sgNC_1273,4
TGTATTCTCGAGAACG-1,1,sgNC_1273,19
TGTCCCAGTGTGACGA-1,1,sgNC_1273,6
TGTCCCATCTTGTCAT-1,1,sgNC_1273,6
TGTGGTAAGAAACCTA-1,1,sgNC_1273,5
TGTGGTAGTTGGTAAA-1,1,sgNC_1273,15
TGTGGTATCAAGATCC-1,1,sgNC_1273,3
TGTGTTTGTGAAATCA-1,1,sgNC_1273,11
TGTGTTTTCCGCATCT-1,1,sgNC_1273,3
TTAACTCGTAGAGGAA-1,1,sgNC_1273,3
TTAACTCTCACATACG-1,1,sgNC_1273,3
TTAGGACAGTGTTGAA-1,1,sgNC_1273,4
TTAGGACGTCTCACCT-1,1,sgNC_1273,4
TTAGGACTCCGTCAAA-1,1,sgNC_1273,3
TTAGGCACAGATGAGC-1,1,sgNC_1273,4
TTAGGCACAGCCAATT-1,1,sgNC_1273,3
TTAGGCATCGTCTGCT-1,1,sgNC_1273,3
TTAGTTCCACCAGCAC-1,1,sgNC_1273,3
TTATGCTAGGAGTCTG-1,1,sgNC_1273,15
TTATGCTGTAGCCTAT-1,1,sgNC_1273,3
TTATGCTGTGAGCGAT-1,1,sgNC_1273,7
TTATGCTGTGTGAAAT-1,1,sgNC_1273,8
TTCCCAGTCTGTCCGT-1,1,sgNC_1273,5
TTCGAAGCAACTGCGC-1,1,sgNC_1273,3
TTCGAAGCAAGGCTCC-1,1,sgNC_1273,3
TTCGAAGTCCATTCTA-1,1,sgNC_1273,4
TTCGGTCAGCCACGCT-1,1,sgNC_1273,55
TTCGGTCCAGGAATGC-1,1,sgNC_1273,5
TTCTACAGTTACTGAC-1,1,sgNC_1273,8
TTCTCCTAGCCCAACC-1,1,sgNC_1273,24
TTCTCCTCAAAGCAAT-1,1,sgNC_1273,7
TTCTCCTGTACACCGC-1,1,sgNC_1273,3
TTCTCCTGTACCAGTT-1,1,sgNC_1273,13
TTCTCCTTCAACACCA-1,1,sgNC_1273,3
TTCTCCTTCCCTTGTG-1,1,sgNC_1273,6
TTCTTAGCACCAACCG-1,1,sgNC_1273,9
TTCTTAGCACGTCTCT-1,1,sgNC_1273,3
TTCTTAGCAGGTGCCT-1,1,sgNC_1273,8
TTCTTAGCATCCTAGA-1,1,sgNC_1273,4
TTGACTTCAAGACGTG-1,1,sgNC_1273,11
TTGACTTCAGCTCCGA-1,1,sgNC_1273,22
TTGACTTGTGACGCCT-1,1,sgNC_1273,3
TTGCCGTTCTTTCCTC-1,1,sgNC_1273,3
TTGCGTCCAGTTCATG-1,1,sgNC_1273,5
TTGGAACAGACGACGT-1,1,sgNC_1273,7
TTGGCAAGTAAGAGAG-1,1,sgNC_1273,9
TTGGCAATCGGCTTGG-1,1,sgNC_1273,5
TTGGCAATCTAGCACA-1,1,sgNC_1273,8
TTGTAGGCACGGCGTT-1,1,sgNC_1273,6
TTGTAGGGTCTGATTG-1,1,sgNC_1273,13
TTTACTGAGCGAAGGG-1,1,sgNC_1273,3
TTTCCTCCACGGACAA-1,1,sgNC_1273,5
TTTCCTCGTACCGTTA-1,1,sgNC_1273,12
TTTCCTCGTTCGAATC-1,1,sgNC_1273,3
TTTCCTCGTTGCCTCT-1,1,sgNC_1273,9
TTTGCGCTCTACGAGT-1,1,sgNC_1273,12
TTTGGTTAGATAGGAG-1,1,sgNC_1273,4
TTTGGTTAGCAGACTG-1,1,sgNC_1273,65
TTTGGTTAGCTGAAAT-1,1,sgNC_1273,15
TTTGTCACAATCGAAA-1,1,sgNC_1273,4
AAACCTGAGCTAAACA-2,1,sgNC_1273,4
AAACGGGTCTTAGAGC-2,1,sgNC_1273,5
AAAGATGTCTTAGCCC-2,1,sgNC_1273,3
AAAGCAACATCAGTAC-2,1,sgNC_1273,8
AAATGCCTCGATGAGG-2,1,sgNC_1273,3
AACACGTAGCACGCCT-2,1,sgNC_1273,4
AACACGTAGGGCTTCC-2,1,sgNC_1273,5
AACCGCGAGATGGCGT-2,1,sgNC_1273,4
AACCGCGCACAACTGT-2,1,sgNC_1273,10
AACCGCGTCATTGCCC-2,1,sgNC_1273,7
AACTCAGAGGTTACCT-2,1,sgNC_1273,3
AACTCAGAGTCGTACT-2,1,sgNC_1273,17
AACTCAGTCAGCTTAG-2,1,sgNC_1273,14
AACTCCCAGTCCCACG-2,1,sgNC_1273,4
AACTCCCTCGAACGGA-2,1,sgNC_1273,3
AACTCCCTCTTGTATC-2,1,sgNC_1273,4
AACTCTTCAAGCGAGT-2,1,sgNC_1273,19
AACTCTTGTGAGGGAG-2,1,sgNC_1273,5
AACTGGTAGCCGTCGT-2,1,sgNC_1273,3
AACTGGTCAGCCTTTC-2,1,sgNC_1273,5
AACTGGTGTCTCCATC-2,1,sgNC_1273,12
AACTGGTTCTAACTGG-2,1,sgNC_1273,3
AAGACCTAGTTGTCGT-2,1,sgNC_1273,4
AAGCCGCAGTTAACGA-2,1,sgNC_1273,4
AAGCCGCTCGCTGATA-2,1,sgNC_1273,3
AAGGAGCAGAAGGCCT-2,1,sgNC_1273,20
AAGGAGCTCTTGTTTG-2,1,sgNC_1273,4
AAGGTTCGTATCACCA-2,1,sgNC_1273,17
AAGGTTCTCGCATGGC-2,1,sgNC_1273,4
AAGTCTGTCCACGTTC-2,1,sgNC_1273,4
AATCGGTAGCTGATAA-2,1,sgNC_1273,3
ACACTGAGTAGCCTCG-2,1,sgNC_1273,3
ACACTGAGTGCTAGCC-2,1,sgNC_1273,4
ACACTGATCCGCGCAA-2,1,sgNC_1273,4
ACAGCCGGTCTAGCCG-2,1,sgNC_1273,4
ACAGCTAGTTTAGCTG-2,1,sgNC_1273,6
ACATACGAGGGTATCG-2,1,sgNC_1273,9
ACATACGTCGTATCAG-2,1,sgNC_1273,4
ACATACGTCTATCCCG-2,1,sgNC_1273,6
ACATCAGGTCCGTTAA-2,1,sgNC_1273,5
ACATGGTCATAGTAAG-2,1,sgNC_1273,5
ACATGGTGTTACGTCA-2,1,sgNC_1273,5
ACATGGTGTTCCGTCT-2,1,sgNC_1273,9
ACATGGTTCCTATGTT-2,1,sgNC_1273,8
ACATGGTTCGTGGACC-2,1,sgNC_1273,11
ACCAGTACAGCCTGTG-2,1,sgNC_1273,15
ACCAGTACAGGCAGTA-2,1,sgNC_1273,8
ACCCACTAGGCCCTCA-2,1,sgNC_1273,8
ACCCACTAGTGTGGCA-2,1,sgNC_1273,3
ACCCACTTCATCGCTC-2,1,sgNC_1273,21
ACCGTAATCTAACTCT-2,1,sgNC_1273,3
ACCTTTAAGGTACTCT-2,1,sgNC_1273,6
ACGAGCCCAGGATCGA-2,1,sgNC_1273,8
ACGAGGATCGGTGTCG-2,1,sgNC_1273,8
ACGAGGATCGTAGGTT-2,1,sgNC_1273,3
ACGATACGTACAAGTA-2,1,sgNC_1273,17
ACGATACGTAGGCATG-2,1,sgNC_1273,4
ACGATGTAGGAGTAGA-2,1,sgNC_1273,15
ACGCAGCAGTGGCACA-2,1,sgNC_1273,3
ACGCCAGAGACAAAGG-2,1,sgNC_1273,6
ACGCCAGCAGTTCCCT-2,1,sgNC_1273,8
ACGGCCAAGATACACA-2,1,sgNC_1273,3
ACGGCCAGTCATTAGC-2,1,sgNC_1273,5
ACGGCCAGTGTTCGAT-2,1,sgNC_1273,3
ACGGGCTAGATATACG-2,1,sgNC_1273,7
ACGGGCTCATGTTGAC-2,1,sgNC_1273,4
ACGGGTCCACTGTTAG-2,1,sgNC_1273,10
ACTGAACAGTATCGAA-2,1,sgNC_1273,3
ACTGAACTCATCACCC-2,1,sgNC_1273,6
ACTGAGTCAACACCCG-2,1,sgNC_1273,4
ACTGAGTGTGTCGCTG-2,1,sgNC_1273,3
ACTGAGTTCGGCGCAT-2,1,sgNC_1273,7
ACTGATGAGTGTCCCG-2,1,sgNC_1273,3
ACTGATGCAGTCTTCC-2,1,sgNC_1273,11
ACTGATGGTCGGCTCA-2,1,sgNC_1273,12
ACTGATGTCTCATTCA-2,1,sgNC_1273,3
ACTGCTCGTTACTGAC-2,1,sgNC_1273,10
ACTGCTCGTTGTCTTT-2,1,sgNC_1273,3
ACTGCTCTCCCTAACC-2,1,sgNC_1273,8
ACTGTCCTCACTCTTA-2,1,sgNC_1273,17
ACTGTCCTCTGCCCTA-2,1,sgNC_1273,11
ACTTGTTTCACTGGGC-2,1,sgNC_1273,6
ACTTTCACAAACAACA-2,1,sgNC_1273,14
AGAATAGAGGGTCGAT-2,1,sgNC_1273,7
AGACGTTGTGGAAAGA-2,1,sgNC_1273,6
AGAGCGAGTATTCTCT-2,1,sgNC_1273,4
AGAGCGATCACCGTAA-2,1,sgNC_1273,12
AGAGCGATCAGTTGAC-2,1,sgNC_1273,3
AGAGCGATCCTGCCAT-2,1,sgNC_1273,13
AGAGTGGAGCCACCTG-2,1,sgNC_1273,3
AGATCTGAGCACAGGT-2,1,sgNC_1273,3
AGATCTGCACGGCCAT-2,1,sgNC_1273,4
AGATCTGGTTTGACAC-2,1,sgNC_1273,5
AGATTGCAGTATCGAA-2,1,sgNC_1273,3
AGATTGCCAGTCAGAG-2,1,sgNC_1273,3
AGATTGCCATGTAGTC-2,1,sgNC_1273,3
AGCAGCCGTGCAGTAG-2,1,sgNC_1273,13
AGCATACCAGTCAGAG-2,1,sgNC_1273,9
AGCATACCATCGATGT-2,1,sgNC_1273,5
AGCCTAAAGCCCAATT-2,1,sgNC_1273,4
AGCCTAACAGACTCGC-2,1,sgNC_1273,3
AGCCTAATCACCGTAA-2,1,sgNC_1273,5
AGCCTAATCGGCTTGG-2,1,sgNC_1273,4
AGCGGTCAGATAGCAT-2,1,sgNC_1273,4
AGCGGTCAGGATGTAT-2,1,sgNC_1273,3
AGCGGTCGTTATCCGA-2,1,sgNC_1273,6
AGCTCCTAGCTGATAA-2,1,sgNC_1273,9
AGCTCCTAGGTCATCT-2,1,sgNC_1273,7
AGCTCTCTCACTTACT-2,1,sgNC_1273,16
AGCTTGAAGATCCCAT-2,1,sgNC_1273,6
AGCTTGAAGGCTCATT-2,1,sgNC_1273,3
AGCTTGACATACGCCG-2,1,sgNC_1273,8
AGGCCACGTTCACCTC-2,1,sgNC_1273,4
AGGCCACTCGGAGCAA-2,1,sgNC_1273,4
AGGCCGTAGATCTGCT-2,1,sgNC_1273,10
AGGCCGTAGCTAGCCC-2,1,sgNC_1273,7
AGGCCGTTCATAACCG-2,1,sgNC_1273,3
AGGCCGTTCTGTGCAA-2,1,sgNC_1273,4
AGGCCGTTCTTGTCAT-2,1,sgNC_1273,25
AGGGAGTCATCTCGCT-2,1,sgNC_1273,7
AGGGTGACACAGGCCT-2,1,sgNC_1273,8
AGGGTGACATACCATG-2,1,sgNC_1273,3
AGGGTGATCGTACCGG-2,1,sgNC_1273,3
AGGTCATAGCTGAACG-2,1,sgNC_1273,15
AGGTCCGAGAATGTTG-2,1,sgNC_1273,38
AGGTCCGAGGAGCGAG-2,1,sgNC_1273,3
AGGTCCGCACTTAACG-2,1,sgNC_1273,4
AGGTCCGTCGTTTGCC-2,1,sgNC_1273,7
AGTAGTCGTACGACCC-2,1,sgNC_1273,8
AGTCTTTCAGCTGTTA-2,1,sgNC_1273,6
AGTGAGGAGCTGGAAC-2,1,sgNC_1273,3
AGTGGGATCGGTGTCG-2,1,sgNC_1273,7
AGTGTCACAAAGAATC-2,1,sgNC_1273,8
AGTTGGTAGACTTTCG-2,1,sgNC_1273,3
AGTTGGTAGGTGTTAA-2,1,sgNC_1273,3
AGTTGGTTCCGTTGTC-2,1,sgNC_1273,5
ATAAGAGTCGCAGGCT-2,1,sgNC_1273,3
ATAGACCCAGTGAGTG-2,1,sgNC_1273,3
ATAGACCGTCTGATTG-2,1,sgNC_1273,3
ATAGACCTCTTACCGC-2,1,sgNC_1273,5
ATCATCTTCGCAGGCT-2,1,sgNC_1273,9
ATCATGGAGTACCGGA-2,1,sgNC_1273,4
ATCATGGCACGCGAAA-2,1,sgNC_1273,3
ATCATGGGTAAACACA-2,1,sgNC_1273,5
ATCATGGGTTCCGGCA-2,1,sgNC_1273,4
ATCCGAACACACATGT-2,1,sgNC_1273,13
ATCCGAAGTCGGATCC-2,1,sgNC_1273,6
ATCGAGTAGTGAATTG-2,1,sgNC_1273,3
ATCGAGTCACCGTTGG-2,1,sgNC_1273,3
ATGAGGGCATTTGCCC-2,1,sgNC_1273,6
ATGCGATGTGTCAATC-2,1,sgNC_1273,4
ATGCGATTCACTTCAT-2,1,sgNC_1273,17
ATGGGAGCAGAAGCAC-2,1,sgNC_1273,6
ATTACTCTCAATACCG-2,1,sgNC_1273,3
ATTACTCTCACTGGGC-2,1,sgNC_1273,3
ATTACTCTCGTTTGCC-2,1,sgNC_1273,4
ATTATCCAGAGTGAGA-2,1,sgNC_1273,4
ATTATCCCAAATACAG-2,1,sgNC_1273,9
ATTATCCCACATCTTT-2,1,sgNC_1273,9
ATTATCCGTCCTAGCG-2,1,sgNC_1273,4
ATTGGACAGACTTTCG-2,1,sgNC_1273,9
ATTGGACAGTTTAGGA-2,1,sgNC_1273,18
ATTGGACCACATTCGA-2,1,sgNC_1273,3
ATTGGTGGTATATGAG-2,1,sgNC_1273,4
ATTGGTGGTGAGTGAC-2,1,sgNC_1273,4
ATTGGTGTCAGCATGT-2,1,sgNC_1273,11
ATTTCTGAGATCTGAA-2,1,sgNC_1273,3
ATTTCTGCAGCCTTTC-2,1,sgNC_1273,13
CAACCTCCACCAGGCT-2,1,sgNC_1273,5
CAACTAGCACATCCAA-2,1,sgNC_1273,3
CAACTAGTCTCATTCA-2,1,sgNC_1273,20
CAAGAAACAGGTTTCA-2,1,sgNC_1273,10
CAAGAAAGTGTGGCTC-2,1,sgNC_1273,5
CAAGAAAGTTACCGAT-2,1,sgNC_1273,7
CAAGATCCAAAGTCAA-2,1,sgNC_1273,31
CAAGTTGGTACCGGCT-2,1,sgNC_1273,12
CAAGTTGGTTGAACTC-2,1,sgNC_1273,12
CAAGTTGTCGAACTGT-2,1,sgNC_1273,3
CACAAACCACGCCAGT-2,1,sgNC_1273,13
CACACCTGTAGCGTGA-2,1,sgNC_1273,6
CACACTCGTTCGAATC-2,1,sgNC_1273,4
CACAGGCAGTGGAGAA-2,1,sgNC_1273,7
CACAGTATCCTCAATT-2,1,sgNC_1273,8
CACATAGCAGATGGGT-2,1,sgNC_1273,4
CACATAGTCATAGCAC-2,1,sgNC_1273,4
CACCACTAGCTCCTTC-2,1,sgNC_1273,14
CACCAGGCATGGATGG-2,1,sgNC_1273,15
CACCAGGGTCTTCGTC-2,1,sgNC_1273,4
CACCAGGTCAACACCA-2,1,sgNC_1273,9
CACCAGGTCTCCAACC-2,1,sgNC_1273,3
CACCTTGCACAGCGTC-2,1,sgNC_1273,8
CACCTTGTCTTCTGGC-2,1,sgNC_1273,5
CACTCCATCCCTTGCA-2,1,sgNC_1273,9
CAGAATCAGACCTTTG-2,1,sgNC_1273,5
CAGAATCAGTCCTCCT-2,1,sgNC_1273,4
CAGAGAGGTTACCGAT-2,1,sgNC_1273,6
CAGATCATCAACGCTA-2,1,sgNC_1273,4
CAGATCATCTTTACGT-2,1,sgNC_1273,5
CAGCAGCCAAACCCAT-2,1,sgNC_1273,20
CAGCCGAAGTCAATAG-2,1,sgNC_1273,5
CAGCCGAGTCACAAGG-2,1,sgNC_1273,5
CAGCCGAGTGTCCTCT-2,1,sgNC_1273,3
CAGCTAAAGCTCCTCT-2,1,sgNC_1273,4
CAGCTAATCTGTCCGT-2,1,sgNC_1273,4
CAGCTGGCACATTAGC-2,1,sgNC_1273,6
CAGCTGGTCTCTGAGA-2,1,sgNC_1273,17
CAGGTGCTCTATCGCC-2,1,sgNC_1273,6
CAGTAACGTAGCGCTC-2,1,sgNC_1273,13
CAGTAACTCGTATCAG-2,1,sgNC_1273,4
CAGTCCTAGTCCGTAT-2,1,sgNC_1273,5
CAGTCCTCACAGCGTC-2,1,sgNC_1273,3
CAGTCCTGTACTCAAC-2,1,sgNC_1273,6
CAGTCCTTCTACTCAT-2,1,sgNC_1273,3
CAGTCCTTCTGTCTCG-2,1,sgNC_1273,3
CATATGGCAGCTGTGC-2,1,sgNC_1273,3
CATATGGGTAGTAGTA-2,1,sgNC_1273,3
CATCAAGAGCCGCCTA-2,1,sgNC_1273,8
CATCAGACAAACGCGA-2,1,sgNC_1273,15
CATCAGACATGAACCT-2,1,sgNC_1273,8
CATCCACGTGTCAATC-2,1,sgNC_1273,5
CATCCACTCACAGGCC-2,1,sgNC_1273,5
CATCGAACACGGTGTC-2,1,sgNC_1273,15
CATCGGGCACATCTTT-2,1,sgNC_1273,3
CATGACACAAGCTGTT-2,1,sgNC_1273,3
CATGACAGTTCCGGCA-2,1,sgNC_1273,7
CATGCCTGTGAGGGAG-2,1,sgNC_1273,3
CATGCCTGTTCGTGAT-2,1,sgNC_1273,5
CATGCCTTCTGTCTCG-2,1,sgNC_1273,3
CATGGCGGTACCCAAT-2,1,sgNC_1273,11
CATTATCGTAAGTTCC-2,1,sgNC_1273,3
CATTCGCAGGATTCGG-2,1,sgNC_1273,9
CATTCGCGTTACGACT-2,1,sgNC_1273,5
CCAATCCGTGCTGTAT-2,1,sgNC_1273,7
CCACCTAAGATTACCC-2,1,sgNC_1273,3
CCACCTATCTTGTTTG-2,1,sgNC_1273,9
CCACGGAGTCTAAAGA-2,1,sgNC_1273,11
CCATGTCCAGAAGCAC-2,1,sgNC_1273,3
CCATTCGAGTGCCAGA-2,1,sgNC_1273,5
CCCAGTTAGAGACTTA-2,1,sgNC_1273,3
CCCAGTTAGCGAAGGG-2,1,sgNC_1273,3
CCCAGTTAGGCCATAG-2,1,sgNC_1273,3
CCCAGTTGTGATAAGT-2,1,sgNC_1273,3
CCGGGATAGTGTTTGC-2,1,sgNC_1273,3
CCGGTAGAGCTGAAAT-2,1,sgNC_1273,4
CCGGTAGGTAAGTGTA-2,1,sgNC_1273,3
CCGGTAGGTGTGGCTC-2,1,sgNC_1273,8
CCGTACTCATGGAATA-2,1,sgNC_1273,4
CCGTTCAAGTCTCGGC-2,1,sgNC_1273,5
CCTACACCAGCTGCAC-2,1,sgNC_1273,3
CCTAGCTAGTAACCCT-2,1,sgNC_1273,7
CCTAGCTGTTTAGCTG-2,1,sgNC_1273,6
CCTAGCTTCAACACTG-2,1,sgNC_1273,17
CCTATTAAGTTGTAGA-2,1,sgNC_1273,3
CCTCAGTTCACGATGT-2,1,sgNC_1273,6
CCTCTGAAGAGTAAGG-2,1,sgNC_1273,10
CCTCTGAGTCGACTAT-2,1,sgNC_1273,3
CCTTACGCAACTTGAC-2,1,sgNC_1273,5
CCTTCCCCATGCGCAC-2,1,sgNC_1273,6
CCTTCGAAGATGTGGC-2,1,sgNC_1273,7
CCTTCGAAGCGATTCT-2,1,sgNC_1273,5
CCTTCGAGTTGCTCCT-2,1,sgNC_1273,6
CCTTTCTGTGCCTGCA-2,1,sgNC_1273,4
CGAACATCATGCAATC-2,1,sgNC_1273,6
CGACCTTCACATCCGG-2,1,sgNC_1273,10
CGACCTTCAGTTCATG-2,1,sgNC_1273,7
CGACCTTGTTCGAATC-2,1,sgNC_1273,27
CGACTTCAGGCATGTG-2,1,sgNC_1273,7
CGACTTCAGTACGTTC-2,1,sgNC_1273,15
CGAGAAGCACTGCCAG-2,1,sgNC_1273,5
CGAGAAGGTGTAACGG-2,1,sgNC_1273,9
CGAGCACGTTTAGGAA-2,1,sgNC_1273,4
CGAGCCAAGTGGTCCC-2,1,sgNC_1273,3
CGAGCCATCAAAGACA-2,1,sgNC_1273,4
CGATCGGCAGGTCTCG-2,1,sgNC_1273,3
CGATCGGTCAGTTAGC-2,1,sgNC_1273,7
CGATGGCAGCTGCCCA-2,1,sgNC_1273,6
CGATGGCGTGACGCCT-2,1,sgNC_1273,3
CGATGTACAGCCAATT-2,1,sgNC_1273,3
CGCCAAGCAGATGAGC-2,1,sgNC_1273,16
CGCCAAGCAGGTCTCG-2,1,sgNC_1273,16
CGCCAAGGTCCGTCAG-2,1,sgNC_1273,3
CGCCAAGTCATTGCGA-2,1,sgNC_1273,3
CGCGGTATCAGGCCCA-2,1,sgNC_1273,3
CGCGTTTGTCTTTCAT-2,1,sgNC_1273,8
CGCTATCCATGATCCA-2,1,sgNC_1273,5
CGCTGGAGTAATCACC-2,1,sgNC_1273,3
CGCTTCAAGAGTAAGG-2,1,sgNC_1273,3
CGCTTCACACGAAAGC-2,1,sgNC_1273,3
CGCTTCACAGGGTATG-2,1,sgNC_1273,21
CGGACACCAGCTCGCA-2,1,sgNC_1273,3
CGGACACTCTTACCGC-2,1,sgNC_1273,3
CGGACTGAGACCACGA-2,1,sgNC_1273,8
CGGACTGCAGACAAAT-2,1,sgNC_1273,6
CGGACTGCAGCCTGTG-2,1,sgNC_1273,5
CGGAGCTTCTTGCAAG-2,1,sgNC_1273,5
CGGAGTCAGAGCTGGT-2,1,sgNC_1273,4
CGGAGTCGTGCTAGCC-2,1,sgNC_1273,7
CGGAGTCTCAGTTAGC-2,1,sgNC_1273,7
CGGCTAGAGAAACCGC-2,1,sgNC_1273,3
CGGGTCAAGAGCTGGT-2,1,sgNC_1273,16
CGGGTCAAGCGAGAAA-2,1,sgNC_1273,3
CGGTTAACAAGTTGTC-2,1,sgNC_1273,6
CGTAGGCAGATCGATA-2,1,sgNC_1273,7
CGTAGGCGTGACTACT-2,1,sgNC_1273,15
CGTCCATGTAGGAGTC-2,1,sgNC_1273,3
CGTCCATGTCCTAGCG-2,1,sgNC_1273,3
CGTCTACGTACATGTC-2,1,sgNC_1273,8
CGTGAGCGTGGTAACG-2,1,sgNC_1273,4
CGTGTAATCAACACAC-2,1,sgNC_1273,6
CGTGTCTGTCGCGTGT-2,1,sgNC_1273,9
CGTGTCTGTTAAAGAC-2,1,sgNC_1273,4
CGTGTCTTCAGCTCTC-2,1,sgNC_1273,3
CGTGTCTTCCTGCTTG-2,1,sgNC_1273,3
CGTTAGACAAACTGTC-2,1,sgNC_1273,8
CGTTCTGGTCTGGAGA-2,1,sgNC_1273,5
CTAACTTCAGATGGCA-2,1,sgNC_1273,10
CTAAGACAGTTCGCAT-2,1,sgNC_1273,4
CTAAGACCACTGTGTA-2,1,sgNC_1273,6
CTAATGGGTACTTCTT-2,1,sgNC_1273,3
CTAATGGGTGCACCAC-2,1,sgNC_1273,10
CTAATGGTCCTCGCAT-2,1,sgNC_1273,4
CTAATGGTCTCGTATT-2,1,sgNC_1273,3
CTACACCCAGGTGCCT-2,1,sgNC_1273,3
CTACCCAAGGCCCTTG-2,1,sgNC_1273,6
CTACCCATCATCACCC-2,1,sgNC_1273,7
CTACGTCGTCTTGATG-2,1,sgNC_1273,4
CTACGTCTCATCGCTC-2,1,sgNC_1273,9
CTAGAGTGTATAGTAG-2,1,sgNC_1273,8
CTAGCCTCAGGGATTG-2,1,sgNC_1273,21
CTAGTGACACAAGCCC-2,1,sgNC_1273,3
CTAGTGAGTTGGTTTG-2,1,sgNC_1273,9
CTCACACAGGACAGCT-2,1,sgNC_1273,3
CTCACACGTCGCATCG-2,1,sgNC_1273,4
CTCACACTCCAGATCA-2,1,sgNC_1273,19
CTCCTAGTCAGGCGAA-2,1,sgNC_1273,3
CTCGAAATCTACGAGT-2,1,sgNC_1273,6
CTCGAGGCAACTGGCC-2,1,sgNC_1273,11
CTCGAGGTCGCATGGC-2,1,sgNC_1273,4
CTCGGAGTCCGTCAAA-2,1,sgNC_1273,7
CTCGGGAGTACTCAAC-2,1,sgNC_1273,3
CTCGTACAGGGTGTTG-2,1,sgNC_1273,3
CTCTACGAGGGTGTGT-2,1,sgNC_1273,3
CTCTACGAGTCTTGCA-2,1,sgNC_1273,4
CTCTACGGTACATCCA-2,1,sgNC_1273,4
CTCTACGTCGGCATCG-2,1,sgNC_1273,4
CTCTGGTGTCGCATCG-2,1,sgNC_1273,3
CTGAAACTCTTGTCAT-2,1,sgNC_1273,3
CTGAAGTAGCAAATCA-2,1,sgNC_1273,12
CTGAAGTAGCAGACTG-2,1,sgNC_1273,5
CTGATAGAGGATGTAT-2,1,sgNC_1273,6
CTGATAGGTGATGTGG-2,1,sgNC_1273,4
CTGCCTAAGCCGGTAA-2,1,sgNC_1273,12
CTGCTGTCAGCTGTGC-2,1,sgNC_1273,7
CTGGTCTAGATCACGG-2,1,sgNC_1273,3
CTGGTCTAGTGGGATC-2,1,sgNC_1273,4
CTGGTCTGTCAGAATA-2,1,sgNC_1273,3
CTGTTTAAGTAAGTAC-2,1,sgNC_1273,4
CTGTTTAAGTCGAGTG-2,1,sgNC_1273,4
CTGTTTAGTTAGGGTG-2,1,sgNC_1273,3
CTTAACTAGGAGTCTG-2,1,sgNC_1273,7
CTTAACTAGTGTGGCA-2,1,sgNC_1273,3
CTTACCGCATATGGTC-2,1,sgNC_1273,5
CTTACCGGTGTAACGG-2,1,sgNC_1273,6
CTTAGGAGTCCATGAT-2,1,sgNC_1273,7
CTTAGGATCCGTTGTC-2,1,sgNC_1273,6
CTTGGCTCATGCGCAC-2,1,sgNC_1273,4
CTTGGCTGTTTCCACC-2,1,sgNC_1273,9
CTTGGCTTCAAGATCC-2,1,sgNC_1273,4
CTTGGCTTCAGAGGTG-2,1,sgNC_1273,8
CTTGGCTTCGTAGGTT-2,1,sgNC_1273,5
CTTTGCGAGCGGATCA-2,1,sgNC_1273,4
CTTTGCGGTCTCCATC-2,1,sgNC_1273,11
GAAATGAGTTCGCGAC-2,1,sgNC_1273,3
GAAATGATCACCAGGC-2,1,sgNC_1273,8
GAACATCAGGCTATCT-2,1,sgNC_1273,4
GAACATCGTATTAGCC-2,1,sgNC_1273,4
GAACATCGTGAGTATA-2,1,sgNC_1273,3
GAACATCGTTTAGCTG-2,1,sgNC_1273,8
GAACCTAGTGCTGTAT-2,1,sgNC_1273,4
GAACGGAGTAATTGGA-2,1,sgNC_1273,4
GAAGCAGAGTCCGGTC-2,1,sgNC_1273,6
GAATAAGCAGCTGTTA-2,1,sgNC_1273,13
GAATGAAAGACACTAA-2,1,sgNC_1273,4
GAATGAACACGAAATA-2,1,sgNC_1273,9
GAATGAACAGGCTCAC-2,1,sgNC_1273,3
GAATGAAGTTGGGACA-2,1,sgNC_1273,3
GACACGCGTGTCTGAT-2,1,sgNC_1273,6
GACACGCTCACGATGT-2,1,sgNC_1273,3
GACACGCTCCACGCAG-2,1,sgNC_1273,8
GACAGAGGTTTACTCT-2,1,sgNC_1273,13
GACAGAGTCAGAGCTT-2,1,sgNC_1273,3
GACCAATCAAGCCTAT-2,1,sgNC_1273,4
GACGCGTAGGATGCGT-2,1,sgNC_1273,4
GACGCGTAGTGTACGG-2,1,sgNC_1273,6
GACGCGTGTCTCACCT-2,1,sgNC_1273,4
GACGGCTCATCCGCGA-2,1,sgNC_1273,4
GACGGCTGTACCAGTT-2,1,sgNC_1273,3
GACGGCTTCAGATAAG-2,1,sgNC_1273,9
GACGGCTTCTGATACG-2,1,sgNC_1273,3
GACGTTAAGTTGTAGA-2,1,sgNC_1273,10
GACGTTAGTAACGACG-2,1,sgNC_1273,3
GACTAACCAGATAATG-2,1,sgNC_1273,20
GACTACACAGTATAAG-2,1,sgNC_1273,3
GACTACAGTCTCTCTG-2,1,sgNC_1273,3
GACTGCGCACCTGGTG-2,1,sgNC_1273,7
GACTGCGCAGTCCTTC-2,1,sgNC_1273,9
GACTGCGGTACCGGCT-2,1,sgNC_1273,3
GAGCAGAAGCCCGAAA-2,1,sgNC_1273,11
GAGGTGAGTAACGCGA-2,1,sgNC_1273,4
GAGTCCGAGATAGGAG-2,1,sgNC_1273,4
GAGTCCGTCCAGAAGG-2,1,sgNC_1273,14
GATCAGTCACCGAATT-2,1,sgNC_1273,6
GATCGCGAGTTCGCAT-2,1,sgNC_1273,6
GATCGCGGTAAACCTC-2,1,sgNC_1273,15
GATCGCGGTGATGTGG-2,1,sgNC_1273,3
GATCGCGGTGTGGCTC-2,1,sgNC_1273,4
GATCGCGTCACGCATA-2,1,sgNC_1273,11
GATCGTAAGCTAACAA-2,1,sgNC_1273,11
GATCGTACAGATGGGT-2,1,sgNC_1273,6
GATCGTACAGCCTGTG-2,1,sgNC_1273,3
GATCTAGCAAGTCATC-2,1,sgNC_1273,5
GATCTAGCAGAGCCAA-2,1,sgNC_1273,3
GATCTAGTCCAGTATG-2,1,sgNC_1273,12
GATGAAAAGAGACTAT-2,1,sgNC_1273,16
GATGAAACAATTCCTT-2,1,sgNC_1273,4
GATGAAACAGGCTGAA-2,1,sgNC_1273,6
GATGAGGAGGCGACAT-2,1,sgNC_1273,11
GATGAGGCAGGACCCT-2,1,sgNC_1273,7
GATGCTAGTGTGAATA-2,1,sgNC_1273,3
GATTCAGCAGTGAGTG-2,1,sgNC_1273,12
GATTCAGGTGAACCTT-2,1,sgNC_1273,13
GCAAACTAGACTAGGC-2,1,sgNC_1273,3
GCAAACTAGCCAACAG-2,1,sgNC_1273,8
GCAATCAAGGCATGTG-2,1,sgNC_1273,12
GCAATCACAGGTCCAC-2,1,sgNC_1273,6
GCAATCATCGCATGGC-2,1,sgNC_1273,12
GCACATAAGAATCTCC-2,1,sgNC_1273,3
GCACATATCATAGCAC-2,1,sgNC_1273,20
GCAGCCAAGAGACTTA-2,1,sgNC_1273,9
GCAGCCACATGACGGA-2,1,sgNC_1273,5
GCAGCCATCCATTCTA-2,1,sgNC_1273,3
GCATACAGTTGTGGAG-2,1,sgNC_1273,4
GCATACATCATGCAAC-2,1,sgNC_1273,3
GCATACATCATGTGGT-2,1,sgNC_1273,4
GCATGATCAGCATACT-2,1,sgNC_1273,3
GCATGCGCAAACGCGA-2,1,sgNC_1273,4
GCATGCGGTTACGGAG-2,1,sgNC_1273,3
GCATGTAAGGAATTAC-2,1,sgNC_1273,4
GCATGTATCATGCAAC-2,1,sgNC_1273,4
GCATGTATCCAGAAGG-2,1,sgNC_1273,3
GCCAAATAGAAACGCC-2,1,sgNC_1273,4
GCCAAATGTCTGGAGA-2,1,sgNC_1273,12
GCCAAATTCAGCGATT-2,1,sgNC_1273,10
GCCTCTATCAAGGCTT-2,1,sgNC_1273,4
GCGACCACAGTCAGCC-2,1,sgNC_1273,5
GCGAGAATCGTCGTTC-2,1,sgNC_1273,3
GCGCAACAGACCACGA-2,1,sgNC_1273,4
GCGCAACAGACTAAGT-2,1,sgNC_1273,3
GCGCAACTCCCAGGTG-2,1,sgNC_1273,16
GCGCAGTTCATGTAGC-2,1,sgNC_1273,5
GCGCCAAGTCGCTTCT-2,1,sgNC_1273,4
GCGCCAATCCACGACG-2,1,sgNC_1273,4
GCGGGTTAGTATCGAA-2,1,sgNC_1273,10
GCTCCTAAGACTACAA-2,1,sgNC_1273,12
GCTCCTACAGTAAGCG-2,1,sgNC_1273,4
GCTCTGTTCTCGCTTG-2,1,sgNC_1273,5
GCTGCAGTCCGTAGGC-2,1,sgNC_1273,5
GCTGCGAAGACAGGCT-2,1,sgNC_1273,9
GCTGCGAAGTACGACG-2,1,sgNC_1273,3
GCTGCGACATATGGTC-2,1,sgNC_1273,5
GCTGCGATCCAGAAGG-2,1,sgNC_1273,4
GCTGCTTCAGTAAGAT-2,1,sgNC_1273,9
GCTTCCATCGGTCTAA-2,1,sgNC_1273,4
GCTTGAACAGCCAGAA-2,1,sgNC_1273,4
GCTTGAAGTTAGATGA-2,1,sgNC_1273,10
GCTTGAATCTCTGCTG-2,1,sgNC_1273,21
GGAACTTGTTGAGGTG-2,1,sgNC_1273,21
GGAACTTTCTTCTGGC-2,1,sgNC_1273,9
GGAATAATCGTTGCCT-2,1,sgNC_1273,5
GGACAAGCACATCCAA-2,1,sgNC_1273,8
GGACAAGTCAACACGT-2,1,sgNC_1273,3
GGACAGAAGGGATACC-2,1,sgNC_1273,15
GGACAGATCACGATGT-2,1,sgNC_1273,5
GGACAGATCTCAACTT-2,1,sgNC_1273,3
GGACATTCAGACGTAG-2,1,sgNC_1273,12
GGACATTTCATAGCAC-2,1,sgNC_1273,6
GGACGTCAGAGAACAG-2,1,sgNC_1273,9
GGAGCAAGTCCAGTGC-2,1,sgNC_1273,4
GGAGCAAGTGCTCTTC-2,1,sgNC_1273,12
GGATGTTAGTGTCCCG-2,1,sgNC_1273,3
GGATGTTCATCCGCGA-2,1,sgNC_1273,6
GGCCGATGTCGCGGTT-2,1,sgNC_1273,7
GGCGACTCACTAGTAC-2,1,sgNC_1273,3
GGCGACTCATGCGCAC-2,1,sgNC_1273,4
GGCGACTGTGATAAGT-2,1,sgNC_1273,3
GGCGACTGTTGATTCG-2,1,sgNC_1273,3
GGCGTGTCACCTGGTG-2,1,sgNC_1273,5
GGCGTGTGTCCAGTAT-2,1,sgNC_1273,4
GGCGTGTGTCTGGAGA-2,1,sgNC_1273,6
GGGAATGAGATGTAAC-2,1,sgNC_1273,4
GGGAATGGTGACTACT-2,1,sgNC_1273,13
GGGACCTGTGGCGAAT-2,1,sgNC_1273,3
GGGAGATAGTTGTCGT-2,1,sgNC_1273,7
GGGAGATTCATTGCGA-2,1,sgNC_1273,8
GGGATGAAGGGATCTG-2,1,sgNC_1273,3
GGGATGAGTAGCCTAT-2,1,sgNC_1273,3
GGGATGATCGTGGACC-2,1,sgNC_1273,9
GGGCATCTCCGAACGC-2,1,sgNC_1273,3
GGGTCTGCATGTCGAT-2,1,sgNC_1273,3
GGGTCTGGTTAAGATG-2,1,sgNC_1273,5
GGGTTGCGTTATCGGT-2,1,sgNC_1273,3
GGTATTGAGAGCAATT-2,1,sgNC_1273,7
GGTATTGCACAAGCCC-2,1,sgNC_1273,14
GGTATTGCAGGCGATA-2,1,sgNC_1273,4
GGTATTGGTCGACTGC-2,1,sgNC_1273,6
GGTATTGTCAGCTCTC-2,1,sgNC_1273,3
GGTGAAGAGCTAAGAT-2,1,sgNC_1273,3
GGTGTTAGTACCGCTG-2,1,sgNC_1273,3
GTAACGTCATGGTCAT-2,1,sgNC_1273,4
GTACTCCAGAAGCCCA-2,1,sgNC_1273,3
GTACTCCAGTTAACGA-2,1,sgNC_1273,4
GTACTCCTCTTGCCGT-2,1,sgNC_1273,5
GTACTTTAGCGTCAAG-2,1,sgNC_1273,9
GTACTTTTCGGAATCT-2,1,sgNC_1273,4
GTAGTCAAGCCGCCTA-2,1,sgNC_1273,3
GTAGTCAGTCCATGAT-2,1,sgNC_1273,12
GTAGTCATCTCGTATT-2,1,sgNC_1273,5
GTATCTTCAGCTGCAC-2,1,sgNC_1273,3
GTATCTTGTCACTTCC-2,1,sgNC_1273,23
GTATCTTGTCGCATAT-2,1,sgNC_1273,4
GTATTCTTCGAGGTAG-2,1,sgNC_1273,15
GTCAAGTTCGAGAACG-2,1,sgNC_1273,3
GTCACAAAGACGCTTT-2,1,sgNC_1273,10
GTCACAAGTCTCTCGT-2,1,sgNC_1273,9
GTCACAAGTTCAGCGC-2,1,sgNC_1273,3
GTCACAATCCGTCATC-2,1,sgNC_1273,9
GTCACGGAGCTAGTGG-2,1,sgNC_1273,13
GTCACGGGTAGCGCAA-2,1,sgNC_1273,5
GTCATTTAGAAGGCCT-2,1,sgNC_1273,10
GTCATTTCAGTAAGAT-2,1,sgNC_1273,4
GTCATTTGTCAGAATA-2,1,sgNC_1273,11
GTCCTCATCAGGCAAG-2,1,sgNC_1273,8
GTCGGGTGTAGCGCTC-2,1,sgNC_1273,5
GTCGGGTTCTGGTATG-2,1,sgNC_1273,5
GTCGTAAAGAGCTATA-2,1,sgNC_1273,4
GTCGTAACACTTACGA-2,1,sgNC_1273,6
GTCGTAACAGTTTACG-2,1,sgNC_1273,25
GTCGTAACATGCCCGA-2,1,sgNC_1273,24
GTCGTAATCGGCCGAT-2,1,sgNC_1273,8
GTCTCGTAGGGTGTGT-2,1,sgNC_1273,3
GTCTCGTGTTCCATGA-2,1,sgNC_1273,3
GTCTCGTTCGACCAGC-2,1,sgNC_1273,13
GTCTCGTTCGCAAACT-2,1,sgNC_1273,3
GTGAAGGAGGCAGTCA-2,1,sgNC_1273,3
GTGAAGGCAAAGGAAG-2,1,sgNC_1273,3
GTGCAGCAGACAATAC-2,1,sgNC_1273,4
GTGCAGCAGATGTAAC-2,1,sgNC_1273,6
GTGCATAAGCACACAG-2,1,sgNC_1273,6
GTGCATACAGGTCCAC-2,1,sgNC_1273,11
GTGCGGTAGTGTACGG-2,1,sgNC_1273,3
GTGCGGTTCGCGTAGC-2,1,sgNC_1273,4
GTGCTTCAGACTAAGT-2,1,sgNC_1273,5
GTGCTTCAGCCAACAG-2,1,sgNC_1273,9
GTGGGTCCAGCTGGCT-2,1,sgNC_1273,4
GTGGGTCTCAGCCTAA-2,1,sgNC_1273,13
GTTAAGCAGACAATAC-2,1,sgNC_1273,3
GTTAAGCCAATGGATA-2,1,sgNC_1273,6
GTTAAGCGTTGTGGAG-2,1,sgNC_1273,3
GTTACAGAGTCCGGTC-2,1,sgNC_1273,4
GTTACAGGTTATCACG-2,1,sgNC_1273,3
GTTCATTCAAGAAAGG-2,1,sgNC_1273,4
GTTCATTCAGGAATGC-2,1,sgNC_1273,3
GTTCATTCATGGATGG-2,1,sgNC_1273,10
GTTCATTGTGAACCTT-2,1,sgNC_1273,8
GTTCATTTCAGCGACC-2,1,sgNC_1273,6
GTTCATTTCTTCGGTC-2,1,sgNC_1273,3
GTTCGGGAGAATAGGG-2,1,sgNC_1273,26
GTTCGGGAGCAGGCTA-2,1,sgNC_1273,3
GTTCGGGAGCTAGCCC-2,1,sgNC_1273,3
GTTCGGGGTTACGGAG-2,1,sgNC_1273,3
GTTCTCGGTCACAAGG-2,1,sgNC_1273,3
TAAACCGAGCAGACTG-2,1,sgNC_1273,4
TAAACCGGTTTAGCTG-2,1,sgNC_1273,5
TAAGAGATCCACGACG-2,1,sgNC_1273,10
TAAGCGTAGGATATAC-2,1,sgNC_1273,5
TAAGCGTAGGCGACAT-2,1,sgNC_1273,15
TAAGCGTTCAGAGACG-2,1,sgNC_1273,6
TACACGAGTGTTAAGA-2,1,sgNC_1273,3
TACACGATCGCCCTTA-2,1,sgNC_1273,9
TACCTATAGACAAGCC-2,1,sgNC_1273,3
TACCTATAGACAGACC-2,1,sgNC_1273,3
TACCTATGTCATCGGC-2,1,sgNC_1273,3
TACCTTAAGCGTGAAC-2,1,sgNC_1273,7
TACCTTACAGCTCGCA-2,1,sgNC_1273,19
TACCTTAGTATTAGCC-2,1,sgNC_1273,5
TACGGATAGTGGTCCC-2,1,sgNC_1273,3
TACGGGCCACAGTCGC-2,1,sgNC_1273,6
TACGGGCGTGAACCTT-2,1,sgNC_1273,22
TACGGGCGTTAAGATG-2,1,sgNC_1273,3
TACGGTAAGAAGGTTT-2,1,sgNC_1273,3
TACGGTAGTTCTGGTA-2,1,sgNC_1273,3
TACTCGCAGCTAACAA-2,1,sgNC_1273,3
TACTCGCAGCTTTGGT-2,1,sgNC_1273,5
TACTTACGTAAGGATT-2,1,sgNC_1273,4
TACTTACTCATATCGG-2,1,sgNC_1273,4
TAGACCAAGCTGCCCA-2,1,sgNC_1273,6
TAGACCAAGGGAGTAA-2,1,sgNC_1273,4
TAGACCAGTGATGCCC-2,1,sgNC_1273,3
TAGAGCTAGAGCCTAG-2,1,sgNC_1273,4
TAGAGCTCACGGTAAG-2,1,sgNC_1273,13
TAGAGCTGTCACACGC-2,1,sgNC_1273,3
TAGAGCTTCTACCTGC-2,1,sgNC_1273,42
TAGGCATCAGACGTAG-2,1,sgNC_1273,6
TAGGCATGTAAACGCG-2,1,sgNC_1273,4
TAGTGGTAGCGACGTA-2,1,sgNC_1273,6
TAGTGGTGTAAACACA-2,1,sgNC_1273,9
TATCAGGAGAGCTGCA-2,1,sgNC_1273,10
TATCAGGAGTGCCAGA-2,1,sgNC_1273,3
TATCAGGCAAATACAG-2,1,sgNC_1273,9
TATCAGGCAACTGCGC-2,1,sgNC_1273,5
TATCAGGTCTGATTCT-2,1,sgNC_1273,12
TATCTCATCGCGCCAA-2,1,sgNC_1273,3
TATGCCCCATATGCTG-2,1,sgNC_1273,3
TATGCCCGTAGCGCAA-2,1,sgNC_1273,6
TATGCCCGTGCAACTT-2,1,sgNC_1273,4
TATGCCCTCGGCGCAT-2,1,sgNC_1273,10
TCAACGAAGAAGGGTA-2,1,sgNC_1273,8
TCAACGAGTCAGAAGC-2,1,sgNC_1273,4
TCAACGATCATGTCTT-2,1,sgNC_1273,3
TCAATCTAGCAGATCG-2,1,sgNC_1273,14
TCAATCTCAACCGCCA-2,1,sgNC_1273,4
TCACAAGTCCTTGCCA-2,1,sgNC_1273,13
TCACAAGTCTCTTGAT-2,1,sgNC_1273,34
TCACGAATCCAAGCCG-2,1,sgNC_1273,8
TCAGATGAGAAACCTA-2,1,sgNC_1273,3
TCAGCTCGTCCATGAT-2,1,sgNC_1273,5
TCAGCTCGTCGAAAGC-2,1,sgNC_1273,3
TCAGGATCAGACGCTC-2,1,sgNC_1273,4
TCAGGATGTGCTGTAT-2,1,sgNC_1273,3
TCAGGATTCGCGGATC-2,1,sgNC_1273,3
TCATTACCAGGGTACA-2,1,sgNC_1273,3
TCATTTGCACGGATAG-2,1,sgNC_1273,12
TCATTTGGTATTACCG-2,1,sgNC_1273,4
TCCCGATAGGGCACTA-2,1,sgNC_1273,6
TCCCGATCACCGTTGG-2,1,sgNC_1273,4
TCGAGGCAGCGTTGCC-2,1,sgNC_1273,29
TCGAGGCTCAAAGACA-2,1,sgNC_1273,6
TCGCGAGAGCGAGAAA-2,1,sgNC_1273,5
TCGCGAGAGTCTTGCA-2,1,sgNC_1273,8
TCGCGAGGTATAATGG-2,1,sgNC_1273,3
TCGCGAGTCGGCTACG-2,1,sgNC_1273,7
TCGCGAGTCGTGACAT-2,1,sgNC_1273,6
TCGCGTTCACGGTGTC-2,1,sgNC_1273,20
TCGGGACGTGGGTATG-2,1,sgNC_1273,3
TCGGTAAGTTCGTGAT-2,1,sgNC_1273,5
TCGTACCCAATGAATG-2,1,sgNC_1273,3
TCGTACCGTCTCTCGT-2,1,sgNC_1273,3
TCGTAGAGTTCGGCAC-2,1,sgNC_1273,3
TCTATTGTCTATCCCG-2,1,sgNC_1273,4
TCTCATAGTCAGAAGC-2,1,sgNC_1273,5
TCTCATAGTCGATTGT-2,1,sgNC_1273,4
TCTCATATCTTCAACT-2,1,sgNC_1273,12
TCTCTAAAGCTCAACT-2,1,sgNC_1273,3
TCTCTAACATACTCTT-2,1,sgNC_1273,5
TCTGAGAGTCAGAATA-2,1,sgNC_1273,5
TCTGAGAGTTGCGCAC-2,1,sgNC_1273,3
TCTGGAAAGATGTGTA-2,1,sgNC_1273,4
TCTGGAACACATCTTT-2,1,sgNC_1273,11
TCTTCGGCAAAGGCGT-2,1,sgNC_1273,3
TCTTCGGTCATGTCCC-2,1,sgNC_1273,3
TCTTTCCAGAGCTATA-2,1,sgNC_1273,4
TCTTTCCCAGCATACT-2,1,sgNC_1273,10
TCTTTCCTCGTAGGAG-2,1,sgNC_1273,4
TGAAAGATCATGTCCC-2,1,sgNC_1273,23
TGAAAGATCGTAGGAG-2,1,sgNC_1273,10
TGACAACAGCTGGAAC-2,1,sgNC_1273,4
TGACAACCACAGCCCA-2,1,sgNC_1273,6
TGACAACTCCTAAGTG-2,1,sgNC_1273,4
TGACAACTCTATCCCG-2,1,sgNC_1273,3
TGACGGCGTAGCACGA-2,1,sgNC_1273,3
TGACGGCGTTTCCACC-2,1,sgNC_1273,3
TGACGGCTCGCATGAT-2,1,sgNC_1273,5
TGACTAGAGAACAACT-2,1,sgNC_1273,6
TGACTAGCACGTTGGC-2,1,sgNC_1273,5
TGAGCATTCTCAAGTG-2,1,sgNC_1273,3
TGAGCCGGTTTGTGTG-2,1,sgNC_1273,6
TGAGGGACAGTTCATG-2,1,sgNC_1273,9
TGATTTCAGGGTCTCC-2,1,sgNC_1273,3
TGATTTCGTAAACCTC-2,1,sgNC_1273,3
TGATTTCTCATGGTCA-2,1,sgNC_1273,5
TGATTTCTCTCTAGGA-2,1,sgNC_1273,10
TGCACCTTCTGGAGCC-2,1,sgNC_1273,4
TGCCAAAAGCTAAACA-2,1,sgNC_1273,5
TGCCAAACACCAGATT-2,1,sgNC_1273,3
TGCCAAAGTTGTCGCG-2,1,sgNC_1273,7
TGCCAAATCTTGTATC-2,1,sgNC_1273,11
TGCCCATCACCACGTG-2,1,sgNC_1273,10
TGCCCATTCGGAAACG-2,1,sgNC_1273,9
TGCCCATTCTCTTATG-2,1,sgNC_1273,9
TGCCCTAGTTTGTTGG-2,1,sgNC_1273,6
TGCCCTATCTCCCTGA-2,1,sgNC_1273,9
TGCGCAGGTACAGCAG-2,1,sgNC_1273,10
TGCGTGGAGCTGTTCA-2,1,sgNC_1273,3
TGGACGCCAAGCTGGA-2,1,sgNC_1273,18
TGGACGCCAATGTAAG-2,1,sgNC_1273,8
TGGACGCGTAACGACG-2,1,sgNC_1273,6
TGGACGCGTCTAACGT-2,1,sgNC_1273,3
TGGACGCGTGACGGTA-2,1,sgNC_1273,7
TGGACGCTCAACCAAC-2,1,sgNC_1273,3
TGGCGCAAGAAACCTA-2,1,sgNC_1273,5
TGGCGCAGTTGTGGAG-2,1,sgNC_1273,12
TGGGAAGGTACCCAAT-2,1,sgNC_1273,5
TGGGAAGGTGCAGGTA-2,1,sgNC_1273,3
TGGGAAGTCCCTCAGT-2,1,sgNC_1273,5
TGGGAAGTCTCTAAGG-2,1,sgNC_1273,9
TGGGCGTCACTAGTAC-2,1,sgNC_1273,3
TGGGCGTGTCCGTTAA-2,1,sgNC_1273,3
TGGTTCCCAAGCGTAG-2,1,sgNC_1273,6
TGGTTCCGTAGTACCT-2,1,sgNC_1273,3
TGTATTCGTTAAAGAC-2,1,sgNC_1273,3
TGTATTCGTTCGAATC-2,1,sgNC_1273,11
TGTATTCTCCAAGTAC-2,1,sgNC_1273,3
TGTGGTACATACCATG-2,1,sgNC_1273,4
TGTGGTAGTAGAGCTG-2,1,sgNC_1273,3
TGTGTTTAGTGACTCT-2,1,sgNC_1273,13
TGTGTTTAGTTACCCA-2,1,sgNC_1273,3
TGTGTTTCACAAGACG-2,1,sgNC_1273,4
TGTGTTTCACGCGAAA-2,1,sgNC_1273,5
TGTGTTTGTAGCCTCG-2,1,sgNC_1273,8
TGTGTTTTCCAATGGT-2,1,sgNC_1273,5
TGTTCCGTCGGTGTCG-2,1,sgNC_1273,5
TTAGGACGTCGACTGC-2,1,sgNC_1273,3
TTAGTTCAGGCCATAG-2,1,sgNC_1273,11
TTCCCAGAGCACCGTC-2,1,sgNC_1273,3
TTCGGTCAGGGCTTCC-2,1,sgNC_1273,10
TTCGGTCCAGGATCGA-2,1,sgNC_1273,14
TTCTACAAGTGGGATC-2,1,sgNC_1273,3
TTCTCAACACTTCTGC-2,1,sgNC_1273,9
TTCTCAATCCTTGGTC-2,1,sgNC_1273,9
TTCTCCTAGGATGGTC-2,1,sgNC_1273,21
TTCTCCTGTCCATCCT-2,1,sgNC_1273,3
TTCTCCTGTCTTGATG-2,1,sgNC_1273,7
TTCTCCTTCGTACGGC-2,1,sgNC_1273,4
TTCTTAGCAAGTAATG-2,1,sgNC_1273,21
TTCTTAGTCGTAGATC-2,1,sgNC_1273,3
TTGAACGTCTTTACAC-2,1,sgNC_1273,11
TTGACTTCAATAGAGT-2,1,sgNC_1273,3
TTGCCGTAGTATCGAA-2,1,sgNC_1273,3
TTGCCGTAGTGGCACA-2,1,sgNC_1273,10
TTGCGTCAGGATGCGT-2,1,sgNC_1273,8
TTGCGTCTCTGGTTCC-2,1,sgNC_1273,22
TTGGAACCAAGAGTCG-2,1,sgNC_1273,20
TTGGAACGTCGTTGTA-2,1,sgNC_1273,11
TTGGAACTCAGTTGAC-2,1,sgNC_1273,8
TTGGAACTCTACCAGA-2,1,sgNC_1273,30
TTGGCAAGTGTTAAGA-2,1,sgNC_1273,5
TTGTAGGCACATTCGA-2,1,sgNC_1273,6
TTGTAGGGTATCACCA-2,1,sgNC_1273,3
TTTACTGCAAGCCGTC-2,1,sgNC_1273,3
TTTATGCAGTCAATAG-2,1,sgNC_1273,10
TTTATGCGTAAGGATT-2,1,sgNC_1273,3
TTTATGCTCACTGGGC-2,1,sgNC_1273,4
TTTCCTCTCAAGCCTA-2,1,sgNC_1273,5
TTTGCGCAGTGGAGAA-2,1,sgNC_1273,4