Guide	Gene	Emx1-ND-ctrl-1	Emx1-ND-ctrl-2	Emx1-ND-ctrl-3	Emx1-ND-ctrl-4	Emx1-ND-2M-1-F	Emx1-ND-2M-2-F	Emx1-2M-3-M	Emx1-ND-2M-4-M	Emx1-ND-4M-1-M	Emx1-ND-4M-2-M	Emx1-ND-4M-3-M
Wfs1_-_36989155.23-P1P2	Wfs1	427	466	628	640	604	583	4426	555	550	982	533
Uchl4_+_64235186.23-ENSMUST00000039011.3	Uchl4	405	456	386	445	529	564	4160	439	373	806	562
Mapk1_-_16983451.23-P1P2	Mapk1	911	926	1086	856	1084	1024	8460	1003	1312	1441	1030
Fis1_+_136962109.23-P1	Fis1_P1	607	522	536	498	682	626	5164	765	778	1092	862
Hpx_-_105600011.23-P1P2	Hpx	1170	1274	1347	1114	1284	1472	11101	1493	1803	2408	1723
Clcn7_+_25133464.23-P1P2	Clcn7	591	640	691	682	609	695	5039	601	714	633	387
Coasy_-_101082685.23-P1P2	Coasy	1247	1111	1303	1148	1295	1296	9931	1349	1241	1765	1079
Nqo2_-_33964759.23-P1P2	Nqo2	640	518	553	662	704	687	4891	724	1031	912	902
Tubb5_-_35838222.23-P1P2	Tubb5	789	647	776	713	703	831	6170	794	857	1311	999
Cox6b2_-_4753046.23-P1P2	Cox6b2	461	514	475	595	494	450	4144	639	625	935	543
Mrc1_+_14229446.23-P1P2	Mrc1	374	383	520	508	519	533	4259	505	624	745	549
Pum1_-_130663434.23-P1P2	Pum1	686	686	873	762	810	925	6507	812	1166	1266	829
Mif_+_75860286.23-P1P2	Mif	762	761	863	852	856	1107	7388	970	1124	1529	932
Cybb_-_9469271.23-P1P2	Cybb	600	542	682	584	660	672	5456	640	776	914	733
Cd8a_+_71373502.23-P1P2	Cd8a	484	506	697	587	528	635	4877	529	665	829	765
Nfkb1_-_135691424.23-P1P2	Nfkb1	572	662	734	553	711	789	5448	755	787	1105	859
Tfcp2_+_100551946.23-P1P2	Tfcp2	1169	1113	1209	969	1176	1216	10471	1304	1763	1968	1297
Fzd8_+_9213023.23-ENSMUST00000041080.5	Fzd8	475	499	604	440	645	560	5331	593	612	897	696
Maneal_-_124862206.23-P1P2	Maneal	822	725	805	654	835	871	6804	878	1133	1426	1007
Atp5j_+_84834829.23-P1P2	Atp5j	691	636	746	708	840	823	6258	933	935	1508	1004
Mtor_-_148448637.23-P1P2	Mtor	728	664	760	729	693	821	6970	839	883	1331	1038
P4hb_-_120572798.23-P1P2	P4hb	713	760	857	677	978	892	7497	1061	1227	1397	1021
Wnt2b_-_104961704.23-P1P2	Wnt2b	742	792	954	846	1026	1092	8460	1098	1171	1598	1362
Mapk10_+_103211231.23-P1P2	Mapk10	871	1111	1128	1040	1165	1204	9098	1041	1339	2110	1825
Dnah2_-_69549111.23-ENSMUST00000108659.1	Dnah2	422	484	466	335	537	497	4328	505	621	752	566
Sst_-_23890781.23-P1P2	Sst	852	874	912	913	1055	1221	8264	860	1326	1504	1148
Uqcr10_+_4704103.23-P1P2	Uqcr10	611	565	638	659	629	894	6266	637	1038	1265	843
Cdca5_-_6085128.23-P1P2	Cdca5	617	569	814	529	718	878	6407	821	967	1256	1033
Actb_-_142906726.23-P1	Actb_P1	1000	1176	1160	1148	1174	1300	10071	1052	1781	2186	1547
Cox7b2_-_71548214.23-P1P2	Cox7b2	402	394	525	418	543	577	4274	497	539	769	681
Slc18a1_+_69089139.23-P1	Slc18a1_P1	555	437	489	502	337	412	3103	353	316	527	176
Slc5a6_+_31048170.23-P1P2	Slc5a6	496	602	768	646	599	803	5714	794	1070	1101	771
Hprt_+_52988208.23-P1P2	Hprt	646	711	822	507	702	870	6079	683	1218	1320	934
Tmem63c_-_87026498.23-P1P2	Tmem63c	623	656	753	751	807	851	6292	935	994	1357	1106
Esr2_+_76177127.23-P1P2	Esr2	259	239	336	205	250	278	2072	261	217	292	194
Dync1h1_+_110601508.23-P1P2	Dync1h1	553	761	738	634	653	604	5064	561	566	930	844
Gpx7_-_108406719.23-P1P2	Gpx7	437	520	557	526	484	561	4327	513	736	1041	775
Syt14_+_193035621.23-P1P2	Syt14	710	593	707	768	799	813	6729	798	836	1359	796
Lrrk2_+_91673244.23-P1P2	Lrrk2	1012	922	1026	1025	1080	1197	9627	1158	1668	1955	1343
Glb1_-_114401167.23-P1P2	Glb1	466	448	599	434	517	724	4704	629	651	863	587
Sos1_-_80480235.23-P1P2	Sos1	745	710	960	697	910	955	6967	742	1114	1278	1185
Il12a_-_68691592.23-P1P2	Il12a	873	950	1039	834	1029	1136	8790	1021	1225	1663	1263
Rgs10_-_128418122.23-P1P2	Rgs10	665	689	774	666	710	892	6662	832	1059	1265	969
Mapk14_+_28691412.23-P1P2	Mapk14	710	700	829	821	928	917	7018	883	1067	1295	1018
Mme_+_63300210.23-P1	Mme_P1	1156	834	1121	1163	1164	1381	10484	1229	1740	1942	1389
Nkx6-2_-_139582773.23-P1P2	Nkx6-2	274	259	394	310	332	440	3063	383	564	601	584
Gsk3a_+_25237754.23-P1P2	Gsk3a	346	441	445	462	474	497	3869	423	656	718	410
Cd40_+_165055719.23-P1P2	Cd40	685	638	678	626	754	920	6599	822	996	1341	1050
Ap5z1_-_142464092.23-P1P2	Ap5z1	922	762	964	939	813	1107	7670	1049	1434	1788	1444
Eif4g2_+_111082954.23-P1	Eif4g2_P1	644	672	628	757	704	741	5636	814	904	1191	839
Csf2_-_54249555.23-P1P2	Csf2	481	424	630	563	570	736	4768	678	883	1057	723
Cox4i2_-_152754547.23-P1P2	Cox4i2	714	582	770	728	765	869	6232	637	880	1243	796
Cdk11b_-_155624941.23-P1P2	Cdk11b	585	540	658	542	531	671	4519	544	857	902	806
non-targeting_00488	non-targeting	397	406	353	339	362	499	3651	495	412	709	571
Myd88_+_119339984.23-P1P2	Myd88	730	624	704	795	748	905	6835	938	1380	1374	1163
Ccl2_-_82035595.23-P1P2	Ccl2	703	592	625	617	613	728	5211	750	857	1217	897
Itpr3_+_27057380.23-P1P2	Itpr3	547	689	580	605	634	763	4910	521	742	1285	819
Psmd14_-_61711943.23-P1P2	Psmd14	924	955	1136	1158	1056	1196	8773	1102	1379	1863	1482
Pcsk1n_+_7919942.23-P1P2	Pcsk1n	722	995	1126	797	951	1110	7580	939	1351	1531	1249
Eef2_+_81178046.23-P2	Eef2_P2	809	641	902	760	742	877	6609	818	1235	1294	979
Spast_+_74338970.23-P1P2	Spast	688	793	907	773	758	811	6680	955	1044	1596	1074
Hspa8_-_40801478.23-P1	Hspa8_P1	776	832	1124	851	943	966	7314	1015	1382	1479	989
Ppargc1a_+_51553890.23-P1P2	Ppargc1a	356	428	492	415	463	590	3622	483	825	913	682
Ndufc2_-_97400099.23-P1P2	Ndufc2	560	485	508	466	644	659	4817	628	679	872	615
Grn_-_102430540.23-P1P2	Grn	611	507	809	618	666	792	5536	663	854	1029	599
Atg2a_-_6241772.23-P1P2	Atg2a	875	802	921	805	937	1119	8214	1147	1337	1600	1034
Atp2a2_-_122502034.23-P1P2	Atp2a2	819	766	875	833	776	904	6639	682	728	1391	949
Aif1_-_35172569.23-P1P2	Aif1	723	691	930	730	840	947	7365	867	1023	1513	1004
Cln5_-_103070336.23-P1P2	Cln5	314	311	295	312	333	474	2972	333	397	654	266
Psma8_-_14706209.23-P1P2	Psma8	762	704	819	722	915	911	7221	956	1457	1590	1033
Jun_+_95051932.23-P1P2	Jun	914	731	882	808	911	1119	7718	947	1353	1701	1165
Polr3b_-_84622563.23-P1P2	Polr3b	494	530	497	478	206	219	2038	181	90	234	131
Clcn6_-_148038731.23-P1P2	Clcn6	784	854	927	778	931	967	7653	1004	987	1593	1083
Ube2j1_+_33031583.23-P1P2	Ube2j1	527	675	658	625	738	794	6230	635	924	1229	885
Fzd9_+_135251205.23-P1P2	Fzd9	659	852	935	825	809	992	7382	994	1277	1385	1031
Cdc42_-_137357598.23-P1P2	Cdc42	432	513	627	571	544	595	4522	585	842	856	628
Adora2b_+_62249034.23-P1P2	Adora2b	839	802	1171	880	1011	1032	8684	1070	1416	1801	1269
Pik3cd_-_149698556.23-P1P2	Pik3cd	364	537	583	485	533	616	4449	515	861	922	659
Rmdn2_+_79615339.23-P1P2	Rmdn2	998	861	1145	959	1236	1334	9896	1089	1307	1754	1549
C9_-_6445390.23-P1P2	C9	509	474	649	628	707	743	4869	625	786	716	732
Fgfr4_+_55152874.23-P1P2	Fgfr4	648	499	640	724	698	829	5423	743	866	1154	678
Gm2a_-_55098150.23-P1P2	Gm2a	210	347	390	334	273	350	2625	301	321	461	453
Sybu_+_44752177.23-P1P2	Sybu	1025	924	1074	1112	1063	1219	8603	1069	1257	1836	1179
Hexa_+_59539902.23-P1P2	Hexa	455	484	759	627	660	652	4897	704	794	1038	635
Map1b_+_99516471.23-P1P2	Map1b	1514	1408	1656	1622	1578	1729	13617	1810	2234	2806	2206
Apoa1_+_46228782.23-P1P2	Apoa1	1101	983	1218	1116	1344	1511	10965	1344	1869	2324	1609
Sod2_-_13008004.23-P1P2	Sod2	786	783	1100	935	1060	1024	8235	929	1235	1536	1201
Pmp22_+_63133171.23-P2	Pmp22_P2	497	612	752	666	665	779	6161	756	977	1130	914
Kif20b_-_34922406.23-P1P2	Kif20b	727	686	986	712	746	890	6792	827	1428	1249	1051
Pak1_-_97843009.23-P1P2	Pak1	1453	1569	1828	1493	1661	1934	14586	1785	2181	2714	1886
Calm2_+_87446852.23-ENSMUST00000040440.6	Calm2	635	606	915	596	750	909	6827	791	1141	1317	1106
Wnt11_-_98835150.23-P1	Wnt11_P1	563	637	741	634	788	794	6279	667	942	1231	830
Ube2j1_-_33031567.23-P1P2	Ube2j1	925	1070	1215	919	1287	1408	9746	1267	1523	1988	1292
Trpc3_+_36690132.23-P1P2	Trpc3	705	610	832	635	788	889	6899	897	1235	1502	855
Ren1_-_133350719.23-P1P2	Ren1	607	717	748	735	723	755	6049	744	988	1337	1045
Htr2a_+_74640916.23-P1P2	Htr2a	367	561	594	389	501	538	4231	517	425	701	624
Lcn2_-_32387711.23-P1P2	Lcn2	773	672	826	767	858	964	7188	746	888	1306	1141
Chrm5_-_112480740.23-ENSMUST00000099589.2	Chrm5	727	721	860	745	877	965	7104	902	1166	1331	1176
Gsn_-_35256679.23-P1	Gsn_P1	754	942	978	876	841	1001	8020	876	1391	1502	1314
Elavl3_-_22051808.23-P1P2	Elavl3	1033	1037	1127	1066	1235	1351	9796	1141	1438	1891	1355
Kpna3_-_61439863.23-P1P2	Kpna3	227	318	376	302	254	296	2705	357	494	611	363
Trip4_-_65908799.23-P2	Trip4_P2	587	640	904	676	781	827	6290	821	1090	1525	964
Dlst_+_85110888.23-P1P2	Dlst	888	938	1098	860	1023	1179	8086	715	797	1207	924
Bcl2l1_+_152831650.23-P2	Bcl2l1_P2	721	698	720	737	912	896	6160	696	896	1466	891
Mfsd8_+_40846646.23-P1P2	Mfsd8	675	709	1052	915	868	1062	7405	918	1374	1368	1301
Slc17a5_-_78587975.23-P1P2	Slc17a5	652	571	537	528	640	785	4880	619	954	1183	919
Hspa4_-_53300402.23-P1P2	Hspa4	739	541	688	617	674	780	5806	792	920	1181	833
non-targeting_00635	non-targeting	705	581	852	675	755	886	6340	744	1236	1210	983
Fgd4_+_16600017.23-P1P2	Fgd4	823	698	833	675	796	840	6809	823	1149	1327	873
Thg1l_+_45955383.23-P1P2	Thg1l	740	872	975	762	880	936	7240	847	861	1127	666
Tuba1c_+_99030523.23-P1P2	Tuba1c	453	552	586	604	651	672	4777	699	559	756	754
Dnajc5_+_181520591.23-P1P2	Dnajc5	731	595	758	738	841	849	6704	847	953	1166	1013
Txn2_+_77927832.23-P2	Txn2_P2	826	632	853	737	1008	1104	7510	973	1396	1442	1139
Sdhd_+_50603736.23-P1P2	Sdhd	215	260	352	223	309	348	2493	320	358	680	442
Apbb1_-_105580995.23-P1P2	Apbb1	669	655	656	596	638	845	5443	726	995	1082	775
Pik3cg_+_32208594.23-P1P2	Pik3cg	1306	1250	1601	1375	1477	1679	12340	1708	1811	2267	1974
Atp6ap2_+_12588056.23-P1P2	Atp6ap2	714	513	776	783	814	793	6450	728	934	1259	850
Pde10a_-_8801685.23-P1P2	Pde10a	288	401	345	308	416	360	3262	375	431	663	394
Ndufab1_+_122101829.23-P1P2	Ndufab1	888	747	997	861	948	1050	7819	925	1409	1656	1207
Dctn3_+_41723126.23-P1P2	Dctn3	460	536	601	583	507	489	4510	567	394	738	413
Fzd5_+_64737680.23-P1P2	Fzd5	807	885	1019	919	982	1167	8502	943	1461	1702	1162
Gpx3_+_54903158.23-P1P2	Gpx3	360	514	646	523	524	550	4245	616	636	962	831
Cnr2_-_135895500.23-P1	Cnr2_P1	617	697	875	632	847	910	6283	838	1009	1282	1074
Calml4_-_62858147.23-P1P2	Calml4	412	481	541	562	627	682	5022	589	807	1009	972
Apc2_+_80299164.23-P2	Apc2_P2	560	581	526	555	601	719	5220	571	754	982	694
Dnajc10_+_80315743.23-P1P2	Dnajc10	678	664	667	692	702	824	6342	786	970	1152	899
Anxa1_-_20390662.23-P1P2	Anxa1	570	503	695	537	565	582	5029	617	595	1036	754
Fshr_+_89200659.23-P1P2	Fshr	337	357	326	410	399	415	3444	402	491	787	428
Fzd5_+_64737676.23-P1P2	Fzd5	761	627	828	796	943	1017	7293	859	983	1398	1026
Elovl4_-_83806204.23-P1P2	Elovl4	697	715	893	710	721	775	6314	718	851	1270	1086
Ddit3_-_127290901.23-P1P2	Ddit3	1016	978	1189	1062	1142	1348	9764	1188	1618	2152	1530
Dst_+_34011580.23-P1P2	Dst	1171	1152	1309	1258	1319	1580	10710	1354	1640	2060	1752
Hspb2_-_50752244.23-P1P2	Hspb2	693	660	1048	740	805	1119	7172	820	984	1641	714
Nanog_-_122707632.23-P1P2	Nanog	894	970	965	933	1029	1047	7977	920	1338	1709	1091
Hmox1_+_75093858.23-P1P2	Hmox1	736	728	899	797	1009	910	7400	838	1023	1660	971
Taf15_+_83473105.23-P1P2	Taf15	716	793	791	788	829	919	6412	813	752	1264	797
Sacs_+_61173052.23-P1P2	Sacs	534	493	658	593	773	698	5508	677	871	1042	963
Ywhag_-_135934594.23-P1P2	Ywhag	714	849	838	619	852	833	6701	790	1334	1166	1017
Sncaip_+_52768281.23-P1P2	Sncaip	740	719	809	708	768	927	6312	867	1186	1359	796
Hspb3_-_113663607.23-P1P2	Hspb3	760	705	893	824	814	938	7012	968	1132	1534	1074
Actb_-_142905506.23-P2	Actb_P2	629	564	648	556	747	741	5942	679	781	1072	800
Tgm2_-_158146313.23-P1P2	Tgm2	852	778	1130	943	1136	1251	9259	1109	1269	1788	1446
Gosr2_+_103697666.23-P1P2	Gosr2	591	625	1089	676	810	888	6336	796	1085	1410	1063
Gpx4_-_80053796.23-P1P2	Gpx4	1007	1102	1325	1070	995	1042	7974	1138	1100	1450	1206
Mak16_-_31168651.23-P1P2	Mak16	567	469	580	629	638	735	5474	649	830	1150	708
Il10_+_131020096.23-P1P2	Il10	605	576	631	620	554	553	5142	491	853	1216	823
Ripk1_-_34002482.23-P1P2	Ripk1	696	529	664	698	718	873	6276	879	751	1400	1014
Hdac6_+_7947761.23-P1P2	Hdac6	502	492	554	517	523	633	4947	604	968	914	888
Kif1b_+_149307652.23-P1P2	Kif1b	611	545	593	722	668	659	5327	681	825	1276	919
Bad_+_6941982.23-P1P2	Bad	556	486	562	481	614	591	4958	644	762	1074	668
Mapk12_+_89140627.23-P1P2	Mapk12	920	746	1146	937	1055	1160	9195	1090	1660	1857	1488
Calm1_+_100199561.23-P1P2	Calm1	621	682	658	549	692	792	5587	791	902	888	944
Tdp2_-_24831706.23-P1P2	Tdp2	808	912	1035	1070	924	1173	8207	955	1257	1863	1388
Wnt8b_-_44493522.23-P1P2	Wnt8b	874	899	988	870	1126	1247	8876	1025	1334	1604	978
Pde8b_+_95250219.23-P1	Pde8b_P1	813	626	864	656	736	926	6921	868	1112	1532	987
Dst_+_34011885.23-P1P2	Dst	663	774	791	715	877	938	7302	854	1250	1411	941
Vip_+_5639249.23-P1P2	Vip	602	855	860	660	925	921	6589	780	833	1471	971
Hspb1_-_135888009.23-P1P2	Hspb1	399	505	453	591	575	675	4787	655	755	1006	609
Sptan1_-_29965714.23-P1P2	Sptan1	366	323	392	326	403	425	3431	446	600	707	412
Nfe2l2_-_75704464.23-P1P2	Nfe2l2	730	683	869	891	721	877	5964	800	1332	1448	930
Src_+_157424366.23-P1P2	Src	483	741	834	757	717	770	5858	778	1017	1187	1096
Surf1_+_26916280.23-P1P2	Surf1	749	678	662	673	718	832	5870	712	828	1132	801
Inpp4a_-_37299951.23-P1P2	Inpp4a	780	776	867	1047	965	1109	8237	1016	1190	1735	1405
Lmna_-_88503269.23-P1P2	Lmna	616	880	899	877	865	1025	7318	971	1236	1573	984
Ppif_+_25694446.23-P1P2	Ppif	1026	1166	1131	1046	1075	1307	10050	1272	1265	1929	1818
Serpina3m_-_104387273.23-P1P2	Serpina3m	649	745	830	686	890	961	6716	884	1117	1332	995
Sbf2_-_110614869.23-P1P2	Sbf2	968	1145	1418	1199	1133	1237	10373	1129	1786	1947	1666
Hnrnpdl_-_100038881.23-P1P2	Hnrnpdl	858	1012	1262	977	1089	1226	9099	1133	1367	1849	1369
Atp5g3_-_73911297.23-P1P2	Atp5g3	1123	973	1216	1041	1146	1277	9379	1288	1650	1989	1460
Galc_-_98259317.23-P1P2	Galc	865	787	931	854	1020	1111	8270	964	1226	1741	1168
Syn1_-_20920870.23-P1P2	Syn1	747	696	900	898	854	870	7164	922	1003	1444	1187
Mapt_+_104231564.23-P1P2	Mapt	693	924	977	885	934	1039	7821	799	1063	1611	1004
Opa1_+_29579493.23-P1P2	Opa1	628	763	1090	830	1017	1073	8003	978	1296	1528	970
Casp1_+_5298714.23-P1P2	Casp1	272	200	349	307	278	254	2370	233	441	523	362
Pak3_-_143664438.23-P1	Pak3_P1	786	747	934	759	830	968	6851	920	1044	1346	782
Pld3_-_27552962.23-P2	Pld3_P2	795	720	943	840	894	971	7300	861	1395	1529	1226
H2-M10.5_+_36773056.23-ENSMUST00000041531.6	H2-M10.5	584	766	840	799	919	913	8075	908	1224	1820	917
Mapk9_-_49846805.23-P1P2	Mapk9	716	687	868	693	833	989	7121	856	1328	1439	1314
Trpm7_+_126876173.23-P1P2	Trpm7	497	470	498	500	552	705	4649	564	810	904	678
Psmb3_-_97703501.23-P1P2	Psmb3	812	800	1033	1007	818	1047	7443	996	1157	1447	1140
Ndufa6_-_82354039.23-P1P2	Ndufa6	540	512	601	540	585	740	4626	514	674	1015	706
Cfl2_+_54862737.23-P1P2	Cfl2	418	501	448	455	568	675	4451	552	782	999	619
Hspb1_+_135887996.23-P1P2	Hspb1	325	306	354	384	383	387	3219	354	485	663	345
Hfe_-_23710734.23-P1P2	Hfe	937	1032	1068	1022	989	1134	8173	954	1263	1611	1029
Ctsb_-_63122752.23-P1P2	Ctsb	863	693	863	723	845	919	7131	838	1242	1428	1032
Pnp_-_50944551.23-P1P2	Pnp	696	524	830	514	492	593	4861	612	733	1061	967
Ryr1_-_29125093.23-P1P2	Ryr1	1107	807	1060	1042	1042	1253	8640	952	1711	1588	1115
Hmbs_-_44342260.23-P1	Hmbs_P1	843	761	1016	681	843	1045	7743	963	1207	1441	1215
Dctn2_+_127266378.23-P1P2	Dctn2	453	322	370	398	364	476	3188	479	457	553	581
Gstm3_-_107969155.23-P1P2	Gstm3	1208	1173	1385	1214	1504	1610	12918	1598	1839	2018	1921
Trpc3_+_36689939.23-P1P2	Trpc3	677	617	658	877	727	858	6436	882	929	1324	1045
Il4_+_53618374.23-P1P2	Il4	1044	1005	1156	1043	1180	1264	9566	1161	1507	2147	1710
1700013F07Rik_+_108537609.23-P1P2	1700013F07Rik	515	330	554	542	584	555	4854	510	694	981	823
Jun_+_95052147.23-P1P2	Jun	672	781	765	850	925	992	6730	890	791	1327	1065
Ptgs2_+_150100318.23-P1P2	Ptgs2	210	292	349	231	294	412	2747	313	352	477	445
1600014C10Rik_+_38183830.23-P1P2	1600014C10Rik	1014	853	1069	739	1109	1187	8928	1052	1594	1891	1446
Apc2_+_80299150.23-P2	Apc2_P2	726	697	776	807	929	946	6869	934	1156	1356	1277
Uba1_+_20662925.23-P1	Uba1_P1	1049	1153	1135	1079	1234	1483	10501	1254	1494	1857	1455
Slc33a1_+_63964558.23-P1P2	Slc33a1	568	634	720	638	755	877	6343	781	1020	1367	1052
Tmem63c_+_87026519.23-P1P2	Tmem63c	786	800	922	876	961	1009	7764	832	990	1387	1051
Vps13a_-_16780873.23-P1P2	Vps13a	837	972	932	1023	1004	1144	8332	955	1151	1479	1207
Slc5a6_+_31047984.23-P1P2	Slc5a6	758	730	1092	873	1017	1104	8497	1025	1423	1664	1363
Cdk5r1_+_80477068.23-P1P2	Cdk5r1	966	822	990	1128	1116	1267	8777	1116	1338	2013	1163
Fzd2_-_102604649.23-P1P2	Fzd2	541	534	872	586	621	712	5320	748	846	1068	953
Tnfrsf1b_-_145246805.23-P1P2	Tnfrsf1b	335	321	398	481	352	411	3041	433	521	681	596
Grin1_+_25319151.23-P1P2	Grin1	629	682	735	549	639	737	5469	638	845	1114	731
Fyn_-_39369817.23-P1P2	Fyn	421	427	461	404	479	566	3770	578	599	772	496
Casp9_-_141793835.23-P1P2	Casp9	374	390	456	361	423	476	3816	436	483	838	554
Hdac4_-_92148335.23-ENSMUST00000008995.8	Hdac4	687	690	934	951	1026	1043	7855	944	1314	1463	869
Atxn2_+_121711827.23-P1P2	Atxn2	1051	1007	1217	887	1169	1337	10432	1233	1461	1825	1500
Csnk1e_+_79442017.23-P1P2	Csnk1e	610	561	792	744	747	922	5869	768	759	1438	987
Psmb7_+_38643800.23-P1P2	Psmb7	596	588	735	606	657	696	5820	688	977	1157	763
Dab1_-_104367620.23-P1P2	Dab1	541	381	428	458	443	502	3767	509	689	903	550
Tac1_+_7555063.23-P1P2	Tac1	439	414	498	369	424	415	3563	315	579	831	377
Gstm7_+_107931658.23-P1P2	Gstm7	1193	1042	1178	1088	1353	1524	10690	1409	1728	1976	1616
Fig4_+_41303198.23-P1P2	Fig4	459	419	549	489	465	552	4240	640	772	948	590
Abhd12_+_150904405.23-P1P2	Abhd12	485	566	724	579	645	696	5220	694	869	1087	960
Thy1_-_44043440.23-P1P2	Thy1	1219	1029	1314	1242	1416	1473	11332	1323	1784	2194	1668
Kcnc3_+_44590945.23-ENSMUST00000107906.3	Kcnc3	791	885	945	1069	1126	1108	8385	1053	1397	1852	1249
Uchl1_+_66676474.23-P1P2	Uchl1	390	356	511	415	545	630	3720	451	739	816	687
Tubb2b_+_34130334.23-P1P2	Tubb2b	350	319	319	332	461	432	3911	518	651	703	474
Pon2_+_5298299.23-P1P2	Pon2	809	760	813	715	910	886	6873	721	1246	1627	1056
Tfpi2_-_3968332.23-P1P2	Tfpi2	550	490	668	502	655	777	6011	674	900	1096	914
Atxn1l_+_109737500.23-P1P2	Atxn1l	688	856	884	971	866	886	7102	889	1120	1461	1133
Slc2a1_-_119108879.23-P1P2	Slc2a1	591	499	693	496	676	636	5485	514	804	1046	721
Ndufa13_-_69902824.23-P1P2	Ndufa13	788	748	955	915	869	1134	7882	1038	1517	1721	1145
Ube2g1_-_72607283.23-P1P2	Ube2g1	689	636	906	832	826	1053	7123	743	1091	1399	1185
Inf2_+_112588869.23-P1	Inf2_P1	660	645	618	730	686	769	6001	598	1124	1363	1003
Pik3ca_-_32397278.23-P1P2	Pik3ca	1111	859	867	966	904	1029	7933	990	1331	1819	1355
Scarb2_+_92505303.23-P1P2	Scarb2	303	480	344	365	390	443	3178	349	631	677	452
Ephb2_-_136835780.23-P1P2	Ephb2	716	670	799	800	928	989	7167	872	969	1404	758
Mpo_+_87793754.23-P1P2	Mpo	858	722	934	980	972	1086	7983	836	1365	1704	1467
Cbs_-_31637143.23-P1P2	Cbs	878	1035	893	711	894	1134	8577	966	1318	1649	1268
Txndc5_+_38528013.23-P1P2	Txndc5	757	667	677	671	725	1037	6540	900	849	1238	705
Adora1_-_134234817.23-P1P2	Adora1	653	810	1085	867	900	1006	7785	900	1064	1560	1200
Elavl1_+_4324847.23-P1P2	Elavl1	957	756	986	993	1084	1303	8552	1127	1346	1583	1120
Bdnf_+_109693646.23-P1P2	Bdnf	461	536	645	609	622	739	5567	843	784	956	982
Neurog2_-_127633334.23-P1P2	Neurog2	559	592	855	591	755	831	5999	753	1055	1276	838
Vps35_+_85299443.23-P1P2	Vps35	871	960	1250	1094	1128	1195	9676	1205	1288	1828	1744
Fzd5_-_64737688.23-P1P2	Fzd5	1101	942	1178	996	1224	1409	9888	1307	1709	1797	1325
non-targeting_02739	non-targeting	427	507	652	432	519	660	5245	567	826	970	659
Notch3_+_32166661.23-P1P2	Notch3	726	914	1096	825	902	927	7545	956	1122	1708	1031
Psmd8_+_29180631.23-P1P2	Psmd8	557	541	591	768	331	402	3003	373	352	285	322
Atrip_+_109074095.23-P1P2	Atrip	385	394	424	521	460	529	4216	468	748	849	575
Nptx1_+_119547699.23-P1P2	Nptx1	709	721	806	773	916	940	6720	767	803	1395	1040
Gria1_+_57012036.23-P1P2	Gria1	528	406	555	537	530	684	4833	546	843	943	639
Ndufs2_-_171247061.23-P1	Ndufs2_P1	899	825	857	837	1103	1153	8334	1109	1308	1540	1141
Psmc6_-_45329853.23-P1P2	Psmc6	517	489	510	486	580	699	4544	481	833	872	591
Hmgb1_-_149051226.23-P2	Hmgb1_P2	303	336	439	387	503	493	3488	438	666	799	574
Fars2_-_36117858.23-P1P2	Fars2	1070	909	1328	1028	1194	1271	9440	1199	1683	1719	1246
Uba1_-_20658497.23-P2	Uba1_P2	662	718	896	663	840	968	6595	804	1172	1492	1008
Gpx1_+_108339132.23-P1P2	Gpx1	682	640	850	679	816	1008	6891	818	1141	1306	983
Slc18a1_+_69089128.23-P1	Slc18a1_P1	526	573	639	493	423	429	3874	431	277	444	406
Mfsd8_+_40846786.23-P1P2	Mfsd8	1099	815	1251	1114	1189	1282	10055	1252	1629	2131	1348
Prickle2_-_92481342.23-P2	Prickle2_P2	521	545	629	605	660	711	5751	613	854	1119	990
Prickle2_-_92706151.23-P1	Prickle2_P1	511	444	573	425	494	531	3955	466	629	884	574
Gfap_-_102897073.23-P1P2	Gfap	712	865	873	732	975	989	7867	985	1008	1428	996
Mtdh_+_34082966.23-P1P2	Mtdh	520	506	639	625	590	766	5310	763	867	1028	719
Adcyap1_+_93199390.23-P1P2	Adcyap1	606	571	904	632	604	779	5810	684	944	957	914
Arsa_-_89476119.23-P1P2	Arsa	481	492	491	546	585	772	4773	609	776	875	681
Tia1_+_86404466.23-P1P2	Tia1	543	558	656	605	584	713	5060	616	841	981	805
non-targeting_01819	non-targeting	699	698	932	793	884	904	7282	883	1174	1249	927
Ndufb7_+_83567097.23-P1P2	Ndufb7	710	723	906	746	924	872	6881	946	1044	1436	778
Ubtf_-_102318968.23-P1P2	Ubtf	1147	1125	1262	1261	1302	1689	10231	1316	1696	2181	1749
Ambra1_-_91730228.23-P1P2	Ambra1	979	1062	1158	1144	1090	1256	8946	1210	1404	1882	1765
Tead1_+_112679358.23-P1P2	Tead1	550	448	690	533	646	721	5358	615	737	1047	827
Slc9a1_-_133369807.23-P1P2	Slc9a1	686	800	934	711	825	940	7057	890	1024	1456	1043
Ppp1r1b_-_98348743.23-P1P2	Ppp1r1b	476	584	619	894	699	756	5892	715	936	1178	659
Pmp2_-_10197190.23-P1P2	Pmp2	712	720	789	621	896	973	6795	902	1191	1180	1108
Prickle1_-_93595866.23-P1	Prickle1_P1	669	647	867	678	736	802	6874	899	1308	1569	945
Nos3_-_24364859.23-P1P2	Nos3	539	603	597	717	583	664	5381	613	811	1078	877
Tmem184b_-_79403223.23-P1P2	Tmem184b	648	599	648	649	747	781	5839	630	990	1338	1143
Itpr2_+_146502121.23-P1P2	Itpr2	521	446	647	592	576	628	4961	578	879	1153	1012
Ddhd1_-_45657869.23-P1P2	Ddhd1	610	560	648	717	727	830	6016	758	1042	1222	781
Ubc_-_125389710.23-P1P2	Ubc	615	675	791	645	672	814	5893	710	835	1139	809
Calm1_+_100199553.23-P1P2	Calm1	957	900	982	998	1093	1137	9297	1018	1252	1830	1190
Tubb4a_-_57087587.23-P1P2	Tubb4a	170	155	230	197	214	297	1905	269	267	297	285
Gpx2_+_76795481.23-P1P2	Gpx2	806	922	1000	944	1103	1317	9013	1063	1471	1786	1175
Ntf3_+_126166713.23-P2	Ntf3_P2	399	477	507	451	495	588	4239	495	809	708	634
Prdm8_+_98181076.23-P1P2	Prdm8	640	703	936	752	815	864	7096	713	1050	1358	1060
Ogt_+_101640121.23-P1P2	Ogt	724	647	698	746	737	874	6651	926	1014	1362	1017
Vegfa_+_46032262.23-P1P2	Vegfa	597	656	644	697	648	727	6156	752	957	1068	886
Serpina3c_+_104153849.23-P1P2	Serpina3c	335	430	448	365	466	476	3848	418	582	721	396
Anxa1_-_20390673.23-P1P2	Anxa1	356	414	573	491	517	573	4312	495	728	971	693
Tfg_+_56717132.23-P1P2	Tfg	493	576	514	633	552	601	4531	567	494	855	650
Exosc8_+_54734996.23-P1P2	Exosc8	620	478	580	450	555	575	4994	558	722	1016	732
Fgf2_+_37348439.23-ENSMUST00000038885.3	Fgf2	401	309	570	480	517	612	4731	547	499	856	587
Endou_+_97731273.23-P2	Endou_P2	1020	1098	1257	1157	1357	1416	10495	1372	1791	2008	1364
Slc6a3_-_73536865.23-P1P2	Slc6a3	654	632	689	597	840	865	6930	939	971	1312	986
Ogt_+_101640157.23-P1P2	Ogt	733	730	866	621	826	985	6565	796	1131	1425	1066
Grin1_-_25319118.23-P1P2	Grin1	1039	963	1066	916	926	1169	8235	999	1356	1499	1446
Bcl2l1_-_152831471.23-P2	Bcl2l1_P2	691	657	735	743	731	872	6184	768	853	1113	816
Egf_+_129755283.23-P1P2	Egf	1057	985	1216	963	1148	1428	10123	1245	1155	1944	1074
Cacna1c_+_118757959.23-ENSMUST00000112825.2	Cacna1c	601	908	932	1052	946	1067	7429	1013	1257	1591	927
non-targeting_04268	non-targeting	554	659	755	688	732	798	6179	891	1081	1280	852
Psen1_-_83688178.23-P1P2	Psen1	596	497	630	496	487	671	4735	640	819	931	832
Csnk2a2_-_95488751.23-P1P2	Csnk2a2	488	564	676	571	756	648	5190	715	865	1061	681
Pde4d_+_109953884.23-P1P2	Pde4d	1104	950	1246	983	1227	1378	9938	1230	1537	1903	1158
Casp9_-_141793871.23-P1P2	Casp9	610	509	495	513	600	670	4962	505	939	928	850
Adrm1_-_180171657.23-P1P2	Adrm1	1129	1102	1335	1299	1339	1386	10427	1213	1601	2074	1398
Endou_+_97721114.23-P1	Endou_P1	308	278	283	298	371	371	2942	267	623	685	493
Ndufs2_-_171237600.23-P2	Ndufs2_P2	718	662	707	580	830	832	6357	767	1076	1106	964
Socs3_-_117969097.23-P1P2	Socs3	372	396	501	420	453	490	3872	516	461	615	457
Myd88_+_119339975.23-P1P2	Myd88	789	662	788	600	779	883	6861	825	1469	1498	1045
Atp2a1_+_126463084.23-P1P2	Atp2a1	588	497	524	553	568	695	4866	644	741	1166	844
Rab11a_-_64737508.23-P1P2	Rab11a	473	328	363	316	452	505	3543	394	551	578	467
Abcb6_+_75180338.23-P1P2	Abcb6	1135	1030	1152	996	1217	1435	10682	1149	1707	2153	1371
Eef2_-_81177956.23-P2	Eef2_P2	895	773	998	770	932	1058	7787	958	1107	1471	1190
Prkca_+_108343633.23-P1P2	Prkca	567	611	791	695	802	814	6216	637	1122	1277	1035
H2-M10.2_-_36286436.23-ENSMUST00000023845.6	H2-M10.2	716	793	847	816	859	1051	7247	865	898	1305	1124
Rars2_-_34614988.23-P1P2	Rars2	640	715	615	655	749	817	5569	848	633	1126	565
Cacna1s_-_136052806.23-P1P2	Cacna1s	636	543	639	569	596	617	5074	536	772	954	850
Dync1h1_+_110601501.23-P1P2	Dync1h1	533	658	787	689	774	854	5991	796	725	1300	793
Ang_+_51091141.23-P2	Ang_P2	463	476	668	513	594	555	5010	541	736	772	658
Gosr1_-_76763506.23-P1P2	Gosr1	642	670	666	750	800	859	6582	918	893	1165	951
Cd200r1_-_44765863.23-P1P2	Cd200r1	680	621	834	635	685	761	5773	715	951	1232	990
Wnk1_+_120038648.23-P1P2	Wnk1	451	462	526	519	647	714	5432	624	885	1026	815
Synm_+_67759717.23-P1P2	Synm	825	776	1014	902	987	1093	8521	948	1200	1676	1197
Dvl1_-_155847482.23-P1P2	Dvl1	487	470	601	496	653	729	4837	610	900	1055	667
Sema6b_+_56140350.23-P1	Sema6b_P1	804	734	926	841	844	928	7240	877	1142	1547	1017
Slc12a1_-_125152645.23-P1P2	Slc12a1	816	872	859	813	914	1035	7683	793	1148	1583	1336
Aldh18a1_+_40588367.23-P1P2	Aldh18a1	355	411	487	445	414	414	3818	451	633	812	946
Gsk3b_+_38089544.23-P1P2	Gsk3b	673	595	919	489	783	857	6156	727	1063	1184	1073
Pvalb_-_78206397.23-P1	Pvalb_P1	768	908	1042	1028	1012	1219	8848	1120	1440	1892	1478
Zfyve27_-_42170636.23-P1P2	Zfyve27	641	545	603	439	635	720	5256	741	1190	1009	896
Opa1_+_29579439.23-P1P2	Opa1	591	520	693	612	656	694	5524	629	927	1164	983
Lrriq3_-_155093543.23-P1P2	Lrriq3	531	580	783	518	637	730	6034	796	957	1341	1085
Cdk5r1_+_80477132.23-P1P2	Cdk5r1	1119	1226	1299	1265	1431	1541	12136	1446	1606	2402	1888
Acan_+_79053221.23-P1P2	Acan	972	737	1022	978	904	1022	7588	968	1416	1716	1195
Tuba3b_-_145616089.23-P1P2	Tuba3b	437	451	543	409	503	569	4065	472	845	787	705
Rac1_+_143527907.23-P1P2	Rac1	724	685	983	791	933	948	7308	991	1105	1302	1227
Cstb_+_78425771.23-P1P2	Cstb	736	628	738	561	701	784	5615	676	965	1163	833
Grm2_-_106656043.23-P1P2	Grm2	756	812	1152	807	950	999	7199	1049	1066	1502	1097
Stc1_-_69029452.23-P1P2	Stc1	1052	1311	1268	1337	1438	1682	12002	1498	1709	2672	1707
Ppp5c_+_17027831.23-P1P2	Ppp5c	392	437	496	492	494	639	4156	572	735	847	689
Eif2s2_-_154892632.23-P1P2	Eif2s2	605	594	713	605	684	722	5406	614	743	990	631
Bcl11b_-_108004028.23-P1P2	Bcl11b	836	1079	942	917	888	1039	7564	948	1399	1613	1153
Atp2a3_-_72961255.23-P1P2	Atp2a3	588	658	768	587	720	738	6227	629	792	1171	1091
Fgd4_+_16600031.23-P1P2	Fgd4	591	638	650	780	682	838	6037	709	1006	1364	1062
Znhit3_-_84916281.23-P1P2	Znhit3	563	683	704	729	651	818	6232	817	802	1229	940
Atp5e_+_174463992.23-P1P2	Atp5e	470	532	494	416	504	466	4630	579	626	679	444
Tbce_-_14039618.23-P1P2	Tbce	423	358	374	380	420	505	3616	460	472	779	548
Dhtkd1_-_5942744.23-P1P2	Dhtkd1	494	511	556	440	608	647	4975	621	902	1072	517
Stxbp5l_+_37384904.23-P1P2	Stxbp5l	577	611	729	772	821	884	6614	702	1155	1322	884
Atp1a1_+_101604649.23-P1P2	Atp1a1	595	647	716	743	779	839	5853	708	922	1193	631
Prkcb_-_122289236.23-P1P2	Prkcb	510	388	475	482	427	533	3794	433	695	726	668
Arih1_+_59486639.23-P1P2	Arih1	949	952	1248	1038	1146	1287	10414	1246	1640	2093	1407
Stx1a_+_135023603.23-P1	Stx1a_P1	419	441	606	406	486	596	4860	566	635	930	825
Acan_-_79053275.23-P1P2	Acan	830	874	1147	938	1014	1348	9472	1301	1380	1834	1100
Ftl1_-_45459889.23-P1P2	Ftl1	469	458	578	562	639	661	5256	569	943	971	733
Nos3_-_24364827.23-P1P2	Nos3	472	410	615	555	727	706	5478	668	781	1169	916
Trem2_-_48346532.23-P1P2	Trem2	962	1056	1147	886	974	1069	8379	1000	1411	1524	1245
Dpysl2_+_66868353.23-P1P2	Dpysl2	585	644	736	588	697	794	5543	693	921	1026	866
Zfp597_-_3884471.23-P1P2	Zfp597	902	763	879	876	964	1071	7567	934	1264	1630	1215
Mcu_-_59616659.23-P1P2	Mcu	563	649	614	588	684	813	5624	775	1041	1166	786
Fzd7_+_59482150.23-P1P2	Fzd7	650	713	892	797	825	1008	7342	948	1330	1570	1172
Dntt_+_41029399.23-P1P2	Dntt	375	384	548	463	505	543	4209	535	597	862	612
Ntrk2_-_58807941.23-P1P2	Ntrk2	465	538	629	533	586	719	5038	552	651	802	665
Psmd4_+_95042506.23-P1P2	Psmd4	701	472	811	788	861	941	6694	746	1038	1116	868
Mpp1_-_75130931.23-P1P2	Mpp1	423	353	411	483	484	572	4116	446	724	872	618
Psma4_+_54950997.23-P1P2	Psma4	862	935	1190	1050	567	681	4859	478	321	612	431
Smcr8_-_60777586.23-P1P2	Smcr8	813	675	930	844	894	961	7376	936	1538	1629	1113
Slc25a5_-_36795860.23-P1P2	Slc25a5	968	833	1080	796	1034	1105	8986	1127	1644	1814	1462
Sptan1_-_29965701.23-P1P2	Sptan1	335	408	374	362	494	533	3435	494	655	751	489
Ulk2_-_61855026.23-P1P2	Ulk2	984	1097	1282	1069	1219	1316	10155	1251	1674	1832	1331
Xrcc1_+_24547225.23-P1P2	Xrcc1	938	1133	1222	1002	1247	1226	9290	1212	1774	1976	1322
Ndufa1_+_37191084.23-P1P2	Ndufa1	634	757	647	720	695	850	6169	793	1134	1238	951
Adap1_-_139325506.23-P1P2	Adap1	940	958	989	868	988	1045	8007	881	1098	1724	1130
Sirt6_+_81627530.23-P1P2	Sirt6	969	915	1257	984	1186	1341	9547	1200	1562	1902	1387
Eif2ak3_-_70844618.23-P1P2	Eif2ak3	634	577	853	759	727	839	6312	715	945	1306	1104
Ntf3_+_126166538.23-P2	Ntf3_P2	801	653	914	753	891	985	7155	966	1377	1306	943
Cav2_-_17281365.23-P1P2	Cav2	412	544	764	616	586	741	5339	606	853	1044	738
Fzd8_-_9213036.23-ENSMUST00000041080.5	Fzd8	786	630	918	724	766	882	6692	886	802	1242	1000
Serpina1d_-_103773164.23-P1P2	Serpina1d	598	662	790	641	739	810	6080	625	926	1120	850
Braf_+_39725291.23-P1P2	Braf	517	506	544	359	537	653	4410	534	749	904	658
Cnr2_+_135911891.23-P2	Cnr2_P2	744	809	757	650	950	1041	7703	969	1199	1560	1038
Pgp_-_24470518.23-P1P2	Pgp	307	364	508	322	328	378	2883	376	368	529	353
Wnt4_-_137277529.23-P1P2	Wnt4	527	588	855	681	772	922	6556	801	994	1393	919
Coq7_-_118533234.23-P1P2	Coq7	663	550	731	667	707	867	5761	800	1027	1170	924
Ttbk2_+_120850349.23-P1P2	Ttbk2	772	907	938	715	1003	1115	7674	996	1235	1385	1234
Psmb2_+_126677714.23-P1P2	Psmb2	937	969	1151	915	1161	1123	9186	1056	1417	1734	1446
Apc2_-_80299137.23-P2	Apc2_P2	784	749	901	906	908	958	7135	965	1086	1472	1261
Mad2l1bp_+_46153493.23-P1P2	Mad2l1bp	774	551	726	587	794	705	6046	723	1221	1073	980
Atp1a3_-_25005818.23-P1P2	Atp1a3	1140	1109	1290	1098	1281	1308	10156	1191	1471	2009	1793
Xk_+_9272796.23-P1P2	Xk	571	582	660	697	654	835	5923	744	902	1209	934
Egr1_+_34861239.23-P1P2	Egr1	718	742	895	704	696	840	6238	660	922	1374	700
Fgf1_+_38918641.23-P1P2	Fgf1	789	683	794	666	802	853	6778	919	1208	1569	977
Dcaf8_-_172148143.23-P1P2	Dcaf8	603	614	627	660	757	820	6650	808	1074	1335	1058
non-targeting_03821	non-targeting	221	301	360	220	274	252	2257	250	481	437	456
Elp3_-_65592855.23-P1P2	Elp3	402	274	458	344	336	390	3157	361	600	525	573
Ifnb1_-_88522816.23-P1P2	Ifnb1	592	784	823	684	698	833	6506	810	1069	1367	1081
Ppp3cb_+_20546524.23-P1P2	Ppp3cb	1177	1202	1206	1059	1206	1349	9353	1191	1522	2013	1277
Trim2_-_84259715.23-P2	Trim2_P2	252	343	296	329	369	438	3197	375	563	741	295
Park7_+_150914426.23-P2	Park7_P2	1089	919	1160	1077	1282	1240	9770	1259	1420	1922	1459
Prph_+_99055209.23-P1P2	Prph	538	678	812	820	639	665	5771	715	997	1320	1021
Cyp2d22_-_82380141.23-P1P2	Cyp2d22	933	1061	1296	1083	1180	1297	9845	979	1680	1896	1430
Itm2b_-_73385223.23-P1	Itm2b_P1	468	306	428	387	422	502	3590	456	604	740	631
Camk2g_-_20793972.23-P1P2	Camk2g	939	959	1172	1062	1053	1223	8728	1146	1578	1776	1406
Nefl_+_68083898.23-P1P2	Nefl	380	525	433	483	417	577	4458	437	709	769	920
Dnajc10_-_80315783.23-P1P2	Dnajc10	404	573	625	538	649	619	5207	571	689	1075	735
Ndufb7_-_83566807.23-P1P2	Ndufb7	202	217	293	262	278	325	2249	325	388	434	268
Jph3_+_121730344.23-P1P2	Jph3	493	380	529	506	448	505	4163	594	545	829	705
Smurf2_+_106920694.23-P1P2	Smurf2	353	409	517	385	493	526	3573	505	537	707	532
Chl1_-_103511391.23-P1P2	Chl1	1199	1213	1509	1246	1357	1520	11155	1314	1783	2298	1637
Gcg_-_62483589.23-P1P2	Gcg	791	854	932	751	957	1159	7988	963	1357	1385	1264
Plcb4_+_135742090.23-ENSMUST00000110109.1	Plcb4	878	796	1058	975	1109	1257	9011	1060	1588	2012	1319
Fam168b_+_34842976.23-P1P2	Fam168b	594	476	722	616	518	827	5212	632	823	1032	681
Grin2d_-_45866614.23-P1	Grin2d_P1	508	564	571	713	583	748	5556	660	781	1144	907
Nbn_-_15958037.23-P1P2	Nbn	1257	1108	1393	1189	1338	1313	10578	1433	1779	2181	1724
Cdca5_-_6085137.23-P1P2	Cdca5	888	966	884	828	999	1005	7757	953	1337	1551	1033
Ascc1_+_60002839.23-P1P2	Ascc1	708	793	1036	944	993	1000	7501	813	1031	1667	1198
Elavl1_-_4325001.23-P1P2	Elavl1	932	784	978	968	1018	1100	7920	1009	1167	1455	1194
Taf2_-_55072115.23-P1P2	Taf2	738	727	773	692	820	889	6396	735	888	1144	685
Ubc_-_125389680.23-P1P2	Ubc	623	656	949	656	837	988	6716	794	937	1387	971
Plb1_-_32247466.23-P1P2	Plb1	1127	905	1130	913	1081	1228	8715	1003	1344	1920	1403
Pnkp_-_44857529.23-P1P2	Pnkp	250	319	366	334	333	480	3146	455	546	794	405
Reep1_-_71707878.23-P1P2	Reep1	615	769	895	742	808	756	6355	868	964	1254	1104
Serpini1_-_75557561.23-P1P2	Serpini1	606	695	688	722	780	872	6446	758	973	1197	1067
Mog_-_37023307.23-P1P2	Mog	1199	1161	1478	1099	1358	1648	11884	1542	2128	2396	1854
Afg3l2_-_67448959.23-P1P2	Afg3l2	556	532	634	521	519	686	5425	618	615	1175	742
Mgrn1_-_4886305.23-P1P2	Mgrn1	580	484	607	654	750	769	5798	744	797	1079	718
Apex1_+_50925001.23-P1P2	Apex1	354	507	541	482	420	427	3614	375	168	363	152
Nr3c1_-_39490624.23-P1P2	Nr3c1	777	760	811	656	885	955	6918	906	1025	1447	849
Supt3_+_44777313.23-P1P2	Supt3	624	672	732	746	750	802	6467	938	1072	1376	993
Letm1_+_33782581.23-P1P2	Letm1	484	513	606	491	581	649	4409	532	457	719	410
Hspb1_+_135887991.23-P1P2	Hspb1	730	733	795	806	862	974	6960	886	1006	1294	1065
Pik3cg_-_32208542.23-P1P2	Pik3cg	487	663	790	727	733	797	6062	804	986	1303	718
Dync1h1_-_110601490.23-P1P2	Dync1h1	304	391	324	359	404	396	3121	399	538	820	641
Uchl4_+_64235379.23-ENSMUST00000039011.3	Uchl4	544	551	918	804	789	870	6338	797	1232	1276	864
non-targeting_03951	non-targeting	648	705	849	751	738	822	6664	732	1202	1444	858
Atg2b_+_105685247.23-P1P2	Atg2b	1254	1091	1258	991	1079	1415	9901	1032	1577	2372	1665
Scp2_-_108118594.23-ENSMUST00000030340.8	Scp2	500	580	565	438	564	625	4887	565	603	864	755
Mcoln1_-_3500552.23-P1P2	Mcoln1	557	379	457	391	531	623	4278	481	826	829	741
Mag_+_30914791.23-P1P2	Mag	603	683	722	539	628	733	5306	560	822	1019	924
Stxbp5l_-_37384903.23-P1P2	Stxbp5l	666	727	742	864	801	778	6776	801	1099	1437	800
Ccl3_-_83648981.23-P1P2	Ccl3	258	243	283	316	381	294	2428	303	488	489	350
Snx27_+_94582542.23-P1P2	Snx27	783	837	1002	829	961	1037	7973	1032	1286	1429	1346
Csnk1a1_-_61555315.23-P1P2	Csnk1a1	405	438	445	600	507	498	4178	526	779	891	724
Pick1_+_79229401.23-P1P2	Pick1	498	480	566	534	516	737	4923	641	870	791	729
Nr4a2_+_57114930.23-P1	Nr4a2_P1	553	521	558	459	632	630	5068	670	777	1175	821
Smn1_-_100124938.23-P1P2	Smn1	1027	835	1249	1065	1062	1081	8864	1167	809	1204	852
Vegfb_-_6987405.23-P1P2	Vegfb	844	856	1180	964	977	1087	8782	1017	1171	1757	1175
Folr1_+_101863890.23-P2	Folr1_P2	689	682	969	691	831	851	6786	761	1004	1344	1163
Spast_-_74338764.23-P1P2	Spast	489	559	673	569	668	651	4932	583	788	1016	813
Homer1_-_93304183.23-P1P2	Homer1	825	715	910	836	823	835	6707	817	1321	1579	957
Pik3r4_+_105643040.23-P1P2	Pik3r4	633	653	681	661	749	726	5641	610	745	885	715
Naglu_+_101070131.23-P1P2	Naglu	779	811	773	901	849	920	7175	825	973	1269	1003
Fyn_-_39369823.23-P1P2	Fyn	684	762	827	694	820	892	6781	797	1191	1423	1059
Sucla2_+_73552850.23-P1P2	Sucla2	1128	1003	1048	1136	1116	1398	9486	1130	1521	1892	1831
Zfp78_-_6363380.23-P1P2	Zfp78	337	471	488	404	462	507	3697	467	558	587	553
Atxn2l_-_126503293.23-P1P2	Atxn2l	347	472	491	500	512	518	4108	485	555	845	682
Bdnf_+_109693695.23-P1P2	Bdnf	344	511	482	353	474	486	3754	510	541	787	668
Sdf4_+_155993329.23-P1P2	Sdf4	708	554	672	572	733	725	6238	714	858	1111	887
Pak1_+_97842982.23-P1P2	Pak1	733	776	828	789	884	894	7532	1040	1291	1372	1099
Aaas_+_102350622.23-P1P2	Aaas	806	692	803	819	789	944	6670	804	1107	1513	936
Rbpj_-_53590724.23-P1P2	Rbpj	465	496	598	508	563	662	4835	684	930	1241	749
Ap4s1_+_51691085.23-P1P2	Ap4s1	530	748	714	783	799	867	6831	780	689	1438	976
H2-M11_-_36547125.23-ENSMUST00000041964.6	H2-M11	479	493	588	586	598	571	4464	504	757	946	612
Kif5c_+_49619365.23-P1P2	Kif5c	403	380	359	361	455	487	3808	510	685	681	527
Pnpla6_-_3515465.23-P1	Pnpla6_P1	746	634	714	766	789	954	6752	966	1071	1346	1098
Srsf7_+_80207151.23-P1P2	Srsf7	1044	956	1010	1031	1108	1269	9413	1001	1425	1761	1253
Ighmbp2_+_3282993.23-P1P2	Ighmbp2	283	318	478	330	440	427	3389	360	554	625	403
Aicda_-_122553856.23-P1P2	Aicda	337	274	452	296	428	474	3211	380	512	571	429
Plcb2_-_118728342.23-P1P2	Plcb2	149	195	242	235	263	289	2263	314	311	537	191
Hfe_+_23710599.23-P1P2	Hfe	689	631	731	747	905	908	6861	948	1231	1570	1018
Cav2_+_17281419.23-P1P2	Cav2	581	635	753	815	722	785	6143	631	1007	1112	1140
non-targeting_02744	non-targeting	969	904	1110	936	1113	1200	9324	1132	1432	1814	1329
Rab7_+_88045183.23-P1P2	Rab7	453	296	397	366	347	410	3086	412	527	512	555
Cox8a_-_7217538.23-P1P2	Cox8a	557	425	560	568	633	650	5185	654	810	839	858
Apc_+_34221165.23-P1	Apc_P1	1092	1096	1153	1143	1199	1328	9889	1359	1453	2216	1407
Atrx_+_105929332.23-P1P2	Atrx	855	749	1009	929	1008	1113	8045	1115	1259	1670	930
Psmb1_-_15498200.23-P1P2	Psmb1	568	580	717	551	643	756	5274	666	812	1039	742
Maoa_-_16619962.23-P1P2	Maoa	551	715	464	502	524	690	4852	555	750	918	570
Mutyh_-_116807768.23-P1P2	Mutyh	936	813	934	767	1020	1153	8041	1059	1237	1412	1289
Kcne3_+_100176682.23-P2	Kcne3_P2	468	579	565	617	640	699	5647	675	776	1154	719
Ppt2_+_34627369.23-P1P2	Ppt2	882	985	1026	982	1208	1229	9466	1164	1089	2161	1384
Ppara_+_85735787.23-P1P2	Ppara	775	722	784	666	973	1107	7690	927	1063	1354	1057
Aimp1_+_132683804.23-P1P2	Aimp1	508	494	672	450	625	609	5051	684	886	967	730
Plcb3_+_6969691.23-P1P2	Plcb3	586	604	789	740	815	879	6385	658	1285	1259	1066
Calb2_+_110168143.23-P1P2	Calb2	391	390	329	429	489	540	3677	499	445	748	549
Txndc5_-_38528412.23-P1P2	Txndc5	622	577	617	523	627	643	5096	706	783	1022	782
Dnajc6_-_101508204.23-P1P2	Dnajc6	580	655	698	749	708	729	6206	656	868	1047	849
Znhit3_+_84916304.23-P1P2	Znhit3	825	806	918	776	924	1077	7516	960	895	1279	1150
Ogdh_+_6291644.23-P1P2	Ogdh	870	944	978	927	1047	999	7861	956	945	1231	588
Chchd10_+_75935941.23-P1P2	Chchd10	633	687	699	682	767	738	6238	697	883	1445	970
Esr2_+_76177056.23-P1P2	Esr2	678	600	926	676	774	749	5911	816	870	1267	1209
Prdm8_-_98181279.23-P1P2	Prdm8	463	475	584	482	528	541	4444	497	829	869	534
Kcnc3_+_44590682.23-ENSMUST00000107907.2	Kcnc3	423	430	421	629	463	599	4399	520	594	708	647
Egr2_-_67535550.23-P2	Egr2_P2	724	671	811	738	752	832	6177	850	898	1013	719
Dagla_+_10304830.23-P1P2	Dagla	739	744	864	713	813	927	6660	818	927	1255	907
Nrbf2_+_67285284.23-P1P2	Nrbf2	747	698	954	701	857	942	7168	842	942	1432	1178
Myd88_-_119339944.23-P1P2	Myd88	445	333	469	421	469	529	4129	498	583	704	643
Vps13d_+_144974661.23-ENSMUST00000097796.2	Vps13d	420	608	624	558	603	689	5025	711	740	1099	718
non-targeting_01226	non-targeting	578	595	578	545	658	790	5564	625	853	936	776
Zfyve1_+_83597130.23-P1P2	Zfyve1	478	571	697	666	639	723	5499	817	932	1103	882
Ccdc88a_-_29373688.23-P1P2	Ccdc88a	650	671	803	715	865	870	6795	801	902	1369	909
Cox6c_+_35937932.23-P1P2	Cox6c	453	524	501	419	452	497	4160	488	811	909	353
Clu_-_65968660.23-P1	Clu_P1	1001	783	734	960	970	1233	8295	1000	1148	1574	1081
Trap1_+_4077789.23-P1P2	Trap1	564	573	559	500	582	632	5056	529	661	893	727
Eef2_+_81178041.23-P2	Eef2_P2	956	926	1153	1118	1138	1316	9119	1076	1375	1906	1254
Brca1_-_101551830.23-P1P2	Brca1	839	636	764	643	753	814	6726	779	1020	1296	905
Prkcg_+_3303554.23-P1P2	Prkcg	845	815	995	843	975	1181	8120	980	1359	1839	1099
Apc_-_34247697.23-P2	Apc_P2	496	543	550	653	802	690	5723	757	861	1186	843
Cxcl13_-_95956975.23-P1P2	Cxcl13	1126	984	1427	1198	1279	1440	10747	1376	1564	2027	1710
Stip1_+_7039948.23-P1P2	Stip1	936	861	1141	779	990	1204	8817	1101	1613	1882	1327
Scn11a_-_119825400.23-P1P2	Scn11a	273	288	379	215	319	346	2809	352	471	573	338
Cst10_-_149405327.23-P1P2	Cst10	567	559	582	521	643	809	5355	669	804	1008	796
Htra2_+_83054450.23-P1P2	Htra2	526	454	894	694	658	804	5734	659	455	754	444
Litaf_-_10993034.23-P1P2	Litaf	1101	1043	1430	1135	1387	1506	10913	1437	2207	2268	1498
Syt1_+_109010835.23-P1P2	Syt1	288	357	372	300	394	485	3346	420	467	473	332
Elovl5_+_77917410.23-P1P2	Elovl5	306	291	360	259	266	312	2569	432	413	587	353
Gpx4_-_80053641.23-P1P2	Gpx4	567	573	633	463	278	350	2585	248	245	217	266
Cox7c_+_86046574.23-P1P2	Cox7c	888	819	875	776	878	1050	7710	787	1178	1793	832
Fggy_-_95557548.23-P1	Fggy_P1	440	580	639	717	752	674	5685	692	972	1280	825
Cdk6_-_3344228.23-P1P2	Cdk6	668	665	582	600	682	755	5909	675	849	1355	1083
Tubb6_-_67390763.23-P1P2	Tubb6	850	888	1052	862	945	1136	8188	929	1246	1433	1266
Elk1_-_20950530.23-P1P2	Elk1	621	687	811	678	760	986	6332	709	1175	1486	929
Ndufab1_+_122101618.23-P1P2	Ndufab1	535	511	790	628	687	836	6096	796	899	1165	751
Igf1_+_87861409.23-P2	Igf1_P2	709	775	763	623	798	831	6469	771	962	1217	902
Wipi1_-_109611317.23-P1P2	Wipi1	682	801	1050	904	832	926	7592	884	903	1460	1123
Nbn_-_15958024.23-P1P2	Nbn	661	571	803	632	658	811	5816	707	931	1211	926
Alg14_+_121291749.23-P1P2	Alg14	295	290	360	298	379	452	2946	360	369	490	482
Mfn1_+_32529584.23-P1P2	Mfn1	664	624	644	644	748	840	6117	721	915	1049	672
Adora2a_-_75317156.23-P1P2	Adora2a	754	639	862	749	823	939	7218	873	1146	1537	1107
Uba1_-_20658501.23-P2	Uba1_P2	613	467	654	625	599	636	5195	599	899	948	737
Txnip_+_96557985.23-P1P2	Txnip	665	707	826	753	927	904	6667	868	1318	1335	890
Calm3_+_16923933.23-ENSMUST00000019514.9	Calm3	669	639	758	643	687	787	6326	720	1040	1196	987
Atp2a3_-_72961234.23-P1P2	Atp2a3	752	941	1006	815	909	1071	7809	965	1274	1584	1178
Rtn2_+_19282846.23-P2	Rtn2_P2	501	335	457	450	296	401	3488	454	647	1122	668
Sos1_+_80480413.23-P1P2	Sos1	726	732	796	835	904	1110	7686	832	1201	1525	1030
Calm4_-_3838036.23-ENSMUST00000042219.4	Calm4	495	538	660	572	628	700	5497	561	966	1168	870
Cln6_-_62838859.23-P1P2	Cln6	484	569	633	442	534	666	4396	561	720	968	742
Tfrc_+_32609046.23-P1P2	Tfrc	611	499	628	541	589	571	4995	643	757	1036	490
Kcna1_+_126645774.23-P1P2	Kcna1	511	498	697	487	621	743	4887	652	817	1255	724
Exosc9_+_36552680.23-P1P2	Exosc9	410	463	557	529	366	382	3326	330	179	257	457
Dnah12_+_26771262.23-ENSMUST00000073309.4	Dnah12	560	671	689	643	591	821	5835	792	1094	1205	790
Ubtf_-_102318709.23-P1P2	Ubtf	739	847	771	712	839	891	6964	817	1285	1427	773
Map2_-_66322043.23-P2	Map2_P2	649	743	935	727	809	871	7271	828	1164	1215	1074
Rbm8a_-_96630379.23-P1P2	Rbm8a	272	332	430	431	430	553	3335	422	393	718	566
Rars2_-_34615041.23-P1P2	Rars2	594	639	708	655	739	877	6395	619	728	949	699
Dnah14_+_181741449.23-ENSMUST00000160345.1	Dnah14	752	746	972	673	878	879	7832	1006	1217	1624	1347
Pten_+_32757626.23-P1P2	Pten	621	591	598	572	545	775	5644	642	863	1068	904
non-targeting_01057	non-targeting	857	648	978	671	867	917	6769	991	1240	1312	1138
Derl1_-_57892425.23-P1P2	Derl1	695	602	797	726	780	781	6060	808	910	1415	938
Ache_-_137288315.23-P1P2	Ache	1062	934	1235	915	1179	1292	9467	1114	1721	1846	1264
Litaf_+_10993056.23-P1P2	Litaf	850	923	878	778	1040	1152	8122	1107	1290	1571	1293
Eef2_+_81177737.23-P2	Eef2_P2	738	650	893	691	781	858	6266	676	673	851	466
Map2k2_+_81105953.23-P1P2	Map2k2	674	519	740	743	765	829	5990	721	988	960	998
Atg2b_+_105685213.23-P1P2	Atg2b	1129	1144	1287	1059	1281	1458	11065	1391	1786	2201	1894
Atg14_+_47568179.23-P1P2	Atg14	1030	896	1291	965	1108	1408	9694	1228	1684	1861	1454
Nefh_+_4947797.23-P1P2	Nefh	954	930	1028	918	1011	1186	8526	1015	1473	1717	1252
Txn2_+_77927889.23-P2	Txn2_P2	484	548	750	574	748	719	6632	732	835	1116	676
Tmem106b_+_13070041.23-P1P2	Tmem106b	722	658	835	769	678	787	5989	789	959	1001	852
Pde9a_+_31386328.23-P1P2	Pde9a	1090	949	1152	1035	1106	1327	9837	1254	1464	2116	1457
Mars2_+_55237215.23-P1P2	Mars2	676	672	824	654	782	844	6162	846	959	1188	952
Kcnc3_+_44590685.23-ENSMUST00000107907.2	Kcnc3	875	712	984	767	984	1002	7501	1054	1052	1578	1077
Gm7030_-_36129105.23-P1P2	Gm7030	439	433	581	421	560	564	4359	546	677	825	686
Pik3r5_+_68432198.23-P1P2	Pik3r5	373	411	534	466	523	566	4163	611	716	695	629
Oxr1_+_41449036.23-ENSMUST00000179393.1	Oxr1	790	731	804	727	889	1149	7165	862	1100	1363	1211
Morc2a_-_3649295.23-P1P2	Morc2a	705	644	748	611	809	812	6377	723	1152	1189	900
Tomm20_-_126945861.23-P1P2	Tomm20	1020	1009	1390	1204	1313	1444	10472	1172	1755	1899	1489
Gap43_-_42340285.23-P1P2	Gap43	293	193	318	281	245	307	2368	269	429	451	278
Hmbs_-_44344130.23-P2	Hmbs_P2	542	684	690	590	629	783	5115	580	870	1021	793
Colec11_-_28623254.23-P1P2	Colec11	566	830	810	602	806	848	7072	754	1105	1481	1111
Chrm1_+_8664314.23-P1P2	Chrm1	973	1100	1013	1100	1041	1271	9312	1209	1554	1791	1206
Tyrobp_+_30413854.23-P1P2	Tyrobp	504	384	537	622	466	579	4679	521	831	809	556
Psmd7_-_107588378.23-P1P2	Psmd7	336	418	505	382	493	551	3851	449	673	805	682
Rasgrf1_+_89909928.23-P1P2	Rasgrf1	619	408	622	471	577	660	4869	691	883	910	693
Klc2_+_5118234.23-P1P2	Klc2	775	696	852	1056	913	1130	7754	914	1194	1604	1375
Psmd6_-_14120938.23-P1P2	Psmd6	575	661	740	797	609	670	4915	468	448	791	233
Zfp46_-_136286117.23-P2	Zfp46_P2	731	647	832	739	857	930	7326	763	1216	1303	984
Npy_+_49822721.23-P1P2	Npy	1020	1026	1213	1000	1125	1318	10022	1084	1715	2090	1536
Egf_-_129755249.23-P1P2	Egf	1055	891	1135	1059	1201	1203	8702	1139	1557	1935	1456
Synm_+_67759732.23-P1P2	Synm	757	857	1070	931	929	1055	8410	1074	1331	1768	1170
Tubb2a_-_34077987.23-P1P2	Tubb2a	776	749	991	824	764	979	7664	987	1237	1616	1162
Tsn_+_118311204.23-P1P2	Tsn	772	699	924	738	847	940	7105	812	797	1427	972
Kcnc1_-_46396565.23-P1P2	Kcnc1	648	588	720	613	599	739	5317	712	1063	1182	1093
Wnt11_-_98839044.23-P2	Wnt11_P2	997	1048	1231	1007	1126	1213	9239	1180	1534	1681	1334
Gabarapl1_+_129533245.23-P1P2	Gabarapl1	440	370	440	452	414	485	3433	394	659	838	588
Cd200r2_-_44867116.23-P1P2	Cd200r2	469	625	613	594	647	630	5366	710	723	845	703
Mtpap_-_4375624.23-P1P2	Mtpap	912	1142	1077	1001	1205	1317	9998	1214	1509	2088	1445
Blmh_-_76945799.23-P1P2	Blmh	665	565	532	576	699	790	5581	752	794	1066	923
Nr4a2_+_57124053.23-P2	Nr4a2_P2	833	696	905	753	874	889	7427	813	979	1325	1289
non-targeting_01061	non-targeting	576	493	562	654	580	774	5416	572	718	968	890
A2m_+_121636640.23-P1P2	A2m	883	941	979	932	1006	1089	8407	1041	1596	1495	1176
Syn1_-_20920819.23-P1P2	Syn1	942	929	1021	972	1049	1324	8424	1108	1461	2009	1565
Calm3_+_16924070.23-ENSMUST00000019514.9	Calm3	715	683	899	785	831	915	6925	974	1126	1449	929
Fzd6_-_39006326.23-P1P2	Fzd6	609	702	755	714	791	850	6142	805	1000	1550	909
Atr_-_95857693.23-P1P2	Atr	527	580	583	453	540	586	4590	567	674	804	558
Rab39b_-_75578160.23-P1P2	Rab39b	728	783	729	750	799	848	6746	873	1037	1579	1149
Atxn7_+_14012743.23-P1P2	Atxn7	941	854	1218	954	1156	1208	9357	1136	1406	1716	1291
Bace1_+_45838866.23-P1P2	Bace1	1120	1225	1505	1377	1341	1586	11395	1455	1883	2356	1584
Atp1a1_+_101604654.23-P1P2	Atp1a1	518	542	547	563	673	821	5500	658	918	1123	691
Spg21_-_65460986.23-P1P2	Spg21	211	215	255	267	293	284	2269	313	464	365	288
Erlin1_+_44069713.23-P1P2	Erlin1	1081	1074	1198	1130	1223	1344	10402	1375	1511	2184	1380
Wnt1_+_98789942.23-P1P2	Wnt1	649	645	797	776	687	865	6578	784	1289	1146	1099
Renbp_+_73930779.23-P1P2	Renbp	974	818	1128	913	1016	1174	8919	1061	1251	1658	1273
Ogg1_+_113327044.23-P1P2	Ogg1	1055	1123	1234	925	1229	1364	10327	1237	1557	2012	1643
Smn1_-_100124903.23-P1P2	Smn1	1086	1131	1253	1140	1203	1280	9956	1098	1253	1806	1036
Slc1a2_-_102706478.23-ENSMUST00000111212.1	Slc1a2	638	711	660	813	731	911	6350	653	1066	1186	1026
Sigmar1_-_41741302.23-P1P2	Sigmar1	951	974	1107	1043	1127	1307	10225	1180	1522	1816	1323
Anxa5_-_36475606.23-P1P2	Anxa5	835	957	1038	1179	1084	1235	8537	1079	1444	2023	1412
Wwox_-_114439896.23-P1P2	Wwox	370	475	440	306	405	473	3404	411	484	647	596
Nras_-_103058368.23-P1P2	Nras	908	1075	1302	1203	1260	1234	10376	1252	1547	2070	1699
Atg2b_-_105685177.23-P1P2	Atg2b	745	912	868	762	898	1048	7333	969	1245	1583	1280
Abl1_-_31688573.23-P1P2	Abl1	556	564	843	587	658	745	5126	688	949	1084	860
Zfyve27_-_42170610.23-P1P2	Zfyve27	569	420	733	534	597	602	4947	600	791	944	837
Casp12_+_5345516.23-P1P2	Casp12	684	586	864	797	779	1049	6974	883	970	1180	1024
Pla2g6_-_79328130.23-P1P2	Pla2g6	1007	779	1154	918	1006	1097	8025	1007	1351	1365	1047
Apex1_+_50925037.23-P1P2	Apex1	484	401	545	393	560	670	4433	545	765	772	479
Eno2_-_124769533.23-P1P2	Eno2	698	717	923	766	927	900	6835	926	913	1472	992
Mme_-_63300205.23-P1	Mme_P1	676	557	748	671	658	778	5995	731	939	1048	877
Csnk2b_-_35121236.23-P1P2	Csnk2b	437	429	601	435	431	454	3827	408	587	656	668
Sqstm1_-_50210775.23-P1	Sqstm1_P1	386	338	453	386	488	501	3860	505	581	790	482
Nras_-_103058355.23-P1P2	Nras	1060	1025	1316	1068	1144	1407	10308	1107	1391	2275	1213
Nipa1_+_56019339.23-P1P2	Nipa1	755	649	852	848	851	863	7079	883	1294	1590	1000
Pla2g5_-_138819208.23-P1P2	Pla2g5	609	419	659	539	517	632	4539	573	843	776	695
Il17a_-_20730920.23-P1P2	Il17a	1055	830	1065	811	1060	1012	8450	956	1295	1597	1130
Elavl2_-_91376380.23-P1P2	Elavl2	611	560	926	789	768	821	6264	784	1045	1340	913
Fgf13_-_59134736.23-P1P2	Fgf13	688	899	974	887	990	1082	7205	948	1225	1410	1068
Becn1_+_101302220.23-P1P2	Becn1	435	468	665	489	648	642	5209	630	647	999	903
Agtpbp1_-_59557244.23-P1P2	Agtpbp1	732	786	960	623	799	852	6628	793	1008	1454	1377
Ctnnb1_+_120933898.23-P1P2	Ctnnb1	703	900	935	709	832	954	7430	770	1011	1675	887
Esr2_+_76177247.23-P1P2	Esr2	511	484	528	453	543	663	4854	505	939	1038	785
Sox3_-_60893345.23-P1P2	Sox3	685	651	801	682	849	920	6923	850	1191	1416	995
Ascl1_+_87493595.23-P1P2	Ascl1	870	805	953	1063	998	1036	8022	1045	1215	1751	1331
Trrap_-_144768257.23-P1P2	Trrap	700	673	729	666	791	953	6660	848	1108	1374	932
Tgm6_-_130123364.23-P1P2	Tgm6	353	538	616	571	683	618	4965	657	978	930	632
Entpd1_+_40659776.23-P1P2	Entpd1	840	846	957	706	823	1041	7025	905	982	1604	1011
Psmd8_+_29180597.23-P1P2	Psmd8	605	597	759	628	698	768	5086	677	823	1083	966
Folr1_-_101864100.23-P2	Folr1_P2	773	818	973	834	1066	1092	8464	946	1339	1549	1453
non-targeting_01386	non-targeting	645	482	723	725	742	852	6072	658	1044	1214	888
Hsd17b10_-_152001934.23-P1P2	Hsd17b10	746	599	786	759	793	832	5956	689	933	1297	1199
Ndufa12_+_94199300.23-P1P2	Ndufa12	639	708	926	796	940	1005	7642	933	1151	1456	1270
Apc2_-_80301048.23-P1	Apc2_P1	727	815	912	741	875	1114	8075	1002	1325	1589	1039
Taf1_-_101533077.23-P1P2	Taf1	1027	879	1105	954	450	533	4240	407	162	402	146
Pcna_+_132253181.23-P1P2	Pcna	731	824	784	837	856	912	6370	823	627	1072	780
Adora3_-_105870943.23-P1P2	Adora3	691	621	686	663	845	1126	7162	824	1047	1357	1074
Gsk3b_+_38089573.23-P1P2	Gsk3b	625	646	801	954	886	828	7064	953	977	1464	1174
Atp7a_+_106027325.23-P1P2	Atp7a	594	553	721	676	703	813	6349	665	1054	1168	806
Epm2a_+_11343449.23-P1P2	Epm2a	1015	1080	1100	904	983	1231	9181	1319	1178	1904	1406
Tank_+_61593164.23-P1	Tank_P1	665	877	907	809	786	961	7225	897	1221	1453	1072
Bhlhb9_-_135885952.23-P1P2	Bhlhb9	194	268	321	318	257	339	2566	314	409	542	328
Fgf2_-_37348743.23-ENSMUST00000038885.3	Fgf2	765	855	925	894	909	1061	7005	846	1351	1380	1210
Ace_-_105967954.23-P1P2	Ace	446	563	548	574	490	558	4280	627	619	836	925
Tfeb_-_47737140.23-P1P2	Tfeb	651	613	901	826	601	671	5425	599	867	1189	1093
Hspb3_+_113663522.23-P1P2	Hspb3	327	363	378	356	412	439	3375	463	496	541	330
Aplp1_+_30445510.23-P1P2	Aplp1	775	843	902	817	875	986	7621	900	1112	1643	1257
Ndufb11_+_20617050.23-P1P2	Ndufb11	616	740	773	685	776	774	6454	813	799	1199	915
Prnp_-_131910011.23-P1P2	Prnp	892	795	837	951	998	1139	7694	1056	1232	1574	1382
Dnah8_+_30624413.23-ENSMUST00000170651.1	Dnah8	681	669	934	848	934	1040	7396	833	1357	1302	1054
Map2_+_66175352.23-P1	Map2_P1	598	520	585	469	515	450	4384	531	777	865	735
Kif5a_-_127263066.23-P1P2	Kif5a	843	777	941	753	930	1011	7771	992	1260	1733	1170
Ppara_-_85735799.23-P1P2	Ppara	818	735	913	909	852	1087	7087	981	1212	1590	1193
Vps13c_-_67840639.23-P1P2	Vps13c	345	427	327	300	436	467	3720	517	512	763	519
Bcl2_+_106714251.23-P1P2	Bcl2	687	623	870	615	740	869	6678	804	1087	1231	1254
Chl1_+_103511358.23-P1P2	Chl1	527	444	761	679	593	755	5284	630	1079	880	792
Grin2c_-_115267208.23-P1P2	Grin2c	698	983	963	1053	1049	1117	8410	1042	1608	1741	1372
Klk6_-_43824595.23-P1P2	Klk6	682	806	793	571	762	939	6720	744	1084	1415	1053
Eif2b4_+_31192980.23-P1P2	Eif2b4	741	829	799	818	863	962	6793	884	923	1425	1016
Ctrl_+_105933789.23-P1P2	Ctrl	841	840	1029	882	1002	1090	8373	977	1278	1680	1274
Fzd2_-_102604422.23-P1P2	Fzd2	400	573	628	538	564	704	4848	699	892	933	926
2410137M14Rik_+_36981173.23-P1P2	2410137M14Rik	406	373	627	540	603	600	4767	605	532	897	653
Daxx_-_33909733.23-P1P2	Daxx	700	598	740	724	758	927	6247	760	906	1298	723
Pde9a_-_31386292.23-P1P2	Pde9a	791	807	906	830	896	968	7134	862	1027	1479	793
Tfeb_-_47737110.23-P1P2	Tfeb	641	575	706	645	676	759	6111	711	1025	1169	844
Dctn4_-_60526251.23-P1P2	Dctn4	638	818	857	802	835	982	7259	917	1206	1265	1182
Akt1_+_112674225.23-P1P2	Akt1	1005	948	1336	924	1057	1253	8747	1259	1415	2013	1273
Map2k6_+_110399180.23-P1P2	Map2k6	468	509	550	531	573	652	4662	651	650	893	777
Eif2b4_+_31193089.23-P1P2	Eif2b4	648	641	842	635	609	586	4864	670	838	868	542
Atxn2l_-_126503351.23-P1P2	Atxn2l	451	454	670	543	511	478	4621	451	642	949	625
Psen2_-_180256182.23-P1	Psen2_P1	648	672	718	541	771	912	6668	866	1232	1394	955
non-targeting_03646	non-targeting	221	207	346	338	304	314	2608	366	316	380	440
Mpv17_+_31154182.23-P1P2	Mpv17	595	645	823	808	810	825	6881	865	1278	1189	993
Uqcr10_+_4704106.23-P1P2	Uqcr10	497	407	477	510	533	545	4507	617	502	837	643
Csnk2a1_+_152226579.23-P1P2	Csnk2a1	480	495	517	569	474	544	4196	458	823	918	766
non-targeting_00136	non-targeting	938	760	867	903	1171	1198	8603	1050	1458	1638	1373
Kcna3_-_107036228.23-P1P2	Kcna3	989	858	862	953	1228	1194	9367	1124	1460	2086	1409
Pik3cd_-_149698542.23-P1P2	Pik3cd	440	419	385	417	506	569	4249	501	585	764	601
Tbcd_-_121452020.23-P1P2	Tbcd	868	810	970	898	887	1046	6730	923	1188	1390	1105
Spg21_-_65460983.23-P1P2	Spg21	772	670	1089	738	836	904	6985	853	882	1345	1061
Tgm6_+_130123308.23-P1P2	Tgm6	796	907	1192	1004	1065	1217	8908	1182	1525	1845	1296
Ewsr1_-_5098832.23-P1P2	Ewsr1	638	602	764	655	798	738	6163	670	918	1211	675
Cast_-_74807948.23-P1P2	Cast	745	708	806	777	773	914	6618	920	1037	1174	877
Dkk2_-_132085365.23-P1P2	Dkk2	551	725	779	719	857	836	6531	701	1120	1429	869
Gan_-_117158246.23-P1P2	Gan	808	728	922	773	871	964	7361	856	1022	1168	1195
Dvl1_-_155847436.23-P1P2	Dvl1	614	746	811	794	908	876	6966	818	1005	1480	993
Hspb2_-_50752261.23-P1P2	Hspb2	566	564	644	579	569	700	5184	563	935	928	816
Ndufs6_+_73328442.23-P1P2	Ndufs6	594	624	799	790	662	850	6237	658	1106	1267	949
Hspa8_-_40801353.23-P1	Hspa8_P1	428	528	688	498	490	576	3964	436	498	559	352
Nox4_-_87246820.23-P1P2	Nox4	662	685	724	664	705	754	5831	665	942	1154	933
Serpina3j_-_104314648.23-ENSMUST00000109957.2	Serpina3j	607	727	657	825	885	891	7061	808	1176	1275	954
Taf2_+_55072122.23-P1P2	Taf2	625	571	711	672	584	835	5481	689	949	999	767
Tnr_-_159737597.23-ENSMUST00000111669.3	Tnr	370	528	650	467	575	690	4912	671	806	877	575
Serpina3c_+_104153475.23-P1P2	Serpina3c	826	755	968	932	1009	991	7646	1067	1276	1543	865
Aimp1_-_132683800.23-P1P2	Aimp1	388	390	427	467	376	527	3683	511	504	605	565
Ndufa11_+_56717787.23-P1P2	Ndufa11	900	925	1206	883	1008	1112	8304	1113	1359	1650	1194
Clk1_-_58423796.23-P1P2	Clk1	702	837	908	895	805	990	7156	927	1397	1500	1387
Clcn6_+_148038770.23-P1P2	Clcn6	713	716	826	649	762	823	6072	802	1062	1253	846
Aldh18a1_+_40588329.23-P1P2	Aldh18a1	549	524	692	523	622	759	5184	632	924	1153	794
Calm1_-_100199581.23-P1P2	Calm1	429	459	592	629	581	685	4961	626	971	1046	828
Oxr1_+_41789095.23-ENSMUST00000170127.1	Oxr1	764	827	945	847	895	1005	7175	894	1008	1319	809
Tank_-_61578580.23-P2	Tank_P2	608	663	790	744	642	836	6180	726	993	1233	1210
Agrn_-_156186111.23-P2	Agrn_P2	569	707	584	759	706	740	5799	669	1016	1284	1033
Fosb_-_19309789.23-P1P2	Fosb	589	545	805	724	650	703	5921	692	743	1222	916
Vapb_-_173737787.23-P1P2	Vapb	548	641	463	572	696	636	6038	596	784	1363	827
Nhlrc2_-_56548479.23-P1P2	Nhlrc2	417	611	478	482	592	645	4477	592	813	793	712
Gad2_-_22622605.23-P1P2	Gad2	953	709	898	778	922	1044	7685	968	1265	1741	1076
Axin2_+_108921058.23-P1P2	Axin2	635	810	995	716	962	1004	7725	811	1341	1488	1131
Sptlc2_-_87388200.23-P1P2	Sptlc2	1128	1148	1290	1148	1333	1555	11415	1399	1690	2024	1888
Bace1_+_45838662.23-P1P2	Bace1	917	943	1130	808	1171	1225	8995	1140	1637	1749	1324
Ramp2_+_101246422.23-P1P2	Ramp2	414	442	521	493	525	602	4494	531	890	865	859
Arhgef5_-_43265702.23-P1P2	Arhgef5	759	579	689	627	808	768	5934	753	874	1155	853
Eno2_-_124769462.23-P1P2	Eno2	1028	1045	1189	1142	1346	1428	10814	1312	2040	2110	1726
Vac14_-_110618675.23-P1P2	Vac14	661	622	720	786	742	879	5762	734	851	1223	852
Atxn1l_+_109737737.23-P1P2	Atxn1l	679	547	608	551	714	812	5469	679	991	1140	957
Stip1_+_7039961.23-P1P2	Stip1	1022	1009	1083	980	1242	1130	9591	1050	1603	1659	1267
Tuba3b_-_145616110.23-P1P2	Tuba3b	496	589	589	570	679	645	5747	660	1139	1012	833
Serpina1b_-_103827673.23-P1P2	Serpina1b	378	427	484	397	491	566	4010	448	632	776	673
Fdps_-_89101692.23-P1P2	Fdps	886	805	913	871	1008	1006	8166	941	1288	1523	1215
Tubb1_+_174450702.23-P1P2	Tubb1	742	635	602	538	789	770	5658	700	990	1217	941
Dcaf8_-_172148146.23-P1P2	Dcaf8	384	469	545	482	512	591	4321	511	794	1028	494
Psmc4_+_28050014.23-P1P2	Psmc4	650	683	961	791	259	351	2886	213	221	288	46
Pik3r5_+_68432116.23-P1P2	Pik3r5	459	393	597	462	543	660	4532	506	772	1035	601
Wnk1_+_120038676.23-P1P2	Wnk1	800	780	889	790	959	1016	7804	876	1288	1668	1189
Rbms3_-_117252457.23-P1P2	Rbms3	306	465	437	465	409	499	3816	521	681	715	608
Fadd_-_144582396.23-P1P2	Fadd	442	534	707	563	596	772	5336	637	956	941	844
Cyp2d34_-_82620573.23-P1P2	Cyp2d34	528	548	622	418	611	505	5057	610	831	1033	748
Tardbp_+_148626675.23-P1P2	Tardbp	890	1009	1246	1047	1187	1288	8796	1099	1340	1616	1269
Chrm5_-_112480773.23-ENSMUST00000099589.2	Chrm5	612	647	731	833	873	1071	7766	906	1199	1364	1143
Ndufa10_+_92473744.23-P1P2	Ndufa10	1188	1108	1266	1080	1339	1523	10728	1388	1740	1994	1448
Dpp6_-_27049445.23-P2	Dpp6_P2	719	718	884	754	774	919	6836	868	1114	1392	1035
Cd44_-_102901422.23-P1P2	Cd44	366	305	406	393	461	478	3536	388	620	759	448
Opa1_-_29579409.23-P1P2	Opa1	1137	1013	1159	855	1183	1235	9845	1184	1524	2013	1714
Vps41_-_18717321.23-P1P2	Vps41	459	472	548	597	653	815	4459	530	804	919	858
Agpat3_-_78352286.23-P1P2	Agpat3	536	673	637	616	600	686	5010	574	853	933	824
Pde8b_+_95223039.23-P2	Pde8b_P2	903	881	901	867	973	1097	8014	1071	1184	1276	1080
Wnt8a_+_34542417.23-ENSMUST00000012426.2	Wnt8a	795	828	848	923	843	1128	7395	809	1403	1408	974
Dnajb2_-_75236713.23-P1P2	Dnajb2	821	779	1083	901	845	1106	7599	922	1290	1243	1077
Polg_+_79466143.23-P1P2	Polg	622	748	752	765	905	988	7014	894	1282	1365	1008
Epg5_-_77938490.23-P1P2	Epg5	496	601	694	591	734	831	5950	750	944	1190	670
Egr2_-_67537904.23-P1	Egr2_P1	738	689	863	923	856	967	7546	980	1315	1426	1127
Dlst_+_85110903.23-P1P2	Dlst	445	408	430	467	466	537	4223	487	729	966	386
Zfyve26_+_79296250.23-P1P2	Zfyve26	494	550	659	633	735	757	5269	691	691	1138	815
Crp_+_172698062.23-P1P2	Crp	730	689	788	676	794	882	6575	845	1047	1492	789
App_+_85173639.23-P1P2	App	376	420	610	414	509	496	4172	595	871	747	564
Ccl2_-_82035599.23-P1P2	Ccl2	721	603	780	767	803	854	6078	717	1116	1273	1167
Rmdn2_+_79615289.23-P1P2	Rmdn2	669	659	726	698	877	806	6459	805	975	1175	603
Rmdn3_+_119156899.23-P1P2	Rmdn3	750	737	911	772	826	948	6954	840	1028	1439	979
Sdhc_+_171150557.23-P1P2	Sdhc	847	957	1072	837	980	1070	8028	1064	1087	1607	1326
Gstm6_-_107943674.23-P1P2	Gstm6	990	796	885	970	878	1052	7951	1034	1244	1652	1369
Dctn1_+_83165982.23-P1P2	Dctn1	718	637	773	544	636	836	5800	793	917	1097	837
Lsm2_+_34981904.23-P1P2	Lsm2	432	381	460	582	399	490	3898	497	646	749	634
Jun_+_95052177.23-P1P2	Jun	555	532	634	585	636	702	5630	885	797	932	880
Dvl2_-_70000835.23-P1P2	Dvl2	542	452	645	708	760	840	5804	730	1104	1177	1214
Tuba1c_+_99030298.23-P1P2	Tuba1c	1109	1096	1269	1037	1164	1401	10034	1014	1423	1878	1195
Brca2_+_150522655.23-P1P2	Brca2	851	768	1068	1048	1120	1117	9104	1020	1414	1587	1234
Pnp_-_50944545.23-P1P2	Pnp	404	229	346	352	333	380	2897	354	371	528	547
P2ry2_+_101011986.23-P1P2	P2ry2	921	766	953	765	1017	1265	8126	961	1048	1634	1073
Klc4_+_46645063.23-P1P2	Klc4	356	466	557	396	491	561	4195	493	836	976	698
Psen2_-_180256189.23-P1	Psen2_P1	769	835	894	803	864	1011	7024	969	1322	1334	1131
Ly6e_+_74955628.23-P1P2	Ly6e	406	483	597	581	605	726	5133	673	831	1059	852
Egr1_+_34861242.23-P1P2	Egr1	639	879	750	873	894	883	7089	977	1255	1542	1133
Padi4_+_140774152.23-P1	Padi4_P1	612	822	988	644	858	954	7074	945	1148	1441	1060
Pawr_+_108332154.23-P1P2	Pawr	916	751	888	725	970	975	7669	941	1208	1412	1437
Polg_-_79466126.23-P1P2	Polg	563	590	722	565	692	776	6044	635	918	1141	915
Rmdn1_-_19575376.23-P1P2	Rmdn1	380	409	412	435	370	395	3303	413	532	563	349
Ppp3cb_-_20546536.23-P1P2	Ppp3cb	859	878	973	955	1085	1234	8901	1119	1342	1770	1452
Lamc2_+_153186350.23-P1P2	Lamc2	393	505	428	434	461	557	3821	481	643	802	632
Capn2_-_182517402.23-P1P2	Capn2	634	742	685	814	721	779	5836	729	920	1353	1120
non-targeting_02937	non-targeting	808	767	1040	964	970	1097	7887	1105	1289	1641	1344
Shh_-_28467016.23-P1P2	Shh	561	515	645	558	552	658	5320	602	804	884	745
Cd44_-_102901399.23-P1P2	Cd44	346	299	372	280	361	392	2733	430	427	509	371
Ntf5_-_45413758.23-P1P2	Ntf5	596	514	678	660	703	704	5741	808	1124	1054	884
Mpg_-_32226571.23-P1P2	Mpg	837	697	897	657	892	910	6353	904	1009	1446	1052
Nes_+_87971178.23-P1P2	Nes	867	764	953	854	1015	1067	8090	1071	1206	1665	1453
H2-M9_+_36642601.23-P1P2	H2-M9	820	648	915	786	836	990	6935	922	1177	1401	820
Dctn4_+_60526225.23-P1P2	Dctn4	1013	1061	1324	949	1127	1283	9691	1157	1337	1883	1135
Capn1_-_6015532.23-P1P2	Capn1	911	1015	1185	923	1173	1434	9653	1317	1776	2021	1485
Kcnh8_-_52602781.23-P1P2	Kcnh8	407	506	677	573	663	677	5632	741	816	1060	762
Tmem119_+_113800348.23-P1P2	Tmem119	795	904	740	938	1080	1330	8715	1111	1381	1622	924
Sgk1_+_21994695.23-P1P2	Sgk1	758	601	828	700	726	771	6706	896	1002	1415	997
Ostm1_-_42678952.23-P1P2	Ostm1	846	957	1157	1032	810	913	5961	848	430	696	550
Acsbg1_+_54661686.23-P1P2	Acsbg1	516	359	432	487	530	547	4472	449	805	814	663
Sqstm1_+_50202952.23-P2	Sqstm1_P2	572	582	728	628	797	955	6750	749	1083	1269	1003
Kcnh4_+_100759736.23-P1P2	Kcnh4	811	767	867	815	963	1230	8341	1057	1252	1424	1385
Kcnma1_+_23803243.23-ENSMUST00000172099.2,ENSMUST00000074983.6	Kcnma1	363	457	478	381	447	459	3592	415	660	831	590
Pink1_-_138326265.23-P1P2	Pink1	738	712	635	779	799	980	6594	924	1096	1418	847
Sema6b_+_56140344.23-P1	Sema6b_P1	465	393	593	496	482	470	3916	559	826	954	521
Cisd2_-_135423417.23-P1P2	Cisd2	819	668	887	706	780	910	6790	797	1101	1462	1031
Vcp_-_43000462.23-P1P2	Vcp	988	965	1078	971	961	1347	8664	1072	1440	1736	1403
Dnajb1_+_83608277.23-P1P2	Dnajb1	752	827	889	837	855	1039	7244	910	1087	1528	933
Psma3_+_70974882.23-P1P2	Psma3	699	539	632	616	747	787	5410	737	791	1092	805
Comt_+_18426288.23-P1P2	Comt	621	940	1066	797	1001	1116	7865	1040	1285	1368	1156
Tnfrsf21_-_43016618.23-P1P2	Tnfrsf21	607	548	886	553	659	785	5866	802	871	1375	1089
Kif1a_+_93101804.23-P1P2	Kif1a	1148	941	1229	1011	1218	1384	10473	1340	1532	2051	1155
Aplp1_+_30445482.23-P1P2	Aplp1	760	745	936	752	774	895	6815	730	778	1287	855
Dpysl2_+_66868642.23-P1P2	Dpysl2	641	535	705	637	748	838	6117	757	1142	1203	786
Nr4a2_-_57114907.23-P1	Nr4a2_P1	481	525	552	446	607	644	4880	574	726	1078	731
Sdha_+_74350194.23-P1P2	Sdha	642	610	723	560	762	788	6494	764	944	1232	989
non-targeting_03693	non-targeting	1229	1337	1495	1347	1518	1519	11831	1532	2242	2362	1635
Stub1_+_25832888.23-P1P2	Stub1	731	578	811	691	812	836	6479	802	1017	1260	1018
Fas_-_34290722.23-P1P2	Fas	600	561	717	614	601	792	5777	641	803	1279	834
Ddah1_-_145758736.23-P1P2	Ddah1	624	622	806	752	913	872	7393	958	876	1159	1083
Tmx2_-_84678447.23-P1P2	Tmx2	880	762	1103	799	1011	960	7701	1042	1110	1412	1245
Slc33a1_+_63964529.23-P1P2	Slc33a1	525	504	548	616	657	782	5811	786	962	1081	735
Ap4b1_-_103809644.23-P1P2	Ap4b1	644	570	850	707	788	920	6794	858	976	1420	1085
Stmn1_+_134468379.23-P1	Stmn1_P1	430	376	508	359	449	506	4200	517	750	806	623
Taf1_+_101532873.23-P1P2	Taf1	447	454	526	525	504	523	4321	488	536	698	436
Fgf14_-_124192993.23-ENSMUST00000026631.5	Fgf14	923	829	1070	911	907	1012	7510	945	1411	1521	1074
Sort1_-_108284121.23-P1P2	Sort1	1050	1092	1148	1064	1197	1258	9835	1225	1391	2049	1608
Entpd1_+_40660068.23-P1P2	Entpd1	509	486	518	547	578	473	4610	532	713	890	706
Wars2_+_99141297.23-P1P2	Wars2	848	736	898	717	949	996	7803	935	1137	1611	1236
Chat_+_32460870.23-P1	Chat_P1	708	490	681	757	716	870	6246	649	1035	1238	805
Gsk3b_+_38089539.23-P1P2	Gsk3b	488	557	600	438	511	590	4096	450	704	866	541
Decr1_-_15945306.23-P1P2	Decr1	1009	790	975	842	1051	1122	8102	1136	1053	1721	1038
Trem2_-_48346829.23-P1P2	Trem2	654	717	902	833	832	1017	6920	844	961	1322	856
Timp3_+_86300632.23-P1P2	Timp3	936	834	1203	1186	1226	1360	10234	1066	1690	2317	1335
Zfp74_+_29954023.23-P1P2	Zfp74	585	721	694	622	742	748	5584	647	824	1220	846
1600014C10Rik_+_38183929.23-P1P2	1600014C10Rik	433	402	482	441	533	544	4148	473	803	829	444
Mtmr2_+_13749261.23-P1P2	Mtmr2	645	753	824	596	703	930	5977	741	816	993	966
Xrcc1_+_24547328.23-P1P2	Xrcc1	558	741	625	530	714	809	6061	744	1077	1367	928
Tubb5_-_35838232.23-P1P2	Tubb5	856	921	1130	880	1055	1127	9155	1132	1505	1716	1340
Mars2_+_55237298.23-P1P2	Mars2	654	643	807	717	815	835	6699	860	901	1216	848
Aqp4_+_15403598.23-P1P2	Aqp4	753	678	632	735	684	712	5817	679	989	1262	953
Aldh18a1_+_40588364.23-P1P2	Aldh18a1	504	465	688	584	610	577	5159	569	777	1113	921
Pld3_+_27542737.23-P1	Pld3_P1	653	820	765	762	941	962	7599	992	1198	1166	906
Mapk1_+_16983401.23-P1P2	Mapk1	469	556	620	447	568	683	5061	604	748	1067	712
Ager_+_34598064.23-P1P2	Ager	809	829	1112	921	1064	1193	8348	1003	1420	1753	1295
Dctn2_+_127266384.23-P1P2	Dctn2	388	392	480	433	493	542	3926	533	619	825	586
Plcb1_-_134786242.23-P1P2	Plcb1	403	433	509	382	453	549	3765	476	705	731	549
Clcn6_+_148038773.23-P1P2	Clcn6	295	398	400	373	412	513	3420	438	640	772	463
Mtdh_+_34082719.23-P1P2	Mtdh	790	798	927	758	743	1009	7221	849	1215	1393	997
Gnb4_-_32616523.23-P1P2	Gnb4	662	759	777	809	829	1015	7147	844	1395	1218	797
Hpx_+_105600071.23-P1P2	Hpx	722	674	833	669	825	903	7042	881	919	1508	987
Cyp2d9_-_82452861.23-P1P2	Cyp2d9	1131	873	1081	1206	1279	1394	10365	1283	2007	2127	1599
Ctsb_+_63122695.23-P1P2	Ctsb	559	408	803	721	719	859	6444	731	847	1176	927
Psmc1_-_100110193.23-P1P2	Psmc1	737	689	769	811	713	821	6182	694	1007	1460	792
Syne1_+_5550563.23-ENSMUST00000041639.5	Syne1	795	793	911	644	771	952	6515	1008	1096	1217	1046
Bag6_+_35135253.23-P1P2	Bag6	578	630	782	615	704	843	5932	679	966	1157	877
Fzd4_-_89404404.23-P1P2	Fzd4	817	677	867	814	825	1032	7520	873	1133	1595	926
Supt3_+_44777321.23-P1P2	Supt3	650	532	733	682	651	647	5917	816	1125	1323	898
Sugp1_+_70043107.23-P1P2	Sugp1	1023	896	861	991	980	1167	8422	1071	1430	1773	1262
Il17a_-_20730972.23-P1P2	Il17a	973	852	1180	833	1182	1164	9245	1173	1603	1847	1055
Trem2_-_48346611.23-P1P2	Trem2	743	854	1026	899	983	1064	7624	1031	1574	1642	1050
Ndufs2_+_171247081.23-P1	Ndufs2_P1	768	759	862	833	842	938	7035	918	1056	1379	1056
Trim2_-_84259725.23-P2	Trim2_P2	707	671	751	717	774	844	6788	853	1124	1398	881
non-targeting_02828	non-targeting	411	427	436	423	497	546	4004	524	723	797	612
Ttpa_-_20008470.23-P1P2	Ttpa	796	899	1352	864	1034	1108	8475	1129	1264	1670	1152
Tnfrsf1b_-_145246790.23-P1P2	Tnfrsf1b	743	736	706	760	851	985	6644	928	1115	1217	914
Gba_+_89202920.23-P1P2	Gba	470	570	593	407	559	586	4415	583	690	983	838
Crebbp_+_4213706.23-P1P2	Crebbp	857	635	984	875	897	1047	7546	931	1391	1722	1077
Slc1a3_-_8710195.23-P1P2	Slc1a3	413	448	571	555	479	465	4048	553	652	917	639
Slc25a38_-_120110619.23-P1	Slc25a38_P1	890	831	1090	930	1061	1147	8428	1039	1228	1742	1471
Folr1_-_101870560.23-P1	Folr1_P1	637	666	797	719	824	888	6876	840	1008	1356	927
Adcyap1_+_93199175.23-P1P2	Adcyap1	583	704	742	574	810	919	6489	899	1006	1132	868
Cyp2u1_+_131303129.23-P1P2	Cyp2u1	490	493	674	581	621	817	5360	626	922	1000	703
Il6_-_30013425.23-P1P2	Il6	447	405	418	366	510	536	4374	556	760	1008	512
Folr1_+_101863901.23-P2	Folr1_P2	795	918	858	992	982	1166	9083	1081	1530	1621	1464
Ppp3r1_+_17159384.23-P1P2	Ppp3r1	529	551	918	539	550	757	5728	710	1004	1024	789
Dpp6_-_27261954.23-P1	Dpp6_P1	932	897	1300	1021	1129	1214	8938	1271	1623	1821	1167
Phpt1_+_25574634.23-P1P2	Phpt1	811	1070	1018	963	968	1167	8038	1043	1255	1773	1047
Stx1a_-_135041244.23-P2	Stx1a_P2	505	645	691	633	579	792	5114	503	982	1084	739
Cln5_+_103070323.23-P1P2	Cln5	489	525	658	687	708	778	5737	711	987	1079	808
Gba2_+_43578807.23-P1P2	Gba2	851	771	683	824	783	983	7220	830	1037	1314	1008
Rmdn3_-_119156739.23-P1P2	Rmdn3	446	488	608	493	663	702	5159	553	760	931	479
Dnajb2_+_75236660.23-P1P2	Dnajb2	378	272	468	311	433	485	3433	490	568	653	449
Kcna1_+_126645762.23-P1P2	Kcna1	636	763	636	743	738	835	5599	821	1219	1400	913
Mnat1_-_73123781.23-P1P2	Mnat1	609	708	582	630	684	895	5994	715	946	1068	865
Slc25a46_-_31609839.23-P1P2	Slc25a46	1004	806	1007	749	1022	1148	8077	1130	1138	1798	1163
Psmb7_+_38643895.23-P1P2	Psmb7	517	336	553	481	659	562	5128	679	810	981	823
Kcne3_-_100176783.23-P2	Kcne3_P2	1166	1161	1382	1135	1252	1524	11737	1429	1971	2107	1848
Hmbs_+_44342226.23-P1	Hmbs_P1	494	491	745	460	505	601	4676	570	779	1070	788
Iba57_-_59163713.23-P1P2	Iba57	574	405	517	509	569	606	4548	554	787	958	613
Dkk1_-_30549459.23-P1P2	Dkk1	786	584	744	793	761	818	6509	897	1217	1433	942
Npc1_-_12236345.23-P1P2	Npc1	674	649	831	713	876	953	6988	771	1037	1398	946
Serpina3i_-_104263171.23-P1P2	Serpina3i	382	411	597	578	561	695	4482	615	642	910	641
Ntrk2_+_58807874.23-P1P2	Ntrk2	647	530	613	588	667	668	4646	642	775	1212	694
Inpp4a_-_37299920.23-P1P2	Inpp4a	634	797	890	725	707	891	6845	871	1044	1364	1183
Phex_-_157415216.23-P1P2	Phex	469	399	587	554	516	697	4903	591	825	1003	783
Actr1b_-_36709930.23-P1P2	Actr1b	701	732	737	737	766	913	6665	932	1039	1347	966
Acbd5_-_23069131.23-P1P2	Acbd5	670	503	648	726	618	698	5617	703	851	1261	805
Slc6a4_+_76998801.23-P2	Slc6a4_P2	690	782	834	777	977	1025	7690	981	1372	1351	1002
Thy1_-_44043452.23-P1P2	Thy1	583	603	716	679	538	766	5314	832	1016	1281	829
non-targeting_03856	non-targeting	776	892	922	889	1045	1119	7852	1108	1291	1603	1274
Pvalb_-_78206175.23-P1	Pvalb_P1	678	830	867	785	874	1118	8006	929	1345	1769	1090
Spg11_-_122118298.23-P1P2	Spg11	378	425	571	488	583	683	4545	547	791	918	688
Synm_+_67759723.23-P1P2	Synm	957	1020	1129	947	1072	1195	8789	977	1378	1898	1428
Pak1_+_97842956.23-P1P2	Pak1	869	743	830	824	1004	994	7817	1014	1117	1589	1238
Sbf2_+_110614887.23-P1P2	Sbf2	886	873	884	864	1031	1166	8365	1033	1303	1927	1323
Dock2_+_34783769.23-P1P2	Dock2	876	684	675	799	674	886	6955	824	1117	1307	1046
Ar_-_98149676.23-P1P2	Ar	827	729	844	837	980	1036	7234	910	1048	1551	1246
Ambra1_-_91730206.23-P1P2	Ambra1	752	627	971	763	740	849	6450	729	998	1568	1044
Rgs10_-_128418146.23-P1P2	Rgs10	378	252	357	373	312	429	3449	435	521	604	386
Klc1_-_111758950.23-P1P2	Klc1	461	438	451	375	421	483	3783	479	589	809	539
Tomm40_-_19715172.23-P1P2	Tomm40	410	467	595	587	540	615	4975	683	542	797	617
Homer1_+_93304169.23-P1P2	Homer1	632	672	684	724	743	877	6173	726	985	1283	861
Il2_-_37125972.23-P1P2	Il2	646	520	793	507	702	723	5768	806	819	1167	546
Calb2_+_110168162.23-P1P2	Calb2	506	623	641	651	594	666	4947	623	922	943	592
Atrip_+_109074090.23-P1P2	Atrip	423	495	610	523	495	570	4086	557	798	920	893
Wnt8b_+_44493529.23-P1P2	Wnt8b	478	355	519	516	492	443	4002	552	612	639	587
Oxr1_+_41447343.23-ENSMUST00000110297.2,ENSMUST00000090096.4	Oxr1	894	918	1026	864	956	930	7345	1025	1364	1623	1099
Atp5o_-_91931494.23-P1P2	Atp5o	703	557	937	634	771	773	5958	895	1088	1221	946
Tmem175_-_108629900.23-P1P2	Tmem175	406	595	647	553	512	612	4605	489	718	868	834
Tubb6_-_67390935.23-P1P2	Tubb6	898	922	1084	974	1077	1157	9411	1148	1505	1934	1408
Cyp2d11_+_82393535.23-ENSMUST00000170255.1	Cyp2d11	326	321	447	376	427	583	3935	442	857	797	636
Pick1_-_79229473.23-P1P2	Pick1	442	360	361	380	446	504	3366	494	598	728	485
Zfp74_-_29954028.23-P1P2	Zfp74	348	388	295	365	389	458	3340	433	463	551	376
Vamp1_+_125215639.23-P1	Vamp1_P1	628	667	863	733	797	795	6437	817	1069	1340	1020
Tgm6_+_130123330.23-P1P2	Tgm6	795	779	826	757	924	1070	8070	891	1186	1509	1086
Ppp3r2_-_49681979.23-P1P2	Ppp3r2	824	853	774	939	840	1004	6895	892	979	1431	1025
Dvl3_-_20517067.23-P1P2	Dvl3	609	625	743	729	704	768	5710	729	944	1279	932
Zfp46_+_136284733.23-P1	Zfp46_P1	244	273	186	266	292	208	2275	255	468	435	407
Gdap2_+_100162547.23-P1P2	Gdap2	875	838	928	860	920	1100	8295	1150	1441	1782	1240
Ttbk2_+_120850345.23-P1P2	Ttbk2	911	672	924	834	1005	1030	7084	896	1286	1417	1205
Prickle2_-_92706146.23-P1	Prickle2_P1	1040	1090	1125	1099	1111	1232	9849	1360	1243	1757	1183
Nkx6-2_-_139582764.23-P1P2	Nkx6-2	535	731	665	720	770	881	6863	866	1315	1287	1111
Mcoln1_-_3500509.23-P1P2	Mcoln1	824	791	761	861	934	984	7462	917	1197	1413	1151
Ndufv3_-_31520238.23-P1P2	Ndufv3	608	575	639	574	618	760	5583	708	746	955	798
Lyst_-_13590461.23-P1P2	Lyst	708	776	840	704	930	936	6688	844	1128	1187	1203
Wnt6_+_74771974.23-P1P2	Wnt6	416	462	603	423	513	627	3899	519	541	639	582
Sds_+_120476593.23-P1P2	Sds	560	612	647	577	588	783	5518	712	798	979	839
Serpina3k_+_104338781.23-P1P2	Serpina3k	542	619	650	539	567	631	5290	599	1149	968	800
Slc25a38_-_120114994.23-P2	Slc25a38_P2	604	608	656	623	624	772	5460	721	1003	1160	744
Fgf2_+_37348376.23-ENSMUST00000138563.2	Fgf2	267	269	322	237	313	377	2530	357	513	706	465
Txn2_+_77928950.23-P1	Txn2_P1	498	505	647	519	576	677	5098	564	917	999	856
Vdac1_-_52361156.23-P1P2	Vdac1	518	598	577	567	623	754	4960	573	674	1015	682
Slc12a1_-_125152715.23-P1P2	Slc12a1	633	616	741	722	695	801	6382	775	1031	1287	849
Pitrm1_-_6548217.23-P1P2	Pitrm1	705	908	1055	846	1100	1047	8172	952	1309	1730	1141
Cp_-_19957276.23-P1P2	Cp	462	454	645	491	597	708	4427	500	692	826	525
Fgfr4_+_55152879.23-P1P2	Fgfr4	554	652	673	589	585	733	5712	720	672	1043	1001
2410137M14Rik_+_36981162.23-P1P2	2410137M14Rik	428	495	695	650	647	717	5627	664	810	1005	873
Reps1_-_18055613.23-P1P2	Reps1	663	671	909	663	801	849	6549	885	814	1194	917
Pdha1_+_160138306.23-P1P2	Pdha1	989	1160	1395	1171	1278	1388	10516	1290	1668	2062	1496
Ywhae_-_75733173.23-P1P2	Ywhae	216	132	306	170	236	249	2057	269	148	471	240
Tfpi2_-_3968363.23-P1P2	Tfpi2	1329	1255	1568	1512	1563	1735	12834	1493	2019	2620	1856
Pnpt1_+_29130792.23-P1P2	Pnpt1	572	585	602	586	566	636	4597	664	788	962	886
Reep2_-_34840686.23-P1P2	Reep2	678	751	761	738	809	940	7480	816	1312	1572	782
Tubal3_+_3924702.23-P1P2	Tubal3	841	720	899	818	927	1086	7475	1031	1144	1571	1065
Cdc27_-_104550495.23-P1P2	Cdc27	371	380	500	423	524	527	4219	558	569	811	550
Wnt2_-_18030383.23-P1P2	Wnt2	585	529	624	638	783	833	6405	839	1069	1219	944
2810006K23Rik_+_124328209.23-P1P2	2810006K23Rik	598	499	783	674	730	888	6164	767	1104	1325	767
Plb1_+_32247521.23-P1P2	Plb1	831	756	834	836	913	1140	7291	1048	1058	1411	1111
Ap4s1_+_51691234.23-P1P2	Ap4s1	1217	1130	1452	1387	1346	1446	11892	1390	1671	2047	1757
Aldh18a1_+_40588361.23-P1P2	Aldh18a1	818	686	645	722	702	920	6211	721	997	1245	1077
Ngf_-_102469995.23-P1P2	Ngf	526	683	700	530	742	894	5583	649	706	1120	868
Kynu_-_43555429.23-P1P2	Kynu	383	336	575	348	478	532	3999	486	780	942	585
Rho_-_115931983.23-P1P2	Rho	880	757	865	905	1076	1082	8603	1040	1324	1652	1224
Pik3r4_+_105643002.23-P1P2	Pik3r4	606	599	739	660	684	735	5411	612	489	652	527
Atg12_-_46741503.23-P1P2	Atg12	665	664	759	677	737	806	6123	925	776	1414	1074
Ndufa5_-_24527506.23-P1P2	Ndufa5	823	704	992	656	777	898	6833	910	1080	1283	998
Acbd5_-_23069144.23-P1P2	Acbd5	393	473	564	530	535	647	4420	538	633	1058	665
Pin1rt1_-_104716322.23-ENSMUST00000099659.2	Pin1rt1	905	955	1184	1035	1162	1346	9962	1095	1189	1791	1342
Tubb2b_-_34130143.23-P1P2	Tubb2b	635	727	827	679	877	928	7779	827	1041	1316	1310
Epm2a_+_11343497.23-P1P2	Epm2a	799	828	1044	695	912	1013	7663	1005	1261	1396	1375
Apc2_-_80301072.23-P1	Apc2_P1	538	454	659	504	578	707	4853	568	618	864	740
Camk2b_+_6065133.23-P1P2	Camk2b	475	382	545	455	542	604	4658	539	715	967	683
Klc3_+_19399873.23-P1	Klc3_P1	611	589	486	643	660	801	5744	753	1000	1002	841
Oard1_+_48410302.23-P1P2	Oard1	1049	1049	1115	974	1242	1456	10245	1348	1724	1818	1300
Slc1a1_-_28835153.23-P1P2	Slc1a1	1147	704	1129	859	1065	1250	8700	984	1297	1844	1383
Tubal3_-_3924771.23-P1P2	Tubal3	656	635	899	665	784	874	7175	852	1127	1417	1354
Slc18a2_-_59260959.23-P1P2	Slc18a2	954	792	1011	868	1161	1147	8817	1051	1253	1711	1049
Psmc3_-_91054294.23-P1P2	Psmc3	533	602	553	752	450	609	4348	539	640	728	461
Toe1_-_116807491.23-P1P2	Toe1	828	933	1101	880	966	1025	7785	1027	1058	1423	1242
Dicer1_+_104751870.23-P1P2	Dicer1	565	420	604	506	500	593	3888	543	755	878	571
Hdac9_-_34528814.23-P1P2	Hdac9	669	571	762	616	768	830	6983	820	1026	1152	954
Atp5o_+_91931387.23-P1P2	Atp5o	972	1081	1081	1149	1178	1275	9902	1121	1450	1996	1786
Stx1a_-_135023576.23-P1	Stx1a_P1	883	737	1102	896	995	1075	8233	1158	1119	1552	1243
Mapk12_+_89140657.23-P1P2	Mapk12	345	466	487	438	411	490	3726	464	649	742	470
Arl6ip1_+_118129497.23-P1P2	Arl6ip1	1157	1054	1084	1044	1177	1266	9241	1185	1513	1906	1197
H2-M10.5_+_36773381.23-ENSMUST00000041531.6	H2-M10.5	594	307	567	570	471	565	4180	475	600	829	880
Bcl10_+_145924366.23-P1P2	Bcl10	922	940	1241	1067	1141	1405	10187	1324	1504	2090	1637
Mapk13_+_28769367.23-P1P2	Mapk13	1033	977	1080	1154	1142	1332	9230	1043	1432	2132	1269
Sv2a_+_96181257.23-P1P2	Sv2a	417	571	653	597	650	644	4734	682	796	1032	909
Slc17a6_-_51622130.23-P1P2	Slc17a6	1126	1080	1254	1047	1204	1454	10314	1279	1741	2123	1466
Nos1_-_117841991.23-P1P2	Nos1	676	625	708	660	811	793	6098	808	968	1164	954
Mthfr_-_148039178.23-P1	Mthfr_P1	736	731	806	772	820	826	6592	798	1208	1560	1129
Atp2a2_-_122502157.23-P1P2	Atp2a2	739	797	856	799	796	902	7070	900	1022	1398	1089
Gabpa_+_84835407.23-P1P2	Gabpa	520	526	635	534	722	784	5384	637	837	926	624
Cox4i1_-_120668321.23-P1P2	Cox4i1	855	645	797	811	1020	1020	7552	964	1049	1468	818
Gpx1_+_108339087.23-P1P2	Gpx1	1155	1157	1206	945	1138	1128	9597	1072	1583	1781	1315
Slc44a1_+_53440484.23-P1P2	Slc44a1	736	798	804	773	888	1053	7215	939	972	1465	902
Tlr2_+_83841549.23-P1P2	Tlr2	685	535	872	626	774	929	6561	837	1058	1172	1163
Psmc6_-_45329837.23-P1P2	Psmc6	570	608	730	587	625	699	5337	646	849	1177	788
Aicda_-_122553904.23-P1P2	Aicda	826	707	770	792	946	907	6696	777	1148	1377	970
Tbcd_-_121452029.23-P1P2	Tbcd	829	813	963	715	645	631	5327	545	380	841	442
Icam1_+_21015969.23-P1P2	Icam1	626	608	876	676	752	865	7130	836	1133	1425	882
Bean1_+_104170616.23-P1P2	Bean1	292	475	431	522	597	625	4672	528	778	949	804
Elavl2_+_91376432.23-P1P2	Elavl2	399	544	484	528	556	663	4343	530	622	861	576
Jph3_+_121730162.23-P1P2	Jph3	576	518	670	669	664	725	5770	715	793	1122	669
Sh3tc2_-_61953119.23-P1P2	Sh3tc2	894	868	1153	713	1131	1319	8943	1107	1248	1952	1059
Plxna4_+_32588136.23-P1P2	Plxna4	731	717	916	686	756	888	6598	855	827	1122	950
Psen2_+_180255966.23-P1	Psen2_P1	746	903	922	918	1033	1161	8502	1027	1156	1674	1229
Tuba4a_+_75219406.23-P1P2	Tuba4a	577	738	835	759	749	816	6349	748	948	1314	1262
Ppt2_+_34627349.23-P1P2	Ppt2	895	801	944	938	964	1063	7765	949	1153	1401	1041
Cxcl10_-_92348840.23-P1P2	Cxcl10	665	687	989	714	901	904	7555	878	1216	1357	1059
Nox4_+_87246794.23-P1P2	Nox4	486	591	644	718	737	822	6160	693	938	1187	742
Uqcrfs1_-_30545248.23-P1P2	Uqcrfs1	548	753	861	538	804	878	7045	898	955	1191	1006
Aif1_-_35172555.23-P1P2	Aif1	606	614	673	626	583	772	5801	737	933	1127	759
Becn1_-_101302253.23-P1P2	Becn1	408	488	659	501	578	683	4561	645	607	847	950
Foxo1_-_52268444.23-P1P2	Foxo1	415	509	614	511	594	650	4442	617	606	879	679
Sh3tc2_+_61953065.23-P1P2	Sh3tc2	751	923	862	891	1000	1026	7600	971	1015	1587	1135
Ina_-_47014749.23-P1P2	Ina	914	893	1011	1076	1149	1138	8749	1080	1310	1800	1014
H2-T24_-_36020478.23-P1P2	H2-T24	839	878	948	886	1006	1039	8120	1129	1244	1406	1065
Tubb4b_-_25224452.23-P1P2	Tubb4b	711	770	790	842	965	921	7379	940	1270	1328	979
Ctsd_-_142387640.23-P1P2	Ctsd	607	622	676	589	708	799	5749	576	705	837	518
Ndufb6_+_40279328.23-P1P2	Ndufb6	449	485	719	348	531	664	4604	507	660	913	601
Cox7b2_-_71548186.23-P1P2	Cox7b2	519	490	742	754	751	895	6149	770	774	1135	815
Trpm7_+_126876217.23-P1P2	Trpm7	849	692	949	769	939	940	7430	991	1061	1171	1068
C9_+_6445373.23-P1P2	C9	580	573	616	491	584	752	5339	673	873	1194	568
Txn1_+_57956276.23-P1P2	Txn1	196	252	346	296	391	368	3016	321	448	548	405
Pik3r4_+_105643062.23-P1P2	Pik3r4	624	670	883	703	805	962	6490	850	837	1249	1081
Ptn_-_36810114.23-P1P2	Ptn	770	687	836	675	752	938	6318	754	1341	1186	928
Rtn4_-_29693005.23-P1P2	Rtn4	312	338	307	361	381	441	3116	363	597	751	582
Reep1_-_71707884.23-P1P2	Reep1	603	571	531	609	693	732	5724	687	810	1203	739
Sepsecs_-_52669692.23-P1P2	Sepsecs	447	410	696	460	373	472	3748	422	331	446	138
Plekhg5_+_152086939.23-P1P2	Plekhg5	695	793	884	853	904	1024	7406	978	1089	1715	1129
Fgf1_-_38918616.23-P1P2	Fgf1	424	456	502	514	530	598	4914	576	817	776	728
Vps13a_-_16780868.23-P1P2	Vps13a	872	829	921	809	969	1037	7723	901	1182	1434	1085
Txndc5_-_38528746.23-P1P2	Txndc5	498	589	655	479	659	763	5143	657	909	1129	708
Emc1_-_139352704.23-P1P2	Emc1	699	684	935	794	930	1064	7525	984	1419	1399	1190
Akt1_+_112674172.23-P1P2	Akt1	1084	1252	1282	987	1195	1257	9798	1316	1557	2120	1460
Kitl_-_100015889.23-P1P2	Kitl	619	518	752	699	799	755	6434	736	1290	1303	924
Cox5b_+_36691549.23-P1P2	Cox5b	846	855	904	916	941	1126	8357	1031	1163	1683	1553
Vcam1_-_116129418.23-P1P2	Vcam1	466	540	666	538	529	703	4644	575	779	1142	719
Syt14_+_193035631.23-P1P2	Syt14	962	687	988	799	1058	1086	8034	917	1375	1635	1261
Cetn1_+_9619448.23-P1P2	Cetn1	489	538	727	698	707	741	5737	704	731	1088	836
Ighmbp2_-_3282775.23-P1P2	Ighmbp2	415	456	714	490	601	668	4595	610	634	968	729
Timm8a1_-_134541803.23-P1P2	Timm8a1	391	530	608	575	564	584	4546	647	606	893	666
Slc11a2_-_100423018.23-P1	Slc11a2_P1	718	792	867	871	859	971	6730	699	1114	1511	1123
Pnp2_-_50956186.23-P1P2	Pnp2	341	387	485	330	450	454	3788	492	478	789	627
Tardbp_+_148626750.23-P1P2	Tardbp	1033	992	1183	1100	1137	1325	9487	1153	1411	2048	1355
Atp5a1_+_77774087.23-P1P2	Atp5a1	882	816	1030	672	893	989	7863	900	1051	1362	1251
Mapt_+_104231529.23-P1P2	Mapt	449	489	731	542	556	563	4696	531	694	998	782
Casp6_-_129901502.23-P1P2	Casp6	608	470	660	564	731	700	5718	679	963	1053	959
Pitrm1_-_6548246.23-P1P2	Pitrm1	825	771	1020	812	1015	1103	8637	1114	1367	1970	1207
Cycs_+_50566535.23-P1P2	Cycs	582	499	638	604	695	713	5654	750	702	1117	838
Uchl1_-_66676322.23-P1P2	Uchl1	879	906	1027	881	1115	1214	9066	1137	1222	1806	1347
Clp1_+_84727216.23-P1P2	Clp1	561	381	591	422	459	560	4214	541	628	781	561
Atrip_+_109074051.23-P1P2	Atrip	829	847	945	835	936	971	8249	959	1435	1649	1383
Serpina3n_-_104406776.23-P1P2	Serpina3n	485	525	598	677	565	742	5216	667	912	952	728
Lrsam1_+_32961582.23-P1P2	Lrsam1	637	675	938	649	840	877	6280	808	703	1450	1069
Rims2_+_39198200.23-ENSMUST00000082054.5,ENSMUST00000042917.9	Rims2	708	576	739	703	716	862	6329	666	1024	928	962
Calb1_-_15881277.23-P1P2	Calb1	522	434	594	328	471	514	3648	541	529	879	524
Rnf170_-_26119691.23-P1P2	Rnf170	643	550	648	539	694	614	5316	670	882	1123	802
Hdac6_+_7947778.23-P1P2	Hdac6	637	854	710	847	967	1064	7106	1058	1392	1290	898
Atf6_-_170867691.23-P1P2	Atf6	778	506	648	587	746	849	5780	654	1146	1130	888
Npy_+_49822771.23-P1P2	Npy	719	670	844	861	957	1004	7470	964	998	1356	1184
Exosc8_+_54734999.23-P1P2	Exosc8	304	494	425	495	468	535	4071	512	692	799	880
Hace1_+_45577892.23-P1P2	Hace1	749	773	848	903	908	947	7461	992	932	1278	1142
Lrp6_+_134566957.23-P1P2	Lrp6	806	830	1006	970	1054	1177	8370	938	1250	1905	1215
Syt14_-_193035680.23-P1P2	Syt14	791	858	888	872	892	915	7593	998	1332	1394	1334
Uba5_-_104063094.23-P1P2	Uba5	663	605	789	639	724	828	5626	725	312	614	416
Rmdn1_+_19575249.23-P1P2	Rmdn1	493	499	664	512	550	656	4642	492	794	888	630
Rb1_-_73325779.23-P1P2	Rb1	429	337	526	511	459	651	4405	508	723	852	688
Kpna3_-_61439779.23-P1P2	Kpna3	704	626	701	527	702	724	6130	775	943	1221	972
Apcs_-_172894930.23-P1P2	Apcs	562	510	654	596	651	718	6074	698	809	1033	815
Parp1_-_180569260.23-P1P2	Parp1	349	366	363	356	394	424	3723	458	549	968	663
Atg14_+_47568376.23-P1P2	Atg14	713	742	1034	949	933	1001	7276	913	1319	1573	1585
Msc_-_14755921.23-P1P2	Msc	767	925	992	1019	990	1248	8386	1024	1028	1855	1476
Kynu_-_43555398.23-P1P2	Kynu	749	921	1010	913	996	1059	8060	894	1146	1610	1213
Hpgds_-_65144632.23-P1P2	Hpgds	519	509	630	586	502	646	5021	602	933	988	833
Xbp1_-_5521033.23-P1P2	Xbp1	742	802	891	855	925	1029	7287	965	1168	1525	1068
Slc17a7_-_45163983.23-P1P2	Slc17a7	703	683	723	630	695	830	6065	847	966	1152	924
Rab8a_+_72161368.23-P1P2	Rab8a	287	308	291	271	332	338	2494	314	399	457	283
Tmx2_-_84677841.23-P1P2	Tmx2	600	486	604	563	612	763	5538	770	954	995	817
Lmx1b_+_33640799.23-P1P2	Lmx1b	576	762	704	980	904	913	7167	921	1196	1520	1183
Ahsg_+_22892112.23-P1P2	Ahsg	932	935	1080	951	1047	1099	8960	1136	1573	1949	1538
Grin2d_-_45870888.23-P2	Grin2d_P2	900	916	1152	1009	957	1008	8345	1013	1300	1596	1185
Slc7a6os_+_106210874.23-P1P2	Slc7a6os	670	688	839	743	902	987	7564	1065	1215	1380	1164
Uqcrfs1_+_30545264.23-P1P2	Uqcrfs1	846	941	1121	941	1146	1101	8714	1188	1493	1679	1477
Slc17a5_+_78587961.23-P1P2	Slc17a5	758	611	957	784	825	941	7110	926	1083	1503	924
Ccnf_+_24251329.23-P1P2	Ccnf	745	762	944	829	991	1119	7809	1143	1188	1669	1338
Syn1_+_20920896.23-P1P2	Syn1	611	487	712	565	603	694	5194	611	619	1077	798
Atxn7_-_14012754.23-P1P2	Atxn7	756	857	1015	850	833	1044	7888	1028	1047	1518	1315
Il15_-_82403136.23-P1P2	Il15	505	492	624	560	575	706	5627	631	903	1027	892
Scyl1_+_5771341.23-P1P2	Scyl1	706	614	666	564	772	777	5779	798	962	1068	687
Cyp7b1_-_18243276.23-P1P2	Cyp7b1	550	455	608	544	570	630	4628	542	610	952	808
Gabarapl1_+_129533223.23-P1P2	Gabarapl1	621	504	532	379	573	577	4831	546	819	1045	649
Eif4g1_+_20673027.23-P1P2	Eif4g1	1091	1133	1308	1243	1202	1475	10671	1377	1728	2241	1557
Tfrc_-_32609026.23-P1P2	Tfrc	716	525	740	613	653	716	5864	703	680	1177	928
Rbfox3_-_118909511.23-P1P2	Rbfox3	959	846	1033	905	1244	1407	12778	1384	1722	2563	1373
Slc25a46_+_31609882.23-P1P2	Slc25a46	844	701	620	638	704	898	7163	825	1161	1377	1038
Cyp2d22_-_82380107.23-P1P2	Cyp2d22	296	388	388	343	368	474	3647	381	583	645	486
Tjp1_+_65371254.23-P1P2	Tjp1	731	734	790	744	853	1084	7473	728	933	1470	782
Dnajc5_+_181520563.23-P1P2	Dnajc5	528	412	781	618	543	648	4668	491	1027	895	810
H2-T24_+_36020536.23-P1P2	H2-T24	459	573	578	550	639	581	4922	630	778	991	906
Atxn1_-_45964914.23-P1P2	Atxn1	537	491	772	528	686	653	5322	642	1128	1118	1000
Ascc1_+_60002881.23-P1P2	Ascc1	411	528	506	506	475	645	4639	557	618	820	700
Pmpca_-_26389412.23-P1P2	Pmpca	882	958	857	782	808	851	6674	654	257	541	322
Zbtb20_-_43621351.23-P1P2	Zbtb20	331	311	422	411	352	350	3165	422	496	625	715
Letm1_-_33782663.23-P1P2	Letm1	960	1055	1187	1130	1372	1435	10399	1394	986	1497	692
Tor1a_-_30967734.23-P1P2	Tor1a	912	837	922	785	937	1068	7863	1036	1232	1612	1277
Gemin4_+_76217521.23-P1	Gemin4_P1	730	665	747	654	696	739	5825	712	974	1065	1012
Tuba1b_+_98934446.23-P1P2	Tuba1b	605	395	549	473	601	744	5028	673	852	903	709
Wnt9b_-_103749730.23-P1P2	Wnt9b	762	809	888	778	932	930	7326	877	1030	1308	926
Eif2b1_+_124579002.23-P1P2	Eif2b1	467	403	578	482	447	520	3622	536	602	941	669
Scarb1_+_125340997.23-P1P2	Scarb1	673	521	654	609	732	689	5880	543	901	1218	738
Nhlrc2_-_56548688.23-P1P2	Nhlrc2	595	549	810	599	689	766	6364	788	970	1178	974
Alb_+_90460906.23-P1P2	Alb	648	775	795	780	839	929	6739	849	1418	1423	720
Zfp74_-_29954002.23-P1P2	Zfp74	731	669	779	670	820	885	6338	785	842	1308	812
Blzf1_+_164307243.23-P1P2	Blzf1	370	275	389	292	421	426	3113	447	512	517	484
Itm2b_-_73385268.23-P1	Itm2b_P1	596	648	579	528	576	691	5224	637	807	993	795
Fgf13_-_59134563.23-P1P2	Fgf13	1059	921	1188	896	1186	1310	9560	1220	1561	1851	1785
Abcb1a_-_8660105.23-P1P2	Abcb1a	202	286	344	307	334	357	2513	345	291	560	407
Lrrk2_-_91673319.23-P1P2	Lrrk2	417	367	485	421	513	411	3815	385	566	770	570
Slc1a1_+_28835170.23-P1P2	Slc1a1	663	788	921	874	813	965	6939	730	1205	1393	1170
Hgf_+_16553951.23-P1P2	Hgf	923	768	957	1019	849	1017	7839	983	960	1503	1278
Snap25_-_136713505.23-P1P2	Snap25	377	338	371	390	340	365	3117	404	606	620	328
Kif5c_+_49619639.23-P1P2	Kif5c	537	619	612	499	696	628	4935	677	783	1075	839
Exosc3_+_45320310.23-P1P2	Exosc3	695	579	669	607	602	743	5660	643	642	893	633
Scarb2_+_92505462.23-P1P2	Scarb2	1289	1317	1208	1368	1435	1563	11276	1516	1890	1965	1705
Ostm1_+_42678972.23-P1P2	Ostm1	697	755	790	812	829	902	6698	785	1112	1293	925
Tuba4a_-_75219176.23-P1P2	Tuba4a	1056	987	1311	1117	1337	1328	10169	1220	1445	2156	1477
Mthfr_+_148041180.23-P2	Mthfr_P2	735	648	650	704	661	699	6002	632	933	1208	647
Nipa1_-_56019509.23-P1P2	Nipa1	566	638	689	654	605	715	5180	703	770	1138	891
Uba7_+_107975642.23-P1	Uba7_P1	752	612	750	526	627	724	5201	661	919	1115	945
Ndufc1_-_51408844.23-P1P2	Ndufc1	722	731	927	786	779	1072	7398	803	1267	1356	1288
Bcl2_-_106714220.23-P1P2	Bcl2	997	869	1121	878	1093	1285	8975	1271	1398	1640	1172
Atp2a1_+_126463050.23-P1P2	Atp2a1	347	449	432	396	380	425	3703	376	687	760	621
Uqcrc1_-_108936707.23-P1P2	Uqcrc1	500	451	505	422	549	618	4481	605	825	858	742
Itgam_-_128062781.23-P1P2	Itgam	784	785	807	736	898	1083	7596	999	1319	1540	1263
Rmdn3_-_119156935.23-P1P2	Rmdn3	498	570	635	586	635	645	5161	639	1077	1199	773
Klc3_+_19404081.23-P2	Klc3_P2	731	656	764	727	818	820	6807	876	1263	1480	963
Farsb_-_78488789.23-P1P2	Farsb	538	492	627	655	649	634	5075	644	659	912	840
Med25_+_44892353.23-P1P2	Med25	787	781	861	703	810	895	6086	701	875	1279	1026
Dnah12_+_26771021.23-ENSMUST00000073309.4	Dnah12	734	700	876	842	784	929	7340	871	1292	1400	1129
Chp1_+_119547792.23-P1P2	Chp1	258	387	503	359	357	340	3296	383	573	659	488
Tgm2_-_158146348.23-P1P2	Tgm2	765	684	878	652	802	942	6902	854	1155	1319	877
Pawr_+_108332129.23-P1P2	Pawr	645	557	726	678	800	836	6313	830	1124	1172	1013
Bad_+_6941964.23-P1P2	Bad	762	634	1042	884	927	1118	7619	874	1129	1525	1145
Rab11a_-_64737681.23-P1P2	Rab11a	613	499	651	554	649	695	4766	507	960	1079	903
Mfn2_+_147904622.23-P1P2	Mfn2	672	491	755	699	734	764	5809	769	902	1190	945
Ezh2_+_47594973.23-P1P2	Ezh2	769	719	844	729	795	884	6376	594	1188	1440	1112
Pgp_-_24470502.23-P1P2	Pgp	727	801	925	698	877	886	6983	1013	1231	1534	1003
Rac1_-_143527947.23-P1P2	Rac1	917	703	785	775	838	1002	7004	871	1024	1260	1060
Ids_+_70364870.23-P1P2	Ids	604	553	670	669	721	770	6014	752	1090	1270	768
Oxr1_-_41449136.23-ENSMUST00000179393.1	Oxr1	622	624	847	515	673	700	5525	644	861	1254	928
Psmd13_+_140882483.23-P1P2	Psmd13	574	527	670	625	626	673	4913	707	811	1034	721
Glp1r_+_30901856.23-P1P2	Glp1r	556	661	740	672	740	738	5910	677	704	1161	769
Matr3_-_35562259.23-P1P2	Matr3	926	727	1129	853	933	938	8044	1046	1370	1343	1396
Ddhd2_-_25754372.23-P1P2	Ddhd2	434	431	394	478	542	494	4052	527	638	653	566
Slc44a1_+_53440510.23-P1P2	Slc44a1	471	646	741	532	703	720	5984	783	891	1062	862
Sncaip_+_52768389.23-P1P2	Sncaip	641	590	676	711	745	962	6090	795	1132	1107	923
Psmd6_-_14120896.23-P1P2	Psmd6	438	647	634	623	672	678	4552	578	686	913	604
Tnf_+_35201772.23-P1P2	Tnf	497	555	675	686	675	751	5607	679	688	1076	870
Gpx7_+_108406673.23-P1P2	Gpx7	1015	942	1205	1147	1236	1320	10762	1235	1719	2188	1467
Pmp22_-_63131591.23-P1	Pmp22_P1	503	493	503	560	542	489	4317	485	666	921	673
Il1a_+_129309925.23-P1P2	Il1a	867	815	1158	961	1161	1259	9496	960	1569	1961	1583
Sptbn2_-_4711530.23-P1P2	Sptbn2	285	259	327	241	284	349	2559	284	483	555	389
Slc39a14_+_70351333.23-P1P2	Slc39a14	287	328	266	318	349	372	2796	352	382	556	395
Tsen34_-_3693819.23-P1P2	Tsen34	756	595	628	691	709	692	5754	695	921	1014	737
Csf1_-_107760033.23-P1P2	Csf1	660	666	700	674	585	644	5262	584	899	997	955
Epm2a_+_11343478.23-P1P2	Epm2a	993	907	985	953	973	1148	8492	1140	1366	1778	1469
Hes3_-_152291592.23-P1P2	Hes3	344	408	436	362	426	526	3741	493	663	684	599
Msh2_-_87672577.23-P1P2	Msh2	308	379	456	295	462	474	3522	515	568	730	462
Grin2d_-_45870885.23-P2	Grin2d_P2	378	416	574	377	487	554	4009	532	439	810	709
Kras_+_145250091.23-P1P2	Kras	925	827	1123	880	952	1163	8134	1007	1159	1614	1092
Npy_-_49822731.23-P1P2	Npy	942	773	1234	1113	1030	1246	8844	1189	1427	1726	1160
Dnajc5_+_181520560.23-P1P2	Dnajc5	833	1009	820	872	1003	1058	8723	938	1704	1822	1358
Tmed9_-_55593204.23-P1P2	Tmed9	817	819	790	678	760	856	6939	873	1353	1395	1039
Dnajb2_-_75236466.23-P1P2	Dnajb2	637	649	695	699	735	877	5720	751	983	1257	641
Cd200r4_-_44811819.23-P1P2	Cd200r4	637	636	907	643	773	864	6455	761	942	1057	798
Bicd2_-_49341625.23-P1P2	Bicd2	736	782	758	662	899	982	7047	827	1147	1545	963
Hgf_+_16554101.23-P1P2	Hgf	685	564	781	684	744	994	6276	747	966	1228	732
Slc25a4_+_46210996.23-P1P2	Slc25a4	544	505	632	510	635	659	5086	638	815	974	943
Wnt9a_-_59306909.23-P1P2	Wnt9a	753	660	830	732	832	881	6938	843	1208	1670	1166
Gad1_-_70562198.23-P1P2	Gad1	905	1214	1092	967	1033	1309	8973	1078	1416	2151	1373
Trem2_+_48346520.23-P1P2	Trem2	650	850	1052	799	903	1125	8062	1010	1445	1659	1314
Adora2a_-_75317086.23-P1P2	Adora2a	786	773	784	786	832	1040	7246	789	1249	1354	1063
Pde8b_-_95222999.23-P2	Pde8b_P2	663	839	812	777	903	894	7297	939	913	1526	836
Npy_-_49822750.23-P1P2	Npy	524	479	688	584	732	720	5996	685	901	1247	679
Slc39a14_+_70351394.23-P1P2	Slc39a14	424	416	513	513	400	471	3586	459	748	873	588
Atxn3_+_101958110.23-P1P2	Atxn3	1249	1014	1306	1266	1191	1365	10466	1215	1620	2336	1477
non-targeting_02998	non-targeting	1055	1149	1221	1164	1104	1344	9412	1081	1492	1889	1213
Ddah1_+_145758740.23-P1P2	Ddah1	1030	780	1069	1058	1195	1198	8692	1174	1370	1981	1340
Ddit3_-_127290848.23-P1P2	Ddit3	586	569	754	631	726	763	5823	635	997	1251	874
2810006K23Rik_-_124328196.23-P1P2	2810006K23Rik	989	954	1272	997	1212	1186	9342	1242	1289	2100	1210
Trip4_+_65908762.23-P2	Trip4_P2	846	807	988	830	899	1019	7205	841	1170	1331	1212
Kdm1a_+_136602659.23-P1P2	Kdm1a	378	329	539	305	346	346	3512	359	560	766	567
Kat2b_-_53567022.23-P1P2	Kat2b	764	737	856	775	811	958	6678	734	1050	1088	1156
Map2_+_66175341.23-P1	Map2_P1	819	813	879	841	905	1031	7529	882	954	1713	1450
Plcg1_-_160731303.23-P1P2	Plcg1	249	316	445	373	461	458	3185	460	364	666	654
Ube3a_+_59228818.23-P1P2	Ube3a	373	301	280	360	380	381	3315	358	538	767	440
Psen2_+_180229903.23-P2	Psen2_P2	846	1118	1051	971	1072	1214	8630	1171	1282	1911	1408
Als2_+_59237163.23-P1P2	Als2	512	563	551	539	676	670	5252	673	750	1021	933
Tnr_-_159737552.23-ENSMUST00000111669.3	Tnr	963	942	1070	1075	1226	1410	10719	1419	1385	2242	1379
Nfkb1_-_135691346.23-P1P2	Nfkb1	789	855	965	960	885	1002	7731	983	1189	1534	1211
Mecp2_-_74085378.23-P1P2	Mecp2	585	528	815	678	639	628	5540	737	771	1214	987
Apc2_+_80299133.23-P2	Apc2_P2	771	709	1027	730	793	947	7039	775	1051	1156	1085
Cox7a1_-_30184245.23-P1P2	Cox7a1	1053	944	1106	854	957	962	7370	894	1253	1701	1156
Atp1a3_+_25005900.23-P1P2	Atp1a3	765	787	1089	890	851	1137	7351	967	985	1401	1245
Ube2g1_-_72607312.23-P1P2	Ube2g1	721	759	844	690	805	880	6561	787	907	1223	824
Rreb1_-_37826052.23-P1P2	Rreb1	608	577	765	726	891	914	6630	810	1093	1290	994
Erlin2_+_27023917.23-P1P2	Erlin2	510	549	587	538	627	661	4841	671	744	1040	648
Kcna1_-_126645749.23-P1P2	Kcna1	617	771	932	788	857	931	7133	871	1270	1419	969
Nars2_+_96951601.23-P1P2	Nars2	903	1026	1177	1093	1094	1264	9534	1282	1455	1648	1153
Ywhaq_+_21417536.23-P1P2	Ywhaq	495	465	473	471	502	522	3809	459	438	792	586
Mul1_+_138434757.23-P1P2	Mul1	487	540	564	634	616	712	5327	618	623	882	844
Kif1c_+_70700357.23-P1P2	Kif1c	428	471	404	431	442	518	3892	503	658	978	509
Nr4a2_+_57124139.23-P2	Nr4a2_P2	725	632	862	738	813	882	6530	826	1155	1400	1012
Nanog_-_122707599.23-P1P2	Nanog	563	492	798	589	617	662	5298	677	867	1244	700
Arsa_-_89476103.23-P1P2	Arsa	537	535	585	669	575	690	5079	695	892	1097	848
Ang2_-_51195887.23-ENSMUST00000051274.1	Ang2	752	956	883	872	999	1056	8352	966	1159	1508	1177
Fosb_+_19309999.23-P1P2	Fosb	564	574	678	650	625	740	5181	693	726	1038	811
Ndufb4_+_37654383.23-P1P2	Ndufb4	671	621	675	577	862	840	6189	801	854	1308	824
Cst10_-_149405401.23-P1P2	Cst10	786	823	1032	934	1107	1274	9261	1095	1493	1783	1350
Kcne3_-_100176702.23-P2	Kcne3_P2	867	917	1257	1038	1249	1351	10272	1318	1501	1966	1373
Cox6b1_-_30625860.23-P1P2	Cox6b1	586	506	703	452	580	684	5013	748	993	974	574
Tnfrsf1a_-_125350120.23-P1P2	Tnfrsf1a	719	852	1085	908	974	1016	7455	909	1251	1422	1080
Ndufa3_-_3617417.23-P1P2	Ndufa3	565	575	716	623	763	754	5920	713	1010	1342	943
Mpv17_+_31154249.23-P1P2	Mpv17	567	542	776	603	670	872	5984	731	840	1076	925
Pklr_+_89136463.23-P1P2	Pklr	925	856	996	867	1074	1165	8423	936	1210	1598	1037
Grm1_-_11082258.23-P1P2	Grm1	790	645	863	733	793	929	7095	792	1023	1406	1115
Nup62_-_44816385.23-P1P2	Nup62	303	454	473	368	460	472	3794	525	559	630	486
Vegfa_+_46032314.23-P1P2	Vegfa	795	819	857	820	886	1029	7669	831	1068	1252	851
Dnm2_-_21424945.23-P1P2	Dnm2	545	537	748	508	650	678	5525	669	922	1133	735
Stmn1_+_134469757.23-P2	Stmn1_P2	443	592	461	488	627	640	4872	530	1042	1040	628
Psmd13_-_140882605.23-P1P2	Psmd13	923	857	924	862	966	1140	8229	1070	1565	1840	1640
Gchfr_-_119167992.23-P1P2	Gchfr	716	791	919	901	889	1153	7972	903	1102	1355	901
Ramp2_+_101246531.23-P1P2	Ramp2	1196	1172	1298	1063	1241	1320	9951	1412	1461	2283	1745
Nptx1_-_119547650.23-P1P2	Nptx1	567	725	771	699	742	766	5815	781	1027	1215	796
Gpx6_+_21312236.23-P1P2	Gpx6	491	389	552	506	588	609	4924	491	680	940	818
Sgsh_-_119355485.23-P1P2	Sgsh	1271	1350	1441	1419	1508	1634	11974	1767	1909	2235	1915
Lrsam1_-_32961377.23-P1P2	Lrsam1	747	790	933	739	858	979	7284	894	1144	1398	898
Cox5a_+_57521305.23-P1P2	Cox5a	467	540	546	582	641	764	5399	658	872	980	849
Sema6a_+_47368833.23-P1P2	Sema6a	749	648	793	790	841	956	7346	951	1189	1490	864
Sv2a_+_96181228.23-P1P2	Sv2a	777	864	830	717	921	1049	8270	973	1149	1718	1101
Wwox_+_114439694.23-P1P2	Wwox	783	646	835	806	885	897	7028	862	1013	1520	932
Fshr_+_89200683.23-P1P2	Fshr	428	542	629	571	548	685	5138	577	1102	1165	840
Fgf2_-_37349131.23-ENSMUST00000038885.3	Fgf2	724	801	777	781	1007	1240	8346	900	1345	1648	944
Bcl6_-_23988577.23-P1P2	Bcl6	340	437	491	554	456	637	4076	455	673	884	554
Cyp2d11_+_82393928.23-ENSMUST00000170255.1	Cyp2d11	571	471	638	539	752	812	5834	665	1137	1143	1260
Cox5a_+_57521340.23-P1P2	Cox5a	1131	1159	1458	1272	1485	1552	11743	1344	1807	2319	1738
Fig4_-_41302899.23-P1P2	Fig4	652	534	745	584	538	658	4992	649	754	861	622
Fis1_-_136962174.23-P1	Fis1_P1	732	759	895	800	865	975	7490	900	1100	1711	1076
Rpgr_+_10216659.23-P1P2	Rpgr	463	411	431	440	496	637	4390	458	642	941	719
Ndufa8_+_36049305.23-P1P2	Ndufa8	665	710	911	768	872	904	7275	779	1017	1421	1146
Tecpr2_+_110889158.23-P1P2	Tecpr2	1037	1000	1191	1049	1086	1285	9682	1145	1491	1955	1490
Ndufs2_-_171237359.23-P2	Ndufs2_P2	492	564	742	515	600	737	5398	683	853	1114	839
Atn1_-_124756716.23-P1P2	Atn1	588	558	544	540	524	647	4851	725	807	995	843
Gpbp1_+_111489853.23-P1P2	Gpbp1	574	551	696	594	694	799	5487	714	984	1064	807
Plcb1_+_134786271.23-P1P2	Plcb1	714	912	836	785	821	881	6845	855	1037	1703	899
Maf_+_115707778.23-P1P2	Maf	156	154	202	214	201	259	1860	242	232	385	212
Dlg4_+_70023934.23-P2	Dlg4_P2	427	526	621	545	494	704	4622	614	471	936	756
Bcl11b_-_108003988.23-P1P2	Bcl11b	739	620	1019	736	804	902	7264	791	1020	1567	1007
Rb1_-_73325637.23-P1P2	Rb1	468	556	792	614	641	592	5056	580	635	993	561
Kcnd3_+_105451945.23-P1P2	Kcnd3	631	710	651	660	719	860	6622	889	1068	1322	943
Rab39b_-_75578169.23-P1P2	Rab39b	731	728	786	667	707	785	5954	648	810	1014	677
Mapk8_+_33447083.23-P1P2	Mapk8	667	759	887	695	678	954	6777	905	983	1299	1243
Ubqln2_-_153498221.23-P1P2	Ubqln2	1069	1026	1439	1274	1190	1467	10668	1424	1564	2218	1469
Klc3_+_19404087.23-P2	Klc3_P2	583	617	779	668	731	728	6320	661	966	1301	858
Cdk5_+_24423577.23-P1P2	Cdk5	1103	1010	1104	981	1145	1304	9558	1150	1589	2158	1230
Pak3_+_143518565.23-P2	Pak3_P2	633	674	735	664	719	735	6388	771	822	1179	863
Plekhg5_+_152087124.23-P1P2	Plekhg5	472	540	616	611	700	844	5331	740	984	1102	1030
Dctn3_+_41723123.23-P1P2	Dctn3	433	301	437	463	451	434	3317	500	411	371	182
Txnip_+_96557964.23-P1P2	Txnip	788	802	955	765	846	944	7176	857	980	1205	988
Egfr_+_16752298.23-P1P2	Egfr	975	1022	1347	1086	1176	1124	9616	1186	1741	1872	1364
Ntf3_-_126164937.23-P1	Ntf3_P1	679	639	616	504	792	759	5889	704	982	1131	715
Psma6_-_55398925.23-P1P2	Psma6	908	976	1202	1106	1215	1286	9859	1180	1215	1962	1172
Nr4a2_+_57114897.23-P1	Nr4a2_P1	366	446	513	461	464	534	4070	452	779	763	585
Rars2_-_34615026.23-P1P2	Rars2	737	881	976	877	1058	1052	8614	1028	1412	1767	1027
Psen2_+_180229968.23-P2	Psen2_P2	767	872	890	795	1002	1080	8060	1206	1196	1787	1097
Dlg4_+_70023938.23-P2	Dlg4_P2	403	532	718	701	734	797	5391	745	969	1267	802
Zfyve1_+_83596891.23-P1P2	Zfyve1	616	559	709	518	605	562	4929	588	843	840	864
Pde4a_+_21196803.23-P1	Pde4a_P1	533	574	519	660	745	699	5493	745	974	1191	988
Araf_-_20848639.23-P1P2	Araf	449	497	540	479	688	700	5474	588	875	984	856
Fis1_-_136962140.23-P1	Fis1_P1	440	435	510	547	493	622	4383	566	754	1011	674
Atrx_+_105929153.23-P1P2	Atrx	598	615	611	516	619	829	5711	725	1036	1263	843
Sst_-_23890732.23-P1P2	Sst	687	810	909	767	914	934	6937	908	1335	1408	984
Nxnl1_-_71566595.23-P1P2	Nxnl1	653	661	868	806	754	839	6262	760	903	1520	1144
Ube2l6_+_84798900.23-P1P2	Ube2l6	1105	1286	1563	1160	1526	1766	13101	1479	2104	2427	1657
Dctn1_-_83166002.23-P1P2	Dctn1	626	627	674	604	608	779	6043	783	972	1233	784
Ampd2_-_108085370.23-P2	Ampd2_P2	656	694	898	579	721	830	6407	906	892	1122	1008
Sdf4_-_155993317.23-P1P2	Sdf4	577	452	635	524	563	589	4774	566	812	799	692
Map3k10_-_27674531.23-P1P2	Map3k10	473	405	502	365	552	491	4494	485	701	753	593
Samd9l_-_3399475.23-P1P2	Samd9l	738	800	782	782	873	888	6908	865	1129	1308	785
Atxn1_+_45964947.23-P1P2	Atxn1	981	784	1102	933	1221	1184	8952	1129	1521	1828	1128
Trip4_-_65884760.23-P1	Trip4_P1	802	800	870	700	811	851	6998	852	1257	1184	1169
S100b_+_76253967.23-P1P2	S100b	573	634	897	974	771	923	6532	772	1205	1425	978
Cxcl10_-_92348844.23-P1P2	Cxcl10	750	748	879	689	764	1024	6430	717	1214	1342	874
Grin2c_+_115267213.23-P1P2	Grin2c	758	641	842	722	821	969	6971	819	1141	1235	942
Zfp46_-_136286106.23-P2	Zfp46_P2	589	538	686	516	710	722	5542	629	1022	1258	800
Clu_+_65969823.23-P2	Clu_P2	963	826	956	781	987	1018	7804	986	1375	1422	1013
Wnt6_-_74772131.23-P1P2	Wnt6	1012	1151	1300	1123	1218	1255	9954	1241	1494	2026	1626
Fzd7_+_59482174.23-P1P2	Fzd7	570	646	765	780	801	898	6924	862	1114	1305	1118
Sdha_+_74350147.23-P1P2	Sdha	380	406	640	453	459	640	4269	601	634	836	479
Prkcg_+_3303560.23-P1P2	Prkcg	425	391	461	393	468	468	4065	474	569	816	688
Hpdl_+_116821442.23-P1P2	Hpdl	613	874	801	655	739	754	6170	682	949	1271	822
Acox1_-_116198708.23-P1P2	Acox1	731	776	796	855	927	918	7369	1028	1189	1421	1181
Sod2_-_13008027.23-P1P2	Sod2	1447	1369	1563	1367	1664	2067	14079	1780	2018	3102	1912
Stat3_+_100939441.23-P1P2	Stat3	780	631	718	664	747	832	6783	925	984	1400	1081
Traf2_+_25546834.23-P1P2	Traf2	800	873	868	702	870	916	6678	925	1106	1357	1102
Mrpl3_-_105053294.23-P1P2	Mrpl3	292	458	385	355	395	345	3361	390	365	508	460
Trpv4_+_114658331.23-P1P2	Trpv4	698	486	694	546	557	600	4846	501	696	982	792
Homer1_+_93304139.23-P1P2	Homer1	573	557	679	480	630	703	5097	581	553	873	563
Mtpap_+_4375657.23-P1P2	Mtpap	704	1014	1022	1037	1225	1384	9732	1134	1738	2066	1428
Lrp5_+_3686344.23-P1P2	Lrp5	621	708	856	740	751	887	6159	643	932	1402	817
Npc2_-_84772853.23-P1P2	Npc2	572	960	924	758	795	982	6953	812	481	590	461
Nup62_-_44816432.23-P1P2	Nup62	784	761	912	806	744	851	5837	528	480	767	407
Icam1_+_21016044.23-P1P2	Icam1	956	978	1057	857	1020	1148	8522	1069	1322	1622	1364
Klc3_-_19404063.23-P2	Klc3_P2	745	743	785	863	854	916	7242	905	987	1378	992
Hspb2_-_50752107.23-P1P2	Hspb2	602	741	821	781	780	846	6766	772	1238	1153	1269
Il1a_-_129309912.23-P1P2	Il1a	245	383	352	404	431	545	3600	459	465	654	588
Ndufa11_+_56717799.23-P1P2	Ndufa11	684	789	910	763	952	950	7428	886	1003	1384	1060
Tank_-_61593177.23-P1	Tank_P1	411	458	562	543	551	495	4056	528	619	848	500
Fyn_-_39369988.23-P1P2	Fyn	848	712	905	703	681	800	6426	805	1353	1077	1021
Prx_-_27499397.23-P1	Prx_P1	775	669	709	634	752	791	6550	721	921	1175	1112
App_+_85173670.23-P1P2	App	616	562	644	696	646	696	5427	745	919	1199	586
Aifm1_+_48513351.23-P1P2	Aifm1	838	765	846	874	1077	1314	8193	1033	1400	1391	1590
Ndufa2_-_36744509.23-P1P2	Ndufa2	732	718	904	831	927	1107	7752	960	1243	1402	1251
Dnal1_+_84114391.23-P1P2	Dnal1	490	435	535	537	505	508	4332	466	680	662	370
Fam168b_+_34842805.23-P1P2	Fam168b	635	701	738	638	755	972	6605	735	1052	1360	1281
Cox7b_+_106015735.23-P1P2	Cox7b	306	216	245	191	293	324	2551	289	288	526	318
Stmn1_-_134468406.23-P1	Stmn1_P1	768	947	814	887	844	1144	7681	927	1239	1686	1220
Cacna1g_-_94474331.23-P1P2	Cacna1g	330	221	282	272	276	412	2733	402	315	455	508
Psmd11_+_80429038.23-P1P2	Psmd11	1072	1221	1106	1113	1201	1424	10294	1277	1686	2088	1782
Ppp3cc_-_70289462.23-P1P2	Ppp3cc	603	606	786	799	703	850	6810	1043	843	1439	834
Tubb6_+_67390714.23-P1P2	Tubb6	1036	1075	1137	903	1259	1204	9858	1198	1400	1981	1503
Psmd2_-_20651713.23-P1P2	Psmd2	821	914	941	859	576	587	4960	626	317	695	266
Zfp46_+_136284671.23-P1	Zfp46_P1	465	568	493	526	554	710	4380	634	522	792	628
Dnm2_-_21424991.23-P1P2	Dnm2	551	621	678	559	573	659	4743	617	684	882	710
Hsd17b10_-_152001916.23-P1P2	Hsd17b10	469	437	384	535	525	532	4621	546	834	869	661
Mfn2_-_147904639.23-P1P2	Mfn2	543	554	579	525	606	660	5147	689	597	1006	732
Pla2g5_-_138819146.23-P1P2	Pla2g5	702	693	632	827	897	990	7204	988	1238	1316	1037
Cxcl10_+_92348833.23-P1P2	Cxcl10	986	866	1067	944	1132	1227	9005	1184	1276	1741	1204
Ins1_-_52264511.23-P1P2	Ins1	1025	979	1269	976	1090	1340	9828	1214	1487	1915	1345
Ppp3r1_+_17159317.23-P1P2	Ppp3r1	758	693	822	881	999	958	7338	819	1018	1521	911
Kif5a_-_127263041.23-P1P2	Kif5a	1052	901	1195	1009	1153	1206	9622	1074	1499	1719	1241
Wnt7b_+_85581833.23-P1	Wnt7b_P1	845	919	1018	851	918	1096	7789	922	1237	1752	1170
Ace_+_105968023.23-P1P2	Ace	482	554	572	663	661	747	5502	650	933	1063	772
Fzd3_-_65262411.23-P1P2	Fzd3	715	579	668	546	681	692	5382	725	956	1018	993
Cox6a1_-_115348592.23-P1P2	Cox6a1	987	886	1169	1017	1244	1316	10402	1220	1685	1990	1667
Epg5_-_77938554.23-P1P2	Epg5	564	567	600	595	691	661	5397	620	962	1016	892
Serpina3m_-_104387372.23-P1P2	Serpina3m	1191	1145	1397	1197	1255	1363	11024	1339	1727	1742	1691
Metrn_-_25796915.23-P1P2	Metrn	1165	1131	1138	1080	1208	1324	10112	1183	1804	2077	1370
Kcna1_-_126645746.23-P1P2	Kcna1	577	583	607	583	758	809	6097	785	1051	1411	948
Kcnd3_+_105451892.23-P1P2	Kcnd3	516	657	751	762	833	872	6113	747	1231	1237	938
Gsk3a_+_25237759.23-P1P2	Gsk3a	854	846	1174	894	970	1064	8554	936	1463	1533	1224
Vcp_+_43000058.23-P1P2	Vcp	511	504	697	484	476	557	3968	526	661	956	628
Elavl1_-_4325007.23-P1P2	Elavl1	831	774	1013	838	1078	1057	8231	1108	1071	1508	1175
Pmp22_+_63131525.23-P1	Pmp22_P1	527	507	551	478	614	645	4501	550	667	951	549
Tmprss4_+_45203982.23-P1P2	Tmprss4	819	864	1174	1026	1021	1064	8683	1122	1246	1715	955
Cyp2d40_-_82763853.23-P1P2	Cyp2d40	590	550	718	608	792	870	6331	824	851	1396	933
Oxr1_-_41447529.23-ENSMUST00000110297.2,ENSMUST00000090096.4	Oxr1	722	710	723	634	841	1017	6772	774	886	1390	991
Cln8_-_14888892.23-P1P2	Cln8	498	571	586	459	728	730	5685	707	787	1116	686
Dkk4_-_22624090.23-P1P2	Dkk4	1128	1046	1202	1045	1252	1361	10120	1143	1540	2237	1445
Gm11127_-_36058079.23-P1P2	Gm11127	563	487	633	519	676	754	5499	677	870	1068	1091
Cd40_-_165055886.23-P1P2	Cd40	768	648	856	763	713	956	6668	871	1140	1373	992
Polr3k_-_181864624.23-P1P2	Polr3k	652	680	672	506	429	443	3828	520	241	430	240
Neurod1_-_79456537.23-P1P2	Neurod1	814	811	932	960	880	906	7177	920	1544	1502	1124
Icam1_+_21016055.23-P1P2	Icam1	995	1076	1088	979	1314	1267	10038	1293	1303	2093	1604
Il17a_+_20730931.23-P1P2	Il17a	932	836	1027	739	1001	1094	9061	1211	1376	1963	1425
non-targeting_01689	non-targeting	782	763	840	750	885	1011	7757	860	1200	1494	1185
Pla2g1b_-_115466260.23-P1P2	Pla2g1b	370	415	370	631	452	436	3614	423	628	785	553
Hdac2_+_36974586.23-P1P2	Hdac2	551	643	749	639	665	675	5533	663	970	1211	1098
Gapdh_+_125165538.23-P1P2	Gapdh	650	586	716	528	631	761	5472	725	831	1131	751
Fa2h_-_111393573.23-P1P2	Fa2h	1048	1060	1362	965	1169	1374	9625	1254	1500	2102	1019
S100a1_-_90514243.23-P1P2	S100a1	688	673	837	660	812	790	6798	712	984	1202	833
Srr_+_74925662.23-P1P2	Srr	405	407	487	424	506	529	4196	543	625	968	587
Ang_-_51096452.23-P1	Ang_P1	686	510	578	678	714	760	5596	626	936	1011	996
Map2_+_66175349.23-P1	Map2_P1	735	650	826	764	833	809	6741	806	1311	1330	1103
Snx14_-_88438844.23-P1P2	Snx14	642	726	792	810	900	1079	7466	821	905	1395	900
Gstm7_+_107931550.23-P1P2	Gstm7	1184	1237	1453	1288	1456	1549	11573	1477	1803	2422	1912
Exosc9_+_36552665.23-P1P2	Exosc9	557	810	681	676	570	705	5115	692	274	470	237
Cdk5_+_24423502.23-P1P2	Cdk5	707	632	746	557	718	852	5948	662	917	1226	797
B4galnt1_+_127165214.23-P1P2	B4galnt1	722	780	799	777	931	999	7006	819	1293	1412	914
Abcd1_-_73716806.23-P1P2	Abcd1	920	1006	1301	1151	1207	1412	10024	1171	1707	1968	1560
Kif1a_-_93101812.23-P1P2	Kif1a	544	567	725	557	641	612	4800	551	695	1012	671
Lox_-_52529565.23-P1P2	Lox	891	882	1244	813	917	1226	8239	1161	1404	1564	1364
Uba1_-_20658476.23-P2	Uba1_P2	512	527	455	499	529	597	4570	519	783	1034	630
Rtn2_-_19282731.23-P2	Rtn2_P2	710	550	725	595	580	673	5561	643	624	1033	726
Socs3_-_117969157.23-P1P2	Socs3	561	459	573	582	582	633	4576	618	758	815	833
Epha8_-_136956721.23-P1P2	Epha8	522	718	611	460	718	879	6570	734	1162	1252	749
Nhlrc1_+_47014809.23-P1P2	Nhlrc1	241	325	408	408	320	404	3077	347	440	550	347
Dctn3_+_41723087.23-P1P2	Dctn3	888	803	872	900	894	1048	7322	914	672	779	674
Cx3cl1_-_94772212.23-P1P2	Cx3cl1	589	525	583	648	705	605	5339	626	688	1198	765
Map2k3_+_60932281.23-P1P2	Map2k3	500	516	540	516	601	628	4722	652	788	920	819
Hspg2_-_137469041.23-P1P2	Hspg2	837	647	819	798	856	978	7281	876	1284	1437	803
Ptpn13_+_103425303.23-P1P2	Ptpn13	491	393	667	503	589	673	4286	525	777	846	803
Tmem240_-_155734871.23-P1P2	Tmem240	649	573	813	676	802	911	6199	799	935	1529	751
Ighmbp2_-_3282772.23-P1P2	Ighmbp2	533	473	470	484	497	629	4717	533	787	843	810
Cacna1b_-_24763112.23-P1P2	Cacna1b	727	830	918	806	863	957	7027	836	1158	1683	917
Foxo3_+_42276634.23-P1P2	Foxo3	954	866	1213	1260	1208	1380	10395	1344	1551	2091	1191
Chrm3_-_9878957.23-ENSMUST00000063093.9	Chrm3	1178	1181	1200	1122	1312	1580	10885	1314	1616	2091	1602
Nefl_+_68083919.23-P1P2	Nefl	669	634	708	592	634	746	5832	812	963	843	864
Xbp1_+_5521034.23-P1P2	Xbp1	344	237	375	348	398	460	3369	468	415	574	431
Zfp46_+_136284743.23-P1	Zfp46_P1	352	342	369	334	401	412	3338	474	604	507	522
Dnmt1_+_20952825.23-P1P2	Dnmt1	324	425	394	359	451	394	3623	432	578	745	469
Ppp3r2_-_49681976.23-P1P2	Ppp3r2	576	463	630	575	584	725	5133	675	816	1086	707
Foxo1_-_52268407.23-P1P2	Foxo1	426	325	433	385	498	560	4015	459	709	873	526
Abca7_+_79996708.23-P1P2	Abca7	581	439	589	461	578	590	4964	638	861	1117	960
Calcoco2_-_96111980.23-ENSMUST00000068686.6,ENSMUST00000097162.5	Calcoco2	429	445	467	527	434	530	4230	554	519	756	481
Dnah2_-_69544482.23-ENSMUST00000035539.5	Dnah2	645	631	802	757	836	1001	7154	841	1014	1237	915
Cox6a2_-_128206285.23-P1P2	Cox6a2	642	540	626	491	756	746	5465	671	945	955	783
Cpn1_-_43986307.23-P1P2	Cpn1	614	512	749	566	719	745	5936	760	843	1041	955
Bcl2l1_-_152830460.23-P1	Bcl2l1_P1	492	601	686	528	660	669	5421	681	757	839	655
Vapb_-_173737802.23-P1P2	Vapb	460	446	676	519	730	638	5265	718	797	1019	805
Plp1_-_136822957.23-P1P2	Plp1	579	626	576	544	653	781	5736	648	870	916	752
Fgf2_+_37348349.23-ENSMUST00000138563.2	Fgf2	515	601	619	677	698	832	6492	817	1100	1056	1067
Plcb1_-_134786218.23-P1P2	Plcb1	333	364	400	371	381	406	3181	332	499	581	296
Gchfr_-_119167890.23-P1P2	Gchfr	899	1107	1119	921	1197	1292	9759	1227	1795	2176	1340
Cabin1_-_75764151.23-P1P2	Cabin1	258	246	343	267	329	389	2911	347	482	592	468
Padi4_+_140750527.23-P2	Padi4_P2	360	299	433	454	494	446	3478	339	571	550	365
Pde10a_+_8801837.23-P1P2	Pde10a	243	308	362	283	358	313	2814	333	533	546	377
Vdac2_+_21831569.23-P1P2	Vdac2	2127	1842	2108	2084	2214	2594	18093	2129	2833	3938	3156
Gm7030_-_36129518.23-P1P2	Gm7030	792	798	943	886	954	1028	8071	889	1251	1461	1141
Acsbg1_-_54661666.23-P1P2	Acsbg1	916	824	911	850	1020	1154	8495	1078	1440	1823	1169
non-targeting_01886	non-targeting	330	377	404	247	457	475	3695	474	480	679	677
Tsn_+_118310999.23-P1P2	Tsn	861	937	1094	888	979	1178	8560	1025	1604	1685	1065
Ascl1_+_87493616.23-P1P2	Ascl1	818	936	901	767	993	1035	8130	1037	1660	1626	1286
Trrap_-_144768205.23-P1P2	Trrap	584	688	766	655	817	937	6512	759	890	1204	820
Ndufs2_-_171237547.23-P2	Ndufs2_P2	971	1007	1030	932	1007	1110	8514	1050	1574	1683	1457
Srr_+_74925652.23-P1P2	Srr	367	372	323	388	468	530	3695	389	485	739	645
Ptges_+_30930098.23-P2	Ptges_P2	528	483	430	500	568	699	5298	644	778	924	618
Gm11127_+_36058048.23-P1P2	Gm11127	518	594	568	485	607	684	4616	554	744	1102	719
B4galnt1_-_127165931.23-P1P2	B4galnt1	681	896	981	950	1072	1096	8384	937	1459	1481	1193
H2-M10.6_+_36812191.23-ENSMUST00000041398.4	H2-M10.6	1264	1105	1368	1211	1257	1455	10796	1323	2005	2118	2206
Ndufv1_-_4012467.23-P1P2	Ndufv1	593	846	938	743	840	969	7595	883	1338	1675	1233
Hace1_-_45577930.23-P1P2	Hace1	620	656	658	529	720	841	5560	735	907	1056	1108
Cyp2d26_+_82794239.23-P1P2	Cyp2d26	738	577	1051	808	941	1084	7476	1024	1288	1445	1027
Gpx3_+_54902960.23-P1P2	Gpx3	526	532	592	562	631	616	4718	523	616	1007	1011
Ly6e_+_74955702.23-P1P2	Ly6e	744	692	745	686	796	852	6722	727	1178	1574	995
Fas_+_34290738.23-P1P2	Fas	628	572	708	669	588	881	5637	723	921	1065	711
Igfals_+_24878985.23-P1P2	Igfals	828	607	939	864	869	999	7913	1002	1254	1627	1440
Acox1_-_116198724.23-P1P2	Acox1	1042	923	1144	1055	1135	1305	9592	1330	1628	1968	1363
Atg14_+_47568388.23-P1P2	Atg14	572	675	811	732	753	698	5828	744	992	1194	850
Sgsh_-_119355475.23-P1P2	Sgsh	1080	968	1157	1055	1262	1414	10993	1513	1491	2098	1637
Cpt1c_-_44974770.23-P1P2	Cpt1c	617	687	796	676	719	754	5686	665	1013	916	861
Hspa1b_-_34959125.23-P1P2	Hspa1b	420	383	448	412	476	525	4332	600	770	968	568
Wipi1_-_109611289.23-P1P2	Wipi1	1352	1347	1503	1256	1624	1649	13320	1571	2108	2893	1915
Fos_+_85473878.23-P1P2	Fos	828	745	927	726	872	965	7213	1005	1256	1448	1070
Sema6b_-_56133771.23-P2	Sema6b_P2	635	681	868	888	900	1005	7548	901	1190	1518	984
Cacna1d_+_30353468.23-P1P2	Cacna1d	607	549	687	735	674	750	5552	655	1040	1123	729
Atrx_-_105929306.23-P1P2	Atrx	1024	839	1145	1146	1213	1524	9321	1377	1367	1862	1800
Sema6b_+_56140347.23-P1	Sema6b_P1	531	523	662	583	665	753	5630	680	791	1156	669
Serpina1e_-_103958707.23-P2	Serpina1e_P2	939	932	1024	998	1171	1144	9462	1363	1538	1898	1525
Gosr1_+_76763518.23-P1P2	Gosr1	314	266	422	317	439	475	3160	389	454	726	463
Serpina1a_+_103863490.23-P1P2	Serpina1a	583	587	530	649	629	763	5702	668	1216	1056	761
Csnk2b_+_35121019.23-P1P2	Csnk2b	929	990	1094	950	1029	1158	9684	1093	1656	1762	1753
Wnt9b_-_103749552.23-P1P2	Wnt9b	736	795	901	687	756	871	6719	762	1124	1493	1017
Kif1c_+_70700686.23-P1P2	Kif1c	950	884	1185	959	1106	1078	8490	851	1289	1600	1373
Dnali1_-_125065628.23-P1P2	Dnali1	636	654	825	729	758	790	6616	756	995	1425	1097
Sncb_+_54766497.23-P1P2	Sncb	1005	1003	1181	1069	1120	1299	10001	1121	1620	2040	1210
Casp6_-_129901492.23-P1P2	Casp6	633	560	737	590	654	766	5695	693	942	1042	699
Gabarapl2_+_111940743.23-P1P2	Gabarapl2	772	791	1000	921	1007	1268	8131	862	1030	1495	1344
Psmb1_-_15498241.23-P1P2	Psmb1	525	336	507	529	597	574	4791	624	788	920	726
Pnkp_-_44857558.23-P1P2	Pnkp	482	505	608	412	610	663	4705	547	735	1065	625
Tmprss4_+_45204013.23-P1P2	Tmprss4	449	537	617	544	614	741	5211	583	775	905	704
Lingo1_+_56634969.23-P1P2	Lingo1	481	438	579	488	621	551	4652	515	649	903	597
Pars2_+_106651162.23-P1P2	Pars2	799	843	765	914	964	1161	8006	966	1098	1479	881
Hap1_+_100356043.23-P1P2	Hap1	1088	1009	1270	1099	1133	1289	9360	1194	1653	2088	1513
Ndufb8_+_44555362.23-P1P2	Ndufb8	558	658	799	678	770	793	6416	771	1011	1357	811
Fzd10_-_128600905.23-P1P2	Fzd10	750	854	877	761	829	1041	7197	1003	1085	1565	1263
Pnpt1_-_29130763.23-P1P2	Pnpt1	533	412	586	642	609	656	5118	610	642	967	621
Dnah2_-_69549021.23-ENSMUST00000108659.1	Dnah2	353	351	399	331	516	581	4199	527	781	868	746
Syne1_-_5550738.23-ENSMUST00000041639.5	Syne1	955	857	887	753	947	1022	8200	952	1184	1500	1106
Npc2_-_84772898.23-P1P2	Npc2	477	530	694	597	712	817	5609	735	889	792	504
Dab1_-_104367610.23-P1P2	Dab1	911	720	876	671	973	1031	7176	934	1244	1313	870
Psmb4_-_94886878.23-P1P2	Psmb4	1069	1027	1149	1212	1139	1413	10614	1342	1823	2034	1560
Ndufb3_-_58586836.23-P1P2	Ndufb3	544	486	571	535	593	569	4900	567	807	845	751
Ndufv2_-_66101470.23-P1P2	Ndufv2	815	871	1005	921	1040	1279	9037	1174	1512	1562	1034
Pmp22_+_63133135.23-P2	Pmp22_P2	442	411	562	415	510	534	4486	621	613	879	440
Pnpla6_+_3515390.23-P1	Pnpla6_P1	939	773	992	561	955	956	7278	923	1384	1350	1261
Prph_+_99055229.23-P1P2	Prph	872	760	1154	799	968	1023	8029	1015	1117	1620	1116
Adora3_-_105870927.23-P1P2	Adora3	753	945	833	808	881	997	7508	870	1299	1583	1123
Epha4_+_77515022.23-P1P2	Epha4	618	749	706	671	840	968	6592	850	1304	1151	872
Fyn_-_39369814.23-P1P2	Fyn	499	748	674	694	714	745	5718	745	697	1357	910
Ndufc1_+_51408948.23-P1P2	Ndufc1	491	392	471	462	576	573	4464	496	793	869	848
Mog_-_37023236.23-P1P2	Mog	581	570	685	582	625	680	5110	562	879	999	751
Prkar1b_-_139129409.23-P1P2	Prkar1b	569	531	505	474	515	701	4717	570	783	787	564
Tango2_+_18343902.23-P1P2	Tango2	723	771	756	768	696	850	6067	820	1227	1235	962
Clcn2_-_20717708.23-P2	Clcn2_P2	493	604	438	410	586	499	4410	490	754	761	506
Vps37a_+_40511862.23-P1P2	Vps37a	822	942	984	822	1068	1057	8449	1061	1144	1497	1118
Inpp4a_-_37299937.23-P1P2	Inpp4a	553	615	663	521	603	656	5126	639	762	1198	1088
Clk1_-_58423969.23-P1P2	Clk1	834	708	764	804	799	950	6899	751	1036	1295	1067
Tsen34_+_3693785.23-P1P2	Tsen34	480	579	764	600	668	640	5713	686	1034	1059	920
Rest_-_77265564.23-P1P2	Rest	586	703	722	694	814	908	6118	810	1088	1007	972
Morc2a_+_3649586.23-P1P2	Morc2a	361	248	473	466	484	544	4216	552	510	653	707
Gdnf_-_7811044.23-P1P2	Gdnf	979	874	1337	972	1061	1193	9287	1148	1345	2110	1473
Cox5b_+_36691796.23-P1P2	Cox5b	456	550	715	586	605	705	4768	568	789	968	742
Apex2_+_150588044.23-P1P2	Apex2	321	397	352	375	404	528	3562	425	640	657	453
Gcdh_+_84893527.23-P1P2	Gcdh	589	614	825	766	702	805	6613	782	1203	1299	814
H2-M10.2_-_36286454.23-ENSMUST00000023845.6	H2-M10.2	769	771	963	782	921	1055	7938	977	1153	1413	1250
Klc3_+_19399712.23-P1	Klc3_P1	429	366	611	452	513	585	4140	510	677	790	678
Dnali1_-_125065637.23-P1P2	Dnali1	491	599	590	567	767	765	5355	706	923	1171	876
Ndufa1_+_37191092.23-P1P2	Ndufa1	895	669	971	851	903	891	7641	914	1003	1657	1319
Tlr4_+_66827623.23-P1P2	Tlr4	932	990	1229	985	1220	1169	9040	1338	1502	1891	1394
Hdac2_+_36974564.23-P1P2	Hdac2	482	724	735	502	707	771	5371	697	1124	1078	911
Aaas_-_102350651.23-P1P2	Aaas	544	544	624	528	525	635	4443	585	772	856	727
Clec16a_-_10545742.23-P1P2	Clec16a	962	909	1336	970	836	1029	7924	742	1371	1897	1655
Cyp7b1_-_18243270.23-P1P2	Cyp7b1	763	725	886	799	945	1033	7830	906	1134	1630	1271
Slc6a4_-_76998620.23-P2	Slc6a4_P2	966	1071	1082	967	1008	1174	9091	1082	1427	1879	1158
Dnal1_+_84114388.23-P1P2	Dnal1	641	448	590	630	654	814	5758	709	773	1112	910
Coq2_-_100673994.23-P1P2	Coq2	901	980	1380	1101	1270	1211	9967	1041	1343	1978	1338
Il12a_-_68691653.23-P1P2	Il12a	1064	1066	1077	962	1180	1192	9938	1099	1594	1943	1354
Mpg_+_32226714.23-P1P2	Mpg	734	777	907	757	966	1045	7208	812	1108	1477	836
Grm2_-_106656028.23-P1P2	Grm2	771	855	1137	919	919	1012	7209	904	1220	1353	948
Angpt4_+_151911314.23-P1P2	Angpt4	465	486	627	554	625	686	5571	651	1011	968	787
Plcb4_+_135805768.23-ENSMUST00000035646.4	Plcb4	468	476	630	380	567	604	4624	495	723	850	605
Ampd2_-_108085335.23-P2	Ampd2_P2	559	475	498	476	511	697	5259	628	814	1156	938
Hdac2_+_36974576.23-P1P2	Hdac2	190	257	326	285	359	376	2883	283	408	579	368
Dnah11_-_118198935.23-P1P2	Dnah11	838	712	1055	886	938	1111	7755	1015	1358	1653	1253
Hes3_+_152291651.23-P1P2	Hes3	573	488	572	555	630	696	5392	671	932	1149	652
Vdac2_+_21831558.23-P1P2	Vdac2	481	437	452	459	511	617	4356	499	805	873	707
Ndufa8_+_36049259.23-P1P2	Ndufa8	804	752	816	717	824	1068	7368	910	1194	1186	1126
Wipi2_-_142629603.23-P1P2	Wipi2	597	634	555	539	701	753	5382	644	963	1188	725
Psmc3_-_91054171.23-P1P2	Psmc3	652	725	909	674	290	310	2573	218	75	173	113
non-targeting_04038	non-targeting	326	285	324	319	291	396	2678	381	523	705	448
Oxr1_+_41789693.23-ENSMUST00000090095.5,ENSMUST00000022918.7	Oxr1	920	945	942	877	935	1000	8444	938	1502	1644	1258
Kcnd3_+_105452131.23-P1P2	Kcnd3	776	843	878	775	938	965	7731	944	1295	1368	1060
Ptges_+_30903227.23-P1	Ptges_P1	983	917	1158	1101	1152	1183	9562	1075	1521	2286	1605
Folr1_+_101864082.23-P2	Folr1_P2	602	770	773	713	847	1011	7201	877	1127	1312	1195
Ndrg1_-_66969590.23-P1P2	Ndrg1	539	566	632	585	521	463	4148	408	996	1220	626
Psmc5_-_106256400.23-P1P2	Psmc5	332	256	462	281	334	382	2769	310	528	608	582
Pik3c3_-_30273123.23-P1P2	Pik3c3	638	588	754	626	773	796	6056	857	610	1030	708
Mpz_+_171155544.23-P1P2	Mpz	935	773	998	1013	1093	1207	8886	1062	1612	1901	1197
Chrm1_-_8664169.23-P1P2	Chrm1	988	1132	1433	1189	1336	1327	10804	1377	1729	1982	1206
Pank1_-_34877852.23-P1P2	Pank1	866	823	1030	868	1014	1143	8411	953	1304	1596	1131
Rgs10_+_128418116.23-P1P2	Rgs10	982	942	1262	1042	1073	1255	9473	1156	1431	1946	1173
Optn_+_5064052.23-P1P2	Optn	691	651	863	698	907	873	6841	673	751	1310	948
Gstm4_+_108044826.23-P1P2	Gstm4	875	692	1014	1000	840	1060	7797	928	1275	1571	1201
Il4_-_53618440.23-P1P2	Il4	619	680	718	665	648	735	5174	782	1078	1170	751
Gcdh_+_84893724.23-P1P2	Gcdh	678	628	661	647	818	934	6328	655	867	1231	854
Prkar1b_+_139129628.23-P1P2	Prkar1b	946	837	1153	921	1028	1096	8792	1132	1298	1892	1357
Serpina3i_+_104263359.23-P1P2	Serpina3i	575	629	754	646	628	733	5596	516	1130	1138	790
non-targeting_02234	non-targeting	690	833	825	697	951	895	7606	879	1058	1486	1085
Atp7a_-_106027540.23-P1P2	Atp7a	650	487	641	462	646	707	5177	701	728	1060	894
Gusb_+_130002860.23-P1P2	Gusb	542	400	687	454	533	572	4741	532	737	901	656
Ids_-_70364829.23-P1P2	Ids	371	234	311	349	388	428	3157	335	514	770	368
Gstm4_+_108044779.23-P1P2	Gstm4	930	839	1024	961	1031	1120	8923	1185	1226	1723	1391
Gsto1_-_47855080.23-P1P2	Gsto1	753	793	1053	893	931	1046	7595	795	1216	1368	960
Inf2_-_112604178.23-P2	Inf2_P2	379	477	535	463	490	647	4117	491	636	768	649
Dnah10_+_124725161.23-P1P2	Dnah10	636	749	777	691	839	994	6739	829	853	1236	1332
Ndufv3_+_31520190.23-P1P2	Ndufv3	391	526	580	515	650	699	5219	708	759	989	931
Gosr1_+_76763496.23-P1P2	Gosr1	574	536	651	507	608	640	4896	682	724	1107	612
Hprt_+_52988191.23-P1P2	Hprt	712	799	983	738	936	1011	7658	1005	1048	1598	1002
Src_-_157424318.23-P1P2	Src	635	478	617	525	683	795	5467	582	840	967	750
Cdc42_+_137357655.23-P1P2	Cdc42	747	644	852	826	935	1141	8256	880	1097	1589	1222
Wnt9b_-_103749695.23-P1P2	Wnt9b	419	459	524	486	583	706	4754	554	573	1034	759
Stat3_-_100939371.23-P1P2	Stat3	1189	1219	1451	1203	1352	1522	11736	1613	1799	2535	1790
Ogdh_-_6291686.23-P1P2	Ogdh	705	585	633	587	599	697	5517	626	597	846	614
Ywhag_-_135934547.23-P1P2	Ywhag	464	455	609	420	525	688	4767	608	636	749	585
Hif1a_-_73908027.23-P1P2	Hif1a	581	573	803	605	672	832	6091	840	857	1155	875
non-targeting_03524	non-targeting	592	518	773	692	686	856	6181	731	1054	1289	774
Morc2b_+_33139513.23-P1P2	Morc2b	506	473	605	613	602	783	5437	526	853	952	702
Kcne3_-_100178762.23-P1	Kcne3_P1	529	751	746	689	887	771	6496	835	917	1214	879
Cdk11b_-_155624915.23-P1P2	Cdk11b	433	487	499	501	510	588	4346	581	697	804	569
Htt_+_34761806.23-P1P2	Htt	890	923	963	897	926	1110	8059	928	951	1423	970
Gria1_-_57011741.23-P1P2	Gria1	307	411	526	378	348	403	3301	378	706	765	542
Aqp1_+_55336461.23-P1P2	Aqp1	514	561	641	613	555	704	5050	587	776	1140	829
Sirt1_+_63339002.23-P1P2	Sirt1	650	702	908	642	714	867	6482	885	886	1413	822
Fzd8_-_9212989.23-ENSMUST00000041080.5	Fzd8	718	808	1012	802	884	1095	7546	915	915	1607	1270
Slc17a7_+_45164141.23-P1P2	Slc17a7	408	383	385	410	444	549	3837	398	643	730	519
Uba7_+_107975637.23-P1	Uba7_P1	457	395	545	494	482	531	4500	533	673	921	654
Il15_-_82403180.23-P1P2	Il15	783	676	844	726	852	900	6963	894	1262	1303	797
Asah1_+_41374601.23-P1P2	Asah1	387	405	597	616	523	715	5005	679	639	824	692
Kcna3_+_107036166.23-P1P2	Kcna3	573	501	691	580	738	757	5479	596	690	997	901
Tubb4a_-_57087557.23-P1P2	Tubb4a	374	409	499	459	498	472	4006	510	714	863	524
Bcl2l1_+_152831684.23-P2	Bcl2l1_P2	975	1100	1035	945	1013	1190	8788	1132	1460	1917	1079
Mapt_+_104231574.23-P1P2	Mapt	308	428	476	448	463	421	3500	400	619	682	515
Stmn1_+_134468354.23-P1	Stmn1_P1	813	957	980	842	1108	1198	9200	1262	1479	1778	1296
Atp6ap2_-_12587848.23-P1P2	Atp6ap2	541	501	461	602	632	694	4677	743	801	959	731
Hnrnpa2b1_+_51469846.23-P1P2	Hnrnpa2b1	1029	997	1196	1165	1109	1282	8996	1157	1371	1861	1734
Wnt1_+_98789903.23-P1P2	Wnt1	478	434	428	530	574	611	4924	519	790	911	690
Exosc8_+_54735020.23-P1P2	Exosc8	476	533	607	593	575	616	4703	512	695	910	991
Crat_+_30415468.23-P1P2	Crat	440	526	481	557	580	536	5103	511	633	991	719
non-targeting_00529	non-targeting	522	645	604	571	644	898	5607	770	1027	1119	989
Snx27_+_94582338.23-P1P2	Snx27	541	624	613	575	600	748	5192	812	742	878	898
Ndufb2_+_39592627.23-P1P2	Ndufb2	781	857	1002	878	990	1004	8018	918	1300	1553	1159
Afg3l2_+_67449146.23-P1P2	Afg3l2	504	510	640	571	546	711	4835	648	776	1092	753
Gm2a_+_55098121.23-P1P2	Gm2a	1102	960	1242	1098	1249	1363	9709	1257	1643	1920	1634
Psmb5_+_54617981.23-P1P2	Psmb5	139	111	140	122	138	133	1047	101	180	209	42
Slc1a2_-_102706483.23-ENSMUST00000111212.1	Slc1a2	481	382	724	558	693	600	5268	673	954	1057	872
Slc39a14_-_70351328.23-P1P2	Slc39a14	205	236	227	203	226	258	1906	232	295	404	265
Frat2_+_41848037.23-P1P2	Frat2	861	998	1230	987	1180	1251	8717	1111	1256	1682	1263
Il12a_-_68691455.23-P1P2	Il12a	1021	884	907	937	1053	1116	8352	985	1123	1688	1350
Slc25a38_-_120110420.23-P1	Slc25a38_P1	272	320	466	291	342	338	2903	440	367	553	455
Lrp5_-_3686567.23-P1P2	Lrp5	578	571	817	646	744	682	5503	718	774	1112	970
Slc11a2_-_100424088.23-P2	Slc11a2_P2	954	812	988	875	1073	1287	8873	1053	1356	2022	1528
Gstm4_+_108044794.23-P1P2	Gstm4	901	903	878	927	1060	1103	9245	987	1451	1976	1362
Jph3_+_121730145.23-P1P2	Jph3	791	840	981	798	961	1045	7511	845	1190	1737	1067
Sort1_-_108284168.23-P1P2	Sort1	370	431	343	349	430	472	3519	426	390	780	659
Hexb_+_97198268.23-P1P2	Hexb	1685	1485	1744	1517	1720	1987	14260	1902	2143	2760	2272
F2rl3_+_72761911.23-P1P2	F2rl3	638	614	649	583	677	714	5349	763	973	1212	737
Tfg_+_56717205.23-P1P2	Tfg	897	1063	1370	1055	1125	1273	8412	1201	1347	1773	1292
Erlin2_+_27023920.23-P1P2	Erlin2	624	651	773	669	715	906	5974	893	1022	1167	1031
Srsf7_-_80207308.23-P1P2	Srsf7	826	507	731	717	721	873	6196	854	997	1149	930
Prkra_-_76648010.23-P1P2	Prkra	538	654	678	666	602	677	5634	715	885	1047	776
Wnt11_-_98839062.23-P2	Wnt11_P2	462	297	434	501	500	576	4058	505	575	995	527
Padi2_-_140924351.23-P2	Padi2_P2	866	720	949	750	960	1198	8423	1004	1405	1610	1096
Htt_+_34761785.23-P1P2	Htt	545	605	588	568	533	729	4963	602	924	1117	625
Ahsg_+_22892098.23-P1P2	Ahsg	586	518	657	563	639	853	6017	835	1027	1160	897
Ndufa8_-_36049249.23-P1P2	Ndufa8	480	532	639	562	625	681	5450	708	954	974	732
Uqcrh_-_116074868.23-P1P2	Uqcrh	396	411	607	515	535	568	4446	544	726	944	664
Coch_+_51593444.23-P1P2	Coch	369	321	430	447	464	517	3673	359	770	889	637
Ngfr_-_95587684.23-P1P2	Ngfr	907	818	885	820	955	999	7636	963	1310	1580	1215
Apc_-_34247734.23-P2	Apc_P2	816	630	982	751	820	872	6309	786	1141	1223	1039
Sbf1_+_89315238.23-P1P2	Sbf1	592	619	834	756	850	721	5947	766	1009	1288	720
Mpo_+_87793779.23-P1P2	Mpo	457	494	562	600	540	582	4879	563	779	891	691
Ddhd2_-_25754348.23-P1P2	Ddhd2	853	765	1052	847	1037	1139	7822	1049	1394	1481	1323
Mme_-_63296268.23-P2	Mme_P2	1042	1213	1338	1018	1208	1257	10091	1435	1731	2000	1689
Slc25a5_-_36795919.23-P1P2	Slc25a5	365	381	495	283	428	511	3299	487	646	682	443
Map2k1_-_64253376.23-P1P2	Map2k1	996	747	1109	1083	1199	1211	9296	1275	1326	1833	1647
Ulk1_+_110809689.23-P1P2	Ulk1	964	1012	1266	1101	1131	1187	9369	1114	1698	1988	1478
Klc3_+_19399628.23-P1	Klc3_P1	1145	989	1193	1116	1270	1318	9870	1267	1210	1674	1566
Nfkbia_-_55492537.23-P1P2	Nfkbia	451	616	805	585	676	764	5714	719	713	1355	981
Uchl4_-_64235230.23-ENSMUST00000039011.3	Uchl4	478	484	621	514	473	488	4363	553	762	1012	739
Rab11a_-_64737645.23-P1P2	Rab11a	459	469	484	366	444	597	4375	555	747	952	528
Clk1_+_58423839.23-P1P2	Clk1	781	640	830	583	883	910	6430	858	1067	1205	904
Gemin4_-_76243713.23-P2	Gemin4_P2	632	471	680	543	716	782	5703	744	801	1046	763
Mpz_+_171155569.23-P1P2	Mpz	626	546	762	569	655	663	5471	766	882	1092	687
Glul_-_153900609.23-P1P2	Glul	1016	808	956	899	1070	1260	7884	950	1348	1474	878
Ndufc2_-_97400102.23-P1P2	Ndufc2	832	746	777	837	855	882	6496	868	954	1052	1045
Aifm1_-_48513356.23-P1P2	Aifm1	673	698	651	761	924	1072	7563	844	1103	1154	843
Ripk1_-_34002454.23-P1P2	Ripk1	612	557	603	596	627	747	5394	707	967	1137	571
Gad2_-_22622611.23-P1P2	Gad2	1501	1527	1814	1419	1681	1888	13893	1649	2248	2669	2124
Supt3_+_44777249.23-P1P2	Supt3	682	781	961	864	915	1002	7318	891	1463	1667	1091
Cox6a2_-_128206317.23-P1P2	Cox6a2	713	521	818	735	759	734	5760	816	965	1062	947
Plb1_-_32247502.23-P1P2	Plb1	926	782	893	849	894	1178	7902	869	1324	1248	936
Metrn_-_25796909.23-P1P2	Metrn	518	662	728	648	683	830	6014	740	737	1263	912
non-targeting_03291	non-targeting	379	362	367	317	357	494	3454	428	455	628	343
Ins2_+_142679645.23-P1	Ins2_P1	646	797	739	642	793	929	6660	942	985	1272	973
Csnk1a1_-_61555354.23-P1P2	Csnk1a1	567	611	579	639	638	688	5494	568	1035	1019	645
Mtor_-_148448652.23-P1P2	Mtor	261	368	308	312	417	370	3001	299	448	597	461
Adap1_+_139325497.23-P1P2	Adap1	817	694	1061	916	937	1102	7791	973	1341	1451	878
Vps41_-_18717362.23-P1P2	Vps41	459	440	479	465	582	594	4402	559	500	894	685
Cd40lg_-_57212193.23-P1P2	Cd40lg	572	824	919	671	874	935	7262	955	1070	1403	1093
Zfp597_+_3884432.23-P1P2	Zfp597	1087	1173	1306	1090	1070	1179	9672	1260	1308	1672	1606
Snca_-_60828800.23-P1P2	Snca	402	555	606	414	615	706	4337	583	786	882	701
Mpp1_-_75130934.23-P1P2	Mpp1	516	467	496	374	486	577	4318	548	627	821	770
Nr4a2_-_57124117.23-P2	Nr4a2_P2	784	745	744	715	838	823	6777	771	1023	1257	817
Cln3_+_126583287.23-P1P2	Cln3	458	550	669	525	616	684	4969	618	681	921	662
Psmb2_-_126677673.23-P1P2	Psmb2	632	623	774	669	668	908	6220	701	893	1292	930
Unc13a_+_71671713.23-P1P2	Unc13a	890	808	959	819	935	999	7251	994	1176	1366	1086
Spg11_+_122118364.23-P1P2	Spg11	1349	1188	1347	1258	1435	1505	11182	1294	1552	2352	2092
Ndufa10_+_92473706.23-P1P2	Ndufa10	1067	871	1149	964	1137	1225	9174	1045	1341	1751	1332
Pou5f1_-_35506252.23-P1P2	Pou5f1	739	714	874	699	787	973	7061	728	903	1486	1137
Il10_+_131020275.23-P1P2	Il10	757	626	741	758	794	880	6561	752	843	1557	936
Cox7a2l_+_83514156.23-P1P2	Cox7a2l	595	636	659	677	697	745	6054	778	968	1259	967
Lrpprc_+_84790818.23-P1P2	Lrpprc	688	710	749	741	819	875	6650	768	1020	1096	765
Fzd9_+_135251193.23-P1P2	Fzd9	590	782	1009	899	932	1069	8030	818	1294	1522	1061
Ppp5c_+_17027764.23-P1P2	Ppp5c	850	656	848	764	993	1048	7478	924	1368	1218	1101
Trp73_+_154139807.23-P1	Trp73_P1	690	605	682	636	821	805	6496	815	1132	1293	1200
Prickle2_-_92480996.23-P2	Prickle2_P2	542	631	557	661	806	832	6587	897	726	1423	761
Sema4a_+_88455693.23-P1P2	Sema4a	738	662	924	791	872	930	7302	862	1002	1573	1064
Zbtb20_-_43621503.23-P1P2	Zbtb20	525	489	515	381	557	558	4072	548	738	910	636
Gch1_-_47189391.23-P1P2	Gch1	473	445	457	394	487	474	3905	409	589	671	479
Wnt11_+_98835137.23-P1	Wnt11_P1	364	494	510	433	537	489	4222	503	625	879	593
Dnali1_-_125065599.23-P1P2	Dnali1	952	924	1158	1060	1166	1206	8906	1090	1300	1802	1337
Decr1_-_15945309.23-P1P2	Decr1	760	878	953	807	1008	1092	7744	1016	1127	1577	1034
Kcne3_+_100178743.23-P1	Kcne3_P1	392	237	291	268	261	421	2829	269	513	712	344
Chl1_+_103511373.23-P1P2	Chl1	338	302	378	410	483	447	3403	395	616	677	466
H2-M10.6_+_36812199.23-ENSMUST00000041398.4	H2-M10.6	754	629	1012	876	789	946	7046	972	1206	1229	965
non-targeting_00545	non-targeting	577	638	734	647	768	756	6514	783	1124	1351	937
Metrn_+_25796867.23-P1P2	Metrn	494	590	598	532	597	741	5350	672	768	1018	788
Glo1_+_30612423.23-P1P2	Glo1	863	714	951	1015	1090	1192	8551	1115	1292	1673	1316
Psap_+_60277749.23-P1P2	Psap	435	516	558	411	574	695	4904	667	812	995	704
Pld3_-_27542753.23-P1	Pld3_P1	621	478	649	584	788	705	5711	591	1059	951	842
Wnt6_-_74771928.23-P1P2	Wnt6	1002	963	987	982	1162	1307	9169	1126	1725	1769	990
Dkk4_-_22624057.23-P1P2	Dkk4	583	552	553	516	683	698	5473	632	993	934	616
Chrm1_-_8664148.23-P1P2	Chrm1	675	611	747	566	653	760	5907	657	1056	1146	909
Ddhd1_+_45658051.23-P1P2	Ddhd1	240	298	252	208	261	248	2278	254	434	365	215
Psmc4_-_28050057.23-P1P2	Psmc4	740	819	945	784	980	1074	7814	911	1191	1721	1226
Msh2_-_87672598.23-P1P2	Msh2	558	620	747	671	757	772	5949	677	789	1161	951
Slc17a6_+_51622099.23-P1P2	Slc17a6	799	779	771	660	926	1058	7821	884	955	1600	1066
Vwa3b_+_37153869.23-P1P2	Vwa3b	483	530	615	471	496	527	4372	545	713	828	780
Dvl2_-_70000637.23-P1P2	Dvl2	809	721	989	939	907	946	7692	828	1305	1554	1074
Qprt_+_127122020.23-P1P2	Qprt	738	563	764	656	627	681	5817	645	881	1039	824
non-targeting_01805	non-targeting	705	511	718	708	671	782	5973	740	921	1386	938
Sema6b_-_56133802.23-P2	Sema6b_P2	557	548	625	518	635	735	5379	546	878	1066	756
Bhlhb9_+_135885904.23-P1P2	Bhlhb9	720	645	782	768	852	934	6656	982	1156	1351	955
Stip1_+_7039902.23-P1P2	Stip1	715	806	1022	845	816	1115	7391	1062	1107	1391	964
Ern1_-_106487785.23-P1P2	Ern1	772	697	968	796	850	969	6500	832	932	1287	1029
Trp53_+_69580414.23-P1P2	Trp53	604	563	836	711	699	890	5918	600	885	1338	792
Atxn2_+_121712064.23-P1P2	Atxn2	375	340	361	291	353	521	3429	493	523	754	628
Tomm40_-_19715192.23-P1P2	Tomm40	617	588	666	667	604	694	5708	715	956	1279	743
Chchd2_+_129887044.23-P1P2	Chchd2	444	445	648	559	540	616	4551	512	647	893	542
Dnal1_-_84114399.23-P1P2	Dnal1	665	348	619	446	529	588	4912	625	742	932	662
Kidins220_-_24974940.23-P1P2	Kidins220	715	900	957	854	967	1154	8570	1078	1478	1701	1200
Prdm12_+_31639804.23-P1P2	Prdm12	493	600	540	566	590	610	4567	524	887	970	787
Aplp1_-_30445325.23-P1P2	Aplp1	1121	1078	1380	1127	1141	1259	9716	1076	1674	1844	1358
H2-M10.6_+_36812205.23-ENSMUST00000041398.4	H2-M10.6	644	713	631	630	725	730	5838	691	1323	1072	714
Ptn_+_36809992.23-P1P2	Ptn	543	639	708	580	647	890	5709	715	1029	1193	1106
Sema4a_+_88455678.23-P1P2	Sema4a	246	281	384	300	400	379	2850	337	637	624	565
Prps1l3_+_57230447.23-P1P2	Prps1l3	1025	973	1091	1027	1059	1256	9377	1150	1367	1810	1260
Dlg4_+_70018462.23-P1	Dlg4_P1	324	263	208	309	331	453	2658	343	331	474	412
Mif_+_75860289.23-P1P2	Mif	513	552	587	673	570	742	5316	637	657	1110	714
Adora3_-_105870967.23-P1P2	Adora3	807	698	807	751	822	1014	6978	899	914	1319	1097
Aifm1_-_48513332.23-P1P2	Aifm1	1498	1405	1990	1438	1983	2084	15466	1899	2253	3018	2431
Gabarap_-_69991671.23-P1P2	Gabarap	649	508	869	589	741	797	6087	681	759	1023	1071
Rbfox3_+_118909534.23-P1P2	Rbfox3	365	405	511	400	535	644	4435	418	806	968	595
Erlin2_+_27024051.23-P1P2	Erlin2	489	691	783	566	676	655	5717	788	885	1099	1067
Brca2_+_150522866.23-P1P2	Brca2	843	822	997	860	903	1186	7881	1029	1225	1409	1417
Dhtkd1_-_5942739.23-P1P2	Dhtkd1	456	368	353	318	430	544	4111	578	719	868	516
Gle1_-_29935465.23-P1P2	Gle1	456	410	521	558	521	562	4609	617	488	649	535
S100b_+_76253923.23-P1P2	S100b	1199	1225	1271	1005	1214	1451	10328	1274	1520	2165	1344
A2m_-_121636302.23-P1P2	A2m	881	722	971	735	865	1039	7370	961	1093	1488	1345
Psmb3_-_97703513.23-P1P2	Psmb3	676	743	937	776	569	644	5101	638	703	755	522
Dync1h1_-_110601670.23-P1P2	Dync1h1	577	677	763	759	714	761	5858	769	738	1196	716
Kif5c_-_49619369.23-P1P2	Kif5c	666	853	879	749	916	932	7063	857	1008	1550	740
Cnp_-_100575068.23-P1P2	Cnp	734	705	856	793	786	934	7040	859	1334	1411	997
Fbln5_-_101818866.23-P1P2	Fbln5	513	513	647	598	553	766	4943	563	907	1024	847
Pla2g6_-_79328151.23-P1P2	Pla2g6	516	496	606	468	470	512	4416	547	539	865	756
Wnt2b_+_104961672.23-P1P2	Wnt2b	863	836	945	839	879	1020	7920	978	1165	1264	1241
Tubb1_-_174450743.23-P1P2	Tubb1	650	502	648	588	555	711	5193	662	967	1028	893
Ifit3_+_34583555.23-P1P2	Ifit3	625	675	649	527	774	837	6311	755	867	1143	1009
Wnt7a_-_91411317.23-P1P2	Wnt7a	383	430	562	385	479	542	4123	543	465	610	460
Slc6a3_-_73536856.23-P1P2	Slc6a3	622	613	699	572	724	774	5962	761	944	1274	893
non-targeting_01100	non-targeting	640	627	753	494	637	693	5500	565	952	1095	679
Cnr2_+_135911942.23-P2	Cnr2_P2	502	530	745	472	664	739	5956	598	926	1094	833
Casp8_-_58795419.23-P1P2	Casp8	1077	852	955	773	1044	1178	8412	1070	1407	1673	1183
H2-M10.1_-_36326123.23-ENSMUST00000025322.7	H2-M10.1	296	354	494	374	457	436	3821	467	561	904	463
Lamp1_-_13159448.23-P1P2	Lamp1	1030	854	1007	808	937	1124	8706	943	1564	1553	1304
Gstm7_-_107931672.23-P1P2	Gstm7	430	407	514	455	583	567	4243	672	583	858	607
Atp5d_+_80142392.23-P1P2	Atp5d	705	799	754	785	726	801	6257	645	957	1413	1043
Ascc1_+_60002866.23-P1P2	Ascc1	621	663	926	628	736	875	6565	770	1066	1575	1152
Ocln_+_100552578.23-P1P2	Ocln	1022	954	1277	1123	1200	1519	10082	1352	1204	2002	1400
Snx27_+_94582493.23-P1P2	Snx27	637	510	719	615	665	716	5503	740	925	1196	606
Apoe_+_19698977.23-P1P2	Apoe	461	429	477	466	488	607	4102	500	589	834	427
Fasl_-_161788348.23-P1P2	Fasl	613	640	709	651	669	782	5818	748	965	1106	810
Shh_+_28466921.23-P1P2	Shh	962	942	1023	959	1032	1147	8540	1211	1383	1887	1391
Psmb4_+_94886904.23-P1P2	Psmb4	526	516	590	633	355	294	2876	359	123	423	162
Csnk2a1_+_152226599.23-P1P2	Csnk2a1	410	415	504	380	505	491	3929	530	521	668	472
Pank2_-_131262721.23-P1P2	Pank2	652	563	796	665	773	810	5330	645	821	1028	859
Slc30a10_-_185455132.23-P1P2	Slc30a10	740	567	554	530	616	645	5151	701	856	1130	907
Uqcrq_+_53430789.23-P1P2	Uqcrq	610	556	715	605	684	760	6668	870	1055	1395	988
Jph3_+_121730148.23-P1P2	Jph3	1378	1251	1687	1361	1493	1680	12986	1563	2122	2418	1938
Atf4_+_80255491.23-P1P2	Atf4	406	389	436	431	409	451	3483	402	669	702	516
Trpc3_-_36690147.23-P1P2	Trpc3	1043	1004	1176	1021	1217	1308	9864	1422	1583	1939	1213
Notch1_-_26503708.23-P1P2	Notch1	916	824	990	939	936	1022	8115	984	1212	1681	1139
Apbb1_+_105581226.23-P1P2	Apbb1	722	783	945	784	942	997	7669	898	1388	1442	1002
Oxr1_-_41789018.23-ENSMUST00000170127.1	Oxr1	617	596	671	564	634	669	5234	808	807	1185	629
Th_-_142899944.23-P1P2	Th	737	680	775	744	665	787	5827	757	805	1030	727
Ncl_-_86359281.23-P1P2	Ncl	849	761	1092	977	1076	1161	8280	1107	1455	1789	1388
Ube2g1_+_72607488.23-P1P2	Ube2g1	359	276	387	278	314	333	2547	403	411	570	482
Atg5_-_44268542.23-P1P2	Atg5	619	529	748	599	691	646	5015	593	655	964	825
Cyp2d10_+_82406781.23-P1P2	Cyp2d10	761	838	936	740	850	1073	7382	969	1325	1315	945
Slc30a10_+_185455115.23-P1P2	Slc30a10	710	653	719	764	778	901	6629	753	962	1079	1034
Ina_+_47014696.23-P1P2	Ina	601	569	733	602	729	816	6294	769	1019	1483	889
Junb_+_84978659.23-P1P2	Junb	777	903	987	1021	943	1009	7661	957	1349	1565	1200
Nlrp3_+_59542763.23-P2	Nlrp3_P2	305	332	433	278	375	410	3563	476	466	694	627
Coasy_+_101082668.23-P1P2	Coasy	823	1005	976	1012	1134	1200	8822	1001	1482	1866	1196
Bag6_+_35135256.23-P1P2	Bag6	650	551	639	616	706	755	5498	585	905	1046	993
Xpnpep1_-_53038551.23-P1P2	Xpnpep1	833	804	1161	735	941	1071	8214	1236	1099	1551	1241
Kat2a_-_100712420.23-P1P2	Kat2a	894	906	1280	1105	1018	1279	9629	1233	1590	1681	1323
Xbp1_+_5521087.23-P1P2	Xbp1	771	834	960	615	820	1029	7364	912	1064	1413	1090
Rab5a_-_53479323.23-P1P2	Rab5a	1061	1135	1141	1119	1222	1487	10503	1419	1655	2256	1642
Tnfrsf21_+_43016577.23-P1P2	Tnfrsf21	941	834	1233	1001	1049	1224	9014	1035	1395	1918	1006
Nox1_+_134111731.23-P1P2	Nox1	286	392	515	411	528	513	4182	537	790	786	547
Tppp_-_74009683.23-P1P2	Tppp	553	650	791	569	749	977	6634	722	1102	1285	795
Lsm2_+_34981936.23-P1P2	Lsm2	348	256	439	384	327	544	3376	406	381	663	388
Ewsr1_+_5098995.23-P1P2	Ewsr1	985	991	1217	1049	1234	1241	9631	1141	1561	1845	1602
Fzd9_+_135251127.23-P1P2	Fzd9	458	525	450	385	506	398	3896	559	581	838	711
Lep_-_29060259.23-P1P2	Lep	600	630	685	819	757	911	5754	792	1147	1256	1162
1700013F07Rik_-_108537570.23-P1P2	1700013F07Rik	451	466	457	451	522	600	4083	517	777	899	455
Spg21_+_65460987.23-P1P2	Spg21	337	328	362	243	321	324	2574	268	262	532	389
Itpr1_-_108213226.23-P1P2	Itpr1	495	538	735	543	464	610	4826	560	871	1037	746
Jun_-_95052113.23-P1P2	Jun	618	687	880	744	962	905	7041	881	727	1169	1130
Samd9l_+_3399375.23-P1P2	Samd9l	650	644	725	639	700	898	6694	752	865	1256	974
Slc11a2_-_100424156.23-P2	Slc11a2_P2	822	862	975	1146	947	1300	9430	1132	1269	1584	1349
Tnfrsf1a_+_125350032.23-P1P2	Tnfrsf1a	1075	1158	1366	1169	1291	1348	10735	1292	2012	2146	1592
Canx_-_50325614.23-P1P2	Canx	849	916	1189	878	1072	1248	8809	1057	1418	1882	1317
Ndufs5_+_123718102.23-P1P2	Ndufs5	759	937	879	724	944	1183	7562	871	1217	1527	1123
Hexb_-_97198294.23-P1P2	Hexb	1371	1434	1627	1647	1766	2168	14040	1631	1885	2628	2044
non-targeting_02872	non-targeting	955	691	979	848	981	1092	8220	925	1271	1805	1145
Calm4_-_3837937.23-ENSMUST00000042219.4	Calm4	1025	911	1007	946	1205	1382	9917	1036	1349	1932	1344
Fgf2_-_37348678.23-ENSMUST00000038885.3	Fgf2	712	712	878	880	766	861	6897	756	1104	1416	1048
Psmd1_+_86064685.23-P1P2	Psmd1	1083	852	1173	884	1058	1209	8278	934	1335	1646	1361
Dnah5_-_28203793.23-P1P2	Dnah5	784	970	1025	888	1144	1005	8174	977	1184	1791	1558
Ngf_-_102469945.23-P1P2	Ngf	621	689	771	757	816	851	6763	834	1011	1413	929
Ubqln2_-_153498224.23-P1P2	Ubqln2	910	874	955	887	990	1043	7669	1001	1389	1539	939
Nbr1_-_101552960.23-P1P2	Nbr1	704	693	779	675	784	873	6621	805	938	1284	817
Tnf_+_35201975.23-P1P2	Tnf	495	456	532	448	522	559	4427	466	657	934	632
Ap4b1_+_103809632.23-P1P2	Ap4b1	802	609	1035	849	938	1049	7920	971	1232	1644	1278
Wnt8a_-_34542360.23-ENSMUST00000012426.2	Wnt8a	804	701	929	848	899	860	7392	939	979	1629	1267
Snap25_+_136713530.23-P1P2	Snap25	611	677	797	638	779	846	6322	790	1137	1197	1146
Cabin1_+_75764305.23-P1P2	Cabin1	733	614	888	668	919	921	6890	962	975	1230	920
Msra_-_64440868.23-P1P2	Msra	964	928	1068	907	1167	1261	9935	1186	1232	2027	1494
Sqstm1_-_50210734.23-P1	Sqstm1_P1	946	1059	1202	1048	975	1122	8625	940	1669	2215	1868
Uqcr11_-_80406491.23-P1P2	Uqcr11	668	649	715	611	664	705	5862	783	954	1321	972
Gpx2_-_76795444.23-P1P2	Gpx2	554	505	865	582	633	703	5693	689	794	949	875
Anxa1_+_20390610.23-P1P2	Anxa1	564	496	631	591	455	618	4333	503	744	820	775
Comt_+_18426323.23-P1P2	Comt	669	974	908	941	1059	1130	8947	1109	1420	1862	1278
Psmb3_-_97703653.23-P1P2	Psmb3	852	925	1166	747	898	935	7621	827	1219	1501	1057
Erlin1_+_44069768.23-P1P2	Erlin1	531	536	576	551	599	617	4648	614	728	900	699
Vps13c_+_67840461.23-P1P2	Vps13c	285	259	453	341	323	435	3259	416	489	613	470
Ifit3_+_34583594.23-P1P2	Ifit3	905	653	768	797	905	858	7411	874	1137	1422	929
Cox8b_-_140900330.23-P1P2	Cox8b	917	915	1180	822	1055	1079	8261	799	1325	1602	1282
Atg2b_-_105685233.23-P1P2	Atg2b	550	472	720	575	769	790	5813	627	923	1270	855
Sdhc_+_171150376.23-P1P2	Sdhc	588	610	650	687	669	773	5330	602	644	924	787
Stub1_+_25832845.23-P1P2	Stub1	563	575	765	663	863	949	6574	772	1047	1413	969
Eif2ak2_-_78882524.23-P1P2	Eif2ak2	1033	1178	1328	1241	1270	1520	10612	1299	1836	2020	1467
Rbm8a_-_96630177.23-P1P2	Rbm8a	424	422	513	468	375	281	2936	361	207	454	159
Mgst1_-_138140542.23-P1P2	Mgst1	824	748	1055	864	926	1126	8131	926	1412	1615	999
non-targeting_01122	non-targeting	707	754	677	659	695	778	5814	641	857	1285	933
Adrm1_+_180171649.23-P1P2	Adrm1	355	507	515	566	574	558	4054	473	699	882	521
Camk2a_-_60925690.23-P1P2	Camk2a	505	606	514	574	609	689	5387	634	972	948	747
Wnt5b_+_119544269.23-P1P2	Wnt5b	667	683	606	565	790	843	6208	682	1083	1145	1032
Nr3c1_-_39490491.23-P1P2	Nr3c1	760	845	931	886	875	1106	8156	892	1359	1855	1328
Tor1a_-_30967859.23-P1P2	Tor1a	433	346	488	298	372	540	3611	467	714	672	539
Park7_+_150909824.23-P1	Park7_P1	805	629	762	661	949	809	7296	894	989	1501	1172
Nox4_-_87246862.23-P1P2	Nox4	524	612	818	730	676	837	6005	707	627	1155	807
Tsen54_+_115814782.23-P1P2	Tsen54	620	595	763	569	722	859	5856	710	528	750	583
Tead1_-_112679660.23-P1P2	Tead1	759	841	815	711	814	898	6703	779	1208	1379	955
Trip4_-_65908727.23-P2	Trip4_P2	376	409	612	447	557	577	4338	561	690	890	688
Nhlrc2_-_56548565.23-P1P2	Nhlrc2	617	585	623	788	808	745	6011	830	1196	946	1006
Cox8a_-_7217556.23-P1P2	Cox8a	653	673	775	761	626	817	6100	644	861	1241	869
Wnt5a_+_28505823.23-P1	Wnt5a_P1	793	864	968	840	893	1049	7656	1143	1136	1401	919
Sema3c_-_17574782.23-P1P2	Sema3c	619	565	596	659	641	733	5623	595	709	1261	925
Abcb1b_+_8798154.23-P1P2	Abcb1b	754	682	868	609	889	971	7394	968	1193	1584	1078
Slc11a2_+_100424095.23-P2	Slc11a2_P2	534	512	724	539	640	754	5418	563	702	1138	784
non-targeting_03939	non-targeting	555	578	753	525	625	840	5725	826	1062	1224	822
Tbp_-_15499996.23-P1P2	Tbp	848	699	768	797	791	937	6946	788	1094	1394	930
Ube2l3_+_17201370.23-P1P2	Ube2l3	612	638	680	575	778	794	5845	713	1012	1155	1233
Abcb1b_+_8798198.23-P1P2	Abcb1b	511	530	594	611	535	476	4784	489	928	954	844
Tat_-_109990486.23-P1P2	Tat	468	498	601	651	601	666	5307	663	909	1365	782
Prps1l3_+_57230674.23-P1P2	Prps1l3	293	337	332	301	332	344	2862	413	425	496	460
Chrna7_+_63212456.23-P1P2	Chrna7	590	752	825	662	703	896	6192	825	890	1282	1086
Nes_+_87971091.23-P1P2	Nes	977	880	1147	835	993	1094	8067	1099	1248	1566	1527
Ccl3_-_83649173.23-P1P2	Ccl3	296	361	428	281	406	457	3191	393	436	730	502
P2rx7_+_122643981.23-P1P2	P2rx7	587	490	702	443	548	643	4733	542	898	901	716
Ctsd_-_142387805.23-P1P2	Ctsd	835	793	999	881	907	1093	7601	918	574	876	547
Ndrg1_+_66969220.23-P1P2	Ndrg1	673	748	687	790	875	940	6758	710	971	1198	961
Cdc27_+_104550517.23-P1P2	Cdc27	486	628	584	701	698	757	5941	700	940	1186	710
Tmem230_+_132247547.23-P1P2	Tmem230	259	253	449	306	390	368	3207	368	522	706	490
Ang_-_51096436.23-P1	Ang_P1	883	935	1051	752	1056	1156	8060	1041	1286	1733	1258
Tmprss4_+_45203988.23-P1P2	Tmprss4	844	892	1240	874	1007	1114	8276	1122	1366	1706	1142
Rab8a_+_72161422.23-P1P2	Rab8a	550	566	544	558	520	729	5006	484	702	996	832
Gad1_+_70562151.23-P1P2	Gad1	476	578	662	604	690	760	5375	717	1102	1387	808
Blvra_+_127080500.23-P2	Blvra_P2	471	432	479	437	528	557	3862	480	601	899	642
Camk2g_+_20793997.23-P1P2	Camk2g	1128	1157	1240	1399	1375	1384	11740	1372	1826	2174	1835
Dnajc13_+_104262895.23-P1P2	Dnajc13	375	389	488	505	434	527	3561	501	711	799	607
Hspb3_-_113663559.23-P1P2	Hspb3	303	305	323	330	292	367	2916	252	480	581	383
Pdk3_+_93832107.23-P1P2	Pdk3	805	869	915	864	966	978	8402	1015	1446	1692	1246
Zfyve26_+_79296264.23-P1P2	Zfyve26	780	813	957	889	814	864	7411	810	1145	1443	1033
Agtpbp1_-_59557262.23-P1P2	Agtpbp1	606	739	803	689	794	692	6138	733	1224	1660	1211
Gpx7_-_108406702.23-P1P2	Gpx7	747	952	1089	811	885	1051	7966	861	1494	1485	1254
Psmb6_-_70525438.23-P1P2	Psmb6	957	995	1035	877	370	492	3665	297	237	419	113
Fus_-_127967513.23-P1P2	Fus	604	622	742	691	748	893	6548	866	1180	1314	1015
Sema6b_+_56133813.23-P2	Sema6b_P2	576	636	584	750	739	823	5936	706	876	1093	863
Dcx_-_143933071.23-P1P2	Dcx	735	552	693	694	743	856	6618	794	922	1177	588
Tuba1b_+_98934456.23-P1P2	Tuba1b	495	535	625	555	704	827	5485	646	994	912	779
Kif5b_+_6241434.23-P1P2	Kif5b	1259	1348	1646	1156	1575	1798	13096	1696	2128	2588	2004
Cacna1a_+_84415608.23-ENSMUST00000121390.1	Cacna1a	550	597	648	597	613	770	5549	701	829	1148	906
Grm2_+_106656033.23-P1P2	Grm2	811	830	912	854	1016	1222	7875	1032	1274	1376	1181
Synm_-_67759743.23-P1P2	Synm	825	813	1138	971	1154	1222	9255	1212	1460	2003	1481
Atf2_+_73892604.23-P1P2	Atf2	705	697	802	768	858	962	6975	857	1238	1510	1135
Gchfr_+_119167835.23-P1P2	Gchfr	741	785	906	800	936	971	7585	823	1574	1654	993
Sv2a_+_96181212.23-P1P2	Sv2a	381	327	402	348	367	485	3553	439	445	642	411
Ndufa4l2_+_127515031.23-P1P2	Ndufa4l2	624	806	812	745	717	871	6997	882	963	1263	878
Wnt7b_-_85581893.23-P1	Wnt7b_P1	350	377	495	334	380	436	3134	342	390	666	469
Scp2_-_108118586.23-ENSMUST00000030340.8	Scp2	313	320	390	391	377	500	3147	361	370	584	466
Cox8b_-_140900380.23-P1P2	Cox8b	610	523	683	588	623	701	5705	569	846	1066	683
Cacna1d_+_30353492.23-P1P2	Cacna1d	406	508	659	414	506	693	5099	643	672	931	716
Traf2_-_25546867.23-P1P2	Traf2	835	920	1049	905	1004	1145	8604	1055	1629	1584	1296
Gpr37_+_25689462.23-P1P2	Gpr37	656	519	573	552	600	752	4845	515	837	857	622
Aco2_+_81872684.23-P1P2	Aco2	528	529	635	518	655	732	5280	589	680	965	573
Glo1_-_30612626.23-P1P2	Glo1	523	474	640	611	729	726	5643	687	916	1089	1000
Elavl4_+_110286923.23-P1P2	Elavl4	866	764	1062	790	1129	1066	8998	1119	1397	1676	1303
Chat_-_32465800.23-P2	Chat_P2	833	943	756	941	998	1013	7733	886	1155	1575	1099
Akt1_+_112674185.23-P1P2	Akt1	847	781	1104	905	893	1180	8042	996	1352	1626	1263
Ndufb10_+_24724350.23-P1P2	Ndufb10	714	612	795	705	752	963	6552	698	1065	1320	1025
Cyp2d11_+_82393541.23-ENSMUST00000170255.1	Cyp2d11	478	643	645	576	577	855	5489	737	799	1136	701
Pon3_-_5256203.23-P1P2	Pon3	799	795	949	785	909	1027	8180	1015	1183	1773	1222
Psmc2_-_21785301.23-P1	Psmc2_P1	494	510	743	557	645	734	5072	661	908	1089	758
Atp5h_-_115419742.23-P1P2	Atp5h	521	657	711	665	691	779	6125	763	1198	1055	1045
Abcb6_-_75180366.23-P1P2	Abcb6	1410	1436	1855	1462	1571	1796	13604	1471	1827	2742	1794
Stip1_+_7039934.23-P1P2	Stip1	696	662	993	769	788	974	6896	884	1147	1593	936
Ralgps2_+_156939544.23-P1P2	Ralgps2	940	1141	1109	979	1231	1247	9743	1332	1632	1772	1535
Slc9a5_-_105348228.23-P1P2	Slc9a5	367	354	417	447	498	539	4151	518	771	775	705
Ngb_-_87102308.23-P1P2	Ngb	498	405	513	474	577	672	4800	712	728	870	915
Axin2_+_108920879.23-P1P2	Axin2	713	721	772	815	825	1005	7117	867	1147	1269	1071
Pparg_-_115361322.23-P1P2	Pparg	986	984	1404	1135	1220	1415	11379	1277	1438	2057	1297
Map2k5_-_63377848.23-P1P2	Map2k5	1068	975	1376	1057	1007	1212	9099	1219	1549	2142	1163
Igfals_-_24878803.23-P1P2	Igfals	525	424	509	449	564	726	4635	621	770	1030	589
Ager_+_34597896.23-P1P2	Ager	887	779	1122	1012	1080	1326	8473	1076	1917	1805	1073
Ndufa4l2_-_127515001.23-P1P2	Ndufa4l2	428	528	563	418	499	624	4715	490	777	882	729
Slc6a4_-_77009364.23-P1	Slc6a4_P1	1148	1211	1608	1406	1478	1794	12419	1668	1934	2285	1819
Nlrp3_-_59542733.23-P2	Nlrp3_P2	594	729	645	690	764	753	5917	820	903	1405	1084
Wnt8a_+_34542350.23-ENSMUST00000012426.2	Wnt8a	529	590	586	588	616	759	5508	611	892	992	979
Ctsf_+_4855183.23-P1P2	Ctsf	321	352	374	314	351	409	3063	378	617	746	578
Klf4_+_55532420.23-P1P2	Klf4	279	195	291	286	208	277	1968	220	331	406	310
Tmprss4_+_45204006.23-P1P2	Tmprss4	832	705	700	700	808	843	6096	689	1103	1157	971
Pnpla6_+_3516904.23-P2	Pnpla6_P2	753	653	980	676	871	937	7298	827	1097	1373	946
Hap1_-_100356006.23-P1P2	Hap1	439	490	584	419	484	460	3989	546	579	832	617
Rb1_-_73325771.23-P1P2	Rb1	685	702	885	799	838	897	7678	967	1122	1481	964
Rims2_+_39198335.23-ENSMUST00000082054.5,ENSMUST00000042917.9	Rims2	937	948	1249	1004	1087	1230	9350	1200	1572	2058	1500
Ctsd_-_142387794.23-P1P2	Ctsd	672	585	725	666	705	872	6412	686	928	1323	918
Grin2b_+_136172089.23-P1P2	Grin2b	491	472	490	540	568	613	4634	725	819	717	664
Cacna1f_+_7607187.23-P1P2	Cacna1f	990	763	1061	896	955	1089	8308	1025	1395	1707	1192
Tfcp2_+_100551936.23-P1P2	Tfcp2	567	592	707	720	747	934	5949	715	820	1012	784
Nefh_+_4947920.23-P1P2	Nefh	618	808	734	705	747	852	6653	907	913	1137	1069
Lamp1_-_13159318.23-P1P2	Lamp1	927	947	1114	985	1139	1273	10159	1255	1808	1916	1465
Sirt5_+_43365531.23-P1P2	Sirt5	532	494	571	499	566	701	4435	489	800	1007	641
Pde8b_+_95223027.23-P2	Pde8b_P2	673	641	667	687	709	800	5918	853	1007	1276	960
Pink1_+_138326212.23-P1P2	Pink1	1148	1067	1275	1196	1260	1522	11022	1260	1574	2098	1598
Ung_-_114131232.23-P1P2	Ung	541	465	717	557	775	862	5559	547	784	1337	796
Park7_+_150909802.23-P1	Park7_P1	955	1022	1242	1077	1164	1140	8838	1011	1589	2054	1310
Igf1_+_87859311.23-P1	Igf1_P1	593	466	687	558	637	747	5352	705	901	1159	614
Dnah7a_+_53706770.23-P1P2	Dnah7a	814	589	686	738	754	740	6956	971	1048	1306	930
Ap4e1_-_127008773.23-P1P2	Ap4e1	812	668	936	734	866	953	7136	848	1153	1363	1162
Tnfrsf1a_+_125349795.23-P1P2	Tnfrsf1a	767	686	560	605	775	824	6928	856	786	1381	1431
Psmb4_+_94886922.23-P1P2	Psmb4	618	642	782	612	759	791	5984	624	989	1142	961
Dnajb1_-_83608287.23-P1P2	Dnajb1	821	684	876	657	809	951	7165	859	1157	1191	925
Dlg4_+_70018452.23-P1	Dlg4_P1	476	469	609	530	486	554	4314	533	728	938	662
Wnk1_-_120038639.23-P1P2	Wnk1	617	746	804	876	834	1004	7058	948	865	1371	939
Adora3_+_105871142.23-P1P2	Adora3	955	1141	1203	933	1176	1295	9633	1199	1764	2217	1512
Timp3_+_86300598.23-P1P2	Timp3	320	338	522	394	373	521	3412	355	447	720	549
Itgam_-_128062778.23-P1P2	Itgam	477	435	456	477	571	641	4222	618	728	927	724
Slc9a1_+_133369843.23-P1P2	Slc9a1	734	768	828	818	890	870	6819	820	1127	1490	1197
1600014C10Rik_+_38183877.23-P1P2	1600014C10Rik	686	659	824	634	722	1021	6490	788	950	1434	979
Ap5z1_-_142464054.23-P1P2	Ap5z1	1047	808	991	1062	1108	1232	9307	1089	1477	1689	1170
Mbp_+_82554549.23-P1P2	Mbp	1014	875	1379	1029	1155	1262	9315	1168	1464	1880	1510
Ndufa5_-_24527475.23-P1P2	Ndufa5	653	565	641	506	635	708	5158	624	894	1099	628
Nipa1_-_56019493.23-P1P2	Nipa1	624	789	862	760	848	908	7088	704	1101	1425	964
Sema4a_+_88455731.23-P1P2	Sema4a	830	761	936	807	962	1049	8125	1059	1096	1389	894
Ppp3r1_-_17159357.23-P1P2	Ppp3r1	411	448	623	586	634	727	5104	551	957	1106	887
Jund_-_70699145.23-P1P2	Jund	1152	1023	1204	1164	1213	1427	9935	1253	1650	2099	1303
non-targeting_03403	non-targeting	367	415	576	417	484	509	3944	489	597	871	804
Epo_+_137533248.23-P1P2	Epo	626	561	729	525	643	779	5382	707	927	1152	1063
Il6_+_30013186.23-P1P2	Il6	848	850	800	745	960	1069	7583	946	1203	1556	1206
Apbb1_+_105581223.23-P1P2	Apbb1	523	735	711	733	678	791	5865	685	945	1059	758
non-targeting_00971	non-targeting	572	810	827	800	767	820	6790	893	1036	1299	989
Tank_-_61593196.23-P1	Tank_P1	1179	1146	1460	1494	1450	1594	12689	1693	2284	2618	1923
Reps1_-_18055616.23-P1P2	Reps1	992	917	1010	903	1036	1166	8281	1117	1223	1924	1322
Stxbp5l_+_37384893.23-P1P2	Stxbp5l	724	696	745	649	834	884	6430	752	853	1276	680
Ly6e_+_74955666.23-P1P2	Ly6e	205	266	318	268	276	307	2352	341	388	390	287
Kat5_+_5610056.23-P1P2	Kat5	658	954	862	950	837	952	7619	919	1170	1623	940
Serpina3j_-_104314572.23-ENSMUST00000109957.2	Serpina3j	504	550	627	584	448	548	4605	406	1060	1184	897
Fbxo38_+_62548657.23-P1P2	Fbxo38	518	419	495	504	531	600	4561	632	768	917	760
Csnk1e_+_79441955.23-P1P2	Csnk1e	761	825	1197	902	1176	1275	8763	1164	1404	1926	1542
Psen1_-_83688258.23-P1P2	Psen1	675	499	630	635	669	632	5514	810	1041	1130	956
Ndufa12_-_94199072.23-P1P2	Ndufa12	1024	1091	1338	1237	1288	1324	10607	1313	1596	2488	1531
Cav2_-_17281307.23-P1P2	Cav2	683	744	708	621	730	771	5548	785	890	1236	914
Wnt11_-_98835140.23-P1	Wnt11_P1	468	380	603	657	566	581	4711	526	678	1023	915
Atp2a2_-_122502154.23-P1P2	Atp2a2	480	485	754	482	591	705	4655	530	743	1056	576
Pomc_+_3955032.23-P1P2	Pomc	814	783	964	896	937	1039	8001	932	1240	1597	1006
Atg13_+_91710519.23-P1P2	Atg13	352	332	546	444	454	502	4254	549	739	834	570
Calm3_-_16924066.23-ENSMUST00000019514.9	Calm3	769	711	808	857	917	1009	7600	978	1053	1403	1180
Pin1_-_20652135.23-P1P2	Pin1	762	653	734	875	913	1017	7795	869	1375	1763	1186
Casp1_-_5298723.23-P1P2	Casp1	373	289	290	294	349	362	3168	486	572	698	410
Dnah11_-_118198924.23-P1P2	Dnah11	767	894	849	907	923	1099	7658	864	1103	1638	1183
Cfl2_-_54862379.23-P1P2	Cfl2	772	879	834	773	899	949	7059	829	1194	1408	1056
Pnkp_+_44857397.23-P1P2	Pnkp	485	452	528	471	627	621	4825	584	799	939	669
Clk1_-_58423975.23-P1P2	Clk1	522	479	604	549	550	563	4639	468	868	956	511
Tspo_-_83563662.23-P1P2	Tspo	434	412	543	513	462	519	4096	454	691	828	731
Slc6a4_-_76998628.23-P2	Slc6a4_P2	687	607	698	680	692	830	5819	700	879	1231	973
Timm8a1_-_134541882.23-P1P2	Timm8a1	438	352	446	400	383	485	3364	445	606	754	571
Tppp3_+_105471363.23-P1P2	Tppp3	972	1025	1225	1193	1069	1339	9751	1314	1416	1539	1353
Wnk1_-_120038599.23-P1P2	Wnk1	544	695	713	757	692	667	5750	787	1079	1291	846
Pon1_-_5193726.23-P1P2	Pon1	782	669	867	700	848	899	7551	865	1070	1534	1068
Hpdl_-_116821489.23-P1P2	Hpdl	828	749	838	711	824	1080	7253	883	1196	1285	861
Epg5_-_77938502.23-P1P2	Epg5	473	445	543	498	490	522	4461	611	815	1035	765
Apcs_+_172894894.23-P1P2	Apcs	1211	1221	1246	1258	1438	1761	12624	1536	1728	2146	1852
Tfrc_+_32609065.23-P1P2	Tfrc	468	394	541	521	473	504	4107	476	526	806	425
Psmc4_+_28050011.23-P1P2	Psmc4	802	786	915	696	426	381	3664	337	244	525	281
Tuba8_-_121210827.23-P1P2	Tuba8	1119	1197	1631	1227	1418	1364	11413	1358	1912	2450	1560
Rpgr_-_10216628.23-P1P2	Rpgr	681	582	754	672	835	804	6693	762	1006	1330	1106
Fn1_-_71653120.23-P1P2	Fn1	710	779	856	791	921	1025	8532	1091	1215	1972	1210
Slc17a7_-_45163975.23-P1P2	Slc17a7	772	559	926	795	852	1066	7197	879	1045	1420	1056
Lmnb2_-_80918165.23-P1P2	Lmnb2	944	944	1204	783	1038	1264	8559	1085	1660	1671	1294
Dctn6_+_34108393.23-P1P2	Dctn6	507	475	522	402	484	529	4359	576	718	800	577
Fgf1_+_38918656.23-P1P2	Fgf1	205	179	257	140	244	239	1789	249	308	321	346
Cpn1_-_43986473.23-P1P2	Cpn1	642	882	855	757	840	1002	7439	803	1228	1526	998
Gdap1_-_17145434.23-P1P2	Gdap1	793	789	892	704	699	793	6449	817	912	1046	906
Padi2_-_140906451.23-P1	Padi2_P1	823	662	765	666	802	851	6310	853	1177	1379	1175
Atp5c1_+_10080390.23-P1P2	Atp5c1	707	664	717	585	677	882	5934	706	775	1102	757
Nxnl1_-_71566626.23-P1P2	Nxnl1	544	556	658	558	720	832	5982	689	1071	1378	735
Slc18a1_-_69077229.23-P2	Slc18a1_P2	792	764	845	720	864	969	7793	881	1292	1525	883
Disc1_+_125054142.23-P1P2	Disc1	747	791	908	835	826	1071	7302	999	1155	1409	1135
Pparg_+_115361283.23-P1P2	Pparg	753	724	1027	725	955	1157	7803	1054	1106	1474	1074
Mtdh_+_34082722.23-P1P2	Mtdh	642	540	608	479	549	667	5021	669	723	1100	892
Ndufa7_-_33824590.23-P1P2	Ndufa7	710	651	716	756	779	833	5750	859	870	1195	967
S100a10_+_93555390.23-P1P2	S100a10	621	440	644	593	527	554	4806	626	801	1026	704
Lyst_-_13590496.23-P1P2	Lyst	375	454	462	487	513	509	3674	514	601	797	543
Lingo1_-_56635270.23-P1P2	Lingo1	664	744	723	841	811	949	6707	789	1078	1437	998
Ighmbp2_+_3282959.23-P1P2	Ighmbp2	386	435	449	321	488	585	4311	442	511	745	763
Dctn4_-_60526256.23-P1P2	Dctn4	1137	950	1301	1110	1285	1448	10115	1419	1131	1799	1283
Mpg_+_32226624.23-P1P2	Mpg	582	558	563	626	702	735	5232	674	747	960	895
Pnpla6_-_3516918.23-P2	Pnpla6_P2	962	984	996	962	1166	1291	9221	1011	1230	1777	1408
Trpv4_+_114658361.23-P1P2	Trpv4	875	764	1052	844	915	1100	8270	975	1118	1628	1327
Creb1_+_64532868.23-P1P2	Creb1	1201	1053	1231	1185	1232	1555	10461	1212	1633	1980	1444
Pcyt2_+_120617843.23-P1P2	Pcyt2	583	527	659	488	627	575	4717	621	639	773	556
Pvalb_-_78203988.23-P2	Pvalb_P2	610	633	895	592	703	993	6229	761	1045	1029	952
Gpx7_-_108406691.23-P1P2	Gpx7	583	395	553	488	617	554	5004	616	651	948	865
Lrp6_+_134566947.23-P1P2	Lrp6	772	1053	1012	911	1037	1198	8484	1076	1273	1669	1464
Vamp2_+_69088515.23-P1P2	Vamp2	807	845	971	766	908	984	7181	938	1109	1512	1199
Tubb2a_+_34077961.23-P1P2	Tubb2a	705	544	713	630	804	908	6341	785	1051	1278	954
Pld3_-_27542736.23-P1	Pld3_P1	222	281	437	375	353	342	2928	322	465	638	465
Pak3_+_143518818.23-P2	Pak3_P2	805	693	1042	943	787	876	7576	948	1141	1424	1144
Junb_+_84978675.23-P1P2	Junb	630	512	617	627	685	626	5251	672	889	953	713
Uqcr11_+_80406786.23-P1P2	Uqcr11	785	718	766	837	918	1013	7670	1057	1257	1829	1240
Cln3_+_126583172.23-P1P2	Cln3	489	588	734	722	646	758	5543	726	934	1058	879
Rbm8a_-_96630396.23-P1P2	Rbm8a	669	588	748	623	568	648	5300	687	804	1018	615
Unc80_-_66468000.23-P1P2	Unc80	618	499	550	536	640	674	5316	658	792	953	711
Tubb4b_+_25224686.23-P1P2	Tubb4b	666	688	780	442	806	855	6198	902	880	1281	940
Slc18a1_+_69089145.23-P1	Slc18a1_P1	768	908	896	803	513	606	5137	499	322	761	336
Exosc3_+_45320554.23-P1P2	Exosc3	800	910	802	734	844	1068	7902	916	1036	1513	1119
Rhoa_+_108306459.23-P1P2	Rhoa	539	533	648	516	651	724	5326	629	747	1234	867
Fus_-_127967597.23-P1P2	Fus	753	680	1026	783	895	997	7516	963	1123	1552	1050
Cd55_-_130462702.23-P1P2	Cd55	674	619	852	812	755	827	6724	678	1061	1360	956
Synj1_+_91010998.23-P1P2	Synj1	998	1112	1444	1199	1210	1268	9864	1322	1636	2204	1769
Csnk1a1_-_61555371.23-P1P2	Csnk1a1	952	798	938	854	812	993	7426	999	1528	1567	962
Lmx1b_+_33640862.23-P1P2	Lmx1b	719	533	722	557	743	879	5999	774	922	1172	795
Epha8_+_136956560.23-P1P2	Epha8	729	684	834	683	766	893	6647	879	1133	1368	1038
Pnpt1_+_29130786.23-P1P2	Pnpt1	789	751	830	829	932	986	7128	855	874	1532	846
Cox7a2l_-_83514335.23-P1P2	Cox7a2l	661	517	678	594	695	683	5779	629	884	1053	811
Ube2j2_-_155943906.23-P1P2	Ube2j2	273	290	410	390	395	371	2925	380	398	455	328
Mapk10_+_103211250.23-P1P2	Mapk10	635	495	769	636	688	674	5630	681	761	1093	705
Tfpi2_+_3968355.23-P1P2	Tfpi2	795	699	895	860	976	1107	7869	842	883	1359	1201
Dkk4_+_22624081.23-P1P2	Dkk4	1055	777	1018	798	1152	1294	9351	1130	1469	1750	1267
Arsa_-_89476148.23-P1P2	Arsa	846	730	920	825	906	1135	7866	968	1333	1645	1041
Cacna1a_+_84415370.23-ENSMUST00000121390.1	Cacna1a	608	495	583	653	757	750	5688	767	1106	1102	899
Uba5_+_104063009.23-P1P2	Uba5	816	822	1101	905	973	1050	7794	906	1517	1538	967
Cyp2d9_-_82452856.23-P1P2	Cyp2d9	714	625	801	648	870	948	7062	833	1182	1269	977
Prx_-_27499344.23-P1	Prx_P1	308	341	464	426	425	475	3751	440	654	629	722
Mcu_-_59616581.23-P1P2	Mcu	553	499	581	520	650	606	4680	558	687	959	758
Fmr1_-_68678647.23-P1P2	Fmr1	286	314	285	380	376	440	2971	410	468	571	514
Egr2_-_67537946.23-P1	Egr2_P1	770	786	1141	924	949	1152	8324	974	1454	1408	1018
Kcnh8_+_52602947.23-P1P2	Kcnh8	913	1185	1221	1248	1154	1380	9780	1244	1599	2098	1598
Tuba1c_+_99029921.23-P1P2	Tuba1c	966	1058	1168	1056	1233	1442	9691	1069	1361	2057	1165
Tlr4_+_66827840.23-P1P2	Tlr4	912	829	1008	836	983	1160	8537	799	1301	1792	1348
Slc6a3_-_73536819.23-P1P2	Slc6a3	598	777	983	682	829	866	6314	989	865	1331	930
Stx1a_+_135023593.23-P1	Stx1a_P1	722	651	779	660	880	795	5943	854	1027	1211	1107
Csnk1a1_+_61555355.23-P1P2	Csnk1a1	691	536	726	685	698	882	5772	688	938	1256	861
Ccdc88c_-_101028860.23-P1P2	Ccdc88c	427	468	448	440	491	659	4289	586	736	722	518
Trpm7_+_126876176.23-P1P2	Trpm7	1076	1171	1218	980	1115	1239	9561	1130	1747	2024	1333
Ppt2_+_34627382.23-P1P2	Ppt2	460	419	618	489	580	608	4654	613	591	941	629
Alg14_+_121291808.23-P1P2	Alg14	353	329	482	358	399	540	3693	367	421	668	521
Sirt4_-_115484316.23-P1P2	Sirt4	939	888	1138	925	1035	1157	8321	1126	1372	1919	1321
Opa1_-_29579412.23-P1P2	Opa1	716	758	846	850	918	995	7546	919	650	990	723
Clu_-_65968670.23-P1	Clu_P1	760	759	895	777	828	1018	6973	829	1059	1370	1218
Grin2d_+_45870909.23-P2	Grin2d_P2	685	662	838	584	865	963	6482	853	1022	1267	958
non-targeting_00746	non-targeting	740	817	693	620	810	970	6468	896	1060	1313	834
Stxbp1_-_32847150.23-P1P2	Stxbp1	667	571	675	669	713	884	6321	695	987	1255	1028
Dpp6_+_27261987.23-P1	Dpp6_P1	598	533	681	587	779	781	5552	578	792	1342	827
Ephb2_-_136835790.23-P1P2	Ephb2	660	663	601	781	761	847	6734	934	1087	1394	959
Ndufv2_+_66101483.23-P1P2	Ndufv2	800	726	824	758	786	947	6652	842	978	1441	1041
Mrpl3_-_105053340.23-P1P2	Mrpl3	1103	987	1418	1145	1206	1228	10439	1216	1813	2092	1265
Fn1_+_71653145.23-P1P2	Fn1	879	798	1133	1052	1087	1334	8534	1111	1274	1706	1138
S100a1_-_90514271.23-P1P2	S100a1	677	845	762	791	711	896	6568	847	1000	1386	923
Hcrt_+_100762704.23-P1P2	Hcrt	616	574	741	662	660	775	6088	804	1149	1271	968
Csnk1e_+_79441805.23-P1P2	Csnk1e	531	734	874	856	753	927	6430	810	1065	1417	969
Aicda_-_122553909.23-P1P2	Aicda	521	496	692	629	568	662	5082	634	774	990	743
Hmbs_+_44342230.23-P1	Hmbs_P1	1035	1107	1240	1101	1135	1229	9884	1201	1757	1850	1481
Ngf_-_102469960.23-P1P2	Ngf	695	603	743	681	674	863	5927	773	1025	1072	1038
Wnt3a_-_59290754.23-P1P2	Wnt3a	823	707	797	717	825	946	6741	706	1140	1370	998
Cfl1_-_5491009.23-P1P2	Cfl1	681	711	833	638	704	865	6482	882	1016	1159	941
Mapk1_-_16983454.23-P1P2	Mapk1	485	397	538	482	561	570	4037	409	857	883	674
Ppid_+_79591447.23-P1P2	Ppid	486	539	613	581	564	697	4656	609	925	909	763
Lrpprc_-_84790505.23-P1P2	Lrpprc	642	685	962	811	818	981	6477	878	1150	1435	1191
Dlg4_+_70024007.23-P2	Dlg4_P2	602	757	830	783	917	867	7006	965	1117	1583	974
Pde10a_-_8801797.23-P1P2	Pde10a	504	512	545	534	619	720	4991	613	877	993	739
Kctd7_+_130144943.23-P1P2	Kctd7	616	693	750	584	715	811	5790	815	910	1204	965
Fars2_-_36117910.23-P1P2	Fars2	973	890	1245	942	1089	1317	8786	1097	1157	1748	1329
Slc7a6os_+_106210902.23-P1P2	Slc7a6os	666	584	625	667	672	844	5992	698	897	1120	848
Blmh_+_76945735.23-P1P2	Blmh	583	601	677	560	760	846	5988	813	828	1049	918
Tango2_+_18343869.23-P1P2	Tango2	893	766	891	825	1020	1049	8229	1025	1377	1231	1177
Pnpla6_-_3516889.23-P2	Pnpla6_P2	621	709	686	756	667	765	6348	904	1237	1172	893
Ryr2_-_12106801.23-P1P2	Ryr2	713	571	762	615	721	935	5913	708	1052	1204	712
Tfg_+_56717282.23-P1P2	Tfg	885	839	1022	802	943	892	6698	962	818	1129	747
Mtmr2_-_13749479.23-P1P2	Mtmr2	523	507	546	455	659	733	5031	606	598	1093	677
Abhd16a_-_35089273.23-P1P2	Abhd16a	864	941	897	719	1021	1075	7868	1052	1331	1620	1358
Elovl5_+_77917494.23-P1P2	Elovl5	771	789	895	764	827	998	6904	908	1159	1612	1247
Gsto1_+_47855053.23-P1P2	Gsto1	565	533	681	689	735	837	6555	824	957	1385	975
Slc9a1_-_133369797.23-P1P2	Slc9a1	1018	861	1193	946	1043	1222	8237	991	1410	1554	1116
Map3k10_+_27674566.23-P1P2	Map3k10	658	413	672	559	650	678	5190	660	708	1225	702
non-targeting_02921	non-targeting	748	696	703	657	677	980	6564	719	718	1425	880
Nfe2l2_-_75704506.23-P1P2	Nfe2l2	653	507	834	754	719	769	5954	721	872	1279	829
Slc5a7_-_54298655.23-P1P2	Slc5a7	419	539	492	517	542	596	4842	629	882	875	732
Traf2_+_25546860.23-P1P2	Traf2	951	923	1254	1002	1079	1160	8832	1203	1507	2187	1570
Hspa8_-_40802623.23-P2	Hspa8_P2	864	809	1022	898	997	1037	8466	1024	1344	1550	1276
Agrn_+_156197469.23-P1	Agrn_P1	627	803	881	674	800	841	6978	781	1247	1228	999
Mapk8_+_33447138.23-P1P2	Mapk8	811	765	1005	762	905	1049	7597	1085	1321	1677	1207
Tiparp_-_65528472.23-P1P2	Tiparp	711	612	624	630	661	748	6005	632	823	1033	917
Wdr41_+_94976459.23-P1P2	Wdr41	278	392	515	380	428	453	3862	458	536	769	701
Dnah11_+_118198838.23-P1P2	Dnah11	778	693	774	692	753	834	6584	689	977	1182	848
Pqbp1_-_7899222.23-P1P2	Pqbp1	840	922	1060	832	1033	1133	8216	1146	1024	1661	1242
Apex1_-_50924982.23-P1P2	Apex1	549	680	605	562	637	884	5670	800	940	1150	783
Eif2b1_+_124579018.23-P1P2	Eif2b1	317	289	283	277	408	360	2720	320	265	378	230
Blzf1_+_164307249.23-P1P2	Blzf1	463	376	534	536	522	641	4642	560	664	917	887
Trp53_-_69580449.23-P1P2	Trp53	294	322	369	392	420	462	3596	498	639	697	720
Kctd7_+_130144960.23-P1P2	Kctd7	226	396	344	283	322	457	2973	392	455	510	420
Sirt1_+_63338996.23-P1P2	Sirt1	649	595	822	650	587	682	5788	701	1067	1342	897
Ywhaq_+_21417532.23-P1P2	Ywhaq	632	631	813	678	717	779	6681	761	1278	1377	926
Crebbp_-_4213671.23-P1P2	Crebbp	835	1059	1045	893	1089	1170	8510	1194	1551	1950	1283
Dnajb1_-_83608325.23-P1P2	Dnajb1	1004	1023	1302	1009	1066	1171	8710	1171	1520	1818	1311
non-targeting_03300	non-targeting	417	369	401	300	363	376	3068	389	564	685	402
Apod_-_31314606.23-P1P2	Apod	592	587	864	657	743	788	5843	799	930	1520	907
Map2_-_66322065.23-P2	Map2_P2	889	941	1067	838	1008	1121	8585	1191	1572	1636	1215
Nefh_-_4947935.23-P1P2	Nefh	283	267	322	372	458	420	3322	402	666	771	537
Spg7_+_123065580.23-P1P2	Spg7	787	820	1055	923	1040	1030	8230	1000	1648	1709	1234
Psap_+_60277740.23-P1P2	Psap	506	425	591	500	547	634	3967	504	696	848	645
Gstm2_-_107986423.23-P1P2	Gstm2	828	744	789	697	782	908	6791	969	1169	1569	1008
Fzd1_+_4757967.23-P1P2	Fzd1	488	471	568	458	497	607	4379	557	880	866	708
Dio2_+_90738623.23-P1P2	Dio2	719	754	963	848	818	959	7430	955	1373	1458	1076
F2rl3_+_72761876.23-P1P2	F2rl3	468	456	511	503	624	522	4483	602	609	827	671
Tia1_+_86404711.23-P1P2	Tia1	831	977	997	837	913	996	7762	880	1191	1811	1177
Nqo1_+_107403163.23-P1P2	Nqo1	716	715	785	769	769	916	6935	747	1253	1312	962
Hsd17b6_+_128007578.23-P1P2	Hsd17b6	457	530	594	527	581	613	4789	624	655	1017	670
Bak1_-_27028524.23-P1P2	Bak1	479	505	551	457	573	670	4673	643	697	992	681
Map2k2_+_81105962.23-P1P2	Map2k2	533	491	603	692	665	726	5529	686	1066	1327	873
Tank_-_61593237.23-P1	Tank_P1	845	619	906	804	808	985	6700	961	1378	1648	1233
Map2k1_+_64253349.23-P1P2	Map2k1	809	1040	1475	1196	1140	1325	10004	1241	1897	2144	1645
Agpat3_+_78352351.23-P1P2	Agpat3	895	991	1320	972	1090	1404	9473	1198	1183	2452	1608
Sdhb_-_140961459.23-P1P2	Sdhb	906	924	1074	897	1179	1363	9581	1253	1231	1960	1298
Ndufa7_+_33824857.23-P1P2	Ndufa7	730	727	875	888	885	1061	7670	956	1272	1433	1146
Eif4g2_+_111082974.23-P1	Eif4g2_P1	469	561	399	466	664	713	5404	736	707	1110	777
Ndufs2_-_171237334.23-P2	Ndufs2_P2	449	502	551	491	491	639	4600	570	752	1001	603
Ywhae_+_75732989.23-P1P2	Ywhae	445	401	627	364	513	504	4365	571	733	831	751
Eif2b4_+_31193045.23-P1P2	Eif2b4	740	811	1038	816	791	864	7004	873	1122	1359	846
Serpina3k_-_104338677.23-P1P2	Serpina3k	907	1033	1026	967	1088	1102	9498	1153	1198	1563	1327
Ulk1_-_110810032.23-P1P2	Ulk1	790	851	1111	745	985	1109	7872	977	1645	1600	1066
Abhd12_+_150904578.23-P1P2	Abhd12	542	713	732	594	656	834	6179	783	938	1164	1007
Prickle2_+_92480985.23-P2	Prickle2_P2	375	297	439	363	337	428	3251	430	527	658	508
Gle1_-_29935453.23-P1P2	Gle1	1038	1078	1191	1063	1309	1320	9993	1278	1294	2071	1563
Rbms3_+_117252460.23-P1P2	Rbms3	209	173	238	145	162	239	1601	188	278	294	219
Casp1_-_5298911.23-P1P2	Casp1	693	550	602	634	579	537	4877	624	869	1065	824
Ndufa11_-_56717842.23-P1P2	Ndufa11	646	615	757	665	821	822	6475	776	837	1084	954
Prdx3_+_60874503.23-P1P2	Prdx3	1147	969	1128	1104	1209	1507	10713	1279	1851	2053	1646
Ambra1_-_91730389.23-P1P2	Ambra1	998	953	1180	898	995	1172	8353	1017	1670	1886	1413
Ngb_-_87102314.23-P1P2	Ngb	729	824	892	701	820	952	7082	734	1064	1470	994
Unc5c_+_141465643.23-P1P2	Unc5c	811	650	728	692	765	779	6158	745	1122	1130	631
Dyrk1a_+_94569681.23-P1P2	Dyrk1a	515	561	563	527	560	572	4425	569	652	743	676
Cd200r1_-_44765839.23-P1P2	Cd200r1	495	536	744	641	665	748	5376	599	821	1331	609
Ace_+_105968026.23-P1P2	Ace	726	664	720	656	802	623	6293	807	860	1393	1186
Gapdh_-_125165238.23-P1P2	Gapdh	645	632	711	643	586	814	5719	757	737	1100	810
Casp6_-_129901476.23-P1P2	Casp6	566	692	879	834	729	838	6174	809	1182	1302	1199
Brca1_+_101551839.23-P1P2	Brca1	655	586	838	556	769	775	5809	674	1144	1103	840
Wars2_-_99141149.23-P1P2	Wars2	1565	1553	1767	1453	1683	2037	13583	1501	2178	2880	2124
Bcl2l1_+_152830422.23-P1	Bcl2l1_P1	656	682	856	569	708	948	6258	844	810	1296	882
Dntt_-_41029409.23-P1P2	Dntt	411	529	582	604	603	605	4877	589	736	926	775
Fggy_+_95557599.23-P1	Fggy_P1	679	551	704	620	651	732	5900	721	1028	970	796
Mrpl3_+_105053321.23-P1P2	Mrpl3	651	598	719	490	657	745	5633	640	773	1078	932
Ppp3cc_-_70289434.23-P1P2	Ppp3cc	548	667	913	758	780	830	6564	771	996	1194	859
Clu_-_65969805.23-P2	Clu_P2	839	621	775	809	824	1006	6910	845	1062	1302	977
Polr3k_-_181864500.23-P1P2	Polr3k	1140	1001	1146	1023	1247	1530	9855	1129	1260	1578	1312
Gusb_-_130002617.23-P1P2	Gusb	688	749	880	778	825	970	7009	721	1152	1238	872
Pmpcb_+_21737169.23-P1P2	Pmpcb	639	619	840	713	625	704	5818	639	305	426	428
Tubb3_-_123411667.23-P1P2	Tubb3	535	713	817	765	719	752	6256	692	1144	1531	838
Il1b_-_129371132.23-P1P2	Il1b	1256	1122	1319	1314	1510	1658	12473	1560	1873	2816	1587
Ak4_+_101419719.23-P1P2	Ak4	302	386	354	343	387	495	3014	397	558	643	420
Map3k11_+_5688972.23-P2	Map3k11_P2	629	639	889	639	748	1088	7057	806	1181	1213	1157
Dcx_+_143933004.23-P1P2	Dcx	968	797	1257	918	1160	1130	8866	1048	1806	1754	1468
Ccnf_+_24251339.23-P1P2	Ccnf	949	813	1219	748	958	1068	8232	933	1515	1566	1115
Clcc1_+_108653955.23-P1P2	Clcc1	652	596	746	686	653	692	5069	635	890	972	780
Mpz_+_171155541.23-P1P2	Mpz	651	680	743	695	737	815	6295	763	1036	1448	931
Fxn_+_24280558.23-P1P2	Fxn	835	794	956	887	958	1131	8757	1007	1248	1843	1533
Agrn_-_156197444.23-P1	Agrn_P1	784	665	900	672	707	876	6108	901	1143	1454	886
Nedd4_-_72662542.23-P1P2	Nedd4	585	650	949	956	958	1068	7713	936	1259	1423	1093
Dkk2_-_132085347.23-P1P2	Dkk2	509	526	653	625	647	715	5471	648	895	1013	829
Wnt10b_+_98778491.23-P1P2	Wnt10b	686	515	603	599	676	799	5890	604	926	985	839
Uba7_-_107983003.23-P2	Uba7_P2	671	572	580	767	739	905	6401	810	1096	1269	966
Nek1_-_60993260.23-P1P2	Nek1	713	725	837	834	855	905	7199	901	1040	1308	1191
Gm11127_-_36058464.23-P1P2	Gm11127	814	863	1152	948	987	1136	8778	1189	1335	1798	1392
Cyp27a1_-_74713584.23-P1P2	Cyp27a1	546	523	723	514	651	771	5362	736	857	1081	952
Glp1r_+_30901887.23-P1P2	Glp1r	590	708	638	599	684	726	5279	701	981	1053	789
Bace1_-_45838643.23-P1P2	Bace1	820	841	1047	802	978	978	7608	1079	1392	1650	863
Sugp1_+_70043221.23-P1P2	Sugp1	467	536	659	585	579	670	4817	603	752	958	753
Nhlrc2_-_56548482.23-P1P2	Nhlrc2	986	918	1017	799	1006	1090	7892	959	1151	1894	1284
Egfr_-_16752303.23-P1P2	Egfr	991	874	870	856	1072	1077	8330	1001	1448	1470	1287
Sorl1_-_42124071.23-P1P2	Sorl1	563	651	662	694	664	751	6504	809	1188	1294	817
Mmp3_-_7445876.23-P1P2	Mmp3	521	465	509	538	528	617	4536	501	652	1056	735
Fis1_+_136962104.23-P1	Fis1_P1	319	321	324	259	315	315	2610	336	404	406	274
Klc1_-_111758947.23-P1P2	Klc1	796	818	1130	800	862	1017	7729	816	846	1740	1327
Taf2_+_55072147.23-P1P2	Taf2	291	276	242	318	305	340	2582	370	336	577	619
Bad_+_6941924.23-P1P2	Bad	626	643	777	679	809	898	6271	912	888	1320	893
Chl1_+_103511361.23-P1P2	Chl1	873	978	1301	912	1128	1338	9952	1193	1499	1658	1321
Kcnh4_+_100759485.23-P1P2	Kcnh4	904	1089	881	897	918	1007	7687	927	1368	1751	1149
Igf1_-_87859591.23-P1	Igf1_P1	273	326	294	336	336	317	3002	356	465	602	320
Atp1a3_-_25005803.23-P1P2	Atp1a3	835	747	1003	709	795	850	6725	767	826	1175	1136
Bicd2_-_49341980.23-P1P2	Bicd2	859	758	910	848	960	1016	8409	1059	1208	1559	1069
Cox8b_+_140900383.23-P1P2	Cox8b	572	669	686	644	735	860	5921	766	902	1380	1019
Colec11_-_28623298.23-P1P2	Colec11	698	777	871	709	873	924	6938	846	1146	1500	968
Ncl_+_86359314.23-P1P2	Ncl	915	921	1004	906	914	1209	9173	898	1293	1481	1293
Cacna1c_-_118757964.23-ENSMUST00000112825.2	Cacna1c	1300	1322	1540	1223	1530	1835	12691	1668	1851	2576	1824
Jag1_+_137116424.23-P1P2	Jag1	366	352	515	337	410	409	3572	409	649	811	617
Map2k1_-_64253379.23-P1P2	Map2k1	661	559	722	752	792	899	6806	886	959	1161	995
Stx1a_+_135041368.23-P2	Stx1a_P2	393	366	352	401	405	535	3716	397	583	759	675
Farsb_-_78488801.23-P1P2	Farsb	552	658	806	723	644	835	5729	647	1014	1091	624
A2m_-_121636240.23-P1P2	A2m	527	310	480	554	488	662	4678	632	691	778	677
Padi4_+_140750496.23-P2	Padi4_P2	779	684	765	891	890	874	6868	703	1151	1370	1041
Hdac9_-_34528847.23-P1P2	Hdac9	629	663	631	628	772	784	6127	766	929	1186	790
Pon2_+_5298316.23-P1P2	Pon2	787	886	1011	980	1033	1139	7862	976	1102	1524	1263
Psmd9_+_123228340.23-P1P2	Psmd9	856	918	998	864	1001	1073	7746	954	1193	1573	1065
Tmem119_+_113800342.23-P1P2	Tmem119	958	1255	1340	981	1330	1474	10821	1334	1631	2154	1463
Atxn2_+_121711911.23-P1P2	Atxn2	220	256	174	219	245	284	2292	353	507	599	382
Ryr3_+_113217027.23-P1P2	Ryr3	689	844	921	823	810	1040	7145	808	1141	1383	1039
Epm2a_+_11343465.23-P1P2	Epm2a	861	757	858	903	943	1090	7759	934	1451	1489	1173
Calb1_-_15881289.23-P1P2	Calb1	398	490	480	433	459	476	3767	448	517	746	693
Tfam_+_71237998.23-P1P2	Tfam	412	466	719	458	609	709	5378	639	838	908	906
Adora2a_-_75317124.23-P1P2	Adora2a	886	815	984	967	977	1192	8426	1003	1270	1717	1238
Gpnmb_-_49036665.23-P1P2	Gpnmb	838	809	1015	911	1080	1206	8684	1074	1379	1636	1204
Ndufa2_+_36744513.23-P1P2	Ndufa2	423	446	479	476	439	517	3873	641	596	812	573
Fzd10_+_128600844.23-P1P2	Fzd10	520	672	513	544	665	724	6021	704	990	996	623
Gap43_-_42340176.23-P1P2	Gap43	168	144	278	138	165	224	1717	185	280	309	193
Atp5a1_-_77774049.23-P1P2	Atp5a1	525	638	635	626	632	745	5806	653	856	1092	734
P4hb_-_120572838.23-P1P2	P4hb	820	910	1082	985	916	1030	8154	1045	1064	1552	1154
Hspa1b_-_34958860.23-P1P2	Hspa1b	674	809	951	727	794	995	6912	851	978	1556	905
Naglu_+_101070165.23-P1P2	Naglu	1032	786	1184	926	1070	1347	9033	1116	1235	1970	1176
Gsk3a_+_25237735.23-P1P2	Gsk3a	512	523	780	605	625	702	5404	664	811	1017	867
Serpina3j_-_104314953.23-ENSMUST00000109957.2	Serpina3j	904	872	1061	699	1044	1012	8095	1095	1171	1816	1271
Mak16_-_31168686.23-P1P2	Mak16	714	532	721	650	784	840	6525	826	779	1128	779
Ogdh_-_6291675.23-P1P2	Ogdh	895	1028	958	933	1090	1089	8582	755	891	1321	1039
Iba57_-_59163724.23-P1P2	Iba57	692	723	851	768	709	921	6823	812	1123	1333	1017
Tmem106b_-_13069864.23-P1P2	Tmem106b	922	848	1054	860	1090	1096	8117	944	945	1314	1005
Fis1_+_136953272.23-P2	Fis1_P2	340	465	447	426	469	486	3683	437	512	637	727
Tsen34_+_3693791.23-P1P2	Tsen34	624	563	755	689	656	828	6430	840	848	1057	871
Zfp106_+_120563817.23-P1P2	Zfp106	402	401	565	448	466	615	4265	577	603	947	616
Glul_+_153899991.23-P1P2	Glul	743	785	976	908	962	1113	8425	873	1316	1724	1474
Ang2_+_51195470.23-ENSMUST00000051274.1	Ang2	782	866	1003	671	992	957	7726	1109	1456	1619	1194
Slc5a6_+_31048241.23-P1P2	Slc5a6	755	763	905	779	861	1026	7254	954	1247	1617	1020
Pmpca_-_26389382.23-P1P2	Pmpca	756	764	1073	881	947	1117	8834	1142	1208	1573	1148
Cat_-_103485085.23-P1P2	Cat	572	706	757	660	752	794	6189	721	882	1228	1053
Gsn_+_35282437.23-P2	Gsn_P2	369	418	376	357	520	442	4024	484	623	753	427
Fzd2_-_102604449.23-P1P2	Fzd2	605	565	805	788	698	869	6368	840	894	1304	875
Cfl2_-_54862852.23-P1P2	Cfl2	637	626	660	747	829	933	6319	748	932	1215	1117
Uqcrb_-_66905149.23-P1P2	Uqcrb	1104	1127	1288	1276	1414	1495	11149	1342	1547	1887	1265
Toe1_-_116807475.23-P1P2	Toe1	730	844	883	813	814	1064	6902	824	899	1246	983
Tead1_+_112679442.23-P1P2	Tead1	468	509	675	486	494	447	4205	529	792	893	804
Pde8b_-_95250290.23-P1	Pde8b_P1	842	875	1037	961	938	1191	8632	1109	1383	1650	1323
Ndufs5_+_123718111.23-P1P2	Ndufs5	473	450	467	377	502	594	4007	526	553	771	726
Ppp2r2b_+_43059144.23-ENSMUST00000025377.7	Ppp2r2b	280	353	497	395	421	435	3607	417	720	757	439
Ren1_+_133350690.23-P1P2	Ren1	884	767	964	895	889	1024	7993	855	1531	1593	1025
Myd88_-_119339964.23-P1P2	Myd88	461	621	685	589	719	650	5423	771	1183	1178	853
Pak3_+_143664454.23-P1	Pak3_P1	527	487	600	547	590	541	4890	564	795	1038	741
Coch_-_51593419.23-P1P2	Coch	526	469	527	440	506	594	4349	615	658	1003	494
Vrk1_-_106010306.23-P1P2	Vrk1	849	650	866	612	797	884	7362	744	1077	1351	956
Ptbp2_+_119783216.23-P1P2	Ptbp2	428	545	697	520	647	766	5344	686	657	1048	612
Sox3_+_60893401.23-P1P2	Sox3	427	503	446	432	450	550	4445	616	667	947	566
Alb_-_90460943.23-P1P2	Alb	318	329	421	346	338	407	3058	278	509	574	540
Fzd1_+_4757992.23-P1P2	Fzd1	538	722	721	672	769	903	5809	819	893	1209	866
Gpnmb_+_49036691.23-P1P2	Gpnmb	639	681	734	645	811	902	6402	898	723	1297	1048
Il18_-_50555057.23-P1P2	Il18	536	648	738	690	697	810	6308	777	1000	1124	850
Cd200r2_+_44867282.23-P1P2	Cd200r2	436	369	646	482	500	646	4553	631	683	823	659
Hspa1a_+_34971599.23-P1P2	Hspa1a	879	699	1074	895	973	1133	8602	1079	1301	1489	898
Mrc1_+_14229476.23-P1P2	Mrc1	254	240	250	273	309	303	2726	277	439	534	358
Egf_-_129755299.23-P1P2	Egf	735	761	991	883	990	1081	7938	1070	1161	1505	931
Hsd17b10_+_152001956.23-P1P2	Hsd17b10	234	259	255	220	326	331	2580	264	377	580	428
Ppp3cb_-_20546518.23-P1P2	Ppp3cb	958	847	1135	1082	1096	1352	9490	1224	1676	1726	1491
Pcsk1n_+_7919863.23-P1P2	Pcsk1n	1069	864	1092	852	935	990	8263	983	1255	1695	1250
Cd36_+_17835639.23-P1P2	Cd36	749	682	843	661	801	889	6932	831	1231	1129	1001
Atp2b3_+_73503183.23-P1P2	Atp2b3	1019	1025	1264	1133	1325	1408	10593	1265	1699	2022	1720
Fars2_+_36118214.23-P1P2	Fars2	381	410	452	525	504	449	4211	467	547	1169	544
Stat3_-_100939392.23-P1P2	Stat3	831	953	1087	1029	1119	1238	8119	1289	1492	1797	1259
Rab5a_-_53479326.23-P1P2	Rab5a	644	587	765	549	723	826	6013	824	989	1243	890
Fig4_-_41303113.23-P1P2	Fig4	857	935	1023	899	1160	1101	8525	955	1455	1680	1212
Kdm1a_+_136602674.23-P1P2	Kdm1a	770	708	881	817	908	936	6797	910	1045	1383	935
Gsn_+_35282501.23-P2	Gsn_P2	699	690	779	569	789	793	6388	848	1274	1353	832
Htr2a_+_74640959.23-P1P2	Htr2a	954	968	1046	1144	1067	1219	9760	1106	1465	1952	1687
Sncg_-_34374619.23-P1P2	Sncg	665	715	1031	766	766	895	6573	880	962	1384	988
Slc26a3_-_31438213.23-P1P2	Slc26a3	232	222	279	292	208	346	2223	285	255	439	291
Tspo_-_83563644.23-P1P2	Tspo	802	907	1011	839	871	1030	7732	960	1076	1415	1292
Mfn2_+_147904656.23-P1P2	Mfn2	802	749	1057	1009	1069	1050	8568	1158	1473	1216	1443
Ulk1_-_110809980.23-P1P2	Ulk1	1038	1067	1431	1242	1406	1557	11078	1361	1763	2261	1527
Sirt5_-_43365491.23-P1P2	Sirt5	967	813	809	814	973	997	8335	1032	1445	1760	1234
H2-M9_+_36642570.23-P1P2	H2-M9	970	1057	1074	1064	1029	1161	9625	1121	1494	1774	1490
Rb1cc1_-_6214687.23-P1P2	Rb1cc1	565	559	849	693	729	832	6289	786	953	1219	786
Mad2l1bp_-_46153486.23-P1P2	Mad2l1bp	891	754	946	874	1004	1029	8133	863	1119	1425	1217
Lrpprc_-_84790514.23-P1P2	Lrpprc	1017	866	906	998	979	1197	8584	1085	1437	1708	1413
Ndufa6_+_82354003.23-P1P2	Ndufa6	640	636	1040	707	841	983	7109	826	1124	1491	1187
Il1b_+_129371106.23-P1P2	Il1b	1338	1608	1675	1397	1682	1695	13664	1573	2299	2934	2254
Csnk2a2_+_95488767.23-P1P2	Csnk2a2	770	796	853	661	910	934	6927	888	963	1370	715
Sptlc2_-_87388188.23-P1P2	Sptlc2	1045	1177	1185	1209	1222	1263	10081	1317	1665	2061	1306
Bdnf_+_109693634.23-P1P2	Bdnf	461	495	646	478	607	796	5340	662	788	919	691
Mme_+_63299781.23-P1	Mme_P1	840	738	864	711	798	1010	7194	889	1289	1585	1108
Mag_+_30914773.23-P1P2	Mag	652	859	873	795	817	963	7215	820	857	1671	863
Psmc1_-_100110196.23-P1P2	Psmc1	983	984	1030	1032	935	1223	7942	959	1365	1866	1141
Serpina1e_-_103958467.23-P2	Serpina1e_P2	794	805	887	984	1034	1124	7974	1036	1264	1616	934
Pde9a_-_31386256.23-P1P2	Pde9a	652	632	727	547	607	629	4972	552	723	1137	756
Nipa1_-_56019506.23-P1P2	Nipa1	500	411	458	504	529	503	4070	531	739	798	638
Sdf4_-_155993344.23-P1P2	Sdf4	439	483	405	472	596	560	4126	506	578	756	728
Asah1_-_41374561.23-P1P2	Asah1	1206	1090	1395	1200	1393	1609	11464	1370	1716	2441	2037
Dicer1_+_104751853.23-P1P2	Dicer1	485	616	639	568	613	671	5319	743	728	1085	812
Wnt5a_+_28505837.23-P1	Wnt5a_P1	768	904	1020	955	853	1124	8058	992	1389	1629	1081
Fgfr4_-_55152827.23-P1P2	Fgfr4	585	528	759	610	604	818	5328	606	743	1002	781
Pmp2_-_10197181.23-P1P2	Pmp2	717	640	952	640	923	992	7638	856	1171	1486	1154
Cxcl13_+_95956958.23-P1P2	Cxcl13	964	888	1078	913	1138	1196	9277	1196	1362	1929	1274
Prkcb_-_122289560.23-P1P2	Prkcb	708	655	865	736	818	857	6332	738	840	1150	903
2410137M14Rik_+_36981189.23-P1P2	2410137M14Rik	694	588	620	537	732	702	5369	708	810	1161	739
Abcb6_+_75180332.23-P1P2	Abcb6	594	504	824	561	677	742	5611	750	807	1094	953
Trip4_+_65884983.23-P1	Trip4_P1	1033	939	1293	835	1059	1177	8883	1127	1673	1696	1344
Mapk12_+_89140647.23-P1P2	Mapk12	606	572	566	570	691	748	5704	794	1061	1125	913
Setx_-_29125230.23-P1P2	Setx	492	545	638	579	703	692	5333	627	687	888	699
Gigyf2_+_87327086.23-P1P2	Gigyf2	904	983	1169	923	1105	1209	9183	1098	1438	1669	1587
Hspa8_+_40802646.23-P2	Hspa8_P2	732	610	715	644	738	896	6592	712	901	1389	926
Ttpa_-_20008436.23-P1P2	Ttpa	961	874	1302	1204	1082	1097	9352	1361	1853	1979	1636
Gsr_-_33653630.23-P1P2	Gsr	857	964	1016	929	934	1146	8177	1093	1124	1521	1144
Src_+_157424322.23-P1P2	Src	787	866	783	813	836	859	7065	849	1157	1426	1077
Khdrbs1_-_129742206.23-P1P2	Khdrbs1	703	775	833	875	953	1034	7585	882	1135	1458	1020
Pnp2_+_50956215.23-P1P2	Pnp2	763	895	922	742	887	1109	8109	883	1288	1572	1213
Smn1_-_100124883.23-P1P2	Smn1	1110	1072	1228	1188	1310	1307	9955	1166	1483	1919	1415
Aptx_-_40703115.23-P1P2	Aptx	624	588	830	584	724	710	5835	651	892	1107	809
Kif20b_-_34922623.23-P1P2	Kif20b	465	475	583	520	472	497	3994	423	476	935	665
Neurog2_+_127633185.23-P1P2	Neurog2	1034	1016	1227	983	1295	1441	10578	1176	1416	1793	1166
Coq7_+_118533226.23-P1P2	Coq7	583	639	673	674	661	777	5617	553	976	883	921
Sdhd_+_50603785.23-P1P2	Sdhd	732	710	820	754	738	919	6373	810	1176	1185	963
Pnkp_+_44857383.23-P1P2	Pnkp	659	654	741	549	736	788	6266	777	909	1250	957
Dnah14_+_181741048.23-ENSMUST00000160345.1	Dnah14	476	387	672	520	503	547	4501	627	667	899	707
Gabarap_+_69991662.23-P1P2	Gabarap	683	821	887	948	831	1105	7319	893	1217	1689	1207
Lrsam1_+_32961588.23-P1P2	Lrsam1	833	805	1014	808	872	981	7000	828	1442	1549	1155
Notch1_-_26503725.23-P1P2	Notch1	946	937	1041	1003	1055	1021	8232	1012	1496	1691	1369
Sbf2_-_110614878.23-P1P2	Sbf2	716	860	912	734	955	970	8072	1026	1607	1508	1049
Adora2b_+_62249063.23-P1P2	Adora2b	995	958	1372	1003	1152	1363	9013	1123	1425	1890	1642
Grin2b_-_136172154.23-P1P2	Grin2b	479	444	566	505	530	552	4322	452	642	1124	801
Hspa1a_+_34971632.23-P1P2	Hspa1a	350	421	505	469	541	563	3948	478	802	793	532
Pak3_-_143664425.23-P1	Pak3_P1	968	909	1065	1096	1144	1102	8686	1176	1497	2105	1306
Dhtkd1_-_5942750.23-P1P2	Dhtkd1	703	799	822	826	870	992	7056	855	1038	1557	992
non-targeting_01944	non-targeting	722	677	922	648	686	846	6126	729	979	1283	970
Galc_-_98259254.23-P1P2	Galc	829	760	875	706	858	1005	7011	877	1238	1368	849
Scarb1_-_125340946.23-P1P2	Scarb1	702	728	808	734	712	758	6254	753	1371	1216	920
Stc1_-_69029835.23-P1P2	Stc1	609	539	749	542	745	833	6346	761	1063	1232	1002
Ndufa6_-_82354164.23-P1P2	Ndufa6	717	532	718	607	727	810	6113	823	912	1193	918
Apod_+_31314535.23-P1P2	Apod	610	519	644	542	597	833	5628	783	833	1183	682
Klf4_+_55532179.23-P1P2	Klf4	647	580	707	767	746	823	6101	864	1204	1260	956
Psma3_+_70974664.23-P1P2	Psma3	1065	1101	1022	1042	1056	1140	8850	1087	1368	1829	1182
Tuba1a_+_98953257.23-P1P2	Tuba1a	700	556	817	738	754	918	6286	914	998	1350	958
Nos3_-_24364841.23-P1P2	Nos3	1005	907	1233	1104	1226	1243	10007	1227	1612	1993	1602
Mog_-_37023260.23-P1P2	Mog	1022	850	1042	833	947	1082	8157	1028	1270	1519	1253
Rasgrf1_+_89910304.23-P1P2	Rasgrf1	527	397	491	380	438	673	3572	493	762	693	521
Cd200r3_+_44943727.23-P1P2	Cd200r3	1026	949	994	997	1185	1259	9987	1236	1430	1836	1526
Stat3_+_100939379.23-P1P2	Stat3	813	694	907	754	953	1144	8162	962	1441	1440	1185
Fgf14_+_124193020.23-ENSMUST00000026631.5	Fgf14	713	781	870	823	851	880	7159	994	1215	1394	934
Stmn1_-_134469773.23-P2	Stmn1_P2	741	890	976	938	1022	1140	8548	1098	1470	1751	1357
Il33_+_29925179.23-P1P2	Il33	1136	1111	1311	1283	1284	1354	10768	1172	1606	1895	1445
Tuba1c_-_99030019.23-P1P2	Tuba1c	660	635	797	702	882	799	7114	888	1329	1367	1005
Pde4a_+_21165770.23-P2	Pde4a_P2	553	519	756	612	701	726	5743	728	893	1279	996
Slc1a3_-_8710257.23-P1P2	Slc1a3	701	712	877	696	783	905	6493	774	1091	1299	849
Ap4e1_-_127008747.23-P1P2	Ap4e1	532	652	752	616	730	816	6157	762	903	1048	883
Smpd1_-_105554622.23-P1P2	Smpd1	544	419	601	363	602	621	4493	549	845	966	656
Rest_-_77265616.23-P1P2	Rest	865	925	1018	974	1083	1071	8718	1026	1417	1532	1025
Dnah17_+_118129158.23-ENSMUST00000106308.3,ENSMUST00000084803.5	Dnah17	559	688	879	646	837	1042	7240	921	1221	1585	1124
Dnah6_-_73221588.23-P1P2	Dnah6	607	842	719	707	830	927	6668	823	1164	1254	1002
Nr1h2_+_44553865.23-P1P2	Nr1h2	865	765	898	790	843	977	7812	904	957	1480	1055
Abca7_-_79996525.23-P1P2	Abca7	436	417	535	405	497	603	3961	533	622	766	541
Renbp_+_73930729.23-P1P2	Renbp	562	466	548	437	652	598	5111	510	836	1064	1023
non-targeting_02894	non-targeting	727	656	702	692	788	953	6611	791	1229	1261	1264
Afg3l2_-_67448946.23-P1P2	Afg3l2	501	592	520	565	591	599	4990	699	719	980	654
Brca2_-_150522683.23-P1P2	Brca2	1150	953	1151	1155	1230	1427	10692	1348	1652	2206	1390
Ptn_-_36810119.23-P1P2	Ptn	365	308	300	434	337	422	3080	346	669	630	365
Cfl1_+_5490471.23-P1P2	Cfl1	1281	1127	1607	1361	1463	1546	12281	1447	2192	2444	1662
Agrn_+_156185990.23-P2	Agrn_P2	433	447	436	453	521	545	4372	549	614	934	596
Hmgb1_+_149051371.23-P2	Hmgb1_P2	294	321	355	380	341	431	3360	400	457	726	374
Pld3_+_27553043.23-P2	Pld3_P2	855	1319	1311	1350	1282	1393	10443	1230	1598	1915	1591
Serpina3c_+_104153765.23-P1P2	Serpina3c	798	780	970	815	993	1102	7792	853	1294	1677	1074
Fas_+_34290759.23-P1P2	Fas	934	788	1108	838	1012	1094	8425	923	1103	1775	1373
Neurod1_+_79456596.23-P1P2	Neurod1	685	666	945	820	884	1005	7493	847	1406	1483	1128
Ngfr_+_95587665.23-P1P2	Ngfr	1227	1067	1412	1161	1313	1487	10894	1291	1824	2168	1751
Lamp1_+_13159267.23-P1P2	Lamp1	1020	973	1401	1150	1156	1297	9969	1241	1725	1922	1441
Pik3c3_+_30272909.23-P1P2	Pik3c3	731	769	663	677	736	835	6240	712	882	1264	835
Sod2_-_13008017.23-P1P2	Sod2	1296	1166	1412	1309	1523	1677	12617	1449	2082	2432	1617
Ndufc1_-_51408803.23-P1P2	Ndufc1	703	860	1078	788	934	950	6999	847	1223	1385	1116
Ndufb5_+_32737052.23-P1P2	Ndufb5	615	514	683	497	621	699	4905	668	882	1052	842
Nlrp3_-_59541603.23-P1	Nlrp3_P1	430	394	569	408	543	613	4294	498	718	827	613
Ang5_+_43957240.23-P1P2	Ang5	496	511	732	475	503	630	4942	645	827	1039	970
Parp1_-_180569000.23-P1P2	Parp1	576	648	824	677	720	695	6374	787	1057	1084	783
Pon2_+_5298272.23-P1P2	Pon2	584	626	657	486	695	830	4943	594	924	848	844
Ptgs2_+_150100212.23-P1P2	Ptgs2	210	219	343	258	319	387	2643	349	435	670	379
Vim_+_13574351.23-P1P2	Vim	854	1030	1184	1057	1248	1364	9934	1037	1638	2079	1517
Bcl10_+_145924321.23-P1P2	Bcl10	569	505	657	500	570	706	5069	545	851	1131	895
Ryr3_+_113217012.23-P1P2	Ryr3	485	553	607	623	698	784	5796	739	837	1075	872
Jag1_-_137116623.23-P1P2	Jag1	291	273	300	301	224	434	2524	269	413	510	295
Epha4_+_77515058.23-P1P2	Epha4	538	745	538	636	710	756	5534	695	918	1082	1060
H2-M10.1_+_36326107.23-ENSMUST00000025322.7	H2-M10.1	663	728	661	697	819	1012	6486	863	943	1301	834
Vapb_+_173737591.23-P1P2	Vapb	552	555	618	544	565	677	4698	631	631	924	595
Slc30a10_-_185455120.23-P1P2	Slc30a10	618	540	708	659	761	825	6504	853	974	1389	1028
Casp6_-_129901515.23-P1P2	Casp6	569	763	905	751	711	889	6401	768	1118	1389	1072
Atxn1_-_45964955.23-P1P2	Atxn1	811	874	777	795	923	1115	8049	919	1188	1612	1186
Necab1_-_15148973.23-P1P2	Necab1	1104	951	1149	999	995	1341	9328	1086	1471	1943	1433
Dctn6_+_34108434.23-P1P2	Dctn6	1077	890	893	896	946	1006	7530	853	1102	1504	1197
Ndufb9_-_58933840.23-P1P2	Ndufb9	567	499	545	478	542	610	4701	612	556	764	592
Ireb2_+_54863985.23-P1P2	Ireb2	581	616	930	633	657	916	5942	778	1376	1102	878
Pld3_+_27553019.23-P2	Pld3_P2	868	952	971	918	1024	1239	8540	1100	1186	1698	1379
Sct_+_141279094.23-P1P2	Sct	723	641	841	673	707	914	6786	688	1154	1262	1145
Hras_+_141193934.23-P1P2	Hras	1024	921	1233	782	982	1109	8696	1195	1299	1584	1194
Polg_-_79466169.23-P1P2	Polg	962	990	1101	1090	1223	1269	9499	1126	1580	2181	1535
Gcg_+_62483606.23-P1P2	Gcg	241	263	331	264	310	331	2632	377	462	482	312
Ndufs5_-_123717910.23-P1P2	Ndufs5	206	297	220	216	275	263	2078	293	335	386	371
Pmp22_-_63131600.23-P1	Pmp22_P1	690	616	802	724	810	940	6427	788	1048	1283	891
Dnah10_+_124725339.23-P1P2	Dnah10	385	422	498	572	523	610	4613	543	607	671	609
Cd8a_-_71373555.23-P1P2	Cd8a	340	294	469	295	348	360	3138	369	600	653	307
Wnt5a_+_28504951.23-P2	Wnt5a_P2	511	558	708	554	668	886	5377	639	1041	972	700
Ppid_+_79591453.23-P1P2	Ppid	568	403	542	519	593	565	4495	545	758	736	651
Fxn_+_24280548.23-P1P2	Fxn	515	613	801	522	622	798	5674	565	722	1056	902
Creb1_-_64532904.23-P1P2	Creb1	889	767	1074	839	1090	1097	8574	983	1172	1747	1160
Calb2_+_110168191.23-P1P2	Calb2	382	403	443	387	456	527	4176	456	524	759	517
Dnajc10_-_80315809.23-P1P2	Dnajc10	587	521	596	467	579	710	5589	603	927	1085	752
Matr3_+_35562284.23-P1P2	Matr3	873	661	937	734	857	1132	8028	944	1170	1466	835
Lmnb1_+_56707914.23-P1P2	Lmnb1	388	306	299	412	388	320	3264	416	482	631	619
Uqcrh_+_116074811.23-P1P2	Uqcrh	663	842	795	817	862	955	7140	896	1037	1519	1257
Fgd4_+_16600009.23-P1P2	Fgd4	803	725	841	717	813	834	6471	765	1123	1349	698
Dnah6_+_73221599.23-P1P2	Dnah6	636	616	693	697	754	873	6660	817	1202	1327	811
Rb1cc1_-_6214690.23-P1P2	Rb1cc1	849	680	981	784	895	982	7563	951	967	1385	1118
Mapt_+_104231558.23-P1P2	Mapt	298	246	464	391	346	468	2900	449	393	744	371
Sepsecs_+_52669666.23-P1P2	Sepsecs	286	390	371	517	410	421	3356	533	347	432	319
Csf1_+_107760455.23-P1P2	Csf1	561	585	557	681	644	674	5810	756	933	1143	771
Atp2b3_+_73503140.23-P1P2	Atp2b3	920	800	1143	873	931	1216	8017	971	1246	1372	1127
Fbxo7_+_86022127.23-P1P2	Fbxo7	484	599	818	768	849	821	6025	549	945	1338	711
Atg12_+_46741794.23-P1P2	Atg12	373	436	526	490	474	560	4289	468	660	1073	633
Dnajc13_+_104262886.23-P1P2	Dnajc13	556	513	615	582	683	724	5925	714	825	1212	670
Serpina3b_+_104128038.23-P1P2	Serpina3b	1445	1403	1556	1409	1618	1823	13871	1570	2221	2548	2033
Oxr1_-_41449066.23-ENSMUST00000179393.1	Oxr1	595	485	686	652	731	835	5773	831	964	1297	886
Myoc_+_162639208.23-P1P2	Myoc	975	983	1174	1013	1252	1359	10001	1390	1646	1889	1326
Dyrk1a_+_94569726.23-P1P2	Dyrk1a	989	952	1169	1006	1036	1219	9016	1187	1372	1943	1313
Tpo_-_30132580.23-P1P2	Tpo	525	425	454	356	556	629	4235	614	742	897	626
Pum1_-_130663431.23-P1P2	Pum1	450	450	515	505	515	583	4165	654	722	926	598
Tnf_+_35201985.23-P1P2	Tnf	628	419	615	389	514	542	4119	609	485	732	765
Blvra_+_127080509.23-P2	Blvra_P2	406	492	684	545	431	558	4677	482	595	1055	740
Mgrn1_-_4886300.23-P1P2	Mgrn1	1121	1300	1505	1371	1229	1598	11194	1351	2012	2650	1781
Ywhae_+_75732993.23-P1P2	Ywhae	650	606	638	680	766	754	5632	663	758	958	992
Ctsb_+_63122542.23-P1P2	Ctsb	669	528	636	606	632	704	5336	733	829	1059	1079
Eno2_-_124769474.23-P1P2	Eno2	828	872	809	765	894	1142	6824	937	1092	1446	1068
Farsb_-_78488815.23-P1P2	Farsb	501	495	559	600	494	685	4953	588	576	731	564
Dicer1_-_104752034.23-P1P2	Dicer1	309	337	294	405	389	432	3053	408	250	563	379
Ube2g1_-_72607277.23-P1P2	Ube2g1	915	787	1013	961	1066	1101	8279	1067	1501	1770	1149
Sema6b_-_56140332.23-P1	Sema6b_P1	390	415	525	398	518	538	3753	484	701	845	624
Cyp2d22_-_82380198.23-P1P2	Cyp2d22	591	521	558	522	586	647	5622	562	766	945	674
Chat_+_32465781.23-P2	Chat_P2	497	527	685	618	672	710	5767	775	977	1212	538
Dnm1l_+_16358955.23-P1P2	Dnm1l	509	451	751	489	622	659	5216	535	678	950	676
Tomm20_-_126945841.23-P1P2	Tomm20	615	528	684	536	693	805	5795	808	1002	1344	649
Casp7_+_56397257.23-P1P2	Casp7	605	622	677	652	537	695	4961	580	857	1192	621
Ube2v1_+_167631999.23-P1P2	Ube2v1	295	377	348	297	351	445	3175	462	469	775	456
Prkar1b_-_139129669.23-P1P2	Prkar1b	798	749	1037	896	921	1026	7889	969	1277	1634	1177
Gusb_+_130002829.23-P1P2	Gusb	705	773	768	828	760	1003	6738	869	796	1211	890
Nudt1_-_140331971.23-P1P2	Nudt1	300	460	458	481	564	689	4515	534	750	986	596
Derl1_+_57892300.23-P1P2	Derl1	967	837	1131	966	1149	1271	9705	1233	1668	1712	1414
Calm2_-_87447053.23-ENSMUST00000040440.6	Calm2	625	573	751	709	717	883	6920	655	944	1189	897
Hspd1_+_55087696.23-P1P2	Hspd1	666	587	692	705	699	778	6113	740	1104	1162	786
Psma3_-_70974658.23-P1P2	Psma3	464	531	686	540	576	683	5392	659	756	1045	691
Bax_+_45466767.23-P1P2	Bax	1037	1166	1051	1066	1298	1353	9855	1094	1734	1899	1658
Ntf3_-_126164867.23-P1	Ntf3_P1	491	609	691	695	611	827	6006	673	747	1208	814
Pick1_-_79229416.23-P1P2	Pick1	349	428	497	310	442	545	3406	498	696	755	537
Ephb2_+_136835953.23-P1P2	Ephb2	531	493	672	648	643	745	5153	639	815	950	718
Mmp14_-_54431812.23-P1P2	Mmp14	555	428	528	655	469	590	4491	513	518	1048	700
Hace1_-_45577863.23-P1P2	Hace1	628	659	623	620	616	682	5340	615	894	1047	885
Ndufa4_+_11907467.23-P1P2	Ndufa4	935	1059	1030	962	1152	1414	9207	996	1462	1872	1133
Inpp4a_-_37299926.23-P1P2	Inpp4a	971	1012	1068	904	790	806	6937	767	849	1227	884
Vdac3_+_22593677.23-P1P2	Vdac3	249	255	171	240	233	281	1976	248	308	373	339
Dnah2_+_69549076.23-ENSMUST00000108659.1	Dnah2	742	623	827	732	927	883	6822	827	1177	1275	986
Wdr41_-_94976381.23-P1P2	Wdr41	1025	1049	1389	1060	1335	1618	11047	1419	1724	2230	1431
Ndufa1_+_37191097.23-P1P2	Ndufa1	619	616	618	503	673	645	5070	669	707	1137	758
Slc18a2_-_59260947.23-P1P2	Slc18a2	663	490	779	580	632	743	5487	704	1026	1261	947
Acsbg1_-_54661623.23-P1P2	Acsbg1	504	537	544	448	629	692	5177	672	781	1078	757
Ntrk1_+_87795177.23-P1P2	Ntrk1	837	785	928	736	922	1111	7616	943	1340	1460	1075
Arhgef5_-_43265892.23-P1P2	Arhgef5	380	493	499	354	453	634	4115	540	711	872	553
Dnah7a_-_53706753.23-P1P2	Dnah7a	933	878	1041	943	1086	1176	8666	1231	1709	2118	1480
Grn_-_102430544.23-P1P2	Grn	806	986	1062	914	975	1184	8360	935	1175	1662	1298
Pak3_-_143518720.23-P2	Pak3_P2	512	431	584	620	600	759	5313	666	818	904	860
Psmd12_-_107479547.23-P1P2	Psmd12	717	675	726	815	708	869	5893	595	787	1185	799
Kcnc3_+_44590957.23-ENSMUST00000107906.3	Kcnc3	804	792	762	813	820	981	7174	1033	1069	1557	1150
Sptbn2_+_4711244.23-P1P2	Sptbn2	759	753	949	855	858	922	7369	837	1172	1212	964
Cdk11b_-_155624951.23-P1P2	Cdk11b	699	768	969	682	686	755	5716	710	815	1156	738
Mapk8_+_33447108.23-P1P2	Mapk8	859	850	1196	839	940	1143	8295	1005	1237	1635	1251
Itpr3_+_27057388.23-P1P2	Itpr3	364	311	331	315	470	455	3226	315	297	618	454
Uqcrb_+_66905334.23-P1P2	Uqcrb	668	686	800	716	787	901	6624	745	994	1182	784
Slc1a2_-_102706670.23-ENSMUST00000111212.1	Slc1a2	927	855	1199	862	991	1146	8911	1004	1724	1523	1239
Slc52a3_+_151996539.23-P1	Slc52a3_P1	460	439	510	490	482	501	4096	572	693	786	657
Tdp1_+_99884575.23-P1P2	Tdp1	589	590	628	674	615	830	5857	744	891	1181	729
Nalcn_-_123627081.23-P1P2	Nalcn	765	763	947	718	939	1132	8020	1054	1469	1697	1247
Glrx_+_75840252.23-P1P2	Glrx	778	797	986	898	1031	1097	8192	1008	1148	1700	995
Ndufs6_+_73328457.23-P1P2	Ndufs6	886	754	916	977	876	970	7562	765	1349	1642	1153
Nt5c2_-_46962273.23-P1P2	Nt5c2	617	892	801	743	876	1037	7016	863	1140	1388	916
Trex1_+_109059143.23-P1P2	Trex1	445	453	574	669	388	381	4031	355	890	1077	835
Bid_+_120916821.23-P1P2	Bid	760	798	799	773	1061	1142	7597	1015	1259	1386	1087
Cfdp1_+_111854285.23-P1P2	Cfdp1	671	696	988	738	832	910	6696	816	1075	1085	671
Ywhaz_+_36793248.23-P1P2	Ywhaz	1276	1421	1341	1311	1421	1644	12246	1358	2009	2332	1902
Fars2_-_36117939.23-P1P2	Fars2	775	885	1025	820	867	1085	8323	946	1382	1616	1113
Htr1a_-_105443847.23-P1P2	Htr1a	524	547	646	501	712	876	5864	641	877	1207	958
B4galnt1_+_127165244.23-P1P2	B4galnt1	555	514	812	655	680	737	5564	636	712	1019	698
Endou_+_97721101.23-P1	Endou_P1	751	682	822	782	713	918	6944	736	1115	1179	1020
Gja6_+_160906996.23-P1P2	Gja6	997	843	1017	1112	1187	1166	9108	1029	1304	1933	1119
Aqp4_+_15403604.23-P1P2	Aqp4	549	562	578	640	667	675	5159	569	966	1253	858
Cfdp1_+_111854231.23-P1P2	Cfdp1	608	576	619	528	639	634	4627	581	608	802	932
Cox6a1_+_115348559.23-P1P2	Cox6a1	609	702	706	822	804	949	7224	892	1134	1500	1071
Rbms3_+_117252429.23-P1P2	Rbms3	871	580	841	764	776	827	6579	706	1018	1304	1069
Pcyt2_-_120617879.23-P1P2	Pcyt2	650	875	940	740	902	884	6914	946	867	1259	777
Pak3_+_143518544.23-P2	Pak3_P2	639	604	692	595	645	796	5451	610	938	1162	818
Atg13_+_91710526.23-P1P2	Atg13	315	408	373	337	500	486	3460	331	460	752	438
Clec16a_+_10545467.23-P1P2	Clec16a	641	649	795	771	888	880	6246	773	1083	1331	1021
Psmd3_+_98682626.23-P1P2	Psmd3	373	315	451	309	379	497	3099	463	389	546	300
Necab1_-_15149018.23-P1P2	Necab1	747	676	963	607	864	934	6974	786	1499	1451	1066
Mutyh_+_116807749.23-P1P2	Mutyh	685	538	769	492	629	806	5775	617	716	1336	810
Il10_-_131019954.23-P1P2	Il10	660	561	574	588	636	739	5457	559	845	1028	961
Grm1_-_11082274.23-P1P2	Grm1	968	1001	1097	932	1048	1256	8914	1004	1371	1643	1307
Lmna_-_88503236.23-P1P2	Lmna	668	689	802	961	960	1063	7191	827	1162	1353	1223
Slc18a2_-_59260972.23-P1P2	Slc18a2	483	493	573	450	522	549	4734	551	629	878	556
Oprd1_-_132144365.23-P1P2	Oprd1	513	549	534	523	685	588	4839	505	1004	933	691
Srsf7_-_80207259.23-P1P2	Srsf7	336	526	543	675	635	702	5118	625	645	1097	585
Peg12_+_62464491.23-P1P2	Peg12	791	832	921	731	971	1099	7329	864	1153	1567	934
Exosc1_-_41933272.23-P1P2	Exosc1	566	704	670	516	642	760	6024	747	839	1059	977
Abl1_-_31688613.23-P1P2	Abl1	898	900	957	891	1016	1140	8638	963	1403	1787	1203
Pdk3_-_93832134.23-P1P2	Pdk3	762	716	956	749	856	1028	7461	840	1129	1514	1272
Tac1_+_7555080.23-P1P2	Tac1	670	621	817	607	737	831	5402	666	989	1326	772
Cacna1s_-_136052816.23-P1P2	Cacna1s	577	553	723	565	656	674	5602	739	1055	926	879
Rab7_-_88045085.23-P1P2	Rab7	391	443	540	473	482	528	4130	586	726	794	675
Morc2a_-_3649520.23-P1P2	Morc2a	467	519	544	481	580	634	4946	524	694	902	757
Dnah6_-_73221619.23-P1P2	Dnah6	629	581	771	565	679	721	5485	664	1204	995	966
Slc12a6_+_112265636.23-P1P2	Slc12a6	932	964	1107	996	1125	1332	9629	1342	1412	1628	1423
Nos2_-_78920838.23-P1P2	Nos2	710	731	847	683	813	1012	6898	795	987	1471	1108
Stx1a_+_135041187.23-P2	Stx1a_P2	473	458	709	513	451	563	4196	451	941	1186	922
Ctnnb1_+_120933480.23-P1P2	Ctnnb1	380	257	486	387	501	499	3566	394	607	794	574
Gapdh_+_125165257.23-P1P2	Gapdh	406	317	246	309	413	489	3629	483	580	606	302
Polr3b_-_84622424.23-P1P2	Polr3b	376	286	402	227	388	390	2688	301	334	634	400
Hspd1_-_55087788.23-P1P2	Hspd1	418	552	576	549	555	673	4825	508	557	767	467
Slc52a3_+_151996543.23-P1	Slc52a3_P1	546	675	805	595	756	845	6436	691	968	1190	1093
Fmr1_-_68678785.23-P1P2	Fmr1	400	367	419	353	480	542	3553	456	558	634	479
Atp5c1_+_10080318.23-P1P2	Atp5c1	841	861	993	893	840	930	7651	906	1108	1294	1251
Ndufa7_+_33824729.23-P1P2	Ndufa7	481	423	659	410	485	558	4585	562	493	804	614
Nefl_+_68083888.23-P1P2	Nefl	449	396	521	438	486	472	3752	441	674	840	762
Pax6_-_105668931.23-P1	Pax6_P1	686	941	777	784	857	929	7215	762	1322	1304	1310
Grin2b_-_136172123.23-P1P2	Grin2b	525	407	532	562	605	639	4584	605	803	914	871
Nos2_+_78920899.23-P1P2	Nos2	410	258	277	432	441	495	3762	377	729	655	427
S100a1_+_90514268.23-P1P2	S100a1	589	673	659	657	731	866	6546	767	891	1296	921
Dtymk_+_93801863.23-P1P2	Dtymk	464	487	496	581	581	682	4919	604	883	874	603
Pank2_-_131262761.23-P1P2	Pank2	775	785	883	759	1028	1140	8378	905	1527	1680	1187
Txn1_-_57956273.23-P1P2	Txn1	441	411	520	394	518	627	4314	651	792	891	809
Oprd1_-_132144457.23-P1P2	Oprd1	573	505	596	474	475	652	4833	542	704	1089	647
Gcg_+_62483557.23-P1P2	Gcg	314	334	382	394	433	388	3199	371	701	732	482
non-targeting_01634	non-targeting	294	216	242	296	269	316	2300	273	424	450	444
Ywhaz_-_36794269.23-P1P2	Ywhaz	551	497	708	572	696	750	5607	642	826	1131	874
Gpr37_+_25689730.23-P1P2	Gpr37	782	866	1014	883	949	1022	8092	1003	1154	1574	1302
Vrk1_+_106010349.23-P1P2	Vrk1	558	406	623	456	457	563	4332	509	583	978	720
Ube2j1_+_33031611.23-P1P2	Ube2j1	451	406	475	507	551	561	3890	511	617	869	564
Gosr2_+_103697685.23-P1P2	Gosr2	1062	1069	1275	961	960	992	8522	807	795	1287	651
Hspa4_-_53300405.23-P1P2	Hspa4	632	497	735	535	671	763	5673	741	828	1202	896
Vcam1_-_116129237.23-P1P2	Vcam1	554	475	551	377	512	667	4270	510	523	821	897
Nqo2_+_33964747.23-P1P2	Nqo2	739	754	873	822	884	1107	7989	913	1388	1697	1083
non-targeting_04101	non-targeting	841	662	764	847	892	957	7203	923	1165	1382	995
Apc2_-_80301051.23-P1	Apc2_P1	707	654	946	807	828	980	7107	1001	1272	1366	915
Coq2_-_100674242.23-P1P2	Coq2	1022	1056	1282	801	1138	1260	8699	997	1256	1838	1197
Cox6b2_-_4752786.23-P1P2	Cox6b2	713	754	890	697	974	872	7254	858	1185	1518	1001
Pklr_+_89136221.23-P1P2	Pklr	668	628	811	599	863	872	6568	881	790	1338	893
Ezh2_+_47594979.23-P1P2	Ezh2	728	688	873	718	891	999	7325	852	1194	1249	928
Dnah9_+_66168436.23-P1P2	Dnah9	527	604	606	533	584	762	5126	721	930	1240	885
Pcyt2_-_120617882.23-P1P2	Pcyt2	1010	949	1262	1221	1376	1445	10181	1194	1153	1738	1115
Psmd9_-_123228348.23-P1P2	Psmd9	779	444	714	667	694	778	5906	651	877	1138	709
Metrn_-_25796968.23-P1P2	Metrn	585	423	683	553	704	874	5846	737	995	1046	1090
Peg12_-_62464498.23-P1P2	Peg12	323	349	445	312	368	437	3224	368	562	798	494
Atxn7_-_14012882.23-P1P2	Atxn7	1091	1008	1274	1146	1211	1121	9804	1257	1453	1740	1210
Clcn2_-_20717752.23-P2	Clcn2_P2	489	625	552	668	541	646	5359	639	883	1028	775
Kcnd3_+_105451927.23-P1P2	Kcnd3	675	712	992	838	884	1036	8180	1042	1181	1513	1136
Cnr2_-_135911932.23-P2	Cnr2_P2	860	915	1088	964	1156	1273	9372	1272	1557	1885	1371
Oxr1_+_41789599.23-ENSMUST00000090095.5,ENSMUST00000022918.7	Oxr1	273	270	254	251	302	348	2362	309	413	448	190
Ctsf_+_4855199.23-P1P2	Ctsf	645	696	783	726	702	728	5800	721	855	1121	714
Mcu_-_59616662.23-P1P2	Mcu	266	181	248	163	219	210	2055	221	366	460	305
Rrm2_+_24708325.23-P1P2	Rrm2	706	733	879	923	809	914	7021	921	1184	1643	1222
Fth1_+_9982714.23-P1P2	Fth1	403	391	498	469	459	614	3883	483	690	1093	733
Dao_+_114003916.23-P1P2	Dao	1243	1391	1371	1422	1513	1673	12227	1542	1831	2590	1728
Ndufa5_+_24527538.23-P1P2	Ndufa5	594	620	752	598	660	924	6129	737	1026	1126	915
Vegfa_+_46032326.23-P1P2	Vegfa	581	740	907	751	738	923	6447	808	1044	1297	952
Ulk2_+_61854871.23-P1P2	Ulk2	769	834	856	774	841	988	7649	999	1334	1638	1193
Rtn2_+_19291121.23-P1	Rtn2_P1	838	814	991	784	927	1143	7766	1040	1397	1453	1270
Lmna_-_88503047.23-P1P2	Lmna	696	799	933	797	1041	1168	8535	1035	1041	1554	1330
Elavl3_-_22051938.23-P1P2	Elavl3	745	807	961	822	864	972	7609	963	1134	1182	1014
Vdac3_+_22593743.23-P1P2	Vdac3	869	852	979	1007	922	1082	7861	1043	1210	1760	1055
Fmr1_-_68678662.23-P1P2	Fmr1	348	297	394	409	419	428	3788	433	519	743	580
Slc18a1_-_69077244.23-P2	Slc18a1_P2	650	626	749	683	721	833	5480	699	977	1036	808
Fbxo38_+_62548616.23-P1P2	Fbxo38	254	275	318	242	298	298	2567	343	310	604	368
Sptlc2_+_87387830.23-P1P2	Sptlc2	850	803	903	891	1010	1109	8034	943	1274	1665	1491
Sacs_+_61172997.23-P1P2	Sacs	627	594	632	566	657	626	5299	651	961	1063	748
Psmc4_+_28050004.23-P1P2	Psmc4	544	648	630	705	443	451	4090	413	380	607	425
Tubal3_-_3924751.23-P1P2	Tubal3	230	293	298	262	359	313	2292	272	405	443	273
Gfap_-_102896983.23-P1P2	Gfap	568	612	770	525	673	783	5717	743	970	1258	814
Wnt10a_+_74792081.23-P1P2	Wnt10a	704	657	938	907	915	1013	7090	811	1169	1308	1145
Eif2s1_+_78862253.23-P1P2	Eif2s1	783	636	857	650	756	860	6420	806	1092	1199	812
Atp2a1_+_126463089.23-P1P2	Atp2a1	823	911	884	827	859	1076	7571	901	1217	1574	1163
Pparg_-_115361329.23-P1P2	Pparg	590	670	813	663	728	890	6571	785	1276	1159	948
Aqp1_-_55336735.23-P1P2	Aqp1	863	816	1032	929	1141	1230	8876	893	1253	1675	1230
Dio2_+_90738694.23-P1P2	Dio2	402	414	381	420	528	618	4045	536	647	818	813
Rmdn2_-_79615273.23-P1P2	Rmdn2	1077	1080	1303	1126	1134	1347	10047	1269	1719	1947	1311
Plcb2_-_118728306.23-P1P2	Plcb2	700	691	731	712	752	839	6423	647	1021	1296	896
Taf2_+_55072116.23-P1P2	Taf2	834	859	1013	924	960	1100	8132	951	1487	1401	1274
Trpm2_+_77969742.23-P1P2	Trpm2	598	645	777	746	724	695	5654	798	683	1089	879
Mbp_+_82554569.23-P1P2	Mbp	1114	897	1260	1135	1209	1301	10357	1257	1438	1929	1556
Hspa14_-_3512722.23-P1P2	Hspa14	968	827	1155	800	881	1114	7725	972	1536	1560	1054
Zfp78_-_6363347.23-P1P2	Zfp78	991	794	1007	809	1053	1036	8443	1157	1440	1467	1102
Ina_+_47014705.23-P1P2	Ina	736	590	826	632	668	707	5650	698	1112	1018	819
Myc_-_61985600.23-P1P2	Myc	414	358	411	366	390	501	3671	392	672	583	578
Nrros_+_32165450.23-P1P2	Nrros	809	983	1007	1070	892	1069	8680	974	1350	1846	1064
Pmp2_-_10197220.23-P1P2	Pmp2	542	665	591	538	676	737	5182	606	810	1106	868
Bap1_-_31251659.23-P1P2	Bap1	652	642	734	726	699	859	6378	848	1340	1336	915
Abhd16a_-_35089276.23-P1P2	Abhd16a	877	880	1045	762	978	1146	8541	900	1384	1641	1153
Med25_+_44892402.23-P1P2	Med25	402	536	610	635	636	663	5103	558	614	1165	919
Anxa11_-_25842229.23-P1P2	Anxa11	843	715	860	854	895	1039	7681	1026	1356	1511	1138
C9_-_6445381.23-P1P2	C9	436	423	543	408	590	513	4001	528	658	717	526
Tbk1_+_121586718.23-P1P2	Tbk1	645	539	722	498	614	675	4962	614	796	1160	768
Cacna1a_+_84415356.23-ENSMUST00000121390.1	Cacna1a	640	629	706	552	708	756	5722	708	734	1102	751
Hspa1b_+_34959239.23-P1P2	Hspa1b	599	625	769	643	776	800	5706	669	1133	1224	919
P2ry2_+_101011951.23-P1P2	P2ry2	698	711	901	968	900	1047	7249	773	1281	1375	1075
Lmna_-_88503151.23-P1P2	Lmna	341	367	333	408	437	414	3925	464	526	698	445
Prps1_+_140456667.23-P1P2	Prps1	452	477	659	483	566	566	4507	590	712	937	710
Tyrp1_-_80834275.23-P1P2	Tyrp1	591	609	742	613	764	879	6560	701	1186	1120	996
Bax_-_45466810.23-P1P2	Bax	471	685	783	748	788	1001	5729	678	858	1165	946
P2ry2_+_101011964.23-P1P2	P2ry2	1029	894	1317	1127	1218	1390	10318	1282	1308	2064	1450
Hk1_+_62340120.23-P1P2	Hk1	609	558	686	586	565	621	5136	570	757	974	883
Fxn_+_24280533.23-P1P2	Fxn	691	609	747	634	789	800	6123	849	831	1182	990
Il2_-_37125975.23-P1P2	Il2	874	799	810	866	859	1014	7323	865	1024	1470	1139
Wnt7a_+_91410882.23-P1P2	Wnt7a	484	605	685	583	750	785	6088	737	770	1226	771
Trp73_-_154097118.23-P2	Trp73_P2	629	742	772	689	828	983	6629	783	1004	1188	1165
Aspa_-_73324342.23-P1P2	Aspa	539	527	586	554	645	661	5037	625	710	998	732
Hras_-_141193954.23-P1P2	Hras	769	780	903	849	978	1072	7913	1136	1176	1581	805
Notch3_+_32166647.23-P1P2	Notch3	543	643	736	815	754	887	6764	816	1124	1357	772
Ins1_-_52264557.23-P1P2	Ins1	1153	931	1485	1219	1362	1478	11257	1419	1750	1876	1494
Slc5a7_-_54298651.23-P1P2	Slc5a7	678	718	788	727	785	872	6806	918	1083	1549	1062
Arih1_-_59486638.23-P1P2	Arih1	1012	1053	1080	1026	1106	1362	9657	1122	1394	1914	1472
Dtymk_+_93801902.23-P1P2	Dtymk	583	505	629	539	624	738	5102	678	897	1020	640
L1cam_+_73880765.23-P1P2	L1cam	891	923	1060	947	1128	1213	9198	1063	1395	1519	1287
Ctrl_-_105933815.23-P1P2	Ctrl	734	764	748	645	756	818	6691	766	1034	1540	922
Nqo1_+_107403014.23-P1P2	Nqo1	875	753	928	788	919	1021	8498	966	1500	1309	1217
Ids_-_70364884.23-P1P2	Ids	640	701	825	713	784	879	6892	825	1108	1207	1088
Gigyf2_-_87327102.23-P1P2	Gigyf2	581	425	596	525	571	591	4490	520	716	896	669
Elavl3_+_22051939.23-P1P2	Elavl3	575	764	909	822	941	894	7240	818	1363	1544	887
Pou5f1_-_35506050.23-P1P2	Pou5f1	714	637	664	791	766	930	6794	802	1093	1414	1091
Dagla_+_10304597.23-P1P2	Dagla	637	540	663	726	799	864	6140	859	1362	1425	1139
Vps53_-_76179613.23-P1P2	Vps53	374	463	543	408	470	443	3438	459	333	583	277
Raf1_-_115676501.23-P1P2	Raf1	624	526	520	617	689	676	5378	690	922	1090	862
Dnah7c_+_46609334.23-ENSMUST00000178395.1	Dnah7c	836	608	872	685	834	854	6631	811	1155	1364	1067
Sirt4_-_115484126.23-P1P2	Sirt4	493	526	801	655	799	815	6324	808	1107	1381	1193
Atp5g3_+_73911240.23-P1P2	Atp5g3	433	383	550	507	556	597	4502	605	562	1080	884
Syn1_-_20920873.23-P1P2	Syn1	696	581	844	735	761	789	6088	726	1003	1320	926
Psmd2_-_20651719.23-P1P2	Psmd2	526	509	562	518	402	390	3110	425	224	501	315
Cyp2u1_+_131303137.23-P1P2	Cyp2u1	740	656	799	683	721	881	6728	783	1149	1368	759
Hspa5_-_34772127.23-P1P2	Hspa5	526	378	473	589	457	602	4496	496	555	716	503
Wnt3_+_103774199.23-P1P2	Wnt3	320	273	364	316	420	442	3426	451	559	693	542
Uqcrc2_-_120635274.23-P1P2	Uqcrc2	531	672	740	680	810	871	6149	897	816	1325	970
Th_-_142899941.23-P1P2	Th	320	368	343	326	431	434	3180	362	471	735	400
Egr2_-_67537969.23-P1	Egr2_P1	569	658	753	787	741	924	6241	860	1079	1271	1102
Actr10_+_70937929.23-P1P2	Actr10	657	595	714	698	672	782	5578	704	911	1094	812
Cxcr4_-_128592263.23-P1P2	Cxcr4	531	663	566	630	762	819	5858	826	713	1207	831
Prps1_-_140456633.23-P1P2	Prps1	478	504	791	574	570	809	5530	743	1108	1189	917
Ins2_+_142699488.23-P2	Ins2_P2	945	590	938	828	912	1031	7237	840	1411	1557	1040
Lamc2_-_153186515.23-P1P2	Lamc2	866	867	1050	727	1051	1197	8758	901	1106	1613	1104
Wnt16_-_22288310.23-P1P2	Wnt16	476	484	468	508	512	627	4620	539	811	733	658
Ftl1_+_45459843.23-P1P2	Ftl1	331	289	326	262	337	434	2800	278	486	472	273
Atp5j_+_84834799.23-P1P2	Atp5j	985	874	1016	856	978	1171	9150	1105	1449	1945	1623
Taf15_+_83473166.23-P1P2	Taf15	619	620	582	694	769	829	5688	726	1048	1173	862
Tpp1_+_105752147.23-P1P2	Tpp1	538	501	562	579	582	570	4672	556	854	904	637
Wwox_-_114439742.23-P1P2	Wwox	731	869	912	895	953	1012	7502	960	1332	1360	1256
Ptprc_+_138175105.23-P1P2	Ptprc	533	435	625	490	536	739	4358	683	698	1049	844
Oard1_+_48410025.23-P1P2	Oard1	702	758	810	911	865	984	6906	797	1255	1532	1084
Eif2s2_+_154892681.23-P1P2	Eif2s2	673	723	833	607	838	952	6977	908	1154	1551	940
Slc12a1_-_125152596.23-P1P2	Slc12a1	479	515	734	593	677	911	5594	585	892	994	822
Eif2b2_-_85219548.23-P1P2	Eif2b2	620	544	749	554	702	680	4327	550	448	768	402
Actr1b_+_36709672.23-P1P2	Actr1b	635	613	559	760	720	766	5867	814	1068	1190	980
Ndufb5_-_32737084.23-P1P2	Ndufb5	846	873	1127	796	912	1071	8065	938	1187	1481	1336
Phex_+_157415183.23-P1P2	Phex	491	426	465	445	480	546	4018	394	563	808	508
Vcam1_+_116129432.23-P1P2	Vcam1	580	722	752	583	698	801	6193	777	1091	1085	828
Cyp2d40_+_82763757.23-P1P2	Cyp2d40	1127	899	1044	1038	1111	1187	8918	1041	1278	1785	1382
Aars2_-_45506906.23-P1P2	Aars2	951	791	1020	942	1043	1210	8493	993	1000	1049	794
Ccnf_+_24251319.23-P1P2	Ccnf	550	575	693	604	655	715	5853	683	925	819	881
Trim2_+_84259729.23-P2	Trim2_P2	642	613	726	560	696	776	5759	788	884	838	802
Zfp74_-_29954049.23-P1P2	Zfp74	288	368	451	313	425	420	3335	378	577	709	419
Ubtf_-_102318938.23-P1P2	Ubtf	647	657	831	710	663	790	5779	775	814	1353	608
Hspa5_-_34772098.23-P1P2	Hspa5	621	689	744	700	377	503	3598	441	320	411	219
Fat2_-_55336552.23-P1P2	Fat2	278	352	378	414	389	495	3298	460	649	675	500
Echs1_-_140116386.23-P1P2	Echs1	432	483	505	470	508	578	4294	643	596	872	648
Pnpt1_+_29130731.23-P1P2	Pnpt1	655	590	782	651	709	815	6096	786	914	1151	813
Tubb6_-_67390921.23-P1P2	Tubb6	669	665	796	760	973	1051	7739	934	1271	1393	1143
Ttbk2_+_120850361.23-P1P2	Ttbk2	632	561	741	526	654	734	5559	732	666	1276	1101
Ndufb8_+_44555412.23-P1P2	Ndufb8	1255	1380	1719	1270	1592	1838	12909	1557	2313	2515	1983
Dnah2_+_69544317.23-ENSMUST00000035539.5	Dnah2	448	432	575	531	438	500	4350	475	601	900	715
Mthfr_-_148041210.23-P2	Mthfr_P2	666	648	769	793	788	907	6512	845	995	1295	989
Disc1_-_125054110.23-P1P2	Disc1	469	583	767	571	610	736	5269	679	757	1165	1037
Bag6_-_35135241.23-P1P2	Bag6	725	592	922	763	797	874	6226	850	1364	1083	829
Ndufb10_+_24724355.23-P1P2	Ndufb10	702	807	811	801	894	980	7659	844	1253	1331	1231
Lsm2_+_34981917.23-P1P2	Lsm2	409	456	579	497	518	631	4690	595	771	822	739
Vegfb_-_6987340.23-P1P2	Vegfb	385	375	542	385	418	443	3488	453	545	812	528
Tmem184b_-_79403247.23-P1P2	Tmem184b	624	626	816	778	788	922	6163	856	1027	1320	1113
Axin1_+_26138775.23-P1P2	Axin1	736	744	755	642	966	989	6832	788	1114	1216	908
Ngb_-_87102131.23-P1P2	Ngb	1002	990	1095	1203	1036	1136	9275	1174	1357	1920	1346
Chek2_-_110840048.23-P1P2	Chek2	532	519	646	506	619	589	4876	572	631	987	740
Trp53_-_69580446.23-P1P2	Trp53	420	269	444	358	412	525	3745	341	632	735	431
Chrm3_-_9878928.23-ENSMUST00000063093.9	Chrm3	659	662	673	678	617	824	5981	649	870	1158	723
Nfkbia_+_55492309.23-P1P2	Nfkbia	321	443	506	379	429	428	3334	435	501	623	420
Npc1_-_12236302.23-P1P2	Npc1	672	694	586	622	691	893	5747	728	865	1211	838
Dnah11_+_118198865.23-P1P2	Dnah11	764	923	1072	795	991	1169	8384	953	1223	1510	1069
Rab8a_+_72161714.23-P1P2	Rab8a	516	334	447	393	480	549	3909	446	434	536	700
Cd40_+_165055673.23-P1P2	Cd40	866	899	1227	973	1185	1301	9637	1171	1701	2008	1513
Ang5_-_43957037.23-P1P2	Ang5	490	567	696	634	628	836	5055	698	715	1242	826
Clcn2_+_20716067.23-P1	Clcn2_P1	617	468	672	518	629	779	5481	709	1126	1243	763
Nos1_-_117841978.23-P1P2	Nos1	525	434	596	539	531	584	4625	572	706	910	731
H2-M10.3_-_36368214.23-ENSMUST00000073546.3	H2-M10.3	623	627	784	804	680	702	5646	749	1109	1248	744
Atg7_-_114643164.23-P1P2	Atg7	475	440	620	414	503	604	4076	513	576	792	761
Scarb2_-_92505479.23-P1P2	Scarb2	918	810	1051	861	987	974	8300	988	1460	1520	1156
Cox6c_+_35938166.23-P1P2	Cox6c	1044	1051	1215	1059	1242	1288	9666	1255	1497	1876	1490
Ppp3ca_+_136670155.23-P1P2	Ppp3ca	1461	1382	1595	1390	1548	1885	13345	1534	2079	2545	1770
Ntf3_-_126166687.23-P2	Ntf3_P2	642	588	808	696	691	842	6133	936	1205	1397	963
Gpx6_-_21312276.23-P1P2	Gpx6	624	691	646	663	853	860	6661	844	1169	1393	1164
Echs1_-_140116398.23-P1P2	Echs1	467	616	825	768	828	860	5662	796	1312	1288	1189
Nt5c2_-_46962286.23-P1P2	Nt5c2	826	662	764	705	829	975	6817	875	1220	1388	957
Rho_+_115931975.23-P1P2	Rho	585	542	674	676	702	682	5765	720	811	1169	944
Camk2a_+_60925656.23-P1P2	Camk2a	434	385	398	363	444	429	3968	517	520	723	707
Mfn1_+_32529564.23-P1P2	Mfn1	829	747	1060	792	947	1215	8312	1031	1356	1810	1153
Pklr_-_89136177.23-P1P2	Pklr	509	413	387	455	427	564	4184	527	583	858	623
Wnt4_-_137277565.23-P1P2	Wnt4	921	849	903	802	839	884	7086	932	1176	1684	1181
Abcd1_+_73716795.23-P1P2	Abcd1	443	356	500	277	477	493	4186	534	658	671	506
Ndufs3_+_90904672.23-P1P2	Ndufs3	1166	1134	1285	1282	1288	1494	11409	1467	1342	2457	1697
Dnah10_+_124725180.23-P1P2	Dnah10	639	626	891	659	785	793	6347	846	1051	1232	859
Atl1_-_69893290.23-P1P2	Atl1	705	589	867	644	728	767	6270	832	1046	1160	715
H2-M10.4_-_36462296.23-ENSMUST00000057502.7,ENSMUST00000169950.1	H2-M10.4	951	933	1091	1064	1114	1128	8677	1226	1352	1897	1464
Serpina1b_+_103828018.23-P1P2	Serpina1b	308	286	455	337	333	352	2686	363	489	420	443
Vps37a_+_40511890.23-P1P2	Vps37a	615	570	853	663	695	844	6143	826	1051	1412	939
Prps1l3_-_57230659.23-P1P2	Prps1l3	146	188	248	104	186	219	1637	197	215	352	242
Hmgb1_+_149051418.23-P2	Hmgb1_P2	479	506	617	552	649	711	4567	623	939	973	738
Wnt3_+_103774274.23-P1P2	Wnt3	514	457	640	572	548	640	4732	671	813	808	955
Supt3_+_44777372.23-P1P2	Supt3	438	381	437	436	494	612	4039	521	566	709	588
Tpp1_+_105751986.23-P1P2	Tpp1	847	632	707	563	795	762	6369	847	851	1071	819
Gigyf2_-_87327062.23-P1P2	Gigyf2	448	477	466	380	444	456	4362	425	662	757	578
Ppt1_+_122836265.23-P1P2	Ppt1	901	885	1149	995	1097	1331	9432	1100	1484	1882	1276
Map3k11_+_5688956.23-P2	Map3k11_P2	1006	1009	1066	1100	1076	1198	9644	1015	1457	1993	1402
Cpt1c_+_44974752.23-P1P2	Cpt1c	270	381	393	358	403	436	3430	395	652	827	576
Ampd2_-_108086371.23-P1	Ampd2_P1	515	568	532	476	512	607	4613	490	729	972	656
Uba5_+_104063058.23-P1P2	Uba5	740	643	840	755	791	929	6641	855	806	1295	838
Il18_+_50554929.23-P1P2	Il18	605	644	846	691	708	904	6210	808	1214	1193	810
Sqstm1_+_50202808.23-P2	Sqstm1_P2	313	515	447	426	559	544	4325	520	551	867	797
Ucp2_-_100493402.23-P1	Ucp2_P1	655	619	585	649	782	734	6719	741	1209	1309	938
Dio2_-_90738669.23-P1P2	Dio2	736	736	1003	824	905	1084	7417	798	1533	1522	1574
Tubb2b_-_34130331.23-P1P2	Tubb2b	650	664	694	636	597	737	5405	722	868	1057	740
Sds_+_120476522.23-P1P2	Sds	632	700	697	767	713	743	6222	737	1066	1214	1082
Sox2_+_34650085.23-P1P2	Sox2	422	491	478	401	533	563	3920	430	619	841	719
Afg3l2_-_67448931.23-P1P2	Afg3l2	858	957	1060	930	1110	1210	8866	1091	675	969	932
Apoe_+_19699036.23-P1P2	Apoe	298	425	414	325	428	487	3427	387	429	818	457
Pax6_+_105668949.23-P1	Pax6_P1	542	453	554	546	572	854	5435	683	898	1237	879
Hras_-_141193721.23-P1P2	Hras	892	766	993	1025	1020	1205	8599	1186	1259	1724	1035
Hnrnpdl_-_100038643.23-P1P2	Hnrnpdl	929	770	907	806	900	950	7996	825	1189	1456	1098
non-targeting_03178	non-targeting	399	559	575	505	570	705	4801	733	760	963	606
Cxcr4_+_128592228.23-P1P2	Cxcr4	499	515	631	607	680	768	5477	588	880	934	740
Atg13_-_91710570.23-P1P2	Atg13	658	819	1075	953	896	996	7800	998	1338	1640	1270
Ube2g2_-_77622349.23-P1P2	Ube2g2	915	837	1198	857	923	1085	8128	1074	1412	1678	1488
Zfp629_+_127615173.23-P1P2	Zfp629	695	726	1022	1088	1026	1075	8329	1038	1557	1832	1116
Tgm2_-_158146333.23-P1P2	Tgm2	891	972	1027	943	971	1103	8479	1189	1372	1604	1369
Lrriq3_+_155093588.23-P1P2	Lrriq3	1165	1076	1458	1361	1406	1631	12018	1599	1984	2217	1684
Zbtb20_-_43621307.23-P1P2	Zbtb20	638	521	490	536	573	542	4879	666	922	1028	867
Grin2c_+_115267060.23-P1P2	Grin2c	492	536	594	470	584	701	5035	603	710	1013	710
Hk1_-_62340088.23-P1P2	Hk1	843	723	1022	923	865	1122	8023	969	1054	1496	1373
Psma7_-_180042395.23-P1P2	Psma7	596	393	639	597	692	750	5585	692	899	919	764
Tbcd_-_121452206.23-P1P2	Tbcd	976	965	1237	951	951	1050	7401	980	1155	1484	970
Klk6_-_43824625.23-P1P2	Klk6	529	399	518	450	480	527	4022	454	544	869	403
Dnajc10_-_80315778.23-P1P2	Dnajc10	715	728	910	838	929	1021	7512	1041	1231	1607	1007
Unc80_-_66467960.23-P1P2	Unc80	357	257	412	328	321	440	3096	301	407	574	500
Nos1_+_117841895.23-P1P2	Nos1	906	872	1225	1117	1127	1278	9528	1201	1801	1671	1527
Hes3_+_152291378.23-P1P2	Hes3	389	271	456	506	411	432	3754	417	565	687	616
Dnah8_-_30624395.23-ENSMUST00000170651.1	Dnah8	716	935	1018	736	791	927	7189	823	1336	1643	1264
Ogdh_-_6291653.23-P1P2	Ogdh	887	1003	1238	1185	1224	1238	10151	1252	1294	1629	1084
Sirt3_+_140881736.23-P1P2	Sirt3	973	1040	1135	1207	1080	1042	8942	1143	1532	2052	1366
Tsen2_-_115544999.23-P1P2	Tsen2	789	647	631	660	847	944	6450	828	738	1392	795
Grid2_+_63256022.23-P1P2	Grid2	587	535	692	745	697	794	5766	604	1049	1471	1118
Cdc42_+_137357658.23-P1P2	Cdc42	548	613	700	511	587	554	5147	645	912	1041	862
Hnrnpa2b1_-_51469826.23-P1P2	Hnrnpa2b1	544	609	764	576	610	779	5468	594	857	1033	710
Sptlc1_+_53377336.23-P1P2	Sptlc1	756	705	847	620	849	905	6910	856	947	1047	1200
Prdm12_+_31639815.23-P1P2	Prdm12	163	172	239	212	233	249	1912	203	302	410	434
Cyc1_-_76343542.23-P1P2	Cyc1	740	734	784	675	799	904	6521	886	960	1500	1058
Emc1_-_139352642.23-P1P2	Emc1	838	985	1319	1156	1211	1391	9960	1209	1624	1899	1648
H2-M11_+_36547132.23-ENSMUST00000041964.6	H2-M11	870	1180	1220	1003	1201	1304	9881	1258	1741	1908	1636
Serpina1c_+_103904938.23-P1P2	Serpina1c	698	742	1168	1052	1027	1055	8728	960	1637	1561	1216
Cxcr4_-_128592243.23-P1P2	Cxcr4	701	595	819	763	841	920	6910	807	1280	1262	1023
Slc1a1_-_28835132.23-P1P2	Slc1a1	503	407	452	430	577	598	4497	595	849	631	559
Gsr_+_33653648.23-P1P2	Gsr	682	544	663	612	744	814	6340	807	1030	1257	928
Tgm6_+_130123346.23-P1P2	Tgm6	443	788	699	738	817	910	6559	700	1126	1290	836
Spg7_-_123065731.23-P1P2	Spg7	693	714	783	840	864	907	6857	858	1177	1250	1200
Cyp2d11_-_82394046.23-ENSMUST00000170255.1	Cyp2d11	487	420	585	465	543	599	4337	535	852	893	589
Wnt5a_+_28504600.23-P2	Wnt5a_P2	437	426	452	482	507	611	4310	587	537	888	655
Ung_+_114131296.23-P1P2	Ung	606	627	840	934	855	945	7093	940	1270	1563	1035
Tubb4b_-_25224403.23-P1P2	Tubb4b	411	536	557	428	487	558	4582	590	660	842	554
Bcl2_+_106714185.23-P1P2	Bcl2	797	972	1210	1007	1168	950	8849	1259	1437	1805	1462
Pde8b_+_95250248.23-P1	Pde8b_P1	446	430	544	549	657	650	4988	658	986	1024	864
Mfn1_-_32529543.23-P1P2	Mfn1	785	813	834	749	838	1118	7309	917	1378	1667	1048
Keap1_-_21239265.23-P1P2	Keap1	396	423	392	395	463	451	3887	525	489	691	716
Ppp2r2b_-_43059389.23-ENSMUST00000025377.7	Ppp2r2b	941	635	731	672	838	851	6882	769	887	1437	893
Clcn2_+_20716018.23-P1	Clcn2_P1	334	343	498	342	363	376	3070	432	593	605	518
Vamp1_+_125215588.23-P1	Vamp1_P1	599	651	695	552	757	805	6207	746	968	1250	983
non-targeting_03491	non-targeting	691	700	594	746	699	759	6198	732	1014	1273	898
Kpna3_-_61439660.23-P1P2	Kpna3	1017	1085	1254	1127	1209	1332	9780	1194	1315	2002	1616
Npc2_+_84772907.23-P1P2	Npc2	1107	1093	996	1037	1153	1468	9963	1312	1769	1954	1314
Sirt7_+_120624955.23-P1P2	Sirt7	473	452	571	510	498	605	4489	520	604	1035	699
Ramp2_+_101246476.23-P1P2	Ramp2	242	400	346	378	451	489	3415	476	657	699	602
Erbb2_+_98412552.23-P1P2	Erbb2	542	455	713	697	648	753	5628	702	1003	1225	907
Serpina3m_-_104387455.23-P1P2	Serpina3m	838	670	860	857	919	1072	7536	914	1318	1529	1063
Cyp2u1_+_131303140.23-P1P2	Cyp2u1	511	591	701	626	722	851	5942	745	834	1031	774
Ano10_-_122294370.23-P1P2	Ano10	501	599	706	583	548	588	4625	620	823	936	698
Atp2a3_+_72961226.23-P1P2	Atp2a3	1242	1027	1515	1033	1345	1525	10816	1408	1792	2042	1461
Sbf1_+_89315215.23-P1P2	Sbf1	601	574	557	542	700	696	5049	697	639	1121	629
Dnajc5_+_181520573.23-P1P2	Dnajc5	793	686	909	791	760	831	6876	784	1179	1563	1013
Pcna_+_132253171.23-P1P2	Pcna	517	562	617	483	166	224	2146	208	81	240	50
Blvra_-_127070693.23-P1	Blvra_P1	745	694	872	708	796	956	7350	935	742	1556	1018
Srr_+_74925641.23-P1P2	Srr	1278	1168	1159	973	1169	1232	9628	1100	1539	1788	1338
Als2_-_59237059.23-P1P2	Als2	449	427	493	402	462	499	4176	620	790	795	646
Csnk2a2_-_95488778.23-P1P2	Csnk2a2	1144	1245	1393	993	1373	1446	10838	1556	1656	2412	1875
Cacna1d_+_30353465.23-P1P2	Cacna1d	1020	547	1024	891	1020	1043	7836	992	1236	1886	1110
Becn1_+_101302212.23-P1P2	Becn1	788	806	969	797	948	957	7060	898	769	1206	774
Prickle1_+_93595878.23-P1	Prickle1_P1	796	999	1091	940	1153	1176	9670	1169	1389	1857	1491
Aptx_-_40702954.23-P1P2	Aptx	766	851	1109	953	865	1013	7580	1079	1427	1539	1175
Rab7_+_88045180.23-P1P2	Rab7	357	420	530	414	489	556	3920	497	557	723	512
Il18_+_50554885.23-P1P2	Il18	691	744	629	621	840	822	6057	765	1106	1100	1072
Mme_-_63296222.23-P2	Mme_P2	1021	1015	1424	1112	1252	1569	10325	1166	1713	2235	1576
Atrip_+_109074087.23-P1P2	Atrip	769	708	830	766	818	851	6796	846	1375	1271	1096
Atn1_+_124756647.23-P1P2	Atn1	540	552	553	509	647	734	5026	630	904	989	841
Apod_+_31314587.23-P1P2	Apod	1147	1163	1197	1018	1290	1426	10701	1274	1978	2064	1282
Atp2a3_+_72961214.23-P1P2	Atp2a3	834	652	887	827	813	979	6886	940	1111	1379	977
Aqp1_-_55336643.23-P1P2	Aqp1	289	296	323	382	414	402	2910	402	397	535	486
Tfam_+_71238009.23-P1P2	Tfam	1424	1475	1441	1310	1656	1628	13693	1518	2018	2633	1685
Maoa_-_16619904.23-P1P2	Maoa	418	376	477	530	521	562	4398	480	764	958	774
Exosc3_+_45320614.23-P1P2	Exosc3	700	905	869	752	798	1004	7295	930	1230	1763	1045
Cox7b_-_106015887.23-P1P2	Cox7b	586	560	578	642	568	622	4721	537	699	1001	665
Gch1_-_47189367.23-P1P2	Gch1	615	748	699	798	678	721	6167	771	752	1116	695
Mgst1_+_138140623.23-P1P2	Mgst1	568	478	686	485	510	657	4839	643	775	1246	737
Map1b_+_99516527.23-P1P2	Map1b	526	400	614	467	571	614	4129	500	674	824	760
Map2k6_+_110399151.23-P1P2	Map2k6	798	885	1133	857	982	1162	8468	1100	1400	1844	1377
Lmx1b_-_33640812.23-P1P2	Lmx1b	540	462	565	401	539	646	4949	581	562	1076	713
Fam83e_+_45721249.23-P1P2	Fam83e	885	764	1117	847	921	1062	8108	1036	1175	1633	1008
Atxn2l_-_126503338.23-P1P2	Atxn2l	469	565	577	551	577	675	4854	545	868	824	743
Araf_-_20848564.23-P1P2	Araf	1114	1115	1217	1340	1221	1544	11232	1350	1611	2390	1761
Pik3cb_-_99140144.23-P1P2	Pik3cb	1082	1175	1277	978	1249	1503	10471	1313	1404	1890	1565
Tmem106b_+_13069899.23-P1P2	Tmem106b	629	529	790	678	782	706	6229	695	1000	1195	844
Actb_-_142906660.23-P1	Actb_P1	830	876	889	872	1010	1068	8443	1082	1545	1673	1404
Dntt_+_41029436.23-P1P2	Dntt	576	535	690	537	657	769	5597	679	989	1251	946
Rreb1_-_37826085.23-P1P2	Rreb1	1521	1289	1648	1450	1566	1729	13342	1853	2008	2709	1964
Serpinf1_+_75422454.23-P1P2	Serpinf1	528	592	773	612	716	758	5860	685	997	1268	971
Mmp3_+_7445863.23-P1P2	Mmp3	538	445	564	504	589	590	4228	647	591	951	578
Bcl11b_-_108004065.23-P1P2	Bcl11b	860	957	930	842	1053	1149	8907	965	1210	1671	1363
Nop56_+_130274471.23-P1P2	Nop56	602	748	730	652	750	877	7013	820	721	838	688
Lamc2_-_153186170.23-P1P2	Lamc2	772	636	739	744	861	889	6973	893	1081	1322	1192
Neurod1_+_79456630.23-P1P2	Neurod1	514	538	628	521	699	721	4942	593	840	909	721
Txn2_+_77928965.23-P1	Txn2_P1	765	694	978	841	884	928	7428	1031	1344	1351	1107
Gcdh_+_84893720.23-P1P2	Gcdh	560	595	876	630	643	834	6354	707	993	1144	916
Slc11a2_+_100422972.23-P1	Slc11a2_P1	745	844	1094	1025	1095	1193	8931	1105	1590	1780	1181
Cox7b2_+_71548152.23-P1P2	Cox7b2	815	926	1030	873	1099	1161	8927	1209	1763	1743	1316
Rpgr_-_10216746.23-P1P2	Rpgr	582	549	661	541	655	770	5197	695	764	1096	840
Mrpl3_-_105053302.23-P1P2	Mrpl3	310	291	363	363	382	346	3087	303	455	596	534
Sqstm1_-_50202980.23-P2	Sqstm1_P2	479	688	638	596	648	655	5686	600	766	1192	894
Tubb1_-_174450731.23-P1P2	Tubb1	368	360	239	281	286	391	2943	300	390	611	345
Cycs_+_50566575.23-P1P2	Cycs	533	594	688	513	805	744	6051	752	632	1060	749
Wnt2_-_18030329.23-P1P2	Wnt2	516	438	568	630	585	723	4827	688	906	867	716
Itpr2_-_146501982.23-P1P2	Itpr2	379	361	374	342	376	531	3524	343	565	691	424
Trim2_+_84220515.23-P1	Trim2_P1	1097	1051	1164	953	1093	1356	9528	1305	1626	1683	1339
Snx27_+_94582490.23-P1P2	Snx27	636	563	683	713	738	795	5849	761	793	1064	651
Plcb2_-_118728347.23-P1P2	Plcb2	435	429	606	460	495	711	4398	542	810	1007	645
Gstm6_-_107943480.23-P1P2	Gstm6	964	785	1077	854	916	1003	8287	1005	1194	1677	1406
Hsd17b10_+_152001878.23-P1P2	Hsd17b10	608	541	544	573	605	614	5096	548	776	1159	649
Pnp_-_50944540.23-P1P2	Pnp	1135	1308	1243	1294	1391	1663	11645	1320	1813	2646	1673
Dnajc3_+_118937963.23-P1P2	Dnajc3	516	437	585	606	696	716	5591	647	1005	1214	839
Tnfrsf1b_+_145246821.23-P1P2	Tnfrsf1b	758	883	897	773	891	1109	7552	781	1223	1255	1127
Khdrbs1_+_129742267.23-P1P2	Khdrbs1	421	479	639	445	546	602	4561	478	789	959	757
Txn1_+_57956016.23-P1P2	Txn1	1172	1226	1463	1131	1385	1527	11849	1439	1843	2312	1466
Dnm2_-_21424959.23-P1P2	Dnm2	764	773	853	763	809	871	6494	658	1134	1565	966
Hcrt_+_100762921.23-P1P2	Hcrt	395	604	692	617	490	569	4761	517	842	1033	938
Ripk1_-_34002433.23-P1P2	Ripk1	828	719	1109	929	965	978	7923	1002	1103	1548	882
Tuba1a_-_98953489.23-P1P2	Tuba1a	1227	1358	1513	1442	1481	1550	11984	1378	2042	2723	2137
non-targeting_04174	non-targeting	455	397	519	396	398	598	3738	515	708	943	825
Psmd7_-_107588420.23-P1P2	Psmd7	1177	1140	1266	1164	1185	1463	10847	1316	1750	2267	1666
Ppp3r2_-_49681990.23-P1P2	Ppp3r2	475	437	567	610	561	670	4884	614	731	950	632
Slc44a1_+_53440525.23-P1P2	Slc44a1	738	745	946	660	928	928	7431	932	1215	1215	1126
Dctn1_+_83166185.23-P1P2	Dctn1	786	703	928	828	811	1003	7327	799	1240	1414	1001
Cln3_+_126583363.23-P1P2	Cln3	440	376	246	222	381	340	3010	432	611	539	359
Map2k7_+_4238856.23-P1P2	Map2k7	736	700	914	770	965	1101	8365	1090	1165	1576	1123
Ctrl_+_105933769.23-P1P2	Ctrl	603	773	825	751	728	892	6850	817	1143	1286	967
Htra2_+_83054434.23-P1P2	Htra2	405	408	433	450	428	371	3497	433	453	591	452
Ak4_+_101419714.23-P1P2	Ak4	707	535	716	501	712	674	5672	826	1086	990	1144
Atp5g3_-_73911259.23-P1P2	Atp5g3	367	430	492	382	558	470	4049	492	412	704	603
Pdyn_-_129699756.23-P1P2	Pdyn	638	624	858	725	801	814	6162	835	917	1303	1135
Mtpap_+_4375613.23-P1P2	Mtpap	708	781	840	651	925	1070	7481	980	1175	1310	1273
Fzd5_-_64737710.23-P1P2	Fzd5	661	635	663	691	779	825	6154	796	989	1138	946
Zfyve27_-_42170613.23-P1P2	Zfyve27	703	589	886	750	916	1008	6874	941	1254	1568	911
Trpm2_+_77969761.23-P1P2	Trpm2	518	433	538	566	621	708	5155	662	1013	1064	821
Nedd4_+_72662460.23-P1P2	Nedd4	556	642	615	566	530	651	4478	590	808	963	662
non-targeting_02745	non-targeting	577	634	919	721	687	784	5953	701	1027	1371	887
Serpina3n_-_104406723.23-P1P2	Serpina3n	620	608	631	678	656	878	5905	746	947	1122	1070
Psmc3_-_91054331.23-P1P2	Psmc3	394	564	476	505	409	500	3415	413	512	485	365
Polr3b_+_84622392.23-P1P2	Polr3b	641	638	689	652	447	637	4518	518	538	843	330
Ppp5c_+_17027611.23-P1P2	Ppp5c	614	838	684	877	770	891	6110	760	1176	1305	1120
Psmc6_-_45329868.23-P1P2	Psmc6	808	820	978	826	802	910	6979	944	1095	1418	907
Wnt10b_+_98778521.23-P1P2	Wnt10b	861	870	1001	803	974	1131	8415	991	1282	1522	1382
Oxr1_+_41789530.23-ENSMUST00000090095.5,ENSMUST00000022918.7	Oxr1	907	830	1112	932	914	1082	7776	1002	1138	1418	1195
Folr1_+_101870552.23-P1	Folr1_P1	874	804	1008	995	1099	1143	8544	1021	1437	1759	1407
H2-M10.5_+_36773111.23-ENSMUST00000041531.6	H2-M10.5	719	440	784	626	639	791	5915	655	800	1182	713
Rpgrip1_-_52110943.23-P1P2	Rpgrip1	591	682	905	596	680	720	5605	696	874	971	619
Litaf_+_10993025.23-P1P2	Litaf	935	1253	1432	1316	1304	1431	10853	1243	1820	2331	1667
Cox7c_-_86046789.23-P1P2	Cox7c	474	652	715	446	645	742	4993	623	890	896	728
App_+_85173690.23-P1P2	App	612	505	582	583	652	668	5041	608	680	917	782
Pno1_+_17211482.23-P1P2	Pno1	573	545	748	534	676	809	5586	758	789	1113	817
Apc_-_34220930.23-P1	Apc_P1	861	759	858	739	799	1022	7570	805	1344	1471	1000
Chat_-_32465811.23-P2	Chat_P2	343	302	360	257	321	266	2434	331	356	373	329
Ndufa9_-_126849104.23-P1P2	Ndufa9	590	626	616	656	735	735	5856	763	894	1170	785
Stmn1_-_134468433.23-P1	Stmn1_P1	708	643	916	838	826	1013	7132	911	1170	1297	927
Dio2_-_90738804.23-P1P2	Dio2	528	374	536	386	573	568	4376	596	672	724	762
Acox1_+_116198777.23-P1P2	Acox1	568	508	749	611	709	753	5877	733	1021	1206	740
Dnah9_-_66168279.23-P1P2	Dnah9	552	497	609	523	624	803	5012	604	839	1122	954
Slc52a3_-_151999953.23-P2	Slc52a3_P2	531	484	753	554	717	773	6054	966	804	1378	947
Cd44_-_102901415.23-P1P2	Cd44	260	334	396	412	385	450	2832	352	480	619	360
Lep_-_29060253.23-P1P2	Lep	498	508	660	460	535	581	4781	520	874	823	599
Fzd6_-_39006380.23-P1P2	Fzd6	888	1029	1025	985	1150	1288	9919	1256	1427	1877	1490
Polr3k_-_181864446.23-P1P2	Polr3k	1156	1099	1313	1215	767	871	7230	615	466	797	413
Crp_+_172698102.23-P1P2	Crp	561	467	551	400	601	772	4834	529	694	866	741
Pomc_-_3954956.23-P1P2	Pomc	468	478	540	512	575	622	4923	467	719	915	773
Ppif_+_25694208.23-P1P2	Ppif	1034	1003	1207	1040	1072	1227	9360	1393	1240	2059	1331
Mpv17_+_31154213.23-P1P2	Mpv17	971	970	1428	1150	1182	1378	9656	1349	1410	2021	1501
Sirt4_-_115484357.23-P1P2	Sirt4	689	652	766	728	763	999	6845	715	973	1309	899
Gpx4_+_80053651.23-P1P2	Gpx4	858	960	886	930	530	557	4954	482	498	657	404
Kidins220_-_24975155.23-P1P2	Kidins220	831	776	847	820	946	900	7959	1043	1045	1696	1103
Gdnf_-_7811124.23-P1P2	Gdnf	944	1025	887	723	874	1099	7714	1058	1141	1575	1275
Eif2b2_-_85219558.23-P1P2	Eif2b2	900	801	987	943	864	850	6401	758	827	860	825
Hk1_-_62340158.23-P1P2	Hk1	394	318	404	348	396	481	3499	540	673	673	506
Ak4_-_101419560.23-P1P2	Ak4	723	671	1094	773	899	890	7588	928	1231	1483	1181
Wnt8b_+_44493517.23-P1P2	Wnt8b	813	859	1043	992	962	1118	8683	1077	1407	1707	1407
Map2k7_-_4238873.23-P1P2	Map2k7	558	656	757	515	646	693	5618	602	855	1070	605
Snca_+_60829674.23-P1P2	Snca	618	604	817	699	688	831	5952	667	1225	1313	1005
Hmbs_+_44344147.23-P2	Hmbs_P2	924	1039	1233	848	996	1015	8471	1112	1247	1650	1297
Anxa5_-_36475632.23-P1P2	Anxa5	716	903	780	809	924	1132	7869	945	999	1531	952
Wnt3_+_103774251.23-P1P2	Wnt3	326	352	374	354	428	460	3383	426	476	885	419
Chchd10_+_75935955.23-P1P2	Chchd10	729	835	790	859	925	1116	7709	973	920	1438	1071
Kat2b_+_53567044.23-P1P2	Kat2b	622	623	818	712	781	890	6519	831	1253	1273	880
Prkca_-_108343647.23-P1P2	Prkca	666	574	896	686	778	931	6920	817	1462	1460	1230
Nr1h2_+_44553506.23-P1P2	Nr1h2	912	935	1117	896	1034	1081	8510	910	1308	1862	1272
Kcnc3_+_44590951.23-ENSMUST00000107906.3	Kcnc3	1038	1239	1392	1257	1337	1363	10979	1296	1561	2323	1683
Smpd1_-_105554477.23-P1P2	Smpd1	359	332	475	452	445	451	3654	465	498	845	493
Btn1a1_+_23465850.23-P1P2	Btn1a1	511	451	589	501	542	656	4596	654	615	853	650
Gpx4_+_80053929.23-P1P2	Gpx4	806	883	949	840	947	1085	7930	967	1107	1110	527
Cox7b_+_106015985.23-P1P2	Cox7b	663	655	896	600	802	903	6684	971	1046	1298	1038
Sgsm3_-_80977872.23-P1P2	Sgsm3	580	499	704	536	632	720	5427	614	778	1160	1041
Clcc1_-_108654242.23-P1P2	Clcc1	1308	1017	1395	1062	1283	1489	10136	1350	1386	1959	1405
Adora1_-_134234785.23-P1P2	Adora1	813	734	838	819	825	938	7168	851	1107	1321	1125
Dstyk_-_132417663.23-P1P2	Dstyk	645	796	872	811	853	844	6837	796	1088	1422	901
Wnt4_-_137277500.23-P1P2	Wnt4	593	535	749	598	657	728	5388	619	868	980	843
Lcn2_+_32387722.23-P1P2	Lcn2	989	959	1116	905	955	1215	8604	1174	1668	1931	1274
Glul_-_153899959.23-P1P2	Glul	520	626	681	632	696	713	5624	655	965	1185	718
Ucp2_+_100493444.23-P1	Ucp2_P1	716	770	794	633	894	798	6714	874	1040	1326	906
Slc1a3_-_8710385.23-P1P2	Slc1a3	903	776	1088	856	938	1114	7943	1011	1111	1682	1084
Calm1_-_100199535.23-P1P2	Calm1	759	740	854	791	856	865	7115	860	1357	1455	1033
Ryr3_+_113217036.23-P1P2	Ryr3	687	590	676	689	801	808	6021	762	941	978	806
Ube2j2_-_155943902.23-P1P2	Ube2j2	873	973	1178	840	1141	1194	9176	1114	1547	1723	1329
Oxr1_-_41449141.23-ENSMUST00000179393.1	Oxr1	565	460	723	495	560	524	4751	524	821	977	816
Cisd2_+_135423210.23-P1P2	Cisd2	930	791	937	893	980	1066	8274	1057	1212	1356	860
Cacna1f_+_7607371.23-P1P2	Cacna1f	537	396	668	432	539	523	4326	683	750	788	709
Pno1_-_17211527.23-P1P2	Pno1	641	612	668	621	668	879	5834	767	856	1110	880
Fzd6_+_39006350.23-P1P2	Fzd6	1598	1758	2117	1878	1909	2163	17003	1993	2420	3639	2408
Zfyve27_+_42170631.23-P1P2	Zfyve27	875	864	893	696	851	980	7359	1000	1246	1221	997
Dctn3_+_41723103.23-P1P2	Dctn3	640	546	547	449	620	698	4927	743	638	810	824
Klf4_+_55532465.23-P1P2	Klf4	617	613	639	421	608	660	4667	620	711	945	908
Ccr2_+_124102169.23-P1P2	Ccr2	307	460	381	438	514	414	4247	435	528	769	704
Calm2_+_87446834.23-ENSMUST00000040440.6	Calm2	1154	937	1219	966	1144	1185	9068	1165	1598	1894	1538
Kcnma1_+_23803231.23-ENSMUST00000172099.2,ENSMUST00000074983.6	Kcnma1	516	664	743	661	683	761	5194	742	782	1043	790
Sod1_-_90220795.23-P1P2	Sod1	842	817	1093	825	851	967	7262	1014	1357	1478	1300
Sod1_-_90220778.23-P1P2	Sod1	1098	1006	1235	1109	1314	1269	10535	1359	1847	2124	1799
Uqcrq_+_53430767.23-P1P2	Uqcrq	554	634	767	597	762	855	6404	788	749	1322	950
Serpina3a_+_104113015.23-P1P2	Serpina3a	545	573	859	575	731	723	5713	682	786	1063	893
Kras_+_145250232.23-P1P2	Kras	884	1027	1067	901	1131	1250	9120	1067	1430	1785	1375
Fig4_-_41303035.23-P1P2	Fig4	791	876	1076	911	1091	1038	8334	1097	1205	1492	1266
Rpgrip1_+_52110974.23-P1P2	Rpgrip1	488	651	759	628	776	823	6525	840	877	1305	919
Mme_-_63296256.23-P2	Mme_P2	500	415	616	440	576	689	4994	565	984	921	816
Pi4ka_+_17405847.23-P1P2	Pi4ka	850	851	1035	801	913	989	7140	901	1062	1365	918
Sucla2_-_73552810.23-P1P2	Sucla2	843	794	881	791	848	1027	7420	905	1367	1440	1163
Nlrp3_-_59542710.23-P2	Nlrp3_P2	451	395	399	494	479	586	4359	408	732	796	765
Dstyk_+_132417384.23-P1P2	Dstyk	1061	1023	1121	970	1045	1281	8608	1216	1055	1716	1078
Pla2g6_+_79328114.23-P1P2	Pla2g6	793	725	800	886	843	1116	7393	896	976	1486	1215
Inf2_-_112588846.23-P1	Inf2_P1	414	493	629	512	632	662	4671	489	712	897	634
Hspb2_+_50752309.23-P1P2	Hspb2	892	935	933	898	1031	1196	8029	907	1457	1697	1204
Cstb_+_78425786.23-P1P2	Cstb	477	472	655	552	534	608	3977	627	475	559	517
Blvra_+_127080575.23-P2	Blvra_P2	656	644	688	645	772	763	6444	864	977	1441	938
Tnr_-_159737537.23-ENSMUST00000111669.3	Tnr	546	486	562	647	630	773	5144	779	711	913	575
Tiparp_+_65528534.23-P1P2	Tiparp	884	842	1036	731	1049	1247	8192	954	1285	1735	1184
Ndufb11_+_20617007.23-P1P2	Ndufb11	611	552	805	742	764	833	6539	780	897	1531	767
non-targeting_02666	non-targeting	551	641	707	581	747	870	6178	809	794	1203	731
Tdp2_-_24831919.23-P1P2	Tdp2	699	561	813	747	744	784	6397	811	1058	1254	899
Ndrg1_-_66969528.23-P1P2	Ndrg1	408	438	626	512	520	590	4533	531	739	879	636
Wipi1_-_109611298.23-P1P2	Wipi1	1003	897	1102	1173	1030	1121	8786	982	1173	1919	1333
Ndufs4_-_114387846.23-P1P2	Ndufs4	545	389	578	422	489	583	4176	541	509	831	647
Tomm40l_+_171222367.23-P1P2	Tomm40l	864	910	746	746	962	1018	7093	941	1292	1370	1039
Lgi1_+_38265012.23-P1P2	Lgi1	342	212	312	378	384	370	3050	384	572	431	457
Ireb2_+_54863783.23-P1P2	Ireb2	254	380	406	433	409	511	3494	436	543	764	313
Cx3cr1_-_120068233.23-P1P2	Cx3cr1	717	565	847	693	804	802	6492	840	777	1476	1059
Casp3_-_46617457.23-P1P2	Casp3	787	647	1017	643	768	731	6321	599	948	1249	991
non-targeting_02660	non-targeting	751	625	581	646	732	892	6115	782	1000	1298	993
Gba2_+_43578824.23-P1P2	Gba2	925	928	1276	981	1194	1205	9228	1092	1460	1771	1560
Cav1_-_17306459.23-P2	Cav1_P2	664	620	641	775	800	795	6615	872	987	1154	993
Ulk2_+_61855015.23-P1P2	Ulk2	563	694	637	556	611	696	5538	750	930	979	843
Arih1_+_59486592.23-P1P2	Arih1	819	785	889	682	896	922	7265	926	1080	1388	1054
Csnk2a2_-_95488745.23-P1P2	Csnk2a2	995	1103	1285	1171	1109	1263	10264	1237	1270	2232	1427
Blzf1_+_164307218.23-P1P2	Blzf1	605	769	800	614	742	834	5987	665	1154	1295	779
Gja6_+_160907010.23-P1P2	Gja6	653	815	1072	854	1007	1136	8621	1114	1552	1699	1073
Gpx1_-_108339106.23-P1P2	Gpx1	1009	1078	1117	1103	1309	1429	9679	1264	1572	2078	1496
Kl_+_150952936.23-P1P2	Kl	474	344	338	374	442	412	3267	439	544	500	354
Sirt3_+_140881770.23-P1P2	Sirt3	728	564	780	568	662	747	5477	723	856	1115	787
Irs1_+_82291124.23-P1P2	Irs1	937	905	1290	1020	1076	1241	9296	1205	1494	1719	1147
Hdac4_+_92148059.23-ENSMUST00000008995.8	Hdac4	748	828	977	671	920	984	7340	1057	1164	1418	1147
Atf4_-_80255475.23-P1P2	Atf4	533	540	506	445	501	583	4615	559	676	1078	612
non-targeting_02238	non-targeting	376	431	702	580	567	701	4781	736	896	1077	877
Tcerg1_-_42511576.23-P1P2	Tcerg1	496	614	728	749	724	810	6050	911	1024	1165	775
Vps37a_-_40511872.23-P1P2	Vps37a	643	582	797	495	624	851	5619	575	789	976	887
Fgf13_+_59134756.23-P1P2	Fgf13	651	757	675	671	881	875	6250	907	1099	1430	832
Kat5_+_5609852.23-P1P2	Kat5	711	685	910	785	795	851	6261	782	828	1295	769
Foxo3_+_42276687.23-P1P2	Foxo3	793	700	888	660	791	907	6877	784	919	1201	933
Thg1l_+_45955425.23-P1P2	Thg1l	856	870	1115	914	1155	1150	8421	958	1224	1835	1151
Mad2l1bp_+_46153478.23-P1P2	Mad2l1bp	1272	1266	1343	1392	1404	1686	12192	1608	1985	2540	1986
Fzd4_-_89404408.23-P1P2	Fzd4	674	714	745	725	809	904	6596	793	976	1421	1000
Atp1a3_-_25005910.23-P1P2	Atp1a3	571	494	779	616	660	738	5553	667	835	1077	709
Snap25_+_136713525.23-P1P2	Snap25	624	606	931	675	603	833	6045	796	745	1403	1063
Tmed9_+_55593212.23-P1P2	Tmed9	832	780	818	854	1125	1233	8275	1101	1231	1810	1386
Hpdl_-_116821475.23-P1P2	Hpdl	345	335	345	427	349	507	3747	459	546	843	628
Pink1_+_138326215.23-P1P2	Pink1	905	679	967	809	1017	1135	8178	1008	1129	1613	929
Lrsam1_+_32961539.23-P1P2	Lrsam1	676	684	689	699	687	819	5745	635	711	1128	902
Morc2b_+_33139581.23-P1P2	Morc2b	528	442	642	521	628	723	5168	513	732	968	884
Slc26a3_+_31438256.23-P1P2	Slc26a3	832	954	1045	888	967	1263	9059	1144	1271	2008	1305
Cyp2d10_+_82406914.23-P1P2	Cyp2d10	903	859	864	856	961	1094	8125	1042	1393	1525	1354
Chrm5_+_112480728.23-ENSMUST00000099589.2	Chrm5	498	375	490	486	626	717	4844	591	676	775	706
Zfp106_-_120563770.23-P1P2	Zfp106	486	652	650	543	645	683	5271	581	622	992	800
Wnt16_+_22288296.23-P1P2	Wnt16	594	684	799	663	717	761	5987	754	843	1028	759
Daxx_-_33909552.23-P1P2	Daxx	555	530	941	617	646	725	5901	705	907	1143	1004
Tmem240_-_155734874.23-P1P2	Tmem240	630	512	681	622	596	753	6172	734	911	1192	823
Htt_-_34761777.23-P1P2	Htt	619	504	820	693	675	884	5803	748	1105	1253	765
Tuba4a_-_75219231.23-P1P2	Tuba4a	610	642	855	785	774	892	6274	750	973	1277	917
Cacna1d_-_30353510.23-P1P2	Cacna1d	624	469	585	552	686	850	5731	671	952	1176	920
Kcnma1_+_23803228.23-ENSMUST00000172099.2,ENSMUST00000074983.6	Kcnma1	337	453	454	526	519	496	3995	460	510	832	689
Bscl2_-_8840564.23-P1	Bscl2_P1	1273	710	1032	970	1026	1113	8525	1214	1468	1615	1349
Ppp1r1b_-_98348748.23-P1P2	Ppp1r1b	975	980	1038	914	1013	1141	8756	1046	1375	1717	1537
Mnat1_-_73123768.23-P1P2	Mnat1	779	858	998	958	952	1214	8416	949	1483	1686	1287
Eif2ak2_+_78882509.23-P1P2	Eif2ak2	558	652	681	663	704	884	6285	708	1060	1147	958
Ubqln4_+_88553834.23-P1P2	Ubqln4	724	653	961	779	810	989	7075	912	783	1423	779
Dab1_+_104367665.23-P1P2	Dab1	598	644	685	767	737	725	6516	646	845	1195	931
non-targeting_00663	non-targeting	696	560	727	618	666	797	5567	675	888	1094	929
Plp1_+_136823090.23-P1P2	Plp1	935	930	1218	1071	1293	1410	10144	1267	1434	2138	1302
Cd200_+_45408987.23-P1P2	Cd200	635	661	659	536	712	871	6129	736	1252	1424	1075
Psmd3_-_98682586.23-P1P2	Psmd3	331	372	526	374	417	436	3288	430	405	543	343
Bscl2_+_8840582.23-P1	Bscl2_P1	599	600	513	531	620	782	5098	665	900	998	931
Gdap1_-_17145400.23-P1P2	Gdap1	554	434	500	534	452	543	4267	493	606	766	573
Serpina3k_-_104338604.23-P1P2	Serpina3k	585	526	743	630	692	826	5604	793	882	1066	960
Vamp1_+_125231320.23-P2	Vamp1_P2	606	555	702	525	712	719	5750	673	971	1048	739
Tspo_-_83563611.23-P1P2	Tspo	907	1064	910	982	1147	1173	9170	1075	1533	2047	1414
Ccl3_-_83649326.23-P1P2	Ccl3	459	458	540	513	482	628	4370	469	606	933	585
Gpx3_+_54902976.23-P1P2	Gpx3	595	745	798	817	757	963	6304	825	943	1508	1094
Kif5b_-_6241451.23-P1P2	Kif5b	944	1082	1421	914	1194	1244	9606	1181	1500	2164	1537
Hmgb1_-_149052584.23-P1	Hmgb1_P1	1005	924	1213	898	1270	1409	9716	1132	1714	1650	1386
Sirt3_-_140882231.23-P1P2	Sirt3	519	612	654	598	599	625	5108	785	653	959	688
Park7_-_150914421.23-P2	Park7_P2	454	505	510	401	687	722	5377	596	858	982	542
Tubb2a_-_34077979.23-P1P2	Tubb2a	516	530	719	654	713	817	5634	778	1036	1352	872
Fxn_-_24280539.23-P1P2	Fxn	1054	959	1209	1136	1195	1297	10006	1158	1441	1807	1274
Slc19a3_+_83038460.23-P1P2	Slc19a3	680	615	775	607	638	925	6083	755	1055	1146	780
Ager_-_34597923.23-P1P2	Ager	1461	1656	1825	1827	1941	1985	15850	1915	2318	3152	2410
Mul1_-_138434716.23-P1P2	Mul1	550	652	783	609	688	874	5971	666	661	982	757
Tank_+_61578637.23-P2	Tank_P2	802	740	1025	612	960	1058	7332	866	1220	1527	1071
Hif1a_+_73908046.23-P1P2	Hif1a	535	581	676	603	729	926	6317	871	1079	1452	1110
Erlin1_+_44069689.23-P1P2	Erlin1	693	769	705	628	778	828	6336	917	797	1359	1040
Xk_+_9273017.23-P1P2	Xk	748	584	733	654	619	713	5867	663	768	826	733
Hdac9_-_34528837.23-P1P2	Hdac9	728	860	1029	844	947	1206	8191	1090	1147	1831	1083
Rela_+_5637817.23-P1P2	Rela	826	1037	996	919	934	1065	7740	897	1591	1420	1204
Slc52a2_+_76539060.23-P1P2	Slc52a2	227	256	368	371	396	379	3298	397	598	685	289
Hpgds_-_65144768.23-P1P2	Hpgds	736	528	895	651	723	946	6492	779	1058	1536	911
Ifng_+_118441053.23-P1P2	Ifng	809	1047	1147	983	1100	1390	9052	1077	1816	1903	1285
Psmb5_+_54617742.23-P1P2	Psmb5	312	395	402	374	280	290	2487	286	157	336	191
Als2_-_59237017.23-P1P2	Als2	740	890	786	708	858	1020	6929	754	1227	1483	1102
Serpina1e_-_103956466.23-P1	Serpina1e_P1	786	842	869	851	1075	997	7778	1000	1192	1651	1013
Wnt10a_+_74792105.23-P1P2	Wnt10a	628	637	656	554	680	877	5932	782	931	1405	1134
Trp73_-_154097053.23-P2	Trp73_P2	767	854	982	753	952	932	7796	932	1317	1723	890
Anp32a_-_62341393.23-P1P2	Anp32a	718	661	747	610	723	873	6057	715	1192	1163	935
Colec11_+_28623261.23-P1P2	Colec11	914	977	975	997	1223	1290	9204	1025	1331	1699	1292
Dnah7b_-_46066907.23-P1P2	Dnah7b	180	104	142	161	115	189	1358	158	184	300	184
Rbfox3_-_118909460.23-P1P2	Rbfox3	618	518	735	556	750	797	6073	754	1064	1040	839
Matr3_+_35562428.23-P1P2	Matr3	776	794	1068	800	937	1132	8180	915	1311	1552	1043
Chat_+_32460899.23-P1	Chat_P1	1036	910	1212	833	965	994	8803	1059	1427	1773	1463
Tfam_-_71238026.23-P1P2	Tfam	1021	1085	1160	1114	1180	1410	10300	1331	1663	1928	1478
Casp12_-_5345521.23-P1P2	Casp12	575	667	729	584	723	785	5967	858	799	1211	1124
Itpr1_-_108213232.23-P1P2	Itpr1	652	693	839	739	820	917	6227	802	1077	1303	946
Slc25a38_-_120114950.23-P2	Slc25a38_P2	453	511	641	625	527	800	5322	751	996	1205	816
Idua_+_108669368.23-P1P2	Idua	865	815	1080	821	906	1048	8218	1045	1371	1639	1172
Abca7_-_79996552.23-P1P2	Abca7	458	461	627	535	546	599	4222	556	651	970	595
Ifit3_-_34583729.23-P1P2	Ifit3	678	743	818	763	825	969	7253	906	1091	1350	1020
Ap4m1_+_138172218.23-P1P2	Ap4m1	522	459	650	518	549	702	4924	659	920	1123	783
Clu_-_65969827.23-P2	Clu_P2	935	971	1183	916	1110	1155	9196	1085	1498	1867	1330
Blmh_-_76945805.23-P1P2	Blmh	941	1103	1196	1108	1428	1391	10015	1282	1717	2050	1440
Fzd2_-_102604446.23-P1P2	Fzd2	544	627	843	712	780	829	6396	635	813	1292	974
Mfn2_+_147904648.23-P1P2	Mfn2	794	913	847	585	939	1007	7856	1029	834	1220	1101
Atxn10_+_85336257.23-P1P2	Atxn10	319	352	359	350	411	435	3104	319	515	493	386
Samd9l_+_3399140.23-P1P2	Samd9l	586	589	502	460	560	619	5264	639	873	885	674
Tubb2b_-_34130341.23-P1P2	Tubb2b	841	940	1052	905	980	1197	8565	995	1232	1735	1373
Cnr1_-_33924712.23-P1P2	Cnr1	548	656	707	653	733	922	5768	772	941	1371	1010
Adam10_-_70679279.23-P1P2	Adam10	672	526	692	590	687	737	5119	651	710	953	715
Hpgds_-_65144362.23-P1P2	Hpgds	488	374	581	510	544	648	4824	560	756	919	672
Gstm4_+_108044737.23-P1P2	Gstm4	623	511	671	534	547	688	5295	670	727	1109	965
Uba1_-_20663003.23-P1	Uba1_P1	463	600	627	575	561	690	5277	686	776	1124	733
Zfp46_+_136286133.23-P2	Zfp46_P2	339	410	605	483	421	456	3656	450	651	774	674
Dnah1_+_31323921.23-ENSMUST00000048603.7	Dnah1	793	806	1135	811	943	875	7312	818	1009	1488	902
Nfkbia_-_55492360.23-P1P2	Nfkbia	1172	972	1236	1011	1152	1336	9670	1308	1351	1669	1509
Nek1_+_60993307.23-P1P2	Nek1	1015	959	714	761	846	1209	7885	1010	1330	1553	1193
Atxn10_+_85336265.23-P1P2	Atxn10	519	450	675	632	614	647	4675	564	514	795	408
Ubqln2_+_153498262.23-P1P2	Ubqln2	598	686	793	695	784	988	6736	842	1084	1353	1005
Gpx1_+_108339139.23-P1P2	Gpx1	549	586	738	659	818	915	6202	762	950	1161	870
Serpina1c_-_103904565.23-P1P2	Serpina1c	749	589	875	612	752	892	6830	795	1339	1293	934
Rmdn2_+_79615312.23-P1P2	Rmdn2	660	685	724	625	597	695	5769	638	965	1198	909
Fbxo7_+_86022149.23-P1P2	Fbxo7	665	680	774	776	809	944	6595	887	738	1131	1176
Dctn2_+_127266381.23-P1P2	Dctn2	543	519	602	490	519	571	4161	614	656	966	775
Vrk1_+_106010366.23-P1P2	Vrk1	843	822	1045	817	940	1150	8037	914	1099	1245	1057
Dkk2_-_132085539.23-P1P2	Dkk2	654	636	794	627	670	824	6162	769	773	1173	892
Dpp6_+_27262223.23-P1	Dpp6_P1	289	214	274	307	323	340	2467	316	573	505	318
Dnah9_+_66168445.23-P1P2	Dnah9	740	775	937	679	857	967	6597	909	1084	1455	970
Cntf_+_12765395.23-P1P2	Cntf	462	434	685	581	649	762	4950	559	801	1004	658
Adap1_+_139325109.23-P1P2	Adap1	641	732	857	798	845	951	7548	1102	1165	1579	1144
Slc25a4_+_46210993.23-P1P2	Slc25a4	295	257	298	288	372	361	2683	357	430	577	498
Vamp1_+_125231303.23-P2	Vamp1_P2	738	774	992	848	952	915	8503	906	1348	1681	1023
Ang2_+_51195557.23-ENSMUST00000051274.1	Ang2	776	694	847	880	983	1024	7574	999	990	1555	1084
Angpt4_+_151911481.23-P1P2	Angpt4	803	901	989	934	1021	1138	8367	1011	1230	1366	1374
Psmd2_-_20651965.23-P1P2	Psmd2	596	612	1019	685	626	785	5922	818	1126	1175	763
Hspa4_+_53300308.23-P1P2	Hspa4	683	608	914	687	746	906	6546	722	1139	1363	858
Uqcrc1_-_108936724.23-P1P2	Uqcrc1	397	302	483	342	344	437	3519	415	869	871	648
Rgs10_-_128418136.23-P1P2	Rgs10	531	420	762	473	583	616	4313	547	714	815	665
Tmem63c_+_87026568.23-P1P2	Tmem63c	553	591	704	532	701	698	5575	759	898	1143	823
Mapk11_+_89149586.23-P1P2	Mapk11	567	422	562	541	614	684	4611	621	611	826	746
Aif1_+_35172425.23-P1P2	Aif1	547	559	587	576	611	641	4949	564	717	1023	911
Sod1_+_90220781.23-P1P2	Sod1	809	747	829	721	862	974	7621	975	1274	1640	1246
Zap70_+_36761885.23-P1P2	Zap70	431	449	453	471	565	549	4219	559	644	740	667
Hspd1_+_55088029.23-P1P2	Hspd1	547	484	670	472	626	689	5315	626	528	1034	509
non-targeting_03176	non-targeting	809	869	1071	842	982	1212	8217	1006	1573	1902	1379
Dnah5_-_28203946.23-P1P2	Dnah5	484	441	600	575	563	566	5183	602	846	1005	773
Sdhc_-_171150520.23-P1P2	Sdhc	635	613	564	644	643	824	5395	757	817	917	1140
Msx2_-_53472735.23-P1P2	Msx2	126	117	178	109	152	139	1233	212	221	146	213
Hes3_-_152291629.23-P1P2	Hes3	582	477	563	604	569	678	5116	515	714	1214	898
Map3k11_+_5689813.23-P1	Map3k11_P1	378	362	463	321	389	502	3474	442	582	663	473
Gsk3b_+_38089532.23-P1P2	Gsk3b	355	465	556	454	506	664	4339	545	687	877	716
Frat2_+_41848059.23-P1P2	Frat2	895	848	1015	894	1018	1054	8521	1061	1247	1685	1320
Gap43_+_42340574.23-P1P2	Gap43	549	608	709	676	568	524	4550	508	718	1127	1143
Sod1_+_90221136.23-P1P2	Sod1	489	458	757	558	664	725	5326	627	967	1090	781
Sct_-_141279088.23-P1P2	Sct	635	742	719	832	907	959	7041	893	1147	1709	1141
Nrtn_-_56757468.23-P1P2	Nrtn	664	775	866	658	866	960	6986	829	1066	1446	951
Rnf170_-_26119725.23-P1P2	Rnf170	358	286	455	470	447	567	3939	376	532	730	682
Prdx3_-_60874494.23-P1P2	Prdx3	929	806	921	793	1089	1073	8689	1010	1555	1456	1261
Elp3_-_65593051.23-P1P2	Elp3	568	557	531	551	529	616	4713	550	817	956	698
Dvl1_+_155847499.23-P1P2	Dvl1	654	658	904	739	776	980	6972	718	812	1346	1023
Gpx3_-_54902930.23-P1P2	Gpx3	478	584	594	531	583	641	4912	722	806	930	661
Cx3cl1_-_94772225.23-P1P2	Cx3cl1	650	701	701	579	712	880	5622	644	979	1140	786
Gpx2_-_76795436.23-P1P2	Gpx2	466	422	619	459	620	657	5042	546	879	961	533
Wnt7b_+_85577844.23-P2	Wnt7b_P2	853	824	898	907	1102	1091	8340	906	1386	1465	1255
Cryab_+_50753247.23-P1P2	Cryab	299	317	333	405	381	491	3436	454	605	654	576
Khdrbs1_-_129742237.23-P1P2	Khdrbs1	603	494	806	617	655	752	5539	652	868	964	645
Atp13a2_+_140986947.23-P1P2	Atp13a2	704	652	690	559	763	704	5852	805	989	1221	823
Egr2_+_67537933.23-P1	Egr2_P1	540	621	658	625	636	686	5412	604	829	1226	833
Grin2b_-_136172179.23-P1P2	Grin2b	405	389	450	393	426	535	3686	401	645	745	516
Elavl4_+_110286620.23-P1P2	Elavl4	978	1154	987	1091	1104	1281	9629	1210	1438	2101	1743
Hif1a_+_73908011.23-P1P2	Hif1a	313	301	319	346	374	432	3006	384	535	609	331
Sod2_+_13008240.23-P1P2	Sod2	1045	997	1030	1094	1126	1349	10066	1401	1685	1857	1486
Mapk14_-_28691474.23-P1P2	Mapk14	404	265	375	327	437	500	3228	386	485	776	558
Sorl1_+_42124089.23-P1P2	Sorl1	756	591	854	795	834	975	7447	815	892	1400	1237
Icam1_+_21016027.23-P1P2	Icam1	831	861	934	839	940	951	8199	1166	1403	1405	1180
L1cam_+_73880735.23-P1P2	L1cam	1120	1047	1323	965	1159	1327	9647	1282	1347	1966	1347
Ntf3_-_126164748.23-P1	Ntf3_P1	763	764	915	803	906	977	7413	888	1287	1489	998
H2-M10.6_+_36812185.23-ENSMUST00000041398.4	H2-M10.6	671	752	799	823	756	663	6397	681	978	1206	1361
Serpina1c_-_103904952.23-P1P2	Serpina1c	941	967	1271	1205	1290	1424	10912	1307	1845	1958	1608
Crat_+_30415457.23-P1P2	Crat	661	650	776	671	874	911	6833	846	1168	1294	1189
Blvra_-_127070730.23-P1	Blvra_P1	613	456	744	743	815	900	6459	755	1005	1175	889
Rab10_+_3309892.23-P1P2	Rab10	268	365	493	396	385	416	2758	367	418	662	559
Vip_-_5639281.23-P1P2	Vip	662	586	608	630	563	671	5415	613	583	1164	801
Tspo_-_83563665.23-P1P2	Tspo	1193	1309	1588	1381	1458	1653	13165	1631	2044	2587	1952
Hdac9_+_34528840.23-P1P2	Hdac9	534	457	487	478	565	567	4653	547	658	827	573
Cnr2_+_135895454.23-P1	Cnr2_P1	479	602	735	603	668	750	6003	652	1135	1165	980
Wars2_+_99141123.23-P1P2	Wars2	1509	1526	1510	1469	1632	1761	13221	1512	2116	2192	1771
Coq7_+_118533282.23-P1P2	Coq7	803	674	946	911	892	1084	7592	907	1042	1722	877
Slc6a4_+_77009337.23-P1	Slc6a4_P1	578	642	739	762	784	931	6190	756	930	1122	1030
non-targeting_01372	non-targeting	1198	1115	1139	1118	1272	1245	9982	1415	1422	1907	1408
Synj1_+_91010961.23-P1P2	Synj1	540	707	758	685	678	762	6055	743	910	1142	888
Ewsr1_-_5099013.23-P1P2	Ewsr1	861	635	988	660	1058	1149	8706	1008	1334	1503	1144
Stmn1_-_134469819.23-P2	Stmn1_P2	1004	796	1220	900	1131	1273	9110	1151	1201	1583	1379
Psmb6_-_70525392.23-P1P2	Psmb6	377	358	444	441	373	392	3334	510	349	584	451
Rnf170_-_26119654.23-P1P2	Rnf170	415	453	534	548	598	676	4998	511	750	853	657
Vegfb_-_6987634.23-P1P2	Vegfb	884	883	926	1017	1084	1120	8949	1055	1746	1933	1462
Gjc2_-_59182831.23-P1P2	Gjc2	895	847	1036	962	1008	1122	8101	945	1420	1748	1300
Slc6a4_-_77009531.23-P1	Slc6a4_P1	433	479	501	527	529	489	3782	478	677	778	631
Oard1_+_48410121.23-P1P2	Oard1	1167	1132	1489	1185	1388	1647	11252	1351	1729	2268	1781
Calb1_-_15881302.23-P1P2	Calb1	775	960	1027	752	1012	951	8110	1128	1362	1928	1101
Slc7a6os_-_106210857.23-P1P2	Slc7a6os	849	726	832	782	676	779	6399	700	839	1346	1030
Hspg2_-_137468866.23-P1P2	Hspg2	664	791	812	735	781	918	6502	680	969	1250	880
Unc13a_-_71671672.23-P1P2	Unc13a	737	699	696	705	899	922	7245	906	1124	1397	1179
Agrn_-_156197436.23-P1	Agrn_P1	976	862	963	755	906	1158	7668	1197	1203	1365	1212
Vegfa_+_46032367.23-P1P2	Vegfa	553	549	610	607	598	766	5273	697	841	922	769
Tyrobp_+_30413818.23-P1P2	Tyrobp	1032	952	1136	926	1174	1142	9523	1226	1288	1872	1439
Smcr8_+_60777559.23-P1P2	Smcr8	650	771	763	658	691	899	6292	751	1152	1371	757
H2-M10.4_-_36462282.23-ENSMUST00000057502.7,ENSMUST00000169950.1	H2-M10.4	677	684	609	768	780	754	5745	715	821	1542	962
Zfp46_+_136286136.23-P2	Zfp46_P2	413	479	565	442	511	610	4690	564	672	961	705
Pitrm1_-_6548189.23-P1P2	Pitrm1	921	831	881	831	1053	1075	8326	970	1219	1597	1275
S100a1_-_90514278.23-P1P2	S100a1	848	730	981	773	902	1045	7281	936	1087	1561	1032
Dnah7b_+_46067061.23-P1P2	Dnah7b	615	633	845	639	778	870	6637	792	1019	1084	916
Gad2_+_22622562.23-P1P2	Gad2	502	528	633	556	556	752	4962	694	809	925	893
Ppp3r1_+_17159360.23-P1P2	Ppp3r1	584	606	849	858	866	1048	7827	913	1140	1503	1105
Ins2_-_142699502.23-P2	Ins2_P2	630	579	645	612	680	834	5364	646	760	1143	770
Kat5_+_5609812.23-P1P2	Kat5	599	542	478	592	610	694	5248	606	859	1023	670
Ifnb1_-_88522822.23-P1P2	Ifnb1	783	729	767	736	737	904	6586	934	1019	1312	1019
Nup62_-_44816410.23-P1P2	Nup62	397	392	476	465	477	441	3979	418	414	655	467
Rbpj_-_53590735.23-P1P2	Rbpj	674	671	790	730	855	846	7001	718	1022	1333	950
Pdxk_-_78464895.23-P1P2	Pdxk	662	693	990	724	731	856	6253	697	621	1064	856
Exosc1_+_41933239.23-P1P2	Exosc1	748	853	925	935	976	1166	8279	931	1278	1663	1391
Atxn3_+_101958153.23-P1P2	Atxn3	565	681	701	635	823	770	6490	658	1118	1117	850
Pon3_+_5256221.23-P1P2	Pon3	823	745	926	841	941	1096	7734	896	1016	1677	1144
Nrros_+_32165464.23-P1P2	Nrros	462	486	519	510	599	678	5146	653	774	1048	801
Wnt5a_-_28504693.23-P2	Wnt5a_P2	629	702	742	631	674	801	5783	755	1105	1194	1143
Exosc3_+_45320557.23-P1P2	Exosc3	1037	885	1150	852	1075	1064	8869	1092	1129	1491	992
Tpo_-_30132609.23-P1P2	Tpo	769	870	929	813	898	1061	8128	961	1161	1569	1024
Gria4_+_4796199.23-P1P2	Gria4	626	602	662	667	813	870	6372	750	1018	1198	784
Sct_-_141279104.23-P1P2	Sct	1027	1082	1323	997	1209	1250	9549	1344	1468	1890	1364
Ppp3r2_-_49681962.23-P1P2	Ppp3r2	279	263	369	289	291	336	2699	343	454	498	528
Mak16_-_31168712.23-P1P2	Mak16	464	295	376	368	428	392	3287	424	404	737	511
Gpx8_-_113046358.23-P1P2	Gpx8	594	660	751	746	734	818	6260	698	1039	1238	732
Rims2_+_39198431.23-ENSMUST00000082054.5,ENSMUST00000042917.9	Rims2	781	558	939	809	1065	1070	8402	1044	1022	1582	1097
Frat2_+_41848238.23-P1P2	Frat2	870	641	985	796	963	1104	8114	964	1375	1664	1504
Slc39a14_+_70350967.23-P1P2	Slc39a14	519	626	680	643	784	733	5855	690	847	1101	835
Dhtkd1_-_5942755.23-P1P2	Dhtkd1	644	514	625	555	633	690	5138	550	768	1160	761
Vac14_+_110618668.23-P1P2	Vac14	975	980	1163	953	1256	1287	9668	1099	1590	1911	856
Kcne3_+_100176903.23-P2	Kcne3_P2	966	987	1320	1074	1283	1395	10801	1184	1570	2223	1682
Cox4i1_+_120668305.23-P1P2	Cox4i1	636	599	848	581	800	955	6654	867	989	1424	960
Phex_-_157415057.23-P1P2	Phex	342	513	616	505	574	631	4224	425	580	995	525
Ube2g2_+_77622366.23-P1P2	Ube2g2	588	420	746	638	731	783	5484	740	851	1065	850
Dnah2_+_69544508.23-ENSMUST00000035539.5	Dnah2	790	690	686	852	832	933	6939	756	1042	1432	1084
Pdk3_-_93832123.23-P1P2	Pdk3	485	559	657	602	693	864	5814	694	1017	1098	818
Slc11a2_+_100423930.23-P2	Slc11a2_P2	913	888	987	849	1119	1240	8807	1007	1291	1810	1293
Prdx3_+_60874463.23-P1P2	Prdx3	374	473	540	389	504	520	4046	510	610	901	646
Gstm7_-_107931677.23-P1P2	Gstm7	471	533	692	583	601	650	4783	624	641	935	595
Igf1_+_87861392.23-P2	Igf1_P2	307	330	425	336	371	401	2967	406	456	537	471
Reep2_-_34840736.23-P1P2	Reep2	887	866	1068	856	1073	1192	8128	1173	1227	1534	1139
Tsen54_-_115814786.23-P1P2	Tsen54	899	1054	1095	922	1007	1015	7597	883	703	1101	434
Ddhd1_+_45658045.23-P1P2	Ddhd1	706	630	1218	971	944	1010	7539	970	1185	1772	1177
Ndufb6_+_40279341.23-P1P2	Ndufb6	1166	1017	1245	1319	1335	1352	11144	1332	1659	2162	1571
Trip4_-_65884997.23-P1	Trip4_P1	1048	1117	1538	1113	1272	1621	10821	1469	1426	2232	1331
Wdr45_-_7722343.23-P1P2	Wdr45	695	506	739	669	667	758	5960	742	978	1173	841
Wdr45_-_7722314.23-P1P2	Wdr45	468	588	692	528	616	609	4792	579	770	1034	743
Itpr1_-_108213293.23-P1P2	Itpr1	417	437	511	446	489	511	4000	408	628	781	591
Wnt5a_+_28504832.23-P2	Wnt5a_P2	727	829	889	681	890	948	7294	860	1101	1297	1293
Mif_+_75860278.23-P1P2	Mif	505	712	543	731	654	696	5308	730	854	908	718
Grin2a_+_9995023.23-P1P2	Grin2a	718	835	966	885	953	1068	7705	895	1164	1763	1336
Il4_-_53618594.23-P1P2	Il4	388	323	362	379	435	500	3689	440	444	687	677
Dcx_+_143933059.23-P1P2	Dcx	385	491	516	458	515	540	4414	545	551	843	689
Smpd1_+_105554753.23-P1P2	Smpd1	787	701	854	716	875	1020	7417	953	1244	1436	918
Kcna3_-_107036222.23-P1P2	Kcna3	685	579	701	564	687	758	5692	703	960	1063	776
Mul1_-_138434737.23-P1P2	Mul1	491	347	441	386	499	626	4441	572	805	905	496
Serpinf1_+_75422320.23-P1P2	Serpinf1	580	541	682	623	577	742	5506	832	859	1201	607
Serpina1b_-_103828050.23-P1P2	Serpina1b	593	477	560	527	573	642	4934	538	907	1031	606
Serpina3b_-_104128031.23-P1P2	Serpina3b	492	661	613	554	720	741	5575	794	904	1082	884
Il1a_+_129309919.23-P1P2	Il1a	395	468	561	517	478	573	4347	566	734	753	762
Kcnma1_+_23803209.23-ENSMUST00000172099.2,ENSMUST00000074983.6	Kcnma1	457	474	540	392	460	546	4302	486	578	946	769
Wnt8a_+_34542322.23-ENSMUST00000012426.2	Wnt8a	466	438	645	559	412	499	4320	566	785	808	809
Ang_+_51096831.23-P1	Ang_P1	591	481	509	476	568	480	4598	574	725	977	588
Ang_-_51096455.23-P1	Ang_P1	657	540	665	593	665	740	5948	827	1078	1155	832
Mapk13_-_28769402.23-P1P2	Mapk13	546	571	713	624	705	794	6061	723	905	976	858
Dnah8_+_30624404.23-ENSMUST00000170651.1	Dnah8	387	510	505	422	488	562	3903	472	724	739	741
Cst3_+_148875207.23-P1P2	Cst3	491	689	709	632	652	822	5950	699	1054	1292	794
Vps35_-_85299729.23-P1P2	Vps35	735	787	845	880	1045	1083	8098	1107	1532	1613	1271
Cd200r2_+_44867291.23-P1P2	Cd200r2	518	340	391	601	658	687	4868	532	668	840	701
Tdp2_+_24831721.23-P1P2	Tdp2	571	801	860	657	821	962	7348	835	1197	1582	1108
Necab1_-_15149029.23-P1P2	Necab1	935	1143	1388	1102	1379	1362	10967	1539	1815	2228	1612
Psmd1_-_86064700.23-P1P2	Psmd1	749	813	903	821	585	618	4906	610	559	780	510
Pon1_+_5193706.23-P1P2	Pon1	820	786	1077	875	990	1215	8918	1096	1659	1930	1478
Dbn1_-_55488013.23-P1P2	Dbn1	626	529	571	551	578	654	5027	589	798	1050	656
non-targeting_00957	non-targeting	567	659	654	572	593	710	5293	727	825	1118	663
Kdm1a_+_136602630.23-P1P2	Kdm1a	574	459	521	423	540	574	4693	636	698	889	623
Casp9_+_141793852.23-P1P2	Casp9	455	411	584	483	540	579	4500	565	734	977	489
Mtor_-_148448646.23-P1P2	Mtor	612	463	704	664	643	782	5516	648	874	1176	905
Hspa9_+_34954056.23-P1P2	Hspa9	545	398	605	462	581	555	4641	595	866	973	871
Calm2_+_87447009.23-ENSMUST00000040440.6	Calm2	456	463	605	549	592	534	4971	642	927	1110	632
Gaa_-_119268142.23-P1P2	Gaa	1165	1340	1563	1300	1298	1547	11713	1397	1542	2204	1914
Atp1a1_-_101604527.23-P1P2	Atp1a1	871	812	1013	941	961	1134	8490	945	1210	1636	1063
Dstyk_-_132417629.23-P1P2	Dstyk	938	882	974	866	1012	1135	7689	894	1254	1805	1243
Cxcl13_+_95957014.23-P1P2	Cxcl13	567	529	721	571	607	814	5467	697	929	1049	695
Ywhag_-_135934544.23-P1P2	Ywhag	669	727	749	642	692	790	6305	728	1080	1159	753
Il10_-_131019840.23-P1P2	Il10	536	665	645	605	605	774	5222	557	1016	901	934
non-targeting_04076	non-targeting	444	572	684	596	670	706	5473	855	965	1194	886
Myc_+_61985606.23-P1P2	Myc	657	692	800	820	633	835	6283	825	823	1073	825
Serpina3a_-_104112931.23-P1P2	Serpina3a	338	375	441	325	463	425	3701	415	620	793	422
Txnrd1_-_82859277.23-P1P2	Txnrd1	861	722	962	908	974	1165	7751	1016	1238	1787	1433
Rab10_-_3309744.23-P1P2	Rab10	950	923	1136	1122	1089	1157	8875	1017	1359	1748	1246
Tat_-_109990460.23-P1P2	Tat	605	608	678	558	682	772	5474	696	1055	1217	827
Ube2j2_-_155944249.23-P1P2	Ube2j2	371	382	528	354	567	535	4362	412	646	957	535
Fas_-_34290685.23-P1P2	Fas	515	563	621	587	645	780	5223	589	666	971	814
Smn1_-_100124896.23-P1P2	Smn1	634	457	653	598	564	686	5298	551	800	1067	870
Reep1_+_71707932.23-P1P2	Reep1	547	451	549	496	602	698	4784	596	857	1049	589
Chek2_-_110840005.23-P1P2	Chek2	840	636	1111	860	903	1008	7754	869	1368	1500	1200
Ndufa4_+_11907383.23-P1P2	Ndufa4	525	568	660	513	721	857	6045	597	881	944	830
Ang4_+_51773574.23-P1P2	Ang4	639	604	731	579	775	867	5963	691	1096	1032	780
Cybb_-_9469045.23-P1P2	Cybb	733	448	717	504	639	694	5109	791	827	1190	694
Serpini1_+_75557601.23-P1P2	Serpini1	839	900	1071	865	922	1066	8226	1105	1691	1857	1271
Sptlc1_+_53377345.23-P1P2	Sptlc1	641	666	797	733	599	685	5385	659	781	918	1004
Fdps_-_89101638.23-P1P2	Fdps	696	507	541	647	639	696	5660	689	1133	1097	788
Nrros_-_32165479.23-P1P2	Nrros	765	618	873	760	936	977	6979	904	1085	1243	969
Spg7_-_123065532.23-P1P2	Spg7	817	1000	963	970	1160	1206	10145	1171	1539	1617	1254
Aars2_+_45506896.23-P1P2	Aars2	590	542	580	629	656	740	5507	732	505	577	508
Slc17a7_-_45163939.23-P1P2	Slc17a7	769	663	845	802	839	806	7040	889	1006	1312	967
Tbce_+_14039536.23-P1P2	Tbce	584	624	931	865	1035	992	7419	894	1023	1195	870
Cdc27_+_104550427.23-P1P2	Cdc27	742	930	1059	1075	1072	1364	9009	1050	1326	1928	1411
Psmb7_-_38643990.23-P1P2	Psmb7	1163	1049	1232	996	1105	1326	8939	1116	1209	1832	1481
Clp1_-_84727212.23-P1P2	Clp1	492	520	738	516	596	645	5379	643	881	1050	639
Kat5_-_5609957.23-P1P2	Kat5	654	612	688	553	659	821	6052	724	953	1401	890
Gnb4_+_32616495.23-P1P2	Gnb4	848	765	922	677	1020	1095	8018	1045	1033	1581	1049
Gapdh_-_125165356.23-P1P2	Gapdh	655	710	730	787	762	885	6361	799	1147	1233	1247
Cox4i1_-_120668324.23-P1P2	Cox4i1	460	451	632	505	511	703	4687	548	687	1040	761
Abhd16a_-_35089309.23-P1P2	Abhd16a	490	534	689	622	693	824	6155	687	1076	1177	973
Serpina1a_+_103863499.23-P1P2	Serpina1a	641	595	626	646	824	831	6232	776	1083	1323	865
Alb_+_90460960.23-P1P2	Alb	522	461	455	472	523	598	4614	455	518	844	351
Tuba1b_-_98934442.23-P1P2	Tuba1b	985	898	1049	914	990	1084	8968	1129	1566	1860	1242
Rhoa_+_108306389.23-P1P2	Rhoa	225	278	383	270	273	343	2344	259	277	536	578
Anxa5_-_36475589.23-P1P2	Anxa5	1214	961	1175	980	1239	1294	10331	1123	1500	2096	1533
Ppp3cb_+_20546521.23-P1P2	Ppp3cb	1064	1003	1337	1115	1213	1499	10653	1179	1622	2112	1520
Anp32a_-_62341377.23-P1P2	Anp32a	718	565	838	740	842	861	6588	827	1024	1331	765
Wnt5b_+_119544237.23-P1P2	Wnt5b	517	525	606	602	602	798	5551	673	854	1229	572
Psmd11_-_80428992.23-P1P2	Psmd11	885	927	1004	1127	1134	1145	9203	1091	1508	1605	892
Atg5_-_44268589.23-P1P2	Atg5	711	718	972	736	878	912	6802	831	1103	1537	1060
Ppt2_+_34627385.23-P1P2	Ppt2	608	528	653	679	565	677	4749	530	905	1115	1046
Keap1_-_21239279.23-P1P2	Keap1	800	637	926	689	884	968	7477	919	1220	1698	1240
Klk6_-_43824553.23-P1P2	Klk6	529	536	586	532	556	709	5408	665	929	973	699
Adam10_+_70679112.23-P1P2	Adam10	600	484	738	754	712	758	6010	856	923	1130	673
Dctn6_+_34108437.23-P1P2	Dctn6	468	586	615	512	618	737	5160	703	845	867	601
Tbk1_-_121586491.23-P1P2	Tbk1	500	588	793	607	690	958	5936	899	935	1341	938
Prkcb_-_122289143.23-P1P2	Prkcb	726	582	766	735	876	1036	6609	903	885	1438	905
Ampd2_-_108085356.23-P2	Ampd2_P2	462	584	692	608	627	653	4453	600	840	980	637
Axin1_-_26138759.23-P1P2	Axin1	757	724	886	706	744	849	6948	878	918	1300	1138
Fam168b_+_34842982.23-P1P2	Fam168b	935	794	1105	789	881	1119	7755	1009	1615	1656	1165
Slc25a38_+_120114963.23-P2	Slc25a38_P2	396	473	448	495	560	608	5024	597	474	762	701
Cntf_-_12765415.23-P1P2	Cntf	669	588	688	600	679	770	5800	624	797	1123	886
Mmp9_+_164948314.23-P1P2	Mmp9	1121	1045	1400	1240	1418	1451	10964	1417	1647	2392	1736
Npc1_-_12236058.23-P1P2	Npc1	853	828	990	835	949	1052	8099	1044	1353	1632	1219
Lgi1_+_38265007.23-P1P2	Lgi1	951	1041	1097	874	1065	1308	8948	1123	1598	1560	1122
Sgk1_-_21994292.23-P1P2	Sgk1	472	361	562	551	607	604	4586	525	857	1044	674
Il15_-_82403023.23-P1P2	Il15	392	407	461	379	424	446	3816	527	693	784	608
Decr1_+_15945276.23-P1P2	Decr1	884	918	838	886	1006	1087	8359	1023	1454	1778	1239
Crat_-_30415315.23-P1P2	Crat	578	655	670	699	696	752	6416	831	873	1125	1029
Upk3b_-_136038724.23-P1P2	Upk3b	445	480	573	627	661	680	5180	517	910	978	656
Mpz_+_171155575.23-P1P2	Mpz	852	713	1060	799	992	1098	7919	860	1308	1381	1030
Angpt4_+_151911284.23-P1P2	Angpt4	852	826	1023	1026	964	1158	8654	1095	1644	1699	1310
Gba2_+_43578821.23-P1P2	Gba2	713	659	731	770	874	949	6497	983	1040	1097	935
Atg5_-_44268621.23-P1P2	Atg5	654	655	919	732	821	931	6891	867	1159	1469	1138
Slc33a1_+_63964554.23-P1P2	Slc33a1	371	368	405	373	506	527	3737	498	671	810	636
Abcb1a_+_8660259.23-P1P2	Abcb1a	402	400	562	447	439	538	4100	412	754	767	533
Hnrnpa2b1_-_51469831.23-P1P2	Hnrnpa2b1	602	421	656	627	557	676	5465	648	673	976	878
Maf_+_115707816.23-P1P2	Maf	315	395	334	355	449	478	3164	424	570	693	440
Chp1_-_119547847.23-P1P2	Chp1	1339	1098	1176	1212	1228	1383	9943	1311	1272	1745	1263
Il18_-_50554946.23-P1P2	Il18	442	483	460	496	471	582	4151	566	515	765	517
Tdp1_-_99884556.23-P1P2	Tdp1	543	542	717	637	676	763	5335	577	752	1248	632
Chmp2b_-_65562691.23-P1P2	Chmp2b	465	478	664	528	548	666	4532	638	670	831	584
Atg12_+_46741527.23-P1P2	Atg12	717	615	783	547	776	875	6582	780	1072	1150	965
Thg1l_+_45955458.23-P1P2	Thg1l	970	897	1154	1084	1247	1273	9121	1081	1260	1782	1475
Mapk3_-_126759884.23-P1P2	Mapk3	955	955	1127	974	1148	1294	9332	1318	1510	1998	1434
Znhit3_-_84916259.23-P1P2	Znhit3	614	544	886	642	761	798	5845	700	943	1257	1039
Pclo_+_14515022.23-P1P2	Pclo	437	511	561	522	578	634	4828	613	873	886	584
Zfyve26_+_79296213.23-P1P2	Zfyve26	1008	860	1108	943	1160	1348	10398	1199	1570	1688	1401
Exoc2_+_30974049.23-P1P2	Exoc2	947	970	1149	1084	1054	1235	9187	1156	1130	1672	1404
Adora1_+_134234770.23-P1P2	Adora1	590	526	782	604	796	761	5838	669	906	1180	704
Chrna7_+_63212468.23-P1P2	Chrna7	788	747	924	680	791	919	7092	986	1160	1402	1004
Mrc1_-_14229420.23-P1P2	Mrc1	728	900	1008	753	966	1148	7756	1011	978	1351	1275
Tfeb_-_47737146.23-P1P2	Tfeb	457	425	628	433	430	548	4333	495	772	915	690
Chmp1a_+_123212749.23-P1P2	Chmp1a	711	620	758	670	677	835	5791	742	873	1141	887
Ubap1_-_41349076.23-P1P2	Ubap1	730	731	888	907	883	994	6381	839	753	1111	848
Prdx3_+_60874446.23-P1P2	Prdx3	865	1040	1177	912	1079	1110	8304	936	1228	1791	1374
Ndufb11_+_20617014.23-P1P2	Ndufb11	867	878	1195	946	1055	1302	9152	1050	1272	1664	1474
non-targeting_00566	non-targeting	591	665	713	612	697	680	5843	721	891	1243	783
Reep2_+_34840671.23-P1P2	Reep2	624	572	636	614	712	783	6134	763	1003	994	1005
Ube2l3_-_17201235.23-P1P2	Ube2l3	744	820	805	813	867	999	6886	788	961	1501	1046
Aptx_+_40703135.23-P1P2	Aptx	310	334	442	320	403	413	3362	341	645	624	541
Hgf_-_16553903.23-P1P2	Hgf	719	644	772	765	681	806	6205	703	811	1320	974
Acbd5_-_23069112.23-P1P2	Acbd5	790	785	856	767	834	979	6504	951	1246	1614	889
Cst3_-_148875382.23-P1P2	Cst3	696	758	797	841	785	814	6743	840	1388	1279	1025
Atm_+_53536602.23-P1P2	Atm	674	895	1008	804	952	1100	7391	931	1178	1469	1217
Atp5h_+_115419853.23-P1P2	Atp5h	810	892	1027	886	1004	973	8312	918	1175	1731	1395
Epg5_-_77938495.23-P1P2	Epg5	457	510	613	557	494	693	4416	515	776	952	626
Tyrp1_-_80834419.23-P1P2	Tyrp1	480	380	627	492	588	659	4882	697	620	1002	718
Gria1_-_57011815.23-P1P2	Gria1	833	763	1061	922	1036	1258	8277	994	1083	1689	1263
Eef2_+_81176724.23-P1	Eef2_P1	513	558	701	595	257	325	2972	301	98	212	105
Cd200_-_45408905.23-P1P2	Cd200	1036	924	1008	864	1099	1291	9237	1173	1476	1829	1299
Slc25a5_-_36795631.23-P1P2	Slc25a5	762	641	678	749	692	787	6274	664	874	1399	864
Zfp46_+_136284739.23-P1	Zfp46_P1	262	384	574	328	361	516	3728	466	624	743	523
Tppp3_+_105471368.23-P1P2	Tppp3	549	511	674	520	588	578	4722	635	643	982	711
Eif2ak3_-_70844586.23-P1P2	Eif2ak3	750	754	803	692	788	1031	6731	838	914	1540	838
Padi2_+_140906599.23-P1	Padi2_P1	709	748	877	668	808	925	6599	795	1096	1429	1008
Sirt6_-_81627476.23-P1P2	Sirt6	762	746	834	745	881	947	6797	879	1085	1401	942
Plb1_+_32247510.23-P1P2	Plb1	507	592	714	644	710	865	5814	733	918	1145	795
Cwf19l1_-_44135775.23-P1P2	Cwf19l1	564	675	725	727	854	766	6522	908	1069	1320	1062
Cnr1_+_33924982.23-P1P2	Cnr1	944	852	1074	935	868	1099	7931	945	1413	1816	1399
Htra1_+_130936257.23-P1P2	Htra1	902	819	982	845	1070	1129	8926	1050	1261	1764	1269
Rab7_+_88045209.23-P1P2	Rab7	529	561	573	611	659	744	5195	655	1014	987	895
Glo1_-_30612395.23-P1P2	Glo1	1063	931	1063	867	1007	1277	9634	1188	1555	1973	1488
Map3k11_-_5688764.23-P2	Map3k11_P2	541	589	762	607	665	675	5514	647	606	1084	801
Igf1_+_87861319.23-P2	Igf1_P2	793	971	723	921	918	1085	7443	941	1257	1297	1330
Hmgb1_+_149053025.23-P1	Hmgb1_P1	366	412	631	438	537	549	4198	487	698	777	667
Abhd12_-_150904666.23-P1P2	Abhd12	872	1009	1176	1054	1067	1331	9682	1259	1514	2057	1505
H2-M10.4_-_36462293.23-ENSMUST00000057502.7,ENSMUST00000169950.1	H2-M10.4	821	856	1059	789	1099	1354	8638	1156	1439	1924	1353
Park7_-_150914372.23-P2	Park7_P2	538	602	828	661	725	781	5981	629	892	1251	914
Ppp3cc_-_70289425.23-P1P2	Ppp3cc	459	497	466	386	511	596	4418	536	523	804	731
Sema6a_+_47368845.23-P1P2	Sema6a	681	570	790	581	782	844	6260	866	897	1383	804
Hdac1_+_129542322.23-P1P2	Hdac1	418	540	644	529	649	741	5133	616	732	922	779
Dnm1l_+_16358511.23-P1P2	Dnm1l	548	835	810	831	815	828	7040	900	1242	1521	1140
Glp1r_-_30901826.23-P1P2	Glp1r	857	699	959	835	851	965	7413	873	1218	1603	1280
Nedd4_+_72662441.23-P1P2	Nedd4	407	294	389	498	470	598	3752	462	563	1011	502
Wdr41_+_94976399.23-P1P2	Wdr41	392	350	429	404	409	509	3576	414	567	684	483
Peg12_-_62464481.23-P1P2	Peg12	693	653	773	871	772	851	6498	788	1220	1422	1047
Sdha_+_74350144.23-P1P2	Sdha	535	445	496	433	461	594	4658	505	614	876	576
Ins2_-_142679705.23-P1	Ins2_P1	592	638	639	700	796	869	6804	845	1219	1427	768
Mapk10_+_103211288.23-P1P2	Mapk10	438	804	703	680	819	951	6844	752	1066	1391	1195
Cd200_-_45408925.23-P1P2	Cd200	753	597	894	642	724	842	6126	867	959	1517	945
Erbb2_-_98412495.23-P1P2	Erbb2	1006	899	1005	820	906	1014	8558	1016	1386	1615	1330
Sgsm3_-_80977850.23-P1P2	Sgsm3	441	586	474	436	506	636	4384	531	811	833	854
Slc11a2_+_100423038.23-P1	Slc11a2_P1	495	598	647	591	860	765	5307	675	923	1127	870
Dnm1l_+_16358949.23-P1P2	Dnm1l	568	544	743	631	730	820	5591	839	922	1227	1067
Atf4_+_80255865.23-P1P2	Atf4	546	535	658	545	570	750	5641	576	890	970	576
Pclo_-_14515009.23-P1P2	Pclo	476	439	657	535	517	628	4579	599	805	988	790
Htra1_+_130936278.23-P1P2	Htra1	820	937	966	900	960	1036	8001	947	1581	1630	1412
Gpx6_+_21312559.23-P1P2	Gpx6	691	757	933	746	811	1047	7562	857	1092	1481	1158
Atl1_-_69893287.23-P1P2	Atl1	423	398	445	408	406	477	3521	411	368	693	366
Nhlrc1_+_47014772.23-P1P2	Nhlrc1	412	264	379	463	398	403	3220	488	451	645	542
Sema3c_-_17574789.23-P1P2	Sema3c	712	514	769	641	668	872	6346	634	1057	1112	778
Mcoln1_-_3500519.23-P1P2	Mcoln1	409	467	559	555	492	458	3889	451	721	763	712
Fshr_-_89200667.23-P1P2	Fshr	756	810	936	715	990	1031	7217	956	972	1244	1238
Gch1_+_47189375.23-P1P2	Gch1	826	666	846	689	842	907	6805	848	858	1257	1030
Wnt2b_-_104961629.23-P1P2	Wnt2b	1192	1066	1378	1187	1328	1358	10427	1236	1395	2099	1595
Sst_-_23890805.23-P1P2	Sst	837	779	1037	941	1021	1024	8591	1031	1324	1638	1348
Igf1_+_87859297.23-P1	Igf1_P1	609	536	720	623	647	765	5194	656	939	973	775
Wfs1_-_36988929.23-P1P2	Wfs1	634	733	769	540	791	821	6061	660	1028	1076	967
Pik3cd_-_149698576.23-P1P2	Pik3cd	733	943	987	773	938	1002	7945	972	1222	1649	1125
Atg13_-_91710352.23-P1P2	Atg13	624	681	761	640	779	790	6223	759	843	1460	1138
Psmc6_-_45329850.23-P1P2	Psmc6	1034	1104	1385	1357	1025	1301	9061	1189	1323	1471	975
Cacna1c_+_118757929.23-ENSMUST00000112825.2	Cacna1c	821	893	1115	956	1037	1191	9283	1164	1436	1760	1208
Crp_-_172698286.23-P1P2	Crp	592	439	665	497	624	636	5052	599	844	992	718
Slc9a1_-_133369812.23-P1P2	Slc9a1	812	857	1133	895	1052	1119	8307	1269	1367	1992	1426
Cwf19l1_-_44135805.23-P1P2	Cwf19l1	681	731	730	712	822	854	6076	864	998	1243	820
Fosb_+_19310015.23-P1P2	Fosb	819	574	776	842	735	836	7214	740	976	1336	1177
Exosc9_+_36552697.23-P1P2	Exosc9	594	539	758	645	660	703	5104	752	531	914	599
Casp12_-_5345686.23-P1P2	Casp12	783	837	944	980	1078	1216	8739	1103	1371	1856	1261
Parp1_+_180568970.23-P1P2	Parp1	785	698	691	553	807	911	6559	861	880	1393	963
Tfpi2_+_3968320.23-P1P2	Tfpi2	816	865	787	711	865	781	6920	688	797	1216	722
Atf6_-_170867721.23-P1P2	Atf6	674	598	625	693	714	743	5232	666	841	1054	750
Atr_-_95857728.23-P1P2	Atr	482	374	367	342	436	502	3638	458	603	755	393
Ap5z1_-_142464076.23-P1P2	Ap5z1	1013	936	1027	1034	1085	1257	9377	1040	1299	1807	1310
Mmp9_+_164948249.23-P1P2	Mmp9	863	932	898	960	994	1308	7710	1044	1255	1689	1049
Fasl_+_161788310.23-P1P2	Fasl	388	337	434	300	377	463	3088	437	312	561	661
Uqcr10_+_4704155.23-P1P2	Uqcr10	428	451	356	393	487	536	4084	462	651	764	550
Hnrnpa2b1_-_51469774.23-P1P2	Hnrnpa2b1	866	1065	1103	941	1163	1349	9632	1168	1575	1947	1417
Tlr4_+_66827826.23-P1P2	Tlr4	843	1011	1010	982	1112	1420	8849	1111	1595	1794	1264
Tppp3_-_105471322.23-P1P2	Tppp3	680	555	840	543	788	799	6073	659	883	1229	910
Ube2l6_-_84798926.23-P1P2	Ube2l6	1055	936	1237	1290	1366	1391	10809	1267	1750	2389	1449
Tnfrsf1a_+_125349827.23-P1P2	Tnfrsf1a	578	452	641	549	605	595	4739	565	760	981	723
Actr10_-_70937982.23-P1P2	Actr10	508	514	632	480	612	612	5074	607	634	1046	632
Psma8_-_14706233.23-P1P2	Psma8	866	826	1015	745	974	1135	8291	1071	1221	1827	1432
Ostm1_-_42678933.23-P1P2	Ostm1	715	645	731	657	759	857	5171	737	607	686	348
Bap1_-_31251538.23-P1P2	Bap1	722	786	736	842	910	791	7590	851	1125	1453	1216
Ap4e1_-_127008768.23-P1P2	Ap4e1	657	495	769	623	704	652	6148	794	895	1363	972
Kitl_-_100015866.23-P1P2	Kitl	1232	1218	1334	1342	1434	1608	11743	1467	1552	2467	1726
Optn_-_5064022.23-P1P2	Optn	583	456	567	477	515	641	4174	563	724	815	724
Cyp2d34_+_82620583.23-P1P2	Cyp2d34	392	374	388	488	527	584	3945	602	750	930	627
Psen2_+_180256206.23-P1	Psen2_P1	576	668	740	659	786	870	6553	740	1025	1436	1034
Setx_-_29125188.23-P1P2	Setx	708	690	758	660	834	833	7261	885	1110	1375	1004
Fgf1_+_38918620.23-P1P2	Fgf1	402	339	404	386	446	403	3233	443	444	599	547
Mif_+_75860261.23-P1P2	Mif	600	672	697	608	753	783	5897	772	993	1331	914
Polr3b_-_84622421.23-P1P2	Polr3b	548	596	870	654	318	342	2684	232	108	268	188
Pus1_-_110780562.23-P1P2	Pus1	681	670	676	806	735	868	6637	832	1169	1158	886
Sbf1_+_89315231.23-P1P2	Sbf1	325	397	433	333	363	467	3325	414	713	808	566
Cst10_+_149405382.23-P1P2	Cst10	695	508	593	636	688	750	5756	694	743	948	533
Galc_+_98259307.23-P1P2	Galc	402	372	573	494	517	549	4469	517	847	930	686
Glo1_-_30612411.23-P1P2	Glo1	842	823	1116	950	1125	1128	8986	1150	1459	1801	1167
Abca7_-_79996508.23-P1P2	Abca7	656	593	699	685	696	811	5664	775	970	1155	1054
Nrbf2_+_67285272.23-P1P2	Nrbf2	847	833	992	926	1056	1003	8472	1138	1172	1732	1402
Ndufv2_+_66101493.23-P1P2	Ndufv2	827	770	870	886	938	998	7597	1020	1089	1642	1024
Trap1_+_4077784.23-P1P2	Trap1	410	437	418	386	406	473	3558	453	558	683	451
Rb1cc1_+_6214721.23-P1P2	Rb1cc1	699	584	600	521	671	872	6247	773	1058	1151	1106
Aqp4_+_15403601.23-P1P2	Aqp4	791	785	1024	952	863	1154	7939	906	1454	1637	1470
Slc25a31_-_40708914.23-P1P2	Slc25a31	461	537	561	553	618	660	5086	661	854	1134	1077
Sncb_+_54766298.23-P1P2	Sncb	731	632	903	700	869	842	6769	768	902	1200	733
Atp5o_+_91931518.23-P1P2	Atp5o	805	868	792	904	974	968	7689	971	1461	1708	1332
Gba_-_89203337.23-P1P2	Gba	542	590	557	549	684	672	5024	602	896	1123	1042
Sdhc_-_171150547.23-P1P2	Sdhc	949	795	1053	798	893	1025	7832	923	1329	1582	1237
Pik3c3_-_30273108.23-P1P2	Pik3c3	617	661	817	701	704	701	5610	758	560	925	649
Capn1_-_6015145.23-P1P2	Capn1	1065	1057	926	1014	1263	1140	9361	1012	1556	1882	1227
Tomm40l_-_171222409.23-P1P2	Tomm40l	802	660	825	765	836	972	7283	866	927	1256	940
Thy1_-_44043476.23-P1P2	Thy1	958	887	1049	1054	1147	1274	9107	1196	1687	1875	1631
Cacna1a_+_84415379.23-ENSMUST00000121390.1	Cacna1a	727	628	828	692	758	813	6374	834	1009	1413	1033
Chp1_+_119547827.23-P1P2	Chp1	622	657	839	668	762	788	6288	779	958	1001	914
Serpina3j_-_104314851.23-ENSMUST00000109957.2	Serpina3j	828	785	1103	794	1024	1217	8591	1028	1250	1462	1328
Mcoln1_+_3500565.23-P1P2	Mcoln1	754	825	843	763	706	838	6420	720	862	1103	715
Sdhd_+_50603597.23-P1P2	Sdhd	603	625	826	683	751	854	6425	754	861	1168	847
Tubal3_-_3924718.23-P1P2	Tubal3	389	428	515	381	459	456	3587	419	501	743	485
Dnah2_+_69544351.23-ENSMUST00000035539.5	Dnah2	677	560	615	665	703	802	6132	651	966	1415	987
Ngfr_+_95587519.23-P1P2	Ngfr	932	1074	1249	1028	1103	1438	9865	1290	1451	1983	1344
Calml3_-_3804271.23-P1P2	Calml3	434	495	441	406	543	653	4147	596	800	864	641
Pi4ka_+_17405853.23-P1P2	Pi4ka	1013	900	1203	1064	1149	1317	9569	1225	1561	1902	1503
Slc52a3_+_151999926.23-P2	Slc52a3_P2	525	414	613	456	455	737	4831	647	685	1019	611
Cyp27a1_+_74713574.23-P1P2	Cyp27a1	654	577	776	783	776	993	6335	815	824	1263	902
Igf1_-_87859228.23-P1	Igf1_P1	804	770	912	708	888	925	7158	892	1319	1213	895
Eif2b1_+_124578999.23-P1P2	Eif2b1	744	782	781	650	686	848	6158	830	1277	1475	1104
Rtn4_-_29693024.23-P1P2	Rtn4	666	683	665	499	719	759	5612	792	1015	1090	1109
Nos2_-_78920867.23-P1P2	Nos2	738	897	895	787	916	982	7946	893	1199	1406	1117
Plekhg5_-_152086931.23-P1P2	Plekhg5	891	862	920	925	987	1149	8454	1006	1237	1826	1136
Csf1_+_107760098.23-P1P2	Csf1	502	528	600	569	646	780	5260	615	989	1194	884
Bscl2_+_8840565.23-P1	Bscl2_P1	636	691	693	783	816	877	6289	941	923	1264	935
Pon3_-_5256227.23-P1P2	Pon3	721	664	877	785	836	951	6804	840	1301	1314	1003
Dlst_+_85110891.23-P1P2	Dlst	784	672	708	690	803	1077	7490	964	1238	1392	1158
non-targeting_04319	non-targeting	585	487	536	566	644	789	5414	660	825	958	790
Psma6_-_55399083.23-P1P2	Psma6	447	633	662	686	665	784	5302	693	773	1088	1072
Fzd9_+_135251223.23-P1P2	Fzd9	637	712	735	532	710	746	5969	870	1000	1434	974
Hspa8_-_40801348.23-P1	Hspa8_P1	632	793	802	794	872	1002	7555	923	999	1685	1071
Ucp2_+_100493370.23-P1	Ucp2_P1	725	711	806	717	718	775	6345	734	906	1073	887
Fbln5_-_101818813.23-P1P2	Fbln5	494	526	641	592	632	622	4904	603	831	974	617
Dpp6_-_27261980.23-P1	Dpp6_P1	731	644	850	704	905	916	7495	890	1030	1212	1165
Ndufa4l2_-_127515016.23-P1P2	Ndufa4l2	340	310	475	413	419	503	3622	448	511	617	477
Ubtf_+_102318959.23-P1P2	Ubtf	559	635	879	596	759	877	6481	870	959	1136	929
Slc11a2_+_100422950.23-P1	Slc11a2_P1	875	839	1049	918	907	1158	8103	1042	1465	1533	1249
Gstm2_+_107986414.23-P1P2	Gstm2	500	499	699	524	567	740	5194	676	770	1074	682
Mapk11_+_89149444.23-P1P2	Mapk11	406	441	405	494	515	583	4455	496	593	869	469
Ndufs7_-_80249509.23-P1P2	Ndufs7	895	793	1053	955	934	1133	8192	1025	1150	1836	1251
Mme_-_63300260.23-P1	Mme_P1	407	425	384	448	431	497	3855	448	613	896	349
Cln3_-_126583330.23-P1P2	Cln3	719	673	689	713	698	696	5473	807	879	1151	799
Phpt1_+_25574835.23-P1P2	Phpt1	807	965	956	705	863	1007	7291	1039	1161	1354	1349
Dnah7c_+_46609359.23-ENSMUST00000178395.1	Dnah7c	605	618	761	593	801	883	6429	799	1106	1410	991
non-targeting_02054	non-targeting	654	772	781	697	846	1020	6939	793	1064	1317	893
H2-M10.3_-_36368283.23-ENSMUST00000073546.3	H2-M10.3	489	531	847	621	567	639	5289	553	746	1272	1110
Rho_-_115931934.23-P1P2	Rho	814	932	1097	942	1127	1143	8112	1080	1583	1977	1257
Cfdp1_-_111854293.23-P1P2	Cfdp1	761	864	1201	934	789	939	6645	714	709	742	666
Gstm3_-_107969136.23-P1P2	Gstm3	684	661	840	812	790	935	7276	916	1349	1468	1219
Dst_+_34011590.23-P1P2	Dst	1338	1459	1720	1187	1684	1879	13567	1548	1945	2793	2219
Uchl1_+_66676254.23-P1P2	Uchl1	1051	1034	1130	1023	1116	1371	9451	1129	1440	1796	1391
Casp7_-_56397275.23-P1P2	Casp7	690	610	715	752	837	898	6307	715	891	1225	855
Ngfr_-_95587681.23-P1P2	Ngfr	983	1015	1069	1031	1155	1357	9530	1329	1294	1988	1473
Cacna1s_-_136052833.23-P1P2	Cacna1s	567	532	559	519	603	711	4689	547	525	920	736
Sema3c_+_17574803.23-P1P2	Sema3c	697	682	793	761	776	980	6904	862	1186	1351	1093
Grin2a_+_9995028.23-P1P2	Grin2a	759	722	889	627	822	965	7118	932	1371	1481	1186
Gemin4_-_76243639.23-P2	Gemin4_P2	501	584	614	446	595	684	4965	615	890	1160	813
Ndrg2_+_51913334.23-P1P2	Ndrg2	597	616	683	594	672	684	5961	570	919	1346	886
Pparg_+_115361484.23-P1P2	Pparg	560	589	571	612	673	826	5565	577	918	965	930
Ppif_+_25694214.23-P1P2	Ppif	671	561	903	673	719	827	6249	792	953	1263	808
Psmd7_-_107588348.23-P1P2	Psmd7	857	771	1056	885	915	1089	8124	1064	1152	1501	1147
Vrk1_+_106010338.23-P1P2	Vrk1	780	711	1068	832	888	909	7820	979	1280	1728	1176
Grin2a_+_9995035.23-P1P2	Grin2a	577	569	740	572	680	763	5597	697	1085	1199	724
Ang4_-_51773247.23-P1P2	Ang4	559	480	556	620	568	655	4325	564	628	815	730
Ndufb7_-_83566824.23-P1P2	Ndufb7	375	365	450	351	462	415	3593	329	502	886	662
Tubb4b_+_25224926.23-P1P2	Tubb4b	292	288	403	286	296	423	2796	389	475	541	439
Ern1_-_106487794.23-P1P2	Ern1	855	720	824	842	825	870	6739	758	1131	1368	989
Echs1_-_140116395.23-P1P2	Echs1	692	687	959	791	904	984	7303	924	1007	1377	1067
Nbn_-_15958078.23-P1P2	Nbn	754	781	1038	847	991	1125	7950	961	1107	1696	858
Tsen2_+_115544743.23-P1P2	Tsen2	323	259	225	251	320	347	2395	296	302	324	254
Vim_+_13574315.23-P1P2	Vim	449	430	472	551	413	538	4004	530	756	982	696
Bak1_-_27028514.23-P1P2	Bak1	378	346	419	425	458	546	3744	415	536	718	676
non-targeting_03156	non-targeting	513	465	484	617	653	556	4715	547	770	1123	839
Canx_+_50325584.23-P1P2	Canx	939	974	1034	1130	1138	1430	9415	1196	1352	2057	1310
Spg7_+_123065839.23-P1P2	Spg7	650	495	584	486	607	622	5010	557	752	864	855
Mapk13_+_28769392.23-P1P2	Mapk13	323	407	484	416	466	553	3874	444	462	888	534
Gria1_-_57011826.23-P1P2	Gria1	988	946	1161	1121	1161	1189	9474	1177	1250	1738	1297
Cnp_+_100574987.23-P1P2	Cnp	551	580	646	622	586	600	4462	441	637	806	602
Pik3r5_+_68432172.23-P1P2	Pik3r5	331	333	485	368	527	546	3849	424	544	723	544
Wnt7b_-_85577814.23-P2	Wnt7b_P2	616	595	728	598	623	816	5194	713	726	1301	998
Atr_+_95857709.23-P1P2	Atr	892	799	1011	885	957	1102	8591	1152	1542	1584	1315
Cox5a_-_57521287.23-P1P2	Cox5a	827	926	844	939	841	1095	7294	1018	871	1425	705
Psma2_+_14613471.23-P1P2	Psma2	864	765	814	794	829	945	7320	854	896	1362	800
Fzd7_+_59482136.23-P1P2	Fzd7	768	706	665	639	738	753	6294	728	1078	1068	936
Eif4g2_-_111081551.23-P2	Eif4g2_P2	440	522	474	419	523	594	4574	561	801	937	628
Psmd4_-_95042368.23-P1P2	Psmd4	404	475	699	419	534	597	4164	638	656	946	836
Bcl10_+_145924346.23-P1P2	Bcl10	661	622	655	669	676	804	5740	656	1038	1139	993
Tmem230_-_132247773.23-P1P2	Tmem230	468	425	572	336	450	543	4007	513	605	781	448
Map2_+_66175358.23-P1	Map2_P1	496	458	499	464	373	434	3179	460	573	811	444
Cnr2_-_135895531.23-P1	Cnr2_P1	402	511	391	364	555	565	4298	489	740	849	544
Psmd14_+_61712065.23-P1P2	Psmd14	1124	936	1308	868	1211	1273	9351	1131	1418	1858	1206
Csnk2a1_-_152226588.23-P1P2	Csnk2a1	649	628	859	829	828	883	6768	946	1163	1346	822
Zfp78_-_6363363.23-P1P2	Zfp78	480	368	620	495	483	529	3994	493	674	703	526
Eef2_+_81176665.23-P1	Eef2_P1	443	406	606	471	375	431	3381	336	218	350	143
Ftl1_+_45458985.23-P1P2	Ftl1	391	421	541	443	495	666	4710	659	796	764	721
Tardbp_+_148626742.23-P1P2	Tardbp	687	766	1038	905	940	1055	8604	1146	1151	1861	1488
Ap4b1_+_103809892.23-P1P2	Ap4b1	745	833	918	727	861	966	7054	960	1025	1437	1138
Pqbp1_-_7899180.23-P1P2	Pqbp1	279	219	246	253	344	387	2474	339	337	546	235
Hsf1_+_76477430.23-P1P2	Hsf1	1185	1118	1198	1034	1368	1521	10975	1287	1395	2029	1285
Axin2_+_108921045.23-P1P2	Axin2	302	332	369	401	384	407	3361	376	526	830	605
Sdhb_-_140961396.23-P1P2	Sdhb	850	881	1183	860	953	1195	8696	946	1335	1968	1285
Braf_-_39725321.23-P1P2	Braf	541	620	659	636	702	811	5377	637	697	1260	1071
Atl1_-_69893294.23-P1P2	Atl1	321	378	517	461	446	533	4053	624	665	817	764
Hdac1_+_129542673.23-P1P2	Hdac1	556	580	614	629	576	728	5636	738	1045	870	741
Elavl1_+_4325058.23-P1P2	Elavl1	1102	808	1103	894	1013	1245	8831	1119	1550	1687	1563
Hspa8_-_40802397.23-P2	Hspa8_P2	884	798	949	905	994	1134	7974	978	1302	1826	1397
Vcp_+_43000049.23-P1P2	Vcp	748	778	1114	835	750	849	6439	785	929	1361	724
Mthfr_-_148041173.23-P2	Mthfr_P2	620	606	753	802	769	907	6357	686	1130	1182	950
Tsen2_-_115544950.23-P1P2	Tsen2	769	752	1042	748	936	957	6947	951	480	990	440
Snap25_+_136713495.23-P1P2	Snap25	552	592	710	630	526	822	5295	690	685	952	425
P2rx7_-_122643939.23-P1P2	P2rx7	720	628	795	747	884	930	6872	799	1058	1241	1083
Gabarapl1_+_129533220.23-P1P2	Gabarapl1	204	284	391	320	342	403	2770	345	497	539	352
Map3k11_-_5689844.23-P1	Map3k11_P1	625	653	720	562	739	864	6665	802	999	1239	929
Tat_-_109990481.23-P1P2	Tat	561	478	481	423	599	744	4682	576	726	824	594
Pmp22_+_63133149.23-P2	Pmp22_P2	949	1006	1113	840	1000	1131	8628	1150	1416	1939	1138
Eif4g2_-_111081554.23-P2	Eif4g2_P2	469	427	694	495	614	756	5443	614	951	965	523
Epha4_+_77515027.23-P1P2	Epha4	470	470	497	513	493	594	4062	585	619	734	766
Morc2a_-_3649304.23-P1P2	Morc2a	485	515	651	593	677	613	5635	634	903	993	893
Uchl3_-_101654052.23-P1P2	Uchl3	558	681	602	657	707	804	5699	832	1070	1192	818
Prickle2_+_92481372.23-P2	Prickle2_P2	998	1123	1249	1332	1306	1384	10592	1321	1560	2062	1725
Psmc2_+_21785319.23-P1	Psmc2_P1	530	757	575	649	785	891	6547	774	1150	1365	949
Ndufs1_+_63176612.23-P1P2	Ndufs1	705	688	743	605	704	726	5880	696	970	1109	683
Inf2_+_112604159.23-P2	Inf2_P2	352	441	388	365	519	490	3997	439	675	741	649
Cyld_-_88697111.23-P1P2	Cyld	648	608	683	638	678	800	5777	635	866	1253	992
Htra1_+_130936371.23-P1P2	Htra1	468	532	576	454	621	661	4973	640	891	1148	810
Psmd11_+_80428690.23-P1P2	Psmd11	456	491	577	675	553	618	4899	507	884	991	705
Ogg1_+_113327198.23-P1P2	Ogg1	942	890	968	929	1084	1257	9160	1053	1365	1486	1263
Pin1rt1_-_104716122.23-ENSMUST00000099659.2	Pin1rt1	991	1014	1064	1160	979	1221	8836	977	1162	1700	1196
Gnb4_+_32616433.23-P1P2	Gnb4	730	678	952	693	960	1000	7133	948	1308	1587	1067
Anxa1_+_20390291.23-P1P2	Anxa1	425	563	601	588	621	736	5385	802	923	1017	852
Ctsf_-_4855465.23-P1P2	Ctsf	470	538	639	813	589	677	5282	639	661	1112	613
Nrtn_-_56757433.23-P1P2	Nrtn	366	415	401	420	458	437	3974	522	491	834	548
Rars2_-_34615010.23-P1P2	Rars2	936	848	1054	937	1078	1189	8580	1170	1083	1614	1071
Cadm3_-_173367602.23-P1P2	Cadm3	675	597	680	612	752	880	6265	732	891	1287	810
Irs1_+_82290887.23-P1P2	Irs1	868	637	785	632	820	841	6801	896	1137	1352	1005
Gemin4_-_76217491.23-P1	Gemin4_P1	402	378	445	476	534	524	4106	459	567	870	517
Vps53_+_76179599.23-P1P2	Vps53	558	458	718	680	457	543	3878	430	206	415	289
Atp2a2_-_122502185.23-P1P2	Atp2a2	974	981	1179	1252	1051	1185	8470	1208	1478	1941	1347
Ube2l3_-_17201132.23-P1P2	Ube2l3	560	586	649	615	654	691	5786	714	1063	1167	863
Wnt6_+_74771965.23-P1P2	Wnt6	538	712	791	693	647	622	5735	728	1049	1217	1069
Xpnpep1_-_53038577.23-P1P2	Xpnpep1	458	485	564	558	544	633	4970	585	727	801	711
H2-M10.4_-_36462271.23-ENSMUST00000057502.7,ENSMUST00000169950.1	H2-M10.4	773	532	894	556	805	955	7031	823	1049	1278	1068
Cox5b_+_36691787.23-P1P2	Cox5b	563	544	848	694	694	888	6097	806	1022	1419	989
Ndufb2_-_39592635.23-P1P2	Ndufb2	816	723	870	831	877	929	7414	691	1014	1387	1222
Atp5d_+_80142460.23-P1P2	Atp5d	900	732	767	772	809	962	6899	747	1131	1313	1077
Map2k5_-_63377845.23-P1P2	Map2k5	911	838	912	884	1088	1136	8381	906	1423	1648	1320
Psmb7_-_38643874.23-P1P2	Psmb7	424	343	416	464	469	476	4062	518	917	875	705
Prx_-_27507885.23-P2	Prx_P2	674	675	652	703	763	846	5820	693	1006	1118	803
Bax_+_45466748.23-P1P2	Bax	919	904	1086	826	970	1209	7939	1018	1370	1842	1221
Msx2_+_53472721.23-P1P2	Msx2	575	496	550	553	658	706	5304	719	830	1038	822
Cant1_+_118418918.23-P1P2	Cant1	619	516	725	610	514	803	5601	731	994	1075	770
Grm5_+_87584390.23-P1P2	Grm5	331	257	258	238	277	311	2329	301	248	316	270
Sigmar1_+_41741086.23-P1P2	Sigmar1	477	472	653	533	594	632	5163	727	993	956	889
Sgcg_-_61258404.23-P1P2	Sgcg	399	399	481	480	449	524	4436	537	513	906	598
Rb1_+_73325721.23-P1P2	Rb1	693	731	961	764	821	830	6487	790	1152	1605	1115
Pnp2_-_50956209.23-P1P2	Pnp2	723	947	1091	944	1045	1109	9347	1116	1484	1745	1416
Emilin1_-_30913718.23-P1P2	Emilin1	668	908	866	718	825	939	7341	869	1199	1417	1078
Fbxo38_+_62548628.23-P1P2	Fbxo38	875	640	911	696	840	1017	6794	953	825	1404	1056
Exosc1_-_41933005.23-P1P2	Exosc1	471	400	468	423	512	494	4181	492	784	746	400
Cdca5_-_6085140.23-P1P2	Cdca5	558	609	700	598	713	708	6088	765	889	1092	755
Smcr8_-_60777598.23-P1P2	Smcr8	806	937	969	859	1010	1233	8549	979	1600	1521	1190
Ucp2_-_100498197.23-P2	Ucp2_P2	899	803	876	703	991	1026	7412	943	1150	1513	1111
Pdk3_-_93832137.23-P1P2	Pdk3	882	750	1062	829	912	1249	7953	1002	1277	1671	1188
Abl1_+_31688585.23-P1P2	Abl1	583	583	707	688	826	851	6133	681	691	1260	944
Mpg_-_32226727.23-P1P2	Mpg	1095	1207	1356	1049	1398	1523	10863	1332	1588	2036	1518
Pnpla6_-_3515442.23-P1	Pnpla6_P1	805	1080	1321	1225	1130	1330	9922	1114	1524	1930	1348
Dnah7a_-_53706758.23-P1P2	Dnah7a	685	742	941	854	915	1035	7679	891	1336	1464	1485
Ptges_+_30903204.23-P1	Ptges_P1	550	662	796	519	673	735	5926	715	916	914	760
Pin1_-_20652171.23-P1P2	Pin1	681	660	725	679	662	802	6238	859	994	1069	1029
Uba7_-_107975569.23-P1	Uba7_P1	469	626	618	685	735	760	5560	690	965	1069	972
Tnr_+_159737586.23-ENSMUST00000111669.3	Tnr	832	846	1020	853	941	969	8527	1084	1144	1469	1198
Tango2_+_18343828.23-P1P2	Tango2	606	505	699	660	707	672	5101	746	904	1221	929
Junb_+_84978625.23-P1P2	Junb	991	1005	1207	1095	1045	1276	9498	1071	1412	1552	1323
Serpina1b_-_103827828.23-P1P2	Serpina1b	653	632	708	563	611	712	5810	699	725	1253	969
Thy1_-_44043455.23-P1P2	Thy1	674	691	977	831	973	1053	7700	926	1029	1620	1279
Gabpa_+_84835449.23-P1P2	Gabpa	665	770	804	755	785	882	7222	853	963	1295	1130
Wnt5a_+_28505803.23-P1	Wnt5a_P1	868	665	798	805	806	956	6852	820	1220	1269	835
Chrm3_+_9878919.23-ENSMUST00000063093.9	Chrm3	782	804	963	760	938	1024	7391	934	1359	1436	1059
Cst10_-_149405368.23-P1P2	Cst10	553	526	916	648	728	820	6721	700	924	1231	812
Psmd9_-_123228332.23-P1P2	Psmd9	800	746	975	793	928	1191	8135	852	1285	1632	1171
Ywhaq_+_21417569.23-P1P2	Ywhaq	491	459	608	583	556	614	4622	557	650	1031	453
Uqcrh_+_116074767.23-P1P2	Uqcrh	798	622	757	746	729	970	7267	848	983	1282	1037
Nox1_-_134111725.23-P1P2	Nox1	277	261	443	344	394	461	3007	393	629	586	402
Epha4_+_77515037.23-P1P2	Epha4	918	726	932	829	1032	1257	8349	1155	1307	1657	1128
Ap4m1_-_138172144.23-P1P2	Ap4m1	492	499	643	505	572	773	4899	659	673	778	742
Cav1_-_17306495.23-P2	Cav1_P2	604	438	480	509	607	688	4511	538	646	727	649
Pin1rt1_-_104716149.23-ENSMUST00000099659.2	Pin1rt1	822	822	890	747	975	962	8085	1019	1270	1515	1243
Atrx_-_105929086.23-P1P2	Atrx	618	777	889	825	849	919	6350	859	964	1201	922
Mog_+_37023254.23-P1P2	Mog	619	678	908	813	805	982	7366	775	982	1288	1043
Pqbp1_-_7899027.23-P1P2	Pqbp1	498	474	625	442	523	660	4374	647	674	698	673
Pmpcb_-_21737183.23-P1P2	Pmpcb	341	331	436	371	339	472	3029	399	578	630	600
Cwf19l1_+_44135626.23-P1P2	Cwf19l1	731	889	975	928	1041	1081	7970	1103	1283	1549	1540
Ezh2_+_47594990.23-P1P2	Ezh2	663	631	832	769	778	934	6481	830	970	1243	1107
Rtn2_-_19282734.23-P2	Rtn2_P2	622	541	683	583	610	751	4966	764	792	1076	724
Pde4d_+_109954106.23-P1P2	Pde4d	1066	1048	1336	1256	1369	1568	11259	1329	1610	2448	2149
Cx3cr1_-_120068221.23-P1P2	Cx3cr1	823	793	868	812	839	1030	7134	963	1166	1433	1304
Dpp6_-_27049411.23-P2	Dpp6_P2	1160	1175	1338	1100	1488	1576	11615	1481	2116	2348	1789
Calcoco2_-_96111928.23-ENSMUST00000068686.6,ENSMUST00000097162.5	Calcoco2	435	438	507	465	626	598	4662	604	647	933	627
Atg5_+_44268530.23-P1P2	Atg5	410	507	445	575	578	638	4372	626	804	824	624
Trp73_-_154096947.23-P2	Trp73_P2	1137	999	1371	1042	1156	1454	10813	1491	1605	2225	1654
Abhd12_+_150904657.23-P1P2	Abhd12	656	778	823	561	790	833	6864	802	1058	1342	1038
Atn1_+_124756675.23-P1P2	Atn1	595	773	809	846	816	989	7175	1053	1256	1512	1268
Dnah5_-_28203742.23-P1P2	Dnah5	639	738	777	675	794	810	6641	831	1013	1459	1106
Tnfrsf21_-_43016612.23-P1P2	Tnfrsf21	1061	1105	1015	950	1243	1287	10084	1185	1362	2020	1397
Aicda_-_122553872.23-P1P2	Aicda	285	371	372	349	367	420	3398	336	566	521	632
Kidins220_-_24974966.23-P1P2	Kidins220	460	306	469	429	557	544	3961	548	595	961	608
Htr2a_-_74641160.23-P1P2	Htr2a	516	422	585	391	490	516	4407	523	526	934	591
Ang5_+_43957250.23-P1P2	Ang5	669	557	778	675	752	727	6516	811	1200	1231	1160
Lrrk2_-_91673302.23-P1P2	Lrrk2	450	442	584	501	565	649	4212	528	879	939	491
Ids_+_70365003.23-P1P2	Ids	391	445	498	391	517	497	3664	478	649	666	562
Hip1_-_135545010.23-P1P2	Hip1	561	587	777	560	722	797	6203	746	1147	1326	868
Itm2b_+_73368379.23-P2	Itm2b_P2	834	744	1092	856	1029	1199	8932	1167	1251	1831	1731
Ddit3_-_127290884.23-P1P2	Ddit3	358	370	486	380	379	526	3469	418	696	674	546
Slc33a1_+_63964524.23-P1P2	Slc33a1	1034	966	1268	1036	1211	1218	9897	1210	1676	2093	1669
Tsn_+_118311177.23-P1P2	Tsn	74	97	108	115	74	150	885	105	139	169	78
Pank1_-_34877765.23-P1P2	Pank1	591	718	841	549	881	935	6799	839	1187	1256	1069
Sos1_+_80480416.23-P1P2	Sos1	832	895	995	916	1122	1241	8785	1074	1243	1658	982
Il4_+_53618602.23-P1P2	Il4	391	380	714	401	561	538	4312	572	601	808	659
Cyp2d26_+_82794142.23-P1P2	Cyp2d26	650	593	718	623	656	882	6166	773	935	1095	927
Sgsh_-_119355500.23-P1P2	Sgsh	1102	1320	1559	1232	1409	1368	11644	1435	1865	2242	1562
Gemin4_-_76217481.23-P1	Gemin4_P1	587	542	538	419	534	788	4859	604	929	1050	830
Kcnc3_-_44590934.23-ENSMUST00000107906.3	Kcnc3	656	630	754	763	776	855	6007	763	1037	1278	1019
Tdp2_-_24831734.23-P1P2	Tdp2	902	801	835	762	803	1055	7450	867	1062	1420	1341
Fzd7_+_59482170.23-P1P2	Fzd7	542	621	664	692	675	729	6026	806	639	1191	753
Sacs_+_61173073.23-P1P2	Sacs	368	580	560	363	483	439	4062	414	754	847	612
Ndrg2_+_51913359.23-P1P2	Ndrg2	698	591	805	820	784	960	6811	745	888	1538	808
Aga_+_53511885.23-P1P2	Aga	695	642	691	611	760	846	6013	712	908	1321	737
Slc18a1_-_69077211.23-P2	Slc18a1_P2	721	765	1226	808	1058	1266	9563	1165	1471	1857	1374
Sds_+_120476584.23-P1P2	Sds	815	659	944	648	850	957	6932	853	1018	1274	1167
Ryr3_-_113217000.23-P1P2	Ryr3	475	341	630	518	483	586	4769	642	736	802	719
Map3k10_+_27674551.23-P1P2	Map3k10	330	271	432	374	420	392	2842	395	410	609	356
Pin1_+_20652160.23-P1P2	Pin1	601	696	925	737	819	943	6908	812	1028	1389	790
Ampd2_-_108086631.23-P1	Ampd2_P1	644	667	727	596	636	715	5287	623	800	1060	984
Lrriq3_-_155093535.23-P1P2	Lrriq3	1525	1273	1472	1464	1577	1572	13079	1689	2147	2349	1799
Cpt1c_+_44974803.23-P1P2	Cpt1c	688	667	691	632	630	852	6265	825	857	1187	998
non-targeting_04321	non-targeting	681	742	926	923	836	932	7110	925	1076	1247	1036
Ndufs3_+_90904660.23-P1P2	Ndufs3	684	797	826	699	768	894	5948	776	1274	1229	975
Pno1_+_17211487.23-P1P2	Pno1	347	422	409	312	450	426	3505	389	605	605	367
Sirt6_+_81627490.23-P1P2	Sirt6	841	794	1101	1042	1026	1256	8866	1045	1728	1697	1324
Srrm2_-_23803252.23-P1P2	Srrm2	860	669	844	663	733	922	6628	919	993	1261	988
Atp5j_+_84834844.23-P1P2	Atp5j	460	449	455	490	504	564	4223	597	644	1127	812
Ano10_-_122294367.23-P1P2	Ano10	433	396	488	411	470	464	4080	539	592	670	557
Mpp1_-_75130928.23-P1P2	Mpp1	373	321	454	298	473	540	3943	417	393	862	617
Oard1_+_48410034.23-P1P2	Oard1	551	645	806	699	669	857	6095	747	980	1231	1044
Nudt1_-_140331960.23-P1P2	Nudt1	609	442	837	651	654	732	5771	650	936	1093	730
Glrx_+_75839917.23-P1P2	Glrx	642	627	679	647	782	907	7035	852	1049	1280	1001
Cyp2d22_-_82380192.23-P1P2	Cyp2d22	663	598	761	691	737	645	5740	782	1144	1344	947
Ptges_-_30930044.23-P2	Ptges_P2	694	617	770	584	721	869	6259	715	930	1247	1046
Dnah1_+_31323845.23-ENSMUST00000048603.7	Dnah1	557	750	587	653	737	778	6255	647	854	1103	852
Scyl1_+_5771364.23-P1P2	Scyl1	711	605	737	712	717	704	5359	764	706	1126	825
Uqcr11_+_80406476.23-P1P2	Uqcr11	349	353	455	338	381	412	3575	431	511	626	700
Scn8a_-_100870959.23-P1P2	Scn8a	799	670	993	921	922	962	6969	1004	1132	1475	1042
Mutyh_-_116807947.23-P1P2	Mutyh	419	559	542	559	529	622	4891	548	809	1092	838
Ogt_+_101640130.23-P1P2	Ogt	1124	1035	1135	980	1058	1077	8788	1093	1214	1615	1042
Blvra_-_127070750.23-P1	Blvra_P1	836	857	1077	916	976	1040	7689	1047	1332	1859	1606
Ptpn13_+_103425261.23-P1P2	Ptpn13	704	523	687	516	700	720	5354	761	946	1166	891
Rnf170_+_26119769.23-P1P2	Rnf170	552	651	561	557	664	761	5394	645	1021	1041	888
Ubc_+_125389695.23-P1P2	Ubc	528	593	768	708	771	859	6480	842	1283	1250	887
Clec16a_+_10545464.23-P1P2	Clec16a	883	897	946	829	977	989	7595	917	1219	1520	1018
Kras_-_145250153.23-P1P2	Kras	617	568	868	677	745	845	6273	726	886	1307	900
Gan_-_117158040.23-P1P2	Gan	571	712	868	662	756	941	6529	791	852	1172	1013
Tubb4a_+_57087558.23-P1P2	Tubb4a	1086	987	1153	1237	1367	1438	10951	1302	1951	2072	1622
Erbb4_+_69108521.23-P1P2	Erbb4	604	661	739	654	722	835	5823	618	817	922	883
Sgsh_-_119355488.23-P1P2	Sgsh	963	1061	1267	1219	1339	1503	10704	1359	1571	2042	1601
Pabpc4_-_123282754.23-P1P2	Pabpc4	636	778	696	722	779	865	6830	871	1134	1179	1085
Gan_-_117158044.23-P1P2	Gan	828	816	951	739	701	904	6856	864	1096	1374	1319
Sirt7_+_120624760.23-P1P2	Sirt7	600	677	805	628	705	759	6286	775	1107	1151	918
Kl_-_150952684.23-P1P2	Kl	539	489	643	532	587	586	5024	550	728	1096	720
Slc6a4_-_77009331.23-P1	Slc6a4_P1	438	537	507	442	536	653	4749	583	761	995	629
non-targeting_03432	non-targeting	900	979	897	882	1057	1183	8498	1188	1308	1707	1147
Rb1cc1_-_6214891.23-P1P2	Rb1cc1	885	887	1220	1013	1128	1172	8588	985	1228	1770	1355
Pvalb_-_78203976.23-P2	Pvalb_P2	748	675	803	765	804	1032	7398	840	1454	1354	988
Fzd10_+_128601036.23-P1P2	Fzd10	596	727	603	633	713	720	5858	675	1161	1363	993
Nfe2l2_-_75704432.23-P1P2	Nfe2l2	638	681	730	698	613	705	5674	781	856	1078	776
Rrm2_+_24708334.23-P1P2	Rrm2	996	987	1278	984	1131	1256	9505	1184	1337	2032	1480
Tmx2_-_84677835.23-P1P2	Tmx2	502	461	696	543	560	652	4740	634	722	823	952
Sema4a_+_88455369.23-P1P2	Sema4a	542	559	543	540	432	572	4252	508	633	724	583
Cadm3_-_173367593.23-P1P2	Cadm3	771	751	842	798	880	922	7115	857	1101	1168	998
Hexa_+_59539721.23-P1P2	Hexa	425	445	533	408	512	661	4347	566	811	885	769
Dnali1_+_125065373.23-P1P2	Dnali1	808	870	886	902	949	1002	7779	954	1175	1692	1230
Ptgs2_+_150100215.23-P1P2	Ptgs2	782	663	800	783	827	1032	7311	893	1080	1376	995
Psap_+_60277776.23-P1P2	Psap	774	625	872	849	756	994	6691	849	920	1407	1152
Th_-_142899930.23-P1P2	Th	362	372	595	435	420	524	3689	475	707	817	533
Serpina3a_-_104112927.23-P1P2	Serpina3a	275	328	295	328	386	452	3176	381	523	602	370
Cd44_-_102901435.23-P1P2	Cd44	379	462	416	528	524	504	4268	592	799	821	839
Ift57_+_49699498.23-P1P2	Ift57	507	494	529	533	570	644	4762	605	940	824	713
Kras_+_145250042.23-P1P2	Kras	750	613	879	675	746	898	6231	825	914	1302	1186
Tfam_-_71238037.23-P1P2	Tfam	714	546	672	698	738	788	6058	749	981	1119	967
Actr1b_-_36709904.23-P1P2	Actr1b	555	536	643	489	680	759	5597	612	978	1017	700
Adap1_+_139325470.23-P1P2	Adap1	455	401	651	456	592	610	4561	642	511	870	481
Tubb4a_-_57087546.23-P1P2	Tubb4a	1111	1156	1688	1361	1460	1592	11963	1526	1917	2644	1596
Pak1_+_97842936.23-P1P2	Pak1	737	636	816	929	719	779	6317	781	1398	1380	911
Cryab_+_50753429.23-P1P2	Cryab	576	519	773	519	571	598	4769	639	1037	1205	796
Unc80_-_66468018.23-P1P2	Unc80	397	449	500	515	488	467	3780	411	529	883	678
Dao_-_114003876.23-P1P2	Dao	675	635	969	670	912	980	7444	910	971	1678	1203
Gpr37_+_25689578.23-P1P2	Gpr37	893	765	1004	967	971	1225	8407	928	1216	1646	1416
Slc26a3_+_31438300.23-P1P2	Slc26a3	628	600	659	623	615	824	5700	717	993	1207	790
Hmgb1_-_149053067.23-P1	Hmgb1_P1	997	842	1125	1067	1113	1290	9490	1222	1237	1757	1377
Hspa9_-_34954323.23-P1P2	Hspa9	1245	1088	1398	1082	1431	1403	11326	1192	1724	2140	1744
Axin1_+_26138969.23-P1P2	Axin1	698	758	826	806	927	916	7497	833	1401	1623	1333
Arl6ip1_+_118129614.23-P1P2	Arl6ip1	957	754	898	760	953	973	6897	887	1091	1415	1372
Hspb1_-_135887988.23-P1P2	Hspb1	645	669	738	566	713	893	7016	874	1054	1330	1039
non-targeting_01591	non-targeting	503	653	658	666	748	785	5881	750	1006	1264	1004
Fam83e_-_45721247.23-P1P2	Fam83e	515	434	577	478	526	607	4836	554	692	732	726
Cox7a2l_+_83514056.23-P1P2	Cox7a2l	740	633	824	595	817	859	6283	677	1130	1224	798
Kif1c_+_70700555.23-P1P2	Kif1c	639	467	640	540	646	629	5272	556	838	1122	791
Gm2a_+_55098136.23-P1P2	Gm2a	422	410	509	361	463	591	3670	476	559	835	585
Abcb6_+_75180268.23-P1P2	Abcb6	445	581	615	678	540	693	5057	514	765	813	752
Ano10_-_122294352.23-P1P2	Ano10	551	461	610	493	569	703	4516	544	720	1023	833
Pde10a_-_8801800.23-P1P2	Pde10a	920	831	1159	1009	1006	1205	8586	1137	1384	1893	1232
Pik3cb_+_99140132.23-P1P2	Pik3cb	842	849	964	870	939	1009	8019	1154	1048	1686	851
Calcoco2_-_96111886.23-ENSMUST00000068686.6,ENSMUST00000097162.5	Calcoco2	397	506	448	515	540	608	4154	463	642	656	406
Vcp_-_43000164.23-P1P2	Vcp	747	548	725	791	504	561	4222	535	410	480	240
Pabpc4_+_123282784.23-P1P2	Pabpc4	767	956	915	940	969	981	7650	856	1165	1524	1323
Agpat3_-_78352301.23-P1P2	Agpat3	842	667	824	799	792	895	7098	982	1164	1187	986
Gja6_-_160907001.23-P1P2	Gja6	516	460	455	494	443	551	3861	504	768	670	674
Wnt11_+_98839079.23-P2	Wnt11_P2	952	1004	1185	1318	1165	1248	9616	1231	1762	1862	1652
Slc8a3_+_81333123.23-P1P2	Slc8a3	469	483	661	638	721	809	5943	633	962	1280	811
Map2k6_+_110399147.23-P1P2	Map2k6	299	268	294	243	346	311	2527	283	411	534	377
Ang6_-_44002066.23-ENSMUST00000096869.2	Ang6	713	734	1004	724	919	1065	7719	963	1279	1364	1154
Prickle1_-_93519466.23-P2	Prickle1_P2	700	612	718	607	758	811	6497	743	971	1109	937
Bad_+_6941952.23-P1P2	Bad	564	576	469	538	525	657	4779	630	636	997	918
Gap43_-_42340356.23-P1P2	Gap43	982	762	1083	839	922	1081	7767	1000	1136	1609	1215
Pdyn_-_129699826.23-P1P2	Pdyn	883	775	1127	1002	939	1002	8369	981	1509	1593	1107
Atf6_+_170867739.23-P1P2	Atf6	859	885	926	807	896	1062	7459	886	1359	1742	1484
Hsd17b6_-_128007572.23-P1P2	Hsd17b6	1029	964	1144	979	966	1134	8447	1092	1346	1676	1238
Wnt7a_-_91411293.23-P1P2	Wnt7a	654	464	573	611	619	619	5315	672	726	1103	993
Fzd10_-_128600884.23-P1P2	Fzd10	561	764	800	741	734	890	6118	747	974	1335	827
Fat2_-_55336570.23-P1P2	Fat2	746	757	906	784	791	794	6648	678	1008	1381	1000
Fggy_+_95579504.23-P2	Fggy_P2	1063	1328	1200	1163	1176	1483	10354	1372	1408	2097	1371
Ppt1_-_122836278.23-P1P2	Ppt1	636	663	724	714	775	760	6215	835	1081	1048	946
Folr1_-_101870664.23-P1	Folr1_P1	504	571	631	451	527	590	4413	527	903	872	546
Ndufa2_+_36744413.23-P1P2	Ndufa2	694	723	986	823	740	814	5987	760	463	899	523
Park7_+_150909840.23-P1	Park7_P1	864	735	974	992	1018	1094	8673	1071	1285	1829	1253
Gba2_+_43578854.23-P1P2	Gba2	283	587	374	428	528	666	3884	549	690	800	755
Rreb1_+_37826074.23-P1P2	Rreb1	745	613	944	748	946	1149	7569	940	1232	1375	1177
Ccl3_+_83649177.23-P1P2	Ccl3	500	536	753	741	735	724	5771	721	855	1049	789
Dkk2_+_132085382.23-P1P2	Dkk2	389	583	506	544	617	661	4955	576	825	1045	567
Timp3_+_86300612.23-P1P2	Timp3	637	349	577	448	510	617	4649	545	537	886	801
Tmem184b_+_79403235.23-P1P2	Tmem184b	449	554	545	412	491	581	4375	634	780	802	672
Psmb6_+_70525439.23-P1P2	Psmb6	894	1018	1160	991	1019	1095	7596	884	926	1393	795
Adora2a_-_75317128.23-P1P2	Adora2a	956	1022	939	936	954	1255	8831	1084	1524	1952	1173
Psmd12_-_107479535.23-P1P2	Psmd12	850	784	1036	825	647	726	5773	649	609	993	696
Dicer1_-_104752052.23-P1P2	Dicer1	409	365	482	510	494	507	3839	519	502	599	461
Pmpcb_-_21737224.23-P1P2	Pmpcb	938	866	1151	987	969	1113	8801	895	981	1491	1175
Pik3cg_-_32208604.23-P1P2	Pik3cg	821	911	787	825	923	990	7534	971	1227	1394	1012
Spg11_-_122118360.23-P1P2	Spg11	808	871	913	858	986	1041	7989	1032	1207	1750	1226
Elavl2_+_91376429.23-P1P2	Elavl2	958	982	1045	876	1005	1214	8557	1095	1192	1680	1264
Fzd3_+_65262392.23-P1P2	Fzd3	991	869	1226	822	1076	1122	8488	1157	1280	1717	1099
Araf_-_20848601.23-P1P2	Araf	448	456	452	470	617	613	4461	597	793	894	531
S100a10_+_93555158.23-P1P2	S100a10	943	983	1204	964	1184	1399	9833	1389	1563	1999	1506
Sema3c_+_17574741.23-P1P2	Sema3c	763	649	563	619	830	838	6637	712	1006	818	785
Gemin4_+_76217516.23-P1	Gemin4_P1	473	627	774	517	636	680	5317	615	790	904	800
Atp5e_+_174463989.23-P1P2	Atp5e	442	358	318	430	373	461	3033	428	387	571	335
Ndufb8_-_44555348.23-P1P2	Ndufb8	883	986	1353	988	1226	1266	9250	1031	1432	1877	1868
Ndrg1_-_66969576.23-P1P2	Ndrg1	751	689	856	908	820	1064	6654	971	1020	1276	941
Eif2ak3_-_70844621.23-P1P2	Eif2ak3	273	242	349	280	280	367	2600	289	363	602	416
Sort1_+_108284193.23-P1P2	Sort1	506	418	580	481	467	568	3928	413	665	920	561
Hnrnpdl_-_100038854.23-P1P2	Hnrnpdl	517	684	826	730	659	800	5950	695	939	1266	853
Fos_+_85474000.23-P1P2	Fos	651	740	763	693	1040	1034	7208	831	1168	1368	1091
Myoc_-_162639568.23-P1P2	Myoc	525	642	729	548	713	809	5815	677	801	1153	716
Raf1_+_115676486.23-P1P2	Raf1	576	606	871	543	704	851	5863	724	995	1015	897
Fa2h_+_111393813.23-P1P2	Fa2h	889	763	846	934	886	1116	8236	1103	1198	1568	1583
Ireb2_-_54863867.23-P1P2	Ireb2	588	432	583	478	574	570	4411	600	862	892	766
Casp8_-_58795450.23-P1P2	Casp8	674	657	879	626	873	908	6880	843	1133	1344	1024
Prkcg_+_3303557.23-P1P2	Prkcg	460	386	416	402	503	529	3708	537	737	712	458
Ndufs2_-_171247080.23-P1	Ndufs2_P1	627	758	872	622	725	899	6182	776	1058	1042	933
Ndufa13_-_69902860.23-P1P2	Ndufa13	735	636	800	765	789	860	6585	830	1064	1462	1032
Adam10_+_70679106.23-P1P2	Adam10	775	800	718	704	902	908	7189	831	999	1380	1074
Dpysl2_-_66868578.23-P1P2	Dpysl2	550	642	732	598	730	629	5693	668	826	1184	877
Txnip_-_96557981.23-P1P2	Txnip	441	434	478	427	531	675	4609	540	539	862	440
Camk2a_-_60925713.23-P1P2	Camk2a	838	831	1028	871	951	1086	8303	914	1161	1547	1052
Sybu_-_44752125.23-P1P2	Sybu	598	669	788	621	795	768	6073	761	1110	1032	1000
Map2k7_-_4238891.23-P1P2	Map2k7	940	983	1156	1015	993	1268	9009	1226	1381	1672	1693
Apcs_-_172895002.23-P1P2	Apcs	246	306	386	331	413	393	3420	429	614	653	683
Th_-_142899953.23-P1P2	Th	551	704	829	754	724	859	6634	783	820	1273	748
Cln5_+_103070339.23-P1P2	Cln5	1097	1087	1149	914	1254	1463	10097	1379	1493	1904	1595
L1cam_+_73880731.23-P1P2	L1cam	812	650	717	656	832	977	6632	802	911	1359	922
Erlin1_+_44069684.23-P1P2	Erlin1	1194	1181	1222	1210	1277	1475	10591	1275	1559	1992	1554
Snca_+_60828865.23-P1P2	Snca	625	569	592	522	620	633	4956	588	1018	1088	790
Notch3_-_32166858.23-P1P2	Notch3	566	642	692	549	722	759	5711	729	873	1166	667
Scarb2_-_92505346.23-P1P2	Scarb2	513	430	555	488	539	593	4273	445	789	792	809
Snx14_-_88438879.23-P1P2	Snx14	558	682	889	748	929	950	7009	777	945	1176	972
Pax6_-_105682804.23-P2	Pax6_P2	451	441	659	475	512	557	4538	508	878	1047	575
Cd200r3_+_44943920.23-P1P2	Cd200r3	859	820	943	703	971	1191	7812	1215	1207	1521	1330
Nr3c1_+_39490608.23-P1P2	Nr3c1	960	928	997	786	1063	1243	8851	1044	1322	1721	1287
Calml3_-_3804218.23-P1P2	Calml3	839	902	824	880	955	984	7633	898	1340	1568	1279
Dpp6_-_27049430.23-P2	Dpp6_P2	685	534	649	628	721	996	6668	780	851	1318	825
Eif2b4_+_31193019.23-P1P2	Eif2b4	605	758	680	750	681	756	5479	573	625	936	702
Mfge8_-_79148955.23-P1P2	Mfge8	984	890	1059	826	1018	1168	8653	1093	1300	1514	1384
Tmem240_+_155734923.23-P1P2	Tmem240	504	576	729	678	679	845	5651	755	856	1033	935
Ins2_+_142699530.23-P2	Ins2_P2	491	448	634	522	624	637	5228	672	767	1005	686
Nup62_-_44816426.23-P1P2	Nup62	822	927	936	935	576	697	5213	551	350	635	165
Serpina1e_+_103958732.23-P2	Serpina1e_P2	1136	1079	1208	975	1264	1508	10040	1157	1655	2224	1549
Fggy_-_95579554.23-P2	Fggy_P2	473	549	512	588	609	632	4561	517	742	823	676
Gria2_+_80802671.23-P1P2	Gria2	702	631	850	707	763	986	7163	817	928	1293	1091
Chmp1a_+_123212737.23-P1P2	Chmp1a	847	952	836	976	993	1091	8292	1100	1259	1690	908
Ndufb3_-_58586796.23-P1P2	Ndufb3	600	426	570	565	664	700	5487	659	899	1007	852
Dnajc3_-_118938009.23-P1P2	Dnajc3	812	840	1173	888	1085	1282	8968	1183	1699	1922	1409
non-targeting_02923	non-targeting	821	820	1060	846	877	1068	7761	818	1093	1606	921
Wnt3a_-_59290723.23-P1P2	Wnt3a	690	780	1007	846	979	1054	7627	891	1168	1543	1110
Tppp3_-_105471352.23-P1P2	Tppp3	925	803	1004	759	975	1069	8032	1053	1353	1746	1146
Pgp_-_24470483.23-P1P2	Pgp	513	372	619	549	503	619	4154	538	714	838	677
Pik3r5_-_68432127.23-P1P2	Pik3r5	784	888	949	944	930	1078	7917	938	1305	1467	980
Pax6_+_105682727.23-P2	Pax6_P2	647	657	615	554	660	647	5489	561	1051	1116	884
Ndufs7_-_80249521.23-P1P2	Ndufs7	620	737	888	731	848	1106	7152	837	1019	1355	1247
Mapk11_+_89149371.23-P1P2	Mapk11	858	820	890	983	895	1056	7823	1005	1323	1465	1062
Ywhag_-_135934553.23-P1P2	Ywhag	596	632	904	737	622	758	5796	729	996	1420	941
Uqcrc2_+_120635650.23-P1P2	Uqcrc2	604	707	827	846	954	992	7438	869	1531	1328	1240
Ppargc1a_+_51553859.23-P1P2	Ppargc1a	565	446	618	531	663	770	5061	718	1025	1043	1023
Braf_+_39725278.23-P1P2	Braf	640	741	881	791	770	901	7070	789	1073	1519	1102
Sptlc1_-_53377135.23-P1P2	Sptlc1	578	550	618	662	702	786	5758	747	797	922	611
Nefh_-_4947950.23-P1P2	Nefh	882	617	722	781	939	932	7286	854	1255	1477	1044
Irs1_+_82291127.23-P1P2	Irs1	546	572	770	729	763	836	6290	824	1033	1034	1060
Fzd4_-_89404377.23-P1P2	Fzd4	579	576	613	556	625	871	5665	737	880	1162	899
Apex2_+_150588096.23-P1P2	Apex2	552	481	536	542	630	747	4853	622	741	947	745
Elp3_+_65592994.23-P1P2	Elp3	492	476	546	482	458	525	3486	635	582	497	702
Neurog2_+_127633148.23-P1P2	Neurog2	944	921	1094	964	1103	1234	9094	1170	1665	1854	1538
Elovl5_-_77917526.23-P1P2	Elovl5	116	160	124	165	197	211	1691	194	264	296	128
Bscl2_+_8840605.23-P1	Bscl2_P1	755	673	761	731	825	761	6327	671	1152	1327	912
B4galnt1_-_127165204.23-P1P2	B4galnt1	713	644	899	783	829	914	7108	831	955	1376	886
Serpina1e_-_103956876.23-P1	Serpina1e_P1	507	549	510	542	608	653	5132	624	735	938	617
Txndc5_-_38528387.23-P1P2	Txndc5	615	647	778	622	776	758	6237	812	847	1086	932
Dnah1_-_31323907.23-ENSMUST00000048603.7	Dnah1	822	661	925	870	1018	1247	7566	1091	1233	1551	958
Gpx2_+_76795147.23-P1P2	Gpx2	769	894	958	854	1010	1042	8228	979	1427	1832	1448
Aga_+_53511836.23-P1P2	Aga	562	468	552	482	656	682	5081	565	804	958	583
Ren1_+_133350723.23-P1P2	Ren1	345	480	512	452	505	538	4217	478	689	880	593
Ap4s1_-_51691028.23-P1P2	Ap4s1	759	745	878	847	760	995	7265	853	1396	1354	1244
Kitl_-_100015877.23-P1P2	Kitl	855	776	984	871	925	1079	8488	870	1548	1824	1239
Sepsecs_+_52669678.23-P1P2	Sepsecs	540	513	602	520	503	454	3820	526	381	665	407
Sncg_+_34374632.23-P1P2	Sncg	485	366	566	411	574	540	4288	532	678	869	709
Egfr_-_16752239.23-P1P2	Egfr	910	864	985	873	1035	1046	8930	1008	1419	1704	1282
Cox7b2_+_71548226.23-P1P2	Cox7b2	731	627	672	561	722	869	6405	886	916	1148	751
Klc4_+_46645984.23-P1P2	Klc4	551	497	572	549	676	793	5367	633	985	1076	783
non-targeting_01120	non-targeting	433	490	503	480	593	684	4518	529	862	859	706
Srrm2_-_23803410.23-P1P2	Srrm2	373	391	628	612	545	642	4364	534	844	868	769
Rbpj_-_53590738.23-P1P2	Rbpj	596	614	648	737	706	862	6333	810	874	1395	908
Apoe_-_19698146.23-P1P2	Apoe	531	603	500	508	549	670	4810	552	657	862	834
Prkca_+_108343876.23-P1P2	Prkca	954	869	1058	907	1043	1287	8525	1082	1477	1837	1197
Camk2b_-_6065293.23-P1P2	Camk2b	530	569	816	625	722	793	6095	775	886	1121	892
Reps1_+_18055576.23-P1P2	Reps1	617	745	809	649	691	839	6058	679	1028	1083	754
Prx_-_27499336.23-P1	Prx_P1	658	693	819	785	850	908	7106	864	963	1234	1095
Mgrn1_-_4886268.23-P1P2	Mgrn1	665	740	743	813	935	1000	7512	915	950	1462	919
Cox6a2_-_128206303.23-P1P2	Cox6a2	476	606	642	478	678	644	5151	550	766	1007	842
Ppp3ca_-_136670183.23-P1P2	Ppp3ca	716	810	1005	870	1036	1184	8445	909	1358	1739	1222
Hmox1_+_75093674.23-P1P2	Hmox1	761	706	806	660	910	1038	6973	971	1289	1490	1017
Cox6b1_+_30626031.23-P1P2	Cox6b1	816	907	904	966	937	1011	7980	1058	1508	1780	1378
Ptgs2_-_150100156.23-P1P2	Ptgs2	660	586	837	594	780	710	6559	792	1090	1366	950
Clcn6_+_148038782.23-P1P2	Clcn6	685	650	941	751	858	1122	7339	779	1163	1445	1145
Tomm40l_+_171222394.23-P1P2	Tomm40l	841	776	924	944	1058	1161	8445	910	1376	1599	1043
Rpgrip1_+_52111190.23-P1P2	Rpgrip1	821	801	1085	807	987	1001	8039	1153	1436	1521	1263
Vwa3b_+_37153852.23-P1P2	Vwa3b	777	663	890	638	812	940	6902	964	1188	1230	932
Disc1_+_125054147.23-P1P2	Disc1	671	513	854	782	820	892	6630	874	1197	1406	964
Rab5a_+_53479306.23-P1P2	Rab5a	898	789	968	730	883	1089	7829	1013	1239	1484	1135
Wnt8b_+_44493537.23-P1P2	Wnt8b	603	704	889	746	767	852	6818	846	1197	1454	723
Pvalb_-_78206351.23-P1	Pvalb_P1	609	528	660	552	632	785	5811	757	1297	1192	1150
Syt1_+_109010668.23-P1P2	Syt1	711	652	764	735	837	813	6566	893	1091	1399	1038
Ace_+_105968014.23-P1P2	Ace	514	564	564	428	610	692	5302	563	1048	1160	860
non-targeting_02395	non-targeting	511	642	834	634	668	869	6406	884	992	1128	923
Dcaf8_-_172148179.23-P1P2	Dcaf8	771	735	805	803	1079	1098	7762	1032	1560	1738	1188
Wnt7b_-_85581849.23-P1	Wnt7b_P1	871	878	1307	793	1162	1257	8992	1056	1410	2059	1217
Ppargc1a_+_51553778.23-P1P2	Ppargc1a	511	585	650	673	698	744	6058	657	1098	1335	944
Pin1rt1_+_104716163.23-ENSMUST00000099659.2	Pin1rt1	405	474	411	318	521	557	3943	469	757	795	541
Brca1_-_101551813.23-P1P2	Brca1	210	257	347	176	303	266	2217	291	307	471	512
Serpina1e_-_103956475.23-P1	Serpina1e_P1	1152	964	1295	1126	1278	1274	10481	1280	1683	2093	1605
Mnat1_-_73123954.23-P1P2	Mnat1	309	386	551	516	518	520	4119	426	753	995	765
Tac1_+_7555305.23-P1P2	Tac1	390	396	369	372	359	364	3058	437	517	506	338
Psmd14_+_61711803.23-P1P2	Psmd14	708	727	814	952	861	794	6728	738	784	1205	782
Tiparp_-_65528494.23-P1P2	Tiparp	728	778	842	862	968	1066	7845	1080	1083	1401	1073
Rab39b_-_75578145.23-P1P2	Rab39b	558	534	763	578	619	720	4955	630	757	950	645
Psmd7_-_107588373.23-P1P2	Psmd7	510	579	673	576	640	685	5127	611	799	912	609
Sgcg_+_61258358.23-P1P2	Sgcg	623	699	612	535	637	780	5599	779	962	928	692
Grn_-_102430520.23-P1P2	Grn	1135	1219	1356	1191	1332	1416	11295	1235	1577	2178	1672
Tia1_+_86404360.23-P1P2	Tia1	532	550	599	506	567	625	4826	561	701	1040	545
Psma6_-_55398883.23-P1P2	Psma6	883	854	1168	879	723	816	6164	726	661	1035	463
Lox_-_52529586.23-P1P2	Lox	676	627	751	587	759	820	5882	693	844	1188	849
Araf_-_20848619.23-P1P2	Araf	1510	1441	1694	1701	1803	1851	14800	1922	2217	3247	2202
Dnah2_-_69549040.23-ENSMUST00000108659.1	Dnah2	658	733	794	692	979	1084	7482	905	1319	1665	1305
Rbm8a_-_96630162.23-P1P2	Rbm8a	429	344	499	355	424	457	3208	371	427	563	372
Tank_-_61578809.23-P2	Tank_P2	915	850	1062	865	1074	1160	8561	1101	1298	1866	1302
Casp1_-_5298719.23-P1P2	Casp1	308	409	359	388	513	512	4015	553	660	745	715
Serpini1_+_75557534.23-P1P2	Serpini1	893	840	892	890	878	1187	8198	952	1276	1625	1049
Iba57_-_59163709.23-P1P2	Iba57	380	478	511	473	497	514	4303	516	561	726	549
Pcna_-_132253186.23-P1P2	Pcna	428	646	755	505	628	655	5436	596	843	1010	837
Cd200r1_-_44765849.23-P1P2	Cd200r1	872	927	1207	1035	1040	1175	9195	1201	1368	2050	1539
Eif2b2_-_85219702.23-P1P2	Eif2b2	644	567	792	744	750	1054	6700	752	602	948	810
Gabarapl2_+_111940716.23-P1P2	Gabarapl2	1023	944	1282	1062	1221	1263	9863	1230	1812	1633	1299
Ngb_-_87102298.23-P1P2	Ngb	589	652	641	647	653	678	5224	724	907	748	950
L1cam_+_73880746.23-P1P2	L1cam	866	548	909	752	826	1000	7829	942	1215	1376	901
Ptges_-_30903214.23-P1	Ptges_P1	453	590	545	568	511	676	4941	719	963	972	697
Arl6ip1_-_118129580.23-P1P2	Arl6ip1	498	548	616	552	687	746	5393	747	821	1120	867
Actr1a_+_46395721.23-P1P2	Actr1a	935	881	1056	1048	1098	1137	8962	1035	1443	1772	1290
Gria2_+_80802695.23-P1P2	Gria2	508	667	666	484	634	722	5267	663	1003	1221	948
Dctn5_-_122133048.23-P1P2	Dctn5	1026	721	1053	960	919	1143	8109	1075	1191	1543	1306
Mpo_-_87794171.23-P1P2	Mpo	542	591	647	590	624	771	5698	616	1127	1331	734
Trim2_+_84220622.23-P1	Trim2_P1	461	460	593	504	695	675	5029	672	751	1089	639
Cacna1g_-_94473975.23-P1P2	Cacna1g	726	708	840	921	1042	1013	7721	954	1237	1593	1115
Chchd2_+_129886958.23-P1P2	Chchd2	521	558	802	594	569	695	5030	644	866	937	820
Mpp1_-_75130940.23-P1P2	Mpp1	378	348	435	359	391	468	3065	353	587	725	497
Nkx6-2_-_139582746.23-P1P2	Nkx6-2	580	588	652	614	608	741	5448	708	942	1031	911
Klc2_+_5118241.23-P1P2	Klc2	685	615	763	632	650	836	5875	775	822	1194	957
Cyp2d40_+_82763772.23-P1P2	Cyp2d40	943	971	990	948	1191	1174	9249	1084	1585	1751	1468
Dnah3_-_120095273.23-P1P2	Dnah3	387	282	352	396	376	458	3384	347	426	672	478
Tank_-_61578630.23-P2	Tank_P2	846	765	1026	828	924	1039	7841	1017	1352	1293	1285
Mme_+_63296202.23-P2	Mme_P2	515	504	750	656	677	772	5427	625	1139	1123	670
Cacna1b_+_24763106.23-P1P2	Cacna1b	707	918	861	918	861	1049	7601	866	1320	1447	1098
Tuba8_+_121210828.23-P1P2	Tuba8	631	600	824	750	741	815	6521	837	983	1374	862
Ndufb9_+_58934033.23-P1P2	Ndufb9	807	770	945	821	893	1060	7717	984	1015	1487	1012
Abcb1a_+_8660124.23-P1P2	Abcb1a	264	310	375	295	302	317	2410	293	634	642	423
Bscl2_+_8837469.23-P2	Bscl2_P2	521	486	500	425	518	617	4496	483	873	791	610
Htr2a_+_74640974.23-P1P2	Htr2a	705	606	814	772	773	911	6950	951	1364	1210	1273
Cfl2_-_54862765.23-P1P2	Cfl2	1369	1058	1050	1110	1344	1323	10537	1339	1672	1905	1549
Il6_+_30013325.23-P1P2	Il6	626	788	798	736	950	854	7261	872	1219	1642	1204
Tbcd_+_121452012.23-P1P2	Tbcd	882	818	945	801	514	611	4395	545	475	513	278
Mfn1_+_32529625.23-P1P2	Mfn1	822	797	947	829	905	953	7531	994	1287	1325	934
Hspa5_+_34772114.23-P1P2	Hspa5	602	624	650	663	655	731	5634	674	588	912	562
Lmnb1_+_56707934.23-P1P2	Lmnb1	346	497	564	470	459	522	4317	612	637	874	699
Pik3cb_-_99140178.23-P1P2	Pik3cb	796	873	1018	803	985	1104	7905	894	1188	1636	988
Kctd7_-_130144929.23-P1P2	Kctd7	606	503	569	513	658	791	5019	668	850	1236	693
Ppp2r2b_+_43059486.23-ENSMUST00000025377.7	Ppp2r2b	545	608	580	538	665	819	5291	607	843	1095	708
Prkcg_+_3303638.23-P1P2	Prkcg	628	537	780	623	716	820	5926	732	894	1287	867
Sorl1_-_42124077.23-P1P2	Sorl1	361	425	522	460	485	532	4077	452	700	822	417
Pde9a_-_31386474.23-P1P2	Pde9a	787	530	632	623	736	752	5722	783	880	1241	973
Cln5_+_103070320.23-P1P2	Cln5	547	433	472	464	605	598	4782	661	784	989	772
Mapk9_-_49846799.23-P1P2	Mapk9	294	354	399	437	369	369	3282	311	528	668	675
Cx3cl1_+_94772276.23-P1P2	Cx3cl1	351	620	594	534	689	679	5396	615	752	1115	805
Padi4_-_140774219.23-P1	Padi4_P1	579	726	809	693	795	893	6952	837	1024	1440	925
Plcb3_-_6969697.23-P1P2	Plcb3	747	883	1202	1152	1046	1104	8318	1135	1624	1767	1283
Dao_-_114003890.23-P1P2	Dao	836	1041	1075	919	1002	1096	8725	1124	1313	1825	1366
Galc_+_98259325.23-P1P2	Galc	765	810	1072	769	1014	1108	8627	1097	994	1649	1089
Ryr2_-_12106658.23-P1P2	Ryr2	918	809	1040	903	911	1154	8286	1042	1362	1438	1238
Sncb_+_54766494.23-P1P2	Sncb	526	521	533	705	636	664	4741	616	861	989	905
Il13ra1_-_36112157.23-P1P2	Il13ra1	836	841	984	907	933	1068	8061	995	1104	1829	1239
Bhlhb9_-_135885949.23-P1P2	Bhlhb9	778	902	991	918	869	988	7421	799	1305	1718	1529
Nptx1_+_119547712.23-P1P2	Nptx1	826	689	695	870	862	1059	6838	912	1084	1445	893
Tppp_+_74009457.23-P1P2	Tppp	637	581	616	532	687	637	5098	704	940	936	790
Gemin4_+_76243510.23-P2	Gemin4_P2	692	629	740	506	684	748	5815	673	1106	1138	1010
Lamc2_+_153186524.23-P1P2	Lamc2	261	246	344	305	235	371	2184	248	429	470	287
non-targeting_03541	non-targeting	641	583	621	740	828	886	6524	885	1017	1178	933
Tac1_-_7555150.23-P1P2	Tac1	719	735	820	723	784	952	7020	928	1091	1489	1273
Ap5z1_+_142464084.23-P1P2	Ap5z1	726	833	1013	835	954	1048	8025	1018	1284	1843	1200
Gpnmb_-_49036700.23-P1P2	Gpnmb	839	799	962	840	883	1048	7435	774	1133	1360	1199
Hmox1_+_75093685.23-P1P2	Hmox1	624	672	696	719	706	776	6367	883	854	1167	948
Msc_-_14755952.23-P1P2	Msc	528	565	752	717	768	937	5948	807	856	1327	860
Pus1_+_110780544.23-P1P2	Pus1	1102	1094	1375	1210	1240	1450	10053	1243	1609	2149	1761
Hdac1_-_129542689.23-P1P2	Hdac1	636	696	586	535	673	777	5344	655	1045	1121	977
Sdha_+_74350204.23-P1P2	Sdha	842	774	919	630	819	857	6521	913	1132	1221	821
Pfn1_+_70654580.23-P1P2	Pfn1	499	705	711	564	655	768	5395	721	926	1041	882
Trim2_-_84259728.23-P2	Trim2_P2	254	356	374	332	385	398	3049	345	466	473	478
H2-M10.1_-_36326133.23-ENSMUST00000025322.7	H2-M10.1	696	561	582	670	632	652	5640	622	789	1354	859
Sigmar1_-_41741259.23-P1P2	Sigmar1	815	823	1001	869	977	1272	8226	1003	1464	1582	1138
Glb1_+_114401173.23-P1P2	Glb1	650	683	728	689	778	833	6692	849	976	1201	668
Cacna1b_-_24763096.23-P1P2	Cacna1b	652	590	690	637	774	798	6125	756	1223	1152	1081
Bdnf_+_109693651.23-P1P2	Bdnf	759	820	751	895	904	1040	8033	915	1053	1693	1147
Cyp2d34_+_82620645.23-P1P2	Cyp2d34	506	691	789	739	708	785	6111	690	1062	1420	863
Cybb_-_9469260.23-P1P2	Cybb	495	491	596	456	670	622	4663	615	902	1183	797
Aaas_+_102350603.23-P1P2	Aaas	691	768	865	720	853	941	7141	940	836	1569	1059
Anp32a_+_62341429.23-P1P2	Anp32a	459	487	674	541	593	754	5427	583	742	1027	708
Calb2_-_110168115.23-P1P2	Calb2	578	699	861	791	817	955	6550	821	941	1294	1140
Dyrk1a_+_94569901.23-P1P2	Dyrk1a	661	674	825	660	822	852	6485	753	1134	1103	1197
Atxn3_-_101957943.23-P1P2	Atxn3	768	684	765	705	784	923	6535	850	872	1238	868
Ppt1_+_122836300.23-P1P2	Ppt1	890	696	1229	931	1038	1254	8056	993	1448	1584	1186
non-targeting_02619	non-targeting	921	845	1039	867	964	1006	8311	1060	1383	1636	1262
Cxcl10_-_92348867.23-P1P2	Cxcl10	604	633	767	584	792	843	6192	818	913	1345	1009
Gpx8_+_113046371.23-P1P2	Gpx8	629	575	811	615	783	812	5364	718	1009	1061	745
Ramp2_+_101246023.23-P1P2	Ramp2	814	665	1022	805	945	1048	7714	809	1341	1364	1012
Crebbp_-_4213282.23-P1P2	Crebbp	789	860	1057	950	988	1150	8420	1089	1284	1668	1279
Eif2ak3_-_70844809.23-P1P2	Eif2ak3	465	433	605	458	523	620	4536	556	781	1031	853
Tfg_+_56717220.23-P1P2	Tfg	510	562	663	525	548	560	4716	605	489	890	340
Serpina1a_-_103863505.23-P1P2	Serpina1a	322	282	308	283	334	352	2716	341	546	534	426
Prkar1b_+_139129666.23-P1P2	Prkar1b	630	735	832	749	868	844	6618	933	1204	1359	878
Als2_-_59237256.23-P1P2	Als2	547	437	558	450	463	562	4516	439	757	968	645
Eif4g1_-_20672748.23-P1P2	Eif4g1	1041	1106	1268	1087	1163	1190	9477	1070	1342	2076	1413
Cd200r3_+_44943756.23-P1P2	Cd200r3	802	827	1188	968	986	1236	8648	1130	1346	1753	1570
Plxna4_+_32588181.23-P1P2	Plxna4	862	847	791	815	821	956	6931	953	1218	1380	1103
Hexa_-_59539716.23-P1P2	Hexa	727	723	682	700	800	656	6338	854	1205	1536	1262
Ndufc2_+_97400141.23-P1P2	Ndufc2	578	495	572	615	610	783	5228	574	740	1043	651
Msh2_-_87672601.23-P1P2	Msh2	785	756	1059	679	866	873	7032	841	908	1333	1345
Cast_+_74807902.23-P1P2	Cast	892	868	1057	843	1202	1263	9552	1116	1416	1922	1366
Maneal_+_124862226.23-P1P2	Maneal	569	530	711	633	726	831	5640	826	926	1214	848
Fggy_-_95579522.23-P2	Fggy_P2	546	466	506	437	479	526	3676	441	594	694	497
Idua_+_108669491.23-P1P2	Idua	574	681	785	772	730	909	6361	799	851	1289	1188
Peg12_-_62464475.23-P1P2	Peg12	324	406	384	442	344	392	3151	355	348	655	467
Hexb_-_97198070.23-P1P2	Hexb	401	291	380	318	401	533	3340	355	477	809	469
Ppp3ca_-_136670230.23-P1P2	Ppp3ca	581	632	713	678	673	784	5744	659	957	1339	1090
Pmpca_-_26389385.23-P1P2	Pmpca	591	598	671	709	724	848	5989	728	754	1173	1291
Plcb4_-_135741862.23-ENSMUST00000110109.1	Plcb4	675	544	678	581	830	811	6080	696	724	1234	766
Hmgb1_+_149051384.23-P2	Hmgb1_P2	427	514	648	543	708	766	5647	733	821	1329	631
Atp2b3_+_73503134.23-P1P2	Atp2b3	896	961	1165	940	1130	1120	9202	1169	1394	1795	1462
Tmem175_-_108629873.23-P1P2	Tmem175	813	708	888	851	937	1111	7840	1001	1410	1583	1237
Nt5c2_+_46962246.23-P1P2	Nt5c2	670	625	767	552	754	830	6122	834	983	1641	1061
Khdrbs1_-_129742203.23-P1P2	Khdrbs1	362	455	492	378	460	506	4138	351	499	612	635
Tbp_-_15499957.23-P1P2	Tbp	1247	1229	1281	1242	1388	1353	11918	1388	1794	2153	1536
Uba7_+_107975775.23-P1	Uba7_P1	559	673	665	697	600	655	5440	590	1113	1421	1082
Gjc2_+_59182780.23-P1P2	Gjc2	631	638	767	705	657	717	5736	700	1085	1245	730
Txnrd1_-_82859247.23-P1P2	Txnrd1	763	958	1007	910	973	1074	7952	1075	1503	1677	1650
Mbp_+_82554762.23-P1P2	Mbp	731	793	966	743	915	970	7238	925	1040	1293	1234
Erbb2_+_98412578.23-P1P2	Erbb2	533	558	599	622	634	653	4797	609	1106	988	956
Slc19a3_+_83038353.23-P1P2	Slc19a3	906	833	1097	940	1209	1155	9541	1203	1440	1975	1423
Gabarapl2_+_111940749.23-P1P2	Gabarapl2	441	570	645	630	590	694	5194	581	796	959	885
H2-M9_-_36642597.23-P1P2	H2-M9	1030	863	917	878	1057	1101	8895	1148	1415	1792	1560
Sox2_-_34650042.23-P1P2	Sox2	695	659	933	937	1038	970	7613	904	1054	1607	1222
Slc52a3_-_151996570.23-P1	Slc52a3_P1	665	552	670	592	742	779	5856	796	794	1163	844
Angpt4_-_151911266.23-P1P2	Angpt4	533	432	538	439	483	593	4286	545	903	899	768
Ndufa6_+_82354221.23-P1P2	Ndufa6	1187	1146	1218	1288	1386	1350	10936	1279	1848	2308	1629
Fzd3_-_65262425.23-P1P2	Fzd3	612	566	635	591	770	739	5840	744	745	1038	909
H2-M11_+_36547339.23-ENSMUST00000041964.6	H2-M11	566	518	659	753	784	853	6558	865	861	1294	876
Smurf2_+_106920676.23-P1P2	Smurf2	429	480	564	401	595	658	4946	465	815	736	656
Cstb_-_78425801.23-P1P2	Cstb	555	490	636	597	654	620	4575	664	330	668	402
Oxr1_+_41788887.23-ENSMUST00000170127.1	Oxr1	610	517	876	697	866	833	6430	888	1045	1224	999
Htra2_+_83054431.23-P1P2	Htra2	447	393	561	449	450	490	3926	455	497	544	440
Myoc_+_162639164.23-P1P2	Myoc	712	708	731	819	862	979	6810	825	920	1436	1211
Exosc8_+_54735017.23-P1P2	Exosc8	526	586	666	627	531	645	4757	636	657	1108	685
Brca1_+_101551819.23-P1P2	Brca1	536	535	615	693	699	715	5743	671	956	958	764
Atm_+_53536549.23-P1P2	Atm	631	473	611	555	596	684	4893	684	744	1012	758
Tsen34_+_3693822.23-P1P2	Tsen34	693	611	1010	858	784	1080	7241	817	1119	1495	1287
Ern1_-_106487777.23-P1P2	Ern1	824	910	1114	817	1090	1093	8423	1080	895	1542	1242
Colec11_-_28623219.23-P1P2	Colec11	1008	1103	1373	1163	1256	1341	9584	1242	1618	1751	1441
Tubb2a_-_34077993.23-P1P2	Tubb2a	1191	1192	1235	1090	1264	1387	10727	1337	1651	2183	1758
Lrp6_-_134566761.23-P1P2	Lrp6	688	589	812	701	735	854	6564	789	974	1085	890
Ryr1_-_29125097.23-P1P2	Ryr1	540	570	710	687	699	769	5187	726	871	1056	960
Sncaip_+_52768278.23-P1P2	Sncaip	620	490	652	613	513	598	4179	485	726	805	674
Pde4d_+_109953895.23-P1P2	Pde4d	421	476	506	531	529	555	4504	460	670	1083	766
Echs1_-_140116331.23-P1P2	Echs1	342	413	500	356	404	482	3345	456	583	755	671
Sh3tc2_+_61953080.23-P1P2	Sh3tc2	364	384	444	379	394	480	3333	399	664	739	461
Capn2_+_182517246.23-P1P2	Capn2	591	709	660	656	679	777	6245	833	1042	1359	960
Cd36_+_17835651.23-P1P2	Cd36	817	832	793	775	1025	1045	8141	1029	1395	1466	978
Ppara_+_85735855.23-P1P2	Ppara	413	340	527	415	488	504	4032	416	577	843	632
non-targeting_03947	non-targeting	624	698	821	748	930	1073	7599	920	1142	1729	1002
Apoe_-_19698125.23-P1P2	Apoe	282	296	412	308	310	375	2881	365	493	685	450
H2-T24_-_36020519.23-P1P2	H2-T24	922	1109	1018	950	1057	1186	9571	1145	1569	2219	1603
Prickle1_+_93519458.23-P2	Prickle1_P2	721	724	714	666	780	854	6637	893	1191	1166	1064
Prdm12_+_31639831.23-P1P2	Prdm12	375	375	387	369	397	462	3351	435	577	869	501
Bcl11b_+_108004032.23-P1P2	Bcl11b	595	599	570	580	671	733	5316	644	695	974	830
Eif4g2_+_111082977.23-P1	Eif4g2_P1	671	668	768	694	807	890	6626	793	1172	1342	1017
Elavl4_-_110287482.23-P1P2	Elavl4	942	879	1207	798	1081	1135	9124	992	1678	1733	1204
Il2_+_37125689.23-P1P2	Il2	520	623	668	695	831	960	6650	735	992	1223	996
Cyp2d10_+_82406851.23-P1P2	Cyp2d10	783	683	903	782	948	1033	7533	1041	1196	1527	1303
Tuba8_+_121210850.23-P1P2	Tuba8	569	539	781	563	650	685	5395	732	1008	1324	736
Tiparp_+_65528489.23-P1P2	Tiparp	618	678	746	599	822	952	6492	722	904	1406	1020
Gsr_+_33653615.23-P1P2	Gsr	835	967	1124	877	966	1107	8721	1176	1206	1533	1345
Scn8a_+_100871150.23-P1P2	Scn8a	714	746	788	786	912	968	7577	890	1112	1452	1586
non-targeting_02861	non-targeting	1275	934	1248	1271	1361	1398	10277	1313	1712	2126	1930
Tmem230_+_132247535.23-P1P2	Tmem230	430	575	598	460	456	649	4385	565	768	1011	683
Padi4_+_140750500.23-P2	Padi4_P2	666	610	643	578	779	919	6631	797	1061	1350	867
Fgf14_-_124193027.23-ENSMUST00000026631.5	Fgf14	661	709	792	590	805	818	6453	824	1070	1236	932
Hmbs_+_44342211.23-P1	Hmbs_P1	909	739	1005	927	899	993	7810	878	1402	1860	1257
Mapk3_-_126759904.23-P1P2	Mapk3	846	916	1178	1093	1083	1185	8989	1133	1322	1832	1326
Wnt10a_+_74792087.23-P1P2	Wnt10a	681	615	708	612	817	892	6385	748	914	1203	738
Epo_-_137533204.23-P1P2	Epo	1095	922	1083	1071	1204	1461	10277	1205	1509	1901	1583
Atl1_+_69893307.23-P1P2	Atl1	469	554	631	495	596	692	5200	663	751	1119	810
Wnt5b_+_119544253.23-P1P2	Wnt5b	389	417	536	455	578	632	4670	613	737	945	523
Ndufa13_-_69902766.23-P1P2	Ndufa13	529	734	688	648	765	778	5614	755	1168	1230	919
Mmp9_-_164948532.23-P1P2	Mmp9	1125	1148	1302	1132	1241	1309	9966	1236	1898	2031	1640
Mapk1_+_16983480.23-P1P2	Mapk1	497	568	526	554	642	681	5122	621	973	1015	711
Txn2_-_77927871.23-P2	Txn2_P2	514	500	698	582	635	753	5156	628	805	1069	828
Hdac4_+_92148338.23-ENSMUST00000008995.8	Hdac4	633	679	834	763	838	1005	6908	737	929	1194	933
Vwa3b_+_37153892.23-P1P2	Vwa3b	315	353	438	384	409	486	3517	471	641	637	456
Klc4_+_46645074.23-P1P2	Klc4	513	426	501	390	576	616	4354	608	586	926	647
Tfcp2_+_100551908.23-P1P2	Tfcp2	609	493	617	502	590	606	4850	651	934	959	711
Uqcrc2_+_120635297.23-P1P2	Uqcrc2	650	752	1007	833	925	885	7313	884	977	1534	1263
Cyp2d10_-_82407195.23-P1P2	Cyp2d10	737	623	744	760	669	816	6172	645	1182	1383	1068
Dnajc6_+_101508040.23-P1P2	Dnajc6	254	266	405	357	378	464	3259	436	598	630	609
Ppara_-_85735815.23-P1P2	Ppara	654	615	808	650	765	836	6507	921	1276	1237	1053
Ndufb2_-_39592672.23-P1P2	Ndufb2	1040	907	1292	1058	1226	1247	9913	1084	1373	1860	1347
Bcl6_+_23988610.23-P1P2	Bcl6	744	621	665	597	711	815	5479	655	872	1283	797
Pde8b_+_95222970.23-P2	Pde8b_P2	622	607	669	691	751	694	5269	770	745	953	758
Sncb_+_54766211.23-P1P2	Sncb	512	813	724	531	633	806	5980	772	1057	1273	1020
Esr2_+_76177006.23-P1P2	Esr2	557	625	602	435	574	667	4803	585	691	969	700
Cln8_+_14888901.23-P1P2	Cln8	533	485	437	463	639	562	4524	646	729	1037	748
Pabpc4_+_123282707.23-P1P2	Pabpc4	694	810	933	927	885	1008	7864	994	1486	1562	971
Psmc2_-_21785311.23-P1	Psmc2_P1	401	404	406	299	412	436	3316	352	515	740	510
Cox7a2l_-_83514089.23-P1P2	Cox7a2l	727	702	787	662	911	950	7207	909	1231	1241	1100
Calml3_-_3804323.23-P1P2	Calml3	281	396	391	394	418	369	3401	446	501	599	619
Mapk3_+_126759687.23-P1P2	Mapk3	559	834	958	696	927	1104	8059	986	1133	1500	999
Sirt7_-_120624964.23-P1P2	Sirt7	664	660	751	740	744	783	6454	775	1054	1265	935
Raf1_-_115676241.23-P1P2	Raf1	668	646	758	688	794	854	6784	656	1040	1541	1011
Vps13d_-_144974581.23-ENSMUST00000097796.2	Vps13d	342	334	530	420	514	533	4122	574	635	722	430
Pon3_+_5256266.23-P1P2	Pon3	576	489	706	507	709	820	5495	740	893	1057	801
Tnfrsf21_-_43016606.23-P1P2	Tnfrsf21	1131	1000	1149	1009	1082	1193	8429	1101	1281	1903	1115
Blvra_+_127080531.23-P2	Blvra_P2	414	442	594	569	506	603	4613	605	796	934	718
Slc6a4_+_76998669.23-P2	Slc6a4_P2	890	832	1066	892	1056	1197	8769	821	1189	1604	1096
Ndufa4_-_11907272.23-P1P2	Ndufa4	577	480	733	862	674	793	5826	710	992	1160	808
Elk1_-_20950527.23-P1P2	Elk1	449	660	673	448	632	656	5182	736	978	1021	786
Rac1_-_143527951.23-P1P2	Rac1	759	652	802	688	693	872	6417	714	979	1215	968
Atg7_-_114643147.23-P1P2	Atg7	728	1028	1030	953	980	1098	8310	1091	1441	1476	1192
Naglu_+_101070337.23-P1P2	Naglu	560	723	750	631	750	879	6192	768	1199	1008	906
Il33_-_29925199.23-P1P2	Il33	725	760	925	755	893	880	7568	856	1257	1514	1170
Map3k10_+_27674535.23-P1P2	Map3k10	523	469	512	484	534	720	5021	751	699	953	706
Slc25a5_-_36796073.23-P1P2	Slc25a5	489	411	434	445	414	487	3505	441	523	774	434
Gm2a_+_55098142.23-P1P2	Gm2a	1198	1020	1461	1237	1274	1358	11396	1385	1429	2225	1795
Pvalb_-_78203958.23-P2	Pvalb_P2	439	492	582	411	575	631	4265	544	626	679	598
Sncg_+_34374495.23-P1P2	Sncg	369	254	356	306	278	338	2854	277	341	426	400
Plcg1_+_160731324.23-P1P2	Plcg1	599	564	628	391	688	815	5297	640	764	1227	660
Surf1_-_26916300.23-P1P2	Surf1	766	871	1052	661	983	1024	7828	997	1198	1512	966
Ndufs5_+_123718182.23-P1P2	Ndufs5	728	726	856	748	814	868	6631	911	946	1425	847
Ddah1_-_145758805.23-P1P2	Ddah1	837	825	1035	874	1064	1127	8548	1063	1314	1729	1164
Cant1_-_118418899.23-P1P2	Cant1	487	565	524	434	579	762	4970	520	719	703	787
Serpina3i_-_104263119.23-P1P2	Serpina3i	691	581	724	659	724	823	6337	699	1161	1329	919
Hgf_-_16553937.23-P1P2	Hgf	558	531	625	806	742	814	6161	822	1127	1179	1019
Mapk13_+_28769370.23-P1P2	Mapk13	864	774	858	746	932	878	7205	966	1211	1581	1235
Il1b_+_129371096.23-P1P2	Il1b	476	564	486	480	690	666	5465	696	1046	1172	985
Irs1_-_82291096.23-P1P2	Irs1	642	565	643	561	636	697	5270	739	886	1076	867
Kif5c_-_49619318.23-P1P2	Kif5c	498	494	450	603	573	650	4846	561	690	1028	570
Dbn1_-_55488018.23-P1P2	Dbn1	838	708	925	900	990	950	7667	979	1303	1515	973
Zap70_-_36761874.23-P1P2	Zap70	497	453	494	466	493	625	4312	509	672	860	607
Gdap2_-_100162691.23-P1P2	Gdap2	345	458	411	435	422	469	3546	455	560	835	539
Vps53_-_76179588.23-P1P2	Vps53	496	569	702	553	622	721	5286	640	668	823	860
S100b_-_76253958.23-P1P2	S100b	512	607	566	612	740	884	6127	646	916	1136	744
Dock2_+_34783795.23-P1P2	Dock2	611	535	782	548	733	775	5712	688	829	1048	947
Ahsg_+_22892050.23-P1P2	Ahsg	959	832	979	905	1010	1054	8481	1146	1254	1821	1254
Cdk5_+_24423534.23-P1P2	Cdk5	675	835	839	698	862	1147	6979	796	1027	1277	1080
Uqcr10_+_4704318.23-P1P2	Uqcr10	490	375	530	529	586	580	4841	572	852	1039	717
Ntrk2_+_58807921.23-P1P2	Ntrk2	809	799	962	756	867	975	7336	978	1003	1259	1057
Ang6_+_44002193.23-ENSMUST00000096869.2	Ang6	402	324	489	393	470	525	4080	462	625	817	537
Atm_+_53536647.23-P1P2	Atm	972	898	1130	1034	1121	1286	9641	1178	1400	1976	1320
Sgcg_+_61258388.23-P1P2	Sgcg	441	444	376	389	423	453	3684	494	529	756	509
Ndufs2_+_171247051.23-P1	Ndufs2_P1	836	1052	1387	1130	1194	1493	9937	1157	1619	1667	1208
Nr1h2_-_44553541.23-P1P2	Nr1h2	536	510	702	523	627	684	4980	626	987	992	747
Il6_+_30013382.23-P1P2	Il6	688	668	690	534	673	703	5590	702	807	1026	765
Uqcrq_+_53430764.23-P1P2	Uqcrq	449	466	779	527	663	629	5522	742	901	1145	494
Hsf1_-_76477460.23-P1P2	Hsf1	1325	1254	1606	1275	1380	1734	12074	1310	1898	2463	1535
Egr2_+_67535580.23-P2	Egr2_P2	337	465	596	525	643	698	5002	632	954	764	881
Dnah14_+_181741104.23-ENSMUST00000160345.1	Dnah14	153	287	309	203	224	317	1970	205	247	435	384
Tlr2_+_83841514.23-P1P2	Tlr2	421	412	466	612	614	690	4750	605	688	753	707
Vim_+_13574365.23-P1P2	Vim	335	416	529	394	403	518	3359	399	517	601	551
Pum1_-_130663402.23-P1P2	Pum1	837	763	849	763	862	899	7507	936	1085	1367	869
Tpp1_+_105752151.23-P1P2	Tpp1	489	543	514	383	543	634	5034	605	833	958	655
Gstm1_-_108017745.23-P1P2	Gstm1	600	762	820	750	794	747	6472	687	1277	1395	831
Oxr1_-_41788883.23-ENSMUST00000170127.1	Oxr1	1219	894	1083	935	1177	1326	8872	1071	1106	1764	1231
Dpp6_-_27049440.23-P2	Dpp6_P2	923	943	1293	1104	1165	1256	9729	1095	1477	2011	1637
Btn1a1_-_23465644.23-P1P2	Btn1a1	340	334	334	429	486	517	3928	465	678	723	480
Frat2_-_41848066.23-P1P2	Frat2	883	667	812	626	886	793	6260	697	1031	1384	1135
Fgd4_+_16600037.23-P1P2	Fgd4	752	589	761	638	746	945	6115	649	869	1395	878
Cntf_-_12765355.23-P1P2	Cntf	766	882	939	868	1006	1145	8064	1083	1146	1721	1241
Ube3a_-_59228830.23-P1P2	Ube3a	599	785	649	600	788	832	6472	797	976	1303	937
Mapk3_-_126759808.23-P1P2	Mapk3	718	755	1029	937	1033	1079	7918	1030	1105	1694	1313
Sirt5_-_43365726.23-P1P2	Sirt5	903	931	1028	858	1057	1066	8768	987	1602	1730	1296
Apc_-_34220977.23-P1	Apc_P1	800	756	945	891	947	1058	7758	997	948	1851	1267
Entpd1_-_40659854.23-P1P2	Entpd1	617	502	566	560	651	699	4679	598	774	914	659
Srrm2_-_23803263.23-P1P2	Srrm2	531	626	738	505	495	651	4571	566	818	997	790
Vamp1_+_125215591.23-P1	Vamp1_P1	462	480	471	404	494	556	4182	484	546	705	492
Tnf_-_35201750.23-P1P2	Tnf	723	698	840	652	692	837	6348	715	983	1271	907
Lmnb1_-_56707753.23-P1P2	Lmnb1	694	648	948	781	679	1029	6622	811	1083	1099	982
Gpr37_-_25689806.23-P1P2	Gpr37	749	662	1090	735	830	889	7512	969	1516	1661	1014
Apc2_+_80301063.23-P1	Apc2_P1	602	634	670	557	789	872	6052	752	881	1264	672
Serpina1e_-_103958458.23-P2	Serpina1e_P2	824	710	767	772	978	1062	7781	953	1050	1553	1134
Jund_-_70698968.23-P1P2	Jund	1151	1060	1198	1282	1336	1506	10187	1550	1573	2263	1453
Gstm2_-_107986400.23-P1P2	Gstm2	489	467	626	415	513	688	4626	616	739	826	847
Psma6_+_55398913.23-P1P2	Psma6	575	643	699	588	660	849	5499	770	867	1093	987
Psmd4_+_95042545.23-P1P2	Psmd4	792	772	944	822	785	906	6415	841	1089	1329	1053
Cant1_+_118418963.23-P1P2	Cant1	430	437	684	496	475	575	4395	565	779	753	657
Entpd1_+_40659838.23-P1P2	Entpd1	234	223	375	250	306	315	2289	268	270	389	445
Ang4_+_51773531.23-P1P2	Ang4	924	648	826	737	922	1083	7204	837	1299	1344	962
Itgam_-_128062902.23-P1P2	Itgam	616	699	722	766	802	883	6274	680	953	1283	1030
Ostm1_+_42678976.23-P1P2	Ostm1	689	646	917	775	484	487	3055	490	263	383	188
Calml4_-_62858172.23-P1P2	Calml4	886	848	956	872	905	1083	8477	1100	1375	1642	1427
Zfp597_-_3884460.23-P1P2	Zfp597	975	933	1011	952	1034	1237	9125	1075	1504	1623	1400
Sgsm3_-_80977865.23-P1P2	Sgsm3	730	794	879	800	766	865	6762	782	1156	1296	1153
Uchl3_+_101654249.23-P1P2	Uchl3	845	768	1045	946	982	1114	7816	973	1554	1656	1280
Sbf2_+_110614850.23-P1P2	Sbf2	1003	909	1007	1087	1007	1152	9102	1067	1725	1584	1312
Gja6_-_160906915.23-P1P2	Gja6	383	564	420	414	483	619	3778	431	713	678	469
Wfs1_+_36988955.23-P1P2	Wfs1	450	454	641	555	588	630	4811	549	590	993	674
Chek2_+_110840031.23-P1P2	Chek2	579	508	711	475	603	723	5573	630	708	1119	907
Capn1_-_6015527.23-P1P2	Capn1	786	925	964	796	977	1133	8297	973	1482	1758	1189
Sirt1_+_63338993.23-P1P2	Sirt1	696	570	636	688	533	597	5150	656	901	1198	806
Eif4g1_+_20672882.23-P1P2	Eif4g1	812	829	1023	781	966	1154	7916	961	1263	1988	1111
Uqcrfs1_-_30545325.23-P1P2	Uqcrfs1	706	601	837	648	738	860	5997	804	1059	1138	893
Dnah17_+_118129191.23-ENSMUST00000106308.3,ENSMUST00000084803.5	Dnah17	657	791	803	707	792	899	6646	865	1040	1505	757
Tdp1_-_99884552.23-P1P2	Tdp1	841	779	1030	868	969	979	8398	1029	1207	1775	1509
Ang_+_51091146.23-P2	Ang_P2	1101	1089	1266	1048	1385	1553	10792	1343	1672	2027	1365
Btn1a1_-_23465857.23-P1P2	Btn1a1	578	415	472	496	588	581	4849	614	813	796	660
Chchd10_+_75935881.23-P1P2	Chchd10	985	934	1015	942	1057	1288	8918	1024	1288	1703	1327
Sptbn2_+_4711187.23-P1P2	Sptbn2	527	480	482	572	528	650	4531	634	667	689	556
Rmdn1_+_19575246.23-P1P2	Rmdn1	741	748	836	809	858	900	7086	807	1258	1247	1093
Uchl3_-_101654041.23-P1P2	Uchl3	925	935	992	800	1073	1250	8435	1261	1279	1528	1297
Tpp2_+_43934072.23-P1P2	Tpp2	469	487	517	544	563	641	4381	488	653	830	508
Cox4i2_+_152754202.23-P1P2	Cox4i2	674	759	906	873	910	1033	6996	882	908	1527	1042
Neurog2_-_127633180.23-P1P2	Neurog2	1057	1008	1096	939	1136	1324	9466	1212	1873	2138	1452
Ang_-_51091157.23-P2	Ang_P2	829	535	538	729	671	696	5525	718	900	1294	769
Gaa_-_119268100.23-P1P2	Gaa	1183	1093	1261	1170	1249	1631	10773	1337	1744	2120	1628
Grin2d_+_45870842.23-P2	Grin2d_P2	615	700	997	867	1016	1071	8288	897	1463	1479	1224
Serpina1d_-_103773106.23-P1P2	Serpina1d	1088	986	1135	1139	1343	1404	10984	1294	1491	2380	1515
Taf1_+_101532868.23-P1P2	Taf1	434	428	598	437	460	539	3547	461	385	585	383
Ndufa2_+_36744475.23-P1P2	Ndufa2	837	858	1253	845	915	1054	7676	925	1092	1456	819
Htr1a_+_105444026.23-P1P2	Htr1a	680	833	1138	717	798	815	7483	1022	1227	1656	907
Actb_-_142906657.23-P1	Actb_P1	553	668	669	726	730	860	5661	697	879	1246	894
Ryr1_-_29125141.23-P1P2	Ryr1	513	408	565	584	658	739	5169	582	815	1092	742
Kif1a_-_93101801.23-P1P2	Kif1a	1363	1417	1527	1380	1424	1769	13153	1450	2182	2190	1887
Cyp27a1_-_74713765.23-P1P2	Cyp27a1	449	617	458	513	538	546	4317	624	582	730	821
Hmox1_+_75093657.23-P1P2	Hmox1	817	720	1068	964	998	944	8132	1036	1132	1761	994
Cabin1_+_75764297.23-P1P2	Cabin1	714	637	776	621	811	1050	6962	870	1274	1802	991
Unc5c_-_141465681.23-P1P2	Unc5c	734	824	921	831	990	1171	8069	1074	1392	1496	1045
Mad2l1bp_-_46153447.23-P1P2	Mad2l1bp	377	281	480	404	493	506	4160	488	799	777	581
Prnp_+_131909970.23-P1P2	Prnp	487	562	689	516	543	678	5230	607	821	920	730
Ubqln2_-_153498227.23-P1P2	Ubqln2	797	810	918	827	961	1045	7211	848	995	1408	1240
Clp1_-_84727294.23-P1P2	Clp1	945	943	1088	1058	1027	1317	9477	1117	1559	1944	1492
Tecpr2_+_110889276.23-P1P2	Tecpr2	563	527	640	485	683	817	5690	740	958	1167	746
Chrm1_+_8664151.23-P1P2	Chrm1	477	453	534	349	505	590	4335	523	685	909	640
Dst_-_34011618.23-P1P2	Dst	1522	1363	1904	1441	1689	1809	14307	1730	2343	2912	2093
Txnrd1_-_82859264.23-P1P2	Txnrd1	716	944	864	931	1013	1086	8129	1198	1221	1624	1099
Ndufb4_+_37654404.23-P1P2	Ndufb4	660	795	825	879	929	1003	7172	857	1219	1453	1080
Syt1_-_109010685.23-P1P2	Syt1	849	792	990	813	1001	1010	7955	1059	1463	1615	1070
Apc_+_34220978.23-P1	Apc_P1	541	658	710	681	728	877	6158	735	881	1195	1065
Ndufa3_+_3617574.23-P1P2	Ndufa3	507	333	531	346	463	523	3778	381	565	724	586
Cdca5_-_6085168.23-P1P2	Cdca5	713	631	639	612	581	796	5474	612	776	862	802
1700013F07Rik_+_108537583.23-P1P2	1700013F07Rik	785	752	838	885	878	1092	8117	1099	1369	1647	1188
Ins2_-_142699459.23-P2	Ins2_P2	727	605	662	585	851	778	5833	734	867	1161	1060
Psmc5_-_106256193.23-P1P2	Psmc5	554	461	526	492	477	528	4113	412	713	952	635
Tmed9_-_55593182.23-P1P2	Tmed9	359	366	357	317	353	472	3186	353	579	582	524
Abl1_+_31688565.23-P1P2	Abl1	788	851	919	841	920	1186	7773	966	1113	1590	1231
Egr1_+_34861258.23-P1P2	Egr1	449	419	595	438	510	646	4629	573	700	931	707
Gria4_+_4796223.23-P1P2	Gria4	354	395	423	431	357	378	3164	388	464	726	496
Kcnc3_-_44590701.23-ENSMUST00000107907.2	Kcnc3	613	622	653	558	764	775	5763	723	860	1289	721
Itpr2_-_146502148.23-P1P2	Itpr2	579	496	585	673	640	723	5180	617	719	1062	709
Dkk1_+_30549479.23-P1P2	Dkk1	471	388	488	400	478	528	3745	491	567	710	531
Sos1_+_80480419.23-P1P2	Sos1	575	718	753	564	750	772	6066	787	788	1100	810
Hspb3_-_113663621.23-P1P2	Hspb3	483	453	638	546	590	699	5539	610	711	1244	873
Psmd12_-_107479532.23-P1P2	Psmd12	659	647	781	586	757	791	6596	787	854	1101	775
Atp1a1_+_101604602.23-P1P2	Atp1a1	868	799	933	854	893	1003	7640	991	1278	1601	981
Fggy_+_95557513.23-P1	Fggy_P1	487	440	609	564	599	673	5389	558	759	850	582
Pawr_+_108332174.23-P1P2	Pawr	1075	953	1161	1140	1242	1406	9785	1326	1572	2115	1778
Lmnb2_-_80918162.23-P1P2	Lmnb2	990	971	1036	836	1188	1120	9277	1209	1618	1882	1446
Ampd2_+_108086617.23-P1	Ampd2_P1	418	448	491	343	474	504	3718	500	784	769	551
Toe1_+_116807515.23-P1P2	Toe1	999	999	1079	1356	1190	1292	9447	1027	1293	1309	1200
Psmb2_+_126677702.23-P1P2	Psmb2	988	979	1180	1004	1014	1261	9440	1203	1262	1901	1459
Hspa9_+_34954115.23-P1P2	Hspa9	435	451	601	602	580	629	4747	555	579	958	713
Ndufc1_-_51408724.23-P1P2	Ndufc1	837	815	1014	872	895	983	7927	988	1046	1724	1269
Coq7_+_118533287.23-P1P2	Coq7	722	638	680	725	758	885	6300	766	997	1256	795
Synj1_+_91011035.23-P1P2	Synj1	868	793	1079	931	1025	1033	8442	911	1370	1663	1088
Zfp629_-_127615187.23-P1P2	Zfp629	377	465	628	503	579	701	4655	544	676	883	826
Sdhb_-_140961410.23-P1P2	Sdhb	573	617	782	553	886	926	6528	718	812	1314	947
Ddhd2_-_25754369.23-P1P2	Ddhd2	586	549	723	733	759	806	6100	712	1008	1330	658
Pld3_+_27553035.23-P2	Pld3_P2	794	802	908	846	927	1037	7809	1013	1437	1665	1238
Gsn_+_35282461.23-P2	Gsn_P2	704	699	756	562	641	744	5434	720	743	967	723
Dnah7c_+_46609149.23-ENSMUST00000178395.1	Dnah7c	592	616	582	603	637	704	5514	666	722	1118	812
Mrc1_-_14229444.23-P1P2	Mrc1	546	708	982	714	824	928	7391	756	1121	1588	924
Exosc9_+_36552657.23-P1P2	Exosc9	858	716	876	776	681	678	5386	628	265	547	218
Ndufc2_-_97400106.23-P1P2	Ndufc2	790	758	886	694	933	954	6979	900	1142	1419	874
Nlrp3_-_59541852.23-P1	Nlrp3_P1	523	433	601	523	602	695	4996	600	928	1143	843
Slc52a2_+_76538885.23-P1P2	Slc52a2	997	915	1159	690	1161	1177	9331	1158	1334	1856	1234
Pmp2_+_10197144.23-P1P2	Pmp2	470	456	524	457	553	587	4790	513	567	714	655
Rhoa_+_108306837.23-P1P2	Rhoa	529	517	657	604	626	610	5276	679	722	1204	736
Ndufa4_+_11907457.23-P1P2	Ndufa4	792	897	1146	936	1077	1427	9118	1253	1450	1963	1324
Ucp2_-_100498187.23-P2	Ucp2_P2	573	731	773	672	751	828	6047	689	913	1252	1090
Lox_+_52529537.23-P1P2	Lox	448	587	725	612	581	684	5137	495	1047	948	746
Nek1_+_60993277.23-P1P2	Nek1	1188	1170	1234	1192	1221	1472	10402	1235	1538	1873	1605
Qprt_-_127121979.23-P1P2	Qprt	819	784	910	910	993	1070	7892	975	1245	1777	993
Actb_+_142905682.23-P2	Actb_P2	990	1005	1124	902	1034	1115	8901	1190	1279	1907	1547
Mapk10_-_103211298.23-P1P2	Mapk10	590	634	824	787	849	824	6707	747	971	1372	907
Fus_+_127967484.23-P1P2	Fus	1070	1100	1164	1143	1184	1412	10750	1171	1699	1948	1627
Necab1_-_15148949.23-P1P2	Necab1	868	897	915	897	975	1195	8679	1259	1549	1692	1041
Csf1r_+_61105864.23-P1P2	Csf1r	698	607	809	565	757	839	6105	776	1123	1149	1061
Endou_-_97730910.23-P2	Endou_P2	495	412	504	503	560	585	4660	593	837	1007	597
Surf1_+_26916283.23-P1P2	Surf1	551	794	884	846	803	989	7037	826	1172	1442	1189
Ndufab1_+_122101643.23-P1P2	Ndufab1	575	647	807	620	735	799	6307	862	1162	1243	806
Itpr3_-_27057701.23-P1P2	Itpr3	676	787	774	693	717	883	6000	844	1047	1514	733
Dnah10_+_124725123.23-P1P2	Dnah10	1357	1139	1541	1320	1649	1782	12477	1613	2014	2481	1977
Ern1_-_106487788.23-P1P2	Ern1	660	656	898	940	959	960	7511	973	1115	1559	985
Upk3b_+_136038760.23-P1P2	Upk3b	607	607	740	746	676	890	5762	733	733	1201	889
Derl1_-_57892108.23-P1P2	Derl1	835	1068	1021	942	914	1123	8113	783	1403	1621	1261
Ulk1_+_110810005.23-P1P2	Ulk1	713	569	772	708	775	830	6217	816	799	1417	988
Fat2_-_55336616.23-P1P2	Fat2	818	567	917	723	892	793	6824	868	998	1414	1093
Cyp2d26_+_82794179.23-P1P2	Cyp2d26	501	420	676	615	631	774	5127	624	733	1045	704
Abca1_-_53159479.23-P1P2	Abca1	1165	1141	1434	1195	1286	1307	11304	1393	1925	2302	1900
Smurf2_-_106920641.23-P1P2	Smurf2	1083	1142	1353	1219	1372	1528	11069	1250	1829	2118	1700
Abca1_+_53159837.23-P1P2	Abca1	258	213	434	302	375	396	3131	359	433	594	516
Tmem106b_+_13069836.23-P1P2	Tmem106b	938	968	750	857	1000	1172	8437	1142	1143	1832	1259
Dnah7b_-_46066856.23-P1P2	Dnah7b	128	208	233	206	244	263	1824	267	365	338	202
Rela_-_5637846.23-P1P2	Rela	633	549	798	616	828	949	6643	835	1346	1322	1053
Rreb1_-_37826062.23-P1P2	Rreb1	633	597	618	713	772	885	6370	665	965	1314	799
Bcl2l1_-_152830428.23-P1	Bcl2l1_P1	1284	1037	1079	1232	1205	1372	9999	1334	1888	2245	1586
Foxo3_+_42276682.23-P1P2	Foxo3	619	621	731	672	660	782	5895	764	1100	1173	758
Hexb_+_97197989.23-P1P2	Hexb	263	266	277	242	287	271	2336	275	336	422	289
non-targeting_02363	non-targeting	730	744	908	630	732	905	6697	762	1027	1245	857
Optn_-_5064000.23-P1P2	Optn	392	368	553	382	450	552	4012	452	778	787	524
Rab39b_-_75578191.23-P1P2	Rab39b	577	642	661	571	728	685	5655	671	1021	990	719
Hspa4_-_53300423.23-P1P2	Hspa4	646	514	799	679	851	806	6619	862	1133	1403	897
Map2k5_+_63377633.23-P1P2	Map2k5	536	591	543	529	595	694	5136	570	638	1152	809
Ube2l3_+_17201287.23-P1P2	Ube2l3	641	681	707	615	793	783	6473	771	915	1501	961
Ftl1_-_45459848.23-P1P2	Ftl1	708	470	749	567	725	824	5404	656	979	988	966
Plcb4_-_135741886.23-ENSMUST00000110109.1	Plcb4	438	475	626	628	582	676	4789	612	714	780	803
Ogt_-_101640301.23-P1P2	Ogt	803	869	1006	747	888	1153	7994	1071	1175	1493	1122
Daxx_+_33909577.23-P1P2	Daxx	355	324	338	310	403	446	3454	391	386	664	383
Ptpn13_+_103425281.23-P1P2	Ptpn13	417	377	568	400	563	551	4205	510	434	925	848
Camk2g_-_20793985.23-P1P2	Camk2g	1030	1011	1239	848	1055	1336	8908	1204	1413	1661	1325
Gtf2h1_-_46796163.23-P1P2	Gtf2h1	793	953	734	802	646	762	6043	783	507	1075	662
Shh_+_28466848.23-P1P2	Shh	439	559	443	608	608	653	5231	554	944	1125	894
Ndufb10_-_24724401.23-P1P2	Ndufb10	1447	1476	2107	1748	1827	2001	14782	2041	2523	3011	2146
Vps41_-_18717318.23-P1P2	Vps41	776	770	1014	772	918	1062	7328	964	1178	1557	845
Ireb2_+_54863776.23-P1P2	Ireb2	994	870	1093	1090	1160	1219	9009	1239	1447	2101	1373
Sirt6_+_81627573.23-P1P2	Sirt6	674	574	821	732	728	918	6328	782	1198	1241	941
Vip_-_5639264.23-P1P2	Vip	519	554	509	466	542	653	4981	505	854	1000	671
Gsto1_+_47855275.23-P1P2	Gsto1	428	455	582	487	619	635	4922	623	789	889	565
Atp5a1_+_77773998.23-P1P2	Atp5a1	636	554	709	603	703	803	5711	745	1059	1341	830
Oprd1_+_132144503.23-P1P2	Oprd1	613	625	740	668	705	839	5902	730	952	1111	996
Ttbk2_+_120850338.23-P1P2	Ttbk2	650	522	711	637	695	755	5605	638	1055	1180	867
Sgcg_+_61258363.23-P1P2	Sgcg	1003	897	1017	834	1090	1113	9143	1162	1403	1903	1373
Fth1_-_9982920.23-P1P2	Fth1	369	338	361	404	393	552	3361	441	737	772	568
Trrap_-_144768321.23-P1P2	Trrap	822	709	1054	627	779	889	6809	857	1068	1474	840
Dagla_+_10304853.23-P1P2	Dagla	640	666	728	644	673	856	6181	663	885	1464	833
Prps1_-_140456630.23-P1P2	Prps1	444	436	629	432	566	625	4157	661	680	900	708
Vapb_+_173737620.23-P1P2	Vapb	610	803	879	715	767	809	6629	786	861	1448	952
Atr_-_95857662.23-P1P2	Atr	586	640	802	690	829	837	6465	730	991	1319	850
Pik3cd_-_149698573.23-P1P2	Pik3cd	1093	829	1134	986	1072	1219	9123	978	1443	1751	1382
Ocln_+_100552210.23-P1P2	Ocln	539	476	666	589	641	675	5393	710	841	1198	980
Prps1_-_140456698.23-P1P2	Prps1	508	569	623	652	658	765	5336	589	971	1020	761
Casp12_+_5345507.23-P1P2	Casp12	832	836	864	801	923	982	8187	1051	1320	1674	1322
Nek1_-_60993252.23-P1P2	Nek1	719	594	811	679	841	940	6876	839	956	1360	809
Gosr2_-_103697512.23-P1P2	Gosr2	767	756	960	693	747	888	6270	687	828	1015	722
Cryab_+_50753271.23-P1P2	Cryab	1013	827	1112	929	975	1075	8826	990	1383	1673	1293
Pou5f1_+_35506072.23-P1P2	Pou5f1	650	426	595	587	631	714	5105	633	711	1138	753
Msc_-_14755873.23-P1P2	Msc	566	526	551	547	550	601	4904	529	734	834	772
Kl_+_150952697.23-P1P2	Kl	775	533	798	790	744	864	6547	785	770	1204	973
Vamp1_+_125215652.23-P1	Vamp1_P1	763	789	1067	744	849	990	7408	918	1312	1455	1286
Scp2_-_108118556.23-ENSMUST00000030340.8	Scp2	509	575	540	556	622	636	4933	691	701	1181	898
Cadm3_-_173367607.23-P1P2	Cadm3	626	476	591	553	608	714	5616	653	831	1007	721
Kif20b_-_34922410.23-P1P2	Kif20b	727	685	707	787	753	849	5929	654	888	1255	970
Pld3_-_27542770.23-P1	Pld3_P1	578	782	936	792	920	941	7162	776	1002	1160	1080
Tead1_+_112679346.23-P1P2	Tead1	511	588	629	571	602	770	5536	691	938	1068	624
Gstm1_+_108017727.23-P1P2	Gstm1	1006	1110	1039	1173	1046	1222	9259	1189	1295	1792	1062
Atp5b_+_128083321.23-P1P2	Atp5b	462	602	712	494	523	594	5314	576	836	891	709
Fzd8_+_9213231.23-ENSMUST00000041080.5	Fzd8	1037	1087	1248	1085	1232	1424	10096	1189	1325	1928	1377
Mmp14_+_54431721.23-P1P2	Mmp14	897	889	947	827	1034	1052	8317	1079	1233	1731	1282
Agpat3_+_78352372.23-P1P2	Agpat3	708	969	1075	755	979	1177	8409	1077	1230	1691	1474
Mgst3_-_167393588.23-P1P2	Mgst3	711	660	859	636	832	836	6535	813	993	1407	789
Oxr1_+_41447313.23-ENSMUST00000110297.2,ENSMUST00000090096.4	Oxr1	718	631	805	681	844	888	6372	804	1110	1194	1115
Tecpr2_-_110889336.23-P1P2	Tecpr2	878	652	937	860	944	1100	7671	1114	1476	1750	1165
Rims2_+_39198630.23-ENSMUST00000082054.5,ENSMUST00000042917.9	Rims2	696	677	955	819	843	858	6995	917	1062	1188	808
Dctn6_+_34108417.23-P1P2	Dctn6	544	696	712	753	596	648	5533	597	992	1152	981
Glrx_-_75839947.23-P1P2	Glrx	782	794	902	735	1013	1057	7709	1039	1201	1623	1090
Rrm2_+_24708328.23-P1P2	Rrm2	900	850	1046	977	995	1069	8430	1085	1304	1806	1165
Ache_-_137288290.23-P1P2	Ache	730	796	1101	911	958	1056	8363	941	1434	1680	1095
Csf2_+_54249610.23-P1P2	Csf2	483	443	368	453	538	518	4186	425	703	760	716
Wnt2b_-_104961648.23-P1P2	Wnt2b	668	768	647	743	844	893	6556	941	1161	1599	941
Lep_+_29060215.23-P1P2	Lep	922	827	859	852	940	1015	7827	911	1648	1617	1272
Cox6c_-_35938001.23-P1P2	Cox6c	622	605	519	532	600	678	4520	528	865	736	722
Psap_-_60277737.23-P1P2	Psap	1145	1040	1144	1172	1271	1301	10460	1410	1375	1855	1625
Cbs_-_31637105.23-P1P2	Cbs	497	439	568	570	596	640	4922	634	747	978	738
Cisd2_-_135423374.23-P1P2	Cisd2	746	623	821	758	856	953	6924	861	1107	1104	1089
Rho_-_115932011.23-P1P2	Rho	507	657	783	640	706	835	6229	800	1007	1370	1070
Gm7030_+_36129111.23-P1P2	Gm7030	813	667	865	738	926	1067	7417	758	1189	1602	1077
Fbxo7_-_86021910.23-P1P2	Fbxo7	707	667	857	929	891	1038	7118	984	1570	1794	1052
Dnajc3_+_118937933.23-P1P2	Dnajc3	768	648	954	753	749	923	7099	782	1060	1458	1095
Inf2_-_112604217.23-P2	Inf2_P2	765	707	760	711	743	875	6790	740	925	1259	752
Hspa1a_-_34971592.23-P1P2	Hspa1a	659	609	658	516	727	862	5551	765	972	1049	862
Scarb1_-_125341031.23-P1P2	Scarb1	765	853	1024	810	978	1095	7690	899	1147	1547	1178
Kcnh4_+_100759460.23-P1P2	Kcnh4	654	730	737	632	790	971	6669	906	886	1427	751
Znhit3_-_84916275.23-P1P2	Znhit3	464	499	709	420	569	581	5037	516	905	949	696
Wnt4_+_137277725.23-P1P2	Wnt4	719	783	958	805	895	1003	6975	959	884	1440	921
Zfp597_+_3884492.23-P1P2	Zfp597	718	779	885	770	817	1146	7671	938	1139	1430	1127
Pdha1_-_160138295.23-P1P2	Pdha1	703	702	641	611	730	781	6347	767	788	997	666
Anxa5_-_36475595.23-P1P2	Anxa5	786	855	1017	777	880	1066	7308	987	1252	1765	1265
Clu_-_65968688.23-P1	Clu_P1	500	459	480	653	552	618	4802	488	722	1017	657
Dcx_-_143932881.23-P1P2	Dcx	718	557	685	687	763	778	6092	751	941	1151	1085
Tfcp2_-_100551760.23-P1P2	Tfcp2	820	655	840	894	901	1117	7629	905	1486	1580	1117
Pank2_-_131262807.23-P1P2	Pank2	447	437	538	407	520	491	4409	598	604	830	794
Prkca_+_108343679.23-P1P2	Prkca	846	723	959	854	840	928	6837	750	1139	1221	1042
Pkd2_-_104459595.23-P1P2	Pkd2	1141	1240	1483	1259	1462	1499	11376	1554	1994	2106	1788
Folr1_-_101870723.23-P1	Folr1_P1	430	409	526	397	568	563	3957	513	567	796	578
Mmp14_+_54431640.23-P1P2	Mmp14	1001	989	1219	1047	1239	1499	10755	1275	1874	2361	1777
Lcn2_+_32387563.23-P1P2	Lcn2	729	806	904	793	869	943	7283	881	1145	1449	1176
Ube2j2_+_155944114.23-P1P2	Ube2j2	724	881	1002	817	805	1035	7150	901	1275	1396	1336
Tomm40_-_19715196.23-P1P2	Tomm40	521	544	644	481	627	705	4744	480	669	1013	780
Gjb1_-_101377320.23-P1P2	Gjb1	671	525	855	676	754	822	6199	701	934	1106	810
Tubb3_+_123411575.23-P1P2	Tubb3	559	642	584	620	674	803	5769	835	974	937	891
Gdap2_+_100162537.23-P1P2	Gdap2	800	840	1008	844	935	1039	7163	883	1216	1320	1068
Cyld_-_88697164.23-P1P2	Cyld	684	553	672	535	614	623	4814	528	986	952	955
Rela_+_5637925.23-P1P2	Rela	605	617	745	543	677	732	5366	681	932	1144	858
Ogg1_-_113327009.23-P1P2	Ogg1	954	788	1156	1078	992	1304	8647	1152	1624	1658	1418
Ttc19_-_62281498.23-P1P2	Ttc19	403	366	458	411	480	585	4137	546	708	866	770
Gstm6_-_107943678.23-P1P2	Gstm6	1047	972	946	879	1149	1208	9145	1104	1398	1846	1194
Snca_-_60829244.23-P1P2	Snca	867	659	1028	858	881	989	7682	997	1151	1614	1112
Ndufa13_+_69902830.23-P1P2	Ndufa13	703	786	934	736	877	906	7370	857	1192	1299	849
Sirt1_+_63338973.23-P1P2	Sirt1	520	599	603	559	608	649	5322	644	784	1245	817
Prx_-_27499365.23-P1	Prx_P1	779	1127	1100	859	1053	1359	9182	1145	1517	2187	1256
Psma2_+_14613362.23-P1P2	Psma2	987	891	1083	1050	1145	1211	9632	1213	1535	1932	1460
Wnt1_+_98790106.23-P1P2	Wnt1	935	952	1016	859	1116	1067	8921	983	1416	1826	1053
Gria2_-_80802659.23-P1P2	Gria2	643	597	735	680	712	844	6122	767	906	1425	993
Sgk1_+_21994709.23-P1P2	Sgk1	510	529	584	557	666	781	5360	627	906	1198	758
Bscl2_+_8837538.23-P2	Bscl2_P2	842	744	782	748	913	981	7335	923	1002	1295	1152
Ube2l6_+_84798886.23-P1P2	Ube2l6	923	996	1093	973	1206	1360	9696	1374	1686	1695	1414
Gstm6_-_107943724.23-P1P2	Gstm6	741	702	1047	833	915	1028	8022	1028	1145	1600	1470
Mapk9_-_49846860.23-P1P2	Mapk9	867	727	961	799	883	1014	7436	949	1021	1494	925
Pdyn_+_129699782.23-P1P2	Pdyn	905	535	847	605	901	934	7133	974	947	1262	1086
Fat2_+_55336542.23-P1P2	Fat2	712	585	777	869	931	908	7000	850	1012	1217	895
Ccdc88a_+_29373669.23-P1P2	Ccdc88a	977	968	933	1172	1180	1377	9447	1087	1293	1727	1683
Ccdc88c_-_101028895.23-P1P2	Ccdc88c	618	668	903	860	777	941	6453	766	1072	1435	936
Rpgrip1_-_52110978.23-P1P2	Rpgrip1	394	350	431	364	427	532	3326	372	688	752	578
Kcnc3_+_44590741.23-ENSMUST00000107907.2	Kcnc3	599	541	629	715	700	595	5354	613	1054	1256	884
Slc25a31_+_40708927.23-P1P2	Slc25a31	650	568	873	654	884	930	6741	895	843	1331	1071
Msx2_+_53472706.23-P1P2	Msx2	755	807	848	784	825	896	6516	852	1103	1499	1024
Ptges_-_30903203.23-P1	Ptges_P1	460	546	402	455	524	638	4246	458	664	854	821
Hspb8_+_116422712.23-P1P2	Hspb8	201	223	172	276	240	231	2021	206	371	434	226
Nr1h2_+_44553921.23-P1P2	Nr1h2	622	594	912	707	725	845	6380	669	1044	1432	958
Ccr2_-_124102195.23-P1P2	Ccr2	434	419	610	518	599	710	4941	590	696	993	538
Hfe_-_23710745.23-P1P2	Hfe	604	744	846	905	759	1071	7212	787	1315	1516	1030
Grn_+_102430501.23-P1P2	Grn	941	950	1007	874	1021	1211	8426	1064	1325	1788	1187
Cacna1f_-_7607164.23-P1P2	Cacna1f	410	480	633	530	477	565	4806	581	600	1126	724
Cat_-_103485045.23-P1P2	Cat	579	627	652	534	669	752	5357	683	797	979	780
Ndrg2_+_51913315.23-P1P2	Ndrg2	745	671	742	596	757	844	6491	846	905	1310	1122
Wnt3a_+_59290510.23-P1P2	Wnt3a	594	651	692	693	671	855	5900	759	912	1314	708
Elovl4_+_83806246.23-P1P2	Elovl4	706	815	858	760	732	777	6488	761	1282	1213	1075
Grid2_+_63256056.23-P1P2	Grid2	1018	1318	1405	1236	1259	1307	11740	1220	1742	2049	1633
Cd200r4_-_44811824.23-P1P2	Cd200r4	596	466	525	544	775	807	5761	699	724	1082	869
Il12a_+_68691437.23-P1P2	Il12a	850	792	1064	932	1077	1196	9361	1014	1476	1562	1137
Pou5f1_+_35506091.23-P1P2	Pou5f1	768	668	763	617	727	723	6133	853	858	1347	1025
Vps13a_-_16780917.23-P1P2	Vps13a	1451	1267	1383	1312	1686	1970	13186	1752	1899	2718	1739
Epha8_+_136956533.23-P1P2	Epha8	532	582	668	647	692	739	5659	751	810	1087	839
Psmb3_-_97703521.23-P1P2	Psmb3	617	627	798	590	692	752	5915	705	1071	1369	944
Dvl3_+_20517133.23-P1P2	Dvl3	386	422	465	391	492	427	3694	479	549	591	456
Dvl1_+_155847508.23-P1P2	Dvl1	508	564	621	579	587	624	4763	689	578	1104	647
Nfkb1_+_135691455.23-P1P2	Nfkb1	818	959	1033	981	878	1122	8418	1007	1245	1424	1219
Grm1_+_11082299.23-P1P2	Grm1	922	765	1216	930	1006	1195	8936	872	1401	2076	1413
Chek2_-_110840063.23-P1P2	Chek2	912	1038	1046	1094	960	1242	9033	994	1336	2055	1081
Ubb_-_62551514.23-P1P2	Ubb	389	452	588	444	581	718	4591	707	764	935	598
Sepsecs_-_52669682.23-P1P2	Sepsecs	377	377	454	367	436	488	3574	467	604	697	436
Cetn1_-_9619445.23-P1P2	Cetn1	743	742	704	602	740	747	5956	770	954	1176	905
Wnt16_-_22288259.23-P1P2	Wnt16	398	501	653	432	608	706	4240	548	684	711	888
Lamp1_-_13159452.23-P1P2	Lamp1	973	945	1029	970	995	1229	8274	1074	1039	1586	1211
Tuba1a_-_98953483.23-P1P2	Tuba1a	783	827	991	841	887	1138	7412	1212	1248	1302	1273
Mtpap_+_4375823.23-P1P2	Mtpap	1128	957	1054	1218	1121	1333	8706	1157	1337	1813	1506
Vamp2_+_69088545.23-P1P2	Vamp2	759	648	1062	824	798	950	6431	799	1024	1538	1010
Coq2_+_100674224.23-P1P2	Coq2	1398	1175	1422	1228	1410	1623	11467	1235	1679	2278	1377
Mgst3_+_167393758.23-P1P2	Mgst3	579	654	779	790	750	776	5694	724	1074	1164	716
Mthfr_+_148039200.23-P1	Mthfr_P1	1282	1181	1458	1200	1477	1518	12368	1393	2022	2196	1644
Scarb1_+_125340968.23-P1P2	Scarb1	788	790	898	821	914	996	7851	883	1041	1608	1403
Fbxo7_-_86021949.23-P1P2	Fbxo7	524	529	596	506	560	672	5104	647	881	932	575
Lcn2_-_32387685.23-P1P2	Lcn2	301	374	392	354	494	512	4004	414	630	607	717
Litaf_-_10993022.23-P1P2	Litaf	1057	1069	1145	1269	1277	1459	10384	1291	1766	2012	1579
Zfp629_-_127615225.23-P1P2	Zfp629	662	679	935	677	740	795	6449	883	987	1404	836
Pdxk_-_78464643.23-P1P2	Pdxk	1081	867	1205	915	1020	1118	8229	1053	815	1358	819
Coasy_-_101082688.23-P1P2	Coasy	957	1147	1154	1211	1174	1241	9422	1226	778	1169	621
Egr2_-_67535511.23-P2	Egr2_P2	657	753	762	749	772	860	6614	744	873	1256	1015
Ndufv1_+_4012630.23-P1P2	Ndufv1	708	606	811	749	782	839	6606	718	1013	1372	875
Sirt5_-_43365707.23-P1P2	Sirt5	565	527	702	500	652	787	5414	543	777	997	767
Sorl1_-_42124063.23-P1P2	Sorl1	567	544	738	621	704	760	5711	711	817	1293	901
Slc18a1_-_69077223.23-P2	Slc18a1_P2	986	856	951	867	1009	1114	8639	1026	1462	1750	1184
Pax6_-_105682547.23-P2	Pax6_P2	542	507	591	459	525	604	4613	553	1066	915	751
Ube2v1_-_167631953.23-P1P2	Ube2v1	378	425	429	531	447	550	3778	550	560	712	652
Endou_-_97720907.23-P1	Endou_P1	480	439	568	463	648	643	4472	540	884	910	566
Cst3_-_148875367.23-P1P2	Cst3	558	526	768	689	683	706	5310	643	705	986	948
Rpgr_+_10216696.23-P1P2	Rpgr	647	650	692	564	686	789	5693	628	818	903	731
Cp_+_19957326.23-P1P2	Cp	468	455	508	613	536	717	4865	573	870	933	595
Plp1_-_136822989.23-P1P2	Plp1	1048	1052	1163	868	1140	1196	9481	1239	1431	1932	1124
Mmp3_-_7445873.23-P1P2	Mmp3	312	285	340	380	370	414	3331	392	572	559	413
Kcnh8_-_52602765.23-P1P2	Kcnh8	636	559	656	622	871	904	6333	817	1039	1118	951
Uqcrc1_-_108936745.23-P1P2	Uqcrc1	584	622	926	635	786	878	6779	960	1186	1323	1217
Cox6c_-_35937926.23-P1P2	Cox6c	445	438	462	586	539	538	4410	529	901	759	630
P2rx7_-_122643936.23-P1P2	P2rx7	781	909	1075	901	869	1022	7713	1145	1192	1675	1322
non-targeting_03124	non-targeting	700	791	776	740	859	759	6939	783	985	1613	960
Slc5a6_-_31048250.23-P1P2	Slc5a6	791	656	758	856	955	1062	7741	837	997	1405	1147
Ndufb6_+_40279304.23-P1P2	Ndufb6	459	423	453	466	479	465	4306	486	658	840	591
Tpp2_+_43934155.23-P1P2	Tpp2	794	735	1039	842	897	1014	8275	919	1230	1502	1174
Atp5b_+_128083388.23-P1P2	Atp5b	635	559	701	575	729	690	5917	806	927	1255	948
Grin2c_-_115267130.23-P1P2	Grin2c	663	705	807	705	833	873	5995	826	1031	1371	851
Psmd2_-_20651783.23-P1P2	Psmd2	399	429	594	414	515	554	4196	527	654	665	505
Tuba1b_-_98934439.23-P1P2	Tuba1b	815	783	1059	920	1024	1095	8672	1040	1596	1913	1531
Ywhaz_+_36793700.23-P1P2	Ywhaz	843	993	987	855	935	1160	8707	1060	1543	1775	1083
Nxnl1_+_71566606.23-P1P2	Nxnl1	439	465	557	701	719	781	5381	786	1004	1146	921
Rhoa_+_108306386.23-P1P2	Rhoa	286	260	300	261	366	329	2487	353	378	480	411
Aspa_+_73324570.23-P1P2	Aspa	787	709	724	754	780	1042	7455	885	1134	1484	992
Dnah9_+_66168311.23-P1P2	Dnah9	645	643	779	637	710	784	5503	653	993	903	830
Qprt_+_127121754.23-P1P2	Qprt	633	740	808	572	752	792	6258	709	1009	1420	993
Ndufs8_+_3912670.23-P1P2	Ndufs8	521	554	645	669	549	629	4466	502	780	984	922
Fis1_-_136953344.23-P2	Fis1_P2	863	901	1142	988	1100	1098	8990	1107	1453	1867	1295
Bcl2l1_-_152830432.23-P1	Bcl2l1_P1	795	677	901	896	875	1022	7222	1051	999	1347	991
Plcb3_+_6969730.23-P1P2	Plcb3	740	748	817	829	823	826	6431	780	1318	1300	931
Plcg1_+_160731723.23-P1P2	Plcg1	558	543	648	551	554	591	4353	640	673	964	772
Shh_+_28466867.23-P1P2	Shh	646	548	733	626	746	842	5789	721	897	1133	919
Dcaf8_-_172148149.23-P1P2	Dcaf8	801	847	1092	829	917	1159	8160	988	1229	1467	1159
Map2k2_-_81106008.23-P1P2	Map2k2	256	432	482	396	472	450	3832	463	487	655	503
Pi4ka_+_17405850.23-P1P2	Pi4ka	825	742	922	762	926	980	7293	1037	1314	1403	1220
Syt14_+_193035645.23-P1P2	Syt14	706	740	821	756	795	1042	7123	920	1203	1823	1008
Ndufs1_-_63176484.23-P1P2	Ndufs1	956	959	1198	843	1087	1194	9323	1013	1312	1729	1458
Cyp7b1_+_18243264.23-P1P2	Cyp7b1	643	572	611	622	574	623	5266	627	811	897	777
Gemin4_-_76243645.23-P2	Gemin4_P2	590	689	652	675	726	897	5986	866	976	1226	1068
Lrp5_-_3686515.23-P1P2	Lrp5	617	629	629	608	563	664	5280	632	735	834	759
Xk_-_9272845.23-P1P2	Xk	569	686	678	611	739	701	5990	734	978	1276	935
Med25_+_44892372.23-P1P2	Med25	828	790	1015	1012	1079	1187	9264	1013	1589	2072	1602
Cbs_-_31637091.23-P1P2	Cbs	1115	1079	1152	1249	1225	1463	10749	1373	1677	2386	1813
Atxn2_+_121711837.23-P1P2	Atxn2	818	936	1031	925	1008	1157	8484	1056	1510	1658	1240
Dnmt1_-_20952783.23-P1P2	Dnmt1	512	614	674	658	688	769	5762	798	687	1136	1070
Tyrobp_-_30413844.23-P1P2	Tyrobp	734	973	1076	868	966	1332	9153	1166	1441	1970	1196
Wdr45_+_7722302.23-P1P2	Wdr45	619	634	617	622	671	849	5813	735	962	1113	704
Srsf7_-_80207265.23-P1P2	Srsf7	978	866	1061	957	1039	1170	8475	1025	1289	1487	1058
Ripk1_+_34002467.23-P1P2	Ripk1	644	574	803	763	782	783	6219	763	967	1227	1023
Atg2a_-_6241716.23-P1P2	Atg2a	643	608	896	708	694	780	6049	669	942	1077	859
Gle1_+_29935497.23-P1P2	Gle1	341	471	570	464	433	410	3701	515	505	716	427
Tomm20_+_126945823.23-P1P2	Tomm20	811	832	812	960	934	1012	7295	978	1344	1626	1177
Sucla2_-_73552813.23-P1P2	Sucla2	448	384	479	444	495	566	3707	389	615	732	659
Slc44a1_+_53440528.23-P1P2	Slc44a1	644	710	797	678	819	912	6198	857	1023	1310	984
Ntf5_-_45413923.23-P1P2	Ntf5	982	1052	1157	874	1047	1226	8598	984	1481	1935	1255
Nrtn_-_56757489.23-P1P2	Nrtn	619	596	649	580	646	809	5367	635	819	1262	736
Fdps_-_89101520.23-P1P2	Fdps	410	449	451	485	447	621	4085	460	492	849	540
Pgp_-_24470512.23-P1P2	Pgp	323	444	412	423	512	408	3888	516	661	762	573
Scn11a_-_119825450.23-P1P2	Scn11a	497	383	659	561	554	643	4610	617	662	984	828
Adrm1_+_180171681.23-P1P2	Adrm1	943	733	891	699	916	967	7675	1084	915	1512	1006
Atxn1_+_45964961.23-P1P2	Atxn1	763	698	702	637	816	823	6670	800	934	1108	943
Map2k5_-_63377839.23-P1P2	Map2k5	558	574	818	524	691	757	5525	656	787	960	797
Ache_+_137288302.23-P1P2	Ache	697	659	741	710	772	887	6475	751	1201	1441	876
Grin1_-_25319148.23-P1P2	Grin1	809	754	858	572	876	754	6327	782	996	1345	931
Tpp1_+_105752156.23-P1P2	Tpp1	389	466	587	420	543	571	4039	534	547	789	509
Sqstm1_-_50202926.23-P2	Sqstm1_P2	518	331	497	422	486	562	3889	517	549	772	684
Cxcl13_+_95956955.23-P1P2	Cxcl13	395	385	449	526	576	510	4291	424	885	687	488
Grin1_+_25319087.23-P1P2	Grin1	838	841	1029	925	1047	1166	7881	895	1251	1621	1402
Bap1_+_31251530.23-P1P2	Bap1	789	804	918	679	787	1018	6907	862	1008	1312	1129
Pvalb_+_78203804.23-P2	Pvalb_P2	395	366	464	352	419	433	3202	378	562	731	614
Maoa_+_16619838.23-P1P2	Maoa	604	483	790	669	697	893	5783	822	852	1172	920
Gusb_+_130002857.23-P1P2	Gusb	593	555	701	551	681	714	5273	617	852	1226	553
Padi4_+_140774212.23-P1	Padi4_P1	317	328	425	383	478	469	3759	424	604	610	559
Socs3_-_117969116.23-P1P2	Socs3	1127	972	1368	1053	1088	1402	10478	1304	1600	2231	1507
Cdk5r1_+_80477060.23-P1P2	Cdk5r1	686	870	1020	819	1002	1085	7599	914	1286	1567	1114
Prph_+_99055180.23-P1P2	Prph	436	333	462	464	446	576	4095	467	582	746	617
Casp3_-_46617501.23-P1P2	Casp3	647	629	771	766	779	834	6361	848	1090	1314	893
Stc1_-_69029491.23-P1P2	Stc1	544	522	798	677	694	896	5796	683	1075	1123	808
Cdk5_-_24423533.23-P1P2	Cdk5	784	817	900	918	961	1096	7556	1054	1254	1398	1092
Socs3_-_117968973.23-P1P2	Socs3	707	706	888	699	797	890	6924	855	1058	1320	1030
Ccr2_+_124102198.23-P1P2	Ccr2	793	815	942	752	810	921	7161	861	1375	1190	983
Arhgef5_-_43265697.23-P1P2	Arhgef5	707	615	803	687	777	790	6328	830	991	1096	807
Fasl_-_161788306.23-P1P2	Fasl	202	255	306	284	338	416	3068	345	445	604	329
Cd200r4_+_44812022.23-P1P2	Cd200r4	616	580	782	829	777	849	6511	730	781	1267	1077
Myc_-_61985596.23-P1P2	Myc	386	459	457	382	373	485	3610	554	597	721	632
Pde4a_+_21165780.23-P2	Pde4a_P2	729	712	679	632	677	884	6261	681	915	1284	1035
Zfyve1_+_83597133.23-P1P2	Zfyve1	843	792	1113	806	953	1220	7845	989	1676	1470	1052
Nars2_-_96951589.23-P1P2	Nars2	887	708	759	839	1016	1183	7894	1021	1268	1503	957
Zbtb20_+_43621411.23-P1P2	Zbtb20	353	409	298	268	325	350	2652	320	322	470	556
Psmd6_-_14120902.23-P1P2	Psmd6	597	587	655	552	561	732	4639	577	644	1009	582
Tubb5_+_35838212.23-P1P2	Tubb5	361	614	586	529	659	692	5199	623	823	913	1059
Scyl1_-_5771367.23-P1P2	Scyl1	1939	2186	2170	1842	2124	2463	17169	1975	2921	3521	2637
Ptges_+_30930090.23-P2	Ptges_P2	528	623	693	573	556	677	4809	594	842	1019	811
Ppt1_-_122836275.23-P1P2	Ppt1	1255	1407	1638	1458	1579	1941	13682	1559	2151	2817	2123
Atp5a1_-_77774018.23-P1P2	Atp5a1	734	695	1044	845	946	1074	7610	1080	1069	1727	1305
Ubqln4_+_88553813.23-P1P2	Ubqln4	596	605	755	516	548	701	5188	651	652	902	735
Dntt_-_41029488.23-P1P2	Dntt	397	406	535	472	477	560	3945	450	659	887	680
Trpc3_-_36690101.23-P1P2	Trpc3	724	775	992	963	916	905	7558	1003	1314	1446	926
Hmbs_-_44344138.23-P2	Hmbs_P2	784	727	906	815	958	1091	7772	866	1130	1498	1480
Ifnb1_-_88522832.23-P1P2	Ifnb1	1066	1038	1131	919	1091	1326	9498	1113	1309	1830	1384
Ctnnb1_+_120933507.23-P1P2	Ctnnb1	650	569	854	730	901	987	7042	874	1060	1329	1170
Stmn1_-_134469783.23-P2	Stmn1_P2	707	812	957	747	805	943	7014	797	1207	1311	1081
Bap1_-_31251541.23-P1P2	Bap1	860	863	1103	991	1044	1113	8524	1016	1380	1741	1165
Psmd4_+_95042523.23-P1P2	Psmd4	563	530	650	580	566	612	4786	615	762	917	618
Pdxk_+_78464464.23-P1P2	Pdxk	1004	937	1076	1023	1107	1122	9202	1146	1036	1709	1130
Chat_+_32460867.23-P1	Chat_P1	715	625	874	642	832	938	6626	932	1038	1335	810
Wwox_+_114439724.23-P1P2	Wwox	358	410	527	397	582	615	4587	498	613	707	677
Foxo3_+_42276676.23-P1P2	Foxo3	921	876	895	955	1101	1085	8288	960	1215	1545	1262
Cetn1_+_9619474.23-P1P2	Cetn1	778	745	999	861	895	986	7445	984	1283	1331	1074
Cbs_-_31637172.23-P1P2	Cbs	444	341	398	404	425	576	3613	432	780	849	474
Rmdn3_+_119156858.23-P1P2	Rmdn3	498	488	647	461	590	740	5621	618	898	1205	788
Bag6_+_35135271.23-P1P2	Bag6	630	649	683	557	703	747	6031	703	961	1224	751
Ddhd1_+_45657910.23-P1P2	Ddhd1	739	714	718	562	705	833	5989	796	894	1037	926
Abcb1a_-_8660089.23-P1P2	Abcb1a	709	800	938	801	884	1022	7235	969	1106	1309	1369
Tango2_+_18343833.23-P1P2	Tango2	726	566	681	709	642	946	5546	741	829	1241	734
Samd9l_+_3399326.23-P1P2	Samd9l	395	448	366	378	445	603	4013	533	728	806	676
Slc18a2_+_59261120.23-P1P2	Slc18a2	961	903	1258	934	1098	1318	9330	1186	1359	1994	1424
Epo_+_137533188.23-P1P2	Epo	250	344	474	437	388	429	3247	444	812	844	529
Ppp2r2b_-_43059479.23-ENSMUST00000025377.7	Ppp2r2b	941	1033	1124	943	900	1056	8179	1004	1108	1670	1367
Prdm12_-_31639772.23-P1P2	Prdm12	749	573	563	706	718	799	6279	677	885	1220	819
Psmd9_-_123228313.23-P1P2	Psmd9	1066	840	1001	906	1123	1053	9172	1169	1312	1774	1267
Ndufs8_+_3912676.23-P1P2	Ndufs8	173	298	299	310	323	296	2370	296	369	535	426
Eif2b2_+_85219543.23-P1P2	Eif2b2	811	619	724	610	656	663	5129	572	745	1023	744
non-targeting_01000	non-targeting	514	566	563	573	551	656	4752	620	568	1040	673
Prx_+_27507865.23-P2	Prx_P2	706	777	746	764	749	905	6344	735	1219	1436	877
Kynu_-_43555621.23-P1P2	Kynu	337	299	498	389	417	444	3347	411	639	705	316
1600014C10Rik_-_38183947.23-P1P2	1600014C10Rik	647	527	626	725	712	809	5818	653	843	1092	722
Elk1_-_20950478.23-P1P2	Elk1	583	723	716	812	799	1006	6936	885	1204	1352	988
Mbp_+_82554597.23-P1P2	Mbp	674	641	705	770	891	863	7377	852	1248	1403	1158
Sds_+_120476578.23-P1P2	Sds	793	688	1232	753	963	1115	7503	916	1276	1534	1247
Ndufa9_-_126849097.23-P1P2	Ndufa9	167	180	148	169	189	236	1418	158	313	261	222
Zap70_-_36762073.23-P1P2	Zap70	521	732	921	875	870	979	6973	913	1021	1384	1178
Prickle2_+_92706198.23-P1	Prickle2_P1	1091	1058	1120	1004	1271	1500	10451	1412	1573	1981	1710
Ndufv1_-_4012638.23-P1P2	Ndufv1	664	427	781	556	641	821	5382	753	910	1243	895
Jund_+_70698955.23-P1P2	Jund	1190	1190	1392	1299	1448	1385	10764	1351	2017	2521	1648
Kcnc1_-_46396751.23-P1P2	Kcnc1	1291	1138	1355	1196	1297	1449	10886	1423	1802	2375	1991
Ube2l6_+_84798937.23-P1P2	Ube2l6	814	797	968	874	957	967	8282	932	1384	1698	1296
Aspa_+_73324377.23-P1P2	Aspa	796	913	1044	934	960	1104	8446	973	1521	1898	1293
Ndufs6_+_73328240.23-P1P2	Ndufs6	888	869	1018	803	973	1080	8163	948	1240	1359	1186
Tnfrsf1b_+_145246844.23-P1P2	Tnfrsf1b	287	335	293	286	346	324	2700	371	404	434	296
P4hb_-_120572778.23-P1P2	P4hb	816	910	945	815	1002	1014	8304	846	1174	1724	1304
Morc2b_+_33139609.23-P1P2	Morc2b	441	425	501	452	505	652	3847	417	623	690	540
Anxa11_-_25842254.23-P1P2	Anxa11	1007	1006	1308	1140	1269	1329	10704	1214	1787	2122	1651
Esr1_+_4710188.23-P1P2	Esr1	769	782	701	690	834	892	7272	865	1136	1374	734
Pla2g1b_+_115466267.23-P1P2	Pla2g1b	411	394	503	530	415	520	3930	430	640	824	627
Hap1_+_100356048.23-P1P2	Hap1	815	548	673	866	803	883	6316	836	746	1392	1046
Pdyn_+_129699806.23-P1P2	Pdyn	523	490	609	478	586	693	5568	594	830	1162	802
Htra2_-_83054341.23-P1P2	Htra2	545	548	517	601	579	639	4713	702	514	739	432
Atg2a_+_6241735.23-P1P2	Atg2a	602	836	880	774	819	969	7342	975	1253	1346	1004
Pars2_-_106651178.23-P1P2	Pars2	537	574	609	595	685	756	5542	653	888	1094	773
Eif4g2_+_111081521.23-P2	Eif4g2_P2	299	426	386	299	328	364	3228	322	516	706	655
Pla2g5_-_138819166.23-P1P2	Pla2g5	693	625	811	696	710	972	6667	754	1014	1287	950
Cd8a_+_71373561.23-P1P2	Cd8a	330	330	450	382	469	481	3777	491	658	714	494
Gabarap_+_69991612.23-P1P2	Gabarap	579	602	790	637	615	788	5545	609	970	1242	907
Dlg4_+_70018470.23-P1	Dlg4_P1	472	345	492	463	519	596	4099	565	621	863	584
Cd36_+_17835635.23-P1P2	Cd36	776	661	720	692	827	975	6727	838	1051	1560	840
Ndrg2_+_51913331.23-P1P2	Ndrg2	624	591	764	649	766	865	6309	703	786	1331	895
Cyp2d12_-_82555439.23-P1P2	Cyp2d12	796	739	867	666	781	930	7001	764	869	1306	1139
Nop56_-_130274481.23-P1P2	Nop56	599	670	769	622	679	900	6323	827	276	463	203
Klc3_+_19404084.23-P2	Klc3_P2	707	644	822	675	760	852	6646	883	1124	1422	1065
Cox7b_-_106016034.23-P1P2	Cox7b	544	575	615	578	579	823	5436	517	640	1190	801
Grid2_-_63256051.23-P1P2	Grid2	855	716	735	829	924	1031	7648	880	1070	1449	1051
Kcna3_-_107036184.23-P1P2	Kcna3	839	875	913	815	1050	1102	8182	1103	1159	1784	1379
Chrna7_+_63212492.23-P1P2	Chrna7	673	598	808	531	703	742	5893	791	970	1119	770
Ttc19_+_62281680.23-P1P2	Ttc19	507	611	729	643	662	729	5524	640	1085	1047	735
Wnt3_+_103774221.23-P1P2	Wnt3	373	410	509	532	502	470	4331	459	726	1036	685
Raf1_-_115676542.23-P1P2	Raf1	726	860	909	735	771	920	6910	705	1112	1138	827
Slc17a5_-_78587960.23-P1P2	Slc17a5	490	463	618	477	560	698	4643	553	824	811	747
Cd36_+_17835616.23-P1P2	Cd36	697	684	951	647	791	885	7106	812	1276	1402	1184
Tmem175_-_108629892.23-P1P2	Tmem175	788	705	643	765	694	866	6315	758	1016	1341	922
Ddah1_+_145758750.23-P1P2	Ddah1	605	692	894	702	721	972	6969	894	1013	1094	944
Htr1a_+_105444080.23-P1P2	Htr1a	449	527	535	547	704	719	5589	801	886	1246	759
Trpm2_-_77969792.23-P1P2	Trpm2	788	945	1104	943	1024	1371	8823	1208	1476	1900	1260
Actr1a_-_46395669.23-P1P2	Actr1a	1155	1372	1167	1203	1385	1296	10790	1141	1769	2145	1715
Cyp2d26_-_82794044.23-P1P2	Cyp2d26	1040	1167	1127	1397	1308	1291	10431	1155	1668	1992	1454
Reep2_+_34840696.23-P1P2	Reep2	690	803	799	727	813	896	6120	749	1018	1233	1086
Nqo2_+_33964925.23-P1P2	Nqo2	899	903	1108	980	1218	1141	8761	1115	1628	1621	1212
Stxbp1_+_32847158.23-P1P2	Stxbp1	903	764	992	875	846	1027	6737	770	702	1520	917
Sugp1_+_70043104.23-P1P2	Sugp1	593	444	495	526	590	627	4913	660	710	915	633
Nfkbia_+_55492411.23-P1P2	Nfkbia	639	633	797	696	685	828	6597	823	1131	1105	1113
Il13_+_53634645.23-P1P2	Il13	714	768	668	807	690	819	6015	808	893	1305	919
Wnt10b_+_98778569.23-P1P2	Wnt10b	539	426	493	495	606	552	4649	495	733	888	905
Cd40lg_+_57212113.23-P1P2	Cd40lg	922	995	1202	931	1111	1276	9557	1167	1464	1741	1575
Psmc1_-_100110367.23-P1P2	Psmc1	531	666	741	553	242	285	2286	217	131	165	66
Mmp14_-_54431683.23-P1P2	Mmp14	255	258	308	301	246	267	2364	193	530	584	503
Gad2_+_22622551.23-P1P2	Gad2	513	504	573	430	518	623	4517	629	891	963	830
Camk2a_+_60925698.23-P1P2	Camk2a	503	467	626	471	540	548	4742	553	603	1058	589
Setx_+_29125225.23-P1P2	Setx	893	949	948	1039	1185	1125	9368	1061	1531	1945	1406
Trp53_-_69580422.23-P1P2	Trp53	801	713	894	827	958	1072	7249	920	888	1522	1060
Ascl1_-_87493665.23-P1P2	Ascl1	607	642	758	693	687	883	6071	686	863	1277	1016
Slc8a3_-_81333126.23-P1P2	Slc8a3	765	793	824	754	874	1055	7168	820	1162	1605	1116
Nes_+_87971151.23-P1P2	Nes	409	637	748	571	596	837	5465	663	849	1074	826
Slc1a1_+_28835178.23-P1P2	Slc1a1	694	682	621	732	758	928	6993	850	1186	1389	1031
Rab11a_-_64737669.23-P1P2	Rab11a	381	319	415	335	385	490	3467	433	485	669	559
Wnt11_+_98838983.23-P2	Wnt11_P2	565	441	717	591	598	670	4989	619	709	892	841
Prkra_+_76647955.23-P1P2	Prkra	860	695	941	770	956	965	7999	904	1262	1871	1162
Wipi2_-_142629634.23-P1P2	Wipi2	644	601	685	627	672	726	5841	793	1140	1214	1054
Atg14_-_47568363.23-P1P2	Atg14	704	869	884	846	841	881	7124	898	1242	1364	833
Lrrk2_+_91673654.23-P1P2	Lrrk2	402	296	357	388	414	458	3514	459	462	674	439
Camk2b_-_6065328.23-P1P2	Camk2b	475	405	538	344	498	515	4288	505	694	853	483
Ptpn13_-_103425250.23-P1P2	Ptpn13	467	558	755	545	588	690	5370	547	788	1038	805
Dctn4_-_60526287.23-P1P2	Dctn4	565	492	688	533	567	615	5106	661	863	906	884
Clcc1_+_108653943.23-P1P2	Clcc1	511	468	623	415	535	577	4403	474	735	860	632
Serpina3a_-_104113104.23-P1P2	Serpina3a	735	732	920	894	969	1109	7855	862	1125	1352	910
Ywhae_+_75732983.23-P1P2	Ywhae	686	634	781	689	900	1017	7287	889	1222	1409	1253
Wdr45_-_7722276.23-P1P2	Wdr45	274	297	249	366	269	322	2645	319	462	507	364
Tubb3_+_123411571.23-P1P2	Tubb3	458	439	623	455	625	545	4777	630	975	845	730
Mfsd8_-_40846813.23-P1P2	Mfsd8	688	641	663	672	644	797	5654	745	850	1101	732
Xbp1_-_5520963.23-P1P2	Xbp1	570	562	751	610	626	690	4772	555	450	981	718
Atp7a_+_106027272.23-P1P2	Atp7a	570	624	637	669	673	781	5799	657	877	1054	913
Ndufa11_-_56717818.23-P1P2	Ndufa11	953	724	1044	785	960	1059	7922	953	1312	1484	985
Anp32a_+_62341769.23-P1P2	Anp32a	1182	1335	1319	1219	1453	1778	12371	1565	1812	2259	1604
Atf2_+_73892600.23-P1P2	Atf2	708	867	836	915	897	941	7532	950	1027	1640	988
Pi4ka_-_17405814.23-P1P2	Pi4ka	627	562	685	556	744	761	5917	764	1007	1229	884
Pax6_+_105668973.23-P1	Pax6_P1	332	404	401	267	490	578	4111	499	537	917	600
Timp3_-_86300642.23-P1P2	Timp3	587	611	675	580	672	746	5689	618	728	1075	729
Nefl_+_68084097.23-P1P2	Nefl	753	827	947	908	812	1017	7525	850	1244	1434	1155
Calm4_-_3837988.23-ENSMUST00000042219.4	Calm4	572	586	644	531	651	649	5764	700	907	1179	911
Ucp2_+_100498207.23-P2	Ucp2_P2	608	581	650	597	767	768	5830	792	941	1163	686
Elovl4_-_83806210.23-P1P2	Elovl4	689	581	718	620	701	885	5388	733	1004	1139	754
Prx_-_27507833.23-P2	Prx_P2	784	836	787	624	888	985	6785	979	1003	1319	643
Unc80_+_66468506.23-P1P2	Unc80	778	835	873	732	731	853	6625	771	1194	1468	1088
Gba_+_89203321.23-P1P2	Gba	706	843	980	779	1015	958	7176	867	1226	1365	1206
Dagla_+_10304891.23-P1P2	Dagla	829	792	904	799	1107	1065	8222	1005	1335	1601	1198
Nes_+_87971085.23-P1P2	Nes	533	458	644	475	649	550	4280	636	755	908	695
Zap70_+_36761880.23-P1P2	Zap70	675	647	742	774	715	878	5947	803	994	1148	793
Hdac1_+_129542388.23-P1P2	Hdac1	769	723	961	788	975	1082	7972	981	1138	1631	896
Ubc_-_125389749.23-P1P2	Ubc	678	690	956	784	970	1048	7488	866	1283	1385	1014
Cyp2u1_-_131303134.23-P1P2	Cyp2u1	520	447	590	461	519	614	4538	525	722	954	583
Surf1_+_26916327.23-P1P2	Surf1	882	843	1053	999	966	1179	8636	1199	1083	1664	1367
Dvl3_-_20517098.23-P1P2	Dvl3	954	779	1082	913	1111	1298	8856	1078	1506	1773	1422
Ntf3_-_126164915.23-P1	Ntf3_P1	1164	1004	1203	1113	1247	1351	10090	1088	1600	2206	1454
Tat_-_109990472.23-P1P2	Tat	555	492	630	533	570	669	5164	696	821	977	611
Endou_+_97731332.23-P2	Endou_P2	1316	1318	1467	1221	1428	1634	12158	1387	2036	2529	1951
Cisd2_+_135423384.23-P1P2	Cisd2	657	674	761	603	634	862	5534	768	993	1068	740
Keap1_-_21239229.23-P1P2	Keap1	294	314	301	336	430	406	3163	375	449	760	424
Cox7a2_-_79759504.23-P1P2	Cox7a2	726	734	776	688	763	799	6566	833	1012	1417	1021
Aif1_+_35172605.23-P1P2	Aif1	247	294	374	271	330	327	2469	261	370	640	554
Mpv17_+_31154179.23-P1P2	Mpv17	557	555	514	536	544	721	4877	692	742	1097	684
C9_+_6445428.23-P1P2	C9	492	438	397	463	484	470	3938	527	699	653	443
Tubb5_-_35838186.23-P1P2	Tubb5	807	767	1000	747	853	1112	8164	1068	1137	2180	1317
Cox6b1_-_30626065.23-P1P2	Cox6b1	630	639	628	638	684	819	6004	654	958	1202	975
Ndufs7_-_80249478.23-P1P2	Ndufs7	466	488	515	503	592	569	4528	602	703	1062	607
Agtpbp1_-_59557314.23-P1P2	Agtpbp1	592	644	1047	790	808	838	7545	812	1135	1590	1007
Atp5d_+_80142389.23-P1P2	Atp5d	714	661	778	627	768	710	5882	685	888	1221	729
Vdac3_-_22593696.23-P1P2	Vdac3	452	579	639	674	663	846	6097	703	820	1376	922
Psen2_+_180229952.23-P2	Psen2_P2	904	1008	1137	850	955	1223	8311	903	1673	1444	1242
Notch1_+_26503800.23-P1P2	Notch1	562	576	636	662	579	679	5607	726	665	991	897
Vps13d_+_144974622.23-ENSMUST00000097796.2	Vps13d	565	643	734	613	798	818	6775	744	978	1383	807
Endou_-_97721092.23-P1	Endou_P1	761	556	685	633	707	762	5642	653	875	1156	835
non-targeting_01274	non-targeting	650	467	496	568	639	613	4772	575	658	1029	549
Tyrp1_-_80834288.23-P1P2	Tyrp1	540	706	873	782	858	840	6873	845	1231	1453	1045
Gosr1_+_76763558.23-P1P2	Gosr1	499	521	554	478	639	698	5120	680	749	924	595
Prps1l3_-_57230633.23-P1P2	Prps1l3	690	705	724	574	636	789	5626	673	875	996	847
Grm1_+_11082296.23-P1P2	Grm1	1169	1054	1226	1018	1097	1342	9390	1140	1502	2103	1467
Klc1_-_111758894.23-P1P2	Klc1	671	625	774	677	783	1064	7075	865	856	1311	831
Stub1_+_25832891.23-P1P2	Stub1	569	598	581	548	516	566	4599	599	590	872	486
Kat2b_-_53567034.23-P1P2	Kat2b	353	452	514	459	475	606	3813	437	498	673	445
Emilin1_-_30913796.23-P1P2	Emilin1	874	952	1070	946	997	1235	8444	1226	1574	1903	1188
Coasy_-_101082648.23-P1P2	Coasy	867	721	969	733	952	982	7544	900	1120	1368	1182
Il13ra1_-_36112139.23-P1P2	Il13ra1	579	564	782	818	749	817	6505	852	919	1398	898
Adora2b_+_62249024.23-P1P2	Adora2b	674	602	715	626	724	837	5832	787	1166	1094	698
Kynu_+_43555367.23-P1P2	Kynu	633	696	847	826	992	1016	7905	938	1123	1459	937
Bscl2_+_8837571.23-P2	Bscl2_P2	396	462	575	529	526	505	4520	600	750	1238	722
Atp13a2_+_140986925.23-P1P2	Atp13a2	579	524	689	550	593	623	5256	754	724	1207	845
Slc52a2_+_76538908.23-P1P2	Slc52a2	820	924	1022	769	1088	1303	8725	989	1285	1548	1155
Phex_+_157415283.23-P1P2	Phex	746	876	1066	758	874	1081	8258	1011	1538	1811	1413
Dbh_-_27165594.23-P1P2	Dbh	379	431	494	439	503	534	4220	496	577	736	633
Dao_+_114003899.23-P1P2	Dao	859	739	1011	884	913	1068	8075	961	1307	1589	1292
Nlrp3_-_59541842.23-P1	Nlrp3_P1	343	388	428	362	473	572	3905	500	762	682	649
Dstyk_-_132417633.23-P1P2	Dstyk	778	848	1051	812	898	1013	7183	897	1280	1385	1045
Fn1_-_71653133.23-P1P2	Fn1	845	730	940	735	967	1133	7824	918	1346	1792	1252
Slc1a3_-_8710382.23-P1P2	Slc1a3	830	667	1004	729	867	894	7672	928	1092	1500	1075
Hspa14_-_3512696.23-P1P2	Hspa14	691	711	882	853	799	1123	7126	1029	1074	1468	1316
Tjp1_-_65371239.23-P1P2	Tjp1	594	540	693	563	720	840	5802	667	816	926	792
Ins2_-_142679636.23-P1	Ins2_P1	783	757	968	793	832	1047	7385	909	1173	1590	1052
Map3k11_-_5689784.23-P1	Map3k11_P1	757	881	975	829	922	1100	7640	925	1425	1792	1166
Clcn7_+_25133640.23-P1P2	Clcn7	1089	998	948	962	708	930	4517	845	226	395	265
Kif1b_+_149307670.23-P1P2	Kif1b	655	673	796	587	785	851	6311	866	1054	1321	892
Ar_-_98149738.23-P1P2	Ar	850	706	914	813	778	1010	7214	796	1193	1482	1133
Hace1_-_45577879.23-P1P2	Hace1	630	773	964	815	844	976	7008	788	1406	1337	923
Toe1_-_116807488.23-P1P2	Toe1	856	826	886	869	943	1143	8364	921	1077	1446	1211
Vim_+_13574332.23-P1P2	Vim	873	941	1168	1223	1316	1413	10251	1324	1783	2179	1599
Slc25a38_+_120110461.23-P1	Slc25a38_P1	450	652	590	484	630	646	4853	632	903	993	754
Nbr1_-_101552920.23-P1P2	Nbr1	705	600	679	777	771	840	6130	742	996	1081	805
Vegfb_-_6987631.23-P1P2	Vegfb	609	749	583	625	686	828	5876	863	871	1193	900
Polr3k_-_181864441.23-P1P2	Polr3k	687	629	901	795	745	756	6092	634	605	826	395
Nqo2_-_33964794.23-P1P2	Nqo2	632	469	542	536	702	738	5691	802	847	974	754
Pabpc4_+_123282723.23-P1P2	Pabpc4	665	726	837	563	814	869	6131	769	844	1246	781
Padi2_-_140924478.23-P2	Padi2_P2	1187	1189	1080	1043	1151	1292	9846	1086	1369	1836	1406
Tjp1_+_65371187.23-P1P2	Tjp1	766	890	848	781	880	1064	7675	999	1067	1636	1229
Xpnpep1_-_53038537.23-P1P2	Xpnpep1	743	817	1068	864	924	1032	8075	1003	1137	1580	1063
Kif5a_-_127263078.23-P1P2	Kif5a	914	1008	1133	861	1085	1247	9059	1168	1237	1753	963
Exoc2_-_30974032.23-P1P2	Exoc2	783	721	825	839	819	995	6996	954	984	1436	872
Atxn10_+_85336402.23-P1P2	Atxn10	330	386	422	342	250	357	2146	256	113	148	67
Adm_-_110627856.23-P1P2	Adm	623	629	670	573	675	781	5135	642	853	1152	844
Atp5b_+_128083324.23-P1P2	Atp5b	572	488	633	571	780	665	5438	690	562	828	726
Trpm7_-_126876003.23-P1P2	Trpm7	525	694	783	644	824	902	6265	657	1137	1371	788
Rela_+_5637873.23-P1P2	Rela	465	366	569	419	459	565	4097	493	592	906	548
Prdm8_+_98180942.23-P1P2	Prdm8	589	479	626	538	573	628	4885	524	899	925	684
Calml4_+_62858135.23-P1P2	Calml4	324	436	445	311	391	485	3414	432	513	907	537
Fzd6_-_39006340.23-P1P2	Fzd6	1003	823	1203	1088	1228	1272	9329	1211	1693	1857	1494
Slc30a10_-_185455067.23-P1P2	Slc30a10	747	952	1102	889	922	1033	7981	969	1306	1907	976
non-targeting_03685	non-targeting	645	684	845	636	728	1005	6706	824	1035	1170	849
Ppp3cc_-_70289453.23-P1P2	Ppp3cc	857	738	854	875	866	1059	6951	767	930	1305	1032
Ndufb5_-_32737287.23-P1P2	Ndufb5	691	714	803	601	701	687	5467	749	887	994	764
Eif2s2_+_154892651.23-P1P2	Eif2s2	591	704	608	647	718	772	5683	705	870	1100	880
Bid_+_120916818.23-P1P2	Bid	819	1070	1009	956	1075	1291	8451	1084	1292	1683	1348
Hsd17b6_-_128007565.23-P1P2	Hsd17b6	496	459	624	479	601	676	5007	561	989	900	616
Uqcrfs1_+_30545267.23-P1P2	Uqcrfs1	1054	718	1148	819	963	1110	8413	1011	1264	1701	1284
Rrm2_-_24708283.23-P1P2	Rrm2	844	637	849	733	839	932	6912	854	1114	1428	1004
Cnp_+_100575190.23-P1P2	Cnp	585	632	800	723	752	785	5845	547	938	1175	891
Chmp2b_+_65562686.23-P1P2	Chmp2b	610	652	838	702	762	979	6650	954	1041	1232	991
Hdac4_+_92148348.23-ENSMUST00000008995.8	Hdac4	862	870	779	824	985	1175	8592	1137	1534	1793	1181
Apbb1_-_105581267.23-P1P2	Apbb1	1114	1164	1351	1184	1220	1263	9966	1350	1629	1986	1513
Vdac2_-_21831552.23-P1P2	Vdac2	471	435	630	394	478	646	4466	528	644	912	658
Hip1_+_135544863.23-P1P2	Hip1	368	365	518	495	634	483	4260	501	791	994	627
Cox7c_-_86046444.23-P1P2	Cox7c	675	774	961	713	943	1161	7976	984	1640	1354	1451
Clu_+_65969847.23-P2	Clu_P2	556	716	691	590	766	787	6173	727	941	1316	633
Tubb3_+_123411546.23-P1P2	Tubb3	889	865	1058	883	1105	1095	8914	1175	1233	1819	1170
Grin2d_-_45866637.23-P1	Grin2d_P1	702	665	744	524	770	906	6190	689	1071	1298	770
Tfrc_+_32609204.23-P1P2	Tfrc	519	532	586	569	635	742	5008	554	532	960	664
Plcb1_-_134786221.23-P1P2	Plcb1	804	595	852	753	856	926	6637	933	1063	1496	909
Csf1r_-_61105946.23-P1P2	Csf1r	745	615	676	657	759	1013	6850	853	1207	1291	1012
Psma2_-_14613287.23-P1P2	Psma2	813	639	904	746	868	1013	7104	974	1201	1368	1111
Cox8a_-_7217550.23-P1P2	Cox8a	696	681	808	966	936	1147	8183	914	1088	1589	975
Gpbp1_+_111489821.23-P1P2	Gpbp1	1049	1014	1281	1086	1235	1240	9487	1205	1563	2042	1529
Psen1_-_83688223.23-P1P2	Psen1	478	434	521	471	421	549	4358	453	937	681	404
Ndufb6_+_40279349.23-P1P2	Ndufb6	990	1281	1124	1043	1412	1509	11062	1356	1801	2422	1542
Mecp2_+_74085617.23-P1P2	Mecp2	399	317	417	321	458	476	3316	373	382	603	424
Inf2_+_112604186.23-P2	Inf2_P2	1498	1297	1627	1410	1599	1647	13320	1682	2006	2728	1826
Mthfr_+_148039185.23-P1	Mthfr_P1	719	634	674	766	900	882	6799	808	1168	1470	963
Ccs_-_4839276.23-P1P2	Ccs	1011	1047	1163	1192	1220	1415	10391	1397	1483	1925	1730
Aars2_-_45506859.23-P1P2	Aars2	684	675	630	595	664	793	5599	786	888	899	503
Cav1_+_17307836.23-P1	Cav1_P1	609	508	640	546	611	788	5178	727	909	1325	894
Gm11127_-_36058443.23-P1P2	Gm11127	492	517	601	556	660	756	5581	658	718	874	646
Uqcrb_+_66905348.23-P1P2	Uqcrb	598	606	641	523	694	744	5696	710	908	920	899
Slc52a3_+_151999923.23-P2	Slc52a3_P2	574	526	663	611	624	753	5733	712	1025	1003	787
Nkx6-2_-_139582760.23-P1P2	Nkx6-2	742	592	660	615	703	746	6026	621	1038	1241	923
Cabin1_+_75764171.23-P1P2	Cabin1	632	582	793	558	735	886	6129	784	1077	1242	1138
Map1b_+_99516276.23-P1P2	Map1b	1033	890	1216	960	1227	1207	9419	1175	1589	1878	1284
Fbln5_-_101818829.23-P1P2	Fbln5	721	700	1000	787	768	879	6741	855	1100	1587	991
Atn1_-_124756685.23-P1P2	Atn1	512	534	760	567	507	710	5021	527	663	1009	800
F2rl3_-_72762014.23-P1P2	F2rl3	557	600	824	541	702	764	5866	578	990	1230	969
Dnajc13_+_104262871.23-P1P2	Dnajc13	425	462	527	519	523	627	4321	509	698	957	456
Cdk6_+_3343932.23-P1P2	Cdk6	618	552	711	560	766	810	6107	805	1129	1180	993
Ccl2_+_82035669.23-P1P2	Ccl2	555	469	776	538	647	738	6013	688	1040	1130	971
Dctn5_-_122133105.23-P1P2	Dctn5	857	720	755	715	841	877	6870	877	795	1390	1088
Hpx_+_105600056.23-P1P2	Hpx	817	700	1003	761	906	969	7141	953	1352	1562	944
Atp13a2_+_140986997.23-P1P2	Atp13a2	658	728	799	693	993	943	6886	912	878	1419	1017
Thg1l_+_45955436.23-P1P2	Thg1l	683	928	935	761	815	1012	7060	759	214	524	366
non-targeting_03422	non-targeting	1029	1008	933	1195	1240	1333	10162	1149	1944	2231	1645
Uchl4_-_64235216.23-ENSMUST00000039011.3	Uchl4	247	202	185	250	222	276	1791	213	229	394	212
Aifm1_+_48513389.23-P1P2	Aifm1	767	859	1119	983	1074	1207	8868	1050	1437	1594	1215
Psmd11_+_80428698.23-P1P2	Psmd11	568	531	725	557	719	772	5101	541	723	926	869
Wipi1_+_109611323.23-P1P2	Wipi1	621	658	892	679	809	851	6389	815	997	1304	972
Nptx1_-_119547563.23-P1P2	Nptx1	877	837	885	676	888	998	7973	1183	1152	1459	1420
Clcn2_-_20717711.23-P2	Clcn2_P2	1039	1024	1307	1157	1176	1306	9833	1190	1331	1506	1239
Gad1_+_70562220.23-P1P2	Gad1	330	401	437	410	435	478	3537	390	510	699	667
Pmpca_-_26389373.23-P1P2	Pmpca	806	777	867	667	939	882	7007	833	776	1249	856
Nudt1_-_140331986.23-P1P2	Nudt1	834	841	1089	1067	954	1267	8705	1052	1392	1813	1167
Lgi1_-_38264864.23-P1P2	Lgi1	291	323	374	360	416	387	3416	379	420	810	560
Adm_+_110627707.23-P1P2	Adm	558	519	671	602	685	776	5593	718	900	1098	812
Gria4_+_4796023.23-P1P2	Gria4	209	388	360	340	319	420	3268	347	348	681	566
Sema6a_-_47368810.23-P1P2	Sema6a	341	339	426	334	429	445	3159	470	357	637	407
Hspa8_-_40801473.23-P1	Hspa8_P1	737	698	873	702	755	731	6053	670	1047	997	774
Srr_-_74925660.23-P1P2	Srr	375	439	446	392	621	585	3995	452	665	676	718
Ndufa7_-_33824679.23-P1P2	Ndufa7	675	566	737	693	775	846	6181	762	1172	1227	966
Plxna4_-_32587983.23-P1P2	Plxna4	693	659	981	890	867	955	7328	909	1011	1503	994
Itgam_-_128062890.23-P1P2	Itgam	829	890	1087	904	1113	1387	8821	1030	1463	1591	1342
Hspa1a_-_34972130.23-P1P2	Hspa1a	888	809	1028	864	872	1021	8061	1026	1197	1891	1275
Mag_+_30914750.23-P1P2	Mag	616	492	661	722	715	738	5384	659	1037	1147	1044
P2ry2_-_101011957.23-P1P2	P2ry2	888	785	939	912	1083	1171	8199	964	1360	1743	1102
Dock2_+_34783836.23-P1P2	Dock2	562	812	605	579	770	780	6081	748	916	1100	734
Bcl6_-_23988342.23-P1P2	Bcl6	512	587	732	679	702	805	5663	758	1038	1326	752
Fgf14_-_124192838.23-ENSMUST00000026631.5	Fgf14	1238	1163	1296	980	1378	1352	10802	1432	1825	2169	1703
Ptbp2_+_119783171.23-P1P2	Ptbp2	513	513	682	559	580	731	4793	572	796	754	587
Sptan1_+_29965674.23-P1P2	Sptan1	638	640	883	746	801	1022	6858	900	1014	1439	967
Grin2d_-_45866980.23-P1	Grin2d_P1	451	498	718	582	639	677	5666	820	923	1049	962
Bicd2_-_49341814.23-P1P2	Bicd2	508	506	630	667	592	722	4997	582	996	1160	907
Ndufs7_+_80249501.23-P1P2	Ndufs7	636	710	889	659	884	862	6346	760	1106	1282	1081
Asah1_-_41374575.23-P1P2	Asah1	691	534	700	678	706	729	5938	689	1150	1090	938
Slc25a31_-_40709187.23-P1P2	Slc25a31	770	781	1103	788	884	1073	7814	787	1285	1732	1062
Pde4a_+_21196782.23-P1	Pde4a_P1	451	507	577	547	584	596	4660	580	886	1011	804
Tppp_+_74009531.23-P1P2	Tppp	567	734	854	737	791	839	6561	881	1099	1221	811
Plcb4_+_135805593.23-ENSMUST00000035646.4	Plcb4	802	687	887	697	875	943	7026	823	1258	1229	1023
Aqp4_+_15403607.23-P1P2	Aqp4	781	825	1032	802	848	880	7352	906	1100	1726	972
Serpina1d_+_103773136.23-P1P2	Serpina1d	532	636	792	791	769	749	6427	793	1100	1219	1035
Calb1_-_15881274.23-P1P2	Calb1	716	1070	1081	973	1121	1084	8815	1012	1206	1658	1325
Lox_+_52529548.23-P1P2	Lox	731	837	756	750	894	1008	7116	1034	1152	1267	1041
Sptlc3_-_139494186.23-P1P2	Sptlc3	960	910	989	840	997	1033	8774	1090	1205	1728	1119
Stx1a_-_135023598.23-P1	Stx1a_P1	935	753	987	815	1010	1063	8391	952	1196	1650	1059
Derl1_-_57892419.23-P1P2	Derl1	934	846	1103	864	1056	1200	8544	993	1448	1927	1107
Cyp2d9_+_82452522.23-P1P2	Cyp2d9	999	720	948	857	869	920	7314	941	1269	1507	1147
Atf2_-_73892596.23-P1P2	Atf2	523	466	519	566	626	665	5035	493	658	754	728
Nlrp3_-_59542076.23-P1	Nlrp3_P1	720	625	866	784	814	1016	7243	818	1301	1822	1198
Itpr1_-_108213149.23-P1P2	Itpr1	458	537	691	677	595	652	5189	632	829	1053	705
Actb_+_142905648.23-P2	Actb_P2	1103	1183	1301	1197	1435	1451	10950	1372	1762	2196	1683
Itpr2_-_146502170.23-P1P2	Itpr2	854	752	904	816	935	940	7492	907	1166	1456	1215
Fgf2_+_37348305.23-ENSMUST00000138563.2	Fgf2	588	742	803	746	898	836	6830	856	1037	1251	1038
Camk2b_-_6065530.23-P1P2	Camk2b	1109	1023	1157	1026	1126	1255	9368	1148	1538	2249	1316
Trim2_-_84220891.23-P1	Trim2_P1	630	733	669	875	780	846	6858	897	1200	1369	933
Pcsk1n_+_7919900.23-P1P2	Pcsk1n	683	815	1062	760	1045	1095	7985	925	1230	1585	1257
Tsen2_-_115544721.23-P1P2	Tsen2	357	401	431	287	372	382	3179	403	161	289	204
Actb_-_142906709.23-P1	Actb_P1	779	801	906	778	920	1040	7342	825	1255	1466	1050
Nox1_-_134111770.23-P1P2	Nox1	600	743	708	652	873	746	6449	871	1199	1255	858
Itm2b_+_73368394.23-P2	Itm2b_P2	660	582	775	673	720	669	5753	854	1074	1124	865
Cant1_-_118418990.23-P1P2	Cant1	638	500	724	576	678	824	5709	595	946	911	834
Hfe_-_23710759.23-P1P2	Hfe	983	1141	1252	1131	1225	1424	10726	1245	1731	2268	1312
Pde4a_+_21165789.23-P2	Pde4a_P2	684	830	757	747	729	830	6616	813	1225	1273	1112
Prkra_+_76647966.23-P1P2	Prkra	565	534	762	701	749	836	6186	849	845	1117	1098
Grin2a_+_9994996.23-P1P2	Grin2a	540	570	601	511	609	735	4732	610	623	1019	651
Vps53_+_76179574.23-P1P2	Vps53	339	326	384	251	321	289	2327	302	491	387	230
Fgf13_-_59134701.23-P1P2	Fgf13	740	643	896	786	1071	1285	8231	1051	1459	1443	1237
Zfp106_+_120563792.23-P1P2	Zfp106	716	754	957	835	924	1146	8097	945	1315	1648	1253
Atp5j_+_84834847.23-P1P2	Atp5j	373	319	464	355	465	466	3574	403	750	633	714
Cryab_+_50753296.23-P1P2	Cryab	979	1102	1101	942	1078	1306	9124	1122	1320	1901	1633
Psen2_-_180229921.23-P2	Psen2_P2	706	737	763	754	787	919	7085	832	1113	1366	1142
Vip_+_5639312.23-P1P2	Vip	613	570	668	717	689	870	6310	882	898	1536	857
Ifnb1_+_88522782.23-P1P2	Ifnb1	934	739	814	761	915	947	7034	851	1094	1464	1121
App_+_85173636.23-P1P2	App	811	785	1077	859	872	1025	7851	1047	1135	1807	1417
Decr1_+_15945214.23-P1P2	Decr1	714	760	869	722	735	790	6178	714	977	1367	1103
Cox5a_+_57521334.23-P1P2	Cox5a	651	819	809	708	829	992	7543	818	1081	1618	1257
Syne1_+_5550549.23-ENSMUST00000041639.5	Syne1	569	528	653	518	574	658	4691	658	638	972	524
Dvl3_+_20517155.23-P1P2	Dvl3	638	652	926	836	852	952	6938	788	920	1252	1171
Dlg4_+_70024020.23-P2	Dlg4_P2	485	462	530	435	531	541	4213	571	662	1050	723
Kat2a_+_100712412.23-P1P2	Kat2a	735	460	807	701	723	820	6192	718	1192	1329	848
H2-M10.1_-_36326117.23-ENSMUST00000025322.7	H2-M10.1	1584	1430	1654	1519	1661	1845	14154	1714	1923	2680	2107
Calm3_+_16923936.23-ENSMUST00000019514.9	Calm3	907	938	1224	864	1152	1210	9575	1032	1431	1978	1412
Gdnf_-_7811114.23-P1P2	Gdnf	767	922	939	648	818	884	6582	842	1202	1408	819
Sst_+_23890839.23-P1P2	Sst	899	940	884	920	1040	1210	8997	1151	1593	1902	1343
Psmd6_+_14120710.23-P1P2	Psmd6	945	822	1044	1053	987	1035	8205	1043	1343	1444	1176
Hdac6_+_7947573.23-P1P2	Hdac6	613	578	1044	691	864	1008	6813	983	1171	1349	1301
Rasgrf1_+_89910180.23-P1P2	Rasgrf1	813	509	906	706	797	965	6817	856	1161	1384	1048
Blmh_-_76945785.23-P1P2	Blmh	584	548	683	684	835	910	6245	665	902	1321	879
Kctd7_+_130145149.23-P1P2	Kctd7	529	599	797	650	688	676	5147	695	835	1070	847
Pon1_-_5193769.23-P1P2	Pon1	515	523	782	659	652	627	5806	744	913	1142	1034
Plcg1_+_160731287.23-P1P2	Plcg1	383	441	458	520	535	600	4607	579	659	728	475
Parp1_-_180568997.23-P1P2	Parp1	711	777	937	810	890	1062	7779	1116	1175	1411	1163
Elavl4_+_110287469.23-P1P2	Elavl4	883	1087	1418	1128	1204	1422	9640	1328	1423	2103	1230
Mgrn1_+_4886349.23-P1P2	Mgrn1	590	690	779	777	722	879	6384	729	987	1227	991
Inf2_+_112588832.23-P1	Inf2_P1	818	732	868	849	909	850	7637	978	1247	1760	1181
Eno2_-_124769471.23-P1P2	Eno2	653	752	923	781	858	1168	7150	965	1201	1632	1124
Htt_+_34761793.23-P1P2	Htt	719	639	908	852	713	764	5850	742	841	1197	924
Nos3_+_24364860.23-P1P2	Nos3	771	743	929	838	863	913	7515	852	1019	1656	900
non-targeting_04036	non-targeting	295	402	465	393	525	507	4166	430	803	853	555
Cntf_-_12765358.23-P1P2	Cntf	889	825	952	905	1079	1189	8256	1234	1425	1666	1306
Atf4_+_80255517.23-P1P2	Atf4	225	117	289	207	297	366	2525	279	320	443	347
Tomm40l_+_171222250.23-P1P2	Tomm40l	624	675	798	564	708	678	5857	858	924	1300	854
non-targeting_04298	non-targeting	293	309	419	365	454	555	3746	472	862	610	368
Clcn7_-_25133411.23-P1P2	Clcn7	712	754	975	707	801	1045	7694	1054	1133	1745	1224
Dab1_-_104367643.23-P1P2	Dab1	801	701	1009	679	717	821	6059	768	1002	1291	930
Mpo_-_87794166.23-P1P2	Mpo	516	457	625	529	617	666	5302	605	693	951	695
Pik3cb_+_99140168.23-P1P2	Pik3cb	931	912	1328	1059	1266	1305	9290	1275	1397	1805	1551
Tsn_+_118311165.23-P1P2	Tsn	91	118	181	96	108	147	934	173	137	170	153
H2-M10.3_+_36367925.23-ENSMUST00000073546.3	H2-M10.3	455	437	590	406	514	504	4006	582	689	768	512
Plcb4_+_135741857.23-ENSMUST00000110109.1	Plcb4	588	556	741	599	713	715	5852	697	647	1122	874
Aptx_-_40702951.23-P1P2	Aptx	486	422	591	498	641	699	5228	588	790	935	740
H2-M1_-_36672144.23-P1P2	H2-M1	571	560	619	567	702	715	5947	868	922	1147	892
non-targeting_02573	non-targeting	491	444	536	463	547	654	4535	615	487	835	598
Egfr_+_16752295.23-P1P2	Egfr	752	861	974	716	799	1017	7347	1013	1055	1365	904
Casp7_+_56397264.23-P1P2	Casp7	1092	1215	1507	1425	1454	1622	12146	1566	1769	2183	1815
Ccdc88c_-_101028785.23-P1P2	Ccdc88c	584	626	724	662	648	803	5572	798	1040	1011	911
Fadd_+_144582409.23-P1P2	Fadd	761	704	790	604	764	916	6790	728	925	1132	994
Hspg2_-_137468853.23-P1P2	Hspg2	798	817	793	793	930	978	8110	1047	1333	1625	1138
Prkra_-_76648007.23-P1P2	Prkra	626	768	879	770	826	889	6768	868	1106	1557	1074
Fa2h_-_111393800.23-P1P2	Fa2h	689	929	969	884	1026	1130	7907	1030	1055	1656	1352
Egr2_+_67535563.23-P2	Egr2_P2	659	754	837	739	812	973	7014	900	1201	1624	1078
Clcn2_+_20716073.23-P1	Clcn2_P1	488	411	376	430	388	498	3682	450	624	727	349
Ctnnb1_-_120933567.23-P1P2	Ctnnb1	671	599	728	576	729	803	5457	624	726	1094	900
Serpina3b_-_104128012.23-P1P2	Serpina3b	268	297	414	317	371	457	3241	376	422	562	431
Aaas_-_102350610.23-P1P2	Aaas	308	316	481	431	371	432	3524	348	472	632	545
Ndufa1_+_37191150.23-P1P2	Ndufa1	718	618	772	659	703	782	5811	707	970	1282	851
Adrm1_-_180171639.23-P1P2	Adrm1	502	596	605	513	510	664	4429	544	775	951	585
Grid2_+_63256046.23-P1P2	Grid2	698	835	1039	832	972	982	7880	905	1194	1879	1164
Mapk12_+_89140624.23-P1P2	Mapk12	530	617	588	540	763	745	5764	603	945	1222	622
Mcu_-_59616409.23-P1P2	Mcu	441	592	679	616	760	753	5632	728	1117	1141	881
H2-M11_+_36547306.23-ENSMUST00000041964.6	H2-M11	501	511	632	505	585	674	5161	567	835	954	621
Trip4_+_65885061.23-P1	Trip4_P1	1164	1128	1351	1038	1375	1442	10906	1516	1415	2054	1663
Gabpa_+_84835482.23-P1P2	Gabpa	588	437	625	622	649	697	4958	597	704	1070	688
Slc52a3_+_151996618.23-P1	Slc52a3_P1	515	442	675	505	641	639	5316	555	845	968	637
Fggy_+_95557792.23-P1	Fggy_P1	375	340	551	528	565	615	4307	594	758	779	574
Aimp1_+_132683625.23-P1P2	Aimp1	745	682	651	572	668	850	5630	684	1036	1344	1052
Map2k7_+_4238919.23-P1P2	Map2k7	677	637	761	612	796	732	6126	700	1038	1468	867
F2rl3_+_72761969.23-P1P2	F2rl3	488	558	716	571	794	816	6176	689	1042	1121	948
Esr1_+_4710236.23-P1P2	Esr1	576	544	719	645	705	766	6028	754	806	1109	893
Comt_-_18426364.23-P1P2	Comt	1048	1000	1130	897	1111	1330	9631	1143	1287	1831	1663
Ang4_-_51773244.23-P1P2	Ang4	243	218	370	336	331	378	2593	342	544	356	451
Ap4m1_-_138172147.23-P1P2	Ap4m1	328	367	394	464	489	452	3676	497	414	706	399
Park7_+_150914429.23-P2	Park7_P2	478	539	548	658	672	716	5241	638	698	1098	780
H2-T24_-_36020512.23-P1P2	H2-T24	441	358	361	420	381	439	3466	314	610	633	617
Aimp1_-_132683847.23-P1P2	Aimp1	802	766	1024	827	1006	1031	7988	1019	1333	1965	1302
Ubqln4_-_88553822.23-P1P2	Ubqln4	1116	926	1309	1014	1166	1276	9107	1146	1584	1818	1229
Alg14_-_121292020.23-P1P2	Alg14	653	513	664	672	695	829	5586	625	915	992	637
Ubb_-_62551708.23-P1P2	Ubb	861	953	1101	989	1063	1157	8864	986	1405	1558	1269
Cd55_+_130462445.23-P1P2	Cd55	492	542	585	634	561	625	4675	592	835	980	730
Mfge8_+_79149027.23-P1P2	Mfge8	527	436	573	511	612	637	5029	569	982	1052	748
Zfp629_-_127615237.23-P1P2	Zfp629	675	659	938	730	890	944	6340	757	1084	1155	1085
Ube2v1_-_167631950.23-P1P2	Ube2v1	484	613	520	522	664	755	5220	565	721	983	819
Ddit3_-_127290891.23-P1P2	Ddit3	295	394	523	506	470	503	4063	527	747	932	751
Kif1b_+_149307686.23-P1P2	Kif1b	706	760	856	893	860	1061	7152	880	874	1495	1056
Ptges_+_30930061.23-P2	Ptges_P2	552	574	721	594	727	829	5966	811	805	1123	761
Inf2_-_112588803.23-P1	Inf2_P1	691	521	734	568	713	712	5957	719	1009	1018	764
Bean1_-_104170634.23-P1P2	Bean1	626	751	679	735	740	786	6267	675	1296	1215	1061
Adm_+_110627693.23-P1P2	Adm	1035	921	1189	820	1025	1136	8524	1205	1278	1759	1265
Gabarapl1_-_129533274.23-P1P2	Gabarapl1	363	538	505	423	386	525	3711	497	614	820	560
Cd40lg_+_57212182.23-P1P2	Cd40lg	470	376	426	446	468	609	4293	589	740	915	686
non-targeting_03964	non-targeting	868	821	955	779	900	1080	7886	927	1176	1382	1246
Dnajb2_-_75236518.23-P1P2	Dnajb2	694	643	623	480	785	927	6059	682	962	1309	767
Cox4i2_+_152754399.23-P1P2	Cox4i2	585	600	638	569	661	694	5418	631	1042	1009	882
Ttc19_+_62281504.23-P1P2	Ttc19	631	701	897	905	871	990	7716	936	1337	1443	913
Rtn4_-_29692997.23-P1P2	Rtn4	329	378	673	517	515	567	3998	456	753	915	660
Trpv4_-_114658346.23-P1P2	Trpv4	543	436	606	674	661	672	5350	789	658	979	685
Sirt7_+_120624958.23-P1P2	Sirt7	372	412	446	446	422	459	3900	463	661	720	639
Ube3a_-_59228865.23-P1P2	Ube3a	321	520	555	529	577	659	4866	650	737	987	709
Ezh2_+_47594962.23-P1P2	Ezh2	967	705	827	866	891	1063	8199	1008	1115	1625	1241
Prx_-_27508075.23-P2	Prx_P2	737	923	965	865	912	1132	8027	1080	1333	1684	1354
Trex1_-_109058976.23-P1P2	Trex1	669	655	763	717	762	805	6756	693	1291	1616	760
Pcsk1n_+_7919897.23-P1P2	Pcsk1n	885	936	1045	948	1076	1185	8418	997	1369	1760	1180
Erbb2_+_98412583.23-P1P2	Erbb2	1041	1073	1228	1046	1277	1473	10650	1468	1800	2105	1666
Chrm3_-_9878910.23-ENSMUST00000063093.9	Chrm3	701	751	801	660	830	917	6846	785	1169	1310	946
Map3k11_+_5688807.23-P2	Map3k11_P2	743	794	691	781	786	959	6486	762	1123	1237	911
Ndufa12_+_94199149.23-P1P2	Ndufa12	981	851	997	1040	1017	1050	7786	994	1182	1439	1158
Pnpla6_+_3516907.23-P2	Pnpla6_P2	1009	1014	1171	1026	1148	1251	9465	1105	1372	1779	1109
Abcb1b_-_8798163.23-P1P2	Abcb1b	703	597	738	695	889	927	7060	857	996	1337	1057
Sqstm1_-_50210764.23-P1	Sqstm1_P1	601	648	827	684	731	792	6434	788	874	1429	979
Ppp3ca_-_136670237.23-P1P2	Ppp3ca	454	381	513	389	506	448	3966	472	592	837	616
Capn2_-_182517489.23-P1P2	Capn2	764	662	604	477	736	768	6236	663	1200	1171	950
Gaa_+_119268056.23-P1P2	Gaa	991	950	999	1035	1095	1311	9043	1134	1528	1935	1398
Cox6b2_+_4752937.23-P1P2	Cox6b2	466	540	599	582	662	739	5270	720	862	1141	888
Hspa8_-_40802627.23-P2	Hspa8_P2	472	432	612	431	635	576	4748	572	715	1123	551
Ctrl_+_105933660.23-P1P2	Ctrl	526	352	524	533	500	470	4041	498	793	907	654
S100b_-_76253977.23-P1P2	S100b	516	550	609	518	569	638	5333	650	815	1016	889
Canx_+_50325599.23-P1P2	Canx	494	472	604	497	671	615	5153	569	805	1265	656
Mapk14_-_28691446.23-P1P2	Mapk14	567	409	433	480	553	619	4888	485	720	854	708
Mmp9_-_164948267.23-P1P2	Mmp9	802	836	1072	983	1053	1180	8315	1145	1373	1729	1209
non-targeting_02763	non-targeting	666	710	920	679	785	827	6593	975	963	1195	1055
Klc1_-_111758936.23-P1P2	Klc1	768	635	817	801	836	1085	6981	874	1270	1598	1153
Tmem184b_+_79403248.23-P1P2	Tmem184b	477	585	593	615	621	781	5198	635	715	1081	945
Cyld_-_88697118.23-P1P2	Cyld	728	836	744	770	720	941	6370	800	1144	1156	901
Axin2_-_108920851.23-P1P2	Axin2	445	352	455	439	500	496	4166	534	662	803	692
Ptprc_-_138175231.23-P1P2	Ptprc	629	799	823	664	722	737	6161	664	1003	1129	884
Atf6_-_170867702.23-P1P2	Atf6	650	678	663	638	784	822	6059	691	828	1164	1037
Pdha1_-_160138336.23-P1P2	Pdha1	610	793	821	852	847	938	6996	910	1194	1326	867
Ubqln4_-_88554037.23-P1P2	Ubqln4	954	1009	1009	997	1010	1270	8752	1195	1409	1740	1396
Acox1_-_116198811.23-P1P2	Acox1	486	491	613	466	533	549	4573	597	752	866	670
Psma5_-_108257314.23-P1P2	Psma5	308	420	487	477	554	602	4411	479	739	873	654
Nos1_+_117841946.23-P1P2	Nos1	652	578	851	684	851	1000	6887	835	997	1383	920
Uqcrq_+_53430786.23-P1P2	Uqcrq	434	300	384	317	385	498	3020	352	646	618	474
Maoa_+_16619858.23-P1P2	Maoa	457	329	472	370	473	491	3965	510	720	824	623
Pum1_+_130663464.23-P1P2	Pum1	718	561	849	797	794	895	6746	856	1033	1232	976
Pdha1_-_160138333.23-P1P2	Pdha1	1071	972	1310	1196	1248	1144	9906	1486	1560	1853	1422
Pkd2_-_104459565.23-P1P2	Pkd2	1221	1242	1544	1366	1488	1619	12055	1402	1914	2608	1850
Foxo1_+_52268467.23-P1P2	Foxo1	626	538	704	588	618	801	5966	710	826	1329	593
Vdac2_-_21831585.23-P1P2	Vdac2	980	1230	1266	1066	1272	1523	10700	1136	1575	1919	1374
Uchl3_-_101654055.23-P1P2	Uchl3	716	699	825	700	814	786	6635	812	1153	1229	988
Atp6ap2_+_12587852.23-P1P2	Atp6ap2	479	398	656	507	516	527	4196	511	704	884	569
Hspb8_+_116422767.23-P1P2	Hspb8	280	211	312	295	291	331	2205	339	329	512	483
Psma5_-_108257414.23-P1P2	Psma5	471	497	614	606	737	746	5376	641	838	889	865
Eif2ak2_+_78882497.23-P1P2	Eif2ak2	1247	1518	1416	1496	1649	1889	13236	1682	2401	2840	1892
Eef2_+_81176662.23-P1	Eef2_P1	732	913	856	790	648	712	5061	615	428	589	426
Hspg2_-_137468800.23-P1P2	Hspg2	754	683	819	722	937	1014	7016	926	1201	1513	1061
Endou_+_97731342.23-P2	Endou_P2	749	671	852	707	820	858	6576	802	1283	1389	955
Ndufa4l2_+_127515063.23-P1P2	Ndufa4l2	415	308	523	392	391	392	3231	320	652	681	528
Vamp2_+_69088592.23-P1P2	Vamp2	809	865	1084	908	1055	1220	8816	1101	1438	1655	1508
Neurod1_+_79456606.23-P1P2	Neurod1	661	749	762	697	633	668	5442	621	948	1449	1202
Ralgps2_-_156939315.23-P1P2	Ralgps2	797	540	653	715	750	944	6259	752	956	1175	806
Atp5h_+_115419950.23-P1P2	Atp5h	714	681	697	766	778	873	6556	756	1126	1297	994
Mtmr2_+_13749203.23-P1P2	Mtmr2	674	612	778	703	789	792	6402	627	944	1152	948
Hsd17b6_-_128007562.23-P1P2	Hsd17b6	639	666	736	627	759	748	5827	900	1096	1206	749
Atxn1l_+_109737649.23-P1P2	Atxn1l	1003	880	1078	950	1081	1205	8896	1025	1178	1584	1334
Ctsf_+_4855202.23-P1P2	Ctsf	592	586	763	555	780	841	6238	760	893	1344	834
Serpina3n_-_104406806.23-P1P2	Serpina3n	357	374	424	377	419	644	3821	521	618	735	474
Gsk3a_+_25237652.23-P1P2	Gsk3a	374	351	482	357	449	547	4058	575	501	723	396
Ascc1_+_60002889.23-P1P2	Ascc1	801	806	923	817	964	1103	8047	925	1016	1302	976
Vwa3b_-_37153976.23-P1P2	Vwa3b	571	637	748	599	794	723	6130	631	884	1296	906
Sybu_+_44752151.23-P1P2	Sybu	793	575	835	637	705	774	5913	678	1100	1207	802
Cacna1f_-_7607170.23-P1P2	Cacna1f	754	741	972	815	806	909	7222	886	1203	1399	1197
Atp5d_+_80142413.23-P1P2	Atp5d	579	627	758	708	676	780	5883	636	912	1051	705
Pqbp1_+_7899206.23-P1P2	Pqbp1	943	1112	1028	1082	1150	1306	9761	1334	1680	2248	1364
Cx3cr1_+_120068250.23-P1P2	Cx3cr1	968	1238	1216	1113	1240	1654	10822	1483	1706	2375	1556
Dnah7b_-_46067066.23-P1P2	Dnah7b	842	578	846	748	846	996	6964	811	1212	1399	1024
Mfge8_-_79148973.23-P1P2	Mfge8	668	624	827	664	766	802	6545	794	1088	1159	869
Uba7_-_107983044.23-P2	Uba7_P2	801	845	995	806	807	1034	7551	865	1165	1450	1069
Atp5e_-_174464090.23-P1P2	Atp5e	751	753	1062	767	918	1029	7324	958	1171	1401	1258
Pin1_+_20652200.23-P1P2	Pin1	567	530	613	574	525	673	4438	538	665	930	901
Hexa_-_59539687.23-P1P2	Hexa	802	948	807	885	972	998	7897	832	1183	1651	1178
Cox6b2_-_4752988.23-P1P2	Cox6b2	536	650	839	734	837	866	6859	842	1191	1362	912
Psma3_+_70974681.23-P1P2	Psma3	748	770	938	925	992	1210	8123	946	1167	1712	1135
Acbd5_+_23069114.23-P1P2	Acbd5	713	573	672	684	641	835	5671	565	836	1231	860
Pmp22_+_63131597.23-P1	Pmp22_P1	463	535	683	623	645	750	5479	593	1106	994	638
Gabarap_+_69991681.23-P1P2	Gabarap	437	563	586	526	552	623	4622	556	728	813	522
Abca1_-_53159853.23-P1P2	Abca1	526	499	829	670	686	731	5886	794	968	1399	981
Cd200r1_-_44765853.23-P1P2	Cd200r1	727	561	683	619	755	800	5478	690	1090	1318	911
Hspb8_+_116422850.23-P1P2	Hspb8	703	775	943	673	830	1005	7157	920	1213	1350	1310
Grin2d_-_45866986.23-P1	Grin2d_P1	632	611	856	721	665	794	6131	802	969	1243	1131
Sox2_+_34650273.23-P1P2	Sox2	596	640	694	681	727	771	5786	718	870	951	923
Pik3cg_+_32208598.23-P1P2	Pik3cg	602	666	625	654	740	776	6199	749	964	1130	762
Klc4_-_46645133.23-P1P2	Klc4	751	831	1077	727	863	1006	7396	928	1052	1416	979
Atp5h_-_115419906.23-P1P2	Atp5h	739	646	873	682	859	909	6405	835	893	1336	859
Tsen54_-_115814790.23-P1P2	Tsen54	591	489	589	516	639	693	5137	637	760	987	737
non-targeting_04059	non-targeting	801	1077	1031	1047	768	889	6090	730	848	1150	809
Bid_+_120916794.23-P1P2	Bid	520	626	666	576	644	727	5661	711	824	1355	694
Gm7030_-_36129425.23-P1P2	Gm7030	676	723	1085	799	870	925	7932	788	1168	1627	1079
H2-M10.5_+_36773117.23-ENSMUST00000041531.6	H2-M10.5	847	786	908	682	909	1036	7660	881	1389	1514	1214
Ryr1_-_29125066.23-P1P2	Ryr1	796	676	890	746	982	1071	8162	996	1254	1830	1311
Apcs_-_172894925.23-P1P2	Apcs	991	934	1097	932	1037	1283	8821	1000	1352	1645	1187
Klf4_-_55532394.23-P1P2	Klf4	227	242	297	213	225	307	2242	291	300	570	218
Clcc1_-_108653984.23-P1P2	Clcc1	811	1056	1361	1014	1014	1313	9469	1247	1434	1813	1163
Kcne3_-_100178725.23-P1	Kcne3_P1	863	688	783	801	792	886	7159	793	1153	1273	1042
Erlin2_-_27023831.23-P1P2	Erlin2	881	746	1097	986	1017	1124	8500	1165	1648	1454	1447
Ndufa3_+_3617370.23-P1P2	Ndufa3	1133	743	820	839	894	948	7301	836	1224	1300	1051
Klc3_+_19399890.23-P1	Klc3_P1	844	766	1227	933	1148	1205	8443	911	1252	1593	1381
H2-M1_-_36672179.23-P1P2	H2-M1	650	798	798	639	840	800	6136	788	1051	1150	1182
Rtn2_-_19291114.23-P1	Rtn2_P1	517	593	482	536	683	758	5458	640	960	825	788
Bak1_-_27028533.23-P1P2	Bak1	796	591	912	702	891	878	6450	855	1295	1485	893
Wnt16_+_22288320.23-P1P2	Wnt16	752	753	784	804	797	939	6830	904	1106	1268	1165
Trp73_+_154096892.23-P2	Trp73_P2	907	1026	1224	1029	1075	1273	9547	1197	1434	1933	1317
Oprd1_+_132144506.23-P1P2	Oprd1	587	590	712	527	625	701	4961	664	846	1219	1014
Abca1_-_53159810.23-P1P2	Abca1	875	721	1044	1041	956	1243	9186	1012	1550	1820	1367
Rab8a_-_72161361.23-P1P2	Rab8a	422	415	516	524	548	703	4431	609	740	759	595
Acsbg1_-_54661717.23-P1P2	Acsbg1	809	790	901	777	982	1114	7946	1072	1283	1708	1385
Igfals_+_24878777.23-P1P2	Igfals	694	778	846	780	702	868	6779	867	990	1148	793
Cnr2_+_135895522.23-P1	Cnr2_P1	800	847	1092	888	983	1182	8131	927	1304	1531	1191
Psma7_+_180042402.23-P1P2	Psma7	870	884	994	828	976	1108	8601	1105	1276	1606	1092
Vamp1_+_125231325.23-P2	Vamp1_P2	527	356	595	464	519	498	4205	531	568	735	589
Dnajc13_-_104262891.23-P1P2	Dnajc13	658	653	760	741	773	842	6777	785	995	1368	961
Gaa_-_119268240.23-P1P2	Gaa	1069	1163	1315	1222	1353	1507	11353	1455	1739	2241	1600
Plcb3_-_6969688.23-P1P2	Plcb3	838	794	1012	854	968	1188	7937	970	1202	1375	1057
Bean1_+_104170585.23-P1P2	Bean1	613	720	990	913	1035	1066	7769	896	1326	1465	1405
Tuba8_-_121210815.23-P1P2	Tuba8	589	517	736	606	735	685	5805	630	1028	1051	898
Mak16_+_31168699.23-P1P2	Mak16	653	590	577	742	782	739	5882	778	1047	1172	568
Fshr_+_89200662.23-P1P2	Fshr	503	423	653	455	571	647	4755	502	773	1069	723
Dnm1l_+_16358923.23-P1P2	Dnm1l	469	466	528	536	484	605	4091	447	497	906	717
Tardbp_-_148626472.23-P1P2	Tardbp	1192	1150	1377	1170	1152	1207	8682	1212	834	1166	653
Actb_-_142905729.23-P2	Actb_P2	704	766	985	763	979	1201	8543	1001	984	1705	1188
Hspa1b_+_34958851.23-P1P2	Hspa1b	793	701	879	829	928	1034	7408	1024	1295	1241	1112
Gchfr_-_119167803.23-P1P2	Gchfr	652	558	726	588	675	763	5523	721	819	1262	956
Atp5c1_-_10080407.23-P1P2	Atp5c1	730	831	880	838	810	959	6336	753	414	574	386
Creb1_-_64532852.23-P1P2	Creb1	797	918	1223	883	1089	1166	9414	1116	1688	1775	1379
Dnmt1_-_20952431.23-P1P2	Dnmt1	622	473	547	595	553	636	4982	588	677	952	548
Creb1_-_64532855.23-P1P2	Creb1	886	781	950	923	894	991	7254	903	1040	1491	1004
Jag1_-_137116220.23-P1P2	Jag1	497	476	459	469	407	472	3800	446	875	1126	818
Kat2a_-_100712405.23-P1P2	Kat2a	687	632	826	694	786	870	6567	905	972	1457	1017
Gsn_-_35256478.23-P1	Gsn_P1	557	512	643	502	582	675	4775	579	595	838	635
Slc2a1_-_119108844.23-P1P2	Slc2a1	868	791	783	780	898	975	7679	1053	1069	1498	801
Cox8a_-_7217521.23-P1P2	Cox8a	661	595	776	666	730	875	6664	940	890	1537	768
Cav1_-_17306488.23-P2	Cav1_P2	675	633	807	540	673	726	5767	819	943	1161	1020
Nras_+_103058339.23-P1P2	Nras	539	577	633	579	764	838	6082	687	827	1220	963
Eif2ak2_+_78882484.23-P1P2	Eif2ak2	913	896	1100	916	1028	1228	8933	1134	1641	1896	1411
Hprt_+_52988212.23-P1P2	Hprt	743	680	1023	833	845	886	7047	837	1103	1179	1406
Casp3_-_46617479.23-P1P2	Casp3	826	868	961	885	992	1043	8539	1034	1239	1758	1037
Dnajc6_-_101508207.23-P1P2	Dnajc6	246	270	419	309	391	371	3170	439	623	644	443
Ndufa8_-_36049269.23-P1P2	Ndufa8	1297	1209	1505	1104	1398	1510	11190	1189	1796	2178	1704
Ndufv3_+_31520211.23-P1P2	Ndufv3	720	721	925	742	828	864	7095	867	897	1225	1137
Mapk11_+_89149539.23-P1P2	Mapk11	825	881	968	936	1081	1241	9053	1079	1330	1968	1324
Sox2_-_34650204.23-P1P2	Sox2	781	642	799	672	697	876	6560	798	929	1364	950
Dctn1_-_83165949.23-P1P2	Dctn1	748	654	899	747	793	831	6806	934	920	1476	1343
Pik3ca_-_32397339.23-P1P2	Pik3ca	470	432	568	453	547	612	4353	504	572	807	857
Eif4g1_-_20672800.23-P1P2	Eif4g1	836	950	873	781	929	1070	7666	1057	1030	1429	1381
Cav1_+_17307736.23-P1	Cav1_P1	264	183	322	299	331	300	2392	372	390	675	492
Tpo_+_30132459.23-P1P2	Tpo	459	544	559	454	553	687	4841	450	658	995	553
Ang6_-_44002257.23-ENSMUST00000096869.2	Ang6	830	749	797	755	723	911	6520	754	1224	1166	907
Smurf2_+_106920669.23-P1P2	Smurf2	603	547	537	423	548	530	4480	710	742	915	807
Tia1_-_86404314.23-P1P2	Tia1	331	331	400	374	359	444	3197	397	519	639	527
Atp5g3_+_73911230.23-P1P2	Atp5g3	860	847	860	969	854	1057	7211	846	1150	1440	1247
Plcb2_-_118728368.23-P1P2	Plcb2	490	401	649	526	535	716	4844	609	660	860	658
Map2_-_66322095.23-P2	Map2_P2	742	694	815	821	926	1203	7113	885	1106	1528	1049
Klc2_+_5118226.23-P1P2	Klc2	847	800	836	786	905	1105	7719	983	1326	1726	1291
Trim2_-_84220883.23-P1	Trim2_P1	510	582	721	573	697	801	5848	644	832	988	972
Tmem230_-_132247768.23-P1P2	Tmem230	469	502	488	430	570	647	4721	510	785	973	645
Stx1a_-_135041124.23-P2	Stx1a_P2	619	654	679	597	724	681	5816	644	1128	1127	937
Sptlc3_-_139494208.23-P1P2	Sptlc3	691	575	659	691	756	855	6346	858	1148	1270	723
Mapk14_+_28691490.23-P1P2	Mapk14	358	446	542	369	457	598	4026	543	596	683	499
non-targeting_04047	non-targeting	634	564	700	567	679	716	5493	688	936	964	682
Mag_+_30914839.23-P1P2	Mag	738	705	745	655	736	818	6298	731	769	1377	1058
Msra_-_64440837.23-P1P2	Msra	469	502	554	473	480	626	4124	506	793	814	744
Cast_+_74807868.23-P1P2	Cast	622	758	677	724	780	906	6910	885	892	1309	1055
Asah1_+_41374576.23-P1P2	Asah1	764	827	890	715	914	931	7799	1011	1367	1466	1201
Maf_-_115707748.23-P1P2	Maf	310	365	410	402	362	441	3270	405	591	787	472
Tyrobp_+_30413793.23-P1P2	Tyrobp	356	451	482	344	437	484	3936	431	596	824	668
Kl_+_150952746.23-P1P2	Kl	550	584	648	689	636	857	5596	777	1009	1071	937
Spg21_+_65461019.23-P1P2	Spg21	426	448	467	410	522	497	3972	554	789	677	482
Il13_+_53634606.23-P1P2	Il13	406	597	679	525	675	675	5401	726	791	1058	858
Ndufs8_+_3912704.23-P1P2	Ndufs8	489	514	683	660	647	651	4852	627	713	746	593
Tlr4_+_66827595.23-P1P2	Tlr4	1006	752	957	783	842	953	7763	872	1383	1477	1348
Atg12_-_46741565.23-P1P2	Atg12	630	693	640	585	762	833	6212	847	1197	1367	978
Ndufs6_+_73328382.23-P1P2	Ndufs6	538	609	797	701	695	828	5751	661	935	1256	841
Psmb5_-_54617716.23-P1P2	Psmb5	369	388	351	470	458	447	3356	465	492	660	486
Prickle1_-_93519503.23-P2	Prickle1_P2	806	713	820	730	802	871	7518	738	1224	1314	1070
Cyp2d34_-_82620457.23-P1P2	Cyp2d34	676	653	818	763	823	970	7168	892	1279	1598	1024
Sybu_+_44752192.23-P1P2	Sybu	659	752	745	737	709	924	6383	785	1116	1203	1067
Dnah8_-_30624392.23-ENSMUST00000170651.1	Dnah8	490	1003	811	840	779	815	7161	799	1316	1543	1445
Casp9_+_141794068.23-P1P2	Casp9	265	313	426	225	384	452	3290	476	311	724	388
non-targeting_03057	non-targeting	1151	1108	1557	1210	1287	1406	11159	1308	1725	2552	1671
Nrros_-_32165425.23-P1P2	Nrros	1093	863	1408	1062	1293	1477	10488	1231	1733	1961	1576
Nr4a2_+_57124118.23-P2	Nr4a2_P2	798	788	1001	807	966	1048	7758	1051	1265	1754	909
Pde4a_+_21196776.23-P1	Pde4a_P1	743	713	735	761	908	1080	7695	900	1212	1571	1254
Sptan1_-_29965708.23-P1P2	Sptan1	799	811	1010	948	931	1077	8457	1080	1349	1669	1459
Cp_+_19957109.23-P1P2	Cp	726	710	908	809	879	1005	7074	809	1314	1535	920
Ift57_-_49699252.23-P1P2	Ift57	647	731	749	578	654	796	5392	683	758	1160	846
Trex1_-_109059240.23-P1P2	Trex1	687	539	833	675	773	760	6226	864	911	1150	1139
Ahsg_+_22892121.23-P1P2	Ahsg	497	588	778	520	711	677	5811	601	847	985	965
Atp7a_+_106027328.23-P1P2	Atp7a	804	782	776	808	935	940	6747	972	1151	1637	927
Agrn_-_156197439.23-P1	Agrn_P1	537	667	992	727	847	893	6466	779	1117	1405	984
Cyp2d12_-_82555445.23-P1P2	Cyp2d12	566	581	737	638	742	839	5604	675	870	1076	847
Xrcc1_+_24547204.23-P1P2	Xrcc1	499	471	512	526	583	602	4676	566	783	730	558
Rtn4_+_29693060.23-P1P2	Rtn4	569	546	634	414	679	741	4988	597	579	1085	839
Slc17a6_-_51622112.23-P1P2	Slc17a6	686	496	782	553	656	732	6157	731	884	1219	876
Gstm3_-_107969111.23-P1P2	Gstm3	1076	1138	1346	1249	1406	1605	11418	1544	1792	2032	1675
Lrpprc_-_84790539.23-P1P2	Lrpprc	710	698	556	520	557	722	5084	617	657	1103	760
Itm2b_-_73385247.23-P1	Itm2b_P1	692	551	951	772	766	824	6600	962	976	1335	1053
Map2k3_+_60932108.23-P1P2	Map2k3	898	776	960	794	823	984	7210	883	1045	1714	1322
Chrna7_-_63212147.23-P1P2	Chrna7	666	789	1083	943	905	983	7630	818	1257	1780	1152
Lmnb1_+_56708007.23-P1P2	Lmnb1	447	478	583	349	503	503	4030	516	552	863	536
Kpna3_+_61439805.23-P1P2	Kpna3	252	377	403	401	326	485	3104	347	334	691	490
Pitrm1_-_6548243.23-P1P2	Pitrm1	1263	1049	1254	1303	1444	1583	11638	1367	1982	2493	2151
Tubb1_-_174450806.23-P1P2	Tubb1	528	618	439	517	650	734	5381	655	1041	1282	898
Ambra1_+_91730218.23-P1P2	Ambra1	787	930	1176	1016	913	1153	8428	990	1323	1807	1074
Mmp3_+_7446065.23-P1P2	Mmp3	1124	950	1163	945	1306	1410	10109	1371	1673	2050	1658
Ddhd2_-_25754351.23-P1P2	Ddhd2	421	422	622	463	512	477	4593	604	739	798	538
Cyp7b1_-_18243129.23-P1P2	Cyp7b1	463	495	632	535	582	455	4545	539	797	955	619
Prdm8_+_98181057.23-P1P2	Prdm8	704	708	733	649	853	948	6636	816	1334	1219	995
Gcdh_+_84893731.23-P1P2	Gcdh	573	484	586	631	623	659	5236	690	1100	946	864
Kif5b_-_6241497.23-P1P2	Kif5b	524	526	609	533	547	611	4645	488	690	865	734
Uqcrb_+_66905117.23-P1P2	Uqcrb	409	354	368	483	423	554	3714	464	598	656	555
Rest_-_77265583.23-P1P2	Rest	687	752	921	902	972	1030	7829	984	1161	1474	845
Fmr1_-_68678666.23-P1P2	Fmr1	389	363	438	332	437	392	3386	428	502	794	650
Syne1_+_5550527.23-ENSMUST00000041639.5	Syne1	548	608	728	769	723	714	5414	681	793	1122	715
Serpini1_-_75557577.23-P1P2	Serpini1	800	726	1091	784	921	977	8191	1080	1459	1538	894
Psmd8_+_29180607.23-P1P2	Psmd8	805	776	976	802	850	908	7001	952	1121	1514	1149
Ubap1_-_41349079.23-P1P2	Ubap1	762	755	846	696	671	808	5867	888	932	1059	858
Gfap_-_102897076.23-P1P2	Gfap	908	776	1082	702	808	1047	7958	983	1144	1432	1011
Dctn5_+_122133089.23-P1P2	Dctn5	529	654	584	523	646	716	5523	738	865	1136	788
Dkk4_+_22624047.23-P1P2	Dkk4	548	658	735	614	629	784	5751	581	823	1010	771
Vps35_+_85299505.23-P1P2	Vps35	476	363	329	381	430	492	3786	434	620	856	503
Jag1_-_137116201.23-P1P2	Jag1	536	530	646	643	592	743	5415	622	972	1124	850
Farsb_-_78488775.23-P1P2	Farsb	621	794	725	715	764	786	6598	678	874	936	703
Lrp6_-_134566975.23-P1P2	Lrp6	544	519	649	626	690	849	5879	705	938	1195	856
Cetn1_-_9619435.23-P1P2	Cetn1	1042	1170	1387	882	1397	1572	10964	1400	1722	2159	1527
Apoa1_-_46228733.23-P1P2	Apoa1	700	624	718	567	714	844	6008	789	940	1195	953
Cycs_+_50566521.23-P1P2	Cycs	633	563	630	641	678	805	5811	665	912	1115	829
Ap4m1_-_138172377.23-P1P2	Ap4m1	616	640	671	679	687	898	5432	653	1024	1140	1170
Uba1_-_20662963.23-P1	Uba1_P1	500	439	561	530	512	608	4240	590	605	844	785
Fdps_+_89101843.23-P1P2	Fdps	870	967	961	1017	1040	1130	9200	1137	1632	1877	1270
Ptprc_+_138175267.23-P1P2	Ptprc	465	317	499	399	416	502	3555	407	520	784	589
Wnt2_+_18030320.23-P1P2	Wnt2	921	814	897	726	875	1001	7400	747	1111	1210	1042
Ccdc88c_+_101028848.23-P1P2	Ccdc88c	749	659	850	685	768	876	6455	845	912	1189	1038
Ndufa10_+_92473733.23-P1P2	Ndufa10	657	503	724	676	891	949	7080	704	1031	1344	1215
Abcd1_-_73716785.23-P1P2	Abcd1	457	524	721	752	699	725	5733	733	852	1060	875
Gnb4_+_32616455.23-P1P2	Gnb4	612	533	750	597	709	953	6085	711	971	1193	948
2410137M14Rik_-_36981171.23-P1P2	2410137M14Rik	505	429	723	549	663	701	5154	692	1192	981	703
Ascl1_+_87493583.23-P1P2	Ascl1	587	813	670	741	661	918	6507	820	927	1389	845
Gdnf_-_7810832.23-P1P2	Gdnf	648	667	863	603	736	793	6103	760	1131	1433	875
Actr10_-_70937916.23-P1P2	Actr10	559	474	680	649	611	751	5344	713	765	1129	1044
Cox4i1_-_120668312.23-P1P2	Cox4i1	764	892	899	696	908	1164	7288	845	1101	1598	994
Zfp106_+_120563750.23-P1P2	Zfp106	416	325	374	359	335	431	3265	366	654	578	455
Wnt9a_-_59306906.23-P1P2	Wnt9a	838	728	795	804	791	985	7296	869	1175	1581	1201
Cln6_+_62838848.23-P1P2	Cln6	945	840	933	873	1060	1142	8142	1081	1404	1622	1324
Psmc3_-_91054354.23-P1P2	Psmc3	717	789	998	893	723	773	6040	619	531	961	399
Ncl_-_86359326.23-P1P2	Ncl	551	601	662	580	592	744	5153	659	680	911	861
Cyp27a1_-_74713633.23-P1P2	Cyp27a1	1229	1405	1291	1348	1524	1568	11969	1386	1830	2399	1814
Ina_+_47014691.23-P1P2	Ina	534	481	654	463	643	723	4920	662	799	1148	808
Tlr2_-_83841523.23-P1P2	Tlr2	433	392	518	425	595	464	4280	452	738	811	547
Wnt7b_-_85577852.23-P2	Wnt7b_P2	708	634	761	604	915	833	6344	746	908	1456	802
Sema6b_+_56133796.23-P2	Sema6b_P2	561	542	642	607	694	793	5922	580	971	1167	751
Crat_-_30415487.23-P1P2	Crat	679	493	903	760	768	903	6378	907	1122	1382	1115
Bcl10_+_145924403.23-P1P2	Bcl10	495	467	603	595	624	670	5193	639	780	1079	837
Cast_+_74807940.23-P1P2	Cast	881	947	1131	911	946	1382	9316	1099	1335	1637	1198
Aco2_-_81872580.23-P1P2	Aco2	881	881	1026	1120	1059	1174	9457	1141	1384	1770	1281
Tyrp1_+_80834246.23-P1P2	Tyrp1	397	430	546	409	432	435	3738	435	497	654	399
Trap1_+_4077595.23-P1P2	Trap1	1180	1050	1179	1143	1153	1313	9603	1240	1422	1793	1606
Gjc2_-_59182819.23-P1P2	Gjc2	1018	945	1068	923	1112	1271	9386	1246	1199	1559	1167
Tmx2_-_84678323.23-P1P2	Tmx2	928	893	1048	1087	1088	1142	9317	1279	1646	2042	1297
Psmd3_+_98682615.23-P1P2	Psmd3	957	1070	1109	906	1097	1180	8324	1113	1463	1525	1165
Unc13a_-_71671692.23-P1P2	Unc13a	870	735	964	970	895	993	7741	988	1067	1521	1103
Agrn_-_156186135.23-P2	Agrn_P2	718	819	893	758	797	944	7088	983	1309	1551	913
Elavl2_+_91376460.23-P1P2	Elavl2	538	725	645	695	826	902	6408	795	1088	1280	1083
Pclo_-_14515001.23-P1P2	Pclo	422	413	423	365	398	501	3870	368	499	781	559
Cybb_-_9469218.23-P1P2	Cybb	476	521	577	593	479	674	4626	519	919	999	620
Sqstm1_+_50210551.23-P1	Sqstm1_P1	1410	1456	1719	1498	1593	1965	13800	1740	2282	2693	1997
Kif1c_+_70700518.23-P1P2	Kif1c	1327	1320	1324	1129	1417	1487	11131	1489	1829	1913	1661
Tpp2_+_43934011.23-P1P2	Tpp2	807	958	844	929	1025	1299	8734	975	1042	1785	1323
Unc5c_+_141465692.23-P1P2	Unc5c	902	867	895	1007	911	1100	8467	1141	1020	1948	1142
Grm5_-_87584504.23-P1P2	Grm5	501	407	654	464	559	606	4762	705	947	938	879
Dtymk_+_93801840.23-P1P2	Dtymk	688	850	1058	874	888	1001	7246	839	1232	1502	1021
Stc1_+_69029472.23-P1P2	Stc1	665	811	905	796	939	1056	7287	991	1165	1354	1125
Itm2b_-_73385239.23-P1	Itm2b_P1	711	814	719	765	806	1036	6460	802	1053	1244	1230
Nox1_+_134111728.23-P1P2	Nox1	211	255	218	195	301	324	2352	223	426	512	369
Mgst1_+_138140594.23-P1P2	Mgst1	802	599	673	616	709	709	5770	778	719	1159	821
Psma5_+_108257404.23-P1P2	Psma5	411	381	489	401	447	473	3686	453	455	711	708
Cycs_+_50566532.23-P1P2	Cycs	540	597	622	583	606	675	5669	659	1125	1068	909
Calml3_-_3804226.23-P1P2	Calml3	750	748	820	721	864	881	6960	811	1085	1230	1052
Pde4a_+_21165773.23-P2	Pde4a_P2	706	634	953	796	814	960	7231	855	1289	1327	1118
Bcl2l1_-_152831668.23-P2	Bcl2l1_P2	1146	1107	954	1062	1300	1344	10045	1494	2000	1877	1367
Clec16a_-_10545443.23-P1P2	Clec16a	975	803	984	904	1063	1053	8179	1095	1375	1818	1622
Aplp1_+_30445520.23-P1P2	Aplp1	740	833	876	775	951	1057	8159	814	1317	1600	940
Canx_-_50325574.23-P1P2	Canx	814	990	1140	920	937	1085	8282	1030	1263	1829	1413
Akt1_+_112674177.23-P1P2	Akt1	949	896	1154	992	999	1152	8862	1205	1294	1970	1336
Actr1b_-_36709913.23-P1P2	Actr1b	580	529	589	524	652	685	5238	581	768	1080	803
Cox7c_-_86046450.23-P1P2	Cox7c	764	747	1190	884	873	1133	7304	871	1442	1515	1131
Gigyf2_+_87327075.23-P1P2	Gigyf2	679	824	1010	905	815	984	7708	1038	1201	1638	1209
Eef2_-_81176779.23-P1	Eef2_P1	442	416	665	408	380	455	2940	345	100	280	186
Ube2g2_+_77622666.23-P1P2	Ube2g2	476	536	730	563	714	881	5803	692	871	1114	964
Capn2_-_182517391.23-P1P2	Capn2	561	553	744	709	717	960	6091	671	966	1364	1180
Trp73_+_154139871.23-P1	Trp73_P1	1003	943	1208	1099	1194	1391	9777	1239	1408	1743	1254
Ift57_+_49699538.23-P1P2	Ift57	652	577	1016	793	881	893	7306	891	1505	1219	1223
Eif4g2_-_111081593.23-P2	Eif4g2_P2	286	256	368	332	348	414	2911	359	359	638	365
Vdac1_-_52361298.23-P1P2	Vdac1	749	731	928	624	779	902	6836	918	1038	1275	1049
Map1b_+_99516521.23-P1P2	Map1b	645	604	942	656	819	772	6069	797	840	1198	834
Unc5c_+_141465626.23-P1P2	Unc5c	956	870	1045	916	1071	1091	8244	1101	1353	1588	1429
Ppid_-_79591404.23-P1P2	Ppid	467	503	543	517	519	584	4273	479	595	1043	737
Serpina3c_+_104153893.23-P1P2	Serpina3c	842	717	815	783	909	859	7121	742	1106	1623	1205
Dvl2_+_70000656.23-P1P2	Dvl2	689	757	881	629	799	1018	7052	827	1167	1100	1024
Slc1a2_-_102706517.23-ENSMUST00000111212.1	Slc1a2	450	569	664	462	598	679	4739	537	878	853	757
Dtymk_-_93801843.23-P1P2	Dtymk	599	529	591	551	603	620	5308	548	731	874	747
Ampd2_-_108086592.23-P1	Ampd2_P1	881	740	1208	916	1108	1225	8529	1095	1748	2089	1296
Gtf2h1_-_46796151.23-P1P2	Gtf2h1	464	460	549	522	581	618	4687	506	809	813	591
Serpina3n_-_104406769.23-P1P2	Serpina3n	566	698	721	713	812	809	6997	915	1239	1241	1154
Vamp2_+_69088577.23-P1P2	Vamp2	924	939	926	1170	1009	1135	8448	1088	1640	2010	1327
Sptlc3_+_139494198.23-P1P2	Sptlc3	976	785	854	893	1051	1036	8512	878	1341	1779	1361
Crebbp_+_4212966.23-P1P2	Crebbp	674	809	926	764	908	968	7350	966	1259	1420	866
S100a10_+_93555235.23-P1P2	S100a10	924	910	1176	979	1079	1384	8793	1047	1541	1699	1297
Cwf19l1_-_44135791.23-P1P2	Cwf19l1	564	671	971	644	804	969	6243	824	1155	1392	1109
Setx_+_29125161.23-P1P2	Setx	828	991	1094	1009	934	1155	8741	994	1498	1764	1399
H2-M10.2_-_36286275.23-ENSMUST00000023845.6	H2-M10.2	583	615	903	635	749	883	6153	783	796	1240	1155
Ache_+_137288361.23-P1P2	Ache	715	748	873	669	795	866	7135	820	1102	1484	922
Pde8b_-_95250302.23-P1	Pde8b_P1	608	772	890	778	1026	1040	7554	905	1109	1331	1156
Hspa5_+_34772177.23-P1P2	Hspa5	621	644	722	579	606	651	5007	672	775	878	683
Padi2_-_140924346.23-P2	Padi2_P2	596	639	867	711	804	990	6798	972	1150	1358	1109
Hsf1_-_76477449.23-P1P2	Hsf1	560	454	768	562	540	690	4891	538	788	871	759
Esr1_+_4710170.23-P1P2	Esr1	769	715	814	787	899	956	7358	1123	1290	1561	1334
Dnah3_-_120094953.23-P1P2	Dnah3	705	687	910	659	727	933	6148	732	949	1393	943
Zfp78_-_6363375.23-P1P2	Zfp78	559	444	668	583	606	679	4872	565	819	910	669
Zfyve1_+_83596991.23-P1P2	Zfyve1	848	828	986	789	1065	1122	8439	921	1426	1674	940
Dbn1_-_55488009.23-P1P2	Dbn1	618	746	779	640	809	964	6399	724	881	1330	1252
Stxbp5l_+_37384917.23-P1P2	Stxbp5l	726	884	1044	824	913	1054	7922	1067	1174	1768	1048
Fam168b_+_34842926.23-P1P2	Fam168b	764	687	741	820	873	837	6612	791	1038	1134	767
Dnmt1_-_20952768.23-P1P2	Dnmt1	509	637	632	689	770	788	5499	716	1010	961	781
Cox6a2_-_128206307.23-P1P2	Cox6a2	404	373	428	436	426	450	3923	389	610	722	593
Ndufs4_+_114388008.23-P1P2	Ndufs4	517	388	530	506	535	576	4144	707	538	1091	883
Ttpa_+_20008490.23-P1P2	Ttpa	799	928	922	987	1158	1217	9511	1138	1402	1829	1337
Ccr2_+_124102146.23-P1P2	Ccr2	879	673	928	932	963	964	8533	1059	1233	1713	1192
Csf2_+_54249613.23-P1P2	Csf2	428	423	508	437	552	572	4728	563	589	861	719
Ano10_+_122294194.23-P1P2	Ano10	673	502	563	512	674	716	5661	694	1023	1319	771
Serpina1e_-_103956471.23-P1	Serpina1e_P1	696	703	884	773	900	970	7504	945	1068	1222	1140
2810006K23Rik_+_124328190.23-P1P2	2810006K23Rik	389	408	556	540	602	546	4444	561	938	874	785
Ndufb2_+_39592646.23-P1P2	Ndufb2	900	934	966	903	1041	1161	7997	1042	1119	1835	1254
Wnt5a_+_28505845.23-P1	Wnt5a_P1	726	777	980	805	927	1068	7527	930	1188	1477	846
Trip4_+_65908766.23-P2	Trip4_P2	583	573	644	430	769	696	5295	748	822	1220	833
Pla2g6_-_79328124.23-P1P2	Pla2g6	362	348	426	447	441	493	3687	446	404	765	497
Ogg1_-_113327052.23-P1P2	Ogg1	1220	1116	1331	1184	1293	1608	11221	1539	1589	2359	1562
Slc9a5_-_105348165.23-P1P2	Slc9a5	508	535	606	585	623	656	4960	566	926	1097	885
Ar_-_98149735.23-P1P2	Ar	471	464	515	638	739	610	4844	683	928	1060	891
Cox6b1_+_30626021.23-P1P2	Cox6b1	743	712	841	796	763	918	6972	825	1235	1404	1207
Slc52a3_-_151999938.23-P2	Slc52a3_P2	366	429	470	429	536	529	4128	563	816	895	486
P4hb_-_120572824.23-P1P2	P4hb	927	819	903	866	980	1154	7932	933	1187	1519	1138
Sort1_-_108284156.23-P1P2	Sort1	946	1077	1044	1092	1222	1422	10415	1443	1486	1986	1629
Cacna1g_+_94474027.23-P1P2	Cacna1g	297	341	343	358	383	386	2864	415	431	631	383
Uba1_+_20658469.23-P2	Uba1_P2	548	534	838	506	608	668	5225	582	967	1190	816
Kif5a_+_127263083.23-P1P2	Kif5a	946	1041	1076	822	1028	1276	9221	1221	1392	1558	1419
Nrtn_-_56757097.23-P1P2	Nrtn	746	804	826	668	883	1093	7554	850	1083	1400	1105
Sacs_-_61173039.23-P1P2	Sacs	511	498	574	560	552	610	5058	640	685	800	649
Emc1_-_139352655.23-P1P2	Emc1	1286	978	1378	1245	1351	1651	11404	1431	1471	2192	1653
Cav1_+_17307777.23-P1	Cav1_P1	843	855	961	813	890	898	7482	900	967	1244	1213
Coch_+_51593370.23-P1P2	Coch	553	522	613	461	610	674	5005	666	790	763	615
Tfeb_-_47737113.23-P1P2	Tfeb	625	699	833	654	705	775	5615	832	989	1308	822
Erbb4_+_69108533.23-P1P2	Erbb4	607	578	732	559	697	836	5660	760	976	1313	1011
Vps13c_+_67840467.23-P1P2	Vps13c	489	371	440	478	507	472	4036	491	568	809	762
Gsn_+_35256366.23-P1	Gsn_P1	574	700	1006	785	796	815	6994	748	1019	1300	989
Mgst3_+_167393739.23-P1P2	Mgst3	733	640	925	874	853	956	7360	812	1290	1538	1124
Txn2_-_77928928.23-P1	Txn2_P1	515	709	797	633	738	797	6279	786	767	1094	886
Clcn2_+_20716077.23-P1	Clcn2_P1	619	478	807	534	757	806	5594	710	1111	1074	775
Nalcn_-_123627071.23-P1P2	Nalcn	776	823	743	766	940	1153	7251	1026	977	1346	1294
Stxbp1_-_32846950.23-P1P2	Stxbp1	910	846	904	847	810	909	7121	838	730	1196	839
Exoc2_+_30974040.23-P1P2	Exoc2	540	615	644	554	684	794	5398	765	760	1141	797
Hdac6_+_7947738.23-P1P2	Hdac6	1170	1088	1323	1112	1252	1429	10650	1279	1786	2148	1768
Cav1_-_17306479.23-P2	Cav1_P2	582	638	816	802	856	819	6903	780	844	1294	875
Nos2_+_78920860.23-P1P2	Nos2	1022	1152	1260	1033	1278	1357	10721	1177	1499	2271	1467
Slc5a7_-_54298677.23-P1P2	Slc5a7	646	536	788	738	728	896	6353	792	1085	1293	1012
Slc8a3_-_81333170.23-P1P2	Slc8a3	566	567	617	655	664	719	5430	799	939	959	655
Ephb2_-_136835777.23-P1P2	Ephb2	692	599	833	554	857	906	6706	802	1167	1271	1108
Tbp_-_15499951.23-P1P2	Tbp	899	906	1023	802	1015	1058	8305	944	1389	1374	1239
Eif2s1_-_78862084.23-P1P2	Eif2s1	571	460	768	493	669	770	5760	728	860	1118	846
Slc12a6_+_112265910.23-P1P2	Slc12a6	414	406	464	513	491	575	4589	479	466	810	689
Ift57_-_49699511.23-P1P2	Ift57	534	605	655	735	668	757	5156	633	868	1142	804
Vps13a_+_16780886.23-P1P2	Vps13a	1418	1362	1709	1354	1480	1738	12998	1494	1967	2279	1932
Ntf5_-_45413732.23-P1P2	Ntf5	617	684	755	621	859	995	6262	803	1228	1270	956
Ifit3_+_34583508.23-P1P2	Ifit3	666	707	814	663	901	954	6395	843	1091	1239	888
Sigmar1_-_41741295.23-P1P2	Sigmar1	847	757	964	900	955	1040	8289	966	1178	1441	1296
Gpbp1_+_111489824.23-P1P2	Gpbp1	808	687	764	802	933	920	7371	920	1287	1695	1385
Nlrp3_+_59542929.23-P2	Nlrp3_P2	528	574	664	565	620	729	5492	642	708	1396	944
Abhd16a_+_35089258.23-P1P2	Abhd16a	431	460	436	528	560	640	5008	651	612	930	624
Kif20b_-_34922573.23-P1P2	Kif20b	844	697	790	753	707	886	6627	876	1180	1111	973
Timm8a1_-_134541824.23-P1P2	Timm8a1	1274	1187	1320	1062	1276	1425	10620	1431	1778	2217	1674
Spg11_+_122118350.23-P1P2	Spg11	561	539	601	518	530	618	4894	641	933	1008	836
Wnt7b_+_85577869.23-P2	Wnt7b_P2	392	364	458	412	494	519	3884	450	526	708	576
Gria4_+_4796217.23-P1P2	Gria4	475	533	654	574	621	714	4985	575	712	1021	744
Trp73_-_154139623.23-P1	Trp73_P1	699	713	784	691	757	1049	6894	736	918	1362	910
Bid_+_120916825.23-P1P2	Bid	820	820	1116	867	1058	1151	8401	976	1219	1840	1356
Wnt7a_+_91410943.23-P1P2	Wnt7a	865	1002	906	917	856	1016	7576	1003	1214	1590	1102
Erbb4_+_69108529.23-P1P2	Erbb4	479	422	528	411	504	525	4338	508	570	859	828
Dnah5_+_28203806.23-P1P2	Dnah5	412	333	521	433	450	672	4475	557	492	769	670
Sdhb_+_140961450.23-P1P2	Sdhb	696	623	817	733	770	969	6696	683	763	1151	831
Hpx_-_105600060.23-P1P2	Hpx	933	1060	893	1166	1222	1361	9552	1107	1598	1932	1347
Sv2a_+_96181243.23-P1P2	Sv2a	373	455	517	393	477	473	3740	487	632	929	481
Txn1_-_57956283.23-P1P2	Txn1	607	714	890	674	830	934	6425	916	1342	1441	1203
Bak1_+_27028554.23-P1P2	Bak1	604	536	568	550	615	640	4983	584	626	957	804
Pik3ca_+_32397663.23-P1P2	Pik3ca	626	544	654	675	636	813	5588	679	883	979	1077
Kcnh4_+_100759693.23-P1P2	Kcnh4	868	727	1051	896	968	1124	7813	996	1180	1570	1413
Slc19a3_-_83038246.23-P1P2	Slc19a3	849	954	906	795	1014	1120	8357	1137	1505	1779	1264
Reps1_-_18055563.23-P1P2	Reps1	907	847	1112	991	1260	1391	9080	1170	1393	1739	1359
Ctsb_-_63122501.23-P1P2	Ctsb	691	512	705	667	682	780	5870	696	1108	1245	1006
Chp1_+_119547788.23-P1P2	Chp1	561	597	776	614	573	660	5225	532	718	916	929
Letm1_-_33782702.23-P1P2	Letm1	345	379	466	437	468	466	3997	457	331	419	314
Ncl_-_86359367.23-P1P2	Ncl	616	684	801	581	760	790	6288	662	866	1203	903
Csf2_+_54249604.23-P1P2	Csf2	949	741	962	888	888	1080	7759	927	1247	1597	1158
Elp3_+_65593023.23-P1P2	Elp3	630	533	717	531	534	757	4533	574	647	676	678
Sema6a_+_47368820.23-P1P2	Sema6a	940	932	1142	1139	1169	1451	9901	1294	1365	1950	1619
Sncaip_+_52768306.23-P1P2	Sncaip	833	952	965	942	1050	1195	8241	1031	1226	1429	1221
Pomc_-_3954959.23-P1P2	Pomc	318	326	448	321	391	433	3383	394	536	743	458
Scyl1_+_5771338.23-P1P2	Scyl1	1806	1771	2152	2079	2234	2376	17974	2244	2916	4075	2682
Fosb_+_19309978.23-P1P2	Fosb	677	655	762	714	766	889	6843	693	1218	1395	870
Cln6_+_62838840.23-P1P2	Cln6	978	873	948	898	1151	1271	8883	1088	1771	1713	1343
Tbp_-_15499960.23-P1P2	Tbp	787	566	832	850	969	965	7388	981	1075	1323	1000
Slc19a3_+_83038397.23-P1P2	Slc19a3	785	766	844	690	966	1038	7425	896	1260	1197	1070
Sirt4_+_115484313.23-P1P2	Sirt4	1041	939	1211	881	1046	1179	9195	1322	1599	1918	1593
Ntrk1_-_87795148.23-P1P2	Ntrk1	674	607	798	652	720	965	6596	921	1119	1383	1015
Fasl_-_161788140.23-P1P2	Fasl	629	686	798	748	829	897	6625	719	916	1292	988
Serpina1c_-_103904946.23-P1P2	Serpina1c	603	633	810	800	676	825	5812	645	766	1347	740
Ntrk2_+_58808112.23-P1P2	Ntrk2	641	564	675	596	586	708	5822	721	1000	1232	827
Psma8_-_14706188.23-P1P2	Psma8	779	944	993	868	952	996	7770	956	1179	1516	1128
Apc_-_34247738.23-P2	Apc_P2	555	576	833	736	749	770	6474	661	693	1264	1147
Chchd2_+_129887432.23-P1P2	Chchd2	934	1008	1030	969	1129	1084	9172	996	1382	1863	1318
Cav1_+_17307731.23-P1	Cav1_P1	682	644	709	696	777	866	6536	798	1238	1248	1082
Slc25a38_-_120114961.23-P2	Slc25a38_P2	716	731	742	552	793	779	6213	771	1004	1285	864
Cyp2d12_+_82555468.23-P1P2	Cyp2d12	402	565	600	471	594	636	4838	611	838	1203	868
Uqcr11_-_80406536.23-P1P2	Uqcr11	565	330	432	519	561	579	4662	583	652	722	568
Gabpa_+_84835414.23-P1P2	Gabpa	956	856	1000	775	958	1170	8391	1153	1124	1615	1242
Tecpr2_+_110889305.23-P1P2	Tecpr2	858	741	1305	926	1112	1192	8843	1115	1424	1800	1234
Wfs1_+_36988893.23-P1P2	Wfs1	597	477	700	476	585	635	4750	528	739	1147	809
Crp_+_172698134.23-P1P2	Crp	732	608	775	748	811	874	7073	715	1101	1311	921
Rmdn1_-_19575283.23-P1P2	Rmdn1	675	671	726	604	664	632	5153	707	1043	1273	983
Pick1_+_79229610.23-P1P2	Pick1	673	576	637	625	731	719	6328	720	1103	1104	1096
Pars2_-_106651161.23-P1P2	Pars2	1174	1098	1417	974	1353	1469	10556	1319	1598	2385	1347
Cyp2d40_-_82764179.23-P1P2	Cyp2d40	918	975	1138	1030	1100	1310	9224	1218	1396	1829	1710
Gfap_-_102897097.23-P1P2	Gfap	460	455	594	598	684	665	5148	632	875	1073	675
Cdc42_-_137357632.23-P1P2	Cdc42	598	597	558	553	670	703	5133	662	800	919	773
Pten_-_32757878.23-P1P2	Pten	779	617	718	667	754	818	6617	822	1276	1270	1272
Psma8_+_14706189.23-P1P2	Psma8	769	827	962	957	948	1090	8365	1168	1240	1644	1262
Psmd14_-_61711784.23-P1P2	Psmd14	279	374	382	320	380	484	3249	428	552	754	609
Ntrk1_-_87795151.23-P1P2	Ntrk1	933	836	924	879	899	983	7225	849	1044	1534	1314
Ntf5_-_45413735.23-P1P2	Ntf5	707	681	852	707	890	895	7271	828	1458	1482	1080
Apex1_+_50924989.23-P1P2	Apex1	602	394	708	493	494	547	4269	426	421	585	373
Cln8_-_14889037.23-P1P2	Cln8	388	472	679	362	607	624	4260	567	693	802	597
Nfe2l2_-_75704481.23-P1P2	Nfe2l2	722	585	758	654	701	759	5816	721	821	1292	901
Foxo1_+_52268499.23-P1P2	Foxo1	555	385	673	483	534	706	4765	815	770	1022	964
H2-M10.2_-_36286414.23-ENSMUST00000023845.6	H2-M10.2	478	659	749	599	679	769	6255	728	1059	1068	807
Map2k3_+_60932091.23-P1P2	Map2k3	750	869	894	869	869	984	7007	875	1025	1416	1076
Cx3cl1_+_94772240.23-P1P2	Cx3cl1	775	827	969	812	834	1025	7455	1026	1540	1698	1300
Tdp1_+_99884563.23-P1P2	Tdp1	551	591	686	650	681	797	5885	762	831	1095	1070
Fzd1_+_4757928.23-P1P2	Fzd1	454	308	513	442	397	547	3882	454	672	721	570
Kcnh8_+_52602975.23-P1P2	Kcnh8	806	764	835	699	854	1056	7769	1010	1162	1469	1105
Ang5_+_43957021.23-P1P2	Ang5	711	797	956	810	765	990	6891	910	1079	1398	1252
Pnp2_-_50956196.23-P1P2	Pnp2	568	575	771	568	642	809	5557	628	921	1036	635
Ngf_-_102470136.23-P1P2	Ngf	612	419	471	619	563	589	4900	502	757	1040	768
Anxa11_-_25842224.23-P1P2	Anxa11	652	444	806	583	807	924	6077	752	1027	1176	795
Ung_-_114131242.23-P1P2	Ung	450	505	668	606	635	731	4898	585	786	1001	839
Disc1_+_125054188.23-P1P2	Disc1	701	844	951	1018	1009	1084	7935	1075	1418	1793	1397
Ifng_-_118441123.23-P1P2	Ifng	577	604	662	565	809	801	6518	781	1059	1211	1148
Ppif_+_25694257.23-P1P2	Ppif	735	813	921	781	896	1076	7769	924	1122	1495	1349
non-targeting_03431	non-targeting	436	501	556	448	493	597	4586	611	631	935	578
Fggy_-_95579497.23-P2	Fggy_P2	1122	1160	1102	1073	1265	1465	10293	1275	1900	2157	1620
Sgsm3_-_80977817.23-P1P2	Sgsm3	804	866	1100	851	1058	1098	8369	1187	1372	1796	1715
Sgk1_+_21994780.23-P1P2	Sgk1	568	536	581	638	648	812	5334	660	850	1157	909
Fzd3_-_65262235.23-P1P2	Fzd3	844	742	794	795	696	996	7029	946	1194	1252	1178
Atxn1l_+_109737754.23-P1P2	Atxn1l	445	502	668	498	558	670	4347	546	818	785	505
Wnt9b_+_103749780.23-P1P2	Wnt9b	901	841	945	933	1016	1103	8913	1136	1442	1716	1377
Rab5a_-_53479336.23-P1P2	Rab5a	814	610	783	692	660	748	4901	699	543	934	484
Cdk6_+_3344013.23-P1P2	Cdk6	798	850	938	733	864	958	7194	894	1155	1339	1105
Fam83e_-_45721269.23-P1P2	Fam83e	568	600	761	685	668	769	5939	707	813	1360	784
Dlg4_+_70018459.23-P1	Dlg4_P1	385	471	555	331	423	485	3487	397	610	770	618
Iba57_-_59163734.23-P1P2	Iba57	829	844	1025	766	1043	1026	7943	920	1323	1464	1100
Ccs_+_4839263.23-P1P2	Ccs	821	669	946	742	795	870	7081	816	1031	1412	1230
Serpinf1_+_75422489.23-P1P2	Serpinf1	848	750	784	896	909	1042	7837	970	1181	1644	1047
Nars2_+_96951838.23-P1P2	Nars2	487	604	694	623	757	726	5861	753	1007	1053	918
Cox5b_-_36691805.23-P1P2	Cox5b	1031	855	965	802	925	1120	7846	990	1264	1721	1047
Ptbp2_+_119783196.23-P1P2	Ptbp2	606	818	820	831	855	948	6521	852	1013	1386	736
Ins1_+_52264525.23-P1P2	Ins1	568	541	783	607	661	849	5997	607	669	1135	792
Adcyap1_+_93199228.23-P1P2	Adcyap1	570	683	670	603	739	786	6107	795	953	1140	802
Acan_+_79053303.23-P1P2	Acan	927	901	961	804	1045	1183	8480	946	1028	1631	1149
Hspa14_+_3512724.23-P1P2	Hspa14	1151	1149	1330	1084	1360	1374	11035	1217	1560	2055	1408
Ndufab1_+_122101549.23-P1P2	Ndufab1	776	820	1085	835	1038	1105	7627	949	1411	1484	1407
Dbh_+_27165553.23-P1P2	Dbh	1010	960	1169	924	1059	1222	9054	1084	1387	1812	1209
Pik3r4_+_105643021.23-P1P2	Pik3r4	817	949	1149	834	1049	1035	8591	1152	1195	1661	1390
Ar_-_98149759.23-P1P2	Ar	650	744	799	850	839	952	7149	927	893	1654	1021
Grm5_+_87584443.23-P1P2	Grm5	210	177	261	195	210	291	2184	192	303	451	299
Map2k6_+_110399158.23-P1P2	Map2k6	837	748	801	671	773	902	7160	860	1063	1414	1185
Kdm1a_+_136602669.23-P1P2	Kdm1a	1073	1009	1172	1201	1261	1312	10347	1288	1639	2095	1469
Pde4d_-_109953891.23-P1P2	Pde4d	1753	1610	1937	1564	1926	2102	15409	1631	2130	2758	2144
Glb1_+_114401203.23-P1P2	Glb1	878	784	1068	1016	1073	1144	8873	1087	1517	1690	1237
Fos_-_85473935.23-P1P2	Fos	943	806	952	886	962	1029	8623	1012	1480	1684	1474
Ccs_+_4839258.23-P1P2	Ccs	816	883	1081	941	1097	1302	8699	1070	1354	1884	1347
Prkcb_+_122289719.23-P1P2	Prkcb	477	477	594	462	509	626	4551	575	765	1034	755
Eif2b1_+_124579009.23-P1P2	Eif2b1	573	558	896	700	742	725	6124	820	750	1429	919
Apex2_+_150587891.23-P1P2	Apex2	498	586	606	493	596	565	4959	618	707	1075	655
Il1b_-_129371093.23-P1P2	Il1b	656	656	681	620	780	799	6179	705	1027	1212	833
Pkd2_+_104459634.23-P1P2	Pkd2	403	591	675	464	710	722	5327	588	755	990	684
Cdk5r1_-_80477254.23-P1P2	Cdk5r1	977	964	1052	971	1067	1066	8649	1223	1391	1859	1384
Cav2_-_17281381.23-P1P2	Cav2	698	544	717	750	671	787	5914	703	766	1335	881
Wars2_-_99141162.23-P1P2	Wars2	663	867	1041	902	873	1147	8039	1104	1082	1700	1289
Psma7_-_180042350.23-P1P2	Psma7	495	309	491	410	379	429	3551	502	565	905	636
Cyc1_+_76343589.23-P1P2	Cyc1	457	429	438	529	514	588	4223	478	654	762	659
Bscl2_+_8837584.23-P2	Bscl2_P2	725	525	973	733	890	952	6876	948	1004	1423	850
Kif1b_+_149307680.23-P1P2	Kif1b	555	530	636	709	759	959	6343	834	909	1543	878
Chmp2b_-_65562578.23-P1P2	Chmp2b	642	662	557	812	641	702	5137	661	857	1064	869
Map2_-_66322012.23-P2	Map2_P2	646	753	814	731	842	997	6635	865	1221	1518	991
Cp_-_19957635.23-P1P2	Cp	907	727	987	1011	995	1068	8029	1023	1511	1684	1050
Camk2g_-_20794006.23-P1P2	Camk2g	535	468	533	418	483	588	4096	550	556	836	676
Ang_-_51091172.23-P2	Ang_P2	338	274	241	233	398	367	3197	374	636	709	533
Serpina3b_+_104128470.23-P1P2	Serpina3b	538	459	646	619	702	663	5282	469	985	980	922
Snx14_-_88438876.23-P1P2	Snx14	637	746	666	760	936	928	7232	897	911	1372	1065
Scn11a_+_119825404.23-P1P2	Scn11a	867	658	925	760	945	984	7521	937	1335	1209	967
Ubap1_-_41349061.23-P1P2	Ubap1	928	868	905	820	882	893	6720	667	1097	1119	971
Casp8_+_58795442.23-P1P2	Casp8	1316	1396	1646	1435	1682	1817	13568	1597	2173	2582	2086
Phpt1_-_25574827.23-P1P2	Phpt1	803	660	744	664	787	877	6393	743	1123	1347	883
Psmb5_+_54617674.23-P1P2	Psmb5	43	53	39	23	41	36	302	31	44	58	46
Lingo1_+_56635639.23-P1P2	Lingo1	768	1012	1161	833	977	1051	8763	1278	1415	1586	1375
Ucp2_+_100493406.23-P1	Ucp2_P1	980	1054	1154	1158	1188	1346	9794	1377	1933	1699	1592
Slc25a31_-_40709108.23-P1P2	Slc25a31	917	716	898	892	884	952	7377	987	1505	1634	1242
Arhgef5_+_43265693.23-P1P2	Arhgef5	909	826	1033	965	1102	1282	8705	1024	1334	1709	1352
Slc6a3_+_73536913.23-P1P2	Slc6a3	593	580	632	623	676	759	6242	793	1092	1246	962
Psmb1_+_15498231.23-P1P2	Psmb1	267	230	316	256	267	329	2208	250	372	501	395
non-targeting_02365	non-targeting	892	843	1006	878	1073	1244	8667	1055	1456	1944	1330
Bhlhb9_-_135886118.23-P1P2	Bhlhb9	267	247	323	326	288	284	2382	290	379	501	366
Txnip_+_96557967.23-P1P2	Txnip	529	548	639	569	599	718	5356	690	856	1355	890
Cd8a_+_71373481.23-P1P2	Cd8a	553	634	792	641	649	831	5425	634	787	1358	743
Tmed9_-_55593176.23-P1P2	Tmed9	1020	1085	1377	1237	1152	1409	10221	1226	1536	2258	1612
Trp73_+_154139794.23-P1	Trp73_P1	769	615	756	782	859	909	6272	773	1341	1343	786
Psmb2_-_126677707.23-P1P2	Psmb2	772	793	994	841	863	855	6734	827	805	1075	619
Clcn7_+_25133432.23-P1P2	Clcn7	824	688	1019	802	736	801	5871	720	747	1110	537
Atp6ap2_+_12587873.23-P1P2	Atp6ap2	921	775	1112	1012	923	1068	8026	984	1499	1646	1229
Chmp2b_+_65562673.23-P1P2	Chmp2b	861	801	948	842	941	1080	7551	863	1292	1481	1206
Slc2a1_-_119108781.23-P1P2	Slc2a1	628	493	657	613	636	843	5386	699	924	1129	733
Jund_-_70699314.23-P1P2	Jund	839	884	996	774	901	917	7230	851	1163	1467	941
Ywhaz_-_36793615.23-P1P2	Ywhaz	721	647	704	523	598	809	5934	746	974	1064	940
Psma7_-_180042356.23-P1P2	Psma7	454	549	543	526	498	603	3878	591	545	793	463
Ucp2_+_100498224.23-P2	Ucp2_P2	949	807	963	819	1123	1069	8426	1064	1488	1628	1332
Psma4_+_54950897.23-P1P2	Psma4	704	571	939	695	691	783	6555	764	940	972	808
Mapk9_-_49846815.23-P1P2	Mapk9	366	399	565	532	582	607	4744	710	883	1137	647
Dnajb1_-_83608281.23-P1P2	Dnajb1	504	648	569	708	659	641	5789	746	803	1172	760
Nudt1_-_140331964.23-P1P2	Nudt1	502	529	673	692	719	729	5553	871	883	1092	886
Map3k11_-_5689824.23-P1	Map3k11_P1	514	629	625	429	688	717	5102	489	714	918	756
Eif2s1_-_78862044.23-P1P2	Eif2s1	1209	1064	1241	1349	1369	1555	11594	1371	1838	2556	1751
Uba7_+_107983080.23-P2	Uba7_P2	652	578	733	465	695	633	6305	776	1196	1226	686
Slc5a7_-_54298713.23-P1P2	Slc5a7	592	625	678	611	772	859	6600	766	1264	1255	760
Keap1_-_21239239.23-P1P2	Keap1	805	829	1041	870	981	1070	8141	982	1277	1553	1246
Glrx_+_75840028.23-P1P2	Glrx	982	768	904	993	946	1140	7994	840	1029	1727	1340
Cnr1_-_33924665.23-P1P2	Cnr1	844	816	1045	853	1027	1254	9282	1116	1547	1701	1263
Slc25a46_-_31609850.23-P1P2	Slc25a46	618	687	745	701	778	931	6241	682	1100	1311	854
Gsn_+_35282469.23-P2	Gsn_P2	515	516	569	486	586	592	5021	684	718	1104	853
2810006K23Rik_+_124328180.23-P1P2	2810006K23Rik	585	591	697	649	654	786	5533	692	1063	1158	866
Reep1_-_71707887.23-P1P2	Reep1	553	577	678	507	568	662	4661	600	836	945	598
Gabarapl2_+_111940746.23-P1P2	Gabarapl2	646	675	766	696	679	774	5839	687	1008	1058	964
Junb_+_84978628.23-P1P2	Junb	615	567	697	539	644	786	5734	751	1082	1146	686
Vps13c_+_67840410.23-P1P2	Vps13c	684	665	873	654	891	910	6845	857	937	1531	1025
non-targeting_00759	non-targeting	746	725	848	737	849	984	6673	683	1223	1435	1076
Dbn1_+_55488034.23-P1P2	Dbn1	707	637	788	606	762	866	6321	775	982	1215	892
non-targeting_03373	non-targeting	233	278	314	175	366	361	2934	389	578	574	337
non-targeting_03316	non-targeting	767	865	812	772	686	842	6528	850	943	1301	991
Psmd13_+_140882418.23-P1P2	Psmd13	765	626	753	628	547	628	4555	554	537	707	297
Pik3ca_-_32397298.23-P1P2	Pik3ca	599	686	659	809	825	907	6531	748	1131	1370	1274
Atf2_-_73892560.23-P1P2	Atf2	467	433	587	560	603	754	5111	733	825	965	856
Psmc2_+_21785259.23-P1	Psmc2_P1	969	910	1138	1116	1130	1281	9639	1181	1530	1947	1536
Ins1_+_52264519.23-P1P2	Ins1	891	1259	1376	1116	1209	1447	10348	1211	1488	2010	1494
Agtpbp1_-_59557047.23-P1P2	Agtpbp1	786	834	931	894	1026	1123	8164	916	1311	1575	1167
Il33_-_29925185.23-P1P2	Il33	780	880	1049	746	912	923	8031	996	1295	1425	1073
Spast_-_74338772.23-P1P2	Spast	1018	874	963	1055	920	1160	8215	1058	1395	1554	1090
Hk1_-_62340082.23-P1P2	Hk1	469	476	432	476	589	555	4563	511	613	733	859
Psmb1_-_15498131.23-P1P2	Psmb1	625	691	782	653	745	822	6316	808	918	1287	928
Cpn1_+_43986489.23-P1P2	Cpn1	622	433	460	623	560	667	4664	514	773	1119	790
H2-M1_-_36671975.23-P1P2	H2-M1	510	447	556	454	506	535	4071	527	761	678	587
Pars2_-_106651207.23-P1P2	Pars2	751	709	770	732	745	750	6370	761	860	1167	1041
Cyp2d9_+_82452528.23-P1P2	Cyp2d9	641	580	543	682	697	738	5728	773	879	1296	910
Cx3cr1_-_120068216.23-P1P2	Cx3cr1	780	800	925	755	942	1032	8160	931	1329	1722	1342
Rtn2_-_19282673.23-P2	Rtn2_P2	388	403	459	375	434	482	3374	476	490	558	575
H2-M10.3_-_36368222.23-ENSMUST00000073546.3	H2-M10.3	861	640	1080	891	832	949	7224	887	1118	1574	1145
Naglu_-_101070127.23-P1P2	Naglu	999	1130	1509	1104	1194	1408	10468	1381	1675	1758	1755
Hpgds_+_65144689.23-P1P2	Hpgds	1009	987	1043	1103	1091	1304	9959	1185	1711	1803	1440
Fos_+_85475027.23-P1P2	Fos	554	617	909	634	783	816	6130	754	989	1190	1189
Apoa1_+_46228753.23-P1P2	Apoa1	770	661	859	813	897	897	7253	898	1343	1405	1077
Src_+_157424303.23-P1P2	Src	776	907	1043	779	928	1015	8309	1118	1194	1800	1516
Gad1_+_70562246.23-P1P2	Gad1	667	617	803	693	940	1082	7343	921	1089	1467	1194
Dctn5_+_122133243.23-P1P2	Dctn5	824	868	869	878	924	1011	7881	1072	1145	1529	1154
Dnah17_+_118129146.23-ENSMUST00000106308.3,ENSMUST00000084803.5	Dnah17	451	476	644	638	685	783	5604	617	1030	1092	878
Erbb4_+_69108559.23-P1P2	Erbb4	403	447	438	484	559	610	4493	523	753	1008	656
Mtmr2_-_13749240.23-P1P2	Mtmr2	379	352	492	335	464	483	3683	486	462	576	655
Slc17a5_+_78588005.23-P1P2	Slc17a5	1260	1144	1488	1252	1254	1557	11223	1138	1841	1924	1521
Cat_+_103484919.23-P1P2	Cat	416	550	656	603	676	693	5108	662	825	1043	806
Uba5_-_104063086.23-P1P2	Uba5	802	733	824	704	874	951	7089	739	1068	1302	722
Map2k3_+_60932115.23-P1P2	Map2k3	1035	1070	1383	1030	1208	1242	9509	1211	1367	2117	1471
Mutyh_-_116807796.23-P1P2	Mutyh	795	848	991	968	1047	1218	9044	1086	1333	1908	1440
Gjb1_-_101377356.23-P1P2	Gjb1	847	700	957	887	870	844	6969	902	1064	1504	1190
Dock2_+_34783779.23-P1P2	Dock2	840	782	873	762	790	941	6858	863	1166	1382	1075
Hnrnpdl_-_100038673.23-P1P2	Hnrnpdl	638	659	897	869	814	976	6608	880	1079	1285	1049
Cacna1b_+_24763125.23-P1P2	Cacna1b	907	894	1176	839	1007	1201	9143	1198	1622	1872	1153
Ndufb3_-_58586784.23-P1P2	Ndufb3	745	685	877	858	901	973	7124	905	1082	1649	1049
Dyrk1a_+_94569759.23-P1P2	Dyrk1a	1145	1108	1184	1032	1204	1304	10209	1299	1642	2104	1465
1700013F07Rik_+_108537555.23-P1P2	1700013F07Rik	1010	1093	1000	1091	1060	1283	9279	1114	1175	1596	1397
Blzf1_+_164307252.23-P1P2	Blzf1	652	503	784	581	728	884	6289	762	1085	1520	792
Wipi2_+_142629651.23-P1P2	Wipi2	555	473	724	544	658	841	5791	689	906	1202	943
Slc12a6_-_112265811.23-P1P2	Slc12a6	541	495	609	556	591	623	4408	567	721	815	541
Eif2s1_-_78862067.23-P1P2	Eif2s1	616	591	744	730	766	895	5844	732	806	1083	849
Vdac1_+_52361144.23-P1P2	Vdac1	1083	1049	1210	1104	1256	1328	9718	1315	1421	1842	1530
Gan_-_117158036.23-P1P2	Gan	919	924	974	917	1023	1234	8492	1065	1348	1759	1270
Sdhd_+_50603782.23-P1P2	Sdhd	426	375	458	395	483	532	3313	402	517	611	357
Stxbp1_+_32847177.23-P1P2	Stxbp1	929	698	1002	846	728	808	5558	646	467	745	361
Cox6a1_+_115348827.23-P1P2	Cox6a1	598	620	826	601	872	984	6549	782	1131	1428	961
Ndufs4_+_114388046.23-P1P2	Ndufs4	549	548	747	605	640	864	5303	718	719	1108	769
Slc52a2_-_76538870.23-P1P2	Slc52a2	258	212	386	294	307	387	2702	271	379	459	370
Pcyt2_+_120617837.23-P1P2	Pcyt2	505	559	710	518	748	641	5069	541	686	1125	548
Fth1_+_9982960.23-P1P2	Fth1	723	860	932	763	869	1041	7329	847	1337	1613	1302
Notch1_-_26503733.23-P1P2	Notch1	366	357	433	335	358	336	2937	374	496	520	402
Hras_-_141193942.23-P1P2	Hras	710	842	1022	878	1110	1205	8919	1257	1509	1662	1399
Blvra_+_127070719.23-P1	Blvra_P1	406	551	610	575	661	740	5221	658	706	973	535
Plcb4_+_135805601.23-ENSMUST00000035646.4	Plcb4	929	899	997	968	1049	1225	8828	958	1481	1743	1511
Kif1a_-_93101795.23-P1P2	Kif1a	910	826	960	848	857	1090	7910	948	1241	1566	949
Serpina3i_-_104263129.23-P1P2	Serpina3i	463	521	694	472	562	524	4513	606	736	774	639
Cdk11b_+_155624981.23-P1P2	Cdk11b	736	702	794	741	670	760	5789	630	967	1222	797
Clcn2_+_20717703.23-P2	Clcn2_P2	543	503	764	715	777	865	6443	784	1269	1153	845
Eif4g2_+_111082819.23-P1	Eif4g2_P1	521	532	638	594	572	623	4937	651	879	932	708
Sct_-_141279082.23-P1P2	Sct	1208	1207	1500	1151	1365	1614	11830	1352	2027	2300	1930
Psen1_+_83688161.23-P1P2	Psen1	545	381	675	508	542	531	4417	550	665	899	615
Cstb_-_78425745.23-P1P2	Cstb	724	632	619	640	549	628	4476	527	664	654	551
Scn8a_+_100870981.23-P1P2	Scn8a	1104	1239	1178	1153	1341	1485	10980	1334	1916	2238	1628
Alg14_-_121291760.23-P1P2	Alg14	710	574	778	666	605	582	5502	690	711	1178	977
Tcerg1_-_42511529.23-P1P2	Tcerg1	470	508	603	571	588	761	5206	632	992	1108	1005
Dbh_+_27165539.23-P1P2	Dbh	602	380	557	415	631	578	4736	691	782	906	659
Adora2b_+_62249054.23-P1P2	Adora2b	716	734	572	716	797	996	6868	889	1012	1248	801
Hcrt_+_100762905.23-P1P2	Hcrt	452	460	458	374	480	489	4015	443	555	754	562
Mapk8_+_33447119.23-P1P2	Mapk8	572	636	790	702	669	840	5955	806	731	1113	797
Atp5e_-_174464032.23-P1P2	Atp5e	478	454	606	503	591	550	4659	655	626	641	523
Dctn2_+_127266433.23-P1P2	Dctn2	348	330	436	292	391	441	3455	455	454	668	286
Plp1_-_136822917.23-P1P2	Plp1	1115	1047	1304	1092	1332	1345	10774	1194	2131	2294	1703
Prnp_-_131909980.23-P1P2	Prnp	764	1001	1022	798	947	1022	7832	996	1506	1581	998
Cfl1_-_5490536.23-P1P2	Cfl1	868	878	1093	849	1006	1135	8048	1021	1364	1564	1356
Serpina3m_+_104387049.23-P1P2	Serpina3m	503	511	757	577	665	651	5360	691	776	1287	1069
Dpysl2_-_66868575.23-P1P2	Dpysl2	427	372	501	472	483	583	4163	458	655	722	675
Wnt5b_-_119544252.23-P1P2	Wnt5b	700	806	938	687	816	891	6339	808	1053	1256	1143
Cd40_+_165055700.23-P1P2	Cd40	876	953	1090	1015	1083	1144	8325	1043	1230	1958	1293
Daxx_-_33909839.23-P1P2	Daxx	627	679	713	630	685	736	5866	739	833	1019	858
Cfdp1_-_111854313.23-P1P2	Cfdp1	396	368	539	387	421	508	3187	449	536	690	321
Bcl2_-_106714248.23-P1P2	Bcl2	936	987	1085	1047	993	1149	8359	1106	1209	1609	1073
Chmp1a_+_123212728.23-P1P2	Chmp1a	1398	1517	1638	1305	1650	1842	13207	1761	2221	2527	2063
Ampd2_-_108085326.23-P2	Ampd2_P2	675	638	789	600	627	748	5566	605	896	1070	938
Glp1r_+_30902206.23-P1P2	Glp1r	578	578	778	693	762	867	6344	864	995	1112	906
Oxr1_-_41789546.23-ENSMUST00000090095.5,ENSMUST00000022918.7	Oxr1	973	979	1080	779	966	1146	8630	1048	1523	1582	1401
Tbk1_+_121586744.23-P1P2	Tbk1	544	565	610	542	634	721	5435	591	990	1022	889
Gpx6_+_21312279.23-P1P2	Gpx6	436	325	520	431	290	359	3553	314	609	830	739
Ywhaq_+_21417519.23-P1P2	Ywhaq	708	844	761	787	944	1027	7334	908	1129	1541	1021
Igfals_+_24878839.23-P1P2	Igfals	706	639	874	724	879	980	6770	914	1005	1381	852
Nedd4_+_72662532.23-P1P2	Nedd4	625	606	669	722	623	777	5592	752	1037	1218	1073
Adora1_-_134234825.23-P1P2	Adora1	607	759	735	683	779	856	6296	738	959	974	874
Fgfr4_+_55153038.23-P1P2	Fgfr4	405	527	935	642	841	682	5188	676	984	1118	712
Glul_+_153899998.23-P1P2	Glul	751	572	829	717	851	873	6904	883	1166	1320	1202
Prnp_-_131909999.23-P1P2	Prnp	669	501	795	644	681	844	6020	758	695	1267	1047
Vcam1_+_116129387.23-P1P2	Vcam1	434	443	530	401	455	537	4201	450	612	869	556
Taf15_+_83473150.23-P1P2	Taf15	858	986	860	976	1028	1143	7991	1022	1230	1953	1474
Ppargc1a_+_51553863.23-P1P2	Ppargc1a	931	985	1101	883	1061	1388	9186	1122	1556	1635	1525
Cox8b_-_140900327.23-P1P2	Cox8b	561	515	640	599	721	728	5577	715	907	1217	868
Tmem119_+_113800329.23-P1P2	Tmem119	905	744	944	798	974	1053	7824	1054	1223	1483	1063
Ppp1r1b_-_98348717.23-P1P2	Ppp1r1b	682	618	816	725	714	808	6403	732	968	1245	784
Ccdc88a_+_29374114.23-P1P2	Ccdc88a	1033	1144	939	966	1066	1396	9265	1331	1376	2012	1387
Tbce_+_14039561.23-P1P2	Tbce	755	758	1035	896	868	1022	7863	965	969	1617	1097
Vdac3_+_22593567.23-P1P2	Vdac3	283	348	389	382	453	530	3453	294	470	742	379
Fa2h_+_111393804.23-P1P2	Fa2h	814	762	829	719	820	1031	7166	792	1001	1435	1014
Slc12a1_-_125152617.23-P1P2	Slc12a1	562	506	555	572	563	608	4621	554	903	991	800
Cox7a2_-_79759789.23-P1P2	Cox7a2	528	588	739	711	626	644	5523	650	858	1049	844
Vac14_-_110618651.23-P1P2	Vac14	722	773	629	666	725	776	6054	724	1019	1174	764
Psma4_+_54951034.23-P1P2	Psma4	618	591	793	841	586	696	5048	605	413	707	372
Uqcrc1_+_108936728.23-P1P2	Uqcrc1	531	463	621	535	648	734	5563	719	776	1005	908
Slc8a3_-_81333157.23-P1P2	Slc8a3	682	500	622	581	556	714	5072	562	662	975	750
Epo_-_137533207.23-P1P2	Epo	910	980	1267	878	1065	1371	8943	1159	1788	1956	1418
Gdap1_-_17145482.23-P1P2	Gdap1	594	472	731	514	561	616	4985	643	869	991	676
Epha8_+_136956786.23-P1P2	Epha8	743	716	873	787	867	936	6716	932	1005	1436	975
Fis1_+_136953304.23-P2	Fis1_P2	490	479	610	505	517	601	4518	592	778	1086	632
Dnah12_+_26771335.23-ENSMUST00000073309.4	Dnah12	384	439	505	493	490	571	4447	551	675	841	511
Il2_-_37125948.23-P1P2	Il2	1035	913	1161	936	1088	1378	9192	1250	1622	1670	1351
Gtf2h1_-_46796138.23-P1P2	Gtf2h1	670	594	879	671	642	927	6182	737	1239	1239	839
Pink1_-_138326223.23-P1P2	Pink1	657	845	792	849	883	926	7935	1032	1434	1679	1338
Wnt11_+_98835180.23-P1	Wnt11_P1	569	866	968	905	918	1132	8284	955	1295	1775	1334
Dnah3_-_120095306.23-P1P2	Dnah3	624	532	592	653	733	869	6311	727	1237	1322	916
non-targeting_01726	non-targeting	655	839	830	801	788	947	7116	893	1180	1448	970
Padi2_+_140906416.23-P1	Padi2_P1	754	757	931	706	878	1029	7313	978	924	1487	1127
Csf1_-_107760211.23-P1P2	Csf1	926	714	956	1077	1016	1026	8269	1034	1435	1588	1164
Tlr2_+_83841518.23-P1P2	Tlr2	473	642	661	578	627	788	5754	572	693	1232	912
Txn2_+_77927881.23-P2	Txn2_P2	644	627	687	524	784	893	6712	927	877	1341	788
Maneal_+_124862186.23-P1P2	Maneal	636	710	974	799	941	948	7476	973	1279	1843	1203
Lyst_+_13590432.23-P1P2	Lyst	635	696	754	683	848	847	6828	858	915	1083	949
H2-M1_-_36671865.23-P1P2	H2-M1	790	864	884	763	802	876	6160	791	1106	1343	1022
Dnah17_-_118129081.23-ENSMUST00000106308.3,ENSMUST00000084803.5	Dnah17	1101	1072	915	1137	1132	1270	10104	1202	1348	1956	1386
Rasgrf1_-_89909938.23-P1P2	Rasgrf1	648	622	624	779	698	670	5730	632	844	1138	916
Chat_-_32465827.23-P2	Chat_P2	284	169	352	323	416	364	2928	361	431	658	407
Plxna4_+_32588178.23-P1P2	Plxna4	632	462	619	575	628	679	5134	547	803	1005	853
Hspd1_+_55087838.23-P1P2	Hspd1	821	707	900	703	758	852	6443	861	1101	1310	1327
Psmd1_+_86064735.23-P1P2	Psmd1	769	719	873	659	707	946	6026	757	771	1275	786
Bace1_+_45838608.23-P1P2	Bace1	527	410	492	546	533	535	3986	615	618	927	559
Pus1_-_110780534.23-P1P2	Pus1	673	739	938	721	965	914	6799	974	1018	1320	1170
Cacna1s_+_136052824.23-P1P2	Cacna1s	491	530	674	451	645	739	5445	646	863	1148	759
Dlst_+_85110934.23-P1P2	Dlst	453	427	534	353	498	525	4167	500	643	775	761
Pla2g5_-_138819106.23-P1P2	Pla2g5	411	297	604	448	549	513	4301	561	710	884	757
Txnrd1_-_82859456.23-P1P2	Txnrd1	622	719	935	779	775	913	6619	750	1426	1482	771
Nr3c1_-_39490444.23-P1P2	Nr3c1	756	942	911	782	901	893	7297	911	1057	1493	1091
Lrp5_+_3686518.23-P1P2	Lrp5	714	676	761	825	740	871	6446	826	776	1350	880
Elovl5_+_77917490.23-P1P2	Elovl5	658	733	820	731	808	844	6637	868	1066	1357	886
S100a10_+_93555218.23-P1P2	S100a10	701	725	830	656	751	913	6429	770	1215	1140	906
Trap1_+_4077807.23-P1P2	Trap1	460	378	671	455	545	730	4897	600	830	841	652
Xrcc1_+_24547276.23-P1P2	Xrcc1	1075	1077	1107	1066	1080	1131	8815	1193	1427	1785	1105
Nfkb1_+_135691446.23-P1P2	Nfkb1	512	440	603	642	589	669	4741	358	809	985	669
Dbh_+_27165532.23-P1P2	Dbh	592	613	860	690	705	853	6166	796	1148	1271	740
Ctsd_+_142387612.23-P1P2	Ctsd	911	866	1042	861	926	942	7443	810	691	989	449
Ube3a_+_59228835.23-P1P2	Ube3a	495	700	937	637	773	741	6395	778	877	1241	1022
Ralgps2_-_156939560.23-P1P2	Ralgps2	337	385	590	395	485	496	4043	534	655	711	681
Pak3_-_143664367.23-P1	Pak3_P1	638	722	760	621	683	760	6052	668	1009	1135	940
Atxn7_+_14012674.23-P1P2	Atxn7	1122	897	1080	1035	1247	1404	9887	1346	1508	1969	1346
Ptn_+_36810137.23-P1P2	Ptn	654	422	582	656	589	689	4921	612	730	1002	663
Comt_+_18426347.23-P1P2	Comt	979	790	1168	990	1174	1209	8746	1150	1331	2013	1269
Lmnb2_-_80918171.23-P1P2	Lmnb2	446	399	646	493	614	736	4922	753	661	800	748
Dnah12_-_26771069.23-ENSMUST00000073309.4	Dnah12	737	628	707	540	725	801	6357	687	1259	1305	913
Gch1_-_47189301.23-P1P2	Gch1	611	779	992	828	812	901	7048	693	1021	1417	930
Hif1a_+_73908049.23-P1P2	Hif1a	705	706	662	705	894	902	6535	720	990	1380	940
Hap1_+_100356029.23-P1P2	Hap1	769	638	808	710	743	925	6215	822	1193	1460	922
Psmc5_-_106256319.23-P1P2	Psmc5	206	305	273	290	301	322	2789	231	386	658	377
Hspb8_-_116422804.23-P1P2	Hspb8	402	477	495	534	587	670	5161	574	902	842	849
Anxa11_-_25842250.23-P1P2	Anxa11	1048	898	1195	982	1210	1279	9772	1355	1726	2203	1652
Ndufb5_+_32737140.23-P1P2	Ndufb5	399	285	357	302	361	516	3555	433	474	832	597
Nbn_-_15958130.23-P1P2	Nbn	882	829	1198	819	1106	1119	8494	1016	1562	1920	1449
non-targeting_00810	non-targeting	513	535	534	473	565	507	4634	542	718	1061	627
Slc17a6_-_51622118.23-P1P2	Slc17a6	910	825	722	788	961	1157	7560	838	1108	1596	965
Ins2_+_142679617.23-P1	Ins2_P1	669	580	726	665	755	717	5982	829	835	1149	995
Ppp5c_+_17027827.23-P1P2	Ppp5c	716	648	753	587	701	781	5982	797	1007	1171	1018
Nhlrc1_-_47014827.23-P1P2	Nhlrc1	445	460	380	482	500	614	4617	672	730	900	649
Ppp1r1b_-_98348738.23-P1P2	Ppp1r1b	644	607	657	575	687	827	5988	815	1045	1371	836
Mars2_+_55237276.23-P1P2	Mars2	255	316	392	361	432	495	3279	409	515	663	314
Klk6_-_43824562.23-P1P2	Klk6	597	449	563	523	512	519	4473	529	690	946	588
Mgst3_-_167393753.23-P1P2	Mgst3	644	727	808	628	736	713	5978	701	880	1037	740
Lmx1b_+_33640843.23-P1P2	Lmx1b	860	748	957	669	871	922	7043	960	1307	1332	1001
Gsn_+_35256437.23-P1	Gsn_P1	766	801	873	764	996	1026	7487	909	1136	1472	944
Ttc19_-_62281510.23-P1P2	Ttc19	480	693	614	675	704	738	5872	754	965	1123	611
Sncg_-_34374624.23-P1P2	Sncg	736	539	830	628	816	846	6438	842	1133	1394	966
Ndufb10_+_24724372.23-P1P2	Ndufb10	1440	1603	1934	1633	1861	2129	15022	1964	2510	3232	2317
Ndufa9_-_126849101.23-P1P2	Ndufa9	369	340	537	383	483	463	3942	509	724	599	657
Optn_-_5063987.23-P1P2	Optn	536	411	599	445	519	529	4160	627	560	830	539
Gba_+_89202959.23-P1P2	Gba	547	552	561	488	527	674	5182	620	760	1014	603
Hsf1_+_76477467.23-P1P2	Hsf1	592	460	672	486	630	753	5861	740	863	946	965
Btn1a1_-_23465839.23-P1P2	Btn1a1	458	456	635	563	607	716	4882	557	845	929	848
Ccl2_+_82035611.23-P1P2	Ccl2	706	769	860	675	821	960	6745	770	949	1566	1228
Gjb1_-_101377345.23-P1P2	Gjb1	819	985	1101	975	958	1099	7921	1037	1269	1671	1396
Dnah7c_+_46609005.23-ENSMUST00000178395.1	Dnah7c	430	323	492	395	413	478	3845	527	767	760	517
Clu_+_65968685.23-P1	Clu_P1	1457	1388	1771	1382	1641	1908	13293	1615	1734	2688	1809
Kat2b_+_53567061.23-P1P2	Kat2b	760	572	886	773	876	996	7341	854	1047	1580	1016
Hspa14_-_3512708.23-P1P2	Hspa14	931	746	755	839	829	986	7021	890	1015	1338	990
Cd200_+_45408862.23-P1P2	Cd200	621	587	589	561	688	691	5901	806	908	1235	780
Hcrt_-_100762871.23-P1P2	Hcrt	621	650	686	644	704	1013	6318	800	884	1262	906
Igf1_+_87861379.23-P2	Igf1_P2	717	597	718	518	714	746	6496	662	904	1178	885
Il13_-_53634595.23-P1P2	Il13	540	737	766	715	850	1023	6770	826	1177	1584	853
Pklr_+_89136159.23-P1P2	Pklr	508	378	450	331	555	553	4266	537	847	906	470
Pcna_-_132252774.23-P1P2	Pcna	715	745	783	730	903	932	6972	866	1082	1322	781
Agrn_+_156186172.23-P2	Agrn_P2	306	293	391	332	388	418	3391	374	569	564	398
Tmem63c_-_87026560.23-P1P2	Tmem63c	354	305	410	403	332	390	3555	417	696	599	529
Fzd4_-_89404391.23-P1P2	Fzd4	394	355	421	369	425	486	3895	552	635	775	526
Emilin1_-_30913630.23-P1P2	Emilin1	465	527	571	483	515	729	4904	535	896	1022	774
Apc_-_34247721.23-P2	Apc_P2	414	566	594	647	491	734	4826	576	634	838	440
Aco2_-_81872570.23-P1P2	Aco2	563	646	715	548	700	792	5791	595	1102	1382	803
Serpina3k_-_104338402.23-P1P2	Serpina3k	392	416	609	473	487	598	4212	537	546	725	770
Atp2a1_+_126463068.23-P1P2	Atp2a1	1104	910	1169	1290	1280	1407	9591	1212	1357	2231	1525
Cox7a2_-_79759510.23-P1P2	Cox7a2	459	466	525	455	488	581	4997	599	807	1119	897
Vac14_+_110618638.23-P1P2	Vac14	1062	919	1115	867	1015	1150	8206	1058	904	1274	1030
Atg7_+_114643159.23-P1P2	Atg7	963	942	1169	918	1077	1247	9394	1253	1356	2034	1182
Wipi2_-_142629591.23-P1P2	Wipi2	308	373	383	346	410	478	3420	458	500	661	426
Slc9a5_-_105348206.23-P1P2	Slc9a5	590	563	585	664	707	784	5599	713	924	1248	819
Coq2_-_100674279.23-P1P2	Coq2	627	946	1016	969	893	986	7837	878	1037	1578	1192
Slc25a38_-_120110429.23-P1	Slc25a38_P1	668	631	765	687	763	1076	6982	855	1020	1447	1205
Nhlrc1_-_47014821.23-P1P2	Nhlrc1	761	763	979	793	960	1126	7034	824	1171	1495	1106
Abcb1b_-_8798188.23-P1P2	Abcb1b	645	597	639	489	722	785	5543	677	806	976	949
Pde4a_+_21196785.23-P1	Pde4a_P1	743	711	776	586	775	858	6184	799	877	1272	932
Gpx8_-_113046368.23-P1P2	Gpx8	657	578	757	708	783	700	6205	701	1058	1323	979
Ndufs3_-_90904706.23-P1P2	Ndufs3	984	857	1113	961	1049	1235	8502	1170	1341	1945	1119
Ndufa9_-_126849072.23-P1P2	Ndufa9	330	358	408	455	347	391	3304	422	566	588	370
Acan_-_79053280.23-P1P2	Acan	665	734	698	637	752	898	6365	712	1200	1303	963
Xk_-_9272981.23-P1P2	Xk	986	897	1008	1056	1029	1170	8559	1276	1123	1603	1413
Vps13d_-_144974551.23-ENSMUST00000097796.2	Vps13d	368	376	577	505	502	475	3972	435	618	800	786
Ptbp2_-_119783273.23-P1P2	Ptbp2	765	894	1086	861	924	989	8098	904	1106	1570	905
Hip1_-_135545081.23-P1P2	Hip1	449	553	618	522	624	738	5327	711	938	1119	850
Tmem175_-_108629905.23-P1P2	Tmem175	898	735	751	763	805	855	6678	849	1242	1422	1271
Cacna1c_+_118757922.23-ENSMUST00000112825.2	Cacna1c	656	615	823	608	774	722	6723	662	948	1349	872
Calm4_-_3838144.23-ENSMUST00000042219.4	Calm4	582	532	849	637	663	729	5512	568	859	1192	990
Csnk2a1_+_152226820.23-P1P2	Csnk2a1	554	413	636	586	564	639	5047	772	740	1054	719
Aco2_+_81872537.23-P1P2	Aco2	975	1078	1166	1042	1200	1198	9688	1213	1473	1809	1682
Msh2_-_87672779.23-P1P2	Msh2	649	637	851	789	841	829	7528	893	1041	1448	1124
Ap4e1_-_127008765.23-P1P2	Ap4e1	723	767	781	637	771	797	5990	735	924	1374	912
Ulk2_+_61854995.23-P1P2	Ulk2	768	904	888	950	864	1095	7379	1063	1208	1539	1329
Ndufa5_+_24527542.23-P1P2	Ndufa5	908	784	1052	801	936	970	8011	864	1530	1514	1276
Ndufb7_-_83566788.23-P1P2	Ndufb7	652	726	822	756	768	850	6753	886	1126	1365	884
Vdac1_-_52361164.23-P1P2	Vdac1	890	979	1098	841	982	1266	8073	993	1348	1905	1306
Rest_-_77265551.23-P1P2	Rest	647	790	882	715	761	915	6010	741	1394	1567	1297
Kcne3_-_100178771.23-P1	Kcne3_P1	494	347	558	439	547	542	4170	564	657	896	617
Cdk6_+_3343927.23-P1P2	Cdk6	1019	958	1325	1114	1095	1247	9549	1267	1838	2132	1493
Tcerg1_-_42511542.23-P1P2	Tcerg1	754	642	897	788	886	817	7051	972	889	1188	828
Pank2_+_131262592.23-P1P2	Pank2	787	685	545	554	707	861	5970	824	988	1345	957
Cd200r3_+_44943927.23-P1P2	Cd200r3	699	697	652	648	705	966	6436	806	1314	1242	1360
Kitl_+_100015846.23-P1P2	Kitl	1008	1000	1110	1202	1259	1299	9834	1150	1530	1958	1591
Vps35_+_85299508.23-P1P2	Vps35	1005	856	1124	871	1012	1077	8667	1019	1439	1870	1158
Dnal1_-_84114381.23-P1P2	Dnal1	219	275	202	214	306	363	2424	323	343	437	402
Tpo_-_30132595.23-P1P2	Tpo	925	926	1202	1041	1095	1249	9479	1085	1301	2030	1169
Vps37a_+_40511906.23-P1P2	Vps37a	747	644	881	746	814	901	7393	972	1291	1557	1048
Serpina1a_-_103863619.23-P1P2	Serpina1a	608	686	764	554	764	762	5949	748	1278	1122	968
Exosc1_-_41933255.23-P1P2	Exosc1	542	464	692	524	797	943	6370	843	1059	1095	1101
Atg2a_-_6241700.23-P1P2	Atg2a	835	721	996	848	787	1089	7576	1036	1123	1610	1450
Slc25a4_+_46210955.23-P1P2	Slc25a4	644	689	756	693	746	874	6491	735	1023	1407	1128
Map2k1_+_64253577.23-P1P2	Map2k1	747	668	916	836	848	1099	7615	866	1008	1668	1229
Myoc_+_162639403.23-P1P2	Myoc	669	593	670	537	703	700	5938	646	1066	1236	887
Gtf2h1_-_46796160.23-P1P2	Gtf2h1	692	757	889	690	821	797	6284	763	906	1034	631
Cln8_-_14888921.23-P1P2	Cln8	569	518	684	521	622	680	4975	646	654	1104	795
Atxn3_-_101958142.23-P1P2	Atxn3	924	947	1032	881	1003	1253	8694	1094	1258	1749	1154
Pvalb_-_78206340.23-P1	Pvalb_P1	415	473	521	383	502	561	4581	561	666	829	577
Scn11a_+_119825277.23-P1P2	Scn11a	384	420	594	527	559	662	4752	669	854	1014	649
Elavl3_+_22051950.23-P1P2	Elavl3	1179	1115	1267	1114	1219	1370	10496	1187	1570	1949	1630
Padi2_-_140924342.23-P2	Padi2_P2	404	600	524	475	595	603	4886	558	639	984	624
Unc13a_-_71671704.23-P1P2	Unc13a	609	468	745	553	650	764	5221	689	1011	1334	910
Casp8_-_58795415.23-P1P2	Casp8	551	544	631	550	528	640	5077	548	764	934	870
Qprt_-_127121986.23-P1P2	Qprt	1050	1007	1106	961	980	1130	8212	1056	1313	1723	1282
Wnt1_+_98789857.23-P1P2	Wnt1	676	655	762	604	708	720	5627	695	792	1306	1008
Ubb_-_62551733.23-P1P2	Ubb	655	659	763	684	377	466	3579	356	189	445	164
Il15_+_82402974.23-P1P2	Il15	726	844	950	793	967	985	7664	971	1381	1339	1223
Ifng_+_118441029.23-P1P2	Ifng	758	574	852	747	701	911	6452	600	923	1443	946
Nanog_-_122707642.23-P1P2	Nanog	385	377	550	411	524	701	4276	570	552	829	767
Il13ra1_+_36112152.23-P1P2	Il13ra1	618	673	763	575	769	844	6193	768	934	1147	1016
Nqo1_-_107403170.23-P1P2	Nqo1	370	484	590	421	549	537	4195	533	847	794	546
Mtdh_+_34082893.23-P1P2	Mtdh	464	417	556	550	528	570	4480	470	757	808	690
Prph_+_99055177.23-P1P2	Prph	608	777	791	789	847	820	6710	855	1214	1515	1013
Gria2_+_80802581.23-P1P2	Gria2	562	588	829	595	663	771	5619	627	735	1142	1024
Pon2_+_5298269.23-P1P2	Pon2	626	717	985	663	776	996	6736	899	1329	1560	1233
Il13_-_53634683.23-P1P2	Il13	719	677	830	750	924	1067	7851	1002	1075	1630	1139
Ppid_-_79591422.23-P1P2	Ppid	766	793	770	908	894	863	7233	921	1246	1583	1095
Eif2s2_+_154892838.23-P1P2	Eif2s2	325	381	620	393	508	448	3810	472	782	864	492
Actr10_-_70937985.23-P1P2	Actr10	637	624	944	760	710	897	6492	862	1011	1143	926
Npc1_-_12236340.23-P1P2	Npc1	933	784	915	934	950	1108	8255	955	1139	1428	1020
Ubap1_-_41349094.23-P1P2	Ubap1	542	748	794	632	290	356	2853	199	103	359	183
Cox7a1_+_30184238.23-P1P2	Cox7a1	905	821	954	808	958	1142	7694	917	1150	1593	1372
Pank1_+_34877859.23-P1P2	Pank1	546	543	624	556	655	647	5000	680	842	917	782
Kcnc1_+_46396487.23-P1P2	Kcnc1	1401	1216	1540	1479	1558	1645	12946	1675	2124	2540	2123
Ager_-_34597859.23-P1P2	Ager	716	726	819	984	893	891	6888	802	1131	1453	1152
Wnt10b_-_98778508.23-P1P2	Wnt10b	505	481	623	465	631	658	5113	619	707	814	654
Prickle1_+_93519498.23-P2	Prickle1_P2	440	458	629	603	705	687	5024	647	703	903	700
Cox7a2_+_79759634.23-P1P2	Cox7a2	625	547	567	540	641	732	5211	767	888	941	882
Gdap2_+_100162501.23-P1P2	Gdap2	395	366	554	498	540	705	4561	596	893	934	605
Pla2g1b_-_115466324.23-P1P2	Pla2g1b	437	276	457	359	409	446	3610	427	471	665	521
Spast_+_74338737.23-P1P2	Spast	610	608	820	790	755	1082	6769	799	1106	1214	1023
Nt5c2_+_46962274.23-P1P2	Nt5c2	805	812	1025	937	1052	1175	8688	1124	1368	2038	1300
Ndufb11_-_20617633.23-P1P2	Ndufb11	953	832	1080	753	1094	1198	8550	907	1154	1563	1470
Cdc27_-_104550098.23-P1P2	Cdc27	537	468	548	482	455	627	4559	598	686	992	805
Ndufb4_+_37654127.23-P1P2	Ndufb4	834	864	964	907	1092	1148	8462	1113	1327	1651	1190
Lyst_-_13590493.23-P1P2	Lyst	454	581	688	539	582	647	4796	716	683	940	758
Axin1_-_26138698.23-P1P2	Axin1	619	525	619	652	667	784	5668	725	842	952	707
Sugp1_+_70043087.23-P1P2	Sugp1	687	655	873	719	774	933	6587	792	1057	1298	1131
Synj1_+_91011001.23-P1P2	Synj1	1084	862	1175	927	1050	1361	8997	1235	1428	1536	1507
Fgf2_+_37348382.23-ENSMUST00000138563.2	Fgf2	555	496	708	553	572	666	5523	653	881	1101	955
Mthfr_-_148039219.23-P1	Mthfr_P1	881	811	1055	902	972	1142	8073	1004	1306	1734	1385
Casp7_+_56397286.23-P1P2	Casp7	569	716	713	640	818	799	5892	755	1135	1454	870
Nalcn_-_123627015.23-P1P2	Nalcn	629	1096	1068	1072	974	1106	8612	836	1224	1691	1258
Chchd2_-_129887426.23-P1P2	Chchd2	1214	1381	1457	1238	1362	1559	12229	1499	1718	2502	1720
Cnr1_-_33924687.23-P1P2	Cnr1	628	641	809	717	783	861	6560	731	1019	1332	894
Elovl4_-_83806064.23-P1P2	Elovl4	617	617	664	606	773	832	5776	771	1094	1278	831
Prickle2_-_92706209.23-P1	Prickle2_P1	679	636	758	565	641	755	5509	715	1037	1112	801
non-targeting_01766	non-targeting	879	962	1176	1100	1158	1396	10093	1283	1411	1969	1353
Mecp2_-_74085366.23-P1P2	Mecp2	329	347	360	241	369	416	3100	406	418	566	336
Rbfox3_+_118909491.23-P1P2	Rbfox3	465	346	510	440	476	591	4151	536	627	854	749
Ung_-_114131245.23-P1P2	Ung	855	886	1119	826	942	1130	8305	957	1338	1723	1283
Hip1_+_135544873.23-P1P2	Hip1	1641	1296	1860	1775	1604	2032	14988	1729	2660	3304	2289
Psmd1_+_86064692.23-P1P2	Psmd1	604	648	709	637	740	867	6325	768	809	1129	816
Sirt3_+_140881751.23-P1P2	Sirt3	995	1018	1125	1202	1101	1326	9665	1141	1529	2046	1426
Slc2a1_-_119108871.23-P1P2	Slc2a1	958	857	1118	796	1008	1250	8786	1040	1377	1927	1283
Nop56_-_130274696.23-P1P2	Nop56	339	350	367	343	401	443	3101	392	200	380	341
Pax6_+_105669139.23-P1	Pax6_P1	898	825	873	942	869	1066	7476	834	1288	1853	1178
Padi4_+_140774164.23-P1	Padi4_P1	619	505	825	648	654	797	5254	631	758	1306	806
Tuba3b_-_145616054.23-P1P2	Tuba3b	934	1120	1036	1107	1180	1351	10333	1240	1597	1869	1191
Timm8a1_-_134541842.23-P1P2	Timm8a1	713	753	766	774	749	883	6451	773	1104	1346	1111
Ly6e_+_74955731.23-P1P2	Ly6e	252	181	300	245	339	384	2457	288	377	412	309
Trpv4_+_114658390.23-P1P2	Trpv4	790	697	898	876	785	972	7139	862	921	1760	1391
Tmem240_-_155734879.23-P1P2	Tmem240	558	461	532	510	391	491	3388	362	370	599	389
Lgi1_+_38264806.23-P1P2	Lgi1	983	1012	1165	1127	1264	1404	10828	1405	1673	2122	1590
Nras_-_103058352.23-P1P2	Nras	683	609	885	697	919	927	6843	901	1226	1431	1237
Nanog_-_122707612.23-P1P2	Nanog	728	630	734	685	790	852	6781	938	981	1468	1153
Notch3_+_32166883.23-P1P2	Notch3	709	646	683	658	737	885	6397	742	1045	1387	902
Tomm20_-_126945584.23-P1P2	Tomm20	592	657	857	777	899	1018	6772	947	975	1412	1058
Psmd12_-_107479733.23-P1P2	Psmd12	809	1004	1038	823	1076	1148	7898	1089	1371	1594	1110
Chmp1a_-_123212754.23-P1P2	Chmp1a	1605	1567	1884	1404	1739	2002	14502	1707	2281	2917	2025
Cd40lg_-_57212310.23-P1P2	Cd40lg	450	344	556	394	464	508	3701	488	562	849	667
Lrriq3_-_155093557.23-P1P2	Lrriq3	582	700	805	657	662	760	5901	650	1133	1237	976
Cxcr4_+_128592255.23-P1P2	Cxcr4	748	587	936	801	868	943	6786	853	1155	1302	1113
Adcyap1_+_93199201.23-P1P2	Adcyap1	915	1100	1147	1054	1200	1379	10232	1174	1663	2103	1544
Glb1_-_114401183.23-P1P2	Glb1	540	493	585	586	620	612	4936	537	598	980	837
Psmd13_+_140882414.23-P1P2	Psmd13	649	565	779	446	591	633	5129	635	725	975	736
Actr1a_+_46395693.23-P1P2	Actr1a	980	975	957	1003	970	1200	8436	1301	1287	1805	1156
Tbce_+_14039547.23-P1P2	Tbce	426	248	442	362	443	435	3520	449	501	614	467
Idua_-_108669300.23-P1P2	Idua	747	809	1055	855	946	1109	8155	924	1189	1438	1262
Zfyve26_+_79296071.23-P1P2	Zfyve26	718	525	1024	776	837	1075	7416	995	1073	1314	972
Ang2_+_51195879.23-ENSMUST00000051274.1	Ang2	1166	1258	1527	1129	1529	1552	11905	1401	1889	2536	1772
non-targeting_01168	non-targeting	889	684	833	800	960	1000	7677	933	1165	1464	952
Ryr2_-_12106598.23-P1P2	Ryr2	553	584	535	507	468	615	4390	545	754	1048	851
Smpd1_+_105554507.23-P1P2	Smpd1	512	602	481	515	519	621	4917	627	773	988	830
Dnah3_-_120095293.23-P1P2	Dnah3	889	844	1054	915	1010	1181	8616	1066	1382	1627	1187
Tuba3b_-_145616065.23-P1P2	Tuba3b	775	691	1016	729	801	850	6779	863	1258	1368	866
Wnt2_-_18030125.23-P1P2	Wnt2	532	451	667	486	608	575	5210	562	760	1137	940
Morc2b_+_33139604.23-P1P2	Morc2b	396	417	475	378	385	386	3244	437	586	778	505
Nox4_-_87246883.23-P1P2	Nox4	539	608	598	689	704	750	5581	654	866	1086	770
Trrap_-_144768261.23-P1P2	Trrap	672	719	855	615	883	890	6404	777	1047	1198	1131
Npc2_-_84772871.23-P1P2	Npc2	454	528	626	591	669	842	5243	674	422	714	579
Rab10_-_3309900.23-P1P2	Rab10	701	753	858	670	825	855	6478	795	1016	1270	871
Syt1_+_109010847.23-P1P2	Syt1	740	810	875	875	960	1103	8171	1098	1688	1583	1346
Ndufa10_-_92473771.23-P1P2	Ndufa10	1790	1646	1952	1756	1816	2326	15322	1760	2324	3022	2363
Taf15_+_83473131.23-P1P2	Taf15	757	752	799	614	685	732	6139	627	1025	1328	1007
Ube2j1_+_33031580.23-P1P2	Ube2j1	520	661	910	682	754	891	5991	715	971	1375	819
Pus1_+_110780392.23-P1P2	Pus1	487	433	650	553	553	549	4839	489	910	1084	843
Smcr8_+_60777611.23-P1P2	Smcr8	645	643	774	709	799	838	6897	788	1062	1225	908
Cst3_-_148875423.23-P1P2	Cst3	259	263	331	293	287	353	2752	294	394	588	436
non-targeting_03259	non-targeting	772	707	880	750	855	972	7130	907	1053	1428	1240
Gpnmb_-_49036675.23-P1P2	Gpnmb	805	690	903	796	659	910	6896	824	862	1369	894
Il13ra1_+_36112176.23-P1P2	Il13ra1	500	365	525	460	592	542	4552	574	672	943	743
non-targeting_02224	non-targeting	858	847	958	820	1055	1109	7923	1040	1388	1623	1056
Bean1_+_104170576.23-P1P2	Bean1	654	650	684	624	754	877	6223	806	1142	1167	976
Sox3_-_60893377.23-P1P2	Sox3	612	529	780	707	775	709	6332	756	1143	1265	969
Sh3tc2_+_61953056.23-P1P2	Sh3tc2	488	487	608	392	569	649	4815	590	798	1058	523
Chchd10_-_75935920.23-P1P2	Chchd10	678	662	645	606	705	832	6130	871	1019	1269	795
Ndufv2_+_66101487.23-P1P2	Ndufv2	636	697	766	729	833	1002	6087	810	1016	1254	915
Nbr1_-_101552944.23-P1P2	Nbr1	665	815	935	777	863	995	7793	876	1144	1503	1190
Csnk2b_-_35121231.23-P1P2	Csnk2b	381	567	537	389	370	381	3660	389	753	793	530
Nbr1_+_101552859.23-P1P2	Nbr1	674	719	890	718	839	1051	7322	846	1295	1615	1018
Cox7a1_-_30184222.23-P1P2	Cox7a1	772	523	803	701	777	905	6500	753	931	1418	999
Gstm2_+_107986418.23-P1P2	Gstm2	985	1125	990	1023	1189	1299	9504	1135	1828	1824	1334
Arih1_+_59486648.23-P1P2	Arih1	601	718	583	716	791	862	6360	852	1048	1379	1098
Kif5b_+_6241487.23-P1P2	Kif5b	879	941	878	684	849	945	7412	956	1257	1489	965
Sptlc3_+_139494107.23-P1P2	Sptlc3	629	614	757	582	809	795	5818	741	1016	1335	757
Ndufa3_-_3617422.23-P1P2	Ndufa3	668	745	903	747	973	829	7129	898	927	1334	901
Ralgps2_+_156939581.23-P1P2	Ralgps2	856	800	917	882	803	1043	7711	965	1084	1442	1001
Egf_+_129755229.23-P1P2	Egf	534	675	868	691	638	766	6090	690	932	1362	1006
Pfn1_+_70654615.23-P1P2	Pfn1	839	993	1161	1101	1128	1245	9004	1076	1196	2140	1546
Itm2b_+_73368385.23-P2	Itm2b_P2	916	863	1082	1085	1080	1249	9248	1152	1607	2202	1445
Apoa1_-_46228736.23-P1P2	Apoa1	501	517	593	455	578	745	4824	592	653	914	673
Pon1_-_5193750.23-P1P2	Pon1	777	799	1045	931	972	1149	7805	780	1303	1659	1160
Alb_+_90460901.23-P1P2	Alb	727	654	833	822	912	900	6744	849	1175	1288	922
Ndufs1_-_63176673.23-P1P2	Ndufs1	514	624	557	447	521	630	4432	507	560	824	523
Gstm3_+_107969093.23-P1P2	Gstm3	604	561	650	437	589	588	4602	521	802	710	572
Vamp1_+_125231267.23-P2	Vamp1_P2	410	339	336	378	434	468	3443	477	690	607	497
Atm_-_53536704.23-P1P2	Atm	676	568	690	587	783	771	6001	618	941	1228	764
Nars2_+_96951611.23-P1P2	Nars2	758	698	707	610	766	861	6286	729	816	1142	929
Ttpa_-_20008433.23-P1P2	Ttpa	770	854	954	1064	980	1135	8715	1051	1262	1589	785
Ndufa12_-_94199240.23-P1P2	Ndufa12	1270	1193	1136	946	1256	1368	9859	1340	1589	2086	1333
Ndufb3_+_58586801.23-P1P2	Ndufb3	590	650	758	574	571	802	5722	665	869	1132	701
Xpnpep1_+_53038565.23-P1P2	Xpnpep1	864	1038	1248	871	1031	1207	8945	1124	1766	1855	1558
Apod_+_31314576.23-P1P2	Apod	725	644	726	591	798	811	6033	711	1095	1089	971
Cd55_+_130462719.23-P1P2	Cd55	439	362	528	401	487	494	4174	469	615	807	505
Ang6_-_44002249.23-ENSMUST00000096869.2	Ang6	436	510	472	603	634	741	4956	606	739	814	591
Aga_-_53511807.23-P1P2	Aga	525	529	586	380	512	623	4493	553	794	852	611
Csf1r_+_61105913.23-P1P2	Csf1r	698	671	910	730	838	830	6784	837	1090	1085	973
Mthfr_+_148041442.23-P2	Mthfr_P2	803	664	720	656	781	829	6382	852	797	1356	959
Ndufs3_-_90904716.23-P1P2	Ndufs3	999	1036	1040	911	1080	1229	8803	1043	1147	1685	1397
Atp13a2_-_140986910.23-P1P2	Atp13a2	927	831	889	937	974	1224	8233	1019	1316	1482	1055
Capn1_-_6015186.23-P1P2	Capn1	706	538	961	816	786	914	6645	815	1154	1359	1112
Gpx8_-_113046354.23-P1P2	Gpx8	388	344	502	448	463	510	3543	434	573	837	377
Becn1_+_101302209.23-P1P2	Becn1	611	583	791	722	648	685	5158	731	680	862	477
Psmd3_-_98682614.23-P1P2	Psmd3	756	702	804	596	916	962	6960	751	901	1220	1189
Chat_+_32460845.23-P1	Chat_P1	418	469	585	516	555	588	4502	615	621	827	579
Letm1_-_33782713.23-P1P2	Letm1	674	708	812	758	827	957	6895	757	850	1256	840
Cox6a1_-_115348888.23-P1P2	Cox6a1	682	667	655	705	767	800	5999	694	813	1195	719
Cln6_-_62838855.23-P1P2	Cln6	747	863	853	878	1094	1225	8293	1040	1089	1883	1164
Rbpj_+_53591147.23-P1P2	Rbpj	526	569	741	658	718	884	6343	664	864	1268	883
Msra_-_64440847.23-P1P2	Msra	1318	1296	1297	1132	1473	1742	12246	1561	1975	2505	1728
Ndufv1_+_4012655.23-P1P2	Ndufv1	762	745	802	1083	970	1045	8027	1055	1235	1477	1045
Uba1_+_20662928.23-P1	Uba1_P1	765	718	970	1020	1043	1051	8977	887	1382	1601	1295
Tor1a_+_30967668.23-P1P2	Tor1a	799	903	999	874	984	1014	8227	934	1341	1674	1283
Grm2_-_106656014.23-P1P2	Grm2	1177	1230	1589	1152	1318	1386	10975	1387	1755	2113	1728
Emilin1_-_30913503.23-P1P2	Emilin1	557	534	721	656	694	817	6285	807	1034	1114	956
Actr1a_-_46395501.23-P1P2	Actr1a	996	976	1251	1093	1193	1342	9140	1288	1612	2110	1451
Psmd8_-_29180602.23-P1P2	Psmd8	763	701	751	818	784	912	6018	839	1039	1320	768
Ube2v1_+_167632003.23-P1P2	Ube2v1	484	454	458	470	605	662	4739	599	818	781	737
Tmem119_-_113800358.23-P1P2	Tmem119	542	619	715	738	713	830	5632	628	873	1097	1017
Arl6ip1_+_118129375.23-P1P2	Arl6ip1	692	688	827	643	733	803	6366	765	1023	1326	688
Ndufv3_+_31520227.23-P1P2	Ndufv3	598	590	689	597	690	746	5388	560	653	970	898
Slc9a5_-_105348290.23-P1P2	Slc9a5	970	882	1191	1102	1149	1246	9256	1084	1576	1806	1230
Lmnb2_-_80918194.23-P1P2	Lmnb2	392	584	469	547	649	614	4757	614	863	968	571
Hprt_+_52988171.23-P1P2	Hprt	387	351	487	286	280	422	3029	423	436	747	553
Gstm1_-_108017869.23-P1P2	Gstm1	709	640	742	919	908	1218	8118	951	1073	1435	1118
Ewsr1_+_5099007.23-P1P2	Ewsr1	380	300	370	277	448	371	3192	377	437	581	417
Snx14_+_88438897.23-P1P2	Snx14	1044	755	1055	858	1018	1068	8220	946	1464	1654	1136
non-targeting_01065	non-targeting	416	492	489	474	461	640	4076	512	825	772	531
Dnah7a_-_53706787.23-P1P2	Dnah7a	581	405	574	475	588	564	4393	515	597	807	633
Cd55_+_130462657.23-P1P2	Cd55	642	465	671	747	825	853	6147	792	861	1253	928
Cyp2d12_-_82555087.23-P1P2	Cyp2d12	726	794	1049	816	919	1054	8010	977	1558	1614	1117
Gosr2_-_103697651.23-P1P2	Gosr2	952	995	1168	809	1038	1315	9825	1337	1516	1956	1378
Fadd_-_144582390.23-P1P2	Fadd	663	726	665	677	800	829	6227	737	1091	1262	867
Bax_-_45466764.23-P1P2	Bax	568	659	846	548	702	941	6240	788	759	1167	1002
Wnt3a_+_59290711.23-P1P2	Wnt3a	1141	1126	1254	1086	1267	1355	9945	1260	1584	1849	1472
Gcg_-_62483614.23-P1P2	Gcg	899	864	986	921	1063	1250	9265	1158	1241	1849	1381
Psma5_+_108257041.23-P1P2	Psma5	561	461	544	525	524	606	4860	575	703	954	702
Nxnl1_+_71566575.23-P1P2	Nxnl1	351	453	417	464	547	606	4784	507	780	862	751
Hdac2_+_36974570.23-P1P2	Hdac2	402	270	344	392	313	361	2871	374	443	633	479
Sptbn2_+_4711239.23-P1P2	Sptbn2	938	965	1013	1061	1074	1233	8769	1227	1408	1879	1458
Atp5b_+_128083363.23-P1P2	Atp5b	827	788	850	831	1005	1058	7741	1005	1290	1399	1373
Pank1_+_34877834.23-P1P2	Pank1	391	351	527	417	522	497	3665	464	664	669	629
Kat2a_-_100712425.23-P1P2	Kat2a	834	760	874	921	1115	1052	7789	1189	1394	1679	839
Esr1_+_4710215.23-P1P2	Esr1	758	718	831	613	780	797	6112	763	1069	1279	999
Fus_-_127967500.23-P1P2	Fus	594	640	666	628	801	762	6311	698	865	1178	892
Wnt7b_+_85581817.23-P1	Wnt7b_P1	627	610	927	634	702	824	6481	729	1187	1259	989
Dnah14_-_181741482.23-ENSMUST00000160345.1	Dnah14	573	707	757	857	844	860	6825	809	1112	1315	1147
Fadd_-_144582383.23-P1P2	Fadd	773	783	880	927	810	968	7142	959	1072	1378	862
Chrm5_+_112480760.23-ENSMUST00000099589.2	Chrm5	609	772	714	711	720	793	6516	835	1409	1452	1098
Clp1_+_84727223.23-P1P2	Clp1	773	784	833	880	787	905	6832	907	997	1255	1285
Dnah1_+_31323895.23-ENSMUST00000048603.7	Dnah1	660	836	1061	1101	974	1214	8428	1073	1381	1811	1359
Tgm2_+_158146296.23-P1P2	Tgm2	488	568	665	602	590	755	5007	510	664	995	643
Matr3_+_35562280.23-P1P2	Matr3	635	737	916	782	814	1019	6970	916	1188	1279	1058
Ap4s1_+_51691067.23-P1P2	Ap4s1	741	891	931	919	867	881	7402	891	1362	1563	1196
Pmp22_+_63133161.23-P2	Pmp22_P2	461	310	552	398	395	516	3908	439	642	790	331
Brca2_+_150522669.23-P1P2	Brca2	929	1072	1121	1036	1223	1299	9077	1313	1433	1677	1411
Atp5o_-_91931535.23-P1P2	Atp5o	530	484	675	542	770	765	5660	711	964	1180	824
Mfsd8_-_40846817.23-P1P2	Mfsd8	526	387	509	441	531	626	4694	666	636	942	646
Nrbf2_+_67285281.23-P1P2	Nrbf2	913	978	1078	971	1099	1357	8934	1145	1654	2026	1264
Kidins220_+_24974951.23-P1P2	Kidins220	652	692	858	837	758	866	7095	790	1183	1420	1118
Cox7a1_-_30184203.23-P1P2	Cox7a1	1029	833	933	991	910	988	7964	854	1387	1681	1205
Stub1_+_25832942.23-P1P2	Stub1	576	422	625	546	646	726	5246	550	1042	1070	617
Gjb1_+_101377336.23-P1P2	Gjb1	855	779	805	801	913	1015	7657	984	1293	1228	1017
Uqcrh_+_116074989.23-P1P2	Uqcrh	543	538	663	550	712	725	5276	724	936	1133	766
Uchl1_+_66676281.23-P1P2	Uchl1	786	822	1041	864	1177	1220	8841	1053	1208	1484	1163
Pdxk_-_78464881.23-P1P2	Pdxk	601	585	640	642	542	754	5082	614	402	641	298
Renbp_-_73930770.23-P1P2	Renbp	256	432	647	390	503	560	4142	540	721	748	665
Fbxo38_-_62548642.23-P1P2	Fbxo38	599	651	550	708	768	842	6112	682	1152	1366	916
Map2k2_+_81106003.23-P1P2	Map2k2	796	676	761	557	873	884	6826	884	1090	1403	1074
Sptlc2_-_87388218.23-P1P2	Sptlc2	333	378	380	429	433	426	3251	355	429	683	727
non-targeting_02496	non-targeting	743	800	725	563	743	890	6069	770	975	1151	853
Nqo1_-_107402825.23-P1P2	Nqo1	776	747	913	623	825	869	7172	918	1200	1528	1002
Park7_-_150909774.23-P1	Park7_P1	823	749	979	788	836	1019	7334	780	1156	1569	1092
Oxr1_+_41447700.23-ENSMUST00000110297.2,ENSMUST00000090096.4	Oxr1	719	639	799	609	855	858	6607	891	1038	1285	883
Mfge8_-_79148874.23-P1P2	Mfge8	647	706	685	517	586	739	5255	556	1007	1044	680
non-targeting_02612	non-targeting	484	412	579	596	622	662	5055	625	760	1014	684
Tpp2_+_43934062.23-P1P2	Tpp2	873	865	1142	945	1037	1099	8878	999	1587	1780	1266
Tuba4a_-_75218965.23-P1P2	Tuba4a	489	606	601	530	616	568	4811	550	712	956	671
Mnat1_-_73123802.23-P1P2	Mnat1	1275	1103	1513	1321	1532	1654	11812	1511	1843	2246	1738
Pten_+_32757643.23-P1P2	Pten	567	469	637	565	666	763	5597	573	865	1091	782
Pomc_-_3954965.23-P1P2	Pomc	703	968	904	884	824	1118	7602	871	1259	1592	1230
Scn8a_+_100870978.23-P1P2	Scn8a	593	702	799	702	701	834	6262	734	923	1030	1083
Pno1_-_17211543.23-P1P2	Pno1	618	810	802	813	856	887	7085	826	1223	1423	989
Csf1r_+_61105905.23-P1P2	Csf1r	818	896	866	911	1049	1052	8180	1090	1352	1692	1310
Lingo1_-_56635481.23-P1P2	Lingo1	891	947	1243	1111	1025	1329	9223	1249	1654	2048	1452
Padi4_+_140750530.23-P2	Padi4_P2	619	576	676	637	566	570	4526	428	671	772	410
Aars2_-_45506891.23-P1P2	Aars2	581	643	650	594	582	658	4956	706	353	612	369
Cyc1_-_76343539.23-P1P2	Cyc1	490	603	621	645	598	821	5293	552	877	985	679
Upk3b_-_136038740.23-P1P2	Upk3b	952	956	1059	888	1076	1081	8917	1036	1376	1943	1072
Plekhg5_+_152086923.23-P1P2	Plekhg5	503	524	750	530	619	642	5263	630	911	1043	707
Taf1_+_101532753.23-P1P2	Taf1	597	653	804	632	624	711	6347	634	890	1153	750
Traf2_+_25546852.23-P1P2	Traf2	667	629	741	644	763	922	6248	783	1007	1275	1009
Ocln_-_100552581.23-P1P2	Ocln	424	482	583	431	586	577	4689	578	777	993	818
Rab10_+_3309924.23-P1P2	Rab10	796	585	756	758	868	896	7340	854	859	1391	1017
Bcl6_+_23988590.23-P1P2	Bcl6	667	665	849	713	820	912	7233	825	1186	1299	817
Fth1_+_9982760.23-P1P2	Fth1	611	610	867	736	848	862	6853	718	1048	1589	1336
Tppp_-_74009484.23-P1P2	Tppp	1041	1000	958	914	961	1209	8815	1098	1273	1572	1522
Pnp_+_50944535.23-P1P2	Pnp	675	627	833	661	839	977	6891	975	1112	1601	1115
Pmpcb_+_21737187.23-P1P2	Pmpcb	555	511	608	629	599	819	5411	658	638	813	590
Gjc2_+_59182735.23-P1P2	Gjc2	667	617	824	644	717	820	6000	840	883	1127	1040
Nop56_-_130274476.23-P1P2	Nop56	551	471	511	498	525	686	4727	650	696	811	655
Rtn2_+_19291144.23-P1	Rtn2_P1	643	600	830	907	851	863	6620	666	1273	1351	913
Fzd1_+_4757964.23-P1P2	Fzd1	474	505	599	540	588	650	5249	584	840	991	802
Pax6_+_105682731.23-P2	Pax6_P2	696	747	865	878	903	947	7673	906	1161	1545	1236
Sptlc1_-_53377282.23-P1P2	Sptlc1	1016	1003	1253	1020	1036	1193	8549	1087	1215	1809	1574
Dvl2_-_70000839.23-P1P2	Dvl2	668	665	858	874	764	920	6547	853	1062	1178	984
Mtor_-_148448604.23-P1P2	Mtor	426	422	378	443	480	442	4029	518	713	945	609
Scp2_-_108118589.23-ENSMUST00000030340.8	Scp2	236	241	326	340	327	374	2802	401	439	462	426
Il17a_+_20730906.23-P1P2	Il17a	768	834	968	972	908	978	8005	940	1108	1666	1176
Tsen54_-_115814758.23-P1P2	Tsen54	694	639	912	734	800	830	7019	873	958	1261	725
Pik3c3_+_30272906.23-P1P2	Pik3c3	805	761	1000	861	881	893	7050	998	724	1054	594
Rbms3_+_117252276.23-P1P2	Rbms3	580	792	831	772	838	945	7000	930	1020	1353	1025
Arsa_-_89476116.23-P1P2	Arsa	599	636	675	699	635	735	5429	579	1047	1154	728
Hspa9_-_34954320.23-P1P2	Hspa9	829	639	988	834	944	1133	8038	1043	1063	1548	969
Ndufs1_+_63176683.23-P1P2	Ndufs1	538	611	625	657	725	835	5607	763	964	1196	916
Tor1a_+_30967640.23-P1P2	Tor1a	717	823	926	831	914	1042	7227	862	1256	1339	1233
Maneal_-_124862179.23-P1P2	Maneal	704	681	710	679	785	832	6199	858	994	1131	1056
Sdf4_-_155993266.23-P1P2	Sdf4	505	500	593	531	551	758	5306	627	1010	1018	796
Cacna1g_-_94474327.23-P1P2	Cacna1g	1013	888	1053	887	970	1239	8685	1023	1501	1987	1372
non-targeting_02917	non-targeting	494	701	872	770	765	870	6489	847	961	1346	886
Adm_+_110628069.23-P1P2	Adm	792	740	900	911	822	912	6949	1008	1240	1641	1153
Prickle1_+_93595872.23-P1	Prickle1_P1	1126	989	1249	1091	1180	1280	9321	1228	1629	1960	1392
Ccdc88a_-_29373739.23-P1P2	Ccdc88a	1185	1246	1518	1189	1348	1457	11054	1317	1698	2134	1773
Dnajc6_+_101508059.23-P1P2	Dnajc6	871	948	937	1031	1101	1156	8516	1239	1348	1689	1258
Ak4_+_101419709.23-P1P2	Ak4	334	448	567	536	546	620	4450	539	789	1040	505
Psmc5_-_106256186.23-P1P2	Psmc5	798	749	884	692	626	686	5135	672	608	816	443
Wnt9a_+_59306985.23-P1P2	Wnt9a	592	695	833	570	657	748	5645	684	1038	1031	654
Psmb4_+_94886883.23-P1P2	Psmb4	467	556	725	548	375	519	3982	434	454	646	347
Ndufb8_-_44555417.23-P1P2	Ndufb8	823	861	1120	1042	1076	1121	8480	1096	1184	1583	1205
Srrm2_-_23803243.23-P1P2	Srrm2	537	494	743	624	628	722	5336	650	984	1030	789
Tuba1a_-_98953486.23-P1P2	Tuba1a	639	626	715	740	723	863	6265	782	1043	1423	918
Fbln5_-_101818810.23-P1P2	Fbln5	519	407	720	500	554	617	4806	527	538	914	546
Lep_-_29060224.23-P1P2	Lep	1159	1143	1280	1132	1208	1270	9984	1250	1554	2109	1487
Kcnc1_+_46396472.23-P1P2	Kcnc1	753	777	869	770	807	863	6208	824	930	1495	966
Il33_-_29925161.23-P1P2	Il33	960	1003	1122	1020	1079	1249	9167	1260	1165	1963	1573
Tomm40_+_19715393.23-P1P2	Tomm40	551	485	580	524	671	674	5405	559	556	958	589
Slc7a6os_+_106210909.23-P1P2	Slc7a6os	744	822	986	932	906	1135	7861	876	1101	1496	1307
Fn1_-_71653099.23-P1P2	Fn1	834	1027	992	901	964	1165	8531	951	1486	1760	1176
Cadm3_-_173367643.23-P1P2	Cadm3	779	727	1015	834	912	945	7872	832	1138	1525	1211
Mgst1_-_138140610.23-P1P2	Mgst1	490	423	607	480	580	597	4928	590	811	1047	753
Ndufs8_+_3912708.23-P1P2	Ndufs8	273	334	293	323	342	424	3187	499	279	500	379
Ap4b1_-_103809606.23-P1P2	Ap4b1	744	737	918	849	936	1015	7172	901	1127	1556	1409
Fam83e_-_45721261.23-P1P2	Fam83e	589	515	604	579	637	662	5183	610	733	1136	862
Ifng_+_118441129.23-P1P2	Ifng	396	599	650	488	554	640	4322	486	801	907	775
Cnp_-_100575038.23-P1P2	Cnp	757	918	841	746	989	908	7463	1011	1497	1678	947
Sox3_-_60893391.23-P1P2	Sox3	403	423	394	429	489	559	3669	447	559	763	780
Aga_-_53511812.23-P1P2	Aga	775	783	980	951	946	1070	8222	1061	1532	1851	1285
Ubb_-_62551792.23-P1P2	Ubb	588	604	670	529	745	872	6415	728	991	1187	1020
Psma4_+_54951054.23-P1P2	Psma4	1047	1214	1535	1050	1336	1441	10449	1271	1644	1672	1609
Gstm1_-_108017627.23-P1P2	Gstm1	744	838	1007	705	914	1027	7936	1068	1164	1598	939
H2-M9_-_36642614.23-P1P2	H2-M9	794	840	745	868	771	1019	7062	897	1122	1412	957
Psma2_+_14613328.23-P1P2	Psma2	448	460	651	565	543	615	4432	631	603	869	836
Dnah6_-_73221598.23-P1P2	Dnah6	579	639	726	505	693	779	5520	691	779	1118	1014
Gsr_+_33653663.23-P1P2	Gsr	566	647	650	628	679	811	5530	629	995	1061	850
Rtn2_-_19291176.23-P1	Rtn2_P1	645	694	777	686	758	937	6955	835	1077	1368	879
Aspa_+_73324217.23-P1P2	Aspa	649	520	736	653	798	784	6345	812	1019	1249	621
non-targeting_04211	non-targeting	488	502	670	684	600	687	5708	828	855	1333	892
Ndufs4_+_114388049.23-P1P2	Ndufs4	464	597	641	501	506	580	4827	537	986	1084	763
Maf_-_115707752.23-P1P2	Maf	456	392	439	434	447	470	4089	370	515	810	506
Renbp_+_73930815.23-P1P2	Renbp	340	417	402	334	392	554	3783	486	525	747	515
Psmb6_+_70525435.23-P1P2	Psmb6	230	253	300	295	240	233	2129	279	358	439	293
Dkk1_+_30549542.23-P1P2	Dkk1	417	397	467	496	462	550	4156	617	669	1034	564
Elk1_+_20950574.23-P1P2	Elk1	529	623	750	681	682	803	5845	655	621	1264	765
Abcd1_-_73716770.23-P1P2	Abcd1	599	598	569	635	641	775	5594	676	1019	978	743
Htr1a_-_105443647.23-P1P2	Htr1a	666	688	879	706	764	852	6694	831	1003	1252	1094
Braf_+_39725275.23-P1P2	Braf	1314	1286	1444	1511	1406	1752	12638	1517	1904	2454	1542
Nr4a2_-_57114851.23-P1	Nr4a2_P1	759	599	963	937	813	850	6689	794	1149	1454	998
Itm2b_+_73368327.23-P2	Itm2b_P2	760	633	918	800	812	970	7325	854	1118	1534	1097
Prickle1_-_93595844.23-P1	Prickle1_P1	489	527	673	648	603	733	5161	676	722	1099	797
Myc_-_61985645.23-P1P2	Myc	780	748	859	650	813	947	6361	645	1018	1324	929
Vps41_-_18717346.23-P1P2	Vps41	749	755	895	671	769	1030	7078	743	1000	1406	1116
Rac1_-_143527986.23-P1P2	Rac1	402	317	293	367	386	535	3461	491	551	564	481
Aqp1_-_55336478.23-P1P2	Aqp1	351	355	268	365	375	462	3222	418	464	769	610
Hmbs_-_44344162.23-P2	Hmbs_P2	606	560	653	531	696	775	5512	643	863	1196	835
Serpina1d_+_103773540.23-P1P2	Serpina1d	1333	1220	1559	1273	1458	1646	12591	1458	1969	2489	1866
Hmgb1_+_149052788.23-P1	Hmgb1_P1	667	772	692	810	836	881	6965	913	995	1348	986
Egr1_+_34861271.23-P1P2	Egr1	585	588	726	598	728	820	5357	682	821	1274	853
Tbk1_+_121586727.23-P1P2	Tbk1	464	682	624	523	661	782	5219	677	861	1162	762
Ccnf_+_24251323.23-P1P2	Ccnf	532	597	554	549	514	639	4851	461	761	854	719
Cd200r4_+_44812037.23-P1P2	Cd200r4	624	661	861	743	857	916	7204	906	1188	1560	1117
Itpr3_+_27057436.23-P1P2	Itpr3	598	608	682	573	779	801	5862	677	824	1368	1024
Trex1_+_109059170.23-P1P2	Trex1	521	479	513	551	687	670	5016	713	713	1050	888
Ndufb9_+_58933828.23-P1P2	Ndufb9	477	394	571	500	600	601	4612	599	802	891	864
Homer1_+_93304091.23-P1P2	Homer1	655	580	687	682	881	843	6290	632	955	1362	970
Wnt9a_-_59306983.23-P1P2	Wnt9a	443	439	597	449	606	596	4474	533	751	868	992
A2m_-_121636252.23-P1P2	A2m	542	549	669	575	585	771	5230	723	1002	1230	829
Cox4i2_-_152754247.23-P1P2	Cox4i2	758	713	818	829	847	889	6825	973	987	1321	993
Coch_+_51593438.23-P1P2	Coch	415	450	482	407	474	583	3959	495	724	950	596
non-targeting_00253	non-targeting	579	532	611	531	516	649	4686	560	635	995	695
Polg_+_79466182.23-P1P2	Polg	814	784	916	875	1011	981	7688	1069	1099	1482	1166
Adam10_-_70679088.23-P1P2	Adam10	725	900	913	781	828	947	7078	938	1080	1377	1165
Gpbp1_+_111489670.23-P1P2	Gpbp1	675	803	792	785	765	820	6609	877	997	1410	1172
Msx2_+_53472687.23-P1P2	Msx2	216	268	247	208	283	267	2341	282	515	343	290
Slc26a3_+_31438304.23-P1P2	Slc26a3	1441	1350	1502	1237	1479	1834	12560	1529	1878	2156	1795
Pla2g1b_+_115466325.23-P1P2	Pla2g1b	409	329	378	361	406	466	3473	451	532	635	619
Wnt10a_+_74792077.23-P1P2	Wnt10a	806	999	952	799	997	1052	8227	930	1556	1652	1281
Uba7_-_107983016.23-P2	Uba7_P2	614	782	932	760	907	1139	7787	928	1158	1637	1130
Exoc2_+_30974025.23-P1P2	Exoc2	1229	1424	1630	1256	1283	1342	9470	1287	1059	1544	1120
Sbf1_-_89315243.23-P1P2	Sbf1	613	694	664	642	807	923	6287	759	971	1148	890
Padi2_-_140906421.23-P1	Padi2_P1	1181	1086	1249	983	1184	1533	10977	1275	1835	2001	1480
Apex2_-_150588115.23-P1P2	Apex2	536	517	504	598	552	690	5158	570	863	950	855
Casp3_-_46617721.23-P1P2	Casp3	786	600	587	583	632	728	5621	577	1096	1162	606
Grm5_+_87584422.23-P1P2	Grm5	336	346	377	293	417	503	3743	556	524	673	593
Pawr_-_108332159.23-P1P2	Pawr	477	346	487	542	525	675	4873	545	803	944	842
Ntrk1_-_87794980.23-P1P2	Ntrk1	464	659	602	610	587	684	4740	534	804	1143	780
Slc18a1_-_69089179.23-P1	Slc18a1_P1	542	569	539	608	630	648	4815	644	677	1032	650
Pten_+_32757668.23-P1P2	Pten	883	809	848	726	877	997	7116	838	1443	1485	1076
Atxn10_+_85336473.23-P1P2	Atxn10	707	637	742	647	801	828	6387	715	787	1146	901
Pkd2_-_104459612.23-P1P2	Pkd2	707	796	808	753	819	933	6687	940	1000	1431	1053
Calcoco2_+_96111919.23-ENSMUST00000068686.6,ENSMUST00000097162.5	Calcoco2	534	437	507	418	605	659	4672	540	891	992	594
Ndufb9_+_58933853.23-P1P2	Ndufb9	384	448	459	459	454	595	4007	514	678	612	484
Tjp1_-_65371236.23-P1P2	Tjp1	725	598	776	811	815	844	6769	858	1118	1268	932
Dkk1_+_30549476.23-P1P2	Dkk1	579	691	798	669	677	813	5404	591	800	1121	898
Dnajc3_+_118937960.23-P1P2	Dnajc3	503	508	802	502	543	660	5358	587	831	1012	799
Sucla2_-_73552829.23-P1P2	Sucla2	280	342	342	454	414	406	3108	342	625	522	343
Cpn1_+_43986486.23-P1P2	Cpn1	713	595	536	643	679	795	5506	672	947	1133	748
Uqcrc2_-_120635268.23-P1P2	Uqcrc2	660	725	783	732	930	953	6910	892	1288	1385	1166
Cnr2_+_135911897.23-P2	Cnr2_P2	874	957	1011	1022	1063	1262	9003	974	1345	1835	1425
Htra1_+_130936544.23-P1P2	Htra1	1068	1002	1211	1114	1097	1203	9738	1089	1412	1792	1341
Upk3b_+_136038768.23-P1P2	Upk3b	739	701	706	593	757	955	6485	782	1085	1210	1010
Gsto1_-_47855050.23-P1P2	Gsto1	558	534	791	648	782	1041	6595	829	947	1295	955
Slc12a6_-_112265620.23-P1P2	Slc12a6	894	1120	1086	1042	1188	1368	10208	1294	1452	1934	1469
Ndufb4_-_37654400.23-P1P2	Ndufb4	979	1074	1100	901	1141	1248	9180	1210	1580	1951	1510
non-targeting_02182	non-targeting	798	768	864	700	907	1047	7880	915	1172	1581	1225
Pfn1_-_70654594.23-P1P2	Pfn1	844	779	828	778	808	922	6863	837	1160	1391	1040
Msra_+_64440856.23-P1P2	Msra	899	872	918	1069	1161	1212	9165	1052	1331	1686	1409
Idua_+_108669371.23-P1P2	Idua	969	887	985	1006	1048	1317	8950	1215	1438	2165	1420
Tcerg1_-_42511516.23-P1P2	Tcerg1	971	1062	1203	1152	1229	1325	10368	1255	1461	2171	1526
Txn2_-_77928960.23-P1	Txn2_P1	636	624	644	553	743	959	5742	663	901	1231	895
Atxn2l_-_126503354.23-P1P2	Atxn2l	491	516	462	510	488	513	4155	487	763	761	528
Cyld_+_88697333.23-P1P2	Cyld	833	621	856	753	1002	1054	7933	988	1175	1355	1147
Fis1_-_136953330.23-P2	Fis1_P2	543	583	757	783	715	853	6597	645	1136	1227	1009
Ntf3_+_126166670.23-P2	Ntf3_P2	640	588	825	617	615	933	5689	706	920	1162	798
Mars2_+_55237436.23-P1P2	Mars2	588	583	823	592	750	744	6366	842	1065	1208	908
Slc25a46_-_31609919.23-P1P2	Slc25a46	621	771	841	803	782	926	6935	901	1193	1539	1017
Gle1_+_29935633.23-P1P2	Gle1	631	762	787	684	821	841	6107	867	589	1138	406
Cyc1_-_76343557.23-P1P2	Cyc1	637	540	758	660	615	719	5138	649	761	1046	795
Msc_+_14755938.23-P1P2	Msc	1153	1122	1313	1079	1213	1496	9834	1109	1942	1730	1588
Plcb4_-_135805570.23-ENSMUST00000035646.4	Plcb4	938	815	867	958	1147	1157	8855	1251	1526	2051	1599
Cfl1_-_5490743.23-P1P2	Cfl1	1130	1036	1210	1350	1229	1434	10815	1205	1751	2101	1344
Cat_-_103485039.23-P1P2	Cat	980	876	1246	1028	1158	1325	9320	1291	1563	2173	1332
Ryr2_-_12106798.23-P1P2	Ryr2	635	664	853	679	776	914	6423	797	880	1320	914
Ccs_-_4839271.23-P1P2	Ccs	972	1099	1306	1095	1105	1417	9811	1102	1894	2017	1322
Emc1_-_139352634.23-P1P2	Emc1	950	920	1206	1007	1222	1457	10360	1216	1588	1918	1596
Pclo_-_14515027.23-P1P2	Pclo	263	289	447	342	497	495	3275	451	494	677	606
Gdap1_-_17145608.23-P1P2	Gdap1	768	854	949	904	971	1076	8478	964	1275	1725	995
Csnk2b_+_35121203.23-P1P2	Csnk2b	921	786	802	870	900	1070	7661	886	1084	1558	1020
Mecp2_+_74085609.23-P1P2	Mecp2	175	233	333	185	266	289	2315	248	350	442	438
Serpinf1_+_75422494.23-P1P2	Serpinf1	1075	1192	1264	1099	1221	1254	10720	1204	1604	1837	1549
Atp2b3_+_73503173.23-P1P2	Atp2b3	972	950	1444	1369	1352	1374	10562	1299	1770	2200	1700
Il1a_+_129309937.23-P1P2	Il1a	969	1082	1141	1092	1073	1279	9665	1135	1388	2039	1442
Klc2_+_5118247.23-P1P2	Klc2	947	725	850	730	1028	1169	7895	981	1198	1782	1111
Med25_+_44892387.23-P1P2	Med25	835	960	934	845	890	1050	7713	1097	1290	1721	1320
Wdr41_+_94976396.23-P1P2	Wdr41	627	759	734	682	782	876	6518	819	1025	1354	864
Pfn1_-_70654395.23-P1P2	Pfn1	514	628	691	607	721	696	5682	614	832	1050	946
Cpt1c_+_44974728.23-P1P2	Cpt1c	461	438	497	509	462	614	4347	506	846	1006	1059
Pnpla6_-_3515439.23-P1	Pnpla6_P1	736	785	724	738	730	903	6948	688	1176	1419	680
Ptprc_+_138175255.23-P1P2	Ptprc	426	526	523	559	545	580	4509	501	777	788	648
Hpdl_-_116821481.23-P1P2	Hpdl	321	283	214	320	384	371	2805	351	576	605	385
P2rx7_-_122644260.23-P1P2	P2rx7	974	937	1132	930	1051	1167	8890	1001	1439	1734	1227
Ren1_-_133350837.23-P1P2	Ren1	1308	1312	1347	1286	1345	1675	11814	1315	2138	2270	1802
Csnk1e_+_79441913.23-P1P2	Csnk1e	969	883	975	855	1046	1135	8882	1055	1278	1669	1245
Nalcn_+_123627035.23-P1P2	Nalcn	586	520	752	524	667	782	5836	625	1153	1182	984
non-targeting_01977	non-targeting	387	648	748	663	700	755	5856	669	962	1180	969
Dnm2_-_21424948.23-P1P2	Dnm2	492	533	611	493	512	565	4209	515	874	904	600
Cd200r2_-_44867121.23-P1P2	Cd200r2	419	426	623	508	591	748	5246	659	854	1042	680
Trpm2_+_77969774.23-P1P2	Trpm2	1053	1246	1099	1152	1371	1484	10234	1282	1784	1899	1793
Calml4_-_62858376.23-P1P2	Calml4	778	813	995	893	824	1017	7484	930	1323	1668	1182
Mul1_+_138434905.23-P1P2	Mul1	700	576	774	637	822	963	6577	885	1046	1341	873
Nrbf2_+_67285278.23-P1P2	Nrbf2	690	659	653	729	701	784	5792	679	1068	1331	966
Atg7_-_114643203.23-P1P2	Atg7	721	572	652	617	672	678	5682	733	726	1109	875
Phpt1_+_25574832.23-P1P2	Phpt1	651	730	874	856	767	902	6787	854	1138	1296	938
Ube2g2_-_77622371.23-P1P2	Ube2g2	861	1065	1279	1046	1405	1343	10492	1204	1501	2015	1700
Slc25a4_+_46210972.23-P1P2	Slc25a4	342	340	421	384	421	558	3613	472	622	856	433
Bicd2_-_49341641.23-P1P2	Bicd2	744	692	724	912	877	955	7048	908	1194	1408	1172
Ocln_-_100552407.23-P1P2	Ocln	1075	1282	1201	1027	1172	1282	9956	1320	1608	2309	1629
Lsm2_+_34981878.23-P1P2	Lsm2	610	435	638	466	521	624	4611	560	805	937	745
Psmc1_-_100110387.23-P1P2	Psmc1	425	452	526	416	163	237	1892	146	124	235	95
Atp5c1_-_10080404.23-P1P2	Atp5c1	514	622	873	609	682	683	5706	697	1073	1033	886
