sgRNA,counts
Ager_-_34597923.23-P1P2,12931
Vdac2_+_21831569.23-P1P2,12626
Ndufb10_+_24724372.23-P1P2,12624
Snurf_+_60005150.23-P1P2,12253
Snrpn_+_60005150.23-P1P2,12253
Hip1_+_135544873.23-P1P2,12057
Scyl1_-_5771367.23-P1P2,12000
Serpina3f_+_104214587.23-P1P2,11819
Serpina3g_+_104214587.23-P1P2,11819
Ndufb10_-_24724401.23-P1P2,11818
Scyl1_+_5771338.23-P1P2,11592
Fzd6_+_39006350.23-P1P2,11435
Ndufa10_-_92473771.23-P1P2,11389
Wars2_-_99141149.23-P1P2,11296
Serpina3b_+_104128038.23-P1P2,11091
Abcb6_-_75180366.23-P1P2,11045
Chmp1a_-_123212754.23-P1P2,10989
Araf_-_20848619.23-P1P2,10912
Dst_-_34011618.23-P1P2,10901
Aifm1_-_48513332.23-P1P2,10899
Hexb_+_97198268.23-P1P2,10805
Il1b_+_129371106.23-P1P2,10770
Pde4d_-_109953891.23-P1P2,10760
Serpina3f_+_104214580.23-P1P2,10740
Serpina3g_+_104214580.23-P1P2,10740
Sod2_-_13008027.23-P1P2,10681
Vps13a_-_16780917.23-P1P2,10558
Sqstm1_-_50210734.23-P1,10361
Tfpi2_-_3968363.23-P1P2,10346
Tank_-_61593196.23-P1,10335
Tfam_+_71238009.23-P1P2,10285
Inf2_+_112604186.23-P2,10142
Ube2l6_+_84798900.23-P1P2,10128
H2-M10.1_-_36326117.23-ENSMUST00000025322.7,10120
Pak1_-_97843009.23-P1P2,10091
Kif1a_-_93101801.23-P1P2,10073
Vps13a_+_16780886.23-P1P2,10038
Wars2_+_99141123.23-P1P2,10011
Slc26a3_+_31438304.23-P1P2,10008
Hexb_-_97198294.23-P1P2,9986
Chchd2_-_129887426.23-P1P2,9965
Wipi1_-_109611289.23-P1P2,9903
Camk2g_+_20793997.23-P1P2,9860
Chmp1a_+_123212728.23-P1P2,9843
Serpina1d_+_103773540.23-P1P2,9824
Eif2ak2_+_78882497.23-P1P2,9783
Tspo_-_83563665.23-P1P2,9730
Hpx_-_105600011.23-P1P2,9595
Mthfr_+_148039200.23-P1,9593
Casp8_+_58795442.23-P1P2,9566
Ppp3ca_+_136670155.23-P1P2,9557
Gad2_-_22622611.23-P1P2,9508
Serpina3f_-_104214668.23-P1P2,9496
Serpina3g_-_104214668.23-P1P2,9496
Il1b_-_129371132.23-P1P2,9459
Msra_-_64440847.23-P1P2,9453
Pik3cg_+_32208594.23-P1P2,9367
Dao_+_114003916.23-P1P2,9337
Slc6a4_-_77009364.23-P1,9333
Lrriq3_-_155093535.23-P1P2,9329
Mog_-_37023307.23-P1P2,9316
Ndufb8_+_44555412.23-P1P2,9308
Ube2l6_-_84798926.23-P1P2,9307
Ang2_+_51195879.23-ENSMUST00000051274.1,9294
Cfl1_+_5490471.23-P1P2,9221
Ogg1_+_113327044.23-P1P2,9198
Kcnc1_+_46396487.23-P1P2,9181
Hsf1_-_76477460.23-P1P2,9171
Kcnc1_-_46396751.23-P1P2,9150
Endou_+_97731332.23-P2,9142
Sqstm1_+_50210551.23-P1,9120
Dnah10_+_124725123.23-P1P2,9109
Asah1_-_41374561.23-P1P2,9109
Kif5b_+_6241434.23-P1P2,9079
Clu_+_65968685.23-P1,9079
Dst_+_34011590.23-P1P2,9053
Sct_-_141279082.23-P1P2,9025
Lgi1_+_38264806.23-P1P2,9023
Ywhaz_+_36793248.23-P1P2,8996
Tardbp_-_148626472.23-P1P2,8993
Grid2_+_63256056.23-P1P2,8987
Sptlc2_-_87388200.23-P1P2,8980
non-targeting_03057,8955
Serpina1c_-_103904952.23-P1P2,8932
Serpina3g_-_104214535.23-P1P2,8929
Serpina3f_-_104214535.23-P1P2,8929
Gaa_-_119268100.23-P1P2,8894
Cfl1_-_5490743.23-P1P2,8891
Coq2_+_100674224.23-P1P2,8876
Sod2_-_13008017.23-P1P2,8841
Ndufa10_+_92473744.23-P1P2,8796
Apcs_+_172894894.23-P1P2,8792
Uqcrb_-_66905149.23-P1P2,8763
Ins1_-_52264557.23-P1P2,8752
Fgf14_-_124192838.23-ENSMUST00000026631.5,8716
Trip4_-_65884997.23-P1,8710
Gaa_-_119268142.23-P1P2,8709
Gm2a_+_55098142.23-P1P2,8707
Map1b_+_99516471.23-P1P2,8695
Ndufb6_+_40279349.23-P1P2,8686
Lrriq3_+_155093588.23-P1P2,8677
Sgsh_-_119355500.23-P1P2,8665
Litaf_-_10993034.23-P1P2,8648
Serpina3m_-_104387372.23-P1P2,8645
Ndufa6_+_82354221.23-P1P2,8639
Cfl2_-_54862765.23-P1P2,8625
Jph3_+_121730148.23-P1P2,8618
Oard1_+_48410121.23-P1P2,8603
Abcb6_+_75180338.23-P1P2,8593
Stc1_-_69029452.23-P1P2,8577
Pdha1_-_160138333.23-P1P2,8575
Mpg_-_32226727.23-P1P2,8566
Gaa_-_119268240.23-P1P2,8558
Ccs_-_4839276.23-P1P2,8552
Scarb2_+_92505462.23-P1P2,8543
Erlin1_+_44069684.23-P1P2,8528
non-targeting_03693,8526
Vdac2_-_21831585.23-P1P2,8524
Fus_+_127967484.23-P1P2,8510
Tbp_-_15499957.23-P1P2,8479
Egf_+_129755283.23-P1P2,8475
Ulk1_-_110809980.23-P1P2,8471
Gpx7_+_108406673.23-P1P2,8466
Sgsh_-_119355485.23-P1P2,8464
Brca2_-_150522683.23-P1P2,8457
Cxcl13_-_95956975.23-P1P2,8441
Rreb1_-_37826085.23-P1P2,8440
non-targeting_03422,8436
Plp1_-_136822917.23-P1P2,8428
Braf_+_39725275.23-P1P2,8424
Ogg1_-_113327052.23-P1P2,8424
Ren1_-_133350837.23-P1P2,8419
Creb1_+_64532868.23-P1P2,8399
Eif2ak2_-_78882524.23-P1P2,8397
Chrm1_-_8664169.23-P1P2,8390
Pnp_-_50944540.23-P1P2,8383
Hsf1_+_76477430.23-P1P2,8376
Ppp3cb_+_20546521.23-P1P2,8375
Sgsh_-_119355475.23-P1P2,8373
Anp32a_+_62341769.23-P1P2,8363
Slc17a5_+_78588005.23-P1P2,8363
Ang_+_51091146.23-P2,8359
Tubb4a_+_57087558.23-P1P2,8358
Dpp6_-_27049411.23-P2,8353
Mme_-_63296222.23-P2,8334
Il33_+_29925179.23-P1P2,8327
Oard1_+_48410302.23-P1P2,8322
Gosr2_+_103697685.23-P1P2,8321
Mnat1_-_73123802.23-P1P2,8318
Dkk4_-_22624090.23-P1P2,8310
Atg2b_+_105685213.23-P1P2,8301
Spg11_+_122118364.23-P1P2,8297
Tuba8_-_121210827.23-P1P2,8290
Gpx1_+_108339087.23-P1P2,8284
Hfe_-_23710759.23-P1P2,8275
Psma4_+_54951054.23-P1P2,8271
Ndufa12_-_94199072.23-P1P2,8264
Araf_-_20848564.23-P1P2,8256
Kitl_-_100015866.23-P1P2,8254
non-targeting_01766,8248
Cbs_-_31637091.23-P1P2,8236
Wnt3a_+_59290711.23-P1P2,8236
Pink1_+_138326212.23-P1P2,8231
Elavl3_+_22051950.23-P1P2,8224
Mbp_+_82554569.23-P1P2,8222
Jund_-_70698968.23-P1P2,8203
Apoa1_+_46228782.23-P1P2,8202
Cetn1_-_9619435.23-P1P2,8193
Ccdc88a_-_29373739.23-P1P2,8189
Fzd5_-_64737688.23-P1P2,8179
Casp7_+_56397264.23-P1P2,8178
Atp2b3_+_73503173.23-P1P2,8176
Psma2_+_14613362.23-P1P2,8165
Eif2s1_-_78862044.23-P1P2,8164
Cyp27a1_-_74713633.23-P1P2,8163
Fggy_-_95579497.23-P2,8161
Cacna1c_-_118757964.23-ENSMUST00000112825.2,8160
Ndufa12_-_94199240.23-P1P2,8156
H2-M10.6_+_36812191.23-ENSMUST00000041398.4,8154
Nos2_+_78920860.23-P1P2,8154
Mad2l1bp_+_46153478.23-P1P2,8153
Wnt2b_-_104961629.23-P1P2,8144
Padi2_-_140906421.23-P1,8139
Wdr41_-_94976381.23-P1P2,8139
Litaf_-_10993022.23-P1P2,8127
Gm2a_+_55098121.23-P1P2,8118
Tyrobp_+_30413818.23-P1P2,8114
Serpinf1_+_75422494.23-P1P2,8104
P2ry2_+_101011964.23-P1P2,8103
Ppp3cb_+_20546524.23-P1P2,8101
Tardbp_+_148626750.23-P1P2,8091
Socs3_-_117969116.23-P1P2,8087
Sigmar1_-_41741302.23-P1P2,8077
Prdx3_+_60874503.23-P1P2,8076
Epm2a_+_11343478.23-P1P2,8066
Bcl10_+_145924366.23-P1P2,8063
Kcne3_+_100176903.23-P2,8062
Ubtf_-_102318968.23-P1P2,8060
Trip4_+_65885061.23-P1,8053
Fggy_+_95579504.23-P2,8048
Pitrm1_-_6548243.23-P1P2,8047
Ngfr_+_95587519.23-P1P2,8042
Apod_+_31314587.23-P1P2,8038
Eno2_-_124769462.23-P1P2,8037
Pin1rt1_-_104716322.23-ENSMUST00000099659.2,8037
Txn1_+_57956016.23-P1P2,8029
Chrm1_+_8664314.23-P1P2,8022
Cxcl13_+_95956958.23-P1P2,8014
Pars2_-_106651161.23-P1P2,8009
Gstm3_-_107969155.23-P1P2,8001
Npy_+_49822721.23-P1P2,8000
Cyp2d26_-_82794044.23-P1P2,8000
Polr3k_-_181864500.23-P1P2,7994
Chl1_-_103511391.23-P1P2,7993
Cdk6_+_3343927.23-P1P2,7992
Fars2_-_36117858.23-P1P2,7991
Tfam_-_71238026.23-P1P2,7986
Ppp3cb_-_20546518.23-P1P2,7958
Gchfr_-_119167890.23-P1P2,7951
Endou_+_97731273.23-P2,7951
Npc2_+_84772907.23-P1P2,7945
Timp3_+_86300632.23-P1P2,7943
Slc17a6_-_51622130.23-P1P2,7936
Ogdh_-_6291653.23-P1P2,7933
Serpina1d_-_103773106.23-P1P2,7932
Kif1c_+_70700518.23-P1P2,7924
Ndufa8_-_36049269.23-P1P2,7924
Atp2a3_+_72961226.23-P1P2,7921
Pkd2_-_104459565.23-P1P2,7919
Pde4d_+_109953884.23-P1P2,7918
Erbb2_+_98412583.23-P1P2,7908
Cyp2d9_-_82452861.23-P1P2,7894
Pdha1_+_160138306.23-P1P2,7890
Tmem119_+_113800342.23-P1P2,7883
Abca1_-_53159479.23-P1P2,7880
Jund_+_70698955.23-P1P2,7875
Mrpl3_-_105053340.23-P1P2,7871
Jund_-_70699145.23-P1P2,7865
Il12a_-_68691653.23-P1P2,7864
Coasy_-_101082685.23-P1P2,7860
Sncb_+_54766497.23-P1P2,7856
Ache_-_137288315.23-P1P2,7847
Mme_-_63296268.23-P2,7845
Grn_-_102430520.23-P1P2,7844
non-targeting_02744,7839
Psma3_+_70974664.23-P1P2,7836
Lrpprc_-_84790514.23-P1P2,7836
Atp2b3_+_73503134.23-P1P2,7832
Neurog2_+_127633185.23-P1P2,7822
Atxn3_+_101958110.23-P1P2,7819
Atp1a3_-_25005818.23-P1P2,7818
Ngfr_+_95587665.23-P1P2,7804
Actb_+_142905682.23-P2,7801
Hspa14_+_3512724.23-P1P2,7797
Snurf_+_60005096.23-P1P2,7791
Snrpn_+_60005096.23-P1P2,7791
Gstm2_+_107986418.23-P1P2,7784
Kcnh8_+_52602947.23-P1P2,7784
Gstm7_+_107931550.23-P1P2,7771
Tomm20_-_126945861.23-P1P2,7764
Gstm7_+_107931658.23-P1P2,7756
Chp1_-_119547847.23-P1P2,7755
Pi4ka_+_17405853.23-P1P2,7749
Mme_+_63300210.23-P1,7748
Ndufb11_+_20617014.23-P1P2,7748
Pde4d_+_109954106.23-P1P2,7735
Litaf_+_10993025.23-P1P2,7734
Tnfrsf1a_+_125350032.23-P1P2,7732
Clp1_-_84727294.23-P1P2,7727
Glo1_-_30612395.23-P1P2,7726
Sgsh_-_119355488.23-P1P2,7725
Cd40lg_+_57212113.23-P1P2,7725
Smn1_-_100124938.23-P1P2,7715
Coasy_-_101082688.23-P1P2,7714
Prx_-_27499365.23-P1,7711
Ifnb1_-_88522832.23-P1P2,7708
Actb_-_142906726.23-P1,7705
Pld3_+_27553043.23-P2,7696
Foxo3_+_42276634.23-P1P2,7693
Canx_-_50325614.23-P1P2,7693
Trp73_+_154096892.23-P2,7692
Pde9a_+_31386328.23-P1P2,7692
Prickle2_+_92706198.23-P1,7689
Hpx_-_105600060.23-P1P2,7686
Arih1_-_59486638.23-P1P2,7683
Psmc6_-_45329850.23-P1P2,7680
Kitl_+_100015846.23-P1P2,7679
Exoc2_+_30974025.23-P1P2,7675
Naglu_-_101070127.23-P1P2,7674
Psmb4_-_94886878.23-P1P2,7671
Smn1_-_100124883.23-P1P2,7656
Polr3k_-_181864446.23-P1P2,7646
Kcne3_-_100176783.23-P2,7645
Tuba4a_-_75219176.23-P1P2,7641
Comt_-_18426364.23-P1P2,7636
Tubb6_+_67390714.23-P1P2,7627
Slc26a3_+_31438256.23-P1P2,7624
Trpc3_-_36690147.23-P1P2,7623
Letm1_-_33782663.23-P1P2,7614
Pkd2_-_104459595.23-P1P2,7612
Neurog2_-_127633180.23-P1P2,7602
Wnt11_-_98839044.23-P2,7601
Ccs_-_4839271.23-P1P2,7599
Vps35_+_85299443.23-P1P2,7592
Wnt6_-_74772131.23-P1P2,7587
Ndufs3_-_90904716.23-P1P2,7585
Blmh_-_76945805.23-P1P2,7584
Map2k1_+_64253349.23-P1P2,7578
Trpm7_+_126876176.23-P1P2,7575
Pus1_+_110780544.23-P1P2,7568
Stat3_-_100939371.23-P1P2,7567
Nek1_+_60993277.23-P1P2,7567
Anxa11_-_25842250.23-P1P2,7564
Metrn_-_25796915.23-P1P2,7560
Tecpr2_+_110889305.23-P1P2,7559
Actr1a_-_46395669.23-P1P2,7555
Slc12a6_-_112265620.23-P1P2,7555
Htra1_+_130936544.23-P1P2,7548
Gpx1_-_108339106.23-P1P2,7548
Tpo_-_30132595.23-P1P2,7541
Cox6a1_-_115348592.23-P1P2,7541
Pin1rt1_-_104716122.23-ENSMUST00000099659.2,7540
Scn8a_+_100870981.23-P1P2,7539
non-targeting_02861,7535
Atrx_-_105929306.23-P1P2,7533
Kpna3_-_61439660.23-P1P2,7529
Vim_+_13574332.23-P1P2,7525
Tubb2a_-_34077993.23-P1P2,7524
Emc1_-_139352655.23-P1P2,7522
Tubb5_-_35838232.23-P1P2,7519
Tuba1a_-_98953489.23-P1P2,7518
Stip1_+_7039948.23-P1P2,7517
Gabarapl2_+_111940716.23-P1P2,7515
Slc1a2_-_102706670.23-ENSMUST00000111212.1,7497
Csnk2a2_-_95488745.23-P1P2,7497
Plcb4_+_135805601.23-ENSMUST00000035646.4,7487
Sbf2_+_110614850.23-P1P2,7484
Kif1a_+_93101804.23-P1P2,7482
Psmd11_+_80429038.23-P1P2,7478
Apc_+_34221165.23-P1,7476
Atp2b3_+_73503183.23-P1P2,7472
Clk1_-_58423796.23-P1P2,7469
Msc_+_14755938.23-P1P2,7462
Trpm2_+_77969774.23-P1P2,7462
Agpat3_+_78352351.23-P1P2,7461
Snurf_+_60005102.23-P1P2,7455
Snrpn_+_60005102.23-P1P2,7455
Epo_-_137533204.23-P1P2,7449
Slc19a3_+_83038353.23-P1P2,7449
Padi2_-_140924478.23-P2,7444
Il4_+_53618374.23-P1P2,7443
Hspa9_-_34954323.23-P1P2,7439
Icam1_+_21016055.23-P1P2,7438
Serpina1e_-_103958707.23-P2,7436
Synj1_+_91010998.23-P1P2,7435
Opa1_-_29579409.23-P1P2,7433
Thy1_-_44043440.23-P1P2,7432
Psma6_-_55398925.23-P1P2,7431
Sucla2_+_73552850.23-P1P2,7431
Pik3cb_-_99140144.23-P1P2,7417
Grm2_-_106656014.23-P1P2,7417
Il1a_+_129309937.23-P1P2,7416
Cd200r3_+_44943727.23-P1P2,7415
Adora3_-_105870927.23-P1P2,7414
Gstm3_-_107969111.23-P1P2,7414
Tfcp2_+_100551946.23-P1P2,7406
Atxn7_-_14012882.23-P1P2,7406
non-targeting_00136,7406
Nfkbia_-_55492360.23-P1P2,7401
Bace1_+_45838866.23-P1P2,7396
Mmp3_+_7446065.23-P1P2,7391
Epm2a_+_11343449.23-P1P2,7388
Aifm1_+_48513389.23-P1P2,7387
Srsf7_-_80207265.23-P1P2,7386
Aplp1_-_30445325.23-P1P2,7380
Cacna1b_+_24763125.23-P1P2,7379
Glo1_-_30612411.23-P1P2,7378
Lamc2_-_153186515.23-P1P2,7377
Cdk5_+_24423577.23-P1P2,7373
Atp2a2_-_122502185.23-P1P2,7367
Smn1_-_100124903.23-P1P2,7365
Cox7b2_+_71548152.23-P1P2,7363
Nrros_-_32165425.23-P1P2,7359
Trap1_+_4077595.23-P1P2,7358
Cdk5r1_+_80477132.23-P1P2,7354
Rmdn2_-_79615273.23-P1P2,7351
Sort1_-_108284156.23-P1P2,7350
Psmb6_+_70525439.23-P1P2,7350
Ifng_+_118441053.23-P1P2,7348
Ube2j1_-_33031567.23-P1P2,7347
Nras_-_103058355.23-P1P2,7343
Folr1_-_101864100.23-P2,7338
Slc9a5_-_105348290.23-P1P2,7331
Clcc1_-_108654242.23-P1P2,7331
Atg2b_+_105685247.23-P1P2,7330
Bcl2l1_-_152830428.23-P1,7327
Wnt7b_-_85581849.23-P1,7326
Tspo_-_83563611.23-P1P2,7325
Vdac1_+_52361144.23-P1P2,7324
Mfsd8_+_40846786.23-P1P2,7316
Abcd1_-_73716806.23-P1P2,7315
Ntf3_-_126164915.23-P1,7313
Tcerg1_-_42511516.23-P1P2,7312
Cacna1c_+_118757929.23-ENSMUST00000112825.2,7311
Chchd2_+_129887432.23-P1P2,7310
Nars2_+_96951601.23-P1P2,7309
Uchl1_+_66676254.23-P1P2,7309
H2-T24_-_36020519.23-P1P2,7303
Tnfrsf21_-_43016612.23-P1P2,7303
Egfr_+_16752298.23-P1P2,7302
Ocln_+_100552578.23-P1P2,7301
Sptbn2_+_4711239.23-P1P2,7299
Mmp9_-_164948532.23-P1P2,7298
Dpp6_-_27049440.23-P2,7294
Derl1_+_57892300.23-P1P2,7292
Hpgds_+_65144689.23-P1P2,7292
Reps1_-_18055563.23-P1P2,7286
Ndufv2_-_66101470.23-P1P2,7286
Map3k11_-_5689784.23-P1,7279
Apbb1_-_105581267.23-P1P2,7278
Chrm3_-_9878957.23-ENSMUST00000063093.9,7268
Cryab_+_50753296.23-P1P2,7265
Ubqln2_-_153498221.23-P1P2,7263
Actr1a_-_46395501.23-P1P2,7262
Brca2_+_150522669.23-P1P2,7260
Trpm7_+_126876217.23-P1P2,7258
Ndufa10_+_92473706.23-P1P2,7258
Sod1_-_90220778.23-P1P2,7257
Thg1l_+_45955458.23-P1P2,7256
Uchl1_-_66676322.23-P1P2,7256
Galc_+_98259325.23-P1P2,7251
Elavl4_+_110287469.23-P1P2,7250
Dctn4_+_60526225.23-P1P2,7249
Sh3tc2_-_61953119.23-P1P2,7245
Ramp2_+_101246531.23-P1P2,7243
Exosc3_+_45320557.23-P1P2,7243
Sybu_+_44752177.23-P1P2,7243
Il17a_-_20730972.23-P1P2,7242
Sort1_-_108284121.23-P1P2,7242
Trp73_+_154139871.23-P1,7241
Zfyve26_+_79296213.23-P1P2,7241
Tppp3_+_105471363.23-P1P2,7241
Cyp2d22_-_82380141.23-P1P2,7241
Dyrk1a_+_94569759.23-P1P2,7240
Il12a_+_68691437.23-P1P2,7240
Casp8_-_58795419.23-P1P2,7238
Sirt3_+_140881751.23-P1P2,7232
Gosr2_-_103697651.23-P1P2,7232
Ins1_+_52264519.23-P1P2,7231
Mutyh_-_116807796.23-P1P2,7231
Gdnf_-_7811044.23-P1P2,7230
Adrm1_-_180171657.23-P1P2,7229
Psmd14_+_61712065.23-P1P2,7226
Dst_+_34011580.23-P1P2,7223
Psmd14_-_61711943.23-P1P2,7222
Akt1_+_112674172.23-P1P2,7217
"H2-M10.4_-_36462296.23-ENSMUST00000057502.7,ENSMUST00000169950.1",7216
Fxn_-_24280539.23-P1P2,7214
Nos3_-_24364841.23-P1P2,7211
Ndufs2_+_171247051.23-P1,7211
Mmp14_+_54431640.23-P1P2,7210
Eif4g1_-_20672748.23-P1P2,7209
S100a10_+_93555158.23-P1P2,7201
Atxn7_+_14012743.23-P1P2,7199
Anxa5_-_36475589.23-P1P2,7198
Lep_-_29060224.23-P1P2,7196
Polg_-_79466169.23-P1P2,7195
Ins1_-_52264511.23-P1P2,7191
Mtpap_-_4375624.23-P1P2,7187
Gstm6_-_107943678.23-P1P2,7185
Coq2_-_100673994.23-P1P2,7183
Exoc2_+_30974049.23-P1P2,7181
Psmb2_+_126677702.23-P1P2,7181
Sptlc2_-_87388188.23-P1P2,7177
Gigyf2_+_87327086.23-P1P2,7176
Slc11a2_-_100424088.23-P2,7174
Sdhb_-_140961459.23-P1P2,7174
Bcl2l1_-_152831668.23-P2,7173
Plp1_+_136823090.23-P1P2,7170
Tyrobp_-_30413844.23-P1P2,7168
Ewsr1_+_5098995.23-P1P2,7168
Ndufb8_-_44555348.23-P1P2,7168
Ppif_+_25694446.23-P1P2,7165
Itgam_-_128062890.23-P1P2,7163
Plp1_-_136822989.23-P1P2,7163
Gcg_-_62483614.23-P1P2,7162
Dyrk1a_+_94569726.23-P1P2,7162
Plb1_-_32247466.23-P1P2,7160
non-targeting_01372,7158
Klc3_+_19399628.23-P1,7157
Rgs10_+_128418116.23-P1P2,7157
Atp5o_+_91931387.23-P1P2,7155
Traf2_-_25546867.23-P1P2,7151
Stmn1_-_134469819.23-P2,7150
Pnp2_-_50956209.23-P1P2,7148
Calm1_+_100199553.23-P1P2,7147
Tardbp_+_148626675.23-P1P2,7141
Mgrn1_-_4886300.23-P1P2,7140
Chl1_+_103511361.23-P1P2,7138
S100b_+_76253923.23-P1P2,7136
Psmd7_-_107588420.23-P1P2,7134
Hfe_-_23710734.23-P1P2,7130
Kcne3_-_100176702.23-P2,7130
Colec11_+_28623261.23-P1P2,7125
Vcp_-_43000462.23-P1P2,7121
Sirt4_+_115484313.23-P1P2,7118
Prickle1_+_93595878.23-P1,7117
Colec11_-_28623219.23-P1P2,7114
Ahsg_+_22892112.23-P1P2,7113
Gpx2_+_76795481.23-P1P2,7109
Sigmar1_-_41741295.23-P1P2,7107
Pon1_+_5193706.23-P1P2,7103
Map2k1_-_64253376.23-P1P2,7099
Tmx2_-_84678323.23-P1P2,7099
Dctn4_-_60526256.23-P1P2,7096
Angpt4_+_151911284.23-P1P2,7094
Coq2_-_100674242.23-P1P2,7093
Cox7a1_-_30184245.23-P1P2,7091
Bcl2_-_106714220.23-P1P2,7090
Mpv17_+_31154213.23-P1P2,7090
Arih1_+_59486639.23-P1P2,7089
Clcc1_-_108653984.23-P1P2,7089
Bcl2_+_106714185.23-P1P2,7088
Gria1_-_57011826.23-P1P2,7085
Clcn2_-_20717711.23-P2,7085
Atg14_+_47568179.23-P1P2,7083
Kdm1a_+_136602669.23-P1P2,7083
Il1a_+_129309925.23-P1P2,7082
Serpina1e_+_103958732.23-P2,7079
Pawr_+_108332174.23-P1P2,7078
Prps1l3_+_57230447.23-P1P2,7076
Cd40_+_165055673.23-P1P2,7075
Ddit3_-_127290901.23-P1P2,7073
Ndufb4_-_37654400.23-P1P2,7072
Kidins220_-_24974940.23-P1P2,7071
Cst10_-_149405401.23-P1P2,7069
Mapk10_+_103211231.23-P1P2,7068
Psmc6_-_45329868.23-P1P2,7066
Atxn7_+_14012674.23-P1P2,7065
Map1b_+_99516276.23-P1P2,7062
Ttpa_-_20008436.23-P1P2,7057
Anxa11_-_25842254.23-P1P2,7056
Pank1_-_34877852.23-P1P2,7055
Abhd12_-_150904666.23-P1P2,7054
Ncl_+_86359314.23-P1P2,7048
Zfp597_+_3884432.23-P1P2,7045
Sema6a_+_47368820.23-P1P2,7044
Lamp1_-_13159318.23-P1P2,7043
Tlr4_+_66827826.23-P1P2,7037
Slc12a6_+_112265636.23-P1P2,7036
Msx2_+_53472706.23-P1P2,7034
Pcyt2_-_120617882.23-P1P2,7033
2810006K23Rik_-_124328196.23-P1P2,7032
Clu_-_65969827.23-P2,7028
Chat_+_32460899.23-P1,7026
Ccdc88a_+_29374114.23-P1P2,7024
Synm_-_67759743.23-P1P2,7021
Ap5z1_-_142464076.23-P1P2,7020
Ube2l6_+_84798937.23-P1P2,7020
Calm4_-_3837937.23-ENSMUST00000042219.4,7019
Cx3cr1_-_120068216.23-P1P2,7017
Timm8a1_-_134541824.23-P1P2,7016
Psen2_+_180229952.23-P2,7013
Tecpr2_+_110889158.23-P1P2,7013
Acox1_-_116198724.23-P1P2,7012
Kras_+_145250232.23-P1P2,7012
Adcyap1_+_93199201.23-P1P2,7009
Pdxk_-_78464643.23-P1P2,7009
Dao_+_114003899.23-P1P2,7008
Aco2_+_81872537.23-P1P2,7005
Setx_+_29125161.23-P1P2,7005
Nos1_+_117841895.23-P1P2,7004
Eif4g1_+_20673027.23-P1P2,7003
Ambra1_-_91730389.23-P1P2,7002
Sdhb_-_140961396.23-P1P2,6999
Ccdc88a_+_29373669.23-P1P2,6997
Tgm2_-_158146313.23-P1P2,6997
Ptges_+_30903227.23-P1,6996
Sirt6_+_81627490.23-P1P2,6995
Ube2g2_-_77622371.23-P1P2,6993
Cox5a_+_57521340.23-P1P2,6990
Sgcg_+_61258363.23-P1P2,6989
Myoc_+_162639208.23-P1P2,6984
Pnpla6_-_3516918.23-P2,6983
Prickle1_+_93595872.23-P1,6981
Mmp9_-_164948267.23-P1P2,6979
Tmprss4_+_45203982.23-P1P2,6979
Wnt11_+_98839079.23-P2,6977
Casp12_-_5345686.23-P1P2,6977
Msra_+_64440856.23-P1P2,6975
"Dnah17_-_118129081.23-ENSMUST00000106308.3,ENSMUST00000084803.5",6971
Tuba1c_+_99029921.23-P1P2,6970
Vamp2_+_69088592.23-P1P2,6967
Xrcc1_+_24547225.23-P1P2,6966
Ppt2_+_34627369.23-P1P2,6961
Cryab_+_50753271.23-P1P2,6960
Tmed9_-_55593176.23-P1P2,6960
Tnfrsf21_+_43016577.23-P1P2,6957
Scarb2_-_92505479.23-P1P2,6955
Dkk4_+_22624081.23-P1P2,6955
Grin1_+_25319087.23-P1P2,6953
Srr_+_74925641.23-P1P2,6952
Grid2_+_63256046.23-P1P2,6951
Adora3_+_105871142.23-P1P2,6945
Sbf2_+_110614887.23-P1P2,6943
Lgi1_+_38265007.23-P1P2,6942
Ulk2_-_61855026.23-P1P2,6940
Cyp2d40_+_82763772.23-P1P2,6939
Slc5a6_+_31047984.23-P1P2,6938
Park7_+_150909840.23-P1,6936
Slc11a2_-_100424156.23-P2,6932
Kynu_-_43555398.23-P1P2,6931
Il17a_+_20730931.23-P1P2,6927
Arl6ip1_+_118129497.23-P1P2,6926
Tnfrsf21_-_43016606.23-P1P2,6926
Ubb_-_62551708.23-P1P2,6925
Cfdp1_-_111854293.23-P1P2,6925
Pnpla6_-_3515442.23-P1,6921
Klc3_+_19399890.23-P1,6920
Hmbs_+_44342211.23-P1,6919
Taf15_+_83473150.23-P1P2,6915
Wnt1_+_98790106.23-P1P2,6913
Vac14_+_110618668.23-P1P2,6913
Map2_-_66322065.23-P2,6913
Gpbp1_+_111489821.23-P1P2,6911
Fa2h_-_111393573.23-P1P2,6910
Traf2_+_25546860.23-P1P2,6909
Trp73_-_154096947.23-P2,6906
Il33_-_29925161.23-P1P2,6905
Tsn_+_118310999.23-P1P2,6903
Trim2_+_84220515.23-P1,6901
Ucp2_+_100493406.23-P1,6901
Csnk2a2_-_95488778.23-P1P2,6900
Tubb2b_-_34130341.23-P1P2,6900
Irs1_+_82291124.23-P1P2,6900
Hdac6_+_7947738.23-P1P2,6899
Hmbs_+_44342230.23-P1,6898
H2-M9_+_36642570.23-P1P2,6897
Ndufs2_-_171237547.23-P2,6896
Lamp1_+_13159267.23-P1P2,6893
Fzd6_-_39006340.23-P1P2,6889
Slc18a1_-_69077211.23-P2,6888
Mapk11_+_89149539.23-P1P2,6877
Nrbf2_+_67285281.23-P1P2,6874
Itm2b_+_73368385.23-P2,6873
Elavl4_+_110286923.23-P1P2,6873
Necab1_-_15148949.23-P1P2,6869
Thy1_-_44043476.23-P1P2,6865
Egf_-_129755249.23-P1P2,6864
Abca1_-_53159810.23-P1P2,6863
Gjb1_-_101377345.23-P1P2,6863
Dstyk_+_132417384.23-P1P2,6862
Agpat3_+_78352372.23-P1P2,6861
Clcn7_+_25133640.23-P1P2,6861
Glul_+_153899991.23-P1P2,6861
Tuba1c_+_99030298.23-P1P2,6858
Cln6_+_62838840.23-P1P2,6856
Tdp2_-_24831706.23-P1P2,6855
Sirt3_+_140881736.23-P1P2,6854
Slc11a2_+_100423930.23-P2,6853
Kif5b_-_6241451.23-P1P2,6852
Grn_+_102430501.23-P1P2,6852
Gpr37_+_25689730.23-P1P2,6849
Hmgb1_-_149053067.23-P1,6848
Aspa_+_73324377.23-P1P2,6848
Fgf13_-_59134563.23-P1P2,6847
Ndufs7_-_80249509.23-P1P2,6845
Dcx_+_143933004.23-P1P2,6842
Srsf7_+_80207151.23-P1P2,6841
Tubb6_-_67390763.23-P1P2,6834
Mapk1_-_16983451.23-P1P2,6833
Ndufs6_+_73328240.23-P1P2,6832
Lrp6_+_134566947.23-P1P2,6828
Actr1a_+_46395693.23-P1P2,6827
Csnk2b_+_35121019.23-P1P2,6827
Ndufs1_-_63176484.23-P1P2,6825
Taf1_-_101533077.23-P1P2,6819
Pvalb_-_78206397.23-P1,6818
Atp5j_+_84834799.23-P1P2,6817
Dctn3_+_41723087.23-P1P2,6815
Il2_-_37125948.23-P1P2,6810
Wnt8b_-_44493522.23-P1P2,6810
Actb_-_142906660.23-P1,6809
Pcsk1n_+_7919863.23-P1P2,6805
Hmbs_+_44344147.23-P2,6803
Serpina1e_-_103956475.23-P1,6803
Actb_+_142905648.23-P2,6803
Gja6_+_160906996.23-P1P2,6801
Lrrk2_+_91673244.23-P1P2,6801
Cox7a1_-_30184203.23-P1P2,6801
Bcl2l1_+_152831684.23-P2,6798
Cast_+_74807940.23-P1P2,6798
Synm_+_67759723.23-P1P2,6797
L1cam_+_73880765.23-P1P2,6795
H2-M11_+_36547132.23-ENSMUST00000041964.6,6793
Capn1_-_6015145.23-P1P2,6793
Spast_-_74338772.23-P1P2,6793
Tuba1b_-_98934442.23-P1P2,6792
Fxn_+_24280558.23-P1P2,6789
Rrm2_+_24708334.23-P1P2,6788
Slc33a1_+_63964524.23-P1P2,6788
Serpina3k_-_104338677.23-P1P2,6788
Slc6a4_-_76998620.23-P2,6780
Junb_+_84978625.23-P1P2,6777
Setx_+_29125225.23-P1P2,6777
Ndufa4_+_11907457.23-P1P2,6776
Hras_-_141193721.23-P1P2,6776
Kif5a_+_127263083.23-P1P2,6775
Ppp3cb_-_20546536.23-P1P2,6774
Chchd10_+_75935881.23-P1P2,6769
Mthfr_-_148039219.23-P1,6766
Tlr4_+_66827595.23-P1P2,6766
Slc9a1_-_133369797.23-P1P2,6766
Bace1_+_45838662.23-P1P2,6765
Pnpla6_+_3516907.23-P2,6765
Ppp3ca_-_136670183.23-P1P2,6765
Comt_+_18426323.23-P1P2,6763
Ngfr_-_95587681.23-P1P2,6760
Tlr4_+_66827840.23-P1P2,6756
Ccs_+_4839258.23-P1P2,6756
Blvra_-_127070750.23-P1,6756
Camk2g_-_20793985.23-P1P2,6756
Tubb6_-_67390935.23-P1P2,6755
Pde8b_-_95250290.23-P1,6754
Slc1a1_-_28835153.23-P1P2,6752
Crebbp_-_4213671.23-P1P2,6751
Ptbp2_-_119783273.23-P1P2,6750
Bscl2_-_8840564.23-P1,6750
Uba1_+_20662925.23-P1,6749
Psap_-_60277737.23-P1P2,6747
Nqo2_+_33964925.23-P1P2,6743
Lep_+_29060215.23-P1P2,6742
"H2-M10.4_-_36462293.23-ENSMUST00000057502.7,ENSMUST00000169950.1",6741
Fdps_+_89101843.23-P1P2,6739
Snurf_-_60005084.23-P1P2,6738
Snrpn_-_60005084.23-P1P2,6738
Camk2b_-_6065530.23-P1P2,6737
Gja6_+_160907010.23-P1P2,6737
Aco2_-_81872580.23-P1P2,6737
Capn1_-_6015532.23-P1P2,6737
Spg7_-_123065532.23-P1P2,6736
Icam1_+_21016027.23-P1P2,6734
Ubqln4_-_88553822.23-P1P2,6731
Ralgps2_+_156939544.23-P1P2,6731
Fzd6_-_39006380.23-P1P2,6729
Dnah5_-_28203793.23-P1P2,6726
Sst_+_23890839.23-P1P2,6724
Tnr_-_159737552.23-ENSMUST00000111669.3,6719
Ndufb11_-_20617633.23-P1P2,6719
Sod2_-_13008004.23-P1P2,6718
Dpp6_-_27261954.23-P1,6716
Tuba3b_-_145616054.23-P1P2,6714
Cd200_-_45408905.23-P1P2,6714
Inpp4a_-_37299926.23-P1P2,6713
Sbf2_-_110614869.23-P1P2,6709
Atp5h_+_115419853.23-P1P2,6708
Aqp1_-_55336735.23-P1P2,6708
Prkcg_+_3303554.23-P1P2,6706
Ocln_-_100552407.23-P1P2,6705
Slc18a2_-_59260959.23-P1P2,6705
Neurog2_+_127633148.23-P1P2,6704
Cdk5r1_-_80477254.23-P1P2,6703
Gsr_+_33653615.23-P1P2,6703
Pak3_-_143664425.23-P1,6702
Apcs_-_172894925.23-P1P2,6701
Ppif_+_25694208.23-P1P2,6698
Ogdh_-_6291675.23-P1P2,6696
Hdac4_+_92148348.23-ENSMUST00000008995.8,6694
Mpo_+_87793754.23-P1P2,6694
Map2k5_-_63377848.23-P1P2,6694
Mad2l1bp_-_46153486.23-P1P2,6691
Serpina1c_-_103904946.23-P1P2,6691
Uqcrfs1_+_30545264.23-P1P2,6690
Wnt7b_+_85577844.23-P2,6688
Crebbp_-_4213282.23-P1P2,6688
Cacna1g_-_94474327.23-P1P2,6687
Ogg1_+_113327198.23-P1P2,6682
Sncaip_+_52768306.23-P1P2,6679
Gle1_-_29935453.23-P1P2,6679
Tpo_-_30132609.23-P1P2,6679
Erbb2_-_98412495.23-P1P2,6676
Plcb4_+_135742090.23-ENSMUST00000110109.1,6673
Zfp597_-_3884460.23-P1P2,6673
Cnr1_+_33924982.23-P1P2,6672
Gpr37_+_25689578.23-P1P2,6670
Dbh_+_27165553.23-P1P2,6668
Egf_-_129755299.23-P1P2,6668
Grm1_-_11082274.23-P1P2,6667
Grin2d_+_45870842.23-P2,6667
Trip4_+_65884983.23-P1,6666
Ngb_-_87102131.23-P1P2,6665
Slc18a1_-_69077223.23-P2,6663
Dnah11_-_118198935.23-P1P2,6663
Serpina3m_-_104387455.23-P1P2,6663
Tomm40l_+_171222394.23-P1P2,6662
Ywhaz_+_36793700.23-P1P2,6661
Psma4_+_54950997.23-P1P2,6658
Sos1_+_80480416.23-P1P2,6657
Stmn1_+_134468354.23-P1,6657
Atp2b3_+_73503140.23-P1P2,6657
Ampd2_-_108086592.23-P1,6657
Fn1_-_71653099.23-P1P2,6655
Gsr_-_33653630.23-P1P2,6654
Emc1_-_139352704.23-P1P2,6653
Serpina3j_-_104314851.23-ENSMUST00000109957.2,6652
Tank_-_61578809.23-P2,6650
Serpina1e_-_103956466.23-P1,6650
Comt_+_18426347.23-P1P2,6648
Gabarapl2_+_111940743.23-P1P2,6648
Toe1_-_116807488.23-P1P2,6647
Atg7_+_114643159.23-P1P2,6645
Toe1_-_116807491.23-P1P2,6644
P4hb_-_120572778.23-P1P2,6644
Map2k6_+_110399151.23-P1P2,6642
Cd40_+_165055700.23-P1P2,6641
Lmnb2_-_80918162.23-P1P2,6640
Atxn1_+_45964947.23-P1P2,6638
Cnr2_-_135911932.23-P2,6637
Mtpap_+_4375613.23-P1P2,6636
Nes_+_87971178.23-P1P2,6630
Lamp1_-_13159452.23-P1P2,6629
Pink1_-_138326223.23-P1P2,6628
Ndufb2_+_39592627.23-P1P2,6625
Cox6c_+_35938166.23-P1P2,6623
Cisd2_+_135423210.23-P1P2,6623
Acsbg1_-_54661666.23-P1P2,6621
Kcna3_-_107036228.23-P1P2,6617
Cp_-_19957635.23-P1P2,6616
Atrx_+_105929332.23-P1P2,6614
Zfp629_+_127615173.23-P1P2,6610
Il12a_-_68691592.23-P1P2,6609
Dnah7a_-_53706753.23-P1P2,6607
Wnt9b_+_103749780.23-P1P2,6606
Htr2a_+_74640959.23-P1P2,6606
Dnah1_+_31323895.23-ENSMUST00000048603.7,6605
1700013F07Rik_+_108537555.23-P1P2,6602
Pik3cb_+_99140168.23-P1P2,6601
Il17a_+_20730906.23-P1P2,6601
Egr2_-_67537904.23-P1,6599
Mbp_+_82554549.23-P1P2,6598
P2rx7_-_122644260.23-P1P2,6596
Kitl_-_100015877.23-P1P2,6596
Sirt4_-_115484316.23-P1P2,6595
Ppt1_+_122836265.23-P1P2,6593
Sptlc3_+_139494198.23-P1P2,6592
Nras_-_103058368.23-P1P2,6590
Ndufb4_+_37654127.23-P1P2,6587
Grn_-_102430544.23-P1P2,6587
Clec16a_-_10545742.23-P1P2,6585
non-targeting_03176,6583
Fars2_-_36117910.23-P1P2,6583
Plcb3_-_6969688.23-P1P2,6583
Rb1cc1_-_6214891.23-P1P2,6582
Gpx2_+_76795147.23-P1P2,6579
Pparg_-_115361322.23-P1P2,6573
Calm2_+_87446834.23-ENSMUST00000040440.6,6572
Slc52a2_+_76538885.23-P1P2,6571
Tmem106b_-_13069864.23-P1P2,6570
L1cam_+_73880735.23-P1P2,6569
Epo_-_137533207.23-P1P2,6567
Atp6ap2_+_12587873.23-P1P2,6566
Erlin2_-_27023831.23-P1P2,6563
Ap4s1_+_51691234.23-P1P2,6557
Elavl3_-_22051808.23-P1P2,6557
Gjc2_-_59182819.23-P1P2,6556
Clu_-_65968660.23-P1,6553
Psmd9_-_123228313.23-P1P2,6552
Psen2_+_180229968.23-P2,6551
Atr_+_95857709.23-P1P2,6550
Kras_+_145250091.23-P1P2,6548
Plcb4_-_135805570.23-ENSMUST00000035646.4,6548
Hmgb1_-_149052584.23-P1,6547
Mapk13_+_28769367.23-P1P2,6544
Dao_-_114003890.23-P1P2,6543
Psmb7_-_38643990.23-P1P2,6543
Dstyk_-_132417629.23-P1P2,6541
Rmdn2_+_79615339.23-P1P2,6539
Ube2g2_-_77622349.23-P1P2,6539
Psmc2_+_21785259.23-P1,6536
Cln5_+_103070339.23-P1P2,6535
Necab1_-_15148973.23-P1P2,6533
Sct_-_141279104.23-P1P2,6532
Pmp22_+_63133149.23-P2,6532
Synj1_+_91011001.23-P1P2,6531
Trpm2_-_77969792.23-P1P2,6528
Fis1_-_136953344.23-P2,6528
Cyp2d40_+_82763757.23-P1P2,6526
Grin2c_-_115267208.23-P1P2,6524
Pik3ca_-_32397278.23-P1P2,6523
Psmc1_-_100110196.23-P1P2,6520
Hsd17b6_-_128007572.23-P1P2,6519
Ppargc1a_+_51553863.23-P1P2,6519
Ireb2_+_54863776.23-P1P2,6516
Gpx4_-_80053796.23-P1P2,6514
Gjc2_-_59182831.23-P1P2,6512
Nqo1_+_107403014.23-P1P2,6511
Gaa_+_119268056.23-P1P2,6509
Rbfox3_-_118909511.23-P1P2,6507
Vps13a_-_16780873.23-P1P2,6507
Serpini1_+_75557534.23-P1P2,6505
Hspb8_+_116422850.23-P1P2,6504
Mtpap_+_4375657.23-P1P2,6504
Ager_+_34597896.23-P1P2,6504
Atm_+_53536647.23-P1P2,6501
Sirt6_+_81627530.23-P1P2,6497
Renbp_+_73930779.23-P1P2,6497
Idua_+_108669371.23-P1P2,6497
Zfyve1_+_83597133.23-P1P2,6495
Rab10_-_3309744.23-P1P2,6494
Adora2b_+_62249054.23-P1P2,6493
Tsen54_-_115814786.23-P1P2,6491
Pdyn_-_129699826.23-P1P2,6491
Synm_+_67759732.23-P1P2,6489
Sirt5_-_43365726.23-P1P2,6489
Cdk5r1_+_80477068.23-P1P2,6487
Sptlc1_-_53377282.23-P1P2,6480
Fn1_+_71653145.23-P1P2,6478
Kat2a_-_100712420.23-P1P2,6478
Tppp_-_74009484.23-P1P2,6474
Wipi1_-_109611298.23-P1P2,6473
Kif5a_-_127263041.23-P1P2,6468
Rac1_+_143527907.23-P1P2,6467
Psma8_+_14706189.23-P1P2,6467
Mapk9_-_49846805.23-P1P2,6467
Vegfb_-_6987405.23-P1P2,6466
Psmd11_-_80428992.23-P1P2,6465
Ndufa12_+_94199149.23-P1P2,6465
Ap5z1_-_142464092.23-P1P2,6463
Atg14_+_47568376.23-P1P2,6463
non-targeting_02365,6463
Ryr1_-_29125093.23-P1P2,6462
Clu_+_65969823.23-P2,6462
Wnt7b_+_85581833.23-P1,6462
Ddah1_+_145758740.23-P1P2,6461
Slc25a46_-_31609839.23-P1P2,6461
"Rims2_+_39198335.23-ENSMUST00000082054.5,ENSMUST00000042917.9",6461
Ctsd_-_142387805.23-P1P2,6460
Ap5z1_-_142464054.23-P1P2,6458
Unc5c_-_141465681.23-P1P2,6458
Folr1_+_101863901.23-P2,6457
Atxn2_+_121711827.23-P1P2,6454
Cyp2d40_-_82764179.23-P1P2,6453
Ulk1_-_110810032.23-P1P2,6451
Dnajc5_+_181520560.23-P1P2,6451
Slc9a1_-_133369812.23-P1P2,6451
Pdk3_+_93832107.23-P1P2,6450
Cbs_-_31637143.23-P1P2,6449
Cat_-_103485039.23-P1P2,6446
Ang2_-_51195887.23-ENSMUST00000051274.1,6443
Fos_-_85473935.23-P1P2,6442
Ewsr1_-_5099013.23-P1P2,6442
Ang_-_51096436.23-P1,6441
Gpx4_+_80053651.23-P1P2,6440
Arhgef5_+_43265693.23-P1P2,6440
Xpnpep1_+_53038565.23-P1P2,6440
P2ry2_+_101011986.23-P1P2,6439
Cd200r1_-_44765849.23-P1P2,6437
Kif1a_-_93101795.23-P1P2,6433
Ndufv1_-_4012467.23-P1P2,6431
Slc18a2_+_59261120.23-P1P2,6429
Fzd5_+_64737680.23-P1P2,6428
Plb1_-_32247502.23-P1P2,6428
Uba1_+_20662928.23-P1,6428
Glrx_+_75840252.23-P1P2,6427
Ube2j2_-_155943902.23-P1P2,6425
Dnah8_-_30624392.23-ENSMUST00000170651.1,6424
Msc_-_14755921.23-P1P2,6424
Ogg1_-_113327009.23-P1P2,6421
Afg3l2_-_67448931.23-P1P2,6420
Pomc_+_3955032.23-P1P2,6419
Cdc27_+_104550427.23-P1P2,6419
Nfkb1_+_135691455.23-P1P2,6419
App_+_85173636.23-P1P2,6416
Clcn6_-_148038731.23-P1P2,6415
Dnah3_-_120095293.23-P1P2,6413
Psmd1_+_86064685.23-P1P2,6410
Ndufa4_+_11907467.23-P1P2,6408
Dio2_-_90738669.23-P1P2,6407
Mpg_+_32226714.23-P1P2,6406
Syne1_-_5550738.23-ENSMUST00000041639.5,6406
Tbce_+_14039561.23-P1P2,6405
H2-M10.2_-_36286454.23-ENSMUST00000023845.6,6405
Ndufs3_-_90904706.23-P1P2,6403
Nanog_-_122707632.23-P1P2,6402
Shh_+_28466921.23-P1P2,6402
Wnt6_-_74771928.23-P1P2,6400
Vim_+_13574351.23-P1P2,6399
Atxn1l_+_109737649.23-P1P2,6399
Tpp2_+_43934011.23-P1P2,6399
Ndufs3_+_90904672.23-P1P2,6397
Slc25a5_-_36795860.23-P1P2,6396
Comt_+_18426288.23-P1P2,6395
Pabpc4_+_123282784.23-P1P2,6395
Adora2b_+_62249034.23-P1P2,6394
Ucp2_+_100498224.23-P2,6394
Fig4_-_41303035.23-P1P2,6391
Pla2g6_-_79328130.23-P1P2,6390
Gm7030_-_36129425.23-P1P2,6390
Cd36_+_17835616.23-P1P2,6386
Gpnmb_-_49036665.23-P1P2,6385
Cyp2d10_+_82406914.23-P1P2,6385
Tuba1b_-_98934439.23-P1P2,6385
Ntf3_-_126164748.23-P1,6383
Prkar1b_+_139129628.23-P1P2,6382
Pon1_-_5193750.23-P1P2,6381
Ppt1_-_122836275.23-P1P2,6381
Stx1a_-_135023598.23-P1,6379
Park7_+_150909802.23-P1,6379
Nars2_-_96951589.23-P1P2,6378
Itm2b_+_73368379.23-P2,6376
Pqbp1_+_7899206.23-P1P2,6376
Elavl4_-_110287482.23-P1P2,6375
Rab5a_-_53479323.23-P1P2,6375
Dnah11_+_118198865.23-P1P2,6372
Xrcc1_+_24547276.23-P1P2,6371
Sod2_+_13008240.23-P1P2,6369
Grm1_+_11082299.23-P1P2,6368
Trem2_+_48346520.23-P1P2,6367
Hap1_+_100356043.23-P1P2,6366
Stat3_-_100939392.23-P1P2,6359
Fzd8_+_9213231.23-ENSMUST00000041080.5,6358
Dnali1_+_125065373.23-P1P2,6355
Pmpca_-_26389382.23-P1P2,6353
Tmem119_+_113800348.23-P1P2,6353
Stmn1_-_134469773.23-P2,6353
Cox8a_-_7217550.23-P1P2,6351
Plcb3_-_6969697.23-P1P2,6351
Pqbp1_-_7899222.23-P1P2,6346
Htra1_+_130936257.23-P1P2,6345
Pax6_+_105669139.23-P1,6345
Adap1_-_139325506.23-P1P2,6344
Mmp9_+_164948314.23-P1P2,6343
Slc7a6os_+_106210909.23-P1P2,6343
Vcp_+_43000049.23-P1P2,6342
non-targeting_03432,6341
Glrx_+_75840028.23-P1P2,6341
"Oxr1_-_41789546.23-ENSMUST00000090095.5,ENSMUST00000022918.7",6339
Prickle2_+_92481372.23-P2,6339
Ascl1_+_87493616.23-P1P2,6339
Pde10a_-_8801800.23-P1P2,6338
Lingo1_+_56635639.23-P1P2,6337
H2-M10.5_+_36773117.23-ENSMUST00000041531.6,6336
"Oxr1_+_41789530.23-ENSMUST00000090095.5,ENSMUST00000022918.7",6331
Abhd16a_-_35089276.23-P1P2,6330
non-targeting_02998,6327
Vamp1_+_125231303.23-P2,6325
Cpn1_-_43986473.23-P1P2,6324
Vdac1_-_52361164.23-P1P2,6322
Psmb2_+_126677714.23-P1P2,6321
Psmc4_-_28050057.23-P1P2,6319
Slc18a1_+_69089145.23-P1,6319
Ube2l6_+_84798886.23-P1P2,6318
Slc12a1_-_125152645.23-P1P2,6316
Folr1_+_101870552.23-P1,6315
Syt14_+_193035631.23-P1P2,6314
Rars2_-_34615026.23-P1P2,6314
Adora2a_-_75317128.23-P1P2,6314
Pi4ka_+_17405850.23-P1P2,6311
Adap1_+_139325497.23-P1P2,6310
Cdc42_+_137357655.23-P1P2,6309
Dctn6_+_34108434.23-P1P2,6308
Ndufb8_-_44555417.23-P1P2,6308
Fgf2_-_37349131.23-ENSMUST00000038885.3,6307
Derl1_-_57892108.23-P1P2,6306
Decr1_+_15945276.23-P1P2,6305
Nhlrc2_-_56548482.23-P1P2,6304
Nup62_-_44816432.23-P1P2,6304
Ttpa_-_20008470.23-P1P2,6301
Pon3_+_5256221.23-P1P2,6301
Wnt7a_+_91410943.23-P1P2,6301
Serpina1c_+_103904938.23-P1P2,6299
Crebbp_+_4213706.23-P1P2,6298
Sds_+_120476578.23-P1P2,6296
Oxr1_-_41788883.23-ENSMUST00000170127.1,6296
Atrip_+_109074051.23-P1P2,6296
Aspa_+_73324570.23-P1P2,6293
Naglu_+_101070165.23-P1P2,6293
Pdxk_+_78464464.23-P1P2,6291
Gstm1_-_108017627.23-P1P2,6290
Fas_+_34290759.23-P1P2,6289
Trem2_-_48346532.23-P1P2,6289
Atg2a_-_6241700.23-P1P2,6287
Dnah1_-_31323907.23-ENSMUST00000048603.7,6286
Pawr_+_108332154.23-P1P2,6286
Grm1_+_11082296.23-P1P2,6286
Unc5c_+_141465626.23-P1P2,6283
Hspa1a_-_34972130.23-P1P2,6280
Cxcl10_+_92348833.23-P1P2,6280
Pink1_+_138326215.23-P1P2,6280
Bcl11b_-_108004065.23-P1P2,6280
Hspa8_-_40802623.23-P2,6279
Ppt2_+_34627349.23-P1P2,6277
Ttpa_-_20008433.23-P1P2,6276
Nup62_-_44816426.23-P1P2,6276
Atp5a1_+_77774087.23-P1P2,6275
Gdap1_-_17145608.23-P1P2,6272
Ar_-_98149676.23-P1P2,6271
Bap1_-_31251541.23-P1P2,6271
S100a10_+_93555235.23-P1P2,6269
Dagla_+_10304891.23-P1P2,6265
Rb1_-_73325771.23-P1P2,6264
Npy_-_49822731.23-P1P2,6264
Psma6_-_55398883.23-P1P2,6262
Chek2_-_110840005.23-P1P2,6261
Vac14_+_110618638.23-P1P2,6260
Ang6_-_44002066.23-ENSMUST00000096869.2,6256
Exosc1_+_41933239.23-P1P2,6255
Tjp1_+_65371254.23-P1P2,6255
Egfr_-_16752239.23-P1P2,6253
Syt1_-_109010685.23-P1P2,6251
"Oxr1_+_41447343.23-ENSMUST00000110297.2,ENSMUST00000090096.4",6251
Ascl1_+_87493595.23-P1P2,6251
Apc2_+_80299133.23-P2,6251
Hras_+_141193934.23-P1P2,6250
Casp12_+_5345507.23-P1P2,6250
Fn1_-_71653120.23-P1P2,6250
Mgst3_+_167393739.23-P1P2,6250
Mmp9_+_164948249.23-P1P2,6248
Kcnh4_+_100759736.23-P1P2,6248
Pitrm1_-_6548189.23-P1P2,6247
Prkca_+_108343876.23-P1P2,6243
Gabpa_+_84835414.23-P1P2,6242
Tubb2a_-_34077987.23-P1P2,6233
Eif2b4_+_31193045.23-P1P2,6232
Slc25a31_-_40709108.23-P1P2,6232
Casp3_-_46617479.23-P1P2,6231
Dnm1l_+_16358511.23-P1P2,6230
Adora3_-_105870967.23-P1P2,6230
Sptlc3_-_139494186.23-P1P2,6229
Tnfrsf1a_-_125350120.23-P1P2,6227
Hgf_+_16553951.23-P1P2,6227
Pik3cd_-_149698573.23-P1P2,6225
Pax6_+_105682731.23-P2,6223
Cast_+_74807902.23-P1P2,6221
Vps41_-_18717346.23-P1P2,6221
"Oxr1_+_41789693.23-ENSMUST00000090095.5,ENSMUST00000022918.7",6221
Kcnh8_+_52602975.23-P1P2,6221
Tbce_+_14039536.23-P1P2,6220
Adora2a_-_75317124.23-P1P2,6220
Nqo1_-_107402825.23-P1P2,6219
Atxn3_-_101958142.23-P1P2,6218
Calml3_-_3804218.23-P1P2,6218
Prickle2_-_92706146.23-P1,6218
Notch1_-_26503725.23-P1P2,6217
Tubb4b_-_25224452.23-P1P2,6216
Ppp2r2b_-_43059479.23-ENSMUST00000025377.7,6214
Txnrd1_-_82859264.23-P1P2,6211
Ndufa11_-_56717818.23-P1P2,6209
Gpx6_+_21312559.23-P1P2,6209
Il13_-_53634683.23-P1P2,6209
Prkca_+_108343679.23-P1P2,6208
Tbcd_+_121452012.23-P1P2,6208
Sptlc2_+_87387830.23-P1P2,6208
Tecpr2_-_110889336.23-P1P2,6208
Pomc_-_3954965.23-P1P2,6207
Gria1_-_57011815.23-P1P2,6207
Bap1_-_31251538.23-P1P2,6206
Pfn1_+_70654615.23-P1P2,6205
Tor1a_-_30967734.23-P1P2,6203
Ndufa2_+_36744475.23-P1P2,6200
Bax_+_45466748.23-P1P2,6197
Cox6a1_+_115348559.23-P1P2,6196
Clec16a_+_10545464.23-P1P2,6194
Hdac4_-_92148335.23-ENSMUST00000008995.8,6193
Ascc1_+_60002889.23-P1P2,6193
Ndufs7_-_80249521.23-P1P2,6191
Frat2_+_41848059.23-P1P2,6189
Lrsam1_-_32961377.23-P1P2,6189
Gsn_-_35256679.23-P1,6189
Elavl2_+_91376429.23-P1P2,6188
Klc2_+_5118247.23-P1P2,6188
Actb_-_142905729.23-P2,6188
Ndufs6_+_73328457.23-P1P2,6185
A2m_+_121636640.23-P1P2,6184
Wnt1_+_98789942.23-P1P2,6184
Gstm6_-_107943480.23-P1P2,6183
Clec16a_-_10545443.23-P1P2,6181
Cox5b_+_36691549.23-P1P2,6181
Ddah1_-_145758805.23-P1P2,6179
Mapk3_-_126759884.23-P1P2,6179
Nbn_-_15958130.23-P1P2,6178
Mfn2_+_147904656.23-P1P2,6178
Hspa8_-_40802397.23-P2,6178
Egfr_-_16752303.23-P1P2,6178
S100a1_-_90514243.23-P1P2,6177
Cyp2d12_-_82555087.23-P1P2,6176
Nek1_-_60993260.23-P1P2,6172
Gpx7_-_108406702.23-P1P2,6171
Cyp2d10_+_82406781.23-P1P2,6171
Atp1a1_-_101604527.23-P1P2,6170
Slc17a6_-_51622118.23-P1P2,6169
Stxbp1_+_32847177.23-P1P2,6169
Atp2a1_+_126463068.23-P1P2,6168
Slc5a6_+_31048241.23-P1P2,6168
Atp5b_+_128083363.23-P1P2,6167
Nt5c2_+_46962274.23-P1P2,6167
Ubap1_-_41349061.23-P1P2,6165
Adrm1_+_180171681.23-P1P2,6165
Ambra1_-_91730228.23-P1P2,6164
Icam1_+_21016044.23-P1P2,6163
Psmd12_-_107479535.23-P1P2,6163
Cacna1f_+_7607187.23-P1P2,6163
Acan_-_79053275.23-P1P2,6161
Cdk5_-_24423533.23-P1P2,6161
Serpina3j_-_104314953.23-ENSMUST00000109957.2,6160
Smcr8_-_60777598.23-P1P2,6160
Bid_+_120916825.23-P1P2,6160
Acan_+_79053303.23-P1P2,6160
Frat2_+_41848238.23-P1P2,6159
Cfl1_-_5490536.23-P1P2,6159
Serpini1_+_75557601.23-P1P2,6157
Gstm4_+_108044826.23-P1P2,6154
Sst_-_23890781.23-P1P2,6153
Cd36_+_17835651.23-P1P2,6152
Kcnh4_+_100759485.23-P1P2,6152
Hspg2_-_137469041.23-P1P2,6152
Pax6_-_105668931.23-P1,6151
Gm11127_-_36058464.23-P1P2,6150
Pik3cb_-_99140178.23-P1P2,6150
Phpt1_+_25574634.23-P1P2,6150
Trem2_-_48346611.23-P1P2,6149
Txnrd1_-_82859277.23-P1P2,6148
Wnt8b_+_44493517.23-P1P2,6148
Rest_-_77265551.23-P1P2,6146
Frat2_+_41848037.23-P1P2,6144
Wnt10a_+_74792077.23-P1P2,6143
Sgsm3_-_80977817.23-P1P2,6143
Trpv4_+_114658361.23-P1P2,6141
Htra1_+_130936278.23-P1P2,6140
non-targeting_02872,6139
Tank_-_61578630.23-P2,6138
Sdhb_+_140961450.23-P1P2,6138
Wnt5a_+_28505837.23-P1,6138
Slc52a2_+_76538908.23-P1P2,6136
Mfge8_-_79148955.23-P1P2,6135
Pnpla6_+_3515390.23-P1,6133
H2-T24_-_36020478.23-P1P2,6132
Derl1_-_57892419.23-P1P2,6131
Chek2_-_110840063.23-P1P2,6131
Tank_+_61578637.23-P2,6130
Ttpa_+_20008490.23-P1P2,6130
Apc_-_34220930.23-P1,6129
Tiparp_+_65528534.23-P1P2,6129
Map2k7_+_4238856.23-P1P2,6128
Mgst1_-_138140542.23-P1P2,6128
Vps35_+_85299508.23-P1P2,6127
Ryr3_+_113217027.23-P1P2,6126
Ndufa2_-_36744509.23-P1P2,6126
Syt14_-_193035680.23-P1P2,6125
Prx_-_27508075.23-P2,6124
Atg13_-_91710570.23-P1P2,6123
Bace1_-_45838643.23-P1P2,6122
Apbb1_+_105581226.23-P1P2,6121
Pik3c3_+_30272906.23-P1P2,6121
Opa1_+_29579493.23-P1P2,6121
Atxn7_-_14012754.23-P1P2,6120
Sema6b_-_56133771.23-P2,6120
Prdx3_-_60874494.23-P1P2,6118
Mtpap_+_4375823.23-P1P2,6118
Ung_-_114131245.23-P1P2,6118
Pitrm1_-_6548246.23-P1P2,6115
H2-M9_-_36642597.23-P1P2,6115
Pmp2_-_10197181.23-P1P2,6114
Kat2a_-_100712425.23-P1P2,6113
Emilin1_-_30913796.23-P1P2,6112
Mmp14_+_54431721.23-P1P2,6112
Slc2a1_-_119108871.23-P1P2,6111
Grin2a_+_9995028.23-P1P2,6110
Tfcp2_-_100551760.23-P1P2,6108
Cyp2d9_-_82452856.23-P1P2,6104
Mag_+_30914773.23-P1P2,6102
Dcaf8_-_172148149.23-P1P2,6101
Qprt_-_127121986.23-P1P2,6100
Ctrl_+_105933789.23-P1P2,6100
Qprt_-_127121979.23-P1P2,6100
Slc25a38_-_120110619.23-P1,6097
Fdps_-_89101692.23-P1P2,6097
Glul_-_153900609.23-P1P2,6096
Scn11a_+_119825404.23-P1P2,6095
Elovl5_+_77917494.23-P1P2,6094
Ndufab1_+_122101549.23-P1P2,6093
Fa2h_+_111393813.23-P1P2,6092
Thg1l_+_45955425.23-P1P2,6092
Ap4s1_+_51691067.23-P1P2,6092
Wnt11_+_98835180.23-P1,6092
Padi2_-_140924351.23-P2,6088
Serpina1e_-_103956471.23-P1,6085
Tubb5_-_35838186.23-P1P2,6085
Hspa9_-_34954320.23-P1P2,6085
Stip1_+_7039961.23-P1P2,6084
Dtymk_+_93801840.23-P1P2,6084
Scarb1_-_125341031.23-P1P2,6083
Ap5z1_+_142464084.23-P1P2,6082
Lamp1_-_13159448.23-P1P2,6080
Adora1_-_134234817.23-P1P2,6080
Dlst_+_85110888.23-P1P2,6079
Map3k11_+_5688956.23-P2,6079
Atp5g3_-_73911297.23-P1P2,6075
Il33_-_29925199.23-P1P2,6068
Abl1_-_31688613.23-P1P2,6068
Tdp1_-_99884552.23-P1P2,6066
Akt1_+_112674185.23-P1P2,6066
Wnt8a_+_34542417.23-ENSMUST00000012426.2,6065
Rest_-_77265616.23-P1P2,6065
Phpt1_+_25574835.23-P1P2,6064
Atg14_-_47568363.23-P1P2,6064
Xk_-_9272981.23-P1P2,6064
Lrp6_+_134566957.23-P1P2,6062
Tlr4_+_66827623.23-P1P2,6060
Aplp1_+_30445510.23-P1P2,6060
Ang2_+_51195557.23-ENSMUST00000051274.1,6059
Xpnpep1_-_53038551.23-P1P2,6059
Bicd2_-_49341980.23-P1P2,6058
Ppp1r1b_-_98348748.23-P1P2,6056
Gpbp1_+_111489824.23-P1P2,6055
Brca2_+_150522866.23-P1P2,6053
Tmem63c_+_87026519.23-P1P2,6053
Uba5_+_104063009.23-P1P2,6052
Mbp_+_82554597.23-P1P2,6051
Ndufa11_+_56717787.23-P1P2,6050
Lcn2_+_32387563.23-P1P2,6050
P4hb_-_120572798.23-P1P2,6049
Tnfrsf1b_+_145246821.23-P1P2,6047
Tgm6_+_130123330.23-P1P2,6047
Atg7_-_114643147.23-P1P2,6046
Synm_+_67759717.23-P1P2,6046
Apc2_-_80301048.23-P1,6043
Slc6a4_+_76998801.23-P2,6042
Nr1h2_+_44553921.23-P1P2,6041
Pld3_+_27553035.23-P2,6041
Gpnmb_-_49036700.23-P1P2,6041
Cnr2_+_135895522.23-P1,6040
Gad2_-_22622605.23-P1P2,6040
Grin2a_+_9995023.23-P1P2,6040
Csnk1e_+_79441955.23-P1P2,6039
Tank_+_61593164.23-P1,6039
Pitrm1_-_6548217.23-P1P2,6039
Tyrp1_-_80834288.23-P1P2,6038
Stx1a_-_135023576.23-P1,6037
Rab5a_+_53479306.23-P1P2,6036
Glb1_+_114401203.23-P1P2,6036
Gm7030_-_36129518.23-P1P2,6036
non-targeting_02619,6036
Atp2a2_-_122502034.23-P1P2,6036
Gdap2_+_100162547.23-P1P2,6034
Fzd3_+_65262392.23-P1P2,6032
Aifm1_+_48513351.23-P1P2,6032
Grm2_-_106656028.23-P1P2,6030
Ppara_+_85735787.23-P1P2,6028
Brca2_+_150522655.23-P1P2,6027
Ulk1_+_110809689.23-P1P2,6026
Nr1h2_+_44553506.23-P1P2,6024
Stat3_+_100939379.23-P1P2,6024
non-targeting_02234,6022
Lingo1_-_56635481.23-P1P2,6021
Acsbg1_-_54661717.23-P1P2,6021
Neurod1_+_79456606.23-P1P2,6021
Hspa1a_+_34971599.23-P1P2,6020
Ager_+_34598064.23-P1P2,6020
Cfdp1_+_111854285.23-P1P2,6019
Atg2a_-_6241772.23-P1P2,6019
Psen2_+_180255966.23-P1,6016
P4hb_-_120572838.23-P1P2,6015
Nrros_+_32165450.23-P1P2,6014
Sucla2_-_73552810.23-P1P2,6013
Tia1_+_86404711.23-P1P2,6012
Dio2_+_90738623.23-P1P2,6012
Clcn7_-_25133411.23-P1P2,6011
Trip4_+_65908762.23-P2,6011
Slc11a2_+_100422950.23-P1,6008
Ttbk2_+_120850349.23-P1P2,6007
Ccr2_+_124102146.23-P1P2,6005
Vrk1_+_106010366.23-P1P2,6005
Endou_+_97721101.23-P1,6003
Vamp1_+_125215639.23-P1,6000
Creb1_-_64532852.23-P1P2,5999
Uchl3_+_101654249.23-P1P2,5998
Atp5g3_+_73911230.23-P1P2,5997
Chat_-_32465800.23-P2,5997
Atxn1_-_45964955.23-P1P2,5997
Il33_-_29925185.23-P1P2,5996
Spg11_-_122118360.23-P1P2,5995
Vps37a_+_40511862.23-P1P2,5995
Grm2_-_106656043.23-P1P2,5994
Ndufb6_+_40279341.23-P1P2,5994
Smurf2_-_106920641.23-P1P2,5992
Cacna1b_+_24763106.23-P1P2,5992
Cnr2_+_135911897.23-P2,5992
Ubqln4_-_88554037.23-P1P2,5992
Ube2j2_+_155944114.23-P1P2,5992
Epha4_+_77515037.23-P1P2,5991
Tgm2_-_158146333.23-P1P2,5990
Ucp2_-_100498197.23-P2,5990
Vamp2_+_69088577.23-P1P2,5989
Nek1_+_60993307.23-P1P2,5988
Ndufa5_+_24527542.23-P1P2,5988
Cox7a1_+_30184238.23-P1P2,5987
Serpina3c_+_104153475.23-P1P2,5987
Gan_-_117158036.23-P1P2,5986
Pcyt2_-_120617879.23-P1P2,5986
Mpz_+_171155575.23-P1P2,5986
Wars2_-_99141162.23-P1P2,5985
Vegfb_-_6987634.23-P1P2,5983
Psma7_+_180042402.23-P1P2,5982
Folr1_+_101864082.23-P2,5982
Psmd7_-_107588348.23-P1P2,5981
Ascc1_+_60002839.23-P1P2,5980
Pik3r5_-_68432127.23-P1P2,5979
Wnt2b_+_104961672.23-P1P2,5979
Surf1_+_26916327.23-P1P2,5979
Scn8a_+_100871150.23-P1P2,5979
Elavl4_+_110286620.23-P1P2,5977
Gnb4_+_32616495.23-P1P2,5977
Nefl_+_68084097.23-P1P2,5975
Msh2_-_87672779.23-P1P2,5974
Lmna_-_88503047.23-P1P2,5974
Cd200r3_+_44943920.23-P1P2,5973
Hpx_+_105600071.23-P1P2,5973
Adm_+_110627693.23-P1P2,5972
Ang2_+_51195470.23-ENSMUST00000051274.1,5972
Ndrg1_-_66969576.23-P1P2,5971
Gad1_-_70562198.23-P1P2,5971
Wnt10b_+_98778521.23-P1P2,5970
Grin1_-_25319118.23-P1P2,5970
Cp_+_19957109.23-P1P2,5969
Serpinf1_+_75422489.23-P1P2,5968
Tubal3_-_3924771.23-P1P2,5968
Dnah7a_-_53706758.23-P1P2,5967
Canx_+_50325584.23-P1P2,5966
Chmp1a_+_123212737.23-P1P2,5965
Pnp2_+_50956215.23-P1P2,5964
Gstm6_-_107943674.23-P1P2,5962
Camk2a_-_60925713.23-P1P2,5962
Atp5c1_+_10080318.23-P1P2,5962
Ppif_+_25694257.23-P1P2,5961
Iba57_-_59163734.23-P1P2,5961
Ndufb10_+_24724355.23-P1P2,5960
Fus_-_127967597.23-P1P2,5959
Trpv4_+_114658390.23-P1P2,5959
Atxn1l_+_109737500.23-P1P2,5959
Snx27_+_94582542.23-P1P2,5958
Psmd2_-_20651713.23-P1P2,5957
Kif5a_-_127263078.23-P1P2,5955
Ap4b1_+_103809892.23-P1P2,5955
Bcl6_+_23988590.23-P1P2,5954
Adora2a_-_75317086.23-P1P2,5953
Cyp2d26_+_82794239.23-P1P2,5953
Stub1_+_25832845.23-P1P2,5950
Ndufab1_+_122101829.23-P1P2,5948
Rho_-_115931983.23-P1P2,5948
Synj1_+_91011035.23-P1P2,5948
Tor1a_+_30967668.23-P1P2,5948
Psmd14_+_61711803.23-P1P2,5947
Serpina3j_-_104314572.23-ENSMUST00000109957.2,5947
Il13ra1_-_36112157.23-P1P2,5947
Nlrp3_-_59542076.23-P1,5945
Letm1_-_33782713.23-P1P2,5943
Mme_+_63299781.23-P1,5942
Ntf5_-_45413923.23-P1P2,5941
Klc1_-_111758947.23-P1P2,5940
Hnrnpa2b1_+_51469846.23-P1P2,5940
Ambra1_+_91730218.23-P1P2,5940
Plcb4_+_135805593.23-ENSMUST00000035646.4,5939
Cadm3_-_173367643.23-P1P2,5938
Psmb2_-_126677707.23-P1P2,5935
Mnat1_-_73123768.23-P1P2,5934
Bid_+_120916818.23-P1P2,5934
Fars2_-_36117939.23-P1P2,5934
H2-M10.2_-_36286436.23-ENSMUST00000023845.6,5933
Map2k7_-_4238891.23-P1P2,5932
Capn1_-_6015527.23-P1P2,5931
Elavl1_-_4325007.23-P1P2,5930
Dstyk_-_132417663.23-P1P2,5928
Zfyve1_+_83596991.23-P1P2,5926
Uba7_-_107983044.23-P2,5926
Nos2_-_78920867.23-P1P2,5926
Ndufv2_+_66101493.23-P1P2,5926
Kif5b_+_6241487.23-P1P2,5926
Nudt1_-_140331986.23-P1P2,5924
Becn1_+_101302212.23-P1P2,5923
Casp12_+_5345516.23-P1P2,5923
Tpp2_+_43934155.23-P1P2,5923
Atf6_+_170867739.23-P1P2,5922
Nr3c1_-_39490491.23-P1P2,5921
Maneal_+_124862186.23-P1P2,5921
Ogdh_+_6291644.23-P1P2,5919
Dstyk_-_132417633.23-P1P2,5919
Sorl1_+_42124089.23-P1P2,5919
Zfp78_-_6363347.23-P1P2,5919
Igfals_+_24878985.23-P1P2,5919
Cwf19l1_+_44135626.23-P1P2,5917
Ube2g1_-_72607277.23-P1P2,5916
Slc11a2_+_100422972.23-P1,5916
Cdk5r1_+_80477060.23-P1P2,5916
Sst_-_23890732.23-P1P2,5916
Lmx1b_+_33640843.23-P1P2,5914
Endou_+_97731342.23-P2,5913
Cox6b1_+_30626031.23-P1P2,5910
Ripk1_-_34002433.23-P1P2,5909
Ncl_-_86359281.23-P1P2,5909
Zfyve27_+_42170631.23-P1P2,5909
Eif2b4_+_31192980.23-P1P2,5909
Tmprss4_+_45203988.23-P1P2,5908
1600014C10Rik_+_38183830.23-P1P2,5908
Bdnf_+_109693651.23-P1P2,5908
Upk3b_-_136038740.23-P1P2,5907
Spast_+_74338737.23-P1P2,5906
Il15_+_82402974.23-P1P2,5904
Gan_-_117158246.23-P1P2,5904
Ctsb_-_63122752.23-P1P2,5903
Ppp5c_+_17027764.23-P1P2,5903
Dcaf8_-_172148179.23-P1P2,5903
Map2k5_-_63377845.23-P1P2,5903
Ndufb2_-_39592672.23-P1P2,5903
Dnajc6_+_101508059.23-P1P2,5902
Psmc4_+_28050011.23-P1P2,5901
Opa1_-_29579412.23-P1P2,5901
Creb1_-_64532855.23-P1P2,5900
Ndufa8_+_36049259.23-P1P2,5900
Sox2_-_34650042.23-P1P2,5898
Galc_-_98259317.23-P1P2,5898
Cln6_+_62838848.23-P1P2,5898
Pld3_-_27552962.23-P2,5897
Nr4a2_-_57114851.23-P1,5895
Smcr8_-_60777586.23-P1P2,5894
Notch3_+_32166661.23-P1P2,5894
Sst_-_23890805.23-P1P2,5893
Ndufs2_-_171247061.23-P1,5893
Eif2b2_-_85219558.23-P1P2,5892
Nbn_-_15958078.23-P1P2,5892
Ndufc1_-_51408844.23-P1P2,5891
Tfpi2_+_3968355.23-P1P2,5891
Pik3r4_+_105643021.23-P1P2,5890
Xbp1_+_5521087.23-P1P2,5889
Zfp597_-_3884471.23-P1P2,5889
Psmd13_-_140882605.23-P1P2,5889
Nhlrc1_-_47014821.23-P1P2,5888
Rho_-_115931934.23-P1P2,5888
Dctn5_-_122133048.23-P1P2,5886
Ap4b1_-_103809606.23-P1P2,5884
Polg_+_79466182.23-P1P2,5882
Nalcn_-_123627015.23-P1P2,5882
Idua_+_108669368.23-P1P2,5882
Kynu_+_43555367.23-P1P2,5881
Cetn1_+_9619474.23-P1P2,5881
Slc17a6_+_51622099.23-P1P2,5879
Gcg_-_62483589.23-P1P2,5879
Nek1_-_60993252.23-P1P2,5879
Wnk1_+_120038676.23-P1P2,5878
Fgf13_-_59134701.23-P1P2,5877
Lmnb2_-_80918165.23-P1P2,5877
Keap1_-_21239239.23-P1P2,5876
Nedd4_-_72662542.23-P1P2,5876
Hdac4_+_92148338.23-ENSMUST00000008995.8,5876
Spg7_+_123065580.23-P1P2,5876
"Rims2_+_39198431.23-ENSMUST00000082054.5,ENSMUST00000042917.9",5875
Pcsk1n_+_7919897.23-P1P2,5874
Mog_-_37023260.23-P1P2,5874
Eef2_+_81178041.23-P2,5874
non-targeting_02182,5874
Dvl3_-_20517098.23-P1P2,5871
Cxcr4_-_128592243.23-P1P2,5871
Mapk3_-_126759808.23-P1P2,5870
Wnt8a_-_34542360.23-ENSMUST00000012426.2,5869
Ppp3r2_-_49681979.23-P1P2,5868
Dnajb1_-_83608325.23-P1P2,5868
Hspa8_-_40801478.23-P1,5868
Fzd8_-_9212989.23-ENSMUST00000041080.5,5867
Txnrd1_-_82859247.23-P1P2,5867
Syn1_-_20920819.23-P1P2,5867
Psmd6_+_14120710.23-P1P2,5867
Pnpt1_+_29130786.23-P1P2,5866
Elavl1_+_4325058.23-P1P2,5866
Matr3_+_35562428.23-P1P2,5865
Snx14_+_88438897.23-P1P2,5863
Mgrn1_-_4886268.23-P1P2,5862
Hmbs_-_44344138.23-P2,5862
Calb1_-_15881302.23-P1P2,5860
Vps37a_+_40511906.23-P1P2,5859
Sirt5_-_43365491.23-P1P2,5859
Mutyh_-_116807768.23-P1P2,5858
Cox4i1_-_120668321.23-P1P2,5857
Fa2h_-_111393800.23-P1P2,5857
Fig4_-_41303113.23-P1P2,5856
Ifit3_-_34583729.23-P1P2,5856
Cav1_+_17307777.23-P1,5855
Anxa5_-_36475632.23-P1P2,5854
Acan_+_79053221.23-P1P2,5854
Tdp2_-_24831734.23-P1P2,5853
Slc25a31_-_40709187.23-P1P2,5852
Kcnd3_+_105452131.23-P1P2,5851
Pik3cg_-_32208604.23-P1P2,5851
Egr2_-_67537946.23-P1,5849
Mapk8_+_33447138.23-P1P2,5849
Tfg_+_56717205.23-P1P2,5849
Psmb3_-_97703501.23-P1P2,5848
Calb1_-_15881274.23-P1P2,5847
Txn2_+_77927832.23-P2,5847
Pak1_+_97842956.23-P1P2,5846
Dnali1_-_125065628.23-P1P2,5845
Sigmar1_-_41741259.23-P1P2,5844
Tsen54_-_115814758.23-P1P2,5843
Kcnc3_+_44590945.23-ENSMUST00000107906.3,5842
Park7_+_150914426.23-P2,5841
Vps35_-_85299729.23-P1P2,5841
Atp5o_+_91931518.23-P1P2,5841
Wnt9a_-_59306906.23-P1P2,5839
Rrm2_+_24708328.23-P1P2,5839
Mapt_+_104231564.23-P1P2,5838
Cox8b_-_140900330.23-P1P2,5838
Echs1_-_140116395.23-P1P2,5838
Gusb_-_130002617.23-P1P2,5838
Tomm20_+_126945823.23-P1P2,5837
Sptbn2_+_4711244.23-P1P2,5836
Reps1_-_18055616.23-P1P2,5835
Toe1_+_116807515.23-P1P2,5835
Pik3cb_+_99140132.23-P1P2,5833
Eif2ak2_+_78882484.23-P1P2,5832
Nr4a2_+_57124118.23-P2,5830
Tbp_-_15499951.23-P1P2,5830
Pno1_-_17211543.23-P1P2,5829
Ap4b1_+_103809632.23-P1P2,5827
Nos3_+_24364860.23-P1P2,5826
Lox_-_52529565.23-P1P2,5826
Serpini1_-_75557577.23-P1P2,5825
Gap43_-_42340356.23-P1P2,5825
Dctn1_+_83166185.23-P1P2,5824
Mapk12_+_89140627.23-P1P2,5824
P2rx7_-_122643936.23-P1P2,5824
Vrk1_+_106010338.23-P1P2,5823
Psma8_-_14706188.23-P1P2,5820
Tmem175_-_108629873.23-P1P2,5820
Pin1rt1_-_104716149.23-ENSMUST00000099659.2,5818
Nr3c1_-_39490444.23-P1P2,5818
Nes_+_87971091.23-P1P2,5818
Gigyf2_+_87327075.23-P1P2,5817
Tbcd_-_121452020.23-P1P2,5817
Aimp1_-_132683847.23-P1P2,5815
Atp2a3_-_72961234.23-P1P2,5812
Ppt1_+_122836300.23-P1P2,5811
Hras_-_141193954.23-P1P2,5810
Coq2_-_100674279.23-P1P2,5810
Glp1r_-_30901826.23-P1P2,5810
Trp73_-_154139623.23-P1,5809
Ndufa13_+_69902830.23-P1P2,5809
Dnajb1_+_83608277.23-P1P2,5808
Pars2_+_106651162.23-P1P2,5808
Htt_+_34761793.23-P1P2,5808
Cntf_-_12765358.23-P1P2,5806
Ccnf_+_24251329.23-P1P2,5806
Stxbp5l_+_37384917.23-P1P2,5804
Hspb2_+_50752309.23-P1P2,5804
Plekhg5_-_152086931.23-P1P2,5804
Uchl1_+_66676281.23-P1P2,5802
Psmd3_+_98682615.23-P1P2,5802
Ppara_-_85735799.23-P1P2,5801
Gpnmb_-_49036675.23-P1P2,5801
Smcr8_+_60777611.23-P1P2,5801
Gnb4_-_32616523.23-P1P2,5801
Csf1_-_107760033.23-P1P2,5801
Ddah1_-_145758736.23-P1P2,5800
Thy1_-_44043455.23-P1P2,5799
Necab1_-_15149018.23-P1P2,5799
Litaf_+_10993056.23-P1P2,5799
Nalcn_-_123627081.23-P1P2,5798
Wnk1_-_120038599.23-P1P2,5798
Tango2_+_18343869.23-P1P2,5798
Clcc1_+_108653955.23-P1P2,5796
Dnah2_+_69549076.23-ENSMUST00000108659.1,5795
Chrm5_-_112480740.23-ENSMUST00000099589.2,5794
Ngfr_-_95587684.23-P1P2,5794
Creb1_-_64532904.23-P1P2,5794
Ulk2_+_61854995.23-P1P2,5793
Rest_-_77265583.23-P1P2,5793
Npc1_-_12236058.23-P1P2,5792
Eif4g1_+_20672882.23-P1P2,5791
Tardbp_+_148626742.23-P1P2,5790
Aplp1_+_30445520.23-P1P2,5790
Nr3c1_+_39490608.23-P1P2,5789
Pon3_-_5256203.23-P1P2,5787
Dnajb2_-_75236713.23-P1P2,5787
Gstm1_-_108017869.23-P1P2,5785
Axin2_+_108921058.23-P1P2,5785
Agrn_-_156197436.23-P1,5785
Pi4ka_+_17405847.23-P1P2,5784
Pcna_+_132253181.23-P1P2,5784
Ezh2_+_47594979.23-P1P2,5782
Bcl2l1_-_152830432.23-P1,5782
Ager_-_34597859.23-P1P2,5781
Trp53_-_69580422.23-P1P2,5781
Rreb1_-_37826052.23-P1P2,5779
Fgf14_-_124192993.23-ENSMUST00000026631.5,5779
Ang6_-_44002257.23-ENSMUST00000096869.2,5778
Ndufb5_-_32737084.23-P1P2,5778
Sugp1_+_70043107.23-P1P2,5778
Ndufa12_+_94199300.23-P1P2,5778
Fbxo7_-_86021910.23-P1P2,5777
Csf1_-_107760211.23-P1P2,5775
Surf1_-_26916300.23-P1P2,5775
Cntf_-_12765355.23-P1P2,5774
Ndufc2_-_97400106.23-P1P2,5773
Gpx4_+_80053929.23-P1P2,5773
Ren1_+_133350690.23-P1P2,5773
Tyrp1_-_80834275.23-P1P2,5773
Psma3_+_70974681.23-P1P2,5772
Fn1_-_71653133.23-P1P2,5772
Dnah11_+_118198838.23-P1P2,5771
Cnr1_-_33924665.23-P1P2,5770
Calml4_-_62858172.23-P1P2,5769
Ins2_+_142699488.23-P2,5769
Kcna3_-_107036184.23-P1P2,5768
Mapk8_+_33447108.23-P1P2,5768
Arih1_+_59486592.23-P1P2,5768
Gpr37_-_25689806.23-P1P2,5766
Nqo2_+_33964747.23-P1P2,5764
Cox5b_-_36691805.23-P1P2,5764
Hfe_-_23710745.23-P1P2,5762
Prkar1b_-_139129669.23-P1P2,5762
Atn1_+_124756675.23-P1P2,5760
Ccnf_+_24251339.23-P1P2,5760
Map2k3_+_60932091.23-P1P2,5757
Fosb_+_19310015.23-P1P2,5757
Psmd9_+_123228340.23-P1P2,5755
Rb1cc1_-_6214690.23-P1P2,5754
Gchfr_-_119167992.23-P1P2,5754
Tiparp_-_65528494.23-P1P2,5754
Hmox1_+_75093657.23-P1P2,5753
Ctnnb1_+_120933898.23-P1P2,5753
Tbcd_-_121452206.23-P1P2,5751
Cyp2d10_-_82407195.23-P1P2,5750
Fos_+_85474000.23-P1P2,5748
Zfyve26_+_79296071.23-P1P2,5748
Slc11a2_-_100423018.23-P1,5747
Cox4i2_-_152754247.23-P1P2,5746
Neurod1_+_79456596.23-P1P2,5745
Fzd7_+_59482150.23-P1P2,5744
Slc1a3_-_8710382.23-P1P2,5744
Hnrnpdl_-_100038643.23-P1P2,5743
Abcb1b_+_8798154.23-P1P2,5743
Pon2_+_5298269.23-P1P2,5741
Psmc3_-_91054354.23-P1P2,5740
Ahsg_+_22892050.23-P1P2,5738
Angpt4_+_151911481.23-P1P2,5737
Slc30a10_-_185455067.23-P1P2,5736
Pak3_+_143518818.23-P2,5736
Hspa14_-_3512696.23-P1P2,5734
Matr3_-_35562259.23-P1P2,5734
Tor1a_+_30967640.23-P1P2,5734
Slc19a3_-_83038246.23-P1P2,5733
Serpina3a_-_104113104.23-P1P2,5731
Slc25a46_-_31609919.23-P1P2,5731
Csf1r_+_61105905.23-P1P2,5731
Fis1_-_136962174.23-P1,5729
Peg12_+_62464491.23-P1P2,5729
Hras_-_141193942.23-P1P2,5728
Coasy_-_101082648.23-P1P2,5725
Ttc19_+_62281504.23-P1P2,5725
Map2k6_+_110399158.23-P1P2,5723
Vamp1_+_125215652.23-P1,5723
Mapk9_-_49846860.23-P1P2,5722
Aptx_-_40702954.23-P1P2,5722
Camk2g_-_20793972.23-P1P2,5722
Tmem119_+_113800329.23-P1P2,5721
Il6_+_30013186.23-P1P2,5720
P2ry2_-_101011957.23-P1P2,5720
Cox7a2l_-_83514089.23-P1P2,5720
Fshr_-_89200667.23-P1P2,5719
Pparg_+_115361283.23-P1P2,5718
Junb_+_84978659.23-P1P2,5717
Atxn2_+_121711837.23-P1P2,5717
Mfn1_-_32529543.23-P1P2,5717
non-targeting_00545,5715
Ezh2_+_47594973.23-P1P2,5715
Atp5c1_-_10080407.23-P1P2,5712
Txn2_+_77928965.23-P1,5712
Pdk3_-_93832134.23-P1P2,5712
Src_+_157424303.23-P1P2,5712
Wnt3a_-_59290723.23-P1P2,5711
Mrc1_-_14229420.23-P1P2,5710
Padi2_+_140906599.23-P1,5709
Rab10_+_3309924.23-P1P2,5707
Stxbp1_-_32847150.23-P1P2,5706
Pdyn_+_129699782.23-P1P2,5705
Ina_-_47014749.23-P1P2,5704
Chrm3_+_9878919.23-ENSMUST00000063093.9,5704
Pde4a_+_21165773.23-P2,5703
Wnt5a_+_28505823.23-P1,5702
Inpp4a_-_37299951.23-P1P2,5701
Wwox_-_114439742.23-P1P2,5699
Padi2_+_140906416.23-P1,5698
Fth1_+_9982960.23-P1P2,5698
B4galnt1_-_127165931.23-P1P2,5697
Ndufb9_+_58934033.23-P1P2,5696
Itgam_-_128062781.23-P1P2,5696
Tspo_-_83563644.23-P1P2,5694
Aga_-_53511812.23-P1P2,5692
Lmna_-_88503269.23-P1P2,5691
Clcn6_+_148038782.23-P1P2,5691
Prnp_-_131909980.23-P1P2,5690
Pld3_+_27553019.23-P2,5690
Npc1_-_12236340.23-P1P2,5688
Egfr_+_16752295.23-P1P2,5687
Tsen2_-_115544950.23-P1P2,5687
Apc2_-_80299137.23-P2,5686
Reep2_-_34840686.23-P1P2,5686
Mapk11_+_89149371.23-P1P2,5683
Serpina3j_-_104314648.23-ENSMUST00000109957.2,5683
Ntf5_-_45413735.23-P1P2,5682
Kitl_-_100015889.23-P1P2,5681
Emilin1_-_30913718.23-P1P2,5681
Snx14_-_88438844.23-P1P2,5681
Itpr2_-_146502170.23-P1P2,5679
Hspa14_-_3512722.23-P1P2,5679
non-targeting_03491,5679
Ndufs3_+_90904660.23-P1P2,5678
"Rims2_+_39198630.23-ENSMUST00000082054.5,ENSMUST00000042917.9",5678
Atp13a2_-_140986910.23-P1P2,5678
Psmb3_-_97703513.23-P1P2,5677
Mtor_-_148448637.23-P1P2,5676
Hmbs_-_44342260.23-P1,5676
1700013F07Rik_+_108537583.23-P1P2,5673
Atp1a1_+_101604602.23-P1P2,5672
Gabpa_+_84835449.23-P1P2,5672
Tubal3_+_3924702.23-P1P2,5672
Slc17a5_+_78587961.23-P1P2,5670
Ddhd1_+_45658045.23-P1P2,5669
Pde4a_+_21196776.23-P1,5669
Hnrnpa2b1_-_51469774.23-P1P2,5668
Dab1_-_104367610.23-P1P2,5667
Hdac9_-_34528814.23-P1P2,5666
Src_+_157424322.23-P1P2,5666
Oxr1_+_41449036.23-ENSMUST00000179393.1,5664
Hdac9_-_34528837.23-P1P2,5664
Agtpbp1_-_59557047.23-P1P2,5664
Il12a_-_68691455.23-P1P2,5662
Dbn1_-_55488018.23-P1P2,5661
Ppp2r2b_-_43059389.23-ENSMUST00000025377.7,5661
Pmpca_-_26389373.23-P1P2,5661
Fgf2_-_37348743.23-ENSMUST00000038885.3,5661
Dctn5_+_122133243.23-P1P2,5657
Ndufb4_+_37654404.23-P1P2,5657
non-targeting_02224,5655
S100a1_-_90514278.23-P1P2,5654
Parp1_-_180568997.23-P1P2,5652
Ulk2_+_61854871.23-P1P2,5652
Actb_-_142906709.23-P1,5651
Epm2a_+_11343497.23-P1P2,5651
Slc6a4_+_76998669.23-P2,5651
Cd40_-_165055886.23-P1P2,5649
Gba_+_89203321.23-P1P2,5648
Ndufc1_-_51408724.23-P1P2,5648
Dnajb1_-_83608287.23-P1P2,5647
Polr3k_-_181864441.23-P1P2,5646
Pklr_+_89136463.23-P1P2,5645
Fa2h_+_111393804.23-P1P2,5645
Psma8_-_14706233.23-P1P2,5645
Slc8a3_-_81333126.23-P1P2,5644
Coq7_+_118533282.23-P1P2,5644
Nxnl1_-_71566595.23-P1P2,5643
Hnrnpdl_-_100038881.23-P1P2,5643
Aars2_-_45506906.23-P1P2,5642
Psmd9_-_123228332.23-P1P2,5640
Pde8b_-_95250302.23-P1,5635
Fgf2_+_37348305.23-ENSMUST00000138563.2,5635
Prnp_-_131910011.23-P1P2,5633
Lcn2_+_32387722.23-P1P2,5632
non-targeting_03947,5631
Cav1_-_17306459.23-P2,5631
non-targeting_02923,5630
Dvl2_-_70000637.23-P1P2,5630
Bcl11b_-_108004028.23-P1P2,5629
Map2k3_+_60932115.23-P1P2,5628
Ogt_+_101640130.23-P1P2,5628
Pde8b_+_95223039.23-P2,5627
Tomm20_-_126945584.23-P1P2,5627
Sos1_+_80480413.23-P1P2,5626
Prkra_-_76648007.23-P1P2,5624
Gstm6_-_107943724.23-P1P2,5622
Bcl11b_-_108003988.23-P1P2,5622
Icam1_+_21015969.23-P1P2,5620
"Dnah17_+_118129158.23-ENSMUST00000106308.3,ENSMUST00000084803.5",5618
Glrx_-_75839947.23-P1P2,5617
Ctsd_+_142387612.23-P1P2,5616
Hpx_+_105600056.23-P1P2,5615
Kcnc3_+_44590685.23-ENSMUST00000107907.2,5614
Dao_-_114003876.23-P1P2,5613
Itm2b_-_73385247.23-P1,5613
Chrm5_-_112480773.23-ENSMUST00000099589.2,5611
Apoa1_+_46228753.23-P1P2,5611
Jun_+_95051932.23-P1P2,5609
Ywhaq_+_21417519.23-P1P2,5606
Ndufv1_+_4012655.23-P1P2,5606
Pmpcb_-_21737224.23-P1P2,5605
Gdnf_-_7811124.23-P1P2,5605
Prickle1_-_93595866.23-P1,5604
Phex_+_157415283.23-P1P2,5603
Slc1a3_-_8710385.23-P1P2,5601
Uba5_-_104063086.23-P1P2,5600
Ndufv2_+_66101483.23-P1P2,5600
Mfn1_+_32529564.23-P1P2,5599
Dnajc10_-_80315778.23-P1P2,5599
Adora2b_+_62249063.23-P1P2,5598
Csf2_+_54249604.23-P1P2,5597
Thg1l_+_45955436.23-P1P2,5597
H2-M10.5_+_36773056.23-ENSMUST00000041531.6,5596
Taf15_+_83473131.23-P1P2,5596
Stip1_+_7039902.23-P1P2,5595
Cnr2_+_135911891.23-P2,5595
Hexa_-_59539687.23-P1P2,5594
Slc18a1_-_69077229.23-P2,5594
Cyp2d9_+_82452522.23-P1P2,5593
Hspb3_-_113663607.23-P1P2,5591
Eef2_+_81177737.23-P2,5587
Ndufa11_+_56717799.23-P1P2,5586
Eif2b1_+_124578999.23-P1P2,5586
Trrap_-_144768257.23-P1P2,5585
Gjb1_-_101377356.23-P1P2,5584
Abl1_+_31688565.23-P1P2,5583
Scn8a_-_100870959.23-P1P2,5583
Gsk3a_+_25237759.23-P1P2,5583
Slc1a2_-_102706478.23-ENSMUST00000111212.1,5583
Nipa1_+_56019339.23-P1P2,5581
Notch1_-_26503708.23-P1P2,5580
Trim2_-_84220891.23-P1,5578
Atg2b_-_105685177.23-P1P2,5578
Ern1_-_106487777.23-P1P2,5576
Inf2_-_112604217.23-P2,5575
Gfap_-_102897073.23-P1P2,5574
Clu_-_65968670.23-P1,5574
Ndrg1_-_66969590.23-P1P2,5574
Med25_+_44892372.23-P1P2,5571
Klc2_+_5118226.23-P1P2,5571
Znhit3_+_84916304.23-P1P2,5568
Wnt9b_-_103749730.23-P1P2,5566
Wnt10a_+_74792081.23-P1P2,5565
Ifit3_+_34583594.23-P1P2,5565
Idua_-_108669300.23-P1P2,5564
Plb1_+_32247521.23-P1P2,5564
Tank_-_61593237.23-P1,5564
Adap1_+_139325109.23-P1P2,5563
Pon1_-_5193726.23-P1P2,5563
Cyp7b1_-_18243270.23-P1P2,5562
Abcb1b_-_8798163.23-P1P2,5561
non-targeting_02937,5561
Rela_+_5637817.23-P1P2,5560
Fzd4_-_89404404.23-P1P2,5558
Ctsd_-_142387794.23-P1P2,5558
Calml4_-_62858376.23-P1P2,5556
Cacna1c_+_118757959.23-ENSMUST00000112825.2,5556
Cacna1d_+_30353465.23-P1P2,5555
Aifm1_-_48513356.23-P1P2,5554
Slc19a3_+_83038397.23-P1P2,5554
Fos_+_85475027.23-P1P2,5552
Pak1_+_97842982.23-P1P2,5552
Axin1_+_26138969.23-P1P2,5551
Cst3_-_148875382.23-P1P2,5550
Klc3_-_19404063.23-P2,5549
Sncg_-_34374624.23-P1P2,5549
Psmd8_+_29180607.23-P1P2,5549
Kcnh4_+_100759693.23-P1P2,5548
Sema4a_+_88455731.23-P1P2,5548
Fat2_-_55336616.23-P1P2,5547
B4galnt1_+_127165214.23-P1P2,5546
Zfp46_-_136286117.23-P2,5546
Nrbf2_+_67285272.23-P1P2,5545
Emc1_-_139352634.23-P1P2,5544
Hspb2_-_50752107.23-P1P2,5544
Sgsm3_-_80977865.23-P1P2,5544
Surf1_+_26916283.23-P1P2,5543
Trex1_-_109058976.23-P1P2,5542
L1cam_+_73880746.23-P1P2,5541
Lyst_-_13590461.23-P1P2,5541
Hspg2_-_137468800.23-P1P2,5540
Hspa8_-_40801348.23-P1,5539
Hspb1_-_135887988.23-P1P2,5538
Dnajc3_-_118938009.23-P1P2,5536
Raf1_-_115676542.23-P1P2,5535
Gfap_-_102897076.23-P1P2,5534
Dnah11_-_118198924.23-P1P2,5534
Pou5f1_-_35506050.23-P1P2,5533
Fgf13_-_59134736.23-P1P2,5533
Eif2b4_+_31193019.23-P1P2,5532
Epm2a_+_11343465.23-P1P2,5531
Cnp_-_100575038.23-P1P2,5530
Pabpc4_+_123282707.23-P1P2,5530
Ndufa13_-_69902824.23-P1P2,5530
Ppp3r1_+_17159317.23-P1P2,5528
Ndufs2_+_171247081.23-P1,5528
Ndufa5_-_24527506.23-P1P2,5528
Adora3_-_105870943.23-P1P2,5527
Taf2_-_55072115.23-P1P2,5527
Cd200r4_+_44812022.23-P1P2,5527
Abcb1a_-_8660089.23-P1P2,5525
Dnah8_+_30624413.23-ENSMUST00000170651.1,5524
Pcna_-_132252774.23-P1P2,5521
Psmb3_-_97703653.23-P1P2,5521
Gan_-_117158044.23-P1P2,5521
Slc25a5_-_36795631.23-P1P2,5519
Hspg2_-_137468853.23-P1P2,5518
Grin2d_-_45870888.23-P2,5516
Hfe_+_23710599.23-P1P2,5515
Coasy_+_101082668.23-P1P2,5514
Il15_-_82403180.23-P1P2,5511
Mcoln1_+_3500565.23-P1P2,5510
Ins2_-_142679636.23-P1,5509
Atf2_+_73892604.23-P1P2,5508
Tnr_+_159737586.23-ENSMUST00000111669.3,5508
Ntrk1_-_87795151.23-P1P2,5507
Clk1_-_58423969.23-P1P2,5506
Alb_+_90460906.23-P1P2,5504
Tnfrsf1a_+_125349795.23-P1P2,5502
Mfn1_+_32529625.23-P1P2,5499
Hspg2_-_137468866.23-P1P2,5499
non-targeting_03524,5498
H2-M9_+_36642601.23-P1P2,5498
Matr3_+_35562284.23-P1P2,5497
Eif2ak3_-_70844586.23-P1P2,5497
Ndufa1_+_37191092.23-P1P2,5497
Rbms3_+_117252429.23-P1P2,5496
Pik3cd_-_149698576.23-P1P2,5496
Tmed9_+_55593212.23-P1P2,5496
Ppid_-_79591422.23-P1P2,5496
Slc5a6_-_31048250.23-P1P2,5495
Serpina3c_+_104153765.23-P1P2,5493
Dnah14_+_181741449.23-ENSMUST00000160345.1,5492
Chmp2b_+_65562673.23-P1P2,5491
Ak4_-_101419560.23-P1P2,5491
Rreb1_+_37826074.23-P1P2,5488
Gtf2h1_-_46796163.23-P1P2,5486
Calm2_+_87446852.23-ENSMUST00000040440.6,5484
Psmd12_-_107479733.23-P1P2,5483
Myoc_+_162639164.23-P1P2,5483
Wnt5a_+_28505845.23-P1,5481
Kcna1_-_126645749.23-P1P2,5479
Ntrk1_+_87795177.23-P1P2,5478
Mcoln1_-_3500509.23-P1P2,5477
Crebbp_+_4212966.23-P1P2,5477
Akt1_+_112674225.23-P1P2,5475
Rars2_-_34615010.23-P1P2,5475
Ogt_+_101640157.23-P1P2,5475
Jund_-_70699314.23-P1P2,5475
Slc9a1_+_133369843.23-P1P2,5475
Reep2_-_34840736.23-P1P2,5474
Rbpj_-_53590735.23-P1P2,5473
Nefh_+_4947797.23-P1P2,5473
Adam10_-_70679088.23-P1P2,5472
Tmem106b_+_13069836.23-P1P2,5471
Dpp6_-_27049445.23-P2,5471
Hprt_+_52988212.23-P1P2,5469
Exosc3_+_45320554.23-P1P2,5469
Trp73_-_154097118.23-P2,5468
Uqcrc2_+_120635297.23-P1P2,5468
Bhlhb9_-_135885949.23-P1P2,5468
Rtn2_+_19291144.23-P1,5466
Clcn2_+_20717703.23-P2,5466
Plcb1_-_134786221.23-P1P2,5463
Mgrn1_+_4886349.23-P1P2,5463
Ube2g1_-_72607283.23-P1P2,5462
Ramp2_+_101246023.23-P1P2,5462
Cyp2d12_-_82555439.23-P1P2,5461
Ren1_-_133350719.23-P1P2,5461
Sct_-_141279088.23-P1P2,5460
Bid_+_120916821.23-P1P2,5459
Pcsk1n_+_7919900.23-P1P2,5459
Mpv17_+_31154182.23-P1P2,5458
Gba2_+_43578807.23-P1P2,5458
Gosr2_+_103697666.23-P1P2,5458
Pparg_-_115361329.23-P1P2,5457
Ace_+_105968026.23-P1P2,5456
Ccl2_+_82035611.23-P1P2,5455
Ift57_+_49699538.23-P1P2,5454
Pank2_-_131262761.23-P1P2,5454
Atp1a3_+_25005900.23-P1P2,5454
Gstm4_+_108044779.23-P1P2,5454
Dnah6_-_73221588.23-P1P2,5453
Gsn_+_35256437.23-P1,5453
Ntf3_+_126166538.23-P2,5452
Pdk3_-_93832137.23-P1P2,5452
Pcsk1n_+_7919942.23-P1P2,5450
Zfp597_+_3884492.23-P1P2,5450
Ang4_+_51773531.23-P1P2,5448
Dnajc6_-_101508204.23-P1P2,5448
Ogt_-_101640301.23-P1P2,5448
Cox4i1_-_120668312.23-P1P2,5447
Atp13a2_+_140986997.23-P1P2,5447
Vdac3_+_22593743.23-P1P2,5446
Psen2_-_180256189.23-P1,5445
Hspa14_-_3512708.23-P1P2,5444
Cnp_-_100575068.23-P1P2,5443
Dvl3_+_20517155.23-P1P2,5443
Capn2_+_182517246.23-P1P2,5442
Uqcrfs1_+_30545267.23-P1P2,5442
Slc17a7_-_45163939.23-P1P2,5441
Actb_-_142905506.23-P2,5441
Tppp3_-_105471352.23-P1P2,5440
Serpina1d_+_103773136.23-P1P2,5440
Gdap2_+_100162537.23-P1P2,5439
Psma8_-_14706209.23-P1P2,5439
Tfeb_-_47737140.23-P1P2,5438
Sdhc_-_171150547.23-P1P2,5438
Uqcrh_+_116074811.23-P1P2,5436
Fbxo38_+_62548628.23-P1P2,5436
"H2-M10.4_-_36462271.23-ENSMUST00000057502.7,ENSMUST00000169950.1",5436
Uba7_+_107975775.23-P1,5435
Galc_-_98259254.23-P1P2,5435
Colec11_-_28623254.23-P1P2,5431
Mapk3_-_126759904.23-P1P2,5429
Unc13a_-_71671692.23-P1P2,5427
Mapk3_+_126759687.23-P1P2,5426
Dock2_+_34783769.23-P1P2,5426
Tppp_+_74009531.23-P1P2,5426
Zfyve27_-_42170613.23-P1P2,5425
Htr1a_+_105444026.23-P1P2,5425
Mrc1_-_14229444.23-P1P2,5423
Folr1_+_101863890.23-P2,5422
Axin1_+_26138775.23-P1P2,5422
Mtdh_+_34082719.23-P1P2,5420
Fzd9_+_135251205.23-P1P2,5419
Uqcrh_+_116074767.23-P1P2,5419
Ifng_+_118441029.23-P1P2,5419
Gabarap_+_69991662.23-P1P2,5417
Trpc3_-_36690101.23-P1P2,5417
Calm1_-_100199535.23-P1P2,5416
Tmem175_-_108629905.23-P1P2,5416
non-targeting_02763,5415
Cacna1b_-_24763112.23-P1P2,5415
Pak1_+_97842936.23-P1P2,5415
Epha4_+_77515022.23-P1P2,5413
Gosr1_-_76763506.23-P1P2,5413
Bicd2_-_49341625.23-P1P2,5413
Clk1_+_58423839.23-P1P2,5412
Psmd3_-_98682614.23-P1P2,5410
Atp5a1_-_77774018.23-P1P2,5408
Npc2_-_84772853.23-P1P2,5408
Dnah1_+_31323921.23-ENSMUST00000048603.7,5407
Alb_+_90460901.23-P1P2,5407
Dnah7c_+_46609359.23-ENSMUST00000178395.1,5406
Tdp2_+_24831721.23-P1P2,5406
Gch1_+_47189375.23-P1P2,5406
Ddhd2_-_25754348.23-P1P2,5406
Cfl2_-_54862379.23-P1P2,5406
Trp73_-_154097053.23-P2,5405
Capn1_-_6015186.23-P1P2,5405
Il17a_-_20730920.23-P1P2,5405
Ostm1_+_42678972.23-P1P2,5403
Supt3_+_44777249.23-P1P2,5403
Igf1_+_87861319.23-P2,5402
Ndufc1_-_51408803.23-P1P2,5401
Oard1_+_48410025.23-P1P2,5401
Rtn2_+_19291121.23-P1,5399
Crp_+_172698062.23-P1P2,5398
Entpd1_+_40659776.23-P1P2,5398
Tbcd_-_121452029.23-P1P2,5397
Wnt9a_-_59306909.23-P1P2,5397
Akt1_+_112674177.23-P1P2,5397
Ntrk2_+_58807921.23-P1P2,5396
Nrtn_-_56757468.23-P1P2,5395
Eef2_-_81177956.23-P2,5395
Agtpbp1_-_59557314.23-P1P2,5395
Tmx2_-_84678447.23-P1P2,5395
Wars2_+_99141297.23-P1P2,5394
Cdk6_+_3344013.23-P1P2,5394
Tuba4a_+_75219406.23-P1P2,5394
Emc1_-_139352642.23-P1P2,5393
Oxr1_+_41788887.23-ENSMUST00000170127.1,5392
Psap_+_60277776.23-P1P2,5392
Nr1h2_+_44553865.23-P1P2,5391
Blvra_-_127070693.23-P1,5391
Stxbp1_+_32847158.23-P1P2,5391
Keap1_-_21239279.23-P1P2,5390
Ppp3r1_+_17159360.23-P1P2,5390
Txn2_+_77927881.23-P2,5390
Hspa8_+_40802646.23-P2,5390
non-targeting_03964,5390
Ap4b1_-_103809644.23-P1P2,5390
Dyrk1a_+_94569901.23-P1P2,5388
Uchl3_-_101654041.23-P1P2,5388
Actr10_+_70937929.23-P1P2,5387
Pou5f1_-_35506252.23-P1P2,5387
Bad_+_6941964.23-P1P2,5385
Acox1_-_116198708.23-P1P2,5385
Ryr2_-_12106798.23-P1P2,5384
Asah1_+_41374576.23-P1P2,5384
Ostm1_-_42678952.23-P1P2,5383
Psmc3_-_91054171.23-P1P2,5383
Ap4s1_-_51691028.23-P1P2,5383
Vps13a_-_16780868.23-P1P2,5381
Ryr2_-_12106658.23-P1P2,5381
Als2_-_59237017.23-P1P2,5379
Tgm6_+_130123308.23-P1P2,5377
Abhd16a_-_35089273.23-P1P2,5377
Ambra1_-_91730206.23-P1P2,5376
Nras_-_103058352.23-P1P2,5375
H2-M10.3_-_36368222.23-ENSMUST00000073546.3,5375
Traf2_+_25546834.23-P1P2,5374
Stmn1_-_134469783.23-P2,5374
non-targeting_03541,5373
Vegfa_+_46032314.23-P1P2,5373
Grid2_-_63256051.23-P1P2,5372
Crat_-_30415487.23-P1P2,5372
Atp5d_+_80142460.23-P1P2,5371
Tjp1_+_65371187.23-P1P2,5370
Ang5_+_43957021.23-P1P2,5369
Eif2s2_+_154892681.23-P1P2,5369
Klc2_+_5118234.23-P1P2,5368
non-targeting_00971,5365
Ndufb7_+_83567097.23-P1P2,5365
non-targeting_03124,5365
Prx_-_27499336.23-P1,5364
Gsk3b_+_38089573.23-P1P2,5364
Hspb2_-_50752244.23-P1P2,5364
Slc9a1_-_133369807.23-P1P2,5363
Gstm4_+_108044794.23-P1P2,5363
Plcb3_+_6969730.23-P1P2,5362
Cybb_-_9469218.23-P1P2,5362
Plekhg5_+_152086939.23-P1P2,5362
Trip4_-_65884760.23-P1,5361
Trem2_-_48346829.23-P1P2,5360
Wipi1_-_109611317.23-P1P2,5360
Psen2_-_180229921.23-P2,5359
Disc1_+_125054142.23-P1P2,5358
Bap1_+_31251530.23-P1P2,5358
Nrbf2_+_67285284.23-P1P2,5357
Jun_-_95052113.23-P1P2,5354
Elk1_-_20950478.23-P1P2,5353
Dnah2_-_69549040.23-ENSMUST00000108659.1,5352
Ern1_-_106487788.23-P1P2,5351
Apc2_+_80299150.23-P2,5351
Dlg4_+_70024007.23-P2,5350
Pon2_+_5298299.23-P1P2,5350
Xpnpep1_-_53038537.23-P1P2,5350
Mthfr_-_148041210.23-P2,5349
Txnip_+_96557964.23-P1P2,5347
Pum1_+_130663464.23-P1P2,5346
Neurod1_-_79456537.23-P1P2,5345
Kcnd3_+_105451927.23-P1P2,5344
Atf2_+_73892600.23-P1P2,5344
Uba5_+_104063058.23-P1P2,5344
Tbp_-_15499996.23-P1P2,5343
Klk6_-_43824595.23-P1P2,5343
Pvalb_-_78206175.23-P1,5343
Mbp_+_82554762.23-P1P2,5340
Dctn6_+_34108417.23-P1P2,5340
Gm7030_+_36129111.23-P1P2,5337
Mfsd8_+_40846646.23-P1P2,5337
Ccdc88a_-_29373688.23-P1P2,5336
Atp2a3_+_72961214.23-P1P2,5335
Wwox_+_114439694.23-P1P2,5335
Dagla_+_10304830.23-P1P2,5335
non-targeting_04321,5334
Oxr1_+_41789095.23-ENSMUST00000170127.1,5334
Apod_-_31314606.23-P1P2,5333
Timm8a1_-_134541842.23-P1P2,5332
Cwf19l1_-_44135791.23-P1P2,5330
Aqp4_+_15403601.23-P1P2,5330
Psen2_-_180256182.23-P1,5329
Ndufb8_+_44555362.23-P1P2,5329
Snca_-_60829244.23-P1P2,5328
Ccr2_+_124102198.23-P1P2,5328
Ubc_-_125389749.23-P1P2,5328
Sirt4_-_115484357.23-P1P2,5328
Atf4_+_80255865.23-P1P2,5328
Cyld_+_88697333.23-P1P2,5326
Morc2a_-_3649295.23-P1P2,5326
Naglu_+_101070131.23-P1P2,5325
Spg21_-_65460983.23-P1P2,5324
Padi4_-_140774219.23-P1,5324
Cd40lg_-_57212193.23-P1P2,5324
Lrp5_+_3686344.23-P1P2,5323
Ndufa7_+_33824857.23-P1P2,5323
Dnah10_+_124725161.23-P1P2,5323
Dnah10_+_124725180.23-P1P2,5321
Gjb1_+_101377336.23-P1P2,5320
Mpz_+_171155544.23-P1P2,5319
non-targeting_01168,5319
Ubqln2_-_153498227.23-P1P2,5319
Gtf2h1_-_46796138.23-P1P2,5319
Rpgrip1_+_52111190.23-P1P2,5318
Clcn7_+_25133432.23-P1P2,5318
Slc25a38_-_120110429.23-P1,5317
Hdac4_+_92148059.23-ENSMUST00000008995.8,5316
Ndufa2_+_36744413.23-P1P2,5313
Mgst3_-_167393588.23-P1P2,5312
Bscl2_+_8837538.23-P2,5312
Dcx_-_143933071.23-P1P2,5312
Bscl2_+_8837584.23-P2,5312
Nalcn_-_123627071.23-P1P2,5311
Sod1_+_90220781.23-P1P2,5310
Ifnb1_-_88522816.23-P1P2,5309
Kidins220_+_24974951.23-P1P2,5309
Serpini1_-_75557561.23-P1P2,5308
Nbn_-_15958037.23-P1P2,5307
Gchfr_+_119167835.23-P1P2,5306
Sorl1_-_42124071.23-P1P2,5306
Wnk1_-_120038639.23-P1P2,5306
Dkk2_-_132085365.23-P1P2,5306
Thg1l_+_45955383.23-P1P2,5305
Cox6b2_-_4752988.23-P1P2,5305
P2ry2_+_101011951.23-P1P2,5305
Vegfa_+_46032326.23-P1P2,5303
Atp5h_+_115419950.23-P1P2,5303
Adora1_-_134234785.23-P1P2,5303
Prps1l3_-_57230633.23-P1P2,5302
Atp5h_-_115419742.23-P1P2,5302
Rrm2_+_24708325.23-P1P2,5301
Nkx6-2_-_139582764.23-P1P2,5300
S100b_+_76253967.23-P1P2,5297
Casp8_-_58795450.23-P1P2,5297
Ache_+_137288361.23-P1P2,5296
Sdhc_+_171150557.23-P1P2,5295
Itm2b_-_73385239.23-P1,5295
Casp12_-_5345521.23-P1P2,5295
Pla2g6_+_79328114.23-P1P2,5293
Tsen2_-_115544999.23-P1P2,5293
Cyld_-_88697118.23-P1P2,5292
Cx3cr1_-_120068221.23-P1P2,5292
Dnah12_+_26771021.23-ENSMUST00000073309.4,5291
Ppp3cc_-_70289462.23-P1P2,5289
Sbf2_-_110614878.23-P1P2,5289
Prph_+_99055229.23-P1P2,5288
Fgd4_+_16600009.23-P1P2,5286
Ndrg2_+_51913359.23-P1P2,5286
Sema3c_+_17574741.23-P1P2,5286
Snx14_-_88438876.23-P1P2,5286
Atxn3_-_101957943.23-P1P2,5285
Psmd4_+_95042545.23-P1P2,5285
Serpina3n_-_104406723.23-P1P2,5285
Chrna7_-_63212147.23-P1P2,5284
Samd9l_-_3399475.23-P1P2,5284
Zfp106_+_120563792.23-P1P2,5283
Ywhag_-_135934544.23-P1P2,5283
Tmem184b_-_79403247.23-P1P2,5282
Cyp2d34_-_82620457.23-P1P2,5282
Park7_-_150909774.23-P1,5281
Cabin1_+_75764297.23-P1P2,5281
Slc44a1_+_53440525.23-P1P2,5280
Sptlc1_+_53377336.23-P1P2,5278
Fadd_-_144582390.23-P1P2,5276
Tmem240_-_155734871.23-P1P2,5276
Sncb_+_54766298.23-P1P2,5274
Ndufb11_+_20617050.23-P1P2,5274
Nt5c2_-_46962273.23-P1P2,5274
Pmp2_-_10197190.23-P1P2,5274
Fam168b_+_34842982.23-P1P2,5273
Chrm5_+_112480760.23-ENSMUST00000099589.2,5273
Casp3_-_46617501.23-P1P2,5273
Gosr2_-_103697512.23-P1P2,5273
Txnip_+_96557985.23-P1P2,5273
Pus1_-_110780534.23-P1P2,5272
Pde9a_-_31386292.23-P1P2,5271
Prx_-_27507833.23-P2,5271
Rgs10_-_128418122.23-P1P2,5271
Abhd12_+_150904657.23-P1P2,5271
Stc1_+_69029472.23-P1P2,5271
Vps41_-_18717318.23-P1P2,5268
Crat_+_30415457.23-P1P2,5267
Bicd2_-_49341641.23-P1P2,5267
Ern1_-_106487785.23-P1P2,5267
Pdxk_-_78464895.23-P1P2,5263
Nfe2l2_-_75704464.23-P1P2,5263
Ppp1r1b_-_98348717.23-P1P2,5262
Syt14_+_193035645.23-P1P2,5261
Exosc9_+_36552665.23-P1P2,5260
Gba2_+_43578821.23-P1P2,5259
non-targeting_00566,5259
Psmb4_+_94886922.23-P1P2,5258
Gap43_+_42340574.23-P1P2,5258
Kif5a_-_127263066.23-P1P2,5258
Exoc2_-_30974032.23-P1P2,5257
Anxa11_-_25842229.23-P1P2,5257
Lox_+_52529548.23-P1P2,5256
Matr3_+_35562280.23-P1P2,5256
non-targeting_03951,5256
Serpina3m_-_104387273.23-P1P2,5255
Pkd2_-_104459612.23-P1P2,5255
Syt1_+_109010847.23-P1P2,5255
Ndufs7_+_80249501.23-P1P2,5254
Ndufv3_+_31520211.23-P1P2,5254
Pde8b_+_95250219.23-P1,5254
Mul1_+_138434905.23-P1P2,5253
Cox4i2_+_152754202.23-P1P2,5253
Ube2g1_-_72607312.23-P1P2,5252
Ly6e_+_74955702.23-P1P2,5251
Dctn4_-_60526251.23-P1P2,5251
Gcdh_+_84893720.23-P1P2,5250
Atrx_-_105929086.23-P1P2,5250
Pnp_+_50944535.23-P1P2,5250
Wnt2_+_18030320.23-P1P2,5250
Psmd1_-_86064700.23-P1P2,5249
Map2k1_+_64253577.23-P1P2,5249
Sema6a_+_47368833.23-P1P2,5248
Ubqln4_+_88553834.23-P1P2,5247
Colec11_-_28623298.23-P1P2,5247
Ngb_-_87102314.23-P1P2,5247
Padi4_+_140774152.23-P1,5246
Kat2b_+_53567061.23-P1P2,5246
Ephb2_-_136835790.23-P1P2,5246
Hmox1_+_75093858.23-P1P2,5245
non-targeting_01386,5245
Ywhaq_+_21417532.23-P1P2,5244
Arih1_+_59486648.23-P1P2,5244
Mapk13_+_28769370.23-P1P2,5243
Atp5e_-_174464090.23-P1P2,5243
Tuba1c_-_99030019.23-P1P2,5243
Il6_+_30013325.23-P1P2,5241
Sv2a_+_96181228.23-P1P2,5240
Klc1_-_111758894.23-P1P2,5239
Hdac6_+_7947778.23-P1P2,5239
Plcb3_+_6969691.23-P1P2,5239
Vac14_-_110618651.23-P1P2,5237
Klc4_-_46645133.23-P1P2,5236
Tgm2_-_158146348.23-P1P2,5236
Sema6b_+_56133796.23-P2,5236
Rho_-_115932011.23-P1P2,5235
Pld3_+_27542737.23-P1,5234
Pvalb_-_78203976.23-P2,5234
Ptprc_-_138175231.23-P1P2,5233
Stxbp5l_-_37384903.23-P1P2,5232
S100a1_-_90514271.23-P1P2,5231
Cln6_-_62838855.23-P1P2,5231
Wnt4_-_137277565.23-P1P2,5231
Sptan1_+_29965674.23-P1P2,5231
Gpx8_-_113046368.23-P1P2,5230
Gstm2_-_107986423.23-P1P2,5230
Brca1_-_101551830.23-P1P2,5229
Psen2_+_180256206.23-P1,5228
Sds_+_120476584.23-P1P2,5227
Slc5a7_-_54298651.23-P1P2,5227
Hap1_+_100356048.23-P1P2,5225
Nfkb1_-_135691346.23-P1P2,5224
Sqstm1_+_50202952.23-P2,5223
Stmn1_-_134468433.23-P1,5222
Ar_-_98149759.23-P1P2,5220
Slc25a46_-_31609850.23-P1P2,5220
Uba7_-_107983016.23-P2,5219
Gjc2_+_59182735.23-P1P2,5219
Rac1_-_143527947.23-P1P2,5219
Uqcrc2_-_120635268.23-P1P2,5219
Slc2a1_-_119108844.23-P1P2,5218
Gpnmb_+_49036691.23-P1P2,5216
Serpina3n_-_104406769.23-P1P2,5216
Pnpla6_-_3515439.23-P1,5216
Tnf_-_35201750.23-P1P2,5215
Sema6a_+_47368845.23-P1P2,5214
Cox7c_+_86046574.23-P1P2,5213
Ndufa8_+_36049305.23-P1P2,5213
Hdac6_+_7947573.23-P1P2,5213
Ctrl_+_105933769.23-P1P2,5211
Spg7_-_123065731.23-P1P2,5211
Nptx1_+_119547712.23-P1P2,5211
Tubb5_-_35838222.23-P1P2,5210
Gad1_+_70562246.23-P1P2,5210
Tuba8_+_121210828.23-P1P2,5209
Cnr1_-_33924687.23-P1P2,5209
Ndufa4_-_11907272.23-P1P2,5209
Maneal_-_124862206.23-P1P2,5208
non-targeting_02054,5206
Pnpla6_-_3515465.23-P1,5206
Sirt7_-_120624964.23-P1P2,5206
Slc17a7_-_45163975.23-P1P2,5206
Fis1_-_136953330.23-P2,5205
Hk1_-_62340088.23-P1P2,5205
Sptan1_-_29965708.23-P1P2,5204
non-targeting_04268,5203
Elovl4_+_83806246.23-P1P2,5203
Aaas_+_102350603.23-P1P2,5203
Cxcr4_+_128592255.23-P1P2,5202
Clec16a_+_10545467.23-P1P2,5202
Hspa5_+_34772177.23-P1P2,5201
Homer1_-_93304183.23-P1P2,5201
Prdx3_+_60874446.23-P1P2,5201
Grm2_+_106656033.23-P1P2,5200
Mak16_-_31168686.23-P1P2,5199
Uqcrb_+_66905334.23-P1P2,5199
Xbp1_-_5521033.23-P1P2,5198
Cox6b1_+_30626021.23-P1P2,5197
Sncaip_+_52768281.23-P1P2,5197
Fgf14_+_124193020.23-ENSMUST00000026631.5,5197
Ntf5_-_45413732.23-P1P2,5197
Calm3_+_16923936.23-ENSMUST00000019514.9,5196
Prickle1_-_93519503.23-P2,5195
Trex1_+_109059143.23-P1P2,5194
Stmn1_-_134468406.23-P1,5193
Cd40_+_165055719.23-P1P2,5191
Ndufv1_+_4012630.23-P1P2,5190
Fat2_+_55336542.23-P1P2,5189
Dhtkd1_-_5942750.23-P1P2,5189
Actr1b_-_36709930.23-P1P2,5189
Capn2_-_182517391.23-P1P2,5189
non-targeting_00759,5188
Cd36_+_17835639.23-P1P2,5188
Glo1_+_30612423.23-P1P2,5187
Gsto1_+_47855053.23-P1P2,5187
Csnk1a1_-_61555371.23-P1P2,5186
Anxa5_-_36475595.23-P1P2,5186
Cox5a_-_57521287.23-P1P2,5186
Plxna4_+_32588181.23-P1P2,5186
Cast_-_74807948.23-P1P2,5185
Sox3_-_60893377.23-P1P2,5185
Tmprss4_+_45204006.23-P1P2,5184
Ascc1_+_60002866.23-P1P2,5181
Htr1a_-_105443647.23-P1P2,5180
Mthfr_+_148039185.23-P1,5179
Cox6a1_+_115348827.23-P1P2,5179
Sptlc3_-_139494208.23-P1P2,5178
Npc1_-_12236345.23-P1P2,5177
Foxo3_+_42276676.23-P1P2,5177
Ppara_-_85735815.23-P1P2,5176
Atm_+_53536602.23-P1P2,5175
Atg5_-_44268621.23-P1P2,5175
Epha8_+_136956560.23-P1P2,5175
Nos1_+_117841946.23-P1P2,5174
Slc44a1_+_53440484.23-P1P2,5172
Mthfr_-_148039178.23-P1,5172
Atp2a2_-_122502157.23-P1P2,5171
Elavl3_+_22051939.23-P1P2,5171
Gpx3_+_54902976.23-P1P2,5171
Tubb3_+_123411546.23-P1P2,5170
Tuba1a_-_98953483.23-P1P2,5170
Fzd7_+_59482174.23-P1P2,5169
Ndufa3_-_3617417.23-P1P2,5167
Hace1_+_45577892.23-P1P2,5166
Khdrbs1_-_129742206.23-P1P2,5166
Wnt4_+_137277725.23-P1P2,5165
Cav1_+_17307731.23-P1,5165
Coq7_+_118533287.23-P1P2,5164
Rreb1_-_37826062.23-P1P2,5163
Lyst_+_13590432.23-P1P2,5163
Adm_+_110628069.23-P1P2,5162
Sod1_-_90220795.23-P1P2,5162
Tuba4a_-_75219231.23-P1P2,5161
Exosc9_+_36552657.23-P1P2,5161
Rpgr_-_10216628.23-P1P2,5160
Cdk5_+_24423534.23-P1P2,5159
Slc25a46_+_31609882.23-P1P2,5159
A2m_-_121636302.23-P1P2,5159
Klc3_+_19404081.23-P2,5158
Cacna1c_+_118757922.23-ENSMUST00000112825.2,5158
Ryr1_-_29125066.23-P1P2,5157
Dvl2_-_70000839.23-P1P2,5155
Nipa1_-_56019493.23-P1P2,5154
Ndufa3_+_3617370.23-P1P2,5154
Serpina1c_-_103904565.23-P1P2,5153
Il13ra1_-_36112139.23-P1P2,5152
non-targeting_04047,5152
Rrm2_-_24708283.23-P1P2,5152
Egr2_+_67535563.23-P2,5151
Arsa_-_89476148.23-P1P2,5150
Map2_-_66322012.23-P2,5145
Zfyve26_+_79296264.23-P1P2,5145
Prdm8_+_98181076.23-P1P2,5145
Gsn_+_35256366.23-P1,5145
Fasl_-_161788140.23-P1P2,5144
Tfg_+_56717282.23-P1P2,5143
Notch3_+_32166883.23-P1P2,5142
Aif1_-_35172569.23-P1P2,5142
Ubqln4_+_88553813.23-P1P2,5141
Gpx8_-_113046358.23-P1P2,5141
Dpp6_-_27261980.23-P1,5141
Txn2_+_77927889.23-P2,5141
Asah1_-_41374575.23-P1P2,5141
Dnah7b_-_46067066.23-P1P2,5140
Slc1a1_+_28835170.23-P1P2,5139
Ndufb3_-_58586784.23-P1P2,5139
Pfn1_-_70654594.23-P1P2,5139
Ins2_-_142679705.23-P1,5139
non-targeting_03259,5138
Plcb4_-_135741862.23-ENSMUST00000110109.1,5137
Igf1_+_87861409.23-P2,5137
Fzd10_-_128600905.23-P1P2,5136
Slc7a6os_+_106210874.23-P1P2,5136
Atf6_-_170867721.23-P1P2,5136
Kif1c_+_70700686.23-P1P2,5135
Dnah7b_+_46067061.23-P1P2,5134
Sdha_+_74350194.23-P1P2,5134
Sema6b_+_56140350.23-P1,5134
Nefh_-_4947950.23-P1P2,5133
Elavl1_-_4325001.23-P1P2,5131
Dpp6_-_27049430.23-P2,5130
Nanog_-_122707612.23-P1P2,5129
Pde4a_+_21196785.23-P1,5129
Fyn_-_39369988.23-P1P2,5128
Dnah9_+_66168445.23-P1P2,5127
Tlr2_+_83841549.23-P1P2,5126
Slc52a3_+_151996543.23-P1,5126
Cd200_-_45408925.23-P1P2,5125
Apc_-_34247738.23-P2,5125
Cacna1f_-_7607170.23-P1P2,5124
Vrk1_-_106010306.23-P1P2,5124
Necab1_-_15149029.23-P1P2,5124
Tubb2b_-_34130143.23-P1P2,5124
Sos1_-_80480235.23-P1P2,5123
Tfpi2_+_3968320.23-P1P2,5123
Lrp6_-_134566761.23-P1P2,5123
Sirt1_+_63339002.23-P1P2,5122
Tppp_-_74009683.23-P1P2,5121
Slc12a1_-_125152715.23-P1P2,5121
Sirt3_+_140881770.23-P1P2,5119
Toe1_-_116807475.23-P1P2,5118
Snca_+_60829674.23-P1P2,5118
Dnah2_+_69544508.23-ENSMUST00000035539.5,5117
Cd200r4_+_44812037.23-P1P2,5117
Atp5h_-_115419906.23-P1P2,5116
Map2k3_+_60932108.23-P1P2,5116
Nr4a2_+_57124139.23-P2,5114
Cox7b2_+_71548226.23-P1P2,5114
Hgf_+_16554101.23-P1P2,5113
Pik3r4_+_105643062.23-P1P2,5112
Ywhae_+_75732983.23-P1P2,5112
Dnah5_-_28203742.23-P1P2,5111
Sybu_+_44752151.23-P1P2,5110
Nars2_+_96951611.23-P1P2,5109
Lrp5_+_3686518.23-P1P2,5109
Hap1_+_100356029.23-P1P2,5108
Fzd8_-_9213036.23-ENSMUST00000041080.5,5108
Fgf14_-_124193027.23-ENSMUST00000026631.5,5106
Ubc_-_125389680.23-P1P2,5105
Vamp2_+_69088545.23-P1P2,5104
Qprt_+_127121754.23-P1P2,5104
Syn1_-_20920870.23-P1P2,5103
Pvalb_-_78203988.23-P2,5103
Ubtf_+_102318959.23-P1P2,5103
Ubqln2_-_153498224.23-P1P2,5102
Sox3_-_60893345.23-P1P2,5102
Serpina3c_+_104153893.23-P1P2,5102
Atg5_-_44268589.23-P1P2,5101
Fosb_-_19309789.23-P1P2,5100
Msh2_-_87672601.23-P1P2,5100
Dnajc5_+_181520573.23-P1P2,5099
Slc6a4_-_76998628.23-P2,5099
Slc25a31_+_40708927.23-P1P2,5099
Atp13a2_+_140986947.23-P1P2,5099
Dnah12_-_26771069.23-ENSMUST00000073309.4,5098
Tsen34_+_3693822.23-P1P2,5098
Dnajc3_+_118937933.23-P1P2,5098
Pus1_-_110780562.23-P1P2,5098
Ccs_+_4839263.23-P1P2,5097
Hpdl_-_116821489.23-P1P2,5097
Myd88_+_119339975.23-P1P2,5097
Ucp2_+_100493444.23-P1,5096
Foxo3_+_42276687.23-P1P2,5096
Parp1_+_180568970.23-P1P2,5096
Psmd1_+_86064692.23-P1P2,5094
Uqcrc2_+_120635650.23-P1P2,5094
Ppt2_+_34627385.23-P1P2,5093
Cpt1c_+_44974803.23-P1P2,5093
Aldh18a1_+_40588361.23-P1P2,5093
Uqcrfs1_-_30545248.23-P1P2,5092
Cyp2d10_+_82406851.23-P1P2,5092
Ppp5c_+_17027611.23-P1P2,5091
Trrap_-_144768261.23-P1P2,5091
Serpina1a_+_103863499.23-P1P2,5090
Psma2_+_14613471.23-P1P2,5089
Kat5_+_5609852.23-P1P2,5089
Bcl2l1_+_152830422.23-P1,5088
Uba1_-_20658497.23-P2,5087
Prkar1b_+_139129666.23-P1P2,5086
Decr1_-_15945309.23-P1P2,5086
Pak3_-_143664438.23-P1,5086
Igf1_-_87859228.23-P1,5085
Uqcrq_+_53430789.23-P1P2,5085
Aplp1_+_30445482.23-P1P2,5084
Wnt7b_+_85581817.23-P1,5083
Ube2j1_+_33031580.23-P1P2,5082
Ube2l3_-_17201235.23-P1P2,5082
Nos2_-_78920838.23-P1P2,5081
Ralgps2_+_156939581.23-P1P2,5081
Fam168b_+_34842805.23-P1P2,5080
Ulk1_+_110810005.23-P1P2,5080
Dnajc13_-_104262891.23-P1P2,5080
Glp1r_+_30901856.23-P1P2,5078
Vdac1_-_52361298.23-P1P2,5076
Txndc5_-_38528387.23-P1P2,5075
Cox5a_+_57521334.23-P1P2,5074
Atxn10_+_85336473.23-P1P2,5073
Sdhd_+_50603785.23-P1P2,5073
Ndufb4_+_37654383.23-P1P2,5071
Pdha1_-_160138336.23-P1P2,5071
Pum1_-_130663402.23-P1P2,5071
Mog_+_37023254.23-P1P2,5070
Gch1_-_47189301.23-P1P2,5068
Ube3a_-_59228830.23-P1P2,5066
Med25_+_44892387.23-P1P2,5066
Ttc19_-_62281510.23-P1P2,5064
Ndufb2_+_39592646.23-P1P2,5063
Nrros_-_32165479.23-P1P2,5061
Pik3c3_-_30273123.23-P1P2,5061
Cox6b2_-_4752786.23-P1P2,5061
Anxa11_-_25842224.23-P1P2,5060
Disc1_+_125054188.23-P1P2,5060
Gpx2_-_76795444.23-P1P2,5059
Wnt5a_+_28505803.23-P1,5058
Serpina1b_-_103827828.23-P1P2,5057
Dlst_+_85110891.23-P1P2,5054
Fgd4_+_16600031.23-P1P2,5053
non-targeting_03856,5053
Cd200r3_+_44943927.23-P1P2,5052
Clu_-_65969805.23-P2,5051
Sct_+_141279094.23-P1P2,5051
Kcnc1_+_46396472.23-P1P2,5049
Arl6ip1_+_118129614.23-P1P2,5049
Scarb1_+_125340968.23-P1P2,5047
Eif2b2_-_85219702.23-P1P2,5047
Ctsb_+_63122695.23-P1P2,5047
Ar_-_98149738.23-P1P2,5046
Padi4_+_140750496.23-P2,5046
Sacs_+_61172997.23-P1P2,5046
Il2_+_37125689.23-P1P2,5045
Atl1_-_69893290.23-P1P2,5044
Ctnnb1_+_120933507.23-P1P2,5043
Ogt_+_101640121.23-P1P2,5043
Aaas_+_102350622.23-P1P2,5043
Dnah7a_+_53706770.23-P1P2,5043
Kat2b_-_53567022.23-P1P2,5042
Ptn_-_36810114.23-P1P2,5041
Map2_-_66322095.23-P2,5041
Serpina3i_-_104263119.23-P1P2,5040
Psmb7_+_38643800.23-P1P2,5039
Jph3_+_121730145.23-P1P2,5039
Nop56_-_130274481.23-P1P2,5039
Eif2s2_+_154892651.23-P1P2,5035
Cx3cr1_-_120068233.23-P1P2,5034
Trpc3_+_36690132.23-P1P2,5034
Atxn1_+_45964961.23-P1P2,5034
Xk_+_9272796.23-P1P2,5033
Gusb_+_130002829.23-P1P2,5033
Tubb6_-_67390921.23-P1P2,5032
Psma4_+_54950897.23-P1P2,5032
Il10_+_131020096.23-P1P2,5031
Pum1_-_130663434.23-P1P2,5030
Eno2_-_124769471.23-P1P2,5030
Irs1_+_82291127.23-P1P2,5029
Nop56_+_130274471.23-P1P2,5029
Cyp2u1_+_131303137.23-P1P2,5028
Eif2s1_+_78862253.23-P1P2,5028
Kcnd3_+_105451892.23-P1P2,5027
Slc5a7_-_54298713.23-P1P2,5027
Plxna4_-_32587983.23-P1P2,5026
Nptx1_-_119547563.23-P1P2,5025
Ifnb1_-_88522822.23-P1P2,5025
Ifnb1_+_88522782.23-P1P2,5020
Cisd2_-_135423374.23-P1P2,5020
Psmd4_+_95042506.23-P1P2,5020
Ntrk1_-_87795148.23-P1P2,5020
Prkca_+_108343633.23-P1P2,5020
Vamp2_+_69088515.23-P1P2,5019
Supt3_+_44777313.23-P1P2,5019
Padi2_-_140924346.23-P2,5016
Gapdh_-_125165356.23-P1P2,5016
Dnajb2_-_75236518.23-P1P2,5016
Ddah1_+_145758750.23-P1P2,5016
Pank2_+_131262592.23-P1P2,5016
Csnk1e_+_79441913.23-P1P2,5015
Srsf7_-_80207308.23-P1P2,5014
Itpr3_-_27057701.23-P1P2,5013
Mfn1_+_32529584.23-P1P2,5013
Uchl3_-_101654055.23-P1P2,5012
Sdhb_-_140961410.23-P1P2,5012
Slc30a10_+_185455115.23-P1P2,5010
Bag6_-_35135241.23-P1P2,5010
Mars2_+_55237436.23-P1P2,5010
Mfge8_-_79148973.23-P1P2,5009
Sdha_+_74350204.23-P1P2,5008
Chat_+_32460867.23-P1,5007
Dab1_+_104367665.23-P1P2,5006
Prph_+_99055209.23-P1P2,5005
Igf1_+_87861379.23-P2,5004
Setx_-_29125188.23-P1P2,5004
Ube3a_+_59228835.23-P1P2,5004
Hspa4_+_53300308.23-P1P2,5003
Nr4a2_+_57124053.23-P2,5003
Pabpc4_-_123282754.23-P1P2,5002
Lmx1b_+_33640799.23-P1P2,5001
Cnr2_+_135911942.23-P2,5000
Zap70_-_36762073.23-P1P2,4998
Atr_-_95857662.23-P1P2,4998
Plcb2_-_118728306.23-P1P2,4997
Trp73_+_154139807.23-P1,4997
Lcn2_-_32387711.23-P1P2,4996
non-targeting_04211,4996
Nlrp3_-_59542733.23-P2,4995
Fgf2_-_37348678.23-ENSMUST00000038885.3,4995
Adcyap1_+_93199390.23-P1P2,4994
Cxcl10_-_92348840.23-P1P2,4994
Hpgds_-_65144768.23-P1P2,4991
Atp1a3_-_25005803.23-P1P2,4991
Grm1_-_11082258.23-P1P2,4990
Cabin1_+_75764305.23-P1P2,4990
Apc_-_34247697.23-P2,4989
Trim2_-_84259725.23-P2,4987
Fyn_-_39369823.23-P1P2,4987
Egr2_-_67535550.23-P2,4987
Tmem240_-_155734874.23-P1P2,4987
Kat5_+_5610056.23-P1P2,4985
P2rx7_-_122643939.23-P1P2,4985
Polr3b_-_84622421.23-P1P2,4984
Calm2_-_87447053.23-ENSMUST00000040440.6,4983
Rab39b_-_75578160.23-P1P2,4982
Lingo1_-_56635270.23-P1P2,4981
Chmp2b_+_65562686.23-P1P2,4981
Lrriq3_-_155093543.23-P1P2,4981
Tgm6_+_130123346.23-P1P2,4981
Rasgrf1_+_89910180.23-P1P2,4980
Sptlc3_+_139494107.23-P1P2,4978
Atm_-_53536704.23-P1P2,4977
Ndufa13_-_69902860.23-P1P2,4977
Ern1_-_106487794.23-P1P2,4977
Slc6a4_+_77009337.23-P1,4977
Vwa3b_-_37153976.23-P1P2,4975
Kif5c_-_49619369.23-P1P2,4975
Dvl2_+_70000656.23-P1P2,4974
P4hb_-_120572824.23-P1P2,4973
Itm2b_+_73368394.23-P2,4973
Clcn7_+_25133464.23-P1P2,4972
Tubb3_+_123411575.23-P1P2,4972
Unc80_+_66468506.23-P1P2,4971
Elk1_+_20950574.23-P1P2,4971
Chchd10_+_75935955.23-P1P2,4971
Plxna4_+_32588136.23-P1P2,4968
Ids_-_70364884.23-P1P2,4968
Dnah14_-_181741482.23-ENSMUST00000160345.1,4967
Anp32a_-_62341377.23-P1P2,4966
Apc_+_34220978.23-P1,4965
Tmem63c_-_87026498.23-P1P2,4965
Dnah8_-_30624395.23-ENSMUST00000170651.1,4965
Ttbk2_+_120850345.23-P1P2,4964
"Oxr1_+_41447700.23-ENSMUST00000110297.2,ENSMUST00000090096.4",4961
non-targeting_01726,4960
Hmox1_+_75093685.23-P1P2,4960
Disc1_+_125054147.23-P1P2,4959
Chrm3_-_9878910.23-ENSMUST00000063093.9,4959
Nbr1_-_101552944.23-P1P2,4959
Psmc4_+_28050014.23-P1P2,4959
Lamc2_-_153186170.23-P1P2,4958
Cisd2_-_135423417.23-P1P2,4957
Ins2_+_142679645.23-P1,4956
Gpx6_-_21312276.23-P1P2,4956
non-targeting_01057,4954
Gcdh_+_84893527.23-P1P2,4954
Glrx_+_75839917.23-P1P2,4954
Mapk10_-_103211298.23-P1P2,4952
Dync1h1_+_110601501.23-P1P2,4952
Grin2d_-_45866637.23-P1,4952
Ap4s1_+_51691085.23-P1P2,4951
Pik3ca_-_32397298.23-P1P2,4950
Itpr1_-_108213232.23-P1P2,4950
Cacna1g_-_94473975.23-P1P2,4950
Atf6_-_170867691.23-P1P2,4948
Aicda_-_122553904.23-P1P2,4948
H2-M10.2_-_36286275.23-ENSMUST00000023845.6,4948
Uqcrc2_-_120635274.23-P1P2,4948
Bcl2l1_+_152831650.23-P2,4944
Cadm3_-_173367602.23-P1P2,4944
Gnb4_+_32616433.23-P1P2,4944
Dagla_+_10304597.23-P1P2,4943
Srrm2_-_23803252.23-P1P2,4943
Bak1_-_27028533.23-P1P2,4943
non-targeting_00810,4942
Fadd_+_144582409.23-P1P2,4942
2810006K23Rik_+_124328209.23-P1P2,4941
Hpdl_+_116821442.23-P1P2,4941
L1cam_+_73880731.23-P1P2,4941
Elk1_-_20950530.23-P1P2,4940
Pank1_-_34877765.23-P1P2,4939
"Oxr1_-_41447529.23-ENSMUST00000110297.2,ENSMUST00000090096.4",4939
Hif1a_+_73908046.23-P1P2,4938
Rmdn3_+_119156899.23-P1P2,4938
Ephb2_-_136835777.23-P1P2,4937
Nrtn_-_56757097.23-P1P2,4937
Gpbp1_+_111489670.23-P1P2,4936
Tead1_-_112679660.23-P1P2,4936
Slc12a1_-_125152596.23-P1P2,4935
Tuba3b_-_145616065.23-P1P2,4935
Ang_-_51096455.23-P1,4934
H2-M9_-_36642614.23-P1P2,4934
Ncl_-_86359367.23-P1P2,4934
Slc25a4_+_46210955.23-P1P2,4933
Agrn_-_156197439.23-P1,4933
Pla2g5_-_138819166.23-P1P2,4932
Prickle2_-_92480996.23-P2,4932
Hgf_-_16553903.23-P1P2,4932
Vapb_+_173737620.23-P1P2,4931
Ptbp2_+_119783196.23-P1P2,4931
Prx_+_27507865.23-P2,4931
Ndufb11_+_20617007.23-P1P2,4930
Nptx1_+_119547699.23-P1P2,4929
non-targeting_03316,4929
Rb1cc1_-_6214687.23-P1P2,4928
Elovl5_+_77917490.23-P1P2,4927
Gria2_+_80802671.23-P1P2,4927
Ndufs2_-_171237600.23-P2,4927
Psmb1_-_15498131.23-P1P2,4926
Tppp3_-_105471322.23-P1P2,4926
Pde4a_+_21165780.23-P2,4926
Gpx1_+_108339132.23-P1P2,4926
Pnkp_+_44857383.23-P1P2,4926
Txndc5_+_38528013.23-P1P2,4925
Xrcc1_+_24547328.23-P1P2,4925
Trex1_-_109059240.23-P1P2,4924
Psmc5_-_106256186.23-P1P2,4922
Psmb2_-_126677673.23-P1P2,4922
Bax_+_45466767.23-P1P2,4922
Ctsf_+_4855202.23-P1P2,4920
Cav1_-_17306479.23-P2,4920
Vcp_-_43000164.23-P1P2,4920
Uqcrc1_-_108936745.23-P1P2,4920
Lep_-_29060259.23-P1P2,4919
Dnah6_+_73221599.23-P1P2,4919
Ywhaz_-_36794269.23-P1P2,4918
Vcam1_+_116129432.23-P1P2,4917
Klc1_-_111758936.23-P1P2,4917
Arl6ip1_+_118129375.23-P1P2,4916
Ppp3cc_-_70289453.23-P1P2,4916
Rbpj_+_53591147.23-P1P2,4915
Smpd1_+_105554753.23-P1P2,4914
Cd200r4_-_44811819.23-P1P2,4913
Cst10_-_149405368.23-P1P2,4911
non-targeting_01819,4910
Ndufb7_-_83566788.23-P1P2,4910
Fzd5_+_64737676.23-P1P2,4909
Hnrnpdl_-_100038673.23-P1P2,4909
Fbxo7_+_86022149.23-P1P2,4908
Oxr1_-_41449066.23-ENSMUST00000179393.1,4908
Cyp2d40_-_82763853.23-P1P2,4908
Fat2_-_55336570.23-P1P2,4906
Tcerg1_-_42511542.23-P1P2,4906
Map2k1_-_64253379.23-P1P2,4905
Wipi2_-_142629634.23-P1P2,4905
Padi2_-_140906451.23-P1,4904
Arhgef5_-_43265697.23-P1P2,4903
non-targeting_02745,4903
Ndufa3_-_3617422.23-P1P2,4902
Bax_-_45466764.23-P1P2,4901
Atp7a_+_106027328.23-P1P2,4900
1600014C10Rik_+_38183877.23-P1P2,4900
Cd36_+_17835635.23-P1P2,4900
non-targeting_01805,4900
non-targeting_02496,4899
Wnt5b_+_119544269.23-P1P2,4899
Sncg_-_34374619.23-P1P2,4899
Csf1r_-_61105946.23-P1P2,4898
Actr10_-_70937985.23-P1P2,4898
Cwf19l1_-_44135805.23-P1P2,4898
Mapk10_+_103211288.23-P1P2,4897
Ptgs2_+_150100215.23-P1P2,4897
Tsn_+_118311204.23-P1P2,4897
Nt5c2_-_46962286.23-P1P2,4897
Slc7a6os_-_106210857.23-P1P2,4896
Bad_+_6941924.23-P1P2,4895
Myc_-_61985645.23-P1P2,4895
Rb1_+_73325721.23-P1P2,4895
Folr1_-_101870560.23-P1,4895
Cox7b2_-_71548186.23-P1P2,4895
Psmd8_-_29180602.23-P1P2,4893
Gan_-_117158040.23-P1P2,4892
Chchd10_-_75935920.23-P1P2,4892
Ctsf_+_4855199.23-P1P2,4892
S100a10_+_93555218.23-P1P2,4891
Dctn5_-_122133105.23-P1P2,4891
Tac1_-_7555150.23-P1P2,4891
Cadm3_-_173367593.23-P1P2,4890
Ubtf_-_102318709.23-P1P2,4890
Cln3_+_126583172.23-P1P2,4889
Grin2c_-_115267130.23-P1P2,4889
Eef2_+_81176662.23-P1,4888
Th_-_142899953.23-P1P2,4888
Pawr_+_108332129.23-P1P2,4886
Wnt5b_-_119544252.23-P1P2,4886
Ndufs6_+_73328442.23-P1P2,4885
Fbxo7_+_86022127.23-P1P2,4883
Ndufa6_+_82354003.23-P1P2,4882
Uqcr11_+_80406786.23-P1P2,4880
Kcne3_-_100178725.23-P1,4879
Znhit3_-_84916281.23-P1P2,4879
Sema3c_+_17574803.23-P1P2,4879
Adam10_+_70679106.23-P1P2,4878
Sirt4_-_115484126.23-P1P2,4878
Ndufs5_+_123718102.23-P1P2,4878
Slc6a3_-_73536865.23-P1P2,4878
Pink1_-_138326265.23-P1P2,4878
Calm3_+_16924070.23-ENSMUST00000019514.9,4877
Bscl2_+_8840605.23-P1,4877
Gle1_+_29935633.23-P1P2,4877
Casp6_-_129901476.23-P1P2,4876
Esr1_+_4710236.23-P1P2,4876
Pon3_-_5256227.23-P1P2,4876
Abhd12_+_150904578.23-P1P2,4876
Homer1_+_93304169.23-P1P2,4875
Pik3c3_-_30273108.23-P1P2,4874
Taf2_+_55072116.23-P1P2,4874
Dnajc10_+_80315743.23-P1P2,4874
Psmd12_-_107479532.23-P1P2,4874
Fggy_+_95557599.23-P1,4873
Phpt1_+_25574832.23-P1P2,4873
Esr1_+_4710215.23-P1P2,4873
Gsn_+_35282501.23-P2,4873
Trp73_+_154139794.23-P1,4873
Sema4a_+_88455693.23-P1P2,4873
Gsto1_-_47855080.23-P1P2,4872
Ddhd2_-_25754369.23-P1P2,4870
Itgam_-_128062902.23-P1P2,4867
Atf6_-_170867702.23-P1P2,4865
Hspa1b_+_34958851.23-P1P2,4865
Maneal_-_124862179.23-P1P2,4864
Mars2_+_55237215.23-P1P2,4864
Cdc27_+_104550517.23-P1P2,4863
Cav2_+_17281419.23-P1P2,4863
Nefh_+_4947920.23-P1P2,4862
Vwa3b_+_37153852.23-P1P2,4862
Unc13a_+_71671713.23-P1P2,4862
Sptlc1_-_53377135.23-P1P2,4862
Bcl10_+_145924346.23-P1P2,4861
Nqo1_+_107403163.23-P1P2,4861
Myc_+_61985606.23-P1P2,4860
Wnt3a_+_59290510.23-P1P2,4860
Sncaip_+_52768389.23-P1P2,4858
Serpina1a_+_103863490.23-P1P2,4858
Casp7_-_56397275.23-P1P2,4857
Ang_-_51096452.23-P1,4857
Pik3c3_+_30272909.23-P1P2,4857
Il10_+_131020275.23-P1P2,4857
Ap4e1_-_127008773.23-P1P2,4854
Kif20b_-_34922573.23-P1P2,4854
Sh3tc2_+_61953065.23-P1P2,4853
Ndufa1_+_37191150.23-P1P2,4851
Klc3_+_19404087.23-P2,4850
Fgd4_+_16600017.23-P1P2,4849
Psmd12_-_107479547.23-P1P2,4846
Ttbk2_+_120850361.23-P1P2,4846
Bcl2_+_106714251.23-P1P2,4845
Klc3_+_19404084.23-P2,4844
Fus_-_127967513.23-P1P2,4842
H2-M10.6_+_36812185.23-ENSMUST00000041398.4,4841
Atrip_+_109074087.23-P1P2,4841
non-targeting_04101,4840
Pld3_-_27542753.23-P1,4840
Cst3_+_148875207.23-P1P2,4840
Tomm40l_-_171222409.23-P1P2,4838
Cd55_-_130462702.23-P1P2,4836
Pon2_+_5298316.23-P1P2,4835
Wnt2b_-_104961648.23-P1P2,4835
Agtpbp1_-_59557262.23-P1P2,4835
Xk_+_9273017.23-P1P2,4834
Gjb1_-_101377320.23-P1P2,4834
Park7_+_150909824.23-P1,4833
Atg12_-_46741503.23-P1P2,4833
Pik3cg_-_32208542.23-P1P2,4833
Ddhd1_+_45657910.23-P1P2,4832
Uqcrq_+_53430767.23-P1P2,4831
Ache_-_137288290.23-P1P2,4831
Socs3_-_117968973.23-P1P2,4830
Pnpla6_-_3516889.23-P2,4830
Il13_-_53634595.23-P1P2,4829
Pla2g5_-_138819146.23-P1P2,4827
Cox7c_-_86046444.23-P1P2,4826
Syt14_+_193035621.23-P1P2,4826
Cabin1_+_75764171.23-P1P2,4826
Chp1_+_119547827.23-P1P2,4826
Adora1_-_134234825.23-P1P2,4824
Rela_-_5637846.23-P1P2,4823
Hmgb1_+_149052788.23-P1,4823
Uba5_-_104063094.23-P1P2,4823
Tbp_-_15499960.23-P1P2,4822
Map3k11_-_5689844.23-P1,4821
"H2-M10.4_-_36462282.23-ENSMUST00000057502.7,ENSMUST00000169950.1",4821
Rtn4_-_29693024.23-P1P2,4819
Prickle1_+_93519458.23-P2,4818
Stx1a_-_135041124.23-P2,4818
Uba7_+_107983080.23-P2,4817
Gtf2h1_-_46796160.23-P1P2,4816
Rab39b_-_75578169.23-P1P2,4815
Gstm3_-_107969136.23-P1P2,4815
Tubb2a_+_34077961.23-P1P2,4815
"Dnah17_+_118129191.23-ENSMUST00000106308.3,ENSMUST00000084803.5",4814
Calm4_-_3837988.23-ENSMUST00000042219.4,4813
Gcdh_+_84893724.23-P1P2,4812
Taf15_+_83473166.23-P1P2,4812
Dkk2_-_132085539.23-P1P2,4812
Chrna7_+_63212468.23-P1P2,4811
Ostm1_+_42678976.23-P1P2,4810
Hgf_-_16553937.23-P1P2,4810
S100a1_+_90514268.23-P1P2,4810
Clp1_+_84727223.23-P1P2,4809
Mtmr2_+_13749261.23-P1P2,4809
Mnat1_-_73123781.23-P1P2,4808
Igfals_+_24878777.23-P1P2,4808
Sds_+_120476522.23-P1P2,4807
Pou5f1_+_35506091.23-P1P2,4807
non-targeting_00529,4806
non-targeting_02363,4806
Slc1a1_+_28835178.23-P1P2,4806
Sugp1_+_70043087.23-P1P2,4805
Dnah2_-_69544482.23-ENSMUST00000035539.5,4805
Lox_-_52529586.23-P1P2,4805
Ywhag_-_135934594.23-P1P2,4805
Tuba1a_+_98953257.23-P1P2,4805
Cyc1_-_76343542.23-P1P2,4802
Cfl1_-_5491009.23-P1P2,4801
Zap70_+_36761880.23-P1P2,4801
Slc19a3_+_83038460.23-P1P2,4800
Kras_+_145250042.23-P1P2,4800
Aspa_+_73324217.23-P1P2,4800
Plcb4_+_135741857.23-ENSMUST00000110109.1,4799
Ndrg1_+_66969220.23-P1P2,4798
Syne1_+_5550563.23-ENSMUST00000041639.5,4798
Psmc4_+_28050004.23-P1P2,4798
Acan_-_79053280.23-P1P2,4797
Kcnd3_+_105451945.23-P1P2,4796
Kcna1_+_126645762.23-P1P2,4794
Kctd7_+_130144943.23-P1P2,4792
Blvra_+_127080575.23-P2,4792
Il13ra1_+_36112152.23-P1P2,4791
Gdnf_-_7810832.23-P1P2,4790
Smcr8_+_60777559.23-P1P2,4789
Hspa5_+_34772114.23-P1P2,4788
Blzf1_+_164307218.23-P1P2,4788
Ephb2_-_136835780.23-P1P2,4786
Vip_+_5639249.23-P1P2,4786
Polr3k_-_181864624.23-P1P2,4786
Irs1_+_82290887.23-P1P2,4785
H2-M1_-_36671865.23-P1P2,4785
Trpm7_-_126876003.23-P1P2,4784
H2-M10.3_-_36368214.23-ENSMUST00000073546.3,4784
Calm3_-_16924066.23-ENSMUST00000019514.9,4783
Dcaf8_-_172148143.23-P1P2,4783
Wnt16_+_22288320.23-P1P2,4782
Fosb_+_19309978.23-P1P2,4782
Braf_+_39725278.23-P1P2,4781
Nras_+_103058339.23-P1P2,4781
Rela_+_5637925.23-P1P2,4780
Pklr_+_89136221.23-P1P2,4780
Nlrp3_+_59542929.23-P2,4780
"Dnah17_+_118129146.23-ENSMUST00000106308.3,ENSMUST00000084803.5",4779
Ccl2_+_82035669.23-P1P2,4778
Atp5c1_+_10080390.23-P1P2,4778
Reps1_-_18055613.23-P1P2,4777
Kat2a_-_100712405.23-P1P2,4777
Gch1_-_47189367.23-P1P2,4777
Kcnh8_-_52602781.23-P1P2,4777
Mapk8_+_33447083.23-P1P2,4776
Dcx_-_143932881.23-P1P2,4776
Htr2a_+_74640974.23-P1P2,4776
Axin2_+_108920879.23-P1P2,4776
Mag_+_30914750.23-P1P2,4776
Wdr41_+_94976396.23-P1P2,4775
Sybu_+_44752192.23-P1P2,4774
Blzf1_+_164307252.23-P1P2,4774
Uchl4_+_64235379.23-ENSMUST00000039011.3,4772
Ifng_-_118441123.23-P1P2,4772
Dst_+_34011885.23-P1P2,4772
Ostm1_-_42678933.23-P1P2,4769
Map2k5_-_63377839.23-P1P2,4769
Rtn2_-_19291176.23-P1,4769
Cwf19l1_-_44135775.23-P1P2,4768
Phpt1_-_25574827.23-P1P2,4768
Psmc2_+_21785319.23-P1,4768
Tmem175_-_108629892.23-P1P2,4767
Map2_+_66175349.23-P1,4766
Vcp_+_43000058.23-P1P2,4766
Fgf2_+_37348349.23-ENSMUST00000138563.2,4765
Stxbp5l_+_37384904.23-P1P2,4765
Glp1r_+_30902206.23-P1P2,4765
Eif4g2_+_111082977.23-P1,4764
Jun_+_95052147.23-P1P2,4764
"Kcnma1_+_23803231.23-ENSMUST00000172099.2,ENSMUST00000074983.6",4764
Bhlhb9_+_135885904.23-P1P2,4763
Mfn2_+_147904648.23-P1P2,4763
Csnk2a1_-_152226588.23-P1P2,4762
Ifit3_+_34583508.23-P1P2,4760
Txnrd1_-_82859456.23-P1P2,4759
Map2k2_+_81106003.23-P1P2,4759
H2-M10.6_+_36812199.23-ENSMUST00000041398.4,4759
Dnah12_+_26771262.23-ENSMUST00000073309.4,4759
Dnah2_+_69544351.23-ENSMUST00000035539.5,4758
Calm4_-_3838036.23-ENSMUST00000042219.4,4757
Cacna1a_+_84415379.23-ENSMUST00000121390.1,4757
Npy_-_49822750.23-P1P2,4757
Crp_+_172698134.23-P1P2,4757
Prkra_+_76647955.23-P1P2,4757
Gsto1_-_47855050.23-P1P2,4756
Notch3_+_32166647.23-P1P2,4756
Wfs1_-_36988929.23-P1P2,4755
H2-M11_+_36547339.23-ENSMUST00000041964.6,4754
Cacna1a_+_84415370.23-ENSMUST00000121390.1,4753
Csnk1e_+_79441805.23-P1P2,4753
Peg12_-_62464481.23-P1P2,4753
Prkca_-_108343647.23-P1P2,4752
Htt_-_34761777.23-P1P2,4751
Chrm5_+_112480728.23-ENSMUST00000099589.2,4751
Ak4_+_101419714.23-P1P2,4750
Il2_-_37125975.23-P1P2,4750
Ireb2_+_54863985.23-P1P2,4748
Pde4a_+_21165789.23-P2,4747
Htr1a_-_105443847.23-P1P2,4747
Cox8a_-_7217556.23-P1P2,4746
Pars2_-_106651207.23-P1P2,4746
Tfam_-_71238037.23-P1P2,4745
Map2_-_66322043.23-P2,4744
Actr1a_+_46395721.23-P1P2,4744
Ndufv2_+_66101487.23-P1P2,4743
Zfp46_+_136286136.23-P2,4743
Ccdc88c_+_101028848.23-P1P2,4743
Glb1_+_114401173.23-P1P2,4743
"Oxr1_+_41447313.23-ENSMUST00000110297.2,ENSMUST00000090096.4",4743
Nbn_-_15958024.23-P1P2,4743
Ndufa7_-_33824590.23-P1P2,4742
Slc33a1_+_63964558.23-P1P2,4742
Tfeb_-_47737113.23-P1P2,4742
Pik3r4_+_105643040.23-P1P2,4741
Il18_-_50555057.23-P1P2,4740
Grin2d_-_45866986.23-P1,4739
Cox8b_+_140900383.23-P1P2,4739
Slc9a5_-_105348165.23-P1P2,4737
Cyp2d26_+_82794179.23-P1P2,4736
Lrpprc_-_84790505.23-P1P2,4735
Cd200_+_45408862.23-P1P2,4735
non-targeting_01977,4734
Map3k11_+_5688807.23-P2,4734
Elavl2_+_91376460.23-P1P2,4733
Sybu_-_44752125.23-P1P2,4732
Ndufa9_-_126849104.23-P1P2,4732
Oard1_+_48410034.23-P1P2,4732
Nox4_+_87246794.23-P1P2,4731
Map3k11_+_5688972.23-P2,4729
Pten_-_32757878.23-P1P2,4729
Erlin2_+_27024051.23-P1P2,4729
Dnah7c_+_46609334.23-ENSMUST00000178395.1,4728
Tnfrsf1b_-_145246790.23-P1P2,4728
Pnpt1_+_29130731.23-P1P2,4727
Rtn2_-_19291114.23-P1,4726
Stx1a_+_135041187.23-P2,4726
Igfals_+_24878839.23-P1P2,4725
Trp53_+_69580414.23-P1P2,4725
Pin1_-_20652171.23-P1P2,4725
Snap25_+_136713530.23-P1P2,4723
Sdf4_+_155993329.23-P1P2,4722
Fzd3_-_65262235.23-P1P2,4722
Ndufa10_+_92473733.23-P1P2,4721
Apod_+_31314535.23-P1P2,4721
Inf2_+_112588869.23-P1,4720
Dnajb2_-_75236466.23-P1P2,4718
Ndufab1_+_122101618.23-P1P2,4718
Tfpi2_-_3968332.23-P1P2,4718
Upk3b_+_136038768.23-P1P2,4717
Apc_-_34220977.23-P1,4714
Daxx_-_33909552.23-P1P2,4714
Adora2b_+_62249024.23-P1P2,4714
Abcb6_+_75180332.23-P1P2,4712
Raf1_-_115676241.23-P1P2,4712
Slc30a10_-_185455120.23-P1P2,4712
Vps13d_+_144974661.23-ENSMUST00000097796.2,4711
Nfe2l2_-_75704506.23-P1P2,4710
Tomm40l_+_171222367.23-P1P2,4710
Cyld_-_88697111.23-P1P2,4710
Acbd5_-_23069112.23-P1P2,4710
Cxcr4_-_128592263.23-P1P2,4709
Ripk1_-_34002482.23-P1P2,4707
Pnp2_-_50956196.23-P1P2,4707
Camk2b_-_6065293.23-P1P2,4707
Exosc1_-_41933255.23-P1P2,4707
Rmdn1_+_19575246.23-P1P2,4706
Hexa_-_59539716.23-P1P2,4705
Kat2a_+_100712412.23-P1P2,4704
Gdnf_-_7811114.23-P1P2,4704
Cav2_-_17281381.23-P1P2,4704
Prph_+_99055177.23-P1P2,4703
Fadd_-_144582383.23-P1P2,4702
Sirt6_+_81627573.23-P1P2,4701
Csf1r_+_61105864.23-P1P2,4701
Pde4a_+_21165770.23-P2,4700
Atp5d_+_80142413.23-P1P2,4699
Tmed9_-_55593204.23-P1P2,4697
Mars2_+_55237298.23-P1P2,4697
Itm2b_+_73368327.23-P2,4696
Mtmr2_+_13749203.23-P1P2,4696
Slc25a38_-_120114961.23-P2,4695
Bscl2_+_8840565.23-P1,4695
Tmem184b_-_79403223.23-P1P2,4695
Ddit3_-_127290848.23-P1P2,4695
Snx14_-_88438879.23-P1P2,4695
Prx_-_27507885.23-P2,4694
Cast_+_74807868.23-P1P2,4693
Wnt7b_-_85577852.23-P2,4693
Txn1_-_57956283.23-P1P2,4691
Nhlrc2_-_56548565.23-P1P2,4691
Polg_-_79466126.23-P1P2,4689
Mag_+_30914839.23-P1P2,4689
Serpinf1_+_75422454.23-P1P2,4689
Prdm8_+_98181057.23-P1P2,4688
Sgcg_+_61258358.23-P1P2,4688
Kcnc3_-_44590934.23-ENSMUST00000107906.3,4687
Vamp1_+_125215588.23-P1,4686
Snx27_+_94582490.23-P1P2,4685
Pick1_+_79229610.23-P1P2,4684
Apc2_+_80301063.23-P1,4684
non-targeting_01689,4683
2410137M14Rik_-_36981171.23-P1P2,4682
Wnt10a_+_74792105.23-P1P2,4682
Ttbk2_+_120850338.23-P1P2,4680
Ntf3_-_126164867.23-P1,4680
Nudt1_-_140331964.23-P1P2,4679
Wnt16_+_22288296.23-P1P2,4678
Bean1_-_104170634.23-P1P2,4678
Ndrg2_+_51913334.23-P1P2,4678
Gapdh_-_125165238.23-P1P2,4676
non-targeting_02917,4676
Egr2_-_67535511.23-P2,4676
Scarb1_-_125340946.23-P1P2,4675
Cox6a2_-_128206317.23-P1P2,4674
Cyp27a1_+_74713574.23-P1P2,4673
Cdk11b_-_155624951.23-P1P2,4672
Cpt1c_-_44974770.23-P1P2,4672
Stx1a_+_135023593.23-P1,4669
Dnah9_+_66168311.23-P1P2,4669
Wnt3a_-_59290754.23-P1P2,4669
Pin1_+_20652160.23-P1P2,4669
Taf15_+_83473105.23-P1P2,4667
Traf2_+_25546852.23-P1P2,4667
Frat2_-_41848066.23-P1P2,4667
Psmc1_-_100110193.23-P1P2,4666
Ucp2_-_100498187.23-P2,4666
Coq7_+_118533226.23-P1P2,4665
Cdca5_-_6085137.23-P1P2,4665
Mfsd8_-_40846813.23-P1P2,4665
Kdm1a_+_136602674.23-P1P2,4663
Pnpla6_+_3516904.23-P2,4661
Atp1a3_-_25005910.23-P1P2,4661
Prkcg_+_3303638.23-P1P2,4661
Cox7a1_-_30184222.23-P1P2,4660
Reep2_+_34840671.23-P1P2,4660
Pdyn_-_129699756.23-P1P2,4659
Blmh_-_76945785.23-P1P2,4658
Ppif_+_25694214.23-P1P2,4658
Fasl_-_161788348.23-P1P2,4657
Mfsd8_-_40846817.23-P1P2,4656
Ampd2_-_108085370.23-P2,4656
Grin2c_+_115267213.23-P1P2,4654
Tiparp_+_65528489.23-P1P2,4654
Ndufa1_+_37191084.23-P1P2,4654
Tpp1_+_105751986.23-P1P2,4653
Eif2b4_+_31193089.23-P1P2,4653
Decr1_-_15945306.23-P1P2,4652
Prickle2_-_92481342.23-P2,4652
Sirt1_+_63338996.23-P1P2,4652
Agtpbp1_-_59557244.23-P1P2,4652
Stc1_-_69029835.23-P1P2,4652
Ins2_-_142699459.23-P2,4650
Emilin1_-_30913503.23-P1P2,4648
Kcnc3_-_44590701.23-ENSMUST00000107907.2,4648
Zfp629_-_127615225.23-P1P2,4648
Cacna1b_-_24763096.23-P1P2,4646
Cybb_-_9469045.23-P1P2,4646
Ngf_-_102469945.23-P1P2,4646
Ubap1_-_41349094.23-P1P2,4646
Ap4e1_-_127008765.23-P1P2,4645
Psmd11_+_80428698.23-P1P2,4644
Decr1_+_15945214.23-P1P2,4644
Serpina3m_+_104387049.23-P1P2,4643
Pi4ka_-_17405814.23-P1P2,4641
Pmpcb_+_21737169.23-P1P2,4641
Cant1_-_118418990.23-P1P2,4641
Gsn_+_35282461.23-P2,4640
Chat_+_32460870.23-P1,4640
Tubb3_-_123411667.23-P1P2,4639
Entpd1_-_40659854.23-P1P2,4639
Dnah2_+_69544317.23-ENSMUST00000035539.5,4638
Ctrl_-_105933815.23-P1P2,4637
Atrx_+_105929153.23-P1P2,4637
Sdhd_+_50603597.23-P1P2,4637
Pak3_-_143664367.23-P1,4636
Upk3b_+_136038760.23-P1P2,4635
Hdac2_+_36974586.23-P1P2,4635
H2-M10.1_+_36326107.23-ENSMUST00000025322.7,4633
Uba7_-_107983003.23-P2,4632
Msh2_-_87672598.23-P1P2,4632
Mthfr_+_148041442.23-P2,4631
Fzd7_+_59482170.23-P1P2,4630
Rpgrip1_+_52110974.23-P1P2,4629
Slc12a1_-_125152617.23-P1P2,4629
Pdha1_-_160138295.23-P1P2,4629
Psma4_+_54951034.23-P1P2,4629
Atg2a_+_6241735.23-P1P2,4629
Ndufa11_-_56717842.23-P1P2,4627
Pmp22_-_63131600.23-P1,4625
Il1b_+_129371096.23-P1P2,4624
Prx_-_27499397.23-P1,4624
Egf_+_129755229.23-P1P2,4623
Fgd4_+_16600037.23-P1P2,4623
Trpm2_+_77969742.23-P1P2,4622
Ahsg_+_22892121.23-P1P2,4622
Pik3cg_+_32208598.23-P1P2,4622
Kif1b_+_149307670.23-P1P2,4622
Cxcl10_-_92348867.23-P1P2,4621
Agpat3_-_78352301.23-P1P2,4621
Psmc6_-_45329837.23-P1P2,4620
Sirt7_+_120624760.23-P1P2,4620
non-targeting_00635,4620
Homer1_+_93304091.23-P1P2,4619
Serpina3b_-_104128031.23-P1P2,4618
Csf1r_+_61105913.23-P1P2,4618
Slc44a1_+_53440528.23-P1P2,4618
Pon2_+_5298272.23-P1P2,4615
Kif20b_-_34922410.23-P1P2,4615
Kat2b_+_53567044.23-P1P2,4614
Ndufa6_-_82354164.23-P1P2,4614
Ppp3ca_-_136670230.23-P1P2,4612
Nfkbia_+_55492411.23-P1P2,4611
Dnajb1_-_83608281.23-P1P2,4611
Ube2j1_+_33031583.23-P1P2,4609
Cdk6_+_3343932.23-P1P2,4609
Med25_+_44892353.23-P1P2,4608
Reep1_-_71707878.23-P1P2,4607
Dnah7c_+_46609149.23-ENSMUST00000178395.1,4605
non-targeting_01591,4605
Mthfr_-_148041173.23-P2,4605
Sema6b_-_56133802.23-P2,4604
Tuba4a_-_75218965.23-P1P2,4602
Mak16_+_31168699.23-P1P2,4602
Blvra_-_127070730.23-P1,4602
Lmnb1_-_56707753.23-P1P2,4600
Prkcb_-_122289143.23-P1P2,4600
Sox2_-_34650204.23-P1P2,4599
Fth1_+_9982760.23-P1P2,4599
Psmd13_+_140882418.23-P1P2,4598
Dock2_+_34783836.23-P1P2,4598
Idua_+_108669491.23-P1P2,4598
Mme_-_63300205.23-P1,4598
Bcl2l1_-_152831471.23-P2,4597
Echs1_-_140116398.23-P1P2,4597
Klf4_+_55532179.23-P1P2,4596
Pmp22_+_63133171.23-P2,4596
Cyc1_-_76343557.23-P1P2,4596
Sds_+_120476593.23-P1P2,4596
Oxr1_-_41449136.23-ENSMUST00000179393.1,4596
Nhlrc2_-_56548688.23-P1P2,4595
Fzd1_+_4757992.23-P1P2,4594
Psmb6_-_70525438.23-P1P2,4594
Arhgef5_-_43265702.23-P1P2,4594
Ndufab1_+_122101643.23-P1P2,4593
Dpysl2_+_66868642.23-P1P2,4592
Calml3_-_3804226.23-P1P2,4592
Abhd16a_-_35089309.23-P1P2,4592
Hace1_-_45577930.23-P1P2,4591
Dnah3_-_120094953.23-P1P2,4590
Atp7a_+_106027272.23-P1P2,4590
Serpina1d_-_103773164.23-P1P2,4589
Abcd1_-_73716785.23-P1P2,4588
Ctsb_+_63122542.23-P1P2,4587
Gba_+_89202959.23-P1P2,4586
Pabpc4_+_123282723.23-P1P2,4586
non-targeting_01944,4586
Agrn_+_156197469.23-P1,4585
Cd200r1_-_44765839.23-P1P2,4585
Pin1_-_20652135.23-P1P2,4584
Ywhaz_-_36793615.23-P1P2,4584
Sbf1_-_89315243.23-P1P2,4583
Arsa_-_89476116.23-P1P2,4582
Cnr2_+_135895454.23-P1,4580
Ryr2_-_12106801.23-P1P2,4579
Mapk12_+_89140647.23-P1P2,4579
Nalcn_+_123627035.23-P1P2,4578
Psmc1_-_100110367.23-P1P2,4578
Ccl2_-_82035599.23-P1P2,4576
Fgf13_+_59134756.23-P1P2,4575
Apod_+_31314576.23-P1P2,4574
Cyp27a1_-_74713584.23-P1P2,4573
Nbr1_-_101552960.23-P1P2,4572
Pmpcb_+_21737187.23-P1P2,4572
Gria4_+_4796199.23-P1P2,4572
Glp1r_+_30901887.23-P1P2,4572
Ndufs2_-_171247080.23-P1,4572
Fas_-_34290685.23-P1P2,4570
Kl_+_150952697.23-P1P2,4570
Kl_+_150952746.23-P1P2,4569
Mapk8_+_33447119.23-P1P2,4568
Supt3_+_44777321.23-P1P2,4567
Slc11a2_+_100423038.23-P1,4566
Esr2_+_76177056.23-P1P2,4566
Ntf3_-_126166687.23-P2,4565
Uba7_+_107975642.23-P1,4564
Gjc2_+_59182780.23-P1P2,4564
Zfyve1_+_83597130.23-P1P2,4563
Nkx6-2_-_139582746.23-P1P2,4560
Ccl3_+_83649177.23-P1P2,4560
Capn2_-_182517489.23-P1P2,4559
Wnt8b_+_44493537.23-P1P2,4559
Cyp2d22_-_82380192.23-P1P2,4559
Gsk3b_+_38089544.23-P1P2,4559
Trpc3_+_36689939.23-P1P2,4559
Pon1_-_5193769.23-P1P2,4557
Rab5a_-_53479336.23-P1P2,4557
Cd55_+_130462657.23-P1P2,4557
Ang5_+_43957250.23-P1P2,4556
Atg12_+_46741527.23-P1P2,4556
Prnp_-_131909999.23-P1P2,4556
Xk_-_9272845.23-P1P2,4555
Sqstm1_-_50202980.23-P2,4553
Vegfb_-_6987631.23-P1P2,4553
Chrna7_+_63212456.23-P1P2,4553
Adam10_+_70679112.23-P1P2,4553
H2-M1_-_36672179.23-P1P2,4551
Dvl1_-_155847436.23-P1P2,4550
Hes3_+_152291651.23-P1P2,4550
Zfp74_-_29954002.23-P1P2,4550
Sirt6_-_81627476.23-P1P2,4549
Cycs_+_50566532.23-P1P2,4549
Atxn10_+_85336265.23-P1P2,4547
Chrm3_-_9878928.23-ENSMUST00000063093.9,4547
Serpina1a_-_103863619.23-P1P2,4547
Bcl11b_+_108004032.23-P1P2,4547
Dvl1_+_155847499.23-P1P2,4547
Gria2_-_80802659.23-P1P2,4546
Farsb_-_78488775.23-P1P2,4546
Cyp2d26_+_82794142.23-P1P2,4545
Stxbp5l_+_37384893.23-P1P2,4545
Cox4i1_+_120668305.23-P1P2,4544
Wipi1_+_109611323.23-P1P2,4542
Rmdn2_+_79615312.23-P1P2,4541
Hspd1_+_55087696.23-P1P2,4541
Wnk1_+_120038648.23-P1P2,4541
Atn1_-_124756685.23-P1P2,4541
Tmem106b_+_13069899.23-P1P2,4541
Slc52a3_+_151999923.23-P2,4540
Sbf1_+_89315238.23-P1P2,4540
F2rl3_+_72761969.23-P1P2,4540
Eif2b1_+_124579009.23-P1P2,4539
Gemin4_-_76243645.23-P2,4539
Blmh_+_76945735.23-P1P2,4537
Wnt11_-_98835150.23-P1,4537
Spast_-_74338764.23-P1P2,4536
Syne1_+_5550527.23-ENSMUST00000041639.5,4536
Npc2_-_84772898.23-P1P2,4536
Tac1_+_7555080.23-P1P2,4535
Txn2_-_77928928.23-P1,4535
Adora2a_-_75317156.23-P1P2,4534
Cd200r1_-_44765863.23-P1P2,4534
Pde8b_-_95222999.23-P2,4533
Ndufs2_-_171237359.23-P2,4533
Nrbf2_+_67285278.23-P1P2,4533
Wnt4_-_137277500.23-P1P2,4532
Stc1_-_69029491.23-P1P2,4531
Itpr1_-_108213149.23-P1P2,4530
Rasgrf1_-_89909938.23-P1P2,4530
Csnk1e_+_79442017.23-P1P2,4530
Apc_-_34247734.23-P2,4529
non-targeting_00746,4529
Cybb_-_9469271.23-P1P2,4528
Sqstm1_-_50210764.23-P1,4528
Cox7c_-_86046450.23-P1P2,4528
non-targeting_02894,4527
Slc33a1_+_63964529.23-P1P2,4527
Hprt_+_52988208.23-P1P2,4526
Map2k2_+_81105953.23-P1P2,4524
Nox1_-_134111770.23-P1P2,4524
H2-M10.5_+_36773111.23-ENSMUST00000041531.6,4524
Kctd7_-_130144929.23-P1P2,4523
Ppp1r1b_-_98348743.23-P1P2,4521
Naglu_+_101070337.23-P1P2,4521
Ascl1_+_87493583.23-P1P2,4521
Ndrg2_+_51913331.23-P1P2,4521
Serpina3k_-_104338604.23-P1P2,4520
Inpp4a_-_37299920.23-P1P2,4519
Ubb_-_62551792.23-P1P2,4519
Casp6_-_129901515.23-P1P2,4517
Ucp2_-_100493402.23-P1,4515
Blmh_-_76945799.23-P1P2,4515
Gsr_+_33653663.23-P1P2,4515
Tecpr2_+_110889276.23-P1P2,4515
Tbk1_-_121586491.23-P1P2,4515
Dnah3_-_120095306.23-P1P2,4514
Slc17a7_-_45163983.23-P1P2,4514
Cx3cl1_-_94772225.23-P1P2,4513
Adcyap1_+_93199228.23-P1P2,4513
Nedd4_+_72662532.23-P1P2,4513
Clcn2_+_20716077.23-P1,4513
Atxn3_+_101958153.23-P1P2,4512
Npc1_-_12236302.23-P1P2,4512
Hspb3_-_113663621.23-P1P2,4511
Ubc_-_125389710.23-P1P2,4511
Glo1_-_30612626.23-P1P2,4510
Hif1a_-_73908027.23-P1P2,4510
non-targeting_00663,4508
Bax_-_45466810.23-P1P2,4508
Pdk3_-_93832123.23-P1P2,4507
Myoc_-_162639568.23-P1P2,4507
F2rl3_+_72761911.23-P1P2,4507
Serpina3b_+_104128470.23-P1P2,4506
Fzd9_+_135251223.23-P1P2,4506
Bap1_-_31251659.23-P1P2,4506
Ahsg_+_22892098.23-P1P2,4505
Grin2d_+_45870909.23-P2,4504
Raf1_+_115676486.23-P1P2,4504
Fas_-_34290722.23-P1P2,4502
Esr1_+_4710170.23-P1P2,4501
Mpg_-_32226571.23-P1P2,4501
Dnajc5_+_181520591.23-P1P2,4499
Pank2_-_131262721.23-P1P2,4498
Grin2d_-_45866980.23-P1,4497
Padi4_+_140750530.23-P2,4496
Dbn1_-_55488009.23-P1P2,4495
Ap4e1_-_127008747.23-P1P2,4493
Myd88_+_119339984.23-P1P2,4493
Kpna3_-_61439779.23-P1P2,4493
Lrp6_-_134566975.23-P1P2,4492
Hsd17b6_-_128007562.23-P1P2,4492
Wdr45_-_7722343.23-P1P2,4490
Ubc_+_125389695.23-P1P2,4489
Atp7a_+_106027325.23-P1P2,4489
Tsen54_+_115814782.23-P1P2,4488
Derl1_-_57892425.23-P1P2,4488
Ngb_-_87102298.23-P1P2,4488
Lrpprc_+_84790818.23-P1P2,4487
Grin2a_+_9995035.23-P1P2,4487
Ung_-_114131232.23-P1P2,4486
Stxbp1_-_32846950.23-P1P2,4486
Hmox1_+_75093674.23-P1P2,4485
Gba_-_89203337.23-P1P2,4484
Atp6ap2_+_12588056.23-P1P2,4483
Cav2_-_17281307.23-P1P2,4483
Trim2_+_84259729.23-P2,4483
H2-M1_-_36672144.23-P1P2,4481
Vegfb_-_6987340.23-P1P2,4481
Anxa1_+_20390291.23-P1P2,4480
Il13_+_53634645.23-P1P2,4479
Pmp2_-_10197220.23-P1P2,4478
Dvl2_-_70000835.23-P1P2,4477
Cstb_-_78425801.23-P1P2,4476
Ywhag_-_135934553.23-P1P2,4476
Ndufs4_+_114388046.23-P1P2,4476
Pde10a_-_8801797.23-P1P2,4476
Aga_+_53511885.23-P1P2,4475
Ang6_-_44002249.23-ENSMUST00000096869.2,4475
Daxx_-_33909733.23-P1P2,4474
Mog_-_37023236.23-P1P2,4473
Dntt_+_41029436.23-P1P2,4472
Psmd2_-_20651965.23-P1P2,4472
Ina_+_47014696.23-P1P2,4472
Gria2_+_80802581.23-P1P2,4471
Nkx6-2_-_139582760.23-P1P2,4471
Dock2_+_34783779.23-P1P2,4470
non-targeting_02660,4470
Cox6a2_-_128206303.23-P1P2,4470
Psmd7_-_107588373.23-P1P2,4468
Cadm3_-_173367607.23-P1P2,4467
Tubb4b_+_25224686.23-P1P2,4467
Vac14_-_110618675.23-P1P2,4466
Vamp1_+_125231320.23-P2,4466
Gcdh_+_84893731.23-P1P2,4466
Vapb_-_173737802.23-P1P2,4466
Pde4d_+_109953895.23-P1P2,4466
Axin1_-_26138759.23-P1P2,4464
Hif1a_+_73908049.23-P1P2,4463
Gemin4_+_76217516.23-P1,4463
S100b_-_76253958.23-P1P2,4463
Axin1_-_26138698.23-P1P2,4462
Slc6a3_-_73536819.23-P1P2,4461
Fzd5_-_64737710.23-P1P2,4461
Alg14_-_121291760.23-P1P2,4460
Ins2_+_142679617.23-P1,4460
Stat3_+_100939441.23-P1P2,4459
Klc3_+_19399873.23-P1,4459
Tcerg1_-_42511576.23-P1P2,4458
Vps37a_-_40511872.23-P1P2,4457
Pmp22_+_63131597.23-P1,4456
Fbln5_-_101818829.23-P1P2,4455
Esr1_+_4710188.23-P1P2,4455
Ndufs5_+_123718182.23-P1P2,4455
Psmd6_-_14120938.23-P1P2,4455
Chek2_+_110840031.23-P1P2,4454
Polg_+_79466143.23-P1P2,4454
Tnfrsf21_-_43016618.23-P1P2,4454
Rmdn2_+_79615289.23-P1P2,4453
Epha8_-_136956721.23-P1P2,4452
Casp3_-_46617457.23-P1P2,4452
Cnp_+_100575190.23-P1P2,4451
Egr2_+_67537933.23-P1,4451
"Rims2_+_39198200.23-ENSMUST00000082054.5,ENSMUST00000042917.9",4451
Unc13a_-_71671704.23-P1P2,4450
Map2_+_66175341.23-P1,4450
Clcn2_-_20717752.23-P2,4450
Mgst3_-_167393753.23-P1P2,4449
Dnah1_+_31323845.23-ENSMUST00000048603.7,4446
Aldh18a1_+_40588329.23-P1P2,4446
Rab10_-_3309900.23-P1P2,4445
Elavl1_+_4324847.23-P1P2,4445
Inf2_-_112588803.23-P1,4445
Abcb1b_+_8798198.23-P1P2,4443
Bcl6_+_23988610.23-P1P2,4443
Ndufc2_-_97400102.23-P1P2,4443
Dync1h1_+_110601508.23-P1P2,4442
Ndufa13_-_69902766.23-P1P2,4442
Nfe2l2_-_75704432.23-P1P2,4441
Gemin4_+_76217521.23-P1,4440
Trip4_+_65908766.23-P2,4440
Hmgb1_+_149051418.23-P2,4438
Ccdc88c_-_101028785.23-P1P2,4438
Atp2a3_-_72961255.23-P1P2,4438
Hdac1_+_129542673.23-P1P2,4436
Fam168b_+_34842926.23-P1P2,4436
Cyp2d34_+_82620645.23-P1P2,4435
Hsd17b10_-_152001934.23-P1P2,4435
Becn1_+_101302209.23-P1P2,4434
Atp5c1_-_10080404.23-P1P2,4434
Tomm40_-_19715192.23-P1P2,4433
Gpx6_+_21312236.23-P1P2,4433
C9_+_6445373.23-P1P2,4432
Nqo2_-_33964794.23-P1P2,4429
Vegfa_+_46032262.23-P1P2,4428
Chrm1_-_8664148.23-P1P2,4428
Serpinf1_+_75422320.23-P1P2,4428
Cxcl10_-_92348844.23-P1P2,4427
Znhit3_-_84916259.23-P1P2,4427
Dnm1l_+_16358949.23-P1P2,4427
Cox5b_+_36691787.23-P1P2,4426
Opa1_+_29579439.23-P1P2,4426
Nr3c1_-_39490624.23-P1P2,4426
non-targeting_02666,4424
Ndufb3_+_58586801.23-P1P2,4423
Ptges_+_30930061.23-P2,4423
non-targeting_04319,4422
F2rl3_-_72762014.23-P1P2,4421
Ube2l3_+_17201370.23-P1P2,4421
Ubqln2_+_153498262.23-P1P2,4420
Atg13_-_91710352.23-P1P2,4420
Samd9l_+_3399140.23-P1P2,4419
Ubtf_-_102318938.23-P1P2,4418
Zfp629_-_127615237.23-P1P2,4417
Lmx1b_+_33640862.23-P1P2,4417
Ntf3_-_126164937.23-P1,4417
Pten_+_32757668.23-P1P2,4416
Txndc5_-_38528746.23-P1P2,4416
Slc11a2_+_100424095.23-P2,4416
Epha8_+_136956786.23-P1P2,4415
Gemin4_-_76243713.23-P2,4415
Tomm20_-_126945841.23-P1P2,4413
Atp5b_+_128083388.23-P1P2,4413
Hspd1_+_55087838.23-P1P2,4413
Prickle2_-_92706209.23-P1,4412
Rb1_-_73325637.23-P1P2,4410
non-targeting_03685,4410
Kidins220_-_24975155.23-P1P2,4410
Cycs_+_50566575.23-P1P2,4410
Atg7_-_114643203.23-P1P2,4407
Lrriq3_-_155093557.23-P1P2,4407
Cyp2d11_+_82393541.23-ENSMUST00000170255.1,4407
Tpp2_+_43934062.23-P1P2,4407
Ccdc88c_-_101028895.23-P1P2,4406
Cdk11b_+_155624981.23-P1P2,4405
Slc1a3_-_8710257.23-P1P2,4405
Eef2_+_81176724.23-P1,4403
Wnt1_+_98789857.23-P1P2,4402
Bean1_+_104170576.23-P1P2,4402
Rb1cc1_+_6214721.23-P1P2,4401
Erbb4_+_69108533.23-P1P2,4401
Ang4_+_51773574.23-P1P2,4400
Uqcrh_+_116074989.23-P1P2,4400
Dbh_+_27165532.23-P1P2,4400
Rbfox3_-_118909460.23-P1P2,4400
Elovl4_-_83806064.23-P1P2,4399
Metrn_-_25796968.23-P1P2,4398
Gria4_+_4796217.23-P1P2,4398
Calm4_-_3838144.23-ENSMUST00000042219.4,4396
Abl1_+_31688585.23-P1P2,4395
Cox7a2_-_79759789.23-P1P2,4394
Erlin2_+_27023920.23-P1P2,4394
Vps53_+_76179599.23-P1P2,4393
Trap1_+_4077789.23-P1P2,4392
Ripk1_+_34002467.23-P1P2,4392
Vdac3_-_22593696.23-P1P2,4392
Ndufv1_-_4012638.23-P1P2,4391
Tead1_+_112679346.23-P1P2,4389
Wnt4_-_137277529.23-P1P2,4389
Farsb_-_78488801.23-P1P2,4388
Taf1_+_101532753.23-P1P2,4387
Hip1_-_135545010.23-P1P2,4387
Cat_-_103485085.23-P1P2,4387
Gdap1_-_17145434.23-P1P2,4385
Dnmt1_-_20952783.23-P1P2,4385
Ar_-_98149735.23-P1P2,4385
Junb_+_84978628.23-P1P2,4384
Epha4_+_77515058.23-P1P2,4384
Cox7b_-_106016034.23-P1P2,4384
Cox8a_-_7217521.23-P1P2,4383
Fxn_+_24280533.23-P1P2,4382
Ube2l3_-_17201132.23-P1P2,4381
H2-M10.2_-_36286414.23-ENSMUST00000023845.6,4381
Dnali1_-_125065637.23-P1P2,4380
Cacna1a_+_84415608.23-ENSMUST00000121390.1,4380
Gfap_-_102896983.23-P1P2,4379
Reps1_+_18055576.23-P1P2,4379
Gria1_+_57012036.23-P1P2,4379
Spast_+_74338970.23-P1P2,4379
Ezh2_+_47594990.23-P1P2,4379
Elp3_+_65593023.23-P1P2,4378
Mpo_-_87794171.23-P1P2,4378
Ampd2_-_108086631.23-P1,4377
Uba7_-_107975569.23-P1,4376
Kcnh8_-_52602765.23-P1P2,4375
Rab7_+_88045209.23-P1P2,4375
Anp32a_-_62341393.23-P1P2,4374
Thy1_-_44043452.23-P1P2,4374
Rpgrip1_-_52110943.23-P1P2,4373
Rpgr_+_10216696.23-P1P2,4372
Adm_-_110627856.23-P1P2,4371
Slc7a6os_+_106210902.23-P1P2,4371
Prdm8_+_98180942.23-P1P2,4371
Tubb1_-_174450806.23-P1P2,4370
Cstb_+_78425771.23-P1P2,4370
Trip4_-_65908799.23-P2,4369
Glul_-_153899959.23-P1P2,4368
Dnah6_-_73221619.23-P1P2,4368
Ralgps2_-_156939315.23-P1P2,4367
Pik3r4_+_105643002.23-P1P2,4367
Psma5_-_108257414.23-P1P2,4366
Elovl4_-_83806204.23-P1P2,4366
Ctsb_-_63122501.23-P1P2,4365
Egr2_-_67537969.23-P1,4365
Atg2a_-_6241716.23-P1P2,4365
Ndufv3_+_31520227.23-P1P2,4365
Bdnf_+_109693646.23-P1P2,4365
Aimp1_+_132683625.23-P1P2,4364
Cacna1d_-_30353510.23-P1P2,4364
Slc25a38_-_120114950.23-P2,4364
Cox7a2l_+_83514156.23-P1P2,4364
Wnt9b_-_103749552.23-P1P2,4364
Dkk1_-_30549459.23-P1P2,4363
Rmdn1_-_19575283.23-P1P2,4363
Dnah12_+_26771335.23-ENSMUST00000073309.4,4362
Prdm12_-_31639772.23-P1P2,4362
Csnk1a1_+_61555355.23-P1P2,4362
Acox1_+_116198777.23-P1P2,4362
Tsen34_-_3693819.23-P1P2,4362
Cstb_+_78425786.23-P1P2,4361
Mrpl3_+_105053321.23-P1P2,4360
non-targeting_01100,4360
Gusb_+_130002857.23-P1P2,4360
Fis1_+_136953304.23-P2,4359
Nudt1_-_140331960.23-P1P2,4359
Bad_+_6941982.23-P1P2,4359
Ntf3_+_126166670.23-P2,4358
Actr1b_-_36709904.23-P1P2,4358
Txn2_-_77927871.23-P2,4358
Slc5a7_-_54298677.23-P1P2,4357
Eef2_+_81178046.23-P2,4357
Gsk3a_+_25237735.23-P1P2,4357
Slc26a3_+_31438300.23-P1P2,4357
Pmpca_-_26389385.23-P1P2,4356
Txn2_-_77928960.23-P1,4353
Sgk1_+_21994695.23-P1P2,4353
Tjp1_-_65371236.23-P1P2,4353
Npy_+_49822771.23-P1P2,4352
Lox_+_52529537.23-P1P2,4351
Apex2_-_150588115.23-P1P2,4350
Ppp3cc_-_70289434.23-P1P2,4350
Vps37a_+_40511890.23-P1P2,4350
Nr4a2_+_57114930.23-P1,4347
Elavl2_-_91376380.23-P1P2,4345
Cat_-_103485045.23-P1P2,4345
Sdhc_-_171150520.23-P1P2,4345
Fig4_-_41302899.23-P1P2,4344
Cox6a1_-_115348888.23-P1P2,4343
Slc25a31_-_40708914.23-P1P2,4343
Ndufv3_+_31520190.23-P1P2,4342
Cdk5_+_24423502.23-P1P2,4342
Tat_-_109990486.23-P1P2,4342
Abca1_-_53159853.23-P1P2,4342
Ryr1_-_29125097.23-P1P2,4341
Rbpj_-_53590738.23-P1P2,4340
Dock2_+_34783795.23-P1P2,4339
Map2k7_+_4238919.23-P1P2,4339
Glb1_-_114401183.23-P1P2,4339
Eif4g2_-_111081554.23-P2,4339
Unc5c_+_141465643.23-P1P2,4339
Grid2_+_63256022.23-P1P2,4337
Inf2_+_112588832.23-P1,4337
Cacna1s_-_136052816.23-P1P2,4337
Inpp4a_-_37299937.23-P1P2,4336
Cant1_+_118418918.23-P1P2,4336
Pars2_-_106651178.23-P1P2,4335
Tgm2_+_158146296.23-P1P2,4334
Clu_+_65969847.23-P2,4334
Pfn1_+_70654580.23-P1P2,4332
Wnt10b_+_98778491.23-P1P2,4331
Mapk1_+_16983401.23-P1P2,4331
Csnk1a1_-_61555354.23-P1P2,4330
Wnt8a_+_34542350.23-ENSMUST00000012426.2,4328
Hcrt_-_100762871.23-P1P2,4328
Crat_-_30415315.23-P1P2,4328
Dbn1_+_55488034.23-P1P2,4328
Prickle1_-_93519466.23-P2,4327
Calml4_-_62858147.23-P1P2,4327
Fdps_-_89101638.23-P1P2,4323
Cacna1d_+_30353468.23-P1P2,4323
Hspa5_-_34772098.23-P1P2,4322
Mpv17_+_31154249.23-P1P2,4321
Aptx_-_40703115.23-P1P2,4321
Ndufa4l2_+_127515031.23-P1P2,4320
Map3k11_-_5688764.23-P2,4320
Wnt5a_+_28504951.23-P2,4319
Atg2b_-_105685233.23-P1P2,4319
Bag6_+_35135271.23-P1P2,4318
Erlin1_+_44069689.23-P1P2,4318
Cav2_-_17281365.23-P1P2,4316
Il1b_-_129371093.23-P1P2,4316
Cacna1s_-_136052806.23-P1P2,4316
Sncb_+_54766211.23-P1P2,4316
Rhoa_+_108306837.23-P1P2,4316
Fzd7_+_59482136.23-P1P2,4315
Wnt5a_-_28504693.23-P2,4315
Notch3_-_32166858.23-P1P2,4315
Renbp_+_73930729.23-P1P2,4314
Slc52a3_-_151996570.23-P1,4314
Ift57_-_49699252.23-P1P2,4314
Tfrc_-_32609026.23-P1P2,4313
non-targeting_01122,4312
Csnk2a2_+_95488767.23-P1P2,4310
Mul1_-_138434716.23-P1P2,4310
Cx3cl1_+_94772276.23-P1P2,4310
Il4_-_53618440.23-P1P2,4310
Padi4_+_140750500.23-P2,4309
Psma2_-_14613287.23-P1P2,4309
Chmp1a_+_123212749.23-P1P2,4309
Hcrt_+_100762921.23-P1P2,4307
2410137M14Rik_+_36981189.23-P1P2,4306
Atf2_-_73892560.23-P1P2,4306
Prickle1_+_93519498.23-P2,4306
Snx27_+_94582338.23-P1P2,4306
Map1b_+_99516521.23-P1P2,4304
Gosr1_+_76763496.23-P1P2,4304
Uqcrb_+_66905348.23-P1P2,4304
Polr3b_+_84622392.23-P1P2,4303
Cyp2d34_-_82620573.23-P1P2,4303
Hspa8_-_40801473.23-P1,4302
Nos1_-_117841991.23-P1P2,4299
non-targeting_01061,4299
Hnrnpa2b1_-_51469831.23-P1P2,4297
Agrn_-_156186135.23-P2,4297
Fzd10_+_128601036.23-P1P2,4297
Cyp2d11_+_82393928.23-ENSMUST00000170255.1,4295
Ptges_+_30903204.23-P1,4295
Zfyve26_+_79296250.23-P1P2,4295
Aco2_-_81872570.23-P1P2,4293
Wnt8a_+_34542322.23-ENSMUST00000012426.2,4293
Map3k11_-_5689824.23-P1,4291
Sgk1_+_21994709.23-P1P2,4290
Glul_+_153899998.23-P1P2,4289
Dnah6_-_73221598.23-P1P2,4289
Tubb2b_-_34130331.23-P1P2,4287
Hmbs_-_44344130.23-P2,4287
Dkk4_+_22624047.23-P1P2,4286
Alg14_-_121292020.23-P1P2,4286
Hdac9_-_34528847.23-P1P2,4284
Psmc2_-_21785301.23-P1,4284
Sos1_+_80480419.23-P1P2,4284
Morc2b_+_33139513.23-P1P2,4283
Rpgr_-_10216746.23-P1P2,4282
Eif2s1_-_78862084.23-P1P2,4282
Ngf_-_102469995.23-P1P2,4280
Jag1_-_137116201.23-P1P2,4280
Igf1_+_87859297.23-P1,4280
Uqcr11_-_80406491.23-P1P2,4280
Ins1_+_52264525.23-P1P2,4279
Fzd10_-_128600884.23-P1P2,4276
Txn2_+_77928950.23-P1,4275
Samd9l_+_3399375.23-P1P2,4275
Iba57_-_59163724.23-P1P2,4273
Slc18a1_-_69077244.23-P2,4273
Timp3_-_86300642.23-P1P2,4272
Pten_+_32757626.23-P1P2,4271
Park7_-_150914372.23-P2,4271
Htt_+_34761806.23-P1P2,4270
Dkk2_-_132085347.23-P1P2,4270
Syn1_-_20920873.23-P1P2,4270
Tnr_-_159737537.23-ENSMUST00000111669.3,4270
Psma6_+_55398913.23-P1P2,4269
Cpn1_-_43986307.23-P1P2,4268
Gm11127_-_36058079.23-P1P2,4267
Wnt2_-_18030383.23-P1P2,4267
Wnt10a_+_74792087.23-P1P2,4266
Wdr45_+_7722302.23-P1P2,4266
Anp32a_+_62341429.23-P1P2,4265
Atp5a1_+_77773998.23-P1P2,4263
Med25_+_44892402.23-P1P2,4262
Abcd1_-_73716770.23-P1P2,4262
Hspa1b_+_34959239.23-P1P2,4261
Ids_+_70364870.23-P1P2,4261
Sod1_+_90221136.23-P1P2,4261
Cox8b_-_140900380.23-P1P2,4260
Eif2s1_-_78862067.23-P1P2,4260
Ndufa5_+_24527538.23-P1P2,4260
Pde8b_+_95223027.23-P2,4260
Cycs_+_50566521.23-P1P2,4259
Ampd2_-_108085326.23-P2,4258
Tubb1_+_174450702.23-P1P2,4257
Hspa1b_-_34958860.23-P1P2,4256
Actr1b_+_36709672.23-P1P2,4256
Smurf2_+_106920676.23-P1P2,4255
Pde9a_-_31386474.23-P1P2,4255
Mapk14_+_28691412.23-P1P2,4252
Acbd5_-_23069131.23-P1P2,4252
Pla2g6_-_79328151.23-P1P2,4252
Ewsr1_-_5098832.23-P1P2,4251
Pno1_-_17211527.23-P1P2,4251
Nos3_-_24364859.23-P1P2,4250
Nptx1_-_119547650.23-P1P2,4250
Csnk2a1_+_152226579.23-P1P2,4249
Wnt7a_-_91411293.23-P1P2,4249
Tfrc_+_32609046.23-P1P2,4248
Foxo3_+_42276682.23-P1P2,4248
Itpr2_-_146502148.23-P1P2,4248
Tfcp2_+_100551936.23-P1P2,4247
Gabarapl2_+_111940746.23-P1P2,4247
Nox4_-_87246883.23-P1P2,4246
Tfeb_-_47737110.23-P1P2,4246
Wnt2_-_18030125.23-P1P2,4243
Hsf1_+_76477467.23-P1P2,4243
Surf1_+_26916280.23-P1P2,4243
Plb1_+_32247510.23-P1P2,4243
Hprt_+_52988191.23-P1P2,4239
Anxa1_-_20390662.23-P1P2,4239
Mfge8_+_79149027.23-P1P2,4238
Foxo1_+_52268499.23-P1P2,4238
Ptn_+_36809992.23-P1P2,4237
Ndufs6_+_73328382.23-P1P2,4237
Pus1_+_110780392.23-P1P2,4237
Psmd13_+_140882414.23-P1P2,4235
Ndufb5_-_32737287.23-P1P2,4234
Vps13d_+_144974622.23-ENSMUST00000097796.2,4234
Psmd13_+_140882483.23-P1P2,4234
Cln8_-_14888892.23-P1P2,4233
Dnm2_-_21424959.23-P1P2,4233
Map2k2_+_81105962.23-P1P2,4232
Maoa_+_16619838.23-P1P2,4232
Psmb4_+_94886883.23-P1P2,4232
Mif_+_75860286.23-P1P2,4231
Nars2_+_96951838.23-P1P2,4229
Il15_-_82403136.23-P1P2,4229
Il18_+_50554885.23-P1P2,4228
Ppp3r2_-_49681976.23-P1P2,4227
Ascl1_-_87493665.23-P1P2,4227
Nbr1_-_101552920.23-P1P2,4227
Mgst3_+_167393758.23-P1P2,4227
Clcn2_+_20716067.23-P1,4226
Cdk6_-_3344228.23-P1P2,4225
Lrp5_-_3686567.23-P1P2,4225
Eif4g1_-_20672800.23-P1P2,4225
Eif4g2_+_111082819.23-P1,4224
Ifit3_+_34583555.23-P1P2,4222
Casp1_-_5298911.23-P1P2,4221
Cyp2d12_-_82555445.23-P1P2,4221
Rho_+_115931975.23-P1P2,4220
Vapb_-_173737787.23-P1P2,4220
Psmd11_+_80428690.23-P1P2,4219
Ptgs2_-_150100156.23-P1P2,4219
Epha8_+_136956533.23-P1P2,4218
Msc_-_14755952.23-P1P2,4215
Nox4_-_87246820.23-P1P2,4215
Ndufv3_-_31520238.23-P1P2,4215
Atp5o_-_91931494.23-P1P2,4214
Atp1a1_+_101604649.23-P1P2,4213
Cetn1_-_9619445.23-P1P2,4213
Plp1_-_136822957.23-P1P2,4211
Vip_+_5639312.23-P1P2,4211
Tank_-_61578580.23-P2,4211
Psmc3_-_91054294.23-P1P2,4211
Exosc3_+_45320310.23-P1P2,4210
Cxcl13_+_95957014.23-P1P2,4209
Dctn1_-_83165949.23-P1P2,4208
Btn1a1_-_23465839.23-P1P2,4208
Braf_-_39725321.23-P1P2,4207
Aif1_-_35172555.23-P1P2,4207
Zfp46_-_136286106.23-P2,4207
Fyn_-_39369814.23-P1P2,4206
Mpo_-_87794166.23-P1P2,4205
Serpina1e_-_103958458.23-P2,4205
Egr1_+_34861271.23-P1P2,4204
Eif2ak2_+_78882509.23-P1P2,4204
Dctn1_-_83166002.23-P1P2,4204
Dhtkd1_-_5942755.23-P1P2,4204
Stmn1_+_134469757.23-P2,4204
Adcyap1_+_93199175.23-P1P2,4203
Pld3_-_27542770.23-P1,4203
Cox7a2l_+_83514056.23-P1P2,4203
1600014C10Rik_-_38183947.23-P1P2,4202
Ccl3_-_83649326.23-P1P2,4202
Snap25_+_136713525.23-P1P2,4198
Mgrn1_-_4886305.23-P1P2,4197
Unc13a_-_71671672.23-P1P2,4196
Dctn4_-_60526287.23-P1P2,4196
Cd8a_+_71373481.23-P1P2,4194
"Calcoco2_-_96111886.23-ENSMUST00000068686.6,ENSMUST00000097162.5",4193
Hcrt_+_100762704.23-P1P2,4192
Pax6_+_105682727.23-P2,4191
Ppp1r1b_-_98348738.23-P1P2,4191
Rab39b_-_75578145.23-P1P2,4191
Parp1_-_180569000.23-P1P2,4190
Ndufs8_+_3912704.23-P1P2,4189
Prkra_-_76648010.23-P1P2,4189
Itm2b_-_73385268.23-P1,4188
Fzd6_-_39006326.23-P1P2,4188
Cox7a2_-_79759504.23-P1P2,4188
Chrna7_+_63212492.23-P1P2,4188
Neurog2_-_127633334.23-P1P2,4188
Cox8a_-_7217538.23-P1P2,4185
Gchfr_-_119167803.23-P1P2,4185
Ins2_-_142699502.23-P2,4184
Gabarap_+_69991612.23-P1P2,4184
Cdc42_-_137357632.23-P1P2,4184
Sgsm3_-_80977872.23-P1P2,4184
Fgfr4_+_55152879.23-P1P2,4183
Fis1_+_136962109.23-P1,4183
Epg5_-_77938490.23-P1P2,4183
Tsen34_+_3693791.23-P1P2,4182
Dnajc5_+_181520563.23-P1P2,4182
Raf1_-_115676501.23-P1P2,4181
Hnrnpdl_-_100038854.23-P1P2,4181
Pclo_+_14515022.23-P1P2,4180
Wnt1_+_98789903.23-P1P2,4180
Uba1_+_20658469.23-P2,4179
Slc6a3_-_73536856.23-P1P2,4178
Ncl_-_86359326.23-P1P2,4178
Mgst1_-_138140610.23-P1P2,4178
Taf1_+_101532873.23-P1P2,4178
Ndufs1_+_63176683.23-P1P2,4176
Nanog_-_122707599.23-P1P2,4176
Il10_-_131019954.23-P1P2,4175
Apc2_+_80299164.23-P2,4173
Mapk13_-_28769402.23-P1P2,4173
H2-M10.6_+_36812205.23-ENSMUST00000041398.4,4172
Cacna1s_+_136052824.23-P1P2,4172
Vps53_-_76179588.23-P1P2,4171
Araf_-_20848639.23-P1P2,4171
Ryr1_-_29125141.23-P1P2,4171
Tubb2a_-_34077979.23-P1P2,4170
Cd200_+_45408987.23-P1P2,4170
Hspa1a_-_34971592.23-P1P2,4170
Rest_-_77265564.23-P1P2,4169
Fgfr4_+_55153038.23-P1P2,4168
Eif4g2_+_111082954.23-P1,4168
Apex1_-_50924982.23-P1P2,4168
Cox8b_-_140900327.23-P1P2,4167
Aicda_-_122553909.23-P1P2,4167
Dpysl2_-_66868578.23-P1P2,4165
Ptpn13_-_103425250.23-P1P2,4165
Pdyn_+_129699806.23-P1P2,4165
Mutyh_+_116807749.23-P1P2,4165
non-targeting_02921,4164
Zfp106_-_120563770.23-P1P2,4163
Cacna1a_+_84415356.23-ENSMUST00000121390.1,4163
Ntf5_-_45413758.23-P1P2,4163
Emilin1_-_30913630.23-P1P2,4163
Ucp2_+_100493370.23-P1,4162
Cetn1_+_9619448.23-P1P2,4162
Tuba8_-_121210815.23-P1P2,4161
2810006K23Rik_+_124328180.23-P1P2,4161
Atxn1_-_45964914.23-P1P2,4161
Fggy_-_95557548.23-P1,4159
Vps13c_+_67840410.23-P1P2,4159
Ttc19_+_62281680.23-P1P2,4159
Kat5_+_5609812.23-P1P2,4158
Trim2_-_84220883.23-P1,4157
Rab39b_-_75578191.23-P1P2,4156
Cyp2u1_+_131303129.23-P1P2,4156
Fzd3_-_65262411.23-P1P2,4156
Bag6_+_35135253.23-P1P2,4155
Slc6a3_+_73536913.23-P1P2,4154
B4galnt1_+_127165244.23-P1P2,4154
Eif2s2_-_154892632.23-P1P2,4154
Tuba3b_-_145616110.23-P1P2,4154
Nr1h2_-_44553541.23-P1P2,4154
Fam83e_-_45721269.23-P1P2,4154
Mtdh_+_34082966.23-P1P2,4153
Prkcb_-_122289560.23-P1P2,4153
Ptges_-_30930044.23-P2,4153
Xbp1_-_5520963.23-P1P2,4152
Ppp5c_+_17027827.23-P1P2,4152
Cpn1_+_43986486.23-P1P2,4151
non-targeting_04059,4150
Mif_+_75860261.23-P1P2,4149
Sema3c_-_17574789.23-P1P2,4148
Fzd4_-_89404377.23-P1P2,4148
Ndufb3_-_58586796.23-P1P2,4148
Kras_-_145250153.23-P1P2,4147
Jph3_+_121730162.23-P1P2,4147
Rars2_-_34615041.23-P1P2,4147
Gad1_+_70562151.23-P1P2,4145
Syt1_+_109010668.23-P1P2,4145
Wnt9a_+_59306985.23-P1P2,4145
Cst10_+_149405382.23-P1P2,4144
Cyp2d9_+_82452528.23-P1P2,4144
non-targeting_03939,4144
Tat_-_109990460.23-P1P2,4144
Ucp2_+_100498207.23-P2,4144
Rars2_-_34614988.23-P1P2,4144
Maoa_-_16619962.23-P1P2,4144
Psen2_+_180229903.23-P2,4143
Slc9a5_-_105348206.23-P1P2,4142
Pdxk_-_78464881.23-P1P2,4142
Dctn6_+_34108437.23-P1P2,4142
Ndufa5_-_24527475.23-P1P2,4141
Ndufa1_+_37191097.23-P1P2,4141
Cox4i2_-_152754547.23-P1P2,4141
Shh_+_28466867.23-P1P2,4141
Cox7a2l_-_83514335.23-P1P2,4141
non-targeting_01000,4140
Atp7a_-_106027540.23-P1P2,4140
Gabpa_+_84835482.23-P1P2,4140
Kif1c_+_70700555.23-P1P2,4139
Ptges_+_30930090.23-P2,4139
Snx27_+_94582493.23-P1P2,4139
Mfge8_-_79148874.23-P1P2,4138
Tead1_+_112679358.23-P1P2,4138
Hpgds_-_65144632.23-P1P2,4137
Ntrk2_+_58808112.23-P1P2,4136
Wnt6_+_74771965.23-P1P2,4133
Gemin4_-_76217481.23-P1,4133
Gemin4_-_76243639.23-P2,4132
Nfkbia_-_55492537.23-P1P2,4132
Erbb2_+_98412552.23-P1P2,4131
Pak3_+_143518565.23-P2,4131
Calm1_+_100199561.23-P1P2,4131
Fosb_+_19309999.23-P1P2,4130
Dctn5_+_122133089.23-P1P2,4130
Atp5o_-_91931535.23-P1P2,4127
Gpx1_+_108339139.23-P1P2,4127
Atp5d_+_80142392.23-P1P2,4127
Pcyt2_+_120617837.23-P1P2,4127
Mfn2_+_147904622.23-P1P2,4126
Ptges_-_30903214.23-P1,4126
Coq7_-_118533234.23-P1P2,4126
Dnal1_+_84114388.23-P1P2,4125
Uba1_-_20663003.23-P1,4123
Metrn_-_25796909.23-P1P2,4122
Fgf2_+_37348382.23-ENSMUST00000138563.2,4121
Ctsd_-_142387640.23-P1P2,4121
Klc4_+_46645984.23-P1P2,4121
Aspa_-_73324342.23-P1P2,4121
Msx2_+_53472721.23-P1P2,4120
Qprt_+_127122020.23-P1P2,4120
Ryr3_+_113217012.23-P1P2,4119
Ndufs1_+_63176612.23-P1P2,4119
Lrsam1_+_32961539.23-P1P2,4119
Ctnnb1_-_120933567.23-P1P2,4118
Kif20b_-_34922406.23-P1P2,4118
Cd200r2_-_44867121.23-P1P2,4118
Cfl2_-_54862852.23-P1P2,4118
Tpp1_+_105752147.23-P1P2,4118
H2-M11_+_36547306.23-ENSMUST00000041964.6,4117
Brca1_+_101551839.23-P1P2,4115
Calb2_-_110168115.23-P1P2,4115
Rac1_-_143527951.23-P1P2,4115
Fzd4_-_89404408.23-P1P2,4115
Cnr2_-_135895500.23-P1,4115
Cst10_-_149405327.23-P1P2,4114
Rmdn3_-_119156739.23-P1P2,4114
Gstm2_+_107986414.23-P1P2,4112
Gnb4_+_32616455.23-P1P2,4112
Il18_+_50554929.23-P1P2,4111
Ngf_-_102469960.23-P1P2,4111
Mif_+_75860289.23-P1P2,4110
Myoc_+_162639403.23-P1P2,4110
Oprd1_+_132144506.23-P1P2,4109
Nr4a2_-_57124117.23-P2,4109
Ryr3_+_113217036.23-P1P2,4108
Hdac2_+_36974564.23-P1P2,4107
Atp5a1_-_77774049.23-P1P2,4107
Blvra_+_127070719.23-P1,4107
Ina_+_47014691.23-P1P2,4107
Wipi2_-_142629603.23-P1P2,4106
Fgfr4_+_55152874.23-P1P2,4106
Scyl1_+_5771364.23-P1P2,4105
Morc2a_-_3649304.23-P1P2,4105
Tomm40_+_19715393.23-P1P2,4104
Rmdn3_+_119156858.23-P1P2,4103
Kcna1_-_126645746.23-P1P2,4103
Agrn_-_156197444.23-P1,4102
Sdf4_-_155993266.23-P1P2,4102
Hace1_-_45577879.23-P1P2,4101
Plcg1_+_160731324.23-P1P2,4098
Tdp1_+_99884575.23-P1P2,4096
Tmem240_+_155734923.23-P1P2,4096
Pou5f1_+_35506072.23-P1P2,4096
Htra2_+_83054450.23-P1P2,4094
Hmgb1_+_149053025.23-P1,4093
Rtn2_-_19282734.23-P2,4093
Pparg_+_115361484.23-P1P2,4092
Fadd_-_144582396.23-P1P2,4091
Nes_+_87971151.23-P1P2,4089
Serpina3n_-_104406776.23-P1P2,4089
Bcl10_+_145924321.23-P1P2,4087
Dctn1_+_83165982.23-P1P2,4087
Unc80_-_66468000.23-P1P2,4086
Dpysl2_+_66868353.23-P1P2,4085
Ftl1_-_45459848.23-P1P2,4084
Tiparp_-_65528472.23-P1P2,4083
Aco2_+_81872684.23-P1P2,4083
Htt_+_34761785.23-P1P2,4082
Uqcr10_+_4704103.23-P1P2,4082
Mapk10_+_103211250.23-P1P2,4082
Il13_+_53634606.23-P1P2,4081
Tubb5_+_35838212.23-P1P2,4081
Il10_-_131019840.23-P1P2,4081
Adm_+_110627707.23-P1P2,4081
Cln3_+_126583287.23-P1P2,4081
Mecp2_-_74085378.23-P1P2,4080
Kcna3_-_107036222.23-P1P2,4080
Tmem106b_+_13070041.23-P1P2,4079
Kcne3_-_100178762.23-P1,4079
Fam83e_-_45721261.23-P1P2,4078
Cx3cl1_+_94772240.23-P1P2,4078
Nxnl1_+_71566606.23-P1P2,4077
Ptn_+_36810137.23-P1P2,4077
Tia1_+_86404466.23-P1P2,4076
Ppargc1a_+_51553778.23-P1P2,4076
Klc2_+_5118241.23-P1P2,4076
Mul1_+_138434757.23-P1P2,4075
Slc18a1_-_69089179.23-P1,4073
Psmd1_+_86064735.23-P1P2,4073
Kcne3_+_100176682.23-P2,4073
Mtdh_+_34082722.23-P1P2,4072
Src_+_157424366.23-P1P2,4072
Tomm40_-_19715172.23-P1P2,4071
Pank1_+_34877859.23-P1P2,4069
Ache_+_137288302.23-P1P2,4066
non-targeting_02395,4066
Cox7b_+_106015985.23-P1P2,4063
Cryab_+_50753429.23-P1P2,4062
Fbxo38_-_62548642.23-P1P2,4061
Ogdh_-_6291686.23-P1P2,4061
Ppargc1a_+_51553859.23-P1P2,4060
Cybb_-_9469260.23-P1P2,4060
Atf2_-_73892596.23-P1P2,4059
Hspa4_-_53300402.23-P1P2,4058
Fbxo7_-_86021949.23-P1P2,4055
Kcna3_+_107036166.23-P1P2,4054
Grin1_-_25319148.23-P1P2,4054
Actb_-_142906657.23-P1,4054
Ndufa8_-_36049249.23-P1P2,4053
Gpx2_-_76795436.23-P1P2,4052
Endou_-_97721092.23-P1,4051
Cxcr4_+_128592228.23-P1P2,4051
Serpina1e_-_103956876.23-P1,4050
Serpina1b_-_103828050.23-P1P2,4049
Upk3b_-_136038724.23-P1P2,4048
Gabarapl2_+_111940749.23-P1P2,4047
Wnt5a_+_28504832.23-P2,4047
Agpat3_-_78352286.23-P1P2,4046
Slc52a3_-_151999953.23-P2,4045
Prps1_-_140456633.23-P1P2,4045
Hmbs_+_44342226.23-P1,4044
Hexa_+_59539902.23-P1P2,4044
2410137M14Rik_+_36981162.23-P1P2,4044
Gstm4_+_108044737.23-P1P2,4044
Bid_+_120916794.23-P1P2,4043
Casp6_-_129901492.23-P1P2,4043
Snca_+_60828865.23-P1P2,4042
Sirt3_-_140882231.23-P1P2,4041
Sgk1_+_21994780.23-P1P2,4041
Cav1_-_17306488.23-P2,4040
Tmem119_-_113800358.23-P1P2,4039
Aqp4_+_15403607.23-P1P2,4039
Atp13a2_+_140986925.23-P1P2,4037
Als2_+_59237163.23-P1P2,4037
Foxo1_+_52268467.23-P1P2,4037
Gabpa_+_84835407.23-P1P2,4036
Hmgb1_+_149051384.23-P2,4036
Mad2l1bp_+_46153493.23-P1P2,4035
Elk1_-_20950527.23-P1P2,4035
Fzd3_-_65262425.23-P1P2,4035
Ube2g2_+_77622366.23-P1P2,4034
Tango2_+_18343828.23-P1P2,4034
Gstm1_-_108017745.23-P1P2,4034
Cstb_-_78425745.23-P1P2,4034
Foxo1_-_52268444.23-P1P2,4032
Daxx_-_33909839.23-P1P2,4031
Atp2a1_+_126463050.23-P1P2,4030
Gsto1_+_47855275.23-P1P2,4030
Chmp2b_-_65562578.23-P1P2,4029
P2rx7_+_122643981.23-P1P2,4028
Taf2_+_55072122.23-P1P2,4028
Mme_+_63296202.23-P2,4028
Cntf_-_12765415.23-P1P2,4027
Uba1_-_20658501.23-P2,4027
Kcnc3_+_44590741.23-ENSMUST00000107907.2,4026
Mpg_+_32226624.23-P1P2,4025
Gapdh_+_125165538.23-P1P2,4025
Fshr_+_89200683.23-P1P2,4024
Hace1_-_45577863.23-P1P2,4024
Pclo_-_14515009.23-P1P2,4023
Tuba1b_+_98934456.23-P1P2,4023
Ap4e1_-_127008768.23-P1P2,4023
Mmp3_-_7445876.23-P1P2,4023
Gpx8_+_113046371.23-P1P2,4023
Lmnb2_-_80918171.23-P1P2,4023
Cyp2u1_+_131303140.23-P1P2,4022
Mgst1_+_138140623.23-P1P2,4019
Cyp2u1_-_131303134.23-P1P2,4019
non-targeting_01226,4019
Map2k3_+_60932281.23-P1P2,4017
Trpv4_-_114658346.23-P1P2,4016
Tfam_+_71237998.23-P1P2,4015
Pde8b_+_95222970.23-P2,4015
Tuba8_+_121210850.23-P1P2,4014
Ano10_-_122294352.23-P1P2,4014
Abcb1b_-_8798188.23-P1P2,4014
"Calcoco2_+_96111919.23-ENSMUST00000068686.6,ENSMUST00000097162.5",4013
Uqcrq_+_53430764.23-P1P2,4012
Angpt4_+_151911314.23-P1P2,4012
Atxn1l_+_109737737.23-P1P2,4012
Grin2b_-_136172154.23-P1P2,4011
Plekhg5_+_152086923.23-P1P2,4010
Prnp_+_131909970.23-P1P2,4010
Dnmt1_-_20952768.23-P1P2,4010
Gm11127_-_36058443.23-P1P2,4009
Pfn1_-_70654395.23-P1P2,4007
Sacs_+_61173052.23-P1P2,4006
Cdc42_+_137357658.23-P1P2,4006
Zfp74_+_29954023.23-P1P2,4005
Mpo_+_87793779.23-P1P2,4005
Grn_-_102430540.23-P1P2,4004
Fam83e_-_45721247.23-P1P2,4003
Nt5c2_+_46962246.23-P1P2,4003
Nfkb1_+_135691446.23-P1P2,4002
Scyl1_+_5771341.23-P1P2,4001
Psmd8_+_29180597.23-P1P2,4001
Plcb2_-_118728368.23-P1P2,4000
Hspb2_-_50752261.23-P1P2,4000
Kif1b_+_149307652.23-P1P2,4000
Ywhae_+_75732993.23-P1P2,4000
Chat_+_32465781.23-P2,3999
Psmd6_-_14120902.23-P1P2,3999
Ube2g2_+_77622666.23-P1P2,3999
Clcn6_+_148038770.23-P1P2,3999
Abca7_-_79996508.23-P1P2,3999
Shh_+_28466848.23-P1P2,3998
Bcl10_+_145924403.23-P1P2,3998
Cyld_-_88697164.23-P1P2,3998
Adora1_+_134234770.23-P1P2,3997
Aars2_-_45506859.23-P1P2,3997
Arsa_-_89476103.23-P1P2,3992
Exosc1_-_41933272.23-P1P2,3992
Slc17a5_-_78587975.23-P1P2,3991
Cntf_+_12765395.23-P1P2,3990
Zfyve1_+_83596891.23-P1P2,3990
Psma3_+_70974882.23-P1P2,3988
Wnt3_+_103774221.23-P1P2,3988
Cnp_+_100574987.23-P1P2,3988
Bag6_+_35135256.23-P1P2,3988
Calb2_+_110168162.23-P1P2,3987
Nipa1_-_56019509.23-P1P2,3984
Epg5_-_77938554.23-P1P2,3983
Ripk1_-_34002454.23-P1P2,3982
Jun_+_95052177.23-P1P2,3982
Ccnf_+_24251319.23-P1P2,3982
Kcnc1_-_46396565.23-P1P2,3982
Cox6a2_-_128206285.23-P1P2,3982
Ngb_-_87102308.23-P1P2,3982
Slc12a6_+_112265910.23-P1P2,3982
Ulk2_+_61855015.23-P1P2,3981
Pon3_+_5256266.23-P1P2,3980
Tmem230_-_132247768.23-P1P2,3979
Xpnpep1_-_53038577.23-P1P2,3979
Gpbp1_+_111489853.23-P1P2,3978
Hspa9_+_34954056.23-P1P2,3978
Ang5_-_43957037.23-P1P2,3978
Tubb1_-_174450743.23-P1P2,3978
Ly6e_+_74955628.23-P1P2,3976
non-targeting_03156,3976
Park7_+_150914429.23-P2,3975
Wnt5b_+_119544237.23-P1P2,3975
Gstm7_-_107931677.23-P1P2,3975
Pno1_+_17211482.23-P1P2,3974
Mapk9_-_49846799.23-P1P2,3974
Psmc6_-_45329853.23-P1P2,3974
Cd8a_+_71373502.23-P1P2,3973
Rbpj_-_53590724.23-P1P2,3973
Cdca5_-_6085168.23-P1P2,3973
Rbms3_+_117252276.23-P1P2,3972
Psma3_-_70974658.23-P1P2,3971
Ift57_-_49699511.23-P1P2,3970
Casp6_-_129901502.23-P1P2,3970
Plekhg5_+_152087124.23-P1P2,3966
Psen1_-_83688258.23-P1P2,3965
Dnajc10_-_80315809.23-P1P2,3964
Becn1_-_101302253.23-P1P2,3964
Hspb1_+_135887991.23-P1P2,3964
Cox6b1_-_30626065.23-P1P2,3963
Ntrk2_-_58807941.23-P1P2,3963
Tango2_+_18343833.23-P1P2,3963
H2-T24_+_36020536.23-P1P2,3962
Cx3cl1_-_94772212.23-P1P2,3961
Casp3_-_46617721.23-P1P2,3961
Lep_-_29060253.23-P1P2,3960
Phex_-_157415216.23-P1P2,3960
Apcs_-_172894930.23-P1P2,3960
Hdac1_+_129542322.23-P1P2,3960
Erlin2_+_27023917.23-P1P2,3959
Sema6b_+_56133813.23-P2,3959
Gsr_+_33653648.23-P1P2,3958
Wipi2_+_142629651.23-P1P2,3958
Bscl2_+_8837571.23-P2,3958
Gstm3_+_107969093.23-P1P2,3958
Ppp2r2b_+_43059486.23-ENSMUST00000025377.7,3957
Pcna_+_132253171.23-P1P2,3956
Agrn_-_156186111.23-P2,3956
Atp5b_+_128083324.23-P1P2,3955
Cd200r2_-_44867116.23-P1P2,3954
Ptges_+_30930098.23-P2,3954
Nqo2_-_33964759.23-P1P2,3953
Zfp46_+_136284671.23-P1,3952
Mif_+_75860278.23-P1P2,3952
Cyp7b1_-_18243129.23-P1P2,3952
Unc5c_+_141465692.23-P1P2,3952
Fus_-_127967500.23-P1P2,3952
Mme_-_63296256.23-P2,3951
Chl1_+_103511358.23-P1P2,3951
Itpr3_+_27057436.23-P1P2,3949
Dnm1l_+_16358955.23-P1P2,3947
Ctsf_-_4855465.23-P1P2,3946
Gabarapl1_+_129533223.23-P1P2,3946
Fbxo38_+_62548657.23-P1P2,3946
Blvra_+_127080509.23-P2,3946
Dnm2_-_21424945.23-P1P2,3943
Ube2v1_+_167632003.23-P1P2,3943
Dkk4_-_22624057.23-P1P2,3943
Apbb1_-_105580995.23-P1P2,3943
Wnt5a_+_28504600.23-P2,3942
Atp5d_+_80142389.23-P1P2,3942
Cbs_-_31637105.23-P1P2,3942
Mcu_-_59616409.23-P1P2,3941
Slc8a3_-_81333170.23-P1P2,3941
Chek2_-_110840048.23-P1P2,3939
Hmbs_-_44344162.23-P2,3939
Calm1_-_100199581.23-P1P2,3939
Acbd5_+_23069114.23-P1P2,3938
Vip_-_5639281.23-P1P2,3938
Atp5e_-_174464032.23-P1P2,3938
Sirt1_+_63338973.23-P1P2,3937
Psmd6_-_14120896.23-P1P2,3937
Prickle1_-_93595844.23-P1,3937
Serpina3k_+_104338781.23-P1P2,3935
Mgst1_+_138140594.23-P1P2,3935
Cdca5_-_6085128.23-P1P2,3934
Rnf170_+_26119769.23-P1P2,3933
Hpgds_-_65144362.23-P1P2,3933
Mtor_-_148448646.23-P1P2,3932
Prps1_-_140456698.23-P1P2,3932
Nfe2l2_-_75704481.23-P1P2,3932
Grin1_+_25319151.23-P1P2,3930
Csf1_+_107760455.23-P1P2,3930
Kif1a_-_93101812.23-P1P2,3929
Mak16_-_31168651.23-P1P2,3929
Adam10_-_70679279.23-P1P2,3929
Ccl2_-_82035595.23-P1P2,3928
Fbln5_-_101818866.23-P1P2,3928
Sirt1_+_63338993.23-P1P2,3927
Park7_-_150914421.23-P2,3926
Myd88_-_119339964.23-P1P2,3924
Tmprss4_+_45204013.23-P1P2,3924
Hnrnpa2b1_-_51469826.23-P1P2,3923
Tsen34_+_3693785.23-P1P2,3922
Cox7b_-_106015887.23-P1P2,3921
Oxr1_-_41449141.23-ENSMUST00000179393.1,3921
Clk1_-_58423975.23-P1P2,3921
Aldh18a1_+_40588364.23-P1P2,3921
Dnajc3_+_118937963.23-P1P2,3919
Pax6_+_105668949.23-P1,3919
Hspd1_+_55088029.23-P1P2,3918
Syne1_+_5550549.23-ENSMUST00000041639.5,3918
Fggy_-_95579554.23-P2,3916
Dnal1_-_84114399.23-P1P2,3916
Morc2b_+_33139581.23-P1P2,3915
Nxnl1_-_71566626.23-P1P2,3915
Trrap_-_144768205.23-P1P2,3914
Gpx7_-_108406719.23-P1P2,3913
Pklr_-_89136177.23-P1P2,3912
Ccr2_-_124102195.23-P1P2,3912
Ptpn13_+_103425261.23-P1P2,3912
Fzd2_-_102604449.23-P1P2,3911
Wnt10b_-_98778508.23-P1P2,3909
Scarb1_+_125340997.23-P1P2,3908
Ptprc_+_138175255.23-P1P2,3903
Tbk1_+_121586727.23-P1P2,3903
Wnt16_-_22288259.23-P1P2,3903
Slc8a3_-_81333157.23-P1P2,3902
Dnah5_-_28203946.23-P1P2,3902
Gm11127_+_36058048.23-P1P2,3902
Th_-_142899944.23-P1P2,3901
Slc18a1_+_69089128.23-P1,3901
S100b_-_76253977.23-P1P2,3900
Becn1_+_101302220.23-P1P2,3900
Mag_+_30914791.23-P1P2,3899
Nos1_-_117841978.23-P1P2,3899
Pnpt1_-_29130763.23-P1P2,3898
Mthfr_+_148041180.23-P2,3898
Apbb1_+_105581223.23-P1P2,3897
Uchl3_-_101654052.23-P1P2,3895
Psma7_-_180042395.23-P1P2,3895
Uqcrc1_-_108936707.23-P1P2,3894
Cox6b2_+_4752937.23-P1P2,3894
Smn1_-_100124896.23-P1P2,3893
Tia1_+_86404360.23-P1P2,3892
Slc8a3_+_81333123.23-P1P2,3892
Padi4_+_140774164.23-P1,3890
Ighmbp2_-_3282775.23-P1P2,3890
Ppid_-_79591404.23-P1P2,3889
H2-M10.1_-_36326133.23-ENSMUST00000025322.7,3889
Psmb1_-_15498200.23-P1P2,3887
Ace_-_105967954.23-P1P2,3887
Epo_+_137533248.23-P1P2,3886
Atm_+_53536549.23-P1P2,3885
Nxnl1_+_71566575.23-P1P2,3884
Coch_+_51593370.23-P1P2,3883
non-targeting_01120,3882
Trpm2_+_77969761.23-P1P2,3882
Dab1_-_104367643.23-P1P2,3882
Cd55_+_130462719.23-P1P2,3881
Txndc5_-_38528412.23-P1P2,3880
Tsen54_-_115814790.23-P1P2,3880
Erbb4_+_69108521.23-P1P2,3879
Aqp4_+_15403604.23-P1P2,3878
Ntrk1_-_87794980.23-P1P2,3878
Csnk2a1_+_152226820.23-P1P2,3878
Tnf_+_35201772.23-P1P2,3877
non-targeting_02612,3877
Brca1_+_101551819.23-P1P2,3877
Tuba1a_-_98953486.23-P1P2,3876
Il6_+_30013382.23-P1P2,3876
Ndufs7_-_80249478.23-P1P2,3876
Pnkp_-_44857558.23-P1P2,3875
Irs1_-_82291096.23-P1P2,3874
Apex1_+_50925001.23-P1P2,3874
Lrpprc_-_84790539.23-P1P2,3873
Pten_+_32757643.23-P1P2,3871
Ntrk2_+_58807874.23-P1P2,3871
Abca7_+_79996708.23-P1P2,3871
Pde4a_+_21196803.23-P1,3870
Rnf170_-_26119654.23-P1P2,3870
"Calcoco2_-_96111928.23-ENSMUST00000068686.6,ENSMUST00000097162.5",3869
Alb_+_90460960.23-P1P2,3869
Map3k10_+_27674566.23-P1P2,3869
Tpo_+_30132459.23-P1P2,3868
Psmd9_-_123228348.23-P1P2,3868
Vdac1_-_52361156.23-P1P2,3867
Atg5_-_44268542.23-P1P2,3867
Trim2_+_84220622.23-P1,3866
Nrros_+_32165464.23-P1P2,3864
Snap25_+_136713495.23-P1P2,3863
Gria4_+_4796223.23-P1P2,3862
Gpx3_+_54902960.23-P1P2,3862
Sirt5_-_43365707.23-P1P2,3861
Ube3a_-_59228865.23-P1P2,3861
Vegfa_+_46032367.23-P1P2,3861
Ang_-_51091157.23-P2,3861
Il2_-_37125972.23-P1P2,3861
Sema6b_+_56140347.23-P1,3859
Pax6_-_105682547.23-P2,3859
C9_-_6445390.23-P1P2,3859
Map2k6_+_110399180.23-P1P2,3858
Gsn_-_35256478.23-P1,3854
Tnr_-_159737597.23-ENSMUST00000111669.3,3854
Fzd2_-_102604446.23-P1P2,3853
Afg3l2_-_67448946.23-P1P2,3852
Dnah9_+_66168436.23-P1P2,3851
Prkcb_+_122289719.23-P1P2,3850
Znhit3_-_84916275.23-P1P2,3850
Mpz_+_171155569.23-P1P2,3849
Sema3c_-_17574782.23-P1P2,3848
Fzd10_+_128600844.23-P1P2,3847
Cst3_-_148875367.23-P1P2,3847
Cox5b_+_36691796.23-P1P2,3846
Sacs_+_61173073.23-P1P2,3846
Slc25a38_-_120114994.23-P2,3846
Dtymk_+_93801902.23-P1P2,3845
Psmb3_-_97703521.23-P1P2,3844
Gpx6_+_21312279.23-P1P2,3843
Pcyt2_+_120617843.23-P1P2,3843
Atg14_+_47568388.23-P1P2,3842
Afg3l2_-_67448959.23-P1P2,3839
Atp5b_+_128083321.23-P1P2,3838
Slc1a2_-_102706483.23-ENSMUST00000111212.1,3838
Slc17a6_-_51622112.23-P1P2,3838
Stx1a_-_135041244.23-P2,3836
Sepsecs_+_52669678.23-P1P2,3836
Ppp3r1_-_17159357.23-P1P2,3835
Ftl1_-_45459889.23-P1P2,3835
Fgfr4_-_55152827.23-P1P2,3835
Psmc3_-_91054331.23-P1P2,3835
Plxna4_+_32588178.23-P1P2,3834
Pik3r5_+_68432116.23-P1P2,3833
Fzd8_+_9213023.23-ENSMUST00000041080.5,3833
Pvalb_-_78206351.23-P1,3833
Erlin1_+_44069768.23-P1P2,3832
Bcl2l1_-_152830460.23-P1,3831
Igf1_+_87859311.23-P1,3829
Iba57_-_59163713.23-P1P2,3828
Slc18a1_+_69089139.23-P1,3828
Csf1_+_107760098.23-P1P2,3828
Gba_+_89202920.23-P1P2,3827
Optn_+_5064052.23-P1P2,3826
Ndufb5_+_32737052.23-P1P2,3825
Hspa8_-_40802627.23-P2,3823
Gosr1_+_76763558.23-P1P2,3822
Notch1_+_26503800.23-P1P2,3822
Dnajc13_+_104262886.23-P1P2,3821
Cox7a2_+_79759634.23-P1P2,3821
Pnp_-_50944551.23-P1P2,3819
Reep1_+_71707932.23-P1P2,3818
Cox7c_-_86046789.23-P1P2,3818
Aars2_+_45506896.23-P1P2,3818
Ndrg1_-_66969528.23-P1P2,3817
Apex2_+_150588096.23-P1P2,3817
Khdrbs1_-_129742237.23-P1P2,3817
Spg11_-_122118298.23-P1P2,3816
Vps13d_-_144974551.23-ENSMUST00000097796.2,3816
Casp9_-_141793871.23-P1P2,3814
Epg5_-_77938502.23-P1P2,3812
Dicer1_+_104751853.23-P1P2,3811
Ins2_+_142699530.23-P2,3809
Oprd1_-_132144365.23-P1P2,3809
Rhoa_+_108306459.23-P1P2,3807
Cln8_-_14889037.23-P1P2,3805
Anxa1_+_20390610.23-P1P2,3805
Nfkb1_-_135691424.23-P1P2,3805
Arsa_-_89476119.23-P1P2,3802
Btn1a1_-_23465857.23-P1P2,3799
Camk2a_-_60925690.23-P1P2,3799
Slc25a4_+_46210996.23-P1P2,3798
Oxr1_-_41789018.23-ENSMUST00000170127.1,3797
Dtymk_+_93801863.23-P1P2,3796
Uqcrfs1_-_30545325.23-P1P2,3796
Gpr37_+_25689462.23-P1P2,3796
Farsb_-_78488815.23-P1P2,3795
Actr10_-_70937982.23-P1P2,3795
Ighmbp2_-_3282772.23-P1P2,3794
non-targeting_00253,3793
Map2k7_-_4238873.23-P1P2,3791
Atp1a1_+_101604654.23-P1P2,3791
Ina_+_47014705.23-P1P2,3789
Cp_+_19957326.23-P1P2,3789
Dkk1_+_30549476.23-P1P2,3788
Sncb_+_54766494.23-P1P2,3787
Dntt_-_41029409.23-P1P2,3787
Arl6ip1_-_118129580.23-P1P2,3787
Ppt1_-_122836278.23-P1P2,3786
Nrtn_-_56757489.23-P1P2,3785
Cfl2_+_54862737.23-P1P2,3783
Cd200r1_-_44765853.23-P1P2,3782
Dync1h1_-_110601670.23-P1P2,3781
Cav1_+_17307836.23-P1,3781
Sepsecs_-_52669692.23-P1P2,3781
Dnajc3_+_118937960.23-P1P2,3780
Tdp1_+_99884563.23-P1P2,3780
Pde8b_+_95250248.23-P1,3780
Gabarap_-_69991671.23-P1P2,3780
2410137M14Rik_+_36981173.23-P1P2,3778
Mcu_-_59616659.23-P1P2,3778
Hsd17b10_+_152001878.23-P1P2,3775
Cln3_-_126583330.23-P1P2,3772
Sirt5_+_43365531.23-P1P2,3772
Dkk2_+_132085382.23-P1P2,3771
Ndufb9_+_58933828.23-P1P2,3771
Acox1_-_116198811.23-P1P2,3771
Slc6a4_-_77009331.23-P1,3770
Ndufc2_+_97400141.23-P1P2,3768
Psmb7_+_38643895.23-P1P2,3766
Tjp1_-_65371239.23-P1P2,3766
Npc2_-_84772871.23-P1P2,3766
Htr1a_+_105444080.23-P1P2,3765
Sacs_-_61173039.23-P1P2,3765
Trip4_-_65908727.23-P2,3765
Ung_+_114131296.23-P1P2,3765
Ndufa7_-_33824679.23-P1P2,3765
Shh_-_28467016.23-P1P2,3764
Ppargc1a_+_51553890.23-P1P2,3763
Sptbn2_+_4711187.23-P1P2,3763
Tfrc_+_32609204.23-P1P2,3763
Jag1_-_137116220.23-P1P2,3763
Tnf_+_35201975.23-P1P2,3762
Smpd1_+_105554507.23-P1P2,3762
Cyc1_+_76343589.23-P1P2,3762
Morc2a_-_3649520.23-P1P2,3761
Actr10_-_70937916.23-P1P2,3761
Ang5_+_43957240.23-P1P2,3761
Sugp1_+_70043221.23-P1P2,3761
Htra1_+_130936371.23-P1P2,3760
Fshr_+_89200662.23-P1P2,3760
Gad2_+_22622562.23-P1P2,3757
Tbk1_+_121586744.23-P1P2,3757
Cox4i1_-_120668324.23-P1P2,3757
Neurod1_+_79456630.23-P1P2,3755
Cyp2d22_-_82380198.23-P1P2,3755
Farsb_-_78488789.23-P1P2,3755
Apex1_+_50924989.23-P1P2,3754
Hspa1b_-_34959125.23-P1P2,3754
Mrc1_+_14229446.23-P1P2,3754
Apex1_+_50925037.23-P1P2,3753
Ptprc_+_138175105.23-P1P2,3753
Slc25a38_+_120114963.23-P2,3752
Cd200r4_-_44811824.23-P1P2,3750
Cpn1_+_43986489.23-P1P2,3750
Ndrg2_+_51913315.23-P1P2,3749
Psmb1_-_15498241.23-P1P2,3748
Msc_-_14755873.23-P1P2,3748
Zfp46_+_136286133.23-P2,3748
Pax6_-_105682804.23-P2,3747
Zfp78_-_6363375.23-P1P2,3746
Bcl6_-_23988342.23-P1P2,3744
Bak1_+_27028554.23-P1P2,3744
Dcx_+_143933059.23-P1P2,3743
Fgf1_+_38918641.23-P1P2,3742
Lrsam1_+_32961588.23-P1P2,3742
non-targeting_02739,3741
Folr1_-_101870664.23-P1,3741
Abhd16a_+_35089258.23-P1P2,3741
Fzd2_-_102604422.23-P1P2,3740
Dnali1_-_125065599.23-P1P2,3740
Dnah14_+_181741048.23-ENSMUST00000160345.1,3739
Pak3_+_143518544.23-P2,3739
Aga_+_53511836.23-P1P2,3739
Gemin4_+_76243510.23-P2,3736
Atxn1l_+_109737754.23-P1P2,3736
Scn11a_-_119825450.23-P1P2,3735
Gdap1_-_17145482.23-P1P2,3733
Eif2b2_-_85219548.23-P1P2,3730
Cyp7b1_-_18243276.23-P1P2,3729
Aldh18a1_+_40588367.23-P1P2,3728
Timm8a1_-_134541803.23-P1P2,3727
Zap70_+_36761885.23-P1P2,3725
Smurf2_+_106920669.23-P1P2,3725
Apoe_-_19698146.23-P1P2,3725
Klc4_+_46645074.23-P1P2,3724
Apc_-_34247721.23-P2,3723
Pla2g5_-_138819208.23-P1P2,3723
Psmd4_+_95042523.23-P1P2,3722
Kif5b_-_6241497.23-P1P2,3721
Klf4_+_55532465.23-P1P2,3721
Inf2_-_112604178.23-P2,3721
Tcerg1_-_42511529.23-P1P2,3721
Wdr45_-_7722314.23-P1P2,3718
Bad_+_6941952.23-P1P2,3717
Ascc1_+_60002881.23-P1P2,3717
Slc5a7_-_54298655.23-P1P2,3714
Pkd2_+_104459634.23-P1P2,3714
Stub1_+_25832942.23-P1P2,3713
Prkar1b_-_139129409.23-P1P2,3713
Ndufs4_+_114388049.23-P1P2,3712
Ppp5c_+_17027831.23-P1P2,3712
Serpina3k_-_104338402.23-P1P2,3711
Sbf1_+_89315215.23-P1P2,3711
Fas_+_34290738.23-P1P2,3710
Csf2_+_54249613.23-P1P2,3710
Sv2a_+_96181257.23-P1P2,3708
Uqcrc1_+_108936728.23-P1P2,3707
Nudt1_-_140331971.23-P1P2,3707
Ptges_-_30903203.23-P1,3707
Dio2_-_90738804.23-P1P2,3707
Nos3_-_24364827.23-P1P2,3706
Sigmar1_+_41741086.23-P1P2,3705
Psma5_-_108257314.23-P1P2,3704
Eno2_-_124769474.23-P1P2,3704
Gtf2h1_-_46796151.23-P1P2,3704
Psma6_-_55399083.23-P1P2,3701
Cyp7b1_+_18243264.23-P1P2,3701
Cd200r2_+_44867291.23-P1P2,3700
Hsd17b6_+_128007578.23-P1P2,3700
Zfyve27_-_42170610.23-P1P2,3699
Pak3_-_143518720.23-P2,3699
Kif5c_+_49619639.23-P1P2,3698
Rtn4_+_29693060.23-P1P2,3698
Scp2_-_108118556.23-ENSMUST00000030340.8,3696
Fis1_-_136962140.23-P1,3696
Gpx7_-_108406691.23-P1P2,3694
Smpd1_-_105554622.23-P1P2,3693
Tubb3_+_123411571.23-P1P2,3692
Eif4g2_+_111081521.23-P2,3692
Srsf7_-_80207259.23-P1P2,3692
Phex_-_157415057.23-P1P2,3691
Dagla_+_10304853.23-P1P2,3690
Renbp_-_73930770.23-P1P2,3689
Slc52a3_+_151996539.23-P1,3689
Ptbp2_+_119783171.23-P1P2,3688
Wnt5b_+_119544253.23-P1P2,3687
Dnajc10_-_80315783.23-P1P2,3686
Tyrp1_-_80834419.23-P1P2,3685
Hsd17b6_-_128007565.23-P1P2,3685
Psmc5_-_106256193.23-P1P2,3685
Ift57_+_49699498.23-P1P2,3683
Dlg4_+_70018452.23-P1,3683
Apex2_+_150587891.23-P1P2,3683
Trex1_+_109059170.23-P1P2,3683
Entpd1_+_40660068.23-P1P2,3682
Kl_-_150952684.23-P1P2,3682
Src_-_157424318.23-P1P2,3681
Dvl3_-_20517067.23-P1P2,3681
Hspd1_-_55087788.23-P1P2,3678
Csnk2a2_-_95488751.23-P1P2,3678
1700013F07Rik_+_108537609.23-P1P2,3677
Grin2a_+_9994996.23-P1P2,3676
Dnah10_+_124725339.23-P1P2,3675
Dnah9_-_66168279.23-P1P2,3674
Cyp2d12_+_82555468.23-P1P2,3672
Rtn2_-_19282731.23-P2,3671
Ubb_-_62551514.23-P1P2,3666
Mcu_-_59616581.23-P1P2,3664
Taf1_+_101532868.23-P1P2,3664
Dyrk1a_+_94569681.23-P1P2,3664
Bcl6_-_23988577.23-P1P2,3663
Ccnf_+_24251323.23-P1P2,3662
Tfcp2_+_100551908.23-P1P2,3660
Fggy_+_95557513.23-P1,3660
Bicd2_-_49341814.23-P1P2,3659
Kif5c_-_49619318.23-P1P2,3658
Afg3l2_+_67449146.23-P1P2,3656
Mfn2_-_147904639.23-P1P2,3656
Gdap1_-_17145400.23-P1P2,3656
Bdnf_+_109693634.23-P1P2,3655
Trpv4_+_114658331.23-P1P2,3655
Tat_-_109990481.23-P1P2,3655
App_+_85173670.23-P1P2,3653
Crp_-_172698286.23-P1P2,3653
Hspa9_+_34954115.23-P1P2,3651
Plcb4_-_135741886.23-ENSMUST00000110109.1,3651
Sorl1_-_42124063.23-P1P2,3651
Lmx1b_-_33640812.23-P1P2,3651
Hip1_-_135545081.23-P1P2,3650
Prdm8_-_98181279.23-P1P2,3647
Elavl3_-_22051938.23-P1P2,3646
Aars2_-_45506891.23-P1P2,3646
Gsn_+_35282469.23-P2,3645
Msra_-_64440868.23-P1P2,3645
Cacna1s_-_136052833.23-P1P2,3644
Polr3b_-_84622563.23-P1P2,3644
Gabarap_+_69991681.23-P1P2,3644
Fxn_+_24280548.23-P1P2,3643
Ap4m1_+_138172218.23-P1P2,3643
Tmx2_-_84677835.23-P1P2,3641
Rab7_-_88045085.23-P1P2,3640
Dctn3_+_41723103.23-P1P2,3639
Dnmt1_-_20952431.23-P1P2,3639
"Kcnma1_+_23803228.23-ENSMUST00000172099.2,ENSMUST00000074983.6",3639
Atp5e_+_174463992.23-P1P2,3637
Trap1_+_4077807.23-P1P2,3637
Hdac1_-_129542689.23-P1P2,3637
Rb1_-_73325779.23-P1P2,3635
Casp8_-_58795415.23-P1P2,3634
Crat_+_30415468.23-P1P2,3633
Wnt7a_+_91410882.23-P1P2,3632
Ube2v1_-_167631950.23-P1P2,3631
Ocln_-_100552581.23-P1P2,3631
F2rl3_+_72761876.23-P1P2,3630
Gdap2_+_100162501.23-P1P2,3630
Pik3ca_+_32397663.23-P1P2,3630
Psmd2_-_20651719.23-P1P2,3629
Aqp1_+_55336461.23-P1P2,3628
Chchd2_+_129886958.23-P1P2,3627
Nes_+_87971085.23-P1P2,3627
Hspa4_-_53300405.23-P1P2,3625
Mapk1_+_16983480.23-P1P2,3624
Wnt16_-_22288310.23-P1P2,3624
Gstm7_-_107931672.23-P1P2,3623
Chat_+_32460845.23-P1,3623
Hk1_+_62340120.23-P1P2,3622
Slc39a14_+_70350967.23-P1P2,3622
Tuba1b_+_98934446.23-P1P2,3622
Wwox_+_114439724.23-P1P2,3621
Wnt9a_-_59306983.23-P1P2,3621
Atxn2l_-_126503351.23-P1P2,3620
Grin2b_-_136172123.23-P1P2,3620
Fzd2_-_102604649.23-P1P2,3619
Braf_+_39725291.23-P1P2,3616
Tomm40l_+_171222250.23-P1P2,3616
Ngf_-_102470136.23-P1P2,3616
Klc3_+_19399712.23-P1,3616
Clp1_-_84727212.23-P1P2,3616
Srrm2_-_23803243.23-P1P2,3615
Il13ra1_+_36112176.23-P1P2,3615
Tmem63c_-_87026560.23-P1P2,3613
Cd44_-_102901435.23-P1P2,3612
Vrk1_+_106010349.23-P1P2,3612
non-targeting_02238,3611
Htra2_-_83054341.23-P1P2,3609
Zfyve27_-_42170636.23-P1P2,3609
Setx_-_29125230.23-P1P2,3608
Hsf1_-_76477449.23-P1P2,3608
Cdc42_-_137357598.23-P1P2,3608
Pnkp_+_44857397.23-P1P2,3607
Disc1_-_125054110.23-P1P2,3606
Slc9a5_-_105348228.23-P1P2,3606
Tmem184b_+_79403248.23-P1P2,3604
Ramp2_+_101246422.23-P1P2,3604
Pick1_+_79229401.23-P1P2,3603
Prps1_-_140456630.23-P1P2,3601
Tlr2_+_83841518.23-P1P2,3601
Tdp1_-_99884556.23-P1P2,3600
Lrrk2_-_91673302.23-P1P2,3600
Cyc1_-_76343539.23-P1P2,3599
Vip_-_5639264.23-P1P2,3599
Slc1a2_-_102706517.23-ENSMUST00000111212.1,3598
Axin2_-_108920851.23-P1P2,3598
Tnfrsf1a_+_125349827.23-P1P2,3598
Dnal1_+_84114391.23-P1P2,3596
Wfs1_+_36988893.23-P1P2,3594
Cox5a_+_57521305.23-P1P2,3592
Wfs1_+_36988955.23-P1P2,3590
Lmna_-_88503236.23-P1P2,3588
Sgk1_-_21994292.23-P1P2,3588
Maoa_+_16619858.23-P1P2,3587
Lsm2_+_34981878.23-P1P2,3587
Tyrobp_+_30413854.23-P1P2,3586
Dctn3_+_41723126.23-P1P2,3586
Hcrt_+_100762905.23-P1P2,3585
Zfp629_-_127615187.23-P1P2,3585
Slc2a1_-_119108781.23-P1P2,3584
Grin2c_+_115267060.23-P1P2,3584
Ndufa6_-_82354039.23-P1P2,3584
Wnt2_-_18030329.23-P1P2,3584
Dbh_+_27165539.23-P1P2,3580
Cln6_-_62838859.23-P1P2,3579
Samd9l_+_3399326.23-P1P2,3578
Tgm6_-_130123364.23-P1P2,3574
Cpt1c_+_44974728.23-P1P2,3574
Rasgrf1_+_89909928.23-P1P2,3574
Ano10_-_122294370.23-P1P2,3574
Fgf1_-_38918616.23-P1P2,3573
Kif20b_-_34922623.23-P1P2,3573
Plcb2_-_118728347.23-P1P2,3572
Kidins220_-_24974966.23-P1P2,3571
Grin2b_+_136172089.23-P1P2,3571
Cycs_+_50566535.23-P1P2,3571
Mpv17_+_31154179.23-P1P2,3570
Vapb_+_173737591.23-P1P2,3570
Wnt11_+_98838983.23-P2,3567
Stip1_+_7039934.23-P1P2,3567
Sptlc1_+_53377345.23-P1P2,3566
Eif2b1_+_124579002.23-P1P2,3565
Tubb4a_-_57087546.23-P1P2,3564
Calm2_+_87447009.23-ENSMUST00000040440.6,3562
Cdca5_-_6085140.23-P1P2,3562
Csf2_-_54249555.23-P1P2,3562
Dlg4_+_70024020.23-P2,3561
Vcam1_+_116129387.23-P1P2,3560
Atg13_+_91710519.23-P1P2,3559
Tpp2_+_43934072.23-P1P2,3559
H2-M11_-_36547125.23-ENSMUST00000041964.6,3558
Ndufa4l2_-_127515001.23-P1P2,3558
Tmem175_-_108629900.23-P1P2,3558
Psmb7_-_38643874.23-P1P2,3557
A2m_-_121636252.23-P1P2,3556
Abl1_-_31688573.23-P1P2,3556
Tpp1_+_105752151.23-P1P2,3556
Serpina3a_+_104113015.23-P1P2,3555
Tbk1_+_121586718.23-P1P2,3555
Psen1_-_83688223.23-P1P2,3554
Padi2_-_140924342.23-P2,3552
Ak4_+_101419709.23-P1P2,3552
Sqstm1_+_50202808.23-P2,3548
Tlr2_+_83841514.23-P1P2,3547
Mtdh_+_34082893.23-P1P2,3547
Atp6ap2_+_12587852.23-P1P2,3547
S100a10_+_93555390.23-P1P2,3547
Prdm12_+_31639804.23-P1P2,3546
Casp7_+_56397286.23-P1P2,3543
Atn1_+_124756647.23-P1P2,3542
Cox6b1_-_30625860.23-P1P2,3542
Lyst_-_13590493.23-P1P2,3541
Pcna_-_132253186.23-P1P2,3541
Pklr_+_89136159.23-P1P2,3541
Clcc1_+_108653943.23-P1P2,3540
Eif2b2_+_85219543.23-P1P2,3537
Uqcr10_+_4704106.23-P1P2,3537
Spg7_+_123065839.23-P1P2,3537
Hpdl_-_116821475.23-P1P2,3536
Dhtkd1_-_5942744.23-P1P2,3535
Exosc8_+_54735020.23-P1P2,3534
Wnt3_+_103774274.23-P1P2,3533
Camk2a_+_60925698.23-P1P2,3533
Ireb2_-_54863867.23-P1P2,3532
Cox6b2_-_4753046.23-P1P2,3531
Tubb4b_-_25224403.23-P1P2,3530
Exosc8_+_54734996.23-P1P2,3529
Psmd8_+_29180631.23-P1P2,3528
Dvl1_-_155847482.23-P1P2,3528
Gsk3a_+_25237652.23-P1P2,3527
Ppid_+_79591453.23-P1P2,3527
Gfap_-_102897097.23-P1P2,3526
Gria2_+_80802695.23-P1P2,3526
Maneal_+_124862226.23-P1P2,3525
Esr2_+_76177006.23-P1P2,3524
Morc2a_+_3649586.23-P1P2,3524
Exosc3_+_45320614.23-P1P2,3524
Ang4_-_51773247.23-P1P2,3523
Itm2b_-_73385223.23-P1,3523
Adrm1_-_180171639.23-P1P2,3523
Bean1_+_104170616.23-P1P2,3522
Dvl1_+_155847508.23-P1P2,3521
Itpr3_+_27057380.23-P1P2,3520
Slc18a2_-_59260972.23-P1P2,3520
Hdac6_+_7947761.23-P1P2,3517
Wnt7a_-_91411317.23-P1P2,3517
Aptx_-_40702951.23-P1P2,3515
Tfg_+_56717220.23-P1P2,3515
Ddit3_-_127290891.23-P1P2,3513
Map3k10_+_27674535.23-P1P2,3510
Letm1_+_33782581.23-P1P2,3509
Eif4g2_+_111082974.23-P1,3509
Spg21_+_65461019.23-P1P2,3508
Tspo_-_83563662.23-P1P2,3507
Cisd2_+_135423384.23-P1P2,3507
Atr_-_95857728.23-P1P2,3506
Msra_-_64440837.23-P1P2,3505
Mapk14_-_28691446.23-P1P2,3505
Tppp3_+_105471368.23-P1P2,3505
Synj1_+_91010961.23-P1P2,3505
Acsbg1_-_54661623.23-P1P2,3504
Ttc19_-_62281498.23-P1P2,3504
Pmpca_-_26389412.23-P1P2,3504
Zfp78_-_6363363.23-P1P2,3503
Optn_-_5064000.23-P1P2,3502
Lmnb1_+_56707934.23-P1P2,3502
Ndufb10_+_24724350.23-P1P2,3502
Kat5_-_5609957.23-P1P2,3500
Hspa5_-_34772127.23-P1P2,3500
Exosc9_+_36552697.23-P1P2,3499
Ptbp2_+_119783216.23-P1P2,3499
Tuba1c_+_99030523.23-P1P2,3499
Pvalb_-_78206340.23-P1,3498
Rab5a_-_53479326.23-P1P2,3496
Wnt8b_+_44493529.23-P1P2,3496
Ppp3cc_-_70289425.23-P1P2,3495
Ang_+_51096831.23-P1,3491
Gpx3_+_54903158.23-P1P2,3488
Vwa3b_+_37153869.23-P1P2,3487
Prdx3_+_60874463.23-P1P2,3486
Vim_+_13574315.23-P1P2,3485
App_+_85173639.23-P1P2,3484
Chmp2b_-_65562691.23-P1P2,3483
Cd40lg_+_57212182.23-P1P2,3482
Vps41_-_18717321.23-P1P2,3481
Tpo_-_30132580.23-P1P2,3480
Apoa1_-_46228733.23-P1P2,3480
Ace_+_105968014.23-P1P2,3480
Nlrp3_-_59541852.23-P1,3478
Lingo1_+_56634969.23-P1P2,3478
Gpx3_-_54902930.23-P1P2,3476
Rab8a_+_72161422.23-P1P2,3476
Hspb1_-_135888009.23-P1P2,3476
Cacna1f_-_7607164.23-P1P2,3475
Fgf2_+_37348439.23-ENSMUST00000038885.3,3475
Atn1_-_124756716.23-P1P2,3475
Tead1_+_112679442.23-P1P2,3473
Gpx4_-_80053641.23-P1P2,3473
non-targeting_00957,3472
Reep2_+_34840696.23-P1P2,3471
Srrm2_-_23803263.23-P1P2,3471
Inf2_-_112588846.23-P1,3471
Elp3_-_65593051.23-P1P2,3469
Atp6ap2_-_12587848.23-P1P2,3467
Calb2_+_110168191.23-P1P2,3467
Metrn_+_25796867.23-P1P2,3465
Nhlrc1_-_47014827.23-P1P2,3465
Reep1_-_71707884.23-P1P2,3465
Chchd2_+_129887044.23-P1P2,3463
Elovl4_-_83806210.23-P1P2,3463
Fars2_+_36118214.23-P1P2,3463
Galc_+_98259307.23-P1P2,3462
Erbb4_+_69108559.23-P1P2,3462
Socs3_-_117969157.23-P1P2,3462
Ndufb3_-_58586836.23-P1P2,3462
Ppid_+_79591447.23-P1P2,3461
Ace_+_105968023.23-P1P2,3461
Nefl_+_68083898.23-P1P2,3460
Cd55_+_130462445.23-P1P2,3459
Glb1_-_114401167.23-P1P2,3459
Slc1a3_-_8710195.23-P1P2,3458
Ano10_+_122294194.23-P1P2,3458
Slc1a1_-_28835132.23-P1P2,3455
Tat_-_109990472.23-P1P2,3455
Crp_+_172698102.23-P1P2,3454
Cox7a2_-_79759510.23-P1P2,3453
Camk2b_+_6065133.23-P1P2,3452
Sort1_+_108284193.23-P1P2,3450
Tmem230_-_132247773.23-P1P2,3447
Btn1a1_+_23465850.23-P1P2,3447
Cln5_+_103070323.23-P1P2,3446
Cnr1_-_33924712.23-P1P2,3445
Angpt4_-_151911266.23-P1P2,3444
Mapk11_+_89149586.23-P1P2,3442
Prkcg_+_3303560.23-P1P2,3440
Homer1_+_93304139.23-P1P2,3440
Slc18a2_-_59260947.23-P1P2,3439
Snca_-_60828800.23-P1P2,3437
Cox6c_-_35937926.23-P1P2,3434
Tppp_+_74009457.23-P1P2,3433
Esr2_+_76177247.23-P1P2,3431
Nr4a2_-_57114907.23-P1,3430
Psmd4_-_95042368.23-P1P2,3430
Sdha_+_74350147.23-P1P2,3429
non-targeting_03178,3428
Tmx2_-_84677841.23-P1P2,3428
Tfg_+_56717132.23-P1P2,3427
Cox4i2_+_152754399.23-P1P2,3425
Ang_+_51091141.23-P2,3425
Exosc8_+_54735017.23-P1P2,3425
Dkk1_+_30549542.23-P1P2,3422
non-targeting_02573,3422
Hspa8_-_40801353.23-P1,3421
Serpina3i_-_104263129.23-P1P2,3420
Rmdn3_-_119156935.23-P1P2,3419
Map3k10_-_27674531.23-P1P2,3417
Map2k5_+_63377633.23-P1P2,3417
Dnah2_-_69549111.23-ENSMUST00000108659.1,3415
Endou_-_97730910.23-P2,3415
Gusb_+_130002860.23-P1P2,3413
Slc52a3_+_151999926.23-P2,3412
Lsm2_+_34981917.23-P1P2,3411
Ndufc2_-_97400099.23-P1P2,3410
Vps13d_-_144974581.23-ENSMUST00000097796.2,3410
H2-M10.5_+_36773381.23-ENSMUST00000041531.6,3409
2810006K23Rik_+_124328190.23-P1P2,3407
Slc44a1_+_53440510.23-P1P2,3407
Ampd2_-_108085356.23-P2,3406
Ptpn13_+_103425303.23-P1P2,3406
Dlg4_+_70023934.23-P2,3405
Slc30a10_-_185455132.23-P1P2,3405
Dpp6_+_27261987.23-P1,3404
Psen1_-_83688178.23-P1P2,3403
Dbn1_-_55488013.23-P1P2,3403
Nop56_-_130274476.23-P1P2,3402
Psmd2_-_20651783.23-P1P2,3402
Cacna1f_+_7607371.23-P1P2,3401
Sugp1_+_70043104.23-P1P2,3401
Dtymk_-_93801843.23-P1P2,3401
Hk1_-_62340082.23-P1P2,3398
Ndufs8_+_3912670.23-P1P2,3398
Cyp27a1_-_74713765.23-P1P2,3398
Rmdn1_+_19575249.23-P1P2,3397
Sdha_+_74350144.23-P1P2,3397
Mpp1_-_75130928.23-P1P2,3397
Psma5_+_108257041.23-P1P2,3396
Als2_-_59237059.23-P1P2,3396
Sdf4_-_155993317.23-P1P2,3395
Pmp2_+_10197144.23-P1P2,3394
Uqcr10_+_4704155.23-P1P2,3393
non-targeting_04174,3392
Echs1_-_140116386.23-P1P2,3391
Optn_-_5064022.23-P1P2,3390
Cyp2d11_-_82394046.23-ENSMUST00000170255.1,3389
Atg12_-_46741565.23-P1P2,3389
Optn_-_5063987.23-P1P2,3388
Casp9_+_141793852.23-P1P2,3386
Anxa5_-_36475606.23-P1P2,3386
Gemin4_-_76217491.23-P1,3385
Uchl4_+_64235186.23-ENSMUST00000039011.3,3384
Cat_+_103484919.23-P1P2,3383
Fam83e_+_45721249.23-P1P2,3382
Mapk9_-_49846815.23-P1P2,3381
Cdc27_-_104550098.23-P1P2,3380
Ndufs2_-_171237334.23-P2,3380
Txn1_-_57956273.23-P1P2,3378
Junb_+_84978675.23-P1P2,3378
Pum1_-_130663431.23-P1P2,3377
Vdac2_-_21831552.23-P1P2,3374
Sdhc_+_171150376.23-P1P2,3374
Uqcr10_+_4704318.23-P1P2,3373
Ywhag_-_135934547.23-P1P2,3373
Grm5_-_87584504.23-P1P2,3372
Slc25a38_+_120110461.23-P1,3372
Pnp2_-_50956186.23-P1P2,3372
Ap4m1_-_138172144.23-P1P2,3370
Cfdp1_+_111854231.23-P1P2,3370
Lsm2_+_34981904.23-P1P2,3370
Atrip_+_109074090.23-P1P2,3370
Zbtb20_-_43621307.23-P1P2,3368
non-targeting_03403,3368
Clu_-_65968688.23-P1,3367
Bean1_+_104170585.23-P1P2,3366
Scn8a_+_100870978.23-P1P2,3366
Cxcl13_+_95956955.23-P1P2,3365
Prps1_+_140456667.23-P1P2,3364
Actr1b_-_36709913.23-P1P2,3364
Tomm40_-_19715196.23-P1P2,3364
Pin1_+_20652200.23-P1P2,3364
Dnm2_-_21424948.23-P1P2,3363
Mapk12_+_89140624.23-P1P2,3359
Dbh_-_27165594.23-P1P2,3357
Gad2_+_22622551.23-P1P2,3356
Slc52a3_+_151996618.23-P1,3356
Cox7b2_-_71548214.23-P1P2,3355
Pawr_-_108332159.23-P1P2,3354
Bscl2_+_8840582.23-P1,3353
non-targeting_04076,3353
Abca7_-_79996552.23-P1P2,3352
Gle1_+_29935497.23-P1P2,3351
Atxn2l_-_126503338.23-P1P2,3350
Plcg1_+_160731287.23-P1P2,3350
Nlrp3_+_59542763.23-P2,3349
Cd200r2_+_44867282.23-P1P2,3349
Ndufa3_+_3617574.23-P1P2,3348
Pvalb_+_78203804.23-P2,3346
Fzd9_+_135251127.23-P1P2,3346
Atg7_-_114643164.23-P1P2,3346
Atf4_-_80255475.23-P1P2,3342
Ndufa2_+_36744513.23-P1P2,3342
Hes3_-_152291629.23-P1P2,3342
Ndufc1_+_51408948.23-P1P2,3342
Canx_-_50325574.23-P1P2,3342
Cant1_+_118418963.23-P1P2,3341
Pde9a_-_31386256.23-P1P2,3340
Cox6c_-_35938001.23-P1P2,3340
Ocln_+_100552210.23-P1P2,3340
Klk6_-_43824553.23-P1P2,3338
Cant1_-_118418899.23-P1P2,3337
Abcb6_+_75180268.23-P1P2,3335
Dctn2_+_127266381.23-P1P2,3334
Hspa1a_+_34971632.23-P1P2,3332
Dlst_+_85110903.23-P1P2,3332
Chrm1_+_8664151.23-P1P2,3332
Coch_-_51593419.23-P1P2,3330
Sorl1_-_42124077.23-P1P2,3330
Bak1_-_27028524.23-P1P2,3330
Pgp_-_24470502.23-P1P2,3329
Atl1_-_69893294.23-P1P2,3328
Tfeb_-_47737146.23-P1P2,3328
Uba1_-_20658476.23-P2,3327
Pank2_-_131262807.23-P1P2,3327
Eef2_+_81176665.23-P1,3327
Mapk1_-_16983454.23-P1P2,3327
Serpina3b_-_104128012.23-P1P2,3325
Araf_-_20848601.23-P1P2,3325
Calml3_-_3804271.23-P1P2,3324
Egr2_+_67535580.23-P2,3324
Atg12_+_46741794.23-P1P2,3324
H2-M1_-_36671975.23-P1P2,3323
Ampd2_-_108085335.23-P2,3322
Il4_+_53618602.23-P1P2,3321
Nlrp3_-_59542710.23-P2,3320
Wnt10b_+_98778569.23-P1P2,3319
Rab11a_-_64737681.23-P1P2,3318
Cln8_-_14888921.23-P1P2,3318
Serpina3i_-_104263171.23-P1P2,3318
Mnat1_-_73123954.23-P1P2,3316
Ppp3r2_-_49681990.23-P1P2,3313
Cdc27_-_104550495.23-P1P2,3312
Rbms3_-_117252457.23-P1P2,3311
Pvalb_-_78203958.23-P2,3307
Wfs1_-_36989155.23-P1P2,3307
non-targeting_01065,3306
Wnt9b_-_103749695.23-P1P2,3306
Ftl1_+_45458985.23-P1P2,3305
Atp5j_+_84834844.23-P1P2,3304
Dlg4_+_70018459.23-P1,3304
Khdrbs1_+_129742267.23-P1P2,3302
Il15_-_82403023.23-P1P2,3301
Zbtb20_-_43621503.23-P1P2,3301
Ccr2_+_124102169.23-P1P2,3298
Psen1_+_83688161.23-P1P2,3298
Casp7_+_56397257.23-P1P2,3298
Ccdc88c_-_101028860.23-P1P2,3295
Kctd7_+_130145149.23-P1P2,3295
Gpx8_-_113046354.23-P1P2,3295
Uqcrc1_-_108936724.23-P1P2,3294
Cp_-_19957276.23-P1P2,3294
Chp1_+_119547788.23-P1P2,3292
Acbd5_-_23069144.23-P1P2,3292
Ctrl_+_105933660.23-P1P2,3288
Mme_-_63300260.23-P1,3286
Ndufb6_+_40279328.23-P1P2,3285
Itpr2_+_146502121.23-P1P2,3284
Vcam1_-_116129237.23-P1P2,3284
Slc12a6_-_112265811.23-P1P2,3283
Pde4a_+_21196782.23-P1,3282
Hsd17b10_-_152001916.23-P1P2,3282
Atp2a1_+_126463084.23-P1P2,3280
Psap_+_60277740.23-P1P2,3280
App_+_85173690.23-P1P2,3279
Mpp1_-_75130934.23-P1P2,3278
Elavl2_+_91376432.23-P1P2,3278
Ndufb9_+_58933853.23-P1P2,3277
Ndufb6_+_40279304.23-P1P2,3276
Atxn2l_-_126503354.23-P1P2,3276
Sh3tc2_+_61953056.23-P1P2,3276
Kcne3_-_100178771.23-P1,3276
Apc2_-_80301051.23-P1,3276
Vamp1_+_125231325.23-P2,3276
Ndufb9_-_58933840.23-P1P2,3275
Atp2a2_-_122502154.23-P1P2,3274
Sema6b_-_56140332.23-P1,3273
Pqbp1_-_7899027.23-P1P2,3273
Ap4m1_-_138172377.23-P1P2,3271
Atp5g3_+_73911240.23-P1P2,3270
Mapk11_+_89149444.23-P1P2,3270
Itpr1_-_108213293.23-P1P2,3268
Grin2d_-_45870885.23-P2,3266
Dvl3_+_20517133.23-P1P2,3265
Psap_+_60277749.23-P1P2,3265
Timp3_+_86300612.23-P1P2,3261
Dnah7a_-_53706787.23-P1P2,3258
Nanog_-_122707642.23-P1P2,3258
Il1a_-_129309912.23-P1P2,3254
Cox6a2_-_128206307.23-P1P2,3253
Rab7_+_88045180.23-P1P2,3253
Cdk11b_-_155624915.23-P1P2,3252
Mtmr2_-_13749479.23-P1P2,3250
Clcn2_+_20716073.23-P1,3248
Blvra_+_127080531.23-P2,3244
Adap1_+_139325470.23-P1P2,3243
Ren1_+_133350723.23-P1P2,3241
Tmem240_-_155734879.23-P1P2,3241
Ndufb7_-_83566824.23-P1P2,3240
Mpp1_-_75130931.23-P1P2,3240
Igfals_-_24878803.23-P1P2,3239
Itpr1_-_108213226.23-P1P2,3239
Vamp1_+_125231267.23-P2,3239
Zap70_-_36761874.23-P1P2,3237
Nefl_+_68083919.23-P1P2,3236
Uba7_+_107975637.23-P1,3236
Pak3_+_143664454.23-P1,3234
Sema4a_+_88455369.23-P1P2,3232
Dicer1_+_104751870.23-P1P2,3231
Ube2l3_+_17201287.23-P1P2,3231
Uqcr11_-_80406536.23-P1P2,3230
Kcna1_+_126645774.23-P1P2,3230
Plcb4_+_135805768.23-ENSMUST00000035646.4,3229
Pnpt1_+_29130792.23-P1P2,3225
Lmnb1_+_56708007.23-P1P2,3225
Als2_-_59237256.23-P1P2,3224
non-targeting_01274,3224
Sqstm1_-_50210775.23-P1,3221
Csnk2b_+_35121203.23-P1P2,3220
Rgs10_-_128418136.23-P1P2,3219
Gstm2_-_107986400.23-P1P2,3219
Gigyf2_-_87327062.23-P1P2,3218
Nlrp3_-_59541842.23-P1,3217
Ddhd1_-_45657869.23-P1P2,3216
Plcg1_+_160731723.23-P1P2,3214
A2m_-_121636240.23-P1P2,3212
Dlg4_+_70018470.23-P1,3212
Wnt11_-_98835140.23-P1,3212
non-targeting_03431,3211
Slc52a3_-_151999938.23-P2,3210
1600014C10Rik_+_38183929.23-P1P2,3210
Tubb4a_-_57087557.23-P1P2,3209
Mmp3_+_7445863.23-P1P2,3207
Srr_-_74925660.23-P1P2,3207
Csnk2a1_+_152226599.23-P1P2,3206
Atl1_+_69893307.23-P1P2,3206
Apcs_-_172895002.23-P1P2,3205
Sirt7_+_120624958.23-P1P2,3203
Unc80_-_66468018.23-P1P2,3202
Clcn2_-_20717708.23-P2,3201
Pmp22_-_63131591.23-P1,3200
Syn1_+_20920896.23-P1P2,3198
Tnf_+_35201985.23-P1P2,3196
Klc4_+_46645063.23-P1P2,3195
Uchl1_+_66676474.23-P1P2,3194
Mapt_+_104231574.23-P1P2,3192
Dnah5_+_28203806.23-P1P2,3191
Canx_+_50325599.23-P1P2,3190
Kynu_-_43555429.23-P1P2,3190
Slc5a6_+_31048170.23-P1P2,3189
Adrm1_+_180171649.23-P1P2,3188
Sncaip_+_52768278.23-P1P2,3188
Psma7_-_180042356.23-P1P2,3187
Stub1_+_25832888.23-P1P2,3185
Pmp22_+_63133135.23-P2,3184
Trpm7_+_126876173.23-P1P2,3182
Zfp46_+_136284743.23-P1,3181
Ubb_-_62551733.23-P1P2,3180
Ndufa7_+_33824729.23-P1P2,3180
Ephb2_+_136835953.23-P1P2,3179
Kif5c_+_49619365.23-P1P2,3179
Il18_-_50554946.23-P1P2,3179
Sgsm3_-_80977850.23-P1P2,3177
Epg5_-_77938495.23-P1P2,3176
Slc17a7_+_45164141.23-P1P2,3176
Fggy_+_95557792.23-P1,3175
Serpina1b_-_103827673.23-P1P2,3175
Tpp1_+_105752156.23-P1P2,3173
Nup62_-_44816385.23-P1P2,3173
Sox2_+_34650085.23-P1P2,3173
Smpd1_-_105554477.23-P1P2,3172
Psmc1_-_100110387.23-P1P2,3170
Cox6c_+_35937932.23-P1P2,3170
Nup62_-_44816410.23-P1P2,3169
Fzd1_+_4757928.23-P1P2,3168
Mmp14_-_54431812.23-P1P2,3167
"Kcnma1_+_23803209.23-ENSMUST00000172099.2,ENSMUST00000074983.6",3166
Tyrobp_+_30413793.23-P1P2,3165
Scp2_-_108118594.23-ENSMUST00000030340.8,3165
Txnip_+_96557967.23-P1P2,3165
Klk6_-_43824562.23-P1P2,3165
Camk2b_-_6065328.23-P1P2,3164
Aaas_-_102350651.23-P1P2,3164
Il6_-_30013425.23-P1P2,3161
Map3k11_+_5689813.23-P1,3160
non-targeting_04036,3159
Agrn_+_156185990.23-P2,3157
Abca7_-_79996525.23-P1P2,3157
Gigyf2_-_87327102.23-P1P2,3154
non-targeting_02828,3153
Calb1_-_15881289.23-P1P2,3152
Aif1_+_35172425.23-P1P2,3151
Ywhaq_+_21417569.23-P1P2,3150
Rpgr_+_10216659.23-P1P2,3146
Dnm2_-_21424991.23-P1P2,3145
Tfrc_+_32609065.23-P1P2,3145
Cd40lg_-_57212310.23-P1P2,3143
Htr2a_-_74641160.23-P1P2,3142
Asah1_+_41374601.23-P1P2,3142
Cln8_+_14888901.23-P1P2,3140
Sqstm1_-_50202926.23-P2,3140
Ampd2_-_108086371.23-P1,3139
Map1b_+_99516527.23-P1P2,3137
Erlin1_+_44069713.23-P1P2,3136
Abcb1a_+_8660259.23-P1P2,3135
Nox1_+_134111731.23-P1P2,3134
Pmp22_+_63133161.23-P2,3131
Dntt_+_41029399.23-P1P2,3131
Endou_-_97720907.23-P1,3130
Klk6_-_43824625.23-P1P2,3130
Rbm8a_-_96630177.23-P1P2,3130
Spg11_+_122118350.23-P1P2,3129
Stmn1_+_134468379.23-P1,3129
Hexa_+_59539721.23-P1P2,3128
Gm7030_-_36129105.23-P1P2,3123
Ryr2_-_12106598.23-P1P2,3123
Atg5_+_44268530.23-P1P2,3122
Fos_+_85473878.23-P1P2,3119
Acsbg1_+_54661686.23-P1P2,3118
Cnr2_-_135895531.23-P1,3118
Itgam_-_128062778.23-P1P2,3118
Sirt7_+_120624955.23-P1P2,3114
Prkra_+_76647966.23-P1P2,3114
Dntt_-_41029488.23-P1P2,3112
Ywhaq_+_21417536.23-P1P2,3112
Blvra_+_127080500.23-P2,3112
Rab11a_-_64737645.23-P1P2,3111
Zbtb20_-_43621351.23-P1P2,3111
Fzd1_+_4757967.23-P1P2,3108
Ptprc_+_138175267.23-P1P2,3108
Psma5_+_108257404.23-P1P2,3107
Aga_-_53511807.23-P1P2,3107
Map2k2_-_81106008.23-P1P2,3106
Myd88_-_119339944.23-P1P2,3106
Bscl2_+_8837469.23-P2,3105
Scn11a_+_119825277.23-P1P2,3104
Mapk14_+_28691490.23-P1P2,3103
Camk2g_-_20794006.23-P1P2,3102
Apoe_-_19698125.23-P1P2,3101
Ppt2_+_34627382.23-P1P2,3096
Apoe_+_19698977.23-P1P2,3096
Nedd4_+_72662441.23-P1P2,3095
Prph_+_99055180.23-P1P2,3095
Eif4g2_-_111081551.23-P2,3094
Hip1_+_135544863.23-P1P2,3094
Erbb2_+_98412578.23-P1P2,3094
Nipa1_-_56019506.23-P1P2,3093
Cln5_+_103070320.23-P1P2,3093
Dnajc13_+_104262871.23-P1P2,3092
Ppara_+_85735855.23-P1P2,3092
Slc17a5_-_78587960.23-P1P2,3092
Ube2j2_-_155944249.23-P1P2,3091
Iba57_-_59163709.23-P1P2,3091
Pin1rt1_+_104716163.23-ENSMUST00000099659.2,3091
Mcoln1_-_3500552.23-P1P2,3091
Htr2a_+_74640916.23-P1P2,3090
Eif2ak3_-_70844618.23-P1P2,3089
Vps41_-_18717362.23-P1P2,3088
Th_-_142899930.23-P1P2,3088
Lamc2_+_153186350.23-P1P2,3087
Prkcg_+_3303557.23-P1P2,3086
Erbb4_+_69108529.23-P1P2,3085
Pmp22_+_63131525.23-P1,3085
Wnt11_+_98835137.23-P1,3084
Kcnc3_+_44590682.23-ENSMUST00000107907.2,3084
Wipi2_-_142629591.23-P1P2,3083
Rab8a_+_72161714.23-P1P2,3083
Csf2_+_54249610.23-P1P2,3082
Atp5g3_-_73911259.23-P1P2,3078
Mtor_-_148448604.23-P1P2,3077
Nqo1_-_107403170.23-P1P2,3077
Ntf3_+_126166713.23-P2,3076
Arhgef5_-_43265892.23-P1P2,3076
Uchl4_-_64235230.23-ENSMUST00000039011.3,3076
Fth1_+_9982714.23-P1P2,3076
Apc2_-_80301072.23-P1,3076
Psmb5_-_54617716.23-P1P2,3074
Pomc_-_3954956.23-P1P2,3072
Lmnb2_-_80918194.23-P1P2,3070
Gja6_-_160906915.23-P1P2,3070
H2-M10.3_+_36367925.23-ENSMUST00000073546.3,3068
Jag1_+_137116424.23-P1P2,3068
Srr_+_74925662.23-P1P2,3064
Ndufs4_-_114387846.23-P1P2,3064
Il1a_+_129309919.23-P1P2,3063
Hspb8_-_116422804.23-P1P2,3062
Aqp4_+_15403598.23-P1P2,3062
Wnt7b_+_85577869.23-P2,3060
Ndufs1_-_63176673.23-P1P2,3059
Ndufa9_-_126849101.23-P1P2,3059
Dctn6_+_34108393.23-P1P2,3057
Sh3tc2_+_61953080.23-P1P2,3056
Ifng_+_118441129.23-P1P2,3056
Fzd1_+_4757964.23-P1P2,3055
Pank1_+_34877834.23-P1P2,3054
Fyn_-_39369817.23-P1P2,3053
Pla2g5_-_138819106.23-P1P2,3052
Scarb2_-_92505346.23-P1P2,3050
Calml3_-_3804323.23-P1P2,3050
Serpina3a_-_104112931.23-P1P2,3049
Hdac9_+_34528840.23-P1P2,3049
Ndufs5_+_123718111.23-P1P2,3047
Sgcg_+_61258388.23-P1P2,3047
Tmem230_+_132247535.23-P1P2,3046
Sox3_+_60893401.23-P1P2,3044
Stx1a_+_135023603.23-P1,3043
Abcd1_+_73716795.23-P1P2,3041
Cd44_-_102901422.23-P1P2,3039
Dpysl2_-_66868575.23-P1P2,3037
Dnah7c_+_46609005.23-ENSMUST00000178395.1,3035
non-targeting_01886,3035
Pik3cd_-_149698556.23-P1P2,3034
Inf2_+_112604159.23-P2,3034
Hap1_-_100356006.23-P1P2,3033
Ap4m1_-_138172147.23-P1P2,3033
Jph3_+_121730344.23-P1P2,3032
Atr_-_95857693.23-P1P2,3029
Grin2b_-_136172179.23-P1P2,3027
Psmb4_+_94886904.23-P1P2,3026
Ptpn13_+_103425281.23-P1P2,3025
Gba2_+_43578854.23-P1P2,3024
Rasgrf1_+_89910304.23-P1P2,3024
Mapk12_+_89140657.23-P1P2,3023
Cav1_-_17306495.23-P2,3023
Csnk2b_-_35121231.23-P1P2,3021
Pgp_-_24470512.23-P1P2,3020
Casp9_-_141793835.23-P1P2,3014
Epha4_+_77515027.23-P1P2,3013
Ppp3ca_-_136670237.23-P1P2,3012
Casp1_-_5298719.23-P1P2,3012
Ndufa4_+_11907383.23-P1P2,3012
Plcb1_+_134786271.23-P1P2,3011
C9_-_6445381.23-P1P2,3010
Cdk11b_-_155624941.23-P1P2,3010
Nlrp3_-_59541603.23-P1,3009
Rbm8a_-_96630396.23-P1P2,3008
Exosc1_-_41933005.23-P1P2,3008
Dnah8_+_30624404.23-ENSMUST00000170651.1,3008
Exosc9_+_36552680.23-P1P2,3007
Atf4_+_80255491.23-P1P2,3006
Tank_-_61593177.23-P1,3006
Coch_+_51593444.23-P1P2,3004
H2-M10.1_-_36326123.23-ENSMUST00000025322.7,3003
Clcn6_+_148038773.23-P1P2,3003
Wnt6_+_74771974.23-P1P2,3003
Nrtn_-_56757433.23-P1P2,3001
Dnajc13_+_104262895.23-P1P2,3001
Trap1_+_4077784.23-P1P2,2998
Sox2_+_34650273.23-P1P2,2997
Cbs_-_31637172.23-P1P2,2996
Chp1_+_119547792.23-P1P2,2995
Serpina3c_+_104153849.23-P1P2,2995
Prickle2_-_92706151.23-P1,2994
Gch1_-_47189391.23-P1P2,2994
Sgcg_-_61258404.23-P1P2,2992
Tbce_+_14039547.23-P1P2,2987
Tango2_+_18343902.23-P1P2,2987
Ighmbp2_+_3282959.23-P1P2,2986
Mecp2_+_74085617.23-P1P2,2986
Rela_+_5637873.23-P1P2,2986
Psmb6_-_70525392.23-P1P2,2985
Mtmr2_-_13749240.23-P1P2,2985
Atp2a1_+_126463089.23-P1P2,2984
Dlst_+_85110934.23-P1P2,2983
Mul1_-_138434737.23-P1P2,2981
Epo_+_137533188.23-P1P2,2980
Nhlrc2_-_56548479.23-P1P2,2980
Rtn2_+_19282846.23-P2,2978
Dnah2_-_69549021.23-ENSMUST00000108659.1,2976
Psma2_+_14613328.23-P1P2,2976
Fmr1_-_68678662.23-P1P2,2975
Nos2_+_78920899.23-P1P2,2972
Calb2_+_110168143.23-P1P2,2971
Fth1_-_9982920.23-P1P2,2970
Rbfox3_+_118909491.23-P1P2,2968
Fggy_-_95579522.23-P2,2966
Reep1_-_71707887.23-P1P2,2960
Nox4_-_87246862.23-P1P2,2960
Ampd2_+_108086617.23-P1,2959
Pla2g1b_+_115466267.23-P1P2,2959
Gsk3b_+_38089539.23-P1P2,2959
Rbm8a_-_96630162.23-P1P2,2958
Kat2b_-_53567034.23-P1P2,2955
Vps35_+_85299505.23-P1P2,2952
Serpina3n_-_104406806.23-P1P2,2952
Gsn_+_35282437.23-P2,2949
Sepsecs_-_52669682.23-P1P2,2948
Slc6a4_-_77009531.23-P1,2947
Psma7_-_180042350.23-P1P2,2945
Txnip_-_96557981.23-P1P2,2944
Pik3ca_-_32397339.23-P1P2,2944
Hmgb1_-_149051226.23-P2,2943
Pla2g6_-_79328124.23-P1P2,2942
Vamp1_+_125215591.23-P1,2941
Casp1_-_5298723.23-P1P2,2939
Gabarapl1_-_129533274.23-P1P2,2934
Cyp2d22_-_82380107.23-P1P2,2933
Letm1_-_33782702.23-P1P2,2931
Xrcc1_+_24547204.23-P1P2,2929
Hes3_+_152291378.23-P1P2,2929
Dnm1l_+_16358923.23-P1P2,2929
Sdf4_-_155993344.23-P1P2,2929
Pgp_-_24470483.23-P1P2,2927
Dio2_+_90738694.23-P1P2,2926
Ids_+_70365003.23-P1P2,2925
Tor1a_-_30967859.23-P1P2,2924
Tmem184b_+_79403235.23-P1P2,2923
Gle1_-_29935465.23-P1P2,2922
Dicer1_-_104752052.23-P1P2,2921
Gosr1_+_76763518.23-P1P2,2920
Lyst_-_13590496.23-P1P2,2914
Atl1_-_69893287.23-P1P2,2914
Nop56_-_130274696.23-P1P2,2913
"Calcoco2_-_96111980.23-ENSMUST00000068686.6,ENSMUST00000097162.5",2911
Dctn3_+_41723123.23-P1P2,2910
Mcoln1_-_3500519.23-P1P2,2909
Csnk2b_-_35121236.23-P1P2,2909
Renbp_+_73930815.23-P1P2,2905
Ang6_+_44002193.23-ENSMUST00000096869.2,2902
Gja6_-_160907001.23-P1P2,2899
Maf_-_115707752.23-P1P2,2899
Grin2d_-_45866614.23-P1,2897
Trp53_-_69580446.23-P1P2,2896
Aicda_-_122553872.23-P1P2,2895
Socs3_-_117969097.23-P1P2,2894
Gsk3a_+_25237754.23-P1P2,2892
Ryr3_-_113217000.23-P1P2,2891
Maoa_-_16619904.23-P1P2,2889
Mpz_+_171155541.23-P1P2,2889
Dctn2_+_127266384.23-P1P2,2886
Ndufs4_+_114388008.23-P1P2,2886
Tsen2_-_115544721.23-P1P2,2886
Sema6b_+_56140344.23-P1,2885
Camk2a_+_60925656.23-P1P2,2882
Rtn4_-_29692997.23-P1P2,2881
Eef2_-_81176779.23-P1,2880
Atrip_+_109074095.23-P1P2,2879
Sncg_+_34374632.23-P1P2,2879
Ung_-_114131242.23-P1P2,2878
Vcam1_-_116129418.23-P1P2,2878
Foxo1_-_52268407.23-P1P2,2877
Fam168b_+_34842976.23-P1P2,2877
Lgi1_-_38264864.23-P1P2,2876
Psmb5_+_54617742.23-P1P2,2876
Vdac2_+_21831558.23-P1P2,2874
Ddhd2_-_25754351.23-P1P2,2872
Rab7_+_88045183.23-P1P2,2869
Ndufs8_+_3912708.23-P1P2,2866
Pik3cd_-_149698542.23-P1P2,2864
Anxa1_-_20390673.23-P1P2,2862
Sucla2_-_73552813.23-P1P2,2861
Dhtkd1_-_5942739.23-P1P2,2860
Slc33a1_+_63964554.23-P1P2,2859
Dkk1_+_30549479.23-P1P2,2859
Cfdp1_-_111854313.23-P1P2,2859
Aimp1_+_132683804.23-P1P2,2857
Mars2_+_55237276.23-P1P2,2857
Cyp2d11_+_82393535.23-ENSMUST00000170255.1,2856
Mmp14_-_54431683.23-P1P2,2856
Ralgps2_-_156939560.23-P1P2,2855
Supt3_+_44777372.23-P1P2,2855
Gabarapl1_+_129533245.23-P1P2,2852
"Kcnma1_+_23803243.23-ENSMUST00000172099.2,ENSMUST00000074983.6",2851
Vps13c_+_67840467.23-P1P2,2851
Kynu_-_43555621.23-P1P2,2849
Pclo_-_14515001.23-P1P2,2848
Gdap2_-_100162691.23-P1P2,2847
non-targeting_00488,2844
Slc25a5_-_36796073.23-P1P2,2844
Lmna_-_88503151.23-P1P2,2844
Ppp2r2b_+_43059144.23-ENSMUST00000025377.7,2843
Echs1_-_140116331.23-P1P2,2842
Eif2s2_+_154892838.23-P1P2,2842
Csnk1a1_-_61555315.23-P1P2,2841
Folr1_-_101870723.23-P1,2840
Lcn2_-_32387685.23-P1P2,2836
Mapk13_+_28769392.23-P1P2,2835
Apoe_+_19699036.23-P1P2,2831
Atg13_+_91710526.23-P1P2,2830
Msh2_-_87672577.23-P1P2,2829
Ccl3_-_83649173.23-P1P2,2826
Ctnnb1_+_120933480.23-P1P2,2814
Hexb_-_97198070.23-P1P2,2813
Chl1_+_103511373.23-P1P2,2812
Ano10_-_122294367.23-P1P2,2810
Rpgrip1_-_52110978.23-P1P2,2810
Clp1_+_84727216.23-P1P2,2806
Zfp46_+_136284739.23-P1,2803
Tubb2b_+_34130334.23-P1P2,2798
Stub1_+_25832891.23-P1P2,2797
Prx_-_27499344.23-P1,2790
Egr1_+_34861242.23-P1P2,2789
Ids_-_70364829.23-P1P2,2788
Parp1_-_180569260.23-P1P2,2788
Tbce_-_14039618.23-P1P2,2787
Morc2b_+_33139609.23-P1P2,2787
Fzd4_-_89404391.23-P1P2,2785
Fis1_+_136953272.23-P2,2783
Ndufb5_+_32737140.23-P1P2,2782
Ywhae_+_75732989.23-P1P2,2780
Dcaf8_-_172148146.23-P1P2,2780
Rbm8a_-_96630379.23-P1P2,2775
Pno1_+_17211487.23-P1P2,2774
Maf_-_115707748.23-P1P2,2774
Uqcr11_+_80406476.23-P1P2,2773
Ndufb2_-_39592635.23-P1P2,2771
Btn1a1_-_23465644.23-P1P2,2767
Sepsecs_+_52669666.23-P1P2,2762
Nefl_+_68083888.23-P1P2,2761
Kdm1a_+_136602659.23-P1P2,2758
Sv2a_+_96181243.23-P1P2,2757
Kl_+_150952936.23-P1P2,2757
Cacna1d_+_30353492.23-P1P2,2757
Grm5_+_87584422.23-P1P2,2756
Aaas_-_102350610.23-P1P2,2754
Nefh_-_4947935.23-P1P2,2754
Pax6_+_105668973.23-P1,2754
Tlr2_-_83841523.23-P1P2,2748
Gapdh_+_125165257.23-P1P2,2746
Khdrbs1_-_129742203.23-P1P2,2741
Trp53_-_69580449.23-P1P2,2740
Atp5j_+_84834847.23-P1P2,2739
Kif1c_+_70700357.23-P1P2,2739
Calml4_+_62858135.23-P1P2,2737
Blzf1_+_164307249.23-P1P2,2736
Wwox_-_114439896.23-P1P2,2734
Serpina3a_-_104112927.23-P1P2,2733
Cryab_+_50753247.23-P1P2,2728
Rtn2_-_19282673.23-P2,2727
Fshr_+_89200659.23-P1P2,2724
Vps53_-_76179613.23-P1P2,2723
Uqcrh_-_116074868.23-P1P2,2722
Hes3_-_152291592.23-P1P2,2722
Pik3r5_+_68432198.23-P1P2,2720
C9_+_6445428.23-P1P2,2720
Atxn10_+_85336257.23-P1P2,2720
Timm8a1_-_134541882.23-P1P2,2720
Ube2v1_-_167631953.23-P1P2,2719
Gsk3b_+_38089532.23-P1P2,2717
Exosc8_+_54734999.23-P1P2,2712
Stx1a_+_135041368.23-P2,2712
Sptan1_-_29965701.23-P1P2,2710
Dnmt1_+_20952825.23-P1P2,2710
Pik3r5_+_68432172.23-P1P2,2709
Padi4_+_140774212.23-P1,2705
Tubal3_-_3924718.23-P1P2,2705
Tia1_-_86404314.23-P1P2,2703
Bcl2_-_106714248.23-P1P2,2699
Bak1_-_27028514.23-P1P2,2698
Aimp1_-_132683800.23-P1P2,2695
Nr4a2_+_57114897.23-P1,2694
Coch_+_51593438.23-P1P2,2692
Trrap_-_144768321.23-P1P2,2692
Alg14_+_121291808.23-P1P2,2690
Hspb3_+_113663522.23-P1P2,2688
Mak16_-_31168712.23-P1P2,2686
Xbp1_+_5521034.23-P1P2,2684
Fdps_-_89101520.23-P1P2,2683
Plcg1_-_160731303.23-P1P2,2682
Keap1_-_21239265.23-P1P2,2675
Snap25_-_136713505.23-P1P2,2672
Srr_+_74925652.23-P1P2,2670
Mapt_+_104231558.23-P1P2,2668
Clcn2_+_20716018.23-P1,2667
Sptlc2_-_87388218.23-P1P2,2666
Dnah3_-_120095273.23-P1P2,2665
Cyp2d34_+_82620583.23-P1P2,2659
Mrc1_+_14229476.23-P1P2,2657
Rnf170_-_26119725.23-P1P2,2656
Sort1_-_108284168.23-P1P2,2655
Ndufa4l2_+_127515063.23-P1P2,2653
Mad2l1bp_-_46153447.23-P1P2,2653
Myc_-_61985600.23-P1P2,2650
Fasl_+_161788310.23-P1P2,2637
Kpna3_+_61439805.23-P1P2,2636
Wnt3_+_103774199.23-P1P2,2632
Gba2_+_43578824.23-P1P2,2630
Dnajb2_+_75236660.23-P1P2,2627
Scarb2_+_92505303.23-P1P2,2626
Phex_+_157415183.23-P1P2,2624
Mtor_-_148448652.23-P1P2,2622
Il4_-_53618594.23-P1P2,2622
Kcnh4_+_100759460.23-P1P2,2622
Htra2_+_83054434.23-P1P2,2620
Pnkp_-_44857529.23-P1P2,2616
Sv2a_+_96181212.23-P1P2,2616
Zfp106_+_120563817.23-P1P2,2615
Tmem230_+_132247547.23-P1P2,2614
Slc25a38_-_120110420.23-P1,2610
Zfp78_-_6363380.23-P1P2,2610
Daxx_+_33909577.23-P1P2,2606
Kctd7_+_130144960.23-P1P2,2606
Vps13c_-_67840639.23-P1P2,2606
Slc2a1_-_119108879.23-P1P2,2604
H2-T24_-_36020512.23-P1P2,2601
Pomc_-_3954959.23-P1P2,2601
Psmd3_-_98682586.23-P1P2,2598
Gstm1_+_108017727.23-P1P2,2596
Pla2g1b_-_115466324.23-P1P2,2592
Aif1_+_35172605.23-P1P2,2592
Psmd7_-_107588378.23-P1P2,2587
Tac1_+_7555063.23-P1P2,2586
Apex2_+_150588044.23-P1P2,2581
Fig4_+_41303198.23-P1P2,2580
Bace1_+_45838608.23-P1P2,2578
Serpina3i_+_104263359.23-P1P2,2578
Vwa3b_+_37153892.23-P1P2,2576
Fmr1_-_68678785.23-P1P2,2574
Aicda_-_122553856.23-P1P2,2573
Lrrk2_-_91673319.23-P1P2,2573
Sdhd_+_50603782.23-P1P2,2570
Ddhd2_-_25754372.23-P1P2,2570
Mapt_+_104231529.23-P1P2,2566
Pla2g1b_-_115466260.23-P1P2,2566
Slc39a14_+_70351394.23-P1P2,2563
Tubb1_-_174450731.23-P1P2,2563
Th_-_142899941.23-P1P2,2562
Tmed9_-_55593182.23-P1P2,2562
Ubap1_-_41349076.23-P1P2,2560
Agrn_+_156186172.23-P2,2560
Eno2_-_124769533.23-P1P2,2559
Pclo_-_14515027.23-P1P2,2558
Trim2_-_84259728.23-P2,2557
Nedd4_+_72662460.23-P1P2,2556
Klc1_-_111758950.23-P1P2,2556
Scp2_-_108118586.23-ENSMUST00000030340.8,2555
non-targeting_04298,2553
Eif2b1_+_124579018.23-P1P2,2552
Dlg4_+_70023938.23-P2,2552
Elp3_+_65592994.23-P1P2,2551
Notch1_-_26503733.23-P1P2,2550
Ube2j1_+_33031611.23-P1P2,2547
Psmc2_-_21785311.23-P1,2545
Pld3_-_27542736.23-P1,2544
Aptx_+_40703135.23-P1P2,2541
Mrpl3_-_105053294.23-P1P2,2539
Bdnf_+_109693695.23-P1P2,2538
Fmr1_-_68678666.23-P1P2,2538
Ndufa9_-_126849072.23-P1P2,2534
Ube2v1_+_167631999.23-P1P2,2532
Aqp1_-_55336643.23-P1P2,2530
Vps13c_+_67840461.23-P1P2,2527
Ang_-_51091172.23-P2,2526
Alb_-_90460943.23-P1P2,2526
Tnfrsf1b_-_145246805.23-P1P2,2525
Slc52a2_+_76539060.23-P1P2,2524
Dnajc6_-_101508207.23-P1P2,2519
Fgf1_+_38918620.23-P1P2,2516
Dicer1_-_104752034.23-P1P2,2510
Hmgb1_+_149051371.23-P2,2509
Cln3_+_126583363.23-P1P2,2506
Psmd14_-_61711784.23-P1P2,2502
Mmp3_-_7445873.23-P1P2,2501
Igf1_+_87861392.23-P2,2501
Egr1_+_34861258.23-P1P2,2500
Gria1_-_57011741.23-P1P2,2500
Tyrp1_+_80834246.23-P1P2,2498
Rgs10_-_128418146.23-P1P2,2496
Hk1_-_62340158.23-P1P2,2495
Ubap1_-_41349079.23-P1P2,2495
Unc80_-_66467960.23-P1P2,2489
Sox3_-_60893391.23-P1P2,2486
Wnt7b_-_85581893.23-P1,2485
Chchd10_+_75935941.23-P1P2,2485
Dnajc6_+_101508040.23-P1P2,2483
Atxn2_+_121712064.23-P1P2,2480
Sptan1_-_29965714.23-P1P2,2480
Padi4_+_140750527.23-P2,2479
Gad1_+_70562220.23-P1P2,2479
Slc25a5_-_36795919.23-P1P2,2478
Elp3_-_65592855.23-P1P2,2476
Kcnc3_+_44590951.23-ENSMUST00000107906.3,2474
Psmc5_-_106256400.23-P1P2,2471
Plcb1_-_134786218.23-P1P2,2470
Dctn2_+_127266433.23-P1P2,2470
Hspb1_+_135887996.23-P1P2,2468
Rab11a_-_64737669.23-P1P2,2466
Psmd3_+_98682626.23-P1P2,2465
Calb1_-_15881277.23-P1P2,2463
Gcg_+_62483557.23-P1P2,2463
Tuba3b_-_145616089.23-P1P2,2460
Capn2_-_182517402.23-P1P2,2459
Pick1_-_79229416.23-P1P2,2456
Fat2_-_55336552.23-P1P2,2456
Abca1_+_53159837.23-P1P2,2451
Syt1_+_109010835.23-P1P2,2451
Rmdn1_-_19575376.23-P1P2,2448
1700013F07Rik_-_108537570.23-P1P2,2447
Ube3a_+_59228818.23-P1P2,2445
Nfkbia_+_55492309.23-P1P2,2442
Mutyh_-_116807947.23-P1P2,2441
Psmc5_-_106256319.23-P1P2,2439
Wnt3_+_103774251.23-P1P2,2436
Ndufa4l2_-_127515016.23-P1P2,2435
Ramp2_+_101246476.23-P1P2,2432
Scn11a_-_119825400.23-P1P2,2431
Hdac2_+_36974576.23-P1P2,2428
Nox1_-_134111725.23-P1P2,2426
Zfp74_-_29954028.23-P1P2,2425
Maf_+_115707816.23-P1P2,2424
Atp5e_+_174463989.23-P1P2,2424
Lrrk2_+_91673654.23-P1P2,2422
non-targeting_03291,2422
Timp3_+_86300598.23-P1P2,2418
Gm2a_+_55098136.23-P1P2,2415
Vdac3_+_22593567.23-P1P2,2409
Zfp74_-_29954049.23-P1P2,2409
Pla2g1b_+_115466325.23-P1P2,2403
Uqcrb_+_66905117.23-P1P2,2399
Rac1_-_143527986.23-P1P2,2397
Endou_+_97721114.23-P1,2391
Gria4_+_4796023.23-P1P2,2388
Keap1_-_21239229.23-P1P2,2385
Uqcrq_+_53430786.23-P1P2,2383
Itpr2_-_146501982.23-P1P2,2379
Morc2b_+_33139604.23-P1P2,2374
Lsm2_+_34981936.23-P1P2,2365
Ewsr1_+_5099007.23-P1P2,2361
Dab1_-_104367620.23-P1P2,2360
Slc25a4_+_46210972.23-P1P2,2360
Nhlrc1_+_47014772.23-P1P2,2353
Tac1_+_7555305.23-P1P2,2350
Pde10a_-_8801685.23-P1P2,2349
non-targeting_03300,2348
Jag1_-_137116623.23-P1P2,2348
Mpp1_-_75130940.23-P1P2,2347
Sbf1_+_89315231.23-P1P2,2342
Pick1_-_79229473.23-P1P2,2340
Ddit3_-_127290884.23-P1P2,2335
Casp9_+_141794068.23-P1P2,2333
Hsd17b10_+_152001956.23-P1P2,2332
Abhd12_+_150904405.23-P1P2,2330
Aqp1_-_55336478.23-P1P2,2328
Calm3_+_16923933.23-ENSMUST00000019514.9,2324
Itpr3_+_27057388.23-P1P2,2321
Alg14_+_121291749.23-P1P2,2320
Plcb1_-_134786242.23-P1P2,2317
Gm2a_-_55098150.23-P1P2,2316
Gabarapl1_+_129533220.23-P1P2,2308
Slc25a4_+_46210993.23-P1P2,2305
Cd200r3_+_44943756.23-P1P2,2299
Fmr1_-_68678647.23-P1P2,2295
Prickle2_+_92480985.23-P2,2289
Cabin1_-_75764151.23-P1P2,2289
Peg12_-_62464498.23-P1P2,2285
Slc39a14_+_70351333.23-P1P2,2278
Slc26a3_-_31438213.23-P1P2,2274
Lmnb1_+_56707914.23-P1P2,2266
Atxn10_+_85336402.23-P1P2,2265
Igf1_-_87859591.23-P1,2265
Nkx6-2_-_139582773.23-P1P2,2264
Dpp6_+_27262223.23-P1,2263
Lgi1_+_38265012.23-P1P2,2256
Dctn2_+_127266378.23-P1P2,2247
Ube2g1_+_72607488.23-P1P2,2243
Fasl_-_161788306.23-P1P2,2242
Dync1h1_-_110601490.23-P1P2,2238
Ctsf_+_4855183.23-P1P2,2237
Zfp106_+_120563750.23-P1P2,2236
Hdac2_+_36974570.23-P1P2,2236
Ppp3r2_-_49681962.23-P1P2,2233
Ptn_-_36810119.23-P1P2,2233
Hspb3_-_113663559.23-P1P2,2228
Mecp2_-_74085366.23-P1P2,2224
Rab8a_-_72161361.23-P1P2,2221
Kpna3_-_61439863.23-P1P2,2217
Cst3_-_148875423.23-P1P2,2216
Kif1b_+_149307680.23-P1P2,2210
Sema6a_-_47368810.23-P1P2,2207
Prkcb_-_122289236.23-P1P2,2205
Cpt1c_+_44974752.23-P1P2,2201
Cd44_-_102901415.23-P1P2,2197
Psmb6_+_70525435.23-P1P2,2195
Hif1a_+_73908011.23-P1P2,2192
Gcg_+_62483606.23-P1P2,2183
Map2_+_66175358.23-P1,2183
Cd8a_+_71373561.23-P1P2,2180
Cln5_-_103070336.23-P1P2,2176
Atxn2_+_121711911.23-P1P2,2174
Htra2_+_83054431.23-P1P2,2172
Prps1l3_+_57230674.23-P1P2,2167
Brca1_-_101551813.23-P1P2,2165
Map3k10_+_27674551.23-P1P2,2159
Rab11a_-_64737508.23-P1P2,2159
Vim_+_13574365.23-P1P2,2158
Ppp3r1_+_17159384.23-P1P2,2156
Ighmbp2_+_3282993.23-P1P2,2156
Ang4_-_51773244.23-P1P2,2155
Ak4_+_101419719.23-P1P2,2155
Peg12_-_62464475.23-P1P2,2146
Tubal3_-_3924751.23-P1P2,2144
Fgf2_+_37348376.23-ENSMUST00000138563.2,2143
Mrpl3_-_105053302.23-P1P2,2132
Oprd1_+_132144503.23-P1P2,2132
Chat_-_32465827.23-P2,2131
Sptbn2_-_4711530.23-P1P2,2130
Eif4g2_-_111081593.23-P2,2124
Trim2_-_84259715.23-P2,2120
Pmpcb_-_21737183.23-P1P2,2117
Tubb4b_+_25224926.23-P1P2,2109
Cacna1g_-_94474331.23-P1P2,2107
Pnp_-_50944545.23-P1P2,2107
Scp2_-_108118589.23-ENSMUST00000030340.8,2104
Nox1_+_134111728.23-P1P2,2098
Wdr45_-_7722276.23-P1P2,2097
Ftl1_+_45459843.23-P1P2,2091
Map2k6_+_110399147.23-P1P2,2084
Sema4a_+_88455678.23-P1P2,2079
Chat_-_32465811.23-P2,2078
non-targeting_03373,2075
Fbxo38_+_62548616.23-P1P2,2064
Vps53_+_76179574.23-P1P2,2064
Sncg_+_34374495.23-P1P2,2062
Spg21_+_65460987.23-P1P2,2061
Mapk14_-_28691474.23-P1P2,2053
Nhlrc1_+_47014809.23-P1P2,2048
Wdr41_+_94976459.23-P1P2,2030
Kcne3_+_100178743.23-P1,2029
Ndufs8_+_3912676.23-P1P2,2028
Abcb1a_+_8660124.23-P1P2,2005
Cd44_-_102901399.23-P1P2,1996
Pde10a_+_8801837.23-P1P2,1995
Cd8a_-_71373555.23-P1P2,1992
Serpina1a_-_103863505.23-P1P2,1990
Elovl5_+_77917410.23-P1P2,1986
Taf2_+_55072147.23-P1P2,1982
Fis1_+_136962104.23-P1,1980
Rab10_+_3309892.23-P1P2,1976
Pqbp1_-_7899180.23-P1P2,1967
Gap43_-_42340285.23-P1P2,1966
Tsen2_+_115544743.23-P1P2,1965
Sdhd_+_50603736.23-P1P2,1964
Uba1_-_20662963.23-P1,1958
Cav1_+_17307736.23-P1,1957
Casp1_+_5298714.23-P1P2,1953
Txn1_+_57956276.23-P1P2,1949
Polr3b_-_84622424.23-P1P2,1949
Eif2ak3_-_70844621.23-P1P2,1942
Serpina1b_+_103828018.23-P1P2,1941
Dnal1_-_84114381.23-P1P2,1938
Ezh2_+_47594962.23-P1P2,1931
Pgp_-_24470518.23-P1P2,1922
Cacna1g_+_94474027.23-P1P2,1912
Ly6e_+_74955666.23-P1P2,1906
Entpd1_+_40659838.23-P1P2,1904
Slc52a2_-_76538870.23-P1P2,1899
Ptgs2_+_150100318.23-P1P2,1898
Hprt_+_52988171.23-P1P2,1895
Dlg4_+_70018462.23-P1,1893
Ddhd1_+_45658051.23-P1P2,1880
Plcb2_-_118728342.23-P1P2,1877
Ccl3_-_83648981.23-P1P2,1876
Msx2_+_53472687.23-P1P2,1875
Dnah14_+_181741104.23-ENSMUST00000160345.1,1866
Ndufb7_-_83566807.23-P1P2,1864
Hpdl_-_116821481.23-P1P2,1861
non-targeting_03821,1861
Myc_-_61985596.23-P1P2,1855
Psmb1_+_15498231.23-P1P2,1848
Rtn4_-_29693005.23-P1P2,1840
Lamc2_+_153186524.23-P1P2,1838
Egr1_+_34861239.23-P1P2,1836
"Oxr1_+_41789599.23-ENSMUST00000090095.5,ENSMUST00000022918.7",1830
Hspb8_+_116422767.23-P1P2,1830
Cx3cr1_+_120068250.23-P1P2,1827
Grm5_+_87584390.23-P1P2,1824
Tnfrsf1b_+_145246844.23-P1P2,1823
Rab8a_+_72161368.23-P1P2,1820
Cox7b_+_106015735.23-P1P2,1818
non-targeting_01634,1804
Rhoa_+_108306389.23-P1P2,1802
Apoa1_-_46228736.23-P1P2,1800
Exoc2_+_30974040.23-P1P2,1797
Bhlhb9_-_135885952.23-P1P2,1792
Wdr41_+_94976399.23-P1P2,1791
Sucla2_-_73552829.23-P1P2,1783
Spg21_-_65460986.23-P1P2,1766
Ly6e_+_74955731.23-P1P2,1764
Zfp46_+_136284733.23-P1,1744
Bhlhb9_-_135886118.23-P1P2,1740
Rhoa_+_108306386.23-P1P2,1707
Atf4_+_80255517.23-P1P2,1698
non-targeting_04038,1688
Zbtb20_+_43621411.23-P1P2,1679
Grm5_+_87584443.23-P1P2,1676
Abcb1a_-_8660105.23-P1P2,1671
Klf4_-_55532394.23-P1P2,1654
H2-M10.3_-_36368283.23-ENSMUST00000073546.3,1647
Klf4_+_55532420.23-P1P2,1635
Ptgs2_+_150100212.23-P1P2,1626
Fbln5_-_101818813.23-P1P2,1624
Ireb2_+_54863783.23-P1P2,1622
Atxn2l_-_126503293.23-P1P2,1614
Fgf1_+_38918656.23-P1P2,1595
Blzf1_+_164307243.23-P1P2,1577
Hexb_+_97197989.23-P1P2,1575
Hspb8_+_116422712.23-P1P2,1508
Wnt7b_-_85577814.23-P2,1505
Prdm12_+_31639815.23-P1P2,1505
non-targeting_03646,1503
Elovl5_-_77917526.23-P1P2,1480
Maf_+_115707778.23-P1P2,1465
Ywhae_-_75733173.23-P1P2,1460
Dnah7b_-_46066856.23-P1P2,1456
Tubb4a_-_57087587.23-P1P2,1450
Prdm12_+_31639831.23-P1P2,1437
Vdac3_+_22593677.23-P1P2,1431
Oprd1_-_132144457.23-P1P2,1424
Rbms3_+_117252460.23-P1P2,1421
Mcu_-_59616662.23-P1P2,1416
Fbln5_-_101818810.23-P1P2,1407
Tmem63c_+_87026568.23-P1P2,1407
Ndufs5_-_123717910.23-P1P2,1403
Esr2_+_76177127.23-P1P2,1401
Kcnc3_+_44590957.23-ENSMUST00000107906.3,1353
Gap43_-_42340176.23-P1P2,1345
Tdp2_-_24831919.23-P1P2,1342
Uchl4_-_64235216.23-ENSMUST00000039011.3,1329
Mecp2_+_74085609.23-P1P2,1326
Prps1l3_-_57230659.23-P1P2,1230
Hspa4_-_53300423.23-P1P2,1230
Srrm2_-_23803410.23-P1P2,1186
Ube2j2_-_155943906.23-P1P2,1184
Fzd9_+_135251193.23-P1P2,1182
Slc39a14_-_70351328.23-P1P2,1177
Axin2_+_108921045.23-P1P2,1167
Rnf170_-_26119691.23-P1P2,1155
Wnt11_-_98839062.23-P2,1125
Ndufa9_-_126849097.23-P1P2,1013
Map2_+_66175352.23-P1,1007
Wnt2b_-_104961704.23-P1P2,993
Eif2ak3_-_70844809.23-P1P2,986
Dnah7b_-_46066907.23-P1P2,957
Tsn_+_118311165.23-P1P2,948
Smurf2_+_106920694.23-P1P2,940
Psmb5_+_54617981.23-P1P2,780
Atp5j_+_84834829.23-P1P2,734
Msx2_-_53472735.23-P1P2,713
Tsn_+_118311177.23-P1P2,678
Serpina1e_-_103958467.23-P2,627
B4galnt1_-_127165204.23-P1P2,592
Nbr1_+_101552859.23-P1P2,550
Kdm1a_+_136602630.23-P1P2,543
Hdac1_+_129542388.23-P1P2,430
Lrsam1_+_32961582.23-P1P2,311
Rbfox3_+_118909534.23-P1P2,212
Kif1b_+_149307686.23-P1P2,174
Lrp5_-_3686515.23-P1P2,173
Psmb5_+_54617674.23-P1P2,151
