Guide	Gene	Syn1-ND-ctrl-1	Syn1-ND-ctrl-2	Syn1-ND-ctrl-3	Sny1-ND-2M-1-F	Sny1-ND-2M-2-M	Sny1-ND-2M-3-M	Sny1-ND-2M-4-M	Sny1-ND-2M-5-M	Sny1-ND-2M-6-M	Syn1-ND-4M-1-F	Syn1-ND-4M-2-M	Syn1-ND-4M-3-M	Syn1-ND-4M-4-M	Syn1-ND-4M-5-M	Syn1-ND-4M-6-M
Wfs1_-_36989155.23-P1P2	Wfs1	1116	1353	1285	717	479	722	769	645	472	700	623	626	677	644	765
Uchl4_+_64235186.23-ENSMUST00000039011.3	Uchl4	775	988	1162	574	387	545	641	537	470	389	439	617	495	494	678
Mapk1_-_16983451.23-P1P2	Mapk1	1826	2232	2456	1330	856	1085	1229	1180	952	973	996	1170	1164	1155	1329
Fis1_+_136962109.23-P1	Fis1_P1	1221	1466	1198	758	541	796	656	830	714	648	692	803	891	746	812
Hpx_-_105600011.23-P1P2	Hpx	2511	3179	2774	1882	1226	1681	1680	1671	1502	1425	1560	1488	1609	1506	1673
Clcn7_+_25133464.23-P1P2	Clcn7	1375	1797	1754	896	746	983	986	915	699	715	745	936	634	751	878
Coasy_-_101082685.23-P1P2	Coasy	2438	2853	2488	1536	1040	1435	1482	1484	1253	1153	1189	1448	1336	1360	1628
Nqo2_-_33964759.23-P1P2	Nqo2	1100	1366	944	744	543	629	903	651	698	619	622	788	864	661	879
Tubb5_-_35838222.23-P1P2	Tubb5	1514	1914	1502	984	662	888	993	852	705	788	863	839	887	949	1050
Cox6b2_-_4753046.23-P1P2	Cox6b2	955	1298	973	746	494	601	663	599	616	535	506	629	672	524	662
Mrc1_+_14229446.23-P1P2	Mrc1	843	1072	1179	642	470	544	711	585	472	489	490	568	607	549	730
Pum1_-_130663434.23-P1P2	Pum1	1613	1890	1747	1110	770	1015	1025	1007	795	912	889	925	877	849	1119
Mif_+_75860286.23-P1P2	Mif	1600	2147	1869	1060	799	1280	1042	1094	861	976	1075	1062	1100	990	1194
Cybb_-_9469271.23-P1P2	Cybb	1179	1647	1384	895	677	898	881	817	700	620	749	763	812	769	923
Cd8a_+_71373502.23-P1P2	Cd8a	1006	1332	1364	777	405	775	742	725	524	675	649	719	778	704	811
Nfkb1_-_135691424.23-P1P2	Nfkb1	1245	1562	1490	811	621	803	865	767	667	663	730	785	766	753	942
Tfcp2_+_100551946.23-P1P2	Tfcp2	2294	2861	2317	1542	1124	1331	1519	1311	1226	1232	1265	1410	1418	1373	1555
Fzd8_+_9213023.23-ENSMUST00000041080.5	Fzd8	1153	1315	1686	744	470	710	816	769	693	642	709	790	829	726	865
Maneal_-_124862206.23-P1P2	Maneal	1548	1958	1518	1013	573	1027	1019	828	754	862	853	959	856	883	1044
Atp5j_+_84834829.23-P1P2	Atp5j	1449	1880	1791	1048	754	963	1053	973	786	867	950	859	1008	899	1105
Mtor_-_148448637.23-P1P2	Mtor	1442	1879	1606	1051	652	928	961	863	679	790	903	1005	975	976	1131
P4hb_-_120572798.23-P1P2	P4hb	1535	2095	2375	1108	701	1017	1107	1012	960	960	976	1002	1123	1054	1176
Wnt2b_-_104961704.23-P1P2	Wnt2b	2069	2426	2584	1466	904	1287	1231	1180	1086	1082	1244	1202	1282	1167	1464
Mapk10_+_103211231.23-P1P2	Mapk10	2335	2703	2452	1478	1072	1421	1512	1292	1154	1393	1401	1451	1367	1410	1529
Dnah2_-_69549111.23-ENSMUST00000108659.1	Dnah2	928	1052	962	595	433	659	652	682	553	472	503	581	523	599	671
Sst_-_23890781.23-P1P2	Sst	1864	2387	2562	1479	781	992	1261	1232	859	1095	1151	1288	1196	1112	1377
Uqcr10_+_4704103.23-P1P2	Uqcr10	1440	1662	1720	970	546	1018	966	901	793	790	813	940	880	792	974
Cdca5_-_6085128.23-P1P2	Cdca5	1547	1885	1675	1005	562	946	982	867	734	898	925	868	875	853	1071
Actb_-_142906726.23-P1	Actb_P1	2318	2857	2168	1613	1090	1493	1574	1549	1264	1291	1307	1498	1624	1491	1673
Cox7b2_-_71548214.23-P1P2	Cox7b2	961	1219	993	653	423	621	624	493	553	561	540	643	534	586	637
Slc18a1_+_69089139.23-P1	Slc18a1_P1	1154	1297	941	702	337	498	567	513	320	455	422	571	475	507	600
Slc5a6_+_31048170.23-P1P2	Slc5a6	1289	1573	1071	903	498	738	821	815	700	739	675	738	713	717	888
Hprt_+_52988208.23-P1P2	Hprt	1453	1820	1769	1040	511	990	1045	889	701	868	879	793	795	778	1042
Tmem63c_-_87026498.23-P1P2	Tmem63c	1574	1867	1827	873	660	902	896	937	695	931	928	1015	1162	937	1105
Esr2_+_76177127.23-P1P2	Esr2	479	592	563	290	250	312	318	245	244	261	277	287	272	238	310
Dync1h1_+_110601508.23-P1P2	Dync1h1	1245	1498	1715	812	624	850	700	749	529	618	645	824	617	674	819
Gpx7_-_108406719.23-P1P2	Gpx7	1002	1197	1251	775	537	627	572	651	532	595	677	703	722	666	738
Syt14_+_193035621.23-P1P2	Syt14	1510	1898	1828	980	601	1026	1052	875	794	839	816	908	903	873	990
Lrrk2_+_91673244.23-P1P2	Lrrk2	2113	2578	2411	1482	945	1540	1556	1291	1104	1196	1239	1331	1210	1266	1438
Glb1_-_114401167.23-P1P2	Glb1	1044	1332	1059	721	562	623	718	664	586	601	767	548	639	574	683
Sos1_-_80480235.23-P1P2	Sos1	1705	2148	1516	991	782	1039	1142	981	818	988	1029	948	1091	999	1261
Il12a_-_68691592.23-P1P2	Il12a	1883	2425	2346	1197	1023	1099	1307	1130	865	1002	1117	1254	1314	1211	1371
Rgs10_-_128418122.23-P1P2	Rgs10	1456	1904	1638	1004	518	943	838	979	807	765	883	1007	1006	829	1132
Mapk14_+_28691412.23-P1P2	Mapk14	1589	1939	2285	1313	906	1060	1086	1098	1008	978	932	937	1125	1044	1137
Mme_+_63300210.23-P1	Mme_P1	2479	2945	2315	1799	997	1425	1713	1400	1387	1259	1333	1366	1604	1479	1707
Nkx6-2_-_139582773.23-P1P2	Nkx6-2	682	859	953	527	378	483	400	354	312	437	359	477	538	409	465
Gsk3a_+_25237754.23-P1P2	Gsk3a	767	1110	1153	531	416	563	589	572	464	406	510	571	515	525	587
Cd40_+_165055719.23-P1P2	Cd40	1429	1731	1770	951	575	845	925	910	733	849	837	901	962	809	912
Ap5z1_-_142464092.23-P1P2	Ap5z1	1905	2304	1927	1204	825	1162	1158	1213	977	1106	1056	1232	1159	1092	1383
Eif4g2_+_111082954.23-P1	Eif4g2_P1	1366	1724	1741	902	605	788	907	954	692	717	807	855	956	865	942
Csf2_-_54249555.23-P1P2	Csf2	1184	1382	1367	842	516	774	591	704	674	782	640	635	799	735	829
Cox4i2_-_152754547.23-P1P2	Cox4i2	1470	1747	1319	1039	645	783	926	920	758	935	812	910	957	964	1077
Cdk11b_-_155624941.23-P1P2	Cdk11b	1094	1369	1344	673	471	634	664	599	577	551	626	639	549	635	758
non-targeting_00488	non-targeting	841	833	949	611	292	411	465	497	432	440	534	400	450	468	589
Myd88_+_119339984.23-P1P2	Myd88	1682	1847	2228	1110	692	983	959	954	860	945	919	957	961	907	1120
Ccl2_-_82035595.23-P1P2	Ccl2	1327	1649	1372	947	555	780	656	715	631	772	706	752	838	861	925
Itpr3_+_27057380.23-P1P2	Itpr3	1177	1545	1405	771	526	845	793	565	756	721	692	748	700	710	860
Psmd14_-_61711943.23-P1P2	Psmd14	2131	2571	2841	1589	950	1145	1286	1241	1116	1082	1103	1354	1300	1224	1383
Pcsk1n_+_7919942.23-P1P2	Pcsk1n	1889	2134	2439	1108	757	994	1180	1016	905	1012	1029	1123	1090	1008	1289
Eef2_+_81178046.23-P2	Eef2_P2	1583	2062	1756	1084	772	947	896	874	832	925	979	899	933	955	1145
Spast_+_74338970.23-P1P2	Spast	1532	1911	2046	1084	794	857	1062	1105	777	817	806	997	917	944	1080
Hspa8_-_40801478.23-P1	Hspa8_P1	1915	2350	1539	1042	784	1026	1031	998	929	904	884	1117	982	1028	1154
Ppargc1a_+_51553890.23-P1P2	Ppargc1a	980	1235	1255	616	418	681	585	567	478	514	648	671	671	601	677
Ndufc2_-_97400099.23-P1P2	Ndufc2	1085	1245	1190	669	421	688	655	775	599	666	629	592	576	639	808
Grn_-_102430540.23-P1P2	Grn	1219	1465	1341	967	571	730	872	729	668	738	685	783	766	673	938
Atg2a_-_6241772.23-P1P2	Atg2a	1848	2286	2036	1190	870	1426	1229	1065	1050	1042	1074	1192	1208	1204	1395
Atp2a2_-_122502034.23-P1P2	Atp2a2	1673	2172	2521	998	800	1063	1037	921	695	821	630	848	825	1008	983
Aif1_-_35172569.23-P1P2	Aif1	1606	2012	2118	1120	738	1044	1074	1058	996	922	957	1041	1164	982	1183
Cln5_-_103070336.23-P1P2	Cln5	645	839	800	499	310	355	361	336	390	359	332	372	405	363	500
Psma8_-_14706209.23-P1P2	Psma8	1605	1912	1826	1121	681	889	1084	866	869	908	976	910	1027	1003	1058
Jun_+_95051932.23-P1P2	Jun	1817	2154	2001	1271	767	1179	1153	1093	938	1036	989	1078	1296	1104	1163
Polr3b_-_84622563.23-P1P2	Polr3b	1142	1356	1248	414	375	570	469	552	325	424	417	511	417	483	546
Clcn6_-_148038731.23-P1P2	Clcn6	1694	2021	1590	1140	832	1162	1078	1145	871	956	944	1036	1065	1079	1194
Ube2j1_+_33031583.23-P1P2	Ube2j1	1298	1642	1216	955	720	839	868	868	726	785	883	855	902	762	965
Fzd9_+_135251205.23-P1P2	Fzd9	1749	2117	1588	1125	690	1141	1085	945	848	1047	1080	1093	1024	1007	1193
Cdc42_-_137357598.23-P1P2	Cdc42	1088	1265	1266	702	513	706	701	658	490	540	576	676	641	620	737
Adora2b_+_62249034.23-P1P2	Adora2b	1847	2333	2354	1341	845	1234	1341	1140	1011	1067	1079	1177	1200	1081	1360
Pik3cd_-_149698556.23-P1P2	Pik3cd	1039	1226	693	645	519	569	653	716	516	615	605	592	639	593	739
Rmdn2_+_79615339.23-P1P2	Rmdn2	2081	2657	2573	1629	927	1355	1476	1378	1201	1191	1258	1417	1377	1391	1570
C9_-_6445390.23-P1P2	C9	1003	1295	1512	754	480	648	768	691	609	643	653	659	697	719	884
Fgfr4_+_55152874.23-P1P2	Fgfr4	1293	1575	1633	962	640	849	876	709	635	796	739	717	802	732	903
Gm2a_-_55098150.23-P1P2	Gm2a	594	659	666	437	245	471	478	424	257	374	291	379	324	366	455
Sybu_+_44752177.23-P1P2	Sybu	2331	2580	2356	1462	1022	1458	1298	1362	1067	1184	1109	1369	1298	1346	1485
Hexa_+_59539902.23-P1P2	Hexa	1131	1458	1424	971	435	787	687	744	543	695	635	606	724	747	921
Map1b_+_99516471.23-P1P2	Map1b	3169	3887	3726	2236	1568	1999	2179	1993	1860	1826	1849	1858	2040	1937	2186
Apoa1_+_46228782.23-P1P2	Apoa1	2510	3143	2689	1737	1059	1497	1734	1621	1224	1300	1471	1423	1506	1451	1618
Sod2_-_13008004.23-P1P2	Sod2	1821	2262	1951	1215	879	1038	1281	1004	1064	1045	1025	1161	1214	1120	1305
Pmp22_+_63133171.23-P2	Pmp22_P2	1235	1669	1295	1030	601	749	902	756	676	787	827	731	855	834	780
Kif20b_-_34922406.23-P1P2	Kif20b	1742	2074	2239	1096	706	994	1066	939	713	974	925	990	1209	1066	1313
Pak1_-_97843009.23-P1P2	Pak1	3112	4049	3598	2303	1476	2034	2207	1984	1762	1946	1848	1972	2104	1990	2368
Calm2_+_87446852.23-ENSMUST00000040440.6	Calm2	1521	1818	1704	1101	762	842	891	857	870	909	951	883	871	851	1071
Wnt11_-_98835150.23-P1	Wnt11_P1	1318	1746	1220	968	565	863	837	826	728	642	674	791	742	821	876
Ube2j1_-_33031567.23-P1P2	Ube2j1	2393	2832	2866	1535	1103	1415	1508	1465	1234	1296	1368	1311	1315	1328	1559
Trpc3_+_36690132.23-P1P2	Trpc3	1582	1950	1585	1038	741	993	941	1002	785	915	879	951	959	1014	976
Ren1_-_133350719.23-P1P2	Ren1	1445	1723	1708	875	631	897	921	886	680	750	769	926	889	878	1090
Htr2a_+_74640916.23-P1P2	Htr2a	934	1186	1331	590	485	654	646	627	529	598	603	612	688	625	707
Lcn2_-_32387711.23-P1P2	Lcn2	1562	1901	1945	1101	753	870	963	954	818	923	882	904	933	876	1113
Chrm5_-_112480740.23-ENSMUST00000099589.2	Chrm5	1749	1986	1956	1266	826	1063	1020	936	884	894	866	1068	1137	925	1153
Gsn_-_35256679.23-P1	Gsn_P1	1898	2283	2882	1087	843	1207	1190	1024	1017	1173	1282	1220	1164	1127	1476
Elavl3_-_22051808.23-P1P2	Elavl3	2370	2714	3487	1635	1126	1445	1626	1462	1082	1185	1296	1312	1433	1356	1605
Kpna3_-_61439863.23-P1P2	Kpna3	633	808	900	417	255	418	372	332	358	409	379	421	427	413	467
Trip4_-_65908799.23-P2	Trip4_P2	1470	1725	1690	1028	733	975	975	876	694	878	895	971	951	928	1008
Dlst_+_85110888.23-P1P2	Dlst	1926	2427	2024	1233	898	1111	1228	1120	1070	936	1010	1035	1177	1161	1362
Bcl2l1_+_152831650.23-P2	Bcl2l1_P2	1543	1826	1787	1059	542	910	1018	837	800	846	848	876	938	1018	1082
Mfsd8_+_40846646.23-P1P2	Mfsd8	1612	2062	1785	1178	640	1225	1163	866	888	980	924	1031	999	1030	1174
Slc17a5_-_78587975.23-P1P2	Slc17a5	1145	1326	1194	822	518	705	769	712	667	709	723	689	766	800	731
Hspa4_-_53300402.23-P1P2	Hspa4	1323	1614	1453	967	682	733	769	776	792	761	765	896	900	889	930
non-targeting_00635	non-targeting	1365	1782	1648	1027	642	820	955	945	782	803	909	935	1031	857	1019
Fgd4_+_16600017.23-P1P2	Fgd4	1588	2004	2004	1068	724	1250	1145	892	1028	979	963	881	1122	976	1272
Thg1l_+_45955383.23-P1P2	Thg1l	1744	2080	1838	1134	829	1005	1014	973	696	677	733	802	895	890	1034
Tuba1c_+_99030523.23-P1P2	Tuba1c	1119	1316	1138	793	508	753	769	688	539	537	682	603	709	632	808
Dnajc5_+_181520591.23-P1P2	Dnajc5	1441	1847	1539	983	669	1047	1009	884	833	805	894	999	889	903	1080
Txn2_+_77927832.23-P2	Txn2_P2	1724	2105	2168	1159	801	993	1127	1017	1020	947	993	971	1154	1117	1151
Sdhd_+_50603736.23-P1P2	Sdhd	585	732	951	484	302	279	307	431	252	310	332	305	355	351	381
Apbb1_-_105580995.23-P1P2	Apbb1	1282	1522	1378	916	603	692	819	666	633	758	853	748	862	818	985
Pik3cg_+_32208594.23-P1P2	Pik3cg	2856	3662	3543	1991	1335	1822	1883	1677	1512	1526	1596	1654	1811	1694	1980
Atp6ap2_+_12588056.23-P1P2	Atp6ap2	1576	1924	2240	1025	651	1073	890	949	743	869	798	839	969	879	918
Pde10a_-_8801685.23-P1P2	Pde10a	681	892	805	478	314	324	516	491	407	455	444	430	486	475	571
Ndufab1_+_122101829.23-P1P2	Ndufab1	1741	2222	1995	1264	860	1188	1243	1142	989	1006	1014	1106	1166	1099	1315
Dctn3_+_41723126.23-P1P2	Dctn3	1037	1239	992	713	463	796	705	634	459	548	573	751	691	667	695
Fzd5_+_64737680.23-P1P2	Fzd5	2011	2420	2182	1351	838	1173	1424	1072	1217	1101	1164	1167	1319	1180	1429
Gpx3_+_54903158.23-P1P2	Gpx3	973	1286	968	714	420	596	632	546	377	655	651	669	656	638	693
Cnr2_-_135895500.23-P1	Cnr2_P1	1435	1679	1912	1095	671	938	983	894	908	812	860	785	895	846	975
Calml4_-_62858147.23-P1P2	Calml4	1135	1396	1051	855	572	524	809	752	689	565	774	720	681	640	784
Apc2_+_80299164.23-P2	Apc2_P2	1176	1345	948	691	470	743	762	767	566	738	733	716	899	741	881
Dnajc10_+_80315743.23-P1P2	Dnajc10	1470	1862	2212	974	745	908	955	891	712	713	807	853	876	820	1015
Anxa1_-_20390662.23-P1P2	Anxa1	1159	1387	1527	794	472	733	716	735	644	664	555	752	848	709	767
Fshr_+_89200659.23-P1P2	Fshr	708	908	795	676	359	437	431	483	445	428	408	534	501	485	596
Fzd5_+_64737676.23-P1P2	Fzd5	1525	2016	1830	1105	817	1104	1081	1004	747	1031	1030	973	1028	967	1146
Elovl4_-_83806204.23-P1P2	Elovl4	1499	1964	1905	987	666	1115	843	910	752	849	904	918	933	962	1059
Ddit3_-_127290901.23-P1P2	Ddit3	2229	2773	2648	1457	968	1316	1422	1414	1201	1414	1439	1403	1313	1365	1685
Dst_+_34011580.23-P1P2	Dst	2292	2835	2587	1663	1089	1456	1647	1436	1125	1353	1363	1443	1494	1374	1648
Hspb2_-_50752244.23-P1P2	Hspb2	1538	2092	1691	1045	816	973	1118	863	795	1050	1055	935	1015	950	1238
Nanog_-_122707632.23-P1P2	Nanog	1833	2330	2172	1259	926	1226	1281	1183	1154	1001	1086	1090	1087	1099	1298
Hmox1_+_75093858.23-P1P2	Hmox1	1487	2103	1411	1140	639	1074	1092	882	824	864	1018	992	1092	960	1175
Taf15_+_83473105.23-P1P2	Taf15	1465	1825	1684	1032	810	984	832	788	711	845	895	990	841	903	1033
Sacs_+_61173052.23-P1P2	Sacs	1335	1616	1475	954	541	825	844	776	774	804	710	805	714	799	883
Ywhag_-_135934594.23-P1P2	Ywhag	1439	1819	1740	1074	839	972	922	806	778	872	840	931	922	915	990
Sncaip_+_52768281.23-P1P2	Sncaip	1577	1961	2089	1056	677	987	983	847	659	850	765	861	850	901	1123
Hspb3_-_113663607.23-P1P2	Hspb3	1593	1984	2369	1239	748	962	1094	987	880	860	964	969	973	992	1042
Actb_-_142905506.23-P2	Actb_P2	1360	1724	2092	913	702	923	1009	801	788	662	771	851	754	836	989
Tgm2_-_158146313.23-P1P2	Tgm2	2122	2600	2653	1612	1043	1352	1302	1338	1076	1330	1174	1313	1408	1332	1485
Gosr2_+_103697666.23-P1P2	Gosr2	1405	1737	1656	995	602	985	963	811	792	853	831	834	944	829	1063
Gpx4_-_80053796.23-P1P2	Gpx4	2481	2904	2431	1519	1033	1323	1221	1283	985	1177	1150	1353	1206	1272	1560
Mak16_-_31168651.23-P1P2	Mak16	1243	1535	1331	892	534	839	792	758	584	612	629	758	683	678	903
Il10_+_131020096.23-P1P2	Il10	1169	1356	1322	649	418	735	783	739	598	717	677	829	799	825	1017
Ripk1_-_34002482.23-P1P2	Ripk1	1501	1811	1787	942	601	1041	1045	870	697	842	826	937	955	995	1038
Hdac6_+_7947761.23-P1P2	Hdac6	1085	1407	1601	700	615	695	809	662	506	624	652	671	633	664	792
Kif1b_+_149307652.23-P1P2	Kif1b	1228	1506	1276	869	552	651	794	775	526	682	746	706	685	824	925
Bad_+_6941982.23-P1P2	Bad	1159	1362	1221	689	528	718	779	663	617	662	620	887	737	718	833
Mapk12_+_89140627.23-P1P2	Mapk12	2108	2667	2256	1553	946	1332	1431	1283	1234	1006	1207	1208	1347	1438	1702
Calm1_+_100199561.23-P1P2	Calm1	1221	1580	1513	1021	578	730	861	769	721	732	785	873	956	746	947
Tdp2_-_24831706.23-P1P2	Tdp2	1890	2356	2238	1323	857	1210	1188	1069	840	1060	1269	1142	1209	1210	1325
Wnt8b_-_44493522.23-P1P2	Wnt8b	2004	2409	2452	1565	905	1469	1401	1278	1073	1040	1178	1205	1343	1105	1447
Pde8b_+_95250219.23-P1	Pde8b_P1	1617	1996	1403	1143	783	1005	967	822	740	915	944	849	946	1034	1113
Dst_+_34011885.23-P1P2	Dst	1575	1959	1627	1129	748	1003	1045	923	857	906	818	1054	974	969	1087
Vip_+_5639249.23-P1P2	Vip	1443	1931	2110	1046	645	960	936	876	842	914	867	975	998	946	1129
Hspb1_-_135888009.23-P1P2	Hspb1	1078	1293	1567	802	426	751	629	684	619	556	590	664	714	585	773
Sptan1_-_29965714.23-P1P2	Sptan1	814	1095	862	617	356	500	582	497	520	455	414	424	434	483	574
Nfe2l2_-_75704464.23-P1P2	Nfe2l2	1554	1866	1858	876	728	1080	979	817	782	911	988	902	982	973	1035
Src_+_157424366.23-P1P2	Src	1391	1664	1524	1001	617	792	876	798	719	799	836	907	837	816	971
Surf1_+_26916280.23-P1P2	Surf1	1277	1541	1402	848	727	719	1030	871	723	727	894	936	864	867	864
Inpp4a_-_37299951.23-P1P2	Inpp4a	2040	2442	2266	1443	996	1212	1243	1077	872	1092	1101	1149	1260	1244	1365
Lmna_-_88503269.23-P1P2	Lmna	1826	2186	1960	1132	762	1035	991	979	921	905	1064	1042	1068	1128	1245
Ppif_+_25694446.23-P1P2	Ppif	2111	2550	2761	1584	1104	1456	1357	1457	1319	1322	1548	1409	1432	1372	1582
Serpina3m_-_104387273.23-P1P2	Serpina3m	1379	1790	1655	1168	633	1009	958	865	910	861	964	957	824	883	1150
Sbf2_-_110614869.23-P1P2	Sbf2	2149	2791	2535	1588	1077	1372	1388	1370	1121	1201	1222	1431	1306	1320	1505
Hnrnpdl_-_100038881.23-P1P2	Hnrnpdl	2119	2507	1940	1510	902	1226	1434	1302	956	1226	1265	1484	1223	1387	1475
Atp5g3_-_73911297.23-P1P2	Atp5g3	2131	2687	2423	1477	972	1318	1439	1227	1209	1265	1372	1269	1467	1463	1533
Galc_-_98259317.23-P1P2	Galc	1877	2364	2347	1240	771	1185	1237	1146	1045	1164	1210	1175	1346	1113	1506
Syn1_-_20920870.23-P1P2	Syn1	1525	1914	1769	1179	760	1071	1037	941	839	914	1093	1045	1173	1034	1118
Mapt_+_104231564.23-P1P2	Mapt	1616	2327	1948	1294	820	1122	1164	958	862	944	1079	1202	1172	1176	1209
Opa1_+_29579493.23-P1P2	Opa1	1847	2125	2228	1253	755	1117	1357	1084	881	1000	1147	1061	1088	1005	1369
Casp1_+_5298714.23-P1P2	Casp1	465	616	783	367	273	293	326	323	225	264	315	315	268	343	402
Pak3_-_143664438.23-P1	Pak3_P1	1514	1890	1659	1226	661	946	880	1027	929	868	1042	996	1094	1042	1225
Pld3_-_27552962.23-P2	Pld3_P2	1696	2159	2054	1331	667	1162	1153	947	861	933	877	1054	1109	1179	1108
H2-M10.5_+_36773056.23-ENSMUST00000041531.6	H2-M10.5	1798	2330	2084	1336	740	1408	1219	1007	1049	1145	938	1153	1040	1173	1273
Mapk9_-_49846805.23-P1P2	Mapk9	1524	2036	2116	969	778	1045	1018	895	666	935	922	944	1160	991	1225
Trpm7_+_126876173.23-P1P2	Trpm7	1074	1182	1308	670	452	645	712	671	587	489	667	673	647	572	724
Psmb3_-_97703501.23-P1P2	Psmb3	1911	2283	2183	1307	749	1088	997	1001	849	1084	1032	1069	1112	1102	1291
Ndufa6_-_82354039.23-P1P2	Ndufa6	1086	1218	1012	817	405	617	711	620	507	542	582	539	686	592	822
Cfl2_+_54862737.23-P1P2	Cfl2	968	1181	874	752	454	448	617	613	550	568	505	615	617	607	837
Hspb1_+_135887996.23-P1P2	Hspb1	744	920	1064	491	336	482	426	489	281	394	419	493	601	455	503
Hfe_-_23710734.23-P1P2	Hfe	1909	2469	2074	1447	898	1330	1342	1186	1164	1000	1096	1371	1096	1148	1468
Ctsb_-_63122752.23-P1P2	Ctsb	1584	2011	1757	1083	708	1097	998	894	931	882	907	1010	1055	974	1256
Pnp_-_50944551.23-P1P2	Pnp	1211	1412	1631	705	471	858	716	711	518	677	724	800	831	813	892
Ryr1_-_29125093.23-P1P2	Ryr1	1958	2452	2417	1376	959	1218	1233	1229	973	1072	1135	1301	1319	1203	1475
Hmbs_-_44342260.23-P1	Hmbs_P1	1759	2057	1891	1148	653	1045	1130	1026	958	956	1102	1058	1149	1047	1297
Dctn2_+_127266378.23-P1P2	Dctn2	787	953	908	492	342	478	498	448	395	497	428	476	466	452	459
Gstm3_-_107969155.23-P1P2	Gstm3	2777	3470	2869	2017	1264	1926	1766	1699	1537	1379	1693	1728	1830	1678	1977
Trpc3_+_36689939.23-P1P2	Trpc3	1514	1880	1669	1041	693	932	940	897	773	930	802	905	995	978	1062
Il4_+_53618374.23-P1P2	Il4	2215	2991	2168	1558	846	1524	1447	1370	994	1300	1299	1330	1509	1390	1770
1700013F07Rik_+_108537609.23-P1P2	1700013F07Rik	1091	1313	928	767	492	630	711	552	612	519	557	605	714	637	701
Jun_+_95052147.23-P1P2	Jun	1514	1913	1328	1026	735	1144	1090	813	812	730	851	960	942	948	1156
Ptgs2_+_150100318.23-P1P2	Ptgs2	584	728	471	445	279	439	337	366	347	358	375	344	457	406	428
1600014C10Rik_+_38183830.23-P1P2	1600014C10Rik	2030	2536	2262	1435	979	1194	1375	1286	1069	1198	1210	1196	1345	1240	1468
Apc2_+_80299150.23-P2	Apc2_P2	1581	1927	1950	1257	754	1188	1099	1017	774	888	880	930	1049	997	1134
Uba1_+_20662925.23-P1	Uba1_P1	2385	2963	2723	1597	1026	1459	1491	1493	1250	1215	1232	1297	1196	1333	1646
Slc33a1_+_63964558.23-P1P2	Slc33a1	1464	1780	1565	1089	635	701	995	787	809	728	915	871	865	855	1060
Tmem63c_+_87026519.23-P1P2	Tmem63c	1647	1873	1729	1222	648	1042	1152	972	871	896	1060	1105	999	1017	1142
Vps13a_-_16780873.23-P1P2	Vps13a	1831	2359	1784	1327	854	1129	1152	1107	1051	1083	1081	1279	1267	1102	1339
Slc5a6_+_31047984.23-P1P2	Slc5a6	1933	2200	2676	1330	950	1319	1181	1196	949	1036	1139	1178	1391	1293	1300
Cdk5r1_+_80477068.23-P1P2	Cdk5r1	2015	2584	2603	1535	899	1459	1322	1104	1095	1243	1250	1274	1367	1332	1502
Fzd2_-_102604649.23-P1P2	Fzd2	1182	1449	1328	764	527	715	704	731	673	735	677	682	870	630	831
Tnfrsf1b_-_145246805.23-P1P2	Tnfrsf1b	812	878	717	440	321	496	552	410	323	434	417	453	470	445	636
Grin1_+_25319151.23-P1P2	Grin1	1303	1573	1164	898	543	791	830	778	713	598	678	600	886	821	918
Fyn_-_39369817.23-P1P2	Fyn	917	1086	1156	672	359	531	635	539	557	488	497	581	595	478	610
Casp9_-_141793835.23-P1P2	Casp9	863	1146	1032	534	341	516	544	491	394	454	504	590	579	493	500
Hdac4_-_92148335.23-ENSMUST00000008995.8	Hdac4	1727	2153	2590	1174	819	1151	1145	1083	818	1007	928	1226	1167	1029	1370
Atxn2_+_121711827.23-P1P2	Atxn2	2179	2850	3200	1492	970	1425	1502	1314	1083	1312	1239	1460	1397	1354	1578
Csnk1e_+_79442017.23-P1P2	Csnk1e	1395	1674	2403	928	640	916	862	897	789	782	864	900	910	841	1032
Psmb7_+_38643800.23-P1P2	Psmb7	1432	1792	1995	862	583	851	862	891	660	718	798	872	843	737	907
Dab1_-_104367620.23-P1P2	Dab1	787	1152	864	687	356	551	530	523	469	507	482	440	473	491	569
Tac1_+_7555063.23-P1P2	Tac1	738	878	910	564	275	570	527	456	477	463	504	471	511	419	618
Gstm7_+_107931658.23-P1P2	Gstm7	2391	2944	2915	1660	1145	1417	1722	1463	1375	1315	1337	1504	1437	1661	1872
Fig4_+_41303198.23-P1P2	Fig4	920	1139	1509	689	456	587	629	680	482	496	602	565	670	698	712
Abhd12_+_150904405.23-P1P2	Abhd12	1183	1537	1219	893	614	786	905	745	587	691	735	759	783	765	764
Thy1_-_44043440.23-P1P2	Thy1	2724	3236	3195	1836	1130	2051	1676	1636	1532	1516	1655	1644	1761	1555	1938
Kcnc3_+_44590945.23-ENSMUST00000107906.3	Kcnc3	1882	2432	2131	1313	853	1346	1294	1239	994	1105	1098	1133	1222	1146	1444
Uchl1_+_66676474.23-P1P2	Uchl1	1079	1096	1074	600	415	491	567	558	427	547	560	529	542	488	639
Tubb2b_+_34130334.23-P1P2	Tubb2b	801	1017	1056	542	401	607	539	517	433	505	538	563	604	499	543
Pon2_+_5298299.23-P1P2	Pon2	1673	2099	1744	1200	653	1113	1033	1044	819	941	967	893	1090	1033	1209
Tfpi2_-_3968332.23-P1P2	Tfpi2	1358	1492	1451	914	509	835	854	795	585	688	747	806	944	726	907
Atxn1l_+_109737500.23-P1P2	Atxn1l	1540	1893	1746	1110	702	1128	1235	880	740	910	988	1013	1014	957	1178
Slc2a1_-_119108879.23-P1P2	Slc2a1	1177	1394	1422	788	530	789	785	727	655	644	676	712	803	745	871
Ndufa13_-_69902824.23-P1P2	Ndufa13	1712	2110	2135	1267	698	1026	1250	1122	959	930	992	1104	1129	1037	1321
Ube2g1_-_72607283.23-P1P2	Ube2g1	1701	2010	1658	1112	710	994	1053	1000	792	863	1017	910	1089	979	1117
Inf2_+_112588869.23-P1	Inf2_P1	1398	1620	1142	915	584	812	843	863	774	826	819	963	861	928	1110
Pik3ca_-_32397278.23-P1P2	Pik3ca	1944	2507	2171	1440	809	1298	1199	1039	1186	987	1182	1098	1185	1195	1301
Scarb2_+_92505303.23-P1P2	Scarb2	730	888	838	526	277	483	481	431	393	364	499	490	425	463	575
Ephb2_-_136835780.23-P1P2	Ephb2	1558	1876	1774	1189	823	982	1029	946	861	925	831	1015	963	884	1070
Mpo_+_87793754.23-P1P2	Mpo	1986	2412	2296	1391	951	1110	1246	1244	1022	1049	1020	1028	1213	1134	1399
Cbs_-_31637143.23-P1P2	Cbs	1865	2286	1732	1358	919	1050	1147	1162	957	1012	1033	998	1142	1230	1246
Txndc5_+_38528013.23-P1P2	Txndc5	1499	1886	1564	903	726	914	937	716	855	919	989	911	998	795	1071
Adora1_-_134234817.23-P1P2	Adora1	1679	2159	2009	1327	784	1187	1072	1076	945	1027	863	1038	1110	971	1258
Elavl1_+_4324847.23-P1P2	Elavl1	1974	2413	2006	1242	884	1241	1422	1323	959	1123	1069	1142	1206	1203	1482
Bdnf_+_109693646.23-P1P2	Bdnf	1269	1642	1658	940	666	778	855	779	678	765	694	841	861	810	884
Neurog2_-_127633334.23-P1P2	Neurog2	1402	1782	2087	1064	776	906	1012	871	814	845	735	748	928	849	894
Vps35_+_85299443.23-P1P2	Vps35	2316	2750	2436	1680	874	1318	1481	1341	1116	1299	1256	1553	1417	1370	1602
Fzd5_-_64737688.23-P1P2	Fzd5	2001	2693	2975	1673	1028	1472	1363	1311	1104	1064	1104	1262	1186	1314	1572
non-targeting_02739	non-targeting	1137	1408	1435	803	540	814	758	630	610	552	601	717	607	697	861
Notch3_+_32166661.23-P1P2	Notch3	1797	2163	2646	1139	808	1331	1176	1045	1033	1019	968	1009	1216	1095	1176
Psmd8_+_29180631.23-P1P2	Psmd8	1400	1699	1237	684	489	642	738	617	493	626	434	669	508	641	683
Atrip_+_109074095.23-P1P2	Atrip	929	1208	976	736	364	546	606	593	468	508	558	580	566	555	624
Nptx1_+_119547699.23-P1P2	Nptx1	1508	1832	2266	1137	700	940	1038	921	804	847	892	1019	1031	971	1062
Gria1_+_57012036.23-P1P2	Gria1	1105	1342	1296	677	387	671	609	662	554	625	617	698	626	664	817
Ndufs2_-_171247061.23-P1	Ndufs2_P1	1894	2239	2459	1243	835	1082	1286	1183	921	992	896	1206	1173	1022	1220
Psmc6_-_45329853.23-P1P2	Psmc6	1076	1357	1017	824	426	586	676	635	603	599	536	601	716	692	716
Hmgb1_-_149051226.23-P2	Hmgb1_P2	733	978	819	644	454	489	525	557	398	432	526	488	607	538	666
Fars2_-_36117858.23-P1P2	Fars2	2221	2740	2688	1586	1051	1507	1410	1413	1185	1127	1204	1344	1354	1348	1494
Uba1_-_20658497.23-P2	Uba1_P2	1543	1999	1731	1148	712	1034	920	908	818	892	916	958	1036	942	1033
Gpx1_+_108339132.23-P1P2	Gpx1	1627	1961	1913	1123	631	1083	1070	999	795	826	821	945	979	886	1040
Slc18a1_+_69089128.23-P1	Slc18a1_P1	1228	1661	1901	701	565	810	691	656	496	632	465	704	520	642	727
Mfsd8_+_40846786.23-P1P2	Mfsd8	2210	2832	3028	1672	1180	1383	1614	1471	1269	1254	1337	1386	1437	1338	1443
Prickle2_-_92481342.23-P2	Prickle2_P2	1334	1482	1501	783	540	780	817	813	760	758	724	735	828	752	972
Prickle2_-_92706151.23-P1	Prickle2_P1	868	1036	559	585	380	499	594	609	330	439	512	556	546	593	576
Gfap_-_102897073.23-P1P2	Gfap	1730	2111	2203	1249	845	1018	1201	1048	958	906	1153	1029	1127	1058	1335
Mtdh_+_34082966.23-P1P2	Mtdh	1242	1494	1615	834	471	735	813	662	661	714	720	828	785	755	847
Adcyap1_+_93199390.23-P1P2	Adcyap1	1361	1596	1686	860	559	782	916	768	758	834	782	904	873	817	1072
Arsa_-_89476119.23-P1P2	Arsa	1136	1505	1393	792	436	665	765	725	426	561	756	687	786	729	788
Tia1_+_86404466.23-P1P2	Tia1	1177	1412	1480	797	574	718	819	770	719	691	708	729	775	755	870
non-targeting_01819	non-targeting	1683	2178	2155	1145	782	958	1114	1034	932	958	988	924	1034	1021	1143
Ndufb7_+_83567097.23-P1P2	Ndufb7	1652	2132	2064	1070	832	990	957	974	844	918	880	1074	1124	1104	1071
Ubtf_-_102318968.23-P1P2	Ubtf	2398	2866	2618	1661	1117	1554	1496	1356	1267	1365	1392	1479	1534	1514	1794
Ambra1_-_91730228.23-P1P2	Ambra1	2263	2645	1907	1667	969	1336	1484	1255	1100	1452	1286	1296	1423	1336	1486
Tead1_+_112679358.23-P1P2	Tead1	1155	1489	1669	882	464	618	873	815	638	676	673	803	787	733	925
Slc9a1_-_133369807.23-P1P2	Slc9a1	1656	1994	2137	1141	721	1027	1036	966	841	901	842	1030	1012	1050	1187
Ppp1r1b_-_98348743.23-P1P2	Ppp1r1b	1268	1665	1543	969	592	892	898	783	665	728	851	850	907	851	911
Pmp2_-_10197190.23-P1P2	Pmp2	1661	1935	1951	1100	762	1009	1011	1106	820	887	889	939	1093	989	1182
Prickle1_-_93595866.23-P1	Prickle1_P1	1574	1920	1709	997	671	960	964	921	796	768	853	990	952	915	1093
Nos3_-_24364859.23-P1P2	Nos3	1242	1503	1221	843	582	716	775	738	732	715	701	712	719	716	912
Tmem184b_-_79403223.23-P1P2	Tmem184b	1364	1711	1800	894	635	832	873	937	761	807	774	795	949	833	1019
Itpr2_+_146502121.23-P1P2	Itpr2	1192	1406	1399	874	494	757	709	765	496	592	590	691	705	712	849
Ddhd1_-_45657869.23-P1P2	Ddhd1	1337	1696	1856	945	649	946	863	832	719	797	807	869	802	804	892
Ubc_-_125389710.23-P1P2	Ubc	1220	1675	1307	987	599	852	855	853	736	595	663	852	781	788	866
Calm1_+_100199553.23-P1P2	Calm1	1893	2353	2396	1414	925	1416	1365	1405	1096	1181	1175	1232	1229	1234	1337
Tubb4a_-_57087587.23-P1P2	Tubb4a	436	542	653	345	209	297	307	232	219	259	270	223	286	244	302
Gpx2_+_76795481.23-P1P2	Gpx2	1961	2614	2526	1504	872	1336	1329	1249	1319	1163	1066	1239	1191	1153	1372
Ntf3_+_126166713.23-P2	Ntf3_P2	990	1159	1101	632	498	607	597	612	415	511	629	509	645	547	695
Prdm8_+_98181076.23-P1P2	Prdm8	1495	1894	1887	1274	644	929	1030	864	728	796	802	966	904	947	1105
Ogt_+_101640121.23-P1P2	Ogt	1515	1808	1615	1112	701	1072	965	938	779	850	834	872	1066	937	1095
Vegfa_+_46032262.23-P1P2	Vegfa	1401	1703	1622	1008	565	850	891	793	737	770	769	817	897	810	1032
Serpina3c_+_104153849.23-P1P2	Serpina3c	811	1040	1030	572	348	525	514	491	422	459	455	558	500	411	691
Anxa1_-_20390673.23-P1P2	Anxa1	1075	1382	928	665	435	688	586	572	503	604	573	582	635	708	818
Tfg_+_56717132.23-P1P2	Tfg	1189	1395	1210	732	520	687	828	701	490	592	643	717	581	633	779
Exosc8_+_54734996.23-P1P2	Exosc8	1187	1346	1140	735	541	596	820	740	527	623	668	706	658	689	858
Fgf2_+_37348439.23-ENSMUST00000038885.3	Fgf2	894	1070	1183	605	415	602	593	530	474	554	461	593	576	592	679
Endou_+_97731273.23-P2	Endou_P2	2396	2803	3089	1785	1085	1544	1651	1461	1173	1434	1464	1485	1529	1410	1708
Slc6a3_-_73536865.23-P1P2	Slc6a3	1579	1844	2043	998	725	828	1042	826	692	829	847	940	902	818	1077
Ogt_+_101640157.23-P1P2	Ogt	1560	2102	1827	1154	723	945	1001	810	779	803	959	1070	944	999	1024
Grin1_-_25319118.23-P1P2	Grin1	2016	2393	2703	1353	906	1341	1274	1165	866	1068	1137	1129	1247	1118	1239
Bcl2l1_-_152831471.23-P2	Bcl2l1_P2	1338	1661	1667	928	569	806	924	845	838	860	774	824	816	897	900
Egf_+_129755283.23-P1P2	Egf	2183	2718	2431	1494	1043	1383	1553	1475	1183	1158	1159	1448	1309	1329	1607
Cacna1c_+_118757959.23-ENSMUST00000112825.2	Cacna1c	1623	1954	2058	1286	790	1009	1041	959	910	1002	992	1076	1135	1053	1123
non-targeting_04268	non-targeting	1393	1845	1929	1055	698	1060	943	950	800	721	890	879	767	904	1005
Psen1_-_83688178.23-P1P2	Psen1	1046	1285	1290	724	520	687	721	675	561	590	532	636	700	590	758
Csnk2a2_-_95488751.23-P1P2	Csnk2a2	1248	1557	1383	821	567	750	915	846	680	745	760	716	800	733	951
Pde4d_+_109953884.23-P1P2	Pde4d	2146	2678	2149	1568	949	1451	1494	1523	1301	1226	1167	1238	1390	1302	1440
Casp9_-_141793871.23-P1P2	Casp9	1049	1411	1326	692	420	719	701	762	723	645	712	707	615	743	766
Adrm1_-_180171657.23-P1P2	Adrm1	2186	2996	3333	1771	1290	1594	1529	1479	1395	1448	1591	1495	1576	1540	1836
Endou_+_97721114.23-P1	Endou_P1	614	750	601	442	254	336	386	349	357	342	369	381	382	364	444
Ndufs2_-_171237600.23-P2	Ndufs2_P2	1334	1604	1420	916	568	824	880	873	823	741	739	795	893	791	931
Socs3_-_117969097.23-P1P2	Socs3	805	963	1215	518	373	542	612	453	410	411	456	528	519	524	611
Myd88_+_119339975.23-P1P2	Myd88	1554	2075	1901	1104	762	918	1041	839	786	979	942	980	1045	953	1124
Atp2a1_+_126463084.23-P1P2	Atp2a1	1145	1474	1363	800	530	770	793	652	610	672	677	739	806	699	878
Rab11a_-_64737508.23-P1P2	Rab11a	712	974	876	663	321	447	487	505	356	375	396	511	506	449	612
Abcb6_+_75180338.23-P1P2	Abcb6	2207	2906	2866	1775	1309	1518	1664	1449	1234	1187	1340	1423	1407	1422	1795
Eef2_-_81177956.23-P2	Eef2_P2	1747	2189	1695	1213	876	1212	1353	1041	1060	879	1033	1103	1094	1077	1321
Prkca_+_108343633.23-P1P2	Prkca	1352	1660	1793	962	632	767	914	813	694	691	787	882	876	873	1022
H2-M10.2_-_36286436.23-ENSMUST00000023845.6	H2-M10.2	1666	2116	1586	1149	734	911	1163	990	965	839	864	1018	979	1000	1086
Rars2_-_34614988.23-P1P2	Rars2	1369	1758	1812	980	639	891	829	871	553	772	670	912	757	778	907
Cacna1s_-_136052806.23-P1P2	Cacna1s	1188	1453	1654	864	482	668	763	772	549	620	636	687	630	698	754
Dync1h1_+_110601501.23-P1P2	Dync1h1	1520	1772	1564	995	759	860	985	838	773	711	683	888	959	923	1009
Ang_+_51091141.23-P2	Ang_P2	1013	1352	1375	758	536	807	766	593	385	586	688	640	617	640	737
Gosr1_-_76763506.23-P1P2	Gosr1	1425	1853	1878	1101	626	899	1033	957	734	746	912	879	907	891	1105
Cd200r1_-_44765863.23-P1P2	Cd200r1	1449	1654	1678	887	622	920	928	858	731	885	878	928	1089	894	903
Wnk1_+_120038648.23-P1P2	Wnk1	1190	1450	1199	827	505	729	800	754	694	591	623	671	648	620	819
Synm_+_67759717.23-P1P2	Synm	1949	2388	2230	1304	782	1262	1352	1169	943	1136	1073	1154	1230	1187	1398
Dvl1_-_155847482.23-P1P2	Dvl1	1029	1284	1442	808	566	749	847	628	627	598	659	648	786	686	792
Sema6b_+_56140350.23-P1	Sema6b_P1	1643	2082	1751	1170	731	1016	1027	989	786	897	947	965	1059	893	1222
Slc12a1_-_125152645.23-P1P2	Slc12a1	1650	2067	1894	1205	771	1080	1184	1034	758	992	973	1058	1191	1099	1215
Aldh18a1_+_40588367.23-P1P2	Aldh18a1	882	992	1178	566	354	558	553	490	373	595	510	591	626	517	630
Gsk3b_+_38089544.23-P1P2	Gsk3b	1303	1593	1384	985	628	830	848	868	717	711	820	842	900	879	981
Pvalb_-_78206397.23-P1	Pvalb_P1	2118	2507	2355	1389	1004	1269	1288	1244	1077	1209	1192	1154	1324	1275	1478
Zfyve27_-_42170636.23-P1P2	Zfyve27	1197	1400	1046	856	662	794	867	652	635	714	702	749	782	812	766
Opa1_+_29579439.23-P1P2	Opa1	1321	1654	1314	912	592	770	741	875	537	714	743	735	784	879	948
Lrriq3_-_155093543.23-P1P2	Lrriq3	1304	1520	1475	971	708	809	828	809	688	835	796	798	799	809	951
Cdk5r1_+_80477132.23-P1P2	Cdk5r1	2605	3350	3766	1945	1269	1739	1866	1690	1414	1568	1517	1727	1806	1668	1869
Acan_+_79053221.23-P1P2	Acan	1837	2191	2453	1307	813	1064	1261	1054	935	998	1044	1145	1174	1123	1348
Tuba3b_-_145616089.23-P1P2	Tuba3b	926	1141	872	652	443	671	566	484	453	636	563	564	645	657	703
Rac1_+_143527907.23-P1P2	Rac1	1562	2027	1902	1182	742	746	1087	1041	794	897	908	959	1071	1070	1082
Cstb_+_78425771.23-P1P2	Cstb	1526	1733	1665	942	645	911	872	897	712	812	712	847	880	855	951
Grm2_-_106656043.23-P1P2	Grm2	1612	2086	1411	1186	662	1117	1016	937	890	793	901	956	1019	967	1076
Stc1_-_69029452.23-P1P2	Stc1	2638	3297	3412	1815	1131	1833	1689	1615	1308	1442	1457	1753	1728	1752	1925
Ppp5c_+_17027831.23-P1P2	Ppp5c	973	1277	1000	598	402	599	592	526	454	572	533	620	619	615	754
Eif2s2_-_154892632.23-P1P2	Eif2s2	1241	1523	1437	904	532	772	962	628	527	618	650	797	683	777	810
Bcl11b_-_108004028.23-P1P2	Bcl11b	1862	2172	1913	1165	746	1270	1138	1146	950	977	1070	1068	1244	1102	1410
Atp2a3_-_72961255.23-P1P2	Atp2a3	1404	1828	2186	1019	669	755	1006	806	742	795	853	930	961	920	1108
Fgd4_+_16600031.23-P1P2	Fgd4	1444	1742	1561	1105	648	962	902	726	663	884	793	950	862	980	1129
Znhit3_-_84916281.23-P1P2	Znhit3	1379	1873	1490	989	740	889	1002	913	835	872	956	749	859	801	1063
Atp5e_+_174463992.23-P1P2	Atp5e	1056	1253	1068	796	503	668	810	581	539	514	530	549	536	564	733
Tbce_-_14039618.23-P1P2	Tbce	820	966	1072	598	419	474	504	528	527	450	474	442	475	567	569
Dhtkd1_-_5942744.23-P1P2	Dhtkd1	1134	1413	1126	780	517	716	786	692	607	667	594	625	757	679	805
Stxbp5l_+_37384904.23-P1P2	Stxbp5l	1351	1686	1578	1061	578	939	1037	970	766	774	889	881	848	962	1145
Atp1a1_+_101604649.23-P1P2	Atp1a1	1338	1818	1639	1036	639	1041	822	832	669	725	848	798	906	824	1024
Prkcb_-_122289236.23-P1P2	Prkcb	881	1020	1119	640	460	543	579	499	490	497	483	568	647	507	599
Arih1_+_59486639.23-P1P2	Arih1	2446	2940	2889	1803	975	1481	1535	1486	1344	1269	1562	1352	1509	1425	1671
Stx1a_+_135023603.23-P1	Stx1a_P1	1052	1245	1213	634	522	554	666	645	471	559	626	591	598	653	722
Acan_-_79053275.23-P1P2	Acan	2161	2556	2524	1484	1056	1288	1319	1380	1110	1234	1303	1312	1612	1276	1463
Ftl1_-_45459889.23-P1P2	Ftl1	1060	1408	1150	827	458	729	703	770	546	752	568	662	796	680	770
Nos3_-_24364827.23-P1P2	Nos3	1180	1611	1837	955	624	915	805	821	666	779	675	738	829	843	907
Trem2_-_48346532.23-P1P2	Trem2	2020	2488	2353	1381	888	1167	1158	1082	960	1060	1206	1147	1302	1277	1327
Dpysl2_+_66868353.23-P1P2	Dpysl2	1343	1541	2005	1000	617	815	842	787	769	785	688	728	948	842	897
Zfp597_-_3884471.23-P1P2	Zfp597	1791	2306	2120	1402	689	1120	1316	1075	981	1028	976	1062	1182	1203	1339
Mcu_-_59616659.23-P1P2	Mcu	1367	1635	1391	981	623	820	797	745	653	835	770	743	781	710	1052
Fzd7_+_59482150.23-P1P2	Fzd7	1698	2013	1713	1149	835	1012	1149	947	937	992	996	979	1004	1047	1188
Dntt_+_41029399.23-P1P2	Dntt	897	1127	1208	619	375	654	565	565	539	498	619	618	550	584	735
Ntrk2_-_58807941.23-P1P2	Ntrk2	1175	1368	1387	932	526	631	722	694	641	623	666	688	693	709	752
Psmd4_+_95042506.23-P1P2	Psmd4	1527	1943	1627	1076	742	941	1188	1050	856	935	834	989	962	825	1135
Mpp1_-_75130931.23-P1P2	Mpp1	882	1131	1039	681	385	632	583	549	451	541	544	557	570	598	619
Psma4_+_54950997.23-P1P2	Psma4	1927	2474	1993	1058	751	1001	1008	978	564	744	649	878	648	852	1059
Smcr8_-_60777586.23-P1P2	Smcr8	1764	2267	1784	1294	786	923	1154	903	930	945	1018	1086	1155	1181	1241
Slc25a5_-_36795860.23-P1P2	Slc25a5	2047	2419	2403	1315	923	1278	1348	1139	1006	1207	1133	1231	1223	1301	1413
Sptan1_-_29965701.23-P1P2	Sptan1	836	995	987	597	351	446	517	457	355	386	455	507	528	474	619
Ulk2_-_61855026.23-P1P2	Ulk2	2221	2751	3073	1460	1115	1361	1500	1367	1133	1323	1278	1485	1474	1321	1711
Xrcc1_+_24547225.23-P1P2	Xrcc1	2079	2641	3013	1499	898	1580	1372	1377	1064	1077	1240	1279	1454	1213	1592
Ndufa1_+_37191084.23-P1P2	Ndufa1	1569	1869	1483	1030	671	883	1032	1019	779	844	893	920	1026	991	1093
Adap1_-_139325506.23-P1P2	Adap1	1926	2247	2174	1296	700	1088	1213	1236	942	987	1064	1090	1123	1173	1358
Sirt6_+_81627530.23-P1P2	Sirt6	2269	2760	2300	1666	1078	1393	1427	1375	1227	1399	1206	1391	1378	1422	1500
Eif2ak3_-_70844618.23-P1P2	Eif2ak3	1414	1768	1812	867	732	1015	906	853	653	810	805	863	912	839	969
Ntf3_+_126166538.23-P2	Ntf3_P2	1648	2246	2031	1179	725	1049	1035	994	858	1029	895	942	1027	1049	1090
Cav2_-_17281365.23-P1P2	Cav2	1218	1492	1232	977	553	844	696	763	682	692	697	701	676	667	907
Fzd8_-_9213036.23-ENSMUST00000041080.5	Fzd8	1437	1969	1714	915	761	948	1069	981	692	913	893	903	1041	895	1173
Serpina1d_-_103773164.23-P1P2	Serpina1d	1345	1631	1591	919	627	786	825	780	859	800	727	903	834	809	881
Braf_+_39725291.23-P1P2	Braf	978	1255	1442	727	467	568	583	680	554	571	607	632	629	610	682
Cnr2_+_135911891.23-P2	Cnr2_P2	1724	2118	2171	1308	807	1144	1208	1016	929	1137	1020	1076	1119	1046	1193
Pgp_-_24470518.23-P1P2	Pgp	608	741	659	489	318	423	414	401	340	372	421	401	413	387	540
Wnt4_-_137277529.23-P1P2	Wnt4	1456	1803	1944	957	633	999	935	973	746	912	935	922	923	1024	965
Coq7_-_118533234.23-P1P2	Coq7	1347	1503	1531	872	642	857	949	790	653	740	721	789	789	718	963
Ttbk2_+_120850349.23-P1P2	Ttbk2	1876	2162	2259	1155	945	1213	1178	1011	853	894	994	1133	953	1111	1331
Psmb2_+_126677714.23-P1P2	Psmb2	2171	2575	2515	1353	948	1388	1486	1137	1037	1109	1220	1322	1290	1246	1472
Apc2_-_80299137.23-P2	Apc2_P2	1651	2052	2038	1047	709	939	997	1039	821	905	1000	1036	903	1034	1126
Mad2l1bp_+_46153493.23-P1P2	Mad2l1bp	1499	1765	1803	936	668	995	909	829	651	763	823	850	915	839	1042
Atp1a3_-_25005818.23-P1P2	Atp1a3	2340	3115	3562	1640	983	1447	1471	1328	1350	1259	1380	1488	1523	1549	1599
Xk_+_9272796.23-P1P2	Xk	1283	1622	1710	974	634	888	830	646	724	673	700	769	867	734	833
Egr1_+_34861239.23-P1P2	Egr1	1438	1788	1600	1009	650	937	873	845	782	767	851	796	932	916	997
Fgf1_+_38918641.23-P1P2	Fgf1	1374	1953	1779	1072	788	1041	1105	887	879	903	942	944	967	994	1117
Dcaf8_-_172148143.23-P1P2	Dcaf8	1442	1792	1562	1072	661	934	973	863	714	1005	708	913	1055	1023	1047
non-targeting_03821	non-targeting	496	635	235	310	218	358	326	325	240	303	219	311	284	377	388
Elp3_-_65592855.23-P1P2	Elp3	720	964	779	579	345	392	519	488	413	441	416	469	479	482	623
Ifnb1_-_88522816.23-P1P2	Ifnb1	1558	1850	1752	1007	673	965	942	962	796	904	959	880	914	955	1069
Ppp3cb_+_20546524.23-P1P2	Ppp3cb	2085	2534	2234	1536	1022	1301	1329	1449	1092	1250	1251	1303	1371	1307	1569
Trim2_-_84259715.23-P2	Trim2_P2	668	964	794	509	366	381	553	401	311	325	456	428	518	415	524
Park7_+_150914426.23-P2	Park7_P2	2395	2791	2633	1587	915	1499	1489	1377	1107	1162	1326	1346	1485	1412	1489
Prph_+_99055209.23-P1P2	Prph	1422	1602	2008	917	686	969	897	759	844	864	843	873	835	964	1009
Cyp2d22_-_82380141.23-P1P2	Cyp2d22	2026	2667	2615	1596	885	1380	1452	1291	1173	1224	1292	1371	1395	1197	1560
Itm2b_-_73385223.23-P1	Itm2b_P1	956	1055	1051	621	465	511	568	543	546	511	470	442	490	464	573
Camk2g_-_20793972.23-P1P2	Camk2g	2072	2527	2448	1424	909	1276	1475	1282	993	1125	1158	1184	1219	1228	1372
Nefl_+_68083898.23-P1P2	Nefl	923	1161	1198	718	403	485	686	584	655	515	627	629	630	601	744
Dnajc10_-_80315783.23-P1P2	Dnajc10	1235	1535	1512	982	534	760	784	688	471	689	642	665	736	722	796
Ndufb7_-_83566807.23-P1P2	Ndufb7	542	590	724	336	179	345	332	375	279	256	293	317	290	265	338
Jph3_+_121730344.23-P1P2	Jph3	939	1227	1201	692	396	509	600	573	529	529	604	570	591	508	743
Smurf2_+_106920694.23-P1P2	Smurf2	761	991	931	546	417	542	521	585	439	506	445	523	493	546	574
Chl1_-_103511391.23-P1P2	Chl1	2475	3285	2591	1883	1124	1471	1638	1489	1244	1430	1425	1556	1626	1516	1735
Gcg_-_62483589.23-P1P2	Gcg	1926	2281	1672	1261	917	1151	1276	1151	1022	1103	1242	1241	1152	1167	1346
Plcb4_+_135742090.23-ENSMUST00000110109.1	Plcb4	1980	2396	2357	1458	865	1358	1333	1246	953	1114	1119	1266	1399	1160	1475
Fam168b_+_34842976.23-P1P2	Fam168b	1183	1450	1522	711	575	764	661	773	563	569	570	729	673	709	787
Grin2d_-_45866614.23-P1	Grin2d_P1	1357	1623	1485	873	544	903	994	717	653	680	705	722	835	811	922
Nbn_-_15958037.23-P1P2	Nbn	2463	3066	3290	1703	1171	1449	1502	1554	1488	1383	1353	1487	1460	1489	1752
Cdca5_-_6085137.23-P1P2	Cdca5	1721	2186	2005	1323	747	987	1180	1010	899	881	894	1014	993	1026	1341
Ascc1_+_60002839.23-P1P2	Ascc1	1774	2176	2073	1197	700	1092	907	1086	1029	983	979	1120	1094	1009	1332
Elavl1_-_4325001.23-P1P2	Elavl1	1892	2190	2411	1624	902	1276	1238	1096	1030	1123	1173	1145	1215	1170	1276
Taf2_-_55072115.23-P1P2	Taf2	1467	1775	1881	1022	505	875	1055	867	697	777	832	863	899	910	1031
Ubc_-_125389680.23-P1P2	Ubc	1470	1990	1982	977	621	810	988	942	806	769	705	913	985	945	1087
Plb1_-_32247466.23-P1P2	Plb1	1937	2416	2593	1357	767	1189	1556	1303	1080	1217	1075	1277	1277	1284	1481
Pnkp_-_44857529.23-P1P2	Pnkp	767	961	881	555	346	481	494	488	297	385	472	511	425	459	548
Reep1_-_71707878.23-P1P2	Reep1	1494	1854	1794	1029	720	886	928	853	769	830	839	908	940	939	1048
Serpini1_-_75557561.23-P1P2	Serpini1	1480	1863	1216	1130	675	935	899	922	764	749	810	878	1004	918	1157
Mog_-_37023307.23-P1P2	Mog	2780	3318	2972	1731	1165	1558	1762	1703	1461	1358	1607	1632	1789	1669	2047
Afg3l2_-_67448959.23-P1P2	Afg3l2	1239	1450	1723	757	559	751	701	908	641	621	605	700	716	562	802
Mgrn1_-_4886305.23-P1P2	Mgrn1	1406	1631	1880	892	609	989	974	763	707	848	802	833	839	817	911
Apex1_+_50925001.23-P1P2	Apex1	1003	1215	1061	680	369	556	672	573	428	388	385	433	375	420	538
Nr3c1_-_39490624.23-P1P2	Nr3c1	1550	1873	1864	1109	698	906	1158	935	827	881	918	962	1038	932	1090
Supt3_+_44777313.23-P1P2	Supt3	1519	1836	1385	1029	591	897	905	894	831	811	840	970	931	897	1041
Letm1_+_33782581.23-P1P2	Letm1	1069	1291	1190	716	444	672	722	697	449	559	573	683	577	605	700
Hspb1_+_135887991.23-P1P2	Hspb1	1587	1871	1668	1245	670	938	1056	1062	837	857	857	1009	1064	920	1011
Pik3cg_-_32208542.23-P1P2	Pik3cg	1363	1941	1797	1087	642	820	965	969	768	774	889	880	880	951	1018
Dync1h1_-_110601490.23-P1P2	Dync1h1	694	971	748	513	323	382	501	436	435	417	441	436	449	502	404
Uchl4_+_64235379.23-ENSMUST00000039011.3	Uchl4	1386	1834	1907	1008	663	1059	866	982	707	857	881	934	967	896	1022
non-targeting_03951	non-targeting	1429	1666	1620	1001	722	911	1045	961	743	763	859	939	915	906	970
Atg2b_+_105685247.23-P1P2	Atg2b	2219	2758	3398	1433	1108	1356	1428	1267	1248	1369	1335	1382	1478	1425	1715
Scp2_-_108118594.23-ENSMUST00000030340.8	Scp2	1055	1296	1126	755	442	708	702	667	663	602	601	638	651	680	705
Mcoln1_-_3500552.23-P1P2	Mcoln1	982	1162	1135	618	487	517	573	569	544	557	526	606	529	606	702
Mag_+_30914791.23-P1P2	Mag	1248	1511	1546	757	620	703	754	768	657	786	808	742	735	812	973
Stxbp5l_-_37384903.23-P1P2	Stxbp5l	1536	1760	2107	1079	639	972	1086	1005	772	837	908	943	938	836	1001
Ccl3_-_83648981.23-P1P2	Ccl3	560	706	651	457	285	385	334	363	329	321	336	351	349	364	434
Snx27_+_94582542.23-P1P2	Snx27	1829	2150	2756	1316	902	1127	1167	1058	985	961	975	1133	1056	1073	1324
Csnk1a1_-_61555315.23-P1P2	Csnk1a1	1011	1230	1256	708	472	564	722	636	604	572	629	555	631	588	737
Pick1_+_79229401.23-P1P2	Pick1	941	1249	1179	903	522	757	763	679	516	648	627	668	709	620	846
Nr4a2_+_57114930.23-P1	Nr4a2_P1	1135	1381	1331	865	524	700	842	713	682	497	636	725	736	712	802
Smn1_-_100124938.23-P1P2	Smn1	2401	2930	2785	1287	937	1476	1586	1183	915	1028	938	1178	982	1182	1352
Vegfb_-_6987405.23-P1P2	Vegfb	2094	2488	2598	1200	748	1481	1242	1170	1226	1098	1107	1358	1373	1188	1458
Folr1_+_101863890.23-P2	Folr1_P2	1515	1880	1634	1106	648	859	1019	921	731	838	928	961	927	926	1145
Spast_-_74338764.23-P1P2	Spast	1197	1415	1344	796	462	753	870	696	541	576	659	613	643	678	767
Homer1_-_93304183.23-P1P2	Homer1	1606	1954	2073	1228	727	990	1096	965	782	943	972	992	1050	924	1110
Pik3r4_+_105643040.23-P1P2	Pik3r4	1427	1853	1629	962	581	901	920	893	535	554	511	761	712	657	876
Naglu_+_101070131.23-P1P2	Naglu	1468	1867	1482	1099	654	909	1000	990	715	804	828	864	897	895	1059
Fyn_-_39369823.23-P1P2	Fyn	1646	1953	2159	1144	757	1145	1029	908	854	927	815	1039	1026	974	1201
Sucla2_+_73552850.23-P1P2	Sucla2	2297	2853	2562	1611	933	1277	1558	1336	1188	1266	1288	1434	1465	1449	1625
Zfp78_-_6363380.23-P1P2	Zfp78	802	1049	1079	539	362	622	504	416	408	447	450	495	628	463	632
Atxn2l_-_126503293.23-P1P2	Atxn2l	857	1215	618	669	412	672	466	555	471	620	581	484	513	603	628
Bdnf_+_109693695.23-P1P2	Bdnf	821	1083	1141	594	410	551	553	654	481	530	397	570	475	529	717
Sdf4_+_155993329.23-P1P2	Sdf4	1398	1602	1359	984	711	718	962	831	822	668	693	816	754	848	854
Pak1_+_97842982.23-P1P2	Pak1	1587	1909	1629	1213	741	1046	1079	1016	999	830	847	1022	824	934	1157
Aaas_+_102350622.23-P1P2	Aaas	1577	1782	1407	1055	732	1017	1023	978	854	821	855	867	938	903	1172
Rbpj_-_53590724.23-P1P2	Rbpj	1181	1436	1454	839	463	745	749	617	594	648	653	776	657	714	773
Ap4s1_+_51691085.23-P1P2	Ap4s1	1399	1792	1491	1051	635	991	910	889	804	826	896	912	1040	962	950
H2-M11_-_36547125.23-ENSMUST00000041964.6	H2-M11	1073	1217	1501	721	509	624	700	592	566	561	563	612	592	636	809
Kif5c_+_49619365.23-P1P2	Kif5c	892	1002	1118	614	467	500	596	416	331	444	492	570	519	503	693
Pnpla6_-_3515465.23-P1	Pnpla6_P1	1597	1947	1796	1034	853	893	1115	1000	866	818	844	994	980	841	1157
Srsf7_+_80207151.23-P1P2	Srsf7	2051	2420	1942	1458	976	1354	1432	1234	1217	1128	1103	1250	1251	1203	1524
Ighmbp2_+_3282993.23-P1P2	Ighmbp2	752	944	1077	484	450	461	543	490	398	399	436	499	467	530	527
Aicda_-_122553856.23-P1P2	Aicda	737	937	536	570	404	431	482	425	472	405	462	493	522	417	535
Plcb2_-_118728342.23-P1P2	Plcb2	480	608	557	380	230	291	376	278	241	253	247	286	287	276	349
Hfe_+_23710599.23-P1P2	Hfe	1677	2060	2194	1050	773	1092	927	1138	783	1031	938	888	998	1004	1131
Cav2_+_17281419.23-P1P2	Cav2	1356	1665	1934	879	639	783	970	806	669	793	790	795	913	827	885
non-targeting_02744	non-targeting	2152	2674	2274	1471	949	1232	1387	1457	965	1310	1245	1359	1336	1306	1635
Rab7_+_88045183.23-P1P2	Rab7	749	989	847	562	267	398	514	437	419	401	460	407	415	410	522
Cox8a_-_7217538.23-P1P2	Cox8a	1171	1349	1489	887	512	684	783	731	632	660	573	702	729	677	840
Apc_+_34221165.23-P1	Apc_P1	2234	2776	2281	1681	1102	1343	1528	1374	1143	1342	1411	1465	1585	1483	1580
Atrx_+_105929332.23-P1P2	Atrx	1813	2369	2344	1256	827	888	1176	1059	1077	906	965	1075	959	1008	1415
Psmb1_-_15498200.23-P1P2	Psmb1	1203	1393	1339	778	581	712	738	714	718	659	684	722	753	670	933
Maoa_-_16619962.23-P1P2	Maoa	1139	1326	1059	764	475	581	655	671	601	689	682	624	741	771	850
Mutyh_-_116807768.23-P1P2	Mutyh	1965	2417	2076	1284	923	1095	1170	1222	1090	1004	923	1264	986	1087	1468
Kcne3_+_100176682.23-P2	Kcne3_P2	1235	1572	1725	1016	580	832	768	708	569	715	754	783	713	734	884
Ppt2_+_34627369.23-P1P2	Ppt2	2176	2705	2761	1651	943	1396	1518	1313	1194	1148	1226	1404	1352	1232	1458
Ppara_+_85735787.23-P1P2	Ppara	1877	2406	2004	1278	803	1294	1040	1089	753	1074	981	1052	1081	1057	1342
Aimp1_+_132683804.23-P1P2	Aimp1	1165	1412	1375	938	530	640	716	666	651	750	680	628	618	809	757
Plcb3_+_6969691.23-P1P2	Plcb3	1509	1760	1600	876	640	869	902	831	749	939	975	942	957	885	1055
Calb2_+_110168143.23-P1P2	Calb2	844	988	1162	675	416	471	586	480	439	467	487	537	476	442	578
Txndc5_-_38528412.23-P1P2	Txndc5	1076	1388	1571	767	553	794	704	808	668	694	721	660	757	789	803
Dnajc6_-_101508204.23-P1P2	Dnajc6	1468	1817	1555	819	566	938	928	905	820	790	788	845	866	864	1043
Znhit3_+_84916304.23-P1P2	Znhit3	1702	2104	1663	1194	709	1165	1334	1033	934	917	992	1094	976	1122	1183
Ogdh_+_6291644.23-P1P2	Ogdh	1822	2077	1869	1223	804	1015	1264	1047	782	927	977	1084	1096	1018	1242
Chchd10_+_75935941.23-P1P2	Chchd10	1386	1829	1614	985	656	985	926	773	691	749	842	874	970	921	951
Esr2_+_76177056.23-P1P2	Esr2	1421	1705	2160	978	623	917	869	840	895	766	910	864	829	873	973
Prdm8_-_98181279.23-P1P2	Prdm8	1019	1255	1113	637	542	647	641	709	602	671	572	646	754	696	828
Kcnc3_+_44590682.23-ENSMUST00000107907.2	Kcnc3	961	1055	1309	696	550	721	631	602	487	597	477	548	652	573	639
Egr2_-_67535550.23-P2	Egr2_P2	1306	1760	1826	882	601	904	962	867	711	709	831	841	878	864	1013
Dagla_+_10304830.23-P1P2	Dagla	1541	1752	1721	981	741	910	976	886	763	787	812	961	870	818	1048
Nrbf2_+_67285284.23-P1P2	Nrbf2	1642	1968	2151	1029	843	1058	1146	973	954	934	883	1090	918	979	1196
Myd88_-_119339944.23-P1P2	Myd88	941	1053	917	681	434	564	623	571	468	473	509	546	595	532	567
Vps13d_+_144974661.23-ENSMUST00000097796.2	Vps13d	1223	1525	1305	802	479	720	792	813	647	665	735	758	822	781	970
non-targeting_01226	non-targeting	1255	1513	1173	850	646	638	897	797	574	665	799	717	756	776	794
Zfyve1_+_83597130.23-P1P2	Zfyve1	1243	1527	1605	927	554	781	878	841	676	726	629	706	956	749	868
Ccdc88a_-_29373688.23-P1P2	Ccdc88a	1509	1887	1767	1050	736	1145	1067	955	970	968	944	996	1017	1000	1171
Cox6c_+_35937932.23-P1P2	Cox6c	907	1090	1219	637	453	550	662	581	469	474	492	499	592	561	620
Clu_-_65968660.23-P1	Clu_P1	1761	2249	2125	1400	920	1241	1470	1179	1043	997	1046	1216	1188	1156	1356
Trap1_+_4077789.23-P1P2	Trap1	1090	1420	1091	830	552	719	791	658	559	617	481	651	715	650	806
Eef2_+_81178041.23-P2	Eef2_P2	2167	2684	2616	1424	1003	1353	1349	1268	1122	1189	1221	1288	1243	1403	1456
Brca1_-_101551830.23-P1P2	Brca1	1504	1767	1802	1116	760	1061	981	945	824	854	892	1066	899	875	1072
Prkcg_+_3303554.23-P1P2	Prkcg	1759	2263	1657	1212	807	1202	1182	1087	1028	988	1146	1139	1206	1165	1447
Apc_-_34247697.23-P2	Apc_P2	1311	1718	1128	1023	611	837	916	724	824	769	793	890	796	872	965
Cxcl13_-_95956975.23-P1P2	Cxcl13	2593	2938	2873	1614	1090	1451	1483	1393	1272	1480	1509	1598	1599	1530	1895
Stip1_+_7039948.23-P1P2	Stip1	1965	2506	2186	1419	943	1393	1193	1235	1038	1153	1239	1292	1250	1239	1420
Scn11a_-_119825400.23-P1P2	Scn11a	671	724	652	347	262	347	408	326	354	345	360	376	390	367	395
Cst10_-_149405327.23-P1P2	Cst10	1254	1490	1603	777	615	852	958	721	666	676	710	708	779	724	821
Htra2_+_83054450.23-P1P2	Htra2	1242	1673	1530	903	550	767	905	797	667	573	576	783	718	680	794
Litaf_-_10993034.23-P1P2	Litaf	2631	3056	2837	1778	1190	1597	1698	1516	1300	1422	1503	1610	1565	1688	1760
Syt1_+_109010835.23-P1P2	Syt1	686	896	581	562	267	398	534	383	385	339	461	414	461	409	561
Elovl5_+_77917410.23-P1P2	Elovl5	563	693	910	460	299	422	387	359	332	379	399	368	435	338	574
Gpx4_-_80053641.23-P1P2	Gpx4	1178	1679	978	593	390	577	552	545	467	484	438	591	508	545	709
Cox7c_+_86046574.23-P1P2	Cox7c	1691	2275	1582	1285	764	1234	1059	977	783	910	958	1035	1152	965	1302
Fggy_-_95557548.23-P1	Fggy_P1	1324	1575	1348	914	615	821	786	783	757	830	803	876	801	857	1008
Cdk6_-_3344228.23-P1P2	Cdk6	1366	1611	1653	944	599	844	887	715	723	850	762	774	917	916	902
Tubb6_-_67390763.23-P1P2	Tubb6	1804	2229	1909	1206	907	1104	1140	1088	939	1028	1070	1148	1162	1160	1348
Elk1_-_20950530.23-P1P2	Elk1	1472	1844	1874	965	738	846	993	827	860	790	866	959	823	898	1036
Ndufab1_+_122101618.23-P1P2	Ndufab1	1427	1684	1288	960	618	949	913	894	761	769	693	816	948	747	877
Igf1_+_87861409.23-P2	Igf1_P2	1404	1684	1564	981	612	790	939	926	768	762	843	987	954	825	1036
Wipi1_-_109611317.23-P1P2	Wipi1	1811	2323	2620	1260	808	1375	1166	1190	866	1012	1002	993	1086	1125	1266
Nbn_-_15958024.23-P1P2	Nbn	1339	1638	2489	1047	668	923	896	879	719	767	813	835	860	828	893
Alg14_+_121291749.23-P1P2	Alg14	589	772	548	439	324	437	425	486	422	369	330	405	347	385	365
Mfn1_+_32529584.23-P1P2	Mfn1	1258	1708	1587	1007	597	885	896	845	640	779	739	807	801	804	1002
Adora2a_-_75317156.23-P1P2	Adora2a	1722	2058	1697	1224	834	932	1162	939	873	1036	856	994	973	1028	1216
Uba1_-_20658501.23-P2	Uba1_P2	1131	1392	1401	737	571	659	928	669	563	628	595	770	721	767	815
Txnip_+_96557985.23-P1P2	Txnip	1527	1858	1581	1113	712	749	1118	977	968	868	806	916	948	922	1098
Calm3_+_16923933.23-ENSMUST00000019514.9	Calm3	1432	1662	1772	942	513	868	929	849	709	781	738	724	805	938	966
Atp2a3_-_72961234.23-P1P2	Atp2a3	1747	2234	2310	1211	733	1048	1172	970	935	1000	1022	1101	1123	1013	1260
Rtn2_+_19282846.23-P2	Rtn2_P2	865	1107	1029	532	392	484	487	417	371	523	566	573	541	498	659
Sos1_+_80480413.23-P1P2	Sos1	1733	2016	2222	1143	687	1039	1202	1056	763	968	993	1017	1056	1061	1225
Calm4_-_3838036.23-ENSMUST00000042219.4	Calm4	1325	1520	1505	850	589	796	912	714	663	713	745	820	760	797	1005
Cln6_-_62838859.23-P1P2	Cln6	1003	1379	1300	792	492	613	645	610	543	668	573	672	601	588	815
Tfrc_+_32609046.23-P1P2	Tfrc	1159	1326	1036	881	441	680	729	623	565	590	554	690	594	681	781
Kcna1_+_126645774.23-P1P2	Kcna1	1124	1345	1419	803	491	827	755	732	538	620	737	749	789	653	773
Exosc9_+_36552680.23-P1P2	Exosc9	1047	1277	1124	643	427	580	607	563	385	400	390	469	389	495	573
Dnah12_+_26771262.23-ENSMUST00000073309.4	Dnah12	1247	1615	1216	872	500	667	824	781	665	715	736	770	793	792	878
Ubtf_-_102318709.23-P1P2	Ubtf	1512	1947	2093	1149	752	887	1092	1003	826	820	838	965	967	938	1038
Map2_-_66322043.23-P2	Map2_P2	1533	1848	1782	1071	734	946	1056	1001	956	853	884	1052	903	1015	1120
Rbm8a_-_96630379.23-P1P2	Rbm8a	752	987	943	451	378	548	494	416	397	412	453	485	445	480	538
Rars2_-_34615041.23-P1P2	Rars2	1400	1710	1905	837	665	1009	885	871	726	734	738	825	857	790	1052
Dnah14_+_181741449.23-ENSMUST00000160345.1	Dnah14	1738	2120	2023	1120	828	1074	1164	1140	1008	923	1106	1054	1099	1088	1215
Pten_+_32757626.23-P1P2	Pten	1220	1485	1186	854	618	773	830	682	726	669	708	810	824	764	808
non-targeting_01057	non-targeting	1680	1945	2350	1199	663	1190	1048	1086	937	854	972	1076	965	971	1198
Derl1_-_57892425.23-P1P2	Derl1	1455	1766	1843	900	680	816	960	947	529	684	823	880	858	840	1061
Ache_-_137288315.23-P1P2	Ache	1995	2431	2604	1366	938	1336	1513	1315	1093	1234	1250	1428	1271	1312	1649
Litaf_+_10993056.23-P1P2	Litaf	1767	2291	1916	1326	879	1116	1105	1128	1050	1082	1068	1151	1311	1149	1337
Eef2_+_81177737.23-P2	Eef2_P2	1588	1920	1512	946	552	959	958	797	819	638	650	912	582	766	929
Map2k2_+_81105953.23-P1P2	Map2k2	1426	1814	1533	916	558	964	818	890	723	804	811	910	986	813	1082
Atg2b_+_105685213.23-P1P2	Atg2b	2521	3134	2751	1846	1162	1571	1738	1586	1314	1460	1459	1500	1621	1607	1618
Atg14_+_47568179.23-P1P2	Atg14	2321	2824	2503	1741	1174	1378	1518	1297	1181	1251	1282	1306	1424	1352	1562
Nefh_+_4947797.23-P1P2	Nefh	1828	2318	2207	1335	746	966	1233	1196	1164	1037	1093	1176	1103	1060	1388
Txn2_+_77927889.23-P2	Txn2_P2	1364	1619	1829	949	536	874	911	795	738	855	787	783	786	784	1064
Tmem106b_+_13070041.23-P1P2	Tmem106b	1274	1736	2143	799	643	923	928	811	788	694	749	792	720	959	989
Pde9a_+_31386328.23-P1P2	Pde9a	2180	2790	3148	1599	1032	1318	1519	1267	1298	1246	1172	1340	1250	1314	1575
Mars2_+_55237215.23-P1P2	Mars2	1373	1821	1765	1126	605	931	1122	806	722	803	769	822	904	807	1016
Kcnc3_+_44590685.23-ENSMUST00000107907.2	Kcnc3	1843	2118	1679	1252	748	1235	1089	1177	995	969	981	1115	1161	1115	1314
Gm7030_-_36129105.23-P1P2	Gm7030	987	1112	1124	701	503	483	739	621	468	473	645	582	730	537	731
Pik3r5_+_68432198.23-P1P2	Pik3r5	1035	1173	937	715	475	633	682	596	752	572	557	568	664	561	630
Oxr1_+_41449036.23-ENSMUST00000179393.1	Oxr1	1673	2068	2474	1420	830	882	1172	968	924	964	869	1025	1043	1102	1176
Morc2a_-_3649295.23-P1P2	Morc2a	1272	1697	1813	954	703	866	1087	869	744	790	782	968	805	906	1131
Tomm20_-_126945861.23-P1P2	Tomm20	2412	3057	3302	1750	1198	1516	1426	1436	1180	1515	1359	1417	1626	1517	1675
Gap43_-_42340285.23-P1P2	Gap43	539	643	756	351	236	427	417	303	399	342	354	298	386	394	407
Hmbs_-_44344130.23-P2	Hmbs_P2	1100	1471	1385	826	532	662	675	716	522	606	618	735	699	756	940
Colec11_-_28623254.23-P1P2	Colec11	1650	1800	1740	1127	783	1044	1172	998	752	821	913	1039	926	929	1103
Chrm1_+_8664314.23-P1P2	Chrm1	2146	2704	2494	1552	1055	1365	1417	1136	1241	1205	1248	1399	1313	1240	1578
Tyrobp_+_30413854.23-P1P2	Tyrobp	1022	1272	1409	655	391	704	633	529	566	598	589	639	597	638	659
Psmd7_-_107588378.23-P1P2	Psmd7	828	1032	1001	663	396	514	530	526	427	470	498	520	411	519	562
Rasgrf1_+_89909928.23-P1P2	Rasgrf1	1128	1392	1654	810	540	727	729	700	662	595	570	724	716	710	845
Klc2_+_5118234.23-P1P2	Klc2	1742	2121	1880	1354	730	960	1118	1156	968	913	981	1037	1159	1022	1154
Psmd6_-_14120938.23-P1P2	Psmd6	1209	1694	1798	824	509	686	928	774	534	587	518	738	570	731	884
Zfp46_-_136286117.23-P2	Zfp46_P2	1571	2001	2275	1080	741	1154	1078	893	824	921	958	1072	1146	1036	1147
Npy_+_49822721.23-P1P2	Npy	2269	2787	2359	1602	873	1259	1423	1319	1233	1386	1192	1456	1537	1335	1694
Egf_-_129755249.23-P1P2	Egf	2083	2692	2372	1442	1002	1447	1332	1265	1167	1182	1125	1343	1350	1365	1621
Synm_+_67759732.23-P1P2	Synm	1880	2303	2379	1254	849	1150	1259	1076	989	1069	1087	1085	1102	1060	1225
Tubb2a_-_34077987.23-P1P2	Tubb2a	1682	2199	2222	1139	818	1137	1064	1039	892	943	1163	1036	1252	1066	1317
Tsn_+_118311204.23-P1P2	Tsn	1463	1813	1161	1135	810	868	978	976	829	906	867	956	957	1041	1108
Kcnc1_-_46396565.23-P1P2	Kcnc1	1237	1496	1753	798	594	687	844	752	599	693	693	668	820	796	943
Wnt11_-_98839044.23-P2	Wnt11_P2	2134	2644	2180	1388	947	1257	1299	1243	1133	1153	1176	1370	1369	1287	1563
Gabarapl1_+_129533245.23-P1P2	Gabarapl1	816	987	803	679	356	643	659	431	478	543	531	577	582	575	543
Cd200r2_-_44867116.23-P1P2	Cd200r2	1133	1352	1487	798	468	893	779	658	616	631	653	698	695	740	814
Mtpap_-_4375624.23-P1P2	Mtpap	2196	2787	2280	1772	1069	1551	1548	1391	1131	1136	1319	1238	1413	1303	1600
Blmh_-_76945799.23-P1P2	Blmh	1244	1564	2138	731	501	888	916	880	732	720	719	842	768	807	901
Nr4a2_+_57124053.23-P2	Nr4a2_P2	1715	2061	1956	1209	727	1117	1112	1019	943	1009	1021	940	973	991	1151
non-targeting_01061	non-targeting	1348	1605	1676	921	690	896	734	756	652	763	775	867	873	801	952
A2m_+_121636640.23-P1P2	A2m	1886	2262	2347	1317	957	1252	1301	1112	990	980	1186	1266	1278	1231	1365
Syn1_-_20920819.23-P1P2	Syn1	1910	2396	2022	1387	895	1297	1249	1219	1031	1072	1102	1167	1214	1209	1414
Calm3_+_16924070.23-ENSMUST00000019514.9	Calm3	1571	1963	2115	1085	729	1027	919	1034	888	905	923	1013	1038	968	1150
Fzd6_-_39006326.23-P1P2	Fzd6	1361	1838	1680	994	680	890	825	898	821	789	832	846	865	863	1032
Atr_-_95857693.23-P1P2	Atr	997	1333	1241	650	516	682	648	604	499	568	561	684	653	617	697
Rab39b_-_75578160.23-P1P2	Rab39b	1560	1861	1835	1017	836	833	993	862	878	889	846	900	952	957	1028
Atxn7_+_14012743.23-P1P2	Atxn7	2044	2578	2629	1577	893	1332	1447	1162	1068	1189	1293	1379	1478	1367	1508
Bace1_+_45838866.23-P1P2	Bace1	2692	3383	2599	1813	1311	1698	1766	1649	1368	1554	1562	1431	1587	1618	1889
Atp1a1_+_101604654.23-P1P2	Atp1a1	1149	1455	1616	812	503	730	882	662	587	620	696	828	783	727	788
Spg21_-_65460986.23-P1P2	Spg21	540	649	333	438	222	421	324	364	260	258	329	352	311	365	420
Erlin1_+_44069713.23-P1P2	Erlin1	2334	2993	3360	1672	1149	1502	1588	1394	1296	1445	1465	1476	1597	1424	1724
Wnt1_+_98789942.23-P1P2	Wnt1	1605	1917	1816	1043	643	984	875	979	976	869	899	999	1018	1023	1139
Renbp_+_73930779.23-P1P2	Renbp	2128	2299	2146	1510	798	1374	1342	1297	1056	1067	1170	1279	1200	1136	1385
Ogg1_+_113327044.23-P1P2	Ogg1	2216	2900	3007	1696	1051	1407	1651	1370	1262	1337	1419	1428	1441	1337	1621
Smn1_-_100124903.23-P1P2	Smn1	2240	3003	2518	1532	1005	1357	1563	1371	1141	1073	1156	1298	1125	1235	1419
Slc1a2_-_102706478.23-ENSMUST00000111212.1	Slc1a2	1519	1767	1947	1049	691	893	1041	794	688	732	905	926	878	903	964
Sigmar1_-_41741302.23-P1P2	Sigmar1	2264	2770	2543	1600	1043	1321	1537	1372	1253	1156	1243	1283	1277	1348	1543
Anxa5_-_36475606.23-P1P2	Anxa5	2093	2652	2740	1346	1009	1274	1249	1092	1085	1108	1139	1142	1388	1262	1380
Wwox_-_114439896.23-P1P2	Wwox	790	979	1102	585	387	430	536	481	505	428	451	503	454	389	563
Nras_-_103058368.23-P1P2	Nras	2269	3062	2742	1714	996	1730	1465	1434	1371	1434	1358	1538	1542	1427	1841
Atg2b_-_105685177.23-P1P2	Atg2b	1697	2188	1898	1147	814	913	1148	1082	928	960	1005	1014	1103	1034	1328
Abl1_-_31688573.23-P1P2	Abl1	1218	1431	1631	853	523	728	720	802	683	662	684	725	712	678	866
Zfyve27_-_42170610.23-P1P2	Zfyve27	1198	1508	1307	876	490	806	760	732	558	613	622	736	758	663	828
Casp12_+_5345516.23-P1P2	Casp12	1374	1759	1874	1063	698	888	1064	1067	862	796	772	1012	866	796	1111
Pla2g6_-_79328130.23-P1P2	Pla2g6	1895	2124	2132	1255	775	948	1147	1140	957	923	1014	1244	1169	1075	1372
Apex1_+_50925037.23-P1P2	Apex1	979	1209	1298	715	451	788	667	616	437	485	552	609	633	625	747
Eno2_-_124769533.23-P1P2	Eno2	1479	1956	1630	1105	669	1162	942	927	895	918	795	1051	1158	871	1332
Mme_-_63300205.23-P1	Mme_P1	1393	1699	1770	935	591	777	863	772	739	766	831	837	920	861	1044
Csnk2b_-_35121236.23-P1P2	Csnk2b	916	1089	1155	571	450	647	519	527	469	625	559	564	628	575	663
Sqstm1_-_50210775.23-P1	Sqstm1_P1	931	1041	1438	570	325	736	651	549	436	540	478	477	544	468	640
Nras_-_103058355.23-P1P2	Nras	2471	2883	2816	1777	1003	1535	1422	1400	1242	1352	1336	1385	1395	1459	1508
Nipa1_+_56019339.23-P1P2	Nipa1	1669	2061	1866	1224	764	1187	1146	942	831	924	961	1059	1049	976	1175
Pla2g5_-_138819208.23-P1P2	Pla2g5	961	1260	780	726	433	660	754	603	495	532	523	627	640	651	763
Il17a_-_20730920.23-P1P2	Il17a	1893	2340	1924	1263	917	961	1220	1183	999	945	1044	1183	1048	1119	1294
Elavl2_-_91376380.23-P1P2	Elavl2	1374	1718	1648	1006	712	734	869	782	684	859	798	848	946	896	994
Fgf13_-_59134736.23-P1P2	Fgf13	1690	2070	1862	1110	802	975	1208	847	946	941	1025	1004	991	961	1128
Becn1_+_101302220.23-P1P2	Becn1	1238	1464	1486	841	507	643	802	738	720	682	543	764	753	680	859
Agtpbp1_-_59557244.23-P1P2	Agtpbp1	1645	1949	1690	1064	638	1124	868	978	745	997	963	1029	1069	972	1175
Ctnnb1_+_120933898.23-P1P2	Ctnnb1	1641	1997	1759	1046	773	1017	1156	1056	828	947	881	1027	1157	949	1126
Esr2_+_76177247.23-P1P2	Esr2	1092	1243	1242	728	457	758	747	751	620	572	709	691	686	661	771
Sox3_-_60893345.23-P1P2	Sox3	1600	1910	2160	1080	682	1092	986	1046	973	959	1016	949	1100	1011	1060
Ascl1_+_87493595.23-P1P2	Ascl1	2024	2511	2137	1323	811	1382	1243	1132	1033	1192	975	1124	1221	1170	1338
Trrap_-_144768257.23-P1P2	Trrap	1479	1860	1714	995	690	973	936	958	870	889	819	916	1047	997	1079
Tgm6_-_130123364.23-P1P2	Tgm6	1137	1359	1127	759	534	740	768	709	551	713	740	687	717	783	838
Entpd1_+_40659776.23-P1P2	Entpd1	1719	2033	1968	1099	784	1035	1124	1028	753	1018	1012	983	1086	914	1257
Psmd8_+_29180597.23-P1P2	Psmd8	1211	1559	1599	877	518	799	790	806	639	601	597	769	608	736	804
Folr1_-_101864100.23-P2	Folr1_P2	1768	2026	1833	1269	1002	1196	1351	1171	1038	956	942	1135	1255	1133	1324
non-targeting_01386	non-targeting	1282	1774	1654	1052	693	886	1031	890	731	684	693	822	816	762	1130
Hsd17b10_-_152001934.23-P1P2	Hsd17b10	1463	1808	2029	999	595	941	923	844	730	746	853	911	977	894	1075
Ndufa12_+_94199300.23-P1P2	Ndufa12	1873	2148	1876	1341	761	1094	1122	1050	975	970	1049	1018	1153	1073	1230
Apc2_-_80301048.23-P1	Apc2_P1	1787	2255	2036	1239	689	1051	1155	1040	919	1012	978	1047	1138	1043	1365
Taf1_-_101533077.23-P1P2	Taf1	2281	2640	2734	1089	678	969	916	1048	525	787	645	974	714	907	1077
Pcna_+_132253181.23-P1P2	Pcna	1749	2253	1929	1035	691	976	839	729	713	758	706	927	791	918	909
Adora3_-_105870943.23-P1P2	Adora3	1587	2101	1872	1302	754	839	1063	944	824	897	844	1020	1023	873	1027
Gsk3b_+_38089573.23-P1P2	Gsk3b	1683	2072	2136	1141	712	962	1066	1048	821	890	994	955	944	958	1195
Atp7a_+_106027325.23-P1P2	Atp7a	1364	1725	1885	974	575	841	925	815	665	704	772	738	767	877	1142
Epm2a_+_11343449.23-P1P2	Epm2a	2291	2733	2244	1647	978	1468	1716	1381	1129	1275	1285	1305	1448	1266	1456
Tank_+_61593164.23-P1	Tank_P1	1768	2178	1972	1145	599	1225	1151	1051	920	931	873	1002	1213	1094	1272
Bhlhb9_-_135885952.23-P1P2	Bhlhb9	635	722	477	357	238	318	440	353	273	387	390	354	349	366	458
Fgf2_-_37348743.23-ENSMUST00000038885.3	Fgf2	1756	2059	1828	1176	726	1042	1096	1179	825	891	1018	1123	1081	1029	1171
Ace_-_105967954.23-P1P2	Ace	1035	1279	1275	633	397	704	748	695	525	699	630	683	744	686	870
Tfeb_-_47737140.23-P1P2	Tfeb	1239	1663	1295	721	569	904	711	722	651	823	823	938	935	913	1159
Hspb3_+_113663522.23-P1P2	Hspb3	739	938	1394	487	255	412	469	529	381	422	385	449	486	431	474
Aplp1_+_30445510.23-P1P2	Aplp1	1734	2157	1675	1264	693	970	1072	1100	914	915	998	894	1018	1038	1100
Ndufb11_+_20617050.23-P1P2	Ndufb11	1416	1779	1158	901	631	956	915	923	676	791	809	775	798	933	1133
Prnp_-_131910011.23-P1P2	Prnp	1922	2196	1862	1288	793	1128	1121	1156	1036	1014	1008	1195	1011	1069	1256
Dnah8_+_30624413.23-ENSMUST00000170651.1	Dnah8	1548	1968	1781	984	627	989	1188	967	790	833	929	1040	992	852	1137
Map2_+_66175352.23-P1	Map2_P1	1033	1260	1259	720	536	752	562	642	532	705	603	642	833	739	812
Kif5a_-_127263066.23-P1P2	Kif5a	1786	2183	1870	1200	847	1093	1096	1127	1012	1111	1116	1119	1176	1066	1263
Ppara_-_85735799.23-P1P2	Ppara	1768	2163	1312	1178	913	1053	1196	1103	980	927	1002	1069	1208	1024	1230
Vps13c_-_67840639.23-P1P2	Vps13c	815	1093	707	582	314	576	633	509	388	494	505	553	606	486	591
Bcl2_+_106714251.23-P1P2	Bcl2	1475	1933	1503	1106	685	967	1131	1018	858	772	854	988	916	893	1086
Chl1_+_103511358.23-P1P2	Chl1	1239	1428	1519	747	618	901	751	712	747	764	828	748	821	808	942
Grin2c_-_115267208.23-P1P2	Grin2c	2063	2376	2339	1388	869	1449	1313	1261	1101	1228	1140	1214	1265	1412	1385
Klk6_-_43824595.23-P1P2	Klk6	1481	1924	1835	1011	678	1031	956	1031	866	967	1030	965	988	936	1149
Eif2b4_+_31192980.23-P1P2	Eif2b4	1633	2218	1766	1204	763	1039	1007	1049	788	916	887	956	1120	965	1172
Ctrl_+_105933789.23-P1P2	Ctrl	1907	2373	1886	1415	880	1216	1284	1326	1135	1046	1129	1229	1212	1177	1409
Fzd2_-_102604422.23-P1P2	Fzd2	1085	1407	955	726	533	642	762	681	676	571	556	697	706	640	811
2410137M14Rik_+_36981173.23-P1P2	2410137M14Rik	973	1222	1245	774	441	559	672	588	582	495	609	550	597	641	679
Daxx_-_33909733.23-P1P2	Daxx	1494	1757	1616	946	651	858	775	772	602	768	857	874	959	722	1051
Pde9a_-_31386292.23-P1P2	Pde9a	1620	2051	1867	1180	775	1133	1086	959	924	946	997	921	1035	1031	1228
Tfeb_-_47737110.23-P1P2	Tfeb	1389	1813	1747	1063	674	903	907	925	750	742	817	772	920	946	955
Dctn4_-_60526251.23-P1P2	Dctn4	1604	2111	2135	1180	754	1134	1075	1031	899	1000	865	994	1187	1121	1202
Akt1_+_112674225.23-P1P2	Akt1	2192	2473	1964	1353	876	1557	1315	1161	1116	1161	1192	1245	1184	1338	1558
Map2k6_+_110399180.23-P1P2	Map2k6	1034	1289	1477	744	470	689	694	626	625	609	657	666	672	649	803
Eif2b4_+_31193089.23-P1P2	Eif2b4	1497	1921	1644	999	633	986	1002	893	656	725	790	844	791	831	922
Atxn2l_-_126503351.23-P1P2	Atxn2l	1010	1197	1356	665	405	570	652	633	437	567	581	733	754	605	781
Psen2_-_180256182.23-P1	Psen2_P1	1622	1946	1614	1075	851	1023	977	953	872	837	1012	905	1088	959	1224
non-targeting_03646	non-targeting	535	694	892	331	225	326	366	345	339	291	310	354	327	335	406
Mpv17_+_31154182.23-P1P2	Mpv17	1511	1975	1682	1124	810	950	1076	895	679	836	1009	984	1041	1026	1079
Uqcr10_+_4704106.23-P1P2	Uqcr10	1000	1279	1260	692	589	582	672	683	477	540	616	585	637	647	746
Csnk2a1_+_152226579.23-P1P2	Csnk2a1	894	1167	860	591	431	530	641	589	564	600	525	664	658	554	738
non-targeting_00136	non-targeting	1866	2368	1917	1378	856	1149	1290	1236	1068	1035	1231	1198	1264	1263	1474
Kcna3_-_107036228.23-P1P2	Kcna3	2267	2775	2889	1426	958	1410	1406	1325	1167	1211	1247	1411	1438	1305	1588
Pik3cd_-_149698542.23-P1P2	Pik3cd	908	1069	1177	657	438	591	744	579	436	489	566	617	537	529	576
Tbcd_-_121452020.23-P1P2	Tbcd	1798	2069	1880	1189	740	884	1067	951	719	938	898	995	1052	1020	1137
Spg21_-_65460983.23-P1P2	Spg21	1636	2012	2301	1136	689	999	1187	1088	823	815	905	974	1066	920	1014
Tgm6_+_130123308.23-P1P2	Tgm6	2026	2440	2754	1536	921	1349	1283	1213	942	1231	1266	1245	1295	1242	1519
Ewsr1_-_5098832.23-P1P2	Ewsr1	1258	1690	1552	964	604	810	867	837	720	789	851	845	917	939	999
Cast_-_74807948.23-P1P2	Cast	1419	1806	1661	1127	624	976	917	878	743	819	846	849	1015	991	1124
Dkk2_-_132085365.23-P1P2	Dkk2	1405	1766	1809	1054	691	932	1017	894	829	740	857	853	925	864	995
Gan_-_117158246.23-P1P2	Gan	1704	1828	2016	1068	703	840	985	1014	710	887	958	1022	1015	943	1217
Dvl1_-_155847436.23-P1P2	Dvl1	1476	1918	2010	1016	747	983	998	995	946	805	796	983	1012	940	1010
Hspb2_-_50752261.23-P1P2	Hspb2	1120	1453	1505	986	581	827	892	716	705	720	764	705	809	677	791
Ndufs6_+_73328442.23-P1P2	Ndufs6	1423	1785	1636	863	651	993	967	910	751	736	931	901	927	870	1145
Hspa8_-_40801353.23-P1	Hspa8_P1	1027	1375	1313	604	389	592	728	514	398	424	446	525	420	539	697
Nox4_-_87246820.23-P1P2	Nox4	1466	1604	1410	1004	640	782	976	794	753	817	847	811	836	815	981
Serpina3j_-_104314648.23-ENSMUST00000109957.2	Serpina3j	1584	2005	1690	1134	693	945	1077	977	793	828	775	944	928	975	1188
Taf2_+_55072122.23-P1P2	Taf2	1364	1643	1343	917	556	886	875	788	682	754	772	839	819	718	825
Tnr_-_159737597.23-ENSMUST00000111669.3	Tnr	1018	1340	1443	664	472	627	715	583	536	529	615	647	705	656	715
Serpina3c_+_104153475.23-P1P2	Serpina3c	1784	2065	1772	1219	799	1052	1151	1122	836	898	1038	1066	1113	1096	1254
Aimp1_-_132683800.23-P1P2	Aimp1	885	1059	900	579	307	568	486	477	276	478	478	489	492	510	518
Ndufa11_+_56717787.23-P1P2	Ndufa11	1926	2420	2230	1305	840	1142	1280	1079	1070	1085	1185	1166	1218	1156	1273
Clk1_-_58423796.23-P1P2	Clk1	1710	2111	1960	1110	609	883	962	1022	813	1092	1047	1121	1074	1073	1311
Clcn6_+_148038770.23-P1P2	Clcn6	1385	1770	1716	961	629	962	868	818	873	777	998	764	1036	859	939
Aldh18a1_+_40588329.23-P1P2	Aldh18a1	1234	1669	1984	893	475	842	815	864	594	824	790	729	834	809	867
Calm1_-_100199581.23-P1P2	Calm1	1058	1390	1558	817	487	749	779	715	636	703	671	789	678	764	906
Oxr1_+_41789095.23-ENSMUST00000170127.1	Oxr1	1600	2036	2130	1001	812	1087	1221	1094	823	834	965	988	1059	887	1193
Tank_-_61578580.23-P2	Tank_P2	1479	1802	1889	932	783	873	983	889	794	887	852	828	927	860	1158
Agrn_-_156186111.23-P2	Agrn_P2	1398	1611	1411	932	567	960	986	762	720	739	913	878	849	901	1002
Fosb_-_19309789.23-P1P2	Fosb	1324	1548	1898	1005	650	773	928	855	597	824	767	806	937	794	943
Vapb_-_173737787.23-P1P2	Vapb	1244	1600	1651	1013	553	860	809	736	643	805	841	787	853	740	970
Nhlrc2_-_56548479.23-P1P2	Nhlrc2	1156	1413	1050	747	492	728	763	649	516	663	716	661	711	640	754
Gad2_-_22622605.23-P1P2	Gad2	1849	2201	1937	1263	914	1184	1040	1126	934	1133	1103	1183	1114	1013	1274
Axin2_+_108921058.23-P1P2	Axin2	1765	2067	2411	1152	756	962	1206	1072	981	957	877	1097	1096	960	1135
Sptlc2_-_87388200.23-P1P2	Sptlc2	2562	3110	2906	1891	1310	1779	1728	1600	1397	1528	1487	1573	1769	1719	1747
Bace1_+_45838662.23-P1P2	Bace1	2058	2519	1914	1466	1030	1384	1388	1229	1124	1108	1217	1215	1351	1242	1466
Ramp2_+_101246422.23-P1P2	Ramp2	1006	1201	1225	625	486	657	722	662	558	568	565	663	759	722	751
Arhgef5_-_43265702.23-P1P2	Arhgef5	1375	1628	1331	902	661	801	804	747	692	733	743	800	834	872	1053
Eno2_-_124769462.23-P1P2	Eno2	2663	3180	3470	1813	1118	1543	1669	1333	1350	1518	1489	1584	1718	1667	1778
Vac14_-_110618675.23-P1P2	Vac14	1452	1710	1332	897	594	808	912	669	710	756	775	830	872	952	1060
Atxn1l_+_109737737.23-P1P2	Atxn1l	1240	1696	1471	893	409	909	875	761	608	678	713	752	803	687	909
Stip1_+_7039961.23-P1P2	Stip1	1988	2762	2356	1505	868	1264	1421	1419	1131	1116	1121	1326	1305	1239	1539
Tuba3b_-_145616110.23-P1P2	Tuba3b	1246	1538	1645	815	659	765	732	715	678	753	775	763	800	772	861
Serpina1b_-_103827673.23-P1P2	Serpina1b	983	1143	1084	653	452	576	613	609	435	516	505	612	631	545	682
Fdps_-_89101692.23-P1P2	Fdps	1769	2088	2394	1143	869	1338	1211	925	986	974	1045	1198	1189	1194	1466
Tubb1_+_174450702.23-P1P2	Tubb1	1272	1630	1853	944	665	845	912	841	601	753	755	860	960	808	1018
Dcaf8_-_172148146.23-P1P2	Dcaf8	899	1252	1085	595	428	534	591	579	442	505	592	616	602	530	677
Psmc4_+_28050014.23-P1P2	Psmc4	1361	1726	1381	644	485	671	593	592	352	550	366	657	438	678	717
Pik3r5_+_68432116.23-P1P2	Pik3r5	1065	1284	1634	818	478	686	625	636	555	638	624	733	682	639	753
Wnk1_+_120038676.23-P1P2	Wnk1	1800	2243	1608	1297	868	1072	1319	1013	837	1017	955	964	1030	1091	1289
Rbms3_-_117252457.23-P1P2	Rbms3	876	1091	1237	699	329	455	507	630	431	563	529	485	514	597	652
Fadd_-_144582396.23-P1P2	Fadd	1295	1469	1119	936	606	695	861	702	616	860	685	885	802	751	931
Cyp2d34_-_82620573.23-P1P2	Cyp2d34	1069	1459	1194	772	496	674	727	666	583	564	613	726	670	627	856
Tardbp_+_148626675.23-P1P2	Tardbp	2024	2601	2694	1473	1011	1369	1368	1208	1027	1045	1133	1211	1116	1036	1477
Chrm5_-_112480773.23-ENSMUST00000099589.2	Chrm5	1625	1984	1721	1184	660	1120	1021	1114	1087	814	975	1067	1026	945	1287
Ndufa10_+_92473744.23-P1P2	Ndufa10	2601	2917	2242	1665	1152	1691	1653	1385	1117	1401	1420	1632	1704	1396	1849
Dpp6_-_27049445.23-P2	Dpp6_P2	1470	1885	1893	895	691	982	1020	1009	831	789	859	941	1060	872	1020
Cd44_-_102901422.23-P1P2	Cd44	876	1120	817	576	346	446	440	557	304	523	496	540	523	497	604
Opa1_-_29579409.23-P1P2	Opa1	2238	2535	2596	1412	1032	1316	1433	1317	1327	1139	1280	1322	1403	1361	1588
Vps41_-_18717321.23-P1P2	Vps41	1278	1383	1529	759	529	733	652	693	445	654	578	629	700	650	771
Agpat3_-_78352286.23-P1P2	Agpat3	996	1345	1116	796	513	809	810	641	554	646	633	696	720	610	879
Pde8b_+_95223039.23-P2	Pde8b_P2	1852	2197	2019	1287	822	1101	1160	1223	1035	950	1056	1124	1163	1033	1307
Wnt8a_+_34542417.23-ENSMUST00000012426.2	Wnt8a	1861	2198	1979	1130	704	1245	1226	1124	960	1020	1109	1020	1149	1173	1205
Dnajb2_-_75236713.23-P1P2	Dnajb2	1577	2127	2401	1192	785	1069	1086	1066	932	936	976	1143	1091	888	1226
Polg_+_79466143.23-P1P2	Polg	1575	2021	1813	1115	857	1149	1068	1030	825	913	863	978	1067	1084	1232
Epg5_-_77938490.23-P1P2	Epg5	1430	1759	1367	1087	600	818	891	796	634	802	778	806	832	830	854
Egr2_-_67537904.23-P1	Egr2_P1	1718	2181	2142	1199	794	1061	1025	1116	843	1081	1007	1106	1129	1021	1303
Dlst_+_85110903.23-P1P2	Dlst	890	1243	928	686	393	601	591	618	562	522	513	564	536	483	703
Zfyve26_+_79296250.23-P1P2	Zfyve26	1197	1548	1691	846	628	783	726	798	678	737	709	744	819	768	813
Crp_+_172698062.23-P1P2	Crp	1419	1877	2168	953	651	896	918	946	813	849	901	917	957	949	1094
App_+_85173639.23-P1P2	App	956	1142	808	621	413	522	527	533	679	499	541	633	599	627	779
Ccl2_-_82035599.23-P1P2	Ccl2	1450	1788	1743	996	592	938	859	802	748	851	904	864	899	1023	928
Rmdn2_+_79615289.23-P1P2	Rmdn2	1418	1772	1599	974	648	844	954	860	726	755	838	972	898	839	985
Rmdn3_+_119156899.23-P1P2	Rmdn3	1535	2029	1919	1232	762	1026	1016	986	851	948	1001	935	1006	1089	1237
Sdhc_+_171150557.23-P1P2	Sdhc	1778	2299	2252	1569	772	1040	1245	1267	1040	1058	1044	1084	1207	1088	1299
Gstm6_-_107943674.23-P1P2	Gstm6	1879	2279	2401	1378	745	1050	1136	1032	956	1023	1064	1139	1133	1127	1323
Dctn1_+_83165982.23-P1P2	Dctn1	1208	1594	1711	1043	603	760	831	762	736	762	727	777	859	941	848
Lsm2_+_34981904.23-P1P2	Lsm2	953	1074	872	630	405	480	619	553	356	501	471	539	569	512	655
Jun_+_95052177.23-P1P2	Jun	1238	1596	1621	889	606	691	791	730	634	714	599	795	878	790	910
Dvl2_-_70000835.23-P1P2	Dvl2	1368	1599	1173	993	675	893	970	867	895	700	775	717	772	859	962
Tuba1c_+_99030298.23-P1P2	Tuba1c	2178	2777	2449	1678	883	1213	1361	1332	1116	1223	1258	1328	1292	1312	1772
Brca2_+_150522655.23-P1P2	Brca2	2061	2502	2008	1434	961	1147	1317	1256	885	1198	1068	1260	1385	1225	1464
Pnp_-_50944545.23-P1P2	Pnp	727	816	726	477	349	396	409	372	334	375	423	403	562	448	467
P2ry2_+_101011986.23-P1P2	P2ry2	1774	2083	1688	1246	739	1060	1259	1174	989	914	943	1111	1128	1077	1181
Klc4_+_46645063.23-P1P2	Klc4	1030	1205	1167	716	468	694	655	574	487	498	580	600	666	671	691
Psen2_-_180256189.23-P1	Psen2_P1	1630	2074	2579	1238	751	1106	1044	956	822	1040	981	1020	1137	987	1223
Ly6e_+_74955628.23-P1P2	Ly6e	1209	1500	1065	815	447	614	783	680	697	760	791	828	746	716	823
Egr1_+_34861242.23-P1P2	Egr1	1666	2058	1949	1200	855	1126	1012	1032	771	1079	995	1003	1075	1108	1184
Padi4_+_140774152.23-P1	Padi4_P1	1609	2128	1828	1130	789	1147	1101	1008	1013	913	841	1084	877	935	1092
Pawr_+_108332154.23-P1P2	Pawr	1754	2027	1926	1102	795	1258	1094	1064	890	980	963	923	1025	1008	1168
Polg_-_79466126.23-P1P2	Polg	1311	1709	1244	940	623	846	859	753	674	773	689	792	795	817	1016
Rmdn1_-_19575376.23-P1P2	Rmdn1	746	850	912	342	277	349	542	417	386	396	368	413	445	425	514
Ppp3cb_-_20546536.23-P1P2	Ppp3cb	2075	2489	1835	1537	888	1164	1381	1281	1229	1184	1248	1269	1407	1379	1441
Lamc2_+_153186350.23-P1P2	Lamc2	889	1137	946	542	347	592	513	603	539	440	557	503	599	528	617
Capn2_-_182517402.23-P1P2	Capn2	1410	1874	2088	935	599	920	828	777	684	768	912	763	880	978	976
non-targeting_02937	non-targeting	1871	2066	1811	1339	787	1102	1114	1249	1210	1142	1050	1084	1225	1204	1343
Shh_-_28467016.23-P1P2	Shh	1216	1354	1160	905	429	626	733	730	521	634	773	720	819	733	815
Cd44_-_102901399.23-P1P2	Cd44	693	872	837	496	329	458	391	359	296	376	358	322	407	419	417
Ntf5_-_45413758.23-P1P2	Ntf5	1187	1662	1528	953	537	794	950	775	720	703	679	766	766	876	981
Mpg_-_32226571.23-P1P2	Mpg	1558	1926	1562	1028	721	914	924	942	842	840	952	821	958	996	1105
Nes_+_87971178.23-P1P2	Nes	1874	2320	1673	1208	840	1239	1236	1168	901	969	1008	1235	1050	1196	1332
H2-M9_+_36642601.23-P1P2	H2-M9	1648	1913	1738	1190	838	1034	1054	979	832	839	890	999	1049	953	1177
Dctn4_+_60526225.23-P1P2	Dctn4	2093	2618	2508	1485	883	1274	1236	1291	1191	1164	1237	1234	1459	1281	1701
Capn1_-_6015532.23-P1P2	Capn1	2353	2717	2828	1622	971	1320	1500	1410	1366	1146	1316	1326	1493	1271	1573
Kcnh8_-_52602781.23-P1P2	Kcnh8	1276	1634	1575	943	471	757	865	766	659	739	702	725	687	781	953
Tmem119_+_113800348.23-P1P2	Tmem119	2055	2487	2258	1325	1007	1164	1448	1456	962	1127	1042	1221	1093	1069	1314
Sgk1_+_21994695.23-P1P2	Sgk1	1563	1899	2183	1172	712	813	839	865	784	850	868	1015	1016	950	1104
Ostm1_-_42678952.23-P1P2	Ostm1	1992	2591	2351	1341	937	1322	1213	1162	1067	927	884	1190	963	1070	1282
Acsbg1_+_54661686.23-P1P2	Acsbg1	948	1251	1167	585	377	670	712	609	587	464	382	573	626	587	700
Sqstm1_+_50202952.23-P2	Sqstm1_P2	1377	1938	1959	1130	696	812	996	944	767	759	792	982	962	990	1137
Kcnh4_+_100759736.23-P1P2	Kcnh4	1788	2275	2230	1175	891	1275	1400	1269	901	910	1100	1215	1216	971	1381
Kcnma1_+_23803243.23-ENSMUST00000172099.2,ENSMUST00000074983.6	Kcnma1	859	1034	827	499	407	472	536	379	427	434	488	537	488	488	676
Pink1_-_138326265.23-P1P2	Pink1	1402	1682	1453	1100	701	1051	984	959	719	869	852	881	982	803	1146
Sema6b_+_56140344.23-P1	Sema6b_P1	945	1128	1256	667	468	673	672	529	447	529	515	611	677	602	623
Cisd2_-_135423417.23-P1P2	Cisd2	1620	2026	2034	1043	813	1165	1130	979	767	942	943	1013	1139	1071	1206
Vcp_-_43000462.23-P1P2	Vcp	2082	2540	2296	1385	1022	1232	1269	1287	1046	1009	1152	1155	1339	1213	1492
Dnajb1_+_83608277.23-P1P2	Dnajb1	1730	1898	2251	1288	912	871	1116	887	864	894	948	929	1031	1030	1284
Psma3_+_70974882.23-P1P2	Psma3	1286	1704	1028	954	530	730	814	738	745	788	743	754	789	715	938
Comt_+_18426288.23-P1P2	Comt	1788	2121	1880	1265	727	1072	1106	1067	973	976	1063	1261	1103	986	1265
Tnfrsf21_-_43016618.23-P1P2	Tnfrsf21	1316	1699	1398	1012	634	684	913	815	773	814	851	837	920	929	956
Kif1a_+_93101804.23-P1P2	Kif1a	2436	2847	2890	1587	1206	1614	1466	1528	1120	1245	1425	1421	1513	1495	1664
Aplp1_+_30445482.23-P1P2	Aplp1	1568	1938	1873	1089	667	935	951	850	691	948	994	915	1067	966	1101
Dpysl2_+_66868642.23-P1P2	Dpysl2	1334	1651	1539	1022	695	944	902	799	693	716	829	891	878	830	969
Nr4a2_-_57114907.23-P1	Nr4a2_P1	1108	1477	1640	875	411	706	790	629	611	686	665	699	694	813	758
Sdha_+_74350194.23-P1P2	Sdha	1403	1740	1813	1091	674	950	839	744	672	691	725	752	814	838	965
non-targeting_03693	non-targeting	2900	3388	3581	1692	1125	1896	1773	1603	1563	1579	1543	1688	1777	1683	1998
Stub1_+_25832888.23-P1P2	Stub1	1511	1970	1587	1038	831	989	975	856	794	844	850	862	916	1013	992
Fas_-_34290722.23-P1P2	Fas	1340	1551	1099	1009	644	781	850	812	674	795	727	796	741	866	868
Ddah1_-_145758736.23-P1P2	Ddah1	1554	2049	1931	1105	701	1005	1091	946	725	798	884	1029	1055	957	1146
Tmx2_-_84678447.23-P1P2	Tmx2	1819	2161	1789	1291	717	1099	1218	1092	1049	933	1171	1150	1192	1106	1269
Slc33a1_+_63964529.23-P1P2	Slc33a1	1267	1601	1527	892	539	842	823	786	707	811	792	796	941	763	932
Ap4b1_-_103809644.23-P1P2	Ap4b1	1655	1924	1574	1041	583	998	1065	879	762	784	811	844	937	993	1125
Stmn1_+_134468379.23-P1	Stmn1_P1	839	1082	1140	575	422	591	680	582	540	522	426	531	522	502	672
Taf1_+_101532873.23-P1P2	Taf1	1095	1439	1525	720	442	551	650	637	565	491	447	697	528	588	766
Fgf14_-_124192993.23-ENSMUST00000026631.5	Fgf14	1731	2188	2321	1282	844	1136	1209	1114	961	942	998	1119	1118	1084	1356
Sort1_-_108284121.23-P1P2	Sort1	2279	2955	2491	1581	1024	1482	1462	1463	1165	1268	1449	1461	1506	1570	1672
Entpd1_+_40660068.23-P1P2	Entpd1	925	1277	1092	777	446	507	721	567	517	487	654	578	574	543	707
Wars2_+_99141297.23-P1P2	Wars2	1783	2187	2397	1234	782	1006	1056	1066	901	1075	965	1166	1174	1062	1337
Chat_+_32460870.23-P1	Chat_P1	1419	1809	1587	974	720	865	914	949	728	724	837	834	887	779	1007
Gsk3b_+_38089539.23-P1P2	Gsk3b	881	1109	1109	811	546	732	581	480	468	495	588	596	620	555	686
Decr1_-_15945306.23-P1P2	Decr1	1971	2371	1738	1280	795	1193	1169	1158	942	1007	1132	1101	997	1201	1384
Trem2_-_48346829.23-P1P2	Trem2	1646	2044	1956	1273	737	1103	974	984	975	813	825	977	982	941	1131
Timp3_+_86300632.23-P1P2	Timp3	2353	2826	1908	1429	1062	1492	1492	1341	1282	1235	1415	1476	1358	1304	1544
Zfp74_+_29954023.23-P1P2	Zfp74	1410	1613	1254	754	598	786	732	831	620	834	704	737	808	866	932
1600014C10Rik_+_38183929.23-P1P2	1600014C10Rik	934	1206	1147	819	357	713	641	576	461	520	595	639	643	590	567
Mtmr2_+_13749261.23-P1P2	Mtmr2	1453	1692	1654	812	806	905	908	709	842	805	795	1022	957	871	1071
Xrcc1_+_24547328.23-P1P2	Xrcc1	1396	1717	1679	1037	678	822	823	786	659	772	772	867	830	849	1064
Tubb5_-_35838232.23-P1P2	Tubb5	2186	2684	2588	1514	968	1402	1369	1264	1110	1141	1118	1172	1313	1312	1491
Mars2_+_55237298.23-P1P2	Mars2	1589	1958	1522	1105	786	921	940	898	798	831	833	912	935	875	943
Aqp4_+_15403598.23-P1P2	Aqp4	1358	1646	1558	863	643	939	808	807	734	753	749	842	966	868	943
Aldh18a1_+_40588364.23-P1P2	Aldh18a1	1161	1420	1435	723	662	717	827	622	585	809	672	863	862	774	875
Pld3_+_27542737.23-P1	Pld3_P1	1620	2065	1653	1119	649	1010	1109	1161	788	897	939	967	1035	981	1109
Mapk1_+_16983401.23-P1P2	Mapk1	1150	1462	1148	789	545	756	738	636	523	562	660	696	739	656	835
Ager_+_34598064.23-P1P2	Ager	2024	2440	2444	1454	925	1237	1273	1175	1096	1189	1156	1195	1292	1121	1346
Dctn2_+_127266384.23-P1P2	Dctn2	1038	1159	1282	780	446	681	621	551	370	563	524	602	613	591	744
Plcb1_-_134786242.23-P1P2	Plcb1	964	1081	968	615	369	529	590	625	479	478	518	504	509	528	602
Clcn6_+_148038773.23-P1P2	Clcn6	785	1001	894	524	391	536	621	541	486	507	447	441	529	545	500
Mtdh_+_34082719.23-P1P2	Mtdh	1565	2025	1608	1248	748	1085	1290	1023	804	996	935	1011	993	993	1241
Gnb4_-_32616523.23-P1P2	Gnb4	1551	1990	1804	1138	695	836	1177	990	818	865	968	1027	1030	860	1140
Hpx_+_105600071.23-P1P2	Hpx	1635	1918	1569	1092	683	1045	956	906	819	932	899	1076	1005	997	1252
Cyp2d9_-_82452861.23-P1P2	Cyp2d9	2326	2936	1993	1759	1010	1630	1553	1448	1552	1361	1339	1416	1614	1471	1619
Ctsb_+_63122695.23-P1P2	Ctsb	1512	1811	1650	1043	736	861	919	855	718	852	750	851	943	913	985
Psmc1_-_100110193.23-P1P2	Psmc1	1467	1875	1745	1057	626	945	928	859	797	758	777	789	924	845	1005
Syne1_+_5550563.23-ENSMUST00000041639.5	Syne1	1575	1871	1933	1102	669	931	1134	999	888	814	851	922	1030	968	1110
Bag6_+_35135253.23-P1P2	Bag6	1317	1595	1308	857	622	785	760	851	799	810	859	824	827	854	886
Fzd4_-_89404404.23-P1P2	Fzd4	1669	2089	2435	1276	729	962	1175	942	789	970	873	1040	1076	1030	1193
Supt3_+_44777321.23-P1P2	Supt3	1320	1712	1352	959	555	801	880	785	724	728	775	907	908	840	840
Sugp1_+_70043107.23-P1P2	Sugp1	1927	2260	2692	1362	940	1041	1312	1059	1015	1223	1126	1077	1275	1180	1302
Il17a_-_20730972.23-P1P2	Il17a	2004	2570	2535	1399	908	1289	1348	1269	1100	1102	1108	1273	1271	1216	1510
Trem2_-_48346611.23-P1P2	Trem2	1828	2358	1857	1359	864	1229	1268	1121	788	1024	1039	1098	1117	1115	1294
Ndufs2_+_171247081.23-P1	Ndufs2_P1	1682	2063	1953	1142	741	1139	1033	1173	824	914	886	983	1096	981	1199
Trim2_-_84259725.23-P2	Trim2_P2	1451	1895	1630	1011	745	959	995	851	824	831	715	918	860	903	1157
non-targeting_02828	non-targeting	982	1216	1004	543	535	547	579	496	520	539	523	589	538	645	552
Ttpa_-_20008470.23-P1P2	Ttpa	1928	2377	1999	1346	764	1149	1189	1137	1039	1086	989	1265	1232	1220	1424
Tnfrsf1b_-_145246790.23-P1P2	Tnfrsf1b	1578	1945	1966	924	613	756	1014	921	962	803	879	887	1003	887	1024
Gba_+_89202920.23-P1P2	Gba	1027	1395	927	693	518	659	724	616	545	518	609	701	664	605	735
Crebbp_+_4213706.23-P1P2	Crebbp	1790	2256	2243	1263	803	1352	1267	1106	923	1044	1057	1120	1151	1112	1291
Slc1a3_-_8710195.23-P1P2	Slc1a3	918	1160	915	763	495	480	593	578	498	501	547	582	677	572	686
Slc25a38_-_120110619.23-P1	Slc25a38_P1	2016	2489	2224	1385	849	1146	1239	1110	936	1225	1061	1185	1421	1193	1395
Folr1_-_101870560.23-P1	Folr1_P1	1569	1958	1678	1099	669	993	837	928	837	891	927	967	1012	945	1038
Adcyap1_+_93199175.23-P1P2	Adcyap1	1456	1724	1671	1036	642	1016	1062	844	727	752	797	854	860	801	985
Cyp2u1_+_131303129.23-P1P2	Cyp2u1	1198	1452	1216	780	553	814	743	641	658	655	688	798	862	721	878
Il6_-_30013425.23-P1P2	Il6	1039	1238	1075	723	372	616	627	636	553	546	535	576	663	571	615
Folr1_+_101863901.23-P2	Folr1_P2	2127	2625	2548	1361	1037	1386	1349	1239	1089	1203	1127	1206	1441	1341	1506
Ppp3r1_+_17159384.23-P1P2	Ppp3r1	1285	1542	1513	1010	591	799	891	825	702	724	649	741	893	778	981
Dpp6_-_27261954.23-P1	Dpp6_P1	2152	2615	2184	1514	1092	1275	1421	1253	1204	1348	1199	1254	1520	1308	1454
Phpt1_+_25574634.23-P1P2	Phpt1	1826	2253	2108	1361	733	1213	1210	1120	992	1082	1072	1022	1191	1136	1318
Stx1a_-_135041244.23-P2	Stx1a_P2	1093	1391	1064	782	602	683	787	619	574	515	578	694	687	661	798
Cln5_+_103070323.23-P1P2	Cln5	1239	1619	1638	916	562	905	817	849	630	754	682	848	762	711	914
Gba2_+_43578807.23-P1P2	Gba2	1645	2080	1524	1165	672	1031	1001	1025	959	879	990	981	1020	969	1063
Rmdn3_-_119156739.23-P1P2	Rmdn3	1095	1256	1401	714	414	677	731	691	710	470	518	692	670	577	812
Dnajb2_+_75236660.23-P1P2	Dnajb2	821	996	974	521	414	604	554	524	379	458	485	524	505	539	584
Kcna1_+_126645762.23-P1P2	Kcna1	1478	1756	1512	1058	630	902	994	799	736	750	813	892	897	814	1016
Mnat1_-_73123781.23-P1P2	Mnat1	1374	1794	1561	982	651	851	838	857	882	788	769	892	929	799	1049
Slc25a46_-_31609839.23-P1P2	Slc25a46	1930	2280	2374	1260	867	1175	1114	1109	972	1181	1150	1206	1306	1189	1462
Psmb7_+_38643895.23-P1P2	Psmb7	1226	1519	1494	855	602	813	830	742	585	717	805	725	866	717	879
Kcne3_-_100176783.23-P2	Kcne3_P2	2554	3070	2631	1776	1095	1569	1717	1727	1539	1428	1296	1599	1463	1454	1816
Hmbs_+_44342226.23-P1	Hmbs_P1	1086	1303	1075	837	491	662	742	637	608	606	653	599	770	665	832
Iba57_-_59163713.23-P1P2	Iba57	1102	1377	1502	658	434	650	757	662	621	608	574	612	735	673	781
Dkk1_-_30549459.23-P1P2	Dkk1	1621	1883	1929	1111	602	910	944	883	859	902	916	948	1070	910	976
Npc1_-_12236345.23-P1P2	Npc1	1640	1961	1545	1103	657	1014	1115	973	908	834	908	942	905	919	1127
Serpina3i_-_104263171.23-P1P2	Serpina3i	933	1231	1408	787	485	632	704	564	642	555	589	619	570	586	689
Ntrk2_+_58807874.23-P1P2	Ntrk2	1205	1452	1346	819	483	821	819	807	559	754	769	707	738	600	871
Inpp4a_-_37299920.23-P1P2	Inpp4a	1548	1783	1775	1120	807	1074	989	1122	864	873	967	1013	966	1017	1108
Phex_-_157415216.23-P1P2	Phex	1104	1355	1142	759	445	627	712	655	525	609	667	735	652	641	828
Actr1b_-_36709930.23-P1P2	Actr1b	1616	1901	1777	1156	623	1011	1054	862	812	788	890	901	1055	999	1165
Acbd5_-_23069131.23-P1P2	Acbd5	1188	1621	1762	891	558	826	794	731	747	790	782	781	746	832	973
Slc6a4_+_76998801.23-P2	Slc6a4_P2	1807	2059	2034	1267	952	1089	1133	1014	915	1026	1066	1185	1232	1040	1227
Thy1_-_44043452.23-P1P2	Thy1	1259	1578	1237	819	553	810	809	847	551	802	825	815	971	915	930
non-targeting_03856	non-targeting	1990	2240	1984	1412	899	1083	1253	1226	1044	1069	1183	1178	1155	1202	1357
Pvalb_-_78206175.23-P1	Pvalb_P1	1856	2147	1869	1269	793	1166	1195	1102	908	1066	1140	1115	1227	973	1245
Spg11_-_122118298.23-P1P2	Spg11	1088	1335	1296	734	447	747	710	771	691	496	591	539	666	662	697
Synm_+_67759723.23-P1P2	Synm	2025	2408	2662	1284	1022	1264	1375	1187	1261	1035	1193	1293	1224	1278	1395
Pak1_+_97842956.23-P1P2	Pak1	1794	2106	2006	1064	811	1019	1222	1091	998	958	895	1081	1102	1019	1252
Sbf2_+_110614887.23-P1P2	Sbf2	1929	2255	2403	1404	922	1294	1227	1148	1067	1093	1023	1230	1126	1145	1278
Dock2_+_34783769.23-P1P2	Dock2	1573	1903	1852	1220	733	1015	1060	1007	891	893	951	994	1014	942	1134
Ar_-_98149676.23-P1P2	Ar	1771	2213	2507	1260	787	1019	1170	1141	944	935	1059	1063	1279	1024	1237
Ambra1_-_91730206.23-P1P2	Ambra1	1456	1895	2087	1157	698	953	951	994	936	931	891	1040	1000	991	1238
Rgs10_-_128418146.23-P1P2	Rgs10	708	925	801	492	295	531	477	467	439	386	477	462	478	408	594
Klc1_-_111758950.23-P1P2	Klc1	883	1133	981	560	428	452	555	525	512	537	480	478	597	516	670
Tomm40_-_19715172.23-P1P2	Tomm40	1109	1481	1327	761	525	755	739	704	639	612	587	738	645	628	758
Homer1_+_93304169.23-P1P2	Homer1	1363	1740	1918	1035	797	916	949	866	733	710	855	885	853	878	1067
Il2_-_37125972.23-P1P2	Il2	1182	1410	1581	919	543	763	854	806	669	681	707	751	730	691	766
Calb2_+_110168162.23-P1P2	Calb2	1199	1583	1227	900	459	618	802	742	584	737	659	674	831	832	904
Atrip_+_109074090.23-P1P2	Atrip	989	1100	1194	637	425	540	609	511	442	581	609	614	781	568	705
Wnt8b_+_44493529.23-P1P2	Wnt8b	865	1161	1028	710	443	582	603	581	447	556	570	569	670	571	621
Oxr1_+_41447343.23-ENSMUST00000110297.2,ENSMUST00000090096.4	Oxr1	1782	2288	1826	1261	754	1072	1155	1068	811	1164	1094	1091	1099	1138	1158
Atp5o_-_91931494.23-P1P2	Atp5o	1381	1649	1679	892	625	899	921	819	705	660	824	816	907	845	977
Tmem175_-_108629900.23-P1P2	Tmem175	1018	1241	1580	818	430	627	620	649	577	651	566	561	659	640	803
Tubb6_-_67390935.23-P1P2	Tubb6	2177	2704	2409	1493	803	1257	1477	1205	966	1242	1268	1313	1304	1200	1627
Cyp2d11_+_82393535.23-ENSMUST00000170255.1	Cyp2d11	881	1061	1069	568	373	428	609	486	407	478	559	552	554	534	580
Pick1_-_79229473.23-P1P2	Pick1	789	973	1023	641	281	582	426	423	451	439	449	532	567	460	577
Zfp74_-_29954028.23-P1P2	Zfp74	754	986	833	594	320	404	469	427	377	361	375	384	487	416	586
Vamp1_+_125215639.23-P1	Vamp1_P1	1556	1758	2093	1008	719	850	964	850	851	931	803	1048	1054	867	1114
Tgm6_+_130123330.23-P1P2	Tgm6	1875	2185	2250	1215	808	1008	1207	1005	886	1086	881	1066	1079	993	1246
Ppp3r2_-_49681979.23-P1P2	Ppp3r2	1619	2167	2271	1202	683	1042	1119	970	823	954	1021	1023	1081	1014	1193
Dvl3_-_20517067.23-P1P2	Dvl3	1311	1676	848	900	496	819	743	706	712	822	787	772	769	800	933
Zfp46_+_136284733.23-P1	Zfp46_P1	492	644	454	351	206	251	322	278	287	241	265	313	268	272	416
Gdap2_+_100162547.23-P1P2	Gdap2	1759	2277	1863	1208	918	1198	1172	1166	944	985	1079	1105	1041	1159	1384
Ttbk2_+_120850345.23-P1P2	Ttbk2	1705	2113	2122	1199	738	995	1149	954	817	987	1021	932	1133	1036	1126
Prickle2_-_92706146.23-P1	Prickle2_P1	2175	2783	2298	1696	1049	1336	1473	1354	1117	1224	1230	1206	1234	1308	1598
Nkx6-2_-_139582764.23-P1P2	Nkx6-2	1545	1905	1557	1086	671	822	1085	865	893	898	875	943	1006	963	1063
Mcoln1_-_3500509.23-P1P2	Mcoln1	1582	2168	1875	1096	752	1188	1121	1002	922	839	897	978	1172	990	1147
Ndufv3_-_31520238.23-P1P2	Ndufv3	1326	1672	1528	968	551	688	802	842	525	738	825	858	796	874	1013
Lyst_-_13590461.23-P1P2	Lyst	1699	1995	1753	1087	797	1022	1121	1019	812	864	974	903	1062	972	1243
Wnt6_+_74771974.23-P1P2	Wnt6	833	1081	992	608	423	637	560	565	473	519	501	531	482	572	668
Sds_+_120476593.23-P1P2	Sds	1170	1535	1521	859	539	908	863	743	568	683	713	853	807	791	947
Serpina3k_+_104338781.23-P1P2	Serpina3k	1208	1435	1207	841	393	703	702	711	602	649	626	639	774	710	790
Slc25a38_-_120114994.23-P2	Slc25a38_P2	1257	1673	1779	892	573	941	915	757	685	737	667	709	881	775	949
Fgf2_+_37348376.23-ENSMUST00000138563.2	Fgf2	542	711	961	418	255	346	474	415	259	407	399	361	328	325	448
Txn2_+_77928950.23-P1	Txn2_P1	1146	1362	1116	777	514	782	725	644	666	653	739	693	646	655	770
Vdac1_-_52361156.23-P1P2	Vdac1	1120	1492	1465	803	514	583	692	811	646	561	667	771	716	725	827
Slc12a1_-_125152715.23-P1P2	Slc12a1	1519	1780	1798	999	682	831	974	835	795	868	831	854	826	933	1051
Pitrm1_-_6548217.23-P1P2	Pitrm1	1855	2422	2315	1242	899	1324	1195	1096	1079	1094	1124	1109	1239	1062	1280
Cp_-_19957276.23-P1P2	Cp	970	1286	1206	733	444	563	742	695	523	535	714	638	661	638	697
Fgfr4_+_55152879.23-P1P2	Fgfr4	1204	1678	1410	903	573	735	786	753	741	653	670	741	797	856	723
2410137M14Rik_+_36981162.23-P1P2	2410137M14Rik	1235	1539	1561	924	617	814	722	739	726	687	707	810	774	728	886
Reps1_-_18055613.23-P1P2	Reps1	1450	1832	1947	1183	614	1036	978	962	787	796	898	950	925	982	1149
Pdha1_+_160138306.23-P1P2	Pdha1	2143	2935	2558	1771	896	1531	1537	1451	1220	1096	1255	1496	1365	1394	1600
Ywhae_-_75733173.23-P1P2	Ywhae	449	540	522	354	190	363	319	278	221	201	207	323	308	296	315
Tfpi2_-_3968363.23-P1P2	Tfpi2	2894	3607	3198	2023	1236	1702	2014	1829	1218	1707	1704	1695	1639	1828	1975
Pnpt1_+_29130792.23-P1P2	Pnpt1	1179	1430	1219	897	554	535	744	708	500	568	607	716	632	597	762
Reep2_-_34840686.23-P1P2	Reep2	1697	2053	2445	1152	722	1115	1108	1014	750	857	911	1102	926	1009	1168
Tubal3_+_3924702.23-P1P2	Tubal3	1599	2009	2254	1295	832	1163	1096	1001	831	778	956	986	1042	1079	1119
Cdc27_-_104550495.23-P1P2	Cdc27	931	1177	1088	694	416	551	665	663	470	569	567	601	631	578	592
Wnt2_-_18030383.23-P1P2	Wnt2	1409	1689	2126	901	592	870	936	973	722	827	774	834	968	880	1065
2810006K23Rik_+_124328209.23-P1P2	2810006K23Rik	1471	1794	1391	1004	596	806	980	963	713	738	848	936	806	791	967
Plb1_+_32247521.23-P1P2	Plb1	1556	2106	2130	1219	772	1093	1081	1064	917	982	1040	1077	1154	1029	1208
Ap4s1_+_51691234.23-P1P2	Ap4s1	2507	2895	2896	1747	1024	1509	1780	1587	1472	1401	1372	1652	1538	1395	1794
Aldh18a1_+_40588361.23-P1P2	Aldh18a1	1554	1837	2054	832	720	882	834	931	748	822	763	912	1019	851	1056
Ngf_-_102469995.23-P1P2	Ngf	1245	1550	1246	938	654	790	871	792	682	743	726	789	748	805	824
Kynu_-_43555429.23-P1P2	Kynu	999	1158	1420	680	357	650	640	562	484	517	600	742	617	560	712
Rho_-_115931983.23-P1P2	Rho	1879	2396	2383	1296	877	1242	1294	1137	982	1099	1153	1149	1243	1208	1489
Pik3r4_+_105643002.23-P1P2	Pik3r4	1385	1807	1741	900	624	919	839	764	529	618	540	716	640	674	881
Atg12_-_46741503.23-P1P2	Atg12	1446	1725	1933	1036	616	876	887	814	807	829	784	927	932	882	1013
Ndufa5_-_24527506.23-P1P2	Ndufa5	1647	2096	1859	1289	841	1067	1053	1057	1002	1061	1025	966	1180	1048	1195
Acbd5_-_23069144.23-P1P2	Acbd5	987	1252	1209	715	454	722	725	662	581	584	521	541	646	633	668
Pin1rt1_-_104716322.23-ENSMUST00000099659.2	Pin1rt1	2039	2685	2785	1503	996	1085	1471	1318	1055	1178	1204	1275	1380	1233	1534
Tubb2b_-_34130143.23-P1P2	Tubb2b	1629	2094	1897	1075	738	1007	1089	900	979	960	1052	984	1049	951	1132
Epm2a_+_11343497.23-P1P2	Epm2a	1754	2270	2358	1370	807	1189	1154	1264	949	1066	1029	1041	1181	1041	1322
Apc2_-_80301072.23-P1	Apc2_P1	1036	1222	1459	758	433	734	670	711	574	587	621	628	652	629	754
Camk2b_+_6065133.23-P1P2	Camk2b	1055	1384	974	825	479	704	737	740	473	610	685	639	742	705	790
Klc3_+_19399873.23-P1	Klc3_P1	1284	1635	1466	925	535	713	794	825	736	681	727	791	797	783	945
Oard1_+_48410302.23-P1P2	Oard1	2261	2897	2751	1666	1019	1510	1565	1457	1177	1300	1295	1490	1478	1416	1786
Slc1a1_-_28835153.23-P1P2	Slc1a1	1846	2505	2047	1510	1016	1528	1178	1090	1006	1062	1196	1288	1168	1273	1417
Tubal3_-_3924771.23-P1P2	Tubal3	1500	1899	1738	989	670	999	1050	997	789	818	905	992	984	926	1059
Slc18a2_-_59260959.23-P1P2	Slc18a2	1965	2437	2598	1315	861	1394	1297	1339	942	1122	1176	1184	1169	1233	1402
Psmc3_-_91054294.23-P1P2	Psmc3	1292	1719	1274	701	439	710	631	652	418	543	476	718	487	644	711
Toe1_-_116807491.23-P1P2	Toe1	1961	2292	2127	1342	904	1282	1155	1108	1022	1086	1142	1132	1135	1144	1246
Dicer1_+_104751870.23-P1P2	Dicer1	1011	1211	1493	684	506	696	653	607	586	564	558	609	761	523	783
Hdac9_-_34528814.23-P1P2	Hdac9	1507	1821	1680	1127	503	918	933	840	864	842	819	1044	975	949	1162
Atp5o_+_91931387.23-P1P2	Atp5o	2323	2691	2755	1469	1040	1414	1515	1234	1307	1337	1253	1454	1543	1233	1693
Stx1a_-_135023576.23-P1	Stx1a_P1	1710	2145	1661	1359	776	1015	1307	1143	909	969	1045	1135	1197	1029	1359
Mapk12_+_89140657.23-P1P2	Mapk12	870	1064	1238	632	429	519	596	548	469	480	460	528	542	514	592
Arl6ip1_+_118129497.23-P1P2	Arl6ip1	2180	2703	2637	1554	1015	1393	1437	1254	1297	1329	1341	1404	1441	1353	1592
H2-M10.5_+_36773381.23-ENSMUST00000041531.6	H2-M10.5	968	1233	1287	682	404	672	687	703	453	608	550	591	538	582	671
Bcl10_+_145924366.23-P1P2	Bcl10	2502	2888	3050	1604	968	1772	1574	1337	1321	1326	1321	1447	1728	1441	1705
Mapk13_+_28769367.23-P1P2	Mapk13	2239	2603	2428	1472	1055	1419	1371	1367	1142	1320	1190	1241	1475	1433	1708
Sv2a_+_96181257.23-P1P2	Sv2a	1163	1426	1693	858	515	820	762	712	622	608	781	798	891	740	923
Slc17a6_-_51622130.23-P1P2	Slc17a6	2176	2937	2891	1600	1029	1424	1554	1451	1154	1288	1425	1431	1544	1422	1610
Nos1_-_117841991.23-P1P2	Nos1	1360	1757	1685	912	644	939	1040	817	574	806	851	948	892	907	1053
Mthfr_-_148039178.23-P1	Mthfr_P1	1456	1898	2058	1077	683	1077	976	964	762	892	866	949	1111	1005	1112
Atp2a2_-_122502157.23-P1P2	Atp2a2	1627	2157	1898	1143	654	1109	1107	993	764	884	830	915	897	932	1173
Gabpa_+_84835407.23-P1P2	Gabpa	1202	1517	1266	834	513	726	793	695	537	705	650	723	680	716	823
Cox4i1_-_120668321.23-P1P2	Cox4i1	1860	2320	2247	1382	732	1119	1270	1203	1015	988	918	962	1096	989	1301
Gpx1_+_108339087.23-P1P2	Gpx1	2026	2564	2475	1482	913	1446	1474	1230	1186	1247	1159	1334	1457	1311	1642
Slc44a1_+_53440484.23-P1P2	Slc44a1	1536	1955	1782	1175	759	881	1070	1023	807	882	905	942	1085	985	1186
Tlr2_+_83841549.23-P1P2	Tlr2	1472	1794	2128	888	664	966	1058	862	671	812	928	839	923	941	1151
Psmc6_-_45329837.23-P1P2	Psmc6	1382	1611	1115	875	634	883	820	748	771	789	633	696	802	818	849
Aicda_-_122553904.23-P1P2	Aicda	1581	1912	1727	1077	661	1016	1079	929	885	854	806	856	968	821	1021
Tbcd_-_121452029.23-P1P2	Tbcd	1517	2016	1855	1004	630	848	1188	954	740	762	630	1032	808	863	960
Icam1_+_21015969.23-P1P2	Icam1	1498	1871	1767	1125	676	859	888	967	720	810	941	957	937	1033	1041
Bean1_+_104170616.23-P1P2	Bean1	1035	1277	923	704	592	616	764	681	475	539	561	542	745	614	641
Elavl2_+_91376432.23-P1P2	Elavl2	1013	1232	1419	607	436	696	679	590	559	481	527	614	610	626	777
Jph3_+_121730162.23-P1P2	Jph3	1258	1549	1195	957	573	729	929	885	649	817	711	780	815	841	831
Sh3tc2_-_61953119.23-P1P2	Sh3tc2	2096	2547	2596	1330	975	1012	1370	1229	1182	1079	1235	1270	979	1178	1349
Plxna4_+_32588136.23-P1P2	Plxna4	1502	1793	1773	1046	687	891	1036	942	862	718	760	875	888	847	1043
Psen2_+_180255966.23-P1	Psen2_P1	2049	2387	2459	1414	952	1321	1182	1222	950	1066	1095	1287	1135	1169	1358
Tuba4a_+_75219406.23-P1P2	Tuba4a	1657	1899	1557	1121	594	914	1031	887	1128	880	783	1037	905	855	1127
Ppt2_+_34627349.23-P1P2	Ppt2	1774	2186	2271	1247	820	1309	1279	1132	1070	906	990	1152	1145	1190	1314
Cxcl10_-_92348840.23-P1P2	Cxcl10	1718	2088	1831	1198	693	1124	1170	949	776	842	1044	916	1075	963	1066
Nox4_+_87246794.23-P1P2	Nox4	1308	1803	1911	928	632	996	899	839	770	675	821	813	909	924	1208
Uqcrfs1_-_30545248.23-P1P2	Uqcrfs1	1468	1914	1753	1125	640	814	1053	945	697	743	863	886	873	808	999
Aif1_-_35172555.23-P1P2	Aif1	1287	1470	1597	907	565	785	898	793	662	676	717	908	799	819	918
Becn1_-_101302253.23-P1P2	Becn1	1081	1303	1427	744	463	665	626	603	574	587	496	700	710	602	773
Foxo1_-_52268444.23-P1P2	Foxo1	1026	1282	1024	717	437	634	766	627	522	615	523	686	623	670	806
Sh3tc2_+_61953065.23-P1P2	Sh3tc2	1795	2119	1947	1334	746	1048	1108	1131	951	888	984	1140	1014	1018	1316
Ina_-_47014749.23-P1P2	Ina	1971	2374	2489	1427	905	1181	1292	1183	1157	1080	1100	1172	1164	1207	1376
H2-T24_-_36020478.23-P1P2	H2-T24	1794	2241	2036	1201	896	1059	1276	1167	865	958	1080	1131	1164	1126	1213
Tubb4b_-_25224452.23-P1P2	Tubb4b	1663	1990	1538	1007	785	995	1085	1075	905	820	862	1064	963	1018	1258
Ctsd_-_142387640.23-P1P2	Ctsd	1272	1724	2167	950	607	820	787	810	616	701	568	854	744	728	934
Ndufb6_+_40279328.23-P1P2	Ndufb6	1070	1195	1362	719	481	667	619	538	618	498	601	629	653	527	753
Cox7b2_-_71548186.23-P1P2	Cox7b2	1356	1631	1426	977	693	883	974	829	821	705	735	917	835	783	969
Trpm7_+_126876217.23-P1P2	Trpm7	1683	1963	1943	1115	827	982	1299	1089	1024	975	862	928	1028	977	1139
C9_+_6445373.23-P1P2	C9	1221	1597	1279	867	560	751	839	621	651	711	713	810	872	780	876
Txn1_+_57956276.23-P1P2	Txn1	626	855	514	406	256	488	357	371	365	332	393	386	415	464	430
Pik3r4_+_105643062.23-P1P2	Pik3r4	1526	1921	2112	1114	739	935	922	927	816	751	747	858	889	950	1075
Ptn_-_36810114.23-P1P2	Ptn	1443	1834	1671	1119	652	886	1074	891	693	799	823	923	904	887	990
Rtn4_-_29693005.23-P1P2	Rtn4	624	986	1052	537	362	549	484	392	384	433	464	451	437	446	530
Reep1_-_71707884.23-P1P2	Reep1	1349	1538	1662	895	523	822	842	745	622	744	673	773	680	764	948
Sepsecs_-_52669692.23-P1P2	Sepsecs	1010	1376	1025	706	524	633	669	542	363	504	444	558	498	521	660
Plekhg5_+_152086939.23-P1P2	Plekhg5	1740	2194	2131	1316	798	978	1050	1047	867	1011	973	1032	1170	1030	1368
Fgf1_-_38918616.23-P1P2	Fgf1	1046	1384	1230	713	477	650	690	624	566	548	608	624	681	640	747
Vps13a_-_16780868.23-P1P2	Vps13a	1724	2129	2275	1298	778	1152	1277	991	969	1078	1091	1128	1229	940	1297
Txndc5_-_38528746.23-P1P2	Txndc5	1135	1457	1605	866	556	876	852	772	692	674	711	697	791	810	883
Emc1_-_139352704.23-P1P2	Emc1	1776	2347	2475	1195	777	908	1042	1028	861	950	983	1140	1075	1176	1253
Akt1_+_112674172.23-P1P2	Akt1	2124	2650	3029	1602	1004	1391	1488	1348	1323	1313	1356	1406	1457	1425	1700
Kitl_-_100015889.23-P1P2	Kitl	1302	1912	2003	1114	651	896	1013	988	722	783	884	840	998	959	980
Cox5b_+_36691549.23-P1P2	Cox5b	1919	2177	2243	1306	838	1441	1187	1158	1058	1067	1124	1159	1226	1216	1365
Vcam1_-_116129418.23-P1P2	Vcam1	1005	1328	995	701	503	645	767	583	524	561	635	716	666	634	827
Syt14_+_193035631.23-P1P2	Syt14	2010	2334	2005	1321	799	1133	1173	1224	965	1125	991	1070	1070	1217	1320
Cetn1_+_9619448.23-P1P2	Cetn1	1303	1454	1465	827	540	772	826	744	692	696	719	729	753	724	957
Ighmbp2_-_3282775.23-P1P2	Ighmbp2	1031	1409	1085	702	528	572	789	638	649	503	641	623	596	656	683
Timm8a1_-_134541803.23-P1P2	Timm8a1	1094	1295	1340	709	469	763	666	670	674	614	572	699	697	666	812
Slc11a2_-_100423018.23-P1	Slc11a2_P1	1496	1823	1854	947	529	949	1084	952	781	916	779	1032	1036	997	1190
Pnp2_-_50956186.23-P1P2	Pnp2	914	1040	1302	537	314	546	523	520	477	582	529	411	632	543	686
Tardbp_+_148626750.23-P1P2	Tardbp	2357	2710	2970	1415	1099	1509	1507	1259	1270	1307	1133	1344	1398	1414	1499
Atp5a1_+_77774087.23-P1P2	Atp5a1	1768	2076	1896	1368	826	1064	1159	1033	998	926	890	993	1048	991	1076
Mapt_+_104231529.23-P1P2	Mapt	988	1359	1486	741	489	704	705	626	527	583	574	685	659	657	808
Casp6_-_129901502.23-P1P2	Casp6	1350	1565	1185	949	551	821	900	811	673	680	748	823	903	842	872
Pitrm1_-_6548246.23-P1P2	Pitrm1	2012	2396	2076	1352	906	1204	1375	1186	1061	930	1117	1156	1296	1127	1345
Cycs_+_50566535.23-P1P2	Cycs	1374	1573	1613	789	615	831	864	789	635	750	722	796	893	932	905
Uchl1_-_66676322.23-P1P2	Uchl1	2097	2490	2415	1476	950	1290	1370	1149	971	1226	1167	1279	1390	1263	1424
Clp1_+_84727216.23-P1P2	Clp1	978	1258	961	695	525	671	670	631	503	705	571	634	579	665	766
Atrip_+_109074051.23-P1P2	Atrip	1752	2334	2056	1254	820	1202	1265	1122	1001	926	1024	1098	1185	1028	1344
Serpina3n_-_104406776.23-P1P2	Serpina3n	1185	1556	1600	958	593	834	892	736	635	633	794	694	787	713	907
Lrsam1_+_32961582.23-P1P2	Lrsam1	1493	1823	1607	1039	695	914	1070	972	547	914	811	914	848	952	1031
Rims2_+_39198200.23-ENSMUST00000082054.5,ENSMUST00000042917.9	Rims2	1118	1593	1594	840	639	805	1024	795	593	681	802	823	779	832	926
Calb1_-_15881277.23-P1P2	Calb1	887	1066	1217	594	373	503	565	504	425	464	478	588	574	441	643
Rnf170_-_26119691.23-P1P2	Rnf170	1274	1568	1395	875	549	703	760	751	673	616	726	813	745	780	873
Hdac6_+_7947778.23-P1P2	Hdac6	1645	1999	1781	1124	861	1171	1048	1127	754	1031	942	976	1129	1148	1213
Atf6_-_170867691.23-P1P2	Atf6	1305	1519	1350	972	612	951	945	788	762	780	859	846	871	805	955
Npy_+_49822771.23-P1P2	Npy	1719	2060	2357	1159	854	1229	1073	950	881	978	1136	1002	1035	1072	1191
Exosc8_+_54734999.23-P1P2	Exosc8	1022	1090	976	675	461	684	692	709	553	507	536	646	642	599	668
Hace1_+_45577892.23-P1P2	Hace1	1710	1961	1957	1349	779	979	1053	992	873	929	985	1083	1069	976	1114
Lrp6_+_134566957.23-P1P2	Lrp6	1986	2242	2495	1336	1025	1379	1387	1153	1015	1088	1120	1282	1141	1227	1427
Syt14_-_193035680.23-P1P2	Syt14	1849	2109	2446	1309	717	1219	1155	1141	1103	1132	1018	1036	1194	1079	1286
Uba5_-_104063094.23-P1P2	Uba5	1435	1786	1606	858	685	789	905	818	643	696	713	819	801	752	971
Rmdn1_+_19575249.23-P1P2	Rmdn1	1099	1257	1430	604	446	593	816	655	488	597	650	692	691	598	790
Rb1_-_73325779.23-P1P2	Rb1	989	1206	986	754	393	614	642	612	538	615	666	574	630	571	811
Kpna3_-_61439779.23-P1P2	Kpna3	1415	1783	1741	1023	658	874	942	741	628	779	738	820	892	930	1068
Apcs_-_172894930.23-P1P2	Apcs	1373	1576	1919	917	582	929	869	894	644	740	767	730	717	734	950
Parp1_-_180569260.23-P1P2	Parp1	816	1094	1070	568	386	608	533	473	544	549	492	542	469	499	535
Atg14_+_47568376.23-P1P2	Atg14	1781	2281	2305	1328	888	1040	1014	1065	1004	1017	1056	1149	1087	1147	1332
Msc_-_14755921.23-P1P2	Msc	1930	2643	2434	1437	926	1413	1339	1284	823	1160	1342	1283	1318	1200	1296
Kynu_-_43555398.23-P1P2	Kynu	1750	2233	1925	1313	796	1148	1419	1230	944	1068	1038	1047	1187	1170	1335
Hpgds_-_65144632.23-P1P2	Hpgds	1209	1442	1362	701	503	665	736	712	515	754	645	661	740	806	791
Xbp1_-_5521033.23-P1P2	Xbp1	1724	2100	2385	1256	782	1052	982	1028	1036	870	904	1101	961	957	1174
Slc17a7_-_45163983.23-P1P2	Slc17a7	1475	1690	1593	960	682	859	932	872	722	734	736	810	806	821	1061
Rab8a_+_72161368.23-P1P2	Rab8a	576	662	765	432	273	449	388	358	325	339	289	412	392	356	464
Tmx2_-_84677841.23-P1P2	Tmx2	1375	1598	1396	871	528	770	838	780	658	774	733	770	855	778	1023
Lmx1b_+_33640799.23-P1P2	Lmx1b	1620	2025	1897	1115	679	1196	963	1086	884	919	1059	991	1218	1092	1197
Ahsg_+_22892112.23-P1P2	Ahsg	2052	2668	1986	1345	895	1436	1178	1136	1085	1063	1174	1300	1338	1254	1421
Grin2d_-_45870888.23-P2	Grin2d_P2	1953	2346	1879	1361	849	1095	1236	1152	868	1081	1042	1125	1064	1194	1416
Slc7a6os_+_106210874.23-P1P2	Slc7a6os	1724	2203	1984	1352	707	927	1104	1211	900	942	1055	1065	1123	945	1120
Uqcrfs1_+_30545264.23-P1P2	Uqcrfs1	2105	2618	2494	1481	919	1290	1242	1192	1263	1140	1162	1270	1188	1191	1408
Slc17a5_+_78587961.23-P1P2	Slc17a5	1670	2016	2035	1183	765	1087	1048	1063	922	842	841	893	886	857	1212
Ccnf_+_24251329.23-P1P2	Ccnf	1830	2325	2324	1326	943	1124	1145	1169	912	1082	1084	1054	1131	1119	1159
Syn1_+_20920896.23-P1P2	Syn1	1094	1425	1379	876	496	812	922	772	604	627	769	726	717	736	884
Atxn7_-_14012754.23-P1P2	Atxn7	1817	2218	2067	1403	885	990	1152	1086	764	945	968	1103	1078	1148	1191
Il15_-_82403136.23-P1P2	Il15	1308	1535	1765	829	576	780	803	699	626	760	715	805	900	795	951
Scyl1_+_5771341.23-P1P2	Scyl1	1223	1618	1622	1018	666	836	870	743	761	803	657	717	858	877	870
Cyp7b1_-_18243276.23-P1P2	Cyp7b1	1091	1391	1404	813	496	651	741	689	633	597	658	720	770	727	833
Gabarapl1_+_129533223.23-P1P2	Gabarapl1	1033	1381	1110	686	590	607	750	613	599	600	642	721	676	614	868
Eif4g1_+_20673027.23-P1P2	Eif4g1	2354	3009	2980	1666	1281	1482	1617	1425	1262	1347	1376	1575	1460	1562	1816
Tfrc_-_32609026.23-P1P2	Tfrc	1384	1545	1715	843	604	789	908	846	703	627	749	781	804	837	906
Rbfox3_-_118909511.23-P1P2	Rbfox3	1857	2260	1950	2785	1087	2403	3201	1429	1594	1164	1074	1170	1338	1147	1434
Slc25a46_+_31609882.23-P1P2	Slc25a46	1666	1851	1933	1136	668	1099	1081	925	763	821	910	891	871	908	1004
Cyp2d22_-_82380107.23-P1P2	Cyp2d22	799	1015	842	562	326	456	524	461	370	465	504	452	461	415	583
Tjp1_+_65371254.23-P1P2	Tjp1	1495	1946	1735	1058	702	1047	1111	1092	888	846	859	1010	1064	904	1042
Dnajc5_+_181520563.23-P1P2	Dnajc5	1059	1308	1295	750	410	698	729	623	598	656	629	731	790	639	799
H2-T24_+_36020536.23-P1P2	H2-T24	1109	1470	1525	757	519	698	782	773	592	677	745	679	742	715	790
Atxn1_-_45964914.23-P1P2	Atxn1	1165	1585	1662	795	632	774	766	872	690	680	765	815	761	930	880
Ascc1_+_60002881.23-P1P2	Ascc1	998	1229	866	651	468	578	654	670	519	601	565	645	682	567	694
Pmpca_-_26389412.23-P1P2	Pmpca	1739	2139	2177	1024	692	922	1041	999	687	678	490	919	631	801	963
Zbtb20_-_43621351.23-P1P2	Zbtb20	690	780	938	484	321	327	551	489	317	347	369	505	477	424	570
Letm1_-_33782663.23-P1P2	Letm1	2454	3036	3180	1658	1124	1468	1519	1388	1430	1296	1350	1341	1444	1342	1659
Tor1a_-_30967734.23-P1P2	Tor1a	1869	2382	1837	1285	815	1210	1208	1133	873	1023	1227	1229	1223	1144	1389
Gemin4_+_76217521.23-P1	Gemin4_P1	1260	1619	1676	991	604	843	973	783	704	755	712	709	845	766	978
Tuba1b_+_98934446.23-P1P2	Tuba1b	1127	1440	1129	800	530	780	754	709	563	691	670	664	699	713	790
Wnt9b_-_103749730.23-P1P2	Wnt9b	1641	1967	2170	1206	844	1000	1146	1010	983	903	949	1038	1010	1044	1189
Eif2b1_+_124579002.23-P1P2	Eif2b1	968	1138	911	651	511	689	631	608	509	525	513	609	606	562	699
Scarb1_+_125340997.23-P1P2	Scarb1	1331	1523	1149	882	571	738	820	664	878	774	738	692	769	765	978
Nhlrc2_-_56548688.23-P1P2	Nhlrc2	1444	1813	1561	1068	716	997	938	765	714	765	921	966	985	893	997
Alb_+_90460906.23-P1P2	Alb	1611	1962	1727	1056	753	940	1016	997	817	1024	1072	1002	842	822	1106
Zfp74_-_29954002.23-P1P2	Zfp74	1355	1762	1859	1060	679	921	1013	943	896	736	874	962	892	856	1006
Blzf1_+_164307243.23-P1P2	Blzf1	745	935	711	591	297	467	470	452	467	480	506	459	572	515	549
Itm2b_-_73385268.23-P1	Itm2b_P1	1092	1455	1195	860	544	695	722	733	726	605	652	673	770	697	983
Fgf13_-_59134563.23-P1P2	Fgf13	2072	2752	3059	1451	1129	1392	1431	1206	1062	1342	1255	1370	1532	1352	1520
Abcb1a_-_8660105.23-P1P2	Abcb1a	571	692	737	425	219	326	375	337	298	317	302	340	347	331	430
Lrrk2_-_91673319.23-P1P2	Lrrk2	823	929	1092	556	383	585	549	488	530	529	496	575	602	558	648
Slc1a1_+_28835170.23-P1P2	Slc1a1	1609	2026	1798	1025	703	897	1047	1044	958	929	899	910	1033	1017	1043
Hgf_+_16553951.23-P1P2	Hgf	1796	2174	2666	1273	650	1138	1193	1157	989	930	1086	1177	1089	1135	1219
Snap25_-_136713505.23-P1P2	Snap25	722	949	531	463	284	457	457	372	240	323	339	368	421	458	494
Kif5c_+_49619639.23-P1P2	Kif5c	1124	1441	1974	824	498	779	743	727	635	658	664	714	821	743	862
Exosc3_+_45320310.23-P1P2	Exosc3	1154	1642	1490	849	566	746	745	748	662	578	619	610	622	685	710
Scarb2_+_92505462.23-P1P2	Scarb2	2512	3005	3299	1848	1160	1658	1708	1543	1377	1313	1455	1584	1541	1381	1895
Ostm1_+_42678972.23-P1P2	Ostm1	1527	1903	2012	1164	772	934	1034	948	940	793	876	999	1041	951	1114
Tuba4a_-_75219176.23-P1P2	Tuba4a	2335	3034	2334	1614	1088	1638	1539	1402	1364	1411	1392	1406	1564	1470	1694
Mthfr_+_148041180.23-P2	Mthfr_P2	1381	1647	1361	1053	544	896	874	820	794	752	688	821	868	896	892
Nipa1_-_56019509.23-P1P2	Nipa1	1216	1498	1021	851	525	773	673	697	698	719	713	817	699	769	846
Uba7_+_107975642.23-P1	Uba7_P1	1250	1601	1628	941	695	861	840	744	661	670	648	745	749	761	946
Ndufc1_-_51408844.23-P1P2	Ndufc1	1537	2065	1843	979	739	1034	1129	823	768	983	885	1100	1071	926	1236
Bcl2_-_106714220.23-P1P2	Bcl2	2000	2505	2817	1468	918	1310	1323	1206	1105	1279	1234	1289	1495	1318	1472
Atp2a1_+_126463050.23-P1P2	Atp2a1	868	1112	799	546	425	535	519	557	488	415	553	547	579	556	672
Uqcrc1_-_108936707.23-P1P2	Uqcrc1	976	1280	1199	697	475	880	774	577	482	574	543	622	665	598	668
Itgam_-_128062781.23-P1P2	Itgam	1646	2231	2207	1197	785	1133	1184	1078	952	891	1131	1036	1223	1106	1144
Rmdn3_-_119156935.23-P1P2	Rmdn3	1230	1467	1339	928	500	806	731	702	680	611	606	727	748	701	773
Klc3_+_19404081.23-P2	Klc3_P2	1662	1885	1878	1121	681	998	968	934	700	1017	954	1020	895	940	1190
Farsb_-_78488789.23-P1P2	Farsb	1171	1487	1438	756	488	799	892	669	601	590	602	720	734	627	868
Med25_+_44892353.23-P1P2	Med25	1434	1856	1835	986	645	1001	1037	987	852	818	947	958	950	940	1063
Dnah12_+_26771021.23-ENSMUST00000073309.4	Dnah12	1613	1977	2284	1094	754	1066	1007	1021	978	1018	951	978	1149	1061	1212
Chp1_+_119547792.23-P1P2	Chp1	730	934	784	537	355	528	526	482	391	529	424	515	545	438	522
Tgm2_-_158146348.23-P1P2	Tgm2	1683	1963	1992	1149	712	1139	1140	839	741	865	963	941	975	1103	1181
Pawr_+_108332129.23-P1P2	Pawr	1514	1753	1210	1099	704	830	929	866	755	835	821	848	859	953	1004
Bad_+_6941964.23-P1P2	Bad	1750	2167	1653	1318	807	993	1038	1175	997	1077	1183	1026	1206	1113	1273
Rab11a_-_64737681.23-P1P2	Rab11a	1098	1373	1616	823	497	723	793	763	548	763	656	711	808	700	755
Mfn2_+_147904622.23-P1P2	Mfn2	1463	1757	1570	923	615	849	961	819	667	763	703	806	820	805	869
Ezh2_+_47594973.23-P1P2	Ezh2	1589	1909	2010	942	743	841	954	846	782	818	937	919	1104	951	1131
Pgp_-_24470502.23-P1P2	Pgp	1675	2003	1969	1110	813	1034	1058	1087	849	867	1004	1039	952	981	1083
Rac1_-_143527947.23-P1P2	Rac1	1579	2031	1926	1280	750	1015	1061	861	904	905	942	942	996	979	970
Ids_+_70364870.23-P1P2	Ids	1321	1499	1524	1037	590	740	965	810	684	719	823	831	826	768	962
Oxr1_-_41449136.23-ENSMUST00000179393.1	Oxr1	1224	1472	1448	878	466	851	828	763	645	685	741	784	814	851	909
Psmd13_+_140882483.23-P1P2	Psmd13	1196	1436	1537	859	549	709	724	664	720	588	741	735	823	763	948
Glp1r_+_30901856.23-P1P2	Glp1r	1442	1696	1845	877	683	920	901	817	685	771	783	895	927	905	997
Matr3_-_35562259.23-P1P2	Matr3	1906	2290	2142	1362	805	1259	1096	1005	913	1016	1073	1037	1303	1085	1333
Ddhd2_-_25754372.23-P1P2	Ddhd2	933	1278	1041	743	465	475	671	618	592	525	565	613	607	543	692
Slc44a1_+_53440510.23-P1P2	Slc44a1	1298	1607	1192	1026	596	959	990	810	714	761	885	869	931	821	995
Sncaip_+_52768389.23-P1P2	Sncaip	1447	1773	1902	1036	707	901	981	820	888	737	945	902	1017	932	1085
Psmd6_-_14120896.23-P1P2	Psmd6	1262	1487	1578	744	516	699	698	764	432	541	621	662	687	675	728
Tnf_+_35201772.23-P1P2	Tnf	1360	1471	1462	872	508	824	796	725	653	719	713	766	813	685	728
Gpx7_+_108406673.23-P1P2	Gpx7	2418	2983	3174	1648	1273	1358	1674	1511	1395	1291	1480	1497	1358	1564	1767
Pmp22_-_63131591.23-P1	Pmp22_P1	945	1243	1194	724	477	629	610	534	510	510	518	678	648	524	644
Il1a_+_129309925.23-P1P2	Il1a	2149	2709	2531	1570	999	1367	1506	1325	917	1221	1254	1262	1403	1328	1524
Sptbn2_-_4711530.23-P1P2	Sptbn2	556	712	480	426	323	341	407	325	287	287	388	323	361	371	388
Slc39a14_+_70351333.23-P1P2	Slc39a14	634	841	646	490	265	407	413	359	371	372	412	415	443	469	371
Tsen34_-_3693819.23-P1P2	Tsen34	1297	1618	1623	988	588	792	928	855	691	721	680	779	783	739	907
Csf1_-_107760033.23-P1P2	Csf1	1227	1472	1522	705	449	723	814	653	551	662	788	831	862	793	1024
Epm2a_+_11343478.23-P1P2	Epm2a	2017	2457	1807	1314	820	1114	1231	1056	981	1108	1223	1336	1334	1221	1405
Hes3_-_152291592.23-P1P2	Hes3	846	1064	798	682	368	578	563	527	443	444	512	442	497	500	560
Msh2_-_87672577.23-P1P2	Msh2	791	1021	1210	593	413	516	526	508	515	477	490	459	583	454	630
Grin2d_-_45870885.23-P2	Grin2d_P2	935	1145	1113	656	364	510	634	596	560	575	508	571	596	594	582
Kras_+_145250091.23-P1P2	Kras	1919	2263	2358	1414	780	959	1271	1157	901	1110	1023	1143	1146	1167	1262
Npy_-_49822731.23-P1P2	Npy	2197	2460	2319	1433	850	1291	1317	1177	1245	1101	1109	1256	1127	1329	1367
Dnajc5_+_181520560.23-P1P2	Dnajc5	2043	2591	1762	1626	1007	1176	1278	1193	1066	1168	1111	1235	1254	1290	1411
Tmed9_-_55593204.23-P1P2	Tmed9	1636	1993	1822	1038	776	1005	1105	1003	797	911	997	928	962	929	1060
Dnajb2_-_75236466.23-P1P2	Dnajb2	1362	1766	1929	842	606	901	904	846	690	802	829	838	815	841	918
Cd200r4_-_44811819.23-P1P2	Cd200r4	1343	1771	1747	976	696	931	979	845	750	805	820	795	804	827	1066
Bicd2_-_49341625.23-P1P2	Bicd2	1585	1962	1724	1088	671	992	912	863	695	849	981	941	1073	971	1100
Hgf_+_16554101.23-P1P2	Hgf	1534	1688	1921	1090	721	965	1041	913	758	861	919	914	1028	871	1098
Slc25a4_+_46210996.23-P1P2	Slc25a4	1157	1452	1608	883	581	601	852	742	626	701	665	789	749	733	901
Wnt9a_-_59306909.23-P1P2	Wnt9a	1664	1949	2098	1093	702	949	1095	1028	797	1019	950	1051	966	1006	1046
Gad1_-_70562198.23-P1P2	Gad1	2073	2652	2780	1592	1005	1425	1220	1332	1165	1157	1141	1283	1394	1309	1355
Trem2_+_48346520.23-P1P2	Trem2	1786	2187	2262	1293	837	1073	1084	1042	941	1134	1064	1131	1167	1097	1343
Adora2a_-_75317086.23-P1P2	Adora2a	1743	2096	1623	1045	804	937	1086	979	945	946	912	1025	981	1108	1305
Pde8b_-_95222999.23-P2	Pde8b_P2	1669	1966	2103	1081	668	1042	1012	892	959	876	972	968	1249	991	1156
Npy_-_49822750.23-P1P2	Npy	1306	1622	1449	932	600	777	878	827	791	851	676	717	779	803	747
Slc39a14_+_70351394.23-P1P2	Slc39a14	875	1080	1018	577	335	555	475	547	432	533	514	541	643	572	672
Atxn3_+_101958110.23-P1P2	Atxn3	2573	3097	2724	1673	1063	1447	1622	1512	1385	1400	1446	1504	1516	1460	1809
non-targeting_02998	non-targeting	2065	2684	2774	1452	997	1258	1394	1354	1359	1329	1162	1357	1461	1335	1642
Ddah1_+_145758740.23-P1P2	Ddah1	2050	2542	2328	1533	1086	1403	1192	1316	1148	1052	1197	1344	1111	1295	1404
Ddit3_-_127290848.23-P1P2	Ddit3	1383	1636	1532	901	543	947	844	911	732	857	712	855	933	855	942
2810006K23Rik_-_124328196.23-P1P2	2810006K23Rik	2039	2720	2108	1570	971	1175	1407	1258	1037	1141	1192	1256	1424	1211	1462
Trip4_+_65908762.23-P2	Trip4_P2	1675	2110	1974	1196	731	1026	1295	1067	907	939	1041	1076	1002	1060	1375
Kdm1a_+_136602659.23-P1P2	Kdm1a	847	972	798	498	422	480	488	486	469	456	523	442	461	416	568
Kat2b_-_53567022.23-P1P2	Kat2b	1350	1840	1433	989	594	942	975	883	815	724	845	925	910	982	1043
Map2_+_66175341.23-P1	Map2_P1	1871	2116	2223	1252	792	1086	1220	1114	960	1058	1081	1168	1056	1004	1361
Plcg1_-_160731303.23-P1P2	Plcg1	710	901	894	543	260	453	443	474	370	393	468	415	477	413	606
Ube3a_+_59228818.23-P1P2	Ube3a	814	951	680	529	294	485	478	483	354	487	452	429	454	503	582
Psen2_+_180229903.23-P2	Psen2_P2	2044	2476	2268	1526	832	1142	1192	1271	974	1013	1024	1328	1378	1223	1469
Als2_+_59237163.23-P1P2	Als2	1203	1418	1562	887	539	795	830	823	609	696	721	766	861	698	808
Tnr_-_159737552.23-ENSMUST00000111669.3	Tnr	2424	2917	2585	1787	941	1430	1717	1404	1371	1102	1211	1323	1405	1315	1619
Nfkb1_-_135691346.23-P1P2	Nfkb1	1777	2277	2121	1169	873	1041	1138	1090	952	964	1047	1061	1074	1011	1235
Mecp2_-_74085378.23-P1P2	Mecp2	1350	1739	1333	978	536	820	871	839	779	782	653	746	785	806	962
Apc2_+_80299133.23-P2	Apc2_P2	1434	1826	1624	951	727	860	1160	884	924	808	749	928	866	830	1155
Cox7a1_-_30184245.23-P1P2	Cox7a1	1704	2290	2669	1196	905	963	1151	1070	842	953	1050	1176	1186	1208	1280
Atp1a3_+_25005900.23-P1P2	Atp1a3	1698	2082	2155	1136	747	972	1078	1089	913	977	942	1013	1119	956	1154
Ube2g1_-_72607312.23-P1P2	Ube2g1	1464	1905	1698	1102	731	1038	1006	943	652	855	868	936	896	868	1030
Rreb1_-_37826052.23-P1P2	Rreb1	1469	1898	1684	1001	575	893	879	802	950	838	994	923	1008	874	1054
Erlin2_+_27023917.23-P1P2	Erlin2	1216	1362	1331	802	435	719	834	690	600	675	629	737	835	699	833
Kcna1_-_126645749.23-P1P2	Kcna1	1553	1954	1574	1120	686	981	988	845	748	979	968	996	1140	986	1048
Nars2_+_96951601.23-P1P2	Nars2	2103	2626	3041	1676	922	1122	1346	1402	1179	1196	1150	1222	1356	1201	1407
Ywhaq_+_21417536.23-P1P2	Ywhaq	915	1043	824	618	392	564	675	542	383	439	537	597	548	562	693
Mul1_+_138434757.23-P1P2	Mul1	1157	1376	1502	790	537	680	867	753	634	541	675	718	696	719	797
Kif1c_+_70700357.23-P1P2	Kif1c	990	1177	1243	581	390	561	558	506	503	519	525	579	599	547	685
Nr4a2_+_57124139.23-P2	Nr4a2_P2	1572	1787	2098	1079	604	928	999	910	823	876	841	890	1032	843	1000
Nanog_-_122707599.23-P1P2	Nanog	1155	1413	1429	735	536	708	844	767	549	635	653	697	844	841	889
Arsa_-_89476103.23-P1P2	Arsa	1204	1567	961	817	486	736	841	708	570	720	655	838	728	758	869
Ang2_-_51195887.23-ENSMUST00000051274.1	Ang2	1663	2205	2271	1250	792	1221	1215	1117	799	1026	1164	1148	1074	956	1427
Fosb_+_19309999.23-P1P2	Fosb	1231	1536	1417	789	591	789	791	795	647	692	599	737	736	744	812
Ndufb4_+_37654383.23-P1P2	Ndufb4	1415	1709	1592	905	715	978	1008	854	790	755	786	816	868	852	965
Cst10_-_149405401.23-P1P2	Cst10	2042	2446	2671	1511	987	1123	1399	1218	1011	1097	1349	1256	1371	1240	1404
Kcne3_-_100176702.23-P2	Kcne3_P2	2418	2773	3646	1589	1080	1269	1529	1295	1322	1278	1270	1384	1481	1325	1609
Cox6b1_-_30625860.23-P1P2	Cox6b1	1099	1310	1417	798	482	776	815	642	598	552	703	630	648	695	836
Tnfrsf1a_-_125350120.23-P1P2	Tnfrsf1a	1874	2132	2056	1195	861	1110	1198	1014	907	1036	1091	987	1274	1099	1193
Ndufa3_-_3617417.23-P1P2	Ndufa3	1560	1941	1950	1069	652	910	952	880	747	807	911	887	952	942	1199
Mpv17_+_31154249.23-P1P2	Mpv17	1279	1550	1721	959	670	831	961	889	752	704	764	925	875	849	991
Pklr_+_89136463.23-P1P2	Pklr	1897	2350	2270	1453	927	1263	1301	1166	1083	1158	1159	1088	1164	1216	1302
Grm1_-_11082258.23-P1P2	Grm1	1554	1902	2101	1085	726	1003	1200	947	922	840	885	1000	957	999	1157
Nup62_-_44816385.23-P1P2	Nup62	988	1112	1294	642	372	569	583	528	476	463	500	555	537	488	575
Vegfa_+_46032314.23-P1P2	Vegfa	1677	2206	1996	1257	793	1251	1203	944	899	988	1064	990	1099	1064	1206
Dnm2_-_21424945.23-P1P2	Dnm2	1406	1586	1475	927	721	806	857	638	649	757	714	705	850	764	825
Stmn1_+_134469757.23-P2	Stmn1_P2	1087	1378	1029	717	429	685	725	590	699	562	603	643	711	666	777
Psmd13_-_140882605.23-P1P2	Psmd13	1956	2548	2516	1391	912	1193	1321	1257	969	1062	1188	1269	1369	1209	1513
Gchfr_-_119167992.23-P1P2	Gchfr	1785	2131	1930	1413	813	1298	1233	1086	1059	979	1066	1208	1187	978	1249
Ramp2_+_101246531.23-P1P2	Ramp2	2374	3080	2793	1595	1058	1355	1539	1351	1430	1367	1495	1495	1505	1445	1735
Nptx1_-_119547650.23-P1P2	Nptx1	1363	1723	1499	886	682	861	833	804	628	815	831	851	968	809	957
Gpx6_+_21312236.23-P1P2	Gpx6	1013	1343	1177	785	469	710	680	696	540	573	669	610	678	631	754
Sgsh_-_119355485.23-P1P2	Sgsh	2776	3554	3253	1950	1196	1800	1796	1807	1599	1615	1754	1754	1922	1850	1943
Lrsam1_-_32961377.23-P1P2	Lrsam1	1710	1930	1913	1238	800	1011	988	998	757	973	1002	1035	954	1087	1186
Cox5a_+_57521305.23-P1P2	Cox5a	1114	1482	1515	879	510	772	770	698	740	594	630	779	683	686	799
Sema6a_+_47368833.23-P1P2	Sema6a	1608	2049	2208	1049	788	1017	1140	985	962	910	936	913	1054	960	1155
Sv2a_+_96181228.23-P1P2	Sv2a	1726	2230	1596	1289	756	1083	1249	1125	896	1004	1018	1118	1191	1102	1149
Wwox_+_114439694.23-P1P2	Wwox	1723	1923	1723	1245	721	1038	1083	954	796	938	903	953	1016	1017	962
Fshr_+_89200683.23-P1P2	Fshr	1179	1362	1154	775	512	659	725	678	671	603	666	653	757	681	870
Fgf2_-_37349131.23-ENSMUST00000038885.3	Fgf2	1722	2257	2326	1319	810	1193	1177	1080	821	1054	1166	1143	1221	1094	1301
Bcl6_-_23988577.23-P1P2	Bcl6	877	1141	1286	556	405	484	618	536	559	540	573	588	570	509	648
Cyp2d11_+_82393928.23-ENSMUST00000170255.1	Cyp2d11	1407	1696	1577	931	669	847	997	786	777	742	759	706	808	883	922
Cox5a_+_57521340.23-P1P2	Cox5a	2725	3273	3012	1917	1158	1570	1826	1601	1209	1465	1621	1693	1770	1615	1901
Fig4_-_41302899.23-P1P2	Fig4	1274	1566	1307	840	561	621	785	695	541	651	652	684	745	706	753
Fis1_-_136962174.23-P1	Fis1_P1	1713	2229	1489	1168	679	1176	1203	1021	985	965	1041	1027	1012	955	1216
Rpgr_+_10216659.23-P1P2	Rpgr	1043	1234	1504	628	527	696	692	585	576	598	554	649	707	584	836
Ndufa8_+_36049305.23-P1P2	Ndufa8	1734	1876	1686	1163	743	1092	1055	1004	993	920	1014	953	896	1007	1099
Tecpr2_+_110889158.23-P1P2	Tecpr2	2268	2556	2849	1622	963	1371	1386	1303	1201	1276	1270	1355	1404	1413	1630
Ndufs2_-_171237359.23-P2	Ndufs2_P2	1215	1530	1276	889	467	693	750	701	707	619	682	718	798	821	834
Atn1_-_124756716.23-P1P2	Atn1	1151	1362	1555	728	544	761	705	717	676	722	659	735	647	736	750
Gpbp1_+_111489853.23-P1P2	Gpbp1	1246	1613	1386	999	678	779	742	722	747	788	689	704	841	821	802
Plcb1_+_134786271.23-P1P2	Plcb1	1660	2016	1547	999	642	804	1093	996	859	795	873	872	937	957	1081
Maf_+_115707778.23-P1P2	Maf	398	516	305	290	155	220	229	343	172	274	190	295	244	262	289
Dlg4_+_70023934.23-P2	Dlg4_P2	1088	1396	1124	776	485	658	735	645	546	590	587	672	609	620	788
Bcl11b_-_108003988.23-P1P2	Bcl11b	1573	1981	1872	1134	717	956	995	1067	872	937	1047	987	965	1030	1176
Rb1_-_73325637.23-P1P2	Rb1	1293	1597	1419	1018	609	705	857	795	644	687	740	859	700	776	890
Kcnd3_+_105451945.23-P1P2	Kcnd3	1598	1898	1657	1235	745	1115	1004	961	695	807	877	920	989	850	1156
Rab39b_-_75578169.23-P1P2	Rab39b	1183	1644	1608	913	684	931	887	849	696	810	729	816	830	780	969
Mapk8_+_33447083.23-P1P2	Mapk8	1568	1953	1549	1135	535	967	985	921	709	867	809	909	1025	865	1087
Ubqln2_-_153498221.23-P1P2	Ubqln2	2561	3151	3371	1796	1190	1691	1689	1625	1388	1443	1510	1515	1662	1576	1844
Klc3_+_19404087.23-P2	Klc3_P2	1388	1696	1471	975	546	811	930	722	797	788	810	968	891	902	1034
Cdk5_+_24423577.23-P1P2	Cdk5	2251	2772	2906	1602	998	1655	1488	1244	1152	1289	1182	1327	1493	1339	1639
Pak3_+_143518565.23-P2	Pak3_P2	1438	1725	1788	973	557	1020	917	829	640	818	831	785	947	920	958
Plekhg5_+_152087124.23-P1P2	Plekhg5	1368	1595	1163	996	629	789	897	746	662	736	746	785	828	754	965
Dctn3_+_41723123.23-P1P2	Dctn3	836	1031	826	614	370	453	522	465	421	482	439	523	435	462	578
Txnip_+_96557964.23-P1P2	Txnip	1521	1982	1876	1196	710	1072	1004	909	954	899	908	1054	941	960	1257
Egfr_+_16752298.23-P1P2	Egfr	2082	2526	2704	1505	998	1360	1408	1394	1236	1161	1312	1385	1450	1301	1617
Ntf3_-_126164937.23-P1	Ntf3_P1	1263	1598	1609	911	550	922	805	810	595	711	674	863	884	798	896
Psma6_-_55398925.23-P1P2	Psma6	2369	2842	3009	1714	1088	1394	1423	1523	1064	1359	1136	1392	1453	1239	1673
Nr4a2_+_57114897.23-P1	Nr4a2_P1	1040	1101	1165	710	461	599	715	562	481	481	523	603	505	588	730
Rars2_-_34615026.23-P1P2	Rars2	1878	2267	2184	1310	882	1205	1384	1100	934	1080	1052	1170	1146	1153	1250
Psen2_+_180229968.23-P2	Psen2_P2	1747	2374	2346	1359	743	1226	1221	1207	999	1013	1011	1235	1219	1203	1353
Dlg4_+_70023938.23-P2	Dlg4_P2	1412	1685	1814	1025	652	729	1002	834	509	771	706	805	1092	837	978
Zfyve1_+_83596891.23-P1P2	Zfyve1	1119	1324	1477	819	475	638	669	652	545	638	658	652	843	656	853
Pde4a_+_21196803.23-P1	Pde4a_P1	1268	1490	1674	904	618	853	859	716	604	674	824	918	840	769	980
Araf_-_20848639.23-P1P2	Araf	1203	1480	1721	827	541	803	844	648	700	775	852	624	710	729	930
Fis1_-_136962140.23-P1	Fis1_P1	1059	1320	961	728	457	695	728	662	606	591	620	671	666	626	698
Atrx_+_105929153.23-P1P2	Atrx	1342	1650	1403	816	695	840	681	844	551	704	724	749	809	847	860
Sst_-_23890732.23-P1P2	Sst	1585	2040	2317	1152	636	959	1072	903	783	857	844	1024	1076	1006	1075
Nxnl1_-_71566595.23-P1P2	Nxnl1	1486	1865	1521	1058	698	926	997	1010	840	880	886	927	1022	982	1148
Ube2l6_+_84798900.23-P1P2	Ube2l6	2738	3551	2872	1984	1330	1780	1942	1833	1611	1540	1663	1793	1750	1713	2034
Dctn1_-_83166002.23-P1P2	Dctn1	1331	1714	1455	936	635	768	917	907	788	810	796	864	809	795	906
Ampd2_-_108085370.23-P2	Ampd2_P2	1448	1843	1750	1005	656	974	907	838	698	862	797	821	906	877	1030
Sdf4_-_155993317.23-P1P2	Sdf4	1021	1277	1357	705	439	644	721	658	546	650	579	699	666	625	699
Map3k10_-_27674531.23-P1P2	Map3k10	964	1257	1043	676	461	469	738	555	559	537	594	588	609	647	726
Samd9l_-_3399475.23-P1P2	Samd9l	1565	1915	2252	1130	762	1004	1034	1051	893	876	1033	982	868	939	1090
Atxn1_+_45964947.23-P1P2	Atxn1	2091	2561	2249	1588	881	1307	1365	1112	1091	1183	1186	1283	1287	1192	1603
Trip4_-_65884760.23-P1	Trip4_P1	1642	2007	1746	1241	601	986	1073	896	749	814	827	1023	1067	897	1012
S100b_+_76253967.23-P1P2	S100b	1598	1871	1736	1103	726	940	950	899	777	885	919	942	1054	1038	1168
Cxcl10_-_92348844.23-P1P2	Cxcl10	1483	1856	1797	1067	699	919	952	853	907	860	909	1015	1038	943	1081
Grin2c_+_115267213.23-P1P2	Grin2c	1666	2029	1976	1106	689	879	979	1064	820	783	912	962	990	981	1212
Zfp46_-_136286106.23-P2	Zfp46_P2	1370	1653	1664	903	549	790	964	834	692	787	739	787	819	891	979
Clu_+_65969823.23-P2	Clu_P2	1802	2155	1664	1191	811	1186	1101	1265	947	936	913	1083	1108	1082	1125
Wnt6_-_74772131.23-P1P2	Wnt6	2211	2860	2762	1454	1089	1486	1455	1368	1062	1281	1390	1334	1479	1336	1502
Fzd7_+_59482174.23-P1P2	Fzd7	1462	1908	2094	1108	710	826	1067	971	829	942	869	973	1030	937	1009
Sdha_+_74350147.23-P1P2	Sdha	981	1220	850	654	411	501	656	575	533	471	483	561	569	574	676
Prkcg_+_3303560.23-P1P2	Prkcg	848	1051	1055	671	429	506	584	540	338	517	461	458	508	503	576
Hpdl_+_116821442.23-P1P2	Hpdl	1533	1876	1817	976	636	864	907	834	882	921	781	868	1041	913	1114
Acox1_-_116198708.23-P1P2	Acox1	1786	2202	2204	1225	931	1072	1090	1056	951	1189	969	1045	1183	1133	1382
Sod2_-_13008027.23-P1P2	Sod2	3323	4027	4257	2156	1315	2060	2123	2126	1842	1786	1950	1996	2264	2020	2289
Stat3_+_100939441.23-P1P2	Stat3	1541	1933	2020	1042	771	989	1103	960	768	964	1031	949	1070	999	1106
Traf2_+_25546834.23-P1P2	Traf2	1633	2146	2379	1146	686	1040	991	987	859	1054	954	942	1033	1090	1251
Mrpl3_-_105053294.23-P1P2	Mrpl3	820	909	1013	553	343	468	472	459	310	414	381	432	543	477	512
Trpv4_+_114658331.23-P1P2	Trpv4	1115	1382	1279	871	528	729	771	632	552	629	705	761	686	640	664
Homer1_+_93304139.23-P1P2	Homer1	1115	1356	1460	808	529	727	711	641	659	675	650	656	669	731	856
Mtpap_+_4375657.23-P1P2	Mtpap	2039	2595	2876	1486	1088	1347	1519	1448	1086	931	1203	1205	1269	1207	1577
Lrp5_+_3686344.23-P1P2	Lrp5	1444	1613	1672	882	624	788	987	797	883	883	757	941	794	817	991
Npc2_-_84772853.23-P1P2	Npc2	1788	2085	1960	1195	683	1112	1018	1049	754	774	738	914	791	821	973
Nup62_-_44816432.23-P1P2	Nup62	2018	2428	2259	1101	687	1111	1079	1008	750	772	591	944	701	896	1121
Icam1_+_21016044.23-P1P2	Icam1	1948	2608	2222	1389	899	1408	1274	1196	1177	1053	1144	1156	1222	1272	1317
Klc3_-_19404063.23-P2	Klc3_P2	1757	1980	1848	1113	738	1158	1043	1019	875	921	908	1057	1118	1100	1159
Hspb2_-_50752107.23-P1P2	Hspb2	1643	1952	1845	964	610	880	1082	858	648	816	931	945	937	953	1179
Il1a_-_129309912.23-P1P2	Il1a	701	996	993	469	313	488	567	502	338	496	417	528	408	434	566
Ndufa11_+_56717799.23-P1P2	Ndufa11	1650	2084	2311	1263	896	1095	1085	1001	882	908	932	947	1019	897	1203
Tank_-_61593177.23-P1	Tank_P1	918	1192	1000	674	497	527	604	687	571	583	575	625	559	615	733
Fyn_-_39369988.23-P1P2	Fyn	1463	1722	1483	1039	606	848	976	887	739	813	763	847	858	881	1029
Prx_-_27499397.23-P1	Prx_P1	1484	1757	1748	1027	692	980	1012	940	598	770	717	854	774	893	989
App_+_85173670.23-P1P2	App	1230	1520	1504	872	529	677	881	719	636	745	617	693	750	718	840
Aifm1_+_48513351.23-P1P2	Aifm1	1916	2404	2369	1265	910	1221	1132	1168	983	1078	1063	1257	1245	1098	1357
Ndufa2_-_36744509.23-P1P2	Ndufa2	1640	2207	2116	1203	824	1135	1175	950	863	922	973	1033	1091	1101	1216
Dnal1_+_84114391.23-P1P2	Dnal1	886	1152	1346	746	399	566	643	507	503	475	497	572	434	500	597
Fam168b_+_34842805.23-P1P2	Fam168b	1624	1931	1903	1008	649	1054	1075	868	796	950	964	947	1039	1032	1239
Cox7b_+_106015735.23-P1P2	Cox7b	516	708	635	408	293	377	416	348	279	336	305	345	342	341	309
Stmn1_-_134468406.23-P1	Stmn1_P1	1796	2294	1843	1344	790	1213	1182	1149	905	925	1042	1065	1210	1066	1291
Cacna1g_-_94474331.23-P1P2	Cacna1g	586	727	851	423	245	372	459	408	335	287	334	361	377	383	427
Psmd11_+_80429038.23-P1P2	Psmd11	2319	2966	2580	1602	1126	1562	1464	1531	1236	1296	1288	1324	1650	1430	1736
Ppp3cc_-_70289462.23-P1P2	Ppp3cc	1468	1907	1600	1104	664	910	1020	809	845	817	814	900	938	883	1108
Tubb6_+_67390714.23-P1P2	Tubb6	2212	2785	3271	1618	1094	1508	1739	1392	1103	1228	1491	1296	1503	1348	1549
Psmd2_-_20651713.23-P1P2	Psmd2	1953	2323	2422	1041	768	998	887	957	661	779	676	888	707	870	1058
Zfp46_+_136284671.23-P1	Zfp46_P1	967	1337	1266	787	443	741	643	621	526	576	543	580	657	602	584
Dnm2_-_21424991.23-P1P2	Dnm2	1207	1347	1269	769	511	689	664	724	617	631	742	734	903	758	873
Hsd17b10_-_152001916.23-P1P2	Hsd17b10	998	1176	1105	757	448	597	597	622	486	482	638	595	639	593	718
Mfn2_-_147904639.23-P1P2	Mfn2	1088	1490	1431	739	563	746	742	631	542	594	585	660	682	617	767
Pla2g5_-_138819146.23-P1P2	Pla2g5	1586	2093	1927	1099	682	1047	1145	902	824	926	909	973	1178	916	1198
Cxcl10_+_92348833.23-P1P2	Cxcl10	1819	2404	1758	1458	847	1098	1324	1226	1273	1031	1125	1170	1168	1141	1399
Ins1_-_52264511.23-P1P2	Ins1	2272	2776	3185	1540	1049	1326	1468	1272	1159	1189	1333	1262	1292	1338	1589
Ppp3r1_+_17159317.23-P1P2	Ppp3r1	1660	1913	1539	1342	713	938	994	950	887	838	911	988	966	928	1174
Kif5a_-_127263041.23-P1P2	Kif5a	2085	2762	2432	1494	880	1209	1452	1363	1256	1240	1122	1326	1383	1312	1505
Wnt7b_+_85581833.23-P1	Wnt7b_P1	1867	2432	2369	1353	913	1362	1336	1178	1029	1086	1149	1093	1020	1186	1374
Ace_+_105968023.23-P1P2	Ace	1232	1499	1530	769	527	662	773	759	615	798	678	759	808	793	852
Fzd3_-_65262411.23-P1P2	Fzd3	1360	1660	1404	871	565	798	870	764	665	692	712	849	775	733	897
Cox6a1_-_115348592.23-P1P2	Cox6a1	2282	2747	2603	1613	1137	1439	1510	1381	1223	1311	1316	1350	1440	1449	1590
Epg5_-_77938554.23-P1P2	Epg5	1233	1579	1229	862	503	883	759	751	589	598	700	848	779	714	969
Serpina3m_-_104387372.23-P1P2	Serpina3m	2359	2959	2661	1774	1156	1616	1663	1542	1152	1342	1318	1545	1619	1573	1689
Metrn_-_25796915.23-P1P2	Metrn	2341	2950	2381	1518	1123	1390	1378	1225	1206	1298	1371	1396	1391	1506	1691
Kcna1_-_126645746.23-P1P2	Kcna1	1400	1669	1909	847	590	1023	858	777	666	806	780	790	803	899	1026
Kcnd3_+_105451892.23-P1P2	Kcnd3	1498	1881	1652	949	670	979	1125	853	797	926	902	882	1098	995	1099
Gsk3a_+_25237759.23-P1P2	Gsk3a	1881	2297	1860	1380	909	1259	1295	1113	1038	1035	1119	1208	1265	1217	1416
Vcp_+_43000058.23-P1P2	Vcp	1013	1187	1420	754	553	630	648	638	579	452	525	503	614	664	633
Elavl1_-_4325007.23-P1P2	Elavl1	1869	2218	2068	1294	865	1298	1271	1156	1024	1088	1108	1142	1232	1222	1356
Pmp22_+_63131525.23-P1	Pmp22_P1	987	1263	1124	744	466	739	680	743	576	473	573	688	612	611	664
Tmprss4_+_45203982.23-P1P2	Tmprss4	1980	2418	2529	1250	877	1272	1232	1140	1105	1143	1239	1283	1264	1197	1662
Cyp2d40_-_82763853.23-P1P2	Cyp2d40	1443	1814	1417	1150	681	781	898	828	852	930	950	974	1006	914	1041
Oxr1_-_41447529.23-ENSMUST00000110297.2,ENSMUST00000090096.4	Oxr1	1560	1913	1714	1162	729	814	946	930	707	814	886	809	970	927	976
Cln8_-_14888892.23-P1P2	Cln8	1205	1547	1183	879	611	888	893	665	770	682	725	804	880	731	845
Dkk4_-_22624090.23-P1P2	Dkk4	2336	2923	2639	1764	1182	1490	1552	1413	1106	1320	1230	1472	1424	1390	1561
Gm11127_-_36058079.23-P1P2	Gm11127	1155	1514	1438	748	491	753	836	758	540	718	752	775	721	761	828
Cd40_-_165055886.23-P1P2	Cd40	1569	1990	1895	1171	719	1136	978	950	707	903	930	965	1108	929	1217
Polr3k_-_181864624.23-P1P2	Polr3k	1508	1729	1599	755	550	718	671	646	551	618	474	640	509	636	729
Neurod1_-_79456537.23-P1P2	Neurod1	1765	2289	2197	1266	740	1010	1102	968	843	928	1027	1087	1153	1080	1181
Icam1_+_21016055.23-P1P2	Icam1	2211	2882	3020	1572	1067	1429	1512	1269	1112	1266	1315	1303	1472	1281	1650
Il17a_+_20730931.23-P1P2	Il17a	2011	2477	2580	1419	973	1405	1303	1225	1153	1082	1161	1162	1416	1168	1395
non-targeting_01689	non-targeting	1698	2151	2213	1201	810	1033	1095	1024	972	986	946	1111	1007	1028	1324
Pla2g1b_-_115466260.23-P1P2	Pla2g1b	813	962	1039	557	333	515	474	577	551	459	429	529	506	554	659
Hdac2_+_36974586.23-P1P2	Hdac2	1210	1593	1685	730	509	717	750	638	628	778	777	937	854	734	1001
Gapdh_+_125165538.23-P1P2	Gapdh	1306	1636	1223	825	435	854	822	860	661	762	777	809	772	678	846
Fa2h_-_111393573.23-P1P2	Fa2h	2279	2862	2816	1619	1168	1466	1571	1339	1226	1299	1329	1461	1550	1435	1763
S100a1_-_90514243.23-P1P2	S100a1	1461	1809	1495	1017	512	881	951	1012	706	827	696	954	1005	874	1173
Srr_+_74925662.23-P1P2	Srr	1035	1153	1059	616	436	538	668	516	471	440	569	519	578	643	645
Ang_-_51096452.23-P1	Ang_P1	1433	1620	1474	957	434	818	861	763	727	690	725	853	844	769	966
Map2_+_66175349.23-P1	Map2_P1	1597	1977	1575	1084	638	1013	954	948	984	902	1004	1045	974	1024	1211
Snx14_-_88438844.23-P1P2	Snx14	1585	2123	1965	1130	773	1043	1225	909	1029	920	1046	1000	1093	1091	1163
Gstm7_+_107931550.23-P1P2	Gstm7	2655	3294	3025	2053	1464	1700	1836	1822	1619	1618	1701	1715	1913	1615	2099
Exosc9_+_36552665.23-P1P2	Exosc9	1391	1745	1436	901	695	637	878	777	610	539	493	773	414	568	602
Cdk5_+_24423502.23-P1P2	Cdk5	1455	1877	1430	974	663	977	864	925	676	789	797	890	877	861	1077
B4galnt1_+_127165214.23-P1P2	B4galnt1	1514	1955	1979	1111	663	1102	982	966	849	879	917	1062	1028	915	1047
Abcd1_-_73716806.23-P1P2	Abcd1	2112	2689	1989	1650	1068	1271	1433	1408	1432	1197	1252	1377	1400	1298	1628
Kif1a_-_93101812.23-P1P2	Kif1a	1312	1635	1271	823	461	716	702	730	502	595	673	632	771	717	912
Lox_-_52529565.23-P1P2	Lox	1817	2342	2122	1236	880	1212	1269	1106	966	1044	1082	1214	1366	1246	1328
Uba1_-_20658476.23-P2	Uba1_P2	1059	1286	1279	763	511	574	527	568	629	597	650	633	674	596	673
Rtn2_-_19282731.23-P2	Rtn2_P2	1283	1531	1186	846	585	883	772	848	747	709	750	743	865	675	934
Socs3_-_117969157.23-P1P2	Socs3	1000	1370	1309	748	571	578	744	664	606	579	625	633	661	651	823
Epha8_-_136956721.23-P1P2	Epha8	1448	1673	2026	951	629	809	842	911	693	772	701	980	1012	813	1005
Nhlrc1_+_47014809.23-P1P2	Nhlrc1	699	756	828	510	227	366	442	454	334	386	436	453	527	474	523
Dctn3_+_41723087.23-P1P2	Dctn3	1718	2004	2072	1235	753	1115	1321	1126	819	843	813	989	942	876	1134
Cx3cl1_-_94772212.23-P1P2	Cx3cl1	1200	1488	1404	784	582	657	828	716	799	646	777	810	858	790	921
Map2k3_+_60932281.23-P1P2	Map2k3	1130	1500	1278	920	526	649	767	803	568	581	580	669	738	666	921
Hspg2_-_137469041.23-P1P2	Hspg2	1710	1862	1563	1121	656	1007	1079	944	866	857	941	1060	1075	912	1115
Ptpn13_+_103425303.23-P1P2	Ptpn13	1045	1293	1047	758	409	715	590	651	614	596	653	739	640	586	799
Tmem240_-_155734871.23-P1P2	Tmem240	1490	1820	1844	911	576	905	833	814	816	785	814	1004	958	894	866
Ighmbp2_-_3282772.23-P1P2	Ighmbp2	1052	1309	1260	701	466	503	752	707	614	638	564	712	636	643	742
Cacna1b_-_24763112.23-P1P2	Cacna1b	1518	1836	1777	1050	675	1004	1057	938	787	844	849	958	959	909	1139
Foxo3_+_42276634.23-P1P2	Foxo3	2352	2872	3098	1574	1074	1303	1513	1488	1462	1367	1271	1450	1425	1398	1581
Chrm3_-_9878957.23-ENSMUST00000063093.9	Chrm3	2448	3016	2721	1708	1165	1463	1651	1479	1363	1359	1421	1479	1600	1470	1666
Nefl_+_68083919.23-P1P2	Nefl	1302	1554	1814	892	488	927	878	845	780	735	861	723	814	800	931
Xbp1_+_5521034.23-P1P2	Xbp1	674	994	826	519	353	545	557	421	317	441	476	524	492	451	526
Zfp46_+_136284743.23-P1	Zfp46_P1	730	833	664	513	301	400	478	506	351	444	376	490	500	362	574
Dnmt1_+_20952825.23-P1P2	Dnmt1	725	984	900	539	367	396	488	461	335	397	497	446	397	517	596
Ppp3r2_-_49681976.23-P1P2	Ppp3r2	1066	1447	1370	811	487	759	765	720	549	672	676	705	800	688	861
Foxo1_-_52268407.23-P1P2	Foxo1	801	1132	1199	723	458	678	690	528	538	527	555	580	585	533	605
Abca7_+_79996708.23-P1P2	Abca7	1264	1461	1398	770	579	688	762	760	518	686	770	671	758	747	895
Calcoco2_-_96111980.23-ENSMUST00000068686.6,ENSMUST00000097162.5	Calcoco2	908	1108	1181	605	451	681	631	586	517	489	523	573	681	506	607
Dnah2_-_69544482.23-ENSMUST00000035539.5	Dnah2	1557	1986	2508	1160	626	909	961	951	644	929	975	882	1083	1013	1278
Cox6a2_-_128206285.23-P1P2	Cox6a2	1165	1388	1531	842	460	741	852	658	514	644	679	784	754	686	898
Cpn1_-_43986307.23-P1P2	Cpn1	1372	1625	1416	953	682	708	820	909	800	710	734	831	858	715	954
Bcl2l1_-_152830460.23-P1	Bcl2l1_P1	1202	1485	1471	696	547	852	722	767	616	698	712	790	666	784	870
Vapb_-_173737802.23-P1P2	Vapb	1258	1503	1383	889	636	740	611	664	618	691	682	669	794	680	888
Plp1_-_136822957.23-P1P2	Plp1	1286	1549	1905	909	581	825	831	852	705	679	837	870	897	794	850
Fgf2_+_37348349.23-ENSMUST00000138563.2	Fgf2	1380	1767	1288	923	617	1007	920	815	585	720	931	858	918	995	1065
Plcb1_-_134786218.23-P1P2	Plcb1	669	826	776	430	327	408	510	486	360	381	412	458	357	430	463
Gchfr_-_119167890.23-P1P2	Gchfr	2347	2651	2442	1596	999	1418	1498	1361	1201	1199	1344	1382	1389	1492	1680
Cabin1_-_75764151.23-P1P2	Cabin1	640	845	445	534	223	293	409	364	251	352	322	417	462	374	549
Padi4_+_140750527.23-P2	Padi4_P2	809	1000	969	523	297	449	534	420	418	467	546	510	471	481	571
Pde10a_+_8801837.23-P1P2	Pde10a	650	790	790	446	234	365	465	333	311	394	358	406	354	426	419
Vdac2_+_21831569.23-P1P2	Vdac2	4413	5257	5350	2838	1877	2782	2803	2684	2371	2525	2397	2563	2910	2674	3094
Gm7030_-_36129518.23-P1P2	Gm7030	1799	2335	1930	1264	735	1089	1157	1114	885	1041	893	1046	1220	1161	1357
Acsbg1_-_54661666.23-P1P2	Acsbg1	1879	2459	2410	1469	753	1206	1266	1102	1118	1119	1051	1174	1365	1142	1393
non-targeting_01886	non-targeting	800	908	947	541	406	519	628	524	440	527	493	541	586	446	622
Tsn_+_118310999.23-P1P2	Tsn	1861	2434	2288	1221	913	1085	1385	1171	1108	1078	1014	1221	1348	1231	1427
Ascl1_+_87493616.23-P1P2	Ascl1	1899	2289	1715	1246	793	1300	1251	1142	1175	1124	1105	1089	1289	1133	1384
Trrap_-_144768205.23-P1P2	Trrap	1493	1972	1990	1095	676	944	991	986	639	746	794	819	1042	877	993
Ndufs2_-_171237547.23-P2	Ndufs2_P2	2066	2502	2066	1333	863	1288	1258	1266	1051	1105	1179	1153	1262	1307	1459
Srr_+_74925652.23-P1P2	Srr	755	924	938	532	355	485	537	480	375	415	472	516	452	535	594
Ptges_+_30930098.23-P2	Ptges_P2	1113	1245	1209	794	458	721	867	695	554	599	639	631	691	610	785
Gm11127_+_36058048.23-P1P2	Gm11127	1138	1380	1512	825	461	650	670	711	684	618	684	575	840	749	847
B4galnt1_-_127165931.23-P1P2	B4galnt1	1832	2138	2208	1249	825	1019	1220	1070	985	1081	1184	1095	1196	1041	1382
H2-M10.6_+_36812191.23-ENSMUST00000041398.4	H2-M10.6	2485	3061	2617	1770	1156	1729	1547	1495	1325	1478	1489	1662	1717	1487	1779
Ndufv1_-_4012467.23-P1P2	Ndufv1	1627	2157	2137	1177	703	1114	1128	989	832	918	983	935	1175	1021	1159
Hace1_-_45577930.23-P1P2	Hace1	1333	1616	1299	998	613	844	888	739	724	755	894	833	775	825	908
Cyp2d26_+_82794239.23-P1P2	Cyp2d26	1676	2204	1704	1338	739	1173	1227	1119	1040	925	1098	1113	1040	1109	1290
Gpx3_+_54902960.23-P1P2	Gpx3	1080	1313	1317	719	473	686	761	598	735	613	607	653	730	724	867
Ly6e_+_74955702.23-P1P2	Ly6e	1532	1820	1472	1071	695	1030	939	960	878	964	889	995	1012	1034	1154
Fas_+_34290738.23-P1P2	Fas	1282	1542	1815	877	560	829	865	814	621	647	718	868	855	825	925
Igfals_+_24878985.23-P1P2	Igfals	1674	2183	1935	1260	682	1102	1299	1103	1025	1042	1076	1064	1109	1093	1347
Acox1_-_116198724.23-P1P2	Acox1	2336	2825	2571	1511	953	1317	1478	1212	1118	1210	1266	1397	1302	1367	1553
Atg14_+_47568388.23-P1P2	Atg14	1326	1733	1462	919	671	827	910	842	628	752	713	828	759	806	986
Sgsh_-_119355475.23-P1P2	Sgsh	2511	2918	3039	1791	1179	1627	1636	1490	1457	1471	1467	1559	1601	1526	1714
Cpt1c_-_44974770.23-P1P2	Cpt1c	1351	1624	2000	924	600	855	945	736	688	695	845	857	919	730	1037
Hspa1b_-_34959125.23-P1P2	Hspa1b	1030	1236	825	818	446	525	595	535	534	587	563	625	707	611	774
Wipi1_-_109611289.23-P1P2	Wipi1	2835	3808	3317	2075	1270	1955	2095	2021	1483	1660	1829	1795	1867	1758	2153
Fos_+_85473878.23-P1P2	Fos	1824	2190	2326	1159	736	1206	1068	1033	1028	1002	1044	1023	1157	1112	1300
Sema6b_-_56133771.23-P2	Sema6b_P2	1664	2167	1521	1222	719	1067	1058	1011	965	1091	1091	1067	1107	1066	1351
Cacna1d_+_30353468.23-P1P2	Cacna1d	1238	1634	1507	660	504	629	780	895	644	712	788	915	926	718	873
Atrx_-_105929306.23-P1P2	Atrx	2188	2652	2856	1360	854	1366	1288	1288	1039	1131	1299	1348	1450	1330	1631
Sema6b_+_56140347.23-P1	Sema6b_P1	1282	1564	1383	906	472	728	918	803	584	743	707	804	687	706	903
Serpina1e_-_103958707.23-P2	Serpina1e_P2	2173	2545	2461	1570	1016	1254	1476	1342	1361	1258	1144	1180	1298	1300	1487
Gosr1_+_76763518.23-P1P2	Gosr1	835	934	644	587	358	402	433	500	402	465	481	474	450	464	598
Serpina1a_+_103863490.23-P1P2	Serpina1a	1188	1468	1654	974	548	796	842	763	676	643	665	654	752	841	963
Csnk2b_+_35121019.23-P1P2	Csnk2b	2196	2530	2534	1464	936	1462	1299	1428	1142	1088	1276	1255	1407	1304	1522
Wnt9b_-_103749552.23-P1P2	Wnt9b	1573	1987	1386	1109	638	731	1064	844	855	846	897	992	952	980	1130
Kif1c_+_70700686.23-P1P2	Kif1c	1894	2385	2264	1435	736	1316	1320	1260	952	1028	1221	1192	1163	1141	1536
Dnali1_-_125065628.23-P1P2	Dnali1	1488	1850	1737	947	611	805	977	871	664	845	815	995	851	982	1125
Sncb_+_54766497.23-P1P2	Sncb	2121	2626	2407	1616	918	1421	1371	1333	1245	1180	1226	1245	1327	1357	1549
Casp6_-_129901492.23-P1P2	Casp6	1341	1543	1546	928	621	850	790	801	664	722	678	899	805	780	872
Gabarapl2_+_111940743.23-P1P2	Gabarapl2	1839	2380	1931	1254	900	1290	1337	1142	983	984	1014	1129	1120	1039	1311
Psmb1_-_15498241.23-P1P2	Psmb1	1053	1317	1248	902	542	736	655	644	595	571	660	625	641	644	827
Pnkp_-_44857558.23-P1P2	Pnkp	1136	1378	1345	724	549	725	673	580	488	635	591	633	706	661	767
Tmprss4_+_45204013.23-P1P2	Tmprss4	1178	1488	1200	763	493	751	709	797	729	563	716	637	763	770	867
Lingo1_+_56634969.23-P1P2	Lingo1	1023	1241	1295	772	570	579	673	767	547	643	584	519	784	591	681
Pars2_+_106651162.23-P1P2	Pars2	1726	2084	1635	1374	709	958	1106	1191	1013	844	1115	1058	1089	1073	1287
Hap1_+_100356043.23-P1P2	Hap1	2296	2832	2608	1571	1063	1256	1483	1343	1174	1377	1181	1494	1423	1352	1545
Ndufb8_+_44555362.23-P1P2	Ndufb8	1482	1930	1806	1058	731	1122	1003	962	896	928	888	920	1025	1006	1108
Fzd10_-_128600905.23-P1P2	Fzd10	1606	2055	1656	1053	773	871	864	834	842	962	947	1008	914	973	1166
Pnpt1_-_29130763.23-P1P2	Pnpt1	1032	1452	1345	796	503	694	708	701	601	488	639	563	667	640	892
Dnah2_-_69549021.23-ENSMUST00000108659.1	Dnah2	893	1142	1249	706	453	639	561	559	462	575	506	644	636	520	667
Syne1_-_5550738.23-ENSMUST00000041639.5	Syne1	1777	2103	2290	1277	817	1224	1265	1084	845	1106	1094	1175	1156	1113	1300
Npc2_-_84772898.23-P1P2	Npc2	1186	1522	1631	752	619	837	841	882	620	540	576	695	712	726	751
Dab1_-_104367610.23-P1P2	Dab1	1652	2080	1399	1182	818	1050	1095	1086	871	933	836	881	1047	934	1131
Psmb4_-_94886878.23-P1P2	Psmb4	2352	2883	2931	1612	1126	1353	1584	1496	1437	1297	1378	1451	1424	1423	1738
Ndufb3_-_58586836.23-P1P2	Ndufb3	1112	1381	1571	713	386	657	778	621	616	592	645	680	675	638	728
Ndufv2_-_66101470.23-P1P2	Ndufv2	1868	2437	1768	1368	993	1291	1370	1256	983	1036	1153	1236	1149	1158	1308
Pmp22_+_63133135.23-P2	Pmp22_P2	1031	1334	1113	703	418	554	608	588	433	581	557	575	611	631	756
Pnpla6_+_3515390.23-P1	Pnpla6_P1	1700	2182	1715	1123	741	1055	962	918	937	941	912	980	1179	1106	1232
Prph_+_99055229.23-P1P2	Prph	1678	2176	2417	1355	716	1238	1260	1028	1011	931	1061	1007	1051	1111	1245
Adora3_-_105870927.23-P1P2	Adora3	1655	2252	2142	1122	740	1052	1128	1048	819	951	998	1239	1187	1126	1283
Epha4_+_77515022.23-P1P2	Epha4	1538	1869	1816	1104	598	927	1026	996	797	820	950	908	1076	945	979
Fyn_-_39369814.23-P1P2	Fyn	1302	1602	1470	799	588	781	793	715	593	829	706	890	852	849	1013
Ndufc1_+_51408948.23-P1P2	Ndufc1	941	1141	1179	657	442	514	685	563	518	531	592	676	555	630	751
Mog_-_37023236.23-P1P2	Mog	1213	1441	1093	773	531	705	954	682	610	694	625	735	810	741	875
Prkar1b_-_139129409.23-P1P2	Prkar1b	924	1298	1641	692	443	552	700	601	569	579	706	598	658	656	858
Tango2_+_18343902.23-P1P2	Tango2	1535	1832	2234	1000	636	758	862	816	735	708	912	1058	899	850	1094
Clcn2_-_20717708.23-P2	Clcn2_P2	950	1125	920	709	431	690	586	536	439	447	496	536	528	516	671
Vps37a_+_40511862.23-P1P2	Vps37a	1919	2280	1999	1452	673	1149	1265	1103	838	916	896	1079	1043	1046	1176
Inpp4a_-_37299937.23-P1P2	Inpp4a	1262	1364	1315	956	661	712	801	794	724	766	869	834	808	652	926
Clk1_-_58423969.23-P1P2	Clk1	1472	2045	1888	1203	658	928	1072	932	819	871	819	1063	964	1029	1226
Tsen34_+_3693785.23-P1P2	Tsen34	1325	1610	1652	1042	576	843	788	783	552	660	699	795	728	750	940
Rest_-_77265564.23-P1P2	Rest	1408	1805	1604	1009	646	783	895	846	723	763	776	842	917	842	919
Morc2a_+_3649586.23-P1P2	Morc2a	841	1110	832	591	372	482	596	570	495	509	491	627	535	461	677
Gdnf_-_7811044.23-P1P2	Gdnf	2094	2618	2715	1576	874	1117	1495	1393	1065	1184	1255	1459	1393	1238	1427
Cox5b_+_36691796.23-P1P2	Cox5b	1101	1333	1583	816	458	643	828	691	618	554	581	646	671	721	732
Apex2_+_150588044.23-P1P2	Apex2	797	953	728	585	331	554	652	540	466	463	380	517	469	462	654
Gcdh_+_84893527.23-P1P2	Gcdh	1561	1885	1492	1126	757	1006	1035	991	756	835	821	889	977	909	1063
H2-M10.2_-_36286454.23-ENSMUST00000023845.6	H2-M10.2	1711	2200	1836	1292	867	1129	1272	1054	1026	953	953	1156	1078	1000	1366
Klc3_+_19399712.23-P1	Klc3_P1	905	1279	873	720	441	566	709	531	594	525	593	566	519	576	663
Dnali1_-_125065637.23-P1P2	Dnali1	1309	1540	1517	863	557	744	884	819	628	699	691	792	773	752	931
Ndufa1_+_37191092.23-P1P2	Ndufa1	1930	2206	1590	1280	792	1138	1128	987	909	989	903	1015	1131	1099	1289
Tlr4_+_66827623.23-P1P2	Tlr4	2222	2550	2254	1413	978	1304	1345	1361	1258	1263	1151	1398	1505	1282	1469
Hdac2_+_36974564.23-P1P2	Hdac2	1291	1745	1309	993	654	827	847	815	734	682	804	770	931	864	919
Aaas_-_102350651.23-P1P2	Aaas	1038	1263	1366	767	483	570	707	593	618	698	595	638	583	650	800
Clec16a_-_10545742.23-P1P2	Clec16a	1863	2473	2907	1309	846	1244	1147	1146	929	1285	1044	1261	1207	1204	1593
Cyp7b1_-_18243270.23-P1P2	Cyp7b1	1740	2201	1999	1319	823	957	1207	1160	973	1032	1117	1000	1188	1033	1250
Slc6a4_-_76998620.23-P2	Slc6a4_P2	1912	2496	2427	1524	908	1242	1373	1295	1010	1104	1297	1224	1382	1349	1425
Dnal1_+_84114388.23-P1P2	Dnal1	1238	1539	1290	1003	633	853	868	757	787	686	802	756	851	837	871
Coq2_-_100673994.23-P1P2	Coq2	1981	2598	2526	1568	951	1526	1390	1447	1130	1164	1289	1280	1350	1425	1563
Il12a_-_68691653.23-P1P2	Il12a	2026	2733	2321	1663	895	1314	1741	1363	1245	1114	1361	1398	1384	1339	1697
Mpg_+_32226714.23-P1P2	Mpg	1598	1913	1768	1039	756	1140	1089	906	890	801	942	991	1038	940	1140
Grm2_-_106656028.23-P1P2	Grm2	1582	2073	1802	1122	737	990	1111	1005	823	842	950	1074	1052	928	1245
Angpt4_+_151911314.23-P1P2	Angpt4	1250	1404	1765	877	503	772	626	689	618	612	772	742	821	684	821
Plcb4_+_135805768.23-ENSMUST00000035646.4	Plcb4	1104	1242	1575	661	443	616	628	576	543	602	650	645	597	567	648
Ampd2_-_108085335.23-P2	Ampd2_P2	1174	1407	1207	724	483	637	745	812	657	678	555	747	732	673	808
Hdac2_+_36974576.23-P1P2	Hdac2	550	735	800	364	249	324	333	366	263	377	290	338	441	411	415
Dnah11_-_118198935.23-P1P2	Dnah11	1870	2190	2470	1269	851	1252	1136	1044	980	1136	1103	1168	1206	1099	1363
Hes3_+_152291651.23-P1P2	Hes3	1157	1528	1415	881	495	838	786	732	656	596	672	638	790	761	858
Vdac2_+_21831558.23-P1P2	Vdac2	1124	1271	1332	640	451	628	690	511	506	533	666	654	651	542	706
Ndufa8_+_36049259.23-P1P2	Ndufa8	1545	1992	1962	1201	782	970	1153	934	769	887	857	1090	1089	1054	1306
Wipi2_-_142629603.23-P1P2	Wipi2	1359	1555	1715	926	637	737	944	837	604	749	748	798	812	830	1009
Psmc3_-_91054171.23-P1P2	Psmc3	1443	1724	1635	762	472	574	646	636	367	452	405	608	416	539	788
non-targeting_04038	non-targeting	684	788	560	454	364	401	407	337	388	370	413	387	461	419	468
Oxr1_+_41789693.23-ENSMUST00000090095.5,ENSMUST00000022918.7	Oxr1	1966	2295	2007	1193	851	1230	1275	1170	948	1091	1051	1202	1368	1343	1414
Kcnd3_+_105452131.23-P1P2	Kcnd3	1541	1981	1948	1257	777	909	1242	999	863	966	994	1038	1194	1034	1211
Ptges_+_30903227.23-P1	Ptges_P1	2159	2744	2698	1673	866	1525	1463	1281	1236	1298	1342	1283	1343	1522	1708
Folr1_+_101864082.23-P2	Folr1_P2	1486	1940	1867	1085	678	902	1106	942	841	848	799	968	989	886	1187
Ndrg1_-_66969590.23-P1P2	Ndrg1	964	1163	1138	478	367	558	601	526	544	607	578	676	744	692	850
Psmc5_-_106256400.23-P1P2	Psmc5	610	790	1058	420	280	430	362	401	345	364	404	476	359	410	496
Pik3c3_-_30273123.23-P1P2	Pik3c3	1515	1987	1708	1118	642	911	963	910	772	609	769	809	744	692	837
Mpz_+_171155544.23-P1P2	Mpz	1999	2578	2351	1428	893	1268	1447	1195	961	1171	1294	1253	1236	1233	1467
Chrm1_-_8664169.23-P1P2	Chrm1	2210	2956	2988	1763	1104	1534	1675	1549	1426	1372	1299	1354	1475	1358	1744
Pank1_-_34877852.23-P1P2	Pank1	1833	2275	1889	1366	958	1044	1330	1204	1010	1006	992	984	1183	1063	1401
Rgs10_+_128418116.23-P1P2	Rgs10	2115	2674	2594	1533	987	1373	1461	1270	1078	1187	1350	1299	1334	1195	1400
Optn_+_5064052.23-P1P2	Optn	1660	1913	1858	1133	734	1002	1046	990	895	810	906	955	1027	970	1188
Gstm4_+_108044826.23-P1P2	Gstm4	1903	2316	2119	1184	851	1141	1040	1122	966	979	1101	1094	1226	1175	1199
Il4_-_53618440.23-P1P2	Il4	1235	1636	1451	901	590	901	791	729	680	677	709	823	923	721	855
Gcdh_+_84893724.23-P1P2	Gcdh	1327	1711	1834	856	652	944	877	838	821	762	890	821	897	827	1004
Prkar1b_+_139129628.23-P1P2	Prkar1b	2014	2303	2343	1243	890	1255	1122	1200	1099	1096	1220	1241	1152	1084	1463
Serpina3i_+_104263359.23-P1P2	Serpina3i	1318	1657	1391	856	632	911	889	820	748	769	864	823	889	768	963
non-targeting_02234	non-targeting	1621	2164	1686	1269	773	1064	1194	1033	849	835	1055	989	927	1024	1143
Atp7a_-_106027540.23-P1P2	Atp7a	1161	1540	1468	991	504	781	794	823	602	640	732	741	815	790	853
Gusb_+_130002860.23-P1P2	Gusb	1080	1363	1230	773	469	812	716	638	414	544	644	602	645	620	813
Ids_-_70364829.23-P1P2	Ids	721	894	624	470	407	364	489	434	248	397	382	392	411	464	498
Gstm4_+_108044779.23-P1P2	Gstm4	1950	2506	2393	1679	909	1111	1322	1202	1008	1302	1285	1326	1376	1265	1348
Gsto1_-_47855080.23-P1P2	Gsto1	1602	1983	2005	1076	676	1076	1090	1075	965	903	998	1010	1038	1045	1062
Inf2_-_112604178.23-P2	Inf2_P2	971	1239	1341	625	443	472	574	584	490	500	557	667	621	555	715
Dnah10_+_124725161.23-P1P2	Dnah10	1345	1689	1569	985	804	868	1051	892	735	795	892	960	934	918	999
Ndufv3_+_31520190.23-P1P2	Ndufv3	1225	1488	1542	793	555	775	789	771	586	645	759	753	797	718	788
Gosr1_+_76763496.23-P1P2	Gosr1	1252	1671	1272	864	551	635	738	671	491	626	614	689	576	667	826
Hprt_+_52988191.23-P1P2	Hprt	1706	2144	2007	1205	753	969	1052	1106	1007	856	919	944	1091	982	1076
Src_-_157424318.23-P1P2	Src	1197	1548	1494	820	585	796	798	667	689	687	656	844	774	715	853
Cdc42_+_137357655.23-P1P2	Cdc42	1740	2265	1770	1236	863	1147	1089	1137	974	1094	1054	1093	1239	1048	1173
Wnt9b_-_103749695.23-P1P2	Wnt9b	1047	1277	1216	764	475	634	658	621	477	608	574	706	645	706	774
Stat3_-_100939371.23-P1P2	Stat3	2722	3248	3470	1937	1157	1534	1788	1582	1371	1555	1619	1590	1732	1762	1748
Ogdh_-_6291686.23-P1P2	Ogdh	1232	1536	1403	898	565	795	904	721	655	583	595	751	727	750	877
Ywhag_-_135934547.23-P1P2	Ywhag	1010	1283	1174	748	528	780	701	584	456	712	591	711	611	650	865
Hif1a_-_73908027.23-P1P2	Hif1a	1388	1692	1440	871	669	893	904	843	610	807	788	880	898	829	997
non-targeting_03524	non-targeting	1451	1756	1776	975	629	838	953	885	706	695	828	908	957	940	952
Morc2b_+_33139513.23-P1P2	Morc2b	1118	1420	1317	805	518	641	692	774	674	647	656	758	787	618	933
Kcne3_-_100178762.23-P1	Kcne3_P1	1523	1766	1797	1023	698	824	1081	972	702	868	832	914	1135	860	1133
Cdk11b_-_155624915.23-P1P2	Cdk11b	1001	1315	1439	730	484	583	660	634	489	595	538	637	538	593	623
Htt_+_34761806.23-P1P2	Htt	2004	2358	1908	1187	830	1383	1233	1254	1065	953	1054	1189	1274	1094	1376
Gria1_-_57011741.23-P1P2	Gria1	726	892	961	382	326	436	498	395	357	418	436	493	527	480	534
Aqp1_+_55336461.23-P1P2	Aqp1	1148	1396	1406	876	622	802	757	714	640	702	752	724	795	712	901
Sirt1_+_63339002.23-P1P2	Sirt1	1475	1861	2054	942	717	1003	1006	870	656	939	839	1062	956	926	1164
Fzd8_-_9212989.23-ENSMUST00000041080.5	Fzd8	1701	2205	1816	1217	764	993	1217	1185	943	908	963	1065	1119	1136	1186
Slc17a7_+_45164141.23-P1P2	Slc17a7	878	1086	1049	587	457	550	560	552	569	500	450	515	483	401	603
Uba7_+_107975637.23-P1	Uba7_P1	1039	1220	964	735	507	631	665	620	579	527	551	616	633	579	662
Il15_-_82403180.23-P1P2	Il15	1517	2020	1649	1079	730	1188	1057	949	728	853	908	995	1019	1025	1062
Asah1_+_41374601.23-P1P2	Asah1	1170	1334	1308	692	449	693	784	675	491	650	614	731	657	548	865
Kcna3_+_107036166.23-P1P2	Kcna3	1187	1523	1622	923	668	837	818	777	664	654	725	658	797	716	873
Tubb4a_-_57087557.23-P1P2	Tubb4a	913	1105	1040	595	338	634	634	482	422	528	601	607	731	599	676
Bcl2l1_+_152831684.23-P2	Bcl2l1_P2	2129	2573	2745	1516	976	1289	1318	1154	1206	1144	1291	1329	1223	1281	1424
Mapt_+_104231574.23-P1P2	Mapt	805	960	808	475	318	454	542	472	389	521	414	435	664	609	630
Stmn1_+_134468354.23-P1	Stmn1_P1	2021	2553	1921	1459	913	1381	1404	1171	1007	1056	1103	1168	1266	1173	1323
Atp6ap2_-_12587848.23-P1P2	Atp6ap2	1223	1392	1575	866	554	691	816	747	485	679	703	598	772	738	859
Hnrnpa2b1_+_51469846.23-P1P2	Hnrnpa2b1	2065	2567	2731	1560	900	1190	1364	1168	1179	1129	1215	1321	1464	1348	1621
Wnt1_+_98789903.23-P1P2	Wnt1	1040	1239	1404	719	444	727	686	621	568	523	536	633	621	608	840
Exosc8_+_54735020.23-P1P2	Exosc8	1043	1320	1686	741	481	718	685	611	644	617	567	690	720	543	716
Crat_+_30415468.23-P1P2	Crat	1060	1259	1272	811	503	679	658	614	652	651	712	708	706	630	690
non-targeting_00529	non-targeting	1226	1551	1288	809	631	786	878	766	612	770	731	787	800	779	923
Snx27_+_94582338.23-P1P2	Snx27	1137	1486	1167	863	560	789	826	747	609	669	657	704	708	708	832
Ndufb2_+_39592627.23-P1P2	Ndufb2	1719	2203	2412	1203	793	980	1379	1144	851	1011	1022	1056	1150	1093	1348
Afg3l2_+_67449146.23-P1P2	Afg3l2	1248	1440	1487	768	477	855	760	773	588	588	682	722	705	700	856
Gm2a_+_55098121.23-P1P2	Gm2a	2252	2707	2660	1479	1003	1358	1485	1404	1237	1336	1256	1382	1416	1289	1649
Psmb5_+_54617981.23-P1P2	Psmb5	296	357	314	193	84	243	190	162	102	160	124	172	152	153	170
Slc1a2_-_102706483.23-ENSMUST00000111212.1	Slc1a2	1253	1445	1542	847	490	754	778	720	550	736	717	762	782	780	812
Slc39a14_-_70351328.23-P1P2	Slc39a14	418	564	448	334	192	265	286	248	219	207	236	244	246	267	266
Frat2_+_41848037.23-P1P2	Frat2	2028	2341	2379	1339	769	1370	1428	1268	1025	1155	1072	1214	1253	1244	1472
Il12a_-_68691455.23-P1P2	Il12a	1833	2240	1786	1476	811	1208	1195	1231	1056	1102	1189	1142	1263	1251	1343
Slc25a38_-_120110420.23-P1	Slc25a38_P1	703	834	631	436	374	460	454	365	409	322	429	386	378	413	501
Lrp5_-_3686567.23-P1P2	Lrp5	1214	1627	1586	854	613	847	828	894	710	734	725	769	918	856	887
Slc11a2_-_100424088.23-P2	Slc11a2_P2	1961	2401	2214	1360	978	1081	1377	1158	992	1127	1074	1248	1202	1330	1374
Gstm4_+_108044794.23-P1P2	Gstm4	2138	2540	2487	1290	941	1324	1392	1209	1021	1121	1122	1253	1378	1200	1481
Jph3_+_121730145.23-P1P2	Jph3	1636	2021	1918	1273	710	1134	1282	981	880	880	1020	1143	1075	923	1136
Sort1_-_108284168.23-P1P2	Sort1	880	993	723	566	399	376	501	459	308	414	459	496	479	425	555
Hexb_+_97198268.23-P1P2	Hexb	3430	4026	3983	2489	1549	2355	2078	2045	1790	1909	2046	2178	2126	2073	2421
F2rl3_+_72761911.23-P1P2	F2rl3	1198	1602	1427	861	484	812	752	755	554	745	765	746	818	680	1020
Tfg_+_56717205.23-P1P2	Tfg	2125	2497	2163	1330	927	1407	1323	1154	1112	988	1095	1261	1172	1090	1335
Erlin2_+_27023920.23-P1P2	Erlin2	1405	1702	1692	915	569	936	798	780	740	825	822	787	997	860	1031
Srsf7_-_80207308.23-P1P2	Srsf7	1545	1738	1327	1048	561	969	903	980	868	745	721	842	756	778	930
Prkra_-_76648010.23-P1P2	Prkra	1252	1558	1558	848	497	643	801	726	651	654	632	711	735	701	1032
Wnt11_-_98839062.23-P2	Wnt11_P2	1004	1194	991	660	408	566	642	586	452	632	508	544	583	501	580
Padi2_-_140924351.23-P2	Padi2_P2	1904	2383	1941	1201	845	1206	1194	1206	1098	1087	1049	1112	1232	1167	1291
Htt_+_34761785.23-P1P2	Htt	1248	1536	1405	868	531	743	745	694	635	706	652	737	871	768	832
Ahsg_+_22892098.23-P1P2	Ahsg	1321	1767	1385	956	646	895	866	844	775	787	718	747	894	919	1102
Ndufa8_-_36049249.23-P1P2	Ndufa8	1208	1447	1436	1011	557	672	853	773	632	568	722	641	738	692	770
Uqcrh_-_116074868.23-P1P2	Uqcrh	940	1306	1331	844	516	613	717	637	616	564	621	620	632	607	747
Coch_+_51593444.23-P1P2	Coch	749	1123	877	727	398	585	601	564	545	450	472	471	483	499	567
Ngfr_-_95587684.23-P1P2	Ngfr	1819	2116	2603	1206	814	1042	1220	1118	1012	1002	1047	1102	1130	999	1258
Apc_-_34247734.23-P2	Apc_P2	1559	1933	1779	996	589	804	1018	987	775	838	866	893	924	898	1035
Sbf1_+_89315238.23-P1P2	Sbf1	1336	1616	1642	828	589	880	966	892	700	822	857	887	881	818	1016
Mpo_+_87793779.23-P1P2	Mpo	1063	1317	826	676	494	645	707	779	671	521	685	694	650	670	824
Ddhd2_-_25754348.23-P1P2	Ddhd2	1709	2158	1960	1249	907	1101	1210	1136	943	969	884	1027	1093	1041	1156
Mme_-_63296268.23-P2	Mme_P2	2394	3065	2845	1551	1029	1535	1680	1400	1158	1256	1304	1388	1419	1294	1441
Slc25a5_-_36795919.23-P1P2	Slc25a5	781	1027	600	585	395	591	565	642	353	432	362	539	521	525	592
Map2k1_-_64253376.23-P1P2	Map2k1	2240	2711	2900	1613	990	1223	1425	1428	1184	1280	1348	1325	1537	1364	1489
Ulk1_+_110809689.23-P1P2	Ulk1	2047	2655	2285	1428	960	1439	1338	1437	1009	1169	1254	1243	1352	1326	1491
Klc3_+_19399628.23-P1	Klc3_P1	2157	2800	2296	1658	1178	1354	1830	1448	1272	1131	1273	1439	1328	1311	1528
Nfkbia_-_55492537.23-P1P2	Nfkbia	1294	1483	1277	825	560	692	834	750	649	816	789	797	748	690	816
Uchl4_-_64235230.23-ENSMUST00000039011.3	Uchl4	1031	1255	1571	610	399	606	602	654	544	565	608	632	703	683	737
Rab11a_-_64737645.23-P1P2	Rab11a	1021	1211	1632	673	499	562	602	697	502	541	619	689	732	701	629
Clk1_+_58423839.23-P1P2	Clk1	1513	1969	1722	1048	640	908	1007	896	918	742	839	1046	900	862	1053
Gemin4_-_76243713.23-P2	Gemin4_P2	1348	1662	1541	864	634	615	886	737	583	726	722	824	809	886	926
Mpz_+_171155569.23-P1P2	Mpz	1288	1619	1456	875	612	781	908	777	726	706	705	820	787	752	909
Glul_-_153900609.23-P1P2	Glul	1918	2264	1817	1271	812	1354	1292	1165	946	1005	1057	1157	1145	1152	1322
Ndufc2_-_97400102.23-P1P2	Ndufc2	1481	1845	1656	949	693	955	970	938	828	787	872	993	928	854	1108
Aifm1_-_48513356.23-P1P2	Aifm1	1601	1893	1956	1055	749	1084	1018	966	770	833	946	921	956	930	1044
Ripk1_-_34002454.23-P1P2	Ripk1	1311	1482	1271	1003	619	850	789	769	637	733	702	747	828	721	815
Gad2_-_22622611.23-P1P2	Gad2	3119	3969	3553	2146	1389	1949	1931	1911	1433	1755	1902	1922	2049	1835	2180
Supt3_+_44777249.23-P1P2	Supt3	1696	2125	1725	1167	816	1067	1100	1095	799	1020	1067	1170	1252	1075	1208
Cox6a2_-_128206317.23-P1P2	Cox6a2	1326	1607	1460	991	561	1002	943	880	685	844	877	848	778	837	1034
Plb1_-_32247502.23-P1P2	Plb1	1659	2053	1968	1135	821	1075	1119	989	833	981	862	1067	986	1012	1134
Metrn_-_25796909.23-P1P2	Metrn	1347	1541	1564	1026	541	749	917	784	748	843	775	766	810	844	1031
non-targeting_03291	non-targeting	762	949	531	565	357	507	493	484	376	376	417	487	425	461	516
Ins2_+_142679645.23-P1	Ins2_P1	1474	1858	1775	1163	656	952	970	945	864	782	913	974	1046	909	1007
Csnk1a1_-_61555354.23-P1P2	Csnk1a1	1201	1521	1491	844	480	685	851	752	618	703	747	837	731	764	866
Mtor_-_148448652.23-P1P2	Mtor	762	898	996	505	402	414	470	408	378	374	451	438	368	475	522
Adap1_+_139325497.23-P1P2	Adap1	1848	2329	2694	1441	838	1286	1141	1168	1138	1062	1257	1091	1110	1220	1268
Vps41_-_18717362.23-P1P2	Vps41	1013	1193	1057	690	423	708	748	721	460	587	590	566	624	591	735
Cd40lg_-_57212193.23-P1P2	Cd40lg	1676	2109	1945	1152	722	1048	1038	946	832	998	921	1079	1050	897	1037
Zfp597_+_3884432.23-P1P2	Zfp597	2174	2575	2768	1496	1010	1472	1556	1199	1010	1258	1323	1365	1408	1279	1497
Snca_-_60828800.23-P1P2	Snca	1024	1245	970	648	465	658	679	591	586	600	611	613	696	645	764
Mpp1_-_75130934.23-P1P2	Mpp1	916	1061	1249	668	411	518	585	579	483	473	532	626	564	586	662
Nr4a2_-_57124117.23-P2	Nr4a2_P2	1536	1883	2183	1070	745	843	1032	988	842	899	864	809	966	915	1084
Cln3_+_126583287.23-P1P2	Cln3	1082	1462	1352	832	563	707	702	759	654	600	703	701	775	746	867
Psmb2_-_126677673.23-P1P2	Psmb2	1353	1860	1665	965	681	872	943	817	755	803	722	866	853	915	1079
Unc13a_+_71671713.23-P1P2	Unc13a	1718	2139	2030	1263	815	1184	1131	951	827	994	1176	1006	1162	1012	1199
Spg11_+_122118364.23-P1P2	Spg11	2439	3109	3023	1703	1164	1565	1910	1485	1202	1431	1509	1667	1620	1570	1819
Ndufa10_+_92473706.23-P1P2	Ndufa10	2010	2493	2294	1637	968	1140	1421	1390	984	1079	1018	1378	1244	1236	1575
Pou5f1_-_35506252.23-P1P2	Pou5f1	1540	1977	2205	1020	747	1082	1039	957	711	955	1007	990	1066	941	1124
Il10_+_131020275.23-P1P2	Il10	1381	1772	1601	924	544	947	872	868	728	772	900	878	915	895	1106
Cox7a2l_+_83514156.23-P1P2	Cox7a2l	1409	1680	1417	956	664	871	900	874	754	793	846	875	807	826	949
Lrpprc_+_84790818.23-P1P2	Lrpprc	1445	1938	1494	998	624	884	889	838	769	797	849	816	938	916	991
Fzd9_+_135251193.23-P1P2	Fzd9	1751	2226	2230	1249	884	1063	1183	1179	973	1008	1040	1133	1157	1158	1252
Ppp5c_+_17027764.23-P1P2	Ppp5c	1770	2109	1824	1077	753	1337	1130	1037	954	956	994	1030	1197	1000	1137
Trp73_+_154139807.23-P1	Trp73_P1	1559	2016	1923	1110	685	949	1091	1115	820	901	894	861	1070	997	1061
Prickle2_-_92480996.23-P2	Prickle2_P2	1492	1699	1708	1050	632	936	986	860	706	780	776	845	910	888	1062
Sema4a_+_88455693.23-P1P2	Sema4a	1531	1910	1857	1294	694	940	1059	1023	908	898	854	740	1022	941	1080
Zbtb20_-_43621503.23-P1P2	Zbtb20	928	1172	872	632	374	667	624	638	391	423	513	534	631	546	791
Gch1_-_47189391.23-P1P2	Gch1	987	1112	959	559	345	530	574	496	517	476	478	497	520	507	649
Wnt11_+_98835137.23-P1	Wnt11_P1	868	1160	1064	636	435	652	625	524	643	558	598	607	587	539	685
Dnali1_-_125065599.23-P1P2	Dnali1	2028	2666	2188	1624	951	1345	1357	1368	1022	1093	1206	1272	1250	1285	1593
Decr1_-_15945309.23-P1P2	Decr1	1826	2198	2188	1267	837	1093	1276	1064	1183	978	1076	1052	1036	964	1099
Kcne3_+_100178743.23-P1	Kcne3_P1	597	811	612	529	267	396	464	420	362	353	400	387	384	331	455
Chl1_+_103511373.23-P1P2	Chl1	709	936	926	571	327	363	562	477	305	402	450	515	512	518	504
H2-M10.6_+_36812199.23-ENSMUST00000041398.4	H2-M10.6	1644	1988	1931	1053	758	1150	1026	1059	812	888	990	903	977	988	1192
non-targeting_00545	non-targeting	1321	1969	1971	976	709	855	989	834	709	805	875	919	912	913	1011
Metrn_+_25796867.23-P1P2	Metrn	1233	1433	1289	814	579	830	799	696	537	683	630	686	811	746	908
Glo1_+_30612423.23-P1P2	Glo1	2008	2488	2511	1421	966	1246	1254	1252	981	1031	1124	1214	1340	1198	1431
Psap_+_60277749.23-P1P2	Psap	1165	1343	1326	863	568	618	698	713	530	532	622	650	745	773	790
Pld3_-_27542753.23-P1	Pld3_P1	1269	1525	1323	892	631	797	934	745	611	653	651	758	833	792	888
Wnt6_-_74771928.23-P1P2	Wnt6	2058	2478	2190	1464	944	1371	1429	1340	1104	1036	1068	1349	1228	1261	1507
Dkk4_-_22624057.23-P1P2	Dkk4	1100	1335	1600	843	486	724	783	821	781	613	659	707	686	659	934
Chrm1_-_8664148.23-P1P2	Chrm1	1346	1728	1560	1083	651	893	929	854	858	664	766	834	883	783	989
Ddhd1_+_45658051.23-P1P2	Ddhd1	480	562	333	260	212	288	331	290	330	319	297	281	296	337	372
Psmc4_-_28050057.23-P1P2	Psmc4	1865	2362	2256	1370	729	1021	1051	1100	941	1082	1016	1065	1126	1059	1237
Msh2_-_87672598.23-P1P2	Msh2	1479	1802	1615	1014	631	1019	836	876	831	844	825	938	935	776	1064
Slc17a6_+_51622099.23-P1P2	Slc17a6	1785	2081	1848	1167	671	1321	1183	1074	900	1009	1067	913	1203	1001	1273
Vwa3b_+_37153869.23-P1P2	Vwa3b	1008	1243	1496	617	329	573	650	668	430	488	542	584	558	574	786
Dvl2_-_70000637.23-P1P2	Dvl2	1644	2169	1742	1169	775	1023	1214	1147	815	906	1000	1088	1104	1094	1275
Qprt_+_127122020.23-P1P2	Qprt	1258	1613	1663	916	611	824	906	834	634	737	695	893	783	800	990
non-targeting_01805	non-targeting	1295	1619	1821	905	610	874	887	957	652	748	696	824	943	801	1126
Sema6b_-_56133802.23-P2	Sema6b_P2	1155	1529	1556	819	519	709	790	890	629	655	791	712	744	769	827
Bhlhb9_+_135885904.23-P1P2	Bhlhb9	1403	1850	1833	1169	613	1005	884	918	813	863	904	916	1091	981	1173
Stip1_+_7039902.23-P1P2	Stip1	1705	2102	1605	1218	651	1199	1152	1020	1038	883	872	990	1023	992	1247
Ern1_-_106487785.23-P1P2	Ern1	1611	1940	1435	1116	719	924	1006	1010	858	853	801	1040	993	982	1014
Trp53_+_69580414.23-P1P2	Trp53	1330	1669	1889	898	652	833	916	747	668	715	771	835	924	731	1007
Atxn2_+_121712064.23-P1P2	Atxn2	753	968	1051	557	331	456	519	501	406	391	451	498	518	518	482
Tomm40_-_19715192.23-P1P2	Tomm40	1294	1677	2028	974	662	870	902	784	714	669	743	825	829	871	1018
Chchd2_+_129887044.23-P1P2	Chchd2	896	1186	856	713	406	635	690	648	514	647	572	687	651	560	723
Dnal1_-_84114399.23-P1P2	Dnal1	1108	1311	1215	641	495	680	668	632	475	654	600	678	641	641	658
Kidins220_-_24974940.23-P1P2	Kidins220	1879	2272	2481	1439	968	1255	1338	1184	997	1156	1039	1098	1268	1162	1304
Prdm12_+_31639804.23-P1P2	Prdm12	1065	1171	1695	753	543	601	693	555	576	602	652	566	740	701	819
Aplp1_-_30445325.23-P1P2	Aplp1	2208	2906	3369	1467	940	1507	1429	1460	1379	1239	1260	1318	1393	1386	1669
H2-M10.6_+_36812205.23-ENSMUST00000041398.4	H2-M10.6	1348	1690	1183	921	580	686	970	833	626	725	756	789	701	779	907
Ptn_+_36809992.23-P1P2	Ptn	1252	1707	1141	1009	654	942	927	812	908	682	645	785	880	812	878
Sema4a_+_88455678.23-P1P2	Sema4a	695	810	852	429	321	455	511	467	270	411	403	416	326	437	499
Prps1l3_+_57230447.23-P1P2	Prps1l3	2208	2570	2378	1486	898	1381	1535	1370	1166	1220	1138	1333	1263	1340	1462
Dlg4_+_70018462.23-P1	Dlg4_P1	608	740	582	429	241	410	385	343	315	316	345	431	394	358	359
Mif_+_75860289.23-P1P2	Mif	1292	1462	1428	837	562	775	834	900	645	709	718	754	751	781	866
Adora3_-_105870967.23-P1P2	Adora3	1506	1864	1867	1113	708	899	1163	1065	776	766	963	910	871	938	1138
Aifm1_-_48513332.23-P1P2	Aifm1	3393	4240	4734	2578	1798	2380	2509	2310	1826	1881	1990	2136	2086	2117	2405
Gabarap_-_69991671.23-P1P2	Gabarap	1406	1614	1413	929	759	867	931	846	665	674	797	790	885	780	773
Rbfox3_+_118909534.23-P1P2	Rbfox3	1017	1350	935	782	473	600	554	513	489	657	572	633	667	648	838
Erlin2_+_27024051.23-P1P2	Erlin2	1317	1559	1995	967	611	1031	872	795	631	774	759	748	981	795	997
Brca2_+_150522866.23-P1P2	Brca2	1809	2253	2288	1391	888	1180	1196	1176	985	1034	1080	1136	1242	1198	1216
Dhtkd1_-_5942739.23-P1P2	Dhtkd1	879	1125	745	596	354	584	616	534	372	583	575	513	589	548	686
Gle1_-_29935465.23-P1P2	Gle1	1123	1329	1162	693	463	537	729	640	393	390	416	529	385	565	625
S100b_+_76253923.23-P1P2	S100b	2444	2932	2685	1734	1082	1684	1547	1408	1363	1344	1385	1423	1459	1454	1725
A2m_-_121636302.23-P1P2	A2m	1716	2116	1914	1351	778	1175	1096	923	868	1032	997	1044	1254	1015	1241
Psmb3_-_97703513.23-P1P2	Psmb3	1731	2010	2055	896	704	872	862	952	555	772	665	1016	614	909	1028
Dync1h1_-_110601670.23-P1P2	Dync1h1	1479	1850	1627	962	529	830	892	845	734	749	734	876	737	823	1058
Kif5c_-_49619369.23-P1P2	Kif5c	1538	2077	1739	1178	726	1074	1016	1115	921	882	927	921	1033	927	1098
Cnp_-_100575068.23-P1P2	Cnp	1524	1795	1478	1140	696	981	1090	1019	891	781	827	924	942	896	1109
Fbln5_-_101818866.23-P1P2	Fbln5	1079	1489	1319	792	564	744	690	710	724	755	787	664	795	789	891
Pla2g6_-_79328151.23-P1P2	Pla2g6	1080	1249	1030	576	416	569	560	570	420	567	546	672	788	657	814
Wnt2b_+_104961672.23-P1P2	Wnt2b	1788	2146	2459	1321	793	1038	1343	1130	1178	946	972	1004	1099	1093	1275
Tubb1_-_174450743.23-P1P2	Tubb1	1130	1380	1496	900	569	667	747	708	589	509	690	717	649	710	847
Ifit3_+_34583555.23-P1P2	Ifit3	1406	1595	1694	1064	629	848	975	858	859	763	878	928	791	855	899
Wnt7a_-_91411317.23-P1P2	Wnt7a	878	1001	770	617	355	574	642	564	545	454	554	564	537	493	712
Slc6a3_-_73536856.23-P1P2	Slc6a3	1398	1694	1646	1037	542	859	931	781	739	746	857	776	919	809	946
non-targeting_01100	non-targeting	1150	1429	1103	864	679	757	868	761	611	655	693	780	816	761	833
Cnr2_+_135911942.23-P2	Cnr2_P2	1227	1599	1142	806	490	632	921	759	725	739	710	759	706	795	902
Casp8_-_58795419.23-P1P2	Casp8	2094	2492	2390	1420	850	1182	1323	1176	995	1063	1033	1219	1346	1207	1365
H2-M10.1_-_36326123.23-ENSMUST00000025322.7	H2-M10.1	947	1098	1307	664	359	541	563	558	464	552	506	650	604	525	585
Lamp1_-_13159448.23-P1P2	Lamp1	1881	2334	2210	1252	809	1280	1462	1118	1048	1062	992	1140	1195	1144	1365
Gstm7_-_107931672.23-P1P2	Gstm7	955	1258	977	630	402	592	668	544	463	535	542	646	543	520	756
Atp5d_+_80142392.23-P1P2	Atp5d	1621	1834	1292	1005	697	1027	900	871	616	883	720	936	958	803	1102
Ascc1_+_60002866.23-P1P2	Ascc1	1499	2004	2228	1064	804	887	970	885	686	892	897	973	1039	933	1224
Ocln_+_100552578.23-P1P2	Ocln	2194	2835	2237	1526	1083	1411	1422	1362	1221	1292	1225	1377	1346	1415	1499
Snx27_+_94582493.23-P1P2	Snx27	1381	1571	1825	944	581	841	846	863	702	753	756	800	779	795	940
Apoe_+_19698977.23-P1P2	Apoe	848	1193	1175	731	506	498	637	560	451	536	486	549	628	492	683
Fasl_-_161788348.23-P1P2	Fasl	1287	1569	1711	876	634	920	808	896	689	784	746	831	911	827	944
Shh_+_28466921.23-P1P2	Shh	2085	2547	2042	1460	932	1187	1284	1265	1018	1102	1164	1290	1229	1252	1617
Psmb4_+_94886904.23-P1P2	Psmb4	1274	1378	1488	476	419	564	542	610	368	536	385	579	481	532	690
Csnk2a1_+_152226599.23-P1P2	Csnk2a1	811	993	1004	605	407	560	657	657	486	454	593	570	557	451	612
Pank2_-_131262721.23-P1P2	Pank2	1349	1605	1413	859	506	852	802	788	736	654	848	778	712	699	886
Slc30a10_-_185455132.23-P1P2	Slc30a10	1198	1360	1405	892	462	844	924	780	600	723	655	719	817	653	809
Uqcrq_+_53430789.23-P1P2	Uqcrq	1422	1789	1860	1029	606	977	1063	908	805	792	848	1022	922	895	1010
Jph3_+_121730148.23-P1P2	Jph3	2984	3475	3724	2073	1293	1639	1965	1728	1569	1545	1674	1636	1869	1737	1980
Atf4_+_80255491.23-P1P2	Atf4	843	1018	932	645	404	532	527	538	511	461	511	496	605	523	698
Trpc3_-_36690147.23-P1P2	Trpc3	2334	2743	2472	1560	1126	1278	1329	1428	1136	1353	1241	1364	1575	1501	1673
Notch1_-_26503708.23-P1P2	Notch1	1790	2395	1652	1276	857	1150	1075	1214	1072	887	1083	1053	1042	1150	1288
Apbb1_+_105581226.23-P1P2	Apbb1	1614	2185	1950	1191	839	1182	1125	1011	937	956	900	1108	947	1045	1209
Oxr1_-_41789018.23-ENSMUST00000170127.1	Oxr1	1287	1490	1301	989	547	846	800	671	579	696	687	805	691	667	785
Th_-_142899944.23-P1P2	Th	1339	1594	1569	868	630	717	848	694	687	693	830	837	929	729	1132
Ncl_-_86359281.23-P1P2	Ncl	1908	2406	2162	1198	804	1222	1380	1238	993	1095	1034	1186	1413	1295	1318
Ube2g1_+_72607488.23-P1P2	Ube2g1	639	742	825	445	268	304	377	353	275	368	369	359	391	328	461
Atg5_-_44268542.23-P1P2	Atg5	1132	1444	1525	709	501	887	762	744	704	631	722	681	766	644	810
Cyp2d10_+_82406781.23-P1P2	Cyp2d10	1692	2024	2488	1199	825	989	1239	1044	851	834	989	967	967	1015	1095
Slc30a10_+_185455115.23-P1P2	Slc30a10	1494	1887	1739	997	656	812	873	849	722	874	836	973	853	906	1002
Ina_+_47014696.23-P1P2	Ina	1378	1779	1967	924	652	858	979	813	774	827	891	938	981	871	949
Junb_+_84978659.23-P1P2	Junb	1856	2167	2599	1301	977	1188	1222	1173	1130	1102	1124	1157	1202	1169	1334
Nlrp3_+_59542763.23-P2	Nlrp3_P2	851	1072	823	517	310	529	496	492	369	477	502	475	601	536	644
Coasy_+_101082668.23-P1P2	Coasy	1921	2370	2334	1410	982	1172	1229	1205	998	1099	1135	1204	1266	1139	1418
Bag6_+_35135256.23-P1P2	Bag6	1154	1468	1244	938	557	693	766	677	608	590	634	764	632	650	897
Xpnpep1_-_53038551.23-P1P2	Xpnpep1	1949	2238	2380	1388	759	1012	1129	1088	820	1089	1192	1113	1266	1167	1189
Kat2a_-_100712420.23-P1P2	Kat2a	2075	2651	2600	1530	939	1339	1381	1353	1226	1196	1152	1326	1452	1204	1385
Xbp1_+_5521087.23-P1P2	Xbp1	1711	2142	2134	1210	749	1239	1075	1157	813	1047	1009	957	1137	1108	1180
Rab5a_-_53479323.23-P1P2	Rab5a	2445	2938	2949	1608	1135	1480	1568	1499	1296	1343	1465	1420	1564	1380	1679
Tnfrsf21_+_43016577.23-P1P2	Tnfrsf21	2005	2552	2286	1458	1067	1231	1516	1251	1127	1126	1232	1273	1286	1197	1477
Nox1_+_134111731.23-P1P2	Nox1	884	1008	1412	588	393	534	585	627	486	471	526	576	497	563	646
Tppp_-_74009683.23-P1P2	Tppp	1398	1839	1544	941	674	952	998	839	808	857	783	869	947	949	990
Lsm2_+_34981936.23-P1P2	Lsm2	721	964	993	568	394	542	545	501	468	363	391	458	389	444	567
Ewsr1_+_5098995.23-P1P2	Ewsr1	2176	2578	2407	1504	1024	1319	1339	1409	1085	1154	1184	1439	1424	1174	1536
Fzd9_+_135251127.23-P1P2	Fzd9	921	1229	849	760	367	661	619	485	477	521	516	643	640	528	645
Lep_-_29060259.23-P1P2	Lep	1321	1781	1470	1058	650	944	988	801	815	747	817	881	858	804	1109
1700013F07Rik_-_108537570.23-P1P2	1700013F07Rik	1035	1203	976	646	387	564	724	641	567	541	581	557	688	564	689
Spg21_+_65460987.23-P1P2	Spg21	549	753	734	364	264	421	383	366	247	325	322	307	329	304	391
Itpr1_-_108213226.23-P1P2	Itpr1	1005	1486	1237	813	507	724	746	674	603	665	589	701	697	675	816
Jun_-_95052113.23-P1P2	Jun	1460	1978	1274	1139	790	1089	1068	1066	948	818	926	935	1043	875	1088
Samd9l_+_3399375.23-P1P2	Samd9l	1483	1883	1907	1101	628	1012	1193	995	822	793	753	893	895	824	1057
Slc11a2_-_100424156.23-P2	Slc11a2_P2	1964	2325	2141	1433	964	1324	1284	1292	1056	1076	1157	1300	1265	1257	1460
Tnfrsf1a_+_125350032.23-P1P2	Tnfrsf1a	2450	3131	3110	1566	1076	1553	1549	1405	1195	1431	1443	1555	1688	1456	1776
Canx_-_50325614.23-P1P2	Canx	1910	2522	2692	1285	918	1173	1239	1134	1118	1106	1107	1346	1324	1190	1543
Ndufs5_+_123718102.23-P1P2	Ndufs5	1588	2080	1927	1200	780	1126	1112	1113	1040	973	885	1044	1138	1127	1158
Hexb_-_97198294.23-P1P2	Hexb	3069	4022	3339	2226	1438	2113	2223	2075	1514	1772	1853	1950	2280	1949	2304
non-targeting_02872	non-targeting	1978	2461	1956	1373	1020	1394	1395	1292	934	1211	1117	1173	1385	1200	1393
Calm4_-_3837937.23-ENSMUST00000042219.4	Calm4	2147	2830	2641	1550	1096	1478	1617	1374	1069	1208	1314	1378	1293	1312	1490
Fgf2_-_37348678.23-ENSMUST00000038885.3	Fgf2	1507	1828	1648	1075	702	975	966	829	817	771	979	964	1057	923	1156
Psmd1_+_86064685.23-P1P2	Psmd1	1750	2311	2315	1308	805	1277	1197	1205	889	1071	1163	1084	1212	1163	1457
Dnah5_-_28203793.23-P1P2	Dnah5	1779	2257	2035	1356	755	1090	1236	1202	966	1067	1162	1151	1377	1122	1350
Ngf_-_102469945.23-P1P2	Ngf	1537	1894	2088	1111	757	954	1162	1070	690	878	879	1048	1069	927	1102
Ubqln2_-_153498224.23-P1P2	Ubqln2	1791	2217	2124	1303	838	1044	1199	1024	978	1021	1119	1083	1273	1146	1322
Nbr1_-_101552960.23-P1P2	Nbr1	1519	1935	1729	994	663	933	988	1016	753	886	867	949	817	804	1075
Tnf_+_35201975.23-P1P2	Tnf	974	1336	1054	760	508	651	736	672	591	484	588	597	697	673	778
Ap4b1_+_103809632.23-P1P2	Ap4b1	1567	2168	2063	1265	717	1117	1282	1054	914	938	870	973	1105	1019	1162
Wnt8a_-_34542360.23-ENSMUST00000012426.2	Wnt8a	1634	2121	2112	1182	724	1042	1187	1066	803	972	1070	1213	1232	1118	1247
Snap25_+_136713530.23-P1P2	Snap25	1405	1702	1750	1027	659	851	979	828	776	834	793	864	928	888	1005
Cabin1_+_75764305.23-P1P2	Cabin1	1661	2046	1905	1064	765	987	1101	994	746	895	928	834	979	900	1095
Msra_-_64440868.23-P1P2	Msra	2094	2756	2380	1444	859	1226	1317	1435	1132	1211	1284	1260	1293	1346	1420
Sqstm1_-_50210734.23-P1	Sqstm1_P1	1906	2338	2341	1096	678	1087	1188	1048	842	1080	1186	1387	1271	1314	1673
Uqcr11_-_80406491.23-P1P2	Uqcr11	1342	1715	1798	998	738	886	930	815	810	748	715	870	750	882	1083
Gpx2_-_76795444.23-P1P2	Gpx2	1288	1483	1175	770	567	780	833	761	710	681	807	754	718	794	989
Anxa1_+_20390610.23-P1P2	Anxa1	914	1272	910	740	530	603	685	658	539	520	639	675	646	612	736
Comt_+_18426323.23-P1P2	Comt	1868	2431	2326	1321	872	1335	1365	1272	1042	1024	1268	1287	1193	1186	1351
Psmb3_-_97703653.23-P1P2	Psmb3	1646	2106	2140	1203	732	1020	1150	1087	955	850	848	1097	922	1116	1219
Erlin1_+_44069768.23-P1P2	Erlin1	955	1370	1191	644	495	675	743	641	548	567	603	662	710	596	806
Vps13c_+_67840461.23-P1P2	Vps13c	681	831	780	479	295	383	506	453	344	341	353	436	514	441	465
Ifit3_+_34583594.23-P1P2	Ifit3	1570	2026	1845	1179	656	1000	1195	1009	932	808	904	967	1017	924	1221
Cox8b_-_140900330.23-P1P2	Cox8b	1852	2366	2070	1272	936	982	1291	1037	1020	1084	1126	1160	1253	1300	1518
Atg2b_-_105685233.23-P1P2	Atg2b	1317	1569	1450	982	660	917	992	824	653	679	666	782	864	872	891
Sdhc_+_171150376.23-P1P2	Sdhc	1330	1568	1672	835	520	816	756	835	566	636	604	725	790	706	802
Stub1_+_25832845.23-P1P2	Stub1	1541	1763	1561	1105	639	739	997	841	685	838	761	903	874	876	1004
Eif2ak2_-_78882524.23-P1P2	Eif2ak2	2386	3092	2569	1689	1104	1660	1589	1365	1563	1395	1284	1576	1679	1377	1677
Rbm8a_-_96630177.23-P1P2	Rbm8a	1045	1147	924	559	460	478	442	491	315	353	315	513	308	386	506
Mgst1_-_138140542.23-P1P2	Mgst1	1770	2411	2030	1224	952	1173	1212	1037	861	1104	1026	1045	1229	1109	1263
non-targeting_01122	non-targeting	1320	1795	1624	1096	765	846	880	879	726	793	831	895	899	948	974
Adrm1_+_180171649.23-P1P2	Adrm1	806	1130	831	625	456	569	661	546	388	547	489	533	570	533	615
Camk2a_-_60925690.23-P1P2	Camk2a	1235	1307	1723	782	459	695	751	711	659	526	729	678	629	676	753
Wnt5b_+_119544269.23-P1P2	Wnt5b	1368	1863	1527	812	671	836	745	928	744	781	934	878	930	868	972
Nr3c1_-_39490491.23-P1P2	Nr3c1	1846	2399	2383	1202	895	1196	1206	1142	1097	1053	1116	1025	1120	1162	1282
Tor1a_-_30967859.23-P1P2	Tor1a	776	985	760	539	401	534	556	563	404	488	458	501	504	461	533
Park7_+_150909824.23-P1	Park7_P1	1712	2140	1668	1082	704	1013	1115	1102	913	928	1029	1016	1101	920	1225
Nox4_-_87246862.23-P1P2	Nox4	1413	1739	1564	981	630	947	933	985	743	815	769	880	818	771	958
Tsen54_+_115814782.23-P1P2	Tsen54	1364	1651	1787	854	599	740	909	810	519	556	526	780	633	705	822
Tead1_-_112679660.23-P1P2	Tead1	1476	1867	1741	885	716	959	1094	967	748	823	846	916	1019	904	1069
Trip4_-_65908727.23-P2	Trip4_P2	1009	1203	1204	675	501	564	673	667	605	518	591	582	624	574	652
Nhlrc2_-_56548565.23-P1P2	Nhlrc2	1418	1703	1533	930	628	827	949	862	759	744	803	871	960	856	947
Cox8a_-_7217556.23-P1P2	Cox8a	1429	1580	1584	871	673	1020	793	872	721	697	825	815	910	768	863
Wnt5a_+_28505823.23-P1	Wnt5a_P1	1829	2284	2091	1191	764	1125	1087	1068	926	921	867	975	1005	1010	1274
Sema3c_-_17574782.23-P1P2	Sema3c	1374	1543	1724	842	551	825	841	746	621	762	725	840	800	781	883
Abcb1b_+_8798154.23-P1P2	Abcb1b	1619	1994	1869	1142	786	950	1015	1002	921	864	886	998	1055	1027	1137
Slc11a2_+_100424095.23-P2	Slc11a2_P2	1147	1396	1732	873	621	792	801	817	848	602	726	816	938	838	914
non-targeting_03939	non-targeting	1337	1608	1475	856	581	778	813	680	741	726	713	655	703	705	871
Tbp_-_15499996.23-P1P2	Tbp	1496	1879	1585	1090	748	931	951	895	860	858	815	1002	1018	957	1103
Ube2l3_+_17201370.23-P1P2	Ube2l3	1427	1830	2054	1022	581	873	833	815	712	723	842	850	906	914	878
Abcb1b_+_8798198.23-P1P2	Abcb1b	966	1270	1168	540	426	653	656	577	521	576	703	828	735	591	956
Tat_-_109990486.23-P1P2	Tat	1042	1469	1756	764	559	653	647	667	697	688	774	829	800	668	918
Prps1l3_+_57230674.23-P1P2	Prps1l3	653	805	563	514	268	340	358	444	337	443	377	375	431	383	403
Chrna7_+_63212456.23-P1P2	Chrna7	1527	1861	2147	1056	590	1001	935	891	751	795	877	923	834	942	995
Nes_+_87971091.23-P1P2	Nes	1804	2438	2596	1279	760	1180	1182	1061	967	1053	1157	1176	1240	1155	1376
Ccl3_-_83649173.23-P1P2	Ccl3	741	862	817	543	299	535	522	403	473	449	390	407	454	416	545
P2rx7_+_122643981.23-P1P2	P2rx7	1180	1331	1198	801	507	811	686	652	631	654	690	633	630	690	804
Ctsd_-_142387805.23-P1P2	Ctsd	1867	2262	1982	1351	946	1178	1162	1062	987	925	932	1119	975	1011	1197
Ndrg1_+_66969220.23-P1P2	Ndrg1	1388	1789	1954	1052	706	1054	1051	944	786	861	877	950	929	890	1046
Cdc27_+_104550517.23-P1P2	Cdc27	1307	1646	1530	1052	592	962	923	831	697	707	814	733	865	844	1015
Tmem230_+_132247547.23-P1P2	Tmem230	671	928	740	483	306	486	503	448	400	377	423	421	472	422	469
Ang_-_51096436.23-P1	Ang_P1	1893	2317	2368	1441	902	1271	1129	1160	1041	1014	1115	1221	1083	1153	1429
Tmprss4_+_45203988.23-P1P2	Tmprss4	1841	2421	2064	1192	929	1191	1147	1183	1017	1100	1023	1210	1258	1228	1265
Rab8a_+_72161422.23-P1P2	Rab8a	1148	1452	1129	707	527	577	690	651	665	658	686	645	789	703	735
Gad1_+_70562151.23-P1P2	Gad1	1314	1562	1674	966	517	818	836	753	630	744	821	823	867	753	922
Blvra_+_127080500.23-P2	Blvra_P2	915	1165	1083	694	445	670	571	548	449	560	547	561	612	619	702
Camk2g_+_20793997.23-P1P2	Camk2g	2658	3309	2667	1757	1431	1732	1613	1661	1329	1480	1496	1747	1699	1766	1910
Dnajc13_+_104262895.23-P1P2	Dnajc13	973	1128	1389	568	415	494	598	548	538	484	532	601	492	523	651
Hspb3_-_113663559.23-P1P2	Hspb3	686	855	733	464	308	446	449	431	345	392	354	443	474	420	452
Pdk3_+_93832107.23-P1P2	Pdk3	1859	2282	2143	1247	915	1163	1156	1029	1060	954	1031	986	1186	1093	1305
Zfyve26_+_79296264.23-P1P2	Zfyve26	1589	1910	1899	1163	726	1125	1075	985	811	884	954	963	1036	905	1130
Agtpbp1_-_59557262.23-P1P2	Agtpbp1	1619	1921	1948	1019	532	928	880	853	607	787	820	951	998	865	1227
Gpx7_-_108406702.23-P1P2	Gpx7	1687	2232	2159	1330	790	1090	1160	1030	814	1008	1063	1084	1087	1112	1239
Psmb6_-_70525438.23-P1P2	Psmb6	1891	2387	2132	1080	638	934	884	948	571	807	581	963	681	884	1045
Fus_-_127967513.23-P1P2	Fus	1620	1839	1922	985	763	1106	941	954	734	830	854	803	1049	1006	1086
Sema6b_+_56133813.23-P2	Sema6b_P2	1383	1716	1448	906	654	798	1090	807	707	837	853	721	865	795	858
Dcx_-_143933071.23-P1P2	Dcx	1314	1774	1650	1096	636	890	1028	883	753	728	794	845	867	836	1045
Tuba1b_+_98934456.23-P1P2	Tuba1b	1136	1539	1434	842	513	846	790	847	568	617	742	866	744	732	949
Kif5b_+_6241434.23-P1P2	Kif5b	2900	3693	3073	2056	1327	1764	1967	1682	1567	1694	1757	1915	1760	1813	2018
Cacna1a_+_84415608.23-ENSMUST00000121390.1	Cacna1a	1217	1583	1193	841	602	837	675	685	622	639	633	709	734	840	963
Grm2_+_106656033.23-P1P2	Grm2	1851	2282	2074	1304	730	1049	1205	1113	1007	943	1101	1064	1192	1075	1206
Synm_-_67759743.23-P1P2	Synm	2121	2644	2001	1541	1003	1308	1409	1147	1129	1151	1198	1329	1408	1360	1547
Atf2_+_73892604.23-P1P2	Atf2	1680	2049	2268	1138	735	1091	1052	1085	682	989	840	953	1129	1066	1167
Gchfr_+_119167835.23-P1P2	Gchfr	1728	2156	1974	1199	813	1278	1136	1093	944	972	1096	1029	1199	1183	1364
Sv2a_+_96181212.23-P1P2	Sv2a	750	833	826	514	302	480	531	428	393	387	463	511	462	460	545
Ndufa4l2_+_127515031.23-P1P2	Ndufa4l2	1461	1860	1862	1093	710	964	1085	958	770	738	835	829	886	857	1072
Wnt7b_-_85581893.23-P1	Wnt7b_P1	728	1008	872	467	377	387	483	493	370	359	432	481	545	461	530
Scp2_-_108118586.23-ENSMUST00000030340.8	Scp2	666	862	1133	614	336	485	505	389	393	432	390	451	481	422	439
Cox8b_-_140900380.23-P1P2	Cox8b	1195	1621	1218	785	494	832	842	855	637	692	829	664	810	786	873
Cacna1d_+_30353492.23-P1P2	Cacna1d	1108	1409	966	864	554	812	671	680	548	665	655	695	762	639	747
Traf2_-_25546867.23-P1P2	Traf2	1928	2393	1982	1427	949	1263	1399	1206	1067	962	1046	1185	1185	1112	1388
Gpr37_+_25689462.23-P1P2	Gpr37	1052	1250	1300	835	443	673	876	677	567	578	616	705	519	654	850
Aco2_+_81872684.23-P1P2	Aco2	1163	1459	952	728	530	689	836	710	618	555	615	639	643	675	801
Glo1_-_30612626.23-P1P2	Glo1	1252	1654	1648	827	604	798	725	681	706	755	730	817	841	817	999
Elavl4_+_110286923.23-P1P2	Elavl4	1994	2438	1884	1356	865	1413	1338	1453	1064	1059	1227	1140	1191	1188	1261
Chat_-_32465800.23-P2	Chat_P2	1752	2167	2326	1360	810	1076	1300	1044	884	978	1051	1047	1035	1077	1342
Akt1_+_112674185.23-P1P2	Akt1	1825	2188	2465	1276	891	1274	1314	1042	988	938	1000	1101	1145	1151	1232
Ndufb10_+_24724350.23-P1P2	Ndufb10	1410	1837	1425	1034	603	864	994	880	682	733	924	832	885	902	914
Cyp2d11_+_82393541.23-ENSMUST00000170255.1	Cyp2d11	1383	1545	1591	877	615	688	855	696	648	751	711	792	843	777	830
Pon3_-_5256203.23-P1P2	Pon3	1824	2258	2208	1280	843	1197	1092	1130	1107	1011	1192	1109	1167	1120	1394
Psmc2_-_21785301.23-P1	Psmc2_P1	1207	1576	1657	783	430	667	868	772	716	614	682	786	748	726	823
Atp5h_-_115419742.23-P1P2	Atp5h	1506	1771	1733	977	630	901	816	928	815	822	862	789	938	866	1079
Abcb6_-_75180366.23-P1P2	Abcb6	2739	3839	3493	1923	1322	1857	2021	1744	1825	1631	1928	1862	1945	1912	2244
Stip1_+_7039934.23-P1P2	Stip1	1615	2123	1722	1334	716	1169	990	1041	714	920	1006	927	1019	1021	1089
Ralgps2_+_156939544.23-P1P2	Ralgps2	2311	2674	2547	1777	1004	1321	1495	1343	1263	1206	1220	1405	1312	1304	1427
Slc9a5_-_105348228.23-P1P2	Slc9a5	876	1132	1098	662	496	611	633	571	504	465	602	591	670	581	648
Ngb_-_87102308.23-P1P2	Ngb	1105	1398	1352	805	425	719	584	672	548	559	565	696	623	648	753
Axin2_+_108920879.23-P1P2	Axin2	1505	1955	2162	1191	712	1020	993	919	796	949	857	893	989	920	1117
Pparg_-_115361322.23-P1P2	Pparg	2566	3221	2603	1690	986	1527	1756	1501	1103	1192	1439	1454	1520	1428	1851
Map2k5_-_63377848.23-P1P2	Map2k5	2036	2722	2158	1483	986	1204	1551	1496	1035	1255	1356	1293	1239	1372	1477
Igfals_-_24878803.23-P1P2	Igfals	1092	1320	1242	643	449	673	753	507	524	570	614	662	664	630	734
Ager_+_34597896.23-P1P2	Ager	1999	2336	2267	1505	839	1167	1303	1171	930	1139	1142	1191	1164	1213	1456
Ndufa4l2_-_127515001.23-P1P2	Ndufa4l2	937	1238	1640	700	480	576	772	665	526	514	647	676	683	609	743
Slc6a4_-_77009364.23-P1	Slc6a4_P1	2718	3469	3511	1909	1275	1756	1661	1626	1360	1442	1602	1677	1666	1786	2013
Nlrp3_-_59542733.23-P2	Nlrp3_P2	1378	1718	2193	1060	618	758	963	898	683	791	812	876	892	969	937
Wnt8a_+_34542350.23-ENSMUST00000012426.2	Wnt8a	1193	1517	1130	710	562	700	705	917	689	640	703	707	757	736	866
Ctsf_+_4855183.23-P1P2	Ctsf	717	855	1148	526	386	374	534	508	366	426	462	488	439	450	481
Klf4_+_55532420.23-P1P2	Klf4	505	551	685	277	257	304	321	307	265	322	283	299	315	289	417
Tmprss4_+_45204006.23-P1P2	Tmprss4	1477	1961	1804	1079	709	943	991	926	732	858	860	990	803	942	1039
Pnpla6_+_3516904.23-P2	Pnpla6_P2	1523	2089	2436	1141	774	1146	1151	863	885	875	840	1046	1042	957	1130
Hap1_-_100356006.23-P1P2	Hap1	921	1144	1645	634	420	649	606	625	548	474	547	619	630	556	613
Rb1_-_73325771.23-P1P2	Rb1	1681	2030	1720	1235	785	1001	1115	917	805	937	833	987	934	882	1140
Rims2_+_39198335.23-ENSMUST00000082054.5,ENSMUST00000042917.9	Rims2	2176	2674	2600	1467	977	1446	1504	1366	1162	1155	1233	1250	1259	1200	1643
Ctsd_-_142387794.23-P1P2	Ctsd	1409	1924	1672	969	568	867	872	827	711	682	900	922	972	998	1097
Grin2b_+_136172089.23-P1P2	Grin2b	1092	1324	1251	761	442	662	698	671	551	541	599	586	720	676	710
Cacna1f_+_7607187.23-P1P2	Cacna1f	1861	2292	2621	1324	819	1189	1149	1172	985	1042	1053	1120	1162	1183	1355
Tfcp2_+_100551936.23-P1P2	Tfcp2	1302	1576	1503	900	588	801	860	878	775	749	856	826	827	898	952
Nefh_+_4947920.23-P1P2	Nefh	1437	1690	1763	968	745	830	946	963	811	767	851	820	790	838	884
Lamp1_-_13159318.23-P1P2	Lamp1	2161	2776	2580	1643	941	1300	1373	1474	1041	1140	1229	1390	1239	1349	1449
Sirt5_+_43365531.23-P1P2	Sirt5	1057	1289	1002	776	521	691	710	675	547	607	634	591	699	624	714
Pde8b_+_95223027.23-P2	Pde8b_P2	1382	1740	1353	933	593	710	894	901	679	751	770	899	827	807	1041
Pink1_+_138326212.23-P1P2	Pink1	2493	2915	2719	1773	1036	1513	1713	1463	1228	1356	1360	1583	1566	1525	1662
Ung_-_114131232.23-P1P2	Ung	1215	1606	1479	887	654	771	739	888	645	654	788	785	762	766	934
Park7_+_150909802.23-P1	Park7_P1	2030	2718	2281	1485	742	1306	1397	1235	1064	1194	1213	1285	1284	1278	1487
Igf1_+_87859311.23-P1	Igf1_P1	1208	1468	1416	789	539	771	851	723	665	746	695	717	781	715	843
Dnah7a_+_53706770.23-P1P2	Dnah7a	1601	1866	1759	1324	630	894	1027	935	776	863	934	990	1053	1002	1042
Ap4e1_-_127008773.23-P1P2	Ap4e1	1796	1964	1645	1132	733	1097	955	1081	870	955	920	987	1020	900	1261
Tnfrsf1a_+_125349795.23-P1P2	Tnfrsf1a	1499	1938	1232	1035	740	1030	1076	926	875	929	899	942	1008	904	1041
Psmb4_+_94886922.23-P1P2	Psmb4	1290	1596	1360	923	542	756	966	745	685	798	718	807	934	672	979
Dnajb1_-_83608287.23-P1P2	Dnajb1	1615	2057	1727	1210	701	1125	1088	936	868	810	872	1040	920	1000	1310
Dlg4_+_70018452.23-P1	Dlg4_P1	1040	1189	1244	691	497	670	603	582	476	530	569	651	723	656	785
Wnk1_-_120038639.23-P1P2	Wnk1	1588	2001	1881	1140	675	1016	1116	986	785	926	876	1025	1079	1026	1199
Adora3_+_105871142.23-P1P2	Adora3	2179	2850	2556	1585	1081	1216	1460	1371	976	1350	1317	1311	1429	1300	1616
Timp3_+_86300598.23-P1P2	Timp3	737	995	1162	493	357	481	453	476	366	466	553	445	469	464	544
Itgam_-_128062778.23-P1P2	Itgam	1032	1257	1375	738	373	652	663	594	517	534	450	581	613	606	693
Slc9a1_+_133369843.23-P1P2	Slc9a1	1524	2050	1998	1151	761	957	964	859	928	858	995	1018	955	932	1154
1600014C10Rik_+_38183877.23-P1P2	1600014C10Rik	1393	1864	1802	1060	643	1114	970	933	918	781	903	902	946	890	982
Ap5z1_-_142464054.23-P1P2	Ap5z1	2088	2474	1960	1514	849	1246	1317	1230	1125	1112	1210	1319	1282	1234	1392
Mbp_+_82554549.23-P1P2	Mbp	2124	2849	2834	1647	1073	1504	1372	1338	1037	1335	1224	1290	1430	1469	1478
Ndufa5_-_24527475.23-P1P2	Ndufa5	1149	1420	1403	814	401	770	890	714	642	619	637	700	785	687	812
Nipa1_-_56019493.23-P1P2	Nipa1	1357	1889	1958	1134	723	867	934	936	794	766	778	895	918	855	932
Sema4a_+_88455731.23-P1P2	Sema4a	1776	2115	1997	1416	788	1236	1262	1011	857	955	964	1105	1051	905	1211
Ppp3r1_-_17159357.23-P1P2	Ppp3r1	1129	1427	1470	907	630	774	848	795	651	785	728	775	719	767	884
Jund_-_70699145.23-P1P2	Jund	2239	3002	2611	1668	1063	1490	1687	1400	1143	1297	1385	1313	1546	1445	1620
non-targeting_03403	non-targeting	944	1112	1209	713	441	676	640	616	575	621	518	646	648	546	762
Epo_+_137533248.23-P1P2	Epo	1309	1625	1218	946	566	797	767	717	674	726	728	735	827	837	923
Il6_+_30013186.23-P1P2	Il6	1671	2015	2102	1280	713	993	1071	1056	924	923	976	1010	1122	1122	1275
Apbb1_+_105581223.23-P1P2	Apbb1	1179	1477	1548	883	603	797	837	752	683	736	687	795	721	660	865
non-targeting_00971	non-targeting	1601	1830	1512	1156	706	960	1099	961	736	804	851	913	950	969	1054
Tank_-_61593196.23-P1	Tank_P1	2974	3561	3493	2176	1363	1891	1994	1823	1577	1570	1837	1749	1830	1802	2088
Reps1_-_18055616.23-P1P2	Reps1	2073	2471	2151	1448	879	1103	1219	1252	1133	1199	1172	1188	1327	1316	1511
Stxbp5l_+_37384893.23-P1P2	Stxbp5l	1434	1846	2013	1212	695	1009	1013	995	916	887	936	989	953	929	1005
Ly6e_+_74955666.23-P1P2	Ly6e	460	572	510	351	226	259	385	283	260	265	325	302	353	309	392
Kat5_+_5610056.23-P1P2	Kat5	1868	2117	1868	1262	858	1116	1232	1025	964	1000	1022	1006	1019	941	1131
Serpina3j_-_104314572.23-ENSMUST00000109957.2	Serpina3j	1118	1339	1246	580	464	630	576	631	518	672	679	763	818	752	999
Fbxo38_+_62548657.23-P1P2	Fbxo38	1120	1345	1021	644	529	700	596	647	524	600	620	644	640	633	810
Csnk1e_+_79441955.23-P1P2	Csnk1e	1969	2486	2415	1602	917	1247	1440	1143	1112	1136	1158	1189	1227	1224	1387
Psen1_-_83688258.23-P1P2	Psen1	1210	1496	1616	918	625	827	745	895	634	763	807	839	856	804	953
Ndufa12_-_94199072.23-P1P2	Ndufa12	2437	3173	2778	1755	1079	1414	1534	1405	1371	1408	1290	1520	1447	1480	1791
Cav2_-_17281307.23-P1P2	Cav2	1375	1672	1836	861	638	774	812	802	812	816	826	908	1007	961	1028
Wnt11_-_98835140.23-P1	Wnt11_P1	1157	1322	1800	811	490	712	850	653	639	593	654	730	709	738	880
Atp2a2_-_122502154.23-P1P2	Atp2a2	1100	1332	1220	767	399	660	706	646	604	659	665	703	623	643	792
Pomc_+_3955032.23-P1P2	Pomc	1711	2231	2179	1188	857	1290	1125	1003	891	1042	1088	1141	1139	1076	1286
Atg13_+_91710519.23-P1P2	Atg13	996	1189	853	690	459	572	593	640	483	549	534	519	586	606	716
Calm3_-_16924066.23-ENSMUST00000019514.9	Calm3	1649	2077	1968	1200	733	1061	1020	1176	887	938	915	1073	987	1016	1297
Pin1_-_20652135.23-P1P2	Pin1	1816	2180	1847	1227	838	1112	1136	1130	895	1078	1097	1072	1146	1201	1363
Casp1_-_5298723.23-P1P2	Casp1	692	971	884	484	324	389	518	425	336	305	404	520	428	437	542
Dnah11_-_118198924.23-P1P2	Dnah11	1602	1996	1997	1224	727	1006	1149	1036	899	956	1002	1040	1149	969	1310
Cfl2_-_54862379.23-P1P2	Cfl2	1492	1943	2214	1268	673	1050	1119	1009	666	861	937	961	979	1079	1132
Pnkp_+_44857397.23-P1P2	Pnkp	1080	1304	1070	796	600	617	738	707	579	570	667	605	685	638	802
Clk1_-_58423975.23-P1P2	Clk1	1008	1342	1162	638	475	652	763	639	517	597	615	643	604	711	679
Tspo_-_83563662.23-P1P2	Tspo	883	1132	953	707	352	555	594	557	553	542	507	645	575	562	552
Slc6a4_-_76998628.23-P2	Slc6a4_P2	1284	1638	1390	982	640	746	956	828	713	758	787	876	962	874	980
Timm8a1_-_134541882.23-P1P2	Timm8a1	663	804	604	594	387	487	429	504	431	455	441	494	501	515	609
Tppp3_+_105471363.23-P1P2	Tppp3	2240	2648	2532	1448	943	1545	1457	1213	1069	1292	1369	1310	1387	1323	1551
Wnk1_-_120038599.23-P1P2	Wnk1	1342	1577	1778	854	513	780	867	854	722	815	789	819	854	907	1032
Pon1_-_5193726.23-P1P2	Pon1	1750	2124	1776	1125	773	1055	1199	950	971	1025	1010	1018	1015	1044	1166
Hpdl_-_116821489.23-P1P2	Hpdl	1636	1965	1920	1084	708	881	1240	1062	1028	923	875	1021	910	951	1036
Epg5_-_77938502.23-P1P2	Epg5	1056	1300	1612	720	425	612	694	577	578	649	708	572	721	547	639
Apcs_+_172894894.23-P1P2	Apcs	2805	3292	4364	2129	1178	1752	1901	1765	1469	1505	1469	1623	1837	1630	2034
Tfrc_+_32609065.23-P1P2	Tfrc	907	1143	1190	680	424	603	659	487	418	430	404	576	584	604	617
Psmc4_+_28050011.23-P1P2	Psmc4	1634	2022	2087	780	521	735	731	783	463	624	552	746	547	592	792
Tuba8_-_121210827.23-P1P2	Tuba8	2505	3246	2960	1919	1125	1647	1709	1567	1411	1500	1490	1812	1769	1813	2031
Rpgr_-_10216628.23-P1P2	Rpgr	1484	1844	1934	1119	669	984	1076	940	911	865	955	879	1069	969	1091
Fn1_-_71653120.23-P1P2	Fn1	1797	2359	2390	1313	867	1216	1365	1187	926	1043	1155	1227	1216	1238	1388
Slc17a7_-_45163975.23-P1P2	Slc17a7	1629	2010	1941	1167	783	1117	1051	1063	858	979	1028	1037	1135	1027	1143
Lmnb2_-_80918165.23-P1P2	Lmnb2	2177	2482	2060	1426	922	1119	1284	1237	1051	1130	1195	1259	1117	1233	1383
Dctn6_+_34108393.23-P1P2	Dctn6	1072	1165	1195	665	418	494	656	531	546	570	532	568	625	566	610
Fgf1_+_38918656.23-P1P2	Fgf1	414	456	516	280	213	273	249	235	217	231	272	273	344	266	236
Cpn1_-_43986473.23-P1P2	Cpn1	1483	2038	1783	1158	694	1134	1121	999	1073	863	853	982	941	878	1226
Gdap1_-_17145434.23-P1P2	Gdap1	1446	1805	1481	987	760	864	905	923	686	930	843	925	968	954	985
Padi2_-_140906451.23-P1	Padi2_P1	1400	1774	2059	1057	676	883	1048	886	812	897	844	1014	957	910	1034
Atp5c1_+_10080390.23-P1P2	Atp5c1	1252	1689	1120	962	494	899	883	832	772	695	679	730	831	800	851
Nxnl1_-_71566626.23-P1P2	Nxnl1	1328	1694	1916	870	588	772	871	802	654	737	721	841	856	818	898
Slc18a1_-_69077229.23-P2	Slc18a1_P2	1603	2113	2376	1185	771	1008	1113	1074	924	896	995	1051	1057	1012	1133
Disc1_+_125054142.23-P1P2	Disc1	1865	2065	2137	1228	816	1201	1042	1095	896	972	1182	1108	1149	1106	1298
Pparg_+_115361283.23-P1P2	Pparg	1867	2134	1741	1240	891	1157	1170	1165	894	927	982	1062	1298	1018	1179
Mtdh_+_34082722.23-P1P2	Mtdh	1239	1389	1436	796	566	734	776	723	611	538	704	712	693	729	823
Ndufa7_-_33824590.23-P1P2	Ndufa7	1458	1684	1546	950	723	828	876	815	591	766	798	913	912	897	971
S100a10_+_93555390.23-P1P2	S100a10	1131	1455	991	746	383	707	703	599	574	692	631	640	599	670	748
Lyst_-_13590496.23-P1P2	Lyst	885	1045	874	655	420	490	567	554	596	475	492	501	481	607	613
Lingo1_-_56635270.23-P1P2	Lingo1	1499	1915	1668	1049	798	1028	936	984	847	858	948	970	933	988	1064
Ighmbp2_+_3282959.23-P1P2	Ighmbp2	894	1125	1009	732	353	584	663	553	604	477	384	632	481	535	555
Dctn4_-_60526256.23-P1P2	Dctn4	2602	3113	2457	1861	1147	1507	1442	1614	1156	1304	1445	1512	1466	1428	1729
Mpg_+_32226624.23-P1P2	Mpg	1200	1617	1273	847	529	820	813	890	626	630	750	799	829	790	962
Pnpla6_-_3516918.23-P2	Pnpla6_P2	1879	2522	2458	1342	879	1192	1404	1382	1086	1070	1166	1245	1205	1259	1376
Trpv4_+_114658361.23-P1P2	Trpv4	1824	2223	1777	1355	764	1238	1240	1159	1008	888	902	1140	1204	1076	1391
Creb1_+_64532868.23-P1P2	Creb1	2395	2868	2465	1707	1054	1527	1691	1398	1338	1166	1314	1411	1479	1396	1730
Pcyt2_+_120617843.23-P1P2	Pcyt2	1059	1268	1286	776	556	748	753	688	609	688	568	748	709	713	766
Pvalb_-_78203988.23-P2	Pvalb_P2	1385	1799	1682	1072	562	877	942	892	736	733	876	916	907	917	1103
Gpx7_-_108406691.23-P1P2	Gpx7	1075	1364	1528	693	375	629	680	589	586	467	589	672	722	636	778
Lrp6_+_134566947.23-P1P2	Lrp6	1954	2390	1839	1275	1000	1399	1397	1119	1062	1213	1229	1240	1220	1238	1308
Vamp2_+_69088515.23-P1P2	Vamp2	1771	2090	2117	1238	808	1205	1181	947	751	988	1006	1093	1079	1200	1307
Tubb2a_+_34077961.23-P1P2	Tubb2a	1453	1727	2163	1009	670	900	955	938	981	782	799	896	906	902	1005
Pld3_-_27542736.23-P1	Pld3_P1	604	836	892	356	298	404	450	431	322	359	347	379	377	373	434
Pak3_+_143518818.23-P2	Pak3_P2	1636	2159	1857	1010	754	1015	1073	1003	797	797	1031	1109	1020	1026	1086
Junb_+_84978675.23-P1P2	Junb	1258	1473	1354	851	535	772	865	804	572	646	699	723	826	716	742
Uqcr11_+_80406786.23-P1P2	Uqcr11	1570	2036	2113	1209	727	1152	1206	979	860	938	953	1082	1112	1042	1156
Cln3_+_126583172.23-P1P2	Cln3	1241	1510	1495	883	559	897	875	847	594	725	782	785	926	762	943
Rbm8a_-_96630396.23-P1P2	Rbm8a	1305	1572	1532	821	616	725	832	737	492	647	525	677	570	692	728
Unc80_-_66468000.23-P1P2	Unc80	1316	1538	1380	817	540	814	788	714	622	667	648	778	731	789	894
Tubb4b_+_25224686.23-P1P2	Tubb4b	1393	1700	1868	969	600	1022	856	837	745	764	899	1004	982	883	905
Slc18a1_+_69089145.23-P1	Slc18a1_P1	1944	2206	1846	1046	595	978	946	933	596	718	524	895	525	739	863
Exosc3_+_45320554.23-P1P2	Exosc3	1729	2379	1909	1376	873	1211	1140	1007	991	1055	1039	1173	970	1028	1178
Rhoa_+_108306459.23-P1P2	Rhoa	1315	1516	1401	744	600	709	800	660	503	704	708	716	846	741	910
Fus_-_127967597.23-P1P2	Fus	1746	2197	2361	1193	664	1147	948	968	1081	1061	1128	1075	1029	1153	1231
Cd55_-_130462702.23-P1P2	Cd55	1542	1912	1992	1006	704	905	1095	846	874	926	861	1077	963	933	1125
Synj1_+_91010998.23-P1P2	Synj1	2422	3003	2575	1718	1203	1445	1340	1499	1247	1433	1363	1516	1582	1474	1643
Csnk1a1_-_61555371.23-P1P2	Csnk1a1	1764	2074	1678	1221	814	940	1189	1036	1046	903	935	1052	1013	1045	1130
Lmx1b_+_33640862.23-P1P2	Lmx1b	1342	1704	1592	854	694	891	792	896	733	751	743	816	839	853	998
Epha8_+_136956560.23-P1P2	Epha8	1533	1917	1547	979	748	972	1039	925	716	842	847	969	895	993	1109
Pnpt1_+_29130786.23-P1P2	Pnpt1	1556	2075	2001	1265	721	1001	1081	1003	1007	753	912	1001	940	994	1101
Cox7a2l_-_83514335.23-P1P2	Cox7a2l	1197	1498	1367	1045	526	747	803	755	543	735	744	765	773	878	848
Ube2j2_-_155943906.23-P1P2	Ube2j2	611	825	666	485	320	483	571	435	381	445	355	381	453	459	486
Mapk10_+_103211250.23-P1P2	Mapk10	1192	1516	1382	865	463	671	890	729	607	652	686	872	724	707	758
Tfpi2_+_3968355.23-P1P2	Tfpi2	1592	2091	1797	1198	719	975	1211	917	897	927	906	1084	1068	1023	1297
Dkk4_+_22624081.23-P1P2	Dkk4	2009	2503	2773	1414	954	1256	1401	1196	1103	1201	1200	1104	1376	1195	1543
Arsa_-_89476148.23-P1P2	Arsa	1816	2254	1946	1274	983	1167	1170	1120	816	1072	1174	1128	1135	1096	1262
Cacna1a_+_84415370.23-ENSMUST00000121390.1	Cacna1a	1264	1543	1516	940	722	847	816	742	547	770	726	872	843	779	923
Uba5_+_104063009.23-P1P2	Uba5	1799	2368	2152	1327	912	1135	1124	1052	934	954	962	1042	1142	1033	1178
Cyp2d9_-_82452856.23-P1P2	Cyp2d9	1469	1949	1931	1086	831	1129	1093	893	712	829	901	996	1026	976	1145
Prx_-_27499344.23-P1	Prx_P1	818	1114	752	600	404	583	637	502	532	538	483	522	620	532	606
Mcu_-_59616581.23-P1P2	Mcu	1034	1282	1152	866	515	798	771	622	647	654	672	675	709	680	744
Fmr1_-_68678647.23-P1P2	Fmr1	631	898	718	489	340	476	484	434	316	430	389	414	398	450	469
Egr2_-_67537946.23-P1	Egr2_P1	1756	2179	1996	1168	730	918	1252	1074	865	926	977	1028	1023	908	1293
Kcnh8_+_52602947.23-P1P2	Kcnh8	2229	2675	2588	1638	1035	1416	1563	1271	1154	1309	1434	1429	1480	1416	1666
Tuba1c_+_99029921.23-P1P2	Tuba1c	2272	2644	1859	1549	918	1414	1552	1336	1152	1062	1188	1281	1425	1342	1583
Tlr4_+_66827840.23-P1P2	Tlr4	1751	2340	2289	1234	949	1137	1311	1126	888	1126	1022	1195	1162	1146	1465
Slc6a3_-_73536819.23-P1P2	Slc6a3	1486	1685	1421	1107	679	1071	955	892	689	852	912	933	998	916	960
Stx1a_+_135023593.23-P1	Stx1a_P1	1422	1712	1747	1026	631	911	820	726	719	800	794	746	930	928	1051
Csnk1a1_+_61555355.23-P1P2	Csnk1a1	1285	1637	1673	947	612	774	869	831	653	812	823	876	896	906	883
Ccdc88c_-_101028860.23-P1P2	Ccdc88c	947	1187	1068	764	369	490	692	611	488	503	557	524	610	596	643
Trpm7_+_126876176.23-P1P2	Trpm7	2166	2647	2428	1567	1021	1303	1391	1280	1167	1272	1350	1406	1308	1327	1687
Ppt2_+_34627382.23-P1P2	Ppt2	1054	1215	1318	628	391	642	651	574	516	522	598	644	757	618	654
Alg14_+_121291808.23-P1P2	Alg14	808	1014	914	543	340	454	537	510	465	430	417	458	451	512	577
Sirt4_-_115484316.23-P1P2	Sirt4	1905	2488	2534	1301	759	1299	1269	1206	1066	1090	1256	1099	1343	1175	1268
Opa1_-_29579412.23-P1P2	Opa1	1743	2179	2024	1215	633	1128	1225	1011	945	757	774	1120	805	984	1198
Clu_-_65968670.23-P1	Clu_P1	1569	1963	1903	1127	756	1015	1203	1041	958	880	1045	1016	1068	975	1318
Grin2d_+_45870909.23-P2	Grin2d_P2	1510	1937	1407	1117	725	1077	945	953	852	832	730	919	959	918	1054
non-targeting_00746	non-targeting	1402	1824	1910	1092	743	842	952	990	824	827	941	845	969	919	1136
Stxbp1_-_32847150.23-P1P2	Stxbp1	1360	1683	1273	1049	576	872	878	871	692	735	761	1031	896	883	993
Dpp6_+_27261987.23-P1	Dpp6_P1	1348	1472	1530	822	617	803	867	831	671	741	725	756	825	788	932
Ephb2_-_136835790.23-P1P2	Ephb2	1497	1690	2107	913	514	718	1038	933	707	807	819	861	797	887	1019
Ndufv2_+_66101483.23-P1P2	Ndufv2	1469	1904	1972	1091	665	1080	1068	893	829	923	883	950	1127	840	1081
Mrpl3_-_105053340.23-P1P2	Mrpl3	2246	2885	3495	1576	1085	1380	1761	1447	1325	1153	1093	1601	1386	1328	1641
Fn1_+_71653145.23-P1P2	Fn1	2010	2436	2298	1197	812	1345	1398	1166	1008	1171	1145	1152	1299	1255	1416
S100a1_-_90514271.23-P1P2	S100a1	1564	1869	1640	1093	679	983	1094	955	664	799	845	882	821	825	993
Hcrt_+_100762704.23-P1P2	Hcrt	1434	1837	1405	1007	610	853	933	824	848	819	800	937	1000	881	977
Csnk1e_+_79441805.23-P1P2	Csnk1e	1480	2070	1549	1191	663	1032	1002	886	678	838	841	962	1016	974	1128
Aicda_-_122553909.23-P1P2	Aicda	1240	1454	1479	808	571	763	740	786	763	661	670	797	800	689	887
Hmbs_+_44342230.23-P1	Hmbs_P1	2349	2878	2656	1631	954	1512	1469	1436	1193	1391	1398	1515	1477	1344	1796
Ngf_-_102469960.23-P1P2	Ngf	1382	1673	1696	988	641	873	863	940	757	700	699	842	869	885	1001
Wnt3a_-_59290754.23-P1P2	Wnt3a	1392	1740	1557	1013	645	973	985	977	727	809	854	1086	942	855	982
Cfl1_-_5491009.23-P1P2	Cfl1	1300	1808	1473	958	606	933	905	924	839	688	769	874	869	864	978
Mapk1_-_16983454.23-P1P2	Mapk1	935	1189	1085	714	428	550	610	557	443	507	554	570	470	617	705
Ppid_+_79591447.23-P1P2	Ppid	1033	1256	1273	722	431	645	639	573	577	530	617	750	709	642	775
Lrpprc_-_84790505.23-P1P2	Lrpprc	1549	1887	2271	1015	680	863	937	896	685	879	824	878	1011	832	983
Dlg4_+_70024007.23-P2	Dlg4_P2	1657	2059	1715	1186	722	867	1105	1081	776	926	979	1061	1021	1114	1222
Pde10a_-_8801797.23-P1P2	Pde10a	1148	1373	1402	746	486	650	750	678	611	699	732	706	872	797	782
Kctd7_+_130144943.23-P1P2	Kctd7	1371	1628	1302	879	616	815	886	866	771	815	849	915	855	761	1034
Fars2_-_36117910.23-P1P2	Fars2	2021	2424	2183	1537	872	1319	1384	1153	1194	921	927	1221	1207	1165	1367
Slc7a6os_+_106210902.23-P1P2	Slc7a6os	1367	1696	1471	840	586	762	848	868	691	663	660	707	834	852	879
Blmh_+_76945735.23-P1P2	Blmh	1367	1656	1474	1001	640	912	920	783	759	822	786	789	904	804	1063
Tango2_+_18343869.23-P1P2	Tango2	1866	2212	2181	1279	959	1185	1230	1096	787	1085	1129	1205	1202	1169	1347
Pnpla6_-_3516889.23-P2	Pnpla6_P2	1454	1914	2137	1042	653	803	1001	828	835	722	809	883	925	803	957
Ryr2_-_12106801.23-P1P2	Ryr2	1316	1783	1694	1063	599	925	844	802	692	782	784	886	868	881	1069
Tfg_+_56717282.23-P1P2	Tfg	1768	2230	2105	1134	892	1280	1157	1145	967	786	885	957	1008	989	1225
Mtmr2_-_13749479.23-P1P2	Mtmr2	1127	1366	1465	829	471	608	668	674	526	676	575	725	849	694	809
Abhd16a_-_35089273.23-P1P2	Abhd16a	1824	2269	1711	1283	815	1127	1135	1251	1018	980	967	1251	1201	1117	1354
Elovl5_+_77917494.23-P1P2	Elovl5	1703	2020	1889	1155	759	987	1086	1012	847	947	925	1112	1085	1013	1253
Gsto1_+_47855053.23-P1P2	Gsto1	1426	1780	1601	985	675	780	1045	908	713	803	745	836	905	898	986
Slc9a1_-_133369797.23-P1P2	Slc9a1	1833	2299	2318	1309	766	1105	1459	1045	961	1049	952	1228	1112	1213	1435
Map3k10_+_27674566.23-P1P2	Map3k10	1221	1601	1887	813	478	828	733	688	691	683	649	844	956	663	857
non-targeting_02921	non-targeting	1426	1818	2030	1154	713	1019	955	796	730	846	885	989	903	815	1101
Nfe2l2_-_75704506.23-P1P2	Nfe2l2	1405	1788	1642	1027	711	906	875	968	819	830	760	911	929	852	1029
Slc5a7_-_54298655.23-P1P2	Slc5a7	1089	1435	1271	737	427	636	766	639	520	639	625	600	624	540	810
Traf2_+_25546860.23-P1P2	Traf2	2164	2414	2505	1419	1066	1177	1524	1281	1277	1150	1148	1314	1367	1456	1539
Hspa8_-_40802623.23-P2	Hspa8_P2	1985	2354	2405	1344	917	1204	1182	1183	1076	1204	1221	1135	1185	1144	1495
Agrn_+_156197469.23-P1	Agrn_P1	1489	1905	1644	1019	670	902	956	931	847	911	894	991	890	980	1092
Mapk8_+_33447138.23-P1P2	Mapk8	1932	2219	2101	1160	812	1186	1205	1231	905	990	1163	1211	1218	1175	1266
Tiparp_-_65528472.23-P1P2	Tiparp	1287	1791	1803	943	674	861	883	728	741	826	849	804	849	735	893
Wdr41_+_94976459.23-P1P2	Wdr41	874	1095	860	643	416	503	640	590	535	495	548	571	539	589	634
Dnah11_+_118198838.23-P1P2	Dnah11	1344	1659	1872	886	629	913	906	932	674	755	737	796	716	834	1068
Pqbp1_-_7899222.23-P1P2	Pqbp1	1735	2330	2056	1216	812	1166	1222	1100	908	970	959	1101	1083	1070	1502
Apex1_-_50924982.23-P1P2	Apex1	1309	1662	1500	939	655	816	997	810	637	732	726	721	795	735	814
Eif2b1_+_124579018.23-P1P2	Eif2b1	698	876	876	478	308	375	487	388	408	358	339	352	426	398	442
Blzf1_+_164307249.23-P1P2	Blzf1	1045	1321	1047	720	463	687	568	714	557	611	622	659	714	631	716
Trp53_-_69580449.23-P1P2	Trp53	857	1065	1053	617	395	645	576	512	470	502	542	511	464	578	569
Kctd7_+_130144960.23-P1P2	Kctd7	669	730	876	455	352	457	418	390	247	312	413	467	456	445	437
Sirt1_+_63338996.23-P1P2	Sirt1	1390	1669	1192	832	558	868	805	790	645	733	809	787	857	768	912
Ywhaq_+_21417532.23-P1P2	Ywhaq	1561	1915	1712	1065	618	883	1047	836	767	931	776	895	931	926	986
Crebbp_-_4213671.23-P1P2	Crebbp	2031	2483	2149	1509	909	1200	1503	1221	1157	1134	1080	1206	1246	1173	1392
Dnajb1_-_83608325.23-P1P2	Dnajb1	2111	2601	2554	1636	961	1347	1261	1111	1176	1228	1155	1264	1487	1292	1498
non-targeting_03300	non-targeting	716	895	989	459	334	490	467	370	407	323	402	403	469	441	573
Apod_-_31314606.23-P1P2	Apod	1409	1793	1212	868	648	871	945	826	781	712	745	862	885	781	997
Map2_-_66322065.23-P2	Map2_P2	1923	2388	2084	1303	762	1256	1314	1160	1104	1060	1054	1253	1272	1259	1333
Nefh_-_4947935.23-P1P2	Nefh	752	1053	734	566	420	440	460	557	379	416	422	494	599	457	539
Spg7_+_123065580.23-P1P2	Spg7	1812	2292	2145	1340	889	1245	1251	1194	980	1139	1185	1134	1314	1161	1329
Psap_+_60277740.23-P1P2	Psap	955	1159	1245	679	435	609	648	613	578	515	514	600	591	510	766
Gstm2_-_107986423.23-P1P2	Gstm2	1544	1893	2224	998	725	1036	1137	956	856	784	890	945	994	845	1160
Fzd1_+_4757967.23-P1P2	Fzd1	1046	1136	1070	692	460	543	666	556	581	637	570	657	651	657	738
Dio2_+_90738623.23-P1P2	Dio2	1609	2123	1517	1225	773	1063	1026	1030	970	954	1018	1036	950	1045	1395
F2rl3_+_72761876.23-P1P2	F2rl3	1026	1303	1085	838	491	748	659	621	562	499	523	669	624	609	565
Tia1_+_86404711.23-P1P2	Tia1	1780	2181	2587	1327	766	1246	1201	1079	862	1076	1069	1177	1263	1163	1225
Nqo1_+_107403163.23-P1P2	Nqo1	1319	1912	1798	1049	595	874	922	836	911	861	839	889	919	935	1162
Hsd17b6_+_128007578.23-P1P2	Hsd17b6	1142	1309	1384	751	534	655	769	664	521	621	658	702	703	706	793
Bak1_-_27028524.23-P1P2	Bak1	1141	1372	1397	741	598	701	659	702	643	578	671	665	769	624	712
Map2k2_+_81105962.23-P1P2	Map2k2	1370	1489	1284	1010	623	940	786	703	719	808	650	927	885	760	865
Tank_-_61593237.23-P1	Tank_P1	1668	2076	2423	1142	834	1213	1004	958	787	892	970	1034	1118	1031	1297
Map2k1_+_64253349.23-P1P2	Map2k1	2381	2982	3307	1506	1106	1449	1511	1379	1250	1282	1418	1463	1505	1456	1666
Agpat3_+_78352351.23-P1P2	Agpat3	2220	2803	2721	1716	1059	1602	1505	1344	1184	1509	1475	1434	1460	1323	1541
Sdhb_-_140961459.23-P1P2	Sdhb	1981	2529	2575	1573	978	1502	1500	1375	1135	965	968	1238	1163	1236	1374
Ndufa7_+_33824857.23-P1P2	Ndufa7	1607	1997	1818	1202	736	938	1067	986	949	888	885	1026	1063	1146	1236
Eif4g2_+_111082974.23-P1	Eif4g2_P1	1325	1530	1406	950	565	925	909	712	627	706	759	835	839	826	913
Ndufs2_-_171237334.23-P2	Ndufs2_P2	999	1392	1261	810	482	861	787	676	674	705	711	664	722	879	936
Ywhae_+_75732989.23-P1P2	Ywhae	1009	1268	1400	620	438	748	678	616	494	513	662	695	693	641	684
Eif2b4_+_31193045.23-P1P2	Eif2b4	1784	2327	2193	1075	665	964	937	942	652	777	833	1019	838	894	1176
Serpina3k_-_104338677.23-P1P2	Serpina3k	2029	2452	2162	1496	1032	1374	1592	1249	1279	1136	1138	1282	1243	1355	1463
Ulk1_-_110810032.23-P1P2	Ulk1	1859	2438	1881	1221	815	1277	1288	1202	968	1127	1163	1145	1185	1209	1347
Abhd12_+_150904578.23-P1P2	Abhd12	1482	1800	1423	1023	607	1083	994	827	830	813	885	844	967	838	899
Prickle2_+_92480985.23-P2	Prickle2_P2	823	827	908	559	323	439	564	477	370	383	489	434	474	409	510
Gle1_-_29935453.23-P1P2	Gle1	2383	3123	2977	1614	1007	1525	1486	1323	1176	1286	1235	1369	1437	1380	1517
Rbms3_+_117252460.23-P1P2	Rbms3	320	394	425	279	185	203	270	324	201	182	201	219	208	201	300
Casp1_-_5298911.23-P1P2	Casp1	1161	1496	1154	792	494	773	792	675	599	679	697	745	815	694	721
Ndufa11_-_56717842.23-P1P2	Ndufa11	1397	2021	1671	979	612	812	969	929	614	809	812	914	872	911	1087
Prdx3_+_60874503.23-P1P2	Prdx3	2347	2943	2512	1698	970	1437	1591	1569	1410	1235	1325	1469	1528	1450	1545
Ambra1_-_91730389.23-P1P2	Ambra1	2049	2455	2776	1313	835	1176	1278	1232	1063	1142	1140	1206	1377	1298	1576
Ngb_-_87102314.23-P1P2	Ngb	1595	2020	2232	1235	925	954	1094	904	839	911	863	983	1070	1037	1212
Unc5c_+_141465643.23-P1P2	Unc5c	1311	1580	2171	964	576	924	942	808	789	778	761	840	928	775	1083
Dyrk1a_+_94569681.23-P1P2	Dyrk1a	920	1194	1260	719	427	688	720	640	543	544	546	622	648	589	742
Cd200r1_-_44765839.23-P1P2	Cd200r1	1238	1557	1511	911	583	848	819	685	704	681	825	709	806	822	920
Ace_+_105968026.23-P1P2	Ace	1418	1782	1596	923	549	733	947	933	682	794	853	823	841	1008	959
Gapdh_-_125165238.23-P1P2	Gapdh	1296	1758	1767	806	663	696	926	871	628	671	671	746	836	771	826
Casp6_-_129901476.23-P1P2	Casp6	1475	1813	2048	1036	712	772	1142	908	919	845	758	940	953	935	1054
Brca1_+_101551839.23-P1P2	Brca1	1365	1676	1549	928	525	850	905	764	739	834	740	745	903	911	925
Wars2_-_99141149.23-P1P2	Wars2	2644	4023	3863	2319	1424	1908	1929	1795	1807	1731	1994	1883	2178	1920	2413
Bcl2l1_+_152830422.23-P1	Bcl2l1_P1	1438	1699	1339	1129	610	842	885	862	771	790	730	875	876	860	1000
Dntt_-_41029409.23-P1P2	Dntt	1091	1333	1258	834	573	710	667	684	616	626	598	607	622	654	786
Fggy_+_95557599.23-P1	Fggy_P1	1194	1585	1708	854	550	804	892	770	639	736	683	897	907	671	1008
Mrpl3_+_105053321.23-P1P2	Mrpl3	1250	1524	1411	949	563	741	858	700	646	657	667	812	812	774	834
Ppp3cc_-_70289434.23-P1P2	Ppp3cc	1476	1903	1514	1063	742	853	1048	842	792	797	843	869	895	936	1034
Clu_-_65969805.23-P2	Clu_P2	1662	1995	1897	1037	796	920	1029	1055	802	830	945	977	1030	882	1167
Polr3k_-_181864500.23-P1P2	Polr3k	2349	2848	2612	1467	901	1330	1506	1514	1007	1001	1013	1300	1159	1134	1500
Gusb_-_130002617.23-P1P2	Gusb	1584	1898	1644	1043	581	972	1158	898	809	894	939	939	1011	1003	1144
Pmpcb_+_21737169.23-P1P2	Pmpcb	1498	1717	1554	828	685	784	803	935	730	597	445	791	583	680	869
Tubb3_-_123411667.23-P1P2	Tubb3	1467	1821	1576	1061	619	784	1003	963	804	787	795	948	788	922	1083
Il1b_-_129371132.23-P1P2	Il1b	2865	3437	3806	2177	1284	1837	1813	1804	1440	1622	1711	1635	1906	1884	2025
Ak4_+_101419719.23-P1P2	Ak4	587	889	771	515	284	385	492	370	362	412	439	393	481	340	479
Map3k11_+_5688972.23-P2	Map3k11_P2	1544	1814	2158	948	614	988	1127	874	900	887	895	936	1044	883	1219
Dcx_+_143933004.23-P1P2	Dcx	2037	2507	2305	1472	947	1338	1362	1232	1285	1177	1161	1290	1318	1318	1566
Ccnf_+_24251339.23-P1P2	Ccnf	1836	2251	2360	1354	816	1131	1211	1132	1073	984	1106	1108	1247	1162	1250
Clcc1_+_108653955.23-P1P2	Clcc1	1224	1480	1511	921	558	658	875	771	740	716	682	707	728	694	802
Mpz_+_171155541.23-P1P2	Mpz	1422	1785	1721	1137	615	987	1094	926	839	736	813	974	1008	892	993
Fxn_+_24280558.23-P1P2	Fxn	1987	2346	2222	1381	875	1273	1278	1176	952	1147	1211	1237	1299	1212	1332
Agrn_-_156197444.23-P1	Agrn_P1	1500	1724	1671	1122	701	1053	808	844	718	803	761	911	947	917	901
Nedd4_-_72662542.23-P1P2	Nedd4	1762	2117	1758	1243	797	1044	1152	1017	1035	1042	970	1059	1100	1014	1242
Dkk2_-_132085347.23-P1P2	Dkk2	1179	1341	1099	791	569	657	815	677	669	676	701	716	837	741	719
Wnt10b_+_98778491.23-P1P2	Wnt10b	1297	1572	1285	965	591	754	779	758	524	664	793	744	789	788	917
Uba7_-_107983003.23-P2	Uba7_P2	1562	1870	1640	1136	706	762	1007	932	819	848	779	965	944	972	1068
Nek1_-_60993260.23-P1P2	Nek1	1686	2083	1497	1202	770	1010	1019	1012	890	851	936	1012	957	1033	1230
Gm11127_-_36058464.23-P1P2	Gm11127	2121	2327	2367	1432	981	1303	1234	1229	1038	1229	1141	1167	1342	1148	1269
Cyp27a1_-_74713584.23-P1P2	Cyp27a1	1191	1395	1503	872	506	704	779	868	744	694	625	693	698	612	821
Glp1r_+_30901887.23-P1P2	Glp1r	1229	1560	1538	875	578	743	835	744	645	684	709	638	778	709	871
Bace1_-_45838643.23-P1P2	Bace1	1861	2137	1950	1167	730	1183	1210	1213	853	986	1012	1155	992	1109	1166
Sugp1_+_70043221.23-P1P2	Sugp1	1043	1310	1199	774	518	728	712	675	733	607	718	762	694	667	803
Nhlrc2_-_56548482.23-P1P2	Nhlrc2	1852	2252	2012	1201	815	1246	1171	1131	1063	1018	1053	1169	1316	1216	1354
Egfr_-_16752303.23-P1P2	Egfr	1784	2362	2226	1350	814	1109	1301	1205	889	1008	1037	1183	1146	1122	1256
Sorl1_-_42124071.23-P1P2	Sorl1	1424	1740	1518	1042	723	995	986	847	769	863	812	788	1051	961	1059
Mmp3_-_7445876.23-P1P2	Mmp3	1060	1247	974	679	411	776	721	594	538	614	644	761	766	689	802
Fis1_+_136962104.23-P1	Fis1_P1	629	781	632	460	266	392	384	393	254	306	339	330	314	353	428
Klc1_-_111758947.23-P1P2	Klc1	1809	2237	1744	1266	918	980	1213	1100	838	1190	1081	1214	1189	1023	1391
Taf2_+_55072147.23-P1P2	Taf2	637	794	558	430	234	414	331	328	267	346	348	327	371	388	462
Bad_+_6941924.23-P1P2	Bad	1451	1777	1411	880	617	936	904	883	747	925	798	864	917	855	983
Chl1_+_103511361.23-P1P2	Chl1	1981	2508	2348	1542	952	1311	1535	1441	998	1155	1186	1348	1395	1376	1557
Kcnh4_+_100759485.23-P1P2	Kcnh4	1819	2403	1982	1363	813	1245	1263	1169	962	1039	1157	1042	1216	1067	1319
Igf1_-_87859591.23-P1	Igf1_P1	657	836	928	488	325	402	505	334	331	411	367	437	372	420	484
Atp1a3_-_25005803.23-P1P2	Atp1a3	1450	1778	1961	1011	690	1095	1047	1022	734	877	863	937	966	976	1158
Bicd2_-_49341980.23-P1P2	Bicd2	1820	2259	2531	1250	902	1201	1225	1172	929	1090	1002	1192	1175	1151	1323
Cox8b_+_140900383.23-P1P2	Cox8b	1447	1747	1935	1019	680	965	1050	813	689	778	919	968	950	852	1019
Colec11_-_28623298.23-P1P2	Colec11	1659	1947	1815	1189	755	890	1207	940	901	822	970	974	967	1012	1075
Ncl_+_86359314.23-P1P2	Ncl	1958	2403	2650	1380	868	1240	1334	1299	1058	1123	1172	1272	1238	1221	1377
Cacna1c_-_118757964.23-ENSMUST00000112825.2	Cacna1c	2867	3730	2511	2193	1199	1817	1768	1751	1473	1692	1696	1615	1846	1636	1818
Jag1_+_137116424.23-P1P2	Jag1	782	1068	858	594	407	459	574	488	418	388	458	497	419	505	555
Map2k1_-_64253379.23-P1P2	Map2k1	1454	1879	1850	913	706	896	1021	885	792	774	859	898	916	876	1061
Stx1a_+_135041368.23-P2	Stx1a_P2	836	1040	1009	594	385	592	573	517	495	429	444	479	509	597	581
Farsb_-_78488801.23-P1P2	Farsb	1396	1681	1877	940	670	850	818	852	633	636	705	695	695	788	899
A2m_-_121636240.23-P1P2	A2m	993	1261	1132	666	413	498	633	719	514	493	503	583	532	603	746
Padi4_+_140750496.23-P2	Padi4_P2	1609	1971	2081	1127	697	1023	979	1011	773	928	872	1058	897	965	1148
Hdac9_-_34528847.23-P1P2	Hdac9	1346	1817	1807	1077	609	739	922	805	651	806	818	860	955	844	1006
Pon2_+_5298316.23-P1P2	Pon2	1834	2277	2381	1236	918	1027	1187	1237	868	993	1103	1176	1226	1135	1230
Psmd9_+_123228340.23-P1P2	Psmd9	1694	2221	2073	1291	721	1019	1147	1091	986	1049	1060	1068	1302	1158	1206
Tmem119_+_113800342.23-P1P2	Tmem119	2299	2967	2561	1714	1152	1391	1515	1597	1225	1359	1278	1487	1674	1381	1803
Atxn2_+_121711911.23-P1P2	Atxn2	534	687	687	421	302	421	352	328	372	287	350	368	372	370	370
Ryr3_+_113217027.23-P1P2	Ryr3	1557	2030	1942	1051	757	877	1154	1025	766	836	765	1009	987	1007	1256
Epm2a_+_11343465.23-P1P2	Epm2a	1802	2189	1927	1349	808	1187	1233	1092	873	1012	1075	1019	1155	1142	1246
Calb1_-_15881289.23-P1P2	Calb1	785	1039	892	543	430	438	610	492	448	399	410	536	485	444	561
Tfam_+_71237998.23-P1P2	Tfam	1352	1559	1835	728	594	794	809	781	678	731	695	779	841	764	883
Adora2a_-_75317124.23-P1P2	Adora2a	1899	2376	2047	1208	906	1166	1300	1223	1074	1163	1129	1215	1203	1167	1398
Gpnmb_-_49036665.23-P1P2	Gpnmb	1919	2449	2231	1431	965	1293	1376	1274	935	1078	1149	1181	1282	1176	1364
Ndufa2_+_36744513.23-P1P2	Ndufa2	863	1128	710	472	396	430	600	513	521	465	450	506	539	535	619
Fzd10_+_128600844.23-P1P2	Fzd10	1327	1568	1510	915	585	934	889	719	611	712	782	860	749	822	913
Gap43_-_42340176.23-P1P2	Gap43	328	474	653	237	167	217	314	236	235	268	187	250	221	214	300
Atp5a1_-_77774049.23-P1P2	Atp5a1	1213	1690	1279	937	593	851	746	827	770	663	740	793	744	788	903
P4hb_-_120572838.23-P1P2	P4hb	1898	2292	1611	1286	889	1450	1284	1061	962	1073	1184	1043	1257	1155	1329
Hspa1b_-_34958860.23-P1P2	Hspa1b	1587	1965	1902	1153	695	1205	946	974	918	976	983	893	1093	885	1009
Naglu_+_101070165.23-P1P2	Naglu	1871	2506	2611	1313	953	1238	1280	1197	1053	1180	1154	1192	1276	1182	1437
Gsk3a_+_25237735.23-P1P2	Gsk3a	1205	1637	1013	822	462	830	853	889	662	714	641	726	762	776	847
Serpina3j_-_104314953.23-ENSMUST00000109957.2	Serpina3j	1892	2315	2445	1294	832	1062	1244	1143	925	1056	1079	1256	1341	1205	1436
Mak16_-_31168686.23-P1P2	Mak16	1468	1771	1849	1135	689	930	904	930	653	762	808	736	860	829	887
Ogdh_-_6291675.23-P1P2	Ogdh	1780	2579	2444	1462	889	1357	1364	1137	978	1100	1078	1075	1122	1169	1266
Iba57_-_59163724.23-P1P2	Iba57	1454	1770	1919	997	625	990	915	892	712	795	931	828	877	901	1089
Tmem106b_-_13069864.23-P1P2	Tmem106b	1857	2312	1636	1298	827	1071	1338	1190	1094	979	986	1179	1080	1056	1350
Fis1_+_136953272.23-P2	Fis1_P2	789	1032	1224	575	337	473	602	538	483	442	523	482	479	615	575
Tsen34_+_3693791.23-P1P2	Tsen34	1378	1736	1478	1126	606	923	890	902	680	803	801	849	834	800	1023
Zfp106_+_120563817.23-P1P2	Zfp106	984	1138	1142	685	463	598	676	663	579	611	590	579	702	619	715
Glul_+_153899991.23-P1P2	Glul	1912	2357	2670	1325	920	1174	1163	1176	1062	1067	1016	1272	1322	1200	1446
Ang2_+_51195470.23-ENSMUST00000051274.1	Ang2	1667	2046	2274	1134	782	1042	1017	992	872	862	1087	1233	994	1068	1219
Slc5a6_+_31048241.23-P1P2	Slc5a6	1638	2141	2002	1196	746	1005	1188	1013	803	1034	992	1186	1084	1023	1235
Pmpca_-_26389382.23-P1P2	Pmpca	2045	2567	2728	1234	748	1342	1252	1046	1004	972	997	1068	1043	1189	1241
Cat_-_103485085.23-P1P2	Cat	1374	1716	1443	901	697	955	946	911	806	912	890	857	878	817	1028
Gsn_+_35282437.23-P2	Gsn_P2	899	1150	1071	625	367	575	641	498	477	498	476	529	519	561	584
Fzd2_-_102604449.23-P1P2	Fzd2	1517	1837	1876	1182	693	747	1030	986	844	859	922	884	1048	973	1050
Cfl2_-_54862852.23-P1P2	Cfl2	1502	1804	1840	987	539	932	1011	849	712	795	808	906	943	900	1212
Uqcrb_-_66905149.23-P1P2	Uqcrb	2457	3041	2976	1794	1105	1515	1579	1443	1406	1303	1413	1409	1531	1404	1787
Toe1_-_116807475.23-P1P2	Toe1	1579	1945	1569	1156	804	940	1012	911	817	831	791	951	840	964	1045
Tead1_+_112679442.23-P1P2	Tead1	1054	1192	1115	684	520	599	676	603	591	618	731	630	672	706	817
Pde8b_-_95250290.23-P1	Pde8b_P1	1893	2346	2337	1232	923	1332	1300	1123	1049	1157	1168	1214	1177	1174	1199
Ndufs5_+_123718111.23-P1P2	Ndufs5	912	1114	1034	632	420	493	611	557	536	521	537	552	617	609	656
Ppp2r2b_+_43059144.23-ENSMUST00000025377.7	Ppp2r2b	821	919	762	586	315	531	443	493	420	376	480	534	503	496	660
Ren1_+_133350690.23-P1P2	Ren1	1820	2219	1726	1412	886	1187	1140	1054	926	1068	1105	1133	1225	1124	1302
Myd88_-_119339964.23-P1P2	Myd88	1302	1643	2241	988	595	904	831	808	760	721	831	763	865	920	992
Pak3_+_143664454.23-P1	Pak3_P1	1076	1293	1052	768	461	643	743	613	569	630	624	679	752	629	796
Coch_-_51593419.23-P1P2	Coch	1045	1287	988	723	450	617	716	661	495	564	648	606	575	640	777
Vrk1_-_106010306.23-P1P2	Vrk1	1606	1959	2341	1212	727	1021	1031	1060	800	894	1053	941	1007	1016	1157
Ptbp2_+_119783216.23-P1P2	Ptbp2	1260	1550	1433	877	523	871	893	708	690	629	611	689	808	764	845
Sox3_+_60893401.23-P1P2	Sox3	986	1119	1335	752	477	632	609	566	477	485	604	601	626	581	706
Alb_-_90460943.23-P1P2	Alb	642	832	695	504	275	430	584	379	386	364	353	427	425	404	560
Fzd1_+_4757992.23-P1P2	Fzd1	1494	1875	1402	963	684	886	903	963	697	817	726	851	1045	798	1067
Gpnmb_+_49036691.23-P1P2	Gpnmb	1250	1743	1663	908	662	896	1109	828	786	781	850	829	1049	816	934
Il18_-_50555057.23-P1P2	Il18	1442	1653	1707	975	522	788	924	828	819	821	830	854	715	826	900
Cd200r2_+_44867282.23-P1P2	Cd200r2	1072	1228	984	721	471	601	672	569	660	551	560	552	523	601	731
Hspa1a_+_34971599.23-P1P2	Hspa1a	1791	2313	2063	1402	803	1304	1123	1197	1152	1044	1040	1021	1067	1125	1366
Mrc1_+_14229476.23-P1P2	Mrc1	564	710	802	378	234	407	387	370	344	325	328	349	436	393	460
Egf_-_129755299.23-P1P2	Egf	1825	2304	1812	1279	790	1122	1119	1223	952	954	896	1088	1289	1118	1257
Hsd17b10_+_152001956.23-P1P2	Hsd17b10	570	771	587	414	306	356	370	360	299	279	332	389	369	352	448
Ppp3cb_-_20546518.23-P1P2	Ppp3cb	2233	2748	2364	1475	1068	1345	1427	1416	1105	1190	1314	1397	1461	1439	1565
Pcsk1n_+_7919863.23-P1P2	Pcsk1n	1794	2367	2450	1377	863	1096	1284	1062	1036	1124	1204	1267	1235	1158	1312
Cd36_+_17835639.23-P1P2	Cd36	1488	1874	1632	1122	754	1078	1033	882	829	870	908	1029	1011	867	1187
Atp2b3_+_73503183.23-P1P2	Atp2b3	2510	2943	2457	1797	1136	1430	1530	1470	1453	1505	1572	1535	1541	1567	1667
Fars2_+_36118214.23-P1P2	Fars2	925	1147	1177	791	417	662	724	550	624	598	530	567	614	617	672
Stat3_-_100939392.23-P1P2	Stat3	2212	2440	1879	1456	928	1383	1125	1321	1045	1149	1271	1374	1284	1231	1293
Rab5a_-_53479326.23-P1P2	Rab5a	1399	1605	1271	953	657	888	905	933	713	745	711	852	887	849	943
Fig4_-_41303113.23-P1P2	Fig4	2033	2480	2228	1269	868	1352	1397	1252	1040	1176	1095	1169	1310	1225	1417
Kdm1a_+_136602674.23-P1P2	Kdm1a	1545	1854	1882	1238	804	979	1042	988	773	849	975	923	1082	982	1052
Gsn_+_35282501.23-P2	Gsn_P2	1447	1769	1713	906	647	1002	912	890	599	806	820	980	853	851	1054
Htr2a_+_74640959.23-P1P2	Htr2a	2157	2656	2353	1573	1018	1556	1675	1262	1073	1281	1253	1355	1453	1406	1382
Sncg_-_34374619.23-P1P2	Sncg	1548	1940	2292	1131	742	892	1054	900	925	914	925	909	1032	944	1146
Slc26a3_-_31438213.23-P1P2	Slc26a3	468	669	781	302	235	313	288	300	291	333	328	269	346	312	359
Tspo_-_83563644.23-P1P2	Tspo	1817	2167	2511	1235	875	1015	1120	1077	738	926	1138	1076	1050	1066	1228
Mfn2_+_147904656.23-P1P2	Mfn2	1952	2539	2225	1334	753	1193	1500	1160	916	981	1006	1225	1126	1094	1300
Ulk1_-_110809980.23-P1P2	Ulk1	2544	3076	3063	1734	1111	1732	1554	1567	1178	1420	1449	1617	1585	1736	1899
Sirt5_-_43365491.23-P1P2	Sirt5	1878	2298	2107	1251	844	1182	1216	1101	974	1056	1101	1164	1229	1226	1259
H2-M9_+_36642570.23-P1P2	H2-M9	2041	2482	2364	1485	916	1481	1388	1217	1160	1132	1152	1229	1293	1184	1486
Rb1cc1_-_6214687.23-P1P2	Rb1cc1	1196	1586	1768	952	577	843	904	840	689	700	711	890	841	789	955
Mad2l1bp_-_46153486.23-P1P2	Mad2l1bp	1678	2082	1929	1242	842	1087	1205	1096	949	927	1017	1034	1057	1101	1292
Lrpprc_-_84790514.23-P1P2	Lrpprc	1911	2575	2226	1376	793	1294	1157	1196	977	1145	1086	1128	1303	1375	1431
Ndufa6_+_82354003.23-P1P2	Ndufa6	1745	1963	1755	983	670	981	993	927	743	946	972	932	962	1100	1241
Il1b_+_129371106.23-P1P2	Il1b	3006	3627	3403	2060	1417	1984	2022	1850	1470	1684	1736	1816	1798	1757	2146
Csnk2a2_+_95488767.23-P1P2	Csnk2a2	1534	1835	1642	1144	706	907	982	1013	857	834	881	875	964	1001	1119
Sptlc2_-_87388188.23-P1P2	Sptlc2	2373	2731	3168	1731	983	1333	1670	1357	1295	1208	1411	1344	1311	1352	1431
Bdnf_+_109693634.23-P1P2	Bdnf	1172	1538	999	936	535	793	837	618	602	665	663	618	714	693	687
Mme_+_63299781.23-P1	Mme_P1	1693	2160	1751	1061	685	1097	1070	1009	1043	844	853	931	1086	1071	1212
Mag_+_30914773.23-P1P2	Mag	1525	2004	1908	1137	768	1085	1092	1035	853	817	994	1054	1077	956	1162
Psmc1_-_100110196.23-P1P2	Psmc1	1964	2661	2173	1393	910	1350	1189	1296	900	1090	1018	1166	1220	1208	1286
Serpina1e_-_103958467.23-P2	Serpina1e_P2	2013	2379	2103	1223	831	1176	1189	1167	976	1007	1098	1084	1263	1148	1367
Pde9a_-_31386256.23-P1P2	Pde9a	1347	1466	1245	842	497	800	742	744	592	705	776	774	691	752	919
Nipa1_-_56019506.23-P1P2	Nipa1	1003	1126	814	562	445	639	532	541	586	505	504	558	612	583	728
Sdf4_-_155993344.23-P1P2	Sdf4	953	1253	990	711	458	639	640	587	590	627	526	635	597	602	726
Asah1_-_41374561.23-P1P2	Asah1	2482	3134	2946	1757	1125	1511	1613	1741	1243	1338	1359	1733	1604	1601	1833
Dicer1_+_104751853.23-P1P2	Dicer1	1289	1545	1325	913	651	747	807	743	607	720	742	668	861	774	795
Wnt5a_+_28505837.23-P1	Wnt5a_P1	1833	2262	2198	1406	788	1069	1204	1010	946	1097	1168	1133	1383	1264	1360
Fgfr4_-_55152827.23-P1P2	Fgfr4	1301	1615	1342	912	557	621	966	647	618	703	715	845	827	840	864
Pmp2_-_10197181.23-P1P2	Pmp2	1725	2111	1760	1245	695	1054	1164	1029	935	911	918	1055	986	992	1109
Cxcl13_+_95956958.23-P1P2	Cxcl13	1989	2667	2685	1483	895	1283	1363	1350	1046	1198	1231	1151	1196	1218	1419
Prkcb_-_122289560.23-P1P2	Prkcb	1290	1577	1683	1155	555	779	1030	771	768	849	862	892	951	729	968
2410137M14Rik_+_36981189.23-P1P2	2410137M14Rik	1256	1456	1375	748	481	758	791	783	700	724	674	751	688	711	857
Abcb6_+_75180332.23-P1P2	Abcb6	1333	1658	1674	1018	612	958	925	790	649	730	737	787	864	813	948
Trip4_+_65884983.23-P1	Trip4_P1	2159	2354	2250	1240	1009	1217	1535	1259	883	1174	1090	1226	1358	1356	1506
Mapk12_+_89140647.23-P1P2	Mapk12	1352	1579	1509	936	596	892	1023	761	715	736	642	947	893	921	967
Setx_-_29125230.23-P1P2	Setx	1165	1408	1290	847	464	726	779	679	545	578	628	786	662	711	845
Gigyf2_+_87327086.23-P1P2	Gigyf2	2189	2642	2553	1501	809	1220	1444	1308	1061	1111	1194	1249	1199	1219	1650
Hspa8_+_40802646.23-P2	Hspa8_P2	1424	1840	1680	1011	671	880	1093	930	668	779	880	859	830	765	965
Ttpa_-_20008436.23-P1P2	Ttpa	2245	2828	2955	1559	964	1588	1488	1328	1113	1317	1373	1383	1456	1512	1604
Gsr_-_33653630.23-P1P2	Gsr	1626	2044	2150	1178	793	1139	1286	1155	897	985	925	1070	1065	1029	1312
Src_+_157424322.23-P1P2	Src	1716	2126	1636	1059	719	976	941	913	688	853	839	980	1022	997	1085
Khdrbs1_-_129742206.23-P1P2	Khdrbs1	1794	2051	1874	1183	808	1151	1189	973	1011	1031	1042	1028	1161	1145	1209
Pnp2_+_50956215.23-P1P2	Pnp2	1732	2088	1794	1310	902	1173	1251	1057	1020	998	1043	1096	1024	1131	1312
Smn1_-_100124883.23-P1P2	Smn1	2357	2933	2581	1626	1047	1423	1503	1382	1038	1275	1096	1350	1349	1250	1432
Aptx_-_40703115.23-P1P2	Aptx	1278	1547	1791	953	530	758	849	823	770	734	809	724	710	762	829
Kif20b_-_34922623.23-P1P2	Kif20b	848	1033	1173	589	405	616	492	521	505	510	599	563	460	564	629
Neurog2_+_127633185.23-P1P2	Neurog2	2323	2877	2434	1433	1157	1456	1537	1374	1080	1218	1235	1390	1384	1439	1671
Coq7_+_118533226.23-P1P2	Coq7	1238	1569	2091	865	604	701	702	811	652	755	719	745	792	753	930
Sdhd_+_50603785.23-P1P2	Sdhd	1524	1751	1776	1153	695	946	990	884	837	780	913	913	840	890	909
Pnkp_+_44857383.23-P1P2	Pnkp	1454	1715	1740	1100	622	987	876	886	766	800	860	959	903	732	923
Dnah14_+_181741048.23-ENSMUST00000160345.1	Dnah14	1109	1407	1001	649	475	604	618	589	569	545	594	675	688	638	793
Gabarap_+_69991662.23-P1P2	Gabarap	1737	2141	2132	1160	693	1110	1160	1099	1027	920	1036	1039	1185	1064	1209
Lrsam1_+_32961588.23-P1P2	Lrsam1	1691	1942	2221	1158	731	997	1022	1058	843	922	886	840	1160	967	1118
Notch1_-_26503725.23-P1P2	Notch1	1847	2226	2303	1339	892	1151	1145	1223	993	1115	1153	1193	1239	1160	1390
Sbf2_-_110614878.23-P1P2	Sbf2	1889	2163	2038	1271	806	1094	998	1206	942	1131	1176	1044	1024	1113	1231
Adora2b_+_62249063.23-P1P2	Adora2b	2051	2580	2276	1425	953	1482	1321	1274	1130	1108	1224	1271	1315	1352	1494
Grin2b_-_136172154.23-P1P2	Grin2b	1080	1237	1401	702	451	731	581	735	543	662	603	714	667	715	798
Hspa1a_+_34971632.23-P1P2	Hspa1a	972	1139	1277	653	417	681	603	597	433	488	543	536	583	622	651
Pak3_-_143664425.23-P1	Pak3_P1	1956	2593	2574	1459	940	1205	1373	1202	1046	1191	1267	1314	1261	1339	1489
Dhtkd1_-_5942750.23-P1P2	Dhtkd1	1604	2074	2206	1122	655	1028	1180	968	883	944	1097	1001	1147	970	1241
non-targeting_01944	non-targeting	1486	1897	1413	1058	724	977	891	900	631	759	826	863	1003	949	1138
Galc_-_98259254.23-P1P2	Galc	1535	2033	1951	1227	721	856	1017	1004	705	966	931	917	864	978	1152
Scarb1_-_125340946.23-P1P2	Scarb1	1477	1756	1550	1069	654	996	875	901	928	839	822	980	997	888	1086
Stc1_-_69029835.23-P1P2	Stc1	1423	1673	1676	1033	670	752	1089	965	581	753	756	854	835	858	1055
Ndufa6_-_82354164.23-P1P2	Ndufa6	1503	1810	1513	1094	613	843	912	850	795	797	850	767	878	899	1066
Apod_+_31314535.23-P1P2	Apod	1320	1544	1517	912	570	961	814	725	639	680	721	786	765	758	958
Klf4_+_55532179.23-P1P2	Klf4	1331	1833	1656	999	688	816	915	850	636	798	741	881	898	877	992
Psma3_+_70974664.23-P1P2	Psma3	1953	2456	2689	1609	985	1231	1387	1376	1112	1115	1062	1215	1142	1270	1337
Tuba1a_+_98953257.23-P1P2	Tuba1a	1473	1786	1289	1050	617	972	966	983	750	932	785	932	1016	989	1017
Nos3_-_24364841.23-P1P2	Nos3	2112	2676	2631	1574	786	1176	1464	1448	1068	1115	1123	1258	1265	1254	1554
Mog_-_37023260.23-P1P2	Mog	1817	2182	2321	1199	773	1299	1182	1215	876	971	992	1164	1168	1111	1388
Rasgrf1_+_89910304.23-P1P2	Rasgrf1	863	1069	739	591	418	410	533	599	379	465	514	516	589	545	732
Cd200r3_+_44943727.23-P1P2	Cd200r3	2268	2720	2747	1812	1075	1406	1488	1416	1128	1243	1300	1418	1529	1295	1535
Stat3_+_100939379.23-P1P2	Stat3	1781	2295	1999	1340	866	1245	1133	1098	895	1113	1007	1077	1205	1111	1384
Fgf14_+_124193020.23-ENSMUST00000026631.5	Fgf14	1550	1980	1355	1082	610	1175	1082	1029	869	923	942	963	960	943	1270
Stmn1_-_134469773.23-P2	Stmn1_P2	1967	2407	2499	1336	950	1204	1186	1126	1005	1043	1165	1051	1287	1156	1236
Il33_+_29925179.23-P1P2	Il33	1988	2774	2577	1611	1054	1438	1527	1527	1261	1216	1197	1430	1472	1381	1737
Tuba1c_-_99030019.23-P1P2	Tuba1c	1575	2033	1684	1036	728	981	1111	939	898	936	1022	1020	1024	957	1214
Pde4a_+_21165770.23-P2	Pde4a_P2	1422	1571	1728	854	599	795	900	988	569	827	727	855	930	812	938
Slc1a3_-_8710257.23-P1P2	Slc1a3	1458	1772	1762	1039	550	977	1112	1022	870	791	825	833	838	833	1063
Ap4e1_-_127008747.23-P1P2	Ap4e1	1400	1546	1766	896	565	894	955	811	718	713	803	836	991	796	1045
Smpd1_-_105554622.23-P1P2	Smpd1	1026	1372	1495	775	426	552	656	712	471	578	637	640	644	653	702
Rest_-_77265616.23-P1P2	Rest	2080	2428	1808	1296	967	1305	1187	1302	1253	1086	1155	1238	1162	1171	1377
Dnah17_+_118129158.23-ENSMUST00000106308.3,ENSMUST00000084803.5	Dnah17	1653	1980	1971	1204	706	882	1122	995	871	802	947	1028	1019	1051	1172
Dnah6_-_73221588.23-P1P2	Dnah6	1458	1783	1559	1054	772	1034	975	1049	797	775	743	900	944	942	1087
Nr1h2_+_44553865.23-P1P2	Nr1h2	1539	1984	1682	1211	663	1067	1093	1086	811	894	886	1014	979	1015	1206
Abca7_-_79996525.23-P1P2	Abca7	901	1072	990	631	415	549	637	579	407	426	439	601	581	501	620
Renbp_+_73930729.23-P1P2	Renbp	1095	1326	1520	721	552	667	660	677	559	668	779	724	792	710	842
non-targeting_02894	non-targeting	1658	1873	1683	1037	654	817	870	879	886	840	847	959	937	855	1120
Afg3l2_-_67448946.23-P1P2	Afg3l2	1173	1442	1211	739	486	566	773	687	574	535	657	718	801	615	770
Brca2_-_150522683.23-P1P2	Brca2	2653	2937	3244	1715	1157	1642	1541	1571	1272	1484	1398	1501	1658	1563	1722
Ptn_-_36810119.23-P1P2	Ptn	686	863	1221	491	288	413	515	428	332	424	399	401	476	444	494
Cfl1_+_5490471.23-P1P2	Cfl1	2881	3579	2893	2116	1334	1731	1835	1670	1345	1651	1543	1724	1776	1772	1952
Agrn_+_156185990.23-P2	Agrn_P2	999	1297	1112	712	476	579	598	712	546	467	589	554	644	532	646
Hmgb1_+_149051371.23-P2	Hmgb1_P2	727	964	881	552	287	478	534	560	340	335	409	404	398	465	636
Pld3_+_27553043.23-P2	Pld3_P2	2172	2687	3201	1513	1024	1420	1454	1437	1206	1287	1369	1532	1438	1341	1666
Serpina3c_+_104153765.23-P1P2	Serpina3c	1643	2168	2108	1354	806	1061	1123	1032	959	940	1022	1096	1114	1006	1192
Fas_+_34290759.23-P1P2	Fas	1865	2355	2530	1249	943	1431	1241	1102	1045	999	1090	1261	1323	1178	1276
Neurod1_+_79456596.23-P1P2	Neurod1	1670	2091	1869	1185	722	1051	987	1044	811	927	1028	961	1138	975	1261
Ngfr_+_95587665.23-P1P2	Ngfr	2459	3158	2396	1747	1073	1633	1562	1485	1308	1228	1536	1571	1545	1528	1837
Lamp1_+_13159267.23-P1P2	Lamp1	2084	2760	2878	1627	1122	1411	1504	1362	1230	1333	1377	1424	1354	1528	1614
Pik3c3_+_30272909.23-P1P2	Pik3c3	1338	1733	1879	904	621	887	902	841	679	744	735	816	873	827	954
Sod2_-_13008017.23-P1P2	Sod2	2834	3327	3698	1999	1157	1729	1877	1599	1407	1657	1556	1599	1812	1663	1975
Ndufc1_-_51408803.23-P1P2	Ndufc1	1610	2027	1836	1083	589	902	1207	1126	877	865	920	1044	921	977	1192
Ndufb5_+_32737052.23-P1P2	Ndufb5	1250	1395	1240	842	469	725	867	834	628	654	583	711	759	736	805
Nlrp3_-_59541603.23-P1	Nlrp3_P1	937	1235	1008	706	411	612	699	461	534	482	522	547	598	560	647
Ang5_+_43957240.23-P1P2	Ang5	1131	1428	1281	709	416	665	655	590	471	598	631	780	769	670	785
Parp1_-_180569000.23-P1P2	Parp1	1347	1725	1367	856	609	860	886	730	757	794	839	871	981	813	1042
Pon2_+_5298272.23-P1P2	Pon2	1225	1501	1719	969	562	747	849	637	554	659	701	704	770	735	903
Ptgs2_+_150100212.23-P1P2	Ptgs2	586	721	879	392	293	396	379	361	291	351	347	402	449	384	402
Vim_+_13574351.23-P1P2	Vim	2244	2921	2250	1780	1177	1349	1491	1350	1090	1303	1290	1290	1485	1464	1693
Bcl10_+_145924321.23-P1P2	Bcl10	1043	1456	1208	738	415	768	688	647	748	657	645	703	687	680	718
Ryr3_+_113217012.23-P1P2	Ryr3	1382	1658	1952	902	616	844	838	763	685	745	707	809	816	859	983
Jag1_-_137116623.23-P1P2	Jag1	558	663	633	465	223	360	369	350	341	310	412	371	315	364	443
Epha4_+_77515058.23-P1P2	Epha4	1279	1707	1413	1054	639	889	925	825	715	670	784	848	873	805	910
H2-M10.1_+_36326107.23-ENSMUST00000025322.7	H2-M10.1	1471	1778	1382	1019	583	808	1183	916	723	775	927	879	902	781	1077
Vapb_+_173737591.23-P1P2	Vapb	1143	1379	1395	828	420	717	703	599	648	635	594	630	702	657	680
Slc30a10_-_185455120.23-P1P2	Slc30a10	1446	1719	905	1169	648	863	970	869	741	835	946	780	843	859	988
Casp6_-_129901515.23-P1P2	Casp6	1500	1800	1240	1054	577	950	885	924	743	837	832	967	943	1011	1045
Atxn1_-_45964955.23-P1P2	Atxn1	1807	2175	1918	1249	851	1023	1121	1154	853	942	1024	1162	1088	1109	1206
Necab1_-_15148973.23-P1P2	Necab1	2149	2720	2169	1426	1075	1303	1381	1188	1016	1098	1207	1204	1430	1344	1621
Dctn6_+_34108434.23-P1P2	Dctn6	1917	2268	1987	1280	860	1183	1174	1308	1039	1035	1143	1189	1085	1100	1267
Ndufb9_-_58933840.23-P1P2	Ndufb9	970	1243	1043	781	453	633	725	694	534	514	591	646	583	681	719
Ireb2_+_54863985.23-P1P2	Ireb2	1296	1772	1373	1054	688	814	930	832	662	748	877	857	876	843	929
Pld3_+_27553019.23-P2	Pld3_P2	1752	2337	2216	1319	920	1344	1340	1184	1021	1052	1127	1138	1090	1230	1347
Sct_+_141279094.23-P1P2	Sct	1482	1842	1731	1032	668	1035	1092	1025	971	751	1003	981	1018	916	995
Hras_+_141193934.23-P1P2	Hras	1927	2397	2233	1316	851	1274	1234	1222	939	1131	1073	1285	1274	1267	1469
Polg_-_79466169.23-P1P2	Polg	2304	3002	2414	1521	1076	1449	1350	1273	1198	1310	1284	1397	1405	1365	1725
Gcg_+_62483606.23-P1P2	Gcg	656	774	795	372	282	378	418	406	359	274	342	328	403	331	493
Ndufs5_-_123717910.23-P1P2	Ndufs5	469	634	402	315	167	337	234	215	258	277	309	255	379	265	324
Pmp22_-_63131600.23-P1	Pmp22_P1	1396	1774	1786	1062	753	1073	969	945	719	797	786	853	890	830	993
Dnah10_+_124725339.23-P1P2	Dnah10	1044	1198	1132	651	434	570	757	671	576	631	630	592	572	656	587
Cd8a_-_71373555.23-P1P2	Cd8a	675	763	638	459	345	488	356	358	367	443	428	443	444	390	532
Wnt5a_+_28504951.23-P2	Wnt5a_P2	1357	1612	1270	872	625	771	839	719	705	706	813	710	760	724	930
Ppid_+_79591453.23-P1P2	Ppid	1013	1161	1001	666	429	485	748	587	559	494	557	539	594	544	815
Fxn_+_24280548.23-P1P2	Fxn	1246	1557	1447	827	543	907	732	793	674	735	810	730	836	853	924
Creb1_-_64532904.23-P1P2	Creb1	2064	2500	2847	1494	774	1314	1246	1035	1093	1151	1073	1186	1261	1157	1404
Calb2_+_110168191.23-P1P2	Calb2	811	1021	1064	611	473	491	530	469	470	485	448	555	566	510	665
Dnajc10_-_80315809.23-P1P2	Dnajc10	1290	1535	1581	944	542	774	761	766	730	777	707	741	832	718	856
Matr3_+_35562284.23-P1P2	Matr3	1769	2227	2253	1185	779	1095	953	978	800	867	1060	1032	1092	1003	1186
Lmnb1_+_56707914.23-P1P2	Lmnb1	696	818	1124	570	325	557	491	506	448	412	373	465	531	443	587
Uqcrh_+_116074811.23-P1P2	Uqcrh	1587	2077	1881	1154	672	1047	1002	1049	899	1023	902	1030	972	990	1243
Fgd4_+_16600009.23-P1P2	Fgd4	1499	1794	1655	1033	620	862	952	955	846	812	835	939	857	911	1055
Dnah6_+_73221599.23-P1P2	Dnah6	1434	1762	1546	946	682	671	1051	972	902	776	894	943	927	930	922
Rb1cc1_-_6214690.23-P1P2	Rb1cc1	1626	1926	2092	1215	673	947	1058	1058	952	880	912	1111	1004	1003	1191
Mapt_+_104231558.23-P1P2	Mapt	677	865	1082	536	276	405	372	367	356	376	437	438	453	451	521
Sepsecs_+_52669666.23-P1P2	Sepsecs	971	1119	1088	589	423	571	621	545	393	442	401	394	404	479	554
Csf1_+_107760455.23-P1P2	Csf1	1306	1599	1677	885	572	963	912	824	651	715	847	809	851	729	894
Atp2b3_+_73503140.23-P1P2	Atp2b3	1696	2322	2304	1301	755	1049	1185	1270	994	999	1021	1281	1107	1067	1392
Fbxo7_+_86022127.23-P1P2	Fbxo7	1270	1732	1456	952	620	907	1014	755	757	817	808	893	845	857	936
Atg12_+_46741794.23-P1P2	Atg12	933	1147	1036	668	459	618	578	700	426	630	533	600	608	617	715
Dnajc13_+_104262886.23-P1P2	Dnajc13	1306	1621	1653	1002	613	974	884	895	648	697	701	885	877	767	991
Serpina3b_+_104128038.23-P1P2	Serpina3b	3023	3718	4029	2185	1422	2059	2139	1860	1579	1663	1744	1795	1933	1848	2222
Oxr1_-_41449066.23-ENSMUST00000179393.1	Oxr1	1337	1716	1252	893	600	744	780	883	557	677	710	800	974	870	941
Myoc_+_162639208.23-P1P2	Myoc	2270	2879	2177	1625	1089	1329	1677	1458	1140	1354	1286	1396	1291	1286	1494
Dyrk1a_+_94569726.23-P1P2	Dyrk1a	2069	2573	2318	1220	904	1230	1227	1209	845	1088	1261	1163	1371	1240	1529
Tpo_-_30132580.23-P1P2	Tpo	1057	1248	1096	657	400	724	610	585	527	637	617	600	688	606	629
Pum1_-_130663431.23-P1P2	Pum1	1042	1314	1179	754	343	597	648	592	455	604	626	747	608	656	672
Tnf_+_35201985.23-P1P2	Tnf	959	1155	1265	646	424	536	723	686	438	540	593	641	685	596	710
Blvra_+_127080509.23-P2	Blvra_P2	890	1252	1560	643	441	529	702	646	552	586	605	703	696	661	862
Mgrn1_-_4886300.23-P1P2	Mgrn1	2638	3382	3021	1801	1217	1813	1741	1613	1314	1586	1787	1624	1937	1559	1761
Ywhae_+_75732993.23-P1P2	Ywhae	1245	1496	1668	884	594	754	794	772	689	805	748	828	830	761	897
Ctsb_+_63122542.23-P1P2	Ctsb	1167	1384	1065	859	547	811	825	827	598	709	677	744	801	685	931
Eno2_-_124769474.23-P1P2	Eno2	1679	2038	1564	1080	738	1017	956	1030	873	935	967	947	1145	1020	1135
Farsb_-_78488815.23-P1P2	Farsb	1106	1384	1518	645	472	718	615	568	630	612	672	570	707	734	801
Dicer1_-_104752034.23-P1P2	Dicer1	671	882	1007	452	350	390	455	384	323	355	359	371	407	433	499
Ube2g1_-_72607277.23-P1P2	Ube2g1	2005	2405	2220	1324	811	1203	1336	1200	1003	1047	1133	1274	1239	1211	1426
Sema6b_-_56140332.23-P1	Sema6b_P1	829	1172	1078	602	332	558	628	501	534	445	500	527	652	541	631
Cyp2d22_-_82380198.23-P1P2	Cyp2d22	1125	1439	1491	763	471	710	833	757	579	515	572	693	672	664	883
Chat_+_32465781.23-P2	Chat_P2	1203	1468	1630	873	564	743	973	752	662	710	771	777	831	798	934
Dnm1l_+_16358955.23-P1P2	Dnm1l	1165	1385	1411	851	485	732	776	625	512	607	651	733	631	655	772
Tomm20_-_126945841.23-P1P2	Tomm20	1315	1653	1467	839	631	773	883	805	706	781	740	743	844	760	912
Casp7_+_56397257.23-P1P2	Casp7	1170	1489	1597	753	515	813	747	753	566	693	639	754	751	648	818
Ube2v1_+_167631999.23-P1P2	Ube2v1	703	861	862	538	323	475	496	426	330	386	411	401	485	408	564
Prkar1b_-_139129669.23-P1P2	Prkar1b	1659	2020	1982	1250	776	1057	1271	1045	1005	1021	1120	1068	1109	1124	1225
Gusb_+_130002829.23-P1P2	Gusb	1630	1838	1949	1095	746	1038	1025	817	943	865	874	959	915	962	1055
Nudt1_-_140331971.23-P1P2	Nudt1	1023	1188	1417	703	420	607	663	574	501	571	592	694	676	617	750
Derl1_+_57892300.23-P1P2	Derl1	2209	2675	2334	1709	901	1228	1440	1432	1029	1168	1184	1375	1399	1318	1458
Calm2_-_87447053.23-ENSMUST00000040440.6	Calm2	1384	1685	2226	989	721	1053	883	913	797	898	869	1004	1017	932	1193
Hspd1_+_55087696.23-P1P2	Hspd1	1316	1586	1506	936	514	832	921	832	722	729	786	830	953	819	894
Psma3_-_70974658.23-P1P2	Psma3	1207	1436	1335	844	577	746	824	657	634	660	725	672	719	704	923
Bax_+_45466767.23-P1P2	Bax	2346	2688	2828	1658	1007	1315	1487	1405	1210	1336	1553	1511	1390	1614	1797
Ntf3_-_126164867.23-P1	Ntf3_P1	1295	1702	1497	1020	620	806	969	855	553	736	726	837	771	772	911
Pick1_-_79229416.23-P1P2	Pick1	845	1030	885	537	361	565	555	471	489	471	454	516	519	511	564
Ephb2_+_136835953.23-P1P2	Ephb2	1198	1372	1780	928	533	824	783	669	638	647	643	622	754	746	816
Mmp14_-_54431812.23-P1P2	Mmp14	970	1205	1004	642	472	641	598	548	548	620	615	706	563	571	756
Hace1_-_45577863.23-P1P2	Hace1	1233	1491	1477	930	577	758	787	783	597	750	738	760	819	815	891
Ndufa4_+_11907467.23-P1P2	Ndufa4	2187	2575	2496	1530	835	1198	1305	1270	1123	1236	1152	1346	1200	1309	1666
Inpp4a_-_37299926.23-P1P2	Inpp4a	2124	2558	2837	1178	888	1339	1377	1382	1002	1174	1016	1299	1172	1214	1399
Vdac3_+_22593677.23-P1P2	Vdac3	443	597	597	361	229	245	321	303	294	284	266	309	285	327	322
Dnah2_+_69549076.23-ENSMUST00000108659.1	Dnah2	1654	1935	1841	1038	774	1037	1087	1031	832	938	893	888	1046	908	1090
Wdr41_-_94976381.23-P1P2	Wdr41	2398	3181	3488	1906	1266	1667	1731	1637	1279	1396	1655	1507	1713	1560	1850
Ndufa1_+_37191097.23-P1P2	Ndufa1	1148	1463	1710	830	507	838	719	686	508	638	695	721	818	798	828
Slc18a2_-_59260947.23-P1P2	Slc18a2	1322	1663	1698	888	463	754	951	794	811	734	747	817	786	816	953
Acsbg1_-_54661623.23-P1P2	Acsbg1	1231	1398	1548	809	527	787	838	762	511	695	772	748	761	805	772
Ntrk1_+_87795177.23-P1P2	Ntrk1	1864	2151	2358	1259	801	1064	1084	948	1056	994	1044	1068	1045	1079	1239
Arhgef5_-_43265892.23-P1P2	Arhgef5	993	1128	1460	681	387	653	652	580	563	532	535	520	624	593	709
Dnah7a_-_53706753.23-P1P2	Dnah7a	1959	2501	2408	1455	920	1320	1477	1242	1059	1209	1191	1210	1289	1274	1350
Grn_-_102430544.23-P1P2	Grn	1881	2296	2135	1378	740	1120	1139	1111	1173	1043	1042	1245	1263	1140	1285
Pak3_-_143518720.23-P2	Pak3_P2	1161	1416	1294	817	538	833	812	665	600	714	692	738	770	695	757
Psmd12_-_107479547.23-P1P2	Psmd12	1648	1957	2049	988	637	982	910	877	763	718	637	929	830	867	896
Kcnc3_+_44590957.23-ENSMUST00000107906.3	Kcnc3	1676	2141	2299	1163	826	878	953	1052	803	952	1021	911	1107	1057	1146
Sptbn2_+_4711244.23-P1P2	Sptbn2	1640	1882	2082	1053	774	997	1081	979	911	896	858	941	1063	940	1233
Cdk11b_-_155624951.23-P1P2	Cdk11b	1566	1898	1608	928	591	938	768	746	586	865	682	809	816	908	800
Mapk8_+_33447108.23-P1P2	Mapk8	1794	2215	2519	1437	949	1258	1384	1147	932	958	1074	1155	1165	1141	1386
Itpr3_+_27057388.23-P1P2	Itpr3	776	893	1087	476	318	404	574	527	470	396	422	491	437	436	501
Uqcrb_+_66905334.23-P1P2	Uqcrb	1349	1785	1325	1167	534	948	996	907	718	899	745	846	861	916	1044
Slc1a2_-_102706670.23-ENSMUST00000111212.1	Slc1a2	1928	2395	2374	1399	699	1072	1378	1222	882	1093	991	1153	1198	1192	1278
Slc52a3_+_151996539.23-P1	Slc52a3_P1	995	1201	1189	626	443	747	647	532	479	597	641	643	606	549	694
Tdp1_+_99884575.23-P1P2	Tdp1	1332	1660	1072	900	581	953	804	801	693	729	675	704	858	898	879
Nalcn_-_123627081.23-P1P2	Nalcn	1660	2210	2238	1176	819	1203	1342	1062	891	977	1051	1112	1068	1124	1294
Glrx_+_75840252.23-P1P2	Glrx	1774	2282	2058	1255	874	1222	1178	1035	1088	1007	961	1242	1272	1081	1443
Ndufs6_+_73328457.23-P1P2	Ndufs6	1748	2129	2137	1091	816	992	1175	1105	894	996	983	1101	1080	1117	1189
Nt5c2_-_46962273.23-P1P2	Nt5c2	1599	1911	2073	1127	759	1057	970	1006	810	886	924	941	980	1090	1201
Trex1_+_109059143.23-P1P2	Trex1	962	1306	1089	522	320	730	537	496	410	629	712	805	853	840	987
Bid_+_120916821.23-P1P2	Bid	1797	2112	2179	1146	714	1124	993	1037	905	929	996	1186	1004	1082	1256
Cfdp1_+_111854285.23-P1P2	Cfdp1	1631	2172	2359	1116	791	1053	1062	853	783	920	828	881	891	926	1124
Ywhaz_+_36793248.23-P1P2	Ywhaz	2708	3324	3078	2065	1313	1690	1831	1706	1427	1489	1613	1557	1559	1640	1975
Fars2_-_36117939.23-P1P2	Fars2	1842	2382	2103	1320	880	1094	1197	1114	910	1070	1097	1147	1072	1021	1315
Htr1a_-_105443847.23-P1P2	Htr1a	1352	1726	1923	889	546	778	888	789	722	771	740	793	712	747	830
B4galnt1_+_127165244.23-P1P2	B4galnt1	1208	1420	1529	934	606	735	818	828	523	722	676	758	765	690	883
Endou_+_97721101.23-P1	Endou_P1	1360	1681	1692	1117	628	1002	1118	946	882	890	765	910	920	851	1027
Gja6_+_160906996.23-P1P2	Gja6	2142	2595	2252	1571	938	1274	1529	1312	1290	1183	1229	1216	1290	1188	1497
Aqp4_+_15403604.23-P1P2	Aqp4	1271	1525	1378	850	592	831	754	731	624	807	695	713	781	769	863
Cfdp1_+_111854231.23-P1P2	Cfdp1	1251	1401	1396	767	570	690	766	637	651	642	585	691	715	717	736
Cox6a1_+_115348559.23-P1P2	Cox6a1	1573	1997	1914	1061	698	1059	1069	959	936	897	922	1058	897	969	1136
Rbms3_+_117252429.23-P1P2	Rbms3	1356	1787	1909	1003	737	972	897	823	743	813	853	925	946	993	1120
Pcyt2_-_120617879.23-P1P2	Pcyt2	1713	2197	1979	1143	700	998	1149	1110	832	867	912	999	962	949	1106
Pak3_+_143518544.23-P2	Pak3_P2	1195	1577	1530	873	540	767	811	784	646	700	750	675	724	804	885
Atg13_+_91710526.23-P1P2	Atg13	784	977	1149	682	353	473	630	516	409	417	421	514	433	518	463
Clec16a_+_10545467.23-P1P2	Clec16a	1433	1884	1907	1005	687	896	949	820	744	850	799	877	1040	976	1119
Psmd3_+_98682626.23-P1P2	Psmd3	735	966	821	510	321	441	467	405	381	325	405	444	475	457	522
Necab1_-_15149018.23-P1P2	Necab1	1642	2093	2303	1185	699	1104	1051	913	908	890	903	1069	1080	1021	1134
Mutyh_+_116807749.23-P1P2	Mutyh	1325	1607	1589	982	586	882	872	795	665	774	745	945	930	730	861
Il10_-_131019954.23-P1P2	Il10	1179	1474	1450	760	583	758	818	767	579	680	563	769	733	740	931
Grm1_-_11082274.23-P1P2	Grm1	1976	2528	2166	1296	880	1244	1348	1193	1153	1205	1285	1234	1409	1245	1371
Lmna_-_88503236.23-P1P2	Lmna	1669	1895	1934	1114	719	944	1043	1004	756	808	906	1005	1132	1031	1053
Slc18a2_-_59260972.23-P1P2	Slc18a2	969	1337	1053	777	491	764	687	596	676	652	691	693	700	615	742
Oprd1_-_132144365.23-P1P2	Oprd1	1088	1252	1277	713	461	696	768	752	562	629	571	659	693	689	732
Srsf7_-_80207259.23-P1P2	Srsf7	1214	1410	1498	891	508	763	809	623	559	724	741	752	906	771	809
Peg12_+_62464491.23-P1P2	Peg12	1706	2201	2209	1299	787	1019	1156	960	1005	1021	1125	1064	1086	966	1239
Exosc1_-_41933272.23-P1P2	Exosc1	1370	1624	1612	995	611	802	841	940	722	719	758	842	838	743	951
Abl1_-_31688613.23-P1P2	Abl1	1870	2364	2082	1450	994	1269	1267	1221	1050	1113	1117	1076	1202	1108	1383
Pdk3_-_93832134.23-P1P2	Pdk3	1666	2178	2364	1066	780	1091	1058	1114	910	1007	872	1036	1104	1133	1179
Tac1_+_7555080.23-P1P2	Tac1	1307	1659	1663	853	636	868	725	664	716	802	847	875	963	765	908
Cacna1s_-_136052816.23-P1P2	Cacna1s	1293	1611	1417	888	655	879	876	757	621	789	889	749	811	850	870
Rab7_-_88045085.23-P1P2	Rab7	949	1095	1314	701	439	682	607	531	520	456	490	514	577	611	677
Morc2a_-_3649520.23-P1P2	Morc2a	972	1398	1440	768	473	625	697	671	488	598	677	696	598	579	654
Dnah6_-_73221619.23-P1P2	Dnah6	1234	1536	1495	826	559	807	863	856	612	720	675	756	859	787	892
Slc12a6_+_112265636.23-P1P2	Slc12a6	2340	2598	2241	1496	1081	1346	1311	1361	1002	1165	1392	1512	1389	1360	1582
Nos2_-_78920838.23-P1P2	Nos2	1507	1776	1645	1107	786	970	1142	966	852	838	997	976	898	936	1083
Stx1a_+_135041187.23-P2	Stx1a_P2	1087	1311	1064	577	323	611	575	626	446	607	650	686	754	701	780
Ctnnb1_+_120933480.23-P1P2	Ctnnb1	728	938	930	501	336	460	469	402	334	412	512	533	505	536	575
Gapdh_+_125165257.23-P1P2	Gapdh	784	952	714	486	362	537	586	501	327	476	402	522	535	441	641
Polr3b_-_84622424.23-P1P2	Polr3b	674	820	553	411	227	336	426	451	390	387	343	379	334	365	457
Hspd1_-_55087788.23-P1P2	Hspd1	886	1160	1414	711	495	535	627	573	422	531	527	581	521	596	724
Slc52a3_+_151996543.23-P1	Slc52a3_P1	1461	1789	1374	881	594	917	1023	923	751	790	834	868	852	837	1114
Fmr1_-_68678785.23-P1P2	Fmr1	721	961	841	618	432	490	517	529	442	397	416	517	482	411	632
Atp5c1_+_10080318.23-P1P2	Atp5c1	1818	2244	2314	1220	786	1280	1271	1141	859	950	960	1078	1039	1058	1352
Ndufa7_+_33824729.23-P1P2	Ndufa7	1029	1352	1110	666	363	577	662	500	537	575	678	599	698	596	742
Nefl_+_68083888.23-P1P2	Nefl	904	1010	928	509	458	573	619	567	409	477	450	507	554	532	714
Pax6_-_105668931.23-P1	Pax6_P1	1614	2013	1656	1106	743	1072	1001	1070	916	924	897	1065	1026	905	1086
Grin2b_-_136172123.23-P1P2	Grin2b	1023	1388	919	864	469	744	726	684	543	642	549	648	693	606	741
Nos2_+_78920899.23-P1P2	Nos2	853	1011	993	683	398	597	536	475	437	521	464	579	567	519	594
S100a1_+_90514268.23-P1P2	S100a1	1434	1801	1739	940	596	798	908	926	860	764	801	894	806	851	1096
Dtymk_+_93801863.23-P1P2	Dtymk	1080	1398	1273	730	508	619	755	748	664	577	676	712	667	726	835
Pank2_-_131262761.23-P1P2	Pank2	2033	2481	2107	1393	800	1315	1271	1188	866	1012	1135	1230	1100	1258	1404
Txn1_-_57956273.23-P1P2	Txn1	1016	1217	1035	715	442	589	624	649	547	565	579	623	698	627	795
Oprd1_-_132144457.23-P1P2	Oprd1	960	1274	1509	724	545	737	693	662	516	505	701	677	747	596	756
Gcg_+_62483557.23-P1P2	Gcg	737	1007	893	553	295	422	578	491	411	411	407	546	401	401	540
non-targeting_01634	non-targeting	551	660	830	409	272	335	293	302	249	262	315	359	350	342	380
Ywhaz_-_36794269.23-P1P2	Ywhaz	1238	1511	1698	833	495	884	847	782	678	755	751	762	744	748	917
Gpr37_+_25689730.23-P1P2	Gpr37	1785	2388	2274	1376	834	1123	1150	1120	1008	1006	1125	1149	1203	1124	1295
Vrk1_+_106010349.23-P1P2	Vrk1	977	1271	1193	776	365	647	688	571	491	451	647	637	560	570	676
Ube2j1_+_33031611.23-P1P2	Ube2j1	971	1106	875	710	396	527	574	534	588	524	509	581	570	525	572
Gosr2_+_103697685.23-P1P2	Gosr2	2502	2850	2718	1249	951	1096	1236	1116	779	1135	825	1230	881	1063	1271
Hspa4_-_53300405.23-P1P2	Hspa4	1495	1810	1490	953	677	910	830	879	809	928	698	871	992	826	1008
Vcam1_-_116129237.23-P1P2	Vcam1	892	1203	1179	617	380	553	565	590	530	545	516	543	710	614	597
Nqo2_+_33964747.23-P1P2	Nqo2	1751	2261	2009	1334	835	1126	1200	1051	970	948	990	1089	1143	1057	1386
non-targeting_04101	non-targeting	1495	1907	2027	1148	695	1023	1119	886	931	839	897	943	1036	1067	1152
Apc2_-_80301051.23-P1	Apc2_P1	1705	2030	2101	1308	784	1133	1020	1018	773	1043	1007	1015	1053	1088	1125
Coq2_-_100674242.23-P1P2	Coq2	2017	2499	2147	1442	1021	1383	1268	1338	1055	1042	1160	1332	1363	1206	1400
Cox6b2_-_4752786.23-P1P2	Cox6b2	1668	2130	2597	1165	676	837	1011	1046	895	937	973	1075	1247	1055	1177
Pklr_+_89136221.23-P1P2	Pklr	1537	1812	1902	1232	669	891	988	909	770	866	949	960	1077	907	1001
Ezh2_+_47594979.23-P1P2	Ezh2	1610	1922	1889	1020	756	1075	1231	937	817	899	920	1034	1034	921	1195
Dnah9_+_66168436.23-P1P2	Dnah9	1201	1486	1784	879	596	829	778	697	662	669	668	764	891	753	906
Pcyt2_-_120617882.23-P1P2	Pcyt2	2403	2946	2838	1818	1067	1577	1519	1410	1133	1245	1223	1319	1267	1349	1602
Psmd9_-_123228348.23-P1P2	Psmd9	1368	1595	1464	1058	638	704	837	785	598	820	764	813	912	806	955
Metrn_-_25796968.23-P1P2	Metrn	1224	1510	1484	899	586	721	849	705	636	625	830	740	785	764	852
Peg12_-_62464498.23-P1P2	Peg12	714	919	690	496	398	546	503	489	469	333	424	374	453	493	489
Atxn7_-_14012882.23-P1P2	Atxn7	2071	2624	2698	1417	1032	1274	1414	1313	1184	1138	1190	1327	1334	1161	1474
Clcn2_-_20717752.23-P2	Clcn2_P2	1164	1391	1638	862	470	883	639	714	667	633	633	710	777	642	767
Kcnd3_+_105451927.23-P1P2	Kcnd3	1911	2252	1950	1219	657	1174	1337	1102	1031	1174	1071	1152	1177	1083	1304
Cnr2_-_135911932.23-P2	Cnr2_P2	2096	2679	2514	1580	939	1343	1414	1358	1169	1015	1151	1318	1165	1243	1518
Oxr1_+_41789599.23-ENSMUST00000090095.5,ENSMUST00000022918.7	Oxr1	540	708	780	432	215	349	332	337	317	337	334	405	378	297	416
Ctsf_+_4855199.23-P1P2	Ctsf	1478	1854	2036	918	577	745	740	855	713	767	783	781	808	818	957
Mcu_-_59616662.23-P1P2	Mcu	457	585	386	307	215	365	292	277	248	218	251	283	282	310	276
Rrm2_+_24708325.23-P1P2	Rrm2	1742	2077	2105	1117	784	1159	957	1028	970	1040	864	1026	1089	1047	1108
Fth1_+_9982714.23-P1P2	Fth1	951	1214	1166	683	561	646	734	571	544	525	531	554	564	568	690
Dao_+_114003916.23-P1P2	Dao	2869	3457	3263	1963	1283	1926	1992	1714	1465	1647	1601	1713	1985	1771	2105
Ndufa5_+_24527538.23-P1P2	Ndufa5	1452	1672	1348	847	600	828	841	791	768	699	742	874	989	830	962
Vegfa_+_46032326.23-P1P2	Vegfa	1524	1958	1447	1083	679	892	1040	966	730	787	991	1003	958	874	1063
Ulk2_+_61854871.23-P1P2	Ulk2	1731	2081	2026	1281	803	1097	1192	1080	1044	1108	920	996	1140	1060	1179
Rtn2_+_19291121.23-P1	Rtn2_P1	1798	2252	2641	1348	758	1257	931	1062	981	1048	995	1101	1084	1008	1220
Lmna_-_88503047.23-P1P2	Lmna	1917	2426	1857	1347	826	1236	1273	1155	946	1103	1119	1145	1226	1303	1390
Elavl3_-_22051938.23-P1P2	Elavl3	1668	1844	2241	1065	687	823	977	1090	891	1002	867	1112	986	995	1331
Vdac3_+_22593743.23-P1P2	Vdac3	1794	2239	2478	1231	762	984	1165	1069	996	1041	1148	1154	1344	1096	1313
Fmr1_-_68678662.23-P1P2	Fmr1	869	1090	809	518	381	565	642	564	385	492	587	607	604	617	613
Slc18a1_-_69077244.23-P2	Slc18a1_P2	1302	1521	1726	934	579	870	847	815	791	704	782	746	854	829	839
Fbxo38_+_62548616.23-P1P2	Fbxo38	617	748	534	378	275	349	407	362	280	332	375	297	330	324	419
Sptlc2_+_87387830.23-P1P2	Sptlc2	1848	2238	2256	1272	855	1073	1180	1142	1079	949	1047	1219	1252	1114	1376
Sacs_+_61172997.23-P1P2	Sacs	1178	1440	1652	847	535	665	980	825	611	632	722	720	798	769	910
Psmc4_+_28050004.23-P1P2	Psmc4	1337	1565	1579	601	444	597	645	645	455	525	481	667	442	625	713
Tubal3_-_3924751.23-P1P2	Tubal3	565	637	702	416	245	337	290	438	337	204	371	413	412	301	369
Gfap_-_102896983.23-P1P2	Gfap	1359	1623	1312	1059	606	913	959	762	686	759	790	791	779	944	877
Wnt10a_+_74792081.23-P1P2	Wnt10a	1737	2117	2040	1150	760	1011	976	1069	918	978	907	1031	1178	960	1160
Eif2s1_+_78862253.23-P1P2	Eif2s1	1398	1729	1867	1002	670	943	1034	872	719	807	813	811	805	905	1050
Atp2a1_+_126463089.23-P1P2	Atp2a1	1818	2110	1909	1149	843	1128	1188	1022	1021	982	1150	1095	1197	1072	1212
Pparg_-_115361329.23-P1P2	Pparg	1510	1828	1568	999	673	899	1036	949	956	834	843	896	937	879	876
Aqp1_-_55336735.23-P1P2	Aqp1	2032	2430	2024	1428	886	1313	1310	1345	1046	1023	1104	1282	1257	1075	1392
Dio2_+_90738694.23-P1P2	Dio2	954	1175	699	674	382	664	673	596	513	555	526	509	554	574	568
Rmdn2_-_79615273.23-P1P2	Rmdn2	2261	2935	2701	1593	1101	1525	1561	1542	1190	1203	1355	1366	1526	1244	1587
Plcb2_-_118728306.23-P1P2	Plcb2	1409	1718	1615	1029	667	907	976	724	817	783	817	901	938	916	1017
Taf2_+_55072116.23-P1P2	Taf2	1853	2215	1833	1300	872	1383	1190	1048	1058	1048	1122	1107	1194	1043	1295
Trpm2_+_77969742.23-P1P2	Trpm2	1299	1561	1161	918	617	688	800	860	622	796	769	868	881	861	990
Mbp_+_82554569.23-P1P2	Mbp	2158	2657	2507	1607	1028	1461	1502	1420	1132	1273	1328	1539	1303	1425	1525
Hspa14_-_3512722.23-P1P2	Hspa14	1672	2189	1878	1124	842	1258	1160	879	978	1007	963	1146	1035	1038	1256
Zfp78_-_6363347.23-P1P2	Zfp78	1990	2281	1768	1360	867	1303	1367	1166	856	1031	1102	1224	1276	1220	1445
Ina_+_47014705.23-P1P2	Ina	1284	1551	1604	839	628	691	872	806	688	714	777	800	780	794	956
Myc_-_61985600.23-P1P2	Myc	841	987	1006	543	389	546	485	459	413	473	488	563	493	454	675
Nrros_+_32165450.23-P1P2	Nrros	1892	2224	2362	1260	895	1071	1288	1127	986	1063	1184	1208	1151	1285	1386
Pmp2_-_10197220.23-P1P2	Pmp2	1166	1518	1647	892	532	714	836	649	648	678	654	749	791	785	875
Bap1_-_31251659.23-P1P2	Bap1	1552	1691	1627	1063	550	843	923	760	663	892	837	871	960	835	988
Abhd16a_-_35089276.23-P1P2	Abhd16a	1799	2417	1780	1302	863	1124	1390	1099	1253	1050	1083	1199	1303	1156	1306
Med25_+_44892402.23-P1P2	Med25	1120	1430	1561	756	602	764	729	707	542	619	640	650	698	645	720
Anxa11_-_25842229.23-P1P2	Anxa11	1697	1944	2008	1172	864	1116	1171	1126	845	834	933	1027	1137	1018	1403
C9_-_6445381.23-P1P2	C9	877	1053	648	645	354	523	646	596	453	488	546	535	586	555	779
Tbk1_+_121586718.23-P1P2	Tbk1	1126	1435	1465	824	529	711	714	670	591	605	716	764	783	670	831
Cacna1a_+_84415356.23-ENSMUST00000121390.1	Cacna1a	1281	1649	1227	958	626	804	766	761	688	568	690	811	689	754	912
Hspa1b_+_34959239.23-P1P2	Hspa1b	1363	1635	1777	914	598	922	864	781	742	774	807	975	936	845	989
P2ry2_+_101011951.23-P1P2	P2ry2	1588	2003	2479	1164	809	1051	1134	913	855	903	982	1104	1087	1017	1214
Lmna_-_88503151.23-P1P2	Lmna	836	989	903	585	374	503	517	524	483	487	511	606	595	466	605
Prps1_+_140456667.23-P1P2	Prps1	1095	1321	1046	735	450	828	770	587	629	645	626	629	673	658	755
Tyrp1_-_80834275.23-P1P2	Tyrp1	1408	1729	1619	1031	605	879	978	941	650	829	855	844	807	855	1046
Bax_-_45466810.23-P1P2	Bax	1353	1853	1443	984	677	918	996	977	801	763	770	862	758	891	1011
P2ry2_+_101011964.23-P1P2	P2ry2	2289	2745	2801	1846	1145	1566	1511	1325	1282	1374	1493	1344	1528	1491	1670
Hk1_+_62340120.23-P1P2	Hk1	1197	1361	1335	693	472	604	770	655	534	631	593	716	652	659	732
Fxn_+_24280533.23-P1P2	Fxn	1335	1641	2090	968	576	848	891	1040	693	689	753	836	931	853	919
Il2_-_37125975.23-P1P2	Il2	1580	2004	1592	1153	692	1014	1042	1061	919	945	958	995	975	1014	1331
Wnt7a_+_91410882.23-P1P2	Wnt7a	1331	1648	1364	905	719	884	847	894	674	632	753	749	911	749	975
Trp73_-_154097118.23-P2	Trp73_P2	1496	1850	1356	1069	724	1008	926	945	753	845	858	966	864	900	1129
Aspa_-_73324342.23-P1P2	Aspa	1139	1382	1271	660	599	603	752	639	639	518	686	703	658	696	835
Hras_-_141193954.23-P1P2	Hras	1777	2300	1922	1328	786	1290	1083	1057	1009	976	1180	1233	1160	990	1208
Notch3_+_32166647.23-P1P2	Notch3	1316	1822	1928	921	724	859	907	953	672	920	913	921	892	867	1025
Ins1_-_52264557.23-P1P2	Ins1	2501	3072	3155	1747	1227	1560	1843	1738	1218	1684	1441	1596	1657	1642	1805
Slc5a7_-_54298651.23-P1P2	Slc5a7	1543	1960	1661	1012	876	1018	1158	949	829	911	994	903	1079	958	1200
Arih1_-_59486638.23-P1P2	Arih1	2249	2611	2484	1514	1067	1304	1477	1344	1123	1095	1206	1448	1349	1447	1537
Dtymk_+_93801902.23-P1P2	Dtymk	1192	1444	1178	805	461	706	768	600	595	715	670	769	823	721	897
L1cam_+_73880765.23-P1P2	L1cam	2150	2547	2352	1343	928	1504	1269	1330	1264	1143	1126	1290	1334	1354	1404
Ctrl_-_105933815.23-P1P2	Ctrl	1456	1933	1762	1071	686	1068	985	845	768	795	819	948	1003	950	1163
Nqo1_+_107403014.23-P1P2	Nqo1	1829	1975	1914	1207	842	1063	1318	1167	968	969	1015	1113	1179	1124	1235
Ids_-_70364884.23-P1P2	Ids	1682	2045	2037	1195	791	899	994	944	709	1062	1010	987	1054	1101	1272
Gigyf2_-_87327102.23-P1P2	Gigyf2	1071	1265	1325	701	466	560	710	643	620	647	523	636	764	567	790
Elavl3_+_22051939.23-P1P2	Elavl3	1466	1978	2016	1180	683	1090	1153	1031	908	824	966	1015	1038	965	1008
Pou5f1_-_35506050.23-P1P2	Pou5f1	1442	1885	1597	1050	748	950	1065	1074	894	799	818	942	908	900	995
Dagla_+_10304597.23-P1P2	Dagla	1516	1846	1548	1072	626	805	940	847	818	885	833	817	889	899	1046
Vps53_-_76179613.23-P1P2	Vps53	801	1007	1115	632	321	558	552	420	486	402	341	427	427	468	486
Raf1_-_115676501.23-P1P2	Raf1	1196	1484	1462	936	607	750	760	682	755	606	738	764	753	606	859
Dnah7c_+_46609334.23-ENSMUST00000178395.1	Dnah7c	1454	1809	1828	1096	603	987	931	861	937	843	783	866	1147	939	1070
Sirt4_-_115484126.23-P1P2	Sirt4	1519	1864	1988	1088	630	910	1082	1016	757	802	856	931	821	970	1005
Atp5g3_+_73911240.23-P1P2	Atp5g3	1033	1287	1368	703	554	579	798	687	548	636	668	655	617	546	731
Syn1_-_20920873.23-P1P2	Syn1	1313	1736	1831	974	693	981	1000	800	644	743	841	765	874	911	1072
Psmd2_-_20651719.23-P1P2	Psmd2	1278	1527	1579	661	445	628	650	647	376	483	464	505	534	612	716
Cyp2u1_+_131303137.23-P1P2	Cyp2u1	1446	1734	2101	1002	570	902	1011	939	770	777	842	943	967	1034	1098
Hspa5_-_34772127.23-P1P2	Hspa5	995	1221	1445	560	413	615	684	613	467	518	398	618	452	546	724
Wnt3_+_103774199.23-P1P2	Wnt3	775	882	1083	552	338	547	531	570	466	405	459	466	457	465	552
Uqcrc2_-_120635274.23-P1P2	Uqcrc2	1523	1760	2104	975	695	863	1009	869	748	853	787	870	1006	896	1027
Th_-_142899941.23-P1P2	Th	716	944	977	657	320	424	497	401	465	439	449	511	515	500	479
Egr2_-_67537969.23-P1	Egr2_P1	1481	1710	2143	920	735	964	950	875	805	874	831	887	891	908	1011
Actr10_+_70937929.23-P1P2	Actr10	1454	1777	1886	947	648	779	936	830	724	733	726	877	935	890	951
Cxcr4_-_128592263.23-P1P2	Cxcr4	1286	1654	1390	1007	681	876	902	835	786	729	782	767	862	772	884
Prps1_-_140456633.23-P1P2	Prps1	1323	1700	1731	821	432	865	910	760	681	750	770	869	818	733	879
Ins2_+_142699488.23-P2	Ins2_P2	1716	2160	2137	1203	745	943	1064	1081	997	979	1010	1019	1106	1114	1420
Lamc2_-_153186515.23-P1P2	Lamc2	1800	2279	1856	1449	965	1187	1372	1258	1128	1028	1068	1095	1005	1092	1376
Wnt16_-_22288310.23-P1P2	Wnt16	1098	1289	1252	719	491	584	666	694	440	560	616	577	666	706	894
Ftl1_+_45459843.23-P1P2	Ftl1	609	828	599	469	252	414	476	480	313	418	439	387	407	417	534
Atp5j_+_84834799.23-P1P2	Atp5j	2157	2563	2614	1484	1023	1395	1301	1321	1074	1288	1179	1386	1380	1298	1451
Taf15_+_83473166.23-P1P2	Taf15	1263	1643	1417	963	589	717	902	791	842	679	654	809	835	739	998
Tpp1_+_105752147.23-P1P2	Tpp1	1089	1477	1450	880	530	604	838	633	630	587	759	644	741	645	892
Wwox_-_114439742.23-P1P2	Wwox	1769	2193	1762	1158	723	1007	1274	998	1009	1002	993	1033	1131	1114	1293
Ptprc_+_138175105.23-P1P2	Ptprc	1039	1326	1384	695	483	603	711	649	530	591	470	680	614	647	747
Oard1_+_48410025.23-P1P2	Oard1	1755	1937	2035	1111	750	1005	1040	971	813	923	803	928	1011	1028	1119
Eif2s2_+_154892681.23-P1P2	Eif2s2	1564	2054	2122	1086	792	1045	1066	959	746	854	839	941	1005	925	1116
Slc12a1_-_125152596.23-P1P2	Slc12a1	1286	1445	1518	862	562	906	951	756	750	747	814	770	785	708	933
Eif2b2_-_85219548.23-P1P2	Eif2b2	1197	1422	1559	698	503	700	582	604	599	689	570	641	562	699	755
Actr1b_+_36709672.23-P1P2	Actr1b	1288	1602	1931	1008	663	904	760	769	547	734	815	786	775	819	985
Ndufb5_-_32737084.23-P1P2	Ndufb5	1817	2156	2127	1211	739	1095	1212	1081	916	917	1116	1160	1137	1200	1385
Phex_+_157415183.23-P1P2	Phex	921	1120	610	628	436	553	601	553	535	488	578	578	500	472	626
Vcam1_+_116129432.23-P1P2	Vcam1	1411	1770	1767	1129	660	869	974	974	761	836	767	866	840	794	902
Cyp2d40_+_82763757.23-P1P2	Cyp2d40	2106	2624	2518	1427	1116	1417	1357	1149	1229	1250	1298	1283	1269	1322	1493
Aars2_-_45506906.23-P1P2	Aars2	1882	2291	2278	1249	813	1235	1267	1288	1001	845	887	1067	954	942	1254
Ccnf_+_24251319.23-P1P2	Ccnf	1241	1552	1544	802	634	843	792	709	671	719	735	788	859	786	918
Trim2_+_84259729.23-P2	Trim2_P2	1240	1541	1324	1048	542	642	871	662	795	712	758	711	644	789	996
Zfp74_-_29954049.23-P1P2	Zfp74	714	956	949	534	267	541	456	492	406	413	443	510	463	463	515
Ubtf_-_102318938.23-P1P2	Ubtf	1293	1615	1629	911	582	800	890	861	832	785	860	816	848	855	1019
Hspa5_-_34772098.23-P1P2	Hspa5	1519	1812	1824	677	549	711	762	762	470	611	567	660	533	743	691
Fat2_-_55336552.23-P1P2	Fat2	778	976	760	581	342	439	522	548	409	446	504	475	491	482	520
Echs1_-_140116386.23-P1P2	Echs1	944	1155	1340	563	444	689	573	557	603	533	535	615	568	562	650
Pnpt1_+_29130731.23-P1P2	Pnpt1	1399	1668	1498	960	727	857	927	798	732	725	781	732	815	793	1002
Tubb6_-_67390921.23-P1P2	Tubb6	1577	2015	2136	1343	775	1217	1105	1005	988	862	932	981	985	985	1210
Ttbk2_+_120850361.23-P1P2	Ttbk2	1320	1638	1457	752	625	757	845	730	722	739	817	776	757	804	903
Ndufb8_+_44555412.23-P1P2	Ndufb8	3034	3792	3842	2133	1625	1983	1952	2003	1692	1852	1748	1824	2008	1948	2217
Dnah2_+_69544317.23-ENSMUST00000035539.5	Dnah2	985	1311	1486	777	483	651	676	521	605	679	583	729	710	652	852
Mthfr_-_148041210.23-P2	Mthfr_P2	1480	1910	1474	1232	794	890	1004	890	702	873	856	960	1104	1042	1093
Disc1_-_125054110.23-P1P2	Disc1	1192	1414	1951	908	567	802	879	647	657	742	656	747	819	796	742
Bag6_-_35135241.23-P1P2	Bag6	1521	1907	1758	1001	702	775	1077	866	701	867	836	958	997	906	1064
Ndufb10_+_24724355.23-P1P2	Ndufb10	1701	2170	1896	1209	814	1154	1028	844	935	1007	950	1097	1072	1105	1299
Lsm2_+_34981917.23-P1P2	Lsm2	964	1311	1137	725	496	607	800	652	524	581	640	704	656	560	802
Vegfb_-_6987340.23-P1P2	Vegfb	837	918	1071	552	415	633	590	484	483	472	439	444	553	471	531
Tmem184b_-_79403247.23-P1P2	Tmem184b	1455	1816	1836	973	642	905	1034	803	696	794	861	802	962	955	1018
Axin1_+_26138775.23-P1P2	Axin1	1582	2048	1986	1180	738	995	1082	1004	891	893	919	998	897	971	1124
Ngb_-_87102131.23-P1P2	Ngb	2086	2608	2960	1464	928	1301	1468	1224	1138	1182	1198	1265	1364	1300	1563
Chek2_-_110840048.23-P1P2	Chek2	1176	1394	1290	830	632	661	711	746	616	638	723	702	724	705	782
Trp53_-_69580446.23-P1P2	Trp53	734	875	1264	531	327	501	591	518	467	459	402	456	444	446	545
Chrm3_-_9878928.23-ENSMUST00000063093.9	Chrm3	1281	1554	1679	838	634	1000	932	758	735	745	692	828	832	769	1017
Nfkbia_+_55492309.23-P1P2	Nfkbia	814	852	659	525	338	432	473	507	399	432	481	533	622	453	570
Npc1_-_12236302.23-P1P2	Npc1	1380	1645	1599	1020	683	1025	960	802	784	729	746	845	880	854	984
Dnah11_+_118198865.23-P1P2	Dnah11	1769	2384	1550	1403	785	1122	1346	1101	980	942	951	1123	980	1127	1312
Rab8a_+_72161714.23-P1P2	Rab8a	822	1008	1330	576	365	461	579	531	445	484	497	551	519	521	547
Cd40_+_165055673.23-P1P2	Cd40	2195	2590	2460	1630	973	1331	1341	1259	988	1228	1292	1213	1386	1253	1625
Ang5_-_43957037.23-P1P2	Ang5	1206	1395	1447	840	556	852	783	741	711	642	666	735	687	694	840
Clcn2_+_20716067.23-P1	Clcn2_P1	1309	1694	1261	843	596	826	877	796	614	706	775	800	920	824	965
Nos1_-_117841978.23-P1P2	Nos1	1101	1249	1108	802	512	600	779	579	482	605	615	646	698	595	633
H2-M10.3_-_36368214.23-ENSMUST00000073546.3	H2-M10.3	1353	1510	1170	772	722	817	806	731	760	803	680	936	801	796	949
Atg7_-_114643164.23-P1P2	Atg7	975	1103	986	663	435	597	536	498	495	469	561	590	651	550	723
Scarb2_-_92505479.23-P1P2	Scarb2	1810	2333	2339	1321	852	1263	1126	1150	908	1082	1034	1018	1177	1158	1326
Cox6c_+_35938166.23-P1P2	Cox6c	2239	2626	3025	1536	958	1499	1585	1394	1182	1404	1381	1520	1565	1459	1666
Ppp3ca_+_136670155.23-P1P2	Ppp3ca	2859	3885	3144	2283	1191	1628	2158	1746	1431	1444	1551	1713	1742	1738	1937
Ntf3_-_126166687.23-P2	Ntf3_P2	1558	1759	2078	972	748	808	1035	840	728	842	985	856	949	860	1107
Gpx6_-_21312276.23-P1P2	Gpx6	1466	1905	2095	1078	678	968	1027	1063	714	898	894	998	962	984	1119
Echs1_-_140116398.23-P1P2	Echs1	1406	1726	1550	967	580	836	880	819	782	780	924	891	939	942	926
Nt5c2_-_46962286.23-P1P2	Nt5c2	1521	1850	1964	1202	698	960	990	951	666	867	769	931	966	1030	1096
Rho_+_115931975.23-P1P2	Rho	1248	1528	1223	931	563	699	816	928	769	629	699	724	872	790	867
Camk2a_+_60925656.23-P1P2	Camk2a	878	1040	1126	528	396	445	605	577	479	440	542	602	579	564	599
Mfn1_+_32529564.23-P1P2	Mfn1	1910	2346	2241	1261	730	1195	1143	1112	995	1109	1004	1245	1291	1071	1276
Pklr_-_89136177.23-P1P2	Pklr	978	1164	1155	681	466	628	565	617	530	572	511	520	623	610	663
Wnt4_-_137277565.23-P1P2	Wnt4	1710	2062	1859	1114	676	1103	1041	979	957	938	1015	906	1080	968	1117
Abcd1_+_73716795.23-P1P2	Abcd1	861	1100	917	588	391	576	557	495	446	526	511	579	558	503	647
Ndufs3_+_90904672.23-P1P2	Ndufs3	2601	3254	3207	1781	1152	1717	1867	1474	1272	1430	1390	1437	1581	1493	1727
Dnah10_+_124725180.23-P1P2	Dnah10	1548	1740	1593	1064	571	832	1053	853	670	778	812	863	828	863	1048
Atl1_-_69893290.23-P1P2	Atl1	1366	1571	1372	931	661	941	1060	898	895	715	767	940	799	810	902
H2-M10.4_-_36462296.23-ENSMUST00000057502.7,ENSMUST00000169950.1	H2-M10.4	2032	2547	2197	1363	971	1257	1317	1303	1017	1120	1090	1304	1272	1166	1327
Serpina1b_+_103828018.23-P1P2	Serpina1b	661	767	484	515	264	336	368	438	275	338	357	365	354	395	464
Vps37a_+_40511890.23-P1P2	Vps37a	1444	1685	1827	904	703	928	968	793	732	816	861	874	854	930	1024
Prps1l3_-_57230659.23-P1P2	Prps1l3	361	370	278	247	159	337	286	211	207	191	174	184	261	260	190
Hmgb1_+_149051418.23-P2	Hmgb1_P2	1109	1398	1354	815	525	693	790	673	637	594	604	702	718	635	855
Wnt3_+_103774274.23-P1P2	Wnt3	1029	1414	1377	789	517	635	781	664	541	602	606	580	583	606	791
Supt3_+_44777372.23-P1P2	Supt3	862	1082	1012	680	476	406	616	520	395	525	541	589	537	559	662
Tpp1_+_105751986.23-P1P2	Tpp1	1528	1873	1653	1096	604	932	960	838	793	855	821	829	872	847	892
Gigyf2_-_87327062.23-P1P2	Gigyf2	923	999	978	630	405	434	521	584	510	501	482	579	513	528	662
Ppt1_+_122836265.23-P1P2	Ppt1	2224	2606	2606	1567	840	1301	1520	1360	1242	1323	1229	1272	1334	1332	1501
Map3k11_+_5688956.23-P2	Map3k11_P2	2169	2688	2352	1496	1042	1438	1365	1274	1269	1258	1247	1385	1339	1234	1549
Cpt1c_+_44974752.23-P1P2	Cpt1c	740	899	1155	533	439	432	567	484	381	493	518	529	556	422	506
Ampd2_-_108086371.23-P1	Ampd2_P1	1096	1138	1443	661	500	742	672	697	519	572	564	709	733	598	799
Uba5_+_104063058.23-P1P2	Uba5	1601	1948	1895	1167	692	884	1078	962	795	811	798	898	738	863	1028
Il18_+_50554929.23-P1P2	Il18	1548	1708	1919	931	678	921	1113	935	799	772	783	833	797	842	1045
Sqstm1_+_50202808.23-P2	Sqstm1_P2	954	1216	1070	707	452	499	656	533	519	569	623	542	629	584	700
Ucp2_-_100493402.23-P1	Ucp2_P1	1518	1803	1742	1090	587	1025	985	1002	848	838	783	846	969	912	874
Dio2_-_90738669.23-P1P2	Dio2	1810	2194	2172	1208	768	932	1132	1032	760	976	964	1149	1199	1117	1414
Tubb2b_-_34130331.23-P1P2	Tubb2b	1230	1484	1401	740	540	836	842	704	812	670	645	753	798	662	932
Sds_+_120476522.23-P1P2	Sds	1417	1881	1817	1078	717	906	1003	927	769	825	827	894	965	948	986
Sox2_+_34650085.23-P1P2	Sox2	873	1118	1117	750	434	592	631	555	394	471	507	571	500	557	631
Afg3l2_-_67448931.23-P1P2	Afg3l2	1976	2497	2392	1340	832	1264	1286	1285	1072	824	809	1066	955	977	1172
Apoe_+_19699036.23-P1P2	Apoe	739	838	819	570	327	456	495	385	411	391	434	521	511	432	587
Pax6_+_105668949.23-P1	Pax6_P1	1241	1640	1117	1050	677	714	872	830	692	734	766	781	865	864	821
Hras_-_141193721.23-P1P2	Hras	2068	2388	2400	1287	857	1238	1146	1376	885	1079	1128	1202	1222	1151	1163
Hnrnpdl_-_100038643.23-P1P2	Hnrnpdl	1708	2195	2204	1115	733	1101	1205	1070	708	916	1043	1080	878	1025	1226
non-targeting_03178	non-targeting	1107	1396	1228	761	491	657	854	604	626	577	704	681	750	707	807
Cxcr4_+_128592228.23-P1P2	Cxcr4	1127	1424	1234	856	501	863	863	740	804	617	741	724	765	685	811
Atg13_-_91710570.23-P1P2	Atg13	1867	2325	2117	1236	725	1132	1256	1088	1095	1227	1080	1103	1264	1163	1333
Ube2g2_-_77622349.23-P1P2	Ube2g2	1890	2376	2056	1440	938	1248	1272	1113	926	1056	985	1191	1380	1196	1352
Zfp629_+_127615173.23-P1P2	Zfp629	1794	2353	2284	1443	992	1166	1186	1126	954	1156	1077	1150	1198	1223	1414
Tgm2_-_158146333.23-P1P2	Tgm2	1961	2309	1936	1222	817	1158	1336	1036	990	1224	1145	1210	1327	1145	1389
Lrriq3_+_155093588.23-P1P2	Lrriq3	2629	3208	3304	1754	1332	1619	1697	1674	1402	1564	1472	1490	1586	1611	2074
Zbtb20_-_43621307.23-P1P2	Zbtb20	1068	1336	1213	707	496	569	685	626	606	637	662	687	770	675	798
Grin2c_+_115267060.23-P1P2	Grin2c	1144	1510	1639	810	573	684	675	706	534	597	653	652	745	739	736
Hk1_-_62340088.23-P1P2	Hk1	1870	2233	2236	1147	838	1288	1195	1007	908	1025	1095	1149	1245	1062	1313
Psma7_-_180042395.23-P1P2	Psma7	1207	1493	1526	736	636	693	897	757	668	610	611	723	754	569	882
Tbcd_-_121452206.23-P1P2	Tbcd	2061	2442	1842	1278	831	1130	1266	1141	969	1051	1101	1245	1192	1209	1380
Klk6_-_43824625.23-P1P2	Klk6	927	1125	1135	663	417	680	619	523	505	493	578	535	578	519	689
Dnajc10_-_80315778.23-P1P2	Dnajc10	1856	2124	1937	1296	764	928	1033	1078	1022	872	938	984	1027	1044	1272
Unc80_-_66467960.23-P1P2	Unc80	723	838	1073	452	327	486	492	415	317	430	385	455	406	507	445
Nos1_+_117841895.23-P1P2	Nos1	2104	2508	2488	1423	930	1261	1373	1132	1183	1193	1386	1314	1402	1284	1464
Hes3_+_152291378.23-P1P2	Hes3	799	1069	1306	564	380	585	530	477	525	456	466	496	537	549	664
Dnah8_-_30624395.23-ENSMUST00000170651.1	Dnah8	1716	2188	1678	1262	693	1212	1152	1024	929	1128	1127	1090	1211	1130	1348
Ogdh_-_6291653.23-P1P2	Ogdh	2271	2954	2240	1564	1071	1411	1487	1342	1123	1190	1373	1436	1302	1344	1695
Sirt3_+_140881736.23-P1P2	Sirt3	2198	2652	2325	1558	835	1422	1346	1473	1280	1189	1144	1289	1284	1246	1508
Tsen2_-_115544999.23-P1P2	Tsen2	1684	1873	1654	1026	656	957	898	868	655	786	653	837	725	917	981
Grid2_+_63256022.23-P1P2	Grid2	1275	1521	1308	880	697	839	861	792	764	813	790	938	830	810	1087
Cdc42_+_137357658.23-P1P2	Cdc42	1108	1446	1189	724	456	676	708	710	665	633	643	705	650	718	869
Hnrnpa2b1_-_51469826.23-P1P2	Hnrnpa2b1	1343	1672	1542	844	541	858	852	901	681	711	706	780	807	823	901
Sptlc1_+_53377336.23-P1P2	Sptlc1	1552	1986	1512	1063	730	1100	1134	883	826	828	862	961	922	944	1087
Prdm12_+_31639815.23-P1P2	Prdm12	407	530	758	275	200	251	286	255	254	236	265	286	270	283	295
Cyc1_-_76343542.23-P1P2	Cyc1	1506	1794	1674	1010	696	991	877	981	722	766	955	930	1086	901	1037
Emc1_-_139352642.23-P1P2	Emc1	2271	2615	2416	1736	1017	1460	1454	1400	1143	1251	1358	1284	1291	1307	1545
H2-M11_+_36547132.23-ENSMUST00000041964.6	H2-M11	2221	2724	2585	1600	1076	1343	1525	1521	1181	1302	1293	1470	1524	1321	1657
Serpina1c_+_103904938.23-P1P2	Serpina1c	1763	2315	2215	1254	810	1102	1317	1320	909	1027	1023	1170	1286	1106	1403
Cxcr4_-_128592243.23-P1P2	Cxcr4	1488	2031	2058	1051	644	1131	963	974	780	789	929	865	958	1000	1056
Slc1a1_-_28835132.23-P1P2	Slc1a1	1076	1257	1450	687	467	645	550	606	517	503	472	652	587	556	768
Gsr_+_33653648.23-P1P2	Gsr	1310	1643	1448	926	452	869	889	746	886	827	716	801	922	810	922
Tgm6_+_130123346.23-P1P2	Tgm6	1487	1778	1618	1057	762	826	1045	870	676	835	757	927	1024	854	1104
Spg7_-_123065731.23-P1P2	Spg7	1628	2053	2006	1078	750	936	1140	925	917	881	831	931	1087	984	1313
Cyp2d11_-_82394046.23-ENSMUST00000170255.1	Cyp2d11	984	1280	1471	757	557	538	723	701	604	573	688	734	532	597	635
Wnt5a_+_28504600.23-P2	Wnt5a_P2	999	1230	967	668	335	713	630	630	574	494	605	696	587	625	858
Ung_+_114131296.23-P1P2	Ung	1745	2041	1613	1195	755	1042	934	1022	836	877	1017	1036	1018	1071	1076
Tubb4b_-_25224403.23-P1P2	Tubb4b	931	1214	1635	667	472	555	666	600	639	484	569	622	585	553	753
Bcl2_+_106714185.23-P1P2	Bcl2	2156	2513	2543	1568	1008	1388	1513	1272	1012	1230	1149	1332	1391	1270	1546
Pde8b_+_95250248.23-P1	Pde8b_P1	1110	1466	1465	798	537	805	765	719	570	640	682	685	845	695	788
Mfn1_-_32529543.23-P1P2	Mfn1	1688	2168	1605	1097	739	1129	1153	1052	846	951	1074	1012	1120	996	1207
Keap1_-_21239265.23-P1P2	Keap1	875	1099	1276	574	461	533	551	477	362	541	369	516	653	586	628
Ppp2r2b_-_43059389.23-ENSMUST00000025377.7	Ppp2r2b	1459	1905	1454	1107	736	1121	1123	931	797	766	874	1003	900	955	1215
Clcn2_+_20716018.23-P1	Clcn2_P1	708	876	635	431	359	499	448	397	407	418	403	492	480	428	624
Vamp1_+_125215588.23-P1	Vamp1_P1	1378	1726	2029	1057	679	955	984	838	641	862	756	855	968	861	1034
non-targeting_03491	non-targeting	1354	1565	1757	956	543	810	869	783	666	801	779	954	898	914	1030
Kpna3_-_61439660.23-P1P2	Kpna3	2334	2571	2032	1533	975	1369	1420	1380	1178	1250	1256	1458	1460	1317	1659
Npc2_+_84772907.23-P1P2	Npc2	2261	2890	2711	1638	1026	1310	1464	1289	1087	1341	1222	1320	1460	1349	1668
Sirt7_+_120624955.23-P1P2	Sirt7	1054	1249	1041	779	434	656	675	554	501	525	617	680	663	620	713
Ramp2_+_101246476.23-P1P2	Ramp2	793	981	887	531	318	553	417	460	391	456	389	439	495	481	543
Erbb2_+_98412552.23-P1P2	Erbb2	1309	1564	1414	871	686	887	865	750	746	688	747	815	840	751	903
Serpina3m_-_104387455.23-P1P2	Serpina3m	1703	2190	2157	1145	719	1077	1138	1011	807	967	978	1177	1115	1034	1250
Cyp2u1_+_131303140.23-P1P2	Cyp2u1	1339	1538	1547	1016	499	789	948	787	725	784	765	855	913	801	923
Ano10_-_122294370.23-P1P2	Ano10	1172	1456	1268	719	508	662	703	675	577	667	648	771	775	717	814
Atp2a3_+_72961226.23-P1P2	Atp2a3	2280	3106	3365	1666	1048	1644	1458	1398	1294	1365	1370	1605	1448	1443	1853
Sbf1_+_89315215.23-P1P2	Sbf1	1143	1553	1451	874	582	699	855	709	609	687	766	719	786	756	791
Dnajc5_+_181520573.23-P1P2	Dnajc5	1593	2003	1487	1095	643	1024	914	826	773	914	932	987	969	1019	1139
Pcna_+_132253171.23-P1P2	Pcna	1197	1448	1155	651	399	648	431	593	334	441	430	469	423	527	658
Blvra_-_127070693.23-P1	Blvra_P1	1492	1815	1537	1054	733	1005	1105	1045	798	817	874	967	900	957	1083
Srr_+_74925641.23-P1P2	Srr	2218	2628	2633	1225	1013	1175	1430	1314	1021	1083	1068	1166	1140	1239	1399
Als2_-_59237059.23-P1P2	Als2	952	1230	1193	549	471	574	556	642	401	509	505	559	676	647	583
Csnk2a2_-_95488778.23-P1P2	Csnk2a2	2453	3048	2788	1741	1213	1700	1633	1599	1426	1396	1492	1702	1647	1557	1848
Cacna1d_+_30353465.23-P1P2	Cacna1d	1924	2201	3032	1254	815	1113	1215	1067	955	1016	1057	985	1113	1070	1188
Becn1_+_101302212.23-P1P2	Becn1	1754	2233	1845	1027	771	1081	1035	830	686	861	766	915	840	928	1027
Prickle1_+_93595878.23-P1	Prickle1_P1	2208	2646	2127	1466	854	1380	1382	1234	972	1170	1291	1345	1341	1333	1416
Aptx_-_40702954.23-P1P2	Aptx	1871	2325	2552	1132	857	1180	1278	1090	992	1016	1130	1076	1271	1133	1393
Rab7_+_88045180.23-P1P2	Rab7	976	1221	870	641	383	542	605	535	388	431	500	574	618	523	591
Il18_+_50554885.23-P1P2	Il18	1466	1761	1580	984	677	1017	1011	810	799	736	782	973	811	843	1038
Mme_-_63296222.23-P2	Mme_P2	2399	3036	2848	1610	1157	1509	1665	1496	1373	1137	1400	1462	1586	1338	1772
Atrip_+_109074087.23-P1P2	Atrip	1574	1969	1567	1114	615	928	1026	916	941	881	884	991	974	962	1144
Atn1_+_124756647.23-P1P2	Atn1	1168	1475	838	873	487	760	689	747	672	630	694	695	705	777	904
Apod_+_31314587.23-P1P2	Apod	2356	3022	2745	1749	1118	1529	1691	1493	1252	1310	1414	1523	1534	1547	1706
Atp2a3_+_72961214.23-P1P2	Atp2a3	1561	2022	1784	1035	814	1015	1104	961	926	992	893	999	1014	944	1136
Aqp1_-_55336643.23-P1P2	Aqp1	705	865	1137	468	281	442	485	387	343	401	420	424	398	428	440
Tfam_+_71238009.23-P1P2	Tfam	2883	3788	3035	2258	1451	2058	2284	1753	1834	1570	1807	1660	2065	1969	2480
Maoa_-_16619904.23-P1P2	Maoa	1077	1321	1295	785	501	677	695	640	533	485	654	585	739	658	750
Exosc3_+_45320614.23-P1P2	Exosc3	1750	2166	2076	1237	802	1040	1104	1131	892	946	986	977	1110	1051	1250
Cox7b_-_106015887.23-P1P2	Cox7b	1062	1347	1331	700	515	710	647	659	446	579	718	682	685	707	692
Gch1_-_47189367.23-P1P2	Gch1	1394	1677	1250	975	696	840	1010	876	704	779	768	864	881	818	917
Mgst1_+_138140623.23-P1P2	Mgst1	1226	1405	1384	803	462	624	732	647	531	660	681	696	779	752	895
Map1b_+_99516527.23-P1P2	Map1b	975	1235	1550	639	420	569	628	600	506	528	638	627	659	640	706
Map2k6_+_110399151.23-P1P2	Map2k6	1940	2356	2354	1281	840	1263	1217	1197	931	1236	1072	1240	1398	1249	1393
Lmx1b_-_33640812.23-P1P2	Lmx1b	1053	1271	1397	809	530	579	809	784	593	628	641	660	658	699	758
Fam83e_+_45721249.23-P1P2	Fam83e	1754	2226	1630	1206	800	1296	1269	1152	954	925	1004	1035	1162	1083	1177
Atxn2l_-_126503338.23-P1P2	Atxn2l	1033	1357	1523	724	502	636	770	608	553	670	628	765	730	629	746
Araf_-_20848564.23-P1P2	Araf	2782	3241	3063	1894	1223	1601	1674	1550	1234	1452	1633	1590	1673	1588	1918
Pik3cb_-_99140144.23-P1P2	Pik3cb	2116	2832	2926	1612	1067	1482	1619	1477	1466	1257	1331	1379	1396	1288	1639
Tmem106b_+_13069899.23-P1P2	Tmem106b	1406	1825	1758	1071	630	694	1001	800	681	852	829	909	824	830	979
Actb_-_142906660.23-P1	Actb_P1	1739	2523	2347	1265	819	1150	1298	1064	928	1044	1035	1206	1158	1100	1424
Dntt_+_41029436.23-P1P2	Dntt	1327	1482	1622	947	570	908	907	671	723	746	720	808	834	885	829
Rreb1_-_37826085.23-P1P2	Rreb1	3045	3731	2991	2341	1506	2114	2050	1819	1582	1873	1680	1951	1736	1899	2216
Serpinf1_+_75422454.23-P1P2	Serpinf1	1285	1516	1383	809	678	719	897	835	646	766	773	866	942	849	1021
Mmp3_+_7445863.23-P1P2	Mmp3	996	1322	1184	666	407	682	664	734	597	590	522	699	612	624	756
Bcl11b_-_108004065.23-P1P2	Bcl11b	1977	2509	2415	1522	885	1121	1287	1118	1100	1033	967	1176	1204	1169	1344
Nop56_+_130274471.23-P1P2	Nop56	1381	1795	1742	1146	551	927	957	963	788	709	766	904	791	774	918
Lamc2_-_153186170.23-P1P2	Lamc2	1615	1954	2386	1148	678	945	1063	917	741	775	765	980	943	922	1087
Neurod1_+_79456630.23-P1P2	Neurod1	1228	1470	1299	740	437	653	818	678	699	612	682	570	734	735	791
Txn2_+_77928965.23-P1	Txn2_P1	1806	1946	2179	1265	784	1130	1049	1088	978	1024	995	1087	1157	951	1187
Gcdh_+_84893720.23-P1P2	Gcdh	1340	1822	1652	908	626	888	1161	832	821	693	840	903	973	796	992
Slc11a2_+_100422972.23-P1	Slc11a2_P1	2225	2591	3237	1514	1094	1510	1444	1365	1051	1146	1195	1257	1410	1266	1547
Cox7b2_+_71548152.23-P1P2	Cox7b2	1989	2536	2748	1368	1000	1429	1357	1350	982	1162	1112	1324	1425	1225	1425
Rpgr_-_10216746.23-P1P2	Rpgr	1200	1430	1906	894	526	825	788	713	564	760	691	847	755	796	899
Mrpl3_-_105053302.23-P1P2	Mrpl3	700	938	1150	437	377	517	452	428	333	424	434	485	523	428	513
Sqstm1_-_50202980.23-P2	Sqstm1_P2	1249	1636	1477	964	650	762	912	686	620	718	709	835	721	741	862
Tubb1_-_174450731.23-P1P2	Tubb1	611	765	784	406	256	373	379	380	391	322	358	400	341	408	477
Cycs_+_50566575.23-P1P2	Cycs	1383	1657	991	1008	458	803	970	803	535	663	639	787	679	753	897
Wnt2_-_18030329.23-P1P2	Wnt2	1169	1525	1224	721	555	576	776	705	566	666	698	633	780	717	779
Itpr2_-_146501982.23-P1P2	Itpr2	823	1071	820	570	404	541	542	543	542	438	397	533	538	492	506
Trim2_+_84220515.23-P1	Trim2_P1	2217	2652	3005	1562	1087	1485	1433	1319	1192	1209	1328	1274	1478	1417	1489
Snx27_+_94582490.23-P1P2	Snx27	1323	1613	1293	896	571	772	812	798	700	692	736	810	771	767	975
Plcb2_-_118728347.23-P1P2	Plcb2	1080	1230	1206	713	530	784	667	600	380	522	591	671	653	630	771
Gstm6_-_107943480.23-P1P2	Gstm6	1833	2303	2479	1292	693	1154	1239	1165	875	1181	1145	1148	1214	1245	1356
Hsd17b10_+_152001878.23-P1P2	Hsd17b10	1249	1436	1371	766	519	684	763	760	605	684	698	666	764	655	782
Pnp_-_50944540.23-P1P2	Pnp	2685	3464	2512	1677	1191	1524	1681	1650	1323	1611	1563	1691	1887	1793	2010
Dnajc3_+_118937963.23-P1P2	Dnajc3	1204	1567	1490	913	597	855	788	790	788	674	730	763	866	865	885
Tnfrsf1b_+_145246821.23-P1P2	Tnfrsf1b	1532	1973	1852	1093	843	1136	1199	1059	864	930	995	936	1001	942	1076
Khdrbs1_+_129742267.23-P1P2	Khdrbs1	977	1229	1106	656	416	584	683	600	573	601	523	596	599	555	681
Txn1_+_57956016.23-P1P2	Txn1	3002	3281	4165	2055	1348	1744	1746	1550	1316	1618	1651	1698	1832	1803	1975
Dnm2_-_21424959.23-P1P2	Dnm2	1470	1831	1841	1134	537	862	1073	883	819	915	827	882	961	933	995
Hcrt_+_100762921.23-P1P2	Hcrt	1068	1408	1758	745	425	711	678	645	549	718	711	788	834	712	824
Ripk1_-_34002433.23-P1P2	Ripk1	1832	2232	1544	1232	864	1052	1123	1115	1014	877	934	1111	1223	1084	1224
Tuba1a_-_98953489.23-P1P2	Tuba1a	2957	3424	3324	2021	1316	1775	1936	1668	1330	1727	1695	1629	1791	1726	1962
non-targeting_04174	non-targeting	875	1054	901	635	428	571	557	588	541	492	561	565	579	557	702
Psmd7_-_107588420.23-P1P2	Psmd7	2287	2956	3743	1849	1119	1527	1697	1508	1340	1294	1435	1461	1450	1432	1668
Ppp3r2_-_49681990.23-P1P2	Ppp3r2	1195	1430	1463	799	449	732	659	726	521	616	663	664	731	662	800
Slc44a1_+_53440525.23-P1P2	Slc44a1	1569	1913	1630	1177	724	974	1071	956	742	985	1022	1151	1153	987	1169
Dctn1_+_83166185.23-P1P2	Dctn1	1715	2047	2092	1178	644	1064	1003	1151	777	1013	1002	993	1270	1178	1227
Cln3_+_126583363.23-P1P2	Cln3	678	784	918	492	325	286	383	377	404	420	403	445	529	396	483
Map2k7_+_4238856.23-P1P2	Map2k7	1830	2149	1921	1275	843	1083	1174	1279	1056	1083	1104	1117	1097	1022	1258
Ctrl_+_105933769.23-P1P2	Ctrl	1521	1944	1450	1215	728	1029	1136	971	693	877	955	988	883	1005	1121
Htra2_+_83054434.23-P1P2	Htra2	850	908	853	546	371	460	477	495	392	394	406	533	536	444	548
Ak4_+_101419714.23-P1P2	Ak4	1315	1617	1346	895	713	843	871	968	678	747	752	808	820	726	918
Atp5g3_-_73911259.23-P1P2	Atp5g3	846	1020	924	617	346	555	586	509	447	435	523	504	544	442	670
Pdyn_-_129699756.23-P1P2	Pdyn	1409	1736	1467	1037	686	909	1019	930	762	855	736	922	1008	801	1095
Mtpap_+_4375613.23-P1P2	Mtpap	1698	2023	1551	1253	766	1039	1085	915	746	893	918	994	1019	1023	1098
Fzd5_-_64737710.23-P1P2	Fzd5	1329	1776	1707	1088	678	762	906	935	674	848	773	891	860	857	910
Zfyve27_-_42170613.23-P1P2	Zfyve27	1695	1951	1795	1231	738	1030	1062	897	881	914	995	964	993	1048	1143
Trpm2_+_77969761.23-P1P2	Trpm2	1195	1471	1810	872	548	802	690	706	638	673	693	737	765	681	782
Nedd4_+_72662460.23-P1P2	Nedd4	1136	1322	1262	733	467	621	676	613	541	589	643	565	617	632	726
non-targeting_02745	non-targeting	1329	1683	1627	975	605	865	919	863	641	747	865	817	816	963	944
Serpina3n_-_104406723.23-P1P2	Serpina3n	1307	1633	1520	896	482	733	873	868	769	804	791	754	848	856	1101
Psmc3_-_91054331.23-P1P2	Psmc3	991	1264	1215	604	401	531	477	549	379	467	479	572	443	509	655
Polr3b_+_84622392.23-P1P2	Polr3b	1376	1786	1743	787	585	742	788	742	518	627	475	701	687	667	834
Ppp5c_+_17027611.23-P1P2	Ppp5c	1434	1794	1893	945	728	654	996	889	659	807	914	964	928	917	1097
Psmc6_-_45329868.23-P1P2	Psmc6	1741	2095	1777	1055	603	1038	952	988	759	880	859	949	906	900	1088
Wnt10b_+_98778521.23-P1P2	Wnt10b	1914	2338	2218	1340	775	1229	1169	1209	989	1097	1110	1103	1405	1166	1474
Oxr1_+_41789530.23-ENSMUST00000090095.5,ENSMUST00000022918.7	Oxr1	1826	2233	1928	1421	921	1146	1156	1072	993	1125	1030	944	1225	1182	1319
Folr1_+_101870552.23-P1	Folr1_P1	1920	2327	2267	1352	791	1155	1333	1126	1105	1096	1133	1133	1319	1200	1367
H2-M10.5_+_36773111.23-ENSMUST00000041531.6	H2-M10.5	1274	1627	1653	895	576	813	802	897	783	680	864	821	866	814	886
Rpgrip1_-_52110943.23-P1P2	Rpgrip1	1230	1584	1446	913	532	778	854	801	706	645	651	814	735	734	952
Litaf_+_10993025.23-P1P2	Litaf	2553	3086	3053	1751	1097	1687	1524	1527	1390	1505	1543	1608	1707	1465	1741
Cox7c_-_86046789.23-P1P2	Cox7c	1110	1396	1395	716	545	802	704	708	661	714	732	715	741	751	772
App_+_85173690.23-P1P2	App	1188	1357	1468	739	624	737	848	795	753	660	673	817	650	676	767
Pno1_+_17211482.23-P1P2	Pno1	1318	1438	964	797	759	768	759	708	628	663	704	785	786	818	908
Apc_-_34220930.23-P1	Apc_P1	1646	2101	1937	1274	828	1127	1015	1212	950	889	920	1068	982	1004	1141
Chat_-_32465811.23-P2	Chat_P2	531	721	467	427	257	334	350	416	330	273	344	329	336	357	395
Ndufa9_-_126849104.23-P1P2	Ndufa9	1234	1575	1666	891	661	959	961	857	648	803	786	732	915	749	1038
Stmn1_-_134468433.23-P1	Stmn1_P1	1573	1808	2281	1100	720	1027	1057	924	937	961	988	997	1052	925	1152
Dio2_-_90738804.23-P1P2	Dio2	974	1158	1287	706	397	646	759	673	493	624	604	644	599	597	732
Acox1_+_116198777.23-P1P2	Acox1	1458	1625	1846	935	598	804	838	867	637	811	832	779	967	821	926
Dnah9_-_66168279.23-P1P2	Dnah9	1161	1545	1202	714	548	784	797	752	602	643	606	600	844	714	836
Slc52a3_-_151999953.23-P2	Slc52a3_P2	1459	1812	1570	1023	665	928	851	869	718	875	756	853	853	795	986
Cd44_-_102901415.23-P1P2	Cd44	739	867	723	527	315	439	452	532	359	427	444	435	513	410	492
Lep_-_29060253.23-P1P2	Lep	1017	1334	1018	680	485	696	799	646	624	581	628	642	661	634	739
Fzd6_-_39006380.23-P1P2	Fzd6	2274	2839	2812	1585	1041	1444	1551	1436	1246	1349	1281	1369	1477	1286	1626
Polr3k_-_181864446.23-P1P2	Polr3k	2358	3097	2305	1305	752	1041	1156	1099	819	791	739	1041	824	1064	1262
Crp_+_172698102.23-P1P2	Crp	1037	1306	1101	828	565	703	708	641	640	585	525	644	737	660	729
Pomc_-_3954956.23-P1P2	Pomc	1073	1266	1669	810	522	762	728	640	549	633	607	644	685	624	701
Ppif_+_25694208.23-P1P2	Ppif	2285	2728	2406	1443	1019	1396	1313	1332	1158	1317	1319	1315	1403	1369	1513
Mpv17_+_31154213.23-P1P2	Mpv17	2371	2945	2674	1664	1123	1540	1527	1359	1124	1356	1376	1427	1443	1329	1622
Sirt4_-_115484357.23-P1P2	Sirt4	1440	1902	2054	1047	664	907	1139	1040	842	793	948	963	1027	906	1066
Gpx4_+_80053651.23-P1P2	Gpx4	1999	2336	2108	1058	760	999	861	1066	740	885	711	1018	786	922	972
Kidins220_-_24975155.23-P1P2	Kidins220	1818	2374	2079	1174	780	1140	1171	1088	877	1122	1249	1102	1239	1037	1239
Gdnf_-_7811124.23-P1P2	Gdnf	1784	2192	2169	1205	880	1169	1192	1070	934	999	920	1122	1067	1257	1267
Eif2b2_-_85219558.23-P1P2	Eif2b2	1833	2361	1927	1100	714	968	888	871	696	812	725	950	899	920	1067
Hk1_-_62340158.23-P1P2	Hk1	808	965	659	531	363	389	598	588	405	431	363	460	424	485	625
Ak4_-_101419560.23-P1P2	Ak4	1718	2069	1906	1258	686	1042	1023	989	784	1016	973	1029	1273	1144	1222
Wnt8b_+_44493517.23-P1P2	Wnt8b	2046	2425	2215	1434	1011	1416	1364	1134	994	1050	1079	1096	1275	1228	1305
Map2k7_-_4238873.23-P1P2	Map2k7	1187	1538	1339	961	546	749	870	700	577	658	637	853	698	686	810
Snca_+_60829674.23-P1P2	Snca	1384	1635	1748	873	633	833	929	826	757	819	690	908	945	837	1122
Hmbs_+_44344147.23-P2	Hmbs_P2	2111	2479	2608	1505	968	1238	1430	1227	954	1235	1217	1271	1434	1176	1483
Anxa5_-_36475632.23-P1P2	Anxa5	1596	2125	1919	1203	682	1098	1188	1028	910	830	927	938	1017	979	1230
Wnt3_+_103774251.23-P1P2	Wnt3	850	899	865	560	360	448	510	448	366	435	508	486	527	464	550
Chchd10_+_75935955.23-P1P2	Chchd10	1830	2089	1875	1256	816	1162	1167	1046	828	977	980	1111	1182	1131	1500
Kat2b_+_53567044.23-P1P2	Kat2b	1455	1761	1978	1051	610	998	1030	937	747	897	851	884	970	943	955
Prkca_-_108343647.23-P1P2	Prkca	1603	1875	1988	1015	779	1064	1018	821	707	953	999	902	1073	922	1214
Nr1h2_+_44553506.23-P1P2	Nr1h2	1903	2400	2326	1445	989	1469	1196	1180	939	1173	1064	1271	1336	1288	1404
Kcnc3_+_44590951.23-ENSMUST00000107906.3	Kcnc3	2370	3026	3032	1749	1079	1423	1627	1462	1345	1467	1497	1429	1507	1578	1776
Smpd1_-_105554477.23-P1P2	Smpd1	835	1087	900	565	372	411	647	496	446	417	461	569	553	521	658
Btn1a1_+_23465850.23-P1P2	Btn1a1	1047	1261	1537	780	574	791	627	747	675	582	583	600	651	649	703
Gpx4_+_80053929.23-P1P2	Gpx4	1991	2330	2211	1179	824	992	1276	1008	727	882	848	1026	864	1013	1155
Cox7b_+_106015985.23-P1P2	Cox7b	1653	2068	1610	1060	713	907	1060	914	716	947	869	1065	942	935	1203
Sgsm3_-_80977872.23-P1P2	Sgsm3	1290	1674	1212	859	588	828	749	778	600	662	752	746	919	752	882
Clcc1_-_108654242.23-P1P2	Clcc1	2426	2851	2825	1731	1143	1439	1625	1539	1366	1400	1426	1472	1484	1338	1805
Adora1_-_134234785.23-P1P2	Adora1	1559	1982	1880	1175	661	995	1152	995	741	819	980	1003	1138	939	1174
Dstyk_-_132417663.23-P1P2	Dstyk	1720	2228	1870	1175	786	984	989	949	769	899	916	972	810	991	1090
Wnt4_-_137277500.23-P1P2	Wnt4	1224	1493	1735	941	473	759	774	781	714	572	648	776	848	733	889
Lcn2_+_32387722.23-P1P2	Lcn2	1869	2453	2170	1466	871	1168	1305	1154	1065	991	1136	1253	1167	1240	1359
Glul_-_153899959.23-P1P2	Glul	1294	1600	1750	867	555	809	796	738	630	781	705	735	745	728	1049
Ucp2_+_100493444.23-P1	Ucp2_P1	1531	1887	2143	1085	786	1125	924	948	806	903	968	922	986	987	1156
Slc1a3_-_8710385.23-P1P2	Slc1a3	1831	2364	2025	1395	754	1253	1299	1201	1017	1003	1091	1067	1049	1182	1359
Calm1_-_100199535.23-P1P2	Calm1	1693	2082	1796	1095	653	868	1075	1049	807	902	928	1016	1041	976	1107
Ryr3_+_113217036.23-P1P2	Ryr3	1322	1630	1093	867	589	841	934	767	847	755	714	785	847	738	938
Ube2j2_-_155943902.23-P1P2	Ube2j2	2023	2528	2382	1337	952	1383	1243	1362	1077	1172	1162	1356	1304	1258	1443
Oxr1_-_41449141.23-ENSMUST00000179393.1	Oxr1	1110	1404	1210	667	524	729	675	683	584	578	598	698	720	668	817
Cisd2_+_135423210.23-P1P2	Cisd2	1940	2311	2266	1298	787	1224	1235	1054	905	1091	986	1080	1066	1178	1335
Cacna1f_+_7607371.23-P1P2	Cacna1f	1041	1258	1121	759	593	586	744	550	624	549	589	635	584	497	727
Pno1_-_17211527.23-P1P2	Pno1	1371	1588	1578	972	660	865	1002	770	679	686	775	792	822	783	988
Fzd6_+_39006350.23-P1P2	Fzd6	3909	4923	4455	3138	1763	2504	2526	2435	2024	2274	2290	2385	2442	2439	2831
Zfyve27_+_42170631.23-P1P2	Zfyve27	1738	1901	2113	1254	694	1066	1040	1144	939	828	1055	1152	1059	944	1307
Dctn3_+_41723103.23-P1P2	Dctn3	1238	1485	1481	938	549	844	647	765	595	629	696	771	635	732	845
Klf4_+_55532465.23-P1P2	Klf4	1051	1370	1510	898	576	757	746	673	519	711	660	702	788	583	853
Ccr2_+_124102169.23-P1P2	Ccr2	884	974	1611	579	462	566	622	585	450	462	536	513	502	538	600
Calm2_+_87446834.23-ENSMUST00000040440.6	Calm2	2211	2572	2192	1373	973	1322	1228	1150	1019	1153	1156	1420	1322	1294	1442
Kcnma1_+_23803231.23-ENSMUST00000172099.2,ENSMUST00000074983.6	Kcnma1	1279	1482	1573	863	563	699	902	846	809	631	721	748	811	756	833
Sod1_-_90220795.23-P1P2	Sod1	1774	2132	1805	1265	849	1177	981	969	972	956	1019	1065	1068	1083	1173
Sod1_-_90220778.23-P1P2	Sod1	2479	2809	2846	1735	977	1454	1525	1542	1127	1236	1411	1408	1527	1353	1654
Uqcrq_+_53430767.23-P1P2	Uqcrq	1444	1882	1577	1089	576	878	989	841	785	617	777	845	834	729	966
Serpina3a_+_104113015.23-P1P2	Serpina3a	1378	1640	1316	979	603	903	929	785	737	749	740	775	865	805	872
Kras_+_145250232.23-P1P2	Kras	2327	2700	2521	1666	1008	1218	1451	1205	1083	1165	1242	1253	1430	1364	1518
Fig4_-_41303035.23-P1P2	Fig4	1980	2587	2375	1315	887	1369	1225	1308	902	1120	1148	1120	1316	1254	1401
Rpgrip1_+_52110974.23-P1P2	Rpgrip1	1415	1655	1073	1108	655	966	957	922	701	649	726	870	765	861	1032
Mme_-_63296256.23-P2	Mme_P2	1160	1254	1367	754	451	666	641	663	533	614	613	729	700	741	676
Pi4ka_+_17405847.23-P1P2	Pi4ka	1730	2099	1925	1129	759	985	1103	1017	941	936	973	1095	1084	1206	1283
Sucla2_-_73552810.23-P1P2	Sucla2	1659	2093	2212	1198	733	1060	1101	1087	985	909	1011	1054	1109	1054	1299
Nlrp3_-_59542710.23-P2	Nlrp3_P2	965	1178	770	572	426	706	643	528	556	585	653	575	672	612	686
Dstyk_+_132417384.23-P1P2	Dstyk	2244	2693	2356	1470	1018	1241	1413	1263	1135	1159	1122	1214	1266	1199	1402
Pla2g6_+_79328114.23-P1P2	Pla2g6	1542	2052	1699	1169	747	982	1060	947	856	894	948	967	877	939	1159
Inf2_-_112588846.23-P1	Inf2_P1	1025	1226	1280	690	499	752	726	608	734	583	563	614	683	692	706
Hspb2_+_50752309.23-P1P2	Hspb2	1781	2405	2418	1296	796	1133	1348	984	952	1012	1046	1086	1061	1076	1328
Cstb_+_78425786.23-P1P2	Cstb	1126	1444	1558	801	529	736	762	692	528	636	479	673	574	581	785
Blvra_+_127080575.23-P2	Blvra_P2	1538	1942	1772	1026	673	879	1047	892	764	858	887	856	933	941	983
Tnr_-_159737537.23-ENSMUST00000111669.3	Tnr	1231	1345	890	837	554	811	673	700	771	631	693	642	682	736	815
Tiparp_+_65528534.23-P1P2	Tiparp	1925	2422	2360	1397	922	1183	1255	1095	1067	1141	1122	1194	1213	1188	1384
Ndufb11_+_20617007.23-P1P2	Ndufb11	1455	1709	2145	1057	716	959	961	910	766	840	749	807	900	927	917
non-targeting_02666	non-targeting	1429	1746	1374	1040	557	862	902	825	762	821	815	888	869	859	1008
Tdp2_-_24831919.23-P1P2	Tdp2	1525	1938	1387	1047	662	922	1025	935	747	888	883	919	1010	997	1048
Ndrg1_-_66969528.23-P1P2	Ndrg1	1019	1213	1216	701	477	530	699	591	581	594	662	707	606	644	739
Wipi1_-_109611298.23-P1P2	Wipi1	2002	2533	2537	1439	877	1277	1351	1263	1024	993	952	1202	1117	1145	1389
Ndufs4_-_114387846.23-P1P2	Ndufs4	1022	1273	1283	640	494	605	643	674	553	470	471	610	698	647	652
Tomm40l_+_171222367.23-P1P2	Tomm40l	1633	2140	2321	1080	674	809	1080	968	1043	876	966	961	1044	1031	1291
Lgi1_+_38265012.23-P1P2	Lgi1	662	696	777	469	274	441	416	376	329	325	374	356	437	426	487
Ireb2_+_54863783.23-P1P2	Ireb2	856	1076	830	627	326	509	495	462	468	455	511	567	674	509	628
Cx3cr1_-_120068233.23-P1P2	Cx3cr1	1391	1934	1411	1169	683	904	1013	1010	862	820	866	976	973	993	1014
Casp3_-_46617457.23-P1P2	Casp3	1468	1706	1643	1023	662	941	944	739	795	733	788	870	921	880	1090
non-targeting_02660	non-targeting	1372	1722	1500	823	610	844	961	856	710	778	775	794	839	808	909
Gba2_+_43578824.23-P1P2	Gba2	2150	2647	2877	1376	884	1322	1301	1273	1156	1130	1263	1210	1211	1218	1517
Cav1_-_17306459.23-P2	Cav1_P2	1486	1835	2042	981	631	945	1049	876	840	810	823	952	941	927	1111
Ulk2_+_61855015.23-P1P2	Ulk2	1288	1564	1129	937	555	764	895	763	764	617	705	770	665	747	935
Arih1_+_59486592.23-P1P2	Arih1	1653	2105	1676	1093	846	1022	1231	1072	834	875	1092	983	1019	1085	1229
Csnk2a2_-_95488745.23-P1P2	Csnk2a2	2235	2738	2372	1640	1180	1497	1513	1363	1099	1306	1315	1406	1412	1459	1614
Blzf1_+_164307218.23-P1P2	Blzf1	1424	1697	1326	795	657	1006	951	843	829	858	871	876	971	815	1017
Gja6_+_160907010.23-P1P2	Gja6	1907	2293	1987	1192	816	1196	1259	1250	948	1090	1204	1153	1182	1278	1402
Gpx1_-_108339106.23-P1P2	Gpx1	2260	2813	2570	1550	1143	1469	1591	1338	1106	1230	1355	1367	1582	1365	1568
Kl_+_150952936.23-P1P2	Kl	803	883	1034	487	328	539	479	487	407	374	423	441	516	514	525
Sirt3_+_140881770.23-P1P2	Sirt3	1399	1624	1556	869	639	768	904	769	788	691	795	763	814	781	984
Irs1_+_82291124.23-P1P2	Irs1	2266	2896	2673	1382	990	1202	1519	1359	1178	1181	1312	1290	1361	1460	1573
Hdac4_+_92148059.23-ENSMUST00000008995.8	Hdac4	1789	2169	2005	1217	689	1038	1191	1043	930	901	1041	1011	1111	989	1270
Atf4_-_80255475.23-P1P2	Atf4	1024	1187	1066	780	496	671	691	645	537	582	654	617	589	590	713
non-targeting_02238	non-targeting	1086	1396	1237	767	535	716	732	682	564	578	665	699	706	616	785
Tcerg1_-_42511576.23-P1P2	Tcerg1	1428	1764	1378	1031	680	786	871	785	781	848	805	904	923	820	1032
Vps37a_-_40511872.23-P1P2	Vps37a	1231	1502	1425	921	627	766	849	812	675	663	749	810	773	803	848
Fgf13_+_59134756.23-P1P2	Fgf13	1567	1841	2238	1040	603	885	878	833	949	692	969	859	999	819	942
Kat5_+_5609852.23-P1P2	Kat5	1576	1998	1835	1056	672	924	926	906	671	737	798	969	936	918	992
Foxo3_+_42276687.23-P1P2	Foxo3	1475	1895	1523	1173	692	1030	992	982	1004	970	979	918	1040	964	1113
Thg1l_+_45955425.23-P1P2	Thg1l	2022	2432	2298	1339	933	1274	1188	1187	1086	921	1078	1104	1187	1114	1356
Mad2l1bp_+_46153478.23-P1P2	Mad2l1bp	2982	3493	2786	1877	1310	1740	1869	1828	1581	1712	1705	1812	1779	1809	2055
Fzd4_-_89404408.23-P1P2	Fzd4	1476	1757	1879	1182	636	809	1040	899	743	808	838	966	1026	858	1013
Atp1a3_-_25005910.23-P1P2	Atp1a3	1268	1584	1097	786	616	874	861	744	557	649	672	798	755	758	867
Snap25_+_136713525.23-P1P2	Snap25	1635	1756	2145	964	692	947	875	755	593	692	806	921	863	909	1045
Tmed9_+_55593212.23-P1P2	Tmed9	1970	2279	1865	1235	984	1235	1313	1210	1142	1073	1078	1201	1324	1094	1283
Hpdl_-_116821475.23-P1P2	Hpdl	840	1061	559	546	460	489	457	527	488	482	512	618	573	575	752
Pink1_+_138326215.23-P1P2	Pink1	1843	2243	2341	1310	836	1168	1418	1140	978	1032	1055	1030	1198	1042	1232
Lrsam1_+_32961539.23-P1P2	Lrsam1	1412	1717	1415	943	553	926	992	762	695	823	845	888	960	916	955
Morc2b_+_33139581.23-P1P2	Morc2b	1124	1372	1515	809	488	720	709	668	500	590	594	729	724	647	757
Slc26a3_+_31438256.23-P1P2	Slc26a3	2118	2446	2698	1409	949	1126	1277	1418	1238	1013	1212	1301	1375	1218	1420
Cyp2d10_+_82406914.23-P1P2	Cyp2d10	2046	2237	1895	1285	895	1201	1202	1151	1039	1090	1027	1275	1072	1123	1401
Chrm5_+_112480728.23-ENSMUST00000099589.2	Chrm5	977	1279	1275	750	409	611	638	669	603	597	510	646	657	673	751
Zfp106_-_120563770.23-P1P2	Zfp106	1057	1392	1467	1015	506	754	861	760	639	654	601	710	700	721	808
Wnt16_+_22288296.23-P1P2	Wnt16	1144	1673	1570	1062	537	798	905	811	782	715	877	813	795	859	921
Daxx_-_33909552.23-P1P2	Daxx	1428	1656	1448	824	573	824	882	756	716	791	788	880	883	841	976
Tmem240_-_155734874.23-P1P2	Tmem240	1392	1622	2168	967	513	738	927	733	724	794	867	876	874	840	1002
Htt_-_34761777.23-P1P2	Htt	1417	1720	1669	986	534	829	832	794	594	737	719	827	841	841	936
Tuba4a_-_75219231.23-P1P2	Tuba4a	1500	1726	1666	986	664	889	934	861	710	926	864	863	900	882	954
Cacna1d_-_30353510.23-P1P2	Cacna1d	1352	1590	1776	933	577	821	823	853	678	756	758	820	804	808	1025
Kcnma1_+_23803228.23-ENSMUST00000172099.2,ENSMUST00000074983.6	Kcnma1	873	1005	1277	599	417	615	530	539	506	477	535	617	557	608	684
Bscl2_-_8840564.23-P1	Bscl2_P1	2057	2424	2106	1302	863	1234	1152	1276	1074	1238	1143	1294	1321	1261	1438
Ppp1r1b_-_98348748.23-P1P2	Ppp1r1b	1987	2420	2521	1350	894	1172	1505	1270	1020	1153	1174	1298	1195	1195	1339
Mnat1_-_73123768.23-P1P2	Mnat1	1991	2445	3033	1310	853	1243	1287	1173	1014	1162	1100	1151	1247	1157	1314
Eif2ak2_+_78882509.23-P1P2	Eif2ak2	1345	1686	1380	996	639	785	872	871	650	702	751	879	906	849	949
Ubqln4_+_88553834.23-P1P2	Ubqln4	1624	1970	1917	1213	740	1116	1141	886	834	884	890	956	950	885	1134
Dab1_+_104367665.23-P1P2	Dab1	1332	1744	1234	938	572	845	1007	961	789	788	834	788	931	857	1011
non-targeting_00663	non-targeting	1340	1524	1278	984	608	793	812	800	838	698	674	735	782	781	927
Plp1_+_136823090.23-P1P2	Plp1	2268	2803	2420	1463	1016	1338	1598	1454	1339	1297	1333	1523	1469	1345	1637
Cd200_+_45408987.23-P1P2	Cd200	1398	1659	1242	1014	624	856	858	786	635	773	868	869	1050	897	1027
Psmd3_-_98682586.23-P1P2	Psmd3	850	1004	997	509	339	390	609	477	425	388	439	486	540	414	580
Bscl2_+_8840582.23-P1	Bscl2_P1	1111	1361	1648	884	660	740	748	613	663	659	670	704	688	640	829
Gdap1_-_17145400.23-P1P2	Gdap1	952	1235	1005	679	438	766	608	600	504	514	455	546	660	575	642
Serpina3k_-_104338604.23-P1P2	Serpina3k	1391	1591	1335	1013	674	907	857	849	707	657	736	766	907	812	924
Vamp1_+_125231320.23-P2	Vamp1_P2	1296	1520	1239	819	673	927	806	863	660	760	649	758	816	838	888
Tspo_-_83563611.23-P1P2	Tspo	2082	2532	2174	1485	930	1277	1324	1231	1000	1252	1264	1292	1379	1317	1471
Ccl3_-_83649326.23-P1P2	Ccl3	1026	1287	1435	638	471	627	694	661	495	635	630	806	764	711	856
Gpx3_+_54902976.23-P1P2	Gpx3	1504	1894	1928	996	602	1013	1038	958	824	879	959	849	1026	1029	1051
Kif5b_-_6241451.23-P1P2	Kif5b	2140	2769	2626	1753	1055	1414	1334	1310	1142	1317	1408	1275	1417	1342	1498
Hmgb1_-_149052584.23-P1	Hmgb1_P1	2053	2550	2189	1533	1164	1322	1541	1332	1279	1089	1060	1228	1181	1286	1496
Sirt3_-_140882231.23-P1P2	Sirt3	1266	1582	1632	842	554	654	754	726	662	654	738	781	726	776	818
Park7_-_150914421.23-P2	Park7_P2	1078	1346	1377	929	529	548	837	641	618	579	548	742	705	650	752
Tubb2a_-_34077979.23-P1P2	Tubb2a	1423	1626	1559	830	584	832	903	754	631	744	686	792	902	834	961
Fxn_-_24280539.23-P1P2	Fxn	2235	2857	2437	1609	987	1256	1594	1363	1323	1243	1321	1351	1432	1371	1637
Slc19a3_+_83038460.23-P1P2	Slc19a3	1433	1695	1273	937	559	847	943	916	718	783	804	819	824	880	948
Ager_-_34597923.23-P1P2	Ager	3412	4229	4147	2545	1495	2124	2431	2210	2053	1806	2123	2153	2282	2023	2492
Mul1_-_138434716.23-P1P2	Mul1	1254	1590	1477	885	688	738	971	801	706	704	725	819	655	867	905
Tank_+_61578637.23-P2	Tank_P2	1704	2099	1720	1165	745	993	1145	1070	863	949	979	1103	998	1157	1222
Hif1a_+_73908046.23-P1P2	Hif1a	1407	1771	1623	1090	718	1020	966	845	784	831	845	825	820	827	955
Erlin1_+_44069689.23-P1P2	Erlin1	1476	1812	1866	1019	619	957	917	882	705	759	704	837	953	847	890
Xk_+_9273017.23-P1P2	Xk	1283	1523	1632	982	593	856	733	822	769	763	752	823	725	761	821
Hdac9_-_34528837.23-P1P2	Hdac9	1825	2249	2129	1334	909	1118	1273	1101	935	1025	1064	1114	1142	1242	1291
Rela_+_5637817.23-P1P2	Rela	1847	2361	1961	1335	841	1232	1242	1102	1117	1046	1063	1071	1064	1122	1371
Slc52a2_+_76539060.23-P1P2	Slc52a2	733	866	1032	497	318	376	481	502	352	364	382	508	435	384	521
Hpgds_-_65144768.23-P1P2	Hpgds	1468	1615	1693	1067	761	856	946	854	769	776	882	926	941	934	1106
Ifng_+_118441053.23-P1P2	Ifng	1973	2428	2004	1463	867	1278	1303	1298	1221	1123	1259	1269	1336	1181	1514
Psmb5_+_54617742.23-P1P2	Psmb5	823	1079	1172	398	284	350	326	396	245	314	248	388	335	369	416
Als2_-_59237017.23-P1P2	Als2	1690	2148	1597	1231	800	924	1147	985	831	1054	1055	1059	1043	1029	1252
Serpina1e_-_103956466.23-P1	Serpina1e_P1	1856	2350	1750	1314	692	985	1174	1130	879	1026	1090	1072	1125	1102	1200
Wnt10a_+_74792105.23-P1P2	Wnt10a	1373	1697	1622	961	642	740	766	866	673	793	803	829	878	816	1022
Trp73_-_154097053.23-P2	Trp73_P2	1729	2064	1918	1115	629	983	1111	927	902	908	1058	1029	1001	1086	1255
Anp32a_-_62341393.23-P1P2	Anp32a	1278	1648	1126	891	607	900	858	750	665	746	833	832	848	847	937
Colec11_+_28623261.23-P1P2	Colec11	2140	2531	2775	1423	828	1418	1470	1290	1148	1253	1268	1232	1374	1328	1513
Dnah7b_-_46066907.23-P1P2	Dnah7b	325	371	328	143	166	208	221	166	205	182	187	211	180	192	228
Rbfox3_-_118909460.23-P1P2	Rbfox3	1347	1619	1706	1006	615	871	816	857	781	731	726	865	792	867	944
Matr3_+_35562428.23-P1P2	Matr3	1886	2093	1635	1261	803	1074	1225	1005	907	947	1058	1212	1206	1092	1449
Chat_+_32460899.23-P1	Chat_P1	2101	2451	2258	1285	881	1331	1273	1311	1048	1255	1284	1269	1311	1188	1452
Tfam_-_71238026.23-P1P2	Tfam	2171	2647	2579	1732	971	1304	1522	1437	1181	1148	1245	1349	1444	1252	1570
Casp12_-_5345521.23-P1P2	Casp12	1339	1649	1459	861	478	767	804	773	630	661	882	866	817	792	982
Itpr1_-_108213232.23-P1P2	Itpr1	1698	1846	2203	981	608	863	974	855	729	865	839	878	1020	953	1012
Slc25a38_-_120114950.23-P2	Slc25a38_P2	1270	1521	1345	868	468	839	865	738	789	712	705	782	747	757	916
Idua_+_108669368.23-P1P2	Idua	1933	2413	1540	1286	944	1163	1135	1101	845	1117	1134	1159	1259	1165	1321
Abca7_-_79996552.23-P1P2	Abca7	1001	1242	980	632	457	585	648	671	570	513	534	682	628	575	645
Ifit3_-_34583729.23-P1P2	Ifit3	1578	1951	1838	1129	703	955	867	962	779	733	868	1002	945	917	1176
Ap4m1_+_138172218.23-P1P2	Ap4m1	1237	1468	1135	872	597	782	733	838	565	712	667	771	799	656	793
Clu_-_65969827.23-P2	Clu_P2	1928	2160	1930	1340	904	1143	1214	1171	1080	1078	1041	1294	1200	1284	1515
Blmh_-_76945805.23-P1P2	Blmh	2354	3093	2910	1531	1113	1597	1535	1458	1262	1347	1410	1611	1409	1461	1616
Fzd2_-_102604446.23-P1P2	Fzd2	1445	1738	1529	1055	717	1014	1053	858	711	800	785	861	1064	900	1065
Mfn2_+_147904648.23-P1P2	Mfn2	1859	2197	2258	1256	700	1028	1168	1093	787	907	901	1130	957	952	1187
Atxn10_+_85336257.23-P1P2	Atxn10	756	1022	1095	462	329	451	441	444	343	326	299	473	392	436	528
Samd9l_+_3399140.23-P1P2	Samd9l	1117	1310	1142	733	555	724	709	737	598	619	820	784	672	716	858
Tubb2b_-_34130341.23-P1P2	Tubb2b	1852	2401	2253	1275	900	1033	1232	1133	1064	1239	1075	1235	1301	1208	1515
Cnr1_-_33924712.23-P1P2	Cnr1	1411	1729	1400	1051	627	932	900	815	790	788	818	862	790	826	946
Adam10_-_70679279.23-P1P2	Adam10	1225	1554	1485	860	538	763	796	713	722	673	648	712	755	812	811
Hpgds_-_65144362.23-P1P2	Hpgds	1036	1250	981	785	488	560	676	713	566	589	614	677	627	661	665
Gstm4_+_108044737.23-P1P2	Gstm4	1115	1480	1142	722	546	822	809	800	541	700	715	777	830	677	833
Uba1_-_20663003.23-P1	Uba1_P1	1241	1510	1661	827	585	760	783	792	561	636	687	707	797	725	881
Zfp46_+_136286133.23-P2	Zfp46_P2	958	1041	873	551	383	541	606	478	410	498	481	466	610	565	747
Dnah1_+_31323921.23-ENSMUST00000048603.7	Dnah1	1738	2072	2308	1204	671	985	1126	886	802	904	924	933	1067	1022	1075
Nfkbia_-_55492360.23-P1P2	Nfkbia	2109	2728	2818	1624	987	1429	1430	1414	1280	1197	1331	1443	1373	1286	1646
Nek1_+_60993307.23-P1P2	Nek1	1790	2021	2164	1316	762	1015	1217	1078	904	1033	1081	1159	1240	1037	1234
Atxn10_+_85336265.23-P1P2	Atxn10	1261	1563	1495	650	454	852	775	638	685	510	564	696	597	627	829
Ubqln2_+_153498262.23-P1P2	Ubqln2	1489	1924	1380	1138	901	845	1072	994	779	733	913	1028	902	880	1076
Gpx1_+_108339139.23-P1P2	Gpx1	1396	1672	1845	955	635	903	880	921	869	800	790	778	925	839	918
Serpina1c_-_103904565.23-P1P2	Serpina1c	1430	1818	1608	1059	691	841	1114	943	858	698	861	901	913	813	1116
Rmdn2_+_79615312.23-P1P2	Rmdn2	1351	1675	1509	953	619	693	887	824	763	807	731	772	850	830	881
Fbxo7_+_86022149.23-P1P2	Fbxo7	1489	1881	1374	1111	788	962	935	1004	728	815	923	835	1024	872	975
Dctn2_+_127266381.23-P1P2	Dctn2	992	1321	1120	633	476	614	586	635	548	542	484	521	595	661	668
Vrk1_+_106010366.23-P1P2	Vrk1	1638	2140	1990	1165	759	1004	1205	1043	912	808	1027	1154	929	973	1176
Dkk2_-_132085539.23-P1P2	Dkk2	1405	1768	1580	950	686	953	966	787	851	803	838	958	929	872	969
Dpp6_+_27262223.23-P1	Dpp6_P1	576	779	741	433	262	369	442	353	278	387	318	339	362	391	414
Dnah9_+_66168445.23-P1P2	Dnah9	1496	1879	1658	1107	760	1063	1019	953	818	873	959	904	945	967	1040
Cntf_+_12765395.23-P1P2	Cntf	1123	1603	1691	906	467	733	886	768	550	646	612	745	747	650	868
Adap1_+_139325109.23-P1P2	Adap1	1716	2143	1657	1128	832	1208	1250	1116	822	1047	1048	1035	1334	1130	1306
Slc25a4_+_46210993.23-P1P2	Slc25a4	650	804	696	492	287	389	452	331	274	329	364	407	470	427	473
Vamp1_+_125231303.23-P2	Vamp1_P2	1758	2316	2780	1306	807	1035	1271	1195	1037	1110	1038	1159	1085	1073	1311
Ang2_+_51195557.23-ENSMUST00000051274.1	Ang2	1685	2028	2214	1196	680	1076	1213	1075	849	970	942	1012	1012	1046	1311
Angpt4_+_151911481.23-P1P2	Angpt4	2002	2375	2422	1481	924	1235	1254	1216	1000	1159	1229	1278	1144	1161	1295
Psmd2_-_20651965.23-P1P2	Psmd2	1396	1660	1784	938	539	847	802	785	651	677	744	728	853	793	842
Hspa4_+_53300308.23-P1P2	Hspa4	1404	1816	1281	1128	673	881	973	845	763	785	835	856	965	900	1012
Uqcrc1_-_108936724.23-P1P2	Uqcrc1	834	1068	705	531	293	467	489	508	441	420	539	565	664	538	720
Rgs10_-_128418136.23-P1P2	Rgs10	1070	1286	973	662	439	731	612	591	542	572	579	599	608	626	716
Tmem63c_+_87026568.23-P1P2	Tmem63c	1421	1684	1653	961	581	831	809	776	682	793	797	854	912	771	1000
Mapk11_+_89149586.23-P1P2	Mapk11	1131	1252	1373	704	408	597	736	686	575	614	574	609	726	618	778
Aif1_+_35172425.23-P1P2	Aif1	1062	1312	1346	772	544	779	715	640	709	624	669	648	681	666	857
Sod1_+_90220781.23-P1P2	Sod1	1804	2245	1729	1206	858	1169	1194	1030	813	1061	1137	1148	1140	1074	1314
Zap70_+_36761885.23-P1P2	Zap70	924	1199	1217	591	405	604	663	617	538	558	530	633	527	551	701
Hspd1_+_55088029.23-P1P2	Hspd1	1207	1384	1380	796	609	636	736	676	534	607	613	699	776	689	752
non-targeting_03176	non-targeting	1888	2342	1583	1269	860	1292	1107	1231	1262	1097	1031	1163	1172	1124	1408
Dnah5_-_28203946.23-P1P2	Dnah5	1141	1318	1345	771	592	669	780	727	585	641	625	686	877	781	936
Sdhc_-_171150520.23-P1P2	Sdhc	1142	1565	1021	863	565	849	922	785	725	583	705	779	739	763	829
Msx2_-_53472735.23-P1P2	Msx2	284	400	330	196	103	126	186	174	153	122	210	134	141	123	232
Hes3_-_152291629.23-P1P2	Hes3	1145	1384	1221	797	491	796	753	720	630	654	671	688	738	740	773
Map3k11_+_5689813.23-P1	Map3k11_P1	706	1032	1123	635	407	502	480	468	501	456	527	485	436	544	560
Gsk3b_+_38089532.23-P1P2	Gsk3b	1028	1220	1483	766	421	565	632	567	537	601	583	632	630	594	705
Frat2_+_41848059.23-P1P2	Frat2	1947	2226	2432	1251	756	1124	1207	1141	1025	999	1060	1255	1210	1049	1269
Gap43_+_42340574.23-P1P2	Gap43	1157	1327	1583	702	473	732	655	654	557	612	769	905	824	812	996
Sod1_+_90221136.23-P1P2	Sod1	1189	1518	1258	742	494	806	789	735	693	643	619	814	786	707	960
Sct_-_141279088.23-P1P2	Sct	1675	2124	1590	1206	724	1025	1126	1013	942	1030	1021	969	1157	1022	1244
Nrtn_-_56757468.23-P1P2	Nrtn	1711	2069	1902	1209	797	971	1046	1041	913	869	952	1021	1132	929	1068
Rnf170_-_26119725.23-P1P2	Rnf170	914	1000	977	501	429	630	569	513	407	451	457	519	437	456	591
Prdx3_-_60874494.23-P1P2	Prdx3	2025	2252	2261	1204	814	1062	1283	1166	1018	955	1139	1150	1202	1081	1285
Elp3_-_65593051.23-P1P2	Elp3	1071	1332	1052	745	521	708	640	620	468	531	615	789	640	614	776
Dvl1_+_155847499.23-P1P2	Dvl1	1500	1903	1709	1012	641	1121	962	836	727	1019	843	1056	1017	944	1066
Gpx3_-_54902930.23-P1P2	Gpx3	1126	1374	917	827	491	791	631	699	686	589	699	700	722	670	766
Cx3cl1_-_94772225.23-P1P2	Cx3cl1	1323	1514	1329	947	652	818	861	819	639	654	634	773	905	773	914
Gpx2_-_76795436.23-P1P2	Gpx2	1090	1377	1462	834	564	682	778	576	539	733	692	601	605	660	784
Wnt7b_+_85577844.23-P2	Wnt7b_P2	1717	2177	1716	1250	792	1184	1234	1184	991	1012	951	1117	1074	978	1369
Cryab_+_50753247.23-P1P2	Cryab	823	939	810	469	340	525	453	446	435	422	490	489	599	548	624
Khdrbs1_-_129742237.23-P1P2	Khdrbs1	1304	1500	1302	881	586	821	904	750	660	769	711	808	774	728	903
Atp13a2_+_140986947.23-P1P2	Atp13a2	1467	1708	1739	883	604	896	910	811	695	906	934	856	808	843	944
Egr2_+_67537933.23-P1	Egr2_P1	1203	1609	1324	953	676	783	752	690	685	793	744	856	838	843	871
Grin2b_-_136172179.23-P1P2	Grin2b	823	1024	972	669	307	597	523	600	434	345	458	468	497	561	672
Elavl4_+_110286620.23-P1P2	Elavl4	2195	2875	2411	1604	999	1457	1475	1247	1017	1315	1292	1538	1503	1342	1580
Hif1a_+_73908011.23-P1P2	Hif1a	744	778	628	439	261	382	487	517	438	457	428	464	463	429	518
Sod2_+_13008240.23-P1P2	Sod2	2445	2955	3224	1694	945	1285	1657	1450	1193	1330	1288	1390	1477	1454	1577
Mapk14_-_28691474.23-P1P2	Mapk14	795	899	750	649	408	472	486	533	437	461	352	410	483	371	448
Sorl1_+_42124089.23-P1P2	Sorl1	1651	2099	2591	1288	755	1139	1125	1082	935	939	834	1085	1034	984	1179
Icam1_+_21016027.23-P1P2	Icam1	1905	2139	1928	1173	741	1125	1194	1133	825	1047	1082	1095	975	1148	1244
L1cam_+_73880735.23-P1P2	L1cam	2428	2995	2687	1592	1117	1354	1432	1279	1256	1349	1431	1373	1599	1557	1581
Ntf3_-_126164748.23-P1	Ntf3_P1	1664	2162	2052	1116	757	1100	1224	1086	767	1043	1067	1049	1099	1214	1242
H2-M10.6_+_36812185.23-ENSMUST00000041398.4	H2-M10.6	1425	1737	1758	997	607	846	751	883	731	812	853	967	969	878	976
Serpina1c_-_103904952.23-P1P2	Serpina1c	2416	2896	3175	1707	1133	1436	1498	1494	1286	1344	1362	1422	1675	1381	1891
Crat_+_30415457.23-P1P2	Crat	1539	1945	1905	1065	633	957	1047	858	733	894	975	894	982	974	1055
Blvra_-_127070730.23-P1	Blvra_P1	1478	1943	1764	974	618	970	929	868	826	840	849	944	927	941	908
Rab10_+_3309892.23-P1P2	Rab10	706	851	495	402	334	420	463	406	325	382	418	414	464	430	506
Vip_-_5639281.23-P1P2	Vip	1270	1564	1413	780	536	681	923	659	620	713	714	743	714	738	919
Tspo_-_83563665.23-P1P2	Tspo	2969	3576	4137	1955	1162	1791	1950	1713	1457	1610	1768	1630	1929	1689	1961
Hdac9_+_34528840.23-P1P2	Hdac9	1061	1252	1364	736	438	765	673	697	479	647	610	673	678	718	779
Cnr2_+_135895454.23-P1	Cnr2_P1	1333	1537	1689	877	583	836	897	706	701	708	694	957	964	849	1082
Wars2_+_99141123.23-P1P2	Wars2	2873	3544	2832	1989	1249	1824	1887	1771	1618	1570	1570	1674	1700	1676	1899
Coq7_+_118533282.23-P1P2	Coq7	1801	2220	1597	1274	787	1050	1125	1039	836	970	1102	1009	1128	1085	1190
Slc6a4_+_77009337.23-P1	Slc6a4_P1	1492	1897	1642	1046	646	889	964	881	815	874	776	948	1049	872	1084
non-targeting_01372	non-targeting	2318	2918	2203	1582	1143	1461	1681	1424	1320	1369	1304	1316	1351	1470	1607
Synj1_+_91010961.23-P1P2	Synj1	1433	1862	1895	955	659	791	760	952	683	853	793	798	971	874	1045
Ewsr1_-_5099013.23-P1P2	Ewsr1	1809	2189	2131	1337	830	1211	1347	1053	989	997	1018	1179	1111	1109	1387
Stmn1_-_134469819.23-P2	Stmn1_P2	2060	2415	2533	1612	836	1261	1519	1315	1030	1093	1198	1228	1335	1299	1510
Psmb6_-_70525392.23-P1P2	Psmb6	900	949	797	527	315	521	457	440	384	349	404	457	408	438	587
Rnf170_-_26119654.23-P1P2	Rnf170	1115	1381	1289	808	602	700	743	689	493	658	650	655	713	728	834
Vegfb_-_6987634.23-P1P2	Vegfb	1996	2555	2334	1485	1008	1227	1438	1199	1113	1092	1320	1373	1359	1254	1470
Gjc2_-_59182831.23-P1P2	Gjc2	1764	2488	1769	1355	920	1009	1220	1008	1045	885	1091	1236	1130	1082	1323
Slc6a4_-_77009531.23-P1	Slc6a4_P1	924	1088	1084	578	459	476	588	544	393	486	496	572	577	629	581
Oard1_+_48410121.23-P1P2	Oard1	2669	3429	2345	1788	1226	1542	1685	1470	1400	1534	1479	1557	1617	1555	1945
Calb1_-_15881302.23-P1P2	Calb1	1792	2234	1991	1368	851	1182	1285	1084	989	954	1079	1076	1148	1150	1329
Slc7a6os_-_106210857.23-P1P2	Slc7a6os	1587	1863	2231	976	642	1014	935	870	793	730	641	792	846	814	835
Hspg2_-_137468866.23-P1P2	Hspg2	1448	1762	1530	960	614	860	975	853	746	834	930	957	1022	863	1112
Unc13a_-_71671672.23-P1P2	Unc13a	1803	2063	1953	1077	804	1192	1031	1051	940	888	966	1108	1034	1044	1226
Agrn_-_156197436.23-P1	Agrn_P1	1867	2203	1742	1483	868	1299	1225	1076	964	980	1157	1102	1049	1048	1343
Vegfa_+_46032367.23-P1P2	Vegfa	1170	1502	1196	832	499	605	721	718	534	636	676	707	837	744	981
Tyrobp_+_30413818.23-P1P2	Tyrobp	2256	2711	3176	1572	959	1299	1515	1377	1162	1298	1317	1422	1324	1368	1620
Smcr8_+_60777559.23-P1P2	Smcr8	1470	1768	1662	938	562	923	911	904	869	806	883	878	803	885	1023
H2-M10.4_-_36462282.23-ENSMUST00000057502.7,ENSMUST00000169950.1	H2-M10.4	1355	1779	2326	974	587	904	925	812	759	684	797	773	941	758	1004
Zfp46_+_136286136.23-P2	Zfp46_P2	1129	1210	1236	653	408	693	624	696	594	491	433	651	676	595	828
Pitrm1_-_6548189.23-P1P2	Pitrm1	1781	2440	2040	1290	831	1379	1271	1167	1095	1029	1094	1127	1270	1195	1228
S100a1_-_90514278.23-P1P2	S100a1	1636	2150	2290	1343	804	1031	1096	963	805	997	1062	1134	1050	1090	1180
Dnah7b_+_46067061.23-P1P2	Dnah7b	1412	1672	1626	923	686	887	818	859	711	759	842	830	908	905	1016
Gad2_+_22622562.23-P1P2	Gad2	1212	1357	1778	818	644	623	767	583	565	758	661	631	833	692	883
Ppp3r1_+_17159360.23-P1P2	Ppp3r1	1845	2103	1787	1271	903	1054	1267	1047	969	865	984	944	1047	1058	1200
Ins2_-_142699502.23-P2	Ins2_P2	1248	1546	1180	850	522	904	757	715	609	667	709	725	890	700	966
Kat5_+_5609812.23-P1P2	Kat5	1221	1483	1346	865	420	753	772	664	801	534	636	792	719	740	852
Ifnb1_-_88522822.23-P1P2	Ifnb1	1527	1881	1423	1055	745	1161	1024	993	846	710	915	901	1048	936	1190
Nup62_-_44816410.23-P1P2	Nup62	947	1194	892	669	386	608	618	532	442	414	402	564	411	441	521
Rbpj_-_53590735.23-P1P2	Rbpj	1571	2032	2008	1053	705	1041	1128	1046	905	829	905	966	1078	981	1286
Pdxk_-_78464895.23-P1P2	Pdxk	1494	1871	1779	1019	669	957	897	793	730	782	756	969	827	869	1004
Exosc1_+_41933239.23-P1P2	Exosc1	2071	2361	2307	1434	793	1358	1266	1257	1044	1063	1050	1155	1119	1265	1406
Atxn3_+_101958153.23-P1P2	Atxn3	1422	1705	1254	973	597	845	1047	947	658	773	829	1035	771	829	1062
Pon3_+_5256221.23-P1P2	Pon3	1680	2074	2031	1141	772	1059	1113	1134	745	932	1089	1046	1004	1085	1269
Nrros_+_32165464.23-P1P2	Nrros	1168	1477	1509	737	563	622	758	655	519	648	657	617	823	792	855
Wnt5a_-_28504693.23-P2	Wnt5a_P2	1453	1739	1780	925	644	881	883	777	786	813	883	922	966	887	1002
Exosc3_+_45320557.23-P1P2	Exosc3	1912	2462	2100	1480	1007	1323	1333	1130	935	1100	1081	1157	1069	1149	1503
Tpo_-_30132609.23-P1P2	Tpo	1831	2226	2439	1260	884	1075	1231	1090	874	1001	954	1132	1138	1123	1293
Gria4_+_4796199.23-P1P2	Gria4	1410	1866	1536	1019	710	931	902	876	729	714	825	798	929	805	938
Sct_-_141279104.23-P1P2	Sct	2144	2684	2644	1660	1053	1429	1492	1440	997	1207	1290	1414	1516	1358	1588
Ppp3r2_-_49681962.23-P1P2	Ppp3r2	584	677	664	395	203	327	385	439	298	290	303	296	361	359	388
Mak16_-_31168712.23-P1P2	Mak16	777	937	1009	512	319	415	561	462	473	463	434	400	599	526	589
Gpx8_-_113046358.23-P1P2	Gpx8	1512	1724	1556	1023	638	891	983	836	842	841	916	1021	911	828	1015
Rims2_+_39198431.23-ENSMUST00000082054.5,ENSMUST00000042917.9	Rims2	1810	2168	2040	1432	772	1012	1272	1105	1019	861	1043	1123	1046	1238	1269
Frat2_+_41848238.23-P1P2	Frat2	1900	2537	2298	1195	793	1227	1245	1180	912	1086	1168	1213	1302	1208	1332
Slc39a14_+_70350967.23-P1P2	Slc39a14	1364	1620	1758	903	500	802	882	800	750	709	764	825	718	839	935
Dhtkd1_-_5942755.23-P1P2	Dhtkd1	1134	1400	1091	725	564	722	731	720	647	729	628	715	821	731	895
Vac14_+_110618668.23-P1P2	Vac14	2088	2787	2337	1622	1008	1421	1396	1310	1064	1053	1128	1272	1189	1236	1367
Kcne3_+_100176903.23-P2	Kcne3_P2	2295	2945	2559	1686	1022	1541	1746	1653	1211	1287	1509	1460	1475	1367	1623
Cox4i1_+_120668305.23-P1P2	Cox4i1	1423	1807	1609	1012	608	762	981	846	741	753	879	929	940	841	991
Phex_-_157415057.23-P1P2	Phex	928	1244	874	680	411	469	645	608	569	517	591	640	674	525	659
Ube2g2_+_77622366.23-P1P2	Ube2g2	1230	1478	1177	908	544	682	726	815	676	703	665	888	770	683	900
Dnah2_+_69544508.23-ENSMUST00000035539.5	Dnah2	1601	1895	1434	1159	798	962	1139	987	1019	979	956	954	1067	1017	1132
Pdk3_-_93832123.23-P1P2	Pdk3	1262	1616	1697	811	575	1020	845	840	611	690	719	682	798	692	948
Slc11a2_+_100423930.23-P2	Slc11a2_P2	2017	2427	2059	1322	990	1304	1262	1279	907	1198	1169	1222	1274	1197	1508
Prdx3_+_60874463.23-P1P2	Prdx3	941	1105	1233	630	426	625	589	553	468	541	482	605	600	589	626
Gstm7_-_107931677.23-P1P2	Gstm7	1112	1332	1157	846	383	638	671	597	627	536	516	679	647	620	821
Igf1_+_87861392.23-P2	Igf1_P2	676	914	814	482	298	525	460	471	280	419	429	466	518	445	509
Reep2_-_34840736.23-P1P2	Reep2	1957	2134	1780	1442	894	1226	1295	1173	924	1089	968	1170	1122	1180	1368
Tsen54_-_115814786.23-P1P2	Tsen54	2016	2639	2455	1343	803	1051	1255	1207	819	742	752	948	889	969	1067
Ddhd1_+_45658045.23-P1P2	Ddhd1	1829	2202	2061	1127	807	1059	1123	986	825	955	985	1223	1059	1113	1268
Ndufb6_+_40279341.23-P1P2	Ndufb6	2368	3012	2173	1847	1205	1472	1677	1478	1151	1279	1515	1582	1557	1508	1736
Trip4_-_65884997.23-P1	Trip4_P1	2499	3131	3187	1680	1114	1665	1656	1515	1537	1365	1465	1552	1771	1573	1737
Wdr45_-_7722343.23-P1P2	Wdr45	1207	1704	1506	1048	631	835	851	806	668	761	748	786	772	724	934
Wdr45_-_7722314.23-P1P2	Wdr45	1164	1456	1752	798	508	603	755	752	573	706	623	637	751	624	796
Itpr1_-_108213293.23-P1P2	Itpr1	853	1145	1315	578	454	540	551	513	473	577	581	560	596	583	622
Wnt5a_+_28504832.23-P2	Wnt5a_P2	1465	2131	2133	1069	769	923	986	970	814	933	995	1016	1112	1003	1194
Mif_+_75860278.23-P1P2	Mif	1338	1671	1330	891	544	867	732	678	678	698	654	830	860	764	852
Grin2a_+_9995023.23-P1P2	Grin2a	1976	2307	2201	1184	818	1159	1230	1147	1072	1148	1218	1262	1244	1103	1392
Il4_-_53618594.23-P1P2	Il4	791	946	773	535	299	567	573	516	425	409	539	444	545	442	630
Dcx_+_143933059.23-P1P2	Dcx	1087	1202	1266	768	416	556	622	607	600	654	614	618	646	671	716
Smpd1_+_105554753.23-P1P2	Smpd1	1671	2115	1792	1045	691	907	1121	1000	935	995	878	1066	1050	1033	1118
Kcna3_-_107036222.23-P1P2	Kcna3	1304	1529	1321	1022	616	713	830	774	742	714	732	853	888	786	923
Mul1_-_138434737.23-P1P2	Mul1	1027	1244	646	670	455	722	602	716	452	530	579	653	539	662	665
Serpinf1_+_75422320.23-P1P2	Serpinf1	1234	1638	885	796	561	736	743	774	797	565	708	817	858	761	874
Serpina1b_-_103828050.23-P1P2	Serpina1b	1110	1382	1075	708	532	849	731	677	633	619	713	817	725	717	775
Serpina3b_-_104128031.23-P1P2	Serpina3b	1370	1549	1263	864	554	787	736	710	673	755	706	812	814	906	1063
Il1a_+_129309919.23-P1P2	Il1a	1012	1255	1239	739	496	621	702	642	509	672	524	699	680	628	722
Kcnma1_+_23803209.23-ENSMUST00000172099.2,ENSMUST00000074983.6	Kcnma1	1006	1264	984	652	428	609	573	580	610	611	635	637	723	746	689
Wnt8a_+_34542322.23-ENSMUST00000012426.2	Wnt8a	971	1358	1285	649	486	642	627	513	489	570	554	685	912	698	814
Ang_+_51096831.23-P1	Ang_P1	1102	1371	1204	724	462	710	793	673	605	668	677	661	645	604	778
Ang_-_51096455.23-P1	Ang_P1	1387	1685	1583	1003	589	817	930	776	744	774	747	925	816	926	905
Mapk13_-_28769402.23-P1P2	Mapk13	1377	1652	1249	977	581	879	784	843	838	720	800	826	870	794	890
Dnah8_+_30624404.23-ENSMUST00000170651.1	Dnah8	914	1116	911	613	455	618	676	522	549	533	523	613	724	607	725
Cst3_+_148875207.23-P1P2	Cst3	1364	1569	1357	951	606	789	891	784	600	771	790	741	828	742	1060
Vps35_-_85299729.23-P1P2	Vps35	1872	2158	2343	1312	825	1155	1227	1162	1018	1036	1056	1218	1134	1019	1337
Cd200r2_+_44867291.23-P1P2	Cd200r2	1088	1343	1209	765	533	642	785	626	542	480	592	548	678	621	718
Tdp2_+_24831721.23-P1P2	Tdp2	1722	2002	1908	1154	811	1065	1074	1076	904	956	930	997	1137	1001	1259
Necab1_-_15149029.23-P1P2	Necab1	2530	3045	3505	1724	1007	1590	1615	1403	1253	1360	1459	1538	1796	1488	1927
Psmd1_-_86064700.23-P1P2	Psmd1	1771	2011	1637	926	651	823	725	801	686	710	623	895	651	826	927
Pon1_+_5193706.23-P1P2	Pon1	1902	2392	2481	1467	781	1410	1309	1175	1014	1161	1209	1309	1401	1158	1553
Dbn1_-_55488013.23-P1P2	Dbn1	1047	1393	1148	798	493	785	791	668	618	672	681	628	623	665	772
non-targeting_00957	non-targeting	1193	1383	1861	933	534	745	854	770	699	705	675	758	716	737	728
Kdm1a_+_136602630.23-P1P2	Kdm1a	1013	1276	883	740	449	584	726	549	515	559	651	558	692	629	753
Casp9_+_141793852.23-P1P2	Casp9	1016	1304	1154	742	445	599	733	554	456	556	524	689	646	645	718
Mtor_-_148448646.23-P1P2	Mtor	1248	1669	1613	884	563	871	925	748	754	703	750	778	918	774	981
Hspa9_+_34954056.23-P1P2	Hspa9	1155	1359	954	734	452	679	582	663	450	565	598	695	598	654	765
Calm2_+_87447009.23-ENSMUST00000040440.6	Calm2	1075	1352	1191	800	498	541	695	747	599	780	771	653	664	668	788
Gaa_-_119268142.23-P1P2	Gaa	2611	3295	2806	2057	1286	1761	1739	1650	1281	1526	1583	1591	1613	1605	1882
Atp1a1_-_101604527.23-P1P2	Atp1a1	1966	2336	2117	1428	894	1153	1155	1258	883	1064	1136	1165	1163	1009	1185
Dstyk_-_132417629.23-P1P2	Dstyk	1756	2200	2062	1284	887	1154	1236	1093	1027	1088	1011	1222	1076	1020	1314
Cxcl13_+_95957014.23-P1P2	Cxcl13	1341	1547	1633	989	585	965	680	854	697	611	655	814	891	846	998
Ywhag_-_135934544.23-P1P2	Ywhag	1536	1939	1528	1173	684	937	983	899	852	886	840	932	950	876	1046
Il10_-_131019840.23-P1P2	Il10	1231	1530	1311	811	549	736	743	807	611	667	718	781	915	808	871
non-targeting_04076	non-targeting	1209	1532	1526	877	578	716	708	855	683	714	716	706	751	736	841
Myc_+_61985606.23-P1P2	Myc	1322	1643	1546	1099	614	846	883	862	751	658	854	799	824	817	980
Serpina3a_-_104112931.23-P1P2	Serpina3a	810	1076	825	633	364	632	632	480	435	473	497	588	504	506	582
Txnrd1_-_82859277.23-P1P2	Txnrd1	1904	2366	2289	1352	765	1162	1117	1167	869	1045	1063	1154	1233	1207	1326
Rab10_-_3309744.23-P1P2	Rab10	1935	2535	2195	1408	979	1217	1357	1167	1047	1022	1136	1147	1321	1242	1432
Tat_-_109990460.23-P1P2	Tat	1319	1558	1557	792	590	823	852	807	704	653	661	790	895	837	765
Ube2j2_-_155944249.23-P1P2	Ube2j2	1057	1190	1045	652	454	713	653	514	617	583	649	653	499	570	722
Fas_-_34290685.23-P1P2	Fas	1177	1435	1368	872	476	684	763	742	737	699	691	794	765	753	796
Smn1_-_100124896.23-P1P2	Smn1	1178	1513	1075	842	538	779	850	732	666	713	740	770	790	711	812
Reep1_+_71707932.23-P1P2	Reep1	1054	1497	1207	777	478	747	707	714	719	572	657	607	695	697	796
Chek2_-_110840005.23-P1P2	Chek2	1581	2073	1844	1192	719	1007	1269	1000	1041	866	996	1054	942	1001	1167
Ndufa4_+_11907383.23-P1P2	Ndufa4	1174	1556	1599	980	549	749	932	932	646	689	618	841	727	751	878
Ang4_+_51773574.23-P1P2	Ang4	1326	1650	1609	969	643	796	1021	879	652	688	727	837	863	796	1088
Cybb_-_9469045.23-P1P2	Cybb	1322	1493	1516	902	487	906	731	780	722	712	623	633	780	877	864
Serpini1_+_75557601.23-P1P2	Serpini1	1999	2181	2402	1314	861	1220	1216	992	982	1103	1125	1172	1306	1146	1454
Sptlc1_+_53377345.23-P1P2	Sptlc1	1255	1487	1355	818	594	725	821	821	544	699	621	805	869	790	884
Fdps_-_89101638.23-P1P2	Fdps	1309	1636	1551	884	586	693	765	822	664	712	747	848	721	648	940
Nrros_-_32165479.23-P1P2	Nrros	1529	1802	1832	1115	691	978	1076	825	904	906	958	960	1127	901	1157
Spg7_-_123065532.23-P1P2	Spg7	2099	2639	2355	1464	826	1363	1496	1330	1109	1203	1182	1276	1487	1346	1510
Aars2_+_45506896.23-P1P2	Aars2	1195	1402	1253	833	468	826	848	639	663	526	572	699	552	631	764
Slc17a7_-_45163939.23-P1P2	Slc17a7	1470	1963	1565	1158	694	937	1122	1036	738	857	922	884	989	934	1116
Tbce_+_14039536.23-P1P2	Tbce	1882	2372	2354	1341	944	1187	1159	1105	815	1034	876	1172	1019	1108	1453
Cdc27_+_104550427.23-P1P2	Cdc27	2086	2587	2123	1513	878	1198	1427	1170	1141	1154	1117	1136	1328	1149	1424
Psmb7_-_38643990.23-P1P2	Psmb7	2424	2809	2741	1479	1025	1455	1422	1263	1131	1293	1253	1498	1462	1289	1659
Clp1_-_84727212.23-P1P2	Clp1	1119	1451	1249	959	556	788	915	846	605	629	739	834	681	697	855
Kat5_-_5609957.23-P1P2	Kat5	1408	1691	1815	981	543	995	938	869	703	817	788	828	788	776	930
Gnb4_+_32616495.23-P1P2	Gnb4	1837	2289	2179	1401	682	1176	1139	1082	928	978	930	1152	1196	1028	1240
Gapdh_-_125165356.23-P1P2	Gapdh	1369	1758	1919	872	512	1001	976	901	777	830	786	781	898	923	1037
Cox4i1_-_120668324.23-P1P2	Cox4i1	1063	1416	983	824	509	633	699	725	557	529	537	623	603	615	776
Abhd16a_-_35089309.23-P1P2	Abhd16a	1297	1535	1713	942	560	777	941	754	624	835	872	795	807	800	846
Serpina1a_+_103863499.23-P1P2	Serpina1a	1283	1744	2163	1011	678	1003	822	905	678	825	769	886	756	999	1003
Alb_+_90460960.23-P1P2	Alb	976	1301	1679	628	460	660	642	701	511	536	535	636	518	560	757
Tuba1b_-_98934442.23-P1P2	Tuba1b	2024	2447	1795	1423	868	1164	1508	1186	1115	1196	1184	1240	1426	1252	1531
Rhoa_+_108306389.23-P1P2	Rhoa	560	722	653	393	288	427	376	338	313	303	366	374	382	352	424
Anxa5_-_36475589.23-P1P2	Anxa5	2360	2867	2704	1647	948	1266	1462	1425	1217	1264	1388	1421	1695	1421	1610
Ppp3cb_+_20546521.23-P1P2	Ppp3cb	2310	2918	2471	1672	1100	1498	1476	1330	1081	1232	1419	1467	1462	1470	1636
Anp32a_-_62341377.23-P1P2	Anp32a	1610	1849	1302	1027	710	941	969	821	797	838	967	910	1006	1058	1083
Wnt5b_+_119544237.23-P1P2	Wnt5b	1281	1668	1546	887	641	786	753	825	764	625	672	786	747	691	890
Psmd11_-_80428992.23-P1P2	Psmd11	1797	2393	2575	1331	811	1213	1360	1122	1160	1102	1136	1446	1275	1267	1542
Atg5_-_44268589.23-P1P2	Atg5	1582	2010	2033	1109	757	924	1047	823	855	836	1026	906	993	928	1121
Ppt2_+_34627385.23-P1P2	Ppt2	1198	1453	1748	824	610	737	879	733	634	800	756	746	830	789	1050
Keap1_-_21239279.23-P1P2	Keap1	1708	2021	1584	1161	697	1056	1133	854	835	989	974	949	1052	1050	1201
Klk6_-_43824553.23-P1P2	Klk6	1113	1480	1365	826	461	686	738	699	758	668	722	709	709	709	830
Adam10_+_70679112.23-P1P2	Adam10	1186	1531	1336	823	636	825	791	780	607	740	788	779	841	738	833
Dctn6_+_34108437.23-P1P2	Dctn6	1179	1387	1343	829	546	742	670	789	600	657	599	795	687	660	869
Tbk1_-_121586491.23-P1P2	Tbk1	1384	1899	1515	1029	608	920	946	933	826	805	804	903	831	956	1018
Prkcb_-_122289143.23-P1P2	Prkcb	1530	1844	1475	1123	617	1077	942	1089	746	872	887	963	951	988	1064
Ampd2_-_108085356.23-P2	Ampd2_P2	943	1313	1379	846	490	718	666	657	479	567	600	653	627	684	773
Axin1_-_26138759.23-P1P2	Axin1	1619	1950	1722	1023	706	1032	946	925	844	884	957	1068	1048	972	1233
Fam168b_+_34842982.23-P1P2	Fam168b	1928	2352	1960	1254	849	1114	1236	1130	1001	1101	1154	1198	1206	1207	1328
Slc25a38_+_120114963.23-P2	Slc25a38_P2	991	1256	1076	769	429	586	802	649	483	564	472	627	653	539	717
Cntf_-_12765415.23-P1P2	Cntf	1286	1491	1914	916	570	971	960	762	614	704	763	795	836	779	927
Mmp9_+_164948314.23-P1P2	Mmp9	2386	3150	2771	1827	1112	1531	1591	1405	1167	1426	1473	1545	1545	1484	1736
Npc1_-_12236058.23-P1P2	Npc1	1799	2254	1973	1292	869	987	1238	1157	911	961	1038	1108	1137	1163	1219
Lgi1_+_38265007.23-P1P2	Lgi1	2023	2454	2570	1550	1002	1224	1355	1151	1181	1049	1165	1330	1272	1342	1302
Sgk1_-_21994292.23-P1P2	Sgk1	1120	1357	1121	789	468	755	653	750	502	668	717	837	766	742	854
Il15_-_82403023.23-P1P2	Il15	913	1105	984	502	489	669	532	567	532	519	534	593	595	555	652
Decr1_+_15945276.23-P1P2	Decr1	1767	2290	2655	1338	691	1160	1235	1027	1015	1047	1076	1160	1079	1191	1234
Crat_-_30415315.23-P1P2	Crat	1420	1647	1703	951	596	729	887	864	853	790	791	789	852	840	1078
Upk3b_-_136038724.23-P1P2	Upk3b	1071	1420	1461	720	475	629	795	681	591	565	616	743	731	732	815
Mpz_+_171155575.23-P1P2	Mpz	1700	2210	1692	1368	898	1405	1217	1169	964	1073	901	1153	1079	1131	1214
Angpt4_+_151911284.23-P1P2	Angpt4	1935	2543	2523	1360	884	1195	1438	1172	1101	1126	1224	1222	1316	1191	1359
Gba2_+_43578821.23-P1P2	Gba2	1567	1909	1759	980	762	946	1144	838	721	713	801	898	908	930	975
Atg5_-_44268621.23-P1P2	Atg5	1671	2086	2319	1045	656	1069	976	977	926	875	900	1019	1128	1009	1156
Slc33a1_+_63964554.23-P1P2	Slc33a1	908	1095	1220	640	404	557	580	425	439	604	599	561	608	561	637
Abcb1a_+_8660259.23-P1P2	Abcb1a	903	1023	895	610	455	524	641	545	354	462	475	557	510	484	616
Hnrnpa2b1_-_51469831.23-P1P2	Hnrnpa2b1	1202	1521	1197	878	711	929	851	816	591	670	921	797	791	708	849
Maf_+_115707816.23-P1P2	Maf	769	959	571	484	337	506	579	493	379	463	428	459	480	425	580
Chp1_-_119547847.23-P1P2	Chp1	2432	2998	2864	1587	1159	1656	1613	1493	1167	1382	1339	1453	1554	1476	1611
Il18_-_50554946.23-P1P2	Il18	938	1009	924	708	489	640	594	526	474	482	439	648	556	582	708
Tdp1_-_99884556.23-P1P2	Tdp1	1122	1496	1587	739	503	734	767	658	611	651	641	789	800	801	921
Chmp2b_-_65562691.23-P1P2	Chmp2b	1066	1219	1201	796	513	630	635	538	568	598	579	649	571	546	747
Atg12_+_46741527.23-P1P2	Atg12	1497	1713	1964	935	670	1026	944	976	730	864	859	836	889	983	1172
Thg1l_+_45955458.23-P1P2	Thg1l	2148	2556	2462	1417	879	1430	1314	1207	1105	1066	1101	1106	1269	1211	1333
Mapk3_-_126759884.23-P1P2	Mapk3	2314	2759	2727	1574	1017	1329	1407	1248	1156	1414	1206	1342	1561	1424	1716
Znhit3_-_84916259.23-P1P2	Znhit3	1311	1680	1564	982	599	826	830	782	683	776	707	850	862	821	987
Pclo_+_14515022.23-P1P2	Pclo	1198	1420	1168	742	453	738	659	763	654	600	573	738	654	728	691
Zfyve26_+_79296213.23-P1P2	Zfyve26	2490	2908	3130	1861	1133	1444	1468	1432	1270	1362	1379	1353	1440	1415	1530
Exoc2_+_30974049.23-P1P2	Exoc2	2075	2686	2755	1357	921	1301	1427	1199	1080	1147	1160	1386	1260	1307	1418
Adora1_+_134234770.23-P1P2	Adora1	1297	1625	1609	964	434	929	782	876	704	691	632	717	875	745	885
Chrna7_+_63212468.23-P1P2	Chrna7	1738	2061	1784	1133	760	982	1245	956	926	877	921	993	1147	973	1167
Mrc1_-_14229420.23-P1P2	Mrc1	1858	2274	2026	1424	806	998	1138	1083	1175	974	1022	1006	1213	1136	1162
Tfeb_-_47737146.23-P1P2	Tfeb	969	1262	1035	714	386	594	622	556	507	512	640	621	668	682	742
Chmp1a_+_123212749.23-P1P2	Chmp1a	1440	1650	1492	988	591	956	849	863	732	710	714	862	854	860	945
Ubap1_-_41349076.23-P1P2	Ubap1	1798	2133	2391	1106	616	1074	932	1040	640	759	799	985	808	885	1041
Prdx3_+_60874446.23-P1P2	Prdx3	1900	2381	2304	1380	917	1345	1344	1235	1086	949	1122	1146	1401	1281	1421
Ndufb11_+_20617014.23-P1P2	Ndufb11	1885	2494	2421	1389	887	1222	1401	1126	1217	1176	1169	1266	1415	1197	1586
non-targeting_00566	non-targeting	1382	1669	1691	864	486	847	844	777	661	746	761	924	831	851	1008
Reep2_+_34840671.23-P1P2	Reep2	1475	1777	1606	1034	539	784	929	819	664	750	758	763	865	816	912
Ube2l3_-_17201235.23-P1P2	Ube2l3	1525	1990	1472	1053	595	984	1083	994	777	998	930	970	888	999	1108
Aptx_+_40703135.23-P1P2	Aptx	779	964	1232	600	396	409	536	471	430	461	395	491	581	456	572
Hgf_-_16553903.23-P1P2	Hgf	1413	1772	1464	945	691	944	972	851	727	874	807	992	941	953	973
Acbd5_-_23069112.23-P1P2	Acbd5	1710	1936	2021	1237	739	871	998	980	922	848	967	919	1249	1028	1239
Cst3_-_148875382.23-P1P2	Cst3	1496	1887	1876	1022	692	657	1037	852	753	885	991	967	1097	915	1211
Atm_+_53536602.23-P1P2	Atm	1623	2157	1992	1279	859	1249	1199	1146	853	977	938	1044	1106	1068	1200
Atp5h_+_115419853.23-P1P2	Atp5h	1742	2275	1955	1330	840	1204	1158	1124	1050	1103	1009	1188	1227	1132	1340
Epg5_-_77938495.23-P1P2	Epg5	1093	1303	969	743	373	643	702	638	519	601	596	626	618	609	754
Tyrp1_-_80834419.23-P1P2	Tyrp1	1135	1383	1169	796	487	665	696	684	496	563	637	580	727	648	732
Gria1_-_57011815.23-P1P2	Gria1	1931	2442	2003	1363	914	1088	1217	1069	883	1079	1056	1192	1213	1192	1203
Eef2_+_81176724.23-P1	Eef2_P1	1158	1491	1401	710	449	563	560	560	326	437	318	464	333	500	541
Cd200_-_45408905.23-P1P2	Cd200	2083	2535	1980	1422	911	1178	1420	1222	1086	1127	1109	1112	1284	1132	1283
Slc25a5_-_36795631.23-P1P2	Slc25a5	1427	1678	2007	1017	674	740	1003	850	571	815	793	822	860	867	913
Zfp46_+_136284739.23-P1	Zfp46_P1	785	956	820	550	371	533	526	541	416	477	488	564	557	488	547
Tppp3_+_105471368.23-P1P2	Tppp3	1038	1357	1234	768	526	635	693	652	453	671	724	766	717	698	800
Eif2ak3_-_70844586.23-P1P2	Eif2ak3	1485	1922	1720	1161	628	946	954	875	897	829	848	821	1008	966	1097
Padi2_+_140906599.23-P1	Padi2_P1	1498	1891	1727	1086	683	1104	987	914	787	868	918	904	899	968	1201
Sirt6_-_81627476.23-P1P2	Sirt6	1469	1935	1430	1049	664	1053	1220	871	831	903	855	924	954	961	977
Plb1_+_32247510.23-P1P2	Plb1	1274	1518	1597	980	519	759	821	784	783	577	687	826	868	745	1032
Cwf19l1_-_44135775.23-P1P2	Cwf19l1	1511	2012	1402	964	683	1104	1025	894	713	844	911	840	1181	917	1203
Cnr1_+_33924982.23-P1P2	Cnr1	1827	2180	1976	1218	668	1230	1208	1152	1042	1049	1046	1266	1217	1148	1255
Htra1_+_130936257.23-P1P2	Htra1	1879	2459	2092	1431	898	1290	1442	1212	1184	1031	1194	1238	1129	1231	1403
Rab7_+_88045209.23-P1P2	Rab7	1162	1515	1486	834	553	601	798	744	677	645	626	778	661	771	835
Glo1_-_30612395.23-P1P2	Glo1	2237	2689	2000	1621	1030	1376	1525	1186	1174	1373	1323	1230	1599	1436	1695
Map3k11_-_5688764.23-P2	Map3k11_P2	1260	1438	1330	766	610	755	800	793	715	725	745	814	887	694	890
Igf1_+_87861319.23-P2	Igf1_P2	1725	1987	1564	1124	901	1163	1073	1212	762	947	968	1090	1163	1030	1209
Hmgb1_+_149053025.23-P1	Hmgb1_P1	981	1161	1339	530	437	508	668	553	555	593	684	676	517	539	774
Abhd12_-_150904666.23-P1P2	Abhd12	2167	2661	2241	1450	1089	1352	1344	1212	970	1216	1176	1340	1499	1363	1481
H2-M10.4_-_36462293.23-ENSMUST00000057502.7,ENSMUST00000169950.1	H2-M10.4	1907	2373	2121	1430	927	1114	1322	1127	1034	992	1135	1211	1116	1100	1356
Park7_-_150914372.23-P2	Park7_P2	1419	1613	1397	954	577	939	915	786	691	805	733	831	897	811	1012
Ppp3cc_-_70289425.23-P1P2	Ppp3cc	917	1211	1094	645	487	541	667	571	606	549	527	537	619	580	652
Sema6a_+_47368845.23-P1P2	Sema6a	1444	1845	1757	1097	602	984	1032	889	727	712	863	834	983	924	1087
Hdac1_+_129542322.23-P1P2	Hdac1	1136	1425	1654	843	526	752	822	786	726	667	647	771	697	745	854
Dnm1l_+_16358511.23-P1P2	Dnm1l	1588	1845	1620	1104	646	1061	991	940	804	984	850	984	1101	920	1145
Glp1r_-_30901826.23-P1P2	Glp1r	1792	2061	2177	1232	758	1183	1130	1085	958	985	1076	982	1202	1059	1289
Nedd4_+_72662441.23-P1P2	Nedd4	796	1133	1114	591	460	578	591	513	424	504	545	501	553	511	556
Wdr41_+_94976399.23-P1P2	Wdr41	848	1074	1164	558	353	508	568	485	389	494	484	571	572	525	543
Peg12_-_62464481.23-P1P2	Peg12	1579	1955	1431	1044	725	947	1047	937	771	805	1000	778	935	1008	1133
Sdha_+_74350144.23-P1P2	Sdha	956	1141	795	757	383	594	608	518	587	494	612	608	506	524	685
Ins2_-_142679705.23-P1	Ins2_P1	1573	1894	2215	1026	704	1036	1028	890	856	760	879	1046	1071	897	1193
Mapk10_+_103211288.23-P1P2	Mapk10	1597	2033	2026	1127	583	968	973	1031	817	826	890	1030	913	947	1004
Cd200_-_45408925.23-P1P2	Cd200	1414	1727	1617	1135	767	975	938	906	841	755	875	922	909	831	1013
Erbb2_-_98412495.23-P1P2	Erbb2	1963	2347	2192	1489	977	1295	1151	1165	1147	1009	942	1206	1196	1168	1432
Sgsm3_-_80977850.23-P1P2	Sgsm3	991	1254	1157	639	458	654	704	615	504	576	603	588	714	676	746
Slc11a2_+_100423038.23-P1	Slc11a2_P1	1342	1642	1274	958	513	827	973	889	649	665	776	711	809	721	945
Dnm1l_+_16358949.23-P1P2	Dnm1l	1449	1729	1787	960	644	703	870	808	780	694	704	745	816	867	962
Atf4_+_80255865.23-P1P2	Atf4	1119	1528	1216	812	508	713	773	755	640	652	700	835	751	778	989
Pclo_-_14515009.23-P1P2	Pclo	1061	1341	1161	733	404	710	769	663	516	527	513	606	649	611	788
Htra1_+_130936278.23-P1P2	Htra1	1880	2271	2215	1357	759	1180	1123	1150	932	1075	946	1135	1250	1274	1334
Gpx6_+_21312559.23-P1P2	Gpx6	1774	2259	2107	1207	802	1091	1263	1090	865	994	903	1108	1148	1157	1342
Atl1_-_69893287.23-P1P2	Atl1	802	940	550	591	402	446	484	463	382	404	466	547	476	433	516
Nhlrc1_+_47014772.23-P1P2	Nhlrc1	761	1047	899	489	339	537	546	371	325	345	461	448	503	415	568
Sema3c_-_17574789.23-P1P2	Sema3c	1320	1662	1468	923	613	828	977	816	721	752	785	912	829	892	1041
Mcoln1_-_3500519.23-P1P2	Mcoln1	975	1136	1277	716	384	624	551	590	454	503	557	559	543	539	736
Fshr_-_89200667.23-P1P2	Fshr	1655	2288	1926	1175	724	1120	1139	1109	884	868	964	1042	1008	988	1213
Gch1_+_47189375.23-P1P2	Gch1	1574	1876	2106	1036	684	1023	890	954	786	938	861	934	1100	931	980
Wnt2b_-_104961629.23-P1P2	Wnt2b	2596	2882	2632	1668	1102	1496	1459	1447	1303	1333	1422	1372	1558	1436	1742
Sst_-_23890805.23-P1P2	Sst	1750	2258	1908	1237	775	1155	1170	962	1069	995	929	1099	1294	1190	1490
Igf1_+_87859297.23-P1	Igf1_P1	1258	1524	1695	919	617	769	749	760	632	770	724	751	720	740	847
Wfs1_-_36988929.23-P1P2	Wfs1	1322	1660	1819	1150	741	999	1007	830	691	696	887	914	922	944	1129
Pik3cd_-_149698576.23-P1P2	Pik3cd	1865	2293	2116	1377	846	1249	1154	1123	906	966	1180	1182	1198	1196	1295
Atg13_-_91710352.23-P1P2	Atg13	1372	1898	1807	945	626	900	961	843	863	772	932	888	969	842	972
Psmc6_-_45329850.23-P1P2	Psmc6	2310	3016	2943	1551	1133	1311	1274	1312	1071	1137	1106	1362	1177	1328	1508
Cacna1c_+_118757929.23-ENSMUST00000112825.2	Cacna1c	1937	2548	2117	1394	904	1312	1409	1316	1256	1141	1138	1319	1253	1172	1397
Crp_-_172698286.23-P1P2	Crp	1019	1453	1214	737	530	798	761	719	702	618	632	705	842	722	745
Slc9a1_-_133369812.23-P1P2	Slc9a1	1879	2309	2271	1430	795	1150	1271	1254	1090	1073	1121	1245	1208	1226	1217
Cwf19l1_-_44135805.23-P1P2	Cwf19l1	1413	1695	1488	1067	632	844	1048	916	729	772	807	938	966	851	963
Fosb_+_19310015.23-P1P2	Fosb	1362	1896	1703	997	595	950	1070	1019	801	727	849	1029	1051	956	1081
Exosc9_+_36552697.23-P1P2	Exosc9	1377	1581	1576	849	570	938	753	744	580	631	566	704	716	698	747
Casp12_-_5345686.23-P1P2	Casp12	1907	2560	2128	1315	987	1231	1365	1297	935	1177	1207	1229	1261	1279	1328
Parp1_+_180568970.23-P1P2	Parp1	1555	1779	1807	932	706	1024	1042	741	756	823	892	825	900	923	980
Tfpi2_+_3968320.23-P1P2	Tfpi2	1480	1826	1654	1060	662	970	1208	969	883	778	773	978	908	810	1129
Atf6_-_170867721.23-P1P2	Atf6	1399	1687	1388	856	597	828	897	697	795	765	686	782	870	801	785
Atr_-_95857728.23-P1P2	Atr	837	1050	1099	585	351	616	579	543	472	463	538	548	574	511	651
Ap5z1_-_142464076.23-P1P2	Ap5z1	2096	2622	1963	1416	962	1381	1376	1244	1039	1035	1179	1289	1508	1277	1497
Mmp9_+_164948249.23-P1P2	Mmp9	1823	2271	1706	1242	839	1121	1326	1129	916	1001	1131	1108	1226	1083	1198
Fasl_+_161788310.23-P1P2	Fasl	686	870	1012	505	345	506	476	458	457	398	458	450	392	439	466
Uqcr10_+_4704155.23-P1P2	Uqcr10	879	1103	790	609	466	412	631	535	552	551	537	571	510	584	602
Hnrnpa2b1_-_51469774.23-P1P2	Hnrnpa2b1	2078	2763	2136	1590	959	1355	1447	1329	1162	1253	1310	1367	1353	1334	1601
Tlr4_+_66827826.23-P1P2	Tlr4	1969	2525	2177	1440	909	1249	1349	1241	1188	1104	1237	1152	1202	1307	1418
Tppp3_-_105471322.23-P1P2	Tppp3	1477	1706	1527	1005	672	853	873	848	687	825	782	778	849	954	1028
Ube2l6_-_84798926.23-P1P2	Ube2l6	2414	3079	2554	1513	1115	1493	1580	1611	1311	1474	1442	1650	1572	1574	1987
Tnfrsf1a_+_125349827.23-P1P2	Tnfrsf1a	1063	1358	1116	810	450	643	622	646	543	595	659	714	674	716	859
Actr10_-_70937982.23-P1P2	Actr10	1165	1418	1140	818	601	594	774	756	610	601	617	569	649	609	843
Psma8_-_14706233.23-P1P2	Psma8	2003	2441	2620	1326	952	1343	1274	1121	924	1177	1164	1155	1175	1147	1437
Ostm1_-_42678933.23-P1P2	Ostm1	1571	1930	1763	1034	643	1056	873	1014	822	737	795	892	749	791	863
Bap1_-_31251538.23-P1P2	Bap1	1607	2049	2309	1261	726	1007	1186	1065	787	917	940	1061	1088	926	1139
Ap4e1_-_127008768.23-P1P2	Ap4e1	1431	1700	1537	1066	767	962	902	839	689	890	844	821	779	762	1030
Kitl_-_100015866.23-P1P2	Kitl	2563	3340	3718	2008	1141	1832	1621	1650	1325	1696	1588	1554	1932	1631	1712
Optn_-_5064022.23-P1P2	Optn	971	1257	1223	722	470	565	765	728	532	532	578	577	575	593	728
Cyp2d34_+_82620583.23-P1P2	Cyp2d34	903	1140	1018	626	367	520	573	562	562	498	516	512	586	585	680
Psen2_+_180256206.23-P1	Psen2_P1	1587	1776	1712	1031	664	785	989	1067	794	815	824	996	910	990	1007
Setx_-_29125188.23-P1P2	Setx	1555	1987	1830	1245	738	1149	1159	1073	888	913	884	1095	1076	1012	1171
Fgf1_+_38918620.23-P1P2	Fgf1	730	857	656	536	414	565	515	455	412	408	434	484	485	502	480
Mif_+_75860261.23-P1P2	Mif	1348	1751	1568	1048	622	863	865	880	727	712	760	827	854	866	912
Polr3b_-_84622421.23-P1P2	Polr3b	1393	1613	1669	721	432	728	666	673	465	549	388	615	456	670	705
Pus1_-_110780562.23-P1P2	Pus1	1501	1853	1744	1032	671	956	1038	855	725	778	934	915	888	860	1104
Sbf1_+_89315231.23-P1P2	Sbf1	727	939	783	598	375	539	632	411	416	472	510	452	356	429	510
Cst10_+_149405382.23-P1P2	Cst10	1200	1517	1402	963	548	750	835	879	728	611	614	782	694	706	779
Galc_+_98259307.23-P1P2	Galc	978	1144	964	645	384	654	646	625	522	490	495	583	612	568	687
Glo1_-_30612411.23-P1P2	Glo1	2228	2529	2104	1420	1052	1297	1392	1305	1200	1231	1168	1408	1443	1459	1545
Abca7_-_79996508.23-P1P2	Abca7	1335	1685	1351	976	589	905	897	687	567	786	723	840	953	739	918
Nrbf2_+_67285272.23-P1P2	Nrbf2	1856	2332	2502	1365	891	1099	1323	1237	1035	1113	1089	1216	1267	1209	1448
Ndufv2_+_66101493.23-P1P2	Ndufv2	1728	2177	2357	1320	926	1088	1208	1146	862	938	999	1086	1200	1072	1263
Trap1_+_4077784.23-P1P2	Trap1	680	870	1011	529	476	396	579	509	436	440	510	512	460	385	574
Rb1cc1_+_6214721.23-P1P2	Rb1cc1	1349	1718	1647	1026	637	1058	965	815	743	800	864	914	949	965	1102
Aqp4_+_15403601.23-P1P2	Aqp4	1833	2225	1991	1246	825	1051	1195	1130	789	1071	1088	1059	1188	1231	1327
Slc25a31_-_40708914.23-P1P2	Slc25a31	1285	1532	1216	780	520	723	779	746	659	749	688	846	847	738	952
Sncb_+_54766298.23-P1P2	Sncb	1579	1893	1538	1032	645	875	955	957	826	874	835	967	977	935	1115
Atp5o_+_91931518.23-P1P2	Atp5o	1749	2249	2208	1300	678	1019	1144	1057	878	986	950	1115	1163	1133	1259
Gba_-_89203337.23-P1P2	Gba	1122	1504	1191	799	598	745	833	629	587	731	683	732	674	686	825
Sdhc_-_171150547.23-P1P2	Sdhc	1616	2039	1471	1376	899	1187	1301	1155	1049	917	1003	1094	1014	1038	1167
Pik3c3_-_30273108.23-P1P2	Pik3c3	1456	1713	2327	1017	585	909	930	800	657	639	523	751	693	800	891
Capn1_-_6015145.23-P1P2	Capn1	2087	2630	2107	1412	976	1418	1283	1013	1095	1184	1025	1279	1402	1265	1607
Tomm40l_-_171222409.23-P1P2	Tomm40l	1465	1771	1927	1174	589	1124	1072	982	882	800	852	975	1000	897	1106
Thy1_-_44043476.23-P1P2	Thy1	2133	2566	2436	1581	1082	1399	1295	1308	1042	1130	1223	1347	1311	1286	1502
Cacna1a_+_84415379.23-ENSMUST00000121390.1	Cacna1a	1546	1837	1678	1055	590	789	952	988	656	779	900	1052	883	835	955
Chp1_+_119547827.23-P1P2	Chp1	1392	1803	1404	968	706	859	946	861	707	798	811	830	825	805	1006
Serpina3j_-_104314851.23-ENSMUST00000109957.2	Serpina3j	1769	2143	2049	1459	927	1023	1281	1255	1041	906	1089	1294	1062	1090	1306
Mcoln1_+_3500565.23-P1P2	Mcoln1	1624	1874	1530	1007	716	897	1050	1026	776	782	909	964	953	912	1061
Sdhd_+_50603597.23-P1P2	Sdhd	1391	1694	1454	992	634	1023	898	885	772	734	665	830	762	780	1002
Tubal3_-_3924718.23-P1P2	Tubal3	815	1049	784	593	390	453	612	601	482	497	461	610	464	559	613
Dnah2_+_69544351.23-ENSMUST00000035539.5	Dnah2	1234	1708	1612	1047	638	975	968	855	732	837	880	925	851	925	989
Ngfr_+_95587519.23-P1P2	Ngfr	2147	2646	2939	1516	968	1496	1513	1430	1231	1181	1290	1412	1407	1414	1627
Calml3_-_3804271.23-P1P2	Calml3	999	1269	1135	766	480	604	564	645	451	515	593	579	691	575	738
Pi4ka_+_17405853.23-P1P2	Pi4ka	2361	2841	1998	1504	1019	1266	1409	1234	1028	1225	1227	1328	1597	1487	1580
Slc52a3_+_151999926.23-P2	Slc52a3_P2	1135	1314	1607	837	469	832	785	633	612	656	577	662	678	637	787
Cyp27a1_+_74713574.23-P1P2	Cyp27a1	1358	1741	1320	1123	723	870	995	891	684	750	737	935	990	895	1062
Igf1_-_87859228.23-P1	Igf1_P1	1609	1924	1824	1210	776	1027	1067	876	771	941	921	959	1105	1119	1123
Eif2b1_+_124578999.23-P1P2	Eif2b1	1539	1923	2046	1003	728	1077	888	836	721	865	874	1013	1116	982	1259
Rtn4_-_29693024.23-P1P2	Rtn4	1239	1575	1736	868	588	776	813	771	739	685	780	848	817	840	874
Nos2_-_78920867.23-P1P2	Nos2	1647	2148	1678	1253	874	1158	1325	962	785	995	1093	1123	1284	1111	1262
Plekhg5_-_152086931.23-P1P2	Plekhg5	1822	2413	2369	1347	913	1331	1326	1139	911	1007	1059	1187	1396	1212	1304
Csf1_+_107760098.23-P1P2	Csf1	1199	1437	1311	896	548	710	862	767	594	667	669	715	787	709	806
Bscl2_+_8840565.23-P1	Bscl2_P1	1363	1764	1676	1055	761	912	920	779	644	841	817	878	898	843	1008
Pon3_-_5256227.23-P1P2	Pon3	1484	1810	1810	1122	627	983	1100	941	755	758	812	894	909	941	1126
Dlst_+_85110891.23-P1P2	Dlst	1771	1930	2018	1133	748	1016	1020	1014	1069	936	1000	953	1061	1089	1221
non-targeting_04319	non-targeting	1246	1411	1274	824	511	670	836	813	689	600	620	711	724	650	884
Psma6_-_55399083.23-P1P2	Psma6	1359	1785	1930	882	550	778	782	817	696	655	683	768	711	706	975
Fzd9_+_135251223.23-P1P2	Fzd9	1366	1681	1476	1000	578	969	881	982	605	854	777	797	850	870	1090
Hspa8_-_40801348.23-P1	Hspa8_P1	1674	2289	2483	1393	778	1043	1241	1062	968	990	953	1005	1004	1052	1218
Ucp2_+_100493370.23-P1	Ucp2_P1	1384	1579	1483	921	626	959	1007	980	756	721	839	847	764	769	985
Fbln5_-_101818813.23-P1P2	Fbln5	1151	1468	1251	739	445	722	759	765	627	611	642	758	823	756	893
Dpp6_-_27261980.23-P1	Dpp6_P1	1565	1952	1425	1192	728	1094	1100	975	939	921	922	912	974	941	1245
Ndufa4l2_-_127515016.23-P1P2	Ndufa4l2	834	988	912	564	397	473	618	529	361	505	521	504	453	508	711
Ubtf_+_102318959.23-P1P2	Ubtf	1349	1664	1967	945	624	977	998	911	839	696	707	921	749	830	1068
Slc11a2_+_100422950.23-P1	Slc11a2_P1	1954	2484	1926	1294	802	1073	1178	1177	973	976	1025	1188	1133	1098	1351
Gstm2_+_107986414.23-P1P2	Gstm2	1102	1485	1661	680	521	744	797	723	730	615	616	792	689	707	933
Mapk11_+_89149444.23-P1P2	Mapk11	1005	1375	1018	721	432	565	716	586	456	478	523	539	633	586	708
Ndufs7_-_80249509.23-P1P2	Ndufs7	1886	2450	2039	1221	827	1314	1245	1148	1119	1044	1132	1254	1251	1208	1491
Mme_-_63300260.23-P1	Mme_P1	864	1058	871	579	335	437	565	534	427	484	494	471	507	498	605
Cln3_-_126583330.23-P1P2	Cln3	1279	1600	1633	837	688	828	772	780	628	751	690	755	961	770	848
Phpt1_+_25574835.23-P1P2	Phpt1	1753	2137	2050	1273	731	1223	998	1028	860	1009	951	1037	1197	913	1218
Dnah7c_+_46609359.23-ENSMUST00000178395.1	Dnah7c	1432	1876	1601	1091	735	986	1014	818	811	876	763	823	970	849	1000
non-targeting_02054	non-targeting	1551	1921	2044	1218	762	1012	1150	937	831	863	956	923	869	866	1065
H2-M10.3_-_36368283.23-ENSMUST00000073546.3	H2-M10.3	1256	1521	1522	768	563	786	811	730	568	788	731	780	1007	785	935
Rho_-_115931934.23-P1P2	Rho	1880	2453	2211	1344	903	1335	1221	1134	1090	1182	1189	1168	1335	1099	1468
Cfdp1_-_111854293.23-P1P2	Cfdp1	2050	2359	1795	1259	829	1122	1176	1088	869	914	930	1019	977	1071	1267
Gstm3_-_107969136.23-P1P2	Gstm3	1726	2044	1730	1118	725	1077	1022	1026	819	918	986	1117	1169	1089	1274
Dst_+_34011590.23-P1P2	Dst	2990	3719	3840	2158	1476	1982	2098	1649	1655	1809	1726	1836	2032	1946	2059
Uchl1_+_66676254.23-P1P2	Uchl1	2234	2673	2960	1523	1054	1447	1361	1218	1072	1260	1223	1343	1389	1288	1481
Casp7_-_56397275.23-P1P2	Casp7	1449	1817	1194	986	633	928	993	838	798	820	842	874	969	868	1093
Ngfr_-_95587681.23-P1P2	Ngfr	2239	2735	2359	1517	898	1377	1429	1358	1206	1160	1227	1331	1487	1328	1583
Cacna1s_-_136052833.23-P1P2	Cacna1s	1113	1434	1128	770	497	675	749	666	504	615	663	597	610	700	823
Sema3c_+_17574803.23-P1P2	Sema3c	1698	1978	1338	1110	724	949	1202	1008	808	1002	952	1033	1110	1024	1209
Grin2a_+_9995028.23-P1P2	Grin2a	1650	2194	2092	1246	693	1172	1141	988	856	933	993	1018	1009	1086	1111
Gemin4_-_76243639.23-P2	Gemin4_P2	1140	1379	1428	743	578	713	844	708	665	792	723	649	724	726	815
Ndrg2_+_51913334.23-P1P2	Ndrg2	1377	1664	1381	942	567	789	966	837	573	733	788	776	792	865	1024
Pparg_+_115361484.23-P1P2	Pparg	1192	1380	1370	772	472	858	825	773	593	661	703	702	690	741	919
Ppif_+_25694214.23-P1P2	Ppif	1493	1741	1934	984	665	898	936	864	858	833	808	805	918	848	987
Psmd7_-_107588348.23-P1P2	Psmd7	1832	2227	2194	1363	927	989	1145	1112	920	1026	1134	1126	1115	1155	1290
Vrk1_+_106010338.23-P1P2	Vrk1	1793	2230	2194	1186	704	1001	1171	1196	998	929	1090	1060	1161	953	1231
Grin2a_+_9995035.23-P1P2	Grin2a	1278	1424	1636	914	520	697	865	815	666	697	584	854	839	837	923
Ang4_-_51773247.23-P1P2	Ang4	980	1236	973	732	435	550	775	665	595	628	586	672	687	686	725
Ndufb7_-_83566824.23-P1P2	Ndufb7	757	941	771	489	281	411	592	494	451	395	479	467	482	460	606
Tubb4b_+_25224926.23-P1P2	Tubb4b	671	806	756	429	291	403	534	380	358	331	433	359	413	371	464
Ern1_-_106487794.23-P1P2	Ern1	1660	1883	1678	980	670	850	979	979	848	854	863	969	989	796	1115
Echs1_-_140116395.23-P1P2	Echs1	1704	2068	1952	1009	764	1043	990	1047	670	808	916	998	971	924	1130
Nbn_-_15958078.23-P1P2	Nbn	1877	2388	2261	1272	801	1076	1299	1164	958	937	1048	1106	1074	1106	1336
Tsen2_+_115544743.23-P1P2	Tsen2	624	780	586	364	196	352	386	322	218	289	189	299	245	280	312
Vim_+_13574315.23-P1P2	Vim	912	1134	830	604	450	709	567	595	488	602	561	704	588	555	808
Bak1_-_27028514.23-P1P2	Bak1	868	1095	1121	654	438	570	546	621	402	510	480	506	562	613	661
non-targeting_03156	non-targeting	1160	1342	1685	790	428	766	715	643	551	607	622	725	755	676	847
Canx_+_50325584.23-P1P2	Canx	2142	2755	2135	1538	1003	1375	1406	1471	957	1242	1140	1270	1365	1308	1591
Spg7_+_123065839.23-P1P2	Spg7	941	1237	1482	733	405	766	717	672	661	620	602	719	667	580	819
Mapk13_+_28769392.23-P1P2	Mapk13	854	1156	764	592	367	642	642	542	442	564	485	531	543	575	719
Gria1_-_57011826.23-P1P2	Gria1	2107	2605	2212	1402	1000	1248	1382	1240	1007	1154	1258	1320	1400	1361	1571
Cnp_+_100574987.23-P1P2	Cnp	1063	1256	856	725	445	700	637	543	560	660	569	700	674	603	682
Pik3r5_+_68432172.23-P1P2	Pik3r5	795	1080	845	565	453	602	544	572	381	473	485	534	559	575	636
Wnt7b_-_85577814.23-P2	Wnt7b_P2	1216	1620	1348	895	474	802	829	746	613	784	826	778	845	801	946
Atr_+_95857709.23-P1P2	Atr	1870	2292	1965	1304	914	1050	1293	1170	996	1045	1148	1163	1243	1171	1418
Cox5a_-_57521287.23-P1P2	Cox5a	1755	2147	1701	1090	746	991	1153	1008	937	804	973	942	969	1007	1110
Psma2_+_14613471.23-P1P2	Psma2	1496	1790	1971	1157	677	890	983	1045	695	779	879	911	990	905	1036
Fzd7_+_59482136.23-P1P2	Fzd7	1382	1740	1666	981	629	786	998	904	792	823	790	863	920	796	1040
Eif4g2_-_111081551.23-P2	Eif4g2_P2	958	1211	1065	727	358	503	624	528	586	574	539	632	633	613	657
Psmd4_-_95042368.23-P1P2	Psmd4	989	1336	770	752	383	600	646	606	559	535	584	564	672	623	745
Bcl10_+_145924346.23-P1P2	Bcl10	1335	1669	1471	931	596	885	926	721	669	845	671	787	869	913	974
Tmem230_-_132247773.23-P1P2	Tmem230	954	1062	985	577	376	528	622	557	516	595	588	553	506	602	602
Map2_+_66175358.23-P1	Map2_P1	824	1077	803	601	433	602	423	433	453	501	522	566	575	634	637
Cnr2_-_135895531.23-P1	Cnr2_P1	901	1131	858	650	432	591	680	575	642	582	584	543	694	559	740
Psmd14_+_61712065.23-P1P2	Psmd14	2102	2563	2920	1479	1049	1320	1329	1201	1180	1046	1120	1318	1414	1197	1477
Csnk2a1_-_152226588.23-P1P2	Csnk2a1	1448	1779	1656	1102	637	835	1001	864	671	728	900	829	932	873	1136
Zfp78_-_6363363.23-P1P2	Zfp78	922	1236	1061	667	419	633	740	569	431	533	536	684	624	620	633
Eef2_+_81176665.23-P1	Eef2_P1	1042	1261	1137	647	408	451	507	480	381	566	364	547	384	513	623
Ftl1_+_45458985.23-P1P2	Ftl1	1130	1193	1291	797	536	638	730	598	497	559	540	576	599	607	771
Tardbp_+_148626742.23-P1P2	Tardbp	1843	2362	1661	1228	924	1335	1254	1159	1068	1109	1118	1125	1381	1090	1301
Ap4b1_+_103809892.23-P1P2	Ap4b1	1478	2024	2086	1315	699	899	1006	955	729	955	1021	1042	1097	1149	1250
Pqbp1_-_7899180.23-P1P2	Pqbp1	559	732	558	337	286	329	388	364	305	301	340	306	368	340	477
Hsf1_+_76477430.23-P1P2	Hsf1	2508	3159	3254	1779	1104	1517	1667	1506	1453	1148	1315	1542	1586	1386	1708
Axin2_+_108921045.23-P1P2	Axin2	793	912	781	488	296	373	572	453	403	446	490	473	508	429	610
Sdhb_-_140961396.23-P1P2	Sdhb	2028	2545	2306	1467	989	1187	1365	1225	1242	1180	1128	1318	1416	1293	1444
Braf_-_39725321.23-P1P2	Braf	1304	1540	1486	830	604	757	833	720	748	766	704	770	867	894	865
Atl1_-_69893294.23-P1P2	Atl1	949	1119	1052	642	454	573	588	548	529	530	624	651	725	705	673
Hdac1_+_129542673.23-P1P2	Hdac1	1204	1549	1289	901	522	742	808	804	604	671	732	725	738	674	844
Elavl1_+_4325058.23-P1P2	Elavl1	2172	2475	2086	1560	865	1470	1306	1104	1066	1181	1142	1327	1210	1331	1349
Hspa8_-_40802397.23-P2	Hspa8_P2	1765	2128	1937	1127	763	1201	1090	1170	936	1153	1084	1131	1131	1157	1329
Vcp_+_43000049.23-P1P2	Vcp	1788	2213	2230	1178	783	970	958	1059	847	999	738	989	856	1057	1062
Mthfr_-_148041173.23-P2	Mthfr_P2	1420	1742	2358	975	647	741	897	825	772	693	851	823	922	942	1023
Tsen2_-_115544950.23-P1P2	Tsen2	1861	2132	2100	1117	792	974	976	977	910	903	615	987	843	807	1056
Snap25_+_136713495.23-P1P2	Snap25	1097	1456	1135	810	457	708	736	679	685	512	590	717	636	605	814
P2rx7_-_122643939.23-P1P2	P2rx7	1527	1848	2116	1041	622	1024	1088	1087	815	938	857	894	986	943	1205
Gabarapl1_+_129533220.23-P1P2	Gabarapl1	577	787	554	530	288	341	440	326	304	336	350	309	419	328	357
Map3k11_-_5689844.23-P1	Map3k11_P1	1481	1857	1571	1186	751	1037	987	913	805	869	892	959	1060	940	1002
Tat_-_109990481.23-P1P2	Tat	1062	1268	1238	786	545	677	710	606	668	612	646	693	761	704	817
Pmp22_+_63133149.23-P2	Pmp22_P2	1881	2484	2245	1391	964	1290	1177	1196	951	1189	1185	1202	1366	1128	1520
Eif4g2_-_111081554.23-P2	Eif4g2_P2	1228	1532	1130	803	531	707	922	844	788	522	649	676	779	686	811
Epha4_+_77515027.23-P1P2	Epha4	901	1159	953	737	370	568	631	498	522	471	523	452	608	506	613
Morc2a_-_3649304.23-P1P2	Morc2a	1237	1592	1484	863	577	755	816	730	668	674	811	785	754	758	917
Uchl3_-_101654052.23-P1P2	Uchl3	1306	1552	1422	903	619	764	859	814	693	803	728	777	928	846	928
Prickle2_+_92481372.23-P2	Prickle2_P2	2629	3091	2741	1703	1101	1551	1475	1495	1328	1409	1512	1586	1560	1505	1816
Psmc2_+_21785319.23-P1	Psmc2_P1	1478	1905	1632	1032	631	994	1009	867	862	847	914	991	941	975	1082
Ndufs1_+_63176612.23-P1P2	Ndufs1	1169	1609	1459	904	613	885	875	824	797	658	722	882	839	820	889
Inf2_+_112604159.23-P2	Inf2_P2	955	1091	1098	632	326	611	638	578	542	483	573	621	584	609	612
Cyld_-_88697111.23-P1P2	Cyld	1321	1627	1862	976	566	807	989	863	569	713	672	754	714	815	867
Htra1_+_130936371.23-P1P2	Htra1	1245	1445	1148	707	512	735	778	800	554	654	781	661	726	776	792
Psmd11_+_80428690.23-P1P2	Psmd11	1115	1387	1088	734	488	649	750	625	499	574	562	699	580	620	863
Ogg1_+_113327198.23-P1P2	Ogg1	1995	2367	2219	1462	980	1333	1449	1123	1032	1002	1008	1161	1090	1203	1261
Pin1rt1_-_104716122.23-ENSMUST00000099659.2	Pin1rt1	2016	2448	2418	1394	867	1221	1353	1245	966	1185	1203	1268	1174	1291	1502
Gnb4_+_32616433.23-P1P2	Gnb4	1786	2006	1671	1203	860	1226	1108	1025	894	944	952	981	963	1081	1096
Anxa1_+_20390291.23-P1P2	Anxa1	1260	1652	1340	981	575	799	825	774	599	770	778	881	844	706	926
Ctsf_-_4855465.23-P1P2	Ctsf	1197	1490	1337	825	497	766	866	737	641	694	831	715	889	784	880
Nrtn_-_56757433.23-P1P2	Nrtn	910	1094	611	624	436	487	688	541	459	525	511	508	661	519	649
Rars2_-_34615010.23-P1P2	Rars2	2084	2418	1886	1395	819	1098	1088	1129	1061	976	984	1057	1178	1200	1270
Cadm3_-_173367602.23-P1P2	Cadm3	1354	1615	1267	863	644	782	1004	788	830	788	762	762	876	826	891
Irs1_+_82290887.23-P1P2	Irs1	1640	1894	1428	1130	716	1069	1109	969	871	807	766	985	918	948	990
Gemin4_-_76217491.23-P1	Gemin4_P1	964	1250	1393	711	438	631	561	494	638	602	620	617	617	610	770
Vps53_+_76179599.23-P1P2	Vps53	1324	1476	1847	666	390	713	658	668	558	512	544	567	496	553	719
Atp2a2_-_122502185.23-P1P2	Atp2a2	2080	2781	2904	1358	1074	1422	1362	1224	1178	1140	1286	1332	1475	1327	1534
Ube2l3_-_17201132.23-P1P2	Ube2l3	1258	1688	1253	982	503	773	937	717	629	800	782	761	819	756	997
Wnt6_+_74771965.23-P1P2	Wnt6	1387	1622	2197	1005	552	775	998	822	782	704	851	816	749	797	850
Xpnpep1_-_53038577.23-P1P2	Xpnpep1	1137	1350	1081	861	469	713	678	709	575	622	627	674	662	619	768
H2-M10.4_-_36462271.23-ENSMUST00000057502.7,ENSMUST00000169950.1	H2-M10.4	1518	1971	1411	1127	734	1012	1048	970	813	790	963	988	947	1004	1177
Cox5b_+_36691787.23-P1P2	Cox5b	1458	1800	1386	1015	714	1122	940	949	721	801	841	885	1021	879	1045
Ndufb2_-_39592635.23-P1P2	Ndufb2	1447	1998	1891	1078	768	870	1145	845	854	848	938	1005	1036	981	1157
Atp5d_+_80142460.23-P1P2	Atp5d	1534	1997	1941	1019	732	1041	1054	811	782	860	962	971	1000	946	1208
Map2k5_-_63377845.23-P1P2	Map2k5	1855	2354	2233	1387	913	1314	1260	1073	1111	1045	1027	1181	1153	1196	1228
Psmb7_-_38643874.23-P1P2	Psmb7	877	1143	1103	520	373	572	581	516	500	457	509	625	605	482	597
Prx_-_27507885.23-P2	Prx_P2	1413	1682	1659	876	543	858	847	819	617	790	925	854	928	990	1075
Bax_+_45466748.23-P1P2	Bax	1887	2380	2295	1386	820	1247	1171	1271	957	1060	1041	1165	1282	1313	1321
Msx2_+_53472721.23-P1P2	Msx2	1160	1419	1185	897	569	747	828	739	646	585	741	686	737	718	842
Cant1_+_118418918.23-P1P2	Cant1	1236	1587	1144	953	615	902	901	818	658	610	668	724	781	683	925
Grm5_+_87584390.23-P1P2	Grm5	641	652	636	332	237	374	343	354	276	280	229	319	308	375	324
Sigmar1_+_41741086.23-P1P2	Sigmar1	1117	1459	1501	902	547	639	867	765	632	652	614	713	758	707	759
Sgcg_-_61258404.23-P1P2	Sgcg	980	1219	1200	711	446	576	535	550	499	538	615	571	563	620	672
Rb1_+_73325721.23-P1P2	Rb1	1429	1851	1959	1103	706	1015	1047	902	852	961	931	1053	1135	990	1085
Pnp2_-_50956209.23-P1P2	Pnp2	2022	2728	2296	1404	1006	1213	1456	1220	1194	1193	1304	1356	1330	1253	1630
Emilin1_-_30913718.23-P1P2	Emilin1	1609	2186	1925	1119	735	959	1092	1022	853	916	942	1024	1128	1025	1355
Fbxo38_+_62548628.23-P1P2	Fbxo38	1652	2066	2107	1194	829	867	1168	968	722	857	877	979	1031	1000	1123
Exosc1_-_41933005.23-P1P2	Exosc1	938	1230	723	718	444	568	631	573	524	495	511	593	595	486	666
Cdca5_-_6085140.23-P1P2	Cdca5	1300	1653	1438	879	661	756	977	822	805	686	785	842	849	784	823
Smcr8_-_60777598.23-P1P2	Smcr8	1975	2378	2398	1290	819	1155	1460	1111	1096	1029	1089	1250	1045	1188	1453
Ucp2_-_100498197.23-P2	Ucp2_P2	1743	2197	2200	1233	823	1129	1082	1025	870	1008	1088	1077	1050	1038	1343
Pdk3_-_93832137.23-P1P2	Pdk3	1753	2107	2311	1312	751	1071	1045	1041	920	981	980	1162	1169	1100	1297
Abl1_+_31688585.23-P1P2	Abl1	1318	1611	1555	999	654	1024	827	814	700	779	832	830	944	902	966
Mpg_-_32226727.23-P1P2	Mpg	2558	3019	3165	1737	998	1621	1646	1588	1469	1490	1540	1601	1613	1423	1822
Pnpla6_-_3515442.23-P1	Pnpla6_P1	2117	2698	2855	1471	1015	1566	1643	1398	1236	1259	1217	1412	1477	1330	1664
Dnah7a_-_53706758.23-P1P2	Dnah7a	1644	2267	1935	1158	759	1073	1137	1101	931	973	1129	1027	1162	1070	1178
Ptges_+_30903204.23-P1	Ptges_P1	1237	1528	1195	868	506	777	790	658	747	726	625	758	718	817	875
Pin1_-_20652171.23-P1P2	Pin1	1350	1633	1465	1001	633	729	925	805	722	749	819	878	907	860	1074
Uba7_-_107975569.23-P1	Uba7_P1	1268	1811	1493	848	547	679	763	748	685	726	727	852	908	844	834
Tnr_+_159737586.23-ENSMUST00000111669.3	Tnr	1856	2505	1701	1443	937	1279	1113	1260	1118	960	1112	1090	1351	1176	1452
Tango2_+_18343828.23-P1P2	Tango2	1294	1661	1644	896	523	925	907	705	712	740	717	803	841	893	869
Junb_+_84978625.23-P1P2	Junb	2040	2721	2798	1475	1103	1402	1477	1269	1102	1230	1373	1426	1441	1490	1744
Serpina1b_-_103827828.23-P1P2	Serpina1b	1439	1675	2046	1026	621	800	958	889	664	856	745	907	761	768	1005
Thy1_-_44043455.23-P1P2	Thy1	1832	2285	2162	1299	755	1154	1174	1020	816	943	968	1077	1209	1182	1320
Gabpa_+_84835449.23-P1P2	Gabpa	1595	2014	1651	1106	700	1167	921	1018	751	846	822	1007	891	945	1121
Wnt5a_+_28505803.23-P1	Wnt5a_P1	1430	2028	1551	1003	749	792	991	831	834	842	857	1033	998	992	1238
Chrm3_+_9878919.23-ENSMUST00000063093.9	Chrm3	1778	2135	1614	1305	788	1091	1090	1018	856	1011	1049	1002	986	1091	1326
Cst10_-_149405368.23-P1P2	Cst10	1439	1794	1980	988	603	808	870	930	706	693	924	847	789	820	946
Psmd9_-_123228332.23-P1P2	Psmd9	1782	2287	2173	1302	777	1128	1256	1193	951	1011	975	1138	1138	1065	1286
Ywhaq_+_21417569.23-P1P2	Ywhaq	1135	1410	1333	732	573	640	716	644	751	664	701	696	694	723	905
Uqcrh_+_116074767.23-P1P2	Uqcrh	1531	1869	1950	1109	656	963	1032	974	884	821	912	996	970	941	1151
Nox1_-_134111725.23-P1P2	Nox1	713	923	948	519	398	597	547	490	501	408	386	407	489	461	472
Epha4_+_77515037.23-P1P2	Epha4	1923	2374	2176	1297	888	1447	1297	1335	1055	1226	1137	1187	1360	1183	1288
Ap4m1_-_138172144.23-P1P2	Ap4m1	1208	1408	1088	852	476	704	764	749	554	593	561	684	728	662	883
Cav1_-_17306495.23-P2	Cav1_P2	1043	1352	1377	754	542	649	698	542	443	625	624	604	724	581	660
Pin1rt1_-_104716149.23-ENSMUST00000099659.2	Pin1rt1	1774	2297	2550	1296	778	1225	1270	1135	965	959	996	1033	1149	991	1166
Atrx_-_105929086.23-P1P2	Atrx	1447	1812	1863	1026	564	931	836	824	743	730	872	844	834	821	1037
Mog_+_37023254.23-P1P2	Mog	1429	1915	1709	1061	874	873	1086	871	843	908	883	981	1046	975	1084
Pqbp1_-_7899027.23-P1P2	Pqbp1	1053	1170	1197	637	467	579	687	611	566	542	578	639	662	634	770
Pmpcb_-_21737183.23-P1P2	Pmpcb	798	938	946	522	390	504	387	448	264	414	404	434	429	475	528
Cwf19l1_+_44135626.23-P1P2	Cwf19l1	1841	2255	1757	1116	841	1000	1105	1176	1127	1068	1043	1145	1250	1160	1277
Ezh2_+_47594990.23-P1P2	Ezh2	1491	1923	1433	1092	617	1089	1106	961	729	782	820	989	884	865	1102
Rtn2_-_19282734.23-P2	Rtn2_P2	1267	1488	1525	794	565	792	778	731	717	788	780	776	931	717	884
Pde4d_+_109954106.23-P1P2	Pde4d	2559	3212	2712	1779	1051	1477	1683	1550	1384	1433	1452	1608	1658	1530	1971
Cx3cr1_-_120068221.23-P1P2	Cx3cr1	1738	2071	2034	1071	758	1036	981	1046	853	860	920	1061	1101	1015	1191
Dpp6_-_27049411.23-P2	Dpp6_P2	2609	3064	3338	1742	1232	1637	1681	1568	1554	1406	1595	1467	1686	1573	1832
Calcoco2_-_96111928.23-ENSMUST00000068686.6,ENSMUST00000097162.5	Calcoco2	1001	1250	1400	732	455	665	685	635	444	470	537	757	598	655	675
Atg5_+_44268530.23-P1P2	Atg5	1109	1273	1194	659	422	539	700	550	656	556	568	638	674	582	672
Trp73_-_154096947.23-P2	Trp73_P2	2380	3100	2554	1645	1177	1308	1514	1427	1383	1364	1287	1629	1524	1401	1575
Abhd12_+_150904657.23-P1P2	Abhd12	1458	1998	2011	1075	621	1072	976	1018	771	878	897	1088	948	911	1328
Atn1_+_124756675.23-P1P2	Atn1	1653	2064	1811	1387	759	1103	1146	920	933	1019	963	1069	1006	1091	1101
Dnah5_-_28203742.23-P1P2	Dnah5	1623	1981	1737	1220	704	1031	930	886	899	1013	885	929	961	907	1186
Tnfrsf21_-_43016612.23-P1P2	Tnfrsf21	2251	2843	2951	1550	1026	1609	1442	1357	1192	1329	1219	1422	1483	1456	1497
Aicda_-_122553872.23-P1P2	Aicda	755	901	786	525	303	535	490	437	434	422	473	463	561	398	558
Kidins220_-_24974966.23-P1P2	Kidins220	897	1175	1198	585	464	570	648	527	513	525	558	524	646	578	741
Htr2a_-_74641160.23-P1P2	Htr2a	942	1192	1073	609	414	664	613	540	459	626	549	607	614	528	761
Ang5_+_43957250.23-P1P2	Ang5	1343	1790	1785	1030	554	853	860	772	787	841	795	915	942	911	1078
Lrrk2_-_91673302.23-P1P2	Lrrk2	1043	1355	1046	650	371	604	664	627	647	655	603	645	648	568	731
Ids_+_70365003.23-P1P2	Ids	924	1167	1191	650	398	590	544	499	444	518	537	451	548	463	582
Hip1_-_135545010.23-P1P2	Hip1	1385	1842	1560	990	621	895	1027	813	737	844	833	972	838	779	973
Itm2b_+_73368379.23-P2	Itm2b_P2	2121	2355	2554	1333	940	1343	1372	1220	1022	1088	1260	1318	1365	1227	1458
Ddit3_-_127290884.23-P1P2	Ddit3	742	890	840	553	378	525	504	502	505	414	406	475	491	568	460
Slc33a1_+_63964524.23-P1P2	Slc33a1	2264	2734	2950	1597	1160	1430	1563	1341	1036	1455	1414	1426	1469	1520	1786
Tsn_+_118311177.23-P1P2	Tsn	216	239	199	204	118	145	150	95	125	130	126	134	157	116	155
Pank1_-_34877765.23-P1P2	Pank1	1657	2021	1473	1118	720	1091	979	1039	877	860	1002	1015	1115	995	1177
Sos1_+_80480416.23-P1P2	Sos1	2046	2491	2342	1390	759	1302	1330	1114	1097	1110	1111	1313	1190	1165	1383
Il4_+_53618602.23-P1P2	Il4	991	1180	1015	673	440	780	692	652	537	532	582	613	676	551	706
Cyp2d26_+_82794142.23-P1P2	Cyp2d26	1422	1851	1541	1005	578	851	879	830	812	786	789	900	881	890	1026
Sgsh_-_119355500.23-P1P2	Sgsh	2866	3299	2685	1838	1262	1734	1795	1608	1489	1557	1739	1721	1592	1506	1724
Gemin4_-_76217481.23-P1	Gemin4_P1	1107	1446	1520	811	611	763	793	821	662	688	631	676	688	647	751
Kcnc3_-_44590934.23-ENSMUST00000107906.3	Kcnc3	1424	1650	1694	965	660	875	949	833	858	816	791	1008	943	941	1027
Tdp2_-_24831734.23-P1P2	Tdp2	1740	2212	2015	1155	749	1023	993	1053	907	1114	1091	1075	1215	1162	1481
Fzd7_+_59482170.23-P1P2	Fzd7	1293	1553	1695	981	589	754	845	810	774	792	856	811	898	830	917
Sacs_+_61173073.23-P1P2	Sacs	950	1077	1109	595	371	670	561	632	542	558	554	598	743	571	670
Ndrg2_+_51913359.23-P1P2	Ndrg2	1523	1913	1632	1135	722	1046	1120	897	780	751	860	1066	887	871	1114
Aga_+_53511885.23-P1P2	Aga	1302	1750	1465	935	618	864	911	739	670	729	710	842	794	897	920
Slc18a1_-_69077211.23-P2	Slc18a1_P2	2085	2481	2407	1333	836	1294	1413	1168	1017	1239	1187	1272	1275	1261	1531
Sds_+_120476584.23-P1P2	Sds	1497	1898	1734	1162	775	921	1042	922	846	877	868	936	890	909	1042
Ryr3_-_113217000.23-P1P2	Ryr3	972	1335	1305	765	512	702	641	667	549	531	667	565	651	621	711
Map3k10_+_27674551.23-P1P2	Map3k10	635	842	447	493	346	315	452	488	309	374	425	428	481	458	457
Pin1_+_20652160.23-P1P2	Pin1	1442	1748	1505	1054	627	986	1037	871	842	831	883	895	928	845	1116
Ampd2_-_108086631.23-P1	Ampd2_P1	1133	1417	1537	804	655	692	704	772	615	668	730	789	781	735	885
Lrriq3_-_155093535.23-P1P2	Lrriq3	3141	3828	3782	1999	1363	1785	1897	2035	1641	1785	1651	1695	1807	1754	2186
Cpt1c_+_44974803.23-P1P2	Cpt1c	1364	1654	1708	976	664	823	911	839	657	880	842	845	876	844	898
non-targeting_04321	non-targeting	1345	1801	1718	1028	716	922	1040	1028	958	769	786	941	945	880	1190
Ndufs3_+_90904660.23-P1P2	Ndufs3	1498	1791	1519	1095	703	931	961	772	865	747	876	950	920	899	969
Pno1_+_17211487.23-P1P2	Pno1	774	997	868	566	316	522	595	442	439	353	361	439	421	520	461
Sirt6_+_81627490.23-P1P2	Sirt6	2007	2456	2557	1527	945	1167	1438	1173	1155	1161	1209	1088	1260	1197	1430
Srrm2_-_23803252.23-P1P2	Srrm2	1618	1841	2107	1079	639	1068	1137	922	876	777	865	915	977	906	1110
Atp5j_+_84834844.23-P1P2	Atp5j	1057	1295	1318	614	488	562	669	586	509	522	578	561	694	630	816
Ano10_-_122294367.23-P1P2	Ano10	924	1143	1666	698	534	600	638	571	503	521	531	555	460	621	668
Mpp1_-_75130928.23-P1P2	Mpp1	782	1010	1028	599	376	446	509	449	489	456	440	467	548	462	639
Oard1_+_48410034.23-P1P2	Oard1	1438	1703	1599	1033	616	930	1020	836	657	911	767	895	875	829	1080
Nudt1_-_140331960.23-P1P2	Nudt1	1213	1566	1382	943	685	927	877	745	688	677	643	789	753	880	1053
Glrx_+_75839917.23-P1P2	Glrx	1542	1960	1990	1106	740	947	941	888	878	830	856	885	1077	906	1111
Cyp2d22_-_82380192.23-P1P2	Cyp2d22	1349	1644	1190	982	602	869	901	956	772	772	762	678	952	849	988
Ptges_-_30930044.23-P2	Ptges_P2	1384	1621	1716	1031	758	947	924	934	817	758	846	847	865	819	958
Dnah1_+_31323845.23-ENSMUST00000048603.7	Dnah1	1260	1661	1319	913	649	779	977	838	664	738	883	809	825	855	953
Scyl1_+_5771364.23-P1P2	Scyl1	1306	1535	1603	977	575	861	894	766	640	574	705	789	784	750	832
Uqcr11_+_80406476.23-P1P2	Uqcr11	728	907	793	582	337	577	507	474	451	405	404	453	512	492	572
Scn8a_-_100870959.23-P1P2	Scn8a	1564	2082	1532	1177	803	1083	1182	1026	847	1118	925	1041	1081	1053	1284
Mutyh_-_116807947.23-P1P2	Mutyh	1093	1329	1086	762	553	701	680	696	492	554	604	653	713	645	684
Ogt_+_101640130.23-P1P2	Ogt	1854	2348	2293	1318	911	1236	1393	1047	1065	957	1052	1220	1104	1018	1447
Blvra_-_127070750.23-P1	Blvra_P1	1878	2430	2306	1302	789	1246	1215	1132	925	1146	1033	1164	1362	1263	1513
Ptpn13_+_103425261.23-P1P2	Ptpn13	1279	1548	1807	802	576	838	819	851	685	600	686	740	904	796	920
Rnf170_+_26119769.23-P1P2	Rnf170	1260	1659	1642	892	591	829	814	824	527	694	659	773	779	697	997
Ubc_+_125389695.23-P1P2	Ubc	1486	1679	1998	908	629	890	890	836	962	724	853	894	875	800	1018
Clec16a_+_10545464.23-P1P2	Clec16a	1794	2104	2287	1165	793	1247	1143	1122	946	939	1000	970	1032	1108	1158
Kras_-_145250153.23-P1P2	Kras	1507	1837	1370	949	571	954	944	920	824	701	862	950	951	899	950
Gan_-_117158040.23-P1P2	Gan	1461	1875	2538	978	735	1010	1013	975	753	814	856	945	954	1005	1089
Tubb4a_+_57087558.23-P1P2	Tubb4a	2503	3028	3548	1683	1113	1446	1695	1423	1324	1483	1426	1511	1541	1572	1783
Erbb4_+_69108521.23-P1P2	Erbb4	1210	1548	1531	880	577	731	1005	714	739	705	869	798	910	900	993
Sgsh_-_119355488.23-P1P2	Sgsh	2556	3088	3143	1819	1080	1574	1642	1619	1282	1354	1513	1547	1739	1556	1754
Pabpc4_-_123282754.23-P1P2	Pabpc4	1512	1891	2106	1010	750	1019	959	1029	842	946	862	884	867	917	1045
Gan_-_117158044.23-P1P2	Gan	1525	1978	2006	1227	734	1105	1106	886	783	914	972	933	996	961	1074
Sirt7_+_120624760.23-P1P2	Sirt7	1389	1746	2099	1017	723	871	832	870	763	735	859	767	1104	854	1004
Kl_-_150952684.23-P1P2	Kl	1051	1386	1090	755	559	676	767	644	651	686	595	711	787	696	829
Slc6a4_-_77009331.23-P1	Slc6a4_P1	1011	1245	1184	725	578	726	694	665	582	587	600	735	658	683	767
non-targeting_03432	non-targeting	1953	2458	2353	1284	853	1106	1306	1271	1100	1038	1155	1251	1258	1308	1343
Rb1cc1_-_6214891.23-P1P2	Rb1cc1	1881	2524	1811	1289	872	1291	1308	1208	1168	995	1105	1183	1248	1172	1467
Pvalb_-_78203976.23-P2	Pvalb_P2	1746	2035	1981	1183	828	878	1106	1037	1026	1098	828	934	1132	1026	1220
Fzd10_+_128601036.23-P1P2	Fzd10	1419	1593	1742	904	608	892	877	814	661	778	728	857	850	793	945
Nfe2l2_-_75704432.23-P1P2	Nfe2l2	1292	1590	1841	1083	609	893	930	824	624	719	825	757	854	843	992
Rrm2_+_24708334.23-P1P2	Rrm2	2232	2641	2849	1501	996	1463	1501	1370	1071	1327	1354	1413	1396	1187	1702
Tmx2_-_84677835.23-P1P2	Tmx2	1122	1462	1299	820	569	768	674	686	606	678	618	793	729	699	843
Sema4a_+_88455369.23-P1P2	Sema4a	990	1152	1114	585	479	618	622	569	533	551	568	625	574	503	825
Cadm3_-_173367593.23-P1P2	Cadm3	1422	1900	1935	1152	720	1020	1202	824	921	869	900	995	941	899	1104
Hexa_+_59539721.23-P1P2	Hexa	1007	1250	1070	717	419	506	681	607	541	556	637	604	727	665	684
Dnali1_+_125065373.23-P1P2	Dnali1	1800	2341	2187	1326	798	1169	1129	1041	984	985	978	1120	1197	1089	1225
Ptgs2_+_150100215.23-P1P2	Ptgs2	1733	1948	2002	1205	841	1039	1138	967	795	981	1022	961	1059	1013	1218
Psap_+_60277776.23-P1P2	Psap	1556	1891	1990	1247	766	906	903	863	810	766	948	910	938	901	961
Th_-_142899930.23-P1P2	Th	921	1079	848	600	455	357	601	538	426	501	479	429	544	509	569
Serpina3a_-_104112927.23-P1P2	Serpina3a	738	847	802	510	387	384	476	417	408	456	364	437	414	398	543
Cd44_-_102901435.23-P1P2	Cd44	989	1257	879	683	556	634	669	690	461	569	676	628	632	628	689
Ift57_+_49699498.23-P1P2	Ift57	1160	1306	859	801	584	734	715	623	574	604	633	643	656	667	778
Kras_+_145250042.23-P1P2	Kras	1427	1720	1326	980	681	835	800	892	942	768	796	1019	887	787	922
Tfam_-_71238037.23-P1P2	Tfam	1345	1643	1317	885	588	925	849	974	742	702	741	864	724	780	937
Actr1b_-_36709904.23-P1P2	Actr1b	1281	1516	1229	886	559	832	884	780	739	689	825	924	827	794	895
Adap1_+_139325470.23-P1P2	Adap1	1065	1258	966	744	579	610	635	567	624	611	578	643	695	665	768
Tubb4a_-_57087546.23-P1P2	Tubb4a	2665	3448	3328	1966	1280	1824	1685	1690	1314	1554	1555	1664	1778	1614	2013
Pak1_+_97842936.23-P1P2	Pak1	1581	1837	1979	1075	734	932	927	938	709	830	908	969	975	918	1168
Cryab_+_50753429.23-P1P2	Cryab	1202	1419	1342	728	535	720	633	770	601	586	629	614	675	676	902
Unc80_-_66468018.23-P1P2	Unc80	875	1152	1198	644	364	535	640	494	396	561	563	539	726	569	662
Dao_-_114003876.23-P1P2	Dao	1539	2159	2105	1129	709	1017	1018	1009	800	1008	932	947	1093	1091	1206
Gpr37_+_25689578.23-P1P2	Gpr37	1934	2344	2660	1318	910	1191	1240	1048	1061	994	1047	1201	1266	1099	1436
Slc26a3_+_31438300.23-P1P2	Slc26a3	1361	1645	1640	984	581	904	925	869	699	777	645	817	806	827	931
Hmgb1_-_149053067.23-P1	Hmgb1_P1	2193	2547	2706	1535	1060	1295	1442	1354	1221	1130	1248	1229	1364	1172	1454
Hspa9_-_34954323.23-P1P2	Hspa9	2765	3319	2610	1688	1131	1488	1807	1346	1287	1438	1432	1614	1588	1474	1860
Axin1_+_26138969.23-P1P2	Axin1	1699	1980	2021	1181	857	1060	1139	1084	918	941	891	901	1080	1020	1148
Arl6ip1_+_118129614.23-P1P2	Arl6ip1	1850	1999	1929	1248	653	1210	1120	1042	783	951	977	1116	1119	1037	1186
Hspb1_-_135887988.23-P1P2	Hspb1	1498	1821	1705	1087	688	944	952	918	895	846	842	1015	900	864	1179
non-targeting_01591	non-targeting	1447	1652	1687	891	647	862	833	798	636	744	772	903	904	858	937
Fam83e_-_45721247.23-P1P2	Fam83e	931	1202	1088	664	378	726	622	674	543	550	628	608	624	562	729
Cox7a2l_+_83514056.23-P1P2	Cox7a2l	1421	1725	1429	830	561	979	912	924	730	728	848	893	847	858	1113
Kif1c_+_70700555.23-P1P2	Kif1c	1191	1478	1296	882	541	773	724	704	661	629	629	817	725	834	861
Gm2a_+_55098136.23-P1P2	Gm2a	868	1018	926	704	334	573	534	558	436	464	548	517	640	589	595
Abcb6_+_75180268.23-P1P2	Abcb6	1208	1385	1274	774	533	756	745	692	619	628	688	675	781	710	839
Ano10_-_122294352.23-P1P2	Ano10	1101	1252	974	800	436	658	713	620	537	572	654	564	598	679	789
Pde10a_-_8801800.23-P1P2	Pde10a	2048	2556	1954	1450	941	1372	1327	1193	1001	1218	1276	1311	1292	1383	1496
Pik3cb_+_99140132.23-P1P2	Pik3cb	1846	2201	2345	1361	811	1056	1222	1047	1004	1019	1196	1090	1132	1084	1315
Calcoco2_-_96111886.23-ENSMUST00000068686.6,ENSMUST00000097162.5	Calcoco2	863	1176	1178	686	455	613	705	649	507	484	562	540	662	639	657
Vcp_-_43000164.23-P1P2	Vcp	1505	1689	1549	658	672	558	700	640	502	533	475	755	533	637	696
Pabpc4_+_123282784.23-P1P2	Pabpc4	1888	2291	2041	1331	930	994	1130	977	1049	998	1063	1215	1059	956	1333
Agpat3_-_78352301.23-P1P2	Agpat3	1627	2074	2390	1196	823	932	998	1063	915	834	900	952	1052	1026	1177
Gja6_-_160907001.23-P1P2	Gja6	886	1083	1187	656	448	574	512	574	482	477	520	598	599	527	627
Wnt11_+_98839079.23-P2	Wnt11_P2	2309	3037	2734	1742	1022	1589	1466	1411	1281	1249	1351	1425	1440	1436	1633
Slc8a3_+_81333123.23-P1P2	Slc8a3	1314	1807	1649	967	586	772	873	728	670	741	724	878	800	843	904
Map2k6_+_110399147.23-P1P2	Map2k6	544	686	897	394	236	406	382	340	242	317	345	362	358	406	411
Ang6_-_44002066.23-ENSMUST00000096869.2	Ang6	1701	2205	1937	1186	789	1035	1109	879	894	928	989	1149	1066	1015	1008
Prickle1_-_93519466.23-P2	Prickle1_P2	1275	1768	1729	1065	602	891	1063	770	872	773	692	835	885	914	982
Bad_+_6941952.23-P1P2	Bad	1199	1346	1198	723	481	843	779	761	507	621	717	685	732	640	781
Gap43_-_42340356.23-P1P2	Gap43	1834	2305	1737	1213	721	1049	1206	1069	923	905	1170	1069	1147	1009	1374
Pdyn_-_129699826.23-P1P2	Pdyn	1960	2377	2926	1213	959	1370	1251	1086	1083	1065	1194	1122	1454	1210	1494
Atf6_+_170867739.23-P1P2	Atf6	1913	2160	1805	1237	829	1133	1181	1029	974	958	1041	1151	1136	1120	1231
Hsd17b6_-_128007572.23-P1P2	Hsd17b6	2035	2413	2680	1452	897	1218	1311	1153	1019	1135	1285	1251	1291	1209	1455
Wnt7a_-_91411293.23-P1P2	Wnt7a	1303	1501	2154	802	624	716	751	831	696	659	726	747	825	851	765
Fzd10_-_128600884.23-P1P2	Fzd10	1362	1717	1497	1009	628	851	912	843	789	796	784	906	856	822	921
Fat2_-_55336570.23-P1P2	Fat2	1484	1827	1918	1057	698	925	933	836	859	810	834	975	1016	939	1071
Fggy_+_95579504.23-P2	Fggy_P2	2467	2932	3199	1641	1045	1452	1557	1558	1401	1416	1425	1494	1541	1409	1716
Ppt1_-_122836278.23-P1P2	Ppt1	1377	1552	1628	960	670	877	896	830	692	767	855	730	890	982	1051
Folr1_-_101870664.23-P1	Folr1_P1	1103	1177	1037	702	345	571	719	649	481	562	536	636	561	670	691
Ndufa2_+_36744413.23-P1P2	Ndufa2	1766	2139	1863	927	811	739	848	802	640	759	643	843	770	868	919
Park7_+_150909840.23-P1	Park7_P1	1991	2420	2212	1318	865	1237	1113	1195	993	1207	1221	1102	1201	1193	1363
Gba2_+_43578854.23-P1P2	Gba2	997	1159	927	592	497	521	622	535	464	436	576	603	631	549	719
Rreb1_+_37826074.23-P1P2	Rreb1	1668	2129	1801	1189	853	1158	1246	1130	1037	1004	1050	1010	1075	1037	1215
Ccl3_+_83649177.23-P1P2	Ccl3	1178	1580	1461	936	653	924	798	842	607	784	776	781	828	712	898
Dkk2_+_132085382.23-P1P2	Dkk2	1059	1378	1304	774	549	807	823	694	627	583	654	748	608	662	720
Timp3_+_86300612.23-P1P2	Timp3	1064	1276	1295	797	494	753	715	676	568	540	595	646	702	667	779
Tmem184b_+_79403235.23-P1P2	Tmem184b	1043	1222	1097	738	522	559	669	650	457	497	560	602	652	604	700
Psmb6_+_70525439.23-P1P2	Psmb6	1919	2694	2631	1333	881	1126	1346	1122	791	967	896	1161	1074	1096	1282
Adora2a_-_75317128.23-P1P2	Adora2a	1992	2387	2381	1309	872	1261	1256	1261	1010	1319	1218	1369	1406	1262	1442
Psmd12_-_107479535.23-P1P2	Psmd12	1922	2330	2234	1231	752	978	837	926	712	925	717	975	725	930	1166
Dicer1_-_104752052.23-P1P2	Dicer1	935	1191	1294	774	427	615	586	578	530	472	565	621	536	568	671
Pmpcb_-_21737224.23-P1P2	Pmpcb	1993	2504	2200	1186	857	1137	1202	1145	978	982	982	1078	1227	1141	1251
Pik3cg_-_32208604.23-P1P2	Pik3cg	1515	2080	1507	1125	669	948	1141	1021	913	793	826	990	941	890	1302
Spg11_-_122118360.23-P1P2	Spg11	1709	2211	2069	1299	880	1322	1208	1119	966	1087	947	1101	1191	1183	1425
Elavl2_+_91376429.23-P1P2	Elavl2	2002	2563	2420	1303	884	1130	1303	1189	1092	1158	1202	1188	1306	1238	1501
Fzd3_+_65262392.23-P1P2	Fzd3	1850	2373	1841	1367	942	1210	1257	1201	1072	1044	1136	1093	1224	1140	1420
Araf_-_20848601.23-P1P2	Araf	1099	1315	1112	626	554	591	594	549	518	602	594	662	629	612	669
S100a10_+_93555158.23-P1P2	S100a10	2260	2846	2627	1677	997	1350	1589	1390	1120	1399	1220	1424	1445	1494	1604
Sema3c_+_17574741.23-P1P2	Sema3c	1328	1739	1478	1089	598	858	1090	833	746	811	717	893	948	829	1133
Gemin4_+_76217516.23-P1	Gemin4_P1	1231	1465	1328	953	533	739	851	790	665	613	810	694	678	753	782
Atp5e_+_174463989.23-P1P2	Atp5e	788	886	1091	560	319	455	504	520	369	297	392	462	371	388	569
Ndufb8_-_44555348.23-P1P2	Ndufb8	2053	2408	2190	1663	987	1157	1437	1387	1220	1185	1180	1284	1351	1214	1707
Ndrg1_-_66969576.23-P1P2	Ndrg1	1627	1962	1893	1246	715	1166	1069	1043	812	769	837	891	956	967	1205
Eif2ak3_-_70844621.23-P1P2	Eif2ak3	638	802	855	427	306	380	400	336	384	353	389	384	439	408	468
Sort1_+_108284193.23-P1P2	Sort1	935	1020	718	597	426	534	641	564	445	517	459	620	601	599	649
Hnrnpdl_-_100038854.23-P1P2	Hnrnpdl	1399	1691	1293	998	603	834	882	831	828	793	769	804	883	844	893
Fos_+_85474000.23-P1P2	Fos	1540	1975	2218	1163	773	1029	1021	912	806	869	939	952	1001	892	997
Myoc_-_162639568.23-P1P2	Myoc	1218	1609	1319	944	671	796	879	889	608	725	703	810	824	794	933
Raf1_+_115676486.23-P1P2	Raf1	1249	1618	1733	938	583	709	928	787	721	688	701	810	913	841	875
Fa2h_+_111393813.23-P1P2	Fa2h	1915	2321	2303	1364	790	1298	1169	1121	1006	1058	1088	1240	1177	1176	1228
Ireb2_-_54863867.23-P1P2	Ireb2	1062	1300	1262	750	438	569	643	606	547	587	583	622	634	601	668
Casp8_-_58795450.23-P1P2	Casp8	1482	2056	1769	1101	725	1011	1144	985	911	895	997	935	1131	945	1137
Prkcg_+_3303557.23-P1P2	Prkcg	914	1092	1154	581	479	481	605	523	480	557	501	556	507	514	552
Ndufs2_-_171247080.23-P1	Ndufs2_P1	1416	1768	1256	1023	613	928	836	864	612	632	717	873	754	691	907
Ndufa13_-_69902860.23-P1P2	Ndufa13	1643	1967	1612	1120	636	881	888	810	692	880	928	913	877	1025	1096
Adam10_+_70679106.23-P1P2	Adam10	1634	2001	2570	1058	702	1016	1003	1026	738	871	968	982	1002	1042	1099
Dpysl2_-_66868578.23-P1P2	Dpysl2	1280	1707	1542	863	575	906	834	840	715	710	769	850	704	820	883
Txnip_-_96557981.23-P1P2	Txnip	970	1308	1103	779	448	618	602	637	480	463	522	514	497	483	643
Camk2a_-_60925713.23-P1P2	Camk2a	1766	2313	2510	1516	871	1353	1234	1084	1141	994	1163	1185	1223	1208	1387
Sybu_-_44752125.23-P1P2	Sybu	1485	1669	1766	890	703	827	945	835	650	704	855	926	890	782	1037
Map2k7_-_4238891.23-P1P2	Map2k7	2087	2495	2548	1380	941	1327	1385	1409	1171	1334	1163	1255	1341	1233	1496
Apcs_-_172895002.23-P1P2	Apcs	732	927	1002	513	328	464	476	537	407	398	464	426	447	493	579
Th_-_142899953.23-P1P2	Th	1601	2039	2079	1067	589	858	953	898	703	729	761	943	846	893	1107
Cln5_+_103070339.23-P1P2	Cln5	2357	2799	2816	1728	1146	1638	1593	1398	1298	1280	1352	1374	1550	1538	1715
L1cam_+_73880731.23-P1P2	L1cam	1550	2029	1828	1041	718	1023	942	986	792	858	939	929	888	926	981
Erlin1_+_44069684.23-P1P2	Erlin1	2416	3032	3010	1580	1234	1549	1777	1477	1420	1215	1410	1465	1597	1429	1710
Snca_+_60828865.23-P1P2	Snca	1180	1439	1290	839	521	617	687	676	568	699	685	702	776	699	833
Notch3_-_32166858.23-P1P2	Notch3	1318	1651	1022	942	634	730	859	770	753	720	828	828	811	845	992
Scarb2_-_92505346.23-P1P2	Scarb2	893	1180	1186	667	490	544	675	530	456	551	540	610	528	551	653
Snx14_-_88438879.23-P1P2	Snx14	1548	1882	1647	1031	753	952	1086	945	806	898	940	896	994	905	1017
Pax6_-_105682804.23-P2	Pax6_P2	1098	1273	1269	750	457	690	644	611	619	696	561	668	720	677	644
Cd200r3_+_44943920.23-P1P2	Cd200r3	1825	2219	2095	1249	856	1092	1222	990	927	1113	1125	1069	1190	1088	1200
Nr3c1_+_39490608.23-P1P2	Nr3c1	1958	2511	2093	1408	898	1057	1166	1296	1093	1012	1254	1171	1264	1365	1354
Calml3_-_3804218.23-P1P2	Calml3	1890	2322	1831	1337	868	1022	1130	1146	966	1087	1000	1101	1179	1145	1326
Dpp6_-_27049430.23-P2	Dpp6_P2	1571	1846	1578	984	667	920	1026	883	626	878	877	872	988	877	1030
Eif2b4_+_31193019.23-P1P2	Eif2b4	1455	1932	2080	967	670	897	895	784	701	669	645	810	805	754	967
Mfge8_-_79148955.23-P1P2	Mfge8	1890	2483	2395	1563	955	1280	1141	1221	1132	1106	1035	1059	1168	1132	1445
Tmem240_+_155734923.23-P1P2	Tmem240	1348	1540	1364	901	577	782	720	769	840	774	764	781	842	786	844
Ins2_+_142699530.23-P2	Ins2_P2	1157	1506	951	875	499	795	759	654	586	642	676	698	713	641	896
Nup62_-_44816426.23-P1P2	Nup62	1891	2140	1995	897	678	744	1026	951	722	716	518	867	579	855	921
Serpina1e_+_103958732.23-P2	Serpina1e_P2	2306	2869	2969	1641	1178	1471	1475	1439	1203	1311	1303	1281	1468	1543	1648
Fggy_-_95579554.23-P2	Fggy_P2	1041	1196	1365	746	447	645	734	635	476	705	614	777	723	632	786
Gria2_+_80802671.23-P1P2	Gria2	1654	1981	1813	1043	783	782	1028	1080	730	856	914	938	862	911	922
Chmp1a_+_123212737.23-P1P2	Chmp1a	1870	2329	2054	1496	1014	1104	1205	1231	940	1016	1237	1122	1190	1119	1406
Ndufb3_-_58586796.23-P1P2	Ndufb3	1251	1676	1271	785	542	860	851	694	740	643	697	677	678	806	911
Dnajc3_-_118938009.23-P1P2	Dnajc3	2188	2524	2282	1455	921	1317	1240	1204	1064	1203	1209	1320	1287	1333	1463
non-targeting_02923	non-targeting	1729	2200	2002	1151	937	1252	1100	1185	829	923	1004	1083	1168	1137	1329
Wnt3a_-_59290723.23-P1P2	Wnt3a	1686	2126	1918	1339	797	1092	1100	956	903	1042	1075	1108	1122	1079	1282
Tppp3_-_105471352.23-P1P2	Tppp3	2022	2073	2045	1325	883	1080	1245	1166	963	980	1049	1093	1302	1159	1201
Pgp_-_24470483.23-P1P2	Pgp	970	1239	1206	672	412	660	675	577	476	510	560	638	564	500	737
Pik3r5_-_68432127.23-P1P2	Pik3r5	1677	2155	2218	1285	892	992	1210	986	1046	999	1063	1048	1046	1005	1182
Pax6_+_105682727.23-P2	Pax6_P2	1378	1593	1215	826	616	822	907	834	662	764	795	777	814	822	974
Ndufs7_-_80249521.23-P1P2	Ndufs7	1724	2137	1859	1138	726	1083	1136	1010	830	890	886	1073	1109	995	1225
Mapk11_+_89149371.23-P1P2	Mapk11	1666	2145	2000	1144	777	1137	1105	1084	815	1048	1071	1134	1080	977	1288
Ywhag_-_135934553.23-P1P2	Ywhag	1408	1653	1885	886	578	737	815	875	701	761	768	902	930	873	1105
Uqcrc2_+_120635650.23-P1P2	Uqcrc2	1608	1994	1983	1201	835	1181	1005	1012	887	945	1064	943	1111	914	1244
Ppargc1a_+_51553859.23-P1P2	Ppargc1a	1248	1464	1349	837	594	904	837	824	595	638	750	769	783	776	863
Braf_+_39725278.23-P1P2	Braf	1505	1900	1733	1148	681	928	1042	911	848	909	911	945	1086	1031	1168
Sptlc1_-_53377135.23-P1P2	Sptlc1	1230	1670	1515	919	523	887	824	804	700	734	736	743	784	722	909
Nefh_-_4947950.23-P1P2	Nefh	1716	2043	1616	1119	660	1044	1200	1017	795	918	1027	983	997	1011	1270
Irs1_+_82291127.23-P1P2	Irs1	1513	1806	1563	1093	658	843	1057	931	714	729	794	780	950	927	954
Fzd4_-_89404377.23-P1P2	Fzd4	1310	1521	1538	878	603	817	819	807	705	743	726	738	939	748	709
Apex2_+_150588096.23-P1P2	Apex2	1081	1398	920	867	597	682	805	627	590	545	674	660	699	647	783
Elp3_+_65592994.23-P1P2	Elp3	1027	1195	964	589	420	612	584	609	451	528	549	553	628	563	687
Neurog2_+_127633148.23-P1P2	Neurog2	2191	2518	2498	1502	984	1448	1347	1273	924	1176	1262	1319	1289	1221	1452
Elovl5_-_77917526.23-P1P2	Elovl5	352	493	525	211	167	246	244	206	165	209	221	269	217	232	357
Bscl2_+_8840605.23-P1	Bscl2_P1	1431	1857	1755	1115	724	1000	968	1002	686	827	919	921	944	839	1035
B4galnt1_-_127165204.23-P1P2	B4galnt1	1664	1881	1808	1235	762	1002	1104	906	766	780	951	960	1027	1007	1167
Serpina1e_-_103956876.23-P1	Serpina1e_P1	1221	1326	1416	810	562	751	901	736	660	535	621	770	755	709	788
Txndc5_-_38528387.23-P1P2	Txndc5	1422	1791	1754	1070	715	850	859	784	818	805	738	805	1081	886	1128
Dnah1_-_31323907.23-ENSMUST00000048603.7	Dnah1	1765	2186	2003	1316	725	1133	1272	1102	910	969	899	975	1015	1025	1138
Gpx2_+_76795147.23-P1P2	Gpx2	1861	2290	2095	1350	878	1088	1224	1168	937	1021	1016	1174	1173	1111	1437
Aga_+_53511836.23-P1P2	Aga	1061	1367	1223	767	389	683	694	649	587	463	668	672	621	664	856
Ren1_+_133350723.23-P1P2	Ren1	965	1217	979	558	383	669	620	619	474	534	608	584	661	611	622
Ap4s1_-_51691028.23-P1P2	Ap4s1	1693	1995	2437	1205	869	1129	1080	1075	816	1105	885	1026	1077	1053	1311
Kitl_-_100015877.23-P1P2	Kitl	1754	2344	2237	1317	840	1351	1124	1071	1046	1052	1224	1121	1350	1136	1462
Sepsecs_+_52669678.23-P1P2	Sepsecs	1049	1310	1202	770	477	749	722	678	450	587	588	659	527	601	696
Sncg_+_34374632.23-P1P2	Sncg	917	1294	1331	751	480	567	616	594	466	600	604	614	675	621	639
Egfr_-_16752239.23-P1P2	Egfr	1739	2409	1794	1452	960	1328	1313	1196	981	1044	973	1162	1128	1206	1426
Cox7b2_+_71548226.23-P1P2	Cox7b2	1449	1812	1748	1024	568	845	941	872	822	819	842	901	1047	918	989
Klc4_+_46645984.23-P1P2	Klc4	1181	1602	1177	805	527	757	784	775	722	697	642	682	728	698	878
non-targeting_01120	non-targeting	963	1195	1281	720	434	651	672	609	735	600	626	573	606	583	619
Srrm2_-_23803410.23-P1P2	Srrm2	928	1268	1368	622	411	653	658	576	466	550	599	490	673	616	714
Rbpj_-_53590738.23-P1P2	Rbpj	1510	1852	1624	915	679	877	1005	880	758	818	815	1009	994	991	1018
Apoe_-_19698146.23-P1P2	Apoe	1037	1338	1461	773	505	636	789	628	621	551	581	685	667	632	849
Prkca_+_108343876.23-P1P2	Prkca	2062	2425	2379	1368	977	1220	1168	1122	1134	1080	1171	1158	1175	1092	1365
Camk2b_-_6065293.23-P1P2	Camk2b	1392	1652	1570	1010	556	836	857	843	814	679	744	773	860	821	1039
Reps1_+_18055576.23-P1P2	Reps1	1471	1797	1659	978	663	821	980	941	664	843	814	892	906	849	950
Prx_-_27499336.23-P1	Prx_P1	1386	1766	1642	980	701	1105	961	987	781	846	812	1076	849	948	1087
Mgrn1_-_4886268.23-P1P2	Mgrn1	1652	2212	1464	1140	843	1197	1149	1016	780	837	983	939	957	1086	1166
Cox6a2_-_128206303.23-P1P2	Cox6a2	1233	1415	1122	837	610	728	882	797	605	653	637	691	771	773	828
Ppp3ca_-_136670183.23-P1P2	Ppp3ca	1724	2284	2425	1392	951	1274	1190	1098	1058	959	1041	1219	1123	1117	1381
Hmox1_+_75093674.23-P1P2	Hmox1	1629	2049	2245	1114	744	1128	1038	1064	840	946	910	1034	1036	950	1135
Cox6b1_+_30626031.23-P1P2	Cox6b1	1915	2329	2323	1424	867	1155	1190	1208	1007	1128	1116	1209	1190	1168	1258
Ptgs2_-_150100156.23-P1P2	Ptgs2	1428	1743	1606	1121	620	1148	992	1022	763	771	839	943	777	862	1083
Clcn6_+_148038782.23-P1P2	Clcn6	1666	2077	2104	1204	746	1136	1220	995	839	858	984	1128	1098	1128	1293
Tomm40l_+_171222394.23-P1P2	Tomm40l	1819	2221	2308	1309	820	1096	1361	1085	889	974	1151	1231	1090	1218	1386
Rpgrip1_+_52111190.23-P1P2	Rpgrip1	1775	2109	1720	1293	776	1061	1102	1071	1004	887	1076	1075	1140	991	1228
Vwa3b_+_37153852.23-P1P2	Vwa3b	1575	1920	1599	1112	713	1006	761	947	835	812	973	1021	972	949	1174
Disc1_+_125054147.23-P1P2	Disc1	1565	1852	1882	1078	743	1035	1045	893	801	898	951	898	1040	970	1141
Rab5a_+_53479306.23-P1P2	Rab5a	1812	2115	2231	1251	690	1021	1238	1139	816	859	1011	1107	1110	997	1265
Wnt8b_+_44493537.23-P1P2	Wnt8b	1643	2035	2216	1096	651	1098	1020	945	885	891	892	893	875	901	1027
Pvalb_-_78206351.23-P1	Pvalb_P1	1315	1687	1615	953	656	752	933	809	729	843	739	871	751	779	1038
Syt1_+_109010668.23-P1P2	Syt1	1562	1825	1691	1106	648	892	1039	972	801	821	940	902	1030	872	1123
Ace_+_105968014.23-P1P2	Ace	1187	1558	1560	775	585	662	715	816	676	597	686	757	837	769	943
non-targeting_02395	non-targeting	1377	1681	1639	1017	720	725	840	910	650	760	816	761	965	886	907
Dcaf8_-_172148179.23-P1P2	Dcaf8	1868	2279	1838	1187	848	1297	1183	1008	1019	1068	967	1308	1183	1134	1212
Wnt7b_-_85581849.23-P1	Wnt7b_P1	2073	2702	2140	1522	919	1204	1460	1209	1126	1202	1399	1302	1323	1351	1510
Ppargc1a_+_51553778.23-P1P2	Ppargc1a	1445	1759	1869	858	625	938	887	872	625	919	792	821	1108	873	1000
Pin1rt1_+_104716163.23-ENSMUST00000099659.2	Pin1rt1	876	1073	935	675	321	543	576	623	454	540	448	600	505	548	636
Brca1_-_101551813.23-P1P2	Brca1	552	669	523	361	199	321	504	270	279	379	264	403	379	344	459
Serpina1e_-_103956475.23-P1	Serpina1e_P1	2316	2833	2722	1559	1056	1316	1471	1377	1250	1306	1337	1343	1555	1485	1775
Mnat1_-_73123954.23-P1P2	Mnat1	937	1129	1208	639	460	627	631	537	443	539	471	542	607	569	637
Tac1_+_7555305.23-P1P2	Tac1	749	991	1063	509	337	357	474	405	329	421	422	580	495	422	476
Psmd14_+_61711803.23-P1P2	Psmd14	1612	2045	2207	1178	666	1146	954	1000	848	787	758	846	953	902	1044
Tiparp_-_65528494.23-P1P2	Tiparp	1797	2134	2005	1175	797	1184	1315	1040	934	951	1037	1012	1079	1148	1283
Rab39b_-_75578145.23-P1P2	Rab39b	1080	1395	1122	676	459	696	800	713	554	612	747	683	603	723	858
Psmd7_-_107588373.23-P1P2	Psmd7	1135	1428	1041	836	495	708	861	673	637	604	671	724	681	733	781
Sgcg_+_61258358.23-P1P2	Sgcg	1241	1623	1409	931	487	768	877	855	629	563	597	812	666	666	930
Grn_-_102430520.23-P1P2	Grn	2329	2975	3104	1748	1048	1738	1639	1618	1458	1412	1559	1448	1649	1674	1840
Tia1_+_86404360.23-P1P2	Tia1	1095	1307	1560	776	463	644	723	658	583	542	612	714	586	615	768
Psma6_-_55398883.23-P1P2	Psma6	1910	2455	2158	1237	789	933	1042	961	702	873	742	974	831	909	1150
Lox_-_52529586.23-P1P2	Lox	1288	1632	1734	1022	731	852	959	812	851	648	649	870	940	848	937
Araf_-_20848619.23-P1P2	Araf	3492	4102	3564	2464	1431	2230	2157	2112	1724	1973	2053	2180	2330	2101	2314
Dnah2_-_69549040.23-ENSMUST00000108659.1	Dnah2	1750	2096	2060	1120	738	910	1167	896	777	994	1028	1151	1060	1007	1244
Rbm8a_-_96630162.23-P1P2	Rbm8a	867	990	983	450	305	502	450	438	389	366	336	517	326	357	460
Tank_-_61578809.23-P2	Tank_P2	2051	2551	2450	1487	1031	1208	1296	1100	1001	1184	1218	1236	1320	1308	1412
Casp1_-_5298719.23-P1P2	Casp1	835	1047	1053	633	305	424	541	491	343	505	443	530	514	557	582
Serpini1_+_75557534.23-P1P2	Serpini1	1821	2223	2169	1259	893	1055	1246	1104	1041	1071	1109	1119	1210	1100	1351
Iba57_-_59163709.23-P1P2	Iba57	931	1202	937	614	401	587	572	595	621	573	529	535	610	623	591
Pcna_-_132253186.23-P1P2	Pcna	1140	1412	1555	770	541	763	833	642	474	554	614	645	709	692	809
Cd200r1_-_44765849.23-P1P2	Cd200r1	2095	2648	2528	1485	1064	1272	1380	1344	1259	1276	1256	1359	1243	1320	1538
Eif2b2_-_85219702.23-P1P2	Eif2b2	1433	1986	2185	916	729	885	1088	873	707	725	764	847	827	860	1066
Gabarapl2_+_111940716.23-P1P2	Gabarapl2	2397	2637	2902	1516	1019	1526	1419	1380	1156	1195	1278	1472	1339	1331	1572
Ngb_-_87102298.23-P1P2	Ngb	1268	1478	1815	795	522	796	808	757	561	603	684	776	779	794	912
L1cam_+_73880746.23-P1P2	L1cam	1660	2033	2663	1337	812	902	1181	930	893	961	938	1026	1035	1004	1280
Ptges_-_30903214.23-P1	Ptges_P1	1118	1486	1319	861	403	745	753	666	590	587	625	732	609	617	814
Arl6ip1_-_118129580.23-P1P2	Arl6ip1	1299	1602	1111	936	594	710	798	681	554	687	768	781	785	820	882
Actr1a_+_46395721.23-P1P2	Actr1a	2032	2471	2560	1397	853	1166	1284	1313	972	1178	1236	1279	1421	1192	1444
Gria2_+_80802695.23-P1P2	Gria2	1336	1630	1286	807	526	863	783	764	647	587	742	675	812	687	891
Dctn5_-_122133048.23-P1P2	Dctn5	2007	2444	2387	1294	817	1057	1226	1198	1031	1041	1082	1127	1283	1202	1352
Mpo_-_87794171.23-P1P2	Mpo	1226	1650	1743	967	667	758	876	814	742	708	754	879	843	748	927
Trim2_+_84220622.23-P1	Trim2_P1	1134	1476	1251	791	588	742	734	625	659	620	688	606	809	742	785
Cacna1g_-_94473975.23-P1P2	Cacna1g	1719	2192	1457	1142	721	1191	1078	1235	913	918	968	1143	956	1155	1060
Chchd2_+_129886958.23-P1P2	Chchd2	1105	1347	1501	717	487	688	797	658	677	697	725	691	787	647	797
Mpp1_-_75130940.23-P1P2	Mpp1	777	842	810	468	339	574	522	503	462	409	430	444	440	430	475
Nkx6-2_-_139582746.23-P1P2	Nkx6-2	1254	1582	1547	927	685	887	762	803	601	753	796	847	865	814	952
Klc2_+_5118241.23-P1P2	Klc2	1458	1586	1693	1082	575	832	935	888	801	740	800	862	904	874	966
Cyp2d40_+_82763772.23-P1P2	Cyp2d40	1870	2591	1955	1510	912	1350	1288	1254	1194	1140	1151	1309	1188	1273	1479
Dnah3_-_120095273.23-P1P2	Dnah3	663	888	514	567	217	521	553	477	356	352	461	439	446	417	507
Tank_-_61578630.23-P2	Tank_P2	1777	2083	2349	1241	846	1129	1168	1148	842	990	1015	1064	1045	1072	1395
Mme_+_63296202.23-P2	Mme_P2	1225	1576	1619	953	542	783	805	772	625	691	622	815	776	764	848
Cacna1b_+_24763106.23-P1P2	Cacna1b	1604	2075	2174	1195	757	1063	1173	1036	988	979	1016	1032	1126	1111	1247
Tuba8_+_121210828.23-P1P2	Tuba8	1597	1933	1842	1051	703	1043	854	960	901	992	874	939	1127	854	993
Ndufb9_+_58934033.23-P1P2	Ndufb9	1697	2210	1973	1325	879	1006	1049	1055	817	932	1096	950	1143	1041	1145
Abcb1a_+_8660124.23-P1P2	Abcb1a	506	665	613	360	220	296	407	370	302	358	344	383	416	367	464
Bscl2_+_8837469.23-P2	Bscl2_P2	1050	1233	901	657	440	706	615	597	588	461	640	603	620	615	799
Htr2a_+_74640974.23-P1P2	Htr2a	1629	1950	2110	1158	761	1028	1161	976	812	984	922	1004	1039	1058	1112
Cfl2_-_54862765.23-P1P2	Cfl2	2367	2894	3079	1609	1081	1393	1558	1519	1281	1510	1448	1518	1409	1393	1614
Il6_+_30013325.23-P1P2	Il6	1720	2037	1757	1182	771	1052	1101	1113	684	1045	972	896	1130	1051	1270
Tbcd_+_121452012.23-P1P2	Tbcd	1672	2116	2083	1085	751	1139	1208	981	733	761	617	1024	719	840	1013
Mfn1_+_32529625.23-P1P2	Mfn1	1645	2041	1955	1243	787	1064	1123	1006	820	934	985	1018	1168	1125	1160
Hspa5_+_34772114.23-P1P2	Hspa5	1369	1773	1534	835	488	801	771	819	491	639	652	723	631	665	837
Lmnb1_+_56707934.23-P1P2	Lmnb1	1016	1193	1311	623	437	538	636	605	412	510	648	746	708	667	668
Pik3cb_-_99140178.23-P1P2	Pik3cb	1714	2227	2855	1193	844	1105	1200	1117	885	944	1036	1044	1193	1003	1293
Kctd7_-_130144929.23-P1P2	Kctd7	1174	1569	1342	989	548	866	796	724	679	640	676	740	801	687	772
Ppp2r2b_+_43059486.23-ENSMUST00000025377.7	Ppp2r2b	1181	1461	1106	798	451	790	828	762	545	668	694	821	697	775	902
Prkcg_+_3303638.23-P1P2	Prkcg	1339	1581	1352	1002	594	895	899	678	712	730	712	871	781	875	879
Sorl1_-_42124077.23-P1P2	Sorl1	893	1120	820	627	480	561	629	556	483	620	515	628	654	604	707
Pde9a_-_31386474.23-P1P2	Pde9a	1363	1761	1745	1041	517	695	764	753	710	712	835	835	909	748	931
Cln5_+_103070320.23-P1P2	Cln5	1176	1379	1075	794	365	547	818	749	555	596	501	628	668	623	710
Mapk9_-_49846799.23-P1P2	Mapk9	618	757	824	396	320	427	458	345	410	505	430	554	504	464	638
Cx3cl1_+_94772276.23-P1P2	Cx3cl1	1216	1510	1184	812	514	781	761	796	674	718	725	752	890	702	819
Padi4_-_140774219.23-P1	Padi4_P1	1612	1981	1918	1247	809	1050	1047	981	766	820	992	897	1029	1034	1219
Plcb3_-_6969697.23-P1P2	Plcb3	1929	2397	2546	1454	874	1163	1114	1208	1110	1089	1072	1022	1185	1150	1298
Dao_-_114003890.23-P1P2	Dao	2006	2442	2438	1525	975	1301	1211	1205	978	1201	1053	1198	1203	1181	1375
Galc_+_98259325.23-P1P2	Galc	1888	2307	2174	1460	872	1311	1298	1196	973	1121	1071	1229	1300	1097	1353
Ryr2_-_12106658.23-P1P2	Ryr2	1813	2310	2068	1307	876	1167	1250	1174	943	1057	1029	1128	1155	1032	1220
Sncb_+_54766494.23-P1P2	Sncb	1091	1369	1196	810	551	561	781	624	640	591	643	576	709	693	744
Il13ra1_-_36112157.23-P1P2	Il13ra1	1808	2178	2128	1195	858	1142	1119	1233	825	940	1099	1165	1245	1264	1446
Bhlhb9_-_135885949.23-P1P2	Bhlhb9	1968	2360	1900	1151	788	1033	1078	1058	936	1079	1047	1111	1198	1150	1383
Nptx1_+_119547712.23-P1P2	Nptx1	1697	2020	1720	1161	669	1023	1005	1059	945	863	867	1004	956	898	1118
Tppp_+_74009457.23-P1P2	Tppp	1052	1351	1055	762	536	792	773	561	503	624	638	740	723	643	889
Gemin4_+_76243510.23-P2	Gemin4_P2	1244	1572	1840	942	560	814	892	841	757	830	736	828	881	883	875
Lamc2_+_153186524.23-P1P2	Lamc2	531	641	549	389	238	298	320	319	388	307	299	333	388	321	392
non-targeting_03541	non-targeting	1380	1721	1798	1096	722	988	1059	783	761	778	783	804	866	892	1046
Tac1_-_7555150.23-P1P2	Tac1	1631	2012	1680	1072	798	865	1073	962	849	865	841	1037	1081	919	1048
Ap5z1_+_142464084.23-P1P2	Ap5z1	1843	2355	1821	1213	781	1145	1324	1141	829	888	1014	1117	1201	1069	1431
Gpnmb_-_49036700.23-P1P2	Gpnmb	1652	2086	1955	1136	845	1193	1101	1002	984	929	953	1064	1026	1052	1213
Hmox1_+_75093685.23-P1P2	Hmox1	1552	1774	1948	1087	678	934	789	870	681	810	851	902	948	842	1017
Msc_-_14755952.23-P1P2	Msc	1368	1665	1685	973	625	865	1017	853	696	807	774	851	929	756	849
Pus1_+_110780544.23-P1P2	Pus1	2327	3000	3302	1618	1045	1654	1630	1437	1256	1349	1406	1584	1473	1591	1618
Hdac1_-_129542689.23-P1P2	Hdac1	1180	1521	1274	934	638	666	878	680	683	666	700	814	765	774	833
Sdha_+_74350204.23-P1P2	Sdha	1536	1988	2278	1026	624	889	938	920	768	837	828	859	881	959	1251
Pfn1_+_70654580.23-P1P2	Pfn1	1235	1529	1207	1012	648	945	895	783	564	737	744	831	861	832	900
Trim2_-_84259728.23-P2	Trim2_P2	769	856	742	477	284	443	413	385	349	391	413	473	518	482	516
H2-M10.1_-_36326133.23-ENSMUST00000025322.7	H2-M10.1	1289	1592	1583	830	491	660	775	752	635	759	732	791	941	799	876
Sigmar1_-_41741259.23-P1P2	Sigmar1	1829	2316	2234	1351	886	1074	1140	1050	1045	1006	1075	1129	1172	1214	1315
Glb1_+_114401173.23-P1P2	Glb1	1518	1854	2174	1034	673	1059	1070	856	784	810	885	867	1095	930	1158
Cacna1b_-_24763096.23-P1P2	Cacna1b	1470	1803	1907	980	716	778	971	805	853	839	863	926	997	924	1038
Bdnf_+_109693651.23-P1P2	Bdnf	1686	2195	1984	1347	898	1160	1144	1208	854	970	1100	1167	1107	1186	1228
Cyp2d34_+_82620645.23-P1P2	Cyp2d34	1455	1624	2195	1007	639	824	990	914	771	767	764	875	841	828	1076
Cybb_-_9469260.23-P1P2	Cybb	1054	1350	1396	764	437	746	708	600	630	609	696	703	654	668	682
Aaas_+_102350603.23-P1P2	Aaas	1593	2137	2024	1150	889	1135	985	1015	827	1034	1043	1004	1046	1090	1186
Anp32a_+_62341429.23-P1P2	Anp32a	1081	1336	1309	727	586	798	863	745	749	590	734	725	697	670	785
Calb2_-_110168115.23-P1P2	Calb2	1515	1759	1694	1087	700	1109	937	1032	702	829	904	954	942	983	1164
Dyrk1a_+_94569901.23-P1P2	Dyrk1a	1533	1873	1316	1010	769	1078	1046	918	723	922	918	1029	925	998	1195
Atxn3_-_101957943.23-P1P2	Atxn3	1459	1932	1905	1124	734	945	1020	921	755	935	835	892	1060	921	1099
Ppt1_+_122836300.23-P1P2	Ppt1	1835	2350	2452	1335	931	1118	1289	1221	1140	1034	988	1156	1382	1172	1236
non-targeting_02619	non-targeting	1855	2262	2034	1371	901	1245	1177	1159	1016	1012	1152	1161	1206	1093	1228
Cxcl10_-_92348867.23-P1P2	Cxcl10	1583	1837	1756	982	678	1052	1001	863	693	876	862	912	877	911	906
Gpx8_+_113046371.23-P1P2	Gpx8	1323	1612	1651	866	539	869	797	752	589	678	765	809	757	766	819
Ramp2_+_101246023.23-P1P2	Ramp2	1724	2194	2220	1273	781	1054	1223	1113	1012	997	1007	1002	1240	1154	1288
Crebbp_-_4213282.23-P1P2	Crebbp	1869	2326	2286	1405	814	1187	1173	1068	1157	1094	1222	1052	1276	1237	1264
Eif2ak3_-_70844809.23-P1P2	Eif2ak3	898	1219	1451	725	476	652	660	513	464	532	596	658	678	669	785
Tfg_+_56717220.23-P1P2	Tfg	1175	1361	1199	811	511	869	769	713	529	568	579	576	645	633	778
Serpina1a_-_103863505.23-P1P2	Serpina1a	601	716	973	492	216	366	392	375	446	332	325	409	439	378	435
Prkar1b_+_139129666.23-P1P2	Prkar1b	1464	1823	1738	1005	690	910	1020	934	689	867	866	890	906	925	1085
Als2_-_59237256.23-P1P2	Als2	984	1287	1382	624	588	604	652	728	498	638	570	639	653	596	764
Eif4g1_-_20672748.23-P1P2	Eif4g1	2072	2651	2347	1649	968	1366	1395	1257	1230	1188	1222	1253	1423	1312	1496
Cd200r3_+_44943756.23-P1P2	Cd200r3	1965	2429	2091	1288	986	1460	1343	1138	1111	1171	1147	1204	1260	1183	1334
Plxna4_+_32588181.23-P1P2	Plxna4	1695	1903	1929	1072	670	1026	1008	921	921	878	1009	1035	991	1097	1129
Hexa_-_59539716.23-P1P2	Hexa	1593	1833	1760	957	730	942	977	882	683	931	879	1025	952	897	1044
Ndufc2_+_97400141.23-P1P2	Ndufc2	1034	1428	1102	872	561	843	726	685	612	576	688	752	622	674	823
Msh2_-_87672601.23-P1P2	Msh2	1630	1916	1971	1035	705	911	1043	1065	851	951	948	942	1032	871	1133
Cast_+_74807902.23-P1P2	Cast	2175	2633	2588	1412	961	1435	1413	1431	1080	1228	1272	1385	1406	1250	1552
Maneal_+_124862226.23-P1P2	Maneal	1424	1626	1516	1028	552	884	855	834	760	733	887	847	872	830	1011
Fggy_-_95579522.23-P2	Fggy_P2	787	1012	876	680	362	511	545	464	546	502	470	415	435	466	527
Idua_+_108669491.23-P1P2	Idua	1488	1887	1711	1063	648	962	930	726	740	833	895	837	811	945	939
Peg12_-_62464475.23-P1P2	Peg12	614	847	724	576	357	423	529	400	274	328	419	445	406	399	568
Hexb_-_97198070.23-P1P2	Hexb	725	928	763	434	307	454	513	443	455	440	388	480	539	432	425
Ppp3ca_-_136670230.23-P1P2	Ppp3ca	1285	1623	1589	832	612	896	879	729	703	693	958	900	886	843	951
Pmpca_-_26389385.23-P1P2	Pmpca	1456	1859	2043	892	546	921	785	820	621	789	785	821	858	751	916
Plcb4_-_135741862.23-ENSMUST00000110109.1	Plcb4	1439	1744	1397	995	557	842	923	857	784	787	793	807	823	801	935
Hmgb1_+_149051384.23-P2	Hmgb1_P2	1401	1621	1494	965	586	778	788	736	744	618	688	695	732	715	727
Atp2b3_+_73503134.23-P1P2	Atp2b3	2112	2566	2260	1499	784	1318	1417	1267	1184	1006	1170	1236	1265	1229	1545
Tmem175_-_108629873.23-P1P2	Tmem175	1890	2102	2294	1158	722	1291	1093	1221	980	997	1047	1027	1175	1035	1194
Nt5c2_+_46962246.23-P1P2	Nt5c2	1481	1815	1295	984	640	978	1038	828	695	773	890	859	1051	949	1081
Khdrbs1_-_129742203.23-P1P2	Khdrbs1	889	1108	780	674	457	584	616	600	657	539	554	595	599	558	654
Tbp_-_15499957.23-P1P2	Tbp	2683	3339	2908	1947	1130	1708	1599	1578	1140	1397	1519	1497	1689	1559	1674
Uba7_+_107975775.23-P1	Uba7_P1	1309	1551	1096	693	409	689	734	721	553	711	723	885	831	787	980
Gjc2_+_59182780.23-P1P2	Gjc2	1298	1598	1553	983	551	814	784	808	631	743	712	903	750	744	902
Txnrd1_-_82859247.23-P1P2	Txnrd1	2042	2464	1968	1282	885	1154	1454	1162	1109	1192	1177	1116	1195	1279	1392
Mbp_+_82554762.23-P1P2	Mbp	1557	1910	2075	1278	648	1066	1045	903	1012	906	900	994	982	906	1175
Erbb2_+_98412578.23-P1P2	Erbb2	1172	1480	1503	918	510	729	654	638	526	639	723	699	810	762	927
Slc19a3_+_83038353.23-P1P2	Slc19a3	2055	2596	2448	1563	1057	1156	1358	1199	1008	1172	1204	1322	1364	1310	1524
Gabarapl2_+_111940749.23-P1P2	Gabarapl2	1158	1524	1767	859	484	760	879	764	617	642	602	811	723	656	901
H2-M9_-_36642597.23-P1P2	H2-M9	1873	2535	2045	1408	914	1327	1400	1146	1125	1040	1161	1186	1290	1209	1477
Sox2_-_34650042.23-P1P2	Sox2	1674	2117	1630	1284	841	1081	1155	971	918	1101	1061	1120	1166	1153	1295
Slc52a3_-_151996570.23-P1	Slc52a3_P1	1444	1648	1605	955	668	903	911	888	748	784	747	844	901	919	1083
Angpt4_-_151911266.23-P1P2	Angpt4	1064	1389	1354	748	520	677	743	670	561	567	659	514	744	609	807
Ndufa6_+_82354221.23-P1P2	Ndufa6	2730	3369	3454	1697	1343	1582	1674	1442	1118	1461	1494	1687	1565	1686	1933
Fzd3_-_65262425.23-P1P2	Fzd3	1243	1612	1478	1027	568	873	841	835	775	663	658	843	758	738	886
H2-M11_+_36547339.23-ENSMUST00000041964.6	H2-M11	1341	1743	1609	1065	554	877	914	826	883	762	765	807	729	865	969
Smurf2_+_106920676.23-P1P2	Smurf2	1149	1305	1001	742	380	798	716	670	595	581	605	644	608	658	616
Cstb_-_78425801.23-P1P2	Cstb	1336	1651	1465	892	662	724	748	758	650	709	566	658	618	708	805
Oxr1_+_41788887.23-ENSMUST00000170127.1	Oxr1	1350	1745	1326	978	682	824	796	950	776	809	719	798	892	814	981
Htra2_+_83054431.23-P1P2	Htra2	1059	1277	1289	697	478	699	700	614	474	545	582	666	587	526	665
Myoc_+_162639164.23-P1P2	Myoc	1562	1871	1806	1159	731	1016	1070	1009	783	935	902	1003	1099	1024	1310
Exosc8_+_54735017.23-P1P2	Exosc8	1189	1462	1536	775	496	635	754	708	673	583	711	638	823	750	841
Brca1_+_101551819.23-P1P2	Brca1	1158	1498	1645	950	517	775	837	779	798	578	589	793	641	647	858
Atm_+_53536549.23-P1P2	Atm	1197	1469	1413	852	431	821	713	663	555	717	746	709	790	758	823
Tsen34_+_3693822.23-P1P2	Tsen34	1732	2062	2422	1139	738	1034	1053	966	1015	1050	896	1037	1003	1023	1133
Ern1_-_106487777.23-P1P2	Ern1	1843	2308	2491	1411	861	1269	1134	1095	1109	934	1119	1149	1047	1057	1318
Colec11_-_28623219.23-P1P2	Colec11	2188	2884	2929	1494	1047	1563	1502	1355	1231	1282	1308	1437	1448	1489	1606
Tubb2a_-_34077993.23-P1P2	Tubb2a	2358	2830	3252	1699	1063	1542	1611	1427	1314	1343	1499	1530	1596	1424	1708
Lrp6_-_134566761.23-P1P2	Lrp6	1509	1793	1404	1085	701	814	915	947	726	783	829	886	842	868	1087
Ryr1_-_29125097.23-P1P2	Ryr1	1042	1623	1342	883	644	873	827	782	688	758	668	791	845	785	882
Sncaip_+_52768278.23-P1P2	Sncaip	998	1261	1142	662	431	636	693	610	481	577	578	619	544	619	763
Pde4d_+_109953895.23-P1P2	Pde4d	957	1180	1512	597	403	492	677	587	523	449	568	663	563	572	717
Echs1_-_140116331.23-P1P2	Echs1	786	1058	815	524	365	463	484	472	380	420	432	466	465	488	653
Sh3tc2_+_61953080.23-P1P2	Sh3tc2	859	1007	1021	515	441	577	562	500	493	530	576	525	469	528	521
Capn2_+_182517246.23-P1P2	Capn2	1396	1815	1441	884	692	969	920	853	733	741	828	889	1017	932	910
Cd36_+_17835651.23-P1P2	Cd36	1630	2238	2242	1275	765	1113	1164	1117	1058	926	1018	1126	1063	1060	1215
Ppara_+_85735855.23-P1P2	Ppara	905	1060	1055	609	387	488	633	571	372	502	557	579	604	563	618
non-targeting_03947	non-targeting	1822	2085	1763	1310	876	1053	1282	1012	949	961	975	1025	1116	941	1219
Apoe_-_19698125.23-P1P2	Apoe	686	787	747	411	270	412	427	355	345	338	456	466	499	402	561
H2-T24_-_36020519.23-P1P2	H2-T24	2197	2621	2097	1613	991	1475	1405	1273	1003	1251	1125	1402	1405	1295	1668
Prickle1_+_93519458.23-P2	Prickle1_P2	1473	1874	1792	1073	725	934	938	794	826	823	859	979	889	907	971
Prdm12_+_31639831.23-P1P2	Prdm12	727	938	1148	562	346	554	461	483	358	451	438	445	459	488	583
Bcl11b_+_108004032.23-P1P2	Bcl11b	1353	1499	1534	853	674	813	822	840	750	717	599	763	581	740	786
Eif4g2_+_111082977.23-P1	Eif4g2_P1	1502	1963	1765	1195	703	956	1099	980	730	959	892	1009	1069	982	1119
Elavl4_-_110287482.23-P1P2	Elavl4	1775	2434	2199	1417	891	1201	1331	1194	987	1073	1101	1264	1304	1249	1436
Il2_+_37125689.23-P1P2	Il2	1455	1758	1734	981	678	893	968	904	588	710	817	823	875	913	1017
Cyp2d10_+_82406851.23-P1P2	Cyp2d10	1771	2319	2331	1262	764	1119	1135	1030	928	930	962	1036	1199	1093	1231
Tuba8_+_121210850.23-P1P2	Tuba8	1404	1622	1392	893	589	752	868	861	650	752	898	761	862	854	922
Tiparp_+_65528489.23-P1P2	Tiparp	1414	1785	1614	1047	719	981	836	881	708	772	874	897	932	903	1045
Gsr_+_33653615.23-P1P2	Gsr	2093	2398	2455	1271	856	1123	1438	1164	1095	1147	1087	1177	1304	1176	1424
Scn8a_+_100871150.23-P1P2	Scn8a	1738	2107	2124	1170	772	1082	1042	1093	784	977	1052	992	1030	1027	1228
non-targeting_02861	non-targeting	2602	3056	2866	1744	1117	1599	1637	1541	1259	1469	1322	1547	1505	1446	1786
Tmem230_+_132247535.23-P1P2	Tmem230	1132	1229	1060	719	513	727	639	670	614	656	591	612	656	638	758
Padi4_+_140750500.23-P2	Padi4_P2	1461	1840	1675	1144	607	860	1080	873	820	661	809	774	876	851	1096
Fgf14_-_124193027.23-ENSMUST00000026631.5	Fgf14	1481	1752	1797	1015	753	953	1012	901	869	782	863	858	822	864	963
Hmbs_+_44342211.23-P1	Hmbs_P1	1815	2347	2533	1086	775	1172	1301	1057	803	1060	1217	1203	1297	1173	1443
Mapk3_-_126759904.23-P1P2	Mapk3	2116	2460	2074	1346	908	1294	1415	1317	1006	1212	1187	1294	1309	1094	1425
Wnt10a_+_74792087.23-P1P2	Wnt10a	1349	1848	1237	1078	547	917	906	853	786	863	835	933	980	845	1016
Epo_-_137533204.23-P1P2	Epo	2277	3028	2859	1343	1219	1370	1429	1425	1138	1343	1238	1371	1580	1372	1733
Atl1_+_69893307.23-P1P2	Atl1	1217	1477	1642	866	562	753	691	734	642	709	649	690	752	721	800
Wnt5b_+_119544253.23-P1P2	Wnt5b	1077	1227	741	795	498	543	665	640	580	579	475	664	745	642	817
Ndufa13_-_69902766.23-P1P2	Ndufa13	1364	1534	1622	895	612	821	850	807	757	681	780	829	841	847	884
Mmp9_-_164948532.23-P1P2	Mmp9	2364	2958	2727	1697	1125	1632	1462	1548	1025	1349	1323	1477	1564	1410	1703
Mapk1_+_16983480.23-P1P2	Mapk1	1234	1470	1510	859	482	673	804	744	662	620	588	725	675	616	869
Txn2_-_77927871.23-P2	Txn2_P2	1159	1467	1325	759	487	745	860	759	663	663	751	816	720	838	900
Hdac4_+_92148338.23-ENSMUST00000008995.8	Hdac4	1652	1939	1699	1111	695	954	1089	858	771	722	897	966	973	909	1025
Vwa3b_+_37153892.23-P1P2	Vwa3b	762	919	784	479	331	521	612	444	322	364	434	490	524	453	600
Klc4_+_46645074.23-P1P2	Klc4	1009	1158	1464	690	518	706	638	584	559	539	701	632	636	594	763
Tfcp2_+_100551908.23-P1P2	Tfcp2	1160	1376	1676	853	454	694	730	591	576	633	559	626	729	641	783
Uqcrc2_+_120635297.23-P1P2	Uqcrc2	1553	2200	1544	1273	739	1001	1247	963	954	821	1008	1050	1047	1030	1309
Cyp2d10_-_82407195.23-P1P2	Cyp2d10	1479	1786	1745	1092	634	1036	924	891	643	778	1003	838	989	865	1049
Dnajc6_+_101508040.23-P1P2	Dnajc6	738	922	752	460	281	356	419	416	388	364	413	451	432	479	580
Ppara_-_85735815.23-P1P2	Ppara	1422	1865	1720	1078	672	859	1041	967	827	739	914	846	1021	861	1157
Ndufb2_-_39592672.23-P1P2	Ndufb2	2262	2696	3359	1618	1103	1551	1480	1363	1103	1187	1328	1352	1560	1372	1509
Bcl6_+_23988610.23-P1P2	Bcl6	1317	1501	1312	942	563	947	830	831	560	744	802	772	888	874	956
Pde8b_+_95222970.23-P2	Pde8b_P2	1275	1533	1260	817	493	717	934	767	732	663	699	705	740	838	863
Sncb_+_54766211.23-P1P2	Sncb	1260	1666	1738	1053	661	838	946	873	631	675	767	729	905	868	977
Esr2_+_76177006.23-P1P2	Esr2	1220	1488	1317	922	444	769	704	733	691	633	661	648	727	716	721
Cln8_+_14888901.23-P1P2	Cln8	1020	1310	1440	835	523	554	732	725	497	575	640	652	634	663	817
Pabpc4_+_123282707.23-P1P2	Pabpc4	1839	2216	1761	1383	956	1085	975	1165	864	975	1051	1000	1245	1145	1319
Psmc2_-_21785311.23-P1	Psmc2_P1	745	994	1094	424	374	459	488	503	369	467	398	436	540	450	620
Cox7a2l_-_83514089.23-P1P2	Cox7a2l	1679	2148	1676	1125	777	1092	1196	975	992	838	835	1014	1061	1006	1184
Calml3_-_3804323.23-P1P2	Calml3	743	951	1329	509	331	418	480	492	445	317	478	397	560	529	553
Mapk3_+_126759687.23-P1P2	Mapk3	1789	2069	2004	1087	872	1067	1137	1132	989	903	893	1130	979	1139	1207
Sirt7_-_120624964.23-P1P2	Sirt7	1377	1671	1376	1019	648	915	988	979	835	878	816	946	1012	848	1058
Raf1_-_115676241.23-P1P2	Raf1	1410	1831	1519	1007	706	843	1107	835	933	816	811	945	917	1019	1033
Vps13d_-_144974581.23-ENSMUST00000097796.2	Vps13d	884	1023	900	647	463	591	544	648	485	444	493	486	556	531	666
Pon3_+_5256266.23-P1P2	Pon3	1335	1616	1453	959	539	776	861	788	758	755	785	741	790	873	906
Tnfrsf21_-_43016606.23-P1P2	Tnfrsf21	2089	2572	2341	1505	789	1328	1297	1277	1115	1161	1138	1360	1373	1203	1532
Blvra_+_127080531.23-P2	Blvra_P2	1116	1198	1078	647	419	673	769	559	611	567	635	628	678	600	715
Slc6a4_+_76998669.23-P2	Slc6a4_P2	1780	2309	2150	1350	892	1370	1249	1211	926	1057	1266	1251	1323	1285	1406
Ndufa4_-_11907272.23-P1P2	Ndufa4	1344	1758	1568	967	649	863	1081	784	764	680	756	894	864	790	915
Elk1_-_20950527.23-P1P2	Elk1	1192	1371	1524	866	574	740	780	839	737	605	647	708	708	738	869
Rac1_-_143527951.23-P1P2	Rac1	1447	1642	2202	1023	645	829	978	829	743	765	817	800	858	752	1048
Atg7_-_114643147.23-P1P2	Atg7	1967	2452	2595	1317	877	1206	1354	1294	1000	1075	1171	1228	1192	1192	1392
Naglu_+_101070337.23-P1P2	Naglu	1263	1782	1673	863	727	785	823	845	770	758	844	866	785	837	1025
Il33_-_29925199.23-P1P2	Il33	1550	2123	2061	1160	727	1116	1007	934	752	833	854	1200	1086	1039	1219
Map3k10_+_27674535.23-P1P2	Map3k10	1190	1400	1402	863	535	734	744	688	630	647	615	695	703	697	664
Slc25a5_-_36796073.23-P1P2	Slc25a5	748	878	615	534	323	399	490	455	546	416	465	537	428	427	569
Gm2a_+_55098142.23-P1P2	Gm2a	2702	3300	2998	1776	1322	1589	1887	1591	1356	1404	1493	1696	1684	1590	1823
Pvalb_-_78203958.23-P2	Pvalb_P2	921	1254	1282	678	517	619	604	612	600	508	644	625	699	618	666
Sncg_+_34374495.23-P1P2	Sncg	637	811	655	493	331	358	346	412	350	343	365	411	511	446	513
Plcg1_+_160731324.23-P1P2	Plcg1	1303	1432	1450	835	453	894	843	764	757	636	725	855	728	701	820
Surf1_-_26916300.23-P1P2	Surf1	1667	2137	2162	1157	838	1073	1169	1068	822	888	929	1037	1057	1010	1141
Ndufs5_+_123718182.23-P1P2	Ndufs5	1543	1901	1780	995	789	949	1067	903	823	872	925	982	891	968	1060
Ddah1_-_145758805.23-P1P2	Ddah1	1804	2461	1807	1434	871	1223	1267	1214	1071	1032	1056	1140	1205	1136	1194
Cant1_-_118418899.23-P1P2	Cant1	1056	1295	1470	864	488	693	737	704	639	588	595	663	618	717	758
Serpina3i_-_104263119.23-P1P2	Serpina3i	1506	1832	1745	1071	700	1078	1086	926	948	971	903	981	969	927	1142
Hgf_-_16553937.23-P1P2	Hgf	1328	1652	1326	966	549	953	853	805	677	713	777	904	939	834	931
Mapk13_+_28769370.23-P1P2	Mapk13	1776	2263	1813	1350	847	1006	1144	1004	911	1040	933	1249	1111	1083	1233
Il1b_+_129371096.23-P1P2	Il1b	1169	1506	1336	967	552	758	713	722	575	684	744	704	806	720	912
Irs1_-_82291096.23-P1P2	Irs1	1261	1469	1484	798	462	703	856	693	612	698	734	717	855	748	912
Kif5c_-_49619318.23-P1P2	Kif5c	1104	1408	1227	716	422	700	753	669	598	589	585	614	729	683	809
Dbn1_-_55488018.23-P1P2	Dbn1	1781	2144	2224	1271	903	1045	1191	1083	952	962	1023	1061	1117	1188	1215
Zap70_-_36761874.23-P1P2	Zap70	1036	1280	1609	688	488	712	670	601	496	545	651	635	577	605	695
Gdap2_-_100162691.23-P1P2	Gdap2	768	907	1127	582	387	599	566	487	375	478	452	508	443	503	562
Vps53_-_76179588.23-P1P2	Vps53	1138	1624	1556	887	636	772	848	747	697	778	642	716	751	704	842
S100b_-_76253958.23-P1P2	S100b	1386	1766	1967	917	668	947	975	852	781	799	856	817	886	845	1061
Dock2_+_34783795.23-P1P2	Dock2	1357	1669	1440	985	547	893	913	777	608	663	763	736	782	772	852
Ahsg_+_22892050.23-P1P2	Ahsg	1910	2442	2132	1445	867	1239	1264	1318	1178	1110	1025	1104	1377	1237	1350
Cdk5_+_24423534.23-P1P2	Cdk5	1555	1940	1513	1059	714	953	1155	894	860	860	900	1025	905	895	1121
Uqcr10_+_4704318.23-P1P2	Uqcr10	1147	1387	939	734	501	675	665	666	667	715	580	655	581	682	769
Ntrk2_+_58807921.23-P1P2	Ntrk2	1725	1962	2190	1356	718	1106	1085	1029	881	859	958	939	1068	1027	1187
Ang6_+_44002193.23-ENSMUST00000096869.2	Ang6	827	1068	1054	705	425	581	627	560	464	437	500	452	527	511	588
Atm_+_53536647.23-P1P2	Atm	2212	2582	2630	1474	1126	1411	1509	1449	1031	1316	1224	1379	1615	1343	1534
Sgcg_+_61258388.23-P1P2	Sgcg	855	1046	864	659	383	517	481	511	427	435	549	561	510	529	659
Ndufs2_+_171247051.23-P1	Ndufs2_P1	2178	2836	2182	1558	1121	1406	1511	1431	1196	1173	1271	1370	1374	1378	1677
Nr1h2_-_44553541.23-P1P2	Nr1h2	1083	1353	1131	778	451	671	665	658	635	597	612	702	709	670	931
Il6_+_30013382.23-P1P2	Il6	1279	1615	1705	930	572	923	836	807	646	746	808	855	809	785	875
Uqcrq_+_53430764.23-P1P2	Uqcrq	1274	1659	1247	841	494	755	816	776	747	573	629	743	796	772	802
Hsf1_-_76477460.23-P1P2	Hsf1	2639	3263	3255	1803	1145	1825	1724	1681	1358	1534	1665	1695	1797	1512	2003
Egr2_+_67535580.23-P2	Egr2_P2	1108	1315	1101	792	507	605	669	753	647	632	756	699	667	678	781
Dnah14_+_181741104.23-ENSMUST00000160345.1	Dnah14	466	645	541	360	158	213	346	309	283	299	300	283	248	321	372
Tlr2_+_83841514.23-P1P2	Tlr2	1004	1353	1234	726	483	651	712	648	638	594	626	682	621	630	767
Vim_+_13574365.23-P1P2	Vim	788	992	779	653	333	494	512	513	395	448	446	521	507	488	619
Pum1_-_130663402.23-P1P2	Pum1	1648	1894	1553	1163	818	1208	1072	1009	825	968	997	1018	1174	1018	1142
Tpp1_+_105752151.23-P1P2	Tpp1	1116	1415	1063	717	447	774	828	664	647	586	559	694	738	595	866
Gstm1_-_108017745.23-P1P2	Gstm1	1392	1884	1649	1142	833	889	1030	890	738	797	775	971	918	860	1144
Oxr1_-_41788883.23-ENSMUST00000170127.1	Oxr1	2008	2520	2529	1470	1003	1198	1424	1349	1197	1172	1238	1198	1156	1248	1476
Dpp6_-_27049440.23-P2	Dpp6_P2	2289	2784	2688	1705	1123	1599	1693	1514	1144	1283	1225	1288	1412	1288	1549
Btn1a1_-_23465644.23-P1P2	Btn1a1	838	1083	1131	627	348	581	519	626	426	448	455	478	404	449	559
Frat2_-_41848066.23-P1P2	Frat2	1389	1669	1976	935	706	1038	862	899	594	806	753	939	916	854	1035
Fgd4_+_16600037.23-P1P2	Fgd4	1350	1747	1674	1122	654	811	922	830	748	800	851	953	862	978	1103
Cntf_-_12765355.23-P1P2	Cntf	1804	2403	2234	1274	885	1154	1209	1075	1069	1069	1146	1195	1356	1234	1338
Ube3a_-_59228830.23-P1P2	Ube3a	1532	1880	2013	966	613	1055	929	865	724	810	885	953	999	835	1132
Mapk3_-_126759808.23-P1P2	Mapk3	1778	2334	1758	1370	898	1259	1130	1118	886	1102	1088	1133	1183	1219	1283
Sirt5_-_43365726.23-P1P2	Sirt5	2036	2379	2479	1231	871	1399	1277	1090	1173	1141	1246	1275	1352	1154	1398
Apc_-_34220977.23-P1	Apc_P1	1745	2341	2232	1296	898	1229	1124	1270	904	952	1195	1137	1141	1121	1299
Entpd1_-_40659854.23-P1P2	Entpd1	1116	1163	1569	704	508	591	715	563	622	624	566	820	827	574	759
Srrm2_-_23803263.23-P1P2	Srrm2	1082	1299	1883	648	559	582	687	615	491	649	626	646	686	667	778
Vamp1_+_125215591.23-P1	Vamp1_P1	895	1071	802	680	383	582	630	539	557	461	542	555	538	547	569
Tnf_-_35201750.23-P1P2	Tnf	1484	1737	1952	976	571	752	878	897	699	818	760	871	907	830	1113
Lmnb1_-_56707753.23-P1P2	Lmnb1	1479	1706	1910	1134	660	1112	991	845	738	777	881	796	978	863	1121
Gpr37_-_25689806.23-P1P2	Gpr37	1684	2201	2334	1362	837	1231	1168	986	1025	971	984	1088	1120	1195	1273
Apc2_+_80301063.23-P1	Apc2_P1	1360	1568	1386	1036	592	646	899	883	834	732	796	808	775	814	948
Serpina1e_-_103958458.23-P2	Serpina1e_P2	1784	2166	2019	1280	706	1160	1075	987	865	953	1034	961	1032	1042	1070
Jund_-_70698968.23-P1P2	Jund	2604	3048	3240	1856	1264	1429	1724	1463	1315	1526	1524	1485	1564	1471	1796
Gstm2_-_107986400.23-P1P2	Gstm2	1064	1271	1122	771	543	599	661	602	619	539	594	612	557	609	732
Psma6_+_55398913.23-P1P2	Psma6	1297	1568	1368	989	525	744	772	837	705	768	779	785	860	795	937
Psmd4_+_95042545.23-P1P2	Psmd4	1767	2090	1945	1229	876	1177	1018	1056	711	961	885	1137	1085	1069	1213
Cant1_+_118418963.23-P1P2	Cant1	974	1246	1266	706	484	621	609	616	501	530	556	591	658	630	680
Entpd1_+_40659838.23-P1P2	Entpd1	571	714	512	375	271	342	358	353	281	308	312	325	335	373	406
Ang4_+_51773531.23-P1P2	Ang4	1710	1944	1915	1067	679	957	1108	989	919	955	856	1178	937	868	1135
Itgam_-_128062902.23-P1P2	Itgam	1498	1915	1854	1098	708	1011	1025	917	855	742	874	894	846	862	1025
Ostm1_+_42678976.23-P1P2	Ostm1	1300	1736	1552	886	638	816	953	819	682	596	650	725	619	756	845
Calml4_-_62858172.23-P1P2	Calml4	2050	2481	2099	1390	800	1008	1187	1236	967	1122	1099	1086	1149	1045	1301
Zfp597_-_3884460.23-P1P2	Zfp597	1998	2382	2528	1468	890	1271	1407	1196	1024	1103	1138	1267	1257	1185	1392
Sgsm3_-_80977865.23-P1P2	Sgsm3	1524	1966	1957	1134	727	956	1115	892	633	952	909	1022	959	980	1097
Uchl3_+_101654249.23-P1P2	Uchl3	1771	2217	2104	1134	800	1100	1271	1025	1073	1037	1060	1012	1204	1192	1307
Sbf2_+_110614850.23-P1P2	Sbf2	1943	2334	1880	1182	821	1022	1406	1239	983	1008	1075	1315	1192	1173	1562
Gja6_-_160906915.23-P1P2	Gja6	870	1078	881	719	306	459	586	550	510	540	456	508	563	471	722
Wfs1_+_36988955.23-P1P2	Wfs1	999	1305	1210	747	431	723	723	679	486	586	655	593	657	606	790
Chek2_+_110840031.23-P1P2	Chek2	1240	1467	990	931	515	647	715	672	605	742	676	746	764	717	924
Capn1_-_6015527.23-P1P2	Capn1	1913	2423	1884	1212	794	1148	1326	1223	1141	1109	1161	1180	1351	1140	1403
Sirt1_+_63338993.23-P1P2	Sirt1	1272	1466	1432	845	633	691	811	603	638	750	686	772	862	721	811
Eif4g1_+_20672882.23-P1P2	Eif4g1	1911	2364	2101	1391	752	1116	1213	961	939	1212	1133	1151	1262	1253	1309
Uqcrfs1_-_30545325.23-P1P2	Uqcrfs1	1491	1798	1589	864	608	908	972	814	621	772	726	927	906	820	876
Dnah17_+_118129191.23-ENSMUST00000106308.3,ENSMUST00000084803.5	Dnah17	1507	1829	1783	1166	769	952	979	881	800	919	958	840	1039	955	1053
Tdp1_-_99884552.23-P1P2	Tdp1	1904	2399	2104	1498	783	1266	1220	1271	897	1094	1171	1178	1317	1242	1393
Ang_+_51091146.23-P2	Ang_P2	2354	2927	2890	1863	1074	1597	1497	1481	1394	1376	1305	1476	1396	1329	1725
Btn1a1_-_23465857.23-P1P2	Btn1a1	1176	1405	693	791	472	601	706	769	649	600	709	629	758	740	706
Chchd10_+_75935881.23-P1P2	Chchd10	2072	2509	2756	1354	920	1353	1375	1269	1070	1136	1209	1316	1186	1154	1379
Sptbn2_+_4711187.23-P1P2	Sptbn2	1089	1116	969	577	401	637	668	646	460	552	511	658	641	624	726
Rmdn1_+_19575246.23-P1P2	Rmdn1	1629	1862	1669	1080	782	1094	902	1006	940	1039	1145	928	1081	1083	1113
Uchl3_-_101654041.23-P1P2	Uchl3	1993	2451	1967	1396	956	1258	1328	1144	1038	1170	1181	1218	1376	1302	1405
Tpp2_+_43934072.23-P1P2	Tpp2	1019	1192	1010	702	432	663	833	626	565	515	561	627	713	685	735
Cox4i2_+_152754202.23-P1P2	Cox4i2	1743	1974	2214	977	811	1067	1035	1086	837	900	1051	1019	1111	1000	1158
Neurog2_-_127633180.23-P1P2	Neurog2	2259	2797	2394	1593	1032	1577	1368	1297	1108	1382	1231	1223	1511	1309	1602
Ang_-_51091157.23-P2	Ang_P2	1323	1541	1269	931	547	872	950	665	705	736	855	751	838	819	898
Gaa_-_119268100.23-P1P2	Gaa	2596	2950	3207	1710	1261	1471	1594	1602	1438	1271	1406	1347	1557	1512	1638
Grin2d_+_45870842.23-P2	Grin2d_P2	1772	2215	2226	1223	766	1221	1196	1112	834	960	1073	1145	1126	1058	1283
Serpina1d_-_103773106.23-P1P2	Serpina1d	2317	3030	2272	1753	968	1276	1608	1536	1353	1429	1312	1428	1632	1302	1793
Taf1_+_101532868.23-P1P2	Taf1	992	1221	896	638	395	556	485	513	408	476	405	594	466	526	556
Ndufa2_+_36744475.23-P1P2	Ndufa2	2132	2571	2355	1326	989	1203	1155	1159	856	859	866	1134	1049	994	1198
Htr1a_+_105444026.23-P1P2	Htr1a	1806	2135	1420	1198	799	1125	1039	955	823	1014	873	1045	1184	1079	1246
Actb_-_142906657.23-P1	Actb_P1	1284	1726	1287	962	636	946	940	849	770	763	743	882	832	818	1079
Ryr1_-_29125141.23-P1P2	Ryr1	1098	1492	1377	865	655	826	808	642	649	714	666	624	787	701	756
Kif1a_-_93101801.23-P1P2	Kif1a	2564	3471	3543	1943	1111	1767	1835	1692	1551	1485	1599	1709	1874	1652	2222
Cyp27a1_-_74713765.23-P1P2	Cyp27a1	1134	1307	1352	754	373	698	729	574	544	558	542	725	674	636	763
Hmox1_+_75093657.23-P1P2	Hmox1	1849	2223	1844	1288	856	928	1301	1117	975	1116	1051	1167	1117	1152	1293
Cabin1_+_75764297.23-P1P2	Cabin1	1560	1955	1725	1044	703	909	946	1036	779	889	891	958	1018	981	1182
Unc5c_-_141465681.23-P1P2	Unc5c	1702	2316	2296	1354	908	1101	1191	1137	1073	964	1057	1217	1231	1125	1167
Mad2l1bp_-_46153447.23-P1P2	Mad2l1bp	852	1031	827	618	451	411	590	642	502	365	549	512	473	455	638
Prnp_+_131909970.23-P1P2	Prnp	1141	1374	1262	761	512	826	694	677	644	596	697	770	636	723	767
Ubqln2_-_153498227.23-P1P2	Ubqln2	1726	2035	1525	1118	781	1094	995	1112	913	991	877	1084	1024	1028	1176
Clp1_-_84727294.23-P1P2	Clp1	2090	2582	1744	1605	953	1369	1484	1309	1156	1043	1196	1363	1336	1223	1404
Tecpr2_+_110889276.23-P1P2	Tecpr2	1251	1637	1426	895	605	993	866	708	711	643	650	794	717	696	874
Chrm1_+_8664151.23-P1P2	Chrm1	958	1153	925	692	431	565	649	597	486	486	499	673	638	580	649
Dst_-_34011618.23-P1P2	Dst	3333	3889	3676	2119	1475	2102	2136	1939	1812	1777	1909	2012	2135	1978	2281
Txnrd1_-_82859264.23-P1P2	Txnrd1	1785	2149	2367	1326	792	1268	1205	1241	994	962	1138	1236	1205	1109	1192
Ndufb4_+_37654404.23-P1P2	Ndufb4	1808	2046	2190	1024	749	1130	1103	1018	947	983	1026	1009	1165	1063	1241
Syt1_-_109010685.23-P1P2	Syt1	1905	2294	2032	1336	816	1099	1374	1104	900	1037	1045	1040	1048	1160	1391
Apc_+_34220978.23-P1	Apc_P1	1396	1788	1716	984	621	971	1017	788	895	721	844	876	721	760	996
Ndufa3_+_3617574.23-P1P2	Ndufa3	904	1029	736	600	371	515	579	492	407	434	485	528	502	504	686
Cdca5_-_6085168.23-P1P2	Cdca5	1269	1476	1322	818	505	812	789	757	755	683	780	691	759	771	780
1700013F07Rik_+_108537583.23-P1P2	1700013F07Rik	1674	2172	2130	1349	741	1263	1258	1152	944	949	929	1002	1120	1010	1259
Ins2_-_142699459.23-P2	Ins2_P2	1515	1686	2030	1139	648	892	985	908	793	748	826	855	835	984	1018
Psmc5_-_106256193.23-P1P2	Psmc5	1010	1306	1429	654	465	592	619	588	411	569	476	595	574	560	740
Tmed9_-_55593182.23-P1P2	Tmed9	770	876	1039	463	297	449	540	434	495	403	440	489	411	425	511
Abl1_+_31688565.23-P1P2	Abl1	1634	2182	2349	1202	830	1162	1185	998	1085	958	960	1088	1069	965	1269
Egr1_+_34861258.23-P1P2	Egr1	1060	1290	1095	739	513	697	749	671	585	575	610	699	698	704	720
Gria4_+_4796223.23-P1P2	Gria4	756	882	871	407	348	515	559	415	396	444	521	507	687	518	677
Kcnc3_-_44590701.23-ENSMUST00000107907.2	Kcnc3	1202	1603	1153	905	580	813	902	816	762	690	787	820	772	894	928
Itpr2_-_146502148.23-P1P2	Itpr2	1225	1598	1401	887	622	760	876	714	839	727	676	693	775	805	939
Dkk1_+_30549479.23-P1P2	Dkk1	876	1062	1231	568	401	430	531	529	444	474	444	603	569	516	653
Sos1_+_80480419.23-P1P2	Sos1	1333	1690	2053	881	556	836	847	773	671	682	822	801	866	875	993
Hspb3_-_113663621.23-P1P2	Hspb3	1281	1592	1135	939	616	697	773	727	690	656	730	738	794	735	753
Psmd12_-_107479532.23-P1P2	Psmd12	1493	1832	1906	1020	691	848	940	819	783	831	822	819	865	832	1022
Atp1a1_+_101604602.23-P1P2	Atp1a1	1835	2241	1933	1204	825	988	1195	1021	857	1073	1125	1050	1255	1037	1163
Fggy_+_95557513.23-P1	Fggy_P1	1188	1380	1395	889	461	605	786	726	573	654	658	742	735	707	823
Pawr_+_108332174.23-P1P2	Pawr	2278	2847	2305	1577	1123	1343	1525	1448	1217	1252	1286	1539	1490	1480	1753
Lmnb2_-_80918162.23-P1P2	Lmnb2	2125	2800	2358	1495	908	1213	1264	1367	1058	1267	1230	1240	1346	1355	1456
Ampd2_+_108086617.23-P1	Ampd2_P1	797	1183	1172	656	380	557	535	513	462	430	451	492	499	642	577
Toe1_+_116807515.23-P1P2	Toe1	2185	2687	2106	1552	993	1271	1516	1260	1106	1160	989	1094	1141	1289	1516
Psmb2_+_126677702.23-P1P2	Psmb2	2076	2478	2262	1389	843	1239	1324	1224	1168	1063	1291	1223	1205	1107	1345
Hspa9_+_34954115.23-P1P2	Hspa9	1167	1351	1281	667	410	711	694	555	466	487	589	568	483	621	708
Ndufc1_-_51408724.23-P1P2	Ndufc1	1832	2239	2199	1310	899	1133	1203	1050	936	1009	1023	1096	1110	999	1269
Coq7_+_118533287.23-P1P2	Coq7	1371	1718	1443	1091	714	917	1151	974	679	787	723	857	942	866	1092
Synj1_+_91011035.23-P1P2	Synj1	1818	2380	1635	1202	864	1105	1286	1063	855	1069	1061	1058	1310	1130	1224
Zfp629_-_127615187.23-P1P2	Zfp629	968	1290	1099	734	460	622	708	659	523	509	567	640	636	619	742
Sdhb_-_140961410.23-P1P2	Sdhb	1313	1574	1554	962	612	898	964	844	866	787	737	887	782	866	1052
Ddhd2_-_25754369.23-P1P2	Ddhd2	1436	1843	1706	927	668	885	1105	951	825	871	973	808	902	881	998
Pld3_+_27553035.23-P2	Pld3_P2	1887	2378	2300	1304	874	1064	1141	1118	789	1003	1211	1093	1159	1155	1275
Gsn_+_35282461.23-P2	Gsn_P2	1253	1726	1714	909	630	958	813	705	587	762	728	827	835	827	917
Dnah7c_+_46609149.23-ENSMUST00000178395.1	Dnah7c	1173	1583	1665	895	605	781	836	747	657	645	668	718	825	739	822
Mrc1_-_14229444.23-P1P2	Mrc1	1581	2043	1658	994	780	1116	1136	975	877	793	876	1004	1005	988	1155
Exosc9_+_36552657.23-P1P2	Exosc9	1714	2059	1656	907	696	877	952	857	662	586	526	771	621	805	881
Ndufc2_-_97400106.23-P1P2	Ndufc2	1794	2121	2693	1308	689	1066	1262	999	898	1010	1003	981	1103	1049	1220
Nlrp3_-_59541852.23-P1	Nlrp3_P1	1213	1427	1371	862	481	627	861	680	626	637	735	774	712	704	834
Slc52a2_+_76538885.23-P1P2	Slc52a2	2019	2509	2342	1512	1196	1292	1395	1267	1142	1094	1214	1205	1283	1246	1480
Pmp2_+_10197144.23-P1P2	Pmp2	1040	1277	1310	726	535	638	685	629	482	612	554	656	557	582	712
Rhoa_+_108306837.23-P1P2	Rhoa	1172	1535	1409	837	603	750	876	712	549	631	721	807	754	737	852
Ndufa4_+_11907457.23-P1P2	Ndufa4	2105	2503	2078	1546	995	1357	1357	1304	1076	1238	1097	1260	1219	1298	1482
Ucp2_-_100498187.23-P2	Ucp2_P2	1336	1708	1869	888	591	909	878	736	614	741	676	830	920	873	1019
Lox_+_52529537.23-P1P2	Lox	1079	1376	1303	823	534	703	743	734	558	655	702	726	721	709	804
Nek1_+_60993277.23-P1P2	Nek1	2273	2851	3005	1576	1079	1371	1546	1418	1382	1261	1394	1447	1471	1346	1790
Qprt_-_127121979.23-P1P2	Qprt	1794	2306	2110	1364	748	1205	1263	1093	999	940	1121	1144	1116	1019	1332
Actb_+_142905682.23-P2	Actb_P2	2118	2649	1776	1580	873	1204	1369	1222	973	1235	1146	1243	1339	1323	1500
Mapk10_-_103211298.23-P1P2	Mapk10	1552	1834	1970	1140	814	830	1084	913	820	955	993	1020	892	889	1109
Fus_+_127967484.23-P1P2	Fus	2254	2982	2482	1759	1110	1372	1533	1302	1300	1338	1420	1397	1357	1484	1675
Necab1_-_15148949.23-P1P2	Necab1	1943	2550	2033	1388	1013	1178	1341	1188	1129	1011	1130	1110	1303	1224	1411
Csf1r_+_61105864.23-P1P2	Csf1r	1316	1614	2135	963	581	848	951	906	765	795	726	918	838	851	994
Endou_-_97730910.23-P2	Endou_P2	1134	1388	1048	816	455	748	792	682	636	574	625	692	756	665	834
Surf1_+_26916283.23-P1P2	Surf1	1525	1941	1605	1044	707	1054	1004	849	904	977	902	1030	1094	962	1064
Ndufab1_+_122101643.23-P1P2	Ndufab1	1448	1760	1329	1026	743	916	984	783	852	772	823	878	872	793	1114
Itpr3_-_27057701.23-P1P2	Itpr3	1451	1752	1399	994	642	869	928	905	802	801	875	831	1120	955	1126
Dnah10_+_124725123.23-P1P2	Dnah10	2794	3444	3794	1911	1215	1691	1881	1657	1511	1817	1760	1795	1927	1828	2025
Ern1_-_106487788.23-P1P2	Ern1	1798	2130	2058	1260	679	1179	1106	1013	955	1033	998	1087	1099	1043	1281
Upk3b_+_136038760.23-P1P2	Upk3b	1372	1592	1729	1035	649	857	808	703	760	707	774	821	846	917	977
Derl1_-_57892108.23-P1P2	Derl1	1558	2314	2098	1272	729	1074	1371	1076	1071	928	1006	1106	1225	1155	1380
Ulk1_+_110810005.23-P1P2	Ulk1	1371	1660	1519	971	632	973	870	857	818	815	784	814	856	944	1094
Fat2_-_55336616.23-P1P2	Fat2	1667	1996	2356	1207	773	1049	1084	1063	871	896	946	961	1165	1009	1156
Cyp2d26_+_82794179.23-P1P2	Cyp2d26	1227	1525	1590	799	490	668	769	745	571	627	763	846	774	801	858
Abca1_-_53159479.23-P1P2	Abca1	2697	3191	3347	1879	1217	1748	1776	1631	1348	1359	1380	1590	1701	1537	1788
Smurf2_-_106920641.23-P1P2	Smurf2	2298	3195	2957	1845	1071	1539	1683	1376	1393	1504	1307	1525	1594	1482	1724
Abca1_+_53159837.23-P1P2	Abca1	711	882	608	489	392	454	516	423	391	326	451	410	435	413	541
Tmem106b_+_13069836.23-P1P2	Tmem106b	1937	2243	1891	1385	714	1196	1197	1132	1109	1084	1148	1188	1173	1143	1423
Dnah7b_-_46066856.23-P1P2	Dnah7b	379	514	368	283	222	252	280	278	213	248	218	244	252	240	352
Rela_-_5637846.23-P1P2	Rela	1487	1880	1860	1100	732	892	958	889	887	768	662	878	1051	936	1080
Rreb1_-_37826062.23-P1P2	Rreb1	1513	1808	1288	1087	715	908	880	951	770	878	863	925	943	829	1035
Bcl2l1_-_152830428.23-P1	Bcl2l1_P1	2275	2993	3570	1509	1003	1320	1418	1423	1156	1344	1254	1557	1530	1463	1716
Foxo3_+_42276682.23-P1P2	Foxo3	1294	1619	1088	951	599	824	934	851	722	729	685	817	772	805	958
Hexb_+_97197989.23-P1P2	Hexb	519	588	665	354	195	371	364	281	259	292	285	272	327	291	308
non-targeting_02363	non-targeting	1334	1792	1459	978	659	782	1036	960	660	793	925	868	921	854	963
Optn_-_5064000.23-P1P2	Optn	889	1054	1161	647	292	513	699	631	547	448	520	587	557	530	653
Rab39b_-_75578191.23-P1P2	Rab39b	1346	1583	1280	970	573	763	835	785	629	786	793	856	832	808	869
Hspa4_-_53300423.23-P1P2	Hspa4	1528	1815	1744	1209	649	866	908	922	694	843	867	816	962	818	967
Map2k5_+_63377633.23-P1P2	Map2k5	1191	1437	1457	910	656	770	745	746	720	719	756	765	773	691	909
Ube2l3_+_17201287.23-P1P2	Ube2l3	1514	1902	1668	1072	612	992	991	910	874	834	859	954	1060	901	1183
Ftl1_-_45459848.23-P1P2	Ftl1	1194	1560	1129	913	631	770	838	829	820	607	614	795	805	725	825
Plcb4_-_135741886.23-ENSMUST00000110109.1	Plcb4	1213	1259	1832	837	492	797	746	492	538	591	639	623	688	686	819
Ogt_-_101640301.23-P1P2	Ogt	1907	2247	2142	1156	919	1243	1279	1123	841	971	1091	1204	1174	1053	1314
Daxx_+_33909577.23-P1P2	Daxx	768	904	756	577	356	519	551	481	467	465	386	525	483	426	625
Ptpn13_+_103425281.23-P1P2	Ptpn13	991	1199	1255	739	501	471	652	556	525	603	573	576	687	589	660
Camk2g_-_20793985.23-P1P2	Camk2g	2301	2596	2666	1496	877	1394	1504	1368	1092	1273	1305	1317	1315	1412	1475
Gtf2h1_-_46796163.23-P1P2	Gtf2h1	1566	2029	1675	957	682	858	861	845	681	759	814	776	729	798	1027
Shh_+_28466848.23-P1P2	Shh	1159	1366	1673	828	493	710	749	786	646	749	626	734	810	698	763
Ndufb10_-_24724401.23-P1P2	Ndufb10	3245	4157	4018	2481	1548	2226	2243	2101	2014	1932	1887	2093	2205	1992	2324
Vps41_-_18717318.23-P1P2	Vps41	1806	2108	2375	1152	826	1094	1087	1115	857	1021	924	976	1090	1085	1207
Ireb2_+_54863776.23-P1P2	Ireb2	2246	2655	2784	1685	994	1535	1350	1210	1185	1264	1184	1353	1485	1318	1580
Sirt6_+_81627573.23-P1P2	Sirt6	1431	1737	1678	974	808	881	1067	988	743	762	735	873	991	952	1140
Vip_-_5639264.23-P1P2	Vip	1032	1337	863	666	464	630	692	637	496	608	625	661	634	681	746
Gsto1_+_47855275.23-P1P2	Gsto1	1003	1316	1034	798	523	654	805	580	568	553	646	707	744	661	776
Atp5a1_+_77773998.23-P1P2	Atp5a1	1345	1726	1786	1060	556	781	871	773	689	745	851	746	817	851	851
Oprd1_+_132144503.23-P1P2	Oprd1	1342	1577	1430	862	615	815	803	861	683	730	765	726	900	742	989
Ttbk2_+_120850338.23-P1P2	Ttbk2	1455	1710	1752	1023	614	896	789	843	709	743	727	789	877	879	1089
Sgcg_+_61258363.23-P1P2	Sgcg	2019	2428	1570	1445	960	1235	1354	1307	1113	1147	1217	1183	1176	1214	1408
Fth1_-_9982920.23-P1P2	Fth1	808	907	1098	592	331	508	478	462	345	468	470	438	495	484	569
Trrap_-_144768321.23-P1P2	Trrap	1711	2057	2028	1142	716	955	1028	1065	773	887	970	1096	1031	985	1115
Dagla_+_10304853.23-P1P2	Dagla	1488	1839	1919	1026	664	950	1019	800	746	708	937	801	814	902	1028
Prps1_-_140456630.23-P1P2	Prps1	1066	1276	1171	641	482	611	718	642	463	632	614	585	748	641	717
Vapb_+_173737620.23-P1P2	Vapb	1542	1899	1719	1030	673	911	977	976	768	923	966	1113	1052	1008	1107
Atr_-_95857662.23-P1P2	Atr	1385	1826	1191	1073	648	903	979	822	915	959	815	926	920	922	1047
Pik3cd_-_149698573.23-P1P2	Pik3cd	1994	2515	2582	1582	1053	1197	1545	1264	1167	1057	1142	1301	1355	1262	1497
Ocln_+_100552210.23-P1P2	Ocln	1329	1667	1462	922	593	790	814	804	777	718	760	736	714	851	843
Prps1_-_140456698.23-P1P2	Prps1	1361	1452	1350	825	526	790	698	837	491	699	649	773	844	799	967
Casp12_+_5345507.23-P1P2	Casp12	1979	2292	2174	1361	966	1213	1249	1255	1006	1051	1113	1133	1262	1211	1367
Nek1_-_60993252.23-P1P2	Nek1	1471	1841	1503	1198	681	955	1000	997	788	799	944	901	922	918	1094
Gosr2_-_103697512.23-P1P2	Gosr2	1737	2022	2079	978	828	939	923	874	718	763	803	828	762	889	990
Cryab_+_50753271.23-P1P2	Cryab	1844	2517	2273	1299	877	1267	1326	1350	1075	1049	1134	1300	1259	1241	1508
Pou5f1_+_35506072.23-P1P2	Pou5f1	1114	1411	1424	832	499	746	732	729	606	565	657	663	602	632	786
Msc_-_14755873.23-P1P2	Msc	1092	1330	1567	737	452	615	672	689	514	528	604	734	689	691	743
Kl_+_150952697.23-P1P2	Kl	1471	1660	1845	1122	595	806	906	908	648	823	976	964	953	839	1033
Vamp1_+_125215652.23-P1	Vamp1_P1	1821	2219	1370	1126	822	1142	1188	1036	985	856	969	1104	1197	1033	1274
Scp2_-_108118556.23-ENSMUST00000030340.8	Scp2	1142	1435	1056	783	622	581	804	598	507	610	608	718	705	741	837
Cadm3_-_173367607.23-P1P2	Cadm3	1350	1549	1359	901	547	845	832	767	698	686	676	770	786	675	790
Kif20b_-_34922410.23-P1P2	Kif20b	1546	1763	1499	902	544	860	930	807	758	896	812	809	879	807	1125
Pld3_-_27542770.23-P1	Pld3_P1	1624	2094	1998	1146	679	985	1053	933	842	865	951	897	1070	975	1218
Tead1_+_112679346.23-P1P2	Tead1	1265	1557	1440	897	555	695	722	720	711	691	686	755	944	757	969
Gstm1_+_108017727.23-P1P2	Gstm1	2279	2694	2145	1576	994	1517	1592	1301	1030	1057	1151	1233	1241	1291	1458
Atp5b_+_128083321.23-P1P2	Atp5b	1156	1362	1754	848	498	727	721	736	497	591	741	737	673	705	716
Fzd8_+_9213231.23-ENSMUST00000041080.5	Fzd8	2302	2751	2855	1656	968	1726	1592	1378	1189	1198	1224	1361	1341	1399	1625
Mmp14_+_54431721.23-P1P2	Mmp14	2024	2321	2185	1403	834	1119	1145	1223	808	1143	1181	1226	1414	1211	1453
Agpat3_+_78352372.23-P1P2	Agpat3	1868	2323	2563	1470	850	1208	1253	1237	1085	1027	1157	1210	1250	1174	1325
Mgst3_-_167393588.23-P1P2	Mgst3	1569	1919	2183	1026	736	945	960	941	818	877	951	1065	912	977	1159
Oxr1_+_41447313.23-ENSMUST00000110297.2,ENSMUST00000090096.4	Oxr1	1509	1838	1715	1154	640	1072	973	952	853	892	995	964	1034	1070	1154
Tecpr2_-_110889336.23-P1P2	Tecpr2	1979	2345	2422	1272	908	1068	1143	1135	1030	1145	1028	985	1323	1193	1433
Rims2_+_39198630.23-ENSMUST00000082054.5,ENSMUST00000042917.9	Rims2	1755	2037	1985	1151	759	821	1089	949	937	978	1046	982	969	1076	1150
Dctn6_+_34108417.23-P1P2	Dctn6	1320	1692	1529	695	547	694	791	808	572	790	799	877	845	809	1054
Glrx_-_75839947.23-P1P2	Glrx	1722	2125	2392	1250	786	1071	1224	1093	1036	874	1005	1128	1027	1123	1309
Rrm2_+_24708328.23-P1P2	Rrm2	1998	2340	1758	1302	925	1292	1285	1296	1096	1188	1005	1252	1363	1254	1342
Ache_-_137288290.23-P1P2	Ache	1973	2286	1884	1211	894	1193	1211	1071	1016	1155	1094	1007	1241	1116	1265
Csf2_+_54249610.23-P1P2	Csf2	882	1177	1072	611	463	571	526	523	508	523	509	778	564	554	585
Wnt2b_-_104961648.23-P1P2	Wnt2b	1599	1861	2083	1020	692	949	1019	988	732	1006	1053	900	995	979	1062
Lep_+_29060215.23-P1P2	Lep	1786	2234	2302	1133	793	1063	1218	1112	890	969	991	1098	1112	1034	1191
Cox6c_-_35938001.23-P1P2	Cox6c	1042	1289	1041	789	380	694	724	675	509	520	653	700	688	655	759
Psap_-_60277737.23-P1P2	Psap	2524	2957	2838	1648	1120	1361	1553	1400	1143	1315	1381	1547	1609	1343	1592
Cbs_-_31637105.23-P1P2	Cbs	1180	1305	1062	816	423	684	693	671	624	575	694	686	711	676	775
Cisd2_-_135423374.23-P1P2	Cisd2	1544	2008	1735	1000	737	1063	1014	822	858	795	912	1152	967	950	1116
Rho_-_115932011.23-P1P2	Rho	1363	1620	1331	989	744	843	924	860	729	774	852	885	995	877	1045
Gm7030_+_36129111.23-P1P2	Gm7030	1619	1934	1492	1163	683	896	1078	1090	852	906	885	970	991	948	1121
Fbxo7_-_86021910.23-P1P2	Fbxo7	1745	2223	2014	1240	837	1256	1072	1000	956	997	1041	1129	1035	1113	1074
Dnajc3_+_118937933.23-P1P2	Dnajc3	1656	1932	2441	1069	794	1020	1119	891	825	946	881	982	1143	900	1077
Inf2_-_112604217.23-P2	Inf2_P2	1357	1866	1505	1067	724	951	1098	972	832	766	927	839	969	910	1078
Hspa1a_-_34971592.23-P1P2	Hspa1a	1312	1610	1852	880	674	876	990	763	684	733	750	739	829	801	949
Scarb1_-_125341031.23-P1P2	Scarb1	1611	2177	2082	1231	700	1233	1262	996	856	1014	966	1227	1293	968	1309
Kcnh4_+_100759460.23-P1P2	Kcnh4	1548	1842	2000	1007	782	884	992	899	852	840	885	801	868	860	1021
Znhit3_-_84916275.23-P1P2	Znhit3	1053	1350	1475	773	506	737	600	674	629	632	648	697	699	672	772
Wnt4_+_137277725.23-P1P2	Wnt4	1650	2047	2049	1253	711	1050	1047	1054	823	875	920	971	975	992	1072
Zfp597_+_3884492.23-P1P2	Zfp597	1689	2040	2157	1125	805	1156	1173	1006	784	913	1007	998	1035	971	1175
Pdha1_-_160138295.23-P1P2	Pdha1	1482	1759	1061	970	506	719	891	826	719	623	784	861	894	881	885
Anxa5_-_36475595.23-P1P2	Anxa5	1836	2328	2410	1235	815	1031	1120	1203	951	971	1049	1090	1180	1099	1364
Clu_-_65968688.23-P1	Clu_P1	1060	1313	1013	711	458	714	673	614	495	726	646	787	741	666	896
Dcx_-_143932881.23-P1P2	Dcx	1294	1592	1378	1068	637	793	929	939	784	764	689	847	880	780	1047
Tfcp2_-_100551760.23-P1P2	Tfcp2	1887	2021	2205	1207	716	989	1132	1014	842	923	870	1139	1213	1082	1428
Pank2_-_131262807.23-P1P2	Pank2	956	1273	754	679	409	551	572	501	538	474	531	559	579	643	691
Prkca_+_108343679.23-P1P2	Prkca	1709	2100	2354	1137	704	947	943	1047	811	874	875	1048	1015	935	1242
Pkd2_-_104459595.23-P1P2	Pkd2	2695	3235	2602	1837	1165	1789	1405	1819	1200	1496	1627	1645	1829	1595	1770
Folr1_-_101870723.23-P1	Folr1_P1	985	1165	1344	605	500	639	657	502	453	546	623	592	675	633	738
Mmp14_+_54431640.23-P1P2	Mmp14	2409	2836	3110	1792	1118	1330	1638	1538	1190	1320	1457	1507	1534	1625	1702
Lcn2_+_32387563.23-P1P2	Lcn2	1544	1989	1724	1089	800	1089	1016	1019	820	900	792	992	945	967	1230
Ube2j2_+_155944114.23-P1P2	Ube2j2	1703	2315	2455	1210	681	1244	1064	1030	866	1013	943	1021	1063	963	1246
Tomm40_-_19715196.23-P1P2	Tomm40	1131	1350	1162	766	438	749	848	746	562	599	557	799	677	635	716
Gjb1_-_101377320.23-P1P2	Gjb1	1301	1697	1639	925	576	852	1026	876	745	828	749	881	915	813	1029
Tubb3_+_123411575.23-P1P2	Tubb3	1358	1686	1582	929	681	830	861	823	629	839	744	801	739	879	892
Gdap2_+_100162537.23-P1P2	Gdap2	1795	2048	1788	1173	720	1145	1074	1038	869	901	901	1000	959	1041	1190
Cyld_-_88697164.23-P1P2	Cyld	1114	1495	1445	885	508	765	795	650	524	592	680	671	709	684	803
Rela_+_5637925.23-P1P2	Rela	1183	1553	1218	807	587	866	823	859	648	750	753	715	806	668	832
Ogg1_-_113327009.23-P1P2	Ogg1	2003	2460	2533	1569	876	1149	1246	1133	962	1076	1004	1271	1135	1349	1429
Ttc19_-_62281498.23-P1P2	Ttc19	1006	1136	895	588	410	522	586	530	628	519	609	652	652	577	689
Gstm6_-_107943678.23-P1P2	Gstm6	2078	2675	2593	1523	863	1095	1316	1153	1152	1238	1188	1318	1345	1274	1443
Snca_-_60829244.23-P1P2	Snca	1824	2141	2011	1259	749	1194	1187	1196	912	1081	1047	1177	1214	1147	1228
Ndufa13_+_69902830.23-P1P2	Ndufa13	1648	1997	1998	1100	652	1098	1111	891	857	936	912	1042	1133	960	1151
Sirt1_+_63338973.23-P1P2	Sirt1	1186	1543	1752	883	567	701	814	721	588	667	660	744	903	717	824
Prx_-_27499365.23-P1	Prx_P1	1960	2610	2722	1345	890	1494	1308	1319	1309	1037	1208	1280	1389	1373	1605
Psma2_+_14613362.23-P1P2	Psma2	2086	2545	2157	1474	894	1179	1449	1289	1199	1164	1250	1504	1341	1328	1659
Wnt1_+_98790106.23-P1P2	Wnt1	2001	2621	2142	1452	945	1399	1248	1316	928	1134	1055	1364	1270	1162	1499
Gria2_-_80802659.23-P1P2	Gria2	1420	1813	1548	1061	558	850	968	885	836	873	807	942	953	1005	1023
Sgk1_+_21994709.23-P1P2	Sgk1	1286	1492	1596	849	596	792	799	785	739	684	621	746	676	764	867
Bscl2_+_8837538.23-P2	Bscl2_P2	1661	2180	1869	1088	669	1122	1189	1019	960	903	807	1012	1082	1066	1066
Ube2l6_+_84798886.23-P1P2	Ube2l6	2308	2847	2535	1618	954	1610	1469	1376	1259	1243	1187	1286	1559	1480	1610
Gstm6_-_107943724.23-P1P2	Gstm6	1867	2107	2053	1250	818	1151	1232	1160	804	1193	1168	1141	1128	1106	1272
Mapk9_-_49846860.23-P1P2	Mapk9	1739	2054	2123	1179	866	926	1147	974	891	864	969	925	1049	954	1199
Pdyn_+_129699782.23-P1P2	Pdyn	1576	1971	2024	1141	781	978	1123	962	729	875	981	985	951	864	1080
Fat2_+_55336542.23-P1P2	Fat2	1393	1875	1905	1074	604	1130	994	996	852	839	815	891	895	947	1067
Ccdc88a_+_29373669.23-P1P2	Ccdc88a	2116	2742	2702	1554	988	1329	1336	1366	1212	1268	1371	1251	1346	1347	1502
Ccdc88c_-_101028895.23-P1P2	Ccdc88c	1441	1879	1897	983	736	913	967	914	699	853	860	945	1012	906	1073
Rpgrip1_-_52110978.23-P1P2	Rpgrip1	795	940	979	560	402	375	471	537	410	479	400	450	525	425	518
Kcnc3_+_44590741.23-ENSMUST00000107907.2	Kcnc3	1272	1535	1526	892	612	807	890	688	633	793	855	702	871	841	789
Slc25a31_+_40708927.23-P1P2	Slc25a31	1510	2018	1718	1059	806	963	1003	944	833	785	852	882	974	1032	1105
Msx2_+_53472706.23-P1P2	Msx2	1607	2034	1670	1076	684	984	983	970	767	775	1004	1095	1100	924	1250
Ptges_-_30903203.23-P1	Ptges_P1	927	1136	1232	621	497	553	630	551	513	579	576	635	723	597	704
Hspb8_+_116422712.23-P1P2	Hspb8	444	526	616	292	206	359	337	233	235	191	316	269	314	216	285
Nr1h2_+_44553921.23-P1P2	Nr1h2	1489	1859	1653	1120	792	987	955	888	680	924	859	998	960	961	1114
Ccr2_-_124102195.23-P1P2	Ccr2	1203	1297	1119	743	444	658	789	659	477	588	630	624	651	634	778
Hfe_-_23710745.23-P1P2	Hfe	1552	1901	2300	1269	759	1089	1196	995	851	849	942	1084	1090	959	1072
Grn_+_102430501.23-P1P2	Grn	2056	2501	2405	1394	917	1365	1267	1247	1092	1074	1188	1146	1193	1277	1317
Cacna1f_-_7607164.23-P1P2	Cacna1f	1103	1264	1515	701	483	789	740	732	474	613	636	632	752	631	838
Cat_-_103485045.23-P1P2	Cat	1235	1467	1512	791	503	633	834	818	610	680	668	763	750	780	840
Ndrg2_+_51913315.23-P1P2	Ndrg2	1532	1809	1635	1154	675	838	1100	943	693	863	850	936	960	959	1000
Wnt3a_+_59290510.23-P1P2	Wnt3a	1273	1610	1748	944	662	848	787	708	699	724	696	823	815	708	975
Elovl4_+_83806246.23-P1P2	Elovl4	1454	1888	1592	1147	681	1018	981	884	833	886	978	944	995	935	1081
Grid2_+_63256056.23-P1P2	Grid2	2553	3214	2782	1807	1145	1552	1774	1554	1434	1420	1509	1514	1790	1654	1895
Cd200r4_-_44811824.23-P1P2	Cd200r4	1335	1564	1813	928	607	752	818	807	652	791	706	778	836	765	881
Il12a_+_68691437.23-P1P2	Il12a	1941	2532	1889	1430	1025	1291	1347	1149	1086	1156	1111	1327	1208	1134	1483
Pou5f1_+_35506091.23-P1P2	Pou5f1	1378	1751	950	853	627	638	907	829	770	750	838	881	852	807	942
Vps13a_-_16780917.23-P1P2	Vps13a	3062	3708	3231	2120	1404	1961	2102	1860	1462	1686	1708	1782	1667	1826	1979
Epha8_+_136956533.23-P1P2	Epha8	1318	1721	1517	971	637	840	778	804	584	693	727	882	829	808	980
Psmb3_-_97703521.23-P1P2	Psmb3	1535	1769	1515	1020	635	839	945	842	653	744	760	826	807	846	945
Dvl3_+_20517133.23-P1P2	Dvl3	806	1023	977	569	382	419	559	584	416	451	514	536	533	513	687
Dvl1_+_155847508.23-P1P2	Dvl1	1052	1299	1247	765	489	669	680	654	506	661	676	603	724	787	702
Nfkb1_+_135691455.23-P1P2	Nfkb1	1900	2285	1975	1272	914	1203	1203	1218	907	1109	1130	1155	1268	1103	1315
Grm1_+_11082299.23-P1P2	Grm1	1895	2614	2942	1483	913	1222	1297	1309	964	1233	1134	1260	1368	1260	1450
Chek2_-_110840063.23-P1P2	Chek2	2047	2423	2268	1331	915	1327	1355	1313	1074	1143	1136	1196	1259	1287	1571
Ubb_-_62551514.23-P1P2	Ubb	1001	1360	1533	778	351	568	671	559	506	535	574	620	595	629	723
Sepsecs_-_52669682.23-P1P2	Sepsecs	782	1145	860	602	368	522	640	444	416	445	371	532	506	502	511
Cetn1_-_9619445.23-P1P2	Cetn1	1362	1655	1527	945	552	943	862	877	721	726	709	748	818	848	991
Wnt16_-_22288259.23-P1P2	Wnt16	1028	1323	805	726	484	592	642	605	457	448	574	601	675	708	783
Lamp1_-_13159452.23-P1P2	Lamp1	2039	2558	2386	1424	969	1390	1347	1299	1113	1091	1187	1241	1217	1279	1481
Tuba1a_-_98953483.23-P1P2	Tuba1a	1808	2177	2397	1183	845	1043	1190	1137	898	1014	1035	1053	1291	1142	1199
Mtpap_+_4375823.23-P1P2	Mtpap	2117	2664	2561	1342	955	1365	1382	1202	1036	1128	1204	1134	1208	1320	1398
Vamp2_+_69088545.23-P1P2	Vamp2	1497	1898	1916	1071	708	967	992	871	736	873	845	936	984	876	1112
Coq2_+_100674224.23-P1P2	Coq2	2467	3307	2783	1831	1223	1434	1701	1695	1334	1479	1538	1692	1776	1652	1956
Mgst3_+_167393758.23-P1P2	Mgst3	1347	1619	1528	944	565	706	955	897	732	773	768	838	763	861	868
Mthfr_+_148039200.23-P1	Mthfr_P1	2554	3222	3114	2012	1294	1698	1832	1591	1471	1464	1465	1686	1551	1657	1883
Scarb1_+_125340968.23-P1P2	Scarb1	1783	2211	1838	1205	716	1114	1096	1120	1017	920	989	1112	1188	1086	1280
Fbxo7_-_86021949.23-P1P2	Fbxo7	1122	1376	1434	866	528	758	695	656	586	578	767	718	690	630	741
Lcn2_-_32387685.23-P1P2	Lcn2	872	986	761	622	337	503	496	568	368	456	467	472	684	434	574
Litaf_-_10993022.23-P1P2	Litaf	2254	3017	3308	1719	1080	1478	1473	1497	1101	1226	1220	1424	1367	1474	1745
Zfp629_-_127615225.23-P1P2	Zfp629	1435	1734	2078	948	660	938	958	906	782	755	848	830	972	958	1063
Pdxk_-_78464643.23-P1P2	Pdxk	1841	2467	2189	1302	799	1218	1257	1168	1055	1049	1047	1162	1062	1032	1414
Coasy_-_101082688.23-P1P2	Coasy	2367	2772	2729	1658	1126	1530	1419	1305	1230	1255	1114	1365	1235	1404	1688
Egr2_-_67535511.23-P2	Egr2_P2	1360	1682	1982	990	654	1049	953	812	704	921	855	927	966	965	1134
Ndufv1_+_4012630.23-P1P2	Ndufv1	1534	1779	1605	1085	679	957	960	898	747	834	724	882	1079	792	1050
Sirt5_-_43365707.23-P1P2	Sirt5	1283	1395	1443	813	580	708	746	675	597	656	735	759	676	693	893
Sorl1_-_42124063.23-P1P2	Sorl1	1283	1631	1158	950	541	873	947	766	709	660	759	765	808	802	933
Slc18a1_-_69077223.23-P2	Slc18a1_P2	2024	2550	2445	1310	774	1342	1398	1222	1075	1030	1082	1175	1139	1164	1358
Pax6_-_105682547.23-P2	Pax6_P2	1055	1287	1125	624	529	578	692	662	706	592	735	642	621	694	754
Ube2v1_-_167631953.23-P1P2	Ube2v1	898	1098	1441	582	375	585	530	597	390	485	476	532	538	494	655
Endou_-_97720907.23-P1	Endou_P1	1005	1352	1317	726	471	697	612	663	465	581	581	723	716	645	744
Cst3_-_148875367.23-P1P2	Cst3	1226	1423	1543	783	570	730	789	802	629	626	667	777	869	858	1064
Rpgr_+_10216696.23-P1P2	Rpgr	1366	1460	1415	980	644	855	854	735	547	759	763	746	784	804	869
Cp_+_19957326.23-P1P2	Cp	1092	1347	1748	776	493	856	792	642	725	572	622	680	715	668	795
Plp1_-_136822989.23-P1P2	Plp1	2244	2561	2752	1578	1029	1340	1469	1392	1123	1035	1282	1150	1338	1191	1518
Mmp3_-_7445873.23-P1P2	Mmp3	794	896	1066	578	354	531	401	430	372	371	355	448	533	455	540
Kcnh8_-_52602765.23-P1P2	Kcnh8	1373	1735	1344	985	680	813	864	823	589	725	744	886	790	848	956
Uqcrc1_-_108936745.23-P1P2	Uqcrc1	1564	1858	2392	1025	761	1052	984	939	767	822	817	938	980	934	1073
Cox6c_-_35937926.23-P1P2	Cox6c	1037	1259	1143	659	473	721	636	581	580	587	559	685	649	617	737
P2rx7_-_122643936.23-P1P2	P2rx7	1885	2153	2304	1360	768	1064	1289	1104	1080	1058	1076	1085	1194	1181	1273
non-targeting_03124	non-targeting	1623	1922	1900	997	741	904	1132	1055	928	932	726	867	998	934	1213
Slc5a6_-_31048250.23-P1P2	Slc5a6	1641	1929	1942	1214	722	985	1220	1051	806	840	922	948	1083	1049	1271
Ndufb6_+_40279304.23-P1P2	Ndufb6	1008	1209	1208	693	483	646	628	597	548	507	448	594	613	536	731
Tpp2_+_43934155.23-P1P2	Tpp2	1733	2206	2340	1281	779	1156	1289	1128	1044	1117	1038	1121	1135	1143	1346
Atp5b_+_128083388.23-P1P2	Atp5b	1350	1691	1782	913	594	845	744	744	660	713	685	876	837	762	945
Grin2c_-_115267130.23-P1P2	Grin2c	1394	1741	1482	1030	769	995	940	845	834	851	865	897	935	865	1122
Psmd2_-_20651783.23-P1P2	Psmd2	901	1199	1216	734	380	633	721	561	480	410	580	540	571	516	653
Tuba1b_-_98934439.23-P1P2	Tuba1b	2095	2400	2488	1241	892	1228	1365	1223	1117	999	1137	1235	1301	1225	1397
Ywhaz_+_36793700.23-P1P2	Ywhaz	1936	2392	2127	1345	903	1289	1358	1095	1335	1011	1048	1268	1235	1236	1480
Nxnl1_+_71566606.23-P1P2	Nxnl1	1280	1527	1094	848	553	662	823	771	652	667	586	791	811	704	804
Rhoa_+_108306386.23-P1P2	Rhoa	610	808	863	367	289	352	417	441	269	356	326	341	419	355	410
Aspa_+_73324570.23-P1P2	Aspa	1529	2003	2200	1149	805	1040	969	1014	995	941	960	982	839	950	1151
Dnah9_+_66168311.23-P1P2	Dnah9	1268	1615	1536	817	727	958	917	914	614	717	761	709	686	748	931
Qprt_+_127121754.23-P1P2	Qprt	1463	1753	1101	1000	645	1021	960	836	801	767	779	884	953	903	1138
Ndufs8_+_3912670.23-P1P2	Ndufs8	1036	1218	1231	697	497	655	666	752	430	570	617	663	687	576	780
Fis1_-_136953344.23-P2	Fis1_P2	1877	2386	2185	1435	881	1323	1153	1200	1136	1078	1193	1172	1317	1239	1508
Bcl2l1_-_152830432.23-P1	Bcl2l1_P1	1727	1934	1904	1160	736	849	1181	1047	790	905	959	1032	967	923	1227
Plcb3_+_6969730.23-P1P2	Plcb3	1598	1867	2204	1068	715	1077	1032	979	792	911	945	934	900	1019	1059
Plcg1_+_160731723.23-P1P2	Plcg1	1091	1374	1512	720	403	602	711	578	535	659	663	627	568	724	670
Shh_+_28466867.23-P1P2	Shh	1409	1526	1580	951	656	853	852	791	683	746	649	691	853	794	893
Dcaf8_-_172148149.23-P1P2	Dcaf8	1832	2359	2390	1372	872	1274	1182	1206	1191	1011	1084	1190	1237	1141	1444
Map2k2_-_81106008.23-P1P2	Map2k2	838	1047	1076	551	417	515	620	555	431	493	396	527	526	536	680
Pi4ka_+_17405850.23-P1P2	Pi4ka	1840	2056	1748	1216	781	997	1236	1078	964	956	875	1006	915	937	1151
Syt14_+_193035645.23-P1P2	Syt14	1752	2015	2227	1164	765	924	1007	1121	824	928	1026	1030	1203	969	1146
Ndufs1_-_63176484.23-P1P2	Ndufs1	1915	2647	2456	1567	863	1210	1435	1257	1050	1163	1163	1246	1087	1218	1348
Cyp7b1_+_18243264.23-P1P2	Cyp7b1	1237	1434	1260	912	519	659	821	706	668	579	558	748	823	713	902
Gemin4_-_76243645.23-P2	Gemin4_P2	1476	1751	1783	1060	583	675	952	771	712	751	783	899	925	839	1042
Lrp5_-_3686515.23-P1P2	Lrp5	1212	1504	1627	903	621	809	771	676	665	696	757	813	687	750	836
Xk_-_9272845.23-P1P2	Xk	1317	1655	1234	1058	621	1142	814	738	721	827	792	866	917	840	982
Med25_+_44892372.23-P1P2	Med25	2224	2617	2479	1389	905	1296	1291	1400	1255	1202	1284	1317	1476	1353	1541
Cbs_-_31637091.23-P1P2	Cbs	2410	3019	2810	1781	1122	1522	1588	1527	1309	1396	1474	1586	1649	1412	1732
Atxn2_+_121711837.23-P1P2	Atxn2	1940	2276	2256	1585	1031	1272	1384	1149	1022	1104	1167	1067	1244	1187	1370
Dnmt1_-_20952783.23-P1P2	Dnmt1	1326	1597	1456	951	617	888	960	860	858	780	777	866	799	840	988
Tyrobp_-_30413844.23-P1P2	Tyrobp	1998	2560	2329	1308	953	1289	1280	1320	1110	1167	1377	1171	1294	1337	1520
Wdr45_+_7722302.23-P1P2	Wdr45	1239	1447	1413	864	538	660	754	857	732	651	752	798	792	800	894
Srsf7_-_80207265.23-P1P2	Srsf7	1942	2275	2363	1319	1072	1343	1173	1112	1050	999	1133	1151	1072	1257	1548
Ripk1_+_34002467.23-P1P2	Ripk1	1405	1726	1435	961	565	890	903	828	722	779	796	731	957	811	933
Atg2a_-_6241716.23-P1P2	Atg2a	1336	1702	1635	1072	632	818	868	821	784	774	792	845	897	839	978
Gle1_+_29935497.23-P1P2	Gle1	851	1153	1118	596	366	517	616	511	450	426	464	493	465	439	614
Tomm20_+_126945823.23-P1P2	Tomm20	1811	2131	2321	1368	785	1181	1098	1050	907	999	1102	1094	1213	1054	1304
Sucla2_-_73552813.23-P1P2	Sucla2	825	1082	869	646	456	562	465	462	460	464	494	576	597	519	594
Slc44a1_+_53440528.23-P1P2	Slc44a1	1440	1839	1664	904	641	985	935	841	586	874	812	839	931	789	967
Ntf5_-_45413923.23-P1P2	Ntf5	1953	2474	2496	1434	980	1307	1412	1273	1055	1172	1173	1211	1237	1189	1585
Nrtn_-_56757489.23-P1P2	Nrtn	1270	1560	1665	847	601	701	754	671	671	638	781	813	866	797	932
Fdps_-_89101520.23-P1P2	Fdps	874	1079	1240	690	356	596	565	502	447	549	470	484	558	558	637
Pgp_-_24470512.23-P1P2	Pgp	913	985	1304	638	461	556	625	532	439	548	662	513	532	558	660
Scn11a_-_119825450.23-P1P2	Scn11a	1125	1366	1155	625	458	678	706	630	575	627	542	608	650	657	733
Adrm1_+_180171681.23-P1P2	Adrm1	1625	2135	2100	1261	798	974	1139	1016	1013	962	870	1062	985	1041	1137
Atxn1_+_45964961.23-P1P2	Atxn1	1429	1777	1716	1008	589	973	1012	808	765	709	895	845	878	857	881
Map2k5_-_63377839.23-P1P2	Map2k5	1219	1531	1645	946	556	718	796	773	734	708	700	741	816	797	794
Ache_+_137288302.23-P1P2	Ache	1568	1800	1562	1106	649	895	987	920	814	808	868	863	973	932	1029
Grin1_-_25319148.23-P1P2	Grin1	1657	1946	2037	1243	805	959	930	905	715	861	879	944	1038	964	1143
Tpp1_+_105752156.23-P1P2	Tpp1	943	1139	1291	687	463	564	560	571	571	497	518	553	622	501	689
Sqstm1_-_50202926.23-P2	Sqstm1_P2	914	1098	1532	594	387	598	568	598	506	535	502	517	542	603	694
Cxcl13_+_95956955.23-P1P2	Cxcl13	925	1139	1243	673	440	633	675	595	539	532	563	575	652	589	795
Grin1_+_25319087.23-P1P2	Grin1	2067	2568	2800	1471	873	1191	1333	1172	1004	1180	1197	1168	1280	1133	1365
Bap1_+_31251530.23-P1P2	Bap1	1630	2034	1937	1147	749	971	1006	1061	792	943	935	925	1043	1000	1159
Pvalb_+_78203804.23-P2	Pvalb_P2	768	950	1038	548	310	494	452	449	334	452	567	453	575	589	503
Maoa_+_16619838.23-P1P2	Maoa	1284	1523	1688	965	669	777	891	777	787	818	833	850	749	768	886
Gusb_+_130002857.23-P1P2	Gusb	1302	1627	1458	767	583	788	795	747	669	693	666	692	896	693	809
Padi4_+_140774212.23-P1	Padi4_P1	831	914	1133	588	365	466	587	601	421	400	395	478	475	516	651
Socs3_-_117969116.23-P1P2	Socs3	2450	2714	2613	1749	1098	1504	1513	1497	1196	1346	1568	1467	1539	1513	1816
Cdk5r1_+_80477060.23-P1P2	Cdk5r1	1734	2212	2255	1191	779	1155	1040	1150	842	905	1116	1015	1103	1048	1291
Prph_+_99055180.23-P1P2	Prph	905	1091	999	632	457	607	627	597	440	529	454	569	568	561	607
Casp3_-_46617501.23-P1P2	Casp3	1541	1792	1932	916	800	886	929	912	817	911	996	967	1012	961	1124
Stc1_-_69029491.23-P1P2	Stc1	1259	1595	1547	894	582	721	831	757	806	746	831	827	809	770	938
Cdk5_-_24423533.23-P1P2	Cdk5	1738	2243	2009	1148	721	1216	1177	1017	918	991	987	1061	1076	1074	1400
Socs3_-_117968973.23-P1P2	Socs3	1645	1983	2060	1173	691	965	1120	1004	841	860	869	924	972	922	1020
Ccr2_+_124102198.23-P1P2	Ccr2	1509	1932	1730	1266	730	874	996	1013	796	801	879	881	998	1056	1036
Arhgef5_-_43265697.23-P1P2	Arhgef5	1450	1757	1776	976	687	988	914	813	715	767	858	971	940	872	880
Fasl_-_161788306.23-P1P2	Fasl	680	840	492	435	317	464	471	423	344	427	460	397	328	439	464
Cd200r4_+_44812022.23-P1P2	Cd200r4	1616	1861	1706	1047	662	978	1049	884	780	879	1029	948	1036	928	1196
Myc_-_61985596.23-P1P2	Myc	874	1029	887	609	379	566	478	616	450	589	432	533	513	599	639
Pde4a_+_21165780.23-P2	Pde4a_P2	1559	1795	1904	1056	650	901	1077	922	765	930	874	917	1118	909	1027
Zfyve1_+_83597133.23-P1P2	Zfyve1	1849	2123	2075	1115	759	1044	1271	1159	855	1004	951	1016	1160	1084	1343
Nars2_-_96951589.23-P1P2	Nars2	1817	2216	2636	1402	851	1171	1143	1119	878	858	969	1029	1126	1097	1187
Zbtb20_+_43621411.23-P1P2	Zbtb20	557	764	725	416	261	417	413	315	270	353	403	477	442	357	456
Psmd6_-_14120902.23-P1P2	Psmd6	1257	1621	2107	736	546	909	790	760	629	654	620	765	650	776	764
Tubb5_+_35838212.23-P1P2	Tubb5	1174	1444	1111	789	549	733	695	784	614	616	636	680	664	637	736
Scyl1_-_5771367.23-P1P2	Scyl1	3836	4842	4628	2673	1711	2362	2669	2523	1858	1990	2257	2401	2410	2224	2771
Ptges_+_30930090.23-P2	Ptges_P2	1109	1487	1027	893	503	607	787	660	476	542	636	715	688	720	863
Ppt1_-_122836275.23-P1P2	Ppt1	2969	3649	3820	2264	1597	2134	2069	1987	1762	1671	1892	1813	1995	1705	2053
Atp5a1_-_77774018.23-P1P2	Atp5a1	1640	1957	2106	1391	781	1136	1068	1039	890	959	920	1053	1119	987	1163
Ubqln4_+_88553813.23-P1P2	Ubqln4	983	1409	1499	861	564	835	875	723	698	614	613	654	782	634	737
Dntt_-_41029488.23-P1P2	Dntt	825	1168	1195	600	356	638	545	536	536	559	570	583	650	473	685
Trpc3_-_36690101.23-P1P2	Trpc3	1715	2104	1802	1222	594	1115	1237	913	864	956	920	1054	1091	1096	1023
Hmbs_-_44344138.23-P2	Hmbs_P2	1694	2143	2275	1245	730	902	1164	1095	965	1022	1007	1006	1147	1091	1224
Ifnb1_-_88522832.23-P1P2	Ifnb1	2160	2665	2885	1350	918	1307	1443	1195	1144	1245	1348	1223	1370	1309	1490
Ctnnb1_+_120933507.23-P1P2	Ctnnb1	1643	2041	1785	1097	784	924	974	954	847	873	1057	985	1022	1063	1140
Stmn1_-_134469783.23-P2	Stmn1_P2	1704	2084	1921	1093	788	969	1001	1015	936	1009	1050	1035	1041	1051	1206
Bap1_-_31251541.23-P1P2	Bap1	1993	2530	1931	1360	826	1211	1221	1068	1004	1214	1043	1201	1315	1164	1484
Psmd4_+_95042523.23-P1P2	Psmd4	1272	1624	1588	902	576	729	767	736	649	726	636	688	767	807	885
Pdxk_+_78464464.23-P1P2	Pdxk	1995	2667	2448	1602	1003	1297	1484	1382	1125	1185	1111	1316	1342	1241	1598
Chat_+_32460867.23-P1	Chat_P1	1626	1849	1975	1067	745	754	1049	943	741	887	827	984	1024	836	1146
Wwox_+_114439724.23-P1P2	Wwox	966	1146	966	766	443	602	688	656	600	504	568	581	625	642	641
Foxo3_+_42276676.23-P1P2	Foxo3	1755	2387	2238	1249	817	1132	1355	1071	951	1072	1202	1146	1326	1076	1470
Cetn1_+_9619474.23-P1P2	Cetn1	1744	2065	1772	1190	786	1156	1018	986	1018	846	1132	1009	1152	1077	1244
Cbs_-_31637172.23-P1P2	Cbs	889	1056	709	640	347	471	581	467	553	443	510	587	544	578	654
Rmdn3_+_119156858.23-P1P2	Rmdn3	1216	1553	1377	896	556	835	729	795	602	777	658	693	828	817	789
Bag6_+_35135271.23-P1P2	Bag6	1387	1642	1695	961	551	756	834	784	740	690	735	777	808	789	1022
Ddhd1_+_45657910.23-P1P2	Ddhd1	1454	1595	1525	861	572	951	876	823	860	852	748	886	837	823	948
Abcb1a_-_8660089.23-P1P2	Abcb1a	1562	2037	1736	1192	767	1079	1128	953	989	912	926	1019	1169	927	1169
Tango2_+_18343833.23-P1P2	Tango2	1222	1615	1538	962	684	842	953	787	615	719	809	767	827	785	844
Samd9l_+_3399326.23-P1P2	Samd9l	899	1066	870	614	467	548	626	579	469	506	531	531	635	487	684
Slc18a2_+_59261120.23-P1P2	Slc18a2	2019	2614	2078	1552	988	1349	1361	1312	899	1127	1323	1203	1365	1176	1393
Epo_+_137533188.23-P1P2	Epo	852	993	915	416	297	478	447	481	302	547	542	534	568	528	674
Ppp2r2b_-_43059479.23-ENSMUST00000025377.7	Ppp2r2b	1842	2273	1588	1229	768	1144	1278	1141	1001	959	1098	1128	1195	1048	1391
Prdm12_-_31639772.23-P1P2	Prdm12	1240	1658	1249	1019	514	741	893	896	663	762	812	812	831	816	945
Psmd9_-_123228313.23-P1P2	Psmd9	1995	2570	2450	1408	946	1255	1418	1259	1155	1203	1184	1295	1389	1283	1563
Ndufs8_+_3912676.23-P1P2	Ndufs8	577	787	523	381	229	311	426	372	332	239	313	398	332	307	474
Eif2b2_+_85219543.23-P1P2	Eif2b2	1168	1450	1294	811	544	754	797	762	666	565	578	640	686	705	929
non-targeting_01000	non-targeting	1043	1289	1399	820	529	761	837	723	529	592	641	732	664	576	725
Prx_+_27507865.23-P2	Prx_P2	1343	1776	1758	1015	794	865	1001	929	841	870	841	937	851	850	1007
Kynu_-_43555621.23-P1P2	Kynu	718	948	955	584	381	538	530	509	400	428	526	435	400	466	588
1600014C10Rik_-_38183947.23-P1P2	1600014C10Rik	1118	1622	1237	1014	553	807	1002	817	723	711	637	907	849	785	972
Elk1_-_20950478.23-P1P2	Elk1	1682	1979	1770	1216	699	1158	1060	998	822	976	836	956	1177	992	1188
Mbp_+_82554597.23-P1P2	Mbp	1738	2042	1976	1324	767	1095	1177	964	963	934	989	954	1075	1080	1087
Sds_+_120476578.23-P1P2	Sds	1748	2250	2026	1193	782	1346	1098	1053	975	1041	930	1129	1234	1104	1285
Ndufa9_-_126849097.23-P1P2	Ndufa9	314	407	248	240	148	141	207	161	260	178	228	212	275	163	245
Zap70_-_36762073.23-P1P2	Zap70	1687	2069	2124	1074	766	1020	964	1086	855	913	1062	997	1089	1094	1260
Prickle2_+_92706198.23-P1	Prickle2_P1	2505	3079	2558	1659	1239	1648	1701	1411	1560	1371	1362	1462	1594	1604	1776
Ndufv1_-_4012638.23-P1P2	Ndufv1	1276	1548	2037	849	584	917	845	761	658	790	836	803	850	926	937
Jund_+_70698955.23-P1P2	Jund	2618	3342	2915	1717	1191	1867	1651	1686	1391	1626	1512	1659	1764	1641	1973
Kcnc1_-_46396751.23-P1P2	Kcnc1	2706	3159	3601	1684	1044	1540	1735	1516	1143	1445	1482	1614	1673	1629	2037
Ube2l6_+_84798937.23-P1P2	Ube2l6	1793	2247	2202	1379	828	1237	1307	1081	942	1038	1137	1202	1232	1162	1347
Aspa_+_73324377.23-P1P2	Aspa	2134	2475	2210	1275	938	1311	1324	1172	891	999	1061	1210	1337	1244	1458
Ndufs6_+_73328240.23-P1P2	Ndufs6	1674	2299	1825	1287	803	1212	1170	933	1017	973	1031	1154	1198	1172	1280
Tnfrsf1b_+_145246844.23-P1P2	Tnfrsf1b	645	721	880	417	258	353	438	325	351	353	388	388	375	312	494
P4hb_-_120572778.23-P1P2	P4hb	1640	2120	2430	1255	799	1154	1281	1136	957	930	982	1046	1146	1013	1484
Morc2b_+_33139609.23-P1P2	Morc2b	963	1161	1119	612	451	611	601	573	443	466	552	547	509	561	650
Anxa11_-_25842254.23-P1P2	Anxa11	2603	2857	2678	1706	1116	1457	1603	1331	1230	1461	1372	1549	1622	1478	1856
Esr1_+_4710188.23-P1P2	Esr1	1646	1960	1191	1323	637	995	1089	938	709	833	806	925	943	891	1089
Pla2g1b_+_115466267.23-P1P2	Pla2g1b	866	1061	1077	623	375	557	577	539	371	425	522	522	577	565	635
Hap1_+_100356048.23-P1P2	Hap1	1516	1836	1715	1071	752	960	917	840	710	867	921	916	1002	956	1108
Pdyn_+_129699806.23-P1P2	Pdyn	1181	1571	1672	924	550	827	719	887	723	621	819	730	831	650	754
Htra2_-_83054341.23-P1P2	Htra2	1091	1367	1525	771	462	651	700	721	661	544	504	596	672	604	757
Atg2a_+_6241735.23-P1P2	Atg2a	1671	2090	1793	1156	701	1171	1045	968	870	750	994	904	941	1018	1131
Pars2_-_106651178.23-P1P2	Pars2	1324	1636	1449	913	627	846	847	726	695	706	727	755	784	818	942
Eif4g2_+_111081521.23-P2	Eif4g2_P2	727	1028	735	565	298	402	440	421	331	432	491	613	594	471	692
Pla2g5_-_138819166.23-P1P2	Pla2g5	1520	1836	1570	1188	678	950	1013	917	666	722	811	938	943	843	990
Cd8a_+_71373561.23-P1P2	Cd8a	900	977	571	552	367	508	588	518	429	446	500	508	595	494	550
Gabarap_+_69991612.23-P1P2	Gabarap	1273	1537	1438	916	613	854	840	850	662	681	771	768	841	866	821
Dlg4_+_70018470.23-P1	Dlg4_P1	908	1110	1602	619	438	642	669	495	533	581	552	463	640	522	668
Cd36_+_17835635.23-P1P2	Cd36	1534	1952	1777	1061	703	933	990	984	940	905	834	977	994	901	1086
Ndrg2_+_51913331.23-P1P2	Ndrg2	1370	1837	1377	948	650	838	925	865	845	836	750	870	949	906	964
Cyp2d12_-_82555439.23-P1P2	Cyp2d12	1477	1919	1523	1140	683	1042	1172	937	827	722	906	995	840	936	1143
Nop56_-_130274481.23-P1P2	Nop56	1404	1742	1692	995	608	850	863	971	757	653	678	800	760	762	898
Klc3_+_19404084.23-P2	Klc3_P2	1571	1932	1317	1070	749	910	903	884	746	929	974	1013	997	1006	1152
Cox7b_-_106016034.23-P1P2	Cox7b	1014	1613	1587	829	556	702	966	793	573	701	637	803	765	691	886
Grid2_-_63256051.23-P1P2	Grid2	1661	2018	1943	1142	706	1069	1343	1062	902	842	748	1035	873	815	1148
Kcna3_-_107036184.23-P1P2	Kcna3	1836	2393	1919	1224	716	1082	1279	1143	1158	1005	1020	1137	1312	1141	1231
Chrna7_+_63212492.23-P1P2	Chrna7	1388	1664	1790	853	610	871	938	912	792	768	824	786	808	836	934
Ttc19_+_62281680.23-P1P2	Ttc19	1273	1551	1403	765	639	759	805	654	733	557	711	759	769	761	794
Wnt3_+_103774221.23-P1P2	Wnt3	971	1180	1404	677	375	550	588	701	506	600	619	594	726	606	718
Raf1_-_115676542.23-P1P2	Raf1	1469	1879	1721	1181	654	917	953	859	796	837	903	956	939	918	1046
Slc17a5_-_78587960.23-P1P2	Slc17a5	1034	1365	1507	648	436	580	688	683	490	529	603	606	664	632	888
Cd36_+_17835616.23-P1P2	Cd36	1470	1878	2125	1130	802	1018	1096	1088	900	820	828	1110	982	928	1188
Tmem175_-_108629892.23-P1P2	Tmem175	1436	1812	1423	1080	627	924	1042	927	758	693	901	853	951	804	1000
Ddah1_+_145758750.23-P1P2	Ddah1	1358	1729	1684	1142	703	972	1165	1058	809	776	842	943	883	942	1075
Htr1a_+_105444080.23-P1P2	Htr1a	1277	1469	1442	921	541	863	830	736	716	763	663	723	846	782	788
Trpm2_-_77969792.23-P1P2	Trpm2	2094	2587	2967	1281	961	1263	1349	1253	941	1204	1207	1235	1290	1285	1537
Actr1a_-_46395669.23-P1P2	Actr1a	2495	3070	2912	1705	1014	1586	1442	1538	1275	1426	1427	1673	1505	1652	1822
Cyp2d26_-_82794044.23-P1P2	Cyp2d26	2353	2726	2127	1598	951	1522	1521	1474	1252	1124	1167	1420	1520	1405	1589
Reep2_+_34840696.23-P1P2	Reep2	1555	1753	1907	1093	695	936	869	874	819	762	870	905	942	899	1042
Nqo2_+_33964925.23-P1P2	Nqo2	2112	2439	2575	1603	964	1399	1232	1266	1003	1162	1136	1229	1308	1271	1282
Stxbp1_+_32847158.23-P1P2	Stxbp1	1762	2243	2111	1017	690	1172	1097	1038	830	850	808	1106	916	880	1063
Sugp1_+_70043104.23-P1P2	Sugp1	1030	1385	1310	809	384	697	617	612	689	574	557	668	681	690	734
Nfkbia_+_55492411.23-P1P2	Nfkbia	1451	1856	1665	1035	715	964	961	979	769	816	775	845	885	929	1071
Il13_+_53634645.23-P1P2	Il13	1365	1784	1585	900	670	971	1090	858	814	855	805	813	912	899	938
Wnt10b_+_98778569.23-P1P2	Wnt10b	962	1231	1055	726	559	696	668	630	581	553	542	601	546	586	698
Cd40lg_+_57212113.23-P1P2	Cd40lg	2026	2679	2617	1417	1017	1526	1465	1461	996	1257	1163	1293	1383	1348	1443
Psmc1_-_100110367.23-P1P2	Psmc1	1166	1581	1563	613	381	512	584	609	359	428	322	595	424	457	616
Mmp14_-_54431683.23-P1P2	Mmp14	522	686	543	337	232	321	394	253	206	389	336	407	401	341	413
Gad2_+_22622551.23-P1P2	Gad2	1028	1287	1100	831	498	787	575	548	465	611	642	576	732	660	668
Camk2a_+_60925698.23-P1P2	Camk2a	1035	1335	1436	770	399	600	714	738	659	590	685	617	649	617	745
Setx_+_29125225.23-P1P2	Setx	2137	2682	2347	1518	948	1362	1391	1262	1123	1132	1243	1255	1404	1410	1394
Trp53_-_69580422.23-P1P2	Trp53	1604	2121	1493	1306	751	818	1081	1044	875	913	943	988	1191	1058	1158
Ascl1_-_87493665.23-P1P2	Ascl1	1273	1732	1978	913	610	900	1015	803	727	843	946	912	904	901	1034
Slc8a3_-_81333126.23-P1P2	Slc8a3	1438	1962	1599	1233	726	1003	1005	949	806	819	972	982	926	925	1205
Nes_+_87971151.23-P1P2	Nes	1201	1575	1280	765	583	727	845	851	717	709	719	765	805	755	933
Slc1a1_+_28835178.23-P1P2	Slc1a1	1588	1886	1691	1060	662	976	939	847	813	973	835	1087	959	907	1035
Rab11a_-_64737669.23-P1P2	Rab11a	864	1059	919	508	381	532	633	546	367	519	496	480	458	555	577
Wnt11_+_98838983.23-P2	Wnt11_P2	1133	1455	1073	810	486	544	822	652	590	759	578	718	743	699	799
Prkra_+_76647955.23-P1P2	Prkra	1878	2197	2066	1254	913	1276	1184	1150	927	1041	1091	1092	1085	1161	1384
Wipi2_-_142629634.23-P1P2	Wipi2	1462	1870	1823	1065	645	898	916	832	734	770	1002	880	899	841	1019
Atg14_-_47568363.23-P1P2	Atg14	1547	1980	1684	1112	742	1064	1124	965	817	778	878	913	986	1058	1200
Lrrk2_+_91673654.23-P1P2	Lrrk2	687	923	814	538	420	379	579	507	390	432	460	409	432	516	478
Camk2b_-_6065328.23-P1P2	Camk2b	944	1258	1270	665	479	591	665	669	516	537	521	617	620	607	679
Ptpn13_-_103425250.23-P1P2	Ptpn13	1181	1617	1310	916	560	801	765	737	683	610	692	801	680	707	869
Dctn4_-_60526287.23-P1P2	Dctn4	1127	1373	1651	726	538	716	909	621	660	634	655	729	681	759	802
Clcc1_+_108653943.23-P1P2	Clcc1	931	1298	1606	687	462	490	629	569	504	595	618	638	597	565	680
Serpina3a_-_104113104.23-P1P2	Serpina3a	1743	2108	1697	1129	707	1120	1202	1056	960	882	1020	1083	1138	1122	1301
Ywhae_+_75732983.23-P1P2	Ywhae	1649	1983	1828	1073	798	1206	1080	966	897	1028	990	1099	1021	1071	1108
Wdr45_-_7722276.23-P1P2	Wdr45	620	760	793	392	286	333	383	335	272	338	364	320	371	409	430
Tubb3_+_123411571.23-P1P2	Tubb3	1045	1277	1040	814	560	741	694	678	543	533	675	646	733	643	832
Mfsd8_-_40846813.23-P1P2	Mfsd8	1263	1643	1411	849	519	755	851	699	675	659	711	842	768	791	917
Xbp1_-_5520963.23-P1P2	Xbp1	1144	1380	1221	796	462	666	781	650	593	638	679	639	645	609	784
Atp7a_+_106027272.23-P1P2	Atp7a	1340	1587	1289	866	561	856	821	728	686	689	802	821	877	740	888
Ndufa11_-_56717818.23-P1P2	Ndufa11	1804	2223	2268	1237	791	1174	1159	1151	1031	934	1015	1133	1069	979	1138
Anp32a_+_62341769.23-P1P2	Anp32a	2725	3435	2969	2137	1314	1677	1915	1718	1495	1482	1433	1616	1600	1553	1928
Atf2_+_73892600.23-P1P2	Atf2	1720	2229	2184	1257	805	1092	1173	974	810	1140	1044	1269	1255	1060	1193
Pi4ka_-_17405814.23-P1P2	Pi4ka	1261	1608	1526	973	585	862	833	777	734	700	727	795	859	709	896
Pax6_+_105668973.23-P1	Pax6_P1	871	1153	844	555	382	529	556	557	408	428	549	559	498	411	592
Timp3_-_86300642.23-P1P2	Timp3	1207	1504	1415	805	659	742	883	786	609	785	748	840	793	694	879
Nefl_+_68084097.23-P1P2	Nefl	1713	2169	2811	1198	878	1128	1074	1055	811	945	996	1211	1021	1165	1260
Calm4_-_3837988.23-ENSMUST00000042219.4	Calm4	1304	1476	1155	955	526	754	863	759	682	767	750	866	809	921	851
Ucp2_+_100498207.23-P2	Ucp2_P2	1382	1757	1313	960	613	809	900	855	664	821	839	846	978	807	912
Elovl4_-_83806210.23-P1P2	Elovl4	1316	1582	1449	876	635	879	842	822	734	704	698	723	755	851	839
Prx_-_27507833.23-P2	Prx_P2	1706	1877	1304	1158	617	932	1072	1069	786	743	852	954	870	902	1081
Unc80_+_66468506.23-P1P2	Unc80	1659	1894	1769	1121	681	1090	941	986	903	996	867	990	1030	955	1167
Gba_+_89203321.23-P1P2	Gba	1667	2037	1819	1313	738	939	1210	952	887	928	946	1128	1008	997	1213
Dagla_+_10304891.23-P1P2	Dagla	1894	2254	1805	1306	822	1142	1263	1137	878	1086	1050	1147	1309	1092	1316
Nes_+_87971085.23-P1P2	Nes	938	1203	1133	704	468	647	649	592	517	453	532	627	712	591	801
Zap70_+_36761880.23-P1P2	Zap70	1325	1658	1350	796	637	658	826	863	796	736	822	834	897	744	883
Hdac1_+_129542388.23-P1P2	Hdac1	1631	2094	2587	1211	829	1192	1133	1140	930	961	1089	1217	1195	1011	1397
Ubc_-_125389749.23-P1P2	Ubc	1805	2287	2330	1183	804	1029	1170	1085	916	915	1091	1000	1002	1003	1181
Cyp2u1_-_131303134.23-P1P2	Cyp2u1	1092	1357	1041	697	439	750	806	695	682	562	555	632	694	636	653
Surf1_+_26916327.23-P1P2	Surf1	1880	2405	1809	1309	864	1351	1270	1107	1002	1063	1109	1170	1217	1278	1445
Dvl3_-_20517098.23-P1P2	Dvl3	1963	2651	2556	1454	918	1294	1362	1416	1125	1125	1250	1209	1277	1310	1426
Ntf3_-_126164915.23-P1	Ntf3_P1	2304	2966	3250	1621	1031	1523	1491	1338	1339	1319	1314	1435	1519	1481	1627
Tat_-_109990472.23-P1P2	Tat	1203	1450	1383	862	521	791	751	775	526	689	734	624	758	676	835
Endou_+_97731332.23-P2	Endou_P2	2722	3342	3269	1970	1217	1671	1955	1749	1344	1576	1708	1664	1633	1644	1881
Cisd2_+_135423384.23-P1P2	Cisd2	1330	1584	1314	907	499	831	850	801	647	711	685	807	774	816	886
Keap1_-_21239229.23-P1P2	Keap1	697	1045	719	492	341	403	484	431	418	480	422	469	435	515	539
Cox7a2_-_79759504.23-P1P2	Cox7a2	1509	1806	1793	949	705	868	878	953	748	908	804	912	928	911	1026
Aif1_+_35172605.23-P1P2	Aif1	593	676	716	398	236	351	344	313	363	310	380	363	353	393	443
Mpv17_+_31154179.23-P1P2	Mpv17	1145	1400	1647	852	467	620	721	697	496	674	727	703	793	769	943
C9_+_6445428.23-P1P2	C9	1004	1236	1303	627	450	557	579	534	604	529	621	548	642	575	639
Tubb5_-_35838186.23-P1P2	Tubb5	1980	2424	2114	1327	807	1222	1262	1078	910	1172	1040	1176	1188	1109	1346
Cox6b1_-_30626065.23-P1P2	Cox6b1	1258	1689	1376	1090	550	742	1010	984	864	688	692	799	826	736	911
Ndufs7_-_80249478.23-P1P2	Ndufs7	931	1107	1000	693	478	639	658	665	533	517	540	643	643	668	752
Agtpbp1_-_59557314.23-P1P2	Agtpbp1	1595	2189	1577	1223	753	996	1106	1159	794	832	889	1031	964	914	1077
Atp5d_+_80142389.23-P1P2	Atp5d	1373	1613	1474	850	619	805	851	849	776	633	863	858	820	766	945
Vdac3_-_22593696.23-P1P2	Vdac3	1279	1665	1373	1064	571	837	893	950	719	738	767	832	820	746	895
Psen2_+_180229952.23-P2	Psen2_P2	1966	2424	2661	1386	711	1180	1345	1262	1025	1073	1041	1103	1190	1258	1355
Notch1_+_26503800.23-P1P2	Notch1	1349	1484	1342	931	514	773	840	846	695	650	873	717	852	645	829
Vps13d_+_144974622.23-ENSMUST00000097796.2	Vps13d	1484	1756	1829	1118	728	966	949	839	743	802	876	790	973	850	1050
Endou_-_97721092.23-P1	Endou_P1	1292	1569	1680	921	581	647	940	730	663	646	690	806	764	757	817
non-targeting_01274	non-targeting	1080	1290	1610	819	507	928	741	714	614	549	691	595	722	726	718
Tyrp1_-_80834288.23-P1P2	Tyrp1	1602	1911	1960	1063	786	1157	1042	960	706	829	981	923	1058	884	1131
Gosr1_+_76763558.23-P1P2	Gosr1	1105	1418	1432	734	490	823	859	716	577	642	688	659	678	693	802
Prps1l3_-_57230633.23-P1P2	Prps1l3	1369	1485	1441	878	574	772	854	867	691	683	624	773	832	743	898
Grm1_+_11082296.23-P1P2	Grm1	1943	2773	2107	1612	1015	1309	1327	1305	1184	1220	1169	1345	1253	1185	1566
Klc1_-_111758894.23-P1P2	Klc1	1536	1872	1899	1086	738	913	1095	955	845	801	906	901	1067	923	1064
Stub1_+_25832891.23-P1P2	Stub1	999	1310	1285	705	408	729	682	663	639	629	669	642	622	662	765
Kat2b_-_53567034.23-P1P2	Kat2b	842	1023	1235	561	376	509	679	543	475	520	455	518	546	532	704
Emilin1_-_30913796.23-P1P2	Emilin1	1985	2428	2223	1274	827	1096	1294	1148	868	1252	1187	1336	1324	1258	1428
Coasy_-_101082648.23-P1P2	Coasy	1807	2236	1689	1120	911	1140	1121	1141	1000	1013	936	1084	1026	1124	1268
Il13ra1_-_36112139.23-P1P2	Il13ra1	1450	1877	1979	990	578	980	1042	1008	870	925	848	903	1069	865	1166
Adora2b_+_62249024.23-P1P2	Adora2b	1334	1606	1720	874	538	969	771	816	694	714	682	816	871	745	987
Kynu_+_43555367.23-P1P2	Kynu	1704	2271	1991	1073	752	1086	1316	1047	888	986	864	992	1170	928	1204
Bscl2_+_8837571.23-P2	Bscl2_P2	1098	1335	1300	657	419	644	736	659	618	640	582	642	691	642	811
Atp13a2_+_140986925.23-P1P2	Atp13a2	1244	1431	1162	860	495	690	759	709	552	684	685	725	876	676	739
Slc52a2_+_76538908.23-P1P2	Slc52a2	1793	2379	2360	1325	737	1072	1211	1104	1106	942	1149	1170	1213	1009	1427
Phex_+_157415283.23-P1P2	Phex	1923	2345	2599	1371	854	1346	1284	1214	1075	1017	1097	1115	1255	1222	1389
Dbh_-_27165594.23-P1P2	Dbh	973	1113	980	607	462	726	590	567	541	561	658	494	636	598	692
Dao_+_114003899.23-P1P2	Dao	1964	2261	2404	1370	954	1208	1238	1218	889	1029	1093	990	1199	1117	1291
Nlrp3_-_59541842.23-P1	Nlrp3_P1	829	1005	922	647	375	572	503	478	466	440	507	510	491	474	538
Dstyk_-_132417633.23-P1P2	Dstyk	1778	2268	2322	1314	858	1244	1105	1146	1067	1041	1065	1115	1040	1191	1301
Fn1_-_71653133.23-P1P2	Fn1	1643	2229	2212	1193	814	1026	1198	1056	1065	897	1049	1055	1103	1018	1329
Slc1a3_-_8710382.23-P1P2	Slc1a3	1643	2123	2052	1204	772	1038	1184	997	843	866	1024	1043	965	1069	1271
Hspa14_-_3512696.23-P1P2	Hspa14	1762	2057	2082	1131	705	1028	1012	957	1011	954	1017	1009	1101	987	1135
Tjp1_-_65371239.23-P1P2	Tjp1	1370	1489	1288	885	684	781	883	813	509	682	639	849	705	772	987
Ins2_-_142679636.23-P1	Ins2_P1	1503	2123	1636	1159	803	1058	1135	1042	1043	954	965	976	1120	998	1170
Map3k11_-_5689784.23-P1	Map3k11_P1	1715	2386	1780	1222	772	1244	1254	1083	861	1035	1017	1262	1187	1178	1349
Clcn7_+_25133640.23-P1P2	Clcn7	2036	2362	2288	1368	980	1177	1279	1348	1004	834	794	1206	874	842	1141
Kif1b_+_149307670.23-P1P2	Kif1b	1497	1779	1661	1048	636	967	842	856	723	764	898	908	983	966	1065
Ar_-_98149738.23-P1P2	Ar	1687	1951	1697	1021	796	894	1131	972	849	1067	1126	1066	1044	970	1236
Hace1_-_45577879.23-P1P2	Hace1	1598	1963	1831	1126	802	1047	1149	988	898	972	971	1002	1029	1104	1236
Toe1_-_116807488.23-P1P2	Toe1	1880	2370	2140	1462	973	1308	1126	1033	942	968	878	1104	1185	1144	1361
Vim_+_13574332.23-P1P2	Vim	2433	2995	3120	1655	1044	1555	1519	1266	1329	1419	1388	1560	1533	1499	1704
Slc25a38_+_120110461.23-P1	Slc25a38_P1	1182	1434	1110	922	599	810	712	664	666	677	669	778	850	735	922
Nbr1_-_101552920.23-P1P2	Nbr1	1377	1620	1523	1056	608	919	859	907	732	847	767	941	877	889	933
Vegfb_-_6987631.23-P1P2	Vegfb	1334	1642	1424	1042	644	827	875	909	739	721	787	850	874	789	951
Polr3k_-_181864441.23-P1P2	Polr3k	1675	2052	1909	951	645	886	971	802	488	721	630	864	746	832	907
Nqo2_-_33964794.23-P1P2	Nqo2	1393	1706	1645	896	780	873	904	801	780	669	820	865	717	857	982
Pabpc4_+_123282723.23-P1P2	Pabpc4	1429	1685	1551	958	653	880	944	926	772	863	738	898	822	804	919
Padi2_-_140924478.23-P2	Padi2_P2	2011	2845	2342	1647	1123	1245	1519	1299	1022	1198	1218	1492	1364	1327	1526
Tjp1_+_65371187.23-P1P2	Tjp1	1788	2180	2047	1321	737	1033	1214	1046	1039	1004	915	1052	1023	976	1175
Xpnpep1_-_53038537.23-P1P2	Xpnpep1	1684	2090	2098	1262	788	1261	1265	1193	925	1025	1134	1183	1163	1078	1227
Kif5a_-_127263078.23-P1P2	Kif5a	1999	2216	2497	1314	921	1157	1309	1233	1003	1112	1077	1178	1321	1158	1534
Exoc2_-_30974032.23-P1P2	Exoc2	1575	2006	2129	1184	706	977	985	1077	917	807	892	916	937	947	1094
Atxn10_+_85336402.23-P1P2	Atxn10	751	820	983	335	306	409	420	313	395	309	247	429	315	359	388
Adm_-_110627856.23-P1P2	Adm	1375	1637	1361	929	560	832	928	740	556	653	587	641	734	810	943
Atp5b_+_128083324.23-P1P2	Atp5b	1169	1467	1626	823	487	812	866	761	686	617	688	822	707	617	890
Trpm7_-_126876003.23-P1P2	Trpm7	1514	1858	1807	1108	743	773	938	861	752	722	816	885	916	837	959
Rela_+_5637873.23-P1P2	Rela	946	1131	1025	574	364	455	564	601	488	511	562	574	536	507	649
Prdm8_+_98180942.23-P1P2	Prdm8	1184	1381	1250	680	476	753	674	720	603	644	671	780	805	756	855
Calml4_+_62858135.23-P1P2	Calml4	773	972	709	649	371	517	600	428	458	423	434	537	543	537	640
Fzd6_-_39006340.23-P1P2	Fzd6	2047	2704	2353	1581	1039	1212	1276	1347	996	1127	1288	1330	1437	1281	1523
Slc30a10_-_185455067.23-P1P2	Slc30a10	1793	2240	1970	1322	809	995	1323	1131	988	995	1103	1156	1259	1177	1231
non-targeting_03685	non-targeting	1612	1938	1726	1186	652	1079	968	1064	563	921	867	901	935	877	1053
Ppp3cc_-_70289453.23-P1P2	Ppp3cc	1571	1855	1840	1059	740	930	1094	1036	892	855	902	983	978	1034	1036
Ndufb5_-_32737287.23-P1P2	Ndufb5	1463	1667	1219	874	580	725	770	740	810	607	646	881	888	785	970
Eif2s2_+_154892651.23-P1P2	Eif2s2	1258	1699	1649	1095	670	851	868	837	815	682	788	838	964	787	1099
Bid_+_120916818.23-P1P2	Bid	1978	2467	2286	1396	853	1322	1333	1326	1128	1153	1242	1306	1361	1218	1400
Hsd17b6_-_128007565.23-P1P2	Hsd17b6	1146	1455	1112	846	545	548	639	666	605	702	637	658	663	724	803
Uqcrfs1_+_30545267.23-P1P2	Uqcrfs1	1828	2276	2243	1165	805	1131	1212	1170	879	1048	1057	1099	1188	1287	1301
Rrm2_-_24708283.23-P1P2	Rrm2	1625	2055	2072	1191	686	1004	1094	885	766	916	887	976	1101	1112	1228
Cnp_+_100575190.23-P1P2	Cnp	1264	1677	1812	876	559	799	751	799	672	848	863	854	814	791	1083
Chmp2b_+_65562686.23-P1P2	Chmp2b	1505	1940	2235	1077	706	977	996	908	852	897	940	1001	933	975	1038
Hdac4_+_92148348.23-ENSMUST00000008995.8	Hdac4	2103	2383	2851	1465	904	1293	1215	1156	1363	1129	1291	1132	1391	1192	1362
Apbb1_-_105581267.23-P1P2	Apbb1	2334	2840	2230	1699	1130	1465	1492	1342	1247	1269	1428	1437	1470	1420	1647
Vdac2_-_21831552.23-P1P2	Vdac2	1054	1340	1196	658	505	730	743	621	571	611	569	717	641	639	687
Hip1_+_135544863.23-P1P2	Hip1	981	1344	1008	657	458	685	664	538	579	550	593	647	698	545	748
Cox7c_-_86046444.23-P1P2	Cox7c	1804	2090	2127	1324	826	1108	1072	1133	936	1020	1022	1030	1146	1042	1292
Clu_+_65969847.23-P2	Clu_P2	1253	1636	1438	1031	671	768	941	881	651	666	846	880	857	772	1039
Tubb3_+_123411546.23-P1P2	Tubb3	2062	2410	2661	1348	770	1183	1396	1247	1173	1115	1113	1394	1274	1189	1410
Grin2d_-_45866637.23-P1	Grin2d_P1	1416	1677	1620	987	650	847	976	867	733	772	764	892	841	843	973
Tfrc_+_32609204.23-P1P2	Tfrc	1079	1379	1427	810	546	616	838	813	649	565	631	698	621	648	735
Plcb1_-_134786221.23-P1P2	Plcb1	1647	2106	1965	1119	833	1147	928	1061	997	919	925	1089	1103	931	1209
Csf1r_-_61105946.23-P1P2	Csf1r	1447	1858	1483	1101	712	1081	970	920	843	788	896	898	939	941	1113
Psma2_-_14613287.23-P1P2	Psma2	1702	2067	2228	1145	714	1156	1078	941	857	881	956	1117	1014	979	1249
Cox8a_-_7217550.23-P1P2	Cox8a	1714	2100	1811	1245	712	1119	1143	978	1099	913	884	1051	1105	1032	1234
Gpbp1_+_111489821.23-P1P2	Gpbp1	2365	2880	2646	1601	1042	1319	1342	1267	1260	1219	1285	1475	1442	1396	1682
Psen1_-_83688223.23-P1P2	Psen1	846	1173	827	672	399	583	542	620	417	601	584	567	605	580	607
Ndufb6_+_40279349.23-P1P2	Ndufb6	2525	3057	3318	1686	1159	1569	1763	1414	1383	1362	1367	1413	1641	1446	1754
Mecp2_+_74085617.23-P1P2	Mecp2	668	912	821	565	339	411	475	467	439	389	437	352	463	393	490
Inf2_+_112604186.23-P2	Inf2_P2	3003	3623	3619	2082	1441	2144	1958	1866	1638	1679	1813	1852	2109	1905	2203
Mthfr_+_148039185.23-P1	Mthfr_P1	1392	1829	1465	1046	687	903	1049	850	723	897	841	918	991	915	988
Ccs_-_4839276.23-P1P2	Ccs	2375	3005	3444	1706	959	1383	1723	1535	1164	1147	1310	1322	1438	1279	1773
Aars2_-_45506859.23-P1P2	Aars2	1357	1577	1754	797	564	897	829	810	540	759	635	722	782	770	876
Cav1_+_17307836.23-P1	Cav1_P1	1156	1454	1210	796	630	825	806	781	656	708	700	741	838	715	814
Gm11127_-_36058443.23-P1P2	Gm11127	1151	1390	1085	926	672	608	769	712	656	693	687	705	700	759	839
Uqcrb_+_66905348.23-P1P2	Uqcrb	1342	1567	1254	839	591	765	854	746	609	707	706	731	793	762	900
Slc52a3_+_151999923.23-P2	Slc52a3_P2	1248	1607	1641	924	604	794	853	827	839	683	651	718	894	788	830
Nkx6-2_-_139582760.23-P1P2	Nkx6-2	1433	1846	1500	1053	619	740	913	869	892	694	860	894	895	853	1058
Cabin1_+_75764171.23-P1P2	Cabin1	1352	1705	2000	1049	614	904	875	790	783	791	842	919	910	887	1148
Map1b_+_99516276.23-P1P2	Map1b	2140	2595	2417	1487	952	1454	1493	1235	1002	1126	1162	1336	1420	1304	1576
Fbln5_-_101818829.23-P1P2	Fbln5	1640	1874	1722	1073	784	1032	1029	971	832	843	922	910	1005	1048	1098
Atn1_-_124756685.23-P1P2	Atn1	1115	1359	1336	771	572	740	814	535	595	642	627	730	722	682	816
F2rl3_-_72762014.23-P1P2	F2rl3	1355	1683	1688	825	518	979	810	812	762	651	768	826	806	856	993
Dnajc13_+_104262871.23-P1P2	Dnajc13	968	1185	1278	716	486	554	659	601	369	514	584	584	586	544	610
Cdk6_+_3343932.23-P1P2	Cdk6	1425	1753	1477	985	740	934	880	876	695	776	851	938	912	868	1008
Ccl2_+_82035669.23-P1P2	Ccl2	1269	1756	1753	1119	680	804	998	869	794	726	738	910	876	801	903
Dctn5_-_122133105.23-P1P2	Dctn5	1680	1888	2257	1140	660	851	1067	1033	818	945	837	903	875	914	1193
Hpx_+_105600056.23-P1P2	Hpx	1589	2058	2055	1154	683	1096	1143	1036	978	902	1029	995	1095	988	1390
Atp13a2_+_140986997.23-P1P2	Atp13a2	1533	1882	1846	1118	741	992	1049	1076	847	924	831	901	1114	822	1164
Thg1l_+_45955436.23-P1P2	Thg1l	1749	2184	2478	1104	780	1055	1037	1190	960	741	685	919	818	748	956
non-targeting_03422	non-targeting	2208	2755	2246	1651	1153	1356	1434	1425	1357	1394	1295	1378	1582	1423	1680
Uchl4_-_64235216.23-ENSMUST00000039011.3	Uchl4	448	561	583	364	236	323	277	242	236	271	346	245	281	260	351
Aifm1_+_48513389.23-P1P2	Aifm1	1919	2471	2151	1539	911	1196	1301	1215	1110	1271	1077	1300	1384	1118	1503
Psmd11_+_80428698.23-P1P2	Psmd11	1226	1536	1849	806	525	790	667	736	555	668	690	650	755	838	796
Wipi1_+_109611323.23-P1P2	Wipi1	1433	1868	1738	1076	601	860	959	892	644	753	798	830	885	891	1043
Nptx1_-_119547563.23-P1P2	Nptx1	1848	2104	2021	1204	785	1122	1062	996	880	1035	1079	1014	1102	1053	1200
Clcn2_-_20717711.23-P2	Clcn2_P2	2317	2868	2558	1441	1019	1526	1522	1404	1193	1061	1228	1227	1180	1275	1506
Gad1_+_70562220.23-P1P2	Gad1	710	1005	818	543	322	478	563	472	388	471	540	491	550	488	600
Pmpca_-_26389373.23-P1P2	Pmpca	1840	1995	1677	991	698	775	1077	842	777	738	666	874	858	778	910
Nudt1_-_140331986.23-P1P2	Nudt1	2016	2449	2126	1330	986	1081	1351	1165	1167	1084	1144	1200	1289	1280	1470
Lgi1_-_38264864.23-P1P2	Lgi1	764	904	916	604	297	449	480	518	421	492	403	459	484	483	568
Adm_+_110627707.23-P1P2	Adm	1177	1592	1289	895	612	880	884	811	754	692	799	859	915	881	882
Gria4_+_4796023.23-P1P2	Gria4	677	870	761	505	350	472	541	518	346	363	412	412	415	412	440
Sema6a_-_47368810.23-P1P2	Sema6a	773	886	905	474	263	520	455	428	405	401	368	460	373	455	466
Hspa8_-_40801473.23-P1	Hspa8_P1	1648	2054	1881	986	648	855	832	907	630	890	805	967	834	852	1139
Srr_-_74925660.23-P1P2	Srr	934	1128	1184	610	348	678	677	556	508	489	519	565	598	513	763
Ndufa7_-_33824679.23-P1P2	Ndufa7	1359	1729	1471	989	602	932	910	709	846	800	740	913	926	842	939
Plxna4_-_32587983.23-P1P2	Plxna4	1679	2005	1900	1173	834	1115	1063	1074	982	994	874	1008	1010	980	1146
Itgam_-_128062890.23-P1P2	Itgam	2071	2743	2293	1396	821	1350	1299	1227	1066	1262	1211	1361	1384	1296	1523
Hspa1a_-_34972130.23-P1P2	Hspa1a	1793	2368	2590	1369	845	1113	1231	1034	862	1100	1097	1210	1252	1105	1289
Mag_+_30914750.23-P1P2	Mag	1370	1683	1977	960	672	762	875	807	733	726	765	874	873	788	882
P2ry2_-_101011957.23-P1P2	P2ry2	1917	2451	1893	1428	815	1243	1470	1226	1161	1007	1176	1197	1135	1077	1289
Dock2_+_34783836.23-P1P2	Dock2	1360	1649	1244	1000	660	750	863	823	767	741	784	904	841	897	1005
Bcl6_-_23988342.23-P1P2	Bcl6	1301	1488	1519	829	506	682	743	809	674	676	779	812	764	732	898
Fgf14_-_124192838.23-ENSMUST00000026631.5	Fgf14	2386	2984	2817	1860	1024	1630	1805	1615	1433	1380	1377	1479	1476	1482	1630
Ptbp2_+_119783171.23-P1P2	Ptbp2	1124	1376	1475	647	579	777	713	703	540	634	534	702	548	684	678
Sptan1_+_29965674.23-P1P2	Sptan1	1650	2034	1661	1109	662	1118	967	1040	861	854	899	1023	1001	859	1025
Grin2d_-_45866980.23-P1	Grin2d_P1	1311	1505	1279	946	652	809	874	806	680	654	745	736	877	813	765
Bicd2_-_49341814.23-P1P2	Bicd2	1240	1448	1318	813	523	764	801	697	571	674	683	722	772	706	803
Ndufs7_+_80249501.23-P1P2	Ndufs7	1446	1821	1734	1101	698	996	1189	960	786	824	840	845	993	881	1082
Asah1_-_41374575.23-P1P2	Asah1	1309	1652	1503	914	579	804	1022	771	683	756	837	861	916	869	1045
Slc25a31_-_40709187.23-P1P2	Slc25a31	1727	2135	2008	1202	780	920	1159	1013	899	986	1050	1116	1096	1021	1288
Pde4a_+_21196782.23-P1	Pde4a_P1	1125	1305	1167	800	637	691	732	706	602	666	660	718	718	704	777
Tppp_+_74009531.23-P1P2	Tppp	1643	1812	1561	1140	637	954	898	936	872	717	970	954	907	971	1068
Plcb4_+_135805593.23-ENSMUST00000035646.4	Plcb4	1791	2076	1870	1150	815	937	1135	1014	746	870	889	988	958	966	1177
Aqp4_+_15403607.23-P1P2	Aqp4	1577	2101	2190	1259	810	927	1110	914	885	986	894	1099	1101	989	1054
Serpina1d_+_103773136.23-P1P2	Serpina1d	1499	1850	1587	1077	673	1001	1026	875	714	879	898	809	785	935	1042
Calb1_-_15881274.23-P1P2	Calb1	1943	2444	1705	1280	833	1394	1332	1131	981	1050	1141	1251	1234	1251	1341
Lox_+_52529548.23-P1P2	Lox	1555	2120	1825	1295	667	1125	1036	1018	807	743	989	946	899	974	1083
Sptlc3_-_139494186.23-P1P2	Sptlc3	1992	2318	1868	1446	873	1173	1278	1151	862	1138	1113	1262	1131	1150	1381
Stx1a_-_135023598.23-P1	Stx1a_P1	1629	2205	1970	1189	807	1099	1286	1076	883	984	925	1139	1161	1017	1311
Derl1_-_57892419.23-P1P2	Derl1	1989	2364	2352	1432	877	1223	1382	1166	1147	1237	1118	1175	1220	1199	1432
Cyp2d9_+_82452522.23-P1P2	Cyp2d9	1654	2215	2436	1291	814	1087	1046	1045	1034	1002	953	1073	1092	1124	1180
Atf2_-_73892596.23-P1P2	Atf2	1061	1363	1352	854	596	671	871	802	568	631	678	780	732	717	826
Nlrp3_-_59542076.23-P1	Nlrp3_P1	1739	2066	1816	1232	698	1144	1097	1144	872	992	958	999	1193	1091	1148
Itpr1_-_108213149.23-P1P2	Itpr1	1100	1442	1199	825	493	831	819	681	689	653	678	767	729	746	830
Actb_+_142905648.23-P2	Actb_P2	2452	3204	2976	1821	1040	1386	1783	1461	1312	1479	1482	1428	1585	1502	1719
Itpr2_-_146502170.23-P1P2	Itpr2	1597	2018	2563	1113	774	1014	1028	1059	921	971	1173	1034	1118	950	1146
Fgf2_+_37348305.23-ENSMUST00000138563.2	Fgf2	1558	2008	1408	1107	786	1072	1070	988	719	905	945	941	960	1000	1109
Camk2b_-_6065530.23-P1P2	Camk2b	2229	2670	2603	1439	966	1243	1499	1405	1110	1170	1231	1232	1325	1391	1487
Trim2_-_84220891.23-P1	Trim2_P1	1662	2006	1772	1116	614	930	1081	971	812	934	949	965	1091	909	1269
Pcsk1n_+_7919900.23-P1P2	Pcsk1n	1810	2112	2160	1264	875	1263	1254	1047	889	958	982	1120	1145	1112	1125
Tsen2_-_115544721.23-P1P2	Tsen2	888	937	638	451	332	403	473	451	360	300	268	463	353	358	389
Actb_-_142906709.23-P1	Actb_P1	1640	2037	2366	1191	720	1029	1009	929	804	1083	1003	1005	1052	1092	1184
Nox1_-_134111770.23-P1P2	Nox1	1448	1742	1395	1121	528	814	915	881	745	681	636	813	856	776	905
Itm2b_+_73368394.23-P2	Itm2b_P2	1464	1851	1681	1031	697	932	893	846	774	721	815	844	833	743	841
Cant1_-_118418990.23-P1P2	Cant1	1222	1465	1437	858	573	778	868	760	759	775	739	796	853	751	1004
Hfe_-_23710759.23-P1P2	Hfe	2429	2928	2768	1793	1095	1623	1772	1480	1145	1350	1545	1484	1433	1492	1850
Pde4a_+_21165789.23-P2	Pde4a_P2	1458	1867	1990	933	635	895	1004	905	839	852	893	922	906	876	1032
Prkra_+_76647966.23-P1P2	Prkra	1256	1668	1635	954	576	857	1001	738	604	843	757	833	910	832	901
Grin2a_+_9994996.23-P1P2	Grin2a	1061	1314	1560	834	522	634	695	661	659	603	651	743	670	703	797
Vps53_+_76179574.23-P1P2	Vps53	582	829	602	449	227	369	356	322	300	245	252	334	282	391	397
Fgf13_-_59134701.23-P1P2	Fgf13	1913	2353	2368	1382	759	1279	1355	1142	1274	1010	1109	1170	1299	1171	1355
Zfp106_+_120563792.23-P1P2	Zfp106	1827	2294	1958	1396	870	1145	1229	1167	959	1030	1119	1123	1157	1171	1250
Atp5j_+_84834847.23-P1P2	Atp5j	887	971	1209	626	301	466	470	497	406	424	488	468	605	498	485
Cryab_+_50753296.23-P1P2	Cryab	2116	2726	2446	1683	1081	1247	1545	1375	1334	1355	1351	1436	1409	1318	1446
Psen2_-_180229921.23-P2	Psen2_P2	1533	1985	1229	1041	716	942	1047	934	910	901	886	942	1029	1046	1127
Vip_+_5639312.23-P1P2	Vip	1414	1791	1817	1043	560	1028	932	903	791	766	856	846	913	818	965
Ifnb1_+_88522782.23-P1P2	Ifnb1	1542	1964	1727	1023	699	932	1160	1011	953	858	880	1015	1093	1114	1219
App_+_85173636.23-P1P2	App	1851	2465	1830	1302	800	1316	1251	1160	897	1079	1177	1189	1236	1221	1402
Decr1_+_15945214.23-P1P2	Decr1	1388	1665	1217	956	657	1044	910	884	689	743	919	829	964	902	1062
Cox5a_+_57521334.23-P1P2	Cox5a	1660	2023	2266	1045	795	1098	1118	830	842	991	928	1086	1204	1010	1138
Syne1_+_5550549.23-ENSMUST00000041639.5	Syne1	1119	1240	1280	668	357	566	676	692	487	615	577	710	587	531	774
Dvl3_+_20517155.23-P1P2	Dvl3	1576	1805	1693	1095	778	1019	1064	1018	1030	913	912	1077	974	865	1180
Dlg4_+_70024020.23-P2	Dlg4_P2	1038	1305	808	653	384	647	718	622	544	436	553	650	644	560	706
Kat2a_+_100712412.23-P1P2	Kat2a	1495	1739	1602	942	657	961	981	818	625	812	883	883	900	896	1044
H2-M10.1_-_36326117.23-ENSMUST00000025322.7	H2-M10.1	3285	4059	3249	2162	1592	2130	2204	1831	1616	1893	2084	2066	2121	1920	2347
Calm3_+_16923936.23-ENSMUST00000019514.9	Calm3	2017	2620	2641	1598	1124	1415	1385	1305	1043	1251	1309	1400	1455	1253	1549
Gdnf_-_7811114.23-P1P2	Gdnf	1492	1940	1905	1128	743	985	969	1002	777	732	826	795	1020	898	1069
Sst_+_23890839.23-P1P2	Sst	2064	2530	2240	1416	898	1414	1398	1144	1097	1116	1196	1294	1339	1285	1513
Psmd6_+_14120710.23-P1P2	Psmd6	2055	2456	2292	1276	840	1271	1171	1205	978	1071	1124	1153	1164	1099	1348
Hdac6_+_7947573.23-P1P2	Hdac6	1612	1952	2268	1074	677	1034	911	948	793	882	822	861	1004	1055	1122
Rasgrf1_+_89910180.23-P1P2	Rasgrf1	1706	1891	1762	1334	736	1026	1027	943	854	1027	872	899	1045	955	1122
Blmh_-_76945785.23-P1P2	Blmh	1450	1776	1932	927	697	771	920	893	625	863	853	859	877	863	968
Kctd7_+_130145149.23-P1P2	Kctd7	1206	1542	1266	903	623	841	893	716	706	771	750	743	830	734	990
Pon1_-_5193769.23-P1P2	Pon1	1345	1608	1536	974	591	920	913	915	664	851	780	863	752	865	882
Plcg1_+_160731287.23-P1P2	Plcg1	995	1227	1119	771	407	540	651	592	531	558	526	634	665	592	852
Parp1_-_180568997.23-P1P2	Parp1	1633	2109	1718	1258	690	1153	1191	1061	1015	965	913	1070	1109	1124	1197
Elavl4_+_110287469.23-P1P2	Elavl4	2245	2719	2905	1577	1037	1430	1588	1344	1330	1277	1346	1256	1496	1463	1666
Mgrn1_+_4886349.23-P1P2	Mgrn1	1579	1876	1912	1102	675	998	983	967	760	957	905	963	987	982	1148
Inf2_+_112588832.23-P1	Inf2_P1	1801	2157	1623	1155	776	1225	1166	1051	945	1043	981	1035	1118	1086	1232
Eno2_-_124769471.23-P1P2	Eno2	1718	2144	2283	1254	751	960	1088	919	909	999	1164	1056	1152	1069	1228
Htt_+_34761793.23-P1P2	Htt	1517	1836	1809	931	649	964	890	886	675	830	852	1004	905	987	1123
Nos3_+_24364860.23-P1P2	Nos3	1641	2004	1868	1263	823	1062	1125	1017	869	902	946	1007	932	996	1189
non-targeting_04036	non-targeting	994	1172	1028	627	475	580	634	562	374	603	627	717	657	541	749
Cntf_-_12765358.23-P1P2	Cntf	1955	2268	2465	1409	928	1231	1222	1071	1041	1017	1106	1133	1220	1202	1371
Atf4_+_80255517.23-P1P2	Atf4	606	727	759	405	223	325	410	291	372	307	317	385	290	334	378
Tomm40l_+_171222250.23-P1P2	Tomm40l	1371	1712	1870	984	621	964	889	780	695	846	812	885	910	814	987
non-targeting_04298	non-targeting	861	978	737	655	372	533	487	450	513	469	457	478	514	501	547
Clcn7_-_25133411.23-P1P2	Clcn7	1748	2109	1983	1293	684	1189	1156	1172	743	944	911	1032	1031	1175	1408
Dab1_-_104367643.23-P1P2	Dab1	1485	1822	1276	1032	709	899	923	927	648	909	855	917	840	815	1105
Mpo_-_87794166.23-P1P2	Mpo	1150	1349	1372	916	446	675	859	728	554	591	587	802	870	677	831
Pik3cb_+_99140168.23-P1P2	Pik3cb	2329	2709	2729	1445	815	1381	1509	1304	1130	1219	1203	1390	1383	1335	1524
Tsn_+_118311165.23-P1P2	Tsn	199	270	177	129	116	155	157	169	139	138	140	150	133	125	176
H2-M10.3_+_36367925.23-ENSMUST00000073546.3	H2-M10.3	971	1079	1348	687	415	641	590	498	474	524	557	586	578	580	621
Plcb4_+_135741857.23-ENSMUST00000110109.1	Plcb4	1250	1641	1345	917	487	858	840	858	767	808	627	758	927	752	964
Aptx_-_40702951.23-P1P2	Aptx	1301	1526	1101	859	468	734	754	806	755	733	783	719	765	730	871
H2-M1_-_36672144.23-P1P2	H2-M1	1441	1641	1758	1030	607	816	1004	792	718	766	725	732	839	825	988
non-targeting_02573	non-targeting	1075	1307	1055	681	537	681	697	567	510	534	657	575	664	682	714
Egfr_+_16752295.23-P1P2	Egfr	1617	1810	1797	1020	672	915	973	988	935	911	898	945	916	965	1185
Casp7_+_56397264.23-P1P2	Casp7	2675	3305	2914	1936	1315	1855	1686	1559	1319	1604	1624	1591	1658	1690	1802
Ccdc88c_-_101028785.23-P1P2	Ccdc88c	1379	1727	1499	918	650	813	853	984	691	759	759	839	796	874	1030
Fadd_+_144582409.23-P1P2	Fadd	1577	1851	1626	1063	786	887	932	903	821	987	887	963	924	1091	1026
Hspg2_-_137468853.23-P1P2	Hspg2	1805	2326	2263	1336	944	1243	1166	1202	955	1074	1122	1194	1179	1089	1370
Prkra_-_76648007.23-P1P2	Prkra	1583	1971	1825	1056	713	1039	1065	1075	784	910	908	898	906	911	1133
Fa2h_-_111393800.23-P1P2	Fa2h	1859	2256	2149	1315	894	1272	1245	1268	927	1023	1006	1062	1119	1150	1229
Egr2_+_67535563.23-P2	Egr2_P2	1626	2064	2570	1233	770	880	1023	1081	790	945	1004	951	1067	992	1135
Clcn2_+_20716073.23-P1	Clcn2_P1	877	1235	1076	603	413	461	542	508	299	453	377	522	548	433	604
Ctnnb1_-_120933567.23-P1P2	Ctnnb1	1324	1653	2172	899	711	804	797	767	697	835	782	791	817	835	1005
Serpina3b_-_104128012.23-P1P2	Serpina3b	762	863	564	531	278	444	462	450	288	344	445	478	542	498	586
Aaas_-_102350610.23-P1P2	Aaas	686	851	679	498	286	423	580	634	408	448	482	445	467	493	592
Ndufa1_+_37191150.23-P1P2	Ndufa1	1436	1646	1500	882	686	850	808	876	737	898	934	901	932	856	1029
Adrm1_-_180171639.23-P1P2	Adrm1	958	1227	960	681	391	662	759	600	502	569	536	579	634	650	749
Grid2_+_63256046.23-P1P2	Grid2	1633	2250	2100	1286	841	1236	1160	1091	966	1045	1079	1033	1177	1118	1271
Mapk12_+_89140624.23-P1P2	Mapk12	1238	1502	973	870	546	742	921	714	706	661	833	757	886	781	994
Mcu_-_59616409.23-P1P2	Mcu	1296	1550	1617	885	604	800	794	691	712	757	783	827	900	812	895
H2-M11_+_36547306.23-ENSMUST00000041964.6	H2-M11	1113	1442	1165	907	489	809	797	715	620	653	546	596	761	722	957
Trip4_+_65885061.23-P1	Trip4_P1	2443	3167	2816	1573	1236	1572	1665	1503	1233	1434	1526	1434	1626	1628	1751
Gabpa_+_84835482.23-P1P2	Gabpa	1135	1397	1437	797	487	721	782	648	475	609	646	691	767	722	776
Slc52a3_+_151996618.23-P1	Slc52a3_P1	1121	1426	1259	792	484	726	712	701	645	618	727	668	705	788	770
Fggy_+_95557792.23-P1	Fggy_P1	1034	1180	790	675	474	701	667	566	448	562	496	484	662	577	617
Aimp1_+_132683625.23-P1P2	Aimp1	1357	1727	1850	877	541	884	997	811	657	787	821	784	849	864	1015
Map2k7_+_4238919.23-P1P2	Map2k7	1309	1718	1536	837	638	910	856	892	711	738	713	827	835	743	895
F2rl3_+_72761969.23-P1P2	F2rl3	1457	1734	1715	996	725	882	922	862	736	653	844	862	867	748	925
Esr1_+_4710236.23-P1P2	Esr1	1334	1683	1709	915	532	722	853	745	692	757	814	946	940	783	1057
Comt_-_18426364.23-P1P2	Comt	2225	2672	2207	1715	892	1584	1342	1432	1327	1188	1227	1302	1168	1427	1530
Ang4_-_51773244.23-P1P2	Ang4	588	649	974	444	282	392	439	385	307	381	381	408	351	331	459
Ap4m1_-_138172147.23-P1P2	Ap4m1	870	1008	1130	494	410	570	608	613	528	415	522	537	570	491	662
Park7_+_150914429.23-P2	Park7_P2	1196	1417	1369	801	534	812	865	733	657	770	630	778	739	746	891
H2-T24_-_36020512.23-P1P2	H2-T24	691	945	772	546	406	412	573	387	348	510	497	563	531	539	572
Aimp1_-_132683847.23-P1P2	Aimp1	1905	2396	2262	1376	927	1323	1140	1170	838	1079	1229	1278	1119	1101	1375
Ubqln4_-_88553822.23-P1P2	Ubqln4	2249	2581	2532	1340	930	1345	1388	1373	1145	1191	1275	1303	1376	1380	1446
Alg14_-_121292020.23-P1P2	Alg14	1215	1538	1668	840	501	796	970	817	772	708	643	750	730	704	840
Ubb_-_62551708.23-P1P2	Ubb	1972	2417	2313	1354	899	1249	1394	1110	1085	1065	1141	1305	1255	1197	1437
Cd55_+_130462445.23-P1P2	Cd55	1149	1405	1404	701	437	699	790	592	563	693	764	772	871	683	821
Mfge8_+_79149027.23-P1P2	Mfge8	1135	1381	1578	738	461	642	688	689	507	697	634	700	675	708	822
Zfp629_-_127615237.23-P1P2	Zfp629	1510	1761	1366	1104	767	893	943	822	584	761	894	889	897	887	1060
Ube2v1_-_167631950.23-P1P2	Ube2v1	1104	1441	1414	946	449	753	827	573	744	627	651	721	726	649	795
Ddit3_-_127290891.23-P1P2	Ddit3	1029	1180	1001	716	421	534	610	613	630	608	641	597	713	678	664
Kif1b_+_149307686.23-P1P2	Kif1b	1691	1972	1709	1215	840	1115	1061	963	883	1012	1029	923	1161	1065	1195
Ptges_+_30930061.23-P2	Ptges_P2	1413	1676	1632	850	607	910	889	800	728	798	808	744	926	810	949
Inf2_-_112588803.23-P1	Inf2_P1	1361	1471	1477	828	508	776	748	765	646	788	727	863	825	689	1030
Bean1_-_104170634.23-P1P2	Bean1	1430	1746	1397	954	607	890	998	834	692	791	833	916	966	921	1040
Adm_+_110627693.23-P1P2	Adm	1912	2439	2520	1403	905	1247	1174	1297	1060	1048	1160	1184	1415	1206	1404
Gabarapl1_-_129533274.23-P1P2	Gabarapl1	849	1027	966	640	409	485	485	450	387	428	580	557	519	513	678
Cd40lg_+_57212182.23-P1P2	Cd40lg	1071	1106	1377	747	462	574	735	636	515	589	559	592	606	544	782
non-targeting_03964	non-targeting	1768	2213	2379	1150	742	1153	1125	1036	871	919	1081	1040	1253	983	1227
Dnajb2_-_75236518.23-P1P2	Dnajb2	1341	1760	2007	1128	641	887	889	897	763	776	814	786	912	826	945
Cox4i2_+_152754399.23-P1P2	Cox4i2	1170	1506	1206	842	472	668	775	801	678	722	771	702	799	732	860
Ttc19_+_62281504.23-P1P2	Ttc19	1673	2112	2023	1153	793	1124	1030	1064	805	1048	1068	1060	928	1062	1170
Rtn4_-_29692997.23-P1P2	Rtn4	1022	1178	1112	613	474	612	642	461	524	560	560	540	593	528	751
Trpv4_-_114658346.23-P1P2	Trpv4	1142	1348	1523	955	507	724	795	723	502	669	703	753	736	736	779
Sirt7_+_120624958.23-P1P2	Sirt7	901	1103	986	573	400	539	542	518	516	457	588	581	533	638	610
Ube3a_-_59228865.23-P1P2	Ube3a	1118	1388	1184	740	523	631	839	743	543	651	602	717	777	657	851
Ezh2_+_47594962.23-P1P2	Ezh2	1867	2336	1779	1249	820	1254	1306	1163	930	955	920	1178	907	1089	1248
Prx_-_27508075.23-P2	Prx_P2	1827	2356	2437	1288	779	983	1168	1083	902	1125	1087	1096	1124	1104	1394
Trex1_-_109058976.23-P1P2	Trex1	1532	1962	1907	1070	703	971	1021	913	904	875	927	890	1043	983	1084
Pcsk1n_+_7919897.23-P1P2	Pcsk1n	1896	2421	2397	1213	789	1149	1280	1148	991	1000	1060	1215	1183	1144	1398
Erbb2_+_98412583.23-P1P2	Erbb2	2467	3001	2967	1564	1046	1530	1822	1475	1354	1344	1543	1551	1587	1493	1659
Chrm3_-_9878910.23-ENSMUST00000063093.9	Chrm3	1610	1928	1526	1063	624	836	1098	932	611	842	764	1085	1030	882	1080
Map3k11_+_5688807.23-P2	Map3k11_P2	1463	1870	1741	943	812	935	960	918	689	760	866	887	850	951	1104
Ndufa12_+_94199149.23-P1P2	Ndufa12	1830	2157	2210	1198	859	1200	1192	985	940	1021	1013	1142	1126	1107	1288
Pnpla6_+_3516907.23-P2	Pnpla6_P2	1956	2538	2219	1595	1018	1314	1393	1288	1148	1182	1273	1287	1379	1235	1377
Abcb1b_-_8798163.23-P1P2	Abcb1b	1580	1936	2231	1072	625	960	1069	964	992	910	1021	1035	952	944	1044
Sqstm1_-_50210764.23-P1	Sqstm1_P1	1415	1695	1660	966	620	870	938	949	723	901	868	938	843	849	1018
Ppp3ca_-_136670237.23-P1P2	Ppp3ca	1064	1182	999	667	452	631	649	498	482	605	515	668	541	559	622
Capn2_-_182517489.23-P1P2	Capn2	1379	1637	2009	962	624	840	989	948	619	739	797	863	837	800	949
Gaa_+_119268056.23-P1P2	Gaa	2012	2421	2694	1438	883	1331	1368	1250	1202	1106	1039	1178	1384	1175	1445
Cox6b2_+_4752937.23-P1P2	Cox6b2	1258	1491	1341	917	573	771	809	731	647	733	869	768	823	690	829
Hspa8_-_40802627.23-P2	Hspa8_P2	1146	1349	1195	707	533	667	787	709	558	591	686	605	671	713	779
Ctrl_+_105933660.23-P1P2	Ctrl	920	1180	985	579	410	603	536	596	535	452	547	625	576	622	589
S100b_-_76253977.23-P1P2	S100b	1167	1425	1376	858	484	722	748	776	637	723	623	746	677	778	846
Canx_+_50325599.23-P1P2	Canx	1180	1537	1752	859	586	716	815	800	632	660	688	734	879	728	780
Mapk14_-_28691446.23-P1P2	Mapk14	1027	1372	1283	770	488	682	763	710	572	619	699	663	704	586	761
Mmp9_-_164948267.23-P1P2	Mmp9	1958	2540	1980	1284	853	1237	1208	1148	1076	1027	1100	1219	1288	1274	1320
non-targeting_02763	non-targeting	1496	1768	2325	960	736	966	1007	912	819	905	859	883	981	986	1090
Klc1_-_111758936.23-P1P2	Klc1	1494	2103	1877	994	748	1020	1102	915	820	1000	830	1008	1120	952	1145
Tmem184b_+_79403248.23-P1P2	Tmem184b	1174	1491	1207	948	517	684	790	823	665	699	725	734	805	688	801
Cyld_-_88697118.23-P1P2	Cyld	1403	1861	1233	1076	580	959	1018	897	680	880	750	898	913	850	1174
Axin2_-_108920851.23-P1P2	Axin2	961	1217	1110	620	390	665	664	563	518	541	455	632	548	591	645
Ptprc_-_138175231.23-P1P2	Ptprc	1352	1677	1643	1031	712	825	897	826	754	796	714	738	885	758	939
Atf6_-_170867702.23-P1P2	Atf6	1372	1833	1786	1114	716	896	792	923	806	689	819	906	838	847	988
Pdha1_-_160138336.23-P1P2	Pdha1	1741	2025	1835	1086	649	1039	1095	975	789	868	963	949	952	1003	1064
Ubqln4_-_88554037.23-P1P2	Ubqln4	1968	2360	2199	1443	811	1257	1429	1261	1006	1182	1232	1133	1201	1196	1431
Acox1_-_116198811.23-P1P2	Acox1	1009	1196	1116	777	421	563	684	641	624	570	590	661	616	654	711
Psma5_-_108257314.23-P1P2	Psma5	1068	1337	1150	735	437	534	723	567	491	466	583	622	537	621	677
Nos1_+_117841946.23-P1P2	Nos1	1364	1859	1867	974	686	906	977	877	887	767	859	926	1004	969	1084
Uqcrq_+_53430786.23-P1P2	Uqcrq	693	823	793	413	415	546	449	420	362	416	409	355	383	382	446
Maoa_+_16619858.23-P1P2	Maoa	897	1244	923	635	442	594	646	536	525	494	459	527	607	610	686
Pum1_+_130663464.23-P1P2	Pum1	1515	1905	1644	1204	754	974	1058	888	745	871	827	1023	897	845	1094
Pdha1_-_160138333.23-P1P2	Pdha1	2529	3032	3072	1757	1098	1413	1563	1563	1177	1203	1323	1434	1526	1477	1675
Pkd2_-_104459565.23-P1P2	Pkd2	2746	3517	3111	2101	1406	1637	1746	1665	1535	1601	1701	1669	1893	1744	1959
Foxo1_+_52268467.23-P1P2	Foxo1	1353	1647	1630	1025	630	748	918	922	773	710	745	831	891	875	969
Vdac2_-_21831585.23-P1P2	Vdac2	2305	2910	2989	1667	1015	1474	1458	1389	1300	1263	1338	1545	1582	1502	1782
Uchl3_-_101654055.23-P1P2	Uchl3	1531	1899	1609	1071	784	1023	920	945	793	876	959	884	1015	938	1140
Atp6ap2_+_12587852.23-P1P2	Atp6ap2	954	1146	1242	623	418	543	579	630	583	590	593	644	594	573	778
Hspb8_+_116422767.23-P1P2	Hspb8	520	731	466	438	241	364	288	261	239	298	367	337	356	376	342
Psma5_-_108257414.23-P1P2	Psma5	1200	1419	1915	872	471	673	843	732	517	679	658	732	708	737	921
Eif2ak2_+_78882497.23-P1P2	Eif2ak2	3194	3769	3394	2086	1400	1940	2099	1890	1649	1806	1740	1918	2169	2042	2360
Eef2_+_81176662.23-P1	Eef2_P1	1624	1976	1815	868	522	829	813	854	546	675	543	786	508	755	824
Hspg2_-_137468800.23-P1P2	Hspg2	1609	2012	1948	1104	788	871	996	1019	828	902	950	1038	976	1046	1169
Endou_+_97731342.23-P2	Endou_P2	1541	1836	2252	1063	639	1055	974	1038	752	910	912	935	1014	936	1168
Ndufa4l2_+_127515063.23-P1P2	Ndufa4l2	754	1013	809	537	336	397	473	417	304	445	537	466	548	488	496
Vamp2_+_69088592.23-P1P2	Vamp2	2050	2445	2831	1198	810	1285	1196	1425	1073	1166	1253	1174	1328	1159	1413
Neurod1_+_79456606.23-P1P2	Neurod1	1380	1759	1282	811	465	950	902	816	644	891	817	948	1006	958	1103
Ralgps2_-_156939315.23-P1P2	Ralgps2	1415	1828	1667	931	665	1002	949	1055	652	779	820	829	1069	960	1061
Atp5h_+_115419950.23-P1P2	Atp5h	1586	2090	1711	1163	626	932	967	893	907	867	902	914	945	959	1189
Mtmr2_+_13749203.23-P1P2	Mtmr2	1453	1805	1512	1017	581	757	966	844	835	845	872	885	894	947	1073
Hsd17b6_-_128007562.23-P1P2	Hsd17b6	1442	1745	1457	1059	546	863	921	878	860	758	841	916	970	857	1002
Atxn1l_+_109737649.23-P1P2	Atxn1l	2184	2515	2246	1510	975	1592	1309	1411	1015	1326	1230	1218	1517	1330	1419
Ctsf_+_4855202.23-P1P2	Ctsf	1378	1769	948	945	653	875	934	893	819	795	871	953	916	881	985
Serpina3n_-_104406806.23-P1P2	Serpina3n	791	1080	997	537	424	704	518	640	376	449	468	525	632	510	607
Gsk3a_+_25237652.23-P1P2	Gsk3a	902	1127	822	650	432	497	578	511	385	498	464	451	573	592	649
Ascc1_+_60002889.23-P1P2	Ascc1	1626	1903	1881	1090	826	1021	1275	1249	1005	1005	944	1202	1131	1039	1367
Vwa3b_-_37153976.23-P1P2	Vwa3b	1432	1678	1570	953	611	845	1066	882	757	809	789	864	909	831	1089
Sybu_+_44752151.23-P1P2	Sybu	1367	1634	1362	980	631	893	941	889	799	830	837	755	944	787	903
Cacna1f_-_7607170.23-P1P2	Cacna1f	1741	1926	2209	1107	766	980	1003	1103	910	910	911	996	1106	1025	1213
Atp5d_+_80142413.23-P1P2	Atp5d	1323	1574	1416	837	645	810	953	796	849	640	778	806	760	780	933
Pqbp1_+_7899206.23-P1P2	Pqbp1	2365	2757	2816	1545	874	1494	1314	1272	1168	1276	1309	1426	1444	1338	1673
Cx3cr1_+_120068250.23-P1P2	Cx3cr1	2480	3247	2960	1633	1138	1742	1936	1601	1390	1367	1428	1498	1694	1624	1805
Dnah7b_-_46067066.23-P1P2	Dnah7b	1637	1893	1870	1011	830	1086	1154	1051	895	865	867	954	1029	897	1058
Mfge8_-_79148973.23-P1P2	Mfge8	1460	1769	1789	990	720	963	890	930	774	844	626	737	876	895	945
Uba7_-_107983044.23-P2	Uba7_P2	1698	2088	2136	1185	723	918	1070	941	893	989	973	1035	1033	1084	1198
Atp5e_-_174464090.23-P1P2	Atp5e	1730	2275	2064	1288	816	1155	1127	1029	1005	929	1056	1208	1192	1030	1296
Pin1_+_20652200.23-P1P2	Pin1	978	1327	1107	737	431	684	676	659	500	611	571	683	590	633	653
Hexa_-_59539687.23-P1P2	Hexa	1901	2435	2076	1416	761	1209	1279	1013	1124	1060	1088	1097	1151	1198	1345
Cox6b2_-_4752988.23-P1P2	Cox6b2	1380	1730	1774	930	731	947	1094	1004	848	789	784	887	819	892	1095
Psma3_+_70974681.23-P1P2	Psma3	1770	2279	1601	1214	778	1145	1338	1216	1086	1021	951	1027	1127	1079	1140
Acbd5_+_23069114.23-P1P2	Acbd5	1252	1573	1239	849	616	930	866	781	690	713	691	801	887	745	883
Pmp22_+_63131597.23-P1	Pmp22_P1	1098	1507	1297	757	546	740	923	706	575	675	824	793	759	750	883
Gabarap_+_69991681.23-P1P2	Gabarap	1073	1178	929	695	451	625	730	646	480	562	591	660	658	573	799
Abca1_-_53159853.23-P1P2	Abca1	1359	1616	1779	957	586	902	867	794	587	861	940	906	944	763	1094
Cd200r1_-_44765853.23-P1P2	Cd200r1	1332	1698	1209	911	558	627	837	866	608	749	755	820	928	842	872
Hspb8_+_116422850.23-P1P2	Hspb8	1662	1943	1396	1042	641	914	1074	1122	831	903	951	1121	1037	1010	1260
Grin2d_-_45866986.23-P1	Grin2d_P1	1462	1872	1479	1036	597	846	963	770	748	755	901	913	966	922	1030
Sox2_+_34650273.23-P1P2	Sox2	1354	1655	1284	1000	628	833	907	912	722	820	811	884	780	808	989
Pik3cg_+_32208598.23-P1P2	Pik3cg	1311	1760	1579	940	589	935	834	806	649	621	687	816	855	801	996
Klc4_-_46645133.23-P1P2	Klc4	1650	2026	2203	1080	865	1161	1160	1001	795	835	881	980	992	1004	1076
Atp5h_-_115419906.23-P1P2	Atp5h	1272	1867	1403	999	679	972	1011	1001	873	784	833	742	795	835	1035
Tsen54_-_115814790.23-P1P2	Tsen54	1151	1539	1547	826	415	552	705	550	371	432	551	573	536	636	783
non-targeting_04059	non-targeting	1261	1566	1418	904	610	795	808	717	720	718	757	781	782	794	907
Bid_+_120916794.23-P1P2	Bid	1219	1501	1372	853	576	795	865	665	684	691	680	876	787	824	783
Gm7030_-_36129425.23-P1P2	Gm7030	1551	2113	1854	1261	729	1174	1133	971	864	833	874	1026	1017	1021	1240
H2-M10.5_+_36773117.23-ENSMUST00000041531.6	H2-M10.5	1654	2252	1777	1291	734	1092	1185	1075	895	1007	1102	1038	1085	1039	1204
Ryr1_-_29125066.23-P1P2	Ryr1	1848	2272	2804	1187	790	1091	1192	1156	1128	1206	1131	1019	1289	1151	1368
Apcs_-_172894925.23-P1P2	Apcs	1902	2414	2312	1423	896	1211	1316	1070	1079	1097	1144	1230	1122	1107	1387
Klf4_-_55532394.23-P1P2	Klf4	481	583	608	347	228	267	265	321	300	256	283	276	334	295	390
Clcc1_-_108653984.23-P1P2	Clcc1	2279	2839	2563	1503	980	1475	1402	1291	1145	1201	1313	1338	1393	1522	1567
Kcne3_-_100178725.23-P1	Kcne3_P1	1640	1934	1585	1300	828	1023	1045	1079	838	989	970	849	1112	984	1164
Erlin2_-_27023831.23-P1P2	Erlin2	1985	2365	2528	1278	951	1219	1206	1264	987	1110	1148	1277	1324	1237	1350
Ndufa3_+_3617370.23-P1P2	Ndufa3	1765	1977	2099	1188	668	1063	1183	1123	980	917	941	1004	1090	1038	1138
Klc3_+_19399890.23-P1	Klc3_P1	1955	2312	2444	1228	913	1233	1192	1155	1005	1013	945	1169	1186	1039	1277
H2-M1_-_36672179.23-P1P2	H2-M1	1450	1756	1659	1142	598	964	1047	895	727	722	875	872	998	907	1040
Rtn2_-_19291114.23-P1	Rtn2_P1	1158	1499	1314	854	493	751	864	781	508	645	723	785	764	700	820
Bak1_-_27028533.23-P1P2	Bak1	1537	2016	1880	1119	688	989	1009	927	759	991	985	974	1067	946	1229
Wnt16_+_22288320.23-P1P2	Wnt16	1681	2016	1984	1174	710	1071	1001	967	913	919	917	977	1189	960	1248
Trp73_+_154096892.23-P2	Trp73_P2	2208	2719	2287	1527	1026	1336	1312	1282	1101	1133	1177	1425	1426	1285	1715
Oprd1_+_132144506.23-P1P2	Oprd1	1231	1393	1073	956	520	886	788	780	665	662	713	646	775	737	826
Abca1_-_53159810.23-P1P2	Abca1	2072	2630	1926	1407	962	1354	1218	1349	970	1161	1345	1343	1307	1308	1353
Rab8a_-_72161361.23-P1P2	Rab8a	1095	1219	1064	653	428	561	633	620	558	474	623	560	592	534	701
Acsbg1_-_54661717.23-P1P2	Acsbg1	1946	2333	2320	1400	896	1174	1145	1209	857	1148	1051	1217	1235	1083	1371
Igfals_+_24878777.23-P1P2	Igfals	1532	1942	2136	1107	762	895	932	977	855	851	782	901	970	911	1047
Cnr2_+_135895522.23-P1	Cnr2_P1	1800	2048	1466	1192	819	1108	1299	1118	897	937	1049	1160	1171	1002	1382
Psma7_+_180042402.23-P1P2	Psma7	2078	2504	2259	1308	891	1232	1212	1136	889	969	1023	1148	1192	1236	1344
Vamp1_+_125231325.23-P2	Vamp1_P2	1008	1092	1158	719	496	672	573	613	475	453	491	595	587	608	723
Dnajc13_-_104262891.23-P1P2	Dnajc13	1514	1909	1607	1017	635	786	920	919	742	806	848	955	984	898	1052
Gaa_-_119268240.23-P1P2	Gaa	2475	3099	2112	1844	1090	1531	1731	1718	1435	1446	1306	1539	1468	1447	1687
Plcb3_-_6969688.23-P1P2	Plcb3	1738	2251	2142	1282	789	1131	1298	1072	1035	937	1085	1054	1146	1067	1330
Bean1_+_104170585.23-P1P2	Bean1	1742	2150	2325	1293	925	1293	1182	950	988	956	939	1184	1105	1128	1245
Tuba8_-_121210815.23-P1P2	Tuba8	1252	1615	1503	987	521	769	779	770	592	693	724	753	750	806	879
Mak16_+_31168699.23-P1P2	Mak16	1372	1766	1495	1060	608	1038	941	917	682	694	747	929	886	976	1057
Fshr_+_89200662.23-P1P2	Fshr	1067	1430	1201	847	443	707	861	802	608	637	646	717	619	693	796
Dnm1l_+_16358923.23-P1P2	Dnm1l	905	1171	1183	707	431	633	550	572	445	513	498	509	660	611	623
Tardbp_-_148626472.23-P1P2	Tardbp	2602	3120	2608	1586	1075	1365	1479	1553	1036	959	785	1130	1026	1176	1428
Actb_-_142905729.23-P2	Actb_P2	1824	2254	1829	1271	792	1176	1276	1195	1135	979	986	1103	1158	995	1287
Hspa1b_+_34958851.23-P1P2	Hspa1b	1611	2062	2231	1196	705	1066	1066	1146	858	941	1037	1087	1062	1086	1089
Gchfr_-_119167803.23-P1P2	Gchfr	1355	1601	1709	992	599	688	825	768	597	776	749	801	882	768	876
Atp5c1_-_10080407.23-P1P2	Atp5c1	1737	2183	2485	1080	734	977	1045	1103	740	748	738	795	635	877	1023
Creb1_-_64532852.23-P1P2	Creb1	2023	2555	2483	1530	1019	1252	1336	1190	1042	1028	1258	1349	1265	1255	1559
Dnmt1_-_20952431.23-P1P2	Dnmt1	999	1272	1411	700	437	663	646	636	463	650	596	675	646	667	777
Creb1_-_64532855.23-P1P2	Creb1	1665	1991	2259	1179	691	1058	1135	1120	862	944	927	1033	1104	1016	1140
Jag1_-_137116220.23-P1P2	Jag1	1025	1227	1136	495	339	440	488	499	418	594	636	630	665	644	830
Kat2a_-_100712405.23-P1P2	Kat2a	1574	1938	1449	1055	742	773	991	881	635	836	798	863	875	914	1009
Gsn_-_35256478.23-P1	Gsn_P1	1135	1385	1322	869	514	728	826	684	642	679	608	693	738	691	766
Slc2a1_-_119108844.23-P1P2	Slc2a1	1678	2117	2127	1237	832	1125	1240	974	803	897	952	1096	1196	983	1265
Cox8a_-_7217521.23-P1P2	Cox8a	1501	1745	1686	1005	775	1002	1032	996	1002	851	809	922	940	928	1051
Cav1_-_17306488.23-P2	Cav1_P2	1348	1524	1794	945	506	796	856	818	783	710	731	848	866	907	907
Nras_+_103058339.23-P1P2	Nras	1353	1668	1538	1050	634	883	918	898	856	664	817	841	911	831	947
Eif2ak2_+_78882484.23-P1P2	Eif2ak2	1960	2428	2276	1400	970	1322	1335	1122	1011	1023	1265	1244	1384	1345	1327
Hprt_+_52988212.23-P1P2	Hprt	1650	2000	2200	1219	749	983	1037	1048	989	844	950	1092	1091	1015	1273
Casp3_-_46617479.23-P1P2	Casp3	1924	2238	2055	1443	944	1343	1179	1132	914	1030	1057	1095	1151	1138	1220
Dnajc6_-_101508207.23-P1P2	Dnajc6	749	848	834	491	283	373	458	411	385	333	401	402	422	458	518
Ndufa8_-_36049269.23-P1P2	Ndufa8	2470	3093	2462	1676	1114	1535	1709	1416	1613	1465	1239	1561	1439	1438	1753
Ndufv3_+_31520211.23-P1P2	Ndufv3	1636	2071	2503	1093	585	845	946	1002	865	1011	952	950	1139	926	1171
Mapk11_+_89149539.23-P1P2	Mapk11	2047	2515	2490	1314	1085	1430	1542	1191	1271	1128	1303	1281	1302	1372	1621
Sox2_-_34650204.23-P1P2	Sox2	1463	1700	1881	1173	627	884	968	872	789	788	791	941	934	777	1082
Dctn1_-_83165949.23-P1P2	Dctn1	1543	1933	1604	1080	724	1031	1078	1027	999	815	962	925	970	1034	1237
Pik3ca_-_32397339.23-P1P2	Pik3ca	1148	1169	954	664	464	495	634	560	498	524	574	571	627	562	765
Eif4g1_-_20672800.23-P1P2	Eif4g1	1767	2167	1761	1254	826	1133	1096	1265	1020	964	928	1049	943	1021	1226
Cav1_+_17307736.23-P1	Cav1_P1	599	786	685	402	289	345	430	375	324	357	351	370	432	359	473
Tpo_+_30132459.23-P1P2	Tpo	1041	1254	1242	774	480	682	774	623	650	584	669	652	575	565	832
Ang6_-_44002257.23-ENSMUST00000096869.2	Ang6	1461	1898	1334	1061	612	848	950	961	760	756	776	813	806	834	1089
Smurf2_+_106920669.23-P1P2	Smurf2	1128	1414	882	778	465	627	655	711	633	612	683	643	768	626	749
Tia1_-_86404314.23-P1P2	Tia1	820	951	853	480	270	398	430	344	251	408	468	431	432	455	494
Atp5g3_+_73911230.23-P1P2	Atp5g3	1889	2119	2035	1161	921	1066	1214	1101	938	963	939	1078	1186	1104	1260
Plcb2_-_118728368.23-P1P2	Plcb2	1086	1431	1457	735	515	684	781	752	605	577	706	648	673	646	819
Map2_-_66322095.23-P2	Map2_P2	1807	2036	1794	1070	742	909	1096	1125	854	956	873	1003	969	990	1191
Klc2_+_5118226.23-P1P2	Klc2	1833	2205	2608	1266	843	1180	1210	1126	1026	1024	1076	1176	1189	1151	1347
Trim2_-_84220883.23-P1	Trim2_P1	1296	1644	1480	951	631	864	934	781	731	686	889	778	777	769	939
Tmem230_-_132247768.23-P1P2	Tmem230	1069	1328	986	730	398	730	678	741	581	519	594	597	612	659	770
Stx1a_-_135041124.23-P2	Stx1a_P2	1370	1664	1870	901	524	905	1026	734	697	786	856	947	938	905	950
Sptlc3_-_139494208.23-P1P2	Sptlc3	1419	1831	1766	974	573	772	975	885	658	729	877	832	884	837	1040
Mapk14_+_28691490.23-P1P2	Mapk14	908	1034	1021	567	391	554	581	559	477	434	497	558	606	459	612
non-targeting_04047	non-targeting	1155	1489	1819	828	493	757	805	912	703	634	656	808	811	761	819
Mag_+_30914839.23-P1P2	Mag	1479	1770	1540	995	677	876	1048	934	923	812	996	968	955	867	1193
Msra_-_64440837.23-P1P2	Msra	947	1224	1009	700	458	585	595	648	489	524	508	682	612	623	776
Cast_+_74807868.23-P1P2	Cast	1546	1968	1878	1182	861	914	1021	1038	785	817	817	994	1046	996	1027
Asah1_+_41374576.23-P1P2	Asah1	1787	2127	2218	1354	806	1323	1188	1074	978	914	871	1029	1317	1056	1337
Maf_-_115707748.23-P1P2	Maf	657	916	1176	532	365	457	481	420	420	450	460	491	480	443	522
Tyrobp_+_30413793.23-P1P2	Tyrobp	932	1111	1239	545	346	494	637	503	377	419	529	583	623	501	708
Kl_+_150952746.23-P1P2	Kl	1262	1408	1269	745	515	800	867	739	708	597	670	774	720	688	918
Spg21_+_65461019.23-P1P2	Spg21	950	1233	953	621	453	661	664	575	561	514	546	616	629	624	705
Il13_+_53634606.23-P1P2	Il13	1310	1620	1426	877	570	833	753	697	691	736	712	774	805	754	877
Ndufs8_+_3912704.23-P1P2	Ndufs8	1202	1554	1253	737	517	618	835	649	567	634	558	717	716	697	902
Tlr4_+_66827595.23-P1P2	Tlr4	1794	2229	2468	1223	796	1088	1184	1118	975	1049	1077	1175	1238	1139	1410
Atg12_-_46741565.23-P1P2	Atg12	1514	1902	2335	1176	672	983	975	865	776	854	876	977	1015	927	948
Ndufs6_+_73328382.23-P1P2	Ndufs6	1325	1667	1263	923	665	736	828	732	661	685	747	786	773	742	957
Psmb5_-_54617716.23-P1P2	Psmb5	884	1028	922	570	352	610	548	528	308	421	341	494	538	497	586
Prickle1_-_93519503.23-P2	Prickle1_P2	1616	1901	1999	1205	766	1152	1127	961	958	1006	956	1131	1028	999	1109
Cyp2d34_-_82620457.23-P1P2	Cyp2d34	1516	1922	1679	1137	735	922	1110	1059	976	916	1009	1028	1099	1077	1138
Sybu_+_44752192.23-P1P2	Sybu	1423	1685	1855	945	646	919	1090	953	723	851	776	949	802	917	1003
Dnah8_-_30624392.23-ENSMUST00000170651.1	Dnah8	1676	2173	2119	1032	773	947	1037	1041	822	984	994	1089	1164	1102	1170
Casp9_+_141794068.23-P1P2	Casp9	802	918	876	624	345	405	440	520	324	456	439	482	446	475	514
non-targeting_03057	non-targeting	2757	3338	2893	1954	1204	1648	1540	1656	1335	1469	1588	1564	1849	1640	1861
Nrros_-_32165425.23-P1P2	Nrros	2354	2945	2913	1594	1068	1496	1709	1477	1403	1327	1400	1440	1462	1383	1567
Nr4a2_+_57124118.23-P2	Nr4a2_P2	1742	2281	1967	1129	975	1151	1208	1181	954	1041	1080	1115	1196	1171	1399
Pde4a_+_21196776.23-P1	Pde4a_P1	1823	2089	1836	1409	845	1091	1158	1182	1070	1015	1061	1029	1215	1148	1256
Sptan1_-_29965708.23-P1P2	Sptan1	1916	2406	2509	1397	849	1231	1211	1052	1084	1000	1058	1249	1357	1167	1459
Cp_+_19957109.23-P1P2	Cp	1645	2129	1638	1093	725	1003	1121	1087	796	867	1009	947	969	1022	1242
Ift57_-_49699252.23-P1P2	Ift57	1151	1588	1225	836	542	832	744	727	738	671	668	747	722	771	898
Trex1_-_109059240.23-P1P2	Trex1	1462	1750	1634	954	588	900	1122	871	748	905	817	869	975	915	962
Ahsg_+_22892121.23-P1P2	Ahsg	1321	1532	1335	729	583	776	806	801	750	677	670	858	742	697	889
Atp7a_+_106027328.23-P1P2	Atp7a	1729	2003	1817	1066	797	914	1029	939	882	825	844	976	981	1045	1126
Agrn_-_156197439.23-P1	Agrn_P1	1513	1885	1514	1089	800	777	1003	959	881	896	878	936	1112	953	1111
Cyp2d12_-_82555445.23-P1P2	Cyp2d12	1233	1491	1394	1011	515	802	960	805	749	698	743	840	838	761	915
Xrcc1_+_24547204.23-P1P2	Xrcc1	1024	1211	1049	597	456	572	644	633	518	554	596	627	591	641	750
Rtn4_+_29693060.23-P1P2	Rtn4	1088	1399	1280	743	622	731	682	703	619	596	698	728	717	742	864
Slc17a6_-_51622112.23-P1P2	Slc17a6	1237	1621	1353	976	646	835	914	747	693	645	820	781	843	766	1034
Gstm3_-_107969111.23-P1P2	Gstm3	2343	2856	2655	1812	1149	1638	1702	1590	1409	1373	1225	1621	1536	1496	1777
Lrpprc_-_84790539.23-P1P2	Lrpprc	1230	1367	1394	777	540	782	685	792	538	569	637	834	706	637	805
Itm2b_-_73385247.23-P1	Itm2b_P1	1580	1862	2008	1102	782	950	1045	836	812	875	923	935	981	968	1076
Map2k3_+_60932108.23-P1P2	Map2k3	1652	2233	1914	1085	740	1016	1197	969	790	1020	1042	1032	1168	1103	1106
Chrna7_-_63212147.23-P1P2	Chrna7	1787	2073	2232	1351	821	1126	1103	1088	866	914	988	1125	1079	1110	1198
Lmnb1_+_56708007.23-P1P2	Lmnb1	989	1112	1156	637	436	624	587	638	428	636	519	540	616	484	675
Kpna3_+_61439805.23-P1P2	Kpna3	680	857	1114	502	371	422	520	516	419	416	456	448	456	461	487
Pitrm1_-_6548243.23-P1P2	Pitrm1	2677	3438	3048	2014	1331	1595	1671	1622	1263	1473	1612	1703	1701	1710	1953
Tubb1_-_174450806.23-P1P2	Tubb1	1050	1353	1446	813	577	760	780	701	673	648	692	715	732	831	940
Ambra1_+_91730218.23-P1P2	Ambra1	1758	2337	2382	1328	945	1207	1468	1169	983	1086	1077	1180	1181	1148	1240
Mmp3_+_7446065.23-P1P2	Mmp3	2427	2762	2454	1744	928	1461	1558	1400	1399	1430	1418	1554	1553	1588	1559
Ddhd2_-_25754351.23-P1P2	Ddhd2	1060	1227	1132	722	438	669	576	550	580	556	554	710	692	651	768
Cyp7b1_-_18243129.23-P1P2	Cyp7b1	992	1306	1283	605	410	641	716	544	609	650	617	676	746	628	777
Prdm8_+_98181057.23-P1P2	Prdm8	1431	1893	1783	1105	606	1109	1031	935	898	835	805	812	960	886	1084
Gcdh_+_84893731.23-P1P2	Gcdh	1151	1361	1231	846	518	649	769	768	574	602	727	646	735	801	867
Kif5b_-_6241497.23-P1P2	Kif5b	1037	1289	1366	750	426	601	807	699	590	584	595	663	598	677	770
Uqcrb_+_66905117.23-P1P2	Uqcrb	743	975	670	518	366	540	470	409	351	401	422	407	437	530	560
Rest_-_77265583.23-P1P2	Rest	1632	2041	2409	1158	723	909	1183	1165	830	865	1027	957	1009	1106	1136
Fmr1_-_68678666.23-P1P2	Fmr1	820	1013	993	567	429	605	539	555	446	440	457	470	455	531	570
Syne1_+_5550527.23-ENSMUST00000041639.5	Syne1	1298	1587	1302	886	557	798	837	732	612	758	720	762	830	775	981
Serpini1_-_75557577.23-P1P2	Serpini1	1861	2300	2408	1271	800	1061	1185	1039	978	1023	1013	1159	1262	1219	1293
Psmd8_+_29180607.23-P1P2	Psmd8	1686	2064	1671	1154	627	992	1082	1018	757	959	993	1178	1060	1024	1248
Ubap1_-_41349079.23-P1P2	Ubap1	1717	2146	1746	952	681	1047	802	790	613	775	724	895	820	835	888
Gfap_-_102897076.23-P1P2	Gfap	1673	2232	2161	1198	765	1124	1072	1083	914	932	893	1114	1084	1032	1297
Dctn5_+_122133089.23-P1P2	Dctn5	1314	1504	1536	929	597	883	925	823	606	729	741	802	744	669	729
Dkk4_+_22624047.23-P1P2	Dkk4	1238	1573	1599	886	598	878	847	652	639	833	837	746	781	774	934
Vps35_+_85299505.23-P1P2	Vps35	901	1199	819	623	395	481	509	516	542	430	549	514	444	466	538
Jag1_-_137116201.23-P1P2	Jag1	1188	1485	1578	897	586	746	818	713	615	791	755	729	833	794	939
Farsb_-_78488775.23-P1P2	Farsb	1399	1789	1773	836	644	873	876	930	724	670	666	795	763	762	988
Lrp6_-_134566975.23-P1P2	Lrp6	1322	1606	1349	970	647	914	846	789	708	755	741	771	878	885	986
Cetn1_-_9619435.23-P1P2	Cetn1	2492	3045	2994	1741	1014	1571	1608	1494	1258	1260	1303	1473	1477	1501	1813
Apoa1_-_46228733.23-P1P2	Apoa1	1529	1813	1930	1031	607	948	812	827	701	834	767	797	930	804	847
Cycs_+_50566521.23-P1P2	Cycs	1289	1514	1728	994	557	982	899	758	694	724	634	836	823	727	908
Ap4m1_-_138172377.23-P1P2	Ap4m1	1309	1533	1660	858	568	846	728	766	612	695	703	848	817	879	861
Uba1_-_20662963.23-P1	Uba1_P1	1024	1193	1394	632	433	585	535	544	491	535	541	577	675	596	705
Fdps_+_89101843.23-P1P2	Fdps	2046	2548	2310	1464	932	1273	1401	1268	1120	1166	1256	1239	1329	1231	1359
Ptprc_+_138175267.23-P1P2	Ptprc	803	985	1009	541	409	465	559	489	400	486	434	503	597	446	591
Wnt2_+_18030320.23-P1P2	Wnt2	1539	1976	2117	1153	754	1131	970	1058	915	849	995	957	1064	1035	1212
Ccdc88c_+_101028848.23-P1P2	Ccdc88c	1421	1689	1398	963	747	847	1048	808	588	644	745	864	925	833	1020
Ndufa10_+_92473733.23-P1P2	Ndufa10	1581	2041	1873	1053	739	1160	1064	895	730	991	969	964	1046	1056	1133
Abcd1_-_73716785.23-P1P2	Abcd1	1324	1619	1531	901	581	769	910	898	668	635	754	911	833	810	966
Gnb4_+_32616455.23-P1P2	Gnb4	1355	1568	1436	944	503	925	836	788	575	779	641	739	764	768	918
2410137M14Rik_-_36981171.23-P1P2	2410137M14Rik	1139	1333	1373	796	527	714	685	665	806	692	608	738	682	688	880
Ascl1_+_87493583.23-P1P2	Ascl1	1537	1840	1616	992	534	922	964	855	958	773	886	863	946	818	1014
Gdnf_-_7810832.23-P1P2	Gdnf	1507	1701	1653	977	674	919	938	823	820	801	779	823	806	878	1014
Actr10_-_70937916.23-P1P2	Actr10	1189	1473	1004	727	535	658	783	694	580	679	694	757	867	661	864
Cox4i1_-_120668312.23-P1P2	Cox4i1	1664	1971	1827	1195	787	1044	1120	1173	834	907	853	1070	1184	971	1136
Zfp106_+_120563750.23-P1P2	Zfp106	770	869	909	519	374	572	372	513	384	385	437	426	566	453	499
Wnt9a_-_59306906.23-P1P2	Wnt9a	1502	1860	2178	1011	661	1014	1083	1035	857	989	969	1223	1033	1039	1344
Cln6_+_62838848.23-P1P2	Cln6	1899	2400	2144	1321	929	1151	1195	1153	1000	1058	1050	1010	1250	1293	1443
Psmc3_-_91054354.23-P1P2	Psmc3	1874	2310	1766	1057	630	884	874	899	599	716	678	1015	645	820	1042
Ncl_-_86359326.23-P1P2	Ncl	1218	1312	1359	775	505	679	832	780	612	560	604	811	628	617	858
Cyp27a1_-_74713633.23-P1P2	Cyp27a1	2917	3328	3698	2174	1151	1892	1803	1592	1666	1666	1581	1658	2001	1659	2139
Ina_+_47014691.23-P1P2	Ina	1242	1611	1473	812	466	755	782	753	666	646	734	679	623	774	913
Tlr2_-_83841523.23-P1P2	Tlr2	903	1092	1190	561	504	510	618	405	396	478	476	618	589	525	761
Wnt7b_-_85577852.23-P2	Wnt7b_P2	1447	1708	1806	1092	661	1022	865	806	795	878	741	844	853	903	1056
Sema6b_+_56133796.23-P2	Sema6b_P2	1256	1689	1650	971	562	639	911	802	589	745	701	827	787	769	1089
Crat_-_30415487.23-P1P2	Crat	1383	1828	2026	1042	620	899	967	964	795	762	844	1036	1072	933	978
Bcl10_+_145924403.23-P1P2	Bcl10	1096	1423	1443	817	585	845	828	740	557	563	655	731	709	679	918
Cast_+_74807940.23-P1P2	Cast	1960	2387	2383	1375	921	1173	1438	1216	1209	1002	1106	1254	1221	1173	1393
Aco2_-_81872580.23-P1P2	Aco2	2096	2636	2525	1505	942	1374	1433	1313	1172	1147	1131	1307	1352	1268	1522
Tyrp1_+_80834246.23-P1P2	Tyrp1	790	1038	792	556	459	530	595	513	573	455	511	526	518	529	568
Trap1_+_4077595.23-P1P2	Trap1	2352	2767	3400	1550	1080	1510	1498	1530	1240	1310	1365	1498	1671	1518	1636
Gjc2_-_59182819.23-P1P2	Gjc2	2061	2472	2654	1386	970	1232	1351	1339	1212	1060	1208	1144	1411	1254	1373
Tmx2_-_84678323.23-P1P2	Tmx2	1978	2603	2550	1349	983	1233	1365	1147	1043	1207	1131	1358	1395	1241	1678
Psmd3_+_98682615.23-P1P2	Psmd3	1820	2332	1609	1413	830	1209	1345	1308	1042	1001	1038	1024	1087	1123	1351
Unc13a_-_71671692.23-P1P2	Unc13a	1714	2195	1874	1311	718	1228	1330	1167	849	986	1088	1056	1172	1048	1233
Agrn_-_156186135.23-P2	Agrn_P2	1556	2037	1927	1100	704	1027	980	965	880	996	1038	987	1121	1036	1263
Elavl2_+_91376460.23-P1P2	Elavl2	1510	1854	1162	978	686	1114	973	1032	895	805	855	950	1001	966	1061
Pclo_-_14515001.23-P1P2	Pclo	790	978	917	588	356	543	510	462	370	458	528	489	509	528	553
Cybb_-_9469218.23-P1P2	Cybb	1085	1317	1141	679	402	640	643	719	536	572	600	782	712	696	1043
Sqstm1_+_50210551.23-P1	Sqstm1_P1	3287	3925	3645	2202	1505	2006	2065	1769	1737	1814	1825	1906	2069	1961	2355
Kif1c_+_70700518.23-P1P2	Kif1c	2528	3200	2863	1929	1074	1672	1630	1535	1174	1381	1211	1467	1572	1593	1762
Tpp2_+_43934011.23-P1P2	Tpp2	2088	2458	2425	1354	876	1364	1344	1188	1073	1037	1145	1195	1291	1229	1375
Unc5c_+_141465692.23-P1P2	Unc5c	1977	2361	1889	1377	750	1102	1178	1192	904	1094	1115	1186	1328	1150	1395
Grm5_-_87584504.23-P1P2	Grm5	1187	1415	1536	844	384	748	812	626	678	579	639	692	716	709	831
Dtymk_+_93801840.23-P1P2	Dtymk	1634	2021	2091	1120	840	849	1102	1009	846	863	946	972	1017	1064	1232
Stc1_+_69029472.23-P1P2	Stc1	1562	2222	1702	1230	743	983	1097	1005	773	828	953	1032	1002	996	1317
Itm2b_-_73385239.23-P1	Itm2b_P1	1571	1893	2015	1080	540	912	1028	770	632	842	789	964	1026	919	1018
Nox1_+_134111728.23-P1P2	Nox1	550	628	660	330	285	359	410	326	299	295	270	362	359	353	359
Mgst1_+_138140594.23-P1P2	Mgst1	1267	1746	1474	1053	592	841	1015	822	773	736	798	728	805	745	939
Psma5_+_108257404.23-P1P2	Psma5	812	1015	852	639	417	517	530	544	487	449	544	474	506	525	675
Cycs_+_50566532.23-P1P2	Cycs	1333	1520	1293	909	690	813	860	849	617	749	852	769	741	813	873
Calml3_-_3804226.23-P1P2	Calml3	1617	2117	2076	994	664	1081	1130	981	1017	896	882	965	1153	986	1283
Pde4a_+_21165773.23-P2	Pde4a_P2	1662	2014	2169	1195	718	1024	1057	1024	692	918	968	1009	1075	1055	1107
Bcl2l1_-_152831668.23-P2	Bcl2l1_P2	2507	2875	2409	1735	1126	1411	1456	1345	1152	1289	1329	1406	1514	1473	1597
Clec16a_-_10545443.23-P1P2	Clec16a	1979	2506	2356	1453	817	1092	1323	1184	1056	1063	1263	1250	1310	1139	1332
Aplp1_+_30445520.23-P1P2	Aplp1	1801	2215	1902	1286	741	1093	1135	1229	879	836	1029	1092	1084	1066	1170
Canx_-_50325574.23-P1P2	Canx	1747	2110	2635	1427	847	1205	1179	1230	919	990	1193	1261	1288	1281	1426
Akt1_+_112674177.23-P1P2	Akt1	1928	2382	2671	1410	888	1049	1283	1215	1050	1146	1132	1244	1314	1266	1576
Actr1b_-_36709913.23-P1P2	Actr1b	1218	1586	917	848	617	724	713	726	662	687	762	746	739	800	856
Cox7c_-_86046450.23-P1P2	Cox7c	1656	2141	2267	1215	769	1109	1056	1063	856	1011	1027	1048	1162	1094	1229
Gigyf2_+_87327075.23-P1P2	Gigyf2	1654	2193	2046	1202	710	1000	1058	1018	883	986	1011	1067	1091	1081	1266
Eef2_-_81176779.23-P1	Eef2_P1	945	1260	1082	576	407	527	540	588	359	352	285	492	380	450	528
Ube2g2_+_77622666.23-P1P2	Ube2g2	1292	1466	1392	880	579	733	819	785	602	755	644	730	790	780	951
Capn2_-_182517391.23-P1P2	Capn2	1447	1669	1939	908	653	886	856	754	763	800	855	829	913	856	978
Trp73_+_154139871.23-P1	Trp73_P1	2204	2639	2264	1774	1042	1352	1505	1433	970	1092	1301	1385	1351	1268	1558
Ift57_+_49699538.23-P1P2	Ift57	1686	2096	2290	1114	636	1088	1060	949	869	1011	973	967	1085	1013	1089
Eif4g2_-_111081593.23-P2	Eif4g2_P2	612	722	825	483	274	407	442	417	372	330	366	341	415	376	474
Vdac1_-_52361298.23-P1P2	Vdac1	1468	1928	1575	1017	671	1033	1182	920	933	871	907	989	857	925	1053
Map1b_+_99516521.23-P1P2	Map1b	1546	1732	1867	968	644	963	838	841	733	868	806	1020	947	906	1022
Unc5c_+_141465626.23-P1P2	Unc5c	1911	2214	2734	1359	965	1246	1256	1130	1092	1073	1180	1271	1332	1212	1431
Ppid_-_79591404.23-P1P2	Ppid	1033	1205	1075	633	492	611	697	555	561	558	595	641	622	591	741
Serpina3c_+_104153893.23-P1P2	Serpina3c	1532	2009	2261	990	804	991	1030	929	884	905	888	1054	929	1013	1212
Dvl2_+_70000656.23-P1P2	Dvl2	1586	1895	1678	1141	697	1003	980	1013	707	994	860	959	1046	819	1050
Slc1a2_-_102706517.23-ENSMUST00000111212.1	Slc1a2	1124	1457	1266	836	545	671	774	658	588	655	549	724	715	651	896
Dtymk_-_93801843.23-P1P2	Dtymk	1265	1345	1312	772	497	587	832	705	527	558	664	664	757	671	826
Ampd2_-_108086592.23-P1	Ampd2_P1	2129	2682	2344	1460	1008	1150	1452	1196	1196	1031	1141	1263	1350	1253	1419
Gtf2h1_-_46796151.23-P1P2	Gtf2h1	1139	1487	1302	811	480	693	695	618	461	563	553	658	553	588	791
Serpina3n_-_104406769.23-P1P2	Serpina3n	1582	1918	1770	1137	672	983	1078	945	923	1011	977	990	981	955	1153
Vamp2_+_69088577.23-P1P2	Vamp2	2033	2539	2212	1332	931	1388	1231	1159	1231	1127	1341	1187	1363	1203	1580
Sptlc3_+_139494198.23-P1P2	Sptlc3	1885	2358	2271	1472	935	1210	1196	1113	988	1055	1027	1145	1295	1049	1357
Crebbp_+_4212966.23-P1P2	Crebbp	1669	2114	1833	1169	667	1106	1111	1017	850	964	909	1097	1088	1050	1250
S100a10_+_93555235.23-P1P2	S100a10	2009	2563	2026	1482	868	1441	1499	1337	1275	1199	1177	1220	1302	1262	1489
Cwf19l1_-_44135791.23-P1P2	Cwf19l1	1470	1745	1729	1256	664	1182	1014	906	760	774	761	934	964	975	1031
Setx_+_29125161.23-P1P2	Setx	1962	2467	2174	1224	890	1330	1371	1265	1018	1288	1127	1339	1316	1187	1609
H2-M10.2_-_36286275.23-ENSMUST00000023845.6	H2-M10.2	1476	1782	1249	931	618	970	1012	927	691	819	901	747	978	859	1052
Ache_+_137288361.23-P1P2	Ache	1620	2055	2032	1135	618	1153	1064	1034	910	863	894	1085	963	1029	1144
Pde8b_-_95250302.23-P1	Pde8b_P1	1634	2099	1675	1261	754	1116	1205	1089	916	854	980	1085	875	953	1133
Hspa5_+_34772177.23-P1P2	Hspa5	1312	1698	1301	774	445	663	773	842	544	669	617	748	681	781	788
Padi2_-_140924346.23-P2	Padi2_P2	1496	1981	2240	1132	639	1053	1048	1054	768	916	932	1090	988	1004	1258
Hsf1_-_76477449.23-P1P2	Hsf1	1079	1279	1107	824	576	715	704	786	523	569	717	716	767	710	727
Esr1_+_4710170.23-P1P2	Esr1	1784	2161	2077	1233	819	1146	1144	1052	914	1025	992	1100	1081	1071	1218
Dnah3_-_120094953.23-P1P2	Dnah3	1505	1887	1709	938	665	863	853	855	918	849	854	878	1049	819	1195
Zfp78_-_6363375.23-P1P2	Zfp78	1201	1458	1443	833	573	764	728	748	632	660	723	684	758	780	868
Zfyve1_+_83596991.23-P1P2	Zfyve1	1842	2435	1862	1393	761	1111	1337	1085	982	1057	1113	1220	1216	1144	1305
Dbn1_-_55488009.23-P1P2	Dbn1	1417	1833	1458	995	730	849	915	888	829	815	878	1009	927	871	955
Stxbp5l_+_37384917.23-P1P2	Stxbp5l	1781	2314	1836	1341	886	1240	1019	1141	947	1000	1035	1080	1054	1035	1283
Fam168b_+_34842926.23-P1P2	Fam168b	1369	1831	1699	1004	737	1021	953	831	724	803	957	883	1038	970	1049
Dnmt1_-_20952768.23-P1P2	Dnmt1	1279	1538	1390	868	482	746	712	608	753	640	730	801	719	672	863
Cox6a2_-_128206307.23-P1P2	Cox6a2	885	1103	1176	686	377	506	567	540	540	448	449	507	512	530	634
Ndufs4_+_114388008.23-P1P2	Ndufs4	995	1251	1285	721	471	587	633	586	568	658	614	636	595	661	736
Ttpa_+_20008490.23-P1P2	Ttpa	2219	2609	2448	1636	1020	1470	1574	1208	1229	1378	1281	1287	1489	1316	1603
Ccr2_+_124102146.23-P1P2	Ccr2	1989	2304	2375	1338	989	1229	1166	1055	1110	1074	1203	1207	1255	1114	1203
Csf2_+_54249613.23-P1P2	Csf2	999	1355	1391	932	461	591	706	768	567	663	613	677	694	630	835
Ano10_+_122294194.23-P1P2	Ano10	1242	1496	1543	935	661	779	809	708	655	718	709	681	925	780	861
Serpina1e_-_103956471.23-P1	Serpina1e_P1	1768	1867	1756	1184	700	1095	1121	960	892	917	1030	940	1114	896	1160
2810006K23Rik_+_124328190.23-P1P2	2810006K23Rik	1031	1243	1107	678	419	613	823	624	494	584	537	621	587	562	817
Ndufb2_+_39592646.23-P1P2	Ndufb2	1976	2456	2394	1335	968	1123	1208	1160	935	1110	1135	1164	1166	1253	1353
Wnt5a_+_28505845.23-P1	Wnt5a_P1	1729	2043	1742	1199	704	937	1091	1071	1061	888	1017	1144	1065	1003	1170
Trip4_+_65908766.23-P2	Trip4_P2	1297	1549	1371	931	541	678	859	727	630	676	762	764	863	783	842
Pla2g6_-_79328124.23-P1P2	Pla2g6	896	983	840	637	394	559	519	530	430	533	415	472	583	517	553
Ogg1_-_113327052.23-P1P2	Ogg1	2662	3187	3517	1934	1186	1591	1599	1641	1485	1493	1748	1478	1673	1616	1785
Slc9a5_-_105348165.23-P1P2	Slc9a5	1229	1403	1203	819	580	667	793	699	628	683	649	777	815	821	988
Ar_-_98149735.23-P1P2	Ar	1253	1511	1488	763	567	769	703	672	622	654	666	670	830	774	781
Cox6b1_+_30626021.23-P1P2	Cox6b1	1573	1970	2275	935	703	880	971	972	875	842	967	931	950	988	1200
Slc52a3_-_151999938.23-P2	Slc52a3_P2	950	1040	1276	581	361	583	575	533	544	420	505	555	595	513	684
P4hb_-_120572824.23-P1P2	P4hb	1691	2298	1904	1279	874	1175	1135	1055	917	1008	1045	1031	1237	1077	1311
Sort1_-_108284156.23-P1P2	Sort1	2246	3005	2798	1647	1172	1399	1571	1328	1203	1376	1453	1444	1668	1495	1667
Cacna1g_+_94474027.23-P1P2	Cacna1g	719	767	980	431	299	405	423	470	354	461	360	458	512	422	562
Uba1_+_20658469.23-P2	Uba1_P2	1202	1380	1432	804	477	614	722	665	656	623	649	698	665	836	909
Kif5a_+_127263083.23-P1P2	Kif5a	2037	2593	2153	1520	1056	1199	1323	1216	1076	1245	1211	1358	1406	1288	1602
Nrtn_-_56757097.23-P1P2	Nrtn	1627	2181	2100	999	786	1118	1118	1109	872	923	949	1027	1082	967	1240
Sacs_-_61173039.23-P1P2	Sacs	1096	1354	1432	753	560	676	709	686	646	670	692	644	726	729	737
Emc1_-_139352655.23-P1P2	Emc1	2636	3238	2985	1880	1275	1671	1828	1694	1377	1438	1553	1386	1537	1591	1667
Cav1_+_17307777.23-P1	Cav1_P1	1784	2006	1997	1228	734	1126	1208	1036	895	1026	1032	1108	1064	1058	1164
Coch_+_51593370.23-P1P2	Coch	1037	1300	1469	780	411	698	711	665	589	635	605	579	748	580	678
Tfeb_-_47737113.23-P1P2	Tfeb	1466	1680	1820	1076	612	746	877	860	720	803	762	839	927	781	979
Erbb4_+_69108533.23-P1P2	Erbb4	1330	1523	1793	853	638	749	807	826	699	864	783	865	971	905	1067
Vps13c_+_67840467.23-P1P2	Vps13c	905	1133	1286	683	465	516	623	558	399	489	595	580	530	526	682
Gsn_+_35256366.23-P1	Gsn_P1	1499	1979	1488	1133	679	1167	904	997	922	827	856	891	1123	987	1074
Mgst3_+_167393739.23-P1P2	Mgst3	1498	2072	2327	1159	745	1067	1164	1134	964	1014	972	1061	1147	1010	1268
Txn2_-_77928928.23-P1	Txn2_P1	1418	1742	2004	963	698	979	915	844	759	869	838	902	952	853	1073
Clcn2_+_20716077.23-P1	Clcn2_P1	1349	1606	1551	959	616	804	866	763	652	717	774	820	845	850	833
Nalcn_-_123627071.23-P1P2	Nalcn	1713	2021	2255	1241	730	1025	1036	1104	904	909	853	954	1102	1061	1152
Stxbp1_-_32846950.23-P1P2	Stxbp1	1827	2175	2220	1161	784	960	946	931	838	873	924	1141	858	975	1047
Exoc2_+_30974040.23-P1P2	Exoc2	1253	1518	1752	997	539	854	738	638	658	644	742	748	774	704	738
Hdac6_+_7947738.23-P1P2	Hdac6	2418	2792	2329	1787	1098	1640	1636	1558	1492	1540	1458	1580	1595	1628	1729
Cav1_-_17306479.23-P2	Cav1_P2	1432	1780	1820	1026	789	841	985	917	845	733	761	832	807	786	1067
Nos2_+_78920860.23-P1P2	Nos2	2365	2918	2073	1583	999	1378	1495	1454	1317	1349	1466	1494	1529	1462	1760
Slc5a7_-_54298677.23-P1P2	Slc5a7	1410	1797	1500	974	681	945	903	797	849	820	726	861	879	845	1075
Slc8a3_-_81333170.23-P1P2	Slc8a3	1237	1523	1267	988	469	914	814	836	571	786	744	779	789	896	968
Ephb2_-_136835777.23-P1P2	Ephb2	1415	1831	1886	1024	670	910	1046	1009	1001	717	894	903	895	920	891
Tbp_-_15499951.23-P1P2	Tbp	1832	2172	2382	1334	838	1233	1229	1131	955	1055	1087	1192	1232	1155	1311
Eif2s1_-_78862084.23-P1P2	Eif2s1	1396	1713	1449	1005	563	913	927	731	616	677	808	815	850	697	908
Slc12a6_+_112265910.23-P1P2	Slc12a6	923	1189	1061	654	500	682	603	502	446	591	632	608	560	667	682
Ift57_-_49699511.23-P1P2	Ift57	1301	1470	1062	951	633	763	846	875	535	668	731	708	717	770	852
Vps13a_+_16780886.23-P1P2	Vps13a	2709	3492	3190	1975	1345	1767	1940	1721	1558	1638	1620	1843	1865	1711	2103
Ntf5_-_45413732.23-P1P2	Ntf5	1472	1877	1832	1147	706	1059	1044	925	808	864	924	928	890	953	1035
Ifit3_+_34583508.23-P1P2	Ifit3	1502	1884	1637	1062	713	1028	970	939	718	773	894	737	1009	906	1117
Sigmar1_-_41741295.23-P1P2	Sigmar1	1773	2245	2012	1414	730	1100	1263	1243	1091	1027	1025	1050	1157	1101	1298
Gpbp1_+_111489824.23-P1P2	Gpbp1	1738	2207	1797	1121	708	1096	1226	1015	849	1013	950	1139	1185	1138	1304
Nlrp3_+_59542929.23-P2	Nlrp3_P2	1125	1567	1567	920	540	757	801	745	710	640	706	773	801	720	869
Abhd16a_+_35089258.23-P1P2	Abhd16a	1032	1400	1200	720	504	688	730	662	695	578	716	641	667	700	862
Kif20b_-_34922573.23-P1P2	Kif20b	1572	2019	1954	962	617	809	918	895	797	848	901	982	936	799	1105
Timm8a1_-_134541824.23-P1P2	Timm8a1	2646	3022	2929	1758	1121	1544	1571	1465	1486	1448	1341	1545	1620	1598	1704
Spg11_+_122118350.23-P1P2	Spg11	1097	1310	1284	787	442	591	691	681	506	623	573	632	719	637	612
Wnt7b_+_85577869.23-P2	Wnt7b_P2	890	1105	1193	556	367	525	578	477	559	491	573	510	475	557	616
Gria4_+_4796217.23-P1P2	Gria4	1256	1440	1237	860	543	821	751	788	537	786	704	700	741	706	924
Trp73_-_154139623.23-P1	Trp73_P1	1429	1881	1726	1030	732	1014	995	1025	796	865	936	929	883	880	1143
Bid_+_120916825.23-P1P2	Bid	2041	2501	2274	1561	940	1472	1367	1203	1063	1208	1224	1160	1434	1129	1471
Wnt7a_+_91410943.23-P1P2	Wnt7a	1745	2236	1774	1237	809	985	1134	937	847	920	950	978	1106	1157	1258
Erbb4_+_69108529.23-P1P2	Erbb4	975	1198	1100	707	408	631	578	567	491	495	569	626	673	582	666
Dnah5_+_28203806.23-P1P2	Dnah5	867	1232	1292	597	434	564	606	579	450	573	607	561	654	624	682
Sdhb_+_140961450.23-P1P2	Sdhb	1442	1785	1819	1138	625	883	992	955	796	713	775	849	755	878	951
Hpx_-_105600060.23-P1P2	Hpx	2182	2719	2153	1435	883	1239	1493	1425	1105	1089	1296	1392	1416	1289	1609
Sv2a_+_96181243.23-P1P2	Sv2a	914	1108	1026	630	408	592	637	582	557	480	549	558	566	569	612
Txn1_-_57956283.23-P1P2	Txn1	1374	1786	2276	1214	650	997	987	965	857	684	850	896	997	858	1072
Bak1_+_27028554.23-P1P2	Bak1	1165	1477	1754	769	456	756	815	698	589	612	622	665	699	705	745
Pik3ca_+_32397663.23-P1P2	Pik3ca	1236	1491	1813	848	535	770	852	620	473	762	634	810	952	842	868
Kcnh4_+_100759693.23-P1P2	Kcnh4	1869	2136	2556	1230	887	1157	1092	1056	877	1150	1203	1132	1251	1141	1203
Slc19a3_-_83038246.23-P1P2	Slc19a3	1984	2309	1972	1440	948	1330	1175	1136	1112	1132	1111	1318	1280	1215	1535
Reps1_-_18055563.23-P1P2	Reps1	1966	2429	2344	1455	816	1217	1548	1227	1142	1233	1163	1258	1362	1278	1456
Ctsb_-_63122501.23-P1P2	Ctsb	1418	1704	1680	994	761	877	937	860	790	823	818	822	838	837	1036
Chp1_+_119547788.23-P1P2	Chp1	1251	1445	1531	759	560	737	762	739	613	731	631	790	799	852	867
Letm1_-_33782702.23-P1P2	Letm1	878	1057	961	641	400	484	574	636	432	431	399	524	417	486	578
Ncl_-_86359367.23-P1P2	Ncl	1402	1730	1236	954	732	842	867	856	753	894	766	857	979	814	1028
Csf2_+_54249604.23-P1P2	Csf2	1806	2098	1744	1435	743	1131	1087	1127	854	1074	1062	1080	1071	1032	1237
Elp3_+_65593023.23-P1P2	Elp3	1070	1353	1295	847	481	742	683	765	597	603	634	641	620	640	660
Sema6a_+_47368820.23-P1P2	Sema6a	2264	2667	2244	1585	968	1379	1351	1360	1261	1228	1274	1313	1554	1306	1462
Sncaip_+_52768306.23-P1P2	Sncaip	1967	2443	2192	1457	935	1277	1347	1277	1167	1027	1109	1137	1220	1269	1433
Pomc_-_3954959.23-P1P2	Pomc	786	979	877	532	372	504	528	510	394	466	414	483	513	489	533
Scyl1_+_5771338.23-P1P2	Scyl1	3895	5173	5470	3087	2004	2659	2924	2464	2351	2316	2532	2582	2516	2618	3070
Fosb_+_19309978.23-P1P2	Fosb	1424	1865	1797	1083	740	935	960	1010	1027	786	859	991	804	830	1104
Cln6_+_62838840.23-P1P2	Cln6	2108	2468	2262	1413	896	1189	1376	1275	921	1219	1130	1311	1317	1126	1528
Tbp_-_15499960.23-P1P2	Tbp	1654	2009	2263	1061	595	950	1123	897	847	886	929	910	1038	968	1120
Slc19a3_+_83038397.23-P1P2	Slc19a3	1698	2028	1785	1243	794	1074	1175	1090	877	934	987	1145	989	917	1163
Sirt4_+_115484313.23-P1P2	Sirt4	2341	2812	2946	1513	1015	1509	1338	1397	963	1361	1366	1338	1457	1347	1542
Ntrk1_-_87795148.23-P1P2	Ntrk1	1640	1871	1992	1037	761	1039	1082	918	988	897	959	996	926	935	1102
Fasl_-_161788140.23-P1P2	Fasl	1457	1863	1655	938	649	839	1009	1062	709	948	818	967	908	937	1042
Serpina1c_-_103904946.23-P1P2	Serpina1c	1473	1757	2312	1155	694	770	949	996	775	810	813	940	880	852	1089
Ntrk2_+_58808112.23-P1P2	Ntrk2	1401	1602	1593	919	560	790	922	808	681	663	855	749	839	777	929
Psma8_-_14706188.23-P1P2	Psma8	1610	2161	1913	1437	832	1087	1207	1015	811	1103	969	1047	1058	986	1201
Apc_-_34247738.23-P2	Apc_P2	1353	1822	1834	997	604	927	993	845	769	759	781	920	859	832	854
Chchd2_+_129887432.23-P1P2	Chchd2	1959	2473	2323	1299	997	1345	1399	1292	1028	1221	1159	1261	1324	1240	1457
Cav1_+_17307731.23-P1	Cav1_P1	1496	1873	1799	1029	638	853	1088	967	847	803	884	934	951	949	1152
Slc25a38_-_120114961.23-P2	Slc25a38_P2	1408	1722	1723	974	525	1065	952	899	748	907	880	874	933	853	1024
Cyp2d12_+_82555468.23-P1P2	Cyp2d12	1078	1404	1438	782	506	646	669	652	529	585	752	730	782	680	823
Uqcr11_-_80406536.23-P1P2	Uqcr11	1099	1248	1140	715	427	580	779	629	633	541	549	648	630	630	748
Gabpa_+_84835414.23-P1P2	Gabpa	1987	2262	2422	1312	867	1126	1226	1237	950	1119	950	1182	1100	1098	1342
Tecpr2_+_110889305.23-P1P2	Tecpr2	2013	2360	2179	1446	950	1340	1348	1196	1297	1054	1077	1199	1199	1142	1402
Wfs1_+_36988893.23-P1P2	Wfs1	1062	1395	1504	771	544	766	849	694	630	588	699	746	744	749	780
Crp_+_172698134.23-P1P2	Crp	1488	1842	1321	1109	694	1025	1007	824	833	794	919	958	948	831	1108
Rmdn1_-_19575283.23-P1P2	Rmdn1	1288	1521	1691	757	528	842	766	832	706	762	752	850	815	870	949
Pick1_+_79229610.23-P1P2	Pick1	1326	1742	1837	1019	673	881	908	914	871	738	845	906	915	875	1057
Pars2_-_106651161.23-P1P2	Pars2	2636	3210	3430	1751	1055	1886	1576	1608	1370	1453	1390	1561	1618	1485	1678
Cyp2d40_-_82764179.23-P1P2	Cyp2d40	2120	2523	2509	1351	1059	1237	1164	1124	1022	1144	1292	1320	1369	1211	1426
Gfap_-_102897097.23-P1P2	Gfap	1163	1427	1129	806	569	785	796	737	662	713	673	690	721	766	795
Cdc42_-_137357632.23-P1P2	Cdc42	1167	1487	1234	845	580	848	820	712	645	610	611	785	743	703	962
Pten_-_32757878.23-P1P2	Pten	1511	1914	1691	1031	586	1059	1057	935	880	991	943	884	1039	972	1118
Psma8_+_14706189.23-P1P2	Psma8	1992	2460	2319	1234	973	1290	1372	1229	1046	1243	1068	1215	1203	1208	1337
Psmd14_-_61711784.23-P1P2	Psmd14	770	913	768	475	414	495	492	462	311	382	502	543	499	513	463
Ntrk1_-_87795151.23-P1P2	Ntrk1	1757	2089	2179	1164	883	1019	975	985	964	997	1210	1148	1234	1122	1310
Ntf5_-_45413735.23-P1P2	Ntf5	1552	1985	2417	1100	764	1007	1190	1048	831	856	988	1057	973	1049	1260
Apex1_+_50924989.23-P1P2	Apex1	882	1145	855	661	382	629	579	584	447	487	445	622	492	496	730
Cln8_-_14889037.23-P1P2	Cln8	1044	1253	840	723	461	767	666	611	634	560	670	627	686	676	793
Nfe2l2_-_75704481.23-P1P2	Nfe2l2	1414	1626	1713	1066	606	929	887	765	639	736	857	827	966	859	1097
Foxo1_+_52268499.23-P1P2	Foxo1	1185	1424	1297	858	493	786	696	667	546	612	798	702	756	741	837
H2-M10.2_-_36286414.23-ENSMUST00000023845.6	H2-M10.2	1344	1735	1677	867	586	908	829	745	599	762	811	929	972	867	975
Map2k3_+_60932091.23-P1P2	Map2k3	1820	1976	2051	1273	738	1038	1092	971	751	982	1007	1002	987	1055	1256
Cx3cl1_+_94772240.23-P1P2	Cx3cl1	1655	2146	2072	1315	795	1227	1097	940	918	1067	1058	1171	1068	1063	1272
Tdp1_+_99884563.23-P1P2	Tdp1	1270	1621	1641	860	638	834	834	749	739	693	685	863	832	772	960
Fzd1_+_4757928.23-P1P2	Fzd1	856	1025	978	532	388	522	550	591	472	587	541	616	519	519	570
Kcnh8_+_52602975.23-P1P2	Kcnh8	1613	2022	1970	1202	879	1115	1084	1082	1087	920	990	1026	1000	1043	1149
Ang5_+_43957021.23-P1P2	Ang5	1672	2151	2175	1157	730	1025	1089	1028	960	989	1076	974	1174	985	1103
Pnp2_-_50956196.23-P1P2	Pnp2	1356	1653	1654	905	726	821	900	627	591	741	791	803	992	793	1032
Ngf_-_102470136.23-P1P2	Ngf	1169	1411	1122	823	488	752	735	717	558	696	655	725	800	696	854
Anxa11_-_25842224.23-P1P2	Anxa11	1435	1727	2153	1018	661	891	923	960	784	788	818	846	940	871	1116
Ung_-_114131242.23-P1P2	Ung	1119	1388	1389	829	508	724	770	677	451	662	683	687	742	682	843
Disc1_+_125054188.23-P1P2	Disc1	1934	2470	2196	1294	961	1276	1344	1171	1028	1210	1221	1166	1350	1273	1355
Ifng_-_118441123.23-P1P2	Ifng	1473	1731	1684	934	613	812	915	784	900	844	870	836	903	933	1120
Ppif_+_25694257.23-P1P2	Ppif	1854	2385	2393	1248	1070	1090	1120	1147	951	926	1052	1170	1182	1109	1388
non-targeting_03431	non-targeting	1003	1318	948	761	431	620	633	649	612	546	593	593	659	699	681
Fggy_-_95579497.23-P2	Fggy_P2	2448	2841	2638	1645	1037	1361	1689	1506	1263	1232	1302	1478	1552	1410	1628
Sgsm3_-_80977817.23-P1P2	Sgsm3	1974	2456	2434	1325	1020	1200	1220	1130	877	1131	1283	1114	1247	1253	1388
Sgk1_+_21994780.23-P1P2	Sgk1	1323	1522	1730	1090	509	783	817	679	571	743	694	778	803	736	937
Fzd3_-_65262235.23-P1P2	Fzd3	1649	1898	1862	1062	666	876	1112	1040	960	875	898	882	1033	1016	1049
Atxn1l_+_109737754.23-P1P2	Atxn1l	1011	1230	1298	773	456	615	672	664	542	524	618	624	575	640	921
Wnt9b_+_103749780.23-P1P2	Wnt9b	1995	2394	2379	1399	985	1257	1361	1288	1037	1263	1147	1135	1416	1243	1392
Rab5a_-_53479336.23-P1P2	Rab5a	1501	1837	1738	837	553	737	868	854	571	650	560	759	691	815	947
Cdk6_+_3344013.23-P1P2	Cdk6	1602	1976	1974	1142	762	1088	1008	1023	841	795	904	975	1058	981	1130
Fam83e_-_45721269.23-P1P2	Fam83e	1360	1770	1743	950	511	913	996	735	663	698	745	828	861	851	930
Dlg4_+_70018459.23-P1	Dlg4_P1	790	1040	818	626	437	434	562	543	519	412	469	559	504	534	608
Iba57_-_59163734.23-P1P2	Iba57	1823	2431	2363	1370	853	1115	1253	1031	939	1062	1113	1171	1193	1137	1329
Ccs_+_4839263.23-P1P2	Ccs	1596	1972	2209	1095	596	1045	1059	963	861	969	968	1026	1010	1078	1142
Serpinf1_+_75422489.23-P1P2	Serpinf1	1787	2266	1856	1225	710	1092	1331	1098	1055	1047	1011	1088	1131	1025	1172
Nars2_+_96951838.23-P1P2	Nars2	1277	1660	2211	790	614	753	912	745	800	768	759	811	788	850	1065
Cox5b_-_36691805.23-P1P2	Cox5b	1779	2271	1919	1368	716	1190	1203	1139	1091	937	986	992	1142	1133	1303
Ptbp2_+_119783196.23-P1P2	Ptbp2	1597	1988	1800	1062	784	1073	974	926	847	827	793	901	889	889	1062
Ins1_+_52264525.23-P1P2	Ins1	1290	1696	1664	964	609	788	827	833	674	744	758	808	860	846	930
Adcyap1_+_93199228.23-P1P2	Adcyap1	1371	1666	2088	964	585	830	993	825	704	694	775	773	748	807	982
Acan_+_79053303.23-P1P2	Acan	1864	2416	2275	1298	773	1161	1333	1275	790	1105	1044	1292	1135	1184	1474
Hspa14_+_3512724.23-P1P2	Hspa14	2555	3177	2677	1679	1009	1599	1633	1419	1363	1374	1466	1529	1638	1568	1752
Ndufab1_+_122101549.23-P1P2	Ndufab1	1800	2207	1952	1272	815	1099	1132	1060	982	1052	1028	1195	1192	1149	1219
Dbh_+_27165553.23-P1P2	Dbh	2127	2517	2422	1336	941	1297	1356	1052	1020	1031	1035	1173	1199	1167	1483
Pik3r4_+_105643021.23-P1P2	Pik3r4	2246	2535	2342	1217	932	1262	1161	1193	1042	1075	994	1211	1048	1095	1238
Ar_-_98149759.23-P1P2	Ar	1590	1980	2056	1159	752	874	1083	991	1019	961	1021	909	969	947	1118
Grm5_+_87584443.23-P1P2	Grm5	479	609	697	305	266	324	290	336	275	234	350	309	329	267	328
Map2k6_+_110399158.23-P1P2	Map2k6	1609	1998	1617	1020	704	989	1104	939	975	917	917	972	1112	1034	1161
Kdm1a_+_136602669.23-P1P2	Kdm1a	2405	3042	2660	1676	1054	1432	1571	1463	1283	1526	1331	1416	1773	1436	1790
Pde4d_-_109953891.23-P1P2	Pde4d	2934	3933	3023	2548	1596	2140	2430	2064	1978	1476	1526	1360	1394	1430	1269
Glb1_+_114401203.23-P1P2	Glb1	2058	2499	2129	1432	934	1404	1362	1309	1189	1288	1198	1269	1346	1358	1593
Fos_-_85473935.23-P1P2	Fos	1953	2448	2155	1220	810	1065	1128	1207	1023	1196	1044	1211	1247	1156	1381
Ccs_+_4839258.23-P1P2	Ccs	1955	2598	2639	1314	886	1217	1414	1168	861	1111	1338	1159	1307	1240	1401
Prkcb_+_122289719.23-P1P2	Prkcb	1109	1316	1438	730	469	693	693	651	505	610	687	610	737	690	791
Eif2b1_+_124579009.23-P1P2	Eif2b1	1531	1666	1947	954	616	890	945	846	734	877	784	880	874	908	908
Apex2_+_150587891.23-P1P2	Apex2	1009	1362	1555	723	534	584	673	595	620	592	709	692	628	654	722
Il1b_-_129371093.23-P1P2	Il1b	1407	1761	1332	1000	534	806	916	741	891	855	761	819	991	835	987
Pkd2_+_104459634.23-P1P2	Pkd2	1115	1325	1264	896	549	745	732	760	533	663	775	760	772	759	836
Cdk5r1_-_80477254.23-P1P2	Cdk5r1	1948	2590	2706	1237	928	1150	1358	1213	1073	1275	1172	1302	1343	1229	1473
Cav2_-_17281381.23-P1P2	Cav2	1269	1711	1270	884	593	928	990	874	596	748	759	878	852	736	967
Wars2_-_99141162.23-P1P2	Wars2	1747	2303	2213	1385	843	1229	1176	1116	969	939	1065	1035	1287	1022	1342
Psma7_-_180042350.23-P1P2	Psma7	837	1032	1009	596	351	560	584	483	444	515	384	529	620	562	648
Cyc1_+_76343589.23-P1P2	Cyc1	889	1097	728	658	421	662	667	633	538	503	570	579	642	593	578
Bscl2_+_8837584.23-P2	Bscl2_P2	1460	1872	1991	1247	645	1090	986	955	956	899	976	919	947	840	1112
Kif1b_+_149307680.23-P1P2	Kif1b	1477	1857	1361	1015	652	1060	993	929	815	796	900	854	932	996	1206
Chmp2b_-_65562578.23-P1P2	Chmp2b	1230	1600	1511	1007	511	823	786	898	655	720	721	810	836	755	927
Map2_-_66322012.23-P2	Map2_P2	1566	1777	1642	1046	728	1019	1011	940	720	829	892	941	929	902	990
Cp_-_19957635.23-P1P2	Cp	1959	2433	2043	1400	863	1174	1265	1120	1146	1074	1032	1166	1169	1111	1447
Camk2g_-_20794006.23-P1P2	Camk2g	1012	1192	934	745	400	573	689	523	494	546	586	572	547	551	635
Ang_-_51091172.23-P2	Ang_P2	795	910	856	446	417	386	395	454	456	373	437	448	475	432	577
Serpina3b_+_104128470.23-P1P2	Serpina3b	1173	1504	1319	849	491	728	809	718	729	647	748	825	712	817	971
Snx14_-_88438876.23-P1P2	Snx14	1747	2180	1735	1178	799	1081	1111	1061	949	941	1059	1013	946	1070	1102
Scn11a_+_119825404.23-P1P2	Scn11a	1657	2245	2096	1232	863	986	1062	1049	847	834	979	1019	1070	1016	1226
Ubap1_-_41349061.23-P1P2	Ubap1	1773	2186	2415	1034	721	776	917	928	816	781	864	939	811	954	988
Casp8_+_58795442.23-P1P2	Casp8	3121	3696	3630	2142	1365	1895	2007	1963	1800	1637	1838	1893	1926	1877	2119
Phpt1_-_25574827.23-P1P2	Phpt1	1370	1778	1988	963	651	887	892	891	783	833	875	880	909	797	1107
Psmb5_+_54617674.23-P1P2	Psmb5	73	77	117	33	22	83	48	36	35	23	31	29	55	46	51
Lingo1_+_56635639.23-P1P2	Lingo1	1975	2459	1983	1225	917	1350	1327	1298	1183	1185	1289	1144	1248	1300	1367
Ucp2_+_100493406.23-P1	Ucp2_P1	2463	2910	2832	1598	1039	1590	1476	1399	1037	1454	1381	1336	1437	1490	1653
Slc25a31_-_40709108.23-P1P2	Slc25a31	1723	2228	2074	1059	828	979	1079	1038	898	971	1026	1093	1211	1093	1343
Arhgef5_+_43265693.23-P1P2	Arhgef5	1938	2561	2442	1501	1036	1266	1375	1265	1003	1118	1138	1123	1409	1292	1400
Slc6a3_+_73536913.23-P1P2	Slc6a3	1424	1634	1418	972	562	975	782	772	634	775	809	775	860	816	990
Psmb1_+_15498231.23-P1P2	Psmb1	505	624	499	434	278	285	334	334	226	330	277	333	279	364	350
non-targeting_02365	non-targeting	1871	2453	2535	1451	920	1246	1360	1204	1069	1000	1238	1210	1344	1210	1370
Bhlhb9_-_135886118.23-P1P2	Bhlhb9	580	680	661	287	217	355	390	353	281	284	303	375	343	362	399
Txnip_+_96557967.23-P1P2	Txnip	1187	1466	1279	912	444	795	876	799	640	660	683	788	863	858	803
Cd8a_+_71373481.23-P1P2	Cd8a	1088	1607	1555	948	607	765	721	709	687	635	744	783	802	762	936
Tmed9_-_55593176.23-P1P2	Tmed9	2288	2769	3260	1602	1162	1521	1426	1440	1142	1417	1355	1465	1600	1397	1860
Trp73_+_154139794.23-P1	Trp73_P1	1424	1674	1836	1164	622	909	1095	911	769	835	892	906	859	870	914
Psmb2_-_126677707.23-P1P2	Psmb2	1907	2284	1765	1092	831	985	944	1116	826	805	816	986	828	996	1130
Clcn7_+_25133432.23-P1P2	Clcn7	1670	2069	1673	1220	802	1040	962	971	888	868	755	895	866	876	1024
Atp6ap2_+_12587873.23-P1P2	Atp6ap2	1865	2249	1953	1231	967	1147	1181	1258	1021	1000	1049	1189	1287	1123	1349
Chmp2b_+_65562673.23-P1P2	Chmp2b	1817	2160	2117	1154	808	1081	1350	1149	917	1011	919	1112	1069	1032	1145
Slc2a1_-_119108781.23-P1P2	Slc2a1	1233	1495	1164	884	569	878	731	788	627	721	727	732	806	837	777
Jund_-_70699314.23-P1P2	Jund	1668	2110	2325	1322	843	1118	1072	1105	924	924	960	1167	1067	962	1160
Ywhaz_-_36793615.23-P1P2	Ywhaz	1380	1678	1316	931	591	871	819	748	656	692	750	836	761	813	876
Psma7_-_180042356.23-P1P2	Psma7	1061	1283	1069	700	456	484	566	559	606	495	487	609	672	665	747
Ucp2_+_100498224.23-P2	Ucp2_P2	1911	2362	2097	1377	1007	1203	1446	1318	1108	1106	1109	1127	1378	1273	1380
Psma4_+_54950897.23-P1P2	Psma4	1456	1668	1558	994	528	757	1004	888	636	730	649	841	804	759	1029
Mapk9_-_49846815.23-P1P2	Mapk9	1110	1320	1164	775	579	625	777	659	568	612	646	660	703	651	762
Dnajb1_-_83608281.23-P1P2	Dnajb1	1199	1555	1369	981	559	716	894	829	754	621	723	672	730	742	828
Nudt1_-_140331964.23-P1P2	Nudt1	1243	1621	1137	948	562	803	909	784	719	701	929	785	850	854	876
Map3k11_-_5689824.23-P1	Map3k11_P1	1067	1327	1199	763	451	699	760	647	575	622	693	729	600	700	795
Eif2s1_-_78862044.23-P1P2	Eif2s1	2713	3311	3337	1839	1156	1769	1715	1626	1382	1538	1584	1691	1842	1600	2000
Uba7_+_107983080.23-P2	Uba7_P2	1405	1715	1726	946	544	867	889	805	792	744	787	819	854	821	900
Slc5a7_-_54298713.23-P1P2	Slc5a7	1373	1756	1717	1009	657	924	967	804	743	611	720	820	892	857	1017
Keap1_-_21239239.23-P1P2	Keap1	1780	2325	2256	1190	874	1266	1089	1172	958	1028	1010	1162	1141	1111	1288
Glrx_+_75840028.23-P1P2	Glrx	1799	2340	1768	1285	806	1157	1135	1052	903	1058	1084	1140	1109	1065	1467
Cnr1_-_33924665.23-P1P2	Cnr1	1870	2371	1816	1494	882	1195	1273	1207	988	1052	1034	1279	1345	1144	1352
Slc25a46_-_31609850.23-P1P2	Slc25a46	1454	1960	1567	1013	520	884	1019	906	758	801	928	862	877	886	1054
Gsn_+_35282469.23-P2	Gsn_P2	1101	1389	1637	867	546	730	717	689	642	690	609	728	667	680	773
2810006K23Rik_+_124328180.23-P1P2	2810006K23Rik	1206	1515	1445	924	617	814	923	806	699	644	845	835	823	748	811
Reep1_-_71707887.23-P1P2	Reep1	1162	1457	1283	896	556	778	785	743	522	664	669	687	658	718	904
Gabarapl2_+_111940746.23-P1P2	Gabarapl2	1280	1715	1469	916	656	865	961	837	660	794	703	840	920	771	974
Junb_+_84978628.23-P1P2	Junb	1368	1575	1977	907	631	861	844	808	675	729	798	804	794	770	960
Vps13c_+_67840410.23-P1P2	Vps13c	1540	1903	1650	1148	711	1028	1034	975	846	917	843	962	945	840	1039
non-targeting_00759	non-targeting	1630	1967	1980	986	811	1191	971	931	747	875	935	967	980	868	1024
Dbn1_+_55488034.23-P1P2	Dbn1	1527	1834	1686	1072	650	859	903	917	747	933	869	1017	974	941	1021
non-targeting_03373	non-targeting	650	735	662	426	354	438	405	383	252	394	343	394	428	413	503
non-targeting_03316	non-targeting	1514	1979	1936	922	731	909	912	957	739	869	837	969	947	926	1177
Psmd13_+_140882418.23-P1P2	Psmd13	1463	1780	1849	809	573	703	729	745	462	674	511	718	698	711	794
Pik3ca_-_32397298.23-P1P2	Pik3ca	1635	2039	1516	956	732	908	1053	959	862	920	798	1112	1116	978	1148
Atf2_-_73892560.23-P1P2	Atf2	1096	1362	1161	862	430	692	778	703	571	692	663	731	723	646	856
Psmc2_+_21785259.23-P1	Psmc2_P1	2227	2899	2683	1599	996	1402	1456	1293	1227	1253	1124	1513	1246	1222	1654
Ins1_+_52264519.23-P1P2	Ins1	2409	2909	3595	1661	1060	1582	1669	1539	1336	1426	1393	1384	1362	1382	1797
Agtpbp1_-_59557047.23-P1P2	Agtpbp1	1944	2406	2483	1358	796	1080	1189	1226	954	1014	1007	1034	1205	1203	1349
Il33_-_29925185.23-P1P2	Il33	1758	2140	2485	1195	841	1156	1162	1056	960	925	923	962	1097	1037	1279
Spast_-_74338772.23-P1P2	Spast	1721	2159	2124	1297	937	1258	1285	1285	1009	1071	1311	1220	1356	1236	1403
Hk1_-_62340082.23-P1P2	Hk1	1084	1178	1169	675	395	586	838	596	584	643	550	580	709	643	680
Psmb1_-_15498131.23-P1P2	Psmb1	1504	1908	1951	1113	599	857	1045	901	846	837	793	862	841	857	1087
Cpn1_+_43986489.23-P1P2	Cpn1	1071	1362	1220	829	495	771	731	697	555	605	751	677	783	681	798
H2-M1_-_36671975.23-P1P2	H2-M1	971	1151	1370	732	366	458	588	589	540	468	565	611	622	643	663
Pars2_-_106651207.23-P1P2	Pars2	1389	1671	1564	1002	729	1003	956	820	731	681	936	850	937	870	1020
Cyp2d9_+_82452528.23-P1P2	Cyp2d9	1368	1674	1425	958	535	794	853	924	718	703	817	737	875	821	1001
Cx3cr1_-_120068216.23-P1P2	Cx3cr1	1762	2259	2545	1198	816	1189	1235	1116	807	1057	1138	1151	1202	1188	1247
Rtn2_-_19282673.23-P2	Rtn2_P2	746	986	838	490	374	507	569	507	426	442	531	480	436	478	543
H2-M10.3_-_36368222.23-ENSMUST00000073546.3	H2-M10.3	1657	2185	2036	1208	732	924	1140	1071	936	1058	1023	1105	1159	1043	1265
Naglu_-_101070127.23-P1P2	Naglu	2396	2868	3195	1655	1092	1535	1723	1317	1173	1385	1368	1508	1566	1384	1606
Hpgds_+_65144689.23-P1P2	Hpgds	2352	2831	2515	1519	1078	1513	1441	1399	1135	1296	1278	1324	1558	1409	1531
Fos_+_85475027.23-P1P2	Fos	1489	1829	1580	1021	640	904	977	891	658	912	836	903	957	884	1068
Apoa1_+_46228753.23-P1P2	Apoa1	1627	1836	1798	1247	826	1010	1137	882	870	1038	958	1045	1032	919	1208
Src_+_157424303.23-P1P2	Src	1803	2263	1734	1362	917	1134	1315	1010	1072	984	1071	1086	1237	1222	1291
Gad1_+_70562246.23-P1P2	Gad1	1607	2073	2191	1016	708	1018	1074	1018	775	888	1040	1034	1042	949	1196
Dctn5_+_122133243.23-P1P2	Dctn5	1944	2407	2365	1229	850	1310	1258	1099	972	1139	1130	1310	1290	1118	1452
Dnah17_+_118129146.23-ENSMUST00000106308.3,ENSMUST00000084803.5	Dnah17	1259	1599	1873	781	554	750	723	749	622	826	754	940	942	820	898
Erbb4_+_69108559.23-P1P2	Erbb4	1160	1334	867	679	380	634	718	697	476	645	587	650	678	685	807
Mtmr2_-_13749240.23-P1P2	Mtmr2	823	993	1003	505	367	544	544	549	425	405	503	583	616	473	664
Slc17a5_+_78588005.23-P1P2	Slc17a5	2503	3143	2924	1723	1179	1513	1715	1503	1338	1458	1327	1679	1421	1574	1884
Cat_+_103484919.23-P1P2	Cat	1243	1334	1297	956	574	846	710	759	615	634	646	676	789	716	743
Uba5_-_104063086.23-P1P2	Uba5	1611	2132	1568	1141	793	1117	1010	1123	852	831	908	1050	882	993	1089
Map2k3_+_60932115.23-P1P2	Map2k3	2183	2543	3140	1572	980	1597	1496	1239	1038	1236	1197	1215	1462	1198	1607
Mutyh_-_116807796.23-P1P2	Mutyh	2042	2395	2489	1364	1003	1273	1381	1239	1054	1185	1315	1183	1344	1234	1424
Gjb1_-_101377356.23-P1P2	Gjb1	1605	1907	2235	1119	830	971	963	986	911	975	965	872	1059	988	1123
Dock2_+_34783779.23-P1P2	Dock2	1642	2071	1673	1107	786	1029	1184	972	857	1056	891	938	1142	963	1110
Hnrnpdl_-_100038673.23-P1P2	Hnrnpdl	1578	1971	1843	1042	658	964	997	942	912	888	923	981	989	996	1214
Cacna1b_+_24763125.23-P1P2	Cacna1b	2236	2613	2807	1545	1026	1379	1337	1314	1242	1147	1172	1280	1285	1314	1559
Ndufb3_-_58586784.23-P1P2	Ndufb3	1687	2084	1799	1141	716	1077	1158	943	813	896	955	999	1171	1016	1209
Dyrk1a_+_94569759.23-P1P2	Dyrk1a	2236	2803	2833	1629	1079	1361	1525	1482	1307	1279	1380	1361	1375	1386	1684
1700013F07Rik_+_108537555.23-P1P2	1700013F07Rik	1930	2536	2018	1301	925	1339	1329	1292	1170	1181	1260	1142	1325	1248	1346
Blzf1_+_164307252.23-P1P2	Blzf1	1349	1778	1774	1082	679	850	855	808	668	815	796	800	918	862	900
Wipi2_+_142629651.23-P1P2	Wipi2	1317	1573	1249	947	726	735	849	897	629	794	757	836	765	779	949
Slc12a6_-_112265811.23-P1P2	Slc12a6	1136	1414	1266	827	453	589	734	694	617	705	557	628	602	659	698
Eif2s1_-_78862067.23-P1P2	Eif2s1	1377	1734	1507	1039	591	710	800	728	677	710	771	782	839	700	1004
Vdac1_+_52361144.23-P1P2	Vdac1	2429	2852	3357	1687	1151	1425	1602	1312	1318	1307	1386	1364	1464	1445	1531
Gan_-_117158036.23-P1P2	Gan	1937	2258	2249	1411	869	1269	1431	1072	872	1109	1031	1150	1119	1198	1417
Sdhd_+_50603782.23-P1P2	Sdhd	886	1020	968	590	412	429	560	511	401	403	424	486	409	438	494
Stxbp1_+_32847177.23-P1P2	Stxbp1	1790	2416	2096	1102	752	1049	960	931	547	728	663	985	713	881	957
Cox6a1_+_115348827.23-P1P2	Cox6a1	1491	1984	1688	1084	715	964	1028	921	798	840	987	996	997	1044	963
Ndufs4_+_114388046.23-P1P2	Ndufs4	1327	1611	1718	939	652	948	869	782	627	687	779	787	776	790	869
Slc52a2_-_76538870.23-P1P2	Slc52a2	622	716	794	460	282	371	376	411	267	339	300	389	369	430	425
Pcyt2_+_120617837.23-P1P2	Pcyt2	1221	1433	1828	782	530	708	755	756	552	619	706	726	839	691	826
Fth1_+_9982960.23-P1P2	Fth1	1782	2078	1605	1080	665	1100	1094	976	891	963	1009	992	1084	982	1250
Notch1_-_26503733.23-P1P2	Notch1	686	848	966	445	416	363	509	516	288	373	335	461	353	405	448
Hras_-_141193942.23-P1P2	Hras	2170	2503	2486	1424	972	1179	1334	1307	1107	1130	1219	1130	1285	1257	1432
Blvra_+_127070719.23-P1	Blvra_P1	1158	1483	1215	839	535	704	716	828	589	634	721	735	755	793	808
Plcb4_+_135805601.23-ENSMUST00000035646.4	Plcb4	1943	2478	2480	1340	820	1124	1275	1323	824	1096	1163	1308	1226	1246	1458
Kif1a_-_93101795.23-P1P2	Kif1a	1828	2190	2004	1341	754	1097	1108	1049	959	987	963	1035	1017	1076	1262
Serpina3i_-_104263129.23-P1P2	Serpina3i	1045	1280	1055	700	459	708	700	617	524	539	591	622	614	655	707
Cdk11b_+_155624981.23-P1P2	Cdk11b	1309	1699	1785	1006	671	770	982	819	719	652	811	821	759	871	1114
Clcn2_+_20717703.23-P2	Clcn2_P2	1423	1756	1641	911	617	843	953	978	781	786	890	900	841	821	1061
Eif4g2_+_111082819.23-P1	Eif4g2_P1	1146	1484	1157	842	542	745	820	821	593	632	633	868	839	695	948
Sct_-_141279082.23-P1P2	Sct	2742	3326	3040	1848	1303	1692	1724	1690	1336	1509	1704	1648	1836	1587	1854
Psen1_+_83688161.23-P1P2	Psen1	965	1250	1171	662	394	586	680	576	528	537	599	543	655	516	710
Cstb_-_78425745.23-P1P2	Cstb	1269	1789	1317	969	614	684	786	770	528	604	681	701	761	749	812
Scn8a_+_100870981.23-P1P2	Scn8a	2468	3109	2989	1681	955	1446	1648	1509	1272	1186	1472	1630	1514	1409	1769
Alg14_-_121291760.23-P1P2	Alg14	1153	1582	1820	800	599	765	734	737	688	636	617	795	695	687	825
Tcerg1_-_42511529.23-P1P2	Tcerg1	1239	1470	1146	812	653	913	873	758	654	686	727	671	750	690	796
Dbh_+_27165539.23-P1P2	Dbh	1052	1279	1761	866	486	670	793	579	528	582	680	718	723	615	731
Adora2b_+_62249054.23-P1P2	Adora2b	1583	1962	1878	1058	644	904	1127	968	817	845	982	1042	844	912	1054
Hcrt_+_100762905.23-P1P2	Hcrt	895	1036	995	515	395	645	700	546	542	406	460	584	541	490	563
Mapk8_+_33447119.23-P1P2	Mapk8	1352	1812	1446	1049	592	1043	985	811	765	768	838	832	972	913	939
Atp5e_-_174464032.23-P1P2	Atp5e	1215	1441	1492	636	516	766	689	658	586	550	616	648	749	644	750
Dctn2_+_127266433.23-P1P2	Dctn2	848	922	620	494	333	406	424	485	391	371	421	479	379	473	489
Plp1_-_136822917.23-P1P2	Plp1	2547	2996	2790	1714	1019	1465	1555	1449	1244	1423	1465	1703	1693	1502	1810
Prnp_-_131909980.23-P1P2	Prnp	1859	2172	2120	1303	851	1113	1218	1093	992	1078	1170	1167	1333	1193	1306
Cfl1_-_5490536.23-P1P2	Cfl1	1973	2261	2036	1348	811	1166	1332	1280	1050	1142	1129	1142	1288	1135	1366
Serpina3m_+_104387049.23-P1P2	Serpina3m	1331	1469	1603	787	560	778	774	670	690	710	695	786	716	744	889
Dpysl2_-_66868575.23-P1P2	Dpysl2	996	1117	1139	620	334	569	647	498	435	498	533	438	632	645	686
Wnt5b_-_119544252.23-P1P2	Wnt5b	1521	1853	1413	996	707	991	1007	843	757	776	791	881	967	958	1067
Cd40_+_165055700.23-P1P2	Cd40	1958	2425	2397	1348	848	1317	1235	1320	1098	1033	1099	1323	1194	1255	1500
Daxx_-_33909839.23-P1P2	Daxx	1378	1659	1437	920	635	912	895	807	722	864	790	827	841	820	1054
Cfdp1_-_111854313.23-P1P2	Cfdp1	746	1013	1291	553	351	591	575	481	410	409	453	533	426	503	573
Bcl2_-_106714248.23-P1P2	Bcl2	1806	2335	2389	1267	869	1239	1165	1080	882	1101	1194	1198	1426	1114	1273
Chmp1a_+_123212728.23-P1P2	Chmp1a	2944	3499	3695	2114	1441	1917	1944	1791	1404	1774	1764	1884	1971	1888	2166
Ampd2_-_108085326.23-P2	Ampd2_P2	1161	1548	1366	845	566	709	709	700	695	708	644	821	937	909	946
Glp1r_+_30902206.23-P1P2	Glp1r	1480	1753	1996	1056	643	1019	911	877	660	899	843	782	872	935	1043
Oxr1_-_41789546.23-ENSMUST00000090095.5,ENSMUST00000022918.7	Oxr1	1913	2455	2854	1445	963	1174	1474	1107	1056	1143	1095	1257	1320	1244	1361
Tbk1_+_121586744.23-P1P2	Tbk1	1272	1430	1414	799	485	642	729	692	737	680	658	771	754	710	937
Gpx6_+_21312279.23-P1P2	Gpx6	762	914	810	416	303	406	482	447	309	510	477	493	498	478	733
Ywhaq_+_21417519.23-P1P2	Ywhaq	1708	2101	1856	1120	833	971	1103	933	863	1043	880	1015	1039	1030	1208
Igfals_+_24878839.23-P1P2	Igfals	1470	1934	2069	1055	637	1013	949	895	916	800	858	887	988	947	1107
Nedd4_+_72662532.23-P1P2	Nedd4	1301	1579	1497	913	577	921	892	879	628	664	727	800	723	800	877
Adora1_-_134234825.23-P1P2	Adora1	1355	1637	1554	995	547	806	879	882	685	724	866	823	884	819	1073
Fgfr4_+_55153038.23-P1P2	Fgfr4	1248	1544	1674	803	567	928	737	783	641	770	686	820	824	681	834
Glul_+_153899998.23-P1P2	Glul	1672	1921	2437	1040	742	932	995	1003	793	892	989	1106	1071	1007	1080
Prnp_-_131909999.23-P1P2	Prnp	1506	1770	1601	1078	632	873	840	922	681	901	827	882	913	827	960
Vcam1_+_116129387.23-P1P2	Vcam1	919	1049	1119	538	343	632	663	577	535	576	575	654	664	651	746
Taf15_+_83473150.23-P1P2	Taf15	1864	2382	2245	1410	933	1225	1384	1260	1235	1107	1190	1276	1220	1099	1427
Ppargc1a_+_51553863.23-P1P2	Ppargc1a	1977	2455	2293	1445	944	1393	1254	1331	1308	1139	1305	1260	1396	1272	1393
Cox8b_-_140900327.23-P1P2	Cox8b	1250	1556	1649	924	598	795	928	768	669	747	894	832	754	758	903
Tmem119_+_113800329.23-P1P2	Tmem119	1750	2165	2211	1411	766	1144	1296	1134	911	992	1074	1130	1122	1105	1335
Ppp1r1b_-_98348717.23-P1P2	Ppp1r1b	1505	2088	1878	923	552	957	974	842	649	704	718	913	747	856	1004
Ccdc88a_+_29374114.23-P1P2	Ccdc88a	2184	2706	2383	1306	936	1476	1371	1411	1101	1228	1284	1434	1409	1327	1477
Tbce_+_14039561.23-P1P2	Tbce	1861	2316	1701	1340	810	1205	1251	1175	1062	987	910	1142	1149	1048	1291
Vdac3_+_22593567.23-P1P2	Vdac3	795	943	917	539	388	536	404	398	301	484	463	477	541	485	520
Fa2h_+_111393804.23-P1P2	Fa2h	1441	2061	1722	1113	713	850	1328	970	813	873	915	1029	861	976	1067
Slc12a1_-_125152617.23-P1P2	Slc12a1	1114	1274	1407	702	505	656	735	643	580	590	726	780	757	712	826
Cox7a2_-_79759789.23-P1P2	Cox7a2	1383	1576	1478	919	544	844	790	767	666	776	762	715	832	783	800
Vac14_-_110618651.23-P1P2	Vac14	1435	1840	1889	1072	649	1055	935	848	703	768	740	889	892	959	970
Psma4_+_54951034.23-P1P2	Psma4	1524	1908	1785	859	652	783	758	752	655	601	586	730	691	748	859
Uqcrc1_+_108936728.23-P1P2	Uqcrc1	1277	1445	1301	879	641	795	848	829	642	712	750	735	792	756	899
Slc8a3_-_81333157.23-P1P2	Slc8a3	1096	1370	1411	771	490	618	724	683	550	539	545	681	758	646	737
Epo_-_137533207.23-P1P2	Epo	2110	2828	2371	1667	1050	1502	1439	1319	1198	1145	1265	1386	1255	1302	1573
Gdap1_-_17145482.23-P1P2	Gdap1	1224	1480	1133	863	488	721	819	655	590	601	743	737	752	762	860
Epha8_+_136956786.23-P1P2	Epha8	1602	1747	1934	1168	698	1036	954	895	759	845	983	878	978	882	1084
Fis1_+_136953304.23-P2	Fis1_P2	1105	1447	1307	873	478	890	753	755	658	657	735	721	772	743	782
Dnah12_+_26771335.23-ENSMUST00000073309.4	Dnah12	937	1145	864	637	426	644	652	601	512	594	586	658	672	682	777
Il2_-_37125948.23-P1P2	Il2	2047	2581	2505	1473	1022	1351	1454	1358	1126	1264	1216	1303	1428	1350	1429
Gtf2h1_-_46796138.23-P1P2	Gtf2h1	1428	1881	1676	1108	672	1004	1014	744	607	765	818	779	798	797	797
Pink1_-_138326223.23-P1P2	Pink1	1665	2164	2213	1268	755	1115	1170	1029	931	918	1015	1095	1209	1174	1355
Wnt11_+_98835180.23-P1	Wnt11_P1	1849	2089	1942	1374	813	1203	1169	1073	860	993	1034	1059	1149	985	1237
Dnah3_-_120095306.23-P1P2	Dnah3	1541	1718	1492	1012	644	942	1015	865	710	916	839	857	871	800	980
non-targeting_01726	non-targeting	1627	1968	1383	1033	769	1049	1055	968	863	859	900	896	930	977	1112
Padi2_+_140906416.23-P1	Padi2_P1	1715	1965	2224	1231	710	1037	1047	1074	1089	965	922	904	1142	992	1100
Csf1_-_107760211.23-P1P2	Csf1	1742	2242	1979	1333	641	1134	1259	1144	1012	1003	1021	1048	1160	1100	1230
Tlr2_+_83841518.23-P1P2	Tlr2	1237	1480	1626	744	707	747	969	841	639	754	765	735	846	781	975
Txn2_+_77927881.23-P2	Txn2_P2	1430	1860	1962	1119	695	864	1058	847	754	842	922	896	981	916	1022
Maneal_+_124862186.23-P1P2	Maneal	1743	2082	2264	1189	784	1219	1077	1104	904	1009	1057	1030	1072	1142	1207
Lyst_+_13590432.23-P1P2	Lyst	1452	1858	2021	1105	672	907	1023	944	781	756	801	874	863	830	1089
H2-M1_-_36671865.23-P1P2	H2-M1	1408	1761	1710	1052	711	1027	922	857	852	830	861	927	923	943	1093
Dnah17_-_118129081.23-ENSMUST00000106308.3,ENSMUST00000084803.5	Dnah17	2243	2700	2360	1466	1032	1412	1631	1331	1177	1258	1324	1399	1520	1278	1560
Rasgrf1_-_89909938.23-P1P2	Rasgrf1	1367	1638	1368	944	671	848	837	829	818	875	770	858	929	734	1055
Chat_-_32465827.23-P2	Chat_P2	646	873	1081	488	307	459	453	496	319	325	378	444	450	406	502
Plxna4_+_32588178.23-P1P2	Plxna4	1198	1515	1366	849	541	761	806	666	537	778	691	626	773	745	884
Hspd1_+_55087838.23-P1P2	Hspd1	1610	1786	1517	1115	701	1034	958	946	699	797	833	903	925	934	1084
Psmd1_+_86064735.23-P1P2	Psmd1	1404	1756	1971	1001	579	796	938	768	617	776	796	939	793	798	966
Bace1_+_45838608.23-P1P2	Bace1	845	1022	1158	632	496	513	663	482	520	473	488	535	600	548	674
Pus1_-_110780534.23-P1P2	Pus1	1772	2043	2068	1168	838	1270	1015	946	810	928	914	887	1041	964	1118
Cacna1s_+_136052824.23-P1P2	Cacna1s	1127	1521	1704	820	490	774	813	732	702	647	669	764	654	723	833
Dlst_+_85110934.23-P1P2	Dlst	833	1132	1031	628	359	525	642	540	573	617	489	574	650	637	710
Pla2g5_-_138819106.23-P1P2	Pla2g5	943	1297	1057	722	401	514	503	630	498	511	541	588	608	543	741
Txnrd1_-_82859456.23-P1P2	Txnrd1	1513	1824	1931	1058	738	1039	1024	911	776	874	875	1042	1007	893	1109
Nr3c1_-_39490444.23-P1P2	Nr3c1	1838	2249	2084	1157	874	1130	1220	1177	869	1010	914	999	1117	1146	1143
Lrp5_+_3686518.23-P1P2	Lrp5	1484	1856	1486	957	671	833	933	832	892	912	915	862	990	935	1224
Elovl5_+_77917490.23-P1P2	Elovl5	1538	1690	1821	996	679	977	969	960	837	893	800	866	927	958	1010
S100a10_+_93555218.23-P1P2	S100a10	1440	1963	1854	1058	789	861	1019	814	760	787	921	878	945	938	991
Trap1_+_4077807.23-P1P2	Trap1	1078	1288	1478	784	604	621	772	594	552	570	600	629	723	723	863
Xrcc1_+_24547276.23-P1P2	Xrcc1	2047	2543	2285	1430	870	1142	1405	1286	1214	1119	1254	1141	1271	1181	1405
Nfkb1_+_135691446.23-P1P2	Nfkb1	958	1222	1499	763	511	586	742	627	509	592	538	674	639	616	809
Dbh_+_27165532.23-P1P2	Dbh	1426	1783	1737	980	650	907	855	909	648	737	825	847	921	849	1022
Ctsd_+_142387612.23-P1P2	Ctsd	1711	2191	2156	1186	884	985	1343	1098	898	846	876	1018	986	1030	1165
Ube3a_+_59228835.23-P1P2	Ube3a	1492	1743	1738	1081	558	740	874	948	806	776	778	885	872	821	882
Ralgps2_-_156939560.23-P1P2	Ralgps2	895	1090	1171	609	487	507	562	521	354	452	488	540	579	586	658
Pak3_-_143664367.23-P1	Pak3_P1	1397	1598	1553	918	618	806	927	911	743	712	746	803	1005	802	906
Atxn7_+_14012674.23-P1P2	Atxn7	2367	2840	3062	1681	987	1542	1511	1379	1192	1182	1284	1385	1569	1524	1517
Ptn_+_36810137.23-P1P2	Ptn	1233	1495	1006	762	587	668	677	765	695	615	745	639	833	785	856
Comt_+_18426347.23-P1P2	Comt	2104	2665	2400	1414	940	1365	1367	1279	1032	1207	1159	1158	1272	1206	1580
Lmnb2_-_80918171.23-P1P2	Lmnb2	1113	1509	1709	853	550	816	710	682	602	591	670	650	817	767	861
Dnah12_-_26771069.23-ENSMUST00000073309.4	Dnah12	1388	1723	1564	1013	560	837	1046	884	774	738	781	892	958	807	1001
Gch1_-_47189301.23-P1P2	Gch1	1514	1841	1488	1036	744	942	1013	965	917	867	895	840	921	896	1094
Hif1a_+_73908049.23-P1P2	Hif1a	1374	1828	1404	1028	627	1035	1007	833	889	745	757	772	891	874	998
Hap1_+_100356029.23-P1P2	Hap1	1678	1867	2033	1029	773	970	909	940	729	895	827	919	1056	954	1041
Psmc5_-_106256319.23-P1P2	Psmc5	620	794	901	402	255	404	425	377	348	262	295	446	414	378	424
Hspb8_-_116422804.23-P1P2	Hspb8	1095	1419	1241	812	457	717	853	625	594	646	619	650	701	632	765
Anxa11_-_25842250.23-P1P2	Anxa11	2361	2782	3043	1622	1112	1448	1406	1345	1258	1342	1424	1350	1634	1451	1726
Ndufb5_+_32737140.23-P1P2	Ndufb5	735	953	1126	616	422	502	525	558	406	506	509	527	509	523	595
Nbn_-_15958130.23-P1P2	Nbn	2085	2581	2913	1356	924	1226	1237	1203	1060	1132	1202	1156	1302	1328	1490
non-targeting_00810	non-targeting	1094	1351	1199	650	402	513	578	712	360	605	651	718	720	709	834
Slc17a6_-_51622118.23-P1P2	Slc17a6	1788	2155	2214	1218	791	1054	1143	911	931	927	1047	1054	1112	1052	1321
Ins2_+_142679617.23-P1	Ins2_P1	1303	1648	1443	981	632	752	931	644	634	770	726	777	807	794	923
Ppp5c_+_17027827.23-P1P2	Ppp5c	1373	1760	2090	846	684	769	913	802	720	809	786	952	935	877	969
Nhlrc1_-_47014827.23-P1P2	Nhlrc1	975	1285	1069	674	476	571	747	614	491	601	618	675	620	630	721
Ppp1r1b_-_98348738.23-P1P2	Ppp1r1b	1374	1679	1877	958	628	818	796	866	738	795	884	805	906	879	967
Mars2_+_55237276.23-P1P2	Mars2	743	937	1010	531	356	423	539	494	425	383	381	424	438	447	529
Klk6_-_43824562.23-P1P2	Klk6	1034	1278	1469	643	505	565	643	569	627	602	570	648	686	579	780
Mgst3_-_167393753.23-P1P2	Mgst3	1396	1648	1996	955	549	1012	988	878	722	780	801	781	923	781	988
Lmx1b_+_33640843.23-P1P2	Lmx1b	1623	2189	2062	1178	703	1077	968	1023	862	989	1002	982	1102	1031	1215
Gsn_+_35256437.23-P1	Gsn_P1	1690	1932	1977	1358	867	1082	1039	940	737	950	883	963	1011	1072	1132
Ttc19_-_62281510.23-P1P2	Ttc19	1419	1621	1477	874	536	836	946	800	655	761	775	810	839	759	1025
Sncg_-_34374624.23-P1P2	Sncg	1481	1901	1703	1017	728	926	1001	873	973	736	840	950	908	872	1027
Ndufb10_+_24724372.23-P1P2	Ndufb10	3497	4345	4291	2551	1700	2062	2325	2190	1699	1953	2049	1988	2318	2144	2578
Ndufa9_-_126849101.23-P1P2	Ndufa9	875	1122	1341	546	429	616	619	585	485	520	573	581	530	499	663
Optn_-_5063987.23-P1P2	Optn	895	1090	866	635	289	583	639	563	442	550	562	626	631	545	703
Gba_+_89202959.23-P1P2	Gba	1130	1388	1535	854	412	797	896	681	679	598	565	817	688	707	886
Hsf1_+_76477467.23-P1P2	Hsf1	1400	1673	1377	995	570	800	735	732	651	726	673	786	746	669	859
Btn1a1_-_23465839.23-P1P2	Btn1a1	1072	1422	1167	765	465	719	676	717	698	705	686	713	618	735	819
Ccl2_+_82035611.23-P1P2	Ccl2	1538	2075	1746	1096	770	972	1013	890	829	1009	928	1013	1093	1031	1163
Gjb1_-_101377345.23-P1P2	Gjb1	1826	2363	2284	1279	734	1106	1267	1067	1101	988	1054	1184	1268	1185	1383
Dnah7c_+_46609005.23-ENSMUST00000178395.1	Dnah7c	781	1008	1357	589	362	448	600	499	544	405	461	535	538	492	673
Clu_+_65968685.23-P1	Clu_P1	2999	3941	3570	2077	1374	1981	2055	1824	1652	1768	1923	1896	2096	1986	2166
Kat2b_+_53567061.23-P1P2	Kat2b	1789	2077	1991	1170	860	1023	1123	1051	763	972	1044	1101	1239	1091	1137
Hspa14_-_3512708.23-P1P2	Hspa14	1723	1932	2399	1187	802	970	1032	959	842	904	858	1027	1051	1027	1121
Cd200_+_45408862.23-P1P2	Cd200	1347	1802	1506	1071	533	803	914	940	743	920	768	758	846	852	952
Hcrt_-_100762871.23-P1P2	Hcrt	1406	1720	2037	994	601	823	939	910	728	724	893	884	874	977	1017
Igf1_+_87861379.23-P2	Igf1_P2	1335	1738	1868	984	634	998	872	762	902	751	908	923	848	770	1029
Il13_-_53634595.23-P1P2	Il13	1421	1918	1439	1166	698	984	1017	943	793	746	850	903	948	910	1133
Pklr_+_89136159.23-P1P2	Pklr	999	1100	1037	623	372	643	553	640	534	639	575	564	556	548	765
Pcna_-_132252774.23-P1P2	Pcna	1653	1968	2261	875	701	921	1003	886	713	791	811	886	860	925	1137
Agrn_+_156186172.23-P2	Agrn_P2	849	927	970	571	374	479	595	491	451	371	506	445	482	509	630
Tmem63c_-_87026560.23-P1P2	Tmem63c	724	887	791	499	306	346	534	411	313	479	438	574	567	489	591
Fzd4_-_89404391.23-P1P2	Fzd4	872	1127	1273	586	404	470	570	555	399	557	459	613	580	515	737
Emilin1_-_30913630.23-P1P2	Emilin1	1131	1356	1175	671	506	667	708	670	685	635	609	647	751	774	892
Apc_-_34247721.23-P2	Apc_P2	1045	1336	1361	758	411	711	744	724	639	513	618	681	664	727	775
Aco2_-_81872570.23-P1P2	Aco2	1322	1598	1606	810	568	786	918	774	672	699	826	864	823	784	894
Serpina3k_-_104338402.23-P1P2	Serpina3k	897	1114	1068	655	489	650	693	621	597	505	566	528	655	561	770
Atp2a1_+_126463068.23-P1P2	Atp2a1	2304	2770	2677	1734	992	1487	1394	1335	1115	1252	1404	1500	1479	1481	1776
Cox7a2_-_79759510.23-P1P2	Cox7a2	1189	1371	1227	792	559	718	799	625	636	714	767	624	769	639	812
Vac14_+_110618638.23-P1P2	Vac14	1861	2245	2351	1307	753	1271	1286	1084	887	913	940	994	1065	1223	1236
Atg7_+_114643159.23-P1P2	Atg7	2154	2648	2137	1573	899	1203	1368	1313	1250	1001	1120	1254	1209	1275	1282
Wipi2_-_142629591.23-P1P2	Wipi2	714	1027	714	508	366	461	549	452	297	402	476	456	456	434	529
Slc9a5_-_105348206.23-P1P2	Slc9a5	1285	1627	1321	862	588	713	839	764	613	688	728	776	773	810	915
Coq2_-_100674279.23-P1P2	Coq2	1710	2230	2006	1264	792	1051	1299	1105	1034	993	1088	1204	1165	1112	1381
Slc25a38_-_120110429.23-P1	Slc25a38_P1	1576	2001	1638	1206	715	1123	970	915	878	1000	872	969	1073	975	1056
Nhlrc1_-_47014821.23-P1P2	Nhlrc1	1615	2037	2106	1219	660	1031	1152	1030	944	823	961	1067	1079	1050	1054
Abcb1b_-_8798188.23-P1P2	Abcb1b	1165	1553	1518	783	520	806	833	695	674	685	659	779	792	690	992
Pde4a_+_21196785.23-P1	Pde4a_P1	1499	1802	1548	1087	681	1133	919	924	778	881	834	884	957	904	1064
Gpx8_-_113046368.23-P1P2	Gpx8	1463	1736	1899	885	669	962	957	809	695	703	767	896	1022	921	1141
Ndufs3_-_90904706.23-P1P2	Ndufs3	1946	2401	2214	1434	934	1370	1268	1230	920	1017	1062	1217	1204	1154	1479
Ndufa9_-_126849072.23-P1P2	Ndufa9	801	980	663	504	322	422	443	520	372	468	435	476	544	395	574
Acan_-_79053280.23-P1P2	Acan	1447	1943	1564	989	821	1041	998	879	808	817	884	851	925	958	994
Xk_-_9272981.23-P1P2	Xk	2075	2465	2441	1283	831	1334	1369	1270	1049	1116	1149	1231	1307	1192	1374
Vps13d_-_144974551.23-ENSMUST00000097796.2	Vps13d	801	1116	1244	555	382	527	566	605	416	490	422	603	580	503	691
Ptbp2_-_119783273.23-P1P2	Ptbp2	1737	2285	2756	1235	725	1218	1261	1125	846	900	986	1081	1016	1002	1179
Hip1_-_135545081.23-P1P2	Hip1	1216	1466	1336	961	499	712	776	682	595	734	661	696	734	762	893
Tmem175_-_108629905.23-P1P2	Tmem175	1612	2008	1828	1044	706	917	1073	921	794	900	919	952	1066	1004	1035
Cacna1c_+_118757922.23-ENSMUST00000112825.2	Cacna1c	1417	1814	1616	1035	638	934	1011	920	821	825	833	938	1058	903	1021
Calm4_-_3838144.23-ENSMUST00000042219.4	Calm4	1340	1605	1855	957	624	780	927	748	773	814	724	883	943	826	881
Csnk2a1_+_152226820.23-P1P2	Csnk2a1	1178	1390	1250	857	600	713	704	789	562	592	692	724	763	655	942
Aco2_+_81872537.23-P1P2	Aco2	2244	2476	2282	1675	974	1206	1430	1302	1159	1256	1329	1308	1457	1400	1638
Msh2_-_87672779.23-P1P2	Msh2	1585	2078	2128	1177	788	1181	1114	932	753	951	974	1043	1016	1107	1169
Ap4e1_-_127008765.23-P1P2	Ap4e1	1422	1787	1685	909	621	1061	900	878	648	922	853	833	862	833	912
Ulk2_+_61854995.23-P1P2	Ulk2	1840	2171	1621	1180	794	1154	1153	1026	999	1021	1019	1158	1033	1130	1241
Ndufa5_+_24527542.23-P1P2	Ndufa5	1847	2211	1860	1234	833	1230	1247	1108	1009	917	1048	1150	1114	1135	1285
Ndufb7_-_83566788.23-P1P2	Ndufb7	1609	2036	1461	1070	685	912	1011	958	983	829	913	993	946	1021	1064
Vdac1_-_52361164.23-P1P2	Vdac1	1919	2308	2577	1174	879	1086	1299	1075	934	1133	1194	1142	1351	1199	1410
Rest_-_77265551.23-P1P2	Rest	1575	1839	1825	794	585	765	788	788	624	1019	1006	1022	1019	992	1118
Kcne3_-_100178771.23-P1	Kcne3_P1	937	1123	945	722	487	626	578	622	523	558	621	630	633	626	675
Cdk6_+_3343927.23-P1P2	Cdk6	2414	2760	2495	1614	946	1388	1501	1543	1127	1296	1387	1358	1519	1510	1484
Tcerg1_-_42511542.23-P1P2	Tcerg1	1599	2038	2016	1025	731	900	1111	920	735	872	764	960	1004	1001	1097
Pank2_+_131262592.23-P1P2	Pank2	1309	1658	1614	1009	632	989	1155	786	761	753	804	927	829	900	1007
Cd200r3_+_44943927.23-P1P2	Cd200r3	1517	1764	1856	1003	710	1111	970	877	797	888	816	1044	1035	881	1101
Kitl_+_100015846.23-P1P2	Kitl	2180	2863	2893	1646	1196	1559	1526	1262	1331	1208	1273	1390	1544	1363	1633
Vps35_+_85299508.23-P1P2	Vps35	1993	2626	2156	1462	1071	1264	1096	1243	1023	1244	1153	1120	1272	1142	1406
Dnal1_-_84114381.23-P1P2	Dnal1	543	698	947	402	207	441	319	382	281	344	316	360	343	357	350
Tpo_-_30132595.23-P1P2	Tpo	2201	2597	2080	1423	946	1317	1585	1345	1197	1393	1222	1238	1323	1366	1525
Vps37a_+_40511906.23-P1P2	Vps37a	1697	2035	1719	1134	743	1054	1041	988	914	976	902	979	1037	949	1156
Serpina1a_-_103863619.23-P1P2	Serpina1a	1348	1654	1787	1040	688	1063	946	847	750	714	734	845	893	772	939
Exosc1_-_41933255.23-P1P2	Exosc1	1366	1695	1582	1007	780	799	1063	1002	684	771	800	882	868	939	1015
Atg2a_-_6241700.23-P1P2	Atg2a	1882	2113	1794	1178	961	1151	1282	1255	1014	1038	1126	1134	1360	1028	1507
Slc25a4_+_46210955.23-P1P2	Slc25a4	1580	1785	1522	1078	699	856	907	935	830	927	896	884	965	969	1141
Map2k1_+_64253577.23-P1P2	Map2k1	1760	2192	1829	1235	786	1172	1217	997	944	943	999	1029	1181	1130	1330
Myoc_+_162639403.23-P1P2	Myoc	1302	1608	1961	924	601	807	902	811	709	677	718	844	847	746	917
Gtf2h1_-_46796160.23-P1P2	Gtf2h1	1613	1938	1413	1082	652	824	985	956	660	739	692	958	837	877	936
Cln8_-_14888921.23-P1P2	Cln8	1201	1482	1175	657	470	778	673	706	517	798	657	726	782	754	753
Atxn3_-_101958142.23-P1P2	Atxn3	1921	2427	2159	1349	793	1138	1496	1168	974	1027	1146	1216	1231	1107	1196
Pvalb_-_78206340.23-P1	Pvalb_P1	979	1182	1288	772	432	660	720	619	649	564	470	660	630	649	679
Scn11a_+_119825277.23-P1P2	Scn11a	1167	1403	1195	812	460	696	756	735	499	608	541	694	774	759	901
Elavl3_+_22051950.23-P1P2	Elavl3	2424	2845	3059	1743	961	1468	1569	1391	1362	1278	1469	1391	1671	1345	1962
Padi2_-_140924342.23-P2	Padi2_P2	1104	1245	1022	671	518	666	655	646	546	539	659	710	751	727	871
Unc13a_-_71671704.23-P1P2	Unc13a	1211	1514	1572	779	560	757	751	744	641	715	757	808	805	754	845
Casp8_-_58795415.23-P1P2	Casp8	1114	1464	1425	735	414	657	814	671	569	519	712	717	687	704	784
Qprt_-_127121986.23-P1P2	Qprt	1918	2319	2503	1255	877	1178	1217	1123	961	1049	974	1206	1119	1134	1310
Wnt1_+_98789857.23-P1P2	Wnt1	1359	1636	1421	1101	575	872	919	840	639	771	745	773	923	760	909
Ubb_-_62551733.23-P1P2	Ubb	1415	1696	1437	835	413	663	835	686	434	508	453	676	480	652	724
Il15_+_82402974.23-P1P2	Il15	1759	2146	1914	1247	670	1171	1214	883	817	1117	1084	1152	1298	1088	1164
Ifng_+_118441029.23-P1P2	Ifng	1311	1760	1848	1027	609	891	949	869	798	802	821	950	995	900	847
Nanog_-_122707642.23-P1P2	Nanog	1029	1308	1475	759	389	759	716	576	557	622	544	486	692	573	695
Il13ra1_+_36112152.23-P1P2	Il13ra1	1327	1806	1829	1013	663	971	872	906	784	800	819	814	913	833	1004
Nqo1_-_107403170.23-P1P2	Nqo1	1008	1181	1285	673	413	590	675	667	488	521	632	615	596	570	686
Mtdh_+_34082893.23-P1P2	Mtdh	1062	1232	1258	649	410	729	698	670	540	556	614	647	663	655	703
Prph_+_99055177.23-P1P2	Prph	1570	1934	1322	1028	757	1139	939	999	759	812	891	960	1070	987	1035
Gria2_+_80802581.23-P1P2	Gria2	1312	1571	1355	914	535	694	897	832	805	789	764	855	822	791	957
Pon2_+_5298269.23-P1P2	Pon2	1653	1950	1697	1086	656	1084	1014	1025	721	901	834	927	936	1093	1169
Il13_-_53634683.23-P1P2	Il13	1709	2093	2254	1169	878	1080	1171	1034	810	1042	993	1114	1014	1121	1202
Ppid_-_79591422.23-P1P2	Ppid	1743	2025	2171	1123	842	972	1134	1028	896	905	923	1050	1063	959	1284
Eif2s2_+_154892838.23-P1P2	Eif2s2	937	1142	1083	672	387	588	679	531	553	511	587	594	575	584	569
Actr10_-_70937985.23-P1P2	Actr10	1500	1863	1557	1064	662	834	1081	904	913	814	927	928	991	873	1030
Npc1_-_12236340.23-P1P2	Npc1	1928	2217	1788	1370	944	1354	1305	1155	1052	1000	1057	1080	1159	1148	1269
Ubap1_-_41349094.23-P1P2	Ubap1	1460	1845	1471	589	424	590	604	625	422	548	451	670	535	607	713
Cox7a1_+_30184238.23-P1P2	Cox7a1	1816	2140	1967	1277	918	1083	1310	1159	913	1015	1038	1125	1180	1199	1286
Pank1_+_34877859.23-P1P2	Pank1	1067	1346	1175	809	530	664	674	714	538	592	604	689	715	699	741
Kcnc1_+_46396487.23-P1P2	Kcnc1	3174	3615	3582	1958	1297	2221	1942	1718	1560	1694	1733	1781	1892	1756	2078
Ager_-_34597859.23-P1P2	Ager	1749	2040	1930	1187	730	1003	1015	932	777	894	862	976	1168	937	1184
Wnt10b_-_98778508.23-P1P2	Wnt10b	1245	1301	951	800	537	537	796	728	636	637	629	660	610	660	766
Prickle1_+_93519498.23-P2	Prickle1_P2	1071	1385	1031	852	521	694	822	766	571	664	551	717	723	642	869
Cox7a2_+_79759634.23-P1P2	Cox7a2	1212	1580	1589	889	538	761	801	804	713	730	609	778	822	789	855
Gdap2_+_100162501.23-P1P2	Gdap2	1104	1236	1030	832	498	709	684	731	622	602	570	716	646	621	709
Pla2g1b_-_115466324.23-P1P2	Pla2g1b	769	998	850	483	344	561	572	522	434	404	461	428	502	473	626
Spast_+_74338737.23-P1P2	Spast	1527	1916	1913	1099	569	813	1027	881	723	784	931	954	971	1001	1134
Nt5c2_+_46962274.23-P1P2	Nt5c2	2084	2439	2137	1435	942	1171	1323	1260	954	1232	1155	1434	1258	1173	1471
Ndufb11_-_20617633.23-P1P2	Ndufb11	1922	2376	2421	1446	935	1291	1223	1132	892	1090	1149	1195	1322	1267	1425
Cdc27_-_104550098.23-P1P2	Cdc27	986	1280	1064	727	480	593	677	557	591	553	648	617	634	645	679
Ndufb4_+_37654127.23-P1P2	Ndufb4	1969	2491	2369	1413	774	1048	1293	1125	1107	972	1002	1135	1226	1138	1322
Lyst_-_13590493.23-P1P2	Lyst	1037	1310	1205	824	407	642	696	672	508	558	619	716	659	654	784
Axin1_-_26138698.23-P1P2	Axin1	1207	1453	1664	864	687	828	853	836	660	603	725	676	767	811	930
Sugp1_+_70043087.23-P1P2	Sugp1	1629	1931	1817	1143	675	910	1083	819	720	886	871	958	1054	980	1161
Synj1_+_91011001.23-P1P2	Synj1	2129	2330	1916	1361	884	1143	1118	1274	970	1148	1097	1203	1339	1179	1351
Fgf2_+_37348382.23-ENSMUST00000138563.2	Fgf2	1162	1575	1320	817	583	802	768	645	632	732	751	692	819	780	923
Mthfr_-_148039219.23-P1	Mthfr_P1	1979	2324	2213	1273	819	1288	1250	1094	1028	1097	1199	1260	1280	1175	1575
Casp7_+_56397286.23-P1P2	Casp7	1361	1701	1388	1023	666	797	951	995	701	678	796	893	807	820	917
Nalcn_-_123627015.23-P1P2	Nalcn	1655	2443	2312	1377	930	1246	1220	1244	977	1224	1316	1286	1276	1177	1422
Chchd2_-_129887426.23-P1P2	Chchd2	2664	3327	3039	2006	1180	1624	1831	1783	1662	1449	1444	1643	1660	1656	1833
Cnr1_-_33924687.23-P1P2	Cnr1	1602	1849	1617	1123	755	921	905	934	876	777	848	890	929	864	1067
Elovl4_-_83806064.23-P1P2	Elovl4	1449	1702	1594	1032	571	803	951	821	748	671	852	747	963	901	980
Prickle2_-_92706209.23-P1	Prickle2_P1	1348	1607	1555	806	551	814	789	817	675	697	700	767	806	698	820
non-targeting_01766	non-targeting	2143	3005	2487	1572	988	1549	1673	1210	1253	1300	1322	1256	1513	1384	1664
Mecp2_-_74085366.23-P1P2	Mecp2	642	794	572	490	383	385	471	353	354	358	396	359	333	383	494
Rbfox3_+_118909491.23-P1P2	Rbfox3	1028	1396	1368	603	393	707	653	669	469	554	562	557	627	676	748
Ung_-_114131245.23-P1P2	Ung	1785	2171	2141	1291	818	1366	1255	1081	848	1063	1116	1111	1272	1161	1286
Hip1_+_135544873.23-P1P2	Hip1	3305	4163	4827	2154	1422	1917	2247	2125	1760	2177	2151	2144	2356	2111	2532
Psmd1_+_86064692.23-P1P2	Psmd1	1434	1737	1600	1137	598	794	869	852	792	734	766	778	816	756	918
Sirt3_+_140881751.23-P1P2	Sirt3	2235	2664	2702	1636	920	1487	1545	1435	1299	1255	1272	1259	1510	1357	1661
Slc2a1_-_119108871.23-P1P2	Slc2a1	2014	2611	2624	1442	856	1321	1425	1304	1131	1117	1096	1159	1436	1170	1508
Nop56_-_130274696.23-P1P2	Nop56	742	828	879	467	266	562	485	478	498	399	381	350	365	386	407
Pax6_+_105669139.23-P1	Pax6_P1	1714	2148	2186	1246	710	1223	1069	1055	859	976	1125	1110	1168	1172	1420
Padi4_+_140774164.23-P1	Padi4_P1	1281	1618	1482	927	576	657	827	734	701	669	704	793	797	726	878
Tuba3b_-_145616054.23-P1P2	Tuba3b	2329	2931	2507	1620	1156	1400	1577	1444	1299	1275	1309	1273	1571	1359	1618
Timm8a1_-_134541842.23-P1P2	Timm8a1	1505	1849	1764	992	727	914	989	991	788	839	898	816	978	930	1097
Ly6e_+_74955731.23-P1P2	Ly6e	492	682	748	363	187	315	371	354	269	260	325	328	339	350	341
Trpv4_+_114658390.23-P1P2	Trpv4	1608	1981	2240	968	778	1047	1036	1011	1024	983	1063	1205	1198	1022	1336
Tmem240_-_155734879.23-P1P2	Tmem240	1028	1247	1343	608	402	498	500	526	327	419	394	538	451	505	486
Lgi1_+_38264806.23-P1P2	Lgi1	2364	2866	2914	1740	937	1538	1670	1627	1142	1125	1413	1492	1505	1394	1653
Nras_-_103058352.23-P1P2	Nras	1608	2085	1660	1188	837	1053	905	939	780	1011	1094	1014	1032	992	1275
Nanog_-_122707612.23-P1P2	Nanog	1670	1962	1586	890	680	856	968	948	786	831	872	925	1002	907	1141
Notch3_+_32166883.23-P1P2	Notch3	1447	1939	1731	943	646	870	1013	861	816	861	848	815	988	1045	966
Tomm20_-_126945584.23-P1P2	Tomm20	1677	1906	1867	1204	679	987	1054	1093	815	856	834	1069	868	909	1036
Psmd12_-_107479733.23-P1P2	Psmd12	1952	2330	1888	1407	786	1297	1203	1231	910	1013	1040	1047	1073	1118	1338
Chmp1a_-_123212754.23-P1P2	Chmp1a	3384	4248	3513	2403	1511	1956	2053	1991	1810	1861	1951	2063	1973	2031	2395
Cd40lg_-_57212310.23-P1P2	Cd40lg	908	1079	1347	550	403	523	647	566	467	448	544	587	576	530	601
Lrriq3_-_155093557.23-P1P2	Lrriq3	1391	1719	1281	991	640	750	836	818	650	876	862	910	858	855	1113
Cxcr4_+_128592255.23-P1P2	Cxcr4	1533	2006	1908	1176	800	909	998	1000	920	859	894	966	1086	951	1073
Adcyap1_+_93199201.23-P1P2	Adcyap1	2372	2886	2328	1499	1066	1464	1454	1487	1289	1396	1337	1471	1418	1426	1633
Glb1_-_114401183.23-P1P2	Glb1	1123	1373	1225	669	515	733	721	645	564	599	553	697	649	605	763
Psmd13_+_140882414.23-P1P2	Psmd13	1308	1565	1850	870	590	842	877	773	618	701	597	741	590	744	821
Actr1a_+_46395693.23-P1P2	Actr1a	1928	2508	1889	1381	827	1239	1239	1238	937	1085	1052	1277	1193	1138	1323
Tbce_+_14039547.23-P1P2	Tbce	943	1089	871	594	478	537	461	511	400	424	370	488	493	483	522
Idua_-_108669300.23-P1P2	Idua	1827	2203	2054	1233	737	1089	1065	945	943	1056	1115	1199	1202	1012	1352
Zfyve26_+_79296071.23-P1P2	Zfyve26	1655	2111	1828	1269	753	1092	1165	939	972	830	868	1010	942	916	1103
Ang2_+_51195879.23-ENSMUST00000051274.1	Ang2	2709	3270	3409	1855	1266	1567	1774	1781	1555	1560	1612	1692	1635	1633	1855
non-targeting_01168	non-targeting	1716	2086	2006	1135	872	1066	1092	1016	898	986	1027	1122	1119	1012	1258
Ryr2_-_12106598.23-P1P2	Ryr2	941	1206	1163	714	469	487	709	638	472	470	627	570	620	616	657
Smpd1_+_105554507.23-P1P2	Smpd1	1122	1369	1332	827	538	660	552	721	599	625	657	647	687	675	865
Dnah3_-_120095293.23-P1P2	Dnah3	2120	2344	2446	1455	1003	1380	1226	1317	1006	1147	1275	1274	1356	1282	1408
Tuba3b_-_145616065.23-P1P2	Tuba3b	1513	1972	2029	1103	890	1018	922	894	761	842	854	1060	920	961	1007
Wnt2_-_18030125.23-P1P2	Wnt2	1110	1385	1252	810	377	602	756	687	617	638	695	736	709	744	890
Morc2b_+_33139604.23-P1P2	Morc2b	713	973	998	507	281	466	456	382	447	387	409	491	415	443	500
Nox4_-_87246883.23-P1P2	Nox4	1213	1483	1264	907	560	843	914	800	631	697	684	665	777	713	852
Trrap_-_144768261.23-P1P2	Trrap	1568	1953	1544	1005	713	977	999	942	945	832	864	987	1006	936	1093
Npc2_-_84772871.23-P1P2	Npc2	1234	1421	1258	959	483	783	765	838	738	568	604	619	579	642	674
Rab10_-_3309900.23-P1P2	Rab10	1471	1837	1513	1022	628	1008	1004	856	753	792	815	852	853	835	1063
Syt1_+_109010847.23-P1P2	Syt1	1994	2263	2422	1327	702	1012	1355	1076	993	1031	1085	1152	1197	1081	1397
Ndufa10_-_92473771.23-P1P2	Ndufa10	3550	4482	3809	2411	1547	2308	2111	2076	1928	1961	2081	2296	2316	2174	2562
Taf15_+_83473131.23-P1P2	Taf15	1429	1788	1225	916	622	808	875	818	607	726	800	851	854	824	985
Ube2j1_+_33031580.23-P1P2	Ube2j1	1489	1806	1400	1024	632	863	1043	802	859	754	855	858	898	904	1009
Pus1_+_110780392.23-P1P2	Pus1	1171	1380	1614	739	407	715	671	631	455	640	695	745	729	820	956
Smcr8_+_60777611.23-P1P2	Smcr8	1439	1845	1715	1039	701	974	1071	841	881	779	887	973	931	880	1057
Cst3_-_148875423.23-P1P2	Cst3	557	772	817	365	256	284	379	347	274	314	340	366	370	327	465
non-targeting_03259	non-targeting	1759	2109	1577	1185	867	1099	1238	1103	842	926	1030	1058	1116	1029	1301
Gpnmb_-_49036675.23-P1P2	Gpnmb	1446	1982	2067	1077	748	950	963	1006	861	839	982	998	945	981	1162
Il13ra1_+_36112176.23-P1P2	Il13ra1	1084	1314	1081	633	426	570	619	585	476	617	554	565	746	691	784
non-targeting_02224	non-targeting	1873	2285	2615	1468	831	1099	1188	1050	1067	1030	1119	1079	1265	1116	1427
Bean1_+_104170576.23-P1P2	Bean1	1575	1844	1717	988	593	879	880	863	805	840	809	915	1078	933	933
Sox3_-_60893377.23-P1P2	Sox3	1558	1795	2033	1052	573	1051	943	832	759	783	795	895	892	954	1174
Sh3tc2_+_61953056.23-P1P2	Sh3tc2	1114	1213	1148	698	465	640	756	671	653	625	555	672	736	626	747
Chchd10_-_75935920.23-P1P2	Chchd10	1396	1756	1821	1051	558	1057	1031	792	817	836	850	859	1069	1049	951
Ndufv2_+_66101487.23-P1P2	Ndufv2	1497	1860	1917	986	625	991	960	1004	782	780	872	929	960	876	1030
Nbr1_-_101552944.23-P1P2	Nbr1	1661	2129	2032	1145	780	999	1120	998	772	885	852	978	1057	999	1101
Csnk2b_-_35121231.23-P1P2	Csnk2b	810	1106	774	589	495	598	506	552	390	495	460	620	660	578	624
Nbr1_+_101552859.23-P1P2	Nbr1	1617	2056	2212	1134	762	1089	1075	1030	893	966	1002	1052	1029	947	1216
Cox7a1_-_30184222.23-P1P2	Cox7a1	1512	1906	1248	989	539	855	964	938	787	735	875	913	892	940	1004
Gstm2_+_107986418.23-P1P2	Gstm2	2035	2641	2723	1565	928	1167	1429	1230	1150	1190	1122	1257	1489	1373	1633
Arih1_+_59486648.23-P1P2	Arih1	1511	1951	1794	1090	683	981	958	943	721	721	891	810	1009	969	1145
Kif5b_+_6241487.23-P1P2	Kif5b	1644	2115	1728	1183	817	1153	1138	989	872	960	1035	1005	1078	939	1290
Sptlc3_+_139494107.23-P1P2	Sptlc3	1303	1522	1413	937	614	871	980	881	820	740	743	852	830	721	988
Ndufa3_-_3617422.23-P1P2	Ndufa3	1697	1974	2129	1144	839	1062	876	1015	820	775	983	966	997	1102	1171
Ralgps2_+_156939581.23-P1P2	Ralgps2	1695	2084	1771	1159	710	1124	1234	967	957	899	1025	981	1123	991	1125
Egf_+_129755229.23-P1P2	Egf	1288	1802	1579	934	617	859	905	873	690	651	839	873	822	826	871
Pfn1_+_70654615.23-P1P2	Pfn1	2158	2691	2116	1596	795	1312	1469	1330	954	1142	1268	1240	1436	1316	1379
Itm2b_+_73368385.23-P2	Itm2b_P2	2227	2626	2758	1532	1046	1295	1241	1242	1044	1209	1195	1304	1353	1384	1586
Apoa1_-_46228736.23-P1P2	Apoa1	1152	1377	1337	759	492	667	746	638	559	607	603	671	683	657	781
Pon1_-_5193750.23-P1P2	Pon1	1552	2185	2061	1222	754	1160	1144	827	959	1099	1048	1132	985	1138	1285
Alb_+_90460901.23-P1P2	Alb	1547	1866	1848	1128	611	927	1133	995	763	942	941	911	1063	930	1115
Ndufs1_-_63176673.23-P1P2	Ndufs1	955	1188	1138	765	436	537	576	590	612	536	499	606	581	607	654
Gstm3_+_107969093.23-P1P2	Gstm3	1028	1351	1064	772	463	666	729	753	565	506	614	699	644	654	794
Vamp1_+_125231267.23-P2	Vamp1_P2	853	1058	856	568	387	455	542	554	475	351	556	501	579	530	557
Atm_-_53536704.23-P1P2	Atm	1360	1694	1615	954	605	881	928	802	614	783	778	820	775	847	899
Nars2_+_96951611.23-P1P2	Nars2	1370	1638	1488	1030	600	824	932	812	873	696	820	903	766	810	971
Ttpa_-_20008433.23-P1P2	Ttpa	1935	2456	2148	1448	803	1156	1259	1247	1061	1112	1093	1195	1222	1225	1390
Ndufa12_-_94199240.23-P1P2	Ndufa12	2535	3076	2344	1664	1040	1496	1596	1427	1177	1219	1469	1481	1449	1395	1656
Ndufb3_+_58586801.23-P1P2	Ndufb3	1303	1583	1855	955	520	835	925	848	702	597	599	754	697	742	833
Xpnpep1_+_53038565.23-P1P2	Xpnpep1	1927	2543	2276	1411	882	1225	1326	1261	1036	1154	1214	1243	1239	1266	1459
Apod_+_31314576.23-P1P2	Apod	1405	1743	1447	1068	618	801	871	892	818	794	858	850	815	898	1099
Cd55_+_130462719.23-P1P2	Cd55	921	1133	861	642	430	732	673	547	533	526	443	545	533	537	658
Ang6_-_44002249.23-ENSMUST00000096869.2	Ang6	992	1327	1600	818	458	686	866	693	614	570	617	664	664	681	873
Aga_-_53511807.23-P1P2	Aga	1022	1233	1024	608	487	634	593	674	576	565	690	642	678	626	666
Csf1r_+_61105913.23-P1P2	Csf1r	1414	1875	1335	1017	793	911	828	893	844	826	835	793	992	868	978
Mthfr_+_148041442.23-P2	Mthfr_P2	1491	1675	1935	1078	709	1053	1002	913	627	742	958	935	995	841	951
Ndufs3_-_90904716.23-P1P2	Ndufs3	1992	2434	2502	1560	919	1443	1388	1189	1077	1080	1281	1266	1181	1272	1533
Atp13a2_-_140986910.23-P1P2	Atp13a2	1742	2325	1978	1204	777	1134	1198	1089	1040	981	1027	1099	1122	1143	1250
Capn1_-_6015186.23-P1P2	Capn1	1464	1831	2006	1039	674	927	933	999	782	813	865	938	962	894	1106
Gpx8_-_113046354.23-P1P2	Gpx8	828	1039	1144	577	392	467	510	473	467	474	515	528	528	573	579
Becn1_+_101302209.23-P1P2	Becn1	1425	1721	1864	981	520	661	825	878	785	632	532	752	725	746	867
Psmd3_-_98682614.23-P1P2	Psmd3	1588	2104	1443	1046	755	725	1023	991	706	864	844	808	984	863	1022
Chat_+_32460845.23-P1	Chat_P1	1056	1287	1289	822	554	622	549	654	584	603	602	564	608	624	735
Letm1_-_33782713.23-P1P2	Letm1	1509	1892	2040	1165	768	905	1184	968	853	804	852	973	924	803	1108
Cox6a1_-_115348888.23-P1P2	Cox6a1	1341	1702	1540	1007	640	806	789	837	881	798	851	810	888	858	947
Cln6_-_62838855.23-P1P2	Cln6	1795	2159	2045	1328	805	1030	1196	1133	985	956	901	1041	1080	1020	1310
Rbpj_+_53591147.23-P1P2	Rbpj	1313	1772	1326	1103	674	1003	924	785	740	755	869	790	806	889	923
Msra_-_64440847.23-P1P2	Msra	2857	3453	3314	2069	1154	1802	1922	1878	1477	1651	1533	1794	2024	1635	2116
Ndufv1_+_4012655.23-P1P2	Ndufv1	1861	2293	1947	1418	764	1218	1157	1076	859	973	1001	1175	1215	1178	1254
Uba1_+_20662928.23-P1	Uba1_P1	1812	2358	1746	1284	940	1018	1365	1123	954	999	1077	1178	1215	1136	1310
Tor1a_+_30967668.23-P1P2	Tor1a	1698	2405	2630	1522	966	1092	1231	1090	959	1017	1018	1216	1181	1258	1285
Grm2_-_106656014.23-P1P2	Grm2	2528	2985	2816	1719	1192	1671	1608	1496	1197	1489	1296	1487	1660	1572	1754
Emilin1_-_30913503.23-P1P2	Emilin1	1322	1706	1519	888	645	838	828	868	594	763	830	922	830	932	835
Actr1a_-_46395501.23-P1P2	Actr1a	2263	2814	2883	1520	1004	1436	1498	1276	1155	1266	1253	1382	1240	1316	1618
Psmd8_-_29180602.23-P1P2	Psmd8	1584	1939	1790	994	637	1106	1015	897	814	787	825	927	887	882	1140
Ube2v1_+_167632003.23-P1P2	Ube2v1	988	1341	1236	815	476	700	658	609	525	558	615	670	724	694	773
Tmem119_-_113800358.23-P1P2	Tmem119	1266	1646	1388	830	539	789	821	878	952	656	692	755	882	772	975
Arl6ip1_+_118129375.23-P1P2	Arl6ip1	1397	1692	1583	896	692	835	1140	924	659	844	853	834	751	790	929
Ndufv3_+_31520227.23-P1P2	Ndufv3	1157	1558	1520	883	624	746	816	725	561	638	698	754	740	712	835
Slc9a5_-_105348290.23-P1P2	Slc9a5	1995	2487	3034	1551	871	1291	1545	1243	1211	1123	1263	1397	1348	1258	1484
Lmnb2_-_80918194.23-P1P2	Lmnb2	1096	1336	1395	748	559	695	660	620	522	617	642	679	699	605	847
Hprt_+_52988171.23-P1P2	Hprt	725	871	803	482	252	361	415	431	342	375	361	486	437	392	576
Gstm1_-_108017869.23-P1P2	Gstm1	1837	2181	2401	1275	955	1214	1171	1095	907	1048	1118	941	1181	1163	1296
Ewsr1_+_5099007.23-P1P2	Ewsr1	728	912	591	539	326	402	444	425	466	421	440	417	468	437	416
Snx14_+_88438897.23-P1P2	Snx14	1800	2285	2161	1310	837	1176	1245	1112	959	1121	1078	1030	1143	1233	1272
non-targeting_01065	non-targeting	986	1215	1053	713	391	571	657	602	527	556	591	588	661	604	713
Dnah7a_-_53706787.23-P1P2	Dnah7a	994	1236	915	566	464	607	630	549	475	482	572	654	523	540	755
Cd55_+_130462657.23-P1P2	Cd55	1486	1781	1249	1006	682	911	879	766	718	687	824	842	862	856	1016
Cyp2d12_-_82555087.23-P1P2	Cyp2d12	1797	2128	1976	1253	706	1130	1236	986	957	1008	1060	1116	1083	1164	1271
Gosr2_-_103697651.23-P1P2	Gosr2	2213	2652	3135	1599	1131	1366	1539	1401	1269	1242	1323	1233	1416	1294	1630
Fadd_-_144582390.23-P1P2	Fadd	1430	1783	1845	1022	624	802	956	911	813	798	833	859	882	930	1045
Bax_-_45466764.23-P1P2	Bax	1325	1682	1655	926	668	824	896	857	925	779	824	801	915	766	1034
Wnt3a_+_59290711.23-P1P2	Wnt3a	2367	2823	3176	1704	1105	1618	1523	1279	1180	1446	1319	1451	1451	1385	1690
Gcg_-_62483614.23-P1P2	Gcg	2061	2556	2380	1468	954	1286	1400	1240	1154	1139	1004	1229	1328	1124	1557
Psma5_+_108257041.23-P1P2	Psma5	1024	1322	1247	723	503	759	581	709	526	567	615	657	707	658	786
Nxnl1_+_71566575.23-P1P2	Nxnl1	1041	1228	1330	883	467	571	657	643	605	569	706	641	684	581	768
Hdac2_+_36974570.23-P1P2	Hdac2	729	859	578	515	273	448	473	419	363	365	393	439	408	395	522
Sptbn2_+_4711239.23-P1P2	Sptbn2	2042	2597	2693	1568	954	1296	1344	1252	1141	1260	1217	1273	1451	1229	1517
Atp5b_+_128083363.23-P1P2	Atp5b	1736	2097	2039	1243	815	1089	1177	1014	1046	1011	981	1241	1099	1029	1337
Pank1_+_34877834.23-P1P2	Pank1	770	1014	1024	568	476	554	582	681	461	410	426	570	447	409	654
Kat2a_-_100712425.23-P1P2	Kat2a	1840	2241	2048	1389	725	1096	1361	1106	883	1140	1032	1214	1288	1279	1360
Esr1_+_4710215.23-P1P2	Esr1	1612	1983	2287	986	726	886	843	879	709	942	903	938	1025	1004	1139
Fus_-_127967500.23-P1P2	Fus	1390	1795	1843	997	653	835	924	875	766	638	762	765	852	815	953
Wnt7b_+_85581817.23-P1	Wnt7b_P1	1498	1893	1563	1056	571	787	1040	927	778	749	828	886	928	784	1225
Dnah14_-_181741482.23-ENSMUST00000160345.1	Dnah14	1573	1959	1332	1207	692	991	1043	909	834	920	989	1031	961	962	1166
Fadd_-_144582383.23-P1P2	Fadd	1648	2065	1834	1118	737	1195	1048	1006	854	887	782	993	1071	1002	1180
Chrm5_+_112480760.23-ENSMUST00000099589.2	Chrm5	1536	1732	1579	1182	779	1015	1087	849	812	851	817	941	993	875	1159
Clp1_+_84727223.23-P1P2	Clp1	1616	1986	1707	1137	784	944	1006	858	715	871	915	961	907	848	1074
Dnah1_+_31323895.23-ENSMUST00000048603.7	Dnah1	1913	2400	3052	1497	945	1226	1284	1170	1016	1220	1123	1219	1278	1259	1466
Tgm2_+_158146296.23-P1P2	Tgm2	1069	1456	1232	752	543	717	717	714	655	620	643	653	740	692	769
Matr3_+_35562280.23-P1P2	Matr3	1661	1844	1756	1174	684	812	1086	1074	950	841	825	869	893	883	1085
Ap4s1_+_51691067.23-P1P2	Ap4s1	1812	2204	1953	1186	882	1064	1151	1069	999	901	1161	1082	1128	1066	1200
Pmp22_+_63133161.23-P2	Pmp22_P2	968	1011	905	573	277	603	493	481	369	543	560	500	511	565	629
Brca2_+_150522669.23-P1P2	Brca2	2108	2621	2522	1397	979	1287	1470	1382	916	1198	1159	1324	1427	1214	1431
Atp5o_-_91931535.23-P1P2	Atp5o	1343	1556	1737	771	536	841	825	738	610	782	710	791	804	815	966
Mfsd8_-_40846817.23-P1P2	Mfsd8	1044	1281	867	759	560	721	687	622	577	495	579	665	646	614	680
Nrbf2_+_67285281.23-P1P2	Nrbf2	1977	2468	2489	1473	910	1309	1316	1302	1132	1186	1213	1255	1307	1325	1481
Kidins220_+_24974951.23-P1P2	Kidins220	1479	1835	1840	950	693	781	964	898	850	839	907	980	1029	871	1176
Cox7a1_-_30184203.23-P1P2	Cox7a1	1958	2324	2069	1181	822	998	1212	1208	967	1067	1048	1211	1343	1173	1532
Stub1_+_25832942.23-P1P2	Stub1	1185	1512	1488	854	501	780	819	785	857	638	661	786	868	738	830
Gjb1_+_101377336.23-P1P2	Gjb1	1693	2090	1429	1069	710	1151	1144	938	855	931	950	1027	1002	1053	1133
Uqcrh_+_116074989.23-P1P2	Uqcrh	1329	1556	1552	818	632	808	750	845	695	634	813	722	795	754	924
Uchl1_+_66676281.23-P1P2	Uchl1	2001	2501	2915	1362	916	1246	1283	1277	1061	1151	1011	1254	1252	1211	1373
Pdxk_-_78464881.23-P1P2	Pdxk	1388	1675	1238	864	634	926	916	793	701	696	661	762	694	769	783
Renbp_-_73930770.23-P1P2	Renbp	911	1123	1311	632	439	636	615	588	480	508	501	623	583	540	644
Fbxo38_-_62548642.23-P1P2	Fbxo38	1369	1680	1739	910	567	920	892	766	645	703	879	880	1006	885	1024
Map2k2_+_81106003.23-P1P2	Map2k2	1626	1846	2162	1069	768	969	929	956	796	879	877	907	1011	873	1050
Sptlc2_-_87388218.23-P1P2	Sptlc2	787	1004	1087	531	295	537	522	459	502	434	442	529	478	519	524
non-targeting_02496	non-targeting	1388	1816	1433	1010	540	849	865	882	730	824	903	800	814	822	994
Nqo1_-_107402825.23-P1P2	Nqo1	1714	2109	2407	1202	803	1046	1203	1003	923	1046	1113	931	1242	1063	1282
Park7_-_150909774.23-P1	Park7_P1	1637	1964	1768	1120	807	1038	1072	975	927	886	989	1050	1126	1039	1254
Oxr1_+_41447700.23-ENSMUST00000110297.2,ENSMUST00000090096.4	Oxr1	1528	1990	1798	1096	752	1012	952	840	900	933	804	1031	1018	1031	1016
Mfge8_-_79148874.23-P1P2	Mfge8	1168	1482	1418	881	530	833	751	839	571	698	712	741	891	773	975
non-targeting_02612	non-targeting	1153	1346	1736	917	438	791	871	720	683	614	647	725	753	690	836
Tpp2_+_43934062.23-P1P2	Tpp2	1930	2462	2361	1277	920	1112	1237	1188	1107	1246	1220	1185	1394	1185	1402
Tuba4a_-_75218965.23-P1P2	Tuba4a	1069	1275	1252	740	498	753	755	642	604	707	657	758	863	785	930
Mnat1_-_73123802.23-P1P2	Mnat1	2942	3364	3282	1953	1271	1765	1837	1646	1502	1570	1693	1723	1750	1638	2067
Pten_+_32757643.23-P1P2	Pten	1214	1602	1405	1005	618	788	927	794	704	569	689	797	815	821	947
Pomc_-_3954965.23-P1P2	Pomc	1858	2175	2190	1297	852	1162	1096	1139	1060	1106	1096	1150	1168	1149	1109
Scn8a_+_100870978.23-P1P2	Scn8a	1503	1609	1648	1089	660	891	983	917	831	807	779	801	860	851	1073
Pno1_-_17211543.23-P1P2	Pno1	1674	1939	2176	1027	759	987	1032	1105	857	950	902	1035	1064	935	1133
Csf1r_+_61105905.23-P1P2	Csf1r	1900	2453	2527	1445	907	1173	1274	1163	1066	1178	1148	1203	1193	1170	1429
Lingo1_-_56635481.23-P1P2	Lingo1	2174	2658	2295	1488	1040	1261	1420	1284	1176	1222	1253	1376	1470	1315	1581
Padi4_+_140750530.23-P2	Padi4_P2	1196	1572	1148	797	608	636	741	700	517	483	529	719	527	612	813
Aars2_-_45506891.23-P1P2	Aars2	1225	1369	1297	742	612	714	750	809	528	536	491	691	539	596	662
Cyc1_-_76343539.23-P1P2	Cyc1	1119	1337	1403	797	490	683	814	666	666	587	696	685	782	703	813
Upk3b_-_136038740.23-P1P2	Upk3b	1967	2637	2393	1358	944	1566	1371	1048	1091	1222	1186	1393	1215	1227	1394
Plekhg5_+_152086923.23-P1P2	Plekhg5	1204	1525	1135	859	525	781	812	834	601	674	690	658	712	700	890
Taf1_+_101532753.23-P1P2	Taf1	1483	1761	1792	926	650	955	769	765	574	597	722	802	683	721	876
Traf2_+_25546852.23-P1P2	Traf2	1556	1952	1942	927	686	936	1050	857	929	926	906	1012	953	1015	1087
Ocln_-_100552581.23-P1P2	Ocln	952	1232	941	699	422	612	696	613	500	587	568	639	685	584	776
Rab10_+_3309924.23-P1P2	Rab10	1802	2081	2143	1141	798	1036	1249	1080	912	936	984	1052	964	933	1124
Bcl6_+_23988590.23-P1P2	Bcl6	1566	1701	1851	1071	620	910	1055	1025	787	865	792	1002	1088	952	1026
Fth1_+_9982760.23-P1P2	Fth1	1487	1858	2100	1146	624	998	1094	909	758	917	895	985	1021	1007	987
Tppp_-_74009484.23-P1P2	Tppp	1705	2454	2152	1422	834	1082	1244	1012	1110	1095	1094	1283	1233	1113	1504
Pnp_+_50944535.23-P1P2	Pnp	1555	2034	1658	1070	737	1027	1112	916	828	882	930	956	894	874	1135
Pmpcb_+_21737187.23-P1P2	Pmpcb	1473	1751	1636	826	642	805	826	731	614	637	589	720	675	692	866
Gjc2_+_59182735.23-P1P2	Gjc2	1459	1721	1632	990	614	1021	1062	883	845	884	831	891	991	796	1061
Nop56_-_130274476.23-P1P2	Nop56	974	1299	1672	708	500	628	697	662	557	513	530	667	557	636	732
Rtn2_+_19291144.23-P1	Rtn2_P1	1633	1994	1937	1080	693	1019	1155	831	819	761	861	986	988	978	1124
Fzd1_+_4757964.23-P1P2	Fzd1	1217	1427	1814	743	549	788	746	662	621	618	721	675	688	725	756
Pax6_+_105682731.23-P2	Pax6_P2	1707	2189	1801	1183	835	1036	1312	1067	930	945	1004	1114	980	1131	1263
Sptlc1_-_53377282.23-P1P2	Sptlc1	2036	2601	1816	1527	923	1345	1284	1079	1118	1096	1095	1287	1283	1152	1519
Dvl2_-_70000839.23-P1P2	Dvl2	1385	1910	2177	943	725	833	1038	865	824	964	1042	937	940	1002	1075
Mtor_-_148448604.23-P1P2	Mtor	959	1125	859	670	352	625	671	540	400	533	512	514	572	598	664
Scp2_-_108118589.23-ENSMUST00000030340.8	Scp2	656	772	498	426	287	511	468	339	439	323	392	373	371	401	402
Il17a_+_20730906.23-P1P2	Il17a	1823	2120	2572	1323	811	1063	1234	1020	967	1030	1038	1174	1165	1116	1259
Tsen54_-_115814758.23-P1P2	Tsen54	1642	1975	2175	990	644	937	944	870	761	680	745	872	832	885	1003
Pik3c3_+_30272906.23-P1P2	Pik3c3	1994	2305	2084	1246	900	998	1131	969	729	822	765	1042	803	927	986
Rbms3_+_117252276.23-P1P2	Rbms3	1575	1962	1793	1068	732	1054	1110	834	812	869	908	991	1010	1054	1020
Arsa_-_89476116.23-P1P2	Arsa	1313	1700	1181	860	519	764	857	765	702	690	736	673	707	817	828
Hspa9_-_34954320.23-P1P2	Hspa9	1876	2361	2139	1251	895	1224	1241	1141	845	936	996	1005	1156	1053	1250
Ndufs1_+_63176683.23-P1P2	Ndufs1	1458	1708	1531	973	669	839	874	788	689	746	827	796	907	833	989
Tor1a_+_30967640.23-P1P2	Tor1a	1786	2137	1913	1112	902	1073	1221	924	852	1086	1002	1144	1193	1075	1340
Maneal_-_124862179.23-P1P2	Maneal	1410	1895	1379	1040	706	1034	1020	868	753	791	754	785	912	826	1006
Sdf4_-_155993266.23-P1P2	Sdf4	1131	1430	1249	773	536	682	722	711	649	673	644	696	768	705	748
Cacna1g_-_94474327.23-P1P2	Cacna1g	2017	2540	2253	1341	912	1357	1381	1204	1163	1191	1203	1217	1352	1161	1319
non-targeting_02917	non-targeting	1395	1824	1488	1056	716	815	975	937	870	815	705	831	925	898	1005
Adm_+_110628069.23-P1P2	Adm	1674	2173	2105	1203	770	1109	1102	1050	879	963	1029	1064	1230	1129	1377
Prickle1_+_93595872.23-P1	Prickle1_P1	2275	2669	2542	1513	917	1336	1597	1238	1109	1173	1265	1290	1347	1237	1483
Ccdc88a_-_29373739.23-P1P2	Ccdc88a	2567	3103	3372	1856	1198	1673	1669	1525	1262	1421	1581	1433	1808	1603	1798
Dnajc6_+_101508059.23-P1P2	Dnajc6	2186	2469	2675	1423	996	1227	1364	1123	1091	1079	1179	1335	1193	1166	1496
Ak4_+_101419709.23-P1P2	Ak4	1039	1314	1364	703	418	675	692	674	486	687	493	666	594	611	711
Psmc5_-_106256186.23-P1P2	Psmc5	1551	1787	1884	878	650	912	810	908	601	657	557	859	730	769	909
Wnt9a_+_59306985.23-P1P2	Wnt9a	1282	1540	1479	899	585	785	779	735	694	649	720	830	778	760	922
Psmb4_+_94886883.23-P1P2	Psmb4	1058	1314	1091	622	385	558	701	614	505	499	434	608	527	608	697
Ndufb8_-_44555417.23-P1P2	Ndufb8	1842	2460	1778	1494	756	1275	1382	1093	1105	1161	1047	1159	1173	1118	1235
Srrm2_-_23803243.23-P1P2	Srrm2	1195	1447	1571	751	589	730	793	839	703	700	807	674	815	800	830
Tuba1a_-_98953486.23-P1P2	Tuba1a	1442	1897	1593	965	761	1017	926	861	727	851	866	859	1080	938	1114
Fbln5_-_101818810.23-P1P2	Fbln5	1076	1398	867	688	469	622	716	628	560	550	581	693	706	633	809
Lep_-_29060224.23-P1P2	Lep	2412	2874	2702	1721	1100	1547	1567	1340	1232	1201	1285	1326	1386	1352	1480
Kcnc1_+_46396472.23-P1P2	Kcnc1	1485	1727	1825	1021	657	836	776	878	856	711	946	899	1004	920	1087
Il33_-_29925161.23-P1P2	Il33	2174	2550	2358	1535	955	1355	1448	1392	1262	1224	1169	1372	1332	1252	1612
Tomm40_+_19715393.23-P1P2	Tomm40	1223	1485	1519	747	520	802	800	669	614	549	683	680	666	718	922
Slc7a6os_+_106210909.23-P1P2	Slc7a6os	2084	2500	2636	1129	770	1074	1123	1064	939	987	981	1111	1111	1112	1400
Fn1_-_71653099.23-P1P2	Fn1	1916	2270	2114	1270	872	1316	1263	1129	1054	1003	1094	1229	1117	1264	1454
Cadm3_-_173367643.23-P1P2	Cadm3	1841	2251	2350	1136	802	1100	1175	1093	921	1068	965	1177	1109	1101	1288
Mgst1_-_138140610.23-P1P2	Mgst1	989	1381	1081	721	453	732	702	598	577	645	610	694	677	655	714
Ndufs8_+_3912708.23-P1P2	Ndufs8	774	887	1014	526	324	389	369	434	385	430	431	501	454	407	452
Ap4b1_-_103809606.23-P1P2	Ap4b1	1712	2138	1575	1222	863	1048	1014	1017	961	929	1042	986	1105	991	1249
Fam83e_-_45721261.23-P1P2	Fam83e	1250	1540	1462	888	521	731	755	779	615	735	705	795	713	744	883
Ifng_+_118441129.23-P1P2	Ifng	1089	1276	790	646	461	522	597	643	589	589	506	635	614	610	741
Cnp_-_100575038.23-P1P2	Cnp	1637	2015	1831	1210	792	1065	1039	934	977	935	941	1178	1065	982	1089
Sox3_-_60893391.23-P1P2	Sox3	813	1103	909	590	391	475	572	631	396	610	505	529	586	575	685
Aga_-_53511812.23-P1P2	Aga	1997	2292	2127	1218	857	1118	1268	1083	983	1190	1058	1215	1179	1144	1300
Ubb_-_62551792.23-P1P2	Ubb	1397	1757	1670	860	658	1165	809	812	691	787	864	847	834	798	979
Psma4_+_54951054.23-P1P2	Psma4	2368	2822	2287	1573	1064	1431	1549	1333	1276	1345	1354	1530	1541	1370	1639
Gstm1_-_108017627.23-P1P2	Gstm1	1760	2072	1824	1158	802	1057	1136	1075	957	1033	978	1090	1332	1046	1227
H2-M9_-_36642614.23-P1P2	H2-M9	1622	1914	1825	1142	694	945	1118	957	791	740	922	1067	986	1022	1113
Psma2_+_14613328.23-P1P2	Psma2	1032	1213	1172	789	441	693	736	657	541	584	561	700	669	602	645
Dnah6_-_73221598.23-P1P2	Dnah6	1193	1654	1381	923	675	777	835	727	549	668	822	764	786	705	845
Gsr_+_33653663.23-P1P2	Gsr	1291	1593	1537	1042	442	900	764	814	738	656	754	778	744	781	812
Rtn2_-_19291176.23-P1	Rtn2_P1	1511	1836	1416	1044	731	970	1040	918	693	827	940	1021	1018	780	1190
Aspa_+_73324217.23-P1P2	Aspa	1422	1776	1644	1013	646	987	863	1060	626	761	732	930	929	850	979
non-targeting_04211	non-targeting	1337	1643	1436	960	501	808	916	884	640	666	688	869	810	819	856
Ndufs4_+_114388049.23-P1P2	Ndufs4	1185	1410	818	880	462	805	752	719	555	636	691	649	716	675	894
Maf_-_115707752.23-P1P2	Maf	856	1157	1173	565	406	346	615	484	447	531	517	565	582	520	684
Renbp_+_73930815.23-P1P2	Renbp	895	1073	820	632	339	535	589	516	532	468	516	487	521	566	628
Psmb6_+_70525435.23-P1P2	Psmb6	556	746	566	426	209	331	326	325	250	281	251	315	271	311	398
Dkk1_+_30549542.23-P1P2	Dkk1	1024	1303	1252	723	468	630	683	631	496	638	644	689	619	626	678
Elk1_+_20950574.23-P1P2	Elk1	1388	1614	1552	931	477	795	884	726	646	754	704	860	783	858	893
Abcd1_-_73716770.23-P1P2	Abcd1	1309	1589	1814	821	495	603	748	699	670	723	764	847	742	709	900
Htr1a_-_105443647.23-P1P2	Htr1a	1579	1893	1715	1054	746	1128	1020	979	749	1037	832	945	897	941	1232
Braf_+_39725275.23-P1P2	Braf	3013	3542	3409	2046	1376	1677	1990	1582	1535	1674	1857	1572	1885	1642	2032
Nr4a2_-_57114851.23-P1	Nr4a2_P1	1683	1997	1839	1181	839	1000	1003	1040	907	904	924	1068	1208	1042	1273
Itm2b_+_73368327.23-P2	Itm2b_P2	1705	1977	1552	1192	725	1080	966	892	920	967	829	1082	987	875	1114
Prickle1_-_93595844.23-P1	Prickle1_P1	1261	1538	1361	862	483	697	654	762	553	615	737	767	767	725	856
Myc_-_61985645.23-P1P2	Myc	1435	1835	1623	989	695	916	930	878	875	814	866	999	1075	938	906
Vps41_-_18717346.23-P1P2	Vps41	1681	1956	1987	1012	684	919	962	965	750	863	840	1048	1013	1061	1076
Rac1_-_143527986.23-P1P2	Rac1	866	1043	928	654	276	387	577	427	449	417	483	401	501	479	595
Aqp1_-_55336478.23-P1P2	Aqp1	736	920	999	527	253	505	461	435	393	402	523	437	457	425	447
Hmbs_-_44344162.23-P2	Hmbs_P2	1206	1552	1307	921	498	875	917	848	721	618	804	785	729	736	800
Serpina1d_+_103773540.23-P1P2	Serpina1d	2811	3432	3314	1854	1151	1778	1855	1671	1554	1585	1500	1790	1738	1647	1946
Hmgb1_+_149052788.23-P1	Hmgb1_P1	1458	1812	1763	1059	639	1018	1020	914	882	856	855	927	855	1036	1225
Egr1_+_34861271.23-P1P2	Egr1	1361	1712	1608	931	639	803	1008	844	772	822	777	818	864	794	959
Tbk1_+_121586727.23-P1P2	Tbk1	1205	1443	1290	814	540	734	762	824	741	620	654	782	748	674	857
Ccnf_+_24251323.23-P1P2	Ccnf	1058	1319	1570	748	469	668	747	766	576	670	605	716	796	713	808
Cd200r4_+_44812037.23-P1P2	Cd200r4	1466	1814	1851	1048	576	973	1015	950	768	744	782	938	1002	854	1101
Itpr3_+_27057436.23-P1P2	Itpr3	1325	1687	1757	1018	728	900	812	869	833	846	775	939	1013	917	861
Trex1_+_109059170.23-P1P2	Trex1	1111	1445	1746	639	514	581	769	656	732	738	663	785	778	679	872
Ndufb9_+_58933828.23-P1P2	Ndufb9	1013	1345	1409	730	535	638	711	605	548	586	609	718	692	673	699
Homer1_+_93304091.23-P1P2	Homer1	1397	1808	1623	1079	675	1021	873	804	748	816	888	776	935	850	1065
Wnt9a_-_59306983.23-P1P2	Wnt9a	1076	1305	733	780	469	723	797	644	569	606	572	584	692	628	750
A2m_-_121636252.23-P1P2	A2m	1277	1550	1735	885	487	772	775	634	577	683	667	691	699	780	848
Cox4i2_-_152754247.23-P1P2	Cox4i2	1749	1904	2265	1106	663	949	1081	897	873	821	833	908	941	993	1092
Coch_+_51593438.23-P1P2	Coch	1013	1151	963	658	447	632	626	665	400	513	481	566	577	586	666
non-targeting_00253	non-targeting	1084	1324	1180	909	511	716	791	692	647	586	572	735	669	673	772
Polg_+_79466182.23-P1P2	Polg	1854	2146	1933	1225	851	1133	1269	1094	809	1067	1130	1243	1141	1186	1280
Adam10_-_70679088.23-P1P2	Adam10	1613	2139	2025	1023	823	1036	1131	994	876	1023	1036	1044	1069	1057	1246
Gpbp1_+_111489670.23-P1P2	Gpbp1	1587	2031	2098	978	750	970	959	947	771	889	912	959	933	981	1121
Msx2_+_53472687.23-P1P2	Msx2	505	650	657	314	206	339	360	321	284	292	278	340	338	284	355
Slc26a3_+_31438304.23-P1P2	Slc26a3	2742	3382	3002	1854	1224	1722	1969	1507	1377	1514	1535	1755	1621	1759	1988
Pla2g1b_+_115466325.23-P1P2	Pla2g1b	884	971	613	542	391	456	528	407	387	466	464	404	559	462	539
Wnt10a_+_74792077.23-P1P2	Wnt10a	1816	2478	1993	1296	879	1181	1264	1182	996	1063	1036	1194	1384	1059	1329
Uba7_-_107983016.23-P2	Uba7_P2	1881	2227	2475	1268	883	1137	1250	1103	960	994	1105	1136	1013	1152	1301
Exoc2_+_30974025.23-P1P2	Exoc2	2478	3236	2802	1752	1208	1633	1688	1388	1022	1319	1303	1483	1330	1404	1652
Sbf1_-_89315243.23-P1P2	Sbf1	1245	1675	1162	1034	595	888	1026	1033	868	728	734	826	827	809	1062
Padi2_-_140906421.23-P1	Padi2_P1	2307	2973	2876	1726	1126	1686	1622	1401	1350	1350	1334	1493	1504	1347	1712
Apex2_-_150588115.23-P1P2	Apex2	1112	1482	1218	884	487	840	736	768	673	589	636	733	836	711	852
Casp3_-_46617721.23-P1P2	Casp3	1138	1441	1704	877	555	710	696	805	626	688	745	816	816	729	867
Grm5_+_87584422.23-P1P2	Grm5	857	961	1016	565	450	583	621	513	505	477	406	520	530	530	654
Pawr_-_108332159.23-P1P2	Pawr	1166	1333	1115	893	498	743	612	623	551	684	682	702	798	680	883
Ntrk1_-_87794980.23-P1P2	Ntrk1	1106	1388	1335	897	559	682	753	753	571	557	668	789	764	682	866
Slc18a1_-_69089179.23-P1	Slc18a1_P1	1246	1508	1147	719	454	671	753	715	712	699	751	723	742	743	758
Pten_+_32757668.23-P1P2	Pten	1649	2026	1741	1189	692	936	1021	1011	952	958	970	950	1177	959	1139
Atxn10_+_85336473.23-P1P2	Atxn10	1494	1912	1793	1082	650	929	1021	955	785	817	859	959	946	867	1037
Pkd2_-_104459612.23-P1P2	Pkd2	1621	1954	2201	1201	769	973	1151	978	936	889	828	980	1040	890	1120
Calcoco2_+_96111919.23-ENSMUST00000068686.6,ENSMUST00000097162.5	Calcoco2	1082	1415	1103	766	494	657	742	639	454	591	672	636	814	674	781
Ndufb9_+_58933853.23-P1P2	Ndufb9	937	1088	1087	618	357	600	597	531	444	488	514	515	598	547	556
Tjp1_-_65371236.23-P1P2	Tjp1	1488	1858	1775	1233	671	1094	1129	942	715	876	942	936	958	846	1120
Dkk1_+_30549476.23-P1P2	Dkk1	1277	1487	1791	857	553	804	748	864	575	708	723	781	793	747	878
Dnajc3_+_118937960.23-P1P2	Dnajc3	1150	1567	1432	819	513	803	771	670	542	630	616	768	842	720	752
Sucla2_-_73552829.23-P1P2	Sucla2	640	797	766	508	332	427	479	405	337	295	355	399	402	407	497
Cpn1_+_43986486.23-P1P2	Cpn1	1227	1681	1524	831	538	883	962	807	616	641	705	737	763	778	920
Uqcrc2_-_120635268.23-P1P2	Uqcrc2	1777	1987	2433	1274	771	999	1029	1100	814	915	889	990	1089	1092	1107
Cnr2_+_135911897.23-P2	Cnr2_P2	2015	2515	1908	1402	869	1393	1364	1339	1191	1160	1275	1281	1396	1406	1552
Htra1_+_130936544.23-P1P2	Htra1	2016	2700	2632	1567	903	1350	1427	1391	1147	1183	1288	1382	1436	1273	1528
Upk3b_+_136038768.23-P1P2	Upk3b	1408	1841	2089	967	700	799	921	811	750	833	877	840	941	809	978
Gsto1_-_47855050.23-P1P2	Gsto1	1570	1762	2128	951	683	975	945	918	799	888	917	967	1001	937	1093
Slc12a6_-_112265620.23-P1P2	Slc12a6	2456	2936	2770	1427	1125	1373	1585	1460	1326	1319	1296	1372	1619	1423	1603
Ndufb4_-_37654400.23-P1P2	Ndufb4	2156	2582	1882	1608	917	1222	1469	1327	1086	1222	1235	1300	1261	1218	1515
non-targeting_02182	non-targeting	1753	2164	2009	1391	758	943	1246	1126	859	898	1013	1076	1000	959	1164
Pfn1_-_70654594.23-P1P2	Pfn1	1631	2044	1847	1097	799	1028	1201	1010	920	869	985	1000	1066	934	1077
Msra_+_64440856.23-P1P2	Msra	2090	2435	2699	1567	876	1204	1306	1381	1288	1184	1191	1380	1239	1300	1580
Idua_+_108669371.23-P1P2	Idua	2142	2309	2871	1424	1060	1273	1332	1186	1112	1220	1245	1212	1342	1237	1658
Tcerg1_-_42511516.23-P1P2	Tcerg1	2356	2963	2675	1660	1157	1672	1499	1530	1048	1441	1402	1480	1622	1380	1874
Txn2_-_77928960.23-P1	Txn2_P1	1265	1576	1254	984	555	809	867	735	735	708	762	836	842	850	903
Atxn2l_-_126503354.23-P1P2	Atxn2l	1053	1307	1183	699	477	658	600	638	515	678	643	715	694	663	773
Cyld_+_88697333.23-P1P2	Cyld	1836	2204	1807	1189	879	1179	1138	1141	833	924	1018	1053	1178	1134	1287
Fis1_-_136953330.23-P2	Fis1_P2	1300	1659	1675	929	611	768	1033	820	714	663	789	943	1000	830	1010
Ntf3_+_126166670.23-P2	Ntf3_P2	1484	1646	1440	962	669	924	864	906	750	851	863	808	954	857	981
Mars2_+_55237436.23-P1P2	Mars2	1516	1759	1768	959	647	795	894	881	675	797	697	912	957	844	998
Slc25a46_-_31609919.23-P1P2	Slc25a46	1569	1951	1799	1197	802	1136	1022	1035	876	924	810	1017	868	952	1231
Gle1_+_29935633.23-P1P2	Gle1	1436	1846	1690	981	525	929	1035	889	712	663	665	831	686	784	986
Cyc1_-_76343557.23-P1P2	Cyc1	1306	1471	1069	906	529	754	700	763	695	614	662	726	723	747	792
Msc_+_14755938.23-P1P2	Msc	2208	2751	3068	1572	1107	1382	1508	1347	1284	1300	1419	1423	1445	1445	1505
Plcb4_-_135805570.23-ENSMUST00000035646.4	Plcb4	2091	2502	2511	1270	864	1349	1149	1174	1174	1176	1207	1256	1447	1231	1479
Cfl1_-_5490743.23-P1P2	Cfl1	2306	2859	2587	1595	970	1380	1555	1408	1150	1300	1356	1472	1506	1403	1690
Cat_-_103485039.23-P1P2	Cat	2066	2886	2622	1502	1004	1418	1436	1220	1205	1199	1244	1400	1367	1323	1492
Ryr2_-_12106798.23-P1P2	Ryr2	1511	1709	1987	1004	678	939	913	844	785	805	869	895	953	920	1074
Ccs_-_4839271.23-P1P2	Ccs	2276	2761	2167	1648	1063	1549	1540	1252	1431	1263	1328	1479	1363	1286	1619
Emc1_-_139352634.23-P1P2	Emc1	2319	2976	2865	1600	1057	1429	1526	1504	928	1260	1254	1483	1475	1318	1628
Pclo_-_14515027.23-P1P2	Pclo	796	1008	807	500	372	446	480	406	449	409	458	510	513	526	538
Gdap1_-_17145608.23-P1P2	Gdap1	1660	2248	2326	1344	853	1028	1374	1011	990	1021	1010	1154	1141	1051	1280
Csnk2b_+_35121203.23-P1P2	Csnk2b	1716	2022	1802	1233	748	1144	1198	1074	822	930	1007	1123	1041	1007	1161
Mecp2_+_74085609.23-P1P2	Mecp2	528	619	487	341	216	309	353	312	251	216	307	248	296	341	399
Serpinf1_+_75422494.23-P1P2	Serpinf1	2190	2945	2634	1727	1042	1544	1516	1500	1225	1367	1384	1606	1553	1410	1835
Atp2b3_+_73503173.23-P1P2	Atp2b3	2619	3097	2520	1869	1237	1685	1624	1553	1544	1431	1480	1618	1761	1586	1891
Il1a_+_129309937.23-P1P2	Il1a	2234	2863	2566	1559	1009	1343	1418	1447	1208	1366	1182	1378	1528	1440	1766
Klc2_+_5118247.23-P1P2	Klc2	1825	2325	2156	1450	805	1270	1193	1187	1087	945	1026	1058	1296	1087	1238
Med25_+_44892387.23-P1P2	Med25	1817	2226	2311	1223	824	1119	1236	1079	940	1010	1045	1110	1239	1064	1265
Wdr41_+_94976396.23-P1P2	Wdr41	1473	1829	1616	949	694	948	1034	923	843	892	802	908	876	943	1058
Pfn1_-_70654395.23-P1P2	Pfn1	1351	1592	2073	833	512	797	886	737	643	771	828	815	900	778	976
Cpt1c_+_44974728.23-P1P2	Cpt1c	963	1171	1081	623	464	545	641	571	522	584	536	667	623	628	830
Pnpla6_-_3515439.23-P1	Pnpla6_P1	1469	2036	1419	1022	719	916	959	965	784	714	799	861	935	880	1147
Ptprc_+_138175255.23-P1P2	Ptprc	1018	1338	1110	700	360	590	648	635	556	560	573	627	684	691	798
Hpdl_-_116821481.23-P1P2	Hpdl	671	806	915	425	267	413	413	385	318	327	426	402	461	436	474
P2rx7_-_122644260.23-P1P2	P2rx7	1942	2503	2669	1493	977	1441	1323	1197	1001	1153	1270	1205	1272	1140	1441
Ren1_-_133350837.23-P1P2	Ren1	2729	3303	3043	1803	1149	1656	1845	1555	1515	1455	1671	1612	1718	1477	1914
Csnk1e_+_79441913.23-P1P2	Csnk1e	2108	2360	2426	1631	786	1181	1215	1175	990	1020	1044	1218	1341	1271	1413
Nalcn_+_123627035.23-P1P2	Nalcn	1313	1557	1633	922	596	790	984	822	710	742	718	820	813	729	917
non-targeting_01977	non-targeting	1380	1767	1753	910	620	744	924	836	826	795	825	897	842	740	943
Dnm2_-_21424948.23-P1P2	Dnm2	1067	1356	1145	800	475	604	760	658	542	621	597	632	653	671	722
Cd200r2_-_44867121.23-P1P2	Cd200r2	1085	1448	1192	807	486	796	724	664	654	696	624	646	693	690	790
Trpm2_+_77969774.23-P1P2	Trpm2	2381	2929	2947	1804	1087	1480	1508	1430	1391	1355	1438	1353	1813	1510	1657
Calml4_-_62858376.23-P1P2	Calml4	1649	2199	1986	1377	865	1162	1066	1025	916	921	1035	1052	1140	1123	1259
Mul1_+_138434905.23-P1P2	Mul1	1414	1808	1376	1027	681	864	1057	898	696	799	852	783	909	913	1025
Nrbf2_+_67285278.23-P1P2	Nrbf2	1380	1619	1790	951	631	845	947	789	597	759	697	900	880	845	943
Atg7_-_114643203.23-P1P2	Atg7	1336	1712	1700	844	644	731	817	747	662	695	699	825	767	868	963
Phpt1_+_25574832.23-P1P2	Phpt1	1640	1958	2223	1071	708	912	1040	937	825	973	937	986	980	877	1052
Ube2g2_-_77622371.23-P1P2	Ube2g2	2446	2964	2685	1556	1262	1522	1811	1598	1257	1258	1304	1433	1456	1594	1630
Slc25a4_+_46210972.23-P1P2	Slc25a4	866	1091	949	594	415	499	507	516	500	497	554	605	532	580	657
Bicd2_-_49341641.23-P1P2	Bicd2	1642	1926	2236	1265	753	913	1122	1055	1000	908	901	1058	1143	937	1161
Ocln_-_100552407.23-P1P2	Ocln	2378	2791	2759	1832	1117	1521	1507	1487	1236	1204	1280	1419	1525	1495	1727
Lsm2_+_34981878.23-P1P2	Lsm2	1006	1251	1134	683	437	672	647	655	649	546	562	632	633	598	720
Psmc1_-_100110387.23-P1P2	Psmc1	881	1116	883	382	321	421	395	371	213	327	247	387	318	411	380
Atp5c1_-_10080404.23-P1P2	Atp5c1	1225	1541	1473	869	664	923	941	745	655	662	725	773	757	737	894
