Guide	Gene	Vgat-ND-Ctrl-1	Vgat-ND-Ctrl-2	Vgat-ND-Ctrl-3	Vgat-ND-Ctrl-4	Vgat-ND-2M-1-M	Vgat-ND-2M-2-F	Vgat-ND-2M-3-F	Vgat-ND-2M-4-F	Vgat-ND-2M-5-F	Vgat-ND-2M-6-F	Vgat-ND-2M-7-F	Vgat-ND-2M-8-F	Vgat-ND-4M-1-F	Vgat-ND-4M-2-F	Vgat-ND-4M-3-F	Vgat-ND-4M-4-F	Vgat-ND-4M-5-M
Wfs1_-_36989155.23-P1P2	Wfs1	950	1528	1191	1896	1411	568	524	679	1047	389	443	674	1138	1551	1330	942	715
Uchl4_+_64235186.23-ENSMUST00000039011.3	Uchl4	1129	1419	1050	1357	1355	276	439	418	515	342	651	810	1219	1162	838	542	594
Mapk1_-_16983451.23-P1P2	Mapk1	1767	2431	2304	2884	2386	570	916	1071	1838	618	1407	1236	2154	2365	1975	1533	1489
Fis1_+_136962109.23-P1	Fis1_P1	1463	2047	1393	2306	1867	357	895	862	870	293	718	1257	1446	1516	1254	808	737
Hpx_-_105600011.23-P1P2	Hpx	2722	4024	2707	4229	2845	967	1404	1707	2371	772	1794	1982	2934	3532	2424	1983	1666
Clcn7_+_25133464.23-P1P2	Clcn7	1975	1516	1586	2088	1635	643	754	940	1062	420	874	1091	1893	1313	1069	1026	831
Coasy_-_101082685.23-P1P2	Coasy	2890	3444	2623	3533	2764	757	1359	959	2078	795	1571	2139	1937	2279	1707	1501	1312
Nqo2_-_33964759.23-P1P2	Nqo2	1286	2035	1713	1847	1381	446	878	701	798	400	1023	1131	1899	1195	1183	910	890
Tubb5_-_35838222.23-P1P2	Tubb5	1872	1638	2189	2284	1823	665	686	1290	1103	460	848	1078	1649	1985	1576	1197	1049
Cox6b2_-_4753046.23-P1P2	Cox6b2	1299	1424	1166	1257	964	283	455	460	999	350	531	599	1149	1244	873	560	870
Mrc1_+_14229446.23-P1P2	Mrc1	909	1069	1008	1452	1100	246	585	416	1021	253	604	808	1219	1240	647	804	479
Pum1_-_130663434.23-P1P2	Pum1	1848	2939	1775	2058	2818	574	901	874	1701	536	990	1415	1671	2066	1223	1230	1074
Mif_+_75860286.23-P1P2	Mif	1770	2157	2094	2379	2285	590	651	803	1191	531	1314	1315	1952	1981	1772	1177	1175
Cybb_-_9469271.23-P1P2	Cybb	1522	2134	1792	2033	1583	526	656	833	1162	459	686	957	1460	1419	1242	840	839
Cd8a_+_71373502.23-P1P2	Cd8a	1491	1603	1606	1262	1364	439	579	753	968	356	597	811	1779	1532	1319	881	750
Nfkb1_-_135691424.23-P1P2	Nfkb1	1593	1519	1357	1827	1593	455	656	695	1129	460	863	1000	1620	1602	1142	912	939
Tfcp2_+_100551946.23-P1P2	Tfcp2	2602	3725	2344	3616	3319	800	1163	1359	1534	905	1248	1981	2441	2668	1899	1848	1793
Fzd8_+_9213023.23-ENSMUST00000041080.5	Fzd8	1316	1544	1247	1844	1936	354	647	1135	1035	420	814	967	1075	1931	1189	900	936
Maneal_-_124862206.23-P1P2	Maneal	1657	2074	2151	2449	1955	628	880	833	1358	630	1127	1383	1479	2057	1356	1144	911
Atp5j_+_84834829.23-P1P2	Atp5j	1526	2175	1402	2632	2432	698	623	629	1294	673	1036	1108	1650	2174	1334	1087	1127
Mtor_-_148448637.23-P1P2	Mtor	1777	2476	2070	2585	2079	530	788	851	1217	530	974	1335	1826	2103	1305	1076	987
P4hb_-_120572798.23-P1P2	P4hb	1905	2566	1625	2772	2284	690	931	831	1643	499	1355	1353	1742	2384	1441	1311	1179
Wnt2b_-_104961704.23-P1P2	Wnt2b	2241	2899	2293	2790	2752	685	883	955	1769	860	1374	1638	2039	3080	1727	1387	1430
Mapk10_+_103211231.23-P1P2	Mapk10	2201	2898	2566	3723	3405	849	979	1337	1935	676	1396	2136	2809	3606	2271	1979	1840
Dnah2_-_69549111.23-ENSMUST00000108659.1	Dnah2	1177	1020	1381	1386	1339	374	568	559	880	281	728	731	1035	1266	841	727	677
Sst_-_23890781.23-P1P2	Sst	2017	3373	2382	2912	3069	672	1132	851	1515	788	1126	2020	2146	2337	1601	1700	1714
Uqcr10_+_4704103.23-P1P2	Uqcr10	1916	2176	1962	2092	1894	406	865	632	1066	640	1002	1138	1669	1574	1132	992	963
Cdca5_-_6085128.23-P1P2	Cdca5	1823	2033	1762	2217	2141	484	719	924	1155	446	609	1118	1468	1580	1321	1083	1167
Actb_-_142906726.23-P1	Actb_P1	2477	3616	2435	3418	3348	857	1331	1660	1956	725	1738	2344	2752	3133	2432	2170	1826
Cox7b2_-_71548214.23-P1P2	Cox7b2	1161	1193	924	1523	1248	366	464	421	886	484	585	696	875	1443	946	565	680
Slc18a1_+_69089139.23-P1	Slc18a1_P1	1118	1542	1017	1587	921	339	551	426	531	164	393	717	626	786	552	427	523
Slc5a6_+_31048170.23-P1P2	Slc5a6	1509	1866	1282	2114	1838	577	707	843	839	418	941	1046	1316	2088	1007	911	908
Hprt_+_52988208.23-P1P2	Hprt	1249	2035	1593	2385	2079	659	653	854	791	438	538	974	2009	2048	1361	1102	1034
Tmem63c_-_87026498.23-P1P2	Tmem63c	1506	2255	1925	2492	2298	538	841	513	1217	623	912	1195	1733	2326	1445	898	1456
Esr2_+_76177127.23-P1P2	Esr2	558	510	445	667	723	216	286	193	309	149	430	464	445	551	492	361	268
Dync1h1_+_110601508.23-P1P2	Dync1h1	1514	1747	1499	1850	1356	443	586	538	1003	382	613	962	1305	1398	868	770	860
Gpx7_-_108406719.23-P1P2	Gpx7	1542	1522	1352	1888	1449	354	618	562	669	474	657	919	1199	1749	947	881	850
Syt14_+_193035621.23-P1P2	Syt14	2036	2134	1467	2121	2113	631	917	693	1313	609	849	1355	1692	1957	1352	1203	1095
Lrrk2_+_91673244.23-P1P2	Lrrk2	2545	3163	2474	3615	2619	894	1240	1037	1523	753	1401	1452	2519	2752	2069	1570	1343
Glb1_-_114401167.23-P1P2	Glb1	951	1463	990	1515	1744	447	745	583	949	315	576	908	1032	1209	748	721	708
Sos1_-_80480235.23-P1P2	Sos1	1720	2737	1332	2191	2183	663	1021	969	1616	637	1181	1496	1777	2076	1567	1155	1199
Il12a_-_68691592.23-P1P2	Il12a	2047	2747	1740	2988	2298	693	1134	732	1697	786	1083	1387	2120	2487	2261	1402	1465
Rgs10_-_128418122.23-P1P2	Rgs10	1723	2032	1971	2144	2282	517	676	999	1236	550	1114	1279	1345	2447	1436	943	1367
Mapk14_+_28691412.23-P1P2	Mapk14	1819	2725	1871	2894	2020	699	809	904	1327	663	918	1164	1912	2039	1481	1067	1024
Mme_+_63300210.23-P1	Mme_P1	3253	3205	2508	3669	3491	1080	1154	1304	1685	787	1481	2172	2770	3359	1941	2053	1680
Nkx6-2_-_139582773.23-P1P2	Nkx6-2	840	985	1039	1430	735	236	396	355	614	328	534	582	935	1115	491	529	485
Gsk3a_+_25237754.23-P1P2	Gsk3a	1141	1385	965	1250	1287	287	536	487	714	281	673	586	1100	1054	640	678	498
Cd40_+_165055719.23-P1P2	Cd40	1528	1802	1970	2214	1546	526	823	1043	1282	549	1149	1545	1808	1689	1283	1000	1201
Ap5z1_-_142464092.23-P1P2	Ap5z1	2087	2302	2418	3037	2230	568	974	945	1570	931	1065	1616	2674	2492	1581	1424	1434
Eif4g2_+_111082954.23-P1	Eif4g2_P1	2079	1720	1666	2467	2110	458	683	615	1241	512	809	1341	1216	1688	1647	803	1007
Csf2_-_54249555.23-P1P2	Csf2	1015	1640	1224	1932	1468	308	840	768	1011	307	802	881	1362	1662	1383	895	895
Cox4i2_-_152754547.23-P1P2	Cox4i2	1731	2129	1581	1987	2428	487	892	733	1400	540	1126	810	1669	1664	1483	972	1097
Cdk11b_-_155624941.23-P1P2	Cdk11b	1177	1354	1072	1479	1479	371	569	500	919	260	545	837	982	1184	965	530	717
non-targeting_00488	non-targeting	644	1163	790	1222	1139	242	408	377	575	155	581	654	959	1073	608	561	524
Myd88_+_119339984.23-P1P2	Myd88	2074	2438	2038	2752	2308	494	794	648	1249	545	874	1283	2139	2632	1387	1029	1076
Ccl2_-_82035595.23-P1P2	Ccl2	1576	1960	1981	2290	1654	328	609	623	1122	659	821	1113	1288	1993	1402	988	956
Itpr3_+_27057380.23-P1P2	Itpr3	1244	1851	1138	1991	1878	343	688	774	1085	398	450	958	1181	1523	968	662	745
Psmd14_-_61711943.23-P1P2	Psmd14	1757	3127	2374	3385	3326	622	1171	1331	1746	716	1218	1709	2191	3056	1720	1342	1363
Pcsk1n_+_7919942.23-P1P2	Pcsk1n	1930	2269	1842	2539	2327	652	1052	1009	1639	780	1192	1390	2093	2293	1492	981	1163
Eef2_+_81178046.23-P2	Eef2_P2	1482	1968	2325	2287	2370	606	840	420	1556	676	937	1514	1628	2134	1453	1512	1117
Spast_+_74338970.23-P1P2	Spast	1476	1834	1798	2331	1936	507	712	608	1280	552	823	1088	1611	2191	1120	1091	1249
Hspa8_-_40801478.23-P1	Hspa8_P1	2171	2532	2007	2651	2781	518	800	768	1186	444	919	909	1636	1666	1764	930	1141
Ppargc1a_+_51553890.23-P1P2	Ppargc1a	1172	1265	1301	1499	1253	285	507	605	941	371	563	709	803	1266	1069	747	678
Ndufc2_-_97400099.23-P1P2	Ndufc2	1354	1520	953	1861	1482	435	512	640	773	451	387	869	1291	1423	932	750	864
Grn_-_102430540.23-P1P2	Grn	1442	1775	1546	2048	1784	527	671	706	911	439	950	1015	1593	1556	1072	1077	886
Atg2a_-_6241772.23-P1P2	Atg2a	1970	2491	2064	2951	2585	759	1188	1198	1725	664	1371	1714	2331	2982	1790	1626	1352
Atp2a2_-_122502034.23-P1P2	Atp2a2	1912	3193	1856	2753	1553	425	582	807	1221	478	774	755	1244	1312	1169	743	956
Aif1_-_35172569.23-P1P2	Aif1	1855	1885	1780	2368	2257	743	976	650	1455	563	975	1771	1634	2444	1802	1302	1071
Cln5_-_103070336.23-P1P2	Cln5	770	1144	793	959	870	224	368	442	665	165	501	518	743	895	610	419	445
Psma8_-_14706209.23-P1P2	Psma8	1676	2536	1916	2698	1850	790	819	885	1259	708	849	1175	1251	1968	1514	1077	1186
Jun_+_95051932.23-P1P2	Jun	2375	2289	1935	2611	2632	643	910	1169	1193	638	1031	1605	1791	2196	1532	1554	1317
Polr3b_-_84622563.23-P1P2	Polr3b	959	1488	1107	1864	522	106	203	187	125	127	252	189	405	440	430	346	384
Clcn6_-_148038731.23-P1P2	Clcn6	1901	2603	2004	2473	1935	649	997	977	1511	578	1118	1432	2042	2424	1770	1243	1202
Ube2j1_+_33031583.23-P1P2	Ube2j1	1472	2220	1135	2189	2187	560	850	753	1313	480	1019	1096	1406	1892	1365	1131	999
Fzd9_+_135251205.23-P1P2	Fzd9	2145	2433	1592	2521	2071	637	1069	1122	1476	562	1003	1225	1939	2230	1799	1315	959
Cdc42_-_137357598.23-P1P2	Cdc42	1066	1702	1313	1559	1262	385	493	523	736	296	689	822	1203	1305	958	777	616
Adora2b_+_62249034.23-P1P2	Adora2b	2137	2761	2275	2855	2341	829	1132	1331	1247	583	1233	1662	2309	2673	1706	1647	1310
Pik3cd_-_149698556.23-P1P2	Pik3cd	1744	1830	1369	1537	1276	361	485	680	949	385	562	623	1485	1257	944	767	805
Rmdn2_+_79615339.23-P1P2	Rmdn2	2609	3260	2805	3324	3353	756	1140	999	1805	769	1286	1835	2187	3085	2144	1710	1665
C9_-_6445390.23-P1P2	C9	1661	1788	1555	1751	1699	250	570	657	997	498	784	584	1255	1375	1311	1003	900
Fgfr4_+_55152874.23-P1P2	Fgfr4	1796	1896	1465	1951	1750	524	828	559	1076	411	963	1065	1523	1951	1429	983	879
Gm2a_-_55098150.23-P1P2	Gm2a	717	612	844	818	1108	224	351	356	476	178	422	446	1018	829	511	472	390
Sybu_+_44752177.23-P1P2	Sybu	2628	3240	2281	2882	2806	833	1114	1517	1849	853	1423	1540	2543	2466	1769	1552	1579
Hexa_+_59539902.23-P1P2	Hexa	1201	1822	1421	1823	1344	525	742	633	984	383	580	1195	1351	1550	1216	961	697
Map1b_+_99516471.23-P1P2	Map1b	3851	3981	3167	4569	4840	1185	1823	1373	2427	1045	2134	3210	3586	4050	3199	2660	1811
Apoa1_+_46228782.23-P1P2	Apoa1	2524	3906	2482	4181	2931	1009	1427	1193	2473	679	1661	1853	3168	3096	2780	2119	1707
Sod2_-_13008004.23-P1P2	Sod2	2492	2382	2438	2988	2642	638	1138	1089	1348	680	1088	1584	2395	2453	1650	1375	1251
Pmp22_+_63133171.23-P2	Pmp22_P2	1507	2072	1262	1895	1817	453	613	945	1064	498	689	1202	1562	1623	1324	1085	1084
Kif20b_-_34922406.23-P1P2	Kif20b	1838	2528	2079	2331	2180	427	812	1025	1276	603	1070	1332	1864	2125	1645	1139	1155
Pak1_-_97843009.23-P1P2	Pak1	3711	4726	4188	5209	4195	1324	1682	1479	2835	943	2482	2739	4066	4435	3025	2529	2180
Calm2_+_87446852.23-ENSMUST00000040440.6	Calm2	1712	1805	1513	2284	1711	384	800	758	1382	407	1125	1104	1788	1954	1249	1230	1106
Wnt11_-_98835150.23-P1	Wnt11_P1	1779	1896	1464	2321	2193	497	777	972	914	408	999	807	1880	2005	1586	1155	1052
Ube2j1_-_33031567.23-P1P2	Ube2j1	2379	3308	3177	3296	3028	771	1099	1017	1905	668	1533	1589	2687	3290	2428	1813	1745
Trpc3_+_36690132.23-P1P2	Trpc3	1335	2127	1766	2117	2609	833	920	1068	1371	579	1009	1471	1739	2139	1502	1126	1147
Ren1_-_133350719.23-P1P2	Ren1	1710	2652	1896	2584	1798	488	899	1065	1293	573	944	1261	1844	2182	1714	1077	1323
Htr2a_+_74640916.23-P1P2	Htr2a	1213	1549	979	1782	1465	499	496	489	1161	525	503	780	918	1184	863	815	955
Lcn2_-_32387711.23-P1P2	Lcn2	1599	2038	1522	2161	1541	525	792	986	976	591	974	1226	1542	2066	1328	1162	1106
Chrm5_-_112480740.23-ENSMUST00000099589.2	Chrm5	1826	2619	1641	2442	2275	548	723	854	1373	649	1115	1321	2269	2581	1995	1504	1520
Gsn_-_35256679.23-P1	Gsn_P1	2401	2590	1912	3329	2781	582	1019	713	1622	818	1458	1265	2295	2647	2343	1796	1938
Elavl3_-_22051808.23-P1P2	Elavl3	2637	3307	2648	3289	3224	781	1160	848	2114	780	1242	2133	2558	2840	2248	1828	1789
Kpna3_-_61439863.23-P1P2	Kpna3	605	835	784	1071	1101	212	515	336	640	190	341	407	1309	1049	689	500	550
Trip4_-_65908799.23-P2	Trip4_P2	1457	2405	1560	2083	2172	535	803	793	1316	498	870	1083	1441	1803	1161	1044	1043
Dlst_+_85110888.23-P1P2	Dlst	2354	2692	2095	2812	2297	736	876	1467	1264	670	1007	1481	1679	2099	1751	1385	1182
Bcl2l1_+_152831650.23-P2	Bcl2l1_P2	1571	2180	1851	2583	2037	629	799	938	970	473	889	1210	1696	2120	1386	1340	1175
Mfsd8_+_40846646.23-P1P2	Mfsd8	2179	2904	2209	2338	2633	732	962	1197	1369	687	657	1242	1777	2262	1824	1326	1267
Slc17a5_-_78587975.23-P1P2	Slc17a5	1612	1601	1409	2014	1447	428	618	620	997	368	975	1155	1615	1619	875	907	815
Hspa4_-_53300402.23-P1P2	Hspa4	1236	1914	1502	1890	1954	472	795	1006	1086	706	677	1263	1727	1718	1398	979	893
non-targeting_00635	non-targeting	1527	2145	1003	2273	2009	556	917	769	1198	433	1009	1145	1313	1655	1857	1145	942
Fgd4_+_16600017.23-P1P2	Fgd4	1697	2164	1814	2380	2076	612	898	1001	1180	724	960	1248	2058	2207	1547	1161	1036
Thg1l_+_45955383.23-P1P2	Thg1l	2126	2353	2255	2601	1846	571	912	957	1253	494	951	987	1307	1533	1068	1012	670
Tuba1c_+_99030523.23-P1P2	Tuba1c	1653	1586	1233	1763	1514	387	670	760	893	470	529	721	1581	1576	875	953	842
Dnajc5_+_181520591.23-P1P2	Dnajc5	1702	2258	1844	2093	2364	568	661	989	1104	377	912	1039	1450	1888	1183	1069	1137
Txn2_+_77927832.23-P2	Txn2_P2	2146	2325	1876	2475	2658	789	879	895	1477	513	1224	1382	1801	1877	1667	1400	1293
Sdhd_+_50603736.23-P1P2	Sdhd	658	677	635	873	840	129	309	391	472	229	275	430	426	836	638	334	338
Apbb1_-_105580995.23-P1P2	Apbb1	1448	1978	1025	2476	1587	357	678	465	1042	478	706	970	1730	1828	1241	1066	999
Pik3cg_+_32208594.23-P1P2	Pik3cg	3337	3638	2886	4295	3497	1023	1475	1580	2276	1024	1628	2129	3407	3565	2594	1942	1954
Atp6ap2_+_12588056.23-P1P2	Atp6ap2	1647	2085	1806	2011	1952	668	666	615	1420	522	694	1491	1707	2180	1499	1087	1260
Pde10a_-_8801685.23-P1P2	Pde10a	880	1238	1011	1073	1039	260	373	586	549	278	468	806	960	925	562	456	453
Ndufab1_+_122101829.23-P1P2	Ndufab1	2232	2888	2223	2759	2711	651	902	861	1365	617	1247	1457	1866	2206	1819	1293	1364
Dctn3_+_41723126.23-P1P2	Dctn3	1523	1501	1094	1972	1630	387	622	206	735	425	660	607	1005	949	936	523	726
Fzd5_+_64737680.23-P1P2	Fzd5	2522	2269	2346	2809	2512	684	1161	1299	1280	630	712	1586	1741	2460	1680	1520	1624
Gpx3_+_54903158.23-P1P2	Gpx3	990	1582	844	1678	1259	295	474	616	745	320	541	553	1244	1365	775	689	705
Cnr2_-_135895500.23-P1	Cnr2_P1	1619	2123	1271	2302	1952	472	730	519	1340	385	936	1102	1780	2420	1214	1014	1055
Calml4_-_62858147.23-P1P2	Calml4	1583	1600	1005	1741	1436	258	659	508	905	348	854	777	1075	1543	982	976	734
Apc2_+_80299164.23-P2	Apc2_P2	1065	1687	1348	1569	2044	321	613	728	1341	431	1152	1321	1410	2065	1292	750	1024
Dnajc10_+_80315743.23-P1P2	Dnajc10	1896	2334	1923	2079	1568	308	823	1053	968	633	995	1059	1989	1887	1112	1135	1013
Anxa1_-_20390662.23-P1P2	Anxa1	1203	2584	1649	1818	1438	274	611	643	828	530	751	765	1581	1612	1516	991	941
Fshr_+_89200659.23-P1P2	Fshr	872	1106	626	1212	845	305	398	460	497	270	462	634	881	1165	650	588	590
Fzd5_+_64737676.23-P1P2	Fzd5	1836	2042	1563	2437	2397	498	979	1032	1379	766	1291	1464	1726	2294	1249	1394	1119
Elovl4_-_83806204.23-P1P2	Elovl4	1787	2017	1880	2830	1787	553	782	1040	1404	531	633	1066	2139	2361	1439	1260	1145
Ddit3_-_127290901.23-P1P2	Ddit3	2674	3416	2681	3572	2778	759	1216	1198	1566	901	1459	1594	3040	2855	2156	1725	1631
Dst_+_34011580.23-P1P2	Dst	2457	3141	2926	3689	3545	1089	1355	1252	1871	827	1747	1940	2876	3107	2667	2124	1807
Hspb2_-_50752244.23-P1P2	Hspb2	2006	2400	2018	2694	1958	542	897	1094	1370	771	1587	1182	2045	2156	1580	1171	1252
Nanog_-_122707632.23-P1P2	Nanog	2160	2432	1717	2666	2599	618	1145	813	1255	724	1344	1496	2052	2545	2063	1274	1677
Hmox1_+_75093858.23-P1P2	Hmox1	2619	2493	1523	2224	2130	690	900	581	1159	506	1394	968	1676	2005	1499	1000	1262
Taf15_+_83473105.23-P1P2	Taf15	1569	2064	1751	2464	2254	511	834	771	1115	571	1062	1087	1652	1839	1254	1292	985
Sacs_+_61173052.23-P1P2	Sacs	1741	1838	1720	2138	2028	460	825	798	950	442	492	1238	1420	1819	1122	831	1021
Ywhag_-_135934594.23-P1P2	Ywhag	1957	1949	1632	2138	1822	561	837	826	1284	654	892	1173	1631	2200	1283	1060	1010
Sncaip_+_52768281.23-P1P2	Sncaip	1849	2319	1633	2285	1726	448	825	471	1292	488	879	1093	1389	1703	1101	1013	915
Hspb3_-_113663607.23-P1P2	Hspb3	1753	2483	1960	2372	2437	639	866	657	1271	620	819	1187	2164	2082	1756	1419	1057
Actb_-_142905506.23-P2	Actb_P2	1733	1766	1770	2071	1901	449	786	743	983	452	963	1048	1478	1612	1286	924	1135
Tgm2_-_158146313.23-P1P2	Tgm2	2258	3081	2146	3513	3111	729	1311	1009	1700	825	1327	1667	2215	2860	2191	1798	1521
Gosr2_+_103697666.23-P1P2	Gosr2	1451	2446	1766	2463	1811	506	790	821	1132	601	1041	1050	1907	2041	1338	1010	1059
Gpx4_-_80053796.23-P1P2	Gpx4	3083	3572	2742	3111	1801	480	989	893	1318	740	1027	1259	1761	1954	1011	1162	1529
Mak16_-_31168651.23-P1P2	Mak16	1226	1867	1573	2184	1471	501	597	504	907	395	601	905	1142	1458	888	876	867
Il10_+_131020096.23-P1P2	Il10	1405	1849	1421	2392	1596	394	626	541	974	594	797	1255	1648	1768	1208	1040	1243
Ripk1_-_34002482.23-P1P2	Ripk1	1439	1907	1606	1917	2037	467	834	540	1011	665	880	1014	1523	1880	1452	1024	1068
Hdac6_+_7947761.23-P1P2	Hdac6	1186	1436	1405	1745	1348	383	609	584	1039	308	745	1080	1560	1249	1100	1098	671
Kif1b_+_149307652.23-P1P2	Kif1b	1332	1632	1580	1905	1738	708	507	580	1042	370	800	1155	1406	1556	1317	899	997
Bad_+_6941982.23-P1P2	Bad	1654	1362	1421	1658	1365	481	693	642	800	375	506	1115	1213	1511	1209	849	758
Mapk12_+_89140627.23-P1P2	Mapk12	2557	2300	2628	3027	3239	808	1086	1407	1421	743	1957	1675	2752	3113	2296	1664	1709
Calm1_+_100199561.23-P1P2	Calm1	1383	1627	1289	1701	1603	523	748	630	1060	581	857	964	1300	1710	1165	853	899
Tdp2_-_24831706.23-P1P2	Tdp2	2339	3081	2327	2852	2827	745	1145	1118	1573	513	1014	1481	2393	2809	2015	1452	1227
Wnt8b_-_44493522.23-P1P2	Wnt8b	2424	3081	2187	3164	2621	493	989	962	1706	715	1544	1565	2302	2045	1936	1638	1475
Pde8b_+_95250219.23-P1	Pde8b_P1	1675	2283	1499	2297	2251	575	800	1088	1011	485	811	1441	2159	2364	1401	1209	1453
Dst_+_34011885.23-P1P2	Dst	1568	2381	1458	2673	2200	655	971	951	1147	562	1424	1116	1835	2181	1529	1165	1322
Vip_+_5639249.23-P1P2	Vip	1689	2008	1779	2189	2000	614	755	1019	1207	564	925	772	1413	2161	1470	1236	956
Hspb1_-_135888009.23-P1P2	Hspb1	1303	1453	1538	1571	1673	443	539	841	694	335	611	1113	1468	1251	1194	935	812
Sptan1_-_29965714.23-P1P2	Sptan1	1055	1257	1060	1160	1536	192	510	402	612	318	682	531	907	985	696	707	520
Nfe2l2_-_75704464.23-P1P2	Nfe2l2	1681	2054	2018	2476	2039	620	871	726	1411	605	1222	1435	1852	2126	1466	1209	1188
Src_+_157424366.23-P1P2	Src	1522	2039	2203	1999	1689	490	758	706	1358	384	820	1086	1245	1737	1167	1048	1010
Surf1_+_26916280.23-P1P2	Surf1	1470	2098	1214	2131	1570	655	710	999	1234	461	748	1313	1733	1673	1178	842	979
Inpp4a_-_37299951.23-P1P2	Inpp4a	2177	2507	2111	2853	2681	897	1153	1251	1664	783	1019	1698	1888	2560	1621	1325	1531
Lmna_-_88503269.23-P1P2	Lmna	2109	2879	2258	2720	2108	667	1071	826	1402	749	1022	1406	1966	1962	1415	1521	1406
Ppif_+_25694446.23-P1P2	Ppif	2559	3272	2637	3510	2954	712	1469	1077	1912	741	1092	1864	2375	2980	1999	1746	1822
Serpina3m_-_104387273.23-P1P2	Serpina3m	1807	2013	1872	2423	2325	463	796	1283	1271	612	900	1524	1790	1682	1513	1144	846
Sbf2_-_110614869.23-P1P2	Sbf2	2918	3347	2892	3593	3288	853	1140	1211	1805	896	1485	1670	2916	2658	2099	1941	1625
Hnrnpdl_-_100038881.23-P1P2	Hnrnpdl	2180	2693	2054	3133	2952	806	1106	1243	1351	705	937	1814	2877	2889	2162	1546	1458
Atp5g3_-_73911297.23-P1P2	Atp5g3	2742	2968	2415	3084	2599	781	1132	921	2052	863	1257	1611	2394	2807	1985	1638	1484
Galc_-_98259317.23-P1P2	Galc	1908	3171	1938	3030	2818	658	1161	1156	1698	683	1223	1451	2174	2716	2010	1321	1599
Syn1_-_20920870.23-P1P2	Syn1	1703	2770	2008	2595	2013	646	866	864	1570	447	1336	1523	1698	1930	1492	1124	1168
Mapt_+_104231564.23-P1P2	Mapt	2136	2267	2559	2638	2614	724	1094	965	1131	622	914	1684	1988	2383	2061	1250	1328
Opa1_+_29579493.23-P1P2	Opa1	1909	2613	2479	2535	2506	565	908	830	1867	759	938	1374	1938	2239	1544	1423	1330
Casp1_+_5298714.23-P1P2	Casp1	747	716	578	907	525	153	259	333	303	247	261	348	645	640	701	529	409
Pak3_-_143664438.23-P1	Pak3_P1	1669	2447	1900	2471	2138	563	870	735	1273	589	1164	1232	1763	1971	2063	1250	1044
Pld3_-_27552962.23-P2	Pld3_P2	1930	2618	1645	2472	2207	586	816	769	1208	589	1090	1412	2160	2081	1892	1381	1323
H2-M10.5_+_36773056.23-ENSMUST00000041531.6	H2-M10.5	1971	2728	1988	2573	2321	532	968	1126	1679	530	1096	1364	2082	2599	1543	1102	1263
Mapk9_-_49846805.23-P1P2	Mapk9	1991	2659	2422	2931	2573	703	1074	838	1574	680	1164	1422	1970	2628	2023	1551	1204
Trpm7_+_126876173.23-P1P2	Trpm7	1077	1305	1147	1808	1252	409	644	672	768	430	474	1098	1023	1286	1109	769	752
Psmb3_-_97703501.23-P1P2	Psmb3	2160	2410	2339	2811	2624	676	784	816	1293	610	1069	1471	1353	2030	1303	1265	1207
Ndufa6_-_82354039.23-P1P2	Ndufa6	1323	1340	1397	1496	902	355	510	529	575	341	527	1115	1308	1423	1068	768	632
Cfl2_+_54862737.23-P1P2	Cfl2	1028	1008	1185	1623	1412	385	556	352	794	376	677	573	1007	1344	895	802	667
Hspb1_+_135887996.23-P1P2	Hspb1	851	1289	758	865	1251	215	356	442	506	305	485	539	959	962	668	565	664
Hfe_-_23710734.23-P1P2	Hfe	2301	3035	2020	2515	3089	725	1038	990	1400	628	990	1490	1965	2325	1947	1387	1359
Ctsb_-_63122752.23-P1P2	Ctsb	1832	2284	2203	2339	2208	544	807	903	1097	582	1018	1540	1782	2431	1736	1444	1400
Pnp_-_50944551.23-P1P2	Pnp	1368	1686	1467	2205	1759	391	666	980	954	401	1037	978	1555	1733	1109	1248	918
Ryr1_-_29125093.23-P1P2	Ryr1	2435	2625	1728	2868	2395	671	1025	955	1305	700	1427	1690	2694	2322	1856	1361	1477
Hmbs_-_44342260.23-P1	Hmbs_P1	1934	2319	2077	2768	2588	535	947	823	1576	592	974	1755	2064	2495	1560	1466	1481
Dctn2_+_127266378.23-P1P2	Dctn2	1103	1192	670	1104	1120	294	397	451	689	358	656	533	746	1265	589	546	595
Gstm3_-_107969155.23-P1P2	Gstm3	2916	3933	3044	4431	3636	783	1510	1536	2248	936	1799	2278	2964	3992	2901	2475	2116
Trpc3_+_36689939.23-P1P2	Trpc3	1734	2508	1224	2044	2135	369	799	771	1199	489	802	1351	1963	1628	1216	923	830
Il4_+_53618374.23-P1P2	Il4	2805	2758	2865	3329	3539	841	1188	1024	1744	809	1555	1349	2421	3032	2321	1544	1793
1700013F07Rik_+_108537609.23-P1P2	1700013F07Rik	1617	1668	1401	1639	1273	469	621	626	710	491	842	993	1589	1439	938	717	774
Jun_+_95052147.23-P1P2	Jun	1837	2128	1764	2298	2499	613	878	847	1250	819	1047	1639	1632	1763	1075	972	1142
Ptgs2_+_150100318.23-P1P2	Ptgs2	613	945	986	924	938	152	301	238	531	180	472	533	827	793	347	495	495
1600014C10Rik_+_38183830.23-P1P2	1600014C10Rik	1898	2960	2266	3209	2770	877	1193	859	1511	756	1715	1565	2475	2680	2087	1552	1289
Apc2_+_80299150.23-P2	Apc2_P2	1791	2617	2509	2472	2316	501	932	860	1163	601	1146	1619	1541	1981	1452	1280	1210
Uba1_+_20662925.23-P1	Uba1_P1	2812	3451	3088	3283	3350	781	1298	1156	1830	652	1670	1767	2419	2780	2063	2016	1738
Slc33a1_+_63964558.23-P1P2	Slc33a1	1879	2308	1876	2318	2262	785	833	886	1165	608	1064	1371	1750	2260	1225	1213	979
Tmem63c_+_87026519.23-P1P2	Tmem63c	2094	2703	2407	2576	2221	749	844	856	1276	465	950	1503	1815	2042	1688	1351	1194
Vps13a_-_16780873.23-P1P2	Vps13a	2197	2502	2087	3022	1788	623	948	1173	1477	596	873	1538	2230	2312	1640	1540	1219
Slc5a6_+_31047984.23-P1P2	Slc5a6	2150	2768	2729	2948	3078	733	1275	856	2093	718	1188	1415	2294	2768	2021	1553	1433
Cdk5r1_+_80477068.23-P1P2	Cdk5r1	2378	2707	2038	3225	3287	819	1091	1661	1664	823	1034	1630	2513	3014	1688	1194	1628
Fzd2_-_102604649.23-P1P2	Fzd2	1504	1746	1477	1696	1608	549	653	680	1021	526	677	877	1322	1462	930	802	685
Tnfrsf1b_-_145246805.23-P1P2	Tnfrsf1b	868	724	887	1282	1284	250	443	639	571	222	486	584	835	1158	609	591	611
Grin1_+_25319151.23-P1P2	Grin1	1535	1695	1098	2091	1857	633	652	807	1149	415	777	996	1321	1883	1598	997	971
Fyn_-_39369817.23-P1P2	Fyn	1004	1345	1183	1449	1125	354	500	508	560	332	423	1011	982	840	803	866	481
Casp9_-_141793835.23-P1P2	Casp9	986	1185	751	1016	1194	232	566	573	511	379	379	767	981	1297	734	663	556
Hdac4_-_92148335.23-ENSMUST00000008995.8	Hdac4	1877	2359	2110	2514	2638	759	891	862	1508	611	963	1424	1549	2202	1618	1304	1193
Atxn2_+_121711827.23-P1P2	Atxn2	2277	3087	2728	3581	2903	868	1321	1231	2255	898	1433	1763	2138	2683	2002	1889	1527
Csnk1e_+_79442017.23-P1P2	Csnk1e	1793	2167	1828	2135	1859	472	762	790	957	462	922	990	1357	1492	1130	1134	1029
Psmb7_+_38643800.23-P1P2	Psmb7	1550	2137	1724	2286	1492	411	670	699	884	548	604	1092	1072	1349	785	909	776
Dab1_-_104367620.23-P1P2	Dab1	1073	1028	1080	1383	1396	302	459	554	932	421	754	805	770	1263	776	679	672
Tac1_+_7555063.23-P1P2	Tac1	997	972	1256	1274	1160	311	445	279	662	396	465	584	969	933	903	527	629
Gstm7_+_107931658.23-P1P2	Gstm7	3396	4292	2833	3586	3636	900	1352	1123	2243	918	2118	2002	2737	3270	1911	1893	2079
Fig4_+_41303198.23-P1P2	Fig4	1447	1526	1199	1393	1111	221	623	520	641	408	731	912	1360	1387	851	695	774
Abhd12_+_150904405.23-P1P2	Abhd12	1465	2181	1626	1886	1746	390	565	667	1185	560	868	1160	1238	1868	1014	865	1003
Thy1_-_44043440.23-P1P2	Thy1	2946	3647	3006	3764	3646	1240	1204	1510	2190	843	1576	2728	3119	3710	2323	1956	1862
Kcnc3_+_44590945.23-ENSMUST00000107906.3	Kcnc3	2683	2643	2226	2497	2444	918	1146	1356	1410	743	1325	1877	2475	2366	1253	1188	1517
Uchl1_+_66676474.23-P1P2	Uchl1	791	1307	945	1394	1189	328	588	397	787	253	651	850	1040	1306	1092	845	675
Tubb2b_+_34130334.23-P1P2	Tubb2b	831	984	927	1393	1455	373	409	448	718	309	632	1032	1132	1146	613	565	603
Pon2_+_5298299.23-P1P2	Pon2	1669	2314	1665	2738	2208	633	948	1031	1388	566	1067	1430	1507	2179	1412	1409	1141
Tfpi2_-_3968332.23-P1P2	Tfpi2	1760	2130	1222	2233	1633	397	704	655	891	390	865	950	1673	1674	1459	1387	1006
Atxn1l_+_109737500.23-P1P2	Atxn1l	1501	2582	1798	2509	2292	593	824	886	1299	608	1071	1471	1858	2189	1550	1166	1174
Slc2a1_-_119108879.23-P1P2	Slc2a1	995	1881	1572	1858	1515	439	524	525	714	464	913	1064	1412	1827	816	1057	1132
Ndufa13_-_69902824.23-P1P2	Ndufa13	2368	3013	2226	2554	2641	683	961	955	1402	604	1124	1800	2135	2174	1764	1547	1289
Ube2g1_-_72607283.23-P1P2	Ube2g1	2243	1961	1897	2164	2026	574	865	736	1540	643	951	1266	1913	1795	1218	1222	1405
Inf2_+_112588869.23-P1	Inf2_P1	1866	2160	1732	2115	1950	451	767	556	945	468	821	1209	1886	1494	1441	1259	1008
Pik3ca_-_32397278.23-P1P2	Pik3ca	2454	2817	2212	3341	2054	808	975	958	1555	679	1175	1411	2111	2484	2023	1532	1568
Scarb2_+_92505303.23-P1P2	Scarb2	955	1213	1250	1086	1147	268	286	373	724	257	436	546	856	1050	771	600	390
Ephb2_-_136835780.23-P1P2	Ephb2	1712	2023	1802	2449	2387	588	782	900	1197	350	1162	1316	1768	1725	1464	1253	1157
Mpo_+_87793754.23-P1P2	Mpo	2252	2548	2444	3091	2490	818	1120	623	1398	732	1313	1637	2101	2442	2109	1481	1416
Cbs_-_31637143.23-P1P2	Cbs	1938	2705	1799	3150	2592	758	956	1492	1423	782	1170	1535	2176	2709	2079	1419	1059
Txndc5_+_38528013.23-P1P2	Txndc5	2176	1977	1343	2600	1975	680	810	667	1415	527	1020	1213	1903	1292	1577	1230	1175
Adora1_-_134234817.23-P1P2	Adora1	2066	2645	2154	2587	2125	535	996	745	1435	598	1267	1568	1731	2491	1588	1395	1369
Elavl1_+_4324847.23-P1P2	Elavl1	2323	2712	2494	3233	2400	627	1048	1339	1864	859	1423	1927	2104	2416	1632	1695	1208
Bdnf_+_109693646.23-P1P2	Bdnf	1206	1996	1540	2188	1539	452	822	754	1245	513	793	1463	1277	1797	1350	803	999
Neurog2_-_127633334.23-P1P2	Neurog2	1840	1860	2163	2509	1953	572	798	618	1093	627	910	1007	2017	2099	1278	1064	1025
Vps35_+_85299443.23-P1P2	Vps35	3228	3078	2705	3928	3010	648	1294	1268	1932	764	1376	1534	2397	2828	2460	1805	1595
Fzd5_-_64737688.23-P1P2	Fzd5	2280	3431	2296	3099	3177	733	1377	1320	1417	826	1633	1973	3223	2477	2056	1636	1375
non-targeting_02739	non-targeting	1384	1652	1514	1624	1489	456	752	447	886	289	894	995	1311	1456	967	857	661
Notch3_+_32166661.23-P1P2	Notch3	2130	2115	1584	2515	2290	734	889	715	1508	593	1198	1558	1690	2258	1324	1525	1219
Psmd8_+_29180631.23-P1P2	Psmd8	1193	1738	1743	1630	668	228	345	268	555	146	168	470	617	570	299	401	454
Atrip_+_109074095.23-P1P2	Atrip	1027	1427	863	1430	1690	300	533	720	811	367	635	619	1002	1328	964	627	598
Nptx1_+_119547699.23-P1P2	Nptx1	1672	2360	1985	2248	1849	522	860	632	1063	592	863	1233	1634	1994	1736	998	1057
Gria1_+_57012036.23-P1P2	Gria1	1147	1986	1208	2049	1964	507	601	559	906	343	757	943	1235	1626	1111	1008	846
Ndufs2_-_171247061.23-P1	Ndufs2_P1	2363	2168	2488	2972	2469	723	1017	1162	1523	732	1219	1458	2629	2224	1737	1292	1503
Psmc6_-_45329853.23-P1P2	Psmc6	974	1490	1199	1736	1689	488	658	617	1067	303	519	816	1150	1307	1318	785	826
Hmgb1_-_149051226.23-P2	Hmgb1_P2	869	1105	1163	1213	1321	364	475	342	668	355	714	714	1125	1284	820	600	531
Fars2_-_36117858.23-P1P2	Fars2	2513	3195	2707	3449	2950	687	1221	1230	1844	745	1019	1620	2155	2393	1617	1482	1426
Uba1_-_20658497.23-P2	Uba1_P2	1747	1790	1765	2301	2219	595	728	887	1241	580	720	1158	2250	2207	1590	1178	1262
Gpx1_+_108339132.23-P1P2	Gpx1	1801	2051	1842	1937	2222	515	842	496	1302	415	1017	1462	1799	1930	1633	1244	1028
Slc18a1_+_69089128.23-P1	Slc18a1_P1	1433	1593	1837	2145	1113	221	389	489	562	364	310	584	716	903	641	731	618
Mfsd8_+_40846786.23-P1P2	Mfsd8	2727	2684	2656	3609	3262	969	1494	1438	1666	967	1507	1203	2581	2776	2453	1617	1393
Prickle2_-_92481342.23-P2	Prickle2_P2	1476	1673	1671	1735	2101	529	700	826	1393	576	492	1074	1257	1707	1284	943	997
Prickle2_-_92706151.23-P1	Prickle2_P1	871	1542	1174	1257	1023	303	487	304	475	228	580	688	1170	1071	807	506	785
Gfap_-_102897073.23-P1P2	Gfap	1337	2100	2158	2400	2170	780	1149	1114	1593	516	1086	1430	2131	2443	1674	1362	1272
Mtdh_+_34082966.23-P1P2	Mtdh	1299	1634	1403	1820	1676	504	674	779	853	564	1026	1283	1004	1541	1188	748	734
Adcyap1_+_93199390.23-P1P2	Adcyap1	1473	2151	1541	2086	2147	506	692	765	1143	516	1105	950	1861	1857	1496	1253	1140
Arsa_-_89476119.23-P1P2	Arsa	1113	1376	1192	1533	1325	412	492	519	993	410	840	913	1030	1528	999	844	910
Tia1_+_86404466.23-P1P2	Tia1	1375	2022	1493	1750	1794	363	679	880	1039	451	1079	1022	1086	1678	1266	1027	902
non-targeting_01819	non-targeting	1643	2657	1904	2351	2299	734	930	1112	987	606	1297	1461	1854	2369	1492	1185	1368
Ndufb7_+_83567097.23-P1P2	Ndufb7	1857	2432	2154	2411	2255	621	952	870	1509	570	1099	1559	1796	1876	1367	904	922
Ubtf_-_102318968.23-P1P2	Ubtf	3466	3669	2928	4173	3399	1139	1510	1157	1908	810	1700	2250	2656	3101	2485	2113	1971
Ambra1_-_91730228.23-P1P2	Ambra1	2188	2883	2593	2880	3147	773	1150	1044	2019	927	1328	1739	2339	2933	2084	1306	1694
Tead1_+_112679358.23-P1P2	Tead1	1625	1875	1328	1727	1477	477	641	546	1059	323	1247	1244	1417	1766	956	1011	942
Slc9a1_-_133369807.23-P1P2	Slc9a1	1801	2364	1377	2130	2660	722	908	993	1411	605	975	1254	1768	2388	1474	1173	896
Ppp1r1b_-_98348743.23-P1P2	Ppp1r1b	1766	2338	1256	2321	1621	557	737	763	1167	490	648	1066	1643	1775	1610	931	1214
Pmp2_-_10197190.23-P1P2	Pmp2	1839	1863	1661	2747	2132	775	923	625	1231	581	1024	1178	1313	1818	1334	1197	1332
Prickle1_-_93595866.23-P1	Prickle1_P1	1609	1726	1972	2654	2232	614	928	1206	1032	405	691	1330	1897	1973	1377	1225	1108
Nos3_-_24364859.23-P1P2	Nos3	1419	1988	1607	2227	1848	368	761	606	966	480	768	1167	1776	1581	1181	917	1028
Tmem184b_-_79403223.23-P1P2	Tmem184b	1423	1835	1645	2202	2135	558	698	836	1149	583	945	1263	1495	1807	1156	1307	950
Itpr2_+_146502121.23-P1P2	Itpr2	1548	1493	1194	1320	1505	458	652	566	1013	377	797	1008	1385	2053	1062	665	795
Ddhd1_-_45657869.23-P1P2	Ddhd1	1388	1809	1681	1964	2013	470	821	932	1254	377	792	1397	1828	1609	1339	974	1021
Ubc_-_125389710.23-P1P2	Ubc	1447	1844	1287	2251	1722	505	615	684	1198	467	895	1370	1322	1523	1194	969	1061
Calm1_+_100199553.23-P1P2	Calm1	2672	3233	2371	3086	2771	816	1159	963	1657	635	1380	1610	2225	2273	2294	1409	1517
Tubb4a_-_57087587.23-P1P2	Tubb4a	602	644	433	562	508	150	292	307	300	172	266	644	655	615	400	361	269
Gpx2_+_76795481.23-P1P2	Gpx2	2192	3371	1873	3050	3002	852	1070	849	1433	765	1183	1695	2564	2519	2006	1527	1478
Ntf3_+_126166713.23-P2	Ntf3_P2	1256	1589	1221	1454	1144	354	597	247	691	261	936	657	1035	1228	1172	812	681
Prdm8_+_98181076.23-P1P2	Prdm8	1630	1965	1351	2260	1991	560	808	817	1462	407	1146	1183	1791	1852	1348	1161	1046
Ogt_+_101640121.23-P1P2	Ogt	1800	1783	1472	2502	2067	414	846	783	1328	629	853	1149	1667	1753	1229	1293	1270
Vegfa_+_46032262.23-P1P2	Vegfa	1449	2204	1273	2219	1951	525	606	731	1062	508	920	987	1500	1926	1165	1123	915
Serpina3c_+_104153849.23-P1P2	Serpina3c	1032	1223	1018	1584	1450	270	508	516	634	350	582	755	1218	1238	772	621	536
Anxa1_-_20390673.23-P1P2	Anxa1	1267	1643	1147	1487	1092	290	543	472	1000	371	769	633	1146	1421	906	888	1097
Tfg_+_56717132.23-P1P2	Tfg	1284	1976	1316	1541	1713	376	440	646	832	412	622	786	1594	1691	1096	742	698
Exosc8_+_54734996.23-P1P2	Exosc8	1176	1519	1272	1581	1101	528	571	710	992	483	911	1025	1401	1243	1037	748	906
Fgf2_+_37348439.23-ENSMUST00000038885.3	Fgf2	1066	1632	1080	1245	1220	306	594	512	704	410	642	1096	1401	1245	915	759	669
Endou_+_97731273.23-P2	Endou_P2	2275	3245	2757	3382	3849	934	1611	1549	2209	917	1192	1845	2526	2856	2107	1750	1706
Slc6a3_-_73536865.23-P1P2	Slc6a3	1828	2258	1692	2535	2266	683	819	513	1354	434	1124	1193	1537	2284	1635	1137	1067
Ogt_+_101640157.23-P1P2	Ogt	1561	2205	1771	2113	2259	445	971	729	1635	443	624	1138	1579	2273	1324	1306	1271
Grin1_-_25319118.23-P1P2	Grin1	2499	3171	2420	2947	2542	730	1017	1138	1670	477	1260	1322	2023	2073	1826	1166	1211
Bcl2l1_-_152831471.23-P2	Bcl2l1_P2	1709	1795	1089	1853	2001	362	654	687	1263	585	917	1126	1370	1743	1230	978	1162
Egf_+_129755283.23-P1P2	Egf	1930	3124	2382	3332	3655	759	1237	1051	1445	729	1439	1837	2309	2721	1865	1722	1297
Cacna1c_+_118757959.23-ENSMUST00000112825.2	Cacna1c	2448	2440	2069	2725	2217	824	847	844	1512	651	1017	1419	1700	1853	1625	1161	1387
non-targeting_04268	non-targeting	1696	2749	1426	2444	2066	518	899	897	1279	453	856	1197	1514	1712	1585	811	882
Psen1_-_83688178.23-P1P2	Psen1	874	1598	1115	1624	1615	477	648	857	801	319	705	916	1225	1595	984	866	725
Csnk2a2_-_95488751.23-P1P2	Csnk2a2	1354	1771	1259	1781	1653	371	746	499	1011	489	975	1168	1787	2019	1382	836	1062
Pde4d_+_109953884.23-P1P2	Pde4d	2502	2998	2183	3556	2879	793	1323	1069	1762	770	1465	1967	2826	2805	2117	1797	1471
Casp9_-_141793871.23-P1P2	Casp9	1034	1504	1398	1478	1813	362	567	637	835	571	499	853	1565	1564	978	968	772
Adrm1_-_180171657.23-P1P2	Adrm1	3081	3865	2809	4306	3448	939	1252	1364	1865	968	1534	1651	3228	3726	2740	1771	1946
Endou_+_97721114.23-P1	Endou_P1	726	608	654	1007	709	85	428	316	371	234	221	434	654	874	701	553	483
Ndufs2_-_171237600.23-P2	Ndufs2_P2	1475	1794	1493	2212	1990	662	886	544	1140	621	1238	1127	1439	1911	1433	758	1018
Socs3_-_117969097.23-P1P2	Socs3	871	1264	1151	1345	1075	296	366	499	918	258	659	785	890	971	932	482	572
Myd88_+_119339975.23-P1P2	Myd88	1881	2421	1791	2233	1559	684	928	552	1421	520	1060	1417	1985	2079	1383	1242	1256
Atp2a1_+_126463084.23-P1P2	Atp2a1	1309	1489	1071	1614	1728	464	481	839	1169	491	750	977	1337	1301	1040	901	754
Rab11a_-_64737508.23-P1P2	Rab11a	1009	1390	998	1005	1240	259	413	626	651	348	340	748	816	1128	761	666	465
Abcb6_+_75180338.23-P1P2	Abcb6	2671	3539	2404	3659	3812	927	1304	1591	2017	863	1536	2013	2590	2991	2355	1913	1749
Eef2_-_81177956.23-P2	Eef2_P2	1800	2603	2375	2833	2383	536	930	1031	1431	765	1225	1775	1749	2269	1721	1451	1216
Prkca_+_108343633.23-P1P2	Prkca	1612	2167	1432	1967	1939	513	691	862	1101	434	710	1193	1235	1916	1251	1066	1009
H2-M10.2_-_36286436.23-ENSMUST00000023845.6	H2-M10.2	2028	2346	1709	2800	2485	639	933	631	1272	629	796	1486	1844	1994	1710	1209	1458
Rars2_-_34614988.23-P1P2	Rars2	1405	2223	2035	1994	1399	535	632	643	1159	397	582	928	1523	1312	1254	928	811
Cacna1s_-_136052806.23-P1P2	Cacna1s	1139	1603	1632	1428	1263	315	459	694	801	500	727	666	1326	1378	794	1034	1007
Dync1h1_+_110601501.23-P1P2	Dync1h1	2248	2387	1795	2807	1731	448	763	787	1184	487	867	1008	1965	2140	1174	1087	981
Ang_+_51091141.23-P2	Ang_P2	1479	1321	1002	1698	1167	281	556	438	1159	322	513	850	1673	1486	955	711	841
Gosr1_-_76763506.23-P1P2	Gosr1	1648	2151	1763	2655	2173	536	814	795	1368	464	769	1231	1379	1775	1407	1066	942
Cd200r1_-_44765863.23-P1P2	Cd200r1	1333	1710	1467	1952	1462	696	606	813	1293	606	861	1003	1784	2218	1165	878	1172
Wnk1_+_120038648.23-P1P2	Wnk1	1597	1974	1328	1820	1333	426	809	582	959	387	777	1044	1481	1420	1082	1108	646
Synm_+_67759717.23-P1P2	Synm	2212	2721	2218	2502	2585	693	1131	1059	1652	727	1477	1745	2430	2226	1823	1228	1213
Dvl1_-_155847482.23-P1P2	Dvl1	1191	1381	1338	1421	1303	401	509	857	857	461	964	1035	1230	1510	1219	843	882
Sema6b_+_56140350.23-P1	Sema6b_P1	1831	2316	2140	2323	2347	565	822	835	1462	661	1145	1173	1949	2093	1431	1107	1039
Slc12a1_-_125152645.23-P1P2	Slc12a1	1885	2747	1804	2367	2523	675	993	948	1621	524	1419	1440	2215	2860	1730	1374	1151
Aldh18a1_+_40588367.23-P1P2	Aldh18a1	1033	1108	825	1510	1384	169	345	534	554	352	684	815	1347	1386	941	842	779
Gsk3b_+_38089544.23-P1P2	Gsk3b	1549	2324	1206	2350	1829	490	744	685	1135	405	651	1007	1798	1955	1253	1049	1013
Pvalb_-_78206397.23-P1	Pvalb_P1	2636	2540	2218	3285	2464	845	1193	1066	1623	743	1297	1530	2637	3061	1690	1521	1632
Zfyve27_-_42170636.23-P1P2	Zfyve27	1396	1135	1303	1750	1649	462	575	772	1188	489	778	1037	1183	1646	1198	892	1043
Opa1_+_29579439.23-P1P2	Opa1	1539	1406	1865	1811	1683	467	744	527	902	328	823	1048	1306	1314	994	890	799
Lrriq3_-_155093543.23-P1P2	Lrriq3	1458	2010	1567	2184	1820	621	724	705	966	396	781	1354	1298	1598	1494	839	983
Cdk5r1_+_80477132.23-P1P2	Cdk5r1	3425	4230	3032	4124	3397	825	1665	1518	2134	1248	1925	1728	3043	3807	2127	2059	1870
Acan_+_79053221.23-P1P2	Acan	1995	2454	2632	2977	2439	608	852	756	1225	669	1068	1247	1832	2456	2030	1229	1331
Tuba3b_-_145616089.23-P1P2	Tuba3b	1201	1796	816	1463	1118	321	563	493	999	257	558	704	835	1440	875	626	761
Rac1_+_143527907.23-P1P2	Rac1	1963	2536	1975	2145	2409	711	1018	684	1191	601	934	1485	2389	2253	1376	972	1081
Cstb_+_78425771.23-P1P2	Cstb	1521	1847	1828	1821	1616	598	628	645	1413	552	655	1126	1620	1264	1018	978	919
Grm2_-_106656043.23-P1P2	Grm2	1743	2175	1928	2558	2024	548	783	908	1392	536	1239	1439	1598	2253	1449	1217	1223
Stc1_-_69029452.23-P1P2	Stc1	3030	3635	3284	3731	2912	952	1323	1538	2308	1036	1930	2339	2870	3635	2769	2254	2037
Ppp5c_+_17027831.23-P1P2	Ppp5c	1133	2073	1312	1452	1450	392	697	564	803	315	559	793	1426	1500	1053	748	826
Eif2s2_-_154892632.23-P1P2	Eif2s2	1456	1873	1279	2343	1790	387	851	543	927	436	661	1217	1276	1641	1210	893	832
Bcl11b_-_108004028.23-P1P2	Bcl11b	1999	3085	2365	2522	2272	611	916	1056	1520	746	1517	1448	2257	2559	1774	1476	1268
Atp2a3_-_72961255.23-P1P2	Atp2a3	1516	2235	1553	2411	1854	538	709	982	1066	622	994	1078	1415	2218	1043	1104	968
Fgd4_+_16600031.23-P1P2	Fgd4	1657	1947	1701	2096	1328	589	833	421	1417	370	841	1035	1649	1939	1385	891	1110
Znhit3_-_84916281.23-P1P2	Znhit3	1871	2203	1558	2422	1991	471	568	708	901	467	1362	1367	1809	2107	1367	1135	902
Atp5e_+_174463992.23-P1P2	Atp5e	1101	1583	1092	1732	1717	228	427	448	815	383	535	699	884	1125	628	600	684
Tbce_-_14039618.23-P1P2	Tbce	915	1082	888	1155	1383	251	475	387	793	289	697	932	858	1004	742	629	429
Dhtkd1_-_5942744.23-P1P2	Dhtkd1	1367	1258	1208	1925	1440	497	447	532	1225	443	811	644	1608	1374	1413	885	628
Stxbp5l_+_37384904.23-P1P2	Stxbp5l	1674	2237	1806	2121	2219	725	953	707	1225	439	848	1263	1830	1874	1438	1218	1191
Atp1a1_+_101604649.23-P1P2	Atp1a1	1401	1908	1509	1631	1420	627	577	589	989	544	772	747	1513	1818	1100	868	1017
Prkcb_-_122289236.23-P1P2	Prkcb	1082	1073	878	1299	1225	326	473	610	704	283	487	897	969	1326	657	609	590
Arih1_+_59486639.23-P1P2	Arih1	3003	3184	2708	3514	3643	926	1275	1010	2065	781	1672	2025	2821	3243	1963	1872	1650
Stx1a_+_135023603.23-P1	Stx1a_P1	1116	1908	1608	1674	1388	356	742	402	822	361	640	866	1252	1503	1051	991	864
Acan_-_79053275.23-P1P2	Acan	2370	3260	2286	3444	2988	886	1159	1084	1578	842	1472	1538	2350	2818	2426	1397	1714
Ftl1_-_45459889.23-P1P2	Ftl1	1148	1470	1357	1918	1582	405	568	678	863	362	813	1027	1446	1594	1296	866	845
Nos3_-_24364827.23-P1P2	Nos3	1485	1705	1491	1413	2009	398	811	920	1217	347	758	1074	1391	2049	1327	1068	861
Trem2_-_48346532.23-P1P2	Trem2	2183	2552	3143	2926	2486	790	1004	1125	1407	734	1180	1719	2161	2615	1678	1529	1374
Dpysl2_+_66868353.23-P1P2	Dpysl2	1411	2347	1574	2336	1920	376	640	735	953	425	716	967	1498	1456	1536	984	1121
Zfp597_-_3884471.23-P1P2	Zfp597	2177	3003	2092	2596	2461	557	1037	1005	1565	718	1111	1338	1918	2260	1744	1409	1432
Mcu_-_59616659.23-P1P2	Mcu	1512	1836	1342	2117	1676	569	626	454	815	484	750	1029	1302	1497	953	1053	843
Fzd7_+_59482150.23-P1P2	Fzd7	2296	2766	1815	2616	1886	674	948	952	1059	478	1050	1201	2270	2083	1737	1291	1291
Dntt_+_41029399.23-P1P2	Dntt	1138	1234	986	1274	1821	352	575	491	929	315	357	942	1031	1375	925	817	763
Ntrk2_-_58807941.23-P1P2	Ntrk2	1389	1999	1319	1502	1277	541	729	1027	1061	389	1024	968	1337	1283	1183	927	779
Psmd4_+_95042506.23-P1P2	Psmd4	1869	2024	1929	2534	2071	307	581	863	1150	456	787	892	1726	1890	1770	1189	1084
Mpp1_-_75130931.23-P1P2	Mpp1	894	1300	1170	1545	1347	332	441	572	757	274	657	660	1294	1068	897	747	742
Psma4_+_54950997.23-P1P2	Psma4	2467	2738	2256	2901	1132	236	475	549	606	364	460	629	773	877	815	628	590
Smcr8_-_60777586.23-P1P2	Smcr8	1890	2589	2508	2415	2664	567	903	777	882	570	974	1005	1979	2368	1555	1258	1448
Slc25a5_-_36795860.23-P1P2	Slc25a5	2215	3454	2472	2985	2397	783	1268	1077	1807	599	1131	1592	2239	2472	2179	1599	1351
Sptan1_-_29965701.23-P1P2	Sptan1	778	1253	725	1092	1076	263	408	304	722	256	434	524	1017	944	712	564	546
Ulk2_-_61855026.23-P1P2	Ulk2	2240	3170	2397	3544	2765	986	1438	1138	1563	816	1330	1824	2517	2909	2022	1801	1542
Xrcc1_+_24547225.23-P1P2	Xrcc1	2419	3184	2633	3012	2950	647	1158	1269	2040	793	1619	1732	2971	2859	1933	1628	1311
Ndufa1_+_37191084.23-P1P2	Ndufa1	1540	2007	1944	2207	2049	653	702	843	907	547	570	1513	1496	2077	1258	1179	985
Adap1_-_139325506.23-P1P2	Adap1	2305	2723	1872	2797	2695	840	867	1053	1287	697	1471	1541	1881	2488	1767	1394	1375
Sirt6_+_81627530.23-P1P2	Sirt6	2478	2982	2178	3053	2919	873	1081	1198	1677	830	1542	1913	2176	2988	1992	1433	1497
Eif2ak3_-_70844618.23-P1P2	Eif2ak3	1635	1845	1378	1961	1860	701	672	655	1153	522	1154	1288	1191	2680	1302	998	1047
Ntf3_+_126166538.23-P2	Ntf3_P2	2014	2614	2023	2715	2119	710	929	1084	1387	648	1367	1402	1705	2005	1575	1381	1041
Cav2_-_17281365.23-P1P2	Cav2	1580	1789	1497	1758	1810	454	697	593	1266	375	829	1152	1387	1553	1170	1045	960
Fzd8_-_9213036.23-ENSMUST00000041080.5	Fzd8	1770	2169	1771	2249	1897	656	790	967	1017	639	1093	1052	1541	1923	1390	867	988
Serpina1d_-_103773164.23-P1P2	Serpina1d	1689	1574	1003	2097	1841	520	753	859	1361	587	830	1211	1327	1654	1184	1040	1126
Braf_+_39725291.23-P1P2	Braf	1048	1363	1168	1422	1517	282	562	638	1190	416	528	742	1208	1311	943	681	739
Cnr2_+_135911891.23-P2	Cnr2_P2	2113	2591	2021	2849	2011	680	783	539	1489	653	1137	988	2162	1990	1664	1190	1382
Pgp_-_24470518.23-P1P2	Pgp	607	1177	808	1045	909	221	266	277	489	211	254	587	810	818	1002	392	412
Wnt4_-_137277529.23-P1P2	Wnt4	1742	2123	1740	2338	2281	592	994	854	1181	431	874	978	1887	2128	1369	1178	914
Coq7_-_118533234.23-P1P2	Coq7	1756	2008	1573	1844	1682	587	798	669	1082	515	1080	1075	1797	2065	1158	896	1132
Ttbk2_+_120850349.23-P1P2	Ttbk2	2121	2575	1739	2672	2451	633	1061	831	1291	833	1099	1257	1858	2142	1723	1036	1326
Psmb2_+_126677714.23-P1P2	Psmb2	2816	3372	2272	3238	3064	663	1266	1355	1997	686	1354	1739	2697	2821	2407	1744	1646
Apc2_-_80299137.23-P2	Apc2_P2	2583	2176	1800	2560	2111	499	958	1017	1398	468	1269	1308	1737	1978	1743	1099	1345
Mad2l1bp_+_46153493.23-P1P2	Mad2l1bp	1652	2223	1986	2065	1796	450	866	865	1318	603	1117	1068	1451	1736	1553	1123	969
Atp1a3_-_25005818.23-P1P2	Atp1a3	2506	3133	2964	3668	3021	809	1523	1518	1709	741	1717	1979	2325	3364	2179	1716	1711
Xk_+_9272796.23-P1P2	Xk	1296	1884	1604	1877	1861	495	795	763	1207	431	925	1295	1360	1756	1142	1040	917
Egr1_+_34861239.23-P1P2	Egr1	1674	1716	1179	2029	1640	621	557	530	974	476	810	1125	1349	1514	1612	1112	885
Fgf1_+_38918641.23-P1P2	Fgf1	1735	2239	1722	2304	1842	504	731	866	1516	536	1123	1323	1981	1871	1684	1381	1029
Dcaf8_-_172148143.23-P1P2	Dcaf8	1312	2073	1739	1977	2032	699	860	677	1641	530	771	1171	1594	1660	1313	1176	1008
non-targeting_03821	non-targeting	536	696	359	878	681	113	280	198	351	153	503	550	563	536	361	351	464
Elp3_-_65592855.23-P1P2	Elp3	676	1068	1275	1133	874	251	349	357	527	217	446	465	485	790	748	614	650
Ifnb1_-_88522816.23-P1P2	Ifnb1	1539	2008	1577	2243	1773	574	743	663	1323	546	1089	1529	1817	2002	1302	1001	1090
Ppp3cb_+_20546524.23-P1P2	Ppp3cb	2205	3029	2197	3182	3436	838	1059	1080	1865	854	1370	1650	2390	2792	2045	1394	1466
Trim2_-_84259715.23-P2	Trim2_P2	832	1018	734	993	982	293	374	297	621	193	504	556	781	1068	922	610	641
Park7_+_150914426.23-P2	Park7_P2	2570	3224	1977	3276	2905	722	1337	1173	1999	962	1223	1925	2455	3152	2427	1586	1495
Prph_+_99055209.23-P1P2	Prph	1726	2216	1674	2327	1745	458	769	752	1152	544	926	1214	1793	1811	1680	1109	1164
Cyp2d22_-_82380141.23-P1P2	Cyp2d22	2426	3251	2591	3154	3057	785	1321	943	1887	793	1535	1754	2419	3233	2491	1719	1719
Itm2b_-_73385223.23-P1	Itm2b_P1	1252	1519	995	1401	1345	310	454	409	681	253	392	864	590	963	906	594	630
Camk2g_-_20793972.23-P1P2	Camk2g	2232	3071	2207	2981	2640	878	1170	830	1819	670	1099	1746	2514	2926	1884	1407	1561
Nefl_+_68083898.23-P1P2	Nefl	1244	1389	1471	1773	1105	348	577	412	924	363	780	680	1516	1463	851	664	1014
Dnajc10_-_80315783.23-P1P2	Dnajc10	947	1758	1192	1650	1464	449	772	390	1046	482	893	999	1588	1738	828	1015	1010
Ndufb7_-_83566807.23-P1P2	Ndufb7	658	949	748	797	612	134	345	282	423	118	385	425	616	705	560	398	383
Jph3_+_121730344.23-P1P2	Jph3	1094	1396	1182	1486	1378	295	489	543	875	324	695	827	1254	1325	1035	688	770
Smurf2_+_106920694.23-P1P2	Smurf2	683	1436	849	975	1084	381	478	379	683	279	627	846	636	930	771	694	587
Chl1_-_103511391.23-P1P2	Chl1	2699	3356	3267	4719	3452	834	1540	970	2310	760	1951	2052	2904	3375	2377	1937	1805
Gcg_-_62483589.23-P1P2	Gcg	2439	2855	2142	2798	2885	741	815	1036	1245	733	1251	1567	2136	2237	1877	1282	1226
Plcb4_+_135742090.23-ENSMUST00000110109.1	Plcb4	2401	3334	2890	3152	3046	762	1275	1261	1613	567	1259	1399	2582	2394	2147	1312	1557
Fam168b_+_34842976.23-P1P2	Fam168b	1467	1693	1537	1716	1201	210	663	486	772	501	655	1075	1288	1570	1045	1046	896
Grin2d_-_45866614.23-P1	Grin2d_P1	1441	1860	1103	1928	1460	457	778	766	1048	472	873	1397	1632	1782	1308	905	799
Nbn_-_15958037.23-P1P2	Nbn	2518	3887	3337	3494	3593	886	1657	1527	1870	1072	1803	1714	2897	3382	2169	1845	1981
Cdca5_-_6085137.23-P1P2	Cdca5	1699	2096	1358	2765	2482	568	1045	723	1451	675	986	1526	1938	2116	1512	1137	1223
Ascc1_+_60002839.23-P1P2	Ascc1	1815	2163	2511	2602	2011	856	1159	841	1350	757	1289	1706	2093	2468	1767	1228	1466
Elavl1_-_4325001.23-P1P2	Elavl1	2391	2528	2176	2951	2560	966	1070	1004	1634	817	1140	1835	2098	1989	1750	1256	1448
Taf2_-_55072115.23-P1P2	Taf2	1805	2454	1786	2194	1629	516	912	998	1161	555	1185	1426	1466	1752	1335	1019	834
Ubc_-_125389680.23-P1P2	Ubc	1711	2057	1709	2155	1752	514	833	878	1169	526	934	1046	1879	1776	1473	1104	1129
Plb1_-_32247466.23-P1P2	Plb1	2140	2903	2252	2934	3040	653	962	1210	1888	757	1159	1385	2352	2847	2299	1493	1441
Pnkp_-_44857529.23-P1P2	Pnkp	1030	1766	1037	978	1027	265	357	518	546	265	542	503	775	1063	827	582	537
Reep1_-_71707878.23-P1P2	Reep1	1625	2268	1675	2009	2053	579	833	955	1101	598	763	1321	1739	2042	1079	1148	910
Serpini1_-_75557561.23-P1P2	Serpini1	1650	2000	1935	2372	1851	654	815	759	976	397	928	1395	1795	2008	1647	1246	1233
Mog_-_37023307.23-P1P2	Mog	3322	3898	3357	4333	3950	1054	1588	1941	2435	1003	1948	2352	3099	2887	2736	1985	1912
Afg3l2_-_67448959.23-P1P2	Afg3l2	1581	1721	1632	2311	1883	427	631	596	913	461	663	793	852	964	829	669	806
Mgrn1_-_4886305.23-P1P2	Mgrn1	1364	1891	1797	2081	1459	598	775	730	786	606	1168	1155	1692	1724	1296	1246	910
Apex1_+_50925001.23-P1P2	Apex1	1192	1425	1606	1347	940	118	326	488	361	124	306	510	473	550	524	381	315
Nr3c1_-_39490624.23-P1P2	Nr3c1	2124	2213	1759	2109	2555	518	791	1031	1639	417	850	1218	1684	2171	1415	1116	1078
Supt3_+_44777313.23-P1P2	Supt3	1478	1748	1226	1947	1890	411	873	630	1388	636	760	1083	1124	1707	1328	1234	1204
Letm1_+_33782581.23-P1P2	Letm1	1492	1528	796	1748	1161	312	590	676	657	265	768	726	916	1018	819	600	541
Hspb1_+_135887991.23-P1P2	Hspb1	1645	2081	1778	2323	1978	653	694	645	1105	548	895	1473	1732	2007	1521	1207	1250
Pik3cg_-_32208542.23-P1P2	Pik3cg	1805	2134	1549	1749	2146	395	841	672	1425	660	774	1385	1715	2161	1275	1011	967
Dync1h1_-_110601490.23-P1P2	Dync1h1	1012	1199	772	1086	1125	168	605	415	577	265	539	568	1022	1032	479	620	524
Uchl4_+_64235379.23-ENSMUST00000039011.3	Uchl4	1254	2013	1935	2578	1858	691	666	726	1362	396	946	1474	1970	2145	1219	1045	1060
non-targeting_03951	non-targeting	1614	2072	1473	2317	2490	509	839	650	713	492	1090	1394	1426	1860	1247	1025	1256
Atg2b_+_105685247.23-P1P2	Atg2b	2755	3155	2488	3661	2474	709	1371	949	2145	725	2023	1666	2740	2625	2231	1828	1779
Scp2_-_108118594.23-ENSMUST00000030340.8	Scp2	1403	1466	1145	1466	1445	374	658	824	1255	452	819	782	1426	1732	1023	954	795
Mcoln1_-_3500552.23-P1P2	Mcoln1	1128	1449	1228	1563	1563	316	361	564	813	481	677	820	991	1393	915	651	608
Mag_+_30914791.23-P1P2	Mag	1488	1932	1529	2175	1127	514	630	558	1174	382	589	1106	1315	1683	1091	858	841
Stxbp5l_-_37384903.23-P1P2	Stxbp5l	1701	2458	1703	2211	2388	718	1017	666	984	455	1029	1259	1448	2013	1585	1157	1348
Ccl3_-_83648981.23-P1P2	Ccl3	671	894	663	865	610	153	357	184	569	230	559	593	768	810	692	357	497
Snx27_+_94582542.23-P1P2	Snx27	2458	2712	2162	2492	2722	444	1002	687	1665	734	1151	1285	1991	2462	1779	1414	1378
Csnk1a1_-_61555315.23-P1P2	Csnk1a1	1138	1780	859	1477	1653	504	497	408	710	356	683	1100	1088	1246	765	553	881
Pick1_+_79229401.23-P1P2	Pick1	1361	1713	1307	1975	1623	275	683	527	914	301	664	729	1140	1654	872	915	890
Nr4a2_+_57114930.23-P1	Nr4a2_P1	1081	2040	1223	1905	1654	363	453	663	1138	401	689	1088	1354	1613	1664	871	933
Smn1_-_100124938.23-P1P2	Smn1	2660	3137	2848	3464	2280	506	729	724	1287	604	959	977	1568	1447	1011	932	1283
Vegfb_-_6987405.23-P1P2	Vegfb	2250	2970	2123	2617	2635	696	1186	1313	1575	626	1626	1701	2204	2833	1662	1578	1268
Folr1_+_101863890.23-P2	Folr1_P2	1791	2632	2064	2620	2419	776	864	564	1480	553	955	1639	1628	2182	1364	1225	1182
Spast_-_74338764.23-P1P2	Spast	1077	2095	1377	1796	1770	428	661	586	1095	530	852	864	1285	1410	859	826	881
Homer1_-_93304183.23-P1P2	Homer1	2003	2712	1854	2604	1849	536	888	1337	1240	565	1071	1338	1853	2006	1571	1366	1206
Pik3r4_+_105643040.23-P1P2	Pik3r4	1810	1856	1517	1900	1479	376	591	778	990	355	595	800	1289	1235	767	728	777
Naglu_+_101070131.23-P1P2	Naglu	2241	2795	1759	3008	2161	471	903	663	1209	481	1024	1323	1694	1960	1539	1035	1108
Fyn_-_39369823.23-P1P2	Fyn	2154	2137	2505	2304	2308	630	888	833	1322	466	1375	1370	2143	2114	1520	1135	1136
Sucla2_+_73552850.23-P1P2	Sucla2	2612	3111	2587	3594	2908	644	1153	1041	2049	729	1345	1955	2480	3225	2106	1975	1524
Zfp78_-_6363380.23-P1P2	Zfp78	1119	1399	1145	1277	975	211	476	296	779	228	508	579	834	1005	723	517	473
Atxn2l_-_126503293.23-P1P2	Atxn2l	1251	1476	1304	1431	1328	293	537	393	875	395	524	775	1171	1426	1030	665	770
Bdnf_+_109693695.23-P1P2	Bdnf	1158	1257	962	1316	1169	343	423	538	854	213	481	580	1089	1138	938	785	704
Sdf4_+_155993329.23-P1P2	Sdf4	1299	1941	1505	2142	1599	550	742	884	1263	306	762	962	1874	1975	1268	868	1148
Pak1_+_97842982.23-P1P2	Pak1	2032	2891	1789	2624	2625	672	910	873	1401	723	1010	1204	2080	2274	1617	1020	1324
Aaas_+_102350622.23-P1P2	Aaas	1642	1867	1691	2152	2313	650	964	633	1259	543	907	1132	1981	1832	1673	1086	1161
Rbpj_-_53590724.23-P1P2	Rbpj	905	1555	1732	1631	1700	540	459	462	537	272	764	802	1371	1289	876	1026	951
Ap4s1_+_51691085.23-P1P2	Ap4s1	1745	2239	2214	1895	1466	564	724	666	1360	504	1297	1219	1441	1805	1318	1106	1037
H2-M11_-_36547125.23-ENSMUST00000041964.6	H2-M11	1260	1324	1304	1689	1321	427	500	626	742	378	682	727	1097	1523	1056	689	979
Kif5c_+_49619365.23-P1P2	Kif5c	903	1246	1076	1682	1277	375	460	480	851	368	931	748	1081	1280	1034	651	707
Pnpla6_-_3515465.23-P1	Pnpla6_P1	1575	1974	1759	2591	2056	583	866	1008	1183	578	1034	1512	1759	2063	1804	1284	897
Srsf7_+_80207151.23-P1P2	Srsf7	2506	2855	2670	2928	2496	929	1208	885	1950	612	1430	1588	2558	2275	1804	1885	1995
Ighmbp2_+_3282993.23-P1P2	Ighmbp2	915	1078	1121	1353	1222	385	430	698	601	222	524	731	669	778	999	474	543
Aicda_-_122553856.23-P1P2	Aicda	835	851	1347	1511	897	283	433	300	489	303	639	495	815	885	970	418	666
Plcb2_-_118728342.23-P1P2	Plcb2	473	729	610	510	748	75	276	338	195	167	319	725	559	784	280	255	403
Hfe_+_23710599.23-P1P2	Hfe	1877	2306	1883	2507	2213	394	880	921	1503	429	1224	1382	1988	2246	1512	1283	1243
Cav2_+_17281419.23-P1P2	Cav2	2231	1896	1578	2161	2025	345	692	642	1023	505	842	1155	1434	1808	1552	979	1118
non-targeting_02744	non-targeting	2677	3448	2505	3119	2611	864	1092	1341	2132	817	1369	1743	2387	2709	1923	1797	1409
Rab7_+_88045183.23-P1P2	Rab7	827	1193	1133	1254	993	155	377	385	659	369	466	460	781	866	709	614	491
Cox8a_-_7217538.23-P1P2	Cox8a	1096	1354	1093	1391	1716	439	788	448	995	352	503	990	1177	1415	1294	933	867
Apc_+_34221165.23-P1	Apc_P1	2800	3184	2410	3460	3187	988	1204	1230	2280	898	1422	1658	2371	3064	2360	1910	1762
Atrx_+_105929332.23-P1P2	Atrx	2158	2901	2727	2619	2070	538	753	1099	1166	550	1494	1333	1732	1701	1341	1595	1254
Psmb1_-_15498200.23-P1P2	Psmb1	1297	1631	1299	1378	1977	435	711	399	835	298	1040	952	1284	1689	1005	752	865
Maoa_-_16619962.23-P1P2	Maoa	1452	1343	1809	1955	1713	278	656	468	1029	370	712	945	1210	1460	1101	782	771
Mutyh_-_116807768.23-P1P2	Mutyh	2576	2442	1945	3439	2566	566	999	1024	1398	678	1317	1192	1930	1833	1329	1084	1209
Kcne3_+_100176682.23-P2	Kcne3_P2	1472	1720	1390	2250	2269	445	539	806	1227	537	747	954	1488	1895	1347	935	1041
Ppt2_+_34627369.23-P1P2	Ppt2	2506	3362	2532	3312	2568	908	1251	1206	1626	682	1043	2015	2792	2994	1940	1663	1822
Ppara_+_85735787.23-P1P2	Ppara	2112	2770	2435	2936	2541	579	883	918	1715	574	901	1313	2090	2209	2189	1390	1529
Aimp1_+_132683804.23-P1P2	Aimp1	1313	1862	895	1783	1303	445	552	625	953	364	677	1109	1199	1558	924	882	877
Plcb3_+_6969691.23-P1P2	Plcb3	1704	2055	2041	2338	2364	398	663	972	1142	725	1138	1140	1873	1776	1823	1161	1009
Calb2_+_110168143.23-P1P2	Calb2	1062	1277	1223	1338	1039	269	529	379	727	149	518	595	1161	1038	1031	583	587
Txndc5_-_38528412.23-P1P2	Txndc5	1691	1701	1403	1800	1543	517	735	454	873	410	713	747	1337	1829	960	889	946
Dnajc6_-_101508204.23-P1P2	Dnajc6	2024	2057	2018	2517	1332	506	848	807	1109	439	983	1353	1460	1820	1746	1503	834
Znhit3_+_84916304.23-P1P2	Znhit3	1834	2942	2248	2931	2796	591	918	892	1209	702	1152	1491	1921	2280	1783	1497	1326
Ogdh_+_6291644.23-P1P2	Ogdh	2348	2261	1939	2707	2432	504	1125	1062	1564	534	892	1725	1802	1962	1412	1163	1042
Chchd10_+_75935941.23-P1P2	Chchd10	1576	1678	1575	1863	1926	678	756	796	1131	457	922	975	1626	1719	1661	1077	1004
Esr2_+_76177056.23-P1P2	Esr2	2297	1774	1842	2470	1917	699	837	993	1158	472	1143	1594	1717	1724	1277	1158	972
Prdm8_-_98181279.23-P1P2	Prdm8	935	1527	1051	1698	1212	296	568	582	1055	336	566	964	1114	1595	901	825	953
Kcnc3_+_44590682.23-ENSMUST00000107907.2	Kcnc3	938	1461	1086	1384	1094	246	498	590	565	298	524	807	1152	1335	1024	901	746
Egr2_-_67535550.23-P2	Egr2_P2	1594	1539	1715	2180	1900	501	732	685	1203	508	931	935	1401	1994	1414	1043	926
Dagla_+_10304830.23-P1P2	Dagla	1524	1985	1583	2285	2051	497	943	719	1014	508	1020	1040	1559	1856	1402	1296	1021
Nrbf2_+_67285284.23-P1P2	Nrbf2	1713	2125	1825	2462	2475	715	953	787	1273	616	1314	1377	1935	2291	1657	1251	1087
Myd88_-_119339944.23-P1P2	Myd88	961	1464	960	1399	1382	247	509	419	467	292	520	865	1062	1255	678	541	680
Vps13d_+_144974661.23-ENSMUST00000097796.2	Vps13d	1632	1684	1478	2243	1390	446	760	594	1003	389	750	1463	1310	1657	1513	1085	1062
non-targeting_01226	non-targeting	1247	1431	1498	1938	1857	441	697	700	857	396	638	734	1343	1547	977	835	1039
Zfyve1_+_83597130.23-P1P2	Zfyve1	1555	1765	1764	2059	1889	429	725	733	1018	391	791	1077	1407	1904	1144	907	913
Ccdc88a_-_29373688.23-P1P2	Ccdc88a	1757	2622	1853	2553	1975	483	986	1106	1575	559	1008	1125	1508	1966	1781	1323	965
Cox6c_+_35937932.23-P1P2	Cox6c	1205	1463	886	1138	1061	367	404	447	719	386	599	661	1144	1365	725	652	586
Clu_-_65968660.23-P1	Clu_P1	2319	2503	2201	2578	2654	785	1313	1014	1592	630	1560	1606	1977	2183	1815	1439	1257
Trap1_+_4077789.23-P1P2	Trap1	1503	1938	1224	1766	1584	445	703	408	918	409	638	655	1503	1727	1559	828	830
Eef2_+_81178041.23-P2	Eef2_P2	2076	3088	2564	3209	2650	833	1095	1060	1738	757	1198	1705	2377	3264	2244	1582	1671
Brca1_-_101551830.23-P1P2	Brca1	2182	1959	2111	2486	1844	533	825	790	1486	570	1200	1231	1732	2129	1162	1141	1356
Prkcg_+_3303554.23-P1P2	Prkcg	2118	2416	2112	3187	2620	648	1008	888	1146	608	1420	1672	2282	2572	1627	1441	1246
Apc_-_34247697.23-P2	Apc_P2	1618	1775	1235	2022	1637	661	854	821	1073	530	980	1350	1796	2171	1200	1172	1009
Cxcl13_-_95956975.23-P1P2	Cxcl13	3269	3908	2518	4037	3649	1095	1288	1622	2311	989	1669	2256	2822	3988	2629	2661	2191
Stip1_+_7039948.23-P1P2	Stip1	2647	2582	2207	3157	2565	747	1033	951	1369	466	1475	1892	2907	3013	1939	1724	1763
Scn11a_-_119825400.23-P1P2	Scn11a	508	700	710	1090	982	311	480	617	381	200	328	633	645	752	615	396	366
Cst10_-_149405327.23-P1P2	Cst10	1373	2077	1359	1913	1936	454	721	501	1218	547	797	1121	1201	1625	1212	925	1128
Htra2_+_83054450.23-P1P2	Htra2	1339	1893	1544	2275	1851	398	703	678	761	492	616	949	924	790	791	574	556
Litaf_-_10993034.23-P1P2	Litaf	3340	3016	2851	4262	3452	914	1320	1769	2059	903	1892	2314	2801	3009	2039	1805	1854
Syt1_+_109010835.23-P1P2	Syt1	548	752	710	1182	1538	241	366	649	557	223	551	633	1059	1088	976	646	464
Elovl5_+_77917410.23-P1P2	Elovl5	707	783	913	982	981	325	315	357	471	249	511	436	780	856	464	464	469
Gpx4_-_80053641.23-P1P2	Gpx4	1346	1761	1163	1967	804	289	335	177	395	268	336	450	333	708	236	287	236
Cox7c_+_86046574.23-P1P2	Cox7c	1954	2429	2032	2591	2141	567	789	1065	1345	800	994	1642	1800	2761	1236	1236	1346
Fggy_-_95557548.23-P1	Fggy_P1	1728	2073	1719	2326	1624	552	738	780	1412	467	1154	1114	1425	1560	1412	1062	787
Cdk6_-_3344228.23-P1P2	Cdk6	1492	2305	1963	2145	2099	398	689	752	1397	481	733	1179	1743	1613	1423	949	940
Tubb6_-_67390763.23-P1P2	Tubb6	2656	3242	2815	3909	3134	783	1043	974	1618	646	1126	1372	2148	2894	1908	1451	1676
Elk1_-_20950530.23-P1P2	Elk1	1777	2233	1518	2249	2343	621	893	1207	1119	604	935	1310	1552	1604	1343	1355	1134
Ndufab1_+_122101618.23-P1P2	Ndufab1	1637	1935	1594	1790	2120	510	620	712	980	488	812	1086	1723	1819	1239	1198	991
Igf1_+_87861409.23-P2	Igf1_P2	1973	1678	1877	2129	1541	425	817	614	1179	584	762	1243	1852	1463	1487	1270	1064
Wipi1_-_109611317.23-P1P2	Wipi1	1578	2481	2432	2688	2898	618	969	920	1549	638	883	1380	1734	2434	1804	1522	1227
Nbn_-_15958024.23-P1P2	Nbn	1571	2066	1356	2089	1702	567	776	795	1328	482	897	1200	1737	1541	1089	968	935
Alg14_+_121291749.23-P1P2	Alg14	775	737	810	977	791	255	331	374	503	174	528	470	465	803	568	393	385
Mfn1_+_32529584.23-P1P2	Mfn1	1449	1871	1057	2135	1779	501	671	769	1007	460	712	864	1767	2033	1347	1057	935
Adora2a_-_75317156.23-P1P2	Adora2a	2145	2134	2068	2667	1969	797	1007	788	1746	462	1285	1273	1601	2588	1624	1407	1224
Uba1_-_20658501.23-P2	Uba1_P2	1294	1652	1176	1850	1928	426	608	569	938	425	920	1044	1399	1324	1113	966	1054
Txnip_+_96557985.23-P1P2	Txnip	2001	2299	2021	2552	2536	735	830	698	1201	640	733	1617	1685	1943	1539	1158	1186
Calm3_+_16923933.23-ENSMUST00000019514.9	Calm3	1894	1988	1606	2234	2121	449	661	775	1106	584	972	1168	1977	1919	1342	1017	1047
Atp2a3_-_72961234.23-P1P2	Atp2a3	1922	2173	1944	2386	2416	563	845	1086	1525	674	874	1537	1904	2110	1910	1403	1265
Rtn2_+_19282846.23-P2	Rtn2_P2	1188	1550	1123	1497	1515	379	471	384	607	289	636	1097	974	1367	1126	918	706
Sos1_+_80480413.23-P1P2	Sos1	1421	2631	1819	2885	2327	686	892	1077	1474	468	1292	1632	2185	2015	1346	1010	1313
Calm4_-_3838036.23-ENSMUST00000042219.4	Calm4	1616	1681	1693	2117	1699	419	816	697	1043	372	992	876	1592	1805	1188	869	1014
Cln6_-_62838859.23-P1P2	Cln6	1069	1594	1049	1684	1275	400	582	567	866	312	468	905	1217	1592	990	1006	689
Tfrc_+_32609046.23-P1P2	Tfrc	1333	1974	1179	1846	1003	544	616	758	1078	458	708	865	1672	1362	763	725	796
Kcna1_+_126645774.23-P1P2	Kcna1	1448	1432	1300	1676	1977	521	714	593	1212	371	836	714	830	1539	1137	922	927
Exosc9_+_36552680.23-P1P2	Exosc9	1121	1414	1385	1656	1092	180	241	241	517	235	366	182	383	342	302	179	239
Dnah12_+_26771262.23-ENSMUST00000073309.4	Dnah12	1609	1865	1365	2145	1332	638	809	649	1337	361	565	1000	1588	1819	1097	1063	1086
Ubtf_-_102318709.23-P1P2	Ubtf	1758	1991	1624	2441	2287	471	703	575	1381	564	1175	1262	1816	2170	1246	1083	1019
Map2_-_66322043.23-P2	Map2_P2	1942	2425	1854	1978	2543	571	638	943	1362	585	1119	1313	1564	2150	1714	1381	1086
Rbm8a_-_96630379.23-P1P2	Rbm8a	876	1079	621	1259	857	267	386	528	481	263	414	609	742	901	657	490	510
Rars2_-_34615041.23-P1P2	Rars2	1796	2202	1369	2315	1488	537	709	712	1339	436	899	1086	1048	1405	1076	707	1017
Dnah14_+_181741449.23-ENSMUST00000160345.1	Dnah14	1756	2301	1557	2630	2587	605	961	959	1359	709	982	1434	2411	2406	1369	1333	1217
Pten_+_32757626.23-P1P2	Pten	1301	1743	1191	1668	1488	378	853	636	1112	571	914	959	1110	1757	1542	1037	693
non-targeting_01057	non-targeting	1591	2334	1997	2505	2434	776	973	638	1269	776	908	1214	2025	1873	1684	1062	1187
Derl1_-_57892425.23-P1P2	Derl1	1643	1730	1130	1698	1862	573	893	648	1039	595	1165	1250	1661	2022	1458	920	995
Ache_-_137288315.23-P1P2	Ache	2293	3591	2524	3388	3176	733	1276	1100	1739	813	951	1463	2937	2405	2200	1385	1347
Litaf_+_10993056.23-P1P2	Litaf	2181	3048	2397	3094	2495	667	998	995	1640	635	1283	1426	2206	2138	1897	1451	1272
Eef2_+_81177737.23-P2	Eef2_P2	2166	2573	1879	2791	2184	525	608	671	1185	417	795	1050	1171	1069	959	1022	745
Map2k2_+_81105953.23-P1P2	Map2k2	1326	1797	1613	1980	2015	547	824	715	1163	600	693	1056	1657	1974	1281	1077	811
Atg2b_+_105685213.23-P1P2	Atg2b	2619	3912	3179	3714	3357	1098	1369	1356	2097	786	1374	1875	2944	3365	2457	1926	2188
Atg14_+_47568179.23-P1P2	Atg14	2902	2814	2977	3563	3208	908	1310	1199	1812	775	1684	2234	2506	2886	1766	1514	1536
Nefh_+_4947797.23-P1P2	Nefh	2079	2634	2427	2753	2605	737	1186	1129	1324	654	1000	1650	1740	2504	1610	1454	1254
Txn2_+_77927889.23-P2	Txn2_P2	1334	2128	1523	2397	1908	505	778	609	1122	550	655	908	1713	1648	1739	1081	1187
Tmem106b_+_13070041.23-P1P2	Tmem106b	1419	1959	1724	2243	1945	474	742	655	1263	517	945	1242	1983	1482	1562	1053	943
Pde9a_+_31386328.23-P1P2	Pde9a	2983	3423	2820	3249	2231	620	1231	1586	1672	910	1655	1794	2277	2881	2116	1536	1850
Mars2_+_55237215.23-P1P2	Mars2	1726	2611	1986	2493	2000	497	784	1066	1130	535	863	1410	1278	1365	1289	976	844
Kcnc3_+_44590685.23-ENSMUST00000107907.2	Kcnc3	2012	2621	1498	2631	2458	638	1036	763	1081	691	1163	1079	2470	1829	1366	1187	1324
Gm7030_-_36129105.23-P1P2	Gm7030	1285	1509	913	1703	1575	320	423	387	751	310	470	858	1240	1342	720	681	930
Pik3r5_+_68432198.23-P1P2	Pik3r5	1415	998	1408	1507	1401	416	522	569	686	308	562	906	1176	1597	1074	504	808
Oxr1_+_41449036.23-ENSMUST00000179393.1	Oxr1	2106	2823	2078	2224	2370	643	937	862	1292	525	930	1467	1588	2062	1586	1198	1254
Morc2a_-_3649295.23-P1P2	Morc2a	1809	2133	1534	2536	1863	490	815	822	1346	464	1239	1002	1682	1730	1503	1257	1128
Tomm20_-_126945861.23-P1P2	Tomm20	3028	3556	2636	3497	3309	744	1533	1476	1896	760	1352	2048	2843	3263	2070	1690	1701
Gap43_-_42340285.23-P1P2	Gap43	729	652	522	837	899	172	288	249	486	207	417	444	572	804	460	372	473
Hmbs_-_44344130.23-P2	Hmbs_P2	1326	1450	1399	1594	1440	394	696	471	1119	415	749	1219	1302	1623	1354	853	843
Colec11_-_28623254.23-P1P2	Colec11	1631	2336	1671	2594	1818	633	827	889	1152	449	1425	1101	1748	1926	1851	1386	1143
Chrm1_+_8664314.23-P1P2	Chrm1	2736	3399	2347	3404	2785	745	1359	901	1661	852	967	1774	2895	2775	2289	1745	1862
Tyrobp_+_30413854.23-P1P2	Tyrobp	1301	1776	1334	1560	1345	507	448	442	1024	457	654	779	1087	1465	1035	657	885
Psmd7_-_107588378.23-P1P2	Psmd7	1229	1398	1309	1166	1123	364	440	578	563	303	826	705	785	1154	683	477	593
Rasgrf1_+_89909928.23-P1P2	Rasgrf1	1177	1642	1153	1312	1808	380	589	733	1298	341	639	906	1162	1779	1096	774	811
Klc2_+_5118234.23-P1P2	Klc2	1696	2041	1799	2659	2519	562	875	925	1627	515	1234	1418	1856	1961	1469	1117	1056
Psmd6_-_14120938.23-P1P2	Psmd6	1422	2084	1622	2197	1286	262	486	654	768	470	748	682	796	1153	896	767	734
Zfp46_-_136286117.23-P2	Zfp46_P2	2253	2487	1709	2441	1695	552	940	861	1831	695	1135	1439	1625	2027	1735	1134	1185
Npy_+_49822721.23-P1P2	Npy	3142	3448	2887	3860	2744	837	1163	1452	2164	893	1560	1871	2980	3194	2207	1574	1717
Egf_-_129755249.23-P1P2	Egf	2311	3170	2811	3298	2402	883	1224	1006	1647	641	1783	1562	2325	3014	2168	1763	1516
Synm_+_67759732.23-P1P2	Synm	2320	2712	2381	2749	2289	693	834	1156	1717	559	1094	1569	2412	2518	1779	1664	1582
Tubb2a_-_34077987.23-P1P2	Tubb2a	2190	2310	2032	2670	2361	557	976	1275	1553	635	963	1599	2045	2251	1689	1390	1613
Tsn_+_118311204.23-P1P2	Tsn	1858	2286	1688	2697	2007	518	702	880	1550	463	1134	1243	1754	2115	1501	1228	1121
Kcnc1_-_46396565.23-P1P2	Kcnc1	1373	1575	1271	1920	1521	553	738	702	1035	563	899	1141	1610	1722	1367	987	807
Wnt11_-_98839044.23-P2	Wnt11_P2	2715	3407	2181	3350	2858	776	1352	757	1690	836	1164	1792	2808	2648	1912	1554	1567
Gabarapl1_+_129533245.23-P1P2	Gabarapl1	912	1118	1006	1184	1387	230	586	192	913	345	448	635	901	1204	836	496	663
Cd200r2_-_44867116.23-P1P2	Cd200r2	1712	1618	1382	1609	1634	529	483	711	1124	392	787	960	1073	1557	981	971	936
Mtpap_-_4375624.23-P1P2	Mtpap	2594	2975	2872	3630	3003	919	1263	1256	1483	653	1079	1671	2309	2830	2499	1637	1890
Blmh_-_76945799.23-P1P2	Blmh	1281	2014	1151	1945	1618	588	746	663	1033	541	865	1397	1826	1468	1100	1130	1151
Nr4a2_+_57124053.23-P2	Nr4a2_P2	2021	2221	1911	2673	2605	626	1016	698	1505	584	1118	1417	1901	2340	1498	1238	1344
non-targeting_01061	non-targeting	1231	1497	1531	1672	1420	506	636	613	875	467	851	1389	1101	1929	1205	963	1068
A2m_+_121636640.23-P1P2	A2m	2419	2499	2330	2717	2801	695	1055	993	1755	618	940	1733	2794	2554	1626	1393	1460
Syn1_-_20920819.23-P1P2	Syn1	2333	2849	2400	2680	2214	802	947	1051	1601	728	1099	1893	2517	2753	1705	1565	1311
Calm3_+_16924070.23-ENSMUST00000019514.9	Calm3	1886	2513	1405	2774	2106	585	756	873	1153	578	1358	1378	1869	2396	1190	1120	1276
Fzd6_-_39006326.23-P1P2	Fzd6	1713	2285	1543	2036	1571	472	922	949	1259	579	792	1239	1179	1606	1389	1026	978
Atr_-_95857693.23-P1P2	Atr	1212	1517	1472	1531	1212	382	688	495	587	355	685	764	1261	1049	971	653	679
Rab39b_-_75578160.23-P1P2	Rab39b	1528	2275	1908	2638	2184	609	893	1029	1277	584	1030	1340	2293	1765	1267	1170	1191
Atxn7_+_14012743.23-P1P2	Atxn7	2355	2623	2684	2712	2902	806	1177	1164	1503	909	1534	1938	2508	2591	1846	1324	1401
Bace1_+_45838866.23-P1P2	Bace1	3411	4160	2867	4183	3475	986	1433	1749	2394	966	2301	1758	3319	3728	2244	2228	1777
Atp1a1_+_101604654.23-P1P2	Atp1a1	1567	1960	1384	1819	1773	399	598	611	1055	386	977	966	1551	1267	1053	742	925
Spg21_-_65460986.23-P1P2	Spg21	599	946	719	807	854	234	286	125	403	101	289	582	374	786	534	464	474
Erlin1_+_44069713.23-P1P2	Erlin1	2704	3180	2951	3429	3591	824	1307	1346	1958	759	1690	1623	2334	2852	1993	1998	1678
Wnt1_+_98789942.23-P1P2	Wnt1	1793	2670	2058	2462	1845	569	752	969	1265	557	926	1123	1746	1922	1630	1022	1112
Renbp_+_73930779.23-P1P2	Renbp	2052	2898	2374	3143	2576	844	1063	1001	1486	726	1231	1532	1939	2698	1745	1697	1641
Ogg1_+_113327044.23-P1P2	Ogg1	2352	3484	2868	3787	3344	759	1341	1353	1604	653	1485	1863	2563	2962	2117	1770	1568
Smn1_-_100124903.23-P1P2	Smn1	2542	3332	2242	3632	3258	661	1091	988	1768	698	1126	1908	1878	1947	1462	1144	1431
Slc1a2_-_102706478.23-ENSMUST00000111212.1	Slc1a2	1829	1961	1295	2019	1975	691	593	771	1063	443	920	1452	1715	1675	1419	1136	873
Sigmar1_-_41741302.23-P1P2	Sigmar1	2693	3882	2794	4369	3049	1108	1270	1136	1888	852	1366	2053	2506	2344	2364	1834	1502
Anxa5_-_36475606.23-P1P2	Anxa5	2664	2908	2738	3119	2934	972	991	1119	1982	732	1605	1649	2659	2585	2102	1395	1438
Wwox_-_114439896.23-P1P2	Wwox	862	1184	1201	1042	1052	322	482	279	835	177	509	683	708	815	742	715	514
Nras_-_103058368.23-P1P2	Nras	2820	3357	3992	3601	3543	972	1501	887	2183	783	1331	1815	2803	3102	2486	1829	1859
Atg2b_-_105685177.23-P1P2	Atg2b	1932	2280	1789	2926	2388	643	871	792	1503	574	975	1770	1811	2331	1873	1337	1458
Abl1_-_31688573.23-P1P2	Abl1	1483	2020	1793	1871	1884	520	609	518	920	343	719	1267	1363	1532	1179	929	903
Zfyve27_-_42170610.23-P1P2	Zfyve27	1082	1244	1436	2030	1189	371	744	391	945	465	737	874	898	1367	891	779	848
Casp12_+_5345516.23-P1P2	Casp12	1770	2323	1649	2648	1732	458	773	867	1137	613	833	1179	2035	1709	1475	1225	1116
Pla2g6_-_79328130.23-P1P2	Pla2g6	2280	2675	2192	2834	2197	667	1104	760	1462	630	1240	1717	2069	2170	1831	1341	1343
Apex1_+_50925037.23-P1P2	Apex1	864	1384	1371	1284	1413	377	498	388	808	335	625	790	1295	1363	857	788	685
Eno2_-_124769533.23-P1P2	Eno2	1634	2064	1743	2515	2194	591	866	907	1494	466	1196	1249	1474	2351	1397	1360	1095
Mme_-_63300205.23-P1	Mme_P1	1926	2153	1327	2116	1714	429	942	572	1455	533	976	1151	1629	1742	1227	1138	1104
Csnk2b_-_35121236.23-P1P2	Csnk2b	1397	1426	1100	1272	1269	408	636	696	614	361	723	615	913	1414	769	686	706
Sqstm1_-_50210775.23-P1	Sqstm1_P1	909	1485	866	1237	1166	257	381	465	917	277	592	645	1110	975	1173	685	623
Nras_-_103058355.23-P1P2	Nras	2564	3089	2860	3851	3490	813	1267	1510	1926	869	1309	2072	2559	2829	2523	1987	1807
Nipa1_+_56019339.23-P1P2	Nipa1	2028	1977	1978	2443	2341	478	777	785	987	507	1127	1592	1789	1955	1896	1378	1149
Pla2g5_-_138819208.23-P1P2	Pla2g5	1023	1445	1205	1531	1813	376	668	589	1211	298	689	620	1449	1303	1237	803	626
Il17a_-_20730920.23-P1P2	Il17a	1933	2677	2239	2599	2422	708	1044	904	1521	485	1188	1361	1969	2189	1710	1481	1328
Elavl2_-_91376380.23-P1P2	Elavl2	1876	2136	1254	1987	1902	445	706	792	1032	415	954	1080	1729	2028	1379	1086	836
Fgf13_-_59134736.23-P1P2	Fgf13	1880	2487	1704	2577	2455	807	942	896	1244	632	863	1266	2034	2132	1472	1086	1094
Becn1_+_101302220.23-P1P2	Becn1	997	1921	1630	2239	1691	586	459	642	748	435	718	861	1284	1410	1203	871	860
Agtpbp1_-_59557244.23-P1P2	Agtpbp1	1778	2443	2193	2374	1707	756	1032	951	1078	625	1183	1281	1661	2278	1492	1161	1292
Ctnnb1_+_120933898.23-P1P2	Ctnnb1	2264	2893	2121	2628	1640	561	785	1221	1027	614	973	1516	1974	2074	1738	1244	1111
Esr2_+_76177247.23-P1P2	Esr2	1264	1516	1348	1576	1482	448	503	936	948	415	743	976	1128	1425	1339	834	797
Sox3_-_60893345.23-P1P2	Sox3	1343	1837	2139	2661	2071	753	843	898	1261	641	795	1473	1793	2038	1338	1372	1091
Ascl1_+_87493595.23-P1P2	Ascl1	2397	3083	1982	2701	2899	716	1112	1031	2027	619	1141	1704	2533	2128	1928	1700	1518
Trrap_-_144768257.23-P1P2	Trrap	2318	2347	1533	2333	2082	568	842	977	1417	584	1209	1251	1632	2076	1293	919	1211
Tgm6_-_130123364.23-P1P2	Tgm6	1093	1525	1244	1610	1728	540	637	713	1173	393	730	1074	1066	1389	799	868	867
Entpd1_+_40659776.23-P1P2	Entpd1	2176	2654	1776	2725	2581	584	921	938	1427	511	1102	1384	1762	2145	1527	1479	1161
Psmd8_+_29180597.23-P1P2	Psmd8	1306	2010	1281	1859	1270	492	578	438	853	404	598	740	1056	1174	614	773	808
Folr1_-_101864100.23-P2	Folr1_P2	2671	3139	2045	3582	2394	673	920	1015	1391	817	1097	1340	1981	2868	1971	1702	1520
non-targeting_01386	non-targeting	1775	2088	1912	1928	1925	403	599	876	1161	560	966	1049	1475	1554	1210	962	1061
Hsd17b10_-_152001934.23-P1P2	Hsd17b10	1843	2107	1603	1974	2121	442	702	887	1117	436	1029	1244	1728	1915	1492	1096	992
Ndufa12_+_94199300.23-P1P2	Ndufa12	2023	2483	2117	2844	2674	796	998	1072	1227	541	1015	1545	2545	2270	1731	1447	1171
Apc2_-_80301048.23-P1	Apc2_P1	2167	2140	1928	2761	1923	621	967	1110	997	753	1008	1307	1970	2357	1972	1354	1182
Taf1_-_101533077.23-P1P2	Taf1	2985	2505	3247	3322	880	188	334	271	580	156	365	212	449	685	628	637	674
Pcna_+_132253181.23-P1P2	Pcna	1963	2319	1627	2464	1699	495	614	430	935	382	561	881	1304	1089	820	717	610
Adora3_-_105870943.23-P1P2	Adora3	2165	2323	1707	2589	2252	729	887	1124	1572	509	1050	1352	2161	2196	1907	1377	1277
Gsk3b_+_38089573.23-P1P2	Gsk3b	1726	2156	1649	2590	2338	665	821	901	898	564	918	1407	1640	1884	1202	1485	1413
Atp7a_+_106027325.23-P1P2	Atp7a	1585	1632	1417	1993	2156	500	837	566	1053	573	1275	972	1584	1539	1136	1038	959
Epm2a_+_11343449.23-P1P2	Epm2a	2526	2879	2097	2773	3378	734	1245	953	1697	615	1390	1703	2646	3064	2329	1669	1687
Tank_+_61593164.23-P1	Tank_P1	2068	2565	2297	2770	2399	648	910	1008	1522	680	907	1399	1815	2350	1387	1382	1331
Bhlhb9_-_135885952.23-P1P2	Bhlhb9	710	826	684	1165	1089	235	316	313	493	202	350	520	573	715	669	562	491
Fgf2_-_37348743.23-ENSMUST00000038885.3	Fgf2	2305	2541	1912	2578	1957	733	768	1040	1339	583	1073	1211	2163	2532	1781	1422	1184
Ace_-_105967954.23-P1P2	Ace	1399	1922	1670	1881	1969	294	576	747	1203	496	832	1097	1667	1470	1338	1126	817
Tfeb_-_47737140.23-P1P2	Tfeb	1933	2489	1718	2278	2092	460	783	707	1449	534	1035	1250	1794	1787	1412	1240	1280
Hspb3_+_113663522.23-P1P2	Hspb3	755	783	717	1381	1032	315	371	278	311	236	610	563	888	835	644	645	607
Aplp1_+_30445510.23-P1P2	Aplp1	2172	2611	2112	2585	2375	651	1001	981	1592	800	1204	1337	2166	2105	1409	1185	1266
Ndufb11_+_20617050.23-P1P2	Ndufb11	1569	1847	1380	2414	2203	417	588	926	1305	507	749	1104	1394	1619	1415	1254	1205
Prnp_-_131910011.23-P1P2	Prnp	2106	2418	1680	3218	2455	744	930	992	1546	597	938	1157	2135	2188	1767	1431	1385
Dnah8_+_30624413.23-ENSMUST00000170651.1	Dnah8	1835	2424	2340	2423	2561	621	854	1072	1310	500	1068	1738	1958	1801	1756	1316	1158
Map2_+_66175352.23-P1	Map2_P1	1071	1377	1135	1444	1355	443	717	371	1297	492	407	877	1105	1167	973	830	925
Kif5a_-_127263066.23-P1P2	Kif5a	1574	2332	1933	2432	2728	578	814	1105	1309	599	920	1171	2146	2306	1310	1404	1366
Ppara_-_85735799.23-P1P2	Ppara	2165	2355	1758	2403	2629	532	793	904	1708	694	1283	1501	2027	2237	1755	1810	1203
Vps13c_-_67840639.23-P1P2	Vps13c	1014	971	1042	1320	1072	353	525	253	708	242	648	693	913	945	970	645	505
Bcl2_+_106714251.23-P1P2	Bcl2	1810	2039	2066	2437	1861	661	1000	785	1313	561	1056	1173	1532	2264	1563	1031	959
Chl1_+_103511358.23-P1P2	Chl1	1430	2017	1613	1801	1870	641	654	907	1114	431	988	817	1385	1844	1223	963	958
Grin2c_-_115267208.23-P1P2	Grin2c	2281	2787	2190	3057	2992	751	1000	1299	1849	797	1043	1485	2284	2511	1752	1635	1365
Klk6_-_43824595.23-P1P2	Klk6	1674	2329	1921	2358	2153	591	908	988	1086	490	1080	1540	1944	1868	1499	1256	1079
Eif2b4_+_31192980.23-P1P2	Eif2b4	1642	2599	2202	2801	1876	685	975	931	1240	623	1151	1159	1465	2182	1335	1047	1206
Ctrl_+_105933789.23-P1P2	Ctrl	2719	3054	2395	2954	2845	890	1006	1073	1412	569	1125	1752	2160	2362	2086	1416	1500
Fzd2_-_102604422.23-P1P2	Fzd2	1186	1883	1620	1707	1879	424	648	721	1072	373	787	792	1109	1511	1297	900	923
2410137M14Rik_+_36981173.23-P1P2	2410137M14Rik	994	1328	1222	1262	1605	315	420	534	1029	367	747	843	1108	1187	1135	707	665
Daxx_-_33909733.23-P1P2	Daxx	1465	2102	2082	2140	1909	656	743	719	1231	429	948	1463	1711	1901	1649	1245	1110
Pde9a_-_31386292.23-P1P2	Pde9a	2262	2345	1856	2127	2774	830	958	978	1288	597	956	1216	1733	1859	1343	1150	1094
Tfeb_-_47737110.23-P1P2	Tfeb	1827	2035	967	2054	2290	432	884	743	1486	475	846	1082	1373	1858	1543	1063	993
Dctn4_-_60526251.23-P1P2	Dctn4	2131	2157	1907	2793	2282	683	961	820	1394	738	1342	1613	1775	2349	1640	1101	1117
Akt1_+_112674225.23-P1P2	Akt1	2440	3041	2093	3121	2867	822	1241	1111	1772	936	1344	1930	2422	2665	1936	1325	1246
Map2k6_+_110399180.23-P1P2	Map2k6	1279	1383	1355	1828	1019	229	470	672	917	252	612	889	1331	1279	1029	733	734
Eif2b4_+_31193089.23-P1P2	Eif2b4	1889	2638	1378	2203	1665	448	615	720	913	442	457	909	1358	1399	1070	956	805
Atxn2l_-_126503351.23-P1P2	Atxn2l	1367	1349	1030	1433	1225	436	408	522	725	360	724	699	1025	1537	934	946	892
Psen2_-_180256182.23-P1	Psen2_P1	1627	1781	1749	2426	1799	671	818	846	1388	542	897	1478	1951	2262	1209	1340	1224
non-targeting_03646	non-targeting	526	685	528	796	766	149	271	281	442	137	442	277	636	582	720	401	426
Mpv17_+_31154182.23-P1P2	Mpv17	1654	2513	2471	2295	2075	677	738	952	1315	452	1060	1282	1572	2019	1481	1278	1289
Uqcr10_+_4704106.23-P1P2	Uqcr10	911	1536	1063	1416	1099	409	698	596	776	396	661	754	1131	1114	864	850	708
Csnk2a1_+_152226579.23-P1P2	Csnk2a1	1342	1535	979	1646	1559	353	400	509	916	310	636	773	1632	1461	1187	888	1075
non-targeting_00136	non-targeting	1922	2499	2453	2922	3262	724	888	892	1476	529	1311	1444	2243	2463	2007	1639	1266
Kcna3_-_107036228.23-P1P2	Kcna3	2603	3210	2239	3206	3235	814	1167	1272	1785	698	1675	1876	2636	3073	2162	1538	1857
Pik3cd_-_149698542.23-P1P2	Pik3cd	1104	1154	906	1459	1211	250	444	480	696	296	601	869	1192	1289	803	737	920
Tbcd_-_121452020.23-P1P2	Tbcd	2042	2982	1601	2925	2204	722	1083	743	1257	535	818	1400	2098	1996	1926	1406	1322
Spg21_-_65460983.23-P1P2	Spg21	2046	2181	1937	2068	2106	804	912	895	1417	692	830	1206	2009	2154	1279	1143	1099
Tgm6_+_130123308.23-P1P2	Tgm6	2127	2686	2423	2734	3024	837	1081	941	1450	697	1252	1642	2521	2979	2021	1702	1469
Ewsr1_-_5098832.23-P1P2	Ewsr1	1696	1724	1491	2270	2257	507	540	717	919	515	875	1062	1653	1882	1283	1028	1135
Cast_-_74807948.23-P1P2	Cast	1571	1745	1565	1894	1633	576	786	486	1160	495	727	1068	1597	1995	1653	769	1068
Dkk2_-_132085365.23-P1P2	Dkk2	1870	1601	1755	2363	1740	573	901	746	1106	592	992	1164	1667	1865	1437	1127	1132
Gan_-_117158246.23-P1P2	Gan	2102	2197	1588	2194	2500	778	807	766	1615	527	789	1232	1998	1819	1669	1402	1159
Dvl1_-_155847436.23-P1P2	Dvl1	1948	2094	1459	2307	2268	573	1000	722	1403	729	847	1155	2041	2286	1190	965	1146
Hspb2_-_50752261.23-P1P2	Hspb2	1535	1887	938	1847	1918	471	706	347	1053	484	799	1098	1141	1774	1011	836	795
Ndufs6_+_73328442.23-P1P2	Ndufs6	1589	2082	1383	2328	1634	468	714	794	1002	407	1037	1255	1710	1777	1284	1152	1151
Hspa8_-_40801353.23-P1	Hspa8_P1	1397	1716	1120	1839	1406	267	490	314	444	264	340	675	834	949	611	684	627
Nox4_-_87246820.23-P1P2	Nox4	1438	1930	1590	1770	1760	492	646	997	1055	622	632	1375	1891	1703	1294	1027	931
Serpina3j_-_104314648.23-ENSMUST00000109957.2	Serpina3j	1893	2064	2059	2611	1915	660	880	644	1381	641	1183	1169	1834	1729	1215	1218	1319
Taf2_+_55072122.23-P1P2	Taf2	1535	1320	1474	1569	2007	532	752	809	1037	591	801	1272	1466	1610	979	743	864
Tnr_-_159737597.23-ENSMUST00000111669.3	Tnr	1489	1850	1561	1987	1286	390	612	501	931	320	726	883	1428	1514	859	953	851
Serpina3c_+_104153475.23-P1P2	Serpina3c	2072	2795	1835	3133	2356	589	1203	756	1543	519	952	1482	1966	2321	1514	1497	1349
Aimp1_-_132683800.23-P1P2	Aimp1	1020	1236	776	1267	1019	294	398	486	584	391	647	677	963	968	790	643	683
Ndufa11_+_56717787.23-P1P2	Ndufa11	2558	2569	2059	3407	3043	746	1161	1182	1486	482	1012	1463	2671	1912	1843	1485	1467
Clk1_-_58423796.23-P1P2	Clk1	2361	2894	2814	3378	2982	608	1121	927	1209	841	1059	1700	2614	2961	2110	1748	1695
Clcn6_+_148038770.23-P1P2	Clcn6	1992	2350	1457	2454	1925	616	721	725	1353	467	931	896	1528	1821	1083	1302	1001
Aldh18a1_+_40588329.23-P1P2	Aldh18a1	1634	1591	1617	2353	1543	382	792	830	923	326	982	1027	1834	1574	1027	1002	980
Calm1_-_100199581.23-P1P2	Calm1	1252	2027	1400	1845	1903	293	541	693	976	302	634	859	1443	1611	865	819	870
Oxr1_+_41789095.23-ENSMUST00000170127.1	Oxr1	2047	2275	1839	2381	2436	638	1015	1208	1383	710	1193	1144	1877	2029	1413	1066	1208
Tank_-_61578580.23-P2	Tank_P2	1584	2203	1765	2166	1985	539	883	735	1028	555	677	1123	1916	2078	1414	887	975
Agrn_-_156186111.23-P2	Agrn_P2	1563	1447	1485	2315	1595	571	912	601	1352	501	867	1197	1564	1857	1201	867	1026
Fosb_-_19309789.23-P1P2	Fosb	1178	1954	1338	2061	1864	526	702	539	1181	490	721	1036	1792	1960	1163	779	1053
Vapb_-_173737787.23-P1P2	Vapb	1657	2027	1437	1740	1677	401	707	685	622	393	919	1391	1461	1817	1469	893	827
Nhlrc2_-_56548479.23-P1P2	Nhlrc2	1343	1539	1423	1380	1553	454	594	685	767	316	588	1121	1206	1424	1114	888	809
Gad2_-_22622605.23-P1P2	Gad2	2637	2519	2459	2641	2474	675	1056	807	1711	724	1124	1506	2065	2108	1817	1396	1347
Axin2_+_108921058.23-P1P2	Axin2	1984	2274	1988	2605	1818	631	962	1007	1485	609	1091	1461	2111	2186	1708	1412	1118
Sptlc2_-_87388200.23-P1P2	Sptlc2	3162	3827	2749	3931	3571	767	1360	1415	2371	828	2342	2043	2868	3257	2162	1837	1779
Bace1_+_45838662.23-P1P2	Bace1	2532	3539	2388	3326	3013	984	1195	1174	1333	814	1717	1222	2462	2749	2411	1517	1549
Ramp2_+_101246422.23-P1P2	Ramp2	1073	1600	1073	1493	1602	347	486	455	927	269	589	571	1220	1619	1164	866	951
Arhgef5_-_43265702.23-P1P2	Arhgef5	1895	1475	1395	2026	2082	585	624	721	1324	499	847	1327	1500	1756	1064	1086	903
Eno2_-_124769462.23-P1P2	Eno2	3124	3649	2930	3896	3443	1027	1469	1483	2068	839	1184	2100	2943	3471	2444	1941	1834
Vac14_-_110618675.23-P1P2	Vac14	1595	2096	1520	2454	1744	756	771	751	1182	524	844	1167	1690	1836	1385	1366	1033
Atxn1l_+_109737737.23-P1P2	Atxn1l	1389	1824	1595	2074	2330	461	627	760	1128	358	832	808	1743	1844	1390	1032	900
Stip1_+_7039961.23-P1P2	Stip1	2165	3245	2567	3488	2899	886	1053	1440	1443	794	1487	1385	2408	2594	1703	1665	1637
Tuba3b_-_145616110.23-P1P2	Tuba3b	1482	1751	1795	1867	1451	435	719	558	951	438	817	1000	1653	1654	1411	1030	879
Serpina1b_-_103827673.23-P1P2	Serpina1b	1331	1155	785	1573	1245	424	573	691	738	302	480	921	1064	1311	1297	686	626
Fdps_-_89101692.23-P1P2	Fdps	2209	2503	2305	2816	2725	799	896	985	1311	734	1226	1468	2092	2437	1746	1324	1245
Tubb1_+_174450702.23-P1P2	Tubb1	1415	1722	1367	1713	1896	465	565	504	1252	673	859	1114	1860	1765	1648	1063	1138
Dcaf8_-_172148146.23-P1P2	Dcaf8	932	1529	937	1633	1775	345	628	578	963	434	539	806	1289	1731	864	631	661
Psmc4_+_28050014.23-P1P2	Psmc4	1604	2356	1595	2215	575	135	213	174	467	100	271	265	586	595	665	312	396
Pik3r5_+_68432116.23-P1P2	Pik3r5	1261	1482	1524	1785	1579	422	521	467	946	499	664	941	1303	1458	1077	775	845
Wnk1_+_120038676.23-P1P2	Wnk1	1882	2323	2310	2650	2493	720	1019	947	1592	651	1245	1711	2030	2369	1489	1334	1459
Rbms3_-_117252457.23-P1P2	Rbms3	1010	1334	914	1243	1237	280	388	254	476	232	396	895	1043	1038	820	742	436
Fadd_-_144582396.23-P1P2	Fadd	1433	1820	1353	2201	1808	522	668	910	908	450	962	849	1266	1780	1140	848	958
Cyp2d34_-_82620573.23-P1P2	Cyp2d34	1505	1894	1500	1877	1759	376	573	560	1037	483	807	1329	1470	1269	1202	942	667
Tardbp_+_148626675.23-P1P2	Tardbp	2221	2916	2397	3647	3201	906	1204	1316	1517	596	1391	1629	2519	2801	1950	1841	1699
Chrm5_-_112480773.23-ENSMUST00000099589.2	Chrm5	2144	2368	1434	2463	2104	524	990	1019	1304	556	1137	1120	1695	2064	1358	1550	1177
Ndufa10_+_92473744.23-P1P2	Ndufa10	2682	3460	2875	3907	3421	1174	1283	1072	1971	938	1473	2148	2637	3232	2548	1747	1693
Dpp6_-_27049445.23-P2	Dpp6_P2	1303	2219	1746	2113	1714	537	1071	979	1087	639	1128	1523	1628	1845	1480	1239	938
Cd44_-_102901422.23-P1P2	Cd44	951	1384	816	1727	1291	293	443	529	853	346	507	886	1035	847	772	652	583
Opa1_-_29579409.23-P1P2	Opa1	2497	3492	2561	3333	2671	814	1310	1131	1935	831	1724	1647	2418	2910	2507	1697	1606
Vps41_-_18717321.23-P1P2	Vps41	1470	1758	1120	1747	1566	472	527	627	1102	364	648	1162	1391	1578	1101	912	847
Agpat3_-_78352286.23-P1P2	Agpat3	1152	1865	1688	1914	1402	451	474	578	801	355	711	916	1501	1470	1086	843	601
Pde8b_+_95223039.23-P2	Pde8b_P2	1970	2698	1638	2888	2165	567	965	1055	1400	721	1276	1332	2192	2585	1221	1081	1380
Wnt8a_+_34542417.23-ENSMUST00000012426.2	Wnt8a	2316	2819	2073	2816	2321	735	1149	932	1529	648	1361	1355	2127	2565	1579	1189	1413
Dnajb2_-_75236713.23-P1P2	Dnajb2	2290	2198	2616	2546	2431	756	1023	973	1541	701	1115	1461	2251	2410	1959	1433	1394
Polg_+_79466143.23-P1P2	Polg	1492	2436	2075	2294	2068	698	823	868	1256	682	1114	1175	1796	2234	1404	1133	1150
Epg5_-_77938490.23-P1P2	Epg5	1801	1311	1413	1758	1577	568	883	458	1163	380	858	1208	1309	1891	1190	1109	907
Egr2_-_67537904.23-P1	Egr2_P1	1944	2844	2049	2638	2220	580	1112	707	1679	408	1125	1592	2514	2464	1479	1561	1295
Dlst_+_85110903.23-P1P2	Dlst	1101	1662	1234	1673	1200	338	601	364	803	250	680	973	836	1035	803	444	757
Zfyve26_+_79296250.23-P1P2	Zfyve26	1745	2005	991	1638	1891	430	522	569	818	467	674	725	1669	1607	1301	799	1169
Crp_+_172698062.23-P1P2	Crp	1345	1827	1597	2045	1958	395	823	1129	1350	520	846	1116	1696	1951	1697	978	1068
App_+_85173639.23-P1P2	App	1242	1823	1558	1385	1198	325	400	535	834	409	578	902	1122	1167	812	733	651
Ccl2_-_82035599.23-P1P2	Ccl2	1668	1424	1649	2169	1852	465	581	831	1043	569	941	937	1669	1700	1346	1154	1124
Rmdn2_+_79615289.23-P1P2	Rmdn2	1562	1937	1703	2290	2333	494	674	507	957	331	1043	1171	1508	1896	1384	1075	921
Rmdn3_+_119156899.23-P1P2	Rmdn3	1833	2832	2050	2621	1840	612	1016	951	1363	628	904	1473	1785	2152	1310	1131	1258
Sdhc_+_171150557.23-P1P2	Sdhc	2328	2855	2555	2880	2738	692	883	1044	1614	720	1064	1578	1648	2352	1900	1533	1134
Gstm6_-_107943674.23-P1P2	Gstm6	2233	2355	1685	2834	2530	636	1054	1016	1745	602	1406	1664	1983	2498	1450	1418	1446
Dctn1_+_83165982.23-P1P2	Dctn1	1297	1437	1653	1628	1798	570	692	825	1222	406	809	1197	1347	1926	1205	1036	1143
Lsm2_+_34981904.23-P1P2	Lsm2	1010	1196	1010	1476	1293	284	360	428	669	324	606	906	819	1057	754	705	600
Jun_+_95052177.23-P1P2	Jun	1406	1842	1609	1472	1621	463	521	637	987	522	1193	1098	1615	1940	1148	964	802
Dvl2_-_70000835.23-P1P2	Dvl2	1317	1963	1757	1957	1518	594	652	1013	1153	513	908	1099	1614	1361	1092	908	979
Tuba1c_+_99030298.23-P1P2	Tuba1c	2766	3190	2969	3680	3197	756	1168	1030	1634	835	1455	1960	2602	2683	2219	1626	1860
Brca2_+_150522655.23-P1P2	Brca2	2179	2792	2417	2866	2636	609	1105	928	1699	770	1608	1646	2422	2597	1823	1505	1591
Pnp_-_50944545.23-P1P2	Pnp	829	1043	606	961	1089	280	452	554	580	293	695	613	956	894	855	519	471
P2ry2_+_101011986.23-P1P2	P2ry2	1986	2707	2235	3235	2289	802	1019	914	1056	544	1028	1396	1985	2402	1981	1477	1330
Klc4_+_46645063.23-P1P2	Klc4	1242	1378	1179	1642	1277	439	442	375	676	347	718	853	1166	1333	931	945	923
Psen2_-_180256189.23-P1	Psen2_P1	2266	2488	2318	2379	2283	772	1026	899	1383	611	1055	1425	1339	1993	1345	1287	1268
Ly6e_+_74955628.23-P1P2	Ly6e	1575	1637	1482	2054	1635	393	715	515	982	329	376	959	1361	1824	1064	839	915
Egr1_+_34861242.23-P1P2	Egr1	1833	2152	2136	2443	2126	643	892	1158	1278	621	1080	1506	1995	2333	1867	1102	1334
Padi4_+_140774152.23-P1	Padi4_P1	1904	2444	2148	2243	2293	534	723	851	1155	658	1072	1281	1848	1613	1484	1181	1084
Pawr_+_108332154.23-P1P2	Pawr	2238	2442	2031	2860	2326	634	849	920	1419	693	1078	1201	2075	2307	1770	1474	1185
Polg_-_79466126.23-P1P2	Polg	1485	1888	1541	2497	1899	476	613	862	994	457	1063	928	1565	1894	1453	968	960
Rmdn1_-_19575376.23-P1P2	Rmdn1	858	1055	787	1050	1136	352	386	256	688	343	490	604	827	937	538	370	521
Ppp3cb_-_20546536.23-P1P2	Ppp3cb	2373	2925	2640	3427	3374	845	1359	1050	1637	749	1400	1301	2848	2466	2539	1501	1454
Lamc2_+_153186350.23-P1P2	Lamc2	1145	1271	1044	1330	1094	423	476	322	731	219	595	877	708	985	595	671	709
Capn2_-_182517402.23-P1P2	Capn2	1413	2138	1543	2169	2270	445	649	747	938	426	1160	1371	1526	1864	1369	1118	1218
non-targeting_02937	non-targeting	2049	2278	1874	2608	2502	705	944	1197	1698	583	868	1363	2243	2409	2044	1278	1257
Shh_-_28467016.23-P1P2	Shh	1095	1581	1735	1678	1690	467	559	571	976	351	698	909	1441	1764	1117	939	807
Cd44_-_102901399.23-P1P2	Cd44	881	1130	490	1087	1008	175	404	288	367	331	602	778	714	845	587	669	478
Ntf5_-_45413758.23-P1P2	Ntf5	1635	1742	1726	2191	2137	460	834	627	982	530	864	1284	1782	2029	1133	1191	1273
Mpg_-_32226571.23-P1P2	Mpg	1484	2128	1480	2159	2040	572	869	824	1509	562	865	1327	1623	2074	1676	1035	1191
Nes_+_87971178.23-P1P2	Nes	1514	2807	2271	2842	2967	680	1112	896	1562	675	1414	1282	2313	2422	1962	1361	1557
H2-M9_+_36642601.23-P1P2	H2-M9	1711	2512	2381	2220	2371	834	779	725	932	413	771	1435	1995	2173	1476	1345	874
Dctn4_+_60526225.23-P1P2	Dctn4	2542	3805	2745	3305	3792	826	1227	940	2067	824	1268	2129	2523	2877	2216	1707	1509
Capn1_-_6015532.23-P1P2	Capn1	2816	3157	2275	3266	3039	888	1006	1502	1973	805	1569	2110	2374	3009	2153	1939	1810
Kcnh8_-_52602781.23-P1P2	Kcnh8	1096	2105	1019	1954	1248	354	652	718	718	388	693	1183	1395	1561	1014	924	749
Tmem119_+_113800348.23-P1P2	Tmem119	2286	2996	2084	2849	2606	612	974	1252	1593	746	1424	1711	2873	2931	1813	1549	1519
Sgk1_+_21994695.23-P1P2	Sgk1	1795	1800	1743	2156	1977	616	839	704	1260	534	842	1075	1274	2044	1772	1072	836
Ostm1_-_42678952.23-P1P2	Ostm1	2243	2822	2456	2864	2395	639	948	1001	1825	637	1081	1525	1630	2075	1279	1220	1205
Acsbg1_+_54661686.23-P1P2	Acsbg1	1114	1184	1152	1756	1258	251	618	486	812	317	683	774	943	1323	1003	929	778
Sqstm1_+_50202952.23-P2	Sqstm1_P2	2005	2049	1357	2257	1845	572	779	820	1115	539	1065	1402	2000	1865	1598	1224	1173
Kcnh4_+_100759736.23-P1P2	Kcnh4	2379	2930	1989	2859	2602	666	1103	1275	1485	667	1038	1779	1971	2408	1977	1394	1282
Kcnma1_+_23803243.23-ENSMUST00000172099.2,ENSMUST00000074983.6	Kcnma1	1027	1444	1106	1126	1018	307	393	437	952	285	540	922	1051	1316	1073	718	676
Pink1_-_138326265.23-P1P2	Pink1	1721	2146	1581	2196	1984	617	904	1096	1164	481	789	1335	1547	1883	1430	940	1243
Sema6b_+_56140344.23-P1	Sema6b_P1	802	1015	1365	1437	1585	437	439	451	681	323	820	489	1172	1298	693	1003	738
Cisd2_-_135423417.23-P1P2	Cisd2	1879	2221	1787	2688	2131	655	810	971	1479	689	1034	1262	1894	2394	1630	1207	1194
Vcp_-_43000462.23-P1P2	Vcp	2439	2992	2656	3345	2491	737	1008	1341	1357	578	1192	1737	2638	2380	1880	1322	1610
Dnajb1_+_83608277.23-P1P2	Dnajb1	1969	2318	1818	2044	2351	525	1064	962	1419	665	976	1097	2187	1977	1424	1135	1108
Psma3_+_70974882.23-P1P2	Psma3	1628	1986	1689	1882	1794	494	711	924	1098	260	990	976	1473	1721	1166	975	1121
Comt_+_18426288.23-P1P2	Comt	1774	2273	2206	2536	2188	442	916	724	1555	593	1097	1394	1899	2337	1751	1596	1640
Tnfrsf21_-_43016618.23-P1P2	Tnfrsf21	1467	1588	1506	2007	1933	449	818	797	1343	560	721	853	1604	1989	1178	1012	892
Kif1a_+_93101804.23-P1P2	Kif1a	2464	3532	3001	3770	3202	810	1253	1154	1810	733	1376	1725	2420	2957	2080	1575	1647
Aplp1_+_30445482.23-P1P2	Aplp1	1698	2268	2210	2256	2333	512	941	1177	1236	436	1042	1428	1559	2560	1314	1267	1232
Dpysl2_+_66868642.23-P1P2	Dpysl2	1402	1900	1406	2033	1789	411	665	929	1114	395	695	973	1421	1947	1104	1113	898
Nr4a2_-_57114907.23-P1	Nr4a2_P1	1253	1750	1282	1926	1675	456	645	558	1186	300	670	970	1453	1715	1077	877	717
Sdha_+_74350194.23-P1P2	Sdha	1935	2204	1797	2018	1632	407	717	811	1132	355	765	970	1477	1456	911	758	897
non-targeting_03693	non-targeting	3336	4488	3498	4378	3507	1017	1546	1572	2068	1014	2370	1926	2901	3945	2858	2446	2055
Stub1_+_25832888.23-P1P2	Stub1	2006	1864	1473	1936	2097	465	793	1152	1292	505	1341	1366	1861	1791	1582	1013	1143
Fas_-_34290722.23-P1P2	Fas	1324	1742	1549	1641	2075	627	684	612	782	478	759	1144	1534	1763	1199	978	1084
Ddah1_-_145758736.23-P1P2	Ddah1	1609	2052	1547	1905	2237	635	989	948	1170	769	1180	1102	1768	1967	1510	1056	1306
Tmx2_-_84678447.23-P1P2	Tmx2	2341	2817	2359	2652	2430	658	1025	926	1360	658	889	1414	2131	2329	1314	1330	1238
Slc33a1_+_63964529.23-P1P2	Slc33a1	1272	1957	1721	1920	2004	385	772	696	1129	411	581	1225	1391	1833	1431	950	797
Ap4b1_-_103809644.23-P1P2	Ap4b1	1679	2696	1840	2813	2202	453	757	745	1194	435	596	1256	1870	2237	1472	1045	1510
Stmn1_+_134468379.23-P1	Stmn1_P1	1212	1467	987	1411	1630	302	500	405	734	280	475	724	801	1290	649	667	589
Taf1_+_101532873.23-P1P2	Taf1	1553	1517	1233	1704	1128	205	372	768	593	269	436	563	994	1018	1127	662	588
Fgf14_-_124192993.23-ENSMUST00000026631.5	Fgf14	2383	2368	2368	2720	2365	818	1083	1009	1351	480	1325	1471	1911	2328	1550	1360	1335
Sort1_-_108284121.23-P1P2	Sort1	2743	3624	2926	3919	2898	921	1292	1236	2331	911	1847	1541	2085	3562	2230	1447	1975
Entpd1_+_40660068.23-P1P2	Entpd1	1183	1557	1179	1825	1693	378	435	385	860	262	627	952	1242	1439	971	708	866
Wars2_+_99141297.23-P1P2	Wars2	2012	2434	2135	2747	2020	609	933	970	1627	874	1081	1508	1914	2503	1692	1172	1264
Chat_+_32460870.23-P1	Chat_P1	1722	1911	1999	2317	1634	635	939	310	1184	516	643	1442	1744	1731	1153	1051	1164
Gsk3b_+_38089539.23-P1P2	Gsk3b	909	1480	1009	1314	1049	311	505	562	652	355	713	934	804	1401	970	874	755
Decr1_-_15945306.23-P1P2	Decr1	1825	2810	2253	2668	2896	842	960	779	1553	673	961	1734	1963	2732	1663	1393	1445
Trem2_-_48346829.23-P1P2	Trem2	1576	1979	1872	2453	2228	727	1004	1025	1243	546	1130	1259	2193	2062	1411	1145	1082
Timp3_+_86300632.23-P1P2	Timp3	3036	3247	2913	3370	3411	878	1089	1411	2051	1036	1440	1932	2684	2915	2157	2027	1631
Zfp74_+_29954023.23-P1P2	Zfp74	1508	1610	1375	2452	1750	471	646	631	1120	532	737	1171	1827	1818	1445	828	1072
1600014C10Rik_+_38183929.23-P1P2	1600014C10Rik	1517	1228	1385	1680	1126	197	536	637	964	296	550	859	1084	1241	874	849	673
Mtmr2_+_13749261.23-P1P2	Mtmr2	1895	2363	1933	2242	1786	562	766	546	1396	419	1071	1056	1707	1858	1580	1123	902
Xrcc1_+_24547328.23-P1P2	Xrcc1	1640	1918	1838	1789	2291	425	760	826	1282	609	917	1176	1502	1851	1180	976	936
Tubb5_-_35838232.23-P1P2	Tubb5	2337	3439	2104	3267	2905	724	1111	992	1520	695	1215	1667	2763	2462	1815	1724	1924
Mars2_+_55237298.23-P1P2	Mars2	1662	2570	1408	2074	1931	630	799	975	1500	659	1152	1224	1276	1805	1071	838	1020
Aqp4_+_15403598.23-P1P2	Aqp4	1558	1781	1865	1902	1484	410	849	1008	1257	597	886	977	1730	1929	1305	912	1112
Aldh18a1_+_40588364.23-P1P2	Aldh18a1	1278	1922	1260	1986	1221	457	610	578	859	388	864	1022	1758	1698	1068	655	946
Pld3_+_27542737.23-P1	Pld3_P1	1656	2259	1960	2314	2629	729	748	796	1149	646	1067	1433	2096	1837	1841	1254	1187
Mapk1_+_16983401.23-P1P2	Mapk1	1055	1612	1151	1775	1692	446	712	523	745	408	730	1005	1234	1430	1132	743	811
Ager_+_34598064.23-P1P2	Ager	2060	2842	2333	2801	2963	812	1093	1438	1718	639	1146	1867	2013	2949	1815	1527	1352
Dctn2_+_127266384.23-P1P2	Dctn2	1069	1460	1057	1378	1397	353	676	427	891	353	405	548	1025	1227	1014	660	902
Plcb1_-_134786242.23-P1P2	Plcb1	930	1549	1015	1218	1372	383	498	400	791	246	669	853	849	902	644	761	812
Clcn6_+_148038773.23-P1P2	Clcn6	887	1063	1109	1135	965	256	451	460	596	345	538	740	537	982	630	566	627
Mtdh_+_34082719.23-P1P2	Mtdh	1722	2587	2162	2916	2431	664	935	906	999	682	1288	1113	2097	1734	1751	1150	1380
Gnb4_-_32616523.23-P1P2	Gnb4	1941	2430	1955	2601	1961	617	695	914	1052	554	1248	1139	2111	2317	1647	1370	1596
Hpx_+_105600071.23-P1P2	Hpx	1579	2320	2148	2018	2035	484	922	804	1059	609	811	1625	2157	2112	1765	1248	1181
Cyp2d9_-_82452861.23-P1P2	Cyp2d9	2809	3532	2634	3270	3621	909	1217	1073	1607	913	1474	2225	2504	2704	2365	1841	1720
Ctsb_+_63122695.23-P1P2	Ctsb	1681	2235	1719	2244	2324	678	756	553	1059	442	909	1441	1567	2094	1128	998	1138
Psmc1_-_100110193.23-P1P2	Psmc1	2034	2716	1807	2217	1680	505	817	917	1124	481	927	1371	1686	1633	1448	1282	872
Syne1_+_5550563.23-ENSMUST00000041639.5	Syne1	1457	1719	1503	2363	1759	552	814	972	1127	544	1159	1387	1796	1806	1754	1047	1301
Bag6_+_35135253.23-P1P2	Bag6	1511	1500	1497	1856	1867	410	670	796	1283	446	537	752	1497	1966	1348	1099	871
Fzd4_-_89404404.23-P1P2	Fzd4	2190	2754	2122	2622	2192	813	1074	814	1486	534	907	1515	1719	2019	1415	1251	1123
Supt3_+_44777321.23-P1P2	Supt3	1808	1923	1532	2016	1231	633	645	1053	1391	612	854	1193	1480	1404	1204	1139	1029
Sugp1_+_70043107.23-P1P2	Sugp1	2692	2860	2024	2924	2655	808	1086	1060	1525	508	1208	1348	2056	2245	2284	1358	1176
Il17a_-_20730972.23-P1P2	Il17a	2829	3400	2130	3412	2401	784	1059	1078	1339	690	1472	1455	2669	2477	2415	1618	1591
Trem2_-_48346611.23-P1P2	Trem2	2246	2500	2161	2719	2106	516	861	755	1414	765	1032	1256	2238	2519	1807	1295	1409
Ndufs2_+_171247081.23-P1	Ndufs2_P1	2076	2157	2322	2526	2682	627	1066	608	1064	565	1322	1163	1725	1525	1491	776	1122
Trim2_-_84259725.23-P2	Trim2_P2	1896	2191	1444	2362	2049	472	753	890	1299	510	1102	1088	1552	2028	1203	1117	929
non-targeting_02828	non-targeting	890	1473	838	1456	1245	353	426	363	813	359	608	439	920	1305	871	805	636
Ttpa_-_20008470.23-P1P2	Ttpa	2498	2123	2306	2602	2679	695	973	1044	1636	551	1768	1781	2356	2424	1558	1306	1451
Tnfrsf1b_-_145246790.23-P1P2	Tnfrsf1b	1569	2244	1404	2345	2225	515	740	647	1160	537	922	1275	1738	2009	1401	1299	1120
Gba_+_89202920.23-P1P2	Gba	1132	1614	1293	1531	1361	357	557	933	881	371	559	673	1052	1552	1014	836	843
Crebbp_+_4213706.23-P1P2	Crebbp	2333	2533	2202	2575	2380	717	986	926	1184	644	1133	1344	1803	2336	1506	1305	1199
Slc1a3_-_8710195.23-P1P2	Slc1a3	997	1109	922	1326	1212	265	514	554	785	350	626	598	1145	1329	787	733	672
Slc25a38_-_120110619.23-P1	Slc25a38_P1	2115	2827	2629	3024	2627	727	1119	1166	1976	645	1708	1675	2568	2801	2127	1663	1386
Folr1_-_101870560.23-P1	Folr1_P1	1767	2206	1955	2300	1919	605	1071	719	1033	349	784	932	1965	2026	1315	1193	1275
Adcyap1_+_93199175.23-P1P2	Adcyap1	1405	1912	1754	2036	1658	557	845	839	1068	486	1027	1088	1597	1992	1280	1214	937
Cyp2u1_+_131303129.23-P1P2	Cyp2u1	1242	1794	1539	1748	1654	402	683	631	975	484	756	1059	1582	2124	1145	920	737
Il6_-_30013425.23-P1P2	Il6	1072	1768	1218	1651	1057	427	569	540	762	414	678	850	1221	1220	889	589	705
Folr1_+_101863901.23-P2	Folr1_P2	2090	2536	2034	3627	2663	767	1080	1251	1323	787	1245	1832	1839	3080	1896	1626	1798
Ppp3r1_+_17159384.23-P1P2	Ppp3r1	2006	1592	1266	1848	1601	489	646	741	937	433	935	876	1352	1400	1263	895	977
Dpp6_-_27261954.23-P1	Dpp6_P1	2526	3186	2263	3372	2840	945	1035	1083	1692	719	1074	1873	2354	2858	2245	1576	1715
Phpt1_+_25574634.23-P1P2	Phpt1	2001	2698	2448	2885	2287	822	893	1007	1298	599	1131	1453	2009	2682	1522	1458	1435
Stx1a_-_135041244.23-P2	Stx1a_P2	1314	1493	1037	1984	1670	317	590	808	938	395	847	992	1221	1485	909	853	1070
Cln5_+_103070323.23-P1P2	Cln5	1534	1532	1375	1880	2067	540	710	1071	1123	341	653	753	1389	1660	1264	814	730
Gba2_+_43578807.23-P1P2	Gba2	1968	2568	1769	2294	1689	591	875	710	1195	619	1100	1319	1389	2310	1799	1238	1048
Rmdn3_-_119156739.23-P1P2	Rmdn3	1445	1899	875	1582	1450	394	613	588	1070	308	953	827	1301	1538	1003	1001	686
Dnajb2_+_75236660.23-P1P2	Dnajb2	981	1046	1053	1078	1166	308	578	319	847	317	466	643	814	1009	1093	687	744
Kcna1_+_126645762.23-P1P2	Kcna1	1668	2144	1948	2342	1986	475	573	477	1056	438	880	1241	1555	2006	1164	1186	1021
Mnat1_-_73123781.23-P1P2	Mnat1	1488	2075	1333	1857	2033	486	786	737	1167	466	726	896	1691	1397	1037	939	880
Slc25a46_-_31609839.23-P1P2	Slc25a46	2436	2811	2097	3347	2899	718	1185	1311	1341	715	1245	1671	2083	2717	1914	1481	1288
Psmb7_+_38643895.23-P1P2	Psmb7	1517	1570	1216	1979	1661	384	565	417	787	420	853	1083	1635	1758	1303	765	886
Kcne3_-_100176783.23-P2	Kcne3_P2	3471	4222	2783	4382	3428	823	1312	1480	1952	867	1545	1945	3398	3224	2496	2247	1727
Hmbs_+_44342226.23-P1	Hmbs_P1	1120	1752	1311	1568	1387	337	583	581	766	337	779	1078	1333	1486	936	1082	818
Iba57_-_59163713.23-P1P2	Iba57	1016	1503	1313	1592	1659	392	554	662	941	390	785	1057	1091	1119	701	576	710
Dkk1_-_30549459.23-P1P2	Dkk1	1584	2022	2338	2106	2144	531	650	1082	1227	468	728	1098	1857	2300	1225	1182	965
Npc1_-_12236345.23-P1P2	Npc1	1887	1750	1781	2158	1800	892	828	831	1071	621	703	1551	1755	1956	1308	1282	1083
Serpina3i_-_104263171.23-P1P2	Serpina3i	1150	1464	1106	1233	1678	344	570	444	646	360	666	848	1146	1414	849	840	845
Ntrk2_+_58807874.23-P1P2	Ntrk2	1163	1382	1410	1764	1371	455	682	574	948	312	843	1116	1023	1555	1023	809	1002
Inpp4a_-_37299920.23-P1P2	Inpp4a	1914	2287	1791	2570	1928	577	769	795	1213	400	815	1079	1806	2236	1358	1267	1137
Phex_-_157415216.23-P1P2	Phex	1474	1520	1399	1704	1737	294	595	513	901	361	695	1009	1366	1248	1039	945	749
Actr1b_-_36709930.23-P1P2	Actr1b	2205	2094	1983	2501	2153	614	859	900	1161	586	1001	1020	1795	2067	1383	1216	1219
Acbd5_-_23069131.23-P1P2	Acbd5	1443	2017	1431	1758	1896	546	592	615	1083	427	805	964	1131	1546	1212	1161	753
Slc6a4_+_76998801.23-P2	Slc6a4_P2	2298	2594	2087	2572	2746	555	1018	761	1362	643	1156	1374	1663	2198	1717	1378	1096
Thy1_-_44043452.23-P1P2	Thy1	1756	2008	1712	2074	1700	486	708	435	1113	616	865	1273	1317	1969	1178	1052	916
non-targeting_03856	non-targeting	2158	2417	2089	3227	2790	853	1044	1428	1575	707	1109	1594	2269	2426	1934	1547	1695
Pvalb_-_78206175.23-P1	Pvalb_P1	1747	2451	1838	2653	2362	560	813	893	1419	724	760	1515	1746	2261	1958	1566	1596
Spg11_-_122118298.23-P1P2	Spg11	1432	1606	1112	1574	1571	571	610	468	1064	229	694	1096	1305	1190	1061	762	611
Synm_+_67759723.23-P1P2	Synm	2082	2784	2335	3105	2564	705	1254	1405	1568	868	1458	1701	2298	2738	1818	1877	1380
Pak1_+_97842956.23-P1P2	Pak1	2072	2466	2336	2639	2545	700	1056	1095	1362	511	1040	1168	1874	1992	1459	976	1400
Sbf2_+_110614887.23-P1P2	Sbf2	2257	2425	1789	2814	2742	618	1203	1267	1474	743	1239	1559	2234	2840	1788	1479	1172
Dock2_+_34783769.23-P1P2	Dock2	2119	1676	1452	2464	2630	579	833	774	1414	669	1235	1408	1606	1974	1577	1236	1098
Ar_-_98149676.23-P1P2	Ar	2189	2737	2521	2865	2736	669	1030	961	1380	559	1397	1511	2193	2461	1726	1406	1236
Ambra1_-_91730206.23-P1P2	Ambra1	1683	2362	1679	2385	2132	529	922	778	1154	435	1119	1079	1830	2182	1993	1307	1370
Rgs10_-_128418146.23-P1P2	Rgs10	886	825	1251	1253	1208	310	406	641	582	289	394	614	620	1158	659	712	499
Klc1_-_111758950.23-P1P2	Klc1	952	1187	694	1306	1224	337	417	579	831	280	393	603	870	1063	844	713	561
Tomm40_-_19715172.23-P1P2	Tomm40	1269	1683	1000	1667	1734	453	563	539	780	467	771	1047	1459	1131	1004	699	651
Homer1_+_93304169.23-P1P2	Homer1	1614	1995	1397	2027	2085	505	716	908	1232	334	707	1256	1684	1790	1279	980	861
Il2_-_37125972.23-P1P2	Il2	1555	1590	1486	2408	2092	484	628	759	946	341	875	978	1036	1361	1392	968	865
Calb2_+_110168162.23-P1P2	Calb2	1479	1521	1354	2104	1946	415	503	595	819	405	756	932	823	1877	1298	1001	931
Atrip_+_109074090.23-P1P2	Atrip	1192	1107	1152	1295	1486	421	599	603	591	319	487	658	998	1349	605	715	621
Wnt8b_+_44493529.23-P1P2	Wnt8b	994	1448	1172	1385	1188	368	439	602	905	422	601	802	1072	1357	886	688	582
Oxr1_+_41447343.23-ENSMUST00000110297.2,ENSMUST00000090096.4	Oxr1	2419	3118	2644	2622	2791	502	1076	1205	1405	667	1056	1316	2702	2479	1900	1323	1486
Atp5o_-_91931494.23-P1P2	Atp5o	1811	1823	1307	2009	1815	473	629	590	1299	378	776	1102	1382	2004	1364	1183	921
Tmem175_-_108629900.23-P1P2	Tmem175	1118	1646	1200	1619	1121	466	477	614	789	420	949	927	1406	1426	1212	933	863
Tubb6_-_67390935.23-P1P2	Tubb6	2774	3022	2109	3135	3053	800	1031	850	1419	732	1304	1808	2293	2884	2059	1668	1626
Cyp2d11_+_82393535.23-ENSMUST00000170255.1	Cyp2d11	773	1194	1151	1303	1303	350	452	581	596	372	771	744	1040	1240	904	647	642
Pick1_-_79229473.23-P1P2	Pick1	694	1002	908	1281	981	211	505	448	753	291	459	757	865	859	719	522	673
Zfp74_-_29954028.23-P1P2	Zfp74	677	1029	809	1064	1029	291	368	449	831	279	474	569	592	785	869	554	606
Vamp1_+_125215639.23-P1	Vamp1_P1	1830	2612	2080	2302	2237	661	722	642	1081	558	1037	1568	1627	2031	1454	1209	1315
Tgm6_+_130123330.23-P1P2	Tgm6	1838	2571	2295	2682	2715	623	1012	886	1082	635	1382	1275	2147	2507	1605	1498	1477
Ppp3r2_-_49681979.23-P1P2	Ppp3r2	1789	2271	2221	2907	2416	615	939	1109	1218	733	937	1331	1744	2595	1439	1327	1478
Dvl3_-_20517067.23-P1P2	Dvl3	1519	1736	1741	2157	2343	579	493	769	978	423	920	918	1593	1659	1204	885	853
Zfp46_+_136284733.23-P1	Zfp46_P1	666	722	706	591	601	195	292	283	468	202	318	366	440	677	407	397	386
Gdap2_+_100162547.23-P1P2	Gdap2	2288	2552	2226	3166	2530	701	1030	836	1403	749	1018	1777	2247	2420	1760	1358	1377
Ttbk2_+_120850345.23-P1P2	Ttbk2	1889	2320	1620	2367	2625	493	1117	835	1307	418	1386	1308	1554	2120	1321	1461	1207
Prickle2_-_92706146.23-P1	Prickle2_P1	2539	3120	2084	3220	2961	710	1135	987	1769	756	1402	2115	2638	3004	2013	1648	1682
Nkx6-2_-_139582764.23-P1P2	Nkx6-2	1520	2629	2103	2016	2221	479	1081	658	1228	518	1253	1380	1630	1975	1663	1038	1254
Mcoln1_-_3500509.23-P1P2	Mcoln1	2217	2650	1800	2229	1955	536	935	887	1240	561	1027	1196	1404	2208	1480	1273	1147
Ndufv3_-_31520238.23-P1P2	Ndufv3	1445	1921	1102	1712	1750	289	505	611	1057	456	782	1099	1168	1817	1814	771	1242
Lyst_-_13590461.23-P1P2	Lyst	1942	2259	1965	3143	1716	754	806	771	1563	564	960	1568	1385	1689	1561	982	906
Wnt6_+_74771974.23-P1P2	Wnt6	843	1379	1022	1487	1510	390	583	375	838	386	546	766	835	1060	1085	702	670
Sds_+_120476593.23-P1P2	Sds	1461	1836	1136	1850	1929	368	707	624	897	445	765	871	1297	1559	1373	929	1029
Serpina3k_+_104338781.23-P1P2	Serpina3k	1133	1640	1201	1836	1385	485	655	816	889	381	852	1432	1177	1716	1000	1034	866
Slc25a38_-_120114994.23-P2	Slc25a38_P2	1683	1700	1567	2009	1961	508	773	814	1295	443	744	1244	1545	1931	1176	898	1088
Fgf2_+_37348376.23-ENSMUST00000138563.2	Fgf2	672	769	624	590	681	349	291	157	412	114	334	734	633	727	588	344	449
Txn2_+_77928950.23-P1	Txn2_P1	1544	1528	1594	1905	1914	435	624	611	669	451	687	823	1705	1517	1243	774	889
Vdac1_-_52361156.23-P1P2	Vdac1	1291	2094	1349	1692	1537	460	478	768	1005	355	828	739	1273	1546	1219	881	782
Slc12a1_-_125152715.23-P1P2	Slc12a1	1815	2411	1928	2311	2114	461	796	1329	1112	636	756	1113	1635	1934	1571	945	1204
Pitrm1_-_6548217.23-P1P2	Pitrm1	1867	2789	2207	2893	2369	677	1292	804	1641	852	1174	1523	2098	2682	1684	1255	1447
Cp_-_19957276.23-P1P2	Cp	1236	1394	1092	1416	1740	416	713	597	1026	444	840	976	1231	1452	999	660	761
Fgfr4_+_55152879.23-P1P2	Fgfr4	1064	1699	1577	1832	1808	466	657	716	1220	373	799	1378	1101	1460	1329	997	968
2410137M14Rik_+_36981162.23-P1P2	2410137M14Rik	1509	1799	1632	2108	1733	503	634	914	873	563	825	1103	1574	1731	1115	1072	1083
Reps1_-_18055613.23-P1P2	Reps1	1601	2128	1201	1816	1839	600	954	898	1497	546	843	1327	1643	1665	1434	1396	1273
Pdha1_+_160138306.23-P1P2	Pdha1	2492	3674	2852	3685	3421	633	974	1235	2076	1021	1647	1659	2451	2784	2117	1547	1588
Ywhae_-_75733173.23-P1P2	Ywhae	576	1002	586	648	403	169	204	275	391	157	369	301	348	756	390	321	315
Tfpi2_-_3968363.23-P1P2	Tfpi2	3193	4735	2934	4619	4000	1166	1480	1471	2672	1023	2087	2294	3147	3924	3008	2187	2423
Pnpt1_+_29130792.23-P1P2	Pnpt1	1397	1780	1258	1821	2018	487	670	534	1149	391	648	829	942	1275	732	572	688
Reep2_-_34840686.23-P1P2	Reep2	1927	2320	2067	2693	2437	614	969	1094	1450	564	918	1146	1964	2050	1332	1308	1046
Tubal3_+_3924702.23-P1P2	Tubal3	2199	2125	1921	2599	2492	545	834	973	1494	611	922	1359	1811	2467	1632	1140	1071
Cdc27_-_104550495.23-P1P2	Cdc27	981	1100	915	1516	1167	346	695	440	789	454	730	922	1138	1245	795	729	591
Wnt2_-_18030383.23-P1P2	Wnt2	1411	1434	1862	2095	1796	683	660	753	1329	450	960	1347	1552	1663	1569	1059	1068
2810006K23Rik_+_124328209.23-P1P2	2810006K23Rik	1644	1953	1615	2576	2274	580	742	767	1096	583	851	1070	1550	2007	1871	1055	840
Plb1_+_32247521.23-P1P2	Plb1	1896	2556	2050	2552	2477	673	963	1055	1325	516	971	1113	1907	1982	1497	1188	1231
Ap4s1_+_51691234.23-P1P2	Ap4s1	2708	3499	2659	3843	3072	853	1510	1343	2050	847	1541	2099	2416	3084	1967	1918	1810
Aldh18a1_+_40588361.23-P1P2	Aldh18a1	1288	2072	1289	2214	2098	613	970	911	1068	501	1039	1234	1887	2141	1693	1047	1008
Ngf_-_102469995.23-P1P2	Ngf	1617	1850	1235	1926	2183	431	720	548	794	355	871	1083	1430	1730	1058	968	793
Kynu_-_43555429.23-P1P2	Kynu	1128	1464	993	1341	1205	438	343	595	970	298	836	649	1018	1391	791	559	785
Rho_-_115931983.23-P1P2	Rho	2242	2109	2117	2802	2460	857	1015	979	1967	546	1382	1473	2426	2787	2030	1440	1230
Pik3r4_+_105643002.23-P1P2	Pik3r4	1593	2487	1499	2340	1346	452	451	339	978	376	481	699	903	906	814	748	653
Atg12_-_46741503.23-P1P2	Atg12	1641	2306	1417	2110	1772	513	921	734	1177	401	751	1166	1519	1887	1447	1301	946
Ndufa5_-_24527506.23-P1P2	Ndufa5	1709	2557	1815	2465	1780	675	876	1123	1531	654	1121	1177	2013	2185	1971	1044	1226
Acbd5_-_23069144.23-P1P2	Acbd5	799	1392	1287	1584	1625	465	595	393	925	244	486	807	965	1364	806	714	877
Pin1rt1_-_104716322.23-ENSMUST00000099659.2	Pin1rt1	2874	3180	2155	3400	3169	1003	1018	1160	1830	817	1314	2013	1996	2640	1972	1795	1915
Tubb2b_-_34130143.23-P1P2	Tubb2b	1782	2404	2013	2749	2570	699	902	913	1441	652	1190	1175	1731	2232	1303	1123	1053
Epm2a_+_11343497.23-P1P2	Epm2a	2541	2082	1939	2921	3618	637	940	987	1598	542	1078	1031	2460	2343	1614	1322	1499
Apc2_-_80301072.23-P1	Apc2_P1	1334	1559	1166	1968	1462	358	622	541	883	348	571	682	1238	1605	1220	781	1001
Camk2b_+_6065133.23-P1P2	Camk2b	1192	1464	1200	1508	1671	330	484	446	891	312	750	818	1368	1273	760	880	862
Klc3_+_19399873.23-P1	Klc3_P1	1420	1925	1230	1850	2125	458	818	766	1118	479	867	896	1335	1834	1034	951	988
Oard1_+_48410302.23-P1P2	Oard1	2790	3570	2391	3912	2943	1020	1142	1014	1725	539	1131	2090	2937	2991	2331	1795	1840
Slc1a1_-_28835153.23-P1P2	Slc1a1	2271	2836	2042	3255	2753	660	1055	1184	1504	653	1332	1738	1895	2395	2112	1384	1377
Tubal3_-_3924771.23-P1P2	Tubal3	1965	2180	1723	2263	2280	707	847	749	1150	526	975	1315	1484	2430	1648	1029	1317
Slc18a2_-_59260959.23-P1P2	Slc18a2	2182	2962	2291	2787	2575	843	1006	1276	1299	733	1272	1838	2257	2730	2129	1391	1330
Psmc3_-_91054294.23-P1P2	Psmc3	1753	1832	1287	2227	1311	127	478	228	565	205	474	480	660	1005	812	443	579
Toe1_-_116807491.23-P1P2	Toe1	2237	2771	2118	3356	2104	706	1056	918	1249	534	1263	1422	1976	2131	1496	1221	1229
Dicer1_+_104751870.23-P1P2	Dicer1	1828	1712	1687	1462	1312	401	526	743	847	328	619	614	1196	1306	1149	760	742
Hdac9_-_34528814.23-P1P2	Hdac9	1566	2078	1803	1933	1721	486	1080	759	1367	439	978	1047	1820	1907	1466	966	1229
Atp5o_+_91931387.23-P1P2	Atp5o	2358	3143	2498	3551	3244	768	1302	1202	2191	929	1174	1889	2264	3065	2019	2092	1714
Stx1a_-_135023576.23-P1	Stx1a_P1	2117	2769	1729	2588	2306	824	1139	917	1478	638	1058	1714	2292	2231	1568	1373	1252
Mapk12_+_89140657.23-P1P2	Mapk12	892	1363	852	1054	1164	293	398	568	941	353	453	862	1124	1120	791	533	569
Arl6ip1_+_118129497.23-P1P2	Arl6ip1	2536	2947	2462	3206	2609	652	1294	1241	1810	878	1532	1700	2550	2828	1899	1704	1614
H2-M10.5_+_36773381.23-ENSMUST00000041531.6	H2-M10.5	1006	1360	1243	1602	1620	320	525	671	830	379	721	592	1329	1372	889	859	574
Bcl10_+_145924366.23-P1P2	Bcl10	3090	2672	2980	3737	3452	809	1242	1484	2096	974	1553	2127	2762	3251	2603	1856	1679
Mapk13_+_28769367.23-P1P2	Mapk13	2954	2857	2511	3513	3170	772	989	1251	1817	855	1315	1684	2319	2803	2238	1544	1249
Sv2a_+_96181257.23-P1P2	Sv2a	1311	1787	1486	1756	1188	418	678	588	1032	489	801	1111	1546	1627	1031	782	921
Slc17a6_-_51622130.23-P1P2	Slc17a6	2842	3597	2342	2786	2821	884	1272	1381	1800	986	1545	2045	2683	3606	2254	1845	1866
Nos1_-_117841991.23-P1P2	Nos1	1465	2183	1585	2115	1616	432	759	637	786	675	999	1217	1874	1807	1297	1015	1306
Mthfr_-_148039178.23-P1	Mthfr_P1	1681	2155	1682	1963	1768	630	835	939	1533	635	1360	1327	1721	2294	1477	1125	979
Atp2a2_-_122502157.23-P1P2	Atp2a2	2176	2256	1747	2352	1670	785	767	943	1806	535	1054	1224	1437	1684	1451	1152	1135
Gabpa_+_84835407.23-P1P2	Gabpa	1469	1604	1456	1937	1669	382	597	824	801	407	874	1099	1221	1235	1486	979	895
Cox4i1_-_120668321.23-P1P2	Cox4i1	1951	2338	1517	2849	2165	573	997	1054	1309	649	919	1397	1534	1708	1387	949	864
Gpx1_+_108339087.23-P1P2	Gpx1	2326	3580	2215	2778	3102	713	1231	1077	1809	721	1558	1582	2741	2489	1733	1616	1480
Slc44a1_+_53440484.23-P1P2	Slc44a1	1920	2468	1588	2156	2079	688	884	717	1417	545	992	1283	1623	2022	1849	1183	1154
Tlr2_+_83841549.23-P1P2	Tlr2	2060	2313	1901	2323	1708	578	852	472	1293	534	1211	1123	1814	1766	1555	1095	1132
Psmc6_-_45329837.23-P1P2	Psmc6	1218	1849	1543	1799	1401	421	764	866	972	537	894	1338	1677	1813	1055	804	1124
Aicda_-_122553904.23-P1P2	Aicda	2001	1876	1577	2284	2172	544	701	621	1413	582	956	1263	1548	2025	1771	1244	1046
Tbcd_-_121452029.23-P1P2	Tbcd	1779	2513	1649	2154	1740	381	847	726	1091	371	979	1069	1339	1249	966	1110	1044
Icam1_+_21015969.23-P1P2	Icam1	1335	2267	2211	2621	2283	690	769	818	1303	563	837	1426	1685	2930	1722	1054	1156
Bean1_+_104170616.23-P1P2	Bean1	933	1610	1000	1566	1250	396	651	853	875	404	660	798	1286	1292	1015	753	898
Elavl2_+_91376432.23-P1P2	Elavl2	908	1214	958	1457	1163	321	639	673	728	388	575	1034	1196	1012	937	661	598
Jph3_+_121730162.23-P1P2	Jph3	1294	1963	1448	1881	1571	571	785	561	1075	457	889	1316	1199	1411	1172	1000	975
Sh3tc2_-_61953119.23-P1P2	Sh3tc2	2223	3186	2150	3056	2966	739	1145	1245	1878	628	1682	2034	2512	2564	1920	1477	1539
Plxna4_+_32588136.23-P1P2	Plxna4	1545	2472	1584	2029	2686	693	999	724	1099	566	996	1186	1814	1866	1681	1171	1185
Psen2_+_180255966.23-P1	Psen2_P1	2169	2342	2459	2740	2980	826	1087	1377	1781	782	1081	1716	2498	2813	1942	1541	1391
Tuba4a_+_75219406.23-P1P2	Tuba4a	1801	2285	1382	2130	2520	620	693	739	1245	606	1135	841	1997	2316	1269	1326	1341
Ppt2_+_34627349.23-P1P2	Ppt2	1992	2567	2223	2852	2798	632	885	870	1295	596	1445	1306	1838	2404	1775	1354	1420
Cxcl10_-_92348840.23-P1P2	Cxcl10	1915	2193	1706	2566	2322	601	914	764	1421	641	1163	1038	2246	2071	1505	1180	1242
Nox4_+_87246794.23-P1P2	Nox4	2073	1907	1886	2436	1849	492	877	973	1573	507	952	1318	1751	1949	1660	1146	1055
Uqcrfs1_-_30545248.23-P1P2	Uqcrfs1	1895	2171	1579	2056	1673	507	832	901	1071	481	889	985	1566	1850	1013	1064	1135
Aif1_-_35172555.23-P1P2	Aif1	1739	2345	1228	2291	2231	451	666	500	969	436	704	1035	1555	1554	1005	965	712
Becn1_-_101302253.23-P1P2	Becn1	1235	1435	1104	1515	1611	424	704	694	939	487	807	844	1324	1115	1044	773	961
Foxo1_-_52268444.23-P1P2	Foxo1	1023	1614	1343	1579	1827	396	673	733	1130	390	715	800	1381	1308	1416	966	912
Sh3tc2_+_61953065.23-P1P2	Sh3tc2	1669	2815	1702	2381	2310	647	1092	949	1400	535	1363	1521	2016	2460	1856	1394	1175
Ina_-_47014749.23-P1P2	Ina	2116	2862	2267	3080	2547	754	1243	1354	1831	802	1079	1492	2400	2565	1467	1459	1467
H2-T24_-_36020478.23-P1P2	H2-T24	2085	2646	2195	2475	2749	664	873	1038	1495	601	1320	1688	2535	2786	1849	1287	1470
Tubb4b_-_25224452.23-P1P2	Tubb4b	2254	2425	1938	3203	2389	712	993	901	1102	662	1145	1045	2269	2329	2307	1245	1219
Ctsd_-_142387640.23-P1P2	Ctsd	1400	1868	1614	1745	2021	530	749	501	1105	466	693	1135	1446	1467	1045	818	937
Ndufb6_+_40279328.23-P1P2	Ndufb6	1196	1338	1360	1607	1458	452	680	383	655	340	625	796	1080	1211	766	648	654
Cox7b2_-_71548186.23-P1P2	Cox7b2	1800	1863	1406	2414	1965	390	713	1187	1240	420	877	919	1551	1745	1287	1151	1012
Trpm7_+_126876217.23-P1P2	Trpm7	2170	2715	2094	3049	2443	847	941	845	1293	653	1261	1553	2325	2162	1482	1264	1210
C9_+_6445373.23-P1P2	C9	1481	1943	2007	2294	1833	419	620	651	887	380	732	1151	1580	1689	1351	806	1022
Txn1_+_57956276.23-P1P2	Txn1	695	684	952	1015	1152	354	291	194	362	150	362	597	733	917	580	415	431
Pik3r4_+_105643062.23-P1P2	Pik3r4	1748	2382	1757	2194	2052	563	855	825	1242	556	822	1174	1724	1559	1173	905	868
Ptn_-_36810114.23-P1P2	Ptn	1593	2014	2320	2669	2600	599	832	732	1032	366	806	1490	1916	1810	1763	1316	1190
Rtn4_-_29693005.23-P1P2	Rtn4	733	660	685	1074	1151	294	404	394	711	293	492	353	571	1017	746	464	468
Reep1_-_71707884.23-P1P2	Reep1	1549	1647	1592	2100	2115	694	900	666	948	414	710	1054	1402	1583	1474	1117	925
Sepsecs_-_52669692.23-P1P2	Sepsecs	1332	1323	1336	1479	808	264	456	366	484	253	300	452	781	654	669	383	519
Plekhg5_+_152086939.23-P1P2	Plekhg5	2302	2331	1694	2142	2333	571	992	811	1527	552	1139	1631	2081	2212	1485	1104	1081
Fgf1_-_38918616.23-P1P2	Fgf1	1498	1433	997	1466	1425	306	487	492	846	387	480	871	1114	1104	956	919	842
Vps13a_-_16780868.23-P1P2	Vps13a	1970	2094	1537	2736	2554	546	922	915	1648	473	975	1404	2118	2412	1466	1486	1193
Txndc5_-_38528746.23-P1P2	Txndc5	1474	1889	1429	1782	1567	460	535	767	866	386	581	737	1432	1601	1039	775	964
Emc1_-_139352704.23-P1P2	Emc1	2234	2773	2269	2647	2095	557	972	917	1467	649	983	1409	2017	2143	2054	1184	1198
Akt1_+_112674172.23-P1P2	Akt1	2605	3348	2523	3232	3218	915	1110	1414	1652	748	1470	1630	2442	2801	2440	1617	1450
Kitl_-_100015889.23-P1P2	Kitl	1731	1826	1780	2355	2337	453	845	849	1560	597	865	1395	1890	1875	1900	1062	1307
Cox5b_+_36691549.23-P1P2	Cox5b	2362	2252	1906	2642	2397	650	864	1135	1443	663	1106	1941	2004	2592	1617	1166	1391
Vcam1_-_116129418.23-P1P2	Vcam1	1581	1551	1098	1616	1459	428	480	622	770	466	783	716	1313	1475	904	788	897
Syt14_+_193035631.23-P1P2	Syt14	1729	2546	1758	3048	2505	742	996	1435	1536	610	954	1948	2132	2520	1522	1450	1570
Cetn1_+_9619448.23-P1P2	Cetn1	1145	1595	1152	1814	1755	302	769	594	633	527	660	885	1474	1431	1618	910	948
Ighmbp2_-_3282775.23-P1P2	Ighmbp2	1009	1671	1130	1595	1059	359	570	517	764	385	713	899	1241	1449	829	808	794
Timm8a1_-_134541803.23-P1P2	Timm8a1	1381	1465	1234	1193	1338	336	523	620	720	448	478	954	1766	1440	1027	796	784
Slc11a2_-_100423018.23-P1	Slc11a2_P1	1804	2621	1936	2803	2763	556	837	1011	1107	611	1439	1388	2189	2603	1455	1534	1436
Pnp2_-_50956186.23-P1P2	Pnp2	1254	1510	1180	1316	1065	448	510	700	686	453	679	684	1425	1365	1081	726	814
Tardbp_+_148626750.23-P1P2	Tardbp	2498	3230	2240	3178	3120	866	1322	1161	1940	838	1257	1407	2567	3102	2468	1643	1702
Atp5a1_+_77774087.23-P1P2	Atp5a1	2144	2485	1876	2420	1762	527	872	710	1525	619	976	1386	1838	1714	1761	1205	1248
Mapt_+_104231529.23-P1P2	Mapt	1640	1654	1110	1777	1340	421	658	749	944	421	779	860	1339	1438	1080	946	804
Casp6_-_129901502.23-P1P2	Casp6	1145	2296	1370	1834	1543	367	612	726	1008	481	942	1232	1430	1502	976	1067	1078
Pitrm1_-_6548246.23-P1P2	Pitrm1	2268	2891	2061	2953	2778	656	976	960	1737	714	1906	1324	2144	2666	1792	1646	1820
Cycs_+_50566535.23-P1P2	Cycs	1710	1789	1173	1419	1583	484	721	824	1136	452	825	1152	1069	1735	1149	1042	1124
Uchl1_-_66676322.23-P1P2	Uchl1	2287	2934	2678	2741	2387	662	953	1028	1441	591	903	1415	2046	2632	2141	1585	1530
Clp1_+_84727216.23-P1P2	Clp1	1092	1335	1320	1675	1425	429	653	352	708	469	563	818	948	1401	688	743	686
Atrip_+_109074051.23-P1P2	Atrip	1786	2904	2258	3136	2369	688	925	1155	1331	703	1398	1306	1863	2451	2292	1406	997
Serpina3n_-_104406776.23-P1P2	Serpina3n	1434	1706	1928	2071	2141	441	717	883	994	641	635	1039	1397	1591	1078	898	786
Lrsam1_+_32961582.23-P1P2	Lrsam1	1457	1856	1583	2302	2162	777	675	1072	1123	542	987	1204	1601	2062	1465	1004	1106
Rims2_+_39198200.23-ENSMUST00000082054.5,ENSMUST00000042917.9	Rims2	1730	1813	1524	2120	1945	434	525	555	1068	555	1029	1243	1470	1483	1477	1054	889
Calb1_-_15881277.23-P1P2	Calb1	786	932	989	1090	1481	288	504	617	783	391	642	623	916	1212	714	546	659
Rnf170_-_26119691.23-P1P2	Rnf170	1452	1401	1330	2109	1498	574	605	918	1299	458	895	1131	1191	1622	1199	863	939
Hdac6_+_7947778.23-P1P2	Hdac6	2085	2063	1845	2515	2157	527	1058	686	1470	702	998	1294	1826	1920	1803	1266	1274
Atf6_-_170867691.23-P1P2	Atf6	1681	2242	1843	2197	1689	352	688	930	1290	573	677	931	1211	1846	1617	1225	933
Npy_+_49822771.23-P1P2	Npy	2005	2036	1660	2516	3086	575	871	1161	1551	493	1211	1494	1763	2513	1830	1432	1181
Exosc8_+_54734999.23-P1P2	Exosc8	1004	1398	1052	1370	1246	349	647	508	537	372	612	929	1084	1287	1167	780	753
Hace1_+_45577892.23-P1P2	Hace1	1965	2504	1518	2227	2347	530	908	993	1672	507	1358	1553	1661	2194	1344	1040	961
Lrp6_+_134566957.23-P1P2	Lrp6	2225	2541	2465	2997	2764	652	1090	1032	2229	543	1329	1724	2474	2985	2292	1720	1611
Syt14_-_193035680.23-P1P2	Syt14	1890	2062	1739	2703	2454	663	869	943	1233	568	1151	1282	1621	2311	1623	1252	1447
Uba5_-_104063094.23-P1P2	Uba5	1805	2055	1638	2277	1557	632	743	573	1243	488	810	1178	1230	1129	1000	686	642
Rmdn1_+_19575249.23-P1P2	Rmdn1	1296	1297	949	1386	1853	294	604	660	715	384	791	1020	1408	1272	971	758	770
Rb1_-_73325779.23-P1P2	Rb1	1293	1555	1086	1663	1446	243	563	320	988	359	455	707	1156	1450	925	836	851
Kpna3_-_61439779.23-P1P2	Kpna3	1312	2092	1833	2485	1619	395	731	654	803	379	1050	1209	1858	1895	1598	1233	1080
Apcs_-_172894930.23-P1P2	Apcs	1277	1990	1608	2182	1942	437	603	558	800	420	1046	947	1635	1758	1821	1230	884
Parp1_-_180569260.23-P1P2	Parp1	1213	1291	900	1345	1087	411	382	290	675	316	534	826	1434	934	799	692	461
Atg14_+_47568376.23-P1P2	Atg14	2101	2755	2122	2967	2579	520	958	1187	1246	695	1274	1243	2141	2074	2080	1383	1488
Msc_-_14755921.23-P1P2	Msc	2025	3173	2976	3236	2731	700	1047	1453	1678	610	1500	1246	2746	2684	1950	1524	1740
Kynu_-_43555398.23-P1P2	Kynu	2387	2436	2052	2968	2435	818	1172	835	1276	559	847	1717	2117	2086	2512	1530	1770
Hpgds_-_65144632.23-P1P2	Hpgds	1499	1842	1478	2123	1479	267	626	743	827	538	521	846	1731	2028	1369	1284	929
Xbp1_-_5521033.23-P1P2	Xbp1	2253	2466	2208	2842	2356	598	1113	982	1462	537	1233	1230	2123	2165	1564	1179	1187
Slc17a7_-_45163983.23-P1P2	Slc17a7	2197	1646	1499	1950	1644	372	634	540	1039	561	628	995	1517	1476	781	899	1185
Rab8a_+_72161368.23-P1P2	Rab8a	667	953	593	968	986	201	377	358	456	204	374	324	546	602	421	528	482
Tmx2_-_84677841.23-P1P2	Tmx2	1337	1845	1617	2176	1889	508	796	429	987	509	851	1372	983	1709	1093	1058	950
Lmx1b_+_33640799.23-P1P2	Lmx1b	1761	2685	1875	2752	1981	514	969	674	1399	476	1293	1181	2157	2215	1729	1253	1169
Ahsg_+_22892112.23-P1P2	Ahsg	2452	3316	2629	3302	2834	606	960	1280	1658	472	1245	1578	2167	2625	2123	1515	1349
Grin2d_-_45870888.23-P2	Grin2d_P2	2084	2503	2264	2903	2207	788	988	882	1513	609	1079	1359	2029	2507	1807	1660	1401
Slc7a6os_+_106210874.23-P1P2	Slc7a6os	1902	2252	2035	2696	2356	943	953	933	1300	671	1026	1574	1673	2283	1489	1480	1069
Uqcrfs1_+_30545264.23-P1P2	Uqcrfs1	2125	3153	2013	3123	2771	721	1027	1135	1523	733	1056	1345	2097	1989	1796	1596	1334
Slc17a5_+_78587961.23-P1P2	Slc17a5	1750	2484	1684	2695	2368	604	903	966	1094	575	976	1180	2353	2294	1422	1230	1199
Ccnf_+_24251329.23-P1P2	Ccnf	2278	2621	1994	2675	2694	662	983	928	1298	597	1383	1237	2549	2090	1891	1404	1306
Syn1_+_20920896.23-P1P2	Syn1	1627	1732	1730	1817	1503	311	594	578	1008	387	789	1171	1114	1520	1084	986	856
Atxn7_-_14012754.23-P1P2	Atxn7	1572	2097	1649	2441	2615	852	875	765	1324	542	1104	1687	1885	2041	1567	1561	1172
Il15_-_82403136.23-P1P2	Il15	1930	2209	1474	1935	1707	426	751	562	1212	447	899	1012	1307	1621	1380	1102	958
Scyl1_+_5771341.23-P1P2	Scyl1	1651	1769	1321	2235	2093	567	817	805	993	536	655	1086	1582	1734	1311	890	958
Cyp7b1_-_18243276.23-P1P2	Cyp7b1	1224	1597	1177	1638	1842	381	557	641	1234	363	715	751	633	1308	767	813	865
Gabarapl1_+_129533223.23-P1P2	Gabarapl1	1422	2008	1426	1885	1365	367	594	298	1005	294	789	902	851	1632	1079	722	884
Eif4g1_+_20673027.23-P1P2	Eif4g1	2709	3423	2806	3452	3578	676	1319	1774	2305	797	1695	2548	2667	3147	2478	1795	1687
Tfrc_-_32609026.23-P1P2	Tfrc	1543	2195	1491	2055	2058	530	714	993	1203	472	565	864	1184	1439	1144	804	979
Rbfox3_-_118909511.23-P1P2	Rbfox3	2080	3152	2544	2826	4399	1464	2269	1660	2004	936	1324	2076	2059	2381	1704	1500	1653
Slc25a46_+_31609882.23-P1P2	Slc25a46	1653	2454	1628	2713	1765	597	692	590	1271	498	994	1371	1696	1799	1734	1266	1112
Cyp2d22_-_82380107.23-P1P2	Cyp2d22	1096	1173	729	1224	1067	301	399	537	454	384	605	758	989	924	712	439	382
Tjp1_+_65371254.23-P1P2	Tjp1	2039	2054	1841	2506	2712	652	713	912	1204	815	1125	1628	1844	2373	1544	1346	1035
Dnajc5_+_181520563.23-P1P2	Dnajc5	1617	1758	1668	1566	1235	342	721	629	1216	411	755	911	1507	1385	942	963	629
H2-T24_+_36020536.23-P1P2	H2-T24	1147	1655	1425	1628	1381	495	603	492	1059	486	764	794	1435	1274	1092	892	1049
Atxn1_-_45964914.23-P1P2	Atxn1	1435	1928	1659	1980	1616	366	758	735	1071	454	761	907	1531	1813	1393	807	969
Ascc1_+_60002881.23-P1P2	Ascc1	1204	1718	880	1394	1384	411	456	403	852	397	724	996	1210	1407	769	766	796
Pmpca_-_26389412.23-P1P2	Pmpca	1923	2607	2123	3040	1459	330	495	396	531	360	450	910	713	915	419	812	660
Zbtb20_-_43621351.23-P1P2	Zbtb20	1059	1174	1093	1160	1359	194	385	332	586	250	489	605	910	1105	691	716	785
Letm1_-_33782663.23-P1P2	Letm1	3143	3831	2738	3747	3458	827	1137	1259	1815	883	1653	1889	1881	2383	1506	1610	1397
Tor1a_-_30967734.23-P1P2	Tor1a	2049	3090	1860	3012	2535	628	1002	1040	1483	669	1026	1451	2027	2585	1915	1591	1703
Gemin4_+_76217521.23-P1	Gemin4_P1	1638	1906	1536	1784	1688	433	822	1004	1346	646	807	854	1190	1666	1414	1113	892
Tuba1b_+_98934446.23-P1P2	Tuba1b	1265	1833	1541	1543	1539	560	606	605	1005	408	730	1011	1223	1399	894	726	750
Wnt9b_-_103749730.23-P1P2	Wnt9b	1914	2611	2087	2316	2228	595	973	1101	1415	680	1058	1538	1831	2359	1482	1226	1248
Eif2b1_+_124579002.23-P1P2	Eif2b1	1120	1469	1117	1675	1084	382	489	253	933	303	420	775	1157	1375	874	754	741
Scarb1_+_125340997.23-P1P2	Scarb1	1588	2050	1078	1656	1763	587	766	632	1088	298	1073	1019	1505	1779	1094	944	1025
Nhlrc2_-_56548688.23-P1P2	Nhlrc2	1815	1876	2018	1834	1930	583	825	775	1424	444	890	1055	1796	1951	1365	1431	1305
Alb_+_90460906.23-P1P2	Alb	1574	1979	2036	2347	2170	705	756	928	1352	590	1245	1316	2070	2514	1589	1237	1208
Zfp74_-_29954002.23-P1P2	Zfp74	1662	1927	1674	1988	1921	637	846	860	1291	541	1238	1082	2091	1927	1344	1095	1167
Blzf1_+_164307243.23-P1P2	Blzf1	858	1011	1038	1030	913	319	352	621	582	345	443	456	462	794	714	580	690
Itm2b_-_73385268.23-P1	Itm2b_P1	1373	2104	1256	1558	1632	426	574	749	1216	424	882	899	1311	1484	1104	837	1025
Fgf13_-_59134563.23-P1P2	Fgf13	2375	3293	2314	3295	2924	987	1245	1125	1673	747	1400	1755	2250	2628	2036	1579	1602
Abcb1a_-_8660105.23-P1P2	Abcb1a	664	859	637	777	928	223	283	367	642	131	310	577	695	926	594	420	371
Lrrk2_-_91673319.23-P1P2	Lrrk2	1197	1260	1054	1743	1505	304	508	482	889	428	658	898	999	1586	618	642	509
Slc1a1_+_28835170.23-P1P2	Slc1a1	1807	2631	2033	2247	1576	481	871	684	1110	497	908	1207	1626	2304	1413	1102	1233
Hgf_+_16553951.23-P1P2	Hgf	2056	2736	2105	2622	2195	571	864	766	1570	610	1253	1260	2364	2468	1107	1319	1248
Snap25_-_136713505.23-P1P2	Snap25	670	1003	726	1281	501	284	278	113	478	120	336	376	545	630	477	458	504
Kif5c_+_49619639.23-P1P2	Kif5c	1637	1666	1321	1994	1690	446	607	576	1070	397	931	904	1488	1860	1353	934	928
Exosc3_+_45320310.23-P1P2	Exosc3	1561	1680	1658	2225	1366	419	698	563	993	331	605	688	1018	1106	1013	668	979
Scarb2_+_92505462.23-P1P2	Scarb2	3258	3252	2846	4681	4109	895	1317	1645	1898	908	1415	1979	2817	2957	2416	1908	2214
Ostm1_+_42678972.23-P1P2	Ostm1	1839	2324	1452	2371	2025	645	885	1079	1020	628	799	1191	1891	2158	1156	1192	940
Tuba4a_-_75219176.23-P1P2	Tuba4a	2947	3634	2799	3267	2980	1076	1547	1559	2046	915	1451	1770	2768	3337	2569	1889	1893
Mthfr_+_148041180.23-P2	Mthfr_P2	1536	2107	1549	2039	1833	489	656	853	911	656	646	1224	1548	2071	1583	1152	1104
Nipa1_-_56019509.23-P1P2	Nipa1	1222	1731	1299	1946	1533	404	834	523	920	493	1080	1029	1336	1468	1102	886	942
Uba7_+_107975642.23-P1	Uba7_P1	1474	2177	1565	2067	1340	315	738	663	1242	362	665	1090	1390	1616	1086	934	931
Ndufc1_-_51408844.23-P1P2	Ndufc1	2186	2043	2197	2749	2194	689	879	943	1683	576	1095	1455	2047	2383	1779	1293	1521
Bcl2_-_106714220.23-P1P2	Bcl2	2321	3084	1912	3499	2665	806	1326	1076	1367	760	1264	1287	2396	2932	1882	1603	1278
Atp2a1_+_126463050.23-P1P2	Atp2a1	1055	1661	1114	1418	1002	275	318	632	613	337	609	753	1012	1425	1059	814	757
Uqcrc1_-_108936707.23-P1P2	Uqcrc1	1310	1664	1333	1350	1439	317	623	625	695	455	605	871	976	1378	1091	782	711
Itgam_-_128062781.23-P1P2	Itgam	1494	2542	1783	2596	2427	624	947	859	1499	754	906	1483	2291	2679	1628	1246	1401
Rmdn3_-_119156935.23-P1P2	Rmdn3	1745	1848	1109	1692	1458	334	689	668	1013	261	667	1238	1506	1550	987	1063	910
Klc3_+_19404081.23-P2	Klc3_P2	1507	2236	1685	2570	1882	586	694	1035	1068	446	1023	1218	1968	2145	1627	1138	1171
Farsb_-_78488789.23-P1P2	Farsb	1339	1960	1447	1793	1872	493	541	881	1001	487	780	1119	1217	1227	1106	880	833
Med25_+_44892353.23-P1P2	Med25	1716	1936	1581	2116	2535	616	694	816	1483	549	905	1040	1436	1973	1085	1091	933
Dnah12_+_26771021.23-ENSMUST00000073309.4	Dnah12	1559	2512	1939	2371	2825	697	779	689	1268	519	922	1213	1789	2253	1828	1391	1042
Chp1_+_119547792.23-P1P2	Chp1	1290	1273	1117	1263	1237	326	496	444	667	244	442	699	1039	1056	1047	746	690
Tgm2_-_158146348.23-P1P2	Tgm2	1874	2284	1905	2645	1979	766	1036	1016	1423	467	1084	1453	1750	2263	1627	1245	1208
Pawr_+_108332129.23-P1P2	Pawr	1869	2458	1316	2034	2330	537	912	790	893	506	808	1519	1636	2106	1530	1124	1174
Bad_+_6941964.23-P1P2	Bad	1897	2438	2071	2025	2463	606	819	572	1574	776	1316	1475	2099	2195	1741	1141	1190
Rab11a_-_64737681.23-P1P2	Rab11a	1568	1650	1426	2123	1641	548	612	920	1047	432	878	921	1504	1481	998	1046	819
Mfn2_+_147904622.23-P1P2	Mfn2	1423	1861	1694	1780	1926	550	897	678	943	415	700	906	1622	1378	1072	747	1101
Ezh2_+_47594973.23-P1P2	Ezh2	2217	1828	1817	2523	1861	639	931	893	987	694	876	1323	1800	1917	1485	1204	1098
Pgp_-_24470502.23-P1P2	Pgp	1847	2503	1627	1987	2421	621	679	876	1659	575	1051	1615	1693	2606	1549	1160	1166
Rac1_-_143527947.23-P1P2	Rac1	1933	2601	1915	2244	2513	537	777	937	1417	611	1209	1466	1840	2019	1202	1118	1127
Ids_+_70364870.23-P1P2	Ids	1500	2094	1532	2131	1705	319	682	718	1377	619	826	1037	1064	1795	1151	1085	823
Oxr1_-_41449136.23-ENSMUST00000179393.1	Oxr1	1598	1897	1735	1840	1762	575	559	560	715	409	691	952	1097	1501	1412	1013	1109
Psmd13_+_140882483.23-P1P2	Psmd13	1395	1580	1229	1640	1802	456	646	650	1261	416	729	922	1957	1790	1220	1032	874
Glp1r_+_30901856.23-P1P2	Glp1r	1264	2121	2018	1992	1559	453	726	739	944	453	690	1278	1051	1992	1316	1294	1294
Matr3_-_35562259.23-P1P2	Matr3	1955	2549	2234	3024	2647	687	1031	791	1225	733	938	1613	2025	2808	1680	1374	1152
Ddhd2_-_25754372.23-P1P2	Ddhd2	855	1231	855	1364	1074	489	562	440	1009	309	492	748	1415	1344	1022	658	520
Slc44a1_+_53440510.23-P1P2	Slc44a1	1309	2074	1369	2176	2154	480	719	642	1600	441	945	1156	1401	1863	1461	963	1056
Sncaip_+_52768389.23-P1P2	Sncaip	1798	1935	1352	2720	1981	508	869	799	1302	502	728	1218	1545	2198	1488	1038	1082
Psmd6_-_14120896.23-P1P2	Psmd6	1541	1591	1393	1797	1598	452	613	438	743	277	395	513	876	1077	757	759	889
Tnf_+_35201772.23-P1P2	Tnf	1546	1903	1359	1671	1912	423	710	419	886	546	615	1080	1193	1886	1313	966	1245
Gpx7_+_108406673.23-P1P2	Gpx7	2930	3301	3098	4124	3872	856	1278	1218	2500	1021	1633	2035	2960	3194	2400	1970	2070
Pmp22_-_63131591.23-P1	Pmp22_P1	1119	1553	934	1392	1349	325	644	579	724	445	588	739	718	1229	852	680	523
Il1a_+_129309925.23-P1P2	Il1a	2248	3217	2498	3599	2734	766	1235	1209	1576	823	1309	1839	2009	2888	2014	1575	1594
Sptbn2_-_4711530.23-P1P2	Sptbn2	660	1006	690	988	609	206	380	201	500	196	230	427	486	759	517	629	377
Slc39a14_+_70351333.23-P1P2	Slc39a14	548	741	651	859	847	252	288	230	796	198	469	505	737	1011	765	571	490
Tsen34_-_3693819.23-P1P2	Tsen34	1712	1813	1235	2147	1507	561	924	779	823	350	1033	926	1266	1547	1376	878	1144
Csf1_-_107760033.23-P1P2	Csf1	1821	2015	1675	2023	1935	549	736	772	1017	504	939	1033	1865	2187	1189	1261	1090
Epm2a_+_11343478.23-P1P2	Epm2a	2389	2912	2799	3240	3107	731	1094	878	1768	802	1517	1727	2478	2649	1948	1520	1665
Hes3_-_152291592.23-P1P2	Hes3	763	1347	819	1683	1166	352	354	532	668	254	515	705	873	1382	770	674	497
Msh2_-_87672577.23-P1P2	Msh2	877	962	881	1194	1297	215	459	193	705	297	483	840	907	1286	767	593	437
Grin2d_-_45870885.23-P2	Grin2d_P2	899	1310	1004	1611	1213	489	476	419	912	282	581	573	1170	1390	762	751	660
Kras_+_145250091.23-P1P2	Kras	1829	2714	2391	3119	2431	920	962	906	1625	729	962	2132	2523	2773	1646	1871	1342
Npy_-_49822731.23-P1P2	Npy	2851	2682	2400	3200	2768	986	1151	1357	2007	641	1378	1488	2426	2703	1848	1494	1554
Dnajc5_+_181520560.23-P1P2	Dnajc5	2564	2934	2483	3103	3117	697	1024	1282	1780	694	1191	2238	2345	2529	1502	1449	1343
Tmed9_-_55593204.23-P1P2	Tmed9	1758	2030	1691	2478	1935	707	855	810	1632	653	907	1169	1842	1930	1443	1246	1208
Dnajb2_-_75236466.23-P1P2	Dnajb2	1415	1825	1596	2383	1602	634	796	988	808	526	848	919	1883	1405	1808	1091	832
Cd200r4_-_44811819.23-P1P2	Cd200r4	1602	2295	1412	2007	1762	552	693	740	1367	583	1133	1249	1525	1964	1281	911	1103
Bicd2_-_49341625.23-P1P2	Bicd2	1647	2670	1806	2579	2232	666	782	766	1250	479	1197	1312	1963	1968	1488	1130	1129
Hgf_+_16554101.23-P1P2	Hgf	1872	2328	2003	2194	2068	498	931	573	943	464	785	1304	1766	1774	1473	1098	1130
Slc25a4_+_46210996.23-P1P2	Slc25a4	1329	1709	1807	1661	1488	415	599	555	1099	429	697	857	1248	1758	1075	848	894
Wnt9a_-_59306909.23-P1P2	Wnt9a	2142	2492	2127	2920	2181	652	952	906	1272	560	1095	1343	2231	2384	1936	1149	1335
Gad1_-_70562198.23-P1P2	Gad1	2588	2973	2231	3170	3279	887	1285	1141	2146	744	1058	1539	2568	2643	1689	1451	1431
Trem2_+_48346520.23-P1P2	Trem2	1945	2195	1883	2486	2669	886	1139	1027	1257	736	1203	1859	1964	2338	1640	1288	1127
Adora2a_-_75317086.23-P1P2	Adora2a	1613	2448	1853	2525	2741	782	883	758	1078	671	998	1277	1959	2105	1559	1471	1197
Pde8b_-_95222999.23-P2	Pde8b_P2	2138	2036	1746	2434	2301	604	1106	1159	1459	542	1085	1687	1880	2160	1253	1096	1235
Npy_-_49822750.23-P1P2	Npy	1332	1779	1492	1928	1613	459	848	789	951	468	714	729	1539	1804	1610	1142	1205
Slc39a14_+_70351394.23-P1P2	Slc39a14	1084	1238	798	1506	1384	175	467	509	517	273	512	862	1150	1349	1147	665	463
Atxn3_+_101958110.23-P1P2	Atxn3	2829	3504	2906	3509	2927	802	1237	1663	2165	817	1518	2028	2727	3616	2604	1765	1509
non-targeting_02998	non-targeting	2526	3146	2333	3372	3268	741	1169	1466	1557	745	1751	1419	2772	2480	1784	1637	1545
Ddah1_+_145758740.23-P1P2	Ddah1	2642	2885	2076	3000	3365	643	1072	1005	1504	899	1148	1135	2419	2916	1600	1415	1129
Ddit3_-_127290848.23-P1P2	Ddit3	1200	2266	1941	2078	1697	553	751	599	857	365	743	1224	2037	1806	1578	1017	1047
2810006K23Rik_-_124328196.23-P1P2	2810006K23Rik	2429	2940	2801	3005	3303	902	1165	1111	1830	836	1497	1735	2468	2799	2352	1800	1627
Trip4_+_65908762.23-P2	Trip4_P2	2064	2534	1897	2636	2457	466	951	989	1406	603	1069	1359	1334	2439	1296	1439	1398
Kdm1a_+_136602659.23-P1P2	Kdm1a	624	1147	815	1148	1353	294	345	637	698	214	471	702	917	1267	655	380	397
Kat2b_-_53567022.23-P1P2	Kat2b	1908	2268	2354	2255	2095	519	853	966	1112	559	1055	1333	2225	1804	1773	1268	1034
Map2_+_66175341.23-P1	Map2_P1	2222	2325	2042	2754	2134	654	920	1076	1324	638	1187	1307	1993	2319	1794	1779	1157
Plcg1_-_160731303.23-P1P2	Plcg1	803	968	524	1169	809	236	338	451	916	239	581	673	915	821	795	569	578
Ube3a_+_59228818.23-P1P2	Ube3a	916	953	999	1302	1063	177	471	306	751	232	612	765	874	998	710	570	543
Psen2_+_180229903.23-P2	Psen2_P2	2866	2895	2045	2928	3241	838	1086	1190	1419	723	942	1840	2263	3006	2044	1787	1644
Als2_+_59237163.23-P1P2	Als2	1485	1745	1038	1597	1376	376	858	609	975	318	618	725	976	1652	1218	894	788
Tnr_-_159737552.23-ENSMUST00000111669.3	Tnr	2433	3362	2488	2920	2796	904	1051	1049	1630	988	1248	1862	2689	3124	1976	1764	1791
Nfkb1_-_135691346.23-P1P2	Nfkb1	2025	2711	1967	2716	2436	536	884	1097	1369	608	1051	1649	2189	2026	1609	1632	1174
Mecp2_-_74085378.23-P1P2	Mecp2	980	1893	1370	2319	1829	569	845	832	1299	496	794	1185	1873	1757	1118	1091	1099
Apc2_+_80299133.23-P2	Apc2_P2	1973	1806	1680	2548	1888	631	874	1004	1033	372	1029	1161	1598	1783	1648	1021	965
Cox7a1_-_30184245.23-P1P2	Cox7a1	2271	2664	2594	2255	3006	666	935	1160	1202	730	987	1431	1685	2724	1863	1558	1234
Atp1a3_+_25005900.23-P1P2	Atp1a3	2437	2583	1984	2603	2230	646	897	784	1340	764	924	1164	1423	1558	1125	1159	802
Ube2g1_-_72607312.23-P1P2	Ube2g1	2086	2487	1794	2269	1800	772	672	1033	1294	322	1030	1093	1659	1943	1407	1143	1309
Rreb1_-_37826052.23-P1P2	Rreb1	1679	2113	1529	2391	2228	433	895	643	1235	592	1198	1244	1958	1744	1567	1164	1021
Erlin2_+_27023917.23-P1P2	Erlin2	1385	1850	1342	1878	1955	635	672	678	1048	425	815	1081	1625	1514	987	849	722
Kcna1_-_126645749.23-P1P2	Kcna1	1999	2504	2101	2442	2012	802	1080	729	1247	455	996	1331	1980	2049	1511	988	1017
Nars2_+_96951601.23-P1P2	Nars2	2337	3418	2172	3127	3044	1102	1129	1436	1870	771	1274	2078	2026	2155	1615	1346	1648
Ywhaq_+_21417536.23-P1P2	Ywhaq	1093	1088	1023	1244	1183	404	686	422	425	403	647	794	1172	1207	853	565	545
Mul1_+_138434757.23-P1P2	Mul1	1123	1638	1377	1520	1656	409	639	723	1106	476	672	1051	1349	1600	1050	918	860
Kif1c_+_70700357.23-P1P2	Kif1c	1119	1049	1315	1487	1375	413	536	518	640	371	646	934	710	1216	783	698	775
Nr4a2_+_57124139.23-P2	Nr4a2_P2	2000	2300	1903	2056	1608	701	949	1142	1180	631	776	1347	1587	1827	1210	1192	912
Nanog_-_122707599.23-P1P2	Nanog	1411	1372	1255	1698	1379	585	712	952	963	318	743	942	1622	1333	1240	1056	756
Arsa_-_89476103.23-P1P2	Arsa	1394	1380	1578	1715	1238	378	624	650	924	413	665	914	1409	1648	1257	735	1040
Ang2_-_51195887.23-ENSMUST00000051274.1	Ang2	2105	2895	2106	2706	2910	694	839	1222	1340	674	1204	1373	2115	2457	1538	1714	1626
Fosb_+_19309999.23-P1P2	Fosb	903	1883	1450	1970	1570	502	634	741	916	501	740	1131	1552	1625	1160	838	915
Ndufb4_+_37654383.23-P1P2	Ndufb4	1655	1840	1549	2201	2275	430	752	680	1614	513	913	1134	1820	1841	1451	1264	1124
Cst10_-_149405401.23-P1P2	Cst10	3033	3115	2452	2912	2842	787	1110	900	1395	645	1197	1558	2654	2608	2225	1358	1572
Kcne3_-_100176702.23-P2	Kcne3_P2	2521	3164	3110	3800	3399	936	1325	1651	1809	586	1611	1903	2947	2548	2368	1784	1748
Cox6b1_-_30625860.23-P1P2	Cox6b1	1255	1605	1705	1661	1364	506	610	497	869	499	523	907	1367	1655	1090	718	671
Tnfrsf1a_-_125350120.23-P1P2	Tnfrsf1a	2084	2440	1836	2828	2441	710	904	1063	1870	669	1131	1291	2372	2125	1888	1385	1300
Ndufa3_-_3617417.23-P1P2	Ndufa3	1858	1683	1738	2353	1864	466	745	652	934	464	741	990	1345	1529	876	897	727
Mpv17_+_31154249.23-P1P2	Mpv17	1504	1756	1423	1938	1929	549	819	616	1115	584	945	1275	1270	1632	1318	1160	848
Pklr_+_89136463.23-P1P2	Pklr	2258	2879	2117	3232	2592	532	935	903	1521	726	1416	1758	1850	2471	2172	1392	1303
Grm1_-_11082258.23-P1P2	Grm1	2149	2238	2130	2079	1910	579	910	1060	1095	648	1138	1241	2172	1925	1831	1267	1128
Nup62_-_44816385.23-P1P2	Nup62	957	1087	835	1103	1005	297	434	166	611	330	625	591	789	928	894	658	596
Vegfa_+_46032314.23-P1P2	Vegfa	1967	2613	2232	2921	2877	711	1070	791	1509	744	1238	1504	2021	2529	1811	1246	1152
Dnm2_-_21424945.23-P1P2	Dnm2	1242	1827	1551	1927	1901	574	790	708	880	410	876	926	1227	1732	1283	880	987
Stmn1_+_134469757.23-P2	Stmn1_P2	1363	1424	1344	1838	1707	633	530	627	814	279	707	1078	1436	1062	869	833	992
Psmd13_-_140882605.23-P1P2	Psmd13	2025	2906	2710	2822	2532	818	1134	1054	1638	705	1502	1386	2159	2772	1916	1595	1470
Gchfr_-_119167992.23-P1P2	Gchfr	1550	2118	1641	2964	2240	744	1023	1395	1470	785	1360	1590	1897	2134	1766	1154	1280
Ramp2_+_101246531.23-P1P2	Ramp2	2049	2935	2720	3239	3251	850	1438	1030	1962	912	1152	1989	2762	3254	2504	1679	2011
Nptx1_-_119547650.23-P1P2	Nptx1	1494	2026	1273	2016	2090	581	685	696	1101	451	880	917	1743	1787	1526	961	958
Gpx6_+_21312236.23-P1P2	Gpx6	1327	1786	1263	1757	1846	444	585	659	695	427	701	896	1348	1449	912	794	573
Sgsh_-_119355485.23-P1P2	Sgsh	3074	4062	3631	4084	3970	1111	1761	1688	2831	1024	1952	2318	3425	3717	2415	2221	2149
Lrsam1_-_32961377.23-P1P2	Lrsam1	2206	2656	1523	2756	2296	593	819	895	1658	550	930	1305	1493	2094	1468	1325	1294
Cox5a_+_57521305.23-P1P2	Cox5a	1328	1776	1060	1953	1474	428	658	504	1068	558	850	801	1158	1026	713	682	940
Sema6a_+_47368833.23-P1P2	Sema6a	1921	2436	1746	2642	1870	637	1144	999	1304	514	1001	1249	1945	1847	1588	1147	1104
Sv2a_+_96181228.23-P1P2	Sv2a	2222	2580	1799	2742	2404	665	1153	986	1185	504	1210	1387	2221	2438	1891	1114	1373
Wwox_+_114439694.23-P1P2	Wwox	2196	2222	1896	2487	2410	687	818	1332	1429	675	1218	1102	1752	2186	1142	1457	1122
Fshr_+_89200683.23-P1P2	Fshr	1521	1990	1172	1511	1378	434	462	552	938	324	617	885	1402	1537	1103	862	721
Fgf2_-_37349131.23-ENSMUST00000038885.3	Fgf2	1980	2577	1924	2316	2669	578	1075	976	1397	678	1121	1740	2069	2407	1704	1565	1277
Bcl6_-_23988577.23-P1P2	Bcl6	869	1500	1443	1258	1342	222	471	538	767	215	868	968	1020	911	1096	660	735
Cyp2d11_+_82393928.23-ENSMUST00000170255.1	Cyp2d11	1777	1967	1340	2109	1707	492	615	895	1295	384	798	998	1656	1865	1510	1059	1232
Cox5a_+_57521340.23-P1P2	Cox5a	3266	3754	3105	4149	3577	1192	1560	1179	2359	742	2000	2373	2919	3123	2164	1717	1856
Fig4_-_41302899.23-P1P2	Fig4	1049	1405	1448	1585	1460	429	673	473	959	438	690	760	1077	1694	1103	766	722
Fis1_-_136962174.23-P1	Fis1_P1	2046	2498	2312	2873	1851	591	906	993	1240	578	858	1511	1911	2198	1429	1374	1049
Rpgr_+_10216659.23-P1P2	Rpgr	1155	1473	1407	1519	1244	311	556	604	834	394	511	793	952	1221	1251	890	658
Ndufa8_+_36049305.23-P1P2	Ndufa8	1938	2223	1597	2586	2293	644	960	890	1398	671	1167	1520	1800	1861	1181	1268	1064
Tecpr2_+_110889158.23-P1P2	Tecpr2	2702	3222	2565	3659	3228	594	1343	924	1887	800	1472	1665	2699	2906	1939	1792	1325
Ndufs2_-_171237359.23-P2	Ndufs2_P2	1731	1854	1511	2027	1578	388	779	794	1215	317	921	1088	1383	1611	1120	1014	786
Atn1_-_124756716.23-P1P2	Atn1	1263	1534	1175	1736	1456	319	638	630	1081	329	584	886	1235	1476	1284	859	883
Gpbp1_+_111489853.23-P1P2	Gpbp1	1462	1622	1514	1956	1843	415	549	596	1136	429	829	795	1295	1733	1015	1007	1032
Plcb1_+_134786271.23-P1P2	Plcb1	1798	2818	2174	2393	2060	594	1059	970	1308	592	814	1588	1930	2477	1624	1223	1183
Maf_+_115707778.23-P1P2	Maf	284	768	495	567	488	130	216	234	201	158	174	361	318	486	495	417	396
Dlg4_+_70023934.23-P2	Dlg4_P2	1320	1609	1229	1594	1125	270	483	416	876	318	796	1126	1306	1273	782	714	829
Bcl11b_-_108003988.23-P1P2	Bcl11b	2039	2418	1447	2572	2182	835	1028	997	1628	528	1282	1349	1835	2179	2044	1201	1227
Rb1_-_73325637.23-P1P2	Rb1	1929	1796	1296	2248	1436	323	641	554	1073	410	733	1099	1478	1591	1157	677	950
Kcnd3_+_105451945.23-P1P2	Kcnd3	1803	2230	1540	2402	2432	504	797	956	1261	596	1088	1421	1613	1947	1621	1138	1356
Rab39b_-_75578169.23-P1P2	Rab39b	1334	2075	1480	2159	1718	525	525	497	1004	379	987	1212	1517	2063	1238	990	1048
Mapk8_+_33447083.23-P1P2	Mapk8	1562	2337	1708	2218	2171	526	931	628	1295	452	686	1176	1396	1912	1466	1147	1250
Ubqln2_-_153498221.23-P1P2	Ubqln2	2691	3304	2774	4073	3190	956	1488	1523	2159	1070	1440	2177	3158	2899	2752	1749	1713
Klc3_+_19404087.23-P2	Klc3_P2	1871	1904	1529	2117	1854	596	856	716	1100	506	1272	1113	1682	1927	1316	918	1014
Cdk5_+_24423577.23-P1P2	Cdk5	2897	3213	2719	3453	3344	1153	1244	1261	1813	771	1354	1722	2624	3353	2230	1668	1836
Pak3_+_143518565.23-P2	Pak3_P2	1393	1936	1348	1730	2189	584	765	609	1088	432	716	1478	1715	1887	1298	819	1179
Plekhg5_+_152087124.23-P1P2	Plekhg5	1611	1723	1506	1885	1957	473	686	1042	1144	453	1011	1152	1760	1973	1539	1090	1053
Dctn3_+_41723123.23-P1P2	Dctn3	1093	1147	937	1552	990	299	396	392	936	286	516	648	469	537	428	443	394
Txnip_+_96557964.23-P1P2	Txnip	1948	2647	2377	2562	1909	523	747	1048	1182	553	1344	1904	1558	1785	1928	1393	1326
Egfr_+_16752298.23-P1P2	Egfr	2815	3230	2303	3487	2797	756	1208	1147	1802	748	1454	1875	2769	2662	2121	1677	1530
Ntf3_-_126164937.23-P1	Ntf3_P1	1287	1813	1408	1886	1983	618	722	824	1050	539	945	1063	1454	1834	1384	1145	841
Psma6_-_55398925.23-P1P2	Psma6	2760	3166	2960	3838	2948	747	1196	1413	1539	1020	1228	2248	2785	2711	1945	1232	1914
Nr4a2_+_57114897.23-P1	Nr4a2_P1	768	1514	955	1449	1218	445	426	261	942	301	683	856	1446	1518	1008	652	595
Rars2_-_34615026.23-P1P2	Rars2	2299	2699	2258	2666	2621	737	932	894	1482	759	1372	1679	2266	2763	1686	1525	1396
Psen2_+_180229968.23-P2	Psen2_P2	2378	2923	2570	3061	2753	728	988	1126	1409	677	1424	1309	2190	2110	1261	1160	1286
Dlg4_+_70023938.23-P2	Dlg4_P2	1302	1706	1389	1823	1900	811	647	787	999	610	854	1275	1336	1868	1314	1179	956
Zfyve1_+_83596891.23-P1P2	Zfyve1	1044	2168	1219	1634	1863	394	546	1010	958	477	559	861	1105	1409	1269	802	1020
Pde4a_+_21196803.23-P1	Pde4a_P1	1516	1707	1516	1773	1570	514	920	802	1157	495	776	1011	1719	1519	1222	814	981
Araf_-_20848639.23-P1P2	Araf	1009	1486	1297	1513	1410	346	642	559	1308	364	927	1056	1682	1703	1070	814	1058
Fis1_-_136962140.23-P1	Fis1_P1	1017	1734	1377	1846	1583	462	621	549	773	480	479	1231	1251	1614	1251	796	717
Atrx_+_105929153.23-P1P2	Atrx	1593	2157	1834	1781	1413	384	661	557	842	545	770	902	1503	1214	1141	1012	842
Sst_-_23890732.23-P1P2	Sst	1863	2468	1750	2334	1851	506	926	888	1589	532	1199	1637	1968	2428	1656	1221	1340
Nxnl1_-_71566595.23-P1P2	Nxnl1	2127	2336	2104	2671	1780	792	851	755	1051	526	941	1251	2021	2130	1878	1266	1355
Ube2l6_+_84798900.23-P1P2	Ube2l6	3636	4038	3621	4569	4440	1005	1427	1405	2073	985	1781	2925	2746	3811	3089	2380	2219
Dctn1_-_83166002.23-P1P2	Dctn1	1195	2249	1654	2338	1995	512	900	673	1205	412	893	1249	1222	1627	1204	932	1091
Ampd2_-_108085370.23-P2	Ampd2_P2	2269	2086	1628	2449	2048	608	924	912	1309	638	541	1230	1719	1655	1343	1315	1057
Sdf4_-_155993317.23-P1P2	Sdf4	1470	1464	1093	1522	1793	358	684	856	610	328	703	901	1446	1125	1096	554	878
Map3k10_-_27674531.23-P1P2	Map3k10	1066	1218	1107	1255	1195	368	515	530	619	411	585	776	1265	1503	774	767	810
Samd9l_-_3399475.23-P1P2	Samd9l	1806	2075	1802	2153	2182	476	944	1032	870	506	842	1136	1806	1841	1781	1222	1124
Atxn1_+_45964947.23-P1P2	Atxn1	2724	2995	2575	3223	2663	936	1028	1025	1474	683	1039	1827	2286	3111	1935	1750	1412
Trip4_-_65884760.23-P1	Trip4_P1	1859	2018	1560	3083	2322	438	883	861	1151	631	709	1133	1819	2074	1371	1245	1399
S100b_+_76253967.23-P1P2	S100b	2182	2182	1786	2388	2084	575	777	777	1210	570	1298	1236	1954	2081	1280	1172	1311
Cxcl10_-_92348844.23-P1P2	Cxcl10	1796	2071	2044	2693	1604	616	751	825	1316	410	1188	1332	1912	2350	1683	881	1181
Grin2c_+_115267213.23-P1P2	Grin2c	1981	2283	2183	2024	2714	538	795	1069	1365	581	928	1250	1738	1959	1600	1197	1329
Zfp46_-_136286106.23-P2	Zfp46_P2	1230	1995	1467	1867	1796	471	790	882	1343	398	1228	1095	1228	1767	1150	966	1201
Clu_+_65969823.23-P2	Clu_P2	1937	2298	1578	2856	2531	649	1090	993	1610	545	1249	1874	2023	2332	1908	1590	1502
Wnt6_-_74772131.23-P1P2	Wnt6	2345	3092	2449	3712	2886	648	1288	1207	1872	922	1618	2057	2773	3066	2076	1711	1619
Fzd7_+_59482174.23-P1P2	Fzd7	1753	1806	2137	2186	2246	593	678	659	1430	630	896	1149	1192	1976	1222	1235	1148
Sdha_+_74350147.23-P1P2	Sdha	1417	1668	1326	1387	1159	293	520	580	778	277	684	1124	978	965	847	600	655
Prkcg_+_3303560.23-P1P2	Prkcg	1078	1321	1035	1632	799	284	371	605	521	210	448	542	1149	876	856	468	481
Hpdl_+_116821442.23-P1P2	Hpdl	1810	2129	2069	2289	2203	677	747	427	1201	538	991	1403	1823	2087	1561	1319	1217
Acox1_-_116198708.23-P1P2	Acox1	2083	2418	1441	2907	2131	651	1009	1030	1579	587	1148	1535	2244	2095	1812	1335	1521
Sod2_-_13008027.23-P1P2	Sod2	3722	4781	3891	4810	4547	1089	1797	1749	2659	1301	2199	2911	4273	4312	3079	2411	2552
Stat3_+_100939441.23-P1P2	Stat3	1747	2956	1542	2627	1945	504	926	1127	1342	478	938	1301	1996	2277	1586	1096	1278
Traf2_+_25546834.23-P1P2	Traf2	1687	2495	2127	2636	2157	839	1289	916	1384	721	932	1472	2106	2061	1230	1137	1207
Mrpl3_-_105053294.23-P1P2	Mrpl3	808	1092	786	1274	1259	251	382	458	687	276	710	476	974	933	949	549	670
Trpv4_+_114658331.23-P1P2	Trpv4	1344	1468	1423	1755	1424	403	687	750	707	394	482	869	1392	1325	1009	974	846
Homer1_+_93304139.23-P1P2	Homer1	1440	1530	1060	1470	1297	651	640	422	960	442	660	802	1161	1435	889	828	824
Mtpap_+_4375657.23-P1P2	Mtpap	2388	2991	2556	3577	2684	729	1089	1433	1520	698	1411	1792	2091	2878	2181	1444	1426
Lrp5_+_3686344.23-P1P2	Lrp5	1623	1903	2004	2150	2023	430	654	912	998	451	925	1083	1429	1769	1296	1064	897
Npc2_-_84772853.23-P1P2	Npc2	1957	2753	1962	2891	1821	417	439	699	1131	434	715	770	634	829	710	552	418
Nup62_-_44816432.23-P1P2	Nup62	2175	2788	1933	3318	1727	400	496	345	991	322	334	738	845	1022	663	823	652
Icam1_+_21016044.23-P1P2	Icam1	1977	2541	2740	2804	2957	844	1144	1075	1689	731	1207	1278	2087	2741	2180	1513	1511
Klc3_-_19404063.23-P2	Klc3_P2	2070	2273	2220	1954	2297	502	916	1275	1694	460	1109	1249	1876	2300	1596	1146	1279
Hspb2_-_50752107.23-P1P2	Hspb2	1698	2072	2272	2130	1968	583	909	1043	1267	526	1019	1107	2055	1753	1260	1226	1227
Il1a_-_129309912.23-P1P2	Il1a	1238	1058	774	1030	1376	315	396	649	608	176	411	566	780	804	669	573	416
Ndufa11_+_56717799.23-P1P2	Ndufa11	1565	1965	1709	2542	1963	747	1008	859	1277	532	1338	1365	1893	1634	1853	1370	1245
Tank_-_61593177.23-P1	Tank_P1	1088	1503	1115	1647	1359	399	432	513	895	471	554	748	833	1304	813	744	697
Fyn_-_39369988.23-P1P2	Fyn	1516	1837	1490	2272	2109	574	799	1134	1109	595	909	1422	1982	1911	1518	1172	1370
Prx_-_27499397.23-P1	Prx_P1	1450	2240	1350	2254	1769	518	751	924	1121	630	824	983	1649	1775	1136	1027	1034
App_+_85173670.23-P1P2	App	1463	1760	1711	1771	1685	259	564	497	983	562	736	1028	1641	1694	1269	930	886
Aifm1_+_48513351.23-P1P2	Aifm1	2187	2780	2155	3181	2803	766	939	874	1613	717	1151	1248	2099	2332	2220	1417	1476
Ndufa2_-_36744509.23-P1P2	Ndufa2	2416	2757	1845	2792	2200	853	902	1287	1187	712	1098	1127	2359	2237	1911	1181	1117
Dnal1_+_84114391.23-P1P2	Dnal1	849	1138	1276	1300	1093	275	497	610	592	541	494	787	1190	843	650	613	795
Fam168b_+_34842805.23-P1P2	Fam168b	1975	2403	2178	2498	2665	578	889	937	1128	527	1289	1136	1898	2015	1627	1207	1138
Cox7b_+_106015735.23-P1P2	Cox7b	452	714	733	996	736	251	350	184	434	181	155	444	727	603	636	427	544
Stmn1_-_134468406.23-P1	Stmn1_P1	2490	2309	1356	2759	2096	608	924	1040	1325	599	1200	1208	2054	1776	1718	1360	1528
Cacna1g_-_94474331.23-P1P2	Cacna1g	455	872	638	1117	867	197	410	427	673	224	351	593	1080	767	518	517	504
Psmd11_+_80429038.23-P1P2	Psmd11	2653	3609	2747	3627	3408	792	1365	960	1994	883	1173	1596	2602	3069	1575	1755	1780
Ppp3cc_-_70289462.23-P1P2	Ppp3cc	1421	2345	1810	2011	1931	600	824	649	846	556	894	1124	1617	1581	1498	1024	899
Tubb6_+_67390714.23-P1P2	Tubb6	2330	3183	2541	3525	3252	690	1280	1366	2046	769	1569	2021	2794	3063	2144	1602	1999
Psmd2_-_20651713.23-P1P2	Psmd2	2373	2777	2441	3134	1166	232	295	309	855	301	362	605	646	1048	664	520	489
Zfp46_+_136284671.23-P1	Zfp46_P1	1488	1189	1099	1596	1441	417	576	647	964	360	859	636	1236	1320	872	666	612
Dnm2_-_21424991.23-P1P2	Dnm2	1461	1281	1285	1572	1295	385	736	890	884	444	831	1189	1543	1654	1181	816	836
Hsd17b10_-_152001916.23-P1P2	Hsd17b10	1290	1757	1408	1512	1789	325	622	670	847	352	675	926	972	1261	630	798	671
Mfn2_-_147904639.23-P1P2	Mfn2	1741	1662	1350	1739	1441	517	535	614	759	423	707	1006	839	960	805	756	702
Pla2g5_-_138819146.23-P1P2	Pla2g5	1523	2246	1609	2341	1869	730	1011	1002	1165	613	1056	1276	1962	1823	1651	1062	1228
Cxcl10_+_92348833.23-P1P2	Cxcl10	2388	2847	2366	2926	2838	594	1276	1199	1752	809	1047	1447	2652	2172	1937	1397	1470
Ins1_-_52264511.23-P1P2	Ins1	2542	2970	2623	3737	3706	908	1369	1030	1747	636	1452	1828	2241	2822	2253	1528	1627
Ppp3r1_+_17159317.23-P1P2	Ppp3r1	1737	2547	1747	2274	2118	535	835	734	1152	563	1235	1252	2041	1727	1745	1368	1082
Kif5a_-_127263041.23-P1P2	Kif5a	2468	3208	2261	3507	2805	850	1374	1424	1742	755	1370	1704	2584	2523	2190	1445	1784
Wnt7b_+_85581833.23-P1	Wnt7b_P1	1917	2520	2388	3087	2462	694	1087	1011	1440	710	1640	1547	2002	2462	1534	1356	1491
Ace_+_105968023.23-P1P2	Ace	1605	1473	1522	1406	1727	366	729	638	1163	536	805	739	1379	1641	1127	922	818
Fzd3_-_65262411.23-P1P2	Fzd3	1271	2032	1150	1808	1700	331	588	934	1163	403	989	959	1421	1722	1469	1023	837
Cox6a1_-_115348592.23-P1P2	Cox6a1	2559	3312	3369	3702	2743	861	1229	1019	1891	969	1311	1710	2568	3020	2384	1645	1801
Epg5_-_77938554.23-P1P2	Epg5	1277	1841	1525	2205	1803	434	811	761	1114	549	911	1088	1523	1659	1053	901	902
Serpina3m_-_104387372.23-P1P2	Serpina3m	3526	3914	3386	3802	3347	929	1326	1644	1975	779	1381	2338	2952	3290	2438	2035	1803
Metrn_-_25796915.23-P1P2	Metrn	2734	3037	3169	2943	3401	999	1244	1473	1711	920	1843	1690	2563	2828	2187	1974	1726
Kcna1_-_126645746.23-P1P2	Kcna1	1297	1816	1468	1807	1848	566	711	913	1263	520	802	1016	1890	2134	1427	970	1268
Kcnd3_+_105451892.23-P1P2	Kcnd3	1748	1816	2086	2211	2315	332	870	662	1264	576	793	1322	2045	1940	1586	1059	1175
Gsk3a_+_25237759.23-P1P2	Gsk3a	2161	2265	1885	3105	2269	637	998	1198	1797	672	1477	1405	2459	2413	1618	1460	1230
Vcp_+_43000058.23-P1P2	Vcp	1344	1778	1574	1723	1367	371	549	492	848	352	616	689	1004	1397	691	653	725
Elavl1_-_4325007.23-P1P2	Elavl1	1862	2753	2250	2975	2547	893	1004	950	1810	736	1493	1788	2061	2391	1530	1216	1439
Pmp22_+_63131525.23-P1	Pmp22_P1	1331	1391	1434	1641	1713	297	579	377	826	480	616	981	1450	1132	1326	778	682
Tmprss4_+_45203982.23-P1P2	Tmprss4	2200	3179	2538	2606	2919	745	968	1125	1637	625	1523	1620	2227	2384	2211	1574	1432
Cyp2d40_-_82763853.23-P1P2	Cyp2d40	1705	1767	1755	2446	2199	543	819	681	1352	634	824	1198	1773	2207	1250	968	1265
Oxr1_-_41447529.23-ENSMUST00000110297.2,ENSMUST00000090096.4	Oxr1	1729	1868	1437	2579	2004	365	842	812	1015	455	943	1088	1667	2068	1570	1222	1037
Cln8_-_14888892.23-P1P2	Cln8	1291	2109	1301	1693	1667	537	707	627	1089	422	595	1151	1357	1891	1387	986	905
Dkk4_-_22624090.23-P1P2	Dkk4	2755	3607	2634	3201	2743	894	1334	1418	2342	808	1927	1915	2457	3011	2091	1692	1918
Gm11127_-_36058079.23-P1P2	Gm11127	1383	1774	1244	1730	2062	503	756	705	855	413	756	639	1448	1624	1129	792	875
Cd40_-_165055886.23-P1P2	Cd40	1635	2006	1285	2481	2187	699	910	791	1251	685	1058	1833	1846	2247	1514	1240	1054
Polr3k_-_181864624.23-P1P2	Polr3k	1233	1933	1541	2238	1189	293	362	298	622	383	584	546	655	567	530	614	568
Neurod1_-_79456537.23-P1P2	Neurod1	2204	2660	1889	2533	2070	727	906	1083	1365	599	1298	1329	1727	2120	1697	1280	1323
Icam1_+_21016055.23-P1P2	Icam1	2339	3388	2473	3619	3219	730	1566	1385	1495	925	1561	2003	2776	3228	2168	1725	1884
Il17a_+_20730931.23-P1P2	Il17a	2704	3256	1973	2857	3263	666	1198	1015	1609	716	1073	1843	2385	2713	2306	1578	1285
non-targeting_01689	non-targeting	2084	2537	1766	1990	2384	595	977	873	1401	666	1144	1198	2068	2457	1965	1323	1356
Pla2g1b_-_115466260.23-P1P2	Pla2g1b	1079	1456	1004	1143	1240	296	414	448	642	353	279	744	941	1250	776	669	651
Hdac2_+_36974586.23-P1P2	Hdac2	1940	1852	1278	1934	2017	574	802	768	1003	567	859	1074	1542	1715	1478	964	1142
Gapdh_+_125165538.23-P1P2	Gapdh	1656	1824	1024	1797	1819	596	799	828	1178	431	746	929	1373	1682	1143	784	1065
Fa2h_-_111393573.23-P1P2	Fa2h	2719	2960	2886	3225	3173	828	1215	1317	2027	857	1320	1709	2250	3316	2140	1544	1596
S100a1_-_90514243.23-P1P2	S100a1	1894	2336	1702	2579	2478	708	989	674	1149	568	920	1449	2502	2024	1790	1397	1029
Srr_+_74925662.23-P1P2	Srr	1367	1651	993	1473	1141	376	545	323	575	446	631	743	860	1258	1080	619	701
Ang_-_51096452.23-P1	Ang_P1	1354	1767	1482	2050	1600	345	900	906	950	469	865	1258	1154	1810	1305	1002	1093
Map2_+_66175349.23-P1	Map2_P1	2098	2436	2233	2587	2352	610	711	839	1318	667	1006	1062	2199	1852	1390	1245	1303
Snx14_-_88438844.23-P1P2	Snx14	1849	2330	2255	2687	2304	666	845	1065	1310	505	1486	1521	1754	1883	1505	1297	955
Gstm7_+_107931550.23-P1P2	Gstm7	2898	3274	3017	3474	3468	1068	1454	1722	2832	947	1215	2441	2899	3383	2671	2077	2028
Exosc9_+_36552665.23-P1P2	Exosc9	1633	2017	1337	2069	1138	265	333	381	573	373	302	765	552	691	547	451	340
Cdk5_+_24423502.23-P1P2	Cdk5	2056	2359	1205	2320	2147	583	840	536	1032	441	1058	1467	1174	1849	1384	1007	992
B4galnt1_+_127165214.23-P1P2	B4galnt1	1912	2406	1805	2608	2224	582	772	821	1333	658	1249	1180	2176	2000	1705	1154	1361
Abcd1_-_73716806.23-P1P2	Abcd1	2553	2870	2572	3790	2884	824	1284	1226	1987	880	1496	1746	2369	2525	2245	1784	1490
Kif1a_-_93101812.23-P1P2	Kif1a	1442	1608	1363	1756	1229	387	431	607	713	285	433	814	1071	1145	1062	646	663
Lox_-_52529565.23-P1P2	Lox	1931	2789	2187	3167	2730	555	1030	1025	1553	607	1416	1698	2240	2275	1524	1230	1495
Uba1_-_20658476.23-P2	Uba1_P2	1607	1332	932	1482	1338	346	634	687	668	434	558	667	995	1493	854	924	699
Rtn2_-_19282731.23-P2	Rtn2_P2	1654	1964	1354	1951	1808	463	861	469	1135	386	734	1102	1562	1750	1204	956	956
Socs3_-_117969157.23-P1P2	Socs3	1016	1349	1399	1353	1210	363	677	346	806	460	619	832	981	1353	826	832	679
Epha8_-_136956721.23-P1P2	Epha8	1767	1672	1881	2252	1969	546	740	714	1283	445	1092	1343	1705	1994	1530	1068	845
Nhlrc1_+_47014809.23-P1P2	Nhlrc1	859	828	601	900	953	300	426	300	669	151	569	641	946	791	774	548	569
Dctn3_+_41723087.23-P1P2	Dctn3	2338	2847	2155	2635	2411	646	856	987	1465	555	656	1455	1303	1334	1163	811	684
Cx3cl1_-_94772212.23-P1P2	Cx3cl1	1310	1619	1421	1935	1989	343	564	736	993	361	973	1005	1316	1720	1090	753	807
Map2k3_+_60932281.23-P1P2	Map2k3	1565	1400	1743	1490	919	354	530	639	916	471	601	978	1317	1583	1288	860	722
Hspg2_-_137469041.23-P1P2	Hspg2	2128	2307	1870	2263	2687	688	808	653	1234	654	1155	1136	1659	2359	1561	1222	1311
Ptpn13_+_103425303.23-P1P2	Ptpn13	1084	1430	1471	1755	1611	288	524	720	817	379	653	750	1176	1552	684	665	791
Tmem240_-_155734871.23-P1P2	Tmem240	1655	2010	1882	2047	2061	508	841	863	1278	414	912	1110	1948	1756	1407	984	1158
Ighmbp2_-_3282772.23-P1P2	Ighmbp2	1104	1936	1171	1385	1190	333	562	526	696	257	713	395	1139	1139	794	638	615
Cacna1b_-_24763112.23-P1P2	Cacna1b	1756	1803	1857	2424	2220	500	804	891	926	468	1027	1124	1832	1885	1549	1055	1337
Foxo3_+_42276634.23-P1P2	Foxo3	3193	3695	3264	3781	3496	1039	1425	1831	1758	903	1580	1691	3146	3341	2602	2016	1884
Chrm3_-_9878957.23-ENSMUST00000063093.9	Chrm3	2303	2681	2697	3394	3316	954	1351	1282	2149	873	1699	1455	2473	2876	2308	1876	2019
Nefl_+_68083919.23-P1P2	Nefl	1427	1972	1337	2125	1317	520	557	952	1064	471	786	882	1265	1736	1207	802	1051
Xbp1_+_5521034.23-P1P2	Xbp1	932	1062	837	1328	683	313	474	446	668	268	535	600	929	814	560	550	615
Zfp46_+_136284743.23-P1	Zfp46_P1	1082	1178	894	1197	1096	309	361	564	468	224	520	482	921	978	859	525	620
Dnmt1_+_20952825.23-P1P2	Dnmt1	956	1421	558	963	1209	218	382	342	609	365	661	614	714	1116	721	591	590
Ppp3r2_-_49681976.23-P1P2	Ppp3r2	1449	1574	1371	1662	1514	371	645	596	923	386	730	761	1398	1642	1300	785	1008
Foxo1_-_52268407.23-P1P2	Foxo1	977	1204	1051	1275	1555	268	506	538	805	394	593	766	909	1186	968	546	570
Abca7_+_79996708.23-P1P2	Abca7	1345	1619	1884	1702	1612	380	535	670	986	523	871	708	1652	1845	1202	956	1139
Calcoco2_-_96111980.23-ENSMUST00000068686.6,ENSMUST00000097162.5	Calcoco2	1217	1611	1171	1372	1417	315	533	658	1013	375	808	659	1071	1309	846	615	747
Dnah2_-_69544482.23-ENSMUST00000035539.5	Dnah2	1558	2024	1673	1931	1833	547	820	929	1323	597	1131	1049	1529	2067	1840	1246	1182
Cox6a2_-_128206285.23-P1P2	Cox6a2	1305	1745	1317	2005	1603	517	689	774	1181	494	692	1194	1316	1172	1190	997	732
Cpn1_-_43986307.23-P1P2	Cpn1	1719	2007	1407	2280	1718	377	621	837	1034	445	829	1192	1698	1561	935	977	1063
Bcl2l1_-_152830460.23-P1	Bcl2l1_P1	1140	1712	1205	2355	1783	296	618	768	963	404	911	904	1337	1496	1274	925	894
Vapb_-_173737802.23-P1P2	Vapb	1430	1828	1676	1469	1884	362	601	523	830	417	951	1068	1417	1651	1261	994	861
Plp1_-_136822957.23-P1P2	Plp1	1561	2169	1620	1859	1690	586	792	821	1014	474	827	912	1385	1565	1270	1002	771
Fgf2_+_37348349.23-ENSMUST00000138563.2	Fgf2	1566	2098	1736	2334	1982	493	736	697	1237	527	858	1385	1532	2164	1333	1011	1191
Plcb1_-_134786218.23-P1P2	Plcb1	713	1008	1185	1144	930	275	419	185	507	339	552	574	901	865	636	483	396
Gchfr_-_119167890.23-P1P2	Gchfr	2548	3268	3283	3509	2587	822	1212	1271	1938	613	1114	1729	2315	3191	2086	1629	1338
Cabin1_-_75764151.23-P1P2	Cabin1	815	721	942	949	1110	294	397	331	407	201	305	613	802	788	566	593	483
Padi4_+_140750527.23-P2	Padi4_P2	1091	1336	697	1010	887	393	494	419	589	240	523	884	987	1149	895	683	665
Pde10a_+_8801837.23-P1P2	Pde10a	689	692	385	1039	820	447	427	394	453	289	321	633	754	809	813	549	492
Vdac2_+_21831569.23-P1P2	Vdac2	4940	6174	4463	5886	5618	1978	2542	2336	3850	1606	2902	3173	5030	5767	4165	3855	3366
Gm7030_-_36129518.23-P1P2	Gm7030	1985	3068	2320	2814	2701	700	875	852	1478	744	1034	1556	2508	2438	1936	1308	1564
Acsbg1_-_54661666.23-P1P2	Acsbg1	2056	2564	2049	2995	2719	1018	781	770	1651	750	1308	1356	1937	2245	1791	1652	1401
non-targeting_01886	non-targeting	1416	1152	877	1010	1049	276	413	603	941	212	524	742	935	798	999	728	618
Tsn_+_118310999.23-P1P2	Tsn	2248	2977	2156	2746	3029	977	1136	1212	1686	663	1207	1798	2470	2780	1879	1439	1358
Ascl1_+_87493616.23-P1P2	Ascl1	2187	2491	2475	2895	2504	683	988	595	1838	721	1164	1890	2462	2641	1869	1372	1136
Trrap_-_144768205.23-P1P2	Trrap	1673	2009	1888	2097	2048	558	636	734	1586	334	910	1087	1442	1808	1266	1177	1169
Ndufs2_-_171237547.23-P2	Ndufs2_P2	2202	3196	2539	3826	2882	924	1119	1138	1771	504	1131	2003	1917	2705	1863	1928	1621
Srr_+_74925652.23-P1P2	Srr	1065	1107	764	1403	1055	245	411	567	617	375	581	780	913	1191	677	600	528
Ptges_+_30930098.23-P2	Ptges_P2	1396	2110	1123	1938	1573	530	686	499	827	272	623	1085	1410	1664	986	1039	744
Gm11127_+_36058048.23-P1P2	Gm11127	1480	1716	1305	1760	1333	324	531	473	917	327	852	813	1310	1261	1188	811	723
B4galnt1_-_127165931.23-P1P2	B4galnt1	2013	2579	1902	2994	2149	525	829	794	1470	657	1106	1351	1774	2591	1997	1225	1461
H2-M10.6_+_36812191.23-ENSMUST00000041398.4	H2-M10.6	2649	3214	2841	3628	3203	849	1256	1036	2047	710	1693	2214	2700	3468	2409	1680	1968
Ndufv1_-_4012467.23-P1P2	Ndufv1	1978	2704	2481	2688	2369	591	915	721	1711	595	1049	1375	1740	2499	1786	1329	1370
Hace1_-_45577930.23-P1P2	Hace1	1667	1634	1748	1988	1721	541	755	607	734	451	967	1276	1684	1716	867	969	1121
Cyp2d26_+_82794239.23-P1P2	Cyp2d26	1997	2646	1801	2559	2547	530	729	1050	1111	607	908	1290	1862	2766	1917	1391	1316
Gpx3_+_54902960.23-P1P2	Gpx3	1227	1611	1590	1743	1500	418	575	568	833	499	665	867	1872	1812	1268	931	915
Ly6e_+_74955702.23-P1P2	Ly6e	1588	2400	1689	2396	1651	479	1037	1076	1181	708	1057	1343	1582	2184	1517	1048	770
Fas_+_34290738.23-P1P2	Fas	1487	1790	1430	1901	1892	517	800	647	853	474	895	727	1517	1568	975	931	860
Igfals_+_24878985.23-P1P2	Igfals	1735	2672	2049	2619	2217	654	912	1141	1520	601	975	1573	1887	2249	1584	1284	1402
Acox1_-_116198724.23-P1P2	Acox1	2342	3305	2835	3608	2632	785	1313	1155	1712	741	1059	1766	2705	3001	2077	1808	1976
Atg14_+_47568388.23-P1P2	Atg14	1642	1815	1506	1895	2138	453	812	686	1190	626	910	1030	1128	1882	1202	1274	814
Sgsh_-_119355475.23-P1P2	Sgsh	2659	3839	2582	3516	3252	1180	1208	1229	2075	951	1725	2333	2887	3075	2377	1602	1758
Cpt1c_-_44974770.23-P1P2	Cpt1c	1532	1577	1790	2120	1913	555	866	739	1155	438	1105	1099	1270	1714	1213	1151	935
Hspa1b_-_34959125.23-P1P2	Hspa1b	1100	1280	1221	1633	1591	357	593	564	765	415	734	1035	1091	1424	1116	787	860
Wipi1_-_109611289.23-P1P2	Wipi1	3236	4008	3734	4611	3991	964	1802	1845	2355	1115	1755	2404	4171	3862	2598	2449	2403
Fos_+_85473878.23-P1P2	Fos	1653	2085	1937	2482	2825	505	816	788	1190	572	1366	1410	2098	2264	1618	1465	1639
Sema6b_-_56133771.23-P2	Sema6b_P2	2739	2490	1769	2794	2024	657	927	1433	1794	591	978	1438	1990	2353	1370	1233	1205
Cacna1d_+_30353468.23-P1P2	Cacna1d	1559	1828	1707	2036	2110	401	824	676	1010	575	957	1247	2055	1545	1371	880	1134
Atrx_-_105929306.23-P1P2	Atrx	2566	2598	2315	3246	2481	912	1109	969	1764	607	1475	1880	2400	2668	1915	1433	1692
Sema6b_+_56140347.23-P1	Sema6b_P1	1374	1943	1337	1977	1679	357	641	1090	942	293	921	1038	1315	1398	765	1069	968
Serpina1e_-_103958707.23-P2	Serpina1e_P2	2749	2538	2690	3065	2982	1032	993	893	1203	721	1524	1996	2132	2665	1851	1674	1663
Gosr1_+_76763518.23-P1P2	Gosr1	1113	1154	710	1366	947	287	480	489	756	337	528	701	982	922	601	574	533
Serpina1a_+_103863490.23-P1P2	Serpina1a	1392	1558	1358	1794	2031	435	643	395	1063	445	1135	926	1200	1505	1179	942	1105
Csnk2b_+_35121019.23-P1P2	Csnk2b	2419	2905	1887	3063	3431	692	1239	1398	1546	837	1622	1718	2598	2742	1756	1680	1673
Wnt9b_-_103749552.23-P1P2	Wnt9b	1691	2065	1893	2036	2528	517	983	568	1016	589	898	1064	1973	2327	1501	1037	1131
Kif1c_+_70700686.23-P1P2	Kif1c	1813	2433	2246	2706	2832	750	867	1002	1649	680	1676	1445	1904	2358	1877	1391	1181
Dnali1_-_125065628.23-P1P2	Dnali1	1326	2308	1763	2193	2132	459	953	720	1271	431	993	1514	1645	1944	1293	1145	1255
Sncb_+_54766497.23-P1P2	Sncb	1987	2843	2262	3096	2777	707	1391	1347	1684	704	1713	2056	2395	3162	2220	1571	1276
Casp6_-_129901492.23-P1P2	Casp6	1628	1590	1469	1734	1928	506	987	584	748	339	716	952	1400	1564	1365	1102	747
Gabarapl2_+_111940743.23-P1P2	Gabarapl2	1872	2638	2001	2899	2487	780	932	897	1910	563	1068	1604	2154	2569	1949	1405	1540
Psmb1_-_15498241.23-P1P2	Psmb1	1204	1610	1139	1815	1117	325	664	375	746	438	723	1109	1386	1421	1225	746	701
Pnkp_-_44857558.23-P1P2	Pnkp	1449	1421	1210	1517	1578	224	738	602	1117	418	611	1097	1098	1540	988	728	722
Tmprss4_+_45204013.23-P1P2	Tmprss4	1299	1564	1508	1898	1629	466	514	751	795	339	686	950	1040	1459	1123	822	949
Lingo1_+_56634969.23-P1P2	Lingo1	876	1448	1363	1517	1628	396	679	572	1204	356	392	1153	1410	1294	1031	933	850
Pars2_+_106651162.23-P1P2	Pars2	1796	2640	2673	2590	2162	698	935	912	1454	656	1068	1551	1531	1827	1258	1007	1148
Hap1_+_100356043.23-P1P2	Hap1	2133	2915	2421	3402	2919	685	1197	1340	2081	841	1416	1796	2378	2975	2029	1508	1838
Ndufb8_+_44555362.23-P1P2	Ndufb8	1801	2377	2022	2481	1849	551	922	837	1295	608	1134	853	2189	2190	1533	1136	1175
Fzd10_-_128600905.23-P1P2	Fzd10	1521	2383	1905	2719	2470	696	888	953	1239	451	1119	1138	2157	2082	1569	1172	1297
Pnpt1_-_29130763.23-P1P2	Pnpt1	1267	1546	1263	1900	1723	505	594	652	949	350	755	892	913	1265	1060	688	562
Dnah2_-_69549021.23-ENSMUST00000108659.1	Dnah2	1001	1761	894	1182	1317	419	465	249	722	339	609	581	1155	1053	952	774	631
Syne1_-_5550738.23-ENSMUST00000041639.5	Syne1	2091	2495	1765	2544	2453	653	1217	1182	1123	674	1037	1777	2157	2700	1592	1392	1439
Npc2_-_84772898.23-P1P2	Npc2	1393	1645	1260	1885	1551	380	484	598	697	379	656	1078	1056	924	856	740	957
Dab1_-_104367610.23-P1P2	Dab1	2304	2456	2077	2862	2186	587	896	1044	1542	530	1063	1498	2070	1668	1318	1002	1020
Psmb4_-_94886878.23-P1P2	Psmb4	2890	4086	3005	3847	3372	846	1411	1342	2057	765	1562	2307	3017	2955	2372	1752	1575
Ndufb3_-_58586836.23-P1P2	Ndufb3	1569	1878	1351	1962	1155	407	751	636	957	310	734	704	1335	1437	991	882	855
Ndufv2_-_66101470.23-P1P2	Ndufv2	1940	2766	2564	3103	3003	685	890	872	1876	672	1243	1471	2260	2504	1742	1447	1586
Pmp22_+_63133135.23-P2	Pmp22_P2	1356	1083	1748	1485	1095	436	618	621	672	496	745	979	1257	1387	1006	838	734
Pnpla6_+_3515390.23-P1	Pnpla6_P1	1811	2149	1361	2812	2611	844	866	1063	1546	605	1102	1434	1894	2235	1677	1421	1162
Prph_+_99055229.23-P1P2	Prph	2107	2627	1756	2721	2306	643	1045	1091	1463	594	1202	1644	1718	2336	1670	1536	1222
Adora3_-_105870927.23-P1P2	Adora3	1951	3139	1975	3181	2201	717	877	1050	1620	629	1300	1707	2130	2448	1967	1439	1543
Epha4_+_77515022.23-P1P2	Epha4	1678	2291	1564	2378	1514	589	698	1242	1299	512	854	1530	1609	1752	1826	1175	1089
Fyn_-_39369814.23-P1P2	Fyn	1194	2406	1516	1933	1843	439	599	854	1025	448	962	930	1600	1624	1659	919	797
Ndufc1_+_51408948.23-P1P2	Ndufc1	978	1411	947	1662	1309	348	589	468	792	394	536	900	996	1460	1233	797	820
Mog_-_37023236.23-P1P2	Mog	1166	1624	1433	1617	1247	417	669	662	1103	467	711	884	1462	1474	965	925	786
Prkar1b_-_139129409.23-P1P2	Prkar1b	1251	1509	1235	1689	1696	391	630	633	792	330	852	914	1632	1335	935	733	861
Tango2_+_18343902.23-P1P2	Tango2	1730	1854	1679	2493	1883	497	719	762	1193	471	767	1011	1748	2130	1489	1109	1056
Clcn2_-_20717708.23-P2	Clcn2_P2	1011	1421	1092	1564	999	288	410	321	908	393	530	596	690	890	977	513	489
Vps37a_+_40511862.23-P1P2	Vps37a	1721	3196	1967	3232	2462	578	967	968	1416	650	1358	1418	1554	1749	1197	1026	999
Inpp4a_-_37299937.23-P1P2	Inpp4a	1252	1886	1408	1680	1715	441	569	501	1190	492	624	823	1475	1609	1191	925	877
Clk1_-_58423969.23-P1P2	Clk1	1796	2450	1984	2719	2025	506	863	1012	1379	609	1401	1307	2046	1934	1430	1185	1321
Tsen34_+_3693785.23-P1P2	Tsen34	1376	2087	1425	2125	1809	403	575	659	931	356	566	877	1241	1680	868	832	835
Rest_-_77265564.23-P1P2	Rest	1638	1838	1572	2214	1953	610	838	874	1110	351	1105	1335	1669	2160	1152	908	914
Morc2a_+_3649586.23-P1P2	Morc2a	1375	1159	995	1487	1211	309	404	641	754	214	609	675	982	1142	1169	599	578
Gdnf_-_7811044.23-P1P2	Gdnf	2879	3180	3222	3310	2570	954	1213	1380	1787	702	1169	1836	2607	2859	1847	1633	1391
Cox5b_+_36691796.23-P1P2	Cox5b	1564	1774	1236	1565	1324	428	545	476	826	400	731	862	1353	1224	1126	873	727
Apex2_+_150588044.23-P1P2	Apex2	903	1031	944	1325	896	343	335	549	750	319	636	548	1057	1080	596	544	660
Gcdh_+_84893527.23-P1P2	Gcdh	1873	2037	2064	2451	2077	502	806	653	943	441	1078	1165	1610	2193	1525	1024	1144
H2-M10.2_-_36286454.23-ENSMUST00000023845.6	H2-M10.2	1745	2256	2303	2579	2246	768	1051	1101	1497	457	1386	1731	1981	1999	1621	1615	1414
Klc3_+_19399712.23-P1	Klc3_P1	1216	1448	970	1546	1224	372	519	564	630	241	731	624	1067	1127	1194	888	814
Dnali1_-_125065637.23-P1P2	Dnali1	1822	1378	1320	1734	1749	525	549	740	1076	470	783	994	1290	1872	993	948	950
Ndufa1_+_37191092.23-P1P2	Ndufa1	1759	2571	2037	2329	2676	706	1055	947	1860	657	1101	1347	1710	1874	1750	1379	1214
Tlr4_+_66827623.23-P1P2	Tlr4	2601	2997	1957	3365	3100	1084	1298	1365	1818	706	1765	1674	2470	2768	1970	1672	1324
Hdac2_+_36974564.23-P1P2	Hdac2	1333	2137	1709	1907	2088	542	591	635	929	499	561	1222	1376	1697	871	1141	879
Aaas_-_102350651.23-P1P2	Aaas	913	1267	1195	1422	1383	417	469	602	863	380	690	952	1197	1527	965	594	815
Clec16a_-_10545742.23-P1P2	Clec16a	2563	3066	2492	3136	3027	588	965	932	1334	718	1408	1496	2027	2800	1916	1650	1752
Cyp7b1_-_18243270.23-P1P2	Cyp7b1	2353	2500	2239	2671	2653	617	978	555	1653	672	1068	1958	2044	2281	1735	1402	1230
Slc6a4_-_76998620.23-P2	Slc6a4_P2	2194	2824	2260	2967	3300	684	1174	1051	1893	640	1565	1693	1826	2740	1971	1474	1639
Dnal1_+_84114388.23-P1P2	Dnal1	1475	1735	1355	2089	2108	573	700	591	1345	422	802	825	1700	1676	1524	985	914
Coq2_-_100673994.23-P1P2	Coq2	2300	3356	2244	3492	3408	716	1031	1241	2237	698	1430	1767	2315	2797	1746	1522	1594
Il12a_-_68691653.23-P1P2	Il12a	2465	3750	2768	3417	2875	877	1046	1169	2125	707	1135	2156	2934	2913	1800	1650	1705
Mpg_+_32226714.23-P1P2	Mpg	2052	1783	2070	2511	3098	532	860	1028	1167	479	814	1939	1972	1938	1305	1194	1003
Grm2_-_106656028.23-P1P2	Grm2	1945	2564	2241	2717	1970	561	958	765	1083	807	1366	1533	1886	2212	1782	1054	1248
Angpt4_+_151911314.23-P1P2	Angpt4	1168	1740	1268	2112	1353	343	685	601	759	445	941	855	1510	1752	975	810	777
Plcb4_+_135805768.23-ENSMUST00000035646.4	Plcb4	1320	1510	985	1975	1255	388	447	635	899	471	853	848	1085	1312	1047	782	610
Ampd2_-_108085335.23-P2	Ampd2_P2	1842	1671	1106	2213	1596	296	559	563	804	286	572	987	1616	1544	1141	996	809
Hdac2_+_36974576.23-P1P2	Hdac2	1012	755	824	839	980	228	336	309	570	155	370	521	786	963	502	411	434
Dnah11_-_118198935.23-P1P2	Dnah11	2199	2454	2317	3087	2473	600	1138	1106	1801	692	1223	1501	1948	2554	2042	1320	1293
Hes3_+_152291651.23-P1P2	Hes3	1000	1778	1178	1979	1608	516	837	673	762	405	723	780	857	1664	1228	1058	818
Vdac2_+_21831558.23-P1P2	Vdac2	1133	1392	1027	1194	1156	382	523	810	869	282	760	841	1021	1441	984	587	844
Ndufa8_+_36049259.23-P1P2	Ndufa8	1996	2632	1761	2826	1930	605	1035	955	1330	629	853	1294	2198	1980	1623	1098	1220
Wipi2_-_142629603.23-P1P2	Wipi2	1304	2027	1686	1909	2001	545	705	910	938	340	927	908	1493	1731	1365	1144	977
Psmc3_-_91054171.23-P1P2	Psmc3	1770	2371	1112	2081	573	80	151	109	309	156	99	230	320	295	387	310	282
non-targeting_04038	non-targeting	511	1090	562	1090	1011	225	387	462	583	174	601	396	649	1232	777	425	510
Oxr1_+_41789693.23-ENSMUST00000090095.5,ENSMUST00000022918.7	Oxr1	1853	2966	2192	2888	2749	724	1045	1232	1597	875	1261	1681	2039	2342	1920	1660	1661
Kcnd3_+_105452131.23-P1P2	Kcnd3	2371	2464	1934	2760	2106	644	1087	1208	1799	849	1342	1120	1909	2045	1326	1522	1093
Ptges_+_30903227.23-P1	Ptges_P1	2365	3105	1974	3396	3434	748	1243	1085	2163	720	1256	1562	2323	2938	2085	1453	1789
Folr1_+_101864082.23-P2	Folr1_P2	1767	2866	1818	2902	2083	679	824	865	1173	663	853	1523	1457	2294	1882	1356	1263
Ndrg1_-_66969590.23-P1P2	Ndrg1	1692	1827	1560	2353	1521	391	551	500	809	348	582	1024	1719	1853	1623	1206	1184
Psmc5_-_106256400.23-P1P2	Psmc5	862	1053	900	1156	691	185	388	307	779	167	380	620	686	842	891	555	553
Pik3c3_-_30273123.23-P1P2	Pik3c3	1875	2806	2197	1870	1894	442	612	689	1225	453	869	1118	1232	1241	903	773	889
Mpz_+_171155544.23-P1P2	Mpz	1907	3556	2186	3003	2683	867	904	708	1959	720	1321	2093	2218	2941	2231	1821	1851
Chrm1_-_8664169.23-P1P2	Chrm1	2694	3368	3224	4128	3686	753	1407	1226	1906	625	1557	1589	2594	3066	2142	1706	1733
Pank1_-_34877852.23-P1P2	Pank1	2178	2524	2064	2672	2415	671	963	897	1307	773	1561	1505	1902	2628	1993	1428	1442
Rgs10_+_128418116.23-P1P2	Rgs10	2662	3012	2697	2955	2866	718	1142	1060	1981	793	1214	1827	2686	2966	2080	1746	1819
Optn_+_5064052.23-P1P2	Optn	1856	2355	1639	2203	2184	523	768	987	1238	539	1284	1488	1702	1837	1497	1163	1011
Gstm4_+_108044826.23-P1P2	Gstm4	1877	2794	2460	2855	1925	620	906	1018	1714	620	962	1659	2209	2184	1889	1413	1212
Il4_-_53618440.23-P1P2	Il4	1768	1661	1149	1906	1766	347	754	416	1201	433	663	1146	1424	1768	1242	998	1060
Gcdh_+_84893724.23-P1P2	Gcdh	1527	1851	1569	2397	1680	527	946	605	1235	678	886	854	1715	1803	1178	1379	1249
Prkar1b_+_139129628.23-P1P2	Prkar1b	2111	2254	2309	3165	2963	679	1408	1031	1596	707	1106	1738	2070	2230	1771	1382	1582
Serpina3i_+_104263359.23-P1P2	Serpina3i	1389	1920	1548	2047	1951	618	769	985	1111	519	663	1135	1334	1619	1638	1183	995
non-targeting_02234	non-targeting	1982	2291	2076	2501	2468	537	870	796	1597	558	1098	840	1766	2030	1333	1307	1276
Atp7a_-_106027540.23-P1P2	Atp7a	1457	1615	1155	1907	1969	445	604	528	1110	385	937	1029	1316	1463	1075	1047	861
Gusb_+_130002860.23-P1P2	Gusb	1107	1661	1376	1560	1443	325	658	718	616	218	577	725	1266	1390	627	742	668
Ids_-_70364829.23-P1P2	Ids	831	806	825	896	902	319	316	454	483	250	328	396	613	1047	511	558	513
Gstm4_+_108044779.23-P1P2	Gstm4	2135	3063	2561	2987	2710	750	1214	1395	1728	699	1516	1504	2493	2379	2248	1520	1392
Gsto1_-_47855080.23-P1P2	Gsto1	1777	2245	1782	2620	2709	474	1055	963	1376	566	1140	1119	2067	1938	1506	1209	1326
Inf2_-_112604178.23-P2	Inf2_P2	1093	1437	1134	1363	1370	517	464	448	828	368	622	918	1141	1265	1272	787	886
Dnah10_+_124725161.23-P1P2	Dnah10	2055	1831	1618	2633	2439	443	859	931	1112	525	930	1152	1642	2486	1322	1101	858
Ndufv3_+_31520190.23-P1P2	Ndufv3	1060	1475	1115	1738	1592	361	543	839	587	479	768	931	1295	1855	1081	890	838
Gosr1_+_76763496.23-P1P2	Gosr1	1203	1851	1303	2246	1326	443	574	491	680	294	329	805	992	1028	742	709	970
Hprt_+_52988191.23-P1P2	Hprt	1537	2064	2136	2288	2463	694	819	818	1542	482	1221	1789	2031	2463	1733	1261	1455
Src_-_157424318.23-P1P2	Src	1391	2230	1701	1888	1353	355	607	683	1042	420	939	842	1442	1804	1069	817	1076
Cdc42_+_137357655.23-P1P2	Cdc42	2049	2328	1788	3048	2427	591	823	804	1579	707	1225	1404	2194	2314	1831	1372	1237
Wnt9b_-_103749695.23-P1P2	Wnt9b	1366	1792	1269	1570	1694	262	507	733	790	391	543	1039	1086	1619	1136	841	894
Stat3_-_100939371.23-P1P2	Stat3	3365	3697	2144	4227	3394	896	1603	1173	2554	1264	1626	1982	2970	3743	2697	2150	2233
Ogdh_-_6291686.23-P1P2	Ogdh	1128	2207	1672	1903	1481	372	501	506	960	316	747	1279	1139	1266	926	752	887
Ywhag_-_135934547.23-P1P2	Ywhag	1135	1853	1469	1955	1468	401	624	560	933	374	444	853	1249	1385	1020	929	821
Hif1a_-_73908027.23-P1P2	Hif1a	1235	2200	1435	2071	1925	268	646	900	897	419	1059	1068	1602	2213	1244	992	861
non-targeting_03524	non-targeting	1901	1625	1489	2232	1781	538	699	793	1093	398	769	1125	1341	1834	1218	1086	815
Morc2b_+_33139513.23-P1P2	Morc2b	1269	2158	1516	1958	1592	397	738	654	714	309	872	1048	1576	1518	1313	964	1307
Kcne3_-_100178762.23-P1	Kcne3_P1	1650	2122	1884	1984	2124	596	737	892	1170	478	890	1188	1665	2008	1296	895	981
Cdk11b_-_155624915.23-P1P2	Cdk11b	1089	1277	1382	1230	1357	502	549	455	760	309	646	886	980	1142	1000	637	747
Htt_+_34761806.23-P1P2	Htt	2248	2807	2565	2743	3129	804	1105	1513	1459	822	1411	1569	1846	2021	1667	1443	1510
Gria1_-_57011741.23-P1P2	Gria1	939	1259	986	1239	824	221	300	284	500	320	561	728	939	1407	839	882	671
Aqp1_+_55336461.23-P1P2	Aqp1	1665	1609	1162	1699	1459	313	624	579	1216	442	1017	939	1734	1332	853	1059	887
Sirt1_+_63339002.23-P1P2	Sirt1	1669	2344	1531	2596	1582	547	893	862	1376	611	886	1391	1999	2080	1398	1175	974
Fzd8_-_9212989.23-ENSMUST00000041080.5	Fzd8	1697	2922	2286	2158	2823	587	804	910	1639	677	1253	1585	1671	2257	1385	1243	1343
Slc17a7_+_45164141.23-P1P2	Slc17a7	1069	1363	1053	1321	1319	211	473	622	781	314	577	688	1158	1017	659	530	843
Uba7_+_107975637.23-P1	Uba7_P1	1051	1223	1239	1560	1115	342	452	575	638	344	702	773	1020	1584	1143	723	910
Il15_-_82403180.23-P1P2	Il15	1673	2174	2081	2659	2343	543	1161	919	1465	571	915	1116	1772	2365	1230	1504	1275
Asah1_+_41374601.23-P1P2	Asah1	1365	1417	1210	1646	1528	277	585	598	794	371	673	941	1221	1513	1045	850	708
Kcna3_+_107036166.23-P1P2	Kcna3	1693	1481	1337	1830	1607	542	777	605	873	495	703	1033	1303	1391	1364	799	943
Tubb4a_-_57087557.23-P1P2	Tubb4a	1067	1572	1034	1448	994	326	619	380	642	291	701	937	984	1219	762	619	622
Bcl2l1_+_152831684.23-P2	Bcl2l1_P2	2098	2331	2317	2839	2592	850	888	1180	1243	861	1501	1646	2682	2696	1759	1225	1443
Mapt_+_104231574.23-P1P2	Mapt	1152	1596	1205	1218	938	269	389	623	656	284	572	589	1287	1239	726	705	755
Stmn1_+_134468354.23-P1	Stmn1_P1	2124	3252	2547	3269	2791	767	1083	1105	1624	862	1418	1416	2078	2825	2519	1656	1668
Atp6ap2_-_12587848.23-P1P2	Atp6ap2	1341	1571	1371	1579	1695	521	582	918	945	289	653	1039	1422	1312	814	861	715
Hnrnpa2b1_+_51469846.23-P1P2	Hnrnpa2b1	2449	3184	2138	3311	3084	616	1126	1162	2027	896	1159	1810	2531	3186	2044	1498	1552
Wnt1_+_98789903.23-P1P2	Wnt1	1127	1779	1430	1716	1673	451	771	613	958	294	937	924	1022	1402	1215	748	655
Exosc8_+_54735020.23-P1P2	Exosc8	950	1276	1433	1587	1279	517	609	641	856	493	814	954	1638	1115	879	847	813
Crat_+_30415468.23-P1P2	Crat	1035	1528	1128	1762	1313	446	531	558	997	423	652	937	1002	1614	1156	875	792
non-targeting_00529	non-targeting	1758	1465	1770	1713	1903	518	849	553	1283	498	966	1220	1646	1819	1069	943	1209
Snx27_+_94582338.23-P1P2	Snx27	1299	1804	1241	1914	1899	399	501	746	1060	352	731	1063	1275	1669	1219	1048	887
Ndufb2_+_39592627.23-P1P2	Ndufb2	2373	2312	2535	3038	2918	612	996	1097	1103	575	1127	1449	1947	2315	1760	1463	1354
Afg3l2_+_67449146.23-P1P2	Afg3l2	1220	1410	1543	1740	1330	313	566	596	998	304	532	699	1410	1674	745	815	756
Gm2a_+_55098121.23-P1P2	Gm2a	2529	2998	2397	3363	3095	843	1213	1329	1569	628	1650	1689	2265	3007	2300	1636	1373
Psmb5_+_54617981.23-P1P2	Psmb5	181	500	236	421	424	43	158	136	280	77	196	171	216	315	126	241	289
Slc1a2_-_102706483.23-ENSMUST00000111212.1	Slc1a2	1410	1908	1402	1800	1782	586	710	664	719	281	1159	1136	1289	1472	1380	672	938
Slc39a14_-_70351328.23-P1P2	Slc39a14	417	601	475	510	828	89	179	290	355	68	48	396	378	705	362	507	336
Frat2_+_41848037.23-P1P2	Frat2	2395	2589	2154	2811	2867	924	1095	1085	1489	665	1123	1285	2240	2850	1980	1785	1369
Il12a_-_68691455.23-P1P2	Il12a	2131	2470	2141	3064	2284	697	904	1057	1393	586	1499	1288	2205	2553	1895	1452	1471
Slc25a38_-_120110420.23-P1	Slc25a38_P1	590	1116	832	945	803	293	487	250	502	295	496	520	912	889	818	550	461
Lrp5_-_3686567.23-P1P2	Lrp5	1756	1829	1631	1750	1708	468	789	571	890	476	813	1069	1457	1427	1040	1041	847
Slc11a2_-_100424088.23-P2	Slc11a2_P2	2045	3026	2690	2982	2856	814	1162	963	1534	909	1197	1450	2580	2614	1701	1352	1605
Gstm4_+_108044794.23-P1P2	Gstm4	2679	2357	2390	2818	2237	833	991	1205	2024	702	1497	2086	2747	2436	2016	1524	1726
Jph3_+_121730145.23-P1P2	Jph3	1889	2097	2272	2582	2477	693	939	805	1430	539	961	1138	1860	2208	1929	1381	1252
Sort1_-_108284168.23-P1P2	Sort1	1043	1206	858	1090	1156	279	513	446	810	420	645	862	993	1046	774	607	673
Hexb_+_97198268.23-P1P2	Hexb	3513	4270	4050	5037	4545	1157	1813	2114	2649	1251	2261	2854	3745	4400	3355	2399	2252
F2rl3_+_72761911.23-P1P2	F2rl3	1279	1715	1049	1985	1825	497	675	691	1142	498	936	727	1258	1639	985	967	1009
Tfg_+_56717205.23-P1P2	Tfg	2547	2632	2486	3421	2664	716	1056	945	1711	758	1252	1364	2000	2273	1629	1484	1547
Erlin2_+_27023920.23-P1P2	Erlin2	2019	2017	1576	2026	1922	395	693	721	1186	621	902	1133	1476	1730	1204	795	894
Srsf7_-_80207308.23-P1P2	Srsf7	1756	2030	1851	2553	1835	596	746	695	1428	561	915	1184	1330	1143	910	807	726
Prkra_-_76648010.23-P1P2	Prkra	1910	1779	1225	2024	1640	426	930	689	1054	722	771	1122	1933	1474	999	874	977
Wnt11_-_98839062.23-P2	Wnt11_P2	1201	1179	842	1235	1063	215	673	477	851	338	495	1042	976	1561	942	571	728
Padi2_-_140924351.23-P2	Padi2_P2	1988	2916	2551	3321	2529	598	1147	1338	1747	919	1252	1308	2205	2173	1924	1435	1257
Htt_+_34761785.23-P1P2	Htt	1434	1638	1157	1914	1967	389	730	552	1240	228	669	948	1418	1653	1410	1021	938
Ahsg_+_22892098.23-P1P2	Ahsg	1612	1754	1284	2175	1430	476	821	737	1152	639	816	858	1254	1632	1517	1004	998
Ndufa8_-_36049249.23-P1P2	Ndufa8	1517	1538	980	1888	1564	540	484	739	835	307	809	1044	1512	1474	793	1109	926
Uqcrh_-_116074868.23-P1P2	Uqcrh	1464	1668	1077	1511	1516	258	595	555	890	280	623	776	902	1345	1103	636	684
Coch_+_51593444.23-P1P2	Coch	1071	1205	970	1476	969	497	686	641	638	334	564	768	1048	975	851	635	617
Ngfr_-_95587684.23-P1P2	Ngfr	2157	2530	2278	2763	2638	792	795	1109	1512	521	813	1332	2358	2393	1773	1452	1252
Apc_-_34247734.23-P2	Apc_P2	1770	2102	1852	2505	2386	519	743	876	1046	633	1076	1182	1857	1962	1500	1248	1241
Sbf1_+_89315238.23-P1P2	Sbf1	1332	2430	1685	2513	1700	553	791	836	1105	398	960	1220	1750	1854	1660	1052	957
Mpo_+_87793779.23-P1P2	Mpo	1332	1231	1324	1499	1478	462	500	550	1254	296	491	763	1319	1121	1077	692	873
Ddhd2_-_25754348.23-P1P2	Ddhd2	1531	2545	1776	2242	2735	613	915	909	1481	522	956	1117	1840	2487	1835	1130	1131
Mme_-_63296268.23-P2	Mme_P2	2865	3290	2612	4149	2777	996	1267	1054	1782	749	1838	1877	2671	3382	2190	1931	2218
Slc25a5_-_36795919.23-P1P2	Slc25a5	777	973	752	1334	911	239	392	560	721	344	366	789	769	1115	568	487	371
Map2k1_-_64253376.23-P1P2	Map2k1	2029	3671	2692	3300	3072	797	1189	1404	1697	828	1492	1911	2519	3261	2378	1637	1899
Ulk1_+_110809689.23-P1P2	Ulk1	2377	2637	2395	3100	3003	968	1224	1059	1743	695	1399	1746	2716	2774	1790	1653	1655
Klc3_+_19399628.23-P1	Klc3_P1	3001	3562	2292	3293	3112	925	1342	1382	1876	896	1588	1910	2759	2770	1912	1866	1794
Nfkbia_-_55492537.23-P1P2	Nfkbia	1510	1713	1323	1828	1692	476	738	631	1132	391	876	1386	1202	1412	1172	967	1077
Uchl4_-_64235230.23-ENSMUST00000039011.3	Uchl4	1351	1501	1519	1544	1138	359	608	594	794	403	456	503	1154	1321	1025	708	694
Rab11a_-_64737645.23-P1P2	Rab11a	1555	1364	1555	1221	1407	344	600	371	1075	420	852	839	1132	1423	1095	744	849
Clk1_+_58423839.23-P1P2	Clk1	1699	2345	1723	2409	1765	620	877	882	1213	444	1202	1328	1955	1870	1379	1209	976
Gemin4_-_76243713.23-P2	Gemin4_P2	1353	1811	1640	2217	1749	552	727	474	1034	491	924	914	1578	1699	1409	1141	849
Mpz_+_171155569.23-P1P2	Mpz	1371	2105	1500	1944	1562	542	859	690	1417	384	831	843	1244	1714	1308	825	941
Glul_-_153900609.23-P1P2	Glul	1732	2453	2181	2786	2681	683	1088	1020	1892	652	1261	1595	1914	1912	1732	1359	1255
Ndufc2_-_97400102.23-P1P2	Ndufc2	1851	1975	1661	2322	1818	497	691	715	1198	563	1120	1286	1696	1460	1126	939	992
Aifm1_-_48513356.23-P1P2	Aifm1	1862	2355	2249	2226	2184	795	932	843	1501	808	1055	1506	1763	1983	1436	1447	1277
Ripk1_-_34002454.23-P1P2	Ripk1	1381	2016	1294	1863	1828	473	745	625	1182	491	756	966	1616	1626	1174	802	638
Gad2_-_22622611.23-P1P2	Gad2	3592	4989	3617	4873	4824	1017	1627	1513	2587	1218	1894	2189	3873	4043	3143	2734	2426
Supt3_+_44777249.23-P1P2	Supt3	2235	2800	2195	2308	2071	573	977	954	1642	634	1025	1614	1552	2373	1688	1199	1280
Cox6a2_-_128206317.23-P1P2	Cox6a2	1407	1939	1870	2147	2342	511	684	927	1078	378	1075	877	1491	1991	1157	1164	1093
Plb1_-_32247502.23-P1P2	Plb1	2033	2756	1880	2415	2539	599	821	1068	1922	552	1043	1441	1817	2097	1511	1244	1409
Metrn_-_25796909.23-P1P2	Metrn	989	1640	1638	2157	1663	713	714	512	1183	393	938	998	1630	1609	1374	882	1038
non-targeting_03291	non-targeting	841	1562	962	1040	914	177	428	348	403	308	647	636	812	970	420	578	557
Ins2_+_142679645.23-P1	Ins2_P1	1546	1837	1761	2528	1908	586	1021	759	1160	380	981	1115	2119	2046	1516	1150	1097
Csnk1a1_-_61555354.23-P1P2	Csnk1a1	1383	1791	1350	1919	1387	436	780	733	787	438	731	992	1320	1795	1312	866	926
Mtor_-_148448652.23-P1P2	Mtor	855	1239	667	1162	890	77	308	332	604	383	460	808	677	842	679	458	532
Adap1_+_139325497.23-P1P2	Adap1	2190	2511	2271	2818	2745	716	1023	979	1260	889	1330	1615	2221	2378	1385	1482	1379
Vps41_-_18717362.23-P1P2	Vps41	1202	1671	816	1446	1378	345	416	498	703	375	380	690	795	1144	804	699	716
Cd40lg_-_57212193.23-P1P2	Cd40lg	1772	2399	2388	2608	2254	688	963	1079	1360	505	850	1543	2137	1785	1423	1285	1174
Zfp597_+_3884432.23-P1P2	Zfp597	2638	3502	2505	3314	2524	964	1200	1443	2032	717	1573	1847	2248	2926	2293	1615	1816
Snca_-_60828800.23-P1P2	Snca	1165	1338	1384	1727	1631	301	585	509	683	143	596	852	1479	1658	980	727	780
Mpp1_-_75130934.23-P1P2	Mpp1	885	1784	1128	1724	1180	412	482	472	727	286	533	840	1577	1051	717	778	652
Nr4a2_-_57124117.23-P2	Nr4a2_P2	1717	2078	1448	2521	1855	479	901	680	1282	451	841	1372	1526	1828	1364	1264	1030
Cln3_+_126583287.23-P1P2	Cln3	1147	1517	1273	1845	1577	358	761	549	983	420	775	1015	1194	1621	1272	792	980
Psmb2_-_126677673.23-P1P2	Psmb2	1639	1800	1568	2148	2057	802	866	701	1041	403	833	731	1641	1874	1150	1163	1146
Unc13a_+_71671713.23-P1P2	Unc13a	1830	2145	1724	2248	2471	737	1058	630	1272	623	1265	1448	1912	1877	1770	1170	1286
Spg11_+_122118364.23-P1P2	Spg11	3027	3883	3039	4053	3270	945	1347	1680	2278	988	1726	2124	3243	3162	2591	2125	1907
Ndufa10_+_92473706.23-P1P2	Ndufa10	1984	3220	1970	3379	3390	797	1193	1203	1357	668	1581	2029	2056	2203	1890	1626	1575
Pou5f1_-_35506252.23-P1P2	Pou5f1	1642	2483	1847	2319	2224	500	780	978	999	535	1097	1545	1768	2250	1324	1099	1259
Il10_+_131020275.23-P1P2	Il10	1476	2303	1673	2263	2209	515	755	737	1202	581	845	859	1305	1591	1495	996	896
Cox7a2l_+_83514156.23-P1P2	Cox7a2l	1554	2219	1427	2090	1887	392	632	640	998	516	1033	1079	1489	1714	1511	1087	823
Lrpprc_+_84790818.23-P1P2	Lrpprc	1705	2091	1681	2325	2335	361	828	846	1263	483	1233	1239	1673	1925	1065	1107	1045
Fzd9_+_135251193.23-P1P2	Fzd9	2167	2538	2413	2880	2807	738	1125	1041	1520	741	1014	1583	1722	2473	1564	1376	1343
Ppp5c_+_17027764.23-P1P2	Ppp5c	1499	2093	1791	3189	2520	732	1022	641	1530	415	1214	1624	1724	2110	1571	1146	1159
Trp73_+_154139807.23-P1	Trp73_P1	1924	2162	1278	2239	2393	724	736	819	1512	526	1087	1443	1581	2487	1554	1347	1318
Prickle2_-_92480996.23-P2	Prickle2_P2	1855	2182	1768	2262	1807	555	895	842	1161	493	987	1064	1682	2028	1425	1267	1211
Sema4a_+_88455693.23-P1P2	Sema4a	1764	1921	2009	2275	2292	593	939	889	1188	389	1129	1176	1648	1814	1595	1130	1212
Zbtb20_-_43621503.23-P1P2	Zbtb20	1223	1357	1353	1567	1379	365	491	643	913	359	836	671	1064	1407	746	768	832
Gch1_-_47189391.23-P1P2	Gch1	796	1222	824	1431	1307	353	321	435	566	345	583	666	1082	1063	856	570	643
Wnt11_+_98835137.23-P1	Wnt11_P1	1022	1947	1402	1255	1395	374	596	586	998	331	740	893	1082	1162	675	761	700
Dnali1_-_125065599.23-P1P2	Dnali1	2601	2970	2422	3257	3048	722	1013	916	1579	818	1027	1761	2501	2619	2059	1797	1899
Decr1_-_15945309.23-P1P2	Decr1	2070	2531	2137	2382	2667	718	857	766	1522	778	974	1218	1850	2561	1766	1549	1099
Kcne3_+_100178743.23-P1	Kcne3_P1	652	845	1006	834	798	217	344	415	687	306	407	543	561	650	442	426	435
Chl1_+_103511373.23-P1P2	Chl1	755	1027	1096	1152	1475	383	457	311	549	328	581	604	900	987	789	610	577
H2-M10.6_+_36812199.23-ENSMUST00000041398.4	H2-M10.6	2134	2039	1898	2757	2248	621	816	780	1068	601	776	1597	2086	2088	1560	1102	1350
non-targeting_00545	non-targeting	1956	2340	1939	2134	2231	434	752	657	771	485	1291	1495	1455	2183	1550	1236	1165
Metrn_+_25796867.23-P1P2	Metrn	1727	1849	1136	2222	1550	738	673	677	903	373	856	1215	1372	1260	961	800	940
Glo1_+_30612423.23-P1P2	Glo1	1873	2779	2197	2708	2622	661	980	1250	1851	785	1232	1797	2186	2785	1918	1464	1436
Psap_+_60277749.23-P1P2	Psap	1495	1575	1377	1665	1649	504	642	685	1000	354	671	868	1210	1698	1319	674	880
Pld3_-_27542753.23-P1	Pld3_P1	1435	1747	1499	1816	1908	603	757	772	1007	454	804	846	1524	1597	1296	1025	935
Wnt6_-_74771928.23-P1P2	Wnt6	2159	3329	2081	2958	3046	973	1186	748	1740	789	1542	1701	2337	3000	2116	1491	1629
Dkk4_-_22624057.23-P1P2	Dkk4	1365	1964	1200	1926	1759	585	628	636	1005	338	724	717	1397	1446	1364	949	771
Chrm1_-_8664148.23-P1P2	Chrm1	1886	2135	1278	2095	2131	514	814	784	845	466	827	908	1466	2123	1374	727	1014
Ddhd1_+_45658051.23-P1P2	Ddhd1	464	626	560	821	490	235	189	259	462	166	341	403	721	602	342	347	351
Psmc4_-_28050057.23-P1P2	Psmc4	2378	2826	2358	2734	2643	628	785	899	1391	724	942	1464	2138	2387	1635	1355	1217
Msh2_-_87672598.23-P1P2	Msh2	1534	1662	1607	2110	1793	383	663	768	1215	614	793	1042	1302	1950	1412	1066	996
Slc17a6_+_51622099.23-P1P2	Slc17a6	1940	1963	2040	2695	2881	907	800	1050	1551	698	1337	1485	1594	2215	1624	1303	1440
Vwa3b_+_37153869.23-P1P2	Vwa3b	1250	1583	1036	1371	1353	381	537	469	792	353	806	699	1263	1215	1004	782	720
Dvl2_-_70000637.23-P1P2	Dvl2	2155	2257	1540	2773	2515	692	975	895	1452	523	1103	1373	2113	2620	1930	1269	1443
Qprt_+_127122020.23-P1P2	Qprt	1388	1933	1470	1804	1750	454	757	866	989	452	1055	879	1630	1519	1093	1072	1100
non-targeting_01805	non-targeting	1516	1640	1403	2019	1559	589	712	1039	1197	486	854	1095	1341	1619	1355	1048	932
Sema6b_-_56133802.23-P2	Sema6b_P2	1839	1753	1180	1719	1656	533	595	611	1231	416	694	911	1317	1571	1020	1033	1060
Bhlhb9_+_135885904.23-P1P2	Bhlhb9	1914	1934	2252	2564	1649	528	1040	724	1043	634	645	1014	1662	2336	1242	1115	1400
Stip1_+_7039902.23-P1P2	Stip1	2079	2489	2172	2219	2002	588	1015	852	1589	542	1021	1546	1756	2471	1438	1328	1314
Ern1_-_106487785.23-P1P2	Ern1	1788	1833	2167	2229	1916	529	901	1145	1272	418	699	1589	2053	1858	1620	1085	1276
Trp53_+_69580414.23-P1P2	Trp53	1725	1807	1559	1887	1658	559	637	423	1354	472	784	1142	1347	1947	1215	917	1077
Atxn2_+_121712064.23-P1P2	Atxn2	623	741	1012	1212	1240	222	368	621	915	288	699	336	867	937	872	487	484
Tomm40_-_19715192.23-P1P2	Tomm40	1455	1852	1604	1933	1874	329	758	875	1116	302	736	791	1340	1660	1188	786	1108
Chchd2_+_129887044.23-P1P2	Chchd2	1170	1444	1023	1589	1271	489	517	537	681	447	805	843	1127	1226	1072	830	949
Dnal1_-_84114399.23-P1P2	Dnal1	1053	1944	1118	1732	1382	575	718	465	1023	327	737	879	1172	1693	1015	796	703
Kidins220_-_24974940.23-P1P2	Kidins220	2207	2801	1788	2910	3121	826	1235	997	2143	825	1445	1686	2232	2467	2030	1480	1493
Prdm12_+_31639804.23-P1P2	Prdm12	1439	1485	1303	1490	1504	377	476	491	725	406	780	836	1270	1574	953	1043	652
Aplp1_-_30445325.23-P1P2	Aplp1	2569	3278	2727	3329	3079	660	1296	1218	2002	684	1522	1830	3096	3391	2376	1835	1848
H2-M10.6_+_36812205.23-ENSMUST00000041398.4	H2-M10.6	1623	1855	1283	2130	1969	500	571	585	956	382	673	1396	1033	1460	1031	1087	913
Ptn_+_36809992.23-P1P2	Ptn	1460	1809	1793	2071	2092	589	773	667	1105	563	1178	1077	1514	1951	1534	1022	878
Sema4a_+_88455678.23-P1P2	Sema4a	642	963	687	965	1016	284	374	354	491	267	287	607	814	768	565	395	590
Prps1l3_+_57230447.23-P1P2	Prps1l3	2400	2813	2272	2973	2649	599	1283	1440	1964	803	1241	1661	2601	2150	2060	1502	1515
Dlg4_+_70018462.23-P1	Dlg4_P1	767	454	756	981	482	237	352	196	665	143	331	616	753	781	501	542	432
Mif_+_75860289.23-P1P2	Mif	1259	1628	1578	1876	1615	319	728	588	1036	502	496	1095	1074	1613	1172	853	1041
Adora3_-_105870967.23-P1P2	Adora3	1573	2374	1846	2586	2319	528	846	683	1481	640	907	1077	2007	1857	1412	1386	1527
Aifm1_-_48513332.23-P1P2	Aifm1	3682	5220	3663	4879	4547	1143	2089	2074	2975	969	2024	2411	4021	4552	3032	2611	2397
Gabarap_-_69991671.23-P1P2	Gabarap	1760	2097	1467	1981	2356	694	865	786	1217	638	797	1094	1423	1665	1341	796	1030
Rbfox3_+_118909534.23-P1P2	Rbfox3	1249	1980	1146	1547	1297	436	531	561	666	294	705	662	1215	1573	1096	736	768
Erlin2_+_27024051.23-P1P2	Erlin2	1654	1759	1395	1896	1950	514	802	927	1150	365	850	1126	1585	1937	1376	1437	917
Brca2_+_150522866.23-P1P2	Brca2	2001	2567	2026	2477	2323	759	1115	1054	1429	623	1102	1560	1770	2239	1615	1513	1496
Dhtkd1_-_5942739.23-P1P2	Dhtkd1	1129	1426	1231	1327	1166	471	479	445	510	288	694	540	1214	1192	733	750	622
Gle1_-_29935465.23-P1P2	Gle1	1013	1676	1382	1095	1318	277	367	255	643	264	280	479	680	655	452	527	484
S100b_+_76253923.23-P1P2	S100b	2916	3442	2381	3764	2911	1024	1355	1420	2016	837	1691	1834	2804	3697	2034	2006	2007
A2m_-_121636302.23-P1P2	A2m	2019	2488	2145	2359	1830	616	917	1015	1622	638	1161	1622	1828	2141	1413	1303	1327
Psmb3_-_97703513.23-P1P2	Psmb3	2242	2295	2149	2654	1314	456	717	471	743	438	431	707	808	1128	793	678	831
Dync1h1_-_110601670.23-P1P2	Dync1h1	1477	2045	1794	2020	1872	479	669	670	790	456	758	915	1367	1458	1200	971	936
Kif5c_-_49619369.23-P1P2	Kif5c	1737	2544	1768	2547	2462	578	915	989	1299	647	1071	1125	1894	2122	1609	1494	1216
Cnp_-_100575068.23-P1P2	Cnp	1593	1868	1399	2232	1794	543	682	500	1186	467	1072	1225	1981	1462	1318	1169	1029
Fbln5_-_101818866.23-P1P2	Fbln5	1575	1911	1195	2052	1614	319	603	569	1087	337	585	979	1640	1703	1271	1091	787
Pla2g6_-_79328151.23-P1P2	Pla2g6	1555	1669	1251	1632	1890	338	612	605	676	402	841	1147	1031	1560	1058	1116	878
Wnt2b_+_104961672.23-P1P2	Wnt2b	2045	2748	1873	2687	2868	794	1078	1054	1374	744	1129	1701	2118	2684	1749	1138	1400
Tubb1_-_174450743.23-P1P2	Tubb1	1044	1477	1118	1847	1586	283	813	542	677	271	611	795	840	1652	1092	875	1000
Ifit3_+_34583555.23-P1P2	Ifit3	1758	1826	1460	1819	1988	545	676	854	1237	512	825	1239	1609	1828	1183	1153	927
Wnt7a_-_91411317.23-P1P2	Wnt7a	926	1440	1191	1494	1139	260	442	406	706	327	614	604	1117	1122	866	781	647
Slc6a3_-_73536856.23-P1P2	Slc6a3	1417	2010	1289	1878	2016	424	707	464	1286	481	1244	1328	1860	1952	1447	1106	1039
non-targeting_01100	non-targeting	1273	1853	1608	2105	1392	460	701	648	1117	472	727	877	1090	1531	902	1068	1015
Cnr2_+_135911942.23-P2	Cnr2_P2	986	1636	1285	1603	1661	326	590	390	778	373	664	964	1452	1322	1338	973	838
Casp8_-_58795419.23-P1P2	Casp8	2458	2893	1925	3071	2727	790	1099	911	1537	785	927	1619	2267	2727	1789	1574	1337
H2-M10.1_-_36326123.23-ENSMUST00000025322.7	H2-M10.1	1179	1334	812	1133	1252	473	466	857	712	350	740	841	1036	1231	980	622	582
Lamp1_-_13159448.23-P1P2	Lamp1	2179	2875	2069	2905	2454	753	936	1296	1366	718	905	1254	2270	2503	2114	1396	1652
Gstm7_-_107931672.23-P1P2	Gstm7	1473	1358	1324	1502	1470	447	595	529	855	411	720	839	1011	1441	867	570	857
Atp5d_+_80142392.23-P1P2	Atp5d	1949	1859	1525	2473	2014	377	890	689	1090	579	918	1120	1614	1583	1275	1173	994
Ascc1_+_60002866.23-P1P2	Ascc1	1975	2430	2364	2078	2148	594	935	545	1505	535	767	1016	1990	2201	1573	1378	1198
Ocln_+_100552578.23-P1P2	Ocln	2571	3047	2477	3439	3267	917	1204	1526	1890	709	1411	1720	2675	2480	2025	1355	1484
Snx27_+_94582493.23-P1P2	Snx27	1633	1705	1492	1842	1659	464	768	775	1034	482	1132	926	1629	1574	1302	872	780
Apoe_+_19698977.23-P1P2	Apoe	775	1385	1220	1059	1232	293	423	375	818	288	537	969	1008	1043	977	791	713
Fasl_-_161788348.23-P1P2	Fasl	1360	2326	1415	2067	1124	596	649	765	1007	468	727	838	1335	1843	1155	944	956
Shh_+_28466921.23-P1P2	Shh	2195	3048	1902	3140	2795	589	1117	1438	1603	720	1614	2053	2194	2763	2091	1400	1533
Psmb4_+_94886904.23-P1P2	Psmb4	1394	1788	1397	1535	1095	133	226	184	581	279	293	347	403	630	394	485	448
Csnk2a1_+_152226599.23-P1P2	Csnk2a1	1251	1437	939	1374	1427	435	399	681	692	393	652	414	842	1214	778	747	822
Pank2_-_131262721.23-P1P2	Pank2	1238	1542	1840	1873	2095	681	684	805	951	388	765	908	1498	1608	1134	1174	983
Slc30a10_-_185455132.23-P1P2	Slc30a10	1347	2134	1112	1560	1611	539	680	701	1080	433	766	795	1491	1668	1152	964	1069
Uqcrq_+_53430789.23-P1P2	Uqcrq	1500	2145	1392	2106	2155	432	695	1084	1020	590	964	1272	1693	1694	1650	1060	1316
Jph3_+_121730148.23-P1P2	Jph3	3010	3747	3297	3897	4068	1114	1744	1732	1920	894	1774	2211	3692	4015	2526	2124	1804
Atf4_+_80255491.23-P1P2	Atf4	1056	1433	1276	1358	1034	224	476	704	776	328	620	534	1417	1042	911	590	623
Trpc3_-_36690147.23-P1P2	Trpc3	2504	3415	2838	3425	2967	840	1278	1081	1641	853	1329	1915	2473	2869	1890	1477	1396
Notch1_-_26503708.23-P1P2	Notch1	2321	3027	2409	3088	2420	689	833	1072	1611	583	1092	1512	2294	2531	1933	1651	1417
Apbb1_+_105581226.23-P1P2	Apbb1	1987	2776	2037	2825	2074	687	1011	1030	1335	581	1212	1446	1786	2248	1834	1346	1165
Oxr1_-_41789018.23-ENSMUST00000170127.1	Oxr1	1424	2206	1572	1903	1614	401	605	484	806	612	552	1015	1462	1550	1284	862	672
Th_-_142899944.23-P1P2	Th	1267	1620	1616	2077	1725	423	795	764	1087	483	863	864	1551	1590	969	927	843
Ncl_-_86359281.23-P1P2	Ncl	2085	3170	2043	2712	2788	765	1150	846	2081	744	1432	1605	2435	2973	2263	1365	1412
Ube2g1_+_72607488.23-P1P2	Ube2g1	582	903	577	894	626	185	221	373	494	188	484	385	839	645	729	460	549
Atg5_-_44268542.23-P1P2	Atg5	1272	1658	1318	1595	1165	367	674	774	647	542	679	942	1022	1621	1120	856	712
Cyp2d10_+_82406781.23-P1P2	Cyp2d10	1967	2362	2009	2386	1985	603	992	1295	888	495	1005	1335	1823	2038	1419	1170	1105
Slc30a10_+_185455115.23-P1P2	Slc30a10	1781	2446	2031	2475	2244	505	842	825	1384	691	1199	1276	1740	2010	1488	1148	1180
Ina_+_47014696.23-P1P2	Ina	1540	1940	1188	2073	1961	564	844	856	1368	494	971	1027	2251	1970	1315	1137	983
Junb_+_84978659.23-P1P2	Junb	2212	2098	2033	2739	2332	682	1101	1095	1312	712	949	1248	2427	2390	1777	1237	1320
Nlrp3_+_59542763.23-P2	Nlrp3_P2	1079	1819	773	1138	1409	356	528	456	735	346	653	729	757	1201	943	504	553
Coasy_+_101082668.23-P1P2	Coasy	2203	2904	2277	2599	3195	670	967	1135	1888	625	1321	1388	2220	2715	1951	1386	1445
Bag6_+_35135256.23-P1P2	Bag6	1463	1594	1278	1888	1652	555	503	656	997	589	746	854	1438	1577	1462	959	901
Xpnpep1_-_53038551.23-P1P2	Xpnpep1	2114	2382	2705	2893	2563	774	1038	1038	1611	771	1575	1527	1870	2310	1768	1413	1426
Kat2a_-_100712420.23-P1P2	Kat2a	2167	2737	2235	3008	3354	713	1076	1025	1893	803	1535	1798	2999	3329	2003	1838	1557
Xbp1_+_5521087.23-P1P2	Xbp1	1765	2259	2312	2259	1724	597	1015	965	1491	662	1167	1310	2131	2220	1767	1283	1371
Rab5a_-_53479323.23-P1P2	Rab5a	2302	3358	2179	3434	3246	1013	1114	1205	2036	782	1517	2114	2520	3237	2448	1941	1920
Tnfrsf21_+_43016577.23-P1P2	Tnfrsf21	2096	2847	2184	2573	2079	926	1098	1060	1871	613	1117	1672	2661	2631	1949	1614	1786
Nox1_+_134111731.23-P1P2	Nox1	1056	1396	1123	1615	1463	282	431	611	591	302	651	1054	770	1033	861	762	908
Tppp_-_74009683.23-P1P2	Tppp	1788	2135	1705	2227	1779	476	851	813	1305	469	849	1250	1720	2181	1333	973	1121
Lsm2_+_34981936.23-P1P2	Lsm2	734	821	809	1535	879	308	324	536	756	255	501	427	464	417	321	275	447
Ewsr1_+_5098995.23-P1P2	Ewsr1	2639	3033	2621	2802	3005	784	1098	1115	1695	675	1643	2154	2584	2831	1939	1841	1456
Fzd9_+_135251127.23-P1P2	Fzd9	1018	1800	928	1240	1154	523	479	482	1017	222	673	830	1428	1133	886	774	931
Lep_-_29060259.23-P1P2	Lep	1480	2064	1386	2052	1762	476	688	655	909	537	849	1204	1472	2057	1339	1112	1046
1700013F07Rik_-_108537570.23-P1P2	1700013F07Rik	1048	1278	1164	1481	1232	298	420	477	815	485	504	706	918	1059	883	612	764
Spg21_+_65460987.23-P1P2	Spg21	649	622	666	708	976	141	249	172	417	262	414	346	501	772	461	317	300
Itpr1_-_108213226.23-P1P2	Itpr1	1683	1681	1401	1863	1491	366	518	334	1139	522	855	899	1446	1525	1193	845	831
Jun_-_95052113.23-P1P2	Jun	1577	2316	1576	1781	2573	611	1081	781	1219	604	1244	1602	1508	1800	1368	1384	1049
Samd9l_+_3399375.23-P1P2	Samd9l	1964	2069	1847	2135	2349	478	1025	878	1030	439	1080	1010	1765	1800	1771	1167	1107
Slc11a2_-_100424156.23-P2	Slc11a2_P2	2366	2472	2383	3240	2410	717	1072	985	1347	654	1106	1642	1875	2586	1730	1707	1550
Tnfrsf1a_+_125350032.23-P1P2	Tnfrsf1a	3243	3227	2766	3710	3231	868	1456	2015	2264	1091	1280	2269	2605	3383	1943	1892	1558
Canx_-_50325614.23-P1P2	Canx	2149	3092	2187	3259	2922	915	962	935	1526	710	1311	1589	2215	2626	2100	1519	1725
Ndufs5_+_123718102.23-P1P2	Ndufs5	2080	2430	1842	2437	2002	566	831	879	1655	580	942	1524	1701	2372	1593	1401	1387
Hexb_-_97198294.23-P1P2	Hexb	3392	5132	3986	4808	4213	1235	1480	1696	2755	1104	2017	2841	3067	4281	3495	2327	2208
non-targeting_02872	non-targeting	2432	2637	1739	2731	2414	869	1022	902	1649	886	1244	1628	2201	2307	2044	1541	1660
Calm4_-_3837937.23-ENSMUST00000042219.4	Calm4	2279	3063	2341	3318	3213	790	1253	1322	1862	847	1552	2279	2307	3148	2034	1392	1673
Fgf2_-_37348678.23-ENSMUST00000038885.3	Fgf2	1864	2296	1983	1844	1859	517	779	778	1213	581	953	1348	1893	2099	1844	1064	1244
Psmd1_+_86064685.23-P1P2	Psmd1	2289	2989	1958	3244	2649	670	1010	1126	1599	778	1455	1424	1787	2426	2003	1514	1214
Dnah5_-_28203793.23-P1P2	Dnah5	2231	3027	2025	2837	2501	678	1060	908	1527	550	1415	1141	1875	2677	1996	1451	1299
Ngf_-_102469945.23-P1P2	Ngf	1935	2014	1851	2454	1926	636	874	1069	1425	533	1009	1142	1698	2245	1620	1114	1006
Ubqln2_-_153498224.23-P1P2	Ubqln2	2121	2479	1936	3440	2067	735	945	876	1533	769	1239	1735	2417	2632	1776	1499	1186
Nbr1_-_101552960.23-P1P2	Nbr1	1678	2082	1354	1987	1767	695	1031	775	1398	527	1008	1358	1609	2016	1195	1030	939
Tnf_+_35201975.23-P1P2	Tnf	1331	1272	1370	1493	1860	359	644	379	997	314	614	976	1270	1317	1242	651	798
Ap4b1_+_103809632.23-P1P2	Ap4b1	1959	2696	1604	2774	2372	612	863	932	1643	597	1113	1489	2008	2197	1558	1250	1412
Wnt8a_-_34542360.23-ENSMUST00000012426.2	Wnt8a	2242	2495	2399	2913	1806	533	958	981	1541	893	1275	1348	2209	2175	1715	1126	1265
Snap25_+_136713530.23-P1P2	Snap25	1597	2116	1831	1995	2300	510	782	1226	1390	508	794	1117	1770	1671	1286	1055	1154
Cabin1_+_75764305.23-P1P2	Cabin1	1799	2831	1521	2587	2427	649	758	601	1298	578	825	1273	1341	2029	1582	1310	1134
Msra_-_64440868.23-P1P2	Msra	2285	2854	2301	2873	3189	904	1279	1286	1827	752	1231	1756	2427	3014	1950	1485	1466
Sqstm1_-_50210734.23-P1	Sqstm1_P1	2927	4257	2844	4311	2546	722	987	872	1783	912	1213	1631	2999	3465	2528	2009	2039
Uqcr11_-_80406491.23-P1P2	Uqcr11	1483	1892	1800	2202	1916	589	739	750	1238	491	998	1000	1846	2169	1283	866	1107
Gpx2_-_76795444.23-P1P2	Gpx2	1084	2277	1517	2216	1802	403	517	601	1072	515	884	920	1211	1672	1139	947	868
Anxa1_+_20390610.23-P1P2	Anxa1	1197	1504	1055	1391	1650	365	552	570	700	441	708	907	994	1328	1135	806	813
Comt_+_18426323.23-P1P2	Comt	2190	2728	2352	2989	2528	750	1206	1286	1571	715	1489	1685	2325	2851	1637	1512	1187
Psmb3_-_97703653.23-P1P2	Psmb3	2087	2042	2023	2742	1934	642	814	1017	1221	775	953	1184	1661	2176	1902	1330	1247
Erlin1_+_44069768.23-P1P2	Erlin1	1302	1477	1277	1527	1959	376	521	641	640	334	775	1145	1037	1326	1025	749	630
Vps13c_+_67840461.23-P1P2	Vps13c	740	1344	771	1342	1111	290	340	371	665	176	517	564	933	1371	664	463	557
Ifit3_+_34583594.23-P1P2	Ifit3	1979	2100	1838	2568	2080	761	727	957	1153	663	1210	1120	1378	2152	1772	1044	968
Cox8b_-_140900330.23-P1P2	Cox8b	2162	2948	1964	2420	2708	793	980	996	1474	803	1085	1807	2492	2554	1592	1511	1453
Atg2b_-_105685233.23-P1P2	Atg2b	1494	1786	1486	1869	1607	527	771	920	1049	434	1180	1226	1326	1626	1000	783	796
Sdhc_+_171150376.23-P1P2	Sdhc	1504	1646	1388	1852	1830	497	786	471	1264	275	607	831	951	1081	889	574	749
Stub1_+_25832845.23-P1P2	Stub1	1557	2352	1737	2288	1921	591	911	1123	1220	528	968	1072	1832	1841	1396	1052	1120
Eif2ak2_-_78882524.23-P1P2	Eif2ak2	2528	3270	3126	3418	3907	1015	1360	1193	2016	958	1359	2192	2754	2963	2519	1793	1610
Rbm8a_-_96630177.23-P1P2	Rbm8a	1159	1652	957	1407	450	122	288	202	350	105	259	153	335	469	290	315	178
Mgst1_-_138140542.23-P1P2	Mgst1	2333	2939	2336	3001	2618	816	1089	1187	1288	712	1008	1361	1872	2249	1987	1567	1463
non-targeting_01122	non-targeting	1561	1717	1617	1828	2033	532	823	1224	1074	630	1084	1004	1948	1524	1242	1058	1019
Adrm1_+_180171649.23-P1P2	Adrm1	1017	979	1054	1601	1560	350	540	502	786	317	788	843	940	1245	731	782	582
Camk2a_-_60925690.23-P1P2	Camk2a	1049	1534	1551	1702	1681	354	414	701	1162	328	674	814	1358	1628	1418	934	873
Wnt5b_+_119544269.23-P1P2	Wnt5b	1591	1715	1513	2299	2005	631	623	608	1253	516	957	790	2005	2257	1271	1341	983
Nr3c1_-_39490491.23-P1P2	Nr3c1	2003	2711	2499	2519	2710	616	1132	990	1842	606	966	1631	2068	2609	1925	1197	1475
Tor1a_-_30967859.23-P1P2	Tor1a	1007	1131	790	1096	1160	142	486	332	659	243	665	1032	781	1186	575	722	537
Park7_+_150909824.23-P1	Park7_P1	2194	2782	1999	2246	1835	567	1040	1125	1375	583	1158	1317	1702	2298	1222	1610	1146
Nox4_-_87246862.23-P1P2	Nox4	1467	1976	977	1962	1477	577	714	747	1248	481	1174	843	1515	1873	946	989	805
Tsen54_+_115814782.23-P1P2	Tsen54	1689	1925	1303	1689	1371	295	436	659	777	352	482	593	978	922	766	681	766
Tead1_-_112679660.23-P1P2	Tead1	1645	1987	1753	2369	1922	633	837	580	1318	516	1061	1347	1553	1723	1418	1107	1159
Trip4_-_65908727.23-P2	Trip4_P2	1156	1145	1095	1356	1497	464	476	568	734	333	831	821	1256	1509	829	578	638
Nhlrc2_-_56548565.23-P1P2	Nhlrc2	1466	2530	1884	1852	2385	568	787	617	1263	543	929	1265	2128	2042	1144	910	963
Cox8a_-_7217556.23-P1P2	Cox8a	1554	2107	1776	2268	1806	623	657	586	1143	614	944	1183	1499	1800	1287	1046	899
Wnt5a_+_28505823.23-P1	Wnt5a_P1	1924	2988	2250	2777	2270	681	1144	782	1369	633	885	1520	2098	2646	1296	1354	1158
Sema3c_-_17574782.23-P1P2	Sema3c	1667	2066	1455	2034	1568	580	642	715	1170	469	736	934	1270	1512	1071	1065	1138
Abcb1b_+_8798154.23-P1P2	Abcb1b	1978	2387	1507	2907	2302	437	860	806	1259	383	1091	1276	2054	2049	1592	1394	1421
Slc11a2_+_100424095.23-P2	Slc11a2_P2	1598	2016	1441	2198	1173	422	653	583	988	444	684	1357	1565	1880	1148	1189	1065
non-targeting_03939	non-targeting	1547	1732	1274	1452	1504	439	592	466	1342	484	1034	1089	1510	1725	1281	1043	902
Tbp_-_15499996.23-P1P2	Tbp	1651	2421	2232	2390	2516	434	594	701	1167	398	856	787	1923	2020	1402	1354	1078
Ube2l3_+_17201370.23-P1P2	Ube2l3	1260	1831	1442	2030	1895	412	786	711	1183	401	904	953	1753	1822	1171	1187	957
Abcb1b_+_8798198.23-P1P2	Abcb1b	1605	1755	1535	2254	1706	444	510	536	1163	336	863	871	1279	1700	1450	1197	995
Tat_-_109990486.23-P1P2	Tat	1277	1394	1259	2079	2028	530	702	581	1039	477	678	742	1259	1857	1164	894	928
Prps1l3_+_57230674.23-P1P2	Prps1l3	928	1024	717	1060	934	201	403	454	693	225	379	333	824	1015	580	677	388
Chrna7_+_63212456.23-P1P2	Chrna7	1300	2295	1277	2051	2137	439	814	990	1110	537	1136	1473	1836	1939	1317	1140	1138
Nes_+_87971091.23-P1P2	Nes	2165	2388	2162	3001	2419	544	1126	975	1695	709	1173	1184	2492	3018	1474	1528	1384
Ccl3_-_83649173.23-P1P2	Ccl3	733	1043	791	1060	931	212	420	292	482	235	478	605	850	809	713	529	693
P2rx7_+_122643981.23-P1P2	P2rx7	1214	1685	1721	1844	1687	391	571	628	705	422	771	979	1079	1418	1085	856	718
Ctsd_-_142387805.23-P1P2	Ctsd	2071	2911	2133	2689	2027	745	800	674	1632	745	781	1528	1346	2139	1209	1067	963
Ndrg1_+_66969220.23-P1P2	Ndrg1	1568	2126	1750	2391	2104	556	856	955	1202	467	966	1353	1971	1947	1464	1142	1265
Cdc27_+_104550517.23-P1P2	Cdc27	1397	1958	1598	1801	1548	662	613	677	1389	418	980	1140	1708	1613	1321	1054	974
Tmem230_+_132247547.23-P1P2	Tmem230	735	1158	658	891	1050	254	367	440	466	223	397	536	783	986	680	440	701
Ang_-_51096436.23-P1	Ang_P1	1751	2654	2067	3108	2494	613	882	1153	1231	800	1056	1262	1829	2435	1424	1265	1556
Tmprss4_+_45203988.23-P1P2	Tmprss4	2303	2112	1757	3124	2701	636	1011	1056	1482	637	1072	1555	1999	2707	1888	1280	1564
Rab8a_+_72161422.23-P1P2	Rab8a	1323	1526	881	1812	1674	361	592	444	787	501	677	983	1561	1207	1171	656	885
Gad1_+_70562151.23-P1P2	Gad1	1776	1905	1472	1921	1784	428	786	793	1061	457	900	994	1923	1886	1352	1244	1116
Blvra_+_127080500.23-P2	Blvra_P2	1263	1300	953	1232	1254	243	655	619	772	278	556	1013	1208	1248	963	824	694
Camk2g_+_20793997.23-P1P2	Camk2g	3521	4068	2696	3619	2914	737	1378	1387	2467	946	1832	1842	3214	3157	2300	2084	1987
Dnajc13_+_104262895.23-P1P2	Dnajc13	1287	1791	959	1570	1149	386	451	659	845	294	636	838	1054	1004	787	622	677
Hspb3_-_113663559.23-P1P2	Hspb3	833	774	808	1058	725	190	425	275	425	152	305	391	543	1132	715	522	571
Pdk3_+_93832107.23-P1P2	Pdk3	2030	2549	1855	2554	2477	677	1085	1434	1497	681	1028	1552	2019	2698	2070	1505	1058
Zfyve26_+_79296264.23-P1P2	Zfyve26	1607	2812	1673	2230	2382	622	869	923	1443	759	1067	1437	1905	1897	1586	1277	1085
Agtpbp1_-_59557262.23-P1P2	Agtpbp1	2023	2313	1507	2494	1911	446	885	610	1406	546	901	1410	1837	2156	1628	1139	1097
Gpx7_-_108406702.23-P1P2	Gpx7	1867	2676	2004	2818	2432	694	1078	1134	1514	725	1433	1312	2038	2091	1666	1363	1325
Psmb6_-_70525438.23-P1P2	Psmb6	2019	2525	2641	2643	1038	185	347	274	605	155	417	665	503	752	595	459	543
Fus_-_127967513.23-P1P2	Fus	1331	2033	1567	2339	2027	633	842	1204	1076	625	1048	1487	2036	1848	1491	919	1002
Sema6b_+_56133813.23-P2	Sema6b_P2	1348	1671	1466	2241	2025	412	840	730	1032	547	834	778	1533	2049	1333	977	1003
Dcx_-_143933071.23-P1P2	Dcx	1996	2000	1177	2267	2127	450	724	915	1041	572	846	834	1924	2059	1488	1224	1380
Tuba1b_+_98934456.23-P1P2	Tuba1b	1406	1674	1281	2023	1656	382	756	853	1331	343	773	1094	1412	1641	1201	904	977
Kif5b_+_6241434.23-P1P2	Kif5b	3502	4162	2967	4762	4112	829	1771	1684	2663	1060	1865	2363	3435	3871	2760	1983	2160
Cacna1a_+_84415608.23-ENSMUST00000121390.1	Cacna1a	1352	1684	1115	1931	1811	454	599	558	1112	423	856	865	1387	1571	1229	682	816
Grm2_+_106656033.23-P1P2	Grm2	2344	2330	2056	2755	2133	629	1003	1142	1675	618	1109	1385	1891	2556	1789	1283	1122
Synm_-_67759743.23-P1P2	Synm	2715	2557	2904	3070	2162	761	1409	1198	1975	738	1440	1976	3082	2999	1804	1634	1721
Atf2_+_73892604.23-P1P2	Atf2	1941	1894	1448	2886	2116	513	1022	1070	1772	541	1002	1188	2064	2066	1544	1074	1303
Gchfr_+_119167835.23-P1P2	Gchfr	2205	2559	2191	2783	2772	628	773	1118	1504	735	966	1414	2049	2117	1638	1245	1319
Sv2a_+_96181212.23-P1P2	Sv2a	728	1200	713	1132	1385	273	422	310	662	243	672	425	1042	1120	576	554	483
Ndufa4l2_+_127515031.23-P1P2	Ndufa4l2	1540	2319	1688	2167	2446	644	753	708	1316	503	1031	1215	1665	1851	1470	1023	1180
Wnt7b_-_85581893.23-P1	Wnt7b_P1	803	1114	918	1293	1297	222	501	418	760	346	517	576	951	1067	537	565	616
Scp2_-_108118586.23-ENSMUST00000030340.8	Scp2	859	890	855	859	1116	332	533	333	521	224	507	587	810	833	673	592	553
Cox8b_-_140900380.23-P1P2	Cox8b	1420	2138	1362	1998	1538	486	593	659	840	449	834	927	1632	1455	1239	1017	852
Cacna1d_+_30353492.23-P1P2	Cacna1d	1229	1792	890	1913	1828	327	780	703	819	369	583	947	1346	1348	1500	1063	955
Traf2_-_25546867.23-P1P2	Traf2	2051	3197	2476	2521	3317	874	1305	1309	1662	815	1544	1617	2246	2953	1927	1572	1947
Gpr37_+_25689462.23-P1P2	Gpr37	1343	1484	1801	1698	1284	292	491	602	700	343	738	832	1193	1366	1151	837	668
Aco2_+_81872684.23-P1P2	Aco2	1256	1848	1227	2065	1453	384	509	566	1124	297	596	798	962	1174	746	589	780
Glo1_-_30612626.23-P1P2	Glo1	1643	2192	1875	1719	1739	613	784	809	878	429	768	720	1547	1726	1168	974	995
Elavl4_+_110286923.23-P1P2	Elavl4	1900	3069	2247	2881	2045	710	1065	985	1983	693	1262	1357	2382	2616	1644	1598	1400
Chat_-_32465800.23-P2	Chat_P2	1882	2253	2036	2710	2466	644	907	1208	1328	625	1115	1323	1828	2130	1446	1350	1461
Akt1_+_112674185.23-P1P2	Akt1	1890	2472	2381	2731	2050	861	962	1277	1444	695	1134	1535	1865	2419	1602	1095	1222
Ndufb10_+_24724350.23-P1P2	Ndufb10	1288	2195	1539	2252	2257	426	828	858	999	525	723	1281	1331	1892	1219	1124	1124
Cyp2d11_+_82393541.23-ENSMUST00000170255.1	Cyp2d11	1759	2083	1565	1718	1596	576	822	603	732	393	809	896	1513	1610	1099	1028	1006
Pon3_-_5256203.23-P1P2	Pon3	2161	2586	2257	2244	2584	594	922	927	1561	875	1257	1585	1855	2446	1469	1418	1662
Psmc2_-_21785301.23-P1	Psmc2_P1	1585	1553	1795	2141	1456	423	537	518	852	433	559	897	1596	1481	1565	984	929
Atp5h_-_115419742.23-P1P2	Atp5h	1796	2087	1649	2226	2425	423	903	938	1189	476	900	1307	1535	1977	1704	982	1041
Abcb6_-_75180366.23-P1P2	Abcb6	3949	4425	3535	5230	4206	1109	1936	1285	2763	920	2012	2565	3272	4270	3448	2485	2249
Stip1_+_7039934.23-P1P2	Stip1	2316	2683	1878	2217	2302	539	820	695	1236	512	763	1736	1912	2227	1371	1174	1193
Ralgps2_+_156939544.23-P1P2	Ralgps2	2516	3077	2137	3034	3123	945	1111	1541	1681	810	1779	1769	2602	2779	2470	1734	1453
Slc9a5_-_105348228.23-P1P2	Slc9a5	1079	1627	1297	1215	1177	414	428	341	786	306	615	766	1081	1382	535	627	486
Ngb_-_87102308.23-P1P2	Ngb	969	1845	1517	1754	1733	338	652	705	972	396	613	894	1395	1441	1015	917	810
Axin2_+_108920879.23-P1P2	Axin2	1828	2420	2056	2335	2357	641	933	1047	1135	572	1296	1350	1746	2298	1331	1269	997
Pparg_-_115361322.23-P1P2	Pparg	2897	4106	2965	3706	3787	1011	1405	1401	1623	883	1535	2255	2346	3061	2374	2142	1580
Map2k5_-_63377848.23-P1P2	Map2k5	2304	2843	2592	3269	2901	774	1201	979	2045	882	1295	1696	2423	2853	2004	1650	1530
Igfals_-_24878803.23-P1P2	Igfals	1370	1238	1282	1413	1077	437	611	441	1023	391	893	1028	1135	1484	1176	846	785
Ager_+_34597896.23-P1P2	Ager	2291	2920	2490	3012	3124	763	1098	1123	1909	658	1783	1743	2791	2420	2032	1685	1405
Ndufa4l2_-_127515001.23-P1P2	Ndufa4l2	940	1805	1220	1812	1178	262	560	491	759	240	746	696	1307	1183	783	863	910
Slc6a4_-_77009364.23-P1	Slc6a4_P1	2695	4152	3179	4253	3845	1172	1380	1631	2069	1036	1534	1976	3348	4056	2413	1988	2212
Nlrp3_-_59542733.23-P2	Nlrp3_P2	1849	2413	1526	1907	2041	602	787	676	1096	452	813	1141	2228	1960	1116	1104	1072
Wnt8a_+_34542350.23-ENSMUST00000012426.2	Wnt8a	1536	1750	1735	1677	1616	532	627	733	903	453	764	963	1051	1382	831	1044	861
Ctsf_+_4855183.23-P1P2	Ctsf	687	1032	774	1083	923	104	380	366	474	200	577	705	949	1015	765	586	466
Klf4_+_55532420.23-P1P2	Klf4	742	695	495	743	792	173	224	229	603	180	336	397	557	655	392	425	338
Tmprss4_+_45204006.23-P1P2	Tmprss4	1902	1998	1535	1882	2100	625	836	1054	1434	538	967	1335	1779	1910	1498	1239	1215
Pnpla6_+_3516904.23-P2	Pnpla6_P2	1780	2331	1656	2279	1894	583	816	663	1587	560	1370	1379	1646	1966	1359	1237	1174
Hap1_-_100356006.23-P1P2	Hap1	1140	1281	834	1342	1374	313	412	524	731	266	725	678	1033	1053	991	645	742
Rb1_-_73325771.23-P1P2	Rb1	1900	2358	2183	2388	2193	689	879	837	1188	515	992	1255	2206	2157	1551	1392	1064
Rims2_+_39198335.23-ENSMUST00000082054.5,ENSMUST00000042917.9	Rims2	1944	2889	2390	3201	3308	788	1207	1215	1844	691	1089	1860	2583	2823	2187	1643	1323
Ctsd_-_142387794.23-P1P2	Ctsd	2116	2066	1759	2367	1845	491	877	1028	1499	433	734	1536	1702	1809	1310	1112	1118
Grin2b_+_136172089.23-P1P2	Grin2b	1352	1439	1059	1613	1652	432	491	484	699	390	660	598	1060	1204	954	701	692
Cacna1f_+_7607187.23-P1P2	Cacna1f	2271	2862	2173	3076	2668	634	1071	1101	1590	648	1293	1240	1987	2508	2179	1387	1454
Tfcp2_+_100551936.23-P1P2	Tfcp2	1771	1727	1816	2100	1830	510	721	750	1081	435	760	759	1370	1920	1061	1270	861
Nefh_+_4947920.23-P1P2	Nefh	1451	2186	1559	2244	1635	510	847	891	1310	545	1069	1407	1587	1667	1332	1182	1252
Lamp1_-_13159318.23-P1P2	Lamp1	2367	3147	2511	3319	2949	806	1149	1149	1736	861	1535	1896	2557	3442	2030	1644	1448
Sirt5_+_43365531.23-P1P2	Sirt5	1468	1126	1033	1475	1385	433	513	348	896	392	627	914	1291	1159	1060	772	816
Pde8b_+_95223027.23-P2	Pde8b_P2	1725	2022	1072	2258	2188	465	709	1030	1189	431	754	1069	1443	1641	1537	1095	1103
Pink1_+_138326212.23-P1P2	Pink1	2716	3802	2689	4214	3317	974	1334	1089	1969	806	1404	1938	2754	2706	2172	1787	1703
Ung_-_114131232.23-P1P2	Ung	1369	2095	1758	2053	1803	468	762	928	878	461	617	1271	1108	1799	1036	858	986
Park7_+_150909802.23-P1	Park7_P1	2380	2997	1860	3295	2917	870	1023	1177	2014	789	1636	1749	2261	2868	1968	1547	1413
Igf1_+_87859311.23-P1	Igf1_P1	1736	1725	1073	1882	1328	350	602	520	1102	343	780	850	1333	1653	1171	945	864
Dnah7a_+_53706770.23-P1P2	Dnah7a	2059	2455	1966	2321	2292	665	821	664	1464	590	1018	1256	1674	1688	1532	1021	1216
Ap4e1_-_127008773.23-P1P2	Ap4e1	1669	2360	1664	1913	2257	549	881	942	1151	625	917	1297	1886	2026	1274	1124	1110
Tnfrsf1a_+_125349795.23-P1P2	Tnfrsf1a	2221	2135	1534	2281	2252	652	663	800	1444	429	1090	1611	1710	2271	1536	1050	1292
Psmb4_+_94886922.23-P1P2	Psmb4	1589	1850	1664	2256	1732	629	861	570	1512	442	992	1201	1494	1787	1450	1268	1113
Dnajb1_-_83608287.23-P1P2	Dnajb1	1962	2173	2091	2489	2150	567	838	1202	1095	594	1379	1294	1855	1788	1241	1192	1170
Dlg4_+_70018452.23-P1	Dlg4_P1	1129	1285	1219	1759	1301	281	473	356	920	493	619	881	1348	1563	1021	955	915
Wnk1_-_120038639.23-P1P2	Wnk1	2209	2246	2016	2827	2726	528	1096	967	1632	630	1157	1133	2031	2413	1549	1295	1149
Adora3_+_105871142.23-P1P2	Adora3	2753	2939	2367	3198	3131	788	1238	1187	1991	621	1327	1485	2852	3181	2204	1780	1733
Timp3_+_86300598.23-P1P2	Timp3	893	1249	966	1209	921	277	553	379	773	230	546	753	1161	971	839	557	715
Itgam_-_128062778.23-P1P2	Itgam	1075	1254	862	1354	1240	344	503	293	725	313	812	831	1225	1190	805	641	792
Slc9a1_+_133369843.23-P1P2	Slc9a1	1836	2195	1670	2486	2330	480	1108	1066	1493	502	1080	1528	2217	2328	1429	1475	1140
1600014C10Rik_+_38183877.23-P1P2	1600014C10Rik	1569	2435	1809	2280	1976	730	746	941	1329	543	1139	1518	1381	2097	1325	1247	1046
Ap5z1_-_142464054.23-P1P2	Ap5z1	1990	2768	2490	3176	2690	730	875	861	1656	690	1609	1873	2086	2734	1854	1397	1594
Mbp_+_82554549.23-P1P2	Mbp	2651	3305	2089	3028	3139	872	1309	1016	1793	798	1387	2068	2655	2991	1880	1610	1599
Ndufa5_-_24527475.23-P1P2	Ndufa5	1065	1710	1668	1870	1493	490	607	724	1060	392	1001	852	1318	1410	1134	789	900
Nipa1_-_56019493.23-P1P2	Nipa1	1287	2082	1500	2509	1999	542	968	821	1197	505	1230	1554	1677	1699	1454	958	1110
Sema4a_+_88455731.23-P1P2	Sema4a	2335	2574	2263	2651	2363	782	899	761	1518	735	1110	1190	1918	2463	1925	1173	1312
Ppp3r1_-_17159357.23-P1P2	Ppp3r1	1150	1819	1210	1807	1853	502	660	935	1363	387	693	1098	1409	1942	1218	928	876
Jund_-_70699145.23-P1P2	Jund	2723	3434	3382	3369	2960	931	1135	1375	1936	1035	1505	1903	2670	3108	2298	1959	1974
non-targeting_03403	non-targeting	1150	995	1185	1787	1273	384	627	525	735	276	641	874	1424	1164	825	857	687
Epo_+_137533248.23-P1P2	Epo	1451	1934	1381	1700	1664	443	680	774	902	410	806	829	1634	1429	1176	1016	950
Il6_+_30013186.23-P1P2	Il6	1809	2857	1999	2118	2530	575	1000	754	1614	714	1258	1222	1759	2278	1653	1285	1179
Apbb1_+_105581223.23-P1P2	Apbb1	1405	1944	1354	1933	2073	484	710	855	1374	432	728	1185	1784	1467	1452	935	867
non-targeting_00971	non-targeting	1580	1987	1686	2462	1992	405	1115	749	1195	481	911	1425	1439	1876	1227	1145	1323
Tank_-_61593196.23-P1	Tank_P1	3983	4253	3009	4290	3557	1120	1936	1586	2372	901	1547	2463	3523	3849	2739	2179	2541
Reps1_-_18055616.23-P1P2	Reps1	2558	2690	2914	2800	2666	767	1278	1291	1608	879	1217	1506	2279	2910	1503	1653	1451
Stxbp5l_+_37384893.23-P1P2	Stxbp5l	1744	2569	1812	2137	2083	641	777	740	1569	490	831	1213	1864	1791	1282	1115	938
Ly6e_+_74955666.23-P1P2	Ly6e	456	682	580	605	752	270	329	250	403	162	341	633	715	746	656	396	408
Kat5_+_5610056.23-P1P2	Kat5	1888	2035	1887	2450	2177	487	730	1216	1371	553	1136	1278	1779	2276	1746	1381	1315
Serpina3j_-_104314572.23-ENSMUST00000109957.2	Serpina3j	1675	2206	1322	2965	1723	378	673	596	1021	552	637	1205	2256	1533	1891	1155	1318
Fbxo38_+_62548657.23-P1P2	Fbxo38	1147	1235	1146	1550	1745	319	654	550	906	466	958	726	1301	1322	1116	737	602
Csnk1e_+_79441955.23-P1P2	Csnk1e	2238	2745	2163	3102	2459	682	1068	1023	1523	530	1384	2051	2380	2662	1812	1698	1281
Psen1_-_83688258.23-P1P2	Psen1	1675	1650	1541	1722	1679	433	684	478	893	392	855	1081	1593	1871	1180	951	919
Ndufa12_-_94199072.23-P1P2	Ndufa12	2479	3134	3067	3253	3251	902	1193	1262	1530	847	1294	2189	2942	3781	2493	1842	1916
Cav2_-_17281307.23-P1P2	Cav2	1275	1801	1565	1776	2236	439	707	675	1335	657	969	822	1773	1404	1350	1024	1073
Wnt11_-_98835140.23-P1	Wnt11_P1	1585	1556	1295	1874	1789	431	516	623	1034	401	817	998	1391	1373	834	803	732
Atp2a2_-_122502154.23-P1P2	Atp2a2	1193	1669	987	1533	1492	496	759	630	1017	380	422	1135	1272	1299	1045	691	622
Pomc_+_3955032.23-P1P2	Pomc	1834	2979	2158	2744	2789	801	907	1258	1751	706	1113	1053	1958	2654	1927	1337	1352
Atg13_+_91710519.23-P1P2	Atg13	1068	1435	985	1328	1735	375	426	526	602	259	597	712	1101	1304	849	497	759
Calm3_-_16924066.23-ENSMUST00000019514.9	Calm3	1603	2547	1556	2122	2397	638	804	648	1169	604	1305	1328	1886	2391	1242	1169	1056
Pin1_-_20652135.23-P1P2	Pin1	2215	2601	2280	2902	3023	637	945	915	1845	754	1223	1668	2003	2317	1361	1194	1469
Casp1_-_5298723.23-P1P2	Casp1	1146	1039	775	1069	684	193	311	375	565	327	536	575	818	978	850	478	679
Dnah11_-_118198924.23-P1P2	Dnah11	1920	2620	2116	2623	2393	537	909	1024	1453	444	1043	1351	2233	1905	1561	1512	1220
Cfl2_-_54862379.23-P1P2	Cfl2	2031	2283	1568	2152	2186	767	815	1030	1100	495	1122	1305	2109	1915	1625	957	1257
Pnkp_+_44857397.23-P1P2	Pnkp	1357	1658	1269	1814	1665	410	694	431	857	342	348	1040	1202	1308	779	864	886
Clk1_-_58423975.23-P1P2	Clk1	1270	1246	1240	1651	1478	332	646	502	998	349	609	1068	1273	1305	1318	1043	797
Tspo_-_83563662.23-P1P2	Tspo	1053	1391	928	1486	1298	275	585	323	835	377	633	653	1043	1010	965	743	562
Slc6a4_-_76998628.23-P2	Slc6a4_P2	1706	2073	1498	2163	1634	455	558	617	1268	525	680	1094	1374	1986	1307	1247	858
Timm8a1_-_134541882.23-P1P2	Timm8a1	1030	1219	1071	1209	1035	304	342	340	619	235	488	591	928	751	934	615	733
Tppp3_+_105471363.23-P1P2	Tppp3	2802	3321	2843	3725	3233	992	1407	998	1970	835	1454	1883	2448	2830	1732	1794	1536
Wnk1_-_120038599.23-P1P2	Wnk1	1488	2381	2047	2410	2065	688	790	700	978	559	596	1655	1937	1996	1111	924	975
Pon1_-_5193726.23-P1P2	Pon1	2009	2046	2075	2475	1957	474	1034	828	1234	728	1001	1164	1519	2271	1354	1282	1214
Hpdl_-_116821489.23-P1P2	Hpdl	2056	2279	2137	2804	2457	633	900	1253	1357	521	1034	1354	1700	2342	1570	1450	1203
Epg5_-_77938502.23-P1P2	Epg5	1204	1478	1200	1423	1337	539	615	577	787	341	551	688	1324	1269	1139	486	857
Apcs_+_172894894.23-P1P2	Apcs	3021	4222	3089	3335	4067	889	1490	1900	2174	943	2045	2299	3265	3671	2610	2198	1852
Tfrc_+_32609065.23-P1P2	Tfrc	818	1445	901	1342	1178	282	420	739	609	331	569	609	1016	1141	1075	753	692
Psmc4_+_28050011.23-P1P2	Psmc4	1610	2297	1835	2370	1075	178	316	361	331	227	175	398	848	724	577	325	361
Tuba8_-_121210827.23-P1P2	Tuba8	3026	3539	3570	4373	3054	1031	1292	1580	2039	1028	1694	2059	2867	3770	2355	2378	2461
Rpgr_-_10216628.23-P1P2	Rpgr	1865	2055	1592	2355	2350	623	804	770	1238	512	873	1218	1896	2174	1253	1226	1379
Fn1_-_71653120.23-P1P2	Fn1	2005	2809	2306	2743	2446	642	1087	1383	1361	736	1300	1428	1958	2717	1714	1399	1538
Slc17a7_-_45163975.23-P1P2	Slc17a7	1933	2344	1744	2471	2493	462	856	865	1434	640	912	1023	2048	2107	1546	1286	1254
Lmnb2_-_80918165.23-P1P2	Lmnb2	2067	3309	2232	3351	2310	735	1011	933	1646	814	1058	1910	2139	2663	1921	1516	1683
Dctn6_+_34108393.23-P1P2	Dctn6	1166	1092	886	1424	1617	289	449	478	969	312	597	767	1087	1294	777	720	557
Fgf1_+_38918656.23-P1P2	Fgf1	508	507	417	663	514	169	227	132	318	232	143	434	433	524	409	247	206
Cpn1_-_43986473.23-P1P2	Cpn1	1892	2520	1643	2907	2239	402	1027	852	1241	629	1105	1316	1951	1844	1465	1219	1065
Gdap1_-_17145434.23-P1P2	Gdap1	1973	2154	1520	2046	1861	511	897	738	1066	412	667	910	1792	1786	1383	996	968
Padi2_-_140906451.23-P1	Padi2_P1	1416	1977	2083	2405	2169	302	931	1136	1066	466	1174	1171	1686	1669	1259	1129	1067
Atp5c1_+_10080390.23-P1P2	Atp5c1	1352	2046	1133	2132	1585	444	565	823	840	530	856	1003	1113	1551	1173	857	1073
Nxnl1_-_71566626.23-P1P2	Nxnl1	1723	2261	1537	2179	1842	473	728	968	1071	767	727	1238	1565	1659	1513	1025	1163
Slc18a1_-_69077229.23-P2	Slc18a1_P2	1976	1996	2386	2551	2794	402	816	997	1426	637	817	1276	1774	2392	1875	1256	1248
Disc1_+_125054142.23-P1P2	Disc1	2089	2020	1953	2695	2447	594	975	1078	1375	582	1401	1541	2091	2465	1612	1184	1411
Pparg_+_115361283.23-P1P2	Pparg	1595	2579	2140	2218	2498	701	965	901	1238	592	788	1219	1975	2537	1954	1129	1290
Mtdh_+_34082722.23-P1P2	Mtdh	1408	1645	1228	1795	1795	338	810	588	837	377	570	997	1342	1280	849	946	808
Ndufa7_-_33824590.23-P1P2	Ndufa7	1721	2415	1236	2091	2008	637	648	626	1057	509	999	976	1594	2027	1299	979	1046
S100a10_+_93555390.23-P1P2	S100a10	1239	1582	894	1655	1593	446	667	518	921	474	662	828	1181	1333	872	746	925
Lyst_-_13590496.23-P1P2	Lyst	905	1187	1000	1349	1018	468	427	376	635	344	388	992	763	1170	700	612	692
Lingo1_-_56635270.23-P1P2	Lingo1	1643	2040	1414	2731	2433	621	949	1157	1291	571	1137	1086	2134	2102	1549	1269	1107
Ighmbp2_+_3282959.23-P1P2	Ighmbp2	1187	1415	1282	1250	1382	218	308	446	487	271	576	981	864	765	439	467	484
Dctn4_-_60526256.23-P1P2	Dctn4	3079	3359	3064	3455	3197	989	1290	1167	2069	1028	1450	1762	2726	2496	1691	1508	1327
Mpg_+_32226624.23-P1P2	Mpg	1439	2046	1353	1664	1953	456	626	698	1351	456	882	1001	1312	1779	1482	927	858
Pnpla6_-_3516918.23-P2	Pnpla6_P2	2202	2816	2605	3090	2642	695	855	1338	1456	784	1434	1526	2281	2414	2298	1546	1314
Trpv4_+_114658361.23-P1P2	Trpv4	2272	2662	1625	2445	2039	995	994	865	1508	782	1227	1673	2242	2221	1831	1369	1428
Creb1_+_64532868.23-P1P2	Creb1	2875	3533	2722	4175	3135	659	1417	1687	1626	847	1453	1755	2346	2974	1975	1888	1867
Pcyt2_+_120617843.23-P1P2	Pcyt2	1412	1712	1354	1428	2037	337	468	530	815	366	801	939	921	1310	758	743	674
Pvalb_-_78203988.23-P2	Pvalb_P2	1806	1861	1714	2699	1977	672	735	485	932	470	841	1255	1412	1943	1637	1101	1002
Gpx7_-_108406691.23-P1P2	Gpx7	1701	1821	1122	1498	1768	405	666	844	884	444	825	1065	1309	1311	1084	880	968
Lrp6_+_134566947.23-P1P2	Lrp6	2074	3239	3082	3007	2708	659	1042	1107	1835	609	1289	1835	2250	2889	1895	1649	1423
Vamp2_+_69088515.23-P1P2	Vamp2	2146	2200	1901	2636	2374	578	846	809	1535	489	1174	1532	2038	2303	1921	1524	1357
Tubb2a_+_34077961.23-P1P2	Tubb2a	1853	1979	1341	1893	2122	340	817	808	1209	378	1015	1055	1720	1545	1456	1018	1114
Pld3_-_27542736.23-P1	Pld3_P1	759	827	926	1090	985	234	314	322	489	228	496	453	719	594	611	550	366
Pak3_+_143518818.23-P2	Pak3_P2	2182	2533	1804	2565	1999	571	831	860	1194	615	1192	1655	1608	2533	1639	1351	1077
Junb_+_84978675.23-P1P2	Junb	946	1334	1335	2058	1393	391	637	650	1019	414	762	1031	1213	1843	1145	783	663
Uqcr11_+_80406786.23-P1P2	Uqcr11	1532	2600	2048	2336	2035	422	980	1114	1408	596	1159	1270	2185	2363	1758	1166	1327
Cln3_+_126583172.23-P1P2	Cln3	1393	2143	1862	2237	1581	551	740	985	1115	668	665	1111	1270	1655	1386	1095	1041
Rbm8a_-_96630396.23-P1P2	Rbm8a	1871	1666	1441	1851	1404	258	535	447	720	326	501	590	727	1099	849	686	464
Unc80_-_66468000.23-P1P2	Unc80	1508	1644	1231	2120	1348	357	670	1057	995	317	682	1119	1516	1713	1291	820	973
Tubb4b_+_25224686.23-P1P2	Tubb4b	1611	1954	973	2343	1924	605	677	988	1225	526	1116	906	1725	1517	1401	1049	1126
Slc18a1_+_69089145.23-P1	Slc18a1_P1	1675	2489	2289	2834	1836	277	484	379	752	272	645	650	921	1091	829	747	697
Exosc3_+_45320554.23-P1P2	Exosc3	1955	2891	1832	2313	2510	640	891	886	1695	687	1116	1460	1947	2160	1770	1169	997
Rhoa_+_108306459.23-P1P2	Rhoa	1289	1672	884	1909	1664	602	652	422	1021	402	595	1012	1174	1610	956	1011	897
Fus_-_127967597.23-P1P2	Fus	1919	2603	1967	2480	2375	574	1080	778	1624	571	1223	1522	2207	2125	1756	1540	1285
Cd55_-_130462702.23-P1P2	Cd55	2159	2126	1617	2125	2304	575	720	938	1211	474	709	1164	1683	2201	1655	1396	1262
Synj1_+_91010998.23-P1P2	Synj1	2235	3176	2735	3615	3214	1043	1454	1289	1780	640	1338	2126	2778	3028	2198	1687	1431
Csnk1a1_-_61555371.23-P1P2	Csnk1a1	1837	2391	1907	2509	2218	555	916	827	1370	624	991	1616	2173	2081	1430	1395	1234
Lmx1b_+_33640862.23-P1P2	Lmx1b	1681	1605	1609	2088	1555	459	945	794	1254	472	1037	1053	1598	1801	1337	1205	869
Epha8_+_136956560.23-P1P2	Epha8	1837	2318	2103	2248	1835	736	887	800	1216	585	861	1648	1711	1676	1436	1092	992
Pnpt1_+_29130786.23-P1P2	Pnpt1	1823	2342	1860	2195	2631	482	1019	849	1093	454	1174	990	1078	1407	815	688	682
Cox7a2l_-_83514335.23-P1P2	Cox7a2l	1383	1798	1463	1635	1433	369	648	764	968	336	749	1513	1184	1776	973	720	774
Ube2j2_-_155943906.23-P1P2	Ube2j2	647	889	705	918	900	205	315	283	386	194	410	624	601	663	622	484	463
Mapk10_+_103211250.23-P1P2	Mapk10	1683	1969	1214	2087	1569	439	678	715	808	592	768	1067	1347	1551	1186	1054	821
Tfpi2_+_3968355.23-P1P2	Tfpi2	2082	2644	2028	3088	2422	495	996	1058	1366	555	1191	1215	2762	1919	1210	1371	1098
Dkk4_+_22624081.23-P1P2	Dkk4	2414	2830	2278	3291	2724	913	1137	1479	1766	776	1128	1732	2566	3262	2253	1476	1609
Arsa_-_89476148.23-P1P2	Arsa	2232	2604	2045	2851	2565	531	848	767	1355	701	1115	1570	2094	2274	1676	1423	1303
Cacna1a_+_84415370.23-ENSMUST00000121390.1	Cacna1a	1601	2133	1276	1941	1930	431	680	644	846	452	665	947	1687	1976	1663	1129	1027
Uba5_+_104063009.23-P1P2	Uba5	1927	2943	1928	2575	2743	801	1067	989	1806	567	1199	1654	1558	1786	1398	1054	1115
Cyp2d9_-_82452856.23-P1P2	Cyp2d9	2084	2219	1723	2321	2114	556	1061	1003	1408	554	949	1121	1634	1942	1717	1239	1224
Prx_-_27499344.23-P1	Prx_P1	723	1093	1042	1268	1104	318	516	409	492	303	420	650	1368	1141	740	637	705
Mcu_-_59616581.23-P1P2	Mcu	1486	1921	1237	1611	1591	298	586	676	774	357	973	1027	1251	1312	966	639	1022
Fmr1_-_68678647.23-P1P2	Fmr1	738	828	664	951	907	176	401	384	585	237	649	522	802	894	679	393	542
Egr2_-_67537946.23-P1	Egr2_P1	1955	2709	1956	2429	3089	762	920	764	1435	399	1072	1552	1991	2261	1799	1378	1558
Kcnh8_+_52602947.23-P1P2	Kcnh8	2426	3078	2707	3261	3177	925	1072	930	1759	883	1363	1542	2639	3264	2131	1825	1625
Tuba1c_+_99029921.23-P1P2	Tuba1c	2457	3154	2249	3342	3215	841	1433	1404	1862	677	1555	1850	2589	2740	2477	1923	1653
Tlr4_+_66827840.23-P1P2	Tlr4	2227	2912	2261	3188	2791	678	1066	1001	1549	638	1519	1846	2457	2660	1718	1410	1773
Slc6a3_-_73536819.23-P1P2	Slc6a3	1619	2128	1653	2006	2028	513	745	720	1487	532	1226	1061	1780	1912	1526	1204	1022
Stx1a_+_135023593.23-P1	Stx1a_P1	1424	2225	1341	2156	1636	518	777	579	1235	549	1300	962	1482	2344	1086	939	1040
Csnk1a1_+_61555355.23-P1P2	Csnk1a1	1751	1850	1314	2094	2210	575	703	722	1251	557	954	877	1467	1516	1474	1158	1052
Ccdc88c_-_101028860.23-P1P2	Ccdc88c	878	1276	952	1260	1604	288	651	355	1196	415	804	882	1163	1097	923	674	794
Trpm7_+_126876176.23-P1P2	Trpm7	2466	3546	2852	3535	3360	799	1399	853	1880	831	1510	2265	2711	3258	2310	1780	1573
Ppt2_+_34627382.23-P1P2	Ppt2	1025	1393	1027	1326	862	336	468	675	855	405	540	856	1555	1256	896	656	608
Alg14_+_121291808.23-P1P2	Alg14	907	1186	880	1659	951	303	446	418	737	283	514	545	930	824	928	473	559
Sirt4_-_115484316.23-P1P2	Sirt4	2627	2928	2224	3111	2879	773	1172	1053	1610	680	1558	1590	1962	2721	1917	1194	1458
Opa1_-_29579412.23-P1P2	Opa1	2811	2361	2095	2494	2137	555	690	697	1019	528	777	1500	1603	1415	1169	928	894
Clu_-_65968670.23-P1	Clu_P1	1720	2167	2239	2578	1924	928	727	1142	1468	492	1208	1119	1692	2158	1206	1295	1125
Grin2d_+_45870909.23-P2	Grin2d_P2	1647	2580	1544	2379	2284	506	812	968	1150	645	983	1105	1395	2029	1498	1156	1152
non-targeting_00746	non-targeting	1633	1899	1785	2208	1519	516	888	625	1151	609	765	1271	1958	2135	1409	1160	1180
Stxbp1_-_32847150.23-P1P2	Stxbp1	1907	1668	1422	2180	1493	637	851	981	1119	649	1042	1197	1543	1753	1529	1005	1074
Dpp6_+_27261987.23-P1	Dpp6_P1	1702	2015	1588	1955	1595	405	712	872	997	468	891	846	1552	1665	1126	875	783
Ephb2_-_136835790.23-P1P2	Ephb2	1603	1774	1472	2638	2042	648	989	751	1295	387	923	1082	1477	1967	1198	1269	949
Ndufv2_+_66101483.23-P1P2	Ndufv2	2040	2198	1732	2110	2139	578	989	918	951	567	805	1401	1755	1821	2088	1091	1077
Mrpl3_-_105053340.23-P1P2	Mrpl3	2496	3383	2503	3448	3188	991	1376	1117	2017	878	1543	1758	2382	2845	1986	1705	1328
Fn1_+_71653145.23-P1P2	Fn1	2488	2983	2211	3120	3144	691	1120	1237	1567	708	986	1810	2628	2927	1801	1504	1699
S100a1_-_90514271.23-P1P2	S100a1	1773	1870	2032	2054	2271	537	852	618	1185	500	913	980	1562	2458	1515	1166	1178
Hcrt_+_100762704.23-P1P2	Hcrt	1390	2201	1752	2329	1749	545	838	1281	941	507	1026	1113	1737	1993	1506	1235	1247
Csnk1e_+_79441805.23-P1P2	Csnk1e	1590	2026	2299	2347	2178	633	871	1263	1626	496	876	999	1658	2249	1618	967	1131
Aicda_-_122553909.23-P1P2	Aicda	1386	1511	1297	1746	2095	643	587	759	1119	408	1075	975	1558	1628	1198	1102	805
Hmbs_+_44342230.23-P1	Hmbs_P1	2857	3007	2766	3746	3115	911	1511	1154	2183	962	1335	1951	3161	2790	2816	1826	1881
Ngf_-_102469960.23-P1P2	Ngf	1572	1725	1438	1794	2192	487	617	753	1099	539	845	852	1685	2156	1454	724	1047
Wnt3a_-_59290754.23-P1P2	Wnt3a	1415	2120	1792	2215	2213	695	867	799	1426	516	1014	1202	1896	2180	1408	1284	1115
Cfl1_-_5491009.23-P1P2	Cfl1	1650	1684	1484	2225	2255	534	814	669	1188	388	1157	1058	1653	1995	1353	1040	1071
Mapk1_-_16983454.23-P1P2	Mapk1	1122	1439	1201	1758	1305	377	581	539	826	333	706	796	1364	1174	789	784	785
Ppid_+_79591447.23-P1P2	Ppid	1152	1522	1642	1538	1670	406	633	474	924	424	426	780	1109	1527	884	820	849
Lrpprc_-_84790505.23-P1P2	Lrpprc	2127	2231	1978	2386	1925	549	856	879	1352	538	1066	1239	1289	1764	1057	1077	1047
Dlg4_+_70024007.23-P2	Dlg4_P2	2135	2390	1856	2619	2583	613	837	841	1279	683	1253	1423	1843	2358	1863	1219	1173
Pde10a_-_8801797.23-P1P2	Pde10a	1755	2002	1184	1881	2023	397	580	644	1001	441	914	801	1617	1745	1322	891	973
Kctd7_+_130144943.23-P1P2	Kctd7	1653	1517	1865	1955	1912	470	758	845	1017	453	772	816	1897	2127	1293	1004	1060
Fars2_-_36117910.23-P1P2	Fars2	1996	2973	2145	3244	2570	768	1355	1221	1940	695	1360	1249	2165	2051	1426	1187	1245
Slc7a6os_+_106210902.23-P1P2	Slc7a6os	1334	1728	1259	1622	1771	423	691	748	1185	344	593	1028	1197	1402	771	593	861
Blmh_+_76945735.23-P1P2	Blmh	1297	1774	2029	2266	2235	584	686	873	879	437	742	1505	1632	2020	1376	1099	1168
Tango2_+_18343869.23-P1P2	Tango2	2210	2476	1987	2850	2988	691	1156	1139	1804	618	1355	1477	2431	1827	1829	1615	1269
Pnpla6_-_3516889.23-P2	Pnpla6_P2	1448	2285	1579	2031	1921	530	879	869	1111	524	1203	1195	1381	2018	1200	1203	1225
Ryr2_-_12106801.23-P1P2	Ryr2	1526	1985	1530	1850	2112	520	703	880	960	556	822	1393	1655	1710	1341	1019	994
Tfg_+_56717282.23-P1P2	Tfg	2263	2108	2112	2519	2175	744	736	790	1362	581	931	1213	1684	1698	1273	1207	853
Mtmr2_-_13749479.23-P1P2	Mtmr2	1340	1585	1554	1604	1678	408	671	635	916	507	550	763	1328	1266	906	1022	887
Abhd16a_-_35089273.23-P1P2	Abhd16a	2155	2562	2043	2692	2864	636	1006	1188	2097	695	1231	1699	2091	2396	1655	1336	1450
Elovl5_+_77917494.23-P1P2	Elovl5	1981	2539	2138	2423	2166	789	1132	835	1552	553	1136	1327	1821	2171	1657	1411	1164
Gsto1_+_47855053.23-P1P2	Gsto1	1500	1807	2197	2055	2126	612	853	552	1165	696	1076	1293	1853	1628	1644	1183	1038
Slc9a1_-_133369797.23-P1P2	Slc9a1	2570	2544	2172	2521	2334	742	1107	1089	1840	605	1163	1593	2117	2346	1967	1368	1084
Map3k10_+_27674566.23-P1P2	Map3k10	1537	1791	1177	1676	1729	384	795	711	1162	429	743	1029	950	1860	1378	891	1049
non-targeting_02921	non-targeting	2014	1710	1569	2294	1767	572	756	805	1295	507	1010	1171	1378	1794	1443	965	1104
Nfe2l2_-_75704506.23-P1P2	Nfe2l2	1761	2035	1779	2182	1680	406	890	825	976	427	1006	1152	1789	2056	1332	1086	1053
Slc5a7_-_54298655.23-P1P2	Slc5a7	1693	1555	1084	1872	1439	343	754	722	763	316	477	698	1181	1561	1064	928	1038
Traf2_+_25546860.23-P1P2	Traf2	2457	3118	2052	3082	3190	693	1242	1165	1884	729	1273	2194	2284	2875	1910	1476	1532
Hspa8_-_40802623.23-P2	Hspa8_P2	2307	2268	2145	3009	2677	725	966	1346	1624	757	1170	1558	2396	2443	1530	1596	1272
Agrn_+_156197469.23-P1	Agrn_P1	1958	2442	1684	2304	2651	623	1005	1197	1465	586	1246	1494	2060	1716	1388	1116	1105
Mapk8_+_33447138.23-P1P2	Mapk8	2389	1979	1852	3331	2593	625	958	792	1520	679	1233	1698	2292	2111	2282	1317	1493
Tiparp_-_65528472.23-P1P2	Tiparp	1878	1817	976	2269	1789	650	776	936	1176	481	740	910	1672	1971	1243	1138	858
Wdr41_+_94976459.23-P1P2	Wdr41	800	1338	1087	1123	1160	443	417	480	972	325	559	638	1105	1103	1051	938	713
Dnah11_+_118198838.23-P1P2	Dnah11	1571	1633	1502	2097	2120	579	834	736	1133	361	855	1112	1690	1805	1313	1148	1047
Pqbp1_-_7899222.23-P1P2	Pqbp1	2269	3173	2207	3180	2129	624	959	893	1224	666	1219	1815	1653	2460	1486	1249	1251
Apex1_-_50924982.23-P1P2	Apex1	1698	2102	1248	1702	1533	550	809	701	994	527	934	1197	1349	1376	1219	973	899
Eif2b1_+_124579018.23-P1P2	Eif2b1	682	1066	1104	1132	788	139	318	292	644	161	504	666	536	567	533	383	444
Blzf1_+_164307249.23-P1P2	Blzf1	1111	1121	1220	1501	1472	429	493	463	1030	324	818	636	1324	1529	996	758	951
Trp53_-_69580449.23-P1P2	Trp53	1034	806	920	1283	1322	230	361	300	432	356	576	786	1092	917	755	544	595
Kctd7_+_130144960.23-P1P2	Kctd7	898	982	579	1052	1063	370	312	284	645	294	340	506	536	810	685	481	552
Sirt1_+_63338996.23-P1P2	Sirt1	1669	1625	1525	2159	1992	588	553	752	1051	408	893	1130	1577	1671	1008	1024	920
Ywhaq_+_21417532.23-P1P2	Ywhaq	1504	2263	1746	2366	1872	476	831	875	1108	669	885	1416	1805	2015	1344	1156	1363
Crebbp_-_4213671.23-P1P2	Crebbp	2413	2621	2666	2805	2920	640	1193	1043	1660	760	1339	1588	2441	2396	1795	1364	1198
Dnajb1_-_83608325.23-P1P2	Dnajb1	2757	3129	2071	2886	2121	893	1244	1282	1760	753	1415	1571	2589	3276	1841	1233	1517
non-targeting_03300	non-targeting	868	985	781	1054	1040	295	267	480	410	252	410	588	864	938	859	580	582
Apod_-_31314606.23-P1P2	Apod	1585	1827	1428	2073	2003	525	757	953	1150	403	938	817	1578	1874	1313	1155	1036
Map2_-_66322065.23-P2	Map2_P2	2727	3404	2503	2829	2750	848	1241	1474	1537	587	1625	1709	2510	2701	1884	1849	1844
Nefh_-_4947935.23-P1P2	Nefh	899	1361	849	1240	1261	309	489	407	537	310	561	927	850	1365	933	665	733
Spg7_+_123065580.23-P1P2	Spg7	2237	2729	1779	2633	2500	679	1069	838	1683	759	1440	1686	2498	2762	1783	1448	1508
Psap_+_60277740.23-P1P2	Psap	1219	1312	868	1617	1153	338	624	461	918	403	634	654	1380	973	1090	595	684
Gstm2_-_107986423.23-P1P2	Gstm2	1162	2089	1693	2102	1725	598	716	953	1526	508	1283	1561	2005	2089	1654	1337	1042
Fzd1_+_4757967.23-P1P2	Fzd1	1065	1142	947	1754	1402	356	547	557	792	320	708	855	994	1287	1098	758	1087
Dio2_+_90738623.23-P1P2	Dio2	1927	2671	1543	2047	2200	615	1075	958	1592	567	926	1491	2038	2147	1727	1246	1494
F2rl3_+_72761876.23-P1P2	F2rl3	1220	1314	1228	1597	1252	247	563	611	733	364	584	945	1097	1326	867	734	595
Tia1_+_86404711.23-P1P2	Tia1	1908	2448	2008	3144	2308	682	895	1104	1593	625	1159	1419	2240	2349	1479	1205	1027
Nqo1_+_107403163.23-P1P2	Nqo1	2080	2546	1590	2444	2056	415	825	994	1098	530	1421	1082	1512	2212	1774	974	1197
Hsd17b6_+_128007578.23-P1P2	Hsd17b6	1660	1698	1466	1947	1616	448	705	709	1137	389	1009	1062	1118	1331	1097	796	1066
Bak1_-_27028524.23-P1P2	Bak1	1386	2035	985	1656	1727	286	725	433	919	401	824	716	1185	1320	1333	887	928
Map2k2_+_81105962.23-P1P2	Map2k2	1495	1941	1162	2113	2051	502	692	920	975	468	770	1260	1161	1523	1133	997	1021
Tank_-_61593237.23-P1	Tank_P1	2116	2448	1938	2581	2167	561	1014	824	1401	674	1082	1133	1766	2404	1772	1438	1273
Map2k1_+_64253349.23-P1P2	Map2k1	2248	3497	3037	3845	2991	812	1268	1078	2252	960	1443	2010	2808	2924	2159	1777	1697
Agpat3_+_78352351.23-P1P2	Agpat3	3081	3506	2604	3252	2572	747	1371	1312	1945	792	1138	1561	2799	3276	2012	1605	1556
Sdhb_-_140961459.23-P1P2	Sdhb	2357	2698	2646	3356	3053	717	1186	1224	1480	869	1320	1733	1711	1871	1150	1624	1437
Ndufa7_+_33824857.23-P1P2	Ndufa7	1641	2397	1934	2308	2422	469	1168	783	1737	685	1276	1267	2182	2767	1573	1193	1349
Eif4g2_+_111082974.23-P1	Eif4g2_P1	1827	1848	1558	1647	1462	600	694	824	1327	495	1184	1518	1785	1731	1043	1305	930
Ndufs2_-_171237334.23-P2	Ndufs2_P2	1212	1860	1296	1680	1464	554	476	579	966	428	830	1019	1156	1736	1211	699	811
Ywhae_+_75732989.23-P1P2	Ywhae	925	1421	1263	1760	1268	505	564	377	1278	349	562	737	1094	1293	955	820	773
Eif2b4_+_31193045.23-P1P2	Eif2b4	2501	2603	2562	3044	2097	518	591	527	1137	387	747	770	1391	1290	1214	1068	978
Serpina3k_-_104338677.23-P1P2	Serpina3k	2560	2475	2789	2818	3022	743	1180	1163	1715	861	1278	2043	2575	2699	2138	1556	1715
Ulk1_-_110810032.23-P1P2	Ulk1	2456	2218	2116	2997	2549	703	1176	1073	1688	728	1223	1378	2600	2739	1705	1535	1657
Abhd12_+_150904578.23-P1P2	Abhd12	1827	1988	1671	2086	2005	483	830	1004	1110	649	937	1118	1876	2021	1300	838	1149
Prickle2_+_92480985.23-P2	Prickle2_P2	702	961	767	1311	1236	223	366	327	745	328	464	544	746	1128	721	674	541
Gle1_-_29935453.23-P1P2	Gle1	2424	2937	2135	3594	2504	672	1265	1197	1846	700	1311	1710	2335	2126	1592	1535	1309
Rbms3_+_117252460.23-P1P2	Rbms3	353	757	297	641	348	150	204	152	315	159	178	366	498	397	390	273	387
Casp1_-_5298911.23-P1P2	Casp1	1626	2044	1553	1843	1510	198	647	794	828	292	608	981	1409	1768	1208	841	908
Ndufa11_-_56717842.23-P1P2	Ndufa11	1232	2004	1644	2070	1936	594	692	863	1095	502	861	1145	1611	1719	1016	1001	970
Prdx3_+_60874503.23-P1P2	Prdx3	2840	3477	2577	3506	3288	992	1327	1140	1652	700	1815	2120	2326	3138	2099	2168	1475
Ambra1_-_91730389.23-P1P2	Ambra1	2239	3432	1926	3283	3065	843	1157	935	1972	822	1608	1877	2629	2934	2386	1604	1437
Ngb_-_87102314.23-P1P2	Ngb	1984	2139	1880	2471	2175	478	924	828	1012	459	929	1287	1729	1928	1436	1202	1064
Unc5c_+_141465643.23-P1P2	Unc5c	1654	1767	1514	2017	1657	403	835	924	1215	465	818	1313	1347	1807	1502	991	989
Dyrk1a_+_94569681.23-P1P2	Dyrk1a	1304	1401	1156	1534	1177	382	530	521	862	340	780	834	1268	1470	995	756	973
Cd200r1_-_44765839.23-P1P2	Cd200r1	1463	1822	1516	1875	2151	652	525	729	1179	415	1048	974	1028	1525	883	1080	900
Ace_+_105968026.23-P1P2	Ace	1460	1965	1774	2205	2194	616	797	979	1100	607	786	1191	1855	1864	1160	1091	1142
Gapdh_-_125165238.23-P1P2	Gapdh	1392	1596	1402	2260	1707	343	696	820	862	322	742	1158	1571	1653	1041	889	928
Casp6_-_129901476.23-P1P2	Casp6	1776	2742	1488	2237	2080	415	793	920	1522	325	864	1378	1598	1928	1268	1160	1184
Brca1_+_101551839.23-P1P2	Brca1	1526	1777	1339	2180	1793	403	754	699	1208	404	759	1128	1640	1758	1197	922	1178
Wars2_-_99141149.23-P1P2	Wars2	4030	4846	3950	4706	3984	963	1695	1855	2433	1047	2141	2523	3223	3853	3431	2426	2473
Bcl2l1_+_152830422.23-P1	Bcl2l1_P1	1929	2522	1409	2104	1896	591	746	732	909	618	1115	994	1534	1815	1460	1222	1094
Dntt_-_41029409.23-P1P2	Dntt	1449	1624	1163	2063	1606	347	546	553	1108	376	547	859	1230	1520	1129	867	983
Fggy_+_95557599.23-P1	Fggy_P1	1559	1949	1255	2154	1524	506	758	576	1081	479	1110	1215	1310	1415	1260	955	1081
Mrpl3_+_105053321.23-P1P2	Mrpl3	1539	1689	1404	2097	1990	488	491	750	871	418	896	1050	1442	1584	995	782	1082
Ppp3cc_-_70289434.23-P1P2	Ppp3cc	1723	2166	1038	2452	2191	600	948	823	1025	520	982	888	1602	1912	1381	1150	1108
Clu_-_65969805.23-P2	Clu_P2	2103	2043	1991	2200	2355	802	1006	1088	1119	368	1007	1427	1954	1969	1709	1323	935
Polr3k_-_181864500.23-P1P2	Polr3k	2844	3241	2822	3945	2834	547	921	923	1371	581	1382	1651	2146	2532	1699	1405	1217
Gusb_-_130002617.23-P1P2	Gusb	1857	2083	1752	2303	2594	503	894	869	1157	631	1118	1582	1585	2146	1663	1149	1145
Pmpcb_+_21737169.23-P1P2	Pmpcb	1591	1723	1883	2101	1499	317	338	548	679	331	606	549	677	939	602	591	600
Tubb3_-_123411667.23-P1P2	Tubb3	1810	1801	1969	2461	1878	606	812	662	1101	516	877	1332	1780	1954	1207	1118	1089
Il1b_-_129371132.23-P1P2	Il1b	2788	3522	3149	4133	3743	1099	1643	1657	2577	1015	1851	2770	2952	3707	2478	2015	2284
Ak4_+_101419719.23-P1P2	Ak4	701	1051	640	946	777	275	509	300	534	225	489	526	756	1132	852	491	533
Map3k11_+_5688972.23-P2	Map3k11_P2	2022	1931	1346	2221	2163	704	720	959	1096	483	1287	1173	1671	1882	1681	1098	1148
Dcx_+_143933004.23-P1P2	Dcx	2645	2888	2109	3515	2772	603	1210	1212	1939	629	1083	1462	2374	2488	1946	1575	1594
Ccnf_+_24251339.23-P1P2	Ccnf	1849	2642	1969	2863	2779	607	1095	949	1485	752	1275	1713	2159	2471	2214	1492	1259
Clcc1_+_108653955.23-P1P2	Clcc1	1921	2170	1765	1918	1848	548	761	734	917	366	842	993	1538	1286	1123	866	923
Mpz_+_171155541.23-P1P2	Mpz	1706	2218	1207	2129	1912	579	633	922	1320	544	985	1343	1645	2069	1248	1118	1039
Fxn_+_24280558.23-P1P2	Fxn	2762	2642	2425	3409	2875	703	1250	1438	1399	597	1384	1424	2346	2849	1985	1276	1293
Agrn_-_156197444.23-P1	Agrn_P1	1700	1864	1312	2459	2298	605	828	832	1140	658	792	959	1501	1948	1547	1111	920
Nedd4_-_72662542.23-P1P2	Nedd4	1832	2676	2567	2257	2967	751	961	926	1626	738	815	1160	2179	2028	1675	1154	948
Dkk2_-_132085347.23-P1P2	Dkk2	1590	1563	1531	1846	1575	637	626	600	1172	378	848	881	1322	1808	945	934	863
Wnt10b_+_98778491.23-P1P2	Wnt10b	1282	1677	1378	1541	1454	492	636	524	868	534	964	1035	1579	1456	1191	916	803
Uba7_-_107983003.23-P2	Uba7_P2	1514	1971	1586	2269	2125	584	743	590	958	461	1166	1152	2122	1987	1403	1113	1043
Nek1_-_60993260.23-P1P2	Nek1	1849	2358	1724	2438	1769	800	883	822	1417	578	1142	1369	1583	2127	1354	1405	1144
Gm11127_-_36058464.23-P1P2	Gm11127	2375	2900	2094	2900	2693	649	1112	1225	1648	958	1076	1879	2140	2490	1798	1440	1565
Cyp27a1_-_74713584.23-P1P2	Cyp27a1	1205	2152	1258	1569	1850	510	694	651	751	448	792	613	1490	1759	986	1109	786
Glp1r_+_30901887.23-P1P2	Glp1r	1460	1743	1688	1650	1794	609	679	833	1020	445	811	1009	1371	1536	955	1021	853
Bace1_-_45838643.23-P1P2	Bace1	2256	2572	1812	2759	2807	631	923	1050	1763	636	1344	1925	2013	2197	1751	1197	958
Sugp1_+_70043221.23-P1P2	Sugp1	1277	1722	1043	1753	1531	396	494	609	1180	361	853	749	1340	1518	1076	705	681
Nhlrc2_-_56548482.23-P1P2	Nhlrc2	2034	3062	2492	3152	2455	408	1241	692	1451	680	993	1315	2124	2636	1938	1423	1382
Egfr_-_16752303.23-P1P2	Egfr	2112	2535	2597	2495	2487	791	963	1241	1539	554	1221	1232	2141	2148	1906	1540	1178
Sorl1_-_42124071.23-P1P2	Sorl1	1600	2188	1455	1954	2015	538	833	907	1428	431	955	1021	1733	1820	1296	1120	1128
Mmp3_-_7445876.23-P1P2	Mmp3	1302	1325	1294	1879	1150	404	608	637	1053	344	551	667	1418	1182	1073	765	819
Fis1_+_136962104.23-P1	Fis1_P1	876	984	861	785	781	245	355	287	730	125	248	566	914	759	474	626	411
Klc1_-_111758947.23-P1P2	Klc1	2311	2537	1883	2998	2410	584	808	1353	1198	713	1362	1501	1784	2350	1659	1542	1281
Taf2_+_55072147.23-P1P2	Taf2	790	884	747	875	1074	245	278	476	412	288	488	601	704	892	522	374	482
Bad_+_6941924.23-P1P2	Bad	1695	2278	1443	1994	2041	665	695	818	1090	483	921	1868	1557	1928	1392	1057	936
Chl1_+_103511361.23-P1P2	Chl1	2284	3187	2665	3211	2928	727	1152	1066	1523	780	1454	1896	2058	2481	1943	1883	1454
Kcnh4_+_100759485.23-P1P2	Kcnh4	2236	2644	2264	2564	2224	778	1159	1005	1610	786	1226	1381	2197	2422	1861	1403	1280
Igf1_-_87859591.23-P1	Igf1_P1	713	1033	600	1186	897	291	404	487	622	102	347	703	682	758	517	542	472
Atp1a3_-_25005803.23-P1P2	Atp1a3	1696	2542	1536	2299	2248	497	670	733	1077	528	710	921	1112	1511	1305	1108	1053
Bicd2_-_49341980.23-P1P2	Bicd2	1795	2658	2103	2925	2934	787	1294	1077	1529	668	1321	1550	2063	2646	1864	1399	1476
Cox8b_+_140900383.23-P1P2	Cox8b	1426	2028	1601	1858	1966	492	768	809	1253	402	744	973	1006	1696	1216	1022	938
Colec11_-_28623298.23-P1P2	Colec11	2198	2354	1834	2656	2314	899	925	835	1359	352	991	1919	2024	2208	1551	1042	1510
Ncl_+_86359314.23-P1P2	Ncl	2142	3055	2094	3404	2825	722	1049	1228	1799	666	1404	1699	1961	2351	2043	1671	1455
Cacna1c_-_118757964.23-ENSMUST00000112825.2	Cacna1c	3095	4422	3595	4145	3624	1087	1564	1497	2142	896	1818	2453	3041	3498	2904	2050	2083
Jag1_+_137116424.23-P1P2	Jag1	705	1342	1271	1222	834	214	501	542	618	302	654	702	952	973	841	905	676
Map2k1_-_64253379.23-P1P2	Map2k1	2022	2159	1759	1981	2402	522	830	933	988	540	1009	1230	1730	1848	1139	984	1013
Stx1a_+_135041368.23-P2	Stx1a_P2	740	1321	863	1295	1122	296	413	248	754	350	457	793	964	1156	579	486	542
Farsb_-_78488801.23-P1P2	Farsb	1369	1903	1179	1780	1520	504	658	846	1254	406	1169	1155	1367	1432	1043	999	957
A2m_-_121636240.23-P1P2	A2m	989	1354	1471	1690	1127	404	533	758	698	261	559	675	773	1475	908	873	651
Padi4_+_140750496.23-P2	Padi4_P2	2172	2408	2571	2212	2477	659	774	882	1497	680	1288	1239	1534	1837	1482	1306	1073
Hdac9_-_34528847.23-P1P2	Hdac9	1792	1986	1748	2113	1793	664	977	737	1349	352	751	1231	1903	2125	1381	975	1042
Pon2_+_5298316.23-P1P2	Pon2	1657	2858	2097	2814	2386	434	1088	1159	1141	687	1169	1481	1931	2159	1724	1266	993
Psmd9_+_123228340.23-P1P2	Psmd9	2433	2586	2449	3015	2666	780	922	1306	1278	655	1346	1492	2413	2400	1791	1199	1071
Tmem119_+_113800342.23-P1P2	Tmem119	2354	3104	3134	3778	3856	719	1207	1482	1947	1155	1374	2153	2334	2715	2407	1665	1475
Atxn2_+_121711911.23-P1P2	Atxn2	607	573	495	1087	557	202	261	273	385	184	439	528	653	709	514	458	439
Ryr3_+_113217027.23-P1P2	Ryr3	2136	2572	1897	2692	2436	584	830	695	1452	435	1084	1384	1893	2078	1385	1203	1258
Epm2a_+_11343465.23-P1P2	Epm2a	2082	2824	1947	2521	2261	714	776	848	1763	628	1418	1760	1690	2235	1581	1754	1522
Calb1_-_15881289.23-P1P2	Calb1	887	1052	903	1451	1427	314	436	517	536	201	411	897	1037	977	1157	794	771
Tfam_+_71237998.23-P1P2	Tfam	1267	1648	1702	1996	1707	546	731	678	797	379	822	1124	1213	1644	1266	751	1041
Adora2a_-_75317124.23-P1P2	Adora2a	2144	2525	2008	2720	2886	635	1066	1137	1286	617	1043	1831	2512	2510	1894	1538	1553
Gpnmb_-_49036665.23-P1P2	Gpnmb	1642	2486	2628	3284	2090	828	1199	1266	1687	744	1539	1388	2390	3034	1981	1625	1531
Ndufa2_+_36744513.23-P1P2	Ndufa2	1201	1416	946	1470	1429	207	477	470	646	310	577	690	880	1072	783	623	808
Fzd10_+_128600844.23-P1P2	Fzd10	1664	2082	1281	1719	1941	443	796	679	924	501	770	1007	1528	1650	1431	968	1009
Gap43_-_42340176.23-P1P2	Gap43	482	638	369	581	488	225	302	176	194	177	213	279	282	523	365	244	417
Atp5a1_-_77774049.23-P1P2	Atp5a1	1363	2034	978	1981	2035	507	714	755	936	450	815	906	1065	1355	1029	865	968
P4hb_-_120572838.23-P1P2	P4hb	2238	2689	1801	2847	2484	731	1223	1276	1578	875	1100	1260	2253	2497	1600	1465	1428
Hspa1b_-_34958860.23-P1P2	Hspa1b	2157	2241	1599	2510	2742	513	1042	882	1442	592	957	1198	1856	2185	1523	1213	1227
Naglu_+_101070165.23-P1P2	Naglu	1826	2739	2198	3071	2529	879	1142	1098	1644	758	1130	1590	2254	2351	1773	1406	1357
Gsk3a_+_25237735.23-P1P2	Gsk3a	1489	1674	1291	2030	1667	476	665	627	1034	302	796	964	1520	1607	1044	812	836
Serpina3j_-_104314953.23-ENSMUST00000109957.2	Serpina3j	2060	2850	2353	3116	2427	771	1022	1049	1489	605	1267	1756	2211	2940	1842	1430	1458
Mak16_-_31168686.23-P1P2	Mak16	1811	2039	1651	1925	1993	615	940	572	1330	465	994	1323	1589	1767	1136	985	745
Ogdh_-_6291675.23-P1P2	Ogdh	2029	2903	2264	3141	3102	652	1089	1140	1673	376	1277	1388	2076	2300	1713	1291	1415
Iba57_-_59163724.23-P1P2	Iba57	1236	2118	1394	2119	2050	431	834	661	1430	510	796	1147	1555	1769	1299	1047	831
Tmem106b_-_13069864.23-P1P2	Tmem106b	2236	2858	2186	2567	2357	776	997	831	1686	624	1613	1093	2295	2571	1919	1488	1568
Fis1_+_136953272.23-P2	Fis1_P2	910	1320	664	1246	1450	275	345	402	654	378	496	765	916	1017	642	831	789
Tsen34_+_3693791.23-P1P2	Tsen34	1464	2378	1639	1763	1548	507	657	874	1064	450	614	1276	1420	1623	1138	1122	873
Zfp106_+_120563817.23-P1P2	Zfp106	1231	1142	1332	1255	1924	348	485	535	501	379	667	606	1295	1408	959	784	723
Glul_+_153899991.23-P1P2	Glul	2262	2612	2242	2757	2929	750	1063	1021	1952	799	998	2072	2340	2750	1920	1674	1379
Ang2_+_51195470.23-ENSMUST00000051274.1	Ang2	2040	2501	2332	2908	2286	715	1115	1268	1308	643	1318	1497	1929	1956	1828	1100	1245
Slc5a6_+_31048241.23-P1P2	Slc5a6	1778	2198	1933	2364	1993	669	957	715	1530	517	890	1473	2058	2209	1689	1226	1032
Pmpca_-_26389382.23-P1P2	Pmpca	2358	3003	1952	3420	2227	684	842	443	1147	650	936	1047	1348	1719	1023	1000	1126
Cat_-_103485085.23-P1P2	Cat	1446	2015	1927	2485	1953	445	801	615	1104	606	698	1196	1607	1837	1305	1262	1055
Gsn_+_35282437.23-P2	Gsn_P2	1123	1133	801	1118	1270	425	544	290	624	233	590	700	1241	1104	851	705	529
Fzd2_-_102604449.23-P1P2	Fzd2	1656	2226	1312	1933	2180	392	883	798	1107	501	980	1201	1836	1883	1618	1226	1125
Cfl2_-_54862852.23-P1P2	Cfl2	1199	2023	1815	2539	2274	577	863	758	1179	550	1017	1068	1608	1869	1426	1098	998
Uqcrb_-_66905149.23-P1P2	Uqcrb	3230	3485	2703	4174	3260	994	1391	1087	1904	875	1813	1867	2992	2977	2480	1659	1470
Toe1_-_116807475.23-P1P2	Toe1	2091	2223	1734	2373	1915	577	965	784	1244	507	1297	1193	1901	1783	1429	1009	1054
Tead1_+_112679442.23-P1P2	Tead1	1418	1085	1145	1657	1463	427	544	473	887	421	733	688	1114	1255	950	983	631
Pde8b_-_95250290.23-P1	Pde8b_P1	1893	2720	2262	3452	3178	604	1290	654	1766	757	1498	1347	1780	2057	2159	1285	1719
Ndufs5_+_123718111.23-P1P2	Ndufs5	1092	1500	1183	1555	1280	321	453	406	827	270	485	663	1441	919	708	858	618
Ppp2r2b_+_43059144.23-ENSMUST00000025377.7	Ppp2r2b	807	974	786	1169	1187	304	550	498	617	314	374	823	1170	1135	661	601	697
Ren1_+_133350690.23-P1P2	Ren1	1886	2878	1806	2493	2190	656	795	819	1674	588	1089	1561	2028	1968	1835	1272	1461
Myd88_-_119339964.23-P1P2	Myd88	1534	1919	1184	2064	2088	464	675	908	1016	463	548	830	1502	1360	1102	1056	819
Pak3_+_143664454.23-P1	Pak3_P1	1377	1379	1070	1602	1569	577	709	266	925	418	725	854	1377	1372	824	884	731
Coch_-_51593419.23-P1P2	Coch	1338	1833	974	1380	1535	357	553	436	704	369	672	633	1390	1412	807	726	738
Vrk1_-_106010306.23-P1P2	Vrk1	2015	2192	2082	2585	2065	516	916	988	1290	475	917	1139	1645	2287	1659	1297	1116
Ptbp2_+_119783216.23-P1P2	Ptbp2	1277	1789	1446	1678	1730	450	719	642	718	347	908	988	1054	1361	989	857	680
Sox3_+_60893401.23-P1P2	Sox3	1171	1230	1194	1268	1264	286	500	601	610	364	486	802	992	1278	736	690	820
Alb_-_90460943.23-P1P2	Alb	922	1100	986	1190	862	168	293	608	667	337	329	472	922	953	784	607	852
Fzd1_+_4757992.23-P1P2	Fzd1	1344	1927	1751	2375	1789	468	761	750	1204	476	890	1156	1685	1722	1378	1165	1176
Gpnmb_+_49036691.23-P1P2	Gpnmb	1811	2325	1748	2033	1968	506	861	871	923	393	765	845	1442	1770	979	1119	1022
Il18_-_50555057.23-P1P2	Il18	1511	1944	2215	2309	1888	565	934	842	1152	605	826	1187	1766	2037	1089	1034	944
Cd200r2_+_44867282.23-P1P2	Cd200r2	1154	1550	1215	1453	1328	462	399	361	873	287	539	734	1221	1280	1238	771	967
Hspa1a_+_34971599.23-P1P2	Hspa1a	1773	2626	2274	2528	2644	622	1012	967	1326	801	1320	1461	2300	2266	1794	1359	1608
Mrc1_+_14229476.23-P1P2	Mrc1	631	1290	639	1170	685	146	306	274	612	158	437	607	998	661	562	675	564
Egf_-_129755299.23-P1P2	Egf	2042	2956	2329	2757	2612	554	930	985	1855	659	1638	1178	1802	2387	1883	1707	1247
Hsd17b10_+_152001956.23-P1P2	Hsd17b10	699	957	694	1020	787	271	322	132	485	108	509	553	698	613	626	533	418
Ppp3cb_-_20546518.23-P1P2	Ppp3cb	2653	3244	2289	2912	2699	821	1160	1360	1905	898	1185	2046	2676	2883	2289	1942	1450
Pcsk1n_+_7919863.23-P1P2	Pcsk1n	2223	2597	2269	3058	2633	507	963	1344	1782	587	1013	1565	1983	2326	1551	1202	1493
Cd36_+_17835639.23-P1P2	Cd36	1729	2210	1572	2664	2230	510	867	826	1353	561	1140	1267	1343	2125	1263	1241	1110
Atp2b3_+_73503183.23-P1P2	Atp2b3	2908	3826	2766	3724	2703	848	1477	1329	2096	975	1617	1886	2424	3188	2115	1732	1694
Fars2_+_36118214.23-P1P2	Fars2	921	1492	964	1531	1248	405	679	335	715	461	741	685	1172	1320	1034	670	676
Stat3_-_100939392.23-P1P2	Stat3	1974	2908	2190	2673	3068	1015	1016	1232	1273	717	1588	2095	2410	2722	1583	1501	1360
Rab5a_-_53479326.23-P1P2	Rab5a	1560	1376	1478	1739	2480	499	688	901	1297	565	940	1330	1812	1643	1220	767	985
Fig4_-_41303113.23-P1P2	Fig4	2174	3027	1988	3070	2760	747	916	980	1467	451	1437	1808	2088	2461	1834	1578	1392
Kdm1a_+_136602674.23-P1P2	Kdm1a	1882	2294	1628	2540	1921	593	846	735	1492	671	907	1452	2336	2033	1241	1321	1110
Gsn_+_35282501.23-P2	Gsn_P2	1298	2011	2012	2279	2190	600	1115	743	1390	516	670	1373	2056	2005	1498	1224	860
Htr2a_+_74640959.23-P1P2	Htr2a	2125	2980	2405	3386	2556	715	1287	1241	1586	849	1514	1970	2396	2289	2033	1491	1685
Sncg_-_34374619.23-P1P2	Sncg	1900	2174	1591	2336	1927	499	865	853	1119	474	732	1482	1882	1853	1321	1216	1281
Slc26a3_-_31438213.23-P1P2	Slc26a3	722	849	597	987	692	311	255	105	336	106	196	468	629	786	496	370	385
Tspo_-_83563644.23-P1P2	Tspo	2306	2618	1949	2516	2205	689	955	1125	1617	486	1199	1262	1875	2256	1482	1219	1487
Mfn2_+_147904656.23-P1P2	Mfn2	2326	2382	2121	2862	2372	662	1046	1166	1349	750	1319	1495	1266	1646	1377	989	1063
Ulk1_-_110809980.23-P1P2	Ulk1	2783	4239	2930	4312	3563	947	1404	1348	2116	934	1957	1934	2972	3291	2222	1810	1885
Sirt5_-_43365491.23-P1P2	Sirt5	1516	2851	1999	3318	2077	689	1159	806	1694	713	1293	1653	2481	2744	1842	1598	1515
H2-M9_+_36642570.23-P1P2	H2-M9	2349	2766	2635	3353	3022	581	1398	1141	1758	737	1215	1673	2408	2560	2244	1750	1560
Rb1cc1_-_6214687.23-P1P2	Rb1cc1	1243	1763	1436	2123	1802	413	655	794	999	431	865	1395	1393	1513	1350	1206	999
Mad2l1bp_-_46153486.23-P1P2	Mad2l1bp	2288	2678	2367	2702	2278	667	885	1087	1093	591	1157	1297	2210	1959	1588	1612	1424
Lrpprc_-_84790514.23-P1P2	Lrpprc	2406	3210	2924	3269	3052	743	1011	1485	1609	756	1457	1875	2361	2559	1897	1854	1718
Ndufa6_+_82354003.23-P1P2	Ndufa6	1641	2176	1894	2620	2344	494	664	1039	1553	557	725	1315	1744	2124	1970	1547	1103
Il1b_+_129371106.23-P1P2	Il1b	3143	3858	2931	3732	5089	1300	1485	1956	2247	1005	2269	2527	3640	3865	3134	2333	2079
Csnk2a2_+_95488767.23-P1P2	Csnk2a2	1755	2218	2022	2147	2146	851	858	782	1300	475	760	1380	1692	1902	1428	1177	1043
Sptlc2_-_87388188.23-P1P2	Sptlc2	2683	3439	2846	3613	3040	686	1413	1330	1798	785	1414	1517	2888	3192	1748	1782	1726
Bdnf_+_109693634.23-P1P2	Bdnf	1341	1923	1231	1686	1619	497	557	771	972	488	811	995	1076	1276	1204	682	1087
Mme_+_63299781.23-P1	Mme_P1	1970	2096	1970	2085	2334	534	1029	799	1466	403	1048	1357	1895	2215	1365	1272	1410
Mag_+_30914773.23-P1P2	Mag	1943	2675	1782	2598	2202	677	805	828	1499	450	739	1040	1769	2026	1781	1299	1162
Psmc1_-_100110196.23-P1P2	Psmc1	2209	2612	2416	3200	2252	604	811	785	1604	765	1354	1632	1695	2347	1564	1365	1295
Serpina1e_-_103958467.23-P2	Serpina1e_P2	2161	3101	1900	2725	2525	811	976	988	1357	762	1544	1954	2027	2182	1638	1288	1358
Pde9a_-_31386256.23-P1P2	Pde9a	1154	1826	1919	1649	1050	412	570	687	821	387	678	1015	1634	1463	1167	916	794
Nipa1_-_56019506.23-P1P2	Nipa1	1069	1052	1321	1809	1366	262	419	624	417	293	455	755	1462	1403	915	669	697
Sdf4_-_155993344.23-P1P2	Sdf4	1179	1475	1100	1375	968	380	535	480	796	299	598	827	933	1188	1017	830	791
Asah1_-_41374561.23-P1P2	Asah1	2903	3302	3149	4234	3104	886	1487	1424	1996	724	2145	1726	2941	3031	2716	2188	1941
Dicer1_+_104751853.23-P1P2	Dicer1	990	1679	1312	1765	1831	595	761	358	850	467	591	1492	1229	1619	973	892	785
Wnt5a_+_28505837.23-P1	Wnt5a_P1	2760	2800	2332	2476	2541	618	1153	901	1413	734	1127	1544	1880	2243	1529	1555	1596
Fgfr4_-_55152827.23-P1P2	Fgfr4	1600	1727	1603	2267	1654	430	536	717	939	419	930	1023	1308	1616	1308	997	773
Pmp2_-_10197181.23-P1P2	Pmp2	1871	2044	2314	2621	2146	526	942	760	1428	537	1235	1556	1881	2203	1142	1195	1124
Cxcl13_+_95956958.23-P1P2	Cxcl13	2560	2976	2027	3131	3277	940	1130	1164	1289	881	1190	1701	2119	2626	1853	1383	1914
Prkcb_-_122289560.23-P1P2	Prkcb	1338	1995	1624	2115	1663	542	933	719	1187	537	1039	1366	1643	1893	1196	1176	1057
2410137M14Rik_+_36981189.23-P1P2	2410137M14Rik	1116	1819	1625	1663	1505	710	653	662	1030	389	673	1244	1498	1297	971	991	1009
Abcb6_+_75180332.23-P1P2	Abcb6	1664	1678	1737	2093	1666	461	916	832	1072	568	664	1158	1510	1916	1078	1065	961
Trip4_+_65884983.23-P1	Trip4_P1	2336	3096	2808	2758	3162	752	963	1143	1662	813	1517	1514	2513	2827	2374	1279	1304
Mapk12_+_89140647.23-P1P2	Mapk12	2085	1753	1325	1913	1925	435	649	578	1213	446	1126	1302	1609	1826	1205	1354	1149
Setx_-_29125230.23-P1P2	Setx	1451	1906	1325	2023	1451	292	534	591	942	518	776	1023	779	1445	1014	905	680
Gigyf2_+_87327086.23-P1P2	Gigyf2	3124	3195	2053	2854	2840	850	1048	1018	1772	814	1120	1695	2392	2708	2219	1539	1625
Hspa8_+_40802646.23-P2	Hspa8_P2	1323	1945	1289	2399	2122	550	712	542	1356	590	906	1299	1253	1942	1168	1278	1055
Ttpa_-_20008436.23-P1P2	Ttpa	2569	3001	2761	3273	3062	899	1117	1309	1783	1031	1648	1582	2638	2768	2375	1563	1975
Gsr_-_33653630.23-P1P2	Gsr	1886	2348	2347	2727	2640	540	967	972	1353	625	1128	1286	2084	2205	2079	1335	1265
Src_+_157424322.23-P1P2	Src	1666	2295	1843	2429	1932	771	860	1015	1249	590	914	1199	1788	2289	1425	1287	1017
Khdrbs1_-_129742206.23-P1P2	Khdrbs1	1642	2931	1936	2691	2244	667	1028	871	1587	650	1196	1202	2376	2873	1584	1475	1503
Pnp2_+_50956215.23-P1P2	Pnp2	1951	2669	2130	2611	2574	672	885	989	1204	436	979	1525	1938	1820	1621	1254	1267
Smn1_-_100124883.23-P1P2	Smn1	2829	3198	2752	3463	3099	733	1258	805	1965	534	1306	1596	1936	2122	1688	1293	1373
Aptx_-_40703115.23-P1P2	Aptx	1671	2151	1226	1894	1884	409	716	525	1086	466	769	1190	1788	1821	1385	835	953
Kif20b_-_34922623.23-P1P2	Kif20b	1118	1447	1005	1370	1222	369	519	530	762	235	585	822	1256	1505	787	630	754
Neurog2_+_127633185.23-P1P2	Neurog2	2914	3232	2696	3907	3681	911	1203	1413	1191	842	1565	2156	2513	2717	2300	1748	1867
Coq7_+_118533226.23-P1P2	Coq7	1632	1630	1831	1835	1880	618	734	552	969	717	1045	1157	1554	1871	1217	1053	913
Sdhd_+_50603785.23-P1P2	Sdhd	1980	2053	1668	2501	2064	718	772	800	1008	459	1009	1114	1577	1911	1259	1298	1041
Pnkp_+_44857383.23-P1P2	Pnkp	1562	2058	1522	2117	1904	646	739	763	1248	353	839	1353	1451	1784	1547	1073	1089
Dnah14_+_181741048.23-ENSMUST00000160345.1	Dnah14	1339	1916	1543	1859	1499	357	456	572	905	426	701	860	1235	1514	1039	962	1035
Gabarap_+_69991662.23-P1P2	Gabarap	2355	2862	2162	2509	2357	732	980	1114	1715	666	1107	1421	1738	2157	1288	1386	1475
Lrsam1_+_32961588.23-P1P2	Lrsam1	1706	2515	1903	2737	2207	595	1002	697	1283	596	1066	1329	2247	1768	1476	1566	1270
Notch1_-_26503725.23-P1P2	Notch1	2215	2801	2133	2581	2927	770	1048	1198	1566	755	1224	1297	2201	2818	1952	1384	1553
Sbf2_-_110614878.23-P1P2	Sbf2	1919	2329	1749	2795	2667	713	924	869	1649	627	961	1491	2044	2277	1445	1197	1393
Adora2b_+_62249063.23-P1P2	Adora2b	2603	3049	2569	3208	2893	812	1110	1201	1475	712	1058	1910	2474	2396	2271	1902	1425
Grin2b_-_136172154.23-P1P2	Grin2b	1488	1668	1498	1483	1203	327	521	533	973	373	576	865	1413	1411	1083	965	613
Hspa1a_+_34971632.23-P1P2	Hspa1a	1238	1342	1128	1328	1254	208	538	389	547	214	647	728	1066	1351	1119	637	638
Pak3_-_143664425.23-P1	Pak3_P1	2342	2521	2742	3181	2255	659	898	1197	1626	597	1583	1320	2332	2827	1754	1374	1443
Dhtkd1_-_5942750.23-P1P2	Dhtkd1	1891	2527	1947	2624	2406	494	776	770	1748	658	1164	1144	2018	2239	1516	1320	1166
non-targeting_01944	non-targeting	1371	2044	1576	2220	1682	489	699	593	1378	535	1129	1074	1577	2016	1476	936	1292
Galc_-_98259254.23-P1P2	Galc	1477	2378	2160	2632	2308	662	1020	810	1143	578	1310	905	1974	2075	1452	1291	1314
Scarb1_-_125340946.23-P1P2	Scarb1	1449	2075	1807	2325	1782	599	757	693	940	678	892	1058	1686	1539	1236	1253	1307
Stc1_-_69029835.23-P1P2	Stc1	1725	1542	1939	1955	1445	644	753	670	1099	608	923	1191	1335	1992	1460	1185	1006
Ndufa6_-_82354164.23-P1P2	Ndufa6	1399	1686	1753	2131	1700	566	615	805	1185	571	829	1097	1613	1696	1500	1161	1158
Apod_+_31314535.23-P1P2	Apod	1647	1654	1536	1614	1481	497	668	924	1198	498	708	1006	1116	1748	1111	966	1038
Klf4_+_55532179.23-P1P2	Klf4	1476	1949	1722	2356	2004	491	778	1328	1152	438	1064	1412	1599	1984	1493	1166	843
Psma3_+_70974664.23-P1P2	Psma3	2396	3074	1975	3461	3081	802	1095	1083	1438	609	1251	1413	2216	2710	2099	1536	1551
Tuba1a_+_98953257.23-P1P2	Tuba1a	1645	2169	1687	1828	2068	581	877	639	1041	535	906	1231	1646	1869	1663	1174	1248
Nos3_-_24364841.23-P1P2	Nos3	2098	3696	2653	3765	2915	855	1367	1343	1404	853	1199	1912	2255	2559	2264	1747	1665
Mog_-_37023260.23-P1P2	Mog	1716	2752	2053	2341	2542	667	973	799	1826	654	1182	1236	2402	2197	2127	1485	1377
Rasgrf1_+_89910304.23-P1P2	Rasgrf1	1103	1514	936	1265	1261	288	629	571	751	282	554	689	761	994	783	668	655
Cd200r3_+_44943727.23-P1P2	Cd200r3	2813	3269	2336	3203	3159	925	1019	1829	1626	978	1350	1754	2635	2974	2104	1438	1985
Stat3_+_100939379.23-P1P2	Stat3	1832	2733	2082	2806	2394	675	1029	939	1690	646	1211	1599	1910	2209	1613	1465	1365
Fgf14_+_124193020.23-ENSMUST00000026631.5	Fgf14	1739	2410	2055	1983	1970	635	1035	1206	1540	600	883	1176	1343	1978	1854	988	1017
Stmn1_-_134469773.23-P2	Stmn1_P2	1777	3099	1808	2787	2972	590	1066	846	1485	466	1380	1718	2492	2733	1545	1596	1309
Il33_+_29925179.23-P1P2	Il33	2612	3363	2680	3854	3193	844	920	1341	1961	932	1329	1729	2502	3009	2208	1680	1825
Tuba1c_-_99030019.23-P1P2	Tuba1c	1904	2621	2219	2317	1797	529	841	771	1294	692	1212	1449	1929	1988	1740	1296	1400
Pde4a_+_21165770.23-P2	Pde4a_P2	1567	1919	1662	1950	1770	597	711	722	1154	542	722	1105	1718	2029	1221	1118	955
Slc1a3_-_8710257.23-P1P2	Slc1a3	1672	2280	1923	2224	1800	588	735	797	1079	604	1059	920	1552	1772	1337	1021	1031
Ap4e1_-_127008747.23-P1P2	Ap4e1	1244	2153	1672	2512	1864	698	895	844	1180	590	977	1031	1745	2202	1178	980	858
Smpd1_-_105554622.23-P1P2	Smpd1	1151	1452	1409	1687	1296	385	538	1045	855	481	515	872	1276	1456	1145	821	804
Rest_-_77265616.23-P1P2	Rest	2690	2809	1948	3104	2729	670	1006	724	1313	682	1080	2232	2578	2083	1743	1608	1349
Dnah17_+_118129158.23-ENSMUST00000106308.3,ENSMUST00000084803.5	Dnah17	1679	2226	2137	2855	2396	545	786	624	1523	614	958	1555	1428	2034	1465	1270	1120
Dnah6_-_73221588.23-P1P2	Dnah6	2132	2295	1739	2245	1842	506	958	591	1092	473	896	1241	1646	2032	1838	1332	1249
Nr1h2_+_44553865.23-P1P2	Nr1h2	1865	2206	1851	2095	2622	777	993	821	1344	700	1258	1598	1835	1693	1703	1551	1443
Abca7_-_79996525.23-P1P2	Abca7	1223	1291	1280	1533	992	326	577	382	867	303	535	541	1040	1082	798	730	866
Renbp_+_73930729.23-P1P2	Renbp	1421	1563	1546	1501	1481	510	575	436	1004	390	586	1077	1541	1273	1056	897	887
non-targeting_02894	non-targeting	2342	2334	1367	2061	2327	576	784	856	995	481	836	1260	1918	2094	1854	1265	1036
Afg3l2_-_67448946.23-P1P2	Afg3l2	1450	1723	1193	1477	1673	328	858	710	818	504	1008	912	1492	1587	893	673	612
Brca2_-_150522683.23-P1P2	Brca2	2974	3893	2713	3529	3381	816	1286	1594	2115	1021	1305	1991	2644	3614	2013	1782	1554
Ptn_-_36810119.23-P1P2	Ptn	1009	1024	872	1035	862	249	451	507	443	247	273	585	502	884	644	505	613
Cfl1_+_5490471.23-P1P2	Cfl1	2962	4010	3501	4280	3715	1220	1393	1331	2367	1172	1609	2210	3185	3680	3532	2056	2179
Agrn_+_156185990.23-P2	Agrn_P2	1025	1522	1323	1384	1450	366	403	470	931	368	521	614	1282	1100	957	746	521
Hmgb1_+_149051371.23-P2	Hmgb1_P2	952	875	611	1099	837	299	449	336	590	242	480	749	826	965	677	653	583
Pld3_+_27553043.23-P2	Pld3_P2	2760	3256	2632	3618	3728	852	1472	1396	1940	684	1565	2115	2618	2741	2244	1888	2118
Serpina3c_+_104153765.23-P1P2	Serpina3c	2267	2517	1864	3087	2122	646	775	954	1249	574	1001	1652	2010	2120	1675	1165	1319
Fas_+_34290759.23-P1P2	Fas	2563	2266	1968	2783	2231	704	1148	1237	1738	730	1095	1168	1856	2456	1444	1604	1212
Neurod1_+_79456596.23-P1P2	Neurod1	1824	2974	2138	2849	2832	599	1029	765	1549	697	1121	1497	1759	2200	1991	1366	1166
Ngfr_+_95587665.23-P1P2	Ngfr	2701	3628	3031	3760	3743	611	1464	1074	2042	1006	1712	1965	3055	2995	2748	1902	1663
Lamp1_+_13159267.23-P1P2	Lamp1	3087	3891	2552	3311	3118	827	1307	1120	1729	849	1378	1652	2886	2934	1988	1650	1623
Pik3c3_+_30272909.23-P1P2	Pik3c3	1825	1902	1569	2028	1998	520	633	548	1251	504	828	1078	1247	1420	868	1267	1047
Sod2_-_13008017.23-P1P2	Sod2	3028	4201	3027	4487	3599	1207	1716	1662	2160	855	1602	2785	3153	3848	2898	1907	2172
Ndufc1_-_51408803.23-P1P2	Ndufc1	1905	2507	1426	2334	1992	592	948	954	1609	526	874	1112	2080	1785	1616	1278	1247
Ndufb5_+_32737052.23-P1P2	Ndufb5	1601	1522	1079	1327	1472	395	666	586	885	412	718	1136	1095	1621	1530	787	812
Nlrp3_-_59541603.23-P1	Nlrp3_P1	1399	1246	1381	1639	1034	347	828	424	659	316	561	707	720	1124	1035	702	766
Ang5_+_43957240.23-P1P2	Ang5	1301	1301	1344	1680	1608	408	540	649	921	397	667	935	1492	1381	1219	934	784
Parp1_-_180569000.23-P1P2	Parp1	1676	1934	1704	1894	1959	424	781	734	1268	441	859	1456	1240	1682	1370	1128	1110
Pon2_+_5298272.23-P1P2	Pon2	1358	1486	1861	2039	1993	349	576	943	963	529	981	829	1460	1606	1000	842	977
Ptgs2_+_150100212.23-P1P2	Ptgs2	563	1095	508	983	999	243	394	247	581	263	382	462	695	754	549	404	340
Vim_+_13574351.23-P1P2	Vim	2305	3067	2258	3606	3403	876	1245	1467	1964	833	1775	1693	2353	3222	2262	1879	1824
Bcl10_+_145924321.23-P1P2	Bcl10	1221	1435	1098	1458	1656	276	717	502	784	493	701	1031	1511	1552	1205	757	701
Ryr3_+_113217012.23-P1P2	Ryr3	1273	2235	1778	2227	1956	438	778	768	894	417	1050	809	1219	1405	1111	918	1027
Jag1_-_137116623.23-P1P2	Jag1	746	743	715	968	1109	279	345	526	391	257	427	457	519	644	648	425	394
Epha4_+_77515058.23-P1P2	Epha4	1633	2247	1413	2345	2128	620	838	515	1219	540	718	744	1573	2012	1579	1042	1139
H2-M10.1_+_36326107.23-ENSMUST00000025322.7	H2-M10.1	1637	2109	1350	2359	1886	608	891	592	1167	399	1018	1142	1201	1732	1318	1284	1042
Vapb_+_173737591.23-P1P2	Vapb	1154	1491	1289	1448	1354	462	721	581	941	315	686	933	1225	1616	1168	795	502
Slc30a10_-_185455120.23-P1P2	Slc30a10	1991	2016	1753	2457	1686	553	694	828	1152	545	741	1211	1397	1924	1332	959	1104
Casp6_-_129901515.23-P1P2	Casp6	2018	2120	1878	2015	2173	680	826	756	994	553	873	1199	1580	2123	1438	1141	827
Atxn1_-_45964955.23-P1P2	Atxn1	2120	2496	1762	2374	2679	729	1291	937	1469	611	1238	1341	1924	2434	1798	1320	1507
Necab1_-_15148973.23-P1P2	Necab1	2040	3341	2477	3338	2450	878	997	1076	1675	739	1320	1578	2356	2416	2152	1924	1627
Dctn6_+_34108434.23-P1P2	Dctn6	2185	2625	1985	3061	2553	643	1011	1192	1866	805	938	1349	1573	2106	1525	1039	976
Ndufb9_-_58933840.23-P1P2	Ndufb9	1100	1266	1361	1519	1332	315	526	302	791	379	546	997	1099	1055	944	874	828
Ireb2_+_54863985.23-P1P2	Ireb2	1717	1832	1607	1862	1529	472	722	814	1090	486	694	1472	1635	1981	1290	926	978
Pld3_+_27553019.23-P2	Pld3_P2	2414	2379	2102	2985	2818	544	947	1000	1700	726	1377	1609	2470	2655	2079	1277	1540
Sct_+_141279094.23-P1P2	Sct	1688	2105	1856	2358	1884	617	915	715	1092	556	1425	1332	1799	1762	1376	1398	1198
Hras_+_141193934.23-P1P2	Hras	2463	2798	2185	2949	3134	843	1224	999	1693	825	1652	1741	2291	2596	1569	1459	1623
Polg_-_79466169.23-P1P2	Polg	2482	2978	2474	3735	3360	993	1255	1414	1666	714	1737	1949	2444	3058	2359	1623	1585
Gcg_+_62483606.23-P1P2	Gcg	776	714	828	988	896	221	366	380	422	172	455	617	794	706	598	505	577
Ndufs5_-_123717910.23-P1P2	Ndufs5	439	717	487	713	674	219	383	224	487	215	308	351	529	826	351	468	303
Pmp22_-_63131600.23-P1	Pmp22_P1	1186	1967	1843	2262	2220	440	780	763	1062	526	802	965	1649	1987	1317	1133	1091
Dnah10_+_124725339.23-P1P2	Dnah10	1100	1593	1482	1427	1530	361	647	415	898	312	545	1097	1222	1175	975	808	890
Cd8a_-_71373555.23-P1P2	Cd8a	754	1119	719	1005	835	280	381	508	612	230	398	715	558	922	674	372	602
Wnt5a_+_28504951.23-P2	Wnt5a_P2	1442	1890	1810	1754	1905	476	749	913	1220	380	844	970	1225	1509	1144	1018	809
Ppid_+_79591453.23-P1P2	Ppid	1065	1905	1021	1877	1536	406	418	381	852	360	698	775	1110	942	1025	895	632
Fxn_+_24280548.23-P1P2	Fxn	1433	1660	1620	2330	1898	338	748	893	991	368	601	1240	1361	1671	1352	1110	1015
Creb1_-_64532904.23-P1P2	Creb1	2351	2968	1621	2850	2603	773	1096	984	1666	699	1283	1649	2543	2704	2321	1438	1395
Calb2_+_110168191.23-P1P2	Calb2	1135	1337	999	1451	894	285	443	355	650	297	509	964	834	1328	863	695	679
Dnajc10_-_80315809.23-P1P2	Dnajc10	1775	1664	1651	1946	1732	429	661	759	940	406	910	893	1552	1442	1078	846	931
Matr3_+_35562284.23-P1P2	Matr3	1931	2413	2047	2583	2248	422	889	832	1417	578	939	1399	1793	2350	1861	1323	1125
Lmnb1_+_56707914.23-P1P2	Lmnb1	831	1359	745	1016	1325	195	292	472	651	210	343	513	1009	902	756	454	588
Uqcrh_+_116074811.23-P1P2	Uqcrh	2055	2539	2514	2125	1977	515	878	621	1522	732	946	1168	1689	1990	1721	1374	1004
Fgd4_+_16600009.23-P1P2	Fgd4	1833	2339	1610	2638	1804	490	765	892	1129	486	974	1043	1621	2084	1613	1147	1146
Dnah6_+_73221599.23-P1P2	Dnah6	1603	2255	1847	2250	2170	495	910	492	767	456	1047	1238	1565	1973	1056	1184	1176
Rb1cc1_-_6214690.23-P1P2	Rb1cc1	2255	2140	1770	2631	2265	518	942	1196	1536	584	1089	1428	1451	2000	1589	1242	1207
Mapt_+_104231558.23-P1P2	Mapt	764	922	899	1441	701	205	336	371	455	279	448	570	1015	876	518	661	605
Sepsecs_+_52669666.23-P1P2	Sepsecs	1080	1134	800	1284	992	261	401	533	826	200	408	528	826	616	486	406	383
Csf1_+_107760455.23-P1P2	Csf1	1626	1674	1512	2016	1645	472	753	557	1077	486	872	1290	1338	1752	1265	938	917
Atp2b3_+_73503140.23-P1P2	Atp2b3	2343	2443	2280	3151	2850	832	1086	988	1583	759	1039	1430	2162	2230	1788	1468	1362
Fbxo7_+_86022127.23-P1P2	Fbxo7	1636	1952	1847	2029	2061	453	582	680	1137	715	614	974	1476	1842	1332	844	1011
Atg12_+_46741794.23-P1P2	Atg12	993	1667	1050	1467	1378	392	437	565	770	295	774	1034	1385	1310	1007	858	818
Dnajc13_+_104262886.23-P1P2	Dnajc13	1541	2245	1332	1831	2326	532	710	672	1202	598	760	1029	1550	2427	1294	939	1008
Serpina3b_+_104128038.23-P1P2	Serpina3b	3238	3737	3534	4515	4774	1169	1841	1567	2460	1074	1783	2137	3349	4142	3230	2277	2304
Oxr1_-_41449066.23-ENSMUST00000179393.1	Oxr1	1405	1771	1607	2531	1797	567	727	757	1288	536	767	815	1571	1750	1238	855	941
Myoc_+_162639208.23-P1P2	Myoc	2087	2817	2414	3787	2660	863	1272	878	2235	919	1502	1810	2359	2700	2203	1680	1711
Dyrk1a_+_94569726.23-P1P2	Dyrk1a	2507	2861	2304	3080	2998	662	1002	1072	1576	821	983	1751	2565	3195	2098	1484	1657
Tpo_-_30132580.23-P1P2	Tpo	1244	1222	955	1717	1446	468	682	405	935	422	790	715	1273	1189	958	920	970
Pum1_-_130663431.23-P1P2	Pum1	1179	1742	1081	1782	1449	432	634	324	517	370	517	885	1417	1226	869	812	851
Tnf_+_35201985.23-P1P2	Tnf	979	1499	1143	1353	1377	324	531	692	975	438	703	497	1251	1328	1170	761	770
Blvra_+_127080509.23-P2	Blvra_P2	1450	1765	1601	1657	1395	468	577	483	909	354	1017	804	1676	1588	1558	911	1037
Mgrn1_-_4886300.23-P1P2	Mgrn1	2406	3615	2407	3623	3462	1009	1343	1295	2095	958	1764	2262	3072	4020	2290	1832	1975
Ywhae_+_75732993.23-P1P2	Ywhae	1484	1833	1439	2379	1551	439	803	557	1104	298	915	1210	1125	1564	1276	922	981
Ctsb_+_63122542.23-P1P2	Ctsb	1574	1722	1115	1817	1692	520	703	810	966	395	805	1245	1698	1501	926	1015	718
Eno2_-_124769474.23-P1P2	Eno2	1473	2295	1704	2561	1935	630	754	694	1511	600	994	1506	2141	2021	1871	1397	1148
Farsb_-_78488815.23-P1P2	Farsb	914	1484	1292	1893	1467	355	441	532	937	441	714	794	842	1038	784	659	687
Dicer1_-_104752034.23-P1P2	Dicer1	814	1028	717	986	1016	330	267	431	558	226	596	549	928	860	509	317	400
Ube2g1_-_72607277.23-P1P2	Ube2g1	2300	2338	1980	3321	2936	805	1012	1030	1488	560	1257	2128	1874	2342	2018	1175	1577
Sema6b_-_56140332.23-P1	Sema6b_P1	810	1137	883	1417	1066	374	419	524	802	286	739	1053	774	1296	917	615	680
Cyp2d22_-_82380198.23-P1P2	Cyp2d22	926	1964	1362	1574	1124	403	637	527	1072	325	766	1058	1098	1464	897	922	1017
Chat_+_32465781.23-P2	Chat_P2	1338	1783	1480	1843	1482	372	692	783	903	424	723	771	1433	1516	1127	912	871
Dnm1l_+_16358955.23-P1P2	Dnm1l	1266	1330	1277	2001	1634	490	587	666	877	350	745	1039	930	1164	581	712	800
Tomm20_-_126945841.23-P1P2	Tomm20	1635	2003	1650	2116	2035	650	700	654	1556	562	579	1168	1510	1698	1220	957	808
Casp7_+_56397257.23-P1P2	Casp7	1106	1612	1498	1757	1798	441	680	483	1204	441	836	863	1365	1677	1059	832	891
Ube2v1_+_167631999.23-P1P2	Ube2v1	755	1184	796	1100	1135	270	440	346	574	139	648	642	989	1032	553	581	651
Prkar1b_-_139129669.23-P1P2	Prkar1b	1885	2609	1912	2349	2615	671	918	756	1363	738	1022	1613	2188	2171	1863	1381	1190
Gusb_+_130002829.23-P1P2	Gusb	1801	1990	1692	2256	2211	529	844	1234	1389	581	1115	1390	1922	1986	1571	1001	963
Nudt1_-_140331971.23-P1P2	Nudt1	853	1552	1256	1515	1318	319	592	431	734	251	772	703	957	1223	1011	804	593
Derl1_+_57892300.23-P1P2	Derl1	2841	2927	2511	3757	3215	780	1289	850	1471	719	1695	1918	2553	2664	2107	1488	1728
Calm2_-_87447053.23-ENSMUST00000040440.6	Calm2	1548	2672	2173	2636	2189	435	774	772	1584	544	1153	1496	1896	1891	1425	1147	1171
Hspd1_+_55087696.23-P1P2	Hspd1	1844	2095	983	2047	2046	543	615	647	1210	521	986	1181	1735	1685	937	905	858
Psma3_-_70974658.23-P1P2	Psma3	1818	1780	1358	1693	1782	466	585	818	1065	503	760	900	1815	1396	1270	976	1031
Bax_+_45466767.23-P1P2	Bax	2577	3698	2507	3298	2602	789	1335	1409	2308	835	1143	2213	2431	2966	2782	1531	1852
Ntf3_-_126164867.23-P1	Ntf3_P1	990	1735	1355	1591	1977	344	550	637	1049	475	862	864	1218	1647	1498	1147	1002
Pick1_-_79229416.23-P1P2	Pick1	962	1420	809	1200	1367	403	481	518	509	394	578	785	857	1130	896	509	765
Ephb2_+_136835953.23-P1P2	Ephb2	1367	1498	1265	1979	1511	418	627	512	980	392	741	817	1333	1511	1276	988	908
Mmp14_-_54431812.23-P1P2	Mmp14	1203	1442	1009	1499	1203	434	376	540	897	473	661	902	1021	1325	1174	760	788
Hace1_-_45577863.23-P1P2	Hace1	1471	1953	1491	1564	1620	501	614	994	912	491	1099	1250	1545	1756	1195	1151	883
Ndufa4_+_11907467.23-P1P2	Ndufa4	2457	3260	2419	3465	2659	768	1254	1289	1532	979	1429	1931	2515	2586	2183	1612	1561
Inpp4a_-_37299926.23-P1P2	Inpp4a	2519	2806	2559	3509	2690	579	1142	875	1691	718	1165	1302	2385	2599	1586	1514	1465
Vdac3_+_22593677.23-P1P2	Vdac3	550	940	793	745	662	104	254	207	352	197	354	341	270	485	317	302	321
Dnah2_+_69549076.23-ENSMUST00000108659.1	Dnah2	1649	2631	1728	2382	2382	587	715	673	1091	437	1036	1304	1855	1921	1400	958	1123
Wdr41_-_94976381.23-P1P2	Wdr41	2384	3859	2744	3813	3394	933	1299	1322	2102	955	1372	1956	3254	3196	2208	1801	1950
Ndufa1_+_37191097.23-P1P2	Ndufa1	1594	1609	1475	2161	1404	416	505	678	1116	392	638	976	1209	1416	1084	752	887
Slc18a2_-_59260947.23-P1P2	Slc18a2	1499	1616	1457	1907	1779	325	619	792	1112	453	989	991	1614	1784	1300	978	955
Acsbg1_-_54661623.23-P1P2	Acsbg1	1405	1441	1567	2205	1484	472	717	695	937	448	886	1112	1295	1735	1379	1055	972
Ntrk1_+_87795177.23-P1P2	Ntrk1	2071	2600	1978	2596	2978	690	981	915	1659	667	1252	1367	2076	2688	1876	1354	1223
Arhgef5_-_43265892.23-P1P2	Arhgef5	1356	1617	1145	1364	1537	354	506	782	805	251	738	629	1027	1333	859	719	654
Dnah7a_-_53706753.23-P1P2	Dnah7a	2301	2850	2707	2972	2431	785	1259	1128	1885	632	2050	1797	2638	2651	1725	1345	1230
Grn_-_102430544.23-P1P2	Grn	1999	2999	2074	2860	3199	711	944	885	1532	594	1096	1490	2384	2594	2096	1428	1507
Pak3_-_143518720.23-P2	Pak3_P2	1505	1317	1557	2073	1610	548	659	588	945	490	738	1035	1605	1750	1349	1128	972
Psmd12_-_107479547.23-P1P2	Psmd12	1808	2333	1763	2623	1304	263	570	678	771	372	674	642	1127	1426	921	865	907
Kcnc3_+_44590957.23-ENSMUST00000107906.3	Kcnc3	1794	2751	1784	2250	2284	743	907	788	903	697	1078	1627	1893	2180	1872	1218	1251
Sptbn2_+_4711244.23-P1P2	Sptbn2	1784	2638	1710	2617	2228	607	1014	737	1165	661	1224	1010	1628	1914	1476	1437	1205
Cdk11b_-_155624951.23-P1P2	Cdk11b	1453	2241	1848	2567	1790	414	468	444	1011	412	572	498	1422	1597	965	1055	1093
Mapk8_+_33447108.23-P1P2	Mapk8	2485	3084	2481	2967	2081	593	672	944	1620	677	1312	1566	1810	2281	1668	1440	1394
Itpr3_+_27057388.23-P1P2	Itpr3	577	1079	902	924	877	388	459	399	579	216	502	472	810	1051	588	391	492
Uqcrb_+_66905334.23-P1P2	Uqcrb	1865	1956	1832	1959	1526	559	937	748	1127	417	765	1087	1577	1914	1128	817	1084
Slc1a2_-_102706670.23-ENSMUST00000111212.1	Slc1a2	2723	3214	2194	3270	2425	818	951	1119	1418	597	1420	1596	2281	2887	1746	1895	1646
Slc52a3_+_151996539.23-P1	Slc52a3_P1	1063	1497	1182	1658	981	407	627	647	839	311	858	1124	1203	1472	1050	796	752
Tdp1_+_99884575.23-P1P2	Tdp1	1186	1748	1492	1993	2128	517	782	816	980	581	395	901	1453	1727	1436	957	1025
Nalcn_-_123627081.23-P1P2	Nalcn	2084	2749	2425	2738	2714	580	1085	968	1600	640	1255	1861	2099	2233	1566	1488	1335
Glrx_+_75840252.23-P1P2	Glrx	2162	2231	1841	2833	2305	647	1026	988	1554	623	1323	1427	2114	2653	1764	1425	1360
Ndufs6_+_73328457.23-P1P2	Ndufs6	2239	2485	1789	2622	2542	831	1011	954	1595	437	1124	1141	1936	2663	2069	1202	1351
Nt5c2_-_46962273.23-P1P2	Nt5c2	2073	2534	2091	2563	2421	630	883	1201	1249	509	1231	1436	2171	2403	1771	1285	1282
Trex1_+_109059143.23-P1P2	Trex1	1763	2131	1855	2277	1438	348	448	589	850	418	585	880	1670	1915	1196	1079	1259
Bid_+_120916821.23-P1P2	Bid	2012	1835	2382	2496	2452	676	778	926	1126	595	1168	1147	2280	1788	1718	1327	1254
Cfdp1_+_111854285.23-P1P2	Cfdp1	2009	2223	1999	2368	2157	661	777	808	1282	520	862	1032	1453	1727	1174	999	1115
Ywhaz_+_36793248.23-P1P2	Ywhaz	2687	3339	2797	4197	4215	1174	1553	1251	1887	1043	1861	2285	2965	3121	2625	1980	1906
Fars2_-_36117939.23-P1P2	Fars2	2398	2724	1970	2857	2908	764	1002	870	1561	633	960	1340	1807	2187	1795	1286	1476
Htr1a_-_105443847.23-P1P2	Htr1a	1814	1993	1666	2128	2145	672	683	565	1268	406	929	1182	1684	1708	1378	999	1154
B4galnt1_+_127165244.23-P1P2	B4galnt1	1466	1767	1866	2153	1695	479	616	797	940	516	580	1442	1522	1975	1002	768	710
Endou_+_97721101.23-P1	Endou_P1	1823	2135	1503	2145	2455	493	681	623	1348	498	926	1154	1704	1949	1770	1030	1432
Gja6_+_160906996.23-P1P2	Gja6	2485	3230	2146	3596	2415	883	877	833	1805	730	1415	1938	2271	3067	2022	1506	1722
Aqp4_+_15403604.23-P1P2	Aqp4	1081	1854	1610	1647	1755	436	712	555	1251	375	736	1167	1332	2107	1095	786	1050
Cfdp1_+_111854231.23-P1P2	Cfdp1	1299	1529	1319	1644	1714	270	445	711	732	482	593	616	866	1162	1025	661	561
Cox6a1_+_115348559.23-P1P2	Cox6a1	1952	2256	1830	2310	1847	494	820	803	1297	510	782	1409	1852	1920	1468	1325	1299
Rbms3_+_117252429.23-P1P2	Rbms3	2024	2132	1796	2073	2134	518	953	837	1302	516	1106	1251	1935	2143	1335	1195	923
Pcyt2_-_120617879.23-P1P2	Pcyt2	2011	2591	1736	2593	2081	582	784	956	1239	652	1003	1612	1470	1921	1384	916	1055
Pak3_+_143518544.23-P2	Pak3_P2	1763	1710	1251	1732	1971	492	666	684	968	402	654	878	1478	1665	867	1064	800
Atg13_+_91710526.23-P1P2	Atg13	873	1527	955	1219	914	365	573	434	748	329	304	826	767	952	745	626	639
Clec16a_+_10545467.23-P1P2	Clec16a	1943	2279	1998	2389	2428	605	730	936	1289	528	846	1411	1772	2317	1785	1180	1184
Psmd3_+_98682626.23-P1P2	Psmd3	926	893	895	1318	1139	254	342	500	523	313	574	515	696	812	730	544	504
Necab1_-_15149018.23-P1P2	Necab1	2258	3006	1804	2755	1937	574	1038	763	1155	686	937	1725	1892	2380	1482	1242	1294
Mutyh_+_116807749.23-P1P2	Mutyh	1154	1782	1430	2200	1654	514	583	693	1256	466	739	1018	1226	1677	1378	812	857
Il10_-_131019954.23-P1P2	Il10	1637	1875	1579	1792	1721	406	681	855	954	388	612	1189	1174	1811	1266	924	671
Grm1_-_11082274.23-P1P2	Grm1	2735	2999	2582	3518	3308	688	1017	1104	1117	797	1286	1719	2304	2822	1620	1525	1437
Lmna_-_88503236.23-P1P2	Lmna	1755	2532	2042	2588	2740	772	905	696	1324	567	1097	1481	2126	2038	1583	1508	1075
Slc18a2_-_59260972.23-P1P2	Slc18a2	1653	1613	1018	1605	1546	312	575	679	888	413	853	1136	1300	1384	1113	681	709
Oprd1_-_132144365.23-P1P2	Oprd1	1030	1532	1550	1780	1375	347	642	546	615	467	628	916	1263	1527	942	691	727
Srsf7_-_80207259.23-P1P2	Srsf7	1439	1761	1134	1823	1158	383	643	650	925	413	748	914	1162	1603	1100	967	899
Peg12_+_62464491.23-P1P2	Peg12	2205	2511	1968	2869	2080	493	832	1112	1497	409	1037	1844	1879	2351	1626	1357	1115
Exosc1_-_41933272.23-P1P2	Exosc1	1514	1788	1467	2061	2251	445	730	574	1210	552	942	1299	1674	1809	1291	1016	975
Abl1_-_31688613.23-P1P2	Abl1	2122	2689	1362	2901	2823	682	1253	1147	1540	886	1364	1317	2347	2502	1577	1417	1459
Pdk3_-_93832134.23-P1P2	Pdk3	1897	2706	1940	2671	2719	727	951	768	1500	642	1231	1222	1813	2196	1550	1292	1284
Tac1_+_7555080.23-P1P2	Tac1	1587	1885	1601	1969	2143	550	676	558	1265	699	881	1422	1513	1806	1400	771	1052
Cacna1s_-_136052816.23-P1P2	Cacna1s	1700	1649	1304	2204	1616	542	912	774	1168	511	690	1161	1558	1749	1467	1030	857
Rab7_-_88045085.23-P1P2	Rab7	988	1549	1220	1451	885	394	597	351	562	238	504	771	923	1111	703	709	616
Morc2a_-_3649520.23-P1P2	Morc2a	1270	1415	1317	1588	1472	416	593	598	815	388	798	899	1190	1391	1166	937	793
Dnah6_-_73221619.23-P1P2	Dnah6	1262	1772	1333	1745	1805	485	566	485	1292	329	703	1025	1454	1787	1198	965	913
Slc12a6_+_112265636.23-P1P2	Slc12a6	2526	3373	2514	3473	2923	787	1194	1192	1564	796	1622	1771	2965	3380	2619	1861	1860
Nos2_-_78920838.23-P1P2	Nos2	1859	2434	1752	2687	2225	605	786	741	1167	399	1005	1289	1778	1851	1755	1230	1356
Stx1a_+_135041187.23-P2	Stx1a_P2	1885	1969	1419	2330	1277	353	551	338	767	382	721	942	1704	1669	1374	1032	1189
Ctnnb1_+_120933480.23-P1P2	Ctnnb1	826	1021	1107	1071	1256	398	397	110	595	300	431	488	947	1306	984	531	525
Gapdh_+_125165257.23-P1P2	Gapdh	698	867	985	1169	900	123	424	361	499	314	459	499	790	668	558	360	551
Polr3b_-_84622424.23-P1P2	Polr3b	800	782	907	690	1003	268	313	206	402	196	264	425	560	749	490	529	449
Hspd1_-_55087788.23-P1P2	Hspd1	1137	1141	1319	1654	1395	306	592	506	883	408	806	835	1331	1413	571	805	620
Slc52a3_+_151996543.23-P1	Slc52a3_P1	1756	2481	2174	2043	1789	513	740	683	1215	483	959	1104	1734	1854	1703	1342	1179
Fmr1_-_68678785.23-P1P2	Fmr1	1020	1285	1081	1156	1122	291	503	364	750	357	634	438	928	874	816	525	651
Atp5c1_+_10080318.23-P1P2	Atp5c1	2489	2648	2357	2642	2750	718	835	747	1512	620	1247	1718	2038	2129	1565	1359	1585
Ndufa7_+_33824729.23-P1P2	Ndufa7	1305	1635	1264	1412	1329	350	642	326	829	335	717	882	1223	1346	1157	850	828
Nefl_+_68083888.23-P1P2	Nefl	1301	1415	1314	1498	1241	305	462	461	689	310	749	752	1022	1401	862	670	827
Pax6_-_105668931.23-P1	Pax6_P1	2059	2802	1673	2238	2115	598	777	629	1624	394	984	1353	1747	2322	1759	1583	1185
Grin2b_-_136172123.23-P1P2	Grin2b	1479	1849	1372	1983	1238	452	579	462	551	444	599	681	1341	1515	1051	855	917
Nos2_+_78920899.23-P1P2	Nos2	892	1202	863	1193	1306	185	574	570	354	247	669	351	1058	1106	651	728	750
S100a1_+_90514268.23-P1P2	S100a1	1368	2217	1768	2107	1941	598	793	722	950	553	768	1083	1635	1755	1320	1111	853
Dtymk_+_93801863.23-P1P2	Dtymk	1171	1656	1378	1975	1382	436	808	483	814	362	620	1183	1147	1415	1029	897	838
Pank2_-_131262761.23-P1P2	Pank2	2374	2852	1804	2955	2558	691	1000	1339	1939	682	1198	1417	2389	2718	1681	1484	1264
Txn1_-_57956273.23-P1P2	Txn1	1372	1450	1261	1618	1280	333	436	480	874	363	506	573	915	1313	1339	884	756
Oprd1_-_132144457.23-P1P2	Oprd1	1143	1819	1199	1260	1620	395	501	557	694	398	685	821	1298	1381	730	840	627
Gcg_+_62483557.23-P1P2	Gcg	1023	888	1176	850	986	175	321	436	682	262	479	645	873	726	873	674	554
non-targeting_01634	non-targeting	439	565	480	1020	662	171	331	192	385	192	425	407	866	720	554	350	440
Ywhaz_-_36794269.23-P1P2	Ywhaz	1489	1926	1836	2048	1560	547	761	813	1088	406	985	965	1565	1807	1148	1094	960
Gpr37_+_25689730.23-P1P2	Gpr37	1904	2820	1827	3039	2107	586	987	1375	1412	718	1394	1774	2328	2503	1392	1570	1254
Vrk1_+_106010349.23-P1P2	Vrk1	766	1475	961	1688	1303	400	499	286	692	385	718	734	1053	1249	754	756	722
Ube2j1_+_33031611.23-P1P2	Ube2j1	1130	1234	1127	1585	1131	314	427	694	584	290	582	634	1063	1286	659	685	515
Gosr2_+_103697685.23-P1P2	Gosr2	3215	3503	2521	3997	1871	549	766	737	1120	483	946	1308	1476	1385	1353	1288	1010
Hspa4_-_53300405.23-P1P2	Hspa4	1596	1915	1545	2175	2092	423	744	882	1207	557	817	1209	1773	1837	1066	1307	935
Vcam1_-_116129237.23-P1P2	Vcam1	1334	1434	1016	1478	1150	327	571	406	896	321	415	1009	1079	1312	953	693	728
Nqo2_+_33964747.23-P1P2	Nqo2	2376	2705	2349	2963	2469	589	980	697	1419	620	1179	1571	2440	2499	1875	1373	1147
non-targeting_04101	non-targeting	1862	1796	1315	2526	2080	522	964	1005	1397	467	850	1326	1796	1928	1868	1039	1138
Apc2_-_80301051.23-P1	Apc2_P1	1803	2377	1673	2839	1966	699	835	991	1202	574	1217	1328	1644	2164	1365	1199	1404
Coq2_-_100674242.23-P1P2	Coq2	2433	3162	2666	3541	3098	894	1148	1094	1570	689	1371	1649	2442	2957	2161	1537	1486
Cox6b2_-_4752786.23-P1P2	Cox6b2	2174	2076	2146	2701	2919	808	959	930	1181	556	1081	1574	1905	2217	1734	1281	1203
Pklr_+_89136221.23-P1P2	Pklr	1731	2145	1552	2220	2114	512	1038	834	1140	412	739	1556	1818	2023	1309	1153	1238
Ezh2_+_47594979.23-P1P2	Ezh2	2047	2647	2062	2695	2382	495	802	981	967	771	1181	1190	1968	2315	1791	1405	1244
Dnah9_+_66168436.23-P1P2	Dnah9	1915	1955	1573	1869	1579	587	586	865	1143	578	903	1023	1257	1853	1081	817	952
Pcyt2_-_120617882.23-P1P2	Pcyt2	2569	3277	2835	3439	2868	722	1306	1609	2125	768	1496	1717	2472	2657	1731	1323	1310
Psmd9_-_123228348.23-P1P2	Psmd9	1703	1506	1564	1822	1825	491	836	589	1505	418	855	976	1265	1757	1270	878	954
Metrn_-_25796968.23-P1P2	Metrn	1567	1755	1279	1784	1709	521	712	843	1008	440	470	908	1361	1825	1193	999	1026
Peg12_-_62464498.23-P1P2	Peg12	796	1207	940	1091	874	305	450	479	675	197	631	709	940	872	544	441	650
Atxn7_-_14012882.23-P1P2	Atxn7	2509	2928	2584	3396	2944	649	1288	1488	1772	766	1374	1488	2334	2795	2106	1769	1507
Clcn2_-_20717752.23-P2	Clcn2_P2	1324	1685	1102	1619	1715	564	694	741	885	462	654	1193	1220	1282	898	724	659
Kcnd3_+_105451927.23-P1P2	Kcnd3	2298	2623	2022	2741	2799	627	731	1205	1318	661	1195	1656	2069	2208	1621	1523	1613
Cnr2_-_135911932.23-P2	Cnr2_P2	2260	2361	2781	3039	3209	828	1112	1341	1843	739	1075	1808	2584	2943	1975	1948	1574
Oxr1_+_41789599.23-ENSMUST00000090095.5,ENSMUST00000022918.7	Oxr1	621	1074	781	740	620	157	363	272	460	213	334	496	674	780	624	564	363
Ctsf_+_4855199.23-P1P2	Ctsf	2026	2377	1961	2063	1725	531	573	397	628	429	495	953	1309	1167	1205	825	1029
Mcu_-_59616662.23-P1P2	Mcu	521	422	634	816	762	197	274	172	412	168	453	360	529	615	410	524	463
Rrm2_+_24708325.23-P1P2	Rrm2	1929	2311	1719	2434	2697	578	977	1108	1603	575	861	1405	2037	2042	1366	1141	1233
Fth1_+_9982714.23-P1P2	Fth1	1077	1353	988	935	1056	371	484	402	956	273	798	663	1158	1310	818	591	540
Dao_+_114003916.23-P1P2	Dao	3143	4057	2990	4702	4071	1065	1305	1619	2082	902	1814	1913	2931	3553	2741	2257	2248
Ndufa5_+_24527538.23-P1P2	Ndufa5	1845	1927	1566	2237	1451	472	725	890	1166	446	865	1402	1647	1540	1342	835	985
Vegfa_+_46032326.23-P1P2	Vegfa	1929	1907	1863	2286	2284	542	843	989	1223	309	1048	1468	1884	2018	1711	1274	1139
Ulk2_+_61854871.23-P1P2	Ulk2	1874	2395	1661	2723	2124	694	914	758	1677	636	1184	1659	2235	2359	1822	1226	1272
Rtn2_+_19291121.23-P1	Rtn2_P1	1958	2286	1731	3062	2883	830	970	997	1344	693	1139	1486	2525	2438	1512	1260	1343
Lmna_-_88503047.23-P1P2	Lmna	2316	2461	1927	3095	2851	517	1049	977	1391	570	1089	1508	1932	2432	2335	1358	1438
Elavl3_-_22051938.23-P1P2	Elavl3	1720	2496	1987	2132	2123	650	750	672	1049	317	1100	1454	1781	2163	1339	1441	1359
Vdac3_+_22593743.23-P1P2	Vdac3	2428	2774	2337	3008	2127	779	909	1255	2092	794	1294	1660	2194	3012	1802	1451	1308
Fmr1_-_68678662.23-P1P2	Fmr1	1041	2070	1258	1361	1252	416	513	379	616	346	509	826	1097	1086	1188	699	718
Slc18a1_-_69077244.23-P2	Slc18a1_P2	1689	1987	1794	1993	1503	430	709	595	1083	506	1078	1061	1174	1713	1141	925	1009
Fbxo38_+_62548616.23-P1P2	Fbxo38	758	893	653	687	873	257	158	393	385	265	402	536	729	619	440	585	485
Sptlc2_+_87387830.23-P1P2	Sptlc2	2006	3113	1774	2672	2449	805	958	855	1389	642	1459	1612	2173	2443	2175	1432	1681
Sacs_+_61172997.23-P1P2	Sacs	1478	1931	1655	2267	1698	378	654	566	1044	302	994	1249	1677	2031	1361	915	1298
Psmc4_+_28050004.23-P1P2	Psmc4	1804	1652	1651	2179	987	169	417	500	626	317	490	459	749	818	656	762	619
Tubal3_-_3924751.23-P1P2	Tubal3	470	588	656	991	535	164	387	362	339	167	376	681	777	773	600	397	297
Gfap_-_102896983.23-P1P2	Gfap	1779	1625	1569	2058	1802	439	763	817	870	634	837	1253	1558	1534	1241	1082	853
Wnt10a_+_74792081.23-P1P2	Wnt10a	2288	2259	1556	2648	2127	754	809	990	1464	580	991	1139	1995	1960	1684	1131	1321
Eif2s1_+_78862253.23-P1P2	Eif2s1	1645	2392	1520	2136	1996	546	773	681	1374	404	894	1059	1372	2051	1466	951	1080
Atp2a1_+_126463089.23-P1P2	Atp2a1	1519	3140	2362	2714	2805	690	799	878	1278	656	1593	1332	1957	2220	1455	1476	1301
Pparg_-_115361329.23-P1P2	Pparg	1708	2138	2182	2553	1995	373	816	520	1464	600	948	1586	1685	2248	1405	1084	954
Aqp1_-_55336735.23-P1P2	Aqp1	1868	2800	2250	2545	2754	647	1046	965	1889	718	957	1753	2039	2645	1869	1505	1627
Dio2_+_90738694.23-P1P2	Dio2	1108	1483	1074	1422	1432	446	435	734	766	322	636	638	951	1271	798	632	817
Rmdn2_-_79615273.23-P1P2	Rmdn2	2405	3488	2519	3255	3411	864	1230	1339	1657	740	1739	1824	2618	3044	1789	1570	1756
Plcb2_-_118728306.23-P1P2	Plcb2	1427	2242	2013	2314	2157	459	768	694	1036	474	1087	1098	2054	1755	1312	1001	1245
Taf2_+_55072116.23-P1P2	Taf2	1620	3032	2313	2752	2488	627	954	1181	1339	736	1074	1633	2141	2407	1821	1099	1229
Trpm2_+_77969742.23-P1P2	Trpm2	1613	2124	1410	1927	1855	458	700	751	1277	593	851	1271	1213	1938	937	1150	950
Mbp_+_82554569.23-P1P2	Mbp	2923	3595	2716	3849	3091	1052	1268	1119	1635	860	1513	1636	2338	2844	2291	1750	1775
Hspa14_-_3512722.23-P1P2	Hspa14	1851	2271	2063	2337	2113	624	957	859	1276	669	1314	1481	2061	2112	1660	1543	1119
Zfp78_-_6363347.23-P1P2	Zfp78	2274	2769	2472	2805	3158	826	1101	987	1836	725	1265	1414	2263	2227	1963	1533	1263
Ina_+_47014705.23-P1P2	Ina	1457	1816	1149	2184	2156	507	824	909	1164	575	861	951	1293	1454	1043	1013	852
Myc_-_61985600.23-P1P2	Myc	762	1087	913	1327	1119	390	476	396	808	247	628	570	996	902	645	501	569
Nrros_+_32165450.23-P1P2	Nrros	2164	2930	2151	3231	2734	625	1095	941	1657	679	1469	1933	1779	2447	1888	1424	1281
Pmp2_-_10197220.23-P1P2	Pmp2	1674	2120	1871	1819	1359	364	678	559	958	338	700	926	1040	1693	1303	905	1153
Bap1_-_31251659.23-P1P2	Bap1	1815	2050	1285	2282	1888	454	713	787	1132	518	980	1061	1464	1697	1276	1200	1223
Abhd16a_-_35089276.23-P1P2	Abhd16a	2515	2407	2283	2761	2435	580	1072	977	1576	702	1436	1713	2379	2122	1778	1276	1346
Med25_+_44892402.23-P1P2	Med25	1262	1348	907	1514	1562	519	658	741	1035	435	710	858	1241	1598	1061	851	922
Anxa11_-_25842229.23-P1P2	Anxa11	2347	2636	1918	2480	2421	574	970	1065	1338	545	1069	1369	1966	2430	2104	1233	1223
C9_-_6445381.23-P1P2	C9	1010	1362	771	1560	1258	460	559	417	648	260	650	676	784	986	919	594	437
Tbk1_+_121586718.23-P1P2	Tbk1	1267	1640	1298	1896	1646	311	640	589	751	525	672	897	1324	1804	1011	892	846
Cacna1a_+_84415356.23-ENSMUST00000121390.1	Cacna1a	1186	1820	1219	1681	1627	518	756	563	919	362	883	929	1500	1737	1138	1085	1076
Hspa1b_+_34959239.23-P1P2	Hspa1b	1256	1649	1684	1762	1816	375	693	766	1116	512	584	827	1702	1666	1412	1016	757
P2ry2_+_101011951.23-P1P2	P2ry2	2418	2323	2089	2842	2613	668	931	1037	1254	607	1020	1520	1745	1766	1440	1296	1302
Lmna_-_88503151.23-P1P2	Lmna	781	1679	1163	1677	1194	368	598	593	959	397	675	681	1221	1280	761	687	754
Prps1_+_140456667.23-P1P2	Prps1	1314	1809	1013	1637	1414	442	627	763	1090	499	689	868	1229	1471	837	679	888
Tyrp1_-_80834275.23-P1P2	Tyrp1	2030	2298	2191	2467	2588	458	770	834	1212	488	1342	1222	1658	1568	1556	1457	995
Bax_-_45466810.23-P1P2	Bax	1560	1844	1180	1922	2100	546	847	818	1126	536	837	1298	1764	1797	1183	987	1050
P2ry2_+_101011964.23-P1P2	P2ry2	2629	3390	2238	3651	3381	856	1499	1233	1975	787	1498	1635	2624	3164	1913	1873	1539
Hk1_+_62340120.23-P1P2	Hk1	1461	1562	1536	1861	1394	389	509	624	815	377	646	928	990	1027	1149	820	800
Fxn_+_24280533.23-P1P2	Fxn	1664	2237	1595	2211	1703	361	820	570	1028	349	995	1404	1564	1785	850	1199	943
Il2_-_37125975.23-P1P2	Il2	1744	2086	2036	2402	2424	692	1066	699	1215	578	1287	1484	2040	2193	1980	1133	1271
Wnt7a_+_91410882.23-P1P2	Wnt7a	1649	1851	1135	2220	1953	418	721	960	909	492	836	1082	1532	1962	926	1182	884
Trp73_-_154097118.23-P2	Trp73_P2	1788	2034	2068	2266	2272	700	629	728	1017	583	1049	1463	1716	2028	1486	1219	1372
Aspa_-_73324342.23-P1P2	Aspa	1398	1462	1515	1636	1509	396	558	599	792	387	565	993	1174	1329	1218	1002	1042
Hras_-_141193954.23-P1P2	Hras	1944	2791	2427	2831	1897	561	1130	1124	1893	842	1435	1350	2006	2542	1805	1134	1156
Notch3_+_32166647.23-P1P2	Notch3	1726	2463	1533	1992	1687	675	779	733	1373	579	1056	1402	1868	1696	1530	1167	1048
Ins1_-_52264557.23-P1P2	Ins1	2805	4386	2861	3648	3354	939	1336	1406	2023	874	1620	1988	2968	3270	2786	2040	1900
Slc5a7_-_54298651.23-P1P2	Slc5a7	1381	2369	1836	2375	2575	747	939	1094	1286	658	980	1352	1914	2240	1440	1054	971
Arih1_-_59486638.23-P1P2	Arih1	2282	2879	2264	3412	3367	881	1291	1220	2035	741	1396	1928	2816	2844	2048	1615	1686
Dtymk_+_93801902.23-P1P2	Dtymk	1213	1849	1059	1841	1506	434	665	593	1173	340	687	1112	1412	1663	1561	1157	946
L1cam_+_73880765.23-P1P2	L1cam	2460	3542	2342	3055	2386	879	946	1075	1558	802	1499	1635	2465	2720	2007	1900	1423
Ctrl_-_105933815.23-P1P2	Ctrl	1797	2245	1858	2056	2016	630	827	863	1165	398	962	1264	1247	2140	1609	1227	1249
Nqo1_+_107403014.23-P1P2	Nqo1	2080	2645	2327	2946	2555	711	913	987	1528	674	1081	1473	1836	2028	1716	1357	1498
Ids_-_70364884.23-P1P2	Ids	1658	2349	1854	2906	2240	648	912	1043	1267	636	1257	1815	1662	2229	1422	1136	1615
Gigyf2_-_87327102.23-P1P2	Gigyf2	1240	1397	1509	1995	1137	510	638	682	917	320	629	431	1126	1329	1006	864	778
Elavl3_+_22051939.23-P1P2	Elavl3	1885	2303	1776	2481	1836	646	940	954	1341	568	752	1433	1990	2139	1628	1188	1170
Pou5f1_-_35506050.23-P1P2	Pou5f1	1660	2231	1807	2683	2316	533	854	950	887	535	1103	1097	1695	2195	1541	1010	1267
Dagla_+_10304597.23-P1P2	Dagla	1864	2338	1776	2328	1860	492	679	963	1447	598	779	1306	1758	2002	1433	1105	949
Vps53_-_76179613.23-P1P2	Vps53	1021	1008	792	1271	715	293	447	241	495	233	353	607	587	881	661	417	423
Raf1_-_115676501.23-P1P2	Raf1	1325	1516	1771	2056	1696	514	504	511	948	368	618	903	1425	1692	1021	931	957
Dnah7c_+_46609334.23-ENSMUST00000178395.1	Dnah7c	1783	1982	1689	2207	2360	605	931	852	1555	626	1026	1456	1935	2183	1549	1303	1227
Sirt4_-_115484126.23-P1P2	Sirt4	1545	2042	1935	2639	2329	479	550	793	960	576	830	1007	1267	1806	1313	1180	1351
Atp5g3_+_73911240.23-P1P2	Atp5g3	1121	1388	1483	1326	1455	484	672	881	828	412	886	946	1074	1392	1035	817	667
Syn1_-_20920873.23-P1P2	Syn1	1300	1981	2055	2148	1731	502	704	946	1462	469	1335	1003	1272	1920	1511	915	978
Psmd2_-_20651719.23-P1P2	Psmd2	1455	1285	1200	1858	746	158	284	167	411	181	373	355	741	682	559	316	359
Cyp2u1_+_131303137.23-P1P2	Cyp2u1	1416	2276	1492	2276	2105	497	1013	719	1342	520	686	1473	2002	2291	1178	1071	1052
Hspa5_-_34772127.23-P1P2	Hspa5	1420	1415	1234	1740	933	313	418	370	594	223	694	593	772	924	867	480	516
Wnt3_+_103774199.23-P1P2	Wnt3	995	990	886	1119	1171	316	394	312	517	305	405	727	839	977	1107	516	522
Uqcrc2_-_120635274.23-P1P2	Uqcrc2	1571	1927	1629	2177	1772	526	843	921	1222	575	591	1059	1353	1992	1188	1211	886
Th_-_142899941.23-P1P2	Th	902	1027	1265	814	1119	409	313	486	498	367	601	762	661	1155	580	411	649
Egr2_-_67537969.23-P1	Egr2_P1	1685	1952	1293	2476	2085	849	629	693	1286	550	760	1398	1750	2152	1481	1163	1122
Actr10_+_70937929.23-P1P2	Actr10	1695	2150	1844	2575	1619	436	760	625	785	543	969	804	1310	1923	1391	931	960
Cxcr4_-_128592263.23-P1P2	Cxcr4	1340	1577	1507	2189	1806	453	673	676	1102	498	1136	979	1475	1870	1340	1062	1018
Prps1_-_140456633.23-P1P2	Prps1	1468	2392	1709	2142	1755	469	620	427	770	485	762	888	1391	1543	1183	1162	1103
Ins2_+_142699488.23-P2	Ins2_P2	2069	2732	2097	2357	2607	578	844	918	1315	672	891	1473	1958	2214	1737	1362	1386
Lamc2_-_153186515.23-P1P2	Lamc2	1863	2475	2901	3607	2793	519	999	810	1546	589	1213	1456	2228	2314	1866	1478	1610
Wnt16_-_22288310.23-P1P2	Wnt16	993	1909	1111	1742	1630	374	614	372	1035	281	672	846	1152	1374	1067	685	751
Ftl1_+_45459843.23-P1P2	Ftl1	1067	1125	673	1038	825	162	287	165	527	248	441	488	748	827	548	514	595
Atp5j_+_84834799.23-P1P2	Atp5j	2316	2794	2116	3657	2842	844	1052	1243	1678	855	1267	1347	2102	2745	1832	1359	1532
Taf15_+_83473166.23-P1P2	Taf15	1530	1657	1138	1962	1904	467	577	592	1109	584	961	1143	1574	1684	1067	1040	984
Tpp1_+_105752147.23-P1P2	Tpp1	1488	1772	1442	1690	2092	365	459	732	748	410	878	648	1176	1639	1163	931	888
Wwox_-_114439742.23-P1P2	Wwox	2165	2929	1870	3065	2465	577	980	1207	1547	566	1344	1286	2279	2093	1678	1575	1505
Ptprc_+_138175105.23-P1P2	Ptprc	1282	1387	1117	1566	1706	292	554	633	981	252	641	1028	1017	1342	1261	734	891
Oard1_+_48410025.23-P1P2	Oard1	1920	2575	2029	2512	2043	592	834	889	1407	695	858	1301	2228	2451	1354	979	1309
Eif2s2_+_154892681.23-P1P2	Eif2s2	2288	2399	1989	1871	1787	607	726	706	1257	566	916	1267	1902	1808	1606	1160	1312
Slc12a1_-_125152596.23-P1P2	Slc12a1	1717	1884	1651	2170	1669	435	593	799	996	462	822	833	1180	1282	1486	959	1186
Eif2b2_-_85219548.23-P1P2	Eif2b2	1278	1563	1200	1747	1134	396	425	186	825	295	603	645	865	840	679	802	558
Actr1b_+_36709672.23-P1P2	Actr1b	1502	1960	1848	1823	2040	409	740	671	1277	361	768	918	1987	1830	1135	872	948
Ndufb5_-_32737084.23-P1P2	Ndufb5	2183	2388	2041	3078	2389	683	841	1125	1654	617	1373	1834	1999	2395	2218	1450	1474
Phex_+_157415183.23-P1P2	Phex	1051	1137	859	1459	1367	376	481	447	663	303	502	786	999	1215	990	703	687
Vcam1_+_116129432.23-P1P2	Vcam1	1694	1964	1883	2288	1565	452	872	696	1022	394	975	960	2000	2043	1512	1133	1127
Cyp2d40_+_82763757.23-P1P2	Cyp2d40	2277	2419	2107	2875	2642	816	1175	1146	1659	788	1310	1339	2547	2644	2003	1579	1674
Aars2_-_45506906.23-P1P2	Aars2	2562	3210	2074	3089	2228	654	886	802	1157	544	1273	1219	794	1189	1229	844	649
Ccnf_+_24251319.23-P1P2	Ccnf	1775	2006	1454	2307	1979	494	779	541	976	423	806	899	1310	1559	1319	935	1117
Trim2_+_84259729.23-P2	Trim2_P2	1439	1706	1543	1736	1617	463	809	773	1210	440	1041	1018	1607	1771	1350	996	958
Zfp74_-_29954049.23-P1P2	Zfp74	811	894	760	1142	1093	265	498	379	725	298	591	582	1274	926	724	508	445
Ubtf_-_102318938.23-P1P2	Ubtf	1628	1956	1916	1803	2067	576	667	731	1035	686	952	1223	1474	2030	1248	1047	939
Hspa5_-_34772098.23-P1P2	Hspa5	1368	1793	1669	1999	598	181	386	349	429	212	242	292	581	604	564	296	243
Fat2_-_55336552.23-P1P2	Fat2	1046	727	1007	1478	1114	309	528	616	562	263	416	567	1074	811	615	549	591
Echs1_-_140116386.23-P1P2	Echs1	1113	1704	1344	1524	1481	297	455	459	896	296	573	981	940	1493	576	639	645
Pnpt1_+_29130731.23-P1P2	Pnpt1	1749	1877	1647	2092	2274	500	648	900	952	478	796	1165	1379	1946	1534	1129	997
Tubb6_-_67390921.23-P1P2	Tubb6	2225	2841	2176	2300	2322	840	831	832	1460	618	1123	1641	1479	1984	1912	1134	1014
Ttbk2_+_120850361.23-P1P2	Ttbk2	1578	1974	1818	2082	1812	667	852	583	1141	491	1025	981	1525	1768	1253	849	1038
Ndufb8_+_44555412.23-P1P2	Ndufb8	3613	3800	3419	4741	4230	1181	1443	1741	2926	1023	1872	2247	3496	3880	3235	2094	2134
Dnah2_+_69544317.23-ENSMUST00000035539.5	Dnah2	1678	1688	1114	1983	1567	461	396	495	888	378	848	882	1697	1711	1264	919	1062
Mthfr_-_148041210.23-P2	Mthfr_P2	2277	2021	1686	2521	2623	634	911	1085	1275	625	1007	1246	1672	1945	1320	1384	1264
Disc1_-_125054110.23-P1P2	Disc1	1290	1769	1778	1910	1653	437	628	600	863	475	621	954	1142	1653	1081	770	967
Bag6_-_35135241.23-P1P2	Bag6	1777	2089	1414	2325	2011	583	922	1086	1078	450	906	952	1963	2136	1412	1003	1247
Ndufb10_+_24724355.23-P1P2	Ndufb10	1978	2868	2230	2487	1732	532	840	1054	940	457	843	1034	1869	1658	1588	1289	1657
Lsm2_+_34981917.23-P1P2	Lsm2	1225	1310	1138	1551	1499	402	516	416	923	342	634	802	603	1263	881	653	796
Vegfb_-_6987340.23-P1P2	Vegfb	1504	1528	1161	1563	1305	373	489	415	577	333	673	401	987	1306	802	848	595
Tmem184b_-_79403247.23-P1P2	Tmem184b	1936	1796	1880	2200	2091	510	819	820	992	592	878	1080	1856	1869	1583	1213	1146
Axin1_+_26138775.23-P1P2	Axin1	1650	2677	1704	2760	2383	668	910	985	1214	511	1106	1155	2089	2106	1497	1367	1091
Ngb_-_87102131.23-P1P2	Ngb	2351	2882	2316	3121	3141	672	1294	1297	1774	839	1367	1547	2431	2952	2243	1575	1666
Chek2_-_110840048.23-P1P2	Chek2	1365	2070	1628	1521	1804	479	658	593	985	376	906	1047	1051	1599	928	856	1098
Trp53_-_69580446.23-P1P2	Trp53	1100	1378	635	1237	1596	314	612	280	612	182	412	406	897	878	1041	572	602
Chrm3_-_9878928.23-ENSMUST00000063093.9	Chrm3	1577	1799	1753	2055	1907	597	743	754	1012	446	753	1001	1625	1433	1395	889	964
Nfkbia_+_55492309.23-P1P2	Nfkbia	795	1062	819	1325	1080	325	414	481	745	387	648	801	1014	1155	650	453	572
Npc1_-_12236302.23-P1P2	Npc1	1261	1747	1214	2025	1710	407	914	690	1276	610	681	964	1681	1481	1029	769	762
Dnah11_+_118198865.23-P1P2	Dnah11	1860	2604	2101	2663	2434	581	1160	994	1358	713	1340	1869	2298	2862	2041	1257	1567
Rab8a_+_72161714.23-P1P2	Rab8a	950	1027	1164	1413	1303	314	485	431	711	439	525	599	662	964	760	691	632
Cd40_+_165055673.23-P1P2	Cd40	2494	2931	2968	3147	2816	825	1202	1630	1936	839	1456	1941	2370	2883	1898	1846	1657
Ang5_-_43957037.23-P1P2	Ang5	1520	2384	1065	1829	1713	364	528	518	1042	334	830	835	1442	1762	1263	1201	981
Clcn2_+_20716067.23-P1	Clcn2_P1	1295	2100	1382	1878	1693	464	607	792	1240	461	1003	831	1313	1534	1295	876	940
Nos1_-_117841978.23-P1P2	Nos1	1246	1516	1173	1583	1637	413	549	349	1030	361	700	1233	1050	1447	1045	737	941
H2-M10.3_-_36368214.23-ENSMUST00000073546.3	H2-M10.3	1507	1719	1608	1962	1895	383	715	446	1012	403	722	921	1476	1934	1303	972	1209
Atg7_-_114643164.23-P1P2	Atg7	915	1691	1246	1410	1159	380	395	853	983	362	641	958	972	1477	756	717	752
Scarb2_-_92505479.23-P1P2	Scarb2	2014	2558	2003	2503	2383	799	980	857	1502	568	1112	1662	2120	2374	1773	1248	1343
Cox6c_+_35938166.23-P1P2	Cox6c	2483	3336	2178	3673	3220	816	1439	1253	2368	681	1663	1773	2841	3189	2427	1816	2032
Ppp3ca_+_136670155.23-P1P2	Ppp3ca	3005	4132	3957	4048	4233	1024	1830	2160	2256	1002	2070	2409	3024	3732	2595	2169	2299
Ntf3_-_126166687.23-P2	Ntf3_P2	1811	1586	1930	2017	1915	650	896	675	1409	521	1163	1068	1958	1774	1390	1002	851
Gpx6_-_21312276.23-P1P2	Gpx6	2331	2191	2425	1902	2264	646	842	1162	1341	726	1290	1155	2035	1795	1425	1376	1407
Echs1_-_140116398.23-P1P2	Echs1	1564	1883	1879	2576	1786	385	715	775	1368	499	1075	1420	1779	2148	1375	1140	1480
Nt5c2_-_46962286.23-P1P2	Nt5c2	1840	2251	1995	2118	2072	673	887	903	992	658	1031	1682	1623	2235	1728	1147	1098
Rho_+_115931975.23-P1P2	Rho	1455	1919	1670	2114	2211	662	663	673	876	325	687	1112	1462	1744	1303	1181	875
Camk2a_+_60925656.23-P1P2	Camk2a	994	1176	1158	1245	879	482	427	564	656	285	622	742	767	1199	834	677	480
Mfn1_+_32529564.23-P1P2	Mfn1	2486	2387	2242	2806	2853	582	1045	1145	1557	717	994	1793	2009	2844	1703	1366	1561
Pklr_-_89136177.23-P1P2	Pklr	700	1381	1018	1231	1218	304	498	488	886	263	520	861	1205	1222	873	774	770
Wnt4_-_137277565.23-P1P2	Wnt4	1963	2772	2066	2597	1783	653	963	725	1334	652	1305	1400	1682	2750	1469	1128	1161
Abcd1_+_73716795.23-P1P2	Abcd1	1185	1347	870	1141	1304	345	506	842	884	328	539	632	1153	1379	1113	741	476
Ndufs3_+_90904672.23-P1P2	Ndufs3	2452	3505	2565	4283	3093	876	1228	1651	2229	975	1359	2078	2145	2634	2102	1649	1524
Dnah10_+_124725180.23-P1P2	Dnah10	1522	1816	1532	2178	1971	530	724	923	1281	654	792	940	1580	2112	1544	1119	1186
Atl1_-_69893290.23-P1P2	Atl1	1559	1898	1340	1903	1943	605	857	542	1254	418	674	1164	1835	1656	1266	995	1001
H2-M10.4_-_36462296.23-ENSMUST00000057502.7,ENSMUST00000169950.1	H2-M10.4	1928	3101	2125	3187	3309	745	1174	1069	1368	610	1241	1527	2148	2856	1992	1828	1237
Serpina1b_+_103828018.23-P1P2	Serpina1b	564	1048	845	912	818	263	267	339	598	193	285	516	829	782	721	481	424
Vps37a_+_40511890.23-P1P2	Vps37a	1696	1955	1563	2357	2429	568	607	723	1179	387	584	1188	1242	1611	1357	931	1027
Prps1l3_-_57230659.23-P1P2	Prps1l3	473	491	425	464	544	148	164	86	275	123	279	380	417	523	412	325	259
Hmgb1_+_149051418.23-P2	Hmgb1_P2	1528	1568	1356	2115	1528	526	644	473	1034	441	599	976	1389	1423	1083	933	1204
Wnt3_+_103774274.23-P1P2	Wnt3	1538	1577	878	1590	1547	344	570	494	1040	361	669	1158	1274	1473	598	911	563
Supt3_+_44777372.23-P1P2	Supt3	1392	1252	1316	1624	892	266	371	508	1030	393	669	791	1227	1097	841	909	681
Tpp1_+_105751986.23-P1P2	Tpp1	1667	2032	1605	1895	1732	599	833	1051	1223	552	966	1168	1709	1819	1392	1084	869
Gigyf2_-_87327062.23-P1P2	Gigyf2	1057	1106	1007	1366	1246	344	532	312	571	275	640	603	1266	1166	766	1003	784
Ppt1_+_122836265.23-P1P2	Ppt1	2764	3279	2582	3405	2587	876	1213	1083	1742	695	1456	2059	2202	2554	1695	1731	1653
Map3k11_+_5688956.23-P2	Map3k11_P2	2637	3456	2758	3850	2732	635	1241	1290	1918	864	1635	1869	2847	3091	1941	1669	1725
Cpt1c_+_44974752.23-P1P2	Cpt1c	1353	1220	592	1085	1079	279	447	566	587	400	483	663	729	998	467	774	566
Ampd2_-_108086371.23-P1	Ampd2_P1	945	1666	1525	1639	1881	343	667	823	653	235	498	750	1269	1326	1170	878	687
Uba5_+_104063058.23-P1P2	Uba5	1841	2516	1847	2309	1871	514	898	767	1057	564	896	1049	1426	1471	1115	984	1028
Il18_+_50554929.23-P1P2	Il18	1664	2075	1999	2190	1599	494	750	927	1265	564	1074	1229	1301	1558	1516	1067	1065
Sqstm1_+_50202808.23-P2	Sqstm1_P2	1450	1438	901	1319	1274	482	421	452	958	400	624	716	1096	1425	975	783	737
Ucp2_-_100493402.23-P1	Ucp2_P1	1619	2521	1458	2017	2232	434	926	802	1116	496	1103	1558	1741	2172	1159	1192	1071
Dio2_-_90738669.23-P1P2	Dio2	2137	2701	1740	2926	2156	560	738	698	1683	765	1131	1466	2140	2745	1800	1490	1450
Tubb2b_-_34130331.23-P1P2	Tubb2b	1148	1606	1728	1589	1731	518	564	582	1139	343	801	1252	1501	1514	1319	907	823
Sds_+_120476522.23-P1P2	Sds	1722	1736	1326	2249	1874	451	779	815	872	382	1158	1069	1734	2067	1568	1074	873
Sox2_+_34650085.23-P1P2	Sox2	957	1562	1028	1254	950	243	501	537	668	240	640	675	836	1021	1022	639	587
Afg3l2_-_67448931.23-P1P2	Afg3l2	2279	2831	2433	3161	2557	515	784	659	1464	504	837	999	1192	1248	1089	921	799
Apoe_+_19699036.23-P1P2	Apoe	817	907	1144	1298	882	157	529	418	549	228	417	499	829	812	916	432	709
Pax6_+_105668949.23-P1	Pax6_P1	1741	1866	1645	1730	1931	508	708	728	813	408	708	1056	1354	1561	1438	980	667
Hras_-_141193721.23-P1P2	Hras	2314	3366	2040	2954	2562	587	1278	1025	1323	645	1280	1587	1921	2522	2024	1730	1441
Hnrnpdl_-_100038643.23-P1P2	Hnrnpdl	2050	2259	1689	2356	1923	679	869	853	1449	518	1556	1429	2066	2296	1699	1375	1392
non-targeting_03178	non-targeting	1327	1650	1511	1661	1668	412	825	589	1062	349	573	880	1121	1793	1167	694	820
Cxcr4_+_128592228.23-P1P2	Cxcr4	1242	1889	1819	1764	1539	384	713	976	856	340	768	1326	1257	1642	1324	1069	926
Atg13_-_91710570.23-P1P2	Atg13	2379	2352	2073	2727	2567	761	984	932	1364	514	1254	1299	1868	2584	1699	1502	1351
Ube2g2_-_77622349.23-P1P2	Ube2g2	2179	3232	2723	3148	2716	700	1014	1140	1764	598	1257	1562	2337	2572	1741	1460	1448
Zfp629_+_127615173.23-P1P2	Zfp629	2835	2812	1778	2810	2212	616	934	1036	1643	589	1173	1276	2216	2464	1584	1699	1789
Tgm2_-_158146333.23-P1P2	Tgm2	2088	3015	2248	3165	2386	958	1181	1139	1762	718	1315	1745	2391	2559	1741	1600	1263
Lrriq3_+_155093588.23-P1P2	Lrriq3	3098	3656	2847	4141	3264	1045	1278	1507	2019	852	1775	2261	3357	3464	2496	1884	2184
Zbtb20_-_43621307.23-P1P2	Zbtb20	1083	1541	1466	1608	1570	356	620	535	948	425	610	908	1490	1387	1104	970	877
Grin2c_+_115267060.23-P1P2	Grin2c	1215	1609	1527	1695	1709	550	655	560	880	415	789	944	1361	1392	1247	812	654
Hk1_-_62340088.23-P1P2	Hk1	2065	2646	1910	2686	2574	636	936	1224	1540	790	974	1965	1875	2450	1579	1187	1137
Psma7_-_180042395.23-P1P2	Psma7	1263	1939	1290	1692	1829	448	518	581	1149	451	931	987	1347	1499	1488	1089	752
Tbcd_-_121452206.23-P1P2	Tbcd	2378	2869	1891	3285	2883	647	1020	1100	1309	647	1336	1460	1759	1988	1811	1061	1265
Klk6_-_43824625.23-P1P2	Klk6	1107	1616	1299	1508	1099	277	437	615	850	396	527	793	1081	1216	858	506	706
Dnajc10_-_80315778.23-P1P2	Dnajc10	1588	2382	1982	3010	1981	759	839	995	1392	578	1241	1195	2229	2220	1583	1445	1272
Unc80_-_66467960.23-P1P2	Unc80	677	1164	824	1142	1035	315	387	505	449	257	466	740	683	910	672	481	487
Nos1_+_117841895.23-P1P2	Nos1	2590	3335	2699	3454	2746	848	1092	1226	1814	894	1647	1942	2327	2905	1883	1939	1565
Hes3_+_152291378.23-P1P2	Hes3	1037	1230	1140	1593	1060	390	289	292	476	320	550	745	704	1219	820	788	459
Dnah8_-_30624395.23-ENSMUST00000170651.1	Dnah8	2131	2717	2159	2642	2148	724	1007	957	1631	617	1077	1642	1821	2558	1454	1192	1269
Ogdh_-_6291653.23-P1P2	Ogdh	2494	3808	2982	3880	2841	836	1019	926	1691	887	1193	1920	2627	2293	2222	1562	1682
Sirt3_+_140881736.23-P1P2	Sirt3	2829	2859	2213	3114	3197	698	1267	1491	1579	616	1252	1588	2035	2902	1856	1439	1389
Tsen2_-_115544999.23-P1P2	Tsen2	1900	2008	1512	2099	1825	356	754	617	847	523	674	551	1215	1525	924	890	942
Grid2_+_63256022.23-P1P2	Grid2	2034	2262	1858	1924	1868	438	620	715	998	590	557	1091	2074	1530	1283	876	829
Cdc42_+_137357658.23-P1P2	Cdc42	1282	1787	1497	1837	1178	436	620	904	782	467	747	902	1641	1378	1173	878	911
Hnrnpa2b1_-_51469826.23-P1P2	Hnrnpa2b1	1484	1794	1386	2316	2193	399	755	696	1036	439	540	911	1709	1634	1230	1171	1208
Sptlc1_+_53377336.23-P1P2	Sptlc1	1780	2209	2533	2697	2144	646	709	1043	1125	713	948	1270	1688	1458	1242	1115	1026
Prdm12_+_31639815.23-P1P2	Prdm12	478	921	450	496	725	217	201	236	355	118	198	257	497	514	317	259	461
Cyc1_-_76343542.23-P1P2	Cyc1	1642	2220	1812	2296	2080	435	747	949	1151	589	962	883	1627	1826	1451	1064	1080
Emc1_-_139352642.23-P1P2	Emc1	2465	3059	2774	3280	2798	909	874	1457	2147	852	949	2177	2516	2627	1545	1743	1667
H2-M11_+_36547132.23-ENSMUST00000041964.6	H2-M11	2872	3463	2624	4047	3144	695	1266	1286	2027	705	1488	1866	2344	3136	2090	1741	1977
Serpina1c_+_103904938.23-P1P2	Serpina1c	2327	3274	1937	3164	2803	808	1176	777	1326	566	1492	1797	2183	2563	1743	1448	1371
Cxcr4_-_128592243.23-P1P2	Cxcr4	1925	2805	1546	2513	2245	656	808	955	1018	632	1265	1495	1996	2332	1955	1130	1347
Slc1a1_-_28835132.23-P1P2	Slc1a1	1145	1570	1459	1968	1556	499	614	422	806	555	898	1012	772	971	966	642	683
Gsr_+_33653648.23-P1P2	Gsr	1992	1957	1665	2153	1755	322	864	983	914	337	633	1015	1534	1787	1177	965	1073
Tgm6_+_130123346.23-P1P2	Tgm6	1513	2215	1776	2206	1983	502	790	802	1273	477	943	1312	1261	1764	1453	1062	1127
Spg7_-_123065731.23-P1P2	Spg7	2081	2285	1563	2860	1926	629	741	838	1300	631	1147	1484	1628	2107	1338	1130	1017
Cyp2d11_-_82394046.23-ENSMUST00000170255.1	Cyp2d11	1042	1714	1054	1487	1507	363	566	446	1091	255	857	948	1309	1632	1174	796	700
Wnt5a_+_28504600.23-P2	Wnt5a_P2	1113	1298	1259	1227	1348	367	655	634	727	332	691	923	1143	1314	1116	674	774
Ung_+_114131296.23-P1P2	Ung	2253	2270	1395	2414	2748	595	924	957	1543	627	1074	1460	2150	2234	1360	1467	1456
Tubb4b_-_25224403.23-P1P2	Tubb4b	1428	1581	959	1381	1242	320	554	345	673	317	797	700	909	1399	1027	793	606
Bcl2_+_106714185.23-P1P2	Bcl2	2346	2549	2641	3237	2948	784	1127	939	1708	829	1494	1719	2494	2814	2018	1428	1685
Pde8b_+_95250248.23-P1	Pde8b_P1	1241	1897	1204	1344	1399	468	732	439	976	482	708	1009	1626	1460	1141	1052	1056
Mfn1_-_32529543.23-P1P2	Mfn1	1750	2382	2323	2295	2248	722	858	1112	1407	555	968	1342	1842	2193	1707	1193	984
Keap1_-_21239265.23-P1P2	Keap1	732	834	917	1134	1222	292	560	519	635	330	665	619	960	1061	815	645	785
Ppp2r2b_-_43059389.23-ENSMUST00000025377.7	Ppp2r2b	1855	3000	1942	2869	1935	315	787	590	1054	595	935	1288	1848	2153	1442	1295	1128
Clcn2_+_20716018.23-P1	Clcn2_P1	964	928	859	1345	861	190	472	440	600	311	534	703	844	1098	824	596	794
Vamp1_+_125215588.23-P1	Vamp1_P1	1610	2389	1543	2115	2062	429	770	931	1518	561	869	1343	1406	1818	1407	1024	933
non-targeting_03491	non-targeting	1900	2248	1500	2589	1763	588	689	579	1495	542	865	1400	1613	2325	1163	1053	1458
Kpna3_-_61439660.23-P1P2	Kpna3	2701	3458	2587	3711	3419	813	1459	1313	1591	831	1621	1935	2586	3005	2290	1851	1685
Npc2_+_84772907.23-P1P2	Npc2	2819	3612	2567	3348	2969	928	1345	1350	1673	784	1482	1807	2050	2759	2448	1447	1451
Sirt7_+_120624955.23-P1P2	Sirt7	1136	1419	1096	1374	1485	381	433	723	781	360	510	789	1243	1497	1035	775	718
Ramp2_+_101246476.23-P1P2	Ramp2	951	1245	1031	1177	1182	249	278	343	774	309	582	548	1196	948	642	538	850
Erbb2_+_98412552.23-P1P2	Erbb2	1372	1959	1309	2113	1516	424	599	662	1361	503	826	1131	1530	1766	1036	882	1073
Serpina3m_-_104387455.23-P1P2	Serpina3m	2035	2307	2055	2250	2133	668	952	991	1396	611	1178	1518	2246	2501	1780	1372	1584
Cyp2u1_+_131303140.23-P1P2	Cyp2u1	1466	1505	1214	1679	2037	478	665	578	1334	559	827	931	1178	1539	1146	1095	1055
Ano10_-_122294370.23-P1P2	Ano10	1310	1690	1148	1366	1735	448	710	565	774	309	725	850	1416	1297	980	759	666
Atp2a3_+_72961226.23-P1P2	Atp2a3	3043	2753	2327	3445	3472	866	1329	1024	1831	971	1575	2040	2585	2979	2197	1835	1674
Sbf1_+_89315215.23-P1P2	Sbf1	1323	1617	1112	1636	1707	510	648	734	1084	482	840	1143	1369	1509	876	875	935
Dnajc5_+_181520573.23-P1P2	Dnajc5	1992	2435	1959	2192	2253	637	985	875	1607	439	1090	1352	2297	2063	1301	1101	1236
Pcna_+_132253171.23-P1P2	Pcna	1249	1559	1309	1895	411	61	130	216	261	145	53	51	304	247	141	202	284
Blvra_-_127070693.23-P1	Blvra_P1	1543	2455	1882	2590	2574	666	622	908	1027	471	997	1279	1373	1885	1870	1423	1039
Srr_+_74925641.23-P1P2	Srr	2409	2936	2493	3577	3229	1106	1142	1482	1837	811	1573	1404	3103	3014	2234	1670	1700
Als2_-_59237059.23-P1P2	Als2	861	1295	1038	1425	1474	459	505	371	919	302	828	624	1118	1415	648	519	627
Csnk2a2_-_95488778.23-P1P2	Csnk2a2	2964	4443	2732	3879	3602	1125	1739	1505	2488	1036	1449	2120	2987	3555	2219	2002	2106
Cacna1d_+_30353465.23-P1P2	Cacna1d	1896	3012	1845	2842	2319	505	1051	1046	1326	561	1324	1574	2046	2686	1656	1163	1261
Becn1_+_101302212.23-P1P2	Becn1	1711	2032	1804	2353	2056	430	829	813	1302	453	939	1338	1160	1561	1176	868	957
Prickle1_+_93595878.23-P1	Prickle1_P1	2247	3632	2484	2922	2672	830	1281	1174	1886	568	1316	1535	2471	2445	1942	1813	1525
Aptx_-_40702954.23-P1P2	Aptx	2045	2377	1949	2513	2660	552	1014	1244	1164	583	1361	1386	2018	2857	1742	1173	1246
Rab7_+_88045180.23-P1P2	Rab7	1069	1090	738	1255	1266	296	446	456	813	261	575	727	1108	1395	977	644	760
Il18_+_50554885.23-P1P2	Il18	1392	1756	1474	2164	1707	580	1266	651	1221	530	896	993	1658	1671	1694	1085	951
Mme_-_63296222.23-P2	Mme_P2	2648	3093	2770	3787	3104	864	1384	1581	1689	824	1120	1888	2670	2918	2128	1908	1749
Atrip_+_109074087.23-P1P2	Atrip	2048	2610	1747	2492	2112	571	726	973	1511	615	1100	1254	1873	2140	1306	1374	1247
Atn1_+_124756647.23-P1P2	Atn1	1291	1358	1385	1676	1601	287	662	484	1045	449	813	1057	1388	1386	1100	1005	829
Apod_+_31314587.23-P1P2	Apod	2838	3569	2738	3615	3837	751	1254	1281	1444	823	1381	1790	2619	2719	2637	1779	2070
Atp2a3_+_72961214.23-P1P2	Atp2a3	1769	2062	1521	2396	2529	536	750	1114	1400	566	1093	1066	2193	1914	1768	1066	1262
Aqp1_-_55336643.23-P1P2	Aqp1	687	877	637	1011	1049	305	395	383	492	207	553	711	543	748	853	413	593
Tfam_+_71238009.23-P1P2	Tfam	3127	4119	3590	4993	4279	1170	1486	1736	2713	1043	1517	3016	2970	3554	2747	2299	2367
Maoa_-_16619904.23-P1P2	Maoa	1129	1370	1546	1498	989	251	507	424	884	289	531	713	1112	1276	969	858	722
Exosc3_+_45320614.23-P1P2	Exosc3	1753	2689	2166	2575	2283	657	828	696	1396	606	947	1578	1810	1953	1544	1429	1344
Cox7b_-_106015887.23-P1P2	Cox7b	1117	1538	1560	1627	1323	344	571	1052	737	322	759	707	1273	1097	712	517	715
Gch1_-_47189367.23-P1P2	Gch1	1793	1558	1671	1970	1884	481	714	774	1254	507	994	1086	1666	1911	1577	922	1010
Mgst1_+_138140623.23-P1P2	Mgst1	1063	1302	1242	1672	1458	419	637	499	1124	468	682	932	1279	1832	1313	821	967
Map1b_+_99516527.23-P1P2	Map1b	1089	1574	1146	1657	1336	373	537	736	909	337	731	865	1243	1242	937	706	757
Map2k6_+_110399151.23-P1P2	Map2k6	2593	3164	2378	3123	2353	785	1037	808	1449	687	1238	1561	2639	3070	2078	1688	1328
Lmx1b_-_33640812.23-P1P2	Lmx1b	1026	1614	893	1413	1553	293	492	371	995	388	605	765	1040	1123	924	939	534
Fam83e_+_45721249.23-P1P2	Fam83e	1727	2378	2217	2572	2817	614	1027	1208	1474	685	1043	1377	1821	2292	1586	1412	1307
Atxn2l_-_126503338.23-P1P2	Atxn2l	1140	1615	1251	1541	1675	367	571	380	810	438	760	709	1345	1437	933	751	914
Araf_-_20848564.23-P1P2	Araf	2665	3587	3109	3411	3915	1046	1294	1519	2311	965	1695	2471	2714	3533	2937	1974	2029
Pik3cb_-_99140144.23-P1P2	Pik3cb	2567	3309	2486	3619	3052	912	1137	1703	1527	745	1611	1741	2500	2722	2500	1757	1445
Tmem106b_+_13069899.23-P1P2	Tmem106b	1849	2738	1979	2009	1975	403	783	533	1210	517	1013	1102	1580	1579	1381	1155	1098
Actb_-_142906660.23-P1	Actb_P1	1623	2669	2206	2906	2784	560	1038	1004	1383	686	1315	1230	2390	2463	1749	1316	1515
Dntt_+_41029436.23-P1P2	Dntt	1586	1664	1379	2174	1585	458	721	896	1040	473	789	1185	1432	1569	1367	1119	1182
Rreb1_-_37826085.23-P1P2	Rreb1	3190	4329	3008	4554	4124	1139	1608	1792	1939	1162	1744	2123	3211	4066	2860	2301	2182
Serpinf1_+_75422454.23-P1P2	Serpinf1	1667	1738	1229	2259	1636	517	527	796	1286	639	1095	844	1449	1763	1246	1172	936
Mmp3_+_7445863.23-P1P2	Mmp3	1015	1616	1231	1716	1102	352	612	339	895	258	703	798	985	1409	808	1168	784
Bcl11b_-_108004065.23-P1P2	Bcl11b	2205	3033	2091	2818	3099	485	1053	896	1500	667	1226	1631	2031	2720	1745	1441	1375
Nop56_+_130274471.23-P1P2	Nop56	1584	1700	1631	2091	2148	583	713	971	1220	567	1107	1484	1322	1249	1007	855	1007
Lamc2_-_153186170.23-P1P2	Lamc2	1677	2016	1883	2259	1886	609	646	846	1484	521	1039	1188	1800	2139	1415	1112	957
Neurod1_+_79456630.23-P1P2	Neurod1	1109	2011	1230	1536	1630	493	447	709	1113	385	732	1273	1349	1650	1135	778	691
Txn2_+_77928965.23-P1	Txn2_P1	1964	2290	2055	2200	2299	663	928	706	1441	596	1225	1422	1775	2041	1649	1156	1467
Gcdh_+_84893720.23-P1P2	Gcdh	1508	2196	1646	2169	1864	597	908	999	1254	468	1034	1189	1596	1749	1708	1291	991
Slc11a2_+_100422972.23-P1	Slc11a2_P1	2561	2830	2633	3038	2812	790	1008	1486	1644	660	1645	1847	2725	3096	2103	1948	1524
Cox7b2_+_71548152.23-P1P2	Cox7b2	2372	3001	2224	2959	2847	884	1072	1010	1432	723	1372	1638	2607	2297	1721	1343	1560
Rpgr_-_10216746.23-P1P2	Rpgr	1523	1821	1424	2117	1664	528	664	594	1034	418	905	738	1626	1556	1194	1058	866
Mrpl3_-_105053302.23-P1P2	Mrpl3	963	945	795	858	997	297	479	281	435	209	585	604	552	1001	777	342	401
Sqstm1_-_50202980.23-P2	Sqstm1_P2	1328	1831	1644	1676	2180	603	712	728	1193	385	911	1017	1110	1742	1183	937	974
Tubb1_-_174450731.23-P1P2	Tubb1	673	870	667	890	948	199	386	347	588	243	407	364	598	890	706	449	408
Cycs_+_50566575.23-P1P2	Cycs	1276	1911	1308	1770	2084	368	475	684	908	342	626	1038	1163	2095	1340	1286	1013
Wnt2_-_18030329.23-P1P2	Wnt2	1471	1408	1331	1929	1624	379	699	710	1205	455	533	713	1213	1324	957	1093	939
Itpr2_-_146501982.23-P1P2	Itpr2	810	871	1085	1280	1258	351	409	561	656	383	630	731	853	981	715	614	602
Trim2_+_84220515.23-P1	Trim2_P1	2120	3135	2308	2741	3306	794	1148	1393	1853	725	1600	1944	2601	2844	1906	1635	1468
Snx27_+_94582490.23-P1P2	Snx27	1745	2118	1868	1675	1407	433	664	458	1106	591	835	1229	1687	1511	886	944	906
Plcb2_-_118728347.23-P1P2	Plcb2	1228	1690	982	1665	853	433	499	629	802	352	914	915	1200	1419	956	660	1008
Gstm6_-_107943480.23-P1P2	Gstm6	2596	2245	2504	2891	2725	666	926	1064	1255	528	1046	1467	2458	3068	1869	1757	1469
Hsd17b10_+_152001878.23-P1P2	Hsd17b10	1427	1710	1564	1595	1512	413	601	595	913	478	799	1060	1046	1257	1306	828	971
Pnp_-_50944540.23-P1P2	Pnp	3494	4396	4012	4159	3999	1014	1303	1281	2616	978	1871	2315	3005	3406	2399	2353	2392
Dnajc3_+_118937963.23-P1P2	Dnajc3	1598	1563	1888	2042	2036	553	751	731	1034	517	1057	1107	1303	1737	1135	770	1044
Tnfrsf1b_+_145246821.23-P1P2	Tnfrsf1b	1751	2168	1489	2654	2317	663	947	1112	1092	614	752	1454	1848	2377	1929	1308	1149
Khdrbs1_+_129742267.23-P1P2	Khdrbs1	945	1432	1144	1648	1471	398	585	764	830	250	706	861	1080	1438	851	667	808
Txn1_+_57956016.23-P1P2	Txn1	2987	3489	3372	3964	3662	1020	1278	1633	2092	1134	1425	2211	3000	3244	2228	2435	1905
Dnm2_-_21424959.23-P1P2	Dnm2	1742	2331	1887	2261	2420	443	780	760	1330	563	676	880	1582	1984	1524	1033	1115
Hcrt_+_100762921.23-P1P2	Hcrt	1653	1721	1697	1855	1595	390	456	1033	1030	385	718	899	1599	1885	1737	877	1068
Ripk1_-_34002433.23-P1P2	Ripk1	2279	3321	2453	2909	2585	755	1012	855	1741	679	948	1279	2336	2525	2042	1317	1346
Tuba1a_-_98953489.23-P1P2	Tuba1a	3056	3579	3252	4153	4617	1001	1759	1615	2094	901	1884	2111	2695	3717	2316	1951	2005
non-targeting_04174	non-targeting	955	1352	1292	1695	1048	387	481	645	922	300	813	578	1363	1515	788	725	604
Psmd7_-_107588420.23-P1P2	Psmd7	2763	3229	2777	3310	3534	955	1274	1202	2023	715	1656	1774	2960	3079	2162	1947	1672
Ppp3r2_-_49681990.23-P1P2	Ppp3r2	1411	1858	1807	1765	1503	517	703	512	927	463	539	973	1711	1731	1030	896	927
Slc44a1_+_53440525.23-P1P2	Slc44a1	2303	2587	1749	2366	2124	662	903	623	1310	587	1041	1182	1930	2363	1396	1603	1173
Dctn1_+_83166185.23-P1P2	Dctn1	1769	2428	2017	2253	2266	811	855	831	1555	510	1095	1194	1819	1951	1594	1234	1458
Cln3_+_126583363.23-P1P2	Cln3	899	873	819	886	869	120	342	136	753	321	443	478	770	774	398	469	316
Map2k7_+_4238856.23-P1P2	Map2k7	2169	2257	2000	2735	2958	761	1112	900	1335	606	1037	1427	2295	2345	1980	1524	1257
Ctrl_+_105933769.23-P1P2	Ctrl	1701	2189	2153	2276	2165	448	664	790	1168	508	1215	1261	1457	2025	1464	1096	1152
Htra2_+_83054434.23-P1P2	Htra2	803	1367	1020	1029	1107	278	539	144	762	346	418	596	494	611	449	454	448
Ak4_+_101419714.23-P1P2	Ak4	1288	2083	1479	1765	1865	417	684	513	900	396	925	1105	1849	1890	1376	958	929
Atp5g3_-_73911259.23-P1P2	Atp5g3	889	1107	833	1201	1115	294	428	373	565	360	666	820	947	1321	750	584	474
Pdyn_-_129699756.23-P1P2	Pdyn	1402	2061	1604	2391	1761	497	673	693	985	655	818	1058	1890	2087	1473	1272	1181
Mtpap_+_4375613.23-P1P2	Mtpap	1878	2190	1902	2441	2416	554	877	1134	1559	704	1394	1424	2048	1708	1795	1314	981
Fzd5_-_64737710.23-P1P2	Fzd5	1670	2285	1728	2064	1945	470	794	715	1039	503	893	1362	1530	1407	1211	1020	939
Zfyve27_-_42170613.23-P1P2	Zfyve27	1794	2645	2068	2111	2339	700	926	721	1184	568	780	1657	2226	2530	1224	1221	1087
Trpm2_+_77969761.23-P1P2	Trpm2	1159	1787	1202	1798	1352	546	533	457	1006	492	642	621	1494	1796	923	920	855
Nedd4_+_72662460.23-P1P2	Nedd4	1656	1471	1058	1330	1566	591	552	913	956	540	588	1034	1366	1289	1053	719	986
non-targeting_02745	non-targeting	1266	1670	1156	1914	1715	461	726	858	1318	434	982	1264	1605	1801	1439	1325	1106
Serpina3n_-_104406723.23-P1P2	Serpina3n	1523	1609	1609	2129	1493	419	747	860	1130	425	665	1015	1481	1771	1527	942	1123
Psmc3_-_91054331.23-P1P2	Psmc3	1101	1409	1154	1569	1027	111	303	396	657	222	193	439	564	732	485	507	504
Polr3b_+_84622392.23-P1P2	Polr3b	1692	2493	1239	1994	1360	309	406	461	597	294	599	627	1098	1023	712	630	694
Ppp5c_+_17027611.23-P1P2	Ppp5c	1604	2152	1530	2070	1847	614	721	524	1177	694	1277	1312	1718	1947	1333	1113	994
Psmc6_-_45329868.23-P1P2	Psmc6	2899	2383	2312	2579	2375	823	661	650	995	446	936	1077	1814	1856	1710	1218	1289
Wnt10b_+_98778521.23-P1P2	Wnt10b	2083	2926	2288	3035	2380	663	1164	1080	1742	713	1225	1338	1941	2348	2412	1404	1449
Oxr1_+_41789530.23-ENSMUST00000090095.5,ENSMUST00000022918.7	Oxr1	1856	2655	1838	2770	2417	536	1090	1093	1765	711	950	1556	1622	2034	1574	1366	1380
Folr1_+_101870552.23-P1	Folr1_P1	2001	2905	2183	2940	2710	670	1500	1049	1345	650	1060	1416	1986	2746	1969	1341	1580
H2-M10.5_+_36773111.23-ENSMUST00000041531.6	H2-M10.5	1382	1910	1346	1769	1896	492	758	663	1310	431	1066	1302	1316	1740	1019	1021	959
Rpgrip1_-_52110943.23-P1P2	Rpgrip1	1536	1957	1488	2094	1983	562	843	661	1232	501	568	613	1688	1642	1205	1073	1050
Litaf_+_10993025.23-P1P2	Litaf	3194	4142	2872	4285	3368	935	1283	1536	2002	865	1629	1856	2732	3575	1984	1797	1914
Cox7c_-_86046789.23-P1P2	Cox7c	1110	1781	1367	1933	1633	395	455	572	819	371	691	963	1113	1419	1220	829	977
App_+_85173690.23-P1P2	App	1438	1567	1248	1492	1482	400	627	719	684	386	694	1195	1251	1480	1001	883	843
Pno1_+_17211482.23-P1P2	Pno1	1210	2135	1206	1609	1642	435	830	787	857	612	835	1085	1258	1836	1196	816	927
Apc_-_34220930.23-P1	Apc_P1	1855	2156	1951	2267	2298	508	859	1161	1407	582	996	1556	2071	2526	1403	1369	1595
Chat_-_32465811.23-P2	Chat_P2	546	812	659	807	885	211	311	257	617	203	392	398	468	949	490	466	386
Ndufa9_-_126849104.23-P1P2	Ndufa9	1746	2113	1718	1831	1604	505	629	610	1199	489	887	1061	1563	1516	1164	1243	895
Stmn1_-_134468433.23-P1	Stmn1_P1	1413	2407	1956	2069	2569	567	798	972	1602	592	798	1142	2046	2316	1240	953	1284
Dio2_-_90738804.23-P1P2	Dio2	976	2032	956	1121	954	452	562	353	771	358	629	1020	1243	1577	901	770	728
Acox1_+_116198777.23-P1P2	Acox1	1555	1877	1369	2039	1952	490	806	1094	1120	496	973	973	1692	1692	1135	956	1021
Dnah9_-_66168279.23-P1P2	Dnah9	1321	1639	1329	1890	1764	419	506	636	1129	425	691	807	1353	1498	1007	1010	839
Slc52a3_-_151999953.23-P2	Slc52a3_P2	1842	2061	1640	1792	1698	631	914	820	1120	540	919	1380	1716	2200	1050	1105	1163
Cd44_-_102901415.23-P1P2	Cd44	845	954	846	1239	829	209	373	366	512	305	329	455	530	812	786	643	463
Lep_-_29060253.23-P1P2	Lep	840	1826	1167	1795	1468	397	598	475	1167	377	903	1095	1137	1432	1247	866	820
Fzd6_-_39006380.23-P1P2	Fzd6	2234	3012	2461	3296	3087	826	1264	1377	1724	763	1369	1918	2542	3225	2148	1517	1724
Polr3k_-_181864446.23-P1P2	Polr3k	3301	3447	2879	3624	1525	224	658	657	1055	298	623	788	888	1030	775	777	626
Crp_+_172698102.23-P1P2	Crp	1375	1310	1039	1709	1797	372	528	512	740	335	728	724	1219	1504	1288	1034	1003
Pomc_-_3954956.23-P1P2	Pomc	1214	1609	1384	1841	1540	421	629	675	845	337	693	869	1461	1927	1296	941	840
Ppif_+_25694208.23-P1P2	Ppif	2982	3397	2269	2940	3273	771	978	1539	1888	760	1189	1473	2071	3150	2003	1700	1786
Mpv17_+_31154213.23-P1P2	Mpv17	2765	2950	2910	3272	3543	869	1135	1244	1757	965	1467	1976	2409	2908	2383	1889	1852
Sirt4_-_115484357.23-P1P2	Sirt4	1703	2262	1880	2430	2178	443	888	730	1428	470	848	1245	1599	1979	1394	947	982
Gpx4_+_80053651.23-P1P2	Gpx4	2068	2132	1923	3005	1384	327	586	742	840	405	1015	920	855	936	821	658	460
Kidins220_-_24975155.23-P1P2	Kidins220	2181	2525	1814	2918	1918	616	968	1234	1788	687	1327	1216	1922	2627	1506	1257	1324
Gdnf_-_7811124.23-P1P2	Gdnf	2077	2637	1707	2972	2333	962	1053	1047	1447	732	870	1424	2368	2455	1901	1453	1137
Eif2b2_-_85219558.23-P1P2	Eif2b2	1884	2364	2252	2846	1540	365	599	460	1177	344	624	731	898	908	715	861	762
Hk1_-_62340158.23-P1P2	Hk1	988	1099	711	1063	1114	222	369	412	886	256	337	660	880	698	508	547	490
Ak4_-_101419560.23-P1P2	Ak4	1751	2093	1778	2402	2451	785	1010	1121	1413	651	1027	1569	2209	2417	1523	1498	1260
Wnt8b_+_44493517.23-P1P2	Wnt8b	2418	3174	2327	2672	2819	801	1207	1030	1957	736	1097	1684	2247	2612	2169	1370	1636
Map2k7_-_4238873.23-P1P2	Map2k7	1469	1808	1821	1380	1729	487	745	733	1144	430	599	962	1674	1781	1256	1139	918
Snca_+_60829674.23-P1P2	Snca	1731	2130	1444	2209	1996	660	734	1183	972	461	943	1291	2163	2043	1578	1043	1099
Hmbs_+_44344147.23-P2	Hmbs_P2	2647	2965	2228	3090	2685	801	1037	1376	1729	853	1441	1157	2075	2558	1572	1414	1630
Anxa5_-_36475632.23-P1P2	Anxa5	1580	2645	1960	2172	2336	545	947	1010	1292	430	1211	1732	1759	2215	1635	1347	1313
Wnt3_+_103774251.23-P1P2	Wnt3	906	1256	990	846	978	258	519	528	603	236	574	905	942	1034	1008	579	573
Chchd10_+_75935955.23-P1P2	Chchd10	2122	2669	1995	2504	2482	693	1063	1064	1074	629	978	1477	1943	2102	1986	1457	1337
Kat2b_+_53567044.23-P1P2	Kat2b	1663	2007	1501	2049	2095	688	900	782	1175	568	953	1238	1483	2064	1444	1086	1102
Prkca_-_108343647.23-P1P2	Prkca	2033	1995	2285	2411	2406	633	1012	617	1380	618	949	1217	1685	1835	1880	1034	1171
Nr1h2_+_44553506.23-P1P2	Nr1h2	2342	3111	2513	2994	3148	817	1314	1189	1487	860	1422	1722	2796	3023	1966	1511	1413
Kcnc3_+_44590951.23-ENSMUST00000107906.3	Kcnc3	2688	3052	2790	3783	3341	988	1259	1590	2639	1084	1665	1789	2958	3129	2524	1839	1841
Smpd1_-_105554477.23-P1P2	Smpd1	894	1324	1000	1172	727	413	421	498	766	270	826	791	811	1053	738	646	496
Btn1a1_+_23465850.23-P1P2	Btn1a1	1096	1317	1175	1662	1054	261	515	737	935	485	609	854	978	1381	954	738	858
Gpx4_+_80053929.23-P1P2	Gpx4	1964	3068	2121	3404	1919	595	835	1022	1349	454	841	1304	1280	1406	1410	1097	1075
Cox7b_+_106015985.23-P1P2	Cox7b	1389	2539	2341	2378	2147	566	1013	747	1604	573	1087	1003	1216	1300	1345	867	1107
Sgsm3_-_80977872.23-P1P2	Sgsm3	1532	1632	846	1941	1281	394	824	627	1208	602	681	1356	1097	1751	1178	826	1040
Clcc1_-_108654242.23-P1P2	Clcc1	2995	3693	3043	3422	2973	993	1380	1990	1888	782	1613	2128	2194	3095	2006	1809	1652
Adora1_-_134234785.23-P1P2	Adora1	1788	2388	1745	2283	2093	607	873	944	1051	675	1207	1873	1536	1909	1396	1251	1136
Dstyk_-_132417663.23-P1P2	Dstyk	1995	2700	2141	2754	1852	560	896	635	1348	500	930	910	1596	1405	1398	1030	973
Wnt4_-_137277500.23-P1P2	Wnt4	1359	2120	1184	1926	1787	469	684	837	1090	447	969	1186	1342	1626	1107	1076	820
Lcn2_+_32387722.23-P1P2	Lcn2	2276	2778	2124	3077	2614	793	931	1021	2071	631	1086	1511	1732	2197	1965	1633	1373
Glul_-_153899959.23-P1P2	Glul	1404	2175	1298	1786	1565	260	702	798	1153	433	926	993	1599	1606	1183	884	914
Ucp2_+_100493444.23-P1	Ucp2_P1	1972	1860	1841	2579	2065	792	908	733	1509	521	1251	1266	1688	1933	1409	1055	1164
Slc1a3_-_8710385.23-P1P2	Slc1a3	1857	2428	1745	2715	2598	880	848	967	1363	564	1095	1157	1947	2466	1390	1429	1484
Calm1_-_100199535.23-P1P2	Calm1	1565	2400	2070	2121	2169	525	792	727	825	491	926	1288	1913	1966	1481	987	1052
Ryr3_+_113217036.23-P1P2	Ryr3	1425	1686	1742	2323	2095	495	801	738	1100	463	834	803	1663	1509	1339	988	932
Ube2j2_-_155943902.23-P1P2	Ube2j2	2326	2507	2312	3011	3223	662	1208	1029	1727	885	1431	1809	2480	2613	2014	1712	1629
Oxr1_-_41449141.23-ENSMUST00000179393.1	Oxr1	1214	1538	1088	1809	1346	395	543	551	984	457	742	1069	1220	1409	1031	773	873
Cisd2_+_135423210.23-P1P2	Cisd2	2456	3134	1762	2862	2583	700	925	923	1186	548	1285	2057	2109	2088	2097	1312	1281
Cacna1f_+_7607371.23-P1P2	Cacna1f	1042	899	735	1546	1603	330	452	651	897	413	739	768	972	1287	743	847	627
Pno1_-_17211527.23-P1P2	Pno1	1465	1823	1024	1958	1932	458	886	576	655	358	691	908	1793	1901	1759	1164	1121
Fzd6_+_39006350.23-P1P2	Fzd6	4251	5068	4643	6110	5789	1438	2175	2094	3416	1558	2225	3249	5047	5509	3690	2641	2821
Zfyve27_+_42170631.23-P1P2	Zfyve27	2210	2042	2009	2240	2427	801	784	1262	1450	553	1392	1635	1644	1972	1247	1178	1250
Dctn3_+_41723103.23-P1P2	Dctn3	1625	1456	1075	2160	1622	546	576	565	1008	371	639	820	1043	1092	676	480	562
Klf4_+_55532465.23-P1P2	Klf4	1095	1410	1533	1805	1294	447	615	532	706	516	549	701	1056	1445	1151	857	715
Ccr2_+_124102169.23-P1P2	Ccr2	1005	1373	888	1274	1261	287	463	329	741	287	571	887	1055	1147	1200	905	659
Calm2_+_87446834.23-ENSMUST00000040440.6	Calm2	2549	3039	2244	3137	2963	507	1029	1518	1945	770	1437	1528	2376	2755	1808	1732	1756
Kcnma1_+_23803231.23-ENSMUST00000172099.2,ENSMUST00000074983.6	Kcnma1	1336	2109	1506	1559	1527	521	676	647	935	490	889	1237	1494	1678	1176	1096	924
Sod1_-_90220795.23-P1P2	Sod1	2235	1825	1654	2482	1808	824	832	896	1499	642	789	1215	2336	2023	1531	1187	1319
Sod1_-_90220778.23-P1P2	Sod1	2862	3224	2688	3454	2958	732	1385	1266	1990	835	1305	2256	2486	3220	2382	1728	1682
Uqcrq_+_53430767.23-P1P2	Uqcrq	2071	2142	1759	1717	1963	624	673	616	1107	472	1009	1054	1329	2213	1640	1024	1152
Serpina3a_+_104113015.23-P1P2	Serpina3a	1543	1780	1940	2184	1594	524	678	440	1087	390	739	1112	1757	1919	1024	826	838
Kras_+_145250232.23-P1P2	Kras	2785	3026	2592	3448	3552	870	1294	1512	2091	705	1249	1808	2332	2758	2081	1532	1548
Fig4_-_41303035.23-P1P2	Fig4	2512	2246	2135	2807	2582	722	1279	1126	1495	886	1018	1568	2021	2492	1847	1487	1357
Rpgrip1_+_52110974.23-P1P2	Rpgrip1	1443	2051	1808	2400	1713	570	798	519	998	521	981	951	1658	1830	1244	1094	1031
Mme_-_63296256.23-P2	Mme_P2	1306	1795	1491	1632	1151	385	555	500	1037	424	498	1034	1084	1440	910	897	828
Pi4ka_+_17405847.23-P1P2	Pi4ka	2087	2894	2083	2904	2314	688	981	1174	1194	565	1111	1433	1398	2029	1803	1177	1483
Sucla2_-_73552810.23-P1P2	Sucla2	2594	2739	2167	2802	2457	781	923	935	1447	597	762	1352	2093	2089	1516	1277	1177
Nlrp3_-_59542710.23-P2	Nlrp3_P2	897	1215	995	1537	973	186	547	595	785	325	397	794	1268	1284	1220	654	880
Dstyk_+_132417384.23-P1P2	Dstyk	2451	3258	2300	3016	2892	777	1297	1354	2468	742	1064	1666	2115	2911	1511	1109	1565
Pla2g6_+_79328114.23-P1P2	Pla2g6	1305	2753	1746	2892	2276	666	789	981	1510	547	838	1445	1626	2180	1745	1160	1383
Inf2_-_112588846.23-P1	Inf2_P1	1089	1651	1360	1550	1682	452	517	680	923	551	483	742	1038	1142	1001	985	695
Hspb2_+_50752309.23-P1P2	Hspb2	1855	2278	2170	2779	2684	639	710	1090	1267	528	922	1560	1771	2394	1722	1417	1293
Cstb_+_78425786.23-P1P2	Cstb	1590	1948	1170	1925	1224	478	672	369	688	311	910	1139	1153	1070	733	564	544
Blvra_+_127080575.23-P2	Blvra_P2	1678	2017	1648	2296	1799	592	882	867	1036	581	982	1436	1607	2049	1325	1028	1061
Tnr_-_159737537.23-ENSMUST00000111669.3	Tnr	1416	1696	1202	1860	1960	422	611	696	1295	495	909	1007	1361	1523	860	934	971
Tiparp_+_65528534.23-P1P2	Tiparp	2376	2893	2497	2964	2933	663	1228	989	1514	759	1080	1486	2540	2462	2221	1734	1724
Ndufb11_+_20617007.23-P1P2	Ndufb11	1558	1875	1900	2083	1945	498	675	463	1196	589	1019	1096	1829	1954	1237	817	790
non-targeting_02666	non-targeting	1412	2039	1211	2037	1796	480	674	892	1012	813	1004	985	1615	2326	1365	1039	1074
Tdp2_-_24831919.23-P1P2	Tdp2	1707	2442	1893	2210	2359	540	850	742	1355	599	962	1523	1966	2143	1663	1073	1007
Ndrg1_-_66969528.23-P1P2	Ndrg1	1376	1533	1653	1924	1295	398	675	584	824	320	821	800	1058	1819	1180	849	882
Wipi1_-_109611298.23-P1P2	Wipi1	2373	3252	2112	3005	2922	722	981	1016	1382	792	1235	1558	2018	2280	1660	1291	1434
Ndufs4_-_114387846.23-P1P2	Ndufs4	1051	1987	992	1496	1311	261	556	821	802	476	654	902	1208	1565	1124	698	772
Tomm40l_+_171222367.23-P1P2	Tomm40l	1866	2466	1845	2223	2463	624	971	785	1249	646	833	1455	1785	2297	1626	1263	1251
Lgi1_+_38265012.23-P1P2	Lgi1	704	1185	706	864	1029	267	263	257	629	254	518	553	756	699	601	566	422
Ireb2_+_54863783.23-P1P2	Ireb2	1296	985	1013	1242	831	201	343	611	533	261	579	695	1254	944	872	657	591
Cx3cr1_-_120068233.23-P1P2	Cx3cr1	1520	1775	1555	2525	2373	651	716	700	1384	544	1115	1083	1659	1615	1422	1230	1108
Casp3_-_46617457.23-P1P2	Casp3	1574	1748	1993	2251	2071	569	731	546	1212	554	894	1023	1694	1726	1408	949	1216
non-targeting_02660	non-targeting	1532	2027	1602	1846	2296	562	789	817	903	511	1036	1279	1678	1822	1156	1116	1151
Gba2_+_43578824.23-P1P2	Gba2	2181	2725	1997	2650	3210	859	934	771	1653	735	1186	1840	2475	2223	1995	1570	1533
Cav1_-_17306459.23-P2	Cav1_P2	1907	2249	1679	2218	1767	477	895	810	1065	515	879	1065	1930	1669	1400	1210	1095
Ulk2_+_61855015.23-P1P2	Ulk2	1235	1801	1517	1842	1537	499	740	658	999	490	962	1032	1319	1880	1119	867	810
Arih1_+_59486592.23-P1P2	Arih1	1995	2497	1793	2778	2344	774	969	794	1604	555	843	1001	1961	2468	1644	1443	1276
Csnk2a2_-_95488745.23-P1P2	Csnk2a2	2029	3252	2607	3169	3623	847	1267	1149	1980	648	1403	1944	2714	3109	2353	1734	1816
Blzf1_+_164307218.23-P1P2	Blzf1	1182	2649	1244	2038	1762	683	696	617	1280	473	934	1169	1681	1960	1387	1056	986
Gja6_+_160907010.23-P1P2	Gja6	2180	2494	2550	2755	2529	815	1125	762	1757	713	1295	1450	2419	2393	1788	1257	1570
Gpx1_-_108339106.23-P1P2	Gpx1	2496	2984	2539	3362	2959	1043	1386	1146	1865	908	1266	2052	2687	2965	1841	1572	1857
Kl_+_150952936.23-P1P2	Kl	1133	1012	932	1335	975	237	320	542	674	306	639	804	782	890	875	577	437
Sirt3_+_140881770.23-P1P2	Sirt3	1182	1779	1873	1964	2252	491	565	521	1072	359	594	1025	1391	1708	1166	851	965
Irs1_+_82291124.23-P1P2	Irs1	2369	3586	2355	3326	2537	762	1117	1397	1948	1015	1323	1457	2233	2776	2107	1721	1433
Hdac4_+_92148059.23-ENSMUST00000008995.8	Hdac4	1958	2518	2478	2432	2388	575	803	902	1725	583	1193	1284	2243	2350	1481	1219	1661
Atf4_-_80255475.23-P1P2	Atf4	1092	1558	1252	1270	1271	379	422	573	957	308	683	1107	1242	1297	804	836	601
non-targeting_02238	non-targeting	1059	1909	1176	1682	1919	346	680	921	710	501	754	924	1143	1543	1166	879	751
Tcerg1_-_42511576.23-P1P2	Tcerg1	1868	2025	1556	2040	1567	630	751	871	1206	571	908	1422	1402	1904	1394	1129	1174
Vps37a_-_40511872.23-P1P2	Vps37a	1773	1834	1469	2273	1880	351	739	808	1147	452	1039	940	1475	1793	1712	1012	1017
Fgf13_+_59134756.23-P1P2	Fgf13	1529	1727	1784	2179	1904	588	694	959	1539	521	802	1162	1895	1959	1211	1027	1264
Kat5_+_5609852.23-P1P2	Kat5	1788	2088	2177	2521	2388	665	693	709	903	567	770	1286	1868	1733	1420	1161	1058
Foxo3_+_42276687.23-P1P2	Foxo3	2222	2155	1564	2122	2396	699	924	725	1208	365	781	1316	1666	1927	942	1290	1260
Thg1l_+_45955425.23-P1P2	Thg1l	2217	3301	2407	3220	2282	658	1192	1151	1439	706	1106	1558	1880	2294	1544	1338	1317
Mad2l1bp_+_46153478.23-P1P2	Mad2l1bp	3469	4499	3758	4308	4738	1303	1679	1823	2426	994	1944	2439	3503	3722	2746	1894	1942
Fzd4_-_89404408.23-P1P2	Fzd4	1575	2590	1588	2119	2207	535	876	751	1013	697	876	952	1306	2025	1379	1049	1172
Atp1a3_-_25005910.23-P1P2	Atp1a3	1526	1783	1662	2203	1573	553	730	590	1000	474	625	1337	1479	1242	1000	784	910
Snap25_+_136713525.23-P1P2	Snap25	1755	2376	1732	2062	1801	440	707	542	1092	314	541	980	1036	1441	1079	940	738
Tmed9_+_55593212.23-P1P2	Tmed9	2528	2744	2452	2520	2687	701	1076	1036	1358	726	1286	1450	2202	2604	1659	1481	1578
Hpdl_-_116821475.23-P1P2	Hpdl	1235	1678	1142	1342	1408	362	569	560	781	346	703	620	1281	1206	874	728	890
Pink1_+_138326215.23-P1P2	Pink1	2194	3282	2149	3115	2530	686	976	1384	1521	646	1366	1731	1876	2295	1622	1457	1242
Lrsam1_+_32961539.23-P1P2	Lrsam1	1408	1722	1786	2628	1927	737	638	1094	1127	479	1073	1230	2017	1658	1047	1087	1001
Morc2b_+_33139581.23-P1P2	Morc2b	1599	1843	1399	1826	1764	419	708	438	605	435	654	768	1568	1214	1145	853	890
Slc26a3_+_31438256.23-P1P2	Slc26a3	2656	2721	2306	3082	3028	712	1018	916	1526	751	1184	2054	2179	2697	2260	1568	1724
Cyp2d10_+_82406914.23-P1P2	Cyp2d10	2258	2779	1922	2910	2725	685	1013	962	1505	606	1486	2115	2151	2770	1620	1477	1494
Chrm5_+_112480728.23-ENSMUST00000099589.2	Chrm5	1115	1537	1196	1773	1378	446	504	924	728	500	559	919	1151	1378	1320	835	891
Zfp106_-_120563770.23-P1P2	Zfp106	1101	1548	1483	1674	1434	388	492	655	877	447	711	1135	1333	1546	999	823	800
Wnt16_+_22288296.23-P1P2	Wnt16	1506	2021	1166	1680	1909	465	718	675	1142	442	870	1126	1652	1712	1334	1098	1106
Daxx_-_33909552.23-P1P2	Daxx	1696	2252	1550	2297	1679	504	556	510	975	380	1029	954	1792	1879	1668	1043	1235
Tmem240_-_155734874.23-P1P2	Tmem240	1649	2307	1843	2208	2005	660	760	893	973	472	879	1216	1939	1936	1038	1020	895
Htt_-_34761777.23-P1P2	Htt	1421	2172	1597	2417	1814	594	753	795	1071	524	870	742	1915	1813	1286	1115	949
Tuba4a_-_75219231.23-P1P2	Tuba4a	1563	1960	1760	2122	1737	474	825	522	1210	579	734	1106	1658	2181	1370	1142	1136
Cacna1d_-_30353510.23-P1P2	Cacna1d	1526	1929	1680	2074	1960	461	530	730	979	546	727	945	1645	2005	1555	981	754
Kcnma1_+_23803228.23-ENSMUST00000172099.2,ENSMUST00000074983.6	Kcnma1	1004	1461	938	1325	1089	419	539	447	985	287	699	751	987	1465	1167	688	796
Bscl2_-_8840564.23-P1	Bscl2_P1	2198	2442	2174	3156	2254	741	1183	756	1492	823	1002	1740	2392	2376	1996	1486	1686
Ppp1r1b_-_98348748.23-P1P2	Ppp1r1b	2317	2468	2708	2965	3119	671	1276	879	1700	972	1334	1755	2262	2656	1544	1336	1495
Mnat1_-_73123768.23-P1P2	Mnat1	2124	3089	2052	2854	2492	772	960	1357	1381	591	1462	1738	1831	2787	1898	1409	1442
Eif2ak2_+_78882509.23-P1P2	Eif2ak2	1588	1866	1805	2389	2011	575	629	607	1244	670	796	1378	1420	1802	1364	939	1001
Ubqln4_+_88553834.23-P1P2	Ubqln4	1812	2010	1692	2700	1995	756	909	690	1085	458	691	1446	2031	1710	1580	1111	970
Dab1_+_104367665.23-P1P2	Dab1	1603	1738	1712	2442	1928	570	597	812	1102	620	936	1128	1735	1696	1372	1140	1020
non-targeting_00663	non-targeting	1421	1913	1844	1693	1825	466	590	828	1278	506	1107	1085	1634	2036	1097	994	770
Plp1_+_136823090.23-P1P2	Plp1	2586	3587	3047	3434	2382	806	1173	1568	1437	942	1263	1815	2088	2888	2451	2112	1579
Cd200_+_45408987.23-P1P2	Cd200	1529	1846	1560	2228	1904	567	677	843	1409	502	830	1098	1559	1677	1487	1139	884
Psmd3_-_98682586.23-P1P2	Psmd3	1011	1222	798	1102	836	231	470	144	611	250	603	559	833	861	815	400	642
Bscl2_+_8840582.23-P1	Bscl2_P1	1420	1939	1163	1612	1578	487	631	653	902	314	988	903	1041	1652	1023	1055	661
Gdap1_-_17145400.23-P1P2	Gdap1	1110	1432	1165	1329	1274	370	423	385	770	329	567	862	1195	1392	761	558	608
Serpina3k_-_104338604.23-P1P2	Serpina3k	1711	2006	1634	1953	1609	377	878	740	1087	362	1022	1152	1451	1554	1067	1020	769
Vamp1_+_125231320.23-P2	Vamp1_P2	1744	1719	1350	1668	1844	511	655	546	1208	393	713	1089	1817	1442	1220	1065	1046
Tspo_-_83563611.23-P1P2	Tspo	2975	3217	2068	3231	3195	727	1102	1235	1551	866	1547	1835	2371	2823	2194	1492	1526
Ccl3_-_83649326.23-P1P2	Ccl3	1306	1587	1459	2025	1740	393	597	617	924	424	674	786	1281	1536	1298	932	990
Gpx3_+_54902976.23-P1P2	Gpx3	1905	2362	1748	1936	2198	486	792	997	1201	531	803	1084	1860	2004	1334	1175	1157
Kif5b_-_6241451.23-P1P2	Kif5b	2648	2687	1990	3445	3075	715	1139	1054	1510	831	1198	1620	2497	2962	1808	1738	1321
Hmgb1_-_149052584.23-P1	Hmgb1_P1	2188	2537	2496	3129	2263	628	1155	1395	1591	789	1154	1722	1992	2460	2083	1438	1493
Sirt3_-_140882231.23-P1P2	Sirt3	1510	1795	1208	1923	1732	360	674	468	1130	265	500	809	1131	1563	1214	926	790
Park7_-_150914421.23-P2	Park7_P2	1200	1584	1139	1428	1419	472	522	550	850	332	608	755	1486	1479	994	835	919
Tubb2a_-_34077979.23-P1P2	Tubb2a	1663	1986	1574	1957	1879	477	900	766	1361	473	947	1058	1694	1668	1067	886	644
Fxn_-_24280539.23-P1P2	Fxn	2461	3431	2455	3182	2955	829	1441	1265	1619	965	1408	2193	2180	3418	2019	1601	1550
Slc19a3_+_83038460.23-P1P2	Slc19a3	1598	2070	1603	2169	1933	439	771	980	1228	440	1098	1282	1453	1689	1454	926	1131
Ager_-_34597923.23-P1P2	Ager	4676	4898	4535	6157	5405	1336	2153	2323	3328	1360	2124	2810	4503	4242	3602	2692	2662
Mul1_-_138434716.23-P1P2	Mul1	941	1779	1379	1946	2085	383	769	741	1302	474	1139	1178	1532	1897	1266	1091	899
Tank_+_61578637.23-P2	Tank_P2	1833	2245	1920	2752	2607	529	892	1121	1103	436	1329	1300	2051	2062	1968	1261	1122
Hif1a_+_73908046.23-P1P2	Hif1a	1665	1721	1803	2419	2300	487	706	918	897	488	672	1166	1633	1944	1196	1043	1228
Erlin1_+_44069689.23-P1P2	Erlin1	1461	1967	1585	2096	2000	566	811	716	1115	519	877	1259	1521	1754	1240	1002	903
Xk_+_9273017.23-P1P2	Xk	1531	1567	1060	2128	1682	407	662	725	978	308	941	1026	1488	1916	1260	1056	1038
Hdac9_-_34528837.23-P1P2	Hdac9	2043	2665	2053	2862	2471	752	1136	752	1510	691	1108	1438	2079	2612	2000	1334	1359
Rela_+_5637817.23-P1P2	Rela	2195	2446	2263	2657	2043	644	900	1089	1373	677	1187	1628	2394	2533	1601	1350	1442
Slc52a2_+_76539060.23-P1P2	Slc52a2	727	863	1192	1013	1115	179	379	369	600	246	630	886	635	902	745	628	541
Hpgds_-_65144768.23-P1P2	Hpgds	1626	2769	1132	2242	1992	514	893	930	1234	533	1180	1014	1552	1648	1581	1202	877
Ifng_+_118441053.23-P1P2	Ifng	2949	3249	2529	3261	3097	755	1041	1129	1405	796	1511	1719	2188	2715	2207	1751	1814
Psmb5_+_54617742.23-P1P2	Psmb5	862	855	830	1354	529	98	233	169	321	104	114	193	202	296	305	181	122
Als2_-_59237017.23-P1P2	Als2	1996	2579	2259	2487	1824	557	845	663	1395	674	1304	1199	1597	2472	1630	968	1386
Serpina1e_-_103956466.23-P1	Serpina1e_P1	2084	2327	2564	3035	2511	449	895	1160	1140	689	1000	1342	2348	2658	1879	1427	1369
Wnt10a_+_74792105.23-P1P2	Wnt10a	2011	2031	1426	1987	2222	405	737	570	1213	536	839	1129	1681	2019	1085	1025	946
Trp73_-_154097053.23-P2	Trp73_P2	2039	2163	1876	2610	2669	493	1023	877	1408	697	1108	1577	1745	1992	1673	1410	1025
Anp32a_-_62341393.23-P1P2	Anp32a	1631	2089	1520	2042	1371	605	778	740	1052	579	665	1228	1611	1980	1088	1189	1074
Colec11_+_28623261.23-P1P2	Colec11	2532	2961	2931	2990	2813	804	1245	1136	1563	832	1293	1870	2549	3080	1896	1608	1608
Dnah7b_-_46066907.23-P1P2	Dnah7b	436	629	348	387	254	53	182	141	271	116	94	195	345	302	199	293	195
Rbfox3_-_118909460.23-P1P2	Rbfox3	1545	1904	1363	1727	1761	473	961	640	1094	450	1176	891	1819	1608	1018	1110	990
Matr3_+_35562428.23-P1P2	Matr3	1975	2216	1891	3100	2555	669	959	1415	1493	704	982	1430	1946	2008	1820	1096	1165
Chat_+_32460899.23-P1	Chat_P1	2218	3108	2367	3252	3084	668	1098	881	1280	619	1393	1708	2143	2675	1822	1503	1574
Tfam_-_71238026.23-P1P2	Tfam	2390	3049	2520	3871	3338	1070	1033	1243	1817	806	1146	1831	2245	2481	1393	1535	1658
Casp12_-_5345521.23-P1P2	Casp12	1569	2195	1390	1780	1557	538	740	750	895	456	544	938	1969	2000	1164	1140	1089
Itpr1_-_108213232.23-P1P2	Itpr1	1735	2322	1435	2513	2051	601	736	1149	1107	419	841	1144	1543	1744	1341	987	884
Slc25a38_-_120114950.23-P2	Slc25a38_P2	1532	1783	1498	1966	1600	545	707	656	873	417	688	1060	1261	1488	1341	983	1130
Idua_+_108669368.23-P1P2	Idua	2323	3221	2417	3104	2658	529	925	902	1507	624	1336	1803	1977	2661	2083	1210	1370
Abca7_-_79996552.23-P1P2	Abca7	1090	1431	1118	1398	1335	299	517	517	844	310	809	579	762	1141	963	751	663
Ifit3_-_34583729.23-P1P2	Ifit3	1687	1774	1707	2323	1946	671	911	919	1450	590	1334	1285	1793	1954	1386	1231	1350
Ap4m1_+_138172218.23-P1P2	Ap4m1	1087	1515	1172	1753	1584	498	628	645	1107	463	652	879	1230	1554	938	748	721
Clu_-_65969827.23-P2	Clu_P2	2685	2950	2559	3468	2866	785	1169	1278	1441	632	983	1280	2460	2773	1577	1686	1822
Blmh_-_76945805.23-P1P2	Blmh	2697	3024	2481	3929	3262	892	1284	1324	1946	851	1242	2209	2342	3082	2280	1690	1713
Fzd2_-_102604446.23-P1P2	Fzd2	1901	2435	1995	2162	2338	424	948	843	997	727	1106	1412	1841	1960	1367	1052	1193
Mfn2_+_147904648.23-P1P2	Mfn2	1638	2712	1921	2794	2367	629	686	947	1383	551	1081	1721	1483	1494	1133	1190	1099
Atxn10_+_85336257.23-P1P2	Atxn10	771	1132	609	1298	849	359	248	259	820	313	519	262	545	832	561	425	514
Samd9l_+_3399140.23-P1P2	Samd9l	1329	1532	1279	1664	1387	509	749	539	843	339	860	896	1205	1506	1231	970	756
Tubb2b_-_34130341.23-P1P2	Tubb2b	2241	2496	2193	2855	2819	732	1035	1103	1680	585	1428	1643	2029	2655	1904	1486	1234
Cnr1_-_33924712.23-P1P2	Cnr1	1635	2160	1993	2480	2109	499	605	1012	1180	489	865	881	1651	1649	1146	993	896
Adam10_-_70679279.23-P1P2	Adam10	1223	2037	1494	1446	1349	436	631	1158	1252	385	607	969	1552	1608	1324	908	903
Hpgds_-_65144362.23-P1P2	Hpgds	882	1468	1261	1774	1571	547	476	710	1132	331	719	855	1431	1486	1268	991	928
Gstm4_+_108044737.23-P1P2	Gstm4	1162	1234	1235	1753	1486	435	771	676	699	433	917	854	1493	1580	1024	734	675
Uba1_-_20663003.23-P1	Uba1_P1	1562	1742	1730	1571	1627	413	753	600	986	431	940	797	1260	1644	1069	933	955
Zfp46_+_136286133.23-P2	Zfp46_P2	1230	1426	1278	1326	1124	387	499	440	710	444	425	520	1166	1306	1140	765	749
Dnah1_+_31323921.23-ENSMUST00000048603.7	Dnah1	2275	2797	1423	2540	2386	589	818	940	1312	479	1246	1521	2371	2183	1547	1167	1010
Nfkbia_-_55492360.23-P1P2	Nfkbia	2453	2936	2226	3112	3045	773	1313	1260	1711	874	1431	1634	2789	3159	1976	1520	1593
Nek1_+_60993307.23-P1P2	Nek1	2104	2586	1524	2310	2632	764	809	974	1308	543	1366	1526	2192	2645	1711	1344	1461
Atxn10_+_85336265.23-P1P2	Atxn10	1512	2003	1389	2007	1356	421	507	630	779	346	697	722	1136	934	933	749	742
Ubqln2_+_153498262.23-P1P2	Ubqln2	1383	2644	1513	2307	1980	488	664	682	1313	559	934	1369	1566	1965	1142	1043	1162
Gpx1_+_108339139.23-P1P2	Gpx1	1920	1989	1526	2042	2179	581	861	547	1134	466	815	1042	1588	1861	1479	1142	869
Serpina1c_-_103904565.23-P1P2	Serpina1c	1916	2338	2194	2260	2516	671	844	674	990	424	754	1151	1624	2011	1449	1066	1158
Rmdn2_+_79615312.23-P1P2	Rmdn2	986	1960	2000	2235	2377	323	974	892	864	484	875	1057	1709	1900	1486	1049	960
Fbxo7_+_86022149.23-P1P2	Fbxo7	1734	2319	1745	2059	2162	612	738	733	1136	497	851	1241	1893	1757	1588	1314	957
Dctn2_+_127266381.23-P1P2	Dctn2	1040	1526	1149	1467	1449	359	504	503	855	445	846	535	853	1153	892	643	540
Vrk1_+_106010366.23-P1P2	Vrk1	1861	2998	1543	3316	2497	731	998	820	1466	520	1184	1376	2035	1982	1597	1202	1177
Dkk2_-_132085539.23-P1P2	Dkk2	1752	1604	1435	2316	1974	532	777	767	1161	422	953	1106	1924	2008	1540	900	1264
Dpp6_+_27262223.23-P1	Dpp6_P1	845	648	692	861	835	257	204	241	280	176	553	512	501	829	469	534	566
Dnah9_+_66168445.23-P1P2	Dnah9	1927	2019	1752	2422	2000	701	777	883	1129	591	922	810	1861	2195	1532	1194	1297
Cntf_+_12765395.23-P1P2	Cntf	1196	1502	1150	1579	1578	334	723	462	949	456	799	1027	850	1594	1085	1178	1044
Adap1_+_139325109.23-P1P2	Adap1	1737	2070	1506	2642	2760	708	1014	908	1658	490	1156	1225	2014	2178	1706	1333	1509
Slc25a4_+_46210993.23-P1P2	Slc25a4	652	903	743	799	1007	133	287	191	668	188	441	754	551	1081	575	579	656
Vamp1_+_125231303.23-P2	Vamp1_P2	2258	2843	1712	3334	2358	658	1098	861	1299	611	1207	1655	1869	2285	2116	1278	1184
Ang2_+_51195557.23-ENSMUST00000051274.1	Ang2	2036	2245	2161	2641	2573	714	969	844	1215	769	942	1347	2246	2154	1490	1215	1282
Angpt4_+_151911481.23-P1P2	Angpt4	2442	2376	2352	2565	2808	774	1191	759	1515	600	1227	1744	2254	2553	1940	1471	1389
Psmd2_-_20651965.23-P1P2	Psmd2	2076	1914	1562	1806	1654	458	684	534	671	643	738	1067	1512	1399	1093	820	751
Hspa4_+_53300308.23-P1P2	Hspa4	1822	2324	2058	2418	2073	448	835	900	916	448	949	940	1510	1811	1232	1248	936
Uqcrc1_-_108936724.23-P1P2	Uqcrc1	1359	1395	1266	1501	1157	259	382	555	613	297	473	850	1407	1091	849	590	854
Rgs10_-_128418136.23-P1P2	Rgs10	1132	1624	931	1423	1736	476	503	610	882	288	565	729	1104	1345	833	683	681
Tmem63c_+_87026568.23-P1P2	Tmem63c	1775	2001	1721	2168	1781	460	643	889	949	426	897	1248	1489	1594	1173	845	933
Mapk11_+_89149586.23-P1P2	Mapk11	1080	1578	929	1434	1811	279	511	551	929	470	883	880	1099	1203	824	917	658
Aif1_+_35172425.23-P1P2	Aif1	1390	1572	1278	1648	1270	378	610	766	700	311	774	773	1109	1357	1162	756	659
Sod1_+_90220781.23-P1P2	Sod1	2011	3192	1883	2888	3194	596	942	1102	1512	740	1210	1550	2010	2382	1980	1179	1447
Zap70_+_36761885.23-P1P2	Zap70	1098	1179	1388	1394	1028	364	754	509	657	291	723	779	1171	1398	634	644	691
Hspd1_+_55088029.23-P1P2	Hspd1	1453	1700	1243	1933	2134	641	667	879	843	401	471	1004	1144	1601	1055	626	717
non-targeting_03176	non-targeting	2063	2623	2282	3220	2534	718	1084	680	1356	712	1195	1777	2001	2438	1244	1399	1613
Dnah5_-_28203946.23-P1P2	Dnah5	1091	1714	1225	1542	1539	380	654	794	1005	341	671	1043	1267	1457	1442	779	901
Sdhc_-_171150520.23-P1P2	Sdhc	1317	1627	1075	1734	1847	374	565	541	991	410	744	733	1241	1455	1095	1101	986
Msx2_-_53472735.23-P1P2	Msx2	348	345	202	539	323	83	119	231	192	75	151	249	427	574	347	291	208
Hes3_-_152291629.23-P1P2	Hes3	1769	1800	990	1742	1551	266	496	515	1036	464	764	1164	1506	1839	1205	830	871
Map3k11_+_5689813.23-P1	Map3k11_P1	743	1206	678	1317	1468	279	482	504	787	353	684	661	857	1152	872	657	618
Gsk3b_+_38089532.23-P1P2	Gsk3b	1182	1409	1074	1463	1281	621	645	409	917	587	676	808	750	1333	1092	817	851
Frat2_+_41848059.23-P1P2	Frat2	2270	2553	1966	2756	3002	644	1172	857	1442	781	1615	1397	2407	2313	1852	1419	1296
Gap43_+_42340574.23-P1P2	Gap43	1670	2383	1974	2481	1795	501	673	672	801	470	805	1239	1567	2065	1784	1253	1140
Sod1_+_90221136.23-P1P2	Sod1	1535	1821	1367	1680	1704	296	665	880	1039	441	738	1112	1397	1657	1113	1122	1039
Sct_-_141279088.23-P1P2	Sct	1671	2197	2130	2244	2390	528	1158	1054	1604	465	910	1353	2063	2343	1646	1426	1177
Nrtn_-_56757468.23-P1P2	Nrtn	2203	2515	1243	2415	2049	628	1024	955	1564	618	856	1243	1804	2309	1597	1374	1215
Rnf170_-_26119725.23-P1P2	Rnf170	1078	1408	1200	1250	957	347	386	448	540	352	436	688	738	1162	886	501	750
Prdx3_-_60874494.23-P1P2	Prdx3	2235	2331	2019	3289	2978	1093	944	955	1489	642	1106	1555	1651	2275	2032	1459	1340
Elp3_-_65593051.23-P1P2	Elp3	1229	1703	1287	1402	1092	386	590	587	833	448	665	957	1162	1326	835	663	892
Dvl1_+_155847499.23-P1P2	Dvl1	1629	2434	1908	1914	2149	478	889	732	1369	579	1151	1283	1213	2271	1588	1255	1017
Gpx3_-_54902930.23-P1P2	Gpx3	1348	1255	1627	1579	1323	452	751	513	872	362	497	1221	1257	1515	1043	869	823
Cx3cl1_-_94772225.23-P1P2	Cx3cl1	1410	2014	1322	2058	1820	512	742	586	1220	483	935	1333	1575	1523	1504	1078	885
Gpx2_-_76795436.23-P1P2	Gpx2	1391	1864	1275	1696	1674	320	437	914	989	378	633	1045	1107	1639	1094	929	614
Wnt7b_+_85577844.23-P2	Wnt7b_P2	2035	2956	2427	3179	2465	620	1067	956	1246	562	1061	1584	2247	2054	1918	1394	1595
Cryab_+_50753247.23-P1P2	Cryab	820	1516	791	1370	938	237	472	409	659	236	647	674	909	1107	617	469	559
Khdrbs1_-_129742237.23-P1P2	Khdrbs1	1196	1593	1296	1767	1501	588	735	616	1241	342	1130	1125	1446	1616	1159	983	876
Atp13a2_+_140986947.23-P1P2	Atp13a2	1445	2246	1898	2104	2092	715	783	721	1112	470	655	985	1430	1825	1475	928	936
Egr2_+_67537933.23-P1	Egr2_P1	1527	1571	1716	1912	1707	492	584	906	1065	451	498	849	1459	1936	1428	1194	963
Grin2b_-_136172179.23-P1P2	Grin2b	931	1519	1087	1135	929	246	387	367	711	327	407	514	1201	1298	726	598	668
Elavl4_+_110286620.23-P1P2	Elavl4	2985	3342	2335	3234	2630	623	840	1000	1540	864	1409	1937	2730	3179	2641	1582	1498
Hif1a_+_73908011.23-P1P2	Hif1a	763	769	991	989	893	244	265	390	406	258	233	638	798	758	468	463	427
Sod2_+_13008240.23-P1P2	Sod2	2932	3034	2555	3479	3282	728	1353	1270	1754	830	1297	1842	2625	2961	2002	1592	1551
Mapk14_-_28691474.23-P1P2	Mapk14	853	1012	976	1301	1144	211	526	377	653	258	452	695	922	1205	907	643	598
Sorl1_+_42124089.23-P1P2	Sorl1	2247	2330	1843	3151	2802	605	992	928	1388	605	1182	1607	2336	1646	1393	1352	1162
Icam1_+_21016027.23-P1P2	Icam1	1894	2588	2166	2766	2903	819	1114	1146	1520	816	1216	1498	2138	2242	2046	1478	1431
L1cam_+_73880735.23-P1P2	L1cam	2657	3972	2959	3343	3150	927	1149	1267	2107	852	1444	2070	3180	3335	2056	1735	1746
Ntf3_-_126164748.23-P1	Ntf3_P1	1978	2228	2071	2814	2378	588	940	1047	1630	580	1191	1534	2677	2426	1872	1359	1400
H2-M10.6_+_36812185.23-ENSMUST00000041398.4	H2-M10.6	1620	1944	1790	2101	2094	447	662	932	1356	671	1091	1347	1536	2000	978	923	1077
Serpina1c_-_103904952.23-P1P2	Serpina1c	3016	3706	2643	3943	2884	985	1434	1051	1775	822	1661	2173	2566	3527	2469	1969	1799
Crat_+_30415457.23-P1P2	Crat	1883	2299	1954	1639	1977	524	808	743	1092	409	1141	899	1551	1956	1348	1078	1105
Blvra_-_127070730.23-P1	Blvra_P1	2002	2398	1622	2030	2174	360	948	586	1196	572	1096	1110	1781	2018	1559	1212	1267
Rab10_+_3309892.23-P1P2	Rab10	672	1221	606	1071	853	262	263	259	649	258	279	672	694	964	533	452	468
Vip_-_5639281.23-P1P2	Vip	1471	1824	1195	1915	1626	349	759	753	1087	447	694	1120	1359	1808	1013	895	946
Tspo_-_83563665.23-P1P2	Tspo	3385	4004	3095	4560	3832	1032	1686	1260	2000	1097	1910	1821	3446	3496	3124	2276	2429
Hdac9_+_34528840.23-P1P2	Hdac9	1149	1559	1313	1627	1439	436	386	597	867	417	677	1153	1317	1272	806	961	720
Cnr2_+_135895454.23-P1	Cnr2_P1	2157	2180	1510	2303	1550	475	749	928	998	479	919	958	1791	1837	1510	1094	1184
Wars2_+_99141123.23-P1P2	Wars2	3611	4744	3211	4289	3809	1372	1441	1742	2260	951	1750	2248	3084	3091	2335	1995	1765
Coq7_+_118533282.23-P1P2	Coq7	2305	2601	1833	2361	2526	775	1185	775	1509	802	1040	1601	2337	2318	1412	1107	1199
Slc6a4_+_77009337.23-P1	Slc6a4_P1	1297	1956	1598	2376	1910	529	822	993	1431	614	1087	1037	2247	1615	1454	1182	1255
non-targeting_01372	non-targeting	2393	2553	2781	2982	3365	710	1445	1066	2351	844	1218	2168	2523	2904	2098	1793	1775
Synj1_+_91010961.23-P1P2	Synj1	1823	1700	1377	1751	2126	743	867	939	1115	481	1001	1233	1348	1612	1302	1063	1154
Ewsr1_-_5099013.23-P1P2	Ewsr1	2198	2544	2268	2844	3154	499	866	756	1322	518	1496	1592	1849	2414	1815	1580	1456
Stmn1_-_134469819.23-P2	Stmn1_P2	2005	3076	2407	2904	2911	675	1028	979	1734	765	1383	1591	2293	2849	2301	1344	1578
Psmb6_-_70525392.23-P1P2	Psmb6	984	1274	1000	995	1283	308	364	257	663	141	414	764	655	849	706	498	600
Rnf170_-_26119654.23-P1P2	Rnf170	950	1957	1098	1272	1842	470	657	549	994	351	839	735	1376	1360	1015	832	769
Vegfb_-_6987634.23-P1P2	Vegfb	2131	3253	2420	3025	2885	805	1134	790	1763	692	1126	1621	2397	3472	1803	1767	1591
Gjc2_-_59182831.23-P1P2	Gjc2	2122	2894	2191	2733	2547	724	1063	1100	1391	759	1297	1531	1892	2455	1601	1663	1442
Slc6a4_-_77009531.23-P1	Slc6a4_P1	1293	1328	1612	1550	1305	357	382	508	742	446	839	926	996	1100	1120	865	595
Oard1_+_48410121.23-P1P2	Oard1	2841	3822	3017	3872	3415	973	1528	1542	2170	731	1740	1998	2951	2937	2543	2056	2401
Calb1_-_15881302.23-P1P2	Calb1	2192	2424	1925	3006	2630	577	875	950	1628	795	1080	1532	2043	1953	1741	1541	1237
Slc7a6os_-_106210857.23-P1P2	Slc7a6os	1891	2654	1624	2285	1876	503	712	693	1052	396	881	1196	943	1683	1350	787	748
Hspg2_-_137468866.23-P1P2	Hspg2	1924	2184	1862	2394	2673	508	840	903	1105	613	915	1428	1798	1950	1201	1185	1089
Unc13a_-_71671672.23-P1P2	Unc13a	1693	2219	1853	2284	2561	782	983	853	1671	635	1217	1452	1784	2557	1350	1056	1239
Agrn_-_156197436.23-P1	Agrn_P1	1947	2654	2065	2779	2003	732	1095	842	1237	751	1027	1593	1395	2597	1870	1339	1302
Vegfa_+_46032367.23-P1P2	Vegfa	1441	1984	1448	1731	2211	469	627	347	897	415	756	1074	1544	1853	1226	1034	882
Tyrobp_+_30413818.23-P1P2	Tyrobp	2475	3193	3251	3428	3029	978	1214	1022	1953	863	1584	1598	2950	3050	2275	1916	1653
Smcr8_+_60777559.23-P1P2	Smcr8	1940	2143	1805	2364	1678	505	941	814	1413	434	908	1415	1728	1978	1513	1147	980
H2-M10.4_-_36462282.23-ENSMUST00000057502.7,ENSMUST00000169950.1	H2-M10.4	1389	1785	1697	2069	1760	554	696	645	1010	521	865	1113	1432	1840	1682	1142	1023
Zfp46_+_136286136.23-P2	Zfp46_P2	1423	2059	1421	1647	1596	351	622	763	846	352	697	941	1331	1632	928	963	901
Pitrm1_-_6548189.23-P1P2	Pitrm1	2248	3079	2186	2632	2664	632	964	837	1497	824	1299	1209	1907	2391	1997	1373	1351
S100a1_-_90514278.23-P1P2	S100a1	1830	2632	2023	2759	2475	505	968	830	1410	787	984	1439	1770	2409	2048	1240	1269
Dnah7b_+_46067061.23-P1P2	Dnah7b	1992	1943	1641	2351	2240	468	646	725	1280	376	831	1423	1626	1658	1155	1231	1231
Gad2_+_22622562.23-P1P2	Gad2	1538	1800	1359	1579	1570	375	743	541	1067	440	822	1119	1029	1543	1076	948	791
Ppp3r1_+_17159360.23-P1P2	Ppp3r1	2454	2794	1826	2747	2306	653	1023	996	1533	707	1148	1451	1905	2309	1679	1340	1204
Ins2_-_142699502.23-P2	Ins2_P2	1524	1337	1446	2035	1877	525	745	766	942	356	743	1008	1728	1646	1179	1019	754
Kat5_+_5609812.23-P1P2	Kat5	1188	1646	1267	1543	1633	491	706	643	1033	278	634	727	1055	1481	1093	889	761
Ifnb1_-_88522822.23-P1P2	Ifnb1	1814	1978	1474	2096	2288	551	856	915	1399	563	730	1364	1812	1808	1408	1250	1267
Nup62_-_44816410.23-P1P2	Nup62	1646	1629	1195	1631	1222	168	385	574	562	220	397	684	813	830	617	582	464
Rbpj_-_53590735.23-P1P2	Rbpj	1628	2532	1751	2169	2309	378	576	904	973	465	791	1924	1962	1836	1622	1265	1079
Pdxk_-_78464895.23-P1P2	Pdxk	1673	2068	2285	1958	1976	813	805	730	1069	358	1057	899	2020	1483	1585	1023	834
Exosc1_+_41933239.23-P1P2	Exosc1	2280	3450	2438	3170	2849	492	891	920	1358	812	1321	1635	2388	2927	2169	1478	1293
Atxn3_+_101958153.23-P1P2	Atxn3	1777	1783	1648	2236	1981	486	740	581	1067	567	972	1003	1415	1583	1466	1096	1048
Pon3_+_5256221.23-P1P2	Pon3	1882	2469	2186	3104	2546	547	1006	862	1333	584	854	1463	2051	2764	1780	1699	1444
Nrros_+_32165464.23-P1P2	Nrros	1625	1474	1214	1393	1805	367	514	528	1138	493	402	1017	1306	1595	1355	905	766
Wnt5a_-_28504693.23-P2	Wnt5a_P2	1379	2388	1484	1993	1997	425	620	457	1179	466	1166	1120	1879	1980	1116	1024	969
Exosc3_+_45320557.23-P1P2	Exosc3	2412	3078	2521	3279	3281	713	925	941	1857	757	1138	1573	1248	1487	1602	1140	1281
Tpo_-_30132609.23-P1P2	Tpo	2343	2583	2162	2547	2809	634	946	1093	1276	547	1272	1701	1795	2490	1709	1564	1348
Gria4_+_4796199.23-P1P2	Gria4	1501	2151	1965	2212	1878	499	817	656	762	464	906	1090	1582	2125	1428	948	1176
Sct_-_141279104.23-P1P2	Sct	2832	3389	2740	3230	2908	845	1267	1609	1701	909	1449	1736	2794	3092	2377	1600	1473
Ppp3r2_-_49681962.23-P1P2	Ppp3r2	706	973	398	814	750	231	246	143	455	167	374	501	571	638	593	389	397
Mak16_-_31168712.23-P1P2	Mak16	1045	1117	1019	933	793	335	497	455	777	301	518	506	916	1036	899	600	669
Gpx8_-_113046358.23-P1P2	Gpx8	1699	2152	1680	2056	1861	677	833	803	1088	582	832	967	1414	1655	1264	1089	914
Rims2_+_39198431.23-ENSMUST00000082054.5,ENSMUST00000042917.9	Rims2	2030	2440	2310	2503	3033	722	1179	1287	1365	564	1166	1473	2470	2444	2040	1265	1255
Frat2_+_41848238.23-P1P2	Frat2	2204	2801	2218	2555	3238	644	1120	1213	1308	777	1176	1677	2136	2263	1912	1401	1455
Slc39a14_+_70350967.23-P1P2	Slc39a14	1583	1847	1206	1649	1634	591	828	648	1282	482	877	1306	1391	1544	1363	1030	834
Dhtkd1_-_5942755.23-P1P2	Dhtkd1	1501	1714	1423	1889	2164	486	660	696	1021	414	701	1036	1664	1520	1063	747	1116
Vac14_+_110618668.23-P1P2	Vac14	2711	3173	2505	3519	2921	772	1139	916	1937	764	1133	1725	2268	2607	1810	1664	1542
Kcne3_+_100176903.23-P2	Kcne3_P2	3037	3538	3000	3488	3880	1012	1258	1459	2138	813	1621	1878	2779	2998	2071	2190	1940
Cox4i1_+_120668305.23-P1P2	Cox4i1	2104	2227	1512	2143	2054	775	872	917	1161	497	957	1147	1568	1872	1449	999	1276
Phex_-_157415057.23-P1P2	Phex	1243	1378	1372	1597	1336	398	606	686	610	333	738	638	1434	1303	1272	855	801
Ube2g2_+_77622366.23-P1P2	Ube2g2	1415	1940	1570	1643	1765	419	457	659	1144	339	787	885	1205	1905	1072	928	1066
Dnah2_+_69544508.23-ENSMUST00000035539.5	Dnah2	1686	1918	2206	2513	2466	709	897	1125	1325	451	906	1057	1990	2351	1752	1380	1105
Pdk3_-_93832123.23-P1P2	Pdk3	1590	1590	1254	1756	1975	497	600	616	1042	491	828	1033	1808	1786	1468	955	1012
Slc11a2_+_100423930.23-P2	Slc11a2_P2	2728	3100	2121	2711	2589	758	1188	1379	1857	684	1401	2023	2394	3291	2062	1769	1583
Prdx3_+_60874463.23-P1P2	Prdx3	1417	1855	1255	1392	1060	557	534	543	859	366	634	763	982	1414	1185	583	731
Gstm7_-_107931677.23-P1P2	Gstm7	1363	1768	1344	1450	1442	362	475	692	801	358	930	758	1223	1501	1133	934	630
Igf1_+_87861392.23-P2	Igf1_P2	669	1004	735	1238	860	291	414	417	497	258	384	679	746	897	408	469	418
Reep2_-_34840736.23-P1P2	Reep2	2245	2925	2030	2295	2749	835	1118	656	1314	545	1164	1655	2139	2220	1910	1430	1271
Tsen54_-_115814786.23-P1P2	Tsen54	2274	3026	2374	3105	1749	289	415	419	792	295	337	767	1025	1120	637	787	544
Ddhd1_+_45658045.23-P1P2	Ddhd1	1680	2649	1997	2703	2354	654	1273	976	1530	662	1024	1302	2096	2260	1652	1271	1215
Ndufb6_+_40279341.23-P1P2	Ndufb6	2638	3394	2661	3598	3528	899	1231	1202	1779	934	1435	1873	2580	3408	2337	2011	1615
Trip4_-_65884997.23-P1	Trip4_P1	2904	3664	3266	3687	3475	802	1263	1297	1970	812	1585	2090	2343	3776	2296	2027	2162
Wdr45_-_7722343.23-P1P2	Wdr45	1352	1824	1924	2123	1674	531	669	707	1009	420	1000	815	1770	1829	1391	1396	874
Wdr45_-_7722314.23-P1P2	Wdr45	1607	1684	1438	1643	1324	600	751	485	1105	463	798	1059	1355	1567	891	749	797
Itpr1_-_108213293.23-P1P2	Itpr1	1039	1146	1043	1214	1059	344	549	584	695	420	516	615	901	1338	1052	622	696
Wnt5a_+_28504832.23-P2	Wnt5a_P2	2165	2689	1928	2239	2120	575	904	923	1482	494	1065	1503	1944	2055	1371	1098	1078
Mif_+_75860278.23-P1P2	Mif	1483	2016	1577	2195	1471	313	350	557	881	539	720	1019	1057	1167	908	724	698
Grin2a_+_9995023.23-P1P2	Grin2a	2301	2144	2083	2796	2320	755	932	771	1702	579	1118	1627	2207	2116	1724	1469	1303
Il4_-_53618594.23-P1P2	Il4	994	1136	841	1476	1132	360	445	407	416	223	428	639	1074	1267	593	789	649
Dcx_+_143933059.23-P1P2	Dcx	960	1542	1410	1541	1363	249	772	568	916	381	643	695	1324	1574	847	755	811
Smpd1_+_105554753.23-P1P2	Smpd1	2173	2241	2226	2459	1816	575	838	1201	1210	657	970	1521	1916	2206	1373	1201	1438
Kcna3_-_107036222.23-P1P2	Kcna3	1499	2009	1299	2205	2250	510	642	569	995	548	1013	1011	1724	1694	1129	855	687
Mul1_-_138434737.23-P1P2	Mul1	916	1100	1394	1731	1116	296	449	560	748	345	716	736	1184	1349	816	653	828
Serpinf1_+_75422320.23-P1P2	Serpinf1	1560	2194	1387	1968	1504	445	748	615	929	484	898	1238	1448	1775	1151	933	922
Serpina1b_-_103828050.23-P1P2	Serpina1b	1491	1257	1137	1764	1479	416	696	650	1182	383	753	794	1366	1861	987	868	860
Serpina3b_-_104128031.23-P1P2	Serpina3b	1393	1990	1309	1849	1811	571	771	1126	1280	434	761	1120	1463	1695	1139	1002	1077
Il1a_+_129309919.23-P1P2	Il1a	1113	1226	1015	1558	1053	287	504	707	887	398	354	787	1016	1560	907	749	865
Kcnma1_+_23803209.23-ENSMUST00000172099.2,ENSMUST00000074983.6	Kcnma1	1136	1577	957	1684	1180	389	577	473	566	414	668	781	1039	1353	1121	859	732
Wnt8a_+_34542322.23-ENSMUST00000012426.2	Wnt8a	1249	1555	1579	1904	1373	526	537	806	971	412	680	985	980	1646	1247	867	1066
Ang_+_51096831.23-P1	Ang_P1	1280	1256	854	1526	1409	555	510	676	935	397	625	951	1145	1239	888	933	805
Ang_-_51096455.23-P1	Ang_P1	1432	1966	1785	2162	1664	449	890	975	1513	553	529	971	1637	1682	1138	1173	881
Mapk13_-_28769402.23-P1P2	Mapk13	1555	2095	1809	2290	1919	537	740	768	1051	459	766	1081	1845	1909	1078	1265	943
Dnah8_+_30624404.23-ENSMUST00000170651.1	Dnah8	1305	1361	1098	1405	1715	288	401	449	519	259	691	841	900	1272	879	757	599
Cst3_+_148875207.23-P1P2	Cst3	1643	2064	1770	2219	1709	605	662	691	1181	439	944	1422	1508	1746	1640	944	1089
Vps35_-_85299729.23-P1P2	Vps35	2133	2838	1826	2662	2551	719	1042	806	1327	753	1488	1631	2302	2202	1715	1321	1205
Cd200r2_+_44867291.23-P1P2	Cd200r2	1279	1419	1361	1346	1650	571	651	430	963	448	625	807	1012	1308	942	760	665
Tdp2_+_24831721.23-P1P2	Tdp2	2058	2477	1734	2488	3081	724	786	974	1168	524	951	1439	2055	2356	1270	1352	1315
Necab1_-_15149029.23-P1P2	Necab1	2619	3872	2893	3416	3312	955	1149	1578	2129	973	1305	2216	2662	3152	2073	1892	2246
Psmd1_-_86064700.23-P1P2	Psmd1	1863	2304	1921	2174	1227	206	407	341	661	369	302	603	865	1014	646	691	816
Pon1_+_5193706.23-P1P2	Pon1	2379	3121	1963	2697	2511	699	959	1049	1850	697	1407	1229	2397	2936	2281	1523	1538
Dbn1_-_55488013.23-P1P2	Dbn1	1327	1981	1244	2023	1529	327	538	236	789	488	641	861	1330	1590	979	803	923
non-targeting_00957	non-targeting	1170	1578	1645	1787	1453	458	594	797	1233	433	937	853	1571	1685	961	836	802
Kdm1a_+_136602630.23-P1P2	Kdm1a	1127	1666	1157	1520	1609	263	516	499	876	338	799	713	1098	1402	981	822	872
Casp9_+_141793852.23-P1P2	Casp9	1134	1553	1094	1536	1105	421	500	651	780	410	539	832	1320	1115	1138	778	703
Mtor_-_148448646.23-P1P2	Mtor	1842	1563	1161	2289	1904	411	860	544	933	326	625	940	1396	1879	1236	798	776
Hspa9_+_34954056.23-P1P2	Hspa9	1473	1569	1141	1684	1562	295	554	338	793	306	733	806	997	1167	1130	463	692
Calm2_+_87447009.23-ENSMUST00000040440.6	Calm2	1084	1464	1280	1527	1887	402	556	586	946	559	908	1156	1445	1743	1100	843	734
Gaa_-_119268142.23-P1P2	Gaa	3180	4225	3199	3837	3700	993	1363	1649	2094	870	1755	2813	3701	3457	2676	1978	1722
Atp1a1_-_101604527.23-P1P2	Atp1a1	2469	2585	2140	2937	2849	472	1039	907	1214	789	1292	1410	1977	2464	1925	1329	1417
Dstyk_-_132417629.23-P1P2	Dstyk	1923	2682	2114	2700	2907	653	1028	1035	1534	733	983	1857	2608	2343	1820	1192	1203
Cxcl13_+_95957014.23-P1P2	Cxcl13	1725	1871	1490	1779	1525	617	650	499	1095	533	846	1093	1987	1767	1083	1058	1016
Ywhag_-_135934544.23-P1P2	Ywhag	1586	2445	1830	2119	1472	576	733	803	894	671	1125	1371	1764	1882	1852	1183	1156
Il10_-_131019840.23-P1P2	Il10	1348	1620	1248	1721	1863	302	764	549	1045	383	729	840	1462	1348	1266	981	824
non-targeting_04076	non-targeting	1622	1514	1540	1534	1530	477	537	833	1290	504	842	1131	1605	1793	1248	841	932
Myc_+_61985606.23-P1P2	Myc	1478	1804	1507	2588	1790	454	811	620	1161	407	815	918	1635	1780	1219	1338	979
Serpina3a_-_104112931.23-P1P2	Serpina3a	1087	1362	923	1090	1280	319	444	656	650	323	554	692	784	1126	985	558	506
Txnrd1_-_82859277.23-P1P2	Txnrd1	2674	2540	2192	2747	3399	503	1118	1007	1749	606	1237	1496	2033	2432	1637	1422	1431
Rab10_-_3309744.23-P1P2	Rab10	2207	3036	2214	3093	2925	669	921	993	1518	758	1319	1423	2212	2544	1764	1546	1251
Tat_-_109990460.23-P1P2	Tat	1199	1689	1682	1794	1640	373	611	918	1060	390	917	901	2106	1598	1159	852	842
Ube2j2_-_155944249.23-P1P2	Ube2j2	1035	1352	938	1349	827	328	547	556	837	446	549	627	1406	1504	740	734	627
Fas_-_34290685.23-P1P2	Fas	1225	1803	1076	1661	1616	533	550	569	1120	263	1116	832	1533	1768	1187	849	759
Smn1_-_100124896.23-P1P2	Smn1	1262	1534	1338	1973	1317	473	599	549	850	552	672	1051	1069	1574	1179	904	847
Reep1_+_71707932.23-P1P2	Reep1	1322	2077	1234	1750	1704	325	539	640	845	471	624	1104	1414	1709	1050	664	669
Chek2_-_110840005.23-P1P2	Chek2	2247	2758	1600	2558	2112	458	919	839	1395	627	1215	1444	1948	2160	1720	1275	1151
Ndufa4_+_11907383.23-P1P2	Ndufa4	1293	1911	1768	1929	1459	504	545	519	1200	486	805	1174	1317	1810	1045	1000	894
Ang4_+_51773574.23-P1P2	Ang4	1452	2282	1275	2318	2504	506	765	634	1266	383	793	1403	1928	1817	1482	978	850
Cybb_-_9469045.23-P1P2	Cybb	1637	1651	1525	2183	1640	492	589	580	977	399	880	896	1552	1746	1211	864	984
Serpini1_+_75557601.23-P1P2	Serpini1	1972	2958	2299	2248	2613	708	1013	1157	1289	628	1030	1525	2467	2648	1877	1604	1742
Sptlc1_+_53377345.23-P1P2	Sptlc1	1346	1629	1478	1836	1532	442	720	721	1168	642	833	996	1274	1713	1005	847	913
Fdps_-_89101638.23-P1P2	Fdps	1480	1845	1770	1932	1564	600	569	758	1176	581	908	1011	1292	1667	1102	761	798
Nrros_-_32165479.23-P1P2	Nrros	1732	2563	1836	2128	1620	651	1063	479	1269	549	721	1533	1981	2151	1288	1162	1061
Spg7_-_123065532.23-P1P2	Spg7	2786	2459	2193	3440	3208	963	1198	1138	1669	814	1372	1410	2486	3165	1978	1816	1242
Aars2_+_45506896.23-P1P2	Aars2	1534	1950	1384	2036	1440	312	603	539	898	375	742	869	909	1081	725	532	537
Slc17a7_-_45163939.23-P1P2	Slc17a7	2014	2260	1749	2387	2323	547	1012	1008	1379	437	1046	1500	1489	1975	1452	1348	1251
Tbce_+_14039536.23-P1P2	Tbce	1989	2632	2245	3090	2141	721	1134	798	1530	771	1261	1429	1746	2033	1747	1068	1296
Cdc27_+_104550427.23-P1P2	Cdc27	2245	3090	1850	2888	3266	635	1106	1066	1793	643	1383	2339	2580	2472	1704	1281	1439
Psmb7_-_38643990.23-P1P2	Psmb7	2890	3258	2554	3564	3123	779	1100	921	1846	778	1107	1387	2591	3075	1762	1811	1631
Clp1_-_84727212.23-P1P2	Clp1	1402	1820	1248	1800	1380	418	592	567	680	442	728	918	1132	1717	1143	1000	910
Kat5_-_5609957.23-P1P2	Kat5	1503	1887	1394	1669	1767	572	674	741	1048	448	988	918	1388	2079	1137	947	994
Gnb4_+_32616495.23-P1P2	Gnb4	2035	3036	2111	2896	2304	771	854	796	1222	740	850	1848	1977	2068	1883	1468	1700
Gapdh_-_125165356.23-P1P2	Gapdh	1552	1553	1832	2152	1977	838	794	631	1575	383	844	1190	1707	1911	1471	992	1154
Cox4i1_-_120668324.23-P1P2	Cox4i1	1156	1575	1393	1741	1300	500	603	344	881	315	751	967	1114	1298	913	804	901
Abhd16a_-_35089309.23-P1P2	Abhd16a	1575	1469	1295	1742	1201	638	630	800	1264	402	809	1313	1424	1793	1314	929	1130
Serpina1a_+_103863499.23-P1P2	Serpina1a	1632	1548	1844	2109	1855	410	675	589	1050	551	887	1069	1407	1915	1485	1080	1057
Alb_+_90460960.23-P1P2	Alb	1241	1508	907	1602	1326	324	530	395	847	436	786	665	866	679	433	686	648
Tuba1b_-_98934442.23-P1P2	Tuba1b	2448	2789	2497	3166	2951	698	1009	1224	1619	759	1082	1664	1650	2457	1683	1241	1428
Rhoa_+_108306389.23-P1P2	Rhoa	705	865	648	860	747	139	289	374	483	180	340	428	852	685	552	434	400
Anxa5_-_36475589.23-P1P2	Anxa5	2925	3309	2778	3254	3389	702	1147	1660	1800	1010	1308	2241	2797	2575	2359	1905	1659
Ppp3cb_+_20546521.23-P1P2	Ppp3cb	2948	3283	2743	3489	3635	727	1372	1058	1805	744	1287	1983	2771	3263	2606	1838	1552
Anp32a_-_62341377.23-P1P2	Anp32a	1680	2217	1717	2125	2226	416	831	1112	1193	503	930	978	1449	1601	1248	1233	1192
Wnt5b_+_119544237.23-P1P2	Wnt5b	1199	2113	1373	1866	1714	597	589	730	919	425	767	995	1159	1908	1266	932	979
Psmd11_-_80428992.23-P1P2	Psmd11	2483	3042	2066	3621	3086	773	967	1157	1881	635	1609	1795	2603	2583	2230	1663	1654
Atg5_-_44268589.23-P1P2	Atg5	1806	2207	2124	2260	2241	564	847	1149	1619	572	1103	1228	1294	1792	1231	1325	1142
Ppt2_+_34627385.23-P1P2	Ppt2	1639	1741	1754	2199	1812	322	820	799	1100	460	966	1001	1568	1892	1388	654	1116
Keap1_-_21239279.23-P1P2	Keap1	1785	2222	2235	2601	2026	701	1126	993	1408	528	926	1466	1723	2073	1465	1177	1226
Klk6_-_43824553.23-P1P2	Klk6	1173	1566	1165	1865	1262	457	687	520	803	456	723	680	1116	1133	994	733	687
Adam10_+_70679112.23-P1P2	Adam10	1305	1439	1378	2176	2028	572	665	792	973	506	674	863	1317	1509	1387	877	906
Dctn6_+_34108437.23-P1P2	Dctn6	1477	1710	1447	1745	1854	320	622	617	787	348	808	874	1270	1043	850	801	552
Tbk1_-_121586491.23-P1P2	Tbk1	1654	2269	1676	2105	2273	641	933	657	1277	367	652	1331	1536	1838	1316	1169	1182
Prkcb_-_122289143.23-P1P2	Prkcb	1862	2355	1878	2427	2445	476	1069	903	1180	566	961	1178	1882	2064	1317	1068	947
Ampd2_-_108085356.23-P2	Ampd2_P2	953	1950	1228	1490	1336	399	615	657	1113	401	805	569	1175	1175	1009	797	761
Axin1_-_26138759.23-P1P2	Axin1	2006	2556	1778	2243	2043	390	813	1048	1411	735	1039	1180	1794	1978	1332	1266	1220
Fam168b_+_34842982.23-P1P2	Fam168b	2435	2209	1856	2691	2936	859	950	1183	1441	802	1286	1830	2143	2481	1617	1467	1196
Slc25a38_+_120114963.23-P2	Slc25a38_P2	1276	1501	1334	1684	1106	521	640	501	1193	472	927	810	1488	1399	952	767	845
Cntf_-_12765415.23-P1P2	Cntf	1486	2356	1499	1683	1321	550	883	744	981	489	692	1145	1427	1817	1265	839	909
Mmp9_+_164948314.23-P1P2	Mmp9	2707	3628	2717	3582	3508	954	1519	1064	2456	1055	1626	1901	2801	3701	2209	1717	1860
Npc1_-_12236058.23-P1P2	Npc1	2185	2685	2028	3084	2517	689	762	785	1770	660	1406	1403	1775	2360	1540	1366	1277
Lgi1_+_38265007.23-P1P2	Lgi1	2171	2934	2113	2416	2425	670	1117	1246	1929	615	1148	1473	2273	2427	1545	1522	1494
Sgk1_-_21994292.23-P1P2	Sgk1	1418	1635	1341	1644	1602	586	481	675	1166	432	684	879	1449	1583	900	721	863
Il15_-_82403023.23-P1P2	Il15	954	1376	1148	1529	1116	189	601	460	761	308	617	735	1151	1132	587	647	567
Decr1_+_15945276.23-P1P2	Decr1	2339	2233	1861	2728	2555	649	863	1101	1785	630	1233	1357	2474	2755	1793	1642	1226
Crat_-_30415315.23-P1P2	Crat	1744	2109	1626	2110	2131	591	701	668	1116	505	880	1061	2062	1688	1405	1041	1150
Upk3b_-_136038724.23-P1P2	Upk3b	1604	1266	1264	1528	1384	285	529	876	862	399	641	945	1081	1311	1047	915	880
Mpz_+_171155575.23-P1P2	Mpz	2153	3328	1850	3555	3043	747	964	1093	1515	576	1061	1434	2243	2437	1391	1277	1177
Angpt4_+_151911284.23-P1P2	Angpt4	2102	3664	2577	3075	2687	907	1037	1073	1422	701	997	1647	2341	2396	2388	1540	1430
Gba2_+_43578821.23-P1P2	Gba2	1506	2206	2060	1874	2451	596	839	887	1219	593	1131	1310	1703	2060	1204	1231	845
Atg5_-_44268621.23-P1P2	Atg5	1686	2390	1863	2148	2295	709	624	746	1487	606	1097	1208	1677	1909	1306	892	1221
Slc33a1_+_63964554.23-P1P2	Slc33a1	1080	1358	1113	1323	1506	313	493	433	809	292	442	708	769	1221	963	657	808
Abcb1a_+_8660259.23-P1P2	Abcb1a	997	1387	1350	1439	1079	319	511	620	693	360	521	859	990	1173	769	789	590
Hnrnpa2b1_-_51469831.23-P1P2	Hnrnpa2b1	1744	2068	1526	2009	1321	575	750	710	1025	473	961	1165	1538	1727	1164	970	912
Maf_+_115707816.23-P1P2	Maf	874	1061	711	1058	877	327	427	323	511	199	374	587	901	777	715	582	580
Chp1_-_119547847.23-P1P2	Chp1	3145	2994	2626	3275	3123	974	1131	1452	2024	776	1497	1785	2211	2876	1657	1565	1709
Il18_-_50554946.23-P1P2	Il18	1333	1698	882	1282	1247	398	567	586	592	293	572	852	1144	977	966	667	842
Tdp1_-_99884556.23-P1P2	Tdp1	1280	1479	1432	1542	1552	310	816	641	744	404	807	904	1297	1420	1065	776	942
Chmp2b_-_65562691.23-P1P2	Chmp2b	1263	1331	1113	1507	1350	561	486	493	753	370	1076	890	1239	1253	928	690	769
Atg12_+_46741527.23-P1P2	Atg12	1942	1869	2102	2611	2010	571	810	717	1479	525	957	1567	1346	2027	1573	1152	1140
Thg1l_+_45955458.23-P1P2	Thg1l	2302	3331	2403	3092	2878	927	1295	1333	1343	734	1199	1187	2110	2106	1826	1302	1593
Mapk3_-_126759884.23-P1P2	Mapk3	2728	2841	2203	3810	3051	813	1392	982	1878	594	1206	1572	2697	2844	1796	1607	1501
Znhit3_-_84916259.23-P1P2	Znhit3	1421	1918	1490	1976	1970	457	832	738	1017	577	691	1055	1491	1692	1157	940	1126
Pclo_+_14515022.23-P1P2	Pclo	1571	1404	1383	1845	1620	455	505	826	917	437	778	913	1227	1661	923	696	1043
Zfyve26_+_79296213.23-P1P2	Zfyve26	2584	3340	2674	3203	3293	912	1243	1375	2266	997	1214	2449	2483	3002	1823	1696	1594
Exoc2_+_30974049.23-P1P2	Exoc2	2312	3189	2423	3131	3071	808	1091	1003	1658	765	1052	1635	1942	2306	1531	1348	1387
Adora1_+_134234770.23-P1P2	Adora1	1459	1983	1237	2011	1859	522	879	495	1034	531	964	1193	1571	2111	1360	924	902
Chrna7_+_63212468.23-P1P2	Chrna7	2084	1932	2133	2489	2586	806	1031	1171	876	499	746	1516	2115	2127	1520	1210	1304
Mrc1_-_14229420.23-P1P2	Mrc1	2174	2422	1890	2579	2433	798	926	1096	1499	500	1896	1521	2191	2378	1977	1452	1149
Tfeb_-_47737146.23-P1P2	Tfeb	1115	1430	912	1476	1918	339	509	744	603	258	684	851	1231	1200	1281	851	751
Chmp1a_+_123212749.23-P1P2	Chmp1a	1729	1964	1358	1689	1558	628	787	795	943	454	792	1330	1385	1777	1198	896	971
Ubap1_-_41349076.23-P1P2	Ubap1	1766	2445	1945	2679	1885	274	596	521	885	474	560	828	1106	1682	1402	775	1043
Prdx3_+_60874446.23-P1P2	Prdx3	2452	3190	2136	2921	2048	671	1042	874	1188	806	1080	1569	1861	2789	1663	1306	1330
Ndufb11_+_20617014.23-P1P2	Ndufb11	2241	2845	2249	3359	2650	731	966	1231	1568	767	1463	1396	2005	2614	2101	1460	1676
non-targeting_00566	non-targeting	1797	2174	2472	2405	1859	540	671	826	1279	588	795	1088	1799	2033	1401	1428	1280
Reep2_+_34840671.23-P1P2	Reep2	1704	1973	1952	2048	1582	532	927	974	1318	579	797	1071	1356	1756	1446	987	1155
Ube2l3_-_17201235.23-P1P2	Ube2l3	1859	2754	1678	2269	2637	857	854	998	1505	771	868	1535	2098	2132	1348	1050	1329
Aptx_+_40703135.23-P1P2	Aptx	754	973	771	1126	1034	292	354	330	570	350	566	735	1012	1042	525	685	756
Hgf_-_16553903.23-P1P2	Hgf	1807	2039	1712	2273	1952	496	799	810	974	591	1010	1068	1359	1665	1382	887	935
Acbd5_-_23069112.23-P1P2	Acbd5	1895	2292	2502	2840	2358	589	1017	938	1307	621	1237	1546	1987	2313	1583	1161	1087
Cst3_-_148875382.23-P1P2	Cst3	2086	2068	1546	2819	2040	524	951	893	1375	636	1119	1322	2070	2340	1482	1035	1192
Atm_+_53536602.23-P1P2	Atm	1818	2282	2057	2847	2368	619	1006	764	1343	559	1043	1428	2029	1867	1725	1154	1122
Atp5h_+_115419853.23-P1P2	Atp5h	2066	2926	1970	2650	2693	499	919	695	1424	511	1200	1486	2436	2424	1768	1287	1305
Epg5_-_77938495.23-P1P2	Epg5	1225	1686	1049	1453	1615	465	723	515	1037	531	536	796	1211	1502	861	848	485
Tyrp1_-_80834419.23-P1P2	Tyrp1	1120	1503	815	1724	1453	396	586	571	847	416	678	692	1138	1388	1115	764	962
Gria1_-_57011815.23-P1P2	Gria1	2312	2676	2135	2550	2717	738	867	1159	1767	862	1239	1521	2550	2440	1781	1317	1406
Eef2_+_81176724.23-P1	Eef2_P1	1607	1361	1443	1585	730	156	289	276	530	178	407	224	226	322	237	274	253
Cd200_-_45408905.23-P1P2	Cd200	2475	3332	2179	3224	3099	828	1039	1108	2022	675	1247	1636	2430	2511	2196	1673	1591
Slc25a5_-_36795631.23-P1P2	Slc25a5	1647	2006	1903	2125	1907	393	955	716	1323	388	893	1263	1649	1903	1582	1181	1095
Zfp46_+_136284739.23-P1	Zfp46_P1	999	1436	1110	1152	909	317	428	393	382	433	659	853	801	1215	776	690	652
Tppp3_+_105471368.23-P1P2	Tppp3	1539	1679	1380	2022	1792	329	695	692	871	305	809	922	1001	1644	1155	1017	882
Eif2ak3_-_70844586.23-P1P2	Eif2ak3	1496	2626	1681	2370	2290	614	944	1069	964	546	878	1603	1938	2033	1402	1152	1333
Padi2_+_140906599.23-P1	Padi2_P1	1786	2570	2183	1968	1935	694	837	795	1195	557	738	1379	1512	2221	1685	1146	1192
Sirt6_-_81627476.23-P1P2	Sirt6	1489	2144	2208	2300	1813	570	832	880	1447	500	881	725	1836	1951	1715	1148	1043
Plb1_+_32247510.23-P1P2	Plb1	1717	1627	1483	1896	1687	489	599	644	916	327	1066	1138	2072	1741	1308	915	830
Cwf19l1_-_44135775.23-P1P2	Cwf19l1	1521	2131	1166	2316	2108	578	735	1069	1310	435	904	1315	1766	1804	1472	1017	1138
Cnr1_+_33924982.23-P1P2	Cnr1	2733	3027	2735	3635	2602	763	1292	709	1591	833	1445	1823	2189	2570	1830	1489	1429
Htra1_+_130936257.23-P1P2	Htra1	2354	2814	2026	2704	2898	701	1331	950	1711	719	1384	1681	2247	2581	1751	1597	1638
Rab7_+_88045209.23-P1P2	Rab7	1277	1991	1678	1900	1631	579	699	679	897	522	626	967	1376	1682	1094	918	712
Glo1_-_30612395.23-P1P2	Glo1	3017	3267	1853	3343	3009	853	1040	1495	2094	696	1454	1420	2563	3045	2579	1471	1607
Map3k11_-_5688764.23-P2	Map3k11_P2	1440	1955	1142	2219	1747	541	635	546	1063	426	702	860	1706	1761	1071	1082	1131
Igf1_+_87861319.23-P2	Igf1_P2	1784	2233	1520	2739	2349	568	903	903	1446	599	947	1660	1693	2223	1109	1307	1144
Hmgb1_+_149053025.23-P1	Hmgb1_P1	939	1270	1204	1365	1497	347	450	632	741	430	651	836	1001	1390	1333	885	904
Abhd12_-_150904666.23-P1P2	Abhd12	2682	3172	2570	3569	2681	799	1218	877	1740	697	1443	1767	2470	2991	2294	1851	1594
H2-M10.4_-_36462293.23-ENSMUST00000057502.7,ENSMUST00000169950.1	H2-M10.4	1946	2970	1513	3108	3322	836	1160	1203	1920	590	1088	1535	2030	2334	2175	1554	1643
Park7_-_150914372.23-P2	Park7_P2	1475	2292	1901	1979	1960	437	517	874	1164	690	604	916	1127	1643	1336	1036	979
Ppp3cc_-_70289425.23-P1P2	Ppp3cc	1170	1587	1084	1425	1394	305	617	542	929	338	689	802	760	1191	1019	626	566
Sema6a_+_47368845.23-P1P2	Sema6a	1524	2150	1784	2027	2672	530	804	1060	1057	641	1258	1338	1665	2029	1256	1025	1047
Hdac1_+_129542322.23-P1P2	Hdac1	1239	1559	1537	1729	1923	304	576	552	1015	564	728	892	1062	1237	1012	734	896
Dnm1l_+_16358511.23-P1P2	Dnm1l	1918	2071	2012	2640	1929	567	795	982	1149	535	569	1060	1780	2193	1694	943	1136
Glp1r_-_30901826.23-P1P2	Glp1r	1958	2337	2483	2477	2291	639	1238	874	1274	674	1225	1302	2060	2331	1602	1262	1276
Nedd4_+_72662441.23-P1P2	Nedd4	1233	1299	1047	1406	1210	252	458	415	630	365	561	579	973	1199	1055	606	627
Wdr41_+_94976399.23-P1P2	Wdr41	1117	1009	855	1157	960	332	404	608	666	329	722	764	1015	982	738	583	504
Peg12_-_62464481.23-P1P2	Peg12	2100	2233	1649	2825	2267	456	833	897	1046	494	1133	1229	1727	1953	1493	1259	1067
Sdha_+_74350144.23-P1P2	Sdha	915	1249	1072	1469	1346	299	560	526	934	370	638	889	1103	1348	863	662	801
Ins2_-_142679705.23-P1	Ins2_P1	1546	2344	1672	2089	2527	644	783	798	1298	387	644	1524	1569	2319	1440	1176	1200
Mapk10_+_103211288.23-P1P2	Mapk10	1582	1905	1595	2283	1986	611	879	715	1311	469	977	1420	1880	1942	1580	1015	872
Cd200_-_45408925.23-P1P2	Cd200	1615	2001	1791	2513	1937	421	830	611	1180	471	1047	1516	1721	1806	1895	1287	918
Erbb2_-_98412495.23-P1P2	Erbb2	2208	2560	2176	3068	2775	575	1156	925	1331	817	1177	1793	2142	2525	1813	1428	1583
Sgsm3_-_80977850.23-P1P2	Sgsm3	890	1384	1243	1522	1152	339	413	696	929	395	799	684	1185	1564	951	684	639
Slc11a2_+_100423038.23-P1	Slc11a2_P1	1189	1919	1631	1849	1457	486	783	869	936	505	897	1016	1458	1588	1414	1003	1014
Dnm1l_+_16358949.23-P1P2	Dnm1l	1709	2013	2025	1807	1786	542	575	768	1040	480	634	972	1185	1693	1030	894	972
Atf4_+_80255865.23-P1P2	Atf4	1790	2456	1349	2078	1501	690	634	704	959	548	759	1040	1733	1890	1729	1354	1075
Pclo_-_14515009.23-P1P2	Pclo	1027	1528	1182	1593	1617	351	492	604	827	370	769	627	1215	1607	1143	792	543
Htra1_+_130936278.23-P1P2	Htra1	2407	2350	2022	2967	2487	752	955	1169	1886	597	1203	1666	1773	2384	1813	1520	1498
Gpx6_+_21312559.23-P1P2	Gpx6	2237	2447	2061	2750	2542	602	913	1245	1205	630	1045	1799	2091	2729	1325	1234	1498
Atl1_-_69893287.23-P1P2	Atl1	1047	871	1067	1141	1417	315	352	218	597	284	473	527	792	757	921	844	528
Nhlrc1_+_47014772.23-P1P2	Nhlrc1	1111	1154	1002	997	1112	353	496	409	542	246	323	672	978	996	613	568	707
Sema3c_-_17574789.23-P1P2	Sema3c	1739	1637	1417	1879	1243	420	682	851	1061	409	816	1378	1398	1826	1477	784	978
Mcoln1_-_3500519.23-P1P2	Mcoln1	1189	1252	1101	1537	1047	328	443	754	676	331	750	714	884	1513	965	666	655
Fshr_-_89200667.23-P1P2	Fshr	2347	2555	1859	2798	2137	585	759	879	1532	677	1024	1501	2070	2539	1539	1092	1333
Gch1_+_47189375.23-P1P2	Gch1	1681	2174	1882	2135	2350	662	820	745	1123	553	698	1358	2178	2335	1553	1434	1057
Wnt2b_-_104961629.23-P1P2	Wnt2b	2920	3595	2769	3823	2984	992	1671	1398	1865	916	1580	1891	3295	3158	2515	2004	1825
Sst_-_23890805.23-P1P2	Sst	2302	2369	2269	2549	2653	687	1258	907	1344	765	1269	1385	1922	2629	2034	1644	1368
Igf1_+_87859297.23-P1	Igf1_P1	1329	1868	1842	2043	1843	588	694	894	1122	369	891	1029	1526	1760	1010	1048	1062
Wfs1_-_36988929.23-P1P2	Wfs1	1407	2076	1009	1926	2060	473	830	815	1070	599	666	1146	1712	2101	1065	1103	948
Pik3cd_-_149698576.23-P1P2	Pik3cd	2101	2824	2491	2386	2664	627	1065	779	1591	804	1048	1231	2067	2502	1786	1381	1114
Atg13_-_91710352.23-P1P2	Atg13	1568	1570	1599	1913	2161	357	1002	585	971	505	1044	1055	1670	2044	1091	978	977
Psmc6_-_45329850.23-P1P2	Psmc6	3157	3422	2693	3825	2534	727	1001	754	1252	529	915	1486	1886	2206	1474	1316	1321
Cacna1c_+_118757929.23-ENSMUST00000112825.2	Cacna1c	2408	2953	2406	3138	2810	649	1047	1460	1589	637	1420	1241	2467	2500	1819	1418	1404
Crp_-_172698286.23-P1P2	Crp	1107	1390	1155	1588	1386	489	542	553	916	384	1098	935	1581	1544	922	918	803
Slc9a1_-_133369812.23-P1P2	Slc9a1	2325	2725	1926	3345	2681	1068	990	955	2052	685	1448	1329	2390	2745	1629	1308	1469
Cwf19l1_-_44135805.23-P1P2	Cwf19l1	1730	2102	1829	2304	1844	430	794	836	1142	513	578	957	1529	1785	1422	1076	960
Fosb_+_19310015.23-P1P2	Fosb	1483	2177	1817	2294	1938	608	836	434	1252	586	1026	1633	1880	1718	1427	1283	1212
Exosc9_+_36552697.23-P1P2	Exosc9	1382	1384	1761	1972	1334	398	548	438	812	483	523	913	980	905	674	600	629
Casp12_-_5345686.23-P1P2	Casp12	2483	2628	2445	2918	2803	789	1146	1060	1555	792	1299	1812	1826	3080	1461	1525	1168
Parp1_+_180568970.23-P1P2	Parp1	1903	2230	1833	2180	2246	479	891	905	1348	450	950	811	1481	1828	1344	1186	988
Tfpi2_+_3968320.23-P1P2	Tfpi2	1486	1530	1894	2224	1692	390	960	780	1229	509	904	1384	1686	2051	1414	1049	1302
Atf6_-_170867721.23-P1P2	Atf6	1894	2240	1691	1971	2282	522	735	704	1018	613	822	892	1787	1831	1232	1156	940
Atr_-_95857728.23-P1P2	Atr	1170	1449	897	1287	1482	316	546	363	851	229	504	627	999	1284	1113	783	762
Ap5z1_-_142464076.23-P1P2	Ap5z1	2607	2804	2268	3363	2782	808	1072	1301	1481	727	1394	1590	2595	2836	2009	1585	1601
Mmp9_+_164948249.23-P1P2	Mmp9	2107	2666	2450	3491	2935	644	1004	1219	1642	788	1280	1461	2296	2471	2107	1385	1363
Fasl_+_161788310.23-P1P2	Fasl	876	1143	655	807	714	295	406	489	499	127	515	704	682	988	638	691	561
Uqcr10_+_4704155.23-P1P2	Uqcr10	969	1234	1101	1483	1248	390	520	518	642	182	750	667	1004	1277	1195	737	740
Hnrnpa2b1_-_51469774.23-P1P2	Hnrnpa2b1	2306	2524	2157	3004	2838	663	1177	1172	1714	858	1466	1823	1983	2664	1952	1869	1532
Tlr4_+_66827826.23-P1P2	Tlr4	2471	3100	2197	3044	2950	841	976	1549	1754	673	1272	1438	1971	2759	1740	1457	1370
Tppp3_-_105471322.23-P1P2	Tppp3	1655	1970	1044	1921	1918	544	805	591	1419	407	961	1415	1843	1896	1172	899	913
Ube2l6_-_84798926.23-P1P2	Ube2l6	2773	3880	3171	4398	3304	1023	1423	1601	2174	940	2012	1861	2608	2850	2362	1988	1780
Tnfrsf1a_+_125349827.23-P1P2	Tnfrsf1a	1158	1509	1211	1866	1360	438	532	616	781	421	961	776	1406	1484	1223	1003	701
Actr10_-_70937982.23-P1P2	Actr10	1345	1843	1180	2016	1755	571	500	644	1086	458	747	644	1067	1495	993	852	836
Psma8_-_14706233.23-P1P2	Psma8	1995	2924	2009	2846	2811	761	950	1118	1799	726	1214	1974	2074	2600	1948	1450	1365
Ostm1_-_42678933.23-P1P2	Ostm1	1685	2296	1691	2528	1928	449	680	749	1029	519	1040	925	1442	1572	1300	691	1027
Bap1_-_31251538.23-P1P2	Bap1	2134	2457	1684	2353	2401	550	942	850	1102	507	1263	1606	1887	2027	1653	1211	1092
Ap4e1_-_127008768.23-P1P2	Ap4e1	1532	1388	1401	1698	1620	374	628	724	1236	496	1077	920	1627	1967	1361	709	1031
Kitl_-_100015866.23-P1P2	Kitl	3399	4141	3163	3833	3175	1109	1559	1275	2775	998	2122	2277	3225	3332	2489	1708	2310
Optn_-_5064022.23-P1P2	Optn	1334	1510	1255	1710	1266	390	623	615	1026	276	626	999	1061	1350	1034	779	800
Cyp2d34_+_82620583.23-P1P2	Cyp2d34	783	893	999	1160	1221	409	538	422	747	188	681	816	1169	1292	1004	729	691
Psen2_+_180256206.23-P1	Psen2_P1	1477	1893	1855	2440	1852	517	734	904	1002	512	931	1068	1989	2036	1372	1132	1199
Setx_-_29125188.23-P1P2	Setx	1865	2803	1431	2241	2676	667	724	658	1691	590	916	1287	1574	1973	1799	1356	1123
Fgf1_+_38918620.23-P1P2	Fgf1	926	1183	998	1037	927	392	394	197	653	205	598	720	718	1036	799	545	506
Mif_+_75860261.23-P1P2	Mif	1416	1850	1454	2324	2099	561	777	891	1197	493	1039	1283	1675	2015	1545	976	1193
Polr3b_-_84622421.23-P1P2	Polr3b	1529	2138	1525	1955	944	126	312	330	359	135	175	183	561	523	456	413	366
Pus1_-_110780562.23-P1P2	Pus1	1415	2041	1472	2465	1839	467	780	992	1092	532	1343	1636	1292	1887	1149	1190	1101
Sbf1_+_89315231.23-P1P2	Sbf1	1089	1253	1104	1200	820	352	303	288	665	358	387	527	897	900	781	548	725
Cst10_+_149405382.23-P1P2	Cst10	1183	1639	1340	2220	1635	569	627	579	824	506	966	1056	1336	1546	1327	836	823
Galc_+_98259307.23-P1P2	Galc	1208	1542	1119	1694	1281	370	480	336	636	363	624	615	806	1124	891	734	574
Glo1_-_30612411.23-P1P2	Glo1	2641	2927	2777	3224	3054	875	1162	1208	1568	747	1467	1528	2385	2627	1793	1502	1410
Abca7_-_79996508.23-P1P2	Abca7	1644	1774	1523	1804	1664	479	655	688	1201	452	638	1080	1251	1891	1410	835	856
Nrbf2_+_67285272.23-P1P2	Nrbf2	2151	2855	2166	3010	2412	781	1009	1069	1717	686	1219	1284	2254	2794	2012	1684	1583
Ndufv2_+_66101493.23-P1P2	Ndufv2	2145	2684	2141	3004	2602	676	973	573	1189	619	1391	1418	2014	2278	1729	1254	1371
Trap1_+_4077784.23-P1P2	Trap1	913	1193	1112	1155	1250	211	525	486	815	289	515	629	866	975	925	673	648
Rb1cc1_+_6214721.23-P1P2	Rb1cc1	1658	1999	1619	2161	2089	359	674	726	1026	525	1115	1304	1553	2189	1167	1003	881
Aqp4_+_15403601.23-P1P2	Aqp4	1680	2436	2141	2648	2805	827	1101	1029	1196	580	1105	1560	2220	2254	1802	1258	1289
Slc25a31_-_40708914.23-P1P2	Slc25a31	1638	2334	1632	2102	1448	493	724	818	1333	413	905	942	1410	1530	1452	1195	1154
Sncb_+_54766298.23-P1P2	Sncb	1785	1978	1804	2338	2276	631	1124	869	1241	525	1032	1236	1789	1973	1640	1082	1040
Atp5o_+_91931518.23-P1P2	Atp5o	1958	2505	1742	2916	2262	725	868	1315	1737	633	1202	1662	1910	2281	1699	1229	1245
Gba_-_89203337.23-P1P2	Gba	1356	1869	1478	1534	1686	493	630	645	963	341	791	951	1258	1607	1049	895	741
Sdhc_-_171150547.23-P1P2	Sdhc	1932	2369	1903	2982	2533	531	924	939	1329	549	937	1285	1839	2354	1450	1413	1274
Pik3c3_-_30273108.23-P1P2	Pik3c3	1812	2494	1750	2133	2067	488	623	590	815	454	757	1027	908	1407	1002	858	787
Capn1_-_6015145.23-P1P2	Capn1	2327	3105	2268	3096	2641	1127	1352	1021	2082	983	1559	1272	2266	2532	1819	1605	1409
Tomm40l_-_171222409.23-P1P2	Tomm40l	1622	2626	1868	2283	2367	664	811	792	1207	438	882	1420	1572	1903	1589	992	955
Thy1_-_44043476.23-P1P2	Thy1	2397	3199	2975	3234	2330	687	1012	1266	1612	800	1687	1720	2600	2787	1903	1517	1348
Cacna1a_+_84415379.23-ENSMUST00000121390.1	Cacna1a	1659	2470	1829	1647	2037	598	1000	979	984	707	805	1371	1429	1687	978	1082	1064
Chp1_+_119547827.23-P1P2	Chp1	1353	2281	1489	1992	1960	462	770	589	996	593	766	1033	1745	1748	1096	959	770
Serpina3j_-_104314851.23-ENSMUST00000109957.2	Serpina3j	2191	2355	2127	2669	2429	512	1065	1040	1589	682	1175	1503	2253	2161	1461	1452	1308
Mcoln1_+_3500565.23-P1P2	Mcoln1	1758	2185	1830	2638	1710	432	860	577	1476	551	1143	1554	1501	1857	1564	1271	1281
Sdhd_+_50603597.23-P1P2	Sdhd	1673	1639	1410	2367	1671	439	766	772	1201	427	854	1389	1235	1448	1234	902	936
Tubal3_-_3924718.23-P1P2	Tubal3	889	1314	887	947	1163	246	502	566	776	402	626	912	1025	1077	797	700	607
Dnah2_+_69544351.23-ENSMUST00000035539.5	Dnah2	1540	2255	2014	2191	2089	433	800	735	1294	607	817	1056	1649	1571	1705	1200	1034
Ngfr_+_95587519.23-P1P2	Ngfr	2820	3486	2651	3308	3723	778	1296	1609	1708	1000	1854	2064	2741	2886	2142	1751	1565
Calml3_-_3804271.23-P1P2	Calml3	1203	1344	1183	1330	1514	493	459	617	750	389	556	930	1177	1557	924	686	877
Pi4ka_+_17405853.23-P1P2	Pi4ka	2573	3317	2563	3912	3264	956	1217	1192	1940	809	1265	1631	2468	2679	2323	1750	1851
Slc52a3_+_151999926.23-P2	Slc52a3_P2	1280	1615	1028	2069	1459	322	627	641	682	409	616	1189	1584	1806	1116	956	711
Cyp27a1_+_74713574.23-P1P2	Cyp27a1	1227	2342	1652	2334	2013	513	942	514	1168	369	989	1013	1533	1845	1161	940	1134
Igf1_-_87859228.23-P1	Igf1_P1	1946	2165	1822	2397	2162	656	793	723	1305	696	834	1337	1947	2167	1354	1050	1205
Eif2b1_+_124578999.23-P1P2	Eif2b1	1931	2285	2041	2453	2157	606	835	918	1322	538	911	1403	1736	2326	1594	1251	1275
Rtn4_-_29693024.23-P1P2	Rtn4	1367	2368	1738	1894	1512	448	890	757	826	348	687	1110	1181	1552	1122	964	707
Nos2_-_78920867.23-P1P2	Nos2	2199	2844	2498	3035	2873	634	674	639	1334	526	1449	1182	2241	2767	1763	1403	1370
Plekhg5_-_152086931.23-P1P2	Plekhg5	2028	2669	2565	2868	2634	539	949	1077	1668	764	1157	1803	2194	2610	1453	1324	1381
Csf1_+_107760098.23-P1P2	Csf1	1309	1596	1197	1664	1694	599	605	899	777	440	802	1099	1108	1857	1154	989	852
Bscl2_+_8840565.23-P1	Bscl2_P1	1489	2150	1463	2138	1932	644	939	722	1096	485	1052	1098	1587	1793	1274	1375	1128
Pon3_-_5256227.23-P1P2	Pon3	1728	1978	2008	2323	2449	499	978	1003	1015	665	1090	1474	2308	1933	1839	1128	980
Dlst_+_85110891.23-P1P2	Dlst	2020	2414	1504	2367	2527	529	834	1020	1333	605	798	1360	1847	1857	1274	1172	1264
non-targeting_04319	non-targeting	1588	2447	1399	1610	1121	493	551	514	985	407	900	1028	1436	1294	1240	959	808
Psma6_-_55399083.23-P1P2	Psma6	1656	1897	1331	2246	1498	557	766	649	830	413	751	933	1788	1798	1005	873	834
Fzd9_+_135251223.23-P1P2	Fzd9	1358	1998	2378	2094	1915	411	747	835	927	522	608	1181	1473	1916	990	897	1267
Hspa8_-_40801348.23-P1	Hspa8_P1	1893	2179	1741	3000	2112	765	905	938	1157	564	846	1512	1901	2202	1709	1182	1311
Ucp2_+_100493370.23-P1	Ucp2_P1	1582	1642	1034	2276	1587	437	933	735	967	503	821	931	1448	1774	1327	1079	941
Fbln5_-_101818813.23-P1P2	Fbln5	851	1529	1334	1290	1680	382	500	542	925	383	756	932	1018	1320	1496	1011	934
Dpp6_-_27261980.23-P1	Dpp6_P1	2126	2537	1637	2191	2317	745	915	783	1230	471	826	1349	1840	2060	1373	1194	984
Ndufa4l2_-_127515016.23-P1P2	Ndufa4l2	755	1222	881	1131	1343	286	553	287	814	277	466	535	746	1193	731	735	544
Ubtf_+_102318959.23-P1P2	Ubtf	1710	2186	1674	2070	1648	424	755	447	892	484	1165	925	1836	2105	1233	1118	838
Slc11a2_+_100422950.23-P1	Slc11a2_P1	2038	2891	2505	3232	2700	804	1087	929	1214	709	1308	1486	1993	2253	2167	1604	1315
Gstm2_+_107986414.23-P1P2	Gstm2	1383	1947	1687	1920	1454	428	563	662	823	494	738	871	1057	1417	1133	894	778
Mapk11_+_89149444.23-P1P2	Mapk11	957	1587	1177	1545	1497	374	543	426	686	319	863	640	902	1266	1073	733	730
Ndufs7_-_80249509.23-P1P2	Ndufs7	2117	3211	2113	3129	2239	677	837	1153	1232	568	1050	1344	1819	2004	1507	1286	1187
Mme_-_63300260.23-P1	Mme_P1	1049	1050	1144	1408	1121	493	502	464	861	314	622	717	855	1121	870	790	637
Cln3_-_126583330.23-P1P2	Cln3	1429	1666	1049	1831	1647	512	818	763	1046	529	739	826	1425	1556	1563	831	982
Phpt1_+_25574835.23-P1P2	Phpt1	2038	2481	2050	2500	2647	633	737	1132	1446	828	1178	1483	1671	1909	1459	1428	1175
Dnah7c_+_46609359.23-ENSMUST00000178395.1	Dnah7c	1704	2236	2068	2093	1363	507	804	953	1455	536	832	1163	1346	1925	1401	1147	1304
non-targeting_02054	non-targeting	1585	2259	1594	2066	2035	501	899	1088	1375	476	1014	1535	1561	1970	1513	890	1003
H2-M10.3_-_36368283.23-ENSMUST00000073546.3	H2-M10.3	1703	1606	1757	1842	1542	650	734	702	1019	474	637	1146	1587	1587	1080	1067	1117
Rho_-_115931934.23-P1P2	Rho	1881	3094	2376	3318	2649	845	1183	1141	1896	743	1284	1620	2357	3222	2195	1467	1295
Cfdp1_-_111854293.23-P1P2	Cfdp1	2424	3265	2700	3188	2425	430	808	722	1186	562	863	1084	1637	1491	1314	1015	1147
Gstm3_-_107969136.23-P1P2	Gstm3	1962	2986	1956	2637	2235	575	872	756	1491	635	1091	1625	1957	2453	1600	1561	1123
Dst_+_34011590.23-P1P2	Dst	3694	4733	2904	4562	4019	1016	1896	1909	2605	850	1519	2424	3403	3998	2488	2061	2248
Uchl1_+_66676254.23-P1P2	Uchl1	2640	3253	2820	3290	3268	635	1171	1416	1957	596	1208	1532	2467	2676	2059	1471	1806
Casp7_-_56397275.23-P1P2	Casp7	1341	2132	1611	1854	2092	543	819	904	1052	416	1000	1225	1698	1677	1634	767	995
Ngfr_-_95587681.23-P1P2	Ngfr	2793	3219	2275	3490	3269	662	1200	1434	1722	800	1764	1913	2452	3037	1881	1627	1369
Cacna1s_-_136052833.23-P1P2	Cacna1s	1328	1241	1247	1546	1314	317	497	541	619	399	732	661	1578	1444	1198	994	755
Sema3c_+_17574803.23-P1P2	Sema3c	1927	2256	2029	2501	2535	774	888	648	1235	556	933	1628	2223	2037	1446	1180	1179
Grin2a_+_9995028.23-P1P2	Grin2a	2046	2069	2067	2634	2720	750	1096	889	1391	668	1051	1347	2036	1774	1412	1333	1366
Gemin4_-_76243639.23-P2	Gemin4_P2	1182	1835	1327	1865	1639	429	836	639	1083	465	716	960	1587	1434	993	874	827
Ndrg2_+_51913334.23-P1P2	Ndrg2	1404	1797	1356	1897	2135	549	708	619	940	438	832	1133	1276	1783	1348	1043	1132
Pparg_+_115361484.23-P1P2	Pparg	1541	1662	1391	2133	1425	532	737	667	989	422	856	832	1204	1608	1332	698	798
Ppif_+_25694214.23-P1P2	Ppif	1696	1816	1466	2327	2150	548	696	942	1073	563	991	1112	1847	2052	1287	1127	1043
Psmd7_-_107588348.23-P1P2	Psmd7	1953	2395	2311	2785	3018	634	1179	919	1487	674	1388	1697	2082	2288	1452	1309	1067
Vrk1_+_106010338.23-P1P2	Vrk1	1880	2496	2002	2452	2465	595	847	785	1948	838	1291	1686	1825	2150	1160	1092	1280
Grin2a_+_9995035.23-P1P2	Grin2a	1296	1860	1341	1971	1734	385	667	897	1130	467	993	944	1825	1747	1532	1179	1010
Ang4_-_51773247.23-P1P2	Ang4	1333	1504	1228	1807	1133	262	481	379	1053	492	719	870	1284	1029	937	988	851
Ndufb7_-_83566824.23-P1P2	Ndufb7	1145	1271	1307	1469	1189	378	309	453	694	241	399	539	1125	1202	826	659	618
Tubb4b_+_25224926.23-P1P2	Tubb4b	870	785	802	1057	911	226	345	347	684	156	353	633	915	788	694	469	498
Ern1_-_106487794.23-P1P2	Ern1	1981	2458	1590	2144	2285	553	930	1013	1397	559	905	1275	1783	1970	2063	1191	1133
Echs1_-_140116395.23-P1P2	Echs1	1802	2897	2315	2875	1685	611	835	817	1028	641	1312	1225	2267	2341	1570	1174	1251
Nbn_-_15958078.23-P1P2	Nbn	2454	2381	2656	2749	2592	654	926	989	1480	671	1185	1721	1665	2426	1917	1465	1353
Tsen2_+_115544743.23-P1P2	Tsen2	765	1055	533	783	680	68	192	67	267	89	172	160	330	287	160	225	295
Vim_+_13574315.23-P1P2	Vim	1222	1538	1328	1871	1298	307	436	571	756	231	557	879	1153	1575	1086	682	790
Bak1_-_27028514.23-P1P2	Bak1	1021	1341	1063	1267	1121	371	526	369	741	228	629	577	982	1201	853	786	714
non-targeting_03156	non-targeting	1206	1508	1496	1714	1840	440	659	812	973	425	744	1076	1144	1516	1194	834	969
Canx_+_50325584.23-P1P2	Canx	2298	3162	2434	3297	2871	718	1205	1563	1782	754	1358	1666	2445	2687	2619	1883	1587
Spg7_+_123065839.23-P1P2	Spg7	1322	1508	1093	1819	1743	479	602	433	912	403	739	1103	1205	1491	1183	871	624
Mapk13_+_28769392.23-P1P2	Mapk13	947	1193	1057	1429	1125	331	562	654	712	284	788	599	1441	1502	1054	751	691
Gria1_-_57011826.23-P1P2	Gria1	2384	3077	2261	3523	2511	910	1092	1077	1672	509	1245	1450	2353	2604	1747	1639	1731
Cnp_+_100574987.23-P1P2	Cnp	1045	1178	1047	1794	1922	369	502	833	960	256	652	868	1347	1324	985	816	782
Pik3r5_+_68432172.23-P1P2	Pik3r5	966	1228	979	1243	1285	388	369	654	1015	404	592	693	998	1140	551	627	651
Wnt7b_-_85577814.23-P2	Wnt7b_P2	1372	1736	1452	2143	1892	390	689	950	1113	506	884	1017	1116	1715	1539	983	968
Atr_+_95857709.23-P1P2	Atr	2013	2476	1782	3236	2712	673	1124	865	1602	565	1377	1860	2210	2757	1999	1602	1379
Cox5a_-_57521287.23-P1P2	Cox5a	1753	2384	1911	2353	1955	521	876	1003	1694	631	990	1688	1330	1319	955	965	831
Psma2_+_14613471.23-P1P2	Psma2	2007	2088	1936	2552	2491	555	985	899	1155	666	998	1355	1941	1879	1427	1133	1028
Fzd7_+_59482136.23-P1P2	Fzd7	1723	1638	1694	2177	2392	441	678	697	1191	415	1117	793	1661	2015	1677	869	978
Eif4g2_-_111081551.23-P2	Eif4g2_P2	1026	1316	1233	1208	1461	223	572	438	834	382	563	663	899	1422	845	775	721
Psmd4_-_95042368.23-P1P2	Psmd4	1081	1806	1475	1444	1395	484	545	642	782	322	634	1056	988	1183	949	706	558
Bcl10_+_145924346.23-P1P2	Bcl10	1535	2083	1721	2016	2051	475	707	837	929	633	990	1179	1393	1784	1985	1000	1201
Tmem230_-_132247773.23-P1P2	Tmem230	690	1455	1066	1336	1497	296	467	480	863	190	675	670	986	1549	1041	902	698
Map2_+_66175358.23-P1	Map2_P1	938	1595	1673	1405	1160	318	552	443	745	372	737	1080	1100	1240	809	630	772
Cnr2_-_135895531.23-P1	Cnr2_P1	1071	1187	1043	1557	1290	291	474	430	676	326	811	894	907	1171	962	784	894
Psmd14_+_61712065.23-P1P2	Psmd14	2625	3233	2817	3111	2835	768	1109	909	1699	665	1217	1595	2544	2150	2041	1374	1511
Csnk2a1_-_152226588.23-P1P2	Csnk2a1	1477	1737	1331	2130	1880	692	659	621	1228	590	844	1315	1955	2031	1214	1124	1011
Zfp78_-_6363363.23-P1P2	Zfp78	1082	1117	1189	1485	1347	278	643	525	931	409	633	905	1301	1316	867	574	681
Eef2_+_81176665.23-P1	Eef2_P1	1267	1612	1214	2049	700	102	334	151	593	186	589	462	703	536	363	330	291
Ftl1_+_45458985.23-P1P2	Ftl1	1267	1043	1215	1554	995	362	507	930	877	491	659	883	1095	1079	994	614	811
Tardbp_+_148626742.23-P1P2	Tardbp	1848	2540	2264	2604	2368	887	1147	827	1678	665	1057	1647	1545	2088	1582	1337	1455
Ap4b1_+_103809892.23-P1P2	Ap4b1	1884	2496	1733	2664	2331	556	915	1056	1362	646	843	1607	1962	2255	1628	1340	1235
Pqbp1_-_7899180.23-P1P2	Pqbp1	698	722	813	1027	676	142	317	258	363	272	288	435	973	724	591	351	338
Hsf1_+_76477430.23-P1P2	Hsf1	2836	3949	3286	3913	4109	780	1320	1604	1916	815	1584	1606	2379	2956	2278	1796	1739
Axin2_+_108921045.23-P1P2	Axin2	885	1063	798	1174	1175	372	332	398	672	295	682	851	1049	990	934	631	622
Sdhb_-_140961396.23-P1P2	Sdhb	2032	3066	2257	2975	2682	948	913	1347	2018	907	1381	1712	2388	2782	1875	1656	1578
Braf_-_39725321.23-P1P2	Braf	1614	2151	1458	1994	1724	415	740	677	1262	384	997	1012	1441	1765	1190	909	958
Atl1_-_69893294.23-P1P2	Atl1	1255	1360	1107	1529	1081	440	436	406	630	376	466	514	1304	1288	928	637	675
Hdac1_+_129542673.23-P1P2	Hdac1	1553	1797	1549	1707	1447	323	744	725	953	430	1178	938	1578	1526	1197	960	1066
Elavl1_+_4325058.23-P1P2	Elavl1	2966	2886	1751	3210	2507	857	1266	1049	1817	762	1302	1898	1913	2611	1774	1560	1327
Hspa8_-_40802397.23-P2	Hspa8_P2	2064	2628	1943	3010	2553	553	1027	931	1391	667	1209	1550	2348	2699	1754	1324	1498
Vcp_+_43000049.23-P1P2	Vcp	2111	3067	1911	2761	1439	429	726	565	1546	471	1029	761	1858	1416	1290	877	1135
Mthfr_-_148041173.23-P2	Mthfr_P2	2039	2293	1661	2140	2116	583	996	848	1151	498	985	1033	1811	1673	1413	1185	1002
Tsen2_-_115544950.23-P1P2	Tsen2	1909	2579	2269	2819	1819	335	615	459	1142	414	657	795	1007	1219	751	846	678
Snap25_+_136713495.23-P1P2	Snap25	1713	1441	1441	1839	1244	445	441	445	708	259	547	610	771	1100	744	622	720
P2rx7_-_122643939.23-P1P2	P2rx7	1404	2155	1706	2086	2203	522	793	804	1255	612	1314	829	1909	2047	1521	1121	1205
Gabarapl1_+_129533220.23-P1P2	Gabarapl1	775	984	708	855	891	180	312	225	448	198	503	445	702	790	603	572	570
Map3k11_-_5689844.23-P1	Map3k11_P1	1406	1795	1627	2388	2043	518	781	577	1310	581	956	1689	1660	1996	1435	1170	1155
Tat_-_109990481.23-P1P2	Tat	1285	1424	1238	1677	1420	437	689	651	936	436	808	1040	1749	1551	922	1120	1001
Pmp22_+_63133149.23-P2	Pmp22_P2	2733	2784	2883	3150	2500	796	1121	1278	1261	647	1645	1835	2462	2253	2136	1620	1314
Eif4g2_-_111081554.23-P2	Eif4g2_P2	1170	1670	1045	1769	1830	340	586	725	961	331	650	1219	1280	1660	1166	1056	917
Epha4_+_77515027.23-P1P2	Epha4	1105	1295	914	1463	919	484	499	527	681	300	730	791	1114	1114	1003	645	637
Morc2a_-_3649304.23-P1P2	Morc2a	1341	1814	1305	1760	1981	491	730	583	1095	411	794	1464	1458	1754	1259	825	780
Uchl3_-_101654052.23-P1P2	Uchl3	1716	1641	1408	1922	2461	534	541	630	1373	529	761	1208	1557	1864	1202	1030	1039
Prickle2_+_92481372.23-P2	Prickle2_P2	2656	3362	2964	3521	2982	1073	1385	1278	2185	818	1587	2127	2826	3690	2544	1616	2067
Psmc2_+_21785319.23-P1	Psmc2_P1	1637	2221	1783	2211	1917	686	740	753	1457	582	966	1411	2254	2249	1672	1135	1098
Ndufs1_+_63176612.23-P1P2	Ndufs1	1423	2137	1827	2221	1849	349	877	627	836	412	775	1012	1404	1479	1115	913	895
Inf2_+_112604159.23-P2	Inf2_P2	1201	1061	956	1534	1362	312	422	271	438	260	1004	760	1078	1261	967	511	646
Cyld_-_88697111.23-P1P2	Cyld	1516	1678	1319	2245	1720	379	601	627	941	518	598	840	1475	1817	1451	912	1039
Htra1_+_130936371.23-P1P2	Htra1	1108	1549	1286	2037	1687	412	648	671	891	334	951	779	1258	1508	1162	926	981
Psmd11_+_80428690.23-P1P2	Psmd11	1390	1787	1180	1586	959	249	465	521	551	270	447	955	891	1276	836	1026	777
Ogg1_+_113327198.23-P1P2	Ogg1	2139	2707	2073	3401	2557	632	981	986	1679	610	1653	1578	2280	2512	2366	1567	1621
Pin1rt1_-_104716122.23-ENSMUST00000099659.2	Pin1rt1	2414	2952	2202	2901	2733	840	1093	1009	1678	707	1618	1548	2207	2617	1609	1639	1457
Gnb4_+_32616433.23-P1P2	Gnb4	2238	2234	2228	2949	2877	548	978	1050	1394	625	914	1713	2173	2399	1339	1301	1131
Anxa1_+_20390291.23-P1P2	Anxa1	1796	1519	1586	2107	1465	513	670	786	880	529	493	1305	1686	1723	910	1058	780
Ctsf_-_4855465.23-P1P2	Ctsf	1206	1288	1664	1800	1884	432	596	554	902	399	882	926	1444	1501	1332	756	892
Nrtn_-_56757433.23-P1P2	Nrtn	1140	1486	1051	1263	967	238	492	426	802	219	691	703	892	1437	974	630	754
Rars2_-_34615010.23-P1P2	Rars2	2001	2625	1971	2987	2580	828	1063	1193	1415	588	1316	1912	1542	2417	1288	1132	1272
Cadm3_-_173367602.23-P1P2	Cadm3	1431	2256	1635	2192	2454	417	762	802	1107	386	1079	1039	1417	1587	1636	1269	1111
Irs1_+_82290887.23-P1P2	Irs1	2274	2179	1361	2219	2063	591	802	644	1098	422	910	1252	1867	2383	1467	1437	1189
Gemin4_-_76217491.23-P1	Gemin4_P1	1044	1436	1202	1570	1359	362	467	533	676	263	487	525	984	1359	1095	896	669
Vps53_+_76179599.23-P1P2	Vps53	1700	1703	1557	1926	987	148	274	195	463	239	430	506	714	575	466	416	398
Atp2a2_-_122502185.23-P1P2	Atp2a2	2657	3021	2847	3234	2664	653	985	1276	1664	676	1453	1735	2314	2523	1952	1345	1556
Ube2l3_-_17201132.23-P1P2	Ube2l3	1445	1773	1130	2081	1316	424	588	696	783	490	350	949	1803	1791	817	966	929
Wnt6_+_74771965.23-P1P2	Wnt6	1678	1503	1721	1709	1979	661	673	812	1052	428	857	885	1825	1752	1262	1043	1006
Xpnpep1_-_53038577.23-P1P2	Xpnpep1	1422	1897	1008	1683	1736	482	575	684	826	499	620	623	1170	1259	1271	968	917
H2-M10.4_-_36462271.23-ENSMUST00000057502.7,ENSMUST00000169950.1	H2-M10.4	1848	2130	1917	2030	2720	658	725	610	1099	540	1263	1309	1804	1697	1601	1209	1281
Cox5b_+_36691787.23-P1P2	Cox5b	1860	2077	1164	1980	1810	407	855	866	1197	567	697	1128	1661	1740	1022	937	1030
Ndufb2_-_39592635.23-P1P2	Ndufb2	1831	1920	1782	2165	1616	495	811	1058	1322	587	839	1294	1485	1957	1485	1112	1228
Atp5d_+_80142460.23-P1P2	Atp5d	1605	2198	1803	2533	1900	646	889	892	1306	500	887	1026	1807	1549	1304	967	1101
Map2k5_-_63377845.23-P1P2	Map2k5	2465	2634	2107	3188	2433	712	932	892	1658	728	927	1745	2374	2308	2213	1474	1364
Psmb7_-_38643874.23-P1P2	Psmb7	1157	1504	1288	1675	1272	318	432	469	710	286	564	567	1166	1208	1039	918	753
Prx_-_27507885.23-P2	Prx_P2	1965	1784	1819	2046	1629	492	777	915	1337	517	831	1215	1383	1952	1616	1229	905
Bax_+_45466748.23-P1P2	Bax	2275	2249	2123	2719	2418	763	1045	1078	1654	722	1034	1556	2131	2799	1798	1383	1432
Msx2_+_53472721.23-P1P2	Msx2	1369	1929	1419	1756	1394	584	661	611	780	466	594	726	1566	1554	1282	1032	942
Cant1_+_118418918.23-P1P2	Cant1	1574	1836	1632	2186	1804	404	712	696	898	306	827	1173	1103	1436	1138	993	797
Grm5_+_87584390.23-P1P2	Grm5	513	847	647	793	514	230	197	286	523	139	281	260	320	336	350	460	219
Sigmar1_+_41741086.23-P1P2	Sigmar1	1131	2155	1510	2284	1423	578	708	606	810	397	914	1108	1478	1848	1252	921	812
Sgcg_-_61258404.23-P1P2	Sgcg	1180	1288	1010	1605	1239	291	432	448	871	379	600	585	970	1287	751	657	705
Rb1_+_73325721.23-P1P2	Rb1	2215	2362	1500	2816	1836	501	912	413	1458	649	1122	1417	1871	1721	1280	1202	1171
Pnp2_-_50956209.23-P1P2	Pnp2	2884	2998	2360	3553	3133	655	1305	868	1575	848	1313	1824	2489	2680	1872	1630	1605
Emilin1_-_30913718.23-P1P2	Emilin1	2401	2593	2230	3019	2586	702	1013	925	1171	527	931	1321	2096	2592	1572	1299	991
Fbxo38_+_62548628.23-P1P2	Fbxo38	1851	2706	2350	2091	1837	570	980	777	1550	481	722	1397	1627	2583	1221	1227	1236
Exosc1_-_41933005.23-P1P2	Exosc1	956	1163	1009	1523	1674	438	487	692	644	248	552	677	1225	1071	886	734	609
Cdca5_-_6085140.23-P1P2	Cdca5	1544	2186	1675	1901	1967	429	615	545	1049	451	677	1149	1235	1497	1108	815	748
Smcr8_-_60777598.23-P1P2	Smcr8	2232	2548	2022	3045	2887	732	1001	886	1794	730	1214	1319	2141	2361	1645	1378	1401
Ucp2_-_100498197.23-P2	Ucp2_P2	1819	2635	2005	2602	2156	598	1089	1008	1264	518	1158	1429	1691	2179	1552	1304	1318
Pdk3_-_93832137.23-P1P2	Pdk3	2189	2460	2297	2903	2048	635	923	847	1728	565	931	1482	2046	2339	1546	1370	1081
Abl1_+_31688585.23-P1P2	Abl1	1477	2283	1852	1943	1872	532	835	835	1006	510	857	1131	1875	1902	1544	971	798
Mpg_-_32226727.23-P1P2	Mpg	2996	3738	2046	4211	3877	749	1277	1177	2012	764	1683	2034	2738	2862	2416	1790	1826
Pnpla6_-_3515442.23-P1	Pnpla6_P1	2639	3281	2456	3077	2880	776	1053	994	1744	681	1592	1742	2214	2686	1861	1531	1661
Dnah7a_-_53706758.23-P1P2	Dnah7a	1850	2484	1818	2527	2437	615	912	916	1459	570	1018	1154	2273	2612	1674	1334	1389
Ptges_+_30903204.23-P1	Ptges_P1	1281	1493	1374	1910	1748	317	762	744	679	387	990	1004	1601	1814	1201	927	1111
Pin1_-_20652171.23-P1P2	Pin1	1315	2047	1713	2281	1942	573	797	922	1127	560	960	1283	1279	2048	1392	893	954
Uba7_-_107975569.23-P1	Uba7_P1	1163	2267	1582	1968	2073	377	816	700	1069	376	708	1014	1487	1741	1199	948	898
Tnr_+_159737586.23-ENSMUST00000111669.3	Tnr	2280	3017	1926	3023	2646	575	879	995	1609	639	1653	1399	1992	2787	1953	1486	1549
Tango2_+_18343828.23-P1P2	Tango2	1329	1677	1606	1944	1657	527	656	720	992	454	623	924	1281	1956	1172	896	1060
Junb_+_84978625.23-P1P2	Junb	2298	3103	2531	3418	2984	663	1035	1403	1881	875	1253	1312	2314	3063	2244	1799	1682
Serpina1b_-_103827828.23-P1P2	Serpina1b	1854	1745	1561	2349	1781	661	639	675	1388	479	727	1157	1859	1838	1957	986	1159
Thy1_-_44043455.23-P1P2	Thy1	1784	2347	2221	2419	2748	879	1001	1054	1762	754	908	970	1954	2551	1794	1489	1155
Gabpa_+_84835449.23-P1P2	Gabpa	1443	2158	1915	2073	2176	421	812	773	1414	492	683	807	1460	1913	1208	1037	1060
Wnt5a_+_28505803.23-P1	Wnt5a_P1	1739	2218	2156	2221	2101	560	849	984	1467	618	1066	1037	1896	1875	1452	1381	1352
Chrm3_+_9878919.23-ENSMUST00000063093.9	Chrm3	2242	2501	2254	2201	2210	552	992	824	1615	672	1242	1501	1538	2352	1582	1228	1190
Cst10_-_149405368.23-P1P2	Cst10	1585	2018	1982	2374	1888	491	758	799	1245	505	912	953	1635	1950	1317	1041	1057
Psmd9_-_123228332.23-P1P2	Psmd9	2122	2813	1856	2936	2477	780	1033	880	1657	613	1006	1919	2085	2419	1774	1408	1377
Ywhaq_+_21417569.23-P1P2	Ywhaq	1281	1750	1174	2072	1528	479	511	434	1009	374	878	696	1345	1514	1097	728	791
Uqcrh_+_116074767.23-P1P2	Uqcrh	1925	2471	1982	2344	2423	418	951	760	1153	544	1101	1246	2103	2474	1249	1031	1264
Nox1_-_134111725.23-P1P2	Nox1	969	1180	978	1153	1122	313	309	442	520	193	463	698	967	660	618	607	632
Epha4_+_77515037.23-P1P2	Epha4	2082	2913	1910	3142	2814	606	920	960	1876	607	1398	1794	2332	2486	2036	1396	1708
Ap4m1_-_138172144.23-P1P2	Ap4m1	784	1729	1156	1676	1919	371	658	848	933	433	705	762	1239	1456	973	865	662
Cav1_-_17306495.23-P2	Cav1_P2	1252	1425	943	1776	1417	443	600	584	937	332	605	1058	1189	1450	987	840	814
Pin1rt1_-_104716149.23-ENSMUST00000099659.2	Pin1rt1	1886	2947	2054	2218	2743	502	831	1217	1764	752	1226	1388	1914	2204	1613	1256	1233
Atrx_-_105929086.23-P1P2	Atrx	2125	2009	1687	1986	1599	459	643	605	1172	588	813	1148	1467	1696	1051	933	962
Mog_+_37023254.23-P1P2	Mog	1907	2369	1966	2423	1901	482	836	1052	988	555	813	1378	2048	1983	1574	1184	1240
Pqbp1_-_7899027.23-P1P2	Pqbp1	906	1559	1416	1475	1349	432	384	499	947	441	355	728	1180	1321	921	636	714
Pmpcb_-_21737183.23-P1P2	Pmpcb	891	1050	877	1307	896	215	319	294	795	363	450	448	1071	777	534	580	408
Cwf19l1_+_44135626.23-P1P2	Cwf19l1	2115	2477	1836	2798	2334	606	1010	1116	1603	646	1198	1635	2237	2293	1794	1537	1358
Ezh2_+_47594990.23-P1P2	Ezh2	1480	1926	2022	2385	1928	493	757	650	1294	452	893	1140	1544	1741	1039	1187	1150
Rtn2_-_19282734.23-P2	Rtn2_P2	1332	1729	1493	1457	1560	636	621	636	1148	340	533	968	1673	1977	1184	1043	950
Pde4d_+_109954106.23-P1P2	Pde4d	3266	3376	3464	4397	3879	1091	1318	1063	2123	736	1378	1714	3132	3071	2607	1956	1769
Cx3cr1_-_120068221.23-P1P2	Cx3cr1	2114	2696	1829	2636	2153	490	1027	868	1589	673	1380	1278	1729	2437	1815	1289	1156
Dpp6_-_27049411.23-P2	Dpp6_P2	2336	3402	2672	3693	3607	925	1551	1606	2183	1061	1693	1719	2854	3565	2299	1898	2027
Calcoco2_-_96111928.23-ENSMUST00000068686.6,ENSMUST00000097162.5	Calcoco2	937	1171	699	1387	1415	467	489	620	915	365	679	870	1225	1481	1200	751	954
Atg5_+_44268530.23-P1P2	Atg5	1797	1681	925	1702	1402	409	604	390	1025	331	611	735	997	1322	804	686	702
Trp73_-_154096947.23-P2	Trp73_P2	2720	3283	2641	3820	3132	1015	1208	1348	2340	804	1591	2209	2550	3428	2193	1804	1864
Abhd12_+_150904657.23-P1P2	Abhd12	1512	2074	2157	2196	1986	547	953	567	1366	546	1345	1523	1532	1807	1489	1300	1255
Atn1_+_124756675.23-P1P2	Atn1	1945	2267	1427	2001	1894	668	749	1264	1603	735	1130	1290	1642	2143	1412	1069	1230
Dnah5_-_28203742.23-P1P2	Dnah5	1909	2251	1487	2666	2113	738	912	1121	1420	508	959	1190	1627	1940	1537	1024	1275
Tnfrsf21_-_43016612.23-P1P2	Tnfrsf21	2584	2741	2403	2951	3098	798	1163	1410	1969	912	1293	1852	2585	3527	1994	1688	1691
Aicda_-_122553872.23-P1P2	Aicda	823	1240	965	1212	837	219	442	210	794	191	297	600	834	879	544	637	601
Kidins220_-_24974966.23-P1P2	Kidins220	1196	1289	1169	1277	1057	417	532	460	703	299	616	856	1067	1370	1148	621	577
Htr2a_-_74641160.23-P1P2	Htr2a	821	1344	1234	1465	1464	470	414	558	666	268	603	743	1305	1442	1011	798	670
Ang5_+_43957250.23-P1P2	Ang5	1567	1932	1830	2345	1882	591	920	712	1126	633	1039	1293	1886	1772	1542	1380	969
Lrrk2_-_91673302.23-P1P2	Lrrk2	1240	1446	1356	1627	1604	339	462	559	922	464	709	812	1258	1367	995	748	816
Ids_+_70365003.23-P1P2	Ids	1324	1356	1127	1103	837	306	499	510	911	248	435	684	1023	1273	975	662	571
Hip1_-_135545010.23-P1P2	Hip1	1482	2008	1680	1825	1885	484	761	730	1192	527	1204	1228	1189	1956	1296	990	1055
Itm2b_+_73368379.23-P2	Itm2b_P2	2436	2753	2479	3274	2622	587	1008	1036	1733	814	1384	1660	2012	2732	2300	1530	1465
Ddit3_-_127290884.23-P1P2	Ddit3	850	899	1062	1547	1119	234	434	511	767	315	367	465	908	1014	604	508	718
Slc33a1_+_63964524.23-P1P2	Slc33a1	2419	3201	2829	3842	3242	648	1185	1002	1911	921	1463	1606	2826	3471	2004	1763	1568
Tsn_+_118311177.23-P1P2	Tsn	177	211	181	298	400	52	54	234	179	171	45	105	176	264	234	192	94
Pank1_-_34877765.23-P1P2	Pank1	1609	2355	2032	2356	1934	487	942	577	1491	492	743	1337	1512	1986	1584	1375	1164
Sos1_+_80480416.23-P1P2	Sos1	2026	2695	2662	2828	3020	725	1106	830	1516	778	1290	1770	2752	2203	1457	1478	1110
Il4_+_53618602.23-P1P2	Il4	1076	1522	1308	1546	1347	316	500	527	809	273	589	969	996	1377	1154	729	720
Cyp2d26_+_82794142.23-P1P2	Cyp2d26	1408	2379	1658	2146	1705	568	668	860	972	560	1040	1192	1696	1901	1127	1304	1023
Sgsh_-_119355500.23-P1P2	Sgsh	2926	3682	3054	3564	3923	1113	1611	1476	2166	948	1747	2538	2766	3637	1981	2048	1595
Gemin4_-_76217481.23-P1	Gemin4_P1	1358	1549	1117	2066	1505	387	692	720	749	352	787	1039	1417	1460	1179	913	930
Kcnc3_-_44590934.23-ENSMUST00000107906.3	Kcnc3	1711	2412	1671	2134	1978	452	751	686	1244	406	1150	1130	1752	1836	1567	1301	987
Tdp2_-_24831734.23-P1P2	Tdp2	1768	2349	1665	2595	2283	769	1025	896	1478	657	1310	1308	1982	2782	1730	1371	1384
Fzd7_+_59482170.23-P1P2	Fzd7	1130	1784	1456	2209	2224	430	703	601	743	522	749	966	1585	2280	1044	1016	953
Sacs_+_61173073.23-P1P2	Sacs	1210	1580	949	1777	1324	326	636	622	999	284	764	796	1342	1512	993	579	820
Ndrg2_+_51913359.23-P1P2	Ndrg2	1705	1941	1558	2116	1842	597	815	801	1487	588	1254	1142	1968	1779	1753	1245	1105
Aga_+_53511885.23-P1P2	Aga	1627	1994	1812	2095	1839	410	574	877	860	404	778	1357	1556	1628	1161	1015	972
Slc18a1_-_69077211.23-P2	Slc18a1_P2	1914	3024	2470	3116	2829	750	1156	793	1923	805	1745	1448	2547	2721	1717	1754	1637
Sds_+_120476584.23-P1P2	Sds	1775	2170	1932	1902	1835	601	761	1119	1145	652	929	1394	1635	2259	1238	1131	1091
Ryr3_-_113217000.23-P1P2	Ryr3	1275	1428	1261	1492	1314	367	550	532	995	262	731	931	1316	1116	868	761	655
Map3k10_+_27674551.23-P1P2	Map3k10	734	935	811	1103	1091	238	429	394	635	251	459	455	923	1102	555	482	513
Pin1_+_20652160.23-P1P2	Pin1	1679	2300	2269	2283	2090	415	744	617	1374	547	1143	878	1583	2125	1220	1148	1205
Ampd2_-_108086631.23-P1	Ampd2_P1	1235	1754	1682	2248	1598	546	775	697	1035	500	940	925	1306	1373	1006	896	990
Lrriq3_-_155093535.23-P1P2	Lrriq3	3103	4343	3113	4376	3955	1197	1554	1910	2399	1218	2312	2867	3623	3917	2636	2449	2208
Cpt1c_+_44974803.23-P1P2	Cpt1c	1332	1928	1358	2147	1860	505	696	831	1184	402	1084	772	1494	1795	1207	1160	1148
non-targeting_04321	non-targeting	1928	2137	1516	2470	1903	526	1098	649	1105	588	769	1007	1622	1994	1614	954	1184
Ndufs3_+_90904660.23-P1P2	Ndufs3	1657	2138	1843	2242	2147	395	720	775	1166	501	905	998	1309	1699	1057	940	990
Pno1_+_17211487.23-P1P2	Pno1	918	965	876	1061	878	259	464	351	726	362	447	765	725	894	742	703	535
Sirt6_+_81627490.23-P1P2	Sirt6	2273	3285	2325	2871	2689	754	1060	1025	1836	718	1172	1887	2357	2406	2176	1623	1485
Srrm2_-_23803252.23-P1P2	Srrm2	2156	2437	1852	2302	2180	633	812	961	1350	482	1223	1315	1770	1631	1495	1352	1073
Atp5j_+_84834844.23-P1P2	Atp5j	849	1296	1093	1375	1034	494	616	646	668	460	674	821	1193	1428	1080	616	712
Ano10_-_122294367.23-P1P2	Ano10	1322	1396	936	1204	1060	408	510	574	784	301	698	757	1084	1208	713	771	627
Mpp1_-_75130928.23-P1P2	Mpp1	1079	1179	949	1421	1282	274	480	384	673	380	491	721	1080	802	842	699	712
Oard1_+_48410034.23-P1P2	Oard1	1237	2159	1896	2180	1998	451	804	686	990	473	629	957	1800	1938	1129	1260	1198
Nudt1_-_140331960.23-P1P2	Nudt1	1375	2146	1680	2096	1770	462	679	597	939	590	1104	953	1906	1767	1436	982	928
Glrx_+_75839917.23-P1P2	Glrx	1251	1726	1760	2442	2290	623	946	766	1214	687	1134	919	1724	2137	1323	1033	1270
Cyp2d22_-_82380192.23-P1P2	Cyp2d22	1924	1773	1624	2293	2081	520	745	855	1117	440	819	1290	1531	2031	1386	1075	1105
Ptges_-_30930044.23-P2	Ptges_P2	1735	1635	1782	2225	1740	511	690	861	864	457	888	914	1517	1878	1427	1030	939
Dnah1_+_31323845.23-ENSMUST00000048603.7	Dnah1	1730	2006	1894	2308	1418	472	766	611	1356	410	1165	1124	1467	1906	1418	1070	922
Scyl1_+_5771364.23-P1P2	Scyl1	1222	1438	1502	1711	1762	406	798	754	960	395	796	957	1500	1817	1111	833	856
Uqcr11_+_80406476.23-P1P2	Uqcr11	943	1240	1067	1206	1010	337	464	284	647	204	366	735	747	920	672	627	685
Scn8a_-_100870959.23-P1P2	Scn8a	1909	2252	1709	2575	2213	643	1034	801	1240	723	1507	1254	1980	2301	1476	1366	1567
Mutyh_-_116807947.23-P1P2	Mutyh	1145	1354	1181	1668	1730	327	529	529	996	363	509	982	1594	1784	900	893	826
Ogt_+_101640130.23-P1P2	Ogt	2278	2823	2217	2601	2403	834	1146	823	1368	668	1380	1105	2157	2507	2229	1269	1504
Blvra_-_127070750.23-P1	Blvra_P1	2595	2364	2097	2806	2358	823	1244	1040	1588	931	1245	1694	2563	2636	1606	1658	1256
Ptpn13_+_103425261.23-P1P2	Ptpn13	1633	2092	1436	2277	1543	457	749	644	1104	407	817	1285	1539	2056	1313	1120	976
Rnf170_+_26119769.23-P1P2	Rnf170	1798	1442	1516	2039	1705	482	777	872	897	346	970	1000	1510	1580	1081	862	859
Ubc_+_125389695.23-P1P2	Ubc	1606	1611	1399	2195	2151	555	743	770	895	513	1030	1328	1722	1834	1313	1175	928
Clec16a_+_10545464.23-P1P2	Clec16a	2312	2340	1967	2317	2654	622	965	1055	1622	544	982	1300	1872	2609	1874	1374	1443
Kras_-_145250153.23-P1P2	Kras	1507	2377	1728	2201	2045	487	877	962	1189	609	1247	912	1730	1851	1284	1232	1055
Gan_-_117158040.23-P1P2	Gan	1700	2276	2031	2000	1890	594	716	800	1060	582	883	1152	1920	1861	1255	981	1173
Tubb4a_+_57087558.23-P1P2	Tubb4a	2631	3918	2775	4010	2985	824	1374	1089	1939	738	1671	2069	3330	3324	2511	1848	1955
Erbb4_+_69108521.23-P1P2	Erbb4	1232	2052	1385	2288	1388	397	596	578	890	523	813	821	1659	1599	1307	1185	801
Sgsh_-_119355488.23-P1P2	Sgsh	2594	3741	2809	3252	3308	1013	1242	1347	2291	888	1582	2016	2492	3472	2587	1957	1973
Pabpc4_-_123282754.23-P1P2	Pabpc4	1889	2166	1755	2477	2059	541	689	523	1103	524	806	1706	1478	2118	1429	1099	1278
Gan_-_117158044.23-P1P2	Gan	2375	1764	1949	2198	2067	668	919	1111	1358	554	809	1093	1735	2241	1408	1112	978
Sirt7_+_120624760.23-P1P2	Sirt7	1355	1631	1438	2317	1717	421	852	979	1533	489	910	1195	1810	1827	1197	1060	1168
Kl_-_150952684.23-P1P2	Kl	1341	1835	1387	1879	1428	391	546	582	1134	441	742	1183	1418	1852	1061	954	654
Slc6a4_-_77009331.23-P1	Slc6a4_P1	1070	1429	1070	1649	1361	290	542	803	805	408	531	848	1084	1062	1096	813	844
non-targeting_03432	non-targeting	2564	2954	2635	3261	2706	702	821	1004	1599	640	1377	1644	2580	2524	1879	1512	1350
Rb1cc1_-_6214891.23-P1P2	Rb1cc1	2479	2839	2480	2904	3356	639	1097	754	1616	745	1114	1980	2233	2413	1572	1469	1309
Pvalb_-_78203976.23-P2	Pvalb_P2	1678	2723	1630	2526	2395	619	1141	880	1207	623	1281	1469	1702	2275	1438	1105	1390
Fzd10_+_128601036.23-P1P2	Fzd10	1816	1926	1299	2268	1632	509	724	868	1421	463	914	933	1710	1671	1189	1243	792
Nfe2l2_-_75704432.23-P1P2	Nfe2l2	1618	1733	1331	2159	1590	344	828	879	1401	402	845	1056	1508	1679	832	951	787
Rrm2_+_24708334.23-P1P2	Rrm2	2868	3438	2145	3626	2870	707	1070	1799	1562	824	1289	1556	2391	2767	1941	1786	1473
Tmx2_-_84677835.23-P1P2	Tmx2	1097	1934	1196	1771	1724	476	739	529	1154	419	712	1102	1343	1675	1084	1136	574
Sema4a_+_88455369.23-P1P2	Sema4a	1031	1572	1068	1238	1298	408	526	588	760	336	480	768	827	1018	928	679	662
Cadm3_-_173367593.23-P1P2	Cadm3	1792	2091	1987	2552	2637	501	677	969	1415	470	1212	1244	1661	2052	1722	903	1267
Hexa_+_59539721.23-P1P2	Hexa	1233	1323	1120	1501	1275	423	632	814	1133	455	702	856	961	1326	897	741	972
Dnali1_+_125065373.23-P1P2	Dnali1	2080	2980	1869	2512	2400	703	1074	1037	1558	510	1072	1336	1815	2814	1856	1407	1249
Ptgs2_+_150100215.23-P1P2	Ptgs2	1755	2032	1831	2745	2417	756	1107	829	1047	530	891	1463	2288	2118	1410	1249	1294
Psap_+_60277776.23-P1P2	Psap	1334	1857	1761	2139	2208	411	850	905	1107	507	1018	1164	1792	1731	1497	935	1080
Th_-_142899930.23-P1P2	Th	1269	1278	859	1430	1320	221	489	508	696	295	552	793	1032	1174	715	704	607
Serpina3a_-_104112927.23-P1P2	Serpina3a	877	1339	726	1298	799	126	456	440	690	338	451	529	915	996	614	614	585
Cd44_-_102901435.23-P1P2	Cd44	1177	1576	1041	1498	1147	490	554	571	666	408	527	922	1006	1477	857	897	728
Ift57_+_49699498.23-P1P2	Ift57	1485	1737	1317	1771	1220	486	748	536	887	432	751	727	1381	1388	1094	999	882
Kras_+_145250042.23-P1P2	Kras	1990	1900	1809	2019	1925	470	644	728	1228	356	723	1406	1706	2011	1269	1136	1046
Tfam_-_71238037.23-P1P2	Tfam	1582	2438	1862	2487	1683	546	768	566	753	481	783	1064	1795	1470	1013	1115	1002
Actr1b_-_36709904.23-P1P2	Actr1b	1432	1919	1507	2254	1438	577	751	500	1164	507	703	1188	1227	1460	1161	785	859
Adap1_+_139325470.23-P1P2	Adap1	970	1910	990	1452	1326	519	507	784	939	327	837	721	1194	950	902	686	806
Tubb4a_-_57087546.23-P1P2	Tubb4a	2875	3642	3132	4276	3391	983	1451	1850	2131	1248	1667	1726	2621	3694	2455	2122	1973
Pak1_+_97842936.23-P1P2	Pak1	1906	2344	2149	2571	1923	599	1000	927	1014	560	657	1234	1630	2151	1584	1192	1277
Cryab_+_50753429.23-P1P2	Cryab	1487	1323	1334	1427	1461	268	452	708	1193	324	750	976	1357	1784	1112	947	915
Unc80_-_66468018.23-P1P2	Unc80	1134	1053	1079	1777	1130	373	415	539	1084	357	544	754	1351	1240	856	733	869
Dao_-_114003876.23-P1P2	Dao	2014	2254	2064	2810	2119	531	833	771	1411	602	1306	1385	1599	2077	1623	1451	1149
Gpr37_+_25689578.23-P1P2	Gpr37	2338	2934	2579	3338	2453	735	1070	855	1298	830	1415	1762	2218	2240	1932	1373	1386
Slc26a3_+_31438300.23-P1P2	Slc26a3	1595	1708	1679	2036	1738	366	689	703	995	515	709	975	1684	2136	1424	912	884
Hmgb1_-_149053067.23-P1	Hmgb1_P1	2751	2918	2659	3489	3133	674	1315	1141	1665	736	1156	2151	2837	2389	2063	1880	1277
Hspa9_-_34954323.23-P1P2	Hspa9	2538	3649	2840	4093	3473	1169	1003	1288	1581	724	1360	1515	2069	2366	2011	1656	1774
Axin1_+_26138969.23-P1P2	Axin1	1963	2644	1407	2423	2060	501	940	730	1424	664	896	1534	1955	2117	1696	1253	1228
Arl6ip1_+_118129614.23-P1P2	Arl6ip1	1966	2557	2253	2645	1984	722	1034	1209	1317	569	913	1461	1884	2352	1710	1211	928
Hspb1_-_135887988.23-P1P2	Hspb1	1661	2260	1954	2609	1976	582	762	952	1481	570	897	1000	1632	2114	1547	1125	950
non-targeting_01591	non-targeting	1606	1754	1693	2106	1813	661	721	819	761	537	963	1371	1370	2007	1536	1203	1014
Fam83e_-_45721247.23-P1P2	Fam83e	1175	1731	965	1618	1875	452	543	392	1021	299	773	834	1192	1597	802	956	759
Cox7a2l_+_83514056.23-P1P2	Cox7a2l	1580	2025	1855	2120	2010	630	662	634	1288	688	705	1190	1360	1672	1092	1200	835
Kif1c_+_70700555.23-P1P2	Kif1c	1269	1708	1498	1972	1457	596	783	574	1052	418	830	980	1460	1586	1120	953	814
Gm2a_+_55098136.23-P1P2	Gm2a	580	1015	1464	1420	1425	299	420	534	677	319	337	883	1005	1202	909	691	677
Abcb6_+_75180268.23-P1P2	Abcb6	1632	1598	1380	1775	2025	478	675	980	827	369	860	882	1517	1479	1170	815	856
Ano10_-_122294352.23-P1P2	Ano10	1252	1508	1055	1518	1470	315	661	512	998	270	727	759	1249	1399	890	748	657
Pde10a_-_8801800.23-P1P2	Pde10a	2332	2819	2324	2760	3123	787	1140	875	1931	720	888	1537	2117	2451	2028	1591	1497
Pik3cb_+_99140132.23-P1P2	Pik3cb	1949	2521	1930	2808	2615	779	956	1167	1574	700	1058	1772	2316	2261	1586	1545	1387
Calcoco2_-_96111886.23-ENSMUST00000068686.6,ENSMUST00000097162.5	Calcoco2	1338	1165	1456	1240	1502	283	659	369	941	304	552	745	1063	1043	912	776	819
Vcp_-_43000164.23-P1P2	Vcp	1902	1783	1525	2081	873	377	503	402	698	305	401	351	808	793	639	517	530
Pabpc4_+_123282784.23-P1P2	Pabpc4	2150	2839	1984	3276	1963	570	962	855	1525	553	950	1493	2258	2410	1547	1265	1487
Agpat3_-_78352301.23-P1P2	Agpat3	1832	2198	1597	2415	2535	718	672	941	1378	461	1279	1399	1573	2311	1486	1181	936
Gja6_-_160907001.23-P1P2	Gja6	911	1510	963	1425	1096	231	544	456	840	341	842	871	977	1350	728	683	762
Wnt11_+_98839079.23-P2	Wnt11_P2	2598	3287	2371	2783	2955	1208	1096	1137	2219	676	1708	2345	2490	3097	1744	2036	1678
Slc8a3_+_81333123.23-P1P2	Slc8a3	1326	1868	1820	1879	1622	467	675	718	961	383	751	1424	1361	1555	1292	975	1227
Map2k6_+_110399147.23-P1P2	Map2k6	653	975	879	762	684	240	302	340	429	191	339	194	553	675	391	464	412
Ang6_-_44002066.23-ENSMUST00000096869.2	Ang6	1616	2168	2306	2291	2228	600	797	610	1320	688	981	1232	1942	2290	1463	1513	1220
Prickle1_-_93519466.23-P2	Prickle1_P2	1290	1759	1322	2256	2044	574	649	845	1117	535	728	1079	1328	1720	1506	1049	978
Bad_+_6941952.23-P1P2	Bad	1530	1406	1138	1806	1307	324	750	659	866	529	752	1043	1468	1499	1431	768	868
Gap43_-_42340356.23-P1P2	Gap43	2010	2434	2440	2514	2247	710	963	1319	1609	570	891	1500	1787	2356	1837	1412	1384
Pdyn_-_129699826.23-P1P2	Pdyn	2149	3125	2662	2758	2707	797	997	850	1368	610	1160	2028	2481	2765	1858	1509	1564
Atf6_+_170867739.23-P1P2	Atf6	2052	2551	2118	2789	2788	555	876	1257	1265	606	1370	1495	1773	2614	1838	1160	1173
Hsd17b6_-_128007572.23-P1P2	Hsd17b6	2216	2953	2433	2849	2257	796	1119	950	2048	681	1260	1461	2369	2584	1812	1225	1526
Wnt7a_-_91411293.23-P1P2	Wnt7a	1466	1634	1561	2178	1741	476	722	664	947	608	821	1311	1705	1765	1273	1160	788
Fzd10_-_128600884.23-P1P2	Fzd10	1582	2621	1944	2291	2273	545	684	953	1350	487	803	1112	1736	1969	1216	1022	1205
Fat2_-_55336570.23-P1P2	Fat2	1912	2736	2185	2662	2158	723	833	994	1137	448	579	1327	1537	1967	1359	1147	1398
Fggy_+_95579504.23-P2	Fggy_P2	2569	3766	3081	3411	3195	902	1203	1615	2129	877	1399	1858	2939	2913	2121	1901	1788
Ppt1_-_122836278.23-P1P2	Ppt1	1534	2229	1581	1897	1855	566	663	684	1149	519	819	1178	1733	1624	1252	1079	1044
Folr1_-_101870664.23-P1	Folr1_P1	1035	1203	860	1649	1735	312	700	300	633	308	703	711	1371	1221	968	733	697
Ndufa2_+_36744413.23-P1P2	Ndufa2	2232	2604	2184	2364	1478	126	511	279	644	222	372	402	936	1015	719	614	475
Park7_+_150909840.23-P1	Park7_P1	1906	3382	2892	2822	2728	712	904	1208	1521	599	1390	1659	2409	2960	1749	1481	1659
Gba2_+_43578854.23-P1P2	Gba2	1144	1609	1322	1201	1285	223	463	791	613	421	630	1005	1055	1186	931	734	642
Rreb1_+_37826074.23-P1P2	Rreb1	2264	2773	1886	2460	2416	917	989	903	1321	689	1663	1484	2130	2368	1829	1291	1275
Ccl3_+_83649177.23-P1P2	Ccl3	1441	1928	1437	1755	1934	411	777	866	1391	446	1033	785	1747	1688	1192	852	952
Dkk2_+_132085382.23-P1P2	Dkk2	1166	1702	1072	1523	1444	426	656	300	966	450	783	943	1365	1354	1057	709	883
Timp3_+_86300612.23-P1P2	Timp3	1255	1147	1298	1530	1284	441	712	496	849	345	643	913	1198	1544	1123	855	763
Tmem184b_+_79403235.23-P1P2	Tmem184b	1109	1430	1255	1441	1246	407	542	836	711	344	650	904	1129	1563	1072	802	887
Psmb6_+_70525439.23-P1P2	Psmb6	2295	3024	2576	3477	1537	443	656	711	799	525	832	843	1814	1728	1154	965	1094
Adora2a_-_75317128.23-P1P2	Adora2a	2416	2676	2577	3099	3023	748	1058	870	1326	784	1173	1442	2243	3180	2382	1749	1444
Psmd12_-_107479535.23-P1P2	Psmd12	1859	2623	2259	3052	1397	249	570	554	696	410	449	670	1068	1343	854	945	797
Dicer1_-_104752052.23-P1P2	Dicer1	1087	1320	1289	1227	1021	447	599	672	752	310	658	581	939	1090	831	681	347
Pmpcb_-_21737224.23-P1P2	Pmpcb	2023	2832	2100	3433	2384	612	1010	1067	1095	735	1428	982	1505	1896	1560	1007	1148
Pik3cg_-_32208604.23-P1P2	Pik3cg	1880	2110	1901	2590	2771	569	949	919	1408	561	1166	1508	1884	1719	1513	1193	974
Spg11_-_122118360.23-P1P2	Spg11	2178	2846	2020	2634	2872	580	1002	1645	1783	623	953	1795	2054	2622	1704	1203	1213
Elavl2_+_91376429.23-P1P2	Elavl2	2565	2604	1906	2785	2689	604	1199	1317	1790	733	1307	1729	1894	2321	1921	1306	1411
Fzd3_+_65262392.23-P1P2	Fzd3	1925	2426	2241	2994	2786	790	1244	684	1301	716	1521	1998	2091	2515	1953	1327	1434
Araf_-_20848601.23-P1P2	Araf	1071	1357	1200	1958	1483	386	467	374	696	276	533	778	1284	1140	931	540	851
S100a10_+_93555158.23-P1P2	S100a10	2362	3428	2520	3521	2649	786	1234	1508	1698	809	1524	2034	2431	2627	2299	1756	1527
Sema3c_+_17574741.23-P1P2	Sema3c	2070	2261	1696	2038	2062	518	823	890	1021	614	1162	1015	1556	1550	1329	874	1109
Gemin4_+_76217516.23-P1	Gemin4_P1	1246	2031	1492	1810	2100	397	621	838	1158	417	848	1367	1021	1189	1165	825	879
Atp5e_+_174463989.23-P1P2	Atp5e	854	1230	854	1072	1132	235	257	273	531	253	330	351	643	614	565	361	423
Ndufb8_-_44555348.23-P1P2	Ndufb8	2568	3136	2516	2613	2642	803	1116	1082	1984	622	1076	1436	2585	2469	1745	1431	1504
Ndrg1_-_66969576.23-P1P2	Ndrg1	2179	1782	1727	2437	1957	742	872	938	1240	523	1192	1281	1447	2096	1532	1002	1130
Eif2ak3_-_70844621.23-P1P2	Eif2ak3	976	937	653	896	895	155	287	359	567	225	340	503	457	765	548	402	331
Sort1_+_108284193.23-P1P2	Sort1	911	1169	1446	1375	1369	326	485	492	758	313	565	767	886	1292	1014	782	591
Hnrnpdl_-_100038854.23-P1P2	Hnrnpdl	1845	1824	1926	1834	2000	465	770	1049	1087	526	1095	1227	1559	1851	1117	1189	996
Fos_+_85474000.23-P1P2	Fos	1583	2070	1614	2311	2459	431	869	802	1418	699	1027	1322	2025	2287	1330	1080	1189
Myoc_-_162639568.23-P1P2	Myoc	1126	2317	1683	1963	1985	485	600	547	899	456	857	1096	1250	1686	1159	909	965
Raf1_+_115676486.23-P1P2	Raf1	1583	1876	1344	1802	2273	480	795	1242	985	498	634	1090	1395	1579	1193	1140	995
Fa2h_+_111393813.23-P1P2	Fa2h	2017	3006	1755	2402	2858	568	948	1165	1492	673	1209	1529	1749	2440	1713	1505	1424
Ireb2_-_54863867.23-P1P2	Ireb2	1660	1570	1298	1581	1035	297	547	527	829	295	736	903	1218	1628	705	816	1035
Casp8_-_58795450.23-P1P2	Casp8	1604	2230	1933	2323	1958	460	697	785	1493	788	1073	1152	1991	2196	1611	1332	1164
Prkcg_+_3303557.23-P1P2	Prkcg	884	1113	1124	1179	963	193	442	518	774	263	653	456	1157	975	960	702	593
Ndufs2_-_171247080.23-P1	Ndufs2_P1	1745	2126	1401	2269	2123	540	721	732	1289	445	858	1108	1450	1591	1247	831	810
Ndufa13_-_69902860.23-P1P2	Ndufa13	2038	2396	2125	2304	2029	788	689	742	1251	638	1016	1189	2020	1684	1471	1113	990
Adam10_+_70679106.23-P1P2	Adam10	2021	1825	1983	2688	2607	666	628	882	1222	391	925	1205	1610	2126	1494	1233	871
Dpysl2_-_66868578.23-P1P2	Dpysl2	1608	1591	1487	1864	1672	469	752	830	882	441	645	1271	1711	1928	1450	960	829
Txnip_-_96557981.23-P1P2	Txnip	1337	1493	1378	1406	1406	390	553	436	573	355	685	852	1136	1188	885	777	878
Camk2a_-_60925713.23-P1P2	Camk2a	1780	2775	2241	2792	2350	557	899	1070	1506	588	1216	1635	2066	2743	1393	1529	1259
Sybu_-_44752125.23-P1P2	Sybu	1410	1974	1550	2109	2058	421	1008	662	934	574	895	1112	1379	1830	1532	1182	1250
Map2k7_-_4238891.23-P1P2	Map2k7	2303	2706	2008	3131	2791	940	1092	1042	1721	812	1705	1889	2624	2655	2257	1512	1556
Apcs_-_172895002.23-P1P2	Apcs	985	781	1088	1073	1011	331	507	322	804	233	359	650	933	813	665	475	563
Th_-_142899953.23-P1P2	Th	1922	2311	1887	2349	1957	480	672	443	1048	410	996	981	1218	1406	1113	728	921
Cln5_+_103070339.23-P1P2	Cln5	2419	2788	2474	3392	3117	808	1267	1076	1969	836	1516	2029	2721	3009	2168	1395	1738
L1cam_+_73880731.23-P1P2	L1cam	1812	2700	2078	2312	1948	598	975	974	968	432	1010	1362	1452	1978	1531	1219	1029
Erlin1_+_44069684.23-P1P2	Erlin1	2886	3560	2894	3268	3396	902	1391	1406	1798	804	1364	1581	2968	3120	2158	1900	1951
Snca_+_60828865.23-P1P2	Snca	1322	1698	1330	1714	1552	368	735	629	872	292	516	1249	992	1453	913	1006	1054
Notch3_-_32166858.23-P1P2	Notch3	1340	1797	1692	1714	1891	671	628	1120	808	450	994	1196	1507	1628	1146	917	879
Scarb2_-_92505346.23-P1P2	Scarb2	894	1501	1272	1210	1327	362	478	291	793	276	583	897	1124	1210	1132	764	694
Snx14_-_88438879.23-P1P2	Snx14	2129	2275	1921	2282	1764	576	861	819	1329	542	1139	1223	1771	1843	1276	1079	1165
Pax6_-_105682804.23-P2	Pax6_P2	1122	1960	1423	1615	1042	404	614	606	806	432	531	752	1191	1535	847	596	754
Cd200r3_+_44943920.23-P1P2	Cd200r3	2052	2531	1883	2402	1970	791	846	885	1669	576	1105	1530	2208	2354	1731	1381	1444
Nr3c1_+_39490608.23-P1P2	Nr3c1	2450	2745	1844	3186	3034	740	1027	935	1729	728	1361	1694	2329	2406	2162	1548	1556
Calml3_-_3804218.23-P1P2	Calml3	2228	3027	2134	2690	2211	612	1091	727	1461	673	1258	1487	2127	2844	1920	1308	1408
Dpp6_-_27049430.23-P2	Dpp6_P2	1748	2208	1713	2356	1859	544	895	913	1178	538	959	1209	1833	1870	1413	1273	1325
Eif2b4_+_31193019.23-P1P2	Eif2b4	1993	2234	1803	2532	1470	255	343	456	932	421	420	672	1279	963	622	853	810
Mfge8_-_79148955.23-P1P2	Mfge8	2788	2655	2464	3310	2159	738	1168	1252	1267	847	1326	1558	2424	2634	1847	1309	1529
Tmem240_+_155734923.23-P1P2	Tmem240	1328	1785	1315	2063	1550	469	789	727	943	502	934	742	1468	1970	1401	888	953
Ins2_+_142699530.23-P2	Ins2_P2	1118	1974	1361	1886	1709	427	699	459	969	518	651	1159	1146	1417	1052	993	761
Nup62_-_44816426.23-P1P2	Nup62	2538	2774	1774	2718	979	257	392	296	553	197	290	807	785	763	797	679	616
Serpina1e_+_103958732.23-P2	Serpina1e_P2	2882	3366	2935	3397	3057	702	1364	1362	2019	980	1457	1710	2987	2836	2180	1835	1587
Fggy_-_95579554.23-P2	Fggy_P2	1321	1202	1588	2166	1555	370	711	693	928	348	612	711	1208	1992	1156	950	855
Gria2_+_80802671.23-P1P2	Gria2	1563	2398	1720	2445	2391	705	831	634	841	663	710	1405	1997	1917	1373	1060	1211
Chmp1a_+_123212737.23-P1P2	Chmp1a	1886	2681	1806	2683	2208	644	1175	1220	1479	600	1467	1850	1827	2817	2009	1276	1224
Ndufb3_-_58586796.23-P1P2	Ndufb3	1484	2210	1662	2098	1727	611	577	742	1103	411	606	963	1689	1727	1427	976	861
Dnajc3_-_118938009.23-P1P2	Dnajc3	2358	2250	2186	2806	3005	733	1216	1313	1906	852	1470	1837	2193	2699	2094	1895	1579
non-targeting_02923	non-targeting	2423	2247	1756	2869	2741	550	916	928	1597	637	937	1284	2331	2219	1440	1534	1158
Wnt3a_-_59290723.23-P1P2	Wnt3a	1994	1976	2072	3222	2749	734	884	1060	1501	586	1528	1224	1759	2328	1569	1533	1252
Tppp3_-_105471352.23-P1P2	Tppp3	1784	3594	2200	2484	2785	686	1123	974	1475	590	1196	1506	1795	2669	1987	1246	1209
Pgp_-_24470483.23-P1P2	Pgp	1012	1425	1292	1403	1462	324	449	556	974	241	710	743	1080	1347	781	827	847
Pik3r5_-_68432127.23-P1P2	Pik3r5	2111	2638	1838	2632	2571	522	965	603	1412	564	1252	1411	1790	2338	1748	1301	1433
Pax6_+_105682727.23-P2	Pax6_P2	1459	1920	1751	2158	1930	445	758	696	1229	357	714	1190	1181	1655	1611	1105	909
Ndufs7_-_80249521.23-P1P2	Ndufs7	1755	2517	2307	2654	2290	691	856	935	1329	542	959	1789	1887	2106	1717	889	1257
Mapk11_+_89149371.23-P1P2	Mapk11	2189	2223	2589	2684	2813	608	961	660	1387	594	1308	1336	1914	2499	1967	1385	1358
Ywhag_-_135934553.23-P1P2	Ywhag	1310	2343	1855	2386	2019	531	815	699	1355	555	775	1274	1626	2135	1376	1150	1144
Uqcrc2_+_120635650.23-P1P2	Uqcrc2	1905	2785	2115	2164	1599	644	744	810	1457	661	901	1284	2007	1891	1670	1195	1281
Ppargc1a_+_51553859.23-P1P2	Ppargc1a	1305	1926	1310	1868	2084	421	818	696	980	511	792	1030	1688	1780	1094	1171	1237
Braf_+_39725278.23-P1P2	Braf	1749	1953	2015	2825	2212	615	958	668	1342	482	1051	1457	1563	2169	1526	1126	1075
Sptlc1_-_53377135.23-P1P2	Sptlc1	1480	2252	1272	1920	1535	386	665	1091	1231	407	817	1300	1625	1326	1406	698	1139
Nefh_-_4947950.23-P1P2	Nefh	2184	2130	2032	2766	2264	671	882	1063	1276	551	1214	1327	1788	1906	1519	1175	1362
Irs1_+_82291127.23-P1P2	Irs1	1634	2191	1657	2085	2125	730	857	529	786	519	941	1044	1666	1735	1569	884	1088
Fzd4_-_89404377.23-P1P2	Fzd4	1587	1766	1480	2126	1531	569	763	515	1141	307	826	1094	1747	1438	1272	945	909
Apex2_+_150588096.23-P1P2	Apex2	1213	1328	1449	1733	1566	394	736	646	1021	365	777	886	1389	1447	975	848	1103
Elp3_+_65592994.23-P1P2	Elp3	1306	1323	1214	1561	935	317	361	231	698	199	478	715	718	757	630	303	387
Neurog2_+_127633148.23-P1P2	Neurog2	2363	2711	2480	3577	2408	605	994	1260	1849	597	1157	1412	2590	2656	1842	1705	1669
Elovl5_-_77917526.23-P1P2	Elovl5	490	485	613	695	538	146	292	189	252	164	345	363	564	586	256	293	247
Bscl2_+_8840605.23-P1	Bscl2_P1	1443	1771	2208	2158	1600	590	1019	560	1011	616	898	1427	1469	1840	1341	1127	804
B4galnt1_-_127165204.23-P1P2	B4galnt1	1866	2067	1258	2389	2497	724	895	929	1329	624	1240	1554	1608	2149	1575	1519	1257
Serpina1e_-_103956876.23-P1	Serpina1e_P1	978	1662	1129	1370	1560	525	579	539	794	581	422	915	1186	1389	775	766	740
Txndc5_-_38528387.23-P1P2	Txndc5	1662	2264	1744	2270	1955	491	772	863	1206	551	1046	1647	1664	1592	1248	913	1185
Dnah1_-_31323907.23-ENSMUST00000048603.7	Dnah1	2481	2573	1913	2407	2096	602	948	1151	1230	551	1530	1123	1619	2472	1765	1468	1319
Gpx2_+_76795147.23-P1P2	Gpx2	2291	2649	2273	2764	2209	707	1020	950	1545	547	1123	1612	2031	2401	1484	1256	1504
Aga_+_53511836.23-P1P2	Aga	1189	1426	1349	1771	1713	339	672	422	673	380	738	685	1392	1265	1125	905	827
Ren1_+_133350723.23-P1P2	Ren1	1439	1372	1077	1640	931	421	618	478	695	371	768	687	909	1087	1135	661	848
Ap4s1_-_51691028.23-P1P2	Ap4s1	1985	2541	1929	2126	2020	776	1052	854	1476	602	1211	1491	2490	2001	1711	1401	1142
Kitl_-_100015877.23-P1P2	Kitl	1921	2639	2044	2937	2599	620	1277	1027	1430	783	1122	1537	2280	2341	1867	1147	1433
Sepsecs_+_52669678.23-P1P2	Sepsecs	1336	1369	998	2041	1563	443	518	396	574	394	476	634	1104	765	839	572	651
Sncg_+_34374632.23-P1P2	Sncg	1222	1551	937	1189	1441	409	472	661	909	374	639	765	1290	1468	1072	808	782
Egfr_-_16752239.23-P1P2	Egfr	2075	2540	2252	3052	2569	709	1090	1185	1775	609	1202	1610	2221	2521	1809	1526	1203
Cox7b2_+_71548226.23-P1P2	Cox7b2	1897	2197	2354	2100	2236	567	610	1152	1282	423	813	1176	1198	2047	1091	1311	1353
Klc4_+_46645984.23-P1P2	Klc4	1480	1705	1398	1527	1724	597	624	602	1079	450	1005	907	1707	1557	1340	1156	705
non-targeting_01120	non-targeting	1065	1419	1024	2003	1442	453	429	541	1030	379	549	649	1018	1233	1074	911	697
Srrm2_-_23803410.23-P1P2	Srrm2	1175	1314	865	1389	1373	389	423	492	977	337	397	776	775	1186	1124	726	744
Rbpj_-_53590738.23-P1P2	Rbpj	1648	1824	1717	2468	2085	611	708	433	1163	356	937	979	1645	2344	1689	1129	956
Apoe_-_19698146.23-P1P2	Apoe	1413	1620	920	1710	1405	430	500	544	971	443	773	915	1391	1505	865	849	752
Prkca_+_108343876.23-P1P2	Prkca	2497	2587	1840	2676	2356	599	1160	866	1551	642	1131	1226	2169	2580	1799	1452	1555
Camk2b_-_6065293.23-P1P2	Camk2b	1773	2130	1609	2109	2029	548	693	771	1066	459	776	1087	1711	1968	1299	1053	964
Reps1_+_18055576.23-P1P2	Reps1	1382	2233	1364	1842	1994	431	703	569	917	438	683	1217	1342	1925	1362	1035	900
Prx_-_27499336.23-P1	Prx_P1	1702	2082	1916	2439	2272	704	685	1151	1141	469	637	1618	1569	1925	1580	1080	1151
Mgrn1_-_4886268.23-P1P2	Mgrn1	1826	2146	1860	2381	2491	699	885	1034	1486	622	1311	1518	1661	2450	1596	1276	1184
Cox6a2_-_128206303.23-P1P2	Cox6a2	1195	1372	1391	1693	1666	514	623	823	894	537	768	963	1500	1586	1054	890	874
Ppp3ca_-_136670183.23-P1P2	Ppp3ca	2085	2395	2063	2401	2942	812	919	1134	1714	750	1182	1851	2207	2620	2043	1341	1111
Hmox1_+_75093674.23-P1P2	Hmox1	1869	2287	1649	2500	2299	742	1057	825	1695	509	937	1442	1525	2249	1441	1467	1197
Cox6b1_+_30626031.23-P1P2	Cox6b1	2585	2494	2546	3096	2001	565	838	885	1482	629	1188	1238	2301	2605	1945	1345	1404
Ptgs2_-_150100156.23-P1P2	Ptgs2	1617	2242	1651	1975	1586	420	826	865	1129	428	826	1000	1670	1785	1198	1023	1490
Clcn6_+_148038782.23-P1P2	Clcn6	1990	2213	2243	2490	2266	659	811	859	1147	654	1630	1362	1845	2367	1393	1320	1239
Tomm40l_+_171222394.23-P1P2	Tomm40l	2114	2155	1839	2921	2129	527	869	1067	1535	741	1361	1475	2252	2536	1851	1351	1189
Rpgrip1_+_52111190.23-P1P2	Rpgrip1	2183	2466	1843	2526	2109	584	969	1021	1688	623	1076	1696	2105	2203	1820	1446	1124
Vwa3b_+_37153852.23-P1P2	Vwa3b	1870	1876	1590	2062	2217	775	537	876	1361	725	1353	681	1955	1977	1561	1262	1056
Disc1_+_125054147.23-P1P2	Disc1	2458	2381	1701	2134	2146	700	940	827	1205	566	828	1190	1839	2114	1615	1125	1031
Rab5a_+_53479306.23-P1P2	Rab5a	1862	2397	2117	2559	2826	745	1091	1126	1528	596	1462	1566	2219	2232	1792	1522	1413
Wnt8b_+_44493537.23-P1P2	Wnt8b	1670	1897	1780	2271	1938	676	891	883	1632	577	1260	1037	1957	2203	1532	1268	1367
Pvalb_-_78206351.23-P1	Pvalb_P1	1460	1960	1805	2032	1892	602	839	737	1136	484	889	1214	1633	1447	1452	970	1058
Syt1_+_109010668.23-P1P2	Syt1	1667	2339	1803	2301	2316	424	1014	1060	1165	566	940	1017	1887	2272	1745	1202	1257
Ace_+_105968014.23-P1P2	Ace	1362	1484	1246	2094	1692	587	843	947	1100	350	784	1195	1345	1447	1375	790	927
non-targeting_02395	non-targeting	1391	1752	1408	2162	1784	422	758	584	1152	647	1101	1388	1245	1810	1378	1158	930
Dcaf8_-_172148179.23-P1P2	Dcaf8	2321	2135	1849	2690	2389	601	1042	1035	1199	662	1205	1572	2105	2439	1612	1455	1427
Wnt7b_-_85581849.23-P1	Wnt7b_P1	2256	3045	2477	3825	3478	847	1035	1121	1676	851	1385	1610	2051	2903	1987	1215	1393
Ppargc1a_+_51553778.23-P1P2	Ppargc1a	1660	2297	1630	1812	1782	478	831	597	1294	489	958	1187	1387	2125	1107	904	1160
Pin1rt1_+_104716163.23-ENSMUST00000099659.2	Pin1rt1	707	1040	806	1282	1243	221	503	383	819	318	659	522	877	1343	830	439	568
Brca1_-_101551813.23-P1P2	Brca1	590	1042	681	662	1066	201	474	320	383	152	82	436	790	744	479	503	360
Serpina1e_-_103956475.23-P1	Serpina1e_P1	2791	3409	2698	3243	3456	950	1164	1039	1563	874	1304	1583	2431	2885	2700	1412	1453
Mnat1_-_73123954.23-P1P2	Mnat1	843	1441	1158	1633	1652	364	524	592	701	361	406	653	1319	1408	957	692	684
Tac1_+_7555305.23-P1P2	Tac1	915	1518	1069	882	864	253	480	451	502	359	456	773	827	1137	889	451	423
Psmd14_+_61711803.23-P1P2	Psmd14	1771	2535	2059	2384	1442	330	667	555	846	474	759	1238	1018	1823	1176	1039	1080
Tiparp_-_65528494.23-P1P2	Tiparp	1918	2504	1789	2414	2296	697	909	1152	1762	881	1049	1151	1954	2587	1578	1236	1363
Rab39b_-_75578145.23-P1P2	Rab39b	1489	1815	1364	1412	1486	308	541	639	878	391	724	1041	1171	1560	1166	751	1043
Psmd7_-_107588373.23-P1P2	Psmd7	1632	1715	1112	1645	1601	388	689	573	1068	401	1046	815	1342	1433	1003	728	813
Sgcg_+_61258358.23-P1P2	Sgcg	1561	2225	1439	1923	1669	490	653	588	981	363	785	831	1479	1930	1134	1078	840
Grn_-_102430520.23-P1P2	Grn	2726	3974	2813	3576	4021	860	1431	1868	1947	932	1601	2060	2971	3525	2431	2012	2129
Tia1_+_86404360.23-P1P2	Tia1	1326	1735	1457	1524	1408	413	638	549	799	430	800	961	1085	1359	1392	828	961
Psma6_-_55398883.23-P1P2	Psma6	2305	3118	2532	2923	1964	454	566	926	1128	600	693	1276	1207	1465	1383	983	986
Lox_-_52529586.23-P1P2	Lox	1653	1944	1367	2082	1883	417	647	676	1121	456	954	988	1756	1539	1392	1049	946
Araf_-_20848619.23-P1P2	Araf	3822	4643	3038	4625	4625	1344	1858	1479	2725	1332	1874	2834	3492	4172	3125	2577	2267
Dnah2_-_69549040.23-ENSMUST00000108659.1	Dnah2	1924	2322	1950	2738	2307	673	817	865	1666	610	855	1126	2265	1963	2070	1471	1406
Rbm8a_-_96630162.23-P1P2	Rbm8a	1073	790	1017	1535	551	160	287	414	464	158	259	326	453	486	340	238	338
Tank_-_61578809.23-P2	Tank_P2	2222	2323	2168	3030	2037	584	1166	944	1555	754	1258	1343	2319	2829	1669	1482	1548
Casp1_-_5298719.23-P1P2	Casp1	1246	1070	638	1211	1235	323	442	402	720	352	644	540	867	1081	1078	733	643
Serpini1_+_75557534.23-P1P2	Serpini1	2291	3034	2076	2578	2177	684	1053	898	1672	600	1046	1615	2239	2621	2112	1550	1470
Iba57_-_59163709.23-P1P2	Iba57	1328	1275	1043	1564	1301	376	525	898	792	359	663	879	785	1115	905	567	878
Pcna_-_132253186.23-P1P2	Pcna	1207	1607	1648	1576	1290	357	593	542	808	366	568	827	1192	1574	1144	994	725
Cd200r1_-_44765849.23-P1P2	Cd200r1	2435	3216	2664	2919	2877	779	1258	1585	1844	729	1415	1521	2001	3199	2262	1731	1169
Eif2b2_-_85219702.23-P1P2	Eif2b2	1857	2020	1729	1884	1567	613	684	828	1170	578	884	1043	1183	1677	934	840	917
Gabarapl2_+_111940716.23-P1P2	Gabarapl2	2512	3604	2424	3000	2822	913	1348	1228	1678	881	1730	1808	2377	2626	2446	1614	1662
Ngb_-_87102298.23-P1P2	Ngb	1464	1771	1319	1587	1349	533	826	460	1001	360	752	1158	1681	1564	1323	1128	965
L1cam_+_73880746.23-P1P2	L1cam	2042	2588	1933	2568	2117	444	1144	979	1310	713	1334	1446	1930	2009	1774	1279	1282
Ptges_-_30903214.23-P1	Ptges_P1	1156	1811	1213	1983	1516	517	626	673	949	468	803	836	1289	1283	1314	986	711
Arl6ip1_-_118129580.23-P1P2	Arl6ip1	1696	2044	1223	2036	1752	380	581	607	998	492	810	1204	1532	1550	926	1024	786
Actr1a_+_46395721.23-P1P2	Actr1a	2361	2653	2364	3206	3198	883	971	956	1798	606	1276	1375	2268	3020	1983	1613	1609
Gria2_+_80802695.23-P1P2	Gria2	1487	2007	1470	1853	1850	489	577	682	958	471	717	1059	1485	1695	1302	1067	927
Dctn5_-_122133048.23-P1P2	Dctn5	2445	2023	1969	2413	3069	927	1069	1034	1843	597	1194	1730	2125	2717	1761	1329	1402
Mpo_-_87794171.23-P1P2	Mpo	1613	1761	1259	2099	1645	568	809	690	1127	491	867	995	1582	2058	1119	788	922
Trim2_+_84220622.23-P1	Trim2_P1	1493	1369	1244	1889	1581	446	458	525	999	356	938	912	1156	1308	1127	847	823
Cacna1g_-_94473975.23-P1P2	Cacna1g	1766	2593	1917	2695	2338	581	1131	859	1341	521	1362	1313	1815	2298	1483	1218	960
Chchd2_+_129886958.23-P1P2	Chchd2	1655	1667	971	1400	1528	465	678	297	782	392	717	906	1464	1645	1326	852	705
Mpp1_-_75130940.23-P1P2	Mpp1	723	663	1031	1404	858	332	430	324	490	263	440	733	987	1039	669	550	615
Nkx6-2_-_139582746.23-P1P2	Nkx6-2	1504	2133	1403	1957	1680	480	789	831	1314	399	974	1045	1223	1907	1021	1146	1065
Klc2_+_5118241.23-P1P2	Klc2	1803	1771	1651	2081	1611	600	775	1013	778	456	951	925	1532	2297	1340	987	902
Cyp2d40_+_82763772.23-P1P2	Cyp2d40	2221	2893	2655	2999	2767	869	1133	804	1784	798	1288	1863	2406	2439	2172	1489	1348
Dnah3_-_120095273.23-P1P2	Dnah3	961	1014	946	972	1015	227	337	679	507	256	552	638	922	856	826	477	620
Tank_-_61578630.23-P2	Tank_P2	2687	2439	1922	2778	2465	463	1012	995	1456	728	804	1422	2021	2256	1782	1419	1373
Mme_+_63296202.23-P2	Mme_P2	1439	2018	1486	1713	1807	467	679	972	827	461	928	1200	1596	1609	972	1155	1021
Cacna1b_+_24763106.23-P1P2	Cacna1b	2231	2723	2284	2743	2111	728	766	793	1679	813	1366	1687	1997	2463	1657	1375	1166
Tuba8_+_121210828.23-P1P2	Tuba8	1929	2144	1790	2171	1963	329	741	899	1358	718	1253	964	1724	2053	1780	1107	1185
Ndufb9_+_58934033.23-P1P2	Ndufb9	2066	2498	1571	2654	2391	680	1055	939	1442	672	998	1423	1562	1894	1864	1233	1244
Abcb1a_+_8660124.23-P1P2	Abcb1a	723	1047	823	1037	1228	156	295	394	440	209	453	497	537	1139	531	396	541
Bscl2_+_8837469.23-P2	Bscl2_P2	1542	1236	962	1487	1291	324	505	433	890	442	613	1210	940	1219	1210	841	579
Htr2a_+_74640974.23-P1P2	Htr2a	1978	2143	1761	2401	2590	634	1025	1023	1470	626	1037	1093	1746	2591	1600	1405	1101
Cfl2_-_54862765.23-P1P2	Cfl2	3205	3312	2619	3878	3286	832	1301	1492	1861	727	1210	2017	2760	2849	2202	1677	1751
Il6_+_30013325.23-P1P2	Il6	2008	2476	1968	2452	2200	505	830	1315	875	687	761	1310	1615	1969	1614	1128	1156
Tbcd_+_121452012.23-P1P2	Tbcd	1909	2256	2174	2868	1518	382	624	476	1077	436	560	797	1058	1148	586	649	786
Mfn1_+_32529625.23-P1P2	Mfn1	1795	1965	2014	2320	2759	719	1005	1092	1272	600	1245	1642	1708	2504	1775	1325	1218
Hspa5_+_34772114.23-P1P2	Hspa5	1613	2267	1744	2310	1259	218	325	594	699	372	661	766	998	847	732	707	803
Lmnb1_+_56707934.23-P1P2	Lmnb1	1362	1777	1205	1279	1386	360	627	551	967	401	590	1050	998	1428	912	731	852
Pik3cb_-_99140178.23-P1P2	Pik3cb	2113	2668	2074	2333	2394	662	1193	1061	1405	571	1297	1867	1735	2503	1946	1216	1190
Kctd7_-_130144929.23-P1P2	Kctd7	1268	1592	1334	2039	1819	440	781	851	947	506	569	1041	1126	1538	1341	826	1002
Ppp2r2b_+_43059486.23-ENSMUST00000025377.7	Ppp2r2b	1392	1719	1372	1731	1522	516	588	681	802	379	491	722	1181	1499	1478	943	904
Prkcg_+_3303638.23-P1P2	Prkcg	1699	1718	1463	2000	1750	450	544	590	1048	325	1134	1108	1926	1377	1172	986	961
Sorl1_-_42124077.23-P1P2	Sorl1	1112	1134	879	1337	1191	359	553	402	819	382	541	703	875	932	884	732	720
Pde9a_-_31386474.23-P1P2	Pde9a	1897	1893	1484	2017	1483	436	879	826	1132	492	768	1160	1769	1720	1042	1011	1061
Cln5_+_103070320.23-P1P2	Cln5	1258	1534	1311	1611	1319	329	608	482	1114	409	674	953	1078	1677	1044	721	963
Mapk9_-_49846799.23-P1P2	Mapk9	1232	1657	1115	1421	1071	324	355	425	833	330	572	779	1177	1294	1149	884	850
Cx3cl1_+_94772276.23-P1P2	Cx3cl1	1597	1208	1702	1835	1910	382	646	576	1026	338	775	953	1567	1653	1283	936	850
Padi4_-_140774219.23-P1	Padi4_P1	1743	2164	1896	2224	2036	718	876	1038	1524	493	942	1199	1644	2062	1456	1068	1426
Plcb3_-_6969697.23-P1P2	Plcb3	2316	2779	1882	3058	2955	701	1180	993	1403	640	1423	1636	2296	2056	1930	1358	1402
Dao_-_114003890.23-P1P2	Dao	1726	2821	2355	3097	2460	864	1114	980	1838	708	1341	1527	1984	2642	1828	1230	1461
Galc_+_98259325.23-P1P2	Galc	2417	2424	2042	3263	3077	506	821	1127	1418	705	1076	1678	1941	2533	1861	1366	1326
Ryr2_-_12106658.23-P1P2	Ryr2	2173	2375	1934	2480	3130	528	1070	1179	1415	642	1245	1732	2212	2234	1766	1394	1453
Sncb_+_54766494.23-P1P2	Sncb	1372	1863	1178	1597	1415	344	627	510	895	335	508	737	1504	1653	1109	839	893
Il13ra1_-_36112157.23-P1P2	Il13ra1	2345	2233	1977	2701	2771	723	990	1079	1726	624	1603	1536	2113	2382	1945	1601	1456
Bhlhb9_-_135885949.23-P1P2	Bhlhb9	2051	2172	2474	2830	2627	831	1066	1260	1677	646	1143	1603	1947	2432	1473	1272	1403
Nptx1_+_119547712.23-P1P2	Nptx1	1662	2268	1752	2610	2401	631	734	907	1113	782	715	1336	1786	2161	1457	1154	991
Tppp_+_74009457.23-P1P2	Tppp	1320	1555	1516	1750	1737	492	600	470	1161	417	831	882	1429	1376	998	889	793
Gemin4_+_76243510.23-P2	Gemin4_P2	1674	1993	1368	1917	1879	518	907	618	1178	522	896	840	1383	1750	1276	1072	962
Lamc2_+_153186524.23-P1P2	Lamc2	591	683	700	878	699	185	249	366	617	240	267	377	446	825	484	504	449
non-targeting_03541	non-targeting	1619	1653	1385	2614	2143	489	820	554	1115	502	895	1093	1809	1693	1793	992	1172
Tac1_-_7555150.23-P1P2	Tac1	2032	2345	1976	2526	2357	487	719	835	1289	519	1074	1129	1555	2155	1319	1244	1241
Ap5z1_+_142464084.23-P1P2	Ap5z1	2037	2741	1791	2598	2794	718	1002	1229	1827	675	1359	1163	2347	2320	1398	1393	1313
Gpnmb_-_49036700.23-P1P2	Gpnmb	1813	2882	2119	2624	1830	563	861	923	1293	445	1248	1296	1951	2176	1295	1272	1185
Hmox1_+_75093685.23-P1P2	Hmox1	2124	1631	1720	2279	2077	737	810	792	868	631	1142	966	1242	1761	1362	1090	875
Msc_-_14755952.23-P1P2	Msc	1461	2301	1901	2169	2259	521	756	804	992	394	841	894	1306	1556	1292	858	1026
Pus1_+_110780544.23-P1P2	Pus1	2752	3172	2903	3892	3542	865	1582	1036	2243	802	1551	2027	3290	3065	2356	1702	1903
Hdac1_-_129542689.23-P1P2	Hdac1	1746	2388	1129	1935	2356	385	605	574	1409	404	999	840	1640	2001	1050	1139	759
Sdha_+_74350204.23-P1P2	Sdha	1940	2061	1751	2109	1843	540	722	655	1496	403	878	1216	1344	1409	1012	947	878
Pfn1_+_70654580.23-P1P2	Pfn1	1511	2281	1680	1868	1758	372	804	875	929	352	989	998	1300	1800	1313	1226	1084
Trim2_-_84259728.23-P2	Trim2_P2	894	973	707	1128	975	222	272	277	452	225	421	527	996	914	669	514	653
H2-M10.1_-_36326133.23-ENSMUST00000025322.7	H2-M10.1	1322	1779	1350	1797	1731	402	862	465	863	485	1011	1034	1835	1617	1000	999	926
Sigmar1_-_41741259.23-P1P2	Sigmar1	2063	2163	2130	2892	3023	686	1134	1024	1706	629	1332	1758	2109	2766	2113	1493	1269
Glb1_+_114401173.23-P1P2	Glb1	1711	2844	1673	2350	2046	696	1130	1001	1143	704	1158	1300	2163	2254	1424	1183	1146
Cacna1b_-_24763096.23-P1P2	Cacna1b	1941	2402	1560	2070	1748	488	737	1031	1217	554	816	1063	1955	1937	1332	1226	1014
Bdnf_+_109693651.23-P1P2	Bdnf	2071	2429	1803	2564	2213	614	906	937	1408	637	1088	1494	2234	2016	1626	1352	1443
Cyp2d34_+_82620645.23-P1P2	Cyp2d34	1790	1780	1612	2178	1762	541	676	801	982	525	817	1182	1834	2061	1271	1078	1089
Cybb_-_9469260.23-P1P2	Cybb	1422	1679	919	1868	1514	258	768	393	792	415	879	735	1086	1429	1262	750	957
Aaas_+_102350603.23-P1P2	Aaas	1735	2034	1990	2452	2402	614	993	637	1243	765	1048	1168	1625	2157	1693	1249	1269
Anp32a_+_62341429.23-P1P2	Anp32a	1444	1978	1524	1829	1736	344	462	531	840	304	716	803	1331	1543	1361	870	931
Calb2_-_110168115.23-P1P2	Calb2	1767	2422	1734	2290	1949	507	833	849	1249	672	968	1255	1887	1858	1524	1134	941
Dyrk1a_+_94569901.23-P1P2	Dyrk1a	1888	2320	1482	2270	2110	446	958	626	1318	686	924	881	1607	2246	1644	911	1239
Atxn3_-_101957943.23-P1P2	Atxn3	1596	1875	1806	2038	2118	563	918	762	1248	500	1033	1306	1762	1907	1531	1125	1067
Ppt1_+_122836300.23-P1P2	Ppt1	1958	2463	1568	2450	3100	831	1143	1137	1258	664	1783	1286	2186	2532	1727	1436	1102
non-targeting_02619	non-targeting	2069	3096	2427	2449	2896	735	1074	963	1649	717	1558	1830	2011	2376	1853	1246	1617
Cxcl10_-_92348867.23-P1P2	Cxcl10	1589	2048	1828	1979	2433	570	820	1048	1247	353	1020	1130	1379	1503	1446	1316	953
Gpx8_+_113046371.23-P1P2	Gpx8	1305	1662	1461	2237	1759	382	704	649	919	486	873	1027	1435	1599	1314	1324	923
Ramp2_+_101246023.23-P1P2	Ramp2	1918	2316	2370	2662	2759	648	746	639	1441	569	1198	1395	2012	2503	1744	1110	1386
Crebbp_-_4213282.23-P1P2	Crebbp	2602	2619	1901	3287	2780	657	1146	1175	1511	741	1198	1403	2623	2728	1862	1284	1118
Eif2ak3_-_70844809.23-P1P2	Eif2ak3	1100	1437	993	1262	1519	454	592	606	638	328	608	1023	1220	1715	1178	803	677
Tfg_+_56717220.23-P1P2	Tfg	1236	1788	1405	1589	1521	353	700	570	978	398	542	1004	1008	1567	1063	743	620
Serpina1a_-_103863505.23-P1P2	Serpina1a	634	848	718	1148	646	247	261	401	483	160	235	426	697	914	593	339	457
Prkar1b_+_139129666.23-P1P2	Prkar1b	1796	2127	2006	2486	1789	725	854	1066	1411	683	1057	1305	2035	2007	1519	1120	1325
Als2_-_59237256.23-P1P2	Als2	1059	1291	1225	1819	1658	456	461	510	822	473	775	783	1275	1326	1078	766	646
Eif4g1_-_20672748.23-P1P2	Eif4g1	2517	2696	2728	3102	3167	661	1173	1205	2163	907	1309	1675	2555	2865	1831	1628	1288
Cd200r3_+_44943756.23-P1P2	Cd200r3	1908	2953	2111	2994	2816	919	1011	1141	1640	661	1707	1862	2087	2869	2045	1650	1587
Plxna4_+_32588181.23-P1P2	Plxna4	2011	2463	2145	2793	2301	645	1055	978	1440	821	1107	1773	2041	2176	1538	1191	1141
Hexa_-_59539716.23-P1P2	Hexa	1595	2628	1775	2075	2029	599	776	743	943	482	760	913	2013	1525	1133	1055	1480
Ndufc2_+_97400141.23-P1P2	Ndufc2	1430	1775	1544	1834	1766	248	586	589	784	402	658	897	1195	1573	1514	982	950
Msh2_-_87672601.23-P1P2	Msh2	2017	2437	1850	2394	2180	621	968	857	1229	507	932	1335	1767	2495	1465	1152	1247
Cast_+_74807902.23-P1P2	Cast	2713	3119	2428	3317	2851	752	846	851	2064	877	1514	1699	2624	2848	2378	1671	1613
Maneal_+_124862226.23-P1P2	Maneal	1482	2040	1802	2065	1887	493	584	706	1148	548	862	1434	1108	1898	1118	870	953
Fggy_-_95579522.23-P2	Fggy_P2	1088	1541	703	1228	1270	458	505	462	520	247	818	611	935	909	986	609	547
Idua_+_108669491.23-P1P2	Idua	1540	2170	1880	2181	2246	419	825	878	1490	593	988	1165	2032	1890	1435	1081	1205
Peg12_-_62464475.23-P1P2	Peg12	651	938	819	1014	1146	200	304	358	535	247	378	594	608	897	735	624	403
Hexb_-_97198070.23-P1P2	Hexb	771	998	808	1452	1031	177	345	513	552	312	496	737	850	1163	696	445	551
Ppp3ca_-_136670230.23-P1P2	Ppp3ca	1452	1549	1718	2523	1894	544	728	713	1004	509	856	1145	1243	1862	1317	946	1066
Pmpca_-_26389385.23-P1P2	Pmpca	1693	2083	1737	1917	1532	508	755	521	693	492	630	751	1258	1373	1248	835	863
Plcb4_-_135741862.23-ENSMUST00000110109.1	Plcb4	1535	1943	1836	2066	2355	546	773	572	1097	585	1003	1089	1486	1981	1105	1188	857
Hmgb1_+_149051384.23-P2	Hmgb1_P2	1663	1507	1129	1417	1553	504	719	662	943	509	860	784	1646	1347	1190	1000	848
Atp2b3_+_73503134.23-P1P2	Atp2b3	2386	2971	2336	3155	2713	930	984	1282	1944	754	1366	1798	2522	2652	1997	1676	1589
Tmem175_-_108629873.23-P1P2	Tmem175	2546	2313	1859	2756	2555	646	1151	900	1474	541	1116	1357	2210	2272	1985	1443	1285
Nt5c2_+_46962246.23-P1P2	Nt5c2	1600	2563	1981	1869	1900	496	1008	671	1142	429	740	1032	1685	2056	1235	941	1102
Khdrbs1_-_129742203.23-P1P2	Khdrbs1	957	1324	1269	1248	1388	382	370	587	987	350	639	725	1307	1221	845	508	589
Tbp_-_15499957.23-P1P2	Tbp	3352	3904	2975	3923	3345	1061	1487	1388	1995	1121	1560	1935	3137	3000	2254	1849	1776
Uba7_+_107975775.23-P1	Uba7_P1	2100	2454	1875	2478	1802	548	711	952	1093	454	699	1497	1849	2378	1602	1159	1433
Gjc2_+_59182780.23-P1P2	Gjc2	1723	1738	1179	1909	1678	567	560	659	1113	508	701	843	1576	1961	1169	1156	1143
Txnrd1_-_82859247.23-P1P2	Txnrd1	2269	2761	2011	3079	3152	667	1106	1513	1698	688	1454	1566	2247	2453	1768	1643	1319
Mbp_+_82554762.23-P1P2	Mbp	2138	2237	1516	2685	1945	615	947	547	1454	602	831	1504	1762	2034	1159	1156	1242
Erbb2_+_98412578.23-P1P2	Erbb2	1480	1621	1251	1691	1697	612	542	704	936	504	610	1163	1317	1717	1062	822	805
Slc19a3_+_83038353.23-P1P2	Slc19a3	2911	3284	2617	3107	2730	831	1218	1104	1697	652	1010	1838	3016	2516	1678	1737	1658
Gabarapl2_+_111940749.23-P1P2	Gabarapl2	1372	1796	1456	1513	1522	531	559	761	1034	412	733	1195	1735	1420	831	924	910
H2-M9_-_36642597.23-P1P2	H2-M9	2162	2524	2228	3068	2727	844	944	969	1457	820	1481	1600	2021	2506	1894	1544	1665
Sox2_-_34650042.23-P1P2	Sox2	1897	2430	2408	2750	2174	593	796	933	1329	736	962	1291	2294	2328	1464	1423	1286
Slc52a3_-_151996570.23-P1	Slc52a3_P1	1596	1653	1293	2310	1640	533	658	731	1254	570	1133	1097	1626	1790	1568	931	938
Angpt4_-_151911266.23-P1P2	Angpt4	1194	1462	1338	1970	1375	484	545	518	768	275	623	1051	1268	1098	853	702	719
Ndufa6_+_82354221.23-P1P2	Ndufa6	2560	3134	3265	3559	3454	986	1388	1557	2207	943	1521	1878	3280	3197	2179	1585	1768
Fzd3_-_65262425.23-P1P2	Fzd3	1571	2117	1753	1787	1871	579	647	706	1241	503	1001	827	1383	1254	1276	812	937
H2-M11_+_36547339.23-ENSMUST00000041964.6	H2-M11	1771	2080	1759	2072	1710	516	862	556	902	448	800	920	1332	1870	1293	1048	1011
Smurf2_+_106920676.23-P1P2	Smurf2	1505	1830	1058	1346	1189	343	546	449	799	213	771	757	1263	1152	967	683	1071
Cstb_-_78425801.23-P1P2	Cstb	1301	1642	1078	2108	1529	294	653	827	676	359	722	823	719	895	717	590	471
Oxr1_+_41788887.23-ENSMUST00000170127.1	Oxr1	1678	2145	1575	2490	2060	559	763	1145	1117	472	1152	1009	1292	2111	910	1193	871
Htra2_+_83054431.23-P1P2	Htra2	1306	1444	843	1473	1534	383	496	438	574	382	619	620	851	905	415	271	483
Myoc_+_162639164.23-P1P2	Myoc	2033	2499	1433	2449	2326	579	869	813	1416	559	1230	1124	1804	2290	1518	1276	1140
Exosc8_+_54735017.23-P1P2	Exosc8	1327	1486	1676	1629	1663	347	669	614	1184	425	840	751	1293	1669	855	893	1054
Brca1_+_101551819.23-P1P2	Brca1	1212	1641	1227	1882	1649	233	581	894	904	481	782	886	1154	1548	1072	836	765
Atm_+_53536549.23-P1P2	Atm	1336	1616	1137	1887	1477	291	596	659	828	363	611	907	1114	1632	1405	800	806
Tsen34_+_3693822.23-P1P2	Tsen34	2104	2531	1848	2302	1812	633	869	945	1089	836	742	1080	1776	2027	1472	1166	1236
Ern1_-_106487777.23-P1P2	Ern1	1778	2822	1898	2810	2851	772	1143	1313	1592	543	1038	1373	2102	2473	1698	1155	1530
Colec11_-_28623219.23-P1P2	Colec11	2536	3102	2746	3397	3685	765	1390	1662	1741	863	1475	2203	2576	3613	2345	1649	1531
Tubb2a_-_34077993.23-P1P2	Tubb2a	2803	3228	2652	3384	3203	853	1218	1347	2036	852	1435	1861	3028	3404	2581	2010	1974
Lrp6_-_134566761.23-P1P2	Lrp6	1532	2141	1739	2178	1970	718	870	617	1177	482	1063	1000	1444	1916	1203	995	1069
Ryr1_-_29125097.23-P1P2	Ryr1	1320	1474	1080	1569	1996	438	712	608	1000	403	789	783	1427	1919	1098	700	922
Sncaip_+_52768278.23-P1P2	Sncaip	1115	1285	1315	1337	1072	224	492	647	780	353	813	842	1218	1353	1040	694	875
Pde4d_+_109953895.23-P1P2	Pde4d	1236	1400	1169	1379	1080	422	626	412	842	351	828	461	1141	1162	945	814	742
Echs1_-_140116331.23-P1P2	Echs1	1087	1211	1056	1030	1085	295	550	286	805	314	591	1032	809	1158	808	551	490
Sh3tc2_+_61953080.23-P1P2	Sh3tc2	1117	1539	854	1323	1012	280	437	465	761	261	804	668	834	1191	860	605	584
Capn2_+_182517246.23-P1P2	Capn2	1339	1945	1467	2293	2157	512	825	657	1172	529	1065	854	2018	2149	1361	1056	1043
Cd36_+_17835651.23-P1P2	Cd36	2020	2422	2461	2833	2530	614	997	904	1426	850	999	1447	2255	2321	1780	1479	1303
Ppara_+_85735855.23-P1P2	Ppara	1040	1665	1091	1460	1415	330	469	402	1036	365	435	849	1001	1243	860	797	681
non-targeting_03947	non-targeting	2941	2170	1929	2560	2561	642	1027	987	1493	512	995	1584	1902	2285	1624	1485	1195
Apoe_-_19698125.23-P1P2	Apoe	1144	1568	1248	1335	1019	150	382	270	733	168	496	622	1078	960	660	810	879
H2-T24_-_36020519.23-P1P2	H2-T24	2599	2545	2912	3155	3201	976	1384	1139	1777	746	1630	1517	2389	2760	2155	1374	1583
Prickle1_+_93519458.23-P2	Prickle1_P2	1522	2179	1917	2466	1787	512	708	701	1356	499	1012	1195	1805	2082	1679	1002	865
Prdm12_+_31639831.23-P1P2	Prdm12	891	1240	908	1046	869	200	367	284	645	274	462	637	939	938	871	610	445
Bcl11b_+_108004032.23-P1P2	Bcl11b	1328	2177	1713	2149	1646	366	534	373	938	324	665	689	1426	1287	995	871	824
Eif4g2_+_111082977.23-P1	Eif4g2_P1	1740	2277	1649	2432	1946	717	911	742	1238	735	980	1212	1705	2445	1686	1503	1402
Elavl4_-_110287482.23-P1P2	Elavl4	2117	3164	2365	2889	2735	661	1236	1223	1237	816	1264	1543	2128	2743	1661	1511	1377
Il2_+_37125689.23-P1P2	Il2	1725	2393	1423	2180	2192	503	771	796	907	568	1274	1103	1606	2194	1532	1131	996
Cyp2d10_+_82406851.23-P1P2	Cyp2d10	1529	2517	2119	2224	2346	589	989	1077	1218	467	913	1627	2102	2109	1967	1273	1273
Tuba8_+_121210850.23-P1P2	Tuba8	1624	1574	1074	1917	1481	356	780	756	1362	447	746	1251	1464	1838	1334	961	849
Tiparp_+_65528489.23-P1P2	Tiparp	1574	2409	1795	2120	2155	447	673	945	1478	624	958	867	1617	1894	1592	901	1002
Gsr_+_33653615.23-P1P2	Gsr	2567	3070	2429	2929	2748	584	1062	1138	1584	822	1446	1489	1907	2796	1716	1448	1451
Scn8a_+_100871150.23-P1P2	Scn8a	1996	2246	1592	2545	2382	631	951	1125	1215	648	828	1693	1713	2248	1516	1382	1427
non-targeting_02861	non-targeting	3533	3512	2814	3652	4121	946	1316	1309	2125	893	1501	1959	2806	3615	2449	2206	1901
Tmem230_+_132247535.23-P1P2	Tmem230	1367	1746	953	1525	1389	487	443	619	945	415	738	789	1252	1485	1034	705	687
Padi4_+_140750500.23-P2	Padi4_P2	1862	2163	1553	2341	1641	634	690	567	1035	573	900	1386	1633	1851	1388	1261	931
Fgf14_-_124193027.23-ENSMUST00000026631.5	Fgf14	1736	1820	1697	1897	2470	539	816	1053	1146	507	1007	1188	2041	1994	1562	888	881
Hmbs_+_44342211.23-P1	Hmbs_P1	2340	2811	2653	3463	2448	701	883	947	1493	788	1022	1408	2454	3036	2037	1837	1759
Mapk3_-_126759904.23-P1P2	Mapk3	2325	3310	2193	3361	2944	883	1088	1451	1792	726	1096	1847	2681	2883	2555	1504	1317
Wnt10a_+_74792087.23-P1P2	Wnt10a	1625	1806	1673	2350	2171	465	781	1075	1109	596	941	1161	1638	1837	1450	1126	1242
Epo_-_137533204.23-P1P2	Epo	2457	3990	2589	3366	3079	752	1108	1277	2080	797	1365	1743	3006	3191	1871	1728	1773
Atl1_+_69893307.23-P1P2	Atl1	1416	1687	1489	1638	2050	341	731	645	730	414	759	1101	1223	1625	1116	994	887
Wnt5b_+_119544253.23-P1P2	Wnt5b	1084	1335	1591	1752	1385	341	556	656	780	502	512	770	1179	1405	774	869	851
Ndufa13_-_69902766.23-P1P2	Ndufa13	1598	1406	1348	1976	1766	468	697	795	1459	256	881	1424	1616	1845	996	947	869
Mmp9_-_164948532.23-P1P2	Mmp9	2636	3658	3034	3368	3534	747	1196	1632	2089	665	1461	1987	2654	3590	2178	1680	2226
Mapk1_+_16983480.23-P1P2	Mapk1	928	1526	1350	1789	1451	313	734	612	985	393	600	810	1260	1786	1224	838	926
Txn2_-_77927871.23-P2	Txn2_P2	1199	1923	1235	1848	1698	440	722	416	821	486	1166	1086	1423	1484	1083	896	815
Hdac4_+_92148338.23-ENSMUST00000008995.8	Hdac4	1697	2007	1529	2189	1665	567	915	883	1256	558	974	1484	1720	1874	1525	1404	958
Vwa3b_+_37153892.23-P1P2	Vwa3b	837	1122	945	1121	982	225	444	443	741	252	328	491	819	912	737	739	473
Klc4_+_46645074.23-P1P2	Klc4	910	1583	1328	1347	1672	297	581	519	740	327	454	783	1231	1327	851	799	792
Tfcp2_+_100551908.23-P1P2	Tfcp2	1475	1537	1337	1771	1893	493	637	669	856	322	965	777	1512	1559	1096	978	754
Uqcrc2_+_120635297.23-P1P2	Uqcrc2	1642	2292	2011	2600	2551	498	824	864	1388	614	1009	1238	1785	2334	1747	1305	1434
Cyp2d10_-_82407195.23-P1P2	Cyp2d10	1432	2667	1462	2376	2376	460	678	688	1088	503	895	1374	1590	1884	1193	1136	1140
Dnajc6_+_101508040.23-P1P2	Dnajc6	689	786	887	1176	946	357	422	297	631	184	351	731	779	901	735	632	601
Ppara_-_85735815.23-P1P2	Ppara	1896	2134	1829	2128	1907	449	869	731	1150	635	1016	1163	1725	1597	1425	1094	1361
Ndufb2_-_39592672.23-P1P2	Ndufb2	2033	3214	2434	3542	3111	739	1179	1416	2213	803	1274	1814	2407	2941	2146	1543	1490
Bcl6_+_23988610.23-P1P2	Bcl6	1707	2074	1480	2034	2047	481	778	713	1112	424	753	966	1309	1570	1377	923	841
Pde8b_+_95222970.23-P2	Pde8b_P2	1691	1777	1759	1675	1559	476	692	439	893	492	783	1033	1250	1680	1011	752	815
Sncb_+_54766211.23-P1P2	Sncb	1635	1793	1715	1925	2063	387	625	617	1239	321	774	1077	1876	1461	1432	992	1020
Esr2_+_76177006.23-P1P2	Esr2	1463	1767	1491	1471	1591	264	560	666	1045	325	588	923	1391	1743	1092	828	829
Cln8_+_14888901.23-P1P2	Cln8	1025	1351	1282	1628	1312	467	508	464	848	444	855	528	1097	1366	1083	786	730
Pabpc4_+_123282707.23-P1P2	Pabpc4	1824	2750	2376	2763	2356	734	1212	922	1307	566	827	1423	1907	2729	1753	1495	1036
Psmc2_-_21785311.23-P1	Psmc2_P1	728	1230	1003	796	1144	264	536	455	661	245	555	534	771	701	563	584	437
Cox7a2l_-_83514089.23-P1P2	Cox7a2l	1965	2389	1637	2450	2101	553	758	639	1196	527	949	1324	2067	2114	1808	1357	1312
Calml3_-_3804323.23-P1P2	Calml3	818	1156	790	1101	1204	258	313	682	634	252	472	766	940	995	733	524	548
Mapk3_+_126759687.23-P1P2	Mapk3	2075	2715	2123	2624	2578	664	921	674	1463	692	1170	1604	1892	2602	2008	1238	1001
Sirt7_-_120624964.23-P1P2	Sirt7	1720	2265	1528	2008	1909	574	771	887	1371	386	899	1174	1776	1675	1494	1069	1115
Raf1_-_115676241.23-P1P2	Raf1	1818	1805	1697	2106	1902	550	852	747	1104	682	969	1480	2532	2056	1843	1252	1033
Vps13d_-_144974581.23-ENSMUST00000097796.2	Vps13d	1077	1395	919	1235	1531	432	576	619	555	355	500	1068	722	1414	680	575	753
Pon3_+_5256266.23-P1P2	Pon3	1410	1986	1686	1586	1750	456	600	661	999	477	881	1068	1218	1744	1266	684	921
Tnfrsf21_-_43016606.23-P1P2	Tnfrsf21	2596	2860	2685	3121	2701	815	1255	1309	1336	761	1471	2079	2140	2838	2078	1700	1529
Blvra_+_127080531.23-P2	Blvra_P2	1209	1481	1237	1656	1576	274	524	649	670	417	770	935	871	959	1089	767	844
Slc6a4_+_76998669.23-P2	Slc6a4_P2	1915	2946	1950	2718	2372	584	1172	953	1584	594	1005	1530	2466	2596	2345	1457	1133
Ndufa4_-_11907272.23-P1P2	Ndufa4	1542	2191	1329	2028	1846	492	876	832	984	305	1033	1003	1259	1578	1136	965	972
Elk1_-_20950527.23-P1P2	Elk1	1721	1789	1164	2015	1465	516	630	686	1135	361	402	1089	1317	1692	1271	973	755
Rac1_-_143527951.23-P1P2	Rac1	1700	1830	1082	1864	2019	548	725	686	1278	484	896	1117	1726	1904	1189	820	839
Atg7_-_114643147.23-P1P2	Atg7	2189	3409	2435	3348	3022	683	1047	1268	1677	757	1291	1899	2006	2374	1511	1560	1736
Naglu_+_101070337.23-P1P2	Naglu	1365	2292	1983	2287	1632	554	735	657	1308	619	902	1072	1283	1887	1207	988	925
Il33_-_29925199.23-P1P2	Il33	1955	2084	1384	2315	2174	469	840	884	1672	607	785	1286	1839	2543	1517	1320	1371
Map3k10_+_27674535.23-P1P2	Map3k10	1348	1561	1487	1511	1683	362	678	823	1035	335	429	1091	1444	1603	1198	716	664
Slc25a5_-_36796073.23-P1P2	Slc25a5	983	1031	1000	1297	950	306	522	713	551	322	729	519	727	1049	804	554	513
Gm2a_+_55098142.23-P1P2	Gm2a	2940	3638	3452	3828	3259	914	1655	1261	2093	902	1258	1916	2618	3306	2556	2093	1972
Pvalb_-_78203958.23-P2	Pvalb_P2	1197	1261	943	1500	1827	327	497	482	724	410	618	688	1020	1292	974	691	716
Sncg_+_34374495.23-P1P2	Sncg	755	868	815	1066	934	168	390	301	677	265	426	630	729	972	339	537	529
Plcg1_+_160731324.23-P1P2	Plcg1	1200	1705	1604	1758	1629	492	539	1036	1201	329	1087	1286	1335	1719	1021	1038	923
Surf1_-_26916300.23-P1P2	Surf1	2094	2534	1714	2692	2129	664	864	924	1279	642	1531	1279	2110	2076	1950	1515	1327
Ndufs5_+_123718182.23-P1P2	Ndufs5	1421	2171	1328	2450	3185	556	996	928	1455	470	1106	1301	1833	1971	1555	1122	1216
Ddah1_-_145758805.23-P1P2	Ddah1	2649	2776	1835	2875	2997	722	1283	977	1722	556	1352	1640	2201	2365	2005	1119	1461
Cant1_-_118418899.23-P1P2	Cant1	970	1602	1465	1704	1483	416	594	511	860	376	562	1217	1160	1283	875	625	826
Serpina3i_-_104263119.23-P1P2	Serpina3i	1362	1723	1804	2424	1878	509	560	596	1222	621	1212	1110	1929	1981	1640	1196	1531
Hgf_-_16553937.23-P1P2	Hgf	1829	1756	1490	1684	1625	579	633	562	816	456	781	999	1579	2146	1178	1092	1157
Mapk13_+_28769370.23-P1P2	Mapk13	2579	2537	2187	2949	2339	598	1052	1060	1604	785	1228	1424	1844	2379	1521	1439	1450
Il1b_+_129371096.23-P1P2	Il1b	1496	2026	1338	1991	1523	488	674	566	1168	566	639	964	1398	1672	1262	969	757
Irs1_-_82291096.23-P1P2	Irs1	1466	1957	1442	2156	1648	471	637	684	996	527	893	1279	1530	1563	1091	804	703
Kif5c_-_49619318.23-P1P2	Kif5c	1301	1708	1437	1972	1521	389	652	491	931	370	536	778	1490	1638	990	851	915
Dbn1_-_55488018.23-P1P2	Dbn1	1881	2647	2079	2983	2760	711	1039	571	1235	708	1132	1288	1801	2587	1484	1685	1408
Zap70_-_36761874.23-P1P2	Zap70	1130	1411	840	1750	1015	277	517	553	879	381	557	766	1188	1652	1147	657	643
Gdap2_-_100162691.23-P1P2	Gdap2	750	1101	889	1532	1121	306	373	343	532	195	608	423	912	1126	647	566	728
Vps53_-_76179588.23-P1P2	Vps53	1532	1713	1561	2089	1135	406	609	600	871	410	716	670	1508	1114	1045	820	738
S100b_-_76253958.23-P1P2	S100b	1504	1980	1804	1993	1774	403	757	795	991	385	855	863	1514	1693	1417	1153	1027
Dock2_+_34783795.23-P1P2	Dock2	1493	1910	1669	1933	1878	490	858	777	1183	505	611	906	1589	1910	1173	1081	1092
Ahsg_+_22892050.23-P1P2	Ahsg	2386	2535	2252	2761	2902	528	1031	1253	1728	707	1154	1633	2355	2583	1471	1254	1356
Cdk5_+_24423534.23-P1P2	Cdk5	1885	2213	1695	2119	2433	613	684	1047	1125	528	984	1227	1593	1550	996	1112	1041
Uqcr10_+_4704318.23-P1P2	Uqcr10	1123	1547	1504	1849	1026	395	588	535	857	402	633	935	1312	1678	864	828	790
Ntrk2_+_58807921.23-P1P2	Ntrk2	1799	2209	1874	2543	2520	558	975	845	973	506	1469	1247	1629	2311	1503	1103	1422
Ang6_+_44002193.23-ENSMUST00000096869.2	Ang6	1363	1163	1152	1066	1350	416	467	482	703	245	503	660	1015	1001	882	490	602
Atm_+_53536647.23-P1P2	Atm	2635	3420	2366	3704	3001	898	1164	922	1718	805	1499	1281	2591	2850	2280	1433	1677
Sgcg_+_61258388.23-P1P2	Sgcg	556	1105	906	1192	1205	225	487	433	752	368	469	533	871	1291	901	710	591
Ndufs2_+_171247051.23-P1	Ndufs2_P1	2723	3263	2967	3244	2516	898	1106	977	1491	725	1371	1495	1643	1869	1587	1268	1388
Nr1h2_-_44553541.23-P1P2	Nr1h2	1411	1788	1441	1670	1207	346	698	679	852	441	883	772	1635	1447	1262	777	661
Il6_+_30013382.23-P1P2	Il6	1517	1610	1524	2143	1742	575	806	763	1131	379	832	1050	1551	1530	1297	1053	1223
Uqcrq_+_53430764.23-P1P2	Uqcrq	1317	1908	1385	1667	1641	294	719	694	1085	374	583	872	1619	1487	1053	941	863
Hsf1_-_76477460.23-P1P2	Hsf1	3007	3957	3368	4513	3364	1062	1659	1378	2459	1017	1272	2163	3104	2821	2100	1849	2161
Egr2_+_67535580.23-P2	Egr2_P2	1349	1858	1555	1291	1747	295	802	426	974	376	842	809	967	1565	1085	797	811
Dnah14_+_181741104.23-ENSMUST00000160345.1	Dnah14	604	809	383	781	704	196	326	261	496	114	399	398	518	552	375	339	325
Tlr2_+_83841514.23-P1P2	Tlr2	1284	1680	1530	1779	1726	477	567	714	659	403	428	682	1693	1377	1039	768	861
Vim_+_13574365.23-P1P2	Vim	831	1104	683	1346	1182	261	337	382	683	347	458	754	885	919	828	509	602
Pum1_-_130663402.23-P1P2	Pum1	2070	2182	1472	2702	2248	880	1006	1091	1374	641	964	1501	1997	1994	1784	1302	1266
Tpp1_+_105752151.23-P1P2	Tpp1	915	1704	1554	1503	1626	463	634	701	816	277	576	762	1314	1627	891	920	848
Gstm1_-_108017745.23-P1P2	Gstm1	1880	2247	2089	2225	2439	549	844	819	1087	540	972	1497	1561	1845	1242	1082	1198
Oxr1_-_41788883.23-ENSMUST00000170127.1	Oxr1	2271	3113	2738	3292	2737	777	1219	1382	1928	781	1226	1677	2405	2654	1987	1773	1718
Dpp6_-_27049440.23-P2	Dpp6_P2	2745	3257	2610	3351	3530	1047	1316	1209	1710	752	1279	1367	2527	2840	1785	1786	1745
Btn1a1_-_23465644.23-P1P2	Btn1a1	1308	1401	849	1324	1375	344	471	463	988	254	621	757	702	1047	668	509	496
Frat2_-_41848066.23-P1P2	Frat2	1611	2342	1822	2221	2334	573	870	1126	1100	504	909	1190	1676	2009	1387	1044	1412
Fgd4_+_16600037.23-P1P2	Fgd4	1476	1890	1837	2349	2058	587	692	1019	1248	370	696	1362	1265	2045	1305	1125	1105
Cntf_-_12765355.23-P1P2	Cntf	2054	2902	2125	3049	2435	686	1026	771	1138	656	1241	2021	2208	2132	1347	1353	1434
Ube3a_-_59228830.23-P1P2	Ube3a	2128	2431	1661	2103	1782	405	524	889	1146	490	779	1039	1995	2014	1254	1306	1173
Mapk3_-_126759808.23-P1P2	Mapk3	2067	2775	2268	2932	2664	813	1022	855	1392	853	1293	1790	2278	2560	1893	1500	1502
Sirt5_-_43365726.23-P1P2	Sirt5	2115	2628	1873	3135	2671	757	1090	1414	1666	664	1375	1383	2440	3026	2083	1569	1361
Apc_-_34220977.23-P1	Apc_P1	1812	2550	1956	2594	2104	674	916	1179	1727	615	943	1402	1561	2367	1587	1273	1294
Entpd1_-_40659854.23-P1P2	Entpd1	1327	1738	1195	1801	1455	439	668	469	904	229	751	679	1182	1750	1158	955	929
Srrm2_-_23803263.23-P1P2	Srrm2	1105	1473	1529	1682	1265	239	673	488	894	429	702	1087	1031	1249	777	749	799
Vamp1_+_125215591.23-P1	Vamp1_P1	1120	1311	698	1400	1306	286	436	471	826	293	423	349	1089	1214	858	599	698
Tnf_-_35201750.23-P1P2	Tnf	2162	2099	1650	2098	2323	424	738	827	939	531	792	888	1752	2143	1503	1134	1025
Lmnb1_-_56707753.23-P1P2	Lmnb1	1482	1935	1801	2195	2018	679	959	779	1298	563	879	1674	1877	1665	1292	1422	1163
Gpr37_-_25689806.23-P1P2	Gpr37	2050	2314	2004	2505	2357	484	930	1112	1246	629	858	1820	1881	2398	1767	1214	1453
Apc2_+_80301063.23-P1	Apc2_P1	1588	1984	1321	2416	1620	711	684	528	1029	479	944	1269	1621	1598	1351	1100	1162
Serpina1e_-_103958458.23-P2	Serpina1e_P2	1909	2126	1772	2372	1997	609	966	1147	1266	555	1190	1587	1859	2422	1509	1078	1211
Jund_-_70698968.23-P1P2	Jund	2645	3688	2538	3159	3528	901	1413	1190	2189	991	1648	1995	2401	3008	2396	1774	1867
Gstm2_-_107986400.23-P1P2	Gstm2	1221	1378	1239	1336	1380	297	492	759	1086	365	850	700	895	1555	906	838	819
Psma6_+_55398913.23-P1P2	Psma6	1077	1643	1124	2325	1826	514	669	881	863	543	1109	1084	1783	1877	1080	1066	1014
Psmd4_+_95042545.23-P1P2	Psmd4	2009	2509	1838	2294	2111	601	561	468	1189	534	1007	927	1626	1969	1591	1167	1097
Cant1_+_118418963.23-P1P2	Cant1	1003	1020	1288	1757	1200	377	517	532	720	299	390	841	1658	1329	947	964	554
Entpd1_+_40659838.23-P1P2	Entpd1	537	729	652	807	671	164	384	346	270	210	514	612	648	917	535	373	510
Ang4_+_51773531.23-P1P2	Ang4	1913	2354	2049	2703	2253	642	703	765	1160	620	1224	1282	1569	1867	1804	1289	1288
Itgam_-_128062902.23-P1P2	Itgam	1356	1663	1832	2257	1823	655	715	910	1448	525	841	1473	1631	2077	1400	905	1192
Ostm1_+_42678976.23-P1P2	Ostm1	1951	2368	1674	2199	1809	519	814	455	957	421	792	1512	1369	1488	990	695	684
Calml4_-_62858172.23-P1P2	Calml4	2651	2967	1946	2701	2404	745	886	942	1566	601	984	1465	2231	2467	1696	1530	1628
Zfp597_-_3884460.23-P1P2	Zfp597	2381	2492	2316	3002	3480	914	960	1125	1442	664	1280	1683	2101	2537	1980	1654	1305
Sgsm3_-_80977865.23-P1P2	Sgsm3	2439	2595	2383	2512	2243	551	908	803	1472	673	1031	1272	2099	2351	1601	1483	1242
Uchl3_+_101654249.23-P1P2	Uchl3	1845	2544	2104	2977	2427	680	1084	961	1441	590	1347	2155	2690	2580	1510	1222	1590
Sbf2_+_110614850.23-P1P2	Sbf2	2451	3867	2700	3803	3094	960	1212	1082	1584	557	1370	1955	2524	2432	1935	1741	1390
Gja6_-_160906915.23-P1P2	Gja6	857	1390	926	1359	1191	236	462	466	692	363	563	574	1140	1015	1182	704	674
Wfs1_+_36988955.23-P1P2	Wfs1	1479	1360	778	1839	1646	398	639	632	1078	479	675	942	1140	1580	940	855	715
Chek2_+_110840031.23-P1P2	Chek2	1893	1943	1476	2041	1581	480	489	619	1095	502	772	1121	1276	1628	1261	790	916
Capn1_-_6015527.23-P1P2	Capn1	2653	3331	2497	2968	2918	686	1064	1020	1685	620	1500	1352	2328	3047	1894	1896	1531
Sirt1_+_63338993.23-P1P2	Sirt1	1329	1982	1253	1667	1836	460	651	622	909	387	499	992	1211	1723	1389	1043	930
Eif4g1_+_20672882.23-P1P2	Eif4g1	1948	2421	2055	2540	3019	654	1074	1076	1413	788	1127	1568	2500	2693	1543	1516	1366
Uqcrfs1_-_30545325.23-P1P2	Uqcrfs1	1719	1791	1133	2147	1794	596	740	552	1085	385	1052	918	1519	1515	1541	945	857
Dnah17_+_118129191.23-ENSMUST00000106308.3,ENSMUST00000084803.5	Dnah17	2027	2550	1794	2285	2054	510	954	932	1067	696	1085	1317	1583	2265	1274	1140	1167
Tdp1_-_99884552.23-P1P2	Tdp1	2027	2896	2658	3015	3020	797	971	1408	1622	640	1160	1565	2673	2457	1792	1107	1238
Ang_+_51091146.23-P2	Ang_P2	3150	2868	2724	3641	3266	762	1231	1117	2044	717	1837	1689	2496	3023	2381	1875	1838
Btn1a1_-_23465857.23-P1P2	Btn1a1	1283	1464	1174	1664	1543	383	697	596	659	445	559	1017	1157	1298	989	878	643
Chchd10_+_75935881.23-P1P2	Chchd10	2139	2634	2076	2556	2660	786	1089	1124	1779	672	964	1404	1935	2924	1820	1469	1368
Sptbn2_+_4711187.23-P1P2	Sptbn2	1370	1235	1298	1494	1272	399	510	437	604	399	464	1034	973	1063	1216	836	956
Rmdn1_+_19575246.23-P1P2	Rmdn1	1796	1847	2115	2432	2055	608	763	962	1624	550	1022	1217	1914	2217	1926	1201	1207
Uchl3_-_101654041.23-P1P2	Uchl3	2167	2544	2398	2741	3307	1012	1046	987	1886	622	1482	1556	2480	2859	1828	1843	1622
Tpp2_+_43934072.23-P1P2	Tpp2	1271	1831	1089	1618	1254	377	569	523	970	468	758	1046	1045	1178	1047	749	630
Cox4i2_+_152754202.23-P1P2	Cox4i2	1863	2185	2236	2538	2029	627	772	968	1253	601	658	1346	1608	2073	1345	1243	1258
Neurog2_-_127633180.23-P1P2	Neurog2	2740	3026	2359	3486	2753	755	1013	1184	1645	695	1465	1868	2663	2924	1864	1710	1423
Ang_-_51091157.23-P2	Ang_P2	1402	1663	1347	2202	1347	378	895	886	937	394	840	1565	1480	1399	1184	1013	772
Gaa_-_119268100.23-P1P2	Gaa	3419	4064	2962	3772	3226	914	1267	1589	2125	1028	1334	1738	2899	3432	2277	2141	1827
Grin2d_+_45870842.23-P2	Grin2d_P2	2114	2549	2379	2633	2155	740	1012	889	1487	555	1080	1538	2324	2272	1328	1417	1418
Serpina1d_-_103773106.23-P1P2	Serpina1d	2859	3544	2622	3540	3215	1056	1476	1428	2054	897	1399	2046	2706	3456	2237	2047	1709
Taf1_+_101532868.23-P1P2	Taf1	1061	1450	1009	1571	1409	198	408	387	557	206	386	434	727	576	731	607	459
Ndufa2_+_36744475.23-P1P2	Ndufa2	2045	2745	2145	2886	2285	554	670	759	1180	722	1005	903	1511	1973	1316	1093	1198
Htr1a_+_105444026.23-P1P2	Htr1a	1842	2443	1742	2723	2482	705	960	1194	1520	566	642	1591	1670	2328	1739	1218	1005
Actb_-_142906657.23-P1	Actb_P1	1534	1912	1895	1919	1789	510	816	690	1328	393	1014	1197	1766	1755	1196	1105	932
Ryr1_-_29125141.23-P1P2	Ryr1	1305	1604	1311	1819	1603	527	672	385	1053	487	625	1157	1404	1661	1302	1028	1013
Kif1a_-_93101801.23-P1P2	Kif1a	3577	3544	2991	4903	3340	1110	1281	1406	2004	1129	1823	2442	3219	3580	2854	2242	2081
Cyp27a1_-_74713765.23-P1P2	Cyp27a1	1442	1185	1252	1456	1388	371	584	457	804	485	531	630	1000	1391	1082	705	904
Hmox1_+_75093657.23-P1P2	Hmox1	1989	2268	1942	2392	2869	597	1195	797	1645	641	969	2027	2186	2553	1642	1408	1409
Cabin1_+_75764297.23-P1P2	Cabin1	1973	2191	2007	1999	1804	538	798	725	1348	604	935	1237	1958	1964	1541	1417	1026
Unc5c_-_141465681.23-P1P2	Unc5c	2023	2411	1872	2596	2598	542	1129	959	1473	701	994	1294	2284	2389	1618	1432	1135
Mad2l1bp_-_46153447.23-P1P2	Mad2l1bp	840	1019	1119	1531	1204	240	455	546	653	374	606	876	799	1102	880	864	655
Prnp_+_131909970.23-P1P2	Prnp	1059	1716	1399	1968	1612	399	774	601	772	443	682	886	1191	1427	1113	746	833
Ubqln2_-_153498227.23-P1P2	Ubqln2	2040	2494	2201	2374	1970	459	1054	593	967	513	828	1166	2199	1958	1582	1119	998
Clp1_-_84727294.23-P1P2	Clp1	2450	3220	2303	3178	2538	797	1103	1168	1560	824	1168	1561	2228	2514	1834	1682	1448
Tecpr2_+_110889276.23-P1P2	Tecpr2	1751	1877	1377	2114	1928	433	782	647	1059	481	581	831	1441	1702	1265	842	949
Chrm1_+_8664151.23-P1P2	Chrm1	1054	1294	1023	1375	1620	448	595	407	1015	298	505	868	747	1270	1007	692	724
Dst_-_34011618.23-P1P2	Dst	4545	3909	3334	5303	4352	1184	1939	1517	2480	1020	2409	2747	3670	4527	2878	2363	2178
Txnrd1_-_82859264.23-P1P2	Txnrd1	2039	2679	2595	2588	2508	717	1074	924	1190	691	1569	1383	2340	2445	1789	1268	1407
Ndufb4_+_37654404.23-P1P2	Ndufb4	1903	2167	1518	2654	2018	539	825	990	1441	735	802	1289	1647	2209	1194	1122	1290
Syt1_-_109010685.23-P1P2	Syt1	2136	2878	2165	3546	2536	864	948	950	1355	655	1179	1356	2185	2346	1456	1381	1367
Apc_+_34220978.23-P1	Apc_P1	1267	1900	1503	2164	1887	605	669	770	1090	498	945	1331	1608	1797	1690	971	1001
Ndufa3_+_3617574.23-P1P2	Ndufa3	900	965	915	1687	901	219	471	476	763	212	615	854	727	990	988	548	556
Cdca5_-_6085168.23-P1P2	Cdca5	1475	1697	1220	2094	1599	419	579	775	970	370	762	887	1651	1467	1234	776	845
1700013F07Rik_+_108537583.23-P1P2	1700013F07Rik	2252	2933	1882	2839	2282	631	1080	1212	1333	587	1058	1449	1996	2028	1637	1156	1358
Ins2_-_142699459.23-P2	Ins2_P2	1660	1925	2077	2052	2087	474	735	639	1585	401	1071	1161	1564	2042	1643	1214	1123
Psmc5_-_106256193.23-P1P2	Psmc5	1388	1354	1532	1685	1220	265	390	442	635	322	488	501	1133	1147	729	742	651
Tmed9_-_55593182.23-P1P2	Tmed9	798	1208	792	1171	946	193	460	489	566	355	494	1028	585	869	557	478	518
Abl1_+_31688565.23-P1P2	Abl1	2028	2794	2331	2930	2302	536	1055	824	1379	755	1091	1380	1660	2300	1469	1376	1279
Egr1_+_34861258.23-P1P2	Egr1	1386	1414	1046	1562	1431	457	575	728	668	388	682	743	1159	1096	1058	654	741
Gria4_+_4796223.23-P1P2	Gria4	1312	1399	870	1707	1162	291	470	432	683	346	564	760	1261	1331	1032	653	793
Kcnc3_-_44590701.23-ENSMUST00000107907.2	Kcnc3	1090	1899	1524	1814	1453	472	882	589	923	476	819	1084	1571	1653	1175	1021	923
Itpr2_-_146502148.23-P1P2	Itpr2	999	1386	1789	1928	1440	489	612	758	1210	512	783	1389	1464	2028	783	1012	824
Dkk1_+_30549479.23-P1P2	Dkk1	859	1255	1122	1252	1248	339	524	563	578	270	537	477	940	1087	848	567	485
Sos1_+_80480419.23-P1P2	Sos1	1394	2137	1970	1953	2035	371	894	737	1070	431	680	1064	1502	1993	1553	1219	1098
Hspb3_-_113663621.23-P1P2	Hspb3	1479	1712	1378	1709	1736	385	850	988	975	524	693	944	1521	1514	1084	935	974
Psmd12_-_107479532.23-P1P2	Psmd12	1559	1954	1684	2030	2233	595	691	650	1347	495	1097	1211	1345	2077	1373	1340	1201
Atp1a1_+_101604602.23-P1P2	Atp1a1	2057	2286	2172	3083	2388	549	966	903	1531	783	939	1437	1693	2505	2161	1226	1467
Fggy_+_95557513.23-P1	Fggy_P1	1379	1690	1385	1353	1493	529	660	648	1002	310	605	1014	1222	1321	1105	805	858
Pawr_+_108332174.23-P1P2	Pawr	2497	2904	2544	3370	2704	921	1304	1294	1620	617	1406	1766	2421	3035	1994	1358	1632
Lmnb2_-_80918162.23-P1P2	Lmnb2	2919	2844	2301	3338	2866	880	1030	1267	1910	751	1398	1895	2989	2851	2555	1715	1571
Ampd2_+_108086617.23-P1	Ampd2_P1	1160	1149	941	1173	1272	330	550	405	696	246	595	784	993	1208	837	622	567
Toe1_+_116807515.23-P1P2	Toe1	2674	3090	2340	3227	3459	496	1294	989	1485	652	1177	1716	1553	1900	1429	1008	1150
Psmb2_+_126677702.23-P1P2	Psmb2	2309	2387	2465	2670	3060	688	1008	1052	1318	613	1490	1771	2036	2366	1815	1389	1582
Hspa9_+_34954115.23-P1P2	Hspa9	1190	1716	1709	1725	1455	310	537	434	715	182	464	708	906	930	762	555	618
Ndufc1_-_51408724.23-P1P2	Ndufc1	2029	2386	2396	2971	2632	642	882	824	1317	597	1249	1155	1757	2867	1554	1307	1426
Coq7_+_118533287.23-P1P2	Coq7	1597	1812	1748	2087	2145	516	682	750	1457	599	816	1121	1578	1908	1210	1150	1208
Synj1_+_91011035.23-P1P2	Synj1	2128	2371	2104	2536	2716	635	1105	1132	1284	665	1492	1449	2456	2430	1816	1330	1691
Zfp629_-_127615187.23-P1P2	Zfp629	1192	1553	1302	1496	1597	432	577	442	1078	371	676	1050	1276	1244	896	671	856
Sdhb_-_140961410.23-P1P2	Sdhb	1616	1983	1835	2459	1781	415	548	721	1274	481	690	1327	1604	1586	1290	1049	1084
Ddhd2_-_25754369.23-P1P2	Ddhd2	1630	1920	1492	1915	1699	617	740	1002	1170	443	994	994	1524	1656	1451	1013	1019
Pld3_+_27553035.23-P2	Pld3_P2	2105	2241	1745	3148	2697	741	1155	925	1678	707	1205	1731	2247	2638	1910	1188	1259
Gsn_+_35282461.23-P2	Gsn_P2	1652	1800	1569	1967	1975	502	579	781	1256	501	647	1001	1644	1848	1301	1024	1140
Dnah7c_+_46609149.23-ENSMUST00000178395.1	Dnah7c	1369	1544	1500	1708	1445	327	781	632	874	430	988	867	1555	1613	1445	1024	1073
Mrc1_-_14229444.23-P1P2	Mrc1	1986	2102	1874	2404	2297	485	878	591	1164	658	1262	854	1890	2255	1710	1318	1255
Exosc9_+_36552657.23-P1P2	Exosc9	1789	2689	1840	2380	1277	219	441	431	687	468	388	562	484	554	393	318	395
Ndufc2_-_97400106.23-P1P2	Ndufc2	1870	2611	2184	2327	2224	700	746	837	1422	655	901	1341	1458	2103	1076	1071	1133
Nlrp3_-_59541852.23-P1	Nlrp3_P1	1474	1630	1569	1432	1756	482	702	643	1072	535	1113	992	1288	2041	908	1004	995
Slc52a2_+_76538885.23-P1P2	Slc52a2	2234	2709	2041	3252	3031	860	1194	895	1549	687	968	2126	1975	2859	1635	1446	1500
Pmp2_+_10197144.23-P1P2	Pmp2	996	1499	1195	1702	1452	255	549	586	808	401	636	725	1026	1623	742	638	742
Rhoa_+_108306837.23-P1P2	Rhoa	1605	2045	1577	1794	1837	458	606	651	996	332	719	990	1583	1734	914	749	1144
Ndufa4_+_11907457.23-P1P2	Ndufa4	2366	2554	2317	3069	3162	706	989	973	1473	727	1325	1800	2313	2648	2107	1667	1524
Ucp2_-_100498187.23-P2	Ucp2_P2	1732	1725	1629	2168	1655	606	825	605	984	378	1007	741	1278	1651	1660	879	1080
Lox_+_52529537.23-P1P2	Lox	1242	1293	1130	1557	1824	346	615	918	1027	361	1062	697	1219	1448	1262	1043	971
Nek1_+_60993277.23-P1P2	Nek1	2480	3619	2887	3698	2849	944	1210	1612	2001	707	1472	1657	2559	2623	2907	2201	1680
Qprt_-_127121979.23-P1P2	Qprt	2066	2689	2113	2783	2084	590	948	763	1808	688	1203	1347	2150	2192	1742	1275	1293
Actb_+_142905682.23-P2	Actb_P2	1970	3274	2777	3191	2992	902	977	1165	1746	731	951	1785	2873	2816	1559	1725	1897
Mapk10_-_103211298.23-P1P2	Mapk10	1602	2725	1795	2670	2140	537	1045	994	1355	574	1075	999	1761	2387	1509	1346	1252
Fus_+_127967484.23-P1P2	Fus	2651	3155	2795	3690	3299	1039	1230	1518	1560	764	1704	2204	2667	3321	2534	1830	1671
Necab1_-_15148949.23-P1P2	Necab1	2435	2706	2393	3293	2711	684	959	891	1632	852	1515	1974	2039	2760	1971	1469	1300
Csf1r_+_61105864.23-P1P2	Csf1r	2051	2228	2074	2243	1486	514	660	633	1087	546	689	1127	1444	1860	1344	1268	1088
Endou_-_97730910.23-P2	Endou_P2	1374	1671	1007	1624	1353	346	631	476	990	466	904	833	1417	1554	949	996	900
Surf1_+_26916283.23-P1P2	Surf1	1489	2101	1908	2516	2002	588	774	1185	866	662	1174	1507	1955	2376	1364	998	1279
Ndufab1_+_122101643.23-P1P2	Ndufab1	1680	2428	1882	1836	2467	739	794	851	1148	498	908	1110	1878	1647	1100	1104	1081
Itpr3_-_27057701.23-P1P2	Itpr3	1775	2299	1546	2243	1924	680	784	773	1262	559	991	1203	1817	2029	1315	1398	1288
Dnah10_+_124725123.23-P1P2	Dnah10	3522	4593	3211	4623	3803	1254	1551	1937	2678	1141	2106	2680	3393	3993	2647	1920	2213
Ern1_-_106487788.23-P1P2	Ern1	2185	2606	1658	2481	2735	597	840	902	1474	573	1210	1591	1981	2379	1763	1172	1347
Upk3b_+_136038760.23-P1P2	Upk3b	2111	1906	1514	1730	1883	603	798	858	1328	439	851	1102	1379	1750	1183	1072	788
Derl1_-_57892108.23-P1P2	Derl1	1975	2896	1941	2635	2685	597	1011	719	1921	647	1138	1940	2149	2272	1571	1396	1217
Ulk1_+_110810005.23-P1P2	Ulk1	2011	2430	1715	2270	1776	539	812	840	1275	581	955	1142	1719	2061	1697	808	1194
Fat2_-_55336616.23-P1P2	Fat2	1911	2137	1922	2865	2219	431	832	955	1567	510	1083	1480	1601	2035	1643	1205	1155
Cyp2d26_+_82794179.23-P1P2	Cyp2d26	1626	1871	1383	2249	2153	434	721	732	1024	448	840	1097	1274	1666	1193	922	958
Abca1_-_53159479.23-P1P2	Abca1	2993	3294	2668	4234	3787	902	1330	1314	2432	993	1842	2266	2709	3590	2408	1944	2247
Smurf2_-_106920641.23-P1P2	Smurf2	2955	3655	2301	3488	3090	868	1405	1412	2168	808	1834	2184	2829	3064	2486	1783	1613
Abca1_+_53159837.23-P1P2	Abca1	862	927	1031	1122	1316	342	427	323	336	297	406	717	857	890	901	513	524
Tmem106b_+_13069836.23-P1P2	Tmem106b	1975	2597	2121	2320	2626	519	1107	1139	1832	737	1411	1769	2293	2841	1936	1618	1510
Dnah7b_-_46066856.23-P1P2	Dnah7b	372	409	406	509	468	151	315	253	280	143	378	274	393	601	439	365	313
Rela_-_5637846.23-P1P2	Rela	1812	1700	1681	2114	1925	577	887	897	1045	541	1154	1223	1704	2001	1328	992	1124
Rreb1_-_37826062.23-P1P2	Rreb1	1602	2266	1497	2333	1840	639	793	864	1067	512	1275	966	1846	2157	1451	1311	953
Bcl2l1_-_152830428.23-P1	Bcl2l1_P1	2473	3516	2945	3259	2951	739	1379	1274	1836	902	1439	1644	2811	3354	2099	1865	1654
Foxo3_+_42276682.23-P1P2	Foxo3	1512	2140	1502	1823	1664	569	509	908	1358	433	706	1221	2276	1600	1169	909	845
Hexb_+_97197989.23-P1P2	Hexb	561	768	712	793	815	218	339	290	525	202	449	529	457	661	523	372	404
non-targeting_02363	non-targeting	1453	1936	1987	2115	2218	444	662	794	1243	528	799	1820	1409	1663	1469	1322	1030
Optn_-_5064000.23-P1P2	Optn	1002	1239	1005	1390	1239	282	417	608	947	343	655	936	923	1062	711	698	542
Rab39b_-_75578191.23-P1P2	Rab39b	1506	2220	1241	2204	1635	405	706	678	916	368	869	718	1548	1429	1194	975	762
Hspa4_-_53300423.23-P1P2	Hspa4	1801	2145	1279	2280	1963	645	763	806	1229	533	1145	1126	2018	2451	1273	1149	1266
Map2k5_+_63377633.23-P1P2	Map2k5	1310	1426	1158	2074	1693	417	669	670	988	411	819	1102	1479	1456	1241	918	852
Ube2l3_+_17201287.23-P1P2	Ube2l3	1448	2448	1582	2344	1692	703	878	809	1180	452	973	1291	1687	2135	1756	957	1135
Ftl1_-_45459848.23-P1P2	Ftl1	1625	1568	1134	1908	1706	405	726	896	1011	362	762	1073	1089	1618	1133	990	923
Plcb4_-_135741886.23-ENSMUST00000110109.1	Plcb4	1246	1353	1361	1576	1604	461	562	877	1000	380	494	1217	1089	1779	1229	902	1111
Ogt_-_101640301.23-P1P2	Ogt	2168	2710	2089	3049	2525	684	951	1488	1328	772	1117	1588	1931	2527	1252	1484	1107
Daxx_+_33909577.23-P1P2	Daxx	575	1066	898	1087	1187	127	499	545	519	254	537	581	691	1105	691	735	559
Ptpn13_+_103425281.23-P1P2	Ptpn13	1247	1015	1461	1384	1828	374	608	378	1018	287	771	805	1242	1254	836	629	718
Camk2g_-_20793985.23-P1P2	Camk2g	2197	3168	2361	3305	2955	867	1263	1262	1852	740	1082	1840	2738	2647	1947	1677	1310
Gtf2h1_-_46796163.23-P1P2	Gtf2h1	1729	1815	1756	2488	1719	448	593	568	687	490	946	719	1318	1562	1011	934	809
Shh_+_28466848.23-P1P2	Shh	1143	1603	1133	1810	1353	479	645	547	990	367	731	890	1514	1851	1116	859	843
Ndufb10_-_24724401.23-P1P2	Ndufb10	4227	5287	4299	5105	4682	1171	1882	1835	2762	1181	1889	2913	4225	4465	2691	2496	2034
Vps41_-_18717318.23-P1P2	Vps41	2148	2747	2458	2253	2127	623	927	1041	1172	485	1456	1392	1996	2281	1675	1148	1085
Ireb2_+_54863776.23-P1P2	Ireb2	2194	3733	2544	3243	3243	938	1478	909	2020	731	1630	1636	2793	3125	2595	1843	1768
Sirt6_+_81627573.23-P1P2	Sirt6	1627	1875	1859	2358	1743	645	749	805	1229	528	1073	1422	1782	1770	1315	1045	1124
Vip_-_5639264.23-P1P2	Vip	1468	2151	1309	1440	1627	363	590	758	1059	424	824	709	1177	1302	1237	775	845
Gsto1_+_47855275.23-P1P2	Gsto1	1218	1440	1481	1475	1279	321	666	652	985	511	830	1055	1357	1433	1421	625	843
Atp5a1_+_77773998.23-P1P2	Atp5a1	1899	2091	1773	1988	1548	392	709	968	1089	554	863	961	1274	2121	1245	943	893
Oprd1_+_132144503.23-P1P2	Oprd1	1407	1974	1714	2006	1813	385	751	922	1246	513	1042	1104	1621	1701	1452	906	1081
Ttbk2_+_120850338.23-P1P2	Ttbk2	1380	2482	1676	2095	1688	457	753	676	1002	367	658	927	1602	1734	1364	1217	849
Sgcg_+_61258363.23-P1P2	Sgcg	2573	3000	3086	2615	3324	772	1225	809	1490	757	1398	1503	1922	2718	1857	1551	1579
Fth1_-_9982920.23-P1P2	Fth1	883	1033	1051	1459	978	274	449	373	569	217	483	703	802	1373	986	712	659
Trrap_-_144768321.23-P1P2	Trrap	2049	1927	2049	2455	2484	616	824	933	1278	570	1256	1566	1673	2111	1561	1528	1161
Dagla_+_10304853.23-P1P2	Dagla	1429	1999	1661	2361	1940	615	660	674	1026	471	949	1288	1557	1873	1000	1131	1079
Prps1_-_140456630.23-P1P2	Prps1	1035	866	1051	1624	1326	338	444	466	842	263	462	739	1417	1283	980	687	691
Vapb_+_173737620.23-P1P2	Vapb	1836	2137	1489	2284	1843	538	682	564	1656	411	1142	1129	1497	1817	1338	1156	1258
Atr_-_95857662.23-P1P2	Atr	1701	1931	1982	2309	2191	597	810	586	1278	512	837	1118	1250	1671	1188	1117	1037
Pik3cd_-_149698573.23-P1P2	Pik3cd	2495	3127	2747	3680	3708	862	1090	1206	1466	789	1410	1666	2382	2864	2168	1802	1642
Ocln_+_100552210.23-P1P2	Ocln	1519	1629	1318	2283	1845	508	718	582	1052	353	916	952	1323	1933	1437	1023	980
Prps1_-_140456698.23-P1P2	Prps1	1468	1547	1440	1702	1804	524	522	439	1030	418	645	956	1141	1541	1135	949	1055
Casp12_+_5345507.23-P1P2	Casp12	1861	2789	2237	2770	2710	919	1139	1150	1533	669	1312	1489	1979	2294	1317	1484	1597
Nek1_-_60993252.23-P1P2	Nek1	1703	2504	1717	2485	1810	673	782	966	1104	731	1221	958	1877	2098	1622	1276	1280
Gosr2_-_103697512.23-P1P2	Gosr2	1924	2829	1774	2512	1748	355	767	617	1008	427	642	1237	1173	1662	1278	981	981
Cryab_+_50753271.23-P1P2	Cryab	2322	2528	2444	3287	2585	689	1073	1193	1448	548	1112	1401	2307	2504	2117	1504	1784
Pou5f1_+_35506072.23-P1P2	Pou5f1	1435	1336	1316	1643	1682	499	635	683	1018	391	711	1068	1581	1454	1136	916	939
Msc_-_14755873.23-P1P2	Msc	1308	2009	1336	1685	1042	379	582	419	869	423	767	962	1403	1465	1262	1118	707
Kl_+_150952697.23-P1P2	Kl	1550	2319	1978	1853	1863	518	885	484	823	390	942	1361	1932	1941	1166	1034	1064
Vamp1_+_125215652.23-P1	Vamp1_P1	1531	2355	2437	2519	2177	515	970	829	1418	539	1159	1254	1573	2066	1769	1348	1261
Scp2_-_108118556.23-ENSMUST00000030340.8	Scp2	1666	1562	1422	1920	1634	352	678	482	977	396	738	948	1238	1671	1065	754	865
Cadm3_-_173367607.23-P1P2	Cadm3	1442	1593	1451	2158	1807	541	737	569	1254	423	834	1085	1234	1741	897	936	976
Kif20b_-_34922410.23-P1P2	Kif20b	1661	2151	1824	2134	1675	465	875	900	1111	494	756	1256	1634	1802	1343	1029	1227
Pld3_-_27542770.23-P1	Pld3_P1	1798	2541	2129	2084	2110	599	827	782	1222	540	1195	1509	2055	2206	1279	1330	998
Tead1_+_112679346.23-P1P2	Tead1	1551	1620	1184	2040	1959	409	795	729	1009	412	856	925	1794	1469	1217	972	871
Gstm1_+_108017727.23-P1P2	Gstm1	2397	3468	2510	3211	2642	632	1095	897	1574	742	1186	1753	2280	2556	1786	1655	1620
Atp5b_+_128083321.23-P1P2	Atp5b	1447	1650	1652	2009	1931	544	543	612	753	294	731	1113	1132	1674	932	924	949
Fzd8_+_9213231.23-ENSMUST00000041080.5	Fzd8	2568	3588	2257	3308	3043	934	1253	1124	1909	1086	1588	1927	3244	2749	2051	1888	1715
Mmp14_+_54431721.23-P1P2	Mmp14	2753	2594	2359	2872	1968	743	1153	1025	1486	722	1244	1571	2449	2700	1787	1252	1299
Agpat3_+_78352372.23-P1P2	Agpat3	2212	2825	1893	2693	2713	963	1052	1121	1421	581	1437	1877	1957	2564	1892	1109	1275
Mgst3_-_167393588.23-P1P2	Mgst3	1583	2455	1675	2507	1848	627	964	992	1231	604	1145	1243	1802	2184	1774	1079	966
Oxr1_+_41447313.23-ENSMUST00000110297.2,ENSMUST00000090096.4	Oxr1	1681	2134	1401	2444	2234	672	977	1029	1454	545	841	1585	1723	1946	1347	1112	1129
Tecpr2_-_110889336.23-P1P2	Tecpr2	1466	2677	2252	2760	2513	660	987	846	1356	586	958	1695	1936	2105	1590	1460	1389
Rims2_+_39198630.23-ENSMUST00000082054.5,ENSMUST00000042917.9	Rims2	1686	2485	2629	2621	1868	557	897	843	1583	602	1059	1299	2128	2162	1236	1154	1107
Dctn6_+_34108417.23-P1P2	Dctn6	1563	2646	1739	2835	2009	419	808	318	1152	596	763	1071	1602	1929	1938	1235	1072
Glrx_-_75839947.23-P1P2	Glrx	1719	2167	2199	2950	1929	659	1025	860	1307	591	1041	1602	2299	2142	2090	1303	1286
Rrm2_+_24708328.23-P1P2	Rrm2	2386	2967	2837	3278	2772	708	1045	1320	1670	743	1256	1367	2489	2988	1348	1188	1726
Ache_-_137288290.23-P1P2	Ache	2103	2624	2098	2840	2293	701	808	922	1671	653	1534	1322	1924	2538	1701	1446	1602
Csf2_+_54249610.23-P1P2	Csf2	1176	1584	1166	1731	1423	369	598	469	870	359	735	718	1036	1146	621	633	693
Wnt2b_-_104961648.23-P1P2	Wnt2b	1716	2470	1588	2438	2073	838	984	835	1181	704	1008	1664	1369	1913	1427	1179	1237
Lep_+_29060215.23-P1P2	Lep	2064	2182	2669	2640	2340	786	966	787	1355	811	1250	1216	2057	2443	1856	1573	1398
Cox6c_-_35938001.23-P1P2	Cox6c	1313	1164	1346	1474	1215	420	602	351	995	392	382	1072	1083	1562	939	898	725
Psap_-_60277737.23-P1P2	Psap	3001	3856	2859	3776	3455	781	1498	1279	2209	710	1375	1766	2984	3052	1929	1806	1878
Cbs_-_31637105.23-P1P2	Cbs	1373	1593	1221	1700	1992	310	703	584	1101	320	848	964	1315	1675	1094	784	930
Cisd2_-_135423374.23-P1P2	Cisd2	2310	2467	1714	2456	1706	440	751	1136	1194	517	969	1395	1964	2017	1467	1251	1354
Rho_-_115932011.23-P1P2	Rho	1765	2216	1995	2582	2020	652	726	692	1031	496	872	803	1871	1868	1350	1107	1194
Gm7030_+_36129111.23-P1P2	Gm7030	1889	2501	1583	2139	2454	706	843	628	1466	482	983	1499	2252	2204	1641	1106	1109
Fbxo7_-_86021910.23-P1P2	Fbxo7	2106	2516	1789	2493	1882	573	978	506	1386	707	1070	1557	2309	2189	1451	1156	1232
Dnajc3_+_118937933.23-P1P2	Dnajc3	1693	2384	1859	2421	2003	686	904	865	1438	497	820	1247	1829	2115	1341	1254	974
Inf2_-_112604217.23-P2	Inf2_P2	1493	2136	1696	1993	1970	514	1057	874	1016	542	1176	1422	1570	1681	1407	1343	1242
Hspa1a_-_34971592.23-P1P2	Hspa1a	1671	2032	1707	1617	1907	488	711	804	958	549	873	928	1411	1867	968	1104	884
Scarb1_-_125341031.23-P1P2	Scarb1	2160	2751	2606	2777	2339	696	880	1313	1421	627	1123	1687	2188	2037	1741	1417	1221
Kcnh4_+_100759460.23-P1P2	Kcnh4	1579	1819	1076	1996	1880	497	766	776	1434	561	669	1136	1696	1983	1761	1259	1135
Znhit3_-_84916275.23-P1P2	Znhit3	1079	1679	1402	1662	1477	314	604	739	981	431	868	1012	1333	1622	937	789	969
Wnt4_+_137277725.23-P1P2	Wnt4	2019	2905	2059	2533	2353	728	777	1000	1281	655	1008	1508	2104	2372	1388	1507	968
Zfp597_+_3884492.23-P1P2	Zfp597	2032	2831	1718	2566	2985	687	1060	1021	1406	537	1105	1016	1966	2082	1482	1286	1150
Pdha1_-_160138295.23-P1P2	Pdha1	1802	1883	1676	2321	1761	604	785	498	1047	315	1095	1241	1522	1094	1211	848	736
Anxa5_-_36475595.23-P1P2	Anxa5	2106	2339	1874	2715	2393	840	1148	879	1424	587	1443	1533	2136	2501	1660	1367	1294
Clu_-_65968688.23-P1	Clu_P1	1161	1794	1228	1743	1523	471	568	575	953	312	835	829	1751	1749	1032	930	734
Dcx_-_143932881.23-P1P2	Dcx	1575	1731	1846	1870	2137	610	777	807	1199	404	781	1391	1781	1727	1316	1014	1013
Tfcp2_-_100551760.23-P1P2	Tfcp2	1941	2958	2135	2171	2530	717	858	921	1297	592	1233	1488	1978	2621	1969	1276	1223
Pank2_-_131262807.23-P1P2	Pank2	1142	1573	1070	1412	1185	503	538	389	673	410	649	691	1183	1325	922	772	698
Prkca_+_108343679.23-P1P2	Prkca	1868	2287	1945	2423	1967	531	949	797	1298	656	964	1029	1889	1635	1644	1095	1273
Pkd2_-_104459595.23-P1P2	Pkd2	2520	4345	3374	3490	3502	1151	1254	1240	1695	946	1649	2359	2785	2767	2338	2070	1749
Folr1_-_101870723.23-P1	Folr1_P1	1348	1354	862	1517	1316	284	499	419	699	351	481	1102	899	1396	1032	659	752
Mmp14_+_54431640.23-P1P2	Mmp14	3090	3155	2617	4071	3371	710	1304	1276	1981	833	1611	2048	2620	2950	2224	1978	1787
Lcn2_+_32387563.23-P1P2	Lcn2	1919	2473	2140	2100	2061	468	902	1166	1033	487	950	1309	1420	1714	1353	1353	1218
Ube2j2_+_155944114.23-P1P2	Ube2j2	1654	2063	1321	2817	2286	744	1115	780	1282	660	1308	1462	1645	2326	1427	1415	1398
Tomm40_-_19715196.23-P1P2	Tomm40	1428	1788	1292	1712	1808	555	554	579	833	478	858	1027	1420	1716	1030	995	916
Gjb1_-_101377320.23-P1P2	Gjb1	1372	1983	1726	2058	2006	499	597	694	1094	707	1074	1152	1815	1627	1418	1367	1092
Tubb3_+_123411575.23-P1P2	Tubb3	1424	2115	1963	2399	2201	526	678	560	1136	496	945	1418	1521	1812	1762	1042	1166
Gdap2_+_100162537.23-P1P2	Gdap2	2008	2252	1885	2453	2338	568	851	857	1297	493	1080	1424	1679	2023	1145	1405	1305
Cyld_-_88697164.23-P1P2	Cyld	1291	1915	1193	1698	1591	545	572	578	999	450	760	934	1453	1236	1240	640	861
Rela_+_5637925.23-P1P2	Rela	1301	1513	1510	1770	2126	479	682	491	1202	421	841	1414	1421	1608	1320	844	882
Ogg1_-_113327009.23-P1P2	Ogg1	2185	2834	2238	2920	2507	680	1084	1190	1111	617	1258	1577	2357	2554	1831	1477	1217
Ttc19_-_62281498.23-P1P2	Ttc19	1232	1262	965	1753	1487	373	505	541	662	361	677	1003	1279	1249	810	967	759
Gstm6_-_107943678.23-P1P2	Gstm6	2499	2922	1607	3509	2893	720	1190	1234	2103	613	1289	1595	2408	2699	1855	1529	1387
Snca_-_60829244.23-P1P2	Snca	1782	3043	2336	2585	2073	676	973	1254	1318	621	1382	1592	2170	2405	1564	1299	1454
Ndufa13_+_69902830.23-P1P2	Ndufa13	2118	2161	1999	2486	2268	552	976	990	1398	628	1123	1501	1930	2372	1448	1175	1092
Sirt1_+_63338973.23-P1P2	Sirt1	1381	1786	1065	1867	1416	591	694	698	979	369	635	1203	1295	1702	954	880	968
Prx_-_27499365.23-P1	Prx_P1	1971	3106	2321	2982	2863	767	1019	1187	1598	916	1521	1705	2229	2916	2533	1725	1413
Psma2_+_14613362.23-P1P2	Psma2	2827	3187	2608	3487	2989	560	1187	1145	1511	838	1329	1522	2509	3141	2059	1722	1866
Wnt1_+_98790106.23-P1P2	Wnt1	1800	2911	2105	2910	2477	681	1136	1163	1805	799	1438	1488	2016	2793	1953	1532	1528
Gria2_-_80802659.23-P1P2	Gria2	1940	2443	1231	2261	2183	499	775	915	1314	667	799	1310	1796	2054	1143	872	995
Sgk1_+_21994709.23-P1P2	Sgk1	1257	2071	1544	1993	1443	461	633	598	850	374	1084	1090	1405	1822	1304	975	898
Bscl2_+_8837538.23-P2	Bscl2_P2	1747	2346	2149	2552	2404	436	923	689	1437	635	1029	1263	2032	2393	1464	1036	1043
Ube2l6_+_84798886.23-P1P2	Ube2l6	2428	3273	2723	3124	3491	820	1188	1282	1636	635	1568	1784	2699	2740	2320	1537	1744
Gstm6_-_107943724.23-P1P2	Gstm6	1680	2684	2237	3004	2227	599	1005	1392	1365	818	1240	1584	2108	2025	1748	1430	1421
Mapk9_-_49846860.23-P1P2	Mapk9	1998	2059	1824	2447	2333	531	1095	870	1491	714	1299	1678	1999	2211	1491	1254	1101
Pdyn_+_129699782.23-P1P2	Pdyn	2248	2383	2016	2404	1893	564	982	787	1240	510	1132	1370	2030	1905	1697	1414	1162
Fat2_+_55336542.23-P1P2	Fat2	1602	1933	1291	2115	1968	644	947	653	1356	446	930	1034	1586	1857	1393	959	1095
Ccdc88a_+_29373669.23-P1P2	Ccdc88a	2159	3194	2387	3164	3465	951	1292	1228	2117	831	1453	2134	2430	2491	1768	1704	1444
Ccdc88c_-_101028895.23-P1P2	Ccdc88c	2060	1918	2123	2063	2420	581	657	1067	1248	442	941	1268	1534	2170	1545	1265	1148
Rpgrip1_-_52110978.23-P1P2	Rpgrip1	899	1251	763	1374	923	394	470	380	719	422	560	466	756	1356	843	525	521
Kcnc3_+_44590741.23-ENSMUST00000107907.2	Kcnc3	1209	1744	1614	1466	1483	503	579	763	938	428	861	921	1719	1355	1223	1026	1072
Slc25a31_+_40708927.23-P1P2	Slc25a31	1495	1849	2275	2494	2065	561	957	837	1270	467	923	1322	1647	1988	1578	1478	1290
Msx2_+_53472706.23-P1P2	Msx2	2056	2414	2035	2531	2421	401	890	1176	1011	540	977	1416	1872	2220	1604	1167	1284
Ptges_-_30903203.23-P1	Ptges_P1	1273	1213	1467	1783	1101	333	519	719	681	424	726	963	978	1190	752	702	623
Hspb8_+_116422712.23-P1P2	Hspb8	609	475	357	734	524	170	202	263	383	182	298	435	550	643	392	229	335
Nr1h2_+_44553921.23-P1P2	Nr1h2	2172	2881	1883	2726	2528	610	880	1052	1181	568	747	1167	1473	2310	1463	1619	1507
Ccr2_-_124102195.23-P1P2	Ccr2	1137	1387	1308	1531	1600	385	673	851	1001	358	542	1054	1031	1416	815	1020	728
Hfe_-_23710745.23-P1P2	Hfe	1844	2505	1784	2371	1964	609	995	868	1457	671	993	1478	1945	1795	1870	1372	1293
Grn_+_102430501.23-P1P2	Grn	2198	2613	1896	3575	2461	747	1085	1381	1650	564	1475	1553	2746	3004	2352	1679	1613
Cacna1f_-_7607164.23-P1P2	Cacna1f	987	1600	1678	1743	1277	438	725	567	900	548	597	916	1146	1420	929	925	1023
Cat_-_103485045.23-P1P2	Cat	1347	2012	1372	1538	1979	517	788	505	1110	520	1117	940	1995	1398	1179	1077	705
Ndrg2_+_51913315.23-P1P2	Ndrg2	1548	2206	1942	2530	2384	460	830	925	1215	571	1136	1427	1338	2040	1446	1227	916
Wnt3a_+_59290510.23-P1P2	Wnt3a	1597	2174	1565	1712	1928	541	896	789	1102	511	728	1093	1805	1672	1133	1139	809
Elovl4_+_83806246.23-P1P2	Elovl4	1995	1823	1593	2169	2389	648	911	1031	1315	633	912	1224	1657	2081	1109	1018	974
Grid2_+_63256056.23-P1P2	Grid2	2798	3894	3199	4488	3501	1077	1536	1572	1920	941	1785	2336	2995	3286	2455	2120	1817
Cd200r4_-_44811824.23-P1P2	Cd200r4	1261	2066	1412	1872	1814	440	696	820	1045	698	547	809	1240	1723	1552	988	898
Il12a_+_68691437.23-P1P2	Il12a	2373	3064	1923	3159	2990	714	1241	1340	1731	789	1436	1553	2601	2323	2449	1662	1330
Pou5f1_+_35506091.23-P1P2	Pou5f1	1294	1915	1601	2101	1900	445	765	500	1245	392	891	1310	1272	1538	1267	1004	948
Vps13a_-_16780917.23-P1P2	Vps13a	4017	4112	3264	4610	4332	1288	1960	2114	2901	1092	1990	2157	3107	3983	3042	2289	2076
Epha8_+_136956533.23-P1P2	Epha8	1664	1725	1717	2212	2041	431	648	697	1135	349	702	927	1497	1366	940	1011	938
Psmb3_-_97703521.23-P1P2	Psmb3	1539	1902	1296	2175	1620	543	840	614	1279	436	656	1505	1420	1900	1150	1104	913
Dvl3_+_20517133.23-P1P2	Dvl3	1024	1288	1001	1221	1393	349	363	442	789	328	596	639	867	1381	754	607	571
Dvl1_+_155847508.23-P1P2	Dvl1	1073	1460	1336	1763	1213	448	519	511	1061	336	740	749	1302	1621	1344	863	870
Nfkb1_+_135691455.23-P1P2	Nfkb1	2423	2903	2365	3048	2177	613	868	800	1488	749	1258	1481	2060	2462	2347	1578	1510
Grm1_+_11082299.23-P1P2	Grm1	2221	3141	2344	3318	2887	766	1015	1337	1853	754	1340	1204	2208	2707	1753	1356	1511
Chek2_-_110840063.23-P1P2	Chek2	2232	2877	2307	2831	3153	683	1175	1046	1727	720	1034	1480	2133	2706	2044	1641	1434
Ubb_-_62551514.23-P1P2	Ubb	1255	1348	1443	1841	1036	446	547	482	951	235	645	1147	1118	1441	776	866	681
Sepsecs_-_52669682.23-P1P2	Sepsecs	961	1511	1154	1289	1461	343	575	606	712	234	411	541	783	765	959	531	486
Cetn1_-_9619445.23-P1P2	Cetn1	1715	1967	1400	2138	2371	341	817	861	1143	426	739	966	1739	1590	1476	1090	854
Wnt16_-_22288259.23-P1P2	Wnt16	1024	1340	1243	1443	1328	429	456	428	907	294	733	845	1061	1229	1180	795	856
Lamp1_-_13159452.23-P1P2	Lamp1	2126	3142	2234	3348	2322	647	1001	1057	1707	700	1204	1769	1796	2558	2131	1634	1575
Tuba1a_-_98953483.23-P1P2	Tuba1a	2121	2160	1837	2371	2514	736	990	767	1911	637	1115	1486	1857	2264	1379	1359	1121
Mtpap_+_4375823.23-P1P2	Mtpap	2321	3075	2327	2865	2986	685	1012	1136	1409	938	1237	1412	2466	2432	1804	1291	1426
Vamp2_+_69088545.23-P1P2	Vamp2	1878	2602	2066	2346	2201	660	783	1089	1241	598	1113	1157	1897	2150	1696	1412	1304
Coq2_+_100674224.23-P1P2	Coq2	3187	3473	3327	3927	3890	732	1422	1444	2175	988	1973	2120	3286	3400	2117	2067	2140
Mgst3_+_167393758.23-P1P2	Mgst3	1474	2394	1580	2288	1681	492	786	773	867	428	830	1304	1525	1658	1222	1069	842
Mthfr_+_148039200.23-P1	Mthfr_P1	2855	4031	2858	3910	4031	789	1455	1551	2408	946	1635	2354	3203	3368	2566	1955	1782
Scarb1_+_125340968.23-P1P2	Scarb1	2121	2770	2044	2730	2672	619	884	930	1569	584	883	1136	1909	2315	1910	1360	1437
Fbxo7_-_86021949.23-P1P2	Fbxo7	1199	1914	1405	1641	1622	421	636	482	796	460	769	860	1285	1103	1013	756	791
Lcn2_-_32387685.23-P1P2	Lcn2	856	1373	915	1273	1238	414	436	446	802	272	541	617	785	1042	602	605	603
Litaf_-_10993022.23-P1P2	Litaf	3001	3296	2799	3664	2791	934	1177	1166	2263	654	1491	1765	2427	3020	2170	1595	1884
Zfp629_-_127615225.23-P1P2	Zfp629	1482	2130	1851	2121	1745	435	606	552	901	509	751	1253	1517	1727	1205	1245	926
Pdxk_-_78464643.23-P1P2	Pdxk	1928	3262	2294	2730	2808	833	1146	671	1636	690	1213	1513	1700	2352	1521	1245	1081
Coasy_-_101082688.23-P1P2	Coasy	3146	3371	2491	3400	3811	633	1187	1150	1557	668	1426	1816	1962	2015	1319	1282	1299
Egr2_-_67535511.23-P2	Egr2_P2	1617	2143	1942	2074	1822	463	701	876	1235	718	1269	1266	1738	1598	1757	1130	1103
Ndufv1_+_4012630.23-P1P2	Ndufv1	1862	2109	1679	2206	2098	718	744	821	980	543	1057	1208	1782	1632	1343	964	1178
Sirt5_-_43365707.23-P1P2	Sirt5	1496	2051	1905	1733	1947	380	697	374	1130	588	690	1123	1633	1572	1023	1014	1088
Sorl1_-_42124063.23-P1P2	Sorl1	1550	1782	1377	2011	2058	491	608	734	1022	390	792	1133	1283	1841	1313	797	818
Slc18a1_-_69077223.23-P2	Slc18a1_P2	2054	2729	2262	3626	2529	790	1068	951	1321	651	1238	1750	2336	2550	1918	1336	1527
Pax6_-_105682547.23-P2	Pax6_P2	1085	1882	1406	1241	1790	471	547	602	1217	253	895	959	805	1239	1118	824	677
Ube2v1_-_167631953.23-P1P2	Ube2v1	1087	1375	834	1077	1501	292	419	342	774	309	821	606	1012	942	786	734	532
Endou_-_97720907.23-P1	Endou_P1	1237	1524	1118	1516	1315	371	657	529	971	332	767	599	1394	1459	799	791	830
Cst3_-_148875367.23-P1P2	Cst3	1456	2017	1063	1656	1663	363	649	831	1208	461	695	777	1597	1846	892	902	979
Rpgr_+_10216696.23-P1P2	Rpgr	1524	1458	1141	1555	1675	603	770	532	1270	442	893	1178	1379	1386	946	923	876
Cp_+_19957326.23-P1P2	Cp	1383	1782	1156	1761	1550	265	716	513	1171	456	665	1022	1534	1645	1193	886	955
Plp1_-_136822989.23-P1P2	Plp1	2234	3263	2260	3439	3208	855	1108	1049	1639	744	1068	1983	2774	2586	1975	1757	1602
Mmp3_-_7445873.23-P1P2	Mmp3	737	927	747	1251	1439	217	455	604	521	154	609	663	813	934	623	569	513
Kcnh8_-_52602765.23-P1P2	Kcnh8	1618	2306	1381	1845	2158	547	633	856	967	453	889	995	1661	1747	1610	1312	974
Uqcrc1_-_108936745.23-P1P2	Uqcrc1	1748	1893	2167	2313	2098	744	1004	801	1215	610	1087	1418	1543	1906	1460	1000	1085
Cox6c_-_35937926.23-P1P2	Cox6c	1216	1428	1054	1715	1689	499	532	488	803	182	457	999	1194	1070	1079	622	744
P2rx7_-_122643936.23-P1P2	P2rx7	2357	2374	1734	2482	2119	651	1134	1064	1800	615	1088	1783	2214	2500	1977	1253	1242
non-targeting_03124	non-targeting	2002	2537	1767	2644	2163	697	1011	825	1509	736	1233	1168	1818	2462	1372	1187	1268
Slc5a6_-_31048250.23-P1P2	Slc5a6	1900	2597	2056	2653	1710	801	1069	1235	1314	560	1330	1270	1993	2241	1776	1349	1212
Ndufb6_+_40279304.23-P1P2	Ndufb6	881	1371	1521	1509	1301	463	502	581	671	410	526	760	1013	1108	635	718	889
Tpp2_+_43934155.23-P1P2	Tpp2	2465	2855	2311	2962	2467	556	1191	983	1701	772	986	1417	2057	2502	2222	1369	1388
Atp5b_+_128083388.23-P1P2	Atp5b	1501	1971	1887	1693	2110	572	719	612	1111	656	660	1018	1696	1608	1085	945	783
Grin2c_-_115267130.23-P1P2	Grin2c	1712	1871	1277	2277	1798	601	755	992	1300	453	960	1218	1320	2195	1508	1272	1035
Psmd2_-_20651783.23-P1P2	Psmd2	1027	1220	1345	1370	981	301	625	343	988	319	933	786	1117	1247	822	624	767
Tuba1b_-_98934439.23-P1P2	Tuba1b	2521	2881	2426	2221	2546	798	1071	1036	1143	740	1125	1600	2565	2294	1690	1465	1611
Ywhaz_+_36793700.23-P1P2	Ywhaz	2156	3228	2579	2765	2821	733	1091	1239	1506	649	1662	1564	2442	2748	1806	1399	1221
Nxnl1_+_71566606.23-P1P2	Nxnl1	1469	1733	1476	1674	1506	505	672	637	1427	508	748	855	1587	1878	865	980	807
Rhoa_+_108306386.23-P1P2	Rhoa	503	860	584	777	747	248	306	324	591	193	307	293	786	915	618	445	347
Aspa_+_73324570.23-P1P2	Aspa	2001	2560	2438	2889	2205	521	903	815	1496	617	1060	1161	1983	1910	1642	1171	1158
Dnah9_+_66168311.23-P1P2	Dnah9	1482	1530	1632	2029	1369	434	515	723	1008	439	557	1014	1565	1580	1292	968	888
Qprt_+_127121754.23-P1P2	Qprt	1455	1887	1758	2603	1850	567	785	868	1022	471	968	1328	1763	1836	1240	1274	1289
Ndufs8_+_3912670.23-P1P2	Ndufs8	1257	1496	1019	1714	1403	427	571	627	834	269	951	1090	1498	1739	1046	767	817
Fis1_-_136953344.23-P2	Fis1_P2	2510	2881	2217	3059	3074	766	1045	1221	1703	812	1366	1697	2191	2792	1807	1483	1146
Bcl2l1_-_152830432.23-P1	Bcl2l1_P1	2012	2122	1910	2236	2243	595	990	614	1101	762	1215	1150	2095	2374	1387	1143	1058
Plcb3_+_6969730.23-P1P2	Plcb3	1481	2354	1744	2361	1799	413	777	806	1456	596	973	1026	1687	1936	1498	1084	1201
Plcg1_+_160731723.23-P1P2	Plcg1	1072	1714	1615	1511	1101	383	641	473	634	444	810	824	1366	1485	803	888	778
Shh_+_28466867.23-P1P2	Shh	1533	1496	1538	2019	1722	536	721	518	1326	549	937	754	1402	1855	1200	969	1039
Dcaf8_-_172148149.23-P1P2	Dcaf8	2180	3070	2271	2638	2344	764	982	1187	1477	713	1332	1514	2402	2409	1961	1570	1295
Map2k2_-_81106008.23-P1P2	Map2k2	664	1307	868	1169	1152	363	345	403	780	257	578	1004	1240	945	610	637	611
Pi4ka_+_17405850.23-P1P2	Pi4ka	2207	2679	2437	2826	2795	774	874	917	1314	570	908	1544	1699	1886	1610	1431	1081
Syt14_+_193035645.23-P1P2	Syt14	2136	2255	2163	2305	2568	661	1025	984	1189	663	1033	1309	2121	2073	1781	952	994
Ndufs1_-_63176484.23-P1P2	Ndufs1	2263	3180	2301	2950	2324	735	1213	1046	1409	682	1247	1350	2153	2615	2146	1635	1626
Cyp7b1_+_18243264.23-P1P2	Cyp7b1	1421	1662	1599	1735	1557	470	606	708	947	370	780	1012	1731	1650	1320	974	866
Gemin4_-_76243645.23-P2	Gemin4_P2	1752	2475	1484	2372	2060	637	798	780	872	479	984	1148	1621	1731	1530	1303	1108
Lrp5_-_3686515.23-P1P2	Lrp5	1584	1737	1551	1937	1647	475	784	672	1173	646	1042	972	1077	1537	1152	1126	915
Xk_-_9272845.23-P1P2	Xk	1436	2012	1585	1997	1909	624	866	516	1093	442	914	1569	1409	2053	1736	1040	1016
Med25_+_44892372.23-P1P2	Med25	2460	2753	2523	2757	2987	882	1257	1061	1913	960	1450	1935	2145	2521	1825	1418	1510
Cbs_-_31637091.23-P1P2	Cbs	2486	3722	2726	3613	3417	983	1333	1691	1880	913	1514	1750	2983	3939	2328	1896	1770
Atxn2_+_121711837.23-P1P2	Atxn2	2147	2367	2206	3003	2546	802	1074	1063	1102	611	1079	1664	1961	2640	2098	1444	1531
Dnmt1_-_20952783.23-P1P2	Dnmt1	1167	1828	1190	2132	2006	550	686	989	1462	503	815	960	991	1731	1075	1088	847
Tyrobp_-_30413844.23-P1P2	Tyrobp	2303	2914	3063	3099	2866	1046	1411	1330	1351	617	1093	2015	2129	2948	1967	1362	1861
Wdr45_+_7722302.23-P1P2	Wdr45	1751	2108	1411	1830	1772	500	705	395	866	426	852	751	1272	1744	1279	982	912
Srsf7_-_80207265.23-P1P2	Srsf7	2451	3463	2376	3100	2390	680	981	971	1522	838	1317	1563	2807	2335	2091	1380	1401
Ripk1_+_34002467.23-P1P2	Ripk1	1984	1910	1690	2161	1730	499	925	754	1058	479	882	1072	1554	1909	1465	1029	1283
Atg2a_-_6241716.23-P1P2	Atg2a	1424	2245	1585	2326	1743	509	695	805	989	592	769	1018	1390	1861	1146	826	1145
Gle1_+_29935497.23-P1P2	Gle1	1029	1111	1157	1337	1208	249	498	397	596	225	681	737	830	969	638	550	532
Tomm20_+_126945823.23-P1P2	Tomm20	2117	2478	1718	2577	2338	684	878	741	1374	710	1319	1579	2005	2083	1824	1316	1265
Sucla2_-_73552813.23-P1P2	Sucla2	791	1052	1099	1427	1122	230	496	676	580	301	499	457	954	1143	633	669	627
Slc44a1_+_53440528.23-P1P2	Slc44a1	2085	2149	2061	2366	1697	595	880	622	1354	590	887	1533	1487	1836	1409	994	1045
Ntf5_-_45413923.23-P1P2	Ntf5	2110	2897	1818	3038	2283	817	1149	1268	1626	764	1319	1718	2009	2503	2129	1403	1471
Nrtn_-_56757489.23-P1P2	Nrtn	1590	1863	1587	1615	2157	529	579	674	876	512	721	1461	1300	1872	1177	822	699
Fdps_-_89101520.23-P1P2	Fdps	1033	1496	873	1314	1341	366	499	692	955	388	547	854	785	1103	749	600	732
Pgp_-_24470512.23-P1P2	Pgp	1150	1396	1097	1419	1354	357	467	750	918	256	620	859	1040	1105	800	557	557
Scn11a_-_119825450.23-P1P2	Scn11a	1181	1588	1437	1607	1255	220	559	587	895	242	736	986	1224	1291	823	860	659
Adrm1_+_180171681.23-P1P2	Adrm1	2392	3043	1861	2798	2228	687	922	950	1604	569	1488	1382	2135	2591	1447	1191	1243
Atxn1_+_45964961.23-P1P2	Atxn1	1564	1887	1713	2186	1751	373	955	711	1048	521	827	1182	1775	1711	1754	1077	955
Map2k5_-_63377839.23-P1P2	Map2k5	1692	1219	1316	1993	1539	399	756	692	1012	442	894	798	1281	1424	878	889	836
Ache_+_137288302.23-P1P2	Ache	1197	1793	1601	2036	2152	538	902	1103	1069	539	1018	1227	1275	2234	1644	1107	1082
Grin1_-_25319148.23-P1P2	Grin1	1784	1667	1688	2418	1841	561	829	712	1129	519	780	1466	1675	1933	1481	1154	1063
Tpp1_+_105752156.23-P1P2	Tpp1	849	1102	1262	1227	1234	404	474	440	672	308	563	682	1035	1505	871	703	616
Sqstm1_-_50202926.23-P2	Sqstm1_P2	838	1499	1069	1295	1393	415	622	475	842	344	659	547	915	1135	841	589	617
Cxcl13_+_95956955.23-P1P2	Cxcl13	1076	1434	1082	1309	1049	293	504	499	652	260	528	652	876	1044	961	877	676
Grin1_+_25319087.23-P1P2	Grin1	2432	3107	2359	2785	2177	821	824	1015	1493	638	965	1561	2232	2587	1661	1395	1431
Bap1_+_31251530.23-P1P2	Bap1	2139	2706	1765	2260	1909	636	1023	571	1246	431	1211	1132	1832	2072	1653	1081	906
Pvalb_+_78203804.23-P2	Pvalb_P2	929	1035	1229	1372	1249	302	460	528	607	240	866	837	941	1315	961	529	633
Maoa_+_16619838.23-P1P2	Maoa	1464	2017	1632	2047	1852	529	746	715	1018	524	852	1198	1706	1795	1392	753	912
Gusb_+_130002857.23-P1P2	Gusb	1761	1745	1784	1789	1587	537	729	635	966	564	760	964	1530	1455	1164	1084	1003
Padi4_+_140774212.23-P1	Padi4_P1	706	830	924	1272	928	309	390	366	789	378	520	806	1155	906	792	679	603
Socs3_-_117969116.23-P1P2	Socs3	2967	3282	2923	3773	3039	976	1462	1168	1714	962	1774	1925	2822	3206	1908	1926	1542
Cdk5r1_+_80477060.23-P1P2	Cdk5r1	2149	2742	1842	2063	2295	801	817	821	1405	665	1214	1420	2214	2109	962	1342	1210
Prph_+_99055180.23-P1P2	Prph	1188	1093	1105	1275	1178	308	641	450	700	336	661	715	900	1067	816	577	687
Casp3_-_46617501.23-P1P2	Casp3	2072	2152	1706	2078	1963	504	734	883	1198	466	881	1300	1864	1954	1768	1040	1087
Stc1_-_69029491.23-P1P2	Stc1	1466	1737	1471	2183	1993	557	733	890	961	299	794	1074	1577	1848	1385	838	1047
Cdk5_-_24423533.23-P1P2	Cdk5	1916	2201	2135	2715	2167	573	924	1021	1142	734	935	1414	2008	2094	1433	1245	1041
Socs3_-_117968973.23-P1P2	Socs3	1973	2228	2118	1990	1916	530	799	739	1086	546	963	1268	1679	2364	1148	1366	1258
Ccr2_+_124102198.23-P1P2	Ccr2	1640	2634	1775	2179	1792	732	802	748	1346	552	980	1394	1876	2048	1450	1103	1111
Arhgef5_-_43265697.23-P1P2	Arhgef5	1730	2239	1812	1911	2077	535	750	1055	1254	641	1293	1778	1594	1919	1036	887	944
Fasl_-_161788306.23-P1P2	Fasl	727	1361	810	1032	1226	202	405	370	395	326	379	644	874	1142	523	463	455
Cd200r4_+_44812022.23-P1P2	Cd200r4	1500	2221	1824	2398	1937	506	827	746	1205	368	814	1402	1547	1840	1781	1191	1065
Myc_-_61985596.23-P1P2	Myc	922	1022	1375	1115	972	404	544	520	818	204	627	805	765	1301	1016	685	623
Pde4a_+_21165780.23-P2	Pde4a_P2	1871	2252	1619	2011	2196	691	793	1088	1141	487	1007	1188	1372	1957	1358	1066	1249
Zfyve1_+_83597133.23-P1P2	Zfyve1	2289	2697	2752	3432	2384	628	1030	942	1393	635	1175	1646	2163	2595	1547	1570	1445
Nars2_-_96951589.23-P1P2	Nars2	2392	2812	1789	2721	2307	666	918	1039	1559	556	987	1405	1163	1840	1621	1000	1194
Zbtb20_+_43621411.23-P1P2	Zbtb20	885	914	691	895	927	189	267	450	353	283	448	498	814	689	586	456	399
Psmd6_-_14120902.23-P1P2	Psmd6	1761	1851	1512	2111	1344	327	383	256	914	546	455	773	1022	1241	1054	672	914
Tubb5_+_35838212.23-P1P2	Tubb5	1125	1580	1138	1843	1696	441	647	718	1014	360	800	926	1350	1219	1060	992	845
Scyl1_-_5771367.23-P1P2	Scyl1	4552	6225	4956	6017	5294	1304	2253	2295	2995	1219	2457	3318	4736	5514	4114	3385	2808
Ptges_+_30930090.23-P2	Ptges_P2	1594	1716	1716	1932	1844	442	690	648	1126	357	975	828	1031	1622	1482	1052	992
Ppt1_-_122836275.23-P1P2	Ppt1	3560	4166	3448	4909	4226	1044	1579	1813	2261	1084	2455	2264	2699	4099	3084	2270	2113
Atp5a1_-_77774018.23-P1P2	Atp5a1	1958	2681	2488	2851	2399	537	802	856	1564	507	1082	1433	1650	2243	1651	1448	1303
Ubqln4_+_88553813.23-P1P2	Ubqln4	1496	1648	1651	2064	1651	369	727	623	962	307	961	910	1222	1331	1059	909	882
Dntt_-_41029488.23-P1P2	Dntt	1399	1240	1186	1258	1393	363	571	305	898	366	607	732	1200	1517	771	783	620
Trpc3_-_36690101.23-P1P2	Trpc3	1913	2741	1975	2508	2203	588	931	924	1170	535	1128	1456	1960	2135	1755	1474	1220
Hmbs_-_44344138.23-P2	Hmbs_P2	2280	2642	2165	2338	2316	656	989	1244	1785	558	1213	1562	2074	2136	1468	1151	1253
Ifnb1_-_88522832.23-P1P2	Ifnb1	2326	3317	2801	2810	3353	636	1271	1152	1647	782	1112	1863	2651	3284	2035	1405	1452
Ctnnb1_+_120933507.23-P1P2	Ctnnb1	1969	1970	1667	2520	1937	664	985	945	1244	676	888	1342	1823	2203	1633	1239	1373
Stmn1_-_134469783.23-P2	Stmn1_P2	1635	2450	1672	2383	2323	827	1036	994	1554	460	1044	1248	1828	2488	1530	1101	1175
Bap1_-_31251541.23-P1P2	Bap1	2561	2679	2216	3087	2987	693	1129	940	1333	648	1644	1704	2076	2609	2159	1675	1328
Psmd4_+_95042523.23-P1P2	Psmd4	1687	1567	1525	2015	1296	362	434	537	817	309	630	594	1531	1428	903	777	925
Pdxk_+_78464464.23-P1P2	Pdxk	2040	3312	2760	3305	3409	613	1114	1116	1607	608	1371	2044	1881	2770	1903	1533	1438
Chat_+_32460867.23-P1	Chat_P1	1672	1985	1833	2360	2121	540	756	943	1298	620	1345	1321	1707	2072	1592	1167	1150
Wwox_+_114439724.23-P1P2	Wwox	1125	1454	1101	1661	1527	293	584	594	822	375	707	859	1170	1382	1322	693	774
Foxo3_+_42276676.23-P1P2	Foxo3	2350	2195	1826	2417	2292	762	939	1177	1514	795	1007	1986	1705	2122	1477	1389	1248
Cetn1_+_9619474.23-P1P2	Cetn1	2387	3117	2016	3170	2402	615	983	815	1401	627	1265	1377	2006	2074	1544	1540	1212
Cbs_-_31637172.23-P1P2	Cbs	838	1761	1234	1163	1259	233	504	697	630	385	622	846	1008	1145	764	678	742
Rmdn3_+_119156858.23-P1P2	Rmdn3	1140	1964	1387	1641	1738	405	659	770	1190	309	895	953	1162	1587	1394	923	980
Bag6_+_35135271.23-P1P2	Bag6	1601	1823	1720	1925	1580	519	776	687	1349	620	851	1163	1687	1538	1230	1064	1021
Ddhd1_+_45657910.23-P1P2	Ddhd1	1753	1636	1656	1884	1930	434	868	830	1157	418	1067	1064	1353	1917	1343	1106	922
Abcb1a_-_8660089.23-P1P2	Abcb1a	1627	2640	1978	3024	2106	656	1023	1174	1337	539	1165	1276	2078	2132	1567	1176	1276
Tango2_+_18343833.23-P1P2	Tango2	1496	2023	1654	2049	1495	456	526	857	795	392	948	961	1580	1833	944	999	887
Samd9l_+_3399326.23-P1P2	Samd9l	1196	1586	1054	1501	1502	363	457	533	644	376	556	808	1328	1127	923	915	661
Slc18a2_+_59261120.23-P1P2	Slc18a2	2448	3330	2378	2691	2629	802	1210	1203	1523	719	1264	1663	2109	2479	1975	1685	1280
Epo_+_137533188.23-P1P2	Epo	1228	1550	729	1419	977	405	414	382	733	292	610	641	1073	1073	854	846	508
Ppp2r2b_-_43059479.23-ENSMUST00000025377.7	Ppp2r2b	2077	3273	2152	2893	3095	715	963	1318	1844	517	1135	1973	1978	2660	1677	1599	1617
Prdm12_-_31639772.23-P1P2	Prdm12	1470	1753	1186	1834	2135	519	641	797	1101	453	1230	1070	1479	1779	1501	1226	952
Psmd9_-_123228313.23-P1P2	Psmd9	2700	2986	2349	3051	2339	668	1138	1155	2117	819	1532	1429	2485	2972	1997	1861	1605
Ndufs8_+_3912676.23-P1P2	Ndufs8	775	891	848	990	705	131	291	254	585	171	235	413	527	580	422	454	402
Eif2b2_+_85219543.23-P1P2	Eif2b2	1603	1971	1020	1998	1387	187	517	499	740	282	682	1007	865	995	792	719	667
non-targeting_01000	non-targeting	1009	1814	1208	1934	1258	415	733	785	914	337	677	845	1204	1642	1156	813	721
Prx_+_27507865.23-P2	Prx_P2	1670	2315	1707	2520	2189	589	877	741	1209	458	931	1137	1523	1867	1872	1077	1221
Kynu_-_43555621.23-P1P2	Kynu	858	1097	935	1115	1176	246	503	323	694	253	477	654	850	1065	840	521	670
1600014C10Rik_-_38183947.23-P1P2	1600014C10Rik	1448	2469	1498	1789	1719	589	692	708	932	552	928	829	1678	2026	1273	1233	928
Elk1_-_20950478.23-P1P2	Elk1	1618	2117	1933	1914	2190	687	859	1041	1407	700	950	1645	2162	1960	1636	1029	1126
Mbp_+_82554597.23-P1P2	Mbp	2166	2495	2039	2538	2453	669	1027	771	1574	459	1187	1401	1724	2165	1725	1393	1126
Sds_+_120476578.23-P1P2	Sds	1949	2217	1407	2796	2732	785	805	874	1514	539	1245	1403	2295	2371	1527	1410	1092
Ndufa9_-_126849097.23-P1P2	Ndufa9	234	342	312	540	576	168	188	109	302	142	182	325	217	335	453	308	261
Zap70_-_36762073.23-P1P2	Zap70	1877	2699	2080	2207	2221	536	874	716	1482	578	857	1284	2208	2098	1349	1295	1109
Prickle2_+_92706198.23-P1	Prickle2_P1	2599	3046	2393	3450	3498	887	1416	1067	2302	968	1428	1682	2524	3406	2511	2053	1607
Ndufv1_-_4012638.23-P1P2	Ndufv1	1595	1782	1871	1858	1818	320	885	883	1064	705	878	1300	1611	1672	1322	1032	833
Jund_+_70698955.23-P1P2	Jund	3087	3715	3133	4081	3463	909	1364	1551	1820	913	1643	2415	3546	3547	2287	2148	1757
Kcnc1_-_46396751.23-P1P2	Kcnc1	2956	4169	2986	4599	3258	874	1293	1435	1723	1068	1515	1901	3134	3977	2698	2081	1912
Ube2l6_+_84798937.23-P1P2	Ube2l6	2146	3097	1875	3119	2167	615	922	1030	1631	705	1436	1404	2118	2278	2148	1535	1369
Aspa_+_73324377.23-P1P2	Aspa	2556	3356	2267	2957	2297	513	1028	974	1357	636	1338	1716	2146	2637	1655	1489	1398
Ndufs6_+_73328240.23-P1P2	Ndufs6	2247	2455	2282	3271	2244	609	895	987	1476	629	893	1531	2220	2264	1998	1184	1292
Tnfrsf1b_+_145246844.23-P1P2	Tnfrsf1b	664	781	1003	908	1036	206	252	568	341	106	409	487	757	730	606	436	443
P4hb_-_120572778.23-P1P2	P4hb	2444	2833	2273	2812	2944	686	1015	1227	1540	782	893	1620	2127	2066	1809	1382	1238
Morc2b_+_33139609.23-P1P2	Morc2b	1134	1005	1048	1520	1339	364	517	376	869	355	505	679	1232	1217	875	853	731
Anxa11_-_25842254.23-P1P2	Anxa11	2716	3084	3157	3405	3449	912	1399	1207	2015	695	1520	1815	2852	3551	2202	1787	1880
Esr1_+_4710188.23-P1P2	Esr1	1752	2155	1925	2242	1799	533	875	745	1273	715	1026	1220	1816	2097	1424	1210	1009
Pla2g1b_+_115466267.23-P1P2	Pla2g1b	970	1397	1014	1469	1269	364	450	675	613	376	537	750	1018	1206	1067	747	643
Hap1_+_100356048.23-P1P2	Hap1	1659	2131	1914	2260	2081	464	877	843	1365	515	883	1568	1423	1827	1309	1038	1038
Pdyn_+_129699806.23-P1P2	Pdyn	1414	2179	1659	1653	1467	363	535	518	1119	357	804	1087	1483	1602	1047	937	603
Htra2_-_83054341.23-P1P2	Htra2	1044	1670	1280	1410	1151	431	501	717	814	336	767	732	956	1109	761	733	856
Atg2a_+_6241735.23-P1P2	Atg2a	2001	1483	1865	2813	2054	674	852	804	1027	599	981	1183	1972	2090	1535	1248	1356
Pars2_-_106651178.23-P1P2	Pars2	1362	1390	1358	2088	1664	532	634	676	1195	429	1002	1185	923	1335	984	821	802
Eif4g2_+_111081521.23-P2	Eif4g2_P2	1338	1228	1374	1979	1006	238	424	379	633	248	468	744	986	1619	1127	804	814
Pla2g5_-_138819166.23-P1P2	Pla2g5	1695	2119	1514	2238	1884	559	724	1024	1464	540	768	1104	1774	2010	1480	1203	1051
Cd8a_+_71373561.23-P1P2	Cd8a	1127	1466	984	1576	1163	368	428	461	555	255	553	749	765	993	674	759	595
Gabarap_+_69991612.23-P1P2	Gabarap	1123	1713	1496	1697	1454	446	625	725	1003	510	813	939	1473	1312	976	759	1039
Dlg4_+_70018470.23-P1	Dlg4_P1	985	1435	1113	1672	1273	302	613	525	622	345	600	570	1080	1067	967	862	739
Cd36_+_17835635.23-P1P2	Cd36	1833	2137	1854	2157	1902	601	667	956	1200	573	1125	1027	1693	2217	1459	1336	1133
Ndrg2_+_51913331.23-P1P2	Ndrg2	1224	1809	1754	1966	1834	610	737	775	1225	444	942	738	1142	2063	1036	917	867
Cyp2d12_-_82555439.23-P1P2	Cyp2d12	1750	1977	2006	2443	2040	589	932	661	1248	519	784	1439	1803	2033	1517	1130	1264
Nop56_-_130274481.23-P1P2	Nop56	1132	1692	1975	1952	1798	442	849	741	1176	555	960	1478	931	979	602	575	506
Klc3_+_19404084.23-P2	Klc3_P2	1847	2377	1278	2098	2551	510	853	924	1365	632	1131	1362	1939	2498	1804	1254	1320
Cox7b_-_106016034.23-P1P2	Cox7b	1409	1917	1597	2207	2183	422	754	862	1225	491	712	990	967	1451	959	1035	883
Grid2_-_63256051.23-P1P2	Grid2	1875	2451	2228	2363	2122	745	1014	976	1153	694	1277	1404	2109	1929	1721	1298	1283
Kcna3_-_107036184.23-P1P2	Kcna3	2388	2494	2065	2831	2898	781	1212	1134	1642	557	1164	1752	2085	2713	1988	1310	1067
Chrna7_+_63212492.23-P1P2	Chrna7	1427	2075	1434	1922	2187	510	715	673	1130	615	1037	1052	1756	1703	1166	844	1016
Ttc19_+_62281680.23-P1P2	Ttc19	1342	1789	1285	2085	1634	417	772	880	854	318	803	794	1660	1569	1122	991	741
Wnt3_+_103774221.23-P1P2	Wnt3	988	1609	1396	1450	1528	432	598	567	765	347	498	749	1064	1216	889	770	807
Raf1_-_115676542.23-P1P2	Raf1	1835	2501	1863	2116	2098	680	766	780	988	824	648	1425	1786	2158	1337	1163	1063
Slc17a5_-_78587960.23-P1P2	Slc17a5	1326	1461	831	1403	1113	439	527	256	979	467	778	867	1125	1100	962	869	649
Cd36_+_17835616.23-P1P2	Cd36	1913	2107	1850	2227	1893	681	907	818	1069	565	991	1568	1792	2310	1403	1247	1224
Tmem175_-_108629892.23-P1P2	Tmem175	2062	2249	1552	2490	2261	526	745	1167	1221	549	953	981	2020	1800	1584	1028	1065
Ddah1_+_145758750.23-P1P2	Ddah1	2026	2355	1576	1994	2014	454	818	1081	1360	541	841	1338	1612	1736	1130	1156	890
Htr1a_+_105444080.23-P1P2	Htr1a	1379	1517	965	1786	1625	425	694	1007	1255	440	927	1550	1390	1623	968	964	887
Trpm2_-_77969792.23-P1P2	Trpm2	2208	2580	1986	3001	2595	817	1083	1283	1740	629	1453	1544	2369	2438	2209	1564	1492
Actr1a_-_46395669.23-P1P2	Actr1a	3139	3669	2132	3775	3128	1101	1333	1265	2055	938	1528	1769	2759	3129	2002	1873	1776
Cyp2d26_-_82794044.23-P1P2	Cyp2d26	2526	3345	2820	3399	2780	849	1333	1433	2038	991	1353	1542	2785	2900	2338	1664	1706
Reep2_+_34840696.23-P1P2	Reep2	1957	2234	1568	2314	2028	747	783	1086	1082	441	1024	1149	1737	2003	1639	953	882
Nqo2_+_33964925.23-P1P2	Nqo2	2313	3048	2448	3269	2889	933	1344	1329	1891	886	1149	1853	2812	2565	2109	1536	1535
Stxbp1_+_32847158.23-P1P2	Stxbp1	2035	3084	1844	2481	1914	528	750	659	951	567	996	930	1581	1400	1069	799	846
Sugp1_+_70043104.23-P1P2	Sugp1	1184	1339	1534	1675	1200	478	634	383	821	416	659	553	1400	1736	1064	935	974
Nfkbia_+_55492411.23-P1P2	Nfkbia	1422	2248	1536	2567	2005	613	884	847	1242	498	688	1120	1537	1983	1788	982	1009
Il13_+_53634645.23-P1P2	Il13	1609	2052	1627	2311	2076	656	843	834	1065	435	710	1311	1564	1674	1023	1262	1093
Wnt10b_+_98778569.23-P1P2	Wnt10b	1074	1451	1109	1230	1293	425	634	638	792	267	459	855	1098	1372	802	795	639
Cd40lg_+_57212113.23-P1P2	Cd40lg	2780	3356	3023	3639	2602	745	1147	1325	1530	731	1156	1953	2459	3123	1954	1614	1454
Psmc1_-_100110367.23-P1P2	Psmc1	1356	2191	1471	1501	431	78	108	183	378	156	114	190	265	378	135	322	222
Mmp14_-_54431683.23-P1P2	Mmp14	674	1267	858	1057	776	217	285	277	524	163	387	424	866	1117	1047	705	465
Gad2_+_22622551.23-P1P2	Gad2	938	1688	1313	1787	1091	532	473	586	805	459	511	868	1316	1436	1011	917	616
Camk2a_+_60925698.23-P1P2	Camk2a	1069	1522	1615	1700	1792	391	601	484	786	426	788	847	1417	1418	901	787	825
Setx_+_29125225.23-P1P2	Setx	2434	3070	2348	3319	3117	755	1259	943	1627	744	1623	1631	2296	2820	1871	1612	1373
Trp53_-_69580422.23-P1P2	Trp53	2267	2202	2078	2196	2047	602	763	667	1414	609	1501	1478	2033	2131	1216	1354	1413
Ascl1_-_87493665.23-P1P2	Ascl1	1713	2215	1834	2012	2105	432	778	942	1113	414	859	1260	1480	1726	1388	984	1127
Slc8a3_-_81333126.23-P1P2	Slc8a3	1577	1976	2046	2747	2115	631	926	785	1501	650	1286	1010	1835	2206	1504	1095	1227
Nes_+_87971151.23-P1P2	Nes	1093	2300	1924	2106	1634	384	637	481	778	400	724	1192	1295	1664	1169	1178	898
Slc1a1_+_28835178.23-P1P2	Slc1a1	1595	2604	1387	2639	2027	515	742	792	1057	523	929	1335	1588	1501	1594	1081	1213
Rab11a_-_64737669.23-P1P2	Rab11a	800	1278	989	1199	956	278	368	591	594	254	403	711	943	1221	922	549	439
Wnt11_+_98838983.23-P2	Wnt11_P2	1268	1713	967	1669	1902	490	495	578	1105	418	853	997	1478	1408	892	806	1019
Prkra_+_76647955.23-P1P2	Prkra	2179	2453	2241	2856	1974	600	878	992	1401	678	1025	1340	2154	2332	1813	1303	1387
Wipi2_-_142629634.23-P1P2	Wipi2	1975	2059	1729	2058	2157	496	760	943	1453	504	835	1051	1493	1977	1227	1146	1055
Atg14_-_47568363.23-P1P2	Atg14	1691	2326	1859	2412	2750	713	906	796	1213	479	984	1589	1828	2003	1535	1096	1377
Lrrk2_+_91673654.23-P1P2	Lrrk2	854	914	1083	907	1258	162	430	271	634	247	533	507	915	1028	830	529	608
Camk2b_-_6065328.23-P1P2	Camk2b	1259	1562	1177	1882	1359	306	494	589	672	323	621	896	1312	1108	1178	936	649
Ptpn13_-_103425250.23-P1P2	Ptpn13	1366	2065	1573	1920	1687	346	531	752	891	345	739	1138	1402	1546	1256	866	750
Dctn4_-_60526287.23-P1P2	Dctn4	1382	1801	1329	1879	1589	413	616	485	1024	343	610	917	1497	1277	981	1093	855
Clcc1_+_108653943.23-P1P2	Clcc1	1024	1430	1162	1215	1696	432	629	582	820	313	568	1036	959	1256	1092	781	785
Serpina3a_-_104113104.23-P1P2	Serpina3a	1936	2739	1961	2752	2304	449	843	720	1656	624	940	1786	1966	1968	1401	1092	1236
Ywhae_+_75732983.23-P1P2	Ywhae	1994	2220	1677	2610	2568	489	834	795	1249	692	1211	1354	1632	2231	1806	1323	1298
Wdr45_-_7722276.23-P1P2	Wdr45	563	708	504	930	724	180	367	508	336	174	643	366	619	685	627	521	438
Tubb3_+_123411571.23-P1P2	Tubb3	1595	1958	1512	1695	1882	408	606	468	995	434	838	1037	1397	1537	1185	567	1023
Mfsd8_-_40846813.23-P1P2	Mfsd8	1644	1605	1403	1847	2164	731	622	657	1187	460	882	1501	1499	1777	1252	908	992
Xbp1_-_5520963.23-P1P2	Xbp1	1499	2109	1340	1990	1818	566	705	511	914	287	685	1159	1164	1512	1140	943	849
Atp7a_+_106027272.23-P1P2	Atp7a	1485	1652	1317	1751	2433	334	762	516	1108	435	834	808	1778	1797	1364	1146	975
Ndufa11_-_56717818.23-P1P2	Ndufa11	1833	3075	1757	2881	2280	680	1010	983	1148	642	1347	1288	1872	1806	1707	1266	1301
Anp32a_+_62341769.23-P1P2	Anp32a	3082	4400	3131	4266	4130	928	1644	1762	2322	996	2034	2110	3265	3699	2910	2054	2073
Atf2_+_73892600.23-P1P2	Atf2	1973	2579	2552	2602	2288	761	1000	972	1458	627	1074	1280	2024	2452	1845	1342	1404
Pi4ka_-_17405814.23-P1P2	Pi4ka	1563	2071	1851	1837	2181	599	685	776	1092	455	935	1132	1340	1670	1148	798	1023
Pax6_+_105668973.23-P1	Pax6_P1	844	1347	1095	1228	1587	261	520	552	446	325	583	843	1294	1352	716	741	558
Timp3_-_86300642.23-P1P2	Timp3	1316	1844	1228	1903	1695	506	628	800	766	474	823	1158	1216	1892	1178	1256	897
Nefl_+_68084097.23-P1P2	Nefl	2166	2547	2070	2727	2474	706	992	673	1620	578	1031	1272	2119	2209	1620	1282	1328
Calm4_-_3837988.23-ENSMUST00000042219.4	Calm4	1498	1161	1271	2078	2051	471	673	658	1073	533	869	1080	1765	1919	1473	1087	964
Ucp2_+_100498207.23-P2	Ucp2_P2	1495	1873	1575	2004	1950	345	717	958	924	527	793	880	1565	1889	961	833	987
Elovl4_-_83806210.23-P1P2	Elovl4	1660	1580	1552	1902	1418	455	713	764	1205	404	848	1185	1554	1418	1149	929	1035
Prx_-_27507833.23-P2	Prx_P2	1893	2122	1724	2560	2536	652	760	994	1232	428	886	1021	1949	1747	1552	1272	1118
Unc80_+_66468506.23-P1P2	Unc80	1703	2262	1760	2290	2278	544	923	1065	1593	614	985	1346	1550	1887	1335	1231	1408
Gba_+_89203321.23-P1P2	Gba	1863	2222	2023	2526	2377	542	951	1026	1511	596	766	1544	1691	2120	1738	1437	1303
Dagla_+_10304891.23-P1P2	Dagla	2165	2421	2090	3053	2771	750	991	1089	1299	790	1284	1355	2145	2395	1658	1246	1412
Nes_+_87971085.23-P1P2	Nes	1207	1384	1709	1625	1533	331	460	493	845	327	562	932	1699	1590	1071	685	804
Zap70_+_36761880.23-P1P2	Zap70	1977	2488	1545	1913	1659	744	738	674	994	544	720	856	1506	1833	1229	883	862
Hdac1_+_129542388.23-P1P2	Hdac1	2091	2631	1762	2639	2467	712	882	714	1545	744	1076	1616	1668	2216	1880	1394	1196
Ubc_-_125389749.23-P1P2	Ubc	2049	2587	1805	2419	2508	601	898	777	1821	644	821	1215	1831	2133	1523	1386	1357
Cyp2u1_-_131303134.23-P1P2	Cyp2u1	1223	1274	1466	1655	1401	385	509	878	590	389	933	996	1387	1282	836	655	984
Surf1_+_26916327.23-P1P2	Surf1	2488	2615	2351	3092	2662	749	1158	1126	1604	756	942	1724	2493	2587	1694	1555	1514
Dvl3_-_20517098.23-P1P2	Dvl3	2821	2787	2212	2971	2411	781	1210	1595	1951	734	1205	1595	2368	3037	1635	1620	1597
Ntf3_-_126164915.23-P1	Ntf3_P1	2961	3353	2772	3732	3162	915	1438	1033	2152	922	1345	1933	2581	3624	2709	1763	1887
Tat_-_109990472.23-P1P2	Tat	1409	1393	1207	1487	1540	250	806	771	802	322	782	930	1388	1848	1017	924	811
Endou_+_97731332.23-P2	Endou_P2	3409	4023	3027	4360	3659	1079	1394	1528	2230	1111	2084	2517	2897	3379	3049	2269	2042
Cisd2_+_135423384.23-P1P2	Cisd2	1493	1733	1425	1897	1908	485	664	589	990	401	1084	980	1590	1428	1120	922	924
Keap1_-_21239229.23-P1P2	Keap1	1036	917	1104	990	973	220	389	218	675	179	463	251	728	1022	685	494	454
Cox7a2_-_79759504.23-P1P2	Cox7a2	1808	2128	1361	1935	1755	664	736	773	1524	542	1120	1136	1490	1617	1289	1132	906
Aif1_+_35172605.23-P1P2	Aif1	789	816	755	1072	843	281	379	227	391	280	456	428	839	990	673	459	422
Mpv17_+_31154179.23-P1P2	Mpv17	1571	1335	1199	2136	1239	423	857	637	942	500	964	734	1184	1276	998	831	716
C9_+_6445428.23-P1P2	C9	1172	1103	1270	1613	1261	216	552	580	677	289	459	775	1199	1346	908	613	799
Tubb5_-_35838186.23-P1P2	Tubb5	2270	2651	2281	3021	2315	565	903	1183	1952	747	1252	1432	1827	2965	1920	1208	1416
Cox6b1_-_30626065.23-P1P2	Cox6b1	1540	2016	1272	2005	2018	487	829	888	996	596	876	1100	1422	2029	1294	1019	973
Ndufs7_-_80249478.23-P1P2	Ndufs7	1034	1303	1191	1763	1490	283	617	524	1017	345	785	867	1263	1188	930	851	848
Agtpbp1_-_59557314.23-P1P2	Agtpbp1	1944	1989	2315	2696	2191	506	834	850	1407	604	1002	1719	1913	1875	1380	1281	1122
Atp5d_+_80142389.23-P1P2	Atp5d	1443	2366	1303	2375	1632	404	743	625	825	542	734	1072	1487	1901	1306	972	954
Vdac3_-_22593696.23-P1P2	Vdac3	1748	2071	1323	2060	1656	418	486	621	1076	378	1049	881	1952	1920	1503	1019	1053
Psen2_+_180229952.23-P2	Psen2_P2	2533	2785	2109	2999	2463	680	1123	1399	1626	736	1163	1549	2387	2286	1765	1624	1471
Notch1_+_26503800.23-P1P2	Notch1	1435	1906	1647	1923	1485	424	754	543	1238	461	999	856	1515	1788	1309	889	985
Vps13d_+_144974622.23-ENSMUST00000097796.2	Vps13d	1530	1955	1980	2672	2072	487	806	1013	1319	503	971	1118	1891	2058	1768	1079	1002
Endou_-_97721092.23-P1	Endou_P1	1499	1252	1356	1836	1784	431	667	815	1038	389	867	1187	1428	1660	857	922	1035
non-targeting_01274	non-targeting	1305	1508	1517	1731	1084	278	492	732	882	357	791	963	1246	1490	883	826	697
Tyrp1_-_80834288.23-P1P2	Tyrp1	2358	2617	2131	2273	1937	610	938	781	1262	587	1212	1352	1480	2033	1571	1202	1321
Gosr1_+_76763558.23-P1P2	Gosr1	1265	1716	1096	1401	1581	349	528	651	788	478	697	1186	1232	1281	1087	700	826
Prps1l3_-_57230633.23-P1P2	Prps1l3	1895	2027	1844	2351	1992	601	656	744	699	439	1045	1080	1326	1288	1241	1192	900
Grm1_+_11082296.23-P1P2	Grm1	2520	3534	2868	3327	2836	900	1053	1151	1883	579	1412	1721	2184	3020	2193	1650	1803
Klc1_-_111758894.23-P1P2	Klc1	1617	2027	1811	2364	2079	668	839	996	1174	509	871	1477	1327	2273	1185	1453	1151
Stub1_+_25832891.23-P1P2	Stub1	1133	1304	1307	1491	1409	220	587	743	1010	311	586	668	1192	1241	1043	695	509
Kat2b_-_53567034.23-P1P2	Kat2b	1143	1109	947	1519	1148	331	471	640	707	419	803	699	754	1066	767	629	500
Emilin1_-_30913796.23-P1P2	Emilin1	2166	3389	2700	3149	3131	695	1184	1056	2256	650	1414	1707	2249	2968	1669	1802	1550
Coasy_-_101082648.23-P1P2	Coasy	1920	2551	2129	2386	2138	670	1039	809	1210	734	1059	1382	2311	2172	2024	1356	1376
Il13ra1_-_36112139.23-P1P2	Il13ra1	1927	2199	1985	2623	1837	697	816	868	1300	570	1150	1331	1666	2408	1659	1100	1330
Adora2b_+_62249024.23-P1P2	Adora2b	1456	1688	1662	2141	1720	445	841	721	959	627	861	844	1171	1446	1443	905	900
Kynu_+_43555367.23-P1P2	Kynu	1852	2481	1836	2298	2626	646	1072	1069	1508	496	1142	1475	1982	1567	1639	1401	1266
Bscl2_+_8837571.23-P2	Bscl2_P2	1325	1640	1083	1505	1713	418	697	433	671	292	763	1103	1066	1489	1088	836	655
Atp13a2_+_140986925.23-P1P2	Atp13a2	1487	1581	1318	1749	1870	616	725	533	946	443	785	1064	1461	1416	1173	870	608
Slc52a2_+_76538908.23-P1P2	Slc52a2	1938	2971	2524	2643	2605	709	1069	1157	1671	654	1208	1598	1980	2486	1660	1488	1115
Phex_+_157415283.23-P1P2	Phex	2268	3303	1964	2781	2234	679	1230	902	1285	621	1289	1664	1998	2273	1836	1399	1422
Dbh_-_27165594.23-P1P2	Dbh	1446	1577	1025	1507	1257	322	590	473	876	281	649	653	1103	1652	1163	867	776
Dao_+_114003899.23-P1P2	Dao	1742	2297	2006	2973	2641	719	1015	1142	1519	773	1066	1721	1976	2318	1960	1260	1356
Nlrp3_-_59541842.23-P1	Nlrp3_P1	984	1052	1377	1438	1127	271	572	412	845	364	639	551	880	968	620	532	527
Dstyk_-_132417633.23-P1P2	Dstyk	2098	2152	1808	2462	2439	652	994	1118	1617	487	1097	1443	2078	2314	1517	1285	1002
Fn1_-_71653133.23-P1P2	Fn1	1867	2356	2728	3159	2175	756	768	715	1258	649	1363	1381	1537	2130	1905	1185	1394
Slc1a3_-_8710382.23-P1P2	Slc1a3	2004	2843	1791	2809	2514	573	1010	1123	1468	546	931	1342	1666	2035	1818	1372	1452
Hspa14_-_3512696.23-P1P2	Hspa14	1892	2784	1641	2992	2328	648	1081	879	924	854	1021	1378	2260	2400	1732	1055	1210
Tjp1_-_65371239.23-P1P2	Tjp1	1607	1768	1548	1797	1669	620	610	766	1021	463	920	1220	1611	1841	1291	1122	977
Ins2_-_142679636.23-P1	Ins2_P1	1620	2677	2050	2398	2035	560	882	600	1360	581	1466	1301	1819	2458	1771	1207	1337
Map3k11_-_5689784.23-P1	Map3k11_P1	2027	2910	2040	3014	2620	644	999	812	1613	663	1561	1226	2355	2452	2036	1523	1580
Clcn7_+_25133640.23-P1P2	Clcn7	1955	2825	2075	3163	2748	684	719	1184	1549	694	1145	1709	1385	1891	1264	990	917
Kif1b_+_149307670.23-P1P2	Kif1b	2091	2501	1472	2251	2387	565	770	842	1079	470	852	1124	1542	1753	1617	1057	1038
Ar_-_98149738.23-P1P2	Ar	1943	2739	2167	2062	2518	587	1143	462	1201	655	1050	1466	1786	2147	1651	1120	1320
Hace1_-_45577879.23-P1P2	Hace1	2077	2382	1839	2578	2111	494	971	918	1330	666	997	1412	1831	1792	1663	1086	1172
Toe1_-_116807488.23-P1P2	Toe1	2608	2751	2413	2508	2648	834	797	1076	1288	495	1003	1627	1920	2243	1543	1455	1362
Vim_+_13574332.23-P1P2	Vim	2537	3565	2734	3674	3059	981	1032	974	1840	736	1613	1984	2758	3158	2238	1844	1586
Slc25a38_+_120110461.23-P1	Slc25a38_P1	1416	1584	1225	1797	1604	407	630	577	919	325	932	793	1137	1574	974	904	1042
Nbr1_-_101552920.23-P1P2	Nbr1	1609	1862	1808	2102	2159	534	600	476	1037	455	848	1234	1351	1439	1333	1060	1012
Vegfb_-_6987631.23-P1P2	Vegfb	1866	2064	1288	1956	1592	535	799	719	1100	359	961	1108	1514	1906	1123	1051	1094
Polr3k_-_181864441.23-P1P2	Polr3k	1916	2249	2258	2631	1730	260	570	376	1101	284	757	457	844	1068	1005	765	566
Nqo2_-_33964794.23-P1P2	Nqo2	1446	1696	1322	2013	1979	454	747	625	797	365	857	1114	1708	1633	1365	1088	882
Pabpc4_+_123282723.23-P1P2	Pabpc4	1482	1809	1811	2367	2142	556	852	978	1032	443	799	1009	1333	1797	1398	1200	1116
Padi2_-_140924478.23-P2	Padi2_P2	2763	3140	2454	3445	2902	824	1097	1114	1482	750	1360	1370	2853	2888	2456	1456	1544
Tjp1_+_65371187.23-P1P2	Tjp1	1789	2677	1916	2454	2658	732	828	947	1351	615	1293	1192	1999	2318	1282	1424	1257
Xpnpep1_-_53038537.23-P1P2	Xpnpep1	2079	2701	1682	2901	2607	847	1178	907	1694	559	1575	1878	2006	2249	2037	1688	1288
Kif5a_-_127263078.23-P1P2	Kif5a	2044	2511	2048	2895	2638	696	864	1352	1566	543	1527	1795	2465	2372	2156	1755	1672
Exoc2_-_30974032.23-P1P2	Exoc2	1788	2025	1717	2848	1565	584	852	782	1187	518	927	1592	1679	1778	1371	972	1020
Atxn10_+_85336402.23-P1P2	Atxn10	1052	976	985	1211	411	135	237	188	298	108	188	114	395	391	320	231	234
Adm_-_110627856.23-P1P2	Adm	1085	1754	1792	2148	1809	398	628	856	854	415	951	893	1336	1799	1506	934	981
Atp5b_+_128083324.23-P1P2	Atp5b	1219	1744	1374	1619	1472	480	731	871	1193	446	713	827	1276	1489	1057	987	875
Trpm7_-_126876003.23-P1P2	Trpm7	1855	1768	1715	1868	2580	503	888	703	1049	536	1003	1183	2136	2046	1220	967	1039
Rela_+_5637873.23-P1P2	Rela	1115	1330	836	1123	1202	298	466	489	548	234	478	751	1081	1322	851	712	634
Prdm8_+_98180942.23-P1P2	Prdm8	1427	1538	1446	1608	1559	351	680	797	938	290	665	976	1701	1622	1338	726	900
Calml4_+_62858135.23-P1P2	Calml4	923	1189	822	1131	1276	328	452	362	542	307	516	936	932	1020	990	642	555
Fzd6_-_39006340.23-P1P2	Fzd6	2371	3372	2118	3275	2820	829	1307	1466	1659	828	1181	1740	2401	3138	1962	1446	1579
Slc30a10_-_185455067.23-P1P2	Slc30a10	2100	3298	2324	2287	2697	687	1012	950	1335	502	1043	1408	2359	2940	1886	1305	1300
non-targeting_03685	non-targeting	1412	1989	1938	1895	2204	730	839	700	1112	580	931	1400	1903	2233	1513	1266	1188
Ppp3cc_-_70289453.23-P1P2	Ppp3cc	1735	2253	1758	1865	2238	424	728	667	1443	588	1056	1146	1491	2155	1562	1163	1177
Ndufb5_-_32737287.23-P1P2	Ndufb5	1644	1601	1738	2053	1598	496	781	902	1055	332	784	1065	2020	1462	1335	960	1114
Eif2s2_+_154892651.23-P1P2	Eif2s2	1656	1953	1845	2252	1317	526	647	494	1063	383	993	980	1395	1489	1247	961	1062
Bid_+_120916818.23-P1P2	Bid	2144	2992	2109	2946	2983	685	1130	1174	1789	610	1067	1513	2224	2674	1482	1692	1810
Hsd17b6_-_128007565.23-P1P2	Hsd17b6	1248	1649	834	1995	1514	447	588	744	853	461	769	808	1404	1662	1160	887	907
Uqcrfs1_+_30545267.23-P1P2	Uqcrfs1	2076	2711	1775	2885	2594	643	987	838	1657	733	1107	1470	2136	2312	1755	1037	1184
Rrm2_-_24708283.23-P1P2	Rrm2	1629	2382	2067	2826	1795	589	975	876	1525	681	919	1245	2079	2223	1349	1201	1218
Cnp_+_100575190.23-P1P2	Cnp	1426	1781	1728	2008	1624	500	743	903	1123	523	787	1007	1467	1910	898	932	1080
Chmp2b_+_65562686.23-P1P2	Chmp2b	1771	2288	1597	2140	2037	562	846	560	1239	467	999	1246	1795	2190	1391	1308	1149
Hdac4_+_92148348.23-ENSMUST00000008995.8	Hdac4	2437	3221	1972	3143	2310	750	1290	1159	1424	607	1687	1415	2091	2707	1854	1451	1612
Apbb1_-_105581267.23-P1P2	Apbb1	2810	3055	2650	3052	3265	805	1597	1327	1870	920	1637	1892	2489	3159	1970	1600	1280
Vdac2_-_21831552.23-P1P2	Vdac2	1365	1181	1079	1449	1490	377	560	423	828	365	666	733	1098	1201	1203	817	771
Hip1_+_135544863.23-P1P2	Hip1	952	1609	1249	1311	1521	511	689	378	1196	324	700	855	1145	1416	1193	814	818
Cox7c_-_86046444.23-P1P2	Cox7c	1915	2053	2312	2420	2260	470	983	1008	1339	639	1278	1433	1682	1952	1236	1352	1181
Clu_+_65969847.23-P2	Clu_P2	1689	2010	1153	2245	1931	488	868	786	1134	354	717	1388	1602	1850	1312	1183	987
Tubb3_+_123411546.23-P1P2	Tubb3	2179	2551	2341	3358	2455	818	963	796	1665	714	1226	1644	2374	2616	1863	1483	1348
Grin2d_-_45866637.23-P1	Grin2d_P1	1494	2251	1689	2208	1802	453	650	880	1252	613	1197	1164	1648	1877	1603	1052	1195
Tfrc_+_32609204.23-P1P2	Tfrc	879	1906	1277	1957	1536	431	564	445	826	326	836	990	1116	1319	1050	969	758
Plcb1_-_134786221.23-P1P2	Plcb1	1741	2370	1859	2317	2418	535	896	1129	1922	573	1038	1587	1898	2522	1591	1488	1200
Csf1r_-_61105946.23-P1P2	Csf1r	1629	2209	1817	1986	1971	607	824	678	1124	341	968	1297	1954	1919	1302	983	975
Psma2_-_14613287.23-P1P2	Psma2	1756	2388	1553	2554	2626	553	790	749	1063	572	1062	1045	1785	2008	967	1252	1204
Cox8a_-_7217550.23-P1P2	Cox8a	1702	2197	1962	2738	2638	871	829	1093	1461	486	1434	1497	1837	2249	1564	1419	1161
Gpbp1_+_111489821.23-P1P2	Gpbp1	2597	2920	3177	2905	3132	875	967	1317	1760	824	1238	2011	2257	2862	1924	1704	1666
Psen1_-_83688223.23-P1P2	Psen1	1435	1263	1031	1661	1246	568	532	632	742	263	785	561	1066	1102	1166	664	894
Ndufb6_+_40279349.23-P1P2	Ndufb6	3114	3820	2699	3910	3592	789	1182	1292	1848	837	1587	1605	2152	3032	2405	1668	1752
Mecp2_+_74085617.23-P1P2	Mecp2	937	1120	643	1142	799	224	366	424	556	370	317	575	882	1003	740	552	606
Inf2_+_112604186.23-P2	Inf2_P2	3581	4457	3593	4679	4258	1170	1571	1594	2458	925	1970	2318	3484	4425	2952	2154	2172
Mthfr_+_148039185.23-P1	Mthfr_P1	1729	2369	1958	2455	2206	492	832	1073	1272	460	1001	1229	2237	1947	1787	1033	1136
Ccs_-_4839276.23-P1P2	Ccs	2724	3245	3246	4136	3304	979	1327	1365	1681	743	1478	2202	2627	3168	2250	1555	1636
Aars2_-_45506859.23-P1P2	Aars2	1436	1798	1518	2292	1609	515	703	676	787	464	675	1034	924	1246	648	752	718
Cav1_+_17307836.23-P1	Cav1_P1	1355	1930	1311	1848	1442	464	609	628	923	492	653	1038	1402	1646	1333	960	765
Gm11127_-_36058443.23-P1P2	Gm11127	1365	1297	861	2275	1744	397	763	751	586	327	806	1338	1355	1524	1312	807	654
Uqcrb_+_66905348.23-P1P2	Uqcrb	1255	1326	1216	1886	2118	357	853	705	884	380	700	1006	1469	1670	1063	806	884
Slc52a3_+_151999923.23-P2	Slc52a3_P2	1605	1837	1210	1703	2024	385	638	361	701	472	989	1032	1435	1610	1190	1198	986
Nkx6-2_-_139582760.23-P1P2	Nkx6-2	1506	1854	1223	2214	1996	653	811	807	969	422	1216	1141	1780	1649	1488	1246	1146
Cabin1_+_75764171.23-P1P2	Cabin1	1788	1831	1484	1881	2295	509	723	958	1354	493	871	1032	2034	1679	1148	1200	978
Map1b_+_99516276.23-P1P2	Map1b	2322	3335	2490	3376	2932	770	1050	1051	1882	642	1179	1970	2681	2891	1809	1843	1721
Fbln5_-_101818829.23-P1P2	Fbln5	1825	2618	1957	2431	2005	579	879	986	1466	706	918	1277	1820	1940	1114	1253	979
Atn1_-_124756685.23-P1P2	Atn1	1202	1660	1505	1792	1636	435	771	548	1063	543	643	912	990	1509	1172	801	701
F2rl3_-_72762014.23-P1P2	F2rl3	1781	2383	1767	1789	1914	463	662	891	1120	575	888	1099	1604	1775	1473	1011	1296
Dnajc13_+_104262871.23-P1P2	Dnajc13	1156	1401	1018	1192	1891	186	461	488	543	313	651	716	1241	1029	703	825	663
Cdk6_+_3343932.23-P1P2	Cdk6	1653	2214	1638	2146	1815	634	704	625	1182	391	1075	1137	1250	1750	1573	1215	1041
Ccl2_+_82035669.23-P1P2	Ccl2	1455	1822	1534	1961	1892	452	639	712	1091	366	722	1055	1767	1877	1224	995	940
Dctn5_-_122133105.23-P1P2	Dctn5	1722	2347	1594	2375	1723	462	899	942	1274	653	1035	1520	1882	1392	1215	1007	824
Hpx_+_105600056.23-P1P2	Hpx	1878	2428	1963	2800	2283	576	971	961	1463	588	1031	1674	2141	2050	1588	1165	1455
Atp13a2_+_140986997.23-P1P2	Atp13a2	2020	1896	1742	2631	2491	644	1024	1014	1208	562	1234	1400	1890	2212	1718	1106	1264
Thg1l_+_45955436.23-P1P2	Thg1l	1741	2803	1620	2407	1813	602	702	496	1049	485	876	976	698	952	703	620	494
non-targeting_03422	non-targeting	3039	3517	2711	3371	3136	898	1293	1483	2289	812	1160	1465	2826	3172	2406	1821	1987
Uchl4_-_64235216.23-ENSMUST00000039011.3	Uchl4	674	624	473	487	580	135	196	179	300	178	213	422	490	431	519	312	311
Aifm1_+_48513389.23-P1P2	Aifm1	2259	2323	2948	3287	2831	875	1028	1096	1355	742	1347	2020	2763	2751	1702	1576	1497
Psmd11_+_80428698.23-P1P2	Psmd11	1903	1793	1234	2054	2119	270	538	707	793	459	817	1005	1080	1717	1008	772	860
Wipi1_+_109611323.23-P1P2	Wipi1	1521	2114	1673	2344	2182	566	740	893	1410	547	1179	1382	1560	1961	1315	1057	1183
Nptx1_-_119547563.23-P1P2	Nptx1	1816	2579	1867	2419	2158	734	853	1075	1586	589	1034	1444	1955	2514	1467	1236	1009
Clcn2_-_20717711.23-P2	Clcn2_P2	2545	3257	3214	3366	3068	1027	1218	1095	1785	787	1602	2216	1846	1612	1504	1068	891
Gad1_+_70562220.23-P1P2	Gad1	987	1101	987	1168	1089	204	392	501	586	281	416	582	1057	801	854	608	723
Pmpca_-_26389373.23-P1P2	Pmpca	1710	2621	2217	2267	1909	290	664	711	1281	473	789	1134	1223	1111	957	707	826
Nudt1_-_140331986.23-P1P2	Nudt1	2350	3005	1887	2711	2453	655	1104	1368	1758	571	1251	1381	2064	2520	2160	1677	1302
Lgi1_-_38264864.23-P1P2	Lgi1	1062	943	662	1223	1098	216	515	357	554	160	335	438	1149	1225	851	663	422
Adm_+_110627707.23-P1P2	Adm	1804	2311	1695	2052	1642	538	614	702	1204	473	859	1126	1623	2135	1210	779	891
Gria4_+_4796023.23-P1P2	Gria4	890	837	895	1059	743	205	416	469	617	220	481	480	767	783	817	507	498
Sema6a_-_47368810.23-P1P2	Sema6a	819	1214	755	1011	1261	298	431	355	535	351	598	665	694	1014	682	677	523
Hspa8_-_40801473.23-P1	Hspa8_P1	1940	2189	1829	2592	1554	201	722	770	742	407	612	986	1076	1598	836	854	736
Srr_-_74925660.23-P1P2	Srr	1104	1627	1193	1453	1362	309	546	577	541	369	474	984	1251	1376	1134	713	604
Ndufa7_-_33824679.23-P1P2	Ndufa7	1796	1968	1620	1881	1783	406	730	812	1088	604	958	1091	1668	2046	1369	859	1115
Plxna4_-_32587983.23-P1P2	Plxna4	2108	2463	2075	2598	2139	685	931	798	1559	596	993	1659	1780	2450	1353	1100	1137
Itgam_-_128062890.23-P1P2	Itgam	2374	3105	2137	3349	3137	844	1291	997	1638	568	1568	2123	2230	2876	2249	1422	1503
Hspa1a_-_34972130.23-P1P2	Hspa1a	2485	2969	2298	3311	3000	461	1002	729	1287	727	1154	1532	1969	2408	1696	1169	1567
Mag_+_30914750.23-P1P2	Mag	1592	1907	1143	2152	1503	517	740	595	1162	526	918	1107	1837	1853	1345	770	1125
P2ry2_-_101011957.23-P1P2	P2ry2	2573	2954	2176	2473	2762	726	1101	1040	1319	640	1326	1649	2429	2305	1995	1636	1263
Dock2_+_34783836.23-P1P2	Dock2	1680	1861	1074	1987	1564	382	634	813	1275	450	1020	1177	1315	1811	1236	1188	1107
Bcl6_-_23988342.23-P1P2	Bcl6	2168	2082	2000	2010	1377	449	448	745	951	375	821	1091	1225	1796	1190	1093	935
Fgf14_-_124192838.23-ENSMUST00000026631.5	Fgf14	2979	3600	2827	3634	3371	735	1380	1558	2282	957	1605	2378	2433	3373	2760	2019	1781
Ptbp2_+_119783171.23-P1P2	Ptbp2	1333	1227	1226	1620	1267	441	378	670	1008	520	726	734	1223	1253	849	582	518
Sptan1_+_29965674.23-P1P2	Sptan1	1646	2003	1917	2596	2254	597	802	1057	1423	625	556	1141	1603	2015	1434	1198	1382
Grin2d_-_45866980.23-P1	Grin2d_P1	1127	1583	1421	1442	1631	461	777	983	1032	321	792	1036	1236	1509	1221	1080	928
Bicd2_-_49341814.23-P1P2	Bicd2	1243	1598	961	1607	1578	273	751	487	824	365	942	942	1086	1933	932	801	771
Ndufs7_+_80249501.23-P1P2	Ndufs7	1640	2169	1607	2421	1242	392	759	1026	1072	431	1137	987	1578	1772	982	826	908
Asah1_-_41374575.23-P1P2	Asah1	1680	2041	1824	2122	1878	511	874	793	1170	545	1018	1300	1959	1921	1445	928	1192
Slc25a31_-_40709187.23-P1P2	Slc25a31	2085	2544	1851	2631	2037	702	907	855	1579	718	1143	1189	2121	2201	1884	1329	1315
Pde4a_+_21196782.23-P1	Pde4a_P1	1471	1400	1336	1529	1487	444	621	395	1106	537	658	1113	1276	1394	1024	857	659
Tppp_+_74009531.23-P1P2	Tppp	1615	2420	1537	2088	2079	494	704	704	1021	633	1063	1389	1100	2020	1323	1051	1267
Plcb4_+_135805593.23-ENSMUST00000035646.4	Plcb4	1700	2203	1554	2639	2271	713	857	918	1041	451	850	1666	1776	2095	1373	1185	1124
Aqp4_+_15403607.23-P1P2	Aqp4	1568	2290	1901	2206	2557	353	723	642	1375	595	1005	1078	1650	2090	1563	997	1486
Serpina1d_+_103773136.23-P1P2	Serpina1d	1982	2040	1779	2404	1957	573	655	936	778	680	734	1134	1582	1747	1576	1037	936
Calb1_-_15881274.23-P1P2	Calb1	2137	2552	2040	2953	2724	819	1070	900	1864	695	1064	1942	2173	2487	1762	1708	1234
Lox_+_52529548.23-P1P2	Lox	2103	2531	2236	2118	2906	615	756	783	1036	542	1033	1105	1372	2111	1524	1287	1074
Sptlc3_-_139494186.23-P1P2	Sptlc3	2922	2774	2123	3451	2897	795	1163	1272	1862	818	1457	1194	2270	2783	1641	1831	1471
Stx1a_-_135023598.23-P1	Stx1a_P1	2222	3307	2043	2692	2618	527	1007	1106	1337	708	1366	1367	1931	2297	1964	1480	1480
Derl1_-_57892419.23-P1P2	Derl1	2256	3124	2650	3127	2773	566	1124	749	1574	729	1380	1845	2692	2161	1472	1701	1403
Cyp2d9_+_82452522.23-P1P2	Cyp2d9	2008	2711	2472	2487	2494	466	863	1020	1985	618	1151	1470	1821	2775	1437	1291	1656
Atf2_-_73892596.23-P1P2	Atf2	1295	1606	1520	1428	1990	310	617	484	1108	365	856	1029	1494	1432	1149	823	751
Nlrp3_-_59542076.23-P1	Nlrp3_P1	2130	3021	2282	2917	2638	582	914	1160	1263	563	1204	1051	2158	2692	1986	1321	1399
Itpr1_-_108213149.23-P1P2	Itpr1	1470	2013	1803	1699	1529	382	599	544	1119	380	967	974	1483	1616	1252	783	1006
Actb_+_142905648.23-P2	Actb_P2	2806	3630	3154	3285	3513	787	1247	1734	2139	1101	1668	1869	2610	3422	2558	2079	1777
Itpr2_-_146502170.23-P1P2	Itpr2	1907	2230	2128	2617	2602	584	860	1679	1448	649	1185	1322	1821	2084	1535	1302	1497
Fgf2_+_37348305.23-ENSMUST00000138563.2	Fgf2	1772	2181	1514	2721	2158	532	1008	796	1204	388	940	1076	1691	1660	1182	1152	1273
Camk2b_-_6065530.23-P1P2	Camk2b	2346	2892	2664	3592	2977	790	1100	1166	1701	637	1527	2231	2835	2698	2136	1696	1835
Trim2_-_84220891.23-P1	Trim2_P1	1540	1993	1791	2023	2651	688	862	998	1120	598	815	1179	1938	2117	1597	1303	954
Pcsk1n_+_7919900.23-P1P2	Pcsk1n	1880	2660	2083	2462	2046	752	1052	942	1478	550	1184	1212	2027	2122	1475	1228	1347
Tsen2_-_115544721.23-P1P2	Tsen2	923	1074	844	1290	638	109	137	167	278	85	96	247	315	287	464	286	317
Actb_-_142906709.23-P1	Actb_P1	1905	2772	1999	2539	2906	517	963	909	1547	651	1231	1565	1854	2256	1642	1320	1303
Nox1_-_134111770.23-P1P2	Nox1	1725	1870	1806	2419	2157	449	892	940	1083	518	910	1091	1641	1507	1131	1522	994
Itm2b_+_73368394.23-P2	Itm2b_P2	1548	2077	1548	2012	1933	568	795	645	918	488	957	1316	1710	1720	1236	1052	935
Cant1_-_118418990.23-P1P2	Cant1	1365	1615	1207	1725	2182	411	619	565	1051	547	609	1217	1128	1311	1195	864	932
Hfe_-_23710759.23-P1P2	Hfe	2951	3635	2385	3562	3270	997	1390	1187	2325	864	1554	2287	2632	3214	2179	1851	1926
Pde4a_+_21165789.23-P2	Pde4a_P2	1767	1817	1730	2017	1808	436	827	1060	1091	378	978	1329	1697	2484	1613	1209	1104
Prkra_+_76647966.23-P1P2	Prkra	1387	1571	1300	1842	1645	665	804	683	1272	345	986	960	1676	2006	1216	1054	1015
Grin2a_+_9994996.23-P1P2	Grin2a	1225	1634	1227	1691	1032	393	635	537	829	321	490	806	1379	1528	1100	840	837
Vps53_+_76179574.23-P1P2	Vps53	588	1019	982	910	444	123	262	249	362	171	143	332	560	438	313	243	241
Fgf13_-_59134701.23-P1P2	Fgf13	2047	2379	2218	2782	2455	790	1154	844	1375	692	907	2044	2088	2931	1933	1541	1472
Zfp106_+_120563792.23-P1P2	Zfp106	2116	2539	1966	2732	2527	655	1020	1231	1674	664	1381	1589	1904	2465	1739	1284	1220
Atp5j_+_84834847.23-P1P2	Atp5j	730	1166	1139	1373	1325	269	387	361	704	326	420	555	1266	943	773	615	647
Cryab_+_50753296.23-P1P2	Cryab	2379	3221	2557	3578	3441	839	1227	1003	1976	699	1308	1985	2090	3203	1835	1762	1586
Psen2_-_180229921.23-P2	Psen2_P2	1864	2498	1645	1856	2614	623	1093	944	1417	635	1207	1412	1717	2113	1948	1154	1469
Vip_+_5639312.23-P1P2	Vip	1705	1999	1676	1804	1866	433	743	506	1438	599	772	1248	1713	1849	1311	1154	1084
Ifnb1_+_88522782.23-P1P2	Ifnb1	1710	2229	2072	2765	2113	586	921	1130	1489	700	1241	1573	1858	1879	1641	1341	1067
App_+_85173636.23-P1P2	App	2315	2709	2353	2868	2727	573	1017	1103	1692	706	1504	1263	2081	2857	2284	1398	1466
Decr1_+_15945214.23-P1P2	Decr1	1368	2088	2073	2195	1801	421	731	959	1218	451	994	1119	1887	2149	1315	1001	1156
Cox5a_+_57521334.23-P1P2	Cox5a	1916	2464	2334	3026	1941	468	1071	911	1622	542	1008	1803	2261	2190	1445	1372	1242
Syne1_+_5550549.23-ENSMUST00000041639.5	Syne1	1538	1804	1573	1536	1238	464	554	602	778	358	685	971	1308	1481	1318	915	770
Dvl3_+_20517155.23-P1P2	Dvl3	1884	2370	2161	2132	2264	730	777	707	1394	578	1325	1358	2036	1828	1253	1352	1108
Dlg4_+_70024020.23-P2	Dlg4_P2	1062	1477	1286	1795	1749	361	566	469	879	367	731	692	825	1367	963	884	698
Kat2a_+_100712412.23-P1P2	Kat2a	1420	2372	1450	2164	2029	493	796	956	1348	427	972	1219	1867	1939	1325	929	1052
H2-M10.1_-_36326117.23-ENSMUST00000025322.7	H2-M10.1	3225	4837	4282	5150	4861	1058	1612	1565	2854	1189	1724	2419	3748	4293	2794	2636	2278
Calm3_+_16923936.23-ENSMUST00000019514.9	Calm3	2494	2871	2120	3151	3146	785	1070	1232	1861	893	1099	1484	2660	2575	2269	1675	1345
Gdnf_-_7811114.23-P1P2	Gdnf	1576	1744	1391	2216	1975	587	741	695	1457	342	531	1077	2068	2130	1908	1455	1344
Sst_+_23890839.23-P1P2	Sst	2116	2324	2137	3341	2824	626	1133	1428	1769	756	1551	1753	2482	3095	2045	1624	1803
Psmd6_+_14120710.23-P1P2	Psmd6	2251	2604	2155	2655	2499	717	1153	757	1601	820	1198	1518	2065	2290	1419	1097	1509
Hdac6_+_7947573.23-P1P2	Hdac6	1729	2318	1516	2376	2202	483	890	1107	1572	407	1251	1125	1792	1912	1535	1163	1455
Rasgrf1_+_89910180.23-P1P2	Rasgrf1	1928	2362	1860	1949	2475	547	793	877	1326	506	1150	1236	1357	2365	1502	1133	1152
Blmh_-_76945785.23-P1P2	Blmh	2029	2290	1375	2058	1914	559	842	1305	1244	434	824	1221	1435	2075	1517	1205	839
Kctd7_+_130145149.23-P1P2	Kctd7	1138	1683	1195	1833	1402	334	628	762	1064	401	1046	851	1424	1447	1090	723	998
Pon1_-_5193769.23-P1P2	Pon1	1970	1787	1493	2382	2004	602	766	761	1104	649	752	948	1650	1660	1598	1014	1209
Plcg1_+_160731287.23-P1P2	Plcg1	837	1896	953	1567	1578	515	680	381	835	360	565	543	1273	1222	896	507	666
Parp1_-_180568997.23-P1P2	Parp1	1859	2347	1833	2552	2940	678	882	1136	1346	614	880	1704	1655	2020	1650	1284	1366
Elavl4_+_110287469.23-P1P2	Elavl4	3136	2928	3078	3848	2852	981	1362	1556	1884	717	1188	1970	2693	2823	1999	2052	1469
Mgrn1_+_4886349.23-P1P2	Mgrn1	1534	1677	1708	2147	2504	587	962	901	1162	636	934	1224	1920	1972	1153	909	1156
Inf2_+_112588832.23-P1	Inf2_P1	1789	2427	1833	2353	2540	578	977	974	1444	811	1297	1479	2444	2251	1777	1349	1207
Eno2_-_124769471.23-P1P2	Eno2	1898	2238	1732	2395	2331	611	1044	951	1508	510	1419	1440	1429	2151	1996	1259	1202
Htt_+_34761793.23-P1P2	Htt	1810	2646	1949	2882	1953	496	783	755	1267	489	1160	1460	1820	1908	1388	1446	1392
Nos3_+_24364860.23-P1P2	Nos3	1473	2558	1871	2806	2480	630	1037	879	1579	592	1002	1777	1770	2166	1456	1020	1011
non-targeting_04036	non-targeting	894	1467	1151	1325	1052	249	460	601	618	402	494	731	1065	1142	866	661	713
Cntf_-_12765358.23-P1P2	Cntf	2367	2281	2389	3065	2339	748	1175	1371	1439	739	1394	1881	1734	2140	1704	1163	1497
Atf4_+_80255517.23-P1P2	Atf4	507	619	833	796	689	330	305	525	374	177	500	289	535	671	467	460	545
Tomm40l_+_171222250.23-P1P2	Tomm40l	1731	1846	2102	2237	1888	614	780	683	1139	534	828	1195	1507	2035	1319	1260	1101
non-targeting_04298	non-targeting	1091	1359	995	1243	1085	306	393	361	653	260	559	909	1071	940	629	481	572
Clcn7_-_25133411.23-P1P2	Clcn7	2012	2296	2045	2740	2080	759	1071	1139	1226	632	922	1333	2077	2317	1587	1465	1046
Dab1_-_104367643.23-P1P2	Dab1	1597	2284	1842	2357	1899	554	933	967	1227	521	878	1217	2128	2027	1385	1146	1219
Mpo_-_87794166.23-P1P2	Mpo	1194	1858	1404	1947	1698	445	688	392	1073	346	751	1037	1102	1394	1108	876	814
Pik3cb_+_99140168.23-P1P2	Pik3cb	2853	3017	2027	3825	3442	856	1267	1080	1740	749	1396	1460	2581	2756	2187	1655	1652
Tsn_+_118311165.23-P1P2	Tsn	266	390	337	453	228	54	145	72	186	89	49	156	277	232	227	196	132
H2-M10.3_+_36367925.23-ENSMUST00000073546.3	H2-M10.3	1203	1352	815	1687	823	216	649	431	849	427	606	782	1152	1239	828	751	774
Plcb4_+_135741857.23-ENSMUST00000110109.1	Plcb4	1441	2005	1608	2121	2159	537	766	469	791	437	961	1394	1959	1732	1275	1140	939
Aptx_-_40702951.23-P1P2	Aptx	1709	2160	1274	1788	1610	534	605	672	1255	388	795	1143	1641	1296	1243	1086	801
H2-M1_-_36672144.23-P1P2	H2-M1	1273	2006	1672	1909	1750	445	856	480	1156	550	657	1117	1095	1676	1236	787	982
non-targeting_02573	non-targeting	1643	1645	1261	1472	1148	293	496	834	790	384	822	829	1219	1372	826	693	633
Egfr_+_16752295.23-P1P2	Egfr	1789	2433	1803	2322	2480	731	721	776	1042	573	994	1109	1716	2141	1539	1138	1140
Casp7_+_56397264.23-P1P2	Casp7	3620	3651	3009	4206	3884	1369	1292	1195	1944	1093	1394	2379	3000	3751	2806	2201	1990
Ccdc88c_-_101028785.23-P1P2	Ccdc88c	1879	2225	1502	2193	2202	488	806	628	1030	456	822	947	1432	1801	1315	1028	1078
Fadd_+_144582409.23-P1P2	Fadd	1742	2009	2041	2535	2254	432	860	1063	1224	652	1120	1282	1841	2232	1693	1332	1197
Hspg2_-_137468853.23-P1P2	Hspg2	2468	2736	2026	2853	2685	733	982	974	1191	713	1007	1492	2730	2389	1432	1518	1612
Prkra_-_76648007.23-P1P2	Prkra	1939	2196	1708	2325	2351	623	886	853	1360	553	807	1266	2104	2387	1512	938	1363
Fa2h_-_111393800.23-P1P2	Fa2h	2140	2553	2254	3013	2763	547	896	1420	1459	532	1212	1705	2020	2351	1660	1439	1490
Egr2_+_67535563.23-P2	Egr2_P2	1617	2253	1704	2105	2563	534	895	637	1557	500	1182	1234	1707	2072	1385	1292	947
Clcn2_+_20716073.23-P1	Clcn2_P1	1371	1444	1249	1662	1130	277	450	530	625	260	261	750	593	874	613	583	587
Ctnnb1_-_120933567.23-P1P2	Ctnnb1	1278	1594	1338	2123	1777	475	606	605	1270	443	824	1040	1512	1751	1355	996	976
Serpina3b_-_104128012.23-P1P2	Serpina3b	940	1315	979	1340	921	366	403	432	695	303	456	703	1000	1043	893	645	573
Aaas_-_102350610.23-P1P2	Aaas	787	790	1003	1046	861	274	513	559	584	314	464	598	621	960	735	697	642
Ndufa1_+_37191150.23-P1P2	Ndufa1	1740	1901	1546	2445	1583	463	689	704	1223	544	865	1316	1506	1853	1038	1143	833
Adrm1_-_180171639.23-P1P2	Adrm1	1412	1571	1156	1512	1485	343	505	511	901	352	471	751	1308	1300	1022	740	762
Grid2_+_63256046.23-P1P2	Grid2	1953	2411	1698	2514	2101	648	1134	971	1551	650	1241	1529	1812	2686	1604	1493	1249
Mapk12_+_89140624.23-P1P2	Mapk12	1670	2024	1594	1884	1710	468	753	604	968	434	909	880	1649	1531	1427	1136	1008
Mcu_-_59616409.23-P1P2	Mcu	1331	2010	1695	2141	2324	498	760	733	1212	308	942	841	1484	1810	1008	894	890
H2-M11_+_36547306.23-ENSMUST00000041964.6	H2-M11	1887	1553	1452	1725	2033	373	611	724	975	408	820	856	1207	1549	1082	1115	738
Trip4_+_65885061.23-P1	Trip4_P1	2907	3566	2919	3629	3537	781	1381	1459	2164	956	1783	1761	2483	3495	2083	1894	1942
Gabpa_+_84835482.23-P1P2	Gabpa	1225	1348	1356	2222	1522	242	571	428	1085	421	603	908	1045	1522	1077	914	830
Slc52a3_+_151996618.23-P1	Slc52a3_P1	1337	1623	1447	2054	1900	442	705	501	770	405	652	881	1278	1590	1071	994	842
Fggy_+_95557792.23-P1	Fggy_P1	1040	1500	934	1739	1512	356	561	509	711	330	819	618	1064	1226	1012	936	617
Aimp1_+_132683625.23-P1P2	Aimp1	1632	2093	1587	2113	1882	390	792	690	1087	414	1248	739	1579	1592	1581	1170	975
Map2k7_+_4238919.23-P1P2	Map2k7	1707	2105	1616	1930	1527	551	849	784	1322	525	971	1328	1596	1724	1357	1073	1020
F2rl3_+_72761969.23-P1P2	F2rl3	1941	1877	1638	2186	1884	494	818	846	1098	516	1036	906	1470	2071	1098	1093	1088
Esr1_+_4710236.23-P1P2	Esr1	1708	1851	1457	2142	2018	461	738	953	1308	609	886	1454	1317	2026	1627	1125	1387
Comt_-_18426364.23-P1P2	Comt	2873	2684	2541	3206	3069	932	1055	1068	1771	873	1371	1784	2500	2881	2027	1532	1410
Ang4_-_51773244.23-P1P2	Ang4	670	924	990	1203	779	217	389	284	664	175	283	477	820	910	734	379	403
Ap4m1_-_138172147.23-P1P2	Ap4m1	1148	1194	863	1081	1307	309	501	441	678	314	775	1054	893	1165	723	641	728
Park7_+_150914429.23-P2	Park7_P2	1541	1821	1258	2015	1538	506	662	457	1000	442	590	975	1690	1573	1252	946	933
H2-T24_-_36020512.23-P1P2	H2-T24	675	1155	1010	1343	1030	227	394	478	737	329	372	743	911	1050	752	458	652
Aimp1_-_132683847.23-P1P2	Aimp1	2291	2506	2406	2566	2092	896	1039	1020	1444	709	1134	1328	2322	2250	1865	1404	1448
Ubqln4_-_88553822.23-P1P2	Ubqln4	2529	4112	2301	3256	2520	797	1360	1394	1654	717	1223	1729	1969	2944	2112	1612	1649
Alg14_-_121292020.23-P1P2	Alg14	1367	1897	1541	1971	1640	411	719	523	944	488	805	715	1233	1392	962	851	772
Ubb_-_62551708.23-P1P2	Ubb	2504	2928	2229	2913	3105	771	1170	1208	1724	704	852	1299	2236	2580	1943	1559	1335
Cd55_+_130462445.23-P1P2	Cd55	1038	1977	1313	2058	1815	513	835	432	1074	364	669	1043	1133	1599	1162	1018	816
Mfge8_+_79149027.23-P1P2	Mfge8	1338	1680	1197	1853	1939	363	611	585	1060	320	607	1041	1030	1794	1281	841	970
Zfp629_-_127615237.23-P1P2	Zfp629	1539	2387	1746	2235	2300	518	895	720	1124	444	1216	1156	1472	2073	1611	1083	1084
Ube2v1_-_167631950.23-P1P2	Ube2v1	1186	1647	1428	1940	1952	520	501	499	1091	471	800	1181	1313	1546	1026	732	643
Ddit3_-_127290891.23-P1P2	Ddit3	919	1365	1259	1255	1335	320	448	510	605	323	597	838	1067	1255	1079	773	815
Kif1b_+_149307686.23-P1P2	Kif1b	2139	2690	1840	2485	2292	584	867	798	1264	622	1042	1658	1628	2137	1691	1282	1024
Ptges_+_30930061.23-P2	Ptges_P2	1543	1889	1542	2211	1832	617	760	820	1526	478	783	1115	1314	1846	1366	965	877
Inf2_-_112588803.23-P1	Inf2_P1	1567	2333	1302	2204	1765	576	524	688	981	305	908	1359	1150	1635	1374	1041	1098
Bean1_-_104170634.23-P1P2	Bean1	1547	1815	1621	2063	1952	594	983	818	1186	378	1010	1096	2084	1932	1330	1091	906
Adm_+_110627693.23-P1P2	Adm	2638	2780	2026	2999	2791	660	911	1269	1433	594	1097	1692	2627	2646	1910	1591	1398
Gabarapl1_-_129533274.23-P1P2	Gabarapl1	999	1237	995	1402	1438	275	366	376	920	374	502	905	719	1053	1004	852	372
Cd40lg_+_57212182.23-P1P2	Cd40lg	1160	1443	998	1471	1824	272	500	539	900	295	563	1189	1088	1230	986	825	675
non-targeting_03964	non-targeting	2412	2331	1941	2640	2677	585	866	1243	1733	552	1227	1416	2196	2790	1856	1528	1216
Dnajb2_-_75236518.23-P1P2	Dnajb2	1683	2165	1848	2037	1777	431	804	512	1136	480	860	720	1325	1738	878	1103	742
Cox4i2_+_152754399.23-P1P2	Cox4i2	1499	1547	1557	1701	1852	473	824	686	1086	485	936	938	1621	1529	1207	990	1153
Ttc19_+_62281504.23-P1P2	Ttc19	2238	2357	1921	2861	2418	649	871	739	1483	591	1150	1325	2186	2195	1679	1375	1238
Rtn4_-_29692997.23-P1P2	Rtn4	967	903	1173	1487	1409	310	577	376	716	282	755	906	929	1316	1059	556	595
Trpv4_-_114658346.23-P1P2	Trpv4	1471	1507	1779	1795	1475	356	768	497	825	404	848	1189	1315	1377	1158	849	878
Sirt7_+_120624958.23-P1P2	Sirt7	929	1216	865	1438	1518	351	581	406	918	348	839	616	1150	1190	717	688	747
Ube3a_-_59228865.23-P1P2	Ube3a	1089	1343	1211	1759	1526	303	565	650	1023	361	757	674	1326	1467	929	930	981
Ezh2_+_47594962.23-P1P2	Ezh2	2013	2618	2295	2374	3060	763	1038	897	1461	617	1246	1548	1817	2176	1536	1298	1440
Prx_-_27508075.23-P2	Prx_P2	2410	2368	2046	2895	2820	658	990	1246	1447	740	1205	1735	2043	2358	1771	1654	1833
Trex1_-_109058976.23-P1P2	Trex1	1637	2294	1529	2620	1966	460	764	1041	1437	557	1165	1117	1582	1767	1452	1212	1196
Pcsk1n_+_7919897.23-P1P2	Pcsk1n	2504	2847	2038	3057	2087	796	1090	1416	1880	597	1257	1901	2520	2677	1941	1449	1276
Erbb2_+_98412583.23-P1P2	Erbb2	2672	3207	3067	3427	2893	722	1583	1302	2138	887	1570	2104	2847	3197	2645	1789	1618
Chrm3_-_9878910.23-ENSMUST00000063093.9	Chrm3	1878	1899	2175	2259	2297	529	834	960	1066	707	1050	1304	1914	2158	1753	1269	1149
Map3k11_+_5688807.23-P2	Map3k11_P2	1826	2165	1850	2426	2314	561	737	803	1076	455	811	1427	2013	2028	1234	1187	1161
Ndufa12_+_94199149.23-P1P2	Ndufa12	2091	2511	2458	2628	2341	589	1032	890	1684	879	1216	1537	2105	1870	1977	1312	1213
Pnpla6_+_3516907.23-P2	Pnpla6_P2	2727	2711	2666	3201	2950	684	1011	1325	1783	599	1660	1854	2420	3255	2056	1777	1836
Abcb1b_-_8798163.23-P1P2	Abcb1b	1813	2208	1700	2657	2113	484	994	953	1523	561	841	1379	1877	2304	1416	1112	1357
Sqstm1_-_50210764.23-P1	Sqstm1_P1	1577	1731	1579	2010	2224	550	769	656	869	454	1120	1352	1343	2056	1807	1089	938
Ppp3ca_-_136670237.23-P1P2	Ppp3ca	914	1270	988	1473	1429	392	347	810	1058	294	710	738	919	1129	916	593	768
Capn2_-_182517489.23-P1P2	Capn2	1414	1921	1392	1939	1851	512	741	595	1041	498	1139	1274	1682	1517	1307	814	1113
Gaa_+_119268056.23-P1P2	Gaa	2376	3742	2530	3387	2981	743	1240	990	1826	908	1341	1755	2307	2576	2007	1876	1541
Cox6b2_+_4752937.23-P1P2	Cox6b2	1263	1743	1751	1733	1569	401	677	806	826	331	886	1082	1773	1342	1094	921	984
Hspa8_-_40802627.23-P2	Hspa8_P2	1356	1591	1133	1706	1131	345	511	630	1150	417	616	952	1081	1332	1074	806	659
Ctrl_+_105933660.23-P1P2	Ctrl	978	1242	1074	1200	1263	395	505	504	924	300	456	618	828	1257	828	731	624
S100b_-_76253977.23-P1P2	S100b	1433	1816	1630	1574	1620	461	679	570	659	463	1002	1234	1337	1705	901	762	830
Canx_+_50325599.23-P1P2	Canx	1489	1619	1297	1884	1832	463	743	737	1160	423	789	1034	1497	1720	1305	1027	843
Mapk14_-_28691446.23-P1P2	Mapk14	1264	1245	1329	1568	1755	462	791	594	728	512	927	1068	1213	1289	1340	702	831
Mmp9_-_164948267.23-P1P2	Mmp9	1809	2805	2335	2967	3324	751	1067	1081	1679	641	1381	1615	2258	2740	1547	1679	1408
non-targeting_02763	non-targeting	1882	2017	1420	2604	2307	437	806	862	1584	606	1183	1358	1573	1878	1321	1086	1061
Klc1_-_111758936.23-P1P2	Klc1	1942	2571	2212	2537	1904	592	949	1232	1267	591	1104	1227	2105	1975	1660	1340	1183
Tmem184b_+_79403248.23-P1P2	Tmem184b	1034	1680	890	1988	1769	243	737	484	1020	290	869	901	1443	1644	1347	912	853
Cyld_-_88697118.23-P1P2	Cyld	1651	1931	1561	2210	2345	502	851	828	1362	470	905	894	1566	2204	1336	1365	1075
Axin2_-_108920851.23-P1P2	Axin2	794	1341	1091	1446	1124	360	625	702	988	296	646	690	1261	1336	845	568	566
Ptprc_-_138175231.23-P1P2	Ptprc	1443	1975	1609	2075	1976	556	677	844	1043	328	880	1090	1503	1662	1117	1111	962
Atf6_-_170867702.23-P1P2	Atf6	1775	1764	1813	2400	1979	421	671	665	973	421	750	904	1188	1856	1242	1101	1078
Pdha1_-_160138336.23-P1P2	Pdha1	1741	1874	2073	2398	2262	448	678	715	1258	603	1127	1075	1456	1735	1082	978	1133
Ubqln4_-_88554037.23-P1P2	Ubqln4	2020	2295	2327	2677	3231	685	1292	1034	1587	631	1193	1808	2148	2486	1813	1518	1326
Acox1_-_116198811.23-P1P2	Acox1	1452	1508	1182	1478	1599	377	597	643	814	312	585	717	1230	1264	1070	812	651
Psma5_-_108257314.23-P1P2	Psma5	1183	1412	1028	1431	948	376	496	469	785	306	721	930	1362	1285	780	751	943
Nos1_+_117841946.23-P1P2	Nos1	1399	2470	2104	2839	2123	456	942	863	1246	417	1054	1229	1795	1955	1574	1090	1361
Uqcrq_+_53430786.23-P1P2	Uqcrq	789	1217	1012	1243	1143	277	379	341	716	233	401	524	825	581	448	690	502
Maoa_+_16619858.23-P1P2	Maoa	1326	1604	1119	1410	923	312	618	533	855	496	511	539	974	1265	1130	638	901
Pum1_+_130663464.23-P1P2	Pum1	1875	2209	1655	2042	2527	624	752	1072	1697	497	963	1191	2018	2094	1485	948	1227
Pdha1_-_160138333.23-P1P2	Pdha1	2780	3142	2519	3337	3451	648	1073	1210	1941	859	1580	1563	1913	2569	2108	1616	1602
Pkd2_-_104459565.23-P1P2	Pkd2	3255	4894	2916	4572	4497	881	1684	1457	2352	1069	1861	2058	3286	3854	2337	1932	2391
Foxo1_+_52268467.23-P1P2	Foxo1	1452	2148	1673	2064	1279	407	690	953	1250	615	948	1116	1704	1888	1051	1029	1026
Vdac2_-_21831585.23-P1P2	Vdac2	2340	3576	2553	3686	3568	824	1307	1322	1937	703	1463	2347	2575	2962	2390	2101	1843
Uchl3_-_101654055.23-P1P2	Uchl3	2102	2274	1727	2141	2257	591	904	657	1125	644	1055	1245	1627	1745	1450	1156	1006
Atp6ap2_+_12587852.23-P1P2	Atp6ap2	1097	1442	865	1719	1250	360	534	688	884	380	538	810	1116	1411	888	783	757
Hspb8_+_116422767.23-P1P2	Hspb8	673	991	552	712	647	220	199	372	405	128	316	316	559	946	445	628	445
Psma5_-_108257414.23-P1P2	Psma5	1519	1954	1596	1741	1287	458	703	602	847	357	982	810	1487	1357	1056	1021	802
Eif2ak2_+_78882497.23-P1P2	Eif2ak2	3906	4534	4209	5170	4759	1297	1899	1671	2875	1215	1995	2285	3738	5089	3118	2345	2309
Eef2_+_81176662.23-P1	Eef2_P1	1817	1993	1851	2186	969	300	586	202	728	393	377	792	639	874	599	576	680
Hspg2_-_137468800.23-P1P2	Hspg2	1422	2429	1910	2237	2072	597	690	1074	1385	590	883	1267	2411	2266	1472	1175	1150
Endou_+_97731342.23-P2	Endou_P2	2014	2230	1870	2343	2307	565	1018	857	1329	510	944	1185	2381	1716	1420	1053	1031
Ndufa4l2_+_127515063.23-P1P2	Ndufa4l2	1132	1031	729	1041	1334	208	353	478	675	305	489	523	797	1260	820	679	606
Vamp2_+_69088592.23-P1P2	Vamp2	2381	2463	2164	2956	2670	766	1099	845	1792	660	1567	1538	2280	2644	1637	1570	1650
Neurod1_+_79456606.23-P1P2	Neurod1	2131	2558	1771	3031	1816	480	823	1101	1474	573	938	1315	1979	2775	1538	1305	1182
Ralgps2_-_156939315.23-P1P2	Ralgps2	2102	1902	1418	2291	1907	737	904	810	1445	673	976	1352	1806	2075	1468	1092	1230
Atp5h_+_115419950.23-P1P2	Atp5h	1752	2416	2188	2315	1887	425	954	751	1289	541	1271	981	1383	2165	1699	1270	1255
Mtmr2_+_13749203.23-P1P2	Mtmr2	1763	2405	1779	2398	1717	462	609	790	1045	425	1125	1265	2000	2050	1376	1288	1023
Hsd17b6_-_128007562.23-P1P2	Hsd17b6	1506	2000	1669	2297	2074	391	676	1001	1232	615	889	1090	1552	1952	1355	1272	943
Atxn1l_+_109737649.23-P1P2	Atxn1l	2224	2610	2321	3109	2435	711	1209	1063	1587	734	1274	1371	2263	2641	1462	1310	1572
Ctsf_+_4855202.23-P1P2	Ctsf	1560	2349	1647	2417	1955	538	745	1071	958	628	843	1321	1480	1957	1374	1124	1142
Serpina3n_-_104406806.23-P1P2	Serpina3n	1043	1915	1245	1074	1223	406	379	442	715	299	686	629	1084	1257	983	826	831
Gsk3a_+_25237652.23-P1P2	Gsk3a	1026	959	933	1229	1331	379	488	334	533	486	445	748	1150	1065	932	623	664
Ascc1_+_60002889.23-P1P2	Ascc1	2017	2287	2818	2672	2394	721	951	1152	1592	431	1284	1565	1937	2167	2048	1547	1331
Vwa3b_-_37153976.23-P1P2	Vwa3b	1831	1905	1531	2275	1839	454	786	619	1543	471	580	987	1378	1786	1656	808	1047
Sybu_+_44752151.23-P1P2	Sybu	1432	2279	1475	2159	1796	569	753	805	947	534	883	908	1069	1791	1399	1002	1064
Cacna1f_-_7607170.23-P1P2	Cacna1f	2030	2288	2099	2251	2160	561	914	750	1230	601	1092	1270	1664	1920	1769	1470	1513
Atp5d_+_80142413.23-P1P2	Atp5d	1495	1761	1295	1723	1900	492	670	517	1227	566	881	1152	1698	1356	902	956	795
Pqbp1_+_7899206.23-P1P2	Pqbp1	2534	3174	2656	3672	2521	653	1382	960	1783	1078	1401	1669	2491	2819	1927	1654	1748
Cx3cr1_+_120068250.23-P1P2	Cx3cr1	2534	3782	2724	3409	3224	969	1124	1560	2074	811	1371	1837	2097	3308	2362	2004	1845
Dnah7b_-_46067066.23-P1P2	Dnah7b	1926	2573	1726	2038	2177	441	779	1199	1078	619	1232	1495	1812	2053	1425	1201	1324
Mfge8_-_79148973.23-P1P2	Mfge8	1722	2165	1967	2128	1910	683	926	882	1035	541	1037	1022	1884	1856	1377	972	800
Uba7_-_107983044.23-P2	Uba7_P2	2083	2511	2189	2888	1981	527	1041	922	1158	691	1019	1479	2177	2454	1600	1139	1318
Atp5e_-_174464090.23-P1P2	Atp5e	2097	3025	1819	3040	2618	507	800	942	1171	469	1162	1731	1704	1889	2146	1327	1313
Pin1_+_20652200.23-P1P2	Pin1	1194	1295	1360	1645	1523	348	604	699	858	281	515	691	995	1403	829	738	809
Hexa_-_59539687.23-P1P2	Hexa	2014	2466	2059	2815	2331	708	886	837	1552	534	1090	1418	1898	2514	1745	1269	1365
Cox6b2_-_4752988.23-P1P2	Cox6b2	1788	2139	1727	2301	1989	455	874	924	1175	483	958	1145	1757	2075	1776	895	1184
Psma3_+_70974681.23-P1P2	Psma3	1863	2693	2516	2728	2128	720	949	1008	1733	655	1368	1367	2325	2420	1723	1472	1326
Acbd5_+_23069114.23-P1P2	Acbd5	1461	1880	1144	1779	1937	399	617	705	1156	428	1106	1095	1562	1653	1012	953	1051
Pmp22_+_63131597.23-P1	Pmp22_P1	1364	1734	1455	1882	1878	349	635	712	980	488	639	1217	1276	1570	1243	1084	1070
Gabarap_+_69991681.23-P1P2	Gabarap	1220	1496	1214	1628	1525	336	533	435	866	366	566	999	1154	1355	1100	636	610
Abca1_-_53159853.23-P1P2	Abca1	1774	2172	1713	2498	2339	564	695	860	1146	713	943	1606	1595	2030	1476	1245	899
Cd200r1_-_44765853.23-P1P2	Cd200r1	1197	1975	1469	1862	2122	605	689	649	972	670	696	794	1319	1732	1092	953	932
Hspb8_+_116422850.23-P1P2	Hspb8	2212	2245	1972	2632	2377	578	832	1246	1212	690	1097	1497	2831	2095	1717	1386	1386
Grin2d_-_45866986.23-P1	Grin2d_P1	1680	2039	2075	2207	2277	394	826	690	1045	491	1056	1407	1642	2010	1115	1265	1126
Sox2_+_34650273.23-P1P2	Sox2	1260	1796	1296	1877	1469	599	726	1012	1388	536	813	919	1595	1897	1077	964	842
Pik3cg_+_32208598.23-P1P2	Pik3cg	1428	1433	1586	2093	1969	398	763	785	1126	501	1098	1280	1335	1676	1357	1244	1128
Klc4_-_46645133.23-P1P2	Klc4	1842	1735	2029	2783	2216	473	912	969	1222	511	1449	1418	1797	2675	1491	1295	1093
Atp5h_-_115419906.23-P1P2	Atp5h	1507	2068	1738	2644	2192	640	725	851	954	608	831	1373	1744	1934	1276	1207	950
Tsen54_-_115814790.23-P1P2	Tsen54	1536	1456	1750	1689	1247	437	482	395	675	411	255	594	781	1036	839	741	600
non-targeting_04059	non-targeting	1499	1834	1362	2131	1815	506	715	528	937	512	878	1164	1506	1806	1423	1035	871
Bid_+_120916794.23-P1P2	Bid	1815	1538	1223	1992	1536	417	669	977	958	500	723	830	1318	1593	1042	867	946
Gm7030_-_36129425.23-P1P2	Gm7030	2038	2374	2227	2919	2090	686	912	715	1125	688	795	1403	1937	2348	1911	1414	1198
H2-M10.5_+_36773117.23-ENSMUST00000041531.6	H2-M10.5	2208	2609	2263	2825	2604	623	730	929	998	692	1214	1421	2074	2372	2087	1318	1394
Ryr1_-_29125066.23-P1P2	Ryr1	2319	2709	2202	3824	2468	688	1161	847	1489	563	1144	1406	2717	2293	2117	1315	1813
Apcs_-_172894925.23-P1P2	Apcs	2436	3274	2573	2690	3127	764	1149	971	1394	627	996	1792	1749	2507	1787	1631	1593
Klf4_-_55532394.23-P1P2	Klf4	635	509	523	739	526	263	284	309	432	147	151	306	679	666	400	268	352
Clcc1_-_108653984.23-P1P2	Clcc1	2386	2667	2331	3081	3346	744	1236	1345	1912	682	1099	1653	2322	2769	2182	1545	1588
Kcne3_-_100178725.23-P1	Kcne3_P1	1779	2382	1857	2525	1461	526	849	779	1137	507	985	1121	1995	2067	1301	1165	1228
Erlin2_-_27023831.23-P1P2	Erlin2	2171	2547	2183	2717	2358	639	1165	1021	1241	561	1497	1534	2452	2430	1605	1477	1576
Ndufa3_+_3617370.23-P1P2	Ndufa3	1880	2826	1756	2377	2110	653	825	800	978	535	947	1108	2288	1920	1419	1319	1070
Klc3_+_19399890.23-P1	Klc3_P1	2357	2618	2213	3000	2674	960	1170	807	1614	719	1291	1500	2425	2503	1751	1396	1418
H2-M1_-_36672179.23-P1P2	H2-M1	2165	2366	1522	2264	1909	503	812	917	1150	521	847	1395	1738	1925	1719	1151	1154
Rtn2_-_19291114.23-P1	Rtn2_P1	977	1551	1689	1889	1533	375	674	640	995	308	680	776	1254	1873	1180	933	672
Bak1_-_27028533.23-P1P2	Bak1	1712	2222	1617	2273	2074	565	821	909	1012	664	1112	971	1953	1946	1379	1236	1180
Wnt16_+_22288320.23-P1P2	Wnt16	1894	2243	1423	2519	2137	630	1039	803	1180	616	816	1477	2195	2097	1554	1616	1469
Trp73_+_154096892.23-P2	Trp73_P2	2772	3824	2397	3222	3196	958	1276	1417	1381	940	1516	1985	2570	3012	2256	1828	1736
Oprd1_+_132144506.23-P1P2	Oprd1	1360	1952	1213	1868	1682	348	547	794	1071	336	710	983	1512	1750	957	793	770
Abca1_-_53159810.23-P1P2	Abca1	2546	3083	2414	3050	2598	578	1223	1075	1850	747	1376	1855	2165	2675	2132	1486	2062
Rab8a_-_72161361.23-P1P2	Rab8a	1394	1584	1122	1390	1465	472	454	329	896	342	586	969	1315	1598	834	891	698
Acsbg1_-_54661717.23-P1P2	Acsbg1	1973	2586	2040	3023	2412	732	1236	589	1463	514	871	1484	2333	2281	1543	1482	1302
Igfals_+_24878777.23-P1P2	Igfals	2150	2345	1685	2232	1927	615	860	925	1246	408	1256	1689	1800	2301	1361	1300	1146
Cnr2_+_135895522.23-P1	Cnr2_P1	2071	2686	2005	2893	2401	744	1065	826	1356	652	1041	1528	2025	2083	1782	1509	1238
Psma7_+_180042402.23-P1P2	Psma7	2388	2807	2421	2980	2544	566	898	856	1432	689	1085	1359	1923	2570	1674	1386	1586
Vamp1_+_125231325.23-P2	Vamp1_P2	1056	1356	744	1444	1219	449	410	273	428	371	554	968	1102	1122	831	725	619
Dnajc13_-_104262891.23-P1P2	Dnajc13	1756	1997	1961	2546	2789	589	825	1075	1257	664	1077	1400	1626	1918	1460	1195	1096
Gaa_-_119268240.23-P1P2	Gaa	2879	3726	3085	4290	3212	766	1411	1192	1859	765	1824	2180	3043	3040	2061	1826	1848
Plcb3_-_6969688.23-P1P2	Plcb3	1918	3115	2123	2417	2368	507	982	944	1354	655	1207	1533	1824	2234	1708	1390	1771
Bean1_+_104170585.23-P1P2	Bean1	1954	2693	2039	2854	1968	789	974	1048	1689	629	1119	1671	1904	2224	1830	1296	1446
Tuba8_-_121210815.23-P1P2	Tuba8	1375	1872	1617	2278	1554	456	826	1194	1010	464	887	715	1560	1758	1011	1131	875
Mak16_+_31168699.23-P1P2	Mak16	1778	1530	1523	2148	1625	320	627	534	1317	474	635	1428	1200	1692	1182	906	707
Fshr_+_89200662.23-P1P2	Fshr	976	1435	1283	1843	1867	328	596	626	774	373	506	960	1399	1608	996	1000	1136
Dnm1l_+_16358923.23-P1P2	Dnm1l	1142	1627	857	1530	1230	263	383	485	844	288	433	601	1081	1112	824	672	723
Tardbp_-_148626472.23-P1P2	Tardbp	2734	4294	3117	4056	2402	517	876	755	1174	559	1163	1471	1326	1112	1122	802	1032
Actb_-_142905729.23-P2	Actb_P2	1772	2947	1967	2684	2493	595	1062	882	1179	552	1286	1593	1961	1870	1598	1108	1313
Hspa1b_+_34958851.23-P1P2	Hspa1b	1902	2271	1861	2256	1863	418	1023	856	1397	667	933	1150	1911	1753	1613	1140	974
Gchfr_-_119167803.23-P1P2	Gchfr	1471	1914	1732	2084	1373	525	704	690	861	507	669	993	1592	1932	1354	925	998
Atp5c1_-_10080407.23-P1P2	Atp5c1	2633	2154	1919	2979	1271	265	471	530	796	439	537	995	765	994	750	832	490
Creb1_-_64532852.23-P1P2	Creb1	2471	3404	2318	3266	3254	886	1212	889	1710	669	1255	1402	2758	2479	1853	1555	1308
Dnmt1_-_20952431.23-P1P2	Dnmt1	1252	1438	1387	2007	1888	272	669	441	977	273	622	925	1120	1554	1192	933	994
Creb1_-_64532855.23-P1P2	Creb1	1792	2884	2502	2966	2325	722	1150	995	1405	652	998	1160	2010	2248	1537	1264	1188
Jag1_-_137116220.23-P1P2	Jag1	1708	1980	1568	2074	1306	364	402	415	643	372	813	816	1420	1604	1449	992	966
Kat2a_-_100712405.23-P1P2	Kat2a	1425	2504	1739	2146	2547	420	756	984	1247	612	1016	1165	1977	2261	1468	1209	915
Gsn_-_35256478.23-P1	Gsn_P1	1320	1531	1160	1782	1448	358	530	619	1034	314	919	848	1343	1443	769	987	651
Slc2a1_-_119108844.23-P1P2	Slc2a1	1815	2242	1859	2596	2240	679	1006	869	1205	516	1030	1041	1604	1717	2023	1255	1233
Cox8a_-_7217521.23-P1P2	Cox8a	1599	1650	1924	2036	1807	448	914	1008	1265	593	1062	1190	1639	1854	1513	1083	1007
Cav1_-_17306488.23-P2	Cav1_P2	1701	1962	1461	2335	1634	444	744	796	1032	527	889	993	1569	1678	1305	1102	1239
Nras_+_103058339.23-P1P2	Nras	1453	1922	1499	2055	1877	446	818	464	1199	650	866	1064	1690	1784	1585	1500	1004
Eif2ak2_+_78882484.23-P1P2	Eif2ak2	2581	2771	2894	3273	2546	845	1332	866	1955	911	1205	1572	2742	2530	1774	1516	1374
Hprt_+_52988212.23-P1P2	Hprt	1540	2520	1670	2194	2286	668	806	815	1384	582	911	1593	1735	2223	1260	1006	1365
Casp3_-_46617479.23-P1P2	Casp3	2358	2527	2067	2740	2578	717	985	940	1461	679	1234	1422	2231	2512	1866	1191	1389
Dnajc6_-_101508207.23-P1P2	Dnajc6	1011	1247	1062	941	1109	287	490	271	491	343	526	555	704	1159	837	544	762
Ndufa8_-_36049269.23-P1P2	Ndufa8	2771	3482	2877	3878	3957	743	1362	1512	1955	1075	1713	1962	2657	3647	2319	1548	1630
Ndufv3_+_31520211.23-P1P2	Ndufv3	1948	2739	1711	2919	1942	667	900	781	1318	643	1177	1268	1776	2235	1649	1210	1148
Mapk11_+_89149539.23-P1P2	Mapk11	2354	3194	2503	3157	2708	657	1032	902	1698	807	1697	1609	1891	2896	2117	1793	1706
Sox2_-_34650204.23-P1P2	Sox2	2008	1720	1558	1686	1966	460	775	868	1268	655	1008	976	1420	1744	1310	1109	1031
Dctn1_-_83165949.23-P1P2	Dctn1	1840	2312	2118	2716	2079	599	917	755	1192	661	1086	1075	1718	1994	1114	1160	1096
Pik3ca_-_32397339.23-P1P2	Pik3ca	1340	1135	778	1392	1397	495	563	456	1043	340	658	1033	1021	1338	763	773	672
Eif4g1_-_20672800.23-P1P2	Eif4g1	2156	2571	1624	2610	2492	742	1148	861	1663	558	1220	1289	1535	2124	1797	1320	1279
Cav1_+_17307736.23-P1	Cav1_P1	520	784	735	1016	588	188	331	423	463	244	216	450	777	1169	611	467	580
Tpo_+_30132459.23-P1P2	Tpo	1247	1824	1169	1914	1326	401	634	654	687	416	537	793	1270	1254	1094	731	868
Ang6_-_44002257.23-ENSMUST00000096869.2	Ang6	1582	2252	1659	2166	1609	628	860	954	1322	406	1030	1197	1640	1989	1309	986	1302
Smurf2_+_106920669.23-P1P2	Smurf2	1224	1601	1074	1709	1100	339	456	558	918	406	763	894	1208	1352	1007	796	731
Tia1_-_86404314.23-P1P2	Tia1	883	1289	1112	912	950	238	455	321	814	253	430	484	701	1039	702	492	506
Atp5g3_+_73911230.23-P1P2	Atp5g3	2153	2165	2006	2651	2602	624	987	965	1055	583	1100	1623	2102	2156	1662	1408	1335
Plcb2_-_118728368.23-P1P2	Plcb2	1138	1534	1290	1409	1548	367	687	768	996	394	709	692	1481	1308	992	919	766
Map2_-_66322095.23-P2	Map2_P2	1984	2234	1939	2424	2388	495	745	1038	1334	561	1231	1356	1891	2125	1837	1324	1176
Klc2_+_5118226.23-P1P2	Klc2	2138	2510	2202	2767	2435	626	988	854	1834	688	1027	1517	1574	2605	2075	1313	1325
Trim2_-_84220883.23-P1	Trim2_P1	990	1801	1493	2021	2122	442	804	678	902	483	662	977	1366	1798	1354	1020	813
Tmem230_-_132247768.23-P1P2	Tmem230	1294	1094	1375	1906	1713	208	546	604	672	503	837	945	1337	1689	871	875	823
Stx1a_-_135041124.23-P2	Stx1a_P2	1909	1713	1708	2081	1605	490	921	672	1077	424	744	1136	1836	1861	1331	1062	1076
Sptlc3_-_139494208.23-P1P2	Sptlc3	1633	1814	1515	2233	1828	521	715	784	915	448	876	1273	1680	1920	1279	1052	1037
Mapk14_+_28691490.23-P1P2	Mapk14	962	1281	761	1341	1646	259	543	539	838	342	512	634	1099	1076	1070	727	993
non-targeting_04047	non-targeting	1638	1731	1576	2008	1204	401	604	561	972	369	814	870	1774	1645	1451	1262	928
Mag_+_30914839.23-P1P2	Mag	1614	2295	1870	1980	2113	458	891	1021	1148	697	1034	1261	1767	2044	1503	1196	803
Msra_-_64440837.23-P1P2	Msra	1258	1160	984	1421	1313	366	681	633	899	376	820	808	1127	1177	885	736	884
Cast_+_74807868.23-P1P2	Cast	2055	2521	1628	2252	1578	651	725	967	983	514	937	1435	1996	2126	1293	1370	1275
Asah1_+_41374576.23-P1P2	Asah1	2202	2317	2196	2443	1934	790	1063	1039	1375	581	1068	1579	2168	2510	1876	1125	1371
Maf_-_115707748.23-P1P2	Maf	1065	1154	996	1295	1418	245	382	546	713	221	355	410	992	936	857	737	548
Tyrobp_+_30413793.23-P1P2	Tyrobp	1001	1279	748	1344	1075	209	542	422	777	341	554	525	1239	1067	1094	794	726
Kl_+_150952746.23-P1P2	Kl	1501	1870	1076	1869	2022	460	541	736	913	429	702	1100	1094	1361	1537	1168	849
Spg21_+_65461019.23-P1P2	Spg21	913	1311	865	1722	1498	362	559	473	1083	435	579	951	1031	1314	764	647	584
Il13_+_53634606.23-P1P2	Il13	1610	1893	1665	1977	1586	540	652	586	1210	392	574	737	1658	1848	1491	1006	1050
Ndufs8_+_3912704.23-P1P2	Ndufs8	1440	2001	1499	1675	1564	351	536	545	886	377	799	861	914	799	762	491	647
Tlr4_+_66827595.23-P1P2	Tlr4	2166	3289	1918	3060	2274	677	986	909	2001	612	969	1345	2163	2485	2338	1466	1611
Atg12_-_46741565.23-P1P2	Atg12	1711	2193	2051	2504	1767	399	691	481	1327	542	992	1253	1422	1925	1453	1201	1170
Ndufs6_+_73328382.23-P1P2	Ndufs6	1367	2051	1336	2130	1430	413	724	833	1019	455	774	1193	1475	1826	1142	929	842
Psmb5_-_54617716.23-P1P2	Psmb5	1025	1268	1022	1279	799	331	485	229	625	269	313	639	889	838	599	619	489
Prickle1_-_93519503.23-P2	Prickle1_P2	2186	2305	2129	2602	2285	600	955	980	1406	706	1274	1277	2079	1901	1677	1263	1223
Cyp2d34_-_82620457.23-P1P2	Cyp2d34	2053	2230	1780	2621	2212	575	978	1196	1606	443	1049	1452	1712	2535	1512	1452	1124
Sybu_+_44752192.23-P1P2	Sybu	1638	1959	1866	1951	2029	449	846	1051	1455	538	736	950	1849	1712	1651	1289	989
Dnah8_-_30624392.23-ENSMUST00000170651.1	Dnah8	1726	2034	2063	2622	2354	510	792	1265	1305	567	1306	1497	2443	2275	1714	1251	1415
Casp9_+_141794068.23-P1P2	Casp9	970	873	948	908	880	237	503	538	660	208	537	258	1006	882	614	515	664
non-targeting_03057	non-targeting	3212	3773	2953	3996	3598	933	1600	1177	2076	828	1718	2105	3541	3346	2468	2176	1650
Nrros_-_32165425.23-P1P2	Nrros	2771	3461	3060	4242	2997	1017	1369	1433	1865	1032	1442	2393	2940	3399	2590	1816	1770
Nr4a2_+_57124118.23-P2	Nr4a2_P2	2547	2346	2070	2615	2713	618	905	1051	1527	767	1162	1252	2121	2804	1829	1396	1186
Pde4a_+_21196776.23-P1	Pde4a_P1	1703	1975	2222	3018	2541	782	1094	1047	1337	571	1557	1253	1918	2527	1764	1249	1353
Sptan1_-_29965708.23-P1P2	Sptan1	2339	2817	2031	3029	2582	533	966	858	1516	665	1053	1431	1888	2350	1620	1485	1198
Cp_+_19957109.23-P1P2	Cp	1893	2406	1906	2202	2041	629	909	1148	1243	636	1240	1190	1819	1877	1780	970	1268
Ift57_-_49699252.23-P1P2	Ift57	1356	1863	1575	1830	1676	544	678	621	883	625	843	779	1597	1901	1042	984	749
Trex1_-_109059240.23-P1P2	Trex1	1834	2344	1245	2031	2233	459	1051	836	1499	549	698	1240	1879	1872	1010	860	1004
Ahsg_+_22892121.23-P1P2	Ahsg	1482	1537	1580	1998	1770	285	663	959	788	496	668	806	1346	1501	1100	1205	823
Atp7a_+_106027328.23-P1P2	Atp7a	2130	2327	2252	2641	2348	540	930	951	1426	541	821	1374	1666	1998	1216	1257	1200
Agrn_-_156197439.23-P1	Agrn_P1	1704	2561	1804	2213	2084	334	859	817	1565	415	1252	1107	1779	2102	1533	1067	1070
Cyp2d12_-_82555445.23-P1P2	Cyp2d12	1416	2123	1820	2066	1911	398	803	833	1201	355	934	834	1349	1597	1635	1063	912
Xrcc1_+_24547204.23-P1P2	Xrcc1	1520	1772	1295	1327	1161	459	545	709	992	376	692	1058	1505	1149	1029	721	548
Rtn4_+_29693060.23-P1P2	Rtn4	1310	2026	1734	1642	1616	366	650	642	997	284	607	946	1093	1534	1169	846	798
Slc17a6_-_51622112.23-P1P2	Slc17a6	1533	1770	1408	1881	1835	430	826	562	865	505	939	1056	1474	1894	1220	1046	1009
Gstm3_-_107969111.23-P1P2	Gstm3	2726	4056	2862	3633	2971	1003	1436	1470	1864	881	1415	2337	3257	3254	2351	1843	2044
Lrpprc_-_84790539.23-P1P2	Lrpprc	1275	1482	1467	1699	1538	365	675	643	694	453	667	729	1098	1234	911	727	632
Itm2b_-_73385247.23-P1	Itm2b_P1	1742	2236	2128	2391	2137	658	807	713	1233	562	994	1176	1510	1904	1463	1007	1007
Map2k3_+_60932108.23-P1P2	Map2k3	1944	2695	1737	2264	2140	713	984	906	1643	650	1124	1270	1937	2206	1874	1147	1541
Chrna7_-_63212147.23-P1P2	Chrna7	1898	2661	2021	3002	2613	480	839	874	1636	754	1042	1452	1800	2217	1680	1183	1267
Lmnb1_+_56708007.23-P1P2	Lmnb1	974	1275	1360	1230	1319	348	508	332	913	352	532	676	1247	1376	997	747	565
Kpna3_+_61439805.23-P1P2	Kpna3	848	1264	710	1214	1147	313	387	424	681	305	521	688	728	908	662	680	713
Pitrm1_-_6548243.23-P1P2	Pitrm1	2903	3263	3347	3601	3703	810	1126	1636	2364	917	1712	1984	2800	3836	2131	1997	1935
Tubb1_-_174450806.23-P1P2	Tubb1	1327	1835	1838	1681	1442	389	588	389	905	342	648	929	1812	1635	1352	694	937
Ambra1_+_91730218.23-P1P2	Ambra1	2366	2744	1983	3218	2320	707	1007	957	1428	692	934	1270	1886	2513	2282	1526	1531
Mmp3_+_7446065.23-P1P2	Mmp3	3092	3009	3174	3463	3388	721	1367	1009	2489	910	1770	2081	2481	2993	2431	1920	1762
Ddhd2_-_25754351.23-P1P2	Ddhd2	932	1488	1019	1589	1178	390	467	589	1076	270	575	656	940	1040	718	665	883
Cyp7b1_-_18243129.23-P1P2	Cyp7b1	1294	1658	1431	1556	1679	404	499	565	1064	342	689	987	1215	1380	1054	945	993
Prdm8_+_98181057.23-P1P2	Prdm8	1611	2071	2060	2289	2292	537	846	665	1079	442	1157	1145	1492	1913	1567	1120	1070
Gcdh_+_84893731.23-P1P2	Gcdh	1864	1463	1527	1807	1328	365	615	495	1076	407	827	1317	1530	1448	1054	943	771
Kif5b_-_6241497.23-P1P2	Kif5b	1270	1859	1020	1755	1718	455	691	488	720	387	609	933	895	1529	944	798	804
Uqcrb_+_66905117.23-P1P2	Uqcrb	939	1332	1113	1198	1325	287	406	434	569	388	312	1029	785	940	759	753	462
Rest_-_77265583.23-P1P2	Rest	1817	2467	1952	2563	2400	616	880	1125	1369	539	1198	1538	1912	2303	1709	1512	1241
Fmr1_-_68678666.23-P1P2	Fmr1	858	1299	859	1358	890	360	528	349	541	419	470	547	983	1118	725	619	652
Syne1_+_5550527.23-ENSMUST00000041639.5	Syne1	1780	1673	1467	2063	1448	533	823	815	920	402	873	789	1650	1806	1128	1027	911
Serpini1_-_75557577.23-P1P2	Serpini1	1612	2701	1872	2496	2176	612	1221	668	1803	666	1197	1650	2066	2275	1587	1295	1224
Psmd8_+_29180607.23-P1P2	Psmd8	1767	3094	2303	2401	2067	614	841	739	1024	550	1290	1442	2094	1943	1420	1112	1496
Ubap1_-_41349079.23-P1P2	Ubap1	1651	2337	1620	1962	1436	379	435	436	953	504	573	736	1031	1138	950	827	610
Gfap_-_102897076.23-P1P2	Gfap	1957	2547	1693	2799	2789	572	946	1065	1801	756	1068	1566	1918	2179	1284	1302	1274
Dctn5_+_122133089.23-P1P2	Dctn5	1524	1933	1246	1830	1481	433	625	633	948	440	543	721	1542	1478	975	996	816
Dkk4_+_22624047.23-P1P2	Dkk4	1661	2027	1547	1813	1875	623	793	610	1115	474	800	1034	1477	1468	1151	1255	1093
Vps35_+_85299505.23-P1P2	Vps35	909	1541	848	1361	1138	410	471	546	957	298	679	615	851	1065	901	747	610
Jag1_-_137116201.23-P1P2	Jag1	1489	1614	1515	1807	2212	345	757	723	1109	413	947	912	1396	1830	1314	1044	1022
Farsb_-_78488775.23-P1P2	Farsb	1418	2255	2063	2207	2326	527	742	786	1109	517	589	1161	1089	1532	1032	988	949
Lrp6_-_134566975.23-P1P2	Lrp6	1532	1614	1540	1890	1812	456	750	617	1152	514	865	1235	1959	2041	1155	987	1190
Cetn1_-_9619435.23-P1P2	Cetn1	3141	4313	3076	3856	2968	931	1337	1069	2167	639	1413	2081	2594	3103	2665	1722	2053
Apoa1_-_46228733.23-P1P2	Apoa1	1525	1906	1595	1817	1580	516	824	675	1242	556	1112	1098	1424	2339	1540	794	1234
Cycs_+_50566521.23-P1P2	Cycs	1255	1932	1467	1805	1321	454	786	798	1009	574	889	1232	1148	1645	1037	851	952
Ap4m1_-_138172377.23-P1P2	Ap4m1	1600	2324	1584	2228	1388	565	777	714	888	462	892	1105	1619	1547	1162	1041	915
Uba1_-_20662963.23-P1	Uba1_P1	1364	1387	1302	1227	1369	339	478	725	756	297	645	663	1072	1364	1030	666	788
Fdps_+_89101843.23-P1P2	Fdps	2418	2531	2030	3118	2801	829	1012	1034	1947	815	1336	1475	2290	2686	1993	1640	1436
Ptprc_+_138175267.23-P1P2	Ptprc	817	1079	879	980	1128	334	409	389	680	216	515	968	750	1294	722	668	549
Wnt2_+_18030320.23-P1P2	Wnt2	1612	2271	1717	2769	2245	604	749	1381	1285	508	950	1271	1949	1933	1622	1141	1067
Ccdc88c_+_101028848.23-P1P2	Ccdc88c	1753	2024	1304	2275	1977	535	794	541	1147	389	967	1272	1450	1943	1487	1060	909
Ndufa10_+_92473733.23-P1P2	Ndufa10	1876	2660	2031	2630	1871	483	798	877	1452	699	971	1276	1908	2363	1645	886	1140
Abcd1_-_73716785.23-P1P2	Abcd1	1311	2161	1522	2561	1876	450	816	719	1214	398	926	1113	1831	1335	955	1035	1283
Gnb4_+_32616455.23-P1P2	Gnb4	1158	2166	1624	1959	1703	497	800	1062	1068	623	999	1529	2124	1921	1322	1069	796
2410137M14Rik_-_36981171.23-P1P2	2410137M14Rik	1506	1521	1519	2086	1559	361	773	687	951	519	606	765	1319	1562	1257	923	940
Ascl1_+_87493583.23-P1P2	Ascl1	1682	2033	1466	1956	2087	675	798	1047	882	518	910	1347	1794	1787	1119	1068	1102
Gdnf_-_7810832.23-P1P2	Gdnf	1736	2470	2011	2254	1960	469	754	665	1026	443	996	1378	1758	2262	1319	1089	988
Actr10_-_70937916.23-P1P2	Actr10	1533	2235	1736	1727	1780	380	616	422	1049	440	787	1008	1460	1625	1380	936	890
Cox4i1_-_120668312.23-P1P2	Cox4i1	2334	2065	1568	2630	2163	719	1002	962	1266	598	1069	1867	2120	2223	1477	1120	1163
Zfp106_+_120563750.23-P1P2	Zfp106	879	982	1003	1000	770	234	463	464	652	261	536	710	859	925	656	667	479
Wnt9a_-_59306906.23-P1P2	Wnt9a	1871	2371	2405	2521	2171	646	794	1090	1166	752	1107	1445	2584	2390	1616	1468	1158
Cln6_+_62838848.23-P1P2	Cln6	2169	2654	2303	2504	2605	849	1005	764	1683	679	1401	1272	2175	2540	2089	1189	1285
Psmc3_-_91054354.23-P1P2	Psmc3	1937	3164	2192	3031	1387	298	483	456	907	310	510	640	1051	934	1127	738	796
Ncl_-_86359326.23-P1P2	Ncl	1301	1714	1296	1768	1877	477	467	665	968	330	460	777	1277	1420	1161	860	693
Cyp27a1_-_74713633.23-P1P2	Cyp27a1	3144	3058	3223	4268	4400	1076	1481	1648	2058	989	1799	2350	2972	3899	2397	1847	2261
Ina_+_47014691.23-P1P2	Ina	1547	1810	1760	1971	1475	501	660	718	1097	438	667	1222	1282	1546	886	1043	929
Tlr2_-_83841523.23-P1P2	Tlr2	925	1255	1065	1210	1103	376	537	619	659	387	754	870	876	1029	741	579	496
Wnt7b_-_85577852.23-P2	Wnt7b_P2	1485	1948	1607	2042	2246	774	701	757	1377	429	851	1206	1758	1608	1515	972	1172
Sema6b_+_56133796.23-P2	Sema6b_P2	1475	1835	1496	2277	1760	485	609	603	1016	281	992	1092	1049	1831	1158	1152	936
Crat_-_30415487.23-P1P2	Crat	1383	2639	2075	2203	2078	583	782	771	1329	444	1011	1136	1732	2036	1584	1169	1096
Bcl10_+_145924403.23-P1P2	Bcl10	1515	2138	1689	1605	1734	503	647	625	994	498	685	1209	1221	1881	1061	707	821
Cast_+_74807940.23-P1P2	Cast	2521	3080	2210	2676	2879	707	970	1090	1746	934	1290	1497	2083	2761	1990	1615	1460
Aco2_-_81872580.23-P1P2	Aco2	2307	3010	2309	3370	3147	765	1222	844	1723	769	1318	1666	2209	2520	2014	1822	1365
Tyrp1_+_80834246.23-P1P2	Tyrp1	818	1300	750	1371	918	223	537	607	808	257	591	587	984	1010	732	610	603
Trap1_+_4077595.23-P1P2	Trap1	3076	3470	2279	3838	3148	718	1257	1345	2040	967	1392	2034	3108	3338	1952	1815	1806
Gjc2_-_59182819.23-P1P2	Gjc2	1888	3318	2080	2787	2850	955	1285	941	1643	770	1273	1243	2359	2061	1701	1623	1552
Tmx2_-_84678323.23-P1P2	Tmx2	2752	3567	2332	3288	2604	791	1198	1238	1800	844	1505	1580	3448	3061	2177	1581	1630
Psmd3_+_98682615.23-P1P2	Psmd3	1870	2609	1956	2663	2611	747	1033	1288	1397	691	1321	1301	2538	3158	1848	1362	1192
Unc13a_-_71671692.23-P1P2	Unc13a	2197	2953	2212	2709	2619	612	987	797	1430	687	1455	1305	2239	2411	1691	1206	1394
Agrn_-_156186135.23-P2	Agrn_P2	1961	2354	2253	2195	2200	612	883	853	1261	648	1010	1452	1661	2668	1628	1259	1256
Elavl2_+_91376460.23-P1P2	Elavl2	1309	2424	1296	2296	1957	454	864	942	1194	703	1123	1338	2166	1874	1295	1013	1281
Pclo_-_14515001.23-P1P2	Pclo	1020	1292	819	1324	1164	244	729	330	603	320	494	736	1053	1234	757	669	510
Cybb_-_9469218.23-P1P2	Cybb	1277	1584	1571	1889	1346	443	512	718	801	510	665	837	1275	1532	1479	844	866
Sqstm1_+_50210551.23-P1	Sqstm1_P1	3202	4711	4120	4677	4496	1051	1894	1686	2480	1171	2278	2769	3080	4434	2756	2777	2298
Kif1c_+_70700518.23-P1P2	Kif1c	2751	3350	2542	3581	4083	920	1422	2039	2087	881	1690	2111	3054	3638	2342	1744	1890
Tpp2_+_43934011.23-P1P2	Tpp2	2037	2519	1786	2598	2857	795	1173	1225	2147	687	1234	1701	2124	2646	2395	1516	1482
Unc5c_+_141465692.23-P1P2	Unc5c	1944	3229	2139	2754	2307	749	891	1057	1564	926	1230	1558	1821	3079	1494	1648	1303
Grm5_-_87584504.23-P1P2	Grm5	1385	1512	1249	1748	1491	469	607	593	975	465	798	842	1101	1383	1082	811	866
Dtymk_+_93801840.23-P1P2	Dtymk	2120	2721	1285	2287	2399	494	906	580	1306	574	903	1440	1829	1938	1648	1262	1411
Stc1_+_69029472.23-P1P2	Stc1	2102	2139	1660	2667	2483	576	1037	1060	1535	731	1237	1244	2185	2080	1526	1510	1259
Itm2b_-_73385239.23-P1	Itm2b_P1	1755	2371	1355	2410	1622	478	774	827	991	724	887	1269	1817	1877	1564	991	1105
Nox1_+_134111728.23-P1P2	Nox1	507	1268	694	913	758	161	243	346	415	176	192	430	774	748	695	496	391
Mgst1_+_138140594.23-P1P2	Mgst1	1642	2163	1496	2008	1690	458	762	829	1407	427	793	1408	1575	1652	1467	874	1014
Psma5_+_108257404.23-P1P2	Psma5	713	968	926	1036	1146	266	495	499	618	255	503	528	668	1447	874	420	651
Cycs_+_50566532.23-P1P2	Cycs	1490	1823	1400	1777	1606	479	771	677	1066	494	1002	1466	1226	2042	996	938	995
Calml3_-_3804226.23-P1P2	Calml3	1947	2361	1716	2385	2328	622	962	886	1335	586	1270	1187	1689	2466	1675	1266	1142
Pde4a_+_21165773.23-P2	Pde4a_P2	1896	1839	1767	2413	1861	522	944	1236	1183	623	1103	1532	1902	2528	1758	1238	1236
Bcl2l1_-_152831668.23-P2	Bcl2l1_P2	2610	3663	2868	4055	2806	891	1272	1023	1640	802	1702	2007	2689	2777	2414	2147	1984
Clec16a_-_10545443.23-P1P2	Clec16a	1984	2605	2039	3016	2471	665	961	930	1237	623	1342	1417	2367	2648	2071	1424	1253
Aplp1_+_30445520.23-P1P2	Aplp1	2264	2222	2223	2527	2534	726	1114	1190	1487	557	1086	1561	2076	2607	1361	1259	1248
Canx_-_50325574.23-P1P2	Canx	1897	3115	2369	2909	2747	690	848	1248	1604	662	1505	1340	1735	2446	1799	1545	1311
Akt1_+_112674177.23-P1P2	Akt1	2263	2780	2156	2936	2551	741	1195	1214	1677	556	1652	1348	2378	2520	1798	1518	1334
Actr1b_-_36709913.23-P1P2	Actr1b	1643	1288	1480	2305	1905	362	610	643	964	399	712	1228	1625	1416	1134	950	971
Cox7c_-_86046450.23-P1P2	Cox7c	2201	1933	2199	2889	2456	637	1031	1048	1370	847	1337	1420	1944	2392	1500	1044	1440
Gigyf2_+_87327075.23-P1P2	Gigyf2	1885	2533	2168	2679	2589	667	1003	1078	1777	578	1070	1295	2305	2298	1608	1480	1309
Eef2_-_81176779.23-P1	Eef2_P1	951	1399	1191	1536	655	193	232	293	403	198	141	379	296	356	416	277	226
Ube2g2_+_77622666.23-P1P2	Ube2g2	1273	1676	1330	1908	1984	423	769	1092	950	502	620	900	1560	1668	1123	993	952
Capn2_-_182517391.23-P1P2	Capn2	1575	1759	1792	2116	1838	565	784	751	1332	438	720	1043	1766	1838	1501	1338	1067
Trp73_+_154139871.23-P1	Trp73_P1	1984	3404	2196	2804	2389	1056	1227	1329	1900	773	1094	2067	2239	2823	1947	1721	1431
Ift57_+_49699538.23-P1P2	Ift57	1461	2114	1918	2643	2000	675	820	919	1335	552	827	1390	1810	1948	1403	994	1268
Eif4g2_-_111081593.23-P2	Eif4g2_P2	808	1063	698	906	1002	233	396	202	606	264	288	559	827	744	697	483	521
Vdac1_-_52361298.23-P1P2	Vdac1	1792	2616	1576	2473	2190	559	839	729	1069	480	962	1643	1193	1974	1703	1070	1241
Map1b_+_99516521.23-P1P2	Map1b	1721	1805	1655	2164	2092	700	682	773	1021	524	940	1285	1833	1612	952	849	964
Unc5c_+_141465626.23-P1P2	Unc5c	2095	2720	2281	2887	2370	920	1191	1157	1611	746	1386	1767	2314	2625	1915	1351	1220
Ppid_-_79591404.23-P1P2	Ppid	1385	1300	1374	1776	1435	254	543	407	1085	257	399	813	1374	1640	913	998	960
Serpina3c_+_104153893.23-P1P2	Serpina3c	1632	2044	1742	2606	2177	589	900	899	1238	385	1299	1212	1430	2132	1312	1262	1254
Dvl2_+_70000656.23-P1P2	Dvl2	1958	2354	1577	2313	1649	565	1027	881	1642	616	736	1440	1821	2326	1576	949	1136
Slc1a2_-_102706517.23-ENSMUST00000111212.1	Slc1a2	1284	1719	1560	1735	1295	488	548	644	942	386	945	895	1388	1581	1680	859	795
Dtymk_-_93801843.23-P1P2	Dtymk	1582	1697	1325	1936	1626	385	625	529	896	286	450	677	1515	1435	1146	819	798
Ampd2_-_108086592.23-P1	Ampd2_P1	2673	2995	2342	3044	3049	777	1158	1073	1881	846	1173	1554	2552	2919	2027	1577	1554
Gtf2h1_-_46796151.23-P1P2	Gtf2h1	924	1562	1100	1759	1469	440	602	613	641	476	550	670	983	1235	807	585	710
Serpina3n_-_104406769.23-P1P2	Serpina3n	2093	2308	1853	2897	2507	700	895	1016	1316	566	970	1802	1718	1993	1531	1302	1015
Vamp2_+_69088577.23-P1P2	Vamp2	2304	2827	2146	3697	3455	722	1076	1021	1464	569	1358	2094	2529	2807	2213	1570	1765
Sptlc3_+_139494198.23-P1P2	Sptlc3	2183	2590	2277	2943	2492	474	1025	869	1451	782	1019	1369	2292	2433	2133	1326	1529
Crebbp_+_4212966.23-P1P2	Crebbp	1857	2582	2137	2557	1995	641	981	1099	1413	467	1131	1612	2091	2270	1876	1330	1486
S100a10_+_93555235.23-P1P2	S100a10	2668	2202	2116	3528	3034	910	1122	1265	1567	611	1539	1636	2360	2254	1616	1557	1705
Cwf19l1_-_44135791.23-P1P2	Cwf19l1	1637	1859	1098	2238	2304	486	753	816	1287	538	609	1163	1676	1847	1337	911	1202
Setx_+_29125161.23-P1P2	Setx	2119	3335	2055	2958	2811	665	979	930	1950	699	1147	1347	2664	2780	2025	1420	1698
H2-M10.2_-_36286275.23-ENSMUST00000023845.6	H2-M10.2	1594	2046	1690	1934	2064	613	879	886	1212	471	1015	925	1622	1779	1298	987	1250
Ache_+_137288361.23-P1P2	Ache	1832	2303	2281	2494	2603	658	726	628	1521	540	679	1269	1522	2309	1758	924	1411
Pde8b_-_95250302.23-P1	Pde8b_P1	2094	2482	1840	2556	2320	753	764	748	1348	554	1319	1263	1746	2263	1602	1097	1280
Hspa5_+_34772177.23-P1P2	Hspa5	1496	1962	1743	1998	1807	272	606	528	595	333	456	698	1354	894	818	848	809
Padi2_-_140924346.23-P2	Padi2_P2	1583	1987	1758	2284	1966	674	855	1088	1268	533	1346	1231	1704	2066	1331	1065	1149
Hsf1_-_76477449.23-P1P2	Hsf1	1136	1233	1264	1668	1219	319	474	701	670	409	677	660	1048	1294	772	711	504
Esr1_+_4710170.23-P1P2	Esr1	2034	2720	2367	2411	2110	723	1026	811	1101	620	868	1446	2206	2531	1819	1440	922
Dnah3_-_120094953.23-P1P2	Dnah3	1692	2005	1461	2236	1715	531	791	1111	1239	582	882	1278	2097	2121	1451	1014	1149
Zfp78_-_6363375.23-P1P2	Zfp78	1423	1837	1106	1391	1572	462	517	731	1034	404	848	942	973	1527	1247	845	671
Zfyve1_+_83596991.23-P1P2	Zfyve1	2240	2778	1684	3009	3116	804	1161	1063	1664	663	1001	1099	2282	2321	1785	1418	1394
Dbn1_-_55488009.23-P1P2	Dbn1	1514	2043	1514	1894	2252	477	897	746	994	432	946	1364	1158	1580	1226	1028	1225
Stxbp5l_+_37384917.23-P1P2	Stxbp5l	2175	2666	2180	2559	2387	590	1162	816	1738	798	1192	1670	1926	2585	1700	1519	1295
Fam168b_+_34842926.23-P1P2	Fam168b	1352	2395	1968	2462	2141	510	703	762	1318	601	1058	1160	1618	1849	1861	951	1084
Dnmt1_-_20952768.23-P1P2	Dnmt1	1024	2025	1343	1842	2201	502	881	874	966	347	802	1419	1355	1622	1147	1037	826
Cox6a2_-_128206307.23-P1P2	Cox6a2	1066	1461	910	1213	1380	310	296	336	646	162	658	631	1026	1079	651	740	566
Ndufs4_+_114388008.23-P1P2	Ndufs4	1273	1398	1170	1741	1267	407	514	332	783	385	518	819	1019	1524	987	635	631
Ttpa_+_20008490.23-P1P2	Ttpa	2556	3377	2245	3370	2904	773	1244	807	1569	729	1038	1955	2712	2434	1773	1827	1400
Ccr2_+_124102146.23-P1P2	Ccr2	1928	2349	2056	2621	3602	680	1169	1361	1721	680	1352	1383	2313	3121	1795	1325	1370
Csf2_+_54249613.23-P1P2	Csf2	1008	1449	1220	1897	1805	587	418	872	675	386	755	1055	1168	1463	829	883	870
Ano10_+_122294194.23-P1P2	Ano10	1346	1893	1752	1733	1639	442	720	605	811	513	845	1024	1368	1989	1185	979	944
Serpina1e_-_103956471.23-P1	Serpina1e_P1	1956	2236	1599	2325	1976	488	885	859	1489	542	743	1610	1633	1702	1447	1188	1072
2810006K23Rik_+_124328190.23-P1P2	2810006K23Rik	1121	1431	1103	1766	1213	354	633	485	744	360	847	1002	1483	1189	841	673	731
Ndufb2_+_39592646.23-P1P2	Ndufb2	2369	2475	2032	3039	2239	774	1190	950	1613	654	1357	1276	1820	2367	1512	1301	1371
Wnt5a_+_28505845.23-P1	Wnt5a_P1	2024	2356	1740	2725	2654	692	1149	922	1388	518	730	1622	1989	2431	1470	1166	1324
Trip4_+_65908766.23-P2	Trip4_P2	1507	2143	1218	1999	1830	627	752	1015	950	335	996	1009	1374	2129	1200	830	941
Pla2g6_-_79328124.23-P1P2	Pla2g6	1051	1390	1088	1279	1210	329	546	538	692	244	409	721	921	1183	710	753	679
Ogg1_-_113327052.23-P1P2	Ogg1	2677	3830	2436	4452	4171	920	1239	1131	2271	753	1446	2131	3200	3269	2612	1823	1999
Slc9a5_-_105348165.23-P1P2	Slc9a5	1620	2057	1511	1914	1564	412	839	564	827	466	645	1042	1361	1910	1392	1250	1066
Ar_-_98149735.23-P1P2	Ar	1693	1644	1239	1578	1485	470	609	649	1037	367	728	785	1163	1693	1095	958	997
Cox6b1_+_30626021.23-P1P2	Cox6b1	1742	2003	1609	2069	1968	671	811	911	1230	504	921	1150	1710	2056	1719	1295	1252
Slc52a3_-_151999938.23-P2	Slc52a3_P2	879	1447	1104	1357	1060	337	392	545	788	333	713	596	1093	1357	842	605	930
P4hb_-_120572824.23-P1P2	P4hb	2212	2266	1851	2654	2004	855	1022	622	1648	748	1012	1511	2348	2136	1590	1119	1243
Sort1_-_108284156.23-P1P2	Sort1	2213	3243	2492	3730	3231	963	1168	1380	1559	873	1196	1717	2670	3455	1837	2028	1589
Cacna1g_+_94474027.23-P1P2	Cacna1g	991	1130	691	1109	940	285	352	358	510	300	422	465	837	1047	645	491	575
Uba1_+_20658469.23-P2	Uba1_P2	1585	1695	1701	2534	1946	313	602	702	867	489	550	1037	1304	1426	1701	894	946
Kif5a_+_127263083.23-P1P2	Kif5a	2256	2889	2168	3366	3357	1036	1112	1071	1192	744	1384	1748	2729	3030	2087	1704	1570
Nrtn_-_56757097.23-P1P2	Nrtn	1892	2301	1664	2665	2153	545	700	855	1388	484	1168	1256	2264	2086	1773	1402	1220
Sacs_-_61173039.23-P1P2	Sacs	1494	1789	1365	1724	1715	478	583	836	1066	402	638	936	1693	1600	1262	839	786
Emc1_-_139352655.23-P1P2	Emc1	2465	3402	3163	4162	3106	966	1434	1151	2630	1162	1138	1914	2649	2844	2185	1553	2043
Cav1_+_17307777.23-P1	Cav1_P1	1666	2554	2307	2829	2482	851	1010	767	1281	592	928	1718	1707	2068	1573	1146	1145
Coch_+_51593370.23-P1P2	Coch	1284	1580	1226	1624	1659	320	798	659	649	454	441	784	1350	1400	1178	612	837
Tfeb_-_47737113.23-P1P2	Tfeb	1427	1990	1231	2135	1859	422	758	827	1459	543	1196	1337	1384	1924	1444	929	970
Erbb4_+_69108533.23-P1P2	Erbb4	1450	1883	1706	1927	1542	616	728	917	1169	553	712	1253	1585	1753	1405	999	1071
Vps13c_+_67840467.23-P1P2	Vps13c	1251	1503	1405	1306	1131	275	492	661	639	256	620	792	1025	1319	1098	749	732
Gsn_+_35256366.23-P1	Gsn_P1	2000	2240	2351	2067	2246	680	960	733	1102	607	865	1224	1551	2012	1551	1105	1081
Mgst3_+_167393739.23-P1P2	Mgst3	2250	2405	1937	2437	2175	585	842	843	1243	528	1020	1448	2443	2447	1768	1191	1451
Txn2_-_77928928.23-P1	Txn2_P1	1738	1865	1742	2267	1778	534	1041	690	1447	541	915	1244	1421	1999	1550	1025	1026
Clcn2_+_20716077.23-P1	Clcn2_P1	1579	1968	1455	1899	1806	595	559	721	927	456	954	1092	1845	1816	1064	920	917
Nalcn_-_123627071.23-P1P2	Nalcn	2079	2454	1810	2207	2261	600	756	591	1624	676	1038	1633	2163	2444	1773	1375	1110
Stxbp1_-_32846950.23-P1P2	Stxbp1	2192	2761	2014	2959	2194	500	605	715	922	518	623	1104	1315	1327	878	901	806
Exoc2_+_30974040.23-P1P2	Exoc2	1614	2001	1561	1859	1894	359	760	663	833	423	548	892	1270	1930	1198	858	819
Hdac6_+_7947738.23-P1P2	Hdac6	2724	3581	3203	3486	2811	915	1168	1529	1717	809	1514	1935	3471	3375	2316	1770	1906
Cav1_-_17306479.23-P2	Cav1_P2	1703	2785	1709	2119	2117	667	974	1019	1149	532	1277	1070	1476	2092	1476	1109	1058
Nos2_+_78920860.23-P1P2	Nos2	2827	3199	2646	3589	2846	1025	1259	1075	2530	1041	1653	1688	2580	2810	2641	2014	1614
Slc5a7_-_54298677.23-P1P2	Slc5a7	1287	1883	1732	2035	1708	477	901	906	1020	629	875	1111	1167	1677	1361	1090	1185
Slc8a3_-_81333170.23-P1P2	Slc8a3	1786	1400	1225	1943	1903	494	788	613	920	425	1036	981	1615	1876	1135	1124	1001
Ephb2_-_136835777.23-P1P2	Ephb2	1520	2783	1495	2119	2080	716	789	942	943	542	1055	1176	1861	2051	1915	1144	1244
Tbp_-_15499951.23-P1P2	Tbp	2315	2712	1948	2920	2531	604	937	750	1756	788	1226	1326	1723	2484	1557	1250	1254
Eif2s1_-_78862084.23-P1P2	Eif2s1	1375	1873	1827	2039	1855	438	641	955	1155	476	691	1235	1287	1379	948	1055	744
Slc12a6_+_112265910.23-P1P2	Slc12a6	1474	1424	1200	1766	1329	227	419	591	763	351	699	824	1126	1590	953	837	853
Ift57_-_49699511.23-P1P2	Ift57	1478	1598	1234	1763	1692	449	546	656	991	305	898	963	1468	1669	1144	1004	820
Vps13a_+_16780886.23-P1P2	Vps13a	3234	3700	3199	4992	4171	1099	1800	1476	2647	980	1778	2675	3347	3413	2950	2612	2006
Ntf5_-_45413732.23-P1P2	Ntf5	1445	2469	1727	2727	2061	565	617	756	1043	517	1119	1033	1439	2066	1124	1008	1010
Ifit3_+_34583508.23-P1P2	Ifit3	1856	2368	1830	2738	2063	688	802	1100	1008	503	913	1198	1469	1867	1833	1239	1280
Sigmar1_-_41741295.23-P1P2	Sigmar1	2055	2768	1944	2757	2638	493	1131	1182	1130	789	1071	1436	1648	2507	1260	1436	1452
Gpbp1_+_111489824.23-P1P2	Gpbp1	2029	2321	2243	2434	2387	567	1087	618	1122	493	991	1278	1711	2309	1793	1319	1407
Nlrp3_+_59542929.23-P2	Nlrp3_P2	1606	1796	948	1709	1712	468	628	808	923	542	558	1243	1170	1827	1077	1049	726
Abhd16a_+_35089258.23-P1P2	Abhd16a	1091	1392	1276	1823	1512	382	596	423	786	386	726	971	1514	1833	1369	1012	897
Kif20b_-_34922573.23-P1P2	Kif20b	1695	2397	1532	2381	2540	650	798	785	1443	586	959	1174	1705	1941	1440	984	1191
Timm8a1_-_134541824.23-P1P2	Timm8a1	2830	3765	2877	3315	3134	1177	1319	1653	2362	769	1864	2086	3167	3397	2482	1819	1819
Spg11_+_122118350.23-P1P2	Spg11	1149	1648	1385	1798	1705	321	548	578	969	366	544	929	1628	1226	1010	882	830
Wnt7b_+_85577869.23-P2	Wnt7b_P2	943	1344	999	1382	1261	454	416	343	635	295	556	567	1103	1253	1055	561	562
Gria4_+_4796217.23-P1P2	Gria4	1595	1783	1430	1869	1476	382	646	566	929	544	704	728	1455	1573	1352	1117	1005
Trp73_-_154139623.23-P1	Trp73_P1	1577	1833	1881	2043	1805	712	881	774	1146	514	1220	1031	1804	1912	1844	1042	1077
Bid_+_120916825.23-P1P2	Bid	2278	3406	2342	3160	2592	729	1042	1376	1814	681	1216	1882	2274	2657	2107	1636	1552
Wnt7a_+_91410943.23-P1P2	Wnt7a	2066	2513	2178	2832	1800	550	1122	783	1575	540	1331	1402	2143	2270	1568	1259	1372
Erbb4_+_69108529.23-P1P2	Erbb4	1068	1291	923	1732	1263	439	667	535	737	392	520	587	1157	1218	814	671	550
Dnah5_+_28203806.23-P1P2	Dnah5	1283	1152	1100	1687	1457	297	535	577	865	424	750	833	1097	1034	1086	762	879
Sdhb_+_140961450.23-P1P2	Sdhb	1264	2269	1591	2386	2022	515	743	899	1227	514	1097	1511	1478	1445	1338	1014	919
Hpx_-_105600060.23-P1P2	Hpx	2819	3053	3152	3539	3530	736	1283	1253	1642	733	1460	1872	2601	2955	2199	1810	1623
Sv2a_+_96181243.23-P1P2	Sv2a	888	1227	754	1287	1273	364	594	598	948	244	612	795	1181	1284	849	669	758
Txn1_-_57956283.23-P1P2	Txn1	1905	2033	1430	2264	2572	410	971	907	1282	595	967	1068	1962	1777	1687	1057	987
Bak1_+_27028554.23-P1P2	Bak1	1447	1631	1163	1614	1466	322	492	547	704	339	689	851	1035	1643	929	887	661
Pik3ca_+_32397663.23-P1P2	Pik3ca	1185	1724	1482	1927	1757	616	771	536	922	405	764	924	1221	1799	1156	887	824
Kcnh4_+_100759693.23-P1P2	Kcnh4	2105	2998	2112	2812	2455	731	1071	1034	1464	579	1500	1593	2016	2580	1798	1317	1242
Slc19a3_-_83038246.23-P1P2	Slc19a3	2067	2849	2267	2647	2636	806	1217	1071	1412	550	836	1559	2288	2731	2096	1283	1438
Reps1_-_18055563.23-P1P2	Reps1	2158	3024	2046	3146	2769	699	1216	1067	2140	810	1457	2016	2797	2891	2274	1527	1457
Ctsb_-_63122501.23-P1P2	Ctsb	1993	2129	1591	2019	2080	618	801	774	861	571	938	1042	1598	2140	1407	1068	1004
Chp1_+_119547788.23-P1P2	Chp1	1631	2010	1846	2211	1855	361	578	703	996	503	848	942	1404	1525	1251	993	900
Letm1_-_33782702.23-P1P2	Letm1	1328	1210	1176	1366	894	239	397	514	805	262	636	592	915	902	568	636	449
Ncl_-_86359367.23-P1P2	Ncl	1289	2427	1398	2161	1737	568	896	521	1229	350	836	1220	1771	1597	1502	955	938
Csf2_+_54249604.23-P1P2	Csf2	1818	2659	1905	2219	2059	635	958	969	1529	544	1035	1702	2105	2218	1424	1267	1431
Elp3_+_65593023.23-P1P2	Elp3	1268	1159	1301	1654	1211	291	320	666	670	322	549	652	482	812	704	471	527
Sema6a_+_47368820.23-P1P2	Sema6a	2562	2947	2578	3431	3272	697	1240	1246	1963	677	1707	1507	2162	2829	2051	1831	1478
Sncaip_+_52768306.23-P1P2	Sncaip	2434	2809	2431	2720	2431	723	1003	776	1612	746	1052	1475	2078	2344	1939	1443	1357
Pomc_-_3954959.23-P1P2	Pomc	1229	1177	678	1015	939	245	414	392	402	209	556	565	842	853	776	610	511
Scyl1_+_5771338.23-P1P2	Scyl1	4600	6180	4960	6553	6060	1242	2387	2315	3254	1547	2622	3690	4223	5433	3781	3272	2993
Fosb_+_19309978.23-P1P2	Fosb	1762	2038	1671	1941	1761	476	757	816	1229	506	1194	1508	1809	1743	1536	1202	1216
Cln6_+_62838840.23-P1P2	Cln6	2685	3103	2683	3213	2993	719	1157	831	1553	672	1520	1742	2171	2622	1870	1486	1472
Tbp_-_15499960.23-P1P2	Tbp	1449	2204	1805	2281	2209	512	811	751	1390	477	981	1177	1816	2400	1644	966	1362
Slc19a3_+_83038397.23-P1P2	Slc19a3	1806	2606	1987	2042	1848	706	1088	548	1429	585	1131	1455	1747	1914	1461	1231	1113
Sirt4_+_115484313.23-P1P2	Sirt4	2422	2661	2256	3121	2744	824	1133	1369	1695	651	1597	2000	2451	2882	2257	1578	1410
Ntrk1_-_87795148.23-P1P2	Ntrk1	1660	2423	1608	2228	2201	711	1002	686	1249	714	990	1307	1680	1965	1760	1267	1028
Fasl_-_161788140.23-P1P2	Fasl	1301	2205	1600	2343	2081	402	642	408	783	366	961	1177	1561	2020	1658	1273	1132
Serpina1c_-_103904946.23-P1P2	Serpina1c	2163	2739	1991	2671	1586	356	556	550	1126	495	748	897	1480	1651	950	1235	1193
Ntrk2_+_58808112.23-P1P2	Ntrk2	1745	2120	1514	2152	1996	615	628	695	866	372	487	1207	1765	1701	1463	942	977
Psma8_-_14706188.23-P1P2	Psma8	1907	2264	1709	2676	2614	713	891	1094	1210	719	947	1484	1553	2322	1504	1191	1174
Apc_-_34247738.23-P2	Apc_P2	1652	1624	1463	2257	1934	809	596	746	1248	508	771	939	1580	1782	1263	1037	856
Chchd2_+_129887432.23-P1P2	Chchd2	2424	2998	1932	2772	2828	725	1280	1312	1728	817	1287	2198	1625	2690	1846	1372	1462
Cav1_+_17307731.23-P1	Cav1_P1	1636	1672	2035	2553	2189	553	1099	809	1032	503	1073	1333	1987	1967	1504	1011	939
Slc25a38_-_120114961.23-P2	Slc25a38_P2	1765	1913	1504	2105	2102	542	834	776	1611	440	793	1237	1441	1968	1256	1338	1127
Cyp2d12_+_82555468.23-P1P2	Cyp2d12	1335	1693	1144	1777	1940	493	628	627	862	388	593	986	1572	1600	1357	796	888
Uqcr11_-_80406536.23-P1P2	Uqcr11	1278	1412	941	1509	1570	431	472	674	964	249	573	923	1267	1285	954	815	935
Gabpa_+_84835414.23-P1P2	Gabpa	2466	2739	1844	3050	2035	776	1039	741	1380	563	1038	1590	2218	2346	1704	1420	1152
Tecpr2_+_110889305.23-P1P2	Tecpr2	2245	3052	2307	2825	2648	717	1234	1082	1500	640	1088	1600	2431	2530	2401	1509	1313
Wfs1_+_36988893.23-P1P2	Wfs1	1027	1623	1370	1771	1432	463	585	543	827	308	829	946	1227	1164	1045	793	759
Crp_+_172698134.23-P1P2	Crp	1522	1992	2270	2131	2184	541	938	736	1391	527	942	1333	1343	1869	1666	1265	1030
Rmdn1_-_19575283.23-P1P2	Rmdn1	1296	2212	1645	2587	1854	373	680	704	1289	448	1122	1040	1914	2045	940	1048	904
Pick1_+_79229610.23-P1P2	Pick1	1550	2129	1709	2404	1756	421	667	718	1456	447	611	1331	1913	1996	1279	1019	1166
Pars2_-_106651161.23-P1P2	Pars2	2687	3779	2526	3852	4089	842	1757	1137	2004	733	1744	2164	2391	2270	1798	1324	1777
Cyp2d40_-_82764179.23-P1P2	Cyp2d40	2571	2860	1951	2944	2667	777	1100	1070	1254	775	1439	1735	2134	2806	2162	1750	1574
Gfap_-_102897097.23-P1P2	Gfap	1385	1623	1643	1671	1860	372	480	895	1203	411	743	986	1332	1497	1034	895	739
Cdc42_-_137357632.23-P1P2	Cdc42	1625	1919	1333	1992	1780	490	558	482	850	391	684	766	1072	1827	933	880	811
Pten_-_32757878.23-P1P2	Pten	1810	2283	1773	2315	1947	618	806	881	1116	534	1032	1339	1905	2173	1576	1279	1292
Psma8_+_14706189.23-P1P2	Psma8	1882	3317	2120	2993	2934	758	1224	1078	1542	588	1195	1862	1998	2359	1540	1469	1589
Psmd14_-_61711784.23-P1P2	Psmd14	1106	1122	908	1201	1053	207	431	824	552	379	406	657	806	1164	527	603	425
Ntrk1_-_87795151.23-P1P2	Ntrk1	1806	2092	1815	3089	2180	599	690	1036	1540	594	1213	1663	2175	2229	1449	1148	1104
Ntf5_-_45413735.23-P1P2	Ntf5	1892	2327	1960	2301	2477	589	796	801	1195	730	1015	1583	1493	2048	1639	990	1229
Apex1_+_50924989.23-P1P2	Apex1	1277	1172	1035	1560	1186	372	517	578	758	327	627	814	1018	1061	775	635	646
Cln8_-_14889037.23-P1P2	Cln8	1308	1433	1009	1550	1396	373	654	568	760	510	548	526	1246	1101	1131	676	632
Nfe2l2_-_75704481.23-P1P2	Nfe2l2	1743	1839	2276	1986	1482	545	811	714	983	473	836	1320	1435	1925	1528	1144	1014
Foxo1_+_52268499.23-P1P2	Foxo1	1281	1642	1298	1811	1393	484	663	651	932	490	810	548	1312	1463	1071	800	1101
H2-M10.2_-_36286414.23-ENSMUST00000023845.6	H2-M10.2	1456	2158	1244	2034	1582	521	664	650	1051	424	821	1122	1149	1889	1541	1120	871
Map2k3_+_60932091.23-P1P2	Map2k3	1913	2353	2058	2725	1893	839	881	518	1215	881	1170	1254	2089	2076	1640	1107	1317
Cx3cl1_+_94772240.23-P1P2	Cx3cl1	2009	2280	1925	2933	2231	597	1143	1071	1729	507	1118	1582	2079	2674	1465	1344	1288
Tdp1_+_99884563.23-P1P2	Tdp1	1898	1827	1579	2129	2179	560	669	808	1204	474	1109	1051	1389	1778	1124	1093	956
Fzd1_+_4757928.23-P1P2	Fzd1	832	1100	911	1292	979	317	523	342	763	282	632	872	1249	1319	721	671	685
Kcnh8_+_52602975.23-P1P2	Kcnh8	2009	2664	1967	2568	2022	666	908	1059	1530	525	1055	1928	1619	2269	1629	1320	1339
Ang5_+_43957021.23-P1P2	Ang5	1866	2674	1665	2830	2197	509	841	1045	1475	611	1121	1523	2003	2080	1747	1221	1151
Pnp2_-_50956196.23-P1P2	Pnp2	1524	1972	1742	1589	1699	381	624	621	1352	338	835	1356	1535	1888	1181	1133	1035
Ngf_-_102470136.23-P1P2	Ngf	1159	1591	1154	1775	1191	332	670	663	1053	375	514	945	1374	1289	1153	660	1056
Anxa11_-_25842224.23-P1P2	Anxa11	1875	2608	1197	1938	2145	572	826	725	1358	513	1170	985	1309	2089	1212	1070	1281
Ung_-_114131242.23-P1P2	Ung	1775	1781	1089	1854	1702	354	638	855	881	345	505	959	2014	1608	1225	804	801
Disc1_+_125054188.23-P1P2	Disc1	2118	3086	2263	3148	2529	828	900	989	1453	813	1199	1611	2002	2602	1728	1335	1552
Ifng_-_118441123.23-P1P2	Ifng	1814	2114	2025	2164	1831	583	619	823	941	554	716	1422	1844	1996	1473	1364	975
Ppif_+_25694257.23-P1P2	Ppif	1424	2610	2007	2802	2644	781	1370	1298	1350	655	859	1329	1761	2259	1900	1520	1282
non-targeting_03431	non-targeting	1347	1663	1100	1718	1502	414	535	400	847	372	979	904	1243	1362	962	745	873
Fggy_-_95579497.23-P2	Fggy_P2	2980	3547	3060	4098	3332	868	1539	1314	1915	698	1456	1970	2753	3085	2674	1468	1790
Sgsm3_-_80977817.23-P1P2	Sgsm3	1910	2862	1986	2809	3091	757	902	878	1693	688	1254	1362	2292	2467	2055	1536	1297
Sgk1_+_21994780.23-P1P2	Sgk1	1352	1997	1431	1718	1777	518	503	476	996	320	747	1111	1229	1681	1194	1083	1044
Fzd3_-_65262235.23-P1P2	Fzd3	1729	2560	1562	2386	2226	501	834	834	1694	606	1003	1052	1780	1943	1421	1246	1317
Atxn1l_+_109737754.23-P1P2	Atxn1l	1503	1541	1242	1436	1588	394	535	637	743	351	718	774	963	1298	834	932	789
Wnt9b_+_103749780.23-P1P2	Wnt9b	2207	2779	2212	3048	2846	666	1139	1256	1360	729	1460	1464	2245	2428	2197	1490	1305
Rab5a_-_53479336.23-P1P2	Rab5a	1952	2412	1523	2227	1983	517	706	743	763	380	686	1290	1519	1524	1076	1006	954
Cdk6_+_3344013.23-P1P2	Cdk6	1989	2344	1518	2372	2856	526	719	972	1147	589	936	1555	1878	2504	1693	1261	1094
Fam83e_-_45721269.23-P1P2	Fam83e	1729	1840	1733	1990	1699	523	675	962	1357	410	597	1047	1683	2109	1305	777	1009
Dlg4_+_70018459.23-P1	Dlg4_P1	1291	1377	972	1648	861	217	345	304	668	347	437	771	763	1165	379	621	480
Iba57_-_59163734.23-P1P2	Iba57	2482	2568	2119	2745	2537	835	1086	963	1326	725	1263	1574	1992	2485	1637	1403	1601
Ccs_+_4839263.23-P1P2	Ccs	1630	2676	1938	2313	1861	604	1136	950	1619	484	931	1343	1452	2328	1270	1089	1206
Serpinf1_+_75422489.23-P1P2	Serpinf1	2031	2177	2228	2507	2443	612	1032	1047	1199	709	1310	1469	1892	2134	1843	1422	1384
Nars2_+_96951838.23-P1P2	Nars2	1324	2114	1539	2004	2112	402	836	543	1313	585	922	967	876	1135	857	732	695
Cox5b_-_36691805.23-P1P2	Cox5b	2235	3321	2318	2583	2409	547	858	963	1686	638	1049	1976	2374	1930	1775	1245	1413
Ptbp2_+_119783196.23-P1P2	Ptbp2	1605	2391	1563	2501	2398	524	845	1074	1287	495	1038	1163	1543	1896	1542	1083	1251
Ins1_+_52264525.23-P1P2	Ins1	1508	2416	1556	2205	1830	457	564	845	875	432	783	889	1279	1809	1208	1138	1033
Adcyap1_+_93199228.23-P1P2	Adcyap1	1235	2126	1756	2298	2111	501	712	639	1085	516	1142	1025	1891	1689	1520	1176	1150
Acan_+_79053303.23-P1P2	Acan	2094	2999	2196	2833	2592	576	1274	1214	1296	644	981	1525	2312	2839	1734	1296	1554
Hspa14_+_3512724.23-P1P2	Hspa14	3352	3793	2899	4570	3407	1017	1283	1092	2485	932	1597	2062	2836	3317	2237	1739	1874
Ndufab1_+_122101549.23-P1P2	Ndufab1	2456	2600	2198	2761	3462	756	1247	756	1499	686	1182	1449	1740	2173	1785	1522	1307
Dbh_+_27165553.23-P1P2	Dbh	1989	2866	2557	2831	2843	939	1199	1065	1464	704	1309	1776	2446	2467	1554	1485	1683
Pik3r4_+_105643021.23-P1P2	Pik3r4	2564	2793	2438	3575	2318	406	913	1024	1607	612	1264	1561	1981	2561	1446	1221	1311
Ar_-_98149759.23-P1P2	Ar	1694	2561	2211	2461	2397	679	936	818	1348	627	1165	1644	1886	2241	1558	1462	1444
Grm5_+_87584443.23-P1P2	Grm5	842	652	364	680	796	149	345	344	399	156	483	454	660	575	383	362	396
Map2k6_+_110399158.23-P1P2	Map2k6	1916	2396	1902	2428	2493	674	802	1195	1424	493	1046	1471	1850	1930	1446	1218	1112
Kdm1a_+_136602669.23-P1P2	Kdm1a	2576	4174	2532	4019	2890	897	1421	1445	1949	773	1528	1963	2723	3767	1907	1585	1666
Pde4d_-_109953891.23-P1P2	Pde4d	3954	5107	3036	4514	5347	1284	1809	1702	3091	1151	2903	2720	4103	4440	3364	2595	2121
Glb1_+_114401203.23-P1P2	Glb1	2107	2988	2673	3467	2768	754	1118	1051	1398	638	1085	1713	2507	2948	1904	1234	1414
Fos_-_85473935.23-P1P2	Fos	2286	2904	2478	3560	2649	694	1134	1090	1681	694	1080	1962	2287	2761	1833	1559	1247
Ccs_+_4839258.23-P1P2	Ccs	2475	3362	2283	2937	2639	752	1240	810	1626	734	1330	1856	2358	2618	1714	1822	1541
Prkcb_+_122289719.23-P1P2	Prkcb	1319	1727	1035	1331	1576	565	610	703	659	354	670	667	855	1307	892	806	873
Eif2b1_+_124579009.23-P1P2	Eif2b1	1462	2148	2131	2079	1492	661	583	735	1230	580	1064	966	1554	1733	1728	1172	1156
Apex2_+_150587891.23-P1P2	Apex2	1282	1229	1118	2021	1393	342	564	934	636	408	594	966	1308	1487	1265	1104	817
Il1b_-_129371093.23-P1P2	Il1b	1516	1948	2103	2425	1588	543	845	911	1036	478	830	1183	1572	1649	1379	1182	1167
Pkd2_+_104459634.23-P1P2	Pkd2	1277	1672	1480	1830	1654	487	662	676	883	462	787	1149	1257	1307	1154	976	862
Cdk5r1_-_80477254.23-P1P2	Cdk5r1	2448	2849	2594	2965	2128	796	1203	935	1665	795	1446	1423	2565	2960	1774	1778	1596
Cav2_-_17281381.23-P1P2	Cav2	1420	1689	1814	2094	1680	412	679	751	960	360	997	1139	1381	1779	1475	1189	1009
Wars2_-_99141162.23-P1P2	Wars2	1970	2828	2051	2777	2614	736	813	650	1509	721	741	1154	2124	2762	1870	1352	1274
Psma7_-_180042350.23-P1P2	Psma7	1029	1305	1018	1568	1302	406	452	509	664	302	553	503	1200	1034	902	890	746
Cyc1_+_76343589.23-P1P2	Cyc1	928	1352	1354	1325	1381	439	528	271	748	336	660	777	1084	1178	776	604	733
Bscl2_+_8837584.23-P2	Bscl2_P2	1786	2345	1775	1999	1770	497	989	790	1276	511	918	1198	1700	2035	1478	1059	1129
Kif1b_+_149307680.23-P1P2	Kif1b	1321	2177	1799	2108	1626	473	565	916	949	659	1058	1105	1369	1857	1561	1187	1019
Chmp2b_-_65562578.23-P1P2	Chmp2b	1578	1758	1501	1648	1542	653	698	803	838	515	738	1107	1502	1586	1166	943	847
Map2_-_66322012.23-P2	Map2_P2	1633	2276	1685	2410	2114	435	788	1155	1163	472	986	1580	2165	1909	1602	1363	1376
Cp_-_19957635.23-P1P2	Cp	2313	2768	2164	3100	2801	469	1028	1065	1382	652	1228	1779	2018	2500	1656	1556	1525
Camk2g_-_20794006.23-P1P2	Camk2g	1240	1504	1059	1316	1555	353	541	620	675	264	525	833	954	1482	803	782	754
Ang_-_51091172.23-P2	Ang_P2	1009	1094	551	1103	932	239	423	402	590	263	534	719	713	1139	564	621	710
Serpina3b_+_104128470.23-P1P2	Serpina3b	1792	1969	1241	2008	1641	431	643	799	1257	601	1021	842	1764	1446	1230	918	978
Snx14_-_88438876.23-P1P2	Snx14	1732	2334	1969	2295	2197	629	1055	735	1153	523	1289	1533	1786	1969	1368	965	1224
Scn11a_+_119825404.23-P1P2	Scn11a	1930	2495	2241	2639	2457	790	948	936	1190	616	1223	1155	1963	2629	1544	1341	1330
Ubap1_-_41349061.23-P1P2	Ubap1	1824	2719	1624	2694	2272	443	832	351	784	479	773	979	1523	1712	1177	1129	1139
Casp8_+_58795442.23-P1P2	Casp8	3388	4520	3280	4462	4443	1086	1554	1461	2466	1132	1677	2152	3267	3877	2844	2214	2130
Phpt1_-_25574827.23-P1P2	Phpt1	1615	2058	2114	1951	2428	421	705	696	1116	456	911	1261	1889	1928	1372	1113	1117
Psmb5_+_54617674.23-P1P2	Psmb5	131	70	105	89	60	28	18	26	79	19	0	37	66	57	39	42	45
Lingo1_+_56635639.23-P1P2	Lingo1	2809	2147	1915	2745	2519	817	1164	1230	1856	667	1294	1804	2217	2328	1889	1407	1433
Ucp2_+_100493406.23-P1	Ucp2_P1	2610	3587	2743	3491	3192	740	1323	1157	1869	851	1580	1582	2851	3606	2189	1663	1837
Slc25a31_-_40709108.23-P1P2	Slc25a31	2075	2802	1772	2784	2463	597	933	701	1159	561	1258	1498	2181	2705	1686	1401	1295
Arhgef5_+_43265693.23-P1P2	Arhgef5	2161	2757	2588	2843	2200	758	1063	1249	1663	594	1416	1507	2366	2608	1945	1417	1519
Slc6a3_+_73536913.23-P1P2	Slc6a3	1397	1899	1824	1936	1802	404	687	1103	1116	429	798	1322	1539	1858	1114	958	758
Psmb1_+_15498231.23-P1P2	Psmb1	539	725	467	828	818	268	355	286	465	110	251	608	493	516	745	478	445
non-targeting_02365	non-targeting	2166	2525	2010	3095	2912	712	1115	1104	1816	618	1323	2336	1889	2276	1776	1347	1439
Bhlhb9_-_135886118.23-P1P2	Bhlhb9	696	526	889	665	721	211	306	198	608	162	446	465	538	703	540	339	462
Txnip_+_96557967.23-P1P2	Txnip	1385	1403	1264	1796	1581	425	673	637	1033	361	719	866	1347	1458	1465	737	739
Cd8a_+_71373481.23-P1P2	Cd8a	1190	1807	1181	1579	1288	521	631	678	1262	543	1016	1038	1362	1341	1303	800	909
Tmed9_-_55593176.23-P1P2	Tmed9	2896	3449	2954	3738	3398	631	1189	1129	2320	771	1009	1681	2249	3400	2294	1777	1915
Trp73_+_154139794.23-P1	Trp73_P1	1912	2323	1242	2361	2128	413	690	748	1353	648	1016	1159	1513	1591	1617	1131	993
Psmb2_-_126677707.23-P1P2	Psmb2	2556	2499	2015	2889	1684	333	687	755	1086	338	809	963	1170	1493	913	822	933
Clcn7_+_25133432.23-P1P2	Clcn7	1551	2450	1688	2312	2262	611	914	691	1338	626	1052	1129	2057	2213	1511	1182	1035
Atp6ap2_+_12587873.23-P1P2	Atp6ap2	2060	2316	2181	2980	2702	762	1028	926	1422	650	1460	1764	2453	2643	1720	1220	1426
Chmp2b_+_65562673.23-P1P2	Chmp2b	2273	2283	1549	2849	2538	741	1083	996	1262	718	1138	1585	2126	2310	1928	1187	1303
Slc2a1_-_119108781.23-P1P2	Slc2a1	1710	1659	1285	2009	1734	414	724	613	882	540	785	522	1406	1938	1155	954	860
Jund_-_70699314.23-P1P2	Jund	2086	2476	1631	2325	2858	655	868	853	1348	601	1121	1471	1946	2115	1585	1113	1093
Ywhaz_-_36793615.23-P1P2	Ywhaz	1727	1881	1343	1727	1716	563	816	707	746	651	692	954	1427	1554	1212	1006	1058
Psma7_-_180042356.23-P1P2	Psma7	1247	1465	1235	1373	1447	263	559	404	957	418	589	494	1198	1287	1070	660	796
Ucp2_+_100498224.23-P2	Ucp2_P2	2129	2898	2482	2510	2905	723	1243	936	1785	576	1716	1580	2353	2080	2215	1183	1507
Psma4_+_54950897.23-P1P2	Psma4	1789	2382	1814	2190	1770	573	896	565	1217	493	796	1002	1419	1816	1406	1192	1193
Mapk9_-_49846815.23-P1P2	Mapk9	1128	1617	1300	2036	1115	424	616	658	1000	407	638	742	1511	1302	1048	810	935
Dnajb1_-_83608281.23-P1P2	Dnajb1	1233	1669	1544	1785	1465	423	560	763	1045	450	932	981	1522	1656	1362	1008	805
Nudt1_-_140331964.23-P1P2	Nudt1	1294	1420	1785	1953	1709	497	631	679	844	511	1089	1220	1657	1646	838	1050	997
Map3k11_-_5689824.23-P1	Map3k11_P1	1326	1457	1044	1754	1904	518	695	605	893	372	900	1166	1426	1417	1220	1043	701
Eif2s1_-_78862044.23-P1P2	Eif2s1	3000	4001	3162	3978	3171	1280	1320	1431	2096	904	1382	2745	2872	3565	2212	2385	2175
Uba7_+_107983080.23-P2	Uba7_P2	1498	1970	1606	2180	1638	573	744	618	905	529	1089	653	1469	1630	1259	1162	1027
Slc5a7_-_54298713.23-P1P2	Slc5a7	1433	1832	1826	2433	1696	545	630	776	956	605	1010	1100	1684	1743	1503	943	1271
Keap1_-_21239239.23-P1P2	Keap1	1896	2436	1980	2963	1958	649	854	1182	1605	741	1310	1570	1808	2512	1785	1565	1091
Glrx_+_75840028.23-P1P2	Glrx	2491	2325	2396	3086	2778	696	945	1066	1345	638	991	1474	2567	2418	1853	1666	1645
Cnr1_-_33924665.23-P1P2	Cnr1	2402	2813	2295	3080	2267	781	999	1014	1964	753	1058	1544	2300	2519	2091	1433	1485
Slc25a46_-_31609850.23-P1P2	Slc25a46	1735	2367	1629	2115	1934	625	974	716	1005	503	998	1398	1685	2198	1711	959	1049
Gsn_+_35282469.23-P2	Gsn_P2	1359	1595	1568	1929	1417	519	587	669	950	347	1026	921	1253	1477	1307	1022	847
2810006K23Rik_+_124328180.23-P1P2	2810006K23Rik	1500	2056	1399	1622	1823	442	810	677	1169	503	884	1043	1383	2009	1158	1138	942
Reep1_-_71707887.23-P1P2	Reep1	1254	1808	1043	1669	1655	431	623	442	1152	491	688	881	1200	1442	979	860	951
Gabarapl2_+_111940746.23-P1P2	Gabarapl2	1569	2066	1414	2149	1882	485	697	835	1194	419	1129	1042	1723	1565	1304	1165	884
Junb_+_84978628.23-P1P2	Junb	1818	2016	1401	2256	2209	485	594	833	1232	341	826	1412	1291	1821	1578	1015	999
Vps13c_+_67840410.23-P1P2	Vps13c	1886	2193	2139	2215	2322	467	885	831	914	488	735	1310	1886	1859	1462	1249	1204
non-targeting_00759	non-targeting	1708	1856	2090	2349	1921	615	946	900	1658	671	1121	971	1762	2354	1845	1262	1144
Dbn1_+_55488034.23-P1P2	Dbn1	1459	2294	1961	2394	2176	711	891	657	1220	506	1283	1118	1509	1971	1678	1112	1472
non-targeting_03373	non-targeting	926	1030	961	719	990	229	391	283	494	234	364	534	1097	990	896	396	623
non-targeting_03316	non-targeting	2020	2432	1757	2982	2010	593	774	956	1393	504	1085	1019	1429	1740	1179	1047	1083
Psmd13_+_140882418.23-P1P2	Psmd13	1916	1803	1193	2028	1488	274	544	576	679	344	515	1008	900	1072	641	817	605
Pik3ca_-_32397298.23-P1P2	Pik3ca	1584	1931	1689	2250	2275	514	856	1276	1398	683	817	1357	1606	2462	1717	1106	1265
Atf2_-_73892560.23-P1P2	Atf2	1168	1811	1589	1752	1536	434	598	677	883	575	645	815	1099	1375	943	996	1062
Psmc2_+_21785259.23-P1	Psmc2_P1	2219	3216	2729	3590	3027	920	1193	1271	1492	936	1304	1738	2826	2766	2279	1820	1679
Ins1_+_52264519.23-P1P2	Ins1	2840	3157	3022	3417	2773	915	1128	1421	1996	890	1604	1810	2952	3164	2386	1911	1732
Agtpbp1_-_59557047.23-P1P2	Agtpbp1	2030	2801	2477	3296	2778	639	877	1032	1629	670	1609	1645	1945	2646	1733	1548	1399
Il33_-_29925185.23-P1P2	Il33	2060	2751	1756	2598	2330	460	972	970	1768	492	902	1476	2017	2609	1964	1303	1461
Spast_-_74338772.23-P1P2	Spast	2112	2790	2174	3213	2271	762	1116	1312	1686	733	1140	1586	1974	2292	1631	1296	1777
Hk1_-_62340082.23-P1P2	Hk1	1459	1590	905	1566	1737	285	713	574	772	342	460	947	1484	978	877	776	786
Psmb1_-_15498131.23-P1P2	Psmb1	1568	2142	2210	2338	2326	504	879	870	1245	504	832	1372	1548	1941	1115	1306	1071
Cpn1_+_43986489.23-P1P2	Cpn1	1262	1292	1151	1127	1462	430	720	681	1071	441	844	856	1382	1270	1240	937	597
H2-M1_-_36671975.23-P1P2	H2-M1	1282	1034	1153	1354	1094	480	507	539	717	408	415	840	1209	1102	824	714	661
Pars2_-_106651207.23-P1P2	Pars2	1605	2053	1754	2219	1716	381	952	615	1344	506	726	958	1283	1512	1169	904	1028
Cyp2d9_+_82452528.23-P1P2	Cyp2d9	1565	1734	1209	1687	2125	520	713	383	1307	430	705	1043	1408	1805	1277	1055	1034
Cx3cr1_-_120068216.23-P1P2	Cx3cr1	2251	2978	2399	2965	2334	777	975	1108	1542	749	1233	1499	1885	2966	1616	1279	1275
Rtn2_-_19282673.23-P2	Rtn2_P2	1283	1046	1265	1064	1115	437	497	456	819	271	442	595	1048	998	658	562	539
H2-M10.3_-_36368222.23-ENSMUST00000073546.3	H2-M10.3	1863	2907	1859	2825	2374	690	1022	884	1426	583	1236	1411	2367	2337	1594	1358	1396
Naglu_-_101070127.23-P1P2	Naglu	2907	3378	2617	3297	3285	839	1519	1352	2043	903	1551	1602	2283	2869	2003	1848	1514
Hpgds_+_65144689.23-P1P2	Hpgds	3039	3456	2403	3528	2919	850	1076	1518	1924	780	1401	1811	2448	3193	2038	1853	1723
Fos_+_85475027.23-P1P2	Fos	1613	1999	1946	2374	1557	510	796	576	1125	421	916	1348	1586	2087	1262	1354	1092
Apoa1_+_46228753.23-P1P2	Apoa1	1912	2357	1874	2707	2489	600	899	1165	1353	451	1009	1435	1975	2090	1733	1437	1374
Src_+_157424303.23-P1P2	Src	2111	2911	2045	2993	2412	686	977	1131	1387	636	1271	1443	1921	2560	1690	1235	1277
Gad1_+_70562246.23-P1P2	Gad1	1683	2709	2140	2132	2623	609	855	1125	1230	460	961	1333	1678	2197	1664	1248	1097
Dctn5_+_122133243.23-P1P2	Dctn5	2180	2301	2211	2552	2846	901	1101	869	1530	740	876	1473	2097	2449	1940	1502	1188
Dnah17_+_118129146.23-ENSMUST00000106308.3,ENSMUST00000084803.5	Dnah17	1524	1981	1831	1865	2047	543	708	586	1305	469	705	1241	1363	1979	1378	995	1158
Erbb4_+_69108559.23-P1P2	Erbb4	1198	1409	1222	1339	1461	590	640	518	722	308	800	804	1364	1408	1032	691	505
Mtmr2_-_13749240.23-P1P2	Mtmr2	987	1085	1239	983	798	315	415	495	616	236	835	933	1090	1260	985	558	641
Slc17a5_+_78588005.23-P1P2	Slc17a5	3254	3731	3430	3554	2970	829	1361	1342	2218	731	1630	2062	2770	3096	2382	1794	2126
Cat_+_103484919.23-P1P2	Cat	1673	1671	1385	1766	1494	409	527	425	861	523	749	989	1430	1441	913	857	976
Uba5_-_104063086.23-P1P2	Uba5	1628	2453	2294	2453	2465	553	860	661	1351	645	1095	1357	1585	2343	1512	1120	1294
Map2k3_+_60932115.23-P1P2	Map2k3	2540	3157	2469	3134	3256	927	1265	1253	1780	1019	1332	1875	2163	3190	1539	1598	1377
Mutyh_-_116807796.23-P1P2	Mutyh	2600	2650	2365	3503	3566	422	1193	745	1536	663	1182	1994	1986	2265	2012	1639	1773
Gjb1_-_101377356.23-P1P2	Gjb1	2146	2492	1686	2498	2214	651	901	846	1027	591	1174	1248	1958	2207	1919	1418	1228
Dock2_+_34783779.23-P1P2	Dock2	2064	1900	1844	2262	1866	523	1138	878	1515	730	1042	1429	1521	2198	1738	1307	1162
Hnrnpdl_-_100038673.23-P1P2	Hnrnpdl	1820	2489	2322	2132	1763	838	834	814	1302	564	923	1201	2019	2306	1444	1332	1165
Cacna1b_+_24763125.23-P1P2	Cacna1b	2134	3065	2872	2792	2896	790	1112	1035	1808	759	1137	1907	2491	2726	1993	1540	1629
Ndufb3_-_58586784.23-P1P2	Ndufb3	1767	2447	1855	2349	2332	650	1061	551	1459	661	1121	1110	2002	2125	1927	1258	1077
Dyrk1a_+_94569759.23-P1P2	Dyrk1a	3025	3738	2308	3782	2749	798	1241	1183	1447	766	1627	1899	2323	2743	2323	1615	1601
1700013F07Rik_+_108537555.23-P1P2	1700013F07Rik	1909	3121	2644	3223	2758	677	1215	1008	1540	773	850	1353	2357	2441	1726	1283	1538
Blzf1_+_164307252.23-P1P2	Blzf1	1549	1668	1514	2142	1883	474	898	775	1218	574	823	1327	1794	1936	1277	1098	1222
Wipi2_+_142629651.23-P1P2	Wipi2	1287	1740	1807	2009	1726	484	715	548	1202	401	859	936	1814	2014	1455	971	752
Slc12a6_-_112265811.23-P1P2	Slc12a6	1148	1500	1528	1933	1475	313	530	349	1072	393	724	1312	1172	1356	773	790	648
Eif2s1_-_78862067.23-P1P2	Eif2s1	1972	1737	1610	2131	1688	513	805	737	1228	365	717	1007	1434	1798	1095	864	1040
Vdac1_+_52361144.23-P1P2	Vdac1	2541	3169	2165	3146	3022	981	1074	1244	2022	792	1386	2060	2961	2703	2200	1450	1648
Gan_-_117158036.23-P1P2	Gan	1934	2389	1838	2738	2310	641	1079	1188	1302	760	1262	1592	2465	2358	1845	1447	1169
Sdhd_+_50603782.23-P1P2	Sdhd	603	854	693	923	1103	184	391	496	711	313	629	439	858	812	773	550	559
Stxbp1_+_32847177.23-P1P2	Stxbp1	2112	3318	1884	3160	1002	250	361	388	864	256	506	601	804	722	475	561	522
Cox6a1_+_115348827.23-P1P2	Cox6a1	1426	2246	2103	2394	2156	528	745	870	1454	472	899	1544	1429	2233	1228	1420	1034
Ndufs4_+_114388046.23-P1P2	Ndufs4	1457	2066	1210	2043	1832	366	748	656	914	435	902	756	1598	1613	978	767	1019
Slc52a2_-_76538870.23-P1P2	Slc52a2	545	910	560	997	860	320	363	375	683	228	265	401	987	778	671	548	482
Pcyt2_+_120617837.23-P1P2	Pcyt2	1403	1610	1206	2010	1527	636	568	680	848	381	752	1025	1397	1415	1186	886	998
Fth1_+_9982960.23-P1P2	Fth1	1730	2712	2127	2084	1447	621	905	1025	1249	610	842	1155	2004	2211	1374	1320	1383
Notch1_-_26503733.23-P1P2	Notch1	1067	604	958	1189	893	170	349	354	474	220	549	388	1073	885	799	502	483
Hras_-_141193942.23-P1P2	Hras	2128	2525	2326	3065	2591	675	1087	797	1595	684	1548	1517	2214	2597	1918	1696	1465
Blvra_+_127070719.23-P1	Blvra_P1	1276	1843	1277	1766	1205	553	556	411	702	423	809	864	1647	1768	1177	985	845
Plcb4_+_135805601.23-ENSMUST00000035646.4	Plcb4	2814	2432	2821	3360	2580	515	1256	1100	1477	755	1039	1853	2026	2362	1973	1558	1505
Kif1a_-_93101795.23-P1P2	Kif1a	2443	2295	2472	2806	2156	757	828	735	1310	649	1407	1365	2235	2296	1918	1312	1148
Serpina3i_-_104263129.23-P1P2	Serpina3i	1133	1533	1010	1663	1468	433	555	647	606	407	539	658	831	1298	1191	804	713
Cdk11b_+_155624981.23-P1P2	Cdk11b	1288	1871	1474	2098	2059	423	721	833	783	631	1052	1376	1841	1788	1633	980	833
Clcn2_+_20717703.23-P2	Clcn2_P2	1572	2104	1491	2331	1703	560	820	667	1007	489	952	1245	1725	1588	1392	1105	843
Eif4g2_+_111082819.23-P1	Eif4g2_P1	981	1677	1673	1907	2168	423	760	588	1026	399	827	1332	1371	1592	1258	1046	867
Sct_-_141279082.23-P1P2	Sct	3648	3925	2455	3791	3179	1039	1377	1523	2005	1029	1724	2059	2664	4038	2631	2090	1942
Psen1_+_83688161.23-P1P2	Psen1	1140	1439	1189	1310	1454	497	729	499	1168	305	632	648	1148	1339	912	746	543
Cstb_-_78425745.23-P1P2	Cstb	1460	1922	1340	2158	1417	284	543	904	835	540	663	1007	983	1169	814	553	696
Scn8a_+_100870981.23-P1P2	Scn8a	2995	3382	3041	3465	3593	931	1324	1405	2521	950	1775	2485	2906	3550	2314	1876	1929
Alg14_-_121291760.23-P1P2	Alg14	1555	2019	1607	2356	1848	445	587	527	1244	490	534	1173	1189	1241	1082	701	906
Tcerg1_-_42511529.23-P1P2	Tcerg1	1390	1720	1287	1836	1599	542	783	839	788	423	611	889	1488	1713	897	973	981
Dbh_+_27165539.23-P1P2	Dbh	946	1770	1471	1518	1644	502	496	595	582	451	783	782	1233	1418	1236	738	805
Adora2b_+_62249054.23-P1P2	Adora2b	1963	2505	1526	2050	2359	582	843	941	1058	592	1169	1491	1844	2267	1530	1072	1279
Hcrt_+_100762905.23-P1P2	Hcrt	936	1424	914	1365	1235	321	403	330	783	260	817	592	1040	1043	720	713	588
Mapk8_+_33447119.23-P1P2	Mapk8	1492	1744	1358	1967	1967	441	923	794	1098	618	898	1413	2234	1868	1507	989	999
Atp5e_-_174464032.23-P1P2	Atp5e	1473	1558	1204	1886	1341	309	458	302	586	290	425	545	822	807	760	516	607
Dctn2_+_127266433.23-P1P2	Dctn2	727	1054	1022	917	1124	262	376	495	502	257	487	674	731	794	583	477	406
Plp1_-_136822917.23-P1P2	Plp1	2903	4048	3087	3701	3559	1223	1267	1267	1981	843	1569	2066	2885	3632	2423	1989	1949
Prnp_-_131909980.23-P1P2	Prnp	2266	2609	2424	2579	2344	550	1036	795	1447	722	944	1737	2242	2244	1513	1341	1189
Cfl1_-_5490536.23-P1P2	Cfl1	2244	3523	2282	2696	2355	554	1256	1408	1789	605	923	1573	1934	2865	2158	1348	1147
Serpina3m_+_104387049.23-P1P2	Serpina3m	1192	1805	1278	1818	1458	595	840	587	1060	452	963	991	1178	1732	1373	921	997
Dpysl2_-_66868575.23-P1P2	Dpysl2	877	1537	769	1444	1118	352	462	622	745	249	491	760	1046	1376	985	1063	884
Wnt5b_-_119544252.23-P1P2	Wnt5b	2279	2492	1748	2291	1689	672	786	926	1529	601	875	1229	1873	2251	1477	1289	1342
Cd40_+_165055700.23-P1P2	Cd40	2256	2920	2904	2989	2958	681	1247	866	1705	727	1194	1441	2272	2366	1631	1386	1717
Daxx_-_33909839.23-P1P2	Daxx	1468	1855	1632	1828	2058	513	711	695	1139	460	860	1154	1577	1587	1193	1120	894
Cfdp1_-_111854313.23-P1P2	Cfdp1	931	1087	686	1309	869	363	430	315	864	270	399	626	820	787	790	561	439
Bcl2_-_106714248.23-P1P2	Bcl2	2011	2734	2344	2865	2752	673	887	855	1546	716	1241	1586	2231	2610	1741	1544	1338
Chmp1a_+_123212728.23-P1P2	Chmp1a	3679	4838	3748	4665	3400	1187	1794	1682	2665	1100	1888	2230	3782	3934	2722	2122	2077
Ampd2_-_108085326.23-P2	Ampd2_P2	1584	1802	1424	1915	1912	424	527	729	1054	523	879	1207	1388	2077	1265	851	871
Glp1r_+_30902206.23-P1P2	Glp1r	1531	2228	1599	2262	1997	566	649	893	904	691	603	1390	1798	2097	1534	1071	1180
Oxr1_-_41789546.23-ENSMUST00000090095.5,ENSMUST00000022918.7	Oxr1	2357	2846	2283	2368	2430	728	1238	892	1639	852	1680	1440	2605	2518	2221	1539	1607
Tbk1_+_121586744.23-P1P2	Tbk1	1475	1677	1381	1828	1636	397	724	783	1051	394	543	959	1669	1383	1197	837	945
Gpx6_+_21312279.23-P1P2	Gpx6	1216	1602	888	1478	1164	261	433	481	539	290	551	590	1499	1447	1162	603	614
Ywhaq_+_21417519.23-P1P2	Ywhaq	2108	1978	1697	2428	1436	562	609	1014	1353	513	1112	1711	1876	1961	1145	1307	1172
Igfals_+_24878839.23-P1P2	Igfals	2123	1769	1596	2245	2034	615	561	402	1246	575	925	1350	2205	2006	1258	1209	1097
Nedd4_+_72662532.23-P1P2	Nedd4	1569	2091	1575	1921	1790	394	749	700	1123	463	994	1061	1875	1517	1452	1242	970
Adora1_-_134234825.23-P1P2	Adora1	1911	2045	1500	2297	1608	645	694	654	1266	434	568	1026	1639	1715	1372	1049	1064
Fgfr4_+_55153038.23-P1P2	Fgfr4	1167	1959	1240	1817	1957	500	702	912	890	413	608	777	1278	1434	1159	866	868
Glul_+_153899998.23-P1P2	Glul	1953	2196	2058	2255	2287	727	816	665	1308	565	930	1241	1758	2227	1511	1028	1060
Prnp_-_131909999.23-P1P2	Prnp	1739	1507	1493	2179	2027	582	749	698	833	450	918	1217	1481	1847	1222	1100	1002
Vcam1_+_116129387.23-P1P2	Vcam1	1168	1922	945	1667	1396	345	590	446	758	344	783	561	903	1353	1129	766	804
Taf15_+_83473150.23-P1P2	Taf15	2067	2425	2229	3060	2569	551	978	919	1379	797	1355	1868	2455	2809	1756	1376	1182
Ppargc1a_+_51553863.23-P1P2	Ppargc1a	2258	2893	2615	3119	2634	647	872	884	1783	802	1115	1847	1842	2913	2311	1500	1740
Cox8b_-_140900327.23-P1P2	Cox8b	1658	1944	1073	2034	1809	515	661	835	1342	540	937	1004	2144	1783	1553	1112	1045
Tmem119_+_113800329.23-P1P2	Tmem119	1853	2830	2081	2478	2354	766	1108	859	1688	735	1302	1462	2044	2725	1638	1287	1099
Ppp1r1b_-_98348717.23-P1P2	Ppp1r1b	1592	2535	1980	2328	1759	364	723	592	1085	476	786	884	1414	1498	1151	839	895
Ccdc88a_+_29374114.23-P1P2	Ccdc88a	2236	2988	2080	2776	3360	883	1211	1040	1778	680	1403	1686	2642	2573	1952	1779	1784
Tbce_+_14039561.23-P1P2	Tbce	1878	2328	2282	2691	2123	645	746	689	1472	584	1131	1880	1999	2177	1514	1199	1274
Vdac3_+_22593567.23-P1P2	Vdac3	918	1284	1186	1358	1175	353	436	573	668	175	413	714	698	1216	653	572	837
Fa2h_+_111393804.23-P1P2	Fa2h	1844	2265	1981	2482	1553	618	862	847	1215	474	940	1274	1957	1981	1912	1195	903
Slc12a1_-_125152617.23-P1P2	Slc12a1	1298	1798	1673	1891	1356	507	644	648	1024	425	622	1108	1512	1693	1052	1068	813
Cox7a2_-_79759789.23-P1P2	Cox7a2	1239	2169	1255	2233	1940	457	856	531	758	543	859	1079	1659	1510	1510	1043	859
Vac14_-_110618651.23-P1P2	Vac14	1587	2509	1726	2118	1750	509	781	915	1345	628	835	1426	1500	1799	1312	894	805
Psma4_+_54951034.23-P1P2	Psma4	1861	2112	1738	2281	1233	122	457	533	893	412	614	442	811	814	742	657	705
Uqcrc1_+_108936728.23-P1P2	Uqcrc1	1836	1657	1493	1943	2052	539	658	739	846	384	800	830	1648	1762	1378	889	876
Slc8a3_-_81333157.23-P1P2	Slc8a3	1111	1354	1047	1466	1632	360	575	549	1139	478	619	1113	1588	1600	994	864	968
Epo_-_137533207.23-P1P2	Epo	2510	3137	2718	3389	3166	620	1279	1653	1772	766	1545	1770	2660	2993	2300	1283	1722
Gdap1_-_17145482.23-P1P2	Gdap1	1134	1724	1079	1999	1348	453	602	591	1006	469	602	1046	1408	1318	1072	968	769
Epha8_+_136956786.23-P1P2	Epha8	1902	2561	1418	2277	2069	643	951	874	1271	671	1275	1542	1945	2295	1386	1333	948
Fis1_+_136953304.23-P2	Fis1_P2	1375	1705	1325	1593	1827	507	606	819	1007	371	655	1099	1339	1382	1429	999	940
Dnah12_+_26771335.23-ENSMUST00000073309.4	Dnah12	949	1437	1149	1404	1424	413	453	639	1086	351	626	905	816	1533	970	890	743
Il2_-_37125948.23-P1P2	Il2	2414	3508	1752	3513	3274	881	1075	1234	1849	655	1281	1675	2710	3114	1919	1798	1578
Gtf2h1_-_46796138.23-P1P2	Gtf2h1	1716	2371	1748	2250	2371	480	828	937	1101	496	938	1233	1369	1416	1180	1015	900
Pink1_-_138326223.23-P1P2	Pink1	1948	2620	2182	2974	2884	580	846	927	1497	660	845	1370	2255	2422	2016	1518	1537
Wnt11_+_98835180.23-P1	Wnt11_P1	2616	2690	2482	3305	2528	608	973	905	1509	668	1193	1397	2471	1962	1678	1511	1362
Dnah3_-_120095306.23-P1P2	Dnah3	1282	2261	1576	2305	2134	384	791	819	1246	528	1121	1423	1573	2118	1400	1188	1138
non-targeting_01726	non-targeting	2069	2198	2142	2232	1784	646	846	888	1412	598	1147	1343	1852	2078	1693	1315	1288
Padi2_+_140906416.23-P1	Padi2_P1	2005	2280	1497	2107	2264	664	945	872	1265	700	1034	1280	2271	2168	1506	1059	1349
Csf1_-_107760211.23-P1P2	Csf1	2093	2312	1937	3016	2646	703	898	1069	1514	613	1189	1723	2201	2155	1637	1226	1086
Tlr2_+_83841518.23-P1P2	Tlr2	1137	1483	1568	1877	1716	357	585	567	910	430	795	1157	1093	1415	962	1004	944
Txn2_+_77927881.23-P2	Txn2_P2	1976	1946	1863	2594	1861	479	889	943	1398	470	1073	982	1710	1708	1144	955	1371
Maneal_+_124862186.23-P1P2	Maneal	2101	2395	1985	2449	2448	659	1055	859	1507	580	1192	1239	2585	2281	1484	1287	1113
Lyst_+_13590432.23-P1P2	Lyst	1917	1894	1906	2274	2237	435	752	755	1485	573	959	1320	1749	1615	1061	1153	1091
H2-M1_-_36671865.23-P1P2	H2-M1	1749	1852	1867	2414	1886	603	1114	895	1374	646	932	1165	2345	2065	1506	1259	1193
Dnah17_-_118129081.23-ENSMUST00000106308.3,ENSMUST00000084803.5	Dnah17	2666	3333	2870	3316	3257	1005	1332	979	1660	871	1497	1696	2829	3026	2409	1705	1765
Rasgrf1_-_89909938.23-P1P2	Rasgrf1	1334	1958	1431	1677	1794	447	881	1058	903	478	852	1508	1800	1781	1344	820	1103
Chat_-_32465827.23-P2	Chat_P2	849	858	883	951	949	242	358	493	548	235	232	643	792	1007	369	487	573
Plxna4_+_32588178.23-P1P2	Plxna4	1402	1348	1645	1482	1914	429	724	892	1346	344	929	1072	1438	1490	1141	985	933
Hspd1_+_55087838.23-P1P2	Hspd1	1648	1991	1630	2095	2149	709	913	767	1265	382	825	1194	2134	1888	1620	1283	957
Psmd1_+_86064735.23-P1P2	Psmd1	1525	1863	1537	2135	2329	532	532	699	1367	509	836	951	1888	1739	842	965	1009
Bace1_+_45838608.23-P1P2	Bace1	1096	1028	1225	1489	1125	426	468	490	707	445	757	900	1324	1084	766	572	675
Pus1_-_110780534.23-P1P2	Pus1	2110	1861	2178	2349	2473	624	772	863	1121	707	647	1297	1744	2089	1544	1039	1016
Cacna1s_+_136052824.23-P1P2	Cacna1s	1547	1952	1283	1988	2258	492	662	559	882	446	771	1393	1653	1572	1378	920	1006
Dlst_+_85110934.23-P1P2	Dlst	1189	1217	1074	1329	1415	368	327	540	690	463	455	714	792	1256	753	629	802
Pla2g5_-_138819106.23-P1P2	Pla2g5	1322	1500	1188	1409	1504	277	542	461	786	414	574	808	1220	1331	743	683	560
Txnrd1_-_82859456.23-P1P2	Txnrd1	1731	2173	1804	2244	1908	504	678	902	1521	364	836	1089	1649	2220	1415	1098	1170
Nr3c1_-_39490444.23-P1P2	Nr3c1	2185	2392	1595	2672	2588	599	1006	989	1472	621	968	1536	1928	2557	1472	1302	1400
Lrp5_+_3686518.23-P1P2	Lrp5	1792	1957	2013	2250	1782	556	887	833	1443	634	1024	1459	1659	1625	1251	966	926
Elovl5_+_77917490.23-P1P2	Elovl5	1760	2337	1592	2034	2224	662	757	1269	1027	678	970	1383	1808	1750	1312	1085	1225
S100a10_+_93555218.23-P1P2	S100a10	1542	2180	2185	2492	2001	405	742	803	1037	632	767	1261	1872	1873	1398	1180	1208
Trap1_+_4077807.23-P1P2	Trap1	1249	1826	1156	1703	1586	388	625	371	711	227	803	1045	943	1401	1149	646	751
Xrcc1_+_24547276.23-P1P2	Xrcc1	2372	2225	2491	2998	2433	664	1159	748	1738	680	1277	1536	2332	2667	1613	1326	1135
Nfkb1_+_135691446.23-P1P2	Nfkb1	1202	1690	949	1946	1277	337	526	320	973	367	792	933	1253	1285	797	775	699
Dbh_+_27165532.23-P1P2	Dbh	1564	2180	1832	1622	1778	675	974	787	1215	326	987	1110	1776	1792	1076	982	957
Ctsd_+_142387612.23-P1P2	Ctsd	2069	2900	2567	2910	2317	639	840	642	1447	539	1000	1205	1357	1511	1467	1047	940
Ube3a_+_59228835.23-P1P2	Ube3a	1650	2229	1678	1779	1896	524	714	700	1040	533	689	1267	1487	2143	1553	1051	962
Ralgps2_-_156939560.23-P1P2	Ralgps2	924	1429	1052	1293	987	432	611	626	881	313	496	622	1075	1231	961	686	513
Pak3_-_143664367.23-P1	Pak3_P1	1682	2032	1943	1956	1615	364	787	907	1340	494	746	935	1267	1596	1218	1003	1103
Atxn7_+_14012674.23-P1P2	Atxn7	2926	3417	2184	3330	2970	647	1312	1017	1823	773	1158	1800	2407	2652	2264	1821	1575
Ptn_+_36810137.23-P1P2	Ptn	1591	2001	988	1926	1372	409	716	559	914	400	820	886	1206	1682	932	933	823
Comt_+_18426347.23-P1P2	Comt	2262	2905	2546	3165	2990	641	993	1060	1681	693	1417	1397	2200	3032	1710	1452	1502
Lmnb2_-_80918171.23-P1P2	Lmnb2	1667	1761	1225	1517	1450	446	671	780	807	306	767	1170	1520	1131	1237	764	816
Dnah12_-_26771069.23-ENSMUST00000073309.4	Dnah12	2162	2030	1694	2101	1738	428	745	665	1080	515	848	1186	1890	1670	1222	973	1337
Gch1_-_47189301.23-P1P2	Gch1	1791	2016	1507	2300	2349	347	902	618	979	482	743	1426	1469	2079	1483	1036	1242
Hif1a_+_73908049.23-P1P2	Hif1a	1704	2472	1981	2054	1698	457	709	808	1343	383	976	1132	1933	1407	1531	978	1030
Hap1_+_100356029.23-P1P2	Hap1	1584	2052	1796	1920	2547	595	809	1183	1020	570	983	1360	1658	1899	1369	1136	987
Psmc5_-_106256319.23-P1P2	Psmc5	354	1380	572	987	763	229	288	238	498	272	341	662	698	885	468	468	383
Hspb8_-_116422804.23-P1P2	Hspb8	1372	1483	1438	1456	1266	359	536	659	1055	306	465	1045	1229	1406	846	800	739
Anxa11_-_25842250.23-P1P2	Anxa11	3058	3151	2915	3246	3038	894	1395	1408	2360	840	1132	1553	2562	3154	1931	1793	1612
Ndufb5_+_32737140.23-P1P2	Ndufb5	850	1342	1253	1400	825	244	405	327	575	368	454	338	1036	1319	738	655	581
Nbn_-_15958130.23-P1P2	Nbn	1627	2821	3074	3195	2765	889	1130	1034	1632	978	1255	1559	2417	2749	1865	1770	1903
non-targeting_00810	non-targeting	1582	2029	1576	1957	1448	443	458	639	1004	538	805	1037	1598	2061	1180	1162	980
Slc17a6_-_51622118.23-P1P2	Slc17a6	1773	2600	1998	2478	2628	627	935	1235	1528	599	1064	1419	2028	2233	1407	1210	1296
Ins2_+_142679617.23-P1	Ins2_P1	1399	2539	1677	1555	2309	471	946	719	954	632	671	723	1440	1774	1389	995	890
Ppp5c_+_17027827.23-P1P2	Ppp5c	1663	2290	1788	2129	1586	483	744	881	1142	407	994	1007	1471	1623	1499	1045	889
Nhlrc1_-_47014827.23-P1P2	Nhlrc1	1492	1363	1223	1207	1254	421	442	523	933	349	799	955	1118	1488	1045	634	791
Ppp1r1b_-_98348738.23-P1P2	Ppp1r1b	1697	2147	1367	1847	2026	435	715	694	1221	514	936	1286	1711	1982	1245	906	884
Mars2_+_55237276.23-P1P2	Mars2	916	796	616	1047	1137	342	420	408	682	180	615	670	574	754	329	350	415
Klk6_-_43824562.23-P1P2	Klk6	1207	1842	1400	1419	1241	319	546	683	899	302	623	697	1027	1303	766	789	786
Mgst3_-_167393753.23-P1P2	Mgst3	1547	1681	1328	1894	2115	578	865	871	1313	463	980	1118	1322	1514	1650	917	1045
Lmx1b_+_33640843.23-P1P2	Lmx1b	2044	2456	2397	3041	2111	597	725	1275	1162	514	1144	1515	2185	1784	1881	1413	1558
Gsn_+_35256437.23-P1	Gsn_P1	2090	2627	1886	2337	2195	487	908	695	1607	541	924	1769	1659	2204	1618	1434	1379
Ttc19_-_62281510.23-P1P2	Ttc19	1628	1981	1531	1748	1739	380	803	692	1042	441	819	965	1859	1583	1513	828	1074
Sncg_-_34374624.23-P1P2	Sncg	1660	2180	1567	2219	2060	599	674	886	1305	474	717	1120	1609	1963	1534	1177	1013
Ndufb10_+_24724372.23-P1P2	Ndufb10	3258	5359	3847	5067	4862	1492	1845	1829	3116	1336	2309	2466	4266	4568	3479	2934	2744
Ndufa9_-_126849101.23-P1P2	Ndufa9	1001	1321	911	1348	1109	279	472	280	580	277	833	887	1316	1072	692	676	657
Optn_-_5063987.23-P1P2	Optn	1289	1527	936	1165	1207	376	636	466	762	379	542	776	1433	1265	872	822	644
Gba_+_89202959.23-P1P2	Gba	1704	1852	1509	1862	1860	350	852	654	904	314	819	1104	1091	1346	1333	832	740
Hsf1_+_76477467.23-P1P2	Hsf1	1513	2095	1831	1836	1545	481	755	386	1124	430	867	1126	1302	1623	972	907	959
Btn1a1_-_23465839.23-P1P2	Btn1a1	1130	1693	916	1579	1509	348	503	606	924	397	601	871	1284	1246	1135	862	989
Ccl2_+_82035611.23-P1P2	Ccl2	1735	2126	1311	2073	2317	430	904	963	1460	560	1077	1228	1604	2246	1376	1290	1053
Gjb1_-_101377345.23-P1P2	Gjb1	2038	2133	2411	2962	2119	830	1163	812	1385	529	1113	1753	1863	2379	1860	1397	1236
Dnah7c_+_46609005.23-ENSMUST00000178395.1	Dnah7c	1091	1253	1393	1362	1103	366	344	388	585	301	321	850	846	1235	748	570	610
Clu_+_65968685.23-P1	Clu_P1	3101	4733	3487	4367	4302	942	1550	1540	2444	1061	2337	2747	3346	3984	3354	2309	2569
Kat2b_+_53567061.23-P1P2	Kat2b	2216	2765	1369	2476	2540	610	991	867	1328	715	1203	1503	2260	2038	1371	1297	1263
Hspa14_-_3512708.23-P1P2	Hspa14	1921	2413	2347	2425	2135	548	912	875	1326	664	1166	1324	1951	2317	1524	1178	1442
Cd200_+_45408862.23-P1P2	Cd200	1641	2410	1375	2488	1465	400	762	436	1335	622	824	1007	1550	1687	987	971	917
Hcrt_-_100762871.23-P1P2	Hcrt	1576	2067	1855	1929	1858	805	812	1048	1171	599	858	928	1480	1766	1228	1032	909
Igf1_+_87861379.23-P2	Igf1_P2	1690	2232	1779	2043	1667	314	769	451	1013	503	1038	837	1268	1797	1191	1048	1115
Il13_-_53634595.23-P1P2	Il13	1687	2383	1533	2169	1912	642	873	1060	1216	599	832	1158	1830	2152	1321	1053	1219
Pklr_+_89136159.23-P1P2	Pklr	995	1535	977	1330	1222	368	452	717	889	416	566	846	944	907	1039	761	819
Pcna_-_132252774.23-P1P2	Pcna	2003	2528	2003	2414	1636	499	927	572	1082	604	788	858	1643	1503	1320	969	908
Agrn_+_156186172.23-P2	Agrn_P2	741	1034	1058	1358	1191	322	436	417	634	310	674	603	1045	1034	636	576	417
Tmem63c_-_87026560.23-P1P2	Tmem63c	1117	1214	831	1312	1271	315	462	568	657	307	825	645	917	1105	931	788	599
Fzd4_-_89404391.23-P1P2	Fzd4	1149	1095	1027	1423	1196	373	455	449	706	278	590	728	1142	1389	992	633	575
Emilin1_-_30913630.23-P1P2	Emilin1	1508	1520	1314	1782	1743	355	684	875	722	306	632	794	1215	1571	1323	864	907
Apc_-_34247721.23-P2	Apc_P2	1373	1554	1404	1529	1767	488	519	805	1013	433	793	702	1752	1638	697	877	696
Aco2_-_81872570.23-P1P2	Aco2	1702	2078	1506	2219	1347	475	502	574	1062	504	693	1056	1456	1755	1172	1165	1021
Serpina3k_-_104338402.23-P1P2	Serpina3k	1091	1394	972	1628	1270	375	453	460	750	378	820	808	1149	1177	869	798	605
Atp2a1_+_126463068.23-P1P2	Atp2a1	2220	2849	2631	3526	3265	778	1132	948	1738	777	1686	1742	2720	2716	2331	1679	1742
Cox7a2_-_79759510.23-P1P2	Cox7a2	1856	1305	1642	1996	1664	415	662	681	828	480	598	868	1160	1991	1209	1192	860
Vac14_+_110618638.23-P1P2	Vac14	2561	2855	1991	3043	2167	455	880	1290	1218	591	1309	1618	1765	1930	1312	1174	1227
Atg7_+_114643159.23-P1P2	Atg7	2398	2986	2442	3038	2958	886	1343	1116	1656	713	1292	1777	2337	2552	1766	1354	1346
Wipi2_-_142629591.23-P1P2	Wipi2	685	1019	544	1139	958	255	401	402	460	234	522	519	745	1078	683	638	743
Slc9a5_-_105348206.23-P1P2	Slc9a5	1526	2006	1354	1789	1867	409	649	890	1111	447	1037	1156	1531	1951	1158	1186	959
Coq2_-_100674279.23-P1P2	Coq2	2335	2544	2201	2525	2222	707	836	1033	1713	700	1216	1589	1897	2872	1748	1163	1205
Slc25a38_-_120110429.23-P1	Slc25a38_P1	1928	2282	1766	1885	2303	596	892	898	1181	536	1321	1368	1828	2090	1447	1435	1102
Nhlrc1_-_47014821.23-P1P2	Nhlrc1	2210	1819	2001	2508	2750	567	918	751	1297	583	995	1378	1836	2061	1433	1474	1157
Abcb1b_-_8798188.23-P1P2	Abcb1b	1131	2041	1470	2084	2113	495	801	545	1201	410	598	809	1193	1626	1196	919	900
Pde4a_+_21196785.23-P1	Pde4a_P1	1634	1926	1665	2146	2405	620	887	696	1421	447	837	1179	1356	1731	1321	1319	909
Gpx8_-_113046368.23-P1P2	Gpx8	1602	2024	2264	2053	1965	515	830	1146	1416	672	1099	1306	1972	2008	1736	1352	1316
Ndufs3_-_90904706.23-P1P2	Ndufs3	2234	3030	2189	2559	2465	813	915	992	1268	571	1071	1225	2593	2308	1379	1356	1079
Ndufa9_-_126849072.23-P1P2	Ndufa9	776	1287	853	1314	742	248	309	437	436	242	379	404	706	1062	880	580	571
Acan_-_79053280.23-P1P2	Acan	1759	2236	1708	2205	2100	561	740	797	1272	544	701	1091	1704	2075	1188	1046	1227
Xk_-_9272981.23-P1P2	Xk	1917	2652	1735	2920	2588	624	980	948	1628	710	1236	1510	2220	2579	2157	1286	1235
Vps13d_-_144974551.23-ENSMUST00000097796.2	Vps13d	1074	1179	1129	1367	1410	439	505	459	805	285	734	728	930	1170	789	851	537
Ptbp2_-_119783273.23-P1P2	Ptbp2	2089	3430	1946	2949	2625	712	948	1047	1335	632	1183	1703	2157	2084	1743	1259	1213
Hip1_-_135545081.23-P1P2	Hip1	1407	1415	1694	2009	1328	427	674	718	860	357	669	814	1361	1479	971	792	931
Tmem175_-_108629905.23-P1P2	Tmem175	1757	2044	1660	2165	1957	519	939	798	1346	476	1003	1324	2176	1942	1408	1123	1072
Cacna1c_+_118757922.23-ENSMUST00000112825.2	Cacna1c	1838	2097	1722	2575	2441	534	898	680	1024	381	973	1104	1695	2154	1499	1093	1201
Calm4_-_3838144.23-ENSMUST00000042219.4	Calm4	1727	1999	1506	1785	1735	464	741	789	844	345	815	901	1442	1421	1007	1015	1152
Csnk2a1_+_152226820.23-P1P2	Csnk2a1	1489	1556	859	1616	1668	383	684	531	1077	505	619	938	1336	1347	971	856	972
Aco2_+_81872537.23-P1P2	Aco2	2612	2352	2437	3036	3461	920	1367	1247	1787	769	1634	1719	2778	2554	1699	1394	1328
Msh2_-_87672779.23-P1P2	Msh2	1980	2502	1665	2597	2341	798	890	771	1346	594	890	1256	1814	2242	1501	1094	1207
Ap4e1_-_127008765.23-P1P2	Ap4e1	1544	1707	1535	1956	2222	534	845	836	1266	490	751	1352	1621	1687	1156	970	991
Ulk2_+_61854995.23-P1P2	Ulk2	1732	2025	2395	2649	2362	578	1066	776	1426	518	1306	1438	2061	2222	1666	1330	1152
Ndufa5_+_24527542.23-P1P2	Ndufa5	2177	2323	1963	3343	2182	684	1052	809	1508	559	1180	1083	1511	2291	1502	1047	1127
Ndufb7_-_83566788.23-P1P2	Ndufb7	1834	2174	1867	2206	2265	494	791	853	1320	515	893	1278	1588	2169	1599	1307	1201
Vdac1_-_52361164.23-P1P2	Vdac1	1888	2542	2540	2842	2765	806	991	875	1633	599	1274	2042	2188	2347	1509	1725	1524
Rest_-_77265551.23-P1P2	Rest	2785	2810	2410	3106	2202	571	745	979	1375	498	811	1339	2558	2648	1681	1331	1378
Kcne3_-_100178771.23-P1	Kcne3_P1	1200	1307	1249	1547	1690	388	459	756	622	320	634	611	1154	1390	963	837	683
Cdk6_+_3343927.23-P1P2	Cdk6	2905	3272	2107	3343	2519	873	1428	1047	1795	838	1497	1380	2406	2917	2013	1651	1633
Tcerg1_-_42511542.23-P1P2	Tcerg1	1713	2218	1845	2518	2326	545	926	1090	1288	661	1174	1478	1534	1701	1556	1078	1077
Pank2_+_131262592.23-P1P2	Pank2	1668	1860	1272	2044	2172	688	794	691	1207	500	990	1202	1753	1863	1527	1004	913
Cd200r3_+_44943927.23-P1P2	Cd200r3	1419	2223	1641	2013	1687	578	795	788	1380	552	1004	1383	1713	1813	1505	1239	1197
Kitl_+_100015846.23-P1P2	Kitl	3035	3402	2288	3408	2842	816	1246	1289	1601	754	1197	1725	2941	3085	2204	1624	1827
Vps35_+_85299508.23-P1P2	Vps35	2342	2200	2147	2609	2592	986	1206	1215	1854	666	1666	1854	2665	2665	1842	1583	1442
Dnal1_-_84114381.23-P1P2	Dnal1	467	860	838	955	562	153	306	191	451	198	118	492	734	581	492	578	468
Tpo_-_30132595.23-P1P2	Tpo	2464	3084	2930	3375	2607	1033	1142	1458	1367	803	1448	1773	2348	2759	1973	1680	1569
Vps37a_+_40511906.23-P1P2	Vps37a	1936	2488	2471	2653	2610	682	989	823	1190	573	765	1543	2143	2377	1493	1218	1114
Serpina1a_-_103863619.23-P1P2	Serpina1a	1840	1849	1690	1646	1622	466	826	1137	899	476	577	992	1927	1635	1512	1111	1133
Exosc1_-_41933255.23-P1P2	Exosc1	2128	1750	1795	2257	1755	618	857	807	963	412	846	998	1209	1969	1151	1057	1234
Atg2a_-_6241700.23-P1P2	Atg2a	2491	2721	2386	3093	2182	726	1084	915	1477	689	1388	1700	1994	2612	1881	1687	1579
Slc25a4_+_46210955.23-P1P2	Slc25a4	2129	2442	1798	2123	2116	609	945	601	1460	629	1134	1098	1753	1941	1308	1258	1266
Map2k1_+_64253577.23-P1P2	Map2k1	1789	2444	2170	2414	2507	445	771	1000	1691	811	1021	1750	1802	2532	1481	1177	1404
Myoc_+_162639403.23-P1P2	Myoc	1953	2112	1802	1880	1828	511	757	859	1341	449	984	1212	1619	1697	1708	949	1192
Gtf2h1_-_46796160.23-P1P2	Gtf2h1	1475	2330	1906	2298	2037	505	570	542	1023	487	742	1053	1779	1882	1152	1103	1084
Cln8_-_14888921.23-P1P2	Cln8	1371	1588	1442	1579	1711	445	551	480	911	464	709	956	1200	1456	1157	733	737
Atxn3_-_101958142.23-P1P2	Atxn3	2245	3031	1807	2849	2619	666	1058	957	1759	747	1252	1872	2614	2593	2008	1596	1235
Pvalb_-_78206340.23-P1	Pvalb_P1	1128	1326	1071	1253	1365	297	551	645	886	303	644	656	1161	1180	1027	743	828
Scn11a_+_119825277.23-P1P2	Scn11a	1286	1253	1516	1955	1934	556	530	705	832	434	479	1013	1563	1507	911	884	829
Elavl3_+_22051950.23-P1P2	Elavl3	3109	3370	2498	3698	3145	965	1454	1170	2401	688	1702	2402	2778	2869	2237	1879	1693
Padi2_-_140924342.23-P2	Padi2_P2	1374	1365	1268	2026	2201	379	609	646	630	461	779	720	1394	1368	838	746	732
Unc13a_-_71671704.23-P1P2	Unc13a	1752	1954	1334	2274	2023	422	726	671	1078	646	925	1255	1638	1562	1111	1050	1010
Casp8_-_58795415.23-P1P2	Casp8	1348	1502	1719	1659	1709	380	617	607	987	453	720	1292	1519	1490	1160	801	713
Qprt_-_127121986.23-P1P2	Qprt	2340	2959	2269	2473	2197	782	986	968	1444	573	1168	1250	2021	2433	1784	1779	1250
Wnt1_+_98789857.23-P1P2	Wnt1	1744	1989	1134	2160	1911	481	783	435	1052	381	682	1187	1600	2052	1277	818	919
Ubb_-_62551733.23-P1P2	Ubb	1454	2172	1434	2134	911	317	356	420	427	198	346	374	736	409	527	404	423
Il15_+_82402974.23-P1P2	Il15	2037	2489	1756	3100	2239	701	1050	922	1235	672	1356	1415	1821	2199	1290	1501	1160
Ifng_+_118441029.23-P1P2	Ifng	1664	2119	1814	2055	2007	542	786	420	1260	452	1085	990	1241	1845	1843	974	1082
Nanog_-_122707642.23-P1P2	Nanog	1243	1376	1219	1502	1038	375	617	494	1014	387	497	925	1163	1176	669	865	623
Il13ra1_+_36112152.23-P1P2	Il13ra1	2026	2129	1597	1950	1503	494	973	958	1345	456	1077	1041	1206	2183	1031	1094	1110
Nqo1_-_107403170.23-P1P2	Nqo1	1183	1553	1596	1582	1095	401	585	462	619	339	562	693	1029	1051	864	740	799
Mtdh_+_34082893.23-P1P2	Mtdh	1215	1200	1117	1568	1166	425	425	725	786	424	652	1009	1084	1438	1087	852	759
Prph_+_99055177.23-P1P2	Prph	1772	2364	1642	2587	2191	627	947	818	1333	411	789	932	1875	2269	1333	1198	1355
Gria2_+_80802581.23-P1P2	Gria2	1425	2138	1476	1957	1883	453	650	840	1011	692	851	1074	1930	1613	1164	989	838
Pon2_+_5298269.23-P1P2	Pon2	2065	2481	1636	2577	2324	572	925	906	1461	525	1017	1077	2077	1819	1547	1284	1000
Il13_-_53634683.23-P1P2	Il13	2030	2475	1865	2811	2132	501	960	825	1397	485	1110	1637	1824	2408	1694	1345	1151
Ppid_-_79591422.23-P1P2	Ppid	1896	2399	1805	2475	1904	608	750	1030	1483	469	1035	1744	2062	2015	1418	1173	960
Eif2s2_+_154892838.23-P1P2	Eif2s2	1115	1431	852	1285	825	301	399	401	928	272	723	541	1536	1236	892	854	611
Actr10_-_70937985.23-P1P2	Actr10	1904	2508	1955	2298	2466	635	827	890	1143	420	806	1554	1620	1895	1194	1075	1177
Npc1_-_12236340.23-P1P2	Npc1	2039	2461	2207	2866	2465	888	1120	806	1889	714	1402	1543	2079	2546	1323	1363	1066
Ubap1_-_41349094.23-P1P2	Ubap1	1562	2132	1255	2029	563	101	198	137	267	128	277	513	530	452	356	446	311
Cox7a1_+_30184238.23-P1P2	Cox7a1	2238	2859	2325	2798	2463	635	1027	828	1608	524	867	1763	2050	2536	1768	1461	1083
Pank1_+_34877859.23-P1P2	Pank1	1776	2020	1560	1549	1424	275	620	770	1073	364	678	932	1177	1196	1294	1009	879
Kcnc1_+_46396487.23-P1P2	Kcnc1	3141	3777	2891	4680	4278	948	1465	1591	2563	884	2140	2722	3248	4440	2356	1985	2189
Ager_-_34597859.23-P1P2	Ager	2221	2529	1582	2770	2527	592	942	1267	1099	603	1037	1562	1952	1993	1093	1227	1299
Wnt10b_-_98778508.23-P1P2	Wnt10b	1149	1720	1599	1489	1133	377	562	512	872	355	851	1146	1244	1492	1146	796	808
Prickle1_+_93519498.23-P2	Prickle1_P2	1076	1625	1305	1655	1698	340	669	272	610	413	758	983	1362	1245	1108	936	1058
Cox7a2_+_79759634.23-P1P2	Cox7a2	1294	1558	1724	2371	1479	474	672	559	979	543	869	1091	1387	1690	1027	935	801
Gdap2_+_100162501.23-P1P2	Gdap2	1013	1838	1369	1516	1658	351	585	526	1281	454	534	1219	1293	1573	1027	805	853
Pla2g1b_-_115466324.23-P1P2	Pla2g1b	645	1026	1025	889	1119	405	371	543	818	247	582	617	603	971	754	642	514
Spast_+_74338737.23-P1P2	Spast	1975	1815	1504	2789	2409	556	851	622	1353	441	882	1322	2063	2176	1335	1135	925
Nt5c2_+_46962274.23-P1P2	Nt5c2	2359	2943	1935	3008	2619	677	1044	1413	1477	565	1578	1928	2185	2983	1765	1386	1399
Ndufb11_-_20617633.23-P1P2	Ndufb11	2351	2985	3000	2969	2261	588	1011	1381	1448	765	1265	1716	2271	2349	1776	1366	1205
Cdc27_-_104550098.23-P1P2	Cdc27	1403	1206	1594	1390	1469	286	446	568	659	396	620	814	1004	1241	980	860	800
Ndufb4_+_37654127.23-P1P2	Ndufb4	2316	2879	2068	2776	2848	809	1088	1265	1730	818	1117	1479	2206	2548	1758	1558	1249
Lyst_-_13590493.23-P1P2	Lyst	1431	1581	1351	1457	1501	594	577	684	877	494	1023	1122	1202	1323	954	706	893
Axin1_-_26138698.23-P1P2	Axin1	1702	1962	1316	1721	1828	480	687	547	1157	462	1057	1135	1431	1642	1110	835	967
Sugp1_+_70043087.23-P1P2	Sugp1	1927	2278	1957	2289	1952	724	784	873	931	565	950	1231	1931	2120	1203	941	1117
Synj1_+_91011001.23-P1P2	Synj1	2294	2749	2302	3191	2820	729	1038	1214	1509	669	1361	1643	2652	2452	1950	1577	1373
Fgf2_+_37348382.23-ENSMUST00000138563.2	Fgf2	1510	1644	1194	2045	1727	337	636	645	997	428	1016	1030	1548	1842	1485	965	1068
Mthfr_-_148039219.23-P1	Mthfr_P1	2164	2239	2359	2473	2218	760	942	1047	1534	613	1225	1573	1940	2818	1451	1555	1473
Casp7_+_56397286.23-P1P2	Casp7	1358	1940	2052	1938	1625	578	810	533	1200	444	1176	988	1746	1830	1383	1162	963
Nalcn_-_123627015.23-P1P2	Nalcn	2349	3292	2550	3268	2593	443	842	940	1645	799	1113	1836	2021	2463	1822	1312	1701
Chchd2_-_129887426.23-P1P2	Chchd2	2912	4329	2551	3792	3370	1036	1666	1565	2111	888	1865	1920	3183	3339	2990	1894	1953
Cnr1_-_33924687.23-P1P2	Cnr1	1952	2499	1358	2134	2232	625	916	623	903	532	851	1442	1489	2293	1421	1217	1067
Elovl4_-_83806064.23-P1P2	Elovl4	1351	1673	1580	2319	1999	604	885	511	976	370	948	833	1636	1812	1348	1071	813
Prickle2_-_92706209.23-P1	Prickle2_P1	1572	2251	1677	2234	2152	357	724	585	942	460	795	922	1709	1334	1063	1149	1069
non-targeting_01766	non-targeting	2767	3250	2892	3391	2617	829	1580	1487	1742	730	1513	1565	2494	3150	2135	1694	1869
Mecp2_-_74085366.23-P1P2	Mecp2	853	913	794	1012	861	280	261	371	688	278	418	623	910	889	810	540	573
Rbfox3_+_118909491.23-P1P2	Rbfox3	1166	1499	1338	1803	1499	307	425	507	929	281	654	764	1102	1226	905	647	925
Ung_-_114131245.23-P1P2	Ung	2254	2989	1973	3424	2770	763	1124	1025	1771	718	1278	1943	1917	2375	1728	1230	1340
Hip1_+_135544873.23-P1P2	Hip1	4231	5030	4044	5601	5215	1450	1577	2412	2946	1171	2189	2579	3910	5338	3854	2792	2946
Psmd1_+_86064692.23-P1P2	Psmd1	1549	2337	1349	2246	2097	675	709	1045	1327	594	819	1272	1718	1748	1307	1114	1143
Sirt3_+_140881751.23-P1P2	Sirt3	2856	3705	2926	3560	2710	837	1183	1435	1995	593	1349	1692	2518	3094	2356	1961	1901
Slc2a1_-_119108871.23-P1P2	Slc2a1	2533	2920	2287	2475	2994	560	1062	962	1139	741	1352	1536	2195	2663	1910	1514	1105
Nop56_-_130274696.23-P1P2	Nop56	889	1301	864	1099	877	302	323	404	434	265	570	631	603	626	379	445	399
Pax6_+_105669139.23-P1	Pax6_P1	1923	2531	2664	2781	2610	517	895	1025	1706	581	1469	1208	2287	2507	1804	1379	1553
Padi4_+_140774164.23-P1	Padi4_P1	1624	1547	1672	1725	1659	385	783	876	903	302	665	726	1748	1466	1227	728	755
Tuba3b_-_145616054.23-P1P2	Tuba3b	2627	3716	2624	3217	2762	693	1323	997	2005	754	1419	1832	2498	2654	1730	1653	1344
Timm8a1_-_134541842.23-P1P2	Timm8a1	1625	1794	1795	2373	1990	590	1030	695	1191	517	1193	1292	1934	2012	1763	1121	1144
Ly6e_+_74955731.23-P1P2	Ly6e	615	633	390	998	705	67	236	212	397	171	521	400	706	916	667	530	510
Trpv4_+_114658390.23-P1P2	Trpv4	1962	2685	2387	2772	2047	560	846	1013	1398	642	954	1963	2199	2129	2136	1356	1423
Tmem240_-_155734879.23-P1P2	Tmem240	1324	1436	1243	1511	848	145	342	246	403	222	317	292	619	567	400	373	489
Lgi1_+_38264806.23-P1P2	Lgi1	2821	3270	3317	3305	3383	1081	974	1592	2045	1137	1509	2063	2853	3163	2482	1802	1807
Nras_-_103058352.23-P1P2	Nras	1944	2512	1615	2355	2358	372	827	952	1374	698	775	1645	2290	2316	980	1128	1299
Nanog_-_122707612.23-P1P2	Nanog	1997	2082	1823	2475	2199	654	1073	1012	908	431	1065	1259	2091	2025	1493	1303	1166
Notch3_+_32166883.23-P1P2	Notch3	2129	2121	1928	2191	2265	486	731	957	988	568	1030	1198	1603	1956	1431	1138	762
Tomm20_-_126945584.23-P1P2	Tomm20	1956	2135	2217	2641	2571	588	1015	558	1126	717	869	1054	1762	2151	1536	1052	1041
Psmd12_-_107479733.23-P1P2	Psmd12	1988	3178	1823	3082	2326	695	1028	1130	1678	879	1017	1740	2079	2378	1612	1504	1466
Chmp1a_-_123212754.23-P1P2	Chmp1a	4002	4903	3825	5201	4769	1278	1873	1530	2579	1326	2534	2720	3787	4778	3179	2353	2866
Cd40lg_-_57212310.23-P1P2	Cd40lg	843	1678	1084	1201	1097	316	455	242	774	339	467	766	993	1090	886	622	881
Lrriq3_-_155093557.23-P1P2	Lrriq3	1671	1772	1238	1907	2007	494	670	914	1223	470	955	1226	1275	1872	1597	964	805
Cxcr4_+_128592255.23-P1P2	Cxcr4	2168	2242	2265	2306	2064	595	1154	933	1251	617	1097	1351	1680	2011	1280	1106	1350
Adcyap1_+_93199201.23-P1P2	Adcyap1	2127	3600	2633	3442	4074	949	1185	1326	2032	750	1631	2038	3198	3153	2018	1846	1580
Glb1_-_114401183.23-P1P2	Glb1	1182	1397	1334	1893	1627	337	482	430	693	343	596	1090	1486	1254	1275	1243	683
Psmd13_+_140882414.23-P1P2	Psmd13	1613	1737	1368	1698	1187	425	667	536	817	397	480	944	1205	1461	1026	717	744
Actr1a_+_46395693.23-P1P2	Actr1a	2682	2593	1740	3044	2494	789	826	818	1592	799	1197	1325	2278	3031	1645	1466	1360
Tbce_+_14039547.23-P1P2	Tbce	826	1544	671	1093	913	308	480	310	657	248	535	610	1007	959	735	428	442
Idua_-_108669300.23-P1P2	Idua	2073	2815	2422	2639	2421	707	870	1150	1594	567	1135	1414	1961	2312	2010	1582	1435
Zfyve26_+_79296071.23-P1P2	Zfyve26	1894	2164	2400	2399	2490	432	799	1006	1311	591	1132	1050	1975	2243	1484	1215	1181
Ang2_+_51195879.23-ENSMUST00000051274.1	Ang2	3644	3902	2866	3676	4227	1003	1703	1607	2111	773	1971	2064	3030	3207	2208	2068	2317
non-targeting_01168	non-targeting	1478	2654	2157	2589	2334	672	970	1091	1434	572	1084	1238	1791	2067	1608	1168	1407
Ryr2_-_12106598.23-P1P2	Ryr2	1118	1011	1050	1227	1344	452	621	705	878	306	765	642	1034	1430	1089	741	758
Smpd1_+_105554507.23-P1P2	Smpd1	1289	1654	863	1735	1624	424	533	363	1119	345	751	916	1093	1469	982	814	727
Dnah3_-_120095293.23-P1P2	Dnah3	2164	2437	2377	2710	2548	876	1223	918	1343	804	1566	1525	2409	2633	2160	1616	1572
Tuba3b_-_145616065.23-P1P2	Tuba3b	1703	2196	1846	2387	2175	501	904	592	1501	353	946	1148	1969	2293	1278	1102	990
Wnt2_-_18030125.23-P1P2	Wnt2	1614	1573	1690	2226	1474	268	631	489	977	378	858	834	1143	1576	1185	972	762
Morc2b_+_33139604.23-P1P2	Morc2b	902	1218	965	801	1036	291	442	312	492	197	488	735	792	904	714	512	452
Nox4_-_87246883.23-P1P2	Nox4	1178	1626	1380	1996	1802	450	875	618	988	535	939	1025	1611	1510	1575	901	1023
Trrap_-_144768261.23-P1P2	Trrap	1946	2276	1614	2156	1898	587	894	1038	1375	462	1006	1252	1733	1973	1579	1053	992
Npc2_-_84772871.23-P1P2	Npc2	1661	2115	1010	1573	1294	423	499	537	692	373	474	643	817	640	629	621	515
Rab10_-_3309900.23-P1P2	Rab10	1924	2142	1446	1928	1891	643	554	956	979	541	963	1039	1634	1845	1313	1203	1149
Syt1_+_109010847.23-P1P2	Syt1	2657	4128	2859	4423	3072	854	979	1265	1793	815	1498	1842	3550	3497	3900	3516	3109
Ndufa10_-_92473771.23-P1P2	Ndufa10	3789	5202	4081	5682	4235	1388	2476	1906	2698	1231	2404	2643	3807	4716	2814	2641	2627
Taf15_+_83473131.23-P1P2	Taf15	1648	2377	1651	2539	1562	446	673	543	1261	502	933	1095	1856	2113	1752	1220	989
Ube2j1_+_33031580.23-P1P2	Ube2j1	1756	1968	1761	2325	2085	494	930	538	1465	609	959	1383	1431	1968	1330	1194	1008
Pus1_+_110780392.23-P1P2	Pus1	1593	1939	1606	1889	1454	482	652	566	981	446	527	1090	1128	1877	1047	902	866
Smcr8_+_60777611.23-P1P2	Smcr8	1310	2305	1428	2358	1771	683	804	807	1050	539	808	1394	1677	1882	1613	1004	1384
Cst3_-_148875423.23-P1P2	Cst3	618	1158	642	928	752	266	344	613	395	188	439	699	540	588	746	598	436
non-targeting_03259	non-targeting	1990	2357	1714	2546	2407	662	866	821	1559	784	1141	1309	1324	2167	1618	1229	1216
Gpnmb_-_49036675.23-P1P2	Gpnmb	1987	2352	1815	2531	2173	472	774	833	1352	516	1356	1498	1594	1733	1264	1346	1252
Il13ra1_+_36112176.23-P1P2	Il13ra1	1628	1868	1156	1524	1456	373	681	689	717	301	789	932	1445	1460	1076	988	847
non-targeting_02224	non-targeting	2332	2929	1752	3089	2054	707	1030	916	1370	856	1505	1913	2141	1991	1866	1256	1475
Bean1_+_104170576.23-P1P2	Bean1	1527	2029	1592	2395	1538	511	788	790	1083	563	999	969	1651	1923	1173	939	1142
Sox3_-_60893377.23-P1P2	Sox3	2017	2156	1650	2637	1522	601	818	974	1201	639	1130	1149	1899	2130	1325	1241	1341
Sh3tc2_+_61953056.23-P1P2	Sh3tc2	1382	1582	973	1606	1329	505	761	760	746	248	541	973	1089	1451	1088	892	776
Chchd10_-_75935920.23-P1P2	Chchd10	1289	2117	1436	2459	1916	453	685	1169	1023	547	897	1471	1739	1810	1081	879	922
Ndufv2_+_66101487.23-P1P2	Ndufv2	1945	2090	1832	2357	2192	444	880	827	1298	591	1198	1151	1861	2081	1416	1197	1056
Nbr1_-_101552944.23-P1P2	Nbr1	2050	2287	1731	2178	2292	483	839	921	1455	533	860	1399	1818	2115	1703	1299	1452
Csnk2b_-_35121231.23-P1P2	Csnk2b	823	1437	961	1564	1203	353	495	292	589	315	492	724	989	1382	1200	786	852
Nbr1_+_101552859.23-P1P2	Nbr1	2082	2706	2009	2662	2115	539	844	1029	1179	446	1158	1175	1601	2030	1829	1222	1310
Cox7a1_-_30184222.23-P1P2	Cox7a1	1631	2072	1915	1990	1613	489	870	668	1255	584	780	1328	1743	2102	1040	1086	1150
Gstm2_+_107986418.23-P1P2	Gstm2	2460	3505	2397	2933	2928	912	1405	997	1816	747	1142	2102	2637	2978	2034	1492	1669
Arih1_+_59486648.23-P1P2	Arih1	1609	2084	1368	2466	1942	600	779	833	1033	573	787	1436	1827	1898	1461	1105	1333
Kif5b_+_6241487.23-P1P2	Kif5b	1632	2237	1685	2167	2029	524	798	1034	1424	638	1022	1133	1785	2205	1574	1050	1461
Sptlc3_+_139494107.23-P1P2	Sptlc3	1698	1814	1501	2254	2222	538	593	702	940	341	826	1148	1497	1740	1234	1117	1302
Ndufa3_-_3617422.23-P1P2	Ndufa3	1636	2136	1925	2537	2380	492	774	926	1487	439	1036	1359	1306	1443	1083	968	766
Ralgps2_+_156939581.23-P1P2	Ralgps2	1832	2399	1771	2861	2684	738	1101	917	1757	574	1199	1696	2295	2000	1435	1538	1036
Egf_+_129755229.23-P1P2	Egf	1209	1754	1800	1928	1711	284	724	742	1049	532	864	970	1561	1959	1437	977	939
Pfn1_+_70654615.23-P1P2	Pfn1	2236	2783	2274	2938	2559	844	1155	1022	1759	716	1271	1756	2356	3154	2369	1598	1492
Itm2b_+_73368385.23-P2	Itm2b_P2	2345	2766	2886	3191	2830	884	1326	1157	1418	873	1560	1750	2765	3402	2134	1525	1804
Apoa1_-_46228736.23-P1P2	Apoa1	1137	1537	1110	1520	1380	356	653	748	957	431	552	679	1492	1551	895	706	819
Pon1_-_5193750.23-P1P2	Pon1	2157	2530	2059	2666	2085	612	1079	1148	1411	601	1145	1083	2097	2174	1600	1477	1365
Alb_+_90460901.23-P1P2	Alb	1927	1934	2029	2303	1781	517	722	857	1490	624	977	1197	2051	2092	1495	1378	1172
Ndufs1_-_63176673.23-P1P2	Ndufs1	1062	1776	729	1168	1404	268	535	567	540	328	460	757	847	1121	1072	756	719
Gstm3_+_107969093.23-P1P2	Gstm3	1010	1761	1406	1727	1651	326	714	536	844	331	737	623	1235	1093	1112	845	727
Vamp1_+_125231267.23-P2	Vamp1_P2	857	1391	1083	1237	1050	229	637	369	603	251	548	795	1014	1191	761	568	703
Atm_-_53536704.23-P1P2	Atm	1605	2096	1545	1972	2254	605	733	700	1114	398	652	1187	1316	1729	1371	995	855
Nars2_+_96951611.23-P1P2	Nars2	1474	1829	1561	2140	1723	432	659	788	1013	506	900	1255	1779	1684	1361	1182	975
Ttpa_-_20008433.23-P1P2	Ttpa	2105	2561	2451	3256	3076	857	925	1044	1527	717	1163	1488	2629	3057	1988	1372	1563
Ndufa12_-_94199240.23-P1P2	Ndufa12	2467	3110	2610	3746	3639	840	1146	1286	2467	942	1149	1892	3091	3253	2180	1858	1953
Ndufb3_+_58586801.23-P1P2	Ndufb3	1528	1403	1583	1728	2354	525	546	532	996	503	669	1037	1621	1698	1094	903	903
Xpnpep1_+_53038565.23-P1P2	Xpnpep1	2527	2827	2273	2948	2808	755	1055	1448	1784	708	1239	1553	2488	2927	1908	1507	1580
Apod_+_31314576.23-P1P2	Apod	1483	2050	1642	1856	1727	652	685	876	1111	571	886	1350	1440	1665	1196	926	978
Cd55_+_130462719.23-P1P2	Cd55	1271	1479	1344	1425	1148	273	400	525	888	275	464	853	994	1027	898	774	554
Ang6_-_44002249.23-ENSMUST00000096869.2	Ang6	1145	2137	1408	1524	1505	374	471	409	811	466	659	853	1089	1128	972	1002	841
Aga_-_53511807.23-P1P2	Aga	1241	1643	1079	1510	1184	279	598	729	788	332	431	943	877	1262	884	636	775
Csf1r_+_61105913.23-P1P2	Csf1r	1511	2021	1477	2150	1874	543	841	661	1089	428	1029	1406	1810	2135	1483	1180	1095
Mthfr_+_148041442.23-P2	Mthfr_P2	1399	1578	1685	2050	2457	608	870	703	1141	583	837	1124	1383	1926	1608	1291	993
Ndufs3_-_90904716.23-P1P2	Ndufs3	2236	3547	2287	3417	2860	729	1271	1005	1813	904	1542	2324	2104	2618	2005	1787	1613
Atp13a2_-_140986910.23-P1P2	Atp13a2	1527	2534	1913	2647	2664	776	885	1122	1614	763	1170	1713	2548	2322	1726	1520	1483
Capn1_-_6015186.23-P1P2	Capn1	1674	2299	1557	2240	2307	462	767	711	1494	543	949	975	1924	1753	1496	1035	1069
Gpx8_-_113046354.23-P1P2	Gpx8	894	989	812	1588	1490	333	405	503	722	246	397	922	1027	1227	761	704	563
Becn1_+_101302209.23-P1P2	Becn1	1294	1939	1882	2327	1610	486	571	547	874	399	562	758	959	1074	733	703	483
Psmd3_-_98682614.23-P1P2	Psmd3	1719	2491	1500	2425	2194	523	749	597	1211	632	789	1056	1731	2099	1369	1017	1156
Chat_+_32460845.23-P1	Chat_P1	1489	1463	1335	1735	1118	293	711	363	921	372	697	448	1156	1247	932	746	781
Letm1_-_33782713.23-P1P2	Letm1	1916	1907	2231	2506	2029	397	623	812	880	561	1146	1195	1634	1753	1506	1077	1097
Cox6a1_-_115348888.23-P1P2	Cox6a1	1942	1850	1353	2034	1854	369	761	571	1112	488	748	1078	1547	1504	1363	1007	973
Cln6_-_62838855.23-P1P2	Cln6	2313	2899	2369	3001	2340	601	891	852	1448	580	1247	1225	1923	2119	1767	1255	1133
Rbpj_+_53591147.23-P1P2	Rbpj	2196	1751	1294	2348	2196	416	758	710	1201	361	740	1387	1454	1908	1642	1133	1086
Msra_-_64440847.23-P1P2	Msra	3037	4220	3777	4495	3738	1217	1636	1495	2139	979	1428	2207	3341	3721	2834	2216	2499
Ndufv1_+_4012655.23-P1P2	Ndufv1	2277	1895	2341	2634	2823	479	1035	1104	1533	571	1257	1603	1942	2291	1547	1306	1357
Uba1_+_20662928.23-P1	Uba1_P1	2327	2469	1880	2872	2306	701	933	1103	1395	601	1570	1805	2229	2412	1684	1625	1610
Tor1a_+_30967668.23-P1P2	Tor1a	2107	2766	1790	2879	2525	644	1164	1285	1498	651	1491	1758	2213	2282	1967	1517	1363
Grm2_-_106656014.23-P1P2	Grm2	2917	3603	2639	3488	3465	1009	1643	1501	1796	701	1683	1981	2725	3191	2255	2107	2075
Emilin1_-_30913503.23-P1P2	Emilin1	1727	1752	1884	1865	1845	601	906	625	1189	447	689	1266	1770	1757	1594	1147	813
Actr1a_-_46395501.23-P1P2	Actr1a	2240	3140	2411	3682	2823	796	1213	1182	2102	722	1181	1873	2874	2752	1921	1438	1761
Psmd8_-_29180602.23-P1P2	Psmd8	1808	1990	2101	2616	1649	464	742	672	1324	374	773	1044	1296	1651	1149	833	764
Ube2v1_+_167632003.23-P1P2	Ube2v1	1324	1494	1091	1418	1471	523	579	553	858	326	710	749	1008	1391	1042	809	815
Tmem119_-_113800358.23-P1P2	Tmem119	1269	1677	1641	1685	2047	480	840	740	901	366	819	935	1227	1734	1220	1032	1163
Arl6ip1_+_118129375.23-P1P2	Arl6ip1	1527	2220	1283	1598	1763	592	770	995	1092	558	781	1260	1604	1766	1341	999	1209
Ndufv3_+_31520227.23-P1P2	Ndufv3	1590	1693	1420	2050	1767	394	605	819	912	357	723	1107	1391	1361	1013	832	817
Slc9a5_-_105348290.23-P1P2	Slc9a5	2195	3113	2585	3473	2499	787	1252	1497	1446	787	1297	1815	2625	3289	2238	1522	1713
Lmnb2_-_80918194.23-P1P2	Lmnb2	1001	1434	1112	1723	1958	401	553	586	772	414	658	734	1505	1616	1114	946	677
Hprt_+_52988171.23-P1P2	Hprt	742	1263	1006	988	1045	174	421	192	473	316	532	483	731	968	765	582	515
Gstm1_-_108017869.23-P1P2	Gstm1	2183	2483	2200	3135	2818	712	1026	968	1201	690	1189	1573	1784	2297	2022	1505	1069
Ewsr1_+_5099007.23-P1P2	Ewsr1	735	951	815	943	1052	377	438	353	661	287	480	697	805	897	706	537	593
Snx14_+_88438897.23-P1P2	Snx14	2109	2526	2115	2473	2470	777	907	1175	1429	650	1376	1714	1942	2528	1861	1438	1205
non-targeting_01065	non-targeting	1181	1228	835	1193	1200	362	405	386	658	381	606	708	1068	1338	894	592	729
Dnah7a_-_53706787.23-P1P2	Dnah7a	921	1107	1170	1308	1416	446	591	501	921	362	546	1071	954	1227	979	803	739
Cd55_+_130462657.23-P1P2	Cd55	1572	1658	1923	2066	1718	626	983	747	1046	364	912	1206	1210	1961	923	1003	1047
Cyp2d12_-_82555087.23-P1P2	Cyp2d12	2423	2776	2003	2789	1980	811	1074	902	1779	537	1173	1422	2208	2103	1647	1405	1345
Gosr2_-_103697651.23-P1P2	Gosr2	2535	2982	2279	3326	3189	716	1103	879	1766	489	1205	1569	2135	2739	1815	1572	1604
Fadd_-_144582390.23-P1P2	Fadd	1760	1867	1695	2351	1765	650	850	838	1277	680	907	1107	1829	1795	1359	999	1167
Bax_-_45466764.23-P1P2	Bax	1805	1854	1613	2327	2419	538	776	929	1258	531	1022	1032	1588	1838	1263	1100	880
Wnt3a_+_59290711.23-P1P2	Wnt3a	2355	2973	2433	3733	3247	961	1598	1120	1966	789	1757	2355	2707	3023	1940	1747	1303
Gcg_-_62483614.23-P1P2	Gcg	2204	2916	2527	3112	2963	697	938	1265	1328	792	1655	1418	2215	3070	2366	1484	1734
Psma5_+_108257041.23-P1P2	Psma5	1232	1538	1169	1561	1439	440	663	756	917	419	676	704	948	1443	1001	749	711
Nxnl1_+_71566575.23-P1P2	Nxnl1	1170	1448	1635	1650	1867	455	525	682	708	265	679	881	1507	1547	1264	1045	983
Hdac2_+_36974570.23-P1P2	Hdac2	745	1009	768	1123	848	239	327	452	629	188	278	509	821	922	675	494	564
Sptbn2_+_4711239.23-P1P2	Sptbn2	2494	3041	2481	2477	2554	736	1033	1241	1660	796	1450	1881	2827	3011	1947	1451	1565
Atp5b_+_128083363.23-P1P2	Atp5b	2206	2947	2007	2397	2797	559	873	780	1262	479	1141	1609	2085	1975	1880	1168	1330
Pank1_+_34877834.23-P1P2	Pank1	959	1282	1328	1418	985	326	565	536	516	330	594	978	992	1175	763	602	635
Kat2a_-_100712425.23-P1P2	Kat2a	2083	2637	1660	3121	2667	633	991	1099	1251	690	1290	1735	2447	2738	1826	1609	1370
Esr1_+_4710215.23-P1P2	Esr1	1593	2149	1922	2399	2055	529	900	1009	1112	594	1185	1169	2115	1971	1375	1005	1229
Fus_-_127967500.23-P1P2	Fus	1437	2035	1419	2073	2224	696	647	949	986	415	878	1063	1248	1858	1358	896	1036
Wnt7b_+_85581817.23-P1	Wnt7b_P1	1292	2007	1770	2477	1925	491	785	733	1280	438	969	1304	1515	1832	1505	1296	1045
Dnah14_-_181741482.23-ENSMUST00000160345.1	Dnah14	2022	2355	1822	2741	2374	633	809	710	1288	534	854	1439	1606	2509	1420	1160	1247
Fadd_-_144582383.23-P1P2	Fadd	1755	1966	1412	2495	1877	589	909	1064	1448	600	954	1213	1424	2178	1507	1271	1173
Chrm5_+_112480760.23-ENSMUST00000099589.2	Chrm5	2075	2338	1733	2444	1648	563	804	531	1311	480	859	872	1849	2105	1526	1021	1262
Clp1_+_84727223.23-P1P2	Clp1	1892	2734	1811	2318	1809	650	846	876	901	656	870	1224	1877	2255	1824	1168	1065
Dnah1_+_31323895.23-ENSMUST00000048603.7	Dnah1	2283	2980	2457	3149	2931	499	990	1166	1460	576	911	1455	2122	2767	1965	1553	1320
Tgm2_+_158146296.23-P1P2	Tgm2	1412	1641	1073	1681	1828	420	790	839	1007	475	931	1204	1443	1233	1343	888	694
Matr3_+_35562280.23-P1P2	Matr3	1929	2150	1218	2094	2006	553	1153	593	1121	471	982	1272	1874	2140	1265	1129	1009
Ap4s1_+_51691067.23-P1P2	Ap4s1	2030	2702	1552	2642	2386	618	1063	875	1418	612	1069	1847	1772	2034	2092	1393	1606
Pmp22_+_63133161.23-P2	Pmp22_P2	1122	1141	983	1150	1310	245	511	366	831	213	423	932	1150	1017	917	698	680
Brca2_+_150522669.23-P1P2	Brca2	2549	2994	2378	2823	2825	765	1197	1010	1697	649	1631	1910	2113	2608	1950	1661	1461
Atp5o_-_91931535.23-P1P2	Atp5o	1633	1563	1455	2061	1789	461	675	964	1034	583	877	786	1579	1947	1382	1048	970
Mfsd8_-_40846817.23-P1P2	Mfsd8	924	1342	1153	1885	1448	382	658	676	754	320	617	1012	982	1478	890	916	729
Nrbf2_+_67285281.23-P1P2	Nrbf2	2417	2437	2200	3107	2736	773	1252	857	1581	816	1442	1599	2398	2797	1714	1513	1573
Kidins220_+_24974951.23-P1P2	Kidins220	1719	2279	2013	2475	2124	499	1094	896	1471	558	988	1331	2221	2160	1009	1213	1074
Cox7a1_-_30184203.23-P1P2	Cox7a1	2283	2580	2102	3037	2116	675	1124	651	1686	876	969	1455	2550	2642	2131	1501	1435
Stub1_+_25832942.23-P1P2	Stub1	1250	2227	1044	1918	1344	521	651	627	1074	455	468	1038	1584	1605	1003	913	872
Gjb1_+_101377336.23-P1P2	Gjb1	2132	2308	1880	2732	2073	639	988	1122	1156	478	961	1846	1716	2179	1406	1530	1251
Uqcrh_+_116074989.23-P1P2	Uqcrh	1488	1603	1239	2232	1795	558	657	733	927	359	969	1100	1355	1724	1289	761	901
Uchl1_+_66676281.23-P1P2	Uchl1	2338	2939	2080	2908	2747	845	1068	924	1293	868	1379	1662	1992	2639	1826	1532	1532
Pdxk_-_78464881.23-P1P2	Pdxk	1949	2016	1793	2334	1476	499	695	660	1039	408	749	859	1364	1015	1032	626	605
Renbp_-_73930770.23-P1P2	Renbp	1130	1381	1510	1603	1484	282	483	339	682	311	607	1020	784	1163	818	694	749
Fbxo38_-_62548642.23-P1P2	Fbxo38	1580	2245	1773	2075	1761	631	838	677	1041	439	899	1163	1390	1514	1187	1144	974
Map2k2_+_81106003.23-P1P2	Map2k2	1688	2277	1648	2643	2106	548	914	843	1398	504	994	1647	1885	2452	1443	1266	1143
Sptlc2_-_87388218.23-P1P2	Sptlc2	999	1185	833	982	676	462	426	276	636	298	661	792	751	714	689	512	462
non-targeting_02496	non-targeting	1837	1752	1377	2452	2066	531	698	870	979	416	969	1210	1482	1822	1215	1149	1059
Nqo1_-_107402825.23-P1P2	Nqo1	2226	2704	2097	2664	2051	448	954	753	1285	623	1025	1212	2301	1891	1706	1095	1160
Park7_-_150909774.23-P1	Park7_P1	1874	2256	1631	2437	2815	696	1049	944	1128	580	1035	1144	1641	2272	1556	1423	1089
Oxr1_+_41447700.23-ENSMUST00000110297.2,ENSMUST00000090096.4	Oxr1	1455	2428	1792	2471	1385	555	871	718	1307	586	1035	1138	1661	1771	1504	1198	960
Mfge8_-_79148874.23-P1P2	Mfge8	1603	1341	1587	2055	1815	325	647	629	625	492	947	877	1342	1885	1106	791	1064
non-targeting_02612	non-targeting	1145	1674	1610	1538	1245	432	658	638	1019	482	1072	772	1130	1464	968	834	830
Tpp2_+_43934062.23-P1P2	Tpp2	2383	2786	2052	3341	2779	749	1226	1184	1425	765	1346	1599	2699	2756	2178	1748	1607
Tuba4a_-_75218965.23-P1P2	Tuba4a	1542	1800	1800	1932	1850	381	616	647	1291	381	822	1245	1812	1835	1180	1125	1035
Mnat1_-_73123802.23-P1P2	Mnat1	3576	4139	3379	3852	4112	872	1560	1522	2144	1189	1652	2396	3597	4064	2828	2278	2006
Pten_+_32757643.23-P1P2	Pten	1217	1980	1423	2071	1654	398	655	643	938	408	876	1048	1234	1435	1407	986	974
Pomc_-_3954965.23-P1P2	Pomc	1707	2802	1814	2860	2146	634	942	1199	1370	630	1160	1331	2082	2511	1807	1214	1518
Scn8a_+_100870978.23-P1P2	Scn8a	1430	2037	1756	2144	2017	509	773	647	1043	518	1075	1085	1628	1703	1740	1264	1006
Pno1_-_17211543.23-P1P2	Pno1	1975	2814	1743	2536	2375	666	994	1036	1459	757	846	1380	1738	1568	1433	1265	1376
Csf1r_+_61105905.23-P1P2	Csf1r	2590	2662	1532	2436	2274	671	1365	858	1648	696	976	1750	2150	2895	1661	1466	1708
Lingo1_-_56635481.23-P1P2	Lingo1	2022	2972	2020	3159	3034	799	1193	1017	1925	793	1503	1847	2796	2748	1924	1758	1520
Padi4_+_140750530.23-P2	Padi4_P2	1300	1854	1528	1759	1349	174	370	534	652	320	403	960	870	1103	751	443	699
Aars2_-_45506891.23-P1P2	Aars2	1406	1653	1402	1492	1561	406	644	546	830	448	645	622	627	595	542	554	344
Cyc1_-_76343539.23-P1P2	Cyc1	1449	1641	1153	1644	1776	358	671	485	904	322	707	1162	1550	1546	735	890	650
Upk3b_-_136038740.23-P1P2	Upk3b	2665	3271	2625	2990	2691	751	1110	929	1825	597	1470	1580	2315	2945	2354	1622	1453
Plekhg5_+_152086923.23-P1P2	Plekhg5	1483	1668	1632	1958	1499	432	671	540	729	465	706	1027	1723	1621	1035	933	829
Taf1_+_101532753.23-P1P2	Taf1	1342	1715	2084	1869	2089	290	610	726	1046	422	711	872	1279	1401	1079	695	868
Traf2_+_25546852.23-P1P2	Traf2	2101	2153	1705	2290	2252	506	1034	717	1286	533	849	1059	1821	1978	1377	1063	1220
Ocln_-_100552581.23-P1P2	Ocln	1231	1425	1235	1540	1299	369	662	524	664	463	798	646	1461	1209	1162	864	725
Rab10_+_3309924.23-P1P2	Rab10	2278	2212	1961	2822	2246	790	895	1226	1652	429	885	1173	2035	1935	1371	1261	1196
Bcl6_+_23988590.23-P1P2	Bcl6	1846	2248	1993	2414	2411	468	905	904	1235	460	979	1352	2148	2100	1721	1418	1180
Fth1_+_9982760.23-P1P2	Fth1	1979	2118	1876	2256	2117	607	777	516	952	490	968	1480	1656	1936	1363	1175	1045
Tppp_-_74009484.23-P1P2	Tppp	2165	2945	2451	2859	2749	650	1147	859	1853	714	1559	1355	2806	2756	1988	1550	1346
Pnp_+_50944535.23-P1P2	Pnp	1683	2361	1747	1978	2077	807	1007	905	997	631	1107	1136	1893	2156	1657	1077	1098
Pmpcb_+_21737187.23-P1P2	Pmpcb	1522	2198	1781	1877	1219	168	677	441	828	295	573	935	769	1308	911	674	840
Gjc2_+_59182735.23-P1P2	Gjc2	1731	2097	1376	2293	1693	376	586	845	1175	592	892	1083	1464	1778	1676	1097	1135
Nop56_-_130274476.23-P1P2	Nop56	876	2044	1247	1642	1453	531	787	886	711	272	973	865	1254	1313	1063	844	951
Rtn2_+_19291144.23-P1	Rtn2_P1	1646	2165	2050	2562	1760	524	823	811	1047	661	813	1338	2436	1799	1769	1239	1207
Fzd1_+_4757964.23-P1P2	Fzd1	994	1674	1468	1646	1466	383	646	724	987	334	850	847	1562	1580	936	861	783
Pax6_+_105682731.23-P2	Pax6_P2	1954	2648	2008	2892	2600	586	1100	1165	1442	516	1171	1589	2237	2217	1564	1372	1367
Sptlc1_-_53377282.23-P1P2	Sptlc1	2328	2957	3352	3567	2595	813	996	1640	2032	776	1324	2027	2493	2643	2045	1527	1495
Dvl2_-_70000839.23-P1P2	Dvl2	2126	2323	1813	2330	1940	568	975	763	1277	444	1111	1091	1914	2055	1724	1211	898
Mtor_-_148448604.23-P1P2	Mtor	1123	1439	999	1589	1169	360	509	556	676	351	436	996	983	1083	730	661	697
Scp2_-_108118589.23-ENSMUST00000030340.8	Scp2	580	930	485	804	793	332	365	523	668	190	303	355	755	866	533	479	393
Il17a_+_20730906.23-P1P2	Il17a	2267	2297	1991	2933	2552	663	971	904	1493	729	1169	1612	2144	2710	2227	1449	1297
Tsen54_-_115814758.23-P1P2	Tsen54	2695	2686	1809	2678	2011	463	776	492	953	499	809	1107	1422	1721	1489	923	977
Pik3c3_+_30272906.23-P1P2	Pik3c3	2291	2543	1777	2743	1899	405	655	439	1049	489	579	891	920	937	999	1098	783
Rbms3_+_117252276.23-P1P2	Rbms3	1624	2323	1511	2405	2001	639	835	875	1681	377	997	1262	1821	2208	1147	1183	1292
Arsa_-_89476116.23-P1P2	Arsa	1592	2198	1505	1678	2187	448	929	896	942	362	782	1083	1914	1570	1392	916	925
Hspa9_-_34954320.23-P1P2	Hspa9	1708	2416	2017	2685	2191	757	883	945	1509	648	1456	1488	1544	2365	1282	1222	1202
Ndufs1_+_63176683.23-P1P2	Ndufs1	1594	2367	1276	2337	2170	387	698	731	1450	563	859	1176	1402	1841	1085	895	1159
Tor1a_+_30967640.23-P1P2	Tor1a	1964	2740	1997	2755	2383	671	969	1212	1664	564	1065	1207	1950	2235	1485	1322	1116
Maneal_-_124862179.23-P1P2	Maneal	1685	1999	1577	2199	2072	660	730	974	1020	484	854	1284	1578	1756	1220	1103	870
Sdf4_-_155993266.23-P1P2	Sdf4	901	1542	1580	1624	1579	472	585	500	973	375	949	997	1643	1620	1260	1151	839
Cacna1g_-_94474327.23-P1P2	Cacna1g	2358	2432	2084	3522	3306	684	1084	955	2083	803	1197	1729	1989	3017	2066	1545	1501
non-targeting_02917	non-targeting	1520	2219	1508	2154	2467	613	681	869	1050	644	832	857	1079	2057	1425	1148	1080
Adm_+_110628069.23-P1P2	Adm	2224	2526	1800	2470	2482	779	912	1085	1237	688	1101	1354	1682	1969	1617	1029	1264
Prickle1_+_93595872.23-P1	Prickle1_P1	2756	3114	2677	3627	2918	712	1026	1166	1630	952	1633	1524	2191	2804	1810	1613	1595
Ccdc88a_-_29373739.23-P1P2	Ccdc88a	3147	3856	2869	3688	3152	918	1404	1265	2422	687	1694	2010	2473	3474	2251	1579	1731
Dnajc6_+_101508059.23-P1P2	Dnajc6	2073	3017	2504	2706	2871	974	1162	1146	1580	782	1073	1910	2319	2537	2151	1652	1435
Ak4_+_101419709.23-P1P2	Ak4	1159	1476	1041	1694	1133	364	811	513	868	416	780	847	1385	1351	735	744	764
Psmc5_-_106256186.23-P1P2	Psmc5	1728	2065	1814	2250	1698	302	403	556	981	292	400	854	898	1027	869	676	783
Wnt9a_+_59306985.23-P1P2	Wnt9a	1543	1951	1325	1752	1923	391	579	805	843	376	898	1026	1684	1740	1391	983	913
Psmb4_+_94886883.23-P1P2	Psmb4	1084	1732	1246	1631	1173	176	470	643	785	321	436	711	808	1014	749	661	816
Ndufb8_-_44555417.23-P1P2	Ndufb8	1810	2552	2417	2663	2656	690	1014	1106	1393	462	1065	1632	1968	2753	1594	1446	1413
Srrm2_-_23803243.23-P1P2	Srrm2	1621	1884	1596	1983	1590	413	721	491	1314	461	732	939	1584	1742	1127	1005	838
Tuba1a_-_98953486.23-P1P2	Tuba1a	1553	2099	2014	2031	2100	622	643	877	1139	451	961	1120	1059	2181	1271	1025	968
Fbln5_-_101818810.23-P1P2	Fbln5	1032	1658	1150	1693	1586	329	412	649	575	550	687	787	828	1552	1038	870	814
Lep_-_29060224.23-P1P2	Lep	2646	3220	2817	3321	3221	723	1114	1347	1857	616	1478	1663	2485	2764	2152	1558	1952
Kcnc1_+_46396472.23-P1P2	Kcnc1	1493	2312	1911	1952	2202	465	963	663	1290	536	738	1405	1917	2151	1478	1151	1048
Il33_-_29925161.23-P1P2	Il33	2467	2898	2432	3175	3182	696	1208	1118	1678	813	1288	1854	2508	3051	2142	1792	1700
Tomm40_+_19715393.23-P1P2	Tomm40	1231	1756	1607	1744	1184	434	700	405	1069	431	867	1055	1115	1273	905	622	973
Slc7a6os_+_106210909.23-P1P2	Slc7a6os	2302	2827	1882	2736	2134	646	970	753	1378	516	743	1346	1845	2019	1289	1167	1276
Fn1_-_71653099.23-P1P2	Fn1	2433	2754	2403	2644	2580	718	907	1298	1848	748	1317	1632	2296	2706	1779	1527	1948
Cadm3_-_173367643.23-P1P2	Cadm3	2283	2162	1611	2780	2567	684	891	1022	1576	571	991	1092	2307	2237	1553	1195	1308
Mgst1_-_138140610.23-P1P2	Mgst1	1207	1620	1073	1371	1576	367	448	591	695	398	616	781	1558	1346	1067	843	653
Ndufs8_+_3912708.23-P1P2	Ndufs8	758	1000	619	1036	748	328	330	295	481	213	413	350	568	682	664	364	389
Ap4b1_-_103809606.23-P1P2	Ap4b1	2288	2253	1918	2299	1950	769	1010	1060	1295	535	1202	1374	1945	2267	1476	1275	1311
Fam83e_-_45721261.23-P1P2	Fam83e	1446	1590	1303	1657	1843	540	656	565	986	478	825	766	1622	1471	912	954	931
Ifng_+_118441129.23-P1P2	Ifng	1107	1161	1204	1494	1519	399	704	444	810	407	627	827	1075	1241	1033	632	833
Cnp_-_100575038.23-P1P2	Cnp	2055	2135	2430	2577	2330	800	815	1106	1622	720	1275	1275	1851	2084	1438	1086	909
Sox3_-_60893391.23-P1P2	Sox3	912	1145	762	1078	1106	287	393	544	610	355	649	980	859	947	909	763	685
Aga_-_53511812.23-P1P2	Aga	2234	2830	1937	3017	2752	657	1072	1027	1258	685	1169	1520	1736	2283	1839	1534	1465
Ubb_-_62551792.23-P1P2	Ubb	1742	2033	1676	1940	1685	558	734	946	1041	430	1295	953	1857	2087	1583	1002	980
Psma4_+_54951054.23-P1P2	Psma4	2570	3520	2345	3570	3546	821	1259	1091	1855	926	1747	1978	3238	2873	2381	1535	1571
Gstm1_-_108017627.23-P1P2	Gstm1	1976	2628	2206	2886	1821	727	987	1047	1550	572	1130	1629	1938	2166	1679	1457	1210
H2-M9_-_36642614.23-P1P2	H2-M9	1938	2392	1712	2612	2278	569	703	696	1469	599	1222	1430	1486	2162	1746	1266	1155
Psma2_+_14613328.23-P1P2	Psma2	1077	1370	1289	1675	1115	375	611	542	485	345	701	915	1164	1344	937	715	807
Dnah6_-_73221598.23-P1P2	Dnah6	1535	1749	1017	1751	1777	393	791	646	965	331	994	836	1330	1589	1239	946	1015
Gsr_+_33653663.23-P1P2	Gsr	1592	1700	1288	1447	1804	587	585	765	952	402	769	886	1668	1594	1136	1173	1118
Rtn2_-_19291176.23-P1	Rtn2_P1	1830	2302	2120	2944	1994	442	686	656	1331	426	874	1322	1930	2376	1645	1344	1235
Aspa_+_73324217.23-P1P2	Aspa	1397	2021	2122	2064	2352	437	765	940	1152	489	1174	1229	1757	1549	1161	807	1354
non-targeting_04211	non-targeting	1650	2003	1361	2108	1574	398	740	659	1053	462	807	892	1298	1562	1158	928	888
Ndufs4_+_114388049.23-P1P2	Ndufs4	1281	2004	1663	2085	1441	339	619	649	877	340	566	923	1269	1483	1120	709	791
Maf_-_115707752.23-P1P2	Maf	1056	1262	964	1647	1359	320	624	339	665	354	574	803	1062	1182	885	611	670
Renbp_+_73930815.23-P1P2	Renbp	1154	985	882	1254	1218	182	464	323	648	251	459	600	720	1147	812	716	635
Psmb6_+_70525435.23-P1P2	Psmb6	483	853	693	931	540	90	268	227	334	154	168	234	439	489	327	162	183
Dkk1_+_30549542.23-P1P2	Dkk1	1199	1740	986	1803	1322	473	586	428	672	411	659	596	925	986	850	801	780
Elk1_+_20950574.23-P1P2	Elk1	1051	1804	1305	2108	1676	474	778	864	1135	416	613	1163	928	1635	1301	913	935
Abcd1_-_73716770.23-P1P2	Abcd1	1629	1983	1968	2227	1935	484	732	734	850	402	824	1252	1480	1495	1187	1163	1165
Htr1a_-_105443647.23-P1P2	Htr1a	2167	2094	1895	2469	1977	536	920	830	1415	566	949	1313	1609	2449	1641	1268	1165
Braf_+_39725275.23-P1P2	Braf	3220	3824	3064	4443	4206	1068	1584	1450	2591	876	2014	2239	3526	3751	2584	2070	2124
Nr4a2_-_57114851.23-P1	Nr4a2_P1	1857	1949	1951	2907	2133	708	925	899	1540	830	1246	1399	2254	2143	1745	1250	1633
Itm2b_+_73368327.23-P2	Itm2b_P2	1725	1984	2415	2386	2064	526	975	772	1381	646	1055	1161	1861	2127	1616	1383	1158
Prickle1_-_93595844.23-P1	Prickle1_P1	1411	1477	1124	1811	1657	508	708	514	1116	491	722	887	1535	1464	1467	1080	1002
Myc_-_61985645.23-P1P2	Myc	1593	2347	1575	1984	1961	652	972	772	1547	526	995	1238	1834	2102	1663	1135	1092
Vps41_-_18717346.23-P1P2	Vps41	2026	2554	2267	2797	1524	629	805	878	1184	605	846	1113	1570	1756	1562	1015	1480
Rac1_-_143527986.23-P1P2	Rac1	739	1361	1246	1608	1003	320	517	449	590	216	541	623	709	1171	776	665	489
Aqp1_-_55336478.23-P1P2	Aqp1	970	969	869	925	972	136	471	482	574	240	569	647	791	1111	726	507	444
Hmbs_-_44344162.23-P2	Hmbs_P2	1334	1885	1664	1769	1831	488	766	544	1302	380	667	1051	1464	1655	1105	1072	852
Serpina1d_+_103773540.23-P1P2	Serpina1d	2915	4201	3467	4533	3595	983	1568	1451	2167	1101	1790	2493	2916	3643	2378	2304	1618
Hmgb1_+_149052788.23-P1	Hmgb1_P1	1573	2265	1522	2124	1990	721	1060	850	1297	559	964	1222	2103	2270	1617	1043	891
Egr1_+_34861271.23-P1P2	Egr1	1241	2227	1309	1772	1479	524	680	631	1321	512	749	1190	1438	1529	1337	1075	1036
Tbk1_+_121586727.23-P1P2	Tbk1	1377	1933	1539	1617	1604	396	820	816	1112	486	707	823	1355	1850	1464	696	1190
Ccnf_+_24251323.23-P1P2	Ccnf	998	1581	1254	1755	1076	343	566	870	827	367	1002	877	1509	1754	945	742	823
Cd200r4_+_44812037.23-P1P2	Cd200r4	1612	1776	1559	2284	1693	406	977	555	1108	572	1156	1031	1908	1963	1546	1135	1174
Itpr3_+_27057436.23-P1P2	Itpr3	1789	1935	1387	2059	1839	745	668	778	1236	612	786	1239	1879	1900	1194	919	921
Trex1_+_109059170.23-P1P2	Trex1	1097	1424	1233	1406	1333	372	604	598	851	499	878	1262	1183	1802	804	1035	768
Ndufb9_+_58933828.23-P1P2	Ndufb9	1202	1745	1083	1515	1401	462	622	665	1200	379	714	934	1156	1455	763	791	740
Homer1_+_93304091.23-P1P2	Homer1	1855	1750	1455	2580	2747	447	889	1098	1271	657	579	1227	1651	2013	1218	1259	1323
Wnt9a_-_59306983.23-P1P2	Wnt9a	1091	1251	1451	1748	1553	369	560	566	1052	465	675	1043	1509	1353	1223	1040	861
A2m_-_121636252.23-P1P2	A2m	1584	1835	1417	1869	1563	538	675	840	865	397	789	944	1451	1763	1002	932	926
Cox4i2_-_152754247.23-P1P2	Cox4i2	1833	1979	1960	2486	1971	404	981	625	1189	685	1191	1265	1492	1867	1425	1024	968
Coch_+_51593438.23-P1P2	Coch	1041	1457	1051	1280	1433	366	591	579	678	389	619	924	961	1084	640	706	425
non-targeting_00253	non-targeting	1369	1517	1248	1676	1804	355	599	799	807	478	661	969	951	1041	1154	979	766
Polg_+_79466182.23-P1P2	Polg	2315	2242	2227	2555	2789	576	900	657	1416	645	1317	1214	1918	1987	1856	1463	1414
Adam10_-_70679088.23-P1P2	Adam10	2214	2474	1820	2569	2493	661	1056	1022	1298	668	1462	1383	1604	2229	1671	1437	1353
Gpbp1_+_111489670.23-P1P2	Gpbp1	1842	1908	1406	2438	2148	424	723	628	1293	648	1106	1356	1507	2017	1546	1069	1055
Msx2_+_53472687.23-P1P2	Msx2	410	789	670	670	405	219	285	209	307	154	263	315	456	563	571	307	494
Slc26a3_+_31438304.23-P1P2	Slc26a3	3208	4211	3009	4117	3186	1050	1448	1310	2031	963	1832	2459	3261	3629	2442	1918	1736
Pla2g1b_+_115466325.23-P1P2	Pla2g1b	1158	967	721	1109	1201	218	394	494	771	396	631	596	734	1190	919	709	607
Wnt10a_+_74792077.23-P1P2	Wnt10a	2766	2981	2060	3211	2781	744	1084	941	1578	746	1244	1317	2401	2202	2066	1216	1343
Uba7_-_107983016.23-P2	Uba7_P2	1901	2545	2384	2998	2579	759	1083	1084	1455	548	882	1575	2485	2778	1734	1574	1501
Exoc2_+_30974025.23-P1P2	Exoc2	2810	3586	2747	3649	3018	861	1296	1491	2273	901	1620	1956	1751	2896	1814	1178	1429
Sbf1_-_89315243.23-P1P2	Sbf1	1507	2155	1735	2127	1846	503	681	990	1184	428	689	1161	1273	1769	1497	1014	887
Padi2_-_140906421.23-P1	Padi2_P1	2453	3912	3038	3484	2734	786	1456	1571	1858	806	1489	2025	3431	3303	2454	1632	1884
Apex2_-_150588115.23-P1P2	Apex2	1387	1816	1453	1772	1799	478	651	403	1159	335	1261	1075	1366	1473	1493	1044	739
Casp3_-_46617721.23-P1P2	Casp3	2048	1913	1137	2086	1967	474	691	521	1084	402	729	1014	1244	1666	1267	1070	922
Grm5_+_87584422.23-P1P2	Grm5	1032	1354	738	1248	1481	384	510	517	1252	316	632	708	639	1003	756	601	646
Pawr_-_108332159.23-P1P2	Pawr	1492	1439	1268	1606	1794	505	599	535	880	484	690	1060	1458	1658	1259	704	730
Ntrk1_-_87794980.23-P1P2	Ntrk1	1362	2060	1201	1666	1677	430	636	560	929	513	958	1081	1327	1674	1070	979	818
Slc18a1_-_69089179.23-P1	Slc18a1_P1	1428	1424	1393	1894	1343	419	701	827	837	393	631	899	1052	1548	964	927	756
Pten_+_32757668.23-P1P2	Pten	2137	1818	2312	2603	2369	490	1083	1298	1271	663	1285	1257	1847	2257	1652	1489	1246
Atxn10_+_85336473.23-P1P2	Atxn10	1452	1442	2174	2433	2359	692	753	673	1401	491	1116	1255	1706	2021	1442	1059	1073
Pkd2_-_104459612.23-P1P2	Pkd2	1677	1891	2000	2430	2221	644	913	853	1326	617	990	1144	1876	2008	1604	1510	1209
Calcoco2_+_96111919.23-ENSMUST00000068686.6,ENSMUST00000097162.5	Calcoco2	1285	1356	928	1439	1339	387	528	510	572	267	871	702	1275	1436	1087	778	737
Ndufb9_+_58933853.23-P1P2	Ndufb9	1018	1435	888	1087	1360	385	586	440	686	330	592	892	1386	1239	795	652	543
Tjp1_-_65371236.23-P1P2	Tjp1	1976	2210	1566	2237	2417	620	878	872	1154	663	810	1381	1786	1893	1246	1226	1108
Dkk1_+_30549476.23-P1P2	Dkk1	1465	2100	1872	1814	2127	453	636	478	1038	478	1169	913	1345	1783	1207	838	756
Dnajc3_+_118937960.23-P1P2	Dnajc3	1230	1708	1423	1998	1546	477	624	568	790	465	705	793	1538	1488	960	1005	844
Sucla2_-_73552829.23-P1P2	Sucla2	755	1013	871	927	850	279	377	126	631	170	416	532	819	791	624	492	494
Cpn1_+_43986486.23-P1P2	Cpn1	1442	2177	1459	1927	1920	429	752	874	976	329	1104	995	1795	1548	1163	943	769
Uqcrc2_-_120635268.23-P1P2	Uqcrc2	2193	2087	1554	2416	2088	500	719	904	1337	548	929	1242	1519	1880	1162	1225	1076
Cnr2_+_135911897.23-P2	Cnr2_P2	2321	3132	2083	3181	3113	683	1205	1021	1942	868	1546	1714	1834	2827	1915	1682	1739
Htra1_+_130936544.23-P1P2	Htra1	2944	3591	2535	3571	3254	621	1292	969	1800	771	1392	1921	2765	3030	1894	1903	1286
Upk3b_+_136038768.23-P1P2	Upk3b	1671	1687	1431	1988	1929	492	787	531	927	479	1030	942	1378	2056	1529	1047	1197
Gsto1_-_47855050.23-P1P2	Gsto1	1466	1897	2049	2204	1575	608	808	891	1304	582	1142	1322	1618	1998	1538	992	1236
Slc12a6_-_112265620.23-P1P2	Slc12a6	2341	3512	2714	3167	3405	903	1124	1094	1749	997	1789	1885	2599	3128	2428	1876	1739
Ndufb4_-_37654400.23-P1P2	Ndufb4	2372	2999	2802	3593	3153	1086	1369	872	1675	743	1399	2087	2465	3130	2120	1735	1506
non-targeting_02182	non-targeting	2170	2092	1756	2982	2142	622	819	916	1397	745	1325	1288	1968	2544	1941	1336	1160
Pfn1_-_70654594.23-P1P2	Pfn1	1809	2292	1811	1996	2654	491	991	716	1739	526	1008	1367	1904	2065	1528	1335	1311
Msra_+_64440856.23-P1P2	Msra	2073	2883	2187	3118	3223	900	1302	1501	1648	827	1357	1520	2509	2679	2119	1416	1453
Idua_+_108669371.23-P1P2	Idua	2709	2768	2631	3419	2268	727	1169	1022	1906	710	1275	1677	2013	2707	1769	1597	1402
Tcerg1_-_42511516.23-P1P2	Tcerg1	2620	3042	2607	3912	3240	848	1069	1154	1754	806	1481	1951	2544	3001	2237	1714	1600
Txn2_-_77928960.23-P1	Txn2_P1	1655	1852	1815	1792	1835	467	507	779	1287	347	814	1087	1674	1469	1576	1021	1070
Atxn2l_-_126503354.23-P1P2	Atxn2l	1071	1470	1370	1659	997	347	523	591	925	449	456	978	1447	1525	1329	808	827
Cyld_+_88697333.23-P1P2	Cyld	1665	2587	2107	2945	1972	757	721	830	1399	664	1088	1433	1678	2313	1345	1196	1193
Fis1_-_136953330.23-P2	Fis1_P2	1832	1686	1950	1879	2544	531	835	896	1052	317	632	1209	2010	1805	1619	905	1225
Ntf3_+_126166670.23-P2	Ntf3_P2	1527	1730	1540	2062	1488	470	579	667	1106	460	961	1389	1866	2037	1381	1043	1021
Mars2_+_55237436.23-P1P2	Mars2	1613	1753	1675	2350	2082	494	947	914	1491	648	1080	1255	1678	1853	1155	968	908
Slc25a46_-_31609919.23-P1P2	Slc25a46	1696	2108	1763	2588	2144	515	1144	709	1350	579	859	1230	2077	1566	1650	1032	1078
Gle1_+_29935633.23-P1P2	Gle1	1914	2274	1612	2253	1864	464	499	578	1095	435	881	816	1028	1192	714	586	723
Cyc1_-_76343557.23-P1P2	Cyc1	1300	1432	1211	1826	1914	459	704	547	1033	483	363	988	1198	1387	1555	990	1060
Msc_+_14755938.23-P1P2	Msc	2577	3307	2254	3259	3042	943	1275	1427	2034	624	1508	2009	2379	2999	2057	1696	1675
Plcb4_-_135805570.23-ENSMUST00000035646.4	Plcb4	2064	2869	2642	3144	2926	734	1097	1274	2041	646	1527	1654	2467	3303	2015	1577	1406
Cfl1_-_5490743.23-P1P2	Cfl1	2838	3209	3340	3360	3103	768	1257	1202	2074	867	1784	2207	2676	2853	2830	1724	1741
Cat_-_103485039.23-P1P2	Cat	2675	3491	2512	3247	3336	911	1308	1254	1918	805	1226	1649	2345	2700	2011	1958	1501
Ryr2_-_12106798.23-P1P2	Ryr2	1570	2032	1738	2055	1751	642	950	795	1045	391	1097	1165	1831	2051	1452	1026	1248
Ccs_-_4839271.23-P1P2	Ccs	3087	2823	2915	3303	2322	788	1337	1624	1676	867	1406	1604	2105	2730	2374	1857	1693
Emc1_-_139352634.23-P1P2	Emc1	2368	3243	2438	3457	3012	709	1293	1241	2141	680	1697	1621	2497	2839	2286	1808	1687
Pclo_-_14515027.23-P1P2	Pclo	1013	1023	1003	1245	1097	284	443	407	601	364	486	706	625	939	794	595	599
Gdap1_-_17145608.23-P1P2	Gdap1	1644	2539	2453	2968	2447	499	1123	1042	1595	707	1100	1461	1981	2541	1670	1650	1612
Csnk2b_+_35121203.23-P1P2	Csnk2b	2011	2518	2300	2641	2383	517	1081	1216	1819	537	1078	1260	1546	1951	1835	1288	1320
Mecp2_+_74085609.23-P1P2	Mecp2	482	695	803	666	564	255	385	225	445	298	348	431	719	761	503	409	542
Serpinf1_+_75422494.23-P1P2	Serpinf1	2756	3012	2989	3725	3192	801	1169	1408	1641	754	1672	1718	2751	3079	2371	1657	1519
Atp2b3_+_73503173.23-P1P2	Atp2b3	2769	4202	2983	3682	2830	714	1326	1354	1865	1021	1391	2107	3304	3536	2774	1933	2126
Il1a_+_129309937.23-P1P2	Il1a	2449	2873	2584	3194	2628	820	1263	1256	2183	850	1266	2122	2439	3259	1976	1896	1519
Klc2_+_5118247.23-P1P2	Klc2	2094	2760	1908	2604	2544	513	1045	1141	1719	608	1184	1336	1900	2641	1812	1494	1065
Med25_+_44892387.23-P1P2	Med25	1855	2196	2089	2836	2160	563	1016	1037	1542	550	1153	1814	1816	2181	1678	1383	1543
Wdr41_+_94976396.23-P1P2	Wdr41	2026	1823	1767	2050	1600	481	823	808	1319	489	1201	1415	1851	1864	1033	1109	1009
Pfn1_-_70654395.23-P1P2	Pfn1	1397	1640	1509	2176	1726	726	761	497	1212	490	1017	1286	1653	1783	1182	1112	1231
Cpt1c_+_44974728.23-P1P2	Cpt1c	1303	1795	1219	1793	1477	398	610	675	880	337	533	637	1271	1262	972	861	748
Pnpla6_-_3515439.23-P1	Pnpla6_P1	1633	2224	1740	1980	1473	581	877	943	1035	551	823	1466	1741	2268	1085	1036	1317
Ptprc_+_138175255.23-P1P2	Ptprc	1069	1418	1217	1532	1520	393	557	576	1037	463	588	958	1190	1519	1092	1017	652
Hpdl_-_116821481.23-P1P2	Hpdl	395	1107	1004	1167	777	273	376	429	528	169	381	605	863	869	727	613	516
P2rx7_-_122644260.23-P1P2	P2rx7	2494	2924	1999	3114	3195	652	1186	1303	1588	784	1179	1555	1958	2813	1721	1434	1496
Ren1_-_133350837.23-P1P2	Ren1	3093	3486	3343	4411	4159	992	1558	1505	2414	1012	1741	1917	3124	3384	2835	1896	2077
Csnk1e_+_79441913.23-P1P2	Csnk1e	1867	3096	1951	2556	2987	595	1069	1185	1559	684	1689	1340	1882	2024	1610	1065	1200
Nalcn_+_123627035.23-P1P2	Nalcn	1527	1530	1489	1815	1825	534	771	857	1101	527	648	1202	1196	1605	1283	1011	1073
non-targeting_01977	non-targeting	1802	2254	1616	1807	1690	540	827	811	930	547	515	1142	1544	1869	1213	933	1072
Dnm2_-_21424948.23-P1P2	Dnm2	1167	1581	1313	1354	1519	417	487	523	764	392	749	845	1179	1629	798	751	682
Cd200r2_-_44867121.23-P1P2	Cd200r2	1597	1743	1158	1750	1165	279	575	655	922	230	705	752	1019	1497	1170	885	791
Trpm2_+_77969774.23-P1P2	Trpm2	2560	3614	2910	3622	3033	983	1285	1542	2289	795	1880	1828	3086	3413	2440	1762	1533
Calml4_-_62858376.23-P1P2	Calml4	1932	2564	1879	2397	2493	891	824	789	1296	685	1047	1150	1967	2193	1598	1392	1221
Mul1_+_138434905.23-P1P2	Mul1	1480	1568	1543	2105	1583	546	717	806	1276	621	847	1205	1887	1867	1303	1127	1072
Nrbf2_+_67285278.23-P1P2	Nrbf2	1625	1921	1768	2040	1572	596	691	656	1126	483	994	1056	1835	1802	1199	904	1179
Atg7_-_114643203.23-P1P2	Atg7	1387	2073	1019	2205	2178	612	717	496	992	562	826	1137	1039	1784	773	769	871
Phpt1_+_25574832.23-P1P2	Phpt1	1458	2236	1820	2429	1706	537	990	800	1270	557	992	1124	1787	2127	1403	1070	954
Ube2g2_-_77622371.23-P1P2	Ube2g2	3286	3189	3138	3543	2823	1044	1185	1123	1897	895	1498	1927	2660	3036	2414	1858	1731
Slc25a4_+_46210972.23-P1P2	Slc25a4	822	1183	1020	1378	1262	289	441	537	773	274	590	777	1106	1229	1169	690	669
Bicd2_-_49341641.23-P1P2	Bicd2	1644	2318	2041	2612	2310	504	872	898	1368	704	955	1195	2004	2386	1742	1155	1376
Ocln_-_100552407.23-P1P2	Ocln	2779	3113	2613	3310	3393	1048	1317	1139	1976	825	1745	1935	2741	3415	2090	1655	1674
Lsm2_+_34981878.23-P1P2	Lsm2	1214	1502	1278	1354	1646	494	572	869	652	372	628	807	1281	1509	941	756	607
Psmc1_-_100110387.23-P1P2	Psmc1	1031	1266	1281	1513	396	20	132	69	172	78	86	162	378	234	463	318	166
Atp5c1_-_10080404.23-P1P2	Atp5c1	1377	1638	1397	1957	1646	501	852	627	933	458	930	951	1109	1577	1121	984	743
