Guide	Gene	Vglut2-ND-ctrl-1	Vglut2-ND-ctrl-2	Vglut2-ND-ctrl-3	Vglut2-ND-ctrl-4	Vglut2-ND-ctrl-5	Vglut2-ND-2M-1-F	Vglut2-ND-2M-2-M	Vglut2-ND-2M-3-F	Vglut2-ND-2M-4-M	Vglut2-ND-2M-5-F	Vglut2-ND-2M-6-M	Vglut2-ND-2M-7-M	Vglut2-ND-2M-8-F	Vglut2-ND-2M-9-M	Vglut2-ND-4M-1-F	Vglut2-ND-4M-2-F	Vglut2-ND-4M-3-F	Vglut2-ND-4M-4-M	Vglut2-ND-4M-5-M	Vglut2-ND-4M-6-M	Vglut2-ND-4M-7-M	Vglut2-ND-18M-1-F	Vglut2-ND-18M-2-M	Vglut2-ND-18M-3-M
Wfs1_-_36989155.23-P1P2	Wfs1	299	641	798	1058	1039	991	966	763	814	1639	958	1377	1098	41	822	861	683	547	571	691	649	647	971	803
Uchl4_+_64235186.23-ENSMUST00000039011.3	Uchl4	300	733	613	1063	949	941	760	806	701	740	869	1433	941	901	660	654	482	628	466	522	704	680	822	804
Mapk1_-_16983451.23-P1P2	Mapk1	461	1488	1267	2119	1763	1827	1611	1715	1322	2685	1479	1839	2894	1548	1342	1430	1215	1041	1057	1289	1208	1420	1783	1725
Fis1_+_136962109.23-P1	Fis1_P1	374	1008	1134	1186	1101	1135	892	932	827	1828	830	872	992	1287	888	906	885	721	638	790	736	710	905	1043
Hpx_-_105600011.23-P1P2	Hpx	655	1950	1551	2383	2034	2343	2250	2067	1703	3131	2226	2854	2592	1969	1766	2166	1840	1664	1535	1604	1700	1658	2130	2225
Clcn7_+_25133464.23-P1P2	Clcn7	391	1160	832	1456	1622	1321	926	1045	861	1226	872	1373	1144	918	820	667	590	581	453	625	597	280	673	523
Coasy_-_101082685.23-P1P2	Coasy	747	1835	1832	2681	2124	2043	1702	1838	1433	3018	1764	2468	2043	877	1194	1283	1109	1127	945	1088	1089	775	1021	863
Nqo2_-_33964759.23-P1P2	Nqo2	416	852	754	1286	1246	1137	930	1028	786	648	1302	1285	1316	1285	795	902	773	645	639	696	814	791	1112	1044
Tubb5_-_35838222.23-P1P2	Tubb5	457	1240	911	1686	1765	1464	1276	1149	1048	2066	1037	1638	1676	1085	1068	1244	955	871	938	1073	1089	976	1322	1230
Cox6b2_-_4753046.23-P1P2	Cox6b2	281	771	728	1114	840	833	558	917	695	844	959	826	989	311	806	791	713	611	574	631	639	732	895	808
Mrc1_+_14229446.23-P1P2	Mrc1	271	743	709	960	937	927	671	778	746	1131	908	903	736	511	668	648	512	584	551	663	696	559	644	827
Pum1_-_130663434.23-P1P2	Pum1	472	1351	872	1582	1427	1573	1252	1354	1056	1421	1186	1649	1598	287	1052	1227	1082	921	891	1079	994	1089	1321	1437
Mif_+_75860286.23-P1P2	Mif	470	1363	1116	1905	1397	1756	1496	1400	1135	2657	1362	1184	1653	593	1080	1280	1040	1152	1019	1015	1088	987	1442	1304
Cybb_-_9469271.23-P1P2	Cybb	221	1031	788	1438	1194	1281	1043	1204	938	1356	850	1449	1490	408	864	952	820	882	761	903	967	867	957	1108
Cd8a_+_71373502.23-P1P2	Cd8a	310	836	708	1361	1065	1071	912	976	815	1475	1080	977	735	1056	727	905	791	696	619	697	757	767	1040	990
Nfkb1_-_135691424.23-P1P2	Nfkb1	508	1071	1027	1184	1222	1018	1105	1187	788	2148	1267	1429	1893	1422	816	938	741	815	753	772	897	879	1140	887
Tfcp2_+_100551946.23-P1P2	Tfcp2	496	1822	1460	2280	2049	2228	1902	1772	1427	2499	2277	2063	1875	1352	1570	1851	1364	1369	1308	1438	1634	1424	1917	1794
Fzd8_+_9213023.23-ENSMUST00000041080.5	Fzd8	374	901	621	1121	1202	1163	1168	1029	682	1374	679	1067	1133	660	822	1046	734	771	595	760	832	897	1043	1048
Maneal_-_124862206.23-P1P2	Maneal	501	1117	1065	1860	1595	1591	1217	1392	842	1874	1292	1667	1351	1178	1035	1211	878	1078	853	971	939	1086	1315	1383
Atp5j_+_84834829.23-P1P2	Atp5j	393	1160	992	1517	1656	1350	1035	1290	1114	1999	1701	59	1793	1514	1040	1122	980	852	942	981	1016	998	1099	1291
Mtor_-_148448637.23-P1P2	Mtor	402	1192	992	1635	1742	1606	1295	1394	1022	1715	1804	1627	1753	1426	1165	1299	995	1006	875	1095	1034	944	1358	1370
P4hb_-_120572798.23-P1P2	P4hb	451	1070	1120	1744	1434	1573	1351	1400	1515	1656	1578	1828	2192	387	1131	1367	1120	1113	985	1129	1099	1176	1353	1537
Wnt2b_-_104961704.23-P1P2	Wnt2b	638	1746	1239	1948	2020	1875	1536	1508	1262	2450	1032	145	2080	707	1248	1538	1231	1013	1059	1247	1138	1465	1400	1805
Mapk10_+_103211231.23-P1P2	Mapk10	725	1833	1355	2226	2107	2195	1857	1743	1672	2220	1958	2594	2119	1411	1644	1768	1503	1348	1258	1459	1414	1240	1694	1895
Dnah2_-_69549111.23-ENSMUST00000108659.1	Dnah2	263	751	814	1028	898	980	986	1015	643	1335	750	1047	1550	983	745	875	706	557	601	634	699	711	884	927
Sst_-_23890781.23-P1P2	Sst	546	1608	1303	2147	1729	1796	1442	1514	1261	2163	1860	1955	1827	2074	1359	1670	1443	1187	1214	1395	1304	1145	1684	1714
Uqcr10_+_4704103.23-P1P2	Uqcr10	449	1018	884	1526	1308	1251	1117	1102	1054	1229	1758	1174	1883	1004	1126	1130	981	885	951	782	917	1016	1334	1167
Cdca5_-_6085128.23-P1P2	Cdca5	480	1056	1062	1848	1353	1457	978	1342	1101	2225	1657	1458	1212	1521	998	1074	874	881	862	909	930	943	1272	1228
Actb_-_142906726.23-P1	Actb_P1	671	1909	1447	2555	1924	2543	1902	2363	1654	2253	2124	2397	2716	1574	1649	1976	1644	1355	1373	1554	1564	1873	2173	2095
Cox7b2_-_71548214.23-P1P2	Cox7b2	249	683	507	1087	909	872	985	724	652	1036	1132	942	1280	867	581	792	620	498	547	658	671	641	784	842
Slc18a1_+_69089139.23-P1	Slc18a1_P1	235	909	737	998	1197	767	516	575	365	925	729	389	855	595	496	567	315	317	312	340	410	259	422	344
Slc5a6_+_31048170.23-P1P2	Slc5a6	340	916	883	1467	1290	1251	962	901	794	2044	705	1132	1680	193	737	1069	760	763	703	720	729	838	1046	1065
Hprt_+_52988208.23-P1P2	Hprt	497	1136	729	1190	1288	1388	1296	1112	842	1837	1966	1881	1432	647	1092	1290	775	921	936	1060	1029	1026	1236	1251
Tmem63c_-_87026498.23-P1P2	Tmem63c	337	1273	1001	1638	1521	1398	1302	1137	937	1376	889	1728	1263	1581	943	1265	1067	866	787	1039	991	1002	1247	1395
Esr2_+_76177127.23-P1P2	Esr2	106	271	266	624	306	436	384	421	280	560	308	421	727	268	368	322	270	314	254	239	290	247	351	345
Dync1h1_+_110601508.23-P1P2	Dync1h1	371	988	951	1321	1210	1188	923	1247	611	1178	836	1273	1296	483	793	870	678	496	620	750	729	551	740	665
Gpx7_-_108406719.23-P1P2	Gpx7	330	744	696	1169	1355	1105	1136	1060	735	1458	945	1248	1175	436	694	918	732	646	673	754	893	722	1052	1124
Syt14_+_193035621.23-P1P2	Syt14	490	974	960	1425	1791	1400	1057	1208	1125	898	1269	1525	1940	1097	1136	1226	1054	1005	856	952	1075	1197	1333	1270
Lrrk2_+_91673244.23-P1P2	Lrrk2	599	1724	1474	2356	2041	2024	1785	1620	1551	3399	2030	2385	2197	1952	1530	1552	1411	1351	1291	1478	1316	1414	1807	1671
Glb1_-_114401167.23-P1P2	Glb1	239	702	761	960	941	996	845	889	603	702	1002	816	690	398	799	752	627	594	574	652	698	698	896	874
Sos1_-_80480235.23-P1P2	Sos1	600	1331	1101	1870	1595	1638	1432	1436	1374	1394	1511	1695	1582	749	1116	1550	1145	1068	1100	1144	1161	1046	1549	1481
Il12a_-_68691592.23-P1P2	Il12a	316	1556	1318	2243	1881	1961	1571	1884	1347	2089	1902	1786	2628	914	1322	1548	1309	1272	1180	1247	1183	1405	1521	1613
Rgs10_-_128418122.23-P1P2	Rgs10	593	1040	1001	1426	1371	1391	1127	1183	1038	1115	1364	2009	2120	3130	893	1300	928	813	860	1073	936	958	1186	1553
Mapk14_+_28691412.23-P1P2	Mapk14	419	1180	1122	1581	1853	1430	1461	1556	947	2059	2024	1511	1900	35	997	1135	1042	1015	919	1171	1016	885	1338	1425
Mme_+_63300210.23-P1	Mme_P1	733	1726	1829	2298	2694	2275	2108	1887	1517	3091	1634	2233	2315	890	1655	1860	1444	1482	1400	1659	1774	1699	2253	2081
Nkx6-2_-_139582773.23-P1P2	Nkx6-2	161	499	356	738	608	620	525	826	398	856	642	890	888	1077	569	442	486	413	407	532	430	470	638	612
Gsk3a_+_25237754.23-P1P2	Gsk3a	224	616	616	1032	676	864	893	811	608	1161	940	1186	960	325	631	659	472	617	512	555	683	504	841	760
Cd40_+_165055719.23-P1P2	Cd40	423	1017	1156	1811	1815	1300	1022	1295	882	2234	1524	1604	2335	868	902	1087	878	920	808	1014	959	953	1287	1165
Ap5z1_-_142464092.23-P1P2	Ap5z1	636	1333	1183	2069	1821	1934	1477	1918	1223	2439	1266	1713	2299	1189	1135	1615	1395	1279	1159	1276	1254	1215	1666	1513
Eif4g2_+_111082954.23-P1	Eif4g2_P1	333	924	684	1173	1557	1191	1140	1095	1064	752	1275	1006	979	1121	1009	1043	945	786	679	867	1013	937	1309	1295
Csf2_-_54249555.23-P1P2	Csf2	289	722	745	1213	980	1061	1079	960	820	973	623	833	1563	657	847	874	669	833	651	748	790	728	862	995
Cox4i2_-_152754547.23-P1P2	Cox4i2	312	896	1081	1333	1192	1324	1274	1233	1012	1640	1326	1590	1271	48	926	1184	973	769	741	1036	909	1044	1256	1195
Cdk11b_-_155624941.23-P1P2	Cdk11b	460	792	743	1097	1050	987	894	957	534	1892	831	617	1291	626	570	759	611	541	551	641	647	677	794	931
non-targeting_00488	non-targeting	190	518	538	699	768	728	581	607	561	907	590	794	561	193	515	652	471	443	529	490	527	566	663	663
Myd88_+_119339984.23-P1P2	Myd88	420	1161	1119	1629	1326	1508	1262	1537	991	1628	1304	1828	1646	438	1098	1354	958	1029	805	984	1132	1106	1506	1292
Ccl2_-_82035595.23-P1P2	Ccl2	192	792	745	1277	1225	1247	1281	1417	925	1912	1222	1234	1827	1054	869	1103	841	907	758	832	936	901	1246	1130
Itpr3_+_27057380.23-P1P2	Itpr3	283	814	711	1204	819	1167	1139	924	726	1052	1098	1394	2104	546	729	812	721	631	651	734	810	769	1118	1007
Psmd14_-_61711943.23-P1P2	Psmd14	664	1592	1333	2346	1827	1763	1586	1681	1202	2587	1491	2089	2071	930	1330	1620	1219	1071	1201	1367	1207	1297	1636	1811
Pcsk1n_+_7919942.23-P1P2	Pcsk1n	560	1236	1039	2141	1582	1654	1255	1244	1230	1872	1104	1660	2212	685	1117	1251	1059	1030	965	1157	1187	1181	1551	1461
Eef2_+_81178046.23-P2	Eef2_P2	485	1298	1072	1755	1410	1646	1288	1546	1075	1983	941	1332	1557	841	1027	1214	964	972	910	947	991	986	1264	1083
Spast_+_74338970.23-P1P2	Spast	531	1088	1253	1830	1262	1544	1234	1296	1042	1775	1475	1740	1873	1442	921	1241	942	1054	866	1088	958	1000	1298	1387
Hspa8_-_40801478.23-P1	Hspa8_P1	454	1246	1341	2157	2109	1652	1246	1480	986	677	1220	1447	1356	1313	1117	1290	1044	862	801	993	1054	936	1159	1184
Ppargc1a_+_51553890.23-P1P2	Ppargc1a	310	776	706	1241	874	961	659	884	752	1259	628	1551	1038	928	722	901	650	662	621	709	684	764	879	907
Ndufc2_-_97400099.23-P1P2	Ndufc2	217	685	691	961	1073	1104	902	988	775	842	809	754	1709	452	619	855	550	607	569	725	721	697	767	820
Grn_-_102430540.23-P1P2	Grn	404	952	866	1091	1122	1303	977	1097	1114	2108	1209	1569	1462	375	909	970	771	744	665	687	786	883	1116	951
Atg2a_-_6241772.23-P1P2	Atg2a	717	1607	1586	1972	1697	1880	1772	1774	1500	1813	1650	2410	1738	1014	1322	1500	1279	1263	1155	1287	1333	1253	1541	1844
Atp2a2_-_122502034.23-P1P2	Atp2a2	437	1481	1032	1736	1632	1404	983	1163	841	2015	1538	1302	1660	1186	799	1026	952	552	633	744	933	640	993	697
Aif1_-_35172569.23-P1P2	Aif1	498	1147	1282	1488	1615	1600	1228	1346	1182	2052	1476	1245	2461	1720	1119	1322	1098	1046	876	1126	1203	997	1360	1524
Cln5_-_103070336.23-P1P2	Cln5	135	641	552	694	679	637	673	655	391	860	742	466	775	704	398	561	414	456	419	608	434	455	499	688
Psma8_-_14706209.23-P1P2	Psma8	555	1224	933	1598	1605	1405	1487	1503	985	1821	1274	1683	1846	1660	1006	1277	1047	1024	920	1121	1146	1132	1530	1359
Jun_+_95051932.23-P1P2	Jun	405	1442	1286	1773	1787	1801	1618	1418	1217	2439	1826	2399	2436	1295	1237	1429	1171	1096	909	1121	1243	1162	1470	1560
Polr3b_-_84622563.23-P1P2	Polr3b	307	892	721	1050	1071	713	302	343	351	605	358	232	192	373	292	290	205	175	209	263	211	193	299	358
Clcn6_-_148038731.23-P1P2	Clcn6	407	1284	1223	1839	1416	1739	1797	1640	1382	1951	1271	1524	1866	1603	1173	1242	1085	964	953	1200	1131	1270	1423	1377
Ube2j1_+_33031583.23-P1P2	Ube2j1	336	992	1009	1552	1209	1385	1110	1012	990	1347	1365	1169	1561	771	774	1075	817	814	813	816	902	939	1194	1214
Fzd9_+_135251205.23-P1P2	Fzd9	547	1306	1114	1539	1741	1607	1404	1448	1039	1848	1864	2037	2171	2061	1146	1362	1147	1143	899	1197	1072	1045	1740	1438
Cdc42_-_137357598.23-P1P2	Cdc42	354	763	658	1042	911	981	863	1018	650	1446	904	1251	1354	1396	605	934	731	646	601	798	643	696	891	809
Adora2b_+_62249034.23-P1P2	Adora2b	608	1485	1445	2134	1802	1670	1336	1635	1157	1845	1872	2033	2025	1073	1410	1709	1226	1230	1202	1268	1315	1265	1708	1730
Pik3cd_-_149698556.23-P1P2	Pik3cd	247	541	611	957	1063	1079	1014	904	711	1145	1085	1023	1266	1454	707	826	732	628	590	613	638	790	853	760
Rmdn2_+_79615339.23-P1P2	Rmdn2	619	1774	1452	2461	2390	2053	1721	1872	1552	2729	1802	2283	2360	1227	1514	1721	1450	1350	1388	1389	1501	1550	1848	1853
C9_-_6445390.23-P1P2	C9	457	688	1000	986	1100	1015	793	1015	742	1162	1215	1299	1140	1691	739	821	598	629	670	718	703	751	985	927
Fgfr4_+_55152874.23-P1P2	Fgfr4	360	1017	1048	1466	1095	1163	973	974	854	1309	1002	1470	1024	1586	772	1077	864	759	624	869	778	880	1106	1052
Gm2a_-_55098150.23-P1P2	Gm2a	170	485	419	796	483	638	470	525	431	573	520	678	870	265	466	510	367	382	314	428	377	312	577	600
Sybu_+_44752177.23-P1P2	Sybu	682	1732	1593	2283	1963	2090	1627	1811	1289	2186	1227	1747	1682	267	1244	1571	1239	1110	1068	1138	1375	916	1587	1403
Hexa_+_59539902.23-P1P2	Hexa	414	828	985	1165	1040	1025	871	1047	762	1652	1011	1149	1746	609	857	1048	805	755	835	822	817	760	1045	1046
Map1b_+_99516471.23-P1P2	Map1b	1203	2465	2126	3327	2639	3061	2344	2736	2112	3240	2959	3088	3610	1838	2327	2457	2243	1802	1737	2047	2171	2098	2640	2592
Apoa1_+_46228782.23-P1P2	Apoa1	521	2071	1557	2795	2345	2218	2058	2224	1825	2981	2352	2526	2508	2591	1884	2206	1505	1673	1565	1690	1707	1833	2012	2130
Sod2_-_13008004.23-P1P2	Sod2	675	1400	1336	2137	1820	1761	1422	1744	1453	2505	1704	2769	1971	1730	1311	1546	1214	1305	1218	1161	1308	1110	1644	1510
Pmp22_+_63133171.23-P2	Pmp22_P2	379	1114	933	1256	1112	1208	1300	1201	826	1439	1242	1399	1156	42	895	1086	888	888	794	813	771	968	1161	1007
Kif20b_-_34922406.23-P1P2	Kif20b	454	1245	1099	1773	1706	1606	1610	1613	1175	2340	1658	1416	1994	461	1275	1351	1122	1029	997	1107	1128	1114	1367	1636
Pak1_-_97843009.23-P1P2	Pak1	894	2775	2176	3496	3183	3135	2685	2969	2221	3508	1853	2888	3767	3072	2191	2449	2212	2007	1971	1964	2276	2285	2771	2973
Calm2_+_87446852.23-ENSMUST00000040440.6	Calm2	546	1146	1186	1802	1677	1478	1237	1488	1034	1988	1540	1502	1761	1873	1068	1301	966	946	762	972	1076	1076	1180	1356
Wnt11_-_98835150.23-P1	Wnt11_P1	328	1047	936	1613	1085	1287	1030	1219	905	2261	1030	1111	1594	2412	954	1123	737	990	789	939	990	786	1095	1112
Ube2j1_-_33031567.23-P1P2	Ube2j1	634	1697	1512	2475	2034	2227	1639	1937	1279	3085	2159	2434	3342	2009	1542	1913	1365	1331	1358	1433	1572	1699	1944	2173
Trpc3_+_36690132.23-P1P2	Trpc3	440	1193	1148	1771	1576	1465	1033	1402	1050	2070	2069	1846	1377	800	1056	1217	1046	989	976	1024	947	1202	1336	1398
Ren1_-_133350719.23-P1P2	Ren1	519	1014	929	1662	1592	1570	1368	1405	1074	1486	1100	1822	1789	664	1097	1268	1056	1026	874	1051	1298	1048	1408	1301
Htr2a_+_74640916.23-P1P2	Htr2a	239	719	576	1292	1140	1083	854	955	746	1511	569	765	933	78	616	852	700	540	658	635	719	575	808	945
Lcn2_-_32387711.23-P1P2	Lcn2	464	1270	1435	1609	1508	1422	1344	1299	1040	1950	1729	1390	1598	1064	989	1293	891	934	881	943	1012	1098	1271	1461
Chrm5_-_112480740.23-ENSMUST00000099589.2	Chrm5	458	1424	998	1828	1438	1683	1514	1534	1083	1981	1575	1860	1976	2665	1188	1256	1130	1054	896	1114	1112	1149	1436	1461
Gsn_-_35256679.23-P1	Gsn_P1	620	1497	1819	2252	2004	2114	1987	2125	1367	2457	1677	1840	2938	1503	1398	1761	1500	1129	1182	1395	1355	1340	1814	1915
Elavl3_-_22051808.23-P1P2	Elavl3	830	1654	1661	2304	2138	2155	1478	2056	1514	2271	1768	1548	2786	959	1602	1954	1326	1538	1358	1480	1696	1500	1961	2020
Kpna3_-_61439863.23-P1P2	Kpna3	218	514	463	730	870	653	624	558	357	1176	746	883	1166	563	437	610	512	457	389	509	469	451	469	652
Trip4_-_65908799.23-P2	Trip4_P2	522	1377	666	1332	1509	1410	1126	1199	1098	1240	1517	1445	1568	739	922	1188	953	925	913	1012	962	1044	1139	1108
Dlst_+_85110888.23-P1P2	Dlst	461	1410	1503	2167	1933	1776	1457	1345	1077	1997	1624	2133	2001	1116	1127	1271	990	800	912	1028	1025	381	890	851
Bcl2l1_+_152831650.23-P2	Bcl2l1_P2	554	1113	1092	1822	1269	1337	1264	1120	863	2310	1552	1742	1625	735	1042	1088	895	939	856	1003	946	1021	1379	1202
Mfsd8_+_40846646.23-P1P2	Mfsd8	377	1450	1009	1646	1657	1554	1440	1380	1149	1845	1657	1290	1788	1027	1158	1425	1082	880	967	1077	1140	878	1165	1237
Slc17a5_-_78587975.23-P1P2	Slc17a5	486	830	809	1294	1287	1036	913	757	628	1381	1397	1542	1774	847	954	939	720	765	709	707	803	764	880	938
Hspa4_-_53300402.23-P1P2	Hspa4	442	893	1012	1398	1281	1241	934	1233	881	779	997	1615	1208	333	967	1099	870	774	719	920	935	872	1195	1146
non-targeting_00635	non-targeting	393	1114	925	1382	1355	1364	951	1303	945	1839	1260	1814	1933	1890	1066	1263	911	864	851	946	995	1046	1155	1076
Fgd4_+_16600017.23-P1P2	Fgd4	406	1140	1244	1913	1523	1445	1278	1325	1108	2133	1519	1228	1416	1621	1146	1446	987	950	945	1200	1114	957	1459	1478
Thg1l_+_45955383.23-P1P2	Thg1l	444	1313	1010	1926	1721	1714	1189	1254	948	1295	1617	1269	1647	1572	885	804	802	626	648	764	761	515	714	575
Tuba1c_+_99030523.23-P1P2	Tuba1c	268	826	674	1142	1191	970	817	1025	759	789	1076	1066	1549	320	732	788	728	648	577	746	736	745	924	1065
Dnajc5_+_181520591.23-P1P2	Dnajc5	610	999	1026	1743	1690	1450	1245	1171	1007	1858	1697	1763	2068	562	1035	1217	943	859	884	869	829	1017	1353	1319
Txn2_+_77927832.23-P2	Txn2_P2	475	1464	999	1591	1617	1652	1293	1427	1216	1885	1166	1650	1965	1993	1173	1308	1081	1106	946	1176	1130	1074	1404	1415
Sdhd_+_50603736.23-P1P2	Sdhd	163	602	309	729	652	565	442	365	425	507	717	393	1338	828	310	541	361	285	393	301	401	363	388	448
Apbb1_-_105580995.23-P1P2	Apbb1	351	1061	922	1162	1188	1272	1410	1034	857	1577	1551	1627	2187	1050	936	865	819	923	797	995	857	977	1128	1151
Pik3cg_+_32208594.23-P1P2	Pik3cg	675	2198	1772	3039	2472	2543	2109	2569	2013	3706	2685	2387	3477	796	1822	2168	1868	1522	1666	1775	1855	1993	2328	2360
Atp6ap2_+_12588056.23-P1P2	Atp6ap2	366	1149	1006	1624	1609	1483	1250	1197	1096	1807	962	1438	937	807	942	1120	919	685	774	919	890	980	1147	1178
Pde10a_-_8801685.23-P1P2	Pde10a	180	492	572	770	825	686	669	610	600	806	842	819	651	1267	452	639	410	508	407	466	477	494	645	590
Ndufab1_+_122101829.23-P1P2	Ndufab1	627	1546	1121	2007	1548	1777	1359	1673	1285	2440	1028	1690	2582	1637	1359	1408	1213	1166	1042	1294	1185	1210	1478	1448
Dctn3_+_41723126.23-P1P2	Dctn3	301	890	860	1227	1130	912	914	954	636	840	740	1417	794	760	573	587	533	474	381	591	541	229	421	404
Fzd5_+_64737680.23-P1P2	Fzd5	623	1540	1251	1886	1692	1806	1781	1598	1488	1764	1964	1939	2259	1073	1391	1488	1293	1221	1061	1342	1216	1204	1777	1752
Gpx3_+_54903158.23-P1P2	Gpx3	450	685	489	1122	911	885	833	844	718	1058	480	760	957	633	653	746	657	670	628	762	684	575	898	870
Cnr2_-_135895500.23-P1	Cnr2_P1	453	1203	1105	1548	1531	1406	1108	1317	949	1226	1340	1301	846	1236	1036	1258	970	829	790	884	1006	922	1353	1111
Calml4_-_62858147.23-P1P2	Calml4	344	883	733	975	1035	1119	958	1125	1027	1252	1211	1110	1181	2770	783	929	772	627	633	751	699	679	987	901
Apc2_+_80299164.23-P2	Apc2_P2	334	874	956	1162	1300	1194	993	1127	807	996	785	1210	1602	410	778	990	790	795	708	840	905	848	971	1146
Dnajc10_+_80315743.23-P1P2	Dnajc10	524	1193	850	1339	1462	1352	1025	1000	793	1995	1406	1258	1104	307	952	1178	1014	916	830	997	955	1026	1203	1276
Anxa1_-_20390662.23-P1P2	Anxa1	251	995	905	1217	1227	1190	1127	1139	1129	1372	1308	1373	1605	1061	807	999	989	720	678	769	838	778	909	1047
Fshr_+_89200659.23-P1P2	Fshr	289	637	641	738	751	691	658	774	536	816	925	1002	964	167	512	666	512	566	466	484	464	409	732	612
Fzd5_+_64737676.23-P1P2	Fzd5	568	1052	1162	1722	1765	1456	1283	1454	899	1241	1547	1739	1266	1014	953	1265	1046	989	972	1044	964	1038	1478	1217
Elovl4_-_83806204.23-P1P2	Elovl4	421	1275	1119	1618	1598	1365	1438	1191	1185	1305	952	1470	1228	979	1044	1316	1060	930	879	1059	1220	1061	1362	1497
Ddit3_-_127290901.23-P1P2	Ddit3	580	1743	1586	2311	2511	2310	1984	2168	1376	1836	2813	1550	2094	1084	1611	1901	1685	1332	1339	1520	1707	1365	1907	1908
Dst_+_34011580.23-P1P2	Dst	604	2113	2135	2651	2306	2336	1974	2148	1555	2573	2183	2603	2257	1790	1659	1899	1525	1483	1353	1529	1603	1543	2156	2184
Hspb2_-_50752244.23-P1P2	Hspb2	510	1112	1200	1791	1558	1600	1372	1324	1003	1306	1658	1551	1992	1136	1184	1178	1098	1023	954	1083	1133	1077	1482	1309
Nanog_-_122707632.23-P1P2	Nanog	417	1604	1525	1959	1841	1736	1577	1793	1224	1958	1244	1663	2367	686	1420	1274	1190	1078	968	1193	1366	1134	1461	1495
Hmox1_+_75093858.23-P1P2	Hmox1	370	1380	1244	1997	1961	1556	1356	1716	1280	2024	2104	2036	1749	914	1059	1371	1018	825	924	1069	1195	921	1348	1320
Taf15_+_83473105.23-P1P2	Taf15	406	1167	902	1708	1387	1472	1329	1274	965	1799	1716	1351	1659	1693	1138	1102	1038	933	881	1077	1092	1203	1373	1271
Sacs_+_61173052.23-P1P2	Sacs	430	973	973	1249	1351	1222	1073	1039	890	1255	1325	1327	1214	1062	905	884	807	712	775	919	844	976	981	1167
Ywhag_-_135934594.23-P1P2	Ywhag	461	1119	989	1530	1256	1425	1256	1357	1064	1972	1573	1373	1735	1060	868	1211	991	985	916	1070	918	1101	1457	1336
Sncaip_+_52768281.23-P1P2	Sncaip	471	1157	1040	1633	1552	1408	1054	1068	803	1154	941	1538	1964	916	978	917	866	822	715	897	800	791	1025	1086
Hspb3_-_113663607.23-P1P2	Hspb3	391	842	1239	1981	1548	1498	1351	1386	861	2246	1007	1773	2398	1963	1022	1362	1114	891	962	1058	1163	1240	1322	1442
Actb_-_142905506.23-P2	Actb_P2	355	1097	969	1546	1466	1300	1005	1091	1064	1476	1274	1201	1658	576	850	1129	846	798	775	915	926	958	1120	1081
Tgm2_-_158146313.23-P1P2	Tgm2	561	1562	1395	2249	2100	1967	1709	1742	1452	2498	2162	2432	2874	779	1437	1700	1172	1430	1213	1419	1410	1362	1950	1629
Gosr2_+_103697666.23-P1P2	Gosr2	301	954	1015	1400	1305	1169	1259	1267	1070	1026	1153	1541	1365	439	908	1068	921	763	778	803	826	1111	1087	1242
Gpx4_-_80053796.23-P1P2	Gpx4	589	1673	1645	2553	2165	2121	1391	1456	1145	1663	1406	1888	1384	607	1273	1297	1191	928	920	1149	1215	1027	1447	1468
Mak16_-_31168651.23-P1P2	Mak16	411	885	852	1328	1332	1258	1191	1018	803	1550	908	1216	857	1239	595	948	793	649	658	726	719	598	607	721
Il10_+_131020096.23-P1P2	Il10	337	1161	1009	1605	1640	1308	1286	1068	1205	1395	1506	1141	1750	1654	992	1282	1129	768	840	955	910	1035	1107	1445
Ripk1_-_34002482.23-P1P2	Ripk1	510	1171	873	1650	1334	1459	1367	1345	1070	1684	1300	2062	1547	761	898	1249	985	978	884	1062	882	896	1361	1550
Hdac6_+_7947761.23-P1P2	Hdac6	435	869	716	1080	1067	1036	886	938	968	823	992	1132	862	74	739	863	817	746	718	677	726	727	902	935
Kif1b_+_149307652.23-P1P2	Kif1b	431	938	913	1269	1053	1154	1084	1192	735	1541	1308	1144	1419	995	842	909	793	759	712	837	811	805	1174	977
Bad_+_6941982.23-P1P2	Bad	394	843	829	1170	1235	1163	909	1127	754	1357	1206	1270	1363	1775	894	898	779	941	713	738	799	985	1093	1049
Mapk12_+_89140627.23-P1P2	Mapk12	552	1654	1223	2159	1982	1989	1530	2202	1670	2200	2085	1783	2373	2146	1659	1699	1505	1319	1291	1585	1594	1575	1856	2005
Calm1_+_100199561.23-P1P2	Calm1	379	742	895	1232	1035	1132	1140	1179	869	1427	1383	1479	1622	1387	806	1109	780	778	699	807	699	980	1126	1082
Tdp2_-_24831706.23-P1P2	Tdp2	617	1434	1148	1696	2074	2082	1608	1737	1222	1756	1565	1841	1978	1898	1518	1510	1344	1195	1200	1290	1280	1305	1422	1743
Wnt8b_-_44493522.23-P1P2	Wnt8b	573	1363	1206	2215	2338	1987	1402	1731	1295	2494	1963	1758	2347	172	1308	1656	1160	1159	1066	1334	1306	1283	1632	1882
Pde8b_+_95250219.23-P1	Pde8b_P1	477	1394	1054	1623	1531	1555	1148	1418	1005	2035	1242	1506	1341	904	1072	1317	1040	1033	929	1055	967	1187	1386	1327
Dst_+_34011885.23-P1P2	Dst	308	1319	1078	1658	1755	1676	1395	1628	1150	2054	1948	1739	2090	1266	1059	1088	1168	1103	907	1139	981	1110	1437	1427
Vip_+_5639249.23-P1P2	Vip	415	1292	1116	1593	1318	1496	1119	1218	963	1498	1353	1222	1689	1479	884	1183	1096	1120	779	902	968	929	1214	1265
Hspb1_-_135888009.23-P1P2	Hspb1	290	804	633	1188	1224	1016	856	1043	792	1339	979	823	1170	405	690	822	825	620	624	712	692	725	888	1077
Sptan1_-_29965714.23-P1P2	Sptan1	190	540	588	1006	725	796	515	634	464	908	729	851	362	602	503	662	558	432	447	517	535	503	676	657
Nfe2l2_-_75704464.23-P1P2	Nfe2l2	381	1206	1252	1585	1425	1382	1227	1206	1061	1838	967	1546	1501	742	1080	1173	1030	922	957	1010	984	1130	1261	1400
Src_+_157424366.23-P1P2	Src	472	1080	944	1521	1276	1165	1034	1309	906	1469	913	1326	1591	375	928	972	790	814	776	1040	896	1029	1217	1158
Surf1_+_26916280.23-P1P2	Surf1	264	974	1131	1188	1420	1268	929	1272	903	1758	1029	1141	1494	931	1019	886	781	905	745	849	913	940	1239	1160
Inpp4a_-_37299951.23-P1P2	Inpp4a	608	1421	1312	1980	2163	1848	1626	1476	1265	2399	1440	1650	2513	2096	1214	1351	1059	1091	1031	1177	1173	1230	1640	1739
Lmna_-_88503269.23-P1P2	Lmna	480	1283	1332	1915	1856	1663	1356	1701	1125	1838	2129	1701	2150	796	1244	1362	1070	1174	1008	1236	1294	1315	1738	1508
Ppif_+_25694446.23-P1P2	Ppif	701	1796	1630	2172	2192	2027	1708	1729	1378	2248	1914	1863	1873	838	1615	1879	1534	1340	1327	1403	1499	1485	1852	1991
Serpina3m_-_104387273.23-P1P2	Serpina3m	427	1174	1090	1330	1550	1496	1100	1307	1025	1100	1705	1605	1686	1031	1160	1152	901	841	765	1126	1003	988	1353	1325
Sbf2_-_110614869.23-P1P2	Sbf2	617	1476	1577	2312	2337	2129	1835	2083	1581	2276	2715	2555	2631	1360	1663	1568	1521	1497	1438	1471	1579	1586	1899	2340
Hnrnpdl_-_100038881.23-P1P2	Hnrnpdl	571	1536	1538	2215	2164	1917	1917	1916	1260	2216	2239	2227	1911	1165	1529	1630	1277	1284	1158	1372	1338	1552	1782	1740
Atp5g3_-_73911297.23-P1P2	Atp5g3	771	1825	1419	2316	2121	2123	1759	1761	1502	2437	2163	2411	2046	1035	1466	1592	1487	1326	1308	1418	1627	1418	1876	1829
Galc_-_98259317.23-P1P2	Galc	669	1613	1089	2219	1678	1852	1464	1548	1427	2611	2065	2359	2832	1535	1269	1601	1297	1128	1069	1224	1287	1210	1728	1667
Syn1_-_20920870.23-P1P2	Syn1	301	1153	1132	1801	1698	1378	1386	1229	1268	1469	1300	1655	1432	1132	1055	1331	955	968	892	1115	966	898	1389	1420
Mapt_+_104231564.23-P1P2	Mapt	539	1517	1375	1991	1799	1633	1277	1768	1228	2087	1574	1533	2091	1362	1293	1479	1170	1157	1055	1096	1225	1110	1479	1335
Opa1_+_29579493.23-P1P2	Opa1	514	1417	1283	2006	1815	1733	1425	1504	1239	2462	1852	1945	1882	2296	1262	1347	1158	1288	1093	1151	1249	1348	1657	1611
Casp1_+_5298714.23-P1P2	Casp1	156	358	321	496	411	475	494	431	266	434	299	324	759	741	349	518	341	270	320	361	379	329	451	529
Pak3_-_143664438.23-P1	Pak3_P1	585	1229	1324	1645	1430	1568	1262	1278	1227	2078	1648	1248	1749	568	1193	1316	1061	1113	920	1064	1160	1135	1435	1431
Pld3_-_27552962.23-P2	Pld3_P2	377	1366	1481	1764	1727	1815	1829	1598	1241	1946	1196	2200	1639	369	1250	1431	1154	924	915	1061	978	1175	1562	1727
H2-M10.5_+_36773056.23-ENSMUST00000041531.6	H2-M10.5	502	1640	1145	1952	1785	1688	1418	1580	1487	1792	1662	1728	1961	2116	1168	1400	1125	1066	1034	1145	1180	1191	1597	1636
Mapk9_-_49846805.23-P1P2	Mapk9	585	1313	1255	1655	1616	1631	1406	1561	1177	2068	1363	1907	2352	1050	1178	1629	1130	1170	1082	1300	1364	1308	1699	1526
Trpm7_+_126876173.23-P1P2	Trpm7	384	878	551	1106	796	997	1050	996	603	1168	993	1226	1732	1736	714	743	617	669	612	683	619	640	872	972
Psmb3_-_97703501.23-P1P2	Psmb3	715	1255	1223	1780	1873	1680	1434	1369	951	1887	1616	1447	1689	710	1047	1407	1057	955	909	1041	1202	1070	1302	1362
Ndufa6_-_82354039.23-P1P2	Ndufa6	350	825	856	1235	1239	972	864	883	616	1415	931	1393	1217	370	769	807	610	710	573	681	637	651	950	746
Cfl2_+_54862737.23-P1P2	Cfl2	239	572	660	853	904	909	849	777	689	1532	665	921	1395	1374	718	844	574	630	582	662	765	610	914	921
Hspb1_+_135887996.23-P1P2	Hspb1	128	616	494	561	730	714	626	563	588	653	778	1284	679	13	484	615	427	416	436	437	482	530	661	590
Hfe_-_23710734.23-P1P2	Hfe	641	1471	1335	1892	1761	1854	1659	1707	1245	2106	1882	2332	2080	718	1312	1352	1247	1215	1134	1221	1298	1209	1750	2080
Ctsb_-_63122752.23-P1P2	Ctsb	482	1230	1118	1531	1191	1502	1317	1338	963	2247	1932	1553	1452	1130	1140	1219	1103	968	951	1133	1139	1087	1555	1537
Pnp_-_50944551.23-P1P2	Pnp	309	1064	855	1327	1119	1158	815	1069	740	1091	1141	1362	1629	1954	876	977	841	845	778	841	756	782	1081	1109
Ryr1_-_29125093.23-P1P2	Ryr1	625	1422	1309	1898	2079	1800	1604	1664	1338	1938	2319	2162	2500	359	1254	1350	1266	1262	1165	1315	1320	1276	1721	1687
Hmbs_-_44342260.23-P1	Hmbs_P1	630	1120	1121	1783	1626	1791	1504	1717	1617	2240	1151	1451	2096	993	1193	1417	1141	1184	960	1067	1168	1286	1705	1463
Dctn2_+_127266378.23-P1P2	Dctn2	241	635	402	1009	673	750	655	721	463	779	581	892	588	180	449	506	459	395	428	488	523	408	489	506
Gstm3_-_107969155.23-P1P2	Gstm3	873	2013	2192	2980	2502	2666	2188	2389	1866	2986	2322	2458	3321	1600	1860	1882	1679	1613	1630	1654	1844	1668	2409	2496
Trpc3_+_36689939.23-P1P2	Trpc3	534	1015	1060	1426	1464	1344	1069	1141	965	1465	889	1738	1825	1474	1085	1187	1025	1031	841	953	1042	1009	1248	1198
Il4_+_53618374.23-P1P2	Il4	671	2040	1408	2082	2125	2117	2161	2161	1600	2335	2133	1966	2702	1057	1500	1948	1639	1305	1295	1422	1562	1554	1878	1918
1700013F07Rik_+_108537609.23-P1P2	1700013F07Rik	351	945	801	1004	1101	1056	856	840	795	1828	1268	974	1673	1036	846	865	696	691	663	594	689	840	883	989
Jun_+_95052147.23-P1P2	Jun	543	1168	952	1562	1444	1397	1275	1621	1170	2318	1203	1609	1908	578	963	1150	857	908	732	983	961	524	863	806
Ptgs2_+_150100318.23-P1P2	Ptgs2	134	436	400	641	602	649	465	554	431	815	451	775	852	574	345	498	398	383	375	352	342	438	501	538
1600014C10Rik_+_38183830.23-P1P2	1600014C10Rik	727	1591	1356	1941	1869	2193	1899	2126	1154	1402	2122	1789	1881	471	1459	1733	1348	1125	1206	1349	1428	1278	1712	1607
Apc2_+_80299150.23-P2	Apc2_P2	456	1315	1075	1798	1432	1601	1356	1467	1243	1742	1570	1123	1809	1889	953	1257	1047	1045	845	1011	1058	1114	1553	1446
Uba1_+_20662925.23-P1	Uba1_P1	709	1567	1539	2533	2055	2088	1640	1742	1501	2105	1937	2141	2628	2342	1526	1691	1498	1138	1147	1155	1310	1077	1745	1615
Slc33a1_+_63964558.23-P1P2	Slc33a1	536	1078	877	1490	1240	1484	953	1081	995	2148	1424	1517	1738	526	871	1089	944	886	819	1006	951	1147	1089	1347
Tmem63c_+_87026519.23-P1P2	Tmem63c	576	1510	964	1860	1648	1626	1408	1440	1208	3245	1554	1536	1582	893	1084	1385	1004	917	906	1198	1111	1034	1422	1274
Vps13a_-_16780873.23-P1P2	Vps13a	541	1291	1229	1957	2041	1789	1395	1542	1228	2166	1713	1772	2387	1136	1177	1599	1172	1157	1063	1131	1144	1264	1589	1675
Slc5a6_+_31047984.23-P1P2	Slc5a6	454	1664	1314	2179	2069	1828	1708	1599	1383	2327	1499	1883	2102	1882	1355	1521	1347	1284	1126	1244	1344	1348	1672	1956
Cdk5r1_+_80477068.23-P1P2	Cdk5r1	737	1621	1335	2260	1950	2050	1669	1669	1675	2149	1789	1956	2523	1296	1379	1718	1326	1259	1201	1512	1374	1479	1697	1750
Fzd2_-_102604649.23-P1P2	Fzd2	328	840	967	1119	1108	1043	751	1037	1008	1546	1252	1480	1100	968	896	1074	685	745	737	820	863	718	1064	883
Tnfrsf1b_-_145246805.23-P1P2	Tnfrsf1b	326	766	543	1013	800	683	864	765	420	919	751	1066	608	431	496	501	527	420	395	530	488	538	581	645
Grin1_+_25319151.23-P1P2	Grin1	330	859	720	1639	1189	1240	1002	1038	775	892	1157	783	1388	195	760	974	892	660	690	767	927	756	952	1013
Fyn_-_39369817.23-P1P2	Fyn	268	541	596	1072	852	863	779	707	596	1204	887	929	886	361	641	802	620	512	549	584	650	549	844	866
Casp9_-_141793835.23-P1P2	Casp9	258	680	594	857	852	782	693	793	551	971	588	1042	1409	374	647	737	535	555	531	610	529	558	827	757
Hdac4_-_92148335.23-ENSMUST00000008995.8	Hdac4	583	1382	820	2164	1840	1686	1417	1609	1185	1555	1599	1587	1795	1874	1221	1506	1280	1088	1037	1153	1251	1157	1538	1499
Atxn2_+_121711827.23-P1P2	Atxn2	460	1576	1290	2423	2156	2078	2140	1981	1763	2232	2029	2577	2485	1470	1320	1863	1481	1506	1271	1403	1417	1540	1845	1697
Csnk1e_+_79442017.23-P1P2	Csnk1e	334	1010	781	1457	1322	1171	989	1130	835	1465	1457	1405	1638	1335	1016	1037	880	854	758	965	883	935	1119	1103
Psmb7_+_38643800.23-P1P2	Psmb7	461	924	985	1444	1274	1159	812	879	785	1153	1278	1450	1436	972	826	916	801	606	733	706	780	612	964	862
Dab1_-_104367620.23-P1P2	Dab1	306	586	577	1020	788	815	759	762	493	1472	1092	1287	1394	541	653	778	550	619	521	588	599	641	667	823
Tac1_+_7555063.23-P1P2	Tac1	87	669	632	907	757	740	673	514	547	915	846	764	1186	571	581	633	431	485	410	464	568	537	702	845
Gstm7_+_107931658.23-P1P2	Gstm7	703	1700	1690	2560	2540	2277	1927	2308	1669	2702	2201	3001	2632	1305	1580	1988	1669	1544	1294	1466	1518	1533	2102	1977
Fig4_+_41303198.23-P1P2	Fig4	241	672	731	1005	885	873	801	770	621	862	635	740	1038	523	564	726	579	478	464	618	597	608	761	714
Abhd12_+_150904405.23-P1P2	Abhd12	269	869	746	1000	1203	1250	1103	1006	907	1131	1059	634	1699	719	783	1050	731	687	686	789	830	970	907	1032
Thy1_-_44043440.23-P1P2	Thy1	647	2016	1925	2853	2163	2552	2370	2489	1951	3507	2451	2371	3505	1168	1755	2179	1858	1746	1444	1618	1787	1932	2226	2243
Kcnc3_+_44590945.23-ENSMUST00000107906.3	Kcnc3	599	1601	1342	1987	1621	2019	1506	1761	1300	2527	2113	1910	2634	913	1243	1524	1254	1226	1060	1338	1373	1496	1678	1728
Uchl1_+_66676474.23-P1P2	Uchl1	300	713	619	914	674	1052	782	860	628	1279	660	737	1150	24	708	815	599	600	483	514	749	685	854	820
Tubb2b_+_34130334.23-P1P2	Tubb2b	282	730	548	796	802	762	798	593	567	666	839	767	893	515	526	800	558	477	508	561	484	538	753	880
Pon2_+_5298299.23-P1P2	Pon2	568	1144	1206	1620	1571	1615	1404	1484	1137	1263	1110	2084	1588	1129	1296	1265	886	1062	888	1177	1077	1182	1360	1414
Tfpi2_-_3968332.23-P1P2	Tfpi2	359	973	729	1355	1521	1249	1091	1321	922	1666	1244	1641	1644	87	938	1026	778	729	737	890	989	947	986	1077
Atxn1l_+_109737500.23-P1P2	Atxn1l	471	1502	1182	1826	1322	1551	1223	1483	1286	1212	1251	1467	1885	1003	1136	1312	1277	1050	1060	1200	1014	1057	1415	1525
Slc2a1_-_119108879.23-P1P2	Slc2a1	381	925	863	1481	879	1176	853	1139	930	1047	1099	1212	1914	1047	693	934	693	797	632	744	744	690	1023	832
Ndufa13_-_69902824.23-P1P2	Ndufa13	489	1529	1118	2049	1801	1857	1566	1442	1143	2294	1534	2127	2161	1853	1165	1415	1044	1021	951	1024	1190	1067	1551	1556
Ube2g1_-_72607283.23-P1P2	Ube2g1	572	1295	965	1751	1730	1674	1511	1034	1137	1891	1544	1903	1645	540	1059	1317	1066	939	982	1072	1220	1093	1238	1500
Inf2_+_112588869.23-P1	Inf2_P1	392	1057	1031	1670	1274	1323	1384	1192	1034	1799	1222	1717	2483	932	1051	1177	955	864	857	957	962	963	1308	1102
Pik3ca_-_32397278.23-P1P2	Pik3ca	404	1711	1127	2237	1723	1770	1782	1884	1158	1718	1342	1993	2405	729	1255	1653	1251	1016	1164	1321	1364	1217	1595	1647
Scarb2_+_92505303.23-P1P2	Scarb2	228	629	491	897	592	714	804	529	466	836	634	971	825	713	482	648	512	447	420	466	482	659	663	656
Ephb2_-_136835780.23-P1P2	Ephb2	456	1035	1074	1269	1559	1447	1354	1441	1098	2028	1737	1418	1653	613	983	1266	1039	796	905	1070	1153	879	1269	1580
Mpo_+_87793754.23-P1P2	Mpo	433	1292	1265	2054	1582	1898	1665	1675	1296	1959	1596	2513	2049	2809	1257	1470	1407	1097	1117	1282	1307	1342	1604	1648
Cbs_-_31637143.23-P1P2	Cbs	484	1301	1300	1902	1837	1989	1489	1762	1212	1867	1420	1850	2290	2462	1240	1557	1176	1115	1062	1232	1205	1376	1689	1506
Txndc5_+_38528013.23-P1P2	Txndc5	359	983	1017	1553	1232	1332	1083	1293	928	1709	1902	1421	1706	1544	1044	1195	961	827	953	1087	1096	1004	1285	1332
Adora1_-_134234817.23-P1P2	Adora1	415	1128	1200	2303	1474	1729	1301	1380	1113	2176	1821	2214	2036	655	1228	1420	1159	1150	1065	1080	1252	1033	1342	1158
Elavl1_+_4324847.23-P1P2	Elavl1	625	1404	1257	1764	2022	1986	1678	1872	1337	2913	1609	2584	2206	1077	1278	1568	1233	1119	1236	1312	1178	1419	1641	1514
Bdnf_+_109693646.23-P1P2	Bdnf	333	1070	874	1327	968	1202	810	1213	698	2214	1647	1283	2017	1027	1035	1083	983	680	731	802	979	915	994	1290
Neurog2_-_127633334.23-P1P2	Neurog2	355	1063	1051	1574	1476	1375	1380	1120	976	1124	968	1114	1906	1223	948	1222	895	882	797	945	852	1124	1189	1251
Vps35_+_85299443.23-P1P2	Vps35	557	1753	1535	2511	2458	2163	2101	1928	1528	2885	2116	2145	3093	2027	1506	1888	1666	1551	1404	1467	1593	1411	1895	2135
Fzd5_-_64737688.23-P1P2	Fzd5	503	1655	1470	1978	1918	2057	2021	2287	1655	3134	2239	1776	3129	2747	1449	1541	1296	1326	1213	1354	1311	1423	1940	1700
non-targeting_02739	non-targeting	452	991	731	1351	803	1020	888	947	855	1797	983	1112	1730	555	751	880	770	720	680	757	819	724	1065	1050
Notch3_+_32166661.23-P1P2	Notch3	584	1463	1161	1944	1562	1686	1615	1645	1279	1917	1772	1948	1957	1126	1197	1566	1222	1077	908	1176	1160	1266	1587	1496
Psmd8_+_29180631.23-P1P2	Psmd8	447	1051	619	1037	1398	950	567	558	453	1040	888	665	775	20	426	442	286	336	285	411	425	187	372	417
Atrip_+_109074095.23-P1P2	Atrip	233	824	444	874	826	812	768	788	783	1031	706	925	805	270	684	739	656	493	582	630	572	609	702	696
Nptx1_+_119547699.23-P1P2	Nptx1	449	1136	966	1411	1546	1427	1365	1357	1126	2534	1053	1179	1765	782	925	1283	952	958	857	1042	1080	948	1193	1400
Gria1_+_57012036.23-P1P2	Gria1	354	996	932	1074	1300	1311	912	1122	766	1385	1333	1222	1210	33	836	941	677	877	672	649	909	874	1034	1015
Ndufs2_-_171247061.23-P1	Ndufs2_P1	578	1239	1007	1999	1695	1695	1467	1539	1356	2771	1418	2230	2218	1223	1237	1527	1123	1193	1127	1194	1336	1282	1686	1640
Psmc6_-_45329853.23-P1P2	Psmc6	379	819	843	1233	1094	963	986	797	618	1211	774	1137	1099	662	699	706	583	502	634	651	699	655	939	867
Hmgb1_-_149051226.23-P2	Hmgb1_P2	122	579	664	810	828	833	657	892	662	890	640	825	1141	72	556	673	564	384	468	554	549	462	624	690
Fars2_-_36117858.23-P1P2	Fars2	633	1662	1381	2324	1992	2148	1800	1814	1631	3316	1966	3543	2971	923	1428	1647	1223	1188	1087	1261	1324	1137	1452	1457
Uba1_-_20658497.23-P2	Uba1_P2	381	1206	852	1288	1372	1454	1179	1295	961	1614	1375	1648	2101	1036	1092	1017	1017	947	926	1018	1185	999	1324	1273
Gpx1_+_108339132.23-P1P2	Gpx1	520	1230	1140	1725	1501	1736	1370	1478	940	1504	1166	1722	1374	774	1120	1291	902	960	908	1029	970	1026	1267	1221
Slc18a1_+_69089128.23-P1	Slc18a1_P1	454	924	882	1473	987	1060	744	747	406	890	765	765	607	1427	506	556	384	412	338	341	487	282	545	459
Mfsd8_+_40846786.23-P1P2	Mfsd8	678	1776	1660	2303	1936	2100	2130	1946	1545	2266	2157	2256	3070	3317	1518	1729	1402	1363	1228	1438	1545	1567	1888	1735
Prickle2_-_92481342.23-P2	Prickle2_P2	363	912	991	1285	1489	1111	997	1081	920	2049	1260	1477	1687	1669	882	953	869	805	694	848	855	795	1239	1173
Prickle2_-_92706151.23-P1	Prickle2_P1	289	609	402	761	931	798	677	671	584	739	655	948	852	726	601	716	482	430	524	563	575	614	703	825
Gfap_-_102897073.23-P1P2	Gfap	343	1197	1264	1813	1547	1608	1198	1674	1335	1265	1447	2105	1298	1267	1048	1264	1041	938	904	1237	1106	1227	1465	1390
Mtdh_+_34082966.23-P1P2	Mtdh	434	980	743	1254	1191	1210	1359	1064	803	1759	1462	1521	1170	752	794	1034	740	663	698	778	856	862	1035	886
Adcyap1_+_93199390.23-P1P2	Adcyap1	449	1049	1103	1434	1604	1341	1125	1242	978	1559	1868	1462	1860	1058	891	1030	834	876	808	874	918	1027	1328	1301
Arsa_-_89476119.23-P1P2	Arsa	282	722	655	1111	871	1103	1011	1132	777	1485	1146	1699	1310	864	764	857	798	754	595	734	808	881	859	990
Tia1_+_86404466.23-P1P2	Tia1	430	1030	892	1442	1092	1140	999	959	725	1597	932	954	894	1625	674	923	818	625	626	711	826	905	936	1067
non-targeting_01819	non-targeting	515	1370	1214	1832	1425	1545	1514	1244	1190	1694	1259	1578	1211	1365	1077	1328	1096	790	975	1142	1061	1000	1490	1499
Ndufb7_+_83567097.23-P1P2	Ndufb7	441	1289	1317	1708	1813	1553	1452	1352	1242	1474	1648	1727	1744	955	1060	1194	1026	777	856	954	1237	534	894	924
Ubtf_-_102318968.23-P1P2	Ubtf	851	1659	1814	2665	2194	2347	1896	1978	1450	2789	2708	2258	2731	2397	1795	1931	1421	1379	1400	1549	1650	1641	2071	2012
Ambra1_-_91730228.23-P1P2	Ambra1	641	1580	1393	2244	1823	1951	1714	1824	1600	2352	2161	2225	1749	1832	1388	1727	1549	1232	1254	1521	1341	1551	1698	1725
Tead1_+_112679358.23-P1P2	Tead1	278	956	866	1484	1011	1185	1092	1087	944	1096	985	1138	1771	1138	996	958	959	815	750	974	904	962	1090	1183
Slc9a1_-_133369807.23-P1P2	Slc9a1	411	1289	917	1865	1460	1514	1367	1408	1218	1969	1713	1820	1696	1751	1090	1287	1042	1070	1035	1009	1212	1049	1478	1310
Ppp1r1b_-_98348743.23-P1P2	Ppp1r1b	316	891	909	1547	1198	1301	1064	1183	671	1206	1160	1350	1136	313	974	903	935	782	772	1027	894	1022	1269	1059
Pmp2_-_10197190.23-P1P2	Pmp2	462	931	955	1712	1487	1546	1430	1583	1040	2258	1194	1877	2265	625	934	1273	1062	915	897	1051	1175	1064	1416	1344
Prickle1_-_93595866.23-P1	Prickle1_P1	324	963	1141	1952	1579	1367	971	1365	1183	2038	1445	1654	1446	1327	947	1204	929	1134	943	1081	952	1068	1311	1516
Nos3_-_24364859.23-P1P2	Nos3	374	962	870	1476	1066	1163	934	957	941	1752	972	1316	1435	714	821	986	836	794	680	738	934	734	993	1218
Tmem184b_-_79403223.23-P1P2	Tmem184b	503	1005	997	1386	1460	1201	1108	1203	960	1126	1735	1812	2167	805	921	1095	909	806	780	976	1050	991	1346	1353
Itpr2_+_146502121.23-P1P2	Itpr2	367	923	622	1270	1145	1084	1035	990	597	1291	876	1305	1311	638	822	893	761	656	662	743	756	896	843	977
Ddhd1_-_45657869.23-P1P2	Ddhd1	326	1014	976	1460	1299	1279	892	1196	1007	1603	1203	1335	1160	419	866	1046	819	780	779	834	986	909	1250	1259
Ubc_-_125389710.23-P1P2	Ubc	262	672	794	1236	1052	1284	1024	1279	1160	1869	1266	1308	1572	1805	857	937	838	654	739	827	911	739	1105	1230
Calm1_+_100199553.23-P1P2	Calm1	570	1512	1334	2051	1903	1951	1845	1990	1380	2573	1587	1749	2326	930	1167	1613	1271	1281	1123	1401	1471	1203	1710	1760
Tubb4a_-_57087587.23-P1P2	Tubb4a	171	288	368	399	411	425	527	337	291	601	601	416	625	293	261	381	256	299	312	220	281	330	417	355
Gpx2_+_76795481.23-P1P2	Gpx2	754	1508	1499	2320	1817	1886	1873	1402	1456	2100	1636	2002	2706	1559	1259	1664	1259	1168	1133	1329	1402	1207	1738	1538
Ntf3_+_126166713.23-P2	Ntf3_P2	182	755	670	985	710	871	641	794	792	830	959	625	1097	334	647	730	555	544	549	626	561	602	835	768
Prdm8_+_98181076.23-P1P2	Prdm8	479	1205	1082	1849	1412	1499	1534	1361	1176	2514	1260	1347	2364	1166	965	1219	909	902	825	963	1044	1208	1525	1262
Ogt_+_101640121.23-P1P2	Ogt	457	1279	1030	1631	1286	1394	1132	1366	1042	1657	1340	1583	1361	784	980	1230	906	992	920	1058	951	929	1356	1315
Vegfa_+_46032262.23-P1P2	Vegfa	429	1049	811	1644	1322	1242	1429	1191	1082	1412	1120	1145	1609	1668	973	987	919	979	728	846	953	1006	1014	1178
Serpina3c_+_104153849.23-P1P2	Serpina3c	283	776	700	1171	1002	881	662	754	413	484	799	1049	1067	1415	545	606	523	565	540	594	537	599	728	704
Anxa1_-_20390673.23-P1P2	Anxa1	330	862	733	1237	1010	1001	854	942	827	1061	654	1111	1426	1185	742	922	800	820	662	649	744	661	962	887
Tfg_+_56717132.23-P1P2	Tfg	306	882	839	1152	1318	1018	955	660	762	1650	1375	876	1372	1369	616	698	646	551	462	572	670	414	674	602
Exosc8_+_54734996.23-P1P2	Exosc8	374	776	958	1071	775	1078	720	1104	778	755	635	1247	1257	1014	768	822	696	619	568	631	756	592	838	747
Fgf2_+_37348439.23-ENSMUST00000038885.3	Fgf2	215	810	602	946	1041	872	758	881	761	1733	802	803	1132	1782	735	689	732	579	584	645	700	637	724	852
Endou_+_97731273.23-P2	Endou_P2	669	2027	1669	2202	2335	2304	1871	1993	1762	3380	2355	2167	2376	1425	1652	1704	1574	1732	1500	1710	1680	1528	1964	2206
Slc6a3_-_73536865.23-P1P2	Slc6a3	506	1065	979	1815	1299	1525	1230	1606	948	1430	1563	1277	1539	1528	1083	1185	899	938	862	905	1147	969	1440	1515
Ogt_+_101640157.23-P1P2	Ogt	506	1010	1073	1602	1683	1432	1216	1166	1003	1628	1052	1467	1476	1553	1020	1239	993	929	831	982	1087	704	1324	1393
Grin1_-_25319118.23-P1P2	Grin1	546	1426	1321	2127	2132	1666	1663	1698	1241	1865	1553	1481	2869	1743	1207	1379	1123	989	1105	1230	1093	1106	1389	1585
Bcl2l1_-_152831471.23-P2	Bcl2l1_P2	326	1122	899	1745	1213	1268	966	1130	1020	1345	1595	1099	1801	830	971	1119	879	887	805	930	888	852	1279	1208
Egf_+_129755283.23-P1P2	Egf	702	1597	1455	2472	2254	2145	2023	1993	1298	2308	2388	2928	3071	1070	1369	1750	1445	1371	1266	1468	1400	1369	1731	1720
Cacna1c_+_118757959.23-ENSMUST00000112825.2	Cacna1c	428	1244	1218	1792	1781	1574	1308	1468	1223	1825	1193	1807	2263	1542	1056	1501	1103	1215	917	950	1060	1151	1303	1513
non-targeting_04268	non-targeting	449	1105	964	1428	1317	1329	1263	1123	1224	1633	1123	2050	1566	979	807	1217	845	916	776	1013	818	978	1250	1263
Psen1_-_83688178.23-P1P2	Psen1	206	903	712	1227	876	961	839	793	742	1626	1414	1638	1173	601	667	872	648	718	643	661	750	747	942	950
Csnk2a2_-_95488751.23-P1P2	Csnk2a2	384	935	846	1570	1075	1224	1340	957	923	1281	1274	1522	1417	973	790	1010	824	737	782	857	819	885	1038	1062
Pde4d_+_109953884.23-P1P2	Pde4d	638	1815	1503	2508	2057	2134	1663	2012	1476	2167	2258	2309	2574	605	1528	1639	1286	1361	1182	1413	1618	1681	1891	1961
Casp9_-_141793871.23-P1P2	Casp9	364	872	606	1001	1014	1206	935	873	703	1648	891	1504	1008	903	634	932	819	756	691	734	695	875	950	1036
Adrm1_-_180171657.23-P1P2	Adrm1	623	1968	1775	3097	2409	2116	2241	2280	1896	2931	2219	2722	2744	794	1610	1934	1510	1699	1544	1617	1660	1798	2198	2025
Endou_+_97721114.23-P1	Endou_P1	215	597	323	793	681	670	534	537	507	696	553	684	686	42	438	549	342	436	400	491	499	566	520	623
Ndufs2_-_171237600.23-P2	Ndufs2_P2	379	965	1059	1279	1510	1423	946	1330	1169	1112	1402	1326	1738	1717	888	1100	846	871	746	937	920	1119	1154	1224
Socs3_-_117969097.23-P1P2	Socs3	200	743	517	909	621	817	483	839	643	1023	1141	1070	1124	761	631	693	484	436	532	540	569	481	640	839
Myd88_+_119339975.23-P1P2	Myd88	480	1190	1245	1876	1509	1514	1194	1248	973	1855	1912	1286	1998	601	1117	1262	907	964	961	1017	1145	1109	1497	1382
Atp2a1_+_126463084.23-P1P2	Atp2a1	316	825	711	1325	1289	1132	995	1026	890	2083	744	675	1126	1881	662	794	697	691	670	716	644	733	995	1180
Rab11a_-_64737508.23-P1P2	Rab11a	241	626	757	937	725	752	499	661	445	1535	672	550	764	291	564	743	463	469	458	613	485	538	645	742
Abcb6_+_75180338.23-P1P2	Abcb6	854	1533	1627	2290	2496	2319	2097	2231	1608	3494	2513	2526	3076	1305	1689	2041	1414	1546	1392	1564	1770	1551	2035	2301
Eef2_-_81177956.23-P2	Eef2_P2	609	1207	1402	1895	1461	1824	1793	1487	1218	1901	1418	1733	2187	1046	1221	1352	993	984	971	1124	1126	1173	1443	1352
Prkca_+_108343633.23-P1P2	Prkca	457	998	895	1666	1363	1320	1201	1248	998	1759	1455	1959	1578	1517	1007	1110	802	847	784	971	947	911	1162	1227
H2-M10.2_-_36286436.23-ENSMUST00000023845.6	H2-M10.2	499	1308	1048	1631	1849	1568	1335	1321	1288	2409	1319	1443	1630	1351	1218	1251	1019	1015	927	1058	1080	1078	1442	1441
Rars2_-_34614988.23-P1P2	Rars2	368	1153	952	1385	1388	1196	1069	1026	796	1636	1158	1278	1563	1192	759	846	733	794	689	875	756	540	738	737
Cacna1s_-_136052806.23-P1P2	Cacna1s	300	738	777	1203	1013	1135	943	1017	742	1877	992	785	924	1275	643	878	618	672	699	611	854	827	841	1015
Dync1h1_+_110601501.23-P1P2	Dync1h1	453	1036	877	1512	1165	1423	1028	1311	817	1833	1033	1651	1473	810	960	1187	885	862	801	963	995	1012	1153	1057
Ang_+_51091141.23-P2	Ang_P2	428	932	868	1139	929	912	1001	1007	933	1127	946	1244	1024	1714	761	896	573	529	554	674	668	769	832	893
Gosr1_-_76763506.23-P1P2	Gosr1	588	1054	843	1641	1442	1421	1244	1254	935	1641	1506	1274	1610	711	946	1220	996	809	812	1003	1015	872	1146	1390
Cd200r1_-_44765863.23-P1P2	Cd200r1	435	991	1364	1416	1538	1340	1037	1140	892	1243	1488	1540	1844	1686	1024	1050	978	761	880	893	909	1198	1119	1326
Wnk1_+_120038648.23-P1P2	Wnk1	425	975	927	1345	1505	1230	864	1017	889	976	744	1332	924	1279	857	794	724	986	691	763	846	716	1128	1051
Synm_+_67759717.23-P1P2	Synm	605	1413	1608	1998	2324	1874	1297	1771	1226	1757	2124	2279	2518	538	1299	1382	1375	1168	1084	1240	1249	1394	1595	1716
Dvl1_-_155847482.23-P1P2	Dvl1	283	916	654	1218	826	1192	922	991	715	1638	1112	809	777	1233	777	859	688	669	601	652	674	795	862	965
Sema6b_+_56140350.23-P1	Sema6b_P1	367	1355	1200	2006	1704	1416	1337	1457	1027	2068	1711	1697	1460	1118	1152	1198	1080	1077	944	1046	1070	1172	1408	1339
Slc12a1_-_125152645.23-P1P2	Slc12a1	501	1402	896	1681	1933	1686	1559	1446	1190	2076	1330	1914	1988	865	1142	1377	934	974	1001	1185	1099	1368	1439	1239
Aldh18a1_+_40588367.23-P1P2	Aldh18a1	372	774	674	847	1079	1025	904	989	676	988	497	1006	1746	997	698	775	748	588	601	666	654	671	699	878
Gsk3b_+_38089544.23-P1P2	Gsk3b	387	953	1139	1174	1392	1339	1121	1258	731	2270	789	1043	1418	1066	1050	1076	802	984	866	873	956	907	1291	1026
Pvalb_-_78206397.23-P1	Pvalb_P1	566	1607	1387	1962	2164	2060	1699	1824	1523	2533	1605	1673	2750	1727	1388	1731	1514	1478	1133	1498	1309	1465	1683	1683
Zfyve27_-_42170636.23-P1P2	Zfyve27	359	970	750	1195	980	1001	827	848	684	1203	943	1110	1524	537	724	991	868	723	669	865	783	798	962	894
Opa1_+_29579439.23-P1P2	Opa1	460	1098	824	1350	1122	1241	918	1068	859	2319	1406	1223	1426	1227	698	938	887	738	785	881	881	776	970	1023
Lrriq3_-_155093543.23-P1P2	Lrriq3	326	899	721	1360	1434	1298	1027	1232	884	1818	669	1022	1735	903	776	1165	950	897	713	876	909	976	930	1050
Cdk5r1_+_80477132.23-P1P2	Cdk5r1	690	1951	2040	2833	2084	2402	2249	2039	1861	2245	2346	2817	2774	1304	1770	2095	1944	1567	1619	1715	1777	1724	2518	2226
Acan_+_79053221.23-P1P2	Acan	352	1409	1165	1958	1666	1684	1524	1509	1355	1761	1461	1672	1703	242	1378	1502	1155	1231	1067	1186	1275	1218	1551	1629
Tuba3b_-_145616089.23-P1P2	Tuba3b	334	792	790	981	1021	1030	866	756	705	647	730	755	1145	807	670	834	748	809	465	581	685	777	855	774
Rac1_+_143527907.23-P1P2	Rac1	302	1199	1203	1638	1369	1490	1280	1754	1027	1957	1546	1593	1861	1246	937	1212	1076	868	947	1168	1058	1133	1392	1357
Cstb_+_78425771.23-P1P2	Cstb	417	1147	996	1606	1340	1323	1039	916	814	1232	1448	944	1831	263	788	1021	765	632	563	786	766	613	762	739
Grm2_-_106656043.23-P1P2	Grm2	401	1446	917	1605	1204	1718	1351	1621	1136	2271	1299	1832	1823	1752	1075	1259	1074	1096	962	1085	1185	1038	1457	1316
Stc1_-_69029452.23-P1P2	Stc1	677	1855	1786	2900	2629	2400	1830	2319	1755	2953	2328	2690	3217	2796	1764	2072	1573	1665	1559	1819	1804	1843	2295	2470
Ppp5c_+_17027831.23-P1P2	Ppp5c	335	966	776	1287	1187	984	728	859	710	1040	747	1268	1038	755	826	854	810	825	649	709	783	736	1013	876
Eif2s2_-_154892632.23-P1P2	Eif2s2	375	994	955	1389	1105	1028	1080	1060	829	733	1063	1288	1134	1017	795	1042	827	714	712	724	858	794	1128	984
Bcl11b_-_108004028.23-P1P2	Bcl11b	507	1598	1111	1819	1861	2029	1541	1956	1364	1373	2136	1998	2574	2706	1357	1498	1231	1165	1084	1178	1267	1268	1548	1593
Atp2a3_-_72961255.23-P1P2	Atp2a3	425	1063	849	1576	1487	1356	1031	1123	904	2278	1072	1179	1438	663	849	1130	912	998	891	913	990	777	1061	1212
Fgd4_+_16600031.23-P1P2	Fgd4	384	1018	1198	1380	1256	1233	1261	1372	854	1976	1402	1377	1423	1459	957	1063	767	950	825	1041	959	852	1208	1108
Znhit3_-_84916281.23-P1P2	Znhit3	385	1181	1041	1483	1468	1419	1231	1295	1065	2514	1366	1516	1655	1212	876	1171	879	927	915	950	991	566	998	894
Atp5e_+_174463992.23-P1P2	Atp5e	379	810	724	1090	1022	952	662	820	573	1173	1247	871	1202	594	669	662	506	493	579	632	548	504	521	332
Tbce_-_14039618.23-P1P2	Tbce	259	654	627	810	829	841	736	790	549	734	620	740	650	18	557	649	553	468	460	604	560	567	693	662
Dhtkd1_-_5942744.23-P1P2	Dhtkd1	384	875	921	1184	986	1123	974	892	730	903	766	1040	1082	368	643	1002	777	683	633	726	750	909	891	907
Stxbp5l_+_37384904.23-P1P2	Stxbp5l	416	1266	893	1461	1377	1388	1382	1195	973	2283	1500	1831	1472	327	1007	1295	975	860	787	1015	963	996	1252	1321
Atp1a1_+_101604649.23-P1P2	Atp1a1	424	975	871	1575	1415	1322	971	1039	777	1680	1940	1590	1296	1766	1007	972	977	951	762	921	765	979	1243	1072
Prkcb_-_122289236.23-P1P2	Prkcb	271	652	599	916	1051	799	809	579	533	1696	849	831	816	506	529	620	505	519	548	596	652	539	767	866
Arih1_+_59486639.23-P1P2	Arih1	789	1561	1732	2401	2235	2292	1754	1867	1609	2802	2219	2565	2992	1423	1485	1708	1524	1291	1375	1454	1614	1586	1875	1867
Stx1a_+_135023603.23-P1	Stx1a_P1	253	648	628	1118	1072	964	722	978	722	1419	885	1186	1327	885	746	877	637	662	634	597	688	780	946	1175
Acan_-_79053275.23-P1P2	Acan	867	1566	1262	2431	1848	2079	1846	1861	1570	2653	1576	1542	2260	2166	1511	1864	1312	1284	1261	1414	1621	1614	1910	1882
Ftl1_-_45459889.23-P1P2	Ftl1	403	797	902	1083	1159	1056	900	984	896	1113	1131	1016	1481	673	771	1029	830	641	627	761	757	668	1041	944
Nos3_-_24364827.23-P1P2	Nos3	415	834	842	1215	1480	1283	849	1175	1025	1601	1139	1186	1396	895	870	1073	770	768	673	855	1006	819	1099	1136
Trem2_-_48346532.23-P1P2	Trem2	616	1515	1371	1948	1890	1796	1630	1801	1259	2706	2426	2081	2287	576	1403	1538	1273	1201	1166	1389	1235	1434	1814	1894
Dpysl2_+_66868353.23-P1P2	Dpysl2	405	969	910	1415	1402	1375	864	1122	989	1723	875	1299	1842	701	944	990	765	844	758	946	885	899	1159	1037
Zfp597_-_3884471.23-P1P2	Zfp597	574	1273	1084	1534	1863	1660	1498	1601	1348	1823	1080	1802	2532	1441	1317	1538	1185	1057	1096	1111	1199	1199	1640	1527
Mcu_-_59616659.23-P1P2	Mcu	405	1095	809	1248	1174	1326	936	1131	789	1176	1132	1224	1195	303	861	1062	895	856	705	787	799	887	1038	1214
Fzd7_+_59482150.23-P1P2	Fzd7	514	1170	1162	1672	1759	1566	1442	1420	969	1676	1437	2154	1744	1842	1193	1284	1246	1105	938	1148	1044	1097	1526	1515
Dntt_+_41029399.23-P1P2	Dntt	235	575	792	871	1053	965	662	782	681	1412	852	703	1426	941	671	771	533	567	508	633	670	679	854	939
Ntrk2_-_58807941.23-P1P2	Ntrk2	279	964	559	1113	895	1051	950	898	670	1554	1273	1068	1295	971	741	800	815	643	778	782	824	938	1044	941
Psmd4_+_95042506.23-P1P2	Psmd4	452	1085	1192	1649	1514	1411	1130	1320	1120	1446	1671	1582	2111	947	1030	1130	960	1088	845	1081	948	923	1501	1247
Mpp1_-_75130931.23-P1P2	Mpp1	258	760	546	976	603	1028	822	776	657	960	1130	921	1005	258	708	824	599	568	575	628	589	531	911	840
Psma4_+_54950997.23-P1P2	Psma4	604	1612	1362	2258	1983	1418	849	905	714	1461	1116	1471	871	580	596	590	485	433	442	557	556	363	747	556
Smcr8_-_60777586.23-P1P2	Smcr8	506	1486	1303	1814	1642	1742	1531	1495	1262	2427	1681	1493	1929	1580	1229	1339	1314	1142	974	1094	1245	762	1010	1199
Slc25a5_-_36795860.23-P1P2	Slc25a5	501	1353	1328	2266	2171	2106	1769	1669	1293	1976	1925	1480	2117	1908	1275	1466	1351	1436	1128	1257	1166	1275	1567	1637
Sptan1_-_29965701.23-P1P2	Sptan1	151	598	579	1012	791	818	520	668	517	1072	483	867	765	361	582	698	501	435	431	493	489	617	622	692
Ulk2_-_61855026.23-P1P2	Ulk2	597	1942	1261	2347	2408	2084	1863	2089	1654	2463	2514	1898	2359	1132	1301	1611	1588	1465	1287	1503	1549	1580	2124	1929
Xrcc1_+_24547225.23-P1P2	Xrcc1	666	1712	1449	2208	2044	2192	1683	1648	1349	2188	1995	2348	2655	1331	1614	1609	1511	1244	1238	1330	1616	1434	2048	1784
Ndufa1_+_37191084.23-P1P2	Ndufa1	337	917	1141	1366	1482	1581	1529	1145	1082	1522	1742	1598	1683	1200	1005	1221	1019	1050	802	1063	1066	714	799	842
Adap1_-_139325506.23-P1P2	Adap1	606	1373	1229	1900	1818	1751	1281	1539	1166	1891	1496	2250	1654	2496	1180	1364	1244	1071	967	1260	1320	1126	1436	1652
Sirt6_+_81627530.23-P1P2	Sirt6	785	1700	1302	2466	1954	1996	1822	1827	1260	2018	1972	2292	2651	1621	1562	1584	1497	1415	1398	1410	1667	1738	2286	2021
Eif2ak3_-_70844618.23-P1P2	Eif2ak3	401	925	952	1662	1434	1344	1167	1500	895	1350	1190	959	1974	1309	1002	1188	928	797	910	1049	827	921	1166	1192
Ntf3_+_126166538.23-P2	Ntf3_P2	461	1255	1020	2043	1317	1566	1305	1507	1160	2191	1438	1755	2007	2086	1193	1282	1083	1047	987	1153	1219	1155	1415	1582
Cav2_-_17281365.23-P1P2	Cav2	413	888	889	1176	1021	1266	1182	1078	695	1877	857	1388	1544	1744	894	936	759	758	757	794	888	792	984	1058
Fzd8_-_9213036.23-ENSMUST00000041080.5	Fzd8	468	1260	873	1685	1484	1525	1298	1230	980	1944	1282	1391	1435	1574	964	1141	890	924	770	1124	968	1008	1371	1271
Serpina1d_-_103773164.23-P1P2	Serpina1d	310	1080	896	1475	1329	1446	1159	1276	895	1529	888	1559	2005	603	810	1071	888	661	805	888	778	1031	1191	1184
Braf_+_39725291.23-P1P2	Braf	286	989	644	1147	1146	982	965	875	836	1166	1088	1451	1285	553	701	748	682	709	575	697	633	687	882	898
Cnr2_+_135911891.23-P2	Cnr2_P2	566	1433	1001	1805	1272	1663	1390	1466	1201	2877	1304	2408	1977	2587	1305	1431	1083	989	942	1113	1210	1204	1481	1394
Pgp_-_24470518.23-P1P2	Pgp	125	497	296	547	432	595	613	530	362	327	676	446	239	422	412	476	348	384	395	395	381	374	484	547
Wnt4_-_137277529.23-P1P2	Wnt4	327	1085	1014	1754	1391	1244	1230	1085	989	1852	1189	1380	1457	635	986	1033	864	918	752	913	918	1022	1271	1361
Coq7_-_118533234.23-P1P2	Coq7	290	1123	920	1522	1344	1227	964	1176	833	1226	1134	1392	1545	1663	834	919	728	761	786	798	880	861	1054	1136
Ttbk2_+_120850349.23-P1P2	Ttbk2	447	1235	1406	1704	1433	1605	1460	1496	1200	1951	1677	2558	1768	1158	1072	1434	1039	946	984	1123	1064	821	1441	1318
Psmb2_+_126677714.23-P1P2	Psmb2	585	1767	1492	2336	1983	2006	1583	1646	1387	3043	2208	2641	3308	467	1272	1532	1328	1422	1212	1297	1346	1418	1769	1762
Apc2_-_80299137.23-P2	Apc2_P2	360	1108	1177	1871	1787	1487	1225	1270	1165	1162	1450	1561	2123	570	1241	1262	1092	948	1044	1172	988	1136	1335	1433
Mad2l1bp_+_46153493.23-P1P2	Mad2l1bp	432	1042	1107	1459	992	1297	1280	1258	953	1339	971	1227	1628	677	919	1100	835	890	741	909	1059	933	1246	1107
Atp1a3_-_25005818.23-P1P2	Atp1a3	814	1841	1646	2561	2610	2203	1587	1894	1701	2358	2382	2672	2400	1729	1621	1799	1520	1517	1390	1475	1421	1558	1772	1897
Xk_+_9272796.23-P1P2	Xk	372	1254	813	1373	1101	1221	813	1054	795	1236	883	1397	1633	514	781	1063	854	846	670	823	885	728	1279	1182
Egr1_+_34861239.23-P1P2	Egr1	290	1085	812	1323	1530	1352	1194	1244	978	1482	1270	868	1500	840	906	962	887	767	790	940	901	995	1138	1220
Fgf1_+_38918641.23-P1P2	Fgf1	543	1111	1309	1754	1479	1444	1252	1505	1131	1532	1494	1715	1606	1089	1037	1211	1056	861	997	954	1064	1119	1393	1313
Dcaf8_-_172148143.23-P1P2	Dcaf8	418	1151	1036	1370	1287	1360	946	1488	1143	1354	1790	1431	1248	1088	1089	1189	943	1054	826	1047	1046	976	1335	1195
non-targeting_03821	non-targeting	150	371	383	438	455	450	335	390	271	561	458	644	556	293	323	376	276	328	269	371	427	391	513	392
Elp3_-_65592855.23-P1P2	Elp3	108	755	483	796	706	809	615	556	570	749	679	293	740	281	486	581	493	448	319	470	448	419	570	532
Ifnb1_-_88522816.23-P1P2	Ifnb1	390	1290	1113	1788	1870	1462	1458	1497	1054	1767	1474	1807	1540	1132	932	1089	918	871	852	973	1032	1000	1367	1276
Ppp3cb_+_20546524.23-P1P2	Ppp3cb	625	1765	1581	2590	2142	2017	1685	1783	1522	2143	1854	1551	3167	1295	1493	1821	1407	1403	1283	1405	1559	1457	1894	1937
Trim2_-_84259715.23-P2	Trim2_P2	214	632	481	792	793	704	538	636	452	1251	708	615	930	1128	468	489	470	455	375	452	439	460	557	610
Park7_+_150914426.23-P2	Park7_P2	520	1752	1717	2086	2179	2115	1930	1902	1566	2951	1766	2299	1954	1524	1493	1743	1355	1340	1348	1320	1501	1512	1943	1864
Prph_+_99055209.23-P1P2	Prph	388	1020	1139	1430	1522	1418	1005	1404	1065	1633	831	1362	1691	650	972	1315	951	910	890	838	1040	935	1111	1264
Cyp2d22_-_82380141.23-P1P2	Cyp2d22	551	1759	1482	2237	2127	1965	1871	2033	1676	2674	2010	2857	3776	1973	1454	1694	1509	1754	1347	1573	1568	1290	1878	1850
Itm2b_-_73385223.23-P1	Itm2b_P1	214	618	548	867	580	819	610	740	495	1230	1168	1264	1449	728	606	639	473	588	467	534	614	656	575	590
Camk2g_-_20793972.23-P1P2	Camk2g	547	1598	1400	2185	1980	1790	1806	1700	1353	2572	1833	2854	1963	2325	1517	1560	1289	1185	1167	1252	1280	1422	1754	1860
Nefl_+_68083898.23-P1P2	Nefl	404	816	662	1154	1009	962	632	1029	857	1123	1204	841	1058	335	740	918	684	711	679	680	718	816	915	951
Dnajc10_-_80315783.23-P1P2	Dnajc10	336	1112	839	1111	941	1109	993	1086	755	874	1072	1303	1075	22	700	918	740	593	720	772	693	844	1016	985
Ndufb7_-_83566807.23-P1P2	Ndufb7	204	336	371	566	499	500	558	419	346	386	280	804	310	1008	391	365	320	406	279	324	383	243	295	408
Jph3_+_121730344.23-P1P2	Jph3	235	698	525	1143	891	851	814	886	560	1272	557	1047	884	1047	641	732	723	608	531	633	637	755	690	785
Smurf2_+_106920694.23-P1P2	Smurf2	269	770	453	708	975	729	680	751	549	647	700	585	1338	365	438	605	470	556	566	509	542	421	640	746
Chl1_-_103511391.23-P1P2	Chl1	661	1942	1611	2580	2660	2418	2527	2268	1967	3224	2034	2189	3088	1225	1783	1934	1626	1662	1587	1698	1777	1785	2179	2484
Gcg_-_62483589.23-P1P2	Gcg	518	1403	1455	1753	2035	1850	1516	1419	1193	1756	1532	1218	2703	1124	1215	1514	1065	1152	1078	1152	1131	1224	1552	1651
Plcb4_+_135742090.23-ENSMUST00000110109.1	Plcb4	551	1570	1241	1972	1994	1994	1539	1564	1395	2095	2005	1599	1817	1022	1293	1638	1274	1112	1173	1422	1311	1455	1654	1761
Fam168b_+_34842976.23-P1P2	Fam168b	341	928	712	1303	925	1057	890	1019	870	637	1230	989	1099	211	808	968	696	645	621	811	702	776	996	940
Grin2d_-_45866614.23-P1	Grin2d_P1	584	934	979	1414	1141	1319	1184	1200	696	752	1089	1022	1330	591	718	1002	759	691	723	694	800	846	1011	1107
Nbn_-_15958037.23-P1P2	Nbn	670	1811	1644	2860	2247	2415	1922	2208	1556	3006	2052	3326	2016	1866	1652	1927	1461	1375	1327	1410	1627	1714	2019	2112
Cdca5_-_6085137.23-P1P2	Cdca5	446	1046	1242	1645	1662	1820	1344	1525	1259	2407	1574	1725	2063	1270	1231	1429	1286	1233	1035	1179	1255	1254	1593	1525
Ascc1_+_60002839.23-P1P2	Ascc1	494	1471	1263	2057	1927	1575	1510	1616	1078	1931	1475	1799	2321	1888	1136	1392	1196	982	1018	1180	1039	1295	1555	1604
Elavl1_-_4325001.23-P1P2	Elavl1	606	1299	1299	1728	1630	1859	1567	1689	1110	2263	1497	2154	1867	603	1250	1419	1083	1080	990	1257	1232	1371	1826	1793
Taf2_-_55072115.23-P1P2	Taf2	512	1185	1069	1594	1314	1460	1267	1210	1051	2033	2065	1261	1607	1686	965	1069	849	762	786	980	950	544	855	738
Ubc_-_125389680.23-P1P2	Ubc	444	1210	1044	1428	1257	1520	935	1225	881	1941	1811	1815	1527	944	1017	1137	1019	1029	852	1035	955	1003	1384	1300
Plb1_-_32247466.23-P1P2	Plb1	506	1475	1135	2221	2083	1801	1568	1955	1493	2013	2108	2208	2055	1137	1370	1669	1423	1311	1205	1180	1262	1402	1683	1665
Pnkp_-_44857529.23-P1P2	Pnkp	294	534	560	846	584	649	455	613	651	1167	977	731	888	1181	499	599	422	471	438	467	487	479	638	742
Reep1_-_71707878.23-P1P2	Reep1	383	1056	749	1456	1335	1265	1117	1260	1078	1652	1451	1675	1475	1112	973	1210	999	756	863	878	914	972	1203	1230
Serpini1_-_75557561.23-P1P2	Serpini1	415	1088	1037	1551	1537	1619	1371	1488	961	1472	1588	1614	1282	2877	1096	1366	1023	985	901	946	967	864	1107	1193
Mog_-_37023307.23-P1P2	Mog	736	1965	1659	3250	2526	2726	2285	2396	1902	2787	2245	2787	3282	1842	2090	2146	1914	1883	1640	1735	1739	1784	2222	2427
Afg3l2_-_67448959.23-P1P2	Afg3l2	283	1039	946	1455	1111	1253	674	976	742	1224	858	974	1328	1059	649	810	632	509	571	559	671	554	773	547
Mgrn1_-_4886305.23-P1P2	Mgrn1	486	838	1050	1480	1129	1371	1266	1209	920	1818	1646	1415	1580	786	989	1040	895	826	737	931	778	934	1176	1190
Apex1_+_50925001.23-P1P2	Apex1	211	836	591	969	989	862	444	679	446	1172	655	536	1149	782	407	429	276	232	287	315	403	132	397	347
Nr3c1_-_39490624.23-P1P2	Nr3c1	329	1241	876	1594	1385	1578	1110	1342	1034	1746	1456	1831	1660	603	969	1199	872	833	871	995	979	1059	1280	1283
Supt3_+_44777313.23-P1P2	Supt3	375	1042	1061	1365	1365	1228	1111	1066	918	2372	1159	1243	1633	1067	941	1119	917	781	873	824	969	871	1244	1122
Letm1_+_33782581.23-P1P2	Letm1	346	851	619	1016	862	1027	785	799	627	974	1197	1060	1031	96	531	505	398	436	431	482	495	240	478	372
Hspb1_+_135887991.23-P1P2	Hspb1	498	1189	1002	1393	1302	1476	1342	1449	1036	1910	1626	1331	1821	594	920	1321	1012	855	881	979	1052	1145	1324	1293
Pik3cg_-_32208542.23-P1P2	Pik3cg	438	1121	918	1641	1263	1222	1308	1278	972	1150	1048	1460	1224	981	1010	903	940	959	831	861	952	1035	1185	1356
Dync1h1_-_110601490.23-P1P2	Dync1h1	118	575	443	607	702	752	374	567	423	943	895	693	1288	373	508	527	441	412	417	566	567	440	565	699
Uchl4_+_64235379.23-ENSMUST00000039011.3	Uchl4	363	1194	984	1823	1323	1334	1166	1364	984	1072	1136	1747	1808	1192	941	1094	848	820	777	793	876	845	1209	1326
non-targeting_03951	non-targeting	437	1294	1075	1582	1492	1290	1239	1251	984	2105	1392	1376	1838	1245	978	1080	1052	1041	922	987	1138	1033	1131	1260
Atg2b_+_105685247.23-P1P2	Atg2b	751	1845	1493	2444	2314	2181	1816	2009	1525	2016	2023	2223	2564	2922	1674	1832	1371	1534	1276	1456	1496	1630	1858	2078
Scp2_-_108118594.23-ENSMUST00000030340.8	Scp2	370	895	733	1070	1096	1025	881	958	741	1115	1051	935	1338	583	817	806	747	642	622	733	648	709	1010	1007
Mcoln1_-_3500552.23-P1P2	Mcoln1	293	795	749	908	939	888	705	785	575	733	1080	1401	1084	1061	780	748	600	668	605	564	664	600	897	818
Mag_+_30914791.23-P1P2	Mag	282	950	739	1353	1339	1352	996	1316	971	1391	1250	1061	1036	941	817	949	787	811	748	843	846	943	1035	1182
Stxbp5l_-_37384903.23-P1P2	Stxbp5l	327	1233	1165	1531	1326	1575	1272	1221	991	1773	1530	1532	1696	830	989	1207	975	876	923	938	964	1071	1300	1287
Ccl3_-_83648981.23-P1P2	Ccl3	111	542	517	746	641	484	412	524	373	912	600	562	592	193	448	400	354	355	323	323	353	353	437	542
Snx27_+_94582542.23-P1P2	Snx27	387	1285	1421	1962	1784	1865	1501	1628	1264	1946	1588	2191	1992	2964	1276	1440	1171	1163	1008	1143	1353	1187	1473	1455
Csnk1a1_-_61555315.23-P1P2	Csnk1a1	295	776	563	1156	1022	965	927	842	806	1031	855	1273	1370	270	666	861	718	617	546	618	677	582	948	885
Pick1_+_79229401.23-P1P2	Pick1	363	782	588	1367	1092	1079	865	989	673	1380	1406	1254	1716	892	778	949	705	682	639	671	723	731	849	829
Nr4a2_+_57114930.23-P1	Nr4a2_P1	305	937	864	1530	1080	1004	1042	1101	847	1378	1131	1776	719	281	757	1028	645	672	678	692	857	717	989	930
Smn1_-_100124938.23-P1P2	Smn1	728	1778	1486	2450	2349	1966	1489	1449	1206	1492	1724	2117	2418	1196	1102	1153	918	603	785	1009	920	527	901	777
Vegfb_-_6987405.23-P1P2	Vegfb	471	1470	1556	1993	2078	1927	1387	1457	1349	1946	1702	1944	2185	2142	1295	1324	1284	1374	1113	1298	1345	1400	1705	1551
Folr1_+_101863890.23-P2	Folr1_P2	462	1207	1054	1723	1141	1490	1445	1396	1086	1893	1753	1289	1647	1087	1087	1458	994	763	832	1012	1084	999	1246	1313
Spast_-_74338764.23-P1P2	Spast	306	824	893	1300	854	995	845	1031	847	1723	1065	1228	1143	927	636	860	694	628	689	821	776	903	1054	1068
Homer1_-_93304183.23-P1P2	Homer1	480	1398	1032	1809	1545	1458	1300	1466	1208	1569	1829	1943	1517	1721	1143	1217	1076	1101	929	1012	1075	1138	1501	1381
Pik3r4_+_105643040.23-P1P2	Pik3r4	430	937	1015	1420	1286	1154	887	867	711	1427	1027	970	1554	431	655	852	595	611	567	582	659	404	703	575
Naglu_+_101070131.23-P1P2	Naglu	497	1257	1126	1558	1452	1353	1260	1258	932	2253	1991	1548	1990	1447	1133	1278	918	1046	958	1077	1098	937	1321	1327
Fyn_-_39369823.23-P1P2	Fyn	362	1054	946	1710	1506	1505	1419	1356	1131	2052	1694	1702	1553	429	1038	1226	1050	1091	953	962	1119	978	1328	1422
Sucla2_+_73552850.23-P1P2	Sucla2	864	1610	1416	2346	2002	2009	1827	1809	1665	2793	1850	1785	2619	1477	1494	1660	1554	1346	1251	1612	1448	1508	1948	2084
Zfp78_-_6363380.23-P1P2	Zfp78	236	517	691	806	735	791	864	655	511	864	700	489	663	1255	592	623	512	465	508	439	500	582	725	714
Atxn2l_-_126503293.23-P1P2	Atxn2l	258	702	773	952	904	805	818	892	711	1086	427	648	1275	862	640	933	710	536	636	670	619	655	826	796
Bdnf_+_109693695.23-P1P2	Bdnf	282	647	544	972	890	762	666	756	626	1124	983	1123	860	21	599	649	572	461	460	434	475	582	644	764
Sdf4_+_155993329.23-P1P2	Sdf4	469	1050	998	1254	1287	1176	1115	1054	1143	1111	1341	1455	1635	934	968	1047	871	774	789	836	849	764	1064	1293
Pak1_+_97842982.23-P1P2	Pak1	535	1253	935	2067	1776	1587	1422	1622	1113	2005	1625	1664	2118	261	1183	1254	942	1037	1093	1108	1148	703	1350	1251
Aaas_+_102350622.23-P1P2	Aaas	390	1290	1230	1463	1444	1469	1280	1573	958	1746	1437	1929	2042	826	1020	1164	885	954	937	1016	1115	1202	1275	1380
Rbpj_-_53590724.23-P1P2	Rbpj	405	954	679	1191	1041	1120	985	951	663	1292	1130	1168	873	425	759	752	750	633	595	773	809	667	979	998
Ap4s1_+_51691085.23-P1P2	Ap4s1	422	1302	988	1529	1380	1350	1199	1254	1063	2276	1168	1610	1885	1639	1041	1233	1094	727	841	1033	919	971	1235	1248
H2-M11_-_36547125.23-ENSMUST00000041964.6	H2-M11	422	865	533	1253	799	992	886	1068	767	1322	988	882	1080	906	690	841	692	662	539	606	696	747	892	1004
Kif5c_+_49619365.23-P1P2	Kif5c	284	566	630	1120	967	893	647	872	479	974	1029	850	1087	1550	608	738	639	529	524	668	582	734	858	933
Pnpla6_-_3515465.23-P1	Pnpla6_P1	465	1195	1049	1561	1299	1561	1264	1371	1067	1299	1396	1636	1747	597	1125	1106	971	872	930	913	1030	1031	1296	1181
Srsf7_+_80207151.23-P1P2	Srsf7	731	1431	1362	1860	1761	2024	1569	1932	1266	3173	2195	2566	2080	1452	1438	1639	1106	1172	1243	1339	1426	1317	1708	1845
Ighmbp2_+_3282993.23-P1P2	Ighmbp2	246	572	646	924	793	745	548	604	598	857	844	782	1087	21	521	462	398	426	403	483	544	252	481	408
Aicda_-_122553856.23-P1P2	Aicda	186	642	447	706	761	825	597	693	583	845	578	678	910	500	453	617	451	417	404	439	476	516	649	726
Plcb2_-_118728342.23-P1P2	Plcb2	234	370	249	566	487	487	376	325	389	536	455	383	590	565	269	434	254	274	261	310	301	389	433	408
Hfe_+_23710599.23-P1P2	Hfe	561	1282	1008	1677	1432	1552	1458	1316	998	1542	1373	1469	1621	1390	1045	1256	1134	1153	900	1048	1052	1098	1248	1297
Cav2_+_17281419.23-P1P2	Cav2	277	1048	1002	1557	1454	1280	1236	1243	878	1144	1463	1442	1340	1439	784	1045	808	761	680	862	1039	881	1002	1154
non-targeting_02744	non-targeting	498	1675	1181	2366	2072	2001	1297	1884	1457	1975	1835	2514	2315	1244	1346	1776	1498	1217	1228	1386	1364	1329	1857	1723
Rab7_+_88045183.23-P1P2	Rab7	353	650	542	733	593	641	621	523	544	969	767	859	1228	637	463	489	415	362	329	486	439	249	491	405
Cox8a_-_7217538.23-P1P2	Cox8a	438	863	767	1304	1053	1135	916	992	901	1426	1055	1071	1102	2247	792	979	845	567	628	755	839	735	950	811
Apc_+_34221165.23-P1	Apc_P1	783	1770	1625	2387	2229	2035	1848	2118	1522	2921	1998	2394	2634	2820	1507	1862	1455	1579	1339	1683	1529	1742	2280	2033
Atrx_+_105929332.23-P1P2	Atrx	471	1377	1082	2013	1678	1775	1424	1648	1105	1632	1610	1815	1829	1050	1134	1495	1206	1129	900	897	1281	1103	1244	1502
Psmb1_-_15498200.23-P1P2	Psmb1	423	1011	847	1487	893	1054	1047	955	741	1665	923	987	1459	1759	840	958	766	872	698	827	807	874	1054	1081
Maoa_-_16619962.23-P1P2	Maoa	420	812	779	1348	1063	1100	897	984	864	1036	1055	1059	1691	1566	776	901	624	709	622	811	758	825	915	1025
Mutyh_-_116807768.23-P1P2	Mutyh	587	1675	1136	2105	1738	1706	1490	1413	1127	1712	1573	1835	1724	377	879	1123	841	891	819	785	893	685	876	888
Kcne3_+_100176682.23-P2	Kcne3_P2	385	868	945	1395	1401	1292	1021	1010	885	1349	1169	1000	1044	1605	878	1060	762	789	725	1005	899	782	1091	1223
Ppt2_+_34627369.23-P1P2	Ppt2	572	1479	1442	2505	2048	2343	1647	1897	1673	1729	1724	1854	2495	2576	1333	2066	1295	1225	1297	1459	1481	1339	1973	2026
Ppara_+_85735787.23-P1P2	Ppara	845	1342	1211	1797	1268	1735	1412	1292	1214	2288	1862	1840	1755	2724	1141	1351	1039	1050	1055	1083	1158	1010	1534	1366
Aimp1_+_132683804.23-P1P2	Aimp1	381	908	643	1090	788	1051	917	867	705	1240	775	1223	1247	810	719	745	626	675	657	830	684	730	806	849
Plcb3_+_6969691.23-P1P2	Plcb3	600	1186	788	1755	1241	1445	928	1417	1001	1857	1462	1403	2084	1654	865	1136	964	892	898	1108	1046	936	1273	1274
Calb2_+_110168143.23-P1P2	Calb2	146	509	530	932	920	658	630	632	535	967	811	1114	1042	450	591	649	473	595	497	498	494	494	649	667
Txndc5_-_38528412.23-P1P2	Txndc5	422	776	830	1352	1328	1204	1000	1013	771	1159	1274	1313	1069	237	698	885	771	673	727	746	800	813	1138	1089
Dnajc6_-_101508204.23-P1P2	Dnajc6	617	1087	961	1437	1567	1616	1277	1304	914	2693	1432	1680	1804	2515	1159	1197	966	959	828	1003	1156	1093	1382	1334
Znhit3_+_84916304.23-P1P2	Znhit3	601	1255	763	1709	1708	1682	1379	1791	1154	1356	1687	1426	2686	987	1087	1530	1154	1069	950	1093	1205	639	961	909
Ogdh_+_6291644.23-P1P2	Ogdh	410	1595	1312	2056	1661	1646	1274	1278	1104	2068	1690	1673	1546	728	1067	1147	847	872	824	1006	1036	571	1101	953
Chchd10_+_75935941.23-P1P2	Chchd10	606	908	766	1411	1204	1433	1277	1357	893	1779	1174	777	1048	468	938	1071	910	838	828	893	910	897	1292	1158
Esr2_+_76177056.23-P1P2	Esr2	401	1225	932	1696	1422	1509	1154	1213	949	2141	1424	1364	1381	1040	1022	1201	850	920	863	979	874	986	1312	1317
Prdm8_-_98181279.23-P1P2	Prdm8	323	721	746	1192	1179	910	701	851	760	774	980	1113	1318	946	733	796	635	689	534	697	759	684	1002	837
Kcnc3_+_44590682.23-ENSMUST00000107907.2	Kcnc3	274	668	559	898	927	803	770	787	572	1265	1031	1095	891	405	640	667	509	537	557	561	593	628	824	696
Egr2_-_67535550.23-P2	Egr2_P2	390	1014	1041	1342	1567	1395	1049	1487	909	2022	1226	1294	1936	517	916	1105	795	714	824	900	922	857	1142	1123
Dagla_+_10304830.23-P1P2	Dagla	383	1161	874	1464	1304	1437	1253	1215	1072	2441	1400	1317	2184	670	951	1314	927	952	873	1096	938	1053	1265	1464
Nrbf2_+_67285284.23-P1P2	Nrbf2	390	1178	1201	1654	1602	1662	1264	1467	1142	2085	1292	2195	2478	901	1175	1310	1242	1075	916	1012	1307	1118	1470	1562
Myd88_-_119339944.23-P1P2	Myd88	337	649	442	973	849	945	689	787	505	1856	684	1080	1132	60	526	583	548	531	454	599	462	512	736	757
Vps13d_+_144974661.23-ENSMUST00000097796.2	Vps13d	517	956	832	1557	1388	1254	949	1117	732	1488	981	1328	1230	675	880	1238	826	774	723	826	938	795	1124	1093
non-targeting_01226	non-targeting	376	968	936	1536	1366	1190	1047	1086	739	1737	652	1764	1442	1028	847	929	814	849	653	770	872	751	1118	1089
Zfyve1_+_83597130.23-P1P2	Zfyve1	362	957	851	1336	1363	1130	1075	1028	779	1506	714	1473	1212	1141	1054	845	754	771	662	795	943	891	1264	1121
Ccdc88a_-_29373688.23-P1P2	Ccdc88a	384	1297	1244	1487	1760	1521	1437	1284	1065	1725	1362	1652	1540	1329	958	1220	1120	878	834	1198	1012	940	1398	1346
Cox6c_+_35937932.23-P1P2	Cox6c	215	646	602	1024	874	859	589	732	623	1545	595	1098	860	1262	635	663	554	555	543	568	560	446	627	508
Clu_-_65968660.23-P1	Clu_P1	558	1437	1220	1915	1772	1662	1411	1638	1231	1847	1838	1434	1871	1504	1218	1509	1203	1098	1094	1127	1397	1143	1830	1586
Trap1_+_4077789.23-P1P2	Trap1	176	753	713	1321	954	1169	861	1103	840	1308	628	1013	1501	258	778	1056	701	717	653	666	940	825	935	1051
Eef2_+_81178041.23-P2	Eef2_P2	710	1842	1399	2005	2039	2047	1624	1511	1371	2359	1993	1902	1468	1173	1327	1486	1390	1082	1067	1317	1373	1403	1536	1696
Brca1_-_101551830.23-P1P2	Brca1	411	1038	1138	1578	1349	1582	1230	1287	1036	1945	1711	1512	1608	1961	1071	1267	990	1028	820	933	1130	1009	1357	1324
Prkcg_+_3303554.23-P1P2	Prkcg	373	1359	1414	2028	1670	1725	1529	1445	1312	3264	1807	1913	3225	1166	1369	1573	1348	1105	1094	1234	1215	1286	1655	1547
Apc_-_34247697.23-P2	Apc_P2	430	966	991	1157	1115	1147	1119	1181	947	1456	1122	1755	1052	1242	930	1010	799	850	716	735	834	1001	1045	1147
Cxcl13_-_95956975.23-P1P2	Cxcl13	562	1676	1778	2635	2356	2578	2308	2701	2010	3246	2825	2345	3266	1979	1837	2121	1673	1642	1548	1848	1758	1787	2117	2173
Stip1_+_7039948.23-P1P2	Stip1	445	1530	1223	2427	2083	2015	1903	1916	1643	2935	1630	2220	3209	1955	1447	1629	1461	1363	1249	1341	1530	1317	1746	1651
Scn11a_-_119825400.23-P1P2	Scn11a	144	447	542	651	514	560	480	595	428	891	449	778	529	175	397	460	356	395	364	392	402	384	497	539
Cst10_-_149405327.23-P1P2	Cst10	365	800	803	1159	1281	1157	954	1017	960	1471	935	1017	1047	510	832	828	762	782	711	821	782	747	975	1181
Htra2_+_83054450.23-P1P2	Htra2	337	914	886	1285	1291	1180	873	751	791	826	891	1014	1951	932	615	803	511	419	481	535	559	368	524	479
Litaf_-_10993034.23-P1P2	Litaf	685	1984	1675	2391	2374	2384	1960	2128	1686	1884	2554	2982	2907	2337	1614	1735	1644	1359	1420	1476	1758	1663	2093	1988
Syt1_+_109010835.23-P1P2	Syt1	177	439	432	701	587	669	612	635	435	753	1155	1019	900	504	494	557	502	436	414	429	490	460	649	481
Elovl5_+_77917410.23-P1P2	Elovl5	209	327	487	640	791	586	604	476	444	601	919	908	743	558	376	460	375	362	350	389	334	468	564	624
Gpx4_-_80053641.23-P1P2	Gpx4	384	1048	771	1339	1074	566	352	391	337	695	501	562	916	419	448	439	301	249	336	307	384	253	427	483
Cox7c_+_86046574.23-P1P2	Cox7c	799	1485	1255	2072	1371	1601	1380	1391	1106	1816	1518	1689	1714	921	1137	1318	943	1035	1078	1002	1066	1088	1353	1349
Fggy_-_95557548.23-P1	Fggy_P1	412	1379	975	1314	1251	1351	1009	1062	926	1361	1164	1034	1665	1046	937	1044	924	869	793	803	836	928	1226	1083
Cdk6_-_3344228.23-P1P2	Cdk6	381	1290	1011	1239	1737	1284	1062	1099	1075	1260	981	1379	1827	561	956	1054	858	801	838	924	1034	848	1206	1110
Tubb6_-_67390763.23-P1P2	Tubb6	676	1627	1657	1977	2382	1830	1694	1439	1221	2490	1948	2398	2355	1181	1510	1688	1388	1176	1140	1358	1463	1417	1591	1792
Elk1_-_20950530.23-P1P2	Elk1	560	1119	1080	1560	1238	1413	1297	1256	988	1724	1606	1837	1770	1268	1127	1386	1069	997	934	1082	960	858	1422	1212
Ndufab1_+_122101618.23-P1P2	Ndufab1	469	999	792	1669	1408	1366	1111	1404	751	1721	1574	1212	1575	656	905	1048	872	770	780	850	946	879	1185	1147
Igf1_+_87861409.23-P2	Igf1_P2	421	962	847	1711	1137	1481	1101	1236	950	1399	1237	1507	1297	804	917	1085	1012	818	796	878	1035	908	1193	1083
Wipi1_-_109611317.23-P1P2	Wipi1	635	1388	1115	1894	1806	1666	1479	1382	1263	2031	1605	2066	2054	1628	1127	1321	1168	999	1044	1322	1227	1171	1617	1778
Nbn_-_15958024.23-P1P2	Nbn	331	1070	1016	1330	1588	1113	868	1126	843	1461	1567	1025	1389	1445	859	1063	812	1003	765	769	852	946	1099	1227
Alg14_+_121291749.23-P1P2	Alg14	209	433	476	657	510	624	400	588	381	759	723	600	785	11	465	426	406	366	299	300	346	353	429	406
Mfn1_+_32529584.23-P1P2	Mfn1	485	1089	935	1573	1018	1288	1056	1070	804	1350	1302	1159	1342	954	918	960	773	758	780	884	883	736	1104	1207
Adora2a_-_75317156.23-P1P2	Adora2a	354	1135	963	1558	1848	1589	1458	1385	1154	1483	1381	1363	2060	1546	1103	1295	1074	975	957	967	1131	1046	1485	1555
Uba1_-_20658501.23-P2	Uba1_P2	386	819	670	1313	1037	1111	866	908	852	1324	1073	1406	1205	531	737	885	780	683	660	738	779	829	973	1076
Txnip_+_96557985.23-P1P2	Txnip	297	1198	1009	1680	1508	1432	1441	1403	1006	2093	1711	1648	2247	856	1161	1310	955	1054	898	1096	1186	1055	1423	1257
Calm3_+_16923933.23-ENSMUST00000019514.9	Calm3	384	1248	1032	1456	1178	1359	1006	1109	784	1946	1268	1505	1507	1529	959	1028	774	791	841	962	975	852	1124	1161
Atp2a3_-_72961234.23-P1P2	Atp2a3	528	1299	1318	2245	1470	1597	1566	1533	1330	2499	1858	1476	1822	953	1279	1576	1249	1068	1034	1077	1262	1246	1684	1477
Rtn2_+_19282846.23-P2	Rtn2_P2	403	775	567	995	924	966	642	798	570	1149	455	1278	903	604	657	895	676	554	579	775	643	591	758	777
Sos1_+_80480413.23-P1P2	Sos1	416	1224	1152	1918	1492	1689	1350	1408	1269	1532	1663	1991	2031	1444	1176	1414	1080	1025	950	1049	1269	1143	1504	1585
Calm4_-_3838036.23-ENSMUST00000042219.4	Calm4	223	915	833	1512	1587	1390	1088	1277	936	1456	1806	1152	1159	401	932	1158	914	787	842	871	827	887	1060	912
Cln6_-_62838859.23-P1P2	Cln6	238	882	783	1035	905	1028	957	1036	637	1349	976	1105	1075	720	741	752	709	644	610	632	742	578	883	732
Tfrc_+_32609046.23-P1P2	Tfrc	339	779	849	1290	1049	1098	983	983	567	1546	692	966	1034	1871	680	917	682	551	583	811	672	601	815	824
Kcna1_+_126645774.23-P1P2	Kcna1	338	989	727	1302	951	1156	907	797	826	1079	918	1148	1477	485	675	935	857	725	620	754	703	769	1070	949
Exosc9_+_36552680.23-P1P2	Exosc9	391	843	757	1064	897	918	738	695	645	1085	687	1085	950	495	641	702	577	564	508	583	644	487	747	742
Dnah12_+_26771262.23-ENSMUST00000073309.4	Dnah12	348	893	858	1309	1280	1283	1159	1123	726	1567	1463	1497	1398	1274	964	1003	880	729	738	948	885	763	1001	1180
Ubtf_-_102318709.23-P1P2	Ubtf	400	1234	1341	1657	1530	1496	1103	1357	1099	2456	1217	1579	1826	710	1090	1116	924	766	952	938	1162	1034	1398	1426
Map2_-_66322043.23-P2	Map2_P2	361	1160	1024	1914	1399	1428	942	1141	876	1385	1040	1622	1591	1497	1079	1115	924	910	843	959	1043	842	1356	1301
Rbm8a_-_96630379.23-P1P2	Rbm8a	234	500	510	883	817	694	514	637	505	462	448	804	736	695	498	576	506	397	455	445	452	350	589	474
Rars2_-_34615041.23-P1P2	Rars2	404	1018	1049	1596	1414	1498	977	1132	964	1025	1193	1057	1242	1651	815	1025	679	663	663	787	903	437	573	579
Dnah14_+_181741449.23-ENSMUST00000160345.1	Dnah14	485	1339	1226	2035	1439	1744	1735	1359	1190	1691	2137	2138	2278	1646	1193	1418	1095	1054	1033	1070	1045	1288	1483	1455
Pten_+_32757626.23-P1P2	Pten	293	832	945	1463	1349	1272	937	1151	782	1458	1147	1225	1639	996	969	848	810	693	692	744	936	962	988	1004
non-targeting_01057	non-targeting	556	1122	1251	1918	1604	1585	1419	1320	1140	1662	1071	1345	1369	943	1083	1156	1049	937	1010	1030	969	1104	1372	1670
Derl1_-_57892425.23-P1P2	Derl1	368	1104	1032	1299	1308	1455	1118	1630	1005	1274	1440	1258	1446	525	933	1039	893	754	809	941	955	1104	1231	1204
Ache_-_137288315.23-P1P2	Ache	646	1523	1479	2066	2069	1921	1693	2022	1465	2613	2403	2505	2652	2133	1419	1779	1301	1260	1237	1412	1511	1331	1983	2092
Litaf_+_10993056.23-P1P2	Litaf	519	1334	1126	1977	1688	1789	1583	1498	1301	2373	2052	2026	2543	1201	1287	1555	1124	1166	1062	1215	1170	1542	1592	1643
Eef2_+_81177737.23-P2	Eef2_P2	631	1275	992	1549	1720	1416	916	1267	573	788	1144	1431	1229	539	677	715	545	386	472	559	625	302	626	631
Map2k2_+_81105953.23-P1P2	Map2k2	388	982	1044	1279	1430	1436	1240	1213	973	1709	1044	1173	1392	900	895	1168	989	733	808	839	1023	1011	1312	1188
Atg2b_+_105685213.23-P1P2	Atg2b	729	1714	1898	2698	2727	2354	2258	2178	1815	2741	2843	2584	2972	3041	1806	1897	1708	1536	1374	1642	1711	1657	2121	2158
Atg14_+_47568179.23-P1P2	Atg14	674	1739	1719	2399	2052	2171	1741	2013	1306	1347	1913	2369	3282	1243	1558	1963	1456	1299	1305	1451	1476	1569	1994	1815
Nefh_+_4947797.23-P1P2	Nefh	561	1468	1280	1998	1786	1857	1694	1390	1404	1792	2257	2123	1663	2051	1282	1316	1235	1296	1135	1281	1106	1269	1700	1735
Txn2_+_77927889.23-P2	Txn2_P2	461	1052	1009	1359	1275	1423	1329	1124	853	2068	1535	1806	1542	773	1006	956	840	927	782	817	1056	997	1001	1146
Tmem106b_+_13070041.23-P1P2	Tmem106b	379	1001	1162	1644	1523	1306	950	1453	881	1557	1229	1625	1617	851	984	1141	954	864	826	987	1011	930	1238	1226
Pde9a_+_31386328.23-P1P2	Pde9a	779	1698	1333	2218	2329	2244	2120	2020	1598	2120	1962	2075	3090	1440	1561	1843	1284	1152	1249	1371	1437	1492	1967	1907
Mars2_+_55237215.23-P1P2	Mars2	362	1200	969	1501	1274	1328	1008	1177	926	1798	924	1574	1637	216	906	1019	786	882	772	811	914	475	487	584
Kcnc3_+_44590685.23-ENSMUST00000107907.2	Kcnc3	343	1364	1177	1795	1596	1775	1308	1544	1036	1473	1561	1719	1553	1753	1349	1416	1157	1172	1044	1058	1234	1350	1426	1477
Gm7030_-_36129105.23-P1P2	Gm7030	300	795	869	1015	910	1008	768	892	831	991	670	1163	830	1282	633	702	677	630	610	639	645	642	886	904
Pik3r5_+_68432198.23-P1P2	Pik3r5	374	678	797	713	886	965	835	900	544	1033	1233	1386	1390	511	717	742	528	520	601	592	693	667	777	699
Oxr1_+_41449036.23-ENSMUST00000179393.1	Oxr1	424	1393	1255	1468	1717	1580	1445	1256	1193	2153	1403	1863	1532	113	1034	1298	1010	962	980	1055	1127	1129	1604	1502
Morc2a_-_3649295.23-P1P2	Morc2a	368	1063	1022	1505	1571	1455	1388	1509	975	2071	1141	1512	1183	1000	938	1182	962	878	842	916	972	817	1238	1341
Tomm20_-_126945861.23-P1P2	Tomm20	778	1719	2033	2592	2332	2255	2302	2169	1678	2671	1956	2052	2419	987	1645	1773	1718	1541	1403	1630	1641	1760	2178	2078
Gap43_-_42340285.23-P1P2	Gap43	146	471	627	547	560	506	487	432	375	631	276	724	595	429	347	498	393	265	342	396	350	319	492	443
Hmbs_-_44344130.23-P2	Hmbs_P2	422	901	840	1257	1084	1029	875	822	728	1089	1320	1268	948	430	806	1033	681	695	682	695	770	673	1009	899
Colec11_-_28623254.23-P1P2	Colec11	328	1026	1130	1836	1733	1497	1311	1678	1270	1935	1446	1588	1888	922	1207	1139	905	975	867	1047	1094	1075	1158	1175
Chrm1_+_8664314.23-P1P2	Chrm1	638	1709	1630	2444	2174	2063	1759	2212	1504	2895	1927	2180	2156	849	1484	1798	1251	1411	1262	1461	1350	1484	1794	1954
Tyrobp_+_30413854.23-P1P2	Tyrobp	387	675	762	974	942	914	1080	1005	752	1108	1053	1077	1174	1741	657	714	665	604	607	618	750	685	721	808
Psmd7_-_107588378.23-P1P2	Psmd7	355	524	488	794	796	799	691	679	586	502	831	683	757	617	500	653	538	521	483	576	542	616	700	866
Rasgrf1_+_89909928.23-P1P2	Rasgrf1	264	775	743	1202	1017	1059	1187	1160	803	1555	979	996	1550	1427	799	845	691	672	641	630	803	771	851	833
Klc2_+_5118234.23-P1P2	Klc2	469	1496	1134	1827	1489	1829	1363	1367	1165	1991	1904	1896	1993	663	1275	1327	1125	1108	896	993	1149	908	1610	1383
Psmd6_-_14120938.23-P1P2	Psmd6	315	913	1007	1745	1114	1211	701	802	566	1087	1151	1109	1150	316	584	774	464	498	479	572	714	320	661	595
Zfp46_-_136286117.23-P2	Zfp46_P2	497	1181	1153	1889	1732	1570	1413	1512	1143	1673	1129	1601	2254	1207	1188	1265	993	932	962	1178	1159	1163	1642	1518
Npy_+_49822721.23-P1P2	Npy	645	1698	1616	2766	2281	2112	1943	2141	1587	2364	1848	2353	2784	1628	1624	2068	1494	1373	1306	1492	1626	1453	2261	2361
Egf_-_129755249.23-P1P2	Egf	642	1422	1587	2379	1784	2080	1762	1756	1475	1867	2078	1793	1834	805	1471	1502	1336	1092	1125	1353	1318	1420	1786	1874
Synm_+_67759732.23-P1P2	Synm	603	1404	1408	2066	1882	1810	1406	1394	1333	2048	1407	1686	1835	1099	1121	1382	1233	1220	1105	1236	1309	1391	1546	1594
Tubb2a_-_34077987.23-P1P2	Tubb2a	627	1286	1063	1605	2154	1592	1612	1357	1072	2225	921	1187	2327	1526	1266	1290	1313	1064	989	1191	1111	1226	1350	1542
Tsn_+_118311204.23-P1P2	Tsn	370	917	975	1450	1383	1438	1263	1268	885	1915	1466	1811	1113	663	1024	1092	1077	823	839	1127	1111	1128	1387	1224
Kcnc1_-_46396565.23-P1P2	Kcnc1	505	749	874	1293	1184	1180	1088	871	877	1334	1218	1406	1195	506	908	953	814	885	682	822	880	1029	1234	1121
Wnt11_-_98839044.23-P2	Wnt11_P2	689	1556	1722	2430	1861	2028	1632	1606	1330	3031	1485	2295	2232	1179	1412	1778	1489	1502	1271	1476	1456	1678	1824	1919
Gabarapl1_+_129533245.23-P1P2	Gabarapl1	266	602	509	1021	751	779	823	616	559	1109	908	923	609	378	582	736	533	548	500	483	541	585	769	783
Cd200r2_-_44867116.23-P1P2	Cd200r2	334	835	915	1221	1019	1093	993	1079	735	932	1083	1572	954	1272	730	929	725	643	669	707	689	768	921	1006
Mtpap_-_4375624.23-P1P2	Mtpap	595	1697	1958	2235	2591	2196	1830	2051	1602	3554	2466	2902	2611	617	1597	1803	1510	1187	1268	1418	1640	1509	2093	1749
Blmh_-_76945799.23-P1P2	Blmh	420	987	971	1240	1136	1319	1130	1073	956	1168	1393	1334	1659	1390	975	983	773	699	703	902	855	855	1094	1177
Nr4a2_+_57124053.23-P2	Nr4a2_P2	541	1220	1404	1835	1355	1665	1341	1531	1153	2216	1494	2205	2029	1907	1125	1267	1104	1006	1013	1035	1323	1311	1466	1525
non-targeting_01061	non-targeting	415	828	978	1452	1249	1302	815	1134	882	1346	1297	1611	1230	896	970	1087	841	726	697	857	799	869	1197	985
A2m_+_121636640.23-P1P2	A2m	698	1350	1262	1998	1724	1685	1389	1619	1184	1474	1226	1748	1841	1058	1328	1378	1114	1094	1208	1237	1299	1252	1654	1613
Syn1_-_20920819.23-P1P2	Syn1	642	1659	1329	2232	2114	1887	1856	1744	1445	2632	2129	2066	2629	1660	1314	1535	1265	1197	1184	1357	1324	1454	1528	1988
Calm3_+_16924070.23-ENSMUST00000019514.9	Calm3	484	1254	1260	1868	1654	1550	1292	1506	870	1837	1695	1269	983	900	1038	1195	1095	894	944	1082	1120	992	1378	1236
Fzd6_-_39006326.23-P1P2	Fzd6	358	1229	941	1382	1242	1294	1253	1270	827	2013	1511	1310	1347	1264	890	1149	876	831	822	973	894	915	1360	1137
Atr_-_95857693.23-P1P2	Atr	267	718	938	1052	1021	865	742	1003	747	602	892	1250	1042	327	811	843	664	624	557	689	712	750	788	746
Rab39b_-_75578160.23-P1P2	Rab39b	430	1081	1134	1591	1328	1459	1192	1343	924	1978	1133	1529	1938	1181	1092	1152	939	1105	875	1034	947	980	1444	1459
Atxn7_+_14012743.23-P1P2	Atxn7	716	1547	1458	2493	1933	2032	1689	2032	1549	2011	1704	2358	2242	1460	1439	1520	1288	1126	1155	1535	1276	1549	1868	1976
Bace1_+_45838866.23-P1P2	Bace1	1036	2210	1871	2807	2653	2628	2191	2062	1812	2656	2160	2222	2447	1510	1673	2164	1889	1656	1551	1732	1861	1611	2408	2247
Atp1a1_+_101604654.23-P1P2	Atp1a1	465	1039	681	994	996	1056	880	992	768	1889	966	1247	1163	1163	814	926	781	741	699	874	768	852	1123	1184
Spg21_-_65460986.23-P1P2	Spg21	164	423	424	530	472	498	379	396	374	532	303	805	480	14	317	420	317	294	276	421	301	294	347	272
Erlin1_+_44069713.23-P1P2	Erlin1	690	1632	1540	2104	2003	2263	2052	2110	1556	2950	2286	1053	2534	998	1484	1882	1563	1423	1378	1636	1471	1697	1798	1953
Wnt1_+_98789942.23-P1P2	Wnt1	489	1172	1121	1542	1611	1661	1409	1454	1180	1390	1377	1392	1727	1371	1216	1323	1218	937	985	1009	1080	1180	1417	1497
Renbp_+_73930779.23-P1P2	Renbp	501	1371	1556	2048	1825	1874	1499	1583	1287	2629	1734	1891	2709	1569	1238	1728	1231	1375	1138	1109	1243	1239	1737	1754
Ogg1_+_113327044.23-P1P2	Ogg1	633	1641	1745	2254	2357	2199	1735	1946	1533	2476	2281	2131	2061	2034	1608	2014	1583	1503	1321	1540	1508	1434	1693	2122
Smn1_-_100124903.23-P1P2	Smn1	556	1584	1480	2162	2204	1979	1450	1868	1442	2625	1858	2287	2344	1626	1167	1567	1246	955	1030	1085	1251	946	1280	1113
Slc1a2_-_102706478.23-ENSMUST00000111212.1	Slc1a2	378	1125	956	1772	1586	1257	891	1233	983	1555	1440	1430	1351	455	914	1231	972	823	846	953	851	845	1131	1114
Sigmar1_-_41741302.23-P1P2	Sigmar1	657	2005	1511	2505	2561	2083	1828	1942	1439	3479	2134	2476	3337	1935	1608	1773	1425	1250	1313	1447	1555	1656	2116	2141
Anxa5_-_36475606.23-P1P2	Anxa5	554	1333	1546	2249	1954	1971	1521	1579	1470	2297	1782	1066	2209	727	1364	1608	1469	1146	1223	1255	1352	1389	1679	1671
Wwox_-_114439896.23-P1P2	Wwox	244	662	421	731	910	843	638	566	575	983	464	860	597	167	549	655	467	531	480	488	562	632	834	583
Nras_-_103058368.23-P1P2	Nras	753	1800	1626	2271	2157	2176	1759	2070	1663	2004	2492	1367	3023	711	1542	1702	1667	1573	1355	1455	1720	1702	1935	2083
Atg2b_-_105685177.23-P1P2	Atg2b	567	1563	1207	1911	1753	1736	1515	1324	1179	1544	1872	2049	1395	942	1144	1374	1045	1085	999	1092	1201	1251	1506	1450
Abl1_-_31688573.23-P1P2	Abl1	416	954	939	1108	916	1132	886	1090	765	1495	933	1501	1638	943	815	855	667	725	685	778	760	790	856	1132
Zfyve27_-_42170610.23-P1P2	Zfyve27	379	873	899	1169	1257	1133	1102	1081	707	1620	1093	1654	1254	941	816	824	749	812	668	726	771	672	908	1044
Casp12_+_5345516.23-P1P2	Casp12	331	1192	1144	1854	1656	1573	1452	1215	1130	2033	1579	1849	1962	1265	973	1149	863	921	877	1061	1065	979	1261	1486
Pla2g6_-_79328130.23-P1P2	Pla2g6	491	1492	1118	1823	1933	1692	1572	1561	1167	1554	1877	1795	2357	1572	1088	1306	1138	1161	998	1192	1311	1084	1338	1527
Apex1_+_50925037.23-P1P2	Apex1	347	747	703	915	926	937	847	822	741	1290	1208	1045	1226	1042	610	744	637	622	621	578	597	728	757	1044
Eno2_-_124769533.23-P1P2	Eno2	467	1015	1078	1677	1663	1576	1543	1540	1108	1669	1403	941	1484	436	1172	1237	1119	908	888	1019	1054	959	1164	1306
Mme_-_63300205.23-P1	Mme_P1	369	1117	953	1533	1309	1415	1188	1338	974	1940	1259	1319	1641	1041	889	1147	980	809	824	952	1019	1153	1131	1249
Csnk2b_-_35121236.23-P1P2	Csnk2b	329	556	612	1146	1167	979	842	808	676	1199	812	619	1076	1741	676	785	514	594	558	628	658	602	749	867
Sqstm1_-_50210775.23-P1	Sqstm1_P1	260	512	573	819	801	934	786	836	590	935	1067	726	945	660	534	713	565	505	541	494	670	654	682	771
Nras_-_103058355.23-P1P2	Nras	660	1820	1564	2425	1923	2277	1901	2040	1736	2884	2371	2735	2331	1489	1597	1915	1590	1331	1290	1568	1708	1655	1965	1999
Nipa1_+_56019339.23-P1P2	Nipa1	517	1183	1217	1694	1296	1568	1163	1264	1101	1736	1734	1537	2316	1042	1130	1509	999	1039	874	936	942	1016	1331	1321
Pla2g5_-_138819208.23-P1P2	Pla2g5	253	796	853	1250	1147	890	815	905	691	903	1247	730	1252	303	649	888	716	575	591	690	686	548	880	948
Il17a_-_20730920.23-P1P2	Il17a	430	1445	1345	2080	1702	1878	1425	1700	1301	2094	2009	1842	2177	833	1118	1572	1227	1082	1087	1098	1228	1011	1507	1426
Elavl2_-_91376380.23-P1P2	Elavl2	234	830	943	1214	1252	1312	1087	1247	1179	2315	1460	1440	1712	2231	922	1144	1003	870	802	971	934	1114	1162	1253
Fgf13_-_59134736.23-P1P2	Fgf13	475	1465	1171	1662	1651	1532	1445	1254	1226	1582	1812	1798	1261	421	1138	1339	1114	1084	1013	1097	1082	1187	1556	1471
Becn1_+_101302220.23-P1P2	Becn1	501	980	889	1225	1129	1135	713	1068	504	1299	1392	1139	1839	132	706	834	629	596	533	682	702	622	652	628
Agtpbp1_-_59557244.23-P1P2	Agtpbp1	449	1473	1094	1542	1755	1471	1322	1294	1022	1425	1290	1761	1429	644	1057	1244	1057	936	859	1069	1030	1012	1198	1239
Ctnnb1_+_120933898.23-P1P2	Ctnnb1	319	1261	1056	1533	1428	1517	1308	1428	1237	1945	1531	1704	2154	1179	1177	1242	999	1072	936	1093	1189	957	1516	1731
Esr2_+_76177247.23-P1P2	Esr2	407	851	859	1253	1248	980	887	1022	803	1339	923	1128	1822	564	700	795	689	757	625	738	686	808	902	1008
Sox3_-_60893345.23-P1P2	Sox3	482	1043	924	1740	1766	1535	1351	1291	970	1997	1425	1364	1641	1072	1067	1181	1000	858	837	943	1133	1119	1338	1349
Ascl1_+_87493595.23-P1P2	Ascl1	584	1619	1296	1841	1940	1858	1361	1684	1209	2189	1790	2108	2047	940	1238	1578	1321	1255	1155	1332	1207	1246	1488	1806
Trrap_-_144768257.23-P1P2	Trrap	400	1162	978	1717	1687	1465	1265	1384	1009	2161	1313	1660	1998	574	1187	1255	968	1166	903	1123	870	1054	1387	1295
Tgm6_-_130123364.23-P1P2	Tgm6	247	669	784	1082	1113	1054	832	934	747	1491	810	1107	916	54	707	845	699	623	648	641	645	759	1101	1027
Entpd1_+_40659776.23-P1P2	Entpd1	649	1233	1321	1884	1702	1642	1038	1532	1205	1895	1117	1146	2180	2553	1097	1472	1186	1142	985	1135	1104	1127	1428	1449
Psmd8_+_29180597.23-P1P2	Psmd8	458	1137	942	1538	1164	1084	720	869	620	1162	730	1297	1669	730	580	719	583	544	576	444	655	372	677	634
Folr1_-_101864100.23-P2	Folr1_P2	476	1671	1339	2249	2009	1877	1837	1994	1248	2947	2429	1938	2352	1079	1498	1633	1250	1267	1224	1187	1417	1452	1885	1737
non-targeting_01386	non-targeting	371	1217	816	1548	1503	1249	1070	1213	976	869	1382	1288	1734	713	876	1063	952	776	863	943	876	839	1056	1300
Hsd17b10_-_152001934.23-P1P2	Hsd17b10	424	1008	797	1459	1220	1412	1364	1078	865	1696	1539	1897	1352	241	1002	1161	953	899	922	947	966	399	465	413
Ndufa12_+_94199300.23-P1P2	Ndufa12	673	1336	1214	1839	1753	1762	1254	1595	1203	1947	1182	1750	1949	401	1238	1324	960	1110	1081	1073	1161	1307	1489	1677
Apc2_-_80301048.23-P1	Apc2_P1	535	1448	1150	1648	1615	1932	1715	1789	1385	1861	1332	1754	1674	1693	1209	1423	1078	968	955	1139	1193	1156	1438	1581
Taf1_-_101533077.23-P1P2	Taf1	574	1683	1244	2481	1930	1253	761	679	523	780	770	1052	942	217	492	605	477	299	473	545	442	401	535	515
Pcna_+_132253181.23-P1P2	Pcna	435	1377	1236	1533	1451	1161	801	882	682	1015	1357	829	1465	843	649	953	703	556	615	698	641	546	580	744
Adora3_-_105870943.23-P1P2	Adora3	474	1007	798	1710	1321	1757	1228	1428	1010	1860	1043	1106	1783	908	1155	1595	870	928	927	990	1044	1156	1613	1342
Gsk3b_+_38089573.23-P1P2	Gsk3b	543	1262	979	1787	1616	1426	1420	1303	1062	2501	1434	1004	1653	1464	1161	1282	1004	1033	969	1078	1068	1044	1150	1214
Atp7a_+_106027325.23-P1P2	Atp7a	470	905	1165	1445	1239	1257	968	1022	920	1216	1106	1235	1759	568	886	1163	737	809	776	983	972	793	1114	1276
Epm2a_+_11343449.23-P1P2	Epm2a	541	1563	1313	2224	1874	1977	1767	1804	1372	2469	2025	2054	2605	855	1355	1710	1504	1338	1328	1347	1427	1443	1753	1728
Tank_+_61593164.23-P1	Tank_P1	554	1560	1239	1812	1800	1775	1353	1673	1269	1881	1336	2016	1873	627	1172	1496	1211	1223	957	1108	1107	1132	1399	1510
Bhlhb9_-_135885952.23-P1P2	Bhlhb9	129	443	361	624	518	508	587	394	452	595	295	742	858	14	461	509	413	384	342	390	452	355	474	441
Fgf2_-_37348743.23-ENSMUST00000038885.3	Fgf2	675	1382	1261	1537	1785	1563	1316	1467	1234	1690	1881	2120	2644	1632	1068	1381	1014	1165	1051	1026	1035	1299	1420	1581
Ace_-_105967954.23-P1P2	Ace	475	986	724	1507	1068	1051	1066	981	719	1051	1138	1031	578	758	764	1093	729	756	719	780	770	883	1106	1116
Tfeb_-_47737140.23-P1P2	Tfeb	439	1207	1227	1887	1551	1496	1293	1489	1315	1915	1532	1534	1325	610	1082	1248	1109	918	900	1062	1146	1019	1373	1495
Hspb3_+_113663522.23-P1P2	Hspb3	297	643	544	775	801	732	744	757	477	1128	828	561	1177	20	503	699	464	479	437	508	584	584	663	708
Aplp1_+_30445510.23-P1P2	Aplp1	647	1363	1078	2018	1552	1552	1464	1500	1136	2163	2266	1818	2310	417	1143	1313	1186	1072	1045	1129	1153	1383	1596	1541
Ndufb11_+_20617050.23-P1P2	Ndufb11	400	1082	810	1495	1292	1430	1192	1516	1042	1256	1013	1425	2135	696	842	1041	776	881	791	865	925	965	1021	1024
Prnp_-_131910011.23-P1P2	Prnp	604	1163	1033	1947	1613	1888	1528	1385	1132	1768	1843	1546	1622	693	1227	1562	1055	1167	995	1213	1207	1215	1586	1563
Dnah8_+_30624413.23-ENSMUST00000170651.1	Dnah8	488	1320	969	1896	1618	1493	1474	1578	1221	1440	1385	1585	2210	775	1064	1232	1135	1051	948	983	1015	891	1559	1549
Map2_+_66175352.23-P1	Map2_P1	277	833	762	1173	1019	1040	980	1182	859	662	543	592	1498	1255	771	810	859	680	693	821	746	626	963	893
Kif5a_-_127263066.23-P1P2	Kif5a	531	1305	1380	2063	1732	1669	1270	1459	1319	1580	1516	1771	2420	644	1271	1450	1088	1077	1002	1089	1298	1095	1417	1369
Ppara_-_85735799.23-P1P2	Ppara	564	1477	1204	1648	1772	1692	1371	1654	1084	1704	1552	2086	2597	1023	1233	1442	1076	965	1056	1014	1229	1229	1588	1418
Vps13c_-_67840639.23-P1P2	Vps13c	225	583	667	977	1000	773	806	815	520	935	779	932	1140	1587	518	705	565	553	557	614	500	474	690	637
Bcl2_+_106714251.23-P1P2	Bcl2	423	1005	1022	1641	1564	1406	1064	1190	838	1569	1171	2154	1946	1233	1049	1208	1057	1112	943	1041	941	952	1189	1355
Chl1_+_103511358.23-P1P2	Chl1	374	917	968	1024	1531	1127	1112	1174	1094	1006	738	1025	1660	663	728	1055	829	921	702	753	931	858	996	1114
Grin2c_-_115267208.23-P1P2	Grin2c	656	1598	1533	1808	1839	1871	1720	1666	1368	2494	2008	1532	2038	1365	1289	1461	1208	1236	1179	1436	1275	1385	1594	1761
Klk6_-_43824595.23-P1P2	Klk6	374	1062	968	1742	1351	1445	1313	1286	1030	2479	1706	1834	1731	1000	1126	1289	987	834	836	938	1061	973	1312	1381
Eif2b4_+_31192980.23-P1P2	Eif2b4	544	1339	1152	1766	1534	1564	1511	1221	958	1649	1148	1583	1313	1558	1020	1133	916	813	869	1055	1026	924	1271	1209
Ctrl_+_105933789.23-P1P2	Ctrl	490	1277	1115	1955	2212	1811	1485	1632	1217	2433	1559	1997	2215	1936	1147	1341	1281	1278	1058	1255	1101	1258	1677	1667
Fzd2_-_102604422.23-P1P2	Fzd2	309	1022	632	1440	1265	1131	836	945	774	1064	898	1178	1672	49	773	1026	810	705	630	731	784	726	1062	883
2410137M14Rik_+_36981173.23-P1P2	2410137M14Rik	251	707	600	1240	886	1067	782	897	624	1259	969	650	1294	200	678	712	687	507	508	672	721	578	786	728
Daxx_-_33909733.23-P1P2	Daxx	447	968	976	1534	1367	1538	1207	1518	801	1719	1162	1383	1683	961	982	1042	880	739	753	831	906	924	1236	1312
Pde9a_-_31386292.23-P1P2	Pde9a	399	1072	1062	1919	1465	1515	1300	1431	1145	1966	1851	1286	1862	820	1111	1125	1061	970	935	1150	1157	1106	1638	1349
Tfeb_-_47737110.23-P1P2	Tfeb	473	989	858	1377	1257	1271	1163	1281	883	1378	1198	1391	1170	1364	1022	1145	840	913	865	881	1000	923	1270	1229
Dctn4_-_60526251.23-P1P2	Dctn4	449	1286	1258	1657	1509	1594	1330	1606	1039	1559	1995	1261	1812	269	1126	1250	1041	995	940	1085	1066	1123	1418	1373
Akt1_+_112674225.23-P1P2	Akt1	588	1454	1319	2124	1623	2057	1944	1578	1464	2590	1826	1899	1529	2250	1630	1584	1324	1221	1258	1221	1271	1557	1752	1907
Map2k6_+_110399180.23-P1P2	Map2k6	268	829	762	1157	867	1032	970	794	621	969	894	1019	1901	330	637	805	667	665	592	703	654	663	978	794
Eif2b4_+_31193089.23-P1P2	Eif2b4	495	1127	1058	1573	1281	1331	843	1233	712	1283	1407	1457	1630	874	747	983	758	599	676	746	777	773	1040	1074
Atxn2l_-_126503351.23-P1P2	Atxn2l	268	795	829	1230	1005	1093	779	959	917	1049	715	1237	639	1133	799	835	733	667	583	707	733	798	913	759
Psen2_-_180256182.23-P1	Psen2_P1	344	1056	1192	1480	1458	1359	1213	1361	1189	1363	1032	1243	2399	757	1113	1252	1150	1004	912	995	1033	1132	1292	1267
non-targeting_03646	non-targeting	124	354	391	478	677	489	351	426	312	816	591	683	728	461	421	404	286	332	331	311	370	389	523	431
Mpv17_+_31154182.23-P1P2	Mpv17	357	1352	1095	1897	1469	1353	1441	1413	1285	1404	1833	1841	1772	1083	1050	1426	1044	961	994	1041	1098	1172	1352	1454
Uqcr10_+_4704106.23-P1P2	Uqcr10	316	572	626	1225	1146	973	811	929	613	1296	1072	1028	1553	847	728	811	718	522	548	560	671	566	709	565
Csnk2a1_+_152226579.23-P1P2	Csnk2a1	395	898	715	1187	1184	1081	658	907	780	845	870	1760	1422	364	766	864	634	682	678	711	779	736	806	976
non-targeting_00136	non-targeting	548	1590	1526	1965	1999	1670	1737	1719	1216	2405	2228	1398	2435	880	1307	1587	1225	1272	1038	1146	1185	1376	1689	1674
Kcna3_-_107036228.23-P1P2	Kcna3	551	1685	1443	2072	2175	1983	2090	1755	1421	2249	2309	2009	1888	1342	1563	1628	1478	1309	1200	1547	1376	1424	1790	1728
Pik3cd_-_149698542.23-P1P2	Pik3cd	254	794	657	838	867	914	805	815	758	813	1031	941	1088	817	613	870	583	488	496	565	616	702	800	723
Tbcd_-_121452020.23-P1P2	Tbcd	694	1251	1416	1909	1676	1588	1356	1606	1273	2175	1042	1648	1451	1989	1104	1193	1010	1026	837	1173	1078	866	1333	1256
Spg21_-_65460983.23-P1P2	Spg21	542	1167	1228	1910	1559	1502	1349	1558	1225	1501	1264	1786	1936	592	1096	1322	1022	993	943	1025	953	693	1161	1001
Tgm6_+_130123308.23-P1P2	Tgm6	656	1693	1142	2284	2099	2010	1745	1786	1425	1817	1432	1735	2227	3132	1397	1689	1404	1406	1299	1322	1416	1465	1724	1931
Ewsr1_-_5098832.23-P1P2	Ewsr1	305	1299	901	1399	1189	1182	1041	1365	1075	1397	1187	1492	1781	841	1010	1048	854	796	846	827	1041	828	1140	1258
Cast_-_74807948.23-P1P2	Cast	451	1023	984	1708	1657	1441	1250	1209	1077	1232	1371	1830	1764	1165	1044	1179	869	913	803	902	901	1018	1383	1179
Dkk2_-_132085365.23-P1P2	Dkk2	569	1063	1101	1405	1374	1524	1266	1147	1016	1602	1792	1272	1929	1365	923	1205	1097	1033	930	948	1002	1002	1151	1469
Gan_-_117158246.23-P1P2	Gan	511	1341	1114	1810	1344	1764	1361	1414	1245	1744	1567	1832	1459	572	1109	1337	1042	1078	952	1263	1171	1018	1376	1348
Dvl1_-_155847436.23-P1P2	Dvl1	427	1268	961	1513	1415	1530	1405	1347	1068	1192	1221	1145	1511	1108	1060	1206	1150	925	896	997	960	1120	1259	1421
Hspb2_-_50752261.23-P1P2	Hspb2	275	707	788	1394	912	1142	1086	1104	793	1317	1548	1300	1327	1057	871	1002	829	684	718	835	842	715	1117	1271
Ndufs6_+_73328442.23-P1P2	Ndufs6	553	1104	1032	1795	1390	1615	1153	1222	990	1510	1674	1262	2293	560	959	1169	903	913	810	1018	1108	948	1181	1319
Hspa8_-_40801353.23-P1	Hspa8_P1	334	669	629	1077	1165	846	692	788	424	1023	668	818	1314	231	647	559	329	486	347	481	434	325	551	610
Nox4_-_87246820.23-P1P2	Nox4	435	978	966	1368	1608	1388	1199	1279	1032	2199	1123	1198	1580	384	851	1007	830	761	778	813	856	866	1326	1186
Serpina3j_-_104314648.23-ENSMUST00000109957.2	Serpina3j	505	1039	967	1694	1595	1692	1204	1533	1115	2522	1472	1768	2516	1707	1139	1179	972	993	960	942	943	971	1443	1464
Taf2_+_55072122.23-P1P2	Taf2	506	834	1082	1256	1442	1282	877	1301	764	1884	1220	1470	1439	608	832	938	767	767	718	760	818	663	770	823
Tnr_-_159737597.23-ENSMUST00000111669.3	Tnr	334	695	829	1230	1226	1123	1021	1027	718	1054	806	979	994	384	836	831	721	778	614	749	694	754	1022	1016
Serpina3c_+_104153475.23-P1P2	Serpina3c	553	1310	1315	1723	1752	1553	1560	1864	1137	1942	1237	1568	1894	2072	1153	1318	925	1102	1048	1253	1299	1146	1586	1492
Aimp1_-_132683800.23-P1P2	Aimp1	246	569	502	970	539	881	685	742	534	1064	599	598	934	537	494	692	491	511	474	494	641	486	657	571
Ndufa11_+_56717787.23-P1P2	Ndufa11	497	1500	1327	2101	1671	1727	1500	1607	1259	1947	1496	1827	2002	1367	1211	1347	1038	1080	1069	1319	1318	617	1066	843
Clk1_-_58423796.23-P1P2	Clk1	711	1806	1533	2461	2268	2097	1779	1749	1234	2480	1886	2356	2021	745	1508	1766	1324	1282	1284	1500	1461	1628	1835	1864
Clcn6_+_148038770.23-P1P2	Clcn6	481	982	892	1479	1362	1527	1172	1347	945	1875	1426	1347	1557	893	956	1044	1031	905	864	978	1089	809	1331	1109
Aldh18a1_+_40588329.23-P1P2	Aldh18a1	251	1260	915	1199	1270	1249	784	956	855	1633	1202	1403	1065	656	908	1014	801	812	731	847	876	833	1181	817
Calm1_-_100199581.23-P1P2	Calm1	290	623	746	1262	1106	1127	1036	1278	707	1558	694	853	1073	1617	898	926	805	735	611	861	731	819	927	1039
Oxr1_+_41789095.23-ENSMUST00000170127.1	Oxr1	543	1117	1027	1736	1876	1412	1373	1163	1034	1222	1608	1038	2041	750	1129	1406	1137	860	992	1046	989	1056	1396	1494
Tank_-_61578580.23-P2	Tank_P2	354	1169	1089	1605	1520	1363	1135	1344	1020	2266	1222	1260	1643	686	1061	1198	1050	884	804	805	955	986	1358	1350
Agrn_-_156186111.23-P2	Agrn_P2	338	1036	968	1430	1363	1254	1192	1145	933	701	1178	1051	2126	2389	1026	1200	907	833	858	839	930	877	1307	1095
Fosb_-_19309789.23-P1P2	Fosb	347	841	888	1339	1441	1263	1121	1170	993	1205	1306	1505	1756	936	889	1190	847	770	764	892	915	902	991	1284
Vapb_-_173737787.23-P1P2	Vapb	366	969	1003	1212	1113	1272	1072	1057	949	1300	1454	949	1403	1150	856	1167	771	786	691	770	868	899	1085	1145
Nhlrc2_-_56548479.23-P1P2	Nhlrc2	240	829	954	1296	1209	1028	849	864	705	1051	771	1209	712	231	684	786	582	561	535	627	717	709	863	866
Gad2_-_22622605.23-P1P2	Gad2	794	1344	1437	1907	1641	1883	1510	1375	1245	1637	1991	1477	2003	1501	1344	1636	1026	1208	1055	1289	1221	1315	1530	1713
Axin2_+_108921058.23-P1P2	Axin2	504	1196	1229	1860	1582	1681	1637	1458	1288	1989	1615	1783	1968	1712	1123	1297	1201	1106	1124	978	1120	1057	1482	1322
Sptlc2_-_87388200.23-P1P2	Sptlc2	773	1811	1733	3006	2579	2351	2191	2226	1589	3148	2424	2720	3517	491	1731	2040	1641	1467	1388	1752	1730	1701	2195	2022
Bace1_+_45838662.23-P1P2	Bace1	688	1337	1302	1954	2161	1986	1548	1644	1465	2206	2240	1971	1632	1191	1343	1613	1342	1415	1178	1351	1487	1491	1841	1902
Ramp2_+_101246422.23-P1P2	Ramp2	276	692	756	1022	877	1116	1070	847	569	732	710	1164	1014	1387	647	827	585	579	617	770	745	714	924	939
Arhgef5_-_43265702.23-P1P2	Arhgef5	416	1025	876	1638	1428	1322	1160	1219	840	1571	1108	1871	1403	1600	876	945	936	781	774	972	859	1011	1268	1107
Eno2_-_124769462.23-P1P2	Eno2	650	1902	1603	2485	2150	2575	2429	1976	1828	3486	2133	2516	2712	2593	1638	2234	1638	1677	1471	1579	1845	1715	2543	2103
Vac14_-_110618675.23-P1P2	Vac14	472	1125	970	1758	1370	1303	1095	1356	1071	1800	1817	1366	1656	951	988	1069	934	746	822	1023	969	877	1194	1036
Atxn1l_+_109737737.23-P1P2	Atxn1l	296	1090	985	1220	1455	1158	1110	1203	617	1272	1563	1180	1137	753	876	1055	822	753	705	795	744	826	861	1051
Stip1_+_7039961.23-P1P2	Stip1	588	1899	1513	2367	2107	1939	1579	1739	1687	1990	2115	2442	2324	2693	1315	1558	1437	1297	1234	1568	1240	1438	1727	1629
Tuba3b_-_145616110.23-P1P2	Tuba3b	268	885	984	1435	1338	1198	1170	1061	885	1522	1094	1290	1396	777	811	1021	892	729	729	820	857	749	1188	1005
Serpina1b_-_103827673.23-P1P2	Serpina1b	284	569	646	946	862	983	699	982	667	687	1024	614	1581	614	643	764	613	528	631	574	593	768	741	963
Fdps_-_89101692.23-P1P2	Fdps	753	1425	1137	2351	1592	1809	1667	1775	1278	1681	1497	1711	2027	767	1234	1552	1194	1083	1043	1264	1220	1263	1620	1376
Tubb1_+_174450702.23-P1P2	Tubb1	266	1088	1165	1280	1273	1281	980	1266	862	2109	981	1524	1588	560	932	1058	921	761	797	806	918	932	1184	1130
Dcaf8_-_172148146.23-P1P2	Dcaf8	344	613	599	1048	870	1051	703	899	702	1291	885	964	1420	1912	627	761	686	550	630	606	608	726	865	865
Psmc4_+_28050014.23-P1P2	Psmc4	322	1152	1094	1425	1325	907	386	424	369	732	453	455	1203	23	352	409	414	235	264	246	301	261	372	464
Pik3r5_+_68432116.23-P1P2	Pik3r5	297	1012	790	1161	887	943	783	853	724	1278	1126	926	1532	986	784	847	662	722	625	645	696	598	891	872
Wnk1_+_120038676.23-P1P2	Wnk1	473	1343	1257	1631	1685	1797	1361	1639	1051	2275	1842	2328	2239	886	1242	1442	1247	1242	918	1122	1285	1245	1515	1404
Rbms3_-_117252457.23-P1P2	Rbms3	359	522	603	827	888	878	766	650	631	1095	734	791	1017	428	552	719	549	690	476	694	650	606	757	612
Fadd_-_144582396.23-P1P2	Fadd	321	786	860	1250	1429	1294	1055	1134	881	1328	1100	1044	1405	310	905	937	814	777	789	845	860	842	1073	1109
Cyp2d34_-_82620573.23-P1P2	Cyp2d34	229	961	775	1193	1219	1018	860	985	907	1142	1146	1047	1296	814	865	832	773	767	675	644	814	749	1067	886
Tardbp_+_148626675.23-P1P2	Tardbp	649	1492	1475	2170	2255	1964	1326	1849	1514	1842	2143	1942	2868	2166	1477	1471	1240	1187	1147	1260	1427	1148	1560	1788
Chrm5_-_112480773.23-ENSMUST00000099589.2	Chrm5	511	1097	1113	1547	1607	1689	1482	1458	1159	2294	2014	1728	1814	1522	1211	1173	1118	884	914	1131	1155	1222	1439	1392
Ndufa10_+_92473744.23-P1P2	Ndufa10	752	1896	1733	2608	2461	2492	1873	1866	1483	3175	2706	2544	2303	2035	1734	1822	1606	1498	1420	1760	1721	1393	1940	1713
Dpp6_-_27049445.23-P2	Dpp6_P2	416	1052	1140	1746	1333	1328	1247	1427	976	1963	1462	1430	1909	1211	1007	1170	1067	848	922	1024	1026	1145	1415	1125
Cd44_-_102901422.23-P1P2	Cd44	325	516	813	1037	819	881	794	735	571	812	818	576	810	426	536	631	642	388	482	493	586	707	723	750
Opa1_-_29579409.23-P1P2	Opa1	681	1750	1769	2550	1961	2132	1809	1778	1654	2546	1935	2215	2318	2254	1518	1838	1474	1447	1308	1347	1492	1557	1970	1897
Vps41_-_18717321.23-P1P2	Vps41	433	735	652	1110	869	1097	1012	826	629	1411	850	828	1149	576	752	756	816	737	583	746	709	550	696	831
Agpat3_-_78352286.23-P1P2	Agpat3	345	879	848	1433	1116	1131	840	1073	855	901	1287	1243	960	748	783	905	738	739	728	833	884	574	1100	1021
Pde8b_+_95223039.23-P2	Pde8b_P2	481	1428	1307	1972	1567	2000	1424	1480	1134	2117	1864	2131	1805	1278	1259	1289	1030	1277	986	1109	1197	1308	1683	1653
Wnt8a_+_34542417.23-ENSMUST00000012426.2	Wnt8a	465	1359	1138	2206	2011	1805	1563	1658	1359	2677	1708	2017	2028	1770	1226	1300	1316	1142	1127	1241	1226	1319	1686	1649
Dnajb2_-_75236713.23-P1P2	Dnajb2	553	1268	1021	1890	2123	1550	1528	1560	1168	1687	1499	1726	1752	91	1170	1379	1034	1078	1020	1201	1088	1043	1191	1305
Polg_+_79466143.23-P1P2	Polg	488	1311	1026	1637	1544	1601	1624	1227	1170	2043	1684	1498	1895	387	1183	1191	1084	1077	911	1071	1141	1103	1262	1389
Epg5_-_77938490.23-P1P2	Epg5	378	1032	787	1100	1108	1186	954	1280	868	1227	1329	1330	1284	934	822	1141	855	669	748	921	736	994	1204	1109
Egr2_-_67537904.23-P1	Egr2_P1	402	1377	1181	1597	1891	1622	1487	1517	1283	2097	1262	1491	2210	1029	1186	1535	1124	1042	983	1064	1180	1226	1315	1571
Dlst_+_85110903.23-P1P2	Dlst	389	701	864	1219	938	821	716	632	619	449	1199	787	927	30	569	599	558	549	448	488	648	462	566	487
Zfyve26_+_79296250.23-P1P2	Zfyve26	452	1028	819	1367	1344	1209	862	1273	877	862	1262	1499	1066	814	776	907	785	736	684	797	853	883	967	986
Crp_+_172698062.23-P1P2	Crp	562	1155	1026	1740	1461	1457	1169	1403	928	2063	1596	2072	1456	658	960	1214	1028	903	880	922	959	1122	1303	1287
App_+_85173639.23-P1P2	App	343	601	454	884	916	943	851	812	560	1040	1081	1307	863	184	653	742	645	618	492	641	671	631	788	865
Ccl2_-_82035599.23-P1P2	Ccl2	438	1077	1018	1625	1508	1531	1088	1281	987	1314	1394	1269	911	1183	1121	1258	1079	860	843	1068	907	892	1154	1328
Rmdn2_+_79615289.23-P1P2	Rmdn2	450	840	1043	1383	1206	1419	1256	1014	953	1492	1245	1624	1181	937	928	1193	895	910	852	863	904	1051	1198	1054
Rmdn3_+_119156899.23-P1P2	Rmdn3	393	1069	1085	1518	1476	1677	1439	1255	1141	2594	1205	1292	2678	973	1117	1308	1000	1074	1000	1113	1095	1110	1288	1260
Sdhc_+_171150557.23-P1P2	Sdhc	469	1434	1282	2049	1824	1736	1479	1668	1133	2057	1917	1687	1383	1357	1274	1433	1204	1112	1034	1107	1140	1171	1439	1459
Gstm6_-_107943674.23-P1P2	Gstm6	505	1237	1520	1932	1704	1708	1328	1457	1320	1781	1206	1317	2372	1619	1276	1518	1168	1142	1023	1037	1200	1178	1603	1548
Dctn1_+_83165982.23-P1P2	Dctn1	323	1011	810	1069	1083	1253	1065	1048	1056	1604	875	1061	1553	1637	930	1099	845	723	750	881	748	920	1259	1125
Lsm2_+_34981904.23-P1P2	Lsm2	243	622	650	930	826	943	595	735	572	1264	871	974	1240	647	570	681	584	540	437	684	606	530	620	686
Jun_+_95052177.23-P1P2	Jun	515	870	909	1357	1111	1274	1298	1179	987	1508	1515	1032	1812	1283	874	1182	867	805	734	767	820	876	957	986
Dvl2_-_70000835.23-P1P2	Dvl2	388	973	1023	1262	1240	1205	1163	1164	838	1182	888	1161	1292	1845	864	1030	763	736	705	954	884	762	1065	1089
Tuba1c_+_99030298.23-P1P2	Tuba1c	624	1632	1548	2367	2429	2199	1697	1863	1697	2623	1942	2281	1719	1345	1558	1647	1440	1341	1237	1455	1583	1441	1910	1556
Brca2_+_150522655.23-P1P2	Brca2	500	1484	1567	1863	1718	1985	1546	1626	1457	2022	1868	1664	2039	1572	1255	1462	1352	1289	1159	1242	1319	1420	1822	1872
Pnp_-_50944545.23-P1P2	Pnp	219	491	748	776	548	726	785	469	522	675	488	676	947	745	448	583	532	475	408	432	481	466	450	569
P2ry2_+_101011986.23-P1P2	P2ry2	341	1339	1271	1684	1600	1752	1410	1704	1177	1308	2175	2067	1605	246	1201	1293	1152	1044	1019	1144	1179	1197	1477	1715
Klc4_+_46645063.23-P1P2	Klc4	309	550	655	793	924	1008	1075	948	761	1704	992	931	1521	1294	706	833	652	517	638	567	631	719	880	917
Psen2_-_180256189.23-P1	Psen2_P1	500	1272	1218	1650	1439	1488	1288	1326	1106	1894	1252	1648	1573	1800	1181	1328	1021	1057	956	1185	1091	1125	1404	1487
Ly6e_+_74955628.23-P1P2	Ly6e	508	915	729	1217	889	1119	1249	974	925	1561	995	1224	1329	691	754	977	770	675	669	754	728	853	1104	1165
Egr1_+_34861242.23-P1P2	Egr1	552	1313	1147	1421	1507	1659	1420	1263	1130	1681	1819	994	1324	2655	951	1292	1035	855	960	1030	1059	1101	1414	1471
Padi4_+_140774152.23-P1	Padi4_P1	316	1147	1008	1709	1767	1654	1444	1294	1087	2182	1250	1222	1956	452	1095	1288	988	952	861	1076	1121	1072	1235	1461
Pawr_+_108332154.23-P1P2	Pawr	557	1342	1370	2043	1776	1657	1374	1474	930	1840	1992	1468	1810	1303	1157	1429	1146	894	1019	1168	1170	1156	1409	1479
Polg_-_79466126.23-P1P2	Polg	517	1000	1052	1712	1302	1256	1154	1273	918	1288	1251	1714	1810	954	926	1003	976	772	821	928	879	725	1094	912
Rmdn1_-_19575376.23-P1P2	Rmdn1	180	497	579	1101	627	719	663	731	495	895	1168	655	968	865	482	455	519	499	461	425	553	489	609	655
Ppp3cb_-_20546536.23-P1P2	Ppp3cb	593	1437	1510	2560	2258	1872	1561	1549	1329	2477	1874	1918	2477	1104	1386	1470	1169	1128	1247	1208	1455	1360	1705	1898
Lamc2_+_153186350.23-P1P2	Lamc2	241	707	584	989	683	931	648	825	694	758	1107	1080	1356	856	630	729	562	502	437	649	611	580	908	733
Capn2_-_182517402.23-P1P2	Capn2	373	956	960	1434	1734	1368	1050	1391	979	1946	1117	731	1299	1515	993	1286	936	834	876	944	975	1121	1218	1111
non-targeting_02937	non-targeting	566	1387	1092	1738	2092	1785	1605	1460	1041	1713	1353	1833	1637	56	1382	1414	1149	1217	1083	1256	1169	1268	1606	1524
Shh_-_28467016.23-P1P2	Shh	386	911	870	1015	1294	1108	927	891	683	1295	1366	932	1222	755	825	852	749	752	704	786	754	648	1048	899
Cd44_-_102901399.23-P1P2	Cd44	183	454	621	582	568	636	486	604	436	525	339	566	539	523	419	505	510	393	365	367	366	385	526	625
Ntf5_-_45413758.23-P1P2	Ntf5	409	906	974	1498	1505	1289	1011	1131	899	1202	1320	1503	1531	914	934	972	831	820	870	926	923	956	1294	1246
Mpg_-_32226571.23-P1P2	Mpg	469	956	1069	1395	1382	1390	1216	1083	890	2045	1765	1462	1703	386	1025	1069	905	932	861	975	837	1165	1301	1324
Nes_+_87971178.23-P1P2	Nes	628	1167	1347	1998	1609	1646	1400	1302	1230	1658	1530	1987	2014	158	1259	1521	1205	1136	1129	1194	1030	1112	1683	1580
H2-M9_+_36642601.23-P1P2	H2-M9	555	1289	949	1560	1626	1621	1327	1517	1088	1302	1737	1444	1936	331	1102	1200	1039	886	862	909	1149	907	1446	1234
Dctn4_+_60526225.23-P1P2	Dctn4	641	1962	1447	2384	2092	2031	1606	1708	1384	1923	2055	2677	2661	1217	1461	1658	1394	1244	1265	1361	1479	1586	1959	1787
Capn1_-_6015532.23-P1P2	Capn1	647	1536	1748	2183	2407	2321	2021	1998	1706	2688	1976	2399	3030	2313	1465	1891	1361	1546	1307	1403	1424	1618	1969	1899
Kcnh8_-_52602781.23-P1P2	Kcnh8	214	1183	764	1395	876	1214	1074	1030	776	1746	1297	1045	1410	1619	878	966	728	771	693	926	848	805	1020	1130
Tmem119_+_113800348.23-P1P2	Tmem119	674	1589	1341	1933	1893	1945	1742	1934	1168	2484	2018	1448	1672	1619	1383	1525	1313	1207	1106	1280	1353	1310	1539	1709
Sgk1_+_21994695.23-P1P2	Sgk1	508	1008	1147	1637	1863	1584	1237	1096	938	1445	1218	1177	1403	562	962	1149	1013	950	726	960	1047	1107	1235	1297
Ostm1_-_42678952.23-P1P2	Ostm1	511	1570	1345	2303	1921	1724	1311	1294	994	1274	1634	1290	1810	382	835	849	620	547	547	679	846	459	628	545
Acsbg1_+_54661686.23-P1P2	Acsbg1	376	654	604	995	880	929	634	858	719	1587	832	1087	1204	1360	729	718	602	526	537	576	640	642	774	782
Sqstm1_+_50202952.23-P2	Sqstm1_P2	347	1114	1399	1366	1632	1547	1098	1524	1003	1218	1744	1827	2185	837	1016	1022	854	958	791	927	936	1027	1284	1185
Kcnh4_+_100759736.23-P1P2	Kcnh4	543	1375	1221	1965	1751	1926	1769	1628	1136	2227	2178	2533	2631	764	1065	1531	1183	1154	1071	1247	1200	1289	1819	1500
"Kcnma1_+_23803243.23-ENSMUST00000172099.2,ENSMUST00000074983.6"	Kcnma1	184	641	802	933	920	871	537	856	676	1369	1339	877	984	108	614	633	580	494	538	572	651	487	687	674
Pink1_-_138326265.23-P1P2	Pink1	354	1132	941	1749	1562	1602	1263	1470	1252	1674	1572	1497	2254	1151	856	1243	929	1027	862	953	1142	1060	1256	1426
Sema6b_+_56140344.23-P1	Sema6b_P1	415	747	583	975	910	909	619	870	567	971	1213	737	881	915	605	792	575	521	495	574	625	499	751	892
Cisd2_-_135423417.23-P1P2	Cisd2	555	1229	1172	1828	1795	1671	1267	1391	1058	1528	1843	2044	1644	1040	1261	1219	1135	964	953	1133	1052	1054	1368	1518
Vcp_-_43000462.23-P1P2	Vcp	668	1820	1373	2345	1724	2036	1443	1896	1437	2009	1904	2273	1803	991	1247	1427	1243	1104	1223	1181	1508	1252	1753	1652
Dnajb1_+_83608277.23-P1P2	Dnajb1	495	1305	1020	1824	1363	1486	1249	1186	1048	2406	1541	1542	2264	544	1177	1298	1137	992	913	1004	949	1134	1353	1316
Psma3_+_70974882.23-P1P2	Psma3	311	839	972	1680	1492	1154	995	1045	989	1582	1333	1740	1617	1598	966	895	897	858	852	827	753	891	1279	1159
Comt_+_18426288.23-P1P2	Comt	555	1157	987	1937	1784	1832	1414	1640	1045	2113	1598	1191	1919	748	1074	1251	1092	1323	1027	1117	1303	1190	1307	1389
Tnfrsf21_-_43016618.23-P1P2	Tnfrsf21	352	882	904	1363	1351	1219	1234	1210	1000	1463	1153	1031	1649	1092	1097	1054	786	736	763	874	1097	913	1111	1142
Kif1a_+_93101804.23-P1P2	Kif1a	835	1540	1676	2318	2085	2246	2071	1977	1588	3199	1599	2334	2476	1282	1523	1808	1386	1122	1158	1446	1378	1405	1868	1854
Aplp1_+_30445482.23-P1P2	Aplp1	386	1137	1098	1966	1767	1361	1421	1342	1171	2460	1680	1487	1897	1508	1080	1422	1097	1000	828	1115	1072	916	1280	1247
Dpysl2_+_66868642.23-P1P2	Dpysl2	370	1197	1027	1343	1324	1462	1037	1199	967	2032	1149	1363	1460	1273	977	1121	877	888	834	858	891	1004	1291	1188
Nr4a2_-_57114907.23-P1	Nr4a2_P1	397	832	861	1127	949	1127	865	821	683	1443	1104	1121	1398	297	761	836	654	633	663	740	732	740	1035	1009
Sdha_+_74350194.23-P1P2	Sdha	612	1154	958	1327	1108	1363	926	1014	871	1305	979	1532	857	2212	1072	1089	805	747	715	873	876	514	690	569
non-targeting_03693	non-targeting	721	2296	2012	3092	2682	2799	2540	2365	1837	2809	2971	2894	2602	941	1941	2255	1739	1588	1586	1666	1826	1850	2374	2487
Stub1_+_25832888.23-P1P2	Stub1	503	1199	1199	1746	1373	1419	1143	1242	1127	999	1259	1525	1699	1864	1029	1168	886	831	915	1196	970	1118	1339	1313
Fas_-_34290722.23-P1P2	Fas	377	801	979	1336	1400	1294	1014	1084	848	1619	1149	1071	1483	345	920	924	772	785	751	826	876	832	1156	1293
Ddah1_-_145758736.23-P1P2	Ddah1	488	982	1030	1770	1546	1560	1379	1380	1106	2103	1289	1697	1485	756	942	1270	1010	912	830	939	1052	896	1327	1463
Tmx2_-_84678447.23-P1P2	Tmx2	470	1474	1102	2016	1867	1633	1688	1567	1097	1314	1627	1491	1778	400	1145	1385	1044	1129	992	1063	1118	942	1400	1316
Slc33a1_+_63964529.23-P1P2	Slc33a1	452	929	940	1178	1578	1291	929	1105	831	1643	976	1450	1221	245	869	1164	842	876	715	855	895	959	1131	1345
Ap4b1_-_103809644.23-P1P2	Ap4b1	530	1328	1053	1562	1512	1515	1333	1307	1024	1151	1145	1522	1580	655	1152	1222	1033	970	739	1009	1054	1065	1167	1352
Stmn1_+_134468379.23-P1	Stmn1_P1	221	715	600	933	847	943	524	777	778	910	800	1130	941	167	679	670	596	534	544	521	726	510	692	811
Taf1_+_101532873.23-P1P2	Taf1	212	968	713	1089	1000	1053	624	630	611	693	794	1087	889	733	584	598	612	427	496	491	612	487	724	668
Fgf14_-_124192993.23-ENSMUST00000026631.5	Fgf14	604	1388	1416	2264	1388	1631	1345	1518	1065	2310	1200	1568	1803	1282	1206	1519	1195	1208	1150	1125	1291	1086	1798	1548
Sort1_-_108284121.23-P1P2	Sort1	696	1553	1701	2422	1950	2028	1971	1889	1616	3164	2310	1807	2902	2435	1594	1824	1510	1498	1312	1415	1470	1606	2017	2111
Entpd1_+_40660068.23-P1P2	Entpd1	264	783	493	1015	896	840	773	739	670	1641	1046	938	1360	986	696	715	644	558	516	566	714	666	757	793
Wars2_+_99141297.23-P1P2	Wars2	735	1173	1356	1666	1650	1692	1765	1749	1180	2186	1271	1867	2326	1327	1134	1297	1184	999	987	1120	1267	720	726	708
Chat_+_32460870.23-P1	Chat_P1	378	885	939	1479	1486	1365	828	1266	1071	1649	973	1380	1822	1151	945	1222	968	821	852	894	1005	963	1114	1173
Gsk3b_+_38089539.23-P1P2	Gsk3b	325	612	687	979	1058	927	808	695	617	1084	890	869	882	850	598	673	715	610	544	564	734	723	857	867
Decr1_-_15945306.23-P1P2	Decr1	580	1357	1267	1953	1493	1921	1430	1506	1096	2286	1316	1883	2508	1947	1159	1451	1208	1142	1082	1123	977	1297	1441	1668
Trem2_-_48346829.23-P1P2	Trem2	400	1275	946	1779	1389	1610	1250	1605	1094	1428	1694	1765	2364	1421	1110	1374	991	951	913	1140	1145	970	1301	1551
Timp3_+_86300632.23-P1P2	Timp3	646	1816	1545	2292	1995	2038	1778	1916	1381	2900	2168	2229	2456	1526	1488	1734	1581	1295	1311	1571	1587	1488	2123	2033
Zfp74_+_29954023.23-P1P2	Zfp74	456	996	1014	1634	1333	1253	925	917	845	1600	1551	1726	739	554	766	1082	773	912	758	749	867	1040	1122	1062
1600014C10Rik_+_38183929.23-P1P2	1600014C10Rik	172	564	575	1073	852	837	918	1029	670	1093	810	870	1307	252	742	763	584	515	567	619	739	554	899	672
Mtmr2_+_13749261.23-P1P2	Mtmr2	532	1024	829	1342	1877	1364	1166	1273	922	1390	1198	1512	1453	460	992	1204	897	913	858	1042	959	803	1195	1235
Xrcc1_+_24547328.23-P1P2	Xrcc1	271	1136	1003	1453	1135	1240	1165	980	1030	1254	1500	1487	1849	438	975	1153	897	891	933	843	918	984	1140	1229
Tubb5_-_35838232.23-P1P2	Tubb5	843	1541	1329	2029	1989	1940	1788	1771	1405	2107	1884	1394	1804	838	1407	1712	1491	1278	1206	1369	1278	1559	1908	1843
Mars2_+_55237298.23-P1P2	Mars2	402	1160	1080	1707	1619	1374	1258	1133	932	1593	1184	1317	1230	1125	812	912	744	787	733	817	790	312	625	497
Aqp4_+_15403598.23-P1P2	Aqp4	384	961	1031	1384	1254	1321	1222	1157	1070	1069	1154	1055	1513	925	834	1045	817	792	811	932	835	904	1047	1293
Aldh18a1_+_40588364.23-P1P2	Aldh18a1	323	937	611	1307	1087	1250	1046	972	805	1247	1017	1171	1348	1178	816	889	877	756	650	880	865	735	956	1018
Pld3_+_27542737.23-P1	Pld3_P1	422	1201	1171	1602	1480	1497	1208	1378	943	1544	1824	1844	969	1060	1029	1240	984	1063	948	995	1038	1036	1162	1435
Mapk1_+_16983401.23-P1P2	Mapk1	250	647	715	1153	906	1205	891	1026	784	937	1132	1535	1287	784	764	869	672	554	651	705	821	831	955	953
Ager_+_34598064.23-P1P2	Ager	532	1414	1494	2452	2023	1898	1779	1860	1395	2295	1845	1541	1915	1283	1326	1448	1253	1143	1100	1388	1411	1265	1790	1762
Dctn2_+_127266384.23-P1P2	Dctn2	363	593	601	1172	873	905	692	769	651	1066	1225	645	880	50	594	743	455	573	524	561	603	485	757	556
Plcb1_-_134786242.23-P1P2	Plcb1	199	568	509	1137	885	771	769	773	529	1566	720	933	525	442	663	784	517	638	505	534	614	532	640	807
Clcn6_+_148038773.23-P1P2	Clcn6	264	529	538	973	974	791	632	632	624	860	735	544	1421	529	618	623	560	529	371	574	501	542	765	655
Mtdh_+_34082719.23-P1P2	Mtdh	388	1131	1299	1684	2040	1814	1233	1658	1187	2104	1557	2149	1738	1500	1207	1273	964	1128	966	1102	1231	1077	1503	1409
Gnb4_-_32616523.23-P1P2	Gnb4	408	1352	1135	1525	1571	1633	1173	1159	1283	1660	1576	1723	1521	313	1114	1447	1063	933	996	991	1231	1148	1302	1280
Hpx_+_105600071.23-P1P2	Hpx	434	1259	1120	1704	1776	1615	1432	1401	1230	2322	1259	1527	1937	1908	1114	1451	1037	965	1042	1030	1243	1134	1541	1246
Cyp2d9_-_82452861.23-P1P2	Cyp2d9	712	1887	1579	2543	2003	2322	2106	2140	1569	2767	1803	2177	2542	2102	1328	1814	1368	1330	1285	1483	1609	1495	1937	1926
Ctsb_+_63122695.23-P1P2	Ctsb	498	1094	1047	1572	1414	1331	1349	1337	1009	1117	1130	1428	1724	1241	937	1156	858	881	828	927	998	1000	1132	1218
Psmc1_-_100110193.23-P1P2	Psmc1	314	1101	1074	1411	1404	1460	1133	1311	1075	1631	1593	1686	1341	1466	813	1040	960	816	871	840	936	842	1214	1360
Syne1_+_5550563.23-ENSMUST00000041639.5	Syne1	425	1130	972	1454	1810	1453	1128	1365	1192	1740	1549	1410	1289	1006	1029	1145	1000	974	943	927	1082	1198	1410	1341
Bag6_+_35135253.23-P1P2	Bag6	397	1012	845	1420	1113	1272	1338	1116	878	1769	1253	1721	1785	1501	897	1014	925	822	757	775	897	891	1071	1082
Fzd4_-_89404404.23-P1P2	Fzd4	357	1296	1027	1634	1471	1404	1409	1259	1061	1913	1583	1306	1421	1572	1041	1241	1084	1035	890	1076	1109	1093	1269	1501
Supt3_+_44777321.23-P1P2	Supt3	402	913	855	1266	1439	1283	1058	1113	936	1229	2004	1051	1792	476	877	1075	837	803	794	900	924	998	1086	1042
Sugp1_+_70043107.23-P1P2	Sugp1	590	1499	1339	1843	1896	1591	1410	1461	1271	1926	1698	1512	1961	714	1185	1455	1211	1207	1109	1216	1321	1328	1624	1531
Il17a_-_20730972.23-P1P2	Il17a	558	1390	1237	1911	1925	1909	1450	1785	1246	2842	1819	1546	2642	1114	1490	1632	1303	1353	1208	1508	1247	1445	1772	1731
Trem2_-_48346611.23-P1P2	Trem2	496	1320	1253	1862	1882	1664	1637	1890	1360	1929	1585	1715	1990	845	1345	1376	1286	1101	1021	1231	1237	1221	1845	1666
Ndufs2_+_171247081.23-P1	Ndufs2_P1	468	1168	1174	1936	1677	1597	1215	1331	1123	1394	1400	1420	2417	1738	913	1063	904	667	821	836	910	447	854	901
Trim2_-_84259725.23-P2	Trim2_P2	601	1348	1088	1687	1422	1516	1247	1339	1055	1054	1471	1510	1870	1273	1006	1327	907	769	747	976	999	878	1148	1422
non-targeting_02828	non-targeting	225	631	664	1117	985	778	856	821	597	658	751	643	995	744	511	802	560	467	472	548	672	756	839	707
Ttpa_-_20008470.23-P1P2	Ttpa	376	1469	1654	1721	1999	1853	1281	1425	1412	1549	1554	1544	3053	724	1242	1659	1102	1164	1055	1253	1332	1318	1840	1797
Tnfrsf1b_-_145246790.23-P1P2	Tnfrsf1b	530	1348	1221	1649	1618	1402	1194	1445	999	1753	1795	1348	1373	411	910	1198	1028	849	885	1010	1022	1054	1446	1443
Gba_+_89202920.23-P1P2	Gba	319	823	835	1200	1022	1028	817	842	707	1398	1060	1184	1431	25	820	820	766	600	522	631	709	704	775	947
Crebbp_+_4213706.23-P1P2	Crebbp	535	1290	1142	1918	1492	1764	1569	1434	1361	2282	1148	1847	2320	884	1235	1590	1216	1185	973	1176	1268	1249	1430	1481
Slc1a3_-_8710195.23-P1P2	Slc1a3	156	774	787	1093	908	1024	666	821	666	741	689	940	1154	1006	618	815	610	580	528	570	599	668	853	793
Slc25a38_-_120110619.23-P1	Slc25a38_P1	550	1552	1491	2052	1762	1948	1713	1697	1431	2171	2030	1586	1946	1348	1383	1572	1267	1113	1047	1407	1018	1406	1828	1555
Folr1_-_101870560.23-P1	Folr1_P1	362	1175	1034	1331	1113	1609	1143	1459	1010	1173	1364	1004	2054	55	996	1398	931	918	869	896	1068	1071	1136	1370
Adcyap1_+_93199175.23-P1P2	Adcyap1	252	1079	850	1646	1394	1291	1340	1167	997	1898	1409	1543	2064	1243	994	1197	983	913	852	1067	980	923	1156	1326
Cyp2u1_+_131303129.23-P1P2	Cyp2u1	362	921	650	1149	1053	1207	1130	1119	842	1218	936	1103	1342	1361	926	846	810	617	684	783	796	770	1047	1199
Il6_-_30013425.23-P1P2	Il6	325	786	721	1055	904	1072	639	1003	606	1081	1006	747	1176	29	721	805	630	610	588	645	658	815	817	914
Folr1_+_101863901.23-P2	Folr1_P2	425	1373	1195	1953	2167	2077	1627	1511	1355	2375	1766	1552	1828	2141	1568	1666	1315	1374	1245	1310	1404	1340	1777	1837
Ppp3r1_+_17159384.23-P1P2	Ppp3r1	369	852	825	1337	1347	1304	1205	1230	1043	1448	1168	1325	1254	1083	828	936	881	769	711	722	815	794	996	1062
Dpp6_-_27261954.23-P1	Dpp6_P1	465	1387	1390	2394	2037	1941	2040	1904	1339	1845	1804	2406	2031	1002	1351	1489	1282	1341	1254	1384	1527	1384	1806	1751
Phpt1_+_25574634.23-P1P2	Phpt1	414	1205	1379	1948	1481	1692	1423	1621	1512	2854	1416	2219	1453	1580	1310	1513	1194	1265	1235	1208	1360	1239	1663	1665
Stx1a_-_135041244.23-P2	Stx1a_P2	278	694	770	1230	926	1269	849	1248	941	995	1396	1164	1041	1153	781	863	731	742	584	771	793	752	1105	1078
Cln5_+_103070323.23-P1P2	Cln5	273	1105	984	1236	1313	1349	1138	1071	874	1462	1509	1353	1855	1255	806	1051	694	717	782	792	796	850	1087	1139
Gba2_+_43578807.23-P1P2	Gba2	447	1077	1155	1786	1473	1566	1223	1495	1073	2032	1510	1369	1834	748	1049	1208	1002	933	922	1062	1066	1130	1347	1213
Rmdn3_-_119156739.23-P1P2	Rmdn3	268	681	973	1067	1302	1158	866	1009	863	1392	1244	1135	1534	411	737	777	731	725	590	626	818	876	769	1184
Dnajb2_+_75236660.23-P1P2	Dnajb2	217	622	509	854	934	901	680	777	636	1336	772	1032	1164	1636	559	707	503	430	497	530	648	652	667	668
Kcna1_+_126645762.23-P1P2	Kcna1	345	1003	956	1184	1173	1285	1207	1169	1051	1245	1223	1699	1631	136	925	1104	879	826	866	895	967	1041	1005	1156
Mnat1_-_73123781.23-P1P2	Mnat1	309	1010	997	1452	1196	1371	1147	1193	777	2057	1221	1183	1263	348	843	936	828	991	810	854	965	790	1139	1124
Slc25a46_-_31609839.23-P1P2	Slc25a46	510	1573	1428	1935	1999	1923	1716	1805	1427	2378	1761	2070	2127	2280	1292	1633	1247	1200	1160	1254	1344	1105	1776	1584
Psmb7_+_38643895.23-P1P2	Psmb7	254	952	703	1178	1024	1191	1087	1104	766	1649	1061	1023	814	109	648	1039	750	766	647	757	829	872	1003	1010
Kcne3_-_100176783.23-P2	Kcne3_P2	836	2076	1753	2746	2658	2507	2057	2698	1529	2843	2740	2957	3858	2880	1762	2047	1624	1705	1435	1613	1771	1643	2300	2117
Hmbs_+_44342226.23-P1	Hmbs_P1	166	672	908	1254	1040	1019	922	866	808	1300	907	970	1020	1044	730	893	760	575	582	786	697	762	914	865
Iba57_-_59163713.23-P1P2	Iba57	260	942	768	1185	1137	1109	970	620	772	905	942	1521	1094	574	673	794	682	574	534	622	690	315	580	512
Dkk1_-_30549459.23-P1P2	Dkk1	445	1222	1062	1706	1516	1445	1425	1259	1097	1300	1267	1731	1520	1589	998	1395	996	815	917	922	974	1135	1358	1176
Npc1_-_12236345.23-P1P2	Npc1	488	1257	1013	1705	1773	1431	1416	1309	1056	1933	1617	1497	1930	1571	1053	1161	1005	880	901	1002	979	531	886	755
Serpina3i_-_104263171.23-P1P2	Serpina3i	367	747	729	1025	1108	1011	723	1078	555	674	886	789	1572	1053	643	640	635	611	597	514	677	621	865	836
Ntrk2_+_58807874.23-P1P2	Ntrk2	301	802	881	1278	1199	1122	765	905	786	1161	1157	1407	1515	1272	742	745	704	657	657	777	760	853	986	1007
Inpp4a_-_37299920.23-P1P2	Inpp4a	488	1235	1344	1792	2321	1786	1548	1611	1066	1329	823	1728	1596	1220	1067	1244	1079	1004	988	1090	1166	927	1250	1303
Phex_-_157415216.23-P1P2	Phex	239	822	747	1251	997	1054	970	953	591	753	919	1383	1492	578	775	968	677	585	610	675	717	693	1055	1013
Actr1b_-_36709930.23-P1P2	Actr1b	379	1329	1249	1571	1847	1484	1402	1408	1085	2211	1395	1360	2530	1880	1097	1239	1042	977	900	964	1026	1063	1390	1422
Acbd5_-_23069131.23-P1P2	Acbd5	347	877	826	1427	1194	1293	1118	1134	831	1440	1155	1913	1134	245	843	1086	828	885	897	949	844	748	1011	987
Slc6a4_+_76998801.23-P2	Slc6a4_P2	527	1220	1182	1720	1472	1708	1410	1639	1109	1990	1593	1487	2786	1283	1211	1358	1038	1190	964	1179	1220	1226	1526	1605
Thy1_-_44043452.23-P1P2	Thy1	375	802	953	1444	1171	1214	939	1034	1070	1085	1515	1213	1318	990	998	1055	810	767	755	738	784	845	1066	1119
non-targeting_03856	non-targeting	433	1288	1331	1999	1610	1959	1600	1787	1414	961	1020	1930	2546	1747	1345	1440	1327	1211	1097	1208	1391	1384	1735	1684
Pvalb_-_78206175.23-P1	Pvalb_P1	576	1370	1127	1719	1634	1745	1399	1483	1559	2820	2031	1589	2333	1923	1125	1370	1115	1132	1029	1170	1338	1170	1390	1561
Spg11_-_122118298.23-P1P2	Spg11	268	787	727	908	1125	1063	938	996	955	1285	1571	1340	1078	367	630	863	672	699	664	639	681	603	785	805
Synm_+_67759723.23-P1P2	Synm	580	1569	1206	2117	1889	1783	1592	1597	1167	2313	1642	1989	2200	1377	1396	1743	1294	1390	1288	1394	1335	1461	1913	1874
Pak1_+_97842956.23-P1P2	Pak1	386	1156	1077	1931	1739	1734	1394	1454	1114	2341	1677	1903	2091	779	1115	1360	1036	1093	972	1175	1220	1352	1399	1440
Sbf2_+_110614887.23-P1P2	Sbf2	489	1323	1191	1974	2162	1744	1503	1654	1336	1875	1943	1411	2430	1071	1253	1647	1114	1288	1176	1341	1274	1328	1731	1728
Dock2_+_34783769.23-P1P2	Dock2	373	1071	993	1625	1503	1531	1435	1569	1121	2207	1765	1533	2224	1998	1195	1175	932	1031	976	976	1002	1045	1235	1415
Ar_-_98149676.23-P1P2	Ar	484	1337	1335	2163	1940	1721	1273	1512	1261	2227	1407	2109	2152	1358	1257	1368	1340	1158	998	1087	1221	1232	1471	1669
Ambra1_-_91730206.23-P1P2	Ambra1	521	1276	1051	1716	1763	1532	1217	1208	929	1874	1149	1893	1356	1687	1100	1281	921	1047	880	1181	1021	1121	1213	1243
Rgs10_-_128418146.23-P1P2	Rgs10	188	568	716	631	688	665	631	583	437	523	631	779	685	77	538	603	522	434	465	407	514	630	695	638
Klc1_-_111758950.23-P1P2	Klc1	185	618	733	683	995	926	823	628	674	1428	673	916	1166	1236	536	752	598	649	527	572	549	596	748	781
Tomm40_-_19715172.23-P1P2	Tomm40	299	842	586	1337	1192	1134	841	909	749	1186	1361	1271	833	523	585	724	566	550	537	630	693	331	522	473
Homer1_+_93304169.23-P1P2	Homer1	369	1072	887	1644	1058	1232	1052	1296	1012	1122	1136	1362	1201	360	870	1161	871	791	781	861	1010	1005	1164	1188
Il2_-_37125972.23-P1P2	Il2	347	1023	975	1289	1429	1201	1272	1082	767	1598	964	1061	1493	375	881	899	754	812	711	685	898	851	1136	1119
Calb2_+_110168162.23-P1P2	Calb2	521	879	805	985	828	1042	1077	1145	886	1040	1147	1488	1497	765	826	1026	793	630	712	710	865	712	1206	1066
Atrip_+_109074090.23-P1P2	Atrip	433	735	559	1015	1226	859	791	698	543	1285	349	1082	1267	339	611	742	734	601	611	639	671	700	885	759
Wnt8b_+_44493529.23-P1P2	Wnt8b	220	691	733	1006	811	894	820	796	776	1209	733	645	1439	185	664	851	719	629	556	617	680	728	819	814
"Oxr1_+_41447343.23-ENSMUST00000110297.2,ENSMUST00000090096.4"	Oxr1	511	1354	1255	2069	2094	1882	1811	1611	1287	1547	2455	1547	2130	1202	1400	1339	1215	1050	1023	1206	1276	1344	1698	1747
Atp5o_-_91931494.23-P1P2	Atp5o	592	1055	933	1365	1225	1235	873	1100	1059	1024	1291	1118	2033	1016	836	926	771	895	727	1014	951	992	1093	1193
Tmem175_-_108629900.23-P1P2	Tmem175	460	587	768	939	1365	814	875	807	715	1446	833	1057	534	813	635	848	711	605	620	574	790	650	786	873
Tubb6_-_67390935.23-P1P2	Tubb6	735	1651	1325	2112	2120	2094	1632	1808	1471	1838	2318	2178	2062	2018	1627	1736	1471	1425	1315	1560	1439	1678	1761	1678
Cyp2d11_+_82393535.23-ENSMUST00000170255.1	Cyp2d11	240	675	693	923	1011	898	777	1025	603	890	662	806	900	148	528	651	549	591	532	489	624	525	784	745
Pick1_-_79229473.23-P1P2	Pick1	144	610	784	754	693	731	811	488	533	564	562	587	1019	18	589	676	492	475	436	526	480	466	599	567
Zfp74_-_29954028.23-P1P2	Zfp74	356	663	513	823	571	817	691	522	417	1149	631	777	899	223	586	630	380	466	436	506	525	478	607	633
Vamp1_+_125215639.23-P1	Vamp1_P1	512	1268	1074	1478	1468	1540	1328	1465	995	2018	1512	1466	1866	1720	1013	1325	949	822	843	1146	1071	1024	1330	1313
Tgm6_+_130123330.23-P1P2	Tgm6	507	1322	1147	1842	1627	1788	1515	1544	1273	2128	1363	2036	2358	2410	1175	1427	1132	1152	1092	1174	1082	1305	1670	1499
Ppp3r2_-_49681979.23-P1P2	Ppp3r2	517	1118	903	1914	1624	1556	1368	1490	1170	1926	1531	1607	2011	1611	1117	1530	1212	1168	975	994	1126	929	1547	1520
Dvl3_-_20517067.23-P1P2	Dvl3	308	1052	862	1458	1206	1290	1333	1174	924	1301	1046	1142	968	610	912	1112	899	761	736	875	897	973	1115	1023
Zfp46_+_136284733.23-P1	Zfp46_P1	240	361	303	532	350	508	377	617	302	555	482	336	501	8	427	409	338	356	303	308	389	369	392	373
Gdap2_+_100162547.23-P1P2	Gdap2	697	1289	1247	2233	2022	1817	1680	1428	1161	1854	2289	1308	1822	758	1337	1467	1267	1268	1008	1220	1207	1079	1594	1457
Ttbk2_+_120850345.23-P1P2	Ttbk2	555	1256	1318	1595	1751	1632	1451	1345	1042	1554	1391	1873	1884	1726	1091	1167	931	811	830	1093	1032	945	1338	1331
Prickle2_-_92706146.23-P1	Prickle2_P1	581	1653	1613	2385	1859	2111	1912	1693	1516	2849	2105	2138	2831	2131	1406	1597	1242	1350	1154	1320	1392	1612	1846	1884
Nkx6-2_-_139582764.23-P1P2	Nkx6-2	457	1057	1143	1568	1532	1475	1195	1521	987	2349	1774	1205	1629	798	1133	1225	1023	881	927	932	1174	938	1292	1332
Mcoln1_-_3500509.23-P1P2	Mcoln1	657	1055	1181	1892	1858	1748	1165	1391	1296	2053	1592	1726	1916	874	1095	1341	970	988	935	863	1101	1200	1169	1447
Ndufv3_-_31520238.23-P1P2	Ndufv3	349	1089	974	1439	1190	1198	1123	1288	954	1460	1141	1325	1253	1857	864	1074	851	742	720	861	945	1007	1171	1102
Lyst_-_13590461.23-P1P2	Lyst	604	1170	1041	1871	1415	1549	1275	1531	1163	1576	1218	1214	2299	1146	1117	1267	1012	969	954	1017	1089	821	1084	945
Wnt6_+_74771974.23-P1P2	Wnt6	292	652	511	908	988	835	673	636	578	886	1253	1037	1100	605	573	674	563	515	434	589	638	598	631	753
Sds_+_120476593.23-P1P2	Sds	350	937	870	1366	1107	1129	836	1188	1004	1788	953	1523	1134	1225	784	1016	859	801	721	790	800	796	969	1254
Serpina3k_+_104338781.23-P1P2	Serpina3k	376	855	940	1215	914	1214	986	1003	864	1222	1141	1086	1648	936	822	1001	680	801	678	773	716	814	977	1018
Slc25a38_-_120114994.23-P2	Slc25a38_P2	293	1215	820	1189	999	1290	1142	1030	811	2128	1404	1370	1254	451	821	930	838	797	763	788	1033	844	1023	1304
Fgf2_+_37348376.23-ENSMUST00000138563.2	Fgf2	179	397	369	611	488	631	350	615	447	764	686	365	775	563	387	444	385	308	283	362	396	382	593	484
Txn2_+_77928950.23-P1	Txn2_P1	289	997	695	1304	1022	1123	867	1099	718	1338	1120	1330	1201	332	935	830	700	701	675	724	763	586	967	870
Vdac1_-_52361156.23-P1P2	Vdac1	271	1017	708	1356	1085	1183	813	1089	671	1075	905	1519	1298	68	744	841	707	788	648	805	871	796	1074	1070
Slc12a1_-_125152715.23-P1P2	Slc12a1	346	1286	1102	1507	1430	1429	1094	1035	942	1696	1458	1534	1504	917	965	1126	874	948	894	1037	1054	1139	1033	1164
Pitrm1_-_6548217.23-P1P2	Pitrm1	527	1253	1193	1761	1801	1805	1487	1438	1187	2495	1354	1711	2402	949	1319	1448	1302	1225	1056	1345	1443	1301	1538	1407
Cp_-_19957276.23-P1P2	Cp	281	591	734	1089	1231	939	918	843	640	944	1105	771	1256	506	718	760	579	611	649	669	703	594	905	791
Fgfr4_+_55152879.23-P1P2	Fgfr4	343	931	806	1295	1123	1205	941	1239	819	896	1108	1327	1643	837	748	1035	812	678	727	794	819	827	895	1142
2410137M14Rik_+_36981162.23-P1P2	2410137M14Rik	416	895	753	1297	1242	1213	1056	1111	826	1988	1008	1216	1124	699	809	916	845	741	752	820	827	896	1108	1083
Reps1_-_18055613.23-P1P2	Reps1	373	998	1025	1571	1444	1323	1087	1189	1087	2052	959	1220	1526	267	963	1341	972	877	966	1019	970	1000	1281	1365
Pdha1_+_160138306.23-P1P2	Pdha1	954	1769	1515	2765	2843	2174	2130	1794	1586	2816	2239	1927	2873	1028	1496	1649	1313	1407	1365	1275	1508	1157	1846	1680
Ywhae_-_75733173.23-P1P2	Ywhae	125	255	373	541	479	457	369	532	409	522	468	672	366	339	321	350	303	277	294	320	245	282	405	418
Tfpi2_-_3968363.23-P1P2	Tfpi2	802	2126	1807	2612	2641	2903	2222	2729	1998	3652	2248	3049	3394	1834	2150	2344	2021	2015	1628	2040	1864	1864	2592	2691
Pnpt1_+_29130792.23-P1P2	Pnpt1	231	645	732	994	966	1107	853	932	833	1222	1143	1222	1074	583	750	784	676	644	644	631	656	676	829	743
Reep2_-_34840686.23-P1P2	Reep2	495	1201	1386	1739	1755	1449	1617	1504	1106	1675	1670	1350	1111	788	1069	1373	1127	997	963	1146	1013	1067	1281	1558
Tubal3_+_3924702.23-P1P2	Tubal3	412	1208	1101	1842	1671	1534	1416	1508	1195	1595	1463	2006	2255	1813	1223	1256	1106	1134	950	1203	1017	1228	1471	1504
Cdc27_-_104550495.23-P1P2	Cdc27	282	810	407	1015	975	867	678	807	640	803	1013	1090	885	696	695	726	532	581	538	669	658	657	799	829
Wnt2_-_18030383.23-P1P2	Wnt2	283	1004	970	1277	1354	1324	1165	1091	837	1332	1871	1514	1616	1023	879	1071	911	904	691	788	897	1110	1350	1147
2810006K23Rik_+_124328209.23-P1P2	2810006K23Rik	397	1101	993	1370	1140	1439	1321	1311	990	1509	1256	1338	1389	445	938	1142	748	867	919	965	866	844	1389	1106
Plb1_+_32247521.23-P1P2	Plb1	417	1453	1189	1960	1621	1535	1305	1408	1124	1800	1554	1698	1832	1241	1325	1309	1206	1048	941	1048	1134	1184	1740	1530
Ap4s1_+_51691234.23-P1P2	Ap4s1	763	2133	1870	2781	2112	2613	1948	2058	1682	2997	2389	2655	2499	814	1628	2038	1632	1636	1572	1643	1900	1865	2299	2288
Aldh18a1_+_40588361.23-P1P2	Aldh18a1	536	1141	843	1172	1547	1461	1274	1188	1116	2768	1512	1804	1550	801	889	970	1006	883	739	1038	991	882	1301	1297
Ngf_-_102469995.23-P1P2	Ngf	336	926	1089	1375	1286	1180	944	1121	758	1987	1205	1226	1632	1253	889	960	800	652	718	659	818	835	950	1130
Kynu_-_43555429.23-P1P2	Kynu	282	778	662	1070	947	979	1019	741	542	934	807	907	1260	402	774	773	570	603	510	636	664	595	872	814
Rho_-_115931983.23-P1P2	Rho	540	1340	1490	2088	1589	1775	1682	1562	1305	2507	1855	1726	1897	1158	1232	1521	1340	1267	1165	1295	1296	1437	1746	1887
Pik3r4_+_105643002.23-P1P2	Pik3r4	484	937	1258	1574	1054	1196	683	834	568	1315	1025	989	1353	1547	585	639	515	449	411	528	489	373	587	545
Atg12_-_46741503.23-P1P2	Atg12	395	1108	961	1461	1732	1284	1066	1345	1023	1939	1577	1120	1331	1420	993	1046	745	760	847	849	1011	907	1287	1302
Ndufa5_-_24527506.23-P1P2	Ndufa5	474	1286	1039	1447	1721	1662	1261	1489	993	1675	1570	1949	2530	911	1181	1242	1070	935	853	905	1068	985	1238	1359
Acbd5_-_23069144.23-P1P2	Acbd5	312	820	737	1115	939	883	1121	1022	603	761	1133	874	1119	775	655	856	575	540	537	560	556	706	922	738
Pin1rt1_-_104716322.23-ENSMUST00000099659.2	Pin1rt1	481	1762	1413	2450	1870	2111	1734	1839	1533	2030	2473	2319	2500	1934	1493	1877	1339	1309	1158	1343	1424	1366	1766	1617
Tubb2b_-_34130143.23-P1P2	Tubb2b	653	1364	1144	1788	1501	1660	1344	1420	987	2166	1276	1959	2044	1979	1056	1287	986	919	1016	997	1094	1189	1507	1303
Epm2a_+_11343497.23-P1P2	Epm2a	544	1259	1378	1972	1913	1677	1730	1467	1184	1977	2253	1897	2116	1082	1287	1373	1070	1304	1091	1233	1181	1260	1475	1554
Apc2_-_80301072.23-P1	Apc2_P1	269	933	581	1050	936	1014	838	902	734	891	951	1451	1485	33	770	842	683	704	590	752	726	754	788	882
Camk2b_+_6065133.23-P1P2	Camk2b	295	798	888	1198	840	1035	824	827	663	1575	1057	966	1104	917	714	939	662	568	678	778	619	721	987	1026
Klc3_+_19399873.23-P1	Klc3_P1	448	891	826	1169	1389	1185	1033	986	835	1858	1360	1409	1512	354	936	957	733	829	746	919	883	849	988	1076
Oard1_+_48410302.23-P1P2	Oard1	649	1681	1745	2399	1860	2351	1589	1782	1333	1846	2160	1914	1991	839	1443	1606	1372	1327	1213	1452	1608	1435	2009	1912
Slc1a1_-_28835153.23-P1P2	Slc1a1	574	1367	1429	2080	1956	1776	1414	1586	1228	1800	542	2327	2056	1673	1411	1425	1192	1176	1150	1183	1208	1291	1795	1657
Tubal3_-_3924771.23-P1P2	Tubal3	416	1229	1092	1595	1547	1636	1198	1525	1030	2106	1413	1547	1867	906	913	1186	1129	1041	893	999	1002	1124	1244	1422
Slc18a2_-_59260959.23-P1P2	Slc18a2	431	1443	988	2057	1911	2119	1665	1657	1375	1834	1661	2260	1987	1095	1235	1584	1272	1334	1217	1193	1266	1414	1704	1768
Psmc3_-_91054294.23-P1P2	Psmc3	404	925	846	1508	1433	922	600	736	477	988	522	741	1020	48	538	556	478	306	330	453	394	267	539	369
Toe1_-_116807491.23-P1P2	Toe1	650	1455	1305	2020	1529	1873	1350	1523	1300	2262	1482	1410	2534	1186	1215	1179	1071	1046	915	1175	1158	898	1416	1361
Dicer1_+_104751870.23-P1P2	Dicer1	369	713	805	929	1106	1023	996	951	686	975	901	1513	1156	1232	703	713	643	599	535	561	607	430	664	554
Hdac9_-_34528814.23-P1P2	Hdac9	364	1093	1190	1625	1649	1518	1266	1399	1037	1871	1606	1761	2283	307	964	1232	1028	859	863	1057	1022	1017	1187	1572
Atp5o_+_91931387.23-P1P2	Atp5o	550	1569	1605	2091	1900	2183	1731	2139	1478	3124	2138	1965	2281	987	1552	1789	1489	1329	1277	1549	1615	1590	1889	1871
Stx1a_-_135023576.23-P1	Stx1a_P1	470	1420	1146	1703	1920	1584	1392	1662	1378	2568	1359	1763	2148	879	1229	1277	1105	1092	1078	1204	1243	1202	1579	1474
Mapk12_+_89140657.23-P1P2	Mapk12	284	656	620	993	543	877	923	783	598	987	880	850	923	444	605	728	582	584	496	592	637	597	814	751
Arl6ip1_+_118129497.23-P1P2	Arl6ip1	721	1368	1319	2371	1801	2084	1769	1747	1619	1650	2189	2418	2144	1698	1444	1650	1313	1465	1239	1359	1556	1430	1716	1802
H2-M10.5_+_36773381.23-ENSMUST00000041531.6	H2-M10.5	244	678	660	828	1160	978	980	888	855	1223	885	753	1423	900	616	715	630	620	602	692	710	612	818	794
Bcl10_+_145924366.23-P1P2	Bcl10	615	1689	1840	2544	2218	2201	2178	2238	1702	3173	2361	2673	2777	1053	1588	1861	1642	1682	1461	1358	1624	1668	2047	1867
Mapk13_+_28769367.23-P1P2	Mapk13	577	1480	1551	2024	1588	2092	1413	2033	1591	2210	1942	2168	1991	2037	1461	1741	1541	1282	1241	1560	1495	1334	1835	1874
Sv2a_+_96181257.23-P1P2	Sv2a	393	941	807	1322	962	1226	1086	1179	950	1378	1078	1083	1671	1455	803	935	800	696	778	765	865	683	978	1160
Slc17a6_-_51622130.23-P1P2	Slc17a6	693	1642	1584	2611	2382	2139	1920	2043	1957	3088	1818	3005	2492	870	1668	2047	1579	1547	1365	1624	1642	1872	2265	2805
Nos1_-_117841991.23-P1P2	Nos1	321	1191	938	1658	1266	1268	1328	1465	1104	1709	1118	1339	1508	503	1036	1166	874	922	923	1084	895	843	1086	1241
Mthfr_-_148039178.23-P1	Mthfr_P1	392	1025	1005	1543	1289	1620	1112	1266	1081	2202	1475	1922	1592	1086	887	1415	996	837	939	1002	1199	931	1225	1198
Atp2a2_-_122502157.23-P1P2	Atp2a2	373	1188	996	1494	1383	1649	1527	1505	1131	1943	1588	1632	1361	1134	948	1036	824	953	985	943	986	1103	1379	1389
Gabpa_+_84835407.23-P1P2	Gabpa	364	1067	824	1128	1060	1140	959	995	749	1386	1098	1139	1555	408	766	1019	760	735	618	759	728	748	1046	1077
Cox4i1_-_120668321.23-P1P2	Cox4i1	518	1367	1236	2090	1502	1859	1458	1587	1051	1946	1364	1992	2480	691	931	1215	923	902	872	932	1116	505	752	871
Gpx1_+_108339087.23-P1P2	Gpx1	599	1538	1378	2380	2068	1956	1414	1913	1459	2665	2195	2342	2215	3811	1482	1692	1408	1455	1306	1411	1607	1264	1748	2079
Slc44a1_+_53440484.23-P1P2	Slc44a1	557	1172	1067	1522	1372	1530	1246	1483	1017	2111	1422	1541	1068	565	1134	1172	940	990	914	1126	931	1012	1167	1327
Tlr2_+_83841549.23-P1P2	Tlr2	516	1297	956	1703	1330	1397	1364	1457	920	1638	1469	1786	1133	1524	978	1184	1041	939	780	956	965	1036	1292	1385
Psmc6_-_45329837.23-P1P2	Psmc6	458	958	974	1621	1296	1273	1145	1452	837	1330	891	1655	1587	504	928	966	788	786	697	859	807	693	1125	1114
Aicda_-_122553904.23-P1P2	Aicda	311	1091	1444	1534	1372	1393	1097	1187	942	2439	1428	1525	2012	410	1006	1228	909	967	879	1026	1199	1219	1221	1573
Tbcd_-_121452029.23-P1P2	Tbcd	565	1166	1105	1818	1429	1292	1095	1043	686	1005	1374	1315	1315	1082	649	641	525	640	434	497	658	336	792	734
Icam1_+_21015969.23-P1P2	Icam1	475	1169	898	1545	1559	1430	1184	1164	1164	1811	1455	1818	1957	996	1112	1353	1186	963	910	1098	1084	1093	1346	1406
Bean1_+_104170616.23-P1P2	Bean1	253	838	575	1125	1109	1031	879	860	602	992	880	518	1434	503	737	858	636	608	569	655	678	699	781	826
Elavl2_+_91376432.23-P1P2	Elavl2	217	648	595	999	806	1011	707	905	751	841	798	1042	1339	179	615	842	614	611	551	650	716	698	879	885
Jph3_+_121730162.23-P1P2	Jph3	395	854	909	1526	1239	1105	917	1264	701	1403	1455	1294	1992	146	735	981	885	826	778	912	849	797	1192	1064
Sh3tc2_-_61953119.23-P1P2	Sh3tc2	646	1405	1567	2218	1643	2330	2085	1843	1520	2018	2214	2191	2037	1587	1186	1766	1216	1269	1211	1243	1616	1424	1639	1611
Plxna4_+_32588136.23-P1P2	Plxna4	561	1246	1077	1545	1438	1398	1361	1454	1214	1644	1410	1558	1747	655	1032	1212	1018	860	972	1047	1013	1128	1434	1433
Psen2_+_180255966.23-P1	Psen2_P1	689	1463	1362	2123	1847	1862	1732	1454	1217	2147	1331	1918	1354	1674	1239	1539	1270	1232	1195	1248	1397	1244	1709	1820
Tuba4a_+_75219406.23-P1P2	Tuba4a	563	1158	911	1797	1996	1635	1562	1150	1239	1465	1774	1191	1374	710	965	1430	1149	992	865	1216	1131	1135	1213	1333
Ppt2_+_34627349.23-P1P2	Ppt2	694	1221	1036	2216	1938	1758	1680	1418	1274	2190	2167	1816	2586	231	1161	1380	1141	1144	1147	1089	1305	1208	1366	1733
Cxcl10_-_92348840.23-P1P2	Cxcl10	485	1432	1111	1429	1350	1669	1226	1440	951	1487	1524	2062	2261	1101	1085	1325	1164	965	968	1119	1078	1259	1541	1504
Nox4_+_87246794.23-P1P2	Nox4	395	1105	1121	1385	1316	1277	1151	1247	941	1482	1600	1911	1880	330	978	1330	936	935	893	1014	913	877	1283	1275
Uqcrfs1_-_30545248.23-P1P2	Uqcrfs1	454	1224	1179	1387	1477	1194	1114	1189	1169	1807	1317	1197	1333	1049	982	1208	853	691	736	884	998	553	954	748
Aif1_-_35172555.23-P1P2	Aif1	383	1026	864	1259	1375	1188	791	987	1085	2145	1044	1247	1789	362	898	1017	707	799	690	839	882	886	1045	1136
Becn1_-_101302253.23-P1P2	Becn1	327	729	838	1328	1160	1001	802	620	671	1589	956	820	1065	209	642	671	687	517	586	545	696	615	858	703
Foxo1_-_52268444.23-P1P2	Foxo1	328	912	905	1330	1200	1120	746	870	731	1518	1180	1088	1495	287	799	788	686	545	697	687	725	717	1099	1186
Sh3tc2_+_61953065.23-P1P2	Sh3tc2	554	1429	1154	1877	1649	1712	1549	1588	1214	1500	1433	1532	1907	1629	1146	1461	1066	1139	1021	1044	1232	1143	1590	1380
Ina_-_47014749.23-P1P2	Ina	561	1466	1534	1941	1571	1837	1385	1571	1299	2824	1651	2654	1661	704	1306	1333	1283	1280	1116	1328	1319	1484	1575	1809
H2-T24_-_36020478.23-P1P2	H2-T24	508	1503	1319	1648	1823	1759	1402	1588	1237	2051	1686	1548	1554	844	1400	1427	983	1102	1082	1136	1270	1193	1386	1645
Tubb4b_-_25224452.23-P1P2	Tubb4b	492	1372	1238	1877	2051	1676	1232	1519	1130	1979	1787	3027	2000	817	1270	1325	1139	1047	1018	1107	1197	1230	1434	1517
Ctsd_-_142387640.23-P1P2	Ctsd	363	1000	983	1391	1546	1238	835	1120	888	1047	1350	1420	1126	718	823	854	680	633	595	662	806	475	624	840
Ndufb6_+_40279328.23-P1P2	Ndufb6	288	866	717	1290	1106	1036	974	845	746	1157	798	1435	1066	891	618	872	577	560	578	637	649	530	572	589
Cox7b2_-_71548186.23-P1P2	Cox7b2	313	935	985	1108	1334	1312	992	1533	1018	1347	1387	1549	1930	665	957	1118	819	965	765	801	789	898	1237	1070
Trpm7_+_126876217.23-P1P2	Trpm7	409	1401	1166	1820	1600	1593	1383	1525	1027	2606	2268	2333	1832	1657	1050	1394	1126	915	999	1040	1105	1192	1626	1389
C9_+_6445373.23-P1P2	C9	258	997	756	1201	1264	1142	1046	1052	936	1353	1430	1148	1946	1010	896	920	769	775	719	760	799	735	936	1111
Txn1_+_57956276.23-P1P2	Txn1	155	421	451	617	725	524	576	464	323	750	619	712	320	96	346	419	378	398	365	331	316	413	439	474
Pik3r4_+_105643062.23-P1P2	Pik3r4	386	1241	1163	1619	1723	1310	1049	1136	916	1866	1483	1359	1393	594	796	994	724	676	787	815	850	837	976	891
Ptn_-_36810114.23-P1P2	Ptn	492	856	1072	1327	1390	1348	1210	1423	1014	1552	1695	1635	1464	1233	1024	1346	928	928	842	912	949	1062	1266	1312
Rtn4_-_29693005.23-P1P2	Rtn4	357	560	475	716	682	685	486	673	549	931	547	947	1094	108	495	576	451	501	351	453	552	532	662	707
Reep1_-_71707884.23-P1P2	Reep1	454	728	875	1477	1306	1257	1162	1069	873	1526	1332	1659	1309	698	903	1086	862	874	657	878	871	871	1068	1335
Sepsecs_-_52669692.23-P1P2	Sepsecs	270	791	803	1073	1009	863	517	581	582	429	773	1213	486	394	469	532	390	335	342	351	405	354	490	613
Plekhg5_+_152086939.23-P1P2	Plekhg5	599	1230	1194	1984	1751	1525	1363	1493	1042	1676	1630	1973	1825	1217	1138	1332	1049	994	945	1090	1195	1226	1548	1542
Fgf1_-_38918616.23-P1P2	Fgf1	360	716	827	1091	1071	902	774	1019	782	1309	1463	1124	1564	916	739	766	622	680	696	677	710	727	938	927
Vps13a_-_16780868.23-P1P2	Vps13a	645	1401	1136	1903	1616	1625	1509	1466	1100	1585	1422	1839	2366	2728	1170	1240	1253	923	960	1106	1115	1120	1317	1321
Txndc5_-_38528746.23-P1P2	Txndc5	471	896	912	1305	1318	1286	1028	1061	902	977	1101	1181	1905	1533	866	889	738	697	676	804	760	881	1025	1090
Emc1_-_139352704.23-P1P2	Emc1	493	1244	1164	2158	1904	1852	1626	1845	1159	3017	1791	2630	1827	1443	1310	1279	1155	979	926	1004	964	896	1050	896
Akt1_+_112674172.23-P1P2	Akt1	614	1770	1571	2437	2346	2326	1728	1847	1530	2607	1617	1920	2276	1620	1493	1743	1360	1437	1287	1459	1480	1726	1984	2068
Kitl_-_100015889.23-P1P2	Kitl	348	1087	1019	1668	1547	1440	1136	1385	1108	1878	1447	1780	2037	939	996	1094	959	1072	889	1032	951	1002	1190	1410
Cox5b_+_36691549.23-P1P2	Cox5b	561	1208	1330	2009	1809	1780	1437	1567	1055	1992	2042	1867	2134	2186	1302	1472	1142	944	1013	1250	1149	1131	1466	1541
Vcam1_-_116129418.23-P1P2	Vcam1	379	819	887	975	1172	1036	1121	886	724	1207	568	1036	1183	1378	767	828	676	513	590	805	670	780	916	846
Syt14_+_193035631.23-P1P2	Syt14	636	1526	1208	2064	1649	1824	1621	1865	1383	2409	1678	1637	2772	2609	1216	1509	1260	1063	1104	1335	1207	1350	1522	1524
Cetn1_+_9619448.23-P1P2	Cetn1	489	963	864	1294	1408	1244	1116	1165	910	2067	1249	1327	1427	636	864	1013	823	789	648	673	894	1046	1298	1050
Ighmbp2_-_3282775.23-P1P2	Ighmbp2	231	994	825	1139	968	1087	674	1099	763	1098	1129	1501	1255	270	619	743	722	513	481	598	637	360	605	438
Timm8a1_-_134541803.23-P1P2	Timm8a1	385	891	699	1000	943	1117	806	748	745	979	783	875	644	467	729	963	690	504	577	770	665	584	854	972
Slc11a2_-_100423018.23-P1	Slc11a2_P1	536	1530	1237	1775	1484	1838	1531	1490	1318	1901	1677	1663	2073	1242	1355	1391	1141	1000	1057	1377	1167	1105	1365	1600
Pnp2_-_50956186.23-P1P2	Pnp2	311	754	636	938	998	880	676	835	505	2130	1088	788	999	444	654	879	638	689	542	605	594	670	863	922
Tardbp_+_148626750.23-P1P2	Tardbp	757	1634	1634	2177	2374	2205	1898	1945	1458	1958	1759	1748	2920	2059	1335	1686	1470	1140	1085	1289	1445	1512	1725	1830
Atp5a1_+_77774087.23-P1P2	Atp5a1	627	1194	1235	1439	1499	1676	1505	1628	1123	1744	1152	1929	2215	2725	1159	1307	1011	1125	1005	1203	1223	1167	1337	1557
Mapt_+_104231529.23-P1P2	Mapt	373	969	853	1303	1229	1072	784	882	945	1434	955	1007	1185	41	840	862	738	732	663	871	766	889	1018	1087
Casp6_-_129901502.23-P1P2	Casp6	314	896	1022	1571	1265	1335	1044	1169	910	1007	1470	1558	1391	818	1076	1012	761	897	832	947	1072	859	1122	1097
Pitrm1_-_6548246.23-P1P2	Pitrm1	605	1461	1493	1824	1953	1663	1900	1633	1346	2232	2084	2028	1718	1906	1356	1517	1210	1126	1119	1193	1223	1471	1946	1757
Cycs_+_50566535.23-P1P2	Cycs	479	938	1133	1191	1009	1272	1134	1105	956	1237	1180	1334	1705	553	853	910	831	646	711	757	993	852	1126	1199
Uchl1_-_66676322.23-P1P2	Uchl1	550	1642	1436	1946	2150	1895	1802	1832	1476	2271	1704	2012	1969	881	1425	1611	1217	1361	1111	1398	1216	1420	1722	1655
Clp1_+_84727216.23-P1P2	Clp1	171	824	541	1035	1040	1124	932	979	736	1264	1079	1181	1669	224	730	734	700	606	565	691	632	465	761	820
Atrip_+_109074051.23-P1P2	Atrip	558	1402	1143	1767	1984	1768	1649	1657	1228	2081	1399	2001	2873	924	1172	1437	1063	999	1001	1245	1109	1122	1620	1524
Serpina3n_-_104406776.23-P1P2	Serpina3n	287	782	670	1289	1243	1265	864	1100	714	1227	1245	1435	1524	319	754	912	853	864	680	751	891	793	994	1121
Lrsam1_+_32961582.23-P1P2	Lrsam1	434	1076	925	1479	1639	1520	1017	1178	993	2250	1335	202	1645	1254	891	1176	1011	860	861	808	955	622	868	958
"Rims2_+_39198200.23-ENSMUST00000082054.5,ENSMUST00000042917.9"	Rims2	313	919	1064	1656	1155	1293	989	1405	983	1557	739	1065	1231	1347	815	977	700	909	740	808	966	787	1120	1199
Calb1_-_15881277.23-P1P2	Calb1	322	632	524	886	767	889	823	709	566	642	891	622	1040	314	462	652	536	444	526	519	527	471	534	617
Rnf170_-_26119691.23-P1P2	Rnf170	474	810	820	1167	1474	1155	1038	1143	919	2450	997	490	1286	1258	844	1124	801	754	742	788	811	1038	910	1075
Hdac6_+_7947778.23-P1P2	Hdac6	723	1343	1234	1635	1514	1541	974	1485	1027	1446	1361	1203	1750	598	1100	1089	1122	943	906	991	1176	1143	1351	1467
Atf6_-_170867691.23-P1P2	Atf6	492	1122	786	1400	1234	1366	965	1162	896	2067	1178	1107	1780	2182	903	1089	948	900	784	933	906	894	984	1290
Npy_+_49822771.23-P1P2	Npy	458	1484	1326	1835	1666	1515	1411	1369	1210	1641	1796	1550	1512	950	1135	1400	1037	1019	928	1019	1077	1126	1482	1618
Exosc8_+_54734999.23-P1P2	Exosc8	294	852	428	880	980	865	989	848	726	1703	1151	951	1141	2044	542	732	615	457	569	502	620	565	777	717
Hace1_+_45577892.23-P1P2	Hace1	547	1157	1098	1645	1907	1617	1411	1380	1133	1976	1429	1892	1924	1431	1164	1391	1093	1058	917	1137	1194	1195	1440	1538
Lrp6_+_134566957.23-P1P2	Lrp6	591	1449	1259	1972	2081	1851	1628	1693	1406	1992	1455	1642	2289	101	1404	1593	1400	1235	1150	1304	1518	1414	1745	1838
Syt14_-_193035680.23-P1P2	Syt14	478	1211	1041	1685	1540	1754	1420	1731	1265	2117	1950	2253	1585	1446	1284	1287	1179	1043	903	1169	1275	1209	1574	1539
Uba5_-_104063094.23-P1P2	Uba5	410	1042	1139	1328	1214	1149	760	1148	891	1530	1325	1270	754	1383	512	717	483	555	420	546	640	449	446	353
Rmdn1_+_19575249.23-P1P2	Rmdn1	329	747	785	1020	929	928	989	921	717	1025	1217	918	909	592	767	757	610	690	647	770	670	822	937	939
Rb1_-_73325779.23-P1P2	Rb1	224	810	703	1207	1079	902	905	947	574	1010	739	1091	1271	446	740	760	593	675	525	560	694	528	902	733
Kpna3_-_61439779.23-P1P2	Kpna3	369	1273	1012	1443	1348	1330	1158	1183	1061	1731	1635	1956	1645	709	1015	1026	911	865	868	921	998	1076	1249	1220
Apcs_-_172894930.23-P1P2	Apcs	557	1004	798	1556	909	1170	1048	1293	945	1253	1562	1403	1829	2300	1036	1134	885	984	817	873	906	836	1291	1283
Parp1_-_180569260.23-P1P2	Parp1	247	629	664	806	826	891	689	799	822	830	1017	825	362	874	560	677	494	565	477	618	599	740	790	602
Atg14_+_47568376.23-P1P2	Atg14	499	1303	1101	1657	1758	1570	1381	1628	1249	1762	1744	2439	1984	497	1246	1430	1275	1130	1115	1210	1251	1300	1489	1388
Msc_-_14755921.23-P1P2	Msc	500	1493	1280	2038	1658	1903	1736	1591	1217	2440	2334	1729	1923	790	1384	1688	1374	1225	1156	1329	1419	1242	1825	1659
Kynu_-_43555398.23-P1P2	Kynu	562	1447	1213	2115	1883	1680	1816	1886	1309	2083	1765	2084	1980	1294	1295	1580	1235	1180	1022	1230	1151	1178	1587	1573
Hpgds_-_65144632.23-P1P2	Hpgds	261	819	834	1378	1149	1259	1071	1179	630	1236	1341	999	1375	1155	883	947	783	781	733	877	851	929	1029	1094
Xbp1_-_5521033.23-P1P2	Xbp1	417	1154	1313	1956	1524	1655	1414	1378	1133	1483	1687	1969	1391	849	1108	1301	1038	1127	1008	1146	1284	1108	1578	1492
Slc17a7_-_45163983.23-P1P2	Slc17a7	425	1088	1083	1418	1155	1249	845	1128	992	1384	1364	1483	1264	160	853	890	850	906	748	783	826	791	941	998
Rab8a_+_72161368.23-P1P2	Rab8a	71	347	269	612	573	490	517	568	409	589	416	429	417	856	457	437	449	387	315	387	473	421	452	497
Tmx2_-_84677841.23-P1P2	Tmx2	357	1004	826	1298	1489	1096	1051	1034	906	1373	1030	1269	1132	395	911	991	713	851	622	649	817	606	955	981
Lmx1b_+_33640799.23-P1P2	Lmx1b	337	1140	1337	1853	1759	1578	1361	1586	1230	1834	1272	2192	1851	1475	1149	1370	1167	1028	970	1130	1214	1308	1392	1454
Ahsg_+_22892112.23-P1P2	Ahsg	636	1405	1395	2451	1722	2103	1704	1770	1531	2754	1685	2005	2275	844	1422	1658	1251	1185	1178	1430	1473	1160	1784	1739
Grin2d_-_45870888.23-P2	Grin2d_P2	612	1246	1338	1904	2021	1800	1465	1557	1373	2128	2159	2320	1700	2053	1295	1444	1405	1292	1247	1173	1396	1320	1410	1611
Slc7a6os_+_106210874.23-P1P2	Slc7a6os	668	1248	1382	1848	2292	1594	1561	1602	1150	1623	1535	1808	2000	1168	1103	1112	995	877	1031	866	1184	903	1504	1331
Uqcrfs1_+_30545264.23-P1P2	Uqcrfs1	566	1160	1472	2149	1986	1725	1509	1725	1386	2864	2196	1867	2181	1928	1216	1567	1183	1125	1105	1251	1272	900	1437	1287
Slc17a5_+_78587961.23-P1P2	Slc17a5	551	1060	1442	1576	1874	1566	1300	1495	931	1918	1223	1744	1736	566	1114	1185	1063	1033	851	911	1008	814	1435	1321
Ccnf_+_24251329.23-P1P2	Ccnf	348	1113	1410	1793	1484	1885	1525	1621	1167	2228	1433	1664	1881	1113	1327	1498	1249	982	1007	1296	1475	1218	1595	1613
Syn1_+_20920896.23-P1P2	Syn1	262	937	810	1224	1188	967	764	978	680	995	1174	1621	880	1501	776	864	787	622	693	884	666	700	1017	958
Atxn7_-_14012754.23-P1P2	Atxn7	496	1221	1272	1747	1489	1542	1257	1699	1075	2026	1685	1602	1630	740	1015	1269	1111	1117	1061	1074	1219	1070	1335	1629
Il15_-_82403136.23-P1P2	Il15	346	915	773	1435	1460	1341	1097	1129	875	1021	1328	1376	1480	212	860	1107	932	740	806	883	906	923	969	1188
Scyl1_+_5771341.23-P1P2	Scyl1	544	929	798	1693	1004	1203	1281	1029	1000	1444	748	1301	1364	628	766	1003	786	895	707	794	987	1013	1055	985
Cyp7b1_-_18243276.23-P1P2	Cyp7b1	359	620	715	1463	1251	1133	888	1040	907	1644	965	1294	1580	45	844	912	673	721	589	779	801	673	915	989
Gabarapl1_+_129533223.23-P1P2	Gabarapl1	354	890	790	1144	670	1109	1002	1021	741	1097	1184	1039	1217	1195	673	871	660	709	603	624	797	667	950	852
Eif4g1_+_20673027.23-P1P2	Eif4g1	713	1805	1566	2740	2286	2236	2322	2043	1466	2163	2423	2667	2904	3196	1668	2101	1665	1513	1316	1627	1573	1741	2110	2055
Tfrc_-_32609026.23-P1P2	Tfrc	346	1090	1089	1600	1115	1325	840	1393	1025	966	1201	795	1612	26	784	1032	881	749	734	738	883	613	954	1093
Rbfox3_-_118909511.23-P1P2	Rbfox3	540	1561	1485	1856	1904	1877	1397	1464	1349	2430	1289	1779	2074	1401	1293	1598	1336	1363	1230	1330	1313	1490	1772	1617
Slc25a46_+_31609882.23-P1P2	Slc25a46	449	1162	1068	1811	1548	1589	1013	1263	1075	1646	1482	1883	1541	664	962	1307	1040	983	846	909	927	976	1317	1187
Cyp2d22_-_82380107.23-P1P2	Cyp2d22	229	614	548	877	792	688	515	637	572	1037	496	765	737	21	638	629	589	521	483	551	480	529	564	668
Tjp1_+_65371254.23-P1P2	Tjp1	433	1343	1185	1902	1940	1540	1097	1467	1169	2439	1575	2155	1676	974	1189	1228	1101	957	871	963	1121	995	1473	1381
Dnajc5_+_181520563.23-P1P2	Dnajc5	398	895	973	1308	983	1169	973	1107	835	1428	1065	879	619	1295	722	926	803	651	624	699	859	445	632	607
H2-T24_+_36020536.23-P1P2	H2-T24	356	929	711	984	1000	1141	967	1018	865	1513	864	900	1030	520	866	873	812	630	669	842	703	685	938	999
Atxn1_-_45964914.23-P1P2	Atxn1	316	1109	902	1283	1298	1211	890	1053	899	1902	1130	1168	1678	1019	723	886	657	771	701	847	891	897	1031	1134
Ascc1_+_60002881.23-P1P2	Ascc1	295	818	495	982	996	1017	987	1154	657	962	839	1379	1542	1017	685	792	608	721	574	743	753	660	850	760
Pmpca_-_26389412.23-P1P2	Pmpca	637	1210	996	1851	1853	1327	809	1098	767	1302	1340	563	1184	363	590	639	435	333	368	406	503	264	507	513
Zbtb20_-_43621351.23-P1P2	Zbtb20	126	484	737	808	916	765	717	728	588	1049	755	976	983	239	633	781	497	501	420	567	488	588	677	679
Letm1_-_33782663.23-P1P2	Letm1	835	1848	1702	2605	2772	2127	1379	1658	1365	2578	1667	2121	2252	2505	1205	1312	1073	880	1006	970	1116	658	950	978
Tor1a_-_30967734.23-P1P2	Tor1a	578	1514	1458	1856	1877	1843	1497	1813	1432	1394	1534	1554	1949	1452	1348	1504	1395	1479	1247	1235	1362	1253	1700	1837
Gemin4_+_76217521.23-P1	Gemin4_P1	394	1059	941	1664	1432	1326	1281	1111	905	1729	1073	1433	1752	131	921	1172	851	791	850	932	934	883	1017	1207
Tuba1b_+_98934446.23-P1P2	Tuba1b	411	782	732	1346	929	1141	1225	955	843	882	1130	998	1191	1147	737	894	744	785	661	676	889	821	996	901
Wnt9b_-_103749730.23-P1P2	Wnt9b	660	1423	1098	1869	1508	1568	1262	1297	1255	1542	1467	1838	1372	489	1072	1326	1014	992	935	1161	1059	1072	1289	1582
Eif2b1_+_124579002.23-P1P2	Eif2b1	377	713	719	1075	1183	869	841	825	657	1251	597	981	992	673	617	694	524	499	503	627	608	521	721	807
Scarb1_+_125340997.23-P1P2	Scarb1	592	1139	871	1633	1426	1239	800	1082	840	1816	920	1175	1194	1274	868	929	850	741	632	865	954	1057	942	1144
Nhlrc2_-_56548688.23-P1P2	Nhlrc2	421	983	944	1497	1548	1421	1099	1156	1074	1041	1035	1569	860	38	976	1055	872	881	883	1012	1041	890	1294	1158
Alb_+_90460906.23-P1P2	Alb	336	1058	1024	1740	1332	1562	1351	1446	1128	2191	984	1672	1447	696	1092	1406	1008	919	905	1020	1053	1046	1388	1248
Zfp74_-_29954002.23-P1P2	Zfp74	427	1065	792	1346	1468	1437	1498	1343	1013	1891	1596	1379	1298	949	1054	1190	937	986	889	1052	988	1019	1147	1258
Blzf1_+_164307243.23-P1P2	Blzf1	193	510	505	760	560	703	638	645	511	1205	716	517	807	440	487	616	471	435	549	509	487	525	612	669
Itm2b_-_73385268.23-P1	Itm2b_P1	347	975	943	1222	1253	1134	861	929	904	1774	931	1209	1393	451	783	912	708	675	785	745	829	858	1088	999
Fgf13_-_59134563.23-P1P2	Fgf13	562	1545	1649	2416	2297	1997	1785	1614	1566	1939	1517	1789	2259	1835	1538	1620	1585	1265	1325	1404	1479	1464	1959	1633
Abcb1a_-_8660105.23-P1P2	Abcb1a	175	318	545	480	680	565	368	535	374	480	742	735	420	749	428	410	394	398	355	357	481	454	428	463
Lrrk2_-_91673319.23-P1P2	Lrrk2	370	704	683	1199	802	833	835	754	690	1165	1005	786	1013	223	684	693	730	569	536	668	589	618	765	862
Slc1a1_+_28835170.23-P1P2	Slc1a1	335	1429	1120	1554	1413	1458	1229	1358	1052	2206	1861	1642	1558	2063	1051	1343	1196	995	874	983	1140	955	1361	1262
Hgf_+_16553951.23-P1P2	Hgf	397	1242	1323	1742	2011	1655	1435	1405	1251	2729	1255	1819	2127	1407	1197	1371	1148	1021	972	1089	1150	1279	1398	1535
Snap25_-_136713505.23-P1P2	Snap25	180	423	370	934	591	672	589	577	353	469	743	699	1008	143	486	479	342	372	381	477	420	359	516	534
Kif5c_+_49619639.23-P1P2	Kif5c	344	980	912	1245	927	1207	998	1176	1052	1378	1327	806	967	947	782	974	774	819	681	889	797	819	1048	1216
Exosc3_+_45320310.23-P1P2	Exosc3	404	831	1092	1248	1214	1091	1193	890	798	1188	1148	1100	1331	238	665	860	588	590	567	688	620	356	410	445
Scarb2_+_92505462.23-P1P2	Scarb2	641	2057	1428	2755	2676	2470	2348	2160	1774	3474	2131	2633	2818	4490	1693	1889	1603	1568	1302	1487	1814	1675	2239	2035
Ostm1_+_42678972.23-P1P2	Ostm1	377	1044	1074	1639	1624	1411	1138	1020	1037	1569	1875	1650	1262	272	806	1181	925	897	779	978	861	938	1263	1143
Tuba4a_-_75219176.23-P1P2	Tuba4a	584	1676	1716	2396	2046	2330	1771	2404	1532	2425	1746	2556	2803	1915	1607	1740	1393	1431	1370	1758	1435	1623	1893	1846
Mthfr_+_148041180.23-P2	Mthfr_P2	347	994	1069	1367	1153	1365	1394	1068	1038	1894	1210	1473	1045	568	956	1035	862	765	775	841	898	848	1165	1101
Nipa1_-_56019509.23-P1P2	Nipa1	236	981	867	1357	1242	1029	859	1233	883	1490	1300	1212	1564	1373	844	903	732	756	669	807	799	779	902	976
Uba7_+_107975642.23-P1	Uba7_P1	389	901	750	1255	1028	1269	990	1106	733	1895	860	1323	1426	655	825	893	798	636	638	883	718	746	1090	964
Ndufc1_-_51408844.23-P1P2	Ndufc1	617	1633	1338	2069	1519	1483	1376	1415	1043	1564	1206	2197	1986	811	988	1437	1092	1119	923	1013	1201	1085	1586	1760
Bcl2_-_106714220.23-P1P2	Bcl2	410	1592	1245	2112	2378	1920	1353	1834	1158	2395	2119	2254	2418	3052	1268	1607	1314	1268	1256	1315	1202	1286	1848	1833
Atp2a1_+_126463050.23-P1P2	Atp2a1	181	879	725	1153	1104	1096	777	916	676	1238	852	1015	1336	980	731	827	705	764	547	783	690	727	886	738
Uqcrc1_-_108936707.23-P1P2	Uqcrc1	300	779	660	1007	798	1032	814	846	735	1739	1042	1545	968	71	533	798	559	585	570	644	767	654	903	746
Itgam_-_128062781.23-P1P2	Itgam	707	1205	996	1775	1691	1680	1458	1382	1294	2445	1334	1463	2656	1469	1271	1382	1187	1066	1033	1166	1207	1267	1390	1394
Rmdn3_-_119156935.23-P1P2	Rmdn3	506	900	905	1271	1222	1134	1071	1035	912	918	1226	1301	1348	1362	845	959	795	826	618	682	804	703	991	1042
Klc3_+_19404081.23-P2	Klc3_P2	396	1120	1288	1664	1542	1376	1214	1270	1030	1904	1099	1629	1642	592	1146	1244	1085	894	892	982	944	1138	1224	1238
Farsb_-_78488789.23-P1P2	Farsb	383	1030	778	1380	1040	1115	1017	861	780	1168	936	1545	1038	364	791	868	677	567	704	632	772	620	753	779
Med25_+_44892353.23-P1P2	Med25	440	1240	1243	1370	1312	1248	1350	1112	897	1018	1419	1437	2313	787	1069	1056	851	983	839	847	989	1137	1306	1367
Dnah12_+_26771021.23-ENSMUST00000073309.4	Dnah12	393	1175	1210	1826	1594	1622	1401	1552	1265	1891	1516	1917	1275	586	1057	1242	1094	851	965	1071	1121	1241	1322	1272
Chp1_+_119547792.23-P1P2	Chp1	341	841	790	1188	875	798	798	755	682	1098	670	676	791	271	577	811	541	527	418	637	654	596	742	611
Tgm2_-_158146348.23-P1P2	Tgm2	428	1173	1197	1602	1517	1532	1499	1338	1014	1658	1352	1680	1507	1153	1177	1274	1021	767	830	976	1018	1161	1361	1417
Pawr_+_108332129.23-P1P2	Pawr	374	999	978	1463	1319	1354	938	1236	1067	1324	1432	1454	1622	1416	993	1170	968	871	823	904	901	1041	1189	1160
Bad_+_6941964.23-P1P2	Bad	521	1330	1319	1886	1790	1608	1491	1439	1144	2346	1755	1477	2685	1096	1250	1386	1246	986	960	1160	1227	1045	1437	1666
Rab11a_-_64737681.23-P1P2	Rab11a	447	880	855	1036	1179	999	871	976	672	1536	819	1661	1600	241	877	926	826	709	653	736	877	796	1082	987
Mfn2_+_147904622.23-P1P2	Mfn2	347	899	904	1499	1039	1214	1166	1000	1078	1098	1460	2068	1430	1199	919	1001	734	637	776	776	828	661	997	879
Ezh2_+_47594973.23-P1P2	Ezh2	336	1133	1069	1586	1591	1506	1131	1347	1118	1685	1254	1499	2490	859	1044	1312	1195	966	857	954	1119	1072	1265	1576
Pgp_-_24470502.23-P1P2	Pgp	399	1278	1142	1583	1583	1542	1302	1428	1227	1743	1427	1609	1773	824	990	1243	1075	908	901	986	1073	1176	1373	1269
Rac1_-_143527947.23-P1P2	Rac1	478	1288	907	1592	1246	1359	1314	1224	1025	2487	1271	2116	1301	2121	932	1245	938	770	907	1058	1110	908	1313	1510
Ids_+_70364870.23-P1P2	Ids	445	970	693	1081	1239	1244	942	1058	1050	1287	1109	1516	1492	1389	972	940	791	825	829	810	924	925	1221	1180
Oxr1_-_41449136.23-ENSMUST00000179393.1	Oxr1	251	879	821	1048	1116	1166	789	1281	778	1107	1059	1443	1624	798	847	1040	688	775	697	834	804	725	999	1008
Psmd13_+_140882483.23-P1P2	Psmd13	305	958	928	1203	1104	1193	1024	970	797	1615	1211	1126	1516	517	842	930	831	692	686	817	747	875	959	932
Glp1r_+_30901856.23-P1P2	Glp1r	458	1172	999	1517	1518	1169	832	1285	860	1453	1429	1060	1665	686	929	1075	855	1007	842	974	884	925	1183	1248
Matr3_-_35562259.23-P1P2	Matr3	582	1428	1328	1768	2019	1794	1548	1611	1328	1683	1997	1257	2561	1293	1175	1339	1202	1083	996	1163	1259	1318	1467	1282
Ddhd2_-_25754372.23-P1P2	Ddhd2	299	771	513	1013	931	942	653	786	638	836	1080	1206	495	574	691	810	674	648	617	652	756	647	850	910
Slc44a1_+_53440510.23-P1P2	Slc44a1	348	943	1052	1537	1112	1173	702	1040	893	1352	1072	1420	827	1281	850	975	770	771	745	948	1031	1033	1172	1162
Sncaip_+_52768389.23-P1P2	Sncaip	484	1140	1157	1807	1392	1422	1170	1492	1038	1922	1113	1488	1870	1120	1124	1165	1157	875	910	1056	1133	986	1245	1294
Psmd6_-_14120896.23-P1P2	Psmd6	486	883	805	1324	1195	928	486	860	567	998	709	783	796	385	664	693	575	541	455	560	541	435	706	537
Tnf_+_35201772.23-P1P2	Tnf	429	874	694	1310	1186	1325	1273	1016	868	1770	1158	1481	1372	1695	915	902	750	826	718	808	928	792	1093	964
Gpx7_+_108406673.23-P1P2	Gpx7	586	1840	1828	3026	2309	2638	1774	2221	1782	3176	2033	2535	2231	2819	1665	2053	1484	1458	1425	1571	1464	1497	1995	1980
Pmp22_-_63131591.23-P1	Pmp22_P1	306	854	600	1117	855	870	936	999	665	1366	742	962	1326	1639	639	799	711	587	572	620	763	682	822	842
Il1a_+_129309925.23-P1P2	Il1a	617	1614	1513	2170	2420	2095	1669	1662	1415	2327	1807	1978	2533	512	1455	1762	1364	1477	1121	1441	1455	1389	1893	1908
Sptbn2_-_4711530.23-P1P2	Sptbn2	200	445	556	746	669	538	599	522	392	495	633	764	530	261	397	439	309	308	303	443	467	286	412	467
Slc39a14_+_70351333.23-P1P2	Slc39a14	151	515	444	578	610	580	512	601	432	760	836	657	769	979	361	424	394	351	367	478	388	373	582	648
Tsen34_-_3693819.23-P1P2	Tsen34	376	1007	894	1423	1328	1171	1053	1220	1051	2075	1159	1411	646	823	795	920	741	723	731	793	711	749	1147	1082
Csf1_-_107760033.23-P1P2	Csf1	550	962	1038	1714	1561	1225	1137	1191	865	1512	1301	1795	1621	1033	994	1236	978	933	843	982	973	839	1230	1288
Epm2a_+_11343478.23-P1P2	Epm2a	691	1685	1481	2500	2525	2032	1858	1863	1453	2260	2230	2684	2787	655	1327	1605	1537	1297	1152	1386	1317	1616	1841	2161
Hes3_-_152291592.23-P1P2	Hes3	213	590	611	891	870	920	622	820	626	1117	737	1142	1351	786	555	776	514	494	517	507	542	590	649	761
Msh2_-_87672577.23-P1P2	Msh2	287	651	432	821	885	774	657	894	588	750	551	940	543	684	646	634	555	501	565	510	595	526	706	694
Grin2d_-_45870885.23-P2	Grin2d_P2	209	651	734	1124	847	807	699	765	543	896	668	976	1142	383	539	702	610	528	548	497	615	649	761	696
Kras_+_145250091.23-P1P2	Kras	592	1510	1213	1999	1689	1820	1740	1764	1282	3002	1410	1874	1844	1956	1435	1525	1302	955	1182	1298	1371	1383	1610	1648
Npy_-_49822731.23-P1P2	Npy	636	1704	1332	2004	2189	2005	1691	1725	1260	2713	2197	1877	2563	1398	1624	1618	1307	1245	1131	1417	1386	1450	1795	1925
Dnajc5_+_181520560.23-P1P2	Dnajc5	429	1543	1392	2072	1739	1991	2144	1740	1434	1493	1426	2440	2177	1157	1469	1533	1220	1217	1145	1297	1338	1197	1734	1804
Tmed9_-_55593204.23-P1P2	Tmed9	509	1049	930	1763	1485	1554	1348	1421	1087	1375	1466	1342	1760	1000	1113	1296	976	1045	887	1040	1224	1007	1419	1296
Dnajb2_-_75236466.23-P1P2	Dnajb2	319	963	851	1335	1324	1307	1195	1180	865	1123	1562	1797	1414	386	976	1072	760	954	795	869	941	861	1158	1329
Cd200r4_-_44811819.23-P1P2	Cd200r4	375	1311	887	1446	1403	1335	1199	1371	846	1246	1111	1201	1634	428	787	1130	918	852	796	949	964	1043	1217	1367
Bicd2_-_49341625.23-P1P2	Bicd2	474	1166	956	1784	1463	1428	1332	1366	1068	1334	1653	1245	1722	617	1067	1279	951	947	892	1037	1154	1157	1222	1426
Hgf_+_16554101.23-P1P2	Hgf	465	1332	991	1489	1360	1482	1125	1388	1024	1488	1156	1680	1697	864	1002	1024	1026	919	807	1043	1002	1027	1328	1130
Slc25a4_+_46210996.23-P1P2	Slc25a4	372	919	727	1292	1097	1103	922	977	807	1217	1079	787	1543	843	822	906	852	876	699	744	745	686	1159	979
Wnt9a_-_59306909.23-P1P2	Wnt9a	572	1314	1322	1660	1674	1686	1326	1489	1178	2087	1509	1932	1908	532	1099	1334	1129	1181	1051	993	1117	1166	1436	1576
Gad1_-_70562198.23-P1P2	Gad1	596	1512	1335	2396	2099	2168	1553	1657	1111	2355	2050	2001	2106	1646	1383	1641	1312	1242	1172	1401	1365	1231	1625	1599
Trem2_+_48346520.23-P1P2	Trem2	569	1291	1110	2061	1543	1613	1469	1429	1188	2107	1872	2056	1912	1225	1154	1474	1253	1214	1126	1094	1331	1198	1618	1666
Adora2a_-_75317086.23-P1P2	Adora2a	414	1428	1143	1845	1739	1428	1359	1422	1295	1526	1562	1651	1378	249	1192	1393	1212	1195	980	1032	1132	1147	1355	1514
Pde8b_-_95222999.23-P2	Pde8b_P2	523	1090	1181	1671	1468	1584	1355	1583	1118	1446	1118	1813	1721	883	1013	1301	1068	1067	890	1041	1112	1011	1440	1318
Npy_-_49822750.23-P1P2	Npy	436	994	817	1391	1244	1367	957	1245	1037	1004	1355	1441	1095	708	907	1020	894	734	784	812	901	979	1064	1164
Slc39a14_+_70351394.23-P1P2	Slc39a14	231	673	663	905	706	894	644	713	650	811	764	921	1264	61	523	696	581	610	492	518	665	597	660	732
Atxn3_+_101958110.23-P1P2	Atxn3	817	1758	1559	2466	2550	2480	2003	1919	1585	3231	1985	2383	2529	1953	1678	2057	1552	1505	1487	1675	1816	1641	1987	1949
non-targeting_02998	non-targeting	633	1618	1754	2322	2259	2026	1643	1986	1451	2031	2054	2468	2632	1530	1429	1849	1529	1292	1355	1434	1631	1468	1663	1857
Ddah1_+_145758740.23-P1P2	Ddah1	604	1470	1371	2061	1781	2212	1492	1638	1443	2402	1654	2282	1970	1408	1359	1599	1372	1316	1196	1239	1338	1447	1972	1669
Ddit3_-_127290848.23-P1P2	Ddit3	499	1083	1060	1374	1147	1258	1252	1146	883	1085	959	1155	1790	757	930	1224	919	859	842	835	884	811	936	1268
2810006K23Rik_-_124328196.23-P1P2	2810006K23Rik	559	1648	1626	2199	2489	2094	2076	1685	1509	2924	2029	2428	2595	1279	1700	1767	1439	1287	1276	1538	1409	1398	1911	1970
Trip4_+_65908762.23-P2	Trip4_P2	481	1107	1187	1674	1552	1664	1288	1456	1246	2241	1481	2038	1476	1818	1224	1578	1000	1081	934	1123	1180	1198	1430	1448
Kdm1a_+_136602659.23-P1P2	Kdm1a	162	466	502	816	833	748	615	647	481	1040	560	818	378	1313	578	639	478	409	396	490	486	473	601	780
Kat2b_-_53567022.23-P1P2	Kat2b	453	1098	1253	1830	1553	1462	1384	1085	1069	1834	1214	1505	1400	1832	1036	1182	995	959	872	1095	1058	801	1218	1465
Map2_+_66175341.23-P1	Map2_P1	364	1593	1227	1920	1497	1953	1646	1731	1410	2567	1595	1556	1603	1975	1255	1661	1190	1189	988	1169	1184	1424	1437	1645
Plcg1_-_160731303.23-P1P2	Plcg1	370	546	418	951	769	693	560	554	497	895	763	561	669	463	604	669	548	521	511	567	518	530	643	627
Ube3a_+_59228818.23-P1P2	Ube3a	171	582	530	895	746	724	498	622	589	928	1220	817	746	788	586	662	400	475	391	509	516	510	657	724
Psen2_+_180229903.23-P2	Psen2_P2	702	1446	1406	1962	1878	1891	1827	1952	1422	1987	1957	1224	2886	2065	1204	1662	1335	1243	1220	1382	1358	1331	1736	1762
Als2_+_59237163.23-P1P2	Als2	311	666	797	1130	1260	1197	1176	1017	804	1621	580	974	1588	1278	714	826	686	793	647	832	852	774	1076	1065
Tnr_-_159737552.23-ENSMUST00000111669.3	Tnr	858	1931	1367	2268	2382	2322	1538	1928	1361	2146	1846	1625	2559	905	1487	1735	1293	1299	1263	1390	1598	1649	1951	1991
Nfkb1_-_135691346.23-P1P2	Nfkb1	709	1510	1348	2209	1401	1677	1401	1588	1151	2144	1531	1442	1601	2127	1219	1385	1195	916	1025	1281	1200	1066	1334	1483
Mecp2_-_74085378.23-P1P2	Mecp2	372	1058	857	1341	888	1266	1358	1056	1003	1334	1097	1146	885	473	866	904	879	813	649	801	886	1011	1240	1202
Apc2_+_80299133.23-P2	Apc2_P2	476	1043	1352	1622	1644	1548	1059	1417	915	2544	2009	2129	1052	640	1128	1121	936	819	837	923	1164	997	1410	1327
Cox7a1_-_30184245.23-P1P2	Cox7a1	634	1597	1226	1637	1718	1715	1149	1359	1217	2077	1839	1866	2131	1577	1158	1557	1141	1229	1054	1085	1388	1247	1505	1591
Atp1a3_+_25005900.23-P1P2	Atp1a3	400	1354	1097	2032	1421	1407	1249	1306	1060	2002	1385	1983	2229	798	1043	1336	1079	808	950	991	1043	918	1225	1165
Ube2g1_-_72607312.23-P1P2	Ube2g1	304	1034	1086	1447	1294	1646	1104	1344	978	2044	1352	1702	1402	579	937	1269	1043	971	874	999	1101	1103	1408	1288
Rreb1_-_37826052.23-P1P2	Rreb1	395	1241	1142	1643	1464	1606	1311	1392	980	1892	1390	1412	1632	1149	1053	1249	1045	975	837	1033	996	1014	1245	1415
Erlin2_+_27023917.23-P1P2	Erlin2	461	918	797	1089	1046	1018	835	890	829	1391	1386	1047	1797	1293	782	851	770	670	677	739	725	1043	1042	850
Kcna1_-_126645749.23-P1P2	Kcna1	489	1210	1071	1785	1539	1642	1308	1218	1133	2351	1400	1753	1481	398	1146	1385	1027	987	912	1103	1074	1043	1367	1320
Nars2_+_96951601.23-P1P2	Nars2	529	1580	1162	2141	1874	1971	1766	1889	1381	2692	2032	1806	1919	1110	1241	1592	1115	1063	1016	1258	1238	852	1165	1181
Ywhaq_+_21417536.23-P1P2	Ywhaq	214	614	685	838	826	925	636	771	694	1144	670	496	780	790	561	656	550	411	507	488	568	636	762	705
Mul1_+_138434757.23-P1P2	Mul1	281	802	722	1128	909	997	836	819	834	1357	659	883	1713	1098	720	815	723	659	610	725	703	716	876	1080
Kif1c_+_70700357.23-P1P2	Kif1c	440	719	667	904	930	850	892	858	650	870	1176	1200	685	1248	637	710	581	525	528	658	657	633	795	910
Nr4a2_+_57124139.23-P2	Nr4a2_P2	485	1076	1071	1291	1304	1339	1229	1143	1058	2199	937	1263	1273	888	1015	1081	956	1028	821	927	1051	1020	1429	1176
Nanog_-_122707599.23-P1P2	Nanog	267	942	903	1346	1083	1166	1098	1234	800	1355	712	1030	1343	873	717	953	837	778	658	683	809	711	1018	916
Arsa_-_89476103.23-P1P2	Arsa	362	821	743	1216	1195	1162	922	976	712	1485	1040	1841	1285	1329	913	942	807	881	702	814	829	766	984	911
Ang2_-_51195887.23-ENSMUST00000051274.1	Ang2	469	1484	1260	1824	1452	1823	1742	1666	1359	2329	1619	1666	1774	2405	1162	1382	1097	1063	1005	1151	1175	1218	1562	1652
Fosb_+_19309999.23-P1P2	Fosb	217	888	933	1483	1242	1112	780	973	791	1951	1299	1070	1168	835	875	1046	693	728	744	777	829	871	1097	1155
Ndufb4_+_37654383.23-P1P2	Ndufb4	384	985	898	1803	1542	1294	1144	1147	966	1264	1488	1608	1581	954	922	999	863	769	856	992	918	909	1234	1104
Cst10_-_149405401.23-P1P2	Cst10	576	1834	1511	1901	1712	1970	1790	1759	1422	2063	1813	1671	1557	1507	1348	1703	1389	1246	1156	1316	1247	1461	1881	1766
Kcne3_-_100176702.23-P2	Kcne3_P2	698	1687	1675	2811	2175	2285	2066	2000	1593	1583	1931	2828	3138	653	1687	1847	1463	1292	1344	1522	1549	1534	2008	1909
Cox6b1_-_30625860.23-P1P2	Cox6b1	222	758	840	1370	1132	1111	1041	927	727	1112	923	1195	1645	451	762	805	790	593	595	596	829	593	656	793
Tnfrsf1a_-_125350120.23-P1P2	Tnfrsf1a	401	1250	1315	1907	1762	1597	1180	1427	1202	1398	2041	1430	2232	968	1389	1433	1140	1032	998	1244	1304	1267	1520	1604
Ndufa3_-_3617417.23-P1P2	Ndufa3	261	1057	1147	1553	1798	1327	900	1376	815	1219	997	1231	1452	1552	905	1141	866	769	711	894	814	464	553	517
Mpv17_+_31154249.23-P1P2	Mpv17	366	1146	867	1470	1097	1308	1443	1095	849	1824	1210	1372	1531	559	943	1036	769	812	702	865	817	880	1163	1200
Pklr_+_89136463.23-P1P2	Pklr	518	1629	1628	1737	1491	1933	1546	1693	1268	1160	1549	1940	1848	1166	1344	1417	1183	1106	968	1192	1126	1439	1564	1640
Grm1_-_11082258.23-P1P2	Grm1	530	1179	1089	1552	1745	1490	1165	1306	1127	1373	1395	1285	1373	876	957	1232	976	969	958	961	967	1069	1301	1382
Nup62_-_44816385.23-P1P2	Nup62	182	639	633	1140	755	943	631	947	467	955	560	797	1021	666	600	696	623	439	425	505	576	474	590	662
Vegfa_+_46032314.23-P1P2	Vegfa	447	1422	1338	1513	1720	1694	1652	1397	1236	1332	1148	1759	1858	723	1236	1341	1101	1134	1020	1051	1273	1073	1515	1444
Dnm2_-_21424945.23-P1P2	Dnm2	501	1275	1003	1356	1441	1350	1013	1032	836	1257	1257	1135	2030	419	890	940	727	852	693	799	872	904	1157	908
Stmn1_+_134469757.23-P2	Stmn1_P2	253	846	742	1053	821	1078	904	899	857	1208	748	1511	1445	1555	746	844	623	609	698	749	777	741	926	980
Psmd13_-_140882605.23-P1P2	Psmd13	557	1649	1284	2276	1887	1893	1587	1633	1512	2548	1379	2251	2134	2295	1291	1542	1319	1101	1199	1248	1388	1324	1824	1871
Gchfr_-_119167992.23-P1P2	Gchfr	650	1469	1354	1885	1553	1725	1585	1755	1185	2138	1904	1607	1942	1224	1301	1410	1194	1142	1026	1168	1190	1195	1402	1593
Ramp2_+_101246531.23-P1P2	Ramp2	633	1663	1695	2589	2164	2142	1940	2054	1470	1632	1894	1806	1986	1857	1628	1834	1470	1366	1338	1490	1451	1556	1893	2063
Nptx1_-_119547650.23-P1P2	Nptx1	468	942	893	1629	1428	1274	1171	1249	883	2238	1171	1534	2076	1168	836	1024	983	865	700	826	988	962	1249	1135
Gpx6_+_21312236.23-P1P2	Gpx6	246	725	810	1298	952	963	822	824	650	1537	922	980	1280	518	669	841	690	601	565	724	705	799	831	981
Sgsh_-_119355485.23-P1P2	Sgsh	710	1920	2113	2616	2441	3029	2199	2345	1826	2690	2476	2107	3223	1851	1967	2198	1774	1737	1572	1841	1912	1845	2309	2479
Lrsam1_-_32961377.23-P1P2	Lrsam1	391	1303	896	1932	1405	1512	1235	1246	1211	1788	1521	1644	2135	1387	1055	1253	1137	1104	935	1083	1029	456	681	575
Cox5a_+_57521305.23-P1P2	Cox5a	321	926	929	1242	962	1269	981	879	811	1129	989	1407	1419	1197	643	790	618	650	648	618	654	306	607	509
Sema6a_+_47368833.23-P1P2	Sema6a	344	1317	1261	1582	1835	1561	1310	1478	1060	1679	1464	1376	1841	1428	1136	1282	1010	927	946	1101	1098	1059	1374	1397
Sv2a_+_96181228.23-P1P2	Sv2a	466	1287	1026	1652	1617	1803	1272	1380	1154	1738	2028	1325	2785	1872	1194	1445	1048	1251	1024	1213	1299	1159	1546	1290
Wwox_+_114439694.23-P1P2	Wwox	467	1136	1116	1394	1190	1481	1329	1303	1138	1781	1506	1030	1207	887	1087	1109	961	1060	944	1022	1084	1089	1229	1133
Fshr_+_89200683.23-P1P2	Fshr	381	814	959	1061	1077	1029	938	982	612	1187	1490	976	1473	1106	711	893	747	734	735	671	740	771	950	1096
Fgf2_-_37349131.23-ENSMUST00000038885.3	Fgf2	568	1381	1430	2037	2219	1897	1510	1643	1232	2327	1649	1288	2956	1392	1233	1401	1233	1122	1037	1245	1088	1207	1565	1774
Bcl6_-_23988577.23-P1P2	Bcl6	422	861	692	994	948	916	842	817	576	941	699	690	1828	166	692	809	528	596	529	520	667	572	815	898
Cyp2d11_+_82393928.23-ENSMUST00000170255.1	Cyp2d11	357	1067	815	1271	1488	1333	1333	1337	800	1767	1709	1028	1824	370	907	952	909	974	797	947	980	850	1009	1116
Cox5a_+_57521340.23-P1P2	Cox5a	788	1944	1837	2773	2255	2423	2182	2059	1786	2303	2352	1658	3211	1084	1672	1811	1626	1527	1405	1630	1621	1368	2071	2093
Fig4_-_41302899.23-P1P2	Fig4	359	1076	1113	1170	1075	1237	923	1112	814	1306	1292	1389	1719	502	669	904	651	568	699	602	814	687	843	802
Fis1_-_136962174.23-P1	Fis1_P1	402	1096	1445	2014	1831	1590	1243	1511	1001	1393	1184	1550	2044	1408	1165	1461	1023	1119	911	1002	1231	1159	1344	1329
Rpgr_+_10216659.23-P1P2	Rpgr	339	744	745	954	1113	922	871	816	755	1156	1232	1057	1115	572	779	830	621	564	512	651	639	689	894	764
Ndufa8_+_36049305.23-P1P2	Ndufa8	508	1244	1022	1768	1559	1523	1414	1135	1078	2255	1395	1439	1606	1024	1210	1265	934	852	813	1014	1060	913	1191	1024
Tecpr2_+_110889158.23-P1P2	Tecpr2	576	1721	1414	2011	2064	1988	1614	2092	1628	2721	1824	2122	2388	1556	1510	1861	1386	1276	1259	1119	1591	1553	1790	1909
Ndufs2_-_171237359.23-P2	Ndufs2_P2	279	893	784	1409	1168	1201	990	1056	909	1450	1571	1447	1394	707	807	978	876	646	731	823	822	723	1117	1145
Atn1_-_124756716.23-P1P2	Atn1	326	670	1001	1159	878	1165	840	997	846	828	754	1102	1440	652	794	778	599	782	643	733	828	784	900	999
Gpbp1_+_111489853.23-P1P2	Gpbp1	389	1062	919	1130	1202	1333	1145	1034	897	1526	1070	1359	1779	850	882	1007	794	845	736	883	903	914	1070	1099
Plcb1_+_134786271.23-P1P2	Plcb1	290	1213	1265	1494	1589	1389	1244	1436	1060	1707	1246	983	1742	498	1075	1261	908	1001	866	1038	1099	1089	1262	1459
Maf_+_115707778.23-P1P2	Maf	140	305	260	356	323	374	268	313	303	354	307	404	350	17	217	345	247	273	252	264	259	292	350	323
Dlg4_+_70023934.23-P2	Dlg4_P2	404	781	836	1062	1051	1020	837	900	628	1497	804	1052	963	744	619	617	685	531	587	675	687	628	802	757
Bcl11b_-_108003988.23-P1P2	Bcl11b	417	1146	1370	1738	1251	1552	1199	1384	1103	1706	1559	2093	1091	1432	1012	1300	987	989	1013	1117	1169	1020	1532	1493
Rb1_-_73325637.23-P1P2	Rb1	359	857	1098	1484	1225	1227	1003	1267	847	1251	899	894	1090	838	692	841	705	594	611	824	861	560	859	868
Kcnd3_+_105451945.23-P1P2	Kcnd3	487	1079	983	1725	1408	1600	1287	1422	916	2009	2010	1925	1633	1586	966	1290	1199	920	830	1004	1062	994	1234	1069
Rab39b_-_75578169.23-P1P2	Rab39b	292	1035	924	1316	1623	1356	1112	1268	895	1210	1345	1360	2035	1280	891	1232	836	979	818	974	883	749	1186	1110
Mapk8_+_33447083.23-P1P2	Mapk8	388	1139	1181	1454	1406	1653	1354	1394	979	2101	1138	1476	2096	1287	991	1138	929	910	973	877	1133	1037	1248	1236
Ubqln2_-_153498221.23-P1P2	Ubqln2	705	1926	1881	2470	2637	2317	1995	2070	1493	2616	1931	2253	2172	1356	1800	2212	1516	1393	1413	1509	1573	1987	1925	2080
Klc3_+_19404087.23-P2	Klc3_P2	392	1180	757	1460	1334	1397	1132	1298	1038	1263	1205	1660	1218	1305	1029	1235	964	945	834	880	926	810	1123	1081
Cdk5_+_24423577.23-P1P2	Cdk5	782	1655	1550	2152	1941	2135	1674	1971	1487	2556	1851	2168	1907	890	1513	1553	1561	1208	1274	1453	1597	1384	1731	2118
Pak3_+_143518565.23-P2	Pak3_P2	309	1015	905	1707	1406	1461	1268	1138	909	880	1373	1112	1493	257	948	1168	907	856	781	949	918	934	1087	1098
Plekhg5_+_152087124.23-P1P2	Plekhg5	351	1043	1111	1514	1249	1241	988	1175	906	1128	1031	1294	1001	1064	740	1000	892	644	758	780	920	800	1022	1247
Dctn3_+_41723123.23-P1P2	Dctn3	382	634	433	808	729	747	719	576	448	1079	537	725	812	1100	352	432	286	352	287	341	398	139	253	248
Txnip_+_96557964.23-P1P2	Txnip	598	1175	1258	1748	1616	1692	1409	1587	1212	2479	1753	2070	1275	1121	1108	1241	971	1004	878	924	1160	989	1546	1290
Egfr_+_16752298.23-P1P2	Egfr	731	1595	1501	2095	2034	1970	1964	1669	1268	2515	1976	2741	2569	791	1519	1760	1459	1287	1174	1316	1330	1645	1854	1944
Ntf3_-_126164937.23-P1	Ntf3_P1	286	989	803	1264	1139	1260	1266	1176	816	1513	973	1687	1144	1742	817	1094	713	862	725	711	923	911	1187	1151
Psma6_-_55398925.23-P1P2	Psma6	602	1757	1927	2235	2441	2395	1313	1736	1369	1639	1660	2048	2733	1129	1430	1673	1301	1261	1157	1386	1437	1233	1722	1474
Nr4a2_+_57114897.23-P1	Nr4a2_P1	270	648	645	986	830	916	709	728	637	821	859	882	1199	1031	565	661	690	502	542	594	706	549	854	763
Rars2_-_34615026.23-P1P2	Rars2	549	1345	1269	1967	1651	1750	1345	1605	1200	1946	1502	2147	1501	1271	1283	1656	1308	1004	1125	1207	1269	1353	1540	1524
Psen2_+_180229968.23-P2	Psen2_P2	571	1509	993	1817	1571	1691	1380	1533	1338	2168	1906	1873	2159	751	1259	1449	1197	1123	1007	1202	1234	1288	1459	1609
Dlg4_+_70023938.23-P2	Dlg4_P2	393	1014	984	1442	1420	1160	1149	1083	1001	1678	1509	1081	1189	1206	845	920	1007	888	796	893	818	1030	1138	1100
Zfyve1_+_83596891.23-P1P2	Zfyve1	232	736	777	1188	1006	1121	850	867	812	895	827	1322	734	687	682	830	765	607	582	873	803	703	951	922
Pde4a_+_21196803.23-P1	Pde4a_P1	354	875	1035	1677	1333	1048	878	1237	810	1452	1339	1237	1958	1453	746	954	795	708	775	855	907	919	1094	1102
Araf_-_20848639.23-P1P2	Araf	378	1016	898	1173	1416	1226	806	925	914	1241	787	1672	1041	1157	927	1057	788	828	645	810	831	812	1081	1076
Fis1_-_136962140.23-P1	Fis1_P1	229	858	771	1271	963	1115	976	901	708	1241	1009	923	1143	406	655	889	725	627	643	710	686	594	1037	777
Atrx_+_105929153.23-P1P2	Atrx	567	1006	737	1438	1363	1331	1031	1046	880	1232	1138	993	1101	399	919	927	904	743	694	835	791	645	1033	890
Sst_-_23890732.23-P1P2	Sst	369	1297	1042	2126	1425	1711	1368	1345	1154	1876	1743	1334	1515	720	1166	1338	1074	1064	963	1061	1093	961	1336	1531
Nxnl1_-_71566595.23-P1P2	Nxnl1	623	1346	955	1673	1654	1596	1278	1282	995	2514	1191	2086	1087	1331	1062	1269	1018	994	916	1099	1079	1128	1478	1416
Ube2l6_+_84798900.23-P1P2	Ube2l6	856	2160	1902	3092	2842	2584	2237	2475	1982	4090	2537	3395	2819	2482	2022	2248	1774	1725	1601	1774	1897	1656	2487	2347
Dctn1_-_83166002.23-P1P2	Dctn1	321	968	984	1457	1534	1405	1081	1131	934	1074	1280	1161	1125	569	926	1080	913	796	790	811	991	922	1051	1169
Ampd2_-_108085370.23-P2	Ampd2_P2	583	1148	1086	1756	1427	1447	1166	1131	894	1580	992	1676	2068	1328	1045	1110	831	857	822	845	840	887	1195	1242
Sdf4_-_155993317.23-P1P2	Sdf4	324	608	863	1236	1259	979	899	835	634	910	1069	1442	1147	564	778	792	690	679	593	788	655	621	955	930
Map3k10_-_27674531.23-P1P2	Map3k10	215	818	583	1045	572	909	758	709	630	1236	726	1100	1040	539	651	833	717	658	547	750	599	684	794	860
Samd9l_-_3399475.23-P1P2	Samd9l	459	1357	1108	1693	1429	1558	1371	1247	1045	2070	1350	1267	1197	1437	1129	1207	954	949	885	959	1145	897	1334	1562
Atxn1_+_45964947.23-P1P2	Atxn1	626	1574	1378	2344	2031	2012	1459	1795	1635	1786	1717	1641	2433	1224	1396	1618	1316	1343	1185	1252	1368	1307	1838	1834
Trip4_-_65884760.23-P1	Trip4_P1	410	1274	913	1351	1305	1588	1626	1506	1060	2206	1374	1217	2497	1717	1110	1486	1050	1005	1000	1043	1067	1108	1208	1407
S100b_+_76253967.23-P1P2	S100b	317	1053	1101	1612	1310	1426	1012	1117	1132	2102	1537	1486	2073	981	1167	1143	1041	878	965	1125	1118	1012	1353	1461
Cxcl10_-_92348844.23-P1P2	Cxcl10	502	1382	1135	1732	1365	1460	1281	1080	994	1537	1611	1533	1504	644	1096	1147	1104	953	1012	1067	1083	1050	1302	1041
Grin2c_+_115267213.23-P1P2	Grin2c	487	1254	1230	1655	1383	1589	1210	1554	1068	1413	1324	1874	1690	701	1028	1150	974	1013	900	1246	1146	1069	1236	1389
Zfp46_-_136286106.23-P2	Zfp46_P2	330	979	977	1488	1461	1276	1047	1168	782	1669	943	1430	1731	2008	927	1073	874	788	695	917	816	859	1053	1036
Clu_+_65969823.23-P2	Clu_P2	461	1281	1304	1776	1823	1607	1394	1595	1278	2929	1472	1797	1961	654	1212	1426	1223	1061	1070	1190	1128	1215	1604	1540
Wnt6_-_74772131.23-P1P2	Wnt6	627	1536	1362	2036	2014	2257	1609	1929	1410	1808	2087	2405	2685	1335	1489	1649	1456	1432	1335	1466	1457	1530	2016	1901
Fzd7_+_59482174.23-P1P2	Fzd7	537	1276	1311	1631	1257	1487	1195	1401	1129	2139	1892	1750	1652	236	1029	1213	980	1062	950	978	1085	1028	1285	1302
Sdha_+_74350147.23-P1P2	Sdha	242	984	800	1125	900	843	631	823	870	1118	1003	743	1305	579	573	590	627	484	511	586	578	428	572	602
Prkcg_+_3303560.23-P1P2	Prkcg	343	741	633	992	865	847	525	635	580	799	635	609	954	212	598	682	516	495	489	423	500	440	638	539
Hpdl_+_116821442.23-P1P2	Hpdl	607	1047	1129	1728	1319	1437	1286	1295	1009	1609	1215	1632	1538	1102	1072	1203	915	893	920	931	1107	1070	1404	1350
Acox1_-_116198708.23-P1P2	Acox1	626	1481	1220	1919	1554	1775	1516	1490	1221	2319	1244	1674	2363	1539	1175	1544	1214	1122	959	1193	1318	1219	1330	1405
Sod2_-_13008027.23-P1P2	Sod2	1014	2382	2415	3226	3360	3164	3135	2855	2432	3355	2398	3203	2590	3907	2128	2381	2254	2166	1709	2020	2224	1855	2510	2374
Stat3_+_100939441.23-P1P2	Stat3	398	1275	1080	1787	1760	1562	1122	1491	1017	1882	1811	1435	1712	710	1129	1237	1101	908	919	882	914	1100	1260	1303
Traf2_+_25546834.23-P1P2	Traf2	492	1115	1110	1412	1705	1690	1440	1509	1190	1679	1155	1793	1977	1709	1155	1260	1055	1034	971	1033	1004	1185	1535	1392
Mrpl3_-_105053294.23-P1P2	Mrpl3	252	686	380	742	737	735	505	592	509	892	808	1337	1161	17	574	489	430	461	432	498	463	420	664	610
Trpv4_+_114658331.23-P1P2	Trpv4	307	962	876	995	899	1213	975	1041	810	2144	1288	1168	1008	1161	665	801	709	672	741	618	760	872	769	1041
Homer1_+_93304139.23-P1P2	Homer1	307	869	883	1175	1052	1063	889	925	707	709	1415	1318	780	963	652	911	671	622	658	722	731	951	1155	898
Mtpap_+_4375657.23-P1P2	Mtpap	614	1501	1397	2328	2017	2184	1621	2046	1388	3256	2705	2128	2178	2511	1321	1748	1339	1328	1219	1385	1412	872	1636	1496
Lrp5_+_3686344.23-P1P2	Lrp5	581	1015	958	1655	1390	1291	1018	1294	776	1175	1293	1394	1263	723	964	1002	925	936	882	874	898	910	1280	1181
Npc2_-_84772853.23-P1P2	Npc2	584	1374	1220	2151	1554	1444	942	1094	858	1326	1255	1135	1416	543	625	617	472	417	451	478	586	385	418	483
Nup62_-_44816432.23-P1P2	Nup62	619	1521	1386	2215	1758	1468	988	1043	867	1205	1312	1226	1355	943	727	702	566	369	502	483	720	308	701	609
Icam1_+_21016044.23-P1P2	Icam1	513	1558	1329	2072	1983	1999	1610	1994	1371	1984	1775	1784	2089	1002	1269	1494	1223	1027	1165	1384	1352	1357	1761	1633
Klc3_-_19404063.23-P2	Klc3_P2	424	1350	1196	1611	1576	1676	1271	1406	976	1353	1655	1716	1873	1689	991	1418	968	1049	935	1182	1086	1174	1485	1376
Hspb2_-_50752107.23-P1P2	Hspb2	510	1073	1138	1791	1479	1488	1231	1362	965	2014	1263	1218	1008	1672	1057	1261	973	911	775	944	1064	953	1345	1222
Il1a_-_129309912.23-P1P2	Il1a	215	553	589	839	831	708	637	693	504	1283	686	689	736	892	505	627	523	586	444	513	612	559	748	749
Ndufa11_+_56717799.23-P1P2	Ndufa11	421	1171	1286	1875	1692	1542	1397	1624	1038	1544	1873	1583	1952	1579	1061	1228	1110	1130	870	1140	1050	881	1611	1342
Tank_-_61593177.23-P1	Tank_P1	385	593	451	885	987	834	720	792	623	1364	1149	1000	1152	1491	580	813	601	592	481	623	641	562	849	716
Fyn_-_39369988.23-P1P2	Fyn	489	1049	1228	1611	1554	1326	1076	1414	931	1444	947	1550	2161	1071	983	1094	1057	918	844	990	994	1006	1284	1281
Prx_-_27499397.23-P1	Prx_P1	292	1009	893	1455	1170	1357	1106	1377	938	1397	1284	1275	1150	819	1019	1198	917	816	731	949	936	1003	1396	1306
App_+_85173670.23-P1P2	App	266	1055	792	1239	933	1082	1194	989	747	1138	1251	1143	969	78	748	990	880	710	785	822	767	784	947	1026
Aifm1_+_48513351.23-P1P2	Aifm1	537	1368	1623	2006	1555	1837	1591	1704	1173	1729	1618	1965	2588	1860	1309	1313	1200	1383	1037	1267	1311	1190	1669	1569
Ndufa2_-_36744509.23-P1P2	Ndufa2	494	1176	1122	1916	1537	1691	1332	1520	1290	2782	1485	1770	2370	990	1182	1201	1119	1023	978	1136	1176	1189	1570	1569
Dnal1_+_84114391.23-P1P2	Dnal1	199	610	629	874	842	856	811	779	654	1262	859	775	781	503	610	625	661	570	537	561	519	612	870	897
Fam168b_+_34842805.23-P1P2	Fam168b	443	1390	1180	1804	1723	1636	1543	1513	1234	1663	1557	1523	1659	658	1132	1224	1118	1070	988	1131	1185	1122	1395	1297
Cox7b_+_106015735.23-P1P2	Cox7b	203	523	351	589	671	575	458	613	490	452	495	474	609	314	301	483	279	333	292	392	399	389	493	362
Stmn1_-_134468406.23-P1	Stmn1_P1	484	1283	1366	1858	1525	1597	1511	1439	1156	2007	1624	1295	2081	695	1156	1394	1185	1002	975	1133	1160	1170	1441	1337
Cacna1g_-_94474331.23-P1P2	Cacna1g	197	494	423	670	539	565	506	554	472	809	523	726	652	291	457	534	415	387	422	453	470	503	535	485
Psmd11_+_80429038.23-P1P2	Psmd11	500	1927	1445	2387	1979	2144	1814	1924	1514	2294	2339	2344	2036	1264	1683	1823	1450	1305	1343	1346	1670	1527	2129	1992
Ppp3cc_-_70289462.23-P1P2	Ppp3cc	313	1203	985	1705	1692	1475	1268	1399	1044	2000	1524	2053	1609	1506	983	1099	966	889	814	969	966	938	1175	1251
Tubb6_+_67390714.23-P1P2	Tubb6	730	1714	1483	2305	2210	2065	1798	2168	1664	2429	1929	2175	2627	1264	1536	1686	1436	1596	1446	1489	1498	1601	1943	1794
Psmd2_-_20651713.23-P1P2	Psmd2	476	1334	1427	2084	2089	1515	848	1089	707	1108	1469	1144	908	896	716	638	544	432	405	469	730	366	634	707
Zfp46_+_136284671.23-P1	Zfp46_P1	200	685	671	1065	915	1058	1035	891	595	1723	868	1184	900	418	585	815	600	578	505	706	570	657	808	773
Dnm2_-_21424991.23-P1P2	Dnm2	323	883	674	1293	1194	1079	901	1111	905	1577	1165	1112	792	510	735	780	862	746	637	793	718	888	1004	1041
Hsd17b10_-_152001916.23-P1P2	Hsd17b10	282	787	731	1014	761	1052	1053	853	660	548	951	1215	1177	1443	746	885	581	588	627	652	682	190	378	406
Mfn2_-_147904639.23-P1P2	Mfn2	336	695	718	970	992	1125	676	963	710	1527	909	1074	1358	933	497	677	553	580	557	585	545	415	779	604
Pla2g5_-_138819146.23-P1P2	Pla2g5	414	1191	1077	1533	1639	1507	1626	1628	1064	1929	1149	1265	1938	217	1226	1389	1018	1095	1001	1208	1087	1179	1238	1285
Cxcl10_+_92348833.23-P1P2	Cxcl10	599	1795	1220	1856	1562	1839	1709	1870	1290	2615	1966	2348	2099	1041	1350	1536	1224	1184	1216	1285	1249	1404	1644	1755
Ins1_-_52264511.23-P1P2	Ins1	557	1671	1751	2297	2296	2220	1616	1778	1443	2717	2389	2320	2597	1824	1540	1727	1275	1340	1233	1354	1400	1317	2063	2016
Ppp3r1_+_17159317.23-P1P2	Ppp3r1	609	1164	1158	1553	1590	1470	1133	1363	1195	1697	1696	1902	1923	1105	1158	1263	975	1033	937	1063	970	1249	1347	1363
Kif5a_-_127263041.23-P1P2	Kif5a	554	1760	1492	2362	2245	1895	1445	2020	1381	2272	2252	2082	1896	313	1361	1568	1328	1244	1218	1372	1441	1421	1876	1600
Wnt7b_+_85581833.23-P1	Wnt7b_P1	378	1805	1219	1974	1849	1779	1674	1810	1496	2055	1717	2535	1482	888	1284	1631	1133	1094	1088	1279	1338	1173	1697	1390
Ace_+_105968023.23-P1P2	Ace	466	905	950	1384	1331	1104	1090	1236	746	1337	1231	1294	1471	1060	805	873	747	790	683	788	755	790	1027	1018
Fzd3_-_65262411.23-P1P2	Fzd3	409	966	788	1397	1095	1209	944	1154	880	1051	1044	1448	961	650	796	1032	804	799	748	867	913	740	1155	1121
Cox6a1_-_115348592.23-P1P2	Cox6a1	401	1767	1551	2615	1866	2237	2052	1942	1636	2939	2357	2296	3266	3383	1542	1879	1471	1508	1399	1451	1767	1635	1798	2094
Epg5_-_77938554.23-P1P2	Epg5	193	719	825	1418	1057	1114	898	1166	967	1588	1317	1384	1349	597	884	937	761	920	747	758	795	861	935	1198
Serpina3m_-_104387372.23-P1P2	Serpina3m	691	1800	1659	2393	2026	2557	2112	2050	1654	2650	2564	3245	3507	1989	1601	2062	1662	1422	1327	1515	1608	1737	2170	2012
Metrn_-_25796915.23-P1P2	Metrn	526	1669	1606	2389	2012	2129	1950	2099	1413	2049	2154	2277	2797	734	1563	1841	1527	1557	1372	1511	1531	1475	1799	1955
Kcna1_-_126645746.23-P1P2	Kcna1	385	830	1304	1365	1004	1312	983	1177	1051	1561	712	1168	1260	570	958	1043	996	864	749	882	957	1031	1206	1117
Kcnd3_+_105451892.23-P1P2	Kcnd3	396	1203	1119	1383	1456	1536	1201	1098	1122	1725	1103	1641	1859	1217	966	1146	963	868	884	968	1071	986	1092	1265
Gsk3a_+_25237759.23-P1P2	Gsk3a	461	1239	1318	1971	1870	2156	1373	1685	1526	2499	2267	1902	2363	1569	1305	1434	1257	1207	1104	1379	1308	1250	1688	1681
Vcp_+_43000058.23-P1P2	Vcp	278	793	931	858	1157	924	768	921	630	1463	838	1250	1459	446	692	751	634	648	577	684	736	702	791	782
Elavl1_-_4325007.23-P1P2	Elavl1	426	1191	1139	1766	1629	1758	1418	1603	1129	1304	2213	1817	2511	571	1174	1405	1214	1086	1080	1185	1223	1355	1632	1601
Pmp22_+_63131525.23-P1	Pmp22_P1	411	934	685	1131	951	1028	784	739	716	952	867	1157	1370	452	713	734	631	520	650	619	604	715	770	793
Tmprss4_+_45203982.23-P1P2	Tmprss4	556	1631	1494	2577	2195	2097	1692	1944	1296	1873	1400	2293	2474	1851	1294	1631	1313	1125	1136	1382	1378	1400	1717	1665
Cyp2d40_-_82763853.23-P1P2	Cyp2d40	440	1105	787	1656	1667	1347	1221	1397	948	1525	1046	1750	1603	1739	1008	1187	903	807	869	1062	865	931	1242	1265
"Oxr1_-_41447529.23-ENSMUST00000110297.2,ENSMUST00000090096.4"	Oxr1	317	1242	1301	1599	1249	1440	1235	1360	1050	1254	1316	1651	1261	616	1082	1190	929	934	897	961	1020	1114	1240	1154
Cln8_-_14888892.23-P1P2	Cln8	362	1012	718	1299	1493	1054	1065	942	936	1406	1531	1092	1488	1291	810	1006	710	657	694	843	819	497	758	665
Dkk4_-_22624090.23-P1P2	Dkk4	729	1806	1609	2382	2526	2333	1840	2042	1641	2852	2411	2539	2575	1907	1566	1773	1527	1503	1291	1302	1510	1636	1913	1834
Gm11127_-_36058079.23-P1P2	Gm11127	365	1030	1030	1326	931	1147	1054	944	747	1323	720	852	1507	1253	797	1100	784	741	759	811	804	787	1004	966
Cd40_-_165055886.23-P1P2	Cd40	449	963	1106	1818	1484	1562	1347	1379	1066	1831	1357	1243	1386	622	971	1317	920	990	885	935	995	938	1298	1071
Polr3k_-_181864624.23-P1P2	Polr3k	540	1029	541	1610	1443	1115	509	706	510	935	443	859	548	279	538	574	371	328	323	384	437	266	463	343
Neurod1_-_79456537.23-P1P2	Neurod1	430	1354	1229	1689	1638	1524	1568	1567	1209	2192	1587	1676	2043	697	1196	1473	1088	1012	960	1208	1234	1241	1477	1184
Icam1_+_21016055.23-P1P2	Icam1	533	1607	1664	2397	2050	2131	2127	2146	1643	2181	1954	2318	2264	698	1517	1691	1453	1363	1307	1437	1564	1399	1912	1694
Il17a_+_20730931.23-P1P2	Il17a	625	1365	1301	2077	1877	1999	1145	2087	1471	2237	1633	1943	1807	2638	1380	1473	1230	1341	1142	1295	1249	1324	1852	1740
non-targeting_01689	non-targeting	518	1297	1238	1839	1394	1632	1469	1589	1244	1709	1417	1364	1863	1288	1230	1335	1144	1046	1024	1104	1200	1213	1549	1456
Pla2g1b_-_115466260.23-P1P2	Pla2g1b	261	663	661	760	681	875	683	789	542	842	523	487	1024	1041	486	670	545	579	478	470	597	618	587	743
Hdac2_+_36974586.23-P1P2	Hdac2	559	932	1041	1340	1225	1178	1071	1116	866	1052	997	1514	1201	610	1028	1104	879	878	831	928	907	964	1220	1204
Gapdh_+_125165538.23-P1P2	Gapdh	278	1170	871	1405	1286	1188	1000	1075	854	2176	1211	1141	1648	248	840	779	667	640	697	667	840	706	944	906
Fa2h_-_111393573.23-P1P2	Fa2h	636	1512	1420	2604	2120	2130	2122	1919	1616	2823	2420	1908	3188	1140	1579	1736	1443	1447	1496	1542	1556	1400	2062	1836
S100a1_-_90514243.23-P1P2	S100a1	479	1544	1161	1698	1713	1594	1329	1675	1311	1935	1581	1506	2362	1555	1219	1429	1159	1107	1080	1141	1308	1234	1488	1368
Srr_+_74925662.23-P1P2	Srr	238	741	653	928	799	952	956	670	633	1307	1132	862	852	614	630	860	596	564	486	606	686	653	733	1004
Ang_-_51096452.23-P1	Ang_P1	491	830	862	1531	1374	1318	1157	1334	958	1314	1308	1104	1216	402	858	1186	807	729	756	775	870	1040	1178	1097
Map2_+_66175349.23-P1	Map2_P1	494	1198	1059	1636	1554	1589	1312	1378	1118	1868	958	1919	1501	1579	1185	1267	1182	1120	931	1172	1204	1160	1568	1357
Snx14_-_88438844.23-P1P2	Snx14	486	1382	1226	1867	1533	1684	1563	1674	1135	1809	1747	2240	2276	660	1051	1293	1139	1094	934	1119	1236	1405	1508	1491
Gstm7_+_107931550.23-P1P2	Gstm7	814	2037	1727	2686	2648	2615	1841	2380	1765	3633	2580	2106	3245	2877	1739	2040	1667	1634	1428	1659	1709	1853	2166	2487
Exosc9_+_36552665.23-P1P2	Exosc9	345	1042	686	1562	1048	1434	864	1235	861	1575	959	1436	886	1824	950	983	769	911	836	838	920	986	1271	1346
Cdk5_+_24423502.23-P1P2	Cdk5	527	1040	1054	1605	1447	1194	1038	1348	768	2042	1185	1290	1730	1176	821	957	743	698	671	788	882	633	914	985
B4galnt1_+_127165214.23-P1P2	B4galnt1	436	1267	1253	1550	1525	1535	1379	1457	1200	1997	1489	1679	1741	901	1268	1218	1047	932	1006	1123	1110	1070	1331	1546
Abcd1_-_73716806.23-P1P2	Abcd1	477	1715	1476	2441	2132	1879	1875	1826	1355	2655	2215	2448	2312	1280	1418	1705	1326	1268	1245	1552	1508	1383	1981	1980
Kif1a_-_93101812.23-P1P2	Kif1a	256	950	716	1367	1319	1073	655	1054	607	1273	627	1345	1023	664	730	867	678	636	607	663	535	626	958	865
Lox_-_52529565.23-P1P2	Lox	598	1327	1233	1695	1852	1722	1619	1676	1276	2397	1792	2182	1874	945	1260	1421	1083	1182	1014	1227	1269	1463	1629	1545
Uba1_-_20658476.23-P2	Uba1_P2	353	729	765	942	1137	930	862	873	805	964	1165	1302	964	422	643	811	661	684	551	705	754	546	878	965
Rtn2_-_19282731.23-P2	Rtn2_P2	385	786	997	1142	1136	1227	889	1136	685	980	852	1184	1209	1539	919	1180	805	855	735	852	788	878	1029	986
Socs3_-_117969157.23-P1P2	Socs3	338	719	599	928	1152	1005	724	976	812	1044	988	1119	1075	1273	611	776	699	551	615	624	694	805	928	820
Epha8_-_136956721.23-P1P2	Epha8	425	1224	1282	1474	1490	1348	1263	1217	832	2045	1146	1749	2247	764	887	1284	940	758	830	1059	1007	938	1263	1254
Nhlrc1_+_47014809.23-P1P2	Nhlrc1	236	435	442	711	727	651	627	613	371	649	639	515	493	465	447	597	481	391	382	468	538	496	573	711
Dctn3_+_41723087.23-P1P2	Dctn3	462	1372	1430	1724	1611	1501	1154	1251	1041	1846	2028	1930	3171	819	890	765	592	713	603	788	838	254	559	470
Cx3cl1_-_94772212.23-P1P2	Cx3cl1	279	1144	727	1267	1207	1115	842	1131	934	1347	1410	1464	1358	746	771	1023	793	676	756	788	744	911	904	1020
Map2k3_+_60932281.23-P1P2	Map2k3	370	877	812	1132	1546	1026	893	1057	699	1151	851	1143	724	377	831	807	665	688	699	670	641	739	944	1117
Hspg2_-_137469041.23-P1P2	Hspg2	319	1087	1198	1932	1433	1755	1260	1428	1014	1142	1212	1630	2520	996	1191	1161	968	1049	978	1145	1111	1136	1546	1407
Ptpn13_+_103425303.23-P1P2	Ptpn13	187	860	708	932	902	1043	902	914	814	1600	599	957	938	59	713	824	761	706	598	641	579	661	798	982
Tmem240_-_155734871.23-P1P2	Tmem240	488	1077	1042	1514	1255	1449	1080	1227	960	2104	1310	1439	1315	994	961	1201	962	873	752	931	980	978	1161	1362
Ighmbp2_-_3282772.23-P1P2	Ighmbp2	420	822	751	964	1310	1158	842	849	666	1018	1227	1246	1282	797	591	745	585	600	497	594	576	178	446	357
Cacna1b_-_24763112.23-P1P2	Cacna1b	640	1290	1081	2001	1384	1488	1424	1417	1019	1608	1462	1950	2068	1895	1038	1142	885	1013	862	1005	1071	1082	1236	1334
Foxo3_+_42276634.23-P1P2	Foxo3	642	1642	1585	2451	2104	2412	2311	2007	1743	2936	2424	2704	3158	3070	1607	2011	1575	1499	1406	1702	1716	1884	2220	2028
Chrm3_-_9878957.23-ENSMUST00000063093.9	Chrm3	746	1787	1562	2343	2121	2320	1931	2176	1733	2964	1527	2592	2370	1765	1652	1760	1494	1567	1316	1474	1546	1451	2085	1857
Nefl_+_68083919.23-P1P2	Nefl	302	1153	924	1490	1475	1284	1078	1012	894	1471	1211	1371	1465	653	908	1038	747	736	723	961	891	910	1004	877
Xbp1_+_5521034.23-P1P2	Xbp1	237	539	384	949	771	706	569	790	517	328	783	846	1173	992	464	621	559	379	463	546	468	466	626	634
Zfp46_+_136284743.23-P1	Zfp46_P1	217	471	664	863	642	765	607	772	546	631	831	969	761	182	538	590	485	397	399	508	577	450	644	655
Dnmt1_+_20952825.23-P1P2	Dnmt1	218	460	412	666	581	622	637	875	525	807	701	517	683	831	491	558	592	510	470	542	578	417	649	603
Ppp3r2_-_49681976.23-P1P2	Ppp3r2	282	811	855	1388	1242	1148	929	1213	819	1652	1284	980	1217	1354	789	950	840	706	669	739	819	733	964	977
Foxo1_-_52268407.23-P1P2	Foxo1	261	834	567	926	878	887	724	829	681	860	464	773	1041	41	514	734	631	562	435	526	759	583	722	838
Abca7_+_79996708.23-P1P2	Abca7	418	1019	695	1230	1421	1293	871	1194	761	1004	1570	875	858	410	827	1149	778	752	686	713	821	919	1055	950
"Calcoco2_-_96111980.23-ENSMUST00000068686.6,ENSMUST00000097162.5"	Calcoco2	347	723	725	1170	875	955	970	718	688	924	911	1152	911	732	678	846	661	691	603	720	637	565	868	815
Dnah2_-_69544482.23-ENSMUST00000035539.5	Dnah2	490	1118	1178	1747	1419	1620	1257	1393	1007	1595	1584	1731	1855	223	1003	1224	1013	996	870	974	1025	954	1348	1496
Cox6a2_-_128206285.23-P1P2	Cox6a2	421	842	636	1141	1286	1266	995	1099	870	1225	660	813	1823	191	829	873	863	691	585	704	746	875	1130	990
Cpn1_-_43986307.23-P1P2	Cpn1	322	970	1135	1305	1316	1344	1048	1164	917	1382	1307	1257	1737	1633	809	1040	809	733	749	904	816	890	1202	1224
Bcl2l1_-_152830460.23-P1	Bcl2l1_P1	348	783	893	1178	1298	1073	903	978	879	1825	791	1304	1207	643	781	870	832	640	704	868	800	667	1032	953
Vapb_-_173737802.23-P1P2	Vapb	325	953	901	1320	1156	1203	975	935	775	1574	1378	1408	1620	585	714	877	711	863	674	908	948	867	1059	963
Plp1_-_136822957.23-P1P2	Plp1	384	896	777	1403	1399	1258	945	992	831	1782	1162	1210	1388	1269	835	1026	900	757	779	771	870	840	1000	1064
Fgf2_+_37348349.23-ENSMUST00000138563.2	Fgf2	326	1131	850	1426	1197	1369	1099	1076	989	1729	1603	1814	1070	1575	956	1167	882	943	799	872	990	1080	1297	1286
Plcb1_-_134786218.23-P1P2	Plcb1	226	362	433	759	581	662	562	509	494	574	364	121	431	23	419	556	452	417	378	491	514	362	593	636
Gchfr_-_119167890.23-P1P2	Gchfr	665	1560	1359	2429	2357	2253	1775	1948	1390	2155	1953	1889	1955	2141	1680	1980	1492	1343	1295	1455	1425	1734	2081	2029
Cabin1_-_75764151.23-P1P2	Cabin1	142	594	483	723	602	674	471	656	371	600	606	691	714	1150	461	546	487	333	392	396	495	432	604	620
Padi4_+_140750527.23-P2	Padi4_P2	223	510	548	713	703	817	713	701	527	830	776	825	572	1358	533	578	449	519	445	498	593	546	692	756
Pde10a_+_8801837.23-P1P2	Pde10a	351	560	555	618	691	701	433	542	454	877	309	516	485	402	466	456	416	437	393	503	358	373	647	453
Vdac2_+_21831569.23-P1P2	Vdac2	1109	3399	3006	4380	4123	4029	3586	3219	2896	4385	3338	4799	4038	3435	2882	3743	2841	2749	2481	2573	2882	2998	3760	3473
Gm7030_-_36129518.23-P1P2	Gm7030	611	1474	1391	1817	1959	1707	1547	1673	1095	2447	1824	1319	1481	931	1152	1396	1158	1111	1036	1133	1251	1259	1494	1577
Acsbg1_-_54661666.23-P1P2	Acsbg1	569	1408	992	2091	1875	1902	1698	1834	1319	2686	2087	1697	1691	180	1284	1371	1122	1145	1061	1259	1231	1154	1620	1610
non-targeting_01886	non-targeting	291	553	657	620	802	872	601	775	610	568	814	1001	591	335	611	600	544	578	446	575	641	492	699	574
Tsn_+_118310999.23-P1P2	Tsn	624	1654	1444	2100	1650	1790	1429	1942	1472	1699	1835	2144	2424	1983	1458	1599	1411	1255	1236	1461	1323	1252	1892	1727
Ascl1_+_87493616.23-P1P2	Ascl1	531	1477	1250	1809	1692	1702	1353	1748	1320	2627	1511	2013	2220	1188	1344	1485	1141	1244	1108	1138	1228	1424	1651	1424
Trrap_-_144768205.23-P1P2	Trrap	320	1035	1024	1445	1422	1492	1148	1300	1017	1688	1273	1209	1767	842	897	1221	943	799	861	1058	1085	1001	1255	1239
Ndufs2_-_171237547.23-P2	Ndufs2_P2	688	1276	1516	2048	2234	1884	1836	1782	1293	2536	1965	2068	2470	1311	1391	1461	1191	1080	1176	1301	1276	1524	1701	1679
Srr_+_74925652.23-P1P2	Srr	220	592	441	971	821	724	787	775	596	1118	898	733	898	713	596	603	502	510	462	492	619	560	807	660
Ptges_+_30930098.23-P2	Ptges_P2	358	871	665	996	1270	1187	698	1204	839	938	879	1241	955	442	775	893	707	743	735	800	793	662	897	1012
Gm11127_+_36058048.23-P1P2	Gm11127	271	684	746	1226	903	1134	916	925	722	1338	898	1435	1303	1125	831	975	767	755	627	749	776	748	937	879
B4galnt1_-_127165931.23-P1P2	B4galnt1	693	1345	1398	2212	1798	1490	1393	1577	1203	2728	1758	2034	2358	1624	1248	1289	1068	1052	1165	1299	1242	1219	1829	1432
H2-M10.6_+_36812191.23-ENSMUST00000041398.4	H2-M10.6	700	1872	1915	2566	2513	2407	2323	2259	1729	2764	2081	2146	2859	1006	1650	1934	1664	1863	1361	1653	1802	1594	2256	2297
Ndufv1_-_4012467.23-P1P2	Ndufv1	625	1173	1105	1549	1397	1722	1539	1354	1261	2427	1719	1415	1639	795	1148	1266	1127	1184	1088	1163	1194	1224	1372	1336
Hace1_-_45577930.23-P1P2	Hace1	315	927	733	1426	1333	1256	1023	1246	728	2035	1360	1364	1125	37	945	1032	832	906	717	949	847	946	1107	1247
Cyp2d26_+_82794239.23-P1P2	Cyp2d26	464	1319	1347	2008	1960	1830	1309	1489	1170	2241	1396	1836	2535	629	1327	1452	1172	1029	979	1163	1220	1184	1673	1566
Gpx3_+_54902960.23-P1P2	Gpx3	318	1056	677	1323	1498	1141	908	976	702	1265	1031	1295	1427	1052	778	993	772	797	724	821	759	867	951	1106
Ly6e_+_74955702.23-P1P2	Ly6e	539	1164	886	1666	1210	1371	1302	1463	1048	1416	1519	2019	2154	1356	1098	1158	1123	921	834	1115	959	1089	1176	1213
Fas_+_34290738.23-P1P2	Fas	330	893	834	1482	1370	1279	913	1132	873	1522	1213	1339	1521	822	734	959	761	856	765	885	881	867	1168	1195
Igfals_+_24878985.23-P1P2	Igfals	491	1459	1438	1731	1765	1713	1489	1659	1172	2108	1924	1815	1693	1036	1274	1253	1196	1024	937	1227	1105	1163	1679	1559
Acox1_-_116198724.23-P1P2	Acox1	616	1536	1519	2318	2197	2121	1633	2114	1466	2519	1723	1727	2769	1922	1483	1771	1431	1289	1256	1236	1570	1525	1758	2014
Atg14_+_47568388.23-P1P2	Atg14	395	907	810	1435	1741	1229	1213	1097	955	1980	1271	1389	1270	220	842	1063	761	835	695	760	848	819	1075	1029
Sgsh_-_119355475.23-P1P2	Sgsh	794	1886	2004	2586	2503	2292	2145	2207	1613	2190	1928	2324	3334	1603	1610	1859	1511	1647	1361	1590	1652	1762	2174	2030
Cpt1c_-_44974770.23-P1P2	Cpt1c	488	1039	750	1520	1263	1192	1140	1251	1114	1366	1119	1751	2143	865	933	1077	852	850	822	877	1053	905	1207	1173
Hspa1b_-_34959125.23-P1P2	Hspa1b	326	765	645	1142	1050	996	934	970	810	1286	836	1159	1192	756	728	814	630	556	514	734	719	768	827	849
Wipi1_-_109611289.23-P1P2	Wipi1	990	2375	1921	3333	2634	2859	3185	2299	2124	4155	2890	2337	3977	1581	1998	2543	1691	1971	1834	2065	1974	1952	2618	2983
Fos_+_85473878.23-P1P2	Fos	437	1033	1249	1949	1732	1856	1610	1544	1359	1817	1535	1196	2306	629	1095	1149	953	1000	990	1133	1244	1240	1406	1340
Sema6b_-_56133771.23-P2	Sema6b_P2	534	1297	1111	1874	1839	1723	1371	1812	1076	1741	1482	2136	1998	455	1242	1416	1164	1077	1021	1212	1258	1207	1647	1402
Cacna1d_+_30353468.23-P1P2	Cacna1d	520	1182	1107	1542	1605	1334	1127	1012	954	1677	1195	1334	1366	1464	1099	1088	926	779	761	842	933	948	1421	1140
Atrx_-_105929306.23-P1P2	Atrx	916	1877	1472	1989	2233	2114	1726	2145	1618	1962	1957	1984	2029	1101	1512	1759	1488	1333	1196	1391	1556	1746	1771	1645
Sema6b_+_56140347.23-P1	Sema6b_P1	330	848	840	1248	1298	1176	949	1239	873	1339	859	1172	1263	1439	774	929	719	748	587	817	827	786	1088	1006
Serpina1e_-_103958707.23-P2	Serpina1e_P2	787	1401	1476	1982	1719	2235	1800	2110	1561	2317	1819	2495	2673	1193	1332	1804	1505	1317	1169	1406	1383	1608	1564	1545
Gosr1_+_76763518.23-P1P2	Gosr1	238	541	538	826	827	715	779	775	597	502	969	923	714	282	497	651	486	446	418	565	547	442	621	665
Serpina1a_+_103863490.23-P1P2	Serpina1a	251	996	947	1554	1259	1144	1065	1304	758	1380	1023	938	1233	1295	773	983	698	707	681	860	800	799	1103	989
Csnk2b_+_35121019.23-P1P2	Csnk2b	583	1553	1292	2427	2101	1979	1985	1789	1410	3229	2474	2301	2178	1386	1589	1495	1467	1208	1226	1257	1556	1260	1694	1804
Wnt9b_-_103749552.23-P1P2	Wnt9b	393	1031	992	1511	1640	1624	1269	1447	1132	2190	1209	1415	1890	488	1014	1210	1033	1042	910	989	1123	916	1530	1262
Kif1c_+_70700686.23-P1P2	Kif1c	497	1666	1362	2213	1791	1993	1400	1694	1098	2793	1884	1538	2433	1830	1044	1428	1198	1176	1082	1313	1308	1377	1643	1540
Dnali1_-_125065628.23-P1P2	Dnali1	369	1097	952	1606	1535	1475	1318	1292	1183	2250	1483	1518	1879	1073	1029	1142	1093	928	849	896	1059	1040	1194	1386
Sncb_+_54766497.23-P1P2	Sncb	588	1592	1323	1793	2093	1991	1843	1678	1456	2113	2000	1998	2670	1839	1485	1754	1500	1275	1203	1553	1558	1566	1880	1777
Casp6_-_129901492.23-P1P2	Casp6	262	1040	826	1450	1433	1202	973	1149	764	1274	1390	1311	1377	997	913	1049	826	753	751	933	884	844	1039	1063
Gabarapl2_+_111940743.23-P1P2	Gabarapl2	508	1086	1228	1873	1747	1781	1545	1628	1370	2739	1580	1615	1683	1322	1220	1444	1161	1061	1006	1136	1278	1121	1404	1589
Psmb1_-_15498241.23-P1P2	Psmb1	367	713	685	1173	833	1049	789	958	757	753	842	714	1542	468	674	916	690	855	527	657	692	701	860	839
Pnkp_-_44857558.23-P1P2	Pnkp	296	896	681	1049	1065	1063	796	1001	754	1125	783	964	1167	297	701	784	755	659	681	607	669	670	896	867
Tmprss4_+_45204013.23-P1P2	Tmprss4	451	996	922	1435	1151	1193	911	889	784	1311	1055	1089	1463	1476	781	1003	752	716	585	628	708	635	1001	937
Lingo1_+_56634969.23-P1P2	Lingo1	260	848	694	1136	956	1159	871	837	831	892	1219	892	1317	628	659	736	661	630	588	638	669	677	749	994
Pars2_+_106651162.23-P1P2	Pars2	749	1366	1028	1767	1894	1788	1630	1660	1100	1241	1597	2340	2016	1832	1019	1420	958	1041	950	1041	1078	469	557	681
Hap1_+_100356043.23-P1P2	Hap1	556	1934	1534	2235	1868	2050	1801	1882	1478	2572	1752	2077	3007	2878	1472	1851	1398	1425	1212	1333	1527	1402	1934	2025
Ndufb8_+_44555362.23-P1P2	Ndufb8	586	1325	1148	1538	1483	1442	1125	1075	987	1642	1342	982	1612	2988	948	1230	885	786	876	1137	1104	574	762	756
Fzd10_-_128600905.23-P1P2	Fzd10	471	1445	1074	1888	1645	1505	1241	1296	1052	2198	2018	1452	1964	1295	1117	1312	1141	941	970	996	1124	991	1463	1571
Pnpt1_-_29130763.23-P1P2	Pnpt1	309	902	785	1282	1377	1055	892	937	840	676	851	1056	1114	579	506	817	616	468	625	657	666	744	954	786
Dnah2_-_69549021.23-ENSMUST00000108659.1	Dnah2	328	702	760	1038	820	924	906	962	702	704	1017	1113	821	350	668	855	640	544	519	638	696	609	732	800
Syne1_-_5550738.23-ENSMUST00000041639.5	Syne1	629	1317	1371	1981	1639	1879	1771	1708	1295	2091	1942	1909	2642	1363	1107	1530	1192	1017	980	1231	1212	1338	1541	1472
Npc2_-_84772898.23-P1P2	Npc2	346	1139	806	1192	1138	1181	1170	1033	618	1292	1148	1064	1447	1183	719	629	623	617	519	595	657	423	533	603
Dab1_-_104367610.23-P1P2	Dab1	366	1312	1164	1676	1736	1391	1169	1145	850	1715	1707	2034	1614	1264	1028	1378	941	1011	996	980	1117	1158	1467	1310
Psmb4_-_94886878.23-P1P2	Psmb4	607	1727	1509	2722	2205	2329	1874	2200	1879	2859	3214	2631	3281	1759	1648	1775	1455	1506	1355	1543	1615	1695	2276	2042
Ndufb3_-_58586836.23-P1P2	Ndufb3	438	728	702	1306	1101	1138	976	1172	811	709	1157	1201	1748	123	813	897	698	673	722	760	747	735	921	855
Ndufv2_-_66101470.23-P1P2	Ndufv2	653	1400	1260	1938	2113	1769	1535	1871	1357	2190	1576	1648	2367	632	1353	1686	1237	1272	1162	1374	1321	1448	1702	1755
Pmp22_+_63133135.23-P2	Pmp22_P2	270	821	796	998	1053	933	783	694	542	924	1020	863	570	630	712	660	636	702	620	565	790	650	885	875
Pnpla6_+_3515390.23-P1	Pnpla6_P1	345	1295	1123	1960	1740	1632	1378	1408	1189	1917	1058	2093	2019	534	1164	1232	1117	1219	942	1122	1095	1342	1384	1309
Prph_+_99055229.23-P1P2	Prph	557	1357	1284	1990	1760	1648	1408	1451	1245	1731	1721	1446	1989	2119	1193	1399	1141	970	1124	1160	1219	1104	1512	1457
Adora3_-_105870927.23-P1P2	Adora3	730	1578	1458	2447	1907	1768	1645	1683	1396	2014	1839	2026	2865	1476	1314	1670	1312	1214	1064	1208	1193	1237	1597	1615
Epha4_+_77515022.23-P1P2	Epha4	430	1158	1071	1595	1559	1492	1094	1459	963	1077	1285	1264	2254	1470	970	1135	1012	808	825	988	971	1047	1286	1227
Fyn_-_39369814.23-P1P2	Fyn	535	1031	922	1474	1313	1270	976	1102	922	1752	1209	1461	1457	852	774	1059	958	810	712	969	844	983	1171	1270
Ndufc1_+_51408948.23-P1P2	Ndufc1	274	799	790	1281	889	1024	943	734	669	1039	1358	882	1526	213	728	800	751	603	550	615	726	666	820	872
Mog_-_37023236.23-P1P2	Mog	228	833	910	1261	1146	1035	749	904	872	937	1096	829	1472	176	696	960	703	697	661	716	767	813	973	914
Prkar1b_-_139129409.23-P1P2	Prkar1b	265	960	732	1231	855	942	834	828	712	1898	830	992	1081	17	717	837	669	609	571	782	749	627	848	861
Tango2_+_18343902.23-P1P2	Tango2	367	1359	1102	1606	1246	1397	1289	1235	980	696	1226	1072	1846	1214	1028	1156	909	858	824	851	1085	898	1196	1261
Clcn2_-_20717708.23-P2	Clcn2_P2	307	749	736	1111	731	857	704	617	563	805	813	995	957	630	520	688	593	467	549	500	459	505	705	613
Vps37a_+_40511862.23-P1P2	Vps37a	651	1368	1206	2077	1623	1581	1252	1434	1076	1382	1591	2144	2493	412	1004	1217	1064	807	922	1032	1143	944	1175	1173
Inpp4a_-_37299937.23-P1P2	Inpp4a	307	970	765	1291	932	1185	1165	1077	863	1300	1041	656	1439	943	792	935	724	682	703	757	762	710	1032	977
Clk1_-_58423969.23-P1P2	Clk1	557	1255	1128	1620	1611	1517	1338	1355	1102	1609	1425	1955	1962	1142	1085	1446	1101	950	869	1149	1117	954	1529	1270
Tsen34_+_3693785.23-P1P2	Tsen34	337	839	1107	1507	1345	1233	845	1000	807	1013	886	1376	1532	1210	917	935	862	541	691	701	733	876	1229	975
Rest_-_77265564.23-P1P2	Rest	390	986	1208	1404	1322	1255	954	1271	898	1970	1099	1543	1086	740	928	1006	860	941	747	924	1034	979	1205	1282
Morc2a_+_3649586.23-P1P2	Morc2a	157	735	810	1143	737	977	842	791	639	1011	656	750	1671	1130	612	564	617	592	581	569	629	579	851	843
Gdnf_-_7811044.23-P1P2	Gdnf	547	1681	1531	2311	2228	2156	1984	1788	1469	2621	2289	2367	1890	1263	1360	1872	1413	1240	1235	1382	1550	1386	1959	1923
Cox5b_+_36691796.23-P1P2	Cox5b	486	730	766	1292	810	1155	1101	1103	783	1165	1188	849	1252	1126	709	765	751	573	591	815	713	572	730	770
Apex2_+_150588044.23-P1P2	Apex2	238	648	610	1064	791	648	894	699	565	1101	1039	677	1170	835	534	529	609	490	525	526	465	546	764	606
Gcdh_+_84893527.23-P1P2	Gcdh	451	1194	958	1647	1464	1515	1268	1272	1165	1329	1395	1562	2353	1427	1062	1293	978	958	887	883	1230	932	1311	1381
H2-M10.2_-_36286454.23-ENSMUST00000023845.6	H2-M10.2	554	1225	1186	1996	1796	1602	1375	1342	1376	2408	1485	1789	1817	961	1239	1522	1172	1067	1044	1038	1252	1124	1524	1489
Klc3_+_19399712.23-P1	Klc3_P1	202	801	599	980	802	926	758	871	694	1204	1341	894	1147	841	604	865	614	604	561	603	594	654	904	858
Dnali1_-_125065637.23-P1P2	Dnali1	344	917	847	1274	1423	1155	1176	1088	881	921	1226	1936	1251	343	873	930	800	780	728	910	853	874	1129	1088
Ndufa1_+_37191092.23-P1P2	Ndufa1	486	1372	1249	1966	1859	1577	1392	1567	1268	1763	1728	1468	2394	1942	1032	1214	1076	953	912	1034	1154	548	775	682
Tlr4_+_66827623.23-P1P2	Tlr4	696	1307	1511	1961	1874	2076	1531	1898	1543	2510	1607	1593	2488	583	1549	1873	1458	1145	1273	1423	1537	1352	2059	1755
Hdac2_+_36974564.23-P1P2	Hdac2	436	1135	854	1273	1347	1239	1137	1222	950	1500	1284	939	1904	890	888	1008	864	749	814	863	903	777	1140	1248
Aaas_-_102350651.23-P1P2	Aaas	380	920	773	1058	1098	965	890	993	629	1668	1061	1194	1087	1727	680	934	731	535	678	682	632	619	923	975
Clec16a_-_10545742.23-P1P2	Clec16a	579	1419	1320	2212	2064	1903	1707	1966	1897	1858	1845	2443	2206	1520	1354	1669	1417	1378	1199	1338	1415	1438	1725	1827
Cyp7b1_-_18243270.23-P1P2	Cyp7b1	537	1446	965	2008	1819	1717	1320	1484	1274	1616	1157	1794	1587	498	1232	1381	1145	922	1008	1139	1219	1020	1580	1575
Slc6a4_-_76998620.23-P2	Slc6a4_P2	623	1659	1347	2156	1660	1856	1644	1701	1219	2238	2178	1791	2196	1419	1445	1772	1346	1156	1165	1482	1352	1332	1754	1768
Dnal1_+_84114388.23-P1P2	Dnal1	356	1024	764	1516	1281	1272	1383	1027	897	1266	878	1373	1468	669	973	954	888	710	726	851	874	805	1044	983
Coq2_-_100673994.23-P1P2	Coq2	792	1591	1412	2184	2255	2087	2054	1860	1531	3269	2431	2079	2559	2682	1469	1609	1419	1251	1259	1350	1413	1433	1678	1895
Il12a_-_68691653.23-P1P2	Il12a	638	1600	1575	2385	2077	1967	1625	1906	1574	3425	2178	2159	3170	924	1453	1697	1371	1266	1214	1436	1417	1283	1805	1957
Mpg_+_32226714.23-P1P2	Mpg	514	1228	1266	2152	1387	1654	1368	1287	1102	2319	1568	2002	1672	1057	1145	1214	922	918	933	1049	1070	1174	1289	1386
Grm2_-_106656028.23-P1P2	Grm2	546	1307	1090	1775	1677	1528	1225	1517	1168	2224	1292	1434	2127	1030	1072	1426	1147	1119	1059	1092	1163	1234	1373	1402
Angpt4_+_151911314.23-P1P2	Angpt4	337	779	942	1311	1130	1358	926	1069	1010	878	1046	1024	1519	631	845	948	819	739	700	838	730	652	1037	696
Plcb4_+_135805768.23-ENSMUST00000035646.4	Plcb4	265	856	636	1254	895	978	648	867	592	1084	1352	1000	1147	836	780	784	570	628	627	667	729	660	894	827
Ampd2_-_108085335.23-P2	Ampd2_P2	204	826	780	1270	1056	1135	1059	1102	796	1227	1368	1267	1315	411	913	976	634	716	680	707	882	848	974	916
Hdac2_+_36974576.23-P1P2	Hdac2	144	425	382	621	803	466	640	531	429	856	446	421	867	245	430	506	384	465	367	449	507	414	495	512
Dnah11_-_118198935.23-P1P2	Dnah11	543	1544	1304	2151	1917	1747	1368	1529	1329	1993	1284	1626	2292	1005	1312	1610	1308	1012	1141	1281	1263	1134	1639	1528
Hes3_+_152291651.23-P1P2	Hes3	321	1030	863	1163	954	1204	932	973	857	1713	1023	1116	957	1479	758	987	772	938	782	782	868	638	1142	954
Vdac2_+_21831558.23-P1P2	Vdac2	318	774	608	1126	781	992	1036	874	737	1094	1067	759	1467	66	697	720	658	514	529	654	662	651	791	923
Ndufa8_+_36049259.23-P1P2	Ndufa8	634	1045	1034	1905	1504	1470	1701	1276	1123	2416	1659	1476	2110	1631	1032	1229	1141	912	918	1110	1118	861	1384	1286
Wipi2_-_142629603.23-P1P2	Wipi2	351	859	777	1290	1426	1314	1072	1275	871	1892	1439	1253	873	1190	937	1024	798	808	816	704	898	803	1055	1072
Psmc3_-_91054171.23-P1P2	Psmc3	491	935	973	1468	1356	972	545	643	423	658	878	750	621	1311	403	415	323	250	195	279	358	205	442	494
non-targeting_04038	non-targeting	148	477	610	654	522	615	427	650	503	548	523	591	695	614	461	509	402	384	366	493	456	369	570	503
"Oxr1_+_41789693.23-ENSMUST00000090095.5,ENSMUST00000022918.7"	Oxr1	536	1593	1183	1730	1833	1850	1503	1702	1500	1981	2121	1849	2036	1240	1342	1480	1140	1161	1190	1213	1286	1279	1792	1602
Kcnd3_+_105452131.23-P1P2	Kcnd3	598	1364	929	1822	1889	1567	1376	1535	1309	1812	1237	1250	2558	1241	1017	1360	948	980	1016	1099	1172	1127	1701	1744
Ptges_+_30903227.23-P1	Ptges_P1	725	1614	1530	2078	2182	2149	1767	1899	1379	2899	2455	2099	2535	1398	1530	1654	1337	1320	1401	1405	1409	1402	1933	2010
Folr1_+_101864082.23-P2	Folr1_P2	459	1309	1147	1728	1562	1583	1234	1152	1228	2739	1295	1278	1936	1579	1034	1357	976	914	1004	1048	1117	934	1346	1489
Ndrg1_-_66969590.23-P1P2	Ndrg1	347	1110	797	1582	1716	1285	1164	1232	860	1620	1545	1655	1826	463	1078	1037	1013	866	825	967	941	972	1282	1293
Psmc5_-_106256400.23-P1P2	Psmc5	141	479	519	836	637	556	543	550	328	1192	533	548	777	229	462	563	441	450	301	446	363	387	512	497
Pik3c3_-_30273123.23-P1P2	Pik3c3	487	1138	893	1555	1400	1283	937	1028	907	1592	1018	1225	1391	1354	709	758	723	578	551	681	721	376	629	488
Mpz_+_171155544.23-P1P2	Mpz	673	1772	1484	2317	2031	1966	1629	1881	1500	2062	1582	2346	3295	2055	1501	1487	1233	1349	1251	1330	1326	1335	1666	1833
Chrm1_-_8664169.23-P1P2	Chrm1	573	1823	1739	2937	2088	2333	1881	1828	1486	2511	1805	2484	2423	2485	1608	1706	1377	1439	1358	1668	1680	1614	1796	2067
Pank1_-_34877852.23-P1P2	Pank1	745	1396	1081	2053	1670	1676	1490	1760	1248	1667	1608	1483	2658	1215	1268	1539	1418	1103	1025	1277	1342	1317	1650	1669
Rgs10_+_128418116.23-P1P2	Rgs10	743	1830	1433	2182	2257	2105	1831	1961	1473	2417	2469	2280	2624	579	1369	1683	1387	1476	1245	1366	1396	1503	1837	1825
Optn_+_5064052.23-P1P2	Optn	509	1262	984	1695	1443	1492	1194	1140	1090	1538	1239	1324	1449	2607	1078	1267	1018	891	900	1028	1055	1260	1199	1495
Gstm4_+_108044826.23-P1P2	Gstm4	452	1243	1101	1734	1602	1742	1249	1486	1086	2212	1378	1452	1612	1793	1233	1312	1237	903	1037	1123	1118	1264	1446	1524
Il4_-_53618440.23-P1P2	Il4	328	1004	840	1189	1325	1129	1027	1012	993	1401	1127	1296	1173	1125	947	1005	760	801	700	864	788	665	1141	991
Gcdh_+_84893724.23-P1P2	Gcdh	295	936	969	1330	1177	1247	958	1148	824	1365	981	1148	1718	1534	920	1280	888	949	872	972	825	871	1207	1163
Prkar1b_+_139129628.23-P1P2	Prkar1b	632	1325	1454	1745	1711	1872	1661	1666	1275	2498	1794	1731	2632	1057	1316	1609	1196	1075	1115	1105	1341	1069	1629	1731
Serpina3i_+_104263359.23-P1P2	Serpina3i	330	1031	810	1346	1366	1481	938	1458	955	949	737	908	1110	977	875	1220	831	816	716	919	920	835	1066	1090
non-targeting_02234	non-targeting	451	1101	1147	1418	1301	1568	1142	1491	1076	1703	1681	2276	1673	760	1212	1203	1122	1000	883	981	1179	1132	1555	1395
Atp7a_-_106027540.23-P1P2	Atp7a	350	1028	977	1330	1409	1158	1152	1054	774	1292	1253	1267	1221	2179	797	1011	701	737	714	826	766	646	1017	968
Gusb_+_130002860.23-P1P2	Gusb	319	783	843	1181	1021	956	817	1212	842	1236	1151	927	942	1040	688	867	615	724	603	742	682	779	912	948
Ids_-_70364829.23-P1P2	Ids	156	537	551	753	508	726	565	705	557	609	733	515	761	876	517	551	367	393	405	493	428	491	690	671
Gstm4_+_108044779.23-P1P2	Gstm4	542	1654	1489	2170	1844	2183	1782	1971	1329	2486	1590	1756	2555	1176	1387	1641	1434	1113	1164	1359	1394	1258	1748	1524
Gsto1_-_47855080.23-P1P2	Gsto1	578	1188	1142	1674	1884	1603	1294	1373	1250	1965	1833	1468	2024	1264	1254	1277	1150	1088	911	1133	1188	1172	1566	1511
Inf2_-_112604178.23-P2	Inf2_P2	260	738	816	894	751	826	915	891	671	1269	779	812	1331	970	678	835	578	577	581	626	627	590	715	979
Dnah10_+_124725161.23-P1P2	Dnah10	255	1364	908	1470	1366	1302	1305	1244	997	2530	1200	1689	1688	1059	1042	1114	959	862	936	1012	960	988	1106	1318
Ndufv3_+_31520190.23-P1P2	Ndufv3	350	690	748	1479	1459	1139	969	1053	749	965	1035	1536	1291	1013	759	924	793	710	688	708	761	704	867	972
Gosr1_+_76763496.23-P1P2	Gosr1	447	971	793	1458	1250	1208	599	830	703	1609	835	1133	1475	373	687	812	602	451	559	608	637	496	660	706
Hprt_+_52988191.23-P1P2	Hprt	464	1202	1093	1688	1800	1695	1355	1706	1233	1845	1365	973	1948	1401	966	1261	1078	910	915	977	1137	1334	1317	1345
Src_-_157424318.23-P1P2	Src	355	837	906	1193	1194	1211	1024	818	653	886	940	1100	1806	698	747	1020	833	778	625	813	790	796	1197	1002
Cdc42_+_137357655.23-P1P2	Cdc42	383	1283	1185	1901	1945	1611	1282	1539	1173	2195	2032	1942	2171	1515	1228	1312	1074	1188	1026	1072	1137	1130	1531	1581
Wnt9b_-_103749695.23-P1P2	Wnt9b	217	775	760	1164	1147	981	757	933	696	1194	1129	1668	1310	746	707	791	688	646	645	575	736	607	922	946
Stat3_-_100939371.23-P1P2	Stat3	762	2128	1749	2830	2524	2590	2441	2329	1618	2369	2730	2551	2700	2164	1816	2089	1710	1951	1490	1801	1801	1937	2463	2330
Ogdh_-_6291686.23-P1P2	Ogdh	417	889	699	1422	1099	1103	754	707	835	1697	904	1095	1417	711	665	589	516	589	528	593	726	246	553	575
Ywhag_-_135934547.23-P1P2	Ywhag	236	727	694	1102	1130	1099	802	785	750	1353	941	888	1211	665	751	992	737	558	625	631	794	807	974	845
Hif1a_-_73908027.23-P1P2	Hif1a	376	880	965	1483	1245	1360	1012	1380	856	875	1415	1227	1210	372	898	1010	903	874	802	851	925	872	1164	1331
non-targeting_03524	non-targeting	361	1085	992	1908	1515	1339	1329	1154	1062	1916	1452	1708	1656	1142	997	1043	965	814	849	913	960	939	1129	1118
Morc2b_+_33139513.23-P1P2	Morc2b	305	959	1021	1139	1009	1168	1085	1148	911	926	1441	1552	1742	385	908	980	858	631	716	754	835	661	1116	1064
Kcne3_-_100178762.23-P1	Kcne3_P1	326	1253	1008	1477	1514	1419	995	1428	963	1373	1043	1775	1385	1079	931	1198	803	810	837	901	939	1104	1023	1213
Cdk11b_-_155624915.23-P1P2	Cdk11b	238	658	680	981	680	931	700	889	681	833	642	868	712	292	549	665	534	606	555	523	609	661	823	736
Htt_+_34761806.23-P1P2	Htt	572	1468	1043	1994	1726	1659	1363	1473	1248	1795	1747	931	2065	1422	1272	1287	1085	1043	978	1168	1171	979	1424	1502
Gria1_-_57011741.23-P1P2	Gria1	207	667	510	1177	885	759	629	601	536	1401	769	921	606	226	589	652	620	523	531	510	534	471	806	608
Aqp1_+_55336461.23-P1P2	Aqp1	435	750	676	1193	1052	1109	1315	1123	877	2004	1245	833	1796	1237	754	1002	775	630	704	763	792	939	1042	1053
Sirt1_+_63339002.23-P1P2	Sirt1	528	1152	936	1851	1256	1484	1142	1484	1028	1026	1017	1540	1815	920	1132	1258	970	842	857	1127	928	1034	1310	1329
Fzd8_-_9212989.23-ENSMUST00000041080.5	Fzd8	321	1431	1150	1849	1797	1616	1569	1581	1377	1361	1258	1263	2210	1338	1363	1543	1167	1170	1083	1159	1163	1205	1462	1489
Slc17a7_+_45164141.23-P1P2	Slc17a7	146	723	571	784	754	774	703	541	634	986	755	867	1191	437	581	615	573	588	434	522	610	671	621	741
Uba7_+_107975637.23-P1	Uba7_P1	378	757	762	1239	1086	965	593	814	851	722	826	1066	1419	858	680	821	663	691	596	740	589	774	808	1091
Il15_-_82403180.23-P1P2	Il15	529	1341	1082	1647	1478	1555	1480	1362	1235	2591	967	1114	1433	236	1151	1193	1069	938	883	1145	1160	1094	1382	1336
Asah1_+_41374601.23-P1P2	Asah1	377	760	751	1039	1202	1126	879	978	660	1399	1269	1169	1159	1110	705	803	665	743	685	698	733	869	1112	1009
Kcna3_+_107036166.23-P1P2	Kcna3	353	1015	861	1162	1301	1144	930	1070	724	1743	1035	1054	1950	1431	720	996	736	742	687	767	835	873	1010	1012
Tubb4a_-_57087557.23-P1P2	Tubb4a	172	638	711	1165	866	847	810	711	537	1213	939	714	1184	736	597	649	583	565	551	492	614	639	740	815
Bcl2l1_+_152831684.23-P2	Bcl2l1_P2	668	1894	1542	2356	2034	1969	1502	1995	1387	2090	1328	1402	2146	1357	1396	1497	1238	1164	1186	1270	1358	1285	1855	1572
Mapt_+_104231574.23-P1P2	Mapt	228	747	571	928	1159	871	617	921	674	629	720	1055	941	462	748	666	563	583	545	635	680	666	773	814
Stmn1_+_134468354.23-P1	Stmn1_P1	596	1719	1079	2441	2271	1892	2005	1762	1358	1952	2382	2097	2446	1183	1327	1606	1314	1238	1097	1366	1419	1296	1589	1892
Atp6ap2_-_12587848.23-P1P2	Atp6ap2	426	712	854	1158	920	1112	715	883	598	1155	1531	982	847	604	741	799	715	607	637	746	646	618	678	623
Hnrnpa2b1_+_51469846.23-P1P2	Hnrnpa2b1	684	1241	1148	1819	1973	1768	1546	1415	1308	1572	2435	2650	2877	1136	1433	1496	1376	1126	1173	1277	1461	1433	1683	1625
Wnt1_+_98789903.23-P1P2	Wnt1	390	686	552	1131	965	1042	1003	964	731	1205	938	1096	1319	531	665	1029	673	640	650	771	769	835	1014	944
Exosc8_+_54735020.23-P1P2	Exosc8	378	752	627	1155	987	1015	974	855	648	1181	993	1113	1037	665	674	789	648	597	705	678	690	775	943	822
Crat_+_30415468.23-P1P2	Crat	435	687	676	1235	1151	1012	776	1037	690	1013	967	1285	1567	1026	753	819	545	653	620	781	675	832	948	885
non-targeting_00529	non-targeting	426	1103	860	1232	929	1264	1041	1266	870	1814	1253	880	1661	687	929	1071	735	835	769	857	994	736	1209	1073
Snx27_+_94582338.23-P1P2	Snx27	287	803	627	1440	938	993	1052	1083	829	1144	814	961	1367	226	692	871	838	707	622	769	655	618	793	1113
Ndufb2_+_39592627.23-P1P2	Ndufb2	537	1602	1216	2231	1867	1729	1455	1586	1233	2158	1836	2461	1959	1165	1254	1341	1066	1037	1128	1212	1146	1056	1381	1366
Afg3l2_+_67449146.23-P1P2	Afg3l2	218	664	839	1118	1093	1028	948	968	721	1149	647	1008	1053	329	605	1063	727	665	726	644	776	651	811	968
Gm2a_+_55098121.23-P1P2	Gm2a	831	1720	1229	2361	2363	2056	1581	1901	1558	2907	1873	2147	2053	1452	1499	1759	1515	1455	1209	1381	1381	1692	1947	1930
Psmb5_+_54617981.23-P1P2	Psmb5	82	235	168	203	198	281	93	269	150	144	155	116	250	658	173	213	146	95	124	109	133	104	133	143
Slc1a2_-_102706483.23-ENSMUST00000111212.1	Slc1a2	222	1113	814	1256	1176	1158	1072	1067	1048	1567	1447	1898	1361	1114	846	975	763	769	619	859	748	856	959	1015
Slc39a14_-_70351328.23-P1P2	Slc39a14	84	307	170	383	470	337	361	343	269	367	455	371	622	13	276	305	255	226	201	295	303	303	380	370
Frat2_+_41848037.23-P1P2	Frat2	697	1303	1433	2083	1890	1904	1602	1583	1234	1990	2000	2141	2497	1046	1299	1702	1288	1132	1140	1210	1305	1223	1886	1577
Il12a_-_68691455.23-P1P2	Il12a	635	1228	1184	1967	1936	1748	1595	1724	1406	2312	1650	1986	2118	2146	1127	1461	1188	1225	1187	1192	1472	1368	1539	1683
Slc25a38_-_120110420.23-P1	Slc25a38_P1	189	542	520	696	557	781	475	591	531	1044	524	554	622	700	460	664	525	397	444	464	515	381	595	569
Lrp5_-_3686567.23-P1P2	Lrp5	391	758	769	1347	1167	1103	898	1245	857	1989	1387	1038	1253	1125	909	960	722	828	742	957	787	834	1194	1262
Slc11a2_-_100424088.23-P2	Slc11a2_P2	771	1613	1431	2075	1702	1927	1851	1589	1341	1873	1123	2014	2126	2796	1302	1392	1327	1158	1148	1335	1331	1363	1758	2014
Gstm4_+_108044794.23-P1P2	Gstm4	566	1629	867	1968	1705	2024	1473	2012	1186	1914	1863	1781	2038	1295	1406	1669	1300	1452	1153	1297	1384	1288	1737	1715
Jph3_+_121730145.23-P1P2	Jph3	394	1232	1343	1922	1666	1485	1250	1325	989	2117	1521	1812	2080	2179	1104	1205	1150	1019	896	1133	1205	1079	1515	1685
Sort1_-_108284168.23-P1P2	Sort1	186	525	617	815	922	734	561	733	538	1246	1048	1057	1289	1032	551	617	497	698	445	410	463	708	711	583
Hexb_+_97198268.23-P1P2	Hexb	1231	2367	2196	3525	3365	3295	2589	2714	2152	3354	2602	3393	3971	1597	2285	2718	2162	1986	1926	2119	2163	2402	3068	2947
F2rl3_+_72761911.23-P1P2	F2rl3	422	1050	833	1699	1453	1246	1146	950	841	1428	1092	668	1682	501	889	1065	718	977	693	800	821	905	998	1096
Tfg_+_56717205.23-P1P2	Tfg	658	1626	1555	2149	2148	1796	1425	1383	1368	2282	1404	1952	2103	1901	1104	1125	1091	1022	887	1054	1222	875	1163	1165
Erlin2_+_27023920.23-P1P2	Erlin2	371	976	1071	1437	1315	1318	1093	1305	779	1354	805	1651	1618	93	846	1082	910	793	783	852	972	962	1149	1152
Srsf7_-_80207308.23-P1P2	Srsf7	300	1090	935	1401	1422	1337	829	1145	835	1811	1278	1507	1182	435	720	753	723	613	577	747	776	518	852	617
Prkra_-_76648010.23-P1P2	Prkra	441	973	991	1486	1137	1139	977	939	952	1527	920	1465	1294	731	787	979	874	921	744	827	765	925	1155	924
Wnt11_-_98839062.23-P2	Wnt11_P2	261	668	737	917	842	914	806	1028	662	949	1053	490	723	590	673	834	647	578	578	610	735	717	802	864
Padi2_-_140924351.23-P2	Padi2_P2	529	1347	1270	2064	1621	1936	1430	1580	1204	2147	1230	1798	1862	1607	1353	1556	1158	1279	1160	1234	1308	1176	1634	1766
Htt_+_34761785.23-P1P2	Htt	364	1000	988	1512	1279	1222	876	1058	813	1696	950	854	1648	1701	750	889	782	704	620	803	824	719	1103	883
Ahsg_+_22892098.23-P1P2	Ahsg	429	1145	937	1445	1214	1345	902	1263	878	1262	1590	2040	2089	420	893	1025	804	852	842	795	960	749	1145	1232
Ndufa8_-_36049249.23-P1P2	Ndufa8	312	980	789	1088	1107	1224	1088	1114	838	866	1064	1111	885	1376	894	957	828	750	698	646	830	759	949	1041
Uqcrh_-_116074868.23-P1P2	Uqcrh	451	702	701	1012	896	1019	875	771	615	1185	980	1009	1452	345	747	776	689	604	574	581	726	551	834	798
Coch_+_51593444.23-P1P2	Coch	217	702	958	1018	766	737	605	701	622	1671	1059	824	1024	1039	512	634	597	542	482	534	603	499	915	656
Ngfr_-_95587684.23-P1P2	Ngfr	475	1175	1306	1843	1664	1905	1521	1375	1026	1469	1354	1769	2051	582	1261	1426	1085	1117	968	1233	1197	1167	1424	1718
Apc_-_34247734.23-P2	Apc_P2	361	895	1074	1551	1497	1454	1052	1401	935	1819	1408	1388	1795	1248	945	1251	968	859	857	924	1113	1110	1392	1460
Sbf1_+_89315238.23-P1P2	Sbf1	364	1057	1251	1489	1260	1280	1249	1269	923	1629	1341	1579	1306	702	1074	1052	957	780	798	989	933	989	1078	1089
Mpo_+_87793779.23-P1P2	Mpo	363	858	764	1181	997	1012	887	957	721	1569	654	971	1431	764	678	808	758	672	622	813	934	561	888	988
Ddhd2_-_25754348.23-P1P2	Ddhd2	450	1427	939	1606	1597	1557	1400	1568	1252	2441	1531	1642	1779	1686	1065	1264	1026	1086	1092	1081	1063	1044	1482	1520
Mme_-_63296268.23-P2	Mme_P2	653	1635	1409	2404	2543	2129	1782	2391	1398	3091	2654	2362	3001	1296	1665	2021	1608	1490	1278	1469	1340	1531	2019	1904
Slc25a5_-_36795919.23-P1P2	Slc25a5	285	445	461	879	653	740	589	735	488	639	606	1021	1422	1036	500	657	485	443	465	482	539	506	647	663
Map2k1_-_64253376.23-P1P2	Map2k1	789	1598	1523	2594	2207	2322	1799	2063	1411	1443	1912	1744	2524	1616	1424	1791	1338	1181	1289	1454	1409	1455	1933	1798
Ulk1_+_110809689.23-P1P2	Ulk1	627	1639	1649	2193	2006	2171	1848	1751	1458	2568	2059	2166	2675	1176	1333	1646	1292	1395	1306	1375	1353	1423	1913	1861
Klc3_+_19399628.23-P1	Klc3_P1	680	1734	1512	2439	2241	2044	1748	1694	1496	3133	2795	2767	2286	1461	1556	1915	1383	1571	1452	1686	1638	1843	2019	2110
Nfkbia_-_55492537.23-P1P2	Nfkbia	377	947	814	1485	1087	1275	1259	1226	890	1727	761	1235	1457	1201	864	1124	793	703	680	800	812	919	900	1049
Uchl4_-_64235230.23-ENSMUST00000039011.3	Uchl4	303	772	577	1122	695	1027	885	971	760	969	450	1315	820	1170	760	820	591	601	633	569	719	769	929	729
Rab11a_-_64737645.23-P1P2	Rab11a	283	713	687	996	1145	975	804	790	746	1445	908	1045	1528	1279	783	650	609	610	475	657	725	796	994	841
Clk1_+_58423839.23-P1P2	Clk1	492	1346	955	1597	1422	1403	1139	1237	1103	1402	1018	1835	1677	1866	983	1160	1022	888	883	1041	946	1014	1329	1347
Gemin4_-_76243713.23-P2	Gemin4_P2	503	942	755	1125	1100	1123	1011	1209	814	1121	1403	1799	1517	1123	856	949	773	903	661	722	856	918	1207	1230
Mpz_+_171155569.23-P1P2	Mpz	357	905	911	1190	1228	1204	1123	1012	948	1794	1096	1188	1678	1723	866	925	856	704	747	823	965	786	1013	1065
Glul_-_153900609.23-P1P2	Glul	490	1435	1085	1978	1682	1750	1367	1724	1230	2071	1878	1937	1860	1353	1133	1498	1034	1030	982	1170	1245	1260	1649	1507
Ndufc2_-_97400102.23-P1P2	Ndufc2	407	1126	1015	1318	1304	1413	1219	1196	998	1283	1467	1721	1504	910	836	1124	819	813	781	848	896	696	722	792
Aifm1_-_48513356.23-P1P2	Aifm1	462	1589	1144	1797	1856	1587	1202	1422	1153	2173	1633	1780	1398	2210	1066	1362	1075	1029	983	1079	1006	1026	1215	1456
Ripk1_-_34002454.23-P1P2	Ripk1	301	752	854	1356	1561	1067	1024	1213	886	2082	1159	955	1165	714	886	980	735	788	733	832	946	837	1112	1144
Gad2_-_22622611.23-P1P2	Gad2	870	2151	2399	3161	3251	3022	2947	3094	1888	3975	3157	3368	4225	2677	2138	2463	2201	1839	1795	2078	2077	1916	2657	2700
Supt3_+_44777249.23-P1P2	Supt3	454	1308	1266	1790	1632	1609	1507	1607	1217	2415	1989	1757	2107	1183	1161	1274	1246	1134	965	1154	1187	999	1438	1461
Cox6a2_-_128206317.23-P1P2	Cox6a2	548	1061	1012	1563	1620	1420	1171	1065	1088	1710	993	1306	1236	673	859	1061	942	807	961	925	925	1005	1294	1199
Plb1_-_32247502.23-P1P2	Plb1	343	1314	1021	1768	1607	1703	1306	1578	963	1503	1562	1742	2290	2185	1172	1447	1081	967	1000	1093	1272	1205	1328	1343
Metrn_-_25796909.23-P1P2	Metrn	397	997	932	1201	1308	1316	995	967	1097	1032	1323	774	1149	987	812	1098	912	930	759	788	868	952	1180	1184
non-targeting_03291	non-targeting	188	467	581	767	867	720	568	552	515	704	664	960	935	609	527	611	512	435	484	457	445	435	740	566
Ins2_+_142679645.23-P1	Ins2_P1	591	1271	1146	1664	1288	1366	1369	1392	1196	1785	1270	1960	2289	553	955	1215	1023	857	807	803	1043	992	1328	1275
Csnk1a1_-_61555354.23-P1P2	Csnk1a1	334	937	828	1429	1237	1218	1045	1120	886	1230	1091	1392	1545	1002	837	1063	735	764	721	863	881	729	1049	1046
Mtor_-_148448652.23-P1P2	Mtor	178	659	550	732	472	737	655	670	450	688	1027	800	1112	531	612	515	459	387	406	466	463	408	571	680
Adap1_+_139325497.23-P1P2	Adap1	511	1338	1251	2151	1681	1725	1198	1594	1185	2338	1728	2009	1694	1643	1171	1276	1171	1011	1028	1290	1084	1265	1448	1600
Vps41_-_18717362.23-P1P2	Vps41	277	741	748	1007	995	857	819	850	795	1509	838	728	1100	569	583	743	610	622	551	589	660	463	617	745
Cd40lg_-_57212193.23-P1P2	Cd40lg	523	1416	889	1518	1541	1516	1617	1311	1053	1897	1521	1761	1808	395	1106	1202	948	873	845	1072	1132	1197	1646	1433
Zfp597_+_3884432.23-P1P2	Zfp597	576	1608	1484	2424	1925	1991	1743	1853	1344	2614	1698	2586	2177	1803	1650	1792	1293	1323	1237	1388	1633	1505	1792	1975
Snca_-_60828800.23-P1P2	Snca	425	726	713	1107	870	971	978	953	606	732	697	830	1181	225	699	913	731	723	550	716	777	599	889	802
Mpp1_-_75130934.23-P1P2	Mpp1	216	759	732	1215	1004	882	944	832	649	1493	610	1039	899	25	641	840	666	636	531	540	613	562	800	818
Nr4a2_-_57124117.23-P2	Nr4a2_P2	416	1322	1101	1482	1507	1405	1199	1230	999	1843	1247	1414	1288	520	1020	1109	988	779	864	1001	929	1033	1168	1196
Cln3_+_126583287.23-P1P2	Cln3	316	760	951	1062	1364	1150	847	1008	814	1443	644	1263	1413	384	832	893	749	645	695	783	749	585	827	936
Psmb2_-_126677673.23-P1P2	Psmb2	409	1098	1108	1517	1345	1485	1216	1136	973	1417	1301	1266	1154	597	932	998	878	761	805	922	1040	797	1154	1078
Unc13a_+_71671713.23-P1P2	Unc13a	499	1248	1043	1766	1140	1587	1313	1372	1230	1934	1673	1488	1487	249	1046	1276	1107	1062	1033	1001	1170	1166	1302	1397
Spg11_+_122118364.23-P1P2	Spg11	579	1953	1905	2883	2107	2563	2194	2191	1918	3824	2401	2383	3067	1585	1865	1940	1567	1737	1539	1931	1911	1701	2154	2115
Ndufa10_+_92473706.23-P1P2	Ndufa10	610	1528	1699	2155	2257	2278	1544	1845	1189	2550	1737	1971	1919	1567	1359	1553	1217	1205	1156	1297	1272	795	1189	1022
Pou5f1_-_35506252.23-P1P2	Pou5f1	541	1251	1099	1901	1600	1396	1188	1367	1088	1627	1164	1594	2654	2007	1072	1272	1071	867	783	987	1186	936	1273	1397
Il10_+_131020275.23-P1P2	Il10	331	1044	895	1429	1299	1377	1202	1121	1021	1491	1256	1398	1368	649	965	1165	925	834	893	1014	928	911	1396	1333
Cox7a2l_+_83514156.23-P1P2	Cox7a2l	442	1070	1040	1484	1445	1479	1116	1297	934	2120	1431	1774	1091	534	868	1040	777	882	752	951	961	1119	1261	1095
Lrpprc_+_84790818.23-P1P2	Lrpprc	456	1106	842	1474	1242	1266	1073	1279	975	1861	1117	1441	1861	991	964	1207	857	842	759	985	875	961	1213	1144
Fzd9_+_135251193.23-P1P2	Fzd9	443	1343	1038	1902	1461	1717	1544	1838	1273	2935	1550	594	1563	1310	1085	1475	1239	914	1032	1190	1174	1344	1387	1598
Ppp5c_+_17027764.23-P1P2	Ppp5c	410	1286	1071	1552	1697	1541	1296	1611	1239	2396	1667	1648	1998	2122	1080	1123	1049	951	920	1100	1213	1468	1524	1412
Trp73_+_154139807.23-P1	Trp73_P1	467	1057	991	1557	1277	1417	1217	1528	1152	1585	1114	1343	1871	983	1107	1151	1028	1042	916	989	1074	1044	1378	1278
Prickle2_-_92480996.23-P2	Prickle2_P2	426	1289	928	1528	1329	1341	1044	1051	1129	1466	1142	1642	1254	366	885	1104	864	766	757	981	1034	1026	1145	1184
Sema4a_+_88455693.23-P1P2	Sema4a	571	1018	1174	1747	1597	1470	1476	1389	1057	1858	1412	1371	1611	1717	1105	1262	893	849	918	1088	1118	1107	1485	1319
Zbtb20_-_43621503.23-P1P2	Zbtb20	324	763	718	1026	992	1029	740	883	762	789	1103	1097	1040	620	672	735	555	632	592	587	672	741	838	885
Gch1_-_47189391.23-P1P2	Gch1	291	602	525	1030	873	784	708	922	592	1156	688	989	1027	29	654	698	594	667	530	548	669	641	701	754
Wnt11_+_98835137.23-P1	Wnt11_P1	297	687	477	904	844	910	748	702	627	1256	730	827	1313	30	697	850	633	658	613	685	711	677	827	848
Dnali1_-_125065599.23-P1P2	Dnali1	704	1705	1336	2301	2136	1988	1664	1756	1372	1946	2165	1738	2151	414	1370	1496	1340	1119	1100	1275	1424	1306	1760	1940
Decr1_-_15945309.23-P1P2	Decr1	501	1498	1303	1784	1568	1741	1334	1525	943	2040	1428	1675	1938	1304	1006	1509	1064	1132	1039	1114	1203	1331	1643	1720
Kcne3_+_100178743.23-P1	Kcne3_P1	204	545	406	559	770	535	482	521	377	826	489	464	702	548	432	436	332	405	343	410	429	374	571	550
Chl1_+_103511373.23-P1P2	Chl1	167	548	585	886	711	774	532	711	529	935	883	1016	884	533	480	590	410	532	465	463	533	651	764	829
H2-M10.6_+_36812199.23-ENSMUST00000041398.4	H2-M10.6	233	1187	1242	1628	1514	1582	1269	1652	1088	1767	1326	2007	2275	1513	1161	1072	1097	987	896	984	1056	1110	1314	1262
non-targeting_00545	non-targeting	392	1360	1007	1636	1350	1364	1271	1427	1142	2097	1231	1526	1777	1382	1094	1338	1052	978	977	1085	1033	1012	1331	1333
Metrn_+_25796867.23-P1P2	Metrn	397	943	708	1211	1243	1041	809	961	782	2023	648	717	926	1041	791	866	732	595	645	649	831	654	877	981
Glo1_+_30612423.23-P1P2	Glo1	629	1588	1335	1956	2036	1856	1766	1789	1214	2660	1507	1958	2226	1486	1226	1496	1236	1125	1099	1251	1327	1121	1707	1757
Psap_+_60277749.23-P1P2	Psap	308	762	949	1270	1150	1150	840	976	753	1168	714	1657	1034	561	757	852	636	570	510	856	683	740	817	784
Pld3_-_27542753.23-P1	Pld3_P1	284	1253	813	1213	1127	1230	1054	1241	809	1425	1422	1341	1063	982	891	1029	701	762	687	835	923	865	1175	1140
Wnt6_-_74771928.23-P1P2	Wnt6	658	1654	1459	2337	2154	1872	1542	1863	1393	2094	1780	1776	2321	1719	1622	1861	1381	1258	1149	1381	1337	1402	1981	1978
Dkk4_-_22624057.23-P1P2	Dkk4	369	914	721	1662	1184	1082	699	812	679	1275	1093	1376	1717	504	752	1002	738	656	737	609	813	632	1038	989
Chrm1_-_8664148.23-P1P2	Chrm1	475	976	815	1292	1387	1276	1072	1277	898	1780	1146	1414	1586	885	887	1146	918	829	724	811	953	899	1189	1349
Ddhd1_+_45658051.23-P1P2	Ddhd1	90	324	437	586	471	526	473	439	388	510	282	484	591	157	340	432	392	276	264	347	305	292	462	441
Psmc4_-_28050057.23-P1P2	Psmc4	519	1513	1253	2096	1695	1751	1293	1575	1140	2393	1647	1864	2472	1203	1239	1418	1171	943	887	1023	1126	1071	1390	1385
Msh2_-_87672598.23-P1P2	Msh2	375	979	1090	1631	1617	1494	1278	1338	930	1722	1206	1418	1774	684	933	1106	827	711	822	926	960	1055	1075	1213
Slc17a6_+_51622099.23-P1P2	Slc17a6	505	1328	1257	2037	1877	1772	1247	1664	1168	1499	1242	1866	2225	862	1329	1519	1261	1217	1101	1114	1193	1387	1726	1627
Vwa3b_+_37153869.23-P1P2	Vwa3b	322	826	591	1194	886	954	675	767	586	1002	1032	1154	1325	131	664	719	664	430	512	606	637	606	911	847
Dvl2_-_70000637.23-P1P2	Dvl2	547	1357	1220	2017	1452	1533	1533	1574	1194	1744	1509	1397	1724	1714	1224	1209	1056	1069	1031	1148	1141	954	1364	1648
Qprt_+_127122020.23-P1P2	Qprt	357	990	903	1346	1401	1275	1046	1214	962	2540	1182	803	1490	1077	874	1149	766	824	823	922	920	893	1204	1074
non-targeting_01805	non-targeting	348	994	790	1497	1364	1307	1140	1155	964	1830	1175	1257	1549	151	887	998	854	888	757	770	923	1012	1106	1066
Sema6b_-_56133802.23-P2	Sema6b_P2	256	931	688	1231	1345	1150	1101	1183	774	1229	834	1573	1494	1343	816	951	752	852	655	799	796	790	1153	961
Bhlhb9_+_135885904.23-P1P2	Bhlhb9	463	1108	1163	1702	1592	1528	1731	1315	1302	1741	1713	1512	2134	999	999	1226	1150	932	853	988	1203	1105	1378	1226
Stip1_+_7039902.23-P1P2	Stip1	531	1421	1110	1717	1665	1728	1533	1703	1227	2332	1962	1686	1968	2305	1240	1470	1034	875	1101	1055	1235	1220	1426	1517
Ern1_-_106487785.23-P1P2	Ern1	553	1042	994	1567	1446	1298	1248	1233	1117	2489	1236	1555	1934	988	1026	1254	1145	942	945	921	1157	1115	1207	1447
Trp53_+_69580414.23-P1P2	Trp53	331	1128	985	1183	1140	1307	1173	1058	895	2023	1354	1159	1763	1048	995	1069	946	798	751	948	771	987	1143	1082
Atxn2_+_121712064.23-P1P2	Atxn2	247	573	497	965	887	679	570	666	588	747	604	729	1123	1159	474	628	483	496	410	492	454	540	655	658
Tomm40_-_19715192.23-P1P2	Tomm40	416	967	820	1072	1313	1274	896	1061	827	1357	1262	1596	1811	678	828	979	865	698	743	740	953	853	1033	1110
Chchd2_+_129887044.23-P1P2	Chchd2	327	747	674	1144	1038	1004	1002	903	738	972	846	837	933	211	664	830	702	696	572	627	728	777	931	878
Dnal1_-_84114399.23-P1P2	Dnal1	350	799	654	1410	1059	1063	1005	950	664	1313	891	813	932	203	695	819	659	730	637	692	716	772	964	1021
Kidins220_-_24974940.23-P1P2	Kidins220	459	1525	1242	2153	1705	1858	1652	1868	1373	2007	1814	2108	2328	1175	1249	1632	1216	1352	1109	1282	1255	1229	1657	1543
Prdm12_+_31639804.23-P1P2	Prdm12	405	617	798	897	1089	908	678	997	654	936	758	956	1524	509	839	839	765	693	552	601	780	583	762	949
Aplp1_-_30445325.23-P1P2	Aplp1	794	1868	1549	2496	2103	1971	2145	1776	1658	2314	2424	2683	2615	1006	1555	1762	1224	1409	1355	1500	1475	1654	1811	2059
H2-M10.6_+_36812205.23-ENSMUST00000041398.4	H2-M10.6	371	1000	912	1501	1086	1251	1173	981	897	1693	984	1428	1801	898	798	964	867	788	730	778	899	886	1078	1084
Ptn_+_36809992.23-P1P2	Ptn	383	1171	777	1461	1111	1238	1340	1289	681	1857	1305	1270	1160	826	926	1148	846	777	798	873	865	786	1230	1336
Sema4a_+_88455678.23-P1P2	Sema4a	246	505	549	583	811	713	568	535	514	1097	588	811	798	307	474	474	383	339	438	354	451	417	562	593
Prps1l3_+_57230447.23-P1P2	Prps1l3	433	1649	1621	2415	2236	1998	1662	1819	1500	2165	1813	2298	2006	1117	1564	1788	1403	1239	1135	1421	1478	1429	1961	1803
Dlg4_+_70018462.23-P1	Dlg4_P1	206	531	305	730	539	481	475	427	432	673	650	986	900	676	505	583	441	340	327	372	409	369	462	529
Mif_+_75860289.23-P1P2	Mif	523	982	891	1525	1504	1133	1010	1085	992	1379	1407	1158	1615	1701	759	853	798	761	712	821	786	950	1079	1022
Adora3_-_105870967.23-P1P2	Adora3	601	1121	1101	1778	1385	1556	1151	1462	1281	1776	1694	1719	2161	2266	1167	1236	1092	839	840	1076	977	986	1249	1233
Aifm1_-_48513332.23-P1P2	Aifm1	1132	2583	2305	3355	3018	3336	2739	3246	2522	3886	3481	3639	3449	3349	2006	2623	2074	2187	1898	2278	2365	1803	2338	2416
Gabarap_-_69991671.23-P1P2	Gabarap	330	1205	998	1566	1056	1245	1144	1235	787	1408	1699	1582	1981	1728	850	1035	818	717	799	826	853	802	1167	1204
Rbfox3_+_118909534.23-P1P2	Rbfox3	221	955	616	1137	752	935	822	1092	679	1093	1174	93	1319	388	650	905	658	657	665	610	748	635	879	952
Erlin2_+_27024051.23-P1P2	Erlin2	435	941	1020	1675	1328	1274	1143	1140	886	1421	1196	1296	1798	132	869	1093	867	946	660	774	849	768	1184	1289
Brca2_+_150522866.23-P1P2	Brca2	576	1217	1470	2189	1908	1811	1580	1660	1129	1808	1546	1918	2791	1579	1236	1471	1173	1113	1072	1187	1303	1473	1694	1417
Dhtkd1_-_5942739.23-P1P2	Dhtkd1	284	741	671	1022	929	921	750	875	589	936	830	717	776	528	576	751	598	549	597	627	696	524	890	751
Gle1_-_29935465.23-P1P2	Gle1	307	846	575	1004	1015	999	669	855	629	730	848	912	1195	386	405	529	423	370	404	336	430	245	554	438
S100b_+_76253923.23-P1P2	S100b	833	1861	1464	2648	2395	2311	2024	2247	1596	2622	2268	3040	3048	1243	1754	1792	1636	1611	1352	1597	1740	1707	2011	1969
A2m_-_121636302.23-P1P2	A2m	520	1268	1106	1557	1763	1593	1567	1442	1131	1725	1370	1526	1619	894	1068	1389	1154	1167	985	1045	977	1079	1444	1285
Psmb3_-_97703513.23-P1P2	Psmb3	517	1461	1218	1888	1667	1416	773	1028	904	1106	1067	1141	1420	289	733	763	756	594	467	597	617	428	667	588
Dync1h1_-_110601670.23-P1P2	Dync1h1	419	1005	830	1884	1316	1272	1042	1163	834	1328	892	355	1459	800	801	954	804	776	658	815	804	659	790	1020
Kif5c_-_49619369.23-P1P2	Kif5c	470	1134	1129	1833	1326	1518	1287	1305	1111	2664	1547	1708	1935	327	1036	1292	1014	926	924	971	1188	1106	1516	1282
Cnp_-_100575068.23-P1P2	Cnp	409	1139	1034	1823	1491	1426	1373	1567	1240	1331	1621	1707	1560	1205	1052	1186	982	876	900	983	968	1225	1196	1420
Fbln5_-_101818866.23-P1P2	Fbln5	371	1007	913	1280	1022	1202	769	1053	1002	1422	1267	1007	1207	1522	844	1035	726	832	679	823	866	796	1126	1166
Pla2g6_-_79328151.23-P1P2	Pla2g6	444	808	871	1383	1482	1319	958	1092	917	1378	1161	1121	1412	632	895	1050	751	730	721	934	875	830	1039	1207
Wnt2b_+_104961672.23-P1P2	Wnt2b	462	1221	1235	2250	1799	1772	1359	1489	1323	2664	1645	2093	2181	741	1169	1547	1239	1029	1098	1281	1279	1334	1603	1653
Tubb1_-_174450743.23-P1P2	Tubb1	324	857	740	966	1111	1027	963	1089	744	1350	1060	1871	1474	428	796	1011	768	680	739	797	699	883	1028	947
Ifit3_+_34583555.23-P1P2	Ifit3	311	990	892	1166	1349	1218	1117	1048	1034	1149	1076	1365	1703	1190	919	1068	781	1011	795	889	969	938	1188	1155
Wnt7a_-_91411317.23-P1P2	Wnt7a	358	588	653	985	1052	857	864	741	610	818	680	785	962	410	626	794	667	495	483	642	586	666	778	727
Slc6a3_-_73536856.23-P1P2	Slc6a3	405	1063	867	1481	982	1244	1017	1208	870	969	1003	1487	2109	389	884	1066	891	851	767	894	907	950	1298	1030
non-targeting_01100	non-targeting	424	636	952	1035	1125	1099	1021	794	918	1405	1010	1280	1185	596	723	946	864	727	698	799	823	760	1094	1132
Cnr2_+_135911942.23-P2	Cnr2_P2	426	1005	771	1197	1125	1263	926	1271	755	1269	1591	662	2074	176	783	916	670	669	663	805	899	734	959	1148
Casp8_-_58795419.23-P1P2	Casp8	652	1438	1180	2259	1979	1905	1587	1691	1434	1883	2307	1949	2089	963	1306	1593	1408	1232	1185	1367	1362	1324	1809	1656
H2-M10.1_-_36326123.23-ENSMUST00000025322.7	H2-M10.1	274	583	449	918	918	815	845	892	456	729	1150	595	1198	788	581	668	537	502	466	565	608	594	866	850
Lamp1_-_13159448.23-P1P2	Lamp1	437	1545	1466	2209	2140	2084	1595	1740	1414	1912	1561	1911	2331	1305	1510	1688	1097	1319	1244	1300	1286	1150	1651	1709
Gstm7_-_107931672.23-P1P2	Gstm7	182	772	700	860	913	1011	599	819	598	959	654	904	1517	552	756	635	646	722	615	668	612	531	881	811
Atp5d_+_80142392.23-P1P2	Atp5d	416	1042	1029	1628	1068	1276	1067	1133	990	1371	814	1466	1646	1515	888	968	918	876	766	1004	863	701	926	916
Ascc1_+_60002866.23-P1P2	Ascc1	508	1154	1140	1745	1327	1413	1071	1304	1114	1151	1306	1509	2003	1548	1038	1289	1079	950	966	968	1037	1028	1223	1443
Ocln_+_100552578.23-P1P2	Ocln	549	1839	1750	2421	2171	2108	1674	1989	1517	2581	2303	2503	3001	1021	1402	1676	1199	1403	1279	1498	1562	1580	1923	1838
Snx27_+_94582493.23-P1P2	Snx27	282	1003	910	1070	1206	1360	1064	1164	745	1723	1141	1003	1157	728	869	994	822	756	776	791	875	943	1036	1132
Apoe_+_19698977.23-P1P2	Apoe	266	790	762	810	867	856	800	818	664	834	596	923	1037	780	578	612	512	593	544	580	558	626	724	740
Fasl_-_161788348.23-P1P2	Fasl	385	973	1029	1665	1246	1349	1035	1235	994	1073	1420	1425	983	1038	835	990	791	819	749	742	833	871	1295	1105
Shh_+_28466921.23-P1P2	Shh	566	1510	1721	1992	1900	1894	1456	1797	1404	1701	1876	2264	2419	1766	1363	1467	1292	1282	1032	1263	1316	1252	1492	1586
Psmb4_+_94886904.23-P1P2	Psmb4	392	966	925	1478	1295	900	579	532	393	649	291	286	1064	24	379	531	316	255	275	352	392	225	322	301
Csnk2a1_+_152226599.23-P1P2	Csnk2a1	117	823	675	700	688	877	489	754	590	1151	792	788	1008	651	609	752	554	563	478	532	636	606	653	715
Pank2_-_131262721.23-P1P2	Pank2	314	1011	924	1164	1306	1039	1120	1007	799	1448	1129	830	1085	1449	826	1046	950	771	623	887	842	953	1087	1047
Slc30a10_-_185455132.23-P1P2	Slc30a10	359	953	860	1451	1272	1156	938	1025	1003	851	1049	768	1315	430	664	936	703	753	650	711	810	971	969	996
Uqcrq_+_53430789.23-P1P2	Uqcrq	463	1059	968	1701	1453	1346	880	1338	799	1286	1126	1323	1826	321	1048	1093	859	980	854	1105	906	853	1188	1258
Jph3_+_121730148.23-P1P2	Jph3	935	2177	2100	3252	3076	2736	2372	2630	2132	3105	2943	2622	4033	2043	2050	2250	1919	1698	1599	1924	2021	1678	2647	2647
Atf4_+_80255491.23-P1P2	Atf4	211	807	906	854	988	777	647	788	630	1289	553	1098	949	1321	674	763	657	528	515	641	708	670	856	756
Trpc3_-_36690147.23-P1P2	Trpc3	776	1679	1716	2426	1908	2187	1557	1910	1378	2599	1695	2319	1702	1524	1454	1760	1458	1325	1117	1428	1491	1491	1859	1960
Notch1_-_26503708.23-P1P2	Notch1	520	1338	975	2109	2169	1685	1747	1442	1123	2184	1856	1604	1725	2256	1120	1279	1141	1082	1045	1290	1320	1282	1694	1632
Apbb1_+_105581226.23-P1P2	Apbb1	522	1475	1334	1889	1601	1488	1443	1496	1209	2090	2463	1614	1879	1857	1270	1298	1281	998	1000	1203	1250	1073	1361	1411
Oxr1_-_41789018.23-ENSMUST00000170127.1	Oxr1	366	832	862	1080	1102	1108	845	1278	903	878	960	1286	1525	882	845	878	723	708	666	759	737	500	852	818
Th_-_142899944.23-P1P2	Th	258	959	892	1667	1325	1276	990	1262	1076	1727	1446	1742	1742	1488	939	1078	961	681	717	798	805	820	1035	1092
Ncl_-_86359281.23-P1P2	Ncl	724	1587	1451	1935	1699	1750	1711	1820	1277	2026	1803	2073	1051	1153	1194	1402	1148	1042	1036	1200	1271	1157	1668	1701
Ube2g1_+_72607488.23-P1P2	Ube2g1	117	494	365	606	453	687	567	445	450	1073	442	818	635	279	484	482	446	324	333	381	439	387	530	461
Atg5_-_44268542.23-P1P2	Atg5	383	959	739	1487	1416	1023	987	885	755	1634	949	983	1353	656	711	882	672	711	598	582	762	720	1057	948
Cyp2d10_+_82406781.23-P1P2	Cyp2d10	451	1304	1369	1589	1597	1677	1303	1506	943	1313	1615	1777	1415	1043	1158	1207	936	1067	873	1044	1122	1056	1361	1399
Slc30a10_+_185455115.23-P1P2	Slc30a10	378	1101	1108	1625	1533	1516	1172	1231	986	1534	1114	1905	1079	1212	999	1330	911	739	882	924	1201	1125	1270	1281
Ina_+_47014696.23-P1P2	Ina	280	1127	1059	1810	1661	1190	1340	1181	1057	1863	1555	1813	1374	694	1049	1151	845	976	887	953	952	1040	1297	1372
Junb_+_84978659.23-P1P2	Junb	400	1329	1336	1875	1500	1675	1499	1525	1225	2408	1705	1909	1810	1404	1287	1342	1168	1072	1016	1146	1141	1179	1647	1543
Nlrp3_+_59542763.23-P2	Nlrp3_P2	210	543	622	994	833	833	684	664	517	743	909	780	1005	27	630	693	543	435	422	554	557	528	692	643
Coasy_+_101082668.23-P1P2	Coasy	583	1468	1403	1960	1668	1928	1685	1754	1177	2414	1422	2371	2324	1036	1156	1352	1353	1067	1214	1197	1326	1236	1469	1621
Bag6_+_35135256.23-P1P2	Bag6	539	957	710	1196	972	1129	828	1061	908	1060	1286	1457	1631	1000	797	832	766	810	704	740	831	758	1055	1115
Xpnpep1_-_53038551.23-P1P2	Xpnpep1	507	1532	1385	1665	1977	1938	1172	1485	1259	1820	1645	1943	1944	712	1295	1374	1283	971	1037	1211	1262	1414	1681	1684
Kat2a_-_100712420.23-P1P2	Kat2a	702	1671	1395	2146	1828	1952	1950	1857	1523	2203	2246	2076	2274	933	1501	1877	1415	1106	1221	1504	1368	1438	2063	1810
Xbp1_+_5521087.23-P1P2	Xbp1	618	1289	1259	1564	1626	1574	1405	1357	1091	1705	1537	1864	1768	924	1132	1332	1122	1077	1019	1066	1134	1174	1448	1361
Rab5a_-_53479323.23-P1P2	Rab5a	748	1919	1493	2415	2030	2416	2181	2155	1699	2390	2191	2278	2482	1475	1575	1818	1520	1451	1238	1411	1552	1675	2183	1989
Tnfrsf21_+_43016577.23-P1P2	Tnfrsf21	441	1586	1309	2199	1760	2015	1587	1932	1509	1756	1907	2515	2223	1944	1371	1590	1300	1395	1306	1562	1387	1341	1810	1955
Nox1_+_134111731.23-P1P2	Nox1	106	842	585	849	945	787	779	801	616	1265	970	764	916	366	629	654	654	468	519	621	709	573	785	762
Tppp_-_74009683.23-P1P2	Tppp	495	1058	930	1549	1373	1426	1116	1252	1289	1470	1546	1705	1791	1162	1133	1195	1052	907	839	905	1071	893	1233	1343
Lsm2_+_34981936.23-P1P2	Lsm2	309	742	604	817	597	703	709	601	510	1222	1087	601	1133	574	357	528	478	388	367	393	338	284	384	337
Ewsr1_+_5098995.23-P1P2	Ewsr1	748	1788	1631	2240	1830	1925	1940	1838	1261	2539	2266	2170	2183	1828	1459	1699	1373	1436	1281	1375	1348	1361	1775	2127
Fzd9_+_135251127.23-P1P2	Fzd9	261	665	629	879	845	823	862	677	580	1143	821	745	813	222	646	815	584	587	564	650	531	566	764	1027
Lep_-_29060259.23-P1P2	Lep	210	930	933	1339	1184	1229	991	1282	945	2027	1224	1017	1439	531	876	1111	962	915	854	945	943	799	1300	1228
1700013F07Rik_-_108537570.23-P1P2	1700013F07Rik	194	823	665	764	919	906	1015	871	541	565	722	1035	1309	14	773	775	611	499	547	742	642	570	787	757
Spg21_+_65460987.23-P1P2	Spg21	225	548	520	742	389	547	486	392	338	560	495	471	529	802	285	436	335	365	366	391	376	347	543	528
Itpr1_-_108213226.23-P1P2	Itpr1	458	947	669	1395	1131	1062	1057	950	905	839	769	1351	1380	365	788	1010	722	727	714	790	787	689	1059	1136
Jun_-_95052113.23-P1P2	Jun	402	1352	1078	1642	1399	1451	1220	1485	1127	1533	1366	1429	1947	1235	874	989	883	979	791	939	995	1122	1238	1409
Samd9l_+_3399375.23-P1P2	Samd9l	505	1157	787	1848	1187	1510	1194	1416	995	2254	980	1354	1633	1001	1100	1219	947	888	942	979	1012	1038	1293	1339
Slc11a2_-_100424156.23-P2	Slc11a2_P2	471	1453	1305	2045	1821	1919	1614	1764	1350	3060	2028	1874	2550	1344	1429	1452	1112	1302	1077	1263	1360	1081	1649	1717
Tnfrsf1a_+_125350032.23-P1P2	Tnfrsf1a	664	1959	1420	2563	2354	2415	1931	1762	1621	2084	2291	2640	2468	1241	1824	1984	1648	1700	1521	1654	1660	1810	2048	2250
Canx_-_50325614.23-P1P2	Canx	657	1406	1677	2289	1548	1947	1520	2031	1349	2724	1546	2063	2131	886	1251	1623	1451	1127	1061	1257	1454	1509	1775	1716
Ndufs5_+_123718102.23-P1P2	Ndufs5	314	1223	1136	1569	1576	1649	1231	1380	1177	1394	1768	1808	2006	1904	1200	1281	1170	854	888	1192	1060	845	1106	1146
Hexb_-_97198294.23-P1P2	Hexb	1173	2449	2148	3667	3331	3273	2684	2483	2499	3293	3075	3394	2692	2056	1881	2453	2145	1816	1903	2229	1981	2143	2666	2569
non-targeting_02872	non-targeting	550	1509	1203	2130	1846	1863	1703	1553	1459	1864	2168	1323	2244	1711	1310	1618	1321	1276	1131	1355	1263	1290	1586	1654
Calm4_-_3837937.23-ENSMUST00000042219.4	Calm4	713	1506	1471	2203	2130	1954	1987	1962	1467	3127	2009	2410	2332	1610	1403	1681	1443	1386	1326	1573	1409	1432	1863	1709
Fgf2_-_37348678.23-ENSMUST00000038885.3	Fgf2	488	1263	1095	1628	1760	1584	1288	1329	887	2001	1448	1487	2410	1921	1014	1180	977	913	866	1028	1140	983	1362	1245
Psmd1_+_86064685.23-P1P2	Psmd1	590	1616	1169	1871	1918	1889	1604	1681	1162	2214	2076	2055	2108	1759	1258	1351	1102	1129	1112	1269	1320	1237	1673	1642
Dnah5_-_28203793.23-P1P2	Dnah5	558	1317	1593	1809	1744	1883	1653	1489	1610	2638	2030	2004	2639	1783	1424	1585	1246	1140	1051	1417	1478	1365	1423	1706
Ngf_-_102469945.23-P1P2	Ngf	433	1296	1110	1588	1563	1622	1386	1373	1091	1559	1707	1597	2309	1075	1149	1298	1115	1033	842	1139	1063	954	1296	1198
Ubqln2_-_153498224.23-P1P2	Ubqln2	519	1326	1576	1789	1685	1725	1551	1494	1229	1389	1453	1755	2530	1553	1300	1485	1088	1044	1027	1159	1225	1336	1682	1710
Nbr1_-_101552960.23-P1P2	Nbr1	416	1220	1155	1596	1408	1426	1188	1219	907	1511	1185	1091	1364	501	1056	1138	786	858	842	748	945	958	1383	1351
Tnf_+_35201975.23-P1P2	Tnf	355	742	624	1112	873	1043	824	1087	612	1426	1032	768	1398	1927	687	936	719	539	491	649	588	744	963	855
Ap4b1_+_103809632.23-P1P2	Ap4b1	636	1109	1291	1737	1387	1651	1494	1703	1127	1993	1507	2007	1860	1959	1208	1401	1138	1074	1071	1131	1190	998	1572	1551
Wnt8a_-_34542360.23-ENSMUST00000012426.2	Wnt8a	496	1374	1065	1732	1837	1890	1485	1702	1350	2020	1076	1689	1832	913	1107	1254	1105	1092	1034	1089	1253	1051	1508	1589
Snap25_+_136713530.23-P1P2	Snap25	285	1104	1181	1485	1241	1458	1011	1184	1003	1542	1423	1903	1472	1016	1006	1192	879	849	856	913	1104	900	1397	1175
Cabin1_+_75764305.23-P1P2	Cabin1	534	1308	997	1971	1367	1590	1339	1386	963	1634	1285	1268	1719	1211	1123	1183	1021	905	936	1121	1008	1204	1362	1361
Msra_-_64440868.23-P1P2	Msra	538	1608	1744	2109	2407	1995	1818	1645	1544	3071	1787	1040	2481	685	1447	1886	1355	1384	1340	1416	1413	1510	1987	1967
Sqstm1_-_50210734.23-P1	Sqstm1_P1	728	2019	1946	3024	2986	2552	2223	2004	1856	2914	2426	2648	3480	1830	1749	2192	1691	1530	1634	1680	1808	1672	2214	2254
Uqcr11_-_80406491.23-P1P2	Uqcr11	273	1227	985	1411	1369	1368	1184	1193	885	1686	1327	1165	2023	1495	911	1212	991	743	857	904	991	970	1252	1103
Gpx2_-_76795444.23-P1P2	Gpx2	319	904	742	1534	1312	1327	1090	1373	855	1837	1072	1160	1766	476	809	1030	907	849	795	931	994	947	1127	1077
Anxa1_+_20390610.23-P1P2	Anxa1	355	784	866	1292	1265	959	954	1232	910	1666	1206	861	992	554	815	853	625	653	618	740	804	597	950	958
Comt_+_18426323.23-P1P2	Comt	591	1525	1454	1980	1806	1899	1776	1808	1334	2479	2493	2369	2336	729	1257	1534	1182	1259	1101	1368	1358	1396	1671	1622
Psmb3_-_97703653.23-P1P2	Psmb3	466	1153	1250	1727	1833	1541	1120	1497	1069	1786	2034	1916	1969	394	1058	1365	1142	781	954	945	1050	918	1360	1478
Erlin1_+_44069768.23-P1P2	Erlin1	265	872	792	1267	923	953	881	986	691	1048	1019	992	906	668	729	869	749	664	679	744	760	574	915	980
Vps13c_+_67840461.23-P1P2	Vps13c	151	527	491	607	770	714	501	461	533	688	678	644	643	22	400	607	467	387	387	517	540	548	621	776
Ifit3_+_34583594.23-P1P2	Ifit3	391	1208	952	1771	1528	1583	1297	1485	1367	1606	1658	1705	2316	829	1067	1228	903	957	1040	1012	1196	1268	1393	1263
Cox8b_-_140900330.23-P1P2	Cox8b	570	1552	1138	2395	1761	1957	1347	1500	1303	2726	1508	2136	1928	775	1345	1512	1279	1206	1028	1188	1322	1284	1884	1787
Atg2b_-_105685233.23-P1P2	Atg2b	355	997	737	1301	1250	1219	1132	982	963	1584	1415	1103	1625	713	843	1051	805	793	728	879	862	811	1082	1061
Sdhc_+_171150376.23-P1P2	Sdhc	440	999	916	1327	1527	1107	772	834	829	1560	1000	912	1120	1064	581	897	616	534	528	748	666	236	572	452
Stub1_+_25832845.23-P1P2	Stub1	648	1217	1109	1586	1542	1455	1133	1401	1087	1435	1481	1750	1571	1867	1114	1215	946	924	838	902	929	1001	1437	1393
Eif2ak2_-_78882524.23-P1P2	Eif2ak2	723	1699	1676	2623	2236	2402	1740	2394	1719	3349	1941	2604	2842	1801	1603	1910	1481	1450	1429	1475	1698	1987	2032	2004
Rbm8a_-_96630177.23-P1P2	Rbm8a	267	725	743	887	729	638	379	392	465	609	643	509	348	470	272	371	239	179	248	300	300	155	258	311
Mgst1_-_138140542.23-P1P2	Mgst1	426	1268	1177	1851	1741	1688	1348	1502	1219	1895	1350	1616	2080	1340	1304	1482	1094	1056	1089	1363	1308	1346	1543	1718
non-targeting_01122	non-targeting	337	1128	1115	1317	1236	1324	1205	1354	1034	1686	1490	993	1577	522	952	1065	953	805	867	892	864	999	1169	1212
Adrm1_+_180171649.23-P1P2	Adrm1	305	642	656	826	903	824	718	745	803	890	960	1110	1248	707	577	686	523	583	520	641	636	599	898	937
Camk2a_-_60925690.23-P1P2	Camk2a	305	760	774	1025	874	976	765	1161	737	659	827	1440	1113	651	679	1045	746	711	647	802	730	758	977	862
Wnt5b_+_119544269.23-P1P2	Wnt5b	443	948	1017	1539	1378	1337	962	1224	1102	1275	1622	1236	1401	35	889	1089	941	818	777	1025	941	936	1378	1148
Nr3c1_-_39490491.23-P1P2	Nr3c1	497	1229	1208	1818	1601	1791	1524	1305	1298	1750	1286	1630	2421	570	1200	1404	1153	1352	1034	1070	1265	1454	1576	1658
Tor1a_-_30967859.23-P1P2	Tor1a	214	543	462	740	436	733	612	855	500	1257	719	733	1158	711	486	677	431	526	475	499	467	674	590	758
Park7_+_150909824.23-P1	Park7_P1	548	1279	1051	1657	1631	1464	1245	1331	1043	2060	1339	2082	2495	1050	962	1504	1186	1008	914	1089	1016	1233	1406	1399
Nox4_-_87246862.23-P1P2	Nox4	373	888	936	1355	1120	1299	1006	1142	1129	713	752	772	1247	1328	839	1033	795	830	772	875	847	920	1048	1296
Tsen54_+_115814782.23-P1P2	Tsen54	391	1170	1031	1573	1564	1143	733	769	712	1307	962	1184	1241	454	523	610	520	486	386	599	570	297	645	542
Tead1_-_112679660.23-P1P2	Tead1	352	1201	1085	1542	1489	1407	1182	1391	1094	1905	1158	1410	1547	981	1012	1289	985	992	886	1001	1089	964	1372	1412
Trip4_-_65908727.23-P2	Trip4_P2	238	670	658	877	976	789	622	756	614	1226	1029	849	1038	270	590	665	691	574	596	508	608	567	716	812
Nhlrc2_-_56548565.23-P1P2	Nhlrc2	289	1206	932	1439	1291	1414	1341	1124	864	1214	1020	1762	1629	1357	936	1104	905	718	693	863	991	882	1039	1142
Cox8a_-_7217556.23-P1P2	Cox8a	358	1120	857	1440	1474	1323	1080	1241	1132	1293	1169	1551	1719	1064	1021	1088	810	799	770	894	953	796	1270	1035
Wnt5a_+_28505823.23-P1	Wnt5a_P1	587	1219	1152	1844	1889	1569	1537	1537	1348	1220	1738	1393	1286	1383	1101	1291	1142	1127	1047	1131	1284	1304	1460	1382
Sema3c_-_17574782.23-P1P2	Sema3c	355	1214	1022	1014	1277	1316	1146	1254	853	1676	1064	1725	1625	484	778	985	813	1086	844	752	854	784	1270	960
Abcb1b_+_8798154.23-P1P2	Abcb1b	422	1320	1186	1578	1663	1604	1608	1465	1206	1626	1499	1922	1874	979	1185	1421	1058	919	911	1063	1226	1226	1483	1283
Slc11a2_+_100424095.23-P2	Slc11a2_P2	355	1098	895	1489	1527	1378	1073	1315	947	1009	1520	1045	1702	1401	876	953	886	830	721	769	969	774	1213	1045
non-targeting_03939	non-targeting	219	891	833	1235	1144	1319	1040	1158	739	1337	1236	1127	1287	695	745	930	672	727	698	777	850	840	1000	1083
Tbp_-_15499996.23-P1P2	Tbp	510	1055	1131	1584	1627	1409	1210	1315	927	2022	1334	1215	2078	1505	963	1162	1019	863	736	947	890	926	1134	1364
Ube2l3_+_17201370.23-P1P2	Ube2l3	455	1176	886	1369	1344	1234	1245	1050	811	1558	1405	1813	938	718	862	1090	846	891	851	857	832	836	1222	1199
Abcb1b_+_8798198.23-P1P2	Abcb1b	506	1050	904	1517	1613	1240	1266	1112	892	1460	1129	1396	1565	553	1003	1008	948	825	801	922	1086	935	1251	1337
Tat_-_109990486.23-P1P2	Tat	479	771	1008	1009	1220	1149	1130	989	863	1586	1340	996	1206	1222	847	924	799	708	670	751	808	755	982	957
Prps1l3_+_57230674.23-P1P2	Prps1l3	362	307	381	743	448	608	488	570	400	739	568	926	769	750	445	517	360	362	363	452	446	443	687	579
Chrna7_+_63212456.23-P1P2	Chrna7	448	1030	884	1311	1492	1271	1209	1227	933	2079	1352	1391	1485	1359	820	1095	855	795	781	893	981	894	1270	1159
Nes_+_87971091.23-P1P2	Nes	513	1466	1137	2110	1808	1837	1509	1849	1391	2237	1342	2067	1887	1977	1404	1516	1175	1221	997	1411	1213	1234	1850	1813
Ccl3_-_83649173.23-P1P2	Ccl3	224	600	515	1045	688	732	501	638	561	972	947	1112	1005	189	529	631	408	393	459	480	430	565	604	648
P2rx7_+_122643981.23-P1P2	P2rx7	333	900	795	1139	1040	1162	809	924	811	1510	622	994	1234	417	794	932	735	810	689	821	772	808	921	929
Ctsd_-_142387805.23-P1P2	Ctsd	478	1285	1146	1928	1692	1623	1447	1441	1212	1520	1791	1573	2316	435	970	929	758	827	748	734	1109	401	1000	990
Ndrg1_+_66969220.23-P1P2	Ndrg1	384	993	1140	1512	1296	1462	1197	1502	1067	2056	1382	1221	1724	1407	938	1190	982	1055	890	1003	897	1140	1420	1213
Cdc27_+_104550517.23-P1P2	Cdc27	385	868	882	1351	1430	1151	1138	1143	1065	1580	1192	1542	1792	87	959	1057	857	874	765	814	990	913	1219	1189
Tmem230_+_132247547.23-P1P2	Tmem230	165	417	409	691	767	712	448	669	463	1183	431	504	1056	322	453	557	525	449	427	497	439	400	491	654
Ang_-_51096436.23-P1	Ang_P1	470	1568	1338	2053	1524	1780	1310	1803	1179	1151	1788	1591	2967	2376	1220	1396	1331	1047	1006	1163	1044	1453	1678	1500
Tmprss4_+_45203988.23-P1P2	Tmprss4	526	1538	1208	1973	1819	1824	1497	1612	1203	1992	1375	2152	1559	1211	1404	1265	1208	1215	1052	1314	1234	1217	1358	1616
Rab8a_+_72161422.23-P1P2	Rab8a	270	817	1025	1083	992	990	868	935	567	982	1229	942	1201	434	715	818	716	816	558	700	719	803	917	1024
Gad1_+_70562151.23-P1P2	Gad1	510	916	865	1387	1579	1254	1055	906	916	1501	835	1475	1592	704	998	1046	824	754	800	786	850	906	1047	1166
Blvra_+_127080500.23-P2	Blvra_P2	242	610	589	795	729	837	926	688	642	907	704	675	718	381	642	843	617	606	574	602	663	541	797	895
Camk2g_+_20793997.23-P1P2	Camk2g	875	1996	1789	2960	2600	2531	2193	2544	1794	2653	2715	2793	3162	3673	1847	2076	1600	1741	1624	1800	1757	1986	2322	2308
Dnajc13_+_104262895.23-P1P2	Dnajc13	395	646	656	817	832	884	663	888	675	1012	986	1209	1174	737	698	815	529	459	502	574	619	692	771	765
Hspb3_-_113663559.23-P1P2	Hspb3	233	474	311	690	593	652	746	488	491	578	712	581	693	482	524	553	368	489	341	445	428	511	528	676
Pdk3_+_93832107.23-P1P2	Pdk3	550	1587	1316	1841	1466	1822	1451	1572	1213	2619	1945	1764	1319	967	1267	1402	1323	915	1067	1214	1247	1196	1563	1489
Zfyve26_+_79296264.23-P1P2	Zfyve26	511	1261	1134	1844	1481	1641	1098	1568	1220	2412	1927	1764	1419	829	1018	1359	995	833	919	1032	990	941	1068	1091
Agtpbp1_-_59557262.23-P1P2	Agtpbp1	380	1266	1129	1679	1616	1589	1404	1421	1042	1764	1547	1326	2002	556	1033	1386	1168	1056	974	1063	1131	1130	1446	1278
Gpx7_-_108406702.23-P1P2	Gpx7	722	1546	1122	1796	1483	1453	1356	1775	1240	2287	1607	1648	1659	541	1334	1557	1221	1019	1110	1238	1161	1160	1590	1738
Psmb6_-_70525438.23-P1P2	Psmb6	670	1656	1359	2099	2201	1429	624	956	498	839	1101	756	1300	1361	524	540	348	349	356	412	634	332	656	643
Fus_-_127967513.23-P1P2	Fus	597	1141	870	1762	1275	1422	1110	1284	965	1540	1747	1579	2348	1710	1047	1217	957	735	850	1057	1004	1122	1313	1170
Sema6b_+_56133813.23-P2	Sema6b_P2	274	936	1115	1404	1138	1321	1004	999	1034	1852	1328	1064	1426	151	992	1090	823	812	655	907	894	886	980	1273
Dcx_-_143933071.23-P1P2	Dcx	507	1148	1130	1568	1280	1283	1134	1322	977	1247	1350	1238	1839	1386	971	1133	923	769	791	861	947	849	1221	1246
Tuba1b_+_98934456.23-P1P2	Tuba1b	236	891	868	1364	1345	1323	874	887	751	1269	1313	886	1432	1679	919	997	638	729	648	752	868	844	1141	1080
Kif5b_+_6241434.23-P1P2	Kif5b	791	2273	2080	3497	2549	2841	2550	2566	1954	2986	2686	2999	2959	1687	2087	2364	1917	1743	1725	1855	2021	2235	2593	2676
Cacna1a_+_84415608.23-ENSMUST00000121390.1	Cacna1a	510	1007	793	1255	1553	1252	1120	983	860	1328	1273	1479	1047	1192	809	1112	800	757	749	876	806	939	1071	1078
Grm2_+_106656033.23-P1P2	Grm2	410	1517	1237	1822	1746	1738	1447	1337	1282	2454	1849	1595	2305	893	1243	1247	1094	1071	993	1160	1294	1291	1434	1618
Synm_-_67759743.23-P1P2	Synm	533	1629	1393	2160	1709	2087	1658	1931	1536	2033	2320	2287	1977	1740	1606	1671	1371	1284	1265	1233	1449	1542	2182	2072
Atf2_+_73892604.23-P1P2	Atf2	469	1338	1051	1503	1686	1568	1548	1396	1076	1626	968	1986	1455	928	1150	1287	1078	1153	892	1185	1258	1325	1464	1400
Gchfr_+_119167835.23-P1P2	Gchfr	559	1184	1318	1977	1684	1717	1629	1384	1093	2530	1671	1693	2761	1239	1118	1416	1138	1238	933	1137	1281	1130	1583	1558
Sv2a_+_96181212.23-P1P2	Sv2a	185	555	550	558	525	781	633	518	440	747	585	638	562	291	517	495	423	447	405	520	526	511	643	595
Ndufa4l2_+_127515031.23-P1P2	Ndufa4l2	360	1247	1176	1566	1414	1423	1437	1644	1117	1642	1743	1587	1847	801	935	1257	853	922	887	934	989	858	1205	1220
Wnt7b_-_85581893.23-P1	Wnt7b_P1	175	647	682	833	399	722	583	596	459	1585	831	859	1112	258	537	572	489	511	535	475	480	586	615	588
Scp2_-_108118586.23-ENSMUST00000030340.8	Scp2	141	454	497	909	808	678	561	638	623	830	624	819	935	171	419	551	449	390	437	443	469	584	718	533
Cox8b_-_140900380.23-P1P2	Cox8b	340	856	836	1370	1189	1154	1042	1039	987	1182	1018	1443	1150	712	837	1032	763	663	712	725	918	646	1080	927
Cacna1d_+_30353492.23-P1P2	Cacna1d	355	848	811	1077	1068	1154	971	1147	822	1510	1022	844	1183	627	769	869	701	810	668	698	852	748	1040	955
Traf2_-_25546867.23-P1P2	Traf2	686	1811	1619	2155	1963	1928	1723	1857	1510	2822	2259	2345	2225	3059	1298	1587	1246	1388	1222	1438	1313	1666	1809	1836
Gpr37_+_25689462.23-P1P2	Gpr37	437	794	809	1193	1325	1084	770	889	653	981	1045	1075	1686	608	694	818	716	630	588	620	788	634	869	784
Aco2_+_81872684.23-P1P2	Aco2	311	1020	796	1478	1190	1062	816	983	688	824	1189	1040	1323	1536	611	728	696	567	481	564	714	373	661	654
Glo1_-_30612626.23-P1P2	Glo1	424	909	792	1185	1452	1186	1040	1001	855	1271	1093	1350	1479	1749	857	1001	798	739	666	911	957	717	1088	1114
Elavl4_+_110286923.23-P1P2	Elavl4	619	1392	1448	2145	1870	1788	1483	1642	1556	2044	1797	2105	1866	2162	1428	1535	1205	1325	1195	1304	1353	1340	1692	1770
Chat_-_32465800.23-P2	Chat_P2	619	1199	1347	1914	1682	1892	1412	1447	1277	2180	1664	2012	1665	1694	1227	1435	1054	1050	968	1195	1046	1221	1451	1600
Akt1_+_112674185.23-P1P2	Akt1	515	1343	1090	1928	1537	1677	1278	1534	1151	1845	1801	1632	1911	1221	1254	1382	1098	1112	982	1185	1134	1225	1599	1304
Ndufb10_+_24724350.23-P1P2	Ndufb10	371	963	892	1514	1518	1459	1203	1346	907	1212	926	1039	2095	1351	1008	1093	1006	814	821	1047	992	726	1127	896
Cyp2d11_+_82393541.23-ENSMUST00000170255.1	Cyp2d11	470	847	697	1564	1045	1290	1255	1252	1056	1478	816	1434	1067	1215	878	940	784	796	667	794	785	874	1067	963
Pon3_-_5256203.23-P1P2	Pon3	565	1481	1071	2029	1757	1865	1582	1356	1145	2513	1731	1384	2388	942	1264	1319	1197	1095	1040	1140	1166	1294	1602	1545
Psmc2_-_21785301.23-P1	Psmc2_P1	356	983	899	1213	1204	1156	994	896	758	1229	1283	728	1278	230	859	903	712	801	642	737	849	799	936	998
Atp5h_-_115419742.23-P1P2	Atp5h	298	1020	857	1496	1141	1225	1166	1178	1172	1236	1610	1667	1701	629	930	986	919	699	905	911	971	793	945	1098
Abcb6_-_75180366.23-P1P2	Abcb6	988	2337	2494	3384	2914	2757	2328	2593	1952	3752	2963	3852	3807	2360	2205	2764	2098	1805	1904	2079	2280	1944	2847	2760
Stip1_+_7039934.23-P1P2	Stip1	373	1306	881	1577	1532	1508	1267	1400	1183	1243	1368	1088	1606	795	1113	1349	1071	889	992	1053	1051	1015	1225	1332
Ralgps2_+_156939544.23-P1P2	Ralgps2	683	1700	1427	2518	2192	2423	1921	2073	1513	2857	2253	2099	2160	758	1445	1669	1327	1246	1264	1474	1534	1559	1898	2012
Slc9a5_-_105348228.23-P1P2	Slc9a5	225	627	664	813	720	801	775	981	588	645	813	1396	687	1002	580	749	538	519	497	526	516	590	767	737
Ngb_-_87102308.23-P1P2	Ngb	373	813	701	1303	905	1035	886	1038	811	1284	990	1069	1222	766	849	976	648	665	596	853	763	834	929	830
Axin2_+_108920879.23-P1P2	Axin2	330	1090	1069	1735	1362	1384	1370	1280	990	1836	1761	1778	1506	900	933	1319	955	889	920	1002	1011	1263	1456	1430
Pparg_-_115361322.23-P1P2	Pparg	784	2121	1609	2285	2374	2464	1835	2014	1754	2269	2342	2644	2556	1805	1475	1970	1525	1484	1409	1634	1736	1835	2037	2366
Map2k5_-_63377848.23-P1P2	Map2k5	485	1627	1318	2014	1920	2067	1736	1738	1388	2659	2020	2461	2576	686	1412	1611	1314	1167	1194	1337	1417	1281	1869	1840
Igfals_-_24878803.23-P1P2	Igfals	263	957	709	1381	1129	1021	907	964	737	1704	848	813	1184	670	690	857	666	662	649	751	700	739	946	920
Ager_+_34597896.23-P1P2	Ager	668	1577	1573	2407	1984	1640	1293	1488	1294	2744	1276	2441	1741	538	1415	1677	1310	1121	1099	1207	1215	1295	1630	1791
Ndufa4l2_-_127515001.23-P1P2	Ndufa4l2	324	691	702	1102	858	883	854	1072	751	1289	978	866	1282	24	664	748	715	694	572	602	800	591	889	941
Slc6a4_-_77009364.23-P1	Slc6a4_P1	916	1966	1970	3056	2964	2490	1965	2568	1816	2888	2426	2841	2982	1360	1603	2194	1788	1760	1525	1987	1800	1811	2325	2420
Nlrp3_-_59542733.23-P2	Nlrp3_P2	424	1121	850	1648	1368	1439	872	1152	1093	2004	1169	1452	1792	685	971	1011	1121	980	758	910	931	1012	1302	1036
Wnt8a_+_34542350.23-ENSMUST00000012426.2	Wnt8a	433	839	896	1315	1107	1267	1092	891	740	1322	1244	1604	1940	671	784	834	825	604	732	786	795	755	1095	955
Ctsf_+_4855183.23-P1P2	Ctsf	172	366	530	963	475	625	522	618	527	928	489	809	475	337	490	585	425	335	416	436	471	415	575	638
Klf4_+_55532420.23-P1P2	Klf4	122	463	271	539	350	475	447	364	327	363	315	350	551	640	298	288	289	306	203	336	301	270	347	347
Tmprss4_+_45204006.23-P1P2	Tmprss4	381	955	792	1287	1388	1464	1012	1389	955	1722	1457	1677	1720	1243	1098	1273	979	922	811	929	970	963	1325	1378
Pnpla6_+_3516904.23-P2	Pnpla6_P2	303	1140	1056	1664	1526	1501	1426	1430	1115	1663	1372	1376	1764	635	910	1275	1054	957	852	996	1074	975	1240	1332
Hap1_-_100356006.23-P1P2	Hap1	270	550	693	968	968	935	739	787	602	1075	911	1083	664	741	644	815	605	506	531	623	613	595	784	754
Rb1_-_73325771.23-P1P2	Rb1	430	1189	1105	2115	1335	1878	1369	1612	991	1700	1681	1549	1587	893	1238	1342	1055	1119	838	997	1179	1193	1437	1369
"Rims2_+_39198335.23-ENSMUST00000082054.5,ENSMUST00000042917.9"	Rims2	581	1500	1487	2013	1806	2069	1720	1701	1442	2257	2122	2019	2049	621	1542	1705	1343	1295	1170	1426	1332	1526	1876	1906
Ctsd_-_142387794.23-P1P2	Ctsd	497	1299	1212	1888	1684	1447	1147	1294	886	2560	1461	2012	1649	1245	1077	1190	1010	785	789	914	1022	848	1022	1040
Grin2b_+_136172089.23-P1P2	Grin2b	201	678	628	1076	945	951	785	840	673	1207	952	962	904	909	637	888	624	695	544	646	891	542	825	954
Cacna1f_+_7607187.23-P1P2	Cacna1f	561	1401	1396	1922	2018	1850	1662	1448	1469	1888	1961	1585	2173	935	1228	1416	1184	1230	1050	1154	1322	1539	1683	1695
Tfcp2_+_100551936.23-P1P2	Tfcp2	355	989	915	1299	1159	1303	1396	1261	915	1595	1323	958	2069	421	868	1154	864	839	780	974	899	938	1177	1140
Nefh_+_4947920.23-P1P2	Nefh	536	1053	1057	1570	1494	1596	1263	1608	1071	1132	2083	1744	1255	932	1015	1201	1033	829	809	1035	969	1295	1353	1279
Lamp1_-_13159318.23-P1P2	Lamp1	596	1615	1568	2413	2111	2295	1626	1938	1744	2314	1740	2492	3585	1039	1582	1753	1423	1321	1362	1507	1682	1570	1962	2103
Sirt5_+_43365531.23-P1P2	Sirt5	267	839	719	1124	1045	1010	1015	799	688	1556	866	947	1141	108	785	855	704	709	572	681	732	634	889	912
Pde8b_+_95223027.23-P2	Pde8b_P2	449	1113	807	1329	1503	1105	1146	1045	863	1208	903	1526	1174	329	929	1198	833	834	759	916	861	844	1174	1188
Pink1_+_138326212.23-P1P2	Pink1	839	1963	2182	2781	2557	2459	1886	2013	1744	2580	2518	2413	2794	1995	1757	1905	1661	1497	1514	1734	1696	1934	2304	2264
Ung_-_114131232.23-P1P2	Ung	302	1042	1050	1351	1298	1296	1353	780	822	1115	988	1001	1321	638	852	1019	802	830	757	993	883	813	1122	1141
Park7_+_150909802.23-P1	Park7_P1	737	1543	1506	2366	1999	1949	1709	1899	1596	2267	1841	2318	2645	1270	1512	1744	1250	1312	1078	1260	1434	1350	1915	2026
Igf1_+_87859311.23-P1	Igf1_P1	428	816	874	1434	1443	1081	1193	1255	852	946	1180	1057	1243	885	806	1016	741	643	634	762	778	696	910	931
Dnah7a_+_53706770.23-P1P2	Dnah7a	438	1240	1210	1523	1604	1540	1218	989	1069	1387	1177	1903	1821	1445	946	1174	1056	1027	905	1018	1172	1008	1177	1319
Ap4e1_-_127008773.23-P1P2	Ap4e1	673	1101	919	1584	1706	1529	1344	1335	1056	2699	1393	1553	2432	1713	968	1226	893	960	921	1096	904	1056	1272	1202
Tnfrsf1a_+_125349795.23-P1P2	Tnfrsf1a	398	1129	977	1673	1654	1473	1303	1374	1047	2031	1533	1482	1904	1019	1064	1379	961	856	873	1180	1024	1110	1312	1432
Psmb4_+_94886922.23-P1P2	Psmb4	328	1167	945	1418	1291	1285	1353	1077	974	1500	335	1535	1717	1143	1008	1145	918	881	813	866	937	845	1299	1168
Dnajb1_-_83608287.23-P1P2	Dnajb1	514	1290	1084	1715	1460	1639	1497	1596	1259	1282	1310	1684	2293	736	1121	1341	1099	960	879	1034	1062	1019	1392	1350
Dlg4_+_70018452.23-P1	Dlg4_P1	303	889	775	1335	1247	1070	1076	1072	717	1410	719	1183	828	1037	621	855	705	663	631	723	746	752	1022	942
Wnk1_-_120038639.23-P1P2	Wnk1	419	1370	1368	1743	1746	1601	1324	1578	1138	1853	2186	2295	2225	1240	1162	1216	919	1149	1022	1044	1114	1139	1497	1273
Adora3_+_105871142.23-P1P2	Adora3	548	1559	1408	1984	2407	2100	1898	1576	1437	3035	2100	1851	1695	1264	1572	1768	1433	1340	1200	1341	1385	1342	1798	1835
Timp3_+_86300598.23-P1P2	Timp3	144	619	655	809	897	827	508	740	457	1334	1088	941	679	386	510	756	580	490	402	489	605	521	731	685
Itgam_-_128062778.23-P1P2	Itgam	204	579	713	920	1038	1041	1018	802	628	906	571	1033	949	460	654	779	629	560	502	657	660	683	962	905
Slc9a1_+_133369843.23-P1P2	Slc9a1	567	1196	1107	1934	1695	1551	1155	1579	1133	2148	1169	1570	1676	408	1053	1165	1000	967	841	996	1044	976	1343	1470
1600014C10Rik_+_38183877.23-P1P2	1600014C10Rik	507	1078	993	1578	1499	1423	1464	1360	1001	2244	1390	1444	1698	694	997	1159	1056	912	796	860	978	909	1122	1249
Ap5z1_-_142464054.23-P1P2	Ap5z1	528	1594	1590	2332	1754	1980	1550	1663	1349	2205	1525	2026	2125	1014	1437	1599	1279	1134	1163	1247	1219	1387	1677	1629
Mbp_+_82554549.23-P1P2	Mbp	403	1616	1437	2317	1821	2075	1798	1935	1385	3155	2504	2709	2107	2069	1471	1856	1409	1302	1281	1413	1447	1433	2101	1740
Ndufa5_-_24527475.23-P1P2	Ndufa5	282	803	812	1217	1013	1145	1025	1230	816	957	929	821	1394	1253	755	967	652	664	651	730	865	719	981	858
Nipa1_-_56019493.23-P1P2	Nipa1	344	961	819	1691	1462	1379	1032	1139	1045	2417	1311	1521	1695	639	944	1259	951	789	817	912	849	1008	1212	1221
Sema4a_+_88455731.23-P1P2	Sema4a	488	1191	1256	1871	1543	1741	1310	1565	1247	1822	1175	1526	1961	1396	1084	1339	1195	978	1010	1071	1168	1152	1568	1615
Ppp3r1_-_17159357.23-P1P2	Ppp3r1	378	860	799	1264	1263	1298	858	922	881	1439	1192	1534	1491	1425	787	888	790	630	600	889	796	820	1136	938
Jund_-_70699145.23-P1P2	Jund	556	1533	1620	2499	2389	2012	1954	1761	1720	2456	2282	1956	2545	1020	1499	1931	1638	1301	1306	1442	1510	1362	1972	1931
non-targeting_03403	non-targeting	192	859	605	1128	827	955	890	807	698	1095	790	642	1133	23	602	919	561	522	524	542	683	622	767	868
Epo_+_137533248.23-P1P2	Epo	320	914	909	1311	1042	1305	1096	1291	894	1075	1541	1713	1199	545	948	990	848	844	809	911	909	1012	1109	1091
Il6_+_30013186.23-P1P2	Il6	493	1337	1272	1734	1550	1604	1509	1644	1276	1883	1389	1711	1804	1010	1040	1528	1124	1277	914	1112	1232	1220	1331	1373
Apbb1_+_105581223.23-P1P2	Apbb1	374	1286	934	1504	1269	1257	1101	900	755	1670	1507	2033	1850	617	879	1088	737	927	813	842	863	975	1225	1242
non-targeting_00971	non-targeting	484	1202	995	1933	1562	1564	1428	1326	1064	1461	1805	1387	1580	854	1056	1064	1072	1023	795	1027	1064	808	1198	1185
Tank_-_61593196.23-P1	Tank_P1	726	1966	2096	2967	2436	2821	2453	2201	2055	2483	2100	3295	2667	1739	1886	2430	1856	1974	1799	1878	1972	2074	2523	2507
Reps1_-_18055616.23-P1P2	Reps1	584	1267	1641	1923	1768	2069	1685	1768	1274	2140	1664	1651	2362	1143	1357	1592	1181	1124	1144	1264	1408	1668	1965	1661
Stxbp5l_+_37384893.23-P1P2	Stxbp5l	689	1370	1175	1546	1312	1434	1258	1458	1112	1489	1538	1896	2161	606	937	1103	961	941	774	909	1097	1007	1391	1373
Ly6e_+_74955666.23-P1P2	Ly6e	185	525	420	545	415	466	467	534	333	110	415	485	419	258	345	424	424	299	334	377	376	413	505	460
Kat5_+_5610056.23-P1P2	Kat5	494	1257	1197	1887	1681	1586	1567	1532	1255	2229	1601	1540	2979	706	1072	1385	1086	1086	978	968	1146	1251	1338	1604
Serpina3j_-_104314572.23-ENSMUST00000109957.2	Serpina3j	419	1378	1090	1904	1594	1387	1129	1166	1157	1809	2096	1777	1358	2061	1125	1354	1184	997	890	1131	1049	990	1355	1230
Fbxo38_+_62548657.23-P1P2	Fbxo38	262	812	759	1309	874	1076	722	1134	796	1161	1139	1016	886	83	823	844	667	715	630	686	718	691	816	913
Csnk1e_+_79441955.23-P1P2	Csnk1e	537	1653	1270	1955	2022	1883	1678	1784	1403	1906	1616	1883	1946	1005	1344	1478	1313	1089	1096	1359	1301	1327	1747	1895
Psen1_-_83688258.23-P1P2	Psen1	357	1032	1073	1165	1157	1137	961	987	730	1596	910	1222	1280	583	830	1126	687	847	687	768	870	829	1177	1093
Ndufa12_-_94199072.23-P1P2	Ndufa12	733	1894	1739	2466	2428	2556	1952	2241	1568	2523	2166	1969	3436	1379	1679	2018	1712	1528	1359	1732	1765	1693	2020	2035
Cav2_-_17281307.23-P1P2	Cav2	255	1112	1046	1332	1481	1327	1239	1348	977	1355	1127	1447	1088	751	938	1145	796	813	760	994	845	1021	1195	1195
Wnt11_-_98835140.23-P1	Wnt11_P1	386	814	713	1021	1155	969	738	819	669	1579	941	977	1063	654	722	859	762	592	595	654	661	525	937	826
Atp2a2_-_122502154.23-P1P2	Atp2a2	364	934	882	1408	1160	1057	930	844	580	1030	658	1248	913	1411	713	766	656	668	629	698	652	630	786	766
Pomc_+_3955032.23-P1P2	Pomc	611	1413	1158	1932	1870	1763	1557	1870	1286	3291	1692	2209	2315	2316	1333	1436	1375	1260	1015	1238	1127	1518	1439	1546
Atg13_+_91710519.23-P1P2	Atg13	237	686	678	790	876	975	774	815	608	1306	692	933	1134	897	504	750	618	594	563	613	559	588	753	750
Calm3_-_16924066.23-ENSMUST00000019514.9	Calm3	550	1240	1133	1851	1612	1729	1391	1507	1123	1604	1044	1870	2158	1120	1239	1396	1035	1009	951	1072	1129	1158	1433	1204
Pin1_-_20652135.23-P1P2	Pin1	629	1322	1547	2190	1667	1859	1454	1646	1160	2341	1402	1480	2052	1062	1239	1293	1070	984	1013	1164	1162	1275	1506	1628
Casp1_-_5298723.23-P1P2	Casp1	229	453	582	720	763	665	685	682	495	983	734	798	935	428	532	596	538	429	440	465	445	461	660	624
Dnah11_-_118198924.23-P1P2	Dnah11	522	1231	1312	2040	1532	1646	1294	1625	1100	1665	2231	1370	2969	1365	1087	1275	955	1074	1075	980	1102	1069	1357	1291
Cfl2_-_54862379.23-P1P2	Cfl2	425	1335	957	1470	1700	1495	1316	1579	1250	2020	1881	1797	1644	704	1169	1336	1058	964	872	993	1026	930	1294	1490
Pnkp_+_44857397.23-P1P2	Pnkp	178	835	732	1172	1075	1093	985	871	663	1264	846	791	1048	604	671	845	674	768	601	726	703	735	940	947
Clk1_-_58423975.23-P1P2	Clk1	404	828	808	1172	923	1030	839	865	707	1402	1653	1036	1390	466	781	846	694	583	617	639	727	711	958	920
Tspo_-_83563662.23-P1P2	Tspo	269	683	634	881	743	943	670	858	605	857	1179	859	890	1168	538	753	638	611	465	611	539	571	741	969
Slc6a4_-_76998628.23-P2	Slc6a4_P2	278	1029	989	1159	1072	1220	1046	1312	949	1133	1587	1280	1184	1537	976	1132	821	880	863	946	872	946	1263	1119
Timm8a1_-_134541882.23-P1P2	Timm8a1	218	571	559	844	899	734	768	738	628	903	585	975	1233	698	541	630	442	575	483	580	596	488	686	821
Tppp3_+_105471363.23-P1P2	Tppp3	591	1702	1797	2247	2049	1878	1872	1909	1557	2836	1665	2248	1711	1033	1647	1691	1436	1346	1310	1479	1532	1198	1900	1780
Wnk1_-_120038599.23-P1P2	Wnk1	411	1189	1042	1626	1746	1398	1412	1310	1021	939	1710	1182	2175	737	1176	1222	1021	1104	940	1124	1101	1202	1446	1314
Pon1_-_5193726.23-P1P2	Pon1	372	1421	1141	1920	1247	1627	1374	1613	1066	1800	1656	1604	1969	1907	1156	1346	1064	1106	879	959	1114	1010	1555	1528
Hpdl_-_116821489.23-P1P2	Hpdl	419	1318	909	1916	1622	1563	1426	1379	972	1746	1892	1583	2220	786	1258	1375	1160	1093	1037	941	1080	1091	1409	1454
Epg5_-_77938502.23-P1P2	Epg5	314	716	910	1040	1106	1023	903	989	717	1448	1049	969	1411	643	702	970	666	574	540	796	785	682	794	932
Apcs_+_172894894.23-P1P2	Apcs	762	2064	1654	2616	2464	2574	2116	2656	1744	2320	1984	2302	2969	2317	1871	2157	1692	1780	1497	1603	1820	1661	2337	2233
Tfrc_+_32609065.23-P1P2	Tfrc	352	596	617	864	886	878	645	751	564	1004	987	817	877	854	601	779	614	569	570	649	628	449	692	783
Psmc4_+_28050011.23-P1P2	Psmc4	393	1121	1230	1731	1751	928	703	570	419	487	643	895	933	524	466	496	392	236	311	415	402	355	505	450
Tuba8_-_121210827.23-P1P2	Tuba8	909	1891	2014	2577	2502	2675	2608	2308	1812	2810	2709	2211	3572	1727	2050	2189	1980	1676	1557	1892	1945	1592	2243	2437
Rpgr_-_10216628.23-P1P2	Rpgr	445	1100	971	1638	1639	1427	1035	1380	1217	2090	1002	1268	1012	1947	1023	1130	1116	1020	838	1024	885	916	1240	1225
Fn1_-_71653120.23-P1P2	Fn1	363	1543	1304	2074	1939	1779	1620	1644	1231	1952	1479	1910	1620	2018	1238	1563	1210	1399	1086	1211	1273	1293	1655	1843
Slc17a7_-_45163975.23-P1P2	Slc17a7	493	1375	1054	1593	1861	1419	1481	1534	1213	1456	1506	1512	2232	1150	1181	1278	1025	1018	1007	1078	1158	1155	1434	1475
Lmnb2_-_80918165.23-P1P2	Lmnb2	574	1521	1563	2282	2339	1944	1523	1465	1452	1731	1764	1881	2734	1194	1417	1543	1205	1177	1066	1313	1316	1360	1759	1719
Dctn6_+_34108393.23-P1P2	Dctn6	193	583	549	737	763	750	690	556	733	772	1380	991	959	391	608	774	631	602	590	625	653	453	817	689
Fgf1_+_38918656.23-P1P2	Fgf1	142	319	296	418	390	407	472	386	209	507	620	344	370	410	317	323	228	191	236	331	343	211	332	280
Cpn1_-_43986473.23-P1P2	Cpn1	567	1399	1151	2037	1594	1556	1222	1441	1127	2539	2058	1859	1734	1768	987	1356	1017	937	942	1136	1117	1005	1607	1412
Gdap1_-_17145434.23-P1P2	Gdap1	350	1082	957	1593	1383	1499	1074	1151	1022	1376	1374	1355	1642	646	977	1165	931	1025	768	919	1021	1034	1182	1166
Padi2_-_140906451.23-P1	Padi2_P1	454	1201	1093	1557	1426	1357	1193	1366	873	1340	1454	1348	1895	62	1018	1122	997	986	889	947	991	905	1181	1424
Atp5c1_+_10080390.23-P1P2	Atp5c1	400	970	1201	1589	1615	1158	791	1288	839	1519	1027	1360	1172	396	813	1001	790	697	748	798	852	590	899	838
Nxnl1_-_71566626.23-P1P2	Nxnl1	501	1144	986	1568	1274	1410	1216	1157	888	1815	702	1913	1484	1473	915	1149	821	887	848	703	1000	899	1191	1260
Slc18a1_-_69077229.23-P2	Slc18a1_P2	344	1190	1460	2044	1611	1608	1555	1509	1073	2072	1693	1192	1553	675	1272	1396	1175	1092	930	1226	1141	1186	1450	1587
Disc1_+_125054142.23-P1P2	Disc1	524	1328	1007	1858	1599	1776	1366	1418	1357	2151	1906	1410	3031	1703	1164	1389	1128	1006	964	1098	1216	1238	1485	1521
Pparg_+_115361283.23-P1P2	Pparg	520	1309	1304	1700	1559	1614	1407	1667	1167	1564	1782	1716	2629	755	1148	1236	1165	1065	1065	1015	1098	1034	1412	1453
Mtdh_+_34082722.23-P1P2	Mtdh	418	757	739	1192	1359	1124	890	1048	779	1015	1184	1432	1634	576	815	978	714	690	694	710	775	795	876	961
Ndufa7_-_33824590.23-P1P2	Ndufa7	437	1062	802	1329	1333	1363	1206	1225	942	1460	1932	1470	1704	1365	983	1125	861	856	787	977	1129	1010	1145	1090
S100a10_+_93555390.23-P1P2	S100a10	212	1000	741	949	986	1059	1121	832	739	887	995	1015	1443	413	795	661	715	688	755	715	711	809	893	1053
Lyst_-_13590496.23-P1P2	Lyst	223	586	598	1074	785	767	708	672	553	870	640	784	913	743	520	566	541	375	486	502	569	475	547	605
Lingo1_-_56635270.23-P1P2	Lingo1	454	1257	896	1623	1798	1482	1098	1432	1294	1683	1581	1555	1961	1270	986	1373	1056	1046	919	889	1183	1015	1313	1208
Ighmbp2_+_3282959.23-P1P2	Ighmbp2	255	865	817	1145	623	913	851	794	658	917	1123	1066	1023	472	608	637	427	477	397	408	490	255	360	265
Dctn4_-_60526256.23-P1P2	Dctn4	648	1589	1705	2462	2686	2300	1858	1809	1529	2260	1655	2222	3010	2543	1357	1587	1311	1309	962	1228	1288	830	1228	1065
Mpg_+_32226624.23-P1P2	Mpg	388	752	1165	1390	1146	1172	1129	909	861	1665	994	1224	1183	802	874	1041	838	802	718	861	845	884	1043	1079
Pnpla6_-_3516918.23-P2	Pnpla6_P2	626	1598	1436	1949	1981	1904	1804	1751	1385	2180	1868	2523	2610	988	1359	1709	1201	1374	1217	1400	1304	1392	1827	1777
Trpv4_+_114658361.23-P1P2	Trpv4	447	1298	1125	1883	1580	1751	1558	1444	1270	1869	1173	1542	2075	361	1237	1484	1080	1167	1084	1186	1132	1311	1462	1659
Creb1_+_64532868.23-P1P2	Creb1	906	1733	1634	2341	2179	2244	1922	2063	1603	2705	2653	2598	2353	1679	1567	1840	1517	1470	1343	1726	1414	1401	2155	2015
Pcyt2_+_120617843.23-P1P2	Pcyt2	368	774	785	1410	1321	1121	842	927	873	867	1136	1014	1213	830	740	682	645	606	521	646	558	516	712	768
Pvalb_-_78203988.23-P2	Pvalb_P2	411	1017	842	1630	1513	1423	1164	1451	1135	2063	1024	1314	1942	416	1063	1229	947	878	881	832	1005	977	1222	1228
Gpx7_-_108406691.23-P1P2	Gpx7	262	691	905	1281	1336	1114	906	1094	735	1094	1355	971	1418	939	910	789	758	623	665	692	667	827	1003	801
Lrp6_+_134566947.23-P1P2	Lrp6	606	1506	1577	2192	1846	1980	1655	1697	1481	2373	1843	2120	2116	2036	1548	1645	1320	1364	1231	1298	1308	1336	1780	1981
Vamp2_+_69088515.23-P1P2	Vamp2	520	1361	1335	1715	1514	1824	1555	1526	1360	2585	1482	1603	1438	1610	1415	1313	1014	966	969	1255	1310	1110	1477	1554
Tubb2a_+_34077961.23-P1P2	Tubb2a	465	985	1095	1677	1336	1302	1142	1036	954	1507	1223	1688	1448	82	977	1101	987	852	820	970	967	1037	1249	1345
Pld3_-_27542736.23-P1	Pld3_P1	217	439	480	682	677	657	499	631	428	807	195	509	853	209	490	480	413	449	347	422	382	439	471	600
Pak3_+_143518818.23-P2	Pak3_P2	562	1146	1241	1723	1709	1621	1479	1245	1265	948	1439	1465	1775	1250	1214	1472	1195	1111	987	1093	1181	1232	1524	1446
Junb_+_84978675.23-P1P2	Junb	403	776	1040	1271	1084	1251	948	1174	640	996	1525	1082	1403	251	696	961	857	696	655	853	766	735	1005	1031
Uqcr11_+_80406786.23-P1P2	Uqcr11	483	1287	1448	1472	1467	1630	1650	1525	1226	2007	1636	1867	2458	1479	1215	1360	1134	1075	960	1092	1190	1046	1497	1463
Cln3_+_126583172.23-P1P2	Cln3	436	903	1043	1355	1575	1193	1203	1107	843	1385	720	1354	1667	482	1042	1069	941	843	741	813	899	738	1066	1098
Rbm8a_-_96630396.23-P1P2	Rbm8a	321	984	1191	1474	1124	1293	798	998	726	782	943	494	1092	37	616	766	686	541	638	654	776	439	570	616
Unc80_-_66468000.23-P1P2	Unc80	338	875	774	1119	1102	1303	945	1243	857	1338	1301	1252	1402	905	816	1099	880	649	699	956	893	959	893	1003
Tubb4b_+_25224686.23-P1P2	Tubb4b	316	1098	1122	1793	1335	1314	1245	1392	814	1285	1361	1285	2058	1481	978	1214	903	830	776	974	869	955	1149	1239
Slc18a1_+_69089145.23-P1	Slc18a1_P1	541	1417	1067	1770	1531	1395	730	1046	595	1256	569	883	980	1195	761	640	444	483	375	500	630	343	667	574
Exosc3_+_45320554.23-P1P2	Exosc3	521	1205	1102	1790	1714	1677	1443	1462	1174	2602	1494	1684	1630	1397	1254	1296	1144	1013	1056	1185	1195	887	1005	1109
Rhoa_+_108306459.23-P1P2	Rhoa	425	882	717	1127	1111	1260	974	1120	871	1630	1171	1513	1170	501	845	1008	848	715	701	833	916	905	1137	1174
Fus_-_127967597.23-P1P2	Fus	464	1352	1054	1782	1960	1660	1441	1751	1183	2213	1520	1258	1626	809	1283	1322	1211	1048	969	1069	1177	1205	1573	1416
Cd55_-_130462702.23-P1P2	Cd55	385	1204	1168	1554	1556	1404	1137	1535	1237	1850	1175	1507	1848	262	1016	1208	1034	892	871	999	994	1091	1199	1495
Synj1_+_91010998.23-P1P2	Synj1	684	1737	1965	2225	2338	2165	1711	1577	1427	2408	2537	1968	2463	1593	1633	1954	1594	1440	1275	1537	1704	1656	2125	1746
Csnk1a1_-_61555371.23-P1P2	Csnk1a1	460	1283	1255	1799	1812	1655	1344	1545	1379	1946	1148	2081	2343	909	1216	1296	1107	1027	956	1132	1224	1092	1529	1624
Lmx1b_+_33640862.23-P1P2	Lmx1b	405	1149	926	1393	1424	1361	981	1196	1017	1553	1333	1291	1270	300	809	1113	723	720	729	834	825	923	1157	1238
Epha8_+_136956560.23-P1P2	Epha8	459	1051	908	1231	1274	1487	1288	1311	1060	1227	1248	1502	1770	684	1096	1152	1050	944	879	909	1030	1169	1396	1413
Pnpt1_+_29130786.23-P1P2	Pnpt1	368	1000	1108	1876	1366	1439	1197	1208	1075	2565	1765	1676	1398	692	866	1093	710	689	738	769	716	710	688	613
Cox7a2l_-_83514335.23-P1P2	Cox7a2l	400	965	673	1154	1303	1148	851	1185	829	1289	1299	966	1204	815	855	961	789	673	661	735	751	846	974	1047
Ube2j2_-_155943906.23-P1P2	Ube2j2	152	495	388	825	779	649	540	577	444	1226	693	480	701	47	433	519	499	378	364	419	438	456	560	429
Mapk10_+_103211250.23-P1P2	Mapk10	482	812	1007	1420	1204	1205	1108	1124	871	1681	1231	1292	1474	1287	839	955	803	774	635	883	885	887	1193	1094
Tfpi2_+_3968355.23-P1P2	Tfpi2	607	1088	1300	1866	1874	1602	1461	1388	1187	1696	1494	1794	1696	2046	1143	1357	1031	1057	1063	1254	1126	1134	1488	1533
Dkk4_+_22624081.23-P1P2	Dkk4	724	1485	1717	2475	2210	2000	1553	1531	1217	1834	1681	2020	1978	1832	1318	1457	1341	1117	1211	1300	1437	1175	1950	1657
Arsa_-_89476148.23-P1P2	Arsa	392	1432	1215	1713	1667	1717	1315	1442	1142	1938	1775	1366	1984	1861	1181	1334	1089	1046	1024	1137	1185	1304	1448	1407
Cacna1a_+_84415370.23-ENSMUST00000121390.1	Cacna1a	376	923	949	1210	1437	1223	1335	1405	877	1212	1178	1553	1805	1321	992	1030	916	961	733	921	941	1020	1188	1094
Uba5_+_104063009.23-P1P2	Uba5	669	1303	1326	1905	1603	1885	1353	1344	1205	2128	968	1608	2206	204	1065	1234	1048	906	934	964	1023	851	1236	936
Cyp2d9_-_82452856.23-P1P2	Cyp2d9	483	1240	907	1795	1494	1586	1044	1458	1072	1326	903	1833	1415	768	1083	1332	1021	1015	946	1023	968	1006	1320	1333
Prx_-_27499344.23-P1	Prx_P1	265	651	601	891	565	844	979	716	615	781	584	1171	1316	27	526	612	501	552	515	546	546	596	1005	645
Mcu_-_59616581.23-P1P2	Mcu	348	729	851	1191	872	1089	724	957	750	870	772	1226	567	385	634	755	707	646	585	713	733	700	1011	1080
Fmr1_-_68678647.23-P1P2	Fmr1	177	528	424	624	674	615	600	584	494	393	610	584	624	766	421	457	430	408	417	428	572	382	691	469
Egr2_-_67537946.23-P1	Egr2_P1	571	1483	1269	1670	1713	1669	1231	1809	1231	2366	1348	1518	2334	2192	1193	1356	1098	1175	1081	1082	1311	1160	1429	1546
Kcnh8_+_52602947.23-P1P2	Kcnh8	755	1909	1326	2353	2245	2267	1906	1929	1514	2731	2482	2379	2852	651	1498	1827	1530	1499	1228	1310	1541	1455	1958	1910
Tuba1c_+_99029921.23-P1P2	Tuba1c	636	1615	1326	2542	2258	2191	1878	1832	1420	3364	2527	2563	2239	1375	1621	1907	1337	1496	1439	1388	1413	1415	2085	2125
Tlr4_+_66827840.23-P1P2	Tlr4	469	1523	1360	2286	2095	1811	1576	1726	1481	1717	1995	2647	2231	1626	1409	1545	1223	1222	1198	1272	1343	1417	1774	1555
Slc6a3_-_73536819.23-P1P2	Slc6a3	467	981	920	1443	1315	1494	1124	1336	1139	1719	1387	1157	1659	564	964	1161	909	1028	835	1041	892	946	1225	1112
Stx1a_+_135023593.23-P1	Stx1a_P1	245	965	1007	1472	1413	1368	1052	966	900	1554	1451	1560	1683	1578	797	1080	805	927	750	935	933	1004	1207	1206
Csnk1a1_+_61555355.23-P1P2	Csnk1a1	359	934	832	1349	1567	1260	983	1269	965	1059	1444	1187	1625	676	896	1078	938	872	760	791	839	848	1121	1085
Ccdc88c_-_101028860.23-P1P2	Ccdc88c	237	646	773	1068	914	906	735	697	603	991	674	997	623	979	641	648	596	489	593	621	608	592	804	927
Trpm7_+_126876176.23-P1P2	Trpm7	807	1659	1443	2381	2145	2087	1629	1861	1369	3277	2349	2199	2040	3162	1474	1825	1512	1337	1303	1477	1330	1518	1924	2069
Ppt2_+_34627382.23-P1P2	Ppt2	336	687	863	1076	1123	961	835	961	703	1358	796	733	1214	703	709	770	595	694	514	611	786	570	950	990
Alg14_+_121291808.23-P1P2	Alg14	255	567	633	942	742	758	660	877	545	1382	945	899	468	923	498	608	529	452	458	457	492	475	675	632
Sirt4_-_115484316.23-P1P2	Sirt4	396	1677	1661	1922	1925	1881	1903	1698	1648	2116	1607	2085	2003	1355	1212	1432	1382	1328	1122	1312	1304	1382	1758	1555
Opa1_-_29579412.23-P1P2	Opa1	484	1267	1283	2090	1822	1707	1219	1335	1024	1618	1298	1720	1697	809	992	910	808	671	720	756	923	479	777	815
Clu_-_65968670.23-P1	Clu_P1	560	1357	1137	1464	1677	1569	1502	1411	1063	1766	1484	1290	1437	518	1073	1197	1094	972	828	1046	1044	1277	1363	1273
Grin2d_+_45870909.23-P2	Grin2d_P2	280	1349	1049	1496	1459	1357	1300	1282	952	802	1226	1713	1609	991	992	1223	950	911	859	943	1002	1009	1231	1098
non-targeting_00746	non-targeting	391	1119	1101	1815	1359	1443	1070	1374	784	907	1171	1988	1681	1714	996	1185	953	801	782	933	1009	1038	1083	1323
Stxbp1_-_32847150.23-P1P2	Stxbp1	435	1158	829	1595	1331	1287	986	1161	861	2115	1195	1524	1972	746	1031	1058	821	871	824	956	938	984	1154	1124
Dpp6_+_27261987.23-P1	Dpp6_P1	354	990	1050	1381	1172	1259	920	898	825	1182	1228	1162	997	876	927	982	827	781	670	848	827	925	974	1216
Ephb2_-_136835790.23-P1P2	Ephb2	470	1175	1307	1546	1398	1508	1128	1473	1052	1845	1626	1925	1847	508	952	1039	840	951	847	822	1033	871	1264	1345
Ndufv2_+_66101483.23-P1P2	Ndufv2	445	1288	983	1768	1700	1492	1316	1393	1085	898	1559	1513	1613	1796	1019	1381	1089	999	921	1064	1071	876	1221	984
Mrpl3_-_105053340.23-P1P2	Mrpl3	650	1973	1481	2495	2115	2342	1880	1834	1786	3110	2064	2709	2702	2735	1447	1688	1402	1332	1324	1330	1349	1131	1587	1593
Fn1_+_71653145.23-P1P2	Fn1	519	1344	1297	1939	2109	1840	1570	1769	1296	3100	1878	2131	2288	829	1437	1437	1285	1163	1127	1277	1429	1288	1668	1474
S100a1_-_90514271.23-P1P2	S100a1	363	1045	961	1332	1363	1391	1346	1102	1084	1426	1869	1446	1534	885	1003	1192	1013	906	906	982	1023	1002	1307	1228
Hcrt_+_100762704.23-P1P2	Hcrt	156	928	1000	1474	1258	1555	1485	1288	1196	1308	2036	1548	1239	1057	1026	1110	925	913	784	917	1160	902	1229	1206
Csnk1e_+_79441805.23-P1P2	Csnk1e	450	1330	1125	1510	1475	1484	1333	1464	1072	1655	1135	1439	1521	819	1015	1192	1034	845	946	982	1066	1008	1551	1388
Aicda_-_122553909.23-P1P2	Aicda	391	888	610	1260	1218	1144	788	1229	826	1014	1455	1373	1493	477	839	1042	710	903	704	717	755	777	1061	936
Hmbs_+_44342230.23-P1	Hmbs_P1	524	1767	1481	2578	1918	2345	2028	1798	1639	2272	2370	2361	3558	3110	1722	1921	1404	1436	1238	1617	1587	1529	1993	1994
Ngf_-_102469960.23-P1P2	Ngf	450	931	938	1352	1162	1343	1051	1051	965	1810	1284	1341	1071	1898	916	972	883	812	699	1023	958	807	1246	1251
Wnt3a_-_59290754.23-P1P2	Wnt3a	520	1179	793	1530	1450	1384	1207	1518	1033	2932	1257	1188	1503	1862	1029	1088	1089	945	781	1038	1078	1038	1327	1247
Cfl1_-_5491009.23-P1P2	Cfl1	335	994	1198	1622	1247	1367	1381	1159	1021	1632	1047	1404	1780	635	1038	1105	998	890	841	964	995	925	1063	1033
Mapk1_-_16983454.23-P1P2	Mapk1	356	822	676	1248	1410	1039	896	974	618	1045	713	1037	1046	716	655	828	684	678	490	550	689	657	922	976
Ppid_+_79591447.23-P1P2	Ppid	219	750	775	1096	1163	958	901	1235	749	956	851	978	844	536	783	875	633	670	614	564	663	719	929	808
Lrpprc_-_84790505.23-P1P2	Lrpprc	530	1282	1064	1912	1411	1347	1214	1389	1016	1332	1686	1581	1924	1948	919	1084	975	770	808	921	925	837	1040	1202
Dlg4_+_70024007.23-P2	Dlg4_P2	530	991	1037	1788	1646	1636	1367	1475	1094	2605	1657	1584	1401	1112	1176	1354	1126	867	913	1143	1066	1010	1302	1486
Pde10a_-_8801797.23-P1P2	Pde10a	357	1153	968	1289	1212	1154	1106	1138	805	1563	1275	1197	1615	540	825	912	858	844	692	802	876	796	1055	1120
Kctd7_+_130144943.23-P1P2	Kctd7	508	983	1138	1562	1033	1303	1179	1135	977	1474	1430	1579	1563	356	803	926	819	824	754	824	950	984	946	1298
Fars2_-_36117910.23-P1P2	Fars2	655	1534	1339	2093	1986	1710	1277	1659	1173	2852	1656	1687	2673	1728	1097	1292	1047	1081	968	1130	1176	1030	1433	1232
Slc7a6os_+_106210902.23-P1P2	Slc7a6os	533	1081	1026	1430	1362	1208	919	1093	679	1303	1150	1227	1434	41	797	973	708	720	700	689	633	718	960	804
Blmh_+_76945735.23-P1P2	Blmh	491	932	959	1305	1049	1480	915	1352	820	1562	1048	1308	2063	1235	880	1124	846	938	796	855	968	843	1284	1070
Tango2_+_18343869.23-P1P2	Tango2	499	1236	1415	1835	1864	1609	1527	1395	1072	2306	1602	2163	1461	476	1291	1557	1237	1103	1034	1151	1291	1247	1581	1549
Pnpla6_-_3516889.23-P2	Pnpla6_P2	530	1080	1072	1540	1419	1497	1238	1439	1135	1580	998	1306	1695	1098	927	1136	986	758	850	1039	1031	1050	1167	1422
Ryr2_-_12106801.23-P1P2	Ryr2	492	1013	1178	1367	1108	1343	1153	1187	934	1555	1225	1444	1314	842	1041	1218	895	860	691	837	974	830	1121	1346
Tfg_+_56717282.23-P1P2	Tfg	465	1309	1152	1706	1709	1441	1504	1207	915	1534	1135	1798	1083	498	864	912	714	671	605	834	897	660	968	880
Mtmr2_-_13749479.23-P1P2	Mtmr2	312	921	707	1213	1071	1193	1017	984	709	1090	693	1218	1073	1205	785	874	745	764	648	766	745	675	864	890
Abhd16a_-_35089273.23-P1P2	Abhd16a	512	1240	1469	1835	1919	1844	1391	1509	1375	2894	1481	1873	2357	664	1356	1374	1190	1099	962	1224	1226	1225	1611	1388
Elovl5_+_77917494.23-P1P2	Elovl5	361	1233	1260	1635	1656	1525	1379	1394	1155	2345	1197	1745	1767	1227	1021	1244	1024	1020	1030	1177	1137	1084	1328	1317
Gsto1_+_47855053.23-P1P2	Gsto1	476	1034	1024	1329	1392	1294	1154	1113	999	1976	1425	1341	1848	984	1026	1092	838	855	946	805	969	1014	1281	1251
Slc9a1_-_133369797.23-P1P2	Slc9a1	729	1668	1466	1749	2077	1847	1652	1751	1384	2629	1954	1782	1845	531	1330	1394	1283	1183	1058	1231	1233	1294	1681	1713
Map3k10_+_27674566.23-P1P2	Map3k10	285	994	781	1247	1148	1088	953	1336	880	791	1106	1399	859	800	892	1165	903	730	707	932	918	796	1023	1074
non-targeting_02921	non-targeting	340	1177	780	1741	1478	1380	1284	1068	916	1862	998	1273	2037	260	985	1307	885	847	762	951	936	1021	1061	1223
Nfe2l2_-_75704506.23-P1P2	Nfe2l2	400	1152	1010	1300	1666	1406	1538	1290	1217	1664	1070	1318	1544	260	905	1293	859	934	849	832	962	940	1170	1136
Slc5a7_-_54298655.23-P1P2	Slc5a7	235	810	689	1378	854	1086	965	982	849	2347	1026	1158	783	22	904	1053	729	750	601	659	676	774	1132	1049
Traf2_+_25546860.23-P1P2	Traf2	742	1703	1629	2177	2189	1887	1771	1802	1137	2621	1961	2011	2662	1747	1460	1564	1359	1327	1265	1334	1482	1590	1963	2032
Hspa8_-_40802623.23-P2	Hspa8_P2	657	1374	1439	2151	2094	1824	1531	1951	1318	2526	2240	1535	1591	1411	1292	1505	1188	1109	1128	1248	1356	1257	1569	1722
Agrn_+_156197469.23-P1	Agrn_P1	310	1260	1186	1549	1613	1383	1567	1469	1101	1663	1708	1761	1896	660	1275	1196	1069	1056	848	913	974	1050	1340	1241
Mapk8_+_33447138.23-P1P2	Mapk8	652	1399	1544	2003	1967	2067	1506	1547	1114	1876	1475	1927	1627	1691	1288	1497	1303	1192	1015	1253	1262	1104	1516	1558
Tiparp_-_65528472.23-P1P2	Tiparp	433	840	841	1422	1315	1368	993	983	994	1566	1239	1330	1258	1974	815	1059	827	818	823	921	962	914	1142	1172
Wdr41_+_94976459.23-P1P2	Wdr41	226	795	439	936	1038	797	835	771	691	956	780	880	995	753	538	715	632	520	478	506	602	712	712	902
Dnah11_+_118198838.23-P1P2	Dnah11	328	1157	821	1475	1419	1385	1147	1379	1141	1971	664	1470	1494	904	981	1115	943	856	839	862	921	1028	1241	1443
Pqbp1_-_7899222.23-P1P2	Pqbp1	566	1571	965	2005	2031	1743	1416	1648	1282	2102	2062	2201	2000	1858	1213	1460	1219	1263	1073	1218	1128	1120	1584	1537
Apex1_-_50924982.23-P1P2	Apex1	231	1044	905	1233	1280	1407	985	1031	903	1480	1158	1064	1237	412	881	1031	844	679	754	724	758	839	1008	963
Eif2b1_+_124579018.23-P1P2	Eif2b1	184	584	402	549	557	627	500	530	312	1277	505	604	878	870	400	384	306	314	302	283	338	226	311	318
Blzf1_+_164307249.23-P1P2	Blzf1	170	885	947	1237	946	973	825	821	673	1155	734	1232	904	153	777	861	668	698	565	682	703	792	932	872
Trp53_-_69580449.23-P1P2	Trp53	354	681	446	777	941	754	620	851	484	731	612	1001	899	617	616	670	485	531	435	496	514	572	849	718
Kctd7_+_130144960.23-P1P2	Kctd7	203	615	513	722	750	643	593	501	468	1021	577	545	743	1363	361	436	430	316	339	450	504	486	587	644
Sirt1_+_63338996.23-P1P2	Sirt1	440	1049	1120	1147	1245	1263	1055	1166	880	1571	1444	1395	1335	594	827	1152	907	938	783	847	935	952	1177	1034
Ywhaq_+_21417532.23-P1P2	Ywhaq	449	1020	961	1545	1623	1262	1375	1385	1076	2430	1121	1633	1975	254	1085	1182	1017	865	921	941	1031	1019	1340	1342
Crebbp_-_4213671.23-P1P2	Crebbp	542	1503	1493	2216	1845	1915	1643	1632	1311	1936	2276	1979	2317	1386	1378	1602	1264	1249	1068	1516	1351	1425	1539	1716
Dnajb1_-_83608325.23-P1P2	Dnajb1	627	1497	1605	2037	1815	2095	1551	1884	1532	2717	1922	2521	2087	1461	1487	1640	1469	1321	1256	1515	1292	1397	1682	1843
non-targeting_03300	non-targeting	251	546	472	762	599	744	475	542	426	802	670	562	791	706	552	531	534	400	410	515	518	479	675	505
Apod_-_31314606.23-P1P2	Apod	302	1019	905	1694	1436	1358	1260	1122	955	769	833	1626	1229	380	991	1165	925	893	866	882	1019	1064	1139	1316
Map2_-_66322065.23-P2	Map2_P2	458	1500	1474	2026	2154	2228	1615	1938	1477	2818	1741	2117	1665	2088	1632	1675	1163	1331	1124	1492	1353	1283	1812	1681
Nefh_-_4947935.23-P1P2	Nefh	162	689	496	870	748	703	570	745	565	1021	1004	1047	1029	373	489	619	436	500	447	583	561	438	712	614
Spg7_+_123065580.23-P1P2	Spg7	612	1498	1239	1984	1868	1689	1535	1589	1202	1948	1831	1971	1837	1860	1278	1488	1360	1292	1181	1113	1291	1286	1663	1764
Psap_+_60277740.23-P1P2	Psap	279	886	696	948	848	965	593	682	647	687	785	1112	1279	1321	693	689	633	587	574	500	566	557	660	620
Gstm2_-_107986423.23-P1P2	Gstm2	517	1259	1225	1608	1622	1558	1381	1416	1182	2005	1894	1480	2010	1617	1088	1032	1098	1013	891	1091	945	992	1217	1170
Fzd1_+_4757967.23-P1P2	Fzd1	340	692	759	1309	978	984	889	893	820	899	904	1182	841	489	781	775	639	569	568	662	843	627	795	783
Dio2_+_90738623.23-P1P2	Dio2	415	1344	1084	1521	1570	1484	1250	1488	1102	1974	1837	1702	1922	890	1198	1369	1120	1183	967	1123	1199	1137	1447	1378
F2rl3_+_72761876.23-P1P2	F2rl3	379	806	591	1109	973	904	826	785	577	1019	872	1012	1198	354	714	776	590	705	599	647	621	695	898	858
Tia1_+_86404711.23-P1P2	Tia1	456	1351	1112	1917	1803	1734	1400	1719	1347	1994	1509	2056	1801	1018	1183	1457	1091	947	1002	1183	1169	1198	1389	1497
Nqo1_+_107403163.23-P1P2	Nqo1	609	1322	1269	1658	1988	1369	1140	1237	1173	2157	1015	1365	2079	1037	1012	1283	1004	972	905	956	989	1110	1309	1425
Hsd17b6_+_128007578.23-P1P2	Hsd17b6	412	730	763	1182	917	1115	1019	894	816	1503	1562	1235	1505	415	779	928	882	676	632	711	839	749	939	1024
Bak1_-_27028524.23-P1P2	Bak1	377	759	738	1087	1121	1124	1065	943	883	1504	858	884	1063	201	829	877	756	681	609	738	779	708	939	903
Map2k2_+_81105962.23-P1P2	Map2k2	322	964	1030	1554	1558	1177	971	1019	850	2101	1419	1736	1502	576	891	1115	841	764	670	823	928	749	988	931
Tank_-_61593237.23-P1	Tank_P1	539	1342	1106	1581	1732	1577	1387	1641	1296	1791	2148	1556	1782	1754	1289	1339	1183	1157	1017	1104	1125	997	1347	1561
Map2k1_+_64253349.23-P1P2	Map2k1	618	1692	1570	2518	2351	2238	1726	2022	1384	2544	2402	1866	2499	1543	1548	1853	1395	1311	1270	1414	1570	1711	1925	2088
Agpat3_+_78352351.23-P1P2	Agpat3	645	1638	1835	2506	2237	2267	2149	2144	1501	3108	1889	1611	2041	1373	1441	1733	1497	1363	1334	1610	1572	1630	2000	2204
Sdhb_-_140961459.23-P1P2	Sdhb	578	2005	1720	2489	2542	1980	1433	1486	1236	3345	1445	2540	2814	1847	1191	1464	1112	1081	1108	1251	1257	871	1174	1127
Ndufa7_+_33824857.23-P1P2	Ndufa7	437	1155	1253	2011	1544	1708	1577	1458	1041	2025	1488	2102	2065	1413	1192	1352	1087	1121	907	1220	1185	1042	1244	1534
Eif4g2_+_111082974.23-P1	Eif4g2_P1	304	817	839	1320	1210	1316	1061	1181	1004	1521	1302	1036	1441	617	795	983	662	814	668	836	892	915	1145	1108
Ndufs2_-_171237334.23-P2	Ndufs2_P2	503	828	745	1232	1258	1198	1059	1070	1039	1298	906	937	1324	25	809	903	952	799	621	825	674	800	957	1133
Ywhae_+_75732989.23-P1P2	Ywhae	234	768	907	1133	717	844	726	763	695	1176	939	685	1048	463	755	909	704	573	620	687	688	756	981	825
Eif2b4_+_31193045.23-P1P2	Eif2b4	544	1422	1251	2069	1931	1542	924	1192	841	1479	1112	1289	1661	1340	953	1152	824	716	744	857	928	540	1043	854
Serpina3k_-_104338677.23-P1P2	Serpina3k	603	1633	1742	2314	1958	2204	1827	2031	1592	2211	2680	2398	1860	1397	1401	1766	1378	1271	1160	1261	1364	1448	1698	2011
Ulk1_-_110810032.23-P1P2	Ulk1	553	1365	1381	1826	1600	1608	1630	1615	1552	2025	2091	1487	2079	603	1175	1438	1250	1159	1112	1227	1148	1447	1671	1448
Abhd12_+_150904578.23-P1P2	Abhd12	474	986	782	1376	1475	1304	870	1316	1083	809	1748	1443	1875	1303	844	1096	895	952	839	949	1043	1039	1158	1174
Prickle2_+_92480985.23-P2	Prickle2_P2	238	618	596	639	739	710	540	575	540	1081	883	814	1013	351	467	613	481	493	400	525	454	580	702	614
Gle1_-_29935453.23-P1P2	Gle1	703	1707	1582	2294	1950	2221	1804	1985	1520	2252	2212	1819	2352	371	1375	1524	1309	1148	1079	1266	1258	1156	1551	1802
Rbms3_+_117252460.23-P1P2	Rbms3	167	260	268	401	291	435	352	436	236	124	319	544	295	351	296	343	267	323	225	236	258	222	386	426
Casp1_-_5298911.23-P1P2	Casp1	286	924	900	973	1047	1132	1025	819	835	1849	889	1364	1409	1519	715	955	924	799	710	845	865	748	1097	1141
Ndufa11_-_56717842.23-P1P2	Ndufa11	409	887	884	1445	1412	1289	1316	1542	895	1554	1068	1219	1539	643	881	1093	795	921	856	861	1022	626	1018	1024
Prdx3_+_60874503.23-P1P2	Prdx3	638	1846	1585	2475	2387	2235	1954	1889	1639	2682	2468	1377	2877	2035	1528	1932	1595	1391	1367	1634	1543	1512	2275	1971
Ambra1_-_91730389.23-P1P2	Ambra1	656	1729	1556	2269	2246	2023	1647	2022	1322	3351	1773	2487	3076	1405	1524	1698	1224	1233	1145	1422	1335	1379	1819	1800
Ngb_-_87102314.23-P1P2	Ngb	461	1017	1106	1646	1252	1572	1426	1443	1138	1548	1426	1461	1643	1330	1083	1306	978	1160	942	964	1014	988	1407	1269
Unc5c_+_141465643.23-P1P2	Unc5c	415	1003	972	1558	1814	1347	1176	1082	751	1648	1409	1064	1226	646	760	909	837	794	801	780	902	892	1202	1010
Dyrk1a_+_94569681.23-P1P2	Dyrk1a	391	725	606	1042	943	902	920	847	769	1815	991	975	1290	800	587	684	603	711	538	628	747	575	900	737
Cd200r1_-_44765839.23-P1P2	Cd200r1	523	755	860	1393	1182	1163	891	1204	986	1334	1111	778	1747	1361	878	1052	708	617	716	787	895	865	1124	1016
Ace_+_105968026.23-P1P2	Ace	519	999	964	1545	1262	1366	1386	1241	1076	1309	820	1127	1821	576	916	1077	1067	870	706	1031	870	1115	1274	1348
Gapdh_-_125165238.23-P1P2	Gapdh	441	908	942	1365	1190	1265	1062	1278	856	1255	1236	1411	2189	790	862	1053	780	762	709	806	969	823	1072	981
Casp6_-_129901476.23-P1P2	Casp6	445	1004	906	1481	1450	1434	1182	1063	988	1401	1153	1509	1468	3420	979	1226	971	848	832	960	945	1054	1382	1286
Brca1_+_101551839.23-P1P2	Brca1	515	1078	844	1599	1528	1190	1277	975	803	2057	1420	1109	1383	1485	817	1108	890	761	673	762	878	919	1302	1111
Wars2_-_99141149.23-P1P2	Wars2	1060	2576	2494	3192	3369	2858	3325	2635	2115	3985	2414	3288	4002	1411	2261	2606	1952	1986	1858	2027	2126	1398	2172	2215
Bcl2l1_+_152830422.23-P1	Bcl2l1_P1	531	1051	983	1491	1470	1424	1256	1298	1092	1219	1609	1748	1989	881	1070	1094	919	930	870	924	923	870	1244	1255
Dntt_-_41029409.23-P1P2	Dntt	302	752	790	1238	1173	1050	978	964	785	1409	863	1841	1625	765	801	1058	711	665	612	807	753	845	1009	1023
Fggy_+_95557599.23-P1	Fggy_P1	293	909	1102	1235	1367	1339	1093	1124	965	1715	1534	1122	2233	1976	856	1022	882	764	866	910	880	773	1288	1098
Mrpl3_+_105053321.23-P1P2	Mrpl3	389	905	610	1305	1347	1309	986	1255	911	665	937	1781	1379	729	717	956	733	728	702	818	860	702	861	717
Ppp3cc_-_70289434.23-P1P2	Ppp3cc	395	1246	989	1644	1197	1525	1155	1164	962	1901	2050	1319	1289	1767	1037	1244	918	797	851	1039	951	1012	1359	1304
Clu_-_65969805.23-P2	Clu_P2	551	1327	1276	1705	1314	1576	1319	1290	894	1734	1207	1789	2068	1397	1031	1147	925	1042	839	1098	1126	918	1388	1445
Polr3k_-_181864500.23-P1P2	Polr3k	635	1923	1460	2268	2045	1927	1569	1806	1381	1930	1903	1836	2608	2384	1301	1589	1303	1194	1101	1294	1220	964	1550	1301
Gusb_-_130002617.23-P1P2	Gusb	404	1180	999	1960	1477	1464	1597	1326	1114	1797	1632	1896	1838	706	1071	1181	1052	980	931	1085	935	1062	1450	1239
Pmpcb_+_21737169.23-P1P2	Pmpcb	425	1267	1081	1430	1440	1049	799	946	562	1421	885	964	1071	210	522	631	433	434	385	504	496	327	568	421
Tubb3_-_123411667.23-P1P2	Tubb3	442	1055	999	1942	1037	1252	983	1190	1090	1522	1465	1867	1349	1344	1044	1116	873	982	756	1030	957	997	1310	1285
Il1b_-_129371132.23-P1P2	Il1b	929	1987	1883	3219	2531	2776	2208	2336	1864	3400	1910	2887	2734	1394	1877	2187	1735	1646	1504	1843	1913	2045	2376	2343
Ak4_+_101419719.23-P1P2	Ak4	281	498	504	671	636	745	467	591	325	695	688	635	639	511	399	468	427	441	431	479	411	504	528	567
Map3k11_+_5688972.23-P2	Map3k11_P2	384	1067	1067	1586	1348	1534	1204	1227	1136	1586	1360	1736	1354	559	1001	1119	975	712	830	946	1023	957	1203	1198
Dcx_+_143933004.23-P1P2	Dcx	632	1714	1489	2135	1806	1858	1754	1928	1345	2412	1490	1977	2824	2308	1639	1715	1556	1279	1216	1267	1432	1290	1638	1876
Ccnf_+_24251339.23-P1P2	Ccnf	539	1474	1383	2170	1601	1795	1548	1436	1370	2138	1731	2080	1524	1001	1465	1585	1218	1130	1074	1291	1419	1337	1672	1526
Clcc1_+_108653955.23-P1P2	Clcc1	430	888	955	1381	1123	1134	1152	856	797	1568	1506	1293	1863	173	895	862	715	897	765	829	836	665	968	1056
Mpz_+_171155541.23-P1P2	Mpz	353	1010	1021	1463	1393	1478	1290	1165	939	1136	1320	1156	1993	3093	951	1332	1002	905	716	1004	949	1024	1207	1267
Fxn_+_24280558.23-P1P2	Fxn	566	1390	1254	1880	1913	1960	1648	1509	1442	2536	1716	2091	2026	880	1290	1550	1269	1271	1134	1556	1323	919	1297	1277
Agrn_-_156197444.23-P1	Agrn_P1	433	1087	908	1571	1233	1411	1116	1319	1080	758	780	1154	1534	975	946	1027	812	831	949	973	962	1015	1308	1227
Nedd4_-_72662542.23-P1P2	Nedd4	488	1370	1313	1938	1676	1600	1234	1245	1119	1881	1833	2055	1332	1891	1080	1356	1094	891	987	1047	1091	1088	1620	1559
Dkk2_-_132085347.23-P1P2	Dkk2	309	933	1000	1306	1294	1044	914	895	794	1191	1400	1134	1256	1076	846	741	809	657	705	876	834	808	1071	1165
Wnt10b_+_98778491.23-P1P2	Wnt10b	422	819	828	1459	1203	1208	986	1041	933	1111	1021	1110	1345	947	835	1054	842	711	712	865	849	808	962	1194
Uba7_-_107983003.23-P2	Uba7_P2	429	1222	1181	1679	1108	1478	1043	1324	919	1671	1373	1938	1866	954	963	1106	957	900	910	921	1025	813	1336	1155
Nek1_-_60993260.23-P1P2	Nek1	572	1403	1505	1877	1415	1629	1413	1362	1154	1429	727	1463	1262	2188	1024	1362	1050	1021	904	899	1176	1261	1583	1396
Gm11127_-_36058464.23-P1P2	Gm11127	588	1299	1597	2011	2049	1993	1662	1676	1384	2040	1281	1284	1806	1522	1335	1505	1190	1164	1101	1257	1216	1420	1843	1615
Cyp27a1_-_74713584.23-P1P2	Cyp27a1	460	776	849	1279	958	1313	869	1130	846	1100	1263	1473	1686	233	843	925	744	753	701	772	688	967	919	1085
Glp1r_+_30901887.23-P1P2	Glp1r	393	1051	1043	1186	1020	1191	913	1026	756	1113	1202	1259	1095	640	886	974	887	627	781	793	809	891	1109	1183
Bace1_-_45838643.23-P1P2	Bace1	565	1328	1045	2018	1712	1727	1835	1594	1058	2605	1380	1379	1506	753	1426	1442	1213	1102	986	1137	1182	1179	1399	1347
Sugp1_+_70043221.23-P1P2	Sugp1	383	964	836	1118	1201	1133	838	822	807	1036	859	1281	1218	627	713	858	677	694	632	782	903	741	916	867
Nhlrc2_-_56548482.23-P1P2	Nhlrc2	534	1596	1416	1792	1542	1817	1353	1525	1161	1950	1397	1322	1833	965	1270	1492	1189	1015	927	1292	1226	1215	1351	1545
Egfr_-_16752303.23-P1P2	Egfr	524	1376	1479	1774	1536	1827	2037	1615	1248	2395	2222	2583	2583	1665	1270	1321	1181	1248	1079	1301	1267	1153	1518	1851
Sorl1_-_42124071.23-P1P2	Sorl1	480	1103	1018	1596	1323	1449	1135	1160	855	2222	1348	1786	1685	749	1060	1206	877	844	865	976	1056	914	1408	1119
Mmp3_-_7445876.23-P1P2	Mmp3	322	810	968	1140	1170	1004	864	1147	749	1433	718	1151	1060	1038	795	973	792	646	590	718	659	891	933	852
Fis1_+_136962104.23-P1	Fis1_P1	173	503	329	588	494	668	394	451	428	395	447	580	648	295	419	408	355	387	294	420	389	387	425	445
Klc1_-_111758947.23-P1P2	Klc1	679	1333	1013	2242	1885	1860	1511	1470	1285	2469	1310	1588	1896	1176	1233	1507	1183	1267	1089	1148	1299	1204	1601	1788
Taf2_+_55072147.23-P1P2	Taf2	210	357	407	683	726	543	521	517	301	466	574	601	675	373	370	476	333	361	344	382	399	528	542	482
Bad_+_6941924.23-P1P2	Bad	318	1114	770	1482	1046	1392	1121	1142	892	2022	1276	1113	763	1228	1000	1147	827	838	799	931	1042	1042	1106	975
Chl1_+_103511361.23-P1P2	Chl1	675	1804	1571	2220	2307	2094	1851	2003	1573	2725	2041	2294	3418	1368	1331	1653	1330	1221	1236	1512	1413	1477	1892	2232
Kcnh4_+_100759485.23-P1P2	Kcnh4	686	1519	1267	2000	2134	1825	1577	1702	1378	1858	1629	2163	2220	752	1468	1586	1312	1131	1001	1214	1202	1099	1612	1585
Igf1_-_87859591.23-P1	Igf1_P1	270	505	451	643	782	601	459	431	544	706	432	1042	1121	10	509	421	465	404	338	360	452	333	414	402
Atp1a3_-_25005803.23-P1P2	Atp1a3	466	884	1040	1609	1371	1424	1027	1525	1057	1986	1096	1442	1639	1647	969	1252	984	982	859	1020	857	750	1173	1218
Bicd2_-_49341980.23-P1P2	Bicd2	485	1320	1253	2059	1730	1774	1668	1622	1476	1957	1438	2421	2677	2168	1249	1539	1273	1191	940	1220	1146	1363	1590	1658
Cox8b_+_140900383.23-P1P2	Cox8b	494	987	1029	1411	1317	1302	1142	1102	921	1902	1165	1632	1248	2282	976	1033	766	797	747	832	997	905	1212	1133
Colec11_-_28623298.23-P1P2	Colec11	486	1288	897	1645	1284	1533	1545	1552	1146	1867	1515	2198	1799	2138	996	1432	1076	878	946	1050	1124	1028	1553	1230
Ncl_+_86359314.23-P1P2	Ncl	421	1578	1535	1985	1625	1998	1704	1781	1461	2431	2020	2486	2205	1794	1310	1467	1222	1093	1053	1123	1361	1037	1354	1292
Cacna1c_-_118757964.23-ENSMUST00000112825.2	Cacna1c	769	2252	1823	2832	3062	2795	2485	2097	1714	3600	2616	2639	3635	2288	1926	2182	1914	1698	1584	1767	1942	1886	2460	2988
Jag1_+_137116424.23-P1P2	Jag1	269	655	623	791	853	795	615	874	499	750	922	679	1133	398	539	653	560	434	472	579	601	432	735	612
Map2k1_-_64253379.23-P1P2	Map2k1	304	941	1003	1462	1220	1326	1024	1252	966	1825	1027	1571	897	381	975	1062	919	961	808	911	951	417	779	774
Stx1a_+_135041368.23-P2	Stx1a_P2	272	717	582	1034	770	883	665	869	618	977	445	820	1201	970	473	633	475	578	565	527	596	524	672	782
Farsb_-_78488801.23-P1P2	Farsb	329	1175	745	1367	1143	1220	941	1061	871	1597	1057	1011	1427	925	1001	919	700	696	710	777	801	666	1031	1157
A2m_-_121636240.23-P1P2	A2m	401	468	669	1114	923	890	913	923	772	1096	999	1101	898	935	650	794	707	644	578	688	577	604	899	885
Padi4_+_140750496.23-P2	Padi4_P2	719	1138	1031	1731	1300	1507	1152	1415	968	1784	1077	1712	2430	1172	1123	1194	1100	1107	846	887	989	929	1292	1320
Hdac9_-_34528847.23-P1P2	Hdac9	305	990	1064	1520	1319	1276	1228	1105	1005	1899	1359	1367	1440	1022	1104	1119	1008	897	847	966	864	813	1097	1308
Pon2_+_5298316.23-P1P2	Pon2	613	1222	1160	1925	1690	1784	1598	1473	1175	1696	1316	1840	1743	2678	1190	1386	1138	1003	1033	1141	1162	1160	1402	1486
Psmd9_+_123228340.23-P1P2	Psmd9	459	1391	1115	1866	1924	1736	1445	1552	1296	1928	1932	2342	2273	733	1125	1254	1112	1129	1060	1264	1122	1298	1495	1748
Tmem119_+_113800342.23-P1P2	Tmem119	790	1922	1591	2457	2130	2130	1769	2293	1620	3846	1322	2185	1843	1481	1420	1701	1605	1304	1416	1493	1432	1679	1785	1861
Atxn2_+_121711911.23-P1P2	Atxn2	202	430	311	709	460	514	482	490	460	702	574	752	642	39	457	445	378	372	364	322	391	418	493	438
Ryr3_+_113217027.23-P1P2	Ryr3	432	1325	1111	1823	1701	1706	1227	1586	1074	2412	1448	1517	1720	1075	1091	1297	1146	944	923	974	1165	990	1256	1493
Epm2a_+_11343465.23-P1P2	Epm2a	544	1248	1297	1881	1877	1641	1402	1686	1227	1376	1521	2274	1648	997	1246	1322	1017	1123	948	1192	1345	1291	1551	1304
Calb1_-_15881289.23-P1P2	Calb1	207	572	707	989	688	859	558	891	556	889	900	880	1011	1117	561	725	451	467	486	475	646	683	763	620
Tfam_+_71237998.23-P1P2	Tfam	303	803	910	1247	1413	1241	994	945	924	1691	922	1316	1267	1061	727	863	635	646	635	730	788	198	486	306
Adora2a_-_75317124.23-P1P2	Adora2a	642	1463	1279	1757	1865	1882	1500	1769	1254	2451	1564	2186	1872	1891	1344	1614	1187	1239	1106	1216	1372	1267	1647	1614
Gpnmb_-_49036665.23-P1P2	Gpnmb	500	1529	1245	1992	1635	1720	1640	1588	1301	2407	1878	1968	2913	1634	1308	1533	1378	1164	1157	1271	1393	1368	1596	1726
Ndufa2_+_36744513.23-P1P2	Ndufa2	280	651	726	945	830	910	750	969	612	704	637	898	881	612	629	779	608	557	487	544	581	486	811	714
Fzd10_+_128600844.23-P1P2	Fzd10	374	1001	855	1307	1265	1228	1084	1067	898	1864	1360	1115	1538	1175	858	966	751	837	724	869	909	799	1170	1144
Gap43_-_42340176.23-P1P2	Gap43	156	230	169	219	469	375	278	303	263	289	532	326	454	221	261	316	247	180	237	248	199	225	305	267
Atp5a1_-_77774049.23-P1P2	Atp5a1	288	977	797	1306	1195	1304	1002	1050	639	2089	1155	1078	1298	921	803	836	808	560	598	850	818	367	624	478
P4hb_-_120572838.23-P1P2	P4hb	451	1320	1540	2035	1838	1776	1575	1593	1214	2676	1720	1759	2655	1281	1325	1362	1183	1192	1038	1016	1418	1077	1717	1728
Hspa1b_-_34958860.23-P1P2	Hspa1b	360	1089	1198	1441	1173	1521	1155	1226	1040	1876	1411	1699	1713	1719	1058	1123	949	972	884	963	1063	1143	1289	1349
Naglu_+_101070165.23-P1P2	Naglu	513	1635	1398	2230	1773	1898	1594	1652	1204	2681	1650	2241	2985	1127	1387	1683	1232	1246	1145	1279	1446	1469	1711	1815
Gsk3a_+_25237735.23-P1P2	Gsk3a	401	877	835	1331	894	1127	1092	1077	727	1571	1234	1044	1434	1108	821	894	665	571	671	803	881	777	917	964
Serpina3j_-_104314953.23-ENSMUST00000109957.2	Serpina3j	685	1512	1261	1938	2156	1899	1575	1760	1296	2326	1957	1980	1853	615	1260	1517	1363	1175	1094	1200	1272	1482	1667	1630
Mak16_-_31168686.23-P1P2	Mak16	363	1141	1102	1412	1040	1379	1036	1106	897	1905	1301	1115	1398	1151	816	1002	770	786	792	773	784	443	637	552
Ogdh_-_6291675.23-P1P2	Ogdh	464	1394	1264	1956	1926	1784	1492	1623	1101	1548	1097	1487	2180	1062	849	1153	893	890	937	1059	1114	516	913	1064
Iba57_-_59163724.23-P1P2	Iba57	352	1120	1178	1395	1416	1409	1190	1395	1115	1728	1385	1965	1973	380	1040	1022	958	764	773	907	1017	391	869	804
Tmem106b_-_13069864.23-P1P2	Tmem106b	687	1557	1067	1907	1722	1693	1455	1555	1404	1813	1905	1488	1651	1609	1253	1262	938	1218	925	1332	1217	1080	1070	1156
Fis1_+_136953272.23-P2	Fis1_P2	194	736	651	589	617	802	896	634	652	1206	637	769	1140	750	544	656	451	404	474	528	536	421	764	746
Tsen34_+_3693791.23-P1P2	Tsen34	363	1005	831	1540	1207	1361	1000	1240	825	2092	1145	1283	1924	755	882	1097	876	818	741	760	922	862	1065	981
Zfp106_+_120563817.23-P1P2	Zfp106	231	551	688	853	1003	978	846	850	636	1235	1221	612	1176	831	703	830	628	645	537	557	679	722	809	620
Glul_+_153899991.23-P1P2	Glul	546	1504	1674	1810	2098	2025	1600	1862	1264	2827	1470	1542	1659	2036	1480	1560	1291	1428	1186	1444	1441	1411	1764	1849
Ang2_+_51195470.23-ENSMUST00000051274.1	Ang2	415	1451	1418	1815	2269	1690	1197	1401	1137	2954	1925	1879	2035	424	1195	1382	1169	912	948	1039	1308	1399	1542	1604
Slc5a6_+_31048241.23-P1P2	Slc5a6	452	1537	1434	2000	1469	1657	1139	1439	1280	1405	1622	2038	1044	869	1130	1421	1119	954	1010	1276	1018	1083	1711	1546
Pmpca_-_26389382.23-P1P2	Pmpca	608	1460	1586	2208	1522	1684	1167	1468	1069	2148	1061	1668	1717	2021	1036	1273	977	928	947	961	958	871	1184	1118
Cat_-_103485085.23-P1P2	Cat	324	1043	942	1397	1627	1486	1312	1198	895	1095	1861	1883	2325	1016	961	1037	1020	848	759	719	975	893	1178	1140
Gsn_+_35282437.23-P2	Gsn_P2	319	739	660	1036	993	857	765	826	548	904	702	771	1336	829	604	800	541	419	494	627	495	648	763	761
Fzd2_-_102604449.23-P1P2	Fzd2	500	1053	888	1230	1577	1583	1272	1196	983	1525	1122	1922	1733	1236	1077	1190	861	773	862	892	1060	909	1174	1179
Cfl2_-_54862852.23-P1P2	Cfl2	529	1206	935	1692	1638	1334	1339	1333	1073	1909	1146	1557	1232	811	1091	1130	913	877	841	944	972	1008	1273	1197
Uqcrb_-_66905149.23-P1P2	Uqcrb	705	2130	1687	2884	2391	2200	1965	2142	1689	2309	2868	3196	2492	1620	1670	1839	1316	1348	1437	1605	1627	612	1137	942
Toe1_-_116807475.23-P1P2	Toe1	414	1386	1213	1970	1477	1449	1258	1214	883	2296	1230	1995	1570	823	1015	984	843	862	782	961	1019	798	1159	1085
Tead1_+_112679442.23-P1P2	Tead1	322	803	816	897	1016	1064	918	1105	794	1203	510	920	377	308	676	787	767	666	576	858	963	689	1041	920
Pde8b_-_95250290.23-P1	Pde8b_P1	487	1622	1143	2119	1701	1999	1762	1919	1287	2385	2184	2346	2285	796	1396	1577	1329	1295	1092	1297	1322	1279	1622	1831
Ndufs5_+_123718111.23-P1P2	Ndufs5	270	970	750	1029	1122	954	800	704	616	1024	845	1010	1401	1169	732	740	682	703	541	745	655	397	532	545
Ppp2r2b_+_43059144.23-ENSMUST00000025377.7	Ppp2r2b	166	713	407	983	713	798	786	735	777	1146	383	1321	1254	682	461	664	620	425	494	613	587	630	737	715
Ren1_+_133350690.23-P1P2	Ren1	525	1385	1368	1967	1619	1614	1612	1279	1425	2759	1116	1891	2194	770	1220	1508	1273	1193	959	1248	1230	1235	1658	1720
Myd88_-_119339964.23-P1P2	Myd88	379	978	896	1219	1195	1200	833	988	792	1823	1067	1202	1483	920	760	1052	739	701	711	799	987	986	992	1047
Pak3_+_143664454.23-P1	Pak3_P1	260	752	531	1192	865	1125	850	771	668	1688	1066	1120	1157	1249	797	806	653	759	609	576	656	809	997	948
Coch_-_51593419.23-P1P2	Coch	221	720	595	1168	1199	841	790	861	643	1522	1327	705	792	363	665	797	672	580	596	572	688	676	921	879
Vrk1_-_106010306.23-P1P2	Vrk1	369	1265	1203	1723	1459	1489	1288	1381	1206	2322	1668	1442	1818	754	1058	1121	1063	813	914	1027	1069	656	1165	1157
Ptbp2_+_119783216.23-P1P2	Ptbp2	376	1033	982	1368	1431	1186	1142	912	792	664	714	1390	1349	631	793	768	617	599	622	704	745	567	615	716
Sox3_+_60893401.23-P1P2	Sox3	342	696	810	985	911	918	835	849	710	890	704	439	819	1203	606	658	580	595	485	568	675	682	613	781
Alb_-_90460943.23-P1P2	Alb	246	495	560	992	694	678	639	724	529	1247	500	897	630	1473	563	671	542	434	462	467	560	460	613	580
Fzd1_+_4757992.23-P1P2	Fzd1	596	1106	963	1627	1357	1369	1060	1251	1072	1904	1311	1758	1600	917	1030	1260	841	998	879	993	1024	1067	1150	1259
Gpnmb_+_49036691.23-P1P2	Gpnmb	326	1297	1113	1598	1552	1270	1334	1370	1081	1582	1378	1271	1758	924	962	1114	959	866	755	953	856	866	1273	1149
Il18_-_50555057.23-P1P2	Il18	585	1095	927	1229	1365	1398	1339	996	991	1415	1645	1416	1547	1748	994	1080	851	901	678	922	1008	1004	1063	1214
Cd200r2_+_44867282.23-P1P2	Cd200r2	200	807	742	1102	1254	1010	759	828	722	1519	583	972	1495	904	649	647	628	479	566	687	686	648	923	767
Hspa1a_+_34971599.23-P1P2	Hspa1a	653	1282	1321	2066	2287	1683	1436	1681	1183	1885	1714	1788	2910	1804	1139	1527	1307	1254	1020	1240	1142	1313	1602	1631
Mrc1_+_14229476.23-P1P2	Mrc1	171	420	341	690	531	649	320	505	527	821	649	1017	831	83	535	540	401	278	376	426	400	374	539	554
Egf_-_129755299.23-P1P2	Egf	394	1364	1189	1887	1756	1765	1332	1437	1251	2233	2102	1942	1666	2926	1306	1452	1267	1123	1077	1289	1187	1299	1507	1535
Hsd17b10_+_152001956.23-P1P2	Hsd17b10	185	426	293	669	445	550	433	471	534	795	524	820	1000	202	465	465	393	373	377	398	442	180	174	321
Ppp3cb_-_20546518.23-P1P2	Ppp3cb	790	1635	1597	2585	2322	2151	1829	2146	1463	2377	2422	2487	2635	1056	1615	1817	1401	1457	1268	1431	1549	1655	2167	2049
Pcsk1n_+_7919863.23-P1P2	Pcsk1n	470	1466	1200	1724	2278	1688	1522	1356	1237	2470	1312	1638	1747	528	1263	1471	1254	1211	1079	1249	1189	1038	1551	1559
Cd36_+_17835639.23-P1P2	Cd36	535	1021	1257	1668	1444	1349	1103	1339	1082	2094	1371	1617	2072	1139	1118	1116	933	1062	897	953	1161	1246	1294	1333
Atp2b3_+_73503183.23-P1P2	Atp2b3	738	1828	1842	2887	2234	2412	1893	1948	1601	3730	2280	2234	2204	1390	1487	1901	1537	1403	1321	1692	1502	1712	2194	2183
Fars2_+_36118214.23-P1P2	Fars2	235	691	729	858	811	866	884	821	812	1695	1013	1420	911	419	683	867	632	549	544	497	671	553	823	822
Stat3_-_100939392.23-P1P2	Stat3	608	1360	1171	1888	2123	1844	1637	1674	1230	2367	2144	1983	2259	2795	1576	1593	1348	1073	1067	1375	1214	1306	1851	1521
Rab5a_-_53479326.23-P1P2	Rab5a	382	1057	972	1554	1622	1382	1333	1176	1040	1465	1199	951	1453	238	844	1130	912	797	798	1015	814	797	1210	1075
Fig4_-_41303113.23-P1P2	Fig4	501	1605	1521	1735	1670	1822	1454	1728	1254	1883	2150	1579	1699	1077	1271	1586	1302	1133	1158	1298	1141	1343	1555	1552
Kdm1a_+_136602674.23-P1P2	Kdm1a	401	1124	1346	1503	1182	1526	1335	1562	1175	1846	1581	1193	1866	546	1017	1196	1054	975	946	1016	992	1095	1664	1533
Gsn_+_35282501.23-P2	Gsn_P2	407	1095	942	1543	1437	1399	1106	1111	812	1235	948	1359	2324	480	930	1145	802	915	817	885	841	892	1281	1252
Htr2a_+_74640959.23-P1P2	Htr2a	672	1593	1530	2120	1972	2018	1957	1784	1465	1931	2203	1852	2030	2930	1488	1888	1440	1318	1138	1362	1433	1388	1757	1702
Sncg_-_34374619.23-P1P2	Sncg	558	1284	1013	1528	1606	1532	1268	1352	990	1339	1614	1703	1598	1431	963	1226	966	961	896	818	1083	958	1238	1406
Slc26a3_-_31438213.23-P1P2	Slc26a3	212	353	375	848	547	602	546	338	399	853	266	693	605	616	427	446	408	291	332	435	411	334	504	476
Tspo_-_83563644.23-P1P2	Tspo	400	1322	1073	1613	1780	1832	1322	1512	1329	1647	1296	2114	1777	1236	1185	1486	988	910	1031	1129	1247	1122	1448	1542
Mfn2_+_147904656.23-P1P2	Mfn2	664	1482	1469	2132	2017	1642	1584	1426	1128	1635	1128	2146	2697	1109	1221	1119	967	997	881	982	1070	936	1236	1019
Ulk1_-_110809980.23-P1P2	Ulk1	745	2225	1640	3172	2506	2386	2013	2210	1755	2603	2544	3071	3008	1014	1722	2030	1550	1457	1507	1676	1846	1857	2354	2341
Sirt5_-_43365491.23-P1P2	Sirt5	653	1492	1533	2134	1756	1820	1645	1594	1272	2122	1654	1946	2085	1518	1294	1578	1325	1065	1079	1186	1223	1344	1624	1396
H2-M9_+_36642570.23-P1P2	H2-M9	667	1485	1618	2386	2174	1984	1810	1718	1591	3005	1831	1970	2157	1618	1421	1572	1348	1244	1082	1246	1403	1352	1796	1716
Rb1cc1_-_6214687.23-P1P2	Rb1cc1	490	865	1228	1314	1201	1278	1155	1384	962	1596	1409	1437	1572	859	971	1046	975	880	645	857	888	877	1207	1279
Mad2l1bp_-_46153486.23-P1P2	Mad2l1bp	543	1317	1194	1664	1628	1794	1239	1404	937	2504	1688	1781	1756	743	1287	1345	1196	1080	1028	1039	1325	1234	1415	1522
Lrpprc_-_84790514.23-P1P2	Lrpprc	528	1680	1774	2310	1816	1997	1805	1727	1370	2968	2891	2432	2203	2163	1420	1572	1441	1146	1256	1489	1589	1693	2158	1985
Ndufa6_+_82354003.23-P1P2	Ndufa6	421	1201	940	1328	1357	1496	1199	1246	953	1234	1671	1723	1614	384	1128	1218	1106	889	843	995	910	1001	1166	1521
Il1b_+_129371106.23-P1P2	Il1b	951	2179	1962	2976	2512	2816	2113	2758	2012	3150	3029	3071	2926	1890	1886	2443	2016	1900	1689	1969	2065	2078	2741	2760
Csnk2a2_+_95488767.23-P1P2	Csnk2a2	557	1107	879	1497	1252	1429	1331	1218	958	1299	1878	1122	1122	484	884	1395	921	856	973	919	957	940	1235	1311
Sptlc2_-_87388188.23-P1P2	Sptlc2	629	1563	1495	2459	2086	2176	1848	1919	1610	2795	1905	1983	2317	265	1496	1686	1384	1329	1240	1327	1419	1414	1932	1624
Bdnf_+_109693634.23-P1P2	Bdnf	353	787	793	1149	981	1085	836	1072	807	1131	820	1225	1225	381	856	847	728	666	745	689	726	885	1058	887
Mme_+_63299781.23-P1	Mme_P1	376	1302	1349	1578	1520	1477	1571	1456	1198	1661	1321	1348	2526	1265	961	1277	1017	1055	860	1098	1118	1232	1284	1467
Mag_+_30914773.23-P1P2	Mag	462	1192	1031	1678	1647	1568	1455	1453	1185	2001	1049	1643	2358	603	971	1372	1134	1056	887	1031	1125	1204	1232	1265
Psmc1_-_100110196.23-P1P2	Psmc1	590	1407	1300	1884	1669	1893	1648	1622	1365	1504	2040	1746	2443	2097	1140	1476	1101	1042	1028	1100	1146	1027	1370	1563
Serpina1e_-_103958467.23-P2	Serpina1e_P2	586	1377	1400	1642	2163	1678	1684	1525	1151	2244	1427	371	1817	316	1425	1671	1214	1140	1100	1093	1186	1548	1508	1638
Pde9a_-_31386256.23-P1P2	Pde9a	417	818	890	1428	971	1090	1278	1011	883	1385	948	1186	1116	1551	936	938	865	651	630	793	750	968	1100	981
Nipa1_-_56019506.23-P1P2	Nipa1	244	896	605	984	969	829	700	702	653	888	749	653	1463	957	687	647	538	610	538	534	679	660	790	774
Sdf4_-_155993344.23-P1P2	Sdf4	293	861	628	1045	883	936	907	949	690	1397	941	753	875	1021	663	708	684	494	573	653	710	612	895	812
Asah1_-_41374561.23-P1P2	Asah1	918	2029	1977	2631	2460	2513	1947	2393	1702	2291	2247	3360	2384	2362	1753	2077	1731	1656	1392	1617	1716	1845	2274	2394
Dicer1_+_104751853.23-P1P2	Dicer1	421	908	827	1427	1370	1191	897	1175	650	1110	1420	921	1465	1014	833	925	722	658	624	783	791	559	754	662
Wnt5a_+_28505837.23-P1	Wnt5a_P1	536	1355	1301	2056	1665	1603	1346	1424	1282	2105	1827	1664	2202	2314	1463	1410	1243	1090	1158	1264	1322	1314	1802	1612
Fgfr4_-_55152827.23-P1P2	Fgfr4	413	830	693	1281	1486	1161	915	833	884	1218	1272	988	1629	553	1002	941	747	744	747	813	894	908	1108	1028
Pmp2_-_10197181.23-P1P2	Pmp2	420	1200	1089	1824	1441	1491	1464	1502	1089	2167	1906	1582	1466	645	1103	1323	1052	1111	872	1151	1178	1078	1363	1337
Cxcl13_+_95956958.23-P1P2	Cxcl13	503	1463	1485	2618	1946	2057	1402	1795	1607	1848	2220	1958	2014	1223	1445	1671	1314	1144	1241	1263	1498	1439	1914	1730
Prkcb_-_122289560.23-P1P2	Prkcb	396	1269	881	1466	1438	1343	1300	1145	895	1959	1272	1463	1889	1207	1075	1132	818	964	848	962	1012	894	1096	1221
2410137M14Rik_+_36981189.23-P1P2	2410137M14Rik	247	777	897	1484	1081	1106	887	920	842	1087	970	1122	1433	1090	824	845	649	767	675	837	731	988	1094	1144
Abcb6_+_75180332.23-P1P2	Abcb6	472	1071	857	1322	1490	1333	1183	1319	811	1248	1153	1224	1518	1407	921	982	964	803	762	747	777	766	1060	981
Trip4_+_65884983.23-P1	Trip4_P1	458	1629	1686	2114	1895	2028	1404	1766	1122	2159	2365	2099	2808	226	1300	1699	1258	1323	1234	1251	1410	1424	1805	1828
Mapk12_+_89140647.23-P1P2	Mapk12	320	994	791	1527	1281	1341	943	980	949	1818	1065	1017	1851	356	835	1092	777	674	718	917	923	963	1177	1309
Setx_-_29125230.23-P1P2	Setx	333	1003	798	1365	1401	1041	812	1033	685	1597	723	1330	1237	823	663	872	799	605	634	701	796	730	917	1081
Gigyf2_+_87327086.23-P1P2	Gigyf2	620	1682	1481	2354	1855	1989	1605	2210	1615	2372	1726	2173	2554	1597	1527	1870	1314	1303	1302	1277	1418	1303	1880	1785
Hspa8_+_40802646.23-P2	Hspa8_P2	461	1080	948	1544	1702	1509	1282	1232	1013	1429	1432	1480	1250	1629	955	1151	903	814	804	933	974	880	1181	1269
Ttpa_-_20008436.23-P1P2	Ttpa	815	1633	1443	2251	1799	2205	1773	1899	1714	2224	1868	1937	2243	2160	1605	1872	1597	1425	1333	1557	1663	1392	1942	2056
Gsr_-_33653630.23-P1P2	Gsr	521	1331	1154	2026	1584	1719	1423	1726	1267	2481	1863	1794	2001	1228	1244	1290	1067	1050	1072	1153	1306	1133	1301	1556
Src_+_157424322.23-P1P2	Src	558	1244	1236	1683	1674	1579	1470	1331	1117	1385	1754	1813	1593	1469	1055	1233	1012	986	936	1086	1155	1168	1518	1246
Khdrbs1_-_129742206.23-P1P2	Khdrbs1	433	1261	1031	1670	1471	1525	1390	1523	1038	2562	1834	1904	2474	1324	1205	1414	1199	1125	1007	1122	1192	1163	1475	1562
Pnp2_+_50956215.23-P1P2	Pnp2	331	1515	1126	1726	1834	1564	1617	1365	999	2614	1677	2234	1556	1934	1189	1483	997	958	1046	1090	1195	1146	1256	1191
Smn1_-_100124883.23-P1P2	Smn1	809	2045	1446	2255	2710	2111	1715	1714	1374	2158	2169	2022	2607	1435	1284	1495	1087	1014	1085	1228	1331	1197	1374	1210
Aptx_-_40703115.23-P1P2	Aptx	464	990	963	1503	1060	1213	1074	1195	891	1231	1094	1688	1236	548	1028	1075	763	848	819	620	915	838	1128	965
Kif20b_-_34922623.23-P1P2	Kif20b	244	696	493	898	999	792	859	719	631	734	800	1068	1088	1319	626	816	548	585	516	540	604	620	721	815
Neurog2_+_127633185.23-P1P2	Neurog2	711	1922	1758	2246	1989	2293	1909	1948	1497	2891	2421	2148	2783	1945	1553	1676	1339	1628	1284	1493	1590	1760	1878	2148
Coq7_+_118533226.23-P1P2	Coq7	490	1098	844	1506	1362	1248	985	1056	974	1019	1390	1336	1712	1236	911	999	835	745	829	1018	814	776	1249	1209
Sdhd_+_50603785.23-P1P2	Sdhd	415	920	1008	1424	1496	1472	1275	1184	1121	1824	1261	1472	1641	654	924	1169	946	788	880	926	872	896	1251	1143
Pnkp_+_44857383.23-P1P2	Pnkp	404	1112	990	1665	1664	1404	1155	1468	914	989	1172	1838	1491	846	887	1151	874	747	694	886	910	857	1316	986
Dnah14_+_181741048.23-ENSMUST00000160345.1	Dnah14	366	802	776	1036	1029	1134	887	1032	770	1479	706	1139	1236	1014	773	1165	836	721	690	780	874	725	1007	954
Gabarap_+_69991662.23-P1P2	Gabarap	644	1219	1266	2106	2043	1606	1435	1484	1246	2185	1733	990	1999	1418	1055	1280	1012	945	990	1070	1254	1101	1239	1455
Lrsam1_+_32961588.23-P1P2	Lrsam1	563	1227	1194	2118	1740	1747	1348	1341	1074	1522	1347	1506	1739	616	1109	1235	986	1010	962	950	1109	643	1047	1011
Notch1_-_26503725.23-P1P2	Notch1	550	1605	1404	2167	1716	1900	1668	1632	1237	2372	2128	2350	2605	1651	1323	1401	1450	1377	1192	1317	1306	1273	1496	1561
Sbf2_-_110614878.23-P1P2	Sbf2	459	1531	1171	1998	1445	1762	1192	1598	1194	2232	2014	1714	2403	941	1261	1405	1138	1104	1020	1235	1180	1044	1580	1487
Adora2b_+_62249063.23-P1P2	Adora2b	601	1500	1294	2119	2028	1931	1986	1586	1490	2643	1865	2270	2354	1263	1579	1682	1368	1247	1157	1396	1369	1404	1804	1895
Grin2b_-_136172154.23-P1P2	Grin2b	312	919	770	1162	996	1059	743	1000	850	1522	855	845	1232	719	746	803	720	689	620	744	728	710	867	935
Hspa1a_+_34971632.23-P1P2	Hspa1a	290	631	598	1080	816	898	848	769	714	992	577	630	691	467	616	728	624	559	507	584	621	549	885	759
Pak3_-_143664425.23-P1	Pak3_P1	441	1459	1203	2191	2139	1955	1737	1752	1412	2471	1990	2118	2911	1217	1330	1741	1226	1329	1206	1319	1335	1398	1825	1870
Dhtkd1_-_5942750.23-P1P2	Dhtkd1	413	1085	1077	1762	1658	1730	1334	1238	1218	2039	1230	1536	1951	58	1168	1307	1002	1108	981	1064	1260	1154	1431	1322
non-targeting_01944	non-targeting	486	872	788	1623	1115	1339	1139	1147	955	2340	1758	1099	1879	1200	863	949	952	856	852	817	862	1045	1247	1089
Galc_-_98259254.23-P1P2	Galc	454	1176	1250	1895	1639	1474	1149	1529	1070	1686	1168	1649	1983	2611	1088	1336	965	999	948	1029	996	1057	1228	1383
Scarb1_-_125340946.23-P1P2	Scarb1	352	1038	848	1572	1676	1578	1214	1218	1039	1755	1623	1985	1764	732	974	1190	1037	935	873	871	920	1095	1159	1092
Stc1_-_69029835.23-P1P2	Stc1	592	1058	1217	1555	1570	1376	1222	952	1029	1939	1577	1102	1433	1186	893	1153	974	823	761	884	941	927	1171	1337
Ndufa6_-_82354164.23-P1P2	Ndufa6	358	960	677	1552	1215	1516	1548	1180	1038	1570	907	900	1470	1285	895	959	761	913	786	998	1073	962	1065	1180
Apod_+_31314535.23-P1P2	Apod	350	1042	800	1195	1015	1103	1230	1112	821	2048	730	1249	1487	1033	885	975	879	922	663	908	924	677	1035	1161
Klf4_+_55532179.23-P1P2	Klf4	422	1064	1037	1572	1519	1466	1258	1140	997	1351	1329	1516	2056	1751	952	1174	953	992	977	1003	997	820	1280	1306
Psma3_+_70974664.23-P1P2	Psma3	687	1500	1892	2115	2168	1977	1884	1471	1206	1875	2173	1749	2130	1007	1339	1513	1307	1036	1166	1180	1290	1318	1703	1569
Tuba1a_+_98953257.23-P1P2	Tuba1a	488	1030	1058	1510	1398	1334	1322	1279	1037	1406	1039	1917	1366	793	1042	1145	931	860	754	935	845	1054	1275	1162
Nos3_-_24364841.23-P1P2	Nos3	620	1888	1577	2289	2400	2239	1757	2205	1482	1864	2704	1942	2134	1798	1614	1719	1480	1514	1345	1417	1712	1631	1900	2000
Mog_-_37023260.23-P1P2	Mog	798	1289	1121	1989	1739	1669	1585	1794	1101	2036	2098	2024	2712	841	1163	1307	1183	1190	1084	1196	1291	1189	1691	1716
Rasgrf1_+_89910304.23-P1P2	Rasgrf1	200	598	535	1175	692	866	730	676	560	807	470	1065	906	500	695	751	653	438	515	637	580	618	766	831
Cd200r3_+_44943727.23-P1P2	Cd200r3	632	1574	1426	2471	2381	2153	1800	2253	1546	2922	2159	1840	2500	1324	1525	1516	1354	1273	1171	1258	1470	1661	1761	1777
Stat3_+_100939379.23-P1P2	Stat3	587	1427	1293	1632	1695	1727	1556	1759	1313	2360	1955	1494	1804	1898	1104	1361	1181	1010	1020	1149	1120	1465	1695	1537
Fgf14_+_124193020.23-ENSMUST00000026631.5	Fgf14	399	1254	1092	2008	1449	1705	1207	1456	1068	2095	2171	1835	2038	1626	1054	1265	1056	885	910	989	1039	957	1147	1426
Stmn1_-_134469773.23-P2	Stmn1_P2	633	1537	1469	1945	1923	1941	1572	1751	1305	2160	1832	2412	1896	410	1499	1477	1272	1242	1094	1215	1212	1227	1827	1507
Il33_+_29925179.23-P1P2	Il33	822	1673	1745	2680	2452	2279	2157	1930	1714	2358	2392	2319	1888	1273	1388	1801	1400	1430	1356	1515	1378	1452	1865	1859
Tuba1c_-_99030019.23-P1P2	Tuba1c	428	1232	1118	1670	1502	1513	1352	1360	1089	1696	1604	1632	1745	1674	1108	1295	1141	1026	878	1108	1064	1063	1228	1376
Pde4a_+_21165770.23-P2	Pde4a_P2	236	1129	798	1284	1083	1237	978	1189	968	1788	1175	1314	1308	103	919	954	802	673	723	896	966	873	1080	1105
Slc1a3_-_8710257.23-P1P2	Slc1a3	327	1250	1194	1470	1503	1522	1429	1135	1176	1856	961	1272	1859	776	963	1018	861	825	871	835	953	947	1149	1285
Ap4e1_-_127008747.23-P1P2	Ap4e1	244	1130	1018	1509	1105	1395	1024	1299	831	1720	1063	1464	1668	800	940	1210	826	839	845	889	971	807	1159	1159
Smpd1_-_105554622.23-P1P2	Smpd1	266	766	594	1222	1082	1073	836	824	624	1220	601	934	1432	157	636	930	666	719	656	661	686	674	837	986
Rest_-_77265616.23-P1P2	Rest	570	1665	1532	2296	1927	1851	1565	1783	1388	2409	1762	2022	1836	1324	1312	1555	1345	1204	1171	1330	1303	1411	1553	1858
"Dnah17_+_118129158.23-ENSMUST00000106308.3,ENSMUST00000084803.5"	Dnah17	529	1121	1275	1687	1097	1530	1317	1266	1164	2868	1629	1626	1777	2246	1062	1457	1002	1221	953	1008	1146	1109	1401	1506
Dnah6_-_73221588.23-P1P2	Dnah6	362	1286	1073	1713	1609	1517	1522	1717	1139	1718	1329	1520	1932	1382	1091	1135	1012	946	785	1053	980	1043	1320	1132
Nr1h2_+_44553865.23-P1P2	Nr1h2	446	1231	996	1543	1375	1498	1392	1560	1108	1332	1223	1744	1498	993	1127	1535	1036	916	936	1128	1096	1179	1488	1385
Abca7_-_79996525.23-P1P2	Abca7	330	566	665	1096	905	842	597	824	597	516	685	1074	873	644	539	790	689	700	544	532	644	448	802	865
Renbp_+_73930729.23-P1P2	Renbp	310	802	868	1155	1196	992	978	1041	779	1995	1155	1030	1182	664	824	899	748	818	632	809	823	738	1063	913
non-targeting_02894	non-targeting	416	1333	934	1580	1508	1255	992	1412	1029	1559	928	1523	1423	377	937	1117	959	908	888	838	968	1075	1274	1352
Afg3l2_-_67448946.23-P1P2	Afg3l2	313	898	918	1393	976	1116	827	953	792	1054	813	1338	1413	1440	811	772	605	608	663	652	746	604	1074	836
Brca2_-_150522683.23-P1P2	Brca2	751	1798	1517	2445	2068	2411	2200	1952	1663	3388	1532	2374	1979	1090	1483	1917	1525	1509	1392	1524	1621	1752	2036	2021
Ptn_-_36810119.23-P1P2	Ptn	243	614	642	596	600	661	837	674	500	394	542	900	530	468	487	627	410	380	308	495	421	482	514	627
Cfl1_+_5490471.23-P1P2	Cfl1	731	1829	1748	2946	2755	2717	2342	2645	1978	3672	2811	3275	3227	2019	1827	2220	1735	1860	1579	1850	1906	2015	2380	2577
Agrn_+_156185990.23-P2	Agrn_P2	327	616	551	891	670	865	691	857	600	648	860	786	866	1338	676	775	564	450	526	565	631	661	762	774
Hmgb1_+_149051371.23-P2	Hmgb1_P2	343	545	517	735	798	706	450	603	623	1002	1088	551	799	782	449	619	473	492	417	445	452	412	819	656
Pld3_+_27553043.23-P2	Pld3_P2	571	1855	1843	2512	2805	2205	1862	2168	1545	2612	1848	2479	2730	2443	1437	1719	1456	1434	1387	1486	1594	1548	2089	2186
Serpina3c_+_104153765.23-P1P2	Serpina3c	490	1214	1276	1861	1725	1751	1648	1307	1256	2078	1679	2458	2082	1152	1128	1463	1101	1193	979	1147	1210	1158	1543	1445
Fas_+_34290759.23-P1P2	Fas	674	1015	1266	2112	1827	1864	1866	1480	1309	1898	1983	1762	1829	1213	1173	1491	1229	1177	1040	1138	1402	1378	1502	1661
Neurod1_+_79456596.23-P1P2	Neurod1	555	1277	1392	1836	1510	1709	1499	1457	1178	1862	1824	2526	2282	1397	1229	1265	1076	1183	998	1251	1385	1212	1490	1493
Ngfr_+_95587665.23-P1P2	Ngfr	896	1669	1663	2827	2102	2407	2012	2154	1928	1894	2550	2651	2184	1121	1702	1744	1787	1422	1459	1624	1804	1557	2189	2373
Lamp1_+_13159267.23-P1P2	Lamp1	575	1714	1755	2676	1967	2077	2093	1902	1663	3068	2326	2238	2791	1697	1457	1762	1447	1397	1214	1535	1577	1513	1912	1938
Pik3c3_+_30272909.23-P1P2	Pik3c3	343	1281	979	1555	1309	1297	917	1059	833	953	1260	1593	1745	585	841	977	841	650	694	817	812	531	848	822
Sod2_-_13008017.23-P1P2	Sod2	607	1907	1999	2845	2179	2913	2146	2271	1817	3538	2320	2847	2861	1610	2012	2275	1960	1687	1550	1725	1862	1589	2455	2318
Ndufc1_-_51408803.23-P1P2	Ndufc1	488	1333	1172	1675	1702	1594	1360	1205	1154	2227	1180	1685	2180	916	1178	1334	961	947	894	1104	1070	1157	1510	1392
Ndufb5_+_32737052.23-P1P2	Ndufb5	355	753	628	1259	1093	1145	774	1026	711	1031	1149	788	981	1117	877	916	725	786	613	796	809	662	973	855
Nlrp3_-_59541603.23-P1	Nlrp3_P1	163	671	646	917	656	981	728	848	574	1262	607	763	1206	1288	531	826	592	637	521	621	622	784	928	836
Ang5_+_43957240.23-P1P2	Ang5	361	790	870	1168	917	1019	778	1020	664	1037	871	1104	1625	72	705	880	687	862	625	662	772	692	837	823
Parp1_-_180569000.23-P1P2	Parp1	515	961	890	1283	1178	1296	1088	1049	1007	1197	1160	1342	1482	476	864	1044	878	787	729	940	753	832	1069	1309
Pon2_+_5298272.23-P1P2	Pon2	452	941	686	1322	1391	1179	875	1000	689	1567	1369	1421	1276	371	768	1037	801	611	746	734	833	964	1061	1039
Ptgs2_+_150100212.23-P1P2	Ptgs2	133	509	388	596	348	555	490	531	471	394	487	350	816	665	363	491	382	380	353	368	423	406	513	491
Vim_+_13574351.23-P1P2	Vim	542	1674	1270	2544	1913	2135	1976	1893	1549	2765	1693	1283	1916	1510	1345	1840	1476	1330	1372	1472	1518	1643	1831	1819
Bcl10_+_145924321.23-P1P2	Bcl10	286	778	663	1126	1238	1082	986	802	766	685	1030	1424	698	595	714	907	621	645	676	747	767	780	1032	993
Ryr3_+_113217012.23-P1P2	Ryr3	320	988	921	1096	1351	1334	765	1078	774	1217	1434	1272	1983	46	843	1072	809	763	777	779	889	785	1097	1158
Jag1_-_137116623.23-P1P2	Jag1	153	361	302	755	578	600	544	508	426	476	507	366	927	1071	386	535	324	421	336	370	364	384	504	462
Epha4_+_77515058.23-P1P2	Epha4	387	777	859	1435	1205	1377	1130	1151	1020	2063	1331	1549	1266	902	892	958	939	675	786	848	948	877	1311	1311
H2-M10.1_+_36326107.23-ENSMUST00000025322.7	H2-M10.1	448	1070	725	1293	1253	1514	1229	1415	802	1550	1757	1372	1541	1305	1034	1181	912	914	875	882	1052	885	1221	1111
Vapb_+_173737591.23-P1P2	Vapb	236	734	671	1150	1305	988	679	1050	592	1306	1272	1133	1400	890	832	737	758	694	688	671	694	740	895	941
Slc30a10_-_185455120.23-P1P2	Slc30a10	561	1036	1053	1412	1491	1358	1085	1227	883	1639	1448	1304	1640	263	985	1314	972	844	830	874	937	1041	1125	1145
Casp6_-_129901515.23-P1P2	Casp6	403	1000	1119	1473	1062	1385	1501	1381	1052	2029	1299	1145	1815	798	940	1185	934	907	840	918	954	945	1282	1247
Atxn1_-_45964955.23-P1P2	Atxn1	437	1452	1247	1736	1423	1763	1412	1567	1134	1874	1910	1702	1907	1081	1242	1490	1077	955	918	1021	1071	1131	1574	1643
Necab1_-_15148973.23-P1P2	Necab1	615	1859	1505	2301	2079	2022	1806	1960	1540	2439	1883	2287	2010	1800	1459	1528	1418	1312	1297	1331	1369	1572	1695	2031
Dctn6_+_34108434.23-P1P2	Dctn6	614	1302	1352	1795	2036	1606	1448	1337	1037	1646	1546	1499	1384	598	1112	1246	860	1042	846	1041	1137	764	963	1070
Ndufb9_-_58933840.23-P1P2	Ndufb9	226	696	791	1097	1176	1011	722	797	636	1081	674	1237	1803	510	766	765	666	732	607	634	597	406	697	516
Ireb2_+_54863985.23-P1P2	Ireb2	535	1024	802	1432	1238	1310	1120	1380	860	2016	1224	1025	1297	872	758	1236	973	810	871	864	862	912	1296	1317
Pld3_+_27553019.23-P2	Pld3_P2	495	1335	1334	1902	1709	1802	1593	1865	1467	1861	2291	2279	1698	479	1282	1528	1146	1229	1145	1462	1353	1264	1864	1629
Sct_+_141279094.23-P1P2	Sct	605	929	942	1863	1371	1448	1147	1599	1034	1988	1203	1877	2190	1867	1137	1318	814	863	886	1032	1080	1050	1406	1281
Hras_+_141193934.23-P1P2	Hras	596	1365	1577	2329	2095	1735	1455	1739	1379	2703	2143	1967	2204	1554	1304	1457	1353	1263	1103	1296	1348	1339	1838	1842
Polg_-_79466169.23-P1P2	Polg	536	1737	1723	2131	2203	2030	1863	2036	1509	1588	2148	2382	2809	991	1432	1757	1304	1285	1350	1386	1590	1031	1526	1464
Gcg_+_62483606.23-P1P2	Gcg	202	520	577	719	692	606	500	754	389	563	379	1186	698	1382	500	481	384	411	365	413	329	483	556	550
Ndufs5_-_123717910.23-P1P2	Ndufs5	227	353	406	393	371	381	294	436	299	444	214	688	747	15	282	304	222	280	282	304	273	277	343	375
Pmp22_-_63131600.23-P1	Pmp22_P1	432	1234	1124	1485	1415	1435	1137	1085	1067	1437	1015	1321	2311	940	1100	1106	949	841	840	894	1017	937	1263	1294
Dnah10_+_124725339.23-P1P2	Dnah10	342	795	810	1063	1165	921	850	870	755	1711	878	1124	1339	1033	714	816	670	600	618	618	732	687	873	997
Cd8a_-_71373555.23-P1P2	Cd8a	143	516	460	890	562	734	443	517	474	672	462	555	942	829	505	573	457	422	444	440	447	420	661	619
Wnt5a_+_28504951.23-P2	Wnt5a_P2	299	905	970	1445	1160	1195	1035	1176	872	1048	1425	1659	1235	1481	940	965	754	761	699	757	799	946	1032	999
Ppid_+_79591453.23-P1P2	Ppid	268	924	833	997	741	1004	1033	1103	565	1376	919	760	1430	608	720	729	633	726	574	663	743	688	909	820
Fxn_+_24280548.23-P1P2	Fxn	441	1068	922	1336	1151	1229	1013	1172	1036	1416	1219	1224	1503	491	921	983	833	886	691	787	946	689	1087	1224
Creb1_-_64532904.23-P1P2	Creb1	470	1448	1206	2051	1904	2061	1678	1925	1404	2013	1488	1427	2506	1452	1170	1607	1162	1034	1029	1267	1292	1326	1693	1675
Calb2_+_110168191.23-P1P2	Calb2	274	725	742	1287	817	868	607	751	602	1228	782	760	584	518	574	837	589	600	578	651	704	611	957	841
Dnajc10_-_80315809.23-P1P2	Dnajc10	318	912	848	1015	1148	1198	986	1248	781	1816	1691	1579	1715	976	867	1070	779	914	751	882	888	820	1203	1083
Matr3_+_35562284.23-P1P2	Matr3	568	1372	1131	1869	1489	1642	1350	1485	1075	1330	1387	1976	1739	1389	1195	1181	1136	963	922	1088	1253	1008	1312	1373
Lmnb1_+_56707914.23-P1P2	Lmnb1	218	525	563	824	726	680	636	712	534	752	755	921	548	166	595	678	476	521	406	496	502	450	686	734
Uqcrh_+_116074811.23-P1P2	Uqcrh	475	1303	1186	1908	1795	1621	1296	1253	1094	1566	1542	1526	1647	1510	1145	1350	1056	1038	966	1053	1144	1052	1393	1361
Fgd4_+_16600009.23-P1P2	Fgd4	533	1312	1095	1637	1632	1431	1294	1166	1062	1603	1069	1651	1824	894	931	1047	1095	987	905	926	1094	1104	1315	1217
Dnah6_+_73221599.23-P1P2	Dnah6	396	1046	1036	1501	1399	1391	1247	1300	860	1471	1375	1590	1238	421	1013	1302	947	903	863	934	1020	996	1234	1334
Rb1cc1_-_6214690.23-P1P2	Rb1cc1	421	1239	1237	1968	1316	1614	1443	1528	1360	1709	1655	1751	1830	2292	1150	1336	1106	888	924	1107	1104	1152	1325	1424
Mapt_+_104231558.23-P1P2	Mapt	266	498	577	738	805	755	530	730	512	487	698	620	847	872	508	667	511	431	396	514	486	565	514	589
Sepsecs_+_52669666.23-P1P2	Sepsecs	281	689	529	907	898	674	518	591	502	618	792	621	565	25	371	397	361	295	304	347	406	316	445	413
Csf1_+_107760455.23-P1P2	Csf1	488	1069	924	1505	1204	1305	983	1019	941	1724	1069	1130	1236	828	892	995	778	838	807	817	857	886	1259	1071
Atp2b3_+_73503140.23-P1P2	Atp2b3	394	1242	1430	2134	1505	1820	1609	1662	1233	2499	2070	2310	2064	2426	1316	1427	1044	1276	1010	1138	1285	1240	1574	1521
Fbxo7_+_86022127.23-P1P2	Fbxo7	575	967	1027	1662	1335	1284	904	1363	928	1628	1214	847	2092	1123	760	1047	894	1005	819	771	1003	805	1248	1135
Atg12_+_46741794.23-P1P2	Atg12	377	755	475	1026	943	1044	964	734	632	1157	910	1107	949	487	682	727	635	549	573	653	604	637	815	853
Dnajc13_+_104262886.23-P1P2	Dnajc13	383	983	988	1110	912	1313	929	1254	936	1368	1221	1465	968	2109	822	1091	957	913	752	806	900	782	1011	1111
Serpina3b_+_104128038.23-P1P2	Serpina3b	807	2131	2382	3234	2978	2965	2674	2632	1733	3337	2620	3477	2989	2568	1961	2403	1989	1998	1720	1926	2077	1981	2627	2630
Oxr1_-_41449066.23-ENSMUST00000179393.1	Oxr1	431	959	636	1393	1353	1270	1250	1156	1055	1944	1498	1835	1166	1107	900	1134	902	822	741	856	793	824	1230	1142
Myoc_+_162639208.23-P1P2	Myoc	774	1526	1646	2262	2449	2145	1958	2076	1583	3288	1836	3367	2719	447	1557	1763	1398	1421	1317	1580	1451	1389	2001	2017
Dyrk1a_+_94569726.23-P1P2	Dyrk1a	830	1680	1407	2225	2075	2009	1925	2082	1566	2721	1945	2339	2498	1336	1513	1658	1315	1320	1255	1333	1594	1569	1889	2234
Tpo_-_30132580.23-P1P2	Tpo	223	718	606	1191	839	939	630	887	745	828	1336	1058	845	394	636	840	645	474	582	603	707	610	929	723
Pum1_-_130663431.23-P1P2	Pum1	326	765	828	1058	999	909	871	922	589	1060	986	1316	1213	683	697	897	625	654	665	676	688	894	917	813
Tnf_+_35201985.23-P1P2	Tnf	258	744	801	1146	766	961	821	961	513	845	1070	995	517	15	624	878	587	593	548	642	625	597	807	974
Blvra_+_127080509.23-P2	Blvra_P2	381	896	946	1423	1291	1177	1171	920	859	1510	1204	1176	1242	443	906	931	838	809	752	801	1018	822	1121	1126
Mgrn1_-_4886300.23-P1P2	Mgrn1	726	1950	1713	2780	2426	2499	1949	2574	1662	3586	1857	2414	2673	1312	1880	2261	1715	1525	1510	1761	1664	1779	2279	2412
Ywhae_+_75732993.23-P1P2	Ywhae	474	1011	968	1401	1095	1123	963	958	813	1798	1596	1005	1401	1900	847	1086	806	715	735	880	915	884	1015	1064
Ctsb_+_63122542.23-P1P2	Ctsb	401	838	857	1328	1235	1088	1070	1028	915	2094	1499	1256	1140	1278	891	1018	757	682	739	898	894	931	1058	976
Eno2_-_124769474.23-P1P2	Eno2	395	1270	1199	1505	1675	1579	1485	1605	1054	2197	1663	708	1509	763	1008	1261	1111	889	943	1203	1000	1277	1440	1469
Farsb_-_78488815.23-P1P2	Farsb	328	726	879	1166	1104	1041	816	928	767	1525	651	1191	831	1483	591	640	535	536	498	586	676	325	573	506
Dicer1_-_104752034.23-P1P2	Dicer1	194	565	468	749	745	710	630	591	496	932	558	852	490	221	383	366	397	221	276	413	405	139	397	276
Ube2g1_-_72607277.23-P1P2	Ube2g1	580	1540	1368	1762	1635	1738	1558	1699	1222	2390	1747	1807	1857	727	1436	1388	1288	1030	1035	1190	1456	1457	1742	1671
Sema6b_-_56140332.23-P1	Sema6b_P1	261	674	478	895	1005	830	643	837	505	1013	550	837	766	730	588	794	523	428	524	698	566	492	651	766
Cyp2d22_-_82380198.23-P1P2	Cyp2d22	389	828	655	1106	1016	1119	838	1069	754	1854	742	1458	1675	939	669	965	756	725	712	722	796	685	1128	975
Chat_+_32465781.23-P2	Chat_P2	437	716	704	1067	1124	1200	849	968	929	1445	1172	1340	752	664	813	875	738	832	728	902	821	657	1065	1186
Dnm1l_+_16358955.23-P1P2	Dnm1l	512	873	823	1462	1032	1055	716	821	675	1547	952	1129	1325	806	703	827	495	501	616	622	627	551	712	859
Tomm20_-_126945841.23-P1P2	Tomm20	399	1006	975	1599	1399	1461	1135	1211	887	1512	1371	1191	1781	430	858	1020	849	786	640	858	828	783	989	781
Casp7_+_56397257.23-P1P2	Casp7	359	715	893	1278	1080	965	961	920	746	1470	914	1457	1840	1371	825	898	761	764	724	853	756	910	1144	1123
Ube2v1_+_167631999.23-P1P2	Ube2v1	166	426	519	648	609	731	688	643	525	1234	599	710	519	206	468	504	495	496	422	452	441	458	704	584
Prkar1b_-_139129669.23-P1P2	Prkar1b	608	1361	1320	1688	1495	1669	1327	1541	1155	2020	1794	1631	2475	593	1084	1380	1016	1055	1094	1132	1298	1156	1669	1571
Gusb_+_130002829.23-P1P2	Gusb	410	1227	1088	1634	1505	1520	1285	1227	1002	1624	1456	1315	1332	896	1070	1242	928	894	918	1155	1026	1093	1441	1369
Nudt1_-_140331971.23-P1P2	Nudt1	298	781	888	1124	857	1068	687	1039	687	1230	820	812	1416	1178	635	796	640	678	567	629	733	604	858	980
Derl1_+_57892300.23-P1P2	Derl1	737	1939	1516	2238	1813	1953	2001	1900	1401	3031	2381	2188	1903	2993	1356	1561	1288	1182	1197	1174	1392	1529	1721	1711
Calm2_-_87447053.23-ENSMUST00000040440.6	Calm2	460	1487	1197	1669	1493	1661	1388	1539	1159	2115	1231	1342	1378	757	1049	1357	1085	1126	961	989	1158	1153	1418	1403
Hspd1_+_55087696.23-P1P2	Hspd1	320	810	1103	1235	1429	1320	1361	1037	805	1793	1706	1940	1181	987	999	1114	988	770	833	882	854	917	1071	1179
Psma3_-_70974658.23-P1P2	Psma3	275	859	658	1476	1070	1202	1122	1273	791	1434	884	1595	1221	807	949	924	726	767	664	841	845	858	1076	1081
Bax_+_45466767.23-P1P2	Bax	574	1651	1214	2277	2423	2326	1807	2229	1668	2252	1572	1478	1417	983	1587	1741	1567	1260	1219	1413	1512	1707	2157	2031
Ntf3_-_126164867.23-P1	Ntf3_P1	402	910	719	1494	1207	1218	1195	1122	946	1759	1037	1117	1285	766	854	989	855	825	736	875	857	859	966	1118
Pick1_-_79229416.23-P1P2	Pick1	279	659	656	761	767	829	746	886	524	1018	660	647	823	516	633	622	599	625	506	606	556	580	769	723
Ephb2_+_136835953.23-P1P2	Ephb2	269	910	819	993	1265	1082	818	941	712	1219	873	970	1199	908	758	966	786	723	631	729	687	886	1016	1022
Mmp14_-_54431812.23-P1P2	Mmp14	159	838	592	1009	814	913	833	1044	628	1196	902	1259	1611	50	637	841	604	642	545	669	715	610	1037	938
Hace1_-_45577863.23-P1P2	Hace1	357	887	1030	1379	1298	1161	1153	1074	1115	889	1576	884	1643	2322	923	1050	852	732	700	869	779	884	1195	1061
Ndufa4_+_11907467.23-P1P2	Ndufa4	531	1658	1613	2445	2173	1921	1879	1585	1495	2540	2150	1829	2509	1780	1424	1665	1556	1364	1363	1405	1444	1597	1761	1908
Inpp4a_-_37299926.23-P1P2	Inpp4a	707	1871	1490	2422	2107	1968	1667	1524	1219	1943	1880	1388	2806	561	1095	1157	995	1039	728	1005	1251	847	1354	1213
Vdac3_+_22593677.23-P1P2	Vdac3	153	400	306	563	408	412	299	295	419	932	448	514	243	169	287	445	286	265	264	269	331	296	404	375
Dnah2_+_69549076.23-ENSMUST00000108659.1	Dnah2	448	1153	930	1652	1327	1350	1359	1331	1158	1897	1317	1767	1551	573	1047	1298	1056	792	888	945	939	1163	1301	1255
Wdr41_-_94976381.23-P1P2	Wdr41	832	2014	1566	2651	2440	2301	1904	2018	1711	2842	1847	3121	3191	3198	1725	2198	1668	1397	1422	1611	2095	1582	2172	2067
Ndufa1_+_37191097.23-P1P2	Ndufa1	381	1019	633	1040	1118	1176	825	1001	798	1549	759	930	2319	1682	751	939	777	735	577	760	643	367	579	612
Slc18a2_-_59260947.23-P1P2	Slc18a2	385	1100	889	1349	1248	1234	1004	1145	835	1724	1083	1254	1559	52	927	1068	960	768	753	864	904	1004	1141	1177
Acsbg1_-_54661623.23-P1P2	Acsbg1	418	809	800	1338	1205	1236	1201	951	988	1445	1142	1409	1486	948	773	1159	782	719	738	784	727	838	954	1063
Ntrk1_+_87795177.23-P1P2	Ntrk1	486	1323	1269	1989	1650	1642	1387	1354	1121	1660	1714	1635	1385	1466	1215	1390	1218	1259	995	1343	1250	1049	1539	1706
Arhgef5_-_43265892.23-P1P2	Arhgef5	244	754	605	911	856	829	808	809	802	1189	792	1004	649	562	570	696	585	523	564	581	723	530	651	819
Dnah7a_-_53706753.23-P1P2	Dnah7a	492	1553	1445	2006	1963	1862	1787	1498	1663	2246	1680	1827	2542	1602	1204	1501	1271	1129	1090	1177	1233	1426	1675	1690
Grn_-_102430544.23-P1P2	Grn	576	1450	1346	2088	1899	1693	1679	1543	1221	2548	1798	1570	2824	422	1230	1472	1231	1071	1063	1353	1219	1291	1602	1626
Pak3_-_143518720.23-P2	Pak3_P2	332	992	816	1203	1287	1187	823	1056	937	1678	1026	1141	1245	812	754	1010	756	707	631	637	697	818	1017	1069
Psmd12_-_107479547.23-P1P2	Psmd12	424	1228	1040	1445	1366	1280	859	1013	762	1765	1604	1454	1215	1522	720	866	700	503	627	706	784	545	673	777
Kcnc3_+_44590957.23-ENSMUST00000107906.3	Kcnc3	499	1230	952	1316	1680	1676	1370	1521	1234	1118	1573	468	1162	765	1050	1215	1078	932	989	1141	1003	1204	1331	1589
Sptbn2_+_4711244.23-P1P2	Sptbn2	606	1446	1273	1855	1975	1465	1367	1415	1020	1939	1335	1390	2213	937	1198	1267	1042	963	885	1159	1112	1009	1407	1492
Cdk11b_-_155624951.23-P1P2	Cdk11b	439	990	790	1378	1465	1355	947	966	735	1977	683	1010	1829	404	834	1028	811	673	645	749	597	717	858	816
Mapk8_+_33447108.23-P1P2	Mapk8	633	1269	1218	2133	1902	1738	1593	1635	1595	2644	1930	2042	2707	1318	1139	1554	1234	1058	1039	1363	1346	1139	1512	1582
Itpr3_+_27057388.23-P1P2	Itpr3	160	478	472	746	648	674	523	448	502	585	715	679	882	33	435	486	415	392	432	489	494	597	613	589
Uqcrb_+_66905334.23-P1P2	Uqcrb	381	1066	1146	1514	1869	1354	1074	1204	1077	2151	1276	1546	2083	101	996	1137	813	948	858	878	968	519	760	614
Slc1a2_-_102706670.23-ENSMUST00000111212.1	Slc1a2	499	1455	1528	1989	2027	2111	1814	1538	1442	2120	1674	2251	2848	1852	1412	1782	1228	1217	1123	1146	1319	1248	1852	1738
Slc52a3_+_151996539.23-P1	Slc52a3_P1	255	827	823	825	769	957	857	709	641	892	1035	1578	1183	1353	824	893	628	639	620	649	776	724	852	1054
Tdp1_+_99884575.23-P1P2	Tdp1	613	1065	1034	1544	1057	1242	931	1125	777	1677	1142	1376	1657	636	975	1084	908	832	708	853	976	955	1086	1303
Nalcn_-_123627081.23-P1P2	Nalcn	333	1283	1319	1899	1555	1881	1673	1683	1331	2360	1570	2108	1877	1770	1238	1492	1280	1139	1017	1037	1287	1300	1626	1626
Glrx_+_75840252.23-P1P2	Glrx	498	1514	1229	2157	1630	1666	1408	1578	1474	1847	1344	2308	1569	1302	1289	1444	1158	972	1065	1174	1308	1246	1676	1828
Ndufs6_+_73328457.23-P1P2	Ndufs6	420	1379	1075	1986	2050	1674	1199	1330	1179	2034	1509	1697	1965	1497	1198	1476	1175	1177	1056	1069	1247	1156	1592	1583
Nt5c2_-_46962273.23-P1P2	Nt5c2	188	1272	1171	2061	1284	1589	1380	1302	1041	1997	1407	1223	2605	1554	1010	1193	1170	1134	998	1045	1125	1037	1434	1415
Trex1_+_109059143.23-P1P2	Trex1	436	954	1172	1595	1597	1352	1287	1270	1083	1993	1337	1531	1953	1334	1154	1307	1121	947	957	1056	1178	846	1235	1575
Bid_+_120916821.23-P1P2	Bid	447	1152	1080	1753	1705	1571	1435	1510	1267	2627	1764	1845	1467	815	1193	1258	1107	1064	1049	993	1064	1151	1393	1479
Cfdp1_+_111854285.23-P1P2	Cfdp1	533	1071	1092	1780	1577	1524	1072	1059	977	1714	1052	1134	1637	1024	892	865	761	625	714	786	956	658	961	950
Ywhaz_+_36793248.23-P1P2	Ywhaz	809	2028	1920	2682	2514	2438	2281	2206	1954	2513	2354	2897	2866	1606	1988	2076	1683	1554	1541	1736	1853	1819	2345	2431
Fars2_-_36117939.23-P1P2	Fars2	657	1473	1235	2035	1936	1878	1232	1399	1202	2888	1452	1567	1529	1081	1242	1416	1185	930	953	1165	1225	951	1267	1214
Htr1a_-_105443847.23-P1P2	Htr1a	372	872	871	1638	1243	1343	917	1213	848	1242	1230	1234	1536	554	802	1128	769	788	776	876	955	806	1228	1214
B4galnt1_+_127165244.23-P1P2	B4galnt1	309	934	1032	1180	1128	1157	1065	1123	788	1805	1324	1283	1425	779	849	1010	718	637	716	802	765	958	1011	1132
Endou_+_97721101.23-P1	Endou_P1	528	1141	976	1417	1667	1457	1299	1435	975	1656	1080	1178	1382	1020	990	1140	934	1075	822	870	1050	1061	1346	1209
Gja6_+_160906996.23-P1P2	Gja6	560	1428	1430	2608	1749	1989	1767	1966	1380	2708	2071	2504	3182	669	1385	1668	1439	1353	1133	1547	1259	1513	1682	1936
Aqp4_+_15403604.23-P1P2	Aqp4	284	945	935	1222	1228	1237	953	975	810	1528	1334	1358	1516	720	872	895	828	607	755	771	692	933	921	1014
Cfdp1_+_111854231.23-P1P2	Cfdp1	255	1055	725	1189	1176	1031	883	797	674	1233	1144	817	1151	663	717	773	596	615	495	596	661	448	613	605
Cox6a1_+_115348559.23-P1P2	Cox6a1	449	1324	1107	1705	1735	1643	1334	1271	1029	1932	1226	1748	1771	844	1129	1343	939	1003	994	1166	1065	1047	1387	1428
Rbms3_+_117252429.23-P1P2	Rbms3	615	1194	1034	1439	1346	1430	1170	1261	1031	1451	1363	1653	1292	495	1062	1137	912	907	805	1016	925	1033	1273	1185
Pcyt2_-_120617879.23-P1P2	Pcyt2	401	1113	1202	1652	1321	1686	1402	1448	1073	1784	1166	1719	1277	1104	1006	1000	828	887	684	972	937	752	967	792
Pak3_+_143518544.23-P2	Pak3_P2	472	694	878	1137	1125	1084	964	1031	827	1473	1374	1154	1602	1712	893	1061	936	798	595	826	756	1031	998	1055
Atg13_+_91710526.23-P1P2	Atg13	164	648	544	887	784	753	653	832	531	865	405	641	473	1396	598	571	450	456	422	462	562	565	651	703
Clec16a_+_10545467.23-P1P2	Clec16a	311	1088	1002	1625	1361	1500	1331	1380	1053	2066	1728	1578	1941	2218	1138	1124	930	915	919	1025	1003	1000	1311	1338
Psmd3_+_98682626.23-P1P2	Psmd3	230	595	501	713	766	632	515	477	481	873	738	514	576	16	491	584	397	347	432	497	395	373	514	650
Necab1_-_15149018.23-P1P2	Necab1	433	1456	1200	1935	1313	1438	1315	1400	1432	2143	1461	1988	2000	913	1107	1384	1034	1133	919	1183	1135	939	1390	1649
Mutyh_+_116807749.23-P1P2	Mutyh	287	1093	829	976	1338	1229	1086	963	748	1231	1239	1427	1879	980	873	916	837	819	700	866	845	972	1042	1154
Il10_-_131019954.23-P1P2	Il10	355	1005	1041	1620	1141	1011	764	945	1054	1638	1074	1733	1092	1726	937	1045	883	913	723	756	782	794	1053	1044
Grm1_-_11082274.23-P1P2	Grm1	547	1406	1484	2154	2224	2176	1709	1906	1307	1915	1641	1937	1750	1084	1348	1480	1248	1294	1169	1303	1412	1344	1673	1617
Lmna_-_88503236.23-P1P2	Lmna	595	1203	1159	1786	1718	1633	1053	1562	1317	1445	940	1367	1602	2176	1075	1401	1024	1070	926	1096	1072	1061	1477	1465
Slc18a2_-_59260972.23-P1P2	Slc18a2	378	758	705	1074	1251	939	842	712	668	1262	1325	1023	1086	389	702	691	708	723	631	882	693	666	853	1039
Oprd1_-_132144365.23-P1P2	Oprd1	292	907	667	1081	885	1073	969	959	781	1671	1179	1019	972	36	660	852	695	649	594	742	856	797	951	939
Srsf7_-_80207259.23-P1P2	Srsf7	441	746	882	1185	1081	1178	817	1081	790	1971	981	925	1441	1028	820	829	736	634	661	618	821	711	854	949
Peg12_+_62464491.23-P1P2	Peg12	377	1182	1180	1821	1466	1528	1542	1373	1141	1362	1479	1676	1273	1333	1192	1452	1113	1177	1092	1325	1308	1187	1350	1420
Exosc1_-_41933272.23-P1P2	Exosc1	276	1056	1038	1321	988	1189	1105	1182	1013	1514	943	1620	1543	1290	871	1008	763	695	741	716	867	483	647	599
Abl1_-_31688613.23-P1P2	Abl1	601	1497	1282	2034	1795	1855	1879	1983	1403	2047	2018	2340	2495	2057	1297	1466	1210	1123	1171	1265	1412	1204	1573	1767
Pdk3_-_93832134.23-P1P2	Pdk3	491	1123	1290	2090	1832	1713	1521	1341	1190	1961	1076	2046	2400	1391	1225	1351	1086	979	1064	1075	1090	1220	1469	1483
Tac1_+_7555080.23-P1P2	Tac1	344	784	910	1424	1334	1445	1201	1284	964	1244	1464	820	1336	1172	912	987	888	856	724	931	903	1034	1123	1176
Cacna1s_-_136052816.23-P1P2	Cacna1s	400	963	1012	1316	1404	1212	1191	1127	827	1377	1028	1112	1787	569	915	1069	766	720	719	975	846	1072	1152	935
Rab7_-_88045085.23-P1P2	Rab7	444	741	563	1052	936	847	866	848	635	1163	657	938	774	721	533	706	573	532	552	679	588	577	813	726
Morc2a_-_3649520.23-P1P2	Morc2a	256	820	708	1099	1004	1086	1043	814	818	2245	393	787	1467	916	711	841	653	663	627	755	706	681	940	937
Dnah6_-_73221619.23-P1P2	Dnah6	282	623	1033	1285	1241	1119	967	1042	963	1307	1226	1222	1718	269	882	957	857	836	762	830	790	904	1103	1002
Slc12a6_+_112265636.23-P1P2	Slc12a6	486	1948	1336	2467	2219	2349	1861	2201	1613	2748	1967	2446	3126	2182	1436	1862	1402	1403	1397	1514	1457	1557	1941	1978
Nos2_-_78920838.23-P1P2	Nos2	593	1238	1086	1824	1783	1517	1161	1636	1109	2578	1117	1900	1020	743	1048	1050	966	944	899	926	1004	967	1265	1404
Stx1a_+_135041187.23-P2	Stx1a_P2	298	1139	854	1132	1213	1301	1108	1058	773	1411	1436	1209	1789	1054	849	1001	866	870	792	845	898	875	1140	1179
Ctnnb1_+_120933480.23-P1P2	Ctnnb1	212	500	541	770	618	786	737	684	535	817	559	745	1006	648	506	586	448	537	475	549	651	496	795	640
Gapdh_+_125165257.23-P1P2	Gapdh	306	595	504	873	784	737	584	693	506	697	1042	1104	1176	315	442	716	395	335	401	519	528	450	633	547
Polr3b_-_84622424.23-P1P2	Polr3b	292	467	249	572	374	596	590	609	377	669	670	680	753	177	461	546	408	309	380	300	461	462	474	506
Hspd1_-_55087788.23-P1P2	Hspd1	239	709	586	1193	962	940	913	820	810	1146	638	801	1014	441	681	696	567	509	506	603	597	394	787	563
Slc52a3_+_151996543.23-P1	Slc52a3_P1	490	1043	1316	1576	1491	1347	1000	1131	965	1803	1579	1543	1899	1242	1023	1323	852	1048	832	1025	1036	949	1371	1320
Fmr1_-_68678785.23-P1P2	Fmr1	312	673	401	1008	898	743	803	783	577	500	746	513	439	961	632	751	532	497	473	465	531	510	618	666
Atp5c1_+_10080318.23-P1P2	Atp5c1	564	1583	985	1982	1771	1791	1453	1502	1086	1508	1695	1630	1421	1430	1223	1416	967	1108	933	1099	1259	864	1394	1407
Ndufa7_+_33824729.23-P1P2	Ndufa7	352	852	785	944	1178	1048	946	1144	651	1798	688	1228	1434	1478	667	859	562	598	548	734	609	664	841	883
Nefl_+_68083888.23-P1P2	Nefl	252	631	578	866	1033	964	692	864	644	1343	832	797	1005	968	611	764	742	571	605	564	720	457	701	597
Pax6_-_105668931.23-P1	Pax6_P1	592	1011	1192	1616	1700	1628	1385	1617	1201	2242	1749	1988	2354	1220	1242	1321	1177	1056	892	1193	1179	1104	1401	1613
Grin2b_-_136172123.23-P1P2	Grin2b	389	1032	879	1239	1220	1088	686	887	917	1533	1099	1291	1867	900	832	1015	786	594	700	813	884	769	819	869
Nos2_+_78920899.23-P1P2	Nos2	161	669	811	877	1031	877	809	834	764	915	640	492	971	1328	582	695	611	523	478	530	632	463	726	834
S100a1_+_90514268.23-P1P2	S100a1	389	1022	1095	1622	1505	1435	1123	1021	968	2337	1336	1759	2052	1082	964	1057	789	810	783	835	989	969	1179	1191
Dtymk_+_93801863.23-P1P2	Dtymk	337	834	855	1028	974	1209	1015	1011	769	1300	568	1155	1175	1888	779	897	729	706	658	606	745	264	556	449
Pank2_-_131262761.23-P1P2	Pank2	736	1435	1470	1958	1859	1821	1681	1758	1381	3317	1565	2557	2332	1719	1210	1609	1264	1319	1109	1189	1298	1287	1536	1704
Txn1_-_57956273.23-P1P2	Txn1	313	649	621	1082	952	1060	752	819	725	944	713	1023	1242	729	642	787	713	620	564	617	771	662	825	761
Oprd1_-_132144457.23-P1P2	Oprd1	332	816	582	1153	1010	1025	829	802	774	979	514	465	1020	861	651	811	771	650	712	695	623	653	802	984
Gcg_+_62483557.23-P1P2	Gcg	161	539	520	1037	507	766	589	788	484	702	779	955	637	615	517	597	437	423	433	477	492	440	620	523
non-targeting_01634	non-targeting	103	477	368	617	641	447	472	504	351	601	355	477	559	705	395	448	402	368	285	317	367	482	483	418
Ywhaz_-_36794269.23-P1P2	Ywhaz	336	1083	893	1480	1077	1200	1166	1156	845	1762	813	1472	1470	306	897	933	918	886	701	951	849	784	1074	1243
Gpr37_+_25689730.23-P1P2	Gpr37	543	1370	1278	2009	1771	1702	1623	1563	1462	2540	2016	1844	1578	517	1270	1382	1340	1107	1146	1342	1286	1190	1563	1699
Vrk1_+_106010349.23-P1P2	Vrk1	423	605	701	1185	1079	858	857	853	571	732	885	1254	1227	69	631	706	618	468	561	619	681	585	829	871
Ube2j1_+_33031611.23-P1P2	Ube2j1	206	581	423	618	768	782	823	803	640	1108	1038	787	1297	30	569	724	604	525	499	628	682	656	808	760
Gosr2_+_103697685.23-P1P2	Gosr2	705	1380	1779	2568	2478	1850	1129	1223	959	1911	1316	1728	2136	513	1136	1260	992	855	642	956	1077	711	1030	764
Hspa4_-_53300405.23-P1P2	Hspa4	298	1160	987	1571	1258	1320	1280	1191	948	1899	1453	1122	994	629	929	1059	914	812	785	1036	970	880	1307	1217
Vcam1_-_116129237.23-P1P2	Vcam1	347	659	768	1037	1109	926	661	881	594	988	1207	1165	1317	358	584	874	559	543	598	560	645	643	817	824
Nqo2_+_33964747.23-P1P2	Nqo2	722	1639	1223	2136	1908	1768	1663	1532	1488	2709	1234	2438	2274	753	1296	1663	1204	1105	1075	1186	1223	1251	1590	1517
non-targeting_04101	non-targeting	632	1182	1022	1756	1705	1444	1257	1420	1009	1816	1529	1551	1256	1552	1054	1327	935	992	1025	1046	985	982	1302	1328
Apc2_-_80301051.23-P1	Apc2_P1	529	1359	1131	1594	1276	1614	1433	1613	1130	1903	1774	1649	2057	1990	1108	1437	1183	1078	1033	1194	1125	1111	1454	1514
Coq2_-_100674242.23-P1P2	Coq2	606	1537	1529	1932	1770	2180	1658	1840	1329	2417	1929	2239	2372	1528	1292	1646	1396	1345	1289	1359	1394	1389	1751	1714
Cox6b2_-_4752786.23-P1P2	Cox6b2	618	1180	1241	1744	1632	1523	1408	1523	1064	2912	1582	2131	1641	1901	1212	1329	1085	936	1035	1240	1032	1091	1510	1422
Pklr_+_89136221.23-P1P2	Pklr	512	1116	1042	1746	1634	1370	1310	1183	1152	1928	1315	1365	2159	539	953	1145	949	881	815	1033	1053	936	1379	1311
Ezh2_+_47594979.23-P1P2	Ezh2	545	1214	1180	1763	1610	1642	1423	1598	1253	1821	1414	1750	2404	521	1235	1293	937	1065	958	1025	1185	1158	1494	1477
Dnah9_+_66168436.23-P1P2	Dnah9	296	915	965	1306	1344	1156	1039	1056	722	907	920	1067	962	110	783	942	886	612	620	698	798	969	1096	1114
Pcyt2_-_120617882.23-P1P2	Pcyt2	629	1775	1694	2193	2096	2119	2145	1906	1618	2922	1899	1686	2042	1872	1521	1449	1270	1166	1110	1289	1278	923	1422	1395
Psmd9_-_123228348.23-P1P2	Psmd9	349	931	874	1426	1278	1214	1054	1095	846	1257	1576	1324	1167	521	868	1021	765	855	773	896	973	1031	1211	1075
Metrn_-_25796968.23-P1P2	Metrn	389	880	979	1329	1295	1340	910	1178	1057	1453	1230	1744	1270	1602	855	1109	787	780	783	817	861	884	1001	1173
Peg12_-_62464498.23-P1P2	Peg12	350	614	458	937	863	714	636	560	432	632	759	1037	639	364	488	613	445	462	430	534	453	695	711	628
Atxn7_-_14012882.23-P1P2	Atxn7	542	1773	1533	2404	1994	1850	1769	2047	1365	1938	1960	2145	2042	1286	1510	1625	1459	1345	1325	1461	1452	1455	1839	1929
Clcn2_-_20717752.23-P2	Clcn2_P2	505	1265	1065	1187	1060	1119	712	967	678	1403	965	1311	1111	822	693	894	639	574	568	613	700	659	803	807
Kcnd3_+_105451927.23-P1P2	Kcnd3	448	1077	1163	1707	1982	1811	1702	1545	1117	1908	1518	1229	2080	612	1204	1503	1224	1284	1080	1129	1105	1094	1586	1522
Cnr2_-_135911932.23-P2	Cnr2_P2	708	1592	1428	2372	2242	2133	1700	1851	1286	2765	1844	1916	2494	1972	1383	1808	1259	1186	1209	1358	1493	1419	1698	2038
"Oxr1_+_41789599.23-ENSMUST00000090095.5,ENSMUST00000022918.7"	Oxr1	130	393	497	492	469	473	554	456	446	916	719	672	629	363	378	463	379	293	338	352	384	445	448	388
Ctsf_+_4855199.23-P1P2	Ctsf	502	1173	801	1669	1403	1268	1012	875	612	1707	1090	1021	1171	683	780	831	815	645	525	684	834	453	715	666
Mcu_-_59616662.23-P1P2	Mcu	155	402	255	446	309	471	362	329	354	568	665	541	484	83	281	422	306	339	255	304	346	310	456	392
Rrm2_+_24708325.23-P1P2	Rrm2	451	1207	1048	1717	1393	1641	1235	1264	1053	1636	1717	1690	1803	354	909	1201	1043	997	964	1060	1228	1049	1256	1409
Fth1_+_9982714.23-P1P2	Fth1	223	751	602	925	914	850	802	895	645	656	1001	981	990	1292	668	736	545	502	508	684	626	705	806	789
Dao_+_114003916.23-P1P2	Dao	815	2269	1877	2949	2782	2889	2411	2418	2063	3178	2790	2966	3045	1942	1955	2299	1990	1639	1842	1838	2027	2153	2246	2646
Ndufa5_+_24527538.23-P1P2	Ndufa5	434	1208	1096	1479	1102	1289	916	1148	841	2046	1075	1350	1128	163	1072	1094	815	829	795	918	923	824	1061	1017
Vegfa_+_46032326.23-P1P2	Vegfa	462	1112	947	1524	1602	1508	1409	1464	970	1782	1326	2038	1200	1398	963	1292	1041	956	872	1041	1156	1053	1490	1412
Ulk2_+_61854871.23-P1P2	Ulk2	352	1399	1037	1807	1500	1759	1385	1447	1096	2092	1573	1443	970	1369	1423	1534	1084	1005	993	1075	1242	1278	1628	1507
Rtn2_+_19291121.23-P1	Rtn2_P1	607	1414	1313	1708	1930	1546	1312	1349	1097	1675	1467	1713	2012	2554	1253	1379	1070	1088	901	1171	1219	1244	1592	1610
Lmna_-_88503047.23-P1P2	Lmna	646	1603	1157	2012	1398	1853	1582	1832	1556	1757	2016	1835	1911	1572	1452	1371	1360	1097	1059	1161	1358	1262	1455	1699
Elavl3_-_22051938.23-P1P2	Elavl3	493	1158	1299	1680	1835	1470	1489	1375	1146	2495	1685	2078	1900	867	1045	1353	1014	946	862	1099	1024	1086	1279	1383
Vdac3_+_22593743.23-P1P2	Vdac3	752	1531	1474	1830	2136	1929	1682	1598	1127	1984	1998	2275	1712	726	1210	1431	1235	1129	1133	1268	1266	1236	1724	1680
Fmr1_-_68678662.23-P1P2	Fmr1	304	785	562	987	1002	779	778	779	742	971	1106	1127	852	17	588	738	659	554	563	545	741	610	850	610
Slc18a1_-_69077244.23-P2	Slc18a1_P2	437	1123	958	1244	1121	1286	1120	1044	819	1926	1227	1407	1454	1020	787	907	852	839	744	788	740	919	1015	1301
Fbxo38_+_62548616.23-P1P2	Fbxo38	195	465	386	636	391	514	508	404	388	359	577	774	407	437	426	492	452	397	324	397	413	450	529	460
Sptlc2_+_87387830.23-P1P2	Sptlc2	611	1442	1483	2024	1960	1907	1529	1714	1353	2741	1854	1904	2049	790	1273	1461	1326	1104	1057	1177	1259	1250	1551	1536
Sacs_+_61172997.23-P1P2	Sacs	566	1128	946	1544	1635	1325	1055	1119	829	1788	1334	1870	1421	1546	1094	1144	914	947	831	906	907	1064	1178	1108
Psmc4_+_28050004.23-P1P2	Psmc4	449	891	846	1442	1259	1048	644	655	524	824	872	1083	966	80	543	511	454	379	370	435	511	200	485	473
Tubal3_-_3924751.23-P1P2	Tubal3	201	367	389	657	470	599	453	421	503	428	434	692	678	694	289	519	306	342	302	299	391	391	419	462
Gfap_-_102896983.23-P1P2	Gfap	442	870	811	1317	1440	1283	1138	1201	742	1978	1413	1234	1667	797	911	1039	967	781	830	888	914	1107	1262	1140
Wnt10a_+_74792081.23-P1P2	Wnt10a	527	1613	930	1669	1589	1493	1287	1399	1380	2195	1591	1414	2182	822	1159	1315	1128	1091	878	1088	1090	1283	1463	1340
Eif2s1_+_78862253.23-P1P2	Eif2s1	448	1089	1029	1420	1384	1468	1064	1374	901	1590	1451	1367	1325	725	1037	1050	1042	863	747	1025	897	941	1271	1184
Atp2a1_+_126463089.23-P1P2	Atp2a1	516	1267	1414	1748	1886	1686	1655	1500	1267	1840	1921	1450	2208	1756	1178	1406	1179	1024	1016	1154	975	1201	1433	1639
Pparg_-_115361329.23-P1P2	Pparg	443	1353	1128	1583	1370	1320	1017	1364	1024	2080	1105	1761	1852	1338	1055	1143	1011	964	836	1107	921	894	1430	1444
Aqp1_-_55336735.23-P1P2	Aqp1	645	1285	1269	1800	2150	1815	1719	1607	1377	2185	1900	2508	2266	1791	1337	1567	1276	1194	1198	1304	1336	1274	1849	1755
Dio2_+_90738694.23-P1P2	Dio2	236	750	655	1044	872	870	658	782	592	1468	710	846	703	1830	630	777	621	511	507	720	607	587	826	742
Rmdn2_-_79615273.23-P1P2	Rmdn2	543	1507	1489	2516	2131	2313	1839	2007	1420	2091	2073	2391	2245	2011	1438	1771	1411	1414	1278	1416	1459	1612	1876	1979
Plcb2_-_118728306.23-P1P2	Plcb2	369	989	851	1617	1223	1453	1411	1190	1133	1480	1596	1950	1620	1145	971	1113	871	900	966	996	973	866	1231	1334
Taf2_+_55072116.23-P1P2	Taf2	527	1191	1351	2194	1961	1807	1533	1611	1200	1887	1640	1018	1716	1928	1235	1216	1069	957	1068	1138	1282	1136	1386	1404
Trpm2_+_77969742.23-P1P2	Trpm2	383	1103	941	1376	1475	1192	884	1075	718	1302	1125	1216	703	1636	827	936	969	793	724	928	820	825	1077	1117
Mbp_+_82554569.23-P1P2	Mbp	753	1840	1603	2577	2437	2256	2089	2009	1507	2420	2213	2363	2153	1545	1599	1843	1649	1355	1272	1602	1544	1611	2016	2164
Hspa14_-_3512722.23-P1P2	Hspa14	577	1473	1258	1778	1881	1644	1753	1554	1154	1136	1163	1243	1941	763	1176	1363	1139	1146	921	1139	1203	1033	1404	1506
Zfp78_-_6363347.23-P1P2	Zfp78	508	1321	1287	2051	1620	1909	1367	1742	1520	2407	1730	1558	1664	348	1211	1331	1179	1256	1129	1240	1266	1474	1606	1597
Ina_+_47014705.23-P1P2	Ina	318	990	1025	1660	1124	1155	1112	1014	782	1793	1352	926	1781	1168	846	1028	831	725	767	764	768	841	1110	1168
Myc_-_61985600.23-P1P2	Myc	245	568	687	841	821	757	743	698	557	751	887	542	476	729	633	611	623	563	489	541	615	561	771	787
Nrros_+_32165450.23-P1P2	Nrros	502	1713	1675	2049	1409	1933	1389	1495	1345	2436	1745	1518	2177	1684	1166	1523	1233	1203	1083	1079	1363	1321	1773	1674
Pmp2_-_10197220.23-P1P2	Pmp2	257	936	879	1251	1210	1321	895	1028	882	1508	1312	1229	1488	1228	697	1030	895	763	694	797	859	867	1004	1011
Bap1_-_31251659.23-P1P2	Bap1	515	1063	941	1449	1459	1605	1059	1227	973	1889	1065	1423	1803	699	975	1047	916	986	823	903	992	864	1139	1233
Abhd16a_-_35089276.23-P1P2	Abhd16a	726	1720	1307	2029	1922	1758	1521	1632	1168	1606	1910	2287	2680	1407	1249	1655	1218	1216	1030	1346	1269	1328	1609	1646
Med25_+_44892402.23-P1P2	Med25	253	888	720	1222	944	1052	837	1113	827	1304	809	1064	1318	799	809	828	741	760	672	795	834	603	984	851
Anxa11_-_25842229.23-P1P2	Anxa11	452	1187	1204	1773	1546	1701	1489	1554	1245	2578	2316	2037	2031	1184	1139	1442	997	971	930	1042	1088	1081	1491	1500
C9_-_6445381.23-P1P2	C9	335	926	649	1190	823	864	804	676	618	1319	968	942	1162	1064	661	741	601	468	545	639	606	584	778	745
Tbk1_+_121586718.23-P1P2	Tbk1	330	926	866	1246	1155	1171	825	959	803	1139	1353	1238	1058	648	768	874	715	759	725	741	772	823	1268	968
Cacna1a_+_84415356.23-ENSMUST00000121390.1	Cacna1a	512	887	787	1356	1334	1231	1043	1123	861	1756	1460	952	1520	1279	843	932	690	687	769	745	885	898	1093	1171
Hspa1b_+_34959239.23-P1P2	Hspa1b	373	965	991	1204	1391	1168	1041	1288	683	1253	1435	1608	1450	2134	868	1050	920	755	748	838	821	1174	986	963
P2ry2_+_101011951.23-P1P2	P2ry2	592	1243	1162	1706	1540	1641	1086	1478	1014	1991	1502	1663	1889	671	1080	1320	958	984	997	1148	1259	1259	1560	1540
Lmna_-_88503151.23-P1P2	Lmna	281	598	599	1026	812	864	950	666	559	1058	892	1158	1010	34	604	819	706	600	525	609	711	577	770	793
Prps1_+_140456667.23-P1P2	Prps1	456	907	827	855	798	913	921	772	689	1374	746	970	942	919	773	837	674	636	562	697	722	633	992	843
Tyrp1_-_80834275.23-P1P2	Tyrp1	412	1067	950	1471	1497	1503	1323	1460	1103	1657	1473	1423	1262	709	1018	1244	851	999	868	982	1022	1035	1382	1202
Bax_-_45466810.23-P1P2	Bax	301	1043	928	1564	1133	1214	1131	1205	984	1528	1172	1248	1279	1072	889	980	698	650	907	859	860	1019	1243	1066
P2ry2_+_101011964.23-P1P2	P2ry2	877	1887	1439	2530	2430	2284	1850	1955	1737	1953	2067	2353	2151	1587	1395	1659	1425	1458	1353	1473	1597	1773	1906	2297
Hk1_+_62340120.23-P1P2	Hk1	274	986	907	1125	1134	1067	855	960	866	1613	1202	1084	1205	429	806	851	679	727	645	810	720	690	940	800
Fxn_+_24280533.23-P1P2	Fxn	503	1045	978	1193	1065	1285	1248	1036	965	1819	1289	2054	1554	2042	936	964	762	809	810	886	900	897	1298	1072
Il2_-_37125975.23-P1P2	Il2	416	1107	1290	1786	1618	1525	1303	1299	1153	1185	1497	1789	1361	1132	1031	1218	1021	1022	1029	942	1162	1070	1515	1386
Wnt7a_+_91410882.23-P1P2	Wnt7a	336	913	786	1246	1768	1248	1072	970	903	1412	1035	1490	1300	369	874	1012	853	709	786	824	849	804	1176	1130
Trp73_-_154097118.23-P2	Trp73_P2	427	1227	985	1577	1324	1646	1256	1403	1074	1533	1452	1462	1597	610	1041	1184	975	1001	950	960	1082	1194	1282	1310
Aspa_-_73324342.23-P1P2	Aspa	310	1019	615	1093	1160	1165	937	1026	820	1373	1422	1168	819	1237	798	1012	739	733	688	739	880	759	863	980
Hras_-_141193954.23-P1P2	Hras	524	1345	1330	2017	1702	1683	1706	1646	1242	2166	1820	1450	1949	710	1181	1357	1088	974	983	1296	1168	1349	1467	1617
Notch3_+_32166647.23-P1P2	Notch3	588	1233	1051	1588	1285	1366	858	1059	943	2437	1391	1427	1490	354	1012	1251	855	944	818	847	1042	1004	1254	1277
Ins1_-_52264557.23-P1P2	Ins1	681	2051	1615	2500	2262	2347	1879	2211	1649	2795	2605	2432	3510	1789	1882	1891	1633	1528	1494	1691	1839	1814	2121	2094
Slc5a7_-_54298651.23-P1P2	Slc5a7	510	1175	1061	1569	1556	1393	1524	1413	984	1859	1012	1467	1071	2446	1045	1326	958	1008	902	1117	1099	995	1430	1578
Arih1_-_59486638.23-P1P2	Arih1	609	1856	1506	2350	1728	2028	1729	1511	1477	2253	2217	2236	2087	1357	1524	1788	1374	1244	1217	1444	1531	1388	1886	1793
Dtymk_+_93801902.23-P1P2	Dtymk	382	873	783	1212	949	1096	969	834	788	1359	1316	1076	990	1071	767	936	751	580	682	720	737	846	940	1007
L1cam_+_73880765.23-P1P2	L1cam	516	1762	1404	2406	2176	2085	1650	1911	1344	2921	1788	2011	3082	1490	1404	1621	1251	1226	1132	1171	1257	1565	1740	1515
Ctrl_-_105933815.23-P1P2	Ctrl	436	1091	904	1489	1481	1568	1242	1273	1164	957	1591	1523	2150	1106	1091	1207	996	1018	879	948	906	1080	1390	1409
Nqo1_+_107403014.23-P1P2	Nqo1	477	1198	1121	1818	2109	1884	1545	1577	1201	2122	1143	2263	1542	580	1304	1339	1095	1248	1005	1096	1213	1053	1544	1363
Ids_-_70364884.23-P1P2	Ids	348	1053	1087	1517	1838	1587	1311	1258	1217	1319	1331	1573	1325	2238	1032	1175	1036	1173	913	1083	1072	1243	1373	1419
Gigyf2_-_87327102.23-P1P2	Gigyf2	352	888	659	1161	1076	1066	945	870	684	1223	608	1545	1151	318	653	858	665	639	520	687	788	785	978	709
Elavl3_+_22051939.23-P1P2	Elavl3	624	1427	928	1601	1640	1626	1316	1443	1184	1451	1713	1617	1499	950	1083	1223	1017	1002	893	963	1038	1074	1469	1371
Pou5f1_-_35506050.23-P1P2	Pou5f1	365	1153	1100	1626	1578	1416	1078	1461	899	1526	1226	2176	1393	792	908	1119	1009	903	860	931	1004	959	1180	1348
Dagla_+_10304597.23-P1P2	Dagla	356	878	976	1240	1685	1319	1318	1673	923	1767	1678	1036	2197	1047	1023	1183	903	986	846	916	977	1084	1376	1167
Vps53_-_76179613.23-P1P2	Vps53	277	658	673	778	866	776	476	715	443	1282	670	700	1284	703	473	500	360	353	393	336	463	228	506	372
Raf1_-_115676501.23-P1P2	Raf1	454	941	833	1277	1119	1180	1099	1142	804	1027	1238	977	1477	240	741	1020	769	697	623	893	838	863	1000	1139
Dnah7c_+_46609334.23-ENSMUST00000178395.1	Dnah7c	387	968	1151	1487	1509	1458	1108	1477	1083	1360	1766	1205	1707	1176	1042	1198	897	932	891	1056	871	914	1348	1116
Sirt4_-_115484126.23-P1P2	Sirt4	377	1012	1191	1534	1126	1480	1336	1174	1032	1890	1218	1537	1343	776	983	1337	905	919	791	929	908	1127	1217	1155
Atp5g3_+_73911240.23-P1P2	Atp5g3	296	902	645	1066	1039	963	954	774	539	1147	1025	1038	1139	1093	727	760	757	610	624	668	671	723	796	818
Syn1_-_20920873.23-P1P2	Syn1	425	995	985	1634	1443	1236	1196	1164	1030	1908	1086	954	1916	1334	935	976	871	938	735	927	934	750	1166	1222
Psmd2_-_20651719.23-P1P2	Psmd2	448	1139	942	1289	1310	865	636	517	472	375	461	825	974	11	338	423	425	194	257	295	477	197	402	407
Cyp2u1_+_131303137.23-P1P2	Cyp2u1	455	1061	986	1510	1237	1465	1015	1288	880	1220	1382	1626	1283	690	1074	1125	1017	860	774	982	1034	1022	1089	1273
Hspa5_-_34772127.23-P1P2	Hspa5	309	754	621	1058	925	835	627	579	479	1090	612	992	979	1637	540	610	463	461	362	466	535	310	663	638
Wnt3_+_103774199.23-P1P2	Wnt3	288	547	586	757	640	769	520	517	416	978	955	572	661	556	574	673	526	451	460	528	566	497	681	746
Uqcrc2_-_120635274.23-P1P2	Uqcrc2	428	1181	1150	1475	1401	1543	1379	1124	810	1697	959	1353	1368	1109	890	1066	790	776	715	888	828	666	1078	935
Th_-_142899941.23-P1P2	Th	306	591	481	817	833	632	707	645	667	912	773	366	687	516	417	565	555	511	426	500	461	525	640	730
Egr2_-_67537969.23-P1	Egr2_P1	329	1027	949	1504	1411	1502	1201	1048	1039	1643	1275	1434	1637	405	1051	1071	902	806	766	979	975	1036	1227	1041
Actr10_+_70937929.23-P1P2	Actr10	443	1005	1062	1626	1343	1421	943	1128	1038	1428	739	1727	1323	320	877	1037	746	816	666	946	898	717	840	965
Cxcr4_-_128592263.23-P1P2	Cxcr4	440	1048	855	1261	1335	1186	1195	1179	993	1558	1669	1548	1376	1071	890	946	870	795	791	817	955	817	1129	1205
Prps1_-_140456633.23-P1P2	Prps1	364	1158	911	1492	1123	1300	1073	1309	1154	1007	845	1635	1285	403	900	1071	837	887	777	864	882	954	1264	1148
Ins2_+_142699488.23-P2	Ins2_P2	382	1244	1108	1592	1712	1623	1360	1461	1035	1398	1881	1790	2231	1326	1177	1291	1153	1075	930	1131	1115	1044	1425	1349
Lamc2_-_153186515.23-P1P2	Lamc2	584	1834	1382	2171	1675	1847	1553	1775	1224	2056	1473	1767	1845	2121	1433	1550	1073	1022	1121	1292	1375	986	1686	1561
Wnt16_-_22288310.23-P1P2	Wnt16	295	800	979	1162	979	965	904	959	813	1561	1287	1169	1922	1351	715	913	660	579	677	571	708	733	838	811
Ftl1_+_45459843.23-P1P2	Ftl1	228	492	441	665	544	651	528	693	447	919	653	486	699	692	401	623	450	331	393	443	507	391	534	539
Atp5j_+_84834799.23-P1P2	Atp5j	505	1663	1210	2200	1930	1972	1567	1696	1538	2327	1576	2072	2363	1587	1369	1656	1259	1155	1161	1343	1383	1341	1705	1770
Taf15_+_83473166.23-P1P2	Taf15	301	882	964	1330	1121	1318	905	1155	1032	1177	1050	1263	1925	737	773	1009	762	737	675	818	822	998	1046	1207
Tpp1_+_105752147.23-P1P2	Tpp1	172	759	640	1139	1261	1010	946	1002	768	700	983	1116	1119	554	910	897	687	623	637	724	792	662	994	930
Wwox_-_114439742.23-P1P2	Wwox	476	1241	1124	2174	1702	1740	1628	1424	1201	1162	1809	1298	1911	2131	1232	1363	1164	1174	1029	1393	1132	1257	1685	1582
Ptprc_+_138175105.23-P1P2	Ptprc	366	871	745	1182	1133	1049	1068	990	767	945	700	979	1338	1674	568	907	660	638	555	654	753	721	868	936
Oard1_+_48410025.23-P1P2	Oard1	594	1074	1135	2027	1818	1479	1238	1513	1023	1946	1393	2077	1811	795	1115	1233	997	1101	910	1010	1214	1085	1358	1278
Eif2s2_+_154892681.23-P1P2	Eif2s2	327	1210	852	1675	1585	1435	1265	1108	1055	1508	1546	1772	1517	324	1062	1176	968	836	929	1116	1071	914	1251	1090
Slc12a1_-_125152596.23-P1P2	Slc12a1	312	1011	919	1265	1220	1249	1222	1121	808	2048	1179	1332	2256	352	950	921	873	680	717	931	1042	877	1225	984
Eif2b2_-_85219548.23-P1P2	Eif2b2	241	850	746	1217	1062	976	714	731	567	1089	924	1260	1022	975	603	840	518	470	501	621	569	474	625	589
Actr1b_+_36709672.23-P1P2	Actr1b	307	1095	925	1586	1209	1236	1179	1279	968	1382	1392	1361	1448	443	862	1169	914	895	795	831	908	1056	1228	1394
Ndufb5_-_32737084.23-P1P2	Ndufb5	466	1397	1010	1957	1525	1793	1228	1620	1333	2498	1568	1868	2078	2046	1344	1503	1078	1221	1217	1193	1316	1355	1412	1548
Phex_+_157415183.23-P1P2	Phex	300	741	693	811	657	932	882	813	612	1068	508	574	811	219	602	810	544	558	499	555	639	602	884	558
Vcam1_+_116129432.23-P1P2	Vcam1	442	972	1011	1678	1400	1475	1082	1215	992	1529	1456	1185	1521	1552	953	1048	917	838	755	989	940	833	1171	1183
Cyp2d40_+_82763757.23-P1P2	Cyp2d40	390	1565	1443	2199	2052	1906	1653	1658	1546	1743	1844	1864	2575	2146	1313	1670	1308	1387	1053	1238	1585	1333	1599	1637
Aars2_-_45506906.23-P1P2	Aars2	499	1657	1490	2406	1601	1784	1165	1449	1065	1765	1407	2045	1574	235	796	944	707	652	631	838	885	507	548	542
Ccnf_+_24251319.23-P1P2	Ccnf	387	932	760	1329	1064	1243	1000	1255	1018	1325	1679	1191	1677	937	799	985	910	721	730	842	899	909	1064	1039
Trim2_+_84259729.23-P2	Trim2_P2	442	982	1048	1356	1023	1164	922	1169	825	1787	1455	1537	2164	1413	943	1030	757	724	733	742	834	674	1076	1140
Zfp74_-_29954049.23-P1P2	Zfp74	133	496	453	551	685	695	574	550	451	542	469	703	599	22	468	575	459	432	380	561	485	554	700	677
Ubtf_-_102318938.23-P1P2	Ubtf	464	992	1066	1576	1221	1363	1117	1068	853	1108	1835	1425	1878	1702	1012	943	843	910	789	871	804	1162	1141	1209
Hspa5_-_34772098.23-P1P2	Hspa5	456	1179	1179	1562	1431	1032	491	444	417	908	672	537	827	435	454	442	370	311	307	396	422	403	445	459
Fat2_-_55336552.23-P1P2	Fat2	147	655	664	851	725	785	688	614	469	875	953	1052	1120	877	540	662	427	489	468	560	484	501	707	675
Echs1_-_140116386.23-P1P2	Echs1	328	611	649	1205	906	900	764	927	789	879	1199	1046	858	278	482	837	660	559	587	622	608	599	971	950
Pnpt1_+_29130731.23-P1P2	Pnpt1	347	978	1094	1382	1288	1317	981	1288	900	1158	1476	1168	1408	247	992	1083	799	860	708	877	921	971	1132	1107
Tubb6_-_67390921.23-P1P2	Tubb6	579	1375	1003	1793	1679	1589	1213	1400	1203	1716	1684	1623	1774	575	1070	1395	905	1024	924	993	1119	1217	1402	1405
Ttbk2_+_120850361.23-P1P2	Ttbk2	310	1157	984	1398	1461	1150	1140	1018	946	1162	1520	1216	1736	2007	1064	1071	971	764	707	947	959	921	1312	1143
Ndufb8_+_44555412.23-P1P2	Ndufb8	1048	2312	1959	3184	2928	3347	2610	2641	2061	3608	3042	3034	2615	1894	1931	2322	2106	1859	1659	2016	1970	1539	2082	2045
Dnah2_+_69544317.23-ENSMUST00000035539.5	Dnah2	423	845	979	1013	1190	1125	868	1183	756	1511	1337	938	1229	813	793	899	766	648	641	732	894	787	968	887
Mthfr_-_148041210.23-P2	Mthfr_P2	378	1050	1127	1552	1705	1398	1160	1205	1126	1538	1751	1185	1150	1545	953	1087	1032	751	893	958	900	969	1143	1152
Disc1_-_125054110.23-P1P2	Disc1	291	907	958	1187	1224	1064	836	763	815	2083	1030	1381	1162	51	829	870	802	733	654	745	819	970	1044	970
Bag6_-_35135241.23-P1P2	Bag6	453	1103	1279	1863	1434	1581	951	1449	1122	1501	1146	1672	2168	1058	1123	1069	954	953	880	991	1044	1035	1362	1242
Ndufb10_+_24724355.23-P1P2	Ndufb10	417	1247	1092	2106	1665	1823	1561	1315	1259	1882	1283	1251	2731	1094	1171	1349	1280	986	979	991	1069	506	1014	774
Lsm2_+_34981917.23-P1P2	Lsm2	413	826	628	1172	981	1149	923	1023	758	1211	995	1210	879	623	645	786	727	617	600	686	617	767	897	853
Vegfb_-_6987340.23-P1P2	Vegfb	261	682	547	898	767	752	688	793	544	1947	1457	1476	1806	954	705	779	603	590	582	571	584	600	736	701
Tmem184b_-_79403247.23-P1P2	Tmem184b	503	1220	917	1525	1434	1348	1282	1110	882	1406	1497	1480	1204	1582	975	1064	894	1007	863	951	984	963	1261	1433
Axin1_+_26138775.23-P1P2	Axin1	348	1224	1171	1768	1755	1595	1195	1544	1065	1422	1244	1775	2066	1378	1017	1314	1072	994	890	1097	1068	1093	1516	1365
Ngb_-_87102131.23-P1P2	Ngb	488	1299	1485	2234	2197	1952	1714	1913	1436	2307	1794	1362	2992	714	1407	1634	1381	1294	1251	1284	1507	1415	1712	1900
Chek2_-_110840048.23-P1P2	Chek2	344	1037	707	1197	1102	1175	908	847	774	1171	1033	1038	1074	1385	864	974	843	734	602	944	707	717	828	790
Trp53_-_69580446.23-P1P2	Trp53	141	451	703	863	562	868	601	701	460	1144	714	809	729	389	470	655	620	459	517	537	568	511	683	713
Chrm3_-_9878928.23-ENSMUST00000063093.9	Chrm3	474	961	966	1388	1230	1307	1179	1389	997	1559	875	1925	1004	1777	991	1038	746	760	753	798	980	1018	1170	1285
Nfkbia_+_55492309.23-P1P2	Nfkbia	211	687	642	758	657	685	637	633	585	722	530	817	298	344	517	574	509	442	431	437	423	518	623	543
Npc1_-_12236302.23-P1P2	Npc1	458	849	847	1261	1499	1266	1187	1224	835	2715	1714	1493	1337	37	870	1008	796	808	670	852	807	431	508	1018
Dnah11_+_118198865.23-P1P2	Dnah11	532	1599	1182	2245	2095	1710	1359	1381	1288	2478	2037	1936	1929	2526	1238	1511	1109	1208	1232	1373	1309	1130	1540	1742
Rab8a_+_72161714.23-P1P2	Rab8a	226	582	544	981	1110	779	582	783	645	1373	671	1063	959	16	493	727	591	606	453	550	570	583	714	745
Cd40_+_165055673.23-P1P2	Cd40	667	1619	2110	2471	2352	2278	1865	2047	1460	2227	1847	2179	2667	2032	1487	1722	1362	1281	1207	1269	1415	1370	1913	1892
Ang5_-_43957037.23-P1P2	Ang5	423	1047	868	1238	1202	1056	806	1169	780	1258	1172	1333	1120	953	919	913	767	749	728	788	906	691	956	1018
Clcn2_+_20716067.23-P1	Clcn2_P1	399	881	690	1359	1225	1247	939	1229	882	623	1092	1134	1355	41	767	1152	830	753	774	881	827	697	1292	1061
Nos1_-_117841978.23-P1P2	Nos1	309	791	845	990	1038	921	727	969	797	1432	712	1001	1460	1226	627	770	698	802	594	687	594	746	972	865
H2-M10.3_-_36368214.23-ENSMUST00000073546.3	H2-M10.3	351	986	958	1577	1464	1342	1383	1298	720	1186	1679	795	1288	672	1030	1184	948	797	796	893	899	908	1120	996
Atg7_-_114643164.23-P1P2	Atg7	304	728	777	1149	1360	852	757	594	782	1120	1238	1411	1359	643	737	867	672	619	483	748	732	611	772	779
Scarb2_-_92505479.23-P1P2	Scarb2	604	1483	1328	1814	1631	1626	1315	1798	1204	2008	1443	1901	2379	985	1155	1378	1259	1136	1062	1161	1240	1232	1624	1653
Cox6c_+_35938166.23-P1P2	Cox6c	846	1671	1535	2641	2525	2210	1855	2113	1397	2695	2288	2093	2279	1968	1810	1805	1561	1524	1260	1434	1705	1667	2040	2083
Ppp3ca_+_136670155.23-P1P2	Ppp3ca	731	2610	1881	3142	2462	2819	2166	2332	1960	3273	2209	2671	4015	1419	1940	2659	1784	1773	1791	1979	2092	2079	2547	2599
Ntf3_-_126166687.23-P2	Ntf3_P2	383	1146	1109	1426	1640	1461	1102	1324	1009	2215	1641	1448	1086	835	887	1234	853	976	806	953	882	1238	1250	1239
Gpx6_-_21312276.23-P1P2	Gpx6	480	1071	1014	1718	1748	1503	1358	1389	1116	2026	1500	1610	1734	680	1176	1072	1106	1021	884	1034	1069	1089	1352	1336
Echs1_-_140116398.23-P1P2	Echs1	458	1190	1180	1567	1445	1215	1164	1244	962	1523	1279	1353	1394	973	1073	1147	964	775	854	964	1079	976	1368	1336
Nt5c2_-_46962286.23-P1P2	Nt5c2	450	1369	1085	1354	1344	1455	1463	1404	946	1575	1130	1473	1718	962	975	1214	902	885	874	947	1025	1142	1253	1455
Rho_+_115931975.23-P1P2	Rho	468	871	955	1264	1130	1212	868	994	865	918	836	876	1692	1208	824	1084	702	844	814	803	882	803	1176	1002
Camk2a_+_60925656.23-P1P2	Camk2a	168	710	542	856	717	785	754	869	770	1094	968	769	1005	751	620	570	537	462	466	634	643	556	703	780
Mfn1_+_32529564.23-P1P2	Mfn1	454	1778	1346	2097	2255	1915	1717	1381	1359	2455	1485	1985	2224	764	1390	1591	1215	1072	1032	1268	1204	1349	1568	1660
Pklr_-_89136177.23-P1P2	Pklr	236	572	675	1065	1030	928	891	966	686	583	1319	1284	973	716	566	654	561	466	499	720	559	652	794	789
Wnt4_-_137277565.23-P1P2	Wnt4	393	972	1101	1491	1493	1673	1352	1624	1117	1526	1436	1641	2268	1417	1159	1217	979	970	975	1103	1044	1247	1458	1402
Abcd1_+_73716795.23-P1P2	Abcd1	347	602	592	1285	890	834	765	672	589	1161	729	678	769	523	577	753	570	610	571	567	689	626	871	851
Ndufs3_+_90904672.23-P1P2	Ndufs3	775	2107	1833	2803	2757	2348	2157	1831	1570	3115	2401	1949	2634	972	1492	1801	1614	1252	1315	1482	1599	1142	1359	1588
Dnah10_+_124725180.23-P1P2	Dnah10	352	1081	970	1526	1397	1358	1095	1371	1050	1337	1516	1339	1194	1284	991	1053	1014	1066	803	904	995	1026	1216	1303
Atl1_-_69893290.23-P1P2	Atl1	509	966	994	1451	1229	1314	957	1260	1020	1743	1343	1159	1545	186	1014	1193	929	832	767	989	919	986	1287	1381
"H2-M10.4_-_36462296.23-ENSMUST00000057502.7,ENSMUST00000169950.1"	H2-M10.4	646	1525	1263	2023	1905	2046	1632	1800	1408	2401	2033	1737	2480	1115	1479	1629	1330	1284	1163	1379	1451	1255	1762	1771
Serpina1b_+_103828018.23-P1P2	Serpina1b	154	424	537	500	677	650	545	648	543	1137	469	835	738	17	433	463	356	363	406	305	438	364	533	638
Vps37a_+_40511890.23-P1P2	Vps37a	358	1030	1019	1536	1618	1349	1156	1284	836	1712	1292	1557	1212	617	889	959	823	768	735	895	799	986	1091	1097
Prps1l3_-_57230659.23-P1P2	Prps1l3	56	360	256	350	226	293	242	278	297	397	215	263	841	239	168	254	231	182	215	229	251	243	281	273
Hmgb1_+_149051418.23-P2	Hmgb1_P2	321	793	851	1254	990	1144	1162	1441	768	1441	531	1004	629	1745	894	941	547	764	698	757	726	720	995	916
Wnt3_+_103774274.23-P1P2	Wnt3	405	624	721	1057	1081	1078	969	921	773	1752	955	984	1170	391	757	982	674	606	601	651	661	645	848	1045
Supt3_+_44777372.23-P1P2	Supt3	212	563	663	1008	995	887	704	734	637	1327	799	795	1248	258	583	719	531	566	493	625	685	550	698	740
Tpp1_+_105751986.23-P1P2	Tpp1	467	1124	879	1229	1193	1211	977	1194	1027	1096	1231	1353	2029	1146	928	976	886	882	778	895	1010	868	1166	1224
Gigyf2_-_87327062.23-P1P2	Gigyf2	280	677	616	1004	587	820	735	850	701	1278	965	1073	1275	198	695	668	639	511	572	596	719	502	921	781
Ppt1_+_122836265.23-P1P2	Ppt1	592	1724	1454	2339	2284	2139	1832	1768	1494	2654	1854	2086	2596	1507	1529	1734	1394	1368	1184	1236	1594	1376	1822	1726
Map3k11_+_5688956.23-P2	Map3k11_P2	557	1651	1359	2121	2602	2069	1673	1865	1592	2683	2387	2540	2259	1432	1629	1776	1374	1345	1370	1610	1538	1411	1860	1900
Cpt1c_+_44974752.23-P1P2	Cpt1c	361	487	604	849	648	856	616	560	504	557	600	702	1220	529	568	703	610	587	384	516	596	460	644	686
Ampd2_-_108086371.23-P1	Ampd2_P1	336	689	661	1271	827	1132	908	896	729	1127	938	1176	1068	528	670	760	660	593	509	589	741	647	889	1005
Uba5_+_104063058.23-P1P2	Uba5	542	1335	1169	1773	1444	1334	1000	1394	919	1507	1265	1600	1549	1370	938	1019	786	730	708	748	811	640	812	683
Il18_+_50554929.23-P1P2	Il18	437	924	1115	1301	1537	1298	1326	1360	898	1448	1322	2146	1841	1311	931	1068	955	1102	761	1000	1047	943	1226	1098
Sqstm1_+_50202808.23-P2	Sqstm1_P2	324	781	633	1080	858	953	797	853	787	849	771	1015	694	1701	745	782	654	608	614	618	839	695	739	1019
Ucp2_-_100493402.23-P1	Ucp2_P1	447	1097	1015	1395	1593	1428	1204	1373	846	1614	1183	1895	1868	1351	1039	1160	876	728	827	982	1044	895	1248	1264
Dio2_-_90738669.23-P1P2	Dio2	694	1424	1636	1944	1748	1915	1631	1859	1332	1748	2187	2005	2209	1681	1343	1713	1257	1204	1160	1224	1318	1503	1700	1618
Tubb2b_-_34130331.23-P1P2	Tubb2b	302	871	822	1308	1359	1243	1102	957	836	1871	1401	1048	1281	284	880	898	861	797	649	793	845	837	1048	1091
Sds_+_120476522.23-P1P2	Sds	412	1271	811	1376	1274	1541	1562	1296	879	2123	1572	1508	1636	699	1025	1203	914	771	786	958	989	1039	1342	1270
Sox2_+_34650085.23-P1P2	Sox2	315	669	753	953	904	976	825	814	682	1323	1002	1056	931	279	535	672	618	552	553	638	542	599	742	782
Afg3l2_-_67448931.23-P1P2	Afg3l2	543	1712	1413	1932	1969	1843	1105	1646	1011	2545	1188	1447	1365	1110	830	957	844	690	701	784	924	559	884	882
Apoe_+_19699036.23-P1P2	Apoe	262	468	522	898	674	713	565	850	478	904	586	763	1099	569	510	621	500	394	478	517	507	484	645	725
Pax6_+_105668949.23-P1	Pax6_P1	305	904	777	1615	1293	1323	939	1084	829	1123	977	1200	896	220	786	946	817	700	680	903	834	866	1076	1039
Hras_-_141193721.23-P1P2	Hras	555	1366	1202	2004	1808	1972	1465	1636	1347	2056	2400	2042	2413	2390	1453	1609	1287	1248	1120	1343	1493	1426	1833	1801
Hnrnpdl_-_100038643.23-P1P2	Hnrnpdl	575	1445	1289	1819	1777	1663	1395	1429	1319	1358	1509	1742	1564	691	1159	1409	1089	1087	997	1110	1170	1130	1408	1553
non-targeting_03178	non-targeting	313	837	1013	1046	961	1004	912	955	597	1502	1140	695	1563	1032	744	881	756	707	600	591	787	732	1004	867
Cxcr4_+_128592228.23-P1P2	Cxcr4	357	885	820	1308	1102	1199	1038	1146	774	1233	1593	1222	1140	1504	719	1031	878	711	759	857	772	864	1005	970
Atg13_-_91710570.23-P1P2	Atg13	547	1398	1450	1781	1797	1695	1388	1427	1020	1956	1344	1719	2529	499	1320	1388	1113	1154	976	1044	1323	1013	1529	1729
Ube2g2_-_77622349.23-P1P2	Ube2g2	710	1313	1514	1902	1748	1898	1365	1800	1410	1770	1740	2232	2141	1469	1363	1656	1215	1143	1153	1095	1441	1475	1764	1635
Zfp629_+_127615173.23-P1P2	Zfp629	570	1656	1136	2203	1702	1818	1822	1847	1240	1358	1756	2017	2195	924	1263	1684	1258	1198	1084	1168	1317	1404	1500	1578
Tgm2_-_158146333.23-P1P2	Tgm2	554	1437	1233	2026	2144	1844	1700	1581	1482	2170	1975	2184	2725	676	1395	1575	1230	1323	1131	1211	1403	1664	1679	1743
Lrriq3_+_155093588.23-P1P2	Lrriq3	719	1735	1499	2805	2624	2662	2102	2592	1683	2597	3021	3011	2360	2377	1677	2160	1729	1485	1508	1645	1790	1871	2136	2226
Zbtb20_-_43621307.23-P1P2	Zbtb20	278	716	794	1204	939	1155	942	1151	693	1520	811	1175	1419	733	712	961	651	729	655	726	706	861	974	834
Grin2c_+_115267060.23-P1P2	Grin2c	289	906	754	1073	1066	1042	923	849	702	900	898	914	1364	543	800	865	741	660	660	764	689	846	1014	931
Hk1_-_62340088.23-P1P2	Hk1	567	1258	1465	1832	1624	1697	1716	1474	1293	1798	1669	2181	1190	1170	1294	1473	1240	1122	1091	1064	1309	1090	1425	1562
Psma7_-_180042395.23-P1P2	Psma7	290	867	985	1379	977	1114	845	1077	942	1714	1181	1305	1597	1346	806	1001	745	756	723	783	854	731	1020	1122
Tbcd_-_121452206.23-P1P2	Tbcd	526	1322	1290	1997	1865	1800	1520	1472	1088	1808	1415	1728	1627	1320	1031	1219	848	639	801	871	950	879	1119	1200
Klk6_-_43824625.23-P1P2	Klk6	262	849	739	976	860	921	548	796	628	1231	1054	850	1628	2037	548	708	602	448	485	651	652	565	805	839
Dnajc10_-_80315778.23-P1P2	Dnajc10	562	1428	1091	1578	1547	1662	1194	1702	1186	1935	1263	1547	1670	512	1127	1272	1147	1061	1040	1261	1143	1169	1524	1422
Unc80_-_66467960.23-P1P2	Unc80	351	492	464	697	671	776	686	578	436	1300	491	592	888	1215	515	489	331	498	443	504	445	417	602	687
Nos1_+_117841895.23-P1P2	Nos1	577	1785	1086	2212	2086	2008	1754	1836	1402	2776	1373	2142	2534	734	1403	1970	1475	1422	1284	1365	1563	1700	1885	1725
Hes3_+_152291378.23-P1P2	Hes3	296	724	673	882	518	803	443	737	688	1030	862	684	1249	691	550	647	581	443	484	560	619	575	712	630
Dnah8_-_30624395.23-ENSMUST00000170651.1	Dnah8	333	1143	1315	2259	2157	1755	1453	1497	1284	2697	1500	1724	2633	2092	1284	1485	1285	932	1069	1252	1280	1280	1648	1555
Ogdh_-_6291653.23-P1P2	Ogdh	784	2147	1797	2314	2324	2162	1580	1830	1417	3524	1933	2558	3329	3080	1340	2030	1325	1126	1112	1672	1653	1390	1884	1185
Sirt3_+_140881736.23-P1P2	Sirt3	670	1766	1502	2344	2211	2038	1656	1885	1337	2742	2177	2393	3155	1256	1400	1718	1401	1165	1138	1320	1397	1475	1730	1814
Tsen2_-_115544999.23-P1P2	Tsen2	486	904	980	1594	1374	1466	862	1035	895	2719	1444	1208	1614	1209	896	929	794	666	606	747	886	563	824	825
Grid2_+_63256022.23-P1P2	Grid2	496	931	902	1443	1392	1402	1200	1279	870	1880	692	1453	1589	146	981	1233	743	839	839	851	992	1137	1311	1315
Cdc42_+_137357658.23-P1P2	Cdc42	546	940	813	1507	1200	1069	754	919	755	1679	1249	1381	1798	477	760	934	746	687	628	735	788	781	1073	1082
Hnrnpa2b1_-_51469826.23-P1P2	Hnrnpa2b1	304	1077	654	1666	1009	1133	1037	1250	874	1136	1026	921	1150	1234	826	1044	868	832	719	826	888	788	1057	1008
Sptlc1_+_53377336.23-P1P2	Sptlc1	373	1217	1046	1699	1665	1482	1226	1259	1009	1750	1129	1087	1836	790	886	1215	914	1161	863	994	1106	955	1048	1049
Prdm12_+_31639815.23-P1P2	Prdm12	194	272	368	350	519	398	362	379	288	564	441	563	652	876	334	284	305	221	233	312	299	326	378	373
Cyc1_-_76343542.23-P1P2	Cyc1	341	1113	1090	1552	1475	1447	1310	1434	1008	941	1227	2225	1260	483	1126	1177	922	823	847	943	1110	671	961	1168
Emc1_-_139352642.23-P1P2	Emc1	676	1656	1531	2487	2175	2238	1705	1672	1603	2095	1932	1825	2223	449	1355	1738	1374	1211	1239	1428	1485	1503	1666	1753
H2-M11_+_36547132.23-ENSMUST00000041964.6	H2-M11	684	1608	1525	2335	2563	2053	1938	2327	1682	2608	1994	1943	2019	2097	1488	1793	1541	1536	1302	1455	1511	1492	2057	2154
Serpina1c_+_103904938.23-P1P2	Serpina1c	658	1510	1396	2042	1916	1902	1622	1537	1486	2416	1672	2339	2943	971	1406	1401	1252	1218	935	1316	1228	1151	1806	1657
Cxcr4_-_128592243.23-P1P2	Cxcr4	465	1140	1218	1523	1594	1553	1127	1437	1029	1479	1244	1481	1363	884	959	1133	1051	1050	878	1032	1084	1161	1395	1344
Slc1a1_-_28835132.23-P1P2	Slc1a1	163	838	821	1103	990	1022	875	781	589	1281	866	998	733	418	606	800	545	560	526	582	677	336	657	691
Gsr_+_33653648.23-P1P2	Gsr	412	849	944	1319	1720	1363	1426	1094	949	1876	1324	1256	1709	1127	987	1188	978	834	827	931	971	1046	1266	1378
Tgm6_+_130123346.23-P1P2	Tgm6	331	1299	1270	1525	1483	1436	1366	1384	1113	1610	1420	1432	859	1208	991	1167	999	852	798	968	1005	846	1219	1330
Spg7_-_123065731.23-P1P2	Spg7	448	1257	917	1560	1759	1460	1494	1299	1214	1280	1858	1612	1681	1215	1098	1263	1008	1154	967	1027	1057	819	1238	1352
Cyp2d11_-_82394046.23-ENSMUST00000170255.1	Cyp2d11	328	802	655	1183	1082	1077	730	858	720	1232	712	1119	1094	585	711	890	578	634	640	646	613	797	917	918
Wnt5a_+_28504600.23-P2	Wnt5a_P2	355	910	690	978	968	1077	839	842	755	1347	1647	1027	1017	672	649	961	633	660	584	705	700	643	908	955
Ung_+_114131296.23-P1P2	Ung	345	1296	1206	1866	1689	1750	1425	1496	1185	1705	971	1272	1657	746	1218	1383	1190	1025	919	1150	1087	1328	1388	1388
Tubb4b_-_25224403.23-P1P2	Tubb4b	322	842	735	886	812	890	936	851	538	1251	953	845	1156	1091	616	899	573	528	543	616	652	654	828	905
Bcl2_+_106714185.23-P1P2	Bcl2	573	1479	1575	2063	1988	1960	1732	1880	1402	2191	2296	2446	2343	2167	1552	1751	1401	1423	1156	1354	1494	1457	1940	1939
Pde8b_+_95250248.23-P1	Pde8b_P1	401	879	864	1356	1210	1274	1007	1260	844	1077	1048	1197	1409	319	809	999	738	773	758	698	931	936	976	912
Mfn1_-_32529543.23-P1P2	Mfn1	500	1166	1091	1921	1590	1595	1424	1338	1211	1414	1290	1231	1590	650	1115	1302	1122	935	922	1165	1157	997	1548	1545
Keap1_-_21239265.23-P1P2	Keap1	291	608	513	869	630	874	473	732	513	976	691	702	1183	66	611	729	593	504	545	522	565	512	636	785
Ppp2r2b_-_43059389.23-ENSMUST00000025377.7	Ppp2r2b	438	1017	982	1694	1732	1483	1300	1530	1118	2304	1264	2062	1645	1864	1068	1201	949	958	974	1018	1029	1112	1376	1199
Clcn2_+_20716018.23-P1	Clcn2_P1	302	596	483	862	821	876	782	572	638	937	399	881	777	727	571	693	447	463	471	554	560	493	580	668
Vamp1_+_125215588.23-P1	Vamp1_P1	458	1201	861	1546	1503	1307	1197	1406	889	1727	1142	1927	1681	1298	1010	1241	873	799	744	1001	1028	867	1253	1219
non-targeting_03491	non-targeting	384	1286	1024	2009	1508	1411	1278	1232	1061	1159	1739	1576	2227	759	1091	1156	1016	922	783	965	1015	864	1202	1158
Kpna3_-_61439660.23-P1P2	Kpna3	787	1850	1598	2435	2170	2051	1615	1982	1576	2749	1866	2458	2710	2230	1544	1877	1517	1443	1329	1654	1367	1709	1987	1953
Npc2_+_84772907.23-P1P2	Npc2	533	1900	1499	2574	2521	2157	1804	1746	1403	2275	1697	2511	3287	293	1381	1599	1361	1164	1155	1320	1482	1228	1474	1415
Sirt7_+_120624955.23-P1P2	Sirt7	356	820	700	891	1141	994	813	937	576	1320	879	1435	1334	879	733	752	694	640	579	670	766	724	983	890
Ramp2_+_101246476.23-P1P2	Ramp2	202	659	499	964	905	743	675	670	507	593	496	565	975	693	486	558	502	492	437	471	512	489	646	662
Erbb2_+_98412552.23-P1P2	Erbb2	354	980	1038	1357	1332	1146	979	1041	760	1216	1071	1234	1695	399	867	912	867	847	754	780	816	850	1003	1131
Serpina3m_-_104387455.23-P1P2	Serpina3m	434	1133	1152	1864	1740	1772	1611	1546	1279	1772	1099	1569	2018	1550	1113	1302	1134	1085	1010	1011	1300	1198	1329	1507
Cyp2u1_+_131303140.23-P1P2	Cyp2u1	350	1045	1022	1383	1065	1279	917	1376	739	1701	1263	996	1238	1085	951	908	856	969	795	857	872	750	1166	1279
Ano10_-_122294370.23-P1P2	Ano10	294	737	858	1149	1020	1008	1100	932	714	1141	1008	1004	1265	1210	830	782	719	609	651	697	809	722	941	1098
Atp2a3_+_72961226.23-P1P2	Atp2a3	789	1762	1583	2500	2323	2528	1900	2236	1850	2298	2538	2469	3350	2214	1801	1929	1490	1416	1397	1497	1530	1578	2081	2061
Sbf1_+_89315215.23-P1P2	Sbf1	465	755	867	1473	954	1132	920	1021	770	1046	819	740	1290	677	796	1029	796	714	687	818	927	931	1173	1134
Dnajc5_+_181520573.23-P1P2	Dnajc5	525	1215	1229	1876	1250	1487	1176	1441	1229	2170	1374	1190	1353	954	1042	1176	1016	984	906	1012	1119	1056	1317	1555
Pcna_+_132253171.23-P1P2	Pcna	410	825	711	1199	848	734	247	313	268	741	514	695	730	334	254	294	199	156	194	262	252	114	435	290
Blvra_-_127070693.23-P1	Blvra_P1	339	1160	1106	1632	1303	1517	1337	1364	1150	1935	1474	1492	1639	426	820	1079	925	772	1024	1006	1137	869	1085	1328
Srr_+_74925641.23-P1P2	Srr	537	1750	1315	2135	2075	2128	1570	1883	1535	2186	1793	2435	3264	1015	1507	1491	1266	1097	1099	1338	1376	1358	1613	1613
Als2_-_59237059.23-P1P2	Als2	243	760	784	871	866	974	699	744	515	1034	950	1196	909	904	584	669	606	570	582	631	555	571	769	870
Csnk2a2_-_95488778.23-P1P2	Csnk2a2	725	1877	1542	2352	2428	2444	2049	2198	1774	2516	2595	2995	2847	2428	1625	1908	1631	1574	1485	1879	1745	1987	2249	2232
Cacna1d_+_30353465.23-P1P2	Cacna1d	637	1439	1277	1834	1780	1676	1320	1788	1147	1667	1705	2315	1580	1632	1210	1366	1038	1177	1043	1258	1225	1508	1675	1670
Becn1_+_101302212.23-P1P2	Becn1	563	1385	1371	1586	1530	1512	1157	1101	981	1721	1581	1464	1755	990	805	880	775	728	707	758	748	576	890	689
Prickle1_+_93595878.23-P1	Prickle1_P1	728	1707	1517	2171	1863	2174	1875	1792	1389	2823	2210	2037	2046	1416	1546	1714	1392	1493	1199	1389	1581	1373	1923	1910
Aptx_-_40702954.23-P1P2	Aptx	705	1211	1207	1609	1525	1776	1671	1423	1172	2381	1243	2354	1815	1170	1190	1322	1206	1180	996	1131	1186	1194	1577	1395
Rab7_+_88045180.23-P1P2	Rab7	225	838	578	968	817	856	629	830	583	845	674	663	1207	1331	588	711	543	507	517	605	588	483	573	567
Il18_+_50554885.23-P1P2	Il18	476	1086	712	1549	1208	1384	1077	1004	1028	1424	1320	1173	1436	659	1089	1059	1039	916	705	818	1001	1008	1183	1241
Mme_-_63296222.23-P2	Mme_P2	733	1868	1519	2617	2823	2280	2341	2116	2161	2874	2332	2045	2540	707	1670	1919	1656	1551	1353	1681	1685	1571	2082	2259
Atrip_+_109074087.23-P1P2	Atrip	532	1119	1239	1560	1531	1481	1248	1334	1052	1919	1561	1651	1739	1439	1134	1199	1015	903	914	1003	1111	1128	1397	1427
Atn1_+_124756647.23-P1P2	Atn1	352	716	833	1081	1069	1211	1065	1294	841	942	1196	641	1039	1404	885	990	890	808	746	881	700	870	1033	1033
Apod_+_31314587.23-P1P2	Apod	686	1775	1847	2777	2052	2321	1838	2180	1530	2991	2852	2578	2833	1238	1546	1822	1538	1498	1366	1520	1557	1586	2007	2132
Atp2a3_+_72961214.23-P1P2	Atp2a3	514	1122	1194	1836	1543	1509	1423	1362	987	1337	1593	1516	2013	877	1085	1272	1062	1024	887	1085	1090	1208	1256	1455
Aqp1_-_55336643.23-P1P2	Aqp1	204	394	447	549	508	589	545	586	533	466	616	684	1081	55	561	519	448	414	406	504	415	496	506	570
Tfam_+_71238009.23-P1P2	Tfam	816	2333	2235	2870	3389	2726	2605	2616	2186	3227	2654	2843	3496	1754	1855	2326	1963	1788	1781	1881	1968	1062	1489	1613
Maoa_-_16619904.23-P1P2	Maoa	286	701	761	1049	794	901	919	1008	656	683	801	794	839	742	662	740	632	517	633	553	669	613	951	808
Exosc3_+_45320614.23-P1P2	Exosc3	380	1158	1065	1806	1439	1839	1455	1736	1040	1646	1557	970	1497	378	1083	1375	957	924	1016	1057	977	895	1138	1344
Cox7b_-_106015887.23-P1P2	Cox7b	351	829	1012	1223	948	1049	791	976	737	874	921	853	1275	1612	746	776	626	640	553	690	828	460	695	498
Gch1_-_47189367.23-P1P2	Gch1	556	1134	961	1646	1359	1245	1104	1521	772	2153	1663	1448	1072	1344	967	1202	871	776	888	939	925	1138	1331	1273
Mgst1_+_138140623.23-P1P2	Mgst1	354	974	697	1101	933	1142	819	1029	899	1488	1785	894	1629	68	705	973	768	624	638	724	719	676	1011	907
Map1b_+_99516527.23-P1P2	Map1b	339	692	683	927	859	969	718	805	583	855	1267	1000	1239	574	694	779	627	721	589	518	669	702	855	936
Map2k6_+_110399151.23-P1P2	Map2k6	630	1427	1311	1850	2015	1964	1794	1660	1450	1824	2117	1824	1686	513	1346	1629	1359	1182	1131	1398	1403	1420	1757	1853
Lmx1b_-_33640812.23-P1P2	Lmx1b	273	704	685	1049	1010	957	919	741	629	1304	1095	1202	1471	1421	741	810	730	747	660	706	728	789	836	767
Fam83e_+_45721249.23-P1P2	Fam83e	554	1362	987	2083	1897	1676	1064	1802	1315	2036	1451	2151	2000	2029	1138	1292	1284	989	992	1065	1200	1228	1733	1713
Atxn2l_-_126503338.23-P1P2	Atxn2l	421	853	633	1143	1015	1031	941	939	768	1557	1388	1174	1296	735	747	805	734	633	508	733	656	820	847	839
Araf_-_20848564.23-P1P2	Araf	754	1613	1750	2661	2314	2530	1893	2457	1906	2013	2564	2185	3089	2059	1633	2026	1785	1444	1582	1699	1588	1612	2133	2091
Pik3cb_-_99140144.23-P1P2	Pik3cb	641	1631	1519	2547	2023	2169	2303	2057	1505	2040	2221	2452	2732	2070	1445	1761	1560	1359	1248	1396	1405	1628	2048	1832
Tmem106b_+_13069899.23-P1P2	Tmem106b	558	1316	1155	1848	1549	1488	1261	1376	1030	1519	1558	1318	2015	630	1044	1106	1053	921	873	1076	968	1037	1189	1121
Actb_-_142906660.23-P1	Actb_P1	564	1295	1247	2002	1591	1758	1648	1718	1302	1931	1797	2281	1920	1471	1260	1564	1286	1069	1069	1322	1190	1241	1604	1573
Dntt_+_41029436.23-P1P2	Dntt	334	908	1061	1451	1155	1310	979	1205	897	1955	1244	1843	1860	1403	860	1195	843	874	790	809	866	741	1198	1174
Rreb1_-_37826085.23-P1P2	Rreb1	803	2074	2070	3138	2715	2829	2438	2624	2376	3008	2667	3654	3134	3986	1951	2534	1822	1995	1741	2037	2038	1983	2532	2479
Serpinf1_+_75422454.23-P1P2	Serpinf1	363	1070	1036	1704	1371	1472	1068	1186	1080	1824	1423	1450	1912	2315	963	1302	913	864	870	1008	922	1082	1193	1128
Mmp3_+_7445863.23-P1P2	Mmp3	381	667	836	1107	965	986	887	1066	657	994	1306	789	840	945	790	825	541	584	628	676	904	771	803	672
Bcl11b_-_108004065.23-P1P2	Bcl11b	638	1618	1109	1988	1903	1722	1207	1546	1353	1863	1696	2482	2173	1252	1136	1650	1162	1031	1121	1307	1099	1333	1532	1666
Nop56_+_130274471.23-P1P2	Nop56	394	1205	952	1697	1402	1447	1190	1394	1032	2282	1583	1190	1943	840	639	690	523	575	501	638	710	361	624	596
Lamc2_-_153186170.23-P1P2	Lamc2	612	1132	938	1627	1107	1362	1261	1224	1204	1645	1364	2012	2013	411	961	1116	1076	933	866	918	1144	987	1293	1335
Neurod1_+_79456630.23-P1P2	Neurod1	544	832	766	1151	916	962	1047	775	651	1304	747	1320	1471	1544	751	857	625	572	760	691	654	880	1012	935
Txn2_+_77928965.23-P1	Txn2_P1	610	1317	1252	1979	1642	1474	1355	1429	1050	1660	2141	1324	1668	1233	1233	1417	1113	928	863	1099	1173	1015	1387	1159
Gcdh_+_84893720.23-P1P2	Gcdh	353	963	893	1473	1169	1261	1140	1071	991	2138	1598	1718	1791	157	932	1213	904	808	829	926	824	816	1169	1171
Slc11a2_+_100422972.23-P1	Slc11a2_P1	777	1561	1706	2320	1961	2018	2019	2237	1613	2189	1778	2075	1418	675	1427	1634	1309	1324	1238	1372	1530	1694	2013	1847
Cox7b2_+_71548152.23-P1P2	Cox7b2	509	1376	1036	2092	1915	2000	1600	1973	1479	2339	2306	2047	2186	2159	1412	1670	1252	1128	1063	1279	1282	1482	1678	1604
Rpgr_-_10216746.23-P1P2	Rpgr	318	891	871	1352	1297	1061	942	1150	857	1160	1099	1504	1008	776	812	1122	854	753	603	843	848	741	969	1198
Mrpl3_-_105053302.23-P1P2	Mrpl3	271	559	456	786	538	798	669	696	470	603	599	753	826	685	413	545	444	308	346	402	405	506	492	565
Sqstm1_-_50202980.23-P2	Sqstm1_P2	310	827	893	1505	1270	1299	1314	1154	912	1829	1230	1113	1611	747	838	1059	770	924	700	824	887	836	1239	1094
Tubb1_-_174450731.23-P1P2	Tubb1	174	360	403	556	574	669	370	519	334	321	553	914	1431	692	375	378	299	399	410	427	394	381	533	541
Cycs_+_50566575.23-P1P2	Cycs	414	984	612	1350	1143	1231	1093	1169	825	1394	999	1033	1523	503	779	1149	801	736	793	879	987	923	1009	1087
Wnt2_-_18030329.23-P1P2	Wnt2	306	805	830	928	928	1141	884	991	729	560	809	879	1379	829	847	1065	735	878	630	759	653	840	961	880
Itpr2_-_146501982.23-P1P2	Itpr2	271	532	465	791	822	787	542	669	433	1132	498	823	1253	281	436	588	480	581	427	479	541	488	642	672
Trim2_+_84220515.23-P1	Trim2_P1	679	1575	1366	2171	2485	1981	1703	1806	1344	2536	1597	2122	2637	933	1415	1755	1207	1386	1165	1369	1370	1484	1702	1796
Snx27_+_94582490.23-P1P2	Snx27	296	911	764	1172	1187	1378	1004	1269	814	1608	1160	1168	1933	525	920	961	778	822	647	875	872	904	1080	1098
Plcb2_-_118728347.23-P1P2	Plcb2	243	686	635	1237	978	997	828	935	773	1029	802	1030	844	378	736	797	700	674	586	647	662	806	953	674
Gstm6_-_107943480.23-P1P2	Gstm6	472	1098	1288	1703	1904	1934	1751	1775	1450	2064	1790	2190	1739	340	1306	1533	1405	1056	1057	1344	1359	1279	1562	1556
Hsd17b10_+_152001878.23-P1P2	Hsd17b10	394	875	856	1255	1216	1144	934	1023	714	1201	1230	1486	850	1320	836	797	799	751	688	759	779	382	418	478
Pnp_-_50944540.23-P1P2	Pnp	892	2263	2179	3116	2495	2515	2277	2293	1978	2920	2654	2924	3530	2347	1778	2275	1745	1606	1593	1946	1897	1889	2352	2246
Dnajc3_+_118937963.23-P1P2	Dnajc3	456	1016	888	1328	1276	1071	997	1121	844	2018	1114	1263	1414	1612	903	957	807	615	768	881	821	725	1078	1118
Tnfrsf1b_+_145246821.23-P1P2	Tnfrsf1b	464	1183	1300	1801	1250	1591	1306	1494	1109	1906	1668	1940	1804	1891	1238	1314	1043	1078	815	1102	1160	1043	1372	1375
Khdrbs1_+_129742267.23-P1P2	Khdrbs1	308	647	772	894	892	1024	949	1008	630	880	702	995	1167	1166	623	749	691	593	633	667	718	530	997	923
Txn1_+_57956016.23-P1P2	Txn1	693	2092	1795	2722	2325	2707	2318	2490	1713	2815	2607	2857	2447	1999	1893	1797	1567	1393	1388	1659	1786	1538	2009	2092
Dnm2_-_21424959.23-P1P2	Dnm2	325	1295	839	1536	1509	1412	1052	1313	919	1724	1488	1540	1707	1437	980	1232	970	858	883	1037	1104	1023	1377	1440
Hcrt_+_100762921.23-P1P2	Hcrt	370	1007	1043	1482	1285	1315	1072	1193	925	1515	1030	1461	1433	229	859	1285	868	819	781	829	953	883	1133	1068
Ripk1_-_34002433.23-P1P2	Ripk1	548	1384	1025	1708	1385	1765	1557	1607	1368	2050	1349	1284	1918	1740	1069	1443	1149	1112	1016	1213	1208	1250	1653	1698
Tuba1a_-_98953489.23-P1P2	Tuba1a	779	2005	2023	2832	2487	2745	2411	2632	1858	2791	2059	1576	2969	1166	1936	2230	1772	1720	1547	1598	1836	1977	2254	2149
non-targeting_04174	non-targeting	166	731	873	780	972	888	776	839	728	883	817	839	1041	1815	672	830	660	522	567	736	648	802	912	744
Psmd7_-_107588420.23-P1P2	Psmd7	631	1718	1341	2296	2112	2299	2053	1943	1804	2407	2339	2516	2911	3211	1805	1723	1476	1417	1328	1573	1516	1630	2113	1890
Ppp3r2_-_49681990.23-P1P2	Ppp3r2	422	847	863	1176	828	1213	977	950	704	1804	832	1211	849	907	835	1007	846	783	715	842	754	766	998	879
Slc44a1_+_53440525.23-P1P2	Slc44a1	624	1262	1267	1675	1857	1677	1548	1358	1269	1790	1570	1714	1988	1077	1159	1108	1094	1072	927	1040	1121	1012	1335	1458
Dctn1_+_83166185.23-P1P2	Dctn1	542	978	949	2141	1742	1674	1532	1606	1391	1558	1488	1639	1611	1354	1130	1395	1060	994	995	1142	1193	1280	1489	1441
Cln3_+_126583363.23-P1P2	Cln3	157	418	432	861	692	556	516	611	505	678	681	785	703	585	398	559	476	358	407	439	453	374	400	504
Map2k7_+_4238856.23-P1P2	Map2k7	559	1297	1208	1663	1619	1815	1499	1604	1137	2313	1505	1737	2106	1375	1067	1540	1134	1054	1017	1167	1216	1395	1450	1537
Ctrl_+_105933769.23-P1P2	Ctrl	469	1170	1033	1373	1587	1435	1206	1248	1042	1615	1345	1702	1786	1614	1048	1215	983	1077	968	997	1208	1051	1298	1412
Htra2_+_83054434.23-P1P2	Htra2	249	570	378	1026	840	716	479	711	528	522	663	862	707	860	422	553	408	411	366	495	441	354	366	455
Ak4_+_101419714.23-P1P2	Ak4	487	827	659	1553	1238	1294	1011	1014	922	1416	1006	1346	1532	975	890	943	826	682	767	848	973	823	1138	1102
Atp5g3_-_73911259.23-P1P2	Atp5g3	306	686	682	962	828	908	701	673	636	1382	738	1266	792	961	533	755	634	619	471	552	600	614	692	661
Pdyn_-_129699756.23-P1P2	Pdyn	308	973	858	1575	1267	1482	1413	1524	931	1268	1441	1578	1139	1740	1137	1093	954	871	827	883	985	1028	1169	1049
Mtpap_+_4375613.23-P1P2	Mtpap	463	1382	1392	1712	1489	1604	1448	1662	1267	2339	1351	1511	1925	1364	954	1248	1139	1022	961	990	1151	681	983	1128
Fzd5_-_64737710.23-P1P2	Fzd5	346	1106	749	1321	1682	1370	1194	1218	976	1138	1214	779	1929	477	1081	1234	844	784	783	856	885	850	1106	1164
Zfyve27_-_42170613.23-P1P2	Zfyve27	612	1195	1159	1871	1316	1504	1306	1279	1007	1488	1537	1498	1871	1153	1244	1162	1088	972	936	1077	1053	1221	1395	1518
Trpm2_+_77969761.23-P1P2	Trpm2	400	796	990	1330	1189	1080	1137	942	919	2053	1670	1311	1240	1779	820	862	870	755	700	734	829	734	1007	1014
Nedd4_+_72662460.23-P1P2	Nedd4	416	742	701	1136	1079	1000	766	966	833	1377	797	1053	1265	193	799	780	731	672	732	651	746	755	962	911
non-targeting_02745	non-targeting	306	985	936	1260	1403	1421	1095	1058	858	1485	1546	1068	2070	1535	877	972	959	836	698	842	892	968	1296	1119
Serpina3n_-_104406723.23-P1P2	Serpina3n	523	1025	1043	1695	1674	1381	1094	1303	899	1504	954	1591	1266	1190	1006	1048	914	819	785	953	904	905	1051	1169
Psmc3_-_91054331.23-P1P2	Psmc3	223	829	865	1043	913	988	454	687	501	980	607	792	948	817	432	500	348	388	386	310	490	301	430	353
Polr3b_+_84622392.23-P1P2	Polr3b	484	1304	903	1575	1193	1259	732	594	698	1332	890	821	1193	866	573	590	565	339	457	472	652	445	752	525
Ppp5c_+_17027611.23-P1P2	Ppp5c	426	1115	1087	1417	1087	1383	980	1181	909	2146	1496	1304	1794	751	966	918	902	894	822	925	995	753	1302	1103
Psmc6_-_45329868.23-P1P2	Psmc6	389	1598	1213	1932	1728	1554	1436	1166	956	1922	1396	1898	1382	161	994	1079	975	791	770	917	1077	808	1217	1226
Wnt10b_+_98778521.23-P1P2	Wnt10b	491	1340	1426	2076	1433	1764	1456	1462	1326	2145	1644	1455	2562	1075	1222	1469	1191	1238	1110	1263	1398	997	1507	1683
"Oxr1_+_41789530.23-ENSMUST00000090095.5,ENSMUST00000022918.7"	Oxr1	571	1590	999	1939	1690	1709	1817	1580	1268	1895	1851	1568	1730	422	1158	1300	1162	1115	1021	1174	1085	1240	1547	1652
Folr1_+_101870552.23-P1	Folr1_P1	462	1478	1225	2048	2205	1767	1436	1724	1146	2443	1602	1518	2119	1153	1281	1365	1222	1340	1097	1202	1125	1318	1631	1643
H2-M10.5_+_36773111.23-ENSMUST00000041531.6	H2-M10.5	313	902	1046	1486	1144	1177	1050	1112	886	1440	1564	1457	1473	614	1029	1088	914	834	768	876	1081	827	1051	1188
Rpgrip1_-_52110943.23-P1P2	Rpgrip1	538	812	941	1258	1280	1340	1096	1100	1059	837	1393	1557	1614	680	842	1028	837	788	712	799	959	744	1148	1107
Litaf_+_10993025.23-P1P2	Litaf	830	1966	1813	3206	2753	2582	1935	1995	1839	2611	2072	2742	3952	2160	1725	2145	1700	1630	1535	1683	1556	1799	2298	2089
Cox7c_-_86046789.23-P1P2	Cox7c	345	779	733	1127	1155	1025	948	994	740	1069	1201	953	873	63	755	901	781	706	703	756	698	456	903	717
App_+_85173690.23-P1P2	App	436	718	639	1293	839	1120	799	1040	903	1833	1207	1340	642	1233	812	911	865	687	616	699	751	824	1073	987
Pno1_+_17211482.23-P1P2	Pno1	303	889	955	1453	1216	1239	1087	1206	899	1014	1704	1101	1121	290	818	1071	748	717	676	857	753	611	732	724
Apc_-_34220930.23-P1	Apc_P1	608	1200	1103	1909	1779	1690	1319	1440	1185	1930	1598	2022	1600	1827	1190	1161	1133	1133	1008	1143	1033	975	1455	1634
Chat_-_32465811.23-P2	Chat_P2	210	421	429	587	599	626	494	642	404	862	775	663	665	350	424	507	338	322	303	425	415	405	458	578
Ndufa9_-_126849104.23-P1P2	Ndufa9	484	905	755	1393	1186	1351	996	1279	823	1455	1133	1671	1655	1603	844	1031	776	728	801	900	840	993	1205	950
Stmn1_-_134468433.23-P1	Stmn1_P1	472	1198	1012	1493	1657	1383	1307	1240	1016	1884	1294	1248	2088	489	1064	1170	1019	934	994	1115	959	1162	1408	1426
Dio2_-_90738804.23-P1P2	Dio2	322	664	734	1008	958	1046	776	1045	660	945	702	1036	1793	697	754	811	678	544	589	716	708	585	928	816
Acox1_+_116198777.23-P1P2	Acox1	519	1101	1004	1571	1386	1318	1129	972	912	1678	1439	1342	1367	661	929	1091	866	745	741	864	1014	900	1281	1307
Dnah9_-_66168279.23-P1P2	Dnah9	420	991	785	1320	1333	1130	859	951	656	795	1147	1082	1341	389	913	1051	622	683	678	794	758	928	1053	1070
Slc52a3_-_151999953.23-P2	Slc52a3_P2	459	1119	1182	1294	1470	1322	1013	1272	978	751	1097	1341	1265	1006	971	1119	953	814	811	882	1027	1093	1228	1279
Cd44_-_102901415.23-P1P2	Cd44	260	518	441	837	575	663	548	476	533	951	719	816	638	447	550	571	431	433	470	455	458	466	642	597
Lep_-_29060253.23-P1P2	Lep	304	616	737	1334	1211	1034	922	881	824	1359	772	1358	1380	670	671	885	805	636	537	575	768	688	908	922
Fzd6_-_39006380.23-P1P2	Fzd6	508	2035	1663	2086	2155	2082	1782	1678	1469	2524	2287	2630	2121	750	1542	1596	1473	1417	1230	1423	1503	1483	1885	1959
Polr3k_-_181864446.23-P1P2	Polr3k	785	1674	1819	2801	2221	1450	841	927	854	1429	1291	1252	1345	26	871	1003	657	394	523	588	646	445	588	653
Crp_+_172698102.23-P1P2	Crp	407	914	977	1289	818	1083	891	1027	715	1062	1412	1269	932	1670	818	747	769	699	679	790	797	863	897	890
Pomc_-_3954956.23-P1P2	Pomc	279	761	876	1264	1140	1148	941	863	886	1648	823	1629	1030	1685	697	955	779	742	597	605	675	871	832	1113
Ppif_+_25694208.23-P1P2	Ppif	932	1693	1361	2475	2296	2152	1747	1950	1456	2203	2188	1770	3081	2222	1391	1753	1414	1495	1231	1366	1506	1535	1906	1816
Mpv17_+_31154213.23-P1P2	Mpv17	750	1621	1452	2455	2317	2289	1936	2048	1622	2906	2029	2386	2671	2164	1523	1793	1562	1335	1284	1345	1595	1656	1905	1799
Sirt4_-_115484357.23-P1P2	Sirt4	352	1020	1051	1600	1735	1424	1168	1260	1050	2070	1586	1362	1995	783	1048	1138	993	871	789	986	885	965	1440	1415
Gpx4_+_80053651.23-P1P2	Gpx4	677	1613	1544	1824	1764	1366	618	821	684	826	890	992	1236	389	772	830	559	586	538	636	685	620	777	743
Kidins220_-_24975155.23-P1P2	Kidins220	449	1355	1112	1936	1919	1723	1425	1720	1373	2104	1538	2018	2737	1305	1122	1548	1115	1081	946	1191	1239	1251	1614	1539
Gdnf_-_7811124.23-P1P2	Gdnf	498	1277	1439	1702	1832	1858	1550	1817	1457	2109	1813	2023	2382	957	1261	1241	1086	992	1096	1084	1297	1448	1541	1373
Eif2b2_-_85219558.23-P1P2	Eif2b2	559	1413	1074	1935	1612	1360	744	846	734	1350	948	1014	1377	1066	779	872	760	608	681	827	820	638	866	813
Hk1_-_62340158.23-P1P2	Hk1	171	610	553	754	646	687	531	670	578	828	552	897	709	618	501	611	465	436	472	483	508	517	684	660
Ak4_-_101419560.23-P1P2	Ak4	527	1247	1262	1743	1828	1664	1788	1655	1230	1706	1846	1305	1794	620	1122	1352	1151	1138	948	1123	1187	1188	1445	1558
Wnt8b_+_44493517.23-P1P2	Wnt8b	537	1679	1344	2025	1532	1593	1557	1481	1267	1533	1902	2261	2462	1262	1348	1519	1192	1088	1165	1384	1417	1244	1746	1834
Map2k7_-_4238873.23-P1P2	Map2k7	355	855	935	1213	1161	1196	848	1131	922	1527	1491	1339	1758	949	860	1031	745	777	776	813	801	848	936	1111
Snca_+_60829674.23-P1P2	Snca	500	1011	879	1461	1425	1444	1139	1180	1017	1708	1283	1727	1550	1550	1111	1471	1008	895	914	947	1091	979	1451	1238
Hmbs_+_44344147.23-P2	Hmbs_P2	698	1538	1318	1875	2133	2070	1610	1747	1511	1893	2178	2813	2472	1531	1479	1527	1480	1275	1083	1106	1507	1154	1633	1648
Anxa5_-_36475632.23-P1P2	Anxa5	433	1519	1179	1667	1454	1755	1308	1543	1005	2387	1199	1780	2042	2093	1067	1370	1073	1083	1024	1031	1260	1132	1296	1455
Wnt3_+_103774251.23-P1P2	Wnt3	412	548	545	689	648	641	615	577	519	1106	472	975	1181	94	482	550	451	460	446	524	557	595	614	776
Chchd10_+_75935955.23-P1P2	Chchd10	428	1272	1178	1870	1606	1860	1605	1664	1029	1843	1414	1809	2232	2607	1240	1468	1233	1044	918	1208	1220	1173	1412	1691
Kat2b_+_53567044.23-P1P2	Kat2b	461	1150	1153	1713	1285	1516	1164	1438	866	1829	1398	1267	1563	302	1014	971	916	841	913	964	1028	728	1255	1228
Prkca_-_108343647.23-P1P2	Prkca	425	1488	1199	1594	1328	1498	1164	1490	1174	1740	1100	1586	1662	1193	1164	1255	1200	1077	982	967	1228	1107	1294	1301
Nr1h2_+_44553506.23-P1P2	Nr1h2	536	1228	1337	2190	2015	1890	1789	1909	1405	2151	1612	1751	2363	1228	1392	1611	1200	1184	1103	1310	1203	1386	1784	1568
Kcnc3_+_44590951.23-ENSMUST00000107906.3	Kcnc3	630	1983	1339	2768	2351	2429	2004	2094	1666	1488	2133	653	2807	1500	1577	2075	1541	1500	1342	1599	1514	1693	1962	2076
Smpd1_-_105554477.23-P1P2	Smpd1	281	606	631	893	740	883	674	724	504	1158	443	945	1016	405	590	605	513	486	499	577	584	643	763	797
Btn1a1_+_23465850.23-P1P2	Btn1a1	321	734	544	1049	1079	1015	975	1038	796	733	578	1463	1280	1462	603	968	766	671	581	604	652	650	879	859
Gpx4_+_80053929.23-P1P2	Gpx4	556	1196	1286	1817	1781	1525	1066	1199	817	1257	1333	1485	1669	1448	995	1317	852	806	759	843	912	859	1028	1222
Cox7b_+_106015985.23-P1P2	Cox7b	571	1296	1247	1845	1494	1554	1085	1488	1014	927	707	1416	1195	780	1089	1301	983	863	820	1037	1013	516	821	628
Sgsm3_-_80977872.23-P1P2	Sgsm3	412	832	933	1349	1062	1158	782	1220	977	2073	953	964	1348	941	917	884	789	804	712	880	922	855	1043	1077
Clcc1_-_108654242.23-P1P2	Clcc1	627	1771	1789	2640	2578	2387	2016	1791	1548	1780	2355	2233	3100	1592	1444	1638	1221	1211	1088	1349	1504	1359	1724	1687
Adora1_-_134234785.23-P1P2	Adora1	563	1232	1168	1693	1731	1514	1130	1333	1071	1642	1487	2028	1773	1079	1036	1358	1066	826	1029	1055	953	968	1397	1497
Dstyk_-_132417663.23-P1P2	Dstyk	418	1361	1241	1674	1992	1457	1015	1127	913	1585	1139	1765	1797	1237	936	1131	907	906	810	844	887	714	970	858
Wnt4_-_137277500.23-P1P2	Wnt4	357	910	1015	1263	1134	1161	858	1194	839	1421	1413	1446	1044	1567	780	969	855	729	842	896	846	777	1089	988
Lcn2_+_32387722.23-P1P2	Lcn2	498	1600	1242	1939	1553	1846	1647	1678	1429	2082	2171	1647	2299	1977	1287	1498	1209	1193	1082	1287	1302	1174	1717	1687
Glul_-_153899959.23-P1P2	Glul	340	878	738	1147	1278	1253	1015	1434	943	1414	1033	1983	1510	1625	854	961	837	825	767	828	851	717	1134	1003
Ucp2_+_100493444.23-P1	Ucp2_P1	660	1194	1027	1670	1491	1487	1370	1300	1084	1471	1787	1444	1987	1754	992	1215	1023	810	988	990	1123	1065	1531	1317
Slc1a3_-_8710385.23-P1P2	Slc1a3	497	1409	1246	1946	1773	1654	1432	1787	1591	2766	1581	1738	1432	610	1299	1300	1220	1069	868	987	1217	1094	1575	1903
Calm1_-_100199535.23-P1P2	Calm1	332	1259	1041	1599	1500	1444	1197	1278	1204	2572	1477	1653	1838	479	1018	1216	968	913	866	1025	1046	1044	1296	1320
Ryr3_+_113217036.23-P1P2	Ryr3	369	907	866	1565	1353	1393	1069	1011	927	1496	1380	1299	1643	223	958	998	922	867	817	819	835	1046	1310	1359
Ube2j2_-_155943902.23-P1P2	Ube2j2	485	1533	1309	2173	2164	1861	1665	1936	1426	1990	2005	2101	2323	1819	1377	1570	1266	1276	1096	1313	1609	1403	1723	1907
Oxr1_-_41449141.23-ENSMUST00000179393.1	Oxr1	456	857	798	1266	1114	1003	943	1099	983	1321	683	723	1249	382	697	989	668	763	593	719	725	805	1062	1051
Cisd2_+_135423210.23-P1P2	Cisd2	614	1423	1403	2075	1850	1767	1585	1621	1227	1850	2246	2095	1821	909	1296	1413	1115	1229	1207	1158	1204	1310	1616	1723
Cacna1f_+_7607371.23-P1P2	Cacna1f	235	800	689	1005	907	980	796	992	695	844	1036	1199	1067	1081	622	744	652	466	500	649	659	734	819	876
Pno1_-_17211527.23-P1P2	Pno1	532	1116	1039	1542	1347	1268	1215	1129	777	1727	1350	1750	2086	1439	932	1038	803	800	686	804	921	883	1158	1239
Fzd6_+_39006350.23-P1P2	Fzd6	1132	2814	2796	4143	3560	3545	2954	3633	2513	3957	3717	4253	4866	1832	2496	3020	2571	2293	2277	2578	2374	2756	3336	3276
Zfyve27_+_42170631.23-P1P2	Zfyve27	519	1497	1034	2052	1442	1579	1331	1531	1126	1655	1207	1560	2036	2666	1185	1338	1135	989	951	978	1094	1207	1393	1384
Dctn3_+_41723103.23-P1P2	Dctn3	349	740	885	974	1337	1117	1083	826	570	1262	1077	1083	1128	936	634	686	614	556	496	638	597	323	437	494
Klf4_+_55532465.23-P1P2	Klf4	391	962	842	947	1175	936	879	776	729	1491	1516	842	1521	719	763	820	628	714	610	772	694	867	956	948
Ccr2_+_124102169.23-P1P2	Ccr2	197	714	624	888	592	792	721	710	515	866	778	533	919	724	553	823	591	502	519	558	477	531	761	726
Calm2_+_87446834.23-ENSMUST00000040440.6	Calm2	556	1663	1704	2231	1753	2060	1667	2054	1503	2468	1955	1844	2113	840	1524	1869	1532	1225	1211	1557	1388	1339	1582	2112
"Kcnma1_+_23803231.23-ENSMUST00000172099.2,ENSMUST00000074983.6"	Kcnma1	395	1008	659	1463	1162	1191	1015	1061	787	949	1188	1183	1332	296	913	865	789	875	737	865	838	857	1175	1292
Sod1_-_90220795.23-P1P2	Sod1	484	1131	1173	1917	1742	1630	1363	1417	1061	1836	1892	2254	1556	2205	1226	1325	1169	1012	976	1083	1155	1181	1483	1507
Sod1_-_90220778.23-P1P2	Sod1	668	1899	1576	2425	2046	2319	1597	1844	1567	3052	2396	2187	2975	1107	1487	1956	1421	1346	1309	1322	1528	1492	1937	2006
Uqcrq_+_53430767.23-P1P2	Uqcrq	494	1291	978	1762	1694	1343	1101	1353	945	2239	1113	1450	1759	117	973	1231	783	862	845	962	958	873	1237	1248
Serpina3a_+_104113015.23-P1P2	Serpina3a	421	947	802	1428	1312	1311	1007	1139	993	1240	1372	1063	1584	413	942	1037	960	911	764	874	871	895	1122	1074
Kras_+_145250232.23-P1P2	Kras	547	1825	1388	1876	2050	2155	1816	1976	1453	1939	2177	2153	2556	606	1536	1884	1425	1344	1310	1432	1432	1439	1988	1805
Fig4_-_41303035.23-P1P2	Fig4	546	1460	1523	2124	1724	2007	1806	1756	1226	1918	2069	1698	1943	2366	1383	1355	1181	1201	1017	1159	1285	973	1213	1127
Rpgrip1_+_52110974.23-P1P2	Rpgrip1	359	947	979	1380	1442	1470	1194	1110	810	2089	1304	1365	1310	588	836	1065	865	852	852	766	1056	911	1152	1063
Mme_-_63296256.23-P2	Mme_P2	370	744	637	1106	1000	1003	761	883	644	1055	1003	992	1115	427	664	745	853	703	580	680	657	696	964	793
Pi4ka_+_17405847.23-P1P2	Pi4ka	466	1447	1470	1733	1988	1740	1231	1465	1178	1873	1593	1612	1503	834	1184	1225	1039	976	963	1056	1087	882	1391	1313
Sucla2_-_73552810.23-P1P2	Sucla2	691	1435	1416	1655	1677	1918	1750	1452	1252	2168	1719	1682	1749	1167	1191	1514	1173	1009	1046	1260	1252	1238	1389	1418
Nlrp3_-_59542710.23-P2	Nlrp3_P2	235	910	807	1169	1047	941	887	674	642	884	1113	937	885	674	785	769	722	626	554	662	708	639	951	764
Dstyk_+_132417384.23-P1P2	Dstyk	576	1625	1572	2293	2108	1950	1479	1732	1223	2190	1911	1955	2505	2022	1219	1305	1217	1133	1041	1217	1257	953	1050	1090
Pla2g6_+_79328114.23-P1P2	Pla2g6	443	1431	1129	1548	1673	1519	1357	1529	1032	1837	1295	1428	1342	692	1180	1442	994	897	924	973	1196	1167	1401	1431
Inf2_-_112588846.23-P1	Inf2_P1	223	671	851	984	843	983	937	807	689	1006	885	1194	1035	206	669	762	639	565	602	717	685	686	971	795
Hspb2_+_50752309.23-P1P2	Hspb2	481	1218	1331	1808	1664	1604	1822	1401	1343	1615	1371	1801	2388	397	1238	1655	1128	1104	1073	1241	1136	1148	1389	1542
Cstb_+_78425786.23-P1P2	Cstb	200	899	1012	1195	1147	830	790	753	728	637	1008	866	908	1681	606	596	542	437	379	458	479	315	407	437
Blvra_+_127080575.23-P2	Blvra_P2	354	1135	950	1608	1636	1452	1121	1416	1038	2111	1322	1270	1903	332	1070	1291	931	936	885	901	1046	1118	1283	1269
Tnr_-_159737537.23-ENSMUST00000111669.3	Tnr	427	877	707	1162	1138	1154	964	1027	833	1309	1058	972	1396	566	755	978	780	731	670	715	673	826	1022	1037
Tiparp_+_65528534.23-P1P2	Tiparp	554	1546	1337	1955	2130	1755	1650	1890	1053	1558	1201	2110	2680	1225	1330	1405	1452	1044	1150	1263	1217	1263	1675	1799
Ndufb11_+_20617007.23-P1P2	Ndufb11	561	1095	900	1679	1367	1325	1049	1332	858	2028	1279	867	1502	1192	976	1061	854	726	777	843	1073	782	1100	1038
non-targeting_02666	non-targeting	365	1007	786	1452	1502	1305	866	1293	1068	1260	1204	1118	1254	919	892	1111	815	823	795	787	987	672	1057	1001
Tdp2_-_24831919.23-P1P2	Tdp2	506	1310	1100	1490	1735	1282	1230	1470	1155	1569	1073	672	1750	1659	1024	1226	919	1006	890	1087	972	1022	1079	1251
Ndrg1_-_66969528.23-P1P2	Ndrg1	198	887	845	1274	1194	1208	785	994	702	1112	804	1118	1187	1309	696	900	778	690	628	795	773	692	841	871
Wipi1_-_109611298.23-P1P2	Wipi1	516	1666	1417	2013	1705	1815	1518	1640	1268	1664	1292	1610	2283	1662	1196	1371	1135	1070	1117	1244	1329	1406	1628	1708
Ndufs4_-_114387846.23-P1P2	Ndufs4	492	946	620	984	1025	969	653	898	636	1146	788	1362	1111	883	702	755	765	626	541	800	666	651	879	689
Tomm40l_+_171222367.23-P1P2	Tomm40l	297	1182	984	1637	1531	1688	1416	1262	949	1531	1593	1242	2183	974	1262	1294	916	964	870	1058	1063	1153	1369	1470
Lgi1_+_38265012.23-P1P2	Lgi1	126	598	595	782	743	647	385	507	440	807	716	525	585	386	449	449	371	444	395	365	521	464	515	520
Ireb2_+_54863783.23-P1P2	Ireb2	268	615	623	979	805	928	614	562	619	574	270	633	950	145	641	627	525	452	467	551	571	587	730	590
Cx3cr1_-_120068233.23-P1P2	Cx3cr1	403	936	1161	1777	1505	1391	1186	1256	925	1857	1234	1430	1333	1676	1106	1266	949	909	985	1073	955	1081	1144	1208
Casp3_-_46617457.23-P1P2	Casp3	438	993	947	1533	1244	1264	1070	1067	698	1752	1045	1544	2000	1796	891	1252	882	948	738	1007	1083	920	1144	1344
non-targeting_02660	non-targeting	426	1079	1013	1554	1369	1391	1052	1359	1076	1873	1260	1549	1573	227	1031	1083	870	830	811	947	894	1142	1344	1224
Gba2_+_43578824.23-P1P2	Gba2	513	1578	1514	2336	1776	2170	1802	1821	1373	2082	2005	1437	1721	2524	1276	1668	1312	1142	1234	1371	1417	1279	1782	1676
Cav1_-_17306459.23-P2	Cav1_P2	558	1276	1167	1346	1391	1458	1357	1142	834	1357	1184	1734	2303	1052	940	1262	904	836	877	838	1067	894	1277	1260
Ulk2_+_61855015.23-P1P2	Ulk2	268	948	896	1287	947	1220	1075	1138	768	956	1156	1076	1381	626	830	929	768	691	695	848	765	949	1271	1071
Arih1_+_59486592.23-P1P2	Arih1	570	1416	877	1727	1580	1708	1179	1325	1248	2382	1211	1713	1365	1055	1108	1232	900	1152	1101	1122	1120	1202	1414	1459
Csnk2a2_-_95488745.23-P1P2	Csnk2a2	537	1623	1503	2567	2483	2188	2140	1768	1607	2032	2197	2427	2068	3015	1481	1773	1445	1529	1318	1320	1535	1752	1905	2290
Blzf1_+_164307218.23-P1P2	Blzf1	380	994	876	1574	1324	1512	1503	1177	1032	1343	948	1695	1726	712	870	1120	982	800	794	978	940	1097	1269	1267
Gja6_+_160907010.23-P1P2	Gja6	639	1457	1181	2256	1929	1916	1638	1732	1208	1685	1844	1956	1644	945	1393	1398	1266	1348	948	1087	1266	1327	1705	1528
Gpx1_-_108339106.23-P1P2	Gpx1	596	2043	1379	2252	2044	1950	1947	1881	1640	3351	2458	2632	2385	2364	1444	1757	1483	1455	1263	1446	1544	1452	1959	1980
Kl_+_150952936.23-P1P2	Kl	213	753	611	717	732	736	565	814	574	842	674	894	723	1096	524	538	515	487	398	564	474	603	782	710
Sirt3_+_140881770.23-P1P2	Sirt3	349	1054	966	1362	1227	1314	1139	1153	949	1804	1125	1470	1572	680	769	1069	909	762	757	956	986	938	1171	1206
Irs1_+_82291124.23-P1P2	Irs1	591	1544	1378	2042	2090	2110	1901	1697	1359	2297	2159	3221	2909	1547	1331	1664	1524	1441	1205	1466	1567	1682	2147	1735
Hdac4_+_92148059.23-ENSMUST00000008995.8	Hdac4	441	1308	1261	1817	1596	1608	1347	1337	1315	3045	1665	1770	1642	1956	1268	1496	1159	1025	972	1162	1145	1265	1485	1422
Atf4_-_80255475.23-P1P2	Atf4	289	777	778	807	1093	1062	787	840	688	1558	1031	796	1282	449	665	689	713	598	560	667	670	784	844	928
non-targeting_02238	non-targeting	389	755	572	1277	997	1081	1056	974	711	1405	1507	1000	1097	144	851	877	753	655	684	735	811	773	926	920
Tcerg1_-_42511576.23-P1P2	Tcerg1	367	928	767	1444	1395	1466	1171	1192	1088	1592	906	1272	995	1403	1035	1172	818	847	846	779	982	1045	1117	1138
Vps37a_-_40511872.23-P1P2	Vps37a	348	903	661	1364	1240	1158	1039	927	948	1357	1094	1654	1168	409	891	1191	846	673	756	908	998	783	1136	1109
Fgf13_+_59134756.23-P1P2	Fgf13	375	1132	918	1410	1644	1446	1093	1159	1096	1508	1333	1365	1630	2181	887	1103	979	975	887	912	865	819	1291	1186
Kat5_+_5609852.23-P1P2	Kat5	572	1075	856	1480	1311	1474	1421	1126	1012	1681	1206	1564	2138	867	1087	1061	900	914	773	988	1027	844	1026	1017
Foxo3_+_42276687.23-P1P2	Foxo3	510	1390	1048	1685	1643	1335	1225	1227	883	1599	1398	1681	2103	1287	1061	1183	1028	984	883	957	1166	1063	1329	1331
Thg1l_+_45955425.23-P1P2	Thg1l	514	1471	1243	2093	1831	1936	1361	1463	1347	1439	1998	1929	2002	1514	1248	1330	985	1037	1015	1133	1084	1093	1404	1281
Mad2l1bp_+_46153478.23-P1P2	Mad2l1bp	950	1968	2221	2901	2819	2899	2536	2501	1898	3369	3069	3272	2497	2255	2142	2346	2010	1898	1713	1878	2007	1895	2391	2751
Fzd4_-_89404408.23-P1P2	Fzd4	558	947	1132	1677	1133	1483	1083	1163	885	1943	1291	1365	1814	684	1041	1239	1040	926	800	905	951	1183	1364	1293
Atp1a3_-_25005910.23-P1P2	Atp1a3	450	857	849	1540	1382	1163	879	1134	832	1116	852	1109	1437	1243	796	985	732	596	637	754	802	727	1037	888
Snap25_+_136713525.23-P1P2	Snap25	510	932	1210	1390	1322	1450	1212	1257	814	1057	1102	1403	1868	715	915	938	846	817	724	914	934	858	1189	910
Tmed9_+_55593212.23-P1P2	Tmed9	752	1753	1569	1971	1737	1776	1666	1533	1429	3485	1739	2005	2195	1384	1386	1667	1229	1272	1210	1400	1325	1334	1654	1651
Hpdl_-_116821475.23-P1P2	Hpdl	394	823	847	957	1007	989	1080	920	724	945	831	1525	1253	827	729	910	830	603	619	655	644	724	971	929
Pink1_+_138326215.23-P1P2	Pink1	650	1361	1318	2016	1714	1713	1486	1558	1266	1722	1719	1749	2234	1744	1323	1340	1073	1104	1064	1166	1129	1221	1510	1763
Lrsam1_+_32961539.23-P1P2	Lrsam1	314	1098	1207	1396	1313	1251	1063	1223	832	854	1540	1100	1830	193	887	1152	871	842	795	919	978	213	489	314
Morc2b_+_33139581.23-P1P2	Morc2b	398	941	888	1135	1009	1090	866	943	843	1328	1103	1116	1347	986	679	969	728	741	662	647	829	709	995	899
Slc26a3_+_31438256.23-P1P2	Slc26a3	601	1541	1298	2298	2269	2009	1601	1697	1288	2551	1523	1716	2422	1386	1268	1663	1352	1121	1116	1516	1461	1359	1925	1730
Cyp2d10_+_82406914.23-P1P2	Cyp2d10	579	1357	1257	1977	2190	1819	1602	1661	1402	1597	1497	1720	2262	791	1332	1427	1369	1185	1182	1220	1347	1341	1610	1580
Chrm5_+_112480728.23-ENSMUST00000099589.2	Chrm5	236	900	774	1291	1120	1076	873	1019	882	1602	1013	1349	1339	53	771	750	796	629	566	713	813	692	909	890
Zfp106_-_120563770.23-P1P2	Zfp106	343	918	789	1332	1025	1222	1071	1029	864	1452	1228	1585	1790	467	829	942	773	670	740	697	784	900	968	997
Wnt16_+_22288296.23-P1P2	Wnt16	292	998	748	1354	1364	1142	1159	1190	1052	1961	986	1613	925	1921	857	1002	861	870	910	842	920	887	1014	1031
Daxx_-_33909552.23-P1P2	Daxx	553	826	1021	1235	1290	1441	1135	1380	990	1583	1559	1971	1093	1677	1036	1190	919	884	815	900	1017	874	1337	1327
Tmem240_-_155734874.23-P1P2	Tmem240	341	1146	945	1598	1470	1319	1144	1150	1065	1144	1284	1559	2119	1180	826	1022	999	686	805	899	933	967	1140	1228
Htt_-_34761777.23-P1P2	Htt	448	876	1111	1360	1445	1373	1027	1242	886	1110	988	929	2033	658	906	1062	932	839	845	865	913	1027	1062	1035
Tuba4a_-_75219231.23-P1P2	Tuba4a	391	957	1110	1449	1695	1382	1160	1388	975	2033	1715	1633	1766	413	978	1201	1016	947	815	865	1142	908	1253	1115
Cacna1d_-_30353510.23-P1P2	Cacna1d	361	1138	863	1337	1743	1217	981	958	977	1731	934	1038	1391	391	872	880	899	831	674	821	765	963	1131	1159
"Kcnma1_+_23803228.23-ENSMUST00000172099.2,ENSMUST00000074983.6"	Kcnma1	297	747	570	1038	890	1064	836	766	649	1326	992	974	1179	800	758	766	667	659	639	678	668	547	746	841
Bscl2_-_8840564.23-P1	Bscl2_P1	512	1445	1440	2301	2315	2022	1830	1822	1372	2795	1593	1597	2296	1109	1444	1629	1280	1379	1062	1276	1404	1472	1889	1600
Ppp1r1b_-_98348748.23-P1P2	Ppp1r1b	547	1551	1308	2066	1667	1825	1446	1777	1644	2411	1744	1769	2339	753	1481	1514	1180	1267	1192	1175	1367	1105	1742	1573
Mnat1_-_73123768.23-P1P2	Mnat1	585	1470	1221	1848	1450	1887	1517	1835	1303	1445	1772	2416	1908	1160	1372	1482	1240	1224	1048	1162	1236	1236	1532	1728
Eif2ak2_+_78882509.23-P1P2	Eif2ak2	360	1235	1007	1503	1431	1281	1046	1096	931	1748	1239	916	1532	479	1072	1072	894	923	706	951	906	992	1242	1179
Ubqln4_+_88553834.23-P1P2	Ubqln4	520	1354	1192	1936	1188	1508	1344	1439	943	1694	1286	1982	1526	141	933	1393	1007	830	926	1192	1228	1056	1383	1420
Dab1_+_104367665.23-P1P2	Dab1	388	1208	896	1192	1340	1344	1003	1202	978	1397	1405	1575	1545	1483	991	1065	926	852	861	915	988	804	1204	1265
non-targeting_00663	non-targeting	402	881	669	1342	1328	1264	1054	1213	832	1410	1316	1562	1238	1052	888	963	782	729	708	847	878	877	1043	1127
Plp1_+_136823090.23-P1P2	Plp1	832	1745	1605	2275	2484	2310	2216	2235	1642	2336	2252	2934	2382	2741	1601	1791	1450	1578	1328	1533	1549	1517	1952	2014
Cd200_+_45408987.23-P1P2	Cd200	557	984	792	1280	1155	1370	1151	1372	1069	1645	1136	1027	1291	1928	922	1130	995	773	776	977	865	1149	1200	1166
Psmd3_-_98682586.23-P1P2	Psmd3	241	582	542	832	836	776	570	510	452	734	1176	934	783	191	469	472	471	341	430	431	530	515	657	565
Bscl2_+_8840582.23-P1	Bscl2_P1	397	831	651	1134	1117	1030	992	1140	715	1725	925	1000	1168	795	774	831	742	675	686	677	728	904	970	1060
Gdap1_-_17145400.23-P1P2	Gdap1	391	633	874	1154	865	952	819	820	644	931	534	1385	1179	2372	596	662	609	553	617	686	595	552	743	740
Serpina3k_-_104338604.23-P1P2	Serpina3k	309	1007	919	1343	1052	1282	1033	1071	924	2201	1410	1887	1075	189	907	1125	877	789	717	874	978	775	966	1114
Vamp1_+_125231320.23-P2	Vamp1_P2	559	1194	884	1383	1181	1210	1149	1272	790	787	1255	1153	1062	935	795	996	829	844	698	842	845	910	1144	1094
Tspo_-_83563611.23-P1P2	Tspo	611	1801	1473	2274	2360	2015	1723	1960	1646	2534	1754	2050	2648	2069	1415	1770	1376	1489	1143	1343	1324	1345	1839	1762
Ccl3_-_83649326.23-P1P2	Ccl3	353	921	830	1207	1129	1087	967	931	774	928	1077	1576	959	710	859	895	694	683	701	739	721	859	898	1058
Gpx3_+_54902976.23-P1P2	Gpx3	345	1077	987	1789	1470	1388	1167	1276	1058	1801	1334	1263	1972	1015	1048	1209	1090	1017	854	1064	1042	1183	1469	1360
Kif5b_-_6241451.23-P1P2	Kif5b	637	1691	1500	2363	2085	1989	1966	1803	1491	1995	1857	1845	2546	1408	1301	1615	1426	1326	1138	1336	1346	1467	1905	1729
Hmgb1_-_149052584.23-P1	Hmgb1_P1	549	1457	1399	2244	1859	2003	1695	2033	1463	2432	1576	2290	1946	568	1291	1569	1196	1270	1239	1307	1243	1607	1868	1574
Sirt3_-_140882231.23-P1P2	Sirt3	325	997	713	1349	1023	1259	772	867	700	1674	1000	865	704	697	796	821	729	525	595	680	764	656	802	765
Park7_-_150914421.23-P2	Park7_P2	529	709	629	1147	1208	1067	958	1127	717	1829	478	1297	1677	255	756	841	764	639	683	677	671	799	957	890
Tubb2a_-_34077979.23-P1P2	Tubb2a	374	980	1025	1214	990	1249	883	1022	835	1449	1119	1290	1427	23	866	1077	949	757	703	902	819	868	1141	978
Fxn_-_24280539.23-P1P2	Fxn	804	1957	1571	2296	1841	2181	1885	2030	1596	2250	2020	2265	1929	1479	1427	1681	1405	1333	1312	1387	1464	1319	1861	1784
Slc19a3_+_83038460.23-P1P2	Slc19a3	464	1239	979	1357	1222	1275	1158	1255	1084	2007	1340	1883	1477	679	845	1031	903	827	793	870	950	968	1300	1349
Ager_-_34597923.23-P1P2	Ager	1052	2490	2567	3279	3631	3573	3101	2991	2633	3207	3251	3514	4424	1782	2521	2847	2136	2270	2014	2315	2426	2300	2830	3222
Mul1_-_138434716.23-P1P2	Mul1	405	1113	878	1358	1492	1375	967	1163	968	1627	883	1269	1938	1304	761	1037	799	758	707	833	823	1011	1096	1213
Tank_+_61578637.23-P2	Tank_P2	480	1115	1231	2199	1754	1730	1372	1590	1149	2426	1733	1588	1657	96	1211	1393	1073	1279	1027	1105	1204	1145	1543	1417
Hif1a_+_73908046.23-P1P2	Hif1a	433	1066	934	1645	1162	1431	952	1113	1026	1479	1095	2116	1616	919	882	1070	816	792	801	976	962	938	1046	1301
Erlin1_+_44069689.23-P1P2	Erlin1	306	1037	947	1707	1128	1232	995	1234	844	1851	1136	1707	1487	433	1078	1045	885	854	873	851	914	886	1194	1136
Xk_+_9273017.23-P1P2	Xk	301	1121	800	1151	1253	1346	1002	1053	834	1537	933	1566	1662	830	828	967	867	776	809	783	909	921	1061	1161
Hdac9_-_34528837.23-P1P2	Hdac9	616	1196	1178	1934	2149	1702	1471	1599	1138	2117	1891	1929	2066	803	1246	1555	1163	1173	1058	1202	1195	1038	1618	1448
Rela_+_5637817.23-P1P2	Rela	482	1501	1377	1741	1927	1749	1635	1777	1243	2255	1753	1484	2116	1214	1227	1490	1281	1256	1112	1247	1069	1309	1572	1624
Slc52a2_+_76539060.23-P1P2	Slc52a2	268	710	478	598	640	722	640	662	555	1070	514	559	503	752	442	650	415	453	447	490	577	492	567	663
Hpgds_-_65144768.23-P1P2	Hpgds	622	1106	1234	1683	1888	1570	1231	1281	1190	1303	983	1798	907	347	1059	1189	928	907	831	1089	1077	1015	1217	1377
Ifng_+_118441053.23-P1P2	Ifng	465	1444	1620	2141	2088	1874	1654	1953	1336	3010	1224	1328	2885	1223	1524	1613	1309	1372	1232	1528	1437	1599	1775	1773
Psmb5_+_54617742.23-P1P2	Psmb5	250	519	618	840	713	496	238	288	286	679	556	470	563	99	200	293	205	161	151	203	261	127	293	206
Als2_-_59237017.23-P1P2	Als2	418	1242	976	2018	1477	1542	1319	1369	1033	1953	1195	1915	2064	538	1046	1089	954	1208	960	1091	1160	904	1462	1340
Serpina1e_-_103956466.23-P1	Serpina1e_P1	442	1540	1370	2108	1694	1738	1468	1526	1346	1665	1930	1419	2480	1126	1243	1500	1225	1115	951	1285	1350	1372	1563	1626
Wnt10a_+_74792105.23-P1P2	Wnt10a	497	1050	972	1210	1287	1390	1238	1188	983	1172	1441	1352	1596	1192	1046	1057	822	713	862	809	996	955	1248	1303
Trp73_-_154097053.23-P2	Trp73_P2	458	1207	1259	1758	1383	1788	1404	1310	1163	1639	1919	2140	2134	1716	1089	1243	1229	1119	1053	1149	1201	1174	1539	1556
Anp32a_-_62341393.23-P1P2	Anp32a	416	969	759	1318	994	1161	1278	1254	859	1361	1045	1327	1704	1423	991	1074	1023	939	729	865	927	1001	1296	1119
Colec11_+_28623261.23-P1P2	Colec11	436	1621	1415	2475	1751	2091	2043	1989	1592	2592	1986	2233	2277	1434	1330	1664	1381	1232	1241	1384	1341	1376	1852	1619
Dnah7b_-_46066907.23-P1P2	Dnah7b	102	116	252	372	342	304	345	225	261	239	142	213	470	4	241	250	205	147	184	164	137	196	287	295
Rbfox3_-_118909460.23-P1P2	Rbfox3	418	1196	964	1452	1322	1291	999	1144	973	1910	1343	1326	906	917	889	1034	858	806	816	867	800	880	1193	1027
Matr3_+_35562428.23-P1P2	Matr3	714	1358	1300	1899	1725	1705	1387	1428	1303	1979	1758	1549	2275	2432	1304	1368	1047	1147	955	1159	1126	975	1291	1154
Chat_+_32460899.23-P1	Chat_P1	722	1542	1233	1884	1919	2056	1745	1682	1276	2410	1957	1654	1246	1842	1436	1687	1344	1241	1148	1250	1319	1314	1657	1490
Tfam_-_71238026.23-P1P2	Tfam	645	1599	2185	2467	2277	2183	1657	2008	1363	2602	1588	1800	2630	953	1376	1661	1398	1418	1275	1420	1460	652	839	738
Casp12_-_5345521.23-P1P2	Casp12	533	1060	1017	1864	1402	1450	1164	1375	1006	2140	1116	1172	1863	510	898	1275	854	908	890	1001	910	1125	1306	1227
Itpr1_-_108213232.23-P1P2	Itpr1	545	1072	1176	1473	1366	1482	1132	1189	1010	1862	990	1406	1366	1364	1050	1284	876	843	813	934	962	1004	1284	1202
Slc25a38_-_120114950.23-P2	Slc25a38_P2	411	991	901	1072	1320	1341	1085	1191	911	1775	1059	878	1369	1504	928	954	751	839	783	800	778	910	980	1190
Idua_+_108669368.23-P1P2	Idua	474	1499	1100	1706	1577	1798	1778	1957	1279	2380	2141	1757	2115	2043	1445	1463	1379	1204	1076	1190	1356	1099	1608	1672
Abca7_-_79996552.23-P1P2	Abca7	416	760	829	1124	1092	864	783	1072	757	1086	955	1014	1336	84	642	905	638	700	595	644	650	809	909	903
Ifit3_-_34583729.23-P1P2	Ifit3	270	923	960	1638	1477	1375	1250	1453	997	1789	1058	1654	1845	584	1038	1255	932	844	803	927	1036	1021	1232	1454
Ap4m1_+_138172218.23-P1P2	Ap4m1	303	956	935	1421	1056	1092	1005	1147	759	1399	776	1419	1183	1117	798	869	671	699	632	781	765	827	1073	1071
Clu_-_65969827.23-P2	Clu_P2	431	1284	1470	1761	1750	1918	1752	1905	1564	2012	1969	1581	2273	2079	1526	1652	1232	1147	1027	1421	1165	1417	1713	1678
Blmh_-_76945805.23-P1P2	Blmh	729	1712	1436	2511	2918	2355	1951	2379	1761	2476	1856	2484	2851	2048	1582	1682	1478	1418	1331	1487	1689	1652	2011	2208
Fzd2_-_102604446.23-P1P2	Fzd2	353	1178	961	1361	1548	1425	1374	1479	1007	912	782	1536	1892	886	1009	1113	903	874	848	926	1014	943	1320	1206
Mfn2_+_147904648.23-P1P2	Mfn2	317	1297	1172	1855	1576	1879	1294	1513	1139	1483	1605	1701	1370	1800	1002	1156	882	754	897	841	938	701	1049	966
Atxn10_+_85336257.23-P1P2	Atxn10	169	649	506	981	621	711	581	545	506	832	603	406	687	596	352	517	401	367	375	362	370	273	450	392
Samd9l_+_3399140.23-P1P2	Samd9l	270	688	936	1504	979	1197	1001	1018	645	1394	998	1084	1219	1151	605	776	675	759	635	664	794	671	945	1036
Tubb2b_-_34130341.23-P1P2	Tubb2b	575	1515	1393	2036	2279	1983	1641	1880	1394	2885	1246	2148	1983	707	1288	1592	1341	1311	1064	1344	1267	1290	1629	1604
Cnr1_-_33924712.23-P1P2	Cnr1	472	1192	855	1590	1111	1301	1046	1298	835	1791	995	1739	1783	1330	951	936	846	792	823	972	1036	924	1024	1160
Adam10_-_70679279.23-P1P2	Adam10	395	1080	815	1265	1226	1188	1082	1057	625	1391	1038	1114	1584	320	809	948	739	859	741	869	842	822	1162	1117
Hpgds_-_65144362.23-P1P2	Hpgds	357	849	819	1238	1076	1033	1068	1214	734	1308	1145	1122	1111	32	686	888	637	785	657	680	663	797	942	1106
Gstm4_+_108044737.23-P1P2	Gstm4	454	815	820	1195	1510	1070	895	871	799	1472	1276	1548	1324	561	964	919	699	656	675	745	808	688	1135	996
Uba1_-_20663003.23-P1	Uba1_P1	485	820	934	1182	1092	1140	1041	953	766	1428	1068	1055	1423	1184	740	1018	882	693	702	813	761	694	920	1019
Zfp46_+_136286133.23-P2	Zfp46_P2	269	664	683	1024	1141	936	719	977	585	1284	862	678	964	951	655	717	685	665	528	670	602	639	812	935
Dnah1_+_31323921.23-ENSMUST00000048603.7	Dnah1	600	1281	921	1657	1761	1635	1292	1318	952	1707	1502	1551	2039	1128	1232	1175	1101	980	884	1038	1145	1014	1192	1485
Nfkbia_-_55492360.23-P1P2	Nfkbia	696	1777	1446	2308	2580	2158	2042	1889	1445	2370	2096	1734	2003	1952	1572	1614	1360	1378	1337	1412	1670	1632	2022	1918
Nek1_+_60993307.23-P1P2	Nek1	683	1272	1174	1738	1626	1857	1501	1739	1271	1817	1500	1774	1926	705	1241	1596	1214	1019	972	1082	1193	1461	1595	1515
Atxn10_+_85336265.23-P1P2	Atxn10	376	1066	923	1337	1261	1221	623	724	648	1187	1009	1002	1379	459	590	640	534	590	422	405	531	223	482	511
Ubqln2_+_153498262.23-P1P2	Ubqln2	526	1254	957	1754	1572	1569	1238	1377	1138	1731	1653	1488	1789	960	1037	1179	945	1043	970	984	1010	965	1028	1307
Gpx1_+_108339139.23-P1P2	Gpx1	481	945	950	1295	1424	1285	1076	1213	848	2016	964	1111	1280	1675	904	1092	906	796	794	855	917	1103	1206	1026
Serpina1c_-_103904565.23-P1P2	Serpina1c	320	1250	1152	1702	1469	1527	1256	1486	1036	1739	1216	1683	2120	766	940	1256	1020	907	874	957	986	1024	1020	1254
Rmdn2_+_79615312.23-P1P2	Rmdn2	377	939	891	1400	1405	1312	1209	1046	880	1504	1657	1233	2028	1806	940	1137	886	891	831	795	857	1009	1153	1099
Fbxo7_+_86022149.23-P1P2	Fbxo7	444	1354	1051	1407	1365	1542	1166	1461	969	2004	1435	1738	1587	1483	962	1199	957	862	779	1150	1050	897	1219	1316
Dctn2_+_127266381.23-P1P2	Dctn2	218	773	663	1230	801	974	716	901	729	1575	675	1052	908	383	602	709	629	695	497	578	604	437	660	833
Vrk1_+_106010366.23-P1P2	Vrk1	466	1558	1175	2084	2194	1696	1277	1685	1243	1967	1131	1474	2736	717	1178	1228	924	1050	893	1158	1070	797	1207	1126
Dkk2_-_132085539.23-P1P2	Dkk2	346	1074	1047	1579	1407	1457	1333	1460	854	1370	1531	1587	1510	1215	1060	1126	1011	844	896	942	829	1109	1171	1217
Dpp6_+_27262223.23-P1	Dpp6_P1	174	373	382	698	540	576	575	417	428	644	531	675	662	14	339	477	475	397	334	297	357	446	466	521
Dnah9_+_66168445.23-P1P2	Dnah9	474	1087	1006	1591	1162	1603	1303	1355	1078	1852	2218	1493	1575	1830	1075	1224	958	1000	941	1076	1040	1136	1237	1355
Cntf_+_12765395.23-P1P2	Cntf	398	840	920	1421	1138	1063	1022	940	846	1875	1228	1167	1414	405	812	834	721	782	671	775	912	644	1035	858
Adap1_+_139325109.23-P1P2	Adap1	453	1309	1053	1983	1636	1634	1376	1687	1147	2065	1952	1458	1893	1188	1400	1356	1218	1032	995	1133	1025	1004	1598	1487
Slc25a4_+_46210993.23-P1P2	Slc25a4	268	441	470	511	681	595	472	619	456	1068	557	617	331	1202	549	589	477	439	415	379	427	430	564	582
Vamp1_+_125231303.23-P2	Vamp1_P2	734	1178	1465	1919	1468	1766	1525	1779	1363	1739	1663	1423	2331	692	1318	1392	1106	1192	1090	1347	1287	1329	1665	1823
Ang2_+_51195557.23-ENSMUST00000051274.1	Ang2	574	1356	1215	1916	1518	1646	1241	1489	1121	1942	1605	1652	2040	375	1252	1317	1111	1145	952	1075	1065	1423	1502	1495
Angpt4_+_151911481.23-P1P2	Angpt4	618	1518	1661	2161	2046	1926	1893	1577	1493	2102	1422	2232	2254	1210	1324	1504	1418	1223	1052	1121	1294	1547	1723	1676
Psmd2_-_20651965.23-P1P2	Psmd2	337	982	967	1863	1141	1187	939	1074	848	1071	1021	1184	1160	144	908	945	758	563	656	791	764	667	876	714
Hspa4_+_53300308.23-P1P2	Hspa4	305	959	1010	1700	1405	1182	1242	1304	1272	975	1194	1696	1684	1792	905	1193	921	1017	908	940	1030	944	1229	1377
Uqcrc1_-_108936724.23-P1P2	Uqcrc1	295	793	921	1332	1153	1117	926	868	727	1354	920	1575	1091	384	689	877	686	732	606	642	733	514	754	682
Rgs10_-_128418136.23-P1P2	Rgs10	327	791	544	1078	1211	905	906	877	465	1583	1042	676	941	1125	613	708	635	420	559	676	716	580	743	706
Tmem63c_+_87026568.23-P1P2	Tmem63c	511	933	1035	1336	1298	1318	1190	954	1054	1267	1284	724	1473	569	1032	1046	1024	844	795	800	972	922	1061	953
Mapk11_+_89149586.23-P1P2	Mapk11	278	933	678	1114	846	1032	877	831	735	886	1087	1528	647	1378	573	745	622	551	636	663	799	667	1015	855
Aif1_+_35172425.23-P1P2	Aif1	236	868	787	1060	844	989	754	787	697	994	815	777	1102	766	771	881	717	579	618	782	766	804	928	834
Sod1_+_90220781.23-P1P2	Sod1	549	1407	1365	1948	1738	1813	1420	1347	1079	1813	1884	2585	1700	1197	1236	1246	1099	960	1013	1194	1172	1202	1559	1538
Zap70_+_36761885.23-P1P2	Zap70	316	802	563	945	934	818	847	1017	722	1249	1071	908	1281	1400	583	788	623	561	606	601	613	633	966	799
Hspd1_+_55088029.23-P1P2	Hspd1	233	982	924	1258	1333	1037	904	1022	751	1102	1335	1380	952	1840	693	782	638	598	593	616	653	539	624	593
non-targeting_03176	non-targeting	470	1595	1378	2305	2165	1753	1358	1736	1255	2112	1803	1809	2095	1539	1257	1432	1296	1171	1102	1183	1376	1502	1459	1634
Dnah5_-_28203946.23-P1P2	Dnah5	318	924	784	1274	1417	1107	1080	1074	991	1031	1033	974	1244	487	767	781	843	785	719	845	889	689	917	924
Sdhc_-_171150520.23-P1P2	Sdhc	193	778	879	1351	1414	1234	998	1165	816	1930	1188	1035	1003	755	827	969	810	595	666	665	803	687	975	837
Msx2_-_53472735.23-P1P2	Msx2	95	176	132	374	301	255	245	290	183	119	443	189	492	604	223	209	172	157	144	158	209	164	196	278
Hes3_-_152291629.23-P1P2	Hes3	254	846	949	1475	1228	1163	929	814	797	973	495	1092	1596	855	687	904	757	823	705	799	702	696	871	829
Map3k11_+_5689813.23-P1	Map3k11_P1	249	633	503	855	662	761	515	801	604	1325	667	961	1120	556	508	583	504	446	427	617	508	461	629	660
Gsk3b_+_38089532.23-P1P2	Gsk3b	244	745	633	1181	1061	1049	848	985	615	1496	1315	1441	1216	796	704	798	635	567	596	687	623	773	803	826
Frat2_+_41848059.23-P1P2	Frat2	538	1651	1359	1958	1778	1965	1491	1838	1271	1708	1700	1244	2222	2014	1364	1522	1264	1235	1132	1287	1200	1352	1525	1673
Gap43_+_42340574.23-P1P2	Gap43	495	1127	901	1758	1670	1424	1134	1166	1008	1996	1522	1429	954	1294	790	1310	1103	950	885	1081	1104	1086	1327	1385
Sod1_+_90221136.23-P1P2	Sod1	300	1041	941	1454	1150	1138	1127	964	953	1475	805	1663	1110	618	798	880	737	786	735	794	844	934	1080	1096
Sct_-_141279088.23-P1P2	Sct	540	1166	1168	1815	1675	1628	1086	1452	1326	2135	1747	1837	2149	673	1250	1346	1053	1004	1025	1168	1087	1047	1569	1411
Nrtn_-_56757468.23-P1P2	Nrtn	447	1240	1126	1318	1616	1434	1329	1301	1050	1789	1237	1212	2025	888	1155	1196	1110	959	1010	1039	1045	1288	1366	1296
Rnf170_-_26119725.23-P1P2	Rnf170	289	529	526	888	743	777	717	699	565	612	876	789	1266	306	538	636	538	585	525	532	642	591	743	669
Prdx3_-_60874494.23-P1P2	Prdx3	618	1673	1090	1813	2033	1865	1362	1782	1228	2113	1535	1576	2434	1404	1247	1424	1104	1133	1100	1142	1362	1183	1690	1707
Elp3_-_65593051.23-P1P2	Elp3	276	785	795	1236	1021	1028	861	881	927	1152	952	870	1495	760	699	731	624	650	577	667	628	617	885	912
Dvl1_+_155847499.23-P1P2	Dvl1	351	1098	1114	1642	1449	1334	1383	1314	974	1825	1671	1396	1516	2074	1017	1158	1023	802	792	972	1028	839	1355	1378
Gpx3_-_54902930.23-P1P2	Gpx3	302	898	763	1014	818	1041	916	907	642	1392	874	838	849	716	794	832	783	578	598	716	742	804	891	976
Cx3cl1_-_94772225.23-P1P2	Cx3cl1	259	968	775	1514	1248	1264	1233	910	927	1116	1334	1275	1452	519	953	1136	756	755	799	761	875	874	1250	1066
Gpx2_-_76795436.23-P1P2	Gpx2	324	849	919	1259	931	1046	960	840	706	1330	1193	1424	1619	668	632	914	739	736	679	762	768	815	910	918
Wnt7b_+_85577844.23-P2	Wnt7b_P2	435	1008	1363	1897	1547	1754	1460	1643	1233	2153	1442	1640	2189	604	1358	1277	1089	1252	1064	1248	1296	1138	1736	1631
Cryab_+_50753247.23-P1P2	Cryab	240	533	517	801	766	767	677	776	554	1215	544	658	1285	1353	652	614	508	591	454	557	588	592	713	833
Khdrbs1_-_129742237.23-P1P2	Khdrbs1	314	842	976	1141	1229	1260	1085	1094	748	1088	1024	1160	1226	1177	764	1028	781	642	732	811	811	827	978	1082
Atp13a2_+_140986947.23-P1P2	Atp13a2	422	1278	996	1339	1580	1289	1206	1119	1025	1396	1184	1803	1432	737	985	1116	913	800	779	917	1014	1017	1079	1222
Egr2_+_67537933.23-P1	Egr2_P1	378	1071	767	1388	1354	1252	1201	1050	1012	1309	888	1685	1637	370	1025	1105	856	714	714	837	832	899	939	1181
Grin2b_-_136172179.23-P1P2	Grin2b	146	722	621	950	632	810	791	664	492	757	692	681	1067	718	668	704	560	455	523	552	535	453	752	760
Elavl4_+_110286620.23-P1P2	Elavl4	529	1679	1495	1826	2089	2201	1818	1994	1489	2247	1793	1497	2634	1649	1469	1828	1463	1239	1345	1282	1537	1393	1875	1933
Hif1a_+_73908011.23-P1P2	Hif1a	196	537	325	726	629	721	705	624	449	500	883	967	795	296	451	452	356	520	389	430	404	407	491	563
Sod2_+_13008240.23-P1P2	Sod2	783	1772	1862	2395	2644	2084	2059	1508	1630	2905	2515	2308	3112	1506	1583	1499	1651	1344	1249	1484	1544	1116	1752	1690
Mapk14_-_28691474.23-P1P2	Mapk14	202	588	627	738	867	713	460	605	571	845	800	830	835	1232	460	614	451	497	409	566	500	576	781	713
Sorl1_+_42124089.23-P1P2	Sorl1	506	1117	1260	1843	1486	1597	1360	1517	1240	2574	1737	1633	2118	1317	1259	1420	1162	1064	947	1173	1139	1254	1468	1519
Icam1_+_21016027.23-P1P2	Icam1	602	1736	1381	1930	1983	1789	1552	1527	1297	3153	1952	2098	2633	296	1289	1354	1259	1309	1036	1295	1292	1319	1836	1454
L1cam_+_73880735.23-P1P2	L1cam	572	1768	1686	2231	2043	2072	2021	2101	1805	3454	2634	2472	2883	2154	1643	1950	1399	1312	1288	1471	1508	1211	1838	1952
Ntf3_-_126164748.23-P1	Ntf3_P1	487	1180	1501	1832	1792	1781	1518	1592	1014	1922	1214	2024	2444	1755	1275	1511	1078	1116	1038	1258	1318	1341	1542	1534
H2-M10.6_+_36812185.23-ENSMUST00000041398.4	H2-M10.6	381	1201	817	1549	1434	1409	1115	1026	771	2160	842	1206	921	381	1061	1024	918	889	844	886	910	828	1201	1339
Serpina1c_-_103904952.23-P1P2	Serpina1c	621	1874	1816	2574	2684	2687	1879	2227	1726	3449	2337	3274	2980	1378	1821	1938	1709	1399	1393	1754	1680	1606	2257	2098
Crat_+_30415457.23-P1P2	Crat	446	989	966	1553	1314	1499	1335	1397	1185	1941	1137	1387	1753	825	945	1228	1015	970	1007	1070	972	1018	1250	1389
Blvra_-_127070730.23-P1	Blvra_P1	330	1238	1177	1583	1280	1361	1378	1084	1152	1435	1194	1424	1821	812	1045	1158	910	890	917	910	898	742	1424	1274
Rab10_+_3309892.23-P1P2	Rab10	219	437	445	725	735	561	520	553	469	1048	532	716	953	383	421	460	437	336	344	457	485	438	580	521
Vip_-_5639281.23-P1P2	Vip	327	852	962	1313	1141	1205	1122	970	868	1586	1231	1520	1193	293	853	1054	785	826	723	739	934	882	1015	1090
Tspo_-_83563665.23-P1P2	Tspo	964	2328	1900	3098	2729	2992	2440	2769	1916	3633	2346	2980	3304	2781	2030	2362	1888	1709	1566	1692	2019	1928	2591	2348
Hdac9_+_34528840.23-P1P2	Hdac9	405	837	689	1066	1089	968	885	1063	751	1166	763	1164	984	593	716	810	713	601	626	570	663	851	877	921
Cnr2_+_135895454.23-P1	Cnr2_P1	340	1147	896	1634	1161	1498	1273	1090	909	2033	1359	1181	1684	1063	990	1141	978	937	761	887	1033	855	1189	1121
Wars2_+_99141123.23-P1P2	Wars2	1063	2114	2032	3175	2660	2800	2705	2528	2105	4516	3015	3255	2614	2142	1977	2196	1742	1571	1451	1573	1881	1120	1637	1673
Coq7_+_118533282.23-P1P2	Coq7	533	1420	1074	1798	1556	1626	1606	1283	1159	1805	1294	1530	1848	1448	1156	1479	1104	1173	945	964	1142	1140	1444	1581
Slc6a4_+_77009337.23-P1	Slc6a4_P1	374	1295	1242	1620	1396	1427	1169	995	984	1837	1372	1650	1910	1458	1006	1278	989	897	857	968	902	1051	1290	1348
non-targeting_01372	non-targeting	749	1733	1726	2652	1696	2231	1852	2364	1587	2156	1950	2367	3413	1452	1538	1904	1314	1382	1363	1425	1668	1563	1883	2033
Synj1_+_91010961.23-P1P2	Synj1	377	1129	847	1328	1388	1406	1132	1182	815	1139	1013	1125	1502	1063	913	1026	816	880	895	912	903	880	1142	1186
Ewsr1_-_5099013.23-P1P2	Ewsr1	535	1450	1301	1842	1785	1772	1614	1336	1192	2451	2186	1336	2274	883	1213	1305	1136	1170	1120	1123	1406	1220	1579	1572
Stmn1_-_134469819.23-P2	Stmn1_P2	400	1548	1360	2176	2228	1996	1647	1715	1515	2756	1527	2019	2139	810	1282	1554	1368	1094	1150	1300	1335	1405	1560	1676
Psmb6_-_70525392.23-P1P2	Psmb6	278	762	542	1066	980	685	670	495	442	858	881	639	531	375	547	534	415	386	366	362	426	400	682	569
Rnf170_-_26119654.23-P1P2	Rnf170	370	767	745	1086	985	1090	831	989	836	1822	614	918	827	818	669	743	647	716	566	684	780	799	938	888
Vegfb_-_6987634.23-P1P2	Vegfb	637	1568	1528	2082	1828	2021	1412	1590	1254	2510	1965	1924	2754	434	1507	1617	1276	1113	1217	1347	1384	1428	1985	1722
Gjc2_-_59182831.23-P1P2	Gjc2	645	1420	1327	2033	1997	1710	1350	1540	1220	3255	1840	1690	1804	1948	1310	1479	1191	1195	1134	1196	1321	1273	1671	1749
Slc6a4_-_77009531.23-P1	Slc6a4_P1	248	831	753	828	1062	998	765	874	587	1277	574	482	1251	462	632	759	621	676	488	559	674	722	814	752
Oard1_+_48410121.23-P1P2	Oard1	775	1958	1638	2720	2279	2645	2185	2467	1808	2252	2984	2582	2688	3187	1891	2191	1826	1644	1515	1607	1894	1549	2336	2302
Calb1_-_15881302.23-P1P2	Calb1	557	1332	1291	1726	1786	1798	1498	1572	1013	1934	1885	1972	2578	1332	1433	1529	1182	1072	1131	1070	1311	1131	1733	1517
Slc7a6os_-_106210857.23-P1P2	Slc7a6os	458	1064	1116	1580	1456	1211	1043	1010	679	1235	1137	1756	1406	640	711	867	689	735	668	858	761	723	910	818
Hspg2_-_137468866.23-P1P2	Hspg2	492	1215	1221	1635	1561	1328	1190	1362	1018	2722	1979	1763	1552	992	896	1340	1031	933	853	846	1045	982	1284	1428
Unc13a_-_71671672.23-P1P2	Unc13a	480	1204	1186	1862	1504	1573	1347	1628	1157	945	1144	1728	1577	1033	1133	1243	1103	1102	911	1079	1161	1191	1529	1426
Agrn_-_156197436.23-P1	Agrn_P1	530	1358	1236	1744	1954	1668	1496	1689	941	1411	1302	1328	1623	778	1226	1444	1151	1073	933	1069	1228	1210	1480	1615
Vegfa_+_46032367.23-P1P2	Vegfa	432	999	885	1406	1131	1289	909	1133	967	1332	883	1694	1071	139	802	996	866	703	722	762	826	985	1040	1095
Tyrobp_+_30413818.23-P1P2	Tyrobp	553	1828	1792	2335	2263	2166	1550	2011	1580	2278	2464	1325	2496	2608	1453	1766	1453	1308	1373	1327	1598	1406	1962	1985
Smcr8_+_60777559.23-P1P2	Smcr8	389	1237	987	1846	1669	1332	1051	1568	894	1730	1759	1851	1381	872	1035	1107	922	901	937	962	1035	809	1072	1191
"H2-M10.4_-_36462282.23-ENSMUST00000057502.7,ENSMUST00000169950.1"	H2-M10.4	361	1095	642	1381	1358	1322	1009	1347	893	1328	1069	1424	1064	444	935	917	891	774	738	790	955	1001	1291	1141
Zfp46_+_136286136.23-P2	Zfp46_P2	342	967	885	1440	1355	1088	863	1049	729	1607	1009	1178	1297	857	707	877	761	621	628	660	823	870	1077	1089
Pitrm1_-_6548189.23-P1P2	Pitrm1	483	1136	1370	1742	1771	1703	1383	1576	1211	2341	1835	1955	1983	1233	1241	1527	1183	1192	1007	1350	1247	1246	1591	1587
S100a1_-_90514278.23-P1P2	S100a1	630	1365	1028	1593	1575	1682	1351	1265	1253	1577	1966	2001	1512	1721	1102	1361	1098	1126	1004	1123	1080	1309	1308	1653
Dnah7b_+_46067061.23-P1P2	Dnah7b	511	1261	982	1479	1516	1334	1006	1273	910	2025	1275	2050	2163	1312	1016	1058	1022	981	861	965	953	953	1343	1207
Gad2_+_22622562.23-P1P2	Gad2	417	839	714	1264	1507	1278	980	1212	807	1455	1227	1228	1681	836	774	952	800	665	635	778	692	835	1076	937
Ppp3r1_+_17159360.23-P1P2	Ppp3r1	565	1280	1388	1947	1659	1716	1373	1357	1138	2212	1503	1562	2374	2057	1220	1355	1022	938	1074	1114	1176	1131	1421	1360
Ins2_-_142699502.23-P2	Ins2_P2	438	993	927	1045	1326	1263	1046	1192	911	1643	1237	1362	1343	752	980	826	772	734	730	826	745	856	1057	1127
Kat5_+_5609812.23-P1P2	Kat5	291	784	885	1099	1072	1096	766	989	735	776	1214	673	1297	702	698	937	664	760	674	733	768	795	1005	1087
Ifnb1_-_88522822.23-P1P2	Ifnb1	485	1187	1048	1572	1411	1557	1549	1426	1063	1788	1605	1252	951	1476	1175	1210	1187	952	760	943	1137	1070	1363	1432
Nup62_-_44816410.23-P1P2	Nup62	227	611	794	1006	985	769	581	712	557	1253	1193	1058	693	947	575	464	459	441	373	502	534	387	433	458
Rbpj_-_53590735.23-P1P2	Rbpj	491	1105	923	1764	1679	1667	1395	1537	995	2392	1500	1362	1776	656	1019	1224	938	932	948	1005	1124	1175	1412	1398
Pdxk_-_78464895.23-P1P2	Pdxk	383	992	859	1587	1552	1276	911	1202	890	1828	695	1563	1779	946	875	1116	731	701	733	805	776	683	883	798
Exosc1_+_41933239.23-P1P2	Exosc1	531	1422	1142	2243	2055	1931	1561	1831	1289	1334	1597	2001	2292	536	1165	1420	1294	1199	1019	1296	1122	809	1153	1238
Atxn3_+_101958153.23-P1P2	Atxn3	454	1280	1199	1508	1249	1453	894	1368	964	1801	1503	1586	1119	2113	906	1020	869	923	855	1002	973	974	1232	1302
Pon3_+_5256221.23-P1P2	Pon3	644	1637	1219	1802	1904	1975	1622	1423	1221	2501	1439	1669	1763	2054	1183	1508	1253	1062	1037	1283	1435	1093	1525	1620
Nrros_+_32165464.23-P1P2	Nrros	370	917	964	1162	1185	1126	878	899	848	1593	960	856	922	763	778	931	839	726	655	719	675	780	1037	1018
Wnt5a_-_28504693.23-P2	Wnt5a_P2	520	819	982	1447	1351	1496	1018	1084	992	1774	826	1304	1618	382	1071	1208	997	835	795	1026	943	944	1026	1107
Exosc3_+_45320557.23-P1P2	Exosc3	649	1680	1425	1911	2078	1858	1489	1341	1419	2863	2293	1941	2809	1406	1007	1277	1071	917	985	1038	1104	307	535	576
Tpo_-_30132609.23-P1P2	Tpo	551	1165	1206	1786	2137	1647	1353	1488	1099	2133	1494	1880	1920	1782	1180	1560	1154	1125	1072	1125	1154	1231	1550	1664
Gria4_+_4796199.23-P1P2	Gria4	376	1198	814	1517	1424	1284	1142	1179	882	1729	1529	1502	2040	1231	915	1112	934	808	840	854	1063	916	1165	1263
Sct_-_141279104.23-P1P2	Sct	589	1815	1690	2507	2159	1998	1704	1665	1309	2579	1546	2616	2922	2182	1549	1705	1409	1387	1280	1359	1446	1573	1905	1806
Ppp3r2_-_49681962.23-P1P2	Ppp3r2	144	399	424	512	592	589	445	530	417	774	455	605	404	57	432	412	293	331	376	276	393	359	400	465
Mak16_-_31168712.23-P1P2	Mak16	205	533	659	753	921	735	776	584	444	1371	645	715	839	300	497	556	464	485	411	579	421	475	612	649
Gpx8_-_113046358.23-P1P2	Gpx8	466	871	979	1573	1570	1371	1261	1331	842	1582	1170	1223	1986	612	956	1031	993	1028	888	913	870	897	1226	1127
"Rims2_+_39198431.23-ENSMUST00000082054.5,ENSMUST00000042917.9"	Rims2	384	1591	1332	1891	1775	1640	1239	1566	1115	2157	1858	1945	1985	620	1260	1387	1159	1259	1018	1221	1075	1337	1565	1525
Frat2_+_41848238.23-P1P2	Frat2	490	1392	1445	1879	1919	1821	1364	1724	1270	2129	1792	2456	1979	3527	1290	1500	1315	1080	1092	1212	1411	1330	1521	1809
Slc39a14_+_70350967.23-P1P2	Slc39a14	454	976	687	1464	1397	1250	1101	1079	930	1500	1633	1691	1014	1011	893	980	866	753	770	884	936	825	1233	1020
Dhtkd1_-_5942755.23-P1P2	Dhtkd1	354	904	1023	1267	1427	1236	908	1285	849	1464	1126	1405	1468	551	877	913	725	853	668	899	869	766	1021	942
Vac14_+_110618668.23-P1P2	Vac14	525	1898	1400	2418	1879	2088	1534	1785	1280	3353	2109	2406	2288	1177	1459	1303	1212	940	1120	1267	1203	901	1523	1212
Kcne3_+_100176903.23-P2	Kcne3_P2	709	1626	1637	2571	2238	2195	2069	2040	1844	2300	2008	2306	3075	1639	1676	1910	1518	1191	1425	1576	1685	1629	2029	2178
Cox4i1_+_120668305.23-P1P2	Cox4i1	363	1228	953	1375	1425	1476	1161	1418	965	2264	1527	1974	1539	896	1018	1017	683	858	846	1022	1091	1006	1262	1122
Phex_-_157415057.23-P1P2	Phex	430	675	772	1200	803	1016	511	1002	658	1600	905	1401	1218	627	654	794	549	691	610	565	666	761	941	909
Ube2g2_+_77622366.23-P1P2	Ube2g2	547	1039	1008	1118	1117	1225	1137	1116	721	2007	1118	960	960	1597	771	1092	783	676	726	813	907	991	1224	1020
Dnah2_+_69544508.23-ENSMUST00000035539.5	Dnah2	450	1053	1227	1911	1666	1640	1626	1639	1245	1268	1587	1726	1653	554	1200	1187	1166	905	927	1074	1062	1136	1284	1462
Pdk3_-_93832123.23-P1P2	Pdk3	271	757	1042	1344	981	1202	825	1220	955	1593	1589	1393	1408	580	1007	1125	774	934	748	904	921	892	1062	1130
Slc11a2_+_100423930.23-P2	Slc11a2_P2	595	1607	1560	1842	1872	1925	1829	1723	1378	2539	2177	2004	1731	1572	1287	1692	1234	1222	1138	1253	1346	1418	1611	1660
Prdx3_+_60874463.23-P1P2	Prdx3	355	814	611	759	751	917	673	730	623	817	980	871	911	615	681	772	564	570	568	624	648	618	940	904
Gstm7_-_107931677.23-P1P2	Gstm7	267	1002	726	1174	1295	1065	790	1012	667	974	1233	1105	1266	215	749	856	681	575	636	695	657	628	884	941
Igf1_+_87861392.23-P2	Igf1_P2	125	586	490	836	707	693	653	632	590	727	532	770	1005	1068	513	706	518	456	423	437	491	457	569	486
Reep2_-_34840736.23-P1P2	Reep2	402	1581	1202	2017	1948	1693	1542	1572	1164	2086	1355	1641	2631	1496	1078	1239	1149	1081	1118	1239	1283	1402	1396	1732
Tsen54_-_115814786.23-P1P2	Tsen54	611	1873	1508	2077	2125	1221	1006	955	984	1075	1039	1232	1679	281	735	861	625	532	535	577	597	541	578	555
Ddhd1_+_45658045.23-P1P2	Ddhd1	652	1226	1210	1724	1523	1663	1300	1367	1155	1651	1210	1518	1321	489	1055	1424	1117	1084	984	1152	1124	1216	1405	1330
Ndufb6_+_40279341.23-P1P2	Ndufb6	585	1570	1642	2304	2309	2322	1826	2153	1515	2288	600	1985	2525	1779	1631	1833	1458	1348	1311	1592	1632	1155	1537	1550
Trip4_-_65884997.23-P1	Trip4_P1	767	1724	1738	2752	2441	2446	2233	2289	1739	1681	2485	2523	3890	1811	1660	1970	1595	1568	1475	1589	1496	1682	2205	2302
Wdr45_-_7722343.23-P1P2	Wdr45	426	1037	994	1326	1410	1324	1016	1091	898	1397	1356	1258	1321	793	1010	1166	806	811	808	936	897	994	1171	1044
Wdr45_-_7722314.23-P1P2	Wdr45	353	773	704	1284	1160	1105	840	1052	746	1769	691	1093	1139	354	761	891	770	617	711	774	804	886	879	983
Itpr1_-_108213293.23-P1P2	Itpr1	244	849	560	1012	947	793	760	1026	658	892	785	980	1291	75	567	795	624	577	551	634	579	650	806	741
Wnt5a_+_28504832.23-P2	Wnt5a_P2	464	1140	1226	1851	1809	1671	1345	1426	1196	2809	1545	1592	1735	1430	1176	1375	1135	1240	993	1080	1152	982	1390	1588
Mif_+_75860278.23-P1P2	Mif	343	736	957	1323	1273	1327	963	910	856	1383	874	1520	1306	49	764	826	743	589	624	652	742	535	919	787
Grin2a_+_9995023.23-P1P2	Grin2a	513	1182	1292	1817	2094	1840	1558	1668	1223	2399	1971	1553	2016	1728	1118	1409	1105	895	1067	1344	1229	1363	1566	1546
Il4_-_53618594.23-P1P2	Il4	295	654	476	852	537	805	565	757	558	1363	719	656	869	837	545	616	488	421	572	511	515	547	772	561
Dcx_+_143933059.23-P1P2	Dcx	375	729	778	973	1075	1014	878	916	796	1009	825	1017	940	852	713	973	727	750	609	644	642	650	892	1021
Smpd1_+_105554753.23-P1P2	Smpd1	452	1471	1222	1626	1649	1670	1239	1600	1140	1675	1528	1586	1973	1525	1062	1281	1158	1144	940	1083	949	1186	1530	1431
Kcna3_-_107036222.23-P1P2	Kcna3	484	983	875	1363	1184	1384	839	1274	825	1288	1115	1261	1602	1561	899	1126	828	813	750	927	912	983	1062	1288
Mul1_-_138434737.23-P1P2	Mul1	206	748	692	1114	885	981	665	807	705	1723	1218	755	1724	69	666	802	612	664	569	604	695	629	889	889
Serpinf1_+_75422320.23-P1P2	Serpinf1	457	984	933	1458	1321	1290	1286	1076	886	1628	913	1629	1609	924	952	1108	859	803	801	965	996	938	1167	1311
Serpina1b_-_103828050.23-P1P2	Serpina1b	368	947	707	1264	1266	1047	1028	953	749	1472	836	726	1083	1647	816	872	722	624	582	696	811	680	817	948
Serpina3b_-_104128031.23-P1P2	Serpina3b	284	1026	697	1398	1222	1237	1089	1054	1032	1316	1047	1030	1763	226	930	983	691	743	712	761	858	897	1118	1087
Il1a_+_129309919.23-P1P2	Il1a	380	818	616	1133	993	902	925	958	681	984	1099	817	1512	485	704	841	615	527	614	580	699	738	829	922
"Kcnma1_+_23803209.23-ENSMUST00000172099.2,ENSMUST00000074983.6"	Kcnma1	308	862	589	1065	899	874	867	749	707	1166	841	1105	610	406	677	874	696	642	575	674	702	554	904	798
Wnt8a_+_34542322.23-ENSMUST00000012426.2	Wnt8a	455	854	714	1468	986	1054	943	1128	786	1083	1037	1352	1163	323	773	995	735	740	643	712	836	732	1093	979
Ang_+_51096831.23-P1	Ang_P1	225	838	844	1194	816	1004	985	1110	718	1131	1120	697	1739	922	778	921	594	553	576	680	575	737	936	852
Ang_-_51096455.23-P1	Ang_P1	422	1028	1121	1451	1309	1369	1108	1286	917	1109	1489	1049	1432	1133	902	1088	867	815	712	855	996	982	1304	1257
Mapk13_-_28769402.23-P1P2	Mapk13	367	1041	966	1354	1223	1342	1039	1177	862	1112	1289	1101	1643	559	1022	1034	895	928	769	961	868	1038	1199	1102
Dnah8_+_30624404.23-ENSMUST00000170651.1	Dnah8	218	786	517	926	850	912	487	850	669	1386	1367	749	948	133	595	722	656	616	563	592	754	708	882	805
Cst3_+_148875207.23-P1P2	Cst3	371	945	924	1490	1057	1338	932	1204	1053	2123	1358	800	1106	490	990	1058	819	946	814	878	988	952	1201	1177
Vps35_-_85299729.23-P1P2	Vps35	482	1465	1410	1907	1582	1950	1572	1504	1242	2086	2187	1172	1216	2979	1217	1250	1262	1001	1036	1161	1210	900	1465	1157
Cd200r2_+_44867291.23-P1P2	Cd200r2	330	887	634	1126	1003	1031	989	933	638	1807	787	889	1582	706	653	822	716	785	620	750	694	555	998	1033
Tdp2_+_24831721.23-P1P2	Tdp2	521	1148	1289	1686	1841	1611	1329	1443	1141	1913	1498	1674	2244	1744	1163	1431	1123	852	862	1058	1033	1141	1432	1469
Necab1_-_15149029.23-P1P2	Necab1	816	1913	1669	2663	2437	2320	2213	2203	1825	3609	2634	1395	2705	1056	1686	2001	1809	1488	1411	1552	1633	1575	2007	1854
Psmd1_-_86064700.23-P1P2	Psmd1	456	1348	1045	1697	2296	1318	822	861	580	1482	612	1099	1235	759	640	669	537	550	454	484	611	420	685	647
Pon1_+_5193706.23-P1P2	Pon1	576	1694	1155	2374	2035	1890	1608	1873	1351	2302	1868	2294	2918	533	1435	1664	1290	1435	1161	1348	1231	1367	1855	1684
Dbn1_-_55488013.23-P1P2	Dbn1	212	824	705	1302	1108	1024	799	851	839	1415	1451	910	1159	820	770	1015	837	682	564	752	796	757	907	817
non-targeting_00957	non-targeting	452	934	709	1148	1148	1140	1046	1024	819	1713	925	877	1425	693	842	872	770	897	662	838	764	806	1156	964
Kdm1a_+_136602630.23-P1P2	Kdm1a	261	781	686	1165	1008	997	864	888	741	1356	786	279	938	840	744	839	732	709	664	714	782	705	881	1081
Casp9_+_141793852.23-P1P2	Casp9	340	836	598	927	764	1002	775	778	772	1294	1324	1133	715	1567	647	914	644	618	645	629	681	712	953	732
Mtor_-_148448646.23-P1P2	Mtor	327	1000	858	1343	1214	1291	961	1245	904	2100	1276	984	2151	97	891	883	769	764	697	892	878	827	1049	958
Hspa9_+_34954056.23-P1P2	Hspa9	420	782	837	1114	1158	1155	709	875	752	569	1009	1039	1339	605	563	838	584	581	606	676	644	392	810	670
Calm2_+_87447009.23-ENSMUST00000040440.6	Calm2	338	796	584	1075	889	1096	915	892	892	1003	793	1249	1494	208	811	938	684	521	624	660	847	724	1000	1064
Gaa_-_119268142.23-P1P2	Gaa	826	1742	1852	2922	2026	2463	1894	2287	1737	2530	2369	2574	2275	1752	1719	1992	1895	1675	1662	1599	1692	1678	2292	2355
Atp1a1_-_101604527.23-P1P2	Atp1a1	438	1455	1306	2170	1987	1876	1534	1553	1148	1956	1828	1749	2625	1855	1283	1566	1173	1046	1192	1176	1232	1317	1468	1389
Dstyk_-_132417629.23-P1P2	Dstyk	695	1188	1241	1854	1849	1790	1557	1546	1266	1975	1776	2296	1579	2549	1243	1341	1174	1175	1063	1220	1247	997	1300	1255
Cxcl13_+_95957014.23-P1P2	Cxcl13	478	957	983	1398	1638	1276	1084	1237	855	1625	814	1314	1798	1420	865	1125	905	761	726	853	795	887	1216	1027
Ywhag_-_135934544.23-P1P2	Ywhag	559	1078	865	1450	1453	1391	1221	1365	1134	1577	1192	1841	1988	392	1042	1210	1001	918	943	1067	1123	906	1563	1314
Il10_-_131019840.23-P1P2	Il10	315	915	738	1208	1092	1169	1070	1074	854	1474	925	951	1563	1034	872	926	922	828	667	830	919	786	1047	1096
non-targeting_04076	non-targeting	442	966	769	1398	1014	1176	729	1148	871	996	1246	1340	1639	445	837	838	867	715	641	712	884	699	958	1210
Myc_+_61985606.23-P1P2	Myc	400	1143	1205	1519	1342	1361	1217	1401	1034	1441	1575	1318	1823	1849	890	1055	846	790	796	858	876	869	1128	1133
Serpina3a_-_104112931.23-P1P2	Serpina3a	253	592	598	705	720	838	820	859	604	941	876	784	978	839	500	722	507	517	473	511	551	624	804	741
Txnrd1_-_82859277.23-P1P2	Txnrd1	560	1172	1191	1788	2003	1677	1468	1555	1069	2098	1857	1849	1681	1064	1170	1499	1212	1091	1000	1135	1235	1413	1676	1540
Rab10_-_3309744.23-P1P2	Rab10	568	1306	1238	2158	1707	1984	1581	1621	1395	2168	1584	1475	2212	1769	1257	1384	1190	1137	1055	1347	1205	1319	1717	1587
Tat_-_109990460.23-P1P2	Tat	251	888	890	1347	1152	1077	939	1024	1040	1737	1212	831	912	452	921	919	856	764	802	825	863	745	1030	1009
Ube2j2_-_155944249.23-P1P2	Ube2j2	436	602	731	1072	1042	861	921	800	639	1432	1169	1164	933	839	713	787	544	499	603	619	659	620	848	812
Fas_-_34290685.23-P1P2	Fas	432	849	766	1325	1293	1131	1044	1126	857	1486	798	1120	1444	794	780	955	854	763	739	808	848	759	975	1021
Smn1_-_100124896.23-P1P2	Smn1	306	935	829	1472	1178	1179	1089	973	966	1486	1140	868	1162	1631	680	962	793	594	704	979	789	773	901	1031
Reep1_+_71707932.23-P1P2	Reep1	285	860	691	1361	1055	1099	999	1026	758	1241	1134	1281	823	1085	813	721	812	683	727	728	726	701	959	910
Chek2_-_110840005.23-P1P2	Chek2	365	1197	1216	1971	1603	1587	1298	1539	1044	1858	1577	1688	1936	969	1185	1359	1013	1004	983	1094	1142	917	1166	1104
Ndufa4_+_11907383.23-P1P2	Ndufa4	307	936	713	1573	1101	1235	1114	1040	901	1183	912	741	1369	1514	805	1106	845	775	722	878	893	750	918	1124
Ang4_+_51773574.23-P1P2	Ang4	291	1239	952	1187	1283	1201	988	1109	783	1650	838	1075	1534	1350	941	950	924	731	738	900	855	821	1165	1269
Cybb_-_9469045.23-P1P2	Cybb	555	1019	848	1261	1304	1269	1153	1014	942	1309	880	1705	1435	1037	929	940	748	809	758	689	864	767	1004	969
Serpini1_+_75557601.23-P1P2	Serpini1	601	1351	1297	2238	2068	1817	1466	1689	1172	2165	1677	1741	2573	909	1319	1648	1279	1099	1027	1292	1188	1418	1649	1739
Sptlc1_+_53377345.23-P1P2	Sptlc1	407	912	653	1168	1124	1225	1052	1043	886	981	1060	1081	1124	983	683	1041	710	756	647	702	726	796	812	1005
Fdps_-_89101638.23-P1P2	Fdps	377	960	694	1508	1056	1223	1042	798	831	1516	1348	1244	1304	514	845	1015	878	812	703	832	889	686	1128	1064
Nrros_-_32165479.23-P1P2	Nrros	576	888	1246	1453	1736	1499	1287	1544	946	2687	1803	1746	1369	756	1116	1156	818	1007	885	1002	1060	973	1326	1279
Spg7_-_123065532.23-P1P2	Spg7	663	1591	1667	2173	1986	1910	1706	1869	1420	2578	2287	2686	3053	2928	1416	1879	1239	1367	1255	1364	1386	1246	1847	1496
Aars2_+_45506896.23-P1P2	Aars2	407	874	817	1203	1033	1044	780	1177	743	1746	877	1159	1387	408	571	698	548	538	509	541	546	255	440	498
Slc17a7_-_45163939.23-P1P2	Slc17a7	485	1190	938	1751	1750	1530	1196	1243	1204	1085	1120	2224	1751	1055	1027	1264	1106	883	921	978	1045	1144	1317	1303
Tbce_+_14039536.23-P1P2	Tbce	510	1431	1375	1932	1995	1859	1128	1225	1102	2405	1860	1648	1820	1197	919	1287	896	694	776	837	843	649	1160	984
Cdc27_+_104550427.23-P1P2	Cdc27	632	1661	1414	2329	1966	2027	1804	1748	1426	2190	1778	2009	2311	1203	1321	1511	1321	1129	1129	1466	1220	1116	1582	1405
Psmb7_-_38643990.23-P1P2	Psmb7	631	1702	1939	2571	2369	2218	1908	2014	1515	2278	2383	2030	2283	1472	1320	1661	1248	1298	899	1179	1205	913	1475	1368
Clp1_-_84727212.23-P1P2	Clp1	343	909	775	1345	1224	1157	1192	1190	911	2255	938	1233	1165	590	693	834	753	755	651	767	862	818	949	1076
Kat5_-_5609957.23-P1P2	Kat5	430	1199	1046	1483	1271	1242	969	1256	915	1604	838	944	1521	913	847	1058	803	702	809	789	984	865	1096	1216
Gnb4_+_32616495.23-P1P2	Gnb4	597	1295	1204	1708	1866	1672	1371	1521	1165	2385	1290	1611	2581	1804	1206	1342	1060	908	1079	1320	1311	1228	1417	1582
Gapdh_-_125165356.23-P1P2	Gapdh	398	1222	1013	1404	1543	1238	1281	911	953	1579	2120	1820	1137	2088	958	1029	965	863	863	905	823	1020	1309	1242
Cox4i1_-_120668324.23-P1P2	Cox4i1	239	832	638	1379	832	968	607	811	761	1244	1017	1050	996	685	731	743	641	647	613	591	597	538	714	598
Abhd16a_-_35089309.23-P1P2	Abhd16a	539	1113	1176	1621	1361	1138	1072	1067	942	1258	1711	1711	1121	461	938	1060	899	916	744	871	1038	839	935	1101
Serpina1a_+_103863499.23-P1P2	Serpina1a	387	957	1239	1490	1381	1303	1145	1289	1005	1774	1322	1292	2176	520	886	1313	933	817	731	826	942	914	1197	1280
Alb_+_90460960.23-P1P2	Alb	282	839	895	1149	950	949	943	871	689	1027	1050	1154	842	863	532	539	456	447	482	518	512	319	537	559
Tuba1b_-_98934442.23-P1P2	Tuba1b	557	1533	1578	2403	1902	2021	1634	1909	1683	2110	1790	2360	1928	979	1320	1550	1259	1208	1132	1267	1510	1428	1649	1770
Rhoa_+_108306389.23-P1P2	Rhoa	92	381	457	698	342	648	609	549	326	523	396	493	591	725	331	512	340	345	292	340	357	369	560	507
Anxa5_-_36475589.23-P1P2	Anxa5	630	1678	1706	2358	2308	2154	1551	2097	1509	2232	2490	2330	2670	1793	1627	1841	1523	1536	1251	1497	1503	1698	1928	1862
Ppp3cb_+_20546521.23-P1P2	Ppp3cb	576	1807	1326	2709	2256	2291	1947	2242	1666	3013	2304	2820	2656	1265	1570	1648	1509	1516	1420	1500	1721	1538	2190	2055
Anp32a_-_62341377.23-P1P2	Anp32a	422	926	765	1637	1623	1526	1108	1114	846	1423	1462	1640	1510	912	968	1172	1042	828	857	933	1099	1007	1398	1262
Wnt5b_+_119544237.23-P1P2	Wnt5b	469	944	930	1369	1293	1090	1131	1063	920	1279	1326	953	1021	1863	837	1010	845	712	714	760	883	723	1122	1135
Psmd11_-_80428992.23-P1P2	Psmd11	646	1624	1104	1758	1712	1906	1536	1750	1335	2149	2167	2054	2307	2041	1414	1621	1262	1369	1194	1439	1386	1369	1809	1834
Atg5_-_44268589.23-P1P2	Atg5	379	1015	1129	1496	1513	1397	1138	1318	1046	1776	1447	1991	2760	903	1007	1298	1077	932	889	916	898	1078	1360	1353
Ppt2_+_34627385.23-P1P2	Ppt2	342	1088	1039	1301	1436	1353	1062	1168	950	1821	1139	1095	1293	777	823	1163	919	804	823	794	863	878	1118	956
Keap1_-_21239279.23-P1P2	Keap1	312	1362	1318	1681	1399	1553	1282	1370	1321	1667	1830	1877	2085	882	1075	1292	1092	1028	964	1324	1155	1118	1527	1523
Klk6_-_43824553.23-P1P2	Klk6	236	931	850	1198	1285	1089	991	1004	712	1465	1170	1125	1111	442	671	921	767	670	619	603	800	804	772	954
Adam10_+_70679112.23-P1P2	Adam10	304	1156	936	1282	1265	1080	875	1068	788	2023	1242	1496	2145	335	869	1019	745	851	746	740	868	816	1122	1062
Dctn6_+_34108437.23-P1P2	Dctn6	386	1012	1031	1238	1111	1103	979	875	834	1424	1003	650	1223	1027	812	785	550	681	569	686	683	326	655	718
Tbk1_-_121586491.23-P1P2	Tbk1	442	1115	962	1234	1034	1455	1210	1187	1208	1559	1442	1881	1934	895	1100	1145	877	970	891	888	987	1061	1160	1291
Prkcb_-_122289143.23-P1P2	Prkcb	359	1039	991	1598	1744	1426	1228	1264	988	1270	1043	1358	1266	1211	1055	1128	1080	973	953	1026	940	1063	1323	1343
Ampd2_-_108085356.23-P2	Ampd2_P2	251	804	836	1076	1362	994	798	804	831	1008	919	972	772	265	797	888	759	488	601	771	711	827	812	882
Axin1_-_26138759.23-P1P2	Axin1	447	1183	1295	1794	1724	1636	1501	1270	1112	1226	1202	1361	2397	985	1108	1297	983	842	904	1119	1040	1120	1334	1438
Fam168b_+_34842982.23-P1P2	Fam168b	586	1538	1270	2043	1602	1748	1572	1696	1438	1927	1857	1757	2334	979	1187	1654	1268	1142	1066	1145	1279	1232	1682	1652
Slc25a38_+_120114963.23-P2	Slc25a38_P2	251	864	613	1269	1044	997	933	1021	694	1383	1110	1312	944	1227	633	709	579	711	678	640	622	704	938	1056
Cntf_-_12765415.23-P1P2	Cntf	376	1038	661	1369	1328	1222	1091	1069	782	1622	1521	1852	1799	1372	756	934	737	789	824	856	815	856	914	1233
Mmp9_+_164948314.23-P1P2	Mmp9	697	2054	1488	2842	2344	2508	1887	2201	1668	2665	1233	2401	2944	2831	1579	1852	1510	1439	1400	1625	1624	1489	2153	2080
Npc1_-_12236058.23-P1P2	Npc1	583	1512	1370	1981	1888	1821	1635	1661	1264	2132	1266	1686	2584	1580	1145	1440	1107	966	949	1123	1122	566	942	780
Lgi1_+_38265007.23-P1P2	Lgi1	589	1483	1338	2041	1816	1871	1862	1734	1325	2149	1471	2121	2238	1774	1170	1489	1383	1076	1124	1282	1245	1426	1961	1707
Sgk1_-_21994292.23-P1P2	Sgk1	256	876	799	1215	1100	1067	780	1103	697	1671	1052	1480	1078	1073	678	877	771	663	641	626	752	778	960	1097
Il15_-_82403023.23-P1P2	Il15	323	796	834	943	959	920	650	896	641	468	829	827	762	664	671	738	601	636	522	644	597	630	809	827
Decr1_+_15945276.23-P1P2	Decr1	459	1303	1483	1631	1579	1723	1570	1545	1304	1882	1642	2247	1848	795	1174	1631	1266	1079	1062	1261	1238	1230	1733	1636
Crat_-_30415315.23-P1P2	Crat	427	1212	997	1456	1292	1327	1289	1240	816	1407	1544	1422	1907	479	1035	1043	912	812	776	1051	938	1001	1169	970
Upk3b_-_136038724.23-P1P2	Upk3b	213	771	856	1111	1133	1011	860	1011	789	1677	1596	913	1346	690	785	882	769	593	687	696	801	765	935	1017
Mpz_+_171155575.23-P1P2	Mpz	474	1277	1240	1871	1718	1751	1518	1639	1405	2244	2172	1714	2467	1015	1275	1352	1143	1147	1214	1251	1365	1038	1440	1533
Angpt4_+_151911284.23-P1P2	Angpt4	563	1750	1326	2083	1738	1938	1678	1707	1459	2633	2096	1965	1813	443	1330	1619	1202	1126	1010	1208	1379	1443	1754	1775
Gba2_+_43578821.23-P1P2	Gba2	453	1373	791	1822	1234	1414	1188	1333	805	2002	1342	1246	2222	1385	901	1056	894	837	883	994	1014	1005	1243	1418
Atg5_-_44268621.23-P1P2	Atg5	496	1204	1006	1780	1359	1497	1182	1329	1098	2252	1051	1627	2146	513	1059	1201	918	950	834	1140	1197	1121	1281	1312
Slc33a1_+_63964554.23-P1P2	Slc33a1	260	673	526	907	810	819	822	819	777	743	475	997	1004	766	617	690	674	510	442	711	555	708	690	672
Abcb1a_+_8660259.23-P1P2	Abcb1a	214	606	693	1052	795	836	650	842	598	1055	1083	949	1310	945	596	559	581	623	470	592	558	658	721	743
Hnrnpa2b1_-_51469831.23-P1P2	Hnrnpa2b1	469	989	863	1321	1024	1197	953	1200	813	1116	1291	1306	1142	417	778	966	824	763	745	756	808	945	1101	1059
Maf_+_115707816.23-P1P2	Maf	275	531	526	845	702	735	752	828	499	753	415	772	897	86	544	584	488	409	425	517	657	614	562	663
Chp1_-_119547847.23-P1P2	Chp1	649	1789	1578	2751	2475	2338	1770	2123	1517	2278	2370	2668	2194	873	1322	1304	1368	1171	1228	1365	1344	1095	1470	1315
Il18_-_50554946.23-P1P2	Il18	149	489	575	1104	742	900	673	842	518	698	1170	1341	826	1383	563	616	548	576	536	640	685	599	722	870
Tdp1_-_99884556.23-P1P2	Tdp1	401	905	846	1245	1415	1080	983	1120	768	927	864	1147	1081	1016	682	1026	835	786	761	840	704	864	882	995
Chmp2b_-_65562691.23-P1P2	Chmp2b	277	820	764	1029	1138	1027	807	916	611	1376	1016	1282	1184	752	735	878	608	658	580	751	761	731	746	781
Atg12_+_46741527.23-P1P2	Atg12	480	1264	1139	1825	1684	1536	1310	1346	1158	2088	1011	1585	1771	1169	1175	1287	930	912	800	832	1083	1044	1259	1375
Thg1l_+_45955458.23-P1P2	Thg1l	621	1803	1361	2149	2185	1763	1489	1887	1507	2102	1152	2326	1718	645	1409	1294	1218	1252	1179	1274	1242	1064	1470	1407
Mapk3_-_126759884.23-P1P2	Mapk3	545	1844	1267	2325	2050	2106	1942	1602	1501	2864	2350	1890	2321	3376	1571	1842	1540	1192	1386	1374	1406	1369	1664	1584
Znhit3_-_84916259.23-P1P2	Znhit3	372	967	881	1575	1309	1246	1172	1005	965	1350	1077	863	1793	1870	844	973	843	879	747	933	887	308	726	699
Pclo_+_14515022.23-P1P2	Pclo	331	868	749	1041	896	1140	853	1088	903	1369	1203	1511	1521	1408	694	1022	709	816	632	652	722	781	958	1091
Zfyve26_+_79296213.23-P1P2	Zfyve26	791	1641	1577	2255	1732	2362	1910	2065	1287	3703	2332	2239	2485	2113	1518	1781	1331	1292	1197	1308	1441	1098	1207	1326
Exoc2_+_30974049.23-P1P2	Exoc2	439	1706	1649	2602	1530	1844	1527	1795	1258	2605	1556	2068	2092	2167	1176	1469	1280	1223	1142	1254	1274	1122	1419	1338
Adora1_+_134234770.23-P1P2	Adora1	448	1068	772	1164	1145	1265	1083	1200	898	1901	944	1211	1844	698	860	924	883	838	741	931	849	785	1211	1257
Chrna7_+_63212468.23-P1P2	Chrna7	563	1360	1105	1798	1845	1551	1381	1629	1268	2021	1755	1468	1450	762	1252	1202	1142	1030	1021	1134	1055	1127	1445	1400
Mrc1_-_14229420.23-P1P2	Mrc1	565	1319	1158	1582	1498	1803	1474	1745	1172	2183	1426	1898	2413	1040	1072	1331	1205	1227	1006	1052	1206	1179	1631	1685
Tfeb_-_47737146.23-P1P2	Tfeb	266	757	642	1074	826	1055	827	891	693	1396	830	911	738	674	674	847	660	747	588	567	644	662	998	914
Chmp1a_+_123212749.23-P1P2	Chmp1a	503	975	775	1506	1132	1256	901	1092	962	995	1041	1281	1479	766	879	1011	841	773	719	881	784	934	1138	948
Ubap1_-_41349076.23-P1P2	Ubap1	592	1454	1198	1540	1740	1475	1171	1295	942	1117	1396	528	2181	648	803	1067	871	608	704	807	780	764	985	1048
Prdx3_+_60874446.23-P1P2	Prdx3	694	1328	1267	2100	1948	2025	1592	1509	1215	1836	1538	1868	2496	842	1216	1479	1283	1290	1110	1315	1293	1325	1492	1587
Ndufb11_+_20617014.23-P1P2	Ndufb11	702	1620	1367	2176	1912	2075	1604	1892	1397	2863	2386	2098	1887	644	1402	1773	1310	1309	1262	1367	1374	1358	1792	1749
non-targeting_00566	non-targeting	473	1169	968	1678	1382	1656	1341	1328	1090	1573	1408	1573	1381	76	1089	1369	963	983	910	1050	1039	1163	1351	1087
Reep2_+_34840671.23-P1P2	Reep2	469	1135	1096	1562	1263	1397	1094	1026	798	1146	1311	1516	947	1262	892	1054	909	890	839	903	860	836	1016	1173
Ube2l3_-_17201235.23-P1P2	Ube2l3	423	1393	976	1466	1483	1482	1031	1376	1114	1221	1889	1703	1302	784	1136	1367	1098	991	943	943	1080	1063	1370	1450
Aptx_+_40703135.23-P1P2	Aptx	292	566	512	882	683	826	574	664	458	828	700	1063	519	17	601	710	598	529	438	421	500	557	619	788
Hgf_-_16553903.23-P1P2	Hgf	293	1091	936	1641	1262	1281	1170	1085	1062	1953	1183	1807	1964	925	979	1188	910	772	764	888	998	1088	1318	1323
Acbd5_-_23069112.23-P1P2	Acbd5	385	1162	1169	1756	1590	1528	1431	1542	1174	2022	933	1733	1986	1655	1197	1237	1177	1075	960	1086	1197	1196	1436	1543
Cst3_-_148875382.23-P1P2	Cst3	611	1339	1187	1615	1641	1451	1230	1333	1094	2073	2025	1679	1648	394	1073	1238	1134	1032	988	1215	1082	1206	1589	1527
Atm_+_53536602.23-P1P2	Atm	479	1229	999	1699	1587	1764	1368	1844	1071	2072	2075	1596	1586	1565	1176	1356	1090	972	913	949	1059	1162	1470	1371
Atp5h_+_115419853.23-P1P2	Atp5h	629	1468	1106	2149	2081	1748	1520	1678	1360	1856	1846	2125	2188	1629	1225	1466	1133	1042	1159	1247	1233	1379	1625	1681
Epg5_-_77938495.23-P1P2	Epg5	205	689	749	1025	1127	876	800	1002	679	1486	1010	920	522	389	603	673	662	609	545	707	737	773	824	963
Tyrp1_-_80834419.23-P1P2	Tyrp1	384	746	634	1252	1199	1120	902	908	685	1156	913	1037	969	777	848	825	771	727	659	711	720	703	823	961
Gria1_-_57011815.23-P1P2	Gria1	494	1678	1205	2163	1641	1810	1763	1834	1406	2541	1569	1659	2270	1092	1250	1362	1178	1139	1135	1297	1315	1313	1666	1543
Eef2_+_81176724.23-P1	Eef2_P1	412	986	805	1226	1180	733	357	324	306	436	596	385	756	217	256	305	247	173	182	176	226	135	235	236
Cd200_-_45408905.23-P1P2	Cd200	613	1477	1343	2186	2155	2097	1758	1828	1479	2456	2147	2276	2607	1340	1288	1622	1295	1218	1111	1393	1491	1423	1704	1910
Slc25a5_-_36795631.23-P1P2	Slc25a5	485	992	1037	1481	1189	1466	1029	1327	1096	1728	1390	1288	1902	1368	1059	1131	923	934	787	919	953	954	1184	1166
Zfp46_+_136284739.23-P1	Zfp46_P1	333	650	451	850	787	794	740	729	538	673	858	618	1327	499	519	681	494	566	520	637	600	508	660	870
Tppp3_+_105471368.23-P1P2	Tppp3	449	849	643	1198	856	1155	897	969	625	1084	1148	1521	1069	1353	834	754	647	731	628	775	751	906	1078	1035
Eif2ak3_-_70844586.23-P1P2	Eif2ak3	500	1256	1229	1650	1534	1394	1256	1174	1097	1918	949	1824	1982	618	1161	1331	1122	976	854	924	997	925	1354	1327
Padi2_+_140906599.23-P1	Padi2_P1	455	1248	1057	1722	1294	1570	1334	1274	1183	1800	1184	1144	2282	2199	1071	1123	979	893	940	1126	1029	1199	1345	1451
Sirt6_-_81627476.23-P1P2	Sirt6	499	1249	982	1497	1574	1521	1429	1362	957	2182	1833	1814	2246	616	1018	1271	973	951	867	977	1006	1099	1446	1377
Plb1_+_32247510.23-P1P2	Plb1	403	917	970	1205	1290	1242	916	1118	926	1700	1345	1309	821	825	844	1029	824	794	759	831	776	951	1045	1110
Cwf19l1_-_44135775.23-P1P2	Cwf19l1	402	1220	973	1448	1399	1542	1206	1097	957	2054	1309	1448	1336	664	1041	1233	1089	1039	896	1007	966	1053	1347	1363
Cnr1_+_33924982.23-P1P2	Cnr1	609	1704	1323	2325	1932	1840	1277	1439	1352	3274	1963	2331	2056	1943	1472	1532	1293	1388	1140	1258	1252	1337	1763	1662
Htra1_+_130936257.23-P1P2	Htra1	561	1329	1158	2470	1966	1866	1626	1688	1306	1924	1961	2445	2547	1307	1437	1561	1285	1198	1150	1269	1321	1008	1613	1712
Rab7_+_88045209.23-P1P2	Rab7	376	837	972	1401	1178	1155	938	1063	829	1160	1127	1465	1281	686	830	912	865	589	605	720	736	893	974	998
Glo1_-_30612395.23-P1P2	Glo1	734	1527	1465	2316	2081	2124	1747	1625	1618	2997	2428	2386	2841	1128	1408	1863	1344	1464	1215	1491	1581	1537	2059	1812
Map3k11_-_5688764.23-P2	Map3k11_P2	400	1019	902	1232	1199	1297	976	1146	995	1825	914	1330	1687	103	963	1192	974	758	773	834	779	788	1312	1155
Igf1_+_87861319.23-P2	Igf1_P2	422	1223	1179	1808	1681	1527	1326	1652	1195	2952	2047	1921	1526	679	1288	1394	1143	992	965	1148	1145	939	1551	1566
Hmgb1_+_149053025.23-P1	Hmgb1_P1	248	582	692	1018	997	940	783	998	790	1198	1038	1106	719	1171	672	866	636	598	646	684	689	728	739	872
Abhd12_-_150904666.23-P1P2	Abhd12	718	1730	1679	2622	2002	2101	1697	1622	1443	2414	1696	1960	2402	1923	1543	1653	1356	1366	1121	1404	1592	1408	1968	1958
"H2-M10.4_-_36462293.23-ENSMUST00000057502.7,ENSMUST00000169950.1"	H2-M10.4	554	1286	1174	1918	1850	1996	1620	1701	1181	1684	1707	2079	1989	950	1437	1398	1223	1188	1228	1194	1364	1202	1632	1479
Park7_-_150914372.23-P2	Park7_P2	403	1121	982	1539	1264	1252	1105	1303	980	1873	1489	1163	1239	1144	980	1079	884	878	706	817	799	786	1084	1252
Ppp3cc_-_70289425.23-P1P2	Ppp3cc	253	799	690	1052	666	881	898	802	608	1089	1011	1172	1578	766	657	701	699	595	579	718	653	753	767	750
Sema6a_+_47368845.23-P1P2	Sema6a	405	1181	1146	1697	1380	1294	1221	1111	850	1796	1431	1511	1208	800	936	1198	876	818	918	1088	974	784	1200	1289
Hdac1_+_129542322.23-P1P2	Hdac1	358	873	956	1148	1129	1148	979	899	815	1500	1015	1227	1215	831	704	842	697	547	722	643	848	668	1054	1041
Dnm1l_+_16358511.23-P1P2	Dnm1l	575	1335	1223	1631	1738	1678	1276	1471	1132	1946	1428	1222	1626	1583	998	1285	1068	1001	978	1247	1014	922	1208	1135
Glp1r_-_30901826.23-P1P2	Glp1r	520	1249	1262	2165	1614	1791	1501	1567	1328	1575	1390	1808	1467	745	1154	1377	1119	1046	1039	1053	1146	1240	1565	1327
Nedd4_+_72662441.23-P1P2	Nedd4	315	670	622	849	737	798	889	682	563	716	795	929	1411	634	545	508	498	526	477	509	619	572	523	839
Wdr41_+_94976399.23-P1P2	Wdr41	302	478	454	747	1027	784	703	854	499	1071	1162	1153	820	388	542	551	427	444	499	571	481	656	722	598
Peg12_-_62464481.23-P1P2	Peg12	389	1213	1198	1753	1524	1473	1368	1327	1116	2294	1028	1787	2042	1860	1089	1203	1087	853	975	985	1078	1031	1256	1174
Sdha_+_74350144.23-P1P2	Sdha	261	617	737	975	838	954	721	775	437	1327	605	1242	948	366	624	791	527	446	535	584	612	601	774	627
Ins2_-_142679705.23-P1	Ins2_P1	424	1185	937	1499	1645	1454	1246	1513	1107	1981	1303	1698	1818	600	935	1287	963	973	983	1006	1211	1042	1506	1377
Mapk10_+_103211288.23-P1P2	Mapk10	465	1258	1304	1547	1874	1410	1194	1280	996	1420	1588	1683	1449	1014	1070	1372	1012	973	835	899	978	903	1271	1262
Cd200_-_45408925.23-P1P2	Cd200	337	1185	968	1609	1529	1493	1161	1244	889	1635	1295	1368	1490	646	968	1215	947	853	934	886	1098	935	1307	1334
Erbb2_-_98412495.23-P1P2	Erbb2	554	1193	1226	2046	1736	1788	1580	1742	1257	2363	1645	1787	2037	580	1409	1385	1170	1171	972	1303	1281	1142	1673	1596
Sgsm3_-_80977850.23-P1P2	Sgsm3	224	689	647	1126	1039	989	858	736	717	982	1298	1240	1341	217	711	947	685	505	552	643	729	592	837	833
Slc11a2_+_100423038.23-P1	Slc11a2_P1	283	887	951	1298	1214	1293	1234	1206	891	1304	1225	1413	1573	584	879	1068	886	783	777	790	848	904	1184	1218
Dnm1l_+_16358949.23-P1P2	Dnm1l	388	917	1130	1338	1100	1222	851	883	742	1521	1135	1312	1189	63	808	949	733	561	730	915	747	588	954	885
Atf4_+_80255865.23-P1P2	Atf4	463	1155	1043	1461	1515	1370	1400	1327	940	1700	1390	2049	2117	793	1044	1155	875	925	863	901	1043	1040	1307	1165
Pclo_-_14515009.23-P1P2	Pclo	241	796	723	1199	1163	1084	784	922	617	1494	1018	1484	1027	1019	693	780	711	681	623	698	689	799	1073	890
Htra1_+_130936278.23-P1P2	Htra1	536	1257	1167	2044	1884	1799	1411	1601	1065	1972	2229	1751	2545	1392	1306	1477	1167	1076	1046	1255	1280	1263	1527	1488
Gpx6_+_21312559.23-P1P2	Gpx6	589	1391	1210	1775	1937	1889	1818	1526	1241	1340	1483	1544	1920	1639	1248	1462	1319	1137	1039	1428	1191	1235	1572	1640
Atl1_-_69893287.23-P1P2	Atl1	347	524	621	915	660	777	656	815	519	771	702	1168	1280	836	563	633	534	503	457	512	488	550	769	607
Nhlrc1_+_47014772.23-P1P2	Nhlrc1	165	638	454	795	807	798	717	758	512	1037	623	856	1021	627	450	584	484	381	408	511	443	481	668	776
Sema3c_-_17574789.23-P1P2	Sema3c	470	1015	932	1610	1284	1239	1183	1089	858	1292	1235	1515	1494	909	884	1066	910	831	739	981	813	968	1163	1086
Mcoln1_-_3500519.23-P1P2	Mcoln1	277	821	629	1202	1174	968	708	871	633	1129	907	646	1167	560	580	836	672	677	497	512	600	729	668	747
Fshr_-_89200667.23-P1P2	Fshr	448	1140	1281	1785	1522	1530	1349	1510	1159	1728	1889	1777	1506	1743	1112	1396	1064	868	1046	1161	1175	1125	1510	1301
Gch1_+_47189375.23-P1P2	Gch1	257	1147	1074	1739	1388	1442	1133	1244	1097	1882	1821	1556	1675	436	1046	1201	1021	938	908	950	1084	1048	1244	1220
Wnt2b_-_104961629.23-P1P2	Wnt2b	633	2333	1670	1975	2301	2532	1974	2061	1590	2180	2554	2659	3047	2804	1790	2088	1657	1543	1482	1659	1622	1794	2131	2277
Sst_-_23890805.23-P1P2	Sst	524	1385	1224	2023	1975	1545	1782	1508	1273	1645	2084	2031	3279	1369	1395	1662	1108	1045	1095	1286	1202	1157	1591	1422
Igf1_+_87859297.23-P1	Igf1_P1	402	991	771	1471	1184	1266	857	1122	763	697	1209	976	1478	221	888	1068	809	891	808	852	858	872	1108	1032
Wfs1_-_36988929.23-P1P2	Wfs1	439	1045	995	1332	1217	1418	1166	1123	905	1869	986	1293	1574	1503	1053	1181	806	776	767	860	896	972	1328	1300
Pik3cd_-_149698576.23-P1P2	Pik3cd	569	1354	971	1700	1554	1738	1583	1831	1326	2738	1720	2136	1894	702	1275	1386	1257	1090	1015	1071	1178	1207	1621	1691
Atg13_-_91710352.23-P1P2	Atg13	451	1267	1012	1377	1464	1347	1228	1140	885	1155	1732	1413	1477	746	882	1221	864	903	755	1006	949	914	1337	1227
Psmc6_-_45329850.23-P1P2	Psmc6	800	1747	1489	2525	2179	2015	1371	1654	1160	2087	1792	1550	1830	578	1133	1297	1031	800	891	1038	1208	636	1207	1228
Cacna1c_+_118757929.23-ENSMUST00000112825.2	Cacna1c	549	1571	1537	2235	1859	1803	1694	1799	1470	2841	1594	2708	2439	903	1401	1683	1317	1385	1205	1372	1369	1300	1765	1810
Crp_-_172698286.23-P1P2	Crp	287	895	872	1462	891	1175	920	1030	711	1107	1609	918	1242	1524	761	819	706	691	655	709	809	666	1070	947
Slc9a1_-_133369812.23-P1P2	Slc9a1	522	1353	1519	1829	1857	1767	1420	1819	1245	2239	1750	2047	1460	391	1239	1591	1260	1048	1089	1362	1353	1307	1577	1814
Cwf19l1_-_44135805.23-P1P2	Cwf19l1	244	934	947	1649	1304	1447	1195	1279	965	1449	1310	1414	1164	1273	930	1047	789	1063	809	920	955	1055	1065	1207
Fosb_+_19310015.23-P1P2	Fosb	547	1181	1167	1648	1432	1280	1136	1269	887	2957	913	1557	1804	785	966	1154	859	910	922	1013	1045	849	1614	1443
Exosc9_+_36552697.23-P1P2	Exosc9	239	890	756	1147	1515	1164	1068	1145	910	1176	1312	832	885	426	634	706	591	436	518	521	703	370	723	514
Casp12_-_5345686.23-P1P2	Casp12	585	1632	1520	2165	1767	1944	1523	1826	1286	1998	1708	2002	2231	872	1459	1700	1333	1164	1178	1260	1266	1430	1884	1685
Parp1_+_180568970.23-P1P2	Parp1	335	1175	906	1708	1402	1496	1182	1207	967	1632	1379	1538	1771	1350	1038	1094	932	932	833	848	964	913	1136	1344
Tfpi2_+_3968320.23-P1P2	Tfpi2	475	1357	1129	1573	1512	1444	983	1624	1132	1599	1033	1175	1586	1179	880	1186	923	766	838	940	1032	950	1287	1183
Atf6_-_170867721.23-P1P2	Atf6	428	1091	921	1326	1259	1335	1082	1154	811	1409	1054	1203	1623	1418	949	1016	787	838	798	777	876	869	1336	1220
Atr_-_95857728.23-P1P2	Atr	264	669	635	975	674	802	800	755	528	672	600	911	761	673	593	709	484	510	495	536	563	570	681	854
Ap5z1_-_142464076.23-P1P2	Ap5z1	585	1638	1447	2227	1892	2003	1705	1746	1398	2478	2059	1821	2940	1129	1394	1739	1459	1237	1225	1277	1374	1386	1531	1720
Mmp9_+_164948249.23-P1P2	Mmp9	466	1332	1162	1850	1732	1786	1386	1554	1051	2250	1826	1482	2216	878	1231	1387	1241	1245	1105	1155	1375	1233	1628	1457
Fasl_+_161788310.23-P1P2	Fasl	202	591	371	715	663	726	436	750	453	736	602	809	957	1098	521	549	519	497	415	489	413	507	687	613
Uqcr10_+_4704155.23-P1P2	Uqcr10	301	722	429	1050	1007	878	695	849	543	1165	788	1110	552	241	705	635	623	525	560	537	690	443	718	724
Hnrnpa2b1_-_51469774.23-P1P2	Hnrnpa2b1	775	1631	1444	2261	2174	1910	1863	1696	1741	2395	610	2281	2451	2152	1455	1835	1414	1212	1242	1521	1258	1286	1761	2027
Tlr4_+_66827826.23-P1P2	Tlr4	697	1573	1536	1956	1792	2097	1741	1826	1431	2942	2490	2494	1698	2012	1468	1686	1336	1249	1231	1324	1385	1379	1767	1864
Tppp3_-_105471322.23-P1P2	Tppp3	406	1086	679	1451	1151	1131	894	956	919	1785	1092	1317	1363	1065	834	1047	909	801	757	904	991	946	1124	1221
Ube2l6_-_84798926.23-P1P2	Ube2l6	798	1888	1753	2433	2973	2739	2203	2289	1827	2347	2957	2877	3227	2061	1681	1763	1700	1716	1433	1792	1809	1842	2473	2448
Tnfrsf1a_+_125349827.23-P1P2	Tnfrsf1a	355	811	793	1105	1138	1064	910	1162	792	1475	1168	850	1374	379	694	868	713	757	689	787	623	630	939	956
Actr10_-_70937982.23-P1P2	Actr10	340	834	691	1319	1140	1082	842	640	691	1570	1347	1858	1644	319	709	708	726	638	561	650	647	595	696	794
Psma8_-_14706233.23-P1P2	Psma8	488	1654	1416	1841	1859	1779	1654	1497	1286	2558	1477	1526	1420	781	1130	1467	1236	1294	977	1235	1236	1421	1600	1565
Ostm1_-_42678933.23-P1P2	Ostm1	511	1124	1179	1514	1442	1327	1029	1089	764	1471	963	1233	1368	1269	627	604	562	420	518	564	829	301	558	456
Bap1_-_31251538.23-P1P2	Bap1	288	1209	1173	1866	1678	1591	1224	1550	1102	1999	1678	1577	1986	635	1001	1292	1098	989	948	1083	1156	1124	1526	1409
Ap4e1_-_127008768.23-P1P2	Ap4e1	450	1055	964	1117	1293	1343	1120	1196	821	1650	1070	1390	1167	770	847	1000	830	940	700	927	867	1075	1285	1057
Kitl_-_100015866.23-P1P2	Kitl	796	1692	1664	3013	2753	2635	2224	2262	1775	3106	1940	2335	3130	2306	1819	2062	1796	1609	1573	1743	1856	1979	2283	2225
Optn_-_5064022.23-P1P2	Optn	298	748	684	1031	954	1036	683	1098	654	1600	1173	1170	1433	483	706	889	703	749	584	582	747	714	907	858
Cyp2d34_+_82620583.23-P1P2	Cyp2d34	265	794	586	986	686	945	648	794	654	1438	935	771	1329	212	675	680	614	617	546	578	665	676	786	803
Psen2_+_180256206.23-P1	Psen2_P1	389	1024	1072	1582	1142	1395	1060	1118	993	1453	1180	1505	2005	713	918	1262	1022	892	945	1109	1124	1110	1143	1162
Setx_-_29125188.23-P1P2	Setx	545	1157	1106	1747	1506	1508	1209	1376	1127	1622	1593	1829	1504	1716	1037	1366	1048	953	923	1011	1039	1070	1329	1469
Fgf1_+_38918620.23-P1P2	Fgf1	267	550	636	900	715	706	560	530	415	1047	671	666	828	329	582	572	476	384	433	511	496	486	568	754
Mif_+_75860261.23-P1P2	Mif	407	1146	869	1695	1250	1400	1144	964	954	1900	1544	1581	1970	1919	961	1167	873	789	767	953	865	893	1216	1307
Polr3b_-_84622421.23-P1P2	Polr3b	495	1149	939	1436	1363	1001	378	635	351	740	694	470	1066	168	387	489	310	270	292	274	375	301	509	300
Pus1_-_110780562.23-P1P2	Pus1	374	1148	1085	1337	1350	1432	1481	1309	1062	1397	1689	1829	1570	349	932	1090	914	930	787	1126	963	847	1076	1238
Sbf1_+_89315231.23-P1P2	Sbf1	335	583	667	784	972	690	430	618	576	594	566	913	1057	14	590	604	534	415	559	456	545	487	656	723
Cst10_+_149405382.23-P1P2	Cst10	330	1018	893	1249	1065	1138	1047	980	879	1009	1201	1471	1665	759	732	1045	781	772	699	851	899	885	1006	994
Galc_+_98259307.23-P1P2	Galc	301	749	692	1101	929	969	548	950	657	1066	618	1310	918	802	646	751	501	542	463	610	563	485	683	729
Glo1_-_30612411.23-P1P2	Glo1	538	1485	1517	2164	1844	2005	1715	1798	1615	2439	1596	3133	2347	1766	1527	1661	1374	1463	1103	1322	1400	1429	1812	1782
Abca7_-_79996508.23-P1P2	Abca7	260	1087	652	1427	1213	1288	1038	1245	881	1498	1078	975	1328	960	901	932	1049	797	753	883	811	968	1178	1157
Nrbf2_+_67285272.23-P1P2	Nrbf2	600	1416	1264	2367	1671	1880	1905	1647	1318	2263	1681	1461	1967	1584	1254	1515	1345	1155	1087	1173	1293	1223	1522	1677
Ndufv2_+_66101493.23-P1P2	Ndufv2	498	1177	1234	1632	1460	1610	1216	1493	1206	2076	1419	1854	2461	2280	1298	1303	1117	1078	935	1263	1139	1091	1436	1517
Trap1_+_4077784.23-P1P2	Trap1	148	615	420	976	707	751	772	934	535	1206	403	667	1175	338	587	623	499	603	486	497	576	536	753	705
Rb1cc1_+_6214721.23-P1P2	Rb1cc1	326	1141	787	1640	1324	1327	1164	1316	1045	1948	1111	1507	1066	610	821	1043	895	908	860	1048	924	925	1300	1313
Aqp4_+_15403601.23-P1P2	Aqp4	652	1105	1031	2174	1957	1663	1504	1565	1044	2521	1298	1442	1664	1566	1114	1314	1180	1046	1085	1119	1319	1251	1567	1505
Slc25a31_-_40708914.23-P1P2	Slc25a31	392	1150	904	1726	1554	1153	963	1282	1072	1007	1087	1478	1982	1173	859	1106	1086	804	768	786	879	933	1188	1199
Sncb_+_54766298.23-P1P2	Sncb	443	1118	950	1768	1311	1332	1376	1220	1034	2013	990	1571	1647	436	1067	1218	909	1086	903	1117	1169	1158	1415	1287
Atp5o_+_91931518.23-P1P2	Atp5o	610	1340	1020	1636	1897	1601	1264	1519	1196	1645	1981	1742	1956	2196	1176	1360	1018	969	871	1063	1145	935	1120	1404
Gba_-_89203337.23-P1P2	Gba	381	1025	729	1334	1186	1012	1206	1022	835	1964	1434	927	1395	461	809	778	868	696	690	759	661	705	906	929
Sdhc_-_171150547.23-P1P2	Sdhc	441	1282	1135	1880	1795	1831	1729	1519	958	2944	1851	2205	2210	2034	1407	1418	1071	1033	1019	1198	1217	1127	1427	1390
Pik3c3_-_30273108.23-P1P2	Pik3c3	336	1125	1338	1588	1409	1300	760	701	632	1278	1214	1316	920	239	692	632	620	515	476	563	613	316	581	432
Capn1_-_6015145.23-P1P2	Capn1	564	1752	1671	2204	2108	1868	1864	1702	1521	2264	2002	2472	1937	704	1462	1695	1328	1434	1167	1310	1582	1413	1836	2027
Tomm40l_-_171222409.23-P1P2	Tomm40l	444	1274	1075	1616	1743	1518	1337	1405	1057	1403	1384	1320	1648	1422	969	1280	898	825	934	1003	1104	1020	1417	1236
Thy1_-_44043476.23-P1P2	Thy1	464	1688	1750	2317	1808	1909	1787	1865	1664	2034	1909	1859	2253	1232	1244	1558	1325	1400	1218	1442	1355	1420	2041	1902
Cacna1a_+_84415379.23-ENSMUST00000121390.1	Cacna1a	376	1191	969	1594	1475	1598	1109	1309	903	1722	1516	1300	1142	2074	1025	1142	888	793	764	1024	1100	1051	1499	1278
Chp1_+_119547827.23-P1P2	Chp1	460	1046	1087	1539	1469	1443	931	1137	1176	1711	925	1567	1637	926	825	879	855	770	545	780	910	530	874	687
Serpina3j_-_104314851.23-ENSMUST00000109957.2	Serpina3j	683	1345	1370	2121	1339	1861	1538	1844	1360	1809	2063	2689	2518	1305	1378	1497	1169	1116	1121	1252	1284	1300	1509	1523
Mcoln1_+_3500565.23-P1P2	Mcoln1	283	1072	1026	1596	1295	1414	1225	1443	979	2051	1457	1606	1525	1000	986	1236	958	852	872	1080	1055	1027	1286	1225
Sdhd_+_50603597.23-P1P2	Sdhd	433	1081	913	1547	1281	1277	952	1243	970	1961	995	1597	1658	975	926	910	785	806	646	939	920	473	993	860
Tubal3_-_3924718.23-P1P2	Tubal3	196	732	631	887	744	796	722	780	617	926	622	945	816	1195	593	695	527	455	493	489	609	654	752	630
Dnah2_+_69544351.23-ENSMUST00000035539.5	Dnah2	326	1212	992	1459	1300	1449	1408	1257	1069	1128	1137	1022	1486	441	979	1037	951	836	799	960	952	988	1096	1131
Ngfr_+_95587519.23-P1P2	Ngfr	693	1584	1399	2351	2163	2027	1904	1931	1343	2781	2487	2413	3855	1655	1678	1749	1438	1429	1402	1501	1600	1467	1999	2060
Calml3_-_3804271.23-P1P2	Calml3	471	852	748	1030	922	760	784	771	645	1158	941	1098	738	1334	704	805	535	500	621	660	663	580	1082	815
Pi4ka_+_17405853.23-P1P2	Pi4ka	682	1627	1422	2262	2068	2289	2203	1762	1406	2029	2388	2230	3298	1469	1418	1819	1501	1336	1237	1406	1487	1626	2053	1941
Slc52a3_+_151999926.23-P2	Slc52a3_P2	317	941	659	1196	1038	1090	780	952	682	1056	895	1207	1474	163	760	854	694	791	648	676	812	786	1067	933
Cyp27a1_+_74713574.23-P1P2	Cyp27a1	435	1015	978	1496	1257	1314	951	1063	848	1339	1476	1881	2362	683	876	1005	850	822	825	793	1014	810	1275	1309
Igf1_-_87859228.23-P1	Igf1_P1	451	1194	984	1710	1476	1428	1637	1584	1084	1649	1994	1267	2181	1801	1066	1357	1104	1016	868	989	1149	1110	1537	1506
Eif2b1_+_124578999.23-P1P2	Eif2b1	519	1481	1367	1737	1712	1554	1328	1338	1122	1789	1351	1678	1482	1092	1173	1238	1097	832	928	1140	1103	1039	1106	1431
Rtn4_-_29693024.23-P1P2	Rtn4	324	961	1104	1275	1191	1309	1026	1179	1023	803	1001	1395	1989	647	945	1069	836	831	723	819	850	882	1231	1112
Nos2_-_78920867.23-P1P2	Nos2	521	1389	1517	2005	1518	1749	1501	1498	1153	1410	1632	1957	1443	404	1119	1362	1160	1016	1016	1178	1157	1122	1551	1618
Plekhg5_-_152086931.23-P1P2	Plekhg5	625	1552	1313	1884	1644	1863	1718	1621	1408	1889	1908	1813	2452	643	1300	1482	1302	1167	1168	1390	1255	1372	1528	1612
Csf1_+_107760098.23-P1P2	Csf1	211	794	914	1343	1024	1165	1058	998	980	1028	1036	1114	1169	866	827	800	935	775	742	768	839	805	1110	875
Bscl2_+_8840565.23-P1	Bscl2_P1	466	1159	1236	1629	1287	1381	990	1148	738	1457	916	1438	1512	203	813	1149	962	930	815	892	780	1019	1326	1128
Pon3_-_5256227.23-P1P2	Pon3	375	1224	1027	1472	1865	1605	1356	1514	1016	1887	1841	1558	2141	1739	1028	1213	982	790	970	1001	876	1016	1389	1128
Dlst_+_85110891.23-P1P2	Dlst	298	1417	1245	1832	1577	1731	1134	1219	1042	1645	1096	1369	1463	1232	876	1230	928	756	792	985	993	598	860	711
non-targeting_04319	non-targeting	318	1041	777	1450	919	1078	1222	1127	864	1026	918	1458	1128	922	815	1001	728	648	620	835	765	724	976	1048
Psma6_-_55399083.23-P1P2	Psma6	350	962	973	1635	1189	1099	830	1075	744	1099	834	960	1616	1090	666	921	792	620	632	824	750	628	935	804
Fzd9_+_135251223.23-P1P2	Fzd9	401	1151	910	1439	1226	1358	1013	1333	825	1036	1282	1684	1324	737	757	1230	874	696	826	928	818	878	1001	1184
Hspa8_-_40801348.23-P1	Hspa8_P1	489	1076	1167	1915	1547	1571	1219	1382	1030	2002	1198	1900	1778	402	996	1158	1030	892	838	1064	1018	1086	1379	1374
Ucp2_+_100493370.23-P1	Ucp2_P1	508	855	1160	1515	1141	1163	862	1127	900	1283	1504	1691	1360	1333	924	953	887	919	779	940	1028	1087	1064	1262
Fbln5_-_101818813.23-P1P2	Fbln5	367	1077	696	1208	1283	1036	683	964	875	1176	1145	724	692	680	647	890	747	839	755	734	789	790	907	1026
Dpp6_-_27261980.23-P1	Dpp6_P1	398	1186	1103	1544	1280	1483	1345	1301	1122	2243	1731	1885	1917	598	1091	1115	1098	998	885	1051	1127	1013	1379	1261
Ndufa4l2_-_127515016.23-P1P2	Ndufa4l2	216	549	484	753	701	846	632	727	676	739	693	820	1231	812	409	671	537	579	501	484	600	553	665	717
Ubtf_+_102318959.23-P1P2	Ubtf	547	959	1005	1858	1405	1262	959	1148	1011	2042	1382	1332	1803	969	1024	1123	960	910	798	1145	954	1026	1123	1166
Slc11a2_+_100422950.23-P1	Slc11a2_P1	655	1490	1192	2140	1825	1808	1777	1515	1266	1965	1719	1901	2906	1590	1450	1451	1278	1007	1183	1093	1318	1332	1629	1631
Gstm2_+_107986414.23-P1P2	Gstm2	361	1002	938	1337	1447	1066	865	1048	949	1770	841	1474	1130	497	775	936	770	679	709	785	815	937	1047	1156
Mapk11_+_89149444.23-P1P2	Mapk11	341	583	559	1072	794	998	621	812	590	1289	752	1344	1532	901	721	833	570	624	580	600	633	706	803	806
Ndufs7_-_80249509.23-P1P2	Ndufs7	557	1594	1177	1893	1884	1731	1610	1301	1146	1307	1962	1929	1922	1160	1184	1342	1131	889	985	1069	1130	746	1213	1236
Mme_-_63300260.23-P1	Mme_P1	228	562	575	1051	645	761	593	823	637	934	911	1099	951	774	544	728	556	502	520	612	557	519	682	849
Cln3_-_126583330.23-P1P2	Cln3	323	939	814	1464	1235	1250	1107	967	917	1604	785	1621	1706	372	781	971	802	755	668	824	880	636	1016	940
Phpt1_+_25574835.23-P1P2	Phpt1	573	1165	1058	1604	1878	1586	1599	1711	1209	3094	1651	1171	1962	590	1060	1258	1073	988	941	1075	1024	1216	1568	1474
Dnah7c_+_46609359.23-ENSMUST00000178395.1	Dnah7c	347	915	979	1527	1247	1219	1275	1408	972	1888	1054	1711	1637	630	983	973	1028	816	849	1037	959	925	1129	1360
non-targeting_02054	non-targeting	460	1294	883	1640	1396	1346	1241	1341	1002	1730	1641	1342	1718	1228	1106	1113	868	813	985	995	1052	1038	1320	1438
H2-M10.3_-_36368283.23-ENSMUST00000073546.3	H2-M10.3	311	1241	732	1163	1236	1288	1264	1125	923	2018	1358	1564	1444	947	982	1091	948	849	762	872	1121	885	1369	1243
Rho_-_115931934.23-P1P2	Rho	645	1636	1451	2430	2003	1838	1657	1734	1421	2000	1396	2193	1998	388	1386	1685	1297	1229	1246	1316	1382	1275	1756	1677
Cfdp1_-_111854293.23-P1P2	Cfdp1	411	1251	1391	2457	2368	1830	910	1485	1094	1490	1066	1446	1711	1624	956	844	691	728	613	837	879	612	904	791
Gstm3_-_107969136.23-P1P2	Gstm3	404	1385	1186	1881	1741	1654	1368	1406	1220	1728	1302	1955	2104	802	1174	1412	969	1024	949	974	1185	1027	1512	1365
Dst_+_34011590.23-P1P2	Dst	871	2294	1999	3093	2907	2724	2319	2549	2219	2742	2791	3092	3616	2876	2084	2263	1914	1833	1763	2004	2162	1892	2466	2500
Uchl1_+_66676254.23-P1P2	Uchl1	633	1493	1526	2075	1961	2231	1990	1789	1549	2997	1708	2066	3237	1161	1355	1614	1372	1300	1176	1504	1505	1300	1733	1933
Casp7_-_56397275.23-P1P2	Casp7	332	1026	1182	1831	1382	1303	1196	1115	888	1713	1275	1234	2190	657	938	1085	1068	816	882	1016	937	978	1236	1255
Ngfr_-_95587681.23-P1P2	Ngfr	618	1470	1953	2547	1970	1954	1946	1830	1530	2815	1722	2431	2346	785	1599	1814	1426	1270	1271	1564	1341	1320	1765	1885
Cacna1s_-_136052833.23-P1P2	Cacna1s	310	920	807	1348	1340	1213	1222	1038	810	987	1237	1504	1494	1118	797	935	656	794	663	845	749	763	969	1091
Sema3c_+_17574803.23-P1P2	Sema3c	480	1161	1061	1676	1554	1435	1358	1116	1138	1742	1664	1220	1939	1802	1125	1139	997	1080	880	994	973	1113	1396	1347
Grin2a_+_9995028.23-P1P2	Grin2a	404	1262	1286	1745	1775	1651	1597	1762	1280	1429	1511	1958	1946	2008	1087	1462	1138	926	882	1157	1104	1249	1570	1535
Gemin4_-_76243639.23-P2	Gemin4_P2	420	1059	819	1319	1057	1183	988	831	705	1320	1190	1174	959	803	929	868	691	703	626	633	816	1003	937	1094
Ndrg2_+_51913334.23-P1P2	Ndrg2	330	1152	941	1597	1191	1297	1075	1221	728	1036	1283	1470	1718	2189	928	1217	868	837	761	906	996	998	1075	1023
Pparg_+_115361484.23-P1P2	Pparg	340	1037	798	1504	1105	1105	1259	976	883	1291	1465	1147	1531	865	820	1096	763	703	712	789	841	929	914	950
Ppif_+_25694214.23-P1P2	Ppif	317	1190	921	1289	1208	1432	1015	1239	921	1883	1367	1665	1638	566	1094	1041	1073	825	827	953	966	945	1311	1436
Psmd7_-_107588348.23-P1P2	Psmd7	511	1366	1134	1928	1581	1693	1682	1471	1144	1821	1352	1797	1282	1702	1216	1313	1132	945	1029	1160	1119	1107	1430	1482
Vrk1_+_106010338.23-P1P2	Vrk1	377	1268	1307	1926	1690	1758	1220	1494	1321	2081	1720	1980	2249	1465	1064	1262	1118	1135	1123	1191	981	1130	1418	1516
Grin2a_+_9995035.23-P1P2	Grin2a	277	1147	1073	1293	1075	1379	923	1110	911	1697	1204	1355	1312	2042	864	1109	950	877	732	752	854	977	1099	1045
Ang4_-_51773247.23-P1P2	Ang4	281	752	674	912	1142	931	708	921	769	1534	733	1088	1295	592	779	784	664	596	597	718	696	591	1104	928
Ndufb7_-_83566824.23-P1P2	Ndufb7	209	664	571	929	740	823	678	836	658	1455	728	670	1038	963	597	708	540	460	519	516	720	560	670	709
Tubb4b_+_25224926.23-P1P2	Tubb4b	160	479	313	694	398	644	474	598	408	490	795	866	264	98	432	552	416	380	330	381	387	311	509	530
Ern1_-_106487794.23-P1P2	Ern1	565	1193	1230	1491	1330	1523	1294	1403	1005	1962	1151	1460	2380	612	1057	1306	929	982	889	1058	976	969	1370	1386
Echs1_-_140116395.23-P1P2	Echs1	379	1332	1330	1965	1377	1501	1326	1551	1106	1312	1417	2015	1582	623	1328	1284	1072	942	1036	1213	1240	1345	1349	1442
Nbn_-_15958078.23-P1P2	Nbn	690	1359	1190	1963	1642	1755	1609	1724	1238	2497	2135	1554	1915	1486	1256	1466	1115	1110	1035	1221	1330	1215	1760	1662
Tsen2_+_115544743.23-P1P2	Tsen2	133	523	357	632	753	522	263	413	205	623	347	407	302	7	239	272	233	187	195	254	275	178	215	236
Vim_+_13574315.23-P1P2	Vim	213	825	768	941	1182	990	773	803	784	1840	903	1208	1085	373	763	754	674	626	579	606	649	700	928	876
Bak1_-_27028514.23-P1P2	Bak1	217	760	701	904	680	860	735	743	541	1429	843	654	807	636	643	668	482	524	499	539	570	542	761	646
non-targeting_03156	non-targeting	299	840	823	1126	1275	1084	1008	1129	802	1605	1015	1188	1720	1031	844	887	624	825	654	776	894	641	878	895
Canx_+_50325584.23-P1P2	Canx	459	1879	1342	2346	2182	2221	1734	2008	1447	2755	2346	2248	2327	1481	1475	1634	1508	1433	1247	1495	1462	1472	1968	1956
Spg7_+_123065839.23-P1P2	Spg7	389	868	767	1013	737	926	968	886	627	1208	1146	1150	1309	699	692	701	608	698	614	618	717	718	1078	904
Mapk13_+_28769392.23-P1P2	Mapk13	252	670	741	910	849	859	668	699	558	1110	786	635	969	997	623	738	575	503	513	613	627	594	847	577
Gria1_-_57011826.23-P1P2	Gria1	560	1492	1373	2345	1844	1932	1882	1988	1398	2801	1726	1733	2219	900	1311	1669	1374	1260	1219	1364	1497	1521	1794	1675
Cnp_+_100574987.23-P1P2	Cnp	228	789	828	1349	1024	1139	836	875	636	355	881	1533	435	528	748	775	678	610	572	763	647	730	907	900
Pik3r5_+_68432172.23-P1P2	Pik3r5	106	782	581	938	587	806	741	764	579	792	543	787	1266	1147	605	655	603	591	501	609	585	609	766	860
Wnt7b_-_85577814.23-P2	Wnt7b_P2	452	914	973	1523	1150	1074	871	999	986	622	358	831	580	880	917	974	934	746	705	905	846	877	1080	1247
Atr_+_95857709.23-P1P2	Atr	478	1352	1393	2274	1876	1673	1797	2099	1208	1765	1956	1973	2225	1620	1241	1476	1217	1012	1164	1140	1238	1303	1645	1518
Cox5a_-_57521287.23-P1P2	Cox5a	497	1081	1176	1587	1296	1605	1163	1390	1147	1199	1660	1114	1336	608	818	931	851	860	713	853	802	283	587	442
Psma2_+_14613471.23-P1P2	Psma2	273	1045	1216	1769	1595	1657	1084	1346	1151	1782	1438	1531	2482	239	1042	1262	826	1049	917	1001	949	1030	1442	1294
Fzd7_+_59482136.23-P1P2	Fzd7	333	1269	1102	1405	1274	1314	1082	1233	833	1937	1297	1192	1528	787	1068	1128	834	971	877	1048	915	874	1242	1237
Eif4g2_-_111081551.23-P2	Eif4g2_P2	395	810	661	888	770	965	652	865	884	844	802	1004	1084	746	686	773	631	580	541	669	733	685	800	826
Psmd4_-_95042368.23-P1P2	Psmd4	222	799	616	1019	1114	1043	846	868	604	1147	1060	1322	1014	316	658	852	586	610	575	651	656	660	789	1103
Bcl10_+_145924346.23-P1P2	Bcl10	390	951	773	1426	1751	1371	1154	1514	901	1516	1214	2142	1339	1498	1034	1197	969	831	788	869	997	924	1337	1357
Tmem230_-_132247773.23-P1P2	Tmem230	299	607	623	981	831	938	973	709	577	1033	984	629	1626	729	748	850	680	728	494	724	803	654	854	901
Map2_+_66175358.23-P1	Map2_P1	343	930	629	1246	804	969	729	780	727	685	517	518	1025	243	580	757	622	649	524	607	605	684	875	919
Cnr2_-_135895531.23-P1	Cnr2_P1	230	635	687	963	1105	928	930	814	646	1072	825	1185	1100	680	627	769	559	598	586	618	628	499	887	741
Psmd14_+_61712065.23-P1P2	Psmd14	513	1834	1722	2050	2036	1777	1601	1650	1217	2461	2357	1888	1853	1333	1263	1362	1078	1151	1195	1192	1236	1023	1581	1536
Csnk2a1_-_152226588.23-P1P2	Csnk2a1	393	1262	830	1740	1438	1435	1003	1412	1022	1401	1655	1342	2127	794	1025	1093	1001	976	762	861	1073	974	1268	1276
Zfp78_-_6363363.23-P1P2	Zfp78	315	775	678	1136	1018	925	822	943	760	1020	751	592	1072	277	644	812	649	541	525	599	647	787	782	947
Eef2_+_81176665.23-P1	Eef2_P1	434	874	825	1106	819	683	526	746	337	948	524	819	531	160	405	370	262	240	204	315	380	217	480	331
Ftl1_+_45458985.23-P1P2	Ftl1	272	864	602	894	1157	1098	775	920	723	1400	1037	1181	1410	720	756	851	685	614	604	594	594	630	834	875
Tardbp_+_148626742.23-P1P2	Tardbp	643	1414	1206	1756	1386	1868	1371	1321	1154	1570	1759	1850	2399	849	1187	1463	1238	1086	1039	1184	1259	1304	1502	1505
Ap4b1_+_103809892.23-P1P2	Ap4b1	489	1019	1110	2088	1823	1542	1343	1492	1059	1555	1919	1250	2178	964	1132	1253	1029	942	1018	1189	1032	1087	1475	1354
Pqbp1_-_7899180.23-P1P2	Pqbp1	97	417	475	592	542	566	365	564	425	811	642	597	244	545	426	573	400	267	379	316	398	282	419	631
Hsf1_+_76477430.23-P1P2	Hsf1	838	2016	1774	2482	2329	2356	2143	1961	1477	2869	2488	2184	2439	1726	1357	1455	1319	1186	1294	1440	1450	709	1416	1192
Axin2_+_108921045.23-P1P2	Axin2	224	649	598	739	833	826	560	647	501	1138	546	326	976	527	494	661	541	454	432	548	534	532	580	614
Sdhb_-_140961396.23-P1P2	Sdhb	867	1734	1377	2081	1945	1958	1828	2015	1433	3023	2102	2328	2132	2152	1332	1517	1443	1235	1285	1549	1541	1564	1792	1928
Braf_-_39725321.23-P1P2	Braf	258	1026	818	1377	1408	1114	992	1223	790	1420	1100	1400	1189	791	972	982	791	766	756	796	872	1298	1179	1174
Atl1_-_69893294.23-P1P2	Atl1	283	620	630	898	976	1134	744	1120	668	1171	688	892	939	764	650	648	723	637	613	535	717	626	940	878
Hdac1_+_129542673.23-P1P2	Hdac1	341	1028	734	1523	1267	1132	1011	1057	814	1523	998	1481	1503	515	888	874	721	726	669	764	832	812	1084	1176
Elavl1_+_4325058.23-P1P2	Elavl1	698	1379	1333	2354	1898	1864	1609	1794	1227	1844	1479	2169	2174	1018	1239	1407	1278	1097	1123	1197	1225	1328	1664	1808
Hspa8_-_40802397.23-P2	Hspa8_P2	489	1381	1187	1976	1815	1952	1468	1620	1183	2663	1783	1924	2097	2629	1090	1567	1139	1018	934	1248	1150	1172	1483	1539
Vcp_+_43000049.23-P1P2	Vcp	445	1407	1210	1943	1514	1655	1120	1293	1040	1394	1554	1365	1320	508	959	1006	922	754	767	872	796	668	931	988
Mthfr_-_148041173.23-P2	Mthfr_P2	370	980	922	1515	1407	1337	1383	1146	1138	1802	926	1846	1557	934	983	1141	852	908	776	866	1007	975	1464	1232
Tsen2_-_115544950.23-P1P2	Tsen2	617	1244	1272	1912	1775	1294	1069	925	796	1202	1856	1600	1871	1334	647	719	641	509	534	638	654	511	672	548
Snap25_+_136713495.23-P1P2	Snap25	330	900	878	1152	1073	1125	938	871	766	1405	1055	701	987	1485	617	806	605	680	551	680	604	529	815	710
P2rx7_-_122643939.23-P1P2	P2rx7	590	1292	1202	1733	1568	1476	1504	1353	1117	1908	1279	1501	1712	1192	1246	1186	996	981	939	1209	1042	1014	1414	1152
Gabarapl1_+_129533220.23-P1P2	Gabarapl1	139	482	287	515	506	592	556	621	503	1104	614	499	895	262	449	488	367	339	358	361	401	328	556	568
Map3k11_-_5689844.23-P1	Map3k11_P1	467	1115	1046	1679	1870	1421	1181	1442	1158	2016	1341	1364	2014	808	936	1276	957	968	825	931	1000	978	1248	1265
Tat_-_109990481.23-P1P2	Tat	326	905	1103	1035	901	1038	824	723	693	1026	593	1205	1210	432	700	882	746	637	559	654	714	695	1003	965
Pmp22_+_63133149.23-P2	Pmp22_P2	481	1082	1334	2002	2070	1912	1474	1942	1491	1499	2051	1916	1349	1111	1317	1574	1292	1255	1136	1389	1542	1382	1801	1751
Eif4g2_-_111081554.23-P2	Eif4g2_P2	363	755	852	1476	1033	1069	1040	1058	735	1343	1126	1525	1463	896	825	878	860	795	783	789	744	694	863	1081
Epha4_+_77515027.23-P1P2	Epha4	202	621	686	1012	878	861	516	769	574	1240	818	1018	946	189	565	574	525	579	554	649	721	688	864	917
Morc2a_-_3649304.23-P1P2	Morc2a	365	924	638	1310	1240	1144	1005	1060	875	1277	1280	1233	1651	1052	793	969	782	763	823	873	848	755	1125	1061
Uchl3_-_101654052.23-P1P2	Uchl3	316	865	1055	1230	1128	1206	1209	1143	851	1149	1146	1084	1749	257	1024	929	871	789	775	923	782	917	1153	1151
Prickle2_+_92481372.23-P2	Prickle2_P2	891	2195	1773	2867	2604	2692	2034	2381	1853	3408	2295	1760	2788	1558	1657	2057	1697	1449	1410	1591	1720	2011	2218	2207
Psmc2_+_21785319.23-P1	Psmc2_P1	423	1072	1022	1464	1684	1535	1333	1414	840	2017	1417	1686	862	668	1047	1285	974	948	832	1047	1031	1125	1214	1294
Ndufs1_+_63176612.23-P1P2	Ndufs1	280	1127	1035	1439	928	1192	1219	894	956	910	1620	1648	1859	689	800	1012	928	833	806	832	839	928	1122	1322
Inf2_+_112604159.23-P2	Inf2_P2	211	636	527	1017	1004	890	661	637	666	858	732	658	1259	28	547	732	542	631	533	612	624	618	670	832
Cyld_-_88697111.23-P1P2	Cyld	387	964	825	1325	1374	1254	1049	1020	1113	2416	1552	1619	1794	570	812	1049	858	842	745	950	912	914	1150	1147
Htra1_+_130936371.23-P1P2	Htra1	372	851	935	1207	1017	1121	907	916	759	1914	957	705	1531	922	747	1017	842	737	673	804	761	812	1023	973
Psmd11_+_80428690.23-P1P2	Psmd11	249	1012	773	1258	1092	1026	764	676	477	916	1104	735	1251	229	685	796	583	633	530	670	594	653	873	711
Ogg1_+_113327198.23-P1P2	Ogg1	542	1495	1304	2147	2075	1876	1616	1646	1549	1812	1342	1867	2283	1356	1325	1670	1181	1172	1180	1228	1199	1428	1881	1901
Pin1rt1_-_104716122.23-ENSMUST00000099659.2	Pin1rt1	740	1690	1391	2370	1984	1877	1728	1742	1236	2688	1815	2192	1808	890	1546	1587	1337	1361	1164	1373	1327	1270	1946	1977
Gnb4_+_32616433.23-P1P2	Gnb4	647	963	1133	1810	1445	1535	1367	1221	1191	2248	2183	1703	1937	848	1155	1337	1053	1185	951	1147	1268	1170	1515	1541
Anxa1_+_20390291.23-P1P2	Anxa1	322	1063	931	1211	1073	1312	1063	1213	857	1531	1080	1304	1625	1019	873	1069	889	798	787	800	828	795	1052	1088
Ctsf_-_4855465.23-P1P2	Ctsf	313	1040	772	1240	1111	1235	1035	1091	1013	1509	528	910	637	398	877	908	750	758	613	901	813	711	987	922
Nrtn_-_56757433.23-P1P2	Nrtn	326	629	804	1095	749	900	835	750	619	1142	841	1186	1149	633	630	758	685	591	463	636	659	694	856	774
Rars2_-_34615010.23-P1P2	Rars2	656	1569	1344	2158	1967	1796	1412	1736	1355	1891	1808	1913	2064	429	1133	1264	1043	941	941	886	1086	676	1066	987
Cadm3_-_173367602.23-P1P2	Cadm3	468	1054	1166	1422	1173	1378	1118	1285	990	1563	1195	1563	2003	1042	969	1092	909	846	758	858	961	1047	1282	1368
Irs1_+_82290887.23-P1P2	Irs1	480	1212	996	1506	1642	1337	1206	1234	1038	1716	1388	1184	1980	955	1025	1258	1001	876	921	972	1003	1110	1401	1242
Gemin4_-_76217491.23-P1	Gemin4_P1	244	766	750	1023	974	956	760	962	811	1243	980	825	1288	597	618	817	646	555	546	604	685	324	583	445
Vps53_+_76179599.23-P1P2	Vps53	370	819	872	1443	1358	901	582	530	603	1115	783	1057	1434	865	548	475	396	385	321	442	410	346	298	409
Atp2a2_-_122502185.23-P1P2	Atp2a2	579	1546	1383	2363	2075	2216	1744	2093	1190	1645	1927	1751	2310	1920	1449	1673	1460	1090	1130	1390	1387	1441	1532	2001
Ube2l3_-_17201132.23-P1P2	Ube2l3	461	1254	786	1601	1082	1267	1170	945	752	1306	1378	1462	1448	568	754	1147	863	866	740	903	886	762	1150	1036
Wnt6_+_74771965.23-P1P2	Wnt6	474	1136	959	1349	945	1321	1048	1009	854	1315	920	1309	1857	1544	857	983	897	742	793	783	702	947	1156	1189
Xpnpep1_-_53038577.23-P1P2	Xpnpep1	248	784	841	1200	948	1035	869	842	657	1303	1233	1205	1580	789	741	835	675	545	634	662	790	779	851	974
"H2-M10.4_-_36462271.23-ENSMUST00000057502.7,ENSMUST00000169950.1"	H2-M10.4	453	1126	1167	1547	1697	1627	1160	1560	1241	2700	1322	1503	2028	1333	980	1090	905	1073	865	948	1035	973	1416	1402
Cox5b_+_36691787.23-P1P2	Cox5b	451	1102	879	1390	1505	1483	1107	1116	933	1966	842	1540	1266	759	961	1199	1057	824	773	960	982	772	1035	879
Ndufb2_-_39592635.23-P1P2	Ndufb2	578	1441	869	1554	1552	1483	1330	1194	961	2555	1478	1311	1791	1130	878	1322	962	882	932	1000	829	971	1095	1277
Atp5d_+_80142460.23-P1P2	Atp5d	378	1302	1088	1733	1633	1429	1027	1092	1114	1729	1427	1464	1844	852	873	1078	872	782	847	885	930	532	817	744
Map2k5_-_63377845.23-P1P2	Map2k5	568	1631	1151	1900	1695	1892	1325	1462	1344	2022	2258	1784	1868	930	1267	1554	1258	1073	1128	1244	1282	1338	1648	1844
Psmb7_-_38643874.23-P1P2	Psmb7	152	842	580	1129	860	840	650	906	619	1452	788	964	1167	299	508	761	531	388	589	552	584	661	694	783
Prx_-_27507885.23-P2	Prx_P2	511	1182	965	1472	1430	1340	1287	1303	1033	2089	1082	1656	1852	912	1031	1126	942	940	813	1009	1070	1018	1071	1215
Bax_+_45466748.23-P1P2	Bax	602	1514	1384	1816	1584	1939	1412	1596	1164	2026	1719	2161	2637	1361	1150	1466	1360	1221	1218	1363	1329	1270	1647	1776
Msx2_+_53472721.23-P1P2	Msx2	407	873	794	1297	1054	1158	819	988	685	546	1457	1095	1106	1072	792	874	767	746	716	780	827	970	1059	1026
Cant1_+_118418918.23-P1P2	Cant1	348	898	882	1337	1243	1367	952	1057	862	1818	1015	1075	1735	968	909	1038	909	911	784	913	865	829	999	1169
Grm5_+_87584390.23-P1P2	Grm5	170	492	480	533	468	517	417	356	271	403	384	603	332	114	235	395	275	249	237	306	322	203	272	342
Sigmar1_+_41741086.23-P1P2	Sigmar1	345	826	936	1266	989	1290	998	1282	790	1379	606	505	1472	909	850	999	709	631	648	828	757	926	1101	1006
Sgcg_-_61258404.23-P1P2	Sgcg	239	709	663	996	848	865	776	906	666	1287	840	1056	1197	547	549	744	762	727	536	579	693	595	912	766
Rb1_+_73325721.23-P1P2	Rb1	464	1268	1113	1533	1265	1515	1176	1451	1210	2066	1524	2174	1854	1418	1008	1424	998	813	899	977	1133	976	1461	1350
Pnp2_-_50956209.23-P1P2	Pnp2	755	1514	1399	2487	1914	2051	1592	2060	1550	2840	2250	1824	2517	1375	1601	1844	1503	1345	1268	1447	1606	1417	2016	2061
Emilin1_-_30913718.23-P1P2	Emilin1	641	1177	1393	1955	1320	1806	1280	1452	1082	2176	1554	1510	1481	1037	1347	1340	1079	1068	1041	1088	1146	1292	1730	1558
Fbxo38_+_62548628.23-P1P2	Fbxo38	633	1104	1141	1715	1860	1521	1273	1596	1009	2056	1867	1817	1505	87	1066	1310	1044	851	956	1220	1225	1095	1434	1471
Exosc1_-_41933005.23-P1P2	Exosc1	275	761	557	1017	774	987	675	831	728	819	978	789	2018	218	630	766	654	431	550	633	727	394	592	683
Cdca5_-_6085140.23-P1P2	Cdca5	309	895	693	1473	1267	1182	1017	1006	751	1745	1118	1368	1887	1085	878	1104	908	897	771	781	1019	807	1173	1048
Smcr8_-_60777598.23-P1P2	Smcr8	541	1393	1038	1622	1956	1740	1742	1666	1161	2007	1715	1827	2226	2182	1397	1522	1227	1154	1047	1157	1264	1059	1394	1406
Ucp2_-_100498197.23-P2	Ucp2_P2	560	1259	1206	1866	1624	1682	1456	1499	1289	1752	1768	1398	1965	1506	1129	1376	1233	1086	1015	1076	1159	1108	1627	1519
Pdk3_-_93832137.23-P1P2	Pdk3	443	1212	1285	1859	1575	1773	1588	1597	1134	2327	1408	1781	1816	434	1057	1262	1285	1017	1014	1136	1163	1197	1457	1511
Abl1_+_31688585.23-P1P2	Abl1	329	1113	813	1571	1190	1260	949	1241	799	1265	1032	1503	2291	990	930	1092	742	760	780	790	790	958	1099	1277
Mpg_-_32226727.23-P1P2	Mpg	612	1904	1700	2356	2570	2530	1853	2316	1755	3762	1827	2680	2596	1045	1737	1818	1715	1488	1503	1653	1783	1551	1945	2047
Pnpla6_-_3515442.23-P1	Pnpla6_P1	648	1506	1764	2345	2411	2139	1706	1660	1466	2636	2021	2207	2693	1189	1488	1632	1567	1273	1332	1490	1619	1653	1877	1839
Dnah7a_-_53706758.23-P1P2	Dnah7a	641	1204	958	1846	1444	1612	1549	1369	1068	1849	1641	1815	2203	348	1204	1367	949	1180	977	1224	1191	1201	1394	1646
Ptges_+_30903204.23-P1	Ptges_P1	314	1029	967	1203	1338	1228	898	1195	850	1373	1327	1160	1322	2322	770	1012	784	781	707	929	758	841	1088	1039
Pin1_-_20652171.23-P1P2	Pin1	290	935	985	1466	1403	1194	987	950	947	1046	1271	928	1640	922	952	1048	838	757	684	781	909	896	1103	1090
Uba7_-_107975569.23-P1	Uba7_P1	441	1063	682	1278	1545	1282	837	1043	844	1367	1871	1331	923	978	1021	896	832	704	736	844	761	889	1004	1240
Tnr_+_159737586.23-ENSMUST00000111669.3	Tnr	589	1714	1329	2096	2299	1896	1567	1674	1304	2059	1480	1507	1943	1726	1363	1581	1317	1255	1123	1183	1470	1296	1538	1670
Tango2_+_18343828.23-P1P2	Tango2	295	1042	672	1322	1188	1114	1067	867	875	2192	848	1534	1750	984	869	1173	909	771	754	829	968	820	1143	1147
Junb_+_84978625.23-P1P2	Junb	731	1639	1340	2606	2454	2073	1712	2299	1398	2840	1752	2385	2971	2195	1471	1678	1459	1411	1297	1474	1644	1292	1918	2130
Serpina1b_-_103827828.23-P1P2	Serpina1b	335	1237	1096	1445	1643	1323	1027	1124	1091	1733	980	1583	2055	1533	1025	984	829	843	786	1040	924	1091	1311	1181
Thy1_-_44043455.23-P1P2	Thy1	372	1329	1155	2006	1557	1785	1655	1459	1154	1990	1749	2102	2210	1007	1131	1357	1095	1045	1072	1076	1288	1389	1593	1716
Gabpa_+_84835449.23-P1P2	Gabpa	465	1166	1112	1838	1364	1345	1151	1029	867	1658	1307	1607	1782	1489	818	1022	897	735	874	911	967	887	1073	1401
Wnt5a_+_28505803.23-P1	Wnt5a_P1	428	1236	921	1504	1711	1513	1315	1473	912	2382	1777	1680	2145	1094	953	1225	1025	923	906	1160	1214	893	1296	1320
Chrm3_+_9878919.23-ENSMUST00000063093.9	Chrm3	446	1151	1073	1455	1831	1616	1495	1518	1080	1412	1441	1543	1591	1129	1212	1389	1122	898	999	1148	989	824	1219	971
Cst10_-_149405368.23-P1P2	Cst10	400	1322	895	1381	1432	1486	1343	1519	931	1792	1405	1491	2334	1552	1030	1196	853	906	780	842	812	832	1252	1093
Psmd9_-_123228332.23-P1P2	Psmd9	600	1277	1100	1985	1504	1709	1333	1588	1425	2662	1508	1935	1881	849	1336	1569	1084	1161	953	1188	1279	1384	1674	1410
Ywhaq_+_21417569.23-P1P2	Ywhaq	274	883	896	1132	904	1037	999	1153	820	1004	718	1156	1148	222	701	1011	734	789	601	643	907	853	899	894
Uqcrh_+_116074767.23-P1P2	Uqcrh	449	1137	1094	1221	1192	1621	1226	1478	1122	1591	1724	2072	2012	696	1012	1260	1039	858	842	912	978	1039	1308	1368
Nox1_-_134111725.23-P1P2	Nox1	90	552	389	676	773	663	478	761	523	542	680	1057	332	461	608	565	520	494	416	543	538	485	645	485
Epha4_+_77515037.23-P1P2	Epha4	654	1228	1612	2272	1905	1698	1780	1623	1356	2628	2170	1564	2135	421	1195	1573	1321	1173	1175	1268	1236	1202	1557	1715
Ap4m1_-_138172144.23-P1P2	Ap4m1	328	874	685	1077	839	1104	940	1070	677	1472	1110	1259	1521	455	724	884	780	614	654	757	876	654	1015	910
Cav1_-_17306495.23-P2	Cav1_P2	250	700	650	1006	687	1007	889	1029	769	1184	886	1080	1322	1016	718	868	758	637	648	615	646	770	916	854
Pin1rt1_-_104716149.23-ENSMUST00000099659.2	Pin1rt1	567	1330	1439	1555	1496	1574	1460	1540	1139	1790	2044	1526	1641	526	1170	1488	1175	1011	892	1047	1172	1037	1457	1596
Atrx_-_105929086.23-P1P2	Atrx	518	1152	1114	1835	1392	1282	1311	1153	981	1944	1433	1044	1808	1565	883	1032	877	899	980	963	928	783	1107	1349
Mog_+_37023254.23-P1P2	Mog	572	1079	1009	1465	1448	1348	1388	1297	1016	1864	1341	1731	2053	1991	1058	1141	945	867	903	935	1060	923	1284	1296
Pqbp1_-_7899027.23-P1P2	Pqbp1	436	631	751	1100	801	929	748	1002	673	874	765	1029	1096	385	565	759	621	621	527	638	641	716	789	902
Pmpcb_-_21737183.23-P1P2	Pmpcb	358	573	497	932	914	717	514	607	495	498	479	642	844	422	430	525	428	424	378	433	553	364	507	497
Cwf19l1_+_44135626.23-P1P2	Cwf19l1	484	1425	1254	1813	1661	1755	1493	1602	1164	1867	1918	1616	2473	643	1390	1579	1204	1056	1052	1176	1330	1251	1697	1662
Ezh2_+_47594990.23-P1P2	Ezh2	501	1056	1030	1580	1667	1469	1516	1117	1034	1300	1205	1222	975	546	893	1241	1016	734	931	1018	937	1089	1282	1346
Rtn2_-_19282734.23-P2	Rtn2_P2	527	927	626	1270	994	1109	1164	1160	819	1219	1368	1129	1021	873	909	865	850	660	642	712	898	901	1187	1042
Pde4d_+_109954106.23-P1P2	Pde4d	745	1917	1457	2564	2294	2428	2424	2308	1898	2240	2363	1698	2295	1117	1809	1983	1677	1465	1490	1643	1531	1937	2182	2255
Cx3cr1_-_120068221.23-P1P2	Cx3cr1	495	1357	1208	2128	1405	1838	1295	1271	1081	2047	1879	1709	2062	957	1192	1388	1066	1000	929	1020	1197	1236	1457	1506
Dpp6_-_27049411.23-P2	Dpp6_P2	675	1960	1796	2650	2571	2465	1996	2094	1740	2703	3069	2676	2706	3496	1762	2177	1780	1410	1452	1653	1670	1762	2241	2117
"Calcoco2_-_96111928.23-ENSMUST00000068686.6,ENSMUST00000097162.5"	Calcoco2	313	789	816	1103	979	1052	784	949	734	1439	809	958	724	275	710	736	809	755	585	721	769	706	864	854
Atg5_+_44268530.23-P1P2	Atg5	430	773	604	930	1147	920	726	737	607	1194	801	1210	1167	1609	659	746	574	677	513	657	652	706	830	898
Trp73_-_154096947.23-P2	Trp73_P2	713	2198	1688	2444	1927	2449	1976	2181	1630	1969	1828	2142	2541	1820	1683	2054	1605	1513	1304	1658	1540	1649	1955	2046
Abhd12_+_150904657.23-P1P2	Abhd12	216	1316	882	1713	1302	1370	1319	1290	1135	1021	1094	1612	1190	1102	1093	1355	980	801	839	1106	1047	867	1252	1220
Atn1_+_124756675.23-P1P2	Atn1	326	1196	1121	1522	1421	1542	1348	1473	1257	1259	1539	1446	1297	451	1107	1178	1123	992	1043	1103	1229	1044	1460	1541
Dnah5_-_28203742.23-P1P2	Dnah5	516	1137	1129	1511	1520	1500	1286	1494	1035	1589	1075	1694	1605	940	1041	1130	1113	963	875	1060	1005	1217	1177	1590
Tnfrsf21_-_43016612.23-P1P2	Tnfrsf21	684	2109	1609	2459	2168	2167	1811	1805	1734	2515	1784	2028	2859	1266	1612	1812	1626	1339	1317	1427	1577	1549	1985	1991
Aicda_-_122553872.23-P1P2	Aicda	350	578	506	832	817	747	617	659	503	370	609	953	752	580	505	659	481	473	413	449	512	582	679	631
Kidins220_-_24974966.23-P1P2	Kidins220	297	808	602	980	942	904	601	840	678	1509	885	809	1049	458	704	745	575	532	507	726	640	670	954	822
Htr2a_-_74641160.23-P1P2	Htr2a	271	772	947	1167	1017	1038	965	1127	763	1367	1105	883	734	750	720	782	622	569	560	639	683	833	923	915
Ang5_+_43957250.23-P1P2	Ang5	378	1064	1030	1517	1390	1466	921	1265	1054	1478	1821	1812	1710	1063	1029	1010	822	910	737	833	963	900	1208	1296
Lrrk2_-_91673302.23-P1P2	Lrrk2	322	969	690	1209	996	1005	750	880	656	1268	1190	1340	755	962	613	908	769	640	559	708	628	735	868	830
Ids_+_70365003.23-P1P2	Ids	288	647	645	961	719	787	792	699	635	763	491	787	1123	327	465	730	578	437	537	533	707	611	663	779
Hip1_-_135545010.23-P1P2	Hip1	473	1173	884	1548	1017	1275	1099	1219	1310	1419	1309	1536	1551	1307	965	1055	715	745	737	958	992	956	1240	1317
Itm2b_+_73368379.23-P2	Itm2b_P2	518	1609	1203	2106	1861	2019	1646	1669	1516	2317	1986	1446	2543	1423	1380	1387	1324	1221	1157	1219	1380	1230	1667	1717
Ddit3_-_127290884.23-P1P2	Ddit3	180	606	609	803	731	803	790	645	567	1104	675	1301	736	621	547	561	495	460	494	580	555	510	638	615
Slc33a1_+_63964524.23-P1P2	Slc33a1	698	1751	1633	2594	1955	2209	1975	2054	1599	2910	1486	2195	2104	1033	1418	2132	1598	1321	1191	1652	1541	1467	2006	2190
Tsn_+_118311177.23-P1P2	Tsn	1	251	121	325	325	178	232	141	141	120	228	285	184	3	148	195	121	87	146	125	109	173	180	189
Pank1_-_34877765.23-P1P2	Pank1	437	937	1064	1892	1549	1505	1264	1522	1170	1870	1448	1312	1379	813	1116	1310	1054	917	896	931	1060	1134	1295	1170
Sos1_+_80480416.23-P1P2	Sos1	526	1394	1300	2249	1842	1949	1690	1639	1439	2043	1942	2092	2909	624	1312	1415	1175	1215	1182	1495	1338	1505	1793	1607
Il4_+_53618602.23-P1P2	Il4	318	755	781	1044	1083	926	937	874	566	1436	1035	668	1144	691	833	740	642	625	578	576	602	675	923	843
Cyp2d26_+_82794142.23-P1P2	Cyp2d26	405	964	929	1653	1236	1561	1248	1229	899	1538	1040	1799	1586	705	926	1009	999	1022	726	939	1018	1047	1111	1306
Sgsh_-_119355500.23-P1P2	Sgsh	908	2303	1819	2501	2228	2557	2373	2051	1718	2839	2735	2203	3888	1687	1875	2147	1642	1685	1425	1890	1735	1766	2417	2197
Gemin4_-_76217481.23-P1	Gemin4_P1	305	876	902	1165	989	1051	766	990	830	1416	1031	1279	1135	245	809	821	591	884	668	789	703	838	1033	957
Kcnc3_-_44590934.23-ENSMUST00000107906.3	Kcnc3	437	1011	906	1546	1490	1518	1100	1069	1138	1274	1395	1584	1639	589	1094	1145	1021	945	878	932	1103	939	1174	1321
Tdp2_-_24831734.23-P1P2	Tdp2	531	1303	1133	1739	1774	1596	1583	1452	1312	1658	1603	1966	1737	2349	1166	1433	1123	973	1048	1205	1145	1105	1414	1554
Fzd7_+_59482170.23-P1P2	Fzd7	450	1057	996	1282	1273	1266	897	1118	810	1535	1078	1232	1419	1660	936	1129	931	819	701	856	893	968	1119	958
Sacs_+_61173073.23-P1P2	Sacs	370	1005	896	1272	1124	1096	876	814	739	1587	1179	1391	1717	685	797	844	692	804	630	710	701	860	907	1130
Ndrg2_+_51913359.23-P1P2	Ndrg2	530	1174	1149	1838	1535	1325	1489	1474	1101	2143	1486	1608	2795	841	1086	1181	898	986	883	908	1078	839	1365	1532
Aga_+_53511885.23-P1P2	Aga	397	1000	966	1453	1354	1296	1046	1050	975	1868	898	1423	1748	1608	1023	1043	875	818	850	821	958	839	1148	1183
Slc18a1_-_69077211.23-P2	Slc18a1_P2	496	1564	1384	2078	1634	2159	1518	1963	1591	1982	1236	1932	2512	1910	1511	1625	1276	1178	1167	1361	1563	1360	1627	1915
Sds_+_120476584.23-P1P2	Sds	469	1204	1077	1693	1500	1502	1222	1560	998	1520	2027	1466	1147	1036	1090	1325	845	1062	809	938	1046	1069	1313	1368
Ryr3_-_113217000.23-P1P2	Ryr3	324	853	586	988	1098	961	703	717	705	861	1100	1145	1047	645	677	796	572	627	644	647	754	598	889	1164
Map3k10_+_27674551.23-P1P2	Map3k10	267	578	507	772	734	679	414	584	406	436	441	583	868	694	494	543	527	417	439	426	504	429	537	569
Pin1_+_20652160.23-P1P2	Pin1	508	995	1064	1703	1288	1442	1218	1405	1018	1311	1632	1059	2421	2102	1164	1263	926	843	940	1038	1048	900	1179	1324
Ampd2_-_108086631.23-P1	Ampd2_P1	380	991	729	1379	1221	1151	876	1170	876	1409	1176	1398	1297	502	750	914	722	726	596	795	812	822	953	1098
Lrriq3_-_155093535.23-P1P2	Lrriq3	954	2164	2425	2944	2980	2942	2542	2786	1957	3341	2475	2599	3638	2425	2062	2308	1947	1794	1785	2004	2057	1996	2521	2600
Cpt1c_+_44974803.23-P1P2	Cpt1c	510	949	989	1394	1328	1434	1108	1424	868	2005	987	1731	1424	2247	934	1053	879	1095	819	822	918	1051	1128	1289
non-targeting_04321	non-targeting	330	955	953	1716	1540	1660	1342	1740	999	1313	1692	1035	1767	985	1037	1242	997	919	818	935	913	938	1410	1571
Ndufs3_+_90904660.23-P1P2	Ndufs3	543	1253	1173	1586	1341	1401	1270	1415	831	1368	1569	1744	1876	2283	901	994	844	799	815	721	985	614	890	978
Pno1_+_17211487.23-P1P2	Pno1	242	531	532	930	906	779	626	681	589	926	728	868	1037	60	564	574	482	424	403	393	453	233	397	408
Sirt6_+_81627490.23-P1P2	Sirt6	473	1597	1322	2259	1943	1962	1819	1774	1403	2658	1954	2251	2460	1811	1312	1674	1255	1401	1101	1336	1242	1598	1703	1697
Srrm2_-_23803252.23-P1P2	Srrm2	608	1364	1191	2035	1570	1554	1021	1255	1092	1712	1234	1334	1568	1027	982	1123	1056	879	926	1068	1101	932	1319	1426
Atp5j_+_84834844.23-P1P2	Atp5j	189	854	704	953	1309	946	972	930	798	849	831	952	1092	365	568	754	673	525	539	644	746	661	776	909
Ano10_-_122294367.23-P1P2	Ano10	245	727	750	1006	960	935	700	752	704	1458	708	956	1084	515	674	676	664	562	603	597	593	622	850	717
Mpp1_-_75130928.23-P1P2	Mpp1	279	737	650	780	795	870	583	689	496	868	831	1258	872	800	577	577	498	574	431	628	541	443	648	772
Oard1_+_48410034.23-P1P2	Oard1	379	1205	912	1658	1280	1332	999	1053	881	1612	769	1318	1445	2170	869	1051	876	859	747	901	835	782	1186	1190
Nudt1_-_140331960.23-P1P2	Nudt1	425	905	967	1272	1220	1343	1168	1019	854	1796	602	1625	1256	1130	891	1055	859	788	758	783	962	917	1106	1119
Glrx_+_75839917.23-P1P2	Glrx	346	1164	1326	1600	1273	1503	1420	1366	1006	1663	1456	1272	1901	836	1041	1092	1022	992	766	997	970	1044	1157	1333
Cyp2d22_-_82380192.23-P1P2	Cyp2d22	250	1051	1186	1151	951	1488	1032	1076	942	1792	1073	1079	1608	1095	983	1105	935	847	817	934	899	902	1176	1095
Ptges_-_30930044.23-P2	Ptges_P2	472	909	988	1275	1389	1336	1106	1266	1073	1636	1233	1445	983	1149	1040	1262	911	915	856	917	960	887	1099	1122
Dnah1_+_31323845.23-ENSMUST00000048603.7	Dnah1	376	904	1075	1595	1122	1348	1084	1170	872	1290	1287	1960	1734	909	919	1234	870	741	811	926	948	854	1252	1198
Scyl1_+_5771364.23-P1P2	Scyl1	288	920	727	1091	1050	1188	938	1043	818	1171	1151	1293	1434	28	845	904	635	797	750	806	813	853	1138	1098
Uqcr11_+_80406476.23-P1P2	Uqcr11	229	559	636	793	860	716	665	601	696	744	860	565	1119	698	623	565	497	476	500	550	653	453	673	643
Scn8a_-_100870959.23-P1P2	Scn8a	539	1174	1249	1921	1727	1628	1273	1397	1177	2518	1712	1814	2185	1972	1251	1425	1155	1059	919	1092	1130	1122	1447	1363
Mutyh_-_116807947.23-P1P2	Mutyh	384	855	778	1145	1110	1135	765	858	904	903	475	688	1071	363	685	827	682	593	649	569	692	524	792	785
Ogt_+_101640130.23-P1P2	Ogt	444	1315	1280	2384	1882	1881	1377	1698	1238	2945	1698	2043	1925	1690	1437	1479	1178	1207	1050	1155	1307	1053	1871	1547
Blvra_-_127070750.23-P1	Blvra_P1	606	1324	1222	2252	2259	1847	1535	1722	1444	2372	1897	2410	1959	2069	1346	1490	1331	1309	1188	1370	1393	1474	1586	1622
Ptpn13_+_103425261.23-P1P2	Ptpn13	299	922	863	1314	1201	1119	1062	1087	769	1672	1488	1106	1053	1604	797	1077	937	814	802	819	798	847	1057	1162
Rnf170_+_26119769.23-P1P2	Rnf170	364	1054	825	1383	1041	1257	1049	1202	792	981	923	974	1042	652	778	912	857	739	735	767	884	719	1082	1157
Ubc_+_125389695.23-P1P2	Ubc	515	1150	1011	1505	1208	1375	1055	1285	1024	2229	1694	2098	1772	1811	1062	1042	996	967	745	874	1019	874	1308	1343
Clec16a_+_10545464.23-P1P2	Clec16a	488	1141	1429	2060	1680	1667	1431	1411	1061	1730	1229	1661	2025	2300	1225	1428	1210	993	1006	1204	1117	1240	1443	1607
Kras_-_145250153.23-P1P2	Kras	510	1253	918	1413	1385	1350	1309	1198	1014	1777	1405	1478	1531	705	1048	1059	971	921	824	894	1033	1046	1237	1258
Gan_-_117158040.23-P1P2	Gan	456	1212	1336	1571	1324	1483	1344	1282	1019	1457	1723	1269	1744	2927	1077	1169	1035	1038	934	974	1175	1067	1277	1281
Tubb4a_+_57087558.23-P1P2	Tubb4a	725	2021	1671	2779	2210	2467	2119	2006	1806	3160	2442	2723	2994	1593	1709	2056	1786	1428	1361	1639	1793	1920	2117	2186
Erbb4_+_69108521.23-P1P2	Erbb4	457	877	961	1181	1184	1272	1122	1020	939	1449	1246	1358	1592	1301	962	983	865	1006	687	970	956	854	1134	1023
Sgsh_-_119355488.23-P1P2	Sgsh	794	1870	1784	2595	2950	2588	2197	1977	1621	2847	2069	2603	2845	1518	1725	1888	1711	1534	1349	1773	1658	1779	2451	2139
Pabpc4_-_123282754.23-P1P2	Pabpc4	487	984	1192	1594	1389	1406	1236	1268	1101	1755	1143	1185	1149	1961	1086	1268	887	907	834	1042	1064	862	1266	1281
Gan_-_117158044.23-P1P2	Gan	432	1182	1084	1647	1497	1583	1341	1385	1136	1325	1454	1651	1617	1341	1052	1198	931	909	873	994	1191	964	1343	1332
Sirt7_+_120624760.23-P1P2	Sirt7	316	1054	847	1453	1067	1399	1059	1276	980	1244	892	1095	1543	1724	900	1135	825	862	856	847	1018	983	1171	1241
Kl_-_150952684.23-P1P2	Kl	245	857	917	1200	1309	1109	1044	1083	619	889	1098	851	1135	1157	861	861	873	660	695	653	662	598	1054	941
Slc6a4_-_77009331.23-P1	Slc6a4_P1	367	748	700	1118	1161	1015	936	798	674	1485	950	1161	1218	311	766	866	765	613	506	632	703	731	924	1045
non-targeting_03432	non-targeting	575	1356	1255	2009	1788	1865	1626	1886	1389	1979	2467	2106	2206	506	1308	1610	1242	1207	1160	1313	1491	1455	1792	1602
Rb1cc1_-_6214891.23-P1P2	Rb1cc1	769	1606	1238	2081	2070	1748	1569	1520	1522	1963	2147	2021	1989	308	1180	1473	1231	1264	1073	1254	1252	1129	1669	1513
Pvalb_-_78203976.23-P2	Pvalb_P2	618	1042	1053	1762	1551	1569	1396	1359	1122	1428	1524	1752	1629	1382	1255	1351	1102	1003	910	1118	1084	941	1440	1241
Fzd10_+_128601036.23-P1P2	Fzd10	463	863	683	1418	1408	1226	1153	1157	969	1710	1243	1092	1717	1213	873	1067	828	745	774	837	1047	888	1238	1030
Nfe2l2_-_75704432.23-P1P2	Nfe2l2	416	865	948	1343	1406	1312	1094	1112	857	1304	1007	1099	1792	1113	906	982	832	687	741	913	914	996	1123	1193
Rrm2_+_24708334.23-P1P2	Rrm2	559	1723	1387	2438	2328	2051	1757	1955	1524	2833	2041	1629	2519	1947	1519	1805	1377	1478	1294	1345	1619	1568	1817	2091
Tmx2_-_84677835.23-P1P2	Tmx2	261	842	676	1240	1148	1091	886	956	733	1432	989	1021	1730	519	564	906	659	652	549	639	764	926	842	896
Sema4a_+_88455369.23-P1P2	Sema4a	377	661	540	936	963	917	693	1003	864	715	762	754	1009	806	648	716	618	525	542	643	530	598	816	877
Cadm3_-_173367593.23-P1P2	Cadm3	376	1053	1111	1538	1436	1399	1351	1397	1041	1814	1179	1652	1478	1220	1212	1074	1034	836	962	972	974	1056	1425	1393
Hexa_+_59539721.23-P1P2	Hexa	402	862	817	1235	1118	913	848	849	813	1257	714	987	1203	356	696	775	647	622	574	673	699	671	822	878
Dnali1_+_125065373.23-P1P2	Dnali1	611	1277	1278	1634	1458	1648	1283	1534	1156	1906	1341	1952	1763	1309	1196	1476	1137	1151	1045	1128	1151	1348	1208	1523
Ptgs2_+_150100215.23-P1P2	Ptgs2	537	1244	1101	1546	1583	1537	1295	1608	1158	1693	1170	1888	1440	1233	1140	1403	1068	1003	915	872	1009	1129	1484	1452
Psap_+_60277776.23-P1P2	Psap	297	1122	1022	1564	1782	1536	1263	1263	1144	1804	1348	1273	2070	1196	969	1196	947	895	791	880	1043	894	1090	995
Th_-_142899930.23-P1P2	Th	208	670	659	1003	916	893	598	925	482	1342	657	1110	858	1411	549	675	568	549	493	532	562	532	702	766
Serpina3a_-_104112927.23-P1P2	Serpina3a	233	489	466	787	714	736	427	617	556	687	808	795	996	271	494	682	453	453	458	444	523	448	606	602
Cd44_-_102901435.23-P1P2	Cd44	321	796	488	1146	1132	1031	751	878	859	1590	1181	978	1522	773	672	853	707	675	540	624	731	810	783	902
Ift57_+_49699498.23-P1P2	Ift57	275	855	722	1395	1194	1115	823	813	737	1431	1099	1052	1731	759	821	808	818	755	661	773	660	743	1064	1007
Kras_+_145250042.23-P1P2	Kras	403	1089	948	1645	1109	1326	999	1135	1052	1530	1279	1358	2262	1022	960	1170	823	785	834	1023	983	889	1256	1296
Tfam_-_71238037.23-P1P2	Tfam	575	1148	767	1386	1291	1255	1202	1289	886	891	1492	1623	1629	783	822	1031	680	929	663	953	762	270	428	380
Actr1b_-_36709904.23-P1P2	Actr1b	422	1189	1126	1464	1273	1236	1132	1033	896	1832	1041	1338	1515	1340	917	1042	735	811	853	848	904	988	1202	1257
Adap1_+_139325470.23-P1P2	Adap1	145	886	618	1025	962	1016	778	747	646	1324	1283	950	1109	951	637	811	616	583	549	533	561	735	890	847
Tubb4a_-_57087546.23-P1P2	Tubb4a	564	1865	1549	2711	2234	2728	2369	2257	1872	4050	2398	2156	2502	2005	1707	2132	1856	1550	1635	1846	1616	1761	2138	2517
Pak1_+_97842936.23-P1P2	Pak1	377	1208	1092	1487	1577	1743	1240	1368	1012	1780	1504	1578	1681	1696	1081	1268	1056	994	871	967	991	1099	1267	1348
Cryab_+_50753429.23-P1P2	Cryab	300	774	868	1180	940	1206	934	1001	707	941	946	1042	948	1408	766	919	774	641	673	921	808	796	1013	1221
Unc80_-_66468018.23-P1P2	Unc80	320	969	880	1336	1007	818	704	772	604	1316	887	1106	1049	292	701	990	756	717	553	668	814	677	784	850
Dao_-_114003876.23-P1P2	Dao	526	1248	1419	2047	1424	1672	1423	1594	1020	1839	1366	1434	1611	1085	1154	1273	1116	1141	844	1199	1121	1206	1501	1430
Gpr37_+_25689578.23-P1P2	Gpr37	719	1699	1365	2200	1957	1767	1762	1769	1349	1868	1578	1498	2570	1115	1421	1701	1100	1283	1203	1376	1368	1187	1616	1649
Slc26a3_+_31438300.23-P1P2	Slc26a3	320	943	961	1366	1454	1251	928	987	986	1193	1239	1284	1121	430	993	981	832	874	803	753	844	899	1215	1089
Hmgb1_-_149053067.23-P1	Hmgb1_P1	683	1728	1656	2263	1803	1875	1710	1807	1429	1757	2281	2093	2014	940	1550	1642	1319	1146	1320	1473	1404	1356	1792	1932
Hspa9_-_34954323.23-P1P2	Hspa9	853	1665	1896	3021	2741	2233	1545	1906	1689	2846	2560	2136	1630	2025	1654	1908	1509	1230	1312	1615	1677	1475	1896	1889
Axin1_+_26138969.23-P1P2	Axin1	549	1365	1354	1736	1667	1578	1394	1222	990	1864	1755	1404	1921	412	1186	1250	1160	1008	913	1085	1069	1269	1237	1377
Arl6ip1_+_118129614.23-P1P2	Arl6ip1	429	1395	1243	1584	1759	1552	1519	1518	1105	1678	1750	1393	1513	544	1075	1327	1062	1036	947	1035	1125	1020	1499	1498
Hspb1_-_135887988.23-P1P2	Hspb1	508	1255	1104	1692	1390	1618	1412	1434	1185	1412	1336	1513	1310	826	1144	1191	1067	907	843	910	998	1043	1207	1236
non-targeting_01591	non-targeting	386	935	841	1538	1572	1266	1216	1259	1268	1588	831	1199	1416	394	934	1040	747	788	761	837	791	1001	1080	1132
Fam83e_-_45721247.23-P1P2	Fam83e	305	699	823	1275	805	926	879	866	821	1200	880	1012	1190	34	718	970	619	814	557	750	729	604	908	1090
Cox7a2l_+_83514056.23-P1P2	Cox7a2l	464	1037	992	1524	1277	1561	951	1154	967	1594	1088	1538	1292	2083	964	1082	922	912	724	772	1073	1007	1184	1168
Kif1c_+_70700555.23-P1P2	Kif1c	278	689	956	1135	1366	1131	888	930	704	932	962	1116	1055	213	783	1052	884	717	659	826	864	746	1002	977
Gm2a_+_55098136.23-P1P2	Gm2a	255	626	447	1074	664	883	686	763	556	1650	943	940	423	30	549	684	575	466	485	602	466	496	757	813
Abcb6_+_75180268.23-P1P2	Abcb6	313	985	947	1226	1293	1191	1013	893	778	1234	863	1270	1115	962	751	824	797	764	738	884	812	941	964	1068
Ano10_-_122294352.23-P1P2	Ano10	244	702	825	1127	1191	955	982	848	562	787	693	991	1131	1055	795	725	783	543	597	646	673	597	874	918
Pde10a_-_8801800.23-P1P2	Pde10a	496	1502	1348	2172	2033	1903	1845	1999	1502	2328	1864	1925	2603	1649	1396	1583	1481	1089	1123	1326	1400	1326	1496	1717
Pik3cb_+_99140132.23-P1P2	Pik3cb	722	1550	1182	1947	1702	1683	1519	1639	1182	2104	1440	1697	1785	821	1336	1281	1229	1162	1130	1154	1239	1186	1671	1596
"Calcoco2_-_96111886.23-ENSMUST00000068686.6,ENSMUST00000097162.5"	Calcoco2	293	733	773	1031	964	885	698	851	738	1111	1144	1392	899	1264	665	693	601	614	528	677	774	607	776	923
Vcp_-_43000164.23-P1P2	Vcp	325	887	1005	1434	1582	1116	737	839	523	697	630	766	844	219	442	547	402	478	348	404	509	334	487	397
Pabpc4_+_123282784.23-P1P2	Pabpc4	626	1234	1382	2030	2106	1794	1525	1818	1069	2573	1916	1665	1596	1189	1124	1524	1208	949	1061	1036	1123	1148	1418	1585
Agpat3_-_78352301.23-P1P2	Agpat3	541	1240	1092	2021	1399	1604	1259	1297	1048	1940	1030	1166	1800	262	1049	1212	1020	867	932	1070	1127	788	1441	1423
Gja6_-_160907001.23-P1P2	Gja6	293	688	690	873	700	906	883	630	621	863	411	358	812	585	549	752	546	489	467	455	656	698	710	673
Wnt11_+_98839079.23-P2	Wnt11_P2	702	1877	1471	2546	1934	2264	1803	1920	1536	2369	1728	2200	2603	545	1490	1843	1562	1355	1339	1543	1596	1490	2075	2023
Slc8a3_+_81333123.23-P1P2	Slc8a3	398	1174	1209	1605	1318	1211	1015	1148	950	1870	1788	1674	2175	1020	922	1031	961	855	778	840	802	970	1318	1134
Map2k6_+_110399147.23-P1P2	Map2k6	146	442	476	716	491	586	495	452	349	654	516	634	859	561	370	459	391	364	335	380	419	403	567	500
Ang6_-_44002066.23-ENSMUST00000096869.2	Ang6	456	1324	1077	1579	1531	1524	1340	1671	1366	2079	1474	1395	2236	924	1245	1416	1122	893	957	1076	1073	1286	1673	1508
Prickle1_-_93519466.23-P2	Prickle1_P2	333	1154	1053	1324	1566	1276	1043	1189	1012	1802	1632	1640	1853	548	889	1034	903	786	791	925	899	701	1036	999
Bad_+_6941952.23-P1P2	Bad	320	676	859	1296	1148	1058	999	780	709	1654	1321	1377	1034	235	807	1012	734	688	624	693	799	777	938	1041
Gap43_-_42340356.23-P1P2	Gap43	492	1526	1151	1872	1428	1878	1455	1617	1255	1958	1694	1998	2091	161	1134	1383	1089	1058	1043	1190	1092	1367	1581	1611
Pdyn_-_129699826.23-P1P2	Pdyn	577	1324	1534	1947	2304	2003	1662	1562	1372	1788	1933	2493	1998	1646	1311	1573	1363	1200	1158	1282	1252	1560	1543	1504
Atf6_+_170867739.23-P1P2	Atf6	379	1327	1003	1963	1744	1861	1514	1659	1404	1968	1550	2182	2527	1918	1158	1498	1149	1031	1078	1156	1154	1234	1394	1460
Hsd17b6_-_128007572.23-P1P2	Hsd17b6	545	1422	1246	2055	1832	1814	1833	1921	1498	3349	1741	2233	2334	1494	1227	1485	1417	1273	1087	1251	1333	1213	1536	1720
Wnt7a_-_91411293.23-P1P2	Wnt7a	382	1021	803	1279	1316	1087	974	963	795	1516	1017	1171	1503	217	730	983	898	753	733	874	902	962	1151	1330
Fzd10_-_128600884.23-P1P2	Fzd10	393	1062	743	1519	1348	1313	1170	1064	918	1776	1497	1489	1874	399	881	1035	744	877	799	902	923	989	1203	1175
Fat2_-_55336570.23-P1P2	Fat2	326	1304	1030	1722	1659	1383	1309	1139	1005	1188	1411	1228	2013	1474	1103	1325	986	1022	844	1039	1100	1077	1326	1453
Fggy_+_95579504.23-P2	Fggy_P2	690	1710	1833	2562	2447	2476	2063	2010	1653	2781	1749	2054	3158	2668	1696	1627	1536	1336	1408	1540	1602	1363	1920	2024
Ppt1_-_122836278.23-P1P2	Ppt1	546	1256	906	1487	1542	1317	1199	1399	840	2334	1291	1497	1465	1701	1028	1165	1028	853	872	987	957	1077	1207	1334
Folr1_-_101870664.23-P1	Folr1_P1	224	684	596	1234	1271	955	786	890	913	989	752	967	1323	405	716	818	772	656	609	608	721	739	877	831
Ndufa2_+_36744413.23-P1P2	Ndufa2	570	1159	1109	1713	1168	1261	733	851	556	818	1157	1492	1477	422	689	812	646	524	525	537	680	396	780	672
Park7_+_150909840.23-P1	Park7_P1	658	1527	1162	2135	1683	2018	1522	1763	1372	2135	1680	1513	2276	2593	1359	1559	1220	1163	1104	1289	1307	1285	1814	1641
Gba2_+_43578854.23-P1P2	Gba2	265	738	534	999	738	933	873	879	501	1535	975	842	992	328	635	732	626	516	573	672	537	697	908	755
Rreb1_+_37826074.23-P1P2	Rreb1	543	1296	1323	2115	1828	1551	1510	1567	1222	1964	1598	1673	1574	912	1143	1287	1103	1175	917	1054	1121	1107	1513	1473
Ccl3_+_83649177.23-P1P2	Ccl3	430	855	872	1214	946	1162	919	1150	878	1838	974	1266	1872	469	911	1128	885	936	710	858	889	765	1201	1049
Dkk2_+_132085382.23-P1P2	Dkk2	288	927	675	1468	1101	1122	882	1029	760	814	1067	807	1094	607	732	815	618	657	675	624	752	697	972	1017
Timp3_+_86300612.23-P1P2	Timp3	416	891	836	1094	1054	1101	830	862	732	1125	919	1179	1216	700	747	882	636	719	624	698	622	702	976	875
Tmem184b_+_79403235.23-P1P2	Tmem184b	315	991	589	1129	925	942	685	766	718	1401	839	781	1196	460	603	826	666	588	585	641	697	711	899	892
Psmb6_+_70525439.23-P1P2	Psmb6	781	2025	1733	2316	2220	1664	1173	1253	898	1656	1509	1760	1700	121	1094	1312	845	746	871	902	986	699	1027	1083
Adora2a_-_75317128.23-P1P2	Adora2a	576	1608	1406	2019	1931	2016	1860	1992	1376	2743	1811	2353	2740	1375	1453	1828	1376	1276	1211	1461	1437	1225	1948	1876
Psmd12_-_107479535.23-P1P2	Psmd12	517	1341	1472	1804	1744	1538	981	1072	660	1222	1238	1171	1335	448	807	829	738	499	530	609	847	455	767	634
Dicer1_-_104752052.23-P1P2	Dicer1	285	813	788	883	685	824	776	835	666	767	873	584	1298	701	497	594	447	439	429	531	570	335	460	443
Pmpcb_-_21737224.23-P1P2	Pmpcb	628	1567	1611	1819	2006	1757	1317	1253	1177	2554	2013	2112	1948	2031	1072	1350	1134	834	1086	1115	1057	965	1385	1331
Pik3cg_-_32208604.23-P1P2	Pik3cg	461	1270	1071	1904	1768	1564	1270	1321	1113	1797	2342	2287	1778	1219	1116	1287	1051	1130	972	1127	1139	959	1598	1418
Spg11_-_122118360.23-P1P2	Spg11	515	1173	1146	1772	1179	1817	1487	1635	1195	2810	2039	1962	2275	1762	1279	1507	1146	1009	1098	1239	1217	1112	1664	1569
Elavl2_+_91376429.23-P1P2	Elavl2	705	1241	1564	1940	1841	1834	1934	1888	1225	2612	2159	2763	2759	1615	1440	1395	1236	1317	1180	1327	1330	1406	1510	1824
Fzd3_+_65262392.23-P1P2	Fzd3	613	1319	1381	1993	2106	1693	1378	1611	1412	2269	2205	1347	2650	1923	1217	1599	1181	1222	1096	1230	1233	1396	1654	1728
Araf_-_20848601.23-P1P2	Araf	332	779	747	1085	1073	935	730	1057	765	1407	953	832	1279	647	705	736	649	663	584	631	773	708	744	773
S100a10_+_93555158.23-P1P2	S100a10	607	1634	1581	2135	2134	2196	1828	1770	1570	2228	1626	2118	2700	884	1426	1981	1544	1282	1266	1454	1421	1515	1961	2016
Sema3c_+_17574741.23-P1P2	Sema3c	522	995	1091	1651	1212	1515	1274	1098	1067	1598	1546	1506	1626	595	989	1061	951	869	812	877	1017	888	1132	1124
Gemin4_+_76217516.23-P1	Gemin4_P1	369	970	839	1208	1148	1173	1167	1047	728	1388	1431	1356	1175	1349	848	1042	789	659	692	683	896	776	783	829
Atp5e_+_174463989.23-P1P2	Atp5e	198	609	499	805	901	706	413	687	582	714	411	621	613	276	383	523	435	287	343	385	436	159	341	219
Ndufb8_-_44555348.23-P1P2	Ndufb8	671	1486	1319	2059	1789	1896	1575	1636	1405	1668	1249	1940	2309	2248	1369	1610	1206	1174	1201	1257	1435	1051	1569	1508
Ndrg1_-_66969576.23-P1P2	Ndrg1	558	1097	1154	1736	1459	1611	1393	1437	1146	1996	1839	1814	2185	979	994	1110	941	1013	842	949	922	748	1295	1021
Eif2ak3_-_70844621.23-P1P2	Eif2ak3	242	422	485	767	552	485	486	565	415	910	400	513	740	123	417	477	391	359	332	342	396	465	526	509
Sort1_+_108284193.23-P1P2	Sort1	285	548	783	902	894	904	797	722	767	654	604	924	1153	1100	671	744	555	570	444	633	624	636	702	752
Hnrnpdl_-_100038854.23-P1P2	Hnrnpdl	455	1119	924	1277	1290	1251	1016	951	921	1996	1334	1843	1322	1534	1024	1050	963	773	820	1034	980	953	1205	1293
Fos_+_85474000.23-P1P2	Fos	562	1116	1334	1769	1586	1472	1132	1560	1051	2166	1219	1174	1927	663	980	1313	1129	895	965	878	1050	1037	1282	1397
Myoc_-_162639568.23-P1P2	Myoc	471	879	958	1299	1015	1419	1306	1140	837	1706	1301	1302	1945	1862	819	1131	891	795	739	903	985	699	967	1068
Raf1_+_115676486.23-P1P2	Raf1	519	848	935	1520	1053	1175	1147	1097	927	1466	1178	1130	1429	1359	998	1089	803	812	769	868	810	678	1114	1224
Fa2h_+_111393813.23-P1P2	Fa2h	647	1233	1165	2147	1899	1841	1721	1857	1285	1935	2005	2094	1641	1579	1319	1572	1257	1288	1211	1426	1171	1154	1865	1586
Ireb2_-_54863867.23-P1P2	Ireb2	291	823	504	1149	852	988	677	863	692	1362	1193	729	1656	388	631	782	732	748	645	634	809	722	930	943
Casp8_-_58795450.23-P1P2	Casp8	535	1284	1102	1609	1582	1487	1323	1264	994	1879	1315	2104	1924	1795	1052	1370	941	926	942	1005	1069	923	1371	1351
Prkcg_+_3303557.23-P1P2	Prkcg	183	734	566	961	823	822	677	710	551	1038	945	1152	898	1007	573	817	598	602	526	601	713	678	627	780
Ndufs2_-_171247080.23-P1	Ndufs2_P1	368	964	797	1341	1208	1223	987	1129	1117	1327	1074	1382	1506	171	774	837	902	742	729	798	818	657	764	697
Ndufa13_-_69902860.23-P1P2	Ndufa13	410	1124	1111	1948	1381	1545	1516	1642	987	1879	1799	1768	2383	856	1077	1273	1054	1048	826	920	1001	880	1343	1328
Adam10_+_70679106.23-P1P2	Adam10	474	1018	1115	1854	1702	1412	1133	1438	1006	2069	1134	1032	1797	1130	1083	1306	1012	844	900	1045	993	906	1293	1381
Dpysl2_-_66868578.23-P1P2	Dpysl2	521	1094	771	1481	1468	1274	1078	1169	1108	1737	1687	1176	1532	1225	971	862	791	788	693	850	938	927	1061	1117
Txnip_-_96557981.23-P1P2	Txnip	181	764	739	971	880	911	687	828	647	1615	865	807	1155	736	739	840	632	623	588	729	707	514	883	765
Camk2a_-_60925713.23-P1P2	Camk2a	583	1439	1277	1932	1654	1719	1689	1635	1252	1717	1896	1664	2365	1172	1269	1468	1131	1227	984	1294	1197	1287	1717	1872
Sybu_-_44752125.23-P1P2	Sybu	368	1039	840	1491	1075	1480	1007	1291	1165	1910	1485	1804	1816	259	1004	1258	875	904	808	1030	927	878	1253	1206
Map2k7_-_4238891.23-P1P2	Map2k7	647	1586	1420	2300	1958	1827	1763	1688	1345	2982	1775	1974	2304	902	1333	1497	1380	1232	1052	1367	1338	1480	1656	1703
Apcs_-_172895002.23-P1P2	Apcs	268	543	496	687	835	767	613	591	518	796	320	664	538	440	607	797	457	500	515	513	550	567	600	782
Th_-_142899953.23-P1P2	Th	481	1098	1028	2028	1290	1507	1012	1033	922	1837	564	1236	1716	1085	879	982	935	688	727	778	876	798	993	915
Cln5_+_103070339.23-P1P2	Cln5	642	1663	1508	2296	2072	2169	1842	1785	1578	2514	1358	1961	2342	1197	1558	1838	1498	1332	1266	1683	1531	1734	1993	1978
L1cam_+_73880731.23-P1P2	L1cam	441	1270	1096	1591	1237	1436	1487	1339	1226	1453	1716	2079	2363	821	1169	1135	1073	1012	915	973	1146	940	1163	1398
Erlin1_+_44069684.23-P1P2	Erlin1	541	1600	1502	2603	2113	2420	2149	2373	1603	3488	2378	2579	2507	1734	1752	1878	1524	1514	1493	1588	1613	1755	2114	1941
Snca_+_60828865.23-P1P2	Snca	347	969	898	1037	775	1063	1065	1077	808	1302	991	1440	1096	514	666	810	681	805	656	850	962	860	1090	998
Notch3_-_32166858.23-P1P2	Notch3	495	1006	973	1462	1377	1172	1038	1011	872	1645	1148	1309	1691	565	780	1042	819	823	732	866	923	792	1098	993
Scarb2_-_92505346.23-P1P2	Scarb2	417	721	751	1034	959	946	800	775	580	1063	985	1069	1406	601	760	780	706	630	575	612	725	480	784	884
Snx14_-_88438879.23-P1P2	Snx14	590	1067	1068	1540	1415	1538	1397	1452	1166	1736	1514	2087	1240	1848	1160	1262	970	918	959	1049	1123	946	1296	1396
Pax6_-_105682804.23-P2	Pax6_P2	304	726	807	1115	1052	884	831	924	744	1487	1196	970	1045	352	747	915	705	691	571	704	835	785	934	955
Cd200r3_+_44943920.23-P1P2	Cd200r3	450	1369	1171	1755	1505	1833	1586	1691	1242	2105	1245	1807	1032	2253	1152	1350	1162	988	1050	1180	1191	1266	1510	1404
Nr3c1_+_39490608.23-P1P2	Nr3c1	641	1373	1508	1919	1808	2046	1480	1454	1301	1312	1418	2229	1791	1276	1198	1509	1321	1172	1179	1253	1198	1378	1771	1495
Calml3_-_3804218.23-P1P2	Calml3	344	1401	1329	1772	1848	1766	1379	1561	1259	2140	1977	1498	1626	181	1081	1396	1016	1234	921	1113	1159	1360	1644	1790
Dpp6_-_27049430.23-P2	Dpp6_P2	485	1055	1007	1345	1661	1404	1202	1510	1145	1991	1210	1100	1882	885	881	1119	1036	958	848	1051	976	984	1267	1406
Eif2b4_+_31193019.23-P1P2	Eif2b4	458	1239	940	1539	1683	1267	793	1039	735	1319	971	1307	1530	156	800	953	698	491	585	496	607	397	690	569
Mfge8_-_79148955.23-P1P2	Mfge8	808	1527	1399	2160	1955	1900	1526	1810	1282	3268	1842	1956	2464	472	1270	1481	1279	1155	1113	1242	1481	1273	1707	1658
Tmem240_+_155734923.23-P1P2	Tmem240	365	1094	736	1374	1154	1245	1305	1210	871	1513	1248	1041	1686	630	960	1038	998	792	686	753	896	923	1148	1112
Ins2_+_142699530.23-P2	Ins2_P2	359	893	588	1259	1220	1219	891	1077	693	1234	986	1093	1638	869	852	947	781	741	701	822	706	570	1041	968
Nup62_-_44816426.23-P1P2	Nup62	607	1403	1283	2201	1611	1191	698	665	558	1100	1020	1085	1240	872	648	522	414	439	443	492	588	299	578	552
Serpina1e_+_103958732.23-P2	Serpina1e_P2	649	1814	1710	2729	2344	2114	2037	1842	1476	2721	1822	2122	2582	1314	1601	1865	1526	1255	1260	1408	1548	1570	2040	1939
Fggy_-_95579554.23-P2	Fggy_P2	280	881	1117	1313	1004	1110	942	892	684	1107	897	1186	1808	340	771	907	783	724	685	731	714	824	880	959
Gria2_+_80802671.23-P1P2	Gria2	456	1153	788	1396	1512	1647	1297	1611	1060	1344	1160	1501	1681	694	1129	1250	1019	889	1003	1027	1102	995	1330	1121
Chmp1a_+_123212737.23-P1P2	Chmp1a	522	1567	1279	1690	1702	1706	1446	1620	1288	1670	1341	1505	2461	2229	1203	1384	1234	1038	1108	1293	1109	1465	1549	1623
Ndufb3_-_58586796.23-P1P2	Ndufb3	413	1030	940	1303	1077	1373	1059	1102	864	1154	1072	1195	1569	409	828	1060	883	747	858	859	829	768	1203	1013
Dnajc3_-_118938009.23-P1P2	Dnajc3	641	1343	1265	2387	1852	1939	1429	1424	1295	1910	1689	1757	2176	1274	1402	1623	1369	1270	1228	1305	1331	1331	1695	1711
non-targeting_02923	non-targeting	559	1123	1192	2088	1782	1680	1282	1539	1253	2475	2151	2442	3042	1692	1221	1400	1257	1034	993	1268	1163	1209	1761	1600
Wnt3a_-_59290723.23-P1P2	Wnt3a	646	1444	1109	1727	1550	1755	1520	1478	1285	1241	1437	1533	1884	1541	1124	1468	1202	1080	1058	1386	1106	1242	1532	1509
Tppp3_-_105471352.23-P1P2	Tppp3	624	1547	1244	2262	1776	1845	1517	1532	1119	2414	2143	1940	2025	1626	1117	1618	1129	1239	1102	1197	1361	1304	1618	1677
Pgp_-_24470483.23-P1P2	Pgp	270	621	584	1021	1080	884	1027	891	589	707	1048	771	1193	336	631	764	581	530	443	534	659	628	737	873
Pik3r5_-_68432127.23-P1P2	Pik3r5	420	1443	1103	2086	1556	1658	1577	1732	1143	1616	1606	2247	2295	1315	1100	1574	1193	1171	991	1069	1107	1006	1566	1520
Pax6_+_105682727.23-P2	Pax6_P2	423	934	607	1427	1100	1291	949	1031	765	1466	1337	1224	1343	429	1040	1015	923	813	777	849	839	858	1127	1183
Ndufs7_-_80249521.23-P1P2	Ndufs7	378	1117	1036	1677	2159	1682	1228	1357	1006	1544	1761	1414	1220	679	973	1292	1046	830	813	1052	1007	895	1348	1156
Mapk11_+_89149371.23-P1P2	Mapk11	731	1350	1335	1801	1831	1535	1304	1464	1268	2401	1601	1582	1786	1421	1132	1388	1209	1170	976	1245	1131	956	1491	1432
Ywhag_-_135934553.23-P1P2	Ywhag	489	1199	1134	1503	1240	1430	1106	1420	975	2200	1585	995	1422	427	1001	1085	915	909	852	896	1039	850	1258	1168
Uqcrc2_+_120635650.23-P1P2	Uqcrc2	430	1088	993	1686	1908	1517	1260	1271	1068	1712	1791	1452	1432	1116	1108	1273	1067	950	938	1218	977	857	1141	1181
Ppargc1a_+_51553859.23-P1P2	Ppargc1a	428	980	702	1191	995	1207	981	1241	873	2000	1228	1259	1305	624	1105	986	850	825	691	924	823	826	1004	1115
Braf_+_39725278.23-P1P2	Braf	513	1105	978	1841	1701	1441	1342	1455	1028	1529	1029	1650	1108	330	1018	1129	1113	886	824	1070	1086	947	1434	1278
Sptlc1_-_53377135.23-P1P2	Sptlc1	267	937	938	1572	1092	1344	915	1108	825	1845	1417	1143	1462	223	869	947	668	641	730	862	796	830	1040	944
Nefh_-_4947950.23-P1P2	Nefh	573	1245	1089	1750	1527	1519	1435	1334	1042	1676	978	1289	1901	1459	1054	1323	1140	1048	886	1141	1124	982	1587	1464
Irs1_+_82291127.23-P1P2	Irs1	590	1061	789	1590	1425	1276	1284	1342	874	1382	1014	1128	917	1094	838	1125	912	832	760	944	864	1026	1184	1149
Fzd4_-_89404377.23-P1P2	Fzd4	277	902	714	1572	1179	1130	977	1064	918	1367	1074	1268	2093	1522	946	931	788	806	719	927	949	804	1215	1006
Apex2_+_150588096.23-P1P2	Apex2	327	824	875	1241	950	1020	813	990	821	1774	1299	974	973	1363	752	1035	693	644	685	668	830	766	1000	930
Elp3_+_65592994.23-P1P2	Elp3	358	607	742	1127	959	793	624	775	569	1104	864	1273	1061	501	390	433	448	423	372	398	394	337	551	596
Neurog2_+_127633148.23-P1P2	Neurog2	610	1384	1334	2176	1946	2040	1757	1750	1594	2284	1754	1816	3025	951	1407	1686	1352	1177	1150	1256	1228	1478	1809	1675
Elovl5_-_77917526.23-P1P2	Elovl5	83	368	374	391	326	341	358	377	316	425	302	491	180	177	290	282	299	257	221	245	266	182	442	405
Bscl2_+_8840605.23-P1	Bscl2_P1	549	1134	1125	1420	1293	1261	1040	1221	900	1557	1243	1480	2134	1729	988	1202	979	883	835	1045	942	1004	1189	1359
B4galnt1_-_127165204.23-P1P2	B4galnt1	503	1273	1096	1849	1587	1537	1089	1520	912	2000	527	13	1851	1929	879	1597	954	911	998	1020	1105	1137	1411	1281
Serpina1e_-_103956876.23-P1	Serpina1e_P1	448	958	840	1088	929	1054	944	1136	648	1039	1207	1258	1064	603	743	805	784	760	597	689	717	875	942	972
Txndc5_-_38528387.23-P1P2	Txndc5	456	1146	1170	1272	1518	1395	1159	1430	976	1449	1516	1161	1725	702	939	1247	899	899	786	921	1002	990	1172	1248
Dnah1_-_31323907.23-ENSMUST00000048603.7	Dnah1	509	1300	1057	1865	1397	1710	1184	1272	1227	1736	1492	1745	1558	1055	1305	1421	961	1118	952	1192	1227	1084	1341	1479
Gpx2_+_76795147.23-P1P2	Gpx2	621	1357	1266	1973	1665	1740	1515	1705	1102	2380	1885	2264	2346	1005	1260	1610	1280	1263	1053	1112	1361	997	1517	1593
Aga_+_53511836.23-P1P2	Aga	309	898	798	1126	1095	1002	763	866	712	1912	906	1402	1272	639	734	836	684	724	669	730	743	756	873	866
Ren1_+_133350723.23-P1P2	Ren1	265	714	589	1175	952	961	785	918	666	1148	724	916	1391	330	752	845	629	539	490	626	579	660	781	900
Ap4s1_-_51691028.23-P1P2	Ap4s1	518	1398	1367	1823	1469	1686	1579	1500	839	1849	1623	1326	1516	2198	1069	1466	1165	849	928	1096	1147	1309	1382	1236
Kitl_-_100015877.23-P1P2	Kitl	490	1327	1315	2082	1905	1853	1695	1732	1480	2511	1526	1929	2116	2025	1268	1499	1186	1227	1067	1192	1290	1132	1708	1635
Sepsecs_+_52669678.23-P1P2	Sepsecs	317	948	944	1259	1087	955	616	615	562	1485	1035	1155	986	232	583	648	477	565	455	490	524	335	544	528
Sncg_+_34374632.23-P1P2	Sncg	396	790	761	1141	792	892	758	848	706	984	822	1073	1153	57	681	835	695	528	533	517	755	788	763	877
Egfr_-_16752239.23-P1P2	Egfr	612	1487	1341	1867	1761	1860	1720	1470	1469	2018	1887	2043	1980	1372	1282	1563	1174	1281	1054	1251	1232	1343	1578	1705
Cox7b2_+_71548226.23-P1P2	Cox7b2	364	1098	998	1633	1356	1538	1232	1409	919	1287	1405	1698	2369	711	1016	1123	954	949	740	1006	962	974	1339	1443
Klc4_+_46645984.23-P1P2	Klc4	476	811	671	1322	1098	1304	835	1182	887	1144	774	1233	1324	720	772	908	685	714	652	800	781	795	904	934
non-targeting_01120	non-targeting	230	668	774	1385	948	1046	999	1046	669	1618	977	1035	1822	636	733	723	698	675	572	672	696	689	931	797
Srrm2_-_23803410.23-P1P2	Srrm2	428	694	749	1039	854	981	768	860	718	1026	978	193	1585	684	556	854	616	523	582	645	652	672	715	788
Rbpj_-_53590738.23-P1P2	Rbpj	288	1265	981	1684	1459	1440	1102	1394	1039	1437	1300	1551	2808	554	1058	1352	967	951	813	871	1101	1019	1199	1265
Apoe_-_19698146.23-P1P2	Apoe	244	857	787	1038	874	1039	956	1052	822	1319	1165	1145	1093	937	775	845	742	697	595	712	750	709	999	1011
Prkca_+_108343876.23-P1P2	Prkca	508	1410	1364	2264	2097	1706	1638	1734	1370	1990	2060	1585	2119	627	1361	1641	1418	1187	1118	1238	1197	1221	1525	1604
Camk2b_-_6065293.23-P1P2	Camk2b	413	1155	1212	1726	1326	1270	1184	1176	831	2018	1281	1273	1030	1357	831	1082	882	805	765	909	980	978	1230	1072
Reps1_+_18055576.23-P1P2	Reps1	530	1166	703	1326	1342	1297	1490	1084	942	1291	1052	1464	1962	394	898	1031	959	821	811	878	835	824	1098	1241
Prx_-_27499336.23-P1	Prx_P1	478	1099	1129	1700	1654	1453	1213	1480	912	1710	1694	1458	1971	777	1075	1154	865	886	885	1125	1057	927	1221	1302
Mgrn1_-_4886268.23-P1P2	Mgrn1	381	1493	1270	2097	1689	1679	996	1508	1068	1771	1393	1442	1646	205	981	1559	1114	825	1007	1038	1089	1298	1388	1453
Cox6a2_-_128206303.23-P1P2	Cox6a2	579	909	926	1292	1232	1261	1032	1019	945	1047	1116	1425	1460	661	807	976	827	769	634	813	835	822	1081	1024
Ppp3ca_-_136670183.23-P1P2	Ppp3ca	537	1342	1196	1855	1771	1784	1524	1606	1339	2123	1969	2413	1903	1392	1389	1526	1170	1268	1065	1140	1367	1186	1573	1753
Hmox1_+_75093674.23-P1P2	Hmox1	441	1189	1149	1703	1717	1479	1119	1551	905	1562	1585	1615	1385	96	1040	1267	1052	928	1041	1100	959	1194	1444	1408
Cox6b1_+_30626031.23-P1P2	Cox6b1	563	1516	1376	2226	1827	1905	1653	1402	1419	2424	1187	1723	2303	1712	1273	1668	1418	1177	1181	1187	1140	1027	1458	1436
Ptgs2_-_150100156.23-P1P2	Ptgs2	551	1001	1055	1402	1402	1542	1335	1183	964	1788	1119	1520	1598	1035	1021	1034	998	870	870	910	945	926	1275	1184
Clcn6_+_148038782.23-P1P2	Clcn6	462	1144	1261	1693	1578	1520	1512	1543	1323	2296	1192	2074	1625	945	1209	1394	1196	1139	1006	1239	1196	1292	1587	1551
Tomm40l_+_171222394.23-P1P2	Tomm40l	535	1434	1508	1723	1760	1871	1594	1491	1507	1932	1445	2433	1786	1622	1242	1532	1277	1180	1023	1260	1281	1124	1700	1622
Rpgrip1_+_52111190.23-P1P2	Rpgrip1	570	1242	1000	1715	1653	1793	1556	1459	1429	2003	1945	1366	1648	733	1087	1498	1065	1073	1016	1188	1305	1119	1496	1680
Vwa3b_+_37153852.23-P1P2	Vwa3b	455	1049	821	1693	1531	1345	1377	1509	1000	1537	1335	1574	2044	180	1125	1320	981	915	887	980	1040	1165	1252	1331
Disc1_+_125054147.23-P1P2	Disc1	501	1139	1103	1563	1397	1592	1119	1296	1159	2025	1517	1927	2248	1064	1078	1153	965	1071	853	1030	966	1063	1415	1155
Rab5a_+_53479306.23-P1P2	Rab5a	588	1581	917	1798	1976	1785	1533	1478	1289	2622	1564	1707	2433	1052	1236	1151	1108	1141	1105	1160	1125	1183	1650	1684
Wnt8b_+_44493537.23-P1P2	Wnt8b	383	1073	945	1506	1555	1619	1245	1332	922	1073	1544	1630	1693	2087	1046	1224	1076	963	870	1027	1062	916	1298	1331
Pvalb_-_78206351.23-P1	Pvalb_P1	615	936	782	1490	1292	1327	1075	1403	751	1064	1166	1306	1750	1392	957	1135	1016	839	827	874	877	863	1077	978
Syt1_+_109010668.23-P1P2	Syt1	349	1145	983	1385	1515	1591	1265	1349	1196	1417	1467	1382	1807	827	1131	1225	922	1147	936	995	1038	971	1390	1407
Ace_+_105968014.23-P1P2	Ace	361	850	749	1381	1360	1129	977	1313	846	1106	1017	1134	1547	485	799	888	817	646	699	886	862	835	1025	969
non-targeting_02395	non-targeting	227	1048	1055	1287	1064	1391	946	1106	764	1812	1192	1687	1963	754	978	1020	942	833	776	894	1059	1100	1267	1125
Dcaf8_-_172148179.23-P1P2	Dcaf8	506	1036	1031	1509	1726	1583	1584	1762	1230	2216	1395	1708	2509	1038	1227	1473	1222	1253	1045	1189	1241	1383	1544	1745
Wnt7b_-_85581849.23-P1	Wnt7b_P1	698	1385	1448	2242	1958	1933	1324	1863	1483	2331	2186	2846	2914	1836	1428	1762	1536	1204	1202	1370	1316	1535	1942	1673
Ppargc1a_+_51553778.23-P1P2	Ppargc1a	432	1123	1024	1349	1476	1254	1015	1271	950	1441	797	917	1494	252	908	1139	1020	849	924	918	1043	894	1275	1327
Pin1rt1_+_104716163.23-ENSMUST00000099659.2	Pin1rt1	373	664	773	1093	764	850	682	867	685	1066	615	941	1278	21	561	745	544	525	524	516	590	504	702	915
Brca1_-_101551813.23-P1P2	Brca1	148	428	408	715	517	529	559	484	418	695	567	721	724	399	384	379	362	371	327	317	413	402	521	515
Serpina1e_-_103956475.23-P1	Serpina1e_P1	679	1664	1456	2355	2305	2244	2280	2249	1558	2658	2053	2451	2472	1497	1730	1836	1516	1421	1330	1526	1592	1563	1965	2068
Mnat1_-_73123954.23-P1P2	Mnat1	294	677	632	894	1098	815	752	840	742	1293	781	1081	650	998	684	702	588	601	600	683	673	626	720	663
Tac1_+_7555305.23-P1P2	Tac1	249	553	447	709	624	756	833	768	602	646	502	463	1359	21	491	633	456	408	391	476	512	379	719	652
Psmd14_+_61711803.23-P1P2	Psmd14	636	1455	1600	1749	1969	1456	997	1372	888	1380	1357	1462	2016	1123	846	917	796	662	699	848	919	764	910	966
Tiparp_-_65528494.23-P1P2	Tiparp	653	1191	1435	1973	1808	1784	1355	1576	1330	2956	1594	1852	1635	389	1116	1495	1213	858	1067	1097	1182	1220	1467	1488
Rab39b_-_75578145.23-P1P2	Rab39b	420	625	744	1281	1128	1150	1093	1018	868	1228	1222	1186	1858	1965	776	851	630	657	651	817	803	709	895	1026
Psmd7_-_107588373.23-P1P2	Psmd7	284	874	954	1204	1173	1063	953	1160	653	1314	1452	1244	1046	772	746	866	729	739	669	754	874	706	1075	857
Sgcg_+_61258358.23-P1P2	Sgcg	378	871	749	1291	1145	1194	1038	1103	902	1789	1077	1285	1556	200	923	1013	777	737	684	804	759	963	955	1122
Grn_-_102430520.23-P1P2	Grn	661	2070	1860	2394	2487	2317	2021	2160	1510	3321	2624	2845	2740	1310	1826	1933	1616	1661	1404	1655	1796	1705	2166	2322
Tia1_+_86404360.23-P1P2	Tia1	389	917	858	1204	1121	952	692	766	724	1081	1218	1125	1492	234	813	926	716	717	669	594	661	821	824	946
Psma6_-_55398883.23-P1P2	Psma6	640	1585	1300	2166	2034	1583	1048	1218	944	1140	1789	1246	1466	408	865	913	823	653	653	654	908	613	1009	929
Lox_-_52529586.23-P1P2	Lox	502	1096	950	1441	1371	1348	955	1171	930	1910	1213	1296	1069	1107	914	1077	883	786	842	948	975	1036	1219	1357
Araf_-_20848619.23-P1P2	Araf	1010	2261	2104	3269	2862	3195	2700	3279	2567	3505	2345	2837	3588	1873	2195	2658	2332	2014	1963	2325	2295	2149	2854	2860
Dnah2_-_69549040.23-ENSMUST00000108659.1	Dnah2	544	1244	1216	1772	1636	1619	1199	1559	1290	2403	1163	1784	2350	895	1167	1524	1051	1121	968	1084	1189	1031	1360	1670
Rbm8a_-_96630162.23-P1P2	Rbm8a	333	635	493	966	672	684	534	645	417	583	647	721	539	536	411	393	366	288	295	294	453	220	377	297
Tank_-_61578809.23-P2	Tank_P2	580	1444	1566	2461	1862	1926	1658	1623	1411	2261	1753	1863	2285	298	1277	1481	1250	1201	1101	1260	1341	1386	1680	1820
Casp1_-_5298719.23-P1P2	Casp1	254	808	525	984	809	853	719	881	633	555	651	612	950	316	580	725	576	690	485	597	595	737	658	882
Serpini1_+_75557534.23-P1P2	Serpini1	644	1332	1474	1935	1748	1703	1802	1508	1195	2669	2043	1867	2824	984	1367	1522	1245	1200	1116	1289	1303	1296	1591	1496
Iba57_-_59163709.23-P1P2	Iba57	412	767	716	1157	801	873	740	1075	568	747	589	928	1544	964	599	768	598	714	559	608	711	298	520	518
Pcna_-_132253186.23-P1P2	Pcna	399	868	846	1240	1264	1136	947	861	771	732	985	1197	957	1425	669	806	677	610	692	805	675	733	1066	1148
Cd200r1_-_44765849.23-P1P2	Cd200r1	555	1395	1479	2075	1897	1900	1827	2110	1466	1655	1717	1839	2322	1523	1455	1686	1548	1239	1157	1404	1501	1564	1717	1677
Eif2b2_-_85219702.23-P1P2	Eif2b2	412	1196	1077	1461	1779	1367	1035	1118	939	1326	1152	1400	1386	1987	733	980	698	714	694	781	744	662	961	906
Gabarapl2_+_111940716.23-P1P2	Gabarapl2	552	1540	1567	2360	1841	2000	1565	2274	1487	1888	1727	1688	2648	549	1321	1552	1347	1118	1139	1347	1427	1603	2017	1895
Ngb_-_87102298.23-P1P2	Ngb	302	754	792	1220	1054	1266	1323	1063	698	1332	1456	1180	1850	1214	852	1033	732	735	670	724	872	830	1132	1001
L1cam_+_73880746.23-P1P2	L1cam	530	1288	1329	2025	1954	1625	1427	1626	1160	1672	1459	1589	1904	549	1177	1314	1024	1090	1103	1142	1190	1081	1469	1386
Ptges_-_30903214.23-P1	Ptges_P1	271	901	709	1149	1129	920	981	869	678	1664	941	1122	1628	55	639	860	688	535	605	626	841	637	746	682
Arl6ip1_-_118129580.23-P1P2	Arl6ip1	456	969	1100	1275	1252	1076	1036	966	755	1176	972	1619	1286	1060	759	913	847	770	635	796	795	884	994	1090
Actr1a_+_46395721.23-P1P2	Actr1a	867	1564	1290	2086	1984	2039	1707	1795	1274	1861	1714	1287	1854	992	1489	1603	1371	1262	1241	1318	1284	1401	1696	1808
Gria2_+_80802695.23-P1P2	Gria2	394	901	788	1249	1318	1256	1017	1134	811	873	1126	1419	1103	627	1043	920	754	681	694	842	847	811	1101	1026
Dctn5_-_122133048.23-P1P2	Dctn5	526	1469	992	1887	1960	1781	1673	1592	1336	2584	1470	1710	2222	1566	1261	1509	1194	957	1011	1285	1226	1230	1626	1790
Mpo_-_87794171.23-P1P2	Mpo	515	915	835	1506	1342	1308	1133	1017	828	1707	1032	805	1562	693	941	945	809	900	848	784	901	693	1017	1240
Trim2_+_84220622.23-P1	Trim2_P1	318	926	717	1301	1003	1193	678	1161	618	1424	911	1399	1343	777	661	803	658	709	563	711	800	608	931	1025
Cacna1g_-_94473975.23-P1P2	Cacna1g	676	1213	920	1786	1983	1796	1382	1473	1221	2490	1789	1783	1617	2193	1087	1466	1197	906	1065	1278	1084	1238	1423	1473
Chchd2_+_129886958.23-P1P2	Chchd2	491	835	933	1236	958	1209	1176	908	937	1231	1210	1129	559	1052	858	905	894	740	662	847	846	817	1063	1008
Mpp1_-_75130940.23-P1P2	Mpp1	196	538	260	866	782	715	831	614	544	435	876	570	994	392	499	533	488	473	441	502	520	494	678	655
Nkx6-2_-_139582746.23-P1P2	Nkx6-2	409	825	840	1584	1434	1317	1243	1466	907	1811	1668	1406	1013	226	959	1023	783	933	748	925	904	1099	1106	1088
Klc2_+_5118241.23-P1P2	Klc2	403	944	969	1410	1444	1282	1027	1121	886	1904	1261	1293	1480	937	1057	1171	887	771	722	965	932	776	1247	1233
Cyp2d40_+_82763772.23-P1P2	Cyp2d40	598	1662	1251	2045	2033	1974	1626	1909	1427	2314	1828	2352	2654	886	1394	1596	1374	1121	1211	1332	1310	1142	1923	1844
Dnah3_-_120095273.23-P1P2	Dnah3	236	576	572	716	784	697	665	593	521	924	537	720	702	290	494	546	470	534	451	459	511	464	661	674
Tank_-_61578630.23-P2	Tank_P2	654	1188	1294	2051	1838	1876	1368	1659	1375	2119	1432	1504	2688	1713	1231	1363	1151	1051	1024	1242	1097	1283	1553	1576
Mme_+_63296202.23-P2	Mme_P2	410	1116	796	1368	1262	1325	1051	1193	960	1577	1433	879	867	932	791	974	777	793	692	892	923	757	1107	1121
Cacna1b_+_24763106.23-P1P2	Cacna1b	552	1409	1172	1646	1711	1633	1441	1572	1035	2079	1711	1736	2410	636	1207	1407	1034	819	1000	1163	1203	1027	1405	1430
Tuba8_+_121210828.23-P1P2	Tuba8	341	1106	937	1702	1152	1486	1227	1366	1093	1637	1416	1431	1408	2115	1063	1198	1047	962	840	949	949	1080	1210	1440
Ndufb9_+_58934033.23-P1P2	Ndufb9	625	1101	1225	1855	1527	1675	1350	1372	1200	1389	1824	1629	1447	1215	1095	1364	933	1086	921	1115	1307	1082	1614	1436
Abcb1a_+_8660124.23-P1P2	Abcb1a	180	455	492	666	757	581	597	471	448	324	809	348	899	16	501	597	439	427	414	395	440	527	656	461
Bscl2_+_8837469.23-P2	Bscl2_P2	387	841	821	1175	876	1012	1007	816	752	1584	1037	1033	1339	180	648	772	665	562	532	637	732	688	722	801
Htr2a_+_74640974.23-P1P2	Htr2a	591	1287	1103	1715	1742	1701	1375	1407	1132	2212	1510	1412	1619	1220	1068	1312	958	1050	896	1102	1198	1259	1454	1453
Cfl2_-_54862765.23-P1P2	Cfl2	702	1795	1887	2298	1987	2444	1970	2295	1608	3296	2184	2419	2143	1339	1738	1919	1392	1352	1428	1500	1746	1747	2311	2161
Il6_+_30013325.23-P1P2	Il6	562	1268	1109	2096	1654	1475	1515	1331	1246	2232	1707	1698	1984	1471	1248	1450	1125	1034	975	1062	1225	1202	1502	1484
Tbcd_+_121452012.23-P1P2	Tbcd	568	1172	1272	1797	1629	1349	821	718	821	1132	848	1095	660	369	595	540	426	415	367	512	498	390	654	472
Mfn1_+_32529625.23-P1P2	Mfn1	478	1062	1164	1746	1770	1611	1515	1382	1119	1907	1881	1759	1894	2267	1148	1294	1053	974	1092	1052	1038	936	1595	1466
Hspa5_+_34772114.23-P1P2	Hspa5	455	1105	1165	1728	1508	1226	705	1050	694	1588	1322	1356	1333	771	710	787	612	446	574	521	589	531	708	544
Lmnb1_+_56707934.23-P1P2	Lmnb1	259	853	808	1075	1162	989	855	887	654	2010	734	1574	1133	1211	723	679	642	633	623	705	676	764	878	896
Pik3cb_-_99140178.23-P1P2	Pik3cb	359	1376	1401	1897	1747	1485	1638	1567	1301	1692	1724	1989	2605	1997	1328	1486	1275	1208	1021	1088	1177	1115	1751	1439
Kctd7_-_130144929.23-P1P2	Kctd7	415	964	648	1437	1352	1281	1082	1157	851	1685	1038	1210	1515	471	788	990	850	616	762	779	795	922	904	1227
Ppp2r2b_+_43059486.23-ENSMUST00000025377.7	Ppp2r2b	326	912	879	1424	1011	1174	1181	968	732	1835	1039	1541	1319	743	887	991	754	722	726	779	894	657	1227	1178
Prkcg_+_3303638.23-P1P2	Prkcg	432	950	1141	1452	1646	1248	1281	1150	750	1547	1057	915	1727	2105	851	1079	717	807	876	892	780	1013	1108	1106
Sorl1_-_42124077.23-P1P2	Sorl1	361	612	802	1039	945	806	638	1082	586	552	1173	857	946	296	500	711	559	542	541	512	690	616	724	778
Pde9a_-_31386474.23-P1P2	Pde9a	447	771	792	1583	1104	1301	1041	1321	865	1320	1165	1288	1046	767	909	964	865	921	804	812	865	810	996	1125
Cln5_+_103070320.23-P1P2	Cln5	474	760	651	1082	962	1045	750	992	808	1384	986	901	1469	1161	784	859	655	643	670	780	722	714	936	987
Mapk9_-_49846799.23-P1P2	Mapk9	394	852	972	1107	1040	875	740	637	702	790	726	1153	984	551	744	882	660	677	618	702	670	408	610	638
Cx3cl1_+_94772276.23-P1P2	Cx3cl1	330	725	907	1129	1231	1198	951	995	837	1875	882	816	1141	1661	915	973	710	834	681	830	819	765	1157	1056
Padi4_-_140774219.23-P1	Padi4_P1	582	1250	1300	1675	1431	1486	1274	1283	1138	2134	1693	1533	2248	1364	1140	1151	962	978	831	1028	1071	1115	1446	1492
Plcb3_-_6969697.23-P1P2	Plcb3	584	1377	1113	2323	1996	1961	1625	1542	1455	1904	1336	1709	1743	1076	1233	1524	1142	1190	1147	1184	1385	1212	1671	1665
Dao_-_114003890.23-P1P2	Dao	778	1425	1188	2212	1871	1762	1814	2010	1177	2085	1456	2151	2861	1747	1182	1595	1225	1231	1082	1352	1237	1309	1746	1685
Galc_+_98259325.23-P1P2	Galc	528	1637	1438	2061	1854	1892	1423	1608	1292	2234	1614	2294	2594	1457	1231	1640	1242	1174	1081	1238	1155	1222	1447	1728
Ryr2_-_12106658.23-P1P2	Ryr2	543	1273	1293	2257	1677	1704	1313	1479	1394	1900	2058	1795	2144	1082	1269	1477	1197	1054	1088	1103	1174	1227	1705	1557
Sncb_+_54766494.23-P1P2	Sncb	422	843	747	884	838	1069	828	861	789	1191	840	1000	802	851	810	887	681	653	564	699	781	735	909	929
Il13ra1_-_36112157.23-P1P2	Il13ra1	567	1258	1322	1928	1861	1788	1988	1715	1171	1887	1360	1939	1809	678	1147	1464	1142	1137	1023	1267	1487	1345	1350	1477
Bhlhb9_-_135885949.23-P1P2	Bhlhb9	617	1460	1354	1899	1895	1769	1585	1602	1118	1837	1628	1502	1809	1000	1116	1483	1121	1221	950	1191	1206	1225	1447	1542
Nptx1_+_119547712.23-P1P2	Nptx1	421	1421	1031	1681	1577	1576	1397	1355	1062	2050	1693	1456	2230	1494	1158	1360	1083	1131	899	924	1154	1084	1518	1574
Tppp_+_74009457.23-P1P2	Tppp	406	766	748	1053	1077	1059	825	1060	813	1188	1302	1401	1024	80	692	868	680	685	807	757	850	730	943	1019
Gemin4_+_76243510.23-P2	Gemin4_P2	532	1202	1022	1277	1352	1305	1102	1282	956	1420	1089	1631	1275	1981	907	1012	798	858	873	861	1026	830	1116	1005
Lamc2_+_153186524.23-P1P2	Lamc2	154	452	492	652	411	546	442	563	405	894	334	233	574	563	355	490	335	391	280	379	354	356	417	457
non-targeting_03541	non-targeting	562	1002	1050	1220	1267	1347	1213	1283	949	2081	1112	1340	1697	840	998	1180	913	805	788	982	1002	1104	1207	1396
Tac1_-_7555150.23-P1P2	Tac1	396	1213	928	1552	1620	1443	1380	1184	910	2010	1528	1828	2030	1880	1053	1174	1111	883	859	940	1032	1076	1449	1270
Ap5z1_+_142464084.23-P1P2	Ap5z1	549	1415	1331	1919	1880	1809	1342	1427	1156	2012	1855	1847	2726	122	1295	1383	1201	1157	1036	1217	1175	1427	1558	1445
Gpnmb_-_49036700.23-P1P2	Gpnmb	384	1357	1306	1950	2051	1655	1281	1465	1138	1894	2095	1791	1785	463	1085	1319	1245	1099	949	1127	1082	1217	1619	1545
Hmox1_+_75093685.23-P1P2	Hmox1	428	979	971	1618	1395	1466	1017	1100	745	1546	1286	1465	1042	834	901	1210	803	753	912	975	991	999	1185	1335
Msc_-_14755952.23-P1P2	Msc	294	1060	870	1465	1377	1456	1312	1146	887	1447	1580	1373	1286	1989	774	1171	889	804	800	937	837	965	1066	1269
Pus1_+_110780544.23-P1P2	Pus1	837	1822	1900	2530	2512	2220	2063	2150	1598	1839	1616	2840	2720	1430	1792	1931	1674	1616	1439	1802	1677	1542	2056	2008
Hdac1_-_129542689.23-P1P2	Hdac1	218	997	1060	1320	1117	1255	1041	945	853	2361	920	1812	1342	789	881	943	765	712	774	915	883	911	973	1177
Sdha_+_74350204.23-P1P2	Sdha	475	1297	980	1839	1551	1618	1147	1281	911	1125	1376	1533	1297	725	785	927	799	587	664	820	908	465	796	699
Pfn1_+_70654580.23-P1P2	Pfn1	403	926	823	1646	1451	1241	1091	1331	889	1476	1469	1741	1185	565	956	1073	704	815	731	859	779	794	1061	1125
Trim2_-_84259728.23-P2	Trim2_P2	358	571	442	679	919	669	706	701	476	599	606	619	672	363	496	461	450	380	391	429	432	493	680	709
H2-M10.1_-_36326133.23-ENSMUST00000025322.7	H2-M10.1	331	945	872	1364	1416	1328	1047	1238	1008	1384	1293	1090	1020	1323	881	1164	867	892	715	774	959	838	1029	1082
Sigmar1_-_41741259.23-P1P2	Sigmar1	464	1513	1428	2060	1585	1714	1173	1605	1512	2034	1839	1916	1906	243	1141	1477	1086	1006	1079	1233	1204	1000	1667	1675
Glb1_+_114401173.23-P1P2	Glb1	281	1132	1066	1441	1285	1308	1141	1261	1137	1271	1468	1093	1447	1098	934	1086	1109	895	914	932	1106	1138	1265	1368
Cacna1b_-_24763096.23-P1P2	Cacna1b	395	1176	1066	1540	1579	1333	997	899	919	1926	1225	1657	1317	1657	1001	1070	979	698	810	820	940	1011	1237	1173
Bdnf_+_109693651.23-P1P2	Bdnf	624	1451	1235	1683	1712	1566	1412	1295	1191	2194	1270	1710	1540	582	1095	1458	1071	1158	1040	1084	1131	1061	1536	1494
Cyp2d34_+_82620645.23-P1P2	Cyp2d34	341	1048	1108	1418	1451	1455	1646	1292	1062	1948	911	1362	1883	1340	957	1102	969	817	717	970	1018	805	1097	1401
Cybb_-_9469260.23-P1P2	Cybb	263	710	686	1136	1143	1167	975	725	762	1048	1524	1078	1367	1626	785	887	798	729	679	685	733	786	1019	974
Aaas_+_102350603.23-P1P2	Aaas	547	1284	1121	1717	1665	1672	1321	1230	1090	1488	1625	1888	1883	811	1050	1397	1071	1084	1017	1120	1102	1328	1245	1558
Anp32a_+_62341429.23-P1P2	Anp32a	362	849	839	1131	964	1169	987	1117	867	1616	1347	932	1386	947	865	836	729	829	654	577	732	569	1099	1001
Calb2_-_110168115.23-P1P2	Calb2	468	1105	1284	1447	1236	1450	1330	1126	1150	1602	1419	1009	1857	1827	1063	1155	1052	826	837	1059	1061	1225	1207	1408
Dyrk1a_+_94569901.23-P1P2	Dyrk1a	549	1286	1128	1491	1463	1365	1435	1385	1046	1696	1314	1344	1665	1150	991	1300	964	939	856	982	1136	1078	1278	1221
Atxn3_-_101957943.23-P1P2	Atxn3	470	1169	1211	1450	1507	1395	1414	1336	1007	1547	1717	1197	1616	693	1028	1338	1066	924	823	946	1011	972	1262	1283
Ppt1_+_122836300.23-P1P2	Ppt1	485	1705	1144	1832	2189	1688	1641	1410	1331	2828	1691	1563	2114	637	1275	1544	1257	1267	1136	1245	1166	1059	1611	1443
non-targeting_02619	non-targeting	533	1165	1041	1552	1915	1531	1406	1388	1295	1852	1023	1302	2294	2583	1201	1334	1080	956	1055	1117	1252	1177	1711	1544
Cxcl10_-_92348867.23-P1P2	Cxcl10	322	1078	1067	1154	1516	1529	1262	1168	936	1462	1029	1588	1944	510	1074	1107	963	1040	764	805	984	1012	1331	1162
Gpx8_+_113046371.23-P1P2	Gpx8	418	1013	1003	1456	1177	1203	1375	1340	906	1462	1194	1298	987	1109	976	899	724	767	687	767	864	724	1099	909
Ramp2_+_101246023.23-P1P2	Ramp2	503	1331	1129	1896	1556	1600	1215	1422	1181	2295	1673	1854	1703	1520	1191	1400	1189	1088	983	1100	1115	1021	1639	1517
Crebbp_-_4213282.23-P1P2	Crebbp	570	1428	1332	1979	1807	1767	1685	1566	1244	2369	1580	2366	1807	2046	1235	1571	1261	1284	1172	1436	1209	1214	1678	1597
Eif2ak3_-_70844809.23-P1P2	Eif2ak3	242	725	532	1055	813	894	719	860	754	1371	380	458	1428	1561	586	824	636	625	637	654	741	793	932	806
Tfg_+_56717220.23-P1P2	Tfg	282	1030	721	1441	1110	940	830	840	632	808	1392	1000	896	163	617	616	514	467	415	471	524	318	680	514
Serpina1a_-_103863505.23-P1P2	Serpina1a	221	454	440	766	433	582	450	538	437	645	508	501	876	990	360	544	366	311	370	344	439	391	504	521
Prkar1b_+_139129666.23-P1P2	Prkar1b	483	1228	1015	1654	1253	1473	1421	1277	993	1849	1193	2078	1884	1311	987	1022	904	919	916	968	1074	1135	1229	1260
Als2_-_59237256.23-P1P2	Als2	356	719	401	1049	1108	842	728	898	647	899	699	1198	1497	567	717	819	725	791	525	587	791	570	833	898
Eif4g1_-_20672748.23-P1P2	Eif4g1	688	1853	1160	2154	2199	2073	1544	1998	1550	2355	2135	2120	2495	1301	1379	1871	1383	1477	1235	1433	1373	1266	1925	1707
Cd200r3_+_44943756.23-P1P2	Cd200r3	646	1535	1595	1948	1708	1888	1805	1903	1139	1678	1156	1029	1523	638	1438	1517	1315	1329	1100	1346	1161	1450	1633	1876
Plxna4_+_32588181.23-P1P2	Plxna4	505	1277	1382	1621	1629	1600	1280	1320	941	1892	1325	2160	2270	2349	1107	1389	1106	957	920	1151	1061	1241	1549	1391
Hexa_-_59539716.23-P1P2	Hexa	502	1248	1041	1669	2028	1492	1080	1549	1007	1049	1518	1362	1737	670	991	1147	933	967	880	836	1117	1055	1159	1337
Ndufc2_+_97400141.23-P1P2	Ndufc2	307	883	885	1116	1005	999	907	1027	689	1304	1431	1135	1445	1494	655	935	613	735	677	686	766	593	979	1015
Msh2_-_87672601.23-P1P2	Msh2	510	1198	1033	1792	1871	1676	1268	1341	1088	1420	1870	1356	1453	1620	1167	1173	966	894	845	1110	1029	993	1456	1378
Cast_+_74807902.23-P1P2	Cast	701	1542	1342	2105	1927	2266	1798	2014	1303	2376	2074	3110	2633	1878	1583	1510	1488	1350	1328	1428	1549	1583	1807	1709
Maneal_+_124862226.23-P1P2	Maneal	362	1137	847	1441	1284	1166	1049	1084	883	1272	1292	1404	1131	298	923	988	854	726	739	942	842	1057	1197	1134
Fggy_-_95579522.23-P2	Fggy_P2	222	563	729	1029	947	788	789	881	598	1074	796	1033	758	279	451	686	497	535	503	502	603	406	757	723
Idua_+_108669491.23-P1P2	Idua	437	1118	1036	1451	1457	1371	1353	1291	1145	1722	1509	1578	1135	2039	925	1281	959	965	867	912	937	1096	1198	1208
Peg12_-_62464475.23-P1P2	Peg12	176	541	460	946	664	775	507	696	669	1008	658	766	449	369	492	570	490	434	429	432	411	474	573	509
Hexb_-_97198070.23-P1P2	Hexb	223	612	533	831	565	792	539	544	508	877	702	649	1054	240	493	500	554	464	416	527	555	514	605	660
Ppp3ca_-_136670230.23-P1P2	Ppp3ca	234	869	970	1321	1518	1159	1040	1220	910	1511	1427	1042	1767	473	888	992	1024	852	762	934	956	1046	1100	1137
Pmpca_-_26389385.23-P1P2	Pmpca	420	833	962	1719	1436	1336	965	992	751	1814	900	1334	2193	897	854	988	813	533	682	749	767	932	1040	908
Plcb4_-_135741862.23-ENSMUST00000110109.1	Plcb4	370	1019	916	1479	1415	1527	1221	1371	783	1000	1109	1414	1188	491	883	1166	792	908	714	919	943	1063	1289	1207
Hmgb1_+_149051384.23-P2	Hmgb1_P2	363	919	707	1367	905	1244	964	1240	1079	1195	1083	1483	2165	501	972	935	748	947	755	775	847	949	1117	1049
Atp2b3_+_73503134.23-P1P2	Atp2b3	606	1536	1405	2223	1953	2135	1593	1874	1199	2265	1749	2204	2511	1994	1347	1520	1361	1299	1159	1386	1385	1467	1801	1889
Tmem175_-_108629873.23-P1P2	Tmem175	507	1420	1258	1689	1981	1655	1418	1537	1173	2240	1728	1775	592	2320	1282	1499	1207	1075	1065	1304	1251	1041	1517	1609
Nt5c2_+_46962246.23-P1P2	Nt5c2	639	889	883	1335	1275	1461	1439	1334	921	1473	1298	1390	1406	949	784	1218	889	848	776	968	960	950	1204	1214
Khdrbs1_-_129742203.23-P1P2	Khdrbs1	234	667	830	1038	758	931	673	930	685	478	1285	555	595	243	647	808	632	562	522	593	636	606	731	816
Tbp_-_15499957.23-P1P2	Tbp	870	1996	1733	2664	3120	2453	2498	2260	1685	3258	2447	2877	3397	1356	1722	2069	1697	1543	1469	1778	1905	1732	2034	2106
Uba7_+_107975775.23-P1	Uba7_P1	504	1190	1227	1876	1581	1492	1272	1231	1017	1767	1426	1824	2114	1381	1304	1372	1088	1218	937	1140	1072	1111	1255	1333
Gjc2_+_59182780.23-P1P2	Gjc2	413	927	1043	1420	1297	1260	1143	1337	927	1330	1432	1344	1629	236	884	1020	914	760	728	785	954	955	1016	1043
Txnrd1_-_82859247.23-P1P2	Txnrd1	443	1556	1472	2047	1993	1692	1476	1591	1428	2351	1536	2121	2218	1448	1323	1500	1334	1159	1152	1402	1194	1160	1523	1585
Mbp_+_82554762.23-P1P2	Mbp	473	1289	1144	1694	1494	1518	1042	1215	1133	1754	1626	1375	1831	1956	1085	1330	952	968	901	996	1040	901	1602	1320
Erbb2_+_98412578.23-P1P2	Erbb2	417	798	818	1279	845	1164	1002	927	838	1375	1098	1284	1291	1146	795	781	740	640	605	699	794	925	909	1172
Slc19a3_+_83038353.23-P1P2	Slc19a3	594	1525	1546	2045	2726	2118	1965	1835	1355	2867	2036	1859	3395	2145	1386	1649	1225	1268	1242	1401	1481	1389	1648	1672
Gabarapl2_+_111940749.23-P1P2	Gabarapl2	308	890	671	1156	1096	1157	943	1176	746	1379	1083	1152	1499	393	713	902	756	685	650	783	777	739	880	1031
H2-M9_-_36642597.23-P1P2	H2-M9	423	1583	1297	2093	1487	1775	1737	1745	1511	1745	1444	2038	1684	552	1464	1533	1136	1270	1078	1257	1428	1291	1659	1736
Sox2_-_34650042.23-P1P2	Sox2	530	1298	970	1944	1785	1656	1435	1608	1243	2144	1445	1881	1507	592	1139	1520	1160	1145	1033	1044	1120	1042	1375	1374
Slc52a3_-_151996570.23-P1	Slc52a3_P1	533	1041	820	1427	903	1455	944	1336	862	1604	1485	1280	1864	1183	863	1194	965	842	700	896	950	1010	1266	1141
Angpt4_-_151911266.23-P1P2	Angpt4	326	679	832	1253	1035	1108	856	976	679	1469	772	954	813	39	579	757	591	605	551	730	627	725	778	928
Ndufa6_+_82354221.23-P1P2	Ndufa6	717	1869	1745	2591	2349	2676	2065	2503	1883	2666	2089	2028	2527	917	1748	1831	1703	1431	1328	1655	1580	1646	2256	2164
Fzd3_-_65262425.23-P1P2	Fzd3	365	1025	831	1346	1341	1160	1124	1263	758	1268	1232	1120	1756	232	796	916	809	766	743	736	762	925	1097	1185
H2-M11_+_36547339.23-ENSMUST00000041964.6	H2-M11	407	912	920	1399	1531	1311	1121	1224	826	1230	1463	1783	1965	834	850	1106	861	779	813	942	897	926	1236	1360
Smurf2_+_106920676.23-P1P2	Smurf2	299	894	748	944	983	1141	999	882	860	1255	720	1077	1091	367	767	932	648	663	663	659	763	632	1120	1178
Cstb_-_78425801.23-P1P2	Cstb	383	926	894	1067	1306	898	1080	823	750	1287	770	1166	1299	895	588	685	492	601	413	515	410	316	449	466
Oxr1_+_41788887.23-ENSMUST00000170127.1	Oxr1	431	1074	1025	1487	1272	1345	1273	1357	937	1406	1391	1512	2025	1552	935	1195	1045	778	770	1031	959	1022	1118	1212
Htra2_+_83054431.23-P1P2	Htra2	252	998	651	1177	786	853	635	644	615	1013	507	464	1084	1316	379	385	444	481	314	355	488	220	355	524
Myoc_+_162639164.23-P1P2	Myoc	606	1291	1110	1705	1653	1516	1256	1391	1158	2410	1366	1430	1917	1326	1017	1387	961	1137	982	832	1006	1119	1458	1337
Exosc8_+_54735017.23-P1P2	Exosc8	279	591	661	943	1141	1089	1100	940	627	1827	969	1317	1131	216	804	992	683	745	691	725	803	681	875	1004
Brca1_+_101551819.23-P1P2	Brca1	332	1002	971	1395	1067	1173	971	1178	903	1817	1100	1316	1313	123	816	966	815	768	711	792	757	957	1204	924
Atm_+_53536549.23-P1P2	Atm	350	932	783	1211	1292	1231	894	1141	814	1219	683	857	1189	181	816	905	769	732	704	731	787	796	921	966
Tsen34_+_3693822.23-P1P2	Tsen34	422	1111	1236	1703	1517	1543	1251	1429	902	1684	1688	1461	2546	1029	1048	1310	1031	852	1002	953	1222	1149	1307	1466
Ern1_-_106487777.23-P1P2	Ern1	582	1624	1299	1821	1883	1630	1431	1552	1291	2177	2011	1901	2041	350	1143	1386	1183	1074	982	1184	1372	1305	1478	1690
Colec11_-_28623219.23-P1P2	Colec11	750	1859	1657	2814	2126	2044	1874	1859	1511	2795	1859	2165	2033	1684	1507	1844	1457	1476	1278	1597	1399	1633	2274	1828
Tubb2a_-_34077993.23-P1P2	Tubb2a	587	1918	1695	2228	2346	2324	2020	2331	1676	2617	2093	2795	2494	3391	1746	1985	1513	1412	1379	1595	1604	1849	2043	1966
Lrp6_-_134566761.23-P1P2	Lrp6	420	1066	1004	1464	1410	1278	1133	1184	888	1522	1512	1215	1288	1225	973	1029	854	770	829	930	936	1078	1189	1305
Ryr1_-_29125097.23-P1P2	Ryr1	315	1031	694	1339	1103	1142	1128	1111	919	1825	1116	1122	1454	950	890	987	816	782	726	752	732	890	1016	1095
Sncaip_+_52768278.23-P1P2	Sncaip	353	735	530	1198	919	953	809	839	819	1200	693	910	1005	1250	650	690	605	514	506	610	605	610	932	778
Pde4d_+_109953895.23-P1P2	Pde4d	330	715	657	941	1043	879	826	1104	614	973	1041	1173	1113	505	544	899	730	639	613	684	614	732	874	844
Echs1_-_140116331.23-P1P2	Echs1	229	774	483	974	868	690	647	633	514	981	914	832	925	1007	445	629	470	458	455	538	562	441	748	617
Sh3tc2_+_61953080.23-P1P2	Sh3tc2	257	596	605	1000	1100	765	618	615	424	998	946	973	721	287	497	590	450	470	512	473	595	677	613	772
Capn2_+_182517246.23-P1P2	Capn2	342	1168	1050	1262	1307	1200	970	1027	1005	1929	1084	1480	1436	604	953	1128	969	867	875	1071	1037	957	1176	1300
Cd36_+_17835651.23-P1P2	Cd36	430	1363	1226	2051	1675	1748	1417	1704	1176	1859	923	1498	2033	1469	1327	1538	1023	1023	962	1310	1141	1081	1549	1456
Ppara_+_85735855.23-P1P2	Ppara	266	570	744	1173	1139	1018	679	790	601	817	687	658	873	250	590	700	559	605	491	632	593	545	733	865
non-targeting_03947	non-targeting	402	1426	1434	1782	1442	1733	1164	1466	1255	1599	1126	1732	1756	1201	1245	1367	1030	1219	1084	1011	1110	1255	1294	1573
Apoe_-_19698125.23-P1P2	Apoe	257	679	635	910	760	724	671	738	555	1198	797	1180	1399	447	564	722	690	468	469	573	669	580	811	667
H2-T24_-_36020519.23-P1P2	H2-T24	496	1674	1631	2838	2180	2133	1770	1933	1584	2415	1827	2581	2357	1546	1573	1954	1479	1427	1321	1490	1427	1513	1835	2105
Prickle1_+_93519458.23-P2	Prickle1_P2	515	1238	985	1644	1524	1389	972	1311	949	1579	1361	1636	1211	1183	882	1134	875	967	825	968	973	960	1195	1508
Prdm12_+_31639831.23-P1P2	Prdm12	204	667	716	798	820	830	778	760	782	1158	1012	857	555	780	631	675	574	468	480	521	550	549	681	863
Bcl11b_+_108004032.23-P1P2	Bcl11b	410	881	1084	1450	1178	1184	787	915	756	1182	1001	731	1201	820	753	816	687	569	629	701	641	421	978	932
Eif4g2_+_111082977.23-P1	Eif4g2_P1	433	1301	964	1587	1516	1699	1342	1474	1003	2374	1590	1123	1677	1335	1037	1264	859	1070	906	1062	1246	1034	1638	1416
Elavl4_-_110287482.23-P1P2	Elavl4	627	1437	1525	1970	1853	1943	1693	1804	1352	2010	1276	2398	2216	2029	1401	1520	1318	1362	1077	1285	1515	1285	1769	1882
Il2_+_37125689.23-P1P2	Il2	499	1210	1121	1610	1319	1412	1179	1537	1002	1814	1489	1537	1599	1053	1008	1151	886	1025	785	855	993	1001	1194	1310
Cyp2d10_+_82406851.23-P1P2	Cyp2d10	336	1533	1386	1534	2163	1727	1567	1544	1156	1747	2006	1722	1760	857	1204	1436	1180	1093	1044	1108	1033	1166	1513	1544
Tuba8_+_121210850.23-P1P2	Tuba8	404	920	665	1495	1363	1224	1080	1272	1215	1289	1053	1256	1519	647	763	995	719	806	676	857	925	822	929	996
Tiparp_+_65528489.23-P1P2	Tiparp	346	875	977	1774	1176	1397	1247	1114	900	1798	1847	1595	1600	1499	961	1034	918	872	784	969	962	1025	1354	1075
Gsr_+_33653615.23-P1P2	Gsr	730	1497	1686	1862	2134	2028	1573	1704	1500	2663	2531	2931	2742	1354	1431	1511	1427	1274	1087	1400	1390	1306	1842	1709
Scn8a_+_100871150.23-P1P2	Scn8a	389	1283	1098	1827	1586	1588	1348	1599	1042	1309	1767	1916	1953	749	1098	1340	1052	993	1093	1073	1036	1084	1398	1339
non-targeting_02861	non-targeting	806	1888	1805	2462	2216	2426	2054	2245	1646	2836	2371	2265	2981	3238	1766	2093	1703	1527	1550	1706	1711	1857	1911	2080
Tmem230_+_132247535.23-P1P2	Tmem230	268	792	597	1062	977	1129	953	1094	590	1321	982	702	1135	325	744	780	642	639	603	691	630	595	840	801
Padi4_+_140750500.23-P2	Padi4_P2	352	1128	854	1273	1326	1426	859	1464	1014	1530	1520	1540	1615	784	819	1287	832	833	828	834	1022	950	1402	1213
Fgf14_-_124193027.23-ENSMUST00000026631.5	Fgf14	319	1027	1009	1564	1511	1334	1383	1264	1024	1934	1291	1449	1660	560	964	1235	926	873	878	1044	997	1044	1240	1245
Hmbs_+_44342211.23-P1	Hmbs_P1	673	1795	1564	2091	2192	1891	1716	1757	1476	2146	1778	1535	2057	1235	1444	1492	1250	1542	1200	1307	1388	1321	1585	1766
Mapk3_-_126759904.23-P1P2	Mapk3	704	1926	1523	2231	2281	2055	1591	1633	1420	2026	1733	2253	1570	1739	1143	1646	1425	1234	1239	1403	1390	1422	1842	1929
Wnt10a_+_74792087.23-P1P2	Wnt10a	516	1264	820	1616	1326	1411	1129	1282	985	2541	1169	1802	1570	920	928	1072	957	856	868	988	886	1088	1407	1427
Epo_-_137533204.23-P1P2	Epo	775	1682	1699	2580	1943	2058	1849	1831	1711	1991	2201	2362	3150	2475	1658	1839	1465	1285	1205	1481	1537	1683	1973	1750
Atl1_+_69893307.23-P1P2	Atl1	228	938	828	1200	1045	950	900	833	749	1254	990	1397	1130	419	897	955	624	691	658	712	797	735	910	925
Wnt5b_+_119544253.23-P1P2	Wnt5b	259	635	697	971	790	971	856	880	733	1001	889	1055	700	20	638	937	668	780	597	693	675	833	980	950
Ndufa13_-_69902766.23-P1P2	Ndufa13	499	1028	679	1191	1248	1361	1150	1303	1030	1798	1438	1552	1598	1031	974	1086	768	714	850	872	965	987	1038	1102
Mmp9_-_164948532.23-P1P2	Mmp9	719	1761	1853	2396	2740	2315	2003	2156	1501	3288	2004	2270	2787	1234	1752	2061	1641	1480	1551	1475	1685	1649	2090	2037
Mapk1_+_16983480.23-P1P2	Mapk1	276	953	773	1089	1384	1139	865	1213	646	1259	836	1001	1046	591	858	887	804	771	666	836	838	802	870	986
Txn2_-_77927871.23-P2	Txn2_P2	341	845	843	1309	1147	1220	829	1110	773	1496	1132	1415	1044	1664	787	972	921	818	676	926	834	866	1028	1100
Hdac4_+_92148338.23-ENSMUST00000008995.8	Hdac4	265	1048	856	1407	1182	1521	973	1445	1013	1735	1840	1488	1858	1179	1189	1302	935	909	927	1081	951	1029	1206	1283
Vwa3b_+_37153892.23-P1P2	Vwa3b	146	596	570	675	578	801	684	649	576	1179	760	671	738	1392	594	652	449	422	460	574	559	520	567	768
Klc4_+_46645074.23-P1P2	Klc4	224	534	616	1161	964	954	771	903	719	1224	856	1185	897	202	737	864	579	604	633	654	746	633	849	776
Tfcp2_+_100551908.23-P1P2	Tfcp2	326	958	811	1143	776	1069	974	1116	847	1720	990	812	1242	1214	773	845	718	653	607	714	732	848	912	853
Uqcrc2_+_120635297.23-P1P2	Uqcrc2	471	1208	1021	1741	1577	1684	1556	1441	1111	2018	1711	971	1544	1562	1089	1274	1016	1006	927	998	1117	709	1177	1176
Cyp2d10_-_82407195.23-P1P2	Cyp2d10	488	1307	940	1601	1436	1761	1384	1280	992	2046	1706	1742	1370	588	1135	1234	1137	906	896	1028	935	1042	1143	1319
Dnajc6_+_101508040.23-P1P2	Dnajc6	200	687	468	702	541	686	591	508	597	417	940	552	472	594	425	505	494	597	423	449	460	471	508	570
Ppara_-_85735815.23-P1P2	Ppara	585	1259	1323	1569	1471	1689	1366	1457	1058	1309	1263	1762	2078	201	1095	1266	1093	935	848	859	1121	1148	1378	1341
Ndufb2_-_39592672.23-P1P2	Ndufb2	766	1696	1443	2313	1983	2000	1682	1697	1500	2539	1635	2720	2267	820	1471	1705	1330	1202	1265	1396	1367	1363	1473	1742
Bcl6_+_23988610.23-P1P2	Bcl6	408	920	977	1428	1509	1324	1208	1021	1034	1429	1193	1341	1642	683	877	1039	865	881	701	895	855	1028	1212	1141
Pde8b_+_95222970.23-P2	Pde8b_P2	257	936	866	945	1339	1149	1106	1026	924	1697	1124	1450	1251	1350	742	957	990	764	646	869	847	764	985	1102
Sncb_+_54766211.23-P1P2	Sncb	386	1050	939	1567	1296	1433	1047	1263	900	775	1641	1135	1247	831	918	1042	924	785	822	882	992	820	1146	1087
Esr2_+_76177006.23-P1P2	Esr2	433	991	809	1235	806	994	848	922	650	1287	796	1061	1043	1012	743	832	748	651	732	728	698	914	872	842
Cln8_+_14888901.23-P1P2	Cln8	232	674	552	946	1265	1076	826	984	728	1179	1198	879	1328	1286	656	733	691	513	583	774	704	480	763	715
Pabpc4_+_123282707.23-P1P2	Pabpc4	454	1537	1174	1647	1644	1849	1361	1531	1376	2094	1655	2031	1694	1397	1184	1303	1169	1065	1078	1222	1201	1109	1635	1452
Psmc2_-_21785311.23-P1	Psmc2_P1	242	645	379	926	897	773	573	658	427	619	392	928	819	404	415	571	409	402	430	449	518	564	626	761
Cox7a2l_-_83514089.23-P1P2	Cox7a2l	438	1171	1309	1566	1481	1809	1245	1522	1139	1947	1459	1839	1853	358	1171	1177	1096	1015	932	1152	1017	1170	1186	1364
Calml3_-_3804323.23-P1P2	Calml3	121	551	519	897	562	759	645	693	448	847	877	689	730	484	589	649	512	494	457	514	573	574	682	729
Mapk3_+_126759687.23-P1P2	Mapk3	602	1283	1170	1739	1609	1619	1290	1138	1323	1927	1752	2175	2230	932	1115	1149	1171	1036	927	1264	1075	1241	1437	1353
Sirt7_-_120624964.23-P1P2	Sirt7	584	1104	1155	1408	1537	1414	1173	1207	851	1700	1605	1315	1474	655	888	1107	885	785	892	879	934	926	1188	1304
Raf1_-_115676241.23-P1P2	Raf1	401	1000	1041	1553	1431	1275	1169	1400	871	2025	1580	1496	1891	1060	1008	1233	983	968	945	997	980	938	1215	1522
Vps13d_-_144974581.23-ENSMUST00000097796.2	Vps13d	264	709	599	1162	641	899	676	915	673	1150	744	876	1208	526	657	698	511	513	514	568	514	681	749	765
Pon3_+_5256266.23-P1P2	Pon3	452	1291	871	1261	1135	1320	852	1005	927	1420	1184	1158	1295	472	811	910	786	729	753	876	818	751	1044	1055
Tnfrsf21_-_43016606.23-P1P2	Tnfrsf21	544	1539	1873	2203	1920	1980	1548	1594	1388	2549	1906	2446	2339	1182	1380	1726	1488	1213	1197	1335	1276	1393	1975	1902
Blvra_+_127080531.23-P2	Blvra_P2	187	893	642	1325	1018	1181	1033	865	824	1495	1322	955	1049	1009	650	823	668	565	573	677	742	736	900	843
Slc6a4_+_76998669.23-P2	Slc6a4_P2	430	1413	1285	1976	1592	1704	1805	1667	1345	2084	1367	1900	2369	1814	1347	1441	1242	1249	1205	1378	1311	1154	1686	1768
Ndufa4_-_11907272.23-P1P2	Ndufa4	365	995	608	1536	1432	1252	967	1037	887	2641	1690	1579	2591	987	952	996	884	843	677	827	1076	918	998	1210
Elk1_-_20950527.23-P1P2	Elk1	375	914	915	1265	1083	1090	846	977	805	1205	1215	1135	933	1192	804	1032	880	823	719	695	821	772	1228	1112
Rac1_-_143527951.23-P1P2	Rac1	413	1138	892	1631	1443	1198	1106	1201	1022	1825	1267	1153	1551	824	863	977	884	865	817	895	985	982	1108	928
Atg7_-_114643147.23-P1P2	Atg7	654	1386	1365	2305	1607	1814	1360	1641	1165	2961	1587	1678	2236	41	1415	1418	1284	1111	1151	1188	1338	1482	1802	1805
Naglu_+_101070337.23-P1P2	Naglu	313	941	1182	1622	1599	1363	1094	1191	948	1520	1412	1299	1653	1023	923	1075	808	812	811	1064	1041	897	1233	1101
Il33_-_29925199.23-P1P2	Il33	356	1142	1179	1516	1777	1443	1576	1453	1273	2277	1295	1272	2229	2253	1079	1362	1122	1003	1053	1079	1139	1023	1323	1502
Map3k10_+_27674535.23-P1P2	Map3k10	343	914	770	1450	906	1185	1019	972	657	1327	686	1030	719	27	718	803	797	686	539	671	695	804	918	948
Slc25a5_-_36796073.23-P1P2	Slc25a5	233	558	561	877	910	780	840	594	451	1264	999	979	1015	808	476	623	439	546	432	515	532	568	691	611
Gm2a_+_55098142.23-P1P2	Gm2a	894	1952	2022	2676	2622	2550	2581	2284	2019	3365	2555	2618	2883	1917	1569	2246	1606	1660	1433	1642	1783	1766	2066	2218
Pvalb_-_78203958.23-P2	Pvalb_P2	268	740	587	1065	989	991	1068	928	730	1194	643	1118	1205	196	718	872	705	634	590	704	779	644	842	834
Sncg_+_34374495.23-P1P2	Sncg	157	540	456	807	596	748	369	543	553	1210	316	552	955	662	359	523	461	352	436	445	507	489	541	653
Plcg1_+_160731324.23-P1P2	Plcg1	286	1103	967	1215	1322	1306	962	1166	901	1162	1355	933	945	437	826	1045	822	866	704	833	793	886	973	1181
Surf1_-_26916300.23-P1P2	Surf1	457	1421	1387	1890	1841	1740	1197	1481	1087	1955	1457	1300	913	644	1160	1417	1123	1124	1005	1178	1163	1173	1563	1528
Ndufs5_+_123718182.23-P1P2	Ndufs5	320	1346	1126	1459	1387	1510	1085	1338	1207	1449	1548	1541	2002	1328	1159	1178	1014	963	904	886	1114	1013	1161	1168
Ddah1_-_145758805.23-P1P2	Ddah1	507	1627	1300	1900	1709	1924	1473	1510	1334	1594	1857	1796	2670	818	1206	1513	1202	1212	1151	1232	1275	1417	1698	1825
Cant1_-_118418899.23-P1P2	Cant1	253	930	634	1061	806	1107	669	991	616	1022	1124	558	1852	1020	664	737	650	761	621	632	707	667	788	814
Serpina3i_-_104263119.23-P1P2	Serpina3i	392	1208	922	2041	1567	1374	1282	1275	882	1219	1090	1527	1459	1171	969	1227	1069	873	955	912	963	1073	1214	1421
Hgf_-_16553937.23-P1P2	Hgf	390	1098	849	1400	1432	1292	1072	1314	979	1250	1152	1366	1706	966	919	1028	832	992	805	900	950	803	1202	1252
Mapk13_+_28769370.23-P1P2	Mapk13	434	1116	1128	1804	1631	1432	1268	1381	1048	2468	1313	1515	2085	1528	1112	1356	1239	1143	1032	1097	1204	1141	1688	1565
Il1b_+_129371096.23-P1P2	Il1b	599	969	682	1226	889	1080	989	1222	889	1456	1092	895	1604	1550	840	1099	828	924	739	776	875	779	1060	1098
Irs1_-_82291096.23-P1P2	Irs1	380	949	791	1435	1393	1217	798	1026	776	1452	748	1219	1593	1242	800	962	757	750	643	801	758	788	1185	1002
Kif5c_-_49619318.23-P1P2	Kif5c	243	966	783	1344	1434	1032	867	961	717	1088	966	1110	1638	1047	735	738	850	688	566	742	746	884	929	989
Dbn1_-_55488018.23-P1P2	Dbn1	568	1394	1232	1812	1668	1773	1370	1530	1263	1883	1087	2054	1923	848	1208	1480	1088	1212	965	1124	1154	1143	1540	1568
Zap70_-_36761874.23-P1P2	Zap70	325	804	609	1042	1034	1077	727	963	798	997	846	983	1327	1175	709	779	633	626	576	578	589	609	871	873
Gdap2_-_100162691.23-P1P2	Gdap2	366	834	514	935	721	855	476	884	498	1290	686	789	781	1023	524	586	572	429	468	620	500	430	673	540
Vps53_-_76179588.23-P1P2	Vps53	391	978	1117	1346	1554	1188	907	868	746	1787	988	1147	1292	57	821	778	807	579	543	687	650	612	762	900
S100b_-_76253958.23-P1P2	S100b	327	981	1262	1505	1223	1408	931	1140	1072	1353	1110	2142	1774	1226	1039	1062	970	818	739	851	917	981	1261	1263
Dock2_+_34783795.23-P1P2	Dock2	478	1057	1063	1210	1174	1310	996	1143	818	1965	1343	1374	1711	1238	830	1003	793	816	666	720	876	799	1231	1207
Ahsg_+_22892050.23-P1P2	Ahsg	627	1374	1591	1757	1973	1784	1814	1771	1368	1983	2059	2260	1550	1253	1253	1401	1346	1135	1011	1175	1114	1516	1791	1675
Cdk5_+_24423534.23-P1P2	Cdk5	399	1317	1218	1671	1551	1383	953	1110	1067	1641	1453	2172	1791	1560	928	1137	859	763	753	924	964	849	1188	1081
Uqcr10_+_4704318.23-P1P2	Uqcr10	239	864	778	1030	1280	1102	798	864	503	1556	1330	1240	1287	433	790	884	719	651	615	700	784	748	920	1046
Ntrk2_+_58807921.23-P1P2	Ntrk2	530	1355	1133	1853	1960	1584	1382	1285	917	1424	1588	1682	3087	1485	1080	1309	1007	927	844	947	1114	1211	1410	1300
Ang6_+_44002193.23-ENSMUST00000096869.2	Ang6	293	645	599	949	981	756	786	843	791	1192	937	1242	1094	47	579	673	492	529	436	533	568	491	659	720
Atm_+_53536647.23-P1P2	Atm	547	1500	1276	2446	2324	2055	1738	1941	1354	1684	2117	2107	2355	1115	1487	1726	1275	1289	1377	1414	1337	1516	2082	1647
Sgcg_+_61258388.23-P1P2	Sgcg	393	687	695	731	820	836	545	605	547	571	1319	763	934	278	628	714	621	573	429	534	456	648	697	773
Ndufs2_+_171247051.23-P1	Ndufs2_P1	710	1655	1358	2715	2323	1982	1598	1644	1270	2788	2091	1770	1692	558	1242	1393	1129	1095	1076	1270	1189	636	992	877
Nr1h2_-_44553541.23-P1P2	Nr1h2	351	912	787	1271	804	1219	871	1141	949	1713	1158	1078	2192	381	771	965	718	713	746	761	734	848	1100	1014
Il6_+_30013382.23-P1P2	Il6	487	1045	772	1332	1246	1130	847	1018	850	931	805	1192	1124	439	888	1061	910	829	733	841	855	651	1118	1196
Uqcrq_+_53430764.23-P1P2	Uqcrq	421	1062	857	1011	1152	1128	982	1130	696	1523	1205	1033	1507	834	889	860	758	669	738	803	850	501	742	628
Hsf1_-_76477460.23-P1P2	Hsf1	818	2300	1695	2826	2756	2729	2114	2300	1789	2792	2660	2977	3016	1084	1760	1854	1702	1646	1544	1693	1800	1214	1814	1762
Egr2_+_67535580.23-P2	Egr2_P2	353	920	729	1034	1158	1008	993	1062	862	1054	1031	1159	1835	429	658	880	686	592	710	706	859	643	849	890
Dnah14_+_181741104.23-ENSMUST00000160345.1	Dnah14	168	351	296	524	493	432	307	353	362	635	543	361	353	170	296	305	427	343	267	265	368	350	404	462
Tlr2_+_83841514.23-P1P2	Tlr2	347	708	994	1214	909	975	883	1047	827	1186	1335	652	1354	277	801	863	722	533	631	786	703	752	1080	847
Vim_+_13574365.23-P1P2	Vim	247	537	505	801	530	696	584	644	313	623	684	473	697	218	533	594	524	503	402	496	546	529	630	650
Pum1_-_130663402.23-P1P2	Pum1	433	1151	1175	1798	1512	1671	1293	1413	1112	1506	1540	1723	2051	2147	1157	1544	1072	1048	982	1108	1169	1248	1328	1358
Tpp1_+_105752151.23-P1P2	Tpp1	337	790	737	1088	1352	1075	1060	1017	636	1103	1052	1370	1023	768	866	901	649	733	665	628	674	644	881	926
Gstm1_-_108017745.23-P1P2	Gstm1	353	1067	790	1295	1501	1394	969	1291	922	2760	1479	1488	1608	2370	986	1332	818	958	861	951	1037	1016	1112	1191
Oxr1_-_41788883.23-ENSMUST00000170127.1	Oxr1	703	1588	1545	2045	2131	1991	1806	1908	1399	2472	2087	2353	2687	1416	1360	1618	1201	1279	1188	1416	1386	1357	1779	1642
Dpp6_-_27049440.23-P2	Dpp6_P2	770	1389	1642	2386	2314	2242	1809	1930	1558	3371	2432	2187	2602	1393	1527	1861	1350	1358	1297	1403	1380	1637	1886	1977
Btn1a1_-_23465644.23-P1P2	Btn1a1	234	735	629	855	1220	888	548	734	456	688	737	908	729	509	694	718	494	569	491	545	614	645	651	656
Frat2_-_41848066.23-P1P2	Frat2	345	1121	948	1517	1331	1326	996	1016	906	1569	1343	1714	2386	431	993	1103	978	951	886	944	920	1055	1232	1402
Fgd4_+_16600037.23-P1P2	Fgd4	454	1075	1117	1713	1454	1267	1231	1271	994	1833	1237	1009	1554	1164	1001	1198	837	834	850	1004	1011	1060	1220	1212
Cntf_-_12765355.23-P1P2	Cntf	492	1371	1147	1840	1914	1650	1275	1628	1352	1645	1551	2340	2472	1495	1373	1518	1058	1045	1012	1122	1314	1154	1826	1497
Ube3a_-_59228830.23-P1P2	Ube3a	382	963	1138	1563	1544	1367	1090	1234	1040	1483	1640	1788	1217	2059	961	1133	956	968	780	891	1076	892	1234	1313
Mapk3_-_126759808.23-P1P2	Mapk3	739	1534	1259	1716	2242	1835	1631	1544	1196	2086	1756	1469	1478	375	1067	1516	1189	1114	963	1069	1232	1276	1715	1508
Sirt5_-_43365726.23-P1P2	Sirt5	496	1483	1268	2188	1982	1907	1866	1784	1253	2005	1825	2266	1997	1048	1470	1769	1390	1180	1156	1227	1227	1497	1689	1778
Apc_-_34220977.23-P1	Apc_P1	578	1447	1452	1763	1762	1813	1650	1588	1236	2234	1914	1550	1862	1778	1157	1391	1279	1058	1003	1146	1237	968	1497	1653
Entpd1_-_40659854.23-P1P2	Entpd1	486	784	599	1323	860	1109	666	804	944	1478	992	1547	1830	419	762	966	765	840	633	814	769	787	870	1038
Srrm2_-_23803263.23-P1P2	Srrm2	225	849	580	1071	1066	977	786	966	718	1106	826	1002	1086	181	629	697	639	640	568	657	652	671	906	939
Vamp1_+_125215591.23-P1	Vamp1_P1	388	707	722	1223	1087	856	716	851	597	1064	999	847	1202	547	672	739	567	631	460	504	682	606	823	808
Tnf_-_35201750.23-P1P2	Tnf	415	1164	988	1607	1319	1381	1505	1445	1108	1194	1186	1616	1721	1334	1105	1125	989	970	877	819	1147	1028	1311	1311
Lmnb1_-_56707753.23-P1P2	Lmnb1	424	1162	1070	1773	1390	1351	1006	1393	992	1978	1703	1383	1644	1156	903	1218	860	730	905	961	903	941	1260	1294
Gpr37_-_25689806.23-P1P2	Gpr37	639	1296	1138	1801	1502	1668	1460	1406	1352	2018	1671	2229	2061	817	1204	1498	1143	1001	1017	1090	1253	1173	1465	1507
Apc2_+_80301063.23-P1	Apc2_P1	304	896	1264	1276	1273	1305	918	1331	865	2390	1938	1713	1364	1005	1022	1083	873	816	763	839	954	968	1385	1117
Serpina1e_-_103958458.23-P2	Serpina1e_P2	397	1239	1153	1421	1712	1759	1212	1879	1022	2053	1643	1196	1505	1974	1186	1261	1104	983	928	890	1006	1037	1473	1535
Jund_-_70698968.23-P1P2	Jund	643	1813	1670	2505	2237	2414	2172	2220	1534	3061	2219	2734	2578	750	1622	1912	1713	1398	1336	1664	1486	1661	2163	2219
Gstm2_-_107986400.23-P1P2	Gstm2	247	704	795	1083	768	1081	892	1042	865	1016	846	839	1301	304	694	931	600	666	620	589	636	688	756	891
Psma6_+_55398913.23-P1P2	Psma6	325	966	962	1308	1039	1276	1087	1182	1043	1806	1113	1126	1716	1530	884	897	825	819	710	957	832	853	1281	1060
Psmd4_+_95042545.23-P1P2	Psmd4	459	1571	1205	1939	1861	1570	1122	1356	950	1695	1190	1405	1539	2215	988	1121	968	979	959	929	997	1224	1671	1466
Cant1_+_118418963.23-P1P2	Cant1	315	646	594	1172	874	994	955	975	666	756	931	824	1295	787	738	808	596	638	566	659	725	698	801	877
Entpd1_+_40659838.23-P1P2	Entpd1	190	392	220	616	620	509	393	531	350	509	551	557	502	544	344	488	369	366	313	369	366	370	426	376
Ang4_+_51773531.23-P1P2	Ang4	476	1266	1136	1683	1605	1714	1327	1582	1041	1881	1443	2600	1973	1593	1226	1210	1010	1061	936	1054	1294	1014	1376	1408
Itgam_-_128062902.23-P1P2	Itgam	235	1186	1066	1530	1070	1366	1156	1354	1088	1404	1388	1004	1268	1078	918	1081	902	927	831	939	892	1117	1401	1264
Ostm1_+_42678976.23-P1P2	Ostm1	459	1028	935	1497	1325	1055	1044	870	552	1112	1100	1559	1007	1727	531	518	349	439	424	459	500	166	307	284
Calml4_-_62858172.23-P1P2	Calml4	555	1356	1404	2262	1625	1920	1588	1616	1202	2522	1892	2190	1899	1051	1397	1550	1324	1269	1128	1223	1342	1373	1669	1759
Zfp597_-_3884460.23-P1P2	Zfp597	786	1519	1285	1980	1732	1835	1514	1773	1310	2274	1788	2029	2836	957	1346	1519	1260	1160	1129	1279	1223	1415	1570	1635
Sgsm3_-_80977865.23-P1P2	Sgsm3	467	1052	1036	1694	1814	1477	1523	1371	1042	1741	1216	1813	2064	1378	1130	1249	1061	1088	944	1121	1070	1247	1396	1440
Uchl3_+_101654249.23-P1P2	Uchl3	580	1451	1394	2189	2020	1805	1625	1666	1195	2816	2242	2058	2108	1919	1314	1599	1299	1029	1133	1408	1213	1325	1716	1632
Sbf2_+_110614850.23-P1P2	Sbf2	537	1707	1814	2314	1954	1863	1585	1819	1145	2427	1814	2268	3258	579	1370	1717	1303	1250	1153	1360	1460	1670	1884	1957
Gja6_-_160906915.23-P1P2	Gja6	236	734	527	980	771	866	759	702	424	824	1130	902	1092	1120	643	635	499	575	531	611	640	563	795	697
Wfs1_+_36988955.23-P1P2	Wfs1	357	812	813	1366	1125	1050	931	1132	724	1566	985	860	1705	525	770	824	612	708	637	768	751	753	790	804
Chek2_+_110840031.23-P1P2	Chek2	207	962	814	1212	1156	1177	886	1209	798	1160	1031	1336	1673	1390	760	869	748	719	678	840	665	618	828	729
Capn1_-_6015527.23-P1P2	Capn1	589	1574	1378	2041	1813	1897	1688	1884	1399	2293	1433	2463	2502	2214	1453	1499	1342	1213	1133	1329	1379	1547	1707	1733
Sirt1_+_63338993.23-P1P2	Sirt1	326	896	639	1453	1142	1270	948	1038	914	1126	684	1205	1630	1427	770	1039	730	685	671	855	827	742	1033	1035
Eif4g1_+_20672882.23-P1P2	Eif4g1	446	1543	1241	1979	1508	1677	1435	1600	1227	1175	1968	2272	2478	319	1258	1503	1198	1075	1043	1404	1262	1219	1603	1592
Uqcrfs1_-_30545325.23-P1P2	Uqcrfs1	366	902	1080	1456	1126	1302	988	1116	812	1933	1300	1165	1334	1389	1024	1155	856	852	842	834	1020	784	833	842
"Dnah17_+_118129191.23-ENSMUST00000106308.3,ENSMUST00000084803.5"	Dnah17	422	981	1213	1741	1499	1377	1299	1273	1181	1780	1499	1365	1560	910	1034	1186	940	960	833	1052	1102	1063	1270	1074
Tdp1_-_99884552.23-P1P2	Tdp1	521	1546	1215	1902	2079	1693	1363	1673	1417	1643	1709	1379	2551	2141	1234	1458	1192	1136	1158	1192	1256	1345	1524	1624
Ang_+_51091146.23-P2	Ang_P2	775	1786	1568	2554	2136	2416	2127	2043	1599	2620	2360	2529	2101	1316	1633	1767	1491	1400	1425	1459	1571	1502	2173	2148
Btn1a1_-_23465857.23-P1P2	Btn1a1	300	993	725	1107	1177	1082	895	875	793	969	1195	1102	972	1289	719	796	659	598	558	744	709	742	959	975
Chchd10_+_75935881.23-P1P2	Chchd10	620	1637	1371	2044	1900	1975	1386	1820	1407	2376	1678	2157	2949	806	1312	1540	1126	1234	1080	1299	1307	1338	1842	1819
Sptbn2_+_4711187.23-P1P2	Sptbn2	327	706	602	820	876	1031	781	1081	620	1187	830	1136	1157	83	792	818	664	617	663	612	663	696	839	726
Rmdn1_+_19575246.23-P1P2	Rmdn1	513	1347	930	1587	1623	1813	1578	1453	944	1910	1388	1580	1777	827	1153	1222	1159	1046	955	1148	1126	1129	1508	1326
Uchl3_-_101654041.23-P1P2	Uchl3	562	1510	1363	2061	1768	1982	1757	1880	1554	2140	2052	1899	1953	913	1363	1431	1335	1109	1061	1241	1285	1428	1752	1762
Tpp2_+_43934072.23-P1P2	Tpp2	344	754	660	1246	1114	890	955	1021	697	1247	1098	831	957	807	708	838	720	546	613	772	698	710	1043	968
Cox4i2_+_152754202.23-P1P2	Cox4i2	461	908	1161	1805	1762	1558	1307	1601	1040	1908	1263	1865	2050	1865	1177	1333	1103	974	993	996	1055	948	1450	1513
Neurog2_-_127633180.23-P1P2	Neurog2	564	1647	1435	2311	2263	2219	2039	1808	1570	2918	2214	2269	2839	643	1493	1803	1440	1263	1099	1228	1473	1351	1933	1603
Ang_-_51091157.23-P2	Ang_P2	412	883	866	1164	1054	1151	973	1147	806	1090	1268	1515	1573	724	892	1007	783	650	720	857	810	897	1021	936
Gaa_-_119268100.23-P1P2	Gaa	594	2133	1696	2317	2122	2492	2302	2169	1760	3853	2142	2601	2440	2124	1699	2109	1564	1630	1448	1553	1664	1878	2055	2085
Grin2d_+_45870842.23-P2	Grin2d_P2	631	1322	1308	2137	1714	1732	1354	1531	1327	1627	1959	1992	2841	2127	1165	1571	1314	1067	1078	1113	1321	1175	1535	1753
Serpina1d_-_103773106.23-P1P2	Serpina1d	934	1667	1601	2789	2281	2466	1989	1886	1693	3368	2593	2562	2802	1833	1603	1884	1603	1561	1349	1648	1615	1595	2412	2193
Taf1_+_101532868.23-P1P2	Taf1	352	609	698	1216	1214	911	623	690	491	895	874	798	397	482	489	513	405	296	357	380	404	359	382	376
Ndufa2_+_36744475.23-P1P2	Ndufa2	467	1391	1360	1856	1680	1856	1270	1512	1065	1352	1825	1415	1746	813	1052	1249	1018	706	848	959	958	789	985	928
Htr1a_+_105444026.23-P1P2	Htr1a	681	971	973	1680	1430	1602	1410	1474	1169	2104	1286	1775	1592	776	1170	1316	1035	895	959	1278	1059	1252	1390	1524
Actb_-_142906657.23-P1	Actb_P1	325	761	876	1493	1166	1291	930	948	1023	1022	1347	1619	1804	438	950	1010	739	882	817	849	928	1054	1180	1128
Ryr1_-_29125141.23-P1P2	Ryr1	427	933	851	1463	1168	1132	1004	1199	864	1306	1067	817	1507	1381	726	816	737	664	628	796	779	894	1133	999
Kif1a_-_93101801.23-P1P2	Kif1a	889	2190	1984	3362	2840	2658	2337	2482	1871	3115	2645	2620	4440	3039	1939	2094	1697	1571	1651	1781	1983	1843	2280	2271
Cyp27a1_-_74713765.23-P1P2	Cyp27a1	200	863	545	1131	987	1039	723	725	576	1659	712	835	1247	709	656	857	670	551	465	584	702	538	801	763
Hmox1_+_75093657.23-P1P2	Hmox1	499	1360	1277	1754	1693	1695	1753	1376	1127	2091	1493	1935	2202	654	1221	1358	1082	960	1093	1114	1198	1176	1613	1351
Cabin1_+_75764297.23-P1P2	Cabin1	433	1376	1220	1741	1463	1621	1285	1462	942	1557	1456	1693	1139	870	1056	1254	1025	940	918	1025	1066	1153	1300	1348
Unc5c_-_141465681.23-P1P2	Unc5c	509	1670	1383	1811	1796	1713	1453	1767	1290	1973	1453	1758	2991	1476	1253	1655	1158	1228	1056	1194	1320	1399	1551	1677
Mad2l1bp_-_46153447.23-P1P2	Mad2l1bp	296	655	761	1002	549	737	741	765	712	1059	717	989	810	81	685	658	573	581	560	592	588	572	685	821
Prnp_+_131909970.23-P1P2	Prnp	293	910	807	1268	1221	1117	954	878	1021	2042	897	790	1524	1255	822	847	792	731	627	808	747	751	1091	965
Ubqln2_-_153498227.23-P1P2	Ubqln2	458	1092	1328	1813	1712	1619	1367	1481	1015	1309	1866	2128	1834	1957	1110	1322	1200	965	1003	1203	966	1207	1318	1450
Clp1_-_84727294.23-P1P2	Clp1	594	1659	1562	2165	2355	2191	1803	2087	1550	2982	1788	2271	2395	970	1638	1672	1259	1323	1262	1301	1462	1412	1818	1978
Tecpr2_+_110889276.23-P1P2	Tecpr2	415	996	916	1152	1538	1259	1069	1020	875	983	1374	1372	1661	202	855	1172	694	692	701	775	789	828	975	904
Chrm1_+_8664151.23-P1P2	Chrm1	319	929	658	903	520	864	781	572	708	787	725	955	854	462	611	840	574	514	521	701	711	639	855	870
Dst_-_34011618.23-P1P2	Dst	930	2186	2342	3768	3002	3084	2976	2766	2128	3929	3265	3809	3458	1983	2080	2456	2089	1827	2041	2117	2270	2341	2671	2894
Txnrd1_-_82859264.23-P1P2	Txnrd1	459	1499	1339	2171	1609	1597	1459	1534	1390	2091	1441	2134	1947	1177	1394	1370	1088	1239	1095	1310	1266	1351	1643	1677
Ndufb4_+_37654404.23-P1P2	Ndufb4	467	1166	1314	1786	1631	1745	1410	1519	1224	2123	1391	1167	1548	856	1107	1282	1051	916	1020	1070	1155	733	1064	1077
Syt1_-_109010685.23-P1P2	Syt1	476	1493	1313	1925	1562	1886	1522	1575	1189	2221	1663	2214	2589	1550	1323	1522	1297	1124	1041	1174	1315	1291	1754	1565
Apc_+_34220978.23-P1	Apc_P1	282	1027	815	1364	1445	1416	729	989	803	2226	1018	1292	1255	1463	963	1206	981	880	825	913	860	970	1255	1164
Ndufa3_+_3617574.23-P1P2	Ndufa3	172	650	537	869	793	845	649	661	488	760	861	908	942	499	499	772	566	526	524	554	659	488	636	775
Cdca5_-_6085168.23-P1P2	Cdca5	380	1016	756	1327	1220	1060	761	1076	811	1416	1166	1064	1123	557	881	908	774	860	716	770	936	679	1085	1159
1700013F07Rik_+_108537583.23-P1P2	1700013F07Rik	485	1203	1173	1804	1984	1720	1517	1667	1168	1804	2045	2375	2593	1032	1213	1283	945	1248	941	1122	1145	1338	1435	1622
Ins2_-_142699459.23-P2	Ins2_P2	334	1057	952	1419	1385	1584	1243	1439	982	1310	1289	1198	2108	1799	962	1129	886	860	848	905	1127	917	1196	1106
Psmc5_-_106256193.23-P1P2	Psmc5	311	778	894	1217	1187	961	543	803	683	695	787	954	957	1185	567	593	545	484	481	613	615	365	722	693
Tmed9_-_55593182.23-P1P2	Tmed9	126	486	589	691	807	712	568	555	509	804	713	468	502	300	474	585	452	385	406	479	464	564	640	774
Abl1_+_31688565.23-P1P2	Abl1	467	1109	1232	1884	1637	1716	1340	1503	1009	1465	1444	1722	2048	553	1118	1228	1061	897	1020	1205	1091	1147	1318	1442
Egr1_+_34861258.23-P1P2	Egr1	258	828	783	1101	1052	1004	917	847	676	1234	848	870	1490	1183	781	853	751	643	663	724	715	697	973	1040
Gria4_+_4796223.23-P1P2	Gria4	384	679	717	1032	1011	866	796	644	629	1124	1135	987	1293	649	700	801	736	697	630	698	692	685	880	930
Kcnc3_-_44590701.23-ENSMUST00000107907.2	Kcnc3	325	1223	931	1212	1306	1173	780	1053	997	2062	1257	1630	1217	372	781	1030	741	678	795	822	827	950	1170	1134
Itpr2_-_146502148.23-P1P2	Itpr2	416	971	707	891	1143	1246	1061	985	973	1515	1064	1101	1818	888	771	907	904	777	753	894	789	826	1127	1021
Dkk1_+_30549479.23-P1P2	Dkk1	152	718	644	919	797	881	663	629	697	903	367	1204	1001	290	493	780	562	546	465	571	500	615	809	770
Sos1_+_80480419.23-P1P2	Sos1	355	1030	723	1539	1188	1144	1288	1251	718	1619	1746	2019	1736	1724	855	1062	881	743	741	903	942	728	1141	1104
Hspb3_-_113663621.23-P1P2	Hspb3	271	1180	699	1175	1300	1287	1000	1007	950	1936	934	1206	1254	764	810	925	782	782	642	803	738	748	1052	1019
Psmd12_-_107479532.23-P1P2	Psmd12	480	997	965	1403	1250	1484	1084	1224	869	1643	1791	1238	1578	1773	976	1208	878	855	840	831	966	816	1139	1149
Atp1a1_+_101604602.23-P1P2	Atp1a1	690	1235	1172	1731	1404	1794	1358	1479	1143	2276	1697	1990	2229	1060	1271	1302	1111	1018	990	1242	1256	1267	1460	1496
Fggy_+_95557513.23-P1	Fggy_P1	361	952	730	1174	972	1086	973	957	759	1132	1322	1122	1031	966	827	885	717	719	656	772	734	826	934	891
Pawr_+_108332174.23-P1P2	Pawr	788	1782	1801	2510	2063	2092	1766	1703	1409	1533	2226	1994	2262	2168	1556	1644	1439	1363	1223	1490	1559	1417	1853	2054
Lmnb2_-_80918162.23-P1P2	Lmnb2	648	1712	1483	2151	1685	1993	1569	1905	1639	2314	1856	2040	2629	1595	1490	1647	1451	1316	1258	1380	1330	1402	1779	1662
Ampd2_+_108086617.23-P1	Ampd2_P1	209	538	642	851	859	828	556	657	654	1222	648	854	1137	27	572	623	559	558	526	616	524	478	763	709
Toe1_+_116807515.23-P1P2	Toe1	558	1765	1380	2669	2196	2011	1497	1523	1326	2404	1930	1807	2545	2521	1147	1086	947	860	873	1024	1030	684	1290	1048
Psmb2_+_126677702.23-P1P2	Psmb2	479	1391	1560	2353	1887	1910	1250	1510	1562	3005	1791	2211	2576	1646	1555	1390	1274	1147	1133	1305	1189	1170	1501	1514
Hspa9_+_34954115.23-P1P2	Hspa9	312	801	744	1175	988	1002	662	872	750	1313	700	1328	1028	616	594	696	630	519	440	580	649	478	663	578
Ndufc1_-_51408724.23-P1P2	Ndufc1	580	1309	1353	1807	1681	1800	1553	1482	1465	1947	1555	1684	2300	737	1377	1513	1268	1155	1089	1246	1180	1282	1381	1441
Coq7_+_118533287.23-P1P2	Coq7	465	1141	966	1398	1265	1278	1277	1239	1116	1671	1310	1514	1795	1558	822	1135	900	880	885	944	901	977	1159	1198
Synj1_+_91011035.23-P1P2	Synj1	461	1580	1281	1900	1714	1802	1530	1575	1251	1726	921	1957	2541	1889	1089	1479	977	1010	1087	1387	1114	1268	1474	1499
Zfp629_-_127615187.23-P1P2	Zfp629	279	760	792	1216	1033	1083	841	993	617	1245	1009	1086	936	997	611	851	849	576	532	726	769	691	869	924
Sdhb_-_140961410.23-P1P2	Sdhb	627	1190	1312	1704	1880	1516	1180	1253	1180	2089	1237	1871	1646	1279	1037	1107	986	859	951	811	919	958	1261	1173
Ddhd2_-_25754369.23-P1P2	Ddhd2	456	1103	979	1594	1478	1358	1099	1158	818	1487	1123	1236	1665	1236	882	1232	930	814	855	931	879	1000	1331	1336
Pld3_+_27553035.23-P2	Pld3_P2	501	1358	1373	1993	1965	1721	1390	1496	1231	1800	1477	1287	1887	1697	1204	1414	1161	1238	998	1198	1111	1162	1699	1459
Gsn_+_35282461.23-P2	Gsn_P2	415	1150	924	1378	1373	1169	1209	1107	884	1997	784	1589	1527	771	889	1107	695	808	747	953	1041	880	1331	1016
Dnah7c_+_46609149.23-ENSMUST00000178395.1	Dnah7c	208	907	804	1424	1351	1276	1074	1126	893	1204	1380	1136	1537	804	893	1022	816	711	736	818	815	831	1178	1228
Mrc1_-_14229444.23-P1P2	Mrc1	456	1210	1093	1927	1433	1635	1488	1478	1158	2031	1738	1749	2053	1230	933	1224	985	1219	971	1075	1178	1111	1240	1446
Exosc9_+_36552657.23-P1P2	Exosc9	463	1204	1224	1685	1571	1664	1361	1565	1020	2139	1700	1818	1927	1158	1241	1311	1206	1053	923	1029	1061	1102	1482	1540
Ndufc2_-_97400106.23-P1P2	Ndufc2	616	1519	1433	1832	1430	1730	1153	1425	1080	2234	1491	1097	1600	1509	924	1260	839	946	904	1009	1084	478	673	863
Nlrp3_-_59541852.23-P1	Nlrp3_P1	415	907	823	1162	954	1149	1006	956	778	1612	885	987	1185	719	878	926	732	698	687	738	859	911	975	1091
Slc52a2_+_76538885.23-P1P2	Slc52a2	483	1591	1097	2187	1864	1954	1472	1796	1519	2729	2172	1868	1861	1057	1288	1706	1357	1226	1181	1291	1379	1334	1855	1921
Pmp2_+_10197144.23-P1P2	Pmp2	270	995	771	1071	799	1061	738	817	664	1129	646	734	1394	351	675	855	566	698	572	657	630	653	751	921
Rhoa_+_108306837.23-P1P2	Rhoa	385	930	853	1554	1282	1269	929	965	980	1229	785	927	1243	1524	865	924	696	764	658	875	838	925	1002	1302
Ndufa4_+_11907457.23-P1P2	Ndufa4	619	1533	1558	2233	1951	2090	1687	1875	1423	2125	2031	2396	2125	616	1428	1614	1315	1203	1160	1462	1384	1327	1788	1737
Ucp2_-_100498187.23-P2	Ucp2_P2	263	967	1221	1645	1104	1285	1200	1432	912	2071	1689	1289	1241	447	894	1011	811	803	847	931	911	993	1105	1244
Lox_+_52529537.23-P1P2	Lox	243	981	673	1211	903	963	1028	1035	864	1620	915	1063	1436	1430	901	897	722	735	684	895	869	858	982	1004
Nek1_+_60993277.23-P1P2	Nek1	520	2069	1723	2692	2300	2428	1873	2065	1625	3219	2239	3300	2986	1674	1557	1844	1422	1516	1287	1612	1601	1625	2078	2119
Qprt_-_127121979.23-P1P2	Qprt	730	1606	1185	2083	1754	1729	1460	1898	1244	2392	1490	2075	2022	393	1233	1441	1159	1166	1024	1087	1285	1210	1608	1479
Actb_+_142905682.23-P2	Actb_P2	696	1451	1383	2320	2369	1997	1412	1874	1430	2653	2114	2357	2149	1569	1603	1789	1293	1256	1242	1363	1419	1469	1597	1886
Mapk10_-_103211298.23-P1P2	Mapk10	309	1137	934	1875	1718	1482	1466	1316	1076	1634	1670	1390	1586	624	1105	1373	925	897	757	1006	1035	932	1193	1157
Fus_+_127967484.23-P1P2	Fus	638	1829	1587	2282	2341	2343	1961	2008	1617	2837	2225	2475	2100	1409	1602	1889	1453	1563	1445	1577	1807	1636	2121	1984
Necab1_-_15148949.23-P1P2	Necab1	654	1433	1377	2117	1989	1973	1861	1677	1401	2572	2580	2485	1916	922	1581	1733	1264	1234	1169	1347	1289	1436	1659	1594
Csf1r_+_61105864.23-P1P2	Csf1r	645	1113	996	1548	1585	1331	1337	1171	1202	1706	1035	1431	1898	545	970	1102	1201	839	895	942	1044	994	1158	1429
Endou_-_97730910.23-P2	Endou_P2	265	685	768	1128	964	1004	806	947	831	857	963	970	669	594	730	900	821	737	612	666	752	830	1101	1028
Surf1_+_26916283.23-P1P2	Surf1	472	1240	929	1744	1648	1409	1330	1318	1224	2531	1327	1265	1550	2087	1085	1401	1038	935	998	1017	1100	1119	1523	1447
Ndufab1_+_122101643.23-P1P2	Ndufab1	386	1228	1015	1485	1445	1333	929	1167	1025	886	1584	1901	1728	562	917	1115	782	783	773	970	909	840	1201	1226
Itpr3_-_27057701.23-P1P2	Itpr3	383	1225	1160	1810	1303	1579	1311	1158	971	1038	1281	1645	1881	1687	988	1080	984	918	856	1077	1114	1168	1350	1347
Dnah10_+_124725123.23-P1P2	Dnah10	931	2103	2107	3070	3234	2858	2411	2494	1977	2539	2143	3024	2967	3281	1949	2211	2017	1684	1643	1862	1850	2124	2820	2454
Ern1_-_106487788.23-P1P2	Ern1	606	1341	1282	1813	1555	1648	1286	1223	1241	2383	1644	1664	1410	916	1235	1310	997	1050	930	1186	1085	1333	1421	1541
Upk3b_+_136038760.23-P1P2	Upk3b	516	1179	755	1268	1472	1301	1121	1336	1043	2269	1595	1985	1768	1444	906	1032	865	868	736	910	886	847	1145	1191
Derl1_-_57892108.23-P1P2	Derl1	572	1375	1203	1973	2005	1669	1435	1406	1261	2050	1606	1843	1429	1244	1081	1365	1035	1132	972	1142	1248	923	1532	1403
Ulk1_+_110810005.23-P1P2	Ulk1	399	961	989	1609	1433	1214	1358	1248	997	1428	1223	1827	1455	1513	856	1114	903	857	804	834	849	864	1317	1163
Fat2_-_55336616.23-P1P2	Fat2	461	1356	1436	1579	1564	1639	1284	1487	1206	2093	1413	1730	1730	1228	1190	1539	954	1073	862	1065	1103	1250	1329	1381
Cyp2d26_+_82794179.23-P1P2	Cyp2d26	285	995	952	1224	1122	1215	1012	930	898	1511	888	1391	1640	1796	819	1098	868	737	644	856	824	812	947	1035
Abca1_-_53159479.23-P1P2	Abca1	649	2384	2028	2713	2831	2686	2283	2408	1840	2762	2678	2583	3063	2294	1776	1900	1495	1500	1385	1822	1581	1473	2069	1972
Smurf2_-_106920641.23-P1P2	Smurf2	658	1940	1800	2460	2571	2175	1934	2286	1522	2499	2607	2403	3258	1262	1844	1979	1643	1524	1494	1599	1778	1564	1995	2066
Abca1_+_53159837.23-P1P2	Abca1	214	570	597	751	731	695	623	768	649	689	758	756	637	521	478	581	483	375	390	387	466	464	634	590
Tmem106b_+_13069836.23-P1P2	Tmem106b	401	1332	1145	1914	1983	1820	1499	1695	1247	2066	1565	1911	1769	603	1396	1395	1172	1022	1052	1194	1238	1133	1515	1508
Dnah7b_-_46066856.23-P1P2	Dnah7b	92	316	310	445	474	340	228	309	335	156	338	571	451	17	288	341	202	299	286	275	260	260	367	304
Rela_-_5637846.23-P1P2	Rela	475	1049	966	1465	1391	1485	1323	1392	940	985	1564	1150	2021	1188	1031	1195	973	941	948	970	953	991	1131	1361
Rreb1_-_37826062.23-P1P2	Rreb1	467	1076	1151	1597	1344	1510	1193	1394	1136	2040	1476	1444	1248	974	1085	1199	1025	945	887	1063	993	978	1201	1107
Bcl2l1_-_152830428.23-P1	Bcl2l1_P1	676	2212	1635	2546	2223	2214	1833	1901	1498	2809	2341	2531	1704	994	1574	1816	1752	1453	1280	1535	1514	1713	1903	2079
Foxo3_+_42276682.23-P1P2	Foxo3	306	1034	1105	1244	1412	1263	1156	1086	862	1740	1206	1153	1601	553	1016	1031	817	812	673	949	864	941	983	1064
Hexb_+_97197989.23-P1P2	Hexb	84	545	366	472	371	543	308	427	367	431	539	554	713	340	325	469	336	332	289	298	334	378	495	500
non-targeting_02363	non-targeting	346	1072	1139	1408	1553	1441	1152	969	967	1246	1456	2004	2107	508	925	1194	902	921	796	1022	976	931	1320	1351
Optn_-_5064000.23-P1P2	Optn	363	503	457	852	661	874	961	827	523	1238	946	872	1553	847	584	657	616	616	575	532	669	568	815	760
Rab39b_-_75578191.23-P1P2	Rab39b	381	984	859	1282	1297	1233	1088	1208	829	1577	1392	1305	1723	565	862	894	807	749	702	827	861	942	1029	920
Hspa4_-_53300423.23-P1P2	Hspa4	421	1280	989	1418	1566	1513	1348	1714	880	1540	1336	563	1956	794	856	1146	962	863	842	964	1071	972	1333	1466
Map2k5_+_63377633.23-P1P2	Map2k5	287	821	747	1222	903	1160	810	1106	967	1568	1092	867	1447	1139	758	972	743	677	701	648	705	847	962	973
Ube2l3_+_17201287.23-P1P2	Ube2l3	502	1255	966	1540	1534	1364	1103	1227	1100	1877	1549	1408	1324	1051	1079	1389	1092	842	839	990	853	928	1335	1242
Ftl1_-_45459848.23-P1P2	Ftl1	447	927	805	1281	1032	1251	967	1112	853	1445	1511	1454	1474	1025	867	904	832	872	756	904	793	762	1147	970
Plcb4_-_135741886.23-ENSMUST00000110109.1	Plcb4	327	1032	825	1238	1044	1085	1073	949	871	1060	630	1380	954	1149	757	822	626	727	658	649	679	700	872	873
Ogt_-_101640301.23-P1P2	Ogt	527	1370	1391	2066	1892	1669	1238	1542	917	1930	1702	1432	1942	1341	1164	1331	990	974	991	1055	1218	1010	1451	1226
Daxx_+_33909577.23-P1P2	Daxx	310	591	729	814	809	735	688	683	493	521	731	1046	967	374	529	619	556	419	514	528	427	563	691	786
Ptpn13_+_103425281.23-P1P2	Ptpn13	295	766	512	1113	1157	936	759	734	420	801	1101	683	1001	207	655	779	660	571	551	576	559	662	780	655
Camk2g_-_20793985.23-P1P2	Camk2g	638	1579	1593	2007	1655	2198	1817	1724	1277	2602	2094	2143	2907	2326	1382	1799	1331	1285	1293	1348	1421	1497	1688	1689
Gtf2h1_-_46796163.23-P1P2	Gtf2h1	460	1156	636	1655	1468	1408	1047	1181	814	1296	1091	1336	1265	879	702	850	718	638	626	781	604	422	691	765
Shh_+_28466848.23-P1P2	Shh	261	840	633	1126	1084	1002	1036	933	674	1371	1195	1355	1088	1027	828	935	824	687	711	802	759	739	1080	1073
Ndufb10_-_24724401.23-P1P2	Ndufb10	1150	2897	2669	3933	3276	3127	2559	2694	2192	4823	3228	3348	4544	3329	2099	2419	2013	1891	1744	2251	2171	1834	2955	2663
Vps41_-_18717318.23-P1P2	Vps41	450	1284	1079	1874	1624	1667	1393	1433	1091	1891	1712	1549	2186	1038	1085	1397	1021	851	938	1035	1084	980	1292	1473
Ireb2_+_54863776.23-P1P2	Ireb2	703	1653	1726	2344	2304	2248	1918	2127	1469	2617	2306	1550	2164	1664	1520	1724	1488	1219	1350	1448	1482	1540	1960	1956
Sirt6_+_81627573.23-P1P2	Sirt6	492	1078	1047	1595	1499	1450	1008	1369	989	1543	1152	1662	1431	1566	1012	1297	855	817	910	925	945	934	1478	1339
Vip_-_5639264.23-P1P2	Vip	375	901	794	1123	1283	944	913	909	711	1642	1095	1414	707	1061	883	902	693	598	668	678	736	603	816	796
Gsto1_+_47855275.23-P1P2	Gsto1	222	802	850	1040	866	1087	997	1042	750	1313	873	1669	1225	912	754	916	708	722	723	770	694	808	928	933
Atp5a1_+_77773998.23-P1P2	Atp5a1	315	892	805	1279	1188	1324	878	1241	739	1369	1129	1992	1290	1143	807	1006	779	869	730	881	806	823	1119	1060
Oprd1_+_132144503.23-P1P2	Oprd1	316	939	896	1284	1211	1254	1130	1176	983	1712	1436	1018	1444	1297	880	1014	830	831	805	847	880	853	1144	1010
Ttbk2_+_120850338.23-P1P2	Ttbk2	376	1187	960	1517	1272	1221	1141	1061	792	1677	852	1990	1459	216	869	1060	858	752	766	1038	960	1037	1078	1130
Sgcg_+_61258363.23-P1P2	Sgcg	552	1413	1310	2155	1757	1926	1553	1840	1223	2635	1774	2814	2960	1241	1373	1363	1199	1411	1114	1149	1475	1263	1722	1621
Fth1_-_9982920.23-P1P2	Fth1	230	708	638	877	732	748	691	710	582	538	568	1225	759	732	416	592	460	451	459	509	522	647	609	703
Trrap_-_144768321.23-P1P2	Trrap	421	1129	1144	1819	1728	1631	1269	1713	1111	1034	709	1050	2066	788	1090	1236	1123	1051	1008	1018	1187	1237	1471	1408
Dagla_+_10304853.23-P1P2	Dagla	544	947	961	1520	1459	1583	1063	1229	917	1782	1399	860	1711	510	966	1198	685	867	923	912	988	1056	1282	1289
Prps1_-_140456630.23-P1P2	Prps1	257	656	655	1102	1134	1056	916	974	727	1113	1004	675	1360	526	703	777	656	650	621	662	706	632	1028	990
Vapb_+_173737620.23-P1P2	Vapb	528	1127	1114	1466	1668	1469	1584	1224	1189	1541	934	1578	2086	1443	1002	1209	1065	953	873	1027	1079	1142	1378	1515
Atr_-_95857662.23-P1P2	Atr	521	1052	825	1426	1357	1385	1155	1269	918	2082	1440	1658	1856	1672	1012	1200	890	935	900	898	1000	973	1322	1191
Pik3cd_-_149698573.23-P1P2	Pik3cd	422	1445	1231	2379	1797	1988	1632	2272	1424	1639	1838	1724	2045	1358	1395	1621	1276	1115	1206	1264	1278	1474	1834	1906
Ocln_+_100552210.23-P1P2	Ocln	354	902	994	1265	1390	1133	1035	805	646	1197	766	1089	1231	1351	868	988	876	672	762	952	895	799	1206	1257
Prps1_-_140456698.23-P1P2	Prps1	271	1051	865	1208	989	1145	908	1098	720	1124	1232	1063	1271	1244	911	1065	797	765	678	697	878	854	991	1146
Casp12_+_5345507.23-P1P2	Casp12	455	1611	1156	2243	2043	1879	1293	1622	1284	2033	1269	1808	1854	1285	1140	1411	1175	1093	1115	1151	1206	1405	1670	1539
Nek1_-_60993252.23-P1P2	Nek1	446	1108	1252	1466	1333	1381	1351	1115	1229	1909	1241	1983	1200	1901	1013	1215	927	913	924	1102	960	1186	1426	1302
Gosr2_-_103697512.23-P1P2	Gosr2	668	1363	1301	1864	1536	1430	789	1189	809	1204	1144	1124	1229	920	815	849	731	558	609	680	686	502	847	758
Cryab_+_50753271.23-P1P2	Cryab	420	1301	1268	1951	1864	1795	1819	1647	1301	1684	1548	1515	2022	1643	1292	1449	1275	1253	1090	1296	1279	1162	1640	1605
Pou5f1_+_35506072.23-P1P2	Pou5f1	300	860	651	1105	1044	1186	989	1017	896	1862	1446	1330	1220	1487	666	896	710	649	705	777	787	813	963	1197
Msc_-_14755873.23-P1P2	Msc	328	906	848	1076	1348	1034	823	1055	897	1623	1065	1180	1158	1567	771	761	701	645	640	733	734	622	947	968
Kl_+_150952697.23-P1P2	Kl	430	955	881	1594	1355	1385	1226	1173	1167	1481	1267	1732	1502	366	916	1042	940	998	794	867	1033	830	1204	1131
Vamp1_+_125215652.23-P1	Vamp1_P1	541	1339	1201	1714	1879	1672	1367	1425	1273	2559	1723	2252	1685	714	1271	1442	1133	1161	1036	1284	1095	1285	1535	1569
Scp2_-_108118556.23-ENSMUST00000030340.8	Scp2	481	864	836	1302	883	992	849	869	856	1688	754	1479	650	29	724	820	789	704	646	697	665	709	1067	1107
Cadm3_-_173367607.23-P1P2	Cadm3	390	927	900	1652	1074	1307	987	1141	1054	1262	1472	1280	1253	866	709	973	851	629	776	739	901	765	1053	972
Kif20b_-_34922410.23-P1P2	Kif20b	401	1028	830	1328	1259	1253	1145	1157	1032	1782	1161	2310	1471	832	1071	1228	968	887	831	1008	1079	1051	1406	1308
Pld3_-_27542770.23-P1	Pld3_P1	439	1294	926	1480	1552	1522	1264	1201	1262	2174	1383	1149	1705	1507	1054	1336	1024	1035	911	1033	883	1215	1344	1242
Tead1_+_112679346.23-P1P2	Tead1	523	1031	760	1123	1187	1129	1220	1171	872	989	918	793	1294	430	903	1026	871	748	690	862	820	845	906	974
Gstm1_+_108017727.23-P1P2	Gstm1	726	1555	1598	2570	2306	2076	1595	1976	1510	2590	2040	814	2104	1244	1193	1566	1320	1178	1100	1236	1454	1010	1569	1371
Atp5b_+_128083321.23-P1P2	Atp5b	296	1090	732	1414	922	1079	1052	835	795	1660	1493	1492	1826	1433	891	967	669	717	632	679	695	596	987	972
Fzd8_+_9213231.23-ENSMUST00000041080.5	Fzd8	738	1615	1421	2462	2272	2260	2045	1787	1599	2893	1651	2511	2712	1318	1520	1981	1586	1404	1349	1567	1553	1489	1933	1785
Mmp14_+_54431721.23-P1P2	Mmp14	465	1401	1367	2040	1556	1707	1678	1823	1321	1672	1684	1655	2316	1927	1344	1467	1373	1119	1097	1216	1370	1245	1674	1557
Agpat3_+_78352372.23-P1P2	Agpat3	506	1470	1406	2123	1652	1778	1401	1671	1248	2732	2158	1776	1348	928	1180	1521	1201	1176	1192	1199	1228	1296	1689	1769
Mgst3_-_167393588.23-P1P2	Mgst3	444	1080	807	1357	1343	1593	1411	1524	994	1503	1540	1847	1805	1269	1161	1281	1010	1050	884	998	1107	1243	1332	1306
"Oxr1_+_41447313.23-ENSMUST00000110297.2,ENSMUST00000090096.4"	Oxr1	384	1389	1118	1412	1509	1484	1262	1321	1007	2113	1310	1538	1628	741	1056	1179	979	916	826	1081	1069	974	1241	1200
Tecpr2_-_110889336.23-P1P2	Tecpr2	575	1334	1183	1857	1513	1952	1423	1600	1340	1374	1977	1913	1497	1491	1233	1283	1205	962	1100	1310	1253	1088	1601	1379
"Rims2_+_39198630.23-ENSMUST00000082054.5,ENSMUST00000042917.9"	Rims2	535	1311	1271	1528	1643	1625	1615	1393	1176	1583	1345	1594	1689	377	1116	1310	1000	935	852	1080	991	1075	1397	1375
Dctn6_+_34108417.23-P1P2	Dctn6	455	1321	1223	1705	1889	1612	1227	1452	1135	2094	1126	1499	1477	1217	1220	1078	1049	967	809	1066	1068	703	939	1155
Glrx_-_75839947.23-P1P2	Glrx	523	1312	1375	2165	1602	1823	1437	1466	1261	1845	1684	2063	1702	507	1195	1285	1040	1194	1015	1341	1185	1110	1421	1352
Rrm2_+_24708328.23-P1P2	Rrm2	663	1446	1376	2074	2114	1804	1950	2078	1648	1950	1510	2009	2128	1584	1401	1550	1338	1085	1155	1203	1237	1400	1627	1718
Ache_-_137288290.23-P1P2	Ache	696	1389	1314	1769	1830	1896	1452	1635	1157	2278	1496	1398	2279	1769	1315	1463	1257	1161	1106	1188	1199	1388	1509	1464
Csf2_+_54249610.23-P1P2	Csf2	311	652	832	874	792	881	813	837	628	981	888	989	1178	1361	585	771	607	646	593	634	623	587	756	837
Wnt2b_-_104961648.23-P1P2	Wnt2b	547	1012	1135	1888	1264	1474	1066	1086	1010	2126	1178	1289	2224	1085	1101	1334	1167	923	867	940	1020	978	1455	1428
Lep_+_29060215.23-P1P2	Lep	653	1448	1234	1760	1992	1783	1412	1640	1160	2178	1499	2027	2167	1232	1146	1390	1280	991	1016	1120	1341	1044	1608	1635
Cox6c_-_35938001.23-P1P2	Cox6c	197	852	680	1088	1042	927	1011	856	621	1492	1097	1152	790	219	749	908	698	640	625	703	671	598	808	821
Psap_-_60277737.23-P1P2	Psap	810	1807	1719	2396	2203	2289	2281	1952	1545	2485	1552	2396	2232	1592	1650	1622	1333	1415	1207	1436	1747	1101	1835	1622
Cbs_-_31637105.23-P1P2	Cbs	337	924	891	1185	932	1127	878	1008	713	993	1148	1150	1342	2033	768	772	761	668	661	818	775	680	1102	924
Cisd2_-_135423374.23-P1P2	Cisd2	512	1363	1188	1722	1812	1510	1190	1266	1031	1095	1383	1899	1539	373	1187	1167	1011	1103	1057	1119	935	1028	1398	1468
Rho_-_115932011.23-P1P2	Rho	341	1315	1186	1765	1774	1598	1279	1408	1201	1990	1023	1858	1791	526	1054	1265	1000	979	940	1016	1183	1068	1380	1340
Gm7030_+_36129111.23-P1P2	Gm7030	457	1136	1341	1651	1580	1601	1279	1365	1071	1779	1712	1271	1963	1237	1012	1305	1049	977	955	1142	1065	971	1344	1334
Fbxo7_-_86021910.23-P1P2	Fbxo7	350	1180	1272	1707	1315	1677	1473	1359	1183	2036	1787	1751	1948	685	1276	1396	1149	1004	989	1136	1131	1003	1577	1314
Dnajc3_+_118937933.23-P1P2	Dnajc3	401	1167	967	1644	1126	1643	1293	1474	1097	2689	1384	1107	1998	1662	970	1271	1081	944	921	1023	1025	1084	1319	1390
Inf2_-_112604217.23-P2	Inf2_P2	299	1131	1036	1196	1696	1414	1441	1277	1107	1715	1504	1958	1848	141	992	1163	960	1039	872	1010	993	1043	1286	1260
Hspa1a_-_34971592.23-P1P2	Hspa1a	491	1063	897	1236	972	1208	1050	1263	844	1628	1169	1510	1644	44	860	968	851	861	687	938	779	921	1218	1022
Scarb1_-_125341031.23-P1P2	Scarb1	635	1377	1273	1935	1803	1688	1475	1253	1103	3070	1879	1590	2211	875	1121	1336	1203	1102	1054	1192	1129	1309	1385	1521
Kcnh4_+_100759460.23-P1P2	Kcnh4	355	1159	1059	1480	1115	1599	1183	1205	1060	1240	1148	651	1395	1226	1022	1234	1009	957	856	948	972	1026	1194	1177
Znhit3_-_84916275.23-P1P2	Znhit3	276	794	870	1404	1081	1042	870	1035	883	1426	898	1178	1470	1537	707	852	635	625	706	663	795	693	1075	944
Wnt4_+_137277725.23-P1P2	Wnt4	656	1280	996	1493	1328	1716	1241	1408	1119	1956	1828	1592	1251	902	1057	1358	1091	961	1023	1324	1166	1156	1491	1287
Zfp597_+_3884492.23-P1P2	Zfp597	446	1299	1247	1766	1630	1645	1394	1406	1234	2357	1839	1525	1662	1357	1281	1331	1013	1080	1094	1138	1142	1258	1637	1555
Pdha1_-_160138295.23-P1P2	Pdha1	456	1058	1057	1302	1367	1451	1097	1286	1017	1763	1215	1467	1396	775	863	1035	882	586	683	885	814	644	911	1066
Anxa5_-_36475595.23-P1P2	Anxa5	453	1196	1175	1833	1691	1836	1536	1726	1317	1780	1910	1923	1765	1638	1288	1475	1230	1169	978	1054	1167	1468	1414	1584
Clu_-_65968688.23-P1	Clu_P1	269	846	879	1206	1180	1150	919	1160	752	1092	1064	1213	1418	359	843	962	640	634	637	757	716	924	1117	1068
Dcx_-_143932881.23-P1P2	Dcx	567	949	1045	1628	1128	1215	1238	1061	1306	1960	1077	1134	1863	1491	898	1202	1007	804	773	929	948	1003	1185	1150
Tfcp2_-_100551760.23-P1P2	Tfcp2	568	1405	1000	1771	1852	1726	1620	1509	1017	2009	1334	2039	2408	1434	1306	1355	1198	1223	979	1195	1178	1181	1545	1437
Pank2_-_131262807.23-P1P2	Pank2	196	752	728	1042	911	894	759	871	704	1618	1316	928	831	552	647	728	522	559	593	630	661	636	808	799
Prkca_+_108343679.23-P1P2	Prkca	378	1225	1380	1815	1690	1571	1141	1145	985	1476	1296	1482	1665	483	1113	1210	938	770	851	957	1020	971	1148	1213
Pkd2_-_104459595.23-P1P2	Pkd2	499	1869	1818	2701	2535	2555	2128	2037	1610	3019	2477	2894	2579	771	1703	2134	1700	1451	1411	1566	1640	1595	1978	2217
Folr1_-_101870723.23-P1	Folr1_P1	291	762	454	814	862	936	757	744	715	751	929	1014	1263	1342	720	651	582	608	536	678	618	716	901	864
Mmp14_+_54431640.23-P1P2	Mmp14	494	1787	1478	2394	2189	2313	1947	2053	1622	3011	2402	2097	2614	2012	1709	2057	1543	1490	1426	1505	1585	1537	1935	2020
Lcn2_+_32387563.23-P1P2	Lcn2	469	1152	1100	1781	1545	1512	1472	1695	1098	1394	1043	1787	2164	776	1188	1130	1114	1018	885	1096	1064	707	1078	998
Ube2j2_+_155944114.23-P1P2	Ube2j2	681	1409	1279	1725	1621	1689	1514	1414	1227	1980	1193	1645	1742	432	1174	1318	1000	1027	864	1003	1044	1213	1550	1416
Tomm40_-_19715196.23-P1P2	Tomm40	316	932	834	1188	966	1080	966	870	765	1049	1527	1242	1322	762	711	1048	689	689	647	708	757	671	914	940
Gjb1_-_101377320.23-P1P2	Gjb1	434	1077	849	1434	1385	1257	1373	1388	812	1833	894	1077	1509	823	1000	1149	931	930	825	897	1012	961	1055	1143
Tubb3_+_123411575.23-P1P2	Tubb3	259	990	905	1500	1142	1491	1287	1425	851	1940	1493	1498	1830	434	897	1073	898	879	762	986	974	1046	1074	1134
Gdap2_+_100162537.23-P1P2	Gdap2	394	1153	858	1849	1682	1367	1418	1390	1141	1749	1725	1240	1935	906	926	1192	1078	988	877	1053	970	577	1126	907
Cyld_-_88697164.23-P1P2	Cyld	342	842	822	1105	1114	1103	769	1044	658	1767	1485	1096	1563	1185	773	939	679	696	670	729	747	709	904	936
Rela_+_5637925.23-P1P2	Rela	247	935	993	1508	1280	1233	942	1112	896	1292	1511	1453	2022	487	969	924	800	886	730	858	871	862	969	1116
Ogg1_-_113327009.23-P1P2	Ogg1	616	1396	1650	2216	1879	1850	1525	1717	1250	2054	1906	2081	2224	1087	1259	1403	1164	1083	1098	1243	1298	795	1182	1044
Ttc19_-_62281498.23-P1P2	Ttc19	215	688	619	1106	974	955	863	914	667	717	815	676	901	857	720	778	611	611	549	569	657	643	773	881
Gstm6_-_107943678.23-P1P2	Gstm6	523	1588	1289	2265	2032	1924	1665	1901	1401	1446	1472	2176	2352	1328	1375	1706	1330	1332	1077	1356	1337	1388	1732	1697
Snca_-_60829244.23-P1P2	Snca	535	1275	1215	2313	1654	1644	1796	1653	1253	2109	1617	2196	1551	2247	1238	1276	1422	1119	1089	1249	1333	1363	1450	1539
Ndufa13_+_69902830.23-P1P2	Ndufa13	441	1217	1031	1831	1676	1503	1448	1538	1076	1690	1529	1581	1874	602	1209	1311	979	992	910	1098	982	1073	1409	1456
Sirt1_+_63338973.23-P1P2	Sirt1	373	902	827	1394	1050	1329	875	1017	819	633	1281	937	1110	675	805	1059	778	742	688	859	854	843	1048	1125
Prx_-_27499365.23-P1	Prx_P1	558	1726	1240	2206	1922	1934	1666	1678	1675	2652	2007	2233	1876	2211	1471	1745	1380	1320	1285	1379	1461	1463	1926	1936
Psma2_+_14613362.23-P1P2	Psma2	594	1558	1747	2254	1998	2161	1991	2024	1454	2502	1986	2296	2362	1857	1496	1657	1379	1367	1256	1376	1628	1311	1936	1873
Wnt1_+_98790106.23-P1P2	Wnt1	552	1394	1074	1723	2061	1954	1258	1754	1569	2152	2144	2157	2742	1170	1138	1608	1170	1254	1334	1243	1167	1324	1597	1805
Gria2_-_80802659.23-P1P2	Gria2	503	1123	850	1728	1143	1386	1265	1217	868	1390	757	1845	1113	1112	1068	1208	957	982	877	945	980	1006	1322	1318
Sgk1_+_21994709.23-P1P2	Sgk1	327	866	934	1562	1244	1362	1004	1138	830	1392	1075	1563	1491	1395	843	1043	846	739	735	837	937	853	882	1179
Bscl2_+_8837538.23-P2	Bscl2_P2	615	1214	1293	1817	1547	1525	1231	1600	1144	2123	1676	1515	1663	1188	1094	1254	1022	1066	990	1129	1118	1062	1379	1372
Ube2l6_+_84798886.23-P1P2	Ube2l6	565	1401	1595	2130	2253	1927	1865	1910	1465	1911	1809	1948	1850	2752	1521	1883	1484	1336	1148	1297	1428	1601	1733	1931
Gstm6_-_107943724.23-P1P2	Gstm6	725	1180	1173	2089	1864	1718	1801	1602	1224	1136	1814	1496	2134	1029	1309	1351	1182	1069	903	1265	1158	1231	1439	1574
Mapk9_-_49846860.23-P1P2	Mapk9	553	1304	1067	1607	1820	1567	1587	1580	1042	2564	2178	1592	2193	1159	1169	1154	1039	1037	946	1133	1122	1316	1459	1362
Pdyn_+_129699782.23-P1P2	Pdyn	498	1445	894	1657	1281	1556	1457	1503	1017	2524	1681	2368	1595	1593	1115	1382	942	961	925	911	1108	1063	1286	1341
Fat2_+_55336542.23-P1P2	Fat2	442	1113	1012	1721	1478	1471	1239	1507	1050	1650	1461	1499	2167	889	1098	1139	966	881	859	928	976	900	1243	1315
Ccdc88a_+_29373669.23-P1P2	Ccdc88a	796	1476	1418	2554	2193	1910	1798	2034	1404	1508	1905	2750	1908	1491	1377	1597	1375	1527	1186	1539	1524	1390	1980	1836
Ccdc88c_-_101028895.23-P1P2	Ccdc88c	434	1181	1065	1782	1257	1574	1468	1678	1163	1357	1680	2079	1181	853	995	1262	1011	858	976	1060	1017	1081	1270	1398
Rpgrip1_-_52110978.23-P1P2	Rpgrip1	206	597	396	709	616	638	472	532	624	951	678	1200	1130	227	480	553	558	485	426	410	553	618	497	689
Kcnc3_+_44590741.23-ENSMUST00000107907.2	Kcnc3	355	1020	987	1166	1078	1283	990	1030	957	1599	882	1126	1716	1960	847	1075	900	743	723	788	895	820	978	1061
Slc25a31_+_40708927.23-P1P2	Slc25a31	479	1261	1100	1657	1421	1463	1150	1392	1146	1843	1677	2321	1500	1617	1198	1276	1031	984	823	995	996	908	1377	1319
Msx2_+_53472706.23-P1P2	Msx2	457	1417	1051	1885	1524	1644	1396	1264	1201	1911	1827	2041	2597	1346	1315	1437	1199	1149	961	1227	1081	1261	1254	1488
Ptges_-_30903203.23-P1	Ptges_P1	368	855	672	988	1329	905	669	860	683	1456	1401	776	1507	514	757	819	875	660	621	644	580	647	854	787
Hspb8_+_116422712.23-P1P2	Hspb8	82	335	309	462	633	412	336	394	338	385	490	291	546	474	292	361	344	274	306	263	294	303	420	324
Nr1h2_+_44553921.23-P1P2	Nr1h2	682	1203	1079	2030	1804	1672	1576	1569	1229	1741	1415	2019	2076	1332	1178	1389	1236	1023	914	978	1127	1240	1598	1642
Ccr2_-_124102195.23-P1P2	Ccr2	327	951	647	1479	1032	1043	824	718	705	1196	948	1252	1347	1014	761	846	715	687	610	615	822	644	990	915
Hfe_-_23710745.23-P1P2	Hfe	643	1322	1184	1911	1370	1610	1464	1370	1110	1489	908	1755	2749	1266	1028	1249	1181	1010	857	1175	1030	1218	1220	1463
Grn_+_102430501.23-P1P2	Grn	551	1584	1466	2089	1823	1793	1417	1606	1266	2170	2014	1514	1849	1944	1365	1656	1242	1309	1123	1294	1441	1260	1759	1583
Cacna1f_-_7607164.23-P1P2	Cacna1f	479	994	649	1394	1238	1134	1023	942	913	1335	1115	1317	1047	502	794	870	837	653	596	660	851	837	980	890
Cat_-_103485045.23-P1P2	Cat	367	879	733	1177	1161	1058	991	1156	877	1477	946	1651	840	1594	872	916	812	617	630	706	817	972	1039	1142
Ndrg2_+_51913315.23-P1P2	Ndrg2	379	961	942	1300	1344	1424	1283	1431	847	1646	1432	1677	1273	1217	909	1308	945	997	779	837	992	1029	1192	1472
Wnt3a_+_59290510.23-P1P2	Wnt3a	247	974	799	1527	1027	1373	1316	1273	859	1876	870	1489	1475	516	864	960	896	803	841	908	1004	960	1115	1011
Elovl4_+_83806246.23-P1P2	Elovl4	533	1289	973	1604	1593	1379	1157	1242	836	1496	1217	1248	1224	1013	968	1122	1029	956	924	1058	1054	1053	1242	1331
Grid2_+_63256056.23-P1P2	Grid2	655	1987	1818	2566	2841	2465	2068	2488	1850	2798	2521	2528	2956	2411	1767	2085	1543	1578	1417	1598	1662	1555	2272	2409
Cd200r4_-_44811824.23-P1P2	Cd200r4	480	1081	843	1308	1356	1333	896	1172	764	1578	1120	1505	1298	1674	921	1084	797	725	770	883	988	1002	1145	998
Il12a_+_68691437.23-P1P2	Il12a	702	1400	1357	2214	1850	1854	1588	1787	1453	2033	2377	2230	2699	2389	1525	1646	1313	1292	1149	1330	1419	1201	1906	1843
Pou5f1_+_35506091.23-P1P2	Pou5f1	501	959	905	1379	1225	1402	1241	1506	973	1636	1263	1663	1545	1624	924	1176	920	980	844	894	1017	902	1077	1031
Vps13a_-_16780917.23-P1P2	Vps13a	833	2302	2202	2988	2476	2947	2078	2939	1825	4245	2328	2887	3247	891	2036	2220	1885	1896	1699	1844	1856	2082	2683	2489
Epha8_+_136956533.23-P1P2	Epha8	435	1052	971	1350	990	1239	1063	1064	752	1314	1100	1426	1146	501	804	952	843	590	674	678	860	608	938	1110
Psmb3_-_97703521.23-P1P2	Psmb3	443	902	907	1422	1219	1461	1078	1230	804	1238	834	1136	1605	593	851	1071	813	916	746	706	912	847	1003	1153
Dvl3_+_20517133.23-P1P2	Dvl3	319	857	624	850	912	816	711	587	604	982	718	788	1230	865	558	652	568	569	510	562	485	630	796	647
Dvl1_+_155847508.23-P1P2	Dvl1	310	714	962	1184	913	1050	1026	931	780	1329	1041	1045	1690	522	809	901	823	678	722	831	818	781	898	917
Nfkb1_+_135691455.23-P1P2	Nfkb1	588	1596	1504	2191	2112	1943	1648	1769	1470	1968	1575	1810	2353	1645	1416	1692	1432	1316	1065	1180	1414	1309	1606	1640
Grm1_+_11082299.23-P1P2	Grm1	591	1509	1387	2056	1646	1795	1520	1794	1394	2188	1948	2012	2767	971	1222	1743	1274	1124	1295	1499	1392	1478	1804	1794
Chek2_-_110840063.23-P1P2	Chek2	555	1366	1184	2116	1967	1934	1772	1778	1263	2782	1414	1915	2714	1657	1297	1582	1313	1096	1110	1351	1373	1206	1512	1504
Ubb_-_62551514.23-P1P2	Ubb	228	817	643	1002	1054	970	791	939	897	990	1137	774	1269	1543	646	914	694	672	661	719	605	677	961	883
Sepsecs_-_52669682.23-P1P2	Sepsecs	383	821	640	869	972	779	653	708	530	1271	692	569	1230	30	458	577	467	349	415	493	457	442	629	647
Cetn1_-_9619445.23-P1P2	Cetn1	362	989	984	1412	1251	1350	1057	1227	1008	1300	1190	1579	1427	891	971	1143	883	890	790	921	993	1089	1241	1246
Wnt16_-_22288259.23-P1P2	Wnt16	237	837	613	1004	1006	1120	781	767	670	1118	885	1100	1568	964	676	844	746	711	567	685	773	569	929	956
Lamp1_-_13159452.23-P1P2	Lamp1	523	1509	1593	2253	1855	1929	1713	1764	1344	2000	2052	1917	2415	1961	1294	1500	1218	928	1137	1401	1102	1085	1544	1348
Tuba1a_-_98953483.23-P1P2	Tuba1a	521	1229	1221	1922	1551	1695	1578	1627	1190	2400	2134	1698	1679	2197	1100	1409	1060	1129	1107	1101	1072	1328	1500	1450
Mtpap_+_4375823.23-P1P2	Mtpap	634	1460	1384	1946	2302	2096	1876	1769	1549	2099	1876	1930	2312	986	1300	1390	1321	1274	1156	1245	1473	1153	1387	1307
Vamp2_+_69088545.23-P1P2	Vamp2	469	1128	1088	1699	1775	1478	1048	1428	1102	1815	1591	1874	1738	1042	1147	1082	1009	1036	900	994	1286	1186	1409	1325
Coq2_+_100674224.23-P1P2	Coq2	766	1999	1843	2811	2585	2410	2138	2061	1949	2846	2472	2281	2641	1538	1756	2023	1774	1598	1471	1709	1894	1836	2280	2209
Mgst3_+_167393758.23-P1P2	Mgst3	462	1061	1022	1303	1236	1243	1021	1253	879	1458	1449	1510	1337	250	905	1136	889	850	739	836	793	969	1162	1152
Mthfr_+_148039200.23-P1	Mthfr_P1	859	1984	1846	3031	2711	2509	1904	2553	1732	3561	2297	2638	3478	2182	1728	2018	1540	1944	1579	1836	1827	1781	2251	2214
Scarb1_+_125340968.23-P1P2	Scarb1	469	1238	1390	1876	1558	1805	1549	1419	980	2067	1348	1590	2133	1134	1311	1366	1051	885	978	1089	1278	1150	1432	1494
Fbxo7_-_86021949.23-P1P2	Fbxo7	253	846	666	1156	777	1115	936	891	656	999	279	1210	1406	442	708	922	807	648	687	636	925	799	1012	963
Lcn2_-_32387685.23-P1P2	Lcn2	187	590	549	898	841	826	602	750	509	1143	932	1040	831	1374	601	652	560	620	494	592	558	577	753	663
Litaf_-_10993022.23-P1P2	Litaf	668	1574	1586	2491	2210	2234	2027	1941	1839	2281	2079	2452	3007	2356	1616	1830	1503	1307	1252	1542	1612	1573	1777	2015
Zfp629_-_127615225.23-P1P2	Zfp629	446	977	809	1554	1289	1420	1156	1418	857	1474	1579	1843	1345	964	924	951	860	861	690	977	971	960	1284	1316
Pdxk_-_78464643.23-P1P2	Pdxk	513	1681	1392	2159	2190	1801	1309	1805	1081	2262	1563	1755	2106	1706	1084	1276	1062	1030	975	996	1115	652	1099	1176
Coasy_-_101082688.23-P1P2	Coasy	889	1773	1706	2435	2146	1931	1638	1713	1325	2086	1382	1687	2080	1712	1084	1109	917	904	876	874	938	586	883	701
Egr2_-_67535511.23-P2	Egr2_P2	427	1266	1140	1632	1543	1285	1175	1316	1029	1734	1631	1336	1602	833	992	1171	845	876	795	960	925	1072	1268	1282
Ndufv1_+_4012630.23-P1P2	Ndufv1	495	1320	869	1307	1431	1309	1113	1293	904	1614	1108	1475	1615	518	931	1193	992	873	848	904	1005	817	1170	1186
Sirt5_-_43365707.23-P1P2	Sirt5	413	909	900	1434	1321	1124	841	1198	806	1259	1105	916	1309	1129	737	886	876	890	722	734	912	798	1004	1039
Sorl1_-_42124063.23-P1P2	Sorl1	462	806	864	1341	1110	1149	916	1067	940	2078	1076	1384	1859	594	892	1089	837	873	823	963	940	995	1145	1063
Slc18a1_-_69077223.23-P2	Slc18a1_P2	497	1559	1350	2065	2023	2043	1663	1846	1403	2146	1943	2231	1864	1393	1230	1615	1380	1027	1170	1201	1445	1380	1738	1839
Pax6_-_105682547.23-P2	Pax6_P2	404	862	694	1013	1125	966	906	977	802	882	1241	1082	1448	1287	807	804	622	639	582	620	658	744	1036	946
Ube2v1_-_167631953.23-P1P2	Ube2v1	362	672	647	933	709	898	700	783	669	1242	904	633	730	606	591	718	570	456	543	498	516	475	744	843
Endou_-_97720907.23-P1	Endou_P1	284	911	815	1091	1048	960	859	783	653	1104	838	860	1065	682	724	788	631	627	586	691	708	680	809	902
Cst3_-_148875367.23-P1P2	Cst3	334	1034	864	1369	1342	1131	1108	950	764	1687	1287	1377	1229	441	803	984	824	711	708	845	869	1020	920	870
Rpgr_+_10216696.23-P1P2	Rpgr	453	810	723	1247	1186	1272	1022	1207	749	1248	1074	1402	973	724	904	918	915	759	705	745	894	915	1065	1137
Cp_+_19957326.23-P1P2	Cp	295	702	769	1158	1419	1051	712	1060	808	1092	1410	1119	1239	824	701	916	735	579	604	664	665	663	1018	1048
Plp1_-_136822989.23-P1P2	Plp1	632	1423	1155	2457	2118	1948	1757	1892	1292	2311	2118	1741	1791	2522	1404	1779	1286	1260	1166	1352	1395	1380	1776	1737
Mmp3_-_7445873.23-P1P2	Mmp3	199	477	462	759	897	796	642	600	450	890	431	630	1293	364	515	556	510	472	468	397	396	618	640	615
Kcnh8_-_52602765.23-P1P2	Kcnh8	396	975	912	1598	1286	1403	929	1170	1049	1833	2093	1189	1441	838	887	1181	758	830	750	982	1015	963	1216	1176
Uqcrc1_-_108936745.23-P1P2	Uqcrc1	553	897	1033	1597	1201	1446	990	1111	989	1604	1548	876	1884	1462	1086	1078	974	950	831	1010	997	742	1100	1046
Cox6c_-_35937926.23-P1P2	Cox6c	225	933	932	1016	794	997	804	1047	722	1112	1113	999	1186	166	774	811	517	614	560	656	723	575	778	691
P2rx7_-_122643936.23-P1P2	P2rx7	562	1542	1636	1774	1521	1679	1533	1626	1245	2060	1766	1660	1898	1294	1292	1298	1129	1021	1032	1181	1141	1407	1544	1505
non-targeting_03124	non-targeting	443	1036	889	1434	1512	1621	1285	1051	1141	1308	1174	1367	1259	1807	1178	1162	1078	843	946	1140	949	1147	1250	1555
Slc5a6_-_31048250.23-P1P2	Slc5a6	486	1350	1054	1957	1416	1556	1247	1408	1096	2517	1377	1994	1396	976	998	1299	1082	1024	900	1003	1025	1113	1300	1380
Ndufb6_+_40279304.23-P1P2	Ndufb6	324	759	416	1021	1049	930	708	961	596	973	1158	827	995	628	688	737	616	532	498	525	616	424	472	607
Tpp2_+_43934155.23-P1P2	Tpp2	524	1380	1037	2015	1812	1797	1688	1452	1571	1632	2471	2019	2252	3257	1383	1602	1044	1101	1005	1167	1507	1104	1476	1523
Atp5b_+_128083388.23-P1P2	Atp5b	548	973	731	1694	1455	1254	1081	1019	557	1444	1406	1575	1562	437	849	1167	924	679	858	928	795	725	959	1003
Grin2c_-_115267130.23-P1P2	Grin2c	385	1363	1012	1405	1272	1414	1339	1222	1073	1703	1714	1564	1314	1526	909	1112	858	933	818	934	1077	891	1237	1290
Psmd2_-_20651783.23-P1P2	Psmd2	305	918	609	1036	1175	909	668	631	601	963	620	500	937	401	566	700	381	442	437	518	539	475	673	641
Tuba1b_-_98934439.23-P1P2	Tuba1b	544	1412	1401	2072	1977	1993	1787	1717	1439	2803	1767	2019	1624	1672	1273	1669	1258	1258	1060	1265	1387	1347	1749	1690
Ywhaz_+_36793700.23-P1P2	Ywhaz	558	1592	1651	2441	2120	1735	1503	1793	1235	1656	2173	1572	1682	2821	1372	1620	1205	1125	1287	1196	1256	1296	1761	1557
Nxnl1_+_71566606.23-P1P2	Nxnl1	261	901	726	1489	1473	1180	1105	946	918	1065	1371	1059	1338	1516	963	956	793	792	658	807	932	834	1195	1114
Rhoa_+_108306386.23-P1P2	Rhoa	216	423	296	781	504	620	559	510	475	417	580	354	952	179	403	386	385	406	319	409	387	404	481	492
Aspa_+_73324570.23-P1P2	Aspa	423	1167	1208	1663	1164	1527	1633	1413	1103	1997	1746	2041	1753	1623	1000	1533	1046	1131	869	934	1219	1123	1458	1492
Dnah9_+_66168311.23-P1P2	Dnah9	350	1025	836	1370	1234	1239	979	1203	805	1831	1361	1212	1549	913	874	880	834	756	712	740	925	807	1082	1015
Qprt_+_127121754.23-P1P2	Qprt	297	1078	1130	1741	1311	1314	1207	1379	1072	1609	1509	1564	984	780	944	1194	917	888	795	989	1030	1022	1286	1476
Ndufs8_+_3912670.23-P1P2	Ndufs8	279	915	599	981	823	1032	1104	1030	697	1148	980	1085	1823	756	777	980	590	655	695	707	689	793	1067	988
Fis1_-_136953344.23-P2	Fis1_P2	605	1595	1296	2278	1948	1966	1596	1945	1517	2745	1839	1464	2069	1065	1505	1695	1326	1178	1156	1301	1425	1318	1669	1906
Bcl2l1_-_152830432.23-P1	Bcl2l1_P1	499	1379	1275	1568	1358	1580	1219	1343	1026	1852	1266	1789	2073	1269	1058	1164	983	1022	896	1182	1064	1108	1239	1429
Plcb3_+_6969730.23-P1P2	Plcb3	341	1246	1077	1688	1499	1423	1172	1096	928	1618	1366	1273	2091	1942	936	1068	858	782	801	864	950	746	1153	1441
Plcg1_+_160731723.23-P1P2	Plcg1	311	894	799	1181	886	951	868	722	606	1509	964	1155	1137	832	757	743	581	488	546	613	693	570	802	818
Shh_+_28466867.23-P1P2	Shh	372	900	983	1454	1219	1155	1151	1097	735	1104	1305	1388	1372	1387	854	1118	848	810	703	953	959	956	1227	1128
Dcaf8_-_172148149.23-P1P2	Dcaf8	609	1284	1183	1911	1749	1888	1813	1632	1300	1994	1525	2073	2037	1253	1320	1701	1178	1105	1094	1260	1315	1245	1647	1700
Map2k2_-_81106008.23-P1P2	Map2k2	245	804	574	873	1061	805	749	806	657	855	750	1111	884	972	510	619	526	446	438	529	498	586	722	788
Pi4ka_+_17405850.23-P1P2	Pi4ka	657	1316	1270	2038	1709	1729	1353	1358	1080	1349	1365	1900	2287	2482	1113	1317	996	851	920	1092	1115	918	1152	1179
Syt14_+_193035645.23-P1P2	Syt14	467	1230	1053	1607	1644	1494	1538	1294	1142	1678	1473	1618	2176	1259	1277	1276	1110	1033	848	1068	1110	1182	1353	1339
Ndufs1_-_63176484.23-P1P2	Ndufs1	620	1437	1625	2048	1981	2020	1576	1727	1419	2346	1571	2346	2666	1573	1330	1528	1205	1190	1126	1299	1137	1232	1593	1795
Cyp7b1_+_18243264.23-P1P2	Cyp7b1	406	959	779	1218	1088	1130	867	1302	777	1304	731	1320	1211	759	818	909	720	576	672	648	860	698	1004	947
Gemin4_-_76243645.23-P2	Gemin4_P2	416	1219	998	1411	1257	1437	1240	1199	954	1094	1560	1412	2008	2179	1135	1120	955	1081	857	889	1017	1094	1250	1324
Lrp5_-_3686515.23-P1P2	Lrp5	318	933	741	1068	1451	1226	1046	1261	1054	1571	1113	18	1315	570	737	954	748	754	805	859	824	901	1106	1149
Xk_-_9272845.23-P1P2	Xk	326	929	872	1378	1359	1243	1002	1152	890	1734	1012	1620	2110	1114	943	1163	987	946	769	885	894	923	1264	1403
Med25_+_44892372.23-P1P2	Med25	505	1489	1630	2223	2189	1924	1533	1779	1327	2379	1637	2136	1373	1714	1436	1604	1445	1200	1256	1299	1424	1523	1718	1706
Cbs_-_31637091.23-P1P2	Cbs	779	1845	1824	2784	2737	2508	2089	2219	1741	2632	2341	2478	4268	2824	1668	1847	1712	1619	1468	1701	1666	1806	2128	2165
Atxn2_+_121711837.23-P1P2	Atxn2	532	1633	1311	2004	1776	1980	1591	1633	1182	2015	1409	1892	2670	1558	1339	1599	1364	1210	1079	1191	1243	1277	1551	1552
Dnmt1_-_20952783.23-P1P2	Dnmt1	304	875	803	1606	1321	1311	1061	1023	1012	1817	1157	1287	1205	367	930	1068	999	833	799	922	878	911	1036	1290
Tyrobp_-_30413844.23-P1P2	Tyrobp	869	1686	1773	2245	2313	1997	1524	1942	1150	2933	2186	2373	2337	1346	1513	1718	1368	1300	1009	1326	1517	1212	2059	1929
Wdr45_+_7722302.23-P1P2	Wdr45	425	880	964	1122	1227	1131	881	1021	764	1557	883	1414	1471	163	783	886	797	814	663	763	833	986	1049	1187
Srsf7_-_80207265.23-P1P2	Srsf7	592	1550	1459	2107	1962	1869	1420	1485	1105	2249	2568	2304	2624	2216	1232	1723	1179	1015	1031	1043	1177	947	1343	1181
Ripk1_+_34002467.23-P1P2	Ripk1	387	1062	801	1693	1194	1187	1153	1168	941	1505	1228	1340	1304	529	915	950	892	839	735	934	934	1031	1147	1219
Atg2a_-_6241716.23-P1P2	Atg2a	394	1029	803	1436	1432	1348	1110	1288	915	1149	1226	1478	1692	205	818	1178	870	850	847	895	894	880	1208	1130
Gle1_+_29935497.23-P1P2	Gle1	248	572	637	1092	841	754	602	394	598	1178	741	954	680	796	493	551	511	421	374	426	464	535	579	484
Tomm20_+_126945823.23-P1P2	Tomm20	579	1415	1108	1731	1903	1722	1426	1357	1249	1843	1865	1943	2038	725	1292	1510	1115	1101	989	1183	1038	1204	1527	1432
Sucla2_-_73552813.23-P1P2	Sucla2	202	622	692	893	912	843	797	670	700	777	813	1069	883	302	583	721	542	471	522	664	499	490	755	688
Slc44a1_+_53440528.23-P1P2	Slc44a1	387	1012	817	1676	1457	1405	1149	1263	923	1584	996	1212	1486	1264	888	1138	951	855	736	967	887	976	1339	1249
Ntf5_-_45413923.23-P1P2	Ntf5	521	1438	1320	2023	1919	1891	1610	1523	1171	2048	1871	1937	1841	1750	1420	1547	1365	1286	1069	1321	1327	1491	1734	1711
Nrtn_-_56757489.23-P1P2	Nrtn	418	843	1037	1485	1104	1197	1079	1012	705	1757	1229	1541	1109	1657	852	961	820	676	684	862	802	860	1093	1002
Fdps_-_89101520.23-P1P2	Fdps	266	654	765	927	720	890	744	731	668	799	999	907	1124	365	589	674	549	532	517	660	574	467	627	816
Pgp_-_24470512.23-P1P2	Pgp	339	666	493	1042	724	852	663	780	597	1354	1010	1001	716	471	559	600	538	573	523	567	627	436	732	740
Scn11a_-_119825450.23-P1P2	Scn11a	407	754	863	1202	1014	983	1040	778	636	1552	998	595	1095	184	753	905	722	529	592	842	710	830	927	826
Adrm1_+_180171681.23-P1P2	Adrm1	330	1397	1086	1788	1421	1755	1336	1419	1231	1657	1353	1721	2202	923	1052	1259	1025	978	1001	1064	1277	1168	1401	1754
Atxn1_+_45964961.23-P1P2	Atxn1	479	1156	704	1311	1620	1381	1169	1251	1131	1525	1549	1602	1750	505	917	1129	918	917	833	939	1113	944	1165	1083
Map2k5_-_63377839.23-P1P2	Map2k5	428	1011	890	1057	1145	1211	1000	1241	895	1804	1404	1065	1951	1299	869	916	802	791	710	837	940	968	1068	1213
Ache_+_137288302.23-P1P2	Ache	464	963	967	1657	1493	1342	1079	1177	909	1860	1200	1517	1541	1533	882	1068	909	850	819	983	903	1013	1184	1302
Grin1_-_25319148.23-P1P2	Grin1	400	1013	807	1711	1241	1345	1370	1175	1075	1533	955	1187	1214	1017	951	1125	891	996	810	963	1033	1024	1155	1314
Tpp1_+_105752156.23-P1P2	Tpp1	378	703	704	931	870	848	832	914	608	1331	636	847	1251	533	659	807	667	611	588	631	633	627	882	734
Sqstm1_-_50202926.23-P2	Sqstm1_P2	265	848	621	854	937	968	694	777	580	1063	882	1077	657	433	637	661	570	462	572	532	545	566	671	675
Cxcl13_+_95956955.23-P1P2	Cxcl13	274	677	588	866	831	871	709	904	559	1423	609	790	871	73	595	803	647	433	508	570	580	664	805	681
Grin1_+_25319087.23-P1P2	Grin1	469	1556	1461	1962	2090	1850	1328	1437	1020	1761	2305	1397	1898	1558	1150	1502	1161	984	1067	1231	1390	1417	1526	1279
Bap1_+_31251530.23-P1P2	Bap1	430	1375	1302	1719	1416	1419	1268	1472	1051	1571	1948	1475	1263	1436	1082	1162	1077	920	1000	1065	1181	1099	1493	1367
Pvalb_+_78203804.23-P2	Pvalb_P2	289	600	501	958	740	766	629	730	486	739	509	699	828	221	519	677	512	550	527	619	547	685	819	762
Maoa_+_16619838.23-P1P2	Maoa	384	1154	1100	1539	1094	1372	1199	1131	888	1522	1394	1592	1399	1238	1001	1028	850	817	706	774	1013	1008	1069	1071
Gusb_+_130002857.23-P1P2	Gusb	414	844	921	1413	1077	1155	930	1023	800	1237	899	975	1663	616	778	977	861	741	788	839	720	766	1041	1041
Padi4_+_140774212.23-P1	Padi4_P1	237	571	532	795	657	762	631	743	594	1354	761	913	775	844	525	637	477	496	486	458	493	500	639	675
Socs3_-_117969116.23-P1P2	Socs3	563	1685	1749	2262	2310	2160	1726	2033	1445	1578	1596	2492	3224	945	1529	1870	1601	1544	1346	1511	1553	1579	2052	2119
Cdk5r1_+_80477060.23-P1P2	Cdk5r1	449	1189	1202	1747	1886	1810	1264	1503	1140	1989	1751	1922	1932	580	1241	1242	1124	955	1051	1195	1111	1117	1433	1504
Prph_+_99055180.23-P1P2	Prph	273	692	543	1045	921	754	847	692	603	833	673	882	1165	1783	646	704	590	532	545	523	613	598	743	706
Casp3_-_46617501.23-P1P2	Casp3	431	1006	910	1549	1441	1464	1126	1163	1030	1831	1644	1553	1712	440	1036	1113	993	899	977	990	1029	1040	1258	1133
Stc1_-_69029491.23-P1P2	Stc1	425	1180	880	1236	1490	1245	1072	1407	901	1331	978	1204	1490	384	886	1065	822	731	854	860	937	876	1057	955
Cdk5_-_24423533.23-P1P2	Cdk5	556	1241	998	1874	1839	1627	1196	1558	1289	2049	1616	1791	1881	908	1151	1174	1039	1076	884	1081	1051	846	1149	1263
Socs3_-_117968973.23-P1P2	Socs3	529	1143	1046	1881	1604	1595	1410	1361	949	2078	2023	1808	1383	547	982	1237	924	938	916	1063	993	1132	1324	1249
Ccr2_+_124102198.23-P1P2	Ccr2	460	1095	1078	1877	1495	1649	1223	1401	1191	1482	1246	1515	2064	1491	1139	1392	1060	954	902	1027	1059	1064	1544	1295
Arhgef5_-_43265697.23-P1P2	Arhgef5	353	1100	1065	1498	1051	1401	1285	1334	1084	1717	1285	1509	1428	460	840	1171	810	888	774	900	943	1108	1150	1173
Fasl_-_161788306.23-P1P2	Fasl	268	514	490	654	668	628	544	661	519	995	519	806	802	278	457	550	399	428	328	468	412	391	498	621
Cd200r4_+_44812022.23-P1P2	Cd200r4	436	1212	962	1839	1191	1456	1329	1497	1100	1174	1042	2128	2024	865	1127	1278	984	929	875	900	1009	835	1244	1264
Myc_-_61985596.23-P1P2	Myc	335	604	544	984	908	739	770	781	709	425	400	532	662	238	510	770	535	479	498	564	446	539	717	699
Pde4a_+_21165780.23-P2	Pde4a_P2	437	1222	1004	1683	1354	1434	1175	1373	1030	1584	1530	1373	1540	1145	1072	1034	944	1043	849	1050	908	1004	1202	1224
Zfyve1_+_83597133.23-P1P2	Zfyve1	395	1172	1422	1844	1684	2015	1177	1416	1100	2162	1858	1807	2046	472	1181	1564	1123	1177	954	1170	1167	1226	1694	1568
Nars2_-_96951589.23-P1P2	Nars2	382	1713	1057	2163	1737	1879	1560	1485	1253	1437	1603	2174	2132	1147	1257	1453	1237	823	886	948	980	481	836	717
Zbtb20_+_43621411.23-P1P2	Zbtb20	209	509	496	817	550	574	551	484	432	1029	424	686	707	93	406	441	484	461	393	457	474	479	558	615
Psmd6_-_14120902.23-P1P2	Psmd6	510	993	948	1356	1309	1300	662	863	677	1341	804	932	1211	1547	697	865	538	388	453	497	690	478	712	632
Tubb5_+_35838212.23-P1P2	Tubb5	377	956	792	1360	1263	1128	938	964	793	1301	1430	1323	1766	504	727	901	744	598	709	737	656	956	1155	1009
Scyl1_-_5771367.23-P1P2	Scyl1	1184	2996	2562	4268	3393	3675	2986	3249	2378	5704	3523	4593	4473	3881	2650	2932	2412	2272	2089	2562	2640	2274	3220	2974
Ptges_+_30930090.23-P2	Ptges_P2	318	1009	659	1198	1322	1157	964	796	877	1336	986	1185	1457	1298	882	931	817	612	690	853	853	820	1034	1104
Ppt1_-_122836275.23-P1P2	Ppt1	1053	2323	2155	3022	3068	2995	2622	2377	2158	4252	2798	2569	3297	1727	1954	2486	1986	1884	1812	2042	2134	2258	2619	2560
Atp5a1_-_77774018.23-P1P2	Atp5a1	708	1541	1008	1728	1640	1846	1345	1570	1153	2634	1973	2271	2056	723	1083	1446	1021	1097	1041	1161	1046	1156	1456	1502
Ubqln4_+_88553813.23-P1P2	Ubqln4	464	832	747	1075	1026	1030	840	802	713	1544	1760	1347	1620	751	735	918	766	688	689	734	810	786	997	1000
Dntt_-_41029488.23-P1P2	Dntt	281	727	551	1004	1213	871	921	889	643	820	723	1040	1295	399	669	723	586	575	536	630	671	643	870	596
Trpc3_-_36690101.23-P1P2	Trpc3	660	1326	1056	1926	1829	1562	1294	1442	1003	1607	1662	2288	2036	1082	1022	1227	1082	1072	964	1085	1203	1118	1476	1362
Hmbs_-_44344138.23-P2	Hmbs_P2	471	1358	1087	2060	1390	1779	1401	1546	1249	1702	1699	1783	1461	1042	1145	1306	1084	961	958	1063	991	930	1154	1064
Ifnb1_-_88522832.23-P1P2	Ifnb1	810	1546	1500	2455	1931	2201	2351	1781	1497	2879	1945	2238	2988	1850	1559	1610	1439	1327	1257	1491	1461	1434	1911	2087
Ctnnb1_+_120933507.23-P1P2	Ctnnb1	534	1181	1178	1596	1415	1623	1402	1205	1013	1912	1438	1888	1560	669	1065	1267	970	1062	864	1029	983	1045	1458	1218
Stmn1_-_134469783.23-P2	Stmn1_P2	476	1090	1270	1691	1518	1615	1247	1598	1124	1835	1791	1338	1969	674	1229	1417	1048	1020	854	1098	1180	1216	1312	1380
Bap1_-_31251541.23-P1P2	Bap1	566	1518	1208	1983	2195	1718	1817	1357	1282	1886	2443	2051	1741	2326	1286	1478	1282	1183	1130	1216	1255	1496	1715	1662
Psmd4_+_95042523.23-P1P2	Psmd4	285	1046	637	1169	1246	1266	933	1026	850	1107	1090	1099	1433	640	677	924	768	675	648	672	799	795	856	1002
Pdxk_+_78464464.23-P1P2	Pdxk	620	1688	1563	2105	2112	2156	1862	1836	1468	2019	2277	2019	2634	1713	1151	1596	1128	1101	1193	1323	1357	1159	1589	1691
Chat_+_32460867.23-P1	Chat_P1	531	1111	1122	1563	1528	1406	1309	1322	1166	1920	1435	1567	1507	688	1037	1046	1171	862	823	837	1031	1246	1367	1316
Wwox_+_114439724.23-P1P2	Wwox	288	790	751	846	1002	1065	734	882	616	1024	1108	919	679	277	554	914	680	596	603	509	633	677	857	768
Foxo3_+_42276676.23-P1P2	Foxo3	467	1348	1218	2037	1926	1746	1196	1672	1457	1726	1970	1519	1897	1597	1196	1533	1048	1026	1046	1230	1405	1236	1608	1532
Cetn1_+_9619474.23-P1P2	Cetn1	504	1230	1108	1730	1619	1484	1384	1427	928	1909	1967	1584	1977	1823	1133	1413	1213	1066	920	1021	1219	1044	1492	1479
Cbs_-_31637172.23-P1P2	Cbs	246	562	685	1023	913	791	769	581	582	1036	744	798	1248	756	567	579	478	452	533	508	600	635	769	729
Rmdn3_+_119156858.23-P1P2	Rmdn3	424	1047	745	1395	1106	1176	1175	1218	1019	1342	749	1105	920	686	940	1078	835	629	716	1002	962	972	1070	1166
Bag6_+_35135271.23-P1P2	Bag6	474	979	936	1443	1106	1433	1142	1152	935	1179	1570	1203	1901	343	846	1006	787	862	775	919	879	919	1322	1127
Ddhd1_+_45657910.23-P1P2	Ddhd1	323	964	1128	1348	1113	1431	1159	1101	939	1920	1522	1277	1092	685	882	1082	927	955	843	914	963	882	1161	1084
Abcb1a_-_8660089.23-P1P2	Abcb1a	530	1317	1399	1712	1377	1695	1501	1564	1067	2346	1675	1480	2001	1897	1179	1509	937	1030	855	1025	1126	1061	1487	1513
Tango2_+_18343833.23-P1P2	Tango2	359	930	791	1403	1233	1256	1029	1137	952	1344	1307	946	1192	367	948	950	721	888	788	845	921	924	1199	1168
Samd9l_+_3399326.23-P1P2	Samd9l	250	689	423	1075	1010	827	758	892	687	1080	1035	663	856	192	535	730	612	481	499	591	530	581	807	853
Slc18a2_+_59261120.23-P1P2	Slc18a2	722	1485	1214	1961	1637	1877	1551	1682	1319	1412	1666	2110	2783	1956	1409	1759	1250	1119	1180	1263	1405	1254	1807	1719
Epo_+_137533188.23-P1P2	Epo	343	693	730	961	1025	869	758	963	614	801	795	837	1020	871	636	710	577	610	535	676	685	638	736	851
Ppp2r2b_-_43059479.23-ENSMUST00000025377.7	Ppp2r2b	589	1278	1271	1829	1755	1740	1640	1575	1292	1794	1922	2139	2528	672	1244	1613	1072	1184	1019	1143	1144	1029	1589	1693
Prdm12_-_31639772.23-P1P2	Prdm12	457	896	1060	1525	1426	1303	930	1100	860	1498	1236	1632	1454	2257	838	1194	784	689	821	916	940	909	1226	1142
Psmd9_-_123228313.23-P1P2	Psmd9	712	1669	1554	2167	2556	1944	1797	1918	1461	2948	1680	1926	2774	1312	1391	1747	1345	1312	1271	1350	1344	1571	1844	1679
Ndufs8_+_3912676.23-P1P2	Ndufs8	144	382	370	721	482	745	417	523	347	520	466	782	1028	640	316	478	346	279	354	411	417	156	332	290
Eif2b2_+_85219543.23-P1P2	Eif2b2	362	938	797	1346	1248	1242	877	907	748	1389	1530	1024	968	762	627	729	564	446	574	578	663	516	830	864
non-targeting_01000	non-targeting	288	810	822	1434	924	1080	836	1099	626	1107	1133	828	1180	2620	754	789	658	656	628	767	759	637	869	810
Prx_+_27507865.23-P2	Prx_P2	699	1081	1076	1625	1539	1337	1214	1439	1058	2514	1285	1658	1457	914	1011	1135	997	945	834	1035	853	1142	1331	1403
Kynu_-_43555621.23-P1P2	Kynu	318	494	430	701	664	744	734	799	529	945	692	984	558	898	563	663	587	456	465	486	515	687	616	687
1600014C10Rik_-_38183947.23-P1P2	1600014C10Rik	396	1004	986	1415	1332	1155	1035	1110	836	1380	1282	1814	1592	378	941	984	958	795	804	878	882	1038	1183	1096
Elk1_-_20950478.23-P1P2	Elk1	386	1167	1144	1696	1381	1555	1288	1346	1117	1842	1848	1492	2123	1546	1046	1186	1199	982	1026	1046	976	1053	1413	1433
Mbp_+_82554597.23-P1P2	Mbp	809	1103	1399	1657	1921	1713	1476	1330	1281	1435	1657	2238	2145	933	1177	1373	1095	1179	959	1239	1176	1306	1364	1328
Sds_+_120476578.23-P1P2	Sds	659	1374	1295	1704	1481	1848	1392	1640	1176	2084	1459	1893	2923	1077	1246	1367	1052	1122	931	1191	1076	1221	1655	1460
Ndufa9_-_126849097.23-P1P2	Ndufa9	109	315	149	261	336	285	245	309	210	333	318	307	552	13	239	269	190	328	183	154	146	195	225	290
Zap70_-_36762073.23-P1P2	Zap70	509	1110	1252	1607	1608	1627	1200	1392	914	1329	1373	1477	2044	1266	1091	1372	1060	1120	926	968	1065	1168	1288	1416
Prickle2_+_92706198.23-P1	Prickle2_P1	656	1679	1357	2491	2155	2386	2022	2087	1747	2710	1928	2287	2092	733	1551	1855	1503	1535	1269	1549	1593	1723	2022	2090
Ndufv1_-_4012638.23-P1P2	Ndufv1	449	1126	816	1484	1203	1212	1160	1183	838	1537	832	1056	1666	672	948	1032	844	846	814	787	800	729	969	907
Jund_+_70698955.23-P1P2	Jund	612	2173	1790	2897	2582	2627	2252	2450	1717	2008	2691	2637	2820	2650	1773	2243	1840	1670	1473	1744	1905	1735	2376	2110
Kcnc1_-_46396751.23-P1P2	Kcnc1	708	2028	1694	2596	2314	2587	2174	2407	1711	3503	2507	3047	2510	3746	1732	2420	1763	1661	1490	1729	1937	1791	2412	2363
Ube2l6_+_84798937.23-P1P2	Ube2l6	522	1532	1212	2068	2017	1913	1463	1746	1334	2595	1889	2046	2561	1269	1316	1609	1234	1266	1142	1258	1225	1299	1563	1564
Aspa_+_73324377.23-P1P2	Aspa	577	1511	1225	1965	1790	2079	1634	1656	1537	2077	1823	2297	2167	1201	1456	1470	1362	1155	1086	1269	1317	1329	1850	1719
Ndufs6_+_73328240.23-P1P2	Ndufs6	744	1161	1462	1854	1445	1753	1594	1515	1276	1881	1840	1360	2275	1248	1297	1568	1065	1047	1044	1162	1158	1239	1275	1346
Tnfrsf1b_+_145246844.23-P1P2	Tnfrsf1b	223	510	533	706	768	704	529	568	303	968	674	605	593	239	486	522	408	372	378	406	417	462	542	424
P4hb_-_120572778.23-P1P2	P4hb	745	1301	1321	2320	1528	1724	1309	1681	1217	1845	1827	2096	2542	1536	1195	1251	1266	999	966	1112	1235	1121	1449	1498
Morc2b_+_33139609.23-P1P2	Morc2b	209	652	663	847	897	997	753	595	617	627	702	641	961	24	588	733	581	559	592	503	656	593	787	726
Anxa11_-_25842254.23-P1P2	Anxa11	614	1697	1749	2736	2142	2419	1842	2502	1613	3537	2150	2396	2885	1400	1655	1778	1507	1454	1306	1493	1697	1520	2111	1982
Esr1_+_4710188.23-P1P2	Esr1	594	1117	856	1638	1477	1782	1249	1612	1185	1529	1495	1280	2257	502	1067	1107	890	961	947	929	1068	1216	1418	1438
Pla2g1b_+_115466267.23-P1P2	Pla2g1b	276	634	682	1072	993	794	770	853	554	779	761	723	867	766	640	661	502	548	495	485	569	591	748	677
Hap1_+_100356048.23-P1P2	Hap1	454	1086	1001	1644	1581	1396	1403	1268	1044	1485	1458	1888	1235	1407	986	1258	1098	1022	854	1054	1007	926	1184	1346
Pdyn_+_129699806.23-P1P2	Pdyn	371	942	755	1379	1115	1151	1045	882	791	1960	1185	1618	2446	760	807	979	735	894	715	871	782	710	1086	976
Htra2_-_83054341.23-P1P2	Htra2	391	696	790	1266	790	981	584	832	743	1323	1121	518	1009	217	533	678	540	568	512	530	627	378	593	553
Atg2a_+_6241735.23-P1P2	Atg2a	555	1027	1062	1948	1628	1572	1276	1350	1155	1910	1664	1616	2245	1288	1158	1297	1065	953	952	1160	1115	1270	1350	1278
Pars2_-_106651178.23-P1P2	Pars2	351	953	988	1380	1051	1209	860	1054	768	2236	1160	1159	1159	226	755	882	716	628	602	662	710	212	286	310
Eif4g2_+_111081521.23-P2	Eif4g2_P2	299	838	663	1125	1331	910	824	868	723	699	771	970	748	524	673	909	721	662	577	735	748	564	851	854
Pla2g5_-_138819166.23-P1P2	Pla2g5	365	1050	717	1651	1580	1334	1054	1358	944	1754	1263	946	1845	1770	927	1227	927	727	924	950	945	1026	1200	1211
Cd8a_+_71373561.23-P1P2	Cd8a	377	591	599	947	896	867	733	729	517	1159	837	846	637	433	602	638	616	460	487	543	558	571	780	653
Gabarap_+_69991612.23-P1P2	Gabarap	334	823	920	1452	1182	1224	1023	1044	879	1730	1040	1236	1766	1178	767	991	841	846	692	861	740	1018	1050	1036
Dlg4_+_70018470.23-P1	Dlg4_P1	219	683	628	1104	830	778	673	739	584	985	744	1093	833	825	581	730	473	503	543	596	653	555	772	691
Cd36_+_17835635.23-P1P2	Cd36	305	1216	1080	1573	1363	1381	1287	1469	1151	1743	1480	1561	1272	1034	983	1267	951	1112	954	969	1090	977	1051	1348
Ndrg2_+_51913331.23-P1P2	Ndrg2	345	1010	961	1561	1101	1356	1117	1197	921	1426	1450	2078	1575	460	930	1051	920	916	809	990	901	862	1171	1224
Cyp2d12_-_82555439.23-P1P2	Cyp2d12	522	1087	1083	1829	1496	1547	1269	1272	1190	1531	1268	1082	1898	978	1167	1274	1004	855	829	1053	1022	1109	1194	1154
Nop56_-_130274481.23-P1P2	Nop56	476	931	788	1644	1410	1286	1148	1176	891	640	1350	1838	1080	1002	519	456	411	333	380	399	513	280	541	393
Klc3_+_19404084.23-P2	Klc3_P2	485	1121	944	1610	1494	1484	1605	1315	1110	1884	1226	1489	2034	1022	982	1254	959	906	920	942	1155	1067	1360	1350
Cox7b_-_106016034.23-P1P2	Cox7b	348	965	1038	1354	1703	1151	926	966	810	1456	1108	1454	1742	367	809	975	786	654	707	777	651	645	849	1025
Grid2_-_63256051.23-P1P2	Grid2	425	1098	1247	1654	1778	1636	1402	1570	1028	1886	1870	2054	1960	637	1076	1143	973	1249	933	1093	1167	1178	1532	1251
Kcna3_-_107036184.23-P1P2	Kcna3	727	1523	1230	1777	1422	1643	1363	1754	1317	2091	1642	2062	1800	905	1213	1524	1297	1067	989	1152	1207	1267	1708	1791
Chrna7_+_63212492.23-P1P2	Chrna7	388	968	996	1308	1120	1224	1067	1163	949	2280	1271	1480	1259	917	798	1069	939	637	778	910	876	792	1132	1175
Ttc19_+_62281680.23-P1P2	Ttc19	329	937	956	1147	1317	1259	973	1052	772	1558	1478	1077	899	315	813	906	793	755	715	848	835	881	968	920
Wnt3_+_103774221.23-P1P2	Wnt3	271	815	493	1154	1045	955	812	970	714	1555	766	1072	1260	662	719	843	676	604	585	765	653	688	877	944
Raf1_-_115676542.23-P1P2	Raf1	405	1018	1111	1579	1543	1461	1228	1314	1027	1871	1207	1100	1456	971	1152	1138	1003	973	851	945	1127	906	1318	1302
Slc17a5_-_78587960.23-P1P2	Slc17a5	342	790	794	1132	964	1070	816	933	726	1347	1078	1014	810	71	743	806	665	663	640	680	682	742	761	865
Cd36_+_17835616.23-P1P2	Cd36	400	1232	1161	1951	1441	1646	1360	1491	1089	1414	1548	1354	1672	1392	1124	1364	1093	889	892	1073	977	1198	1569	1547
Tmem175_-_108629892.23-P1P2	Tmem175	567	1076	953	1481	1308	1259	1036	1176	1007	2154	1546	1856	1436	1208	1019	1124	961	931	916	967	1033	933	1196	1266
Ddah1_+_145758750.23-P1P2	Ddah1	441	1107	1012	1860	1595	1392	1011	1372	940	1981	1295	1741	2196	588	1033	1121	894	988	908	1026	995	1043	1418	1448
Htr1a_+_105444080.23-P1P2	Htr1a	403	894	846	1077	1080	1117	1029	1112	750	1615	992	965	1218	1426	860	882	720	693	745	753	777	839	1115	1028
Trpm2_-_77969792.23-P1P2	Trpm2	593	1701	1223	1990	1885	1844	1599	1719	1311	1994	1652	2649	2060	2450	1404	1503	1386	1238	1174	1444	1364	1480	1742	1851
Actr1a_-_46395669.23-P1P2	Actr1a	744	1900	1580	2874	2635	2308	1918	2040	1653	3017	2362	2161	3105	1118	1530	1977	1487	1489	1416	1454	1658	1732	2050	2026
Cyp2d26_-_82794044.23-P1P2	Cyp2d26	794	2044	1539	2366	2520	2302	1763	2049	1387	3185	2421	1977	3535	994	1601	1870	1669	1445	1333	1502	1665	1480	1807	1956
Reep2_+_34840696.23-P1P2	Reep2	397	996	1001	1720	1257	1346	1251	1287	1040	1853	1801	1314	2102	930	868	1049	1106	816	836	1032	944	968	1403	1321
Nqo2_+_33964925.23-P1P2	Nqo2	598	1752	1421	1924	2251	1988	1517	2030	1459	2870	1728	2481	2661	1081	1209	1802	1357	1169	1116	1501	1300	1569	1631	1750
Stxbp1_+_32847158.23-P1P2	Stxbp1	538	1404	1137	1813	1814	1463	1034	1145	872	1938	1362	1324	1424	330	966	1003	905	680	730	971	823	679	946	978
Sugp1_+_70043104.23-P1P2	Sugp1	357	867	721	1233	955	1020	965	750	785	1458	821	823	857	761	728	867	720	652	590	692	806	685	912	974
Nfkbia_+_55492411.23-P1P2	Nfkbia	528	1349	1275	1334	1269	1617	1326	1230	1069	1622	1261	1560	1595	361	1195	1231	916	839	876	1026	972	974	1469	1309
Il13_+_53634645.23-P1P2	Il13	365	987	1000	1691	1403	1305	1150	1226	833	1502	1319	1852	1352	1617	994	1115	958	897	840	937	1078	906	1135	1396
Wnt10b_+_98778569.23-P1P2	Wnt10b	248	800	561	1049	1040	902	899	867	665	1078	1008	1102	1036	692	663	734	741	704	556	700	585	607	869	956
Cd40lg_+_57212113.23-P1P2	Cd40lg	701	1946	1732	2164	2457	2034	1817	1953	1636	2562	2554	2658	1684	1807	1467	1691	1416	1358	1265	1493	1376	1530	1822	1839
Psmc1_-_100110367.23-P1P2	Psmc1	328	1044	959	1401	982	768	381	484	267	607	640	437	782	1003	291	303	306	147	184	270	214	223	399	341
Mmp14_-_54431683.23-P1P2	Mmp14	215	407	415	808	867	580	589	483	526	751	367	877	756	722	608	584	530	491	516	544	516	432	596	656
Gad2_+_22622551.23-P1P2	Gad2	288	574	692	1197	1021	1006	974	957	737	977	730	1164	634	459	628	890	828	601	612	803	714	634	853	931
Camk2a_+_60925698.23-P1P2	Camk2a	330	958	601	1046	1144	1067	950	1083	657	1306	1068	1199	1268	368	716	899	733	557	597	741	664	680	884	881
Setx_+_29125225.23-P1P2	Setx	698	1564	1348	2517	1908	1911	1650	1553	1437	2378	2297	1778	2461	931	1352	1578	1365	1200	1068	1395	1351	1433	1620	1797
Trp53_-_69580422.23-P1P2	Trp53	444	1388	1234	1524	1479	1737	1580	1368	1148	2469	1726	2124	1590	2397	1137	1287	1102	991	973	1106	1127	998	1518	1337
Ascl1_-_87493665.23-P1P2	Ascl1	491	1067	894	1733	1626	1289	1136	1122	831	1343	1367	1329	1457	1123	988	1122	909	966	859	954	1080	849	1161	1267
Slc8a3_-_81333126.23-P1P2	Slc8a3	557	1213	902	1766	1678	1540	1329	1457	1282	2125	1726	1677	1359	993	1094	1212	1053	976	889	1028	984	1235	1580	1327
Nes_+_87971151.23-P1P2	Nes	512	942	785	1327	1220	1340	1306	1109	871	1291	991	1057	1413	1381	931	1230	844	682	748	852	888	906	1017	1257
Slc1a1_+_28835178.23-P1P2	Slc1a1	441	1038	1292	1595	1765	1620	1158	1351	1016	2063	1145	1772	1688	1265	1037	1257	996	863	915	967	1062	1081	1354	1203
Rab11a_-_64737669.23-P1P2	Rab11a	118	535	639	847	752	838	749	832	483	602	1133	865	1193	949	524	661	519	413	481	511	536	569	711	716
Wnt11_+_98838983.23-P2	Wnt11_P2	430	765	693	953	1043	961	794	939	725	1478	904	884	1041	122	738	980	752	706	669	823	765	691	955	958
Prkra_+_76647955.23-P1P2	Prkra	629	1258	1091	1754	1444	1875	1581	1809	1467	2167	1460	2081	3069	1154	1149	1399	1400	1216	1180	1194	1173	1150	1513	1632
Wipi2_-_142629634.23-P1P2	Wipi2	367	1023	979	1620	1273	1468	1164	1105	966	1215	1725	1971	1608	513	991	1140	997	957	880	915	971	1035	1260	1372
Atg14_-_47568363.23-P1P2	Atg14	456	1190	1145	1786	1601	1507	1208	1526	1174	1517	1547	1231	1590	1433	1105	1215	1103	946	899	1099	960	1053	1456	1564
Lrrk2_+_91673654.23-P1P2	Lrrk2	357	725	419	880	662	699	489	553	491	714	648	820	1097	777	508	538	533	485	479	433	515	457	662	611
Camk2b_-_6065328.23-P1P2	Camk2b	269	686	534	1020	1164	861	753	876	598	835	1152	1069	931	798	613	705	695	588	480	645	660	717	866	1078
Ptpn13_-_103425250.23-P1P2	Ptpn13	233	826	974	1334	1167	1159	968	1121	772	1644	975	1523	1677	1479	854	856	785	873	732	803	790	878	931	1125
Dctn4_-_60526287.23-P1P2	Dctn4	386	783	837	1096	1123	1108	872	980	877	1236	1129	1050	1512	759	802	785	689	636	592	726	821	698	856	960
Clcc1_+_108653943.23-P1P2	Clcc1	211	776	665	938	945	1049	829	929	566	1129	683	1287	728	673	602	711	603	586	574	665	673	577	787	902
Serpina3a_-_104113104.23-P1P2	Serpina3a	625	1074	1488	2025	1688	1743	1424	1644	1133	1943	1649	2127	2299	1549	1248	1378	1188	1041	1048	1007	1309	1228	1331	1660
Ywhae_+_75732983.23-P1P2	Ywhae	559	1111	1359	1630	1752	1637	1407	1570	1248	1893	1184	1442	2175	931	1097	1242	1116	1059	1127	1140	1099	1105	1313	1444
Wdr45_-_7722276.23-P1P2	Wdr45	177	406	377	522	533	536	445	425	467	623	496	636	739	589	496	457	360	331	310	368	352	300	455	503
Tubb3_+_123411571.23-P1P2	Tubb3	321	851	902	1092	1104	1119	1017	964	871	1234	1116	643	1451	848	770	862	685	698	654	792	830	820	951	924
Mfsd8_-_40846813.23-P1P2	Mfsd8	352	1098	880	1221	1045	1109	1036	1128	862	2183	1134	1582	1707	1338	857	991	787	578	705	886	770	756	1090	1220
Xbp1_-_5520963.23-P1P2	Xbp1	195	833	833	1313	1163	1036	782	885	668	1520	1149	1184	951	474	731	776	721	589	661	669	700	570	726	717
Atp7a_+_106027272.23-P1P2	Atp7a	351	913	755	1505	1434	1266	1073	979	945	1361	1022	1250	1135	1404	789	1108	865	742	635	793	883	815	1238	1085
Ndufa11_-_56717818.23-P1P2	Ndufa11	580	1321	1244	2291	1743	1934	1224	1326	1217	1551	1803	1785	2155	836	1276	1336	1073	1127	1092	1211	1424	850	1262	1322
Anp32a_+_62341769.23-P1P2	Anp32a	913	2201	1958	2916	2879	2785	2220	2568	1689	3200	2347	3327	3763	1406	1698	2299	1762	1613	1553	1825	1930	1981	2652	2281
Atf2_+_73892600.23-P1P2	Atf2	311	1075	1256	1844	1477	1623	1537	1274	1173	2378	1447	1387	1491	1476	1125	1252	1209	1041	977	1106	1155	1252	1328	1475
Pi4ka_-_17405814.23-P1P2	Pi4ka	375	1167	965	944	1373	1221	1094	1031	845	1295	875	1386	1695	1683	935	885	705	734	689	740	768	743	1003	940
Pax6_+_105668973.23-P1	Pax6_P1	226	858	519	1037	813	808	706	656	672	611	878	1155	1334	268	622	733	570	451	524	651	573	530	829	831
Timp3_-_86300642.23-P1P2	Timp3	316	1004	874	1125	1236	1219	1029	914	758	1241	572	1191	1526	1301	895	880	954	738	824	816	829	789	1146	1077
Nefl_+_68084097.23-P1P2	Nefl	529	1468	1228	1770	2057	1780	1436	1395	1237	2016	2103	1745	1527	1332	1313	1314	1225	918	979	1190	1184	1151	1382	1439
Calm4_-_3837988.23-ENSMUST00000042219.4	Calm4	324	872	839	1344	969	1294	1080	1087	952	2014	1579	1333	1399	1398	871	1073	767	774	718	745	804	897	1291	1154
Ucp2_+_100498207.23-P2	Ucp2_P2	353	1063	1003	1255	1045	1316	1107	1109	1025	1528	1117	1353	1329	724	976	1281	926	812	744	866	879	931	935	1014
Elovl4_-_83806210.23-P1P2	Elovl4	390	840	1067	1444	1491	1267	867	982	857	1633	1054	1056	1448	764	763	1096	801	668	713	821	723	810	859	1084
Prx_-_27507833.23-P2	Prx_P2	454	1107	1006	1652	1505	1598	1080	1483	1067	2325	1150	1224	1868	789	1063	1182	839	1123	986	1008	1097	966	1280	1562
Unc80_+_66468506.23-P1P2	Unc80	374	1155	1025	1735	2047	1746	1043	1605	1292	1378	1786	1759	1952	858	1078	1264	1022	950	874	925	1156	1116	1465	1495
Gba_+_89203321.23-P1P2	Gba	441	1234	1271	1883	1764	1696	1483	1422	1382	1510	1885	1716	2927	928	1031	1273	1044	1218	971	1232	1139	963	1411	1442
Dagla_+_10304891.23-P1P2	Dagla	559	1482	1417	2187	2185	1888	1598	1699	1427	1695	1556	1722	1359	880	1279	1447	1318	1243	1094	1148	1136	1275	1480	1638
Nes_+_87971085.23-P1P2	Nes	338	824	662	1105	923	960	811	900	860	1919	885	852	1409	731	688	856	675	604	659	698	875	751	853	1012
Zap70_+_36761880.23-P1P2	Zap70	467	1004	1149	1583	1449	1216	1008	1185	773	1232	1191	1238	1898	989	953	1078	791	808	745	788	891	833	1285	1235
Hdac1_+_129542388.23-P1P2	Hdac1	401	1378	1151	1923	1712	1730	1391	1550	1340	2528	1523	368	1459	1104	1138	1476	1208	1164	1037	1264	1234	1198	1437	1767
Ubc_-_125389749.23-P1P2	Ubc	508	1287	1041	1729	1494	1728	1387	1531	1084	1649	1887	1579	1993	1038	1155	1350	1001	1024	1091	1067	1134	1246	1341	1495
Cyp2u1_-_131303134.23-P1P2	Cyp2u1	238	763	713	1139	958	950	845	1017	759	922	965	1147	647	563	560	868	686	579	592	691	616	648	873	663
Surf1_+_26916327.23-P1P2	Surf1	658	1654	1221	2076	1841	1788	2044	1833	1561	1780	1820	1559	2772	1177	1388	1563	1226	1131	1113	1229	1351	1383	1580	1606
Dvl3_-_20517098.23-P1P2	Dvl3	521	1398	1303	2415	1972	1976	1691	1813	1224	1840	2143	2232	2700	1667	1459	1529	1413	1341	1287	1326	1356	1478	1747	1858
Ntf3_-_126164915.23-P1	Ntf3_P1	826	1619	1772	2833	2093	2186	2095	1989	1626	3231	2127	2121	2428	2974	1652	1994	1582	1447	1379	1494	1623	1846	1979	2131
Tat_-_109990472.23-P1P2	Tat	233	980	877	1350	955	1134	1094	949	775	1148	695	1289	1214	616	841	856	759	665	664	670	728	906	967	958
Endou_+_97731332.23-P2	Endou_P2	762	2033	1926	2800	2240	2845	2218	2493	1820	3503	2436	2431	4426	1604	1936	2285	2012	1805	1574	1925	1758	2025	2508	2553
Cisd2_+_135423384.23-P1P2	Cisd2	340	946	1070	1229	1322	1258	1116	1115	802	1367	969	1237	1702	629	860	960	883	848	737	807	798	960	1113	1120
Keap1_-_21239229.23-P1P2	Keap1	208	632	470	652	577	674	793	605	495	884	842	620	1039	1245	498	625	417	470	461	536	506	364	648	681
Cox7a2_-_79759504.23-P1P2	Cox7a2	507	1038	928	1447	1500	1429	1326	1374	1007	1836	1231	1627	1397	916	980	1138	933	889	841	944	930	1015	1335	1093
Aif1_+_35172605.23-P1P2	Aif1	178	421	341	702	687	719	579	786	410	351	750	551	698	776	515	566	481	452	398	436	527	413	592	646
Mpv17_+_31154179.23-P1P2	Mpv17	389	986	815	1349	1277	1101	815	989	724	1239	1003	990	1428	1010	755	962	903	724	639	896	735	729	1072	1005
C9_+_6445428.23-P1P2	C9	445	747	539	996	928	921	758	801	669	768	582	1266	926	993	619	801	619	566	560	519	610	616	723	716
Tubb5_-_35838186.23-P1P2	Tubb5	558	1398	1210	1985	1647	1874	1511	1499	1105	2852	1504	1878	1894	613	1272	1328	1255	927	1067	1239	1169	1276	1591	1591
Cox6b1_-_30626065.23-P1P2	Cox6b1	388	967	1084	1259	1417	1201	1171	1207	943	1225	1442	910	1691	1303	1024	832	881	821	686	926	867	835	1075	1141
Ndufs7_-_80249478.23-P1P2	Ndufs7	307	888	797	1104	1063	991	759	732	789	1265	891	1241	951	198	742	875	690	553	569	664	601	656	659	947
Agtpbp1_-_59557314.23-P1P2	Agtpbp1	530	1203	1047	1632	1904	1550	1039	1439	1122	2000	1485	2001	1633	672	1069	1289	989	1152	1015	1197	1135	996	1486	1535
Atp5d_+_80142389.23-P1P2	Atp5d	478	1143	920	1234	1337	1272	1047	1131	779	1264	1659	1603	1380	745	803	940	846	781	731	830	841	755	1082	989
Vdac3_-_22593696.23-P1P2	Vdac3	449	903	1028	1648	1397	1254	889	1045	880	1054	1327	1087	1761	801	935	1032	852	780	799	863	852	900	1109	1284
Psen2_+_180229952.23-P2	Psen2_P2	604	1485	1481	2151	2008	1881	1627	1698	1523	1684	1706	2126	2559	1483	1430	1497	1138	1175	1122	1225	1356	1261	1692	1651
Notch1_+_26503800.23-P1P2	Notch1	374	841	823	1226	890	1188	1099	1175	671	888	1276	1269	1749	1006	734	877	815	747	710	719	799	742	943	1032
Vps13d_+_144974622.23-ENSMUST00000097796.2	Vps13d	287	1056	971	1454	1382	1507	1329	1306	1108	1146	1625	1883	997	1180	1015	1110	1028	971	883	1045	1132	904	1279	1097
Endou_-_97721092.23-P1	Endou_P1	430	1070	932	1387	1162	1181	972	1062	1056	1359	1233	1679	1648	543	857	940	817	627	757	876	797	842	1233	1084
non-targeting_01274	non-targeting	187	830	683	1119	1252	1035	830	1076	801	1523	744	1305	1787	1186	703	914	786	667	650	724	648	677	918	996
Tyrp1_-_80834288.23-P1P2	Tyrp1	503	1061	985	1557	1304	1465	1580	1236	1179	2374	1274	1445	2095	1250	1117	1327	1038	868	922	1004	1169	1013	1283	1458
Gosr1_+_76763558.23-P1P2	Gosr1	173	745	908	1084	1143	1062	978	1002	683	1124	1080	1119	1431	1125	817	835	714	654	584	660	826	709	1001	869
Prps1l3_-_57230633.23-P1P2	Prps1l3	270	945	875	1397	1212	1268	970	1099	978	2050	1121	1609	1561	997	1032	1004	845	789	726	813	845	754	1179	1101
Grm1_+_11082296.23-P1P2	Grm1	906	1655	1730	2490	1923	2083	1888	2061	1444	1848	1912	1889	2744	2097	1527	1728	1452	1453	1240	1406	1416	1659	1740	1819
Klc1_-_111758894.23-P1P2	Klc1	519	1049	898	1953	1545	1367	1233	1480	1034	2060	1053	1543	1625	1209	1017	1100	1005	871	973	987	1056	896	1300	1417
Stub1_+_25832891.23-P1P2	Stub1	284	775	897	1303	898	1035	799	844	585	1663	809	1141	912	291	763	935	668	629	678	751	640	796	920	851
Kat2b_-_53567034.23-P1P2	Kat2b	280	750	508	881	894	887	624	666	637	750	628	754	639	1275	491	607	556	529	521	612	742	591	662	711
Emilin1_-_30913796.23-P1P2	Emilin1	780	1349	1417	1925	1752	1889	1838	1834	1174	2351	1300	1923	2103	656	1289	1813	1225	1167	1130	1263	1327	1246	1505	1628
Coasy_-_101082648.23-P1P2	Coasy	674	1243	1038	1966	1772	1634	1400	1520	1302	1999	1258	1832	1731	988	1125	1344	1079	974	1008	1225	1128	1200	1508	1480
Il13ra1_-_36112139.23-P1P2	Il13ra1	383	1157	1109	1439	1389	1507	1466	1295	1080	1489	1121	1315	1545	1094	1070	1220	1053	949	894	1035	1117	1071	1509	1465
Adora2b_+_62249024.23-P1P2	Adora2b	533	882	1092	1355	1236	1054	888	715	739	1792	1409	1537	1937	953	880	933	745	754	759	764	777	819	1101	1094
Kynu_+_43555367.23-P1P2	Kynu	449	1384	1131	1754	1359	1664	1359	1267	1205	2092	1637	1724	2242	1232	1200	1341	1130	1070	906	1119	1095	1238	1597	1390
Bscl2_+_8837571.23-P2	Bscl2_P2	268	867	745	1261	933	971	985	879	774	1633	885	720	1250	947	831	922	759	604	648	694	709	696	945	866
Atp13a2_+_140986925.23-P1P2	Atp13a2	266	765	928	1270	1195	1208	841	837	696	1335	1268	870	1123	581	795	1041	743	765	657	776	776	809	965	1056
Slc52a2_+_76538908.23-P1P2	Slc52a2	459	1189	1138	1975	1785	1802	1694	1692	1268	2179	1307	1456	2095	2203	1059	1465	1202	1137	1082	1223	1210	1224	1578	1721
Phex_+_157415283.23-P1P2	Phex	541	1440	1528	2087	2180	1933	1779	1781	1546	1760	1688	2026	1623	745	1282	1515	1268	1290	1240	1220	1390	1375	1580	1721
Dbh_-_27165594.23-P1P2	Dbh	291	843	701	1279	1165	1023	733	1051	745	984	920	1008	1317	282	788	785	630	601	587	635	836	657	832	864
Dao_+_114003899.23-P1P2	Dao	597	1323	1243	1929	1554	1920	1467	1418	1472	1879	1703	1800	1513	2184	1305	1458	1289	1160	1104	1334	1297	1068	1586	1596
Nlrp3_-_59541842.23-P1	Nlrp3_P1	216	731	714	743	899	867	727	849	486	775	980	943	783	162	553	644	474	525	402	513	552	565	651	687
Dstyk_-_132417633.23-P1P2	Dstyk	443	1229	1298	1969	1842	1644	1471	1494	1204	1533	1469	1709	2036	548	1039	1257	1087	995	858	1110	1023	776	989	906
Fn1_-_71653133.23-P1P2	Fn1	393	1374	1005	2054	1522	1748	1206	1519	1284	2010	1595	1883	1614	2346	1321	1350	1170	1237	1008	1192	1133	1223	1508	1556
Slc1a3_-_8710382.23-P1P2	Slc1a3	571	1401	966	1897	1833	1721	1387	1584	1150	1731	1509	1895	2190	978	1162	1254	1066	1059	1005	964	1251	1075	1296	1543
Hspa14_-_3512696.23-P1P2	Hspa14	532	1282	1200	1808	1781	1532	1192	1504	1334	1952	1462	1934	2282	1078	1125	1262	1172	917	987	1166	1196	1154	1508	1476
Tjp1_-_65371239.23-P1P2	Tjp1	355	846	857	1292	1296	1208	1104	849	937	1327	1328	1435	1435	937	921	928	761	786	779	684	892	991	943	1107
Ins2_-_142679636.23-P1	Ins2_P1	533	1016	1415	1478	1599	1712	1238	1558	1105	2155	1630	1707	1862	1430	1203	1300	888	916	909	1143	1155	1152	1344	1372
Map3k11_-_5689784.23-P1	Map3k11_P1	515	1399	1402	2126	2117	1611	1340	1648	1218	1781	2205	1542	1964	1949	1086	1780	1116	1179	1176	1427	1229	1012	1760	1636
Clcn7_+_25133640.23-P1P2	Clcn7	477	1322	1389	2548	1896	1730	831	1106	985	1145	862	1071	1116	882	719	648	440	601	488	600	615	312	389	450
Kif1b_+_149307670.23-P1P2	Kif1b	313	998	1079	1777	1466	1446	1228	1268	933	1587	1536	1933	1882	435	1117	1243	917	812	857	975	966	1103	1283	1197
Ar_-_98149738.23-P1P2	Ar	505	1509	1372	1911	1494	1483	1308	1505	1189	1551	1114	1723	1922	884	1140	1410	1202	1000	961	992	1235	1153	1404	1365
Hace1_-_45577879.23-P1P2	Hace1	318	1313	913	1767	1575	1598	1390	1542	1002	1553	1465	1366	1494	1523	1240	1244	1142	916	981	1202	1207	1063	1355	1521
Toe1_-_116807488.23-P1P2	Toe1	462	1286	1136	1923	1925	1926	1486	1525	1086	2195	1856	1543	1923	1284	976	1371	1009	996	1015	1142	1247	913	1450	1216
Vim_+_13574332.23-P1P2	Vim	937	1755	1520	2496	2333	2208	2095	2048	1687	2768	2048	2429	1899	928	1739	1788	1487	1340	1275	1455	1646	1562	2062	2273
Slc25a38_+_120110461.23-P1	Slc25a38_P1	405	888	832	993	962	1087	817	976	787	1890	1456	888	1313	657	876	961	706	748	709	713	831	683	1045	1041
Nbr1_-_101552920.23-P1P2	Nbr1	514	967	806	1482	1349	1308	1119	1181	901	1975	1220	1185	1383	1184	807	958	845	679	756	869	920	936	1224	1184
Vegfb_-_6987631.23-P1P2	Vegfb	443	1157	1023	1241	1045	1303	1314	1124	1180	1456	1039	1206	1551	267	830	1066	956	921	751	947	914	865	1105	1087
Polr3k_-_181864441.23-P1P2	Polr3k	450	1146	1367	2091	1670	1281	778	808	676	961	943	1304	1798	502	735	850	615	515	526	588	664	420	693	635
Nqo2_-_33964794.23-P1P2	Nqo2	419	1055	1026	1425	1357	1289	1220	1102	853	1565	1004	919	1068	929	857	1107	764	886	834	884	862	1005	1134	1144
Pabpc4_+_123282723.23-P1P2	Pabpc4	411	1117	815	1368	1425	1327	1010	1460	923	2353	1179	1012	1129	782	987	1070	942	796	842	898	777	1038	1376	1237
Padi2_-_140924478.23-P2	Padi2_P2	598	1488	1377	2340	2018	1976	1637	1894	1400	2668	2478	2051	2204	1877	1416	1863	1369	1289	1348	1392	1329	1505	1957	1914
Tjp1_+_65371187.23-P1P2	Tjp1	403	1271	1143	1839	1683	1607	1146	1589	1015	1774	1694	1545	2221	900	1113	1333	1172	1068	1046	1164	1094	1199	1435	1469
Xpnpep1_-_53038537.23-P1P2	Xpnpep1	576	1355	1191	1998	1678	1768	1462	1822	1325	1661	2211	1710	1544	518	1147	1364	1048	1302	1043	1186	1190	1334	1658	1867
Kif5a_-_127263078.23-P1P2	Kif5a	562	1556	1200	2270	2037	1947	1921	1776	1404	1772	1820	2116	2943	930	1351	1398	1323	1147	1113	1431	1431	1207	1629	1751
Exoc2_-_30974032.23-P1P2	Exoc2	583	1278	1112	1978	1504	1554	1292	1314	952	1455	1636	1325	1394	1238	970	1066	909	829	801	852	934	802	824	861
Atxn10_+_85336402.23-P1P2	Atxn10	177	581	497	1013	635	643	414	499	337	557	423	218	823	344	260	257	155	226	178	205	244	159	192	171
Adm_-_110627856.23-P1P2	Adm	250	979	796	1217	1286	1179	1070	1093	947	1548	952	1180	1535	1135	868	1010	765	689	690	887	816	963	1147	1154
Atp5b_+_128083324.23-P1P2	Atp5b	367	829	861	1421	1144	1243	904	1163	863	1123	932	1302	1364	1003	908	942	804	746	641	754	705	579	849	940
Trpm7_-_126876003.23-P1P2	Trpm7	439	1062	1095	1488	1510	1571	1310	1038	1115	1601	1214	2101	2085	1157	1076	1188	997	939	864	1057	1035	1056	1293	1145
Rela_+_5637873.23-P1P2	Rela	310	670	636	961	1003	810	775	633	572	933	1051	717	836	855	545	716	571	541	445	626	527	641	773	696
Prdm8_+_98180942.23-P1P2	Prdm8	513	845	966	1465	1113	1276	1248	1076	795	986	1063	1452	1573	387	885	932	765	663	694	842	749	892	832	1118
Calml4_+_62858135.23-P1P2	Calml4	223	557	614	658	661	796	639	758	649	1199	790	736	628	472	527	682	467	476	429	464	499	532	723	667
Fzd6_-_39006340.23-P1P2	Fzd6	810	1791	1514	2693	2354	1975	1575	1705	1357	1703	2528	1960	3080	3164	1471	1767	1337	1293	1242	1507	1400	1634	1844	1801
Slc30a10_-_185455067.23-P1P2	Slc30a10	497	1603	1392	1760	1615	1735	1449	1527	1192	2498	1797	1620	1726	926	1062	1323	1229	1091	1062	1229	1255	1147	1482	1388
non-targeting_03685	non-targeting	487	921	882	1582	1142	1426	1270	1302	1029	1105	1618	1496	1710	1689	1028	1155	879	944	918	912	967	984	1301	1172
Ppp3cc_-_70289453.23-P1P2	Ppp3cc	385	1080	1186	1546	1428	1431	1066	1071	808	1838	1449	1533	1898	968	931	1283	1092	902	883	940	837	1099	1229	1390
Ndufb5_-_32737287.23-P1P2	Ndufb5	427	972	791	1227	1390	1280	1124	1292	977	1475	1690	1556	1850	623	966	1207	993	850	816	770	905	857	982	1097
Eif2s2_+_154892651.23-P1P2	Eif2s2	396	1229	1034	1776	1261	1326	1117	1000	875	1531	1331	1240	1973	1855	907	1087	1000	978	802	850	852	787	1275	1161
Bid_+_120916818.23-P1P2	Bid	548	1569	1402	1979	1990	2072	1712	1909	1312	2933	1887	2464	2654	1028	1296	1566	1290	1204	1174	1376	1389	1404	1781	1525
Hsd17b6_-_128007565.23-P1P2	Hsd17b6	286	907	644	1113	1468	1040	834	1027	759	1549	1223	940	986	1003	753	908	820	775	576	702	715	955	1000	909
Uqcrfs1_+_30545267.23-P1P2	Uqcrfs1	342	1257	1424	2510	2073	1862	1427	1612	1374	1498	1523	1722	1895	1186	1128	1469	1289	1031	1110	1170	1214	983	1212	1153
Rrm2_-_24708283.23-P1P2	Rrm2	577	1104	1370	1564	1548	1527	1403	1419	1029	1776	1738	1455	1472	414	1088	1260	1093	1068	965	1087	1111	1112	1234	1664
Cnp_+_100575190.23-P1P2	Cnp	417	1348	819	1277	1152	1114	1055	967	1035	1115	1294	1205	1268	776	919	1039	831	757	790	903	907	957	1051	996
Chmp2b_+_65562686.23-P1P2	Chmp2b	495	907	986	1626	1513	1422	1237	1259	1230	1509	1491	1187	2297	1064	1018	1189	889	807	805	959	992	997	1358	1347
Hdac4_+_92148348.23-ENSMUST00000008995.8	Hdac4	512	1439	1241	2066	1732	2260	1482	1689	1634	1888	1655	1930	3168	1526	1443	1626	1204	1200	1066	1420	1258	1567	1731	1527
Apbb1_-_105581267.23-P1P2	Apbb1	725	1732	1654	2354	2211	2108	2010	2089	1486	2118	2470	2324	1930	790	1334	1632	1448	1416	1289	1400	1588	1407	1793	1882
Vdac2_-_21831552.23-P1P2	Vdac2	362	779	758	1121	809	939	767	1042	726	648	898	758	1202	47	735	693	628	668	620	661	720	825	876	982
Hip1_+_135544863.23-P1P2	Hip1	326	738	836	796	1093	1030	871	991	693	802	460	1128	1121	647	705	841	643	597	578	725	686	683	849	1026
Cox7c_-_86046444.23-P1P2	Cox7c	390	1342	1068	1827	1800	1785	1300	1779	1139	2427	1648	1658	1781	1592	1119	1274	1027	918	999	1214	1061	919	1272	1104
Clu_+_65969847.23-P2	Clu_P2	235	1174	833	1484	1159	1410	1127	1202	972	1244	1156	1179	1562	1165	998	1036	826	819	838	911	900	767	1034	1180
Tubb3_+_123411546.23-P1P2	Tubb3	541	1510	1333	1833	2249	1880	1537	1588	1393	1862	1786	1614	2373	1047	1269	1576	1302	1245	1182	1389	1385	1464	1656	1655
Grin2d_-_45866637.23-P1	Grin2d_P1	588	979	923	1428	1212	1387	1143	1194	1014	544	1569	1325	1555	559	963	1103	920	881	758	823	929	954	1138	1078
Tfrc_+_32609204.23-P1P2	Tfrc	260	892	770	1335	919	1196	858	999	667	1148	1328	1070	1442	918	834	829	630	668	653	754	696	645	998	848
Plcb1_-_134786221.23-P1P2	Plcb1	507	1235	904	1726	1585	1655	1496	1558	1154	1864	1752	1724	1366	647	1072	1296	1071	966	946	1115	1112	1167	1469	1349
Csf1r_-_61105946.23-P1P2	Csf1r	503	1264	978	1311	1412	1417	1319	1585	1147	962	1263	1382	1981	1770	906	1081	960	945	906	919	1070	940	1146	1406
Psma2_-_14613287.23-P1P2	Psma2	520	1154	1260	1802	2049	1524	1305	1318	1045	2178	1250	941	1816	667	950	1306	981	856	910	990	1109	1019	1269	1285
Cox8a_-_7217550.23-P1P2	Cox8a	581	1060	1248	1812	1544	1897	1450	1522	1045	2334	1664	1826	2108	1620	1192	1433	999	1037	1077	1096	1141	1244	1597	1520
Gpbp1_+_111489821.23-P1P2	Gpbp1	791	1863	1531	2613	2085	2147	1719	1793	1619	2548	2222	2172	2466	1239	1473	2023	1372	1335	1303	1368	1659	1287	1727	1859
Psen1_-_83688223.23-P1P2	Psen1	279	753	717	1071	1107	901	918	822	719	1170	969	1246	734	958	715	713	546	652	508	625	586	631	751	732
Ndufb6_+_40279349.23-P1P2	Ndufb6	751	1959	1968	2312	2332	2479	1701	2061	1727	2649	2508	2430	2822	1687	1704	1854	1631	1342	1495	1599	1548	937	1316	1299
Mecp2_+_74085617.23-P1P2	Mecp2	250	525	576	754	623	649	601	586	483	970	1017	946	873	762	491	559	401	379	466	450	480	553	650	665
Inf2_+_112604186.23-P2	Inf2_P2	969	2257	2389	3371	2593	3075	2591	2533	1962	3236	2660	2915	4193	3670	2108	2324	1938	1948	1880	1957	2135	1875	2651	2661
Mthfr_+_148039185.23-P1	Mthfr_P1	434	1225	1193	1570	1364	1377	1009	1189	849	1611	1218	1860	1650	1812	981	1218	904	902	910	1061	1019	952	1291	1331
Ccs_-_4839276.23-P1P2	Ccs	776	1778	1819	2467	2808	2336	2010	2022	1683	2723	1989	2755	2318	1501	1493	1781	1487	1478	1271	1404	1589	1764	2088	2201
Aars2_-_45506859.23-P1P2	Aars2	397	1145	894	1458	1141	1089	801	1194	662	1440	1286	1092	1219	1244	661	875	647	610	613	560	741	477	658	644
Cav1_+_17307836.23-P1	Cav1_P1	367	806	876	1369	1242	1044	857	1163	724	1561	1034	1232	1482	1047	804	890	816	556	612	690	842	778	927	938
Gm11127_-_36058443.23-P1P2	Gm11127	337	868	922	1198	1050	1175	923	1209	888	1110	824	928	952	855	884	1040	794	562	618	725	748	630	1025	959
Uqcrb_+_66905348.23-P1P2	Uqcrb	321	1042	877	1169	1204	1137	1028	1076	691	1052	1061	1445	1958	1401	895	918	734	715	699	721	833	421	675	613
Slc52a3_+_151999923.23-P2	Slc52a3_P2	358	804	971	1132	1337	1255	973	1169	957	1764	1368	1762	1818	1451	863	1097	876	770	735	797	945	841	968	1149
Nkx6-2_-_139582760.23-P1P2	Nkx6-2	421	1080	874	1523	1188	1421	1337	1161	1051	1358	1139	1491	1622	428	948	1114	832	837	799	846	959	717	1216	1194
Cabin1_+_75764171.23-P1P2	Cabin1	448	1052	799	1363	1249	1261	1135	1235	1040	1956	1655	1678	1119	957	889	1125	940	935	797	938	1112	952	1187	1087
Map1b_+_99516276.23-P1P2	Map1b	431	1743	1381	2066	1865	2103	1739	1755	1376	2134	1495	2000	2618	971	1420	1534	1311	1293	1184	1467	1278	1410	1791	1857
Fbln5_-_101818829.23-P1P2	Fbln5	423	1149	1046	1711	1580	1489	1137	1496	1200	2306	1614	1119	1695	743	938	1285	944	1074	864	930	902	1180	1231	1466
Atn1_-_124756685.23-P1P2	Atn1	256	836	875	1244	936	1129	933	1005	788	1510	1363	1226	1215	551	751	797	664	717	720	880	868	801	934	1067
F2rl3_-_72762014.23-P1P2	F2rl3	509	1004	850	1541	960	1293	1180	1249	948	2031	1322	1250	1427	673	1071	968	827	888	802	886	919	948	1114	1078
Dnajc13_+_104262871.23-P1P2	Dnajc13	225	795	779	958	1074	848	645	703	655	1087	685	748	1028	729	607	724	660	572	528	581	721	571	832	754
Cdk6_+_3343932.23-P1P2	Cdk6	302	993	966	1381	1416	1394	1042	1288	924	1713	1708	1657	1297	2008	942	1102	863	746	772	872	1054	951	1251	1329
Ccl2_+_82035669.23-P1P2	Ccl2	318	957	948	1429	1316	1315	918	1255	1022	1586	1253	1190	1542	692	861	1022	915	821	824	917	826	904	1181	970
Dctn5_-_122133105.23-P1P2	Dctn5	595	1367	1310	1697	1468	1625	1181	1504	961	1797	1543	1227	1859	1699	1017	1334	1027	1026	809	997	1163	1050	1232	1245
Hpx_+_105600056.23-P1P2	Hpx	449	1424	1161	1712	1726	1699	1261	1456	1277	2064	1506	1245	1740	1019	1241	1386	1115	859	880	983	1270	1104	1555	1283
Atp13a2_+_140986997.23-P1P2	Atp13a2	417	1188	1060	1885	1124	1517	1252	1107	1103	2407	1441	1902	1923	384	1081	1175	968	1004	898	1076	1041	1000	1323	1417
Thg1l_+_45955436.23-P1P2	Thg1l	461	1412	1293	1870	1527	1666	1075	1097	905	1301	1023	1120	1019	748	548	563	477	354	389	529	525	303	519	605
non-targeting_03422	non-targeting	565	1650	1601	2598	1920	2205	2036	2190	1535	1740	2122	2442	3034	2099	1576	1945	1492	1387	1287	1473	1667	1447	2128	1815
Uchl4_-_64235216.23-ENSMUST00000039011.3	Uchl4	203	229	240	671	461	429	435	356	288	365	578	326	421	666	315	387	258	272	269	269	283	307	383	357
Aifm1_+_48513389.23-P1P2	Aifm1	645	1347	1590	1978	1834	2026	1751	1702	1404	2152	1766	2324	2549	1778	1440	1807	1262	1254	1223	1445	1362	1340	1780	1809
Psmd11_+_80428698.23-P1P2	Psmd11	513	1091	817	1140	1254	1248	836	1010	672	1309	898	1207	1540	934	788	834	900	567	600	687	838	663	925	773
Wipi1_+_109611323.23-P1P2	Wipi1	584	1292	739	1484	1313	1393	1254	1302	1094	1546	1333	1288	1817	1264	941	1119	1061	803	833	824	823	927	1197	1351
Nptx1_-_119547563.23-P1P2	Nptx1	545	1121	1039	1892	1756	1530	1424	1662	1137	1481	1520	1822	1698	1763	1185	1300	1175	979	966	1192	1141	1136	1536	1542
Clcn2_-_20717711.23-P2	Clcn2_P2	664	1858	1647	2516	1922	2082	1814	1731	1240	2307	1673	1918	2550	2238	1214	1446	956	759	1167	1202	1028	855	1195	974
Gad1_+_70562220.23-P1P2	Gad1	253	607	546	855	681	740	747	787	494	1556	657	812	1086	402	518	690	563	522	415	568	516	572	672	722
Pmpca_-_26389373.23-P1P2	Pmpca	503	1263	1182	1761	1741	1387	1095	1219	849	1869	1365	1562	1397	460	765	1014	819	681	678	736	732	776	888	770
Nudt1_-_140331986.23-P1P2	Nudt1	492	1448	1344	2149	1590	1957	1768	1659	1321	2288	1661	1951	1642	1529	1295	1683	1437	1226	1115	1296	1219	1377	1663	1846
Lgi1_-_38264864.23-P1P2	Lgi1	217	730	528	760	557	696	620	741	562	836	766	813	829	249	496	578	470	393	516	398	545	646	672	569
Adm_+_110627707.23-P1P2	Adm	301	944	995	1385	1157	1250	1150	1196	806	949	1480	1657	1906	841	1020	1022	912	818	804	870	1125	1018	1046	1206
Gria4_+_4796023.23-P1P2	Gria4	185	441	559	769	841	723	585	660	394	695	593	1018	1381	1231	415	574	388	342	406	466	496	458	471	600
Sema6a_-_47368810.23-P1P2	Sema6a	251	351	376	779	916	581	639	584	453	894	793	756	942	1000	494	604	511	429	412	415	494	441	699	542
Hspa8_-_40801473.23-P1	Hspa8_P1	530	1428	1319	1776	1693	1418	859	994	845	1187	1119	1222	1397	773	821	788	732	746	497	677	709	610	953	832
Srr_-_74925660.23-P1P2	Srr	340	703	497	876	762	895	770	829	620	966	730	1435	772	670	638	757	592	546	534	565	601	668	756	836
Ndufa7_-_33824679.23-P1P2	Ndufa7	525	1148	1123	1647	1289	1246	952	1098	874	1376	1383	1208	1145	811	888	1080	897	922	795	933	862	997	1347	1017
Plxna4_-_32587983.23-P1P2	Plxna4	406	1273	998	1878	1689	1698	1393	1506	1250	2167	1439	1443	2043	264	1168	1188	1123	982	941	1139	1192	972	1464	1552
Itgam_-_128062890.23-P1P2	Itgam	555	1463	1265	2120	1716	1911	2001	1663	1608	1821	1724	1816	2154	2203	1400	1664	1453	1393	1261	1368	1324	1370	1704	1722
Hspa1a_-_34972130.23-P1P2	Hspa1a	680	1333	1074	2178	1548	1873	1566	1713	1541	2492	1655	1765	2357	1508	1262	1696	1135	1126	1052	1174	1194	1388	1568	1474
Mag_+_30914750.23-P1P2	Mag	324	1118	806	1229	1386	1113	1088	1122	886	1736	1228	1247	1441	1295	1065	992	937	796	673	768	966	797	1150	1106
P2ry2_-_101011957.23-P1P2	P2ry2	662	1472	1147	2263	1804	1812	1815	1630	1263	2375	1625	1842	2518	2351	1506	1591	1381	1175	1167	1328	1330	1377	1843	1913
Dock2_+_34783836.23-P1P2	Dock2	462	667	1058	1419	1481	1337	959	1304	1081	2311	1333	1354	1684	525	822	1007	799	942	774	853	877	1001	1289	1295
Bcl6_-_23988342.23-P1P2	Bcl6	325	993	1194	1289	1276	1322	1103	1236	791	1667	834	1168	1029	1813	966	1069	810	777	744	878	1026	1018	1021	1068
Fgf14_-_124192838.23-ENSMUST00000026631.5	Fgf14	739	1760	1804	2224	2180	2593	2276	2107	1800	2500	1884	2144	3095	1142	1567	2051	1608	1513	1390	1580	1604	1585	2183	2137
Ptbp2_+_119783171.23-P1P2	Ptbp2	224	829	881	1257	1060	989	961	831	638	1343	740	1164	991	839	559	710	569	545	479	630	505	358	408	468
Sptan1_+_29965674.23-P1P2	Sptan1	523	1248	1132	1609	1509	1564	1393	1413	1020	1912	1664	1355	1239	940	1037	1121	1138	954	1037	981	1199	1054	1356	1270
Grin2d_-_45866980.23-P1	Grin2d_P1	350	971	925	1275	996	1304	1012	1033	850	1092	1744	1208	1310	805	913	1096	939	735	806	792	913	926	1033	1065
Bicd2_-_49341814.23-P1P2	Bicd2	378	841	885	1086	1106	1144	987	1001	666	887	1210	1185	1164	1094	781	924	664	761	692	801	693	796	892	924
Ndufs7_+_80249501.23-P1P2	Ndufs7	571	1141	1135	1526	1273	1409	1181	1321	994	1453	1629	1643	1350	1049	955	1040	891	794	796	833	902	703	1098	1228
Asah1_-_41374575.23-P1P2	Asah1	387	1090	1063	1499	1628	1292	1278	1291	1032	1510	1062	1425	1101	1450	1047	1376	1005	834	801	871	1013	910	1177	1264
Slc25a31_-_40709187.23-P1P2	Slc25a31	601	1405	1403	1603	1620	1687	1343	1300	957	1567	1400	1532	2064	1105	1281	1472	1187	1138	1048	1106	1103	980	1473	1623
Pde4a_+_21196782.23-P1	Pde4a_P1	303	949	770	1105	824	1083	1024	1144	874	1197	841	825	1505	758	764	909	691	684	617	564	685	878	1011	863
Tppp_+_74009531.23-P1P2	Tppp	441	1081	1058	1764	1240	1499	1406	1290	1091	1764	1323	1625	1849	1127	1093	1011	954	835	907	920	1013	1094	1294	1262
Plcb4_+_135805593.23-ENSMUST00000035646.4	Plcb4	375	1181	1199	1753	1610	1632	1186	1617	1203	2442	1534	1430	1846	854	1051	1383	980	1065	894	1090	1185	977	1393	1605
Aqp4_+_15403607.23-P1P2	Aqp4	586	1129	998	1705	1462	1532	1519	1506	956	1581	1136	1312	2081	919	942	1324	968	1007	871	939	1042	1177	1270	1356
Serpina1d_+_103773136.23-P1P2	Serpina1d	374	1242	959	1521	1768	1611	1162	1292	1006	2251	1479	1104	1489	260	983	1220	925	855	918	811	1197	883	1230	1250
Calb1_-_15881274.23-P1P2	Calb1	498	1408	1086	2015	1749	2041	1972	1654	1150	2515	1981	1498	2030	1735	1191	1390	1309	1191	1206	1365	1325	1256	1755	1900
Lox_+_52529548.23-P1P2	Lox	395	1379	1319	1721	1398	1478	1447	1285	1015	2509	1640	1786	2145	1003	1061	1089	938	1058	898	1053	1253	1060	1449	1422
Sptlc3_-_139494186.23-P1P2	Sptlc3	643	1401	1406	1963	2115	1895	1631	1755	1314	2329	1649	2494	2641	1318	1206	1441	1277	1349	1102	1232	1455	1419	1683	1730
Stx1a_-_135023598.23-P1	Stx1a_P1	468	1220	1418	1875	2001	1696	1629	1306	1224	1805	1966	1575	2029	1011	1206	1333	1239	1194	996	1268	1183	1175	1596	1376
Derl1_-_57892419.23-P1P2	Derl1	625	1284	1445	2108	2067	1825	1838	1784	1413	2579	1685	2237	2484	2092	1455	1800	1284	1307	1139	1304	1365	1382	1644	1545
Cyp2d9_+_82452522.23-P1P2	Cyp2d9	490	1309	1192	1874	1509	1534	1269	1343	1394	1693	2042	1954	1760	770	1171	1217	1030	1101	1015	1183	1226	1061	1555	1502
Atf2_-_73892596.23-P1P2	Atf2	279	872	874	1209	862	1020	889	1040	659	1358	1018	1262	1119	343	681	826	696	667	602	787	778	675	1010	909
Nlrp3_-_59542076.23-P1	Nlrp3_P1	624	1251	1123	2042	1760	1701	1106	1331	1184	2077	1899	1924	1859	1378	1196	1368	1165	1171	991	1103	1191	1080	1603	1616
Itpr1_-_108213149.23-P1P2	Itpr1	405	753	813	1167	1215	1065	939	989	873	1240	1512	1483	1465	352	758	995	632	714	687	872	798	810	948	989
Actb_+_142905648.23-P2	Actb_P2	904	2050	1743	2957	2237	2431	2362	2480	1640	2808	1893	2052	2758	1791	1575	2068	1581	1505	1389	1554	1413	1589	1930	2367
Itpr2_-_146502170.23-P1P2	Itpr2	635	1123	1185	1837	1693	1598	1277	1336	1086	2091	1736	2103	1662	1508	1167	1376	1310	976	1017	1159	1082	1234	1337	1440
Fgf2_+_37348305.23-ENSMUST00000138563.2	Fgf2	465	1127	1096	1538	1500	1417	1187	1266	1179	2125	1212	1538	1103	998	1098	1200	863	1056	978	845	1075	1073	1275	1257
Camk2b_-_6065530.23-P1P2	Camk2b	631	1606	1351	2168	1971	2124	1703	1773	1434	2620	1970	1956	2194	476	1413	1558	1293	1304	1224	1418	1472	1355	1659	1887
Trim2_-_84220891.23-P1	Trim2_P1	664	1264	1215	1912	1556	1703	1253	1385	1198	2026	1613	1502	2123	1723	1079	1350	939	887	948	1018	1057	1002	1320	1415
Pcsk1n_+_7919900.23-P1P2	Pcsk1n	516	1383	1243	1848	1599	1696	1117	1456	1174	1685	1626	2056	2348	1677	1156	1314	1168	1109	1010	1077	1151	1142	1625	1783
Tsen2_-_115544721.23-P1P2	Tsen2	208	543	722	964	1104	696	340	431	386	687	732	887	565	339	284	341	197	172	213	215	298	183	281	193
Actb_-_142906709.23-P1	Actb_P1	479	1265	1307	1765	1563	1579	1383	1366	1181	1618	1012	1557	1761	857	1241	1254	1109	1035	995	1109	1217	1268	1496	1427
Nox1_-_134111770.23-P1P2	Nox1	376	995	930	1571	1352	1366	1016	865	853	1729	1448	1281	1963	305	1055	1214	878	896	872	802	1014	885	1249	1226
Itm2b_+_73368394.23-P2	Itm2b_P2	334	959	859	1213	1377	1362	1252	1383	1079	1524	820	1102	1928	280	887	1112	827	965	827	890	986	930	1038	1202
Cant1_-_118418990.23-P1P2	Cant1	340	973	768	1286	1311	1064	1023	1214	1138	1338	974	1364	1006	2548	898	895	847	773	756	868	801	759	1076	1091
Hfe_-_23710759.23-P1P2	Hfe	645	1776	1674	2532	2989	2343	2132	1993	1641	3920	1909	2808	2991	1457	1740	2094	1650	1405	1418	1374	1553	1676	2067	1984
Pde4a_+_21165789.23-P2	Pde4a_P2	559	1051	1039	1460	1614	1335	1004	972	1212	1385	1526	1796	1444	877	953	1138	1001	845	807	1044	919	1080	1249	1454
Prkra_+_76647966.23-P1P2	Prkra	394	1012	1175	1402	1578	1370	1156	986	1018	1519	1176	1683	1641	614	951	1089	809	820	724	842	932	931	1227	1353
Grin2a_+_9994996.23-P1P2	Grin2a	252	706	999	987	1010	996	825	697	627	1063	1111	637	1679	874	625	1013	654	692	666	667	691	704	830	841
Vps53_+_76179574.23-P1P2	Vps53	200	484	484	722	528	526	314	427	297	155	746	567	220	126	335	346	230	257	245	328	315	208	285	260
Fgf13_-_59134701.23-P1P2	Fgf13	706	1513	1425	2207	1727	1883	1624	1656	1351	3231	1557	2050	1974	1052	1283	1303	1188	1187	1204	1173	1223	1260	1559	1746
Zfp106_+_120563792.23-P1P2	Zfp106	583	1486	1246	2102	1828	1784	1275	1582	1228	1754	2230	2022	2342	817	1326	1326	1271	1064	1106	1318	1229	1409	1550	1890
Atp5j_+_84834847.23-P1P2	Atp5j	226	662	620	646	974	815	861	832	672	889	786	854	1281	593	473	720	653	465	425	617	496	527	818	621
Cryab_+_50753296.23-P1P2	Cryab	674	1654	1753	2378	1988	2268	1706	1782	1475	1732	1924	2440	2490	1164	1453	1737	1341	1301	1240	1478	1438	1572	2074	1678
Psen2_-_180229921.23-P2	Psen2_P2	641	1183	989	1483	1515	1451	1248	1306	1031	1842	1208	1535	2052	676	955	1314	903	925	898	968	989	987	1352	1428
Vip_+_5639312.23-P1P2	Vip	419	1062	1031	1439	1485	1349	1086	1526	980	1918	1109	1238	2010	1846	886	1010	940	850	796	885	960	856	1205	1045
Ifnb1_+_88522782.23-P1P2	Ifnb1	438	1184	1107	1760	1701	1458	1335	1451	1025	1485	1774	1799	1652	1595	1125	1176	1081	890	844	1094	1078	1027	1362	1304
App_+_85173636.23-P1P2	App	492	1330	1294	1880	1739	1927	1387	1619	1319	2660	1481	2259	1913	1440	1344	1531	1400	1149	1133	1198	1437	1325	1608	1689
Decr1_+_15945214.23-P1P2	Decr1	243	1204	970	1507	1283	1403	1171	1037	1019	1692	1229	1186	1782	1516	936	1074	956	882	780	878	967	889	1138	1334
Cox5a_+_57521334.23-P1P2	Cox5a	481	1266	1334	1796	1365	1582	1411	1274	1240	1865	1259	1342	2418	1358	1251	1192	1062	987	946	1022	1030	990	1289	1203
Syne1_+_5550549.23-ENSMUST00000041639.5	Syne1	305	927	838	1165	1051	1161	849	915	784	1181	1242	1252	1348	1019	855	811	788	807	728	689	789	718	982	915
Dvl3_+_20517155.23-P1P2	Dvl3	653	1229	1128	1561	1414	1536	1337	1318	933	2005	2021	1600	1749	2068	1040	1327	1034	871	997	1156	1098	1118	1438	1494
Dlg4_+_70024020.23-P2	Dlg4_P2	229	700	593	914	839	947	737	857	793	1647	1156	1543	1420	1523	866	819	665	684	693	672	701	684	909	876
Kat2a_+_100712412.23-P1P2	Kat2a	605	1250	944	1524	1006	1433	888	1061	995	1139	812	1209	1278	1220	1002	1009	895	891	756	1021	953	906	1246	1177
H2-M10.1_-_36326117.23-ENSMUST00000025322.7	H2-M10.1	836	2447	2250	3349	2368	3262	2426	2926	2097	4201	2935	3062	4045	2328	2236	2482	2080	1958	1880	2159	2267	2086	2645	2971
Calm3_+_16923936.23-ENSMUST00000019514.9	Calm3	555	1740	1312	2287	2210	2150	1729	1871	1455	2442	1717	2322	2056	2164	1392	1782	1351	1359	1262	1532	1546	1477	1895	1991
Gdnf_-_7811114.23-P1P2	Gdnf	477	1064	1224	1419	1302	1325	1225	1332	1202	1744	1916	1825	1202	1355	880	1204	929	901	912	1055	1030	925	1080	1382
Sst_+_23890839.23-P1P2	Sst	567	1659	1505	2493	1746	2027	1664	1711	1476	2446	2349	2183	2535	593	1354	1626	1265	1134	1129	1274	1377	1632	1797	1819
Psmd6_+_14120710.23-P1P2	Psmd6	518	1483	1375	2273	1898	1645	1203	1578	1039	2314	1990	1418	2088	1039	1068	1385	1068	1105	914	1101	1168	923	1458	1271
Hdac6_+_7947573.23-P1P2	Hdac6	406	1298	1060	1558	1488	1497	1193	1233	1058	2025	1636	1230	2180	1973	1166	1406	1096	1028	907	1037	1062	1116	1400	1419
Rasgrf1_+_89910180.23-P1P2	Rasgrf1	441	1262	994	1697	1473	1566	1247	1275	1043	1642	1632	1819	1635	1585	1029	1216	983	1033	888	966	1059	1093	1276	1481
Blmh_-_76945785.23-P1P2	Blmh	402	1010	1014	1451	1633	1384	983	1123	832	1681	1466	1554	1740	1293	938	1199	1066	861	828	936	811	989	1444	1251
Kctd7_+_130145149.23-P1P2	Kctd7	384	952	770	1177	1105	1164	1172	949	924	976	1253	1328	1894	841	958	901	787	660	744	789	764	884	1154	1054
Pon1_-_5193769.23-P1P2	Pon1	375	1180	881	1151	1363	1297	1229	1190	730	1076	1217	1678	1491	1113	884	1124	911	832	820	830	889	954	1268	1036
Plcg1_+_160731287.23-P1P2	Plcg1	319	760	777	1100	672	1063	879	827	686	1033	807	935	1198	333	753	784	556	620	588	556	617	747	719	844
Parp1_-_180568997.23-P1P2	Parp1	424	1167	1243	1846	1961	1696	1435	1540	1319	2540	1723	1694	2151	1739	1038	1182	1186	899	940	1122	1238	1376	1512	1440
Elavl4_+_110287469.23-P1P2	Elavl4	576	1748	1441	2339	2037	2113	1820	2026	1577	1868	1936	2131	1667	1732	1422	1683	1395	1463	1327	1361	1535	1436	2136	2024
Mgrn1_+_4886349.23-P1P2	Mgrn1	509	1124	993	1433	1575	1524	972	1285	1186	1707	1470	1283	1729	514	960	1197	959	951	908	967	1042	972	1261	1225
Inf2_+_112588832.23-P1	Inf2_P1	583	1231	1167	1789	1657	1506	1455	1516	889	2185	1391	1608	1819	1055	1181	1335	1199	1150	1040	988	1091	1254	1433	1247
Eno2_-_124769471.23-P1P2	Eno2	609	995	1209	1777	1536	1718	1517	1615	1269	1488	1335	2029	1737	1374	1171	1391	1121	1022	912	1177	1112	1105	1493	1429
Htt_+_34761793.23-P1P2	Htt	572	1370	1090	1716	2012	1735	1192	1182	1103	1824	1014	1566	1744	1280	1062	1207	1077	861	904	1119	1083	893	1320	1252
Nos3_+_24364860.23-P1P2	Nos3	392	1270	1300	1666	1565	1506	1186	1467	1141	1437	1517	2071	2058	707	1055	1206	949	983	977	980	1137	1039	1592	1342
non-targeting_04036	non-targeting	294	574	625	793	873	784	937	789	711	831	1213	1096	1163	605	594	735	700	543	511	635	659	522	779	931
Cntf_-_12765358.23-P1P2	Cntf	318	1473	1084	1846	1679	1693	1598	1312	1169	2198	1599	1417	2102	535	1480	1378	1128	1149	1157	1090	1256	1255	1541	1531
Atf4_+_80255517.23-P1P2	Atf4	174	569	448	850	526	525	437	522	466	331	236	412	1090	805	439	428	419	360	277	376	310	260	454	532
Tomm40l_+_171222250.23-P1P2	Tomm40l	413	1116	940	1494	1408	1339	1117	1045	931	1525	1103	1527	1079	535	1038	1168	931	852	755	940	1044	826	1123	1086
non-targeting_04298	non-targeting	208	717	458	967	950	827	734	701	548	1171	572	898	827	701	582	518	499	469	408	469	486	595	530	566
Clcn7_-_25133411.23-P1P2	Clcn7	538	1196	1250	1955	1643	1627	1360	1225	1183	2728	1768	2073	1755	877	1196	1439	1118	1117	928	1010	1178	1230	1478	1436
Dab1_-_104367643.23-P1P2	Dab1	415	1078	931	1143	1392	1477	1119	1228	959	1487	1608	1437	1273	1559	1043	1210	864	780	850	916	968	983	1250	1416
Mpo_-_87794166.23-P1P2	Mpo	219	1147	762	1160	1424	1049	1049	986	949	1755	1292	1165	1852	1051	820	999	798	833	682	845	757	807	1135	977
Pik3cb_+_99140168.23-P1P2	Pik3cb	773	1754	1633	2240	2055	1952	1744	1575	1492	2037	2423	2313	2229	1096	1512	1645	1488	1307	1309	1341	1418	1755	1948	1842
Tsn_+_118311165.23-P1P2	Tsn	94	147	202	284	253	168	168	178	164	209	249	221	346	92	132	158	128	209	153	159	172	186	194	170
H2-M10.3_+_36367925.23-ENSMUST00000073546.3	H2-M10.3	180	611	582	773	990	925	804	703	723	1316	980	725	1842	483	570	835	584	508	492	536	720	439	862	792
Plcb4_+_135741857.23-ENSMUST00000110109.1	Plcb4	380	1119	730	1328	1520	1420	1071	938	924	1167	1207	1000	1422	1028	802	1010	869	762	654	869	848	943	1071	888
Aptx_-_40702951.23-P1P2	Aptx	304	928	891	1331	1196	1115	996	1175	768	1956	930	1023	1737	147	850	985	696	835	709	837	746	831	1141	1041
H2-M1_-_36672144.23-P1P2	H2-M1	376	832	1046	1057	1274	1350	1261	1093	803	1601	1522	1200	1922	714	1012	1155	928	682	764	915	815	1011	1085	999
non-targeting_02573	non-targeting	288	625	566	1064	987	1002	893	867	748	1286	781	1311	1093	350	671	867	628	561	458	691	696	727	975	919
Egfr_+_16752295.23-P1P2	Egfr	523	1162	1066	1671	1650	1483	1067	1517	1118	1499	1903	1860	2803	2304	1134	1142	988	1010	837	1010	1250	1111	1150	1438
Casp7_+_56397264.23-P1P2	Casp7	826	2040	2024	2682	2724	2530	2121	2469	1701	2354	2380	2573	2915	2268	1848	1938	1675	1619	1552	1596	1813	1658	2258	2241
Ccdc88c_-_101028785.23-P1P2	Ccdc88c	472	1086	1046	1560	1280	1233	884	951	918	1702	850	1837	1711	1210	1021	1185	904	1007	754	922	1040	795	1168	1201
Fadd_+_144582409.23-P1P2	Fadd	496	1095	1189	1752	1504	1520	1168	1203	1102	1287	1623	1207	1770	762	1057	1165	1086	918	812	994	1024	1018	1253	1088
Hspg2_-_137468853.23-P1P2	Hspg2	596	1428	1147	2022	1556	1809	1378	1505	1309	1695	2010	2063	1855	876	1302	1419	1255	1098	1065	1085	1299	1322	1612	1815
Prkra_-_76648007.23-P1P2	Prkra	498	1335	1101	1550	1667	1525	1189	1298	1160	1675	1278	1595	1615	749	1160	1286	1018	985	969	954	1033	1030	1410	1407
Fa2h_-_111393800.23-P1P2	Fa2h	486	1314	937	1981	1384	1622	1456	1592	1122	1805	1642	1799	2072	1052	1093	1276	1102	1197	1034	1137	1125	1325	1446	1749
Egr2_+_67535563.23-P2	Egr2_P2	642	1127	898	1471	1436	1512	1467	1292	970	2732	1385	1579	1906	1371	1035	1340	953	961	985	972	1080	1057	1373	1490
Clcn2_+_20716073.23-P1	Clcn2_P1	156	753	613	1079	809	832	487	660	404	667	677	689	882	906	549	535	454	362	376	550	454	428	730	493
Ctnnb1_-_120933567.23-P1P2	Ctnnb1	413	883	1023	1144	1396	1315	1223	1394	936	1065	1409	1730	1093	853	798	1021	889	807	735	1042	905	795	1072	1121
Serpina3b_-_104128012.23-P1P2	Serpina3b	371	739	553	955	877	748	724	651	596	1326	563	866	692	1286	637	597	585	566	471	533	535	528	745	734
Aaas_-_102350610.23-P1P2	Aaas	119	524	388	704	650	728	525	578	554	829	527	1193	1097	642	487	638	499	405	435	484	517	486	587	658
Ndufa1_+_37191150.23-P1P2	Ndufa1	424	1061	1418	1320	1492	1381	1010	1206	897	1322	1344	1317	1313	721	864	1086	815	894	798	930	985	925	1084	992
Adrm1_-_180171639.23-P1P2	Adrm1	344	750	625	1208	951	982	776	957	746	1628	1217	1417	1114	1034	732	859	621	646	577	664	620	650	1057	760
Grid2_+_63256046.23-P1P2	Grid2	531	1369	1563	1969	1515	1716	1437	1457	1196	2383	1667	2420	1392	2814	1389	1436	1109	1108	1004	1260	1144	1097	1498	1469
Mapk12_+_89140624.23-P1P2	Mapk12	453	1009	974	1361	1250	1216	1066	1101	744	1186	1025	997	1218	1009	876	901	851	833	745	830	880	847	1008	1189
Mcu_-_59616409.23-P1P2	Mcu	406	796	911	1442	1282	1204	1309	1225	918	1355	1092	1836	1390	728	930	1166	797	809	779	903	830	996	1009	999
H2-M11_+_36547306.23-ENSMUST00000041964.6	H2-M11	274	707	723	1233	1183	1048	995	1017	769	951	1131	1481	1222	226	808	943	742	627	697	702	816	719	943	919
Trip4_+_65885061.23-P1	Trip4_P1	859	1743	1638	2655	2406	2383	1989	2159	1354	2162	1900	2339	2813	999	1429	1965	1620	1549	1342	1640	1602	1702	1984	2146
Gabpa_+_84835482.23-P1P2	Gabpa	387	931	685	1172	1118	1020	924	810	718	1051	913	1199	967	441	687	808	678	752	687	590	819	658	1015	895
Slc52a3_+_151996618.23-P1	Slc52a3_P1	270	999	795	1184	1037	1064	1133	919	776	1341	870	998	2295	1172	801	946	811	751	677	682	802	890	1184	1102
Fggy_+_95557792.23-P1	Fggy_P1	308	769	599	1017	1048	949	739	860	904	1536	752	883	1598	444	679	937	783	586	486	597	685	683	823	895
Aimp1_+_132683625.23-P1P2	Aimp1	330	944	802	1461	1127	1427	1346	1396	920	1558	1110	1506	1718	1106	991	1098	806	757	768	819	922	843	1147	1116
Map2k7_+_4238919.23-P1P2	Map2k7	486	1101	965	1588	1383	1414	864	1065	780	2038	1585	1301	2858	1025	1002	1057	928	820	867	820	984	935	991	1208
F2rl3_+_72761969.23-P1P2	F2rl3	414	1281	1145	1310	1174	1325	1008	1197	935	1273	1558	1691	1859	1834	913	1088	1005	1059	716	948	870	1014	1152	1155
Esr1_+_4710236.23-P1P2	Esr1	439	1024	1299	1408	1427	1574	1091	1118	1066	1457	1254	1400	1486	217	992	1212	912	768	840	962	938	959	1210	1240
Comt_-_18426364.23-P1P2	Comt	512	1851	1478	2250	1778	1970	2011	1883	1598	2467	2260	2221	2380	1497	1424	1605	1531	1431	1194	1388	1416	1516	1885	2068
Ang4_-_51773244.23-P1P2	Ang4	116	469	498	741	545	607	499	516	324	1011	597	485	826	78	383	319	411	386	347	384	326	441	606	514
Ap4m1_-_138172147.23-P1P2	Ap4m1	289	512	690	943	748	781	845	639	617	1450	614	762	1216	593	602	809	553	513	497	542	638	458	681	726
Park7_+_150914429.23-P2	Park7_P2	379	776	642	1218	1027	1322	1122	1111	777	1144	1086	1732	975	174	845	912	757	728	699	751	764	1026	1032	1014
H2-T24_-_36020512.23-P1P2	H2-T24	375	560	731	665	877	746	812	654	553	1140	794	661	1366	182	509	657	580	383	458	469	581	631	714	731
Aimp1_-_132683847.23-P1P2	Aimp1	509	1368	1428	2339	1915	1803	1711	1664	1421	1780	1911	1814	2235	2568	1296	1517	1248	1178	1028	1248	1088	1013	1452	1305
Ubqln4_-_88553822.23-P1P2	Ubqln4	673	1518	1361	1924	1938	1980	2011	1760	1376	1667	2414	2234	2731	1228	1549	1775	1453	1263	1186	1319	1554	1525	1770	1814
Alg14_-_121292020.23-P1P2	Alg14	491	876	978	1274	1316	1111	851	1022	878	1921	996	723	1257	1409	785	866	680	575	706	729	755	555	801	751
Ubb_-_62551708.23-P1P2	Ubb	511	1673	1326	2145	1586	2060	1433	1843	1204	2247	1928	2140	2799	323	1470	1782	1374	1241	1184	1417	1240	1371	1827	1789
Cd55_+_130462445.23-P1P2	Cd55	388	1019	853	995	1134	977	795	1026	865	1164	626	1115	1074	442	737	815	814	699	680	803	814	925	1033	880
Mfge8_+_79149027.23-P1P2	Mfge8	359	778	964	1298	881	1190	1008	862	856	1433	683	1307	1649	995	815	1041	638	711	668	695	837	827	902	1008
Zfp629_-_127615237.23-P1P2	Zfp629	643	1123	1007	1582	1464	1410	1553	1149	1153	1461	1642	1447	1198	540	1027	1197	920	1037	764	971	1011	1056	1135	1258
Ube2v1_-_167631950.23-P1P2	Ube2v1	259	835	733	1203	1006	1037	906	988	833	826	806	1134	1626	894	658	928	640	778	651	691	816	644	1037	1022
Ddit3_-_127290891.23-P1P2	Ddit3	232	843	736	877	1166	900	907	851	662	833	823	676	935	432	695	788	600	725	606	716	619	747	828	961
Kif1b_+_149307686.23-P1P2	Kif1b	537	1276	1241	1816	1669	1550	1274	1677	1086	2162	1293	67	1321	1394	969	1343	1166	973	959	1099	1199	1137	1503	1328
Ptges_+_30930061.23-P2	Ptges_P2	404	1006	1031	1421	1282	1252	1057	1171	1031	1048	740	1912	1557	283	809	987	888	786	711	910	813	797	1242	1139
Inf2_-_112588803.23-P1	Inf2_P1	334	1236	734	1275	1390	1166	1070	1103	853	1961	804	1441	1356	989	892	1075	737	884	735	913	803	769	1147	891
Bean1_-_104170634.23-P1P2	Bean1	469	1173	961	1472	1632	1444	1094	1028	939	1922	1071	1099	1710	511	1060	1139	935	856	784	941	979	1069	1234	1156
Adm_+_110627693.23-P1P2	Adm	597	1502	1475	1985	1703	1816	1528	1611	1298	2195	1981	1764	1313	1221	1392	1651	1305	1329	1172	1320	1372	1348	1853	1851
Gabarapl1_-_129533274.23-P1P2	Gabarapl1	100	695	558	871	916	767	801	577	551	290	745	549	926	1577	519	773	622	535	487	486	653	701	864	711
Cd40lg_+_57212182.23-P1P2	Cd40lg	279	685	818	1146	798	1030	714	827	603	1138	901	1044	1066	694	757	769	706	624	585	617	714	752	840	859
non-targeting_03964	non-targeting	468	1260	1268	1819	1967	1711	1458	1406	1192	2423	1434	1725	2015	708	1226	1517	1119	1155	1078	1226	1100	1241	1420	1571
Dnajb2_-_75236518.23-P1P2	Dnajb2	436	813	896	1580	1210	1284	1250	1351	847	1276	1358	1241	1619	596	934	1117	875	871	860	1014	783	805	1144	1248
Cox4i2_+_152754399.23-P1P2	Cox4i2	329	721	778	1196	872	1115	984	1061	935	1349	739	1283	1294	1659	860	812	924	820	737	946	828	780	1060	1226
Ttc19_+_62281504.23-P1P2	Ttc19	390	1388	1466	1654	1857	1616	1420	1305	884	1723	1088	2018	1520	1028	1312	1495	1054	1011	954	1129	1165	1127	1596	1609
Rtn4_-_29692997.23-P1P2	Rtn4	304	697	627	797	1041	822	916	700	748	1591	448	1152	1098	1040	647	743	606	561	435	575	606	738	634	846
Trpv4_-_114658346.23-P1P2	Trpv4	394	883	715	1273	1149	1118	688	1145	1019	1379	586	1266	1070	843	732	946	682	687	743	723	730	860	1049	939
Sirt7_+_120624958.23-P1P2	Sirt7	270	634	644	1009	885	867	626	849	614	1250	840	998	648	841	643	742	671	485	450	529	614	623	883	735
Ube3a_-_59228865.23-P1P2	Ube3a	309	852	752	1304	1120	1104	916	1047	873	653	923	816	1970	502	753	1002	714	696	639	802	692	673	1039	967
Ezh2_+_47594962.23-P1P2	Ezh2	541	1413	1094	1792	1714	1822	1559	1628	1232	2230	1848	665	2220	1196	1083	1392	1155	990	1145	1134	1289	1113	1513	1626
Prx_-_27508075.23-P2	Prx_P2	702	1552	1228	1945	2137	1851	1436	1677	1420	2401	1987	1897	1984	1601	1156	1372	1216	1165	973	1258	1249	1221	1539	1593
Trex1_-_109058976.23-P1P2	Trex1	547	1260	1223	1607	1687	1632	1306	1470	1224	1655	1881	1291	1648	536	1088	1304	945	1064	876	1074	1182	1064	1336	1345
Pcsk1n_+_7919897.23-P1P2	Pcsk1n	625	1414	1339	1932	1802	1806	1864	1736	1244	2847	1813	1807	1943	880	1373	1402	1227	1155	1201	1318	1280	1205	1632	1525
Erbb2_+_98412583.23-P1P2	Erbb2	632	2349	1557	2566	2005	2128	1775	1892	1762	2594	2518	2316	2277	481	1636	1992	1465	1495	1379	1627	1662	1842	2105	1939
Chrm3_-_9878910.23-ENSMUST00000063093.9	Chrm3	477	1272	1112	1527	1360	1640	1314	1455	990	1492	1665	1537	1714	1858	1080	1280	915	902	905	847	1153	1116	1283	1244
Map3k11_+_5688807.23-P2	Map3k11_P2	448	1226	1015	1354	1344	1260	1281	1175	902	1942	1513	1664	1545	754	931	1142	881	837	878	1000	973	919	1255	1319
Ndufa12_+_94199149.23-P1P2	Ndufa12	626	1231	1192	1698	1698	1795	1564	1683	1140	1702	1414	1579	2137	2278	1123	1418	1122	1079	1045	1218	1278	1169	1770	1475
Pnpla6_+_3516907.23-P2	Pnpla6_P2	681	1749	1477	1982	1854	1889	1899	1791	1520	2216	1930	2007	2666	2475	1285	1721	1302	1235	1306	1336	1390	1522	1719	1747
Abcb1b_-_8798163.23-P1P2	Abcb1b	517	1104	991	1573	1556	1653	1284	1164	1150	1899	1622	1407	1443	1549	1058	1091	1130	911	1005	1092	1163	1085	1285	1296
Sqstm1_-_50210764.23-P1	Sqstm1_P1	464	1150	1002	1531	1358	1463	1204	1404	1032	1652	1525	1412	1831	1405	907	1154	1043	944	775	833	970	611	1355	1143
Ppp3ca_-_136670237.23-P1P2	Ppp3ca	350	645	771	973	1429	866	686	584	764	738	607	814	751	369	623	646	641	438	508	516	546	441	839	698
Capn2_-_182517489.23-P1P2	Capn2	327	1004	1038	1671	1453	1306	1269	1093	863	858	1108	1475	1218	1129	917	1127	825	785	775	818	967	893	1142	1096
Gaa_+_119268056.23-P1P2	Gaa	742	1552	1335	1985	1844	1944	1883	1801	1320	3144	2442	1809	1480	2218	1560	1707	1429	1201	1139	1309	1567	1494	1835	1929
Cox6b2_+_4752937.23-P1P2	Cox6b2	354	940	887	996	1193	1307	1073	986	950	730	1050	1222	1629	2046	785	1015	841	742	676	722	903	703	1116	1007
Hspa8_-_40802627.23-P2	Hspa8_P2	364	887	791	1120	898	975	875	939	690	1705	1245	885	1884	722	755	922	706	735	552	640	641	799	855	904
Ctrl_+_105933660.23-P1P2	Ctrl	299	701	636	1135	866	832	875	682	799	960	704	1138	896	370	745	796	623	655	492	562	628	721	714	677
S100b_-_76253977.23-P1P2	S100b	507	892	658	1469	1071	1190	981	939	826	1472	922	1339	1020	1086	807	1034	768	769	714	787	723	878	1020	930
Canx_+_50325599.23-P1P2	Canx	499	1037	824	1308	1260	1126	1213	730	940	1514	1139	1265	1507	373	787	1000	728	699	689	813	729	756	1006	1031
Mapk14_-_28691446.23-P1P2	Mapk14	260	725	663	1363	1000	974	955	1115	742	750	1004	745	1351	1353	742	770	678	710	642	716	692	844	919	923
Mmp9_-_164948267.23-P1P2	Mmp9	682	1550	1288	2288	1686	1902	1732	1612	1242	2122	1928	2200	2477	1726	1339	1626	1081	1165	1086	1088	1289	1541	1676	1701
non-targeting_02763	non-targeting	403	835	756	1536	924	1362	1223	1430	1035	2277	1574	1760	1395	604	911	1246	799	974	836	980	1090	1005	1189	1139
Klc1_-_111758936.23-P1P2	Klc1	683	1198	1082	1633	1809	1573	1277	1339	1138	2146	1426	1853	1991	1005	1039	1290	1138	1027	1018	1108	1211	1053	1408	1380
Tmem184b_+_79403248.23-P1P2	Tmem184b	317	825	780	1470	1248	1161	1005	936	715	1552	1111	785	952	805	959	804	728	829	663	789	751	971	1017	1117
Cyld_-_88697118.23-P1P2	Cyld	500	816	967	1598	1506	1485	1364	1510	852	1675	1007	1284	1991	1680	948	1215	984	950	816	913	982	791	1285	1134
Axin2_-_108920851.23-P1P2	Axin2	174	674	658	1065	975	880	756	761	571	857	1138	1239	1335	1019	781	821	547	601	510	639	612	623	898	825
Ptprc_-_138175231.23-P1P2	Ptprc	463	941	958	1548	1268	1292	1093	1309	920	1645	1330	1384	1519	247	904	1164	851	780	723	1020	886	923	1077	1051
Atf6_-_170867702.23-P1P2	Atf6	590	906	859	1267	1175	1330	989	1353	921	1671	786	1299	962	1888	941	1162	904	1044	876	883	1054	843	1080	1194
Pdha1_-_160138336.23-P1P2	Pdha1	495	1143	1227	1734	1506	1502	1229	1209	907	2076	1407	1380	1864	549	898	1236	1002	945	737	688	1003	538	1106	1130
Ubqln4_-_88554037.23-P1P2	Ubqln4	643	1639	1025	2120	1896	1964	1782	1540	1331	2228	2445	1701	1461	1502	1316	1567	1168	1037	1147	1329	1291	1375	1662	1607
Acox1_-_116198811.23-P1P2	Acox1	253	638	611	1296	855	956	758	876	561	1407	1260	1048	629	1027	728	907	661	650	679	678	690	766	820	935
Psma5_-_108257314.23-P1P2	Psma5	361	747	696	1056	740	1027	646	942	648	959	870	721	1465	609	717	688	648	563	564	621	618	680	844	748
Nos1_+_117841946.23-P1P2	Nos1	543	1337	1025	1429	1751	1397	1431	1391	1044	2032	1557	1931	2479	1334	1042	1244	1089	976	905	1114	1081	1044	1333	1405
Uqcrq_+_53430786.23-P1P2	Uqcrq	198	547	430	849	913	678	414	673	384	925	519	759	360	672	472	483	419	432	304	419	466	199	276	254
Maoa_+_16619858.23-P1P2	Maoa	348	719	552	875	956	931	825	845	722	1356	731	1053	807	1433	611	745	615	583	494	553	658	589	863	834
Pum1_+_130663464.23-P1P2	Pum1	481	996	1204	1458	1407	1325	1104	1171	1076	2242	2007	1485	1531	1797	944	1022	911	844	860	1012	1086	1021	1407	1274
Pdha1_-_160138333.23-P1P2	Pdha1	802	2025	1417	2314	2441	2313	1921	2038	1597	1990	2435	2179	2688	2861	1405	1522	1411	1248	1331	1571	1535	1079	1709	1674
Pkd2_-_104459565.23-P1P2	Pkd2	898	2103	1845	3118	2651	2611	2253	2723	1814	4071	1971	2786	3211	1922	1964	2012	1819	1810	1569	1774	1903	2064	2441	2392
Foxo1_+_52268467.23-P1P2	Foxo1	484	1058	792	1477	1174	1113	1007	1091	1037	1830	1106	1367	1557	520	841	1083	802	811	701	863	957	907	1074	1192
Vdac2_-_21831585.23-P1P2	Vdac2	888	1823	1945	2572	2354	2287	2055	2158	1650	2339	2362	2693	3011	1496	1664	1872	1643	1492	1454	1710	1683	1802	1944	1959
Uchl3_-_101654055.23-P1P2	Uchl3	549	1015	920	1631	1529	1512	1337	1621	1109	1945	1542	1115	1622	573	1056	1139	986	791	957	1092	984	1077	1315	1257
Atp6ap2_+_12587852.23-P1P2	Atp6ap2	313	855	865	943	830	1007	791	807	666	1702	774	1055	814	661	682	804	630	675	553	565	646	540	612	658
Hspb8_+_116422767.23-P1P2	Hspb8	161	422	471	606	618	502	433	349	298	1173	493	589	351	1144	364	397	367	317	335	358	414	377	467	485
Psma5_-_108257414.23-P1P2	Psma5	363	1034	837	1359	1398	1154	961	1116	823	901	900	875	1354	911	718	859	677	600	615	653	710	642	958	958
Eif2ak2_+_78882497.23-P1P2	Eif2ak2	772	2768	2493	3147	3279	3181	2937	2821	2007	3133	2834	3323	3179	2563	2105	2590	1979	1822	1858	2027	2032	2279	2796	2969
Eef2_+_81176662.23-P1	Eef2_P1	559	1297	1140	1673	1505	1283	705	869	573	1069	960	839	1004	410	709	532	424	379	378	423	669	296	503	619
Hspg2_-_137468800.23-P1P2	Hspg2	523	1282	1324	1599	1464	1449	1407	1504	989	2056	1302	985	1605	1317	1053	1342	1024	861	1013	937	1009	1122	1403	1311
Endou_+_97731342.23-P2	Endou_P2	487	1077	1097	1856	1574	1503	1271	1295	751	1681	1467	1497	2392	1363	882	1197	1185	1112	835	965	1060	1243	1402	1367
Ndufa4l2_+_127515063.23-P1P2	Ndufa4l2	255	636	595	945	830	860	477	773	652	515	663	903	1061	775	633	676	602	558	557	512	516	578	645	654
Vamp2_+_69088592.23-P1P2	Vamp2	523	1336	1440	2183	1781	1850	1575	1630	1312	2388	1885	1729	2434	1786	1346	1611	1338	1271	1104	1311	1348	1385	1852	1773
Neurod1_+_79456606.23-P1P2	Neurod1	504	1306	1196	1957	2364	1697	1336	1270	1251	2233	1877	1601	2333	926	1244	1662	1256	1145	1006	1115	1374	1266	1715	1537
Ralgps2_-_156939315.23-P1P2	Ralgps2	570	1303	889	1126	1522	1452	1095	1310	1025	1419	834	1300	1060	1294	985	1201	1017	886	918	974	972	1089	1423	1260
Atp5h_+_115419950.23-P1P2	Atp5h	377	1112	1127	1615	1622	1539	1403	1637	1116	1924	1016	1587	1690	1484	1041	1261	973	1113	857	853	963	931	1270	1366
Mtmr2_+_13749203.23-P1P2	Mtmr2	407	1162	1081	1938	1620	1421	1448	1287	1065	1845	1222	1123	1955	1901	1053	1041	924	941	912	1027	1089	1027	1364	1416
Hsd17b6_-_128007562.23-P1P2	Hsd17b6	508	1033	857	1703	1303	1350	991	1172	1047	1790	1410	1008	1956	52	901	1052	866	818	845	991	965	1003	1038	1048
Atxn1l_+_109737649.23-P1P2	Atxn1l	531	1397	1414	2102	2322	1934	1546	1478	1414	1743	1665	1802	2574	590	1273	1673	1330	1317	1144	1207	1325	1425	1763	1514
Ctsf_+_4855202.23-P1P2	Ctsf	356	1284	1065	1438	1378	1440	1171	1444	911	1186	1579	1693	2077	766	1132	1154	913	1012	772	988	937	953	1300	1315
Serpina3n_-_104406806.23-P1P2	Serpina3n	270	552	749	931	823	776	775	709	572	468	762	1075	633	1299	623	728	591	634	562	554	643	535	707	740
Gsk3a_+_25237652.23-P1P2	Gsk3a	440	633	609	753	942	898	672	509	563	749	890	926	971	551	507	769	640	440	528	557	547	514	870	864
Ascc1_+_60002889.23-P1P2	Ascc1	334	1300	1311	1735	1645	1722	1483	1664	1135	2552	1749	1658	1929	960	1257	1292	1095	984	918	1108	1257	964	1508	1712
Vwa3b_-_37153976.23-P1P2	Vwa3b	523	1213	861	1541	1282	1139	1145	1238	844	2020	1175	1441	1837	677	885	1076	947	894	819	804	906	940	1245	1285
Sybu_+_44752151.23-P1P2	Sybu	323	1052	1065	1390	1148	1358	1074	1204	846	1768	724	1036	1339	608	857	1140	884	821	785	853	992	990	1146	1204
Cacna1f_-_7607170.23-P1P2	Cacna1f	440	1306	1208	1623	1704	1722	1416	1750	1118	1868	1869	1488	1989	764	1187	1121	1190	867	925	1107	1133	970	1517	1290
Atp5d_+_80142413.23-P1P2	Atp5d	423	1090	1047	1360	1157	1280	1065	955	903	2139	1367	1088	1916	504	825	1033	736	706	757	778	872	759	1045	951
Pqbp1_+_7899206.23-P1P2	Pqbp1	796	1727	1802	2476	2363	2397	1757	1899	1547	1735	1486	1953	2634	1375	1586	1673	1481	1384	1261	1397	1749	1506	1766	1786
Cx3cr1_+_120068250.23-P1P2	Cx3cr1	665	2131	1751	2934	2624	2539	2143	2229	1695	2876	2567	474	2643	2615	1554	2149	1699	1396	1445	1638	1695	1973	2133	2457
Dnah7b_-_46067066.23-P1P2	Dnah7b	451	1139	1079	1431	1700	1543	1088	1522	1188	1769	1522	1465	2848	92	1169	1213	1146	1101	981	1090	1024	1103	1434	1466
Mfge8_-_79148973.23-P1P2	Mfge8	328	1240	1132	1542	1534	1469	1084	1391	1006	1642	1035	1785	1047	371	951	1181	815	926	858	952	1054	920	1079	1206
Uba7_-_107983044.23-P2	Uba7_P2	516	1585	947	1615	1571	1616	1817	1383	1102	1993	1992	1778	1841	1139	1288	1528	1154	908	982	1077	1193	1350	1422	1678
Atp5e_-_174464090.23-P1P2	Atp5e	411	1310	1104	1848	1361	1632	1352	1645	953	2291	1640	2011	1822	586	1176	1459	1125	961	910	995	1103	1045	1325	1213
Pin1_+_20652200.23-P1P2	Pin1	237	866	786	1011	743	1062	880	1051	816	1245	1216	1143	1229	613	588	810	650	580	524	796	738	691	914	928
Hexa_-_59539687.23-P1P2	Hexa	426	1498	1125	2075	1691	1769	1501	1554	1274	2158	1772	1866	2627	548	1256	1457	1232	1104	947	1125	1254	1219	1715	1851
Cox6b2_-_4752988.23-P1P2	Cox6b2	366	1080	1131	1443	1390	1544	1174	1144	1012	1790	1853	1603	1666	1107	953	1188	889	894	814	849	960	1055	1247	1362
Psma3_+_70974681.23-P1P2	Psma3	454	1383	1210	1704	1383	1764	1306	1520	1280	1681	1974	1883	1686	1324	1323	1386	1174	1021	979	1167	1164	1220	1568	1687
Acbd5_+_23069114.23-P1P2	Acbd5	402	961	804	1364	1234	1233	1062	1142	897	1562	858	1233	1562	960	854	1102	788	806	749	859	977	885	1067	1059
Pmp22_+_63131597.23-P1	Pmp22_P1	281	796	1041	1369	1301	1205	1101	836	898	1285	1185	1656	1190	522	805	913	856	877	635	771	844	726	1100	1080
Gabarap_+_69991681.23-P1P2	Gabarap	310	773	623	1085	1100	993	778	772	516	1138	1049	842	1239	326	820	692	632	638	560	622	701	681	945	835
Abca1_-_53159853.23-P1P2	Abca1	440	1265	989	1419	1214	1637	1507	1197	1155	2140	1798	1410	2055	1344	1024	1242	1020	816	798	1073	1007	1028	1177	1350
Cd200r1_-_44765853.23-P1P2	Cd200r1	392	1129	873	1331	1295	1229	1257	1228	1023	1601	882	1095	1318	254	1002	1057	873	759	799	816	945	1087	1245	1170
Hspb8_+_116422850.23-P1P2	Hspb8	577	1302	1272	2009	2035	1728	1502	1414	1077	1724	1362	1597	2492	545	1228	1370	1241	1177	1028	1148	1371	1222	1785	1501
Grin2d_-_45866986.23-P1	Grin2d_P1	522	846	1092	1501	1539	1406	1059	1301	1123	1837	1626	1627	1822	1236	1101	1323	830	860	866	902	1077	939	1218	1386
Sox2_+_34650273.23-P1P2	Sox2	433	797	701	1596	1281	1158	1016	1164	859	894	1225	876	1600	850	827	917	839	791	815	781	832	673	1234	1104
Pik3cg_+_32208598.23-P1P2	Pik3cg	308	1151	922	1460	1458	1278	1093	1039	993	1246	1409	1113	1701	611	931	1113	879	864	706	895	900	907	1166	1271
Klc4_-_46645133.23-P1P2	Klc4	530	1284	1584	1630	1473	1625	1361	1324	1224	1497	1591	1406	1307	1120	1194	1259	1111	893	935	1051	1112	1183	1661	1577
Atp5h_-_115419906.23-P1P2	Atp5h	373	1269	1079	1759	1090	1360	1077	1425	986	1894	1082	1721	1136	1610	985	1142	763	920	841	914	892	753	1221	1142
Tsen54_-_115814790.23-P1P2	Tsen54	410	851	839	1095	1008	966	784	809	714	545	1114	1214	977	305	532	728	676	563	577	576	570	489	703	581
non-targeting_04059	non-targeting	301	1031	951	1277	1164	1241	1080	1127	838	1229	1265	1343	1769	474	783	1178	816	912	671	759	795	897	1004	1108
Bid_+_120916794.23-P1P2	Bid	351	990	787	1098	1186	1040	1002	1121	765	1789	820	1100	1488	533	934	1013	744	825	704	828	841	830	1079	1120
Gm7030_-_36129425.23-P1P2	Gm7030	399	1324	1184	1990	1624	1600	1545	1673	1329	1513	1721	1923	1483	2248	1041	1312	1227	963	948	1181	1129	1169	1426	1510
H2-M10.5_+_36773117.23-ENSMUST00000041531.6	H2-M10.5	426	1183	1107	2042	1592	1672	1288	1431	1203	2000	1414	1298	1740	890	1129	1354	1233	1030	987	1167	1235	1097	1529	1704
Ryr1_-_29125066.23-P1P2	Ryr1	647	1496	1071	1848	1730	1913	1852	1426	1411	1869	1620	2477	2638	1825	1331	1557	1278	1077	1082	1259	1305	1183	1729	1608
Apcs_-_172894925.23-P1P2	Apcs	699	1387	1593	1842	1721	2071	1788	1718	1301	1984	1399	2096	1880	2336	1216	1503	1201	1072	1069	1268	1235	1224	1766	1761
Klf4_-_55532394.23-P1P2	Klf4	119	332	306	635	544	439	250	430	324	647	572	648	642	418	284	453	349	333	302	312	310	272	417	414
Clcc1_-_108653984.23-P1P2	Clcc1	766	1712	1276	2127	2239	2161	2108	1743	1432	1981	1635	2042	2529	1936	1486	1615	1306	1353	1187	1321	1451	1402	1704	2037
Kcne3_-_100178725.23-P1	Kcne3_P1	504	1286	1275	1719	1555	1592	1196	1589	1045	2159	1705	1086	2053	1790	1224	1179	1071	851	848	1066	1086	1138	1450	1381
Erlin2_-_27023831.23-P1P2	Erlin2	547	1462	1271	2167	1891	1918	1577	1568	1353	2189	1881	1280	2095	1643	1294	1544	1229	1161	1093	1218	1295	1312	1399	1664
Ndufa3_+_3617370.23-P1P2	Ndufa3	427	1068	1212	1753	2124	1557	1316	1547	1094	1054	1566	2038	2225	1018	1126	1241	944	830	853	1062	1087	820	1119	1251
Klc3_+_19399890.23-P1	Klc3_P1	573	1480	1288	2244	2145	1982	1450	1680	1274	2537	2044	2065	2432	1490	1316	1374	1262	1277	1206	1377	1276	1363	1819	1708
H2-M1_-_36672179.23-P1P2	H2-M1	556	1076	1091	1726	1337	1355	1308	1375	970	1965	1567	1459	1510	556	1034	1032	995	840	904	968	922	1021	1545	1189
Rtn2_-_19291114.23-P1	Rtn2_P1	384	884	877	1310	1124	1104	1090	1131	922	2064	1081	999	2143	981	822	915	781	742	706	805	890	776	1013	908
Bak1_-_27028533.23-P1P2	Bak1	379	1206	1085	1508	1539	1467	1192	1184	1105	1362	1489	1606	1184	1755	1109	1235	945	997	873	1005	1152	1021	1359	1491
Wnt16_+_22288320.23-P1P2	Wnt16	513	1196	1148	1730	2066	1545	1379	1353	1217	1632	1701	1909	1747	767	1125	1431	1197	907	956	1047	1186	1088	1356	1440
Trp73_+_154096892.23-P2	Trp73_P2	527	1613	1612	2435	1955	2037	1962	1968	1402	2322	2150	2112	3431	1603	1552	1727	1513	1378	1312	1505	1447	1399	1974	1873
Oprd1_+_132144506.23-P1P2	Oprd1	390	1028	794	1282	1098	1028	888	983	764	2206	1258	1212	1819	674	727	943	734	744	759	759	791	777	1049	945
Abca1_-_53159810.23-P1P2	Abca1	526	1503	1109	2085	1858	2066	1707	1587	1445	1770	1931	2423	2640	1836	1421	1562	1264	1158	1267	1281	1443	1201	1802	1732
Rab8a_-_72161361.23-P1P2	Rab8a	185	696	764	1059	997	1123	861	1065	670	871	572	494	697	202	745	954	656	717	623	558	665	789	773	903
Acsbg1_-_54661717.23-P1P2	Acsbg1	353	1539	1300	1783	1813	1874	1664	1623	1304	1205	1781	1758	2415	1779	1190	1506	1193	1046	1074	1211	1098	1301	1660	1569
Igfals_+_24878777.23-P1P2	Igfals	434	1100	1029	1699	1491	1378	1268	1353	978	2025	1823	1926	1309	742	1208	1255	919	924	953	919	972	1014	1350	1389
Cnr2_+_135895522.23-P1	Cnr2_P1	627	1589	1335	2156	1974	1853	1365	1808	1245	2263	1956	1767	2050	1799	1334	1458	1160	1124	1075	1326	1231	1180	1657	1721
Psma7_+_180042402.23-P1P2	Psma7	539	1576	1276	1871	1946	1897	1228	1437	1265	1144	1411	1441	2387	980	1252	1336	1046	1049	1012	1176	1138	945	1456	1327
Vamp1_+_125231325.23-P2	Vamp1_P2	262	755	559	902	819	788	788	843	565	1523	1155	1573	1213	352	608	806	580	614	523	591	639	527	890	868
Dnajc13_-_104262891.23-P1P2	Dnajc13	568	1200	1148	1494	1392	1369	1283	1017	1056	1887	1209	1624	1601	1539	952	1207	1109	830	871	1031	1106	956	1387	1478
Gaa_-_119268240.23-P1P2	Gaa	773	1973	1581	2628	2618	2592	2241	2253	1693	2949	1920	3208	2563	1348	1749	1953	1640	1660	1449	1802	1602	1732	2085	2576
Plcb3_-_6969688.23-P1P2	Plcb3	634	1305	1126	1858	1740	1805	1491	1408	1276	3276	2135	2145	3337	3110	1220	1280	1200	1137	1052	1125	1289	1317	1711	1593
Bean1_+_104170585.23-P1P2	Bean1	380	1442	1186	1692	1861	1872	1654	1612	1229	1929	1994	1762	2197	1004	1112	1455	1188	1105	1045	1168	1180	1211	1416	1422
Tuba8_-_121210815.23-P1P2	Tuba8	353	1075	811	1405	1158	1000	882	1030	921	1140	1776	1400	1375	1400	784	1042	799	745	701	774	821	937	925	1076
Mak16_+_31168699.23-P1P2	Mak16	418	1197	981	1396	1234	1432	1132	1241	901	1029	1588	1562	1400	1118	861	948	878	826	810	787	821	492	662	717
Fshr_+_89200662.23-P1P2	Fshr	425	910	682	1298	1206	969	816	1022	696	948	912	1733	1860	51	762	910	707	600	615	732	718	674	985	922
Dnm1l_+_16358923.23-P1P2	Dnm1l	352	611	543	871	890	869	614	833	781	852	1057	701	1499	1005	576	676	577	503	521	693	652	527	816	788
Tardbp_-_148626472.23-P1P2	Tardbp	780	1849	1779	2818	2472	2133	1005	1719	1109	1982	1853	1886	1687	1555	924	997	789	710	726	1039	983	714	946	867
Actb_-_142905729.23-P2	Actb_P2	404	1314	1286	2012	1526	1863	1256	1540	1305	1890	1658	1437	2287	1054	1201	1419	1020	1003	1110	1168	1239	1279	1394	1516
Hspa1b_+_34958851.23-P1P2	Hspa1b	312	1325	1219	1690	1389	1533	1380	1406	1242	1694	1537	1873	1803	1160	1198	1344	1075	971	974	1018	982	1223	1380	1429
Gchfr_-_119167803.23-P1P2	Gchfr	303	1048	831	1620	1229	1222	872	952	935	1723	1370	1200	1499	2019	916	1019	900	692	764	822	856	849	1069	1248
Atp5c1_-_10080407.23-P1P2	Atp5c1	443	1176	1158	2042	1613	1392	1016	942	812	822	1286	1480	1393	936	647	610	480	507	408	475	572	315	560	416
Creb1_-_64532852.23-P1P2	Creb1	638	1667	1777	1991	1981	2019	1719	1866	1603	2227	2368	2643	2812	2064	1479	1620	1408	1444	1181	1359	1412	1496	1953	2140
Dnmt1_-_20952431.23-P1P2	Dnmt1	370	762	819	1118	880	1099	983	1028	757	967	1141	1310	1257	636	681	924	737	727	634	748	765	707	1108	948
Creb1_-_64532855.23-P1P2	Creb1	406	1097	1160	1655	1649	1540	1214	1442	903	2214	1885	2004	2546	713	1318	1350	1119	1045	927	1124	1220	1277	1542	1417
Jag1_-_137116220.23-P1P2	Jag1	357	1120	930	1325	1311	1339	1001	1141	868	1333	1432	1071	1355	1449	1003	1262	904	946	734	828	969	1015	1090	1167
Kat2a_-_100712405.23-P1P2	Kat2a	503	1184	1078	1527	1398	1434	1288	1233	975	1841	1748	1852	2296	2176	1108	1149	1005	1001	792	1052	1007	1109	1120	1321
Gsn_-_35256478.23-P1	Gsn_P1	396	781	638	945	1058	1117	1064	951	765	1497	1046	908	997	15	698	827	754	782	637	681	774	693	988	901
Slc2a1_-_119108844.23-P1P2	Slc2a1	388	1097	1094	1696	1571	1617	1253	1453	1120	1568	1126	1569	1679	168	1139	1297	1039	880	985	997	1068	1110	1343	1300
Cox8a_-_7217521.23-P1P2	Cox8a	289	1042	1250	1593	1493	1606	1134	1169	985	1719	1501	1808	2198	1704	910	1117	1011	897	825	985	949	904	1168	1106
Cav1_-_17306488.23-P2	Cav1_P2	347	947	996	1605	1252	1256	1056	1161	841	2026	1615	1397	1773	1128	849	1111	760	806	692	942	865	760	1075	1196
Nras_+_103058339.23-P1P2	Nras	424	1010	1018	1409	1462	1290	1258	1163	879	1390	1370	2030	1723	1116	872	1083	874	846	702	804	913	1055	1229	1100
Eif2ak2_+_78882484.23-P1P2	Eif2ak2	609	1730	1301	2329	1973	1894	1628	1707	1434	1909	1916	2203	2469	1099	1385	1603	1321	1199	1117	1444	1280	1327	1740	1798
Hprt_+_52988212.23-P1P2	Hprt	381	1054	1020	1710	1303	1630	1366	1444	1071	2378	1473	1494	2360	636	1191	1290	967	971	990	956	1040	1170	1514	1357
Casp3_-_46617479.23-P1P2	Casp3	685	1327	1403	2087	1759	1880	1466	1520	1214	1642	1878	1540	2464	913	1353	1411	1210	1221	1060	1044	1282	997	1715	1618
Dnajc6_-_101508207.23-P1P2	Dnajc6	215	563	456	810	780	753	615	677	429	749	648	713	566	514	551	524	461	446	417	436	467	518	645	615
Ndufa8_-_36049269.23-P1P2	Ndufa8	782	1908	1919	2373	2684	2300	2006	1967	1682	2908	2974	2978	3286	539	1606	1882	1475	1451	1489	1559	1537	1256	1769	1811
Ndufv3_+_31520211.23-P1P2	Ndufv3	642	1372	1222	1865	1462	1695	1609	1629	1016	1997	1363	1396	2453	1707	1094	1216	1011	1149	874	1159	1192	1109	1407	1485
Mapk11_+_89149539.23-P1P2	Mapk11	625	1380	1217	2008	1718	1985	1875	1658	1293	2581	2191	2014	2370	770	1234	1688	1258	1161	1101	1380	1344	1292	1669	1974
Sox2_-_34650204.23-P1P2	Sox2	574	1258	1040	1576	1568	1212	1225	1290	1008	1808	1566	1640	1540	1995	1028	1020	882	940	723	866	862	984	1237	1172
Dctn1_-_83165949.23-P1P2	Dctn1	359	1408	1293	1466	1681	1530	1641	1222	1104	2301	1368	1777	1693	734	1031	1337	1054	881	852	913	1017	1034	1469	1376
Pik3ca_-_32397339.23-P1P2	Pik3ca	306	666	688	1024	1322	948	741	1050	626	1461	887	738	1285	1085	664	717	529	676	619	703	575	667	839	830
Eif4g1_-_20672800.23-P1P2	Eif4g1	451	1247	1387	2134	1506	1672	1573	1533	1207	1853	1754	2280	2197	617	1083	1342	1053	1114	944	1144	1133	1240	1520	1374
Cav1_+_17307736.23-P1	Cav1_P1	229	628	583	526	670	573	370	580	490	607	600	603	361	446	457	408	389	394	366	405	373	358	610	609
Tpo_+_30132459.23-P1P2	Tpo	297	829	763	1371	934	1009	880	946	769	1474	838	1020	1335	877	784	911	634	584	684	750	779	736	913	858
Ang6_-_44002257.23-ENSMUST00000096869.2	Ang6	325	911	800	1457	1495	1470	1279	1359	1102	1448	1249	1871	2055	999	963	1110	919	878	779	842	998	1152	1220	1167
Smurf2_+_106920669.23-P1P2	Smurf2	475	899	609	1070	1171	1058	983	948	885	1661	1172	1111	1207	776	782	772	717	722	633	667	853	683	1031	851
Tia1_-_86404314.23-P1P2	Tia1	240	372	591	833	734	684	565	654	559	432	557	925	661	24	512	637	470	424	387	480	416	509	656	654
Atp5g3_+_73911230.23-P1P2	Atp5g3	574	1313	1310	2103	1864	1776	1274	1595	1156	1474	2562	1883	2502	2283	1173	1401	1360	1011	1080	1091	1418	1225	1462	1537
Plcb2_-_118728368.23-P1P2	Plcb2	299	855	684	984	883	979	970	967	803	777	1158	832	842	463	708	779	679	608	623	650	849	825	963	835
Map2_-_66322095.23-P2	Map2_P2	653	1272	1077	1854	2064	1630	1349	1207	1107	1999	1540	1222	2577	881	1181	1191	1141	1130	961	1134	1182	1083	1467	1620
Klc2_+_5118226.23-P1P2	Klc2	522	1428	1489	1986	1505	1845	1413	1493	1324	2207	1494	2306	2326	587	1099	1493	1273	1050	1158	1248	1286	1278	1558	1450
Trim2_-_84220883.23-P1	Trim2_P1	367	1085	1212	1487	1165	1390	1166	1018	912	1492	1229	1340	1383	1050	863	968	865	872	722	921	1007	863	1023	960
Tmem230_-_132247768.23-P1P2	Tmem230	448	722	786	1202	1230	983	860	863	772	1433	857	1207	868	639	681	797	609	730	626	762	721	724	882	1000
Stx1a_-_135041124.23-P2	Stx1a_P2	413	1045	855	1396	1033	1421	1220	1255	921	1875	1152	1088	1882	798	965	1123	958	855	800	897	972	992	1187	1054
Sptlc3_-_139494208.23-P1P2	Sptlc3	415	1125	935	1519	1409	1324	1067	1284	1114	1843	1311	1534	2041	247	1041	1009	956	870	882	968	1022	843	1160	1232
Mapk14_+_28691490.23-P1P2	Mapk14	274	577	503	1182	937	873	699	878	537	1391	765	987	591	478	493	705	539	585	474	552	606	585	754	652
non-targeting_04047	non-targeting	345	1085	893	1234	1118	1335	900	1328	915	1172	1213	1301	1524	1377	888	1043	798	887	751	721	887	793	1041	1172
Mag_+_30914839.23-P1P2	Mag	309	1299	1003	1272	1116	1499	1326	1401	946	1536	1566	974	1144	1301	893	1271	811	924	850	926	951	985	1438	1301
Msra_-_64440837.23-P1P2	Msra	344	622	651	916	907	932	697	708	618	693	1163	1209	1398	409	704	777	755	709	492	555	686	461	803	862
Cast_+_74807868.23-P1P2	Cast	394	1102	1095	1718	1393	1477	1282	1331	1296	2245	1268	1795	1771	1272	965	1393	1063	882	865	1017	1016	951	1398	1287
Asah1_+_41374576.23-P1P2	Asah1	466	1085	1030	1529	1775	1652	1485	1429	1289	1490	1242	1430	1226	1666	1247	1256	1231	1171	951	1144	1047	1205	1595	1456
Maf_-_115707748.23-P1P2	Maf	287	566	654	837	949	801	661	627	614	929	820	738	1626	597	624	733	505	467	472	604	576	495	657	689
Tyrobp_+_30413793.23-P1P2	Tyrobp	258	638	551	1059	1040	863	817	638	511	858	563	626	1229	288	681	834	612	496	500	566	642	671	768	753
Kl_+_150952746.23-P1P2	Kl	247	771	1061	1293	1272	1124	1003	1065	771	1651	1084	1442	1414	735	748	937	763	819	732	757	921	930	1010	1068
Spg21_+_65461019.23-P1P2	Spg21	216	736	707	1100	1020	885	613	816	702	1089	882	909	1772	340	561	731	597	567	489	608	616	218	510	470
Il13_+_53634606.23-P1P2	Il13	255	855	763	1148	1422	1219	1299	1000	931	1473	984	1155	1081	1151	1054	1107	859	740	790	828	890	847	999	1014
Ndufs8_+_3912704.23-P1P2	Ndufs8	476	941	848	1268	1249	1060	966	759	769	945	1111	1122	1428	204	567	710	529	602	398	549	647	196	405	368
Tlr4_+_66827595.23-P1P2	Tlr4	708	1490	1288	1690	2285	1833	1974	1628	1444	2417	1798	1563	2075	1204	1443	1583	1338	1139	1137	1345	1458	1228	1610	1668
Atg12_-_46741565.23-P1P2	Atg12	428	989	1202	1300	1262	1513	1236	1093	894	1830	1430	1302	1609	481	955	1208	839	769	783	926	880	904	1405	989
Ndufs6_+_73328382.23-P1P2	Ndufs6	296	945	1022	1339	1303	1148	1198	1081	985	1481	1233	1427	1206	473	949	991	753	939	744	768	980	738	1073	1190
Psmb5_-_54617716.23-P1P2	Psmb5	292	789	496	873	822	829	545	636	532	1206	715	582	757	319	525	519	394	456	387	419	576	357	518	546
Prickle1_-_93519503.23-P2	Prickle1_P2	514	1207	1418	1809	1454	1437	1290	1312	1106	1879	1469	1757	1913	1374	1197	1417	1088	903	932	1120	1151	1288	1580	1463
Cyp2d34_-_82620457.23-P1P2	Cyp2d34	310	1321	988	1919	1773	1676	1299	1478	1047	1914	1361	1747	1659	1901	1142	1426	1038	959	917	1164	1070	1034	1341	1522
Sybu_+_44752192.23-P1P2	Sybu	416	1172	946	1720	1405	1256	1058	1242	1032	1099	1207	1464	2040	1628	1008	1128	1079	1043	834	926	918	1155	1431	1361
Dnah8_-_30624392.23-ENSMUST00000170651.1	Dnah8	655	1411	1129	2112	1939	1850	1685	1638	1161	2114	1721	1683	2020	1596	1234	1497	1050	1123	1030	1217	1423	1116	1515	1695
Casp9_+_141794068.23-P1P2	Casp9	241	443	448	838	836	598	591	629	423	948	568	841	777	799	430	626	525	415	408	491	511	536	611	719
non-targeting_03057	non-targeting	690	2219	1937	2895	2237	2626	2000	2386	1745	3694	2140	2441	2564	1407	1793	2126	1608	1562	1482	1565	1745	1912	2424	2243
Nrros_-_32165425.23-P1P2	Nrros	685	1899	1435	2450	2133	2191	1983	1945	1662	4275	2283	2929	3537	1763	1631	1841	1557	1522	1412	1717	1670	1767	2058	2020
Nr4a2_+_57124118.23-P2	Nr4a2_P2	726	1622	1312	1792	1941	1828	1716	1648	1190	2401	1289	1750	2055	1683	1270	1459	1244	1113	1035	1288	1264	1341	1675	1331
Pde4a_+_21196776.23-P1	Pde4a_P1	622	1209	1315	1747	1710	1689	1703	1621	1267	1638	1695	1686	2027	1030	1301	1322	1117	954	1046	1006	1137	1260	1414	1655
Sptan1_-_29965708.23-P1P2	Sptan1	340	1375	1463	1853	1544	1828	1743	1454	1154	1875	1507	1533	2094	935	1321	1383	1172	1109	1042	1335	1301	1255	1565	1691
Cp_+_19957109.23-P1P2	Cp	496	1295	1040	1764	1839	1571	1350	1769	1040	1356	1674	2109	1737	618	1204	1352	1091	1035	971	1041	1112	963	1541	1435
Ift57_-_49699252.23-P1P2	Ift57	470	834	851	1544	959	1199	1137	1145	861	1425	1381	1028	1265	509	749	869	781	884	775	882	822	866	1001	1134
Trex1_-_109059240.23-P1P2	Trex1	473	1103	1092	1448	1278	1439	1104	1319	1034	1033	1030	1133	1660	1857	948	1083	932	937	757	878	922	934	1277	1263
Ahsg_+_22892121.23-P1P2	Ahsg	329	1001	1010	1659	1021	1280	1039	1081	830	1300	816	1399	1633	556	886	1190	778	771	722	856	777	796	1129	1062
Atp7a_+_106027328.23-P1P2	Atp7a	463	1236	1188	1542	1639	1630	1413	1463	1062	1898	1598	1137	1713	2295	1110	1364	1119	1060	1016	1106	1131	1118	1364	1505
Agrn_-_156197439.23-P1	Agrn_P1	463	1322	1126	1477	1276	1402	1001	1076	1085	1791	1378	1590	1586	1041	975	1218	1017	899	1028	1039	1035	1041	1414	1284
Cyp2d12_-_82555445.23-P1P2	Cyp2d12	411	937	830	1472	1427	1146	1083	1197	899	2008	1082	733	1779	1122	942	1021	830	775	733	767	815	778	1162	1222
Xrcc1_+_24547204.23-P1P2	Xrcc1	234	836	683	986	915	1011	842	695	768	805	795	831	1097	1284	733	721	665	615	630	696	717	712	914	927
Rtn4_+_29693060.23-P1P2	Rtn4	272	949	929	1186	1139	1196	1038	1054	721	1899	1232	1429	1306	1548	780	899	849	704	693	733	747	952	932	943
Slc17a6_-_51622112.23-P1P2	Slc17a6	319	909	1122	1593	1023	1276	1014	1179	977	1457	1257	1229	1614	383	944	1142	902	915	869	929	1015	1144	1384	1336
Gstm3_-_107969111.23-P1P2	Gstm3	844	1997	1931	2776	2269	2296	1965	2196	1719	3399	2678	2657	3323	3328	1666	2182	1545	1745	1493	1514	1645	1765	2271	2143
Lrpprc_-_84790539.23-P1P2	Lrpprc	377	868	742	1246	913	1153	737	1033	827	1048	924	1642	1130	1813	727	842	677	715	560	657	741	518	733	681
Itm2b_-_73385247.23-P1	Itm2b_P1	574	1022	1205	1936	1470	1308	1328	1295	950	1728	1230	1723	2253	1096	1083	1093	994	982	803	1104	1071	1160	1300	1095
Map2k3_+_60932108.23-P1P2	Map2k3	698	1157	1170	1696	1910	1594	1409	1442	1164	1884	1236	1661	1671	1420	1131	1331	1104	979	980	1055	1115	1184	1494	1383
Chrna7_-_63212147.23-P1P2	Chrna7	661	1209	1198	1950	1978	1698	1374	1484	928	2730	1028	1855	2094	1430	1139	1489	1139	1119	1034	1286	1135	1204	1637	1497
Lmnb1_+_56708007.23-P1P2	Lmnb1	320	650	704	921	811	932	777	767	626	1127	876	922	1013	391	525	692	614	516	523	569	644	645	780	742
Kpna3_+_61439805.23-P1P2	Kpna3	232	653	384	955	683	711	570	630	462	570	788	650	1011	207	483	557	424	430	444	475	462	490	572	548
Pitrm1_-_6548243.23-P1P2	Pitrm1	656	2342	1483	3131	2175	2618	2446	2091	1838	2753	2744	2518	2786	1198	1687	2420	1698	1657	1523	1680	1798	2023	2113	2534
Tubb1_-_174450806.23-P1P2	Tubb1	552	1022	1179	1345	1017	1233	1174	905	878	1561	1415	1213	969	330	943	1047	830	906	720	969	974	906	1200	1199
Ambra1_+_91730218.23-P1P2	Ambra1	466	1714	1225	2050	1865	1643	1267	1452	1327	1978	1235	1664	1684	1601	1049	1494	1354	1059	1023	1321	1133	1235	1435	1470
Mmp3_+_7446065.23-P1P2	Mmp3	717	1833	1319	2771	2537	2127	2335	1966	1611	2486	2147	2143	2349	417	1658	1861	1487	1400	1370	1358	1736	1637	2155	2040
Ddhd2_-_25754351.23-P1P2	Ddhd2	297	761	713	978	1110	974	647	853	799	1609	814	1304	1454	908	714	777	603	569	543	653	645	682	697	856
Cyp7b1_-_18243129.23-P1P2	Cyp7b1	435	942	819	1260	1115	997	902	917	824	1104	1035	1203	1178	773	828	853	791	649	648	721	704	728	892	923
Prdm8_+_98181057.23-P1P2	Prdm8	568	1122	1083	1463	1437	1452	1310	1372	1044	1484	1074	1388	2042	1372	1148	1118	917	1029	938	908	943	999	1431	1326
Gcdh_+_84893731.23-P1P2	Gcdh	291	933	846	1214	1314	1174	1114	1134	811	944	1156	1149	1237	509	805	913	675	872	672	676	871	660	1033	994
Kif5b_-_6241497.23-P1P2	Kif5b	369	661	779	1110	1004	1068	921	1105	843	1139	1039	1056	1320	541	614	893	704	746	630	711	668	829	885	873
Uqcrb_+_66905117.23-P1P2	Uqcrb	235	590	442	1036	892	779	804	721	600	897	838	688	1039	1068	524	683	528	533	537	597	561	241	455	540
Rest_-_77265583.23-P1P2	Rest	486	1171	1056	1861	1762	1623	1299	1487	1094	1976	1789	1759	1974	1538	1108	1303	1075	1043	981	1031	1024	940	1149	1083
Fmr1_-_68678666.23-P1P2	Fmr1	263	736	501	916	1001	801	794	794	623	1077	615	942	951	411	565	645	536	501	521	566	554	457	587	646
Syne1_+_5550527.23-ENSMUST00000041639.5	Syne1	375	906	750	1241	1422	1273	1002	1274	621	1946	1256	1128	1089	537	871	907	791	624	637	880	823	891	1109	1265
Serpini1_-_75557577.23-P1P2	Serpini1	493	1497	1434	1889	1791	1949	1585	1594	977	1955	1445	1943	1814	2120	1175	1432	1304	951	984	1173	1045	1150	1395	1402
Psmd8_+_29180607.23-P1P2	Psmd8	569	1357	1256	1755	1629	1630	1163	1495	993	1860	1113	1609	1875	464	998	1170	928	1025	863	1116	978	850	1241	1034
Ubap1_-_41349079.23-P1P2	Ubap1	332	1188	1252	1670	1721	1295	979	1143	939	1043	1020	716	1345	1037	762	865	830	470	629	695	703	540	640	738
Gfap_-_102897076.23-P1P2	Gfap	540	1234	1123	1759	1566	1623	1325	1627	1102	2187	1716	1758	2211	1474	1172	1563	1247	1096	907	1212	1229	1037	1356	1280
Dctn5_+_122133089.23-P1P2	Dctn5	312	924	857	1298	1196	1228	965	1231	762	1611	1149	1199	1045	1876	800	986	734	748	700	719	799	769	987	929
Dkk4_+_22624047.23-P1P2	Dkk4	290	997	919	1302	1109	1177	1340	991	945	1349	756	1273	1636	908	938	951	736	684	743	852	903	735	1106	1191
Vps35_+_85299505.23-P1P2	Vps35	202	653	675	854	835	853	612	631	623	972	788	1067	1068	778	541	548	504	679	574	490	589	534	657	850
Jag1_-_137116201.23-P1P2	Jag1	311	945	801	1420	1495	1193	1048	1104	876	1707	1178	1300	1148	341	751	968	794	746	664	804	779	929	922	1017
Farsb_-_78488775.23-P1P2	Farsb	450	1165	803	1629	1318	1386	894	1131	826	1635	1119	1564	1293	478	784	977	715	626	581	828	932	449	825	672
Lrp6_-_134566975.23-P1P2	Lrp6	372	922	1086	1564	1120	1475	878	1248	864	1149	1176	1059	1001	544	1042	1018	766	817	676	823	844	961	1174	1219
Cetn1_-_9619435.23-P1P2	Cetn1	735	1667	1713	2824	2564	2288	1920	2202	1822	3090	1996	3035	2638	2327	1713	2136	1632	1546	1505	1565	1616	1580	2105	1946
Apoa1_-_46228733.23-P1P2	Apoa1	410	962	899	1410	1511	1311	978	1395	981	1113	1023	1360	1384	1309	842	1034	852	721	737	811	808	816	1118	1142
Cycs_+_50566521.23-P1P2	Cycs	394	993	830	1459	1285	1351	883	1060	779	1504	1101	1743	1547	893	792	989	892	769	761	771	891	605	822	874
Ap4m1_-_138172377.23-P1P2	Ap4m1	378	844	749	1500	1287	1223	1077	1234	864	1508	1240	1423	2130	680	949	946	932	686	643	729	933	861	1087	966
Uba1_-_20662963.23-P1	Uba1_P1	341	703	675	1087	1087	979	762	861	574	658	901	1000	948	988	647	725	553	548	519	572	609	625	746	874
Fdps_+_89101843.23-P1P2	Fdps	693	1562	1534	2151	2127	1920	1850	1793	1443	1829	1604	1731	2196	974	1322	1642	1378	1076	1100	1354	1389	1132	1517	1480
Ptprc_+_138175267.23-P1P2	Ptprc	289	690	610	873	674	914	676	893	599	705	734	551	1165	435	473	582	594	542	456	519	574	508	739	727
Wnt2_+_18030320.23-P1P2	Wnt2	525	1163	1246	1807	1727	1540	1221	1511	907	2265	1486	1149	1986	2525	1002	1238	922	1010	997	987	1085	1250	1482	1541
Ccdc88c_+_101028848.23-P1P2	Ccdc88c	419	925	977	1591	1134	1334	1234	1261	1059	1757	1144	1316	1467	776	1120	1217	974	832	889	918	844	862	1254	1262
Ndufa10_+_92473733.23-P1P2	Ndufa10	471	1344	1295	1966	1788	1395	1445	1360	1040	2103	1254	1455	1494	1605	933	1280	1056	839	896	1022	1078	871	1055	1098
Abcd1_-_73716785.23-P1P2	Abcd1	303	1047	579	1496	1300	1401	1236	1240	939	1670	1381	1216	1352	985	918	1015	843	998	740	847	863	891	1094	1140
Gnb4_+_32616455.23-P1P2	Gnb4	351	988	939	1338	1493	1356	981	1165	771	1749	1121	1108	1141	1813	908	1049	844	826	786	971	886	848	1195	1186
2410137M14Rik_-_36981171.23-P1P2	2410137M14Rik	260	955	784	1425	1311	1187	934	892	703	1978	950	1425	1240	1047	895	927	814	576	739	725	827	808	1110	836
Ascl1_+_87493583.23-P1P2	Ascl1	427	1145	947	1609	1309	1445	1401	1336	889	1533	1408	1292	897	141	983	1204	1007	858	818	965	1017	1083	1219	1095
Gdnf_-_7810832.23-P1P2	Gdnf	481	1102	880	1591	1584	1311	1117	1179	963	1752	1135	1236	1625	714	1004	1123	918	870	803	961	1005	955	1297	1363
Actr10_-_70937916.23-P1P2	Actr10	384	945	802	1413	1523	1078	815	1018	832	1039	1164	1197	1356	1118	728	1068	814	622	833	823	851	903	1046	1158
Cox4i1_-_120668312.23-P1P2	Cox4i1	457	1205	944	1724	1586	1585	1268	1733	1260	2572	1507	1957	1732	495	1110	1323	952	955	951	1002	1068	943	1373	1337
Zfp106_+_120563750.23-P1P2	Zfp106	151	608	430	717	446	741	567	701	606	460	926	880	701	326	504	616	494	540	405	622	584	474	618	673
Wnt9a_-_59306906.23-P1P2	Wnt9a	674	1454	1368	2114	1753	1725	1578	1626	1212	2063	2221	1736	2330	1217	1062	1351	1207	1139	1055	1114	1316	1149	1655	1558
Cln6_+_62838848.23-P1P2	Cln6	521	1630	1045	1909	1624	1701	1560	1702	1223	2266	1964	1900	1792	993	1213	1448	1232	1168	1101	1183	1347	1205	1273	1382
Psmc3_-_91054354.23-P1P2	Psmc3	586	1395	1151	1685	1760	1363	851	877	602	1104	851	1247	1781	242	609	675	525	511	441	589	616	352	593	502
Ncl_-_86359326.23-P1P2	Ncl	278	790	1007	1448	1219	1062	870	882	714	700	1382	1023	1406	357	707	813	662	626	646	644	625	723	866	933
Cyp27a1_-_74713633.23-P1P2	Cyp27a1	826	2146	2022	2981	2984	2857	1965	2557	1792	3111	2664	3028	2459	2210	2181	2128	1736	1712	1502	1770	1882	2036	2330	2387
Ina_+_47014691.23-P1P2	Ina	328	1002	762	1165	993	1174	1075	1027	822	1769	942	1526	1261	459	699	924	864	748	713	960	769	808	932	1093
Tlr2_-_83841523.23-P1P2	Tlr2	342	605	688	885	1056	860	728	749	564	829	1262	545	1346	862	668	700	571	614	478	541	551	728	799	685
Wnt7b_-_85577852.23-P2	Wnt7b_P2	516	1240	868	1363	1109	1554	1283	1175	891	1922	1594	1481	1740	909	1062	1216	961	831	911	910	916	894	1252	1084
Sema6b_+_56133796.23-P2	Sema6b_P2	423	1041	1049	1422	1339	1320	1244	1243	1050	1520	1344	1573	1558	1122	977	1076	815	896	751	870	1041	973	1194	1218
Crat_-_30415487.23-P1P2	Crat	320	982	1097	1380	1488	1448	1339	1328	948	2541	1876	1580	1694	1343	1036	1351	1066	893	853	1024	945	1009	1409	1249
Bcl10_+_145924403.23-P1P2	Bcl10	263	817	699	1314	1058	1169	836	1155	586	1152	1039	1451	1183	1436	832	857	727	883	684	868	782	684	921	1141
Cast_+_74807940.23-P1P2	Cast	682	1665	1182	2046	1922	1859	1587	1997	1292	2102	1706	1893	2664	1085	1289	1663	1252	1286	1070	1263	1403	1501	1844	1477
Aco2_-_81872580.23-P1P2	Aco2	701	1778	1273	2117	2179	1955	1542	1717	1286	1586	2122	2319	1903	1670	1314	1563	1354	988	1081	1304	1357	1254	1783	1632
Tyrp1_+_80834246.23-P1P2	Tyrp1	296	649	720	1107	642	835	812	734	591	1086	974	983	990	389	538	618	657	574	443	551	547	651	782	728
Trap1_+_4077595.23-P1P2	Trap1	658	1838	1420	2331	2559	2208	1532	2201	1643	3659	2385	2439	2518	2412	1604	1839	1444	1407	1336	1471	1521	1774	1987	2090
Gjc2_-_59182819.23-P1P2	Gjc2	548	1511	1328	1917	1960	1967	1682	1795	1353	2145	1453	1944	1873	2037	1401	1478	1323	1185	1166	1216	1414	1265	1630	1783
Tmx2_-_84678323.23-P1P2	Tmx2	586	1550	1499	2412	2087	2111	1667	2007	1444	3254	1647	2004	2358	2215	1620	1776	1577	1371	1261	1451	1378	1469	1871	1903
Psmd3_+_98682615.23-P1P2	Psmd3	932	1408	1455	1974	1885	1786	1402	1452	1173	1899	1889	2658	2485	1112	1168	1368	1180	1052	990	1273	1241	1256	1426	1623
Unc13a_-_71671692.23-P1P2	Unc13a	800	1299	1167	1760	1801	1654	1431	1315	1207	2168	1331	1801	1690	995	1150	1377	1172	1068	1037	1190	1259	1291	1716	1467
Agrn_-_156186135.23-P2	Agrn_P2	332	1077	1239	1561	1913	1689	1563	1423	1167	1596	1668	1626	1907	257	1096	1349	1127	883	931	1136	1175	1107	1382	1406
Elavl2_+_91376460.23-P1P2	Elavl2	428	1215	1039	1932	1451	1386	1518	1407	1088	2195	1348	1436	1597	586	980	1143	1051	953	920	1081	970	952	1302	1288
Pclo_-_14515001.23-P1P2	Pclo	214	555	533	1096	871	710	580	660	619	828	578	856	459	496	586	621	526	419	513	480	507	458	696	804
Cybb_-_9469218.23-P1P2	Cybb	284	893	762	1302	1048	1123	1100	1075	669	1708	1372	1234	1954	626	833	895	823	798	692	661	853	835	1078	1057
Sqstm1_+_50210551.23-P1	Sqstm1_P1	1112	2602	2257	3316	3203	3059	2394	2710	2397	3303	3254	3288	3049	2123	2211	2528	2219	1972	1697	2000	2082	2072	2621	2803
Kif1c_+_70700518.23-P1P2	Kif1c	959	2017	1613	2848	2684	2205	1767	2072	1574	2413	2287	2611	2732	1003	1634	1592	1552	1380	1480	1505	1557	1739	2346	2164
Tpp2_+_43934011.23-P1P2	Tpp2	800	1592	1436	2314	1677	1785	1553	1711	1372	1391	2278	2458	1821	1272	1151	1535	1213	1257	1165	1262	1181	1559	1446	1787
Unc5c_+_141465692.23-P1P2	Unc5c	460	1499	1294	1830	2224	1930	1945	1654	1292	1586	1977	1591	1982	1170	1127	1437	1279	1098	1181	1344	1177	1553	1394	1811
Grm5_-_87584504.23-P1P2	Grm5	256	825	780	1166	1183	1095	959	911	823	912	1092	831	1022	528	702	826	784	666	616	683	769	803	914	1086
Dtymk_+_93801840.23-P1P2	Dtymk	628	1374	1063	1776	1289	1593	1300	1361	1258	2004	1771	1806	1443	653	1242	1378	1098	1085	1000	1199	1080	725	976	941
Stc1_+_69029472.23-P1P2	Stc1	687	1442	1358	1874	1774	1652	1432	1507	1173	1637	2023	1860	1595	1568	1100	1349	1010	956	949	935	1067	992	1636	1547
Itm2b_-_73385239.23-P1	Itm2b_P1	482	1229	1143	1596	1232	1378	1172	1327	1061	1329	1747	1323	1893	619	985	1255	1113	928	936	1025	997	973	1293	1328
Nox1_+_134111728.23-P1P2	Nox1	115	349	421	710	784	567	318	381	355	805	400	639	933	251	401	419	325	363	313	293	302	387	372	508
Mgst1_+_138140594.23-P1P2	Mgst1	409	987	916	1315	1313	1333	982	1084	836	1416	1548	1387	1301	1073	826	944	762	714	813	997	864	827	1127	1021
Psma5_+_108257404.23-P1P2	Psma5	203	613	591	871	896	896	559	580	557	887	601	977	1034	36	472	655	534	479	471	588	520	519	653	606
Cycs_+_50566532.23-P1P2	Cycs	388	1117	966	1391	1321	1163	1008	912	859	1058	1090	1416	1187	740	811	1016	773	817	793	1000	925	977	1028	1145
Calml3_-_3804226.23-P1P2	Calml3	501	1133	1046	1459	1475	1511	1362	1557	1232	1554	1469	1086	2097	1097	1076	1346	1092	945	999	1069	1154	1090	1443	1462
Pde4a_+_21165773.23-P2	Pde4a_P2	519	1246	1204	1636	1844	1745	1345	1511	1348	1752	1777	1820	988	713	1190	1253	1086	1144	1023	1159	1202	1160	1335	1388
Bcl2l1_-_152831668.23-P2	Bcl2l1_P2	694	1650	1701	2719	2378	2376	2028	1959	1601	2952	1870	2278	2392	2479	1644	1900	1533	1443	1432	1607	1630	1759	2142	1991
Clec16a_-_10545443.23-P1P2	Clec16a	645	1469	1116	1805	1928	1887	1530	1475	1180	2218	1708	1545	2499	1245	1321	1407	1302	1261	1124	1361	1290	1281	1741	1557
Aplp1_+_30445520.23-P1P2	Aplp1	766	1290	1159	1931	1557	1739	1392	1604	1048	2268	1308	1847	1695	230	1312	1232	1139	1131	1015	1120	1128	1149	1601	1356
Canx_-_50325574.23-P1P2	Canx	572	1529	1273	1709	2301	1868	1616	1441	1449	2832	1744	2172	2143	1576	1161	1549	1206	1082	1105	1167	1271	1119	1638	1764
Akt1_+_112674177.23-P1P2	Akt1	433	1471	1477	2164	1833	1904	1705	1672	1471	2758	2207	1901	2096	1618	1384	1707	1204	1401	1245	1192	1496	1356	1710	1683
Actr1b_-_36709913.23-P1P2	Actr1b	317	881	759	1070	1384	1173	1037	1086	932	1780	1416	1348	1568	1142	808	923	963	722	643	877	897	838	1140	1068
Cox7c_-_86046450.23-P1P2	Cox7c	465	1239	1048	1654	1543	1601	1421	1858	1158	1580	1728	1378	1367	1340	1128	1472	1229	989	999	1094	1168	999	1302	1230
Gigyf2_+_87327075.23-P1P2	Gigyf2	581	1232	1376	1921	1778	1612	1633	1177	1220	2640	1881	1433	2191	1559	1299	1404	1087	1122	1050	1204	1171	1141	1552	1691
Eef2_-_81176779.23-P1	Eef2_P1	699	689	803	1135	1064	633	454	398	372	176	233	327	501	14	311	235	215	200	235	316	353	193	267	257
Ube2g2_+_77622666.23-P1P2	Ube2g2	443	932	945	1354	1327	1109	1088	1025	988	1517	1123	842	1435	1235	786	901	869	798	750	975	800	943	992	927
Capn2_-_182517391.23-P1P2	Capn2	383	880	1044	1530	1508	1435	1363	1189	921	1682	1655	1634	1372	1349	1025	1158	914	753	807	908	1049	1036	1085	1031
Trp73_+_154139871.23-P1	Trp73_P1	443	1742	1713	2244	2000	2114	1700	1746	1582	2448	1858	2122	2320	2038	1448	1802	1389	1416	1323	1638	1530	1580	1898	1942
Ift57_+_49699538.23-P1P2	Ift57	458	1209	1142	1802	1747	1632	1383	1383	1073	1699	1295	2136	1687	1229	1162	1283	1120	935	884	1058	1233	1097	1431	1298
Eif4g2_-_111081593.23-P2	Eif4g2_P2	244	560	480	717	654	608	472	705	473	1191	907	469	570	1163	486	513	472	313	379	384	463	331	545	454
Vdac1_-_52361298.23-P1P2	Vdac1	553	1197	980	1670	1490	1553	1060	1329	983	1854	1051	1427	1557	916	976	1184	951	881	832	1009	967	970	1244	1241
Map1b_+_99516521.23-P1P2	Map1b	463	1042	1054	1319	1496	1283	1075	1250	949	1226	856	1581	1241	615	943	1032	833	724	706	870	764	940	1110	1089
Unc5c_+_141465626.23-P1P2	Unc5c	505	1624	1290	2078	1685	1855	1423	1663	1224	2069	1854	2075	2283	1677	1282	1488	1154	1093	1109	1125	1193	1382	1785	1446
Ppid_-_79591404.23-P1P2	Ppid	263	884	882	1313	935	1023	849	1120	597	1482	764	989	1336	377	733	906	611	793	663	696	738	834	1048	1057
Serpina3c_+_104153893.23-P1P2	Serpina3c	418	1186	1157	1793	1472	1688	1277	1578	1014	1187	1401	2119	1754	1490	1083	1255	1019	1041	888	1112	1351	1010	1528	1485
Dvl2_+_70000656.23-P1P2	Dvl2	549	1003	1227	1616	1496	1557	994	1238	765	1833	1495	1310	1459	183	1081	1184	924	942	967	1106	1099	1057	1188	1556
Slc1a2_-_102706517.23-ENSMUST00000111212.1	Slc1a2	330	824	745	927	906	1042	808	896	740	1439	1110	752	1567	60	730	941	758	740	645	691	701	736	952	769
Dtymk_-_93801843.23-P1P2	Dtymk	313	1006	726	1367	1321	1114	895	977	759	1635	1072	1241	1192	353	798	794	700	625	662	833	865	564	820	926
Ampd2_-_108086592.23-P1	Ampd2_P1	548	1665	1133	2273	1713	1982	1623	1826	1297	1454	1321	1765	2624	1383	1404	1748	1423	1307	1279	1496	1503	1301	1816	1748
Gtf2h1_-_46796151.23-P1P2	Gtf2h1	284	815	1005	1201	1014	976	705	868	648	582	640	1204	1098	194	589	732	551	572	421	539	563	548	694	752
Serpina3n_-_104406769.23-P1P2	Serpina3n	403	958	1120	1747	1531	1697	1496	1563	1098	1637	1234	1502	1292	732	1172	1187	1012	888	907	1000	1124	1036	1299	1308
Vamp2_+_69088577.23-P1P2	Vamp2	565	1765	1634	2039	2164	2029	1725	1774	1392	2047	2009	2229	1945	1659	1417	1561	1471	1304	1140	1274	1447	1384	1656	1540
Sptlc3_+_139494198.23-P1P2	Sptlc3	728	1388	1078	2045	1767	1744	1529	1561	1553	2276	2113	1414	1559	901	1351	1487	1303	1133	1179	1187	1413	1230	1730	1657
Crebbp_+_4212966.23-P1P2	Crebbp	611	1246	1361	1981	1854	1526	1331	1526	1149	1921	1576	2724	1371	1534	1205	1352	1125	888	1062	1200	953	1207	1576	1500
S100a10_+_93555235.23-P1P2	S100a10	552	1828	1607	2008	2045	2122	1832	1507	1310	1849	1585	2007	1793	1444	1440	1608	1336	1441	1142	1248	1465	1279	1798	1772
Cwf19l1_-_44135791.23-P1P2	Cwf19l1	561	1112	1111	1518	1233	1457	1224	1420	988	1080	1241	1445	1632	1939	1070	1190	983	866	875	767	962	923	1248	1112
Setx_+_29125161.23-P1P2	Setx	530	1589	1585	2151	1936	2026	1759	1834	1279	2378	2175	1768	2354	1679	1568	1655	1409	1331	1214	1338	1483	1499	1818	1555
H2-M10.2_-_36286275.23-ENSMUST00000023845.6	H2-M10.2	353	922	1059	1412	1343	1308	1055	1332	1171	1730	1055	1386	1938	625	981	979	983	852	846	935	1017	858	1066	1165
Ache_+_137288361.23-P1P2	Ache	534	1110	1098	1884	1629	1555	1322	1417	1086	1821	1796	1558	2092	1733	1190	1433	1035	949	999	1064	1213	1163	1316	1505
Pde8b_-_95250302.23-P1	Pde8b_P1	552	1359	919	1838	1443	1618	1417	1572	1184	2146	1711	1684	2145	1437	1123	1176	1104	1020	978	1047	1092	1105	1227	1492
Hspa5_+_34772177.23-P1P2	Hspa5	485	1033	1018	1555	1540	1279	969	781	677	2202	894	1036	1473	898	730	746	684	502	549	674	748	422	857	658
Padi2_-_140924346.23-P2	Padi2_P2	571	1186	1188	1761	1501	1689	1227	1682	1070	1060	1328	1166	1661	1756	1058	1352	1040	1074	882	999	972	1081	1241	1293
Hsf1_-_76477449.23-P1P2	Hsf1	446	779	702	1092	1054	973	755	853	634	1140	1011	623	879	917	749	847	581	605	560	717	673	330	618	587
Esr1_+_4710170.23-P1P2	Esr1	579	1252	1055	1590	1538	1751	1341	1611	1213	2897	1146	1165	1765	1419	1234	1250	1182	1141	982	1297	1234	1165	1456	1413
Dnah3_-_120094953.23-P1P2	Dnah3	325	1144	1132	1345	1336	1424	1303	1235	1073	1489	1762	1804	1278	546	1022	1307	1067	832	862	1032	1011	1147	1290	1521
Zfp78_-_6363375.23-P1P2	Zfp78	351	836	825	1127	921	1037	933	873	717	1161	756	997	917	838	779	880	783	612	679	742	823	817	1093	942
Zfyve1_+_83596991.23-P1P2	Zfyve1	622	1628	1227	1877	1917	1771	1598	1668	1171	2613	1857	2329	1743	1271	1470	1625	1232	1299	976	1215	1089	1143	1547	1543
Dbn1_-_55488009.23-P1P2	Dbn1	289	1067	948	1783	1378	1332	1072	1198	1193	2055	1368	1373	1494	1792	963	1101	1011	845	763	881	953	961	1294	1238
Stxbp5l_+_37384917.23-P1P2	Stxbp5l	445	1583	1137	1805	1415	1624	1438	1489	1333	2076	1575	1984	2253	972	1318	1338	1178	1003	1150	973	1165	1222	1580	1494
Fam168b_+_34842926.23-P1P2	Fam168b	383	1108	1152	1682	1327	1473	1403	1006	1145	1714	1188	1686	1670	1650	1146	1232	1017	943	857	953	1029	978	1198	1393
Dnmt1_-_20952768.23-P1P2	Dnmt1	310	984	903	1339	987	1221	768	1060	743	1397	1219	1788	1131	657	848	1016	775	828	697	855	869	838	1157	1039
Cox6a2_-_128206307.23-P1P2	Cox6a2	177	690	509	1115	879	822	677	638	603	1224	388	1111	929	812	657	726	562	601	501	627	540	557	703	738
Ndufs4_+_114388008.23-P1P2	Ndufs4	215	740	806	1108	857	905	888	849	578	1067	655	960	755	1129	764	899	689	576	538	611	714	727	836	846
Ttpa_+_20008490.23-P1P2	Ttpa	609	1509	1384	2217	2378	2021	2022	1743	1446	1949	1901	1634	2815	370	1555	1482	1508	1246	1261	1722	1363	1358	1719	1709
Ccr2_+_124102146.23-P1P2	Ccr2	555	1482	1414	2158	1436	1744	1673	1704	1044	2348	1532	2195	2965	2721	1314	1477	1320	1283	1012	1214	1378	1292	1599	1563
Csf2_+_54249613.23-P1P2	Csf2	251	610	653	1163	1394	1097	918	1085	723	1667	1172	962	1478	1277	701	864	584	627	594	734	737	659	893	923
Ano10_+_122294194.23-P1P2	Ano10	438	827	994	1415	1213	1142	1181	903	793	1428	1363	1123	1524	840	976	918	826	878	690	879	818	990	1087	1297
Serpina1e_-_103956471.23-P1	Serpina1e_P1	347	1166	974	1626	1802	1479	1405	1463	1129	1951	1218	1687	1152	568	1198	1083	1131	907	858	1114	1176	1026	1454	1218
2810006K23Rik_+_124328190.23-P1P2	2810006K23Rik	224	744	609	1122	986	956	978	1043	791	1158	789	1234	1098	1047	634	846	591	629	622	655	812	801	944	954
Ndufb2_+_39592646.23-P1P2	Ndufb2	385	1338	1095	1903	1589	1858	1382	1735	1260	2041	1292	1627	1909	2138	1158	1336	1152	1143	1009	1235	1169	1255	1388	1188
Wnt5a_+_28505845.23-P1	Wnt5a_P1	551	1225	1326	1632	1446	1704	1397	1330	1095	1891	1558	2153	1870	1275	1158	1412	1125	1046	966	1244	1112	1169	1581	1388
Trip4_+_65908766.23-P2	Trip4_P2	385	868	814	1427	1078	1213	1248	909	819	1505	975	1288	1217	1020	770	903	736	896	684	741	893	822	1108	1061
Pla2g6_-_79328124.23-P1P2	Pla2g6	181	461	497	745	717	701	769	750	628	426	517	816	769	326	574	644	426	499	488	476	522	593	766	716
Ogg1_-_113327052.23-P1P2	Ogg1	816	2073	1819	3043	2334	2508	1785	1889	1701	2955	2118	2419	2759	936	1648	2058	1733	1611	1369	1684	1726	1734	2383	2162
Slc9a5_-_105348165.23-P1P2	Slc9a5	387	1011	946	1436	1402	1260	1038	1184	939	1093	1350	1007	1020	1050	724	1155	843	891	715	858	865	907	1283	1133
Ar_-_98149735.23-P1P2	Ar	398	863	716	1339	1019	1221	1008	1114	713	1799	1351	1350	1527	633	880	1104	828	695	689	812	877	773	1073	943
Cox6b1_+_30626021.23-P1P2	Cox6b1	540	1040	901	1574	2178	1574	1409	1220	1103	2094	1632	2154	1941	768	1124	1511	982	908	889	920	918	968	1279	1175
Slc52a3_-_151999938.23-P2	Slc52a3_P2	247	622	584	783	870	826	805	867	643	930	1037	1004	711	1315	550	653	586	560	529	590	620	702	900	772
P4hb_-_120572824.23-P1P2	P4hb	637	1359	1266	1972	1949	1650	1494	1588	1201	1742	1750	1519	1395	665	1303	1379	1131	1140	1016	1148	1088	1135	1607	1392
Sort1_-_108284156.23-P1P2	Sort1	746	1850	1622	2188	2308	2138	1856	2024	1431	2676	2112	2554	2729	1729	1511	1909	1501	1432	1360	1532	1543	1663	2158	2028
Cacna1g_+_94474027.23-P1P2	Cacna1g	290	592	634	641	542	659	515	676	455	589	499	645	930	380	426	445	496	354	397	446	586	459	579	590
Uba1_+_20658469.23-P2	Uba1_P2	407	1181	888	1476	988	1179	1115	1075	877	1693	1365	1779	1941	1150	903	1115	828	932	731	839	893	670	1231	1329
Kif5a_+_127263083.23-P1P2	Kif5a	598	1457	1505	2208	2171	1871	1645	1834	1375	2879	1489	2511	2332	1500	1628	1688	1291	1217	1175	1420	1380	1305	1778	1981
Nrtn_-_56757097.23-P1P2	Nrtn	424	1289	1210	1916	1461	1506	1192	1356	1091	2375	1286	1707	1670	774	1091	1196	1208	1012	883	1141	1215	1243	1329	1352
Sacs_-_61173039.23-P1P2	Sacs	406	628	838	1140	1095	1089	849	1004	668	1014	1302	1244	1212	927	740	856	772	661	664	706	742	797	909	1065
Emc1_-_139352655.23-P1P2	Emc1	704	2196	1892	2681	2501	2484	2169	1785	1793	3602	2150	2676	2658	2011	1438	1884	1427	1437	1407	1607	1486	1042	1508	1411
Cav1_+_17307777.23-P1	Cav1_P1	500	1340	1081	1695	1471	1764	1216	1489	1100	2165	1680	1874	2295	2669	1260	1288	1122	1113	953	1092	1154	1052	1461	1394
Coch_+_51593370.23-P1P2	Coch	335	744	679	1152	981	1066	845	884	713	838	859	1310	873	487	668	786	777	705	555	735	686	652	988	951
Tfeb_-_47737113.23-P1P2	Tfeb	359	1098	1049	1359	1674	1324	923	1327	811	1280	1318	1558	2557	449	929	1157	944	748	892	966	884	925	1164	1143
Erbb4_+_69108533.23-P1P2	Erbb4	333	986	891	1217	1205	1238	1057	1081	940	1305	1136	1074	1101	1017	951	1037	826	909	700	838	868	1009	1278	1154
Vps13c_+_67840467.23-P1P2	Vps13c	325	629	792	870	713	956	692	672	711	813	921	844	1211	894	622	671	596	536	556	653	635	621	801	851
Gsn_+_35256366.23-P1	Gsn_P1	445	1391	1103	1637	1532	1409	1119	1154	1129	1753	1573	1538	1758	1113	1034	1295	890	906	897	934	947	1094	1319	1505
Mgst3_+_167393739.23-P1P2	Mgst3	486	1480	1264	1869	1395	1686	1536	1649	1369	1990	1831	1278	2087	1053	1081	1383	1261	1136	1014	1173	1277	1332	1601	1474
Txn2_-_77928928.23-P1	Txn2_P1	440	1054	982	1453	1624	1407	1514	1162	1044	2224	1659	1154	1127	1099	1005	1316	980	937	917	656	943	790	1096	1224
Clcn2_+_20716077.23-P1	Clcn2_P1	303	848	874	1304	1312	1114	994	1287	890	1013	1295	904	1566	756	850	1079	932	837	775	869	908	953	1100	1030
Nalcn_-_123627071.23-P1P2	Nalcn	523	1142	1253	1822	1961	1645	1306	1434	936	2560	1947	1758	1674	524	1067	1273	1113	986	964	1162	1033	1012	1403	1411
Stxbp1_-_32846950.23-P1P2	Stxbp1	560	1220	1349	1901	1657	1630	1148	1202	917	1467	952	1179	1267	1324	951	1078	924	792	736	736	892	782	1143	970
Exoc2_+_30974040.23-P1P2	Exoc2	275	1152	949	1309	1446	1069	1099	1072	756	1749	907	1375	1320	845	805	766	713	733	612	695	811	607	606	683
Hdac6_+_7947738.23-P1P2	Hdac6	718	1942	1942	2581	2247	2329	1991	1993	1569	2171	1516	2154	1624	1087	1800	2013	1431	1684	1320	1427	1699	1595	2038	2021
Cav1_-_17306479.23-P2	Cav1_P2	463	1002	998	1612	1509	1444	1117	1487	982	2251	1598	1798	1659	571	1110	1194	996	944	881	1197	1001	1042	1340	1401
Nos2_+_78920860.23-P1P2	Nos2	897	1952	1628	2664	2400	2489	1776	2211	1745	2907	2261	2363	2856	411	1711	1939	1597	1417	1453	1524	1729	1538	2026	2195
Slc5a7_-_54298677.23-P1P2	Slc5a7	352	1170	912	1489	1749	1388	1103	1386	1024	1599	1292	1246	1459	1026	847	1143	868	813	816	968	1023	1055	1154	1208
Slc8a3_-_81333170.23-P1P2	Slc8a3	344	895	890	1324	1532	1220	1089	985	930	1062	612	877	1496	1252	874	949	888	830	709	825	871	890	1109	1193
Ephb2_-_136835777.23-P1P2	Ephb2	587	1089	1233	1745	1252	1510	1027	1268	946	1277	1464	1331	1223	433	945	1211	1052	1102	853	1028	912	833	1119	1309
Tbp_-_15499951.23-P1P2	Tbp	452	1599	1292	1895	1767	1737	1625	1202	1254	1743	1572	1234	1966	1254	1068	1368	1254	1091	985	1174	1262	1118	1441	1342
Eif2s1_-_78862084.23-P1P2	Eif2s1	358	1146	938	1330	1280	1234	1050	1178	854	1111	806	1684	938	729	864	851	746	837	624	822	806	714	1015	850
Slc12a6_+_112265910.23-P1P2	Slc12a6	338	687	681	1074	952	1016	1021	1111	895	1346	1289	981	711	756	813	820	742	567	632	674	778	687	890	1127
Ift57_-_49699511.23-P1P2	Ift57	264	981	903	1263	1077	1188	923	1047	819	1371	871	1517	1578	879	879	1021	786	759	652	863	974	783	1078	1021
Vps13a_+_16780886.23-P1P2	Vps13a	915	2168	1953	2953	2574	2508	1952	2368	2082	3899	2459	3389	3433	2845	1864	1904	1770	1828	1626	2035	2036	1508	2309	2558
Ntf5_-_45413732.23-P1P2	Ntf5	558	1055	964	1968	1201	1380	1202	1551	1047	1639	1321	1614	1908	1055	952	1177	1059	841	817	1036	1093	1157	1350	1362
Ifit3_+_34583508.23-P1P2	Ifit3	519	1303	956	1452	1578	1417	1151	1189	1134	2387	1250	1533	1354	401	1017	1272	938	967	849	1024	904	1070	1381	1400
Sigmar1_-_41741295.23-P1P2	Sigmar1	446	1513	1427	1832	1389	1701	1725	1614	1263	2579	1767	1437	2127	1094	1434	1449	1124	1182	1043	1275	1135	1207	1539	1664
Gpbp1_+_111489824.23-P1P2	Gpbp1	559	1096	999	2144	1667	1667	1455	1472	1295	2120	1700	1518	2281	1763	1229	1407	1201	1060	887	989	1174	1159	1413	1498
Nlrp3_+_59542929.23-P2	Nlrp3_P2	382	1059	717	1213	1041	1225	1010	878	674	979	1259	1318	1289	579	796	1047	809	656	707	785	819	724	1142	954
Abhd16a_+_35089258.23-P1P2	Abhd16a	360	904	691	1135	1174	1043	876	861	863	1571	973	989	1246	1267	759	987	742	637	588	780	782	794	950	936
Kif20b_-_34922573.23-P1P2	Kif20b	420	961	1281	1785	1534	1519	1230	1277	1135	1775	1044	1960	2167	985	1137	1413	1008	915	946	973	966	1064	1328	1418
Timm8a1_-_134541824.23-P1P2	Timm8a1	715	1964	1954	2396	2291	2296	2084	2065	1824	2869	2505	2145	2749	1937	1629	2052	1571	1377	1267	1440	1547	1475	2102	2119
Spg11_+_122118350.23-P1P2	Spg11	289	995	870	1348	1076	938	879	895	682	957	859	1228	1282	1220	817	807	671	595	575	734	634	729	918	1019
Wnt7b_+_85577869.23-P2	Wnt7b_P2	261	734	399	1023	727	793	710	877	546	1222	803	1066	1187	944	661	723	662	539	577	494	625	607	743	726
Gria4_+_4796217.23-P1P2	Gria4	424	988	763	1235	1421	1199	1119	910	880	1675	1156	1673	1108	371	788	1071	882	752	734	818	823	802	1211	987
Trp73_-_154139623.23-P1	Trp73_P1	493	1253	1005	1539	1344	1504	1201	1347	1106	1707	1434	1428	1859	1810	1080	1198	898	988	951	910	1089	934	1415	1356
Bid_+_120916825.23-P1P2	Bid	722	1485	1435	1907	1967	2044	1794	1916	1370	2162	2176	2028	1798	2839	1468	1439	1295	1236	1131	1224	1355	1427	1906	1815
Wnt7a_+_91410943.23-P1P2	Wnt7a	439	1227	1148	2051	1880	1738	1326	1597	1174	2054	1960	2064	2008	2015	1241	1269	1278	1192	939	1167	1297	1346	1359	1486
Erbb4_+_69108529.23-P1P2	Erbb4	306	728	617	943	1056	901	819	620	689	749	789	1061	1192	641	632	715	629	551	508	543	712	731	855	907
Dnah5_+_28203806.23-P1P2	Dnah5	227	853	654	965	710	992	912	954	758	579	603	597	675	480	673	756	642	558	494	547	631	677	936	1021
Sdhb_+_140961450.23-P1P2	Sdhb	472	1105	1049	1643	1721	1487	1359	1328	961	1746	2068	1583	1787	749	816	1046	815	761	720	762	909	485	748	742
Hpx_-_105600060.23-P1P2	Hpx	678	1940	1472	2261	2471	2023	1680	1692	1309	3211	1757	2404	1981	943	1495	1738	1371	1421	1347	1459	1438	1385	1904	2081
Sv2a_+_96181243.23-P1P2	Sv2a	327	790	629	729	721	715	742	797	497	607	1071	1009	1111	972	500	646	521	481	605	608	655	604	776	815
Txn1_-_57956283.23-P1P2	Txn1	438	1203	941	1424	1448	1454	1211	1350	1057	1266	1111	1387	1234	1138	872	1187	881	1102	822	986	990	775	1232	1210
Bak1_+_27028554.23-P1P2	Bak1	336	717	745	1321	1013	1052	902	1147	764	956	1472	931	1365	644	828	868	820	586	685	908	770	739	921	1014
Pik3ca_+_32397663.23-P1P2	Pik3ca	307	780	647	1205	1132	1169	1058	1121	990	1849	1246	1133	1555	1214	848	1037	785	746	742	884	751	816	1078	911
Kcnh4_+_100759693.23-P1P2	Kcnh4	584	1457	1138	1958	1718	1667	1316	1668	1267	1496	1791	1508	2526	1902	1181	1512	1258	1105	1018	1150	1264	1335	1594	1556
Slc19a3_-_83038246.23-P1P2	Slc19a3	548	1462	1638	2062	2081	2002	1338	1740	1302	1873	1382	1498	2171	2526	1336	1602	1222	1158	1098	1305	1184	1396	1672	1744
Reps1_-_18055563.23-P1P2	Reps1	571	1456	1432	2068	2115	2305	1670	1687	1554	2566	2150	2556	2377	1174	1451	1754	1407	1454	1247	1303	1542	1471	1833	1692
Ctsb_-_63122501.23-P1P2	Ctsb	410	1023	922	1371	1293	1314	1010	1136	999	1018	1218	1263	842	1167	966	1220	988	882	702	810	894	800	1117	1072
Chp1_+_119547788.23-P1P2	Chp1	433	967	1101	1361	1393	1342	1137	978	889	1355	1187	1514	1047	1637	797	959	820	761	657	674	841	564	976	894
Letm1_-_33782702.23-P1P2	Letm1	195	607	742	976	796	770	693	616	583	596	646	752	417	363	403	490	379	365	349	366	384	167	389	360
Ncl_-_86359367.23-P1P2	Ncl	280	894	813	1716	1591	1320	1115	1389	867	1528	1088	1146	1367	510	951	1166	975	654	765	1009	979	867	1146	1000
Csf2_+_54249604.23-P1P2	Csf2	422	1158	1026	1693	1497	1700	1210	1701	1056	1393	1440	2134	2813	2026	1246	1414	1142	982	1068	1130	1067	1200	1291	1511
Elp3_+_65593023.23-P1P2	Elp3	415	677	854	1040	1252	857	773	783	554	1289	1168	1404	716	218	547	522	502	410	444	478	534	409	633	725
Sema6a_+_47368820.23-P1P2	Sema6a	756	1496	1761	2208	2065	2057	1961	1997	1491	1579	1815	2238	2577	1597	1669	1919	1465	1450	1254	1442	1514	1565	1873	1923
Sncaip_+_52768306.23-P1P2	Sncaip	520	1585	1382	1990	2170	1960	1587	1494	1416	1969	1578	2065	2155	1508	1306	1455	1181	1064	1129	1214	1444	1271	1727	1914
Pomc_-_3954959.23-P1P2	Pomc	179	494	422	955	1006	689	799	732	510	946	626	1055	863	399	506	552	574	507	485	434	471	379	693	652
Scyl1_+_5771338.23-P1P2	Scyl1	1101	3017	2941	4380	3961	3792	3395	3369	2561	4163	3602	4696	4700	2638	2717	3307	2670	2603	2214	2494	2690	2645	3360	3365
Fosb_+_19309978.23-P1P2	Fosb	590	1154	1155	1645	1398	1442	1004	1249	1020	2261	1230	1579	2325	988	1000	1211	940	820	848	988	1102	1071	1312	1221
Cln6_+_62838840.23-P1P2	Cln6	321	1663	1449	1822	1907	1913	1407	1758	1442	2581	2267	2106	1716	1255	1416	1449	1135	1290	1118	1062	1265	1158	1529	1467
Tbp_-_15499960.23-P1P2	Tbp	387	1244	1339	1766	1301	1531	1391	1362	1021	1460	1483	1597	1579	1422	1098	1176	1010	785	899	904	1107	882	1291	1245
Slc19a3_+_83038397.23-P1P2	Slc19a3	271	1312	963	1784	1739	1635	1183	1438	1255	1965	1644	1520	1826	1270	946	1308	1040	1014	874	1010	1074	1010	1500	1399
Sirt4_+_115484313.23-P1P2	Sirt4	762	1365	1675	2362	1838	2212	2010	2007	1572	1692	2019	1871	2190	1635	1591	1974	1568	1427	1216	1516	1481	1666	1956	1956
Ntrk1_-_87795148.23-P1P2	Ntrk1	480	1088	1042	1757	1947	1572	1334	1366	1115	1765	1023	1432	2229	841	909	1200	951	1024	898	938	956	1099	1398	1276
Fasl_-_161788140.23-P1P2	Fasl	323	1150	820	1718	1414	1344	1412	1225	1085	1840	1336	1490	1532	315	1058	1362	886	973	889	892	1034	1083	1219	1172
Serpina1c_-_103904946.23-P1P2	Serpina1c	562	1337	1454	1989	1817	1716	1155	1532	1009	1706	1035	1380	1945	648	924	1102	893	788	768	993	949	584	872	955
Ntrk2_+_58808112.23-P1P2	Ntrk2	340	1169	803	1628	1437	1257	1178	1137	900	1812	1141	1712	1335	67	888	989	833	819	793	901	880	795	1117	1242
Psma8_-_14706188.23-P1P2	Psma8	536	1193	1095	1694	1693	1530	1234	1469	1152	2480	1236	1861	1757	2022	1226	1400	1210	1011	999	1153	1030	1088	1452	1565
Apc_-_34247738.23-P2	Apc_P2	501	904	931	1403	1086	1271	1007	1175	895	1152	1130	1754	1195	1407	969	1119	859	950	828	923	918	910	1235	1124
Chchd2_+_129887432.23-P1P2	Chchd2	668	1412	1539	2287	1843	1894	1543	1658	1283	2988	1983	2360	2298	1623	1409	1686	1389	1345	1200	1374	1320	1232	1793	1942
Cav1_+_17307731.23-P1	Cav1_P1	380	1187	1082	1610	1342	1507	1285	1413	1079	1698	1800	1401	1590	1037	1174	1202	959	1008	822	964	1111	1203	1294	1284
Slc25a38_-_120114961.23-P2	Slc25a38_P2	433	926	1118	1743	1523	1421	1276	1436	1057	2103	914	1437	2296	336	1142	1200	900	782	899	893	1023	983	1286	1162
Cyp2d12_+_82555468.23-P1P2	Cyp2d12	344	617	715	1110	912	1061	802	859	683	1530	1073	1295	1391	1387	742	952	741	618	597	654	817	763	903	1058
Uqcr11_-_80406536.23-P1P2	Uqcr11	325	686	724	1166	718	1020	1020	990	753	1333	691	1222	1669	695	679	906	679	579	633	758	721	765	837	988
Gabpa_+_84835414.23-P1P2	Gabpa	428	1501	1418	2278	1626	1862	1543	1455	1312	2108	1921	2043	2511	2099	1412	1597	1208	1096	1158	1196	1411	1217	1596	1622
Tecpr2_+_110889305.23-P1P2	Tecpr2	413	1333	1322	2158	1564	1873	1487	1681	1363	3458	1750	2457	2845	184	1636	1450	1323	1116	1163	1223	1126	1368	1779	1699
Wfs1_+_36988893.23-P1P2	Wfs1	349	718	542	1044	1183	1028	864	910	757	1027	773	667	1240	1458	713	806	675	612	610	608	680	738	903	867
Crp_+_172698134.23-P1P2	Crp	486	1080	1049	1670	1272	1555	1122	1151	993	1697	1814	1504	1876	576	1018	1089	971	921	851	1026	1014	853	1202	1329
Rmdn1_-_19575283.23-P1P2	Rmdn1	297	927	905	1292	1447	1202	947	998	920	1244	863	1207	1175	865	1006	1123	751	809	651	811	859	935	1160	1030
Pick1_+_79229610.23-P1P2	Pick1	466	1326	1072	1576	1457	1412	1248	1345	1095	1823	1296	1327	2008	642	1158	1245	1089	940	901	1063	1080	1098	1136	1403
Pars2_-_106651161.23-P1P2	Pars2	661	2119	1703	2669	2505	2459	2084	2356	1558	2619	1948	2665	2933	1777	1382	1829	1330	1246	1230	1337	1524	497	772	484
Cyp2d40_-_82764179.23-P1P2	Cyp2d40	687	1798	1385	2035	1899	2241	1884	1665	1355	1855	1460	1861	2435	985	1338	1542	1147	1360	1120	1285	1111	1606	1709	1593
Gfap_-_102897097.23-P1P2	Gfap	343	781	858	1592	1213	1154	949	1053	881	1497	1243	1432	1072	205	785	918	801	570	645	874	659	905	1076	1037
Cdc42_-_137357632.23-P1P2	Cdc42	319	1020	798	1251	1405	1177	990	1117	790	1342	1508	1110	1739	334	745	958	757	911	686	725	819	845	1147	1148
Pten_-_32757878.23-P1P2	Pten	502	1386	1134	1807	1517	1468	1359	1645	1217	1392	1398	1212	1872	677	1073	1311	999	1005	939	992	1009	1163	1447	1190
Psma8_+_14706189.23-P1P2	Psma8	522	1513	1405	2148	1660	1930	1720	1808	1330	1531	1830	2038	2176	1186	1384	1478	1408	1299	1073	1223	1442	1342	1673	1688
Psmd14_-_61711784.23-P1P2	Psmd14	246	525	506	814	797	775	700	626	498	1002	696	1227	733	586	504	622	453	460	445	386	515	642	592	545
Ntrk1_-_87795151.23-P1P2	Ntrk1	464	1405	1140	1476	1935	1799	1443	1426	1190	2628	1905	1725	1868	1459	1198	1362	1127	1000	881	1168	1123	1289	1616	1379
Ntf5_-_45413735.23-P1P2	Ntf5	515	1268	1122	1538	1402	1504	1135	1329	876	1637	1567	1246	1476	1644	1056	1403	1067	1111	948	1142	1089	1275	1328	1522
Apex1_+_50924989.23-P1P2	Apex1	320	925	667	1376	953	991	633	790	574	1237	820	894	919	863	550	567	440	491	450	532	555	411	508	476
Cln8_-_14889037.23-P1P2	Cln8	244	792	795	792	1087	1005	755	874	776	1356	726	1165	1330	1081	638	807	657	602	663	698	699	584	869	821
Nfe2l2_-_75704481.23-P1P2	Nfe2l2	541	1046	875	1679	1213	1358	1359	1372	852	1680	1543	1685	1480	659	858	1027	943	776	865	823	986	852	1217	1271
Foxo1_+_52268499.23-P1P2	Foxo1	293	885	844	1309	1160	1232	952	909	659	1261	882	1389	1001	958	816	1026	783	754	717	695	815	728	1007	843
H2-M10.2_-_36286414.23-ENSMUST00000023845.6	H2-M10.2	428	1048	1060	1301	1381	1184	1356	1035	789	1591	1401	1560	1890	765	850	1138	836	851	771	866	998	782	998	1232
Map2k3_+_60932091.23-P1P2	Map2k3	557	1141	1211	2001	1893	1633	1441	1631	1033	1383	1896	1713	1829	362	1130	1416	1127	1000	845	1037	1026	1209	1629	1439
Cx3cl1_+_94772240.23-P1P2	Cx3cl1	494	1196	1396	2018	1686	1700	1362	1642	1099	1158	879	1150	1023	415	1131	1596	1040	992	934	1080	1060	1401	1417	1473
Tdp1_+_99884563.23-P1P2	Tdp1	379	1094	1093	1417	1278	1286	1113	1158	918	1517	1405	1430	1741	249	811	977	907	767	842	782	966	864	1294	1257
Fzd1_+_4757928.23-P1P2	Fzd1	289	616	705	875	857	918	782	668	569	556	951	639	947	362	639	781	598	607	462	612	526	710	568	712
Kcnh8_+_52602975.23-P1P2	Kcnh8	474	1217	1377	1490	1590	1748	1301	1525	1024	1753	1932	2131	1698	942	1171	1496	991	1108	992	1020	1132	1193	1431	1354
Ang5_+_43957021.23-P1P2	Ang5	434	1310	1350	1694	1296	1708	1590	1533	1322	2413	1331	1670	2397	611	1251	1272	1176	949	944	1149	1129	1393	1401	1314
Pnp2_-_50956196.23-P1P2	Pnp2	441	906	911	1543	1597	1289	978	1323	1050	1933	1364	1486	2175	1083	950	1040	963	917	799	961	874	819	1102	1102
Ngf_-_102470136.23-P1P2	Ngf	270	783	749	1011	1029	1084	913	857	701	1192	1006	954	959	940	808	871	696	620	559	688	743	568	919	836
Anxa11_-_25842224.23-P1P2	Anxa11	242	1252	1062	1368	1372	1294	1173	1284	926	1696	1157	1444	1588	1077	927	1272	869	832	808	900	933	1034	1228	1129
Ung_-_114131242.23-P1P2	Ung	200	690	749	943	955	1077	1060	1112	754	1006	1243	1449	908	939	678	988	617	689	631	823	766	657	915	862
Disc1_+_125054188.23-P1P2	Disc1	568	1294	1157	2233	1991	1947	1568	1642	1304	2101	1745	1531	1936	919	1283	1578	1288	1084	1221	1367	1279	1355	1672	1665
Ifng_-_118441123.23-P1P2	Ifng	327	1164	1076	1658	1498	1401	1143	1343	1055	2646	1589	1451	1561	322	1057	1264	1044	934	852	1015	971	945	1359	1289
Ppif_+_25694257.23-P1P2	Ppif	476	1390	1341	1753	1901	1757	1788	1751	1134	1905	1914	1960	2481	1585	1289	1449	1166	1110	1022	1148	1105	1293	1485	1546
non-targeting_03431	non-targeting	276	749	552	1291	1122	976	792	826	706	706	1207	1319	720	500	713	801	796	676	579	613	678	658	1071	916
Fggy_-_95579497.23-P2	Fggy_P2	543	1837	1546	2324	2643	2396	1885	1939	1765	2197	2399	2213	2517	2778	1637	2251	1505	1343	1356	1593	1395	1544	2205	1836
Sgsm3_-_80977817.23-P1P2	Sgsm3	477	1452	1584	1831	1881	1788	1318	1464	1261	1663	1588	1371	1690	1943	1410	1478	1171	1113	1155	1119	1210	1379	1589	1734
Sgk1_+_21994780.23-P1P2	Sgk1	169	946	1072	1242	1353	1160	968	914	997	1301	1235	1009	1449	661	778	1193	938	719	765	799	886	847	1086	961
Fzd3_-_65262235.23-P1P2	Fzd3	407	1233	845	1592	1502	1476	1263	1393	1073	1266	1587	1586	2046	871	1231	1236	986	1033	923	1119	1076	1146	1632	1424
Atxn1l_+_109737754.23-P1P2	Atxn1l	255	929	651	857	1106	968	777	843	735	1021	885	654	1663	548	735	866	693	633	702	654	714	683	947	927
Wnt9b_+_103749780.23-P1P2	Wnt9b	667	1441	1503	1963	1640	1901	1710	1746	1454	2053	1552	1411	2229	644	1370	1700	1224	1185	1119	1410	1262	1512	1881	1719
Rab5a_-_53479336.23-P1P2	Rab5a	440	1394	1146	1772	1284	1252	1098	882	834	1889	1232	1238	1485	954	814	908	711	534	528	720	711	638	990	745
Cdk6_+_3344013.23-P1P2	Cdk6	368	1410	1270	1474	1837	1502	1380	1305	1121	1952	1205	1946	2224	1503	1166	1439	1022	990	997	1042	1095	1130	1271	1482
Fam83e_-_45721269.23-P1P2	Fam83e	408	1058	792	1593	1432	1195	1047	1235	872	1250	1032	1445	1586	1626	904	913	960	909	767	950	915	951	1125	1202
Dlg4_+_70018459.23-P1	Dlg4_P1	179	625	835	900	702	778	592	857	464	1572	775	1027	1051	699	555	620	439	493	442	443	476	434	726	662
Iba57_-_59163734.23-P1P2	Iba57	507	1354	1348	1949	1777	1539	1530	1652	1247	1993	1829	1721	1928	1375	1127	1481	1320	1017	1014	1223	1240	1090	1181	1134
Ccs_+_4839263.23-P1P2	Ccs	435	1027	1018	1627	1285	1551	1436	1344	1128	1637	1281	969	1199	876	1029	1154	1000	1136	847	959	1068	1110	1345	1338
Serpinf1_+_75422489.23-P1P2	Serpinf1	461	1352	1018	1856	1670	1690	1495	1397	1145	2272	2137	1555	2065	1836	1277	1424	1256	923	1098	1238	1258	1228	1615	1463
Nars2_+_96951838.23-P1P2	Nars2	350	1031	1124	1487	1260	1355	943	1249	891	1726	868	1295	1275	535	771	933	680	817	594	735	625	388	546	490
Cox5b_-_36691805.23-P1P2	Cox5b	582	1360	1140	1932	1558	1777	1569	1477	1222	1704	1780	1994	2107	530	1273	1316	1199	1166	1067	1134	1291	1089	1483	1487
Ptbp2_+_119783196.23-P1P2	Ptbp2	456	1186	1221	1345	1591	1495	1252	1375	980	1610	1197	1155	1712	1133	1061	1243	975	905	856	948	963	728	1009	1200
Ins1_+_52264525.23-P1P2	Ins1	401	1053	787	1225	1233	1284	1128	1132	899	1292	1019	1385	1193	359	902	1028	770	749	753	851	876	888	1060	956
Adcyap1_+_93199228.23-P1P2	Adcyap1	299	990	911	1687	1132	1357	1100	1177	922	1786	1364	1553	1056	917	935	940	980	937	834	858	850	924	1241	940
Acan_+_79053303.23-P1P2	Acan	441	1348	1588	1916	1775	2111	1472	1637	1462	1942	2276	2262	2357	1503	1355	1504	1319	1178	1304	1172	1380	1138	1600	1644
Hspa14_+_3512724.23-P1P2	Hspa14	839	1937	1945	2712	2336	2416	2408	2132	1828	2484	2423	2478	2460	1797	1715	1990	1691	1578	1371	1757	1585	1567	1866	1949
Ndufab1_+_122101549.23-P1P2	Ndufab1	693	1326	1014	1874	1965	1641	1312	1526	1226	864	1531	2025	2607	1761	1224	1303	1176	1108	998	1113	1237	1141	1401	1513
Dbh_+_27165553.23-P1P2	Dbh	601	1459	1651	1914	1946	1959	1693	1774	1378	2289	2113	2334	2218	1508	1468	1639	1196	1295	1217	1282	1331	1342	1932	1692
Pik3r4_+_105643021.23-P1P2	Pik3r4	533	1479	1468	1999	1912	1959	1385	1562	1016	1282	1606	1415	1795	553	1130	1387	1172	838	954	1018	1221	741	1224	1149
Ar_-_98149759.23-P1P2	Ar	506	1128	1129	1598	1530	1614	1240	1564	1177	2537	1787	2094	2049	781	1067	1336	1100	1143	911	992	1159	1118	1421	1430
Grm5_+_87584443.23-P1P2	Grm5	195	578	350	630	353	392	434	392	216	782	388	370	262	361	324	329	288	336	256	262	305	366	543	393
Map2k6_+_110399158.23-P1P2	Map2k6	373	1097	890	1587	1321	1537	1327	1477	995	1689	1377	1652	1509	1674	980	1404	1165	1012	878	1099	1111	1107	1512	1438
Kdm1a_+_136602669.23-P1P2	Kdm1a	658	1719	1750	2447	2397	2295	1916	2043	1757	3432	2256	2552	2290	1160	1582	1977	1687	1514	1447	1643	1775	1611	2035	2343
Pde4d_-_109953891.23-P1P2	Pde4d	881	2387	2287	3877	2448	3412	2652	3362	1955	3994	4272	4161	4324	1404	2174	2485	1493	1811	1867	1719	2035	2029	2716	2639
Glb1_+_114401203.23-P1P2	Glb1	481	1228	1336	2170	1980	2080	1382	1467	1286	1930	1950	2101	2451	1146	1431	1715	1234	1057	1158	1299	1275	1557	1816	1904
Fos_-_85473935.23-P1P2	Fos	387	1795	1467	2399	1722	1852	1642	1594	1170	1852	1436	2045	1678	1061	1422	1722	1325	1222	1195	1254	1314	1336	1656	1541
Ccs_+_4839258.23-P1P2	Ccs	646	1622	1495	2294	1804	1885	1587	1639	1504	2550	2307	1604	1735	801	1472	1693	1345	1265	1111	1225	1352	1240	1721	1747
Prkcb_+_122289719.23-P1P2	Prkcb	323	709	581	1337	1042	1069	789	888	755	1670	1245	1242	879	219	780	826	724	704	673	671	705	629	996	884
Eif2b1_+_124579009.23-P1P2	Eif2b1	302	1169	890	1669	1654	1405	828	1151	992	1348	1259	1782	1270	963	921	1197	985	779	761	917	915	965	1221	1120
Apex2_+_150587891.23-P1P2	Apex2	568	982	649	1166	762	1105	948	1174	840	929	1084	1163	1405	698	807	882	744	720	590	703	750	641	775	873
Il1b_-_129371093.23-P1P2	Il1b	347	923	1159	1780	1304	1453	1084	1189	1060	1440	1459	1335	1309	1042	988	1065	896	742	783	1052	1025	825	1172	1177
Pkd2_+_104459634.23-P1P2	Pkd2	275	907	821	1249	893	1107	937	1082	726	1390	1064	1451	1611	426	671	897	771	647	690	677	672	914	1018	1128
Cdk5r1_-_80477254.23-P1P2	Cdk5r1	601	1841	1327	1719	2390	1947	1577	1753	1211	2276	1730	1746	2685	1603	1360	1510	1280	1309	1198	1215	1339	1454	1665	1852
Cav2_-_17281381.23-P1P2	Cav2	447	1103	855	1582	1283	1246	1184	1272	1032	466	343	448	739	297	897	1196	816	866	899	913	954	831	1005	1096
Wars2_-_99141162.23-P1P2	Wars2	671	1456	1250	1950	2080	1601	1333	1676	1414	1966	1828	1771	1920	1328	1188	1551	1127	1044	1019	1120	1315	912	1346	1362
Psma7_-_180042350.23-P1P2	Psma7	321	658	784	1050	922	894	936	710	679	1350	981	1153	1023	94	734	608	605	563	512	662	579	585	835	696
Cyc1_+_76343589.23-P1P2	Cyc1	227	794	639	1117	977	877	702	837	541	843	883	820	1419	799	662	803	688	538	467	604	560	497	662	731
Bscl2_+_8837584.23-P2	Bscl2_P2	539	1281	1352	1495	1421	1514	1445	1549	937	1139	1417	1317	1717	1493	1017	1161	1029	849	834	965	1132	995	1374	1261
Kif1b_+_149307680.23-P1P2	Kif1b	423	1137	1138	1600	1484	1388	1076	1358	876	1549	1649	631	2034	1380	984	1154	1022	920	943	1122	994	921	1232	1182
Chmp2b_-_65562578.23-P1P2	Chmp2b	219	958	942	1385	1188	1203	940	1067	831	1524	1020	1882	1844	1548	803	841	852	870	692	893	953	877	951	1059
Map2_-_66322012.23-P2	Map2_P2	442	1268	1083	1981	1608	1535	1114	1405	1185	2032	1372	2300	1298	458	940	1271	967	871	828	954	999	1045	1446	1306
Cp_-_19957635.23-P1P2	Cp	482	1245	1311	1987	1833	1885	1900	1654	1497	2291	1632	2052	1785	767	1502	1587	1248	1236	1082	1377	1324	1379	1626	1681
Camk2g_-_20794006.23-P1P2	Camk2g	345	800	722	991	841	819	686	738	645	701	841	959	1302	1259	593	781	614	629	551	645	671	649	832	962
Ang_-_51091172.23-P2	Ang_P2	199	557	379	752	668	766	547	652	436	960	687	999	492	218	479	458	483	429	403	372	582	511	568	613
Serpina3b_+_104128470.23-P1P2	Serpina3b	300	846	883	1300	1240	1276	963	1133	877	1290	730	1385	1558	644	937	980	941	732	661	807	1046	733	1132	1030
Snx14_-_88438876.23-P1P2	Snx14	480	1324	1116	1801	1577	1636	1168	1395	1133	2059	1458	1651	1263	1114	1095	1149	970	889	976	1037	1066	1165	1453	1404
Scn11a_+_119825404.23-P1P2	Scn11a	478	1316	1041	1708	1700	1450	1199	1370	1210	1789	1380	1364	1771	985	1033	1479	1213	992	814	1022	955	1113	1406	1486
Ubap1_-_41349061.23-P1P2	Ubap1	528	1294	1211	1823	1849	1613	1150	1155	860	2490	1192	1588	1983	453	941	930	860	701	762	860	881	823	1063	1009
Casp8_+_58795442.23-P1P2	Casp8	905	2461	2040	3295	3110	3046	2127	2430	1972	3500	2634	2750	2917	2363	2072	2466	1964	1932	1725	1916	2027	2179	2509	2691
Phpt1_-_25574827.23-P1P2	Phpt1	349	1246	997	1674	1466	1462	1157	1430	847	1381	930	1645	1851	240	983	1127	978	931	762	786	1008	960	1142	1197
Psmb5_+_54617674.23-P1P2	Psmb5	38	38	75	84	63	74	11	39	22	80	126	4	5	2	55	53	53	32	38	30	56	27	57	47
Lingo1_+_56635639.23-P1P2	Lingo1	574	1816	1290	1923	1617	1853	1379	1394	1354	2203	1753	1380	2091	1137	1443	1391	1280	1064	1201	1264	1273	1226	1571	1778
Ucp2_+_100493406.23-P1	Ucp2_P1	769	1735	1549	2349	2089	2438	2204	1881	1679	2404	2020	1802	2429	1247	1635	1814	1413	1435	1399	1746	1580	1512	2057	2034
Slc25a31_-_40709108.23-P1P2	Slc25a31	501	1440	1407	1707	1578	1824	1505	1643	1290	2415	1774	2324	2347	1294	1256	1536	1151	1149	1162	1260	1294	1204	1891	1576
Arhgef5_+_43265693.23-P1P2	Arhgef5	610	1559	1191	1972	2104	1858	1700	1659	1491	2789	1728	1843	2730	1755	1337	1636	1389	1338	1201	1373	1276	1449	1412	1587
Slc6a3_+_73536913.23-P1P2	Slc6a3	481	1021	876	1230	1210	1329	955	1252	877	936	763	1635	1792	677	888	1069	909	757	739	766	886	832	1187	1196
Psmb1_+_15498231.23-P1P2	Psmb1	170	384	498	479	389	540	435	392	467	399	601	321	593	192	338	494	302	325	264	277	263	227	389	248
non-targeting_02365	non-targeting	568	1398	1478	1888	1909	2010	1667	1755	1303	1938	1694	1685	2762	1307	1296	1414	1360	1206	1049	1154	1341	1372	1699	1698
Bhlhb9_-_135886118.23-P1P2	Bhlhb9	87	439	383	703	689	599	330	413	295	615	585	542	502	349	311	450	314	259	290	305	392	322	425	454
Txnip_+_96557967.23-P1P2	Txnip	190	901	905	1258	1244	1210	1030	1076	883	1277	1520	1070	1051	1150	712	912	743	678	684	793	904	867	1120	960
Cd8a_+_71373481.23-P1P2	Cd8a	272	781	821	1378	1156	1228	1154	1009	810	1860	770	1027	1640	1221	757	1095	747	768	731	805	883	788	1024	1136
Tmed9_-_55593176.23-P1P2	Tmed9	612	1482	1504	2165	2352	2341	2132	1767	1648	2777	2372	2485	2107	1085	1639	1973	1885	1258	1391	1579	1560	1749	2178	2018
Trp73_+_154139794.23-P1	Trp73_P1	474	835	1013	1423	1589	1322	1243	1237	923	2039	1472	1429	2031	845	866	1215	784	915	816	982	1067	840	1136	1339
Psmb2_-_126677707.23-P1P2	Psmb2	521	1450	1533	1957	1552	1504	1104	1167	830	1655	1827	1639	627	1587	906	920	739	452	687	669	819	538	870	733
Clcn7_+_25133432.23-P1P2	Clcn7	564	1284	1009	1633	1717	1502	743	1226	844	1843	950	1319	1186	1282	844	870	810	725	594	728	773	548	746	608
Atp6ap2_+_12587873.23-P1P2	Atp6ap2	779	1491	1418	2370	1928	1923	1337	1758	1469	2383	1561	2288	1890	1797	1218	1428	1178	1052	1168	1396	1368	1128	1665	1469
Chmp2b_+_65562673.23-P1P2	Chmp2b	648	1356	1156	1918	1591	1641	1566	1654	1127	2261	1289	1909	1834	1488	1213	1430	987	1017	958	1282	1127	1218	1437	1379
Slc2a1_-_119108781.23-P1P2	Slc2a1	300	922	781	1197	1072	1227	1080	1198	910	1307	1782	1053	1155	21	845	895	669	783	662	772	781	851	1297	1128
Jund_-_70699314.23-P1P2	Jund	464	1164	1247	1877	1600	1574	1305	1403	1139	1839	1945	2019	2156	691	1085	1232	1077	1235	1076	1108	1097	1167	1528	1380
Ywhaz_-_36793615.23-P1P2	Ywhaz	567	1076	1054	1545	1219	1320	1008	1292	985	1698	1289	1524	1560	1269	936	1131	952	916	693	842	886	1005	1093	1057
Psma7_-_180042356.23-P1P2	Psma7	347	663	557	1403	1268	1081	645	936	636	734	794	782	960	671	570	676	463	486	497	484	652	465	662	748
Ucp2_+_100498224.23-P2	Ucp2_P2	617	1781	1376	2023	1804	1977	1702	1587	1268	2525	1916	2387	1860	1901	1295	1456	1155	1239	1120	1206	1330	1165	1706	1546
Psma4_+_54950897.23-P1P2	Psma4	385	1000	958	1514	1413	1367	936	1074	850	1498	1752	1832	2123	1826	811	1001	796	808	759	881	815	777	1166	986
Mapk9_-_49846815.23-P1P2	Mapk9	413	788	612	1092	893	1196	941	1126	738	1404	1208	986	1509	260	698	962	730	595	647	703	867	849	948	1031
Dnajb1_-_83608281.23-P1P2	Dnajb1	267	811	864	1297	1209	1174	1135	1150	838	1255	1191	1449	1530	983	876	1143	836	738	740	817	880	710	1221	1239
Nudt1_-_140331964.23-P1P2	Nudt1	385	1153	794	1462	1358	1221	1148	1287	909	1953	1410	1241	1072	740	869	1014	842	881	768	963	942	865	1116	1198
Map3k11_-_5689824.23-P1	Map3k11_P1	323	963	1027	1378	1385	1192	919	1055	762	1668	1502	1160	1227	975	868	914	680	778	611	764	830	724	1042	904
Eif2s1_-_78862044.23-P1P2	Eif2s1	767	1979	2041	2829	2617	2714	2134	2344	1765	2905	2622	2730	3647	1838	1888	2039	1749	1647	1433	1720	1772	1805	2414	2161
Uba7_+_107983080.23-P2	Uba7_P2	461	919	761	1493	1237	1312	1270	1178	977	1579	663	1317	1841	38	997	1150	952	900	849	866	888	788	1159	1029
Slc5a7_-_54298713.23-P1P2	Slc5a7	322	1138	1139	1589	1534	1295	1223	1077	974	1810	1394	1707	1771	866	919	1175	934	874	812	804	983	953	1211	1140
Keap1_-_21239239.23-P1P2	Keap1	714	1585	1154	2054	1683	1757	1276	1491	1184	2495	1693	2321	2201	2203	1132	1427	1265	1242	1082	1179	1168	1262	1671	1682
Glrx_+_75840028.23-P1P2	Glrx	514	1431	1062	2146	2165	1775	1452	1771	1238	1868	1350	1854	2067	1703	1214	1577	1320	1095	1077	1175	1203	1128	1414	1559
Cnr1_-_33924665.23-P1P2	Cnr1	608	1508	1264	2092	1762	1855	1853	1978	1436	2308	1718	1839	2733	582	1447	1428	1227	1297	1094	1308	1321	1390	1738	1716
Slc25a46_-_31609850.23-P1P2	Slc25a46	421	1100	996	1390	1115	1449	1057	1338	985	2001	1292	1411	1134	1921	1012	1142	1004	937	882	890	1000	1099	1147	1293
Gsn_+_35282469.23-P2	Gsn_P2	380	809	1109	1252	1341	1141	842	980	681	1419	904	1111	1572	1108	813	919	805	700	640	712	822	845	816	916
2810006K23Rik_+_124328180.23-P1P2	2810006K23Rik	300	855	739	1243	1109	1223	917	1017	805	1048	1369	1331	1593	30	723	995	811	722	791	867	763	720	1011	860
Reep1_-_71707887.23-P1P2	Reep1	539	860	722	1270	1056	1021	882	1127	727	1027	1452	1443	859	896	690	821	684	650	593	638	811	799	922	1015
Gabarapl2_+_111940746.23-P1P2	Gabarapl2	425	987	902	1697	1372	1363	1180	1157	1020	2372	1096	1743	1639	1151	927	929	927	864	817	882	838	761	1040	1110
Junb_+_84978628.23-P1P2	Junb	315	961	812	1447	1458	1167	1264	1179	917	1456	1059	1553	1649	247	975	985	842	717	672	908	796	867	1164	1135
Vps13c_+_67840410.23-P1P2	Vps13c	436	1220	1144	1571	1200	1361	1233	1263	1002	1658	1629	1240	2398	925	977	1180	967	877	918	1071	1059	1006	1505	1427
non-targeting_00759	non-targeting	454	1128	1089	1594	1244	1504	1108	1391	1078	1948	909	1863	1841	1358	994	1296	938	998	923	999	1035	1007	1256	1274
Dbn1_+_55488034.23-P1P2	Dbn1	357	1407	1049	1481	1407	1352	1146	1136	981	2354	1644	1900	1259	1380	923	1143	837	907	796	933	1073	873	1314	1193
non-targeting_03373	non-targeting	211	541	402	677	644	651	397	458	500	1051	1001	756	654	340	412	552	415	401	400	379	475	379	504	503
non-targeting_03316	non-targeting	387	1296	1153	1584	1746	1445	1279	1334	995	1376	1085	1673	1369	598	1010	1410	983	775	857	1083	1005	925	1178	1277
Psmd13_+_140882418.23-P1P2	Psmd13	397	1072	1054	1274	1255	1360	631	870	567	764	674	862	1953	24	555	597	401	445	414	435	617	296	520	476
Pik3ca_-_32397298.23-P1P2	Pik3ca	495	1228	1121	2041	1575	1489	1190	1345	1045	1230	1529	1303	1599	920	1044	1246	1207	940	914	1013	1124	1077	1221	1451
Atf2_-_73892560.23-P1P2	Atf2	298	917	801	1196	1213	1119	953	813	766	1121	849	957	1156	817	746	979	702	669	700	633	873	587	950	857
Psmc2_+_21785259.23-P1	Psmc2_P1	656	1860	1409	2254	2138	2257	1943	2125	1353	2044	1854	1834	2379	2183	1425	1695	1534	1145	1172	1300	1505	1326	1856	1495
Ins1_+_52264519.23-P1P2	Ins1	783	1742	1520	2283	2129	2168	1956	1976	1497	2697	2654	2191	2317	1347	1656	1898	1604	1371	1420	1483	1615	1427	2064	2311
Agtpbp1_-_59557047.23-P1P2	Agtpbp1	377	1465	1262	2093	1816	1827	1298	1423	1180	2167	1690	1814	2691	1295	1222	1603	1200	1103	1121	1177	1365	1180	1676	1614
Il33_-_29925185.23-P1P2	Il33	595	1428	1080	1881	1633	1853	1419	1688	1306	1422	1549	1590	1541	2174	1172	1364	1040	1213	972	1244	1209	1362	1565	1557
Spast_-_74338772.23-P1P2	Spast	550	1399	1525	1979	2327	1851	1689	1622	1429	2806	1954	2579	2500	1039	1235	1343	1282	1159	1064	1240	1339	1330	1444	1597
Hk1_-_62340082.23-P1P2	Hk1	272	773	692	834	994	1175	792	758	713	731	828	998	1099	671	704	784	694	513	490	658	664	677	841	785
Psmb1_-_15498131.23-P1P2	Psmb1	456	1162	1008	1717	1267	1410	1162	1378	1110	1288	1581	1887	1970	583	911	1122	991	816	804	974	974	884	1195	1302
Cpn1_+_43986489.23-P1P2	Cpn1	409	908	778	1002	1142	1107	1121	944	622	1589	836	994	650	1177	703	888	705	540	608	665	719	791	1028	785
H2-M1_-_36671975.23-P1P2	H2-M1	250	721	588	933	742	944	656	931	753	1148	975	1008	842	1090	698	668	546	562	606	561	582	640	790	849
Pars2_-_106651207.23-P1P2	Pars2	342	1101	882	1505	1228	1182	1157	1147	1065	1539	1350	1387	1965	680	857	1029	879	744	704	721	850	330	616	496
Cyp2d9_+_82452528.23-P1P2	Cyp2d9	405	1029	879	1205	1359	1199	1008	1096	979	1791	1078	1229	1392	705	793	1074	790	793	775	927	892	903	1072	1062
Cx3cr1_-_120068216.23-P1P2	Cx3cr1	475	1448	1453	2277	1943	1824	1796	1479	1350	1689	1403	1854	2817	1468	1346	1458	1200	1105	1078	1215	1218	1438	1483	1747
Rtn2_-_19282673.23-P2	Rtn2_P2	287	815	543	795	734	812	712	761	563	1029	986	389	925	333	482	539	514	468	469	554	589	502	714	652
H2-M10.3_-_36368222.23-ENSMUST00000073546.3	H2-M10.3	550	1605	1204	1905	1791	1790	1552	1477	1243	1651	1227	2056	1333	1416	1109	1356	1204	1192	1066	1136	1347	1200	1565	1306
Naglu_-_101070127.23-P1P2	Naglu	755	1874	1849	2644	2186	2100	1798	1930	1656	1960	2273	2206	2280	1043	1557	1857	1598	1423	1381	1577	1567	1616	1893	2070
Hpgds_+_65144689.23-P1P2	Hpgds	645	1665	1669	2354	1968	2236	1984	1982	1640	2308	2104	2427	2682	2040	1582	1881	1417	1305	1254	1340	1661	1410	2048	1909
Fos_+_85475027.23-P1P2	Fos	307	1007	912	1363	1307	1471	1360	1143	911	1831	933	1648	1452	684	1103	1190	956	970	836	991	1097	1235	1233	1235
Apoa1_+_46228753.23-P1P2	Apoa1	377	1329	947	2358	1616	1599	1341	1309	1192	2289	1751	1545	1977	2094	1251	1425	1198	976	1022	1157	1031	1261	1470	1533
Src_+_157424303.23-P1P2	Src	359	1327	1097	1900	1782	1737	1541	1512	1287	2501	1773	1907	1643	1801	1116	1442	1129	1101	1060	1215	1309	1311	1628	1646
Gad1_+_70562246.23-P1P2	Gad1	389	1249	1200	1628	1491	1486	1205	1512	1060	1568	1548	1464	1975	925	1019	1278	958	971	965	1018	1059	994	1256	1437
Dctn5_+_122133243.23-P1P2	Dctn5	506	1383	1204	1840	1886	1901	1354	1386	1148	2112	1581	2107	2204	944	1256	1442	1370	1187	1077	1186	1120	1290	1647	1517
"Dnah17_+_118129146.23-ENSMUST00000106308.3,ENSMUST00000084803.5"	Dnah17	521	949	943	1472	1423	1531	1113	1186	850	1598	1265	1447	1523	614	877	1033	898	737	841	890	953	1135	1255	1160
Erbb4_+_69108559.23-P1P2	Erbb4	336	803	598	1033	673	973	824	822	665	992	1153	699	1235	651	655	795	639	588	557	610	735	702	835	977
Mtmr2_-_13749240.23-P1P2	Mtmr2	329	660	457	787	863	922	758	954	492	1252	490	442	997	417	584	636	591	460	516	493	574	706	733	727
Slc17a5_+_78588005.23-P1P2	Slc17a5	949	2000	1726	2902	2225	2558	1899	2211	1446	2638	2290	2067	2517	1394	1769	2150	1744	1664	1551	1714	1690	1498	1803	1947
Cat_+_103484919.23-P1P2	Cat	360	955	862	1229	1054	1161	869	894	806	792	976	1383	1265	1061	794	911	775	831	662	752	660	807	1100	952
Uba5_-_104063086.23-P1P2	Uba5	448	1315	1282	1984	1706	1754	1238	1230	1127	1662	1335	1699	1721	746	932	951	989	698	834	1046	967	797	1002	866
Map2k3_+_60932115.23-P1P2	Map2k3	661	1708	1477	2317	1913	2116	1652	1805	1494	2493	1737	2153	2020	2089	1419	1899	1389	1257	1256	1358	1342	1365	1910	1867
Mutyh_-_116807796.23-P1P2	Mutyh	530	1620	1465	2293	2140	1964	1761	1862	1288	2396	1711	1445	2134	1226	1342	1641	1335	1254	1135	1291	1369	1299	1597	1734
Gjb1_-_101377356.23-P1P2	Gjb1	773	1095	1078	1750	1359	1532	1139	1539	974	1834	1708	1121	1565	1013	1214	1248	1122	1046	946	934	1218	1302	1437	1418
Dock2_+_34783779.23-P1P2	Dock2	495	1289	1138	1486	1802	1533	1470	1282	1346	2555	1638	1514	2027	580	1107	1180	944	1002	863	1036	1086	1152	1495	1495
Hnrnpdl_-_100038673.23-P1P2	Hnrnpdl	462	1072	807	1744	1530	1383	1420	1552	1027	1680	1538	1719	1274	1328	1216	1342	1119	922	914	989	1178	1134	1465	1441
Cacna1b_+_24763125.23-P1P2	Cacna1b	657	1322	1510	2054	2065	2115	1661	1510	1423	2893	2237	1775	2317	1779	1412	1662	1267	1350	1227	1431	1380	1747	1968	1944
Ndufb3_-_58586784.23-P1P2	Ndufb3	425	1295	1424	1699	1698	1704	1310	1577	1146	2061	1112	1762	1813	66	1134	1194	962	1040	862	1050	1053	756	1211	1170
Dyrk1a_+_94569759.23-P1P2	Dyrk1a	596	1724	1704	2115	2403	2243	1868	2171	1445	2980	2130	2877	2331	3954	1415	1736	1499	1403	1357	1555	1470	1393	1944	1894
1700013F07Rik_+_108537555.23-P1P2	1700013F07Rik	787	1519	1343	1956	1817	1813	1670	1936	1271	1882	2034	2011	2383	810	1192	1549	1363	1139	1151	1371	1388	1358	1834	1771
Blzf1_+_164307252.23-P1P2	Blzf1	512	908	905	1375	1163	1222	1205	1246	832	2038	1323	1746	1572	393	903	1046	927	851	876	928	850	922	1046	1220
Wipi2_+_142629651.23-P1P2	Wipi2	199	879	951	1170	1327	1255	1021	978	850	1532	1490	1398	893	596	875	1036	857	788	764	810	848	808	939	1062
Slc12a6_-_112265811.23-P1P2	Slc12a6	280	798	856	1161	780	1154	796	736	576	1337	693	935	693	451	636	658	551	666	537	734	745	388	642	633
Eif2s1_-_78862067.23-P1P2	Eif2s1	332	1065	1114	1562	1133	1405	863	1145	797	1065	1488	1508	1451	760	901	1181	770	850	786	870	916	960	1209	1185
Vdac1_+_52361144.23-P1P2	Vdac1	821	1658	1539	2320	2345	2281	1625	1955	1287	2642	1954	2028	2193	3032	1465	1914	1566	1295	1387	1480	1526	1498	2011	1900
Gan_-_117158036.23-P1P2	Gan	698	1283	998	1878	1844	1821	1561	1445	1400	2024	1835	1679	1672	1286	1154	1499	1119	1174	1106	1263	1244	1269	1592	1559
Sdhd_+_50603782.23-P1P2	Sdhd	224	594	567	792	809	725	569	569	475	1304	709	717	795	760	362	521	349	339	323	384	418	311	357	377
Stxbp1_+_32847177.23-P1P2	Stxbp1	636	1210	1053	1995	2010	1326	908	913	671	1384	780	966	1277	140	652	721	651	358	490	569	545	367	694	506
Cox6a1_+_115348827.23-P1P2	Cox6a1	405	983	1334	1705	1495	1279	1244	1222	1169	1690	1082	1981	2036	44	1083	1199	899	1000	941	1114	1069	1008	1436	1410
Ndufs4_+_114388046.23-P1P2	Ndufs4	382	1039	1036	1228	1185	1181	1089	1049	757	1604	1325	1425	1256	2038	826	966	920	687	749	857	764	726	1025	865
Slc52a2_-_76538870.23-P1P2	Slc52a2	200	516	390	600	547	576	433	506	369	818	629	655	420	232	404	454	340	320	388	422	440	499	570	505
Pcyt2_+_120617837.23-P1P2	Pcyt2	230	898	951	1262	1107	1123	897	1096	820	925	1110	1326	1294	177	822	937	672	645	579	761	820	760	773	849
Fth1_+_9982960.23-P1P2	Fth1	527	1470	1199	1785	1764	1527	1431	1377	1081	1223	1810	1604	1867	885	1267	1320	1124	1170	1009	1222	1232	1129	1406	1440
Notch1_-_26503733.23-P1P2	Notch1	273	411	460	627	740	592	538	630	375	860	553	525	602	597	459	556	392	476	455	409	438	445	602	549
Hras_-_141193942.23-P1P2	Hras	508	1492	1425	2439	1916	2105	1777	1628	1422	2780	2587	1757	1964	1199	1329	1364	1301	1145	1158	1257	1309	1348	1441	1807
Blvra_+_127070719.23-P1	Blvra_P1	339	1056	691	1188	1226	1156	1188	1015	799	1114	877	1343	1694	618	766	805	752	758	719	791	831	807	1027	893
Plcb4_+_135805601.23-ENSMUST00000035646.4	Plcb4	653	1599	1381	1915	2087	1793	1507	1684	1291	2393	2193	2995	2955	2557	1370	1629	1307	1278	1235	1317	1344	1252	1662	1909
Kif1a_-_93101795.23-P1P2	Kif1a	546	1477	1051	1782	1815	1732	1107	1320	1037	1982	1657	1464	2174	1303	1215	1303	1140	976	942	1052	1083	1229	1277	1387
Serpina3i_-_104263129.23-P1P2	Serpina3i	367	680	778	915	1000	973	813	841	479	1121	629	895	631	524	695	684	640	528	525	588	691	583	793	1004
Cdk11b_+_155624981.23-P1P2	Cdk11b	513	970	1105	1510	1229	1324	1141	1136	781	1766	1180	1093	996	1419	870	1049	969	904	686	849	933	952	1196	1128
Clcn2_+_20717703.23-P2	Clcn2_P2	464	1088	1074	1798	1145	1346	896	895	650	1595	1146	1852	1970	1188	779	1038	834	714	702	874	889	777	1015	1029
Eif4g2_+_111082819.23-P1	Eif4g2_P1	385	988	721	1308	1311	1229	961	845	812	881	1060	999	977	648	658	861	690	681	648	713	854	753	1089	1109
Sct_-_141279082.23-P1P2	Sct	750	2036	1867	2596	2803	2599	2210	2529	1604	3084	2608	2541	2627	973	1929	2036	1843	1862	1456	1671	1863	1806	2000	2207
Psen1_+_83688161.23-P1P2	Psen1	294	701	713	1145	1023	923	693	568	696	976	774	1285	1470	647	683	707	662	665	564	665	666	633	823	926
Cstb_-_78425745.23-P1P2	Cstb	416	1080	703	1497	1038	922	864	644	792	1513	1016	1118	1601	531	592	662	542	525	417	591	561	344	558	539
Scn8a_+_100870981.23-P1P2	Scn8a	861	1819	2107	2339	2275	2213	1829	1830	1530	2691	2347	2424	2836	1641	1590	1823	1570	1333	1298	1442	1712	1790	2286	2067
Alg14_-_121291760.23-P1P2	Alg14	398	810	969	1308	1122	1235	957	1283	880	1001	1059	1618	1450	1334	825	1002	645	507	699	706	850	537	938	913
Tcerg1_-_42511529.23-P1P2	Tcerg1	340	696	795	1338	1519	1194	953	964	822	1158	1173	1253	1448	1007	917	971	729	835	699	715	786	509	958	892
Dbh_+_27165539.23-P1P2	Dbh	281	865	537	1003	938	1118	844	850	711	1191	930	1337	915	1090	626	746	617	658	627	726	750	702	933	982
Adora2b_+_62249054.23-P1P2	Adora2b	406	1429	1118	1564	1209	1473	1248	1593	945	1368	1799	1812	1814	1422	1053	1365	1040	831	864	937	1034	966	1268	1303
Hcrt_+_100762905.23-P1P2	Hcrt	369	622	689	1046	1083	782	747	803	658	1489	621	1171	1426	40	589	761	519	497	534	593	503	496	780	834
Mapk8_+_33447119.23-P1P2	Mapk8	490	1204	667	1440	1019	1314	1302	1275	935	1611	1625	772	1587	642	899	1154	947	852	776	849	828	1089	1142	1340
Atp5e_-_174464032.23-P1P2	Atp5e	439	814	875	1325	808	1018	843	624	645	1275	1020	1021	1407	571	563	628	523	525	448	589	542	250	344	433
Dctn2_+_127266433.23-P1P2	Dctn2	257	512	481	807	467	708	449	505	532	405	744	1058	1109	740	417	473	376	400	340	341	406	427	539	507
Plp1_-_136822917.23-P1P2	Plp1	710	2026	1480	2881	2686	2774	2268	2576	1765	3499	3109	2287	3172	1639	1744	1855	1799	1510	1525	1505	1838	1786	2153	2386
Prnp_-_131909980.23-P1P2	Prnp	498	1612	1322	1860	1628	1817	1477	1511	1329	2411	2089	1392	2001	838	1259	1422	1016	1147	1038	1125	1139	1366	1497	1591
Cfl1_-_5490536.23-P1P2	Cfl1	448	1353	1347	1862	1598	1898	1202	1708	1057	2901	1431	1818	2389	1477	1235	1439	1146	1134	1127	1348	1200	1421	1723	1659
Serpina3m_+_104387049.23-P1P2	Serpina3m	385	1005	887	1427	1226	1188	1023	1176	768	2170	1017	1248	1334	2198	889	1002	858	700	747	798	814	789	1087	846
Dpysl2_-_66868575.23-P1P2	Dpysl2	358	587	509	931	704	1014	955	1028	554	1118	783	1161	1218	933	608	755	638	589	549	547	590	731	890	809
Wnt5b_-_119544252.23-P1P2	Wnt5b	410	1137	991	1492	1623	1385	1344	1304	1145	1908	1408	1603	1520	1338	1055	1242	949	927	836	1038	968	1109	1450	1345
Cd40_+_165055700.23-P1P2	Cd40	525	1810	1468	2249	1852	2165	1868	1885	1479	1799	1658	2708	2271	1430	1415	1542	1437	1219	1168	1264	1422	1413	1764	1838
Daxx_-_33909839.23-P1P2	Daxx	274	1010	876	1372	1217	1242	1061	1363	1025	1500	1512	1065	939	2616	940	1122	847	758	723	923	778	862	1028	1170
Cfdp1_-_111854313.23-P1P2	Cfdp1	232	707	595	975	826	755	594	451	622	650	683	812	565	26	490	641	534	430	396	486	449	382	520	576
Bcl2_-_106714248.23-P1P2	Bcl2	576	1487	1282	2181	2090	1747	1755	1540	1554	2318	2228	776	2580	2058	1256	1455	1231	917	1002	1249	1147	1341	1344	1564
Chmp1a_+_123212728.23-P1P2	Chmp1a	837	2575	2374	2872	2887	3002	2535	2509	2189	3312	3283	3636	3131	667	1889	2194	1916	1879	1817	1943	2046	1809	2466	2876
Ampd2_-_108085326.23-P2	Ampd2_P2	464	898	711	1141	969	1194	1163	955	947	1480	930	1336	1281	1839	974	1072	854	817	742	786	959	924	1074	1017
Glp1r_+_30902206.23-P1P2	Glp1r	240	1299	932	1260	1219	1497	892	1398	949	1923	1625	822	1512	384	1067	1297	938	701	826	866	1019	857	1092	1173
"Oxr1_-_41789546.23-ENSMUST00000090095.5,ENSMUST00000022918.7"	Oxr1	771	1487	1389	2192	2066	1845	1538	1664	1253	1554	1199	2215	2341	635	1366	1545	1245	1251	1205	1311	1369	1295	1781	1811
Tbk1_+_121586744.23-P1P2	Tbk1	282	919	817	1379	1471	1194	1017	1231	912	1394	1291	1434	1207	1103	734	922	871	793	735	731	868	821	1075	979
Gpx6_+_21312279.23-P1P2	Gpx6	334	794	736	1211	906	1022	940	974	894	996	1104	838	1435	822	788	850	693	764	585	729	761	671	920	989
Ywhaq_+_21417519.23-P1P2	Ywhaq	419	1190	1329	1689	1818	1462	1442	1323	1343	2029	1532	1464	2188	360	1209	1225	1241	1122	973	1071	1088	1132	1437	1434
Igfals_+_24878839.23-P1P2	Igfals	306	1210	1069	1404	1666	1458	1076	1059	1076	1470	1503	1516	1798	1302	1023	1144	1009	870	840	1059	976	1052	1250	1151
Nedd4_+_72662532.23-P1P2	Nedd4	489	1095	1221	1268	1167	1168	945	1083	914	1961	1282	1348	1313	1324	1026	1025	890	945	764	831	708	875	1077	1077
Adora1_-_134234825.23-P1P2	Adora1	374	984	911	1244	1305	1312	1175	1222	1003	1341	1321	1690	1468	533	983	1079	871	1061	799	1007	1019	930	1236	1159
Fgfr4_+_55153038.23-P1P2	Fgfr4	321	955	936	1404	1306	1274	919	1167	809	1513	1428	1206	1297	1043	703	1050	751	641	816	776	850	932	983	1204
Glul_+_153899998.23-P1P2	Glul	385	1168	1076	1914	1795	1568	1114	1411	994	1991	1353	1012	2106	1420	1028	1111	878	839	860	1025	1066	1062	1291	1400
Prnp_-_131909999.23-P1P2	Prnp	392	1058	826	1270	1301	1348	982	1235	896	1281	921	1334	991	843	915	1081	928	954	770	901	953	980	1076	1170
Vcam1_+_116129387.23-P1P2	Vcam1	329	680	461	1092	883	979	787	911	600	1345	956	931	767	685	682	766	659	596	619	659	703	655	969	1001
Taf15_+_83473150.23-P1P2	Taf15	568	1461	1303	2171	1917	1836	1464	1814	1372	2471	1770	2136	2719	626	1387	1528	1204	1152	1071	1192	1296	1121	1538	1708
Ppargc1a_+_51553863.23-P1P2	Ppargc1a	581	1364	1287	1838	2139	2024	1864	2015	1502	2678	1456	2148	1796	1427	1332	1656	1331	1244	1107	1299	1411	1327	1652	1735
Cox8b_-_140900327.23-P1P2	Cox8b	423	986	1017	1375	1087	1291	1106	1241	1044	1774	1552	1357	2129	1000	872	896	778	846	742	907	957	880	1179	1213
Tmem119_+_113800329.23-P1P2	Tmem119	457	1344	966	1979	1580	1715	1474	1559	1281	3028	1645	2190	1966	1582	1307	1296	1163	1192	1102	1128	1085	1219	1576	1630
Ppp1r1b_-_98348717.23-P1P2	Ppp1r1b	462	1127	958	1571	1416	1286	827	1086	867	1795	1007	1750	1155	1006	823	1008	786	627	733	654	826	607	932	1003
Ccdc88a_+_29374114.23-P1P2	Ccdc88a	691	1458	1296	2363	2464	2202	1955	1815	1660	2233	1852	2075	2104	3421	1365	1688	1415	1201	1287	1462	1489	1394	1755	1844
Tbce_+_14039561.23-P1P2	Tbce	616	1207	1023	1528	1770	1769	1398	1501	1046	2234	1322	1855	2240	416	1063	1234	1122	879	956	999	1243	861	1135	1309
Vdac3_+_22593567.23-P1P2	Vdac3	209	669	594	835	836	757	704	718	404	366	671	645	1190	777	493	616	544	508	490	541	565	573	666	746
Fa2h_+_111393804.23-P1P2	Fa2h	297	1409	1125	1774	1342	1425	1072	1320	1023	2046	1229	1558	1874	1738	1161	1466	869	864	973	923	1115	1029	1385	1302
Slc12a1_-_125152617.23-P1P2	Slc12a1	342	999	1019	1240	1254	1236	1100	1168	787	1385	1244	1284	1298	920	1005	998	865	771	763	819	836	962	1061	985
Cox7a2_-_79759789.23-P1P2	Cox7a2	358	1023	687	1489	1100	1418	998	993	747	1894	1093	1199	1721	1028	849	939	861	918	749	892	889	903	1097	1254
Vac14_-_110618651.23-P1P2	Vac14	426	1170	956	1613	1427	1232	1027	1247	795	1725	1070	1430	1829	1166	858	953	723	794	752	810	879	571	909	877
Psma4_+_54951034.23-P1P2	Psma4	437	953	1035	1346	1608	1120	710	710	672	1493	804	862	1604	877	518	607	555	466	429	609	509	401	668	491
Uqcrc1_+_108936728.23-P1P2	Uqcrc1	199	1065	713	1372	1224	1131	945	946	766	1390	908	1553	722	1037	715	1006	675	700	696	848	783	725	925	1000
Slc8a3_-_81333157.23-P1P2	Slc8a3	429	993	827	1184	1138	1149	921	965	788	1199	1047	902	1160	130	789	921	745	666	697	778	777	742	979	1068
Epo_-_137533207.23-P1P2	Epo	622	1457	1356	2149	2127	2117	1816	2112	1770	2741	2254	2754	2553	610	1215	1695	1476	1314	1182	1423	1491	1607	1910	1839
Gdap1_-_17145482.23-P1P2	Gdap1	309	997	763	1151	1065	1102	930	1043	819	1195	1020	1810	1009	213	798	863	819	709	642	711	819	802	939	959
Epha8_+_136956786.23-P1P2	Epha8	566	1067	1009	1630	1633	1493	1216	1180	812	1644	1499	1392	1805	1818	1139	1152	1072	1051	927	1001	1042	1074	1437	1289
Fis1_+_136953304.23-P2	Fis1_P2	307	792	789	1230	869	1170	815	1044	722	1700	827	1736	1157	356	849	985	939	873	672	814	799	916	1004	1161
Dnah12_+_26771335.23-ENSMUST00000073309.4	Dnah12	327	749	890	1253	1043	995	891	969	880	849	891	1150	1214	935	782	972	643	709	632	727	630	716	897	905
Il2_-_37125948.23-P1P2	Il2	504	1536	1487	2285	2007	2064	1540	1929	1931	2291	1297	2261	1402	1815	1587	1870	1479	1489	1273	1252	1576	1539	1881	1831
Gtf2h1_-_46796138.23-P1P2	Gtf2h1	387	1426	868	1562	1452	1468	958	1493	1026	1716	1219	1262	995	1309	896	897	984	800	787	787	1042	806	1165	1039
Pink1_-_138326223.23-P1P2	Pink1	507	1364	1470	2290	2246	1824	1604	1657	1248	2008	2080	1626	1685	1955	1369	1481	1231	1103	1094	1176	1318	1219	1419	1696
Wnt11_+_98835180.23-P1	Wnt11_P1	506	1401	1426	2107	1792	1903	1453	1783	1315	2190	2024	2006	2496	843	1253	1558	1235	953	1031	1295	1288	1295	1617	1522
Dnah3_-_120095306.23-P1P2	Dnah3	577	1225	982	1388	1476	1515	1398	1336	1053	1123	1295	1023	1620	796	1112	1177	817	816	786	726	892	843	1309	1207
non-targeting_01726	non-targeting	362	1062	1169	1648	1651	1603	1257	1494	936	2025	959	1289	1171	889	1047	1453	1051	1030	971	1055	1227	1181	1432	1615
Padi2_+_140906416.23-P1	Padi2_P1	554	1281	1246	1474	1541	1675	1063	1421	1064	1656	1355	1433	1915	1398	1138	1231	1022	922	823	980	1081	1055	1544	1502
Csf1_-_107760211.23-P1P2	Csf1	621	1251	1311	1755	1734	1760	1347	1406	1320	2020	1626	1593	2087	901	1156	1383	1166	1161	971	1195	1023	1199	1555	1515
Tlr2_+_83841518.23-P1P2	Tlr2	304	901	883	1222	1096	1261	850	1293	890	1947	1202	1139	2294	606	774	1073	798	748	737	889	739	893	883	958
Txn2_+_77927881.23-P2	Txn2_P2	423	1075	1013	1617	1216	1453	1261	1417	1267	897	1124	1521	1770	359	990	1159	1017	952	937	850	1097	876	1281	1273
Maneal_+_124862186.23-P1P2	Maneal	608	1113	1261	1794	1773	1886	1413	1456	1360	2007	1383	1405	2517	558	1127	1528	1148	1014	950	1122	1273	1257	1468	1422
Lyst_+_13590432.23-P1P2	Lyst	580	1067	973	1607	1440	1408	1229	1264	1035	2152	1457	1640	1700	920	1075	1206	911	849	805	986	1054	794	951	871
H2-M1_-_36671865.23-P1P2	H2-M1	565	1055	929	1418	1431	1485	1537	1130	1054	1682	1682	1553	1173	1197	1032	1146	979	924	759	1095	920	972	1346	1286
"Dnah17_-_118129081.23-ENSMUST00000106308.3,ENSMUST00000084803.5"	Dnah17	570	1732	1717	2261	2511	2193	1715	1837	1838	2812	1931	2542	2142	114	1590	1738	1363	1354	1291	1550	1459	1488	1883	1956
Rasgrf1_-_89909938.23-P1P2	Rasgrf1	410	1124	887	1323	1406	1279	1130	1350	899	1132	1429	1534	1726	794	947	1054	767	872	782	921	872	1000	1244	937
Chat_-_32465827.23-P2	Chat_P2	194	440	481	703	442	762	669	671	346	967	760	352	491	512	471	490	457	369	411	514	432	462	607	640
Plxna4_+_32588178.23-P1P2	Plxna4	301	975	810	1193	960	1090	821	908	724	1585	1172	1717	1181	510	867	968	787	611	696	765	805	647	962	984
Hspd1_+_55087838.23-P1P2	Hspd1	362	1121	929	1479	1452	1384	1125	1088	1118	2209	1169	1206	1186	1789	959	1288	899	950	765	1102	1010	910	1327	1269
Psmd1_+_86064735.23-P1P2	Psmd1	381	1262	1171	1761	1420	1290	964	1055	886	2087	1026	1280	1416	1850	802	1016	840	790	842	851	955	781	1184	1363
Bace1_+_45838608.23-P1P2	Bace1	270	809	771	1054	787	800	796	945	626	1005	665	967	1217	383	578	615	564	549	508	528	643	533	836	655
Pus1_-_110780534.23-P1P2	Pus1	414	1132	1183	1675	1556	1460	1491	1583	888	1808	1551	1990	1698	873	1070	1137	1123	895	864	1138	1111	1018	1407	1365
Cacna1s_+_136052824.23-P1P2	Cacna1s	361	1028	793	1305	1170	1098	1238	1122	789	1176	1322	915	1636	1084	806	946	846	619	634	808	798	802	971	1045
Dlst_+_85110934.23-P1P2	Dlst	358	762	560	875	1008	917	726	946	765	1064	954	885	751	624	553	746	572	594	437	640	540	393	546	605
Pla2g5_-_138819106.23-P1P2	Pla2g5	321	888	843	973	1000	941	726	976	723	957	680	757	1511	1299	740	873	626	576	609	682	657	628	935	832
Txnrd1_-_82859456.23-P1P2	Txnrd1	429	1172	1000	1361	1438	1380	1403	1189	1001	2392	1424	1467	1872	900	971	1206	887	877	831	944	1042	939	1286	1253
Nr3c1_-_39490444.23-P1P2	Nr3c1	563	1293	1140	1944	1428	1769	1474	1620	1015	2119	1629	1606	2221	1006	1060	1113	1020	838	840	942	1225	838	1265	1255
Lrp5_+_3686518.23-P1P2	Lrp5	395	1193	884	1580	1635	1322	1033	1223	871	1773	1993	1660	1743	895	1021	1150	847	953	792	1042	1119	1059	1288	1309
Elovl5_+_77917490.23-P1P2	Elovl5	594	1196	1106	1458	1435	1474	1032	1357	1139	1563	1409	1150	2312	548	1041	1121	984	928	844	1013	1115	970	1466	1340
S100a10_+_93555218.23-P1P2	S100a10	438	1091	1031	1374	1470	1427	1085	1225	1025	2019	1043	1875	1487	231	1084	1145	1050	1063	722	919	998	992	1266	1344
Trap1_+_4077807.23-P1P2	Trap1	508	760	614	844	1009	1057	904	836	723	1309	1199	1110	1182	748	694	857	711	723	600	619	712	711	786	901
Xrcc1_+_24547276.23-P1P2	Xrcc1	592	1418	1571	2319	1858	1735	1616	1346	1314	2251	2220	2152	2604	2294	1295	1495	1111	1169	1181	1260	1323	1397	1568	1794
Nfkb1_+_135691446.23-P1P2	Nfkb1	390	924	754	1085	1075	981	862	948	664	1474	1210	1676	1012	1320	773	730	693	773	585	629	619	690	1035	964
Dbh_+_27165532.23-P1P2	Dbh	435	1015	972	1484	1580	1202	1181	1252	887	1706	1366	1329	1620	1238	936	989	984	921	816	954	987	803	1280	1275
Ctsd_+_142387612.23-P1P2	Ctsd	460	1334	1262	1987	1815	1445	1125	1300	1136	1548	1240	1487	1411	388	1044	987	840	755	786	744	960	525	807	761
Ube3a_+_59228835.23-P1P2	Ube3a	482	1064	1076	1586	1380	1289	1293	1240	994	1513	1792	1457	1696	238	1067	1167	944	798	819	888	945	905	1283	1402
Ralgps2_-_156939560.23-P1P2	Ralgps2	300	784	738	971	1154	871	839	762	668	946	866	994	851	82	561	840	615	488	558	686	679	586	847	796
Pak3_-_143664367.23-P1	Pak3_P1	327	909	952	1616	1247	1218	824	1435	1095	1364	1669	1569	1759	1123	823	1192	895	714	769	911	954	847	1159	1041
Atxn7_+_14012674.23-P1P2	Atxn7	662	1922	1473	2384	1940	2185	1708	1847	1577	2331	2439	2486	2176	1586	1543	1697	1371	1387	1318	1630	1369	1583	1789	1881
Ptn_+_36810137.23-P1P2	Ptn	307	998	834	1097	1172	1156	803	1039	809	2192	794	1157	994	342	783	1022	835	793	734	857	799	838	1042	1192
Comt_+_18426347.23-P1P2	Comt	765	1650	1508	1908	1952	1963	1531	1889	1563	2298	2120	2064	2488	1046	1398	1639	1311	1216	1199	1394	1347	1403	1749	1542
Lmnb2_-_80918171.23-P1P2	Lmnb2	507	844	932	1043	1098	1095	778	1054	819	1088	813	1107	1289	814	730	914	687	628	641	712	758	826	779	1032
Dnah12_-_26771069.23-ENSMUST00000073309.4	Dnah12	355	937	1093	1487	1072	1432	1253	1302	974	1344	1387	1136	1296	1915	903	1253	1008	846	870	877	1073	886	1408	1153
Gch1_-_47189301.23-P1P2	Gch1	415	1286	1074	1681	1202	1568	1063	1259	1129	2167	1561	1720	1553	423	1064	1123	948	859	1000	1011	982	1044	1261	1278
Hif1a_+_73908049.23-P1P2	Hif1a	539	1256	860	1375	1258	1240	1388	1068	996	1878	1452	1527	1919	763	900	1217	836	906	833	926	840	1016	1217	1310
Hap1_+_100356029.23-P1P2	Hap1	334	998	996	1715	1607	1461	1122	1373	1004	1608	1100	1340	1740	1058	1014	1196	978	890	753	1007	951	1125	1343	1255
Psmc5_-_106256319.23-P1P2	Psmc5	237	386	545	685	754	654	497	447	389	409	534	372	421	513	392	539	304	389	318	343	401	384	547	491
Hspb8_-_116422804.23-P1P2	Hspb8	342	825	724	1077	934	961	928	1011	791	1723	786	912	896	164	855	852	708	730	681	704	792	751	1122	939
Anxa11_-_25842250.23-P1P2	Anxa11	525	1537	1752	2473	2016	2307	1707	2152	1634	2310	1933	2449	1967	1650	1534	1864	1596	1540	1409	1532	1519	1602	1791	2103
Ndufb5_+_32737140.23-P1P2	Ndufb5	268	647	444	880	836	779	442	697	539	710	459	831	1144	933	629	597	504	445	434	477	564	527	761	676
Nbn_-_15958130.23-P1P2	Nbn	452	1583	1411	1956	1943	2081	1943	1909	1482	2735	1588	2517	2182	973	1258	1813	1350	1379	1122	1386	1551	1501	1532	1745
non-targeting_00810	non-targeting	404	1155	1045	1250	1266	1287	1096	1186	943	1327	836	1178	1360	1150	1028	1096	951	693	734	922	987	850	1127	1207
Slc17a6_-_51622118.23-P1P2	Slc17a6	491	1367	1246	1870	1489	1759	1826	1461	1141	2374	1427	1891	2071	1636	1150	1393	918	1061	897	972	1207	1231	1558	1384
Ins2_+_142679617.23-P1	Ins2_P1	314	1098	891	1558	1209	1344	946	987	870	1373	1064	1263	1196	292	855	1007	841	844	751	710	1002	1054	1260	1015
Ppp5c_+_17027827.23-P1P2	Ppp5c	469	981	979	1455	1329	1228	1156	1112	1019	1950	1512	1660	2023	745	947	1078	902	875	918	868	957	1080	1212	1335
Nhlrc1_-_47014827.23-P1P2	Nhlrc1	370	743	616	1220	1029	858	837	841	725	1595	872	1006	1235	563	696	824	611	732	516	633	702	738	833	790
Ppp1r1b_-_98348738.23-P1P2	Ppp1r1b	501	1008	1181	1431	1117	1318	1038	1354	935	1514	1408	1085	1318	337	883	1084	832	908	752	990	845	995	1094	1271
Mars2_+_55237276.23-P1P2	Mars2	197	606	515	865	804	696	517	692	470	1329	708	980	902	833	475	526	345	466	379	398	443	147	261	139
Klk6_-_43824562.23-P1P2	Klk6	274	660	616	787	789	957	1077	900	577	996	932	1023	1103	792	724	834	618	534	633	677	674	734	965	970
Mgst3_-_167393753.23-P1P2	Mgst3	435	1157	910	1541	1279	1435	1135	1095	841	1296	1252	1083	1258	851	918	1013	1008	702	770	911	1064	968	950	1136
Lmx1b_+_33640843.23-P1P2	Lmx1b	492	1365	945	1582	1618	1824	1454	1622	1251	1068	1572	1618	2032	380	1157	1305	1128	1184	1056	1232	1281	1208	1437	1484
Gsn_+_35256437.23-P1	Gsn_P1	395	1254	1430	1544	1856	1610	1281	1393	997	1513	1460	1608	1120	347	1062	1303	978	870	956	1125	1093	909	1383	1411
Ttc19_-_62281510.23-P1P2	Ttc19	396	1027	1013	1370	1398	1330	975	1283	933	1642	1217	1391	2037	1237	955	1027	848	730	840	964	982	900	1096	1278
Sncg_-_34374624.23-P1P2	Sncg	335	1155	1050	1715	1824	1534	1158	1530	1191	2272	1377	1625	1642	1192	1018	1255	899	968	919	1045	960	971	1227	1277
Ndufb10_+_24724372.23-P1P2	Ndufb10	1151	2724	2085	3393	3709	3367	2510	3022	2493	4433	3943	3974	3490	3860	2350	2560	2123	2083	1934	2119	2035	2391	2947	3081
Ndufa9_-_126849101.23-P1P2	Ndufa9	230	532	644	902	916	903	712	732	674	1081	769	504	849	86	677	748	509	537	462	593	685	586	867	822
Optn_-_5063987.23-P1P2	Optn	191	796	760	808	905	952	789	969	528	980	937	800	763	894	622	769	722	629	579	558	699	605	1002	969
Gba_+_89202959.23-P1P2	Gba	341	983	967	1552	1153	1099	1091	973	844	1219	1204	1132	1940	630	810	748	659	675	676	728	793	818	897	938
Hsf1_+_76477467.23-P1P2	Hsf1	426	977	686	1175	1242	1231	1010	1168	786	1204	1428	1550	1301	715	852	1029	892	800	670	842	826	738	1051	982
Btn1a1_-_23465839.23-P1P2	Btn1a1	297	829	996	1242	971	1138	1029	970	708	1429	715	749	613	587	792	840	831	801	643	720	753	823	1010	959
Ccl2_+_82035611.23-P1P2	Ccl2	468	1208	1211	1407	1666	1459	1134	1256	1064	1809	1041	1510	2116	1174	986	1267	1179	1090	946	1195	1070	1146	1304	1476
Gjb1_-_101377345.23-P1P2	Gjb1	459	1368	1051	1832	1667	1808	1744	1515	1267	2543	1703	1733	1940	1784	1201	1496	1206	1193	1103	1205	1173	1219	1569	1641
Dnah7c_+_46609005.23-ENSMUST00000178395.1	Dnah7c	347	618	626	879	1062	851	913	850	586	1530	623	865	867	333	713	819	546	511	521	602	600	570	631	797
Clu_+_65968685.23-P1	Clu_P1	1062	2137	2096	3030	2920	2684	2580	2691	2359	3292	2834	3943	2408	1726	1877	2513	2057	2003	1822	2024	2103	1978	2431	2653
Kat2b_+_53567061.23-P1P2	Kat2b	575	1470	1290	1863	1894	1415	1285	1579	1249	1726	1912	1553	2226	1120	1279	1366	1227	1085	1099	1211	1138	1249	1686	1470
Hspa14_-_3512708.23-P1P2	Hspa14	494	1129	976	1722	1701	1655	1224	1476	1173	1832	1426	1495	1859	1154	1117	1344	982	863	887	991	1132	1167	1311	1330
Cd200_+_45408862.23-P1P2	Cd200	235	796	827	1427	1424	1349	1324	1334	1090	1977	1702	1120	1483	663	879	1042	841	801	809	771	760	796	1048	1097
Hcrt_-_100762871.23-P1P2	Hcrt	498	1144	986	1723	1536	1409	1103	1182	882	2081	1044	1317	1200	1016	1031	1151	945	817	779	890	962	956	1311	1421
Igf1_+_87861379.23-P2	Igf1_P2	319	1018	1068	1582	1398	1353	1033	1281	996	1844	1493	1334	1588	1572	892	1215	915	725	715	860	943	861	1184	1133
Il13_-_53634595.23-P1P2	Il13	325	1165	1038	1692	1459	1597	1377	1164	1126	1237	1234	1480	1863	982	1084	1078	977	1119	878	943	1010	1007	1257	1351
Pklr_+_89136159.23-P1P2	Pklr	337	784	855	1082	929	945	845	910	626	947	758	723	872	602	610	763	670	623	546	652	593	608	800	823
Pcna_-_132252774.23-P1P2	Pcna	454	1209	1025	1769	1344	1572	1163	1097	860	1333	1307	1642	1067	510	878	985	852	839	725	809	1043	789	1047	1077
Agrn_+_156186172.23-P2	Agrn_P2	270	528	372	750	794	753	645	620	556	1061	599	805	1029	126	476	562	534	486	473	625	627	519	737	743
Tmem63c_-_87026560.23-P1P2	Tmem63c	271	506	606	949	919	785	707	734	665	1014	1046	759	1345	869	674	693	611	585	553	618	665	666	726	775
Fzd4_-_89404391.23-P1P2	Fzd4	204	693	552	980	764	803	986	852	634	1163	640	733	1008	514	597	629	594	487	515	512	601	541	690	638
Emilin1_-_30913630.23-P1P2	Emilin1	357	979	789	1598	1214	1115	948	960	877	1931	1012	1074	1531	802	898	1047	774	668	745	854	899	782	840	971
Apc_-_34247721.23-P2	Apc_P2	363	870	623	1265	999	1196	919	843	545	1093	1092	1002	1278	497	729	866	778	703	650	614	644	720	781	848
Aco2_-_81872570.23-P1P2	Aco2	416	1147	949	1390	1164	1414	1048	1061	929	1008	1199	1248	1279	478	993	895	917	792	644	926	924	806	1293	1119
Serpina3k_-_104338402.23-P1P2	Serpina3k	325	708	767	925	843	909	1016	1108	743	975	908	1011	752	904	562	690	533	663	584	625	723	645	803	843
Atp2a1_+_126463068.23-P1P2	Atp2a1	546	1941	1557	2334	2373	2137	1998	1911	1798	1614	1286	2016	1652	1374	1645	1809	1524	1382	1320	1414	1567	1564	1943	1979
Cox7a2_-_79759510.23-P1P2	Cox7a2	323	695	718	1266	1178	1119	922	910	704	1463	1256	1546	1115	1309	765	1029	716	797	614	765	765	856	918	960
Vac14_+_110618638.23-P1P2	Vac14	626	1243	1300	1920	1732	1824	1533	1521	1339	1584	1627	2018	1700	1104	1076	1075	851	849	817	876	1012	678	878	912
Atg7_+_114643159.23-P1P2	Atg7	686	1495	1222	2294	2074	1939	1824	1553	1297	2564	1767	1589	2900	2260	1331	1493	1220	1231	1139	1147	1344	1303	1850	1648
Wipi2_-_142629591.23-P1P2	Wipi2	234	639	478	756	687	674	585	648	510	982	633	716	851	25	499	658	474	498	423	465	468	510	667	568
Slc9a5_-_105348206.23-P1P2	Slc9a5	322	1046	1044	1464	1309	1421	1041	1058	908	1102	1458	1626	1125	463	919	1071	903	759	728	833	980	859	1120	1019
Coq2_-_100674279.23-P1P2	Coq2	404	1212	1443	1726	1709	1750	1473	2129	1157	2128	1521	1745	1883	1246	1228	1438	1121	1042	1021	1137	1185	877	1251	1213
Slc25a38_-_120110429.23-P1	Slc25a38_P1	387	1155	966	1833	1532	1481	1227	1552	1044	2333	999	1641	2094	2497	986	1237	927	1066	962	1105	1132	1037	1381	1389
Nhlrc1_-_47014821.23-P1P2	Nhlrc1	557	1397	1285	1859	1655	1389	1387	1404	1167	1750	1881	2197	1747	1031	1250	1347	990	875	967	989	1067	1116	1346	1533
Abcb1b_-_8798188.23-P1P2	Abcb1b	404	868	797	1238	1235	1185	1105	1226	1008	992	952	1033	1942	727	859	1112	844	812	769	786	828	974	1180	1162
Pde4a_+_21196785.23-P1	Pde4a_P1	223	1065	967	1463	1774	1345	1267	1287	1063	1431	1318	1125	2045	695	1085	1217	1023	1082	822	1084	913	1065	1176	1195
Gpx8_-_113046368.23-P1P2	Gpx8	472	1120	1255	1733	1460	1561	1241	1680	1199	1313	1567	1282	2270	960	1152	1328	1022	952	918	1053	1174	1106	1375	1383
Ndufs3_-_90904706.23-P1P2	Ndufs3	643	1611	1275	2311	1723	1798	1534	1499	1448	2020	1302	1701	2264	524	1097	1494	1081	1088	944	1111	1178	690	1107	1042
Ndufa9_-_126849072.23-P1P2	Ndufa9	176	448	516	803	708	710	624	761	545	1217	737	1137	977	1284	537	555	547	575	467	514	529	437	636	681
Acan_-_79053280.23-P1P2	Acan	435	955	1130	1379	1569	1333	1080	1298	914	1348	995	1231	1185	1072	1098	1187	1052	871	905	1080	971	951	1289	1177
Xk_-_9272981.23-P1P2	Xk	450	1531	1307	1965	1810	1897	1585	1541	1375	1193	1970	1699	1903	586	1214	1331	1317	1236	1064	1299	1303	1339	1486	1530
Vps13d_-_144974551.23-ENSMUST00000097796.2	Vps13d	293	644	549	1124	785	943	711	741	546	899	791	795	1034	711	660	740	608	577	513	643	676	623	736	813
Ptbp2_-_119783273.23-P1P2	Ptbp2	677	1454	1151	2031	1824	1768	1442	1508	1228	1133	1525	1725	2811	622	1185	1296	1053	943	873	1100	1034	757	1212	1256
Hip1_-_135545081.23-P1P2	Hip1	315	1112	601	1251	1177	1230	892	1151	971	1345	991	1451	1861	1070	743	854	657	620	708	800	833	766	1037	1179
Tmem175_-_108629905.23-P1P2	Tmem175	503	928	820	1759	1240	1468	1293	1209	1136	1775	944	1732	1923	717	1098	1337	1102	815	916	1084	934	1015	1423	1499
Cacna1c_+_118757922.23-ENSMUST00000112825.2	Cacna1c	496	1221	1072	2027	1341	1445	1130	1382	979	1378	1218	1607	1523	500	859	1214	1013	874	775	920	909	1009	1215	1130
Calm4_-_3838144.23-ENSMUST00000042219.4	Calm4	409	1026	1002	1190	1254	1335	1234	1136	824	1518	769	1487	1218	908	982	1023	934	850	812	930	993	882	1193	1086
Csnk2a1_+_152226820.23-P1P2	Csnk2a1	296	680	674	1341	1090	1187	930	994	670	1331	796	880	1058	708	665	849	752	705	726	730	762	900	1059	948
Aco2_+_81872537.23-P1P2	Aco2	844	1722	1380	2356	2111	1967	1782	1672	1468	2637	1663	2344	2355	2303	1522	1860	1368	1335	1310	1442	1458	1600	1579	1677
Msh2_-_87672779.23-P1P2	Msh2	485	1226	788	1888	1503	1426	1369	1405	1180	2125	1226	1355	1789	338	1124	1273	1115	832	950	1068	1167	1092	1413	1240
Ap4e1_-_127008765.23-P1P2	Ap4e1	418	1178	1143	1469	1408	1373	911	1365	1065	1311	1069	1645	1807	1529	877	1275	1021	974	729	750	858	997	1067	1241
Ulk2_+_61854995.23-P1P2	Ulk2	601	1396	1371	1904	1599	1476	1116	1542	1259	1633	1403	1852	1712	923	1089	1467	1146	905	986	1175	1152	1012	1558	1600
Ndufa5_+_24527542.23-P1P2	Ndufa5	816	1365	1038	1919	2064	1815	1403	1623	1124	2227	1589	2138	2241	782	1057	1350	1119	1076	914	1174	1228	994	1233	1234
Ndufb7_-_83566788.23-P1P2	Ndufb7	451	1049	991	1706	1579	1479	948	1521	957	1877	1159	2078	1886	831	1081	1255	1131	783	961	952	1033	822	1093	1328
Vdac1_-_52361164.23-P1P2	Vdac1	510	1550	1126	2072	2009	1960	1414	1622	1111	2025	1853	1965	2319	462	1258	1565	1194	1151	1165	1186	1359	1322	1737	1751
Rest_-_77265551.23-P1P2	Rest	791	1498	1420	2161	1796	2006	1638	1491	1246	2499	1442	1462	2503	744	1405	1535	1245	1331	1260	1358	1379	1644	1694	1706
Kcne3_-_100178771.23-P1	Kcne3_P1	255	815	726	935	851	970	824	603	786	1278	590	822	1262	461	654	794	623	566	610	604	553	682	918	834
Cdk6_+_3343927.23-P1P2	Cdk6	768	1745	1582	2206	1946	2223	1939	1962	1580	2983	2049	1818	2298	2485	1551	1841	1493	1615	1185	1608	1551	1517	1918	1990
Tcerg1_-_42511542.23-P1P2	Tcerg1	427	1284	1327	1888	1465	1648	1284	1390	1003	1914	1257	1379	1381	581	1020	1185	920	709	756	846	1030	856	1095	1082
Pank2_+_131262592.23-P1P2	Pank2	394	1183	1033	1375	1224	1307	1188	1317	841	2029	1477	1505	1478	256	985	1081	849	825	900	972	832	1019	1160	1204
Cd200r3_+_44943927.23-P1P2	Cd200r3	402	1042	1015	1752	1473	1379	1170	1189	1024	1537	1085	1299	1429	1268	1169	1307	938	836	809	950	1023	1080	1189	1349
Kitl_+_100015846.23-P1P2	Kitl	651	1856	1430	2562	1954	2227	1922	2100	1371	2672	2267	1869	2583	249	1439	1753	1549	1449	1279	1545	1629	1486	1747	2064
Vps35_+_85299508.23-P1P2	Vps35	706	1434	1391	2148	1824	1858	1658	1637	1417	2337	1682	1995	2469	1051	1291	1669	1342	1246	1147	1343	1311	1537	1602	1731
Dnal1_-_84114381.23-P1P2	Dnal1	180	353	271	681	570	667	656	578	433	244	473	639	1008	699	417	450	393	411	321	383	371	440	413	402
Tpo_-_30132595.23-P1P2	Tpo	704	1587	1451	2237	2004	2301	1813	1789	1368	1920	1810	2095	2853	2969	1563	1753	1500	1165	1336	1253	1314	1395	1836	1696
Vps37a_+_40511906.23-P1P2	Vps37a	378	1146	1248	1691	1522	1607	1205	1413	1140	1673	1795	1989	2135	936	1109	1298	894	869	828	1028	1029	943	1310	1273
Serpina1a_-_103863619.23-P1P2	Serpina1a	350	976	1038	1500	1267	1416	1151	1232	1100	1354	1017	1501	1955	852	1008	1061	939	989	848	1041	915	1039	1229	1224
Exosc1_-_41933255.23-P1P2	Exosc1	325	1335	976	1306	1590	1412	1027	1371	950	918	1127	1191	1401	666	895	1155	814	832	737	823	859	680	1090	1054
Atg2a_-_6241700.23-P1P2	Atg2a	557	1661	1321	2053	2140	1875	1543	1862	1476	2255	1974	2069	2600	1466	1220	1559	1421	1282	1136	1419	1304	1323	1782	1792
Slc25a4_+_46210955.23-P1P2	Slc25a4	419	1096	1070	1712	1240	1675	980	1381	1180	1774	1494	1698	1717	175	1027	1155	1054	855	781	970	1118	959	1347	1320
Map2k1_+_64253577.23-P1P2	Map2k1	628	1301	1155	1786	1860	1919	1415	1601	1123	2733	1462	1540	1881	940	1126	1371	1071	1029	973	1103	1111	1190	1549	1468
Myoc_+_162639403.23-P1P2	Myoc	226	890	955	1277	1269	1330	1089	1009	877	1329	1710	1335	1525	715	884	984	813	963	724	681	813	977	1116	1119
Gtf2h1_-_46796160.23-P1P2	Gtf2h1	476	1011	1092	1592	1531	1456	1012	1143	819	1704	1194	834	1681	464	877	966	775	662	729	715	804	653	874	870
Cln8_-_14888921.23-P1P2	Cln8	345	866	685	867	976	1085	1182	917	743	1334	980	1246	1168	252	642	942	754	598	559	756	865	641	740	678
Atxn3_-_101958142.23-P1P2	Atxn3	629	1542	1310	2009	1881	1650	1309	1705	1248	2516	1646	2048	2179	1667	1186	1495	1159	1115	1124	1171	1328	1087	1596	1690
Pvalb_-_78206340.23-P1	Pvalb_P1	292	697	730	957	642	928	904	826	705	1251	975	782	972	306	641	725	638	605	557	675	622	665	897	843
Scn11a_+_119825277.23-P1P2	Scn11a	405	808	885	1149	1242	1153	1047	1085	772	1397	662	1373	1483	815	869	808	823	765	631	765	786	708	880	962
Elavl3_+_22051950.23-P1P2	Elavl3	668	1770	1814	2610	2299	2334	1988	2034	1452	2517	2089	2616	2963	2675	1518	1899	1501	1275	1353	1407	1588	1570	2143	2080
Padi2_-_140924342.23-P2	Padi2_P2	260	818	679	1008	869	975	921	952	653	1367	1259	995	1275	845	671	768	644	575	581	740	791	749	943	819
Unc13a_-_71671704.23-P1P2	Unc13a	317	1101	773	1538	1239	1170	884	1084	955	1087	1355	1295	1662	368	842	1150	847	857	882	1027	959	957	1098	1078
Casp8_-_58795415.23-P1P2	Casp8	365	1000	849	1205	1297	1059	984	910	842	1169	1327	1228	776	981	857	941	696	629	658	875	796	705	984	861
Qprt_-_127121986.23-P1P2	Qprt	504	1199	1420	1776	1581	1779	1728	1540	1359	1685	1945	1813	2371	1519	1110	1384	1153	1131	1050	1215	1151	1140	1678	1609
Wnt1_+_98789857.23-P1P2	Wnt1	371	1133	659	1291	1385	1343	1266	1147	1011	1176	1307	1381	1503	362	865	1034	898	819	783	921	917	994	1091	1246
Ubb_-_62551733.23-P1P2	Ubb	335	1073	1132	1319	1176	966	368	733	378	676	956	629	773	570	359	423	358	262	379	396	477	247	371	448
Il15_+_82402974.23-P1P2	Il15	423	1308	1170	1743	1437	1756	1461	1385	1264	1963	1312	1912	1425	545	1301	1505	1149	1062	971	1111	1253	1282	1532	1456
Ifng_+_118441029.23-P1P2	Ifng	410	1049	1081	1590	1832	1310	1194	1206	1006	1688	1673	1113	1608	1981	1054	1542	966	1030	857	1079	1027	1079	1489	1198
Nanog_-_122707642.23-P1P2	Nanog	277	689	797	977	973	1007	881	892	651	749	1011	1310	1182	722	711	888	608	631	563	637	707	589	820	751
Il13ra1_+_36112152.23-P1P2	Il13ra1	281	1079	890	1299	1302	1158	925	1170	867	1444	1379	1694	1039	1441	789	1086	836	786	720	925	814	909	1078	1182
Nqo1_-_107403170.23-P1P2	Nqo1	273	613	558	1167	690	1099	839	728	705	1075	599	941	1535	620	769	778	630	620	614	678	783	662	782	789
Mtdh_+_34082893.23-P1P2	Mtdh	353	687	780	1024	692	979	656	1013	484	1154	694	1054	1226	485	715	723	562	558	564	742	758	576	874	962
Prph_+_99055177.23-P1P2	Prph	400	1200	1143	1644	1595	1452	1198	1237	1003	1837	1675	1829	2083	835	1119	1273	922	1001	825	997	1011	1189	1251	1437
Gria2_+_80802581.23-P1P2	Gria2	401	918	1003	1355	996	1163	1166	1196	925	1797	1205	1584	1412	788	940	1127	831	796	794	903	865	932	1097	1107
Pon2_+_5298269.23-P1P2	Pon2	535	1225	1411	1631	1797	1713	1253	1397	1124	1359	1762	1692	1477	1166	1142	1266	1047	1024	946	992	1157	1209	1464	1529
Il13_-_53634683.23-P1P2	Il13	453	1493	1183	1860	1700	1697	1455	1626	1140	2648	1088	1972	1856	1207	1143	1251	1052	1238	977	1212	1256	1045	1480	1533
Ppid_-_79591422.23-P1P2	Ppid	589	1147	1373	1756	1914	1695	1300	1450	1145	1822	1507	1637	1977	819	1229	1361	1084	993	963	1104	1034	1049	1342	1266
Eif2s2_+_154892838.23-P1P2	Eif2s2	307	540	661	982	862	923	728	736	644	718	531	1041	1048	1086	558	816	570	559	541	520	588	486	709	746
Actr10_-_70937985.23-P1P2	Actr10	410	1015	1180	1614	1231	1382	1202	1330	1114	1263	1179	989	1112	422	944	998	874	804	732	965	952	858	939	966
Npc1_-_12236340.23-P1P2	Npc1	577	1271	1228	1808	1789	1912	1429	1448	1232	2217	1771	1403	2317	1938	1102	1307	1027	1025	989	1098	1211	631	1170	1004
Ubap1_-_41349094.23-P1P2	Ubap1	352	1014	1104	1456	1406	776	503	541	412	377	467	734	617	33	453	476	309	240	299	254	331	256	403	393
Cox7a1_+_30184238.23-P1P2	Cox7a1	601	1516	1338	2196	1701	1790	1553	1700	1287	2416	1592	2464	1954	1779	1161	1488	1322	1108	1148	1375	1202	1320	1577	1588
Pank1_+_34877859.23-P1P2	Pank1	286	850	828	1134	1284	1114	833	1062	691	1588	1014	1013	1394	1031	899	912	725	713	624	726	800	741	920	955
Kcnc1_+_46396487.23-P1P2	Kcnc1	791	2228	2018	2723	2881	2602	2069	2202	1824	3424	2645	2013	3307	2103	1757	2158	1728	1822	1525	2119	1978	1960	2531	2567
Ager_-_34597859.23-P1P2	Ager	516	1034	1008	1834	1456	1737	1351	1580	984	2370	2008	1605	2757	1850	1247	1517	1137	1133	949	1153	1031	1255	1450	1547
Wnt10b_-_98778508.23-P1P2	Wnt10b	335	718	679	1198	998	996	746	997	767	1157	976	967	878	1046	755	936	665	719	636	704	825	888	886	969
Prickle1_+_93519498.23-P2	Prickle1_P2	265	996	760	1195	1233	1017	1003	1153	860	1461	914	1474	1429	408	854	846	733	712	684	665	706	779	979	947
Cox7a2_+_79759634.23-P1P2	Cox7a2	342	923	672	1452	1528	1359	1063	994	783	1541	1238	768	1461	1280	825	1024	794	772	787	765	789	808	1037	969
Gdap2_+_100162501.23-P1P2	Gdap2	294	676	882	1099	919	1003	973	852	661	1225	884	1146	1289	225	788	937	785	640	567	682	748	640	894	837
Pla2g1b_-_115466324.23-P1P2	Pla2g1b	229	663	664	913	804	772	697	591	520	754	552	552	1531	359	501	701	473	408	439	552	561	717	550	845
Spast_+_74338737.23-P1P2	Spast	216	1090	836	1971	1569	1483	1511	1241	1153	2396	1742	2176	1666	1745	1000	1115	952	960	929	1085	899	973	1390	1282
Nt5c2_+_46962274.23-P1P2	Nt5c2	629	1587	1154	2430	2154	1788	1392	1684	1388	2157	1783	2285	2767	1532	1290	1587	1218	1159	1150	1391	1264	1226	1905	1750
Ndufb11_-_20617633.23-P1P2	Ndufb11	634	1640	1325	2196	2081	1835	1483	1581	1252	2354	2194	1945	2486	1550	1332	1338	1268	1081	1088	1237	1368	861	1409	1021
Cdc27_-_104550098.23-P1P2	Cdc27	253	758	699	1136	1388	929	853	841	717	1564	1113	789	994	278	758	716	692	533	579	686	651	605	1068	911
Ndufb4_+_37654127.23-P1P2	Ndufb4	640	1638	1411	2053	1844	1773	1440	1515	1160	2333	1579	1794	2647	1478	1258	1616	1116	1160	962	1219	1392	1083	1378	1480
Lyst_-_13590493.23-P1P2	Lyst	338	737	975	1203	1350	1208	1035	968	707	1046	918	1346	944	1320	632	836	660	489	558	696	669	503	683	728
Axin1_-_26138698.23-P1P2	Axin1	294	911	844	1281	1316	1173	806	1221	955	1482	1227	1697	1306	225	1006	1051	747	758	687	822	800	895	1081	987
Sugp1_+_70043087.23-P1P2	Sugp1	367	1151	828	1615	1480	1469	1480	1406	1038	2057	1491	1528	2000	1321	1061	1440	1015	1024	1023	976	1070	1146	1258	1360
Synj1_+_91011001.23-P1P2	Synj1	603	1623	1344	1842	1856	1963	1763	1724	1385	3026	1609	1445	2449	1672	1357	1540	1188	1365	1276	1177	1325	1540	1668	1740
Fgf2_+_37348382.23-ENSMUST00000138563.2	Fgf2	390	949	837	1334	1003	1171	1038	1107	693	1729	580	1010	1776	855	956	877	739	684	686	648	901	887	1004	1060
Mthfr_-_148039219.23-P1	Mthfr_P1	429	1201	1336	1745	1981	1921	1533	1726	1455	1963	1731	1988	2681	2140	1227	1374	1205	1242	1071	1154	1328	1391	1512	1738
Casp7_+_56397286.23-P1P2	Casp7	468	1149	904	1251	1114	1244	954	1127	905	1636	1239	1760	1145	2258	968	1091	842	784	841	882	859	1059	1369	1104
Nalcn_-_123627015.23-P1P2	Nalcn	612	1432	1470	2162	2005	1799	1581	1647	1451	1973	2163	2342	2578	1568	1325	1625	1378	1256	1248	1401	1345	1164	1774	1918
Chchd2_-_129887426.23-P1P2	Chchd2	988	2261	1939	2741	2591	2792	2258	2404	1971	3610	1871	3027	3780	1734	1955	2165	1702	1898	1518	1716	1803	1835	2147	2265
Cnr1_-_33924687.23-P1P2	Cnr1	445	1284	940	1460	1414	1347	1102	1273	972	1278	1226	1948	917	2101	1009	1162	970	971	889	918	1080	1075	1377	1175
Elovl4_-_83806064.23-P1P2	Elovl4	536	1040	916	1220	1152	1258	1138	1053	771	1766	1050	1616	1471	814	845	1110	755	867	846	778	900	798	1077	1134
Prickle2_-_92706209.23-P1	Prickle2_P1	344	973	936	1548	1357	1231	984	1033	989	1724	1802	1178	1173	1117	841	1031	800	752	803	803	879	938	1147	1220
non-targeting_01766	non-targeting	578	1633	1552	2234	2904	2137	2003	2021	1729	2052	2365	2720	2415	1216	1412	1891	1655	1404	1297	1387	1609	1594	1959	1968
Mecp2_-_74085366.23-P1P2	Mecp2	137	422	443	599	647	587	535	506	459	741	619	487	948	69	479	518	375	352	330	419	398	353	532	548
Rbfox3_+_118909491.23-P1P2	Rbfox3	504	768	696	1104	951	1004	860	960	521	1229	966	1411	937	190	647	763	604	708	596	700	722	679	895	805
Ung_-_114131245.23-P1P2	Ung	586	1437	1053	1803	1788	1687	1585	1642	1285	2161	1953	2321	2397	1583	1175	1465	1282	1140	1090	1247	1334	1213	1503	1718
Hip1_+_135544873.23-P1P2	Hip1	1070	2728	2514	3714	4052	3528	2865	2993	2426	3793	3358	3190	3947	2247	2650	3128	2625	2245	2018	2617	2464	2663	3132	3296
Psmd1_+_86064692.23-P1P2	Psmd1	328	1121	985	1465	1178	1287	1034	1102	929	1686	1347	980	1047	90	812	1048	851	794	793	833	856	863	1194	1123
Sirt3_+_140881751.23-P1P2	Sirt3	700	1612	1576	2625	2228	2286	1766	2043	1728	2727	1994	2838	2355	1384	1690	1775	1515	1377	1376	1616	1691	1514	2052	2123
Slc2a1_-_119108871.23-P1P2	Slc2a1	707	1361	1456	2028	1796	1967	1474	1820	1484	2704	2033	2022	1924	2136	1429	1609	1216	1214	1197	1353	1397	1324	1610	1674
Nop56_-_130274696.23-P1P2	Nop56	210	700	634	636	849	876	557	606	633	952	745	927	897	644	328	292	261	292	270	256	269	188	262	267
Pax6_+_105669139.23-P1	Pax6_P1	500	1471	1225	2043	1864	1684	1503	1321	1406	2528	2047	1566	2602	444	1283	1462	1168	1283	1021	1290	1284	1158	1760	1610
Padi4_+_140774164.23-P1	Padi4_P1	442	760	925	1565	1548	1076	1077	1054	801	1819	1322	1350	1318	986	887	1045	757	868	674	796	805	681	1071	1168
Tuba3b_-_145616054.23-P1P2	Tuba3b	689	1852	1395	2213	1921	2046	1791	1839	1595	2291	2406	1763	2257	2827	1392	1648	1515	1106	1257	1470	1448	1441	1866	1969
Timm8a1_-_134541842.23-P1P2	Timm8a1	465	1053	1113	1430	1307	1372	1404	1419	1123	1885	1257	1345	1535	29	984	1340	1048	751	889	895	930	1088	1162	1381
Ly6e_+_74955731.23-P1P2	Ly6e	187	336	366	503	554	506	398	534	394	676	644	349	929	67	355	471	368	291	275	384	332	420	443	344
Trpv4_+_114658390.23-P1P2	Trpv4	612	1451	1234	2039	1835	1816	1544	1489	1273	2035	1956	1346	2697	1095	1228	1490	1237	1138	1035	1217	1412	1337	1651	1690
Tmem240_-_155734879.23-P1P2	Tmem240	180	846	707	1021	908	734	409	416	390	1002	559	500	431	215	439	485	395	332	299	339	436	301	357	435
Lgi1_+_38264806.23-P1P2	Lgi1	653	1706	1614	2359	2542	2196	2048	2023	1618	2441	2733	2696	2067	1466	1645	1908	1540	1415	1272	1550	1562	1419	1984	2135
Nras_-_103058352.23-P1P2	Nras	354	1137	1093	1824	1337	1442	1466	1316	1257	1469	1063	1762	1497	1146	967	1249	1091	957	988	997	1088	1076	1397	1187
Nanog_-_122707612.23-P1P2	Nanog	409	1087	1094	1817	1649	1463	1117	1371	987	1987	1198	1205	1884	718	1125	1383	1052	1092	927	1013	1104	1070	1420	1511
Notch3_+_32166883.23-P1P2	Notch3	474	922	1018	1277	1337	1239	1220	1105	994	1722	1115	1396	1547	1676	1045	1196	881	931	811	908	915	1116	1249	1358
Tomm20_-_126945584.23-P1P2	Tomm20	470	997	837	1594	1566	1522	1173	1263	948	2069	1261	1196	1744	951	1141	1086	903	832	811	888	925	858	1136	1029
Psmd12_-_107479733.23-P1P2	Psmd12	721	1140	1253	2082	1657	1878	1201	1634	1168	2347	1662	2400	1590	1712	1120	1407	1178	1031	936	1067	1301	1155	1235	1362
Chmp1a_-_123212754.23-P1P2	Chmp1a	963	2630	2161	3483	3097	3198	2433	2763	2095	4880	3085	4097	3468	2173	2193	2662	2112	2144	1886	2291	2147	2263	2741	2954
Cd40lg_-_57212310.23-P1P2	Cd40lg	296	747	692	1001	718	963	680	824	665	807	718	827	873	181	540	845	553	440	572	546	725	613	873	880
Lrriq3_-_155093557.23-P1P2	Lrriq3	411	1095	1030	1599	1429	1219	1268	1126	1135	1395	934	1282	1699	1895	966	1240	892	893	742	926	1050	937	1323	1114
Cxcr4_+_128592255.23-P1P2	Cxcr4	405	1209	948	1682	1850	1480	1301	1404	1212	1405	1132	1803	1418	1756	1049	1177	886	951	910	912	1024	964	1232	1287
Adcyap1_+_93199201.23-P1P2	Adcyap1	770	1916	1460	2427	2326	2113	1874	1785	1518	2135	1897	2444	2742	2745	1736	1749	1542	1444	1324	1327	1469	1723	1892	1791
Glb1_-_114401183.23-P1P2	Glb1	199	800	810	1024	992	971	973	969	701	1244	795	1420	1410	231	828	822	702	683	623	688	809	778	991	873
Psmd13_+_140882414.23-P1P2	Psmd13	246	969	1037	1043	1158	1110	674	915	708	1107	1062	1264	1014	969	568	890	640	533	480	680	663	526	721	672
Actr1a_+_46395693.23-P1P2	Actr1a	574	1381	1401	2222	2107	2009	1809	1698	1403	2357	1504	2023	1648	1605	1292	1606	1342	1146	1031	1281	1178	1228	1733	1590
Tbce_+_14039547.23-P1P2	Tbce	252	725	577	966	739	787	477	633	442	561	598	697	963	18	475	555	517	360	354	403	433	331	577	430
Idua_-_108669300.23-P1P2	Idua	529	1393	1286	1615	1671	1719	1173	1453	1081	2920	2352	1605	2294	1634	1152	1588	1066	1099	993	1076	1210	1208	1421	1423
Zfyve26_+_79296071.23-P1P2	Zfyve26	501	1423	1124	1669	1550	1583	1172	1437	1303	1712	1326	1198	1565	1525	1033	1183	803	1024	832	915	1233	562	873	868
Ang2_+_51195879.23-ENSMUST00000051274.1	Ang2	807	2048	2044	2808	2690	2756	2172	2325	1851	3081	2804	2528	3377	1224	1859	2339	1608	1876	1519	1619	1877	1821	2277	2184
non-targeting_01168	non-targeting	495	1330	1155	1722	1764	1624	1381	1594	993	1620	1373	1856	2318	1349	1039	1284	1060	958	992	1046	1164	1189	1582	1484
Ryr2_-_12106598.23-P1P2	Ryr2	286	618	782	938	1103	1045	556	965	715	372	602	1003	1153	22	678	664	700	665	651	695	684	642	912	736
Smpd1_+_105554507.23-P1P2	Smpd1	326	890	597	1029	1102	1073	1010	1183	586	1210	576	1256	908	781	763	864	710	675	620	780	784	622	905	876
Dnah3_-_120095293.23-P1P2	Dnah3	486	1504	1400	1826	1876	1999	1536	1556	1479	2401	1689	2049	2216	973	1506	1401	1355	1037	1104	1224	1352	1336	1706	1719
Tuba3b_-_145616065.23-P1P2	Tuba3b	568	1175	1024	1608	1537	1548	1200	1530	1040	1944	1198	1512	1612	1412	1219	1347	934	1064	883	997	1058	1143	1224	1351
Wnt2_-_18030125.23-P1P2	Wnt2	282	891	931	1477	1255	1076	1019	1093	693	1772	946	1240	1984	1561	819	1035	762	818	697	843	758	795	948	1001
Morc2b_+_33139604.23-P1P2	Morc2b	187	531	530	847	637	620	547	650	513	1070	617	894	749	1089	523	619	514	514	397	438	497	485	630	562
Nox4_-_87246883.23-P1P2	Nox4	454	864	721	1131	1424	1172	939	1208	715	1499	1665	1630	1647	981	828	1109	841	783	715	865	913	883	1071	1140
Trrap_-_144768261.23-P1P2	Trrap	297	1233	1146	1861	1559	1599	1361	1478	1145	1461	1176	1704	1604	1103	1006	1274	1050	893	931	984	1098	1120	1349	1374
Npc2_-_84772871.23-P1P2	Npc2	239	822	671	1417	1210	993	791	759	572	1312	1164	1118	1250	55	479	526	487	415	382	530	475	214	437	403
Rab10_-_3309900.23-P1P2	Rab10	338	1069	1059	1189	1307	1320	1029	1044	1039	2047	1043	1723	1463	508	826	1139	789	859	885	850	944	1050	1093	1120
Syt1_+_109010847.23-P1P2	Syt1	620	1506	1347	2310	2418	2115	1722	2020	1294	2920	2073	2319	3132	1671	1645	2026	1413	1416	1110	1308	1621	1260	1595	1983
Ndufa10_-_92473771.23-P1P2	Ndufa10	935	2701	2527	3929	3411	3392	2496	2891	2307	4957	3357	3755	3493	4367	2335	2739	2315	2340	2053	2625	2212	1953	2669	2930
Taf15_+_83473131.23-P1P2	Taf15	450	1133	908	1554	1836	1340	1239	1248	1050	1850	1761	1290	1510	177	1077	1309	967	939	814	828	1075	1067	1208	1218
Ube2j1_+_33031580.23-P1P2	Ube2j1	301	1232	1094	1408	1413	1457	1039	1412	970	1328	1198	1561	2059	500	1041	1158	1023	889	772	931	953	807	999	961
Pus1_+_110780392.23-P1P2	Pus1	369	1038	1105	1356	1345	1289	1003	1090	771	1573	1092	1198	1942	740	842	878	901	948	720	814	881	688	1159	1003
Smcr8_+_60777611.23-P1P2	Smcr8	415	1475	1044	1481	1522	1399	1180	1384	1163	1384	1595	1404	2239	1663	1079	1178	969	833	809	923	1108	875	1184	1295
Cst3_-_148875423.23-P1P2	Cst3	175	318	411	765	648	624	593	405	413	523	874	561	302	581	318	423	384	443	294	426	429	412	482	513
non-targeting_03259	non-targeting	456	1091	1106	2016	1495	1690	1432	1563	1117	2331	1091	2069	2009	1321	1278	1313	1028	1027	945	1073	1215	1090	1500	1457
Gpnmb_-_49036675.23-P1P2	Gpnmb	652	1208	1031	1745	1319	1412	1422	1300	1337	1159	1193	986	1738	1298	1062	1200	1081	1015	860	1105	1133	1118	1353	1465
Il13ra1_+_36112176.23-P1P2	Il13ra1	332	778	705	1242	842	1043	857	824	661	1192	632	1085	972	315	782	851	604	734	622	690	623	694	909	918
non-targeting_02224	non-targeting	639	1307	1327	2001	1776	1748	1377	1466	1220	2275	1558	1802	1739	477	1276	1298	1081	1174	950	1033	1158	1310	1632	1704
Bean1_+_104170576.23-P1P2	Bean1	371	1378	1059	1528	1275	1427	1161	1209	901	1069	1153	1442	1430	1728	886	1023	923	868	814	893	1029	952	1153	1379
Sox3_-_60893377.23-P1P2	Sox3	433	1122	1070	1803	1328	1651	1153	1520	1009	1355	1384	1885	1873	703	972	1204	851	940	933	1006	989	1131	1198	1294
Sh3tc2_+_61953056.23-P1P2	Sh3tc2	332	783	728	1158	958	1154	971	1154	661	1160	1130	1192	1380	418	851	1014	777	762	692	714	813	697	914	1041
Chchd10_-_75935920.23-P1P2	Chchd10	483	944	920	1689	1394	1364	1461	1211	908	1554	1510	1409	1693	1208	838	1086	808	941	775	845	889	1095	1314	1090
Ndufv2_+_66101487.23-P1P2	Ndufv2	396	1043	1066	1516	1467	1433	1137	1326	1045	1814	760	1237	2089	1995	1078	1222	1033	965	816	1006	1052	909	1273	1399
Nbr1_-_101552944.23-P1P2	Nbr1	383	1239	1343	1841	1713	1448	1476	1578	1207	2526	1832	2232	1988	1600	1047	1220	1044	1053	976	1045	1075	1146	1407	1314
Csnk2b_-_35121231.23-P1P2	Csnk2b	341	615	718	1124	974	1009	870	924	598	1358	893	620	908	18	839	753	776	584	481	750	648	559	802	794
Nbr1_+_101552859.23-P1P2	Nbr1	495	982	1151	1909	1318	1811	1284	1662	1230	2206	1491	249	2190	453	1192	1361	1063	1002	971	1103	1154	1176	1299	1346
Cox7a1_-_30184222.23-P1P2	Cox7a1	530	1117	1018	1626	1416	1358	1307	1391	889	1034	1022	1114	1621	708	1027	1255	1025	954	839	990	1019	1053	1390	1183
Gstm2_+_107986418.23-P1P2	Gstm2	743	1733	1496	2121	2107	2090	1878	1757	1231	1590	2310	2537	2848	1523	1340	1543	1175	1458	1309	1394	1541	1375	1896	1977
Arih1_+_59486648.23-P1P2	Arih1	567	1254	1088	1609	1110	1541	1161	1185	1029	2478	1313	1392	2003	1121	1012	1071	923	833	903	1034	952	1045	1320	1264
Kif5b_+_6241487.23-P1P2	Kif5b	520	1170	871	1806	1522	1647	1484	1781	1179	1739	1554	1671	2668	2118	1097	1392	1174	1010	923	1173	1220	1454	1387	1395
Sptlc3_+_139494107.23-P1P2	Sptlc3	505	1031	995	1324	1218	1463	1158	1273	971	1930	716	1307	1739	2088	872	913	861	812	783	893	928	808	1189	1044
Ndufa3_-_3617422.23-P1P2	Ndufa3	563	1113	1055	1755	1656	1460	1099	1068	1040	1939	1143	1735	1490	1000	847	1049	920	904	742	879	949	539	614	657
Ralgps2_+_156939581.23-P1P2	Ralgps2	524	1396	1382	1834	1797	1584	1306	1566	1196	2540	1850	2008	1419	1937	1066	1241	1067	1197	948	1069	1165	935	1394	1414
Egf_+_129755229.23-P1P2	Egf	359	977	860	1261	1547	1301	1178	1268	1059	1868	1113	1276	1692	531	916	1164	839	808	770	857	996	858	1135	1055
Pfn1_+_70654615.23-P1P2	Pfn1	496	1518	1193	2228	1803	1929	1636	1900	1330	2902	1500	1781	2226	1004	1477	1665	1287	1288	1145	1350	1313	1364	1701	1892
Itm2b_+_73368385.23-P2	Itm2b_P2	622	1685	1665	2327	2271	2111	1762	1678	1397	2392	1732	2152	2656	1135	1335	1795	1580	1466	1249	1468	1479	1570	1754	1722
Apoa1_-_46228736.23-P1P2	Apoa1	340	849	595	1050	1067	968	798	1033	772	1373	415	379	860	801	740	882	663	638	642	727	670	681	835	896
Pon1_-_5193750.23-P1P2	Pon1	779	1307	1552	2172	1743	1601	1471	1642	1312	1427	1576	1990	2337	2239	1345	1405	1122	1191	1032	1139	1184	1123	1531	1520
Alb_+_90460901.23-P1P2	Alb	439	1165	967	1888	1432	1551	1537	1366	1049	2099	1146	1347	2159	221	1032	1399	1110	986	903	985	1282	1126	1395	1324
Ndufs1_-_63176673.23-P1P2	Ndufs1	370	667	728	886	817	813	737	757	545	960	646	826	887	424	542	830	701	548	508	598	609	604	831	802
Gstm3_+_107969093.23-P1P2	Gstm3	383	729	617	1008	1041	1057	721	895	833	1671	1123	1654	985	793	823	1064	613	696	644	656	758	597	913	861
Vamp1_+_125231267.23-P2	Vamp1_P2	205	594	601	807	641	784	723	882	598	1096	634	867	768	377	783	722	637	564	556	630	586	710	676	793
Atm_-_53536704.23-P1P2	Atm	409	921	809	1395	1221	1423	902	1188	976	1374	1076	1606	1044	337	857	1155	769	772	774	819	865	737	852	925
Nars2_+_96951611.23-P1P2	Nars2	350	946	904	1284	1038	1388	1151	1223	1038	1335	1438	1697	1414	587	933	897	865	713	844	813	955	676	1058	864
Ttpa_-_20008433.23-P1P2	Ttpa	439	1739	1393	2306	1875	1945	1740	1712	1373	1770	1892	2156	2386	3005	1264	1576	1295	1236	1146	1374	1220	1372	1711	1886
Ndufa12_-_94199240.23-P1P2	Ndufa12	745	1992	1747	2590	1801	2464	2124	2056	2047	3071	2588	2864	2837	1030	1595	1935	1682	1418	1495	1592	1595	1851	2222	2261
Ndufb3_+_58586801.23-P1P2	Ndufb3	373	947	1128	1361	1130	1124	1098	977	772	1540	1112	1721	1759	1202	761	1034	817	793	661	808	873	724	883	1014
Xpnpep1_+_53038565.23-P1P2	Xpnpep1	702	1152	1284	2160	1368	1798	1712	1815	1285	2836	1616	1909	1992	2433	1269	1739	1161	1215	1176	1512	1322	1253	1693	1830
Apod_+_31314576.23-P1P2	Apod	279	877	922	1497	1128	1404	1136	1432	953	1258	1250	1354	1786	2235	844	1252	822	821	829	891	907	907	1136	1267
Cd55_+_130462719.23-P1P2	Cd55	276	698	856	1028	895	823	685	760	638	804	740	1148	949	835	678	793	538	511	500	645	675	742	698	779
Ang6_-_44002249.23-ENSMUST00000096869.2	Ang6	299	903	844	1337	857	1237	919	913	692	1448	1030	1389	1292	787	786	821	740	686	595	805	746	698	967	889
Aga_-_53511807.23-P1P2	Aga	295	757	729	1120	969	944	842	864	819	633	608	1261	771	438	740	836	746	484	671	624	709	757	944	863
Csf1r_+_61105913.23-P1P2	Csf1r	471	1148	1023	1714	1456	1366	1309	1062	1179	1648	1821	1411	1820	681	1035	1150	935	823	886	951	1007	1197	1445	1272
Mthfr_+_148041442.23-P2	Mthfr_P2	346	1014	1012	1513	1390	1358	1343	1300	1066	1278	1215	1408	1372	533	902	1119	758	847	820	905	886	1025	1314	1155
Ndufs3_-_90904716.23-P1P2	Ndufs3	496	1506	1350	1961	2281	2047	1691	1774	1394	1905	1833	2032	2467	2071	1371	1607	1290	1395	1185	1409	1500	1412	1757	1601
Atp13a2_-_140986910.23-P1P2	Atp13a2	501	1551	1530	1856	1876	1604	1462	1695	1287	2187	1033	1945	2259	1091	1235	1595	1245	1090	1073	1281	1335	1428	1708	1504
Capn1_-_6015186.23-P1P2	Capn1	428	1244	1159	1626	1401	1371	1272	1460	989	1791	2048	1315	2052	1594	1041	1286	969	847	910	966	953	911	1326	1337
Gpx8_-_113046354.23-P1P2	Gpx8	232	691	625	974	952	783	721	738	601	598	1058	570	455	106	601	659	522	537	530	590	518	490	804	747
Becn1_+_101302209.23-P1P2	Becn1	460	993	814	1572	1339	1208	904	871	695	1223	835	952	1275	506	552	650	573	508	507	485	546	345	580	434
Psmd3_-_98682614.23-P1P2	Psmd3	447	1464	1249	1903	1563	1454	1171	1172	908	1998	1271	1668	1599	1186	925	1138	922	821	823	896	967	858	1224	1115
Chat_+_32460845.23-P1	Chat_P1	316	843	667	1054	969	1012	1020	743	888	1533	986	861	927	1157	724	847	715	702	593	604	697	803	898	854
Letm1_-_33782713.23-P1P2	Letm1	485	1300	1281	1707	1343	1579	1106	1363	961	1597	1329	1737	1032	692	850	1008	787	813	741	741	788	460	883	758
Cox6a1_-_115348888.23-P1P2	Cox6a1	379	1090	1070	1518	965	1238	794	1007	974	1574	684	1263	960	1153	913	1044	894	746	792	800	796	867	1000	1302
Cln6_-_62838855.23-P1P2	Cln6	482	1440	1396	2017	1892	1724	1706	1659	1359	1621	2069	1329	1983	1248	1177	1452	1074	1185	1017	1107	1109	1152	1312	1386
Rbpj_+_53591147.23-P1P2	Rbpj	451	1141	1045	1479	1276	1382	1117	1352	1013	1779	1117	1245	1655	931	1018	1307	842	978	893	948	1033	871	1263	1256
Msra_-_64440847.23-P1P2	Msra	891	2339	2315	2969	3051	2870	2123	2317	2421	3235	2876	2593	3850	1688	2068	2380	1766	1759	1505	1863	2122	2118	2678	2520
Ndufv1_+_4012655.23-P1P2	Ndufv1	580	1325	1262	1809	1914	1837	1446	1588	1227	1937	1501	1852	1484	917	1192	1461	1162	1220	1067	1235	1242	1030	1467	1532
Uba1_+_20662928.23-P1	Uba1_P1	699	1598	1359	1950	1679	1771	1688	1693	1352	2294	1847	1657	2050	1263	1277	1462	1053	1035	1021	1194	1342	1169	1689	1626
Tor1a_+_30967668.23-P1P2	Tor1a	417	1160	1035	1836	1760	1680	1301	1499	1357	1994	1907	1851	2049	780	1055	1308	1221	1304	1003	1141	1150	1057	1658	1687
Grm2_-_106656014.23-P1P2	Grm2	726	1877	1915	2696	2148	2457	2138	2342	1891	3278	2311	2512	3061	2223	1794	2119	1548	1606	1445	1709	1631	1667	2115	2108
Emilin1_-_30913503.23-P1P2	Emilin1	454	1049	1022	1300	989	1384	1101	1113	738	1392	1167	1185	1233	1401	898	1088	1002	931	756	752	1002	793	1273	1202
Actr1a_-_46395501.23-P1P2	Actr1a	601	1875	1707	2162	2022	1946	1599	1958	1379	2132	2050	1509	2275	865	1590	1812	1356	1134	1221	1288	1392	1168	1802	1811
Psmd8_-_29180602.23-P1P2	Psmd8	412	1161	1092	1742	1344	1367	1083	1186	862	1481	1372	1788	1335	305	774	1041	782	804	760	832	808	630	912	753
Ube2v1_+_167632003.23-P1P2	Ube2v1	216	803	675	964	1046	972	960	903	810	1086	894	1208	1168	274	762	805	750	718	591	664	691	629	836	983
Tmem119_-_113800358.23-P1P2	Tmem119	428	1122	812	1248	1222	1332	1010	991	907	1558	883	1524	1401	1246	876	1039	770	803	820	938	959	877	1052	1135
Arl6ip1_+_118129375.23-P1P2	Arl6ip1	320	1018	823	1313	1353	1322	1155	1471	946	1463	1378	1093	2001	1018	911	1050	883	996	801	960	966	787	1156	1159
Ndufv3_+_31520227.23-P1P2	Ndufv3	354	980	924	1344	1266	1253	892	1358	931	1074	1341	1170	1575	478	953	889	724	711	617	893	796	672	1065	1007
Slc9a5_-_105348290.23-P1P2	Slc9a5	749	1380	1537	2016	2079	2057	1626	1849	1473	2668	1885	1633	1902	1353	1440	1720	1336	1382	1226	1373	1390	1333	1763	1696
Lmnb2_-_80918194.23-P1P2	Lmnb2	208	846	700	990	910	1219	1054	1088	706	840	814	777	1368	505	775	718	745	659	561	680	773	745	960	963
Hprt_+_52988171.23-P1P2	Hprt	168	608	660	701	709	599	523	573	386	1113	729	426	594	356	444	555	445	367	434	432	537	385	678	630
Gstm1_-_108017869.23-P1P2	Gstm1	646	1405	1082	1977	1779	1828	1543	1348	1378	2583	1430	1826	1916	1285	1199	1455	1153	1033	907	1169	1291	1378	1487	1346
Ewsr1_+_5099007.23-P1P2	Ewsr1	250	551	622	675	565	638	568	610	465	635	438	809	931	342	559	607	504	371	423	462	570	602	682	676
Snx14_+_88438897.23-P1P2	Snx14	528	1592	1488	2185	1905	1659	1531	2011	1213	1781	1563	1942	2130	1225	1204	1476	1249	1069	992	1302	1364	1132	1692	1505
non-targeting_01065	non-targeting	228	608	575	1249	1009	901	752	795	797	1476	1050	847	971	724	728	747	654	553	571	709	622	672	697	749
Dnah7a_-_53706787.23-P1P2	Dnah7a	184	837	691	894	726	986	717	893	539	985	1173	1044	562	220	626	798	637	681	684	528	627	611	802	808
Cd55_+_130462657.23-P1P2	Cd55	371	1007	810	1587	1249	1250	983	1141	895	1367	1262	974	1850	1110	980	1034	831	783	836	865	895	1040	1254	1159
Cyp2d12_-_82555087.23-P1P2	Cyp2d12	508	1253	1026	1801	1824	1708	1250	1683	1414	2192	1492	1587	1763	1039	1146	1446	1311	1156	1161	1316	1103	1176	1486	1329
Gosr2_-_103697651.23-P1P2	Gosr2	541	1674	1744	2238	1748	2117	1546	2087	1594	2214	1740	2207	2821	1342	1419	1783	1450	1391	1271	1449	1401	1512	1845	1759
Fadd_-_144582390.23-P1P2	Fadd	428	1078	907	1550	1399	1437	1236	1190	1044	1677	1376	1495	1581	704	856	1134	911	843	830	946	877	1166	1197	1344
Bax_-_45466764.23-P1P2	Bax	422	1186	862	1336	1386	1420	1173	1124	1026	2479	1380	1392	1123	717	977	1121	972	817	830	987	989	896	1324	1216
Wnt3a_+_59290711.23-P1P2	Wnt3a	571	1683	1554	2493	2296	2324	1687	1990	1431	2456	2468	1952	2296	859	1637	1740	1388	1476	1313	1472	1714	1522	2116	1970
Gcg_-_62483614.23-P1P2	Gcg	574	1508	1292	2142	1852	2078	1555	1836	1476	2933	1970	2614	2908	947	1384	1692	1349	1286	1229	1396	1511	1435	1805	1902
Psma5_+_108257041.23-P1P2	Psma5	296	790	791	842	928	1014	756	803	730	729	676	1450	827	335	636	737	639	625	578	658	622	716	795	824
Nxnl1_+_71566575.23-P1P2	Nxnl1	307	889	814	1217	929	953	726	1050	850	1154	1025	1045	1330	827	772	857	643	685	679	634	687	817	804	849
Hdac2_+_36974570.23-P1P2	Hdac2	133	501	485	749	691	667	522	712	457	783	726	758	480	548	410	522	389	334	381	411	459	369	578	673
Sptbn2_+_4711239.23-P1P2	Sptbn2	556	1851	1293	1964	1846	1982	1682	1779	1315	2472	1997	2294	2393	1351	1374	1510	1471	1316	1132	1330	1437	1279	1783	1886
Atp5b_+_128083363.23-P1P2	Atp5b	613	1424	1362	1822	1531	1547	1422	1482	1193	2159	1958	1679	2244	1416	1103	1198	1056	1025	949	1217	1113	864	1071	935
Pank1_+_34877834.23-P1P2	Pank1	169	639	495	817	614	779	749	798	489	939	1122	1000	1396	1054	517	644	539	490	530	576	650	565	649	678
Kat2a_-_100712425.23-P1P2	Kat2a	620	1326	1302	1587	1647	1961	1588	1490	1125	1929	2418	2646	1722	744	1213	1370	1159	1236	1090	1325	1302	1371	1636	1766
Esr1_+_4710215.23-P1P2	Esr1	424	1203	1072	1478	1716	1512	1295	1446	1104	1445	983	1676	1331	687	1099	1481	1142	1032	935	1058	1148	1160	1351	1381
Fus_-_127967500.23-P1P2	Fus	450	1302	999	1361	1539	1403	907	1242	1037	1505	1454	1491	1203	518	924	1138	886	812	778	900	979	738	1170	1133
Wnt7b_+_85581817.23-P1	Wnt7b_P1	387	985	912	1677	1372	1500	1242	1263	964	922	1161	1409	1824	707	1101	1271	974	762	879	1012	975	836	1279	1278
Dnah14_-_181741482.23-ENSMUST00000160345.1	Dnah14	411	1131	1128	1923	1649	1364	1441	1239	1042	1420	1481	1756	1908	529	1044	1273	960	875	980	1048	1184	999	1430	1325
Fadd_-_144582383.23-P1P2	Fadd	601	1076	1247	1511	1325	1736	1520	1172	1122	1766	1524	1425	1468	99	1114	1196	1099	920	883	938	1020	1242	1443	1493
Chrm5_+_112480760.23-ENSMUST00000099589.2	Chrm5	677	1100	1174	1483	1755	1469	1455	1378	1235	1759	1634	1756	1679	1129	1138	1279	1087	984	931	1011	1079	1162	1249	1342
Clp1_+_84727223.23-P1P2	Clp1	535	1209	988	1538	1307	1479	1360	1183	1083	1601	1458	1426	1743	1493	975	1252	936	911	903	977	1042	1029	1226	1147
Dnah1_+_31323895.23-ENSMUST00000048603.7	Dnah1	677	1640	1275	2304	2097	1801	1816	1811	1484	2290	1932	1622	2070	1312	1285	1763	1248	1195	1173	1316	1258	1301	1685	1660
Tgm2_+_158146296.23-P1P2	Tgm2	403	861	791	1262	1139	1083	822	1124	624	1112	1214	1580	817	1071	831	875	813	688	636	851	816	797	1073	957
Matr3_+_35562280.23-P1P2	Matr3	437	1391	1026	1593	1588	1595	1061	1504	1080	1799	1655	1144	1746	604	989	1239	978	865	846	1025	1038	884	1264	1306
Ap4s1_+_51691067.23-P1P2	Ap4s1	702	1416	1271	2047	1667	1674	1629	1534	1318	1300	1259	1799	1842	744	1213	1284	1068	1078	1105	1140	1190	1228	1647	1564
Pmp22_+_63133161.23-P2	Pmp22_P2	327	668	623	835	765	914	708	882	608	1178	597	920	1412	226	672	721	659	463	536	562	657	524	791	761
Brca2_+_150522669.23-P1P2	Brca2	608	1410	1645	2426	1802	2010	1720	2002	1348	1798	1597	1728	1593	2413	1465	1550	1295	1143	1103	1314	1501	1513	1777	1887
Atp5o_-_91931535.23-P1P2	Atp5o	478	1049	793	1170	1646	1262	945	1114	970	1171	993	910	1440	623	832	1008	736	820	749	916	780	738	1050	934
Mfsd8_-_40846817.23-P1P2	Mfsd8	209	854	836	996	1195	1043	761	856	734	1077	865	1484	1054	162	742	787	710	597	621	661	752	762	966	690
Nrbf2_+_67285281.23-P1P2	Nrbf2	551	1462	1476	1673	1980	1918	1740	1944	1428	2825	2141	2507	2034	693	1366	1505	1216	1232	1077	1294	1351	1458	1605	1785
Kidins220_+_24974951.23-P1P2	Kidins220	433	1342	1134	1839	1470	1318	989	1233	1112	2490	1331	1537	2368	1034	1088	1389	1108	1016	970	1033	1193	1154	1578	1471
Cox7a1_-_30184203.23-P1P2	Cox7a1	465	1557	1517	2145	1865	1951	1681	1753	1388	2224	1608	1654	2847	1763	1287	1536	1258	1137	1092	1268	1346	1313	1563	1742
Stub1_+_25832942.23-P1P2	Stub1	401	960	739	1437	971	1128	1126	1078	777	1374	843	1121	1629	932	823	898	753	818	635	811	715	853	1070	1062
Gjb1_+_101377336.23-P1P2	Gjb1	497	1255	1181	1756	1564	1600	1384	1283	1189	2486	1852	2123	2122	1302	1051	1248	1099	1067	945	1167	1156	956	1567	1643
Uqcrh_+_116074989.23-P1P2	Uqcrh	252	951	968	1420	1416	1169	978	1233	761	1639	1090	1399	1041	1171	799	1030	779	748	791	725	846	817	960	1124
Uchl1_+_66676281.23-P1P2	Uchl1	577	1478	1401	2354	2038	1993	1794	1593	1491	1667	1906	2217	2515	2432	1289	1573	1378	1176	1136	1270	1329	1269	1589	1699
Pdxk_-_78464881.23-P1P2	Pdxk	313	899	959	1535	1239	1121	654	1134	675	855	902	852	857	13	701	747	612	397	365	467	540	324	364	344
Renbp_-_73930770.23-P1P2	Renbp	376	675	515	943	1097	929	838	806	701	796	782	529	1179	2073	602	704	653	623	603	608	712	586	724	830
Fbxo38_-_62548642.23-P1P2	Fbxo38	473	1136	841	1642	1433	1400	835	1180	988	1647	1184	1601	2546	1403	971	1007	872	891	872	891	902	880	1093	1113
Map2k2_+_81106003.23-P1P2	Map2k2	505	997	1151	1768	1236	1216	1236	1311	950	1664	1988	1123	1979	606	1102	1248	1202	871	1025	1042	1096	921	1264	1290
Sptlc2_-_87388218.23-P1P2	Sptlc2	216	761	563	775	789	804	574	685	502	1064	803	925	561	265	438	518	463	414	400	485	402	389	538	459
non-targeting_02496	non-targeting	478	1096	932	1377	1596	1327	1218	1169	1086	1857	1344	1712	1651	1238	975	1138	760	820	687	938	956	1002	1218	1171
Nqo1_-_107402825.23-P1P2	Nqo1	528	1253	1203	1477	1689	1655	1360	1775	1154	2095	1568	1435	2121	1267	1026	1468	1063	1102	1007	1150	1220	1176	1622	1472
Park7_-_150909774.23-P1	Park7_P1	614	1122	1235	1996	1594	1545	1394	1686	1180	1770	1640	1942	1878	342	1104	1248	1080	1008	956	1212	1205	1155	1550	1424
"Oxr1_+_41447700.23-ENSMUST00000110297.2,ENSMUST00000090096.4"	Oxr1	344	1398	1120	1474	1359	1421	1388	1382	1145	1725	1252	1352	1608	1050	1161	1386	1154	859	865	1200	968	1026	1372	1264
Mfge8_-_79148874.23-P1P2	Mfge8	319	998	1060	1396	1392	1259	957	1258	711	1668	1557	1726	1203	1240	875	1026	912	881	680	995	887	876	1199	1224
non-targeting_02612	non-targeting	301	810	694	1229	1005	1185	963	978	1002	1385	665	1232	1017	788	763	1048	586	736	592	700	602	944	959	923
Tpp2_+_43934062.23-P1P2	Tpp2	628	1448	1611	2150	1907	1936	1763	1822	1458	1458	826	1270	1857	490	1432	1690	1482	1217	1190	1287	1423	1591	1894	1764
Tuba4a_-_75218965.23-P1P2	Tuba4a	395	849	885	1515	1479	1335	1050	1218	912	1062	1152	985	1223	227	910	1059	813	841	751	760	689	704	1087	1204
Mnat1_-_73123802.23-P1P2	Mnat1	955	2025	1710	3145	2454	2571	2308	2382	2037	2860	2543	2708	3609	1839	1965	2194	1853	1809	1567	1771	1846	2008	2099	2170
Pten_+_32757643.23-P1P2	Pten	454	1041	1050	1376	1094	1225	1001	923	948	1447	1458	1337	1140	585	883	998	804	784	719	828	905	852	1046	1028
Pomc_-_3954965.23-P1P2	Pomc	489	1304	1190	1925	1668	1661	1256	1533	1208	2111	1189	1892	2162	524	1240	1423	1072	1032	1030	1228	1201	1203	1592	1493
Scn8a_+_100870978.23-P1P2	Scn8a	415	1317	1088	1432	1362	1420	1063	1237	770	1294	1528	1189	1888	1837	947	1211	911	898	801	913	1010	1052	1327	1062
Pno1_-_17211543.23-P1P2	Pno1	352	1421	917	1622	1520	1676	1276	1411	1076	2171	1791	1744	1666	908	1103	1356	949	938	928	1067	1094	983	1377	1451
Csf1r_+_61105905.23-P1P2	Csf1r	430	1383	1361	1981	1916	1824	1643	1636	1376	1676	1861	1787	2105	1338	1298	1634	1181	1100	1117	1262	1274	1306	1684	1726
Lingo1_-_56635481.23-P1P2	Lingo1	672	1806	1520	2426	1864	1960	1935	1723	1372	1780	2129	2529	2121	745	1442	1737	1316	1343	1265	1325	1476	1492	1746	1898
Padi4_+_140750530.23-P2	Padi4_P2	342	1002	897	1306	1395	1009	736	877	588	877	708	1100	1216	649	714	648	416	448	474	504	663	300	589	638
Aars2_-_45506891.23-P1P2	Aars2	443	888	764	1397	1142	1035	735	994	730	647	760	1136	1612	767	530	524	395	372	361	413	438	236	340	338
Cyc1_-_76343539.23-P1P2	Cyc1	445	875	820	1064	1249	986	956	1061	748	747	1349	1259	1216	385	762	919	759	710	620	868	838	718	899	880
Upk3b_-_136038740.23-P1P2	Upk3b	709	1577	1293	2035	1935	1742	1888	1612	1396	3274	1350	1729	1887	1545	1369	1610	1323	1279	1177	1416	1434	1310	1667	1730
Plekhg5_+_152086923.23-P1P2	Plekhg5	429	1080	814	1150	1185	1108	1108	1069	869	1547	1461	1200	1140	1362	822	1044	757	701	681	913	889	848	985	1010
Taf1_+_101532753.23-P1P2	Taf1	369	1046	1125	1472	1523	1239	917	1025	803	1184	698	1541	1012	168	811	955	783	675	611	782	798	654	1004	876
Traf2_+_25546852.23-P1P2	Traf2	412	979	1034	1618	1439	1434	1060	1364	974	2237	1386	1300	1477	306	1018	1193	1092	1066	955	1000	1140	1047	1343	1467
Ocln_-_100552581.23-P1P2	Ocln	283	1054	647	1286	1005	947	832	849	613	961	653	1243	1282	1074	738	747	614	631	606	712	722	727	820	962
Rab10_+_3309924.23-P1P2	Rab10	413	1319	935	1933	1296	1595	1280	1522	1206	2276	1526	1881	1123	459	1155	1062	1019	932	938	1098	1097	959	1406	1614
Bcl6_+_23988590.23-P1P2	Bcl6	416	1211	1186	1939	1619	1578	1263	1592	1238	1587	1898	1551	1543	172	1059	1285	959	939	920	1129	1188	959	1425	1369
Fth1_+_9982760.23-P1P2	Fth1	596	1095	1093	1822	1317	1429	1298	1174	986	2072	1313	1584	1425	289	1041	1099	909	793	902	1031	1134	995	1306	1423
Tppp_-_74009484.23-P1P2	Tppp	614	1479	1136	2117	1626	1602	1352	1696	1276	2330	1109	2040	2315	1350	1282	1516	1309	1174	1221	1312	1275	1252	1747	1628
Pnp_+_50944535.23-P1P2	Pnp	402	1182	1158	1652	1609	1419	1293	1243	1029	1252	2043	1534	2035	1294	982	1213	1051	1075	860	1104	990	1003	1330	1523
Pmpcb_+_21737187.23-P1P2	Pmpcb	398	907	1038	1394	1492	1241	858	1017	828	1137	920	1292	788	649	560	810	698	471	525	579	692	350	660	648
Gjc2_+_59182735.23-P1P2	Gjc2	468	1120	1009	1696	1517	1374	1010	1315	1061	1322	1699	1542	1579	610	942	1144	986	904	870	977	1046	951	1350	1254
Nop56_-_130274476.23-P1P2	Nop56	331	730	880	1123	1051	1036	650	765	707	858	1274	1066	948	661	572	580	616	482	530	529	638	566	652	676
Rtn2_+_19291144.23-P1	Rtn2_P1	557	1280	1025	1776	1644	1639	1137	1296	891	2019	1616	1940	2201	1472	1053	1196	1096	956	936	1056	1192	1008	1349	1417
Fzd1_+_4757964.23-P1P2	Fzd1	442	946	894	1131	1157	1228	920	988	898	1415	992	1208	1435	411	902	876	751	580	639	736	841	878	1000	988
Pax6_+_105682731.23-P2	Pax6_P2	424	1264	1312	1827	1469	1666	1513	1731	1355	2216	1548	1961	2186	1037	1333	1436	1248	1147	1017	1182	1173	1121	1584	1503
Sptlc1_-_53377282.23-P1P2	Sptlc1	736	1571	1335	2446	1858	1983	1914	1675	1288	1912	1504	2078	2301	1718	1332	1802	1291	1419	1145	1348	1405	1293	1567	1602
Dvl2_-_70000839.23-P1P2	Dvl2	395	1171	870	1886	1306	1379	1386	1251	1152	1623	1665	1987	1898	1264	1016	1289	1067	1076	854	1195	1002	1178	1385	1281
Mtor_-_148448604.23-P1P2	Mtor	158	807	600	861	737	798	781	820	637	971	657	975	1104	158	571	639	598	582	504	666	617	569	703	744
Scp2_-_108118589.23-ENSMUST00000030340.8	Scp2	188	511	443	651	831	695	488	457	388	753	685	851	906	554	477	526	373	430	349	308	415	423	714	522
Il17a_+_20730906.23-P1P2	Il17a	519	1302	1364	1688	1459	1772	1253	1605	1261	1715	1552	1812	2427	1454	1224	1279	1070	1234	1133	1193	1273	1336	1588	1530
Tsen54_-_115814758.23-P1P2	Tsen54	413	1271	1035	1699	1660	1402	939	1267	957	2776	1353	1149	1525	615	934	1121	776	805	672	835	918	660	865	1000
Pik3c3_+_30272906.23-P1P2	Pik3c3	639	1389	1350	2026	2240	1546	780	1079	805	1464	1479	1278	1239	1156	803	898	572	479	532	619	663	343	598	554
Rbms3_+_117252276.23-P1P2	Rbms3	376	1069	1099	1880	1368	1636	1410	1471	1150	1639	1171	1655	1547	367	1103	1336	1033	1045	889	1076	1080	942	1268	1238
Arsa_-_89476116.23-P1P2	Arsa	504	922	826	1252	1256	1146	1161	1048	839	1073	1548	1594	1946	1251	909	1127	826	878	762	870	876	879	1243	1226
Hspa9_-_34954320.23-P1P2	Hspa9	440	1240	1121	1945	1665	1772	1290	1386	1194	2212	2108	1624	2400	585	1100	1345	1281	948	965	1164	1094	1210	1435	1514
Ndufs1_+_63176683.23-P1P2	Ndufs1	439	1223	1128	1267	1285	1289	979	1204	966	846	1112	1446	1692	943	857	1211	904	788	763	852	823	864	1019	1304
Tor1a_+_30967640.23-P1P2	Tor1a	466	1224	1379	1848	1879	1650	1453	1403	1325	1655	1255	1659	1697	1353	1191	1401	1097	983	1103	1275	1275	1245	1534	1492
Maneal_-_124862179.23-P1P2	Maneal	504	1227	1038	1509	1239	1280	1005	1071	873	1251	1233	1369	1656	1118	889	1094	1009	811	824	985	934	861	1154	1340
Sdf4_-_155993266.23-P1P2	Sdf4	341	808	894	1334	986	1152	929	1252	787	935	573	479	1233	721	884	866	741	730	684	844	696	732	1144	1027
Cacna1g_-_94474327.23-P1P2	Cacna1g	742	1646	1390	1873	2040	2020	1796	1813	1568	2050	1975	2023	2002	1632	1417	1698	1331	1363	1253	1372	1323	1365	1798	1707
non-targeting_02917	non-targeting	364	1306	1066	1605	1316	1453	1142	1316	947	1136	945	1598	1951	393	897	1033	1043	872	822	1024	917	841	1221	1198
Adm_+_110628069.23-P1P2	Adm	499	1419	1073	1900	1614	1663	1502	1728	1393	2070	1101	1433	1805	631	1117	1503	1197	1089	1082	1186	1316	1125	1400	1409
Prickle1_+_93595872.23-P1	Prickle1_P1	626	1909	1409	2493	1988	1924	1489	1873	1359	2839	2071	1889	2347	2360	1355	1769	1417	1291	1217	1473	1448	1649	1888	1943
Ccdc88a_-_29373739.23-P1P2	Ccdc88a	842	1909	1760	2808	2400	2518	1997	2284	1725	2789	2185	3015	2367	860	1683	1884	1586	1511	1571	1545	1686	1713	2125	2136
Dnajc6_+_101508059.23-P1P2	Dnajc6	782	1776	1171	1920	2074	1969	1531	1557	1269	2138	2481	1980	1680	1020	1209	1450	1131	1089	1001	1243	1293	1350	1690	1468
Ak4_+_101419709.23-P1P2	Ak4	287	718	599	1068	825	1090	768	1034	813	1573	907	1099	506	467	695	779	667	589	554	749	683	666	895	933
Psmc5_-_106256186.23-P1P2	Psmc5	454	1393	1146	1909	1876	1344	1042	941	593	996	808	1397	1465	1426	710	776	585	571	484	581	736	324	855	725
Wnt9a_+_59306985.23-P1P2	Wnt9a	342	926	845	1231	1483	1297	881	989	941	1987	1226	1441	1621	643	969	998	943	715	710	849	916	862	1115	1220
Psmb4_+_94886883.23-P1P2	Psmb4	355	749	749	1053	1036	962	583	646	524	1274	951	987	941	950	556	640	615	455	357	420	435	226	610	464
Ndufb8_-_44555417.23-P1P2	Ndufb8	709	1273	1218	2370	2136	1960	1542	1724	1129	2623	1399	2103	1729	2038	1189	1529	1199	1058	1097	1117	1391	1195	1697	1772
Srrm2_-_23803243.23-P1P2	Srrm2	401	1071	832	1160	1139	1015	1007	991	673	1624	1471	1160	1094	848	848	947	807	800	778	746	884	825	838	983
Tuba1a_-_98953486.23-P1P2	Tuba1a	378	1095	945	1659	1598	1456	1474	1188	895	1287	1418	1034	1595	2224	842	1148	982	778	773	878	860	878	1292	1319
Fbln5_-_101818810.23-P1P2	Fbln5	320	801	662	985	1276	957	841	821	805	1839	982	369	1780	618	581	838	615	622	728	804	784	751	839	905
Lep_-_29060224.23-P1P2	Lep	650	1799	1511	2442	2579	2126	1717	1797	1572	2314	1798	2819	2653	580	1461	1832	1363	1249	1368	1486	1433	1420	1834	1708
Kcnc1_+_46396472.23-P1P2	Kcnc1	475	1038	1063	1604	1318	1343	1234	1202	1077	1863	1549	1771	1768	698	973	1191	1012	915	879	989	924	1077	1171	1147
Il33_-_29925161.23-P1P2	Il33	462	1499	1551	2328	1784	2165	1668	1938	1715	2435	2223	1820	2407	1989	1484	1785	1340	1309	1236	1375	1451	1199	1751	1973
Tomm40_+_19715393.23-P1P2	Tomm40	434	771	764	1340	1127	1072	1001	935	803	1572	871	1017	1271	678	595	824	675	569	491	583	596	314	494	436
Slc7a6os_+_106210909.23-P1P2	Slc7a6os	397	1617	1289	2167	2048	1718	1072	1378	1113	1699	1072	1889	1726	1170	1119	1090	1053	946	914	1105	929	812	1330	1275
Fn1_-_71653099.23-P1P2	Fn1	606	1368	1491	1954	1863	1798	1922	1977	1397	2559	2248	2357	2797	1753	1271	1565	1226	1157	1067	1388	1342	1293	1525	1468
Cadm3_-_173367643.23-P1P2	Cadm3	557	1243	1272	2011	1781	1714	1445	1359	1010	2541	1456	1891	1881	365	1171	1314	1117	1039	931	1300	1101	1057	1412	1306
Mgst1_-_138140610.23-P1P2	Mgst1	467	856	833	1229	1268	979	840	1020	690	1000	965	873	1201	546	709	835	562	657	597	793	729	712	793	950
Ndufs8_+_3912708.23-P1P2	Ndufs8	293	664	524	805	927	700	381	577	444	476	666	495	755	79	318	449	312	324	353	366	385	222	348	211
Ap4b1_-_103809606.23-P1P2	Ap4b1	391	1180	1223	1621	1620	1465	1539	1455	1194	1614	1111	2037	2358	776	1151	1381	1001	1081	1030	1106	1170	1225	1255	1360
Fam83e_-_45721261.23-P1P2	Fam83e	322	865	794	1358	1244	1122	1085	896	764	1229	935	1379	1505	1170	852	1017	816	750	602	751	830	770	1225	973
Ifng_+_118441129.23-P1P2	Ifng	325	834	843	915	745	856	645	684	684	1232	746	888	655	1340	704	788	751	603	593	592	669	640	778	1004
Cnp_-_100575038.23-P1P2	Cnp	479	1245	1355	1595	1510	1731	1317	1369	1252	2293	1215	1721	1979	1494	1160	1349	1080	958	878	1157	1240	1119	1248	1400
Sox3_-_60893391.23-P1P2	Sox3	272	691	567	879	848	736	793	650	597	812	1102	657	1331	1007	533	654	552	420	522	580	548	495	770	708
Aga_-_53511812.23-P1P2	Aga	486	1210	1195	1884	1982	1811	1536	1772	1520	2860	1984	1909	1885	533	1121	1594	1348	1165	1022	1319	1304	1271	1783	1727
Ubb_-_62551792.23-P1P2	Ubb	488	1171	823	1555	1269	1313	1014	1190	1035	1190	1214	1812	2038	1160	952	1144	779	876	939	852	990	804	1090	1209
Psma4_+_54951054.23-P1P2	Psma4	652	1814	1734	2814	2393	2099	1549	2115	1540	2644	2509	2287	3370	1510	1554	1893	1415	1520	1456	1658	1566	1538	1844	2235
Gstm1_-_108017627.23-P1P2	Gstm1	663	1184	1314	1780	1688	1691	1612	1516	1123	1963	1267	2158	1848	66	1225	1381	1048	991	988	1207	1205	1041	1442	1479
H2-M9_-_36642614.23-P1P2	H2-M9	492	1017	1157	1602	1858	1590	1366	1497	1092	2242	1686	1610	2185	450	1018	1400	1049	1123	1015	1082	1229	1219	1403	1483
Psma2_+_14613328.23-P1P2	Psma2	314	763	930	1002	905	1012	909	905	656	1283	902	782	1647	194	628	869	601	508	539	579	682	733	685	825
Dnah6_-_73221598.23-P1P2	Dnah6	491	946	812	1439	1161	1241	991	1173	862	1384	1732	1081	1247	1021	878	932	863	795	657	892	858	846	1174	1090
Gsr_+_33653663.23-P1P2	Gsr	283	1065	862	1728	1014	1260	905	1131	774	1334	1205	1101	1358	505	849	940	724	813	742	815	798	773	1179	1060
Rtn2_-_19291176.23-P1	Rtn2_P1	423	1246	936	1797	1640	1566	1227	1347	1118	1741	1505	1704	1309	1689	1077	1422	1260	1081	983	1098	1093	1106	1371	1528
Aspa_+_73324217.23-P1P2	Aspa	354	829	992	1300	1230	1337	1125	1041	839	2293	947	1271	1683	722	980	1019	976	791	790	896	926	960	1226	1066
non-targeting_04211	non-targeting	355	1103	783	1392	1231	1309	1181	1418	1007	1797	1144	1851	1532	747	878	966	979	784	736	819	858	1011	1130	1205
Ndufs4_+_114388049.23-P1P2	Ndufs4	295	936	952	1545	1149	1124	967	984	825	1954	1064	992	1377	374	850	897	742	627	570	718	773	654	934	815
Maf_-_115707752.23-P1P2	Maf	203	630	596	1010	963	918	596	696	649	1289	1000	613	1325	327	544	717	591	586	508	580	584	674	838	730
Renbp_+_73930815.23-P1P2	Renbp	133	556	575	906	602	858	663	897	699	942	651	940	1067	512	664	716	589	526	512	486	621	617	639	690
Psmb6_+_70525435.23-P1P2	Psmb6	111	517	504	696	795	491	292	245	187	390	511	349	636	51	196	232	264	204	183	225	242	178	236	187
Dkk1_+_30549542.23-P1P2	Dkk1	293	755	627	1259	883	1029	950	697	734	678	1302	1247	1251	38	577	902	637	546	554	584	666	695	801	887
Elk1_+_20950574.23-P1P2	Elk1	387	1095	803	1644	1128	1323	970	1149	943	1562	1037	945	1523	665	1016	1172	972	604	786	804	945	799	974	1163
Abcd1_-_73716770.23-P1P2	Abcd1	323	995	806	1175	1269	1293	1208	1175	858	1449	1173	1247	1028	1761	855	987	854	723	793	942	817	868	1101	966
Htr1a_-_105443647.23-P1P2	Htr1a	549	1083	1071	1663	1296	1467	1266	1380	1111	2062	1593	1518	2491	1654	989	1275	1115	955	953	993	913	1232	1506	1511
Braf_+_39725275.23-P1P2	Braf	805	1846	1768	3333	2602	3100	2510	2565	2098	3651	2105	2787	3197	2547	2001	2246	1740	1772	1695	1874	1909	2019	2600	2581
Nr4a2_-_57114851.23-P1	Nr4a2_P1	544	1378	1201	1883	1754	1749	1368	1543	1102	2251	1513	2013	1778	626	1224	1518	1171	1066	916	1220	1290	1310	1739	1469
Itm2b_+_73368327.23-P2	Itm2b_P2	621	942	1049	1580	1816	1616	1322	1560	1169	1508	1641	1626	2076	1011	941	1120	1007	1125	810	969	1064	1064	1312	1382
Prickle1_-_93595844.23-P1	Prickle1_P1	318	960	517	1333	1234	1213	974	847	692	1389	1260	901	1012	338	848	1056	792	697	715	706	704	749	1012	976
Myc_-_61985645.23-P1P2	Myc	299	1000	975	1837	1226	1504	1210	1425	998	1767	1529	1610	1746	977	1029	1194	968	880	781	906	979	1176	1425	1445
Vps41_-_18717346.23-P1P2	Vps41	716	1203	1284	1847	1975	1486	1112	1597	1067	1461	1473	1346	2048	933	1115	1218	963	1045	1008	1055	1097	987	1044	1120
Rac1_-_143527986.23-P1P2	Rac1	267	663	561	1030	701	845	768	678	605	798	1077	720	717	23	503	569	582	530	450	507	562	485	685	659
Aqp1_-_55336478.23-P1P2	Aqp1	196	524	552	639	844	700	561	650	356	692	574	828	1290	840	517	664	521	364	399	509	496	490	600	658
Hmbs_-_44344162.23-P2	Hmbs_P2	363	944	812	1446	1313	1100	863	947	773	1601	1072	1236	1261	407	828	936	733	699	662	792	651	627	1001	1035
Serpina1d_+_103773540.23-P1P2	Serpina1d	722	2467	1944	2974	2573	2706	2289	2571	1808	3516	2351	2347	3677	3764	1890	1968	1662	1656	1646	1838	1892	2159	2262	2165
Hmgb1_+_149052788.23-P1	Hmgb1_P1	358	1398	1140	1744	1308	1501	1196	1399	1197	2185	1335	1406	1900	1654	1115	1157	981	927	886	989	1056	966	1302	1465
Egr1_+_34861271.23-P1P2	Egr1	377	1164	827	1439	1429	1135	915	1078	818	1661	1227	1184	1057	1398	916	1119	926	721	768	735	775	895	1108	1136
Tbk1_+_121586727.23-P1P2	Tbk1	413	843	877	1205	1376	1166	905	999	758	1479	1725	1158	1244	1462	784	980	817	683	782	788	738	727	1030	1121
Ccnf_+_24251323.23-P1P2	Ccnf	287	749	631	1317	1261	1062	878	968	724	1692	962	959	1530	814	781	850	837	716	635	783	701	718	834	1032
Cd200r4_+_44812037.23-P1P2	Cd200r4	508	993	928	1832	1025	1309	1223	1371	1229	1793	1310	1509	1442	345	1000	965	995	1041	865	1097	928	983	1277	1280
Itpr3_+_27057436.23-P1P2	Itpr3	500	1124	1289	1486	1088	1247	1473	1246	1116	1704	947	965	1082	840	914	988	837	765	804	956	883	975	1260	1079
Trex1_+_109059170.23-P1P2	Trex1	279	818	810	1103	790	1115	802	1154	767	1258	692	1245	1148	30	841	992	730	762	713	710	710	781	887	991
Ndufb9_+_58933828.23-P1P2	Ndufb9	299	769	611	1040	854	971	796	850	540	1149	908	638	1175	531	698	808	644	693	556	583	559	687	806	834
Homer1_+_93304091.23-P1P2	Homer1	449	1065	1191	1511	1217	1323	1038	1273	901	1491	1406	1236	2131	1621	968	1086	935	958	867	1045	973	929	1340	1209
Wnt9a_-_59306983.23-P1P2	Wnt9a	387	739	670	919	686	978	985	838	550	1196	942	961	1439	359	795	816	708	591	575	635	720	738	936	779
A2m_-_121636252.23-P1P2	A2m	365	905	856	1195	1182	1099	1143	1056	744	1851	697	1032	1464	588	943	825	758	651	737	783	724	992	969	968
Cox4i2_-_152754247.23-P1P2	Cox4i2	519	1160	1160	1945	1516	1493	1268	1245	951	1696	1420	1041	1994	695	1007	1131	1094	817	863	868	1071	884	1179	1264
Coch_+_51593438.23-P1P2	Coch	175	557	506	997	795	831	766	674	604	535	899	909	1242	574	627	699	503	561	505	574	730	602	710	968
non-targeting_00253	non-targeting	283	788	707	1222	962	967	772	766	858	1590	614	1223	1322	1484	700	910	657	723	653	671	855	708	867	1036
Polg_+_79466182.23-P1P2	Polg	660	1473	1376	1870	1750	1718	1814	1715	1099	2032	1668	1845	2066	1962	1321	1651	1091	1108	998	1243	1344	675	963	858
Adam10_-_70679088.23-P1P2	Adam10	433	1396	1145	1823	1465	1607	1459	1693	1030	1919	1515	1221	2498	1475	1056	1313	1036	1092	1002	1039	1077	1073	1369	1555
Gpbp1_+_111489670.23-P1P2	Gpbp1	398	1105	943	1757	1381	1420	1217	1194	1070	1186	1782	1442	2131	2687	975	1219	989	767	880	993	1085	996	1243	1117
Msx2_+_53472687.23-P1P2	Msx2	214	389	275	715	410	441	349	548	421	425	477	441	668	340	365	399	368	325	311	369	378	362	392	450
Slc26a3_+_31438304.23-P1P2	Slc26a3	761	2108	2303	2655	2680	2657	2134	2350	1973	3454	3129	2728	3411	3201	1753	2313	1884	1494	1739	1798	1939	1847	2315	2582
Pla2g1b_+_115466325.23-P1P2	Pla2g1b	210	739	558	859	848	809	788	806	565	709	598	962	662	844	589	673	452	447	484	490	619	585	655	824
Wnt10a_+_74792077.23-P1P2	Wnt10a	531	1340	1447	1838	1681	1808	1533	1713	1368	2401	2603	2698	2748	2292	1391	1559	1359	1193	1175	1246	1370	1260	1810	1877
Uba7_-_107983016.23-P2	Uba7_P2	526	1329	1273	2044	1353	1744	1413	1459	1342	3155	1466	1910	2154	736	1215	1448	1080	1175	872	1218	1148	1249	1729	1476
Exoc2_+_30974025.23-P1P2	Exoc2	884	1973	1587	2590	2422	2001	1484	1676	1368	2269	1593	1955	2102	622	1082	1121	1068	947	914	1040	1037	529	679	838
Sbf1_-_89315243.23-P1P2	Sbf1	561	1113	837	1587	1305	1337	1067	1152	833	980	1616	1527	2004	602	919	1027	916	874	797	1046	850	1035	1110	1439
Padi2_-_140906421.23-P1	Padi2_P1	630	2035	1597	2512	1990	2237	1950	2003	1662	2372	2642	2610	2410	1672	1633	1961	1497	1439	1347	1534	1699	1707	2073	2039
Apex2_-_150588115.23-P1P2	Apex2	314	921	924	1325	964	1139	901	912	983	1671	772	1323	1832	1620	990	767	858	692	727	869	800	978	959	1038
Casp3_-_46617721.23-P1P2	Casp3	316	1111	1042	1259	826	1252	943	1001	857	1529	1206	1360	1426	695	739	1004	847	722	630	710	835	875	1072	1128
Grm5_+_87584422.23-P1P2	Grm5	124	534	653	840	728	835	735	701	528	798	851	738	906	434	591	655	504	407	474	575	511	617	760	614
Pawr_-_108332159.23-P1P2	Pawr	376	818	855	1057	1078	1112	1003	1053	752	1069	938	1004	964	70	852	1009	656	661	713	810	741	846	921	984
Ntrk1_-_87794980.23-P1P2	Ntrk1	350	800	890	1311	1176	1126	1165	1074	845	671	1147	1021	891	487	762	920	735	709	603	837	751	819	1013	1003
Slc18a1_-_69089179.23-P1	Slc18a1_P1	402	906	725	1497	1283	1077	932	769	641	1070	797	837	724	529	705	860	631	626	568	666	638	717	1001	714
Pten_+_32757668.23-P1P2	Pten	362	1025	1242	1617	1400	1543	1389	1546	1132	2121	2081	2381	1723	1522	1242	1119	966	950	962	1128	1112	1194	1528	1389
Atxn10_+_85336473.23-P1P2	Atxn10	367	1061	978	1605	1222	1426	851	1195	998	1493	1401	1603	1920	1275	1067	1202	958	859	803	917	1009	921	1238	1177
Pkd2_-_104459612.23-P1P2	Pkd2	406	1395	1069	1635	1231	1441	1241	1555	1178	2215	1756	1233	1954	887	1066	1232	953	919	928	1021	1013	1031	1534	1382
"Calcoco2_+_96111919.23-ENSMUST00000068686.6,ENSMUST00000097162.5"	Calcoco2	252	901	580	826	929	1199	862	902	746	1138	1219	913	1261	963	751	775	739	661	644	792	698	613	886	994
Ndufb9_+_58933853.23-P1P2	Ndufb9	251	736	693	969	769	797	843	681	678	1150	560	897	854	541	644	744	570	584	542	548	603	657	710	709
Tjp1_-_65371236.23-P1P2	Tjp1	430	1054	1137	1522	1482	1554	1468	1417	1141	1159	1227	1851	1786	2423	982	1055	915	912	847	1006	1024	1032	1191	1248
Dkk1_+_30549476.23-P1P2	Dkk1	340	1077	819	1744	1581	1295	1150	1264	828	1700	1087	1047	1610	1444	859	943	674	765	764	829	931	749	1069	1069
Dnajc3_+_118937960.23-P1P2	Dnajc3	453	876	808	1261	1096	1062	1232	871	691	1059	1369	1501	1250	1428	862	977	699	606	706	752	771	750	868	1032
Sucla2_-_73552829.23-P1P2	Sucla2	257	457	468	611	780	667	606	648	389	1281	684	734	818	38	472	456	425	466	388	394	509	380	489	670
Cpn1_+_43986486.23-P1P2	Cpn1	443	1067	1109	1330	1527	1237	1004	1034	1155	1075	1127	1053	1224	1344	780	996	963	839	714	837	946	812	1216	992
Uqcrc2_-_120635268.23-P1P2	Uqcrc2	341	1209	995	1550	1369	1542	1379	1312	1033	2133	1431	1298	1104	922	927	1441	987	832	929	1050	1058	583	911	715
Cnr2_+_135911897.23-P2	Cnr2_P2	575	1582	1394	2213	1853	2023	1590	2035	1388	1720	1593	1927	1687	1469	1408	1682	1342	1219	1280	1457	1420	1316	1807	1708
Htra1_+_130936544.23-P1P2	Htra1	664	1758	1730	2331	2024	2062	1753	1821	1543	1984	1660	2588	2296	1521	1529	1582	1371	1391	1319	1518	1385	1534	1799	2083
Upk3b_+_136038768.23-P1P2	Upk3b	341	1223	1021	1367	1120	1368	1177	1195	1063	2076	1386	1913	1810	658	936	1133	829	898	782	1030	1003	966	1134	1215
Gsto1_-_47855050.23-P1P2	Gsto1	442	1241	1172	1486	1479	1411	1340	1371	1127	2150	1842	1817	1750	400	879	1127	1031	936	871	1025	1012	1068	1353	1383
Slc12a6_-_112265620.23-P1P2	Slc12a6	737	1815	1673	2431	2338	2278	1912	2077	1870	2761	2150	2351	2272	1593	1597	1863	1622	1444	1399	1525	1616	1570	1959	1980
Ndufb4_-_37654400.23-P1P2	Ndufb4	392	1598	1452	2157	2046	2083	1595	1699	1628	3021	2033	2285	2366	451	1428	1753	1459	1312	1215	1397	1274	1110	1694	1726
non-targeting_02182	non-targeting	538	1265	1149	1896	1567	1637	1269	1480	1023	1263	1143	1244	2093	1253	1099	1474	983	1065	1023	1174	1138	1024	1552	1466
Pfn1_-_70654594.23-P1P2	Pfn1	396	1195	992	1520	2032	1508	1282	1397	1164	1502	1409	1589	1445	1301	1160	1315	1085	946	805	1164	1136	1306	1380	1367
Msra_+_64440856.23-P1P2	Msra	683	1465	1503	2348	1592	2148	1642	1776	1416	2367	1935	1848	2810	1583	1381	1707	1442	1233	1216	1269	1388	1436	1668	1720
Idua_+_108669371.23-P1P2	Idua	689	1515	1621	2216	2277	2029	1812	1975	1386	2116	2053	2278	2359	1551	1604	1632	1381	1090	1232	1298	1549	1387	1845	1814
Tcerg1_-_42511516.23-P1P2	Tcerg1	866	1625	1480	2352	2111	2274	1919	2082	1852	3078	2116	1990	2701	1893	1838	2017	1556	1462	1449	1563	1654	1449	2127	2121
Txn2_-_77928960.23-P1	Txn2_P1	325	978	821	1389	1349	1211	982	1025	863	1729	1442	1328	1431	641	819	1068	815	884	735	913	881	773	1015	1032
Atxn2l_-_126503354.23-P1P2	Atxn2l	230	998	709	1129	869	1064	767	965	701	1357	981	1176	1425	191	699	876	778	720	659	645	645	852	920	962
Cyld_+_88697333.23-P1P2	Cyld	652	1482	1281	2013	1527	1881	1291	1505	1222	1487	1447	1703	1625	1471	1171	1488	1089	1184	1098	1368	1250	1232	1293	1384
Fis1_-_136953330.23-P2	Fis1_P2	373	1081	1330	1664	1730	1367	953	1143	930	1266	1261	1411	1751	608	947	1230	833	854	750	916	999	856	1231	1230
Ntf3_+_126166670.23-P2	Ntf3_P2	411	958	962	1613	1457	1195	1084	1192	919	1250	1116	1771	1743	658	879	1234	866	811	821	918	967	1016	1234	1076
Mars2_+_55237436.23-P1P2	Mars2	287	1272	1234	1492	1393	1546	1047	1533	1073	1417	874	1462	2005	490	807	969	1013	723	770	808	890	667	832	869
Slc25a46_-_31609919.23-P1P2	Slc25a46	338	1113	1026	1565	1527	1640	1218	1496	1066	1515	1169	1741	1581	344	1211	1262	1022	1037	941	968	1082	1063	1407	1265
Gle1_+_29935633.23-P1P2	Gle1	469	987	901	1468	1587	1235	873	1047	729	979	1450	1503	1487	1721	753	973	621	567	537	629	673	439	580	726
Cyc1_-_76343557.23-P1P2	Cyc1	294	1040	814	1353	911	975	760	933	843	1655	911	1052	1448	432	770	1098	820	746	675	805	711	500	747	701
Msc_+_14755938.23-P1P2	Msc	642	1724	1613	2183	2472	1991	1928	1888	1776	3403	2458	2403	3067	1335	1666	1672	1400	1410	1348	1464	1546	1556	1884	1816
Plcb4_-_135805570.23-ENSMUST00000035646.4	Plcb4	679	1364	1353	1967	2325	2197	1702	1808	1362	2237	1750	2236	2135	1403	1344	1582	1397	1209	1154	1162	1209	1465	1722	1644
Cfl1_-_5490743.23-P1P2	Cfl1	717	1802	1570	2597	2500	2283	1907	2022	1730	1876	2760	2552	2746	1013	1753	2076	1796	1545	1429	1554	1656	1843	2285	2228
Cat_-_103485039.23-P1P2	Cat	736	1772	1432	2115	2006	1859	1885	1861	1440	2920	1969	2241	2061	1270	1408	1797	1341	1229	1294	1365	1312	1434	1729	1924
Ryr2_-_12106798.23-P1P2	Ryr2	484	988	865	1973	1384	1489	1171	1318	1176	1826	1455	1819	1769	959	1005	1241	893	880	788	987	1117	1166	1187	1369
Ccs_-_4839271.23-P1P2	Ccs	759	1804	1459	2538	2048	2322	1913	2033	1332	1785	1900	2460	1821	2559	1468	1839	1510	1482	1253	1354	1591	1653	2187	1940
Emc1_-_139352634.23-P1P2	Emc1	633	1686	1305	2522	2225	2202	1863	1961	1460	2454	2168	1936	1643	1182	1378	1646	1305	1339	1319	1357	1409	1393	1563	1716
Pclo_-_14515027.23-P1P2	Pclo	203	523	456	704	700	740	652	660	438	693	809	712	934	546	549	567	519	533	470	509	525	535	682	620
Gdap1_-_17145608.23-P1P2	Gdap1	417	1230	1288	1890	1801	1862	1461	1889	1447	3049	1875	2529	2548	1078	1202	1421	1173	1227	1103	1227	1066	1083	1674	1945
Csnk2b_+_35121203.23-P1P2	Csnk2b	449	1627	1150	1773	1874	1594	1363	1458	1201	1923	1208	2027	2273	1403	1128	1334	1038	1029	989	1070	1315	1218	1526	1382
Mecp2_+_74085609.23-P1P2	Mecp2	113	371	375	506	397	514	529	517	340	567	605	390	641	1122	419	426	311	318	270	350	306	335	439	464
Serpinf1_+_75422494.23-P1P2	Serpinf1	798	1865	1858	2747	2195	2254	2008	2152	1672	3411	2524	2557	3034	2127	1464	1784	1500	1511	1469	1391	1412	1543	1752	2086
Atp2b3_+_73503173.23-P1P2	Atp2b3	747	1919	1850	2661	2779	2507	2108	2235	2041	3189	2916	2568	2990	1957	1698	1932	1548	1564	1436	1792	1701	1965	2171	2000
Il1a_+_129309937.23-P1P2	Il1a	473	1657	1458	2443	2319	2082	1986	2332	1716	3513	2674	2084	2340	696	1339	1872	1382	1363	1302	1591	1603	1523	1856	1892
Klc2_+_5118247.23-P1P2	Klc2	540	1383	1036	1851	1619	1694	1495	1627	1027	2274	1699	2072	2405	1288	1322	1533	1183	976	1122	1177	1220	1287	1602	1672
Med25_+_44892387.23-P1P2	Med25	627	1472	1160	1944	1863	1760	1700	1586	1300	1387	1784	1337	1680	1242	1161	1469	1058	1015	1016	1060	1032	1401	1517	1488
Wdr41_+_94976396.23-P1P2	Wdr41	343	1187	1120	1578	1259	1382	1184	1236	835	1665	1536	1293	1654	1706	976	1084	937	843	860	1019	922	953	1273	1515
Pfn1_-_70654395.23-P1P2	Pfn1	386	1167	854	1207	1264	1327	912	1367	920	1293	1159	1229	849	306	924	1092	916	848	778	944	1110	990	1214	1084
Cpt1c_+_44974728.23-P1P2	Cpt1c	387	901	526	1136	1095	1188	1104	1121	872	1036	721	939	1460	1522	828	858	684	717	716	780	758	673	913	1056
Pnpla6_-_3515439.23-P1	Pnpla6_P1	368	1201	1008	1866	1725	1469	1265	1250	998	1543	1589	1896	1518	1012	972	1184	815	818	930	1065	1078	1061	1256	1491
Ptprc_+_138175255.23-P1P2	Ptprc	381	809	758	1453	1150	889	672	783	662	1231	918	1242	1364	171	713	975	712	569	675	637	791	713	768	1086
Hpdl_-_116821481.23-P1P2	Hpdl	293	541	393	828	806	626	461	586	438	706	479	856	997	207	530	593	396	353	370	464	432	476	606	627
P2rx7_-_122644260.23-P1P2	P2rx7	713	1673	1703	2072	1762	1896	1756	1681	1345	2408	1932	2040	2327	1099	1260	1513	1353	1108	1151	1425	1422	1155	1751	1930
Ren1_-_133350837.23-P1P2	Ren1	649	1940	1599	2635	2420	2519	2193	2227	2079	2542	2396	2763	3375	1362	1833	2161	1941	1737	1511	1805	1997	1860	2402	2176
Csnk1e_+_79441913.23-P1P2	Csnk1e	560	1512	1463	2059	1879	2052	1785	1740	1132	2103	1369	1348	1618	1153	1065	1603	1132	979	950	1066	1234	566	992	786
Nalcn_+_123627035.23-P1P2	Nalcn	472	1039	930	1354	1011	1277	1049	1095	837	1085	1190	1101	1469	1288	853	940	706	700	701	990	909	986	1136	1052
non-targeting_01977	non-targeting	514	1038	877	1406	1558	1337	1134	1212	797	1473	1325	1306	1660	300	859	1024	785	705	717	805	979	957	1250	1162
Dnm2_-_21424948.23-P1P2	Dnm2	348	823	942	1025	1263	1016	661	876	719	1179	743	1187	1230	321	764	759	644	655	662	637	619	705	892	912
Cd200r2_-_44867121.23-P1P2	Cd200r2	172	840	814	1280	898	1097	903	1120	815	1451	882	1133	1512	378	606	904	696	590	632	728	795	743	893	850
Trpm2_+_77969774.23-P1P2	Trpm2	878	1841	1536	2458	2637	2266	2151	2004	1686	3160	2747	1940	2434	2551	1628	1700	1460	1570	1404	1442	1507	1522	2100	1950
Calml4_-_62858376.23-P1P2	Calml4	304	1335	1250	1834	1789	1579	1421	1441	1284	1481	1654	1430	2400	1789	1278	1497	1222	1125	1057	1068	1243	1036	1651	1508
Mul1_+_138434905.23-P1P2	Mul1	487	1126	928	1542	1354	1385	1362	1304	910	1763	1446	1149	1857	653	953	1053	822	943	895	1026	894	1008	1278	1181
Nrbf2_+_67285278.23-P1P2	Nrbf2	256	999	958	1560	1273	1369	962	1412	880	1339	804	1830	1858	570	981	1024	932	842	792	986	939	825	1010	1335
Atg7_-_114643203.23-P1P2	Atg7	412	995	796	1269	1336	1220	1095	1076	956	1789	1432	1022	944	707	720	835	806	653	668	826	759	775	919	744
Phpt1_+_25574832.23-P1P2	Phpt1	523	1025	945	1503	1415	1376	1357	1269	1078	1800	1267	1492	2097	305	1131	1124	881	904	826	1139	1075	1007	1357	1358
Ube2g2_-_77622371.23-P1P2	Ube2g2	661	1857	1446	2584	2390	2279	2027	2244	1476	2342	1491	2154	2132	1607	1490	1955	1425	1465	1362	1524	1484	1861	2087	1831
Slc25a4_+_46210972.23-P1P2	Slc25a4	315	604	605	814	754	823	596	786	595	683	716	545	647	440	558	707	513	425	522	642	600	630	747	702
Bicd2_-_49341641.23-P1P2	Bicd2	322	1315	1249	1944	1764	1395	1097	1371	1220	2155	1492	1567	1424	1608	1085	1353	1049	950	1034	1198	1064	1294	1567	1356
Ocln_-_100552407.23-P1P2	Ocln	668	1464	1645	2325	2185	2266	1901	2128	1463	1735	2044	2348	2664	778	1526	1678	1379	1337	1183	1374	1642	1512	1970	2119
Lsm2_+_34981878.23-P1P2	Lsm2	313	822	841	1196	1066	998	948	857	650	1063	1159	778	853	734	751	786	575	498	609	652	709	762	792	895
Psmc1_-_100110387.23-P1P2	Psmc1	231	566	681	1088	857	558	375	223	286	592	190	232	386	305	253	258	144	137	149	215	181	146	233	200
Atp5c1_-_10080404.23-P1P2	Atp5c1	484	1095	927	1193	1411	1156	1136	1145	861	1522	1197	1268	1520	496	781	984	631	668	727	843	802	678	969	781