gene name,log2 fold change of elderly vs adult,ratio of cells express this gene in elderly,ratio of cells express this gene in adult,Wilcox's p-value,q-value,cell type
MPP7,0.528573664,0.301,0.28,5.1E-05,1.0E+00,L5/6
NPSR1-AS1,0.590531284,0.254,0.231,8.4E-05,1.0E+00,L5/6
MIR3681HG,0.511430037,0.251,0.23,1.3E-04,1.0E+00,L5/6
TTN,0.535426169,0.252,0.231,1.4E-04,1.0E+00,L5/6
AC019211.1,0.517273747,0.338,0.327,3.6E-04,1.0E+00,L5/6
TNNI3K,0.60712376,0.253,0.236,3.8E-05,1.0E+00,inb-sst
CCDC50,0.612065097,0.259,0.245,5.5E-05,1.0E+00,inb-sst
SLC4A7,0.552390102,0.354,0.353,7.7E-05,1.0E+00,inb-sst
COMMD10,0.540642626,0.375,0.38,1.0E-04,1.0E+00,inb-sst
KCTD6,-0.508644216,0.236,0.283,5.8E-05,1.0E+00,inb-sv2c
UNC50,-0.573087404,0.22,0.261,1.8E-04,1.0E+00,inb-sv2c
DLST,-0.521453204,0.225,0.266,2.5E-04,1.0E+00,inb-sv2c
AC009041.2,-0.53584122,0.252,0.29,8.4E-04,1.0E+00,inb-sv2c
PHF21B,-0.557445307,0.228,0.264,9.1E-04,1.0E+00,inb-sv2c
ATP1B3,-0.586075089,0.369,0.39,3.6E-03,1.0E+00,endo
ELL2,-0.55116433,0.34,0.356,4.0E-03,1.0E+00,endo
YARS2,-0.511851305,0.254,0.301,3.0E-05,8.9E-01,inb-sv2c
CCT8,-0.520917327,0.321,0.364,3.0E-05,8.8E-01,inb-sv2c
ACTR6,-0.578732931,0.224,0.271,2.7E-05,8.0E-01,inb-sv2c
SCYL1,-0.514220575,0.212,0.263,1.6E-05,4.8E-01,inb-sv2c
AC104806.2,0.521434779,0.312,0.299,1.6E-05,4.7E-01,inb-sst
RELN,-0.587949633,0.298,0.353,1.6E-05,4.6E-01,inb-sv2c
CEP44,0.51721942,0.305,0.282,1.5E-05,4.5E-01,L5/6-CC
HCN2,-0.519457527,0.219,0.268,1.5E-05,4.5E-01,inb-sv2c
PDE7B,-0.693362735,0.457,0.482,1.4E-05,4.3E-01,endo
CCBE1,0.650312284,0.297,0.251,1.1E-05,3.2E-01,inb-sv2c
LZTS3,-0.526396112,0.226,0.276,1.1E-05,3.2E-01,inb-sv2c
DNAJC8,-0.535204235,0.225,0.28,1.0E-05,3.0E-01,inb-sv2c
CBWD6,0.606789528,0.252,0.228,8.4E-06,2.5E-01,L5/6
PEX6,-0.518894644,0.242,0.294,7.2E-06,2.2E-01,inb-sv2c
CWC15,-0.663933152,0.202,0.251,7.2E-06,2.1E-01,inb-sv2c
SWT1,0.529243716,0.28,0.228,5.9E-06,1.7E-01,inb-sv2c
LSM12,-0.557116611,0.213,0.264,5.8E-06,1.7E-01,inb-sv2c
RORB,0.52477924,0.357,0.337,5.2E-06,1.5E-01,L5/6-CC
FBXL16,-0.594209237,0.262,0.314,5.1E-06,1.5E-01,inb-sv2c
PCBP3,-0.960503895,0.243,0.268,4.4E-06,1.3E-01,endo
LYRM9,-0.506569529,0.213,0.269,4.0E-06,1.2E-01,inb-sv2c
PARP1,-0.65597164,0.257,0.31,3.5E-06,1.0E-01,inb-sv2c
ZCRB1,-0.574301837,0.201,0.256,3.5E-06,1.0E-01,inb-sv2c
SLC25A13,0.524485537,0.288,0.257,3.1E-06,9.3E-02,L5/6
MEAF6,-0.60987125,0.271,0.324,2.9E-06,8.5E-02,inb-sv2c
MIB2,-0.527262634,0.213,0.266,2.8E-06,8.4E-02,inb-sv2c
TMEM179,-0.57677569,0.253,0.305,2.6E-06,7.7E-02,inb-sv2c
GTF2H2,-0.684078611,0.202,0.252,2.4E-06,7.1E-02,inb-sv2c
LZTS1,-0.561434498,0.204,0.258,2.4E-06,7.0E-02,inb-sv2c
GNA13,0.560253585,0.27,0.242,1.8E-06,5.2E-02,L5/6
TAF7,-0.527578684,0.241,0.297,1.7E-06,5.1E-02,inb-sv2c
MIR646HG,0.576840092,0.257,0.232,1.7E-06,5.0E-02,inb-sst
SARS,-0.519257703,0.331,0.385,1.7E-06,5.0E-02,inb-sv2c
YBX1,-0.636098103,0.26,0.312,1.6E-06,4.7E-02,inb-sv2c
COMMD7,-0.530185488,0.331,0.386,1.4E-06,4.1E-02,inb-sv2c
UBE2V2,-0.518873811,0.338,0.397,1.3E-06,3.7E-02,inb-sv2c
SDK1,0.796274609,0.375,0.355,1.3E-06,3.7E-02,L5/6-CC
ATXN7L3B,-0.560636484,0.255,0.312,1.2E-06,3.5E-02,inb-sv2c
DYNLT1,-0.540735982,0.209,0.265,1.1E-06,3.2E-02,inb-sv2c
MAFB,-0.703121501,0.219,0.269,1.0E-06,3.0E-02,inb-sv2c
AC245060.5,0.543391791,0.334,0.308,9.9E-07,2.9E-02,L5/6-CC
FAM153B,-0.503404079,0.29,0.346,8.6E-07,2.6E-02,inb-sv2c
AC073365.1,0.550707414,0.352,0.328,8.3E-07,2.5E-02,L5/6-CC
FAAP20,-0.525143898,0.198,0.257,7.9E-07,2.4E-02,inb-sv2c
NSMF,-0.524420559,0.219,0.277,7.2E-07,2.1E-02,inb-sv2c
PID1,0.536261065,0.305,0.284,5.5E-07,1.6E-02,inb-sst
WSB2,-0.563951414,0.269,0.331,4.9E-07,1.5E-02,inb-sv2c
LEPR,0.560102311,0.361,0.338,4.9E-07,1.4E-02,L5/6-CC
AC009522.1,0.546041043,0.285,0.256,4.2E-07,1.2E-02,L5/6-CC
YARS,-0.531746046,0.337,0.397,3.9E-07,1.2E-02,inb-sv2c
SPATA5,0.62552928,0.31,0.293,3.9E-07,1.2E-02,inb-sst
KDM3A,0.563636709,0.251,0.193,3.5E-07,1.0E-02,inb-sv2c
PTPN18,-0.543156334,0.22,0.281,3.4E-07,1.0E-02,inb-sv2c
PTGDS,0.873251896,0.67,0.698,3.3E-07,9.9E-03,endo
CDCA7,-0.571624986,0.253,0.314,3.1E-07,9.3E-03,inb-sv2c
CST3,-0.577113869,0.334,0.392,3.0E-07,8.8E-03,inb-sv2c
RPAIN,-0.57809781,0.274,0.336,2.7E-07,8.1E-03,inb-sv2c
ARL8A,-0.592488534,0.267,0.327,2.1E-07,6.1E-03,inb-sv2c
BABAM1,-0.627280152,0.197,0.255,2.0E-07,5.8E-03,inb-sv2c
UBAC1,-0.614507824,0.221,0.283,1.7E-07,5.2E-03,inb-sv2c
SERPINE2,-0.603974265,0.207,0.271,1.6E-07,4.7E-03,inb-sv2c
CD63,-0.593082475,0.205,0.269,1.4E-07,4.3E-03,inb-sv2c
SPHKAP,0.647204238,0.276,0.246,1.4E-07,4.3E-03,inb-sst
PRKAG1,-0.505567963,0.213,0.278,1.4E-07,4.3E-03,inb-sv2c
PSMD13,-0.532824638,0.198,0.26,1.3E-07,3.9E-03,inb-sv2c
PTPRK,0.579694734,0.251,0.219,1.2E-07,3.6E-03,inb-sst
ENC1,-0.764303054,0.315,0.375,1.1E-07,3.1E-03,inb-sv2c
PAM16,-0.591445417,0.192,0.254,9.9E-08,2.9E-03,inb-sv2c
FAM219B,-0.558093439,0.197,0.26,9.4E-08,2.8E-03,inb-sv2c
SCOC,-0.53851296,0.392,0.453,9.0E-08,2.7E-03,inb-sv2c
CFAP161,0.529289762,0.266,0.233,8.4E-08,2.5E-03,L5/6-CC
MICOS10,-0.576654939,0.359,0.424,7.5E-08,2.2E-03,inb-sv2c
VAV3,0.693685617,0.296,0.24,7.2E-08,2.1E-03,inb-sv2c
PLCG2,-0.891278808,0.263,0.325,6.9E-08,2.1E-03,inb-sv2c
NDUFC1,-0.536781182,0.253,0.319,5.3E-08,1.6E-03,inb-sv2c
CLEC2L,-0.590943671,0.227,0.293,5.1E-08,1.5E-03,inb-sv2c
FLYWCH1,-0.576369452,0.251,0.319,4.7E-08,1.4E-03,inb-sv2c
ATOX1,-0.518034894,0.204,0.273,4.5E-08,1.3E-03,inb-sv2c
TMEM14A,-0.532439446,0.251,0.321,3.9E-08,1.2E-03,inb-sv2c
ESD,-0.623385897,0.258,0.327,3.9E-08,1.1E-03,inb-sv2c
CDK5RAP3,-0.615846203,0.254,0.321,3.8E-08,1.1E-03,inb-sv2c
PDCD6,-0.603214125,0.315,0.381,3.8E-08,1.1E-03,inb-sv2c
DIPK1B,-0.705656883,0.203,0.264,3.5E-08,1.1E-03,inb-sv2c
BID,-0.587551494,0.249,0.322,3.5E-08,1.0E-03,inb-sv2c
DEF8,-0.716718798,0.192,0.254,3.4E-08,1.0E-03,inb-sv2c
ADAM11,-0.565486115,0.224,0.29,2.9E-08,8.6E-04,inb-sv2c
ZNF883,-0.529133032,0.194,0.264,2.4E-08,7.1E-04,inb-sv2c
MRPL57,-0.591467118,0.236,0.303,2.4E-08,7.0E-04,inb-sv2c
FAM198B-AS1,-0.535139262,0.263,0.306,2.3E-08,6.8E-04,L5/6
TXN,-0.558959647,0.251,0.318,2.3E-08,6.8E-04,inb-sv2c
NDUFB6,-0.645730874,0.238,0.306,2.3E-08,6.8E-04,inb-sv2c
AC073091.3,0.746762907,0.288,0.256,2.2E-08,6.7E-04,L5/6-CC
CHGA,-0.559459001,0.295,0.36,2.2E-08,6.6E-04,inb-sv2c
RAB27A,0.61601015,0.274,0.238,2.1E-08,6.3E-04,L5/6-CC
TUBB4A,-0.58069703,0.257,0.324,1.9E-08,5.6E-04,inb-sv2c
MZT2A,-0.53206143,0.251,0.322,1.9E-08,5.5E-04,inb-sv2c
CBLB,0.524850226,0.341,0.271,1.6E-08,4.8E-04,inb-sv2c
DPYSL4,-0.561948451,0.212,0.28,1.6E-08,4.7E-04,inb-sv2c
VPS4A,-0.574984576,0.231,0.297,1.5E-08,4.5E-04,inb-sv2c
IKZF2,0.513675928,0.31,0.276,1.5E-08,4.4E-04,L5/6
PRXL2A,-0.52553989,0.453,0.511,1.5E-08,4.4E-04,inb-sv2c
HSPH1,-0.588571191,0.248,0.282,1.4E-08,4.2E-04,micro
VSTM2B,-0.565125649,0.245,0.311,1.3E-08,3.9E-04,inb-sv2c
APOD,0.546677139,0.272,0.24,1.3E-08,3.8E-04,endo
CHMP5,-0.577327731,0.22,0.288,1.1E-08,3.4E-04,inb-sv2c
CBX3,-0.580856546,0.254,0.324,1.1E-08,3.3E-04,inb-sv2c
CMAS,-0.699117976,0.234,0.303,1.1E-08,3.2E-04,inb-sv2c
MAP7D1,-0.533561109,0.274,0.344,8.4E-09,2.5E-04,inb-sv2c
HMGN2,-0.577130764,0.279,0.351,8.3E-09,2.5E-04,inb-sv2c
TMED4,-0.535708925,0.297,0.367,8.2E-09,2.4E-04,inb-sv2c
HAPLN4,-0.559657061,0.195,0.264,7.8E-09,2.3E-04,inb-sv2c
HSPD1,-0.522506126,0.36,0.43,7.0E-09,2.1E-04,inb-sv2c
CENPV,-0.57026822,0.194,0.261,7.0E-09,2.1E-04,inb-sv2c
ALDOC,-0.553699963,0.353,0.425,6.9E-09,2.0E-04,inb-sv2c
BX664727.3,0.596855445,0.26,0.223,6.4E-09,1.9E-04,L5/6-CC
RHOB,-0.812701029,0.199,0.265,6.1E-09,1.8E-04,inb-sv2c
DNMBP,0.535440783,0.258,0.22,5.9E-09,1.8E-04,L5/6-CC
MXRA7,-0.551066967,0.382,0.442,5.9E-09,1.8E-04,inb-sv2c
ZFYVE21,-0.715993232,0.192,0.259,5.8E-09,1.7E-04,inb-sv2c
EED,0.511034869,0.286,0.217,4.7E-09,1.4E-04,inb-sv2c
HMOX2,-0.743669683,0.235,0.303,4.7E-09,1.4E-04,inb-sv2c
PITPNC1,-0.704753977,0.462,0.501,4.7E-09,1.4E-04,endo
ADGRB2,-0.655501786,0.184,0.251,4.2E-09,1.3E-04,inb-sv2c
ZFHX4,0.509947165,0.265,0.197,4.2E-09,1.2E-04,inb-sv2c
YWHAQ,-0.502589302,0.43,0.491,3.3E-09,9.8E-05,inb-sv2c
RANBP2,0.548446424,0.271,0.24,3.0E-09,8.9E-05,micro
ISCA1,-0.54534594,0.249,0.324,2.9E-09,8.7E-05,inb-sv2c
PRKAG2,0.639313676,0.324,0.289,2.9E-09,8.6E-05,endo
NUDC,-0.558217432,0.281,0.354,2.9E-09,8.5E-05,inb-sv2c
B3GALNT1,-0.568766372,0.223,0.296,2.6E-09,7.6E-05,inb-sv2c
CREM,-0.510254585,0.346,0.382,2.5E-09,7.6E-05,endo
SUMF2,-0.521403795,0.31,0.387,2.4E-09,7.0E-05,inb-sv2c
DUSP26,-0.62163966,0.204,0.276,2.3E-09,6.9E-05,inb-sv2c
IDH2,-0.545902636,0.224,0.299,2.3E-09,6.8E-05,inb-sv2c
AL136456.1,0.744064461,0.305,0.238,2.2E-09,6.6E-05,inb-sv2c
RER1,-0.618212227,0.231,0.302,2.2E-09,6.4E-05,inb-sv2c
HERPUD1,-0.558296247,0.25,0.323,2.0E-09,6.0E-05,inb-sv2c
CENPT,-0.613470069,0.201,0.272,2.0E-09,6.0E-05,inb-sv2c
PPA1,-0.501490299,0.402,0.474,1.9E-09,5.8E-05,inb-sv2c
ATP5PB,-0.617364389,0.281,0.351,1.8E-09,5.4E-05,inb-sv2c
SPRYD3,-0.528154879,0.192,0.268,1.8E-09,5.3E-05,inb-sv2c
ELOC,-0.700756489,0.235,0.31,1.8E-09,5.2E-05,inb-sv2c
CDO1,-0.591298762,0.286,0.357,1.4E-09,4.3E-05,inb-sv2c
TMED2,-0.561498333,0.184,0.255,1.3E-09,4.0E-05,inb-sv2c
RFK,-0.671542724,0.203,0.276,1.2E-09,3.5E-05,inb-sv2c
DHPS,-0.582573464,0.183,0.254,1.0E-09,3.1E-05,inb-sv2c
FSIP2-AS1,0.593525752,0.311,0.273,1.0E-09,3.0E-05,L5/6-CC
CELF6,-0.571018376,0.266,0.343,8.5E-10,2.5E-05,inb-sv2c
TCIM,-0.619250192,0.19,0.267,8.2E-10,2.4E-05,inb-sv2c
DUBR,0.518124773,0.307,0.277,8.1E-10,2.4E-05,inb-sst
ADARB2-AS1,0.549633865,0.42,0.351,8.1E-10,2.4E-05,inb-sv2c
ABCA1,0.584723541,0.32,0.283,7.9E-10,2.3E-05,endo
ABCB8,-0.658358576,0.27,0.342,7.7E-10,2.3E-05,inb-sv2c
NEFL,-0.583605212,0.286,0.367,7.5E-10,2.2E-05,inb-sv2c
BAALC-AS1,0.567806842,0.321,0.285,7.5E-10,2.2E-05,L5/6-CC
H3F3A,-0.503214445,0.379,0.456,7.3E-10,2.2E-05,inb-sv2c
ARL2BP,-0.732911208,0.18,0.253,6.3E-10,1.9E-05,inb-sv2c
NAA20,-0.597387304,0.245,0.32,6.1E-10,1.8E-05,inb-sv2c
NDUFAF4,-0.579355338,0.18,0.254,5.7E-10,1.7E-05,inb-sv2c
NDUFB4,-0.647795707,0.233,0.311,5.7E-10,1.7E-05,inb-sv2c
RBIS,-0.632816332,0.196,0.272,5.5E-10,1.6E-05,inb-sv2c
SNX3,-0.542045855,0.374,0.446,5.3E-10,1.6E-05,inb-sv2c
MRPS26,-0.550189731,0.214,0.293,5.0E-10,1.5E-05,inb-sv2c
ZC3H12C,0.588740482,0.259,0.218,4.7E-10,1.4E-05,L5/6
TUBG2,-0.619900993,0.221,0.299,4.5E-10,1.3E-05,inb-sv2c
PDAP1,-0.716291072,0.193,0.267,4.3E-10,1.3E-05,inb-sv2c
FKBP4,-0.556560241,0.197,0.275,3.9E-10,1.2E-05,inb-sv2c
ARPC5L,-0.647256324,0.186,0.263,3.6E-10,1.1E-05,inb-sv2c
SOX2,-0.575837664,0.325,0.395,3.6E-10,1.1E-05,inb-sv2c
CBLN2,0.587830907,0.436,0.413,3.5E-10,1.0E-05,L5/6
CGREF1,-0.592875843,0.236,0.311,3.4E-10,1.0E-05,inb-sv2c
RYR2,0.553518258,0.254,0.216,3.3E-10,9.7E-06,endo
MCFD2,-0.54007754,0.271,0.35,3.2E-10,9.6E-06,inb-sv2c
MAMDC2-AS1,0.563294564,0.26,0.217,3.1E-10,9.2E-06,L5/6-CC
ARHGDIA,-0.62101439,0.18,0.255,3.1E-10,9.1E-06,inb-sv2c
ARPC3,-0.652873516,0.293,0.367,3.0E-10,9.0E-06,inb-sv2c
RSPO2,0.519223192,0.317,0.274,3.0E-10,8.9E-06,L5/6
LAPTM4B,-0.546593372,0.298,0.375,2.9E-10,8.8E-06,inb-sv2c
DNAJC19,-0.579795993,0.246,0.325,2.9E-10,8.7E-06,inb-sv2c
CCT6A,-0.545018844,0.264,0.342,2.9E-10,8.6E-06,inb-sv2c
EMC3,-0.583351414,0.234,0.311,2.9E-10,8.5E-06,inb-sv2c
DDRGK1,-0.540959874,0.231,0.31,2.8E-10,8.4E-06,inb-sv2c
LIFR,0.515829766,0.376,0.341,2.7E-10,8.0E-06,L5/6-CC
RMND5B,-0.652697589,0.24,0.317,2.6E-10,7.8E-06,inb-sv2c
NLGN2,-0.591090992,0.235,0.31,2.6E-10,7.6E-06,inb-sv2c
TRPM3,1.229093202,0.291,0.258,2.3E-10,6.8E-06,endo
CACYBP,-0.625119014,0.232,0.313,2.3E-10,6.8E-06,inb-sv2c
COPS8,-0.696352888,0.187,0.262,1.9E-10,5.5E-06,inb-sv2c
CTSA,-0.645810703,0.193,0.268,1.9E-10,5.5E-06,inb-sv2c
CBWD6,0.6728275,0.314,0.275,1.7E-10,5.2E-06,L5/6-CC
LCORL,0.504431455,0.331,0.292,1.7E-10,5.0E-06,L5/6
OBSL1,-0.5469108,0.337,0.416,1.6E-10,4.8E-06,inb-sv2c
KDELR1,-0.62004936,0.201,0.276,1.5E-10,4.3E-06,inb-sv2c
MPG,-0.637698851,0.188,0.264,1.4E-10,4.2E-06,inb-sv2c
TMEM50A,-0.645028369,0.304,0.382,1.4E-10,4.2E-06,inb-sv2c
RGP1,-0.702466892,0.195,0.27,1.4E-10,4.2E-06,inb-sv2c
MFSD10,-0.650734745,0.18,0.256,1.4E-10,4.1E-06,inb-sv2c
VWA5B2,-0.829402181,0.199,0.272,1.4E-10,4.0E-06,inb-sv2c
RPS9,-0.53395614,0.336,0.419,1.3E-10,3.9E-06,inb-sv2c
NAP1L5,-0.660866965,0.282,0.363,1.3E-10,3.8E-06,inb-sv2c
SPINT2,-0.505489929,0.415,0.484,1.3E-10,3.7E-06,inb-sv2c
CHKB,-0.8198527,0.197,0.271,1.2E-10,3.4E-06,inb-sv2c
CNIH1,-0.643471888,0.277,0.357,1.1E-10,3.3E-06,inb-sv2c
AC093610.1,0.612707206,0.261,0.22,1.1E-10,3.2E-06,L5/6
GLRX2,-0.536763621,0.2,0.256,1.0E-10,3.1E-06,L5/6
NT5C3B,-0.693072611,0.191,0.267,9.8E-11,2.9E-06,inb-sv2c
AC007038.1,0.50406838,0.336,0.297,9.7E-11,2.9E-06,L5/6
NT5DC3,0.58060785,0.321,0.279,7.9E-11,2.4E-06,L5/6-CC
CFAP54,0.594737281,0.315,0.273,7.5E-11,2.2E-06,L5/6-CC
EPHB6,-0.651157202,0.337,0.409,7.1E-11,2.1E-06,inb-sv2c
SMAD5,0.5329058,0.259,0.215,6.6E-11,2.0E-06,L5/6
LINC02306,0.509445779,0.29,0.265,5.7E-11,1.7E-06,L4
PET100,-0.607086236,0.197,0.281,5.3E-11,1.6E-06,inb-sv2c
CA11,-0.616349219,0.269,0.35,5.3E-11,1.6E-06,inb-sv2c
SSU72,-0.607580431,0.265,0.348,4.7E-11,1.4E-06,inb-sv2c
AC034195.1,0.588000866,0.357,0.318,4.2E-11,1.3E-06,L5/6-CC
AP001011.1,0.564620912,0.29,0.246,4.1E-11,1.2E-06,L5/6-CC
TMEM258,-0.685713924,0.179,0.259,4.0E-11,1.2E-06,inb-sv2c
CRY1,0.523065423,0.292,0.21,3.9E-11,1.1E-06,inb-sv2c
GABARAPL1,-0.545733647,0.314,0.401,3.7E-11,1.1E-06,inb-sv2c
RSL24D1,-0.685861269,0.193,0.274,3.6E-11,1.1E-06,inb-sv2c
8-Mar,0.528690509,0.282,0.237,3.2E-11,9.5E-07,L5/6
KCNIP4-IT1,0.60177504,0.325,0.281,3.0E-11,9.0E-07,L5/6
CNTNAP3,0.70981816,0.287,0.253,2.9E-11,8.7E-07,inb-sst
NRG4,0.527682748,0.273,0.227,2.9E-11,8.6E-07,L5/6-CC
METTL5,-0.514978871,0.197,0.254,2.7E-11,8.1E-07,L5/6
COPRS,-0.525039295,0.203,0.287,2.6E-11,7.7E-07,inb-sv2c
JAM3,0.546319313,0.421,0.405,2.6E-11,7.6E-07,inb-sst
MARCKS,-0.679770971,0.213,0.296,2.3E-11,6.9E-07,inb-sv2c
MRPL34,-0.643686761,0.179,0.26,2.2E-11,6.4E-07,inb-sv2c
NECAP1,-0.542667632,0.269,0.355,2.1E-11,6.3E-07,inb-sv2c
RPL24,-0.52704733,0.436,0.509,2.1E-11,6.1E-07,inb-sv2c
TMEM242,-0.553155164,0.254,0.337,1.9E-11,5.6E-07,inb-sv2c
MED10,-0.615820292,0.238,0.328,1.7E-11,5.2E-07,inb-sv2c
PDIA6,-0.692211385,0.236,0.321,1.7E-11,5.1E-07,inb-sv2c
ATP8B4,0.56789276,0.256,0.209,1.4E-11,4.1E-07,L5/6
PCSK5,0.658421126,0.274,0.196,1.1E-11,3.4E-07,inb-sv2c
COMMD6,-0.672129454,0.185,0.267,1.1E-11,3.2E-07,inb-sv2c
LAMTOR4,-0.576814814,0.212,0.296,1.1E-11,3.2E-07,inb-sv2c
AC090517.5,0.505768116,0.353,0.31,9.5E-12,2.8E-07,L5/6-CC
GSTK1,-0.700345123,0.172,0.251,9.3E-12,2.8E-07,inb-sv2c
C1orf43,-0.630640839,0.263,0.349,9.1E-12,2.7E-07,inb-sv2c
PDXP,-0.51125445,0.263,0.348,9.0E-12,2.7E-07,inb-sv2c
CSTB,-0.586329964,0.216,0.302,8.1E-12,2.4E-07,inb-sv2c
CBX6,-0.50330752,0.402,0.487,8.0E-12,2.4E-07,inb-sv2c
AC013287.1,0.62147069,0.462,0.427,7.2E-12,2.1E-07,L5/6-CC
RPL7L1,-0.636596303,0.28,0.365,7.1E-12,2.1E-07,inb-sv2c
PITHD1,-0.567237914,0.323,0.412,7.1E-12,2.1E-07,inb-sv2c
SPRYD7,-0.515400595,0.201,0.26,6.7E-12,2.0E-07,L5/6
VAT1L,0.616456813,0.311,0.273,6.4E-12,1.9E-07,inb-sst
EIF4A1,-0.527509128,0.317,0.408,6.2E-12,1.9E-07,inb-sv2c
RPL12,-0.503023201,0.27,0.361,6.1E-12,1.8E-07,inb-sv2c
PPIB,-0.848186142,0.181,0.261,6.1E-12,1.8E-07,inb-sv2c
GRM5-AS1,0.542202938,0.273,0.225,5.9E-12,1.7E-07,L5/6-CC
RPS6KL1,-0.564661032,0.262,0.353,5.6E-12,1.7E-07,inb-sv2c
PFN2,-0.509387809,0.297,0.389,4.7E-12,1.4E-07,inb-sv2c
ADAMTS9-AS2,0.504351533,0.265,2.18E-01,4.40E-12,1.31E-07,opc
ATP6V1D,-0.556278735,0.328,0.421,4.4E-12,1.3E-07,inb-sv2c
NOP56,-0.618873662,0.257,0.343,4.3E-12,1.3E-07,inb-sv2c
DIRC3,0.510571157,0.301,0.217,4.2E-12,1.3E-07,inb-sv2c
PPP1R7,-0.717455873,0.263,0.347,4.1E-12,1.2E-07,inb-sv2c
B4GALNT1,-0.650690228,0.174,0.254,4.1E-12,1.2E-07,inb-sv2c
HBP1,0.570319616,0.357,0.271,4.0E-12,1.2E-07,inb-sv2c
NDUFS8,-0.665119531,0.231,0.314,3.9E-12,1.2E-07,inb-sv2c
SAP18,-0.708944059,0.277,0.366,3.8E-12,1.1E-07,inb-sv2c
SMIM19,-0.520522898,0.183,0.267,3.3E-12,9.7E-08,inb-sv2c
GAA,-0.663240077,0.173,0.256,3.0E-12,9.0E-08,inb-sv2c
EEF1A2,-0.588959104,0.336,0.419,2.5E-12,7.5E-08,inb-sv2c
BRD3,-0.520679565,0.193,0.254,2.4E-12,7.2E-08,L5/6
OS9,-0.578987081,0.307,0.394,2.3E-12,7.0E-08,inb-sv2c
CHID1,-0.672884768,0.198,0.282,2.3E-12,6.7E-08,inb-sv2c
DSTN,-0.511172032,0.497,0.569,2.2E-12,6.4E-08,inb-sv2c
GSS,-0.713093633,0.196,0.281,2.1E-12,6.3E-08,inb-sv2c
MDM2,0.507272534,0.265,0.219,2.1E-12,6.3E-08,endo
TMEM132A,-0.665050439,0.177,0.257,2.0E-12,5.9E-08,inb-sv2c
TMUB2,-0.635442989,0.171,0.254,2.0E-12,5.8E-08,inb-sv2c
SLCO5A1,0.832529914,0.293,0.219,2.0E-12,5.8E-08,inb-sv2c
ATF4,-0.580267234,0.189,0.276,1.9E-12,5.7E-08,inb-sv2c
RPLP0,-0.663285294,0.292,0.38,1.9E-12,5.6E-08,inb-sv2c
MAP1LC3B,-0.608414842,0.375,0.466,1.9E-12,5.6E-08,inb-sv2c
CIAO1,-0.51424083,0.334,0.422,1.8E-12,5.3E-08,inb-sv2c
HSPE1,-0.62911518,0.259,0.352,1.7E-12,5.2E-08,inb-sv2c
PRMT1,-0.626628693,0.22,0.303,1.7E-12,5.1E-08,inb-sv2c
SMDT1,-0.623412662,0.184,0.27,1.6E-12,4.8E-08,inb-sv2c
AC046195.1,0.622412719,0.357,0.316,1.6E-12,4.8E-08,L5/6
CCT2,-0.548186619,0.325,0.41,1.6E-12,4.6E-08,inb-sv2c
PRIM2,0.53531971,0.429,0.393,1.5E-12,4.4E-08,L5/6-CC
TOMM5,-0.746696068,0.202,0.29,1.4E-12,4.2E-08,inb-sv2c
PNMA1,-0.81554455,0.209,0.294,1.4E-12,4.2E-08,inb-sv2c
EI24,-0.572860809,0.244,0.337,1.2E-12,3.6E-08,inb-sv2c
STARD13,0.502928782,0.438,0.417,1.2E-12,3.6E-08,inb-sst
AK1,-0.66898277,0.173,0.257,1.2E-12,3.5E-08,inb-sv2c
RPS13,-0.536501636,0.28,0.37,1.2E-12,3.5E-08,inb-sv2c
FIS1,-0.512784595,0.216,0.311,1.1E-12,3.3E-08,inb-sv2c
SLITRK1,-0.556006437,0.243,0.305,1.1E-12,3.3E-08,L5/6
NDUFA3,-0.705745871,0.221,0.313,1.1E-12,3.2E-08,inb-sv2c
HSD17B12,-0.558013432,0.3,0.394,1.0E-12,3.0E-08,inb-sv2c
JADE1,0.533992894,0.308,0.221,9.9E-13,3.0E-08,inb-sv2c
KLHDC3,-0.644257212,0.295,0.383,9.6E-13,2.9E-08,inb-sv2c
SRA1,-0.522030673,0.208,0.26,9.0E-13,2.7E-08,inb-pv
ANGPT2,0.621122656,0.303,0.259,8.8E-13,2.6E-08,endo
ADAM32,0.600978943,0.344,0.3,8.6E-13,2.6E-08,L5/6-CC
AC009554.1,0.564662294,0.253,0.205,8.6E-13,2.5E-08,inb-pv
C3orf67-AS1,0.646080184,0.347,0.314,8.2E-13,2.4E-08,inb-sst
LINC02263,-0.535561654,0.33,0.385,7.5E-13,2.2E-08,L5/6
PTGES2,-0.783246474,0.181,0.268,7.3E-13,2.2E-08,inb-sv2c
AC008691.1,0.537566324,0.273,0.225,6.9E-13,2.1E-08,inb-vip
AC132803.1,0.662258619,0.273,0.225,6.7E-13,2.0E-08,L5/6-CC
MDH2,-0.644442819,0.194,0.28,5.5E-13,1.6E-08,inb-sv2c
REEP2,-0.605925994,0.354,0.438,5.4E-13,1.6E-08,inb-sv2c
FBXO2,-0.716461892,0.225,0.312,5.4E-13,1.6E-08,inb-sv2c
DNM3,0.550961448,0.274,0.236,5.2E-13,1.6E-08,micro
SMAD5,0.5435845,0.346,0.253,4.8E-13,1.4E-08,inb-sv2c
CIAO2B,-0.674575734,0.182,0.271,4.8E-13,1.4E-08,inb-sv2c
ADAMTS9,-1.452753238,0.244,0.284,4.6E-13,1.4E-08,endo
TMEM244,0.57577469,0.27,0.219,4.5E-13,1.4E-08,L5/6-CC
NDUFS2,-0.622180836,0.341,0.428,4.5E-13,1.3E-08,inb-sv2c
NDUFA12,-0.58557579,0.273,0.362,4.4E-13,1.3E-08,inb-sv2c
CADM4,-0.704225756,0.255,0.342,4.3E-13,1.3E-08,inb-sv2c
RANBP1,-0.61590938,0.195,0.284,3.9E-13,1.2E-08,inb-sv2c
EPC2,0.672178847,0.412,0.394,3.8E-13,1.1E-08,inb-sst
FANCC,0.518457746,0.29,0.24,3.8E-13,1.1E-08,L5/6
MRPS36,-0.503395978,0.199,0.262,3.5E-13,1.1E-08,L5/6
SP4,0.550782928,0.327,0.278,3.4E-13,1.0E-08,L5/6
NDUFA4L2,-0.605188879,0.368,0.393,3.1E-13,9.2E-09,endo
ACAA1,-0.639478107,0.204,0.291,3.0E-13,8.9E-09,inb-sv2c
RGS4,-0.623990388,0.198,0.294,2.8E-13,8.3E-09,inb-sv2c
MSC-AS1,0.572595181,0.322,0.267,2.3E-13,6.8E-09,L5/6-CC
AJ009632.2,0.637601075,0.313,0.264,2.2E-13,6.6E-09,L5/6-CC
REEP5,-0.502525058,0.544,0.605,2.2E-13,6.6E-09,inb-sv2c
PSMC5,-0.650111714,0.239,0.326,2.1E-13,6.1E-09,inb-sv2c
MAATS1,0.530564255,0.275,0.221,2.0E-13,5.9E-09,L5/6-CC
IRF2,0.617624321,0.261,0.211,1.4E-13,4.3E-09,L5/6
RAD51B,0.50366597,0.317,0.268,1.4E-13,4.2E-09,L5/6
AQP4-AS1,0.550228246,0.47,0.383,1.4E-13,4.2E-09,inb-sv2c
CCDC3,0.523671192,0.34,0.297,1.4E-13,4.0E-09,endo
RPS24,-0.521696353,0.487,0.572,1.3E-13,3.7E-09,inb-sv2c
COX6C,-0.596908771,0.485,0.553,1.2E-13,3.6E-09,inb-sv2c
CCT7,-0.612022749,0.189,0.279,1.2E-13,3.5E-09,inb-sv2c
EMC7,-0.718997667,0.196,0.284,1.2E-13,3.5E-09,inb-sv2c
C1QL1,-0.547612212,0.284,0.338,1.1E-13,3.4E-09,inb-pv
NR6A1,0.505022701,0.384,0.347,1.1E-13,3.3E-09,inb-sst
TAGLN3,-0.587929522,0.506,0.584,1.1E-13,3.1E-09,inb-sv2c
NDUFS3,-0.709651525,0.19,0.279,1.0E-13,3.0E-09,inb-sv2c
MPC2,-0.619946491,0.245,0.344,9.9E-14,2.9E-09,inb-sv2c
PPARG,0.685317782,0.302,0.26,9.7E-14,2.9E-09,inb-sst
SEMA6C,-0.814408941,0.173,0.258,9.4E-14,2.8E-09,inb-sv2c
STAG3,0.653008118,0.266,0.215,9.1E-14,2.7E-09,L5/6-CC
MYL12B,-0.788526956,0.232,0.327,9.0E-14,2.7E-09,inb-sv2c
RPL27,-0.651168471,0.255,0.35,8.9E-14,2.7E-09,inb-sv2c
RPS8,-0.619837022,0.391,0.482,8.1E-14,2.4E-09,inb-sv2c
CERS6,0.51377225,0.332,0.284,8.0E-14,2.4E-09,endo
ARF3,-0.53217208,0.397,0.488,7.9E-14,2.3E-09,inb-sv2c
TMEM9B,-0.696342881,0.215,0.309,7.8E-14,2.3E-09,inb-sv2c
BMPR1A,0.545247925,0.256,0.207,7.6E-14,2.3E-09,endo
LTBP1,0.737588959,0.254,0.207,7.0E-14,2.1E-09,endo
TBRG1,-0.558708869,0.332,0.428,6.9E-14,2.0E-09,inb-sv2c
GAS7,0.532872457,0.295,0.259,5.9E-14,1.7E-09,micro
NEIL1,-0.625608979,0.242,0.338,5.7E-14,1.7E-09,inb-sv2c
GABRB2,0.623392651,0.353,0.308,5.2E-14,1.5E-09,endo
SLC4A8,-0.527295406,0.446,0.537,5.1E-14,1.5E-09,inb-sv2c
VDAC1,-0.577130971,0.383,0.475,5.0E-14,1.5E-09,inb-sv2c
ATP5IF1,-0.571636024,0.433,0.525,4.9E-14,1.5E-09,inb-sv2c
EGFL7,-0.549607003,0.159,0.251,4.9E-14,1.5E-09,inb-sv2c
CDIPT,-0.537769865,0.195,0.29,4.7E-14,1.4E-09,inb-sv2c
ZNF189,0.544015055,0.44,0.412,4.3E-14,1.3E-09,L5/6-CC
UBL5,-0.641991582,0.267,0.367,4.1E-14,1.2E-09,inb-sv2c
H1FX,-0.905338583,0.216,0.307,4.0E-14,1.2E-09,inb-sv2c
WBP2,-0.61645242,0.346,0.445,3.7E-14,1.1E-09,inb-sv2c
BLOC1S1,-0.717549824,0.173,0.265,3.7E-14,1.1E-09,inb-sv2c
KAZN,0.523295665,0.382,0.336,3.7E-14,1.1E-09,endo
PSMC1,-0.718417135,0.273,0.365,3.7E-14,1.1E-09,inb-sv2c
ERLEC1,-0.670949092,0.316,0.41,3.7E-14,1.1E-09,inb-sv2c
TECR,-0.659285918,0.286,0.374,3.6E-14,1.1E-09,inb-sv2c
NAGPA,-0.737566687,0.274,0.37,3.5E-14,1.0E-09,inb-sv2c
CAMK2N1,-0.657863794,0.481,0.561,3.3E-14,9.9E-10,inb-sv2c
SLC35E1,-0.514923483,0.201,0.266,3.2E-14,9.6E-10,L5/6
PATJ,0.642576508,0.258,0.21,3.1E-14,9.1E-10,endo
PALLD,0.584103157,0.253,0.203,3.0E-14,8.8E-10,L5/6
SLC4A3,-0.562672545,0.312,0.41,2.9E-14,8.6E-10,inb-sv2c
BSG,-0.550664401,0.374,0.462,2.6E-14,7.8E-10,inb-sv2c
SQLE,-0.685332774,0.268,0.367,2.4E-14,7.2E-10,inb-sv2c
SKP1,-0.525212245,0.559,0.627,2.4E-14,7.2E-10,inb-sv2c
EEF2,-0.564206025,0.322,0.425,2.3E-14,7.0E-10,inb-sv2c
CCDC3,0.514061586,0.471,0.381,2.3E-14,6.9E-10,inb-sv2c
AP000787.1,0.501768831,0.43,0.387,2.2E-14,6.4E-10,L5/6-CC
HAX1,-0.842793133,0.177,0.268,2.0E-14,5.9E-10,inb-sv2c
NBL1,-0.694520644,0.189,0.284,1.9E-14,5.8E-10,inb-sv2c
AC245060.5,0.527777427,0.252,0.163,1.9E-14,5.6E-10,inb-sv2c
MYL6B,-0.5892653,0.349,0.444,1.9E-14,5.6E-10,inb-sv2c
AF279873.3,0.726069985,0.286,0.2,1.8E-14,5.4E-10,inb-sv2c
TMA7,-0.52678341,0.404,0.503,1.7E-14,5.2E-10,inb-sv2c
GSTM3,-0.690671212,0.19,0.253,1.7E-14,5.1E-10,L5/6
EIF3K,-0.618113773,0.321,0.417,1.7E-14,5.0E-10,inb-sv2c
PSMD7,-0.651316849,0.222,0.322,1.6E-14,4.9E-10,inb-sv2c
MVD,-0.67851257,0.235,0.33,1.6E-14,4.8E-10,inb-sv2c
LRP1B,0.609768467,0.392,0.346,1.6E-14,4.7E-10,endo
FEZ1,-0.513388191,0.517,0.588,1.6E-14,4.7E-10,inb-sv2c
SNHG7,-0.784938843,0.168,0.257,1.5E-14,4.6E-10,inb-sv2c
NDUFS5,-0.570530034,0.353,0.455,1.5E-14,4.4E-10,inb-sv2c
MSMO1,-0.779863849,0.184,0.276,1.5E-14,4.3E-10,inb-sv2c
SLC2A3,0.525494578,0.42,0.369,1.4E-14,4.2E-10,endo
ANKRD13D,-0.654185345,0.31,0.403,1.4E-14,4.1E-10,inb-sv2c
CYP46A1,-0.517834115,0.353,0.447,1.4E-14,4.1E-10,inb-sv2c
TMPO,0.509498122,0.4,0.352,1.3E-14,3.9E-10,L5/6-CC
HNRNPA1,-0.684175762,0.297,0.396,1.2E-14,3.4E-10,inb-sv2c
NRSN2,-0.661054404,0.287,0.384,1.1E-14,3.2E-10,inb-sv2c
CA3,0.61148926,0.352,0.3,1.1E-14,3.1E-10,L5/6-CC
MIR137HG,0.599753966,0.434,0.412,1.0E-14,3.1E-10,inb-sst
GRM8,0.55686488,0.457,0.419,1.0E-14,3.0E-10,L5/6-CC
PCMT1,-0.570244564,0.469,0.556,1.0E-14,3.0E-10,inb-sv2c
GPSM2,0.616144615,0.307,0.255,9.9E-15,2.9E-10,L5/6-CC
AC016042.1,0.676262791,0.296,0.244,9.7E-15,2.9E-10,L5/6
PTPRM,0.613994617,0.404,0.36,9.5E-15,2.8E-10,L5/6-CC
ADARB2,0.55178819,0.274,0.225,9.4E-15,2.8E-10,endo
SCRG1,-0.789460568,0.208,0.301,9.2E-15,2.7E-10,inb-sv2c
TBCB,-0.677682159,0.234,0.331,9.0E-15,2.7E-10,inb-sv2c
MAP2K2,-0.708055575,0.269,0.366,8.9E-15,2.6E-10,inb-sv2c
BRK1,-0.682535407,0.247,0.349,8.4E-15,2.5E-10,inb-sv2c
SLC5A3,0.534311307,0.348,0.295,8.3E-15,2.5E-10,L5/6-CC
TCERG1L,0.534855187,0.403,0.304,7.6E-15,2.3E-10,inb-sv2c
SLC15A2,0.52840224,0.257,0.2,6.8E-15,2.0E-10,inb-pv
AC021231.1,0.707044397,0.265,0.211,6.4E-15,1.9E-10,L5/6-CC
KCNK3,-0.632664902,0.25,0.347,6.4E-15,1.9E-10,inb-sv2c
AL157396.1,0.682727527,0.251,0.161,6.4E-15,1.9E-10,inb-sv2c
NDUFA5,-0.60693737,0.371,0.469,5.8E-15,1.7E-10,inb-sv2c
OAZ2,-0.522630891,0.24,0.313,5.5E-15,1.6E-10,L5/6
ROBO1,0.829182489,0.286,0.234,5.5E-15,1.6E-10,endo
SCN1A-AS1,0.505509442,0.5,0.463,5.4E-15,1.6E-10,L5/6-CC
RPS25,-0.693128506,0.364,0.46,5.1E-15,1.5E-10,inb-sv2c
RBIS,-0.556581913,0.225,0.297,4.9E-15,1.5E-10,L5/6
RUNX2,0.780507279,0.267,0.221,4.8E-15,1.4E-10,inb-sst
RPS2,-0.543591519,0.326,0.429,4.8E-15,1.4E-10,inb-sv2c
GTF2H5,-0.510943508,0.196,0.255,4.5E-15,1.3E-10,inb-pv
BTF3,-0.736003091,0.216,0.317,4.3E-15,1.3E-10,inb-sv2c
MRFAP1,-0.674723001,0.294,0.401,4.0E-15,1.2E-10,inb-sv2c
MANSC1,-0.529952343,0.2,0.268,3.9E-15,1.2E-10,L5/6
TCEA2,-0.671609754,0.257,0.361,3.7E-15,1.1E-10,inb-sv2c
RPLP2,-0.590326876,0.335,0.444,3.6E-15,1.1E-10,inb-sv2c
POT1-AS1,0.676097699,0.28,0.232,3.2E-15,9.6E-11,inb-sst
MLLT11,-0.695384725,0.329,0.433,3.2E-15,9.4E-11,inb-sv2c
DIRAS1,-0.587209192,0.309,0.413,3.0E-15,8.8E-11,inb-sv2c
ENO1,-0.662039591,0.324,0.416,3.0E-15,8.8E-11,inb-sv2c
SUMO2,-0.661812077,0.395,0.487,2.9E-15,8.6E-11,inb-sv2c
CNPY2,-0.53267312,0.364,0.47,2.9E-15,8.5E-11,inb-sv2c
ZNF516,0.514075689,0.307,0.252,2.6E-15,7.8E-11,L5/6
AL078459.1,0.55690584,0.356,0.301,2.6E-15,7.6E-11,L5/6-CC
COX7A2L,-0.623046725,0.33,0.435,2.0E-15,6.1E-11,inb-sv2c
LSM4,-0.927780594,0.171,0.265,1.9E-15,5.7E-11,inb-sv2c
UBE2Q1,-0.540584465,0.213,0.28,1.9E-15,5.5E-11,L5/6-CC
PLOD2,0.578263757,0.315,0.257,1.8E-15,5.2E-11,L5/6-CC
TRIM36,-0.508570194,0.216,0.286,1.7E-15,5.2E-11,L5/6
FILIP1,-0.511817747,0.313,0.39,1.7E-15,5.0E-11,L5/6
NAT14,-0.717704352,0.165,0.26,1.6E-15,4.8E-11,inb-sv2c
AC099788.1,0.679842139,0.255,0.2,1.5E-15,4.5E-11,L5/6-CC
C18orf32,-0.614972624,0.352,0.45,1.5E-15,4.4E-11,inb-sv2c
ZNF862,-0.668275519,0.283,0.385,1.5E-15,4.4E-11,inb-sv2c
SGCB,-0.533609447,0.193,0.251,1.4E-15,4.3E-11,inb-pv
RPL21,-0.636752897,0.423,0.514,1.3E-15,3.9E-11,inb-sv2c
TKT,-0.820166172,0.234,0.334,1.2E-15,3.6E-11,inb-sv2c
N4BP2,0.649046534,0.265,0.208,1.1E-15,3.3E-11,L5/6-CC
NDUFA8,-0.792368477,0.221,0.318,1.1E-15,3.2E-11,inb-sv2c
SNTG2,0.611843015,0.332,0.278,1.0E-15,3.0E-11,L5/6-CC
AL133346.1,0.755971092,0.271,0.179,1.0E-15,3.0E-11,inb-sv2c
SLC25A22,-0.655083929,0.215,0.284,9.8E-16,2.9E-11,L5/6
TNNI3K,0.65171206,0.363,0.264,8.7E-16,2.6E-11,inb-sv2c
CABP1,-0.51320275,0.562,0.635,8.6E-16,2.5E-11,inb-sv2c
PRKD1,0.58832829,0.525,0.43,8.1E-16,2.4E-11,inb-sv2c
SLIT2,0.520357465,0.464,0.422,7.7E-16,2.3E-11,inb-sst
LYPD6B,0.502213358,0.469,0.368,7.5E-16,2.2E-11,inb-sv2c
UQCC2,-0.538817666,0.277,0.353,7.5E-16,2.2E-11,L5/6
BEGAIN,-0.517140811,0.223,0.298,7.3E-16,2.2E-11,L5/6
PPP6R1,-0.514321654,0.222,0.295,6.9E-16,2.1E-11,L5/6
MRPS24,-0.691850928,0.162,0.26,6.7E-16,2.0E-11,inb-sv2c
DYNLL1,-0.523216551,0.585,0.65,6.1E-16,1.8E-11,inb-sv2c
BNIP3,-0.700655988,0.308,0.411,6.0E-16,1.8E-11,inb-sv2c
TUBB4B,-0.772591528,0.215,0.316,5.7E-16,1.7E-11,inb-sv2c
UQCRB,-0.575702911,0.446,0.541,5.6E-16,1.7E-11,inb-sv2c
COPE,-0.681688652,0.219,0.32,5.0E-16,1.5E-11,inb-sv2c
HHAT,0.526049003,0.375,0.318,5.0E-16,1.5E-11,L5/6-CC
RCL1,0.547458575,0.321,0.262,4.9E-16,1.5E-11,L5/6
ZMAT2,-0.505421523,0.206,0.28,4.8E-16,1.4E-11,L5/6
GAS6,-0.519026688,0.226,0.282,4.8E-16,1.4E-11,inb-vip
POT1-AS1,0.536230299,0.426,0.378,4.6E-16,1.4E-11,L5/6-CC
FANCL,0.557235275,0.297,0.197,4.2E-16,1.2E-11,inb-sv2c
GNB2,-0.545058879,0.217,0.291,3.9E-16,1.2E-11,L5/6
CACHD1,0.729382194,0.257,0.203,3.7E-16,1.1E-11,L5/6
EEF1G,-0.537726926,0.269,0.376,3.6E-16,1.1E-11,inb-sv2c
AC103855.2,0.714528309,0.301,0.245,3.6E-16,1.1E-11,L5/6-CC
FAM91A1,0.858642757,0.305,0.254,3.6E-16,1.1E-11,endo
TOMM40,-0.752463789,0.193,0.293,3.2E-16,9.4E-12,inb-sv2c
CRIM1,0.505035472,0.315,2.56E-01,3.11E-16,9.24E-12,opc
VPS9D1,-0.582647886,0.351,0.448,3.1E-16,9.1E-12,inb-sv2c
CD81,-0.775455935,0.322,0.423,2.9E-16,8.8E-12,inb-sv2c
AC021231.1,0.574083543,0.261,0.206,2.8E-16,8.5E-12,inb-pv
KAT2B,0.561681364,0.317,0.259,2.6E-16,7.7E-12,L5/6
ATXN7L3B,-0.67071665,0.277,0.354,2.6E-16,7.6E-12,L5/6
TLE2,-0.551352627,0.504,0.59,2.5E-16,7.5E-12,inb-sv2c
UQCRC1,-0.664535348,0.247,0.351,2.5E-16,7.3E-12,inb-sv2c
SELENOK,-1.021857725,0.165,0.257,2.4E-16,7.2E-12,inb-sv2c
RETREG2,-0.663113449,0.335,0.438,2.4E-16,7.2E-12,inb-sv2c
RNH1,-0.750968719,0.251,0.352,2.3E-16,7.0E-12,inb-sv2c
NME2,-0.636103497,0.301,0.409,2.3E-16,6.7E-12,inb-sv2c
RPL28,-0.51923442,0.491,0.574,2.1E-16,6.4E-12,inb-sv2c
AC002460.2,0.619608424,0.284,0.225,2.0E-16,5.9E-12,L5/6
TRAPPC3,-0.510743929,0.198,0.258,1.8E-16,5.4E-12,inb-pv
GPER1,-0.522189692,0.197,0.251,1.8E-16,5.4E-12,endo
FBXL15,-0.835833763,0.18,0.28,1.7E-16,5.1E-12,inb-sv2c
ARL2BP,-0.551471163,0.19,0.251,1.7E-16,5.1E-12,inb-pv
ZFAS1,-0.503412959,0.199,0.263,1.7E-16,5.0E-12,inb-pv
CHST1,-0.570489989,0.209,0.264,1.7E-16,5.0E-12,inb-vip
NEUROD2,-0.516655818,0.226,0.3,1.6E-16,4.9E-12,L5/6
DISP1,0.673384391,0.29,0.235,1.6E-16,4.8E-12,L5/6
NEK7,0.664908182,0.304,0.247,1.6E-16,4.8E-12,L5/6-CC
FAM85B,0.72074686,0.317,0.263,1.5E-16,4.5E-12,L5/6-CC
LINC00672,-0.58720328,0.192,0.262,1.5E-16,4.4E-12,L5/6
DNAH7,0.507076499,0.279,0.221,1.4E-16,4.1E-12,inb-pv
ZNF407,0.530433542,0.3,0.256,1.3E-16,3.9E-12,micro
NDUFA11,-0.627548475,0.233,0.345,1.3E-16,3.8E-12,inb-sv2c
AL589693.1,0.540421549,0.276,0.223,1.2E-16,3.7E-12,inb-vip
SPSB3,-0.805622288,0.21,0.308,1.2E-16,3.6E-12,inb-sv2c
RPL32,-0.524914333,0.476,0.579,1.2E-16,3.6E-12,inb-sv2c
NDUFS6,-0.573227294,0.207,0.314,1.2E-16,3.6E-12,inb-sv2c
NDUFAB1,-0.628723535,0.242,0.351,1.2E-16,3.6E-12,inb-sv2c
ARPP19,-0.675677352,0.442,0.544,1.2E-16,3.5E-12,inb-sv2c
ARFGAP2,-0.658235512,0.229,0.334,1.1E-16,3.3E-12,inb-sv2c
MCRIP1,-0.623244271,0.176,0.28,1.1E-16,3.2E-12,inb-sv2c
SBDS,-0.607242786,0.196,0.268,1.0E-16,3.1E-12,L5/6
B2M,-0.592307751,0.261,0.281,1.0E-16,3.0E-12,L2/3
IAH1,-0.535293201,0.241,0.319,9.7E-17,2.9E-12,L5/6
COMT,-0.52650728,0.202,0.262,8.1E-17,2.4E-12,inb-pv
PLK2,-0.899828853,0.153,0.251,7.1E-17,2.1E-12,inb-sv2c
RFK,-0.500549765,0.191,0.265,6.8E-17,2.0E-12,L5/6
RPS19BP1,-0.761752224,0.181,0.288,6.7E-17,2.0E-12,inb-sv2c
FAM131B,-0.671910103,0.188,0.257,6.7E-17,2.0E-12,L5/6
FDX2,-0.671349454,0.221,0.327,6.5E-17,1.9E-12,inb-sv2c
BAALC-AS1,0.63439031,0.343,0.288,5.7E-17,1.7E-12,L5/6
MRPS21,-0.775185127,0.303,0.41,5.4E-17,1.6E-12,inb-sv2c
RPL35A,-0.568141444,0.387,0.493,5.2E-17,1.6E-12,inb-sv2c
CPLANE1,0.580413387,0.396,0.346,5.2E-17,1.5E-12,endo
SGTA,-0.626324671,0.2,0.273,4.9E-17,1.4E-12,L5/6
FNIP2,0.500522613,0.304,0.256,4.7E-17,1.4E-12,micro
PICK1,-0.779163771,0.219,0.322,4.6E-17,1.4E-12,inb-sv2c
PAXX,-0.670278045,0.218,0.327,4.4E-17,1.3E-12,inb-sv2c
PDE1A,0.685698284,0.298,0.244,3.9E-17,1.2E-12,endo
P4HTM,-0.695208861,0.362,0.461,3.9E-17,1.2E-12,inb-sv2c
RPL18A,-0.588465223,0.307,0.425,3.9E-17,1.2E-12,inb-sv2c
AC008014.1,0.767604662,0.293,0.236,3.9E-17,1.1E-12,endo
NEK7,0.541190478,0.329,0.268,3.8E-17,1.1E-12,L5/6
LY6E,-0.753072205,0.198,0.304,3.7E-17,1.1E-12,inb-sv2c
N4BP2,0.576312239,0.279,0.177,3.7E-17,1.1E-12,inb-sv2c
HDHD5,-0.541004892,0.209,0.286,3.4E-17,1.0E-12,L5/6
ZNF302,-0.597275429,0.402,0.501,3.4E-17,1.0E-12,inb-sv2c
MTRNR2L12,0.547276573,0.347,0.285,3.3E-17,9.9E-13,inb-vip
RPL23A,-0.79831742,0.276,0.384,3.0E-17,9.0E-13,inb-sv2c
RPS6KC1,0.508795385,0.286,0.238,2.9E-17,8.8E-13,micro
TRAPPC3,-0.536758103,0.194,0.268,2.9E-17,8.6E-13,L5/6
RCAN2,0.62608837,0.352,0.295,2.9E-17,8.6E-13,endo
POMP,-0.698120538,0.239,0.348,2.9E-17,8.6E-13,inb-sv2c
ERLEC1,-0.526991717,0.341,0.421,2.9E-17,8.5E-13,L5/6
CADM4,-0.546994201,0.209,2.64E-01,2.28E-17,6.78E-13,opc
UBE2M,-0.868100326,0.188,0.291,2.2E-17,6.7E-13,inb-sv2c
IGSF8,-0.615303835,0.434,0.523,2.1E-17,6.3E-13,inb-sv2c
SPRY2,-0.53401133,0.194,0.265,2.0E-17,5.9E-13,L5/6
CCS,-0.681455031,0.252,0.362,1.9E-17,5.7E-13,inb-sv2c
RPS15A,-0.676906384,0.286,0.401,1.9E-17,5.5E-13,inb-sv2c
CRY1,0.641403437,0.254,0.193,1.9E-17,5.5E-13,L5/6-CC
SLC39A11,0.575303933,0.32,0.265,1.8E-17,5.2E-13,endo
ISYNA1,-0.551204075,0.208,0.264,1.7E-17,4.9E-13,endo
NDST4,0.521381348,0.261,0.201,1.6E-17,4.8E-13,inb-pv
GRINA,-0.666195935,0.324,0.433,1.4E-17,4.3E-13,inb-sv2c
SLC35C2,-0.571675557,0.196,0.26,1.2E-17,3.5E-13,inb-pv
C19orf25,-0.580769877,0.214,0.288,1.2E-17,3.5E-13,L5/6
FBXL13,0.624676798,0.301,0.242,1.2E-17,3.4E-13,L5/6
AC092329.4,0.656896671,0.294,0.233,1.1E-17,3.3E-13,L5/6-CC
FKBP8,-0.677504733,0.337,0.442,1.1E-17,3.3E-13,inb-sv2c
MTA1,-0.504130152,0.208,0.285,1.1E-17,3.2E-13,L5/6
AC012404.1,0.522521114,0.288,0.224,1.0E-17,3.1E-13,L5/6
CDKN2D,-0.924047417,0.153,0.254,9.9E-18,2.9E-13,inb-sv2c
ZNF385A,-0.5632215,0.2,0.264,9.7E-18,2.9E-13,inb-pv
RHOT2,-0.758606351,0.264,0.37,9.5E-18,2.8E-13,inb-sv2c
CES4A,-0.525462003,0.442,0.541,9.5E-18,2.8E-13,inb-sv2c
CLU,0.538733259,0.698,0.649,9.1E-18,2.7E-13,endo
MRI1,-0.538528264,0.193,0.255,8.1E-18,2.4E-13,inb-pv
ST6GALNAC3,0.563293962,0.509,0.402,7.3E-18,2.2E-13,inb-sv2c
MYRFL,-0.590181864,0.351,0.463,7.0E-18,2.1E-13,inb-sv2c
FHL2,-0.531689106,0.315,0.392,7.0E-18,2.1E-13,L5/6
SNU13,-0.602583937,0.315,0.432,6.3E-18,1.9E-13,inb-sv2c
MIR31HG,0.643061714,0.374,0.312,6.2E-18,1.9E-13,L5/6
ABHD14A,-0.717979441,0.217,0.327,6.2E-18,1.8E-13,inb-sv2c
PSMD2,-0.79915601,0.23,0.338,6.1E-18,1.8E-13,inb-sv2c
NRP1,0.511003014,0.397,0.334,5.9E-18,1.7E-13,L5/6-CC
AFF3,0.797222165,0.367,0.309,5.8E-18,1.7E-13,endo
WAC-AS1,-0.524471026,0.303,0.388,5.7E-18,1.7E-13,L5/6
TMEM160,-0.712489446,0.282,0.393,4.9E-18,1.4E-13,inb-sv2c
NDUFB5,-0.71933362,0.272,0.384,4.8E-18,1.4E-13,inb-sv2c
PINK1,-0.678781184,0.265,0.374,4.7E-18,1.4E-13,inb-sv2c
IRS2,0.589461517,0.376,0.325,4.6E-18,1.4E-13,L5/6
ZNF831,0.57825849,0.423,0.374,4.2E-18,1.3E-13,L5/6-CC
SCG3,-0.576260668,0.569,0.631,4.2E-18,1.3E-13,inb-sv2c
PTPRM,0.508314441,0.533,0.486,4.0E-18,1.2E-13,L5/6
SRPRA,-0.602078747,0.199,0.269,3.9E-18,1.2E-13,L5/6-CC
COPS6,-0.787106531,0.281,0.392,3.7E-18,1.1E-13,inb-sv2c
METTL26,-0.900777713,0.181,0.286,3.5E-18,1.0E-13,inb-sv2c
SLC25A23,-0.909103937,0.251,0.354,3.3E-18,9.9E-14,inb-sv2c
H1FX,-0.589933285,0.19,0.264,3.2E-18,9.4E-14,L5/6
CHGB,-0.697181892,0.304,0.415,2.8E-18,8.3E-14,inb-sv2c
MYO3B,0.580161022,0.256,0.195,2.8E-18,8.3E-14,inb-pv
CSTB,-0.6246563,0.207,0.281,2.6E-18,7.8E-14,L5/6
PIP4K2C,-0.519811635,0.201,0.276,2.6E-18,7.6E-14,L5/6
AL136456.1,0.555457078,0.511,0.471,2.6E-18,7.6E-14,L5/6-CC
USP2,-0.564688827,0.202,0.277,2.3E-18,6.7E-14,L5/6
RAB26,-0.801703161,0.254,0.362,2.2E-18,6.4E-14,inb-sv2c
C1orf216,-0.878658156,0.161,0.264,2.0E-18,6.0E-14,inb-sv2c
CCT2,-0.511595089,0.293,0.377,2.0E-18,5.8E-14,L5/6
SET,-0.6371784,0.338,0.453,1.9E-18,5.7E-14,inb-sv2c
PTPRN,-0.633640366,0.462,0.557,1.9E-18,5.6E-14,inb-sv2c
UQCRH,-0.522091296,0.462,0.564,1.8E-18,5.3E-14,inb-sv2c
AL390198.1,0.650533041,0.321,0.259,1.7E-18,5.1E-14,L5/6-CC
PHPT1,-0.93916157,0.166,0.275,1.7E-18,5.0E-14,inb-sv2c
MRPL51,-0.961441475,0.146,0.251,1.7E-18,4.9E-14,inb-sv2c
CCDC12,-0.544163969,0.24,0.322,1.7E-18,4.9E-14,L5/6
FAM155A,-0.585321437,0.401,0.461,1.6E-18,4.9E-14,endo
SEC61G,-0.943991858,0.209,0.32,1.6E-18,4.8E-14,inb-sv2c
RPL37A,-0.56927291,0.554,0.632,1.6E-18,4.6E-14,inb-sv2c
CHMP5,-0.593400959,0.188,0.251,1.5E-18,4.5E-14,inb-vip
PTOV1,-0.524193226,0.219,0.281,1.4E-18,4.2E-14,inb-vip
PDE1B,-0.599573286,0.247,0.326,1.4E-18,4.1E-14,L5/6
PEG10,-0.560295593,0.276,0.341,1.4E-18,4.0E-14,inb-vip
NWD2,0.813068972,0.258,0.16,1.2E-18,3.7E-14,inb-sv2c
B2M,-0.942840896,0.405,0.492,1.2E-18,3.6E-14,inb-sv2c
RPL10A,-0.702509673,0.324,0.435,1.0E-18,3.0E-14,inb-sv2c
IGSF10,-0.553076089,0.179,0.251,9.6E-19,2.9E-14,L5/6-CC
TPT1,-0.554849274,0.424,0.537,9.6E-19,2.9E-14,inb-sv2c
APMAP,-0.508349723,0.255,0.32,9.6E-19,2.8E-14,inb-vip
CALB2,-0.502030268,0.455,0.504,8.6E-19,2.6E-14,inb-vip
USP2,-0.557667912,0.2,0.266,8.6E-19,2.5E-14,inb-pv
CAPNS1,-0.643903909,0.19,0.267,8.5E-19,2.5E-14,L5/6
ID2,-0.59411711,0.407,0.511,8.1E-19,2.4E-14,inb-sv2c
RHBDD2,-0.783755116,0.314,0.426,8.0E-19,2.4E-14,inb-sv2c
CALN1,-0.701048495,0.273,0.394,7.4E-19,2.2E-14,inb-sv2c
MATR3.1,0.682767194,0.329,0.268,7.2E-19,2.2E-14,L5/6-CC
ZNF276,-0.543933576,0.192,0.27,6.6E-19,2.0E-14,L5/6
GTDC1,0.547009179,0.305,0.256,6.3E-19,1.9E-14,micro
ERBB4,0.649489575,0.581,0.547,6.3E-19,1.9E-14,inb-sst
COX7C,-0.641672003,0.472,0.567,6.1E-19,1.8E-14,inb-sv2c
UQCRQ,-0.807836455,0.188,0.304,5.9E-19,1.8E-14,inb-sv2c
ATP5MF,-0.781659494,0.247,0.365,5.8E-19,1.7E-14,inb-sv2c
DNAJA1,-0.776158448,0.329,0.44,5.6E-19,1.7E-14,inb-sv2c
NSUN5,-0.525824267,0.182,0.256,5.6E-19,1.7E-14,L5/6
HSPA5,-0.866990454,0.327,0.433,5.5E-19,1.6E-14,inb-sv2c
RAN,-0.842522083,0.266,0.379,5.2E-19,1.5E-14,inb-sv2c
CYBA,-0.538990143,0.219,0.277,4.9E-19,1.5E-14,endo
PFDN2,-0.626453768,0.278,0.364,4.9E-19,1.4E-14,L5/6
GPR162,-0.618019822,0.245,0.358,4.8E-19,1.4E-14,inb-sv2c
AC020704.1,0.818205062,0.281,0.22,4.4E-19,1.3E-14,L5/6-CC
ANO3,0.6228276,0.289,0.23,4.3E-19,1.3E-14,endo
NDUFB2,-0.590756489,0.335,0.459,4.3E-19,1.3E-14,inb-sv2c
AKAP12,-0.679437482,0.419,0.476,4.3E-19,1.3E-14,endo
EVA1B,-0.524139265,0.219,0.277,4.1E-19,1.2E-14,endo
BASP1,-0.560894372,0.647,0.704,4.0E-19,1.2E-14,inb-sv2c
SNTG2,0.568644381,0.29,0.225,3.9E-19,1.2E-14,L5/6
SHFL,-0.795864252,0.262,0.374,3.8E-19,1.1E-14,inb-sv2c
CRYAB,-0.990470949,0.214,0.325,3.7E-19,1.1E-14,inb-sv2c
PSMB5,-0.820811856,0.191,0.304,3.6E-19,1.1E-14,inb-sv2c
ECHS1,-0.514726691,0.211,0.292,3.6E-19,1.1E-14,L5/6
RPS26,-0.887481996,0.293,0.403,3.5E-19,1.0E-14,inb-sv2c
TMEM161A,-0.506750202,0.186,0.26,3.5E-19,1.0E-14,L5/6-CC
RPL17,-0.722452191,0.382,0.489,3.5E-19,1.0E-14,inb-sv2c
LINC00472,0.649100221,0.269,0.207,3.3E-19,9.9E-15,L5/6
ZMAT3,0.62054622,0.265,0.207,3.3E-19,9.8E-15,endo
DRAP1,-0.881336003,0.198,0.309,3.1E-19,9.2E-15,inb-sv2c
LINC00970,0.547314255,0.313,0.25,3.1E-19,9.1E-15,inb-pv
SULF2,0.511799574,0.31,0.251,3.0E-19,9.0E-15,endo
MORN4,-0.515009804,0.239,0.31,2.9E-19,8.6E-15,inb-pv
TAF7,-0.524978145,0.199,0.265,2.9E-19,8.6E-15,inb-vip
KCNJ4,-0.768128483,0.163,0.271,2.8E-19,8.4E-15,inb-sv2c
OCIAD2,-0.534245463,0.194,0.268,2.6E-19,7.8E-15,L5/6-CC
RPSA,-0.692335724,0.376,0.487,2.5E-19,7.5E-15,inb-sv2c
SPCS2,-0.716267542,0.392,0.497,2.3E-19,6.8E-15,inb-sv2c
CTDNEP1,-0.611451913,0.18,0.256,2.3E-19,6.8E-15,L5/6
SSTR2,-0.664117027,0.37,0.482,2.3E-19,6.8E-15,inb-sv2c
CA2,-0.503002947,0.201,0.264,2.3E-19,6.7E-15,endo
BCAS2,-0.598608456,0.183,0.26,2.2E-19,6.5E-15,L5/6
UNC45A,-0.669476777,0.254,0.37,2.2E-19,6.5E-15,inb-sv2c
SGSM3,-0.735652806,0.284,0.391,2.1E-19,6.4E-15,inb-sv2c
GTF3A,-0.55051887,0.207,0.271,2.1E-19,6.2E-15,inb-vip
ELOB,-0.763979531,0.319,0.434,2.0E-19,5.9E-15,inb-sv2c
CALCOCO2,0.525456293,0.437,0.383,1.9E-19,5.8E-15,L5/6
CEMIP,0.598825653,0.27,0.208,1.9E-19,5.6E-15,endo
UBAC1,-0.533104664,0.22,0.302,1.9E-19,5.5E-15,L5/6
TMEM9,-0.508598462,0.234,0.316,1.8E-19,5.4E-15,L5/6
H2AFZ,-0.770549471,0.291,0.409,1.8E-19,5.3E-15,inb-sv2c
RAB11B,-0.515364892,0.219,0.288,1.7E-19,5.0E-15,inb-pv
CYHR1,-0.665581621,0.331,0.447,1.7E-19,5.0E-15,inb-sv2c
WDR83OS,-0.527965363,0.19,0.265,1.6E-19,4.6E-15,L5/6-CC
NUDC,-0.577096898,0.29,0.377,1.5E-19,4.4E-15,L5/6
VPS29,-0.523021295,0.347,0.434,1.5E-19,4.4E-15,L5/6
FDPS,-0.723144466,0.291,0.404,1.5E-19,4.4E-15,inb-sv2c
ARL4C,-0.56832256,0.251,0.333,1.4E-19,4.3E-15,L5/6
MIF,-0.662676186,0.441,0.543,1.4E-19,4.1E-15,inb-sv2c
DHPS,-0.516131722,0.21,0.291,1.3E-19,3.9E-15,L5/6
RNGTT,0.54882649,0.262,0.209,1.2E-19,3.7E-15,micro
NDUFB9,-0.692401774,0.265,0.382,1.2E-19,3.7E-15,inb-sv2c
ATP6V1G2,-0.750226777,0.272,0.386,1.2E-19,3.6E-15,inb-sv2c
RPL36AL,-0.841475074,0.231,0.347,1.1E-19,3.4E-15,inb-sv2c
HSPA5,-0.565320971,0.269,0.352,1.1E-19,3.3E-15,L5/6
NAP1L5,-0.656971976,0.21,0.288,1.1E-19,3.3E-15,L5/6
TMEM259,-0.638354089,0.379,0.487,1.1E-19,3.3E-15,inb-sv2c
NR4A2,-0.599280046,0.198,0.272,1.1E-19,3.3E-15,L5/6-CC
STMN3,-0.597263676,0.481,0.579,1.1E-19,3.2E-15,inb-sv2c
TGFBR3,0.512385128,0.272,0.206,1.0E-19,3.1E-15,inb-pv
VAT1L,0.512514565,0.274,0.211,9.4E-20,2.8E-15,inb-vip
RPL18,-0.658340748,0.479,0.575,9.2E-20,2.7E-15,inb-sv2c
FLG-AS1,-0.903063453,0.154,0.264,9.0E-20,2.7E-15,inb-sv2c
AC106793.1,0.52077745,0.52,0.472,8.9E-20,2.6E-15,L5/6-CC
NOXA1,-0.526955507,0.268,0.351,8.8E-20,2.6E-15,L5/6
SERPINB6,0.634231059,0.256,0.189,8.8E-20,2.6E-15,L5/6-CC
ATP5ME,-0.688220252,0.361,0.471,8.3E-20,2.5E-15,inb-sv2c
SNAI3-AS1,-0.516457678,0.202,0.284,7.8E-20,2.3E-15,L5/6
ABLIM3,-0.511915555,0.334,0.4,7.4E-20,2.2E-15,endo
VPS28,-0.789550214,0.288,0.406,6.9E-20,2.0E-15,inb-sv2c
ATP5PF,-0.744576556,0.422,0.525,6.6E-20,2.0E-15,inb-sv2c
ACAT2,-1.153572279,0.172,0.278,6.6E-20,2.0E-15,inb-sv2c
LZTR1,-0.581554375,0.186,0.263,6.2E-20,1.8E-15,L5/6
KCNMA1,1.704007912,0.269,0.217,6.0E-20,1.8E-15,endo
SNCA,-0.743026098,0.347,0.471,5.9E-20,1.7E-15,inb-sv2c
SCN2B,-0.677850876,0.36,0.476,5.8E-20,1.7E-15,inb-sv2c
ATP5PB,-0.549928404,0.289,0.376,5.5E-20,1.6E-15,L5/6
COX6A1,-0.829078696,0.307,0.423,5.0E-20,1.5E-15,inb-sv2c
CCDC50,0.537150056,0.327,0.263,4.8E-20,1.4E-15,L5/6
UNC50,-0.614371571,0.219,0.302,4.8E-20,1.4E-15,L5/6
CPNE7,-0.695086891,0.254,0.329,4.5E-20,1.3E-15,L5/6
PRSS51,0.538985805,0.356,0.287,4.4E-20,1.3E-15,L5/6-CC
RPL30,-0.513939604,0.371,0.461,4.4E-20,1.3E-15,L5/6
RASGRF2-AS1,-0.57918894,0.189,0.26,4.1E-20,1.2E-15,inb-pv
EEF1B2,-0.837909959,0.204,0.321,4.0E-20,1.2E-15,inb-sv2c
GCNT4,-0.502447168,0.283,0.369,4.0E-20,1.2E-15,L5/6
CPEB2,0.526394437,0.654,0.57,4.0E-20,1.2E-15,inb-sv2c
SEPTIN4,-0.799919512,0.299,0.42,3.9E-20,1.2E-15,inb-sv2c
MICOS13,-1.085566877,0.164,0.274,3.9E-20,1.2E-15,inb-sv2c
UQCR10,-0.727150846,0.332,0.45,3.9E-20,1.1E-15,inb-sv2c
ATP5MC2,-0.517173113,0.323,0.412,3.7E-20,1.1E-15,L5/6
WSB2,-0.524066107,0.216,0.283,3.7E-20,1.1E-15,inb-vip
PPP1CC,-0.519423086,0.216,0.288,3.7E-20,1.1E-15,inb-pv
NDUFS7,-0.925022953,0.223,0.339,3.6E-20,1.1E-15,inb-sv2c
COMMD2,-0.545106037,0.312,0.394,3.3E-20,9.8E-16,L5/6
IFT27,-0.501636525,0.224,0.296,3.2E-20,9.4E-16,inb-pv
DDOST,-0.60103249,0.175,0.254,3.0E-20,8.9E-16,L5/6
ARMC10,-0.558949219,0.197,0.265,3.0E-20,8.9E-16,inb-pv
RAD23A,-0.914680488,0.224,0.337,3.0E-20,8.8E-16,inb-sv2c
AC013652.1,0.568505179,0.481,0.429,2.9E-20,8.8E-16,L5/6-CC
APLP1,-0.676592254,0.425,0.526,2.7E-20,8.1E-16,inb-sv2c
AC084816.1,0.5219512,0.527,0.486,2.7E-20,7.9E-16,L5/6-CC
JTB,-0.939867922,0.187,0.304,2.5E-20,7.4E-16,inb-sv2c
ZDHHC16,-0.525636305,0.183,0.258,2.4E-20,7.1E-16,L5/6-CC
UBASH3B,0.600770625,0.354,0.283,2.1E-20,6.3E-16,L5/6-CC
LAMA2,0.686563678,0.354,0.287,2.0E-20,5.9E-16,L5/6-CC
HMOX2,-0.580653507,0.269,0.355,1.9E-20,5.6E-16,L5/6
POMP,-0.503756467,0.305,0.396,1.9E-20,5.6E-16,L5/6
SIRT3,-0.572116346,0.216,0.286,1.8E-20,5.2E-16,inb-pv
JAM3,1.04412997,0.293,0.236,1.7E-20,5.2E-16,endo
SCAF1,-0.507998595,0.19,0.268,1.7E-20,5.1E-16,L5/6-CC
PFDN5,-0.66014124,0.373,0.487,1.7E-20,5.1E-16,inb-sv2c
SF3B2,-0.517807946,0.289,0.379,1.5E-20,4.4E-16,L5/6
RRAGA,-1.056692349,0.158,0.267,1.4E-20,4.2E-16,inb-sv2c
AKR1B1,-0.556157398,0.196,0.268,1.4E-20,4.1E-16,inb-pv
GALNT17,0.592901299,0.357,0.296,1.3E-20,3.8E-16,endo
FIBP,-0.79795826,0.151,0.264,1.3E-20,3.8E-16,inb-sv2c
C6orf136,-0.645687464,0.184,0.261,1.2E-20,3.7E-16,L5/6
SMAD6,-0.624436254,0.305,0.369,1.2E-20,3.7E-16,endo
CTSD,-0.696007498,0.324,0.439,1.2E-20,3.6E-16,inb-sv2c
TAF7,-0.535544792,0.227,0.302,1.1E-20,3.4E-16,inb-pv
IPO13,-0.526142228,0.18,0.257,1.1E-20,3.4E-16,L5/6-CC
TTYH3,-0.601316468,0.259,0.344,1.1E-20,3.4E-16,L5/6
CKMT1B,-0.528280516,0.205,0.272,1.1E-20,3.3E-16,inb-vip
PSMA7,-0.876161462,0.302,0.414,1.1E-20,3.3E-16,inb-sv2c
CXCL14,-1.242658074,0.469,0.534,1.1E-20,3.3E-16,inb-sv2c
ARL2,-0.666569261,0.182,0.26,9.9E-21,2.9E-16,L5/6
ARPC5,-0.510935988,0.266,0.353,9.5E-21,2.8E-16,L5/6
ATP5MC1,-0.792467147,0.246,0.373,9.4E-21,2.8E-16,inb-sv2c
CHRD,-0.662743601,0.384,0.495,9.4E-21,2.8E-16,inb-sv2c
FBXL16,-0.611225166,0.19,0.261,9.2E-21,2.7E-16,inb-pv
SELENOM,-0.894895831,0.216,0.334,9.1E-21,2.7E-16,inb-sv2c
RPS7,-0.580817869,0.416,0.532,8.4E-21,2.5E-16,inb-sv2c
TCP1,-0.620279594,0.206,0.272,8.1E-21,2.4E-16,inb-vip
BORCS7,-0.55726691,0.205,0.271,7.9E-21,2.3E-16,inb-vip
GSTM3,-0.599328806,0.189,0.265,7.4E-21,2.2E-16,L5/6-CC
PDIA2,-0.510762272,0.238,0.323,7.0E-21,2.1E-16,L5/6
TMEM106C,-0.618527523,0.193,0.273,6.9E-21,2.0E-16,L5/6
FBXL16,-0.598280176,0.305,0.394,6.5E-21,1.9E-16,L5/6
OAZ2,-0.563146768,0.209,0.282,6.3E-21,1.9E-16,inb-pv
ARL6IP5,-0.637837545,0.492,0.584,6.2E-21,1.8E-16,inb-sv2c
LINC01117,0.774587633,0.265,0.205,5.9E-21,1.7E-16,L5/6
DCTN2,-0.778029484,0.278,0.397,5.8E-21,1.7E-16,inb-sv2c
CLIC5,-0.627954557,0.249,0.314,5.7E-21,1.7E-16,endo
SOD1,-0.650104166,0.433,0.541,5.4E-21,1.6E-16,inb-sv2c
PODXL2,-0.510895235,0.545,0.627,5.2E-21,1.6E-16,inb-sv2c
CCDC24,-0.707824253,0.2,0.28,5.2E-21,1.5E-16,L5/6
RRAGA,-0.515559014,0.207,0.29,5.2E-21,1.5E-16,L5/6
ITM2B,-0.521125434,0.701,0.737,4.7E-21,1.4E-16,inb-sv2c
RSAD1,-0.508828062,0.222,0.303,4.6E-21,1.4E-16,L5/6-CC
PTOV1,-0.644573335,0.227,0.313,4.5E-21,1.4E-16,L5/6
NOC2L,-0.562763548,0.221,0.305,4.5E-21,1.3E-16,L5/6
THRA,-0.530999545,0.329,0.419,4.4E-21,1.3E-16,L5/6
CEBPB,-0.590562054,0.208,0.284,4.3E-21,1.3E-16,L5/6-CC
PAM16,-0.613355369,0.191,0.261,4.2E-21,1.3E-16,inb-pv
AC016831.7,0.508932696,0.528,0.418,4.2E-21,1.2E-16,inb-sv2c
DBP,-1.090275582,0.142,0.251,4.0E-21,1.2E-16,inb-sv2c
TMEM25,-0.540426571,0.229,0.301,4.0E-21,1.2E-16,inb-pv
FAM131A,-0.824430478,0.262,0.385,3.8E-21,1.1E-16,inb-sv2c
AC096576.6,0.516675325,0.265,0.223,3.5E-21,1.0E-16,L4
TUBA4A,-0.783465147,0.24,0.357,3.4E-21,1.0E-16,inb-sv2c
TXN,-0.52747342,0.234,0.304,3.4E-21,1.0E-16,inb-vip
STK40,-0.506196122,0.293,0.38,3.3E-21,1.0E-16,L5/6
ENTPD6,-0.523362024,0.226,0.299,3.3E-21,9.7E-17,inb-pv
ARF5,-0.793000482,0.249,0.372,3.1E-21,9.2E-17,inb-sv2c
RNF7,-0.548043491,0.192,0.274,3.1E-21,9.1E-17,L5/6
SMIM19,-0.537184272,0.182,0.261,3.0E-21,9.1E-17,L5/6
CST3,-0.654917882,0.176,0.255,2.9E-21,8.6E-17,L5/6
IDI1,-0.797103034,0.266,0.385,2.9E-21,8.5E-17,inb-sv2c
DACT3,-0.512382423,0.233,0.307,2.8E-21,8.3E-17,inb-pv
KLHDC3,-0.521179089,0.259,0.327,2.7E-21,7.9E-17,inb-vip
GIMAP7,-0.542519163,0.233,0.297,2.6E-21,7.9E-17,endo
ZCRB1,-0.606300093,0.193,0.275,2.6E-21,7.6E-17,L5/6
SNHG6,-0.513597074,0.259,0.347,2.5E-21,7.5E-17,L5/6
YIPF3,-1.042831824,0.174,0.288,2.3E-21,6.8E-17,inb-sv2c
ABHD14A,-0.572102417,0.269,0.357,2.2E-21,6.6E-17,L5/6
HMGN2,-0.536786092,0.219,0.305,2.1E-21,6.4E-17,L5/6
RPS5,-0.780054528,0.235,0.361,1.8E-21,5.4E-17,inb-sv2c
RAB3B,-0.503452972,0.259,0.335,1.8E-21,5.3E-17,inb-pv
RCN2,-0.634283154,0.501,0.599,1.7E-21,5.0E-17,inb-sv2c
TNFAIP1,-0.514906852,0.196,0.279,1.6E-21,4.9E-17,L5/6-CC
POLL,-0.503217666,0.19,0.269,1.5E-21,4.6E-17,L5/6-CC
FAM85B,0.723968267,0.296,0.231,1.5E-21,4.5E-17,L5/6
ATP6V1G1,-0.719075156,0.309,0.434,1.4E-21,4.0E-17,inb-sv2c
NEDD8,-0.759369996,0.336,0.457,1.3E-21,3.7E-17,inb-sv2c
RPL11,-0.703707017,0.409,0.529,1.2E-21,3.4E-17,inb-sv2c
RPL18A,-0.506683249,0.326,0.416,1.1E-21,3.4E-17,L5/6
TPST2,-0.55639904,0.282,0.371,1.1E-21,3.3E-17,L5/6
ITGB3BP,0.569512741,0.452,0.395,1.1E-21,3.3E-17,L5/6-CC
PLEKHA2,0.554267096,0.434,0.372,1.1E-21,3.2E-17,L5/6-CC
STRAP,-0.786930219,0.332,0.454,1.0E-21,3.0E-17,inb-sv2c
DCTN3,-0.918700229,0.161,0.279,9.7E-22,2.9E-17,inb-sv2c
AC008105.3,-0.510990034,0.26,0.353,9.3E-22,2.8E-17,L5/6
ESRRA,-0.502912832,0.246,0.32,8.8E-22,2.6E-17,inb-pv
ADCY4,-0.508718882,0.219,0.289,8.3E-22,2.5E-17,endo
YBX1,-0.504068242,0.222,0.299,8.3E-22,2.5E-17,inb-pv
ADAM33,-0.616562828,0.205,0.272,8.2E-22,2.4E-17,inb-vip
C1QBP,-0.734524499,0.171,0.251,8.1E-22,2.4E-17,L5/6
SEPTIN4,-0.626379237,0.215,0.298,7.2E-22,2.2E-17,L5/6
CXXC4-AS1,0.543144591,0.512,0.456,7.0E-22,2.1E-17,L5/6-CC
KIAA2013,-0.532914329,0.194,0.275,6.9E-22,2.0E-17,L5/6-CC
ASB13,-0.548909266,0.252,0.327,6.1E-22,1.8E-17,inb-pv
NDN,-1.272822806,0.174,0.284,6.0E-22,1.8E-17,inb-sv2c
B4GALNT1,-0.538467922,0.186,0.253,6.0E-22,1.8E-17,inb-vip
NUCB1,-0.588673233,0.242,0.328,5.8E-22,1.7E-17,L5/6
CARMIL1,0.548053393,0.266,0.208,5.4E-22,1.6E-17,micro
FAM200A,-0.524437836,0.216,0.3,5.3E-22,1.6E-17,L5/6-CC
RPS18,-0.737679999,0.388,0.507,5.2E-22,1.6E-17,inb-sv2c
SLC8A1,0.622206488,0.342,0.278,5.2E-22,1.5E-17,endo
PIK3R3,-0.588010166,0.2,0.288,4.9E-22,1.5E-17,L5/6
DEF8,-0.507307452,0.2,0.273,4.7E-22,1.4E-17,inb-pv
ATP1A1,-0.509391742,0.701,0.734,4.6E-22,1.4E-17,inb-sv2c
CTSD,-0.619889534,0.197,2.62E-01,4.53E-22,1.35E-17,opc
NDUFV2,-0.519289658,0.306,0.376,4.5E-22,1.3E-17,inb-vip
SEMA6A,0.682037422,0.331,0.262,4.4E-22,1.3E-17,L5/6-CC
ABHD17A,-0.600172043,0.184,0.254,4.4E-22,1.3E-17,inb-pv
LINC01106,-0.524617091,0.173,0.252,4.3E-22,1.3E-17,L5/6-CC
MIR31HG,0.70261522,0.328,0.259,4.2E-22,1.2E-17,L5/6-CC
SLC3A2,-0.678314537,0.249,0.375,3.9E-22,1.2E-17,inb-sv2c
AL512662.2,0.530225856,0.276,0.206,3.8E-22,1.1E-17,inb-pv
RNASEH2C,-0.701857108,0.188,0.269,3.7E-22,1.1E-17,L5/6
CISD2,-0.568855835,0.206,0.28,3.7E-22,1.1E-17,inb-pv
NECTIN2,-0.502231471,0.251,0.32,3.6E-22,1.1E-17,endo
TMTC1,0.573633784,0.426,0.358,3.4E-22,1.0E-17,L5/6
ASCC3,0.50220619,0.333,0.277,3.3E-22,9.9E-18,micro
MBOAT7,-0.557174281,0.282,0.374,3.2E-22,9.4E-18,L5/6
C9orf16,-0.830498757,0.232,0.36,3.1E-22,9.2E-18,inb-sv2c
ULK3,-0.722679622,0.435,0.537,2.9E-22,8.6E-18,inb-sv2c
AC093865.1,0.70202417,0.311,0.243,2.7E-22,8.0E-18,L5/6
PTPN14,0.605454026,0.451,0.391,2.6E-22,7.6E-18,L5/6-CC
BABAM1,-0.616614213,0.255,0.349,2.5E-22,7.5E-18,L5/6
SNRPA1,-0.556007979,0.218,0.29,2.4E-22,7.3E-18,inb-vip
FAU,-0.723492133,0.338,0.466,2.4E-22,7.3E-18,inb-sv2c
MLF2,-0.712187471,0.321,0.443,2.2E-22,6.7E-18,inb-sv2c
COL28A1,0.782195403,0.317,0.249,2.1E-22,6.4E-18,L5/6-CC
ACP1,-0.564667945,0.231,0.322,2.1E-22,6.2E-18,L5/6
CUEDC2,-1.065504581,0.159,0.275,1.8E-22,5.5E-18,inb-sv2c
AC027031.2,-0.675311592,0.197,0.28,1.8E-22,5.3E-18,L5/6
MGAT4B,-0.648879416,0.169,0.251,1.8E-22,5.2E-18,L5/6
KRTCAP2,-0.594793231,0.198,0.28,1.8E-22,5.2E-18,L5/6-CC
SBDS,-0.50529887,0.24,0.327,1.7E-22,5.1E-18,L5/6-CC
HSBP1,-0.80906905,0.301,0.426,1.7E-22,5.0E-18,inb-sv2c
SMDT1,-0.730346643,0.178,0.258,1.7E-22,4.9E-18,L5/6
AC008691.1,0.86958607,0.266,0.196,1.6E-22,4.7E-18,L5/6-CC
LRPAP1,-0.863165595,0.28,0.398,1.6E-22,4.7E-18,inb-sv2c
RPL26,-0.579517339,0.432,0.553,1.6E-22,4.7E-18,inb-sv2c
LINC00205,-0.607673385,0.216,0.3,1.6E-22,4.6E-18,L5/6
HINT1,-0.678705026,0.463,0.572,1.5E-22,4.4E-18,inb-sv2c
ATOX1,-0.539050123,0.173,0.257,1.4E-22,4.2E-18,L5/6
FAM229B,-0.63513638,0.178,0.262,1.4E-22,4.1E-18,L5/6
TRMT1,-0.608291251,0.187,0.269,1.3E-22,4.0E-18,L5/6
DLEU7,0.589980407,0.321,0.261,1.3E-22,3.8E-18,micro
PARP1,-0.534677157,0.258,0.337,1.2E-22,3.5E-18,inb-pv
ARHGAP10,0.730367971,0.306,0.237,1.2E-22,3.5E-18,L5/6
GAA,-0.543837352,0.194,0.269,1.1E-22,3.4E-18,inb-pv
TMEM106C,-0.541947083,0.214,0.296,1.1E-22,3.4E-18,L5/6-CC
ARPC3,-0.541479885,0.26,0.333,1.1E-22,3.3E-18,inb-vip
PIGQ,-0.535840336,0.178,0.251,1.1E-22,3.3E-18,inb-pv
HSF4,-0.519999033,0.271,0.349,1.1E-22,3.2E-18,inb-pv
L3MBTL4,0.5556676,0.3,0.232,1.1E-22,3.2E-18,endo
ZFYVE28,0.658186689,0.255,0.208,1.1E-22,3.2E-18,ast
CYP51A1,-0.77425556,0.361,0.483,1.0E-22,3.1E-18,inb-sv2c
IL34,-0.64431202,0.202,0.288,1.0E-22,3.0E-18,L5/6
STXBP5-AS1,0.585635338,0.486,0.444,1.0E-22,3.0E-18,inb-sst
SEC61B,-0.578498936,0.176,0.258,1.0E-22,3.0E-18,L5/6
PDXP,-0.57635008,0.246,0.338,9.8E-23,2.9E-18,L5/6
AC008691.1,-0.603309794,0.226,0.257,9.8E-23,2.9E-18,L2/3
SURF4,-0.510073545,0.196,0.271,9.6E-23,2.9E-18,inb-pv
AP2S1,-0.903585907,0.212,0.338,9.6E-23,2.8E-18,inb-sv2c
SLC25A23,-0.543539198,0.186,0.257,9.6E-23,2.8E-18,inb-vip
HMOX2,-0.549876514,0.187,0.258,8.7E-23,2.6E-18,inb-vip
ABCB8,-0.518113826,0.257,0.348,8.7E-23,2.6E-18,L5/6
COPS8,-0.615221773,0.23,0.318,8.5E-23,2.5E-18,L5/6
TOMM40,-0.596453313,0.178,0.259,7.8E-23,2.3E-18,L5/6
RASSF4,0.556420504,0.334,2.61E-01,7.52E-23,2.24E-18,opc
PARP2,-0.751965938,0.207,0.292,7.3E-23,2.2E-18,L5/6
AURKAIP1,-0.866100007,0.179,0.303,7.3E-23,2.2E-18,inb-sv2c
TOX4,-0.526187677,0.265,0.36,6.9E-23,2.1E-18,L5/6
CST3,-0.553399441,0.287,0.361,6.7E-23,2.0E-18,inb-vip
SRSF9,-1.137516299,0.166,0.281,6.6E-23,2.0E-18,inb-sv2c
HID1,-0.509190673,0.192,0.262,6.5E-23,1.9E-18,inb-vip
MARCKSL1,-0.997423893,0.246,0.37,6.4E-23,1.9E-18,inb-sv2c
CBX3,-0.505180122,0.29,0.369,6.3E-23,1.9E-18,inb-pv
SELENOS,-0.73177396,0.174,0.253,6.0E-23,1.8E-18,L5/6-CC
RBFA,-0.654422666,0.2,0.284,5.6E-23,1.7E-18,L5/6
LINC01378,0.776713726,0.289,0.217,5.6E-23,1.7E-18,L5/6-CC
UQCR11,-0.763665838,0.271,0.401,5.5E-23,1.6E-18,inb-sv2c
POLR2E,-0.562810145,0.176,0.259,5.2E-23,1.6E-18,L5/6
UGGT2,0.566397457,0.281,0.222,5.1E-23,1.5E-18,micro
SNUPN,-0.581170128,0.19,0.272,5.1E-23,1.5E-18,L5/6-CC
FOXRED1,-0.508600848,0.346,0.438,5.0E-23,1.5E-18,L5/6
NDUFB6,-0.554058199,0.276,0.357,4.9E-23,1.5E-18,inb-pv
MFGE8,-0.549828487,0.228,0.254,4.7E-23,1.4E-18,L2/3
EIF4A2,-0.508592176,0.651,0.708,4.4E-23,1.3E-18,inb-sv2c
DIPK1B,-0.534121745,0.207,0.29,4.1E-23,1.2E-18,L5/6-CC
CLIP3,-0.504340996,0.343,0.442,4.0E-23,1.2E-18,L5/6
RPL5,-0.663658341,0.451,0.562,3.9E-23,1.2E-18,inb-sv2c
AC079382.2,0.789257309,0.294,0.224,3.8E-23,1.1E-18,L5/6-CC
SQSTM1,-0.50034543,0.42,0.521,3.8E-23,1.1E-18,L5/6
TOX4,-0.514999039,0.247,0.328,3.8E-23,1.1E-18,inb-pv
JUN,-0.623593827,0.237,0.323,3.7E-23,1.1E-18,L5/6-CC
CLTB,-0.910019601,0.263,0.388,3.7E-23,1.1E-18,inb-sv2c
DPP7,-0.713433941,0.412,0.524,3.7E-23,1.1E-18,inb-sv2c
MRPL15,-0.550134213,0.182,0.263,3.5E-23,1.0E-18,L5/6-CC
H3F3B,-0.692022834,0.413,0.536,3.5E-23,1.0E-18,inb-sv2c
ATP6V0D1,-0.810473522,0.308,0.432,3.4E-23,1.0E-18,inb-sv2c
ECSIT,-0.523892962,0.238,0.332,3.4E-23,1.0E-18,L5/6
FLYWCH2,-0.630198736,0.184,0.259,3.3E-23,9.7E-19,inb-pv
B2M,-0.680072346,0.274,0.343,3.1E-23,9.1E-19,inb-vip
SRP9,-0.504035132,0.275,0.355,3.0E-23,8.9E-19,inb-pv
RPL8,-0.713687724,0.374,0.502,2.9E-23,8.7E-19,inb-sv2c
HOPX,-1.291988669,0.138,0.255,2.8E-23,8.4E-19,inb-sv2c
BTBD11,0.61384687,0.427,0.368,2.8E-23,8.3E-19,inb-sst
DAD1,-0.50753,0.215,0.3,2.7E-23,8.1E-19,L5/6-CC
CSGALNACT1,0.545869967,0.352,0.287,2.7E-23,8.0E-19,endo
CHST15,0.548340958,0.258,0.199,2.5E-23,7.4E-19,micro
YPEL3,-0.71211456,0.445,0.561,2.5E-23,7.3E-19,inb-sv2c
DBNDD2,-0.897818159,0.18,0.304,2.5E-23,7.3E-19,inb-sv2c
COPS9,-0.553355704,0.274,0.37,2.4E-23,7.2E-19,L5/6
BSCL2,-0.644583977,0.516,0.601,2.4E-23,7.2E-19,inb-sv2c
NDUFB4,-0.618691947,0.246,0.336,2.3E-23,7.0E-19,L5/6
C1orf122,-0.706669272,0.26,0.396,2.3E-23,6.8E-19,inb-sv2c
AF165147.1,0.751984979,0.31,0.238,2.3E-23,6.8E-19,L5/6-CC
PPDPF,-0.823391173,0.223,0.351,2.3E-23,6.8E-19,inb-sv2c
ZNHIT3,-0.546030019,0.192,0.275,2.3E-23,6.7E-19,L5/6-CC
NEAT1,0.72781357,0.329,0.286,2.2E-23,6.7E-19,L2/3
PCP4L1,-0.812931086,0.349,0.477,2.2E-23,6.4E-19,inb-sv2c
UBA52,-0.582885993,0.276,0.371,2.1E-23,6.1E-19,L5/6
COX7A1,-0.685621169,0.174,0.256,2.0E-23,5.9E-19,L5/6
FBF1,-0.738125422,0.201,0.286,1.9E-23,5.7E-19,L5/6
PRDX5,-0.777823875,0.229,0.362,1.9E-23,5.7E-19,inb-sv2c
NGRN,-0.616027568,0.509,0.616,1.8E-23,5.5E-19,inb-sv2c
B3GAT3,-0.905453833,0.231,0.356,1.8E-23,5.4E-19,inb-sv2c
MYL12B,-0.55275005,0.224,0.297,1.6E-23,4.9E-19,inb-vip
DNAJC18,-0.512793535,0.334,0.431,1.6E-23,4.7E-19,L5/6
EIF3D,-0.550069476,0.225,0.31,1.6E-23,4.6E-19,L5/6-CC
UBL3,0.506265707,0.543,0.497,1.5E-23,4.4E-19,L5/6-CC
ZMIZ2,-0.507229243,0.246,0.341,1.5E-23,4.3E-19,L5/6
ZSCAN18,-0.675287259,0.313,0.441,1.4E-23,4.2E-19,inb-sv2c
KIAA1324L,0.61489003,0.477,0.42,1.4E-23,4.1E-19,L5/6-CC
KDELR1,-0.721751431,0.185,0.271,1.3E-23,3.9E-19,L5/6
ZYX,-0.532395083,0.335,0.433,1.3E-23,3.8E-19,L5/6
NYAP1,-0.510166873,0.193,0.275,1.1E-23,3.3E-19,L5/6-CC
RPL29,-0.743368716,0.326,0.463,1.1E-23,3.3E-19,inb-sv2c
UCKL1,-0.507046396,0.191,0.275,1.1E-23,3.2E-19,L5/6-CC
COX6C,-0.538831192,0.476,0.564,1.1E-23,3.2E-19,L5/6
PLEKHG5,-0.536440615,0.195,0.284,1.0E-23,3.0E-19,L5/6
PDAP1,-0.504590116,0.243,0.331,1.0E-23,3.0E-19,L5/6-CC
TMEM14C,-0.597249157,0.184,0.265,9.8E-24,2.9E-19,L5/6-CC
RELL2,-1.154941324,0.165,0.285,9.3E-24,2.8E-19,inb-sv2c
HSPA5,-0.503274415,0.331,0.422,8.7E-24,2.6E-19,L5/6-CC
SLC45A1,-0.653506375,0.168,0.251,8.7E-24,2.6E-19,L5/6
NENF,-0.577307333,0.184,0.268,8.3E-24,2.5E-19,L5/6
PANX2,-0.593130271,0.18,0.26,8.2E-24,2.4E-19,L5/6-CC
GSS,-0.665013337,0.185,0.271,8.1E-24,2.4E-19,L5/6
ZNF316,-0.559272069,0.19,0.275,8.1E-24,2.4E-19,L5/6-CC
GTF2H2,-0.587163144,0.228,0.305,8.0E-24,2.4E-19,inb-pv
CNR1,-0.532579745,0.377,0.417,7.8E-24,2.3E-19,inb
ABCB8,-0.517503448,0.198,0.269,7.5E-24,2.2E-19,inb-vip
MTCH1,-0.647893323,0.499,0.604,7.2E-24,2.1E-19,inb-sv2c
AL109811.2,-0.556612719,0.182,0.265,7.1E-24,2.1E-19,L5/6-CC
AF165147.1,0.612368946,0.315,0.241,7.0E-24,2.1E-19,L5/6
OLFM1,-0.795392929,0.459,0.578,7.0E-24,2.1E-19,inb-sv2c
SLC29A4,-0.88272625,0.236,0.367,6.7E-24,2.0E-19,inb-sv2c
PSRC1,-0.55809279,0.257,0.344,6.5E-24,1.9E-19,L5/6-CC
ATP5F1E,-0.828754341,0.376,0.507,5.8E-24,1.7E-19,inb-sv2c
DISP1,0.667191412,0.375,0.306,5.8E-24,1.7E-19,L5/6-CC
NPIPB5,0.50880061,0.289,0.212,5.5E-24,1.6E-19,inb-pv
CASKIN1,-0.578216431,0.313,0.411,5.3E-24,1.6E-19,L5/6
ANKRD52,-0.599359756,0.191,0.278,5.3E-24,1.6E-19,L5/6
SNRPA1,-0.504209304,0.282,0.381,5.0E-24,1.5E-19,L5/6
AL731577.2,0.657483256,0.316,0.241,4.7E-24,1.4E-19,inb-pv
REX1BD,-0.613366573,0.355,0.49,4.7E-24,1.4E-19,inb-sv2c
SHFL,-0.633914122,0.183,0.252,4.5E-24,1.3E-19,endo
TMEM240,-0.977331705,0.158,0.277,4.2E-24,1.3E-19,inb-sv2c
SERF2,-0.822189286,0.256,0.393,4.0E-24,1.2E-19,inb-sv2c
NOP56,-0.514870903,0.297,0.392,3.9E-24,1.2E-19,L5/6
HSPE1,-0.509968596,0.252,0.345,3.9E-24,1.1E-19,L5/6
TRMT10C,-0.701679026,0.18,0.26,3.7E-24,1.1E-19,L5/6-CC
CTSF,-0.79534421,0.307,0.434,3.5E-24,1.0E-19,inb-sv2c
LINC00886,0.578221469,0.285,0.212,3.4E-24,1.0E-19,inb-pv
PGP,-0.678196984,0.414,0.532,3.3E-24,9.9E-20,inb-sv2c
VPS51,-0.531305271,0.294,0.391,3.3E-24,9.8E-20,L5/6
HIGD1B,-0.610934988,0.302,0.365,3.3E-24,9.8E-20,endo
RPL15,-0.663243848,0.54,0.63,3.2E-24,9.6E-20,inb-sv2c
ATP5PO,-0.927397807,0.284,0.41,3.1E-24,9.2E-20,inb-sv2c
COX8A,-1.009379709,0.219,0.348,3.0E-24,9.0E-20,inb-sv2c
LYNX1,-0.504602875,0.295,0.393,2.9E-24,8.5E-20,L5/6
TCERG1L,-0.513722739,0.243,0.337,2.9E-24,8.5E-20,L5/6
AC053513.1,0.543375345,0.453,0.385,2.8E-24,8.4E-20,L5/6-CC
CX3CL1,-0.613265031,0.245,0.325,2.8E-24,8.3E-20,inb-pv
ZNF428,-0.827386608,0.294,0.425,2.7E-24,8.1E-20,inb-sv2c
STRAP,-0.506576089,0.348,0.448,2.6E-24,7.7E-20,L5/6
RPS12,-0.681889253,0.404,0.535,2.6E-24,7.6E-20,inb-sv2c
LSR,-0.518627619,0.277,0.346,2.5E-24,7.4E-20,endo
CBWD5,0.542645252,0.537,0.49,2.5E-24,7.4E-20,L5/6-CC
LAMTOR5,-0.552221306,0.181,0.267,2.4E-24,7.3E-20,L5/6
KIAA0895L,-0.539346629,0.258,0.339,2.3E-24,6.8E-20,inb-pv
MFSD4A,-0.555390733,0.338,0.435,2.2E-24,6.5E-20,L5/6
RPL37A,-0.70998111,0.595,0.659,2.1E-24,6.3E-20,L5/6
CARS,-0.584681185,0.2,0.273,2.0E-24,6.0E-20,inb-vip
CAMSAP3,-0.585179395,0.181,0.264,2.0E-24,5.8E-20,L5/6-CC
ZCRB1,-0.541106893,0.252,0.344,1.9E-24,5.5E-20,L5/6-CC
ABCB8,-0.524168923,0.242,0.323,1.8E-24,5.4E-20,inb-pv
IRF2,0.503581923,0.289,0.243,1.8E-24,5.3E-20,L4
MCRS1,-0.520777823,0.211,0.299,1.7E-24,5.2E-20,L5/6-CC
GALNT16,0.639631171,0.413,0.346,1.7E-24,5.1E-20,L5/6-CC
CA11,-0.529028619,0.226,0.306,1.6E-24,4.9E-20,inb-pv
THBS3,-0.6341405,0.169,0.251,1.6E-24,4.7E-20,L5/6-CC
CA11,-0.508170366,0.187,0.261,1.5E-24,4.4E-20,inb-vip
H2AFZ,-0.531483871,0.329,0.428,1.5E-24,4.3E-20,L5/6
FAM174A,-0.578635071,0.194,0.269,1.4E-24,4.2E-20,inb-vip
PRMT1,-0.542646252,0.196,0.269,1.4E-24,4.1E-20,inb-vip
OCIAD1,-0.532763049,0.645,0.712,1.4E-24,4.1E-20,inb-sv2c
ANKRD52,-0.583516414,0.193,0.27,1.3E-24,4.0E-20,inb-pv
RNASEH2C,-0.542503636,0.246,0.338,1.3E-24,4.0E-20,L5/6-CC
RPS9,-0.529107844,0.35,0.448,1.3E-24,3.9E-20,L5/6
B2M,-0.735292269,0.282,0.365,1.3E-24,3.9E-20,L5/6
CHID1,-0.515365625,0.199,0.287,1.1E-24,3.3E-20,L5/6
LINC02646,0.611567607,0.36,0.285,1.1E-24,3.3E-20,L5/6
ORAI2,-0.561463275,0.23,0.323,1.1E-24,3.2E-20,L5/6
SIAH2,-0.534756985,0.205,0.292,1.1E-24,3.1E-20,L5/6-CC
PSMB5,-0.585326115,0.265,0.36,1.0E-24,3.1E-20,L5/6
TOMM5,-0.668757349,0.221,0.314,1.0E-24,3.0E-20,L5/6
UBA6-AS1,0.534678981,0.577,0.565,9.8E-25,2.9E-20,inb-sst
CUTA,-0.964595253,0.202,0.33,9.6E-25,2.9E-20,inb-sv2c
MRPS11,-0.500890639,0.227,0.309,9.5E-25,2.8E-20,inb-pv
LRMDA,0.567193185,0.253,0.209,9.4E-25,2.8E-20,L4
SYF2,-0.571601031,0.218,0.306,9.1E-25,2.7E-20,L5/6-CC
FOXP2,0.760367294,0.319,0.251,9.1E-25,2.7E-20,endo
PITHD1,-0.596359812,0.233,0.309,9.0E-25,2.7E-20,inb-vip
METRN,-0.566101617,0.238,3.11E-01,8.50E-25,2.53E-20,opc
CHMP1A,-0.527329612,0.197,0.286,8.1E-25,2.4E-20,L5/6-CC
TUBB,-0.521763657,0.408,0.512,8.0E-25,2.4E-20,L5/6
RMND5B,-0.506758731,0.239,0.323,8.0E-25,2.4E-20,inb-pv
DPP10,0.530326744,0.648,0.622,8.0E-25,2.4E-20,inb-sst
FEZ1,-0.522711785,0.47,0.558,7.5E-25,2.2E-20,L5/6
ZNF160,-0.671597712,0.216,0.284,7.5E-25,2.2E-20,endo
C18orf32,-0.629360634,0.324,0.416,7.4E-25,2.2E-20,L5/6
PEA15,-0.539567219,0.279,0.38,7.4E-25,2.2E-20,L5/6
CHCHD2,-0.808745986,0.384,0.516,6.7E-25,2.0E-20,inb-sv2c
RPL41,-0.611655514,0.521,0.63,6.7E-25,2.0E-20,inb-sv2c
CPLX3,-1.010588804,0.269,0.395,6.6E-25,2.0E-20,inb-sv2c
ALCAM,0.957553256,0.284,0.218,6.5E-25,1.9E-20,endo
KRAS,-0.522824749,0.304,0.381,6.2E-25,1.8E-20,inb-vip
PNMA8B,-0.571417929,0.192,0.268,5.7E-25,1.7E-20,inb-vip
PCP4,-0.745288838,0.23,0.305,5.5E-25,1.6E-20,inb-vip
HDDC2,-0.604135501,0.179,0.251,5.3E-25,1.6E-20,inb-vip
RASSF8,0.513932577,0.423,0.368,5.3E-25,1.6E-20,micro
PEF1,-0.504788124,0.168,0.253,5.1E-25,1.5E-20,L5/6-CC
MRPL57,-0.728802413,0.218,0.307,5.1E-25,1.5E-20,L5/6
TMEM246,-0.527726101,0.252,0.329,4.8E-25,1.4E-20,inb-vip
RNLS,0.533499337,0.458,0.393,4.7E-25,1.4E-20,L5/6
TUFM,-0.943182064,0.193,0.325,4.5E-25,1.3E-20,inb-sv2c
GOT1,-0.797764536,0.416,0.533,4.5E-25,1.3E-20,inb-sv2c
BOLA3,-0.526000927,0.192,0.282,4.4E-25,1.3E-20,L5/6
FARSA,-0.644324121,0.175,0.263,4.2E-25,1.2E-20,L5/6
MRI1,-0.58986909,0.221,0.312,4.2E-25,1.2E-20,L5/6
H3F3A,-0.583734424,0.275,0.361,4.2E-25,1.2E-20,inb-pv
M6PR,-0.532575076,0.288,0.385,3.7E-25,1.1E-20,L5/6
ARL2,-0.522593973,0.25,0.343,3.7E-25,1.1E-20,L5/6-CC
IQCJ-SCHIP1,0.563372929,0.588,0.547,3.6E-25,1.1E-20,inb-sst
DNAJC19,-0.617519066,0.225,0.319,3.2E-25,9.5E-21,L5/6
FAM174A,-0.539991042,0.269,0.352,3.1E-25,9.3E-21,inb-pv
RPS14,-0.501387379,0.485,0.577,3.1E-25,9.2E-21,L5/6
LINC02253,0.714969415,0.336,0.26,3.0E-25,9.0E-21,L5/6-CC
ID3,-0.525220791,0.426,0.49,3.0E-25,8.9E-21,endo
HID1,-0.64155235,0.232,0.322,2.8E-25,8.3E-21,L5/6
NAGK,-0.621003978,0.227,0.316,2.8E-25,8.3E-21,L5/6-CC
CDIPT,-0.562462502,0.219,0.312,2.7E-25,8.0E-21,L5/6
SPCS2,-0.503927793,0.387,0.487,2.3E-25,6.8E-21,L5/6
C1QC,-0.516807608,0.21,0.278,2.2E-25,6.7E-21,micro
PRKAG1,-0.586470824,0.252,0.338,2.2E-25,6.5E-21,inb-pv
LIME1,-0.514278311,0.244,0.272,2.1E-25,6.3E-21,L2/3
CELF3,-0.559843522,0.257,0.353,2.1E-25,6.3E-21,L5/6
PDGFC,0.511972375,0.426,0.356,2.0E-25,6.1E-21,inb-pv
HEY1,-0.532865561,0.167,0.253,2.0E-25,6.0E-21,L5/6-CC
UNC5B,-0.5865742,0.21,0.283,1.9E-25,5.8E-21,endo
SLC9A9,0.514149835,0.405,0.367,1.9E-25,5.5E-21,L4
HAP1,-0.645620795,0.179,0.251,1.8E-25,5.2E-21,inb-vip
ING4,-0.501482052,0.257,0.341,1.7E-25,5.2E-21,inb-pv
LINC00621,-0.515372933,0.165,0.251,1.7E-25,5.2E-21,L5/6-CC
NDUFC1,-0.66528602,0.226,0.319,1.6E-25,4.8E-21,L5/6
SEMA6B,-0.630220783,0.205,0.282,1.6E-25,4.8E-21,inb-pv
PTOV1,-0.630218504,0.219,0.298,1.6E-25,4.8E-21,inb-pv
EMC3,-0.517552806,0.313,0.415,1.6E-25,4.7E-21,L5/6
STMN2,-0.636113594,0.687,0.739,1.6E-25,4.6E-21,inb-sv2c
ATP6V1F,-0.846817272,0.272,0.407,1.6E-25,4.6E-21,inb-sv2c
SSU72,-0.522490374,0.241,0.319,1.5E-25,4.5E-21,inb-vip
CEP44,0.528612684,0.293,0.249,1.4E-25,4.2E-21,L4
PHB2,-0.558693303,0.191,0.278,1.3E-25,4.0E-21,L5/6-CC
EEF1E1,-0.50080934,0.25,0.347,1.3E-25,3.8E-21,L5/6-CC
LGI3,-0.520486604,0.325,0.412,1.3E-25,3.8E-21,inb-pv
CARMIL2,-0.705670522,0.219,0.31,1.3E-25,3.7E-21,L5/6
ATP1B2,-0.581639372,0.204,0.286,1.2E-25,3.6E-21,inb-pv
INSIG1,-0.508304222,0.187,0.275,1.2E-25,3.6E-21,L5/6-CC
HSPA1A,-1.351711998,0.309,0.371,1.1E-25,3.4E-21,endo
LINC00472,0.530959477,0.662,0.551,1.1E-25,3.3E-21,inb-sv2c
CCT6A,-0.535654938,0.222,0.299,1.1E-25,3.2E-21,inb-vip
TRAPPC3,-0.577115128,0.239,0.329,1.1E-25,3.2E-21,L5/6-CC
RPL9,-0.528816248,0.477,0.563,9.9E-26,2.9E-21,L5/6
NDUFV1,-0.775137935,0.379,0.503,9.9E-26,2.9E-21,inb-sv2c
ERCC1,-0.579883246,0.224,0.317,9.8E-26,2.9E-21,L5/6
CISD2,-0.623943798,0.181,0.255,9.8E-26,2.9E-21,inb-vip
HBP1,0.692010246,0.328,0.253,9.7E-26,2.9E-21,L5/6
MZT2B,-0.840820787,0.301,0.436,9.7E-26,2.9E-21,inb-sv2c
NRBF2,-0.702835816,0.181,0.267,9.1E-26,2.7E-21,L5/6-CC
HSD17B12,-0.536136743,0.24,0.325,8.9E-26,2.7E-21,inb-pv
PLCG2,-0.636511056,0.222,0.315,8.8E-26,2.6E-21,L5/6
SCG2,-0.940436939,0.44,0.55,8.6E-26,2.5E-21,inb-sv2c
NDUFB9,-0.700872626,0.197,0.288,8.0E-26,2.4E-21,L5/6
MTLN,-0.624490845,0.206,0.297,7.9E-26,2.4E-21,L5/6-CC
THSD4,0.590818132,0.633,0.628,7.6E-26,2.3E-21,endo
LINC01414,0.542961286,0.575,0.532,7.3E-26,2.2E-21,L5/6-CC
RPS23,-0.640622523,0.429,0.552,7.2E-26,2.2E-21,inb-sv2c
MRPL32,-0.685811847,0.168,0.254,7.2E-26,2.1E-21,L5/6
TFEC,0.561002609,0.299,0.234,6.8E-26,2.0E-21,micro
ZNF354A,-0.519609705,0.193,0.285,6.7E-26,2.0E-21,L5/6
EID1,-0.729165734,0.449,0.572,6.5E-26,1.9E-21,inb-sv2c
PRKAG2-AS1,-0.593791091,0.19,0.271,6.2E-26,1.8E-21,inb-pv
SFTA1P,-0.605616925,0.196,0.286,5.8E-26,1.7E-21,L5/6-CC
RSAD1,-0.658732528,0.197,0.276,5.6E-26,1.7E-21,inb-pv
COPS7A,-0.839914349,0.171,0.257,5.6E-26,1.7E-21,L5/6
MCUB,0.915931719,0.253,0.181,5.0E-26,1.5E-21,L5/6-CC
EMC10,-0.568743382,0.184,0.27,5.0E-26,1.5E-21,L5/6-CC
GAA,-0.564326714,0.186,0.277,5.0E-26,1.5E-21,L5/6
ARL4C,-0.537116254,0.212,0.305,4.9E-26,1.5E-21,L5/6-CC
ATP1A3,-0.553525866,0.641,0.713,4.8E-26,1.4E-21,inb-sv2c
COL4A2,-0.547123654,0.355,0.432,4.8E-26,1.4E-21,endo
UBE2V2,-0.54178248,0.374,0.473,4.6E-26,1.4E-21,L5/6
PA2G4,-0.653921452,0.189,0.281,4.4E-26,1.3E-21,L5/6
VPS29,-0.553347739,0.261,0.339,4.1E-26,1.2E-21,inb-vip
SLC25A11,-0.543279169,0.172,0.258,3.9E-26,1.2E-21,L5/6-CC
SDHB,-0.565924121,0.262,0.365,3.7E-26,1.1E-21,L5/6
COX6B1,-0.812362008,0.31,0.45,3.6E-26,1.1E-21,inb-sv2c
ASPSCR1,-0.533756458,0.233,0.316,3.6E-26,1.1E-21,inb-pv
NECAB2,-0.75890406,0.422,0.543,3.5E-26,1.0E-21,inb-sv2c
SRA1,-0.594296447,0.243,0.334,3.4E-26,1.0E-21,L5/6-CC
RHBDL1,-0.999144121,0.246,0.377,3.3E-26,9.9E-22,inb-sv2c
RAB5C,-0.536664114,0.208,0.301,3.3E-26,9.7E-22,L5/6
MYL6,-0.918364631,0.267,0.406,3.2E-26,9.6E-22,inb-sv2c
LRRC8D,0.575068204,0.318,0.256,3.2E-26,9.5E-22,micro
SDF4,-0.593608896,0.238,0.32,3.0E-26,8.9E-22,inb-pv
GNAL,-0.716975855,0.231,0.32,3.0E-26,8.9E-22,L5/6-CC
FLOT1,-0.52887918,0.424,0.528,3.0E-26,8.8E-22,L5/6
GBP4,-0.566986529,0.249,0.324,2.9E-26,8.5E-22,endo
GHR,0.617376854,0.257,0.187,2.8E-26,8.5E-22,endo
ORAI2,-0.672958355,0.219,0.301,2.8E-26,8.3E-22,inb-pv
PITHD1,-0.512689921,0.285,0.388,2.8E-26,8.2E-22,L5/6
ZNF862,-0.545433528,0.353,0.454,2.6E-26,7.9E-22,L5/6
AC068587.4,0.541683209,0.26,0.196,2.5E-26,7.5E-22,micro
CAMKV,-0.532549531,0.228,0.314,2.5E-26,7.5E-22,inb-pv
CORO7,-0.689418182,0.185,0.276,2.5E-26,7.3E-22,L5/6
JAG2,-0.504220264,0.234,0.327,2.5E-26,7.3E-22,L5/6-CC
MMP24OS,-0.547300165,0.262,0.348,2.5E-26,7.3E-22,inb-pv
HAPLN4,-0.608818287,0.209,0.292,2.4E-26,7.1E-22,inb-pv
PLK2,-0.527393052,0.285,0.366,2.3E-26,6.8E-22,inb-vip
HLA-DRB1,0.510121853,0.292,0.225,2.1E-26,6.2E-22,micro
PLEKHO1,-0.531702335,0.257,0.343,2.0E-26,6.0E-22,inb-pv
PICK1,-0.505089599,0.179,0.256,2.0E-26,6.0E-22,inb-vip
TNFSF10,-0.613875265,0.283,0.353,2.0E-26,5.9E-22,endo
NOL12,-0.593545919,0.177,0.263,1.9E-26,5.6E-22,L5/6-CC
STOML2,-0.502578116,0.195,0.287,1.8E-26,5.4E-22,L5/6-CC
BUD23,-0.52878606,0.245,0.341,1.8E-26,5.3E-22,L5/6-CC
BAP1,-0.665087726,0.174,0.26,1.8E-26,5.2E-22,L5/6-CC
SSU72,-0.557293198,0.282,0.383,1.7E-26,5.1E-22,L5/6
AC034268.2,-0.953816657,0.341,0.432,1.7E-26,5.0E-22,L5/6
C1QL3,-0.771540157,0.201,0.287,1.5E-26,4.5E-22,L5/6-CC
TKT,-0.589640373,0.256,0.352,1.5E-26,4.4E-22,L5/6
OTUD6B-AS1,-0.508079139,0.324,0.414,1.4E-26,4.1E-22,inb-pv
METTL3,-0.551255026,0.191,0.285,1.4E-26,4.0E-22,L5/6
RACK1,-0.506704284,0.356,0.458,1.3E-26,3.9E-22,L5/6
APOLD1,-0.556505433,0.444,0.523,1.3E-26,3.8E-22,endo
RNLS,0.629559536,0.505,0.445,1.3E-26,3.7E-22,L5/6-CC
CXADR,-0.527238493,0.325,0.406,1.2E-26,3.7E-22,inb-vip
CHMP5,-0.631907939,0.235,0.334,1.2E-26,3.7E-22,L5/6
RPS24,-0.519917194,0.503,0.596,1.2E-26,3.6E-22,L5/6
KCNN1,-0.55543839,0.167,0.256,1.2E-26,3.5E-22,L5/6
ABHD8,-0.551969408,0.2,0.276,1.1E-26,3.3E-22,inb-vip
COX7A2,-0.944763102,0.291,0.434,1.1E-26,3.2E-22,inb-sv2c
LAMA2,0.562311729,0.281,0.233,1.1E-26,3.1E-22,L4
NLGN2,-0.572903369,0.224,0.301,1.1E-26,3.1E-22,inb-vip
DMWD,-0.696951227,0.194,0.286,1.0E-26,3.0E-22,L5/6
WARS2-AS1,0.647521981,0.415,0.343,1.0E-26,3.0E-22,L5/6
EDF1,-0.962163243,0.271,0.409,1.0E-26,3.0E-22,inb-sv2c
HBP1,0.623252276,0.421,0.348,1.0E-26,3.0E-22,L5/6-CC
SCRG1,-0.515131934,0.294,3.75E-01,9.96E-27,2.96E-22,opc
HERPUD1,-0.638632277,0.193,0.27,9.9E-27,2.9E-22,inb-vip
CKMT1B,-0.51466386,0.25,0.351,9.9E-27,2.9E-22,L5/6
ISCA1,-0.505947954,0.284,0.372,9.3E-27,2.8E-22,inb-pv
ARRDC1,-0.608117095,0.169,0.26,9.1E-27,2.7E-22,L5/6
EI24,-0.527247101,0.225,0.305,9.1E-27,2.7E-22,inb-vip
ARSA,-0.617800283,0.167,0.252,8.5E-27,2.5E-22,L5/6-CC
GPR22,-0.500520307,0.336,0.428,8.5E-27,2.5E-22,inb-pv
RHOB,-0.654720718,0.18,0.272,7.3E-27,2.2E-22,L5/6
KATNB1,-0.51425665,0.256,0.353,7.0E-27,2.1E-22,L5/6-CC
ZNF7,-0.528489324,0.214,0.307,7.0E-27,2.1E-22,L5/6-CC
STOML1,-0.542866301,0.186,0.278,7.0E-27,2.1E-22,L5/6-CC
GDE1,-0.627491968,0.194,0.277,6.9E-27,2.0E-22,inb-pv
RPS3A,-0.777726534,0.383,0.516,6.6E-27,2.0E-22,inb-sv2c
AUP1,-0.527008006,0.21,0.303,6.0E-27,1.8E-22,L5/6
FAAP20,-0.660120774,0.2,0.281,5.9E-27,1.8E-22,inb-pv
POMGNT1,-0.538841328,0.223,0.302,5.4E-27,1.6E-22,inb-vip
SNCB,-0.822693527,0.322,0.464,5.3E-27,1.6E-22,inb-sv2c
SPATA5,0.506458183,0.465,0.394,5.2E-27,1.6E-22,L5/6
SCYL1,-0.587109268,0.185,0.266,5.2E-27,1.5E-22,inb-pv
CDH5,-0.547886952,0.312,0.389,5.0E-27,1.5E-22,endo
AGRN,-0.597682747,0.236,0.312,5.0E-27,1.5E-22,endo
VPS4A,-0.624989006,0.204,0.287,4.8E-27,1.4E-22,inb-pv
HMGN2,-0.515596777,0.186,0.279,4.7E-27,1.4E-22,L5/6-CC
EIF4H,-0.514819203,0.293,0.381,4.5E-27,1.3E-22,inb-pv
CAMK1,-0.68665859,0.186,0.266,4.5E-27,1.3E-22,inb-pv
DPYSL4,-0.568270341,0.206,0.288,4.4E-27,1.3E-22,inb-pv
PTS,-0.552315488,0.268,0.371,4.3E-27,1.3E-22,L5/6
PPP1R37,-0.626679911,0.189,0.279,3.9E-27,1.2E-22,L5/6-CC
APC2,-0.547676572,0.363,0.466,3.9E-27,1.1E-22,L5/6
SRM,-0.87862565,0.181,0.269,3.7E-27,1.1E-22,L5/6
SNU13,-0.567791314,0.304,0.411,3.5E-27,1.0E-22,L5/6
FKBP5,0.604430169,0.376,0.307,3.5E-27,1.0E-22,endo
RPAIN,-0.583453395,0.272,0.362,3.5E-27,1.0E-22,inb-pv
RPS19BP1,-0.598463838,0.175,0.269,3.3E-27,9.7E-23,L5/6
MRPL38,-0.558132771,0.215,0.307,3.2E-27,9.5E-23,L5/6-CC
SEPTIN8,-0.60211509,0.262,0.347,3.1E-27,9.3E-23,inb-pv
STK25,-0.542311523,0.281,0.367,3.1E-27,9.3E-23,inb-pv
AIF1L,-0.538878264,0.264,0.341,3.0E-27,9.0E-23,endo
HRH3,-0.728467481,0.218,0.295,3.0E-27,8.9E-23,inb-vip
GFRA2,-0.596618577,0.225,0.321,2.9E-27,8.7E-23,L5/6
NDUFB10,-1.083121716,0.208,0.347,2.9E-27,8.6E-23,inb-sv2c
COMMD6,-0.692770038,0.191,0.283,2.7E-27,8.0E-23,L5/6
SCN1B,-0.722211303,0.313,0.457,2.6E-27,7.6E-23,inb-sv2c
NKD1,-0.641787679,0.18,2.57E-01,2.55E-27,7.58E-23,opc
LYSMD2,-0.643124599,0.236,0.321,2.5E-27,7.5E-23,inb-pv
CPNE5,0.695379815,0.301,2.24E-01,2.41E-27,7.16E-23,opc
RABAC1,-0.937825239,0.255,0.393,2.4E-27,7.0E-23,inb-sv2c
IGFBP5,-0.540785705,0.233,0.33,2.2E-27,6.6E-23,L5/6-CC
METTL24,0.578559503,0.287,0.24,2.2E-27,6.6E-23,L4
NOP56,-0.543484638,0.261,0.343,2.2E-27,6.6E-23,inb-vip
ZDHHC8,-0.675894488,0.211,0.302,2.2E-27,6.6E-23,L5/6
REXO1,-0.636078315,0.206,0.298,2.2E-27,6.6E-23,L5/6-CC
SLC38A3,-0.653978631,0.202,0.276,2.2E-27,6.6E-23,endo
ADAM15,-0.583922332,0.204,0.28,2.2E-27,6.5E-23,endo
BRI3,-0.545702181,0.273,0.354,2.1E-27,6.3E-23,inb-vip
GGCT,-0.593392752,0.228,0.329,2.1E-27,6.2E-23,L5/6
MPC2,-0.598638159,0.194,0.273,1.9E-27,5.7E-23,inb-vip
CYP2E1,-0.51306511,0.201,0.294,1.9E-27,5.6E-23,L5/6-CC
RFK,-0.592506862,0.179,0.261,1.9E-27,5.6E-23,inb-pv
MAP4K2,-0.554234303,0.224,0.3,1.9E-27,5.5E-23,endo
ROGDI,-1.107667121,0.186,0.324,1.8E-27,5.5E-23,inb-sv2c
TAF11,-0.527511712,0.269,0.359,1.8E-27,5.2E-23,inb-pv
UTRN,0.506180048,0.721,0.623,1.7E-27,5.2E-23,inb-sv2c
NAA20,-0.691749969,0.222,0.305,1.7E-27,5.0E-23,inb-pv
CNTNAP3,0.523550938,0.45,0.366,1.6E-27,4.6E-23,L5/6
ATP5MC2,-0.522464894,0.338,0.421,1.5E-27,4.3E-23,inb-vip
TMUB2,-0.537556087,0.176,0.269,1.4E-27,4.2E-23,L5/6
EMC3,-0.511274375,0.254,0.345,1.4E-27,4.2E-23,inb-pv
COMMD10,0.529457284,0.52,0.455,1.3E-27,3.9E-23,L5/6
MIF,-0.60986485,0.395,0.498,1.3E-27,3.7E-23,L5/6
MTLN,-0.58368411,0.179,0.263,1.2E-27,3.6E-23,inb-pv
TESC,-0.671126917,0.177,0.269,1.2E-27,3.5E-23,L5/6
MRFAP1,-0.629742148,0.282,0.39,1.2E-27,3.5E-23,L5/6
THAP5,-0.656726364,0.165,0.253,1.1E-27,3.2E-23,L5/6-CC
DNAH6,0.578124131,0.264,0.189,1.1E-27,3.2E-23,inb-vip
LRGUK,-0.745478561,0.208,0.301,1.1E-27,3.1E-23,L5/6
CCT8,-0.5023882,0.312,0.399,1.1E-27,3.1E-23,inb-pv
KCNIP3,-0.525838113,0.423,0.523,1.0E-27,3.1E-23,L5/6
NME3,-0.517671927,0.443,0.529,1.0E-27,3.1E-23,L5/6
ERCC1,-0.582658351,0.24,0.327,1.0E-27,3.0E-23,inb-pv
TMEM183A,-0.80047496,0.176,0.268,1.0E-27,3.0E-23,L5/6
DNAJC8,-0.686319892,0.255,0.355,9.6E-28,2.9E-23,L5/6
COMMD7,-0.522986891,0.289,0.378,8.8E-28,2.6E-23,inb-pv
SEZ6,-0.599562869,0.293,0.393,8.5E-28,2.5E-23,L5/6
EPHX1,-0.52601043,0.21,0.287,8.3E-28,2.5E-23,endo
GHR,0.822051722,0.322,0.251,8.2E-28,2.5E-23,inb-sst
CCT5,-0.644674659,0.224,0.31,8.2E-28,2.4E-23,inb-pv
ENTR1,-0.62685742,0.19,0.273,8.1E-28,2.4E-23,inb-pv
DMPK,-0.579086229,0.2,0.298,8.0E-28,2.4E-23,L5/6
PCP4,-0.663596695,0.28,0.38,7.8E-28,2.3E-23,L5/6
TMEM258,-0.679903454,0.166,0.257,7.7E-28,2.3E-23,L5/6
FAM131A,-0.616227315,0.208,0.287,7.3E-28,2.2E-23,inb-vip
SLC2A3,-0.582447573,0.245,0.332,7.3E-28,2.2E-23,inb-pv
CTSL,-0.853158309,0.181,0.273,7.1E-28,2.1E-23,L5/6
YIPF3,-0.836611745,0.17,0.258,7.0E-28,2.1E-23,L5/6
FAT4,0.550628652,0.398,0.324,6.9E-28,2.1E-23,inb-vip
JAK2,0.518054275,0.573,0.515,5.8E-28,1.7E-23,L5/6
M6PR,-0.513865951,0.237,0.321,5.8E-28,1.7E-23,inb-vip
PEX11B,-0.590901704,0.197,0.29,5.6E-28,1.7E-23,L5/6-CC
SSBP4,-0.880248675,0.335,0.466,5.5E-28,1.6E-23,inb-sv2c
NME3,-0.702294306,0.403,0.538,5.2E-28,1.6E-23,inb-sv2c
CACNB2,0.722731313,0.403,0.328,5.2E-28,1.6E-23,endo
CHMP5,-0.642147816,0.202,0.287,5.2E-28,1.5E-23,inb-pv
CSPG5,-0.556104246,0.249,0.335,5.1E-28,1.5E-23,inb-pv
FAM153B,-0.539401031,0.307,0.388,5.0E-28,1.5E-23,inb-vip
NOXA1,-0.632823031,0.198,0.275,4.8E-28,1.4E-23,inb-vip
ISCU,-0.893378947,0.314,0.45,4.8E-28,1.4E-23,inb-sv2c
SEC61B,-0.505965141,0.251,0.352,4.7E-28,1.4E-23,L5/6-CC
POMP,-0.503501217,0.231,0.317,4.5E-28,1.3E-23,inb-vip
ARL8A,-0.535265765,0.308,0.412,4.5E-28,1.3E-23,L5/6
MRPL20,-0.534306156,0.203,0.292,4.3E-28,1.3E-23,inb-pv
CENPV,-0.552298512,0.253,0.353,4.2E-28,1.3E-23,L5/6-CC
BAHCC1,-0.582058206,0.209,0.304,4.2E-28,1.2E-23,L5/6-CC
LANCL1-AS1,0.740804518,0.309,0.23,4.1E-28,1.2E-23,inb-pv
FDFT1,-0.69617204,0.23,0.31,4.0E-28,1.2E-23,inb-vip
FEZF2,-0.688791362,0.244,0.343,3.9E-28,1.1E-23,L5/6
ACP1,-0.703192667,0.217,0.301,3.8E-28,1.1E-23,inb-pv
NACA,-0.544452374,0.477,0.572,3.6E-28,1.1E-23,L5/6
ASPHD2,-0.571728279,0.211,0.304,3.4E-28,1.0E-23,L5/6-CC
FMNL1,-0.760955849,0.18,0.271,3.4E-28,1.0E-23,L5/6
CCT4,-0.554606584,0.294,0.384,3.3E-28,9.8E-24,inb-pv
URM1,-0.610167954,0.188,0.28,3.1E-28,9.3E-24,L5/6-CC
AC093865.1,0.681941949,0.27,1.93E-01,2.94E-28,8.75E-24,opc
B4GAT1,-0.89208963,0.345,0.479,2.9E-28,8.7E-24,inb-sv2c
TMEM179,-0.557530384,0.21,0.291,2.7E-28,8.2E-24,inb-vip
AC016831.1,0.714128518,0.379,0.303,2.7E-28,7.9E-24,L5/6-CC
HDAC10,-0.614768207,0.18,0.273,2.4E-28,7.3E-24,L5/6
NUDT16L1,-0.509380038,0.162,0.251,2.4E-28,7.1E-24,L5/6-CC
SNX3,-0.543058741,0.393,0.47,2.2E-28,6.5E-24,inb-vip
MMP25-AS1,-0.702579298,0.185,0.279,2.1E-28,6.3E-24,L5/6
PPM1G,-0.511008138,0.256,0.349,2.1E-28,6.2E-24,inb-pv
SPATA5,0.618411765,0.495,0.427,2.0E-28,6.1E-24,L5/6-CC
TRPC3,-0.645885621,0.689,0.74,2.0E-28,6.0E-24,inb-sv2c
BTBD6,-0.721035482,0.171,0.26,2.0E-28,6.0E-24,L5/6-CC
CNTNAP3,0.697784931,0.413,0.336,2.0E-28,5.8E-24,L5/6-CC
COMMD7,-0.619227608,0.241,0.323,1.9E-28,5.8E-24,inb-vip
NCAN,-0.530966958,0.176,0.271,1.9E-28,5.5E-24,L5/6
RPAIN,-0.580047525,0.293,0.4,1.9E-28,5.5E-24,L5/6
HDAC10,-0.558188447,0.21,0.305,1.8E-28,5.4E-24,L5/6-CC
COPS8,-0.540133903,0.205,0.294,1.8E-28,5.3E-24,inb-pv
SNN,-0.672468849,0.274,0.374,1.6E-28,4.7E-24,L5/6
HID1,-0.598979619,0.2,0.284,1.6E-28,4.7E-24,inb-pv
ELOC,-0.664123605,0.188,0.268,1.6E-28,4.6E-24,inb-vip
ADCK5,-0.614386568,0.185,0.276,1.5E-28,4.6E-24,L5/6-CC
SCOC,-0.501816442,0.352,0.443,1.5E-28,4.5E-24,inb-pv
FAM160B2,-0.52667607,0.233,0.33,1.5E-28,4.4E-24,L5/6-CC
ARL8A,-0.541285155,0.25,0.332,1.4E-28,4.2E-24,inb-vip
MIR193BHG,-0.635542417,0.206,0.3,1.4E-28,4.2E-24,L5/6-CC
ASPHD2,-0.797812135,0.203,0.297,1.3E-28,4.0E-24,L5/6
AC092691.3,0.660686392,0.373,0.285,1.3E-28,3.9E-24,L5/6-CC
EML1,-0.509133192,0.325,0.41,1.3E-28,3.9E-24,endo
SNRPD2,-0.655737502,0.185,0.276,1.3E-28,3.9E-24,L5/6-CC
FAHD1,-0.691914907,0.167,0.255,1.2E-28,3.7E-24,L5/6-CC
PDK2,-0.739798499,0.174,0.255,1.2E-28,3.5E-24,inb-pv
NDUFAF8,-0.571477613,0.207,0.306,1.2E-28,3.5E-24,L5/6
YIPF2,-0.676076158,0.175,0.263,1.1E-28,3.4E-24,L5/6-CC
MPC2,-0.681881767,0.232,0.335,1.1E-28,3.2E-24,L5/6
ENTR1,-0.653961186,0.208,0.305,1.1E-28,3.2E-24,L5/6
COX4I1,-0.701242933,0.457,0.592,1.1E-28,3.2E-24,inb-sv2c
TMED4,-0.580269472,0.266,0.349,1.1E-28,3.2E-24,inb-vip
ZBTB16,0.576157983,4.56E-01,3.91E-01,1.07E-28,3.17E-24,opc
RPLP0,-0.625900598,0.188,0.273,1.1E-28,3.2E-24,inb-pv
CREG1,-0.595608626,0.258,0.339,1.0E-28,3.1E-24,inb-vip
MED8,-0.532081276,0.21,0.308,9.9E-29,2.9E-24,L5/6-CC
TIMM17A,-0.694378144,0.177,0.271,9.9E-29,2.9E-24,L5/6
GSS,-0.614815727,0.213,0.31,9.8E-29,2.9E-24,L5/6-CC
MRPS11,-0.692637806,0.192,0.289,9.7E-29,2.9E-24,L5/6
MTMR4,-0.598988923,0.257,0.339,9.7E-29,2.9E-24,inb-vip
GALT,-0.502148629,0.211,0.309,9.3E-29,2.8E-24,L5/6-CC
MRTO4,-0.577981069,0.184,0.278,8.7E-29,2.6E-24,L5/6-CC
ARL6IP5,-0.628491974,0.432,0.532,8.6E-29,2.5E-24,L5/6
CHST12,-0.51424838,0.19,0.269,8.5E-29,2.5E-24,endo
FAM149A,-0.527570779,0.174,0.268,8.4E-29,2.5E-24,L5/6-CC
A1BG-AS1,-0.591017379,0.189,0.281,8.4E-29,2.5E-24,L5/6-CC
RUSC1,-0.544096655,0.311,0.404,8.0E-29,2.4E-24,inb-pv
CHRM1,-0.657005934,0.212,0.306,7.6E-29,2.3E-24,L5/6-CC
KIF3B,-0.580427172,0.337,0.442,7.2E-29,2.2E-24,L5/6
COMT,-0.517262271,0.282,0.384,7.2E-29,2.1E-24,L5/6-CC
CSTB,-0.634012455,0.183,0.269,7.1E-29,2.1E-24,inb-pv
TMEM184B,-0.515633423,0.444,0.541,7.1E-29,2.1E-24,L5/6
MMP24OS,-0.501288054,0.329,0.434,7.0E-29,2.1E-24,L5/6-CC
FXYD7,-0.970920903,0.297,0.44,6.9E-29,2.1E-24,inb-sv2c
CCN2,-1.069497935,0.168,0.251,6.8E-29,2.0E-24,L5/6
GRM5-AS1,0.593564725,0.287,0.204,6.4E-29,1.9E-24,L5/6
AP003086.1,0.625507567,0.34,0.275,6.3E-29,1.9E-24,micro
TECR,-0.706048429,0.252,0.353,6.2E-29,1.8E-24,L5/6
RPLP1,-0.542563992,0.446,0.546,6.0E-29,1.8E-24,L5/6
WDR46,-0.658486341,0.173,0.268,5.7E-29,1.7E-24,L5/6
VPS29,-0.632473979,0.288,0.377,5.6E-29,1.7E-24,inb-pv
TMEM151B,-0.507735369,0.391,0.484,5.5E-29,1.6E-24,inb-pv
FAM229B,-0.509907815,0.226,0.327,5.5E-29,1.6E-24,L5/6-CC
C6orf136,-0.562907222,0.232,0.32,5.4E-29,1.6E-24,inb-pv
TMEM18,-0.603040956,0.209,0.306,5.3E-29,1.6E-24,L5/6-CC
RPL7L1,-0.537627534,0.254,0.34,5.2E-29,1.6E-24,inb-vip
RPL7,-0.614447377,0.285,0.388,5.1E-29,1.5E-24,L5/6
SUMF2,-0.541564289,0.238,0.323,4.9E-29,1.4E-24,inb-vip
SCG2,-0.84588599,0.237,0.336,4.7E-29,1.4E-24,L5/6
MRPL38,-0.69160208,0.159,0.251,4.6E-29,1.4E-24,L5/6
SH2D3C,-0.503826124,0.196,0.292,4.5E-29,1.3E-24,L5/6-CC
PIN1,-0.841675872,0.347,0.487,4.4E-29,1.3E-24,inb-sv2c
NDUFS8,-0.763781269,0.215,0.313,4.3E-29,1.3E-24,L5/6
AK1,-0.642975335,0.182,0.278,4.0E-29,1.2E-24,L5/6
YPEL3,-0.5177326,0.195,2.79E-01,3.91E-29,1.16E-24,opc
VDAC2,-0.966956904,0.255,0.399,3.8E-29,1.1E-24,inb-sv2c
PRELID1,-1.160277782,0.137,0.272,3.7E-29,1.1E-24,inb-sv2c
GPAA1,-1.008648024,0.164,0.302,3.4E-29,1.0E-24,inb-sv2c
TUBG2,-0.647134316,0.183,0.264,3.2E-29,9.4E-25,inb-vip
TNNI3K,0.624182566,0.459,0.378,3.0E-29,8.9E-25,L5/6-CC
GDE1,-0.530228599,0.221,0.321,3.0E-29,8.8E-25,L5/6-CC
EGLN2,-0.535477029,0.214,0.312,2.9E-29,8.6E-25,L5/6-CC
NLGN2,-0.701681798,0.242,0.342,2.8E-29,8.4E-25,L5/6
ATP5MC3,-0.846749764,0.287,0.438,2.8E-29,8.2E-25,inb-sv2c
DUS1L,-0.502745828,0.236,0.338,2.7E-29,8.0E-25,L5/6-CC
2-Mar,-0.665009866,0.19,0.285,2.7E-29,7.9E-25,L5/6
LSM10,-0.668269511,0.161,0.251,2.6E-29,7.8E-25,L5/6-CC
TMEM222,-0.5788714,0.193,0.275,2.6E-29,7.7E-25,inb-vip
RPLP0,-0.51527225,0.26,0.364,2.5E-29,7.4E-25,L5/6-CC
RPL22,-0.578527453,0.369,0.48,2.3E-29,6.9E-25,L5/6
UROS,-0.511885223,0.234,0.321,2.3E-29,6.9E-25,inb-vip
COPE,-0.503607393,0.211,0.291,2.2E-29,6.5E-25,endo
RPL7,-0.585650532,0.247,0.34,2.2E-29,6.5E-25,inb-pv
NEU4,-0.57257451,0.212,2.95E-01,2.11E-29,6.28E-25,opc
CWC15,-0.522034466,0.255,0.357,2.1E-29,6.3E-25,L5/6-CC
DOCK5,0.584396519,0.282,0.203,2.1E-29,6.2E-25,endo
ARPC2,-0.506481146,0.455,0.56,2.0E-29,6.1E-25,L5/6
AKAP5,-0.555507181,0.227,0.328,2.0E-29,5.9E-25,L5/6-CC
SYNGR3,-0.537325226,0.316,0.422,1.9E-29,5.8E-25,L5/6
H3F3B,-0.599736041,0.331,0.438,1.9E-29,5.7E-25,L5/6
RER1,-0.635555629,0.189,0.269,1.9E-29,5.7E-25,inb-vip
C6orf136,-0.564794341,0.245,0.346,1.8E-29,5.4E-25,L5/6-CC
TMEM9B,-0.672581713,0.184,0.268,1.8E-29,5.3E-25,inb-pv
CIAO2B,-0.608556346,0.218,0.32,1.8E-29,5.2E-25,L5/6
CHCHD10,-0.921302318,0.318,0.457,1.6E-29,4.7E-25,inb-sv2c
TUBB4A,-0.584183405,0.223,0.315,1.5E-29,4.5E-25,inb-pv
BUD23,-0.655171423,0.18,0.264,1.5E-29,4.3E-25,inb-pv
POU2F2,-0.581230147,0.267,0.374,1.4E-29,4.2E-25,L5/6
PET100,-0.904872557,0.186,0.28,1.4E-29,4.1E-25,L5/6
TTC7A,-0.599498619,0.337,0.44,1.4E-29,4.0E-25,L5/6
SPCS1,-0.975505713,0.291,0.434,1.3E-29,3.8E-25,inb-sv2c
COX5A,-1.082331864,0.254,0.4,1.2E-29,3.7E-25,inb-sv2c
POMGNT1,-0.612997764,0.264,0.372,1.2E-29,3.5E-25,L5/6
NDUFB5,-0.733791401,0.264,0.371,1.1E-29,3.3E-25,L5/6
PFDN2,-0.508253649,0.244,0.337,1.1E-29,3.2E-25,inb-pv
PHB,-0.626741444,0.181,0.275,1.0E-29,3.0E-25,L5/6-CC
PALMD,-0.542636054,0.216,0.253,9.6E-30,2.9E-25,L2/3
NDUFB7,-0.982427795,0.196,0.343,9.6E-30,2.9E-25,inb-sv2c
RCL1,0.527084082,0.313,0.261,9.5E-30,2.8E-25,L4
POT1-AS1,0.585442587,0.443,0.365,9.5E-30,2.8E-25,inb-pv
MXRA7,-0.594782132,0.231,0.314,9.0E-30,2.7E-25,inb-vip
DDOST,-0.57051565,0.218,0.315,8.9E-30,2.6E-25,L5/6-CC
HCN2,-0.66042476,0.254,0.342,8.9E-30,2.6E-25,inb-pv
DNAJC8,-0.616231691,0.227,0.318,8.3E-30,2.5E-25,inb-pv
NDUFB4,-0.601073704,0.207,0.292,8.0E-30,2.4E-25,inb-vip
CACYBP,-0.554892711,0.218,0.304,8.0E-30,2.4E-25,inb-vip
NECAB2,-0.630560555,0.272,0.355,7.9E-30,2.4E-25,inb-vip
PPP1R7,-0.658178659,0.207,0.295,7.8E-30,2.3E-25,inb-pv
RXRB,-0.608619587,0.18,0.276,7.7E-30,2.3E-25,L5/6
RHBDL3,0.56905524,0.375,0.289,7.6E-30,2.3E-25,L5/6
ATP5PD,-0.74592255,0.206,0.304,7.5E-30,2.2E-25,L5/6
TMEM223,-0.687619377,0.201,0.287,7.2E-30,2.1E-25,inb-pv
SNCA,-0.518169418,0.234,0.334,7.0E-30,2.1E-25,inb-pv
ECE2,-0.652501515,0.519,0.626,6.8E-30,2.0E-25,inb-sv2c
REXO2,-0.573258132,0.252,0.353,6.3E-30,1.9E-25,L5/6-CC
COPE,-0.740109435,0.2,0.298,6.2E-30,1.8E-25,L5/6
NAP1L5,-0.602925788,0.22,0.305,6.0E-30,1.8E-25,inb-vip
PGAM1,-0.863234128,0.321,0.473,5.8E-30,1.7E-25,inb-sv2c
MPC2,-0.602722182,0.265,0.359,5.7E-30,1.7E-25,inb-pv
VPS51,-0.551277643,0.24,0.331,5.6E-30,1.7E-25,inb-pv
UBAC1,-0.514303633,0.347,0.442,5.1E-30,1.5E-25,inb-pv
ANTKMT,-1.094587026,0.175,0.314,5.0E-30,1.5E-25,inb-sv2c
SLC25A3,-0.931797802,0.366,0.501,4.7E-30,1.4E-25,inb-sv2c
TALDO1,-0.592328624,0.177,0.264,4.7E-30,1.4E-25,inb-pv
NFKBIA,-0.547990795,0.358,0.44,4.5E-30,1.3E-25,endo
UNC5C,0.743134802,0.385,0.309,4.4E-30,1.3E-25,endo
ANKRD18B,0.526643364,0.276,0.225,4.4E-30,1.3E-25,L4
MAFG,-0.537796551,0.253,0.353,4.3E-30,1.3E-25,L5/6-CC
CASKIN1,-0.508642444,0.323,0.429,4.3E-30,1.3E-25,L5/6-CC
TMEM179B,-0.739043916,0.197,0.29,4.2E-30,1.2E-25,L5/6-CC
FCHO1,-0.552037954,0.222,0.329,4.1E-30,1.2E-25,L5/6
LINC02398,0.680680808,0.427,0.344,4.1E-30,1.2E-25,L5/6-CC
TAF9,-0.642778334,0.183,0.277,4.0E-30,1.2E-25,L5/6-CC
POLE4,-0.69750107,0.161,0.253,4.0E-30,1.2E-25,L5/6-CC
HLA-A,-1.23347814,0.238,0.371,3.8E-30,1.1E-25,inb-sv2c
CALR,-1.100058386,0.281,0.42,3.6E-30,1.1E-25,inb-sv2c
PRDM5,0.518599648,0.264,0.214,3.6E-30,1.1E-25,L4
PSMD8,-0.935568286,0.212,0.356,3.5E-30,1.1E-25,inb-sv2c
SYNGR3,-0.503582163,0.289,0.384,3.4E-30,1.0E-25,inb-pv
ZNF516,0.713765515,0.319,0.234,3.4E-30,1.0E-25,L5/6-CC
TMEM219,-0.501729378,0.213,0.314,3.0E-30,8.9E-26,L5/6-CC
SQLE,-0.698938044,0.211,0.293,2.8E-30,8.3E-26,inb-vip
HDAC4,0.609126068,0.285,0.216,2.8E-30,8.2E-26,micro
IDH2,-0.581866489,0.225,0.328,2.8E-30,8.2E-26,L5/6
ERP29,-0.591506758,0.208,0.31,2.6E-30,7.8E-26,L5/6
DEGS1,-0.871702808,0.182,0.277,2.6E-30,7.7E-26,L5/6
DAGLA,-0.513466738,0.276,0.38,2.6E-30,7.7E-26,L5/6-CC
HNRNPA1,-0.518877502,0.288,0.382,2.6E-30,7.7E-26,inb-pv
COL24A1,-0.618562246,0.326,0.425,2.6E-30,7.6E-26,L5/6
PRRT3,-0.67641738,0.194,0.292,2.5E-30,7.5E-26,L5/6
COPS8,-0.628495608,0.17,0.251,2.4E-30,7.3E-26,inb-vip
B4GALNT1,-0.59884559,0.207,0.295,2.3E-30,6.9E-26,inb-pv
RHBDL1,-0.703131345,0.274,0.378,2.3E-30,6.9E-26,L5/6
SNCB,-0.501679602,0.278,0.368,2.3E-30,6.8E-26,inb-vip
COL5A3,-0.600810417,0.169,2.53E-01,2.23E-30,6.62E-26,opc
TECR,-0.50353155,0.318,0.425,2.1E-30,6.1E-26,L5/6-CC
PSMC1,-0.563565194,0.288,0.397,2.1E-30,6.1E-26,L5/6
CACYBP,-0.531981003,0.284,0.379,2.0E-30,6.1E-26,inb-pv
RPL24,-0.56924259,0.417,0.518,2.0E-30,6.0E-26,L5/6
FAHD2B,-0.641604784,0.184,0.281,2.0E-30,6.0E-26,L5/6-CC
EXOC7,-0.52591041,0.415,0.518,1.9E-30,5.7E-26,L5/6
NEUROD6,-0.538814517,0.214,0.315,1.9E-30,5.5E-26,L5/6-CC
PPP1R11,-0.64897085,0.197,0.293,1.8E-30,5.5E-26,L5/6-CC
NDUFC2,-0.945732026,0.357,0.494,1.8E-30,5.4E-26,inb-sv2c
ENOSF1,-0.539311463,0.217,3.04E-01,1.80E-30,5.34E-26,opc
UQCRQ,-0.51472629,0.173,0.259,1.7E-30,5.2E-26,inb-vip
UBA6-AS1,0.501032939,2.70E-01,2.51E-01,1.68E-30,4.99E-26,oli
AL138927.1,-0.624364122,0.171,0.265,1.7E-30,5.0E-26,L5/6-CC
ATXN2L,-0.583112201,0.304,0.396,1.7E-30,4.9E-26,inb-pv
DPH7,-0.554435427,0.244,0.339,1.6E-30,4.6E-26,inb-pv
EPHA6,0.500808625,0.732,0.613,1.6E-30,4.6E-26,inb-sv2c
MCFD2,-0.518525281,0.243,0.338,1.5E-30,4.4E-26,inb-pv
NDUFS7,-0.74145659,0.242,0.344,1.5E-30,4.4E-26,L5/6
CCT2,-0.544548433,0.239,0.324,1.5E-30,4.3E-26,inb-vip
RPL7L1,-0.50754039,0.322,0.43,1.4E-30,4.3E-26,L5/6
TMX2,-0.528020478,0.358,0.454,1.4E-30,4.3E-26,inb-pv
ACAA1,-0.56502907,0.266,0.371,1.4E-30,4.2E-26,L5/6
FAM219B,-0.683098173,0.198,0.286,1.4E-30,4.1E-26,inb-pv
NRIP3,-0.724301925,0.203,0.3,1.4E-30,4.0E-26,L5/6-CC
DMWD,-0.534649822,0.256,0.36,1.3E-30,4.0E-26,L5/6-CC
NDUFB1,-0.511489035,0.321,0.434,1.3E-30,4.0E-26,L5/6
RPS15,-0.737774514,0.439,0.583,1.3E-30,3.8E-26,inb-sv2c
ATF6B,-0.508993084,0.283,0.368,1.3E-30,3.8E-26,inb-vip
RETREG2,-0.506962312,0.339,0.451,1.2E-30,3.7E-26,L5/6
SPRYD3,-0.721746931,0.175,0.261,1.2E-30,3.6E-26,inb-pv
PRR3,-0.500230576,0.276,0.38,1.2E-30,3.5E-26,L5/6-CC
PNMA1,-0.772667852,0.201,0.28,1.1E-30,3.4E-26,inb-vip
ETFB,-0.67364964,0.167,0.262,1.1E-30,3.4E-26,L5/6-CC
AC119673.2,1.286823296,0.299,0.176,1.1E-30,3.3E-26,inb-sv2c
SAP18,-0.608098266,0.27,0.378,1.1E-30,3.2E-26,L5/6
RPLP0,-0.581149096,0.253,0.341,1.1E-30,3.2E-26,inb-vip
H3F3A,-0.566843524,0.215,3.03E-01,1.01E-30,3.00E-26,opc
C4orf48,-0.984226545,0.272,0.414,1.0E-30,3.0E-26,inb-sv2c
PHLDB2,0.681070462,0.447,0.378,9.9E-31,3.0E-26,endo
MRPL51,-0.71541641,0.166,0.263,9.8E-31,2.9E-26,L5/6
PRKG1,0.519224974,0.582,0.521,8.8E-31,2.6E-26,inb-sst
CHCHD1,-0.623117221,0.172,0.267,8.4E-31,2.5E-26,L5/6-CC
FAM85B,0.755296558,0.253,0.172,7.9E-31,2.3E-26,inb-pv
B4GALNT1,-0.56732705,0.288,0.396,7.4E-31,2.2E-26,L5/6
ACAA1,-0.527472692,0.194,0.28,7.3E-31,2.2E-26,inb-vip
RAB5C,-0.613786439,0.183,0.27,7.2E-31,2.1E-26,inb-pv
RAB40B,-0.529049165,0.319,0.43,7.0E-31,2.1E-26,L5/6
CCT3,-0.561603609,0.313,0.399,6.8E-31,2.0E-26,inb-vip
PPIA,-0.542441222,0.489,0.595,6.7E-31,2.0E-26,L5/6
GABARAPL2,-0.818279763,0.353,0.504,6.6E-31,2.0E-26,inb-sv2c
SUMO1,-0.52959948,0.317,0.416,6.4E-31,1.9E-26,inb-pv
ATP5PD,-0.665769235,0.187,0.269,6.4E-31,1.9E-26,inb-vip
ASPHD1,-0.510700652,0.322,0.435,6.3E-31,1.9E-26,L5/6
SLCO2A1,-0.590920857,0.242,0.275,6.3E-31,1.9E-26,L2/3
PARK7,-0.908781611,0.311,0.46,6.1E-31,1.8E-26,inb-sv2c
SOHLH1,-0.61363862,0.231,0.334,6.0E-31,1.8E-26,L5/6
CC2D1A,-0.527515253,0.437,0.537,5.9E-31,1.7E-26,L5/6
AC053513.1,0.556263038,0.389,0.302,5.7E-31,1.7E-26,inb-pv
SLC29A1,-0.565968658,0.197,0.295,5.5E-31,1.6E-26,L5/6-CC
INTS1,-0.53106519,0.302,0.415,5.4E-31,1.6E-26,L5/6
MLX,-0.711684247,0.171,0.263,5.4E-31,1.6E-26,L5/6-CC
DYNLT1,-0.642610303,0.208,0.308,5.4E-31,1.6E-26,L5/6
NUDC,-0.608432954,0.244,0.332,5.2E-31,1.5E-26,inb-vip
CLPTM1,-0.520096637,0.268,0.363,5.0E-31,1.5E-26,inb-pv
RPL27,-0.680593795,0.256,0.36,5.0E-31,1.5E-26,L5/6
NDUFS8,-0.516120685,0.298,0.405,4.9E-31,1.4E-26,L5/6-CC
NXPH2,-0.503045219,0.32,0.435,4.6E-31,1.4E-26,inb-sst
PPP1R35,-0.625292047,0.164,0.258,4.5E-31,1.3E-26,L5/6-CC
FSD1,-0.672615727,0.224,0.315,4.4E-31,1.3E-26,inb-pv
STUB1,-1.03911473,0.209,0.359,4.3E-31,1.3E-26,inb-sv2c
PDZD7,-0.565140922,0.199,0.302,4.3E-31,1.3E-26,L5/6
PEX5L,0.554115737,0.49,4.18E-01,4.23E-31,1.26E-26,opc
NEIL1,-0.617268472,0.179,0.261,4.2E-31,1.3E-26,inb-vip
RPP21,-0.541538515,0.209,0.311,4.1E-31,1.2E-26,L5/6-CC
COMMD6,-0.68854734,0.19,0.279,4.1E-31,1.2E-26,inb-pv
ATP5PD,-0.553205477,0.191,0.273,3.8E-31,1.1E-26,endo
MRPL27,-0.717730896,0.186,0.282,3.7E-31,1.1E-26,L5/6-CC
PCMT1,-0.511324615,0.221,3.11E-01,3.72E-31,1.10E-26,opc
GALNTL6,0.562224209,0.745,0.723,3.7E-31,1.1E-26,L5/6-CC
DPF1,-0.546753635,0.202,0.293,3.3E-31,9.9E-27,inb-pv
KCNV1,-0.566906391,0.163,0.258,3.3E-31,9.7E-27,L5/6
CCNI,-0.705847834,0.516,0.64,3.2E-31,9.6E-27,inb-sv2c
IL12A-AS1,0.755681067,0.402,0.325,3.1E-31,9.2E-27,L5/6-CC
DAGLA,-0.590911194,0.212,0.316,3.1E-31,9.2E-27,L5/6
RNF167,-0.595580683,0.173,0.269,3.1E-31,9.2E-27,L5/6-CC
POLR2C,-0.676492127,0.212,0.31,3.0E-31,8.8E-27,L5/6-CC
DHDDS,-0.513770411,0.322,0.422,2.9E-31,8.7E-27,inb-pv
MDH2,-0.802466304,0.204,0.305,2.8E-31,8.4E-27,L5/6
NME1,-0.845339164,0.177,0.273,2.8E-31,8.2E-27,L5/6
FOXO1,0.662090072,0.29,2.06E-01,2.69E-31,8.00E-27,opc
HSD11B1L,-0.7158629,0.197,0.297,2.7E-31,8.0E-27,L5/6
AL583808.1,0.809153079,0.276,0.193,2.6E-31,7.8E-27,L5/6
VSTM2L,-0.553764367,0.285,0.372,2.6E-31,7.8E-27,inb-vip
AC003991.1,-0.730204303,0.193,0.29,2.5E-31,7.4E-27,L5/6-CC
RRP7A,-0.596706383,0.214,0.316,2.4E-31,7.2E-27,L5/6-CC
BMPER,-0.699317455,0.201,2.92E-01,2.40E-31,7.15E-27,opc
TXN2,-0.558761712,0.172,0.27,2.3E-31,6.9E-27,L5/6-CC
ABCC8,0.696773339,0.29,2.04E-01,2.25E-31,6.70E-27,opc
PDGFA,-0.621666528,0.231,0.335,2.2E-31,6.5E-27,L5/6-CC
CACNG5,0.626164896,0.271,1.87E-01,2.15E-31,6.38E-27,opc
ZSCAN18,-0.506198177,0.372,0.483,2.1E-31,6.3E-27,L5/6
HID1,-0.620300753,0.251,0.354,2.0E-31,5.9E-27,L5/6-CC
CCDC47,-0.514259097,0.365,0.476,1.9E-31,5.7E-27,L5/6-CC
SEC61G,-0.701398229,0.183,0.281,1.9E-31,5.6E-27,L5/6-CC
SNHG7,-0.668307462,0.179,0.268,1.9E-31,5.6E-27,inb-pv
MRPL32,-0.6234054,0.236,0.339,1.8E-31,5.3E-27,L5/6-CC
AC093610.1,0.710360038,0.453,0.374,1.7E-31,5.1E-27,inb-pv
FBXO2,-0.599845106,0.194,0.281,1.5E-31,4.4E-27,inb-vip
COX5B,-1.003978641,0.345,0.491,1.4E-31,4.2E-27,inb-sv2c
PRKAG2-AS1,-0.785368119,0.176,0.275,1.4E-31,4.1E-27,L5/6
RPS2,-0.618642597,0.362,0.473,1.3E-31,4.0E-27,L5/6
RGS4,-0.525576921,0.246,0.338,1.3E-31,3.9E-27,inb-vip
AC010280.1,0.93231692,0.329,0.248,1.3E-31,3.9E-27,L5/6-CC
ATXN7L3B,-0.624418835,0.337,0.45,1.3E-31,3.8E-27,L5/6-CC
BNIP3,-0.520384023,0.335,0.432,1.3E-31,3.8E-27,inb-pv
CCT3,-0.578696164,0.317,0.413,1.3E-31,3.8E-27,inb-pv
IRS1,0.923169349,0.262,0.179,1.3E-31,3.7E-27,L5/6-CC
RPL14,-0.602048591,0.485,0.584,1.2E-31,3.7E-27,L5/6
EPHB6,-0.583602543,0.461,0.565,1.2E-31,3.4E-27,L5/6
FAU,-0.646300575,0.361,0.471,1.1E-31,3.4E-27,L5/6
MCFD2,-0.519039256,0.233,0.324,1.1E-31,3.2E-27,inb-vip
UQCRC1,-0.763630245,0.26,0.369,1.1E-31,3.2E-27,L5/6
LYNX1,-0.528264744,0.251,0.345,1.1E-31,3.1E-27,inb-pv
CAPNS1,-0.537562712,0.264,0.374,1.1E-31,3.1E-27,L5/6-CC
RPL6,-0.89180655,0.397,0.532,9.8E-32,2.9E-27,inb-sv2c
PPIB,-0.756062296,0.202,0.299,9.7E-32,2.9E-27,L5/6-CC
DISP1,0.500712583,0.318,0.266,9.7E-32,2.9E-27,L4
CDHR3,-0.503109228,0.539,0.613,9.6E-32,2.9E-27,L5/6
LDHB,-0.926784882,0.402,0.531,9.1E-32,2.7E-27,inb-sv2c
TRPS1,0.617884028,0.701,0.579,8.7E-32,2.6E-27,inb-sv2c
GRM2,-0.633068468,0.174,0.273,8.5E-32,2.5E-27,L5/6-CC
RPL19,-0.829869409,0.391,0.533,8.1E-32,2.4E-27,inb-sv2c
DNAJC19,-0.625227583,0.204,0.291,8.0E-32,2.4E-27,inb-vip
PLPBP,-0.579219831,0.198,0.298,7.7E-32,2.3E-27,L5/6-CC
PFKM,-0.604646463,0.212,0.298,7.5E-32,2.2E-27,inb-vip
EGFL7,-0.848919809,0.195,0.293,7.3E-32,2.2E-27,L5/6
ARPC3,-0.595270286,0.261,0.357,7.2E-32,2.1E-27,inb-pv
NAPA,-0.656609634,0.226,0.313,7.2E-32,2.1E-27,inb-vip
E4F1,-0.572709206,0.169,0.267,6.9E-32,2.1E-27,L5/6-CC
MEST,-0.533627957,0.305,0.415,6.9E-32,2.0E-27,L5/6
FMNL3,0.658887892,3.07E-01,2.22E-01,6.49E-32,1.93E-27,opc
ADGRB1,-0.548445162,0.375,0.485,6.4E-32,1.9E-27,L5/6
NECAP1,-0.55736896,0.219,0.308,6.4E-32,1.9E-27,inb-vip
INTS1,-0.618099559,0.225,0.317,6.2E-32,1.8E-27,inb-pv
AP5Z1,-0.508293199,0.232,0.338,5.9E-32,1.8E-27,L5/6-CC
AIFM3,-0.526350299,0.243,0.295,5.8E-32,1.7E-27,ast
RND1,-0.633158268,0.19,0.29,5.7E-32,1.7E-27,L5/6-CC
ARFGAP2,-0.547226026,0.218,0.31,5.6E-32,1.7E-27,inb-pv
PTS,-0.517301428,0.302,0.395,5.4E-32,1.6E-27,inb-vip
THYN1,-0.61850468,0.221,0.323,5.4E-32,1.6E-27,L5/6-CC
RNF187,-1.030371841,0.221,0.374,5.0E-32,1.5E-27,inb-sv2c
CYC1,-1.132264852,0.162,0.304,4.8E-32,1.4E-27,inb-sv2c
CD9,-0.663525754,0.18,2.64E-01,4.81E-32,1.43E-27,opc
ARHGDIA,-0.578399684,0.237,0.347,4.7E-32,1.4E-27,L5/6
CCZ1,-0.541775703,0.222,0.334,4.6E-32,1.4E-27,L5/6
ADGRB2,-0.557667779,0.185,0.276,4.4E-32,1.3E-27,inb-pv
ABHD8,-0.659579793,0.232,0.326,4.3E-32,1.3E-27,inb-pv
EVI5L,-0.600430851,0.271,0.38,4.1E-32,1.2E-27,L5/6
KRT222,-0.635632101,0.255,0.348,4.1E-32,1.2E-27,inb-pv
NDUFA5,-0.60598057,0.443,0.556,4.0E-32,1.2E-27,L5/6
SLC12A8,-0.52614272,0.328,0.44,3.9E-32,1.2E-27,L5/6
C1orf52,-0.669620907,0.281,0.393,3.6E-32,1.1E-27,L5/6
VSTM2L,-0.859709564,0.156,0.251,3.5E-32,1.1E-27,L5/6
EIF4A1,-0.585446107,0.314,0.426,3.5E-32,1.0E-27,L5/6
SEPTIN4,-0.652383072,0.207,0.292,3.4E-32,1.0E-27,inb-vip
AC117834.1,-0.509391158,0.344,0.456,3.2E-32,9.6E-28,L5/6-CC
AC002383.1,-0.51141742,0.206,0.31,3.2E-32,9.6E-28,L5/6-CC
MAMDC2,0.59249832,0.465,0.368,3.0E-32,9.0E-28,L5/6-CC
SDF2,-0.804078846,0.166,0.26,2.8E-32,8.3E-28,L5/6-CC
AGPAT1,-0.614494534,0.2,0.287,2.8E-32,8.3E-28,inb-vip
DUSP26,-0.756610656,0.17,0.257,2.7E-32,8.2E-28,inb-pv
TUBB3,-0.919127173,0.285,0.436,2.7E-32,8.0E-28,inb-sv2c
GTF2H2,-0.634586418,0.245,0.355,2.7E-32,8.0E-28,L5/6
ARHGAP10,0.659161966,0.419,0.344,2.6E-32,7.7E-28,endo
DDRGK1,-0.684317369,0.2,0.292,2.6E-32,7.6E-28,inb-pv
TECR,-0.560040025,0.266,0.35,2.6E-32,7.6E-28,endo
SLC29A1,-0.841961823,0.198,0.3,2.5E-32,7.4E-28,L5/6
CTSA,-0.575381756,0.265,0.36,2.4E-32,7.2E-28,inb-pv
CACNA2D3,1.014656028,0.395,0.32,2.4E-32,7.0E-28,endo
UBE2M,-0.633768507,0.228,0.337,2.3E-32,6.9E-28,L5/6
NDUFS6,-0.729082681,0.212,0.318,2.3E-32,6.7E-28,L5/6
FIBP,-0.82655741,0.173,0.271,2.2E-32,6.6E-28,L5/6
NUTF2,-0.743354679,0.173,0.27,2.1E-32,6.2E-28,L5/6-CC
TBCB,-0.708453855,0.238,0.346,2.1E-32,6.2E-28,L5/6
ARL6IP4,-0.874029515,0.313,0.471,2.1E-32,6.1E-28,inb-sv2c
CHMP4A,-0.804332064,0.181,0.28,2.0E-32,6.0E-28,L5/6
ITPR1,0.606931616,0.329,0.258,1.9E-32,5.8E-28,micro
SRSF9,-0.581130602,0.196,0.279,1.9E-32,5.6E-28,endo
LIN7B,-0.59641735,0.185,0.276,1.8E-32,5.3E-28,inb-pv
RPS5,-0.707215084,0.239,0.344,1.8E-32,5.2E-28,L5/6
ABO,-0.703184714,0.156,0.255,1.8E-32,5.2E-28,L5/6
CRISPLD2,0.632189789,3.51E-01,2.63E-01,1.66E-32,4.94E-28,opc
TIMM13,-1.232528627,0.136,0.28,1.6E-32,4.9E-28,inb-sv2c
LINC02755,-0.517490859,0.234,0.343,1.6E-32,4.9E-28,L5/6-CC
TMEM183A,-0.787067521,0.168,0.256,1.6E-32,4.7E-28,inb-pv
EDN1,-0.789187084,0.223,0.307,1.6E-32,4.7E-28,endo
C1QBP,-0.610059131,0.213,0.319,1.6E-32,4.6E-28,L5/6-CC
NDUFAF8,-0.519184986,0.185,0.28,1.5E-32,4.5E-28,inb-pv
CENPT,-0.705824643,0.19,0.278,1.4E-32,4.2E-28,inb-pv
DCTN2,-0.564147835,0.315,0.429,1.3E-32,4.0E-28,L5/6
FOXRED1,-0.575353807,0.213,0.303,1.2E-32,3.6E-28,inb-vip
C1orf216,-0.746513675,0.225,0.331,1.2E-32,3.5E-28,L5/6
TMEM70,-0.655888037,0.204,0.305,1.2E-32,3.5E-28,L5/6-CC
PPP1R7,-0.637215893,0.324,0.439,1.2E-32,3.5E-28,L5/6
SEC11C,-0.962336107,0.218,0.368,1.1E-32,3.4E-28,inb-sv2c
SNHG29,-0.606763011,0.325,0.425,1.1E-32,3.3E-28,inb-pv
SNHG6,-0.551258807,0.261,0.363,1.1E-32,3.2E-28,inb-pv
TIMM50,-0.654645768,0.185,0.284,1.0E-32,3.1E-28,L5/6-CC
APEX1,-0.743374123,0.192,0.281,1.0E-32,3.1E-28,inb-pv
LDHA,-1.02504636,0.243,0.396,1.0E-32,3.0E-28,inb-sv2c
CFL1,-0.784304097,0.449,0.591,9.8E-33,2.9E-28,inb-sv2c
MMP25-AS1,-0.653430486,0.173,0.272,9.6E-33,2.9E-28,L5/6-CC
CHMP2A,-0.583268532,0.172,0.255,9.5E-33,2.8E-28,endo
YBX1,-0.564343003,0.246,0.336,9.3E-33,2.8E-28,inb-vip
C1orf43,-0.777373115,0.248,0.354,8.9E-33,2.6E-28,L5/6
SLC4A3,-0.515867364,0.323,0.421,8.9E-33,2.6E-28,inb-pv
RASA1,0.52437389,0.442,0.378,8.7E-33,2.6E-28,micro
SELENOM,-0.703417,0.174,0.274,8.5E-33,2.5E-28,L5/6
TM7SF2,-0.970714837,0.259,0.414,8.4E-33,2.5E-28,inb-sv2c
HIST1H4C,-0.617734545,0.182,0.272,8.3E-33,2.5E-28,inb-vip
CRHR1,-0.540233535,0.218,0.326,8.1E-33,2.4E-28,L5/6-CC
INPP5D,-0.518733757,0.374,0.47,8.0E-33,2.4E-28,endo
CDK5RAP3,-0.645594815,0.236,0.328,7.3E-33,2.2E-28,inb-pv
PRRT3,-0.559675426,0.229,0.334,7.1E-33,2.1E-28,L5/6-CC
ADRB1,-0.670104805,0.184,0.285,6.9E-33,2.0E-28,L5/6-CC
RPL37,-0.64796283,0.489,0.59,6.8E-33,2.0E-28,L5/6
COX7A1,-0.608704919,0.199,0.303,6.6E-33,2.0E-28,L5/6-CC
RPL3,-0.652342007,0.491,0.624,6.6E-33,2.0E-28,inb-sv2c
MRPL15,-0.747356944,0.175,0.265,6.2E-33,1.8E-28,inb-pv
FLYWCH1,-0.60261713,0.295,0.392,6.0E-33,1.8E-28,inb-pv
TSHZ1,0.558702821,0.569,0.514,5.6E-33,1.7E-28,L5/6-CC
MRPL27,-0.627518591,0.176,0.267,5.6E-33,1.7E-28,inb-pv
STX1A,-0.668508838,0.205,0.293,5.2E-33,1.5E-28,inb-vip
NECTIN1,-0.526487556,0.308,0.418,5.1E-33,1.5E-28,L5/6-CC
ACOT8,-0.602896149,0.216,0.32,4.7E-33,1.4E-28,L5/6-CC
PTPRN,-0.512866336,0.436,0.543,4.7E-33,1.4E-28,L5/6
MOAP1,-0.955729103,0.331,0.483,4.6E-33,1.4E-28,inb-sv2c
HMOX2,-0.500914557,0.272,0.373,4.6E-33,1.4E-28,inb-pv
NEAT1,0.576237477,0.322,0.29,4.5E-33,1.3E-28,ext
TAC1,-1.348898577,0.173,0.263,4.5E-33,1.3E-28,inb-sst
ERLEC1,-0.653376879,0.322,0.42,4.4E-33,1.3E-28,inb-pv
E2F4,-0.648726755,0.193,0.297,4.2E-33,1.2E-28,L5/6-CC
CLEC14A,-0.713941155,0.246,0.329,4.1E-33,1.2E-28,endo
ATP6V1D,-0.502798502,1.66E-01,2.55E-01,3.99E-33,1.19E-28,opc
RWDD1,-0.552913012,0.301,0.414,3.9E-33,1.2E-28,L5/6-CC
RPSA,-0.576006778,0.392,0.501,3.9E-33,1.2E-28,L5/6
TMEM259,-0.500234858,0.378,0.494,3.6E-33,1.1E-28,L5/6
SLC25A42,-0.501132751,0.17,0.274,3.6E-33,1.1E-28,inb-sst
ARPC3,-0.644668901,0.322,0.433,3.6E-33,1.1E-28,L5/6
DRAP1,-0.506759628,0.235,0.322,3.5E-33,1.0E-28,endo
LINC02223,0.649590571,0.511,0.44,3.4E-33,1.0E-28,L5/6-CC
KLC2,-0.560923655,0.297,0.397,3.3E-33,9.8E-29,inb-pv
ZSCAN18,-0.615074546,0.232,0.328,3.2E-33,9.6E-29,inb-pv
ENTR1,-0.56387041,0.244,0.352,3.1E-33,9.1E-29,L5/6-CC
ALDH1A2,0.522325712,0.375,0.328,3.1E-33,9.1E-29,L4
NPAS1,-0.644381569,0.274,0.36,3.0E-33,8.9E-29,inb-vip
RGS11,-0.69094311,0.308,0.421,2.9E-33,8.7E-29,L5/6
MMP25-AS1,-0.654458763,0.193,0.286,2.8E-33,8.3E-29,inb-pv
ULK3,-0.6884265,0.239,0.324,2.7E-33,8.0E-29,inb-vip
LYST,0.530656593,0.336,0.275,2.6E-33,7.7E-29,ast
TMED4,-0.51712409,0.35,0.463,2.6E-33,7.6E-29,L5/6-CC
MCRIP2,-0.599375038,0.215,0.311,2.5E-33,7.5E-29,inb-pv
SELENOH,-0.82356116,0.307,0.472,2.5E-33,7.4E-29,inb-sv2c
CNPY2,-0.67187449,0.187,2.74E-01,2.42E-33,7.20E-29,opc
SRSF2,-0.583751158,0.196,2.86E-01,2.37E-33,7.04E-29,opc
NDUFS7,-0.60954582,0.193,0.282,2.4E-33,7.0E-29,inb-vip
FLYWCH2,-0.656719137,0.171,0.271,2.1E-33,6.3E-29,L5/6-CC
COPE,-0.614015054,0.193,0.281,2.1E-33,6.1E-29,inb-vip
DHPS,-0.520104868,0.255,0.367,2.0E-33,6.1E-29,L5/6-CC
PRDM1,0.508530704,0.484,0.394,1.9E-33,5.8E-29,inb-pv
ARFGAP2,-0.582387341,0.193,0.282,1.9E-33,5.7E-29,inb-vip
LAMTOR5,-0.633997398,0.191,0.287,1.9E-33,5.7E-29,inb-pv
SPINT2,-0.522529273,0.398,0.483,1.8E-33,5.3E-29,inb-vip
DAPK3,-0.565644993,0.266,0.378,1.8E-33,5.3E-29,L5/6-CC
MZT2A,-0.605526372,0.271,0.383,1.8E-33,5.2E-29,L5/6
HDAC10,-0.540000862,0.194,0.288,1.6E-33,4.8E-29,inb-pv
DLGAP1-AS5,0.617684532,0.408,0.32,1.6E-33,4.8E-29,inb-pv
ILK,-0.768050106,0.199,0.291,1.6E-33,4.7E-29,inb-pv
DENND1A,0.518804958,0.456,0.392,1.4E-33,4.3E-29,micro
RRAS,-0.670216639,0.213,0.296,1.4E-33,4.1E-29,endo
CAMKV,-0.706570742,0.48,0.614,1.3E-33,3.9E-29,inb-sv2c
NAP1L5,-0.562136114,0.229,0.339,1.2E-33,3.6E-29,L5/6-CC
GPR137,-0.579515644,0.184,0.286,1.2E-33,3.5E-29,L5/6-CC
SELENOO,-0.505597995,0.337,0.435,1.2E-33,3.5E-29,inb-pv
BCL7B,-0.57071609,0.177,0.277,1.0E-33,3.1E-29,L5/6-CC
PDPR,-0.511618978,0.293,0.405,1.0E-33,3.0E-29,L5/6-CC
LAMTOR4,-0.639390263,0.203,0.309,9.6E-34,2.8E-29,L5/6
NDUFAB1,-0.775264728,0.254,0.367,9.4E-34,2.8E-29,L5/6
PDAP1,-0.647269763,0.19,0.284,9.3E-34,2.8E-29,inb-pv
P4HTM,-0.524993205,0.423,0.534,9.3E-34,2.8E-29,L5/6
RNF187,-0.662840467,0.232,0.339,8.3E-34,2.5E-29,L5/6
FANCL,0.692947362,0.286,0.196,8.2E-34,2.5E-29,inb-pv
GAS2L1,-0.820248687,0.162,0.261,8.2E-34,2.4E-29,L5/6
B2M,-1.126015325,0.231,0.325,8.1E-34,2.4E-29,L5/6-CC
TIMM44,-0.64844662,0.205,0.299,8.0E-34,2.4E-29,inb-pv
RPL27,-0.577064876,0.249,0.345,7.9E-34,2.4E-29,inb-vip
VASH1,-0.641176779,0.215,0.323,7.8E-34,2.3E-29,L5/6
TXN,-0.682701702,0.255,0.366,7.6E-34,2.3E-29,L5/6
CGREF1,-0.753099323,0.177,0.267,7.5E-34,2.2E-29,inb-pv
SEMA6B,-0.732747632,0.254,0.365,7.4E-34,2.2E-29,L5/6
NDUFB8,-0.734932559,0.468,0.598,7.3E-34,2.2E-29,inb-sv2c
TMEM9B,-0.815445194,0.218,0.325,7.3E-34,2.2E-29,L5/6
PUF60,-0.593923307,0.188,0.29,7.0E-34,2.1E-29,L5/6-CC
UQCRFS1,-0.979318432,0.192,0.35,6.6E-34,2.0E-29,inb-sv2c
CUEDC2,-0.972330747,0.161,0.26,6.6E-34,2.0E-29,L5/6
SUMF2,-0.546893914,0.263,0.379,6.6E-34,1.9E-29,L5/6
GPAA1,-0.724313734,0.174,0.277,6.5E-34,1.9E-29,L5/6
TTYH3,-0.536548212,0.291,0.402,6.3E-34,1.9E-29,L5/6-CC
NEFM,-0.54964311,0.323,0.429,6.3E-34,1.9E-29,inb-pv
CDC37,-0.550674308,0.233,0.327,6.2E-34,1.8E-29,inb-vip
ACTR1B,-0.549019185,0.319,0.421,6.0E-34,1.8E-29,inb-pv
EMC7,-0.725121487,0.192,0.295,5.9E-34,1.7E-29,L5/6
CENPT,-0.648738282,0.181,0.268,5.7E-34,1.7E-29,inb-vip
UNC5A,-0.591462064,0.429,0.542,5.7E-34,1.7E-29,L5/6
NREP,-0.714998964,0.182,0.266,5.7E-34,1.7E-29,endo
CD46,-0.554293026,0.479,0.557,5.7E-34,1.7E-29,endo
MICAL1,-0.699015292,0.174,0.279,5.3E-34,1.6E-29,L5/6
NRSN2,-0.572145146,0.262,0.353,5.3E-34,1.6E-29,inb-vip
NDUFA8,-0.525280009,0.198,0.287,5.0E-34,1.5E-29,endo
HEPN1,-0.654492447,0.225,3.17E-01,4.79E-34,1.42E-29,opc
NT5C3B,-0.668794476,0.172,0.26,4.4E-34,1.3E-29,inb-vip
BTF3,-0.839668702,0.23,0.337,4.3E-34,1.3E-29,L5/6
VCP,-0.582392777,0.32,0.42,4.3E-34,1.3E-29,inb-pv
NDUFA3,-0.722752472,0.213,0.32,4.3E-34,1.3E-29,L5/6
PDCD6,-0.682903863,0.371,0.488,4.1E-34,1.2E-29,L5/6
ASAP1,0.665478031,0.322,0.25,4.1E-34,1.2E-29,micro
CAMK1,-0.59180364,0.311,0.424,3.8E-34,1.1E-29,L5/6
DPH6-DT,0.539812222,0.392,0.302,3.7E-34,1.1E-29,inb-pv
TBRG1,-0.507432184,0.279,0.377,3.7E-34,1.1E-29,inb-vip
PA2G4,-0.645713064,0.17,0.262,3.6E-34,1.1E-29,inb-pv
SIVA1,-0.695029388,0.201,0.304,3.6E-34,1.1E-29,L5/6-CC
CYTH4,-0.555043921,0.217,0.296,3.5E-34,1.0E-29,micro
TRAPPC5,-0.88929667,0.247,0.405,3.5E-34,1.0E-29,inb-sv2c
CARS,-0.537272366,0.321,0.422,3.5E-34,1.0E-29,inb-pv
TSPAN13,-0.515953658,0.444,0.55,3.3E-34,9.8E-30,L5/6
CBLN4,-1.283573841,0.264,0.41,3.2E-34,9.4E-30,inb-sv2c
AC104806.2,0.546757181,0.522,0.448,3.2E-34,9.4E-30,L5/6
LUZP2,-0.554118395,0.179,0.285,3.0E-34,8.9E-30,inb-sst
NUDCD2,-0.563335263,0.285,0.398,2.7E-34,8.1E-30,L5/6-CC
MXRA7,-0.610461156,0.278,0.378,2.6E-34,7.7E-30,inb-pv
EIF3K,-0.585650638,0.29,0.386,2.3E-34,6.8E-30,inb-vip
HAGHL,-0.88081053,0.163,0.261,2.3E-34,6.8E-30,L5/6
UQCR10,-0.683543657,0.312,0.431,2.3E-34,6.7E-30,L5/6
EID2B,-0.668744034,0.179,0.281,2.2E-34,6.7E-30,L5/6-CC
NUCB1,-0.681984991,0.23,0.326,2.2E-34,6.6E-30,inb-pv
YARS,-0.504152094,0.345,0.447,2.0E-34,6.0E-30,inb-pv
DOC2A,-0.648707821,0.271,0.384,1.9E-34,5.7E-30,L5/6
DALRD3,-0.66910322,0.169,0.263,1.8E-34,5.3E-30,inb-pv
PIGQ,-0.683771585,0.235,0.347,1.8E-34,5.3E-30,L5/6
ELOC,-0.604684894,0.229,0.327,1.8E-34,5.2E-30,inb-pv
HIST1H2AC,-0.865049634,0.187,0.259,1.7E-34,5.1E-30,micro
TMEM223,-0.815869012,0.179,0.278,1.7E-34,5.1E-30,L5/6-CC
FIGN,0.60089951,0.341,0.294,1.7E-34,5.1E-30,L4
CADM4,-0.802145365,0.157,0.253,1.6E-34,4.8E-30,L5/6-CC
RHOB,-0.553313156,0.205,0.312,1.6E-34,4.7E-30,L5/6-CC
CTDNEP1,-0.569715162,0.224,0.334,1.6E-34,4.7E-30,L5/6-CC
DPF1,-0.638505686,0.277,0.389,1.5E-34,4.5E-30,L5/6
TMED9,-0.751779882,0.196,0.299,1.5E-34,4.4E-30,L5/6-CC
GNG10,-0.548791678,0.263,0.376,1.4E-34,4.1E-30,L5/6-CC
ARL4C,-0.663929815,0.669,0.736,1.4E-34,4.1E-30,inb-sv2c
TMEM151A,-0.93242251,0.167,0.267,1.3E-34,4.0E-30,L5/6
LINC02254,0.715859518,0.508,0.438,1.3E-34,3.9E-30,L5/6-CC
CLTA,-0.526565035,0.411,0.512,1.3E-34,3.8E-30,inb-pv
LARP6,-0.61047155,0.217,0.326,1.2E-34,3.7E-30,L5/6-CC
NOP56,-0.661255185,0.27,0.368,1.2E-34,3.6E-30,inb-pv
CPEB2,0.716023254,0.367,2.81E-01,1.18E-34,3.51E-30,opc
CCDC39,0.567486578,0.28,0.226,1.2E-34,3.5E-30,L4
RPL14,-0.517520035,0.208,3.03E-01,1.03E-34,3.07E-30,opc
CENPV,-0.740761345,0.211,0.304,1.0E-34,3.0E-30,inb-pv
ZBTB48,-0.645151068,0.183,0.286,1.0E-34,3.0E-30,L5/6-CC
IRF9,-0.737401425,0.185,0.268,1.0E-34,3.0E-30,endo
NRSN2,-0.659174095,0.271,0.385,9.7E-35,2.9E-30,L5/6
PRDX1,-0.585406491,0.249,0.344,9.5E-35,2.8E-30,inb-vip
RPUSD3,-0.831877695,0.179,0.278,9.4E-35,2.8E-30,L5/6-CC
SYT12,-0.648164332,0.311,0.424,9.2E-35,2.7E-30,L5/6
GOT1,-0.580558098,0.422,0.54,9.2E-35,2.7E-30,L5/6
RPL34,-0.617554925,0.479,0.586,8.7E-35,2.6E-30,L5/6
B3GNT2,-0.639626816,0.175,0.28,8.7E-35,2.6E-30,L5/6-CC
FAU,-0.524395309,2.05E-01,3.02E-01,8.41E-35,2.50E-30,opc
RAB4B,-0.602451688,0.209,0.316,8.3E-35,2.5E-30,L5/6-CC
NUCB1,-0.558251498,0.154,0.256,8.1E-35,2.4E-30,inb-sst
ASB6,-0.729597099,0.171,0.271,7.9E-35,2.3E-30,L5/6-CC
RNASEK,-0.896083435,0.398,0.542,7.8E-35,2.3E-30,inb-sv2c
SIRT7,-0.605902362,0.229,0.338,7.6E-35,2.2E-30,L5/6-CC
SERF2,-0.582188374,0.166,2.57E-01,7.56E-35,2.25E-30,opc
RNH1,-0.665461109,0.186,0.276,7.5E-35,2.2E-30,inb-vip
CGREF1,-0.662240932,0.187,0.296,7.4E-35,2.2E-30,L5/6
RELL2,-0.642944108,0.254,0.361,7.2E-35,2.1E-30,L5/6-CC
DDN,-0.588879344,0.23,0.34,6.5E-35,1.9E-30,L5/6-CC
GUK1,-0.837394021,0.341,0.504,6.1E-35,1.8E-30,inb-sv2c
AP2S1,-0.541862381,0.196,0.285,6.0E-35,1.8E-30,endo
RGS12,-0.579918337,0.471,0.601,6.0E-35,1.8E-30,L5/6-CC
PTGES2,-0.702423594,0.207,0.317,6.0E-35,1.8E-30,L5/6
C1orf122,-0.637836974,0.229,0.339,5.9E-35,1.7E-30,L5/6
COL16A1,-0.674709221,0.205,0.318,5.1E-35,1.5E-30,L5/6
DPH7,-0.526831239,0.301,0.418,5.0E-35,1.5E-30,L5/6-CC
TNNI3K,0.589864846,0.454,0.366,4.9E-35,1.4E-30,L5/6
AC068587.4,0.637299152,0.631,0.485,4.8E-35,1.4E-30,inb-sv2c
TBCB,-0.661225993,0.204,0.294,4.7E-35,1.4E-30,inb-vip
NPIPB5,0.613582809,0.27,0.184,4.5E-35,1.3E-30,inb-vip
SBDS,-0.823793854,0.195,0.289,4.5E-35,1.3E-30,inb-pv
TRHDE,0.654984619,0.337,0.252,4.1E-35,1.2E-30,inb-vip
CAMKV,-0.545558337,0.466,0.577,4.1E-35,1.2E-30,L5/6
EI24,-0.557109623,0.211,0.31,4.0E-35,1.2E-30,inb-pv
ANO6,0.576625955,0.538,0.468,3.9E-35,1.1E-30,L5/6
TMEM38A,-0.521892702,0.361,0.466,3.8E-35,1.1E-30,inb-pv
ORMDL1,-0.634325679,0.332,0.422,3.7E-35,1.1E-30,inb-vip
BAIAP3,0.622074397,0.418,0.321,3.5E-35,1.1E-30,L5/6-CC
SERPINI1,-0.519261261,0.537,0.597,3.3E-35,9.9E-31,inb-vip
NDUFA12,-0.593583631,0.232,0.326,3.2E-35,9.5E-31,inb-vip
TRIR,-0.721488998,0.215,0.324,3.2E-35,9.5E-31,L5/6
PTS,-0.566634314,0.298,0.403,3.2E-35,9.5E-31,inb-pv
ARL6IP4,-0.615185525,0.315,0.432,3.0E-35,8.8E-31,L5/6
RPL10A,-0.661607761,0.18,2.71E-01,2.95E-35,8.77E-31,opc
GGA1,-0.630893804,0.243,0.341,2.7E-35,8.0E-31,inb-pv
OMG,-0.502133165,0.153,0.258,2.7E-35,7.9E-31,inb-sst
AUP1,-0.714337814,0.168,0.255,2.5E-35,7.6E-31,inb-vip
BOLA3,-0.597195465,0.261,0.366,2.4E-35,7.1E-31,inb-pv
SNX3,-0.525305227,0.361,0.466,2.3E-35,6.9E-31,inb-pv
NAGPA,-0.641104565,0.215,0.312,2.2E-35,6.5E-31,inb-pv
C3orf67-AS1,0.57001441,0.256,0.213,2.2E-35,6.5E-31,inb
CYB561D1,-0.715988847,0.203,0.309,2.0E-35,6.0E-31,L5/6-CC
RPS27A,-0.761800158,0.446,0.599,1.9E-35,5.7E-31,inb-sv2c
ATF6B,-0.686801041,0.315,0.43,1.9E-35,5.7E-31,L5/6
FSCN1,-0.600876959,0.197,0.294,1.9E-35,5.6E-31,inb-pv
UBC,-0.791798067,0.48,0.611,1.9E-35,5.5E-31,inb-sv2c
RCN2,-0.56332383,0.432,0.546,1.8E-35,5.5E-31,L5/6
ANKRD30B,-0.576119807,0.207,0.32,1.8E-35,5.3E-31,L5/6
SQLE,-0.667522991,0.184,0.293,1.8E-35,5.3E-31,L5/6
CCDC12,-0.544914247,0.297,0.416,1.7E-35,5.2E-31,L5/6-CC
SMIM19,-0.555915235,0.238,0.348,1.7E-35,4.9E-31,L5/6-CC
HIST1H4C,-0.983301518,0.156,0.257,1.6E-35,4.7E-31,L5/6
KDELR1,-0.717174818,0.213,0.319,1.6E-35,4.7E-31,L5/6-CC
MRPS21,-0.630310859,0.296,0.416,1.6E-35,4.7E-31,L5/6
TBC1D9B,-0.54168105,0.161,0.268,1.6E-35,4.6E-31,inb-sst
CYCS,-1.012783232,0.304,0.463,1.6E-35,4.6E-31,inb-sv2c
ATXN7L3B,-0.73803009,0.235,0.336,1.6E-35,4.6E-31,inb-pv
CHMP5,-0.508702162,0.292,0.41,1.5E-35,4.6E-31,L5/6-CC
HERPUD1,-0.537709924,0.352,0.471,1.5E-35,4.5E-31,L5/6-CC
HMGCS1,-0.622273857,0.281,0.375,1.5E-35,4.5E-31,inb-vip
PNMA8B,-0.591633576,0.256,0.36,1.5E-35,4.5E-31,inb-pv
MYDGF,-0.694829112,0.188,0.295,1.4E-35,4.3E-31,L5/6-CC
CTSF,-0.566031889,0.29,0.405,1.4E-35,4.0E-31,L5/6
C4orf3,-0.735651198,0.229,0.33,1.3E-35,4.0E-31,inb-pv
ENDOV,-0.547376657,0.256,0.367,1.3E-35,3.9E-31,L5/6-CC
BID,-0.56244337,0.224,0.338,1.3E-35,3.8E-31,L5/6-CC
PICK1,-0.54646192,0.245,0.345,1.3E-35,3.8E-31,inb-pv
OGFR,-0.60671779,0.314,0.434,1.2E-35,3.6E-31,L5/6
AC107223.1,-0.556654871,2.74E-01,3.75E-01,1.21E-35,3.61E-31,opc
SLC4A3,-0.581348438,0.272,0.365,1.2E-35,3.6E-31,inb-vip
EIF5A,-0.757183067,0.182,0.284,1.2E-35,3.5E-31,L5/6-CC
ERP29,-1.015053147,0.227,0.392,1.1E-35,3.2E-31,inb-sv2c
GTF3A,-0.584267652,0.307,0.412,1.0E-35,3.1E-31,inb-pv
PET100,-0.665184803,0.173,0.269,1.0E-35,3.1E-31,inb-pv
CCS,-0.631762349,0.223,0.325,1.0E-35,3.0E-31,inb-pv
GSK3A,-0.790593224,0.171,0.261,9.9E-36,2.9E-31,inb-pv
TRABD,-0.662827411,0.189,0.286,9.6E-36,2.9E-31,inb-pv
LAMB2,-0.60348305,0.257,0.345,9.6E-36,2.8E-31,endo
IGSF8,-0.53135759,0.373,0.474,9.3E-36,2.8E-31,inb-pv
TUBB4A,-0.540239079,0.308,0.429,8.7E-36,2.6E-31,L5/6
MVD,-0.695433175,0.207,0.299,8.7E-36,2.6E-31,inb-vip
SCN9A,0.674440584,3.97E-01,3.08E-01,7.94E-36,2.36E-31,opc
DPP7,-0.551338796,0.335,0.426,7.9E-36,2.3E-31,inb-vip
FBXL15,-0.779690332,0.182,0.288,7.4E-36,2.2E-31,L5/6
MRPL18,-0.58557222,0.213,0.323,7.4E-36,2.2E-31,L5/6-CC
LAMA3,0.508062133,0.487,0.399,7.3E-36,2.2E-31,inb-vip
SCG5,-0.815167019,0.582,0.673,7.1E-36,2.1E-31,inb-sv2c
NDUFS6,-0.703436921,0.175,0.268,6.6E-36,2.0E-31,inb-vip
RPL7,-0.555486705,0.359,0.48,6.3E-36,1.9E-31,L5/6-CC
MRPS26,-0.554100203,0.203,0.298,6.2E-36,1.9E-31,inb-vip
MRPS15,-0.749427274,0.179,0.281,5.7E-36,1.7E-31,L5/6-CC
MSMO1,-0.735372319,0.246,0.36,5.6E-36,1.7E-31,L5/6
FBXL12,-0.546006299,0.243,0.357,5.5E-36,1.6E-31,L5/6-CC
RNF6,-0.503566594,0.22,0.259,5.2E-36,1.5E-31,L2/3
NT5C3B,-0.660724513,0.217,0.329,5.1E-36,1.5E-31,L5/6
WDR46,-0.58771434,0.224,0.337,4.8E-36,1.4E-31,L5/6-CC
GRHPR,-0.517770966,0.244,0.28,4.7E-36,1.4E-31,L2/3
CARMIL2,-0.643400947,0.219,0.328,4.6E-36,1.4E-31,L5/6-CC
TADA3,-0.730085504,0.176,0.279,4.6E-36,1.4E-31,L5/6-CC
NDUFA8,-0.747669349,0.182,0.272,4.5E-36,1.3E-31,inb-vip
PVALB,-0.765431577,0.355,0.449,4.4E-36,1.3E-31,inb-pv
FAM219B,-0.693933978,0.251,0.368,4.1E-36,1.2E-31,L5/6
PSMD7,-0.646894381,0.193,0.287,4.0E-36,1.2E-31,inb-vip
TLE5,-0.533960391,0.428,0.552,4.0E-36,1.2E-31,L5/6
UBA52,-0.590185663,0.236,0.342,3.8E-36,1.1E-31,inb-pv
NHSL1,0.92277811,0.29,0.221,3.6E-36,1.1E-31,micro
H1FX,-0.702812484,0.209,0.317,3.6E-36,1.1E-31,L5/6-CC
AP001993.1,-0.511554716,0.249,0.289,3.5E-36,1.0E-31,L2/3
VPS28,-0.619363069,0.255,0.352,3.4E-36,1.0E-31,inb-vip
YJEFN3,-0.638571041,0.296,0.39,3.4E-36,1.0E-31,inb-vip
ATP6V1G1,-0.595812776,0.281,0.381,3.2E-36,9.5E-32,inb-vip
COPS9,-0.509259335,0.363,0.484,3.0E-36,9.0E-32,L5/6-CC
ENO1,-0.715279488,0.347,0.466,2.4E-36,7.3E-32,L5/6
TRIM17,-0.737723058,0.157,0.26,2.4E-36,7.0E-32,L5/6-CC
SNHG6,-0.558213283,0.279,0.395,2.2E-36,6.5E-32,L5/6-CC
NDUFA7,-0.709092626,0.195,0.302,2.2E-36,6.5E-32,L5/6-CC
TRMT1,-0.534749574,0.245,0.36,2.2E-36,6.4E-32,L5/6-CC
RPL37A,-0.702236831,0.683,0.765,2.2E-36,6.4E-32,L5/6-CC
LIFR,0.593083889,0.477,0.392,2.1E-36,6.2E-32,L5/6
AUP1,-0.797181541,0.16,0.252,2.0E-36,6.0E-32,inb-pv
NSUN5,-0.726678036,0.227,0.332,1.9E-36,5.7E-32,L5/6-CC
TOMM40,-0.67795827,0.196,0.302,1.9E-36,5.6E-32,L5/6-CC
GATD1,-0.564247105,0.202,0.31,1.9E-36,5.6E-32,L5/6-CC
ATOX1,-0.600981719,0.185,0.291,1.8E-36,5.5E-32,L5/6-CC
CSTB,-0.651127323,0.268,0.383,1.8E-36,5.4E-32,L5/6-CC
TMEM14A,-0.634693772,0.28,0.375,1.7E-36,5.1E-32,inb-vip
EEF2,-0.529703245,0.314,0.412,1.7E-36,5.0E-32,inb-vip
CST3,-0.751605644,0.196,0.304,1.6E-36,4.7E-32,L5/6-CC
MRPS36,-0.575191861,0.254,0.367,1.5E-36,4.6E-32,L5/6-CC
BTG1,-0.7124513,0.258,0.351,1.5E-36,4.5E-32,inb-vip
RPS6,-0.73773054,0.299,0.412,1.5E-36,4.4E-32,L5/6
COPE,-0.616421772,0.264,0.38,1.4E-36,4.1E-32,L5/6-CC
TSC22D4,-0.771927635,2.21E-01,3.10E-01,1.36E-36,4.04E-32,opc
DNAJB11,-0.507398741,0.214,0.253,1.3E-36,3.9E-32,L2/3
FOXQ1,-0.889869991,0.179,0.261,1.2E-36,3.7E-32,endo
NDUFA2,-0.762795943,0.183,0.288,1.2E-36,3.7E-32,L5/6-CC
AC099788.1,0.595761219,0.256,0.202,1.2E-36,3.7E-32,L4
PSMD2,-0.637233382,0.265,0.384,1.2E-36,3.6E-32,L5/6
RING1,-0.616974742,0.259,0.362,1.1E-36,3.4E-32,inb-pv
SLC29A1,-0.556702156,0.296,0.402,1.1E-36,3.3E-32,inb-pv
PSMC5,-0.728547012,0.225,0.336,1.1E-36,3.3E-32,L5/6
NLGN2,-0.745870074,0.195,0.29,1.1E-36,3.2E-32,inb-pv
SAT2,-0.882286487,0.355,0.516,9.7E-37,2.9E-32,inb-sv2c
CABP1,-0.551382074,1.77E-01,2.71E-01,9.62E-37,2.86E-32,opc
ENO2,-0.537202097,0.556,0.664,9.6E-37,2.8E-32,L5/6
NDUFB9,-0.69196829,0.233,0.34,8.8E-37,2.6E-32,L5/6-CC
DDA1,-0.583248283,0.221,0.334,8.8E-37,2.6E-32,L5/6-CC
ATP5F1B,-0.895552338,0.419,0.56,8.5E-37,2.5E-32,inb-sv2c
PDE1B,-0.511690722,0.327,0.445,8.3E-37,2.5E-32,L5/6-CC
BICC1,0.747054173,0.434,0.355,8.2E-37,2.4E-32,inb-vip
KMT5A,-0.572774849,0.26,0.374,8.1E-37,2.4E-32,L5/6-CC
CXXC5,-0.649101978,0.266,0.362,8.0E-37,2.4E-32,inb-vip
ZNF862,-0.628854417,0.243,0.34,7.1E-37,2.1E-32,inb-vip
UQCRB,-0.616771628,0.403,0.519,6.9E-37,2.1E-32,L5/6
TMEM205,-1.191360485,0.237,0.395,6.7E-37,2.0E-32,inb-sv2c
LTBP4,-0.505561193,0.283,0.401,6.6E-37,2.0E-32,L5/6-CC
C1orf43,-0.699954299,0.226,0.32,6.6E-37,1.9E-32,inb-vip
ATP5MF,-0.599298631,0.224,0.324,6.5E-37,1.9E-32,inb-vip
COPS6,-0.591490194,0.237,0.336,6.4E-37,1.9E-32,inb-vip
SPATA33,-0.806013822,0.178,0.286,6.0E-37,1.8E-32,L5/6
RPS16,-0.526952327,0.259,0.37,5.6E-37,1.7E-32,inb-pv
NDUFB1,-0.569849622,1.65E-01,2.63E-01,5.50E-37,1.64E-32,opc
ACACB,0.704793,2.65E-01,1.76E-01,5.47E-37,1.62E-32,opc
LAMTOR4,-0.625772981,0.177,0.271,5.1E-37,1.5E-32,inb-vip
SLC32A1,-1.034355696,0.251,0.418,5.1E-37,1.5E-32,inb-sv2c
AC027031.2,-0.726997112,0.225,0.325,4.8E-37,1.4E-32,inb-pv
TSEN54,-0.749723405,0.147,0.252,4.4E-37,1.3E-32,L5/6
RPL7A,-0.84175851,0.437,0.591,4.3E-37,1.3E-32,inb-sv2c
NDUFA8,-0.873903465,0.233,0.345,4.3E-37,1.3E-32,L5/6
ANKRD52,-0.532247147,0.268,0.384,4.0E-37,1.2E-32,L5/6-CC
LAMP5,-0.736811275,0.64,0.716,3.9E-37,1.1E-32,inb-sv2c
RPL7L1,-0.589346291,0.289,0.393,3.6E-37,1.1E-32,inb-pv
HIP1,-0.644669391,0.246,0.366,3.5E-37,1.0E-32,L5/6
RPL37A,-0.511010231,0.55,0.61,3.4E-37,1.0E-32,inb-vip
PKM,-0.737891736,0.592,0.691,3.4E-37,1.0E-32,inb-sv2c
SCN1B,-0.61452042,0.228,0.323,3.0E-37,8.8E-33,inb-vip
JCAD,-0.65413461,0.222,0.342,2.9E-37,8.6E-33,L5/6
TMSB10,-0.798361878,0.465,0.608,2.8E-37,8.4E-33,inb-sv2c
RHPN1,-0.537036017,0.254,0.372,2.6E-37,7.6E-33,L5/6-CC
CAMK2N2,-1.225115504,0.227,0.389,2.5E-37,7.4E-33,inb-sv2c
P2RX7,-0.526488872,0.204,0.292,2.5E-37,7.3E-33,micro
NPAS1,-0.556310036,0.214,0.33,2.4E-37,7.0E-33,inb-sst
PRRX1,0.723170498,0.502,0.426,2.2E-37,6.6E-33,L5/6-CC
AP2S1,-0.656433944,0.252,0.371,2.2E-37,6.5E-33,L5/6
B2M,-0.655779822,0.243,0.348,2.1E-37,6.4E-33,inb-pv
ATP8B2,-0.547468093,0.172,0.281,2.1E-37,6.2E-33,inb-sst
TSPAN13,-0.606221569,0.3,0.396,2.0E-37,6.0E-33,inb-vip
IFFO1,-0.71098121,0.221,0.321,1.9E-37,5.7E-33,inb-pv
CHGB,-0.697703364,0.346,0.465,1.8E-37,5.5E-33,L5/6
RPRML,-0.736199032,0.28,0.397,1.8E-37,5.4E-33,L5/6
STX1B,-0.548357358,0.37,0.474,1.7E-37,5.1E-33,inb-pv
PDXP,-0.714530274,0.219,0.313,1.7E-37,5.0E-33,inb-vip
PDZRN3,0.511869567,0.588,0.521,1.6E-37,4.8E-33,endo
DYNLT1,-0.748657121,0.174,0.267,1.6E-37,4.7E-33,inb-vip
PRRC2A,-0.694325799,0.249,0.352,1.5E-37,4.5E-33,inb-pv
CDIPT,-0.630339921,0.19,0.289,1.5E-37,4.5E-33,inb-pv
MLF2,-0.540581808,0.385,0.502,1.5E-37,4.4E-33,L5/6
CYB5R1,-0.735555254,0.161,0.264,1.4E-37,4.1E-33,L5/6-CC
LIN7B,-0.605656953,0.219,0.333,1.4E-37,4.0E-33,L5/6-CC
UNC5D,0.531162246,0.626,0.56,1.3E-37,3.9E-33,inb-sst
TOMM5,-0.66143796,0.184,0.285,1.2E-37,3.7E-33,inb-pv
SNHG7,-0.818462562,0.201,0.313,1.2E-37,3.5E-33,L5/6
TAFA2,0.626105673,0.728,0.613,1.2E-37,3.5E-33,inb-sv2c
MDH2,-0.512706026,0.258,0.38,1.1E-37,3.4E-33,L5/6-CC
TUBA4A,-0.507687026,0.208,0.306,1.1E-37,3.2E-33,endo
CHMP5,-0.519054725,0.155,0.265,1.0E-37,3.1E-33,inb-sst
UBALD1,-0.520584887,0.221,0.261,9.5E-38,2.8E-33,L2/3
PABPN1,-0.554816922,0.517,0.618,8.5E-38,2.5E-33,L5/6
TMEM258,-0.689671858,0.212,0.323,7.8E-38,2.3E-33,L5/6-CC
WBP2,-0.678287476,0.303,0.411,7.8E-38,2.3E-33,inb-pv
SLC2A6,-0.794521846,0.175,0.27,7.7E-38,2.3E-33,inb-pv
DPH7,-0.591546136,0.148,0.255,7.6E-38,2.3E-33,inb-sst
GPX4,-0.796547825,0.431,0.584,7.5E-38,2.2E-33,inb-sv2c
MRPL38,-0.788526635,0.16,0.253,7.5E-38,2.2E-33,inb-pv
UBAC1,-0.519090334,0.148,0.254,6.9E-38,2.1E-33,inb-sst
ARL6IP4,-0.610158933,1.62E-01,2.55E-01,6.74E-38,2.00E-33,opc
TMUB2,-0.555802386,0.243,0.362,6.5E-38,1.9E-33,L5/6-CC
CMTM8,-0.563489294,0.221,0.335,6.2E-38,1.9E-33,inb-pv
CCS,-0.700552922,0.292,0.414,6.1E-38,1.8E-33,L5/6
PSMC3,-0.978293092,0.172,0.279,6.0E-38,1.8E-33,L5/6
DNAJA1,-0.616019138,1.71E-01,2.66E-01,5.58E-38,1.66E-33,opc
TSEN54,-0.601157803,0.208,0.321,5.3E-38,1.6E-33,L5/6-CC
ANXA4,0.558642724,0.317,0.264,5.3E-38,1.6E-33,L4
ARHGDIG,-1.172489699,0.188,0.35,5.1E-38,1.5E-33,inb-sv2c
PTPRS,-0.503032932,0.623,0.695,5.0E-38,1.5E-33,L5/6
C2orf88,0.547606107,0.276,0.219,4.9E-38,1.4E-33,L4
ARHGAP10,-0.685043659,0.201,0.31,4.7E-38,1.4E-33,L5/6-CC
MRPL34,-0.694907904,0.206,0.306,4.6E-38,1.4E-33,inb-pv
TRMT112,-0.758224089,0.183,0.291,4.4E-38,1.3E-33,L5/6-CC
AL357873.1,-0.543094925,0.372,0.467,4.3E-38,1.3E-33,inb-vip
NDUFB4,-0.57180684,0.312,0.434,4.3E-38,1.3E-33,L5/6-CC
NDUFB7,-0.743791904,0.197,0.309,4.2E-38,1.3E-33,L5/6
CEND1,-0.54196832,1.59E-01,2.56E-01,4.07E-38,1.21E-33,opc
DMTN,-0.624430063,0.429,0.552,3.7E-38,1.1E-33,L5/6
GNG3,-1.163520048,0.198,0.371,3.7E-38,1.1E-33,inb-sv2c
EIF3G,-0.619216254,0.185,0.275,3.6E-38,1.1E-33,endo
HRK,-0.736071153,0.179,0.293,3.6E-38,1.1E-33,L5/6
FARSA,-0.661027806,0.174,0.274,3.4E-38,1.0E-33,inb-pv
CYP46A1,-0.544372159,0.322,0.423,3.3E-38,9.9E-34,inb-vip
RPS25,-0.641264929,1.65E-01,2.60E-01,3.32E-38,9.87E-34,opc
FADS3,-0.592150706,0.311,0.428,3.3E-38,9.8E-34,L5/6
HSBP1,-0.69838418,0.227,0.323,3.2E-38,9.4E-34,inb-vip
GRAMD1C,0.713632257,3.76E-01,2.83E-01,3.07E-38,9.12E-34,opc
TRIR,-0.629165365,0.197,0.3,3.0E-38,9.0E-34,inb-pv
TCTA,-0.647897125,0.228,0.34,2.9E-38,8.7E-34,L5/6-CC
KLF6,-0.526040703,0.283,0.407,2.9E-38,8.5E-34,L5/6-CC
CCDC50,0.517314534,0.324,0.264,2.8E-38,8.3E-34,L4
RPL36,-0.632359686,0.373,0.493,2.7E-38,7.9E-34,L5/6
LHFPL6,0.623543603,0.562,0.502,2.7E-38,7.9E-34,L5/6-CC
BRK1,-0.667111198,0.209,0.308,2.5E-38,7.5E-34,inb-vip
GABARAP,-0.62637777,1.58E-01,2.53E-01,2.46E-38,7.30E-34,opc
TPI1,-1.169632506,0.279,0.446,2.4E-38,7.2E-34,inb-sv2c
MAPK12,-0.596234602,0.208,0.322,2.4E-38,7.0E-34,L5/6-CC
ARPP19,-0.528257953,0.442,0.551,2.3E-38,7.0E-34,inb-pv
STRAP,-0.546428022,0.293,0.395,2.2E-38,6.7E-34,inb-vip
ACAP3,-0.538397831,0.319,0.427,2.1E-38,6.2E-34,inb-pv
RRAGA,-0.62761396,0.235,0.353,2.1E-38,6.2E-34,L5/6-CC
WDR54,-0.74913612,0.168,0.273,2.0E-38,6.1E-34,L5/6-CC
AAMP,-0.777632032,0.181,0.287,2.0E-38,5.9E-34,L5/6-CC
AK1,-0.527240834,0.249,0.371,1.9E-38,5.6E-34,L5/6-CC
ABHD17A,-0.564890992,0.291,0.412,1.8E-38,5.5E-34,L5/6-CC
SLITRK1,-0.528886425,0.292,0.416,1.7E-38,5.2E-34,L5/6-CC
SMDT1,-0.71093567,0.238,0.351,1.7E-38,5.2E-34,L5/6-CC
NECAB3,-0.841557606,0.151,0.256,1.7E-38,5.1E-34,L5/6
RPL23A,-0.548366547,0.172,0.258,1.7E-38,5.1E-34,micro
PFDN2,-0.543954623,0.343,0.471,1.7E-38,5.1E-34,L5/6-CC
RPL12,-0.574057579,0.257,0.365,1.6E-38,4.7E-34,inb-vip
AC008780.1,-0.906090307,0.206,0.317,1.6E-38,4.7E-34,L5/6
TMEM126A,-0.817639179,0.152,0.255,1.5E-38,4.6E-34,L5/6-CC
OBSL1,-0.549748716,0.351,0.459,1.5E-38,4.5E-34,inb-pv
CIAO2B,-0.57531559,0.18,0.281,1.5E-38,4.4E-34,inb-pv
GABARAP,-0.994781253,0.285,0.458,1.4E-38,4.3E-34,inb-sv2c
AC093523.1,0.984221906,0.279,0.192,1.4E-38,4.2E-34,inb-sst
NAPA,-0.607853992,0.3,0.427,1.4E-38,4.1E-34,L5/6
NDUFA13,-0.887458684,0.424,0.576,1.4E-38,4.1E-34,inb-sv2c
LMO2,-0.612133679,0.367,0.451,1.4E-38,4.0E-34,endo
MIR7-3HG,-0.719812733,0.23,0.345,1.4E-38,4.0E-34,L5/6
RING1,-0.544736245,0.166,0.279,1.3E-38,4.0E-34,inb-sst
FSD1,-0.628216866,0.316,0.443,1.3E-38,3.9E-34,L5/6
TCEA2,-0.68909723,0.313,0.432,1.3E-38,3.9E-34,L5/6
CALR,-0.834196835,1.75E-01,2.67E-01,1.27E-38,3.79E-34,opc
SNRPA1,-0.6199494,0.275,0.383,1.3E-38,3.8E-34,inb-pv
HNRNPA1,-0.573435784,0.282,0.384,1.3E-38,3.7E-34,inb-vip
CACHD1,0.543153462,0.302,0.244,1.2E-38,3.7E-34,L4
LRPAP1,-0.65864979,0.284,0.388,1.2E-38,3.6E-34,inb-pv
ATOX1,-0.664684244,0.169,0.269,1.2E-38,3.4E-34,inb-pv
PDCD7,-0.574073929,0.421,0.51,1.1E-38,3.4E-34,inb-pv
ARF3,-0.510328175,0.355,0.458,1.1E-38,3.3E-34,inb-vip
NSMF,-0.617508686,0.383,0.506,1.1E-38,3.3E-34,L5/6
MEST,-0.530836771,0.158,0.27,1.1E-38,3.3E-34,inb-sst
TMEM179,-0.525465602,0.145,0.253,1.1E-38,3.2E-34,inb-sst
NDUFA12,-0.719551055,0.254,0.371,1.1E-38,3.1E-34,L5/6
RHOC,-0.621619917,0.263,0.354,1.1E-38,3.1E-34,endo
EIF1,-0.689441712,0.585,0.699,9.8E-39,2.9E-34,inb-sv2c
CABP1,-0.558289405,0.424,0.531,9.6E-39,2.8E-34,inb-pv
ATP5MF,-0.744950645,0.239,0.355,9.5E-39,2.8E-34,L5/6
JPT1,-0.826899711,0.167,0.259,9.3E-39,2.8E-34,inb-vip
DYNLT1,-0.605280619,0.233,0.337,8.9E-39,2.6E-34,inb-pv
KCNK13,0.622372224,0.309,0.227,8.8E-39,2.6E-34,micro
TMEM9B,-0.710096199,0.179,0.274,8.6E-39,2.6E-34,inb-vip
SPSB3,-0.868222352,0.209,0.323,8.3E-39,2.5E-34,L5/6
SLC25A42,-0.558154156,0.297,0.419,7.9E-39,2.4E-34,L5/6-CC
TUBG2,-0.565687687,0.306,0.429,7.7E-39,2.3E-34,L5/6
OCIAD2,-0.529441599,0.239,0.278,7.6E-39,2.2E-34,L2/3
ATP5MPL,-0.58366472,0.415,0.536,7.3E-39,2.2E-34,L5/6
CHID1,-0.599815137,0.236,0.351,7.2E-39,2.1E-34,L5/6-CC
NDUFB10,-0.867556858,0.228,0.344,7.1E-39,2.1E-34,L5/6
CD59,-0.59613557,0.266,0.366,6.8E-39,2.0E-34,inb-vip
COX14,-0.719652272,0.159,0.266,6.6E-39,2.0E-34,L5/6-CC
STARD4-AS1,-0.703506506,0.245,0.365,6.5E-39,1.9E-34,L5/6
ASPHD1,-0.555839592,0.314,0.426,6.4E-39,1.9E-34,inb-pv
DHPS,-0.729442334,0.182,0.281,6.4E-39,1.9E-34,inb-pv
MRPL57,-0.757930639,0.184,0.277,6.4E-39,1.9E-34,inb-vip
SMIM10L1,-0.939284572,0.169,0.277,6.3E-39,1.9E-34,L5/6
CGREF1,-0.783108255,0.187,0.278,6.2E-39,1.8E-34,inb-vip
DUSP14,-0.751130349,0.177,0.287,5.4E-39,1.6E-34,L5/6-CC
CLEC2L,-0.583617463,0.167,0.279,5.4E-39,1.6E-34,inb-sst
CD34,-0.521570024,0.345,0.447,5.3E-39,1.6E-34,endo
MRFAP1,-0.553945222,0.269,0.377,5.2E-39,1.6E-34,inb-vip
AC063944.1,0.900714905,0.328,0.231,5.2E-39,1.5E-34,L5/6-CC
DUBR,0.535494777,0.558,0.487,4.6E-39,1.4E-34,L5/6
BCAS2,-0.646739153,0.23,0.347,4.5E-39,1.3E-34,L5/6-CC
PCDH9-AS1,-0.802825435,0.164,0.269,4.3E-39,1.3E-34,L5/6-CC
FAM66A,1.004885035,0.316,0.161,4.2E-39,1.3E-34,inb-sv2c
COX7A2,-0.745688029,0.309,0.432,4.2E-39,1.2E-34,L5/6
RUNDC3A,-0.593128731,0.277,0.384,4.0E-39,1.2E-34,inb-pv
CAND2,-0.54501739,0.155,0.266,4.0E-39,1.2E-34,inb-sst
LBH,-0.678214696,0.278,0.386,3.7E-39,1.1E-34,inb-pv
RPL30,-0.532549994,0.351,0.465,3.7E-39,1.1E-34,inb-pv
NDUFA11,-0.683685188,0.232,0.351,3.6E-39,1.1E-34,L5/6
ATG7,0.517198198,0.464,0.387,3.6E-39,1.1E-34,micro
DDRGK1,-0.689760675,0.19,0.284,3.6E-39,1.1E-34,inb-vip
MATK,-0.564794045,0.257,0.378,3.6E-39,1.1E-34,L5/6-CC
LSM4,-0.700547864,0.158,0.258,3.6E-39,1.1E-34,inb-pv
HAGH,-0.534063722,0.48,0.599,3.5E-39,1.0E-34,L5/6
TMEM175,-0.636664171,0.299,0.407,3.5E-39,1.0E-34,inb-pv
ECHS1,-0.629590807,0.243,0.362,3.5E-39,1.0E-34,L5/6-CC
MPC2,-0.513349162,0.33,0.457,3.4E-39,1.0E-34,L5/6-CC
AC013652.1,0.688516041,0.355,0.258,3.2E-39,9.6E-35,inb-pv
TCEA2,-0.630583962,0.227,0.325,3.2E-39,9.5E-35,inb-vip
SDR39U1,-0.536409616,0.227,0.267,3.2E-39,9.5E-35,L2/3
ERLEC1,-0.696755737,0.297,0.395,3.1E-39,9.2E-35,inb-vip
POLR2K,-0.766268266,0.155,0.255,3.0E-39,9.1E-35,inb-pv
TOMM5,-0.590608082,0.284,0.408,2.9E-39,8.5E-35,L5/6-CC
H1FX,-0.679985113,0.227,0.318,2.8E-39,8.4E-35,endo
DCTN3,-0.854963835,0.192,0.307,2.7E-39,8.0E-35,L5/6
RNH1,-0.663818023,0.222,0.341,2.5E-39,7.6E-35,L5/6
CXXC5,-0.601305522,0.274,0.395,2.5E-39,7.5E-35,L5/6
SPAG7,-0.7190191,0.162,0.27,2.3E-39,7.0E-35,L5/6-CC
TGOLN2,-0.521115359,0.347,0.451,2.3E-39,6.8E-35,inb-vip
MED10,-0.685196503,0.212,0.318,2.3E-39,6.7E-35,inb-pv
KCTD17,-0.626533657,0.232,0.354,2.2E-39,6.6E-35,L5/6
ENO1,-0.611071393,0.28,0.381,2.2E-39,6.5E-35,inb-vip
FAM131B,-0.631205905,0.225,0.341,2.0E-39,6.0E-35,L5/6-CC
RABAC1,-0.744921121,0.264,0.382,2.0E-39,5.9E-35,L5/6
DRAP1,-0.620923227,0.18,0.279,2.0E-39,5.9E-35,inb-vip
NOP56,-0.525920245,0.353,0.477,1.9E-39,5.7E-35,L5/6-CC
ARHGEF28,0.810957476,0.335,0.248,1.9E-39,5.6E-35,endo
PTMS,-0.635412034,0.186,0.29,1.8E-39,5.3E-35,inb-pv
UBB,-0.948943014,0.439,0.59,1.7E-39,5.1E-35,inb-sv2c
CHKB,-0.787778402,0.174,0.266,1.6E-39,4.9E-35,inb-vip
DENND2A,-0.609837675,0.259,0.299,1.6E-39,4.7E-35,L2/3
OS9,-0.534359601,0.259,0.361,1.6E-39,4.7E-35,inb-vip
AC027031.2,-0.73780063,0.239,0.354,1.6E-39,4.7E-35,L5/6-CC
DYRK2,-0.747593215,0.147,0.252,1.6E-39,4.6E-35,L5/6-CC
KIFC2,-0.59024011,0.31,0.417,1.6E-39,4.6E-35,inb-pv
PFDN5,-0.619951952,0.379,0.502,1.4E-39,4.3E-35,L5/6
CDC37,-0.732766606,0.248,0.355,1.4E-39,4.3E-35,inb-pv
FKBP4,-0.690996025,0.187,0.288,1.4E-39,4.2E-35,inb-pv
LMF2,-0.653680491,0.227,0.343,1.4E-39,4.2E-35,L5/6-CC
ISCA1,-0.513294794,0.176,0.292,1.4E-39,4.0E-35,inb-sst
SLC35B1,-0.748265646,0.182,0.295,1.3E-39,4.0E-35,L5/6
PRXL2A,-0.63799573,0.309,0.42,1.3E-39,3.9E-35,inb-pv
MTSS1,0.558814724,0.44,0.363,1.3E-39,3.9E-35,micro
APEX1,-0.805077185,0.174,0.285,1.3E-39,3.9E-35,L5/6
GADD45GIP1,-0.698183175,0.187,0.297,1.3E-39,3.8E-35,L5/6-CC
NLGN2,-0.502589045,0.283,0.406,1.2E-39,3.7E-35,L5/6-CC
WAC-AS1,-0.527923562,0.386,0.511,1.2E-39,3.6E-35,L5/6-CC
TOMM7,-0.591754325,1.69E-01,2.71E-01,1.18E-39,3.51E-35,opc
TUFM,-0.819908091,0.225,0.343,1.2E-39,3.4E-35,L5/6
EID1,-0.638869367,0.445,0.573,1.1E-39,3.4E-35,L5/6
PTMS,-0.627175407,0.358,0.479,1.1E-39,3.4E-35,L5/6
FAM131A,-0.758699819,0.223,0.325,1.1E-39,3.3E-35,inb-pv
HSPE1,-0.662845098,0.223,0.325,1.1E-39,3.3E-35,inb-vip
PRAG1,-0.519822259,0.25,0.371,1.1E-39,3.2E-35,L5/6-CC
FKBP8,-0.568965565,0.304,0.406,1.1E-39,3.1E-35,inb-vip
UQCRC1,-0.660436762,0.221,0.318,1.0E-39,3.0E-35,inb-vip
EXOC7,-0.503702097,0.367,0.478,9.8E-40,2.9E-35,inb-pv
PDIA6,-0.568707778,0.436,0.55,9.6E-40,2.9E-35,L5/6
RPS19,-0.526517156,0.332,0.448,9.3E-40,2.8E-35,inb-pv
NPPC,-1.028317642,0.173,0.268,9.1E-40,2.7E-35,inb-pv
SLC25A39,-0.688003193,0.215,0.329,8.4E-40,2.5E-35,L5/6-CC
RHPN1,-0.74205688,0.237,0.356,8.4E-40,2.5E-35,L5/6
SPOCK3,0.741616895,0.462,0.368,8.4E-40,2.5E-35,L5/6-CC
RER1,-0.811813554,0.206,0.307,8.0E-40,2.4E-35,inb-pv
DNAJA1,-0.626045237,0.367,0.495,8.0E-40,2.4E-35,L5/6
AC092691.1,0.599327527,0.719,0.672,8.0E-40,2.4E-35,L5/6
CNTN1,0.704173978,0.404,0.309,7.9E-40,2.4E-35,endo
PET100,-0.760372097,0.232,0.345,7.9E-40,2.3E-35,L5/6-CC
RPSA,-0.618163042,1.94E-01,2.94E-01,7.85E-40,2.33E-35,opc
PTMS,-0.559072014,0.28,0.384,7.8E-40,2.3E-35,inb-vip
EME2,-0.574016384,0.239,0.361,7.7E-40,2.3E-35,L5/6-CC
FAM174A,-0.520351594,0.142,0.251,7.6E-40,2.3E-35,inb-sst
AC010280.1,0.803030933,0.334,0.235,7.4E-40,2.2E-35,L5/6
GABARAPL1,-0.55035498,0.416,0.522,7.3E-40,2.2E-35,inb-pv
LINC01331,-0.551475052,0.358,0.375,7.2E-40,2.1E-35,ext
MFSD10,-0.756592614,0.171,0.272,7.1E-40,2.1E-35,inb-pv
RING1,-0.619890035,0.272,0.398,7.1E-40,2.1E-35,L5/6
CPEB2,0.614309017,0.524,0.448,6.5E-40,1.9E-35,inb-pv
NPIPB5,0.568542297,0.367,0.308,6.1E-40,1.8E-35,L4
ILF3-DT,-0.808153057,0.182,0.29,5.9E-40,1.7E-35,L5/6-CC
NAA38,-0.587141501,1.60E-01,2.62E-01,5.82E-40,1.73E-35,opc
PSMC1,-0.701400466,0.213,0.31,5.8E-40,1.7E-35,inb-vip
EEF1A1,-0.529247709,0.676,0.776,5.8E-40,1.7E-35,L5/6-CC
MYL12B,-0.697097418,0.242,0.367,5.7E-40,1.7E-35,L5/6
FAM198B-AS1,-0.524009066,0.253,0.378,5.3E-40,1.6E-35,L5/6-CC
RPL11,-0.579058058,2.39E-01,3.45E-01,5.17E-40,1.54E-35,opc
CCDC130,-0.528856434,0.161,0.275,4.9E-40,1.5E-35,inb-sst
RAN,-0.72718501,0.291,0.418,4.9E-40,1.4E-35,L5/6
SUMO2,-0.599650959,1.85E-01,2.87E-01,4.79E-40,1.42E-35,opc
OSGEP,-0.580118067,0.157,0.27,4.7E-40,1.4E-35,inb-sst
C9orf78,-0.829849969,0.204,0.316,4.0E-40,1.2E-35,L5/6-CC
AP2A1,-0.522335413,0.348,0.462,4.0E-40,1.2E-35,inb-pv
TRIR,-0.724256123,0.19,0.288,3.9E-40,1.2E-35,inb-vip
MCRIP1,-0.705882782,0.205,0.324,3.9E-40,1.1E-35,L5/6
DRAP1,-0.862849102,0.22,0.337,3.8E-40,1.1E-35,L5/6
RPL22,-0.53687054,0.325,0.442,3.8E-40,1.1E-35,inb-pv
CALR,-0.666316577,0.267,0.384,3.7E-40,1.1E-35,L5/6-CC
LPCAT4,-0.569631596,0.445,0.552,3.6E-40,1.1E-35,inb-pv
WNT10B,-0.679662447,0.198,0.312,3.4E-40,1.0E-35,L5/6-CC
NGRN,-0.521538761,0.485,0.606,3.3E-40,9.8E-36,L5/6
NOXA1,-0.695070776,0.266,0.372,3.2E-40,9.6E-36,inb-pv
TRAPPC5,-0.708441029,0.262,0.383,3.1E-40,9.2E-36,L5/6
AC002460.2,0.820362119,0.475,0.387,3.1E-40,9.1E-36,L5/6-CC
PDIA6,-0.768405986,0.224,0.327,3.0E-40,9.0E-36,inb-pv
SNHG29,-0.59191997,0.365,0.496,2.9E-40,8.7E-36,L5/6-CC
COPRS,-0.81687403,0.217,0.337,2.9E-40,8.6E-36,L5/6
SUMO2,-0.579613154,0.341,0.448,2.9E-40,8.6E-36,inb-vip
UQCRB,-0.508437408,2.19E-01,3.30E-01,2.85E-40,8.48E-36,opc
SSU72,-0.541879909,0.372,0.5,2.8E-40,8.4E-36,L5/6-CC
LHFPL6,0.561140992,0.556,0.484,2.7E-40,7.9E-36,L5/6
B3GALNT1,-0.53153298,0.162,0.277,2.6E-40,7.8E-36,inb-sst
EMC7,-0.665419341,0.246,0.365,2.4E-40,7.2E-36,L5/6-CC
CNTLN,0.596739179,0.284,0.225,2.4E-40,7.1E-36,L4
BABAM1,-0.687635636,0.197,0.301,2.3E-40,6.9E-36,inb-pv
MARCKSL1,-0.548648701,0.224,0.322,2.3E-40,6.9E-36,endo
CYP46A1,-0.584380624,0.455,0.572,2.3E-40,6.8E-36,L5/6
ABHD12B,-0.537863639,0.246,0.288,2.3E-40,6.8E-36,L2/3
ERBB4,0.535292421,0.42,0.357,2.3E-40,6.7E-36,L2/3
RPL36,-0.514804921,2.21E-01,3.27E-01,2.18E-40,6.47E-36,opc
TMEM175,-0.572078523,0.244,0.349,2.1E-40,6.2E-36,inb-vip
SLC45A1,-0.625246808,0.202,0.319,2.0E-40,6.1E-36,L5/6-CC
MVD,-0.737951314,0.292,0.415,1.9E-40,5.6E-36,L5/6
NOC2L,-0.536512036,0.264,0.388,1.9E-40,5.6E-36,L5/6-CC
CELF3,-0.572150989,0.262,0.385,1.9E-40,5.6E-36,L5/6-CC
OBSL1,-0.520492215,0.194,0.317,1.8E-40,5.3E-36,inb-sst
FLAD1,-0.750891504,0.161,0.27,1.7E-40,5.1E-36,L5/6-CC
STMN4,-0.516187749,1.91E-01,2.94E-01,1.69E-40,5.02E-36,opc
EVI5L,-0.508172092,0.156,0.269,1.6E-40,4.8E-36,inb-sst
HSP90B1,0.792802085,0.302,0.224,1.5E-40,4.5E-36,micro
RPS8,-0.678228156,0.388,0.507,1.5E-40,4.5E-36,L5/6
PCMT1,-0.54989741,0.529,0.636,1.5E-40,4.3E-36,L5/6
APBB3,-0.517434271,0.246,0.286,1.4E-40,4.2E-36,L2/3
SMDT1,-0.753819569,0.168,0.27,1.4E-40,4.2E-36,inb-pv
TUBB,-0.584499279,0.307,0.41,1.3E-40,3.9E-36,inb-vip
FIS1,-0.742820792,0.235,0.358,1.3E-40,3.9E-36,L5/6
NRBP2,-0.619475215,0.374,0.491,1.3E-40,3.8E-36,L5/6
AC005972.3,-0.517517985,0.246,0.29,1.3E-40,3.8E-36,L2/3
NDUFA7,-0.629005366,0.19,0.294,1.2E-40,3.7E-36,inb-pv
CD63,-0.60678662,2.34E-01,0.338,1.24E-40,3.67E-36,opc
ACTR1B,-0.770910836,0.353,0.474,1.2E-40,3.6E-36,L5/6
MRPL57,-0.731355155,0.238,0.348,1.2E-40,3.5E-36,inb-pv
ATP5PO,-0.674127472,0.281,0.406,1.2E-40,3.4E-36,L5/6
NDUFS2,-0.659619111,0.29,0.393,1.2E-40,3.4E-36,inb-vip
LINC02254,0.591141326,0.328,0.272,1.1E-40,3.3E-36,L4
PRMT1,-0.603918206,0.242,0.352,1.1E-40,3.3E-36,inb-pv
B4GALT5,0.514108107,0.274,0.21,1.1E-40,3.3E-36,ast
TBRG1,-0.530479568,0.367,0.479,1.1E-40,3.3E-36,inb-pv
TRAF5,-0.543831651,0.21,0.329,1.1E-40,3.3E-36,L5/6-CC
RPN2,-0.62872374,0.149,0.259,1.0E-40,3.1E-36,inb-sst
CCT7,-0.700772525,0.158,0.252,1.0E-40,3.0E-36,inb-vip
CRY1,0.508627382,0.314,0.251,9.7E-41,2.9E-36,L4
B4GAT1,-0.641683512,0.351,0.477,9.6E-41,2.9E-36,L5/6
GRID2,0.679834693,0.316,0.222,9.0E-41,2.7E-36,endo
SF3B2,-0.539006264,0.353,0.485,8.8E-41,2.6E-36,L5/6-CC
SLC2A6,-0.8377458,0.195,0.309,8.7E-41,2.6E-36,L5/6
RPS2,-0.518060798,0.342,0.447,8.5E-41,2.5E-36,inb-vip
AF117829.1,0.53285775,0.572,0.486,8.0E-41,2.4E-36,L5/6
RAD23A,-0.702508068,0.207,0.306,7.8E-41,2.3E-36,inb-vip
TRPC6,0.817769984,0.322,0.219,7.8E-41,2.3E-36,L5/6
KCNN1,-0.504448776,0.291,0.419,7.7E-41,2.3E-36,L5/6-CC
HSBP1,-0.753990225,0.234,0.356,7.7E-41,2.3E-36,L5/6
NAPA,-0.67863288,0.277,0.388,7.7E-41,2.3E-36,inb-pv
ZNF580,-0.717864607,0.164,0.272,7.5E-41,2.2E-36,L5/6-CC
SEC14L2,-0.64025027,0.221,0.342,7.2E-41,2.1E-36,L5/6-CC
ZFYVE21,-0.810622423,0.258,0.378,7.0E-41,2.1E-36,L5/6
POLR2E,-0.579408257,0.259,0.38,6.8E-41,2.0E-36,L5/6-CC
ABHD14A,-0.556583092,0.323,0.451,6.8E-41,2.0E-36,L5/6-CC
SUMF2,-0.500590128,0.351,0.48,6.7E-41,2.0E-36,L5/6-CC
HAX1,-0.878719682,0.177,0.292,6.7E-41,2.0E-36,L5/6
UROD,-0.521058111,0.219,0.263,6.6E-41,2.0E-36,L2/3
TMBIM6,-0.520344729,0.397,0.507,6.3E-41,1.9E-36,inb-pv
MLLT11,-0.606659742,0.264,0.371,6.2E-41,1.8E-36,inb-vip
SEMA6B,-0.516305907,0.304,0.431,6.2E-41,1.8E-36,L5/6-CC
UFC1,-0.784598943,0.167,0.275,5.7E-41,1.7E-36,L5/6-CC
SUMO2,-0.597712052,0.375,0.5,5.7E-41,1.7E-36,L5/6
GTF2H2,-0.574203894,0.316,0.44,5.7E-41,1.7E-36,L5/6-CC
PPP1CA,-0.703955962,0.201,0.317,5.6E-41,1.7E-36,L5/6-CC
SLC38A2,0.725664098,0.48,0.406,5.5E-41,1.6E-36,endo
TMEM14A,-0.52471856,0.465,0.582,5.4E-41,1.6E-36,L5/6
EME2,-0.934477766,0.155,0.266,5.4E-41,1.6E-36,L5/6
FXYD7,-0.5859314,0.431,0.553,5.4E-41,1.6E-36,L5/6
STRAP,-0.594192963,0.328,0.44,5.3E-41,1.6E-36,inb-pv
NAT14,-0.777143075,0.213,0.331,5.3E-41,1.6E-36,L5/6
SNX3,-0.65696981,1.92E-01,0.293,4.89E-41,1.45E-36,opc
GRAMD4,-0.5049289,0.346,0.474,4.8E-41,1.4E-36,L5/6-CC
FNDC5,-0.8216687,0.244,0.348,4.8E-41,1.4E-36,inb-pv
ITM2C,-0.780909098,0.616,0.711,4.7E-41,1.4E-36,inb-sv2c
TMED2,-0.792776553,0.169,0.271,4.5E-41,1.3E-36,inb-pv
RBMS3,0.650570708,0.555,0.468,4.3E-41,1.3E-36,L5/6-CC
TPT1,-0.681948384,0.468,0.583,4.2E-41,1.3E-36,L5/6
GIT1,-0.501027872,0.366,0.496,3.7E-41,1.1E-36,L5/6-CC
SGSM3,-0.56739708,0.263,0.366,3.7E-41,1.1E-36,inb-vip
NPDC1,-0.664803971,2.28E-01,0.329,3.67E-41,1.09E-36,opc
RPS9,-0.553790446,0.431,0.554,3.4E-41,1.0E-36,L5/6-CC
HSPE1,-0.612213405,0.303,0.427,3.2E-41,9.6E-37,L5/6-CC
MRI1,-0.578750358,0.264,0.388,3.1E-41,9.3E-37,L5/6-CC
LAMTOR4,-0.739575647,0.191,0.297,3.0E-41,9.0E-37,inb-pv
PPIB,-0.821081541,0.158,0.252,2.8E-41,8.4E-37,inb-vip
PHKG2,-0.664190524,0.217,0.336,2.7E-41,8.2E-37,L5/6-CC
RPL3,-0.670724569,0.499,0.606,2.7E-41,7.9E-37,L5/6
PSMG3,-0.753023803,0.152,0.262,2.5E-41,7.4E-37,L5/6-CC
NEDD8,-0.618464133,0.281,0.389,2.5E-41,7.4E-37,inb-vip
PSD,-0.565677303,0.427,0.551,2.5E-41,7.4E-37,L5/6
SOX2,-0.648841915,1.99E-01,0.3,2.42E-41,7.19E-37,opc
RELL2,-0.915046369,0.207,0.32,2.4E-41,7.1E-37,L5/6
RPS7,-0.545178663,2.24E-01,0.332,2.37E-41,7.05E-37,opc
COMMD2,-0.67135313,0.317,0.443,2.3E-41,6.9E-37,L5/6-CC
AL392023.2,-0.600802267,0.193,0.312,2.3E-41,6.8E-37,L5/6-CC
TOX4,-0.538769257,0.33,0.46,2.2E-41,6.6E-37,L5/6-CC
AL731577.2,0.555805744,0.341,0.281,2.2E-41,6.5E-37,L4
CIAO1,-0.539449725,0.395,0.509,2.0E-41,5.8E-37,inb-pv
ZNF641,-0.603920206,0.331,0.441,2.0E-41,5.8E-37,inb-pv
CAT,-0.583951534,0.151,0.264,1.8E-41,5.4E-37,L5/6-CC
CSPG5,-0.744536683,0.222,0.338,1.8E-41,5.3E-37,L5/6
GSTK1,-0.868778901,0.246,0.365,1.7E-41,5.2E-37,L5/6
TMEM59L,-0.898118545,0.447,0.588,1.7E-41,5.0E-37,inb-sv2c
ATP5MD,-0.671535089,0.436,0.552,1.7E-41,5.0E-37,L5/6
BCAM,-0.660771621,0.217,0.315,1.6E-41,4.9E-37,endo
LMO4,-0.555643327,0.562,0.667,1.6E-41,4.8E-37,L5/6
PEX16,-0.783242084,0.151,0.259,1.6E-41,4.7E-37,L5/6-CC
RAB5IF,-0.69632803,0.174,0.288,1.5E-41,4.6E-37,L5/6-CC
PKM,-0.549801385,0.584,0.684,1.5E-41,4.6E-37,L5/6
RANBP1,-0.936304408,0.183,0.298,1.5E-41,4.5E-37,L5/6
SEC61G,-0.84509323,0.177,0.278,1.5E-41,4.5E-37,inb-pv
SRSF9,-0.893647578,0.206,0.325,1.4E-41,4.1E-37,L5/6
NT5E,-0.770531182,2.01E-01,0.302,1.26E-41,3.74E-37,opc
SH2D3C,-0.5000306,0.256,0.298,1.2E-41,3.6E-37,L2/3
SUMO2,-0.560528957,0.312,0.429,1.2E-41,3.6E-37,inb-pv
TMED2,-0.844057337,0.163,0.258,1.1E-41,3.4E-37,inb-vip
VSNL1,-0.644387883,0.782,0.815,1.1E-41,3.3E-37,inb-sv2c
GNG11,-0.674735393,0.36,0.445,1.1E-41,3.2E-37,endo
DUSP6,-0.682889337,0.172,0.285,1.1E-41,3.2E-37,L5/6-CC
MRPL57,-0.66358285,0.271,0.391,1.1E-41,3.2E-37,L5/6-CC
TIMM17A,-0.789100025,0.191,0.297,1.1E-41,3.1E-37,inb-pv
COL5A3,-0.611231176,0.288,0.417,1.0E-41,3.0E-37,L5/6-CC
SNRNP25,-0.935699355,0.152,0.262,9.7E-42,2.9E-37,L5/6
CUTA,-0.856299828,0.205,0.318,9.6E-42,2.9E-37,L5/6
ZNF302,-0.542100745,0.358,0.474,9.5E-42,2.8E-37,inb-pv
ICMT,-0.738281646,0.189,0.304,9.0E-42,2.7E-37,L5/6-CC
LINC01811,0.521907056,0.518,0.486,8.8E-42,2.6E-37,L4
RPS6KL1,-0.697863748,0.227,0.327,8.8E-42,2.6E-37,inb-vip
DIRC3,0.571056418,0.422,0.326,8.8E-42,2.6E-37,inb-vip
TOMM7,-0.665143,0.308,0.433,8.7E-42,2.6E-37,L5/6
SEZ6L2,-0.524712221,0.562,0.663,8.4E-42,2.5E-37,L5/6
CSPG5,-0.616145085,0.156,0.272,8.2E-42,2.4E-37,inb-sst
NME2,-0.648253811,0.299,0.431,8.1E-42,2.4E-37,L5/6
C9orf16,-0.550503175,0.222,0.324,8.0E-42,2.4E-37,endo
RUNDC3A,-0.677411863,0.348,0.478,7.9E-42,2.3E-37,L5/6
NDUFB2,-0.586308141,0.329,0.454,7.8E-42,2.3E-37,L5/6
ESAM,-0.598197604,0.328,0.423,7.6E-42,2.3E-37,endo
LINC01476,-0.655356954,0.178,0.295,7.5E-42,2.2E-37,L5/6-CC
PODXL2,-0.507950975,0.384,0.514,7.4E-42,2.2E-37,L5/6-CC
BIN2,-0.58758198,0.203,0.295,7.3E-42,2.2E-37,micro
BABAM1,-0.534518003,0.339,0.469,7.3E-42,2.2E-37,L5/6-CC
VARS,-0.550408928,0.213,0.255,7.1E-42,2.1E-37,L2/3
THAP5,-0.560017951,0.216,0.259,7.1E-42,2.1E-37,L2/3
TMED2,-0.62218679,0.259,0.383,7.0E-42,2.1E-37,L5/6-CC
RBIS,-0.616252162,0.274,0.401,6.4E-42,1.9E-37,L5/6-CC
MPG,-0.81991328,0.197,0.315,6.4E-42,1.9E-37,L5/6
RASAL1,-0.73083571,0.23,0.354,6.2E-42,1.8E-37,L5/6
NAALADL2,0.661840815,0.349,0.265,6.1E-42,1.8E-37,micro
PNKP,-0.689843919,0.212,0.33,6.0E-42,1.8E-37,L5/6-CC
EPHA7,0.528471187,0.583,0.515,5.9E-42,1.8E-37,inb-pv
CD81,-0.795270858,0.31,0.435,5.9E-42,1.8E-37,L5/6
LSM3,-0.722521104,0.158,0.27,5.8E-42,1.7E-37,L5/6-CC
NPDC1,-0.876550303,0.474,0.611,5.4E-42,1.6E-37,inb-sv2c
PPP2R5B,-0.695140769,0.232,0.342,5.2E-42,1.5E-37,inb-pv
CDK5RAP3,-0.707689425,0.205,0.306,5.2E-42,1.5E-37,inb-vip
PDXP,-0.729101605,0.22,0.328,5.1E-42,1.5E-37,inb-pv
EFHD2,-0.521763929,0.195,0.32,5.0E-42,1.5E-37,inb-sst
FDPS,-0.692924996,0.262,0.386,4.9E-42,1.4E-37,L5/6
RPS3,-0.54697022,0.423,0.52,4.8E-42,1.4E-37,inb-vip
NDUFA5,-0.543919057,2.05E-01,0.312,4.51E-42,1.34E-37,opc
SPSB3,-0.812503166,0.189,0.293,4.3E-42,1.3E-37,inb-pv
ACAA1,-0.623560313,0.272,0.385,4.2E-42,1.3E-37,inb-pv
MRPL4,-0.785250926,0.195,0.315,4.1E-42,1.2E-37,L5/6
HMGN4,-0.656323715,0.25,0.375,4.0E-42,1.2E-37,L5/6-CC
ARPC5,-0.569339976,0.34,0.47,3.9E-42,1.2E-37,L5/6-CC
SCAND1,-0.59593843,0.203,0.301,3.9E-42,1.1E-37,endo
SNRPA1,-0.549220315,0.154,0.27,3.8E-42,1.1E-37,inb-sst
MZT2A,-0.653489604,0.205,0.315,3.7E-42,1.1E-37,inb-pv
CPNE8,0.52784697,0.287,0.22,3.7E-42,1.1E-37,ast
NRIP3,-0.577467126,0.419,0.523,3.4E-42,1.0E-37,inb-vip
ARL2,-0.802644225,0.151,0.252,3.4E-42,1.0E-37,inb-pv
VPS28,-0.56940689,0.329,0.458,3.3E-42,9.8E-38,L5/6-CC
EMC4,-0.907161079,0.183,0.293,3.3E-42,9.8E-38,L5/6-CC
KCNJ4,-0.688926514,0.216,0.325,3.3E-42,9.8E-38,inb-pv
AC004594.1,0.790316609,0.361,0.26,3.2E-42,9.6E-38,L5/6
RAP1GAP,-0.585694697,2.19E-01,0.324,3.13E-42,9.31E-38,opc
MCRIP1,-0.742738761,0.169,0.267,3.1E-42,9.1E-38,inb-vip
DCTN2,-0.691839863,0.245,0.347,3.0E-42,8.9E-38,inb-vip
METRN,-0.67488264,0.18,0.294,2.9E-42,8.8E-38,L5/6-CC
MZT2B,-0.608515582,1.52E-01,0.254,2.92E-42,8.69E-38,opc
LRATD1,-0.775803742,0.15,0.252,2.8E-42,8.2E-38,inb-pv
KCNIP2,-0.593959833,0.429,0.532,2.7E-42,8.1E-38,inb-pv
NRIP3,-0.602912485,0.412,0.523,2.7E-42,8.0E-38,inb-pv
PDZD7,-0.579286464,0.296,0.424,2.7E-42,8.0E-38,L5/6-CC
ZNF862,-0.500773829,0.383,0.497,2.6E-42,7.7E-38,inb-pv
PNMA1,-0.783278235,0.238,0.364,2.5E-42,7.6E-38,L5/6
PSMB6,-0.964234715,0.145,0.255,2.5E-42,7.4E-38,L5/6
C19orf25,-0.686494043,0.273,0.395,2.4E-42,7.2E-38,L5/6-CC
SNU13,-0.518509526,0.29,0.4,2.4E-42,7.1E-38,inb-vip
SATB2-AS1,-0.513474626,0.23,0.274,2.3E-42,6.7E-38,L2/3
EXTL1,-0.747436035,0.265,0.39,2.2E-42,6.6E-38,L5/6
PRMT1,-0.573783283,0.144,0.258,2.1E-42,6.4E-38,inb-sst
COMMD7,-0.527153424,0.338,0.47,2.1E-42,6.2E-38,L5/6-CC
CRELD2,-0.768975644,0.179,0.295,2.1E-42,6.2E-38,L5/6-CC
MARCKS,-0.565063771,0.229,0.344,2.1E-42,6.2E-38,inb-pv
SYT17,-0.591001267,0.2,0.321,2.1E-42,6.2E-38,L5/6-CC
EIF3K,-0.697262985,0.335,0.466,2.0E-42,5.9E-38,L5/6
PEA15,-0.6317658,0.241,0.353,2.0E-42,5.8E-38,inb-pv
PSMB5,-0.800845897,0.185,0.284,1.9E-42,5.7E-38,inb-vip
WARS2-AS1,0.78729895,0.502,0.415,1.9E-42,5.5E-38,L5/6-CC
ULK3,-0.643538253,0.346,0.456,1.8E-42,5.4E-38,inb-pv
GSTO1,-0.779767187,0.217,0.324,1.8E-42,5.4E-38,inb-pv
TIE1,-0.624340337,0.301,0.401,1.8E-42,5.4E-38,endo
CRYAB,-0.8627662,0.153,0.256,1.8E-42,5.3E-38,inb-pv
NEIL1,-0.645795869,0.332,0.458,1.8E-42,5.2E-38,L5/6
RPS8,-0.534181299,0.404,0.509,1.7E-42,5.0E-38,inb-vip
RDH14,-0.867675568,0.165,0.275,1.6E-42,4.9E-38,L5/6-CC
STAMBPL1,0.599013896,0.627,0.56,1.5E-42,4.5E-38,L5/6-CC
UROS,-0.602600072,0.317,0.445,1.5E-42,4.4E-38,L5/6
ATP5F1D,-0.977095724,0.263,0.448,1.4E-42,4.1E-38,inb-sv2c
CDIPT,-0.670808369,0.193,0.296,1.4E-42,4.0E-38,inb-vip
FAM3C,-0.567354157,0.428,0.524,1.3E-42,4.0E-38,inb-vip
AP003066.1,0.609294368,0.38,0.324,1.3E-42,3.9E-38,L4
FRMD6,0.53933422,0.361,0.299,1.3E-42,3.9E-38,L4
ZNF667-AS1,-0.551177857,0.343,0.475,1.2E-42,3.6E-38,L5/6-CC
LRPAP1,-0.766161422,0.338,0.457,1.2E-42,3.5E-38,L5/6
EGR1,-0.609029845,0.143,0.257,1.2E-42,3.4E-38,L5/6-CC
CHST10,-0.556973798,0.218,0.341,1.2E-42,3.4E-38,L5/6-CC
PRDX1,-0.67163618,0.241,0.354,1.1E-42,3.2E-38,inb-pv
CERS6,0.501069983,0.313,0.246,1.1E-42,3.2E-38,ast
NCAN,-0.534785391,0.316,0.451,1.1E-42,3.2E-38,L5/6-CC
SDR39U1,-0.840853326,0.153,0.262,1.0E-42,3.1E-38,L5/6-CC
TTC9B,-1.231088862,0.221,0.397,1.0E-42,3.1E-38,inb-sv2c
PRPF8,-0.534941874,0.341,0.452,1.0E-42,3.0E-38,inb-pv
SERPINE2,-0.764876263,0.169,0.286,1.0E-42,3.0E-38,L5/6
PDIA2,-0.574304169,0.238,0.37,9.7E-43,2.9E-38,inb-sst
GABARAPL2,-0.742397113,0.341,0.466,9.6E-43,2.9E-38,L5/6
POLR3H,-0.716488746,0.216,0.336,9.3E-43,2.8E-38,L5/6-CC
RGS4,-0.509920308,0.51,0.63,9.0E-43,2.7E-38,L5/6
CAMK2D,0.652853441,0.605,0.538,8.7E-43,2.6E-38,L5/6-CC
LYRM9,-0.501473687,0.166,0.288,7.9E-43,2.4E-38,inb-sst
HSF4,-0.587770768,0.14,0.253,7.8E-43,2.3E-38,inb-sst
MCFD2,-0.547348336,0.158,0.275,7.5E-43,2.2E-38,inb-sst
FAM131A,-0.633515649,0.143,0.257,7.3E-43,2.2E-38,inb-sst
TSPAN17,-0.646253637,0.21,0.333,7.2E-43,2.1E-38,L5/6-CC
NLGN2,-0.719338479,0.141,0.252,7.1E-43,2.1E-38,inb-sst
MEAF6,-0.507043992,0.429,0.555,6.8E-43,2.0E-38,L5/6-CC
CHST9,0.532573657,0.347,0.291,6.7E-43,2.0E-38,L2/3
MRPL34,-0.71950369,0.252,0.375,6.7E-43,2.0E-38,L5/6-CC
SMPD3,-0.564937261,0.145,0.259,6.6E-43,2.0E-38,inb-sst
MORN4,-0.576631833,0.153,0.27,5.9E-43,1.8E-38,inb-sst
TUSC2,-0.866660495,0.151,0.265,5.6E-43,1.7E-38,L5/6
ATP5MC1,-0.731319738,0.282,0.409,5.5E-43,1.6E-38,L5/6
CCDC107,-0.853879357,0.169,0.282,5.5E-43,1.6E-38,L5/6-CC
SRM,-1.145453971,0.307,0.479,5.5E-43,1.6E-38,inb-sv2c
NDUFAB1,-0.73750562,0.203,0.307,5.2E-43,1.6E-38,inb-vip
AMDHD2,-0.568259651,0.24,0.367,5.2E-43,1.5E-38,L5/6-CC
LINC02802,-0.697524524,0.249,0.372,5.1E-43,1.5E-38,L5/6
TECR,-0.738520299,0.241,0.344,4.6E-43,1.4E-38,inb-vip
TXN,-0.558370356,0.173,0.295,4.6E-43,1.4E-38,inb-sst
CCDC175,0.561296943,0.327,0.266,4.5E-43,1.3E-38,L4
NDUFS3,-0.922892586,0.185,0.302,4.4E-43,1.3E-38,L5/6
PHF21B,-0.721343021,0.185,0.294,4.4E-43,1.3E-38,inb-pv
GLRX5,-0.884132838,0.157,0.26,4.1E-43,1.2E-38,inb-pv
SHISA4,-0.92934701,0.154,0.263,4.1E-43,1.2E-38,L5/6-CC
AC106881.1,-0.965176841,0.156,0.264,4.0E-43,1.2E-38,L5/6-CC
NME2,-0.593137538,0.285,0.395,3.9E-43,1.2E-38,inb-vip
HNRNPLL,0.503368877,0.678,0.643,3.8E-43,1.1E-38,L5/6-CC
FOXG1,-0.50187316,0.414,0.546,3.6E-43,1.1E-38,L5/6-CC
PLOD2,0.582591503,0.389,0.332,3.4E-43,1.0E-38,L4
ASIC1,-0.671090824,0.28,0.382,3.4E-43,1.0E-38,inb-vip
PRDX1,-0.614058983,1.81E-01,0.285,3.31E-43,9.85E-39,opc
TMEM14C,-0.947173396,0.163,0.265,3.3E-43,9.7E-39,inb-pv
RPS9,-0.571919363,0.292,0.417,3.2E-43,9.6E-39,inb-pv
SLC25A39,-0.871162713,0.162,0.264,3.2E-43,9.6E-39,inb-pv
ATP5F1B,-0.562469987,2.21E-01,0.33,3.23E-43,9.61E-39,opc
TUBB,-0.553133904,1.78E-01,0.285,3.23E-43,9.61E-39,opc
RDH11,-0.610512164,0.304,0.41,3.2E-43,9.4E-39,inb-vip
EIF4A1,-0.690015773,0.292,0.395,3.0E-43,8.8E-39,inb-vip
TMEM155,-0.74736788,0.185,0.291,3.0E-43,8.8E-39,inb-pv
SPEG,-0.551232037,0.276,0.404,2.9E-43,8.5E-39,L5/6-CC
NDUFC1,-0.702304556,0.27,0.381,2.8E-43,8.3E-39,inb-pv
PTPN13,0.506419933,3.71E-01,3.58E-01,2.60E-43,7.74E-39,oli
HOPX,-0.841568929,0.171,0.29,2.5E-43,7.3E-39,L5/6
PNMA1,-0.86682172,0.204,0.311,2.4E-43,7.3E-39,inb-pv
CAMKK2,-0.550558456,0.462,0.582,2.3E-43,6.8E-39,L5/6
RPL12,-0.652782523,0.245,0.363,2.3E-43,6.8E-39,inb-pv
NGRN,-0.58013638,1.91E-01,0.301,2.22E-43,6.61E-39,opc
MAPK8IP1,-0.530155515,0.291,0.423,2.1E-43,6.4E-39,L5/6-CC
AURKAIP1,-0.611396808,0.234,0.336,2.1E-43,6.2E-39,endo
GLRX5,-0.761224804,0.193,0.31,2.1E-43,6.1E-39,L5/6-CC
MRC2,-0.620015373,0.167,0.256,2.0E-43,6.1E-39,micro
DDX49,-0.728313239,0.152,0.264,2.0E-43,6.0E-39,L5/6-CC
RPS3,-0.565085393,0.491,0.623,2.0E-43,5.9E-39,L5/6-CC
SRSF8,-0.761828677,0.212,0.335,1.8E-43,5.3E-39,L5/6-CC
MIR137HG,0.523755541,0.325,0.277,1.7E-43,5.1E-39,inb
MAP1LC3B,-0.613676124,0.367,0.484,1.7E-43,5.0E-39,inb-pv
MICOS10,-0.693780075,0.348,0.479,1.5E-43,4.5E-39,L5/6
KBTBD12,-0.540775648,0.235,0.336,1.5E-43,4.5E-39,micro
MOGS,-1.084015035,0.143,0.253,1.5E-43,4.3E-39,L5/6
POLR2I,-0.828464267,0.139,0.252,1.4E-43,4.2E-39,L5/6
UNC5D,0.635592085,0.508,0.406,1.3E-43,3.9E-39,L5/6
3-Mar,0.581728113,0.267,0.201,1.3E-43,3.8E-39,ast
FAXDC2,-0.543999932,0.207,0.27,1.3E-43,3.8E-39,ast
IGSF8,-0.640079175,0.336,0.44,1.2E-43,3.7E-39,inb-vip
RNH1,-0.753768356,0.217,0.327,1.2E-43,3.6E-39,inb-pv
CORO7,-0.570773643,0.283,0.414,1.2E-43,3.6E-39,L5/6-CC
MIR9-3HG,-0.608631027,2.77E-01,0.383,1.14E-43,3.39E-39,opc
DPY19L1,0.6874624,0.536,0.452,1.1E-43,3.2E-39,L5/6-CC
DPF1,-0.533779168,0.162,0.282,1.0E-43,3.1E-39,inb-sst
RPL24,-0.527990382,2.39E-01,0.354,1.03E-43,3.05E-39,opc
PDIA6,-0.739759529,0.239,0.343,1.0E-43,3.0E-39,inb-vip
STMN1,-0.798702371,0.631,0.735,9.8E-44,2.9E-39,inb-sv2c
LYRM9,-0.530419949,0.349,0.483,9.8E-44,2.9E-39,L5/6-CC
MAP3K5,0.508239696,0.485,0.381,9.6E-44,2.8E-39,inb-pv
RBFA,-0.534556976,0.211,0.279,9.4E-44,2.8E-39,L4
UNC45A,-0.745423852,0.18,0.28,9.3E-44,2.8E-39,inb-vip
ATP13A2,-0.502497579,0.398,0.499,8.9E-44,2.7E-39,inb-vip
PLCE1,0.60667177,0.483,0.386,8.9E-44,2.6E-39,inb-pv
CACYBP,-0.568368682,0.343,0.478,8.8E-44,2.6E-39,L5/6-CC
CADM4,-0.789978951,0.206,0.305,8.6E-44,2.6E-39,inb-vip
SLC25A3,-0.699828333,1.81E-01,0.285,8.05E-44,2.39E-39,opc
GRID2,0.684030586,0.516,0.446,8.0E-44,2.4E-39,micro
RPL36AL,-0.914833586,0.21,0.333,7.9E-44,2.3E-39,L5/6
HSP90AB1,-0.726464703,0.774,0.832,7.8E-44,2.3E-39,inb-sv2c
PHPT1,-1.054081562,0.144,0.255,7.8E-44,2.3E-39,L5/6
NRGN,-1.048046244,0.418,0.592,7.6E-44,2.2E-39,inb-sv2c
EEF1A2,-0.61902399,0.327,0.427,7.5E-44,2.2E-39,inb-vip
TMEM183A,-0.673761813,0.251,0.375,7.3E-44,2.2E-39,L5/6-CC
LINC02613,0.908107267,0.328,0.223,7.1E-44,2.1E-39,L5/6-CC
SLC25A29,-0.547537862,0.341,0.473,7.1E-44,2.1E-39,L5/6
WSB2,-0.709913806,0.266,0.378,6.9E-44,2.0E-39,inb-pv
LINC01331,-0.771554626,0.332,0.449,6.2E-44,1.8E-39,L5/6-CC
CSPG5,-0.687353101,0.222,0.344,6.1E-44,1.8E-39,L5/6-CC
SEMA5B,-0.553056911,0.3,0.431,6.0E-44,1.8E-39,L5/6-CC
USP54,0.682040326,0.47,0.369,5.6E-44,1.7E-39,L5/6-CC
NRSN2,-0.578707008,0.336,0.467,5.6E-44,1.7E-39,L5/6-CC
PTOV1,-0.653196154,0.142,0.256,5.3E-44,1.6E-39,inb-sst
ARPC3,-0.547812795,0.408,0.54,5.3E-44,1.6E-39,L5/6-CC
ILK,-0.731789306,0.207,0.311,5.2E-44,1.5E-39,inb-vip
SNHG29,-0.66243944,0.287,0.395,4.7E-44,1.4E-39,inb-vip
SELENOS,-0.524698524,0.218,0.263,4.6E-44,1.4E-39,L2/3
TYRO3,-0.647502746,0.4,0.521,4.4E-44,1.3E-39,L5/6
NDUFV1,-0.634835691,2.17E-01,0.324,4.32E-44,1.28E-39,opc
SMIM29,-0.905732592,0.192,0.313,4.1E-44,1.2E-39,L5/6
SSNA1,-0.976655249,0.151,0.265,4.0E-44,1.2E-39,L5/6
SEC11C,-0.919793993,0.209,0.329,4.0E-44,1.2E-39,L5/6
METTL3,-0.645667769,0.23,0.355,4.0E-44,1.2E-39,L5/6-CC
CHRM3-AS2,-0.675471266,0.17,0.291,3.9E-44,1.2E-39,inb-sst
TMTC1,0.531670711,0.418,0.314,3.9E-44,1.2E-39,inb-vip
C1orf43,-0.564870164,0.16,0.279,3.8E-44,1.1E-39,inb-sst
FLYWCH1,-0.638327347,0.184,0.308,3.8E-44,1.1E-39,inb-sst
FMNL1,-0.60788798,0.197,0.32,3.7E-44,1.1E-39,L5/6-CC
MEGF11,1.156333287,0.298,0.199,3.7E-44,1.1E-39,L5/6
ZNF441,-0.68048676,0.207,0.331,3.7E-44,1.1E-39,L5/6-CC
VDAC2,-0.820144474,0.266,0.392,3.4E-44,1.0E-39,L5/6
FARSA,-0.694675378,0.232,0.355,3.2E-44,9.4E-40,L5/6-CC
MTCH1,-0.568676685,0.543,0.654,3.1E-44,9.2E-40,L5/6
ELOB,-0.773530191,0.296,0.421,3.1E-44,9.1E-40,L5/6
MFSD13A,-0.5536926,0.258,0.388,3.0E-44,8.8E-40,L5/6-CC
VGF,-0.703751678,0.268,0.395,2.9E-44,8.7E-40,L5/6-CC
MGLL,-0.503349022,0.503,0.599,2.8E-44,8.4E-40,endo
CCT2,-0.636659551,0.309,0.424,2.7E-44,8.2E-40,inb-pv
PAXX,-0.859501646,0.214,0.336,2.5E-44,7.3E-40,L5/6
MGST3,-0.501413577,0.543,0.625,2.4E-44,7.1E-40,inb-vip
RPL11,-0.702820689,0.405,0.529,2.3E-44,6.9E-40,L5/6
YWHAB,-0.775976649,0.592,0.708,2.2E-44,6.6E-40,inb-sv2c
UQCR10,-0.693663538,1.59E-01,0.263,2.20E-44,6.54E-40,opc
SCG3,-0.515136367,3.60E-01,0.473,2.19E-44,6.50E-40,opc
RPS15A,-0.894672997,0.281,0.407,2.2E-44,6.4E-40,L5/6
COPRS,-0.734711374,0.191,0.301,2.1E-44,6.1E-40,inb-pv
MLLT11,-0.715196544,0.389,0.517,2.0E-44,5.9E-40,L5/6
C7orf50,-0.552465716,0.371,0.491,1.9E-44,5.8E-40,inb-pv
BNIP3,-0.703083909,0.379,0.508,1.9E-44,5.7E-40,L5/6
CERS1,-0.69262261,0.169,0.285,1.9E-44,5.6E-40,L5/6-CC
RER1,-0.643171744,0.316,0.442,1.8E-44,5.5E-40,L5/6-CC
THY1,-0.780598495,0.602,0.711,1.8E-44,5.4E-40,inb-sv2c
PTCH2,-0.527867037,0.203,0.333,1.8E-44,5.3E-40,inb-sst
HSD11B1L,-0.881259519,0.168,0.272,1.8E-44,5.3E-40,inb-pv
DNM1,-0.505168179,0.244,0.347,1.7E-44,5.1E-40,micro
GPR162,-0.707896885,0.305,0.435,1.7E-44,5.1E-40,L5/6
ATP5PF,-0.64198425,1.93E-01,0.303,1.71E-44,5.07E-40,opc
TMTC1,0.609558441,0.66,0.605,1.7E-44,5.1E-40,L5/6-CC
GSK3A,-0.637159267,0.256,0.384,1.7E-44,4.9E-40,L5/6-CC
GRINA,-0.661848411,0.239,0.354,1.6E-44,4.8E-40,inb-pv
AP2M1,-0.974758249,0.421,0.581,1.5E-44,4.6E-40,inb-sv2c
PDIA2,-0.683248051,0.306,0.434,1.5E-44,4.3E-40,L5/6-CC
COX6A1,-0.665250906,0.285,0.397,1.3E-44,4.0E-40,inb-vip
CDK5RAP3,-0.607357786,0.302,0.432,1.3E-44,3.8E-40,L5/6-CC
OS9,-0.505452296,0.164,0.287,1.2E-44,3.6E-40,inb-sst
TXN,-0.831794331,0.205,0.318,1.2E-44,3.5E-40,inb-pv
TAC3,-1.513372146,0.265,0.344,1.1E-44,3.4E-40,inb-vip
ATP6V1F,-0.863867954,0.263,0.391,1.1E-44,3.4E-40,L5/6
SYNGR1,-0.600053354,0.415,0.547,1.1E-44,3.3E-40,L5/6
LRPAP1,-0.822788911,1.62E-01,0.261,1.09E-44,3.25E-40,opc
ACTG1,-0.758503351,0.563,0.686,1.1E-44,3.2E-40,inb-sv2c
BANF1,-0.815536452,0.168,0.284,1.1E-44,3.2E-40,L5/6-CC
HNRNPA1,-0.58018455,0.332,0.466,1.0E-44,3.0E-40,L5/6-CC
PRRC2A,-0.589909007,0.153,0.274,9.8E-45,2.9E-40,inb-sst
FGF1,-0.585803788,0.202,0.321,9.8E-45,2.9E-40,inb-pv
KLHDC3,-0.641077745,0.255,0.371,9.3E-45,2.8E-40,inb-pv
MMP24OS,-0.593820229,0.144,0.262,9.0E-45,2.7E-40,inb-sst
NDUFA6,-0.988956803,0.148,0.258,8.2E-45,2.4E-40,L5/6-CC
FBXL13,0.515080401,0.426,0.373,8.2E-45,2.4E-40,L4
RHOT2,-0.641254964,0.237,0.347,8.0E-45,2.4E-40,inb-vip
S100A6,-0.620479223,0.277,0.412,8.0E-45,2.4E-40,L5/6-CC
GNL1,-0.526601786,0.17,0.295,7.1E-45,2.1E-40,inb-sst
COX17,-0.535685506,0.208,0.256,7.1E-45,2.1E-40,L2/3
SAP18,-0.733422537,0.223,0.332,6.9E-45,2.0E-40,inb-vip
RPL28,-0.59523557,2.31E-01,0.342,6.88E-45,2.04E-40,opc
RPL34,-0.522878062,2.55E-01,0.376,6.82E-45,2.03E-40,opc
TIMM44,-0.587550168,0.277,0.405,6.8E-45,2.0E-40,L5/6-CC
RPL15,-0.621189408,0.52,0.636,6.7E-45,2.0E-40,L5/6
RUSC1,-0.553439192,0.17,0.292,6.5E-45,1.9E-40,inb-sst
PKDCC,-0.92649847,0.185,0.305,6.4E-45,1.9E-40,L5/6
CCS,-0.693181891,0.188,0.289,6.4E-45,1.9E-40,inb-vip
FAM49A,-0.710893971,0.272,0.373,6.3E-45,1.9E-40,micro
RPL28,-0.727928258,0.404,0.528,6.3E-45,1.9E-40,L5/6
PCMT1,-0.581492797,0.396,0.501,5.9E-45,1.8E-40,inb-vip
PCP4L1,-0.892292832,0.18,0.28,5.7E-45,1.7E-40,inb-vip
CNPY2,-0.551939803,0.325,0.436,5.2E-45,1.6E-40,inb-vip
MMAB,-0.720059894,0.179,0.298,5.1E-45,1.5E-40,L5/6-CC
MAPKAPK5-AS1,-0.800835335,0.183,0.301,5.0E-45,1.5E-40,L5/6-CC
B3GAT3,-0.694312008,0.23,0.358,5.0E-45,1.5E-40,L5/6
JPT1,-0.938697584,0.193,0.315,5.0E-45,1.5E-40,L5/6
SLC25A3,-0.518534507,0.165,0.26,4.9E-45,1.5E-40,micro
NFRKB,-0.611231299,0.242,0.369,4.9E-45,1.5E-40,L5/6-CC
MYL6B,-0.780827183,0.313,0.444,4.8E-45,1.4E-40,L5/6
ANAPC11,-0.737944351,0.21,0.332,4.8E-45,1.4E-40,L5/6-CC
UNC45A,-0.78223874,0.257,0.383,4.8E-45,1.4E-40,L5/6
SYNGR3,-0.617621895,0.303,0.413,4.7E-45,1.4E-40,inb-vip
RPS6,-0.649244408,0.282,0.401,4.6E-45,1.4E-40,inb-pv
HOPX,-0.802811857,0.185,0.288,4.5E-45,1.3E-40,inb-vip
RPL23A,-0.985225123,0.225,0.347,4.3E-45,1.3E-40,L5/6
CES4A,-0.799315587,0.207,0.316,4.0E-45,1.2E-40,inb-pv
MED19,-0.923518273,0.154,0.265,3.8E-45,1.1E-40,L5/6-CC
HAGHL,-0.750335711,0.237,0.349,3.8E-45,1.1E-40,inb-pv
PTCH2,-0.744338121,0.309,0.44,3.8E-45,1.1E-40,L5/6
HCFC1R1,-0.918058736,0.207,0.329,3.7E-45,1.1E-40,L5/6
CADM4,-0.765751029,0.237,0.347,3.7E-45,1.1E-40,inb-pv
RPS21,-0.639321849,1.96E-01,0.307,3.52E-45,1.05E-40,opc
IDI1,-0.712872147,0.239,0.368,3.5E-45,1.0E-40,L5/6
RBFA,-0.85742052,0.265,0.388,3.5E-45,1.0E-40,L5/6-CC
SNCB,-0.745357507,0.321,0.456,3.4E-45,1.0E-40,L5/6
RTN2,-0.734182297,0.217,0.342,3.4E-45,1.0E-40,L5/6
CYP51A1,-0.553867606,0.329,0.45,3.2E-45,9.6E-41,inb-pv
ICAM5,-0.846582699,0.162,0.28,3.2E-45,9.6E-41,L5/6
COL20A1,-0.541088645,3.49E-01,0.464,3.12E-45,9.29E-41,opc
AC007376.2,-0.944250646,1.59E-01,0.259,2.98E-45,8.87E-41,opc
RFK,-0.691154242,0.232,0.36,3.0E-45,8.8E-41,L5/6-CC
PLCE1,0.508965519,0.292,0.241,3.0E-45,8.8E-41,inb
ATF6B,-0.609466849,0.315,0.429,2.9E-45,8.7E-41,inb-pv
SSU72,-0.552478752,0.188,0.316,2.9E-45,8.5E-41,inb-sst
GP1BB,-0.558898229,0.309,0.441,2.8E-45,8.5E-41,L5/6-CC
AGT,-0.520800502,0.331,0.392,2.8E-45,8.4E-41,ast
EI24,-0.552790062,0.343,0.483,2.7E-45,8.0E-41,L5/6-CC
IDH2,-0.614262791,0.259,0.389,2.7E-45,8.0E-41,L5/6-CC
NLRP1,-0.553409307,0.199,0.299,2.6E-45,7.8E-41,micro
CAMLG,-0.512447163,0.421,0.558,2.6E-45,7.6E-41,L5/6-CC
DIRAS1,-0.580299737,0.234,0.345,2.4E-45,7.2E-41,inb-vip
CEND1,-0.627075772,0.395,0.528,2.4E-45,7.0E-41,L5/6
CHMP2A,-0.9188117,0.15,0.262,2.3E-45,6.9E-41,L5/6-CC
COPS6,-0.747275179,0.28,0.41,2.3E-45,6.9E-41,L5/6
PA2G4,-0.74560146,0.255,0.379,2.3E-45,6.9E-41,L5/6-CC
WIPF3,0.781453125,0.449,0.342,2.0E-45,5.9E-41,L5/6
APLP1,-0.714796295,1.89E-01,0.298,1.91E-45,5.67E-41,opc
RGS11,-0.678843268,0.297,0.411,1.8E-45,5.5E-41,inb-pv
PKIA,0.512030355,0.287,0.218,1.8E-45,5.3E-41,ast
HCFC1R1,-0.799260827,0.166,0.273,1.8E-45,5.3E-41,inb-pv
PPIA,-0.514347099,2.68E-01,0.384,1.76E-45,5.23E-41,opc
RACK1,-0.537430996,0.423,0.563,1.6E-45,4.8E-41,L5/6-CC
PIP4P1,-0.872423014,0.176,0.294,1.6E-45,4.6E-41,L5/6-CC
ATP6V1G2,-0.865794623,0.264,0.396,1.6E-45,4.6E-41,L5/6
CHID1,-0.777120194,0.158,0.257,1.5E-45,4.6E-41,inb-vip
CALR,-0.787640395,0.219,0.342,1.5E-45,4.6E-41,L5/6
NUDC,-0.736079602,0.257,0.371,1.5E-45,4.5E-41,inb-pv
LINC00672,-0.755920502,0.242,0.367,1.5E-45,4.4E-41,L5/6-CC
DPM2,-0.960308006,0.173,0.288,1.5E-45,4.4E-41,L5/6-CC
FTL,-0.724555892,0.626,0.727,1.5E-45,4.3E-41,inb-sv2c
CD59,-0.714168767,0.26,0.374,1.3E-45,4.0E-41,inb-pv
CX3CL1,-0.631111528,0.159,0.278,1.3E-45,3.9E-41,inb-sst
SLC3A2,-0.723857651,0.231,0.335,1.2E-45,3.6E-41,inb-vip
AC245060.5,0.761047491,0.3,0.237,1.2E-45,3.6E-41,L4
PMM1,-0.888633776,0.17,0.291,1.1E-45,3.4E-41,L5/6
ATXN2L,-0.531307913,0.389,0.52,1.1E-45,3.4E-41,L5/6-CC
RXRB,-0.65879572,0.224,0.35,1.1E-45,3.4E-41,L5/6-CC
SHFL,-0.797239587,0.256,0.384,1.1E-45,3.3E-41,L5/6
ITPKA,-1.055674267,0.153,0.269,1.1E-45,3.3E-41,L5/6
HNRNPA1,-0.535638982,0.222,0.357,1.0E-45,3.1E-41,inb-sst
LAMTOR1,-0.875664926,0.155,0.261,9.4E-46,2.8E-41,inb-pv
DHDDS,-0.59126102,0.15,0.271,9.1E-46,2.7E-41,inb-sst
NDUFB2,-0.581995079,1.69E-01,0.279,8.87E-46,2.64E-41,opc
SELENOM,-0.831978785,0.181,0.301,8.6E-46,2.5E-41,L5/6-CC
GGCT,-0.551693013,0.337,0.476,8.6E-46,2.5E-41,L5/6-CC
HBP1,0.503498708,0.378,0.317,8.5E-46,2.5E-41,L4
PINK1,-0.699410865,0.34,0.474,8.3E-46,2.5E-41,L5/6
VPS51,-0.604999027,0.151,0.271,8.0E-46,2.4E-41,inb-sst
FTL,-0.576293138,0.56,0.663,7.9E-46,2.3E-41,L5/6
ZFAND2B,-0.872124071,0.145,0.261,7.8E-46,2.3E-41,L5/6
CBARP,-0.731103104,0.153,0.269,7.3E-46,2.2E-41,L5/6-CC
RAD23A,-0.923707251,0.259,0.386,7.0E-46,2.1E-41,L5/6
M6PR,-0.626208834,0.288,0.407,7.0E-46,2.1E-41,inb-pv
NAT9,-0.816279357,0.19,0.301,6.9E-46,2.0E-41,inb-pv
HMOX2,-0.539959564,0.136,0.254,6.7E-46,2.0E-41,inb-sst
AARS,-0.62474614,0.367,0.482,6.7E-46,2.0E-41,inb-pv
LINC02232,-0.736688871,0.233,0.355,6.3E-46,1.9E-41,L5/6-CC
METTL26,-0.897051315,0.17,0.273,6.2E-46,1.8E-41,inb-vip
MATR3.1,0.677013898,0.281,0.217,5.4E-46,1.6E-41,L4
COX5A,-0.567485305,0.233,0.342,5.2E-46,1.6E-41,endo
TMEM175,-0.629997192,0.378,0.508,5.0E-46,1.5E-41,L5/6
METRN,-0.523577085,0.322,0.385,4.4E-46,1.3E-41,ast
TAF11,-0.536079977,0.301,0.436,4.3E-46,1.3E-41,L5/6-CC
TMEM132A,-0.745218085,0.211,0.318,4.0E-46,1.2E-41,inb-vip
OLFM1,-0.532309758,2.78E-01,0.394,3.81E-46,1.13E-41,opc
NME1,-0.745449792,0.227,0.352,3.6E-46,1.1E-41,L5/6-CC
FAM214A,0.522475779,0.522,0.428,3.6E-46,1.1E-41,inb-vip
UBL5,-0.755272405,0.248,0.378,3.6E-46,1.1E-41,L5/6
FIS1,-0.659500338,0.21,0.322,3.4E-46,1.0E-41,inb-vip
MGAT4B,-0.696182629,0.205,0.329,3.4E-46,1.0E-41,L5/6-CC
FXYD6,-0.724287776,0.332,0.447,3.4E-46,1.0E-41,inb-pv
MYL6B,-0.647149788,0.279,0.392,3.3E-46,1.0E-41,inb-vip
SQSTM1,-0.568062911,0.407,0.527,3.2E-46,9.4E-42,inb-pv
CCND3,0.507581023,0.446,0.39,2.9E-46,8.5E-42,L4
ACADVL,-0.649109726,0.387,0.515,2.8E-46,8.4E-42,L5/6
YJEFN3,-0.719738024,0.21,0.323,2.8E-46,8.4E-42,inb-pv
SRM,-0.775700373,0.213,0.336,2.7E-46,8.1E-42,L5/6-CC
LAPTM4B,-0.622904648,0.155,0.276,2.7E-46,8.0E-42,inb-sst
PFKM,-0.690428949,0.305,0.425,2.6E-46,7.8E-42,inb-pv
EVI5L,-0.512901218,0.307,0.443,2.6E-46,7.7E-42,L5/6-CC
PLEKHJ1,-0.909815441,0.143,0.26,2.5E-46,7.5E-42,L5/6
CEND1,-0.928247877,0.415,0.591,2.5E-46,7.5E-42,inb-sv2c
AP2S1,-0.771336102,0.156,0.258,2.4E-46,7.1E-42,inb-vip
NRSN2,-0.608259438,0.291,0.408,2.3E-46,6.9E-42,inb-pv
FSCN1,-0.873083717,0.168,0.291,2.1E-46,6.2E-42,L5/6
FOXRED1,-0.536943604,0.368,0.487,2.1E-46,6.1E-42,inb-pv
B2M,-0.502393251,0.425,0.534,2.0E-46,6.1E-42,micro
HIGD1A,-1.09593329,0.152,0.27,2.0E-46,5.9E-42,L5/6
NDUFB4,-0.7047423,0.255,0.373,1.8E-46,5.5E-42,inb-pv
DEGS1,-0.838755936,0.227,0.351,1.6E-46,4.9E-42,L5/6-CC
C3orf80,-0.863060416,0.202,0.324,1.6E-46,4.8E-42,L5/6-CC
PPARG,0.556582617,0.539,0.45,1.6E-46,4.8E-42,inb-pv
GPR37L1,-0.549204716,3.56E-01,0.469,1.58E-46,4.71E-42,opc
EMC3,-0.513707293,0.381,0.52,1.5E-46,4.6E-42,L5/6-CC
PLPPR2,-0.715288007,0.283,0.413,1.5E-46,4.5E-42,L5/6-CC
FSD1,-0.522250895,0.168,0.293,1.5E-46,4.5E-42,inb-sst
UNC45A,-0.716342568,0.232,0.348,1.5E-46,4.4E-42,inb-pv
RPL37,-0.620970172,0.553,0.675,1.4E-46,4.0E-42,L5/6-CC
RIC8A,-0.886806216,0.158,0.275,1.3E-46,4.0E-42,L5/6-CC
MAZ,-0.799445688,0.175,0.297,1.3E-46,3.9E-42,L5/6
SMG5,-0.513443439,0.336,0.471,1.3E-46,3.9E-42,L5/6-CC
C18orf32,-0.711601933,0.289,0.398,1.2E-46,3.5E-42,inb-vip
HMOX2,-0.543765533,0.352,0.494,1.1E-46,3.3E-42,L5/6-CC
HDAC10,-0.505972365,0.295,0.337,1.1E-46,3.3E-42,L2/3
HSPA5,-0.788440964,0.233,0.348,1.1E-46,3.2E-42,inb-pv
LRFN4,-0.802984626,0.176,0.296,1.0E-46,3.1E-42,L5/6-CC
UBE2Q1,-0.541082227,0.199,0.268,1.0E-46,3.1E-42,L4
ATP5IF1,-0.545565853,0.377,0.489,1.0E-46,3.1E-42,inb-vip
COX7C,-0.504901079,0.426,0.535,1.0E-46,3.0E-42,inb-vip
AL583827.1,-0.601475294,0.249,0.386,9.9E-47,2.9E-42,L5/6-CC
AC025839.1,-0.854874307,0.176,0.295,9.8E-47,2.9E-42,L5/6-CC
RPL17,-0.539926653,0.242,0.346,9.1E-47,2.7E-42,micro
MYL12B,-0.780922831,0.223,0.339,9.0E-47,2.7E-42,inb-pv
DUSP14,-0.551152857,0.256,0.3,8.2E-47,2.4E-42,L2/3
PGAM1,-0.750854968,0.312,0.446,8.0E-47,2.4E-42,L5/6
SYNGR3,-0.540403087,0.209,0.343,7.8E-47,2.3E-42,inb-sst
WSB2,-0.682385926,0.339,0.473,7.7E-47,2.3E-42,L5/6
DNAJC19,-0.737368643,0.236,0.353,7.3E-47,2.2E-42,inb-pv
SHARPIN,-0.58919561,0.213,0.259,7.1E-47,2.1E-42,L2/3
MED19,-0.567858601,0.222,0.268,7.1E-47,2.1E-42,L2/3
H1FX,-0.940246728,0.185,0.286,6.4E-47,1.9E-42,inb-vip
KCNV1,-0.53979971,0.338,0.477,6.3E-47,1.9E-42,L5/6-CC
NDUFB4,-0.605613121,0.163,0.288,6.2E-47,1.8E-42,inb-sst
NME1,-0.826361957,0.146,0.252,5.7E-47,1.7E-42,inb-pv
MEIS3,-0.638905902,0.403,0.53,5.6E-47,1.7E-42,L5/6
RRAGA,-0.903355965,0.166,0.274,5.5E-47,1.6E-42,inb-pv
DNAJC8,-0.601710742,0.335,0.475,5.5E-47,1.6E-42,L5/6-CC
PFKM,-0.596248576,0.144,0.263,5.4E-47,1.6E-42,inb-sst
YPEL3,-0.727135249,0.422,0.555,5.3E-47,1.6E-42,L5/6
NDUFA6,-1.02094988,0.153,0.26,5.2E-47,1.5E-42,inb-pv
ELOC,-0.825288844,0.259,0.395,5.2E-47,1.5E-42,L5/6
PLPBP,-0.504647567,0.274,0.318,5.0E-47,1.5E-42,L2/3
SNX3,-0.799788791,0.394,0.521,4.9E-47,1.5E-42,L5/6
PDCD2,-0.69526661,0.187,0.31,4.8E-47,1.4E-42,L5/6-CC
ATP2B1-AS1,-1.015757203,0.219,0.344,4.6E-47,1.4E-42,L5/6
DNAJB9,-0.891456592,0.173,0.293,4.5E-47,1.3E-42,L5/6-CC
NECAP1,-0.607666569,0.273,0.396,4.4E-47,1.3E-42,inb-pv
PINK1,-0.615365155,0.265,0.379,4.1E-47,1.2E-42,inb-vip
PRKCG,-0.66253886,0.36,0.496,3.7E-47,1.1E-42,L5/6
MCRIP1,-0.763633964,0.185,0.3,3.6E-47,1.1E-42,inb-pv
IDI1,-0.750206851,0.22,0.335,3.5E-47,1.1E-42,inb-pv
PLK2,-0.656337525,0.354,0.494,3.4E-47,1.0E-42,L5/6
ZNF862,-0.508294248,0.443,0.581,3.1E-47,9.3E-43,L5/6-CC
SLC25A23,-0.675128833,0.227,0.344,3.1E-47,9.2E-43,inb-pv
NDUFC1,-0.703436981,0.259,0.39,3.0E-47,8.9E-43,L5/6-CC
ATP5MC2,-0.501689527,0.267,0.413,3.0E-47,8.8E-43,inb-sst
PARK7,-0.738095663,0.293,0.426,2.8E-47,8.4E-43,L5/6
KCNQ1OT1,-0.577020099,0.504,0.615,2.7E-47,8.1E-43,L5/6
TUBB2B,-0.533759212,0.253,0.321,2.4E-47,7.3E-43,ast
AAMP,-0.815555811,0.143,0.251,2.4E-47,7.3E-43,inb-pv
CDIPT,-0.61038992,0.274,0.407,2.4E-47,7.2E-43,L5/6-CC
VXN,-0.506922526,0.416,0.559,2.3E-47,6.8E-43,L5/6-CC
FAM168A,0.621291013,0.402,0.315,2.2E-47,6.7E-43,micro
OAZ1,-0.848623406,0.535,0.671,2.2E-47,6.7E-43,inb-sv2c
PLD5,0.607407278,5.38E-01,0.461,2.23E-47,6.62E-43,opc
PDE4C,-0.675264539,0.176,0.3,2.1E-47,6.1E-43,L5/6-CC
PDHB,-0.870280398,0.187,0.308,2.0E-47,5.9E-43,L5/6-CC
MED10,-0.681154834,0.199,0.308,2.0E-47,5.9E-43,inb-vip
CAMKV,-0.657403182,0.334,0.44,2.0E-47,5.9E-43,inb-vip
CADM4,-0.995277228,0.194,0.316,2.0E-47,5.8E-43,L5/6
M6PR,-0.607734564,0.383,0.521,1.9E-47,5.7E-43,L5/6-CC
COX6B1,-0.919064181,0.286,0.42,1.9E-47,5.7E-43,L5/6
NDUFA12,-0.626666003,0.333,0.466,1.8E-47,5.4E-43,L5/6-CC
EMC3,-0.626671794,0.139,0.257,1.8E-47,5.4E-43,inb-sst
NBL1,-0.731942526,0.24,0.37,1.7E-47,5.2E-43,L5/6
SRSF2,-0.552521574,0.239,0.382,1.7E-47,5.0E-43,inb-sst
FBXO2,-0.519752187,0.163,0.29,1.6E-47,4.9E-43,inb-sst
CRADD,0.517757895,0.454,0.404,1.6E-47,4.7E-43,L4
TMEM145,-0.501669318,0.208,0.344,1.6E-47,4.7E-43,inb-sst
CIRBP,-0.53994931,0.571,0.673,1.6E-47,4.6E-43,L5/6
PITHD1,-0.506759645,0.382,0.526,1.4E-47,4.2E-43,L5/6-CC
FGF9,-0.629216144,0.152,0.277,1.4E-47,4.2E-43,inb-sst
UBC,-0.748873781,0.464,0.588,1.3E-47,3.9E-43,L5/6
LINC02646,1.014310897,0.342,0.235,1.3E-47,3.8E-43,L5/6-CC
ORMDL1,-0.572970308,0.49,0.599,1.3E-47,3.8E-43,inb-pv
EEF1B2,-0.747215858,0.184,0.294,1.2E-47,3.6E-43,inb-vip
NDUFS7,-0.64838387,0.298,0.429,1.2E-47,3.4E-43,L5/6-CC
POMP,-0.588996349,0.269,0.392,1.1E-47,3.4E-43,inb-pv
RRP1,-0.543718533,0.205,0.253,1.1E-47,3.3E-43,L2/3
MAP2K2,-0.538826001,0.369,0.509,1.0E-47,3.1E-43,L5/6-CC
SELENOK,-0.862468806,0.181,0.301,9.9E-48,2.9E-43,L5/6-CC
RPL23A,-0.647290396,0.276,0.395,9.9E-48,2.9E-43,inb-vip
SLC9A3R2,-0.595584951,0.41,0.507,9.8E-48,2.9E-43,endo
LSM4,-0.973577959,0.175,0.3,9.7E-48,2.9E-43,L5/6
TMEM155,-0.868495411,0.241,0.375,9.5E-48,2.8E-43,L5/6
POLR2L,-0.780293522,0.145,0.264,9.3E-48,2.8E-43,L5/6-CC
HAPLN4,-0.522507474,0.306,0.349,9.1E-48,2.7E-43,L2/3
VPS9D1,-0.724688302,0.279,0.387,8.9E-48,2.6E-43,inb-vip
BEST3,0.792448022,3.10E-01,0.203,8.83E-48,2.63E-43,opc
PSMB5,-0.60388812,0.154,0.277,8.7E-48,2.6E-43,inb-sst
CDC34,-0.725436279,0.172,0.294,8.6E-48,2.6E-43,L5/6-CC
SLC25A3,-0.718219973,0.38,0.516,7.6E-48,2.2E-43,L5/6
UROS,-0.592774824,0.339,0.461,7.2E-48,2.1E-43,inb-pv
OGG1,-0.617779858,0.28,0.416,7.2E-48,2.1E-43,L5/6-CC
AC040174.1,-0.768068793,0.181,0.304,6.4E-48,1.9E-43,L5/6-CC
VDAC1,-0.573096667,0.385,0.496,6.2E-48,1.8E-43,inb-vip
SELENOW,-0.921654771,0.486,0.653,5.2E-48,1.5E-43,inb-sv2c
DYNLT1,-0.701616515,0.263,0.395,5.1E-48,1.5E-43,L5/6-CC
BOLA3,-0.734806971,0.257,0.388,5.0E-48,1.5E-43,L5/6-CC
IFIT1,-0.889398865,0.167,0.266,4.8E-48,1.4E-43,endo
SMIM10L1,-0.806691947,0.195,0.319,4.8E-48,1.4E-43,L5/6-CC
PSMD7,-0.869140571,0.261,0.396,4.2E-48,1.2E-43,L5/6
TIMM17A,-0.6386823,0.248,0.383,4.1E-48,1.2E-43,L5/6-CC
CDH13,0.64383157,0.404,0.347,4.0E-48,1.2E-43,L4
PSMC1,-0.804383933,0.252,0.371,3.6E-48,1.1E-43,inb-pv
RHOT2,-0.719673541,0.323,0.455,3.5E-48,1.0E-43,L5/6
CYHR1,-0.688917746,0.367,0.499,3.5E-48,1.0E-43,L5/6
MARCKSL1,-0.96768129,0.155,0.276,3.4E-48,1.0E-43,L5/6
CKMT1B,-0.504435047,0.397,0.539,3.4E-48,1.0E-43,L5/6-CC
ATP5PF,-0.710556556,0.375,0.511,3.3E-48,9.9E-44,L5/6
HIST1H4C,-0.89252375,0.172,0.292,3.3E-48,9.8E-44,L5/6-CC
RPS3,-0.544015525,0.381,0.505,3.3E-48,9.8E-44,inb-pv
CBX6,-0.591363409,0.32,0.442,3.2E-48,9.6E-44,inb-pv
SCOC,-0.525120034,0.416,0.563,3.2E-48,9.6E-44,L5/6-CC
IFT27,-0.73637773,0.204,0.332,3.2E-48,9.5E-44,L5/6-CC
SPSB3,-0.857483915,0.169,0.274,2.8E-48,8.5E-44,inb-vip
C19orf53,-0.857202577,0.171,0.293,2.8E-48,8.2E-44,L5/6-CC
RDH11,-0.511332534,0.416,0.557,2.8E-48,8.2E-44,L5/6-CC
TMEM259,-0.562779384,0.357,0.471,2.6E-48,7.6E-44,inb-vip
DDRGK1,-0.505155213,0.43,0.569,2.4E-48,7.1E-44,L5/6-CC
BAG1,-0.911973862,0.14,0.255,2.0E-48,5.8E-44,L5/6-CC
CHCHD10,-0.709757947,0.353,0.49,1.8E-48,5.5E-44,L5/6
SPCS2,-0.501801901,0.509,0.644,1.8E-48,5.3E-44,L5/6-CC
MTCH1,-0.600971772,2.27E-01,0.345,1.75E-48,5.22E-44,opc
C1orf216,-0.753479626,0.209,0.326,1.7E-48,5.1E-44,inb-pv
SLC3A2,-0.525900973,0.155,0.283,1.7E-48,5.0E-44,inb-sst
TMEM134,-0.780111327,0.188,0.314,1.7E-48,5.0E-44,L5/6-CC
UQCRFS1,-0.845901362,0.233,0.364,1.7E-48,4.9E-44,L5/6
LINC00205,-0.79433572,0.247,0.378,1.6E-48,4.7E-44,L5/6-CC
C1orf43,-0.62714032,0.327,0.464,1.6E-48,4.7E-44,L5/6-CC
SSU72,-0.688849578,0.254,0.372,1.5E-48,4.4E-44,inb-pv
ZNF862,-0.653433844,0.162,0.287,1.5E-48,4.3E-44,inb-sst
ZNF883,-0.816245728,0.22,0.354,1.4E-48,4.2E-44,L5/6
AL161772.1,-0.850685682,0.163,0.284,1.4E-48,4.2E-44,L5/6-CC
EXOC7,-0.561989608,0.226,0.366,1.4E-48,4.1E-44,inb-sst
NME9,0.526542125,0.434,0.375,1.2E-48,3.6E-44,L4
RPS23,-0.718108364,0.404,0.533,1.2E-48,3.6E-44,L5/6
SPSB3,-0.742507261,0.25,0.38,1.2E-48,3.6E-44,L5/6-CC
ADAMTS6,-0.573910599,2.13E-01,0.336,1.16E-48,3.45E-44,opc
CHMP4A,-0.833519278,0.226,0.355,1.2E-48,3.4E-44,L5/6-CC
CKMT1A,-0.715102481,0.199,0.328,1.1E-48,3.2E-44,L5/6-CC
VSTM2B,-0.722608284,0.329,0.463,1.1E-48,3.2E-44,L5/6
BAG6,-0.524545793,0.251,0.298,1.0E-48,3.1E-44,L2/3
ARPC5L,-0.85960215,0.169,0.281,1.0E-48,3.0E-44,inb-pv
SSR2,-0.846840387,0.195,0.32,9.8E-49,2.9E-44,L5/6-CC
CHGA,-0.59202923,0.369,0.489,9.8E-49,2.9E-44,inb-pv
SMIM29,-0.908176915,0.157,0.265,9.7E-49,2.9E-44,inb-pv
NOSIP,-0.531936716,0.243,0.291,9.5E-49,2.8E-44,L2/3
COPRS,-0.698418085,0.178,0.287,9.5E-49,2.8E-44,inb-vip
ITPR2,0.621281121,0.648,0.546,9.5E-49,2.8E-44,L5/6
CSAD,-0.503183366,0.263,0.412,8.9E-49,2.7E-44,inb-sst
POLR2K,-0.715892063,0.214,0.344,8.9E-49,2.6E-44,L5/6-CC
CLTB,-0.78113423,0.294,0.432,8.9E-49,2.6E-44,L5/6
AC016042.1,0.539626535,0.456,0.399,8.8E-49,2.6E-44,L4
PIH1D1,-0.74125472,0.212,0.341,8.4E-49,2.5E-44,L5/6-CC
AC008780.1,-0.842976982,0.136,0.257,8.0E-49,2.4E-44,L5/6-CC
ANKRD13D,-0.766397879,0.318,0.455,7.9E-49,2.4E-44,L5/6
PPP2R5B,-0.62880525,0.164,0.291,7.9E-49,2.3E-44,inb-sst
ATP5F1B,-0.613603324,0.424,0.556,7.8E-49,2.3E-44,L5/6
ATP6V1G2,-0.780425304,0.222,0.335,7.5E-49,2.2E-44,inb-vip
LINC02398,0.557270428,0.349,0.284,7.0E-49,2.1E-44,L4
ANTKMT,-0.888712109,0.226,0.355,6.9E-49,2.1E-44,L5/6
MRPL15,-0.551493608,0.215,0.263,6.9E-49,2.1E-44,L2/3
LINC00513,0.520703439,0.729,0.715,6.2E-49,1.8E-44,L5/6-CC
PKDCC,-0.553688466,0.304,0.439,6.1E-49,1.8E-44,L5/6-CC
ENC1,-0.640603408,2.72E-01,0.39,6.09E-49,1.81E-44,opc
COX6A1,-0.839963664,0.277,0.411,6.1E-49,1.8E-44,L5/6
CHSY3,1.407210717,0.28,0.187,5.8E-49,1.7E-44,endo
NDUFB10,-0.54436085,0.16,0.291,5.2E-49,1.5E-44,inb-sst
AC092131.1,-0.848381209,0.169,0.291,5.2E-49,1.5E-44,L5/6-CC
CRTAC1,-0.574753721,0.23,0.372,5.1E-49,1.5E-44,inb-sst
SNCG,-0.514906343,0.435,0.556,5.0E-49,1.5E-44,inb-pv
MYL6,-0.802022675,0.265,0.403,4.9E-49,1.5E-44,L5/6
RPS25,-0.587160173,0.36,0.473,4.7E-49,1.4E-44,inb-vip
ATF6B,-0.502445018,0.393,0.53,4.6E-49,1.4E-44,L5/6-CC
SNX3,-0.63029019,0.186,0.285,4.5E-49,1.3E-44,micro
PTPN13,1.048486333,0.313,0.216,4.1E-49,1.2E-44,endo
BRK1,-0.712334745,0.232,0.355,3.7E-49,1.1E-44,inb-pv
RHBDD2,-0.739026017,0.311,0.447,3.6E-49,1.1E-44,L5/6
SEMA3A,0.674319383,0.585,0.508,3.4E-49,1.0E-44,L5/6-CC
KAT2A,-0.514895546,0.206,0.343,3.4E-49,1.0E-44,inb-sst
PSMB5,-0.811149954,0.213,0.331,3.4E-49,1.0E-44,inb-pv
LAMTOR4,-0.654090711,0.131,0.252,3.1E-49,9.1E-45,inb-sst
SLC35B1,-0.772308418,0.229,0.362,2.8E-49,8.5E-45,L5/6-CC
MZT2B,-0.712468367,0.334,0.475,2.8E-49,8.3E-45,L5/6
CALM3,-0.660187909,0.71,0.795,2.6E-49,7.9E-45,inb-sv2c
BAALC-AS1,0.676584863,0.251,0.183,2.6E-49,7.7E-45,ast
MAP2K2,-0.522898855,0.18,0.313,2.5E-49,7.4E-45,inb-sst
SERF2,-0.546353512,0.171,0.272,2.4E-49,7.2E-45,micro
NUDC,-0.595182404,0.349,0.491,2.2E-49,6.5E-45,L5/6-CC
RNF7,-0.786961029,0.231,0.361,2.2E-49,6.4E-45,L5/6-CC
PIP4K2C,-0.51037255,0.389,0.537,2.0E-49,6.1E-45,L5/6-CC
CA7,-0.512678712,0.226,0.277,2.0E-49,6.1E-45,L2/3
NDUFB1,-0.547973878,0.363,0.49,2.0E-49,5.9E-45,inb-pv
CCDC171,0.549656157,0.539,0.446,1.9E-49,5.8E-45,inb-pv
IGSF11,0.538177054,0.468,0.412,1.9E-49,5.7E-45,L4
TUBG2,-0.718076445,0.265,0.388,1.8E-49,5.3E-45,inb-pv
ZNF302,-0.581969699,0.307,0.422,1.7E-49,5.2E-45,inb-vip
2-Mar,-0.737413038,0.227,0.358,1.7E-49,5.1E-45,L5/6-CC
NDUFS5,-0.614516604,1.94E-01,0.315,1.66E-49,4.94E-45,opc
TAC1,-1.060707172,0.226,0.275,1.6E-49,4.7E-45,inb
FDX2,-0.774871095,0.241,0.377,1.6E-49,4.7E-45,L5/6
AKR1A1,-0.543143131,0.222,0.27,1.5E-49,4.6E-45,L2/3
SRSF9,-0.920091348,0.165,0.269,1.5E-49,4.6E-45,inb-vip
PVT1,0.502344498,0.73,0.687,1.5E-49,4.3E-45,L5/6-CC
USE1,-0.81030896,0.182,0.307,1.5E-49,4.3E-45,L5/6-CC
NEIL1,-0.653533058,0.31,0.433,1.4E-49,4.2E-45,inb-pv
LDHA,-0.860465909,0.347,0.478,1.3E-49,4.0E-45,L5/6
AC138305.1,-0.597787065,0.291,0.43,1.3E-49,3.9E-45,L5/6-CC
RPL35,-0.818211793,0.339,0.475,1.3E-49,3.9E-45,L5/6
CX3CL1,-0.737829531,0.358,0.492,1.3E-49,3.7E-45,L5/6
CDK5,-1.000864436,0.14,0.258,1.2E-49,3.7E-45,L5/6-CC
NUDC,-0.538425249,0.167,0.298,1.2E-49,3.5E-45,inb-sst
AP2M1,-0.672711876,2.05E-01,0.321,1.11E-49,3.29E-45,opc
MRPS26,-0.728613382,0.231,0.352,1.1E-49,3.2E-45,inb-pv
NRGN,-0.551637213,0.559,0.649,1.1E-49,3.2E-45,endo
ABHD14A,-0.74213737,0.252,0.374,1.1E-49,3.1E-45,inb-pv
CD38,-0.608708093,0.21,0.281,1.0E-49,3.0E-45,ast
COL9A2,-0.668925716,3.00E-01,0.414,1.01E-49,3.01E-45,opc
SLC25A4,-1.137425721,0.288,0.479,9.8E-50,2.9E-45,inb-sv2c
MRPS21,-0.645825854,0.34,0.46,9.8E-50,2.9E-45,inb-pv
NCBP2AS2,-0.747793506,0.175,0.302,9.7E-50,2.9E-45,L5/6-CC
DBNDD2,-0.999678667,0.2,0.326,9.7E-50,2.9E-45,L5/6
RPS13,-0.951521031,0.251,0.382,9.0E-50,2.7E-45,L5/6
NAGPA,-0.702802583,0.376,0.515,8.8E-50,2.6E-45,L5/6
SLC25A22,-0.71311737,0.273,0.41,8.8E-50,2.6E-45,L5/6-CC
COA8,-1.039224719,0.146,0.263,8.6E-50,2.6E-45,L5/6-CC
SYT5,-0.815276282,0.16,0.266,8.5E-50,2.5E-45,inb-vip
FDPS,-0.649717002,0.251,0.372,8.5E-50,2.5E-45,inb-pv
DPP4,1.247735413,0.269,0.164,8.4E-50,2.5E-45,L5/6-CC
AL357873.1,-0.598727115,0.223,0.361,8.2E-50,2.4E-45,inb-sst
NT5C3B,-0.706220912,0.245,0.381,8.1E-50,2.4E-45,L5/6-CC
RPLP2,-0.774851115,0.345,0.485,8.1E-50,2.4E-45,L5/6
CCT7,-0.782932762,0.182,0.295,8.0E-50,2.4E-45,inb-pv
RPL7L1,-0.52364055,0.392,0.535,7.7E-50,2.3E-45,L5/6-CC
CNPY2,-0.639348037,0.363,0.503,7.3E-50,2.2E-45,L5/6
TCEA2,-0.678153461,0.256,0.378,7.2E-50,2.1E-45,inb-pv
RNH1,-0.677941534,0.274,0.408,7.0E-50,2.1E-45,L5/6-CC
CHRNA4,-0.846788692,0.171,0.294,6.7E-50,2.0E-45,L5/6-CC
NME2,-0.648858018,1.54E-01,0.267,6.61E-50,1.96E-45,opc
METTL26,-0.548204948,0.13,0.251,6.6E-50,2.0E-45,inb-sst
PDCD6,-0.520522015,0.441,0.581,5.8E-50,1.7E-45,L5/6-CC
SCAND1,-0.782792678,0.159,0.283,5.6E-50,1.7E-45,L5/6-CC
MAP1LC3A,-1.006497186,0.41,0.593,5.6E-50,1.7E-45,inb-sv2c
SYNGR3,-0.601212083,0.348,0.486,5.4E-50,1.6E-45,L5/6-CC
CORT,-2.015481587,0.095,0.267,5.2E-50,1.5E-45,inb-sv2c
AC092535.4,-0.637474879,0.203,0.255,5.0E-50,1.5E-45,L2/3
MXRA7,-0.508083789,0.182,0.317,4.8E-50,1.4E-45,inb-sst
AC005972.3,-0.718942216,0.176,0.305,4.6E-50,1.4E-45,L5/6-CC
CSNK2B,-0.789326277,0.212,0.34,4.3E-50,1.3E-45,L5/6-CC
SLC25A23,-0.612297451,0.315,0.457,4.3E-50,1.3E-45,L5/6
PTPRN,-0.552093634,0.432,0.548,4.1E-50,1.2E-45,inb-pv
EPHB6,-0.711621317,0.399,0.507,4.1E-50,1.2E-45,inb-pv
ABCB8,-0.635678143,0.295,0.434,4.0E-50,1.2E-45,L5/6-CC
AC027031.2,-0.532674692,0.196,0.27,3.6E-50,1.1E-45,L4
ZNF302,-0.509038458,0.505,0.641,3.5E-50,1.1E-45,L5/6-CC
MVD,-0.610550569,0.133,0.254,3.4E-50,1.0E-45,inb-sst
PLXND1,-0.833353802,0.142,0.261,3.2E-50,9.6E-46,L5/6-CC
ING4,-0.667009441,0.141,0.265,3.0E-50,9.0E-46,inb-sst
RPL36,-0.612298645,0.445,0.584,2.8E-50,8.3E-46,L5/6-CC
AL357522.1,0.637968309,0.397,0.304,2.7E-50,8.0E-46,micro
TLE2,-0.734515415,0.248,0.369,2.6E-50,7.7E-46,inb-pv
GSTP1,-0.7076906,0.326,0.424,2.6E-50,7.7E-46,endo
GUSB,-0.667009017,0.282,0.42,2.6E-50,7.6E-46,L5/6-CC
SEPTIN5,-0.948484105,0.155,0.278,2.6E-50,7.6E-46,L5/6
BLOC1S1,-0.785723755,0.21,0.342,2.5E-50,7.5E-46,L5/6-CC
RPS24,-0.599552981,0.464,0.584,2.5E-50,7.5E-46,inb-pv
FBXL15,-0.883409824,0.146,0.252,2.4E-50,7.2E-46,inb-vip
NENF,-0.96732856,0.151,0.255,2.3E-50,6.9E-46,inb-vip
HOOK2,-0.527586351,0.378,0.487,2.2E-50,6.6E-46,inb-vip
FLG-AS1,-0.755271161,0.198,0.336,2.2E-50,6.5E-46,L5/6
MAGEF1,-1.016259192,0.149,0.259,2.1E-50,6.2E-46,inb-pv
MDH2,-0.75489234,0.206,0.327,2.1E-50,6.1E-46,inb-pv
ADGRB2,-0.667599794,0.39,0.523,2.0E-50,6.0E-46,L5/6
ATXN2L,-0.616037481,0.164,0.294,2.0E-50,5.8E-46,inb-sst
KLHDC3,-0.717975773,0.342,0.482,1.9E-50,5.8E-46,L5/6
AC139720.1,0.84327872,0.468,0.358,1.9E-50,5.7E-46,L5/6-CC
ADI1,-1.035152663,0.16,0.279,1.9E-50,5.6E-46,L5/6-CC
SPCS2,-0.640220367,0.377,0.498,1.8E-50,5.4E-46,inb-pv
CABP1,-0.57421288,0.426,0.529,1.8E-50,5.4E-46,inb-vip
NDUFB9,-0.720905667,0.129,0.251,1.8E-50,5.3E-46,inb-sst
UQCRH,-0.558971083,0.402,0.516,1.5E-50,4.5E-46,inb-vip
NDUFAF8,-0.642413627,0.252,0.388,1.5E-50,4.3E-46,L5/6-CC
ZNF354A,-0.717713286,0.255,0.392,1.4E-50,4.0E-46,L5/6-CC
AC084816.1,0.666386158,0.424,0.366,1.3E-50,3.7E-46,L4
AC013652.1,0.604987469,0.37,0.304,1.2E-50,3.7E-46,L4
SCFD2,0.767133503,0.322,0.231,1.2E-50,3.7E-46,micro
ISCU,-0.807781272,0.268,0.382,1.2E-50,3.6E-46,inb-vip
SLC29A4,-0.741766265,0.251,0.363,1.2E-50,3.6E-46,inb-vip
PPDPF,-0.586288803,0.135,0.26,1.2E-50,3.6E-46,inb-sst
DBNDD2,-0.882251282,0.161,0.269,1.2E-50,3.5E-46,inb-vip
NEIL1,-0.757827018,0.132,0.252,1.1E-50,3.2E-46,inb-sst
IGFBP2,-0.848982387,0.195,0.323,1.0E-50,3.0E-46,L5/6-CC
RPS15,-0.709545757,0.451,0.582,9.9E-51,2.9E-46,L5/6
ATP6V0B,-1.093019832,0.421,0.583,9.6E-51,2.9E-46,inb-sv2c
COPS9,-0.635084452,0.226,0.355,9.0E-51,2.7E-46,inb-pv
LPCAT4,-0.675080697,0.361,0.501,8.8E-51,2.6E-46,L5/6
OGFR,-0.701702513,0.297,0.42,7.7E-51,2.3E-46,inb-pv
MZT2B,-0.64932287,0.271,0.392,7.4E-51,2.2E-46,inb-vip
RPL38,-0.848852224,0.313,0.45,7.3E-51,2.2E-46,L5/6
TIMM13,-1.156687134,0.138,0.26,7.1E-51,2.1E-46,L5/6
TMEM160,-0.764028364,0.283,0.422,6.8E-51,2.0E-46,L5/6
NAT9,-0.902610722,0.196,0.326,6.7E-51,2.0E-46,L5/6
RPL27,-0.574242567,0.186,0.325,6.3E-51,1.9E-46,inb-sst
MIF,-0.508070865,0.466,0.615,5.9E-51,1.8E-46,L5/6-CC
CDK5RAP2,0.502898119,0.493,0.439,5.7E-51,1.7E-46,L4
CAMK2N1,-0.653894367,0.485,0.625,5.7E-51,1.7E-46,L5/6
ARF1,-0.612738133,0.399,0.522,5.4E-51,1.6E-46,inb-pv
MXD4,-0.56661227,0.227,0.302,5.3E-51,1.6E-46,L4
ATP5PF,-0.515849526,0.163,0.267,5.3E-51,1.6E-46,micro
TMEM151A,-0.905279862,0.208,0.336,5.1E-51,1.5E-46,L5/6-CC
BSG,-0.571868226,0.349,0.476,5.0E-51,1.5E-46,inb-pv
SAP18,-0.507768267,0.193,0.332,5.0E-51,1.5E-46,inb-sst
WDR18,-0.84912715,0.15,0.273,4.9E-51,1.4E-46,L5/6-CC
LZTR1,-0.708324212,0.238,0.372,4.6E-51,1.4E-46,L5/6-CC
NRN1,-0.580090534,0.234,0.353,4.4E-51,1.3E-46,endo
PRDX5,-0.557003644,0.293,0.41,4.3E-51,1.3E-46,endo
SERF2,-0.858052335,0.262,0.402,3.6E-51,1.1E-46,L5/6
COX6B1,-0.702937792,0.271,0.391,3.5E-51,1.0E-46,inb-vip
CA10,-0.529854994,0.334,0.494,3.4E-51,1.0E-46,L5/6
MAP7D1,-0.553002909,0.223,0.366,3.2E-51,9.6E-47,inb-sst
GABARAP,-0.883610015,0.324,0.463,3.2E-51,9.5E-47,L5/6
RPL32,-0.696962593,0.465,0.593,3.2E-51,9.4E-47,L5/6
MELTF-AS1,-0.968592887,0.152,0.272,3.0E-51,8.9E-47,L5/6-CC
JTB,-0.976543381,0.211,0.343,2.9E-51,8.6E-47,L5/6
MCRS1,-0.505829532,0.288,0.334,2.8E-51,8.4E-47,L2/3
SELENOK,-0.998424224,0.159,0.265,2.8E-51,8.3E-47,inb-vip
PLCG2,-0.528281593,0.262,0.34,2.8E-51,8.2E-47,L4
FEZ1,-0.564620028,0.463,0.577,2.7E-51,8.0E-47,inb-pv
SPCS1,-0.767100721,0.315,0.451,2.5E-51,7.5E-47,L5/6
STMN2,-0.573002543,0.703,0.775,2.5E-51,7.3E-47,L5/6
SPNS1,-0.606444963,0.205,0.254,2.4E-51,7.1E-47,L2/3
PIGZ,-0.526400041,0.412,0.552,2.3E-51,6.7E-47,L5/6-CC
AL603839.3,-0.825785828,0.184,0.311,2.1E-51,6.3E-47,L5/6-CC
EIF5A,-0.512682319,0.234,0.286,2.1E-51,6.3E-47,L2/3
HDHD5,-0.523982144,0.214,0.291,2.0E-51,5.9E-47,L4
TMTC1,0.885637789,0.565,0.381,2.0E-51,5.9E-47,inb-sv2c
RPL24,-0.608554444,0.492,0.629,1.9E-51,5.8E-47,L5/6-CC
TMEM141,-0.930952391,0.144,0.266,1.9E-51,5.8E-47,L5/6-CC
JTB,-0.882085291,0.177,0.287,1.9E-51,5.7E-47,inb-vip
RPL35A,-0.808306452,1.74E-01,0.29,1.87E-51,5.56E-47,opc
SPATA33,-0.513964284,0.257,0.305,1.8E-51,5.4E-47,L2/3
UQCRC1,-0.605957715,0.167,0.299,1.8E-51,5.3E-47,inb-sst
COPRS,-0.713225248,0.259,0.399,1.6E-51,4.6E-47,L5/6-CC
MRPS26,-0.589092896,0.304,0.45,1.5E-51,4.6E-47,L5/6-CC
YIF1B,-0.612699717,0.213,0.261,1.5E-51,4.6E-47,L2/3
AGPAT1,-0.70565216,0.243,0.38,1.4E-51,4.1E-47,L5/6-CC
PHPT1,-0.806357898,0.176,0.305,1.4E-51,4.1E-47,L5/6-CC
VPS28,-0.713876735,0.268,0.394,1.4E-51,4.1E-47,inb-pv
NDUFB3,-1.115111076,0.169,0.29,1.4E-51,4.1E-47,L5/6-CC
NECAP1,-0.635708711,0.154,0.284,1.3E-51,3.9E-47,inb-sst
UQCRH,-0.629657272,2.06E-01,0.329,1.28E-51,3.80E-47,opc
CCDC85B,-1.048243252,0.34,0.543,1.3E-51,3.7E-47,inb-sv2c
PIGQ,-0.501859546,0.363,0.508,1.2E-51,3.6E-47,L5/6-CC
STMN3,-0.631881244,0.478,0.609,1.2E-51,3.5E-47,L5/6
TAF9,-0.571396445,0.245,0.293,1.2E-51,3.4E-47,L2/3
RNF187,-0.744494992,0.198,0.312,1.1E-51,3.4E-47,inb-vip
ZNF428,-0.860397662,0.239,0.374,1.1E-51,3.4E-47,L5/6
AK1,-0.79297096,0.176,0.294,1.0E-51,3.0E-47,inb-pv
TMA7,-0.696404647,0.387,0.531,9.3E-52,2.8E-47,L5/6
FDPS,-0.732270082,0.228,0.342,8.7E-52,2.6E-47,inb-vip
RPL21,-0.743213895,0.226,0.344,8.65E-52,2.57E-47,opc
HOPX,-0.548909813,0.49,0.629,8.5E-52,2.5E-47,L5/6-CC
DENND6B,-0.529116179,0.39,0.532,8.5E-52,2.5E-47,L5/6-CC
DIPK1B,-0.78256982,0.231,0.351,8.4E-52,2.5E-47,inb-pv
STARD4-AS1,-0.569612309,0.335,0.485,7.8E-52,2.3E-47,L5/6-CC
SRM,-0.929151985,0.164,0.277,7.5E-52,2.2E-47,inb-pv
ZNF428,-0.786553599,0.196,0.317,7.4E-52,2.2E-47,inb-pv
ROGDI,-0.81165961,0.207,0.329,7.3E-52,2.2E-47,inb-pv
ACAT2,-0.973318356,0.148,0.253,6.9E-52,2.1E-47,inb-vip
GFOD2,-0.501221114,0.208,0.284,6.9E-52,2.1E-47,L4
TP53I11,-0.94492126,0.186,0.294,6.4E-52,1.9E-47,inb-vip
PLCG2,-0.567713849,0.232,0.296,6.3E-52,1.9E-47,inb
NDUFS8,-0.833732347,0.182,0.294,5.5E-52,1.6E-47,inb-vip
FXYD1,-0.802423789,0.203,0.332,5.5E-52,1.6E-47,L5/6-CC
RPS21,-0.811994745,0.345,0.485,5.4E-52,1.6E-47,L5/6
AC016831.1,0.619027757,0.286,0.219,5.2E-52,1.5E-47,L4
CHRD,-0.593077641,0.454,0.564,4.7E-52,1.4E-47,inb-pv
GADD45GIP1,-0.910204534,0.141,0.254,4.6E-52,1.4E-47,inb-pv
VPS9D1,-0.684362386,0.396,0.533,4.4E-52,1.3E-47,L5/6
RPL18A,-0.563967394,0.403,0.552,4.4E-52,1.3E-47,L5/6-CC
PAGR1,-0.515244254,0.202,0.279,4.3E-52,1.3E-47,L4
SNAI3-AS1,-0.56228454,0.29,0.435,4.2E-52,1.3E-47,L5/6-CC
HRAS,-0.964831019,0.15,0.277,4.0E-52,1.2E-47,L5/6
FXYD1,-0.525272352,0.292,0.361,3.9E-52,1.1E-47,ast
ISCU,-0.787806028,0.289,0.43,3.8E-52,1.1E-47,L5/6
ABLIM1,0.805151877,3.16E-01,0.205,3.77E-52,1.12E-47,opc
LY6E,-0.609904463,0.389,0.489,3.7E-52,1.1E-47,endo
MLLT11,-0.622421432,1.48E-01,0.266,3.64E-52,1.08E-47,opc
PSMB5,-0.610830538,0.329,0.475,3.6E-52,1.1E-47,L5/6-CC
CYP46A1,-0.569406083,0.441,0.562,3.4E-52,1.0E-47,inb-pv
ACTR1B,-0.535768363,0.441,0.591,3.4E-52,1.0E-47,L5/6-CC
COPS7A,-0.837220785,0.216,0.348,3.2E-52,9.6E-48,L5/6-CC
UQCRB,-0.563828349,0.484,0.63,3.2E-52,9.6E-48,L5/6-CC
SGSM3,-0.567710121,0.351,0.495,3.2E-52,9.4E-48,L5/6-CC
ATP5PD,-0.577178588,0.155,0.287,3.1E-52,9.3E-48,inb-sst
SNHG7,-0.59925955,0.296,0.437,3.1E-52,9.3E-48,L5/6-CC
NT5C3B,-0.860898027,0.193,0.314,3.1E-52,9.3E-48,inb-pv
COPS8,-0.614090712,0.302,0.446,3.1E-52,9.3E-48,L5/6-CC
COPE,-0.621505129,0.148,0.275,3.0E-52,8.8E-48,inb-sst
ZSCAN18,-0.68114342,0.294,0.41,2.9E-52,8.8E-48,inb-vip
PTS,-0.577307718,0.193,0.333,2.8E-52,8.4E-48,inb-sst
PSMC5,-0.846299984,0.196,0.307,2.6E-52,7.8E-48,inb-vip
RCN2,-0.512334875,0.483,0.628,2.5E-52,7.6E-48,L5/6-CC
RAP1GAP,-0.525745626,0.666,0.744,2.5E-52,7.4E-48,L5/6
MFSD10,-0.776806698,0.255,0.393,2.5E-52,7.4E-48,L5/6
SLC25A23,-0.657657903,0.167,0.298,2.4E-52,7.3E-48,inb-sst
RPLP1,-0.50713569,0.489,0.6,2.4E-52,7.1E-48,inb-vip
PRKCG,-0.598019338,0.363,0.503,2.3E-52,6.7E-48,L5/6-CC
EMC7,-0.973132024,0.169,0.285,2.2E-52,6.4E-48,inb-pv
B2M,-0.569079612,0.239,0.386,2.1E-52,6.4E-48,inb-sst
OLFM2,-0.788236558,0.165,0.295,2.1E-52,6.3E-48,L5/6-CC
NRSN2,-0.602572743,0.197,0.334,2.1E-52,6.3E-48,inb-sst
DIPK1B,-0.551498823,0.258,0.305,2.0E-52,6.0E-48,L2/3
NEDD8,-0.795446941,1.41E-01,0.253,1.97E-52,5.85E-48,opc
SLC44A2,-0.689230973,0.276,0.416,1.8E-52,5.3E-48,L5/6-CC
RPL27,-0.724669107,0.247,0.376,1.8E-52,5.2E-48,inb-pv
PPARG,0.531571922,0.337,0.285,1.7E-52,5.2E-48,inb
ITM2C,-0.627987826,3.82E-01,0.501,1.54E-52,4.57E-48,opc
NBL1,-0.893655002,0.184,0.303,1.5E-52,4.5E-48,inb-pv
AHNAK2,-0.913180117,0.158,0.283,1.5E-52,4.4E-48,L5/6-CC
FXYD7,-0.782711852,0.213,0.33,1.5E-52,4.4E-48,inb-vip
SYNGR1,-0.601941859,0.412,0.533,1.4E-52,4.2E-48,inb-pv
NDUFB1,-0.517605778,0.376,0.525,1.4E-52,4.1E-48,L5/6-CC
MYL12B,-0.608959634,0.158,0.292,1.3E-52,3.8E-48,inb-sst
PSMD7,-0.697256848,0.256,0.381,1.2E-52,3.7E-48,inb-pv
SLC9A3-AS1,-0.92765917,0.14,0.262,1.2E-52,3.6E-48,L5/6-CC
PNMA1,-0.751081488,0.136,0.26,1.2E-52,3.6E-48,inb-sst
ATP6V0D1,-0.773980442,0.321,0.461,1.1E-52,3.3E-48,L5/6
MIF,-0.642153107,0.394,0.512,1.0E-52,3.1E-48,inb-vip
FAM153B,-0.549107297,0.584,0.674,1.0E-52,3.1E-48,L5/6
ATXN7L3B,-0.713344067,0.193,0.33,1.0E-52,3.0E-48,inb-sst
ZYX,-0.591409807,0.402,0.547,1.0E-52,3.0E-48,L5/6-CC
LINC00551,1.008292401,0.297,0.185,1.0E-52,3.0E-48,L5/6
PEBP1,-0.744318307,0.727,0.805,9.8E-53,2.9E-48,inb-sv2c
CNIH2,-1.177094621,0.194,0.325,9.3E-53,2.8E-48,L5/6
NDUFA3,-0.793044381,0.265,0.402,9.0E-53,2.7E-48,L5/6-CC
SCG3,-0.600221954,0.516,0.595,8.7E-53,2.6E-48,inb-vip
BTF3,-0.705996177,0.303,0.447,8.4E-53,2.5E-48,L5/6-CC
RPS5,-0.610004791,0.3,0.45,8.3E-53,2.5E-48,L5/6-CC
COA3,-1.056309038,0.138,0.259,7.9E-53,2.4E-48,L5/6-CC
CHCHD10,-0.689726136,0.237,0.355,7.6E-53,2.3E-48,inb-vip
SYNGR1,-0.548661413,0.452,0.593,7.1E-53,2.1E-48,L5/6-CC
STK32C,-0.545080169,0.458,0.6,7.0E-53,2.1E-48,L5/6-CC
FOXRED1,-0.583841534,0.167,0.3,6.2E-53,1.8E-48,inb-sst
NDUFA3,-0.574242646,0.159,0.294,6.0E-53,1.8E-48,inb-sst
SHTN1,0.501573902,0.577,0.51,6.0E-53,1.8E-48,micro
DNAJA1,-0.672666938,0.317,0.436,5.8E-53,1.7E-48,inb-vip
ZFAND2B,-0.874793864,0.182,0.312,5.6E-53,1.7E-48,L5/6-CC
RPL21,-0.527322738,0.242,0.356,5.3E-53,1.6E-48,micro
SPCS2,-0.516959219,0.3,0.456,5.2E-53,1.6E-48,inb-sst
RPL29,-0.67450672,0.347,0.488,5.1E-53,1.5E-48,L5/6
NIPSNAP1,-0.506301152,0.216,0.292,5.0E-53,1.5E-48,L4
POLR2I,-0.996929485,0.186,0.313,4.6E-53,1.4E-48,L5/6-CC
CNPY2,-0.581142358,0.352,0.483,4.5E-53,1.3E-48,inb-pv
TRIM17,-0.565949101,0.226,0.278,4.4E-53,1.3E-48,L2/3
TKT,-0.748731347,0.275,0.4,4.2E-53,1.3E-48,inb-pv
TUBB,-0.645786001,0.266,0.399,4.1E-53,1.2E-48,inb-pv
POLR2E,-0.789500559,0.173,0.293,4.0E-53,1.2E-48,inb-pv
ADAMTS16,0.731374507,0.293,0.225,3.9E-53,1.2E-48,L4
AC027031.2,-0.7174587,0.14,0.263,3.9E-53,1.2E-48,inb-sst
RPS6,-0.719336856,0.373,0.516,3.9E-53,1.1E-48,L5/6-CC
ARPC3,-0.604570913,0.191,0.332,3.7E-53,1.1E-48,inb-sst
EID2B,-0.547566278,0.233,0.283,3.7E-53,1.1E-48,L2/3
AC092683.1,-0.51704163,0.461,0.611,3.7E-53,1.1E-48,L5/6-CC
SELENOH,-0.82810531,0.334,0.475,3.6E-53,1.1E-48,L5/6
HSP90AB1,-0.610530189,0.736,0.81,3.5E-53,1.0E-48,L5/6
PLCG2,-0.842051615,0.166,0.294,3.3E-53,9.8E-49,inb-sst
FAM149A,-0.577149807,0.253,0.303,3.3E-53,9.7E-49,L2/3
TBCB,-0.792303062,0.207,0.332,3.2E-53,9.5E-49,inb-pv
MIR100HG,0.603522233,0.493,0.388,3.2E-53,9.4E-49,endo
RSL1D1,-0.541450794,0.195,0.27,3.0E-53,9.0E-49,L4
AC087564.1,-0.592393494,0.231,0.344,2.9E-53,8.7E-49,micro
MMAB,-0.600299438,0.205,0.256,2.8E-53,8.4E-49,L2/3
RPS12,-0.686509861,1.90E-01,0.313,2.74E-53,8.15E-49,opc
GIPC1,-0.573881618,0.198,0.342,2.7E-53,8.0E-49,inb-sst
ITPR2,0.729700117,0.46,0.35,2.6E-53,7.8E-49,inb-pv
NDUFB10,-0.794199999,0.191,0.31,2.3E-53,6.9E-49,inb-vip
HOPX,-0.582897951,0.28,0.402,2.3E-53,6.8E-49,endo
LAMTOR1,-0.93935487,0.194,0.326,2.2E-53,6.6E-49,L5/6-CC
NDUFB5,-0.884076407,0.209,0.323,2.2E-53,6.6E-49,inb-vip
FBXO2,-0.656459632,0.255,0.383,2.1E-53,6.4E-49,inb-pv
SH3RF3,0.594127174,0.618,0.592,2.1E-53,6.2E-49,micro
RPS19BP1,-0.718935863,0.147,0.265,2.1E-53,6.2E-49,inb-pv
TUBB3,-0.633452248,0.177,0.291,2.0E-53,5.8E-49,endo
KIF21B,-0.646491494,0.311,0.454,2.0E-53,5.8E-49,L5/6-CC
ZNF302,-0.515331071,0.228,0.376,1.8E-53,5.3E-49,inb-sst
ATP5MPL,-0.668481812,1.88E-01,0.312,1.70E-53,5.07E-49,opc
RAB26,-0.737162479,0.273,0.397,1.6E-53,4.8E-49,inb-pv
TNNI3K,0.520462987,0.301,0.244,1.6E-53,4.8E-49,inb
RNF126,-0.740735993,0.249,0.386,1.6E-53,4.7E-49,L5/6-CC
CRIP2,-1.059802621,0.187,0.322,1.5E-53,4.4E-49,L5/6
E2F4,-0.513980787,0.267,0.316,1.4E-53,4.1E-49,L2/3
SARAF,-0.759982511,0.706,0.775,1.4E-53,4.1E-49,inb-sv2c
ADAMTSL1,0.570713773,0.778,0.73,1.3E-53,3.9E-49,L5/6
SLC29A4,-0.78857223,0.183,0.305,1.3E-53,3.9E-49,inb-pv
SNRPA1,-0.576852598,0.36,0.505,1.3E-53,3.8E-49,L5/6-CC
MOAP1,-0.748574189,0.364,0.509,1.2E-53,3.6E-49,L5/6
PRELID1,-1.012367809,0.159,0.286,1.2E-53,3.6E-49,L5/6
C7orf50,-0.537534542,0.233,0.384,1.2E-53,3.4E-49,inb-sst
FKBP8,-0.749320594,0.358,0.501,1.1E-53,3.4E-49,L5/6
PTS,-0.61362306,0.363,0.51,1.1E-53,3.4E-49,L5/6-CC
MIR137HG,0.646087445,0.421,0.311,1.1E-53,3.4E-49,inb-vip
ATF4,-0.838918158,0.177,0.296,1.1E-53,3.3E-49,inb-pv
HAX1,-0.801570114,0.177,0.298,1.1E-53,3.2E-49,inb-pv
AC025159.1,0.66340652,0.685,0.632,1.1E-53,3.2E-49,L5/6-CC
ABCF1,-0.50970171,0.195,0.272,1.1E-53,3.2E-49,L4
RPL22,-0.547535961,0.476,0.625,1.1E-53,3.2E-49,L5/6-CC
TUBA1A,-1.204132063,0.42,0.589,1.1E-53,3.1E-49,inb-sv2c
DCTN3,-0.854823664,0.149,0.259,1.1E-53,3.1E-49,inb-vip
MPG,-0.884246013,0.145,0.254,1.0E-53,3.1E-49,inb-vip
ABHD8,-0.583353211,0.337,0.485,1.0E-53,3.0E-49,L5/6-CC
STX10,-0.820331716,0.216,0.351,8.9E-54,2.6E-49,L5/6-CC
ARF5,-0.852987743,0.225,0.362,8.5E-54,2.5E-49,L5/6
SET,-0.777110078,1.61E-01,0.276,8.18E-54,2.43E-49,opc
RPL6,-0.544041067,0.24,0.355,7.8E-54,2.3E-49,micro
KLF6,-0.511877752,0.224,0.305,7.8E-54,2.3E-49,L4
RPL26,-0.502898722,0.3,0.419,7.6E-54,2.3E-49,micro
DIRAS1,-0.551793473,0.35,0.505,7.5E-54,2.2E-49,L5/6-CC
FDX2,-0.719565945,0.197,0.323,7.4E-54,2.2E-49,inb-pv
LAPTM4B,-0.750342274,0.26,0.378,6.9E-54,2.1E-49,inb-vip
MIR4300HG,0.540304156,0.495,0.427,6.7E-54,2.0E-49,ast
KDELR1,-0.955687888,0.166,0.277,6.6E-54,2.0E-49,inb-vip
TMEM151B,-0.629631728,0.189,0.329,6.4E-54,1.9E-49,inb-sst
MLF2,-0.662268762,0.285,0.408,6.4E-54,1.9E-49,inb-vip
DCC,0.544571552,0.505,0.457,5.5E-54,1.6E-49,L2/3
PTGES2,-0.857630487,0.147,0.258,5.4E-54,1.6E-49,inb-vip
ATP5F1A,-0.614907846,0.447,0.57,5.4E-54,1.6E-49,inb-pv
PSMC1,-0.563596834,0.36,0.512,5.2E-54,1.6E-49,L5/6-CC
TECR,-0.582958328,0.171,0.307,4.9E-54,1.5E-49,inb-sst
SNRNP25,-0.899713641,0.193,0.325,4.8E-54,1.4E-49,L5/6-CC
KIF13B,0.896538554,0.424,0.31,4.8E-54,1.4E-49,L5/6-CC
ZDHHC22,-0.526675035,0.22,0.298,4.6E-54,1.4E-49,L4
NOL12,-0.562195133,0.248,0.298,4.1E-54,1.2E-49,L2/3
NDUFA11,-0.53751654,0.166,0.303,4.0E-54,1.2E-49,inb-sst
ELOC,-0.643215177,0.145,0.277,3.7E-54,1.1E-49,inb-sst
NDUFA13,-0.746957754,0.423,0.562,3.7E-54,1.1E-49,L5/6
FOXRED1,-0.559941998,0.404,0.555,3.7E-54,1.1E-49,L5/6-CC
RGS11,-0.517888477,0.205,0.351,3.6E-54,1.1E-49,inb-sst
YWHAH,-0.996298576,0.538,0.689,3.6E-54,1.1E-49,inb-sv2c
PRKAG2-AS1,-0.843853924,0.248,0.387,3.6E-54,1.1E-49,L5/6-CC
CHCHD2,-0.876414684,0.356,0.5,3.5E-54,1.0E-49,L5/6
FGF1,-0.577788938,0.158,0.294,3.4E-54,1.0E-49,inb-sst
GABARAPL2,-0.776813658,0.196,0.315,3.38E-54,1.01E-49,opc
UBA6-AS1,0.534660526,0.779,0.759,3.3E-54,9.7E-50,L5/6-CC
ATP13A2,-0.540112554,0.452,0.58,3.1E-54,9.3E-50,inb-pv
NDUFC2,-0.761007853,0.181,0.3,3.05E-54,9.06E-50,opc
PSMD8,-0.838047215,0.227,0.368,2.9E-54,8.6E-50,L5/6
NAP1L5,-0.646891477,0.173,0.311,2.7E-54,8.0E-50,inb-sst
POT1-AS1,0.600736564,0.391,0.327,2.7E-54,7.9E-50,L4
PPA1,-0.622770139,0.388,0.52,2.6E-54,7.8E-50,inb-pv
AC106793.1,0.542445209,0.47,0.411,2.6E-54,7.6E-50,L4
RPL5,-0.686157007,0.25,0.376,2.48E-54,7.38E-50,opc
TIMM8B,-1.048337081,0.152,0.277,2.3E-54,6.9E-50,L5/6-CC
UQCR11,-0.666441263,0.24,0.365,2.3E-54,6.8E-50,inb-vip
LRGUK,-0.748955731,0.26,0.402,2.1E-54,6.3E-50,L5/6-CC
ATP5ME,-0.641924473,1.94E-01,0.32,2.10E-54,6.23E-50,opc
SOD1,-0.644065091,0.397,0.516,2.1E-54,6.2E-50,inb-vip
NDUFS7,-0.63083923,0.151,0.284,2.0E-54,6.1E-50,inb-sst
DNAJC19,-0.6656183,0.298,0.442,2.0E-54,6.1E-50,L5/6-CC
SOX1-OT,-0.688001098,0.173,0.309,2.0E-54,6.0E-50,inb-sst
LAMA4,0.712825952,0.285,0.215,1.9E-54,5.8E-50,L4
TUBB,-0.523047667,0.182,0.291,1.9E-54,5.7E-50,micro
RPL35A,-0.647054606,0.378,0.496,1.9E-54,5.7E-50,inb-vip
CDK5RAP3,-0.890272372,0.281,0.426,1.8E-54,5.4E-50,L5/6
PRR7,-0.795825294,0.192,0.326,1.8E-54,5.2E-50,L5/6-CC
CENPT,-1.006638195,0.24,0.378,1.7E-54,5.1E-50,L5/6
MYL6,-0.552402619,0.186,0.259,1.7E-54,5.1E-50,ast
EEF1B2,-1.09705859,0.195,0.329,1.7E-54,5.1E-50,L5/6
LINC01322,0.50506673,0.609,0.588,1.7E-54,5.1E-50,L4
CLTB,-0.732963228,0.24,0.36,1.7E-54,4.9E-50,inb-vip
MICOS10,-0.690208728,0.368,0.497,1.6E-54,4.8E-50,inb-pv
TXN,-0.623186297,0.353,0.502,1.6E-54,4.7E-50,L5/6-CC
HLA-C,-1.247140887,0.151,0.257,1.55E-54,4.60E-50,opc
RPUSD3,-0.606200436,0.224,0.275,1.5E-54,4.5E-50,L2/3
GABRB1,0.665582488,0.537,0.44,1.52E-54,4.51E-50,opc
MCRS1,-0.529523607,0.182,0.258,1.5E-54,4.4E-50,L4
ATP6V1G1,-0.540980922,0.2,0.347,1.2E-54,3.6E-50,inb-sst
EEF1G,-0.650269507,0.255,0.378,1.2E-54,3.5E-50,inb-vip
FKBP5,1.113001929,0.312,0.2,1.1E-54,3.3E-50,L5/6
EEF2,-0.673821542,0.294,0.424,1.1E-54,3.2E-50,inb-pv
UBL5,-0.715280948,1.41E-01,0.259,1.05E-54,3.12E-50,opc
NME4,-0.943216888,0.21,0.342,1.0E-54,3.0E-50,L5/6-CC
RPS15A,-0.652025121,0.304,0.429,9.6E-55,2.8E-50,inb-vip
FGF1,-0.80869968,0.171,0.306,9.4E-55,2.8E-50,L5/6-CC
CCDC85B,-0.662751854,1.71E-01,0.295,9.24E-55,2.75E-50,opc
SPATA33,-0.806914383,0.242,0.381,8.8E-55,2.6E-50,L5/6-CC
CYHR1,-0.70433217,0.32,0.451,8.5E-55,2.5E-50,inb-pv
TAGLN3,-0.621902713,0.536,0.658,8.4E-55,2.5E-50,L5/6
RMND5B,-0.65520234,0.31,0.459,8.1E-55,2.4E-50,L5/6-CC
CYCS,-0.814171255,0.301,0.445,7.8E-55,2.3E-50,L5/6
HIGD1A,-0.965779287,0.14,0.254,7.6E-55,2.3E-50,inb-pv
CBWD5,0.546157288,0.447,0.387,7.4E-55,2.2E-50,L4
PSMC1,-0.612772564,0.161,0.299,6.3E-55,1.9E-50,inb-sst
MDH1,-0.909139467,0.531,0.678,6.2E-55,1.9E-50,inb-sv2c
MRPS34,-0.958835055,0.186,0.318,6.2E-55,1.8E-50,L5/6-CC
NDUFA8,-0.712588394,0.157,0.291,6.0E-55,1.8E-50,inb-sst
RPS23,-0.617455351,2.26E-01,0.355,6.01E-55,1.79E-50,opc
SERPINI1,-0.575843475,0.205,0.319,6.0E-55,1.8E-50,micro
NDUFB7,-0.80203522,0.188,0.305,5.9E-55,1.8E-50,inb-vip
CTSL,-0.881684582,0.215,0.352,5.4E-55,1.6E-50,L5/6-CC
RASAL1,-0.589064567,0.303,0.451,5.2E-55,1.5E-50,L5/6-CC
MRFAP1,-0.585113464,0.336,0.491,5.0E-55,1.5E-50,L5/6-CC
RAB3A,-1.18942882,0.295,0.498,4.7E-55,1.4E-50,inb-sv2c
CNTNAP4,0.567544031,0.585,0.461,4.7E-55,1.4E-50,L5/6-CC
GLIS1,0.741637598,0.322,0.209,4.6E-55,1.4E-50,inb-vip
ATP6V0E2,-0.658857816,2.68E-01,0.394,4.46E-55,1.33E-50,opc
ATP5PO,-0.834521881,0.238,0.357,4.4E-55,1.3E-50,inb-vip
RPL7A,-0.509074451,0.306,0.427,4.1E-55,1.2E-50,micro
COPS7A,-0.89445054,0.179,0.299,4.0E-55,1.2E-50,inb-pv
TMEM14A,-0.51447508,0.211,0.359,4.0E-55,1.2E-50,inb-sst
RGS17,-0.668118176,0.238,0.386,3.9E-55,1.1E-50,inb-sst
RPAIN,-0.600102453,0.379,0.53,3.9E-55,1.1E-50,L5/6-CC
UCHL1,-0.530462059,3.47E-01,0.474,3.83E-55,1.14E-50,opc
SRP14,-0.574027126,2.78E-01,4.10E-01,3.62E-55,1.08E-50,opc
AKAP5,-0.515917993,0.177,0.252,3.6E-55,1.1E-50,L4
ATP5MPL,-0.521530912,0.193,0.308,3.6E-55,1.1E-50,micro
RPL3,-0.65798724,0.591,0.716,3.5E-55,1.0E-50,L5/6-CC
PSMD2,-0.837729861,0.196,0.311,3.3E-55,9.9E-51,inb-vip
C6orf136,-0.503271551,0.315,0.361,3.3E-55,9.9E-51,L2/3
C1orf216,-0.690633659,0.303,0.451,3.3E-55,9.9E-51,L5/6-CC
GNAZ,-0.514411667,0.27,0.321,3.3E-55,9.9E-51,L2/3
AC016042.1,0.602666774,0.672,0.621,3.3E-55,9.7E-51,L5/6-CC
H1FX,-0.946988348,0.17,0.289,3.2E-55,9.6E-51,inb-pv
EXTL1,-0.654679081,0.297,0.445,3.2E-55,9.4E-51,L5/6-CC
PKM,-0.621287454,2.80E-01,4.08E-01,3.10E-55,9.23E-51,opc
PCDH20,-0.970804744,0.164,0.293,3.1E-55,9.2E-51,L5/6-CC
ICMT,-0.586369066,0.202,0.255,3.1E-55,9.2E-51,L2/3
ATP5IF1,-0.750228501,0.417,0.556,3.0E-55,9.0E-51,L5/6
ZSCAN18,-0.620184219,0.178,0.316,3.0E-55,8.9E-51,inb-sst
ARHGEF2,-0.744529087,0.326,0.467,2.5E-55,7.3E-51,L5/6
WSCD1,-0.904206561,0.133,0.259,2.4E-55,7.1E-51,inb-sst
ELOB,-0.809612665,1.76E-01,2.94E-01,2.34E-55,6.95E-51,opc
SNN,-0.625923831,0.326,0.482,2.3E-55,6.9E-51,L5/6-CC
RHBDD2,-0.761528361,0.228,0.354,2.3E-55,6.7E-51,inb-pv
BASP1,-0.521072676,0.627,0.72,2.1E-55,6.3E-51,inb-pv
SLC4A3,-0.699058825,0.154,0.289,2.1E-55,6.1E-51,inb-sst
EDF1,-0.554873729,0.325,0.446,2.0E-55,6.0E-51,endo
TLL1,-0.664590906,1.54E-01,0.28,1.98E-55,5.88E-51,opc
BRSK1,-0.697741713,0.325,0.458,2.0E-55,5.8E-51,inb-pv
AC097518.2,-0.503047438,0.335,0.414,1.9E-55,5.7E-51,ast
POMP,-0.596147737,0.383,0.535,1.9E-55,5.6E-51,L5/6-CC
TECR,-0.793126379,0.257,0.384,1.8E-55,5.5E-51,inb-pv
ATP5F1B,-0.538680115,0.197,0.308,1.8E-55,5.2E-51,micro
PKD1,-0.5813885,0.644,0.723,1.7E-55,5.1E-51,L5/6
DIRC3,0.604175844,0.698,0.637,1.6E-55,4.8E-51,L5/6-CC
RPL6,-0.759840048,2.03E-01,0.327,1.46E-55,4.33E-51,opc
PSMA7,-0.853255015,0.299,0.445,1.4E-55,4.0E-51,L5/6
P2RY13,-0.61439566,0.19,0.298,1.3E-55,3.9E-51,micro
CAB39L,0.506550371,0.287,0.21,1.3E-55,3.9E-51,ast
ENDOV,-0.506933517,0.197,0.276,1.3E-55,3.9E-51,L4
HEG1,-0.54573848,0.484,0.59,1.3E-55,3.8E-51,endo
CFL1,-0.606203059,0.385,0.509,1.3E-55,3.7E-51,inb-vip
UBE2M,-0.626591638,0.31,0.46,1.2E-55,3.7E-51,L5/6-CC
RPL37A,-0.635061941,3.44E-01,0.467,1.24E-55,3.69E-51,opc
RPS27,-0.56416933,0.41,0.549,1.2E-55,3.6E-51,inb-pv
HRH2,-0.599802048,0.521,0.636,1.1E-55,3.3E-51,L5/6
CACNA1G,-0.60649186,0.175,0.318,1.1E-55,3.2E-51,inb-sst
MZT2A,-0.595972724,0.293,0.441,1.1E-55,3.2E-51,L5/6-CC
SLC25A11,-1.022565549,0.146,0.263,1.0E-55,3.0E-51,inb-pv
C16orf58,-0.557382101,0.206,0.284,1.0E-55,3.0E-51,L4
ARHGEF28,0.62959554,0.361,0.297,9.6E-56,2.8E-51,L4
GNG3,-0.752251608,0.152,0.267,9.5E-56,2.8E-51,endo
CIAO2B,-0.832277358,0.167,0.283,8.7E-56,2.6E-51,inb-vip
CCK,-0.60838505,0.433,0.579,8.6E-56,2.5E-51,inb-pv
APLP1,-0.780877401,0.347,0.471,8.2E-56,2.4E-51,inb-pv
TMEM50A,-0.615611903,0.418,0.566,7.6E-56,2.3E-51,L5/6-CC
C1orf43,-0.736977844,0.248,0.378,7.5E-56,2.2E-51,inb-pv
FAM85B,0.69110906,0.299,0.228,7.4E-56,2.2E-51,L4
ATP5F1D,-0.796566183,0.296,0.44,7.2E-56,2.2E-51,L5/6
LAMTOR4,-0.832435282,0.22,0.359,6.6E-56,2.0E-51,L5/6-CC
ACER3,0.831826168,0.277,0.184,6.4E-56,1.9E-51,micro
NDUFB3,-1.123560078,0.138,0.251,6.3E-56,1.9E-51,inb-pv
TMEM132A,-0.644560587,0.136,0.267,6.1E-56,1.8E-51,inb-sst
NDUFS3,-0.709480879,0.271,0.413,5.6E-56,1.7E-51,L5/6-CC
RAB3A,-0.656141531,0.15,0.267,5.5E-56,1.6E-51,endo
RPL34,-0.593260728,0.435,0.567,5.4E-56,1.6E-51,inb-pv
BCL7B,-0.601049697,0.223,0.274,5.4E-56,1.6E-51,L2/3
ERG28,-0.936074143,0.169,0.3,5.4E-56,1.6E-51,L5/6-CC
NDUFAB1,-0.70623748,0.325,0.469,5.1E-56,1.5E-51,L5/6-CC
ATF4,-0.906917389,0.204,0.343,4.6E-56,1.4E-51,L5/6
SEMA5B,-0.82148753,1.57E-01,0.275,4.32E-56,1.28E-51,opc
ATP5ME,-0.779614878,0.354,0.5,4.0E-56,1.2E-51,L5/6
METTL26,-0.945763618,0.228,0.37,3.9E-56,1.2E-51,L5/6
RORA-AS1,0.562040503,0.265,0.19,3.8E-56,1.1E-51,ast
RAN,-0.762259953,0.242,0.366,3.8E-56,1.1E-51,inb-vip
ANKUB1,0.649708409,3.11E-01,2.88E-01,3.77E-56,1.12E-51,oli
RRP36,-0.508828079,0.18,0.256,3.7E-56,1.1E-51,L4
MICOS13,-1.090633957,0.178,0.313,3.6E-56,1.1E-51,L5/6
NOXA1,-0.799930136,0.146,0.277,3.6E-56,1.1E-51,inb-sst
ADGRB2,-0.679623845,0.13,0.259,3.2E-56,9.6E-52,inb-sst
COMMD6,-0.721239885,0.205,0.344,2.8E-56,8.2E-52,L5/6-CC
PPIA,-0.631917557,0.454,0.573,2.7E-56,8.0E-52,inb-pv
EEF1B2,-0.666932989,0.136,0.269,2.6E-56,7.9E-52,inb-sst
CDKN2D,-0.805087928,0.155,0.275,2.5E-56,7.4E-52,inb-pv
PKD1L1,0.65701224,0.256,0.184,2.4E-56,7.2E-52,L4
FAM171A2,-0.571511988,0.282,0.329,2.3E-56,6.8E-52,L2/3
YIPF3,-0.912289385,0.192,0.328,2.2E-56,6.7E-52,L5/6-CC
METTL3,-0.515966595,0.298,0.347,2.2E-56,6.6E-52,L2/3
RACK1,-0.618028965,0.327,0.45,2.1E-56,6.2E-52,inb-vip
LSM5,-0.512071746,0.235,0.32,2.1E-56,6.2E-52,L4
EIF4A1,-0.598805282,0.381,0.53,2.1E-56,6.2E-52,L5/6-CC
BTF3,-0.640068311,0.154,0.29,2.1E-56,6.1E-52,inb-sst
IFI27,-0.660242004,0.496,0.595,2.0E-56,6.0E-52,endo
TMEM240,-0.950598321,0.181,0.303,2.0E-56,5.8E-52,inb-pv
RPL36AL,-0.892985148,0.183,0.309,1.9E-56,5.8E-52,inb-pv
STMN4,-0.672893819,0.317,0.449,1.9E-56,5.7E-52,inb-pv
AL139294.1,0.704887297,2.74E-01,2.48E-01,1.86E-56,5.54E-52,oli
DUBR,0.551839679,0.683,0.628,1.8E-56,5.4E-52,L5/6-CC
FBXO2,-0.588465192,0.381,0.531,1.7E-56,5.2E-52,L5/6-CC
RAMP2,-0.982971716,0.253,0.356,1.7E-56,5.2E-52,endo
ARL16,-1.055151151,0.14,0.268,1.7E-56,5.1E-52,L5/6
GTF3A,-0.569248218,0.385,0.536,1.7E-56,5.0E-52,L5/6-CC
PARK7,-0.548054173,0.212,0.365,1.6E-56,4.7E-52,inb-sst
WARS2-AS1,0.752519945,0.387,0.267,1.5E-56,4.4E-52,inb-pv
AC008014.1,0.666301516,0.376,0.307,1.5E-56,4.3E-52,L4
GABRD,-0.817263779,0.245,0.39,1.4E-56,4.3E-52,L5/6
MYL6,-0.700753143,0.249,0.377,1.4E-56,4.3E-52,inb-vip
MAPK12,-0.518761765,0.274,0.326,1.4E-56,4.3E-52,L2/3
HSP90AA1,-0.610509624,0.86,0.882,1.4E-56,4.1E-52,inb-sv2c
REEP2,-0.649079741,0.309,0.432,1.4E-56,4.0E-52,inb-vip
SLC9A3-AS1,-1.006997306,0.124,0.253,1.4E-56,4.0E-52,L5/6
NR4A1,-1.000839577,0.169,0.3,1.2E-56,3.7E-52,L5/6-CC
NRGN,-0.706936353,0.443,0.559,1.2E-56,3.6E-52,inb-vip
CNTNAP1,-0.655944236,0.195,0.338,1.1E-56,3.4E-52,inb-sst
RPL38,-0.801683411,0.294,0.427,1.1E-56,3.3E-52,inb-pv
AP2A1,-0.556618553,0.191,0.336,1.1E-56,3.3E-52,inb-sst
UBE2M,-0.656460167,0.125,0.254,1.1E-56,3.3E-52,inb-sst
ARHGDIA,-0.628362481,0.303,0.457,1.1E-56,3.3E-52,L5/6-CC
NDUFB9,-0.82210621,0.186,0.306,1.1E-56,3.3E-52,inb-vip
RAD23A,-0.803329439,0.144,0.275,1.0E-56,3.1E-52,inb-sst
RPLP1,-0.59714736,0.564,0.698,1.0E-56,3.0E-52,L5/6-CC
COPE,-0.892736992,0.23,0.356,1.0E-56,3.0E-52,inb-pv
PAXX,-0.882376624,0.167,0.282,1.0E-56,3.0E-52,inb-vip
FBXO44,-0.574758762,0.218,0.37,9.0E-57,2.7E-52,inb-sst
CHCHD2,-0.59977588,0.347,0.478,8.6E-57,2.6E-52,inb-vip
GHITM,-0.634871481,0.347,0.482,8.6E-57,2.6E-52,inb-pv
HSPE1,-0.784250802,0.294,0.428,8.3E-57,2.5E-52,inb-pv
2-Mar,-0.990185813,0.139,0.255,8.2E-57,2.5E-52,inb-pv
PLXND1,-0.555039466,0.191,0.269,8.0E-57,2.4E-52,L4
COX6B1,-0.783181706,1.43E-01,0.262,7.83E-57,2.33E-52,opc
SND1,0.752256852,0.414,0.324,7.4E-57,2.2E-52,micro
CRH,-1.819508086,0.251,0.447,7.4E-57,2.2E-52,inb-sv2c
CHMP1A,-0.523644463,0.263,0.316,6.6E-57,2.0E-52,L2/3
TSPAN13,-0.596369524,0.202,0.351,6.4E-57,1.9E-52,inb-sst
C1orf52,-0.610497971,0.423,0.573,5.6E-57,1.7E-52,L5/6-CC
CST3,-0.556116988,0.28,0.395,5.6E-57,1.7E-52,micro
CYC1,-1.149328544,0.145,0.272,5.4E-57,1.6E-52,L5/6
PDE10A,-1.037260654,0.407,0.529,5.3E-57,1.6E-52,endo
RHBDL1,-0.896441603,0.207,0.325,5.3E-57,1.6E-52,inb-vip
RPL38,-0.795291117,1.64E-01,0.286,5.02E-57,1.49E-52,opc
ASIC4,-0.797805063,0.293,0.408,4.9E-57,1.5E-52,inb-vip
HINT1,-0.655341178,0.493,0.622,4.9E-57,1.5E-52,L5/6
PTPRN,-0.564729369,0.439,0.55,4.8E-57,1.4E-52,inb-vip
ROR1,1.103721908,0.308,0.186,4.8E-57,1.4E-52,L5/6
NEFL,-0.591811133,0.493,0.642,4.8E-57,1.4E-52,L5/6
GFAP,1.055799608,0.265,0.162,4.7E-57,1.4E-52,endo
RNF217-AS1,0.616749959,0.389,0.322,4.7E-57,1.4E-52,L4
CUEDC2,-0.905347957,0.188,0.324,4.7E-57,1.4E-52,L5/6-CC
DCTN2,-0.712418455,0.354,0.484,4.5E-57,1.3E-52,inb-pv
FAM219B,-0.655304248,0.322,0.469,4.4E-57,1.3E-52,L5/6-CC
EIF4A1,-0.722861894,0.293,0.422,3.6E-57,1.1E-52,inb-pv
RUNDC3A,-0.513836325,0.187,0.333,3.6E-57,1.1E-52,inb-sst
ACAA1,-0.638656413,0.317,0.463,3.5E-57,1.0E-52,L5/6-CC
RPS26,-0.828408035,0.272,0.392,3.3E-57,9.7E-53,inb-vip
AURKAIP1,-0.881300131,0.185,0.324,3.0E-57,8.9E-53,L5/6
FBXL6,-1.011739061,0.143,0.269,3.0E-57,8.8E-53,L5/6-CC
VKORC1,-0.903529724,0.184,0.321,2.9E-57,8.7E-53,L5/6-CC
TUBG2,-0.580993402,0.399,0.547,2.6E-57,7.7E-53,L5/6-CC
MRPL32,-0.569660834,0.184,0.261,2.4E-57,7.2E-53,L4
EPS8,0.723513115,0.389,0.292,2.4E-57,7.1E-53,micro
STMN2,-0.549772854,0.559,0.653,2.3E-57,6.9E-53,inb-vip
CNDP2,-0.523670224,0.284,0.335,2.3E-57,6.8E-53,L2/3
ATP5MD,-0.659056634,2.07E-01,0.337,2.15E-57,6.38E-53,opc
NDUFB7,-0.632888327,0.145,0.283,2.1E-57,6.3E-53,inb-sst
IFI6,-2.422362203,0.191,0.382,2.1E-57,6.2E-53,inb-sv2c
UBXN1,-0.851259701,0.2,0.336,2.1E-57,6.2E-53,L5/6-CC
SARAF,-0.563009315,3.77E-01,0.507,2.07E-57,6.17E-53,opc
NDUFS8,-0.688858715,0.139,0.271,2.1E-57,6.1E-53,inb-sst
LGI2,-0.948023726,0.199,0.314,2.1E-57,6.1E-53,inb-vip
FLG-AS1,-0.679781932,0.22,0.351,2.0E-57,6.0E-53,inb-vip
RPL3,-0.558120506,3.09E-01,0.448,1.91E-57,5.68E-53,opc
MRPS21,-0.565426474,0.201,0.35,1.8E-57,5.5E-53,inb-sst
ANKRD44,0.504168095,0.445,0.38,1.8E-57,5.2E-53,L4
SLC1A6,-1.002696011,0.134,0.261,1.7E-57,5.1E-53,L5/6-CC
TBRG1,-0.543298268,0.2,0.352,1.6E-57,4.9E-53,inb-sst
MPG,-0.724164778,0.28,0.431,1.6E-57,4.7E-53,L5/6-CC
SRM,-0.898130399,0.209,0.326,1.5E-57,4.4E-53,inb-vip
KIAA0895L,-0.626331377,0.18,0.325,1.4E-57,4.2E-53,inb-sst
CD63,-0.616685989,0.166,0.305,1.4E-57,4.1E-53,inb-sst
TMEM208,-0.895084467,0.186,0.323,1.3E-57,3.9E-53,L5/6-CC
TMEM259,-0.632756226,0.345,0.477,1.3E-57,3.8E-53,inb-pv
ILK,-0.543292826,0.192,0.271,1.3E-57,3.7E-53,L4
GABARAP,-0.591139041,0.161,0.271,1.1E-57,3.4E-53,micro
SAP18,-0.830951064,0.243,0.378,1.1E-57,3.3E-53,inb-pv
BASP1,-0.537452563,0.475,0.589,1.1E-57,3.3E-53,endo
ZFAND2B,-0.920645857,0.159,0.281,1.1E-57,3.3E-53,inb-pv
COX6A1,-0.863516732,1.69E-01,0.291,1.09E-57,3.23E-53,opc
HSBP1,-0.774596107,0.233,0.365,9.9E-58,3.0E-53,inb-pv
TMEM175,-0.608528234,0.174,0.317,9.8E-58,2.9E-53,inb-sst
ARRDC1,-0.777096102,0.206,0.348,9.6E-58,2.9E-53,L5/6-CC
MAGEF1,-0.938508762,0.203,0.34,9.6E-58,2.9E-53,L5/6-CC
ARL8A,-0.596692354,0.35,0.503,9.5E-58,2.8E-53,L5/6-CC
C1QTNF4,-1.683137708,0.179,0.38,9.4E-58,2.8E-53,inb-sv2c
ARL16,-0.856051248,0.23,0.369,9.3E-58,2.8E-53,L5/6-CC
KIAA1217,0.747550846,0.335,0.221,8.8E-58,2.6E-53,endo
SHFL,-0.888750432,0.225,0.343,8.7E-58,2.6E-53,inb-vip
TPI1,-0.537249168,0.379,0.501,7.8E-58,2.3E-53,endo
PSMD7,-0.651918055,0.138,0.272,7.8E-58,2.3E-53,inb-sst
SOX5,-0.51573193,0.179,0.294,7.3E-58,2.2E-53,micro
PYURF,-1.093453749,0.175,0.305,7.1E-58,2.1E-53,L5/6-CC
FKBP1B,-0.931481694,0.183,0.319,6.8E-58,2.0E-53,L5/6-CC
GRM2,-0.505127049,0.266,0.321,6.7E-58,2.0E-53,L2/3
C9orf78,-0.556609288,0.252,0.304,6.3E-58,1.9E-53,L2/3
HSPA5,-0.822946243,0.284,0.403,6.1E-58,1.8E-53,inb-vip
NENF,-0.890765684,0.179,0.314,5.8E-58,1.7E-53,L5/6-CC
AGAP2,-0.770367402,0.321,0.471,5.6E-58,1.7E-53,L5/6
LINC00513,0.577365516,0.636,0.552,5.4E-58,1.6E-53,L5/6
YPEL3,-0.659113858,0.162,0.27,5.1E-58,1.5E-53,micro
SPATA2L,-0.961185423,0.163,0.302,4.4E-58,1.3E-53,L5/6
DEXI,-1.164163348,0.141,0.258,4.3E-58,1.3E-53,inb-pv
ROGDI,-0.761724343,0.287,0.434,3.6E-58,1.1E-53,L5/6
RPL28,-0.555405745,0.483,0.591,3.6E-58,1.1E-53,inb-vip
RPL14,-0.559747938,0.55,0.694,3.6E-58,1.1E-53,L5/6-CC
RNASEK,-0.756643388,2.09E-01,0.337,3.51E-58,1.04E-53,opc
TMEM9B,-0.797825688,0.261,0.409,3.5E-58,1.0E-53,L5/6-CC
FIGN,0.52523685,0.655,0.559,3.4E-58,1.0E-53,inb-vip
THRA,-0.633448944,0.466,0.621,3.4E-58,1.0E-53,L5/6-CC
FAM131B,-0.599093978,0.248,0.299,3.2E-58,9.5E-54,L2/3
BCL2,0.583435986,0.604,0.499,3.0E-58,8.9E-54,L5/6
ANKRD30B,-0.50664456,0.234,0.319,2.9E-58,8.7E-54,L4
LGALS1,-0.748730197,0.211,0.356,2.9E-58,8.6E-54,L5/6-CC
BRSK1,-0.806660678,0.319,0.464,2.8E-58,8.3E-54,L5/6
ATP5MPL,-0.576912934,0.398,0.541,2.8E-58,8.3E-54,inb-pv
ATP6V1G1,-0.658486097,0.368,0.522,2.7E-58,7.9E-54,L5/6-CC
OXLD1,-1.10216876,0.13,0.255,2.7E-58,7.9E-54,L5/6-CC
ATP5MC1,-0.79132496,0.214,0.341,2.6E-58,7.8E-54,inb-vip
RANBP1,-0.710667739,0.272,0.421,2.5E-58,7.5E-54,L5/6-CC
SEMA3A,0.704849344,0.366,0.306,2.5E-58,7.5E-54,L4
ATP1B2,-0.609382684,0.221,0.375,2.5E-58,7.3E-54,inb-sst
TLE2,-0.759725277,0.127,0.258,2.3E-58,6.9E-54,inb-sst
RPS14,-0.513509746,0.569,0.705,2.3E-58,6.8E-54,L5/6-CC
UBE2V1,-0.501741691,0.564,0.701,2.2E-58,6.6E-54,L5/6-CC
ERP29,-0.734142521,0.265,0.415,2.2E-58,6.5E-54,L5/6-CC
NDUFS6,-0.787682937,0.213,0.346,2.2E-58,6.4E-54,inb-pv
TTC7A,-0.665192748,0.339,0.487,2.2E-58,6.4E-54,L5/6-CC
SPATA5,0.531161029,0.481,0.42,1.9E-58,5.6E-54,L4
NSG2,-0.541884765,0.375,0.536,1.8E-58,5.3E-54,L5/6-CC
DMAP1,-0.561658845,0.185,0.264,1.7E-58,5.2E-54,L4
SPINT2,-0.779364666,0.361,0.488,1.6E-58,4.8E-54,inb-pv
KIFC2,-0.804242596,0.453,0.584,1.6E-58,4.8E-54,L5/6
RAB5C,-0.731245941,0.25,0.4,1.6E-58,4.8E-54,L5/6-CC
GOT1,-0.616401874,0.323,0.45,1.5E-58,4.6E-54,inb-vip
SLC25A3,-0.65401167,0.356,0.477,1.5E-58,4.6E-54,inb-vip
SPCS2,-0.684820248,0.343,0.467,1.4E-58,4.3E-54,inb-vip
FIBP,-0.794119728,0.231,0.376,1.4E-58,4.2E-54,L5/6-CC
EDF1,-0.812322815,1.53E-01,0.276,1.24E-58,3.70E-54,opc
ANKRD13B,-0.823089836,0.193,0.334,1.2E-58,3.7E-54,L5/6-CC
SOD1,-0.792463461,0.445,0.585,1.1E-58,3.1E-54,L5/6
NDUFS6,-0.725116197,0.263,0.412,1.0E-58,3.1E-54,L5/6-CC
NDUFB5,-0.676974667,0.163,0.303,1.0E-58,3.0E-54,inb-sst
ABCF2,-0.545413936,0.183,0.261,1.0E-58,3.0E-54,L4
APLP1,-0.722016662,0.515,0.632,9.8E-59,2.9E-54,L5/6
VWA5B2,-0.797755746,0.129,0.26,9.5E-59,2.8E-54,inb-sst
CYP51A1,-0.612036455,0.221,0.374,8.8E-59,2.6E-54,inb-sst
RETREG2,-0.539715344,0.409,0.567,8.8E-59,2.6E-54,L5/6-CC
MRPL21,-0.594876651,0.208,0.264,7.8E-59,2.3E-54,L2/3
BSG,-0.57234248,0.243,0.4,7.6E-59,2.2E-54,inb-sst
GAS2L1,-0.724099263,0.245,0.39,7.4E-59,2.2E-54,L5/6-CC
NDUFA8,-0.800569775,0.309,0.441,6.9E-59,2.1E-54,inb-pv
CCND3,0.674390494,0.559,0.461,6.9E-59,2.0E-54,L5/6-CC
CCS,-0.584914036,0.349,0.503,6.4E-59,1.9E-54,L5/6-CC
PDXP,-0.743284698,0.296,0.448,6.3E-59,1.9E-54,L5/6-CC
ARL6IP5,-0.699236504,0.398,0.51,6.0E-59,1.8E-54,inb-vip
NDUFA5,-0.644713143,0.425,0.555,5.9E-59,1.8E-54,inb-pv
SLC39A3,-1.136632379,0.145,0.275,5.4E-59,1.6E-54,L5/6-CC
PARD6A,-1.141584462,0.127,0.254,5.2E-59,1.5E-54,L5/6-CC
EMX1,-0.543067041,0.293,0.344,5.0E-59,1.5E-54,L2/3
COX6A1,-0.616420516,0.236,0.394,4.9E-59,1.5E-54,inb-sst
UQCRH,-0.716046231,0.448,0.591,3.6E-59,1.1E-54,L5/6
RCN2,-0.604497867,0.289,0.45,3.3E-59,9.9E-55,inb-sst
THY1,-0.512975657,0.249,0.376,3.3E-59,9.8E-55,micro
TMSB10,-0.636574954,0.433,0.554,3.3E-59,9.8E-55,inb-vip
P4HTM,-0.6989111,0.334,0.456,3.0E-59,9.0E-55,inb-vip
RPS7,-0.757243497,0.419,0.559,2.9E-59,8.6E-55,L5/6
PSMA7,-0.783947318,0.259,0.387,2.9E-59,8.5E-55,inb-vip
RPS25,-0.564266388,0.269,0.435,2.8E-59,8.5E-55,inb-sst
PODXL2,-0.580017355,0.462,0.588,2.8E-59,8.3E-55,inb-pv
ARPC5L,-1.161532894,0.206,0.347,2.8E-59,8.2E-55,L5/6
NDUFC2,-0.604512413,0.148,0.256,2.6E-59,7.8E-55,micro
CYHR1,-0.6864758,0.173,0.318,2.6E-59,7.6E-55,inb-sst
EID1,-0.600864771,0.399,0.527,2.5E-59,7.5E-55,inb-vip
SMAD1,0.556275175,0.284,0.205,2.5E-59,7.4E-55,ast
RPL12,-0.583153512,0.215,0.374,2.2E-59,6.5E-55,inb-sst
LINC00609,0.751729511,0.328,0.252,2.2E-59,6.5E-55,ast
SUMF2,-0.581724797,0.177,0.326,2.2E-59,6.4E-55,inb-sst
RPL17,-0.701792407,1.78E-01,0.306,2.14E-59,6.36E-55,opc
CARS,-0.611611324,0.199,0.347,2.1E-59,6.3E-55,inb-sst
TAGLN3,-0.678014269,0.447,0.575,2.1E-59,6.2E-55,inb-pv
ATP5F1B,-0.66713387,0.399,0.51,2.0E-59,6.1E-55,inb-vip
ATP5MC3,-0.769288819,0.25,0.381,2.0E-59,6.0E-55,inb-vip
VDAC1,-0.619547771,0.483,0.598,2.0E-59,6.0E-55,inb-pv
LINC02296,-0.552735176,0.193,0.277,1.9E-59,5.7E-55,L4
SARS,-0.590769366,0.371,0.503,1.9E-59,5.6E-55,inb-pv
COX7C,-0.679773649,0.425,0.567,1.9E-59,5.6E-55,L5/6
MRPL51,-0.835041036,0.21,0.353,1.8E-59,5.2E-55,L5/6-CC
C4orf48,-0.963329383,0.236,0.38,1.6E-59,4.8E-55,L5/6
RGCC,-0.820878996,0.305,0.417,1.5E-59,4.5E-55,endo
SIRT2,-0.8231815,2.64E-01,0.389,1.50E-59,4.46E-55,opc
DBNDD2,-0.64364469,0.141,0.281,1.4E-59,4.3E-55,inb-sst
SBF1,-0.565838451,0.181,0.26,1.4E-59,4.2E-55,L4
PGP,-0.753908815,0.399,0.539,1.4E-59,4.2E-55,L5/6
PDIA6,-0.695120862,0.159,0.301,1.3E-59,4.0E-55,inb-sst
RPL35,-0.637018791,0.313,0.461,1.2E-59,3.6E-55,inb-pv
ATP2B1-AS1,-0.767590936,0.283,0.433,1.2E-59,3.5E-55,L5/6-CC
YIPF2,-0.546560556,0.241,0.296,1.2E-59,3.5E-55,L2/3
CHCHD7,-0.626998943,0.198,0.253,1.2E-59,3.4E-55,L2/3
RHBDD2,-0.717081987,0.276,0.404,1.2E-59,3.4E-55,inb-vip
FBXW5,-0.648874833,0.268,0.419,1.0E-59,3.1E-55,L5/6-CC
RPL8,-0.754262504,0.353,0.506,1.0E-59,3.1E-55,L5/6
FDX2,-0.806425997,0.18,0.303,1.0E-59,3.0E-55,inb-vip
B2M,-0.778203969,3.53E-01,0.475,8.98E-60,2.67E-55,opc
KIAA1211,0.703472547,0.269,0.196,8.9E-60,2.6E-55,L4
RPL27,-0.775253616,0.313,0.462,8.6E-60,2.5E-55,L5/6-CC
MLF2,-0.53200417,0.475,0.627,7.6E-60,2.3E-55,L5/6-CC
TUBB4B,-0.733579299,0.222,0.356,7.3E-60,2.2E-55,inb-pv
NDUFA11,-0.691582011,0.289,0.441,7.2E-60,2.1E-55,L5/6-CC
CDK5R2,-0.855380939,0.149,0.274,7.2E-60,2.1E-55,inb-pv
MTMR4,-0.657082809,0.187,0.334,7.1E-60,2.1E-55,inb-sst
NDN,-1.201062307,0.147,0.283,6.7E-60,2.0E-55,L5/6
B4GALT2,-0.919336759,0.165,0.302,6.5E-60,1.9E-55,L5/6-CC
RPL29,-0.586913941,0.329,0.463,6.5E-60,1.9E-55,inb-vip
NDUFB2,-0.514466638,0.237,0.399,6.4E-60,1.9E-55,inb-sst
NR6A1,-0.54792747,2.91E-01,0.439,6.16E-60,1.83E-55,opc
RPL9,-0.579875433,0.455,0.574,6.0E-60,1.8E-55,inb-vip
FBXL15,-0.802997332,0.246,0.394,5.9E-60,1.8E-55,L5/6-CC
FBXO44,-0.560753354,0.476,0.632,5.8E-60,1.7E-55,L5/6-CC
XAF1,-0.580640653,0.451,0.562,5.7E-60,1.7E-55,endo
BACH1,0.729128187,0.479,0.398,5.4E-60,1.6E-55,micro
RPL11,-0.57779757,0.403,0.533,5.4E-60,1.6E-55,inb-vip
APLP1,-0.505458985,0.34,0.503,5.3E-60,1.6E-55,inb-sst
SCN2B,-0.708610259,0.319,0.455,5.3E-60,1.6E-55,inb-pv
MAFB,-0.672598876,0.229,0.386,5.2E-60,1.5E-55,inb-sst
LINC00205,-0.611184067,0.234,0.316,5.1E-60,1.5E-55,L4
MFSD12,-0.588430776,0.261,0.313,4.6E-60,1.4E-55,L2/3
DNAJA1,-0.588955872,0.451,0.604,4.5E-60,1.4E-55,L5/6-CC
GABPB1-IT1,-0.513684331,0.195,0.276,4.2E-60,1.3E-55,L4
RPS6KL1,-0.801172046,0.252,0.387,4.2E-60,1.2E-55,inb-pv
DALRD3,-0.892467514,0.208,0.351,4.1E-60,1.2E-55,L5/6-CC
MGST3,-0.505184162,0.639,0.735,4.0E-60,1.2E-55,inb-pv
SNRPN,-0.54386937,2.90E-01,0.435,3.93E-60,1.17E-55,opc
ATP5MC3,-0.838572886,1.47E-01,0.272,3.84E-60,1.14E-55,opc
VPS9D1,-0.627844011,0.445,0.573,3.6E-60,1.1E-55,inb-pv
LPCAT4,-0.732366279,0.198,0.347,3.4E-60,1.0E-55,inb-sst
ENHO,-0.743657903,0.189,0.264,3.4E-60,1.0E-55,ast
SPOCK1,0.516605968,7.34E-01,0.708,3.23E-60,9.59E-56,opc
EIF3K,-0.570406922,0.429,0.588,3.2E-60,9.4E-56,L5/6-CC
SCG5,-0.715643993,0.582,0.687,3.0E-60,9.0E-56,L5/6
MED10,-0.795942605,0.313,0.462,3.0E-60,9.0E-56,L5/6
SCN3B,-0.549828584,0.668,0.745,2.9E-60,8.6E-56,L5/6
NEFL,-0.535640279,0.253,0.381,2.7E-60,8.1E-56,micro
FAM135B,0.549177476,0.721,0.689,2.7E-60,8.0E-56,L5/6-CC
RPS15A,-0.587475822,0.193,0.347,2.7E-60,8.0E-56,inb-sst
TMA7,-0.563974905,0.291,0.461,2.6E-60,7.8E-56,inb-sst
LRPAP1,-0.680124851,0.175,0.319,2.6E-60,7.6E-56,inb-sst
COX8A,-1.103988578,0.186,0.329,2.5E-60,7.3E-56,L5/6
RPL41,-0.765615892,0.485,0.617,2.4E-60,7.1E-56,L5/6
ORMDL1,-0.608142069,0.501,0.65,2.4E-60,7.1E-56,L5/6-CC
ID1,-0.725038642,0.462,0.561,2.3E-60,6.9E-56,endo
CCDC85B,-0.580571476,0.18,0.298,2.1E-60,6.4E-56,micro
PHF24,-0.560970239,0.371,0.53,2.1E-60,6.2E-56,L5/6-CC
COX5B,-0.959987864,0.342,0.493,1.9E-60,5.7E-56,L5/6
CHKB,-0.814321073,0.142,0.278,1.8E-60,5.4E-56,inb-sst
TRAF5,-0.536415887,0.245,0.302,1.8E-60,5.3E-56,L2/3
TUBB4B,-0.963484283,0.26,0.415,1.7E-60,5.0E-56,L5/6
HIPK3,0.558670334,0.261,0.183,1.7E-60,4.9E-56,ast
AURKAIP1,-0.905011157,0.155,0.275,1.6E-60,4.8E-56,inb-vip
VSTM2L,-0.567886168,0.322,0.491,1.5E-60,4.4E-56,inb-sst
ITM2B,-0.525922155,0.647,0.731,1.5E-60,4.3E-56,inb-pv
SET,-0.710781952,0.299,0.428,1.4E-60,4.3E-56,inb-vip
CIAO3,-0.624040024,0.179,0.257,1.4E-60,4.2E-56,L4
H2AFZ,-0.757831798,0.245,0.375,1.3E-60,3.9E-56,inb-vip
LRGUK,-0.743585568,0.185,0.264,1.3E-60,3.8E-56,L4
SGTA,-0.535277709,0.291,0.344,1.2E-60,3.6E-56,L2/3
DIRAS1,-0.62073929,0.175,0.324,1.2E-60,3.6E-56,inb-sst
TPT1,-0.64511973,2.71E-01,0.409,1.21E-60,3.59E-56,opc
ZNF428,-0.849963979,0.22,0.347,1.2E-60,3.5E-56,inb-vip
PSMC3,-1.123598691,0.134,0.254,1.2E-60,3.4E-56,inb-pv
SLC12A8,-0.568748838,0.187,0.269,1.0E-60,3.1E-56,L4
HLA-A,-1.045475301,2.15E-01,0.335,9.89E-61,2.94E-56,opc
CINP,-0.591649596,0.173,0.252,9.0E-61,2.7E-56,L4
SNX3,-0.571347277,0.203,0.281,8.6E-61,2.6E-56,ast
TUFM,-0.784546011,0.28,0.429,8.6E-61,2.5E-56,L5/6-CC
DNAJA1,-0.555139559,0.238,0.398,8.6E-61,2.5E-56,inb-sst
HSPA5,-0.682006461,0.17,0.314,8.5E-61,2.5E-56,inb-sst
RNF187,-0.691980589,0.29,0.447,8.4E-61,2.5E-56,L5/6-CC
MCOLN1,-0.657488837,0.303,0.458,8.3E-61,2.5E-56,L5/6-CC
IGSF8,-0.778605125,0.488,0.613,7.9E-61,2.3E-56,L5/6
BRK1,-0.808608489,0.345,0.498,7.8E-61,2.3E-56,L5/6
COPS6,-0.769285334,0.157,0.298,7.8E-61,2.3E-56,inb-sst
H3F3B,-0.598070483,0.298,0.466,7.8E-61,2.3E-56,inb-sst
IQCJ-SCHIP1,0.601371378,0.721,0.635,7.8E-61,2.3E-56,L5/6
MAFB,-0.825443913,0.252,0.383,7.4E-61,2.2E-56,inb-pv
COX4I1,-0.755170931,0.456,0.596,7.2E-61,2.1E-56,L5/6
RPS15,-0.666906591,2.36E-01,0.375,7.00E-61,2.08E-56,opc
AC073091.4,0.594100641,0.466,0.401,6.8E-61,2.0E-56,L4
ARL2BP,-0.520576063,0.218,0.303,6.0E-61,1.8E-56,L4
C18orf32,-0.683022246,0.36,0.495,5.6E-61,1.7E-56,inb-pv
ATF6B,-0.701366678,0.19,0.338,5.4E-61,1.6E-56,inb-sst
RPS15,-0.526123323,0.448,0.573,5.4E-61,1.6E-56,inb-vip
COX5A,-0.991952941,0.251,0.396,5.2E-61,1.6E-56,L5/6
CHGB,-0.614973357,0.453,0.61,5.2E-61,1.6E-56,L5/6-CC
TCEA2,-0.544602897,0.152,0.293,5.1E-61,1.5E-56,inb-sst
IDI1,-0.867583726,0.219,0.345,4.8E-61,1.4E-56,inb-vip
SPOCK2,-0.522232117,0.363,0.535,4.2E-61,1.2E-56,inb-sst
OLFM2,-0.555755982,3.93E-01,0.529,3.95E-61,1.17E-56,opc
COX8A,-0.893549625,0.187,0.312,3.8E-61,1.1E-56,inb-vip
H3F3B,-0.686789412,0.392,0.546,3.5E-61,1.1E-56,L5/6-CC
OPRM1,0.912994099,0.514,0.409,3.4E-61,1.0E-56,L5/6-CC
RPL29,-0.786794112,1.80E-01,0.309,3.39E-61,1.01E-56,opc
TBC1D1,0.502641846,0.778,0.736,3.4E-61,1.0E-56,L5/6-CC
RPL5,-0.803767067,0.469,0.604,3.3E-61,9.9E-57,L5/6
EIF5,-0.518373638,0.538,0.686,3.3E-61,9.7E-57,L5/6-CC
INPP5J,-0.847128392,0.263,0.396,3.1E-61,9.2E-57,inb-pv
PRR3,-0.556054231,0.22,0.304,3.0E-61,8.8E-57,L4
RGS11,-0.655079238,0.365,0.518,2.9E-61,8.7E-57,L5/6-CC
MLLT11,-0.54087215,0.241,0.406,2.9E-61,8.6E-57,inb-sst
NAP1L5,-0.809027221,0.24,0.379,2.8E-61,8.4E-57,inb-pv
NDUFV1,-0.547261959,0.243,0.322,2.4E-61,7.2E-57,ast
PINK1,-0.524663849,0.442,0.603,2.2E-61,6.4E-57,L5/6-CC
SELENOO,-0.524845901,0.487,0.638,2.1E-61,6.3E-57,L5/6-CC
SLC3A2,-0.733678374,0.282,0.416,2.1E-61,6.2E-57,inb-pv
MRPL51,-0.823491646,0.147,0.275,2.1E-61,6.2E-57,inb-pv
MPG,-0.835484631,0.187,0.321,2.0E-61,5.9E-57,inb-pv
BAP1,-0.619722192,0.213,0.268,1.8E-61,5.5E-57,L2/3
ANKRD13D,-0.754433034,0.267,0.391,1.4E-61,4.2E-57,inb-vip
GNG12-AS1,-0.679634854,0.261,0.424,1.3E-61,4.0E-57,inb-sst
CALR,-1.014260901,0.212,0.34,1.3E-61,3.8E-57,inb-pv
SHISA5,-0.515663098,0.178,0.258,1.2E-61,3.7E-57,L4
TUBG2,-0.727407533,0.143,0.284,1.2E-61,3.7E-57,inb-sst
MTLN,-0.510555013,0.249,0.307,1.2E-61,3.5E-57,L2/3
CLIP3,-0.560225554,0.414,0.57,1.1E-61,3.2E-57,L5/6-CC
UQCRH,-0.559224985,0.198,0.322,1.0E-61,3.0E-57,micro
RNF187,-0.790832629,0.139,0.277,1.0E-61,3.0E-57,inb-sst
DPYSL3,0.586434749,0.28,0.2,9.7E-62,2.9E-57,ast
RPL10A,-0.670967414,0.318,0.454,9.6E-62,2.9E-57,inb-vip
AUP1,-0.783902867,0.249,0.398,9.5E-62,2.8E-57,L5/6-CC
VPS29,-0.628574837,0.414,0.569,9.3E-62,2.8E-57,L5/6-CC
RPS8,-0.726180565,0.357,0.497,9.2E-62,2.7E-57,inb-pv
LINC00513,0.646733631,0.253,0.177,9.0E-62,2.7E-57,ast
CIAO1,-0.509437994,0.539,0.687,9.0E-62,2.7E-57,L5/6-CC
CUTA,-0.739479867,0.221,0.37,8.0E-62,2.4E-57,L5/6-CC
PTGDS,-0.554023805,0.287,0.376,7.8E-62,2.3E-57,L4
KCNH5,-0.782128106,1.50E-01,0.281,7.43E-62,2.21E-57,opc
SLC25A39,-0.555351788,0.301,0.351,7.1E-62,2.1E-57,L2/3
AC092338.3,-0.549712525,0.195,0.254,7.0E-62,2.1E-57,L2/3
PPDPF,-0.74822735,0.176,0.303,6.9E-62,2.1E-57,inb-vip
TMEM14A,-0.556889383,0.494,0.647,6.7E-62,2.0E-57,L5/6-CC
MTA1,-0.612450103,0.18,0.259,6.4E-62,1.9E-57,L4
CNTN3,0.687503737,5.43E-01,0.445,6.41E-62,1.91E-57,opc
ERP29,-0.706119053,0.126,0.261,5.9E-62,1.8E-57,inb-sst
IL34,-0.993724641,0.21,0.353,5.7E-62,1.7E-57,L5/6-CC
MLLT11,-0.706369704,0.323,0.468,5.6E-62,1.7E-57,inb-pv
MIR7-3HG,-0.77331994,0.3,0.45,5.6E-62,1.7E-57,L5/6-CC
VDAC2,-0.730802109,0.328,0.48,5.5E-62,1.6E-57,L5/6-CC
GRASP,-0.727011785,0.313,0.468,5.4E-62,1.6E-57,L5/6-CC
C18orf32,-0.67366133,0.363,0.522,5.3E-62,1.6E-57,L5/6-CC
GRINA,-0.69671736,0.254,0.386,4.9E-62,1.4E-57,inb-vip
CCDC124,-0.993067699,0.142,0.276,4.8E-62,1.4E-57,L5/6-CC
ACADVL,-0.572997598,0.445,0.6,4.8E-62,1.4E-57,L5/6-CC
RPL29,-0.579761852,0.194,0.315,4.5E-62,1.3E-57,micro
RPL35A,-0.889757524,0.356,0.503,4.4E-62,1.3E-57,L5/6
DUS1L,-0.519301803,0.186,0.267,4.2E-62,1.3E-57,L4
DIRAS1,-0.673890222,0.32,0.464,4.2E-62,1.2E-57,inb-pv
APEX1,-0.904502982,0.225,0.371,3.9E-62,1.2E-57,L5/6-CC
COX7A2,-0.745539864,0.263,0.398,3.6E-62,1.1E-57,inb-vip
CTSD,-0.647055491,0.193,0.344,3.5E-62,1.0E-57,inb-sst
BDNF,-0.973426438,0.17,0.313,3.4E-62,1.0E-57,L5/6-CC
SNRPB,-0.647965366,0.196,0.251,3.2E-62,9.5E-58,L2/3
RAN,-0.653277526,0.176,0.326,3.1E-62,9.4E-58,inb-sst
COX6A1,-0.644777176,0.172,0.289,3.1E-62,9.3E-58,micro
MARCKSL1,-1.172694107,0.145,0.269,3.1E-62,9.2E-58,inb-pv
NNAT,-0.984717376,0.29,0.439,3.1E-62,9.2E-58,L5/6-CC
PRDX2,-0.914628871,0.284,0.439,3.0E-62,9.0E-58,L5/6
REEP2,-0.771805909,0.406,0.554,3.0E-62,8.9E-58,L5/6
ITGB8,0.535192124,0.389,0.309,2.9E-62,8.6E-58,ast
UBL5,-0.75628461,0.254,0.399,2.7E-62,7.9E-58,inb-pv
KLHDC3,-0.685853736,0.181,0.333,2.5E-62,7.3E-58,inb-sst
SCN2B,-0.713205891,0.178,0.326,2.3E-62,6.8E-58,inb-sst
CCKBR,-0.903358164,0.171,0.312,2.3E-62,6.8E-58,L5/6-CC
RCN2,-0.692976727,0.397,0.529,2.2E-62,6.6E-58,inb-pv
AL137786.1,-1.159241745,0.15,0.284,2.2E-62,6.5E-58,L5/6-CC
NSG1,-0.849187823,0.255,0.384,2.1E-62,6.2E-58,inb-vip
PANX2,-0.75163252,0.224,0.275,2.1E-62,6.1E-58,L2/3
PRDX2,-1.237228157,0.318,0.527,1.9E-62,5.8E-58,inb-sv2c
TUBB4B,-0.860783451,0.189,0.313,1.9E-62,5.8E-58,inb-vip
RPL18A,-0.551909369,0.227,0.392,1.5E-62,4.6E-58,inb-sst
PLD3,-0.644743956,0.203,0.321,1.5E-62,4.4E-58,micro
RPL7A,-0.740657489,0.49,0.624,1.2E-62,3.7E-58,L5/6
AC007563.2,1.003829262,2.69E-01,0.157,1.23E-62,3.65E-58,opc
SOX18,-1.360207129,0.197,0.309,1.2E-62,3.6E-58,endo
LINC02008,-0.726975655,0.176,0.326,1.2E-62,3.5E-58,L5/6-CC
IER5L,-1.009778499,0.185,0.327,1.2E-62,3.5E-58,L5/6-CC
AP2S1,-0.75854728,0.13,0.268,1.1E-62,3.4E-58,inb-sst
OLFM1,-0.559936908,0.199,0.322,1.1E-62,3.2E-58,micro
PGAM1,-0.750445357,0.266,0.394,1.0E-62,3.0E-58,inb-vip
TBCB,-0.699316643,0.294,0.448,9.6E-63,2.9E-58,L5/6-CC
EDN3,-1.119873754,0.146,0.258,9.3E-63,2.8E-58,endo
C1QBP,-0.99579883,0.151,0.277,9.0E-63,2.7E-58,inb-pv
HMGN2,-0.516406279,0.205,0.292,8.4E-63,2.5E-58,L4
C1orf122,-0.768818214,0.263,0.419,8.3E-63,2.5E-58,L5/6-CC
MZT1,-0.513524307,0.197,0.28,7.8E-63,2.3E-58,L4
MYLIP,-0.738750905,0.193,0.344,7.8E-63,2.3E-58,L5/6-CC
ASPHD1,-0.589908777,0.196,0.353,7.5E-63,2.2E-58,inb-sst
SPHK2,-0.56968426,0.176,0.257,7.3E-63,2.2E-58,L4
ATP5MD,-0.55775085,0.217,0.342,6.4E-63,1.9E-58,micro
LY6H,-1.11048556,0.453,0.635,6.1E-63,1.8E-58,inb-sv2c
MTCH1,-0.616757007,0.412,0.54,6.0E-63,1.8E-58,inb-vip
RPS3A,-0.664325104,2.26E-01,0.366,5.50E-63,1.63E-58,opc
EEF1A2,-0.752924172,0.321,0.458,5.3E-63,1.6E-58,inb-pv
RPL19,-0.691853234,2.08E-01,0.346,5.18E-63,1.54E-58,opc
OPRM1,0.759819087,0.523,0.402,4.9E-63,1.5E-58,L5/6
BSG,-0.53757987,0.64,0.724,4.8E-63,1.4E-58,endo
ROGDI,-1.029914427,0.153,0.272,4.7E-63,1.4E-58,inb-vip
SPINT2,-0.595412709,0.284,0.45,4.5E-63,1.3E-58,inb-sst
FIBP,-0.949381365,0.158,0.288,4.5E-63,1.3E-58,inb-pv
FAU,-0.61662916,0.341,0.481,4.2E-63,1.3E-58,inb-vip
SQLE,-0.72918737,0.318,0.472,3.9E-63,1.1E-58,L5/6-CC
RPS15A,-0.748587181,0.348,0.504,3.7E-63,1.1E-58,L5/6-CC
TIMM13,-0.85242083,0.191,0.339,3.2E-63,9.5E-59,L5/6-CC
RPS27A,-0.777754377,0.469,0.607,3.1E-63,9.2E-59,L5/6
UBXN1,-0.904833684,0.133,0.259,3.1E-63,9.2E-59,inb-pv
NRXN2,-0.524112993,0.514,0.666,3.1E-63,9.1E-59,L5/6-CC
BAD,-0.9758943,0.213,0.359,3.0E-63,8.9E-59,L5/6-CC
HLA-B,-0.598697656,0.508,0.614,3.0E-63,8.8E-59,endo
SCG5,-0.73316254,2.80E-01,0.415,2.78E-63,8.27E-59,opc
CD81,-0.815850021,0.327,0.482,2.6E-63,7.8E-59,L5/6-CC
RACK1,-0.604145809,0.229,0.395,2.5E-63,7.4E-59,inb-sst
DCTN3,-0.7739483,0.263,0.417,2.3E-63,6.9E-59,L5/6-CC
C12orf76,-0.571272853,0.44,0.599,2.0E-63,5.9E-59,L5/6-CC
COPZ1,-0.597185472,0.232,0.289,1.9E-63,5.6E-59,L2/3
MRPS36,-0.502552868,0.319,0.371,1.8E-63,5.4E-59,L2/3
PARP2,-0.534659472,0.235,0.324,1.7E-63,5.2E-59,L4
MRPS15,-0.596089648,0.229,0.285,1.7E-63,5.1E-59,L2/3
NDUFA11,-0.825993399,0.199,0.33,1.7E-63,5.1E-59,inb-vip
TMEM59L,-0.790306016,2.27E-01,0.358,1.67E-63,4.96E-59,opc
CSPG5,-0.566033745,0.281,0.335,1.6E-63,4.8E-59,L2/3
SERPINF1,-0.982789377,0.199,0.343,1.6E-63,4.7E-59,L5/6-CC
ATP5MF,-0.827592342,0.282,0.435,1.6E-63,4.6E-59,L5/6-CC
KCNJ9,-0.510259987,0.284,0.374,1.5E-63,4.6E-59,L4
SET,-0.804429978,0.356,0.507,1.5E-63,4.6E-59,L5/6
SOX4,-1.021238733,1.77E-01,0.305,1.50E-63,4.47E-59,opc
TRAPPC1,-0.997379326,0.156,0.296,1.3E-63,4.0E-59,L5/6-CC
KCNF1,-0.918759452,0.238,0.388,1.3E-63,4.0E-59,L5/6
TMEM134,-0.541077304,0.256,0.312,1.2E-63,3.7E-59,L2/3
FDPS,-0.703481176,0.166,0.312,1.2E-63,3.6E-59,inb-sst
SNU13,-0.702636668,0.369,0.533,1.2E-63,3.6E-59,L5/6-CC
TUBB2A,-1.269215395,0.397,0.6,1.2E-63,3.6E-59,inb-sv2c
RPS21,-0.540429957,0.278,0.455,1.1E-63,3.3E-59,inb-sst
FLAD1,-0.628134913,0.219,0.275,1.1E-63,3.2E-59,L2/3
MFSD4A,-0.511045094,0.539,0.688,1.0E-63,3.0E-59,L5/6-CC
NGRN,-0.56411818,0.444,0.564,9.9E-64,2.9E-59,inb-vip
SMIM10L1,-0.569436602,0.242,0.298,9.8E-64,2.9E-59,L2/3
TMEM18,-0.617263674,0.23,0.286,9.6E-64,2.9E-59,L2/3
ADAMTS2,1.045956338,0.305,0.178,8.6E-64,2.6E-59,L5/6-CC
ENC1,-0.59603365,0.271,0.399,8.1E-64,2.4E-59,micro
DRAP1,-0.761010387,0.287,0.443,7.9E-64,2.4E-59,L5/6-CC
PSMB4,-0.514159835,0.217,0.303,7.7E-64,2.3E-59,L4
PLA2G4A,-0.531683467,0.261,0.322,7.7E-64,2.3E-59,L2/3
ATP5PD,-0.943394551,0.229,0.366,7.6E-64,2.3E-59,inb-pv
NDUFA8,-0.750229954,0.297,0.452,7.0E-64,2.1E-59,L5/6-CC
MIS18BP1,-0.536275909,0.309,0.441,6.8E-64,2.0E-59,micro
REX1BD,-0.778531696,0.403,0.547,6.6E-64,2.0E-59,L5/6
CORO6,-0.611104435,0.261,0.428,6.6E-64,2.0E-59,inb-sst
ERCC1,-0.500312965,0.183,0.252,6.3E-64,1.9E-59,inb
REXO2,-0.518290329,0.276,0.334,6.1E-64,1.8E-59,L2/3
TMEM38A,-0.685726213,0.398,0.546,6.1E-64,1.8E-59,L5/6
RPS27A,-0.574834984,2.69E-01,0.416,5.48E-64,1.63E-59,opc
COPS6,-0.804755419,0.257,0.4,5.4E-64,1.6E-59,inb-pv
EMC7,-1.081896209,0.152,0.27,5.2E-64,1.5E-59,inb-vip
NDUFS3,-0.88820851,0.203,0.337,5.0E-64,1.5E-59,inb-pv
EPHA3,-0.679152202,0.199,0.353,4.8E-64,1.4E-59,L5/6-CC
B3GAT3,-0.790597202,0.27,0.423,4.8E-64,1.4E-59,L5/6-CC
YJEFN3,-0.656912558,0.142,0.285,4.7E-64,1.4E-59,inb-sst
NEDD8,-0.506975364,0.172,0.254,4.7E-64,1.4E-59,ast
NDUFA5,-0.508657509,0.556,0.703,4.4E-64,1.3E-59,L5/6-CC
HMGN4,-0.537725283,0.202,0.287,4.4E-64,1.3E-59,L4
ANK1,0.630513937,0.254,0.178,4.0E-64,1.2E-59,L4
LMF2,-0.532769081,0.171,0.253,3.7E-64,1.1E-59,L4
COX7A2,-0.621337014,0.208,0.373,3.6E-64,1.1E-59,inb-sst
SDF2,-0.664186747,0.212,0.267,3.6E-64,1.1E-59,L2/3
RPL36AL,-0.671287499,0.155,0.306,3.5E-64,1.0E-59,inb-sst
MRPS24,-0.912015485,0.188,0.336,3.4E-64,1.0E-59,L5/6-CC
CACNB3,-0.754380399,0.249,0.405,3.2E-64,9.6E-60,L5/6-CC
PTPRO,-0.608764262,2.77E-01,0.426,3.22E-64,9.56E-60,opc
SRP14,-0.58557312,0.511,0.669,3.2E-64,9.5E-60,L5/6-CC
NDUFA4,-0.897192526,0.606,0.74,2.9E-64,8.7E-60,inb-sv2c
FDFT1,-0.533059061,0.207,0.278,2.8E-64,8.3E-60,inb
B2M,-0.501195304,0.771,0.845,2.7E-64,8.2E-60,endo
SCN9A,0.700176275,0.321,0.247,2.6E-64,7.7E-60,L4
TOMM7,-0.7639595,0.277,0.42,2.4E-64,7.0E-60,inb-pv
PARK7,-0.688227716,0.371,0.529,2.3E-64,6.9E-60,L5/6-CC
ANKRD9,-1.127786962,0.141,0.264,2.3E-64,6.8E-60,inb-pv
RPL19,-0.820625874,0.382,0.535,2.3E-64,6.8E-60,L5/6
CYHR1,-0.801867503,0.281,0.409,2.1E-64,6.2E-60,inb-vip
RSAD1,-0.567889851,0.192,0.276,2.0E-64,6.1E-60,L4
SLC25A3,-0.55548064,0.198,0.281,2.0E-64,5.9E-60,ast
FNDC4,-0.9886593,0.147,0.287,1.9E-64,5.7E-60,L5/6
RPS12,-0.592576731,0.364,0.506,1.9E-64,5.7E-60,inb-vip
NEFL,-0.621602649,2.08E-01,0.351,1.75E-64,5.19E-60,opc
ATP6V0E2,-1.120101285,0.463,0.636,1.7E-64,5.0E-60,inb-sv2c
XKR9,1.168082835,0.364,0.242,1.6E-64,4.9E-60,L5/6-CC
NAT9,-0.797652612,0.277,0.431,1.5E-64,4.5E-60,L5/6-CC
RPL12,-0.97289755,0.275,0.431,1.5E-64,4.4E-60,L5/6
TPBG,-0.667054087,0.204,0.263,1.5E-64,4.4E-60,L2/3
CDK5R2,-0.797840019,0.239,0.394,1.5E-64,4.3E-60,L5/6
N4BP2,0.645541166,0.287,0.207,1.4E-64,4.3E-60,L4
CALY,-0.576371448,0.157,0.274,1.4E-64,4.1E-60,micro
GPAA1,-1.038154211,0.137,0.262,1.1E-64,3.4E-60,inb-pv
MLLT11,-0.588468875,0.143,0.259,1.1E-64,3.4E-60,micro
NDUFB1,-0.592450337,0.218,0.386,1.1E-64,3.2E-60,inb-sst
POLR3H,-0.571788174,0.278,0.332,1.1E-64,3.1E-60,L2/3
TMEM240,-1.053649846,0.207,0.356,1.0E-64,3.0E-60,L5/6
TMEM132A,-0.821792549,0.278,0.417,1.0E-64,3.0E-60,inb-pv
CDC37,-0.577283196,0.463,0.619,1.0E-64,3.0E-60,L5/6-CC
NAT14,-0.956781414,0.153,0.275,9.9E-65,2.9E-60,inb-vip
UBA6-AS1,0.738154218,5.18E-01,0.411,9.66E-65,2.87E-60,opc
COA6,-0.524791582,0.225,0.313,9.4E-65,2.8E-60,L4
SLC10A4,-1.139943814,0.165,0.284,9.4E-65,2.8E-60,inb-vip
PARK7,-0.808377718,0.266,0.401,8.9E-65,2.6E-60,inb-vip
AC120193.1,0.53541935,0.519,0.456,8.7E-65,2.6E-60,L4
MAP1LC3A,-0.804698936,1.25E-01,0.251,8.71E-65,2.59E-60,opc
PEA15,-0.54501441,0.464,0.637,8.1E-65,2.4E-60,L5/6-CC
GPR135,0.574635275,0.445,0.379,7.8E-65,2.3E-60,L4
RPS13,-0.739295979,0.293,0.43,7.6E-65,2.3E-60,inb-vip
FMNL2,0.599614875,0.643,0.587,7.5E-65,2.2E-60,micro
BBX,0.614344636,0.675,0.594,7.2E-65,2.1E-60,L5/6-CC
UBE2M,-0.929840487,0.157,0.278,7.0E-65,2.1E-60,inb-vip
PNMA1,-0.737089025,0.301,0.465,7.0E-65,2.1E-60,L5/6-CC
LGMN,-0.550003668,0.297,0.473,6.9E-65,2.0E-60,inb-sst
RNF187,-0.838328689,0.201,0.339,6.7E-65,2.0E-60,inb-pv
ARL6IP4,-0.698804834,0.25,0.388,6.7E-65,2.0E-60,inb-vip
SNTA1,-0.547498478,0.21,0.298,6.5E-65,1.9E-60,L4
UBE2S,-1.043161659,0.156,0.294,6.4E-65,1.9E-60,L5/6-CC
CALU,-0.596087017,0.412,0.57,6.4E-65,1.9E-60,L5/6-CC
SCG3,-0.574567626,0.537,0.679,6.3E-65,1.9E-60,L5/6-CC
ZNF436-AS1,-0.642540871,0.223,0.279,5.9E-65,1.7E-60,L2/3
TUBB,-0.555405741,0.445,0.609,5.7E-65,1.7E-60,L5/6-CC
TRAPPC5,-0.677948334,0.328,0.488,5.4E-65,1.6E-60,L5/6-CC
WARS2-AS1,0.693977188,0.37,0.296,5.1E-65,1.5E-60,L4
SAP18,-0.748637157,0.309,0.471,5.0E-65,1.5E-60,L5/6-CC
ATP5PD,-0.917195365,0.243,0.394,4.8E-65,1.4E-60,L5/6-CC
UQCR11,-0.91327438,1.33E-01,0.26,4.71E-65,1.40E-60,opc
FSD1,-0.632286988,0.383,0.546,4.6E-65,1.4E-60,L5/6-CC
FIS1,-0.780526564,0.198,0.34,4.6E-65,1.4E-60,inb-pv
NDUFA3,-0.840619014,0.229,0.37,4.5E-65,1.3E-60,inb-pv
RPS18,-0.729543201,2.24E-01,0.363,4.46E-65,1.33E-60,opc
SLC25A48,-0.501555932,0.306,0.391,4.4E-65,1.3E-60,ast
ACTR1B,-0.661229357,0.196,0.353,4.4E-65,1.3E-60,inb-sst
NDUFA13,-0.689563476,2.57E-01,0.395,4.16E-65,1.24E-60,opc
EIF3K,-0.680966252,0.365,0.509,3.9E-65,1.2E-60,inb-pv
NDUFA12,-0.702963942,0.363,0.502,3.8E-65,1.1E-60,inb-pv
ACAD8,-0.582860599,0.182,0.265,3.8E-65,1.1E-60,L4
RPL37A,-0.651639785,0.462,0.625,3.5E-65,1.0E-60,inb-sst
UBL5,-0.603220675,0.152,0.27,3.5E-65,1.0E-60,micro
COX7A2,-0.867373951,1.51E-01,0.284,3.18E-65,9.45E-61,opc
ATP5MC3,-0.61330694,0.15,0.268,3.0E-65,9.1E-61,micro
COX5B,-0.725143568,0.304,0.444,2.9E-65,8.7E-61,inb-vip
FAU,-0.554656619,0.273,0.448,2.6E-65,7.7E-61,inb-sst
ATP6V1F,-0.769165865,0.24,0.374,2.5E-65,7.4E-61,inb-vip
EIF3D,-0.596235242,0.17,0.251,2.4E-65,7.2E-61,L4
REXO2,-0.541487357,0.232,0.321,2.3E-65,6.9E-61,L4
IGSF8,-0.547801847,0.269,0.442,2.1E-65,6.3E-61,inb-sst
TADA3,-0.622021262,0.223,0.28,2.1E-65,6.3E-61,L2/3
COX6C,-0.64277286,0.515,0.64,2.0E-65,5.8E-61,inb-pv
TMEM259,-0.658917252,0.219,0.38,1.9E-65,5.7E-61,inb-sst
YWHAH,-0.521095094,0.523,0.646,1.9E-65,5.7E-61,endo
ATP6V1G2,-0.61094894,0.17,0.326,1.7E-65,5.0E-61,inb-sst
TMEM9,-0.512966269,0.239,0.327,1.7E-65,5.0E-61,L4
ITM2C,-0.705202839,0.342,0.473,1.7E-65,4.9E-61,inb-vip
STX1A,-0.752448061,0.247,0.39,1.6E-65,4.9E-61,inb-pv
MYL6,-0.881436394,1.51E-01,0.279,1.64E-65,4.88E-61,opc
ATP6V1G1,-0.814410967,0.286,0.432,1.6E-65,4.9E-61,inb-pv
KRT10,-0.562508054,0.181,0.265,1.6E-65,4.8E-61,L4
TMA7,-0.660637042,0.356,0.503,1.6E-65,4.8E-61,inb-pv
TMTC1,0.677171795,0.285,0.205,1.6E-65,4.8E-61,ast
TAF7,-0.509577458,0.195,0.267,1.4E-65,4.1E-61,inb
LY6H,-0.970640257,1.91E-01,0.32,1.36E-65,4.06E-61,opc
FAM89A,-0.84824449,0.16,0.309,1.3E-65,3.8E-61,inb-sst
NDUFS7,-0.846376493,0.236,0.38,1.3E-65,3.7E-61,inb-pv
PLXDC1,-0.559623074,0.265,0.324,1.3E-65,3.7E-61,L2/3
RETREG2,-0.727531656,0.278,0.414,1.2E-65,3.6E-61,inb-vip
VDAC3,-0.550534233,0.326,0.501,1.0E-65,3.1E-61,inb-sst
AP4M1,-0.544186212,0.244,0.303,1.0E-65,3.0E-61,L2/3
PHB,-1.092600148,0.133,0.259,1.0E-65,3.0E-61,inb-pv
ATP6V0B,-0.660751112,0.194,0.313,9.0E-66,2.7E-61,micro
SLC3A2,-0.537819222,0.253,0.343,8.9E-66,2.6E-61,L4
YJEFN3,-0.826422989,0.259,0.415,8.9E-66,2.6E-61,L5/6
DCTN3,-0.929223001,0.168,0.304,8.8E-66,2.6E-61,inb-pv
RPL36,-0.698698031,0.337,0.488,8.7E-66,2.6E-61,inb-pv
LRRC47,-0.585862412,0.244,0.301,8.5E-66,2.5E-61,L2/3
PLEKHJ1,-0.934849793,0.214,0.362,7.0E-66,2.1E-61,L5/6-CC
LRPAP1,-0.813179448,0.289,0.416,6.8E-66,2.0E-61,inb-vip
MAP1LC3A,-0.574354672,0.172,0.254,6.8E-66,2.0E-61,ast
MICOS10,-0.618032368,0.446,0.602,6.7E-66,2.0E-61,L5/6-CC
RPS15,-0.559845515,0.288,0.419,6.6E-66,2.0E-61,micro
MEG8,0.525513279,7.24E-01,0.674,6.36E-66,1.89E-61,opc
BBS2,0.529501749,3.14E-01,2.84E-01,6.23E-66,1.85E-61,oli
NDUFS2,-0.637007588,0.209,0.369,6.2E-66,1.8E-61,inb-sst
CALM2,-0.680658208,0.813,0.857,5.4E-66,1.6E-61,inb-sv2c
SLC25A29,-0.6150269,0.361,0.526,5.3E-66,1.6E-61,L5/6-CC
IKZF2,0.608569059,2.58E-01,2.23E-01,5.03E-66,1.50E-61,oli
TKT,-0.845689176,0.259,0.387,4.7E-66,1.4E-61,inb-vip
RPL21,-0.513553142,0.261,0.348,4.5E-66,1.3E-61,ast
PRRT2,-0.5399213,0.428,0.596,4.0E-66,1.2E-61,L5/6-CC
INF2,-1.062245368,0.23,0.382,3.9E-66,1.2E-61,L5/6
EEF1A1,-0.596457558,0.557,0.678,3.8E-66,1.1E-61,inb-pv
RAB26,-0.740636784,0.159,0.308,3.2E-66,9.6E-62,inb-sst
MYDGF,-1.013680683,0.137,0.259,3.2E-66,9.5E-62,inb-vip
RPLP1,-0.607212889,0.422,0.569,3.1E-66,9.3E-62,inb-pv
DIPK1B,-0.533278992,0.182,0.267,2.9E-66,8.7E-62,L4
PITHD1,-0.805357404,0.276,0.423,2.9E-66,8.5E-62,inb-pv
CKMT1B,-0.629246599,0.182,0.338,2.6E-66,7.6E-62,inb-sst
NDUFA4,-0.732533248,0.526,0.659,2.5E-66,7.3E-62,L5/6
NDUFB5,-0.746785774,0.324,0.466,2.5E-66,7.3E-62,inb-pv
LAPTM4B,-0.702502979,0.34,0.483,2.3E-66,7.0E-62,inb-pv
NRBP2,-0.594558778,0.441,0.589,2.0E-66,5.9E-62,L5/6-CC
RPS5,-0.632080055,0.172,0.33,1.9E-66,5.7E-62,inb-sst
RPS19BP1,-0.856122512,0.19,0.344,1.8E-66,5.4E-62,L5/6-CC
AP000462.1,-0.523846294,0.32,0.415,1.8E-66,5.4E-62,L4
RPL36AL,-0.878228303,0.197,0.332,1.7E-66,5.1E-62,inb-vip
COX6B1,-0.678730726,0.354,0.52,1.7E-66,5.0E-62,L5/6-CC
RING1,-0.763418728,0.31,0.472,1.6E-66,4.8E-62,L5/6-CC
SNAPC5,-0.6179092,0.21,0.269,1.6E-66,4.6E-62,L2/3
SERF2,-0.503239189,0.221,0.306,1.5E-66,4.6E-62,ast
CNP,-0.605611626,0.184,0.268,1.5E-66,4.4E-62,L4
THEM6,-0.51297523,0.247,0.307,1.4E-66,4.2E-62,L2/3
CNN3,0.555893074,0.375,0.288,1.4E-66,4.0E-62,ast
PKM,-0.595124215,0.508,0.615,1.3E-66,3.8E-62,inb-vip
RPL19,-0.554074213,0.276,0.41,1.2E-66,3.5E-62,micro
UBB,-0.777186496,0.403,0.559,1.1E-66,3.3E-62,L5/6
AC027031.2,-0.501901316,0.315,0.372,1.0E-66,3.0E-62,L2/3
DNAJA3,-0.538049061,0.236,0.327,9.9E-67,3.0E-62,L4
ATP1B1,-0.597492291,0.903,0.917,9.6E-67,2.9E-62,inb-sv2c
CD81,-0.880111341,0.236,0.379,9.3E-67,2.8E-62,inb-pv
CORO7,-0.528747156,0.204,0.292,8.9E-67,2.6E-62,L4
RPS23,-0.727611991,0.374,0.52,8.8E-67,2.6E-62,inb-pv
CCK,-0.865116074,0.414,0.573,8.8E-67,2.6E-62,L5/6
RPS12,-0.705129923,0.296,0.449,8.6E-67,2.6E-62,inb-pv
SLC2A1,-0.531771998,0.499,0.622,8.1E-67,2.4E-62,endo
ITM2C,-0.814708745,0.467,0.6,7.9E-67,2.4E-62,L5/6
MAFG,-0.52294302,0.241,0.33,7.9E-67,2.3E-62,L4
RPL15,-0.507957819,0.315,0.451,7.7E-67,2.3E-62,micro
OSBPL3,0.777931702,0.391,0.282,6.7E-67,2.0E-62,micro
SESN3,0.561042995,0.759,0.724,6.2E-67,1.9E-62,L5/6-CC
TANC2,0.716768256,0.425,0.319,5.6E-67,1.7E-62,micro
FLOT1,-0.508544208,0.489,0.653,5.3E-67,1.6E-62,L5/6-CC
MED10,-0.908022891,0.129,0.271,5.3E-67,1.6E-62,inb-sst
ATP6V0C,-0.676632434,3.02E-01,0.441,5.11E-67,1.52E-62,opc
MRPS7,-0.973960254,0.184,0.333,5.1E-67,1.5E-62,L5/6-CC
AL359091.1,-1.275073821,1.56E-01,0.282,4.54E-67,1.35E-62,opc
RPL17,-1.040210605,0.339,0.493,4.4E-67,1.3E-62,L5/6
EEF1B2,-0.880534059,0.196,0.338,4.3E-67,1.3E-62,inb-pv
BCL2L2,-0.581076556,0.254,0.345,4.3E-67,1.3E-62,L4
PSMB6,-1.098169905,0.132,0.26,4.1E-67,1.2E-62,inb-pv
SLC25A23,-0.583761021,0.38,0.544,4.0E-67,1.2E-62,L5/6-CC
DRAP1,-0.950284122,0.205,0.346,3.9E-67,1.2E-62,inb-pv
SRP14,-0.581476841,0.477,0.621,3.4E-67,1.0E-62,inb-pv
HSBP1,-0.720196004,0.159,0.312,3.4E-67,1.0E-62,inb-sst
TRAPPC3,-0.511391165,0.196,0.283,3.4E-67,1.0E-62,L4
TIMP2,-0.586374007,0.447,0.612,3.2E-67,9.6E-63,inb-sst
VASH1,-0.725905721,0.261,0.421,3.1E-67,9.2E-63,L5/6-CC
NSMF,-0.64812216,0.35,0.521,3.0E-67,9.0E-63,L5/6-CC
SV2A,-0.530211604,0.624,0.721,3.0E-67,8.8E-63,inb-pv
TESC,-0.593318446,0.503,0.654,2.8E-67,8.5E-63,L5/6-CC
RPS18,-0.596913756,0.413,0.545,2.8E-67,8.5E-63,inb-vip
LDHB,-0.838831644,2.54E-01,0.39,2.69E-67,7.99E-63,opc
ATP5MF,-0.704633844,0.158,0.313,2.6E-67,7.6E-63,inb-sst
YPEL3,-0.73283296,0.391,0.52,2.5E-67,7.5E-63,inb-vip
GSTK1,-0.797499067,0.326,0.483,2.4E-67,7.3E-63,L5/6-CC
CTSL,-0.840303129,0.304,0.446,2.3E-67,6.9E-63,inb-pv
FAU,-0.684796749,0.424,0.584,2.1E-67,6.3E-63,L5/6-CC
LINC01268,-0.820025361,0.153,0.266,2.1E-67,6.3E-63,micro
C18orf32,-0.702547433,0.213,0.376,1.8E-67,5.4E-63,inb-sst
EDF1,-0.885055795,0.281,0.444,1.8E-67,5.4E-63,L5/6
EML1,-0.711266566,0.152,0.268,1.8E-67,5.3E-63,micro
CYHR1,-0.594374939,0.485,0.641,1.7E-67,5.2E-63,L5/6-CC
SNRPD1,-0.525749678,0.225,0.315,1.6E-67,4.9E-63,L4
NMU,-0.713541083,0.23,0.392,1.6E-67,4.8E-63,inb-sst
NDUFC2,-0.919822786,0.357,0.513,1.5E-67,4.6E-63,L5/6
RNASE1,-0.882052149,0.266,0.388,1.5E-67,4.4E-63,endo
BLOC1S2,-0.539350013,0.264,0.356,1.4E-67,4.3E-63,L4
LDHB,-0.799339078,0.388,0.546,1.4E-67,4.3E-63,L5/6
H3F3B,-0.672497467,0.37,0.508,1.4E-67,4.2E-63,inb-vip
LTBP4,-0.54604678,0.31,0.365,1.4E-67,4.1E-63,L2/3
AP2M1,-0.527075499,0.232,0.315,1.4E-67,4.1E-63,ast
GSTK1,-0.766889311,0.358,0.499,1.3E-67,3.8E-63,inb-pv
LSM4,-0.790688181,0.242,0.398,1.2E-67,3.4E-63,L5/6-CC
ECE2,-0.629081251,0.47,0.58,1.1E-67,3.2E-63,inb-vip
CHKB,-0.905172556,0.246,0.385,1.0E-67,3.1E-63,inb-pv
CAPN10,-0.587873515,0.243,0.302,1.0E-67,3.1E-63,L2/3
HAX1,-0.864215456,0.228,0.384,1.0E-67,3.0E-63,L5/6-CC
UQCRQ,-0.9024204,0.211,0.354,9.5E-68,2.8E-63,inb-pv
RPL11,-0.540283921,0.305,0.488,9.4E-68,2.8E-63,inb-sst
GAP43,-0.627470584,2.39E-01,0.389,9.25E-68,2.75E-63,opc
SNU13,-0.733333798,0.292,0.442,8.8E-68,2.6E-63,inb-pv
H2AFZ,-0.609094065,0.22,0.389,8.0E-68,2.4E-63,inb-sst
CEND1,-0.716857837,0.291,0.431,7.5E-68,2.2E-63,inb-vip
RANBP1,-0.963810638,0.191,0.332,7.0E-68,2.1E-63,inb-pv
RPS18,-0.561291109,0.332,0.517,6.5E-68,1.9E-63,inb-sst
ENG,-0.67108255,0.445,0.558,6.2E-68,1.8E-63,endo
MZT2B,-0.65338434,0.309,0.458,5.8E-68,1.7E-63,inb-pv
PMPCA,-0.538829418,0.298,0.355,5.0E-68,1.5E-63,L2/3
UBC,-0.541707661,0.397,0.577,5.0E-68,1.5E-63,inb-sst
METTL26,-1.006731505,0.171,0.307,5.0E-68,1.5E-63,inb-pv
NDUFAF4,-0.515178394,0.241,0.332,4.5E-68,1.4E-63,L4
MRPL4,-0.877230414,0.213,0.355,4.5E-68,1.3E-63,inb-pv
DMAP1,-0.530684887,0.325,0.38,4.3E-68,1.3E-63,L2/3
RPL19,-0.620423579,0.402,0.539,4.3E-68,1.3E-63,inb-vip
HOOK2,-0.516640881,0.534,0.658,3.9E-68,1.2E-63,inb-pv
MOGS,-1.012609415,0.192,0.341,3.9E-68,1.2E-63,L5/6-CC
RGP1,-0.534037883,0.215,0.304,3.7E-68,1.1E-63,L4
GPAA1,-0.871346297,0.208,0.364,3.5E-68,1.0E-63,L5/6-CC
MFSD4B,0.659621687,0.262,0.181,3.4E-68,1.0E-63,ast
PPP1R11,-0.600547122,0.233,0.292,3.4E-68,1.0E-63,L2/3
MRPL4,-0.76950356,0.275,0.434,3.2E-68,9.5E-64,L5/6-CC
RPS5,-0.745375967,0.215,0.364,2.7E-68,8.1E-64,inb-pv
HMBOX1,0.504033095,0.447,0.36,2.7E-68,8.0E-64,ast
HAX1,-1.059011969,0.132,0.255,2.7E-68,7.9E-64,inb-vip
PMM1,-0.838215894,0.232,0.388,2.7E-68,7.9E-64,L5/6-CC
PKDCC,-0.638150718,0.216,0.303,2.7E-68,7.9E-64,L4
PSMD2,-0.704628808,0.347,0.509,2.5E-68,7.4E-64,L5/6-CC
CNDP2,-0.558242085,0.177,0.262,2.4E-68,7.2E-64,L4
STXBP5-AS1,0.584382516,0.736,0.641,2.4E-68,7.2E-64,L5/6-CC
DCTN2,-0.729958216,0.188,0.348,2.4E-68,7.1E-64,inb-sst
PRMT8,-0.575650637,0.543,0.683,2.4E-68,7.1E-64,L5/6-CC
IGFBP7,-0.546796249,0.632,0.735,2.3E-68,7.0E-64,endo
CA4,-0.981254105,0.285,0.403,2.3E-68,6.9E-64,endo
ARRB2,-0.561180014,0.233,0.323,2.2E-68,6.7E-64,L4
LGI2,-0.811468013,0.287,0.43,2.2E-68,6.6E-64,inb-pv
REEP5,-0.587940278,0.559,0.672,2.1E-68,6.1E-64,inb-pv
NDUFB8,-0.639561815,0.205,0.331,1.8E-68,5.5E-64,micro
DDA1,-0.565899889,0.177,0.263,1.8E-68,5.4E-64,L4
PTMA,-0.560746641,0.476,0.618,1.8E-68,5.3E-64,inb-pv
SEMA6B,-0.508014901,0.387,0.433,1.8E-68,5.3E-64,L2/3
MICOS10,-0.63064407,0.234,0.407,1.8E-68,5.2E-64,inb-sst
NHP2,-1.098351666,0.168,0.314,1.7E-68,5.1E-64,L5/6-CC
H2AFZ,-0.649672875,0.406,0.572,1.7E-68,5.0E-64,L5/6-CC
NME2,-0.613145276,0.442,0.61,1.7E-68,5.0E-64,L5/6-CC
GPR162,-0.655208949,0.394,0.554,1.6E-68,4.8E-64,L5/6-CC
SELENOW,-0.644251629,3.01E-01,0.448,1.62E-68,4.81E-64,opc
TRPS1,0.802555142,0.342,0.232,1.6E-68,4.7E-64,micro
PTGES2,-0.770866822,0.255,0.417,1.6E-68,4.7E-64,L5/6-CC
TRIR,-0.805555159,0.268,0.429,1.2E-68,3.7E-64,L5/6-CC
PPDPF,-0.965814671,0.146,0.281,1.2E-68,3.6E-64,inb-pv
RPL23A,-0.688426087,0.201,0.367,1.1E-68,3.3E-64,inb-sst
EPN1,-0.53982996,0.327,0.381,1.1E-68,3.3E-64,L2/3
B3GNT5,-0.551927762,0.263,0.397,1.1E-68,3.3E-64,micro
AC015943.1,-0.721566655,0.364,0.413,1.1E-68,3.3E-64,L2/3
MRPS18C,-0.500394649,0.231,0.322,1.1E-68,3.3E-64,L4
VSTM2L,-0.6777813,0.443,0.581,9.6E-69,2.8E-64,inb-pv
GUK1,-0.751549692,0.169,0.289,9.3E-69,2.8E-64,micro
VDAC2,-0.850162705,0.245,0.377,9.2E-69,2.7E-64,inb-vip
HSBP1,-0.674535644,0.303,0.47,9.0E-69,2.7E-64,L5/6-CC
ATP5PF,-0.729148619,0.332,0.474,8.4E-69,2.5E-64,inb-vip
RPL36AL,-0.78773886,0.267,0.428,8.3E-69,2.5E-64,L5/6-CC
TMEM25,-0.510683758,0.266,0.361,8.1E-69,2.4E-64,L4
AC025569.1,-0.613128667,0.194,0.322,7.7E-69,2.3E-64,micro
CNPY2,-0.609421118,0.434,0.595,7.6E-69,2.3E-64,L5/6-CC
CFL1,-0.762252478,0.451,0.599,7.5E-69,2.2E-64,L5/6
TCIM,-0.893543656,0.293,0.437,7.3E-69,2.2E-64,inb-pv
SCG3,-0.600346754,0.416,0.586,7.1E-69,2.1E-64,inb-sst
VGF,-1.126325326,0.119,0.26,6.9E-69,2.1E-64,L5/6
FKBP8,-0.583894874,0.244,0.418,6.5E-69,1.9E-64,inb-sst
ATP5IF1,-0.56186994,0.196,0.327,6.2E-69,1.8E-64,micro
CCDC24,-0.76653393,0.305,0.465,6.1E-69,1.8E-64,L5/6-CC
NMRAL1,-0.56798253,0.196,0.285,6.0E-69,1.8E-64,L4
STMN3,-0.68848374,0.394,0.526,5.9E-69,1.7E-64,inb-vip
PARK7,-0.820042201,1.53E-01,0.29,5.36E-69,1.59E-64,opc
ELOB,-0.755282836,0.264,0.405,5.2E-69,1.6E-64,inb-vip
RPL18A,-0.742385322,0.283,0.436,5.1E-69,1.5E-64,inb-pv
COX6B1,-0.708448066,0.147,0.265,5.1E-69,1.5E-64,micro
GNA12,0.58750196,0.318,0.229,4.8E-69,1.4E-64,ast
TSPOAP1,-0.666396429,0.264,0.345,4.7E-69,1.4E-64,ast
AC093523.1,0.947162772,0.542,0.43,4.6E-69,1.4E-64,L5/6-CC
ACAP3,-0.874836757,0.474,0.616,4.4E-69,1.3E-64,L5/6
ULK3,-0.829506119,0.128,0.271,4.2E-69,1.2E-64,inb-sst
TECPR1,-0.632168753,0.387,0.55,4.1E-69,1.2E-64,L5/6-CC
FBXL15,-0.940534829,0.208,0.35,4.1E-69,1.2E-64,inb-pv
SEC62,-0.557983948,0.58,0.69,4.0E-69,1.2E-64,inb-pv
RPL8,-0.74318809,1.88E-01,0.332,3.71E-69,1.10E-64,opc
TLE5,-0.517549072,0.339,0.525,3.7E-69,1.1E-64,inb-sst
RPL26,-0.692361145,2.23E-01,0.371,3.64E-69,1.08E-64,opc
PLPBP,-0.546377337,0.173,0.258,3.6E-69,1.1E-64,L4
MAP2K2,-0.799845705,0.315,0.455,3.5E-69,1.0E-64,inb-pv
METTL3,-0.538662985,0.179,0.265,3.4E-69,1.0E-64,L4
TIMM50,-0.573015471,0.257,0.316,3.4E-69,1.0E-64,L2/3
UTRN,-0.763647931,1.81E-01,0.323,3.26E-69,9.68E-65,opc
NDUFB10,-0.851775164,0.3,0.461,3.2E-69,9.5E-65,L5/6-CC
CACNA1C,0.512176406,0.377,0.284,3.2E-69,9.4E-65,ast
AURKAIP1,-0.906885372,0.113,0.253,3.1E-69,9.2E-65,inb-sst
FAM131A,-0.893493484,0.351,0.512,3.1E-69,9.1E-65,L5/6
AC093865.1,1.101136122,0.413,0.28,3.0E-69,8.9E-65,L5/6-CC
AC068308.1,-0.79599379,0.175,0.256,2.8E-69,8.2E-65,ast
ACOT8,-0.522757752,0.293,0.351,2.6E-69,7.7E-65,L2/3
GAA,-0.513407069,0.207,0.296,2.4E-69,7.3E-65,L4
GOT1,-0.56199367,0.555,0.672,2.4E-69,7.2E-65,inb-pv
AC068587.4,0.664441165,0.609,0.508,2.3E-69,6.7E-65,inb-pv
CALM1,-0.622113525,0.902,0.923,2.1E-69,6.3E-65,inb-sv2c
CADPS2,0.646033459,0.719,0.66,2.1E-69,6.2E-65,L5/6
PMEPA1,-0.700709206,0.215,0.303,2.1E-69,6.2E-65,L4
CTSF,-0.70155303,0.18,0.338,2.1E-69,6.2E-65,inb-sst
NTNG2,-0.519709167,0.201,0.291,2.0E-69,6.0E-65,L4
VDAC3,-0.652385487,0.419,0.546,2.0E-69,6.0E-65,inb-vip
HSF4,-0.513634398,0.21,0.284,2.0E-69,5.9E-65,inb
PTPRT,0.589927035,0.752,0.621,1.6E-69,4.9E-65,L5/6
NDUFAB1,-0.813982973,0.281,0.425,1.6E-69,4.8E-65,inb-pv
ELOB,-0.65420018,0.151,0.271,1.6E-69,4.7E-65,micro
DTNA,0.731061764,0.429,0.322,1.6E-69,4.7E-65,micro
TM7SF2,-1.15955821,0.133,0.275,1.4E-69,4.2E-65,L5/6
RPSA,-0.583007864,0.252,0.428,1.4E-69,4.1E-65,inb-sst
HOOK2,-0.714350553,0.245,0.413,1.4E-69,4.0E-65,inb-sst
RNASEK,-0.624384536,0.182,0.308,1.4E-69,4.0E-65,micro
SCN2B,-0.740227236,0.286,0.425,1.3E-69,4.0E-65,inb-vip
HOPX,-1.00928985,0.165,0.306,1.2E-69,3.7E-65,inb-pv
ABHD14A,-0.844882774,0.16,0.313,1.2E-69,3.7E-65,inb-sst
CYCS,-0.747511787,0.14,0.257,1.2E-69,3.7E-65,micro
UQCRQ,-1.110780592,0.158,0.309,1.1E-69,3.4E-65,L5/6
CCDC85B,-0.841547634,0.396,0.553,1.1E-69,3.3E-65,L5/6
SUMO2,-0.597643905,0.174,0.259,1.1E-69,3.2E-65,ast
RIN1,-0.68940281,0.2,0.26,1.0E-69,3.1E-65,L2/3
SEZ6,-0.63349517,0.241,0.301,9.7E-70,2.9E-65,L2/3
NDUFB2,-0.673127845,0.349,0.498,9.6E-70,2.8E-65,inb-pv
AL162231.1,-1.004820817,0.17,0.319,8.8E-70,2.6E-65,L5/6-CC
AC079382.2,0.722117345,0.286,0.206,7.5E-70,2.2E-65,L4
TMEM240,-0.850523287,0.261,0.422,7.1E-70,2.1E-65,L5/6-CC
NDUFB9,-0.936087942,0.254,0.4,6.9E-70,2.1E-65,inb-pv
COX7C,-0.722421743,2.33E-01,0.382,6.80E-70,2.02E-65,opc
CIAO2B,-0.779709724,0.284,0.449,6.5E-70,1.9E-65,L5/6-CC
LY6E,-1.026019633,0.254,0.414,6.2E-70,1.8E-65,L5/6
RPS3A,-0.573934203,0.251,0.386,6.2E-70,1.8E-65,micro
DPH7,-0.531145509,0.225,0.316,6.1E-70,1.8E-65,L4
NEDD8,-0.564685189,0.23,0.406,5.8E-70,1.7E-65,inb-sst
SYT5,-0.933060087,0.151,0.288,5.6E-70,1.7E-65,inb-pv
STARD4,-0.543115852,0.317,0.373,5.3E-70,1.6E-65,L2/3
TTC9B,-1.019716864,1.48E-01,0.278,5.22E-70,1.55E-65,opc
CUTA,-0.903810162,0.128,0.272,4.7E-70,1.4E-65,inb-sst
PSMA7,-0.687926093,0.185,0.346,4.7E-70,1.4E-65,inb-sst
QTRT1,-0.597881131,0.491,0.649,4.5E-70,1.3E-65,L5/6-CC
AL583808.1,0.827833448,0.272,0.194,4.3E-70,1.3E-65,L4
AGAP2,-0.612841971,0.405,0.571,4.2E-70,1.3E-65,L5/6-CC
ILF3-DT,-0.602849613,0.243,0.303,3.9E-70,1.2E-65,L2/3
GABARAPL2,-0.741523172,0.323,0.468,3.9E-70,1.2E-65,inb-vip
NDUFA11,-0.784094877,0.238,0.389,3.7E-70,1.1E-65,inb-pv
ENO2,-0.591150465,0.533,0.661,3.6E-70,1.1E-65,inb-pv
ATP5MC3,-0.856225249,0.299,0.468,3.2E-70,9.4E-66,L5/6
RPL37A,-0.820610058,0.488,0.605,3.1E-70,9.4E-66,inb-pv
YJEFN3,-0.723314205,0.381,0.543,3.0E-70,8.8E-66,L5/6-CC
RPL24,-0.670847839,0.387,0.537,2.9E-70,8.5E-66,inb-pv
SOD1,-0.511759969,0.346,0.537,2.8E-70,8.4E-66,inb-sst
TLE5,-0.634837865,0.487,0.62,2.6E-70,7.7E-66,inb-pv
ADCK5,-0.604286971,0.251,0.31,2.5E-70,7.3E-66,L2/3
DNAJA1,-0.813326344,0.335,0.483,2.4E-70,7.3E-66,inb-pv
UCHL1,-0.553028606,0.3,0.435,2.4E-70,7.1E-66,micro
RHOT2,-0.768132477,0.137,0.286,2.2E-70,6.5E-66,inb-sst
ATP5F1E,-0.88008545,0.344,0.505,2.2E-70,6.5E-66,L5/6
ATP5F1B,-0.586746891,0.497,0.657,2.1E-70,6.2E-66,L5/6-CC
ARL4C,-0.635195412,0.353,0.532,2.0E-70,6.1E-66,inb-sst
ANKRD13D,-0.829086194,0.329,0.472,2.0E-70,6.0E-66,inb-pv
VASH1,-0.644140272,0.199,0.286,2.0E-70,5.9E-66,L4
NDUFS2,-0.683329738,0.419,0.554,2.0E-70,5.9E-66,inb-pv
BNC2,1.622863644,0.256,0.145,2.0E-70,5.9E-66,endo
MMP25-AS1,-0.530809957,0.275,0.335,1.9E-70,5.7E-66,L2/3
ARF5,-0.805830222,0.127,0.274,1.9E-70,5.6E-66,inb-sst
ATP5IF1,-0.766019277,1.91E-01,0.335,1.78E-70,5.30E-66,opc
STUB1,-0.989950589,0.244,0.405,1.7E-70,5.2E-66,L5/6
COMMD3,-0.606751906,0.234,0.294,1.7E-70,5.1E-66,L2/3
ANKRD52,-0.521706408,0.208,0.298,1.7E-70,5.1E-66,L4
RABAC1,-0.766401105,0.173,0.33,1.7E-70,4.9E-66,inb-sst
GTF2H2,-0.562673168,0.243,0.335,1.6E-70,4.7E-66,L4
RPS2,-0.755822772,0.324,0.477,1.6E-70,4.6E-66,inb-pv
PINK1,-0.736472389,0.286,0.437,1.5E-70,4.6E-66,inb-pv
TMEM59L,-0.588649735,0.221,0.307,1.5E-70,4.5E-66,ast
TPT1,-0.619696269,0.427,0.573,1.5E-70,4.4E-66,inb-pv
EID1,-0.764955751,2.46E-01,0.39,1.44E-70,4.27E-66,opc
KCNH3,-0.859823672,0.435,0.577,1.3E-70,4.0E-66,L5/6
PHPT1,-0.944106328,0.161,0.301,1.3E-70,4.0E-66,inb-pv
RTN2,-0.792655227,0.269,0.433,1.3E-70,4.0E-66,L5/6-CC
NME3,-0.590295046,0.194,0.36,1.2E-70,3.6E-66,inb-sst
NDUFB7,-0.816796238,0.213,0.362,1.1E-70,3.4E-66,inb-pv
GAB2,0.68870091,0.259,0.176,1.1E-70,3.2E-66,ast
RPL26,-0.671860254,0.413,0.551,1.1E-70,3.2E-66,inb-vip
MSMO1,-0.514726063,0.199,0.288,9.8E-71,2.9E-66,ast
AP1S1,-0.938341686,0.148,0.279,9.1E-71,2.7E-66,inb-vip
CREG1,-0.516305312,0.213,0.288,8.9E-71,2.6E-66,inb
UQCR11,-0.773896095,0.266,0.421,8.8E-71,2.6E-66,inb-pv
CTSD,-0.76012361,0.284,0.424,8.6E-71,2.6E-66,inb-vip
TCEA2,-0.688385779,0.376,0.537,8.5E-71,2.5E-66,L5/6-CC
RPS26,-1.093213445,0.267,0.422,8.4E-71,2.5E-66,L5/6
VPS4A,-0.523423752,0.181,0.255,7.6E-71,2.2E-66,inb
DEF8,-0.514241786,0.257,0.351,7.4E-71,2.2E-66,L4
EEF1G,-0.67009177,0.181,0.344,7.4E-71,2.2E-66,inb-sst
RAB3B,-0.693652995,0.356,0.525,6.7E-71,2.0E-66,inb-sst
MAL2,-0.624572155,0.473,0.626,6.4E-71,1.9E-66,L5/6-CC
TOMM7,-0.763851403,0.369,0.539,6.1E-71,1.8E-66,L5/6-CC
RGS4,-0.705473559,1.70E-01,0.319,6.05E-71,1.80E-66,opc
BTF3,-0.983192715,0.192,0.329,5.6E-71,1.7E-66,inb-vip
IAH1,-0.520838616,0.307,0.405,5.3E-71,1.6E-66,L4
FXYD6,-0.590993251,4.17E-01,0.559,5.27E-71,1.57E-66,opc
CLSTN3,-0.560332889,0.338,0.522,5.0E-71,1.5E-66,inb-sst
MRPL28,-0.981576297,0.144,0.292,4.8E-71,1.4E-66,L5/6-CC
ZNF580,-0.741999406,0.222,0.279,4.7E-71,1.4E-66,L2/3
PGAM1,-0.617188908,0.189,0.355,4.6E-71,1.4E-66,inb-sst
CMAS,-0.636541051,0.465,0.621,4.3E-71,1.3E-66,L5/6-CC
SEMA6B,-0.568649289,0.193,0.265,3.8E-71,1.1E-66,inb
SNCB,-0.698720367,0.352,0.507,3.6E-71,1.1E-66,inb-pv
DPF1,-0.657142463,0.425,0.597,3.0E-71,9.0E-67,L5/6-CC
SYF2,-0.616463785,0.185,0.273,2.9E-71,8.7E-67,L4
PNOC,-1.306970316,0.124,0.252,2.9E-71,8.6E-67,inb-pv
CYCS,-0.940039929,1.24E-01,0.257,2.70E-71,8.03E-67,opc
RPS25,-0.89578287,0.291,0.441,2.2E-71,6.5E-67,inb-pv
RPL32,-0.665933331,0.43,0.576,1.9E-71,5.8E-67,inb-pv
COX4I1,-0.545808372,0.251,0.39,1.9E-71,5.7E-67,micro
CALM1,-0.526158927,6.94E-01,0.767,1.83E-71,5.43E-67,opc
NDUFA12,-0.643764732,0.186,0.352,1.5E-71,4.4E-67,inb-sst
POMT1,-0.731367907,0.273,0.438,1.4E-71,4.3E-67,L5/6-CC
ATP6V0C,-0.911076505,0.663,0.772,1.4E-71,4.2E-67,inb-sv2c
RNF150,0.952338157,0.292,0.186,1.4E-71,4.2E-67,micro
COX7A2,-0.670778833,0.154,0.279,1.4E-71,4.1E-67,micro
ATP5F1E,-0.587992286,0.272,0.41,1.3E-71,4.0E-67,micro
MZT2B,-0.635417188,0.426,0.595,1.3E-71,3.8E-67,L5/6-CC
RPL17,-0.581820425,0.291,0.472,1.3E-71,3.8E-67,inb-sst
TUFM,-0.943657192,0.181,0.315,1.2E-71,3.7E-67,inb-vip
UQCRH,-0.586902453,0.533,0.688,1.2E-71,3.6E-67,L5/6-CC
ATP5MF,-0.89594267,0.237,0.387,1.1E-71,3.1E-67,inb-pv
ARF3,-0.716319215,0.357,0.505,1.0E-71,3.1E-67,inb-pv
GRINA,-0.638443427,0.172,0.333,9.7E-72,2.9E-67,inb-sst
RPL7A,-0.70365885,2.54E-01,0.405,8.62E-72,2.56E-67,opc
COX4I1,-0.65233744,2.48E-01,0.4,8.54E-72,2.54E-67,opc
UQCRFS1,-0.986408049,0.159,0.291,8.5E-72,2.5E-67,inb-vip
NUMBL,-0.572148265,0.208,0.299,8.2E-72,2.4E-67,L4
MAP1S,-0.619955728,0.196,0.284,8.2E-72,2.4E-67,L4
TMEM14C,-0.696236769,0.202,0.262,8.0E-72,2.4E-67,L2/3
RPL29,-0.577723714,0.246,0.426,7.9E-72,2.3E-67,inb-sst
GPX4,-0.837851996,0.383,0.544,7.7E-72,2.3E-67,L5/6
ATP5MD,-0.626892077,0.516,0.669,7.5E-72,2.2E-67,L5/6-CC
PPIA,-0.532312855,0.559,0.718,7.5E-72,2.2E-67,L5/6-CC
RPL17,-0.552180814,0.22,0.309,7.3E-72,2.2E-67,ast
DCHS2,0.503093303,0.267,0.196,7.2E-72,2.1E-67,L2/3
COX6C,-0.783572939,2.65E-01,0.414,7.17E-72,2.13E-67,opc
ATP5PO,-0.782499509,0.339,0.501,7.0E-72,2.1E-67,L5/6-CC
SFXN4,-0.586375582,0.246,0.339,6.7E-72,2.0E-67,L4
TMEM130,-0.517336415,0.332,0.525,6.7E-72,2.0E-67,inb-sst
LINC02755,-0.539586943,0.31,0.373,6.5E-72,1.9E-67,L2/3
BACE2,-0.711700875,0.322,0.489,6.2E-72,1.8E-67,L5/6-CC
UQCR10,-0.746885993,0.359,0.509,6.2E-72,1.8E-67,inb-pv
PPIA,-0.516041568,0.247,0.386,5.9E-72,1.8E-67,micro
ENC1,-0.50736557,0.27,0.364,5.8E-72,1.7E-67,ast
PHKG2,-0.54483624,0.303,0.362,5.8E-72,1.7E-67,L2/3
DBNDD2,-0.991253106,0.221,0.38,5.1E-72,1.5E-67,L5/6-CC
PARP8,0.510223811,0.811,0.783,4.7E-72,1.4E-67,L5/6-CC
UBAC1,-0.527579953,0.232,0.325,4.3E-72,1.3E-67,L4
HSD11B1L,-0.855578161,0.274,0.434,4.1E-72,1.2E-67,L5/6-CC
PNOC,-1.354006171,0.142,0.265,4.1E-72,1.2E-67,inb-vip
PTGES2,-0.966800276,0.187,0.328,4.0E-72,1.2E-67,inb-pv
ATP6V0B,-0.876541145,1.94E-01,0.334,3.90E-72,1.16E-67,opc
TIMM13,-1.063343002,0.126,0.253,3.7E-72,1.1E-67,inb-vip
NDUFA5,-0.667171933,0.155,0.279,3.6E-72,1.1E-67,micro
HSPA8,-0.631036028,0.512,0.617,3.6E-72,1.1E-67,endo
PMEPA1,-0.919358489,0.149,0.264,3.6E-72,1.1E-67,micro
NDUFS5,-0.655954008,0.407,0.581,3.6E-72,1.1E-67,L5/6-CC
PSMB6,-1.024061153,0.206,0.361,3.3E-72,9.8E-68,L5/6-CC
OCIAD1,-0.586538913,0.59,0.678,3.3E-72,9.7E-68,inb-vip
BCAN,-0.564514335,0.308,0.393,3.2E-72,9.6E-68,ast
CYP46A1,-0.624308605,0.25,0.338,3.2E-72,9.5E-68,ast
NCLN,-0.528517303,0.213,0.305,3.2E-72,9.5E-68,L4
ATP6V0B,-0.803959316,0.406,0.554,3.2E-72,9.4E-68,L5/6
GHR,0.672034129,0.68,0.57,3.1E-72,9.3E-68,L5/6
TOX4,-0.5073235,0.278,0.376,3.1E-72,9.2E-68,L4
PSMC3,-0.961265477,0.24,0.4,2.8E-72,8.4E-68,L5/6-CC
ATP6V0D1,-0.824229222,0.272,0.411,2.7E-72,8.1E-68,inb-vip
PNKP,-0.560779321,0.261,0.321,2.7E-72,8.1E-68,L2/3
GPR162,-0.895645935,0.132,0.28,2.5E-72,7.5E-68,inb-sst
COMMD2,-0.603578774,0.239,0.332,2.4E-72,7.2E-68,L4
AMDHD2,-0.60840438,0.179,0.267,2.4E-72,7.1E-68,L4
FAU,-0.633483817,0.316,0.476,2.4E-72,7.1E-68,inb-pv
COX17,-0.573151368,0.17,0.258,2.2E-72,6.7E-68,L4
AP003086.1,0.650651653,3.46E-01,3.18E-01,2.15E-72,6.38E-68,oli
MAP7D1,-0.518017026,0.251,0.345,2.1E-72,6.2E-68,L4
EID1,-0.558005608,0.486,0.654,2.0E-72,5.9E-68,L5/6-CC
SSNA1,-1.077741634,0.203,0.357,1.8E-72,5.4E-68,L5/6-CC
WDR83,-0.624485257,0.191,0.254,1.8E-72,5.3E-68,L2/3
CACNA1G,-0.699497505,0.335,0.507,1.6E-72,4.7E-68,L5/6-CC
PDIA2,-0.522452399,0.231,0.324,1.6E-72,4.7E-68,L4
UBE2M,-1.02912329,0.2,0.342,1.3E-72,3.8E-68,inb-pv
SEC11C,-0.836455619,0.134,0.285,1.2E-72,3.7E-68,inb-sst
CGREF1,-0.94268049,0.209,0.365,1.2E-72,3.5E-68,L5/6-CC
ATP5IF1,-0.558525985,0.308,0.493,1.0E-72,3.1E-68,inb-sst
PLEKHJ1,-1.189500438,0.122,0.253,1.0E-72,3.0E-68,inb-pv
VWA5B2,-0.863012075,0.248,0.413,1.0E-72,3.0E-68,L5/6-CC
RPS23,-0.812001699,0.464,0.626,9.9E-73,2.9E-68,L5/6-CC
UQCR11,-0.560405252,0.191,0.281,9.8E-73,2.9E-68,ast
SPATA33,-0.605062943,0.177,0.263,9.5E-73,2.8E-68,L4
RPL19,-0.527389816,0.31,0.503,9.3E-73,2.8E-68,inb-sst
NEIL1,-0.681327034,0.392,0.556,8.8E-73,2.6E-68,L5/6-CC
AC021613.1,0.869194772,0.609,0.528,8.5E-73,2.5E-68,L5/6-CC
SPHKAP,-0.582581922,0.253,0.348,8.3E-73,2.5E-68,L4
ATP5F1E,-0.817958696,2.25E-01,0.375,8.15E-73,2.42E-68,opc
UBB,-0.522167249,0.523,0.634,8.0E-73,2.4E-68,endo
ILF2,-0.661022615,0.218,0.28,8.0E-73,2.4E-68,L2/3
KMT5A,-0.582348306,0.244,0.337,6.9E-73,2.0E-68,L4
APLP1,-0.768695264,0.433,0.552,6.7E-73,2.0E-68,inb-vip
COX7C,-0.562895064,0.248,0.389,6.5E-73,1.9E-68,micro
LY6E,-0.954406501,0.158,0.293,6.2E-73,1.8E-68,inb-vip
CYP51A1,-0.813428393,0.321,0.458,6.1E-73,1.8E-68,inb-vip
GOT1,-0.625468572,0.257,0.434,6.0E-73,1.8E-68,inb-sst
EEF1B2,-0.847876588,0.248,0.411,5.9E-73,1.7E-68,L5/6-CC
MRAS,0.635942322,0.392,0.309,5.9E-73,1.7E-68,ast
ECE2,-0.709659733,0.409,0.555,5.6E-73,1.7E-68,inb-pv
CAMKV,-0.656363817,0.462,0.624,5.5E-73,1.6E-68,L5/6-CC
OLFM1,-0.624860782,0.493,0.628,5.4E-73,1.6E-68,inb-pv
ATP5MC1,-0.79496634,0.35,0.518,5.3E-73,1.6E-68,L5/6-CC
PRELID1,-1.042325241,0.14,0.278,5.2E-73,1.5E-68,inb-pv
TECR,-0.655242472,0.206,0.29,5.1E-73,1.5E-68,ast
CTSF,-0.876757236,0.26,0.408,4.5E-73,1.3E-68,inb-pv
GABARAPL2,-0.64342301,0.411,0.589,4.5E-73,1.3E-68,L5/6-CC
DMWD,-0.525316114,0.209,0.301,4.4E-73,1.3E-68,L4
CHCHD10,-0.600218188,0.449,0.621,4.3E-73,1.3E-68,L5/6-CC
MRPS7,-1.17993725,0.148,0.284,3.9E-73,1.2E-68,inb-pv
CADM4,-0.934069814,0.137,0.287,3.7E-73,1.1E-68,inb-sst
DAGLA,-0.562376517,0.241,0.337,3.6E-73,1.1E-68,L4
APOE,-1.422210171,1.37E-01,0.263,3.49E-73,1.04E-68,opc
EGFL7,-0.900729427,0.256,0.418,3.4E-73,1.0E-68,L5/6-CC
ZFP36L2,-0.542559882,0.442,0.584,3.4E-73,1.0E-68,micro
TUBB4B,-0.697188907,0.151,0.309,3.3E-73,9.9E-69,inb-sst
RPL15,-0.661504916,2.93E-01,0.448,3.17E-73,9.41E-69,opc
RPL10A,-0.860331069,0.283,0.437,3.1E-73,9.3E-69,inb-pv
RPL35A,-0.56193019,0.282,0.468,3.0E-73,9.0E-69,inb-sst
TUBA4A,-0.669224582,0.18,0.347,3.0E-73,8.8E-69,inb-sst
TLE5,-0.557446671,0.52,0.694,3.0E-73,8.8E-69,L5/6-CC
B3GAT3,-0.934386515,0.241,0.391,2.8E-73,8.3E-69,inb-pv
NR3C2,0.605690386,0.668,0.567,2.7E-73,8.2E-69,L5/6
SSBP4,-0.857864799,0.247,0.385,2.5E-73,7.5E-69,inb-vip
DPP7,-0.65790027,0.399,0.541,2.5E-73,7.4E-69,inb-pv
KIFC2,-0.622047879,0.529,0.683,2.5E-73,7.3E-69,L5/6-CC
ZFAS1,-0.588937313,0.253,0.348,2.4E-73,7.1E-69,L4
RPL23A,-1.034480251,0.279,0.444,2.3E-73,6.9E-69,L5/6-CC
CCT2,-0.509609618,0.304,0.402,2.1E-73,6.2E-69,L4
ADAMTS9-AS2,0.505107833,0.74,0.675,2.1E-73,6.1E-69,inb-pv
SYNGR1,-0.714804977,0.247,0.423,2.1E-73,6.1E-69,inb-sst
FKBP8,-0.818204022,0.319,0.466,2.0E-73,5.9E-69,inb-pv
TTC28,0.530636847,0.762,0.688,1.9E-73,5.6E-69,L5/6
MICAL1,-0.503235791,0.364,0.417,1.9E-73,5.6E-69,L2/3
AP1S1,-1.083249098,0.211,0.375,1.7E-73,5.0E-69,L5/6
HDAC10,-0.582928469,0.18,0.27,1.5E-73,4.5E-69,L4
MIF,-0.725588105,0.409,0.564,1.5E-73,4.5E-69,inb-pv
LINC01727,-0.57148633,0.312,0.403,1.5E-73,4.5E-69,ast
DNAJC8,-0.52095259,0.201,0.279,1.5E-73,4.4E-69,inb
USP5,-0.503002514,0.22,0.314,1.5E-73,4.4E-69,L4
MTCH1,-0.54545137,0.35,0.54,1.4E-73,4.3E-69,inb-sst
CFL1,-0.543212881,0.306,0.498,1.3E-73,4.0E-69,inb-sst
LPCAT4,-0.677646867,0.436,0.604,1.2E-73,3.6E-69,L5/6-CC
JCAD,-0.774801306,0.331,0.496,1.2E-73,3.6E-69,L5/6-CC
PFDN5,-0.694752684,0.371,0.525,1.2E-73,3.4E-69,inb-pv
ATP5PF,-0.627299821,0.259,0.443,1.1E-73,3.4E-69,inb-sst
AC124854.1,0.589018187,0.492,0.424,1.1E-73,3.3E-69,L4
MFSD2A,-0.762677109,0.362,0.488,9.7E-74,2.9E-69,endo
RHBDL1,-0.778352614,0.365,0.528,9.3E-74,2.8E-69,L5/6-CC
NME3,-0.745582622,0.283,0.438,7.8E-74,2.3E-69,inb-pv
PDK2,-0.646588439,0.224,0.316,7.6E-74,2.3E-69,L4
EDF1,-0.7963839,0.14,0.259,7.4E-74,2.2E-69,micro
UBL5,-0.568450728,0.186,0.278,7.3E-74,2.2E-69,ast
SCAMP5,-0.502294192,0.594,0.694,7.0E-74,2.1E-69,inb-vip
CTSD,-0.955700783,0.241,0.387,6.7E-74,2.0E-69,inb-pv
SCG5,-0.714786939,0.171,0.301,6.6E-74,2.0E-69,micro
CPEB2,0.513429566,0.469,0.411,6.3E-74,1.9E-69,inb
MAPK3,-0.539437467,0.297,0.358,6.2E-74,1.8E-69,L2/3
SLC29A1,-0.544522643,0.195,0.271,6.1E-74,1.8E-69,inb
AC119673.2,1.446789073,0.278,0.159,5.9E-74,1.7E-69,inb-pv
CD63,-0.772084746,0.404,0.566,5.4E-74,1.6E-69,L5/6-CC
POLR2C,-0.542973777,0.285,0.346,5.3E-74,1.6E-69,L2/3
PDPR,-0.551246522,0.248,0.343,4.9E-74,1.5E-69,L4
TMEM222,-0.528117931,0.183,0.258,4.6E-74,1.4E-69,inb
ARFRP1,-0.547709526,0.17,0.259,4.6E-74,1.4E-69,L4
RIC8A,-0.654791085,0.237,0.298,4.6E-74,1.4E-69,L2/3
MAP1S,-0.524927327,0.325,0.384,4.4E-74,1.3E-69,L2/3
AC098588.3,0.59617726,0.759,0.716,4.3E-74,1.3E-69,L5/6-CC
UBB,-0.559161124,0.355,0.55,4.3E-74,1.3E-69,inb-sst
ICAM5,-0.746314744,0.292,0.464,4.0E-74,1.2E-69,L5/6-CC
FSCN1,-0.830249632,0.258,0.426,4.0E-74,1.2E-69,L5/6-CC
TUBA4A,-0.883805359,0.265,0.416,3.7E-74,1.1E-69,inb-pv
GABRD,-1.076763735,0.471,0.658,3.7E-74,1.1E-69,inb-sv2c
COX6C,-0.60080532,0.255,0.397,3.6E-74,1.1E-69,micro
TTYH3,-0.549684357,0.268,0.362,3.5E-74,1.1E-69,L4
STMN2,-0.537581228,0.503,0.68,3.4E-74,1.0E-69,inb-sst
MFGE8,-0.718641941,0.211,0.296,3.4E-74,1.0E-69,ast
AC093523.1,0.843586797,0.513,0.384,3.1E-74,9.1E-70,L5/6
RPL21,-0.717524419,0.4,0.536,2.9E-74,8.6E-70,inb-vip
C4orf3,-0.527860954,0.181,0.258,2.9E-74,8.5E-70,inb
DPYSL5,-0.747432205,0.348,0.515,2.8E-74,8.3E-70,L5/6-CC
RUNDC3A,-0.58095768,0.506,0.667,2.8E-74,8.2E-70,L5/6-CC
ATP6V1G2,-0.882079558,0.248,0.401,2.7E-74,8.0E-70,inb-pv
PSMC5,-0.861952117,0.282,0.446,2.4E-74,7.2E-70,L5/6-CC
GOLT1B,-0.528842763,0.572,0.718,2.4E-74,7.0E-70,L5/6-CC
LAMP5,-0.603176247,0.376,0.432,2.3E-74,6.9E-70,L2/3
SPCS1,-0.747257523,0.374,0.544,2.3E-74,6.8E-70,L5/6-CC
RHOT2,-0.734037809,0.323,0.476,2.3E-74,6.7E-70,inb-pv
MIR31HG,0.674966443,0.439,0.363,2.2E-74,6.5E-70,L4
RTF2,-0.520921662,0.263,0.361,2.1E-74,6.3E-70,L4
UBC,-0.683882464,0.462,0.582,2.1E-74,6.3E-70,inb-vip
MLX,-0.643944926,0.202,0.265,2.0E-74,6.1E-70,L2/3
STMN3,-0.611289971,0.308,0.491,1.9E-74,5.7E-70,inb-sst
PIM3,-1.072963761,0.159,0.311,1.9E-74,5.5E-70,L5/6-CC
RPS25,-0.984654916,0.308,0.473,1.8E-74,5.4E-70,L5/6
NEDD8,-0.992842281,0.307,0.472,1.7E-74,5.1E-70,L5/6
RPSA,-0.670620527,0.475,0.639,1.6E-74,4.9E-70,L5/6-CC
CYCS,-0.868286454,0.259,0.405,1.5E-74,4.6E-70,inb-vip
NSG1,-0.723814943,0.166,0.328,1.5E-74,4.5E-70,inb-sst
FCHO1,-0.531952097,0.226,0.321,1.5E-74,4.5E-70,L4
TAFA1,-0.533157139,0.276,0.372,1.4E-74,4.3E-70,ast
COMMD7,-0.520264946,0.243,0.322,1.4E-74,4.2E-70,inb
RNASEK,-0.908898356,0.368,0.522,1.4E-74,4.1E-70,L5/6
LINC00672,-0.505294629,0.294,0.36,1.4E-74,4.1E-70,L2/3
DYNLL1,-0.579133323,3.84E-01,0.539,1.36E-74,4.04E-70,opc
PLD3,-0.523001816,0.51,0.684,1.3E-74,3.9E-70,inb-sst
VSTM2B,-0.670022008,0.46,0.624,1.3E-74,3.9E-70,L5/6-CC
CA11,-0.871144266,0.344,0.504,1.2E-74,3.6E-70,L5/6
SSBP4,-0.954827565,0.247,0.393,1.2E-74,3.5E-70,inb-pv
GPS1,-0.641189908,0.176,0.264,1.0E-74,3.1E-70,L4
CAMK2N1,-0.655316595,2.54E-01,0.411,9.79E-75,2.91E-70,opc
MRPL55,-0.911825968,0.193,0.355,8.4E-75,2.5E-70,L5/6-CC
MOAP1,-0.835699049,0.272,0.417,8.2E-75,2.4E-70,inb-vip
RHBDL1,-0.959851498,0.145,0.298,8.1E-75,2.4E-70,inb-sst
COX7C,-0.532804944,0.34,0.536,7.8E-75,2.3E-70,inb-sst
FTH1,-0.887814502,0.717,0.823,7.8E-75,2.3E-70,inb-sv2c
TESC,-0.523270877,0.261,0.361,6.6E-75,2.0E-70,L4
AGRN,-1.132429892,0.16,0.318,6.6E-75,2.0E-70,L5/6
FTH1,-0.566525627,6.50E-01,0.745,6.52E-75,1.94E-70,opc
PHAX,-0.562388437,0.234,0.329,5.9E-75,1.8E-70,L4
HERPUD1,-0.51089341,0.204,0.281,5.8E-75,1.7E-70,inb
COX5A,-0.897779054,0.198,0.341,5.8E-75,1.7E-70,inb-vip
FGF1,-0.539302266,0.22,0.315,5.6E-75,1.7E-70,L4
NDUFC2,-0.591771122,0.179,0.267,5.6E-75,1.7E-70,ast
HINT1,-0.501602675,0.362,0.559,5.5E-75,1.6E-70,inb-sst
METTL26,-0.816567064,0.296,0.466,5.5E-75,1.6E-70,L5/6-CC
ATXN7L3B,-0.591845192,0.344,0.441,5.4E-75,1.6E-70,L4
XRRA1,0.624705063,2.53E-01,2.15E-01,5.40E-75,1.60E-70,oli
UQCR11,-0.920587569,0.268,0.437,5.1E-75,1.5E-70,L5/6
LARP6,-0.592785964,0.183,0.275,5.1E-75,1.5E-70,L4
KCNK4,-0.98290335,0.159,0.313,5.1E-75,1.5E-70,L5/6-CC
AHSA1,-0.559186717,0.315,0.373,4.8E-75,1.4E-70,L2/3
DUSP3,-0.523871443,0.259,0.354,4.8E-75,1.4E-70,L4
TMEM132A,-0.703173525,0.368,0.537,4.7E-75,1.4E-70,L5/6-CC
ANKRD13D,-0.686091044,0.394,0.563,4.5E-75,1.3E-70,L5/6-CC
RPS15,-0.636330878,0.528,0.694,4.4E-75,1.3E-70,L5/6-CC
SHFL,-0.954213725,0.141,0.294,4.3E-75,1.3E-70,inb-sst
BTF3,-1.04736947,0.216,0.366,4.3E-75,1.3E-70,inb-pv
CKB,-0.851524983,0.768,0.822,3.8E-75,1.1E-70,inb-sv2c
CALY,-1.104182348,0.617,0.728,3.7E-75,1.1E-70,inb-sv2c
PRKG1,0.521906264,0.517,0.471,3.6E-75,1.1E-70,inb
FAM241B,-1.034134635,0.185,0.343,3.4E-75,1.0E-70,L5/6-CC
DRAP1,-0.794832804,0.134,0.289,3.2E-75,9.7E-71,inb-sst
OLFM1,-0.706270802,0.533,0.636,3.2E-75,9.4E-71,inb-vip
SDK1,0.642751084,0.763,0.68,3.0E-75,9.0E-71,L5/6
PSMD8,-0.786626797,0.314,0.486,2.8E-75,8.3E-71,L5/6-CC
PSMC5,-0.879176742,0.122,0.272,2.7E-75,8.1E-71,inb-sst
FBXL16,-0.677270745,0.383,0.559,2.6E-75,7.7E-71,L5/6-CC
TRAPPC5,-0.9369538,0.214,0.354,2.5E-75,7.5E-71,inb-vip
NAA20,-0.544085612,0.246,0.343,2.4E-75,7.2E-71,L4
VAMP2,-0.534745917,0.554,0.672,2.2E-75,6.7E-71,endo
TMEM126B,-0.526281059,0.252,0.348,2.0E-75,5.8E-71,L4
SPTLC2,0.822454136,0.436,0.33,1.9E-75,5.8E-71,micro
PPIB,-0.681659643,0.229,0.289,1.9E-75,5.7E-71,L2/3
MZT2B,-0.571060848,0.228,0.414,1.7E-75,5.2E-71,inb-sst
STAT3,0.597705281,0.328,0.235,1.7E-75,5.0E-71,ast
ATP5MD,-0.664852568,0.461,0.602,1.6E-75,4.6E-71,inb-pv
FAM131A,-0.642028794,0.426,0.597,1.5E-75,4.6E-71,L5/6-CC
FBXW5,-0.933434358,0.167,0.313,1.5E-75,4.4E-71,inb-pv
RPL37A,-0.680831199,0.354,0.484,1.4E-75,4.3E-71,micro
TBRG1,-0.724446092,0.488,0.626,1.3E-75,4.0E-71,L5/6
GSS,-0.549705471,0.261,0.326,1.3E-75,4.0E-71,L2/3
BTG1,-0.567293762,0.209,0.286,1.3E-75,3.8E-71,inb
RPL11,-0.68564475,0.474,0.643,1.2E-75,3.7E-71,L5/6-CC
COX8A,-0.958543669,0.239,0.405,1.2E-75,3.6E-71,L5/6-CC
UQCR10,-0.761847302,0.38,0.55,1.2E-75,3.5E-71,L5/6-CC
CSPG5,-0.5072903,0.211,0.289,1.2E-75,3.5E-71,inb
ANKRD13D,-0.850319331,0.16,0.319,1.1E-75,3.2E-71,inb-sst
ABHD14A,-0.984290945,0.228,0.366,9.5E-76,2.8E-71,inb-vip
NETO2,-0.540719452,0.382,0.477,9.1E-76,2.7E-71,L4
HOPX,-0.889213274,0.147,0.308,8.9E-76,2.6E-71,inb-sst
CADM1,0.522340642,0.834,0.791,8.5E-76,2.5E-71,L5/6-CC
RPAIN,-0.502544661,0.24,0.322,7.9E-76,2.3E-71,inb
BSCL2,-0.661561141,0.512,0.635,7.2E-76,2.1E-71,inb-pv
DTX3,-0.514209225,0.31,0.412,7.1E-76,2.1E-71,L4
HLA-C,-0.706094049,0.534,0.634,7.1E-76,2.1E-71,endo
SCRN3,-0.570128005,0.263,0.362,6.7E-76,2.0E-71,L4
LDHA,-0.695657325,0.391,0.565,6.5E-76,1.9E-71,L5/6-CC
RABAC1,-0.871670034,0.21,0.361,6.5E-76,1.9E-71,inb-pv
EIF3K,-0.686849718,0.187,0.274,6.2E-76,1.8E-71,ast
MELTF-AS1,-0.772953587,0.2,0.261,6.0E-76,1.8E-71,L2/3
RPS23,-0.663039641,0.436,0.571,5.6E-76,1.7E-71,inb-vip
DNAJC5G,-0.563868985,0.219,0.287,5.5E-76,1.6E-71,L2/3
SIRT7,-0.536880286,0.298,0.359,5.4E-76,1.6E-71,L2/3
NKAIN4,-0.927264783,2.38E-01,0.382,5.24E-76,1.56E-71,opc
RAD23A,-0.941602216,0.239,0.388,5.1E-76,1.5E-71,inb-pv
RPL21,-0.627106505,0.287,0.475,4.8E-76,1.4E-71,inb-sst
RPS13,-0.695016419,0.194,0.369,4.5E-76,1.3E-71,inb-sst
TUBA4A,-0.914443058,0.192,0.335,4.4E-76,1.3E-71,inb-vip
GGT7,-0.582459407,0.333,0.521,4.3E-76,1.3E-71,inb-sst
RPLP0,-0.518113674,0.309,0.374,4.1E-76,1.2E-71,L2/3
RYR3,-0.595553287,0.471,0.635,4.0E-76,1.2E-71,L5/6-CC
NDUFB8,-0.753798,2.38E-01,0.39,4.02E-76,1.20E-71,opc
PIN1,-1.044434531,1.18E-01,0.253,4.00E-76,1.19E-71,opc
TMEM179B,-0.647049705,0.215,0.279,3.8E-76,1.1E-71,L2/3
LRMDA,0.622755537,0.252,0.183,3.6E-76,1.1E-71,L2/3
ELOB,-0.632664003,0.219,0.398,3.5E-76,1.0E-71,inb-sst
RPS18,-0.963127926,0.38,0.539,3.4E-76,1.0E-71,L5/6
ARPP19,-0.681098209,2.93E-01,0.453,3.22E-76,9.59E-72,opc
PMPCA,-0.621033579,0.178,0.268,3.0E-76,9.1E-72,L4
RPL6,-0.719653748,0.424,0.561,3.0E-76,8.8E-72,inb-vip
YWHAB,-0.58589968,0.471,0.654,2.9E-76,8.7E-72,inb-sst
COPS6,-0.73980085,0.36,0.534,2.7E-76,8.1E-72,L5/6-CC
FNDC3B,0.91972216,0.349,0.236,2.7E-76,7.9E-72,micro
TAPBP,-0.524546886,0.276,0.376,2.4E-76,7.2E-72,L4
RPL10A,-0.981110677,0.309,0.478,2.4E-76,7.1E-72,L5/6
TRABD,-0.596377621,0.253,0.317,2.4E-76,7.0E-72,L2/3
MYL12B,-0.810671931,0.32,0.493,2.3E-76,6.7E-72,L5/6-CC
RPL15,-0.572736097,0.6,0.757,2.2E-76,6.6E-72,L5/6-CC
LSM5,-0.52884978,0.315,0.376,2.0E-76,5.9E-72,L2/3
ALCAM,1.04936984,0.31,0.199,2.0E-76,5.9E-72,micro
THRA,-0.527209446,0.326,0.426,1.8E-76,5.3E-72,L4
PDGFC,0.603714087,0.514,0.448,1.8E-76,5.3E-72,L4
CXXC5,-0.705822601,0.355,0.531,1.7E-76,5.1E-72,L5/6-CC
VWA5B2,-1.044367324,0.276,0.442,1.7E-76,5.0E-72,L5/6
GP1BB,-0.57443738,0.366,0.419,1.7E-76,4.9E-72,L2/3
GIT1,-0.504483887,0.268,0.368,1.6E-76,4.8E-72,L4
SRSF9,-0.793139777,0.3,0.474,1.5E-76,4.6E-72,L5/6-CC
NDUFA5,-0.59150065,0.208,0.3,1.4E-76,4.2E-72,ast
FLG-AS1,-0.658827109,0.263,0.454,1.4E-76,4.1E-72,L5/6-CC
TGFBR1,0.72621702,0.477,0.37,1.3E-76,4.0E-72,micro
RPL14,-0.704538516,0.44,0.588,1.3E-76,3.9E-72,inb-pv
GPR162,-0.934170878,0.255,0.406,1.3E-76,3.9E-72,inb-pv
HRAS,-1.128394276,0.124,0.262,1.2E-76,3.5E-72,inb-pv
GAB1,0.887346564,0.419,0.271,1.1E-76,3.4E-72,L5/6
PTOV1,-0.59653757,0.252,0.348,1.1E-76,3.2E-72,L4
CARMIL2,-0.622208085,0.283,0.344,9.7E-77,2.9E-72,L2/3
PAXX,-1.118806839,0.111,0.257,9.7E-77,2.9E-72,inb-sst
CHST10,-0.597373598,0.195,0.287,9.3E-77,2.8E-72,L4
PRRT3,-0.530361693,0.165,0.254,9.1E-77,2.7E-72,L4
TUBB4A,-0.720096519,0.389,0.559,9.1E-77,2.7E-72,L5/6-CC
JPT1,-0.850410024,0.26,0.432,8.6E-77,2.6E-72,L5/6-CC
BCL2,1.145649801,0.374,0.233,8.3E-77,2.5E-72,L5/6-CC
ATP5MC1,-0.696756686,0.173,0.343,7.8E-77,2.3E-72,inb-sst
MARCKS,-0.570347707,0.264,0.404,7.5E-77,2.2E-72,micro
DAPK1,0.52309962,0.753,0.671,7.3E-77,2.2E-72,L5/6
ARFRP1,-0.581798879,0.28,0.344,7.3E-77,2.2E-72,L2/3
LMAN2,-0.672215218,0.21,0.273,6.7E-77,2.0E-72,L2/3
CDK2AP1,-0.687492775,0.206,0.27,6.5E-77,1.9E-72,L2/3
C1orf122,-0.875994192,0.254,0.411,5.7E-77,1.7E-72,inb-pv
NBL1,-0.868229173,0.15,0.31,5.3E-77,1.6E-72,inb-sst
AP2M1,-0.595416757,0.301,0.487,5.1E-77,1.5E-72,inb-sst
DCTN2,-0.675899189,0.409,0.581,5.0E-77,1.5E-72,L5/6-CC
BRSK1,-0.713591701,0.421,0.588,4.8E-77,1.4E-72,L5/6-CC
PRELID1,-0.91491184,0.215,0.383,4.7E-77,1.4E-72,L5/6-CC
H2AFZ,-0.759755299,0.333,0.49,4.6E-77,1.4E-72,inb-pv
SLC25A3,-0.656201882,0.262,0.449,4.5E-77,1.3E-72,inb-sst
CHGB,-0.933854901,0.243,0.396,4.4E-77,1.3E-72,inb-pv
SERPINE2,-0.787010138,0.255,0.428,4.4E-77,1.3E-72,L5/6-CC
RFNG,-0.560909936,0.212,0.306,3.8E-77,1.1E-72,L4
CALR,-0.882817927,0.155,0.314,3.6E-77,1.1E-72,inb-sst
MLF2,-0.695974334,0.209,0.382,3.6E-77,1.1E-72,inb-sst
RCN1,-0.616128722,0.28,0.342,3.2E-77,9.6E-73,L2/3
CEND1,-0.588173064,0.242,0.426,3.2E-77,9.5E-73,inb-sst
PRRC2A,-0.531835168,0.287,0.385,3.1E-77,9.3E-73,L4
GABARAPL2,-0.620205272,0.219,0.313,3.0E-77,8.9E-73,ast
VDAC2,-0.929546738,0.159,0.319,2.8E-77,8.2E-73,inb-sst
RPL10A,-0.684785988,0.213,0.392,2.7E-77,8.0E-73,inb-sst
GPR162,-0.905150737,0.234,0.377,2.4E-77,7.0E-73,inb-vip
RNLS,0.516595742,0.579,0.524,2.3E-77,7.0E-73,L4
ARHGAP33,-0.615007324,0.196,0.287,2.2E-77,6.6E-73,L4
RPS21,-0.786486879,0.345,0.504,2.2E-77,6.5E-73,inb-pv
C1orf35,-0.586752193,0.216,0.312,2.1E-77,6.2E-73,L4
URM1,-0.604971829,0.239,0.303,2.0E-77,6.1E-73,L2/3
TRAPPC5,-0.771898902,0.166,0.33,2.0E-77,6.0E-73,inb-sst
PAXX,-0.928934924,0.261,0.425,1.9E-77,5.7E-73,L5/6-CC
GABARAP,-0.862511955,0.265,0.413,1.8E-77,5.4E-73,inb-vip
PTMS,-0.600901799,0.455,0.633,1.8E-77,5.4E-73,L5/6-CC
HSF4,-0.51321934,0.298,0.397,1.8E-77,5.2E-73,L4
MYL6B,-0.740038145,0.36,0.532,1.7E-77,5.1E-73,L5/6-CC
ARL6IP4,-0.689565699,0.408,0.581,1.6E-77,4.7E-73,L5/6-CC
OCIAD2,-1.038185551,0.104,0.251,1.4E-77,4.2E-73,inb-sst
RPL34,-0.659827417,0.562,0.718,1.4E-77,4.1E-73,L5/6-CC
YWHAB,-0.641854806,0.55,0.662,1.3E-77,3.9E-73,inb-vip
RPS25,-0.63149355,0.216,0.309,1.3E-77,3.8E-73,ast
CTSF,-0.789229423,0.344,0.514,1.2E-77,3.7E-73,L5/6-CC
B3GAT3,-0.967965451,0.188,0.331,1.2E-77,3.6E-73,inb-vip
DGKZ,-0.622354645,0.689,0.747,1.2E-77,3.6E-73,L5/6
ADGRL2,0.504247197,0.813,0.747,1.2E-77,3.5E-73,inb-pv
FAM66A,0.933346446,0.385,0.243,1.1E-77,3.3E-73,L5/6
SELENOM,-0.98709986,0.116,0.266,1.0E-77,3.1E-73,inb-sst
PODXL2,-0.556116084,0.38,0.568,1.0E-77,3.1E-73,inb-sst
CHRNA2,-1.088172598,0.221,0.357,9.7E-78,2.9E-73,inb-vip
SGSM3,-0.894366905,0.149,0.307,9.7E-78,2.9E-73,inb-sst
NDUFA13,-0.619123317,0.215,0.357,9.6E-78,2.9E-73,micro
MYL6B,-0.668571793,0.195,0.372,9.0E-78,2.7E-73,inb-sst
NBL1,-0.905744385,0.296,0.437,8.7E-78,2.6E-73,inb-vip
MARCKSL1,-0.904595293,0.15,0.312,8.6E-78,2.5E-73,inb-sst
TYRO3,-0.545691875,0.578,0.732,8.0E-78,2.4E-73,L5/6-CC
C1orf115,-0.77652151,0.315,0.492,7.9E-78,2.3E-73,L5/6-CC
TMTC1,0.991519081,0.441,0.313,7.6E-78,2.3E-73,endo
SAT2,-0.890645161,0.413,0.568,7.4E-78,2.2E-73,L5/6
RPL38,-0.884864547,0.363,0.53,7.4E-78,2.2E-73,L5/6-CC
ACOT8,-0.611962097,0.178,0.268,6.6E-78,2.0E-73,L4
MSMO1,-1.018370217,0.206,0.347,6.6E-78,2.0E-73,inb-vip
NAT14,-1.007152123,0.182,0.33,6.6E-78,2.0E-73,inb-pv
ATP6V0D1,-0.76878122,0.176,0.344,6.4E-78,1.9E-73,inb-sst
ADI1,-0.900742778,0.204,0.263,6.4E-78,1.9E-73,L2/3
MRPS34,-1.156649786,0.126,0.265,5.8E-78,1.7E-73,inb-pv
NDUFB7,-0.908698696,0.224,0.391,5.7E-78,1.7E-73,L5/6-CC
MRFAP1,-0.700933462,0.204,0.385,5.2E-78,1.5E-73,inb-sst
LDHA,-0.674293341,0.203,0.379,5.1E-78,1.5E-73,inb-sst
RPS15A,-0.903751296,0.239,0.398,4.2E-78,1.2E-73,inb-pv
RUNX2,0.539983767,0.759,0.681,4.1E-78,1.2E-73,inb-pv
TUBA1B,-0.605626511,0.585,0.713,4.0E-78,1.2E-73,inb-pv
RPL17,-0.750235899,0.38,0.524,3.6E-78,1.1E-73,inb-vip
CNPY2,-0.695700495,0.201,0.378,3.6E-78,1.1E-73,inb-sst
CX3CR1,-0.577998223,0.403,0.545,3.3E-78,9.9E-74,micro
CAMK2N1,-0.606572415,0.234,0.379,3.1E-78,9.2E-74,micro
RNASEK,-0.549629298,0.199,0.293,2.9E-78,8.7E-74,ast
MFSD13A,-0.64468666,0.176,0.268,2.9E-78,8.5E-74,L4
FDX2,-0.945939464,0.106,0.254,2.9E-78,8.5E-74,inb-sst
MCOLN1,-0.644328376,0.183,0.275,2.8E-78,8.4E-74,L4
LINC00672,-0.600796459,0.198,0.292,2.7E-78,8.0E-74,L4
LGI3,-0.575193896,0.22,0.314,2.6E-78,7.8E-74,L4
ENTR1,-0.671881127,0.214,0.305,2.4E-78,7.1E-74,L4
CD320,-1.068039409,0.233,0.364,2.4E-78,7.0E-74,endo
KMT5A,-0.526035298,0.353,0.409,2.3E-78,7.0E-74,L2/3
NDUFB2,-0.761652496,0.375,0.552,2.2E-78,6.4E-74,L5/6-CC
UBL5,-0.872722039,0.296,0.468,2.2E-78,6.4E-74,L5/6-CC
COL9A3,-1.063406129,1.92E-01,0.334,2.11E-78,6.28E-74,opc
TMEM222,-0.545604329,0.232,0.33,2.1E-78,6.2E-74,L4
ATP5PO,-0.711023316,0.194,0.37,1.9E-78,5.7E-74,inb-sst
RPS3A,-0.994167747,0.367,0.531,1.8E-78,5.4E-74,L5/6
EEF1G,-0.878951843,0.262,0.417,1.8E-78,5.3E-74,inb-pv
ATP6V0E2,-0.631209637,0.237,0.33,1.8E-78,5.3E-74,ast
RPL12,-0.899273329,0.344,0.517,1.7E-78,5.0E-74,L5/6-CC
CHST9,0.541813356,0.272,0.225,1.7E-78,4.9E-74,ext
ENO1,-0.756592064,0.325,0.483,1.6E-78,4.9E-74,inb-pv
SEC11C,-1.094211184,0.209,0.348,1.6E-78,4.6E-74,inb-vip
STUM,-0.6059323,0.456,0.629,1.5E-78,4.4E-74,L5/6-CC
COX7A2,-0.813611359,0.35,0.525,1.4E-78,4.3E-74,L5/6-CC
CHCHD2,-0.614213907,0.275,0.47,1.4E-78,4.1E-74,inb-sst
MXRA7,-0.506488371,0.4,0.453,1.3E-78,3.9E-74,L2/3
NAA20,-0.548400188,0.191,0.269,1.3E-78,3.8E-74,inb
RGS4,-0.720714993,0.437,0.585,1.2E-78,3.5E-74,inb-pv
ATP1A3,-0.575862804,0.485,0.656,1.0E-78,3.0E-74,inb-sst
PPP1CA,-0.612317759,0.253,0.318,9.8E-79,2.9E-74,L2/3
AURKAIP1,-0.896438475,0.194,0.351,9.2E-79,2.7E-74,inb-pv
ACTR1A,-0.527326211,0.26,0.36,8.7E-79,2.6E-74,L4
VIP,-1.462266322,0.436,0.522,8.2E-79,2.4E-74,inb-vip
MLF2,-0.832522209,0.348,0.5,7.7E-79,2.3E-74,inb-pv
PSMC4,-0.59504604,0.177,0.269,7.7E-79,2.3E-74,L4
NDUFV1,-0.750422919,0.407,0.574,7.4E-79,2.2E-74,L5/6
CDKN2D,-1.172525569,0.146,0.281,7.4E-79,2.2E-74,inb-vip
AF165147.1,0.75577594,0.353,0.266,6.9E-79,2.0E-74,L4
ITM2C,-0.831597418,0.311,0.467,6.9E-79,2.0E-74,inb-pv
PTOV1,-0.585834446,0.202,0.279,6.5E-79,1.9E-74,inb
UQCR11,-0.685771334,0.168,0.342,6.5E-79,1.9E-74,inb-sst
ORAI2,-0.532390514,0.253,0.354,5.9E-79,1.8E-74,L4
DPH7,-0.523514569,0.193,0.272,4.6E-79,1.4E-74,inb
UQCRB,-0.655229801,0.486,0.635,4.1E-79,1.2E-74,inb-pv
ITM2B,-0.579622119,0.671,0.73,4.0E-79,1.2E-74,inb-vip
SEC11C,-0.951118431,0.263,0.431,3.6E-79,1.1E-74,L5/6-CC
ARL6IP4,-0.629949446,0.183,0.358,3.5E-79,1.0E-74,inb-sst
COX8A,-0.754978775,0.138,0.3,3.2E-79,9.6E-75,inb-sst
TTYH1,-1.115231712,0.205,0.375,3.1E-79,9.3E-75,L5/6
PAXX,-0.977527951,0.218,0.372,2.9E-79,8.6E-75,inb-pv
TUBB2B,-1.009731319,0.105,0.252,2.8E-79,8.3E-75,inb-sst
IDI1,-0.974555129,0.153,0.314,2.8E-79,8.2E-75,inb-sst
RPL21,-0.906182184,0.358,0.525,2.6E-79,7.8E-75,L5/6
RPL18A,-0.755066818,0.328,0.481,2.4E-79,7.1E-75,inb-vip
RHBDL3,0.935925305,0.451,0.302,2.2E-79,6.7E-75,L5/6-CC
KCTD17,-0.709703544,0.352,0.532,2.2E-79,6.5E-75,L5/6-CC
RPL15,-0.526316224,0.401,0.6,2.1E-79,6.3E-75,inb-sst
TUBB2B,-1.109004457,0.167,0.316,1.9E-79,5.6E-75,inb-pv
SMIM26,-0.662513611,0.207,0.273,1.8E-79,5.2E-75,L2/3
SPNS2,-0.556413393,0.246,0.346,1.7E-79,5.1E-75,L4
CHKB,-1.026195348,0.219,0.388,1.6E-79,4.7E-75,L5/6
SNHG20,-0.659977602,0.193,0.259,1.5E-79,4.4E-75,L2/3
CYB561D1,-0.735647018,0.171,0.263,1.5E-79,4.4E-75,L4
HIGD1A,-1.014079893,0.211,0.377,1.4E-79,4.3E-75,L5/6-CC
NDUFA7,-0.5560659,0.263,0.33,1.3E-79,3.9E-75,L2/3
REEP5,-0.644815398,0.532,0.644,1.3E-79,3.7E-75,inb-vip
RPS21,-0.830352973,0.406,0.581,1.2E-79,3.6E-75,L5/6-CC
FSD1,-0.538548087,0.194,0.273,1.2E-79,3.5E-75,inb
ATP1A1,-0.579442095,0.632,0.708,1.1E-79,3.4E-75,inb-vip
SERF2,-0.786568782,0.263,0.428,1.1E-79,3.2E-75,inb-pv
ASPHD2,-0.634099389,0.284,0.346,1.0E-79,3.0E-75,L2/3
ATP5F1D,-0.64196502,0.212,0.394,1.0E-79,3.0E-75,inb-sst
MRPS11,-0.603183085,0.205,0.301,9.5E-80,2.8E-75,L4
ULK3,-0.90855762,0.461,0.602,9.2E-80,2.7E-75,L5/6
TAF7,-0.512912992,0.262,0.365,9.2E-80,2.7E-75,L4
MYO16,-0.606980106,0.264,0.449,9.1E-80,2.7E-75,L5/6-CC
ARHGAP33,-0.555202753,0.318,0.379,9.1E-80,2.7E-75,L2/3
MAPK8IP1,-0.539889114,0.231,0.332,8.3E-80,2.5E-75,L4
UBB,-0.789085335,0.404,0.544,7.9E-80,2.4E-75,inb-vip
RPL8,-0.605925129,0.294,0.49,7.8E-80,2.3E-75,inb-sst
MRPS23,-0.54736055,0.172,0.265,7.7E-80,2.3E-75,L4
PSMD2,-0.864844725,0.228,0.386,7.7E-80,2.3E-75,inb-pv
CDC34,-0.623191455,0.241,0.307,7.7E-80,2.3E-75,L2/3
UQCRC1,-0.836623821,0.339,0.494,7.5E-80,2.2E-75,inb-pv
SLITRK1,-0.596717048,0.305,0.364,7.4E-80,2.2E-75,L2/3
ARF5,-0.828286653,0.307,0.482,6.1E-80,1.8E-75,L5/6-CC
DPP7,-0.657281341,0.268,0.456,6.1E-80,1.8E-75,inb-sst
RPL32,-0.647916607,0.547,0.7,5.9E-80,1.7E-75,L5/6-CC
RPS12,-1.099431787,0.334,0.51,5.5E-80,1.6E-75,L5/6
PRDX2,-0.998645373,1.72E-01,0.316,5.32E-80,1.58E-75,opc
RHBDD2,-0.832366629,0.18,0.351,5.3E-80,1.6E-75,inb-sst
GABARAP,-0.722231822,0.192,0.372,5.2E-80,1.5E-75,inb-sst
RETREG2,-0.804634024,0.309,0.469,5.2E-80,1.5E-75,inb-pv
JTB,-1.02403487,0.187,0.338,5.0E-80,1.5E-75,inb-pv
CX3CL1,-0.55559924,0.202,0.282,4.8E-80,1.4E-75,inb
LDHA,-0.923370534,0.241,0.387,3.8E-80,1.1E-75,inb-vip
SLC25A4,-0.91735879,0.319,0.491,3.8E-80,1.1E-75,L5/6
MIF,-0.701647463,2.37E-01,0.401,3.44E-80,1.02E-75,opc
BCAS2,-0.58593793,0.207,0.304,3.3E-80,9.8E-76,L4
CDYL2,0.624059853,0.734,0.684,3.0E-80,8.9E-76,L5/6-CC
ATP6V1F,-0.802650452,0.352,0.53,2.9E-80,8.7E-76,L5/6-CC
PSMA7,-0.904287691,0.279,0.438,2.7E-80,8.1E-76,inb-pv
HRK,-0.673066806,0.255,0.352,2.7E-80,8.1E-76,L4
PLXDC1,-0.847596827,0.268,0.443,2.7E-80,7.9E-76,L5/6-CC
CKB,-0.624135148,0.519,0.638,2.64E-80,7.85E-76,opc
CALM3,-0.51006212,0.638,0.727,2.6E-80,7.8E-76,inb-vip
ITGB1BP1,-0.51949929,0.61,0.758,2.6E-80,7.6E-76,L5/6-CC
NDUFS8,-0.875279277,0.269,0.425,2.5E-80,7.5E-76,inb-pv
STX1A,-0.758374797,0.559,0.673,2.1E-80,6.3E-76,L5/6
ATP5MC3,-0.592051512,0.193,0.377,2.1E-80,6.2E-76,inb-sst
ASB6,-0.721510554,0.196,0.26,1.7E-80,5.2E-76,L2/3
GPX4,-0.976224566,1.90E-01,0.34,1.57E-80,4.65E-76,opc
SUMO2,-0.697318707,0.443,0.622,1.6E-80,4.6E-76,L5/6-CC
RANBP17,-0.778910021,1.70E-01,0.327,1.55E-80,4.59E-76,opc
CHCHD2,-0.641835869,0.214,0.358,1.5E-80,4.6E-76,micro
HES4,-1.187788131,0.31,0.439,1.5E-80,4.5E-76,endo
C1orf122,-0.9396837,0.184,0.331,1.4E-80,4.1E-76,inb-vip
ARHGAP10,-0.714107186,0.21,0.305,1.2E-80,3.6E-76,L4
B4GAT1,-0.720825151,0.345,0.533,1.2E-80,3.5E-76,L5/6-CC
CYC1,-1.189073107,0.122,0.254,1.2E-80,3.4E-76,inb-vip
CCT5,-0.535289864,0.195,0.274,1.1E-80,3.2E-76,inb
ARL4C,-0.749485042,0.423,0.568,9.9E-81,2.9E-76,inb-pv
SRSF9,-1.16500323,0.179,0.328,9.7E-81,2.9E-76,inb-pv
TMEM205,-0.932146731,0.244,0.398,8.7E-81,2.6E-76,inb-pv
PGAM1,-0.701921968,0.41,0.584,8.6E-81,2.6E-76,L5/6-CC
TUBB4B,-0.68863476,0.348,0.532,8.1E-81,2.4E-76,L5/6-CC
PARK7,-0.855354457,0.292,0.453,7.1E-81,2.1E-76,inb-pv
BSCL2,-0.660984541,0.527,0.628,6.9E-81,2.0E-76,inb-vip
RPS17,-0.510880766,0.313,0.381,6.7E-81,2.0E-76,L2/3
EIF4A2,-0.584612952,0.617,0.706,6.6E-81,2.0E-76,inb-vip
SELENOH,-0.839600886,0.262,0.415,6.5E-81,1.9E-76,inb-vip
MAP6D1,-0.706286017,0.206,0.271,6.1E-81,1.8E-76,L2/3
RELL2,-0.941024507,0.287,0.438,5.9E-81,1.8E-76,inb-pv
ACTG1,-0.708316961,0.527,0.676,5.8E-81,1.7E-76,L5/6
LY6H,-0.730507219,0.478,0.641,5.7E-81,1.7E-76,L5/6
LZTR1,-0.719719824,0.171,0.261,5.5E-81,1.6E-76,L4
EIF1,-0.691220723,3.34E-01,0.49,5.12E-81,1.52E-76,opc
TUBB3,-0.892684601,1.28E-01,0.27,5.04E-81,1.50E-76,opc
COX6A1,-0.868111067,0.343,0.518,5.0E-81,1.5E-76,L5/6-CC
SCN3B,-0.536657143,0.686,0.779,4.7E-81,1.4E-76,L5/6-CC
CAMK1,-0.568449731,0.178,0.256,4.3E-81,1.3E-76,inb
PRDM16-DT,-0.683372091,0.277,0.368,3.6E-81,1.1E-76,ast
NDUFB4,-0.730043719,0.167,0.256,3.6E-81,1.1E-76,ast
IFT27,-0.594898047,0.262,0.326,3.5E-81,1.0E-76,L2/3
AC068286.2,0.564134049,0.306,0.228,3.4E-81,1.0E-76,L2/3
REX1BD,-0.771046655,0.295,0.449,3.3E-81,9.8E-77,inb-vip
ATXN2L,-0.510277232,0.251,0.334,3.2E-81,9.6E-77,inb
VPS9D1,-0.579033568,0.523,0.691,3.0E-81,8.9E-77,L5/6-CC
ZNF652,0.531058612,4.23E-01,4.10E-01,2.73E-81,8.12E-77,oli
SRP9,-0.523535547,0.3,0.405,2.3E-81,6.8E-77,L4
MOAP1,-0.699573264,0.422,0.6,2.2E-81,6.4E-77,L5/6-CC
COX5B,-0.900413901,1.81E-01,0.334,1.99E-81,5.92E-77,opc
NEFM,-0.576769514,0.484,0.661,1.8E-81,5.5E-77,L5/6-CC
ULK3,-0.740187347,0.459,0.617,1.8E-81,5.4E-77,L5/6-CC
MDH1,-0.75693125,0.478,0.596,1.7E-81,5.1E-77,inb-vip
CKB,-0.645274226,0.754,0.803,1.6E-81,4.8E-77,L5/6
GABARAPL2,-0.660724264,0.27,0.467,1.5E-81,4.5E-77,inb-sst
AL353709.1,-0.68816377,0.213,0.309,1.4E-81,4.1E-77,L4
TPT1,-0.671858695,0.552,0.708,1.4E-81,4.1E-77,L5/6-CC
ATP1A3,-0.561455119,0.686,0.776,1.3E-81,3.9E-77,inb-pv
AP2M1,-0.768811845,0.172,0.306,1.3E-81,3.8E-77,micro
PIN1,-0.850302331,0.128,0.253,1.2E-81,3.6E-77,micro
SNRPN,-0.601745598,0.257,0.41,1.2E-81,3.5E-77,micro
NAPA,-0.726005749,0.399,0.575,1.1E-81,3.2E-77,L5/6-CC
PSMD2,-0.929126661,0.131,0.292,9.9E-82,2.9E-77,inb-sst
MRPS16,-0.503668164,0.278,0.382,8.3E-82,2.5E-77,L4
DAD1,-0.665526253,0.181,0.276,8.3E-82,2.5E-77,L4
DEGS1,-0.61369124,0.277,0.341,8.0E-82,2.4E-77,L2/3
GPAA1,-1.114541648,0.121,0.255,7.9E-82,2.4E-77,inb-vip
FXYD6,-0.537917367,0.581,0.742,7.8E-82,2.3E-77,inb-sst
CALR,-0.96424862,0.266,0.408,7.3E-82,2.2E-77,inb-vip
NUDCD2,-0.615185639,0.266,0.366,6.9E-82,2.1E-77,L4
LINC02802,-0.932691006,0.278,0.448,6.9E-82,2.0E-77,L5/6-CC
ARL6IP5,-0.716824436,0.533,0.694,6.8E-82,2.0E-77,L5/6-CC
EXTL1,-0.51295833,0.353,0.413,6.7E-82,2.0E-77,L2/3
SDK1,1.085012324,0.316,0.235,6.3E-82,1.9E-77,L4
C9orf16,-0.960792665,0.179,0.327,5.8E-82,1.7E-77,inb-vip
EIF1,-0.538900005,0.359,0.51,5.6E-82,1.7E-77,micro
MCRIP2,-0.632989052,0.219,0.287,5.5E-82,1.6E-77,L2/3
DCAF11,-0.696549171,0.16,0.251,5.5E-82,1.6E-77,L4
TUFM,-1.033297007,0.196,0.35,4.1E-82,1.2E-77,inb-pv
YPEL3,-0.71057815,0.332,0.522,4.0E-82,1.2E-77,inb-sst
GCNT4,-0.675451505,0.449,0.616,3.9E-82,1.2E-77,L5/6-CC
EPHB6,-0.570613147,0.661,0.793,3.8E-82,1.1E-77,L5/6-CC
OGFR,-0.69924988,0.44,0.612,3.7E-82,1.1E-77,L5/6-CC
NECAB3,-1.015729914,0.193,0.345,3.3E-82,9.8E-78,inb-pv
CD63,-0.885432963,0.212,0.373,3.2E-82,9.5E-78,inb-pv
NSG1,-0.94639504,0.271,0.426,3.0E-82,8.9E-78,inb-pv
CUTA,-1.092022998,0.177,0.33,2.9E-82,8.7E-78,inb-pv
BUD23,-0.635087623,0.203,0.301,2.7E-82,8.0E-78,L4
STMN1,-0.509672663,0.532,0.712,2.1E-82,6.3E-78,inb-sst
VLDLR,-0.578682826,0.295,0.36,2.0E-82,6.0E-78,L2/3
FAM153B,-0.529568766,0.679,0.797,2.0E-82,5.8E-78,L5/6-CC
SEC11C,-1.082423204,0.209,0.362,1.7E-82,5.1E-78,inb-pv
AC006230.1,-0.832954416,0.161,0.292,1.7E-82,5.0E-78,micro
USF2,-0.501597123,0.285,0.389,1.6E-82,4.9E-78,L4
HSP90AA1,-0.558613892,0.617,0.711,1.5E-82,4.5E-78,micro
SBDS,-0.690886222,0.219,0.318,1.4E-82,4.2E-78,L4
PGP,-0.622785093,0.529,0.698,1.3E-82,3.9E-78,L5/6-CC
PPDPF,-1.165207522,0.204,0.373,1.3E-82,3.8E-78,L5/6
ZNF354A,-0.736225824,0.194,0.287,1.3E-82,3.8E-78,L4
PEBP1,-0.535863224,0.611,0.77,1.2E-82,3.5E-78,inb-sst
ATP13A4,0.681843413,6.15E-01,0.518,1.04E-82,3.10E-78,opc
RAD23A,-0.78443214,0.334,0.512,1.0E-82,3.0E-78,L5/6-CC
SBDS,-0.651265133,0.174,0.253,9.6E-83,2.8E-78,inb
ARF5,-1.018909049,0.169,0.314,9.1E-83,2.7E-78,inb-vip
BORCS7,-0.515993014,0.245,0.347,8.7E-83,2.6E-78,L4
RPL26,-0.626517425,0.331,0.534,8.6E-83,2.6E-78,inb-sst
SPATA2L,-1.000109778,0.21,0.38,8.3E-83,2.5E-78,L5/6-CC
B4GALNT1,-0.758157753,0.387,0.566,8.1E-83,2.4E-78,L5/6-CC
FIS1,-0.787664067,0.309,0.491,8.0E-83,2.4E-78,L5/6-CC
NUDCD2,-0.505121159,0.373,0.433,7.5E-83,2.2E-78,L2/3
RPL35A,-0.803991557,0.328,0.494,7.4E-83,2.2E-78,inb-pv
AC015943.1,-0.77578889,0.449,0.609,7.2E-83,2.1E-78,L5/6-CC
RAN,-0.917041879,0.261,0.423,6.9E-83,2.0E-78,inb-pv
GGA1,-0.615943106,0.265,0.366,6.3E-83,1.9E-78,L4
AMER2,-0.592680209,0.316,0.407,6.1E-83,1.8E-78,ast
RTN4RL2,-0.561720079,0.339,0.398,5.1E-83,1.5E-78,L2/3
RPS12,-0.641153084,0.262,0.462,5.0E-83,1.5E-78,inb-sst
MTLN,-0.73758497,0.169,0.263,4.8E-83,1.4E-78,L4
SAMD4A,0.657392913,0.531,0.457,4.7E-83,1.4E-78,ast
RSL24D1,-0.564556247,0.296,0.363,4.5E-83,1.3E-78,L2/3
CHMP5,-0.592431055,0.187,0.268,4.5E-83,1.3E-78,inb
COX5A,-0.787502547,0.155,0.326,4.3E-83,1.3E-78,inb-sst
MRI1,-0.59987786,0.228,0.327,4.2E-83,1.3E-78,L4
PPP2R5B,-0.520811796,0.205,0.288,4.1E-83,1.2E-78,inb
RPL18,-0.646150764,0.484,0.617,4.1E-83,1.2E-78,inb-vip
EID1,-0.560072487,0.264,0.362,4.0E-83,1.2E-78,ast
LRGUK,-0.539861803,0.274,0.321,3.9E-83,1.2E-78,ext
NDUFS5,-0.838895619,0.328,0.498,3.6E-83,1.1E-78,inb-pv
REEP2,-0.773321904,0.195,0.372,3.4E-83,1.0E-78,inb-sst
LDHB,-0.779622882,0.252,0.435,3.3E-83,9.9E-79,inb-sst
GAP43,-0.624165071,0.228,0.379,3.2E-83,9.6E-79,micro
EBNA1BP2,-0.669252614,0.22,0.287,3.2E-83,9.6E-79,L2/3
LDHB,-0.857378296,0.361,0.5,3.2E-83,9.5E-79,inb-vip
NEFL,-0.710023635,0.45,0.611,3.0E-83,8.9E-79,inb-pv
GPR37L1,-0.740679726,0.282,0.371,3.0E-83,8.8E-79,ast
TRIM28,-0.651485765,0.245,0.312,2.7E-83,8.0E-79,L2/3
CXCL12,-1.349544492,0.158,0.291,2.7E-83,8.0E-79,endo
RPL6,-0.658342237,0.341,0.537,2.6E-83,7.8E-79,inb-sst
BORCS8,-0.685473628,0.201,0.269,2.5E-83,7.3E-79,L2/3
ZCRB1,-0.581902869,0.208,0.306,2.4E-83,7.0E-79,L4
RCN2,-0.780130837,0.438,0.563,2.1E-83,6.2E-79,inb-vip
HSPA5,-0.585318805,0.258,0.36,2.0E-83,6.1E-79,L4
ATF4,-0.923317428,0.259,0.436,2.0E-83,6.0E-79,L5/6-CC
MIF,-0.594964544,0.255,0.407,2.0E-83,5.9E-79,micro
CCNDBP1,-0.562333642,0.214,0.314,1.9E-83,5.7E-79,L4
CD63,-0.562667292,0.226,0.326,1.9E-83,5.7E-79,L4
RHOT2,-0.68614866,0.455,0.62,1.8E-83,5.4E-79,L5/6-CC
RPS7,-0.740587741,0.388,0.536,1.7E-83,5.2E-79,inb-vip
RAB40B,-0.570714431,0.546,0.708,1.6E-83,4.8E-79,L5/6-CC
NRGN,-0.850509852,0.434,0.598,1.6E-83,4.8E-79,inb-pv
GPR17,-1.337506413,2.01E-01,0.346,1.35E-83,4.02E-79,opc
PARD3,0.547426951,7.31E-01,0.678,1.34E-83,3.98E-79,opc
RPL3,-0.63253335,0.509,0.639,1.3E-83,3.9E-79,inb-vip
STX1A,-0.748840268,0.16,0.33,1.3E-83,3.7E-79,inb-sst
YPEL3,-0.773544723,0.423,0.58,1.2E-83,3.5E-79,inb-pv
CNTN5,-0.934242135,1.70E-01,0.326,1.17E-83,3.47E-79,opc
PCA3,0.794270929,0.251,0.179,1.1E-83,3.4E-79,L2/3
RNF19A,0.6876817,0.456,0.361,1.1E-83,3.3E-79,ast
MRFAP1,-0.957259087,0.261,0.425,1.1E-83,3.3E-79,inb-pv
REEP2,-0.803240263,0.372,0.527,1.1E-83,3.3E-79,inb-pv
CWC15,-0.651306896,0.226,0.327,1.0E-83,3.0E-79,L4
CFL1,-0.655037928,0.236,0.383,1.0E-83,3.0E-79,micro
TMUB2,-0.589192966,0.189,0.287,9.9E-84,2.9E-79,L4
RTN1,-0.563293813,0.368,0.465,9.3E-84,2.8E-79,ast
LINC02613,0.833845455,0.283,0.196,9.1E-84,2.7E-79,L4
RPS8,-0.774850443,0.476,0.642,8.6E-84,2.6E-79,L5/6-CC
DBNDD2,-0.950615462,0.203,0.362,8.0E-84,2.4E-79,inb-pv
RPL15,-0.631813333,0.523,0.642,7.9E-84,2.4E-79,inb-vip
DUSP6,-0.626431278,0.208,0.278,7.9E-84,2.3E-79,L2/3
C1QTNF4,-1.204373724,0.218,0.385,7.5E-84,2.2E-79,L5/6
RPL38,-0.616395328,0.226,0.326,7.5E-84,2.2E-79,ast
UNC45A,-0.841057543,0.285,0.463,7.3E-84,2.2E-79,L5/6-CC
LPCAT3,-0.53496067,0.284,0.388,7.2E-84,2.1E-79,L4
NUCB1,-0.543893853,0.202,0.284,7.0E-84,2.1E-79,inb
RHBDL1,-0.897675516,0.281,0.442,5.9E-84,1.8E-79,inb-pv
SEPTIN5,-1.04646546,0.2,0.371,5.5E-84,1.6E-79,L5/6-CC
SCG3,-0.823178482,0.555,0.681,5.4E-84,1.6E-79,L5/6
PODXL2,-0.63597791,0.503,0.623,5.0E-84,1.5E-79,inb-vip
DCAF11,-0.551022599,0.29,0.357,4.9E-84,1.5E-79,L2/3
RPLP0,-0.520472332,0.232,0.336,4.9E-84,1.5E-79,L4
SEZ6,-0.615135168,0.207,0.305,4.8E-84,1.4E-79,L4
BOLA3,-0.506134868,0.336,0.401,4.6E-84,1.4E-79,L2/3
ITM2B,-0.553370403,0.568,0.725,4.4E-84,1.3E-79,inb-sst
SPATA6,1.210331961,0.277,0.166,4.3E-84,1.3E-79,micro
TUBB3,-0.971175525,0.385,0.546,4.0E-84,1.2E-79,L5/6
ARL6IP5,-0.740853406,0.464,0.607,3.4E-84,1.0E-79,inb-pv
ACTN2,-0.525147814,0.292,0.397,3.2E-84,9.6E-80,L4
RUSC1,-0.507160432,0.247,0.333,3.2E-84,9.6E-80,inb
HCFC1R1,-1.08276653,0.214,0.386,3.1E-84,9.3E-80,L5/6-CC
JAK2,0.621615635,0.763,0.72,3.1E-84,9.1E-80,L5/6-CC
SSTR2,-0.771796479,0.278,0.371,3.0E-84,8.9E-80,L4
HINT1,-0.717600213,0.411,0.566,3.0E-84,8.8E-80,inb-vip
UQCRFS1,-0.897710557,0.123,0.287,2.9E-84,8.6E-80,inb-sst
AC016831.7,0.648687422,0.652,0.553,2.8E-84,8.2E-80,L5/6
TUBB2B,-1.027202374,0.214,0.361,2.5E-84,7.5E-80,inb-vip
AC073050.1,0.650101507,0.749,0.686,2.3E-84,6.8E-80,L5/6-CC
ARPC2,-0.595442743,0.573,0.731,2.1E-84,6.2E-80,L5/6-CC
TM7SF2,-1.105840423,0.139,0.288,2.0E-84,6.1E-80,inb-pv
EPN1,-0.541549009,0.217,0.318,2.0E-84,5.8E-80,L4
MYL6,-0.688870923,0.205,0.395,1.9E-84,5.7E-80,inb-sst
CRHBP,-1.175249434,0.127,0.285,1.9E-84,5.7E-80,inb-sst
YWHAB,-0.721065409,0.651,0.768,1.9E-84,5.6E-80,L5/6
TOMM40,-1.123303089,0.192,0.345,1.8E-84,5.4E-80,inb-pv
YWHAB,-0.740489726,3.42E-01,0.504,1.79E-84,5.32E-80,opc
TIMM13,-1.114554026,0.161,0.315,1.6E-84,4.9E-80,inb-pv
COMMD6,-0.584399666,0.283,0.35,1.6E-84,4.8E-80,L2/3
ZNF428,-0.891173557,0.303,0.481,1.6E-84,4.6E-80,L5/6-CC
TMEM160,-0.655530622,0.189,0.373,1.4E-84,4.3E-80,inb-sst
JTB,-0.972531382,0.109,0.264,1.4E-84,4.1E-80,inb-sst
PPP1R1A,-1.354270467,0.15,0.311,1.2E-84,3.7E-80,L5/6-CC
AP2M1,-0.875440418,0.457,0.615,1.2E-84,3.6E-80,L5/6
COX4I1,-0.549801138,0.34,0.546,1.2E-84,3.6E-80,inb-sst
POMGNT1,-0.510380029,0.207,0.291,1.2E-84,3.6E-80,inb
FDPS,-0.726990915,0.396,0.581,1.1E-84,3.4E-80,L5/6-CC
DGKB,-0.624131765,3.70E-01,5.43E-01,1.10E-84,3.26E-80,opc
PTCH2,-0.55442852,0.35,0.451,1.1E-84,3.3E-80,L4
PGAM1,-0.823258304,0.349,0.511,9.8E-85,2.9E-80,inb-pv
PDIA6,-0.741987329,0.415,0.59,9.5E-85,2.8E-80,L5/6-CC
EMC3,-0.5014563,0.205,0.289,9.0E-85,2.7E-80,inb
PARP1,-0.502877931,0.293,0.401,7.7E-85,2.3E-80,L4
HLA-A,-0.741277199,0.502,0.615,7.5E-85,2.2E-80,endo
FADS3,-0.626535467,0.475,0.64,6.0E-85,1.8E-80,L5/6-CC
BBS9,0.519255786,0.817,0.791,6.0E-85,1.8E-80,L5/6-CC
COMMD10,0.521236168,0.559,0.495,6.0E-85,1.8E-80,L4
MARCKSL1,-0.950303804,0.283,0.433,5.6E-85,1.7E-80,inb-vip
ZNF428,-0.972429701,0.133,0.298,5.3E-85,1.6E-80,inb-sst
AC096576.2,1.004727957,0.513,0.369,5.1E-85,1.5E-80,L5/6-CC
ARC,-1.499566551,0.103,0.253,4.8E-85,1.4E-80,L5/6-CC
OTUD6B-AS1,-0.528706746,0.29,0.398,4.7E-85,1.4E-80,L4
ATP5ME,-0.678239263,0.426,0.603,4.6E-85,1.4E-80,L5/6-CC
POLDIP2,-0.655390012,0.198,0.296,4.5E-85,1.3E-80,L4
SRSF8,-0.564786614,0.294,0.362,4.4E-85,1.3E-80,L2/3
MDH1,-0.797523875,0.574,0.708,4.1E-85,1.2E-80,L5/6
MRPS24,-1.174386227,0.168,0.323,4.1E-85,1.2E-80,inb-pv
EIF1,-0.805833965,0.555,0.699,3.8E-85,1.1E-80,L5/6
STUB1,-0.935268503,0.133,0.299,3.8E-85,1.1E-80,inb-sst
MATK,-0.547656233,0.221,0.322,3.6E-85,1.1E-80,L4
AC097716.1,-0.665796371,0.188,0.261,3.5E-85,1.0E-80,L2/3
ING2,-0.718400115,0.201,0.268,3.5E-85,1.0E-80,L2/3
C4orf48,-0.896461229,0.288,0.464,3.4E-85,1.0E-80,L5/6-CC
JTB,-0.93098199,0.262,0.44,3.4E-85,1.0E-80,L5/6-CC
NAT14,-0.909738743,0.228,0.405,3.1E-85,9.3E-81,L5/6-CC
RBMS3,0.585954155,0.5,0.42,2.5E-85,7.6E-81,L4
CCNI,-0.629142462,0.625,0.72,2.4E-85,7.3E-81,inb-vip
LINC02649,-0.976654088,0.126,0.251,2.4E-85,7.2E-81,micro
ATP8B4,1.424325859,0.297,0.155,2.3E-85,6.7E-81,L5/6-CC
COX6B1,-0.77729208,0.201,0.387,2.2E-85,6.7E-81,inb-sst
PARK7,-0.821044068,0.144,0.277,2.0E-85,6.0E-81,micro
RABAC1,-0.876038496,0.341,0.521,1.9E-85,5.7E-81,L5/6-CC
SCN2B,-0.544241028,0.277,0.384,1.8E-85,5.4E-81,L4
PIN1,-0.978569277,0.36,0.533,1.6E-85,4.9E-81,L5/6
STMN1,-0.694870158,0.515,0.648,1.6E-85,4.8E-81,inb-vip
EID1,-0.649415053,0.321,0.523,1.5E-85,4.6E-81,inb-sst
DHCR24,-0.539658988,0.249,0.354,1.5E-85,4.6E-81,L4
RWDD1,-0.552736813,0.263,0.368,1.5E-85,4.6E-81,L4
CFL1,-0.744682351,0.386,0.554,1.4E-85,4.3E-81,inb-pv
NME2,-0.810889271,0.33,0.5,1.4E-85,4.2E-81,inb-pv
CCDC85B,-0.584375764,0.239,0.439,1.4E-85,4.1E-81,inb-sst
GDE1,-0.656615449,0.164,0.258,1.4E-85,4.1E-81,L4
RPS13,-0.942160517,0.305,0.488,1.4E-85,4.0E-81,L5/6-CC
PKM,-0.633938749,0.395,0.586,1.3E-85,3.9E-81,inb-sst
SDC3,-0.666175008,0.177,0.272,1.3E-85,3.8E-81,L4
SLC2A3,-0.515977411,0.287,0.394,1.1E-85,3.3E-81,L4
SNF8,-0.54965786,0.278,0.384,9.9E-86,2.9E-81,L4
ACTG1,-0.599520133,4.38E-01,5.94E-01,9.36E-86,2.78E-81,opc
PTPRN,-0.628172916,0.301,0.498,9.1E-86,2.7E-81,inb-sst
PRDX5,-0.922930159,0.187,0.344,8.4E-86,2.5E-81,inb-vip
RPL6,-0.989487833,0.424,0.588,8.1E-86,2.4E-81,L5/6
KIF21B,-0.575321893,0.318,0.383,8.0E-86,2.4E-81,L2/3
CD151,-1.15316894,0.16,0.326,7.3E-86,2.2E-81,L5/6-CC
SSBP4,-0.90777706,0.395,0.562,7.3E-86,2.2E-81,L5/6
RPP21,-0.646878383,0.158,0.253,6.8E-86,2.0E-81,L4
SEMA6B,-0.559472366,0.246,0.348,6.5E-86,1.9E-81,L4
PSMD7,-0.833811227,0.345,0.53,6.3E-86,1.9E-81,L5/6-CC
P4HTM,-0.796084899,0.407,0.558,6.2E-86,1.8E-81,inb-pv
KCNT2,0.922326384,0.493,0.366,6.2E-86,1.8E-81,endo
RPL9,-0.708181202,0.461,0.613,5.8E-86,1.7E-81,inb-pv
SLC2A6,-0.923212137,0.284,0.463,5.4E-86,1.6E-81,L5/6-CC
COX6B1,-0.608006333,0.186,0.284,5.4E-86,1.6E-81,ast
TMEM160,-0.802039849,0.261,0.419,5.2E-86,1.5E-81,inb-vip
PIP4P1,-0.70020572,0.207,0.275,5.0E-86,1.5E-81,L2/3
EID1,-0.746142401,0.215,0.358,5.0E-86,1.5E-81,micro
PTGDS,-0.700385129,4.64E-01,6.13E-01,4.50E-86,1.34E-81,opc
CUEDC2,-1.195775709,0.16,0.314,4.4E-86,1.3E-81,inb-pv
PDK2,-0.504176984,0.373,0.437,3.6E-86,1.1E-81,L2/3
STMN2,-0.690917413,2.50E-01,4.26E-01,3.22E-86,9.56E-82,opc
EDF1,-0.844346441,0.235,0.395,3.0E-86,9.0E-82,inb-vip
ARPC5,-0.528119944,0.285,0.391,3.0E-86,8.8E-82,L4
CCNDBP1,-0.517201609,0.358,0.422,2.9E-86,8.6E-82,L2/3
DANCR,-0.720030332,0.166,0.261,2.6E-86,7.8E-82,L4
ING4,-0.576888584,0.277,0.384,2.4E-86,7.3E-82,L4
AC093879.1,0.784949626,0.261,0.171,2.4E-86,7.2E-82,ast
GPX4,-0.556351442,0.25,0.353,2.1E-86,6.4E-82,ast
TRPM3,-0.751702498,2.27E-01,4.01E-01,2.04E-86,6.07E-82,opc
CHCHD2,-0.774377453,0.389,0.554,2.0E-86,5.9E-82,inb-pv
ELOC,-0.784678016,0.345,0.537,1.9E-86,5.7E-82,L5/6-CC
ATP6V0B,-0.684531758,0.177,0.269,1.9E-86,5.5E-82,ast
FNDC4,-1.135200635,0.167,0.335,1.8E-86,5.4E-82,L5/6-CC
ITPR2,1.188452589,0.435,0.279,1.8E-86,5.3E-82,L5/6-CC
CFL1,-0.855244932,2.34E-01,3.99E-01,1.48E-86,4.40E-82,opc
PRDX5,-1.205419213,0.207,0.381,1.5E-86,4.4E-82,L5/6
MZT1,-0.646267217,0.265,0.334,1.5E-86,4.4E-82,L2/3
RPL13,-0.611375133,0.54,0.677,1.2E-86,3.4E-82,inb-pv
UQCRH,-0.608416441,0.33,0.536,1.1E-86,3.4E-82,inb-sst
CHCHD2,-0.847857443,1.95E-01,3.60E-01,1.05E-86,3.13E-82,opc
AP2S1,-1.078877541,0.187,0.347,9.6E-87,2.9E-82,inb-pv
RAN,-0.711801598,0.362,0.555,9.5E-87,2.8E-82,L5/6-CC
UROS,-0.722643152,0.416,0.597,9.2E-87,2.7E-82,L5/6-CC
INTS1,-0.717308805,0.402,0.581,8.8E-87,2.6E-82,L5/6-CC
RETREG2,-0.829348174,0.189,0.371,8.7E-87,2.6E-82,inb-sst
UCHL1,-0.574553345,0.68,0.768,8.5E-87,2.5E-82,inb-pv
CCDC85B,-0.522854223,0.182,0.284,7.5E-87,2.2E-82,ast
YWHAH,-0.604739663,0.457,0.656,7.4E-87,2.2E-82,inb-sst
LRFN4,-0.697910646,0.241,0.307,7.0E-87,2.1E-82,L2/3
UQCRQ,-1.009685043,0.211,0.387,6.5E-87,1.9E-82,L5/6-CC
RPS5,-0.890212299,0.24,0.399,6.5E-87,1.9E-82,inb-vip
GNB2,-0.538562186,0.356,0.418,6.5E-87,1.9E-82,L2/3
TMSB10,-0.888810295,0.368,0.543,6.2E-87,1.8E-82,inb-pv
ABHD8,-0.545967005,0.202,0.286,6.0E-87,1.8E-82,inb
ATP5F1D,-0.954401195,1.52E-01,3.05E-01,5.82E-87,1.73E-82,opc
CCK,-0.950459537,0.813,0.871,5.7E-87,1.7E-82,inb-sv2c
TMEM222,-0.535009916,0.333,0.397,5.3E-87,1.6E-82,L2/3
TM7SF2,-1.071562484,0.16,0.307,5.0E-87,1.5E-82,inb-vip
NBL1,-1.019365345,0.263,0.441,4.8E-87,1.4E-82,L5/6-CC
LIMD2,-1.305646474,0.175,0.348,4.3E-87,1.3E-82,L5/6
RPL23A,-0.767748798,0.204,0.299,4.2E-87,1.3E-82,ast
SNCAIP,-0.603727018,0.194,0.269,3.7E-87,1.1E-82,L2/3
ELOB,-0.612609349,0.197,0.297,3.7E-87,1.1E-82,ast
PFKL,-0.567031367,0.251,0.355,3.6E-87,1.1E-82,L4
WSB2,-0.702192002,0.43,0.616,3.3E-87,1.0E-82,L5/6-CC
TMEM175,-0.654643412,0.463,0.639,3.1E-87,9.2E-83,L5/6-CC
RPLP2,-0.789098553,0.417,0.601,3.1E-87,9.1E-83,L5/6-CC
GP1BB,-0.597970689,0.204,0.302,2.9E-87,8.5E-83,L4
LIFR,0.891690966,5.20E-01,3.94E-01,2.72E-87,8.08E-83,opc
ARL4C,-0.663614855,0.611,0.698,2.5E-87,7.3E-83,inb-vip
COX6B1,-0.895553422,0.321,0.49,2.4E-87,7.3E-83,inb-pv
PIGZ,-0.534786227,0.315,0.423,2.4E-87,7.2E-83,L4
RPS26,-0.973067931,0.183,0.362,2.0E-87,5.9E-83,inb-sst
TP53I13,-0.862404653,0.188,0.254,1.9E-87,5.6E-83,L2/3
COL24A1,-0.607409532,0.61,0.736,1.7E-87,5.1E-83,L5/6-CC
ATP5F1B,-0.629836943,0.314,0.514,1.7E-87,5.0E-83,inb-sst
MXRA7,-0.562867215,0.253,0.358,1.7E-87,4.9E-83,L4
EID1,-0.819658497,0.423,0.58,1.5E-87,4.6E-83,inb-pv
DGKG,0.522046359,8.00E-01,8.05E-01,1.42E-87,4.23E-83,opc
TMED4,-0.508123589,0.257,0.343,1.4E-87,4.2E-83,inb
RPS6KL1,-1.013223441,0.311,0.488,1.3E-87,3.9E-83,L5/6
MOAP1,-0.811981255,0.215,0.402,1.2E-87,3.7E-83,inb-sst
KATNB1,-0.536004968,0.331,0.398,1.2E-87,3.7E-83,L2/3
STUB1,-1.001687838,0.193,0.346,1.2E-87,3.6E-83,inb-vip
RPL41,-0.750230322,3.06E-01,4.75E-01,1.22E-87,3.61E-83,opc
BASP1,-0.631255242,5.09E-01,6.52E-01,1.21E-87,3.60E-83,opc
LDHB,-0.631884491,0.308,0.401,1.2E-87,3.5E-83,ast
COX7A2,-0.878716343,0.337,0.505,1.1E-87,3.4E-83,inb-pv
XKR6,-0.563241606,0.219,0.322,1.0E-87,3.1E-83,ast
NEDD8,-0.924203136,0.306,0.476,9.5E-88,2.8E-83,inb-pv
NDUFC2,-0.902963778,0.327,0.476,9.0E-88,2.7E-83,inb-vip
RPL23A,-1.008320415,0.222,0.387,8.3E-88,2.5E-83,inb-pv
ATP6V0C,-0.842627339,0.602,0.716,8.0E-88,2.4E-83,L5/6
PRKCA-AS1,-0.568297117,0.314,0.387,7.6E-88,2.3E-83,L2/3
PSD,-0.666307162,0.542,0.714,7.6E-88,2.3E-83,L5/6-CC
RTN1,-0.713679677,0.331,0.475,7.2E-88,2.1E-83,micro
WIF1,-0.769324431,0.241,0.338,6.8E-88,2.0E-83,ast
MIR7-3HG,-0.629109502,0.216,0.317,6.7E-88,2.0E-83,L4
CHMP5,-0.510105175,0.364,0.427,6.6E-88,2.0E-83,L2/3
RPL26,-0.978597504,0.412,0.584,6.5E-88,1.9E-83,L5/6
PRICKLE1,-0.852226891,2.54E-01,4.21E-01,6.07E-88,1.81E-83,opc
ITM2C,-0.689077967,0.462,0.643,5.9E-88,1.8E-83,L5/6-CC
PEX11B,-0.617627476,0.24,0.31,5.8E-88,1.7E-83,L2/3
EIF1,-0.559886695,0.446,0.648,5.6E-88,1.7E-83,inb-sst
AC021134.1,-0.516834864,0.24,0.351,5.5E-88,1.6E-83,L4
GHR,0.630771375,0.352,0.279,5.1E-88,1.5E-83,inb
C9orf78,-0.839721187,0.176,0.272,4.9E-88,1.4E-83,L4
RACK1,-0.868939123,0.325,0.49,4.7E-88,1.4E-83,inb-pv
NPAS1,-0.676341378,0.183,0.263,4.6E-88,1.4E-83,inb
CPNE9,-0.531792028,0.308,0.379,4.2E-88,1.3E-83,L2/3
RUNX2,0.648587464,0.405,0.337,4.1E-88,1.2E-83,inb
SHISA8,-1.388942361,0.282,0.414,3.8E-88,1.1E-83,inb-vip
SCG3,-0.730782137,0.498,0.627,3.6E-88,1.1E-83,inb-pv
RBIS,-0.663135496,0.227,0.329,3.4E-88,1.0E-83,L4
ASPHD1,-0.759480407,0.402,0.583,3.4E-88,1.0E-83,L5/6-CC
CUTA,-1.089340455,0.18,0.329,3.2E-88,9.5E-84,inb-vip
CCKBR,-0.648432577,0.249,0.317,2.9E-88,8.6E-84,L2/3
NAGPA,-0.686251809,0.552,0.705,2.7E-88,8.2E-84,L5/6-CC
SPRY4-AS1,-0.571218144,0.48,0.647,2.7E-88,8.1E-84,inb-pv
RPS26,-1.046371951,0.259,0.425,2.6E-88,7.8E-84,inb-pv
CTSF,-0.922384432,0.268,0.421,2.5E-88,7.4E-84,inb-vip
PIN1,-0.816637454,0.213,0.4,2.4E-88,7.1E-84,inb-sst
AC104806.2,0.540172775,0.563,0.498,2.3E-88,7.0E-84,L4
AC016042.1,0.600324017,0.708,0.678,2.2E-88,6.7E-84,L2/3
SNHG3,-0.72759995,0.196,0.264,1.9E-88,5.7E-84,L2/3
SLC22A17,-0.617887942,0.603,0.714,1.9E-88,5.6E-84,inb-pv
TDO2,0.620062092,0.451,0.363,1.8E-88,5.5E-84,L4
ABHD16A,-0.662287031,0.285,0.35,1.8E-88,5.3E-84,L2/3
REX1BD,-0.68896637,0.503,0.667,1.8E-88,5.2E-84,L5/6-CC
GHR,0.767527567,0.501,0.442,1.7E-88,4.9E-84,L4
CHRM1,-0.722242517,0.185,0.283,1.7E-88,4.9E-84,L4
SLC22A17,-0.581693352,0.64,0.714,1.6E-88,4.8E-84,inb-vip
MIR3976HG,0.512444054,0.259,0.21,1.6E-88,4.7E-84,ext
ERP29,-0.98636793,0.218,0.385,1.5E-88,4.6E-84,inb-pv
ISG15,-1.177631703,0.245,0.382,1.5E-88,4.5E-84,endo
SNAI3-AS1,-0.606233369,0.214,0.317,1.3E-88,3.9E-84,L4
CIRBP,-0.533552071,0.621,0.771,1.3E-88,3.8E-84,L5/6-CC
CTSA,-0.532140028,0.192,0.276,1.3E-88,3.8E-84,inb
HOPX,-0.657719777,0.262,0.362,1.2E-88,3.7E-84,ast
CYB561,-0.582276268,0.232,0.336,1.2E-88,3.7E-84,L4
SHFL,-1.013334451,0.245,0.407,1.1E-88,3.3E-84,inb-pv
CAT,-0.515208823,0.332,0.406,1.0E-88,3.1E-84,L2/3
ATXN7L3B,-0.63927213,0.23,0.316,1.0E-88,3.0E-84,inb
HMGCS1,-0.60044684,0.538,0.704,9.6E-89,2.8E-84,L5/6-CC
GLIS3,0.536295169,0.42,0.376,8.6E-89,2.6E-84,ext
RPL15,-0.503932944,0.29,0.399,8.4E-89,2.5E-84,ast
NDUFB8,-0.558771034,0.244,0.345,8.4E-89,2.5E-84,ast
RPL29,-0.621034589,0.199,0.301,8.0E-89,2.4E-84,ast
B4GALNT1,-0.576778,0.173,0.254,7.6E-89,2.3E-84,inb
CHCHD10,-0.529872524,0.182,0.279,7.4E-89,2.2E-84,ast
KRT10,-0.635387776,0.247,0.317,6.8E-89,2.0E-84,L2/3
CLTB,-0.809844387,0.381,0.566,6.6E-89,1.9E-84,L5/6-CC
SRSF8,-0.598899284,0.204,0.308,6.0E-89,1.8E-84,L4
JAK2,0.529095004,0.616,0.563,5.1E-89,1.5E-84,L4
SLC25A3,-0.684366427,0.518,0.683,5.0E-89,1.5E-84,L5/6-CC
CCNI,-0.609134797,0.442,0.639,4.9E-89,1.5E-84,inb-sst
ARHGAP28,0.551220152,0.314,0.23,4.8E-89,1.4E-84,L2/3
CACNG8,-0.640081973,0.424,0.612,4.5E-89,1.3E-84,inb-sst
CAPNS1,-0.594082575,0.319,0.385,4.3E-89,1.3E-84,L2/3
GTF2H4,-0.703880035,0.181,0.252,3.8E-89,1.1E-84,L2/3
TUBA4A,-0.955047236,0.351,0.533,3.7E-89,1.1E-84,L5/6
PCDH9-AS2,0.632785238,0.385,0.283,3.1E-89,9.2E-85,ast
RPSA,-0.790576442,0.356,0.51,3.0E-89,8.9E-85,inb-vip
TMEM223,-0.684398403,0.243,0.313,2.8E-89,8.4E-85,L2/3
PDCD2,-0.661950397,0.241,0.308,2.8E-89,8.4E-85,L2/3
PEF1,-0.656680289,0.226,0.297,2.8E-89,8.2E-85,L2/3
MRPS36,-0.622571845,0.211,0.312,2.5E-89,7.5E-85,L4
LDHA,-0.909561202,0.283,0.454,2.2E-89,6.5E-85,inb-pv
DCAF15,-0.740647159,0.191,0.261,2.0E-89,5.9E-85,L2/3
C19orf25,-0.633062872,0.222,0.327,1.9E-89,5.7E-85,L4
VPS29,-0.527504215,0.255,0.344,1.8E-89,5.5E-85,inb
SEC61B,-0.52519556,0.185,0.288,1.8E-89,5.4E-85,L4
GUK1,-1.041663851,1.66E-01,3.24E-01,1.76E-89,5.22E-85,opc
SIVA1,-0.61694095,0.262,0.334,1.8E-89,5.2E-85,L2/3
MYL6,-0.811845573,0.336,0.523,1.6E-89,4.7E-85,L5/6-CC
COX6A1,-0.612732669,0.199,0.302,1.5E-89,4.4E-85,ast
NGRN,-0.610272352,0.564,0.736,1.3E-89,3.8E-85,L5/6-CC
ANTKMT,-1.048034103,0.159,0.308,1.1E-89,3.3E-85,inb-vip
MED10,-0.736377622,0.409,0.593,9.4E-90,2.8E-85,L5/6-CC
PSMB3,-0.549356432,0.194,0.295,8.7E-90,2.6E-85,L4
CCT3,-0.502663789,0.372,0.48,8.5E-90,2.5E-85,L4
CLTB,-0.73012337,0.177,0.363,8.5E-90,2.5E-85,inb-sst
ZBTB48,-0.61681425,0.252,0.324,7.3E-90,2.2E-85,L2/3
TMEM134,-0.734503446,0.165,0.262,7.0E-90,2.1E-85,L4
NNAT,-1.433724265,0.266,0.444,6.6E-90,2.0E-85,L5/6
ATP5MPL,-0.683531188,0.511,0.686,6.4E-90,1.9E-85,L5/6-CC
TRMT1,-0.64869951,0.189,0.29,6.2E-90,1.8E-85,L4
CRHBP,-1.11996135,0.237,0.4,5.6E-90,1.7E-85,inb-pv
AKR1B1,-0.724355714,0.231,0.3,5.4E-90,1.6E-85,L2/3
RASGRF1,-0.684899787,0.471,0.656,5.2E-90,1.6E-85,L5/6-CC
WDR83OS,-0.667776469,0.155,0.253,5.2E-90,1.6E-85,L4
PRDX5,-1.160149202,1.17E-01,2.68E-01,4.96E-90,1.48E-85,opc
POLR3H,-0.76938504,0.173,0.271,4.9E-90,1.5E-85,L4
NECAB3,-1.222902353,0.161,0.331,4.2E-90,1.3E-85,L5/6-CC
TPI1,-1.025551692,1.53E-01,3.11E-01,4.11E-90,1.22E-85,opc
CACNB3,-0.663483976,0.205,0.307,3.3E-90,9.7E-86,L4
HPCA,-1.021965042,0.208,0.362,3.2E-90,9.6E-86,inb-vip
IL7,0.613266889,0.37,0.288,2.8E-90,8.3E-86,L2/3
GABARAPL2,-0.769199192,0.157,0.298,2.7E-90,8.1E-86,micro
ISCU,-0.786864001,0.399,0.589,2.7E-90,8.1E-86,L5/6-CC
TMEM205,-1.039039515,0.12,0.285,2.7E-90,8.0E-86,inb-sst
OLFM1,-0.874358585,0.526,0.674,2.7E-90,8.0E-86,L5/6
TPI1,-0.949630951,0.245,0.405,2.6E-90,7.7E-86,inb-vip
C6orf136,-0.672656716,0.196,0.295,2.5E-90,7.5E-86,L4
MRPS21,-0.81839907,0.384,0.569,2.5E-90,7.4E-86,L5/6-CC
LARP6,-0.641115455,0.248,0.318,2.5E-90,7.4E-86,L2/3
APBB3,-0.515943603,0.202,0.251,2.5E-90,7.3E-86,ext
CSPG5,-0.777216191,0.178,0.271,2.4E-90,7.3E-86,ast
B2M,-0.646692783,0.235,0.281,2.3E-90,6.7E-86,ext
EEF2K,1.211265146,3.17E-01,1.80E-01,1.91E-90,5.68E-86,opc
CALM1,-0.569639095,0.909,0.926,1.9E-90,5.5E-86,L5/6
RBFA,-0.519249609,0.266,0.314,1.7E-90,5.1E-86,ext
NGRN,-0.724257189,0.444,0.604,1.6E-90,4.6E-86,inb-pv
TIMM17A,-0.564530803,0.322,0.389,1.5E-90,4.6E-86,L2/3
THY1,-0.779935185,3.42E-01,5.07E-01,1.50E-90,4.46E-86,opc
SGSM3,-0.957392497,0.259,0.429,1.5E-90,4.4E-86,inb-pv
RHOBTB2,-0.505907052,0.531,0.625,1.4E-90,4.2E-86,L4
RPS7,-0.666883655,0.302,0.509,1.3E-90,4.0E-86,inb-sst
NME4,-0.707553264,0.282,0.348,1.2E-90,3.4E-86,L2/3
ARL6IP5,-0.75495514,0.364,0.558,1.1E-90,3.3E-86,inb-sst
RTN4RL2,-0.802588695,0.375,0.556,1.1E-90,3.3E-86,L5/6-CC
RPS27A,-0.687472195,0.412,0.589,1.1E-90,3.3E-86,inb-pv
CORO7,-0.520515277,0.369,0.432,1.1E-90,3.2E-86,L2/3
RPL28,-0.731518458,0.49,0.669,1.0E-90,3.0E-86,L5/6-CC
TCTA,-0.810661689,0.158,0.253,9.8E-91,2.9E-86,L4
COA8,-0.773028259,0.189,0.257,9.7E-91,2.9E-86,L2/3
RPL5,-0.685263558,0.34,0.547,9.5E-91,2.8E-86,inb-sst
ADAP1,-0.612973728,0.189,0.291,9.2E-91,2.7E-86,L4
ERCC1,-0.542975837,0.273,0.38,8.6E-91,2.6E-86,L4
VPS9D1,-0.894755211,0.202,0.387,8.1E-91,2.4E-86,inb-sst
SCYL1,-0.593639331,0.245,0.351,7.8E-91,2.3E-86,L4
BSCL2,-0.634736978,0.436,0.622,7.1E-91,2.1E-86,inb-sst
RAB3B,-0.644571582,0.217,0.303,6.7E-91,2.0E-86,inb
SOD1,-0.790625423,0.45,0.605,6.7E-91,2.0E-86,inb-pv
HMOX2,-0.535874721,0.205,0.292,6.7E-91,2.0E-86,inb
LRRC47,-0.723234176,0.16,0.257,6.4E-91,1.9E-86,L4
CD63,-0.960635156,0.28,0.435,6.0E-91,1.8E-86,inb-vip
CFAP410,-0.691086611,0.198,0.27,5.6E-91,1.7E-86,L2/3
RPL28,-0.808227311,0.373,0.543,4.5E-91,1.3E-86,inb-pv
ACAT2,-1.010920219,0.222,0.403,4.1E-91,1.2E-86,L5/6-CC
NRGN,-0.669595615,0.437,0.65,3.8E-91,1.1E-86,inb-sst
PSMD8,-1.106845037,0.175,0.328,3.6E-91,1.1E-86,inb-vip
GIPC1,-0.515648925,0.294,0.406,3.6E-91,1.1E-86,L4
TUSC2,-1.02353488,0.2,0.38,3.5E-91,1.1E-86,L5/6-CC
FDX2,-0.824794044,0.334,0.524,3.5E-91,1.0E-86,L5/6-CC
SPDYE21P,-0.534258367,0.265,0.343,3.4E-91,1.0E-86,L2/3
AP2M1,-0.757176657,0.368,0.521,3.3E-91,9.7E-87,inb-vip
RFK,-0.63069408,0.235,0.341,3.2E-91,9.6E-87,L4
NOC2L,-0.564551409,0.228,0.334,3.2E-91,9.6E-87,L4
UBB,-0.700690873,0.5,0.674,3.0E-91,8.9E-87,L5/6-CC
RPS27A,-0.722529311,0.542,0.709,2.9E-91,8.7E-87,L5/6-CC
FLYWCH1,-0.569238568,0.242,0.331,2.8E-91,8.3E-87,inb
HLA-A,-1.203640921,0.211,0.36,2.8E-91,8.2E-87,inb-vip
STMN2,-0.629654198,0.282,0.443,2.6E-91,7.6E-87,micro
NDUFA4,-0.645626025,0.591,0.745,2.4E-91,7.1E-87,L5/6-CC
DDA1,-0.580284729,0.274,0.346,2.1E-91,6.3E-87,L2/3
ATP5ME,-0.767461367,0.372,0.546,2.1E-91,6.2E-87,inb-pv
SORT1,0.586606263,0.786,0.754,2.0E-91,5.8E-87,L5/6-CC
COX5B,-0.73631491,0.262,0.467,2.0E-91,5.8E-87,inb-sst
REX1BD,-0.705754776,0.22,0.418,1.9E-91,5.6E-87,inb-sst
GABRD,-0.734443175,0.261,0.34,1.7E-91,5.2E-87,inb
YWHAB,-0.61704508,0.371,0.521,1.7E-91,5.1E-87,micro
SIVA1,-0.737413501,0.157,0.254,1.5E-91,4.4E-87,L4
ELOB,-0.875992817,0.352,0.536,1.4E-91,4.3E-87,L5/6-CC
RPL21,-0.85554358,0.358,0.53,1.4E-91,4.1E-87,inb-pv
SCN1B,-0.7912777,0.4,0.561,1.4E-91,4.0E-87,inb-pv
MFSD10,-0.813596525,0.362,0.547,1.2E-91,3.6E-87,L5/6-CC
NDN,-1.209236231,0.158,0.315,1.1E-91,3.4E-87,inb-pv
UBA6-AS1,0.50654363,0.801,0.74,1.1E-91,3.4E-87,inb-pv
ABHD16A,-0.647389743,0.197,0.299,1.1E-91,3.4E-87,L4
DPF1,-0.507959175,0.19,0.276,1.1E-91,3.2E-87,inb
ARPC4,-0.578125361,0.215,0.322,1.1E-91,3.2E-87,L4
CD81,-0.860693123,0.201,0.391,1.0E-91,3.1E-87,inb-sst
VWA5B2,-0.648900675,0.186,0.268,1.0E-91,3.0E-87,inb
PRDX5,-0.820967993,0.17,0.356,8.8E-92,2.6E-87,inb-sst
ATP13A2,-0.734164955,0.293,0.492,8.7E-92,2.6E-87,inb-sst
SPRN,-1.428060243,0.126,0.288,7.5E-92,2.2E-87,L5/6-CC
AC010280.1,0.748043256,0.373,0.281,7.5E-92,2.2E-87,L4
DCC,0.826547021,0.535,0.378,7.2E-92,2.1E-87,inb-pv
ABCB8,-0.565122371,0.198,0.282,7.0E-92,2.1E-87,inb
PAPSS2,-0.553870267,0.253,0.332,6.7E-92,2.0E-87,L2/3
RAB11B,-0.57067416,0.231,0.338,6.3E-92,1.9E-87,L4
FAHD2B,-0.61090037,0.253,0.325,6.1E-92,1.8E-87,L2/3
CCT5,-0.553264873,0.256,0.363,5.6E-92,1.7E-87,L4
MAZ,-1.186042399,0.203,0.379,5.2E-92,1.6E-87,L5/6-CC
SKAP2,0.707431178,0.553,0.449,5.2E-92,1.5E-87,micro
GNG3,-1.032339191,0.18,0.339,5.1E-92,1.5E-87,inb-vip
IER5,-0.771538936,0.192,0.262,5.0E-92,1.5E-87,L2/3
HINT1,-0.774693763,2.42E-01,4.18E-01,4.92E-92,1.46E-87,opc
SMG5,-0.579293993,0.291,0.4,4.7E-92,1.4E-87,L4
RPL8,-0.517934974,0.223,0.332,3.5E-92,1.0E-87,ast
STMN3,-0.744954425,0.449,0.603,3.5E-92,1.0E-87,inb-pv
BSG,-0.623564739,0.513,0.693,3.2E-92,9.4E-88,L5/6-CC
METRN,-0.574213875,0.321,0.393,3.0E-92,8.9E-88,L2/3
ARPP19,-0.648178069,0.287,0.447,2.9E-92,8.8E-88,micro
HID1,-0.604504012,0.178,0.261,2.5E-92,7.6E-88,inb
TUBA1B,-0.769040087,3.36E-01,5.06E-01,2.42E-92,7.20E-88,opc
MEIS3,-0.588263421,0.51,0.693,2.4E-92,7.1E-88,L5/6-CC
SNUPN,-0.520386686,0.201,0.251,2.4E-92,7.1E-88,ext
TMEM50A,-0.551246213,0.33,0.442,2.3E-92,6.8E-88,L4
SNCB,-0.738721371,0.442,0.627,2.3E-92,6.7E-88,L5/6-CC
KIAA0895L,-0.518768198,0.257,0.348,2.2E-92,6.7E-88,inb
SLC30A3,-0.93107734,0.277,0.46,2.2E-92,6.6E-88,L5/6-CC
MRPL20,-0.501880939,0.237,0.348,2.2E-92,6.4E-88,L4
GPS1,-0.630738174,0.274,0.346,2.1E-92,6.3E-88,L2/3
ATP5IF1,-0.817237855,0.406,0.57,2.1E-92,6.3E-88,inb-pv
KRTCAP2,-0.782838983,0.157,0.253,2.1E-92,6.1E-88,L4
TAGLN3,-0.961696007,2.32E-01,3.97E-01,1.97E-92,5.85E-88,opc
TMEM205,-1.126829084,0.179,0.33,1.9E-92,5.7E-88,inb-vip
XKR9,0.863509395,0.261,0.172,1.9E-92,5.6E-88,L4
P4HB,-0.624710295,0.212,0.316,1.8E-92,5.2E-88,L4
RPL35A,-0.847851703,0.439,0.618,1.5E-92,4.3E-88,L5/6-CC
C4orf3,-0.620327781,0.257,0.367,1.3E-92,3.8E-88,L4
FMN1,1.021393471,0.472,0.365,1.1E-92,3.2E-88,micro
MPC2,-0.563626133,0.208,0.297,9.2E-93,2.7E-88,inb
RDH14,-0.777725697,0.19,0.259,8.7E-93,2.6E-88,L2/3
ISCU,-0.855606539,0.209,0.404,8.7E-93,2.6E-88,inb-sst
SAT2,-0.839011735,0.321,0.481,8.6E-93,2.6E-88,inb-vip
TMEM205,-1.064954391,0.298,0.482,8.6E-93,2.6E-88,L5/6
ATP6V0D1,-0.785595492,0.377,0.569,8.4E-93,2.5E-88,L5/6-CC
RPL8,-0.740894706,0.352,0.521,7.9E-93,2.3E-88,inb-vip
GUK1,-0.652429707,0.223,0.326,7.0E-93,2.1E-88,ast
YBX1,-0.549592363,0.216,0.304,6.2E-93,1.8E-88,inb
CDKN2D,-1.161741184,0.189,0.371,6.2E-93,1.8E-88,L5/6
DDOST,-0.673874998,0.17,0.27,5.4E-93,1.6E-88,L4
RPL18,-0.730912062,0.407,0.579,5.3E-93,1.6E-88,inb-pv
REEP5,-0.605557267,0.614,0.771,5.2E-93,1.5E-88,L5/6-CC
MBOAT7,-0.502537353,0.288,0.4,5.1E-93,1.5E-88,L4
INAFM1,-1.491309725,0.124,0.274,4.9E-93,1.4E-88,inb-pv
PSMD8,-1.060872521,0.132,0.305,4.1E-93,1.2E-88,inb-sst
CENPV,-0.608446653,0.252,0.359,4.0E-93,1.2E-88,L4
SELENOH,-0.764515122,0.2,0.394,3.9E-93,1.2E-88,inb-sst
NDUFB10,-0.956323358,0.241,0.414,3.5E-93,1.0E-88,inb-pv
RPS13,-1.082601234,0.237,0.409,3.4E-93,1.0E-88,inb-pv
SSBP4,-0.823830383,0.173,0.36,3.3E-93,9.7E-89,inb-sst
C4orf48,-0.822998878,0.181,0.369,2.9E-93,8.7E-89,inb-sst
PRMT1,-0.56381308,0.207,0.312,2.8E-93,8.2E-89,L4
AC096576.3,1.161862663,0.509,0.361,2.5E-93,7.3E-89,L5/6-CC
CYCS,-0.735042257,0.219,0.421,2.4E-93,7.2E-89,inb-sst
KCNQ1OT1,-0.585121938,0.551,0.727,2.4E-93,7.0E-89,L5/6-CC
RPL29,-0.919786936,0.318,0.494,1.9E-93,5.8E-89,inb-pv
OAZ1,-0.571096314,0.304,0.413,1.8E-93,5.5E-89,ast
ARL6IP4,-0.850301737,0.32,0.496,1.7E-93,4.9E-89,inb-pv
P4HTM,-0.728966771,0.25,0.45,1.6E-93,4.7E-89,inb-sst
HSP90AB1,-0.607265506,0.794,0.895,1.5E-93,4.5E-89,L5/6-CC
SPCS1,-0.967150459,0.295,0.466,1.5E-93,4.4E-89,inb-pv
TMA7,-0.722239326,0.448,0.639,1.5E-93,4.4E-89,L5/6-CC
ARHGDIG,-1.107831792,0.294,0.481,1.4E-93,4.3E-89,L5/6
MYL6B,-0.968588299,0.3,0.472,1.4E-93,4.3E-89,inb-pv
ABCB8,-0.615871016,0.243,0.349,1.2E-93,3.6E-89,L4
H3F3B,-0.892638656,0.338,0.513,1.1E-93,3.3E-89,inb-pv
KAT5,-0.706226479,0.202,0.275,1.1E-93,3.2E-89,L2/3
GNG10,-0.666459282,0.218,0.324,1.0E-93,3.0E-89,L4
CORO6,-0.504121343,0.377,0.487,9.6E-94,2.9E-89,L4
GAMT,-0.767323646,0.208,0.279,8.3E-94,2.5E-89,L2/3
TAF9,-0.77056337,0.161,0.26,7.7E-94,2.3E-89,L4
SPCS1,-0.883721587,0.203,0.393,7.7E-94,2.3E-89,inb-sst
C12orf10,-0.711786369,0.192,0.265,6.7E-94,2.0E-89,L2/3
CES4A,-0.971737578,0.156,0.336,6.7E-94,2.0E-89,inb-sst
RPS3A,-0.599743136,0.246,0.355,6.7E-94,2.0E-89,ast
LINC00923,1.004780355,0.359,0.27,6.5E-94,1.9E-89,L4
SSB,-0.526414198,0.358,0.474,6.4E-94,1.9E-89,L4
SNRPA1,-0.558367612,0.224,0.314,5.5E-94,1.6E-89,inb
TMEM106C,-0.753815894,0.19,0.291,5.4E-94,1.6E-89,L4
GAPDH,-0.534599308,0.703,0.772,5.4E-94,1.6E-89,endo
RORA,0.517197066,0.878,0.844,4.6E-94,1.4E-89,L5/6-CC
COX7C,-0.76540154,0.481,0.658,4.6E-94,1.4E-89,L5/6-CC
DLG5,-0.521530258,0.387,0.453,4.0E-94,1.2E-89,L2/3
GSTK1,-1.045075163,0.14,0.314,3.5E-94,1.0E-89,inb-sst
FNDC4,-1.245499465,0.155,0.314,3.2E-94,9.5E-90,inb-pv
CACNA1G,-0.62519492,0.175,0.259,2.9E-94,8.5E-90,inb
DDOST,-0.632808298,0.258,0.33,2.8E-94,8.2E-90,L2/3
TSEN54,-0.609553046,0.283,0.354,2.6E-94,7.7E-90,L2/3
TMED4,-0.54568429,0.319,0.432,2.0E-94,5.9E-90,L4
SOD1,-0.870455987,2.36E-01,4.10E-01,1.87E-94,5.56E-90,opc
PSMC5,-1.139224572,0.181,0.349,1.7E-94,5.1E-90,inb-pv
MMP24OS,-0.603545746,0.261,0.371,1.7E-94,4.9E-90,L4
MICOS13,-1.127340462,0.173,0.34,1.6E-94,4.7E-90,inb-pv
RPS18,-0.87360916,0.353,0.526,1.6E-94,4.6E-90,inb-pv
LINC02223,0.763186523,0.421,0.331,1.6E-94,4.6E-90,L4
COPS8,-0.560409368,0.171,0.257,1.4E-94,4.1E-90,inb
UCHL1,-0.512423572,0.307,0.414,1.4E-94,4.1E-90,ast
PDK4,0.985728503,0.265,0.172,1.3E-94,4.0E-90,ast
EMC4,-0.726598088,0.244,0.314,1.3E-94,3.9E-90,L2/3
NDN,-1.264187876,0.153,0.304,1.2E-94,3.4E-90,inb-vip
SHFL,-0.916569453,0.351,0.533,1.1E-94,3.3E-90,L5/6-CC
ADCYAP1,-0.654632245,0.301,0.372,9.4E-95,2.8E-90,L2/3
POLR2C,-0.77468348,0.166,0.266,8.8E-95,2.6E-90,L4
AP2S1,-0.91599074,0.305,0.497,8.4E-95,2.5E-90,L5/6-CC
RPL5,-0.735006734,0.433,0.583,8.1E-95,2.4E-90,inb-vip
PDZD7,-0.643205377,0.239,0.346,7.2E-95,2.1E-90,L4
ANTKMT,-0.968654372,0.228,0.398,7.2E-95,2.1E-90,inb-pv
AC099791.2,-0.787910678,0.182,0.253,6.2E-95,1.8E-90,L2/3
VSTM2L,-0.788076655,0.407,0.591,5.6E-95,1.7E-90,L5/6-CC
FABP3,-1.325656687,0.183,0.358,5.5E-95,1.6E-90,L5/6-CC
OBSL1,-0.502851151,0.297,0.392,5.0E-95,1.5E-90,inb
RTN4R,-0.959374145,0.307,0.497,4.9E-95,1.5E-90,L5/6-CC
GCSH,-0.656696966,0.167,0.271,4.8E-95,1.4E-90,L4
RASGRP1,-0.532211328,0.609,0.758,4.5E-95,1.3E-90,L5/6-CC
AC243829.1,-0.675678293,0.222,0.296,4.2E-95,1.2E-90,L2/3
RPS6KL1,-1.003579809,0.126,0.298,4.1E-95,1.2E-90,inb-sst
HSPA8,-1.410927173,0.432,0.659,4.0E-95,1.2E-90,inb-sv2c
EIF4A2,-0.591709525,0.615,0.731,3.9E-95,1.2E-90,inb-pv
MRPL27,-0.687909916,0.22,0.293,3.6E-95,1.1E-90,L2/3
C1QTNF4,-1.237142733,0.16,0.32,3.6E-95,1.1E-90,inb-pv
TLR2,0.740328079,0.373,0.235,3.4E-95,1.0E-90,micro
DAD1,-0.741065281,0.255,0.324,3.3E-95,9.7E-91,L2/3
SERF2,-0.855714058,0.343,0.532,3.2E-95,9.4E-91,L5/6-CC
RABAC1,-1.000983887,0.252,0.414,2.9E-95,8.8E-91,inb-vip
WARS2-AS1,0.710599963,0.278,0.2,2.9E-95,8.7E-91,inb
ATP1B2,-0.53808296,0.466,0.56,2.9E-95,8.6E-91,ast
NSUN5,-0.912038212,0.177,0.275,2.8E-95,8.4E-91,L4
CACYBP,-0.50601553,0.23,0.323,2.7E-95,8.2E-91,inb
HINT1,-0.744441432,0.451,0.62,2.4E-95,7.2E-91,inb-pv
OAZ1,-0.727212031,0.469,0.616,2.4E-95,7.0E-91,inb-vip
DNAJC5G,-0.595831721,0.209,0.319,2.2E-95,6.6E-91,L4
TUBB3,-0.76363271,0.259,0.46,2.2E-95,6.6E-91,inb-sst
SEZ6L2,-0.684958178,0.553,0.685,2.1E-95,6.2E-91,inb-pv
MEAF6,-0.564425754,0.342,0.452,2.1E-95,6.2E-91,L4
HRAS,-1.113940627,0.198,0.381,1.9E-95,5.6E-91,L5/6-CC
LMF2,-0.540260504,0.314,0.386,1.8E-95,5.3E-91,L2/3
FAM3C,-0.500241832,0.543,0.639,1.8E-95,5.2E-91,L4
CCT5,-0.554690658,0.386,0.448,1.7E-95,5.2E-91,L2/3
NR3C2,0.651286744,0.785,0.737,1.7E-95,5.0E-91,L5/6-CC
CHCHD2,-0.771676584,0.408,0.604,1.6E-95,4.7E-91,L5/6-CC
CYC1,-1.260380228,0.174,0.351,1.3E-95,3.8E-91,L5/6-CC
AC006148.1,0.790846347,0.683,0.591,1.2E-95,3.6E-91,L5/6-CC
ADGRB1,-0.806721357,0.201,0.3,1.2E-95,3.5E-91,ast
CALM3,-0.512337986,0.582,0.763,1.0E-95,3.1E-91,inb-sst
MRPL18,-0.59162737,0.291,0.365,9.9E-96,2.9E-91,L2/3
PCP4L1,-0.752432754,0.193,0.277,9.9E-96,2.9E-91,inb
CREG2,-0.511128612,0.791,0.895,9.7E-96,2.9E-91,L5/6-CC
SUMF2,-0.578527374,0.28,0.392,9.1E-96,2.7E-91,L4
CXXC4-AS1,0.556995232,0.594,0.52,8.2E-96,2.4E-91,L4
RPLP0,-0.563277787,0.211,0.301,7.9E-96,2.4E-91,inb
ATP5MC3,-0.62931489,0.182,0.286,6.5E-96,1.9E-91,ast
ARL4D,-1.41737574,0.133,0.303,6.0E-96,1.8E-91,L5/6-CC
NDUFB3,-0.764535817,0.223,0.294,5.8E-96,1.7E-91,L2/3
FKBP4,-0.643820594,0.277,0.348,5.5E-96,1.6E-91,L2/3
CDK5R2,-0.924693057,0.259,0.454,5.2E-96,1.6E-91,L5/6-CC
TAF7,-0.510245918,0.358,0.43,5.2E-96,1.5E-91,L2/3
CPNE9,-0.547684422,0.364,0.477,4.9E-96,1.5E-91,L4
OAZ1,-0.643501086,0.318,0.479,4.7E-96,1.4E-91,micro
SELENOM,-1.147257954,0.19,0.35,4.6E-96,1.4E-91,inb-vip
POMGNT1,-0.635670289,0.258,0.368,4.5E-96,1.3E-91,L4
PSMA7,-0.875035927,0.386,0.575,4.0E-96,1.2E-91,L5/6-CC
TECPR1,-0.521078924,0.301,0.416,3.7E-96,1.1E-91,L4
DNAJB9,-0.753463354,0.185,0.257,3.6E-96,1.1E-91,L2/3
TIMM44,-0.571897789,0.226,0.334,3.5E-96,1.0E-91,L4
BCL2,0.851407258,0.395,0.261,3.1E-96,9.1E-92,micro
VPS4A,-0.577047705,0.246,0.357,2.8E-96,8.2E-92,L4
SEZ6L2,-0.631055591,0.432,0.629,2.3E-96,6.9E-92,inb-sst
RPS15,-0.742460786,0.406,0.581,1.9E-96,5.7E-92,inb-pv
BAG6,-0.504144515,0.206,0.257,1.6E-96,4.9E-92,ext
AL391807.1,-0.57484402,0.649,0.798,1.6E-96,4.7E-92,L5/6-CC
TUBA1A,-0.758606581,0.404,0.558,1.5E-96,4.5E-92,endo
COX4I1,-0.762977551,0.385,0.55,1.4E-96,4.2E-92,inb-vip
COX6C,-0.526298274,0.3,0.414,1.2E-96,3.6E-92,ast
KLHDC3,-0.720604754,0.425,0.621,1.1E-96,3.4E-92,L5/6-CC
RPL13,-0.606565909,0.593,0.707,1.1E-96,3.3E-92,inb-vip
EDF1,-0.861220064,0.172,0.363,1.0E-96,3.1E-92,inb-sst
ZNF441,-0.713267995,0.242,0.314,1.0E-96,3.0E-92,L2/3
CPNE6,-0.815984954,0.226,0.296,9.9E-97,2.9E-92,L2/3
SAT2,-0.812168434,0.417,0.579,9.7E-97,2.9E-92,inb-pv
B3GAT3,-0.966986288,0.126,0.303,9.6E-97,2.9E-92,inb-sst
SLC4A3,-0.575884213,0.315,0.386,8.8E-97,2.6E-92,L2/3
MIAT,-0.529315874,0.878,0.895,8.8E-97,2.6E-92,L5/6
JAM2,-1.036699732,0.19,0.381,8.6E-97,2.5E-92,L5/6-CC
LINC02296,-0.575584418,0.55,0.598,6.1E-97,1.8E-92,L2/3
TPI1,-0.825767601,0.222,0.423,5.7E-97,1.7E-92,inb-sst
CES4A,-0.824838224,0.511,0.655,5.5E-97,1.6E-92,L5/6
ANKRD13B,-0.51714072,0.22,0.27,4.7E-97,1.4E-92,ext
NDUFA13,-0.775551158,0.493,0.674,4.3E-97,1.3E-92,L5/6-CC
SLC22A23,-1.261788544,0.148,0.285,4.3E-97,1.3E-92,micro
CBARP,-0.675956857,0.27,0.341,4.2E-97,1.3E-92,L2/3
TMEM38A,-0.687071736,0.435,0.625,3.8E-97,1.1E-92,L5/6-CC
LIN7B,-0.62480001,0.175,0.281,3.4E-97,1.0E-92,L4
TMEM132C,0.526469839,7.99E-01,7.57E-01,3.04E-97,9.04E-93,opc
ABCC9,0.746863722,0.285,0.186,2.8E-97,8.3E-93,ast
ATP5F1D,-0.925323264,0.253,0.42,2.8E-97,8.3E-93,inb-vip
VPS51,-0.561829966,0.274,0.386,2.7E-97,8.2E-93,L4
ERP29,-1.05676503,0.197,0.358,2.7E-97,8.0E-93,inb-vip
TUBB2A,-0.738576629,0.237,0.411,2.6E-97,7.7E-93,endo
CYP46A1,-0.773972645,0.237,0.436,2.6E-97,7.7E-93,inb-sst
STK32C,-0.556491514,0.31,0.42,2.6E-97,7.6E-93,L4
LURAP1L-AS1,0.638916459,2.98E-01,2.51E-01,2.46E-97,7.32E-93,oli
RPL17,-0.984764488,0.439,0.621,2.4E-97,7.2E-93,L5/6-CC
GRM5-AS1,0.639578084,0.351,0.264,2.4E-97,7.2E-93,L2/3
ATP5F1D,-0.780843667,0.378,0.571,2.4E-97,7.1E-93,L5/6-CC
ST6GALNAC6,-0.583577719,0.21,0.319,2.4E-97,7.0E-93,L4
RGS4,-0.694387869,0.186,0.342,2.1E-97,6.3E-93,micro
ARF5,-1.04528931,0.189,0.36,2.0E-97,6.0E-93,inb-pv
BOLA3,-0.724040313,0.192,0.296,1.8E-97,5.3E-93,L4
MIR7-3HG,-0.54105741,0.358,0.428,1.7E-97,5.2E-93,L2/3
URM1,-0.757817765,0.163,0.264,1.6E-97,4.9E-93,L4
LRPAP1,-0.872986973,0.381,0.57,1.6E-97,4.7E-93,L5/6-CC
ATXN2L,-0.580139159,0.326,0.436,1.6E-97,4.7E-93,L4
TM7SF2,-1.195871285,0.197,0.377,1.4E-97,4.3E-93,L5/6-CC
FAM66A,1.132758393,0.271,0.134,1.4E-97,4.3E-93,inb-vip
PGP,-0.953133537,0.341,0.49,1.4E-97,4.2E-93,inb-vip
POMT1,-0.525230069,0.376,0.444,1.2E-97,3.7E-93,L2/3
ANTKMT,-0.943061638,0.122,0.3,1.1E-97,3.4E-93,inb-sst
ADGRB2,-0.642220038,0.575,0.729,9.8E-98,2.9E-93,L5/6-CC
PLK2,-0.657594928,0.175,0.261,9.3E-98,2.8E-93,inb
LINC00970,0.636533668,0.487,0.394,8.7E-98,2.6E-93,L4
TMEM155,-0.773031319,0.349,0.547,8.1E-98,2.4E-93,L5/6-CC
GABRD,-0.83294068,0.362,0.553,7.4E-98,2.2E-93,L5/6-CC
NDUFB9,-0.629191301,0.265,0.341,6.6E-98,2.0E-93,L2/3
PTK2B,0.574175028,0.811,0.765,6.2E-98,1.9E-93,L5/6-CC
UBC,-0.64226135,0.521,0.702,6.0E-98,1.8E-93,L5/6-CC
RFK,-0.607693515,0.291,0.365,6.0E-98,1.8E-93,L2/3
CKB,-0.64990098,0.583,0.737,5.4E-98,1.6E-93,inb-sst
NDUFA7,-0.832770913,0.158,0.257,5.1E-98,1.5E-93,L4
SCAMP5,-0.554221479,0.499,0.692,4.9E-98,1.5E-93,inb-sst
HAGHL,-1.004760971,0.316,0.502,4.8E-98,1.4E-93,L5/6-CC
TMSB10,-0.992513182,0.53,0.676,4.7E-98,1.4E-93,L5/6
UQCRFS1,-0.906951133,0.327,0.518,4.1E-98,1.2E-93,L5/6-CC
EIF5A,-0.747202338,0.168,0.27,3.6E-98,1.1E-93,L4
PARK7,-0.694175223,0.181,0.285,3.6E-98,1.1E-93,ast
DUSP26,-0.804712449,0.185,0.288,3.4E-98,1.0E-93,L4
REX1BD,-0.797867583,0.398,0.567,3.3E-98,9.8E-94,inb-pv
SLC2A8,-0.829199805,0.186,0.258,3.1E-98,9.2E-94,L2/3
SCG5,-0.60715942,0.694,0.82,2.6E-98,7.6E-94,L5/6-CC
AC079298.3,0.518426699,0.328,0.237,2.3E-98,6.8E-94,L2/3
RPS3A,-0.723514266,0.293,0.511,2.2E-98,6.5E-94,inb-sst
DIO2,-0.840395843,0.176,0.274,2.0E-98,6.1E-94,ast
PDCD2,-0.776631972,0.151,0.252,2.0E-98,6.0E-94,L4
FAM66A,1.139156166,0.462,0.302,1.9E-98,5.5E-94,L5/6-CC
ADAP1,-0.669173369,0.255,0.328,1.7E-98,5.0E-94,L2/3
NDUFA4,-0.700847546,0.522,0.652,1.5E-98,4.4E-94,inb-vip
PEBP1,-0.598792261,0.677,0.77,1.3E-98,3.8E-94,inb-vip
RPS18,-0.868724871,0.482,0.659,1.2E-98,3.5E-94,L5/6-CC
MRPS11,-0.524124163,0.361,0.43,1.1E-98,3.3E-94,L2/3
TADA3,-0.858952354,0.156,0.256,9.7E-99,2.9E-94,L4
PRXL2A,-0.51012228,0.303,0.402,8.3E-99,2.5E-94,inb
KCNV1,-0.568373703,0.307,0.42,7.8E-99,2.3E-94,L4
CLTB,-0.986761286,0.265,0.444,7.1E-99,2.1E-94,inb-pv
SPRYD3,-0.621206263,0.244,0.357,7.1E-99,2.1E-94,L4
CHST1,-0.57592601,0.226,0.337,6.5E-99,1.9E-94,L4
RPS12,-0.967583043,0.398,0.593,5.2E-99,1.6E-94,L5/6-CC
SLIRP,-0.513684243,0.334,0.449,4.2E-99,1.3E-94,L4
CCDC12,-0.622720812,0.236,0.348,4.1E-99,1.2E-94,L4
PWRN1,-0.544090848,0.304,0.393,4.0E-99,1.2E-94,L2/3
RPSA,-0.84735911,0.339,0.514,3.2E-99,9.6E-95,inb-pv
HID1,-0.711437977,0.247,0.356,3.2E-99,9.5E-95,L4
SYT5,-1.049436169,0.278,0.47,3.1E-99,9.3E-95,L5/6
ARPC4,-0.554188552,0.318,0.393,3.1E-99,9.2E-95,L2/3
OGFR,-0.523635656,0.236,0.327,3.1E-99,9.2E-95,inb
RPS27A,-0.527361606,0.299,0.415,3.0E-99,8.9E-95,ast
VDAC2,-1.031799108,0.308,0.479,2.6E-99,7.9E-95,inb-pv
RHBDD2,-0.826878581,0.384,0.578,2.3E-99,6.7E-95,L5/6-CC
RNASEH2C,-0.729765623,0.185,0.291,2.3E-99,6.7E-95,L4
NDUFC2,-0.845164549,0.228,0.433,2.2E-99,6.4E-95,inb-sst
TBC1D1,0.641493543,0.303,0.197,2.1E-99,6.3E-95,ast
DHCR24,-0.52727228,0.372,0.44,2.1E-99,6.3E-95,L2/3
SNX3,-0.73066366,0.508,0.689,1.8E-99,5.3E-95,L5/6-CC
NOXA1,-0.595977744,0.345,0.454,1.8E-99,5.3E-95,L4
PRRT2,-0.50476464,0.356,0.473,1.6E-99,4.8E-95,L4
CTXN1,-1.310849826,0.237,0.425,1.6E-99,4.8E-95,L5/6
TPI1,-0.864902311,0.161,0.308,1.5E-99,4.5E-95,micro
HES4,-2.055592666,0.201,0.474,1.4E-99,4.3E-95,inb-sv2c
ATP5PF,-0.821267194,0.437,0.631,1.4E-99,4.2E-95,L5/6-CC
SARAF,-0.752811676,0.638,0.753,1.2E-99,3.5E-95,L5/6
RCSD1,-0.804106958,0.174,0.278,1.1E-99,3.1E-95,L4
NDUFB8,-0.854700871,0.483,0.652,1.0E-99,3.1E-95,L5/6
TLE2,-0.594935516,0.252,0.345,9.8E-100,2.9E-95,inb
SCG5,-0.822133393,0.531,0.662,8.5E-100,2.5E-95,inb-pv
RPL4,-0.642650476,0.275,0.387,8.1E-100,2.4E-95,L4
RER1,-0.610364989,0.25,0.359,7.3E-100,2.2E-95,L4
ZMAT2,-0.568331884,0.229,0.343,7.3E-100,2.2E-95,L4
ADAMTS8,-1.15107167,0.227,0.415,6.5E-100,1.9E-95,L5/6-CC
RPS3A,-0.821696537,0.376,0.542,4.8E-100,1.4E-95,inb-vip
ATP5F1E,-0.831568381,0.375,0.557,3.9E-100,1.2E-95,inb-pv
DOC2A,-0.686295596,0.488,0.674,3.8E-100,1.1E-95,L5/6-CC
NEDD8,-0.842168125,0.391,0.586,3.8E-100,1.1E-95,L5/6-CC
PIN1,-0.865861871,0.292,0.463,3.4E-100,1.0E-95,inb-vip
RSL24D1,-0.612538258,0.238,0.351,2.9E-100,8.6E-96,L4
SAT2,-0.865414363,0.191,0.388,2.8E-100,8.2E-96,inb-sst
CST3,-0.673488581,0.192,0.301,2.7E-100,8.2E-96,L4
CORO1A,-1.148917258,0.198,0.386,2.4E-100,7.3E-96,L5/6-CC
C1orf115,-0.557509586,0.303,0.421,2.2E-100,6.7E-96,L4
DBNDD1,-0.804300859,0.18,0.255,2.1E-100,6.2E-96,L2/3
RPL35,-0.898217117,0.398,0.592,2.0E-100,6.0E-96,L5/6-CC
ATF4,-0.581289947,0.166,0.253,2.0E-100,5.9E-96,inb
ATP5PB,-0.595798107,0.284,0.399,1.8E-100,5.4E-96,L4
CENPV,-0.653470773,0.175,0.261,1.8E-100,5.3E-96,inb
MVD,-0.595216977,0.183,0.271,1.5E-100,4.5E-96,inb
LDHB,-0.962436761,0.151,0.295,1.5E-100,4.4E-96,micro
SYT5,-1.00504281,0.145,0.329,1.5E-100,4.3E-96,inb-sst
GPX4,-0.768923873,0.209,0.368,1.4E-100,4.3E-96,micro
AGPAT1,-0.568244572,0.179,0.267,1.4E-100,4.2E-96,inb
CAMK2N1,-0.65642216,0.473,0.671,1.3E-100,3.8E-96,inb-sst
ECHS1,-0.583807023,0.323,0.396,1.3E-100,3.7E-96,L2/3
COX7C,-0.710876268,0.476,0.644,1.1E-100,3.2E-96,inb-pv
SLC25A39,-0.701002148,0.174,0.278,1.0E-100,3.1E-96,L4
NPDC1,-0.87812985,0.513,0.66,9.9E-101,2.9E-96,L5/6
DLG5,-0.568920908,0.437,0.542,8.6E-101,2.5E-96,L4
FAM89B,-0.82149406,0.203,0.275,8.5E-101,2.5E-96,L2/3
CHCHD10,-0.726998754,0.225,0.433,6.6E-101,2.0E-96,inb-sst
TXN2,-0.779784017,0.149,0.251,6.2E-101,1.8E-96,L4
NUCB1,-0.68830344,0.239,0.351,5.0E-101,1.5E-96,L4
RRP7A,-0.725467996,0.17,0.273,4.8E-101,1.4E-96,L4
SH3BGRL3,-1.31366658,0.199,0.385,4.5E-101,1.3E-96,L5/6-CC
ACTR1B,-0.552417853,0.252,0.347,4.4E-101,1.3E-96,inb
STOML1,-0.732553342,0.221,0.295,3.7E-101,1.1E-96,L2/3
USP2,-0.787331644,0.182,0.289,3.4E-101,1.0E-96,L4
RPS27A,-0.681571244,0.374,0.594,3.2E-101,9.5E-97,inb-sst
LIMD2,-1.119741887,0.221,0.411,3.2E-101,9.5E-97,L5/6-CC
CARS,-0.523580386,0.246,0.34,3.0E-101,8.9E-97,inb
SSTR2,-0.721588105,0.544,0.714,2.4E-101,7.2E-97,L5/6-CC
B4GAT1,-0.986530191,0.269,0.451,2.2E-101,6.4E-97,inb-pv
ATP5ME,-0.557003376,0.287,0.402,1.9E-101,5.7E-97,ast
COX5A,-1.041795551,0.309,0.485,1.6E-101,4.8E-97,inb-pv
ARHGEF2,-0.764159162,0.408,0.599,1.5E-101,4.5E-97,L5/6-CC
RAP1GAP,-0.534187043,0.707,0.831,1.5E-101,4.3E-97,L5/6-CC
ATP5PF,-0.844410873,0.417,0.589,1.3E-101,4.0E-97,inb-pv
RTN2,-0.590080101,0.315,0.386,1.2E-101,3.5E-97,L2/3
RPL21,-0.95771394,0.413,0.603,1.1E-101,3.3E-97,L5/6-CC
UQCRFS1,-1.093866408,0.231,0.409,1.1E-101,3.2E-97,inb-pv
AC025159.1,0.553502607,0.639,0.587,9.2E-102,2.7E-97,L4
LRIG1,0.533392115,0.349,0.254,7.4E-102,2.2E-97,L2/3
CAPNS1,-0.689551133,0.214,0.325,6.5E-102,1.9E-97,L4
ARPP19,-0.778636153,0.591,0.731,6.3E-102,1.9E-97,L5/6
BASP1,-0.623984718,0.389,0.551,6.1E-102,1.8E-97,micro
RPL8,-0.767848898,0.452,0.65,6.0E-102,1.8E-97,L5/6-CC
AL158058.1,-0.878085262,0.185,0.26,5.9E-102,1.8E-97,L2/3
TAGLN3,-0.655714529,0.636,0.786,5.3E-102,1.6E-97,L5/6-CC
CTSL,-0.706827055,0.197,0.286,4.3E-102,1.3E-97,inb
SYT17,-0.596782134,0.285,0.401,4.3E-102,1.3E-97,L4
EIF3D,-0.716370098,0.246,0.32,4.2E-102,1.2E-97,L2/3
FABP5,-0.714562109,0.158,0.262,3.8E-102,1.1E-97,L4
ATP6V0D1,-0.97193252,0.265,0.447,3.8E-102,1.1E-97,inb-pv
CHCHD2,-0.584513247,0.261,0.377,3.7E-102,1.1E-97,ast
FASN,-0.668362786,0.207,0.317,3.5E-102,1.1E-97,L4
CHCHD10,-0.800137166,0.405,0.578,3.4E-102,1.0E-97,inb-pv
PCDH8,-0.545553007,0.412,0.481,3.1E-102,9.2E-98,L2/3
CRIP2,-0.998890193,0.285,0.488,2.9E-102,8.6E-98,L5/6-CC
RPL17,-0.866716705,0.361,0.539,2.4E-102,7.2E-98,inb-pv
RING1,-0.59353325,0.282,0.399,2.4E-102,7.1E-98,L4
C1orf52,-0.573177273,0.306,0.423,2.4E-102,7.0E-98,L4
PDAP1,-0.654221309,0.223,0.335,2.3E-102,7.0E-98,L4
CCT3,-0.534038512,0.287,0.384,2.2E-102,6.5E-98,inb
SCN1B,-0.590412674,0.468,0.525,2.2E-102,6.5E-98,L2/3
AURKAIP1,-1.078402542,0.226,0.42,2.2E-102,6.4E-98,L5/6-CC
RPL41,-0.675196498,0.505,0.648,2.1E-102,6.4E-98,inb-vip
MRPL18,-0.731165197,0.169,0.275,2.1E-102,6.1E-98,L4
PRDX5,-0.928650481,0.12,0.262,2.0E-102,5.8E-98,micro
RPL41,-0.711664378,0.38,0.599,1.9E-102,5.7E-98,inb-sst
RPL7A,-0.702668339,0.327,0.548,1.6E-102,4.7E-98,inb-sst
SEPTIN4,-0.802060511,0.391,0.561,1.5E-102,4.5E-98,inb-pv
NME3,-1.002390837,0.286,0.457,1.5E-102,4.4E-98,inb-vip
ISCA1,-0.51660914,0.315,0.434,1.4E-102,4.1E-98,L4
CYB561D1,-0.578815504,0.288,0.365,1.3E-102,4.0E-98,L2/3
RXRB,-0.632980769,0.183,0.293,1.0E-102,3.1E-98,L4
ATP5F1E,-0.560006288,0.301,0.417,9.9E-103,2.9E-98,ast
CTDNEP1,-0.71670665,0.198,0.308,9.6E-103,2.8E-98,L4
SUMF2,-0.512389633,0.244,0.341,8.7E-103,2.6E-98,inb
STMN1,-0.701990772,0.579,0.72,8.1E-103,2.4E-98,inb-pv
GID8,-0.547399027,0.354,0.426,8.0E-103,2.4E-98,L2/3
ABHD17A,-0.626750821,0.276,0.39,7.0E-103,2.1E-98,L4
THYN1,-0.662040883,0.282,0.357,6.8E-103,2.0E-98,L2/3
TMUB2,-0.590768296,0.302,0.377,6.7E-103,2.0E-98,L2/3
DYNLRB1,-0.520624636,0.369,0.444,6.6E-103,2.0E-98,L2/3
PEBP1,-0.756839657,0.667,0.79,6.6E-103,2.0E-98,L5/6
SEZ6L2,-0.664280186,0.58,0.681,6.5E-103,1.9E-98,inb-vip
B4GALNT1,-0.663802928,0.256,0.369,5.9E-103,1.8E-98,L4
ZFYVE21,-0.873311852,0.423,0.611,5.9E-103,1.7E-98,L5/6-CC
APLP1,-0.732493055,0.586,0.742,5.6E-103,1.7E-98,L5/6-CC
CTSL,-0.759510946,0.213,0.322,5.6E-103,1.7E-98,L4
RGS11,-0.50396161,0.271,0.369,5.4E-103,1.6E-98,inb
RAB26,-0.809872345,0.469,0.651,5.1E-103,1.5E-98,L5/6-CC
GNG10,-0.618966044,0.336,0.407,5.1E-103,1.5E-98,L2/3
SLC25A22,-0.653265676,0.294,0.368,4.5E-103,1.3E-98,L2/3
SH2D3C,-0.510118403,0.21,0.263,4.2E-103,1.2E-98,ext
SBDS,-0.532909771,0.271,0.325,4.0E-103,1.2E-98,ext
HRH2,-0.648821651,0.539,0.71,3.8E-103,1.1E-98,L5/6-CC
TMEM191C,-0.744587243,0.194,0.271,3.5E-103,1.0E-98,L2/3
EVI5L,-0.609225933,0.247,0.361,2.9E-103,8.6E-99,L4
ACP1,-0.685068767,0.23,0.342,2.8E-103,8.3E-99,L4
CSTB,-0.599447426,0.304,0.38,2.2E-103,6.6E-99,L2/3
ATP6V1G2,-0.822758756,0.372,0.573,2.0E-103,5.8E-99,L5/6-CC
ARFGAP2,-0.534791538,0.19,0.282,1.8E-103,5.4E-99,inb
B3GAT1,-0.546000894,0.346,0.461,1.8E-103,5.4E-99,L4
CEND1,-0.673699309,0.483,0.682,1.5E-103,4.6E-99,L5/6-CC
ATP6V0B,-0.797121483,0.283,0.489,1.4E-103,4.2E-99,inb-sst
MTCH1,-0.567428609,0.601,0.776,1.4E-103,4.2E-99,L5/6-CC
CKMT1A,-0.664774219,0.253,0.33,1.3E-103,3.8E-99,L2/3
ELOB,-0.991210225,0.28,0.467,1.2E-103,3.6E-99,inb-pv
RPL19,-0.886328242,0.469,0.656,1.2E-103,3.5E-99,L5/6-CC
ATP5F1B,-0.602957075,0.238,0.349,1.1E-103,3.2E-99,ast
NAGPA,-0.671173653,0.174,0.262,9.8E-104,2.9E-99,inb
MTMR4,-0.509838968,0.29,0.387,9.3E-104,2.8E-99,inb
ACTG1,-0.683029357,0.514,0.68,9.1E-104,2.7E-99,inb-pv
NDUFA4,-0.689376402,0.454,0.667,8.9E-104,2.6E-99,inb-sst
GAPDH,-1.256023394,0.653,0.784,8.8E-104,2.6E-99,inb-sv2c
EPB41L4A-AS1,-0.671370952,0.192,0.301,6.4E-104,1.9E-99,L4
SLC22A17,-0.667371525,0.466,0.657,6.1E-104,1.8E-99,inb-sst
SEL1L3,-0.579481736,0.31,0.394,5.6E-104,1.7E-99,L2/3
ZMAT2,-0.561376213,0.353,0.426,4.9E-104,1.5E-99,L2/3
AC021851.2,0.5033821,0.325,0.23,4.8E-104,1.4E-99,L2/3
NME4,-0.913221962,0.157,0.26,4.4E-104,1.3E-99,L4
PLPPR2,-0.828391981,0.189,0.296,4.4E-104,1.3E-99,L4
EI24,-0.519801876,0.202,0.297,4.2E-104,1.3E-99,inb
YIPF5,-0.594855919,0.308,0.385,4.0E-104,1.2E-99,L2/3
MANBAL,-0.762796446,0.197,0.274,3.8E-104,1.1E-99,L2/3
CHGB,-0.975181862,0.206,0.406,3.7E-104,1.1E-99,inb-sst
RPH3A,-0.54656326,0.616,0.771,3.4E-104,1.0E-99,L5/6-CC
SQLE,-0.711288636,0.2,0.308,3.3E-104,9.7E-100,L4
CHMP4A,-0.592001688,0.31,0.385,3.1E-104,9.3E-100,L2/3
FRMD5,0.656826288,0.842,0.768,3.1E-104,9.2E-100,L5/6-CC
CAMK2N2,-1.357840754,0.179,0.337,3.0E-104,8.9E-100,inb-vip
IFI6,-2.0802832,0.106,0.258,2.7E-104,7.9E-100,inb-pv
SELENOM,-1.072187469,0.211,0.394,2.6E-104,7.8E-100,inb-pv
ZDHHC22,-0.506107734,0.227,0.282,2.5E-104,7.3E-100,ext
ITPKA,-0.910051537,0.348,0.549,2.3E-104,6.7E-100,L5/6-CC
WSB2,-0.56104566,0.23,0.326,2.1E-104,6.2E-100,inb
UNC5D,-0.630630526,0.198,0.312,2.0E-104,6.0E-100,ast
ATP5IF1,-0.786422838,0.475,0.662,1.8E-104,5.5E-100,L5/6-CC
MCFD2,-0.534543147,0.22,0.317,1.7E-104,5.2E-100,inb
MXRA7,-0.563789264,0.25,0.346,1.7E-104,5.1E-100,inb
NDUFA13,-0.609556652,0.287,0.4,1.7E-104,5.1E-100,ast
TPST1,0.940216664,0.316,0.214,1.7E-104,4.9E-100,ast
CSTB,-0.685911191,0.234,0.346,1.5E-104,4.5E-100,L4
NAPA,-0.587305419,0.223,0.318,1.3E-104,4.0E-100,inb
SOD1,-0.707932404,0.233,0.402,1.3E-104,3.9E-100,micro
PRMT1,-0.573897555,0.199,0.291,1.3E-104,3.8E-100,inb
NDUFA13,-0.758044505,0.316,0.536,1.3E-104,3.8E-100,inb-sst
NDUFV1,-0.897966916,0.297,0.468,1.2E-104,3.7E-100,inb-vip
CCDC175,0.500634402,0.403,0.304,1.2E-104,3.6E-100,L2/3
TXN2,-0.702604302,0.217,0.296,1.1E-104,3.3E-100,L2/3
HOPX,-1.317868604,1.01E-01,2.61E-01,1.08E-104,3.20E-100,opc
C9orf16,-1.010892126,0.14,0.332,1.0E-104,3.1E-100,inb-sst
ZDHHC8,-1.066517656,0.265,0.461,7.8E-105,2.3E-100,L5/6-CC
YWHAH,-0.821476762,0.629,0.754,6.7E-105,2.0E-100,L5/6
SEC61B,-0.567218079,0.299,0.378,6.5E-105,1.9E-100,L2/3
CACNA2D3,0.537476353,0.904,0.872,5.0E-105,1.5E-100,L5/6
SF3B2,-0.565194723,0.305,0.423,4.6E-105,1.4E-100,L4
NREP,-1.135282518,0.44,0.603,4.2E-105,1.3E-100,L5/6
PICK1,-0.555691736,0.188,0.279,3.2E-105,9.5E-101,inb
LHFPL2,0.716079872,0.617,0.518,3.1E-105,9.3E-101,micro
TMX2,-0.529810663,0.329,0.449,3.0E-105,9.0E-101,L4
MRPL38,-0.757749331,0.169,0.276,2.6E-105,7.8E-101,L4
ATP5F1D,-0.859655294,0.137,0.286,2.6E-105,7.6E-101,micro
RPL26,-0.564651886,0.257,0.376,2.0E-105,6.0E-101,ast
CNIH2,-1.195033858,0.253,0.447,2.0E-105,5.9E-101,L5/6-CC
CPLX1,-0.504416139,0.458,0.566,1.7E-105,4.9E-101,L4
ARHGAP29,-0.533025133,0.375,0.495,1.5E-105,4.4E-101,L4
ARPC3,-0.594847961,0.246,0.343,1.4E-105,4.1E-101,inb
RORA,0.502473773,0.893,0.838,1.4E-105,4.0E-101,L5/6
UBB,-0.820555889,2.80E-01,4.67E-01,1.33E-105,3.96E-101,opc
PPFIA2,0.607143447,0.485,0.378,1.2E-105,3.7E-101,ast
PSMD8,-1.187545242,0.219,0.396,1.1E-105,3.4E-101,inb-pv
AC098588.3,0.512068598,0.672,0.634,1.1E-105,3.1E-101,L4
LYNX1,-0.516161533,0.451,0.513,8.7E-106,2.6E-101,L2/3
ATP6V1F,-0.778789583,0.199,0.408,7.6E-106,2.3E-101,inb-sst
NENF,-0.712992587,0.171,0.278,7.2E-106,2.1E-101,L4
FKBP8,-0.765937525,0.419,0.624,6.6E-106,2.0E-101,L5/6-CC
LYNX1,-0.574216249,0.306,0.425,6.1E-106,1.8E-101,L4
MRTO4,-0.526981345,0.199,0.252,5.7E-106,1.7E-101,ext
DEGS1,-0.894050207,0.166,0.271,5.5E-106,1.6E-101,L4
IGF1R,0.531654683,0.779,0.697,5.0E-106,1.5E-101,inb-pv
IDH2,-0.676512192,0.228,0.343,5.0E-106,1.5E-101,L4
ACAA1,-0.566901463,0.201,0.295,4.9E-106,1.5E-101,inb
PA2G4,-0.599404305,0.328,0.403,4.9E-106,1.4E-101,L2/3
FKBP4,-0.649825238,0.217,0.33,4.4E-106,1.3E-101,L4
GAP43,-0.50778901,0.238,0.36,4.3E-106,1.3E-101,ast
OAZ1,-0.662971133,0.359,0.582,4.3E-106,1.3E-101,inb-sst
SNX3,-0.533203602,0.344,0.443,3.9E-106,1.2E-101,inb
PRDX1,-0.505444112,0.241,0.341,3.5E-106,1.0E-101,inb
TXN,-0.628007157,0.211,0.307,3.0E-106,9.0E-102,inb
TRMT112,-0.758727388,0.224,0.302,2.8E-106,8.4E-102,L2/3
NSG1,-0.586812874,0.325,0.4,2.6E-106,7.9E-102,L2/3
SEPTIN4,-0.718297294,0.206,0.316,2.6E-106,7.8E-102,L4
ATP5PO,-1.026433177,0.332,0.513,2.6E-106,7.7E-102,inb-pv
LSM3,-0.755742964,0.204,0.283,2.5E-106,7.5E-102,L2/3
NDUFC2,-0.862319186,0.412,0.615,2.3E-106,6.7E-102,L5/6-CC
SEMA6D,-1.19845637,1.63E-01,3.33E-01,2.12E-106,6.31E-102,opc
CCT6A,-0.510958826,0.401,0.47,1.9E-106,5.7E-102,L2/3
RPL29,-0.815697877,0.424,0.622,1.8E-106,5.5E-102,L5/6-CC
SPRYD3,-0.623209004,0.31,0.386,1.8E-106,5.2E-102,L2/3
NDUFB8,-0.787510536,0.423,0.582,1.6E-106,4.7E-102,inb-vip
SLC25A23,-0.58673738,0.284,0.401,1.5E-106,4.6E-102,L4
NLGN2,-0.668968031,0.195,0.285,1.5E-106,4.6E-102,inb
NDUFA13,-0.837828413,0.393,0.556,1.5E-106,4.5E-102,inb-vip
CCT7,-0.648006734,0.217,0.331,1.3E-106,3.8E-102,L4
FXYD7,-0.69301872,0.514,0.706,1.2E-106,3.6E-102,L5/6-CC
TSPAN17,-0.511521232,0.202,0.257,1.0E-106,3.1E-102,ext
M6PR,-0.525085891,0.24,0.338,1.0E-106,3.0E-102,inb
CENPT,-0.940073372,0.321,0.519,9.0E-107,2.7E-102,L5/6-CC
BNIP3,-0.811118453,0.473,0.664,7.5E-107,2.2E-102,L5/6-CC
LIN7B,-0.62842948,0.273,0.352,7.5E-107,2.2E-102,L2/3
MCHR2,-0.504285248,0.333,0.459,7.1E-107,2.1E-102,L4
RBIS,-0.562018053,0.348,0.423,6.8E-107,2.0E-102,L2/3
EIF4H,-0.514196143,0.37,0.491,6.2E-107,1.9E-102,L4
IDI1,-0.856334306,0.358,0.559,6.1E-107,1.8E-102,L5/6-CC
UQCRH,-0.75783845,0.525,0.675,6.0E-107,1.8E-102,inb-pv
GABARAP,-1.050636875,0.261,0.45,5.6E-107,1.7E-102,inb-pv
MLLT11,-0.777132106,0.493,0.681,5.4E-107,1.6E-102,L5/6-CC
ATP5F1E,-0.869439882,0.441,0.63,5.0E-107,1.5E-102,L5/6-CC
NRN1,-1.060651394,0.378,0.568,4.7E-107,1.4E-102,L5/6
UST,-0.950563992,0.215,0.423,4.5E-107,1.3E-102,L5/6-CC
PGP,-0.840298933,0.421,0.587,4.3E-107,1.3E-102,inb-pv
TSC22D4,-0.738370734,0.331,0.433,4.0E-107,1.2E-102,ast
PTS,-0.545483613,0.305,0.425,3.8E-107,1.1E-102,L4
VAMP2,-1.033309104,0.664,0.814,3.5E-107,1.0E-102,inb-sv2c
CAMKK2,-0.525804151,0.688,0.818,3.2E-107,9.6E-103,L5/6-CC
MTCH1,-0.761418934,0.477,0.642,2.8E-107,8.3E-103,inb-pv
DHPS,-0.6190806,0.162,0.252,2.7E-107,8.1E-103,inb
OAZ1,-0.856199694,0.505,0.676,2.6E-107,7.8E-103,L5/6
CREG1,-0.544119794,0.402,0.467,2.5E-107,7.5E-103,L2/3
SEZ6L2,-0.696331821,0.567,0.74,2.1E-107,6.2E-103,L5/6-CC
ATOX1,-0.617661643,0.272,0.352,1.8E-107,5.3E-103,L2/3
FTH1,-0.588846159,0.642,0.802,1.7E-107,5.1E-103,inb-sst
COX5B,-0.812844916,0.182,0.345,1.7E-107,5.1E-103,micro
LINC00205,-0.501414354,0.289,0.343,1.7E-107,5.1E-103,ext
CRYAB,-0.868850862,0.15,0.256,1.6E-107,4.7E-103,L4
LSM10,-0.75062316,0.181,0.26,1.4E-107,4.1E-103,L2/3
CCK,-0.64767228,0.364,0.543,1.3E-107,3.9E-103,micro
RPS25,-0.994137164,0.394,0.589,1.3E-107,3.8E-103,L5/6-CC
DDN,-0.755739353,0.266,0.342,1.3E-107,3.7E-103,L2/3
SMIM19,-0.740159354,0.21,0.322,1.2E-107,3.7E-103,L4
CERS1,-0.735529486,0.241,0.319,1.2E-107,3.7E-103,L2/3
ADGRB2,-0.628316594,0.167,0.257,1.2E-107,3.6E-103,inb
GNG3,-1.287758023,0.203,0.403,1.1E-107,3.2E-103,L5/6
ATP5MC3,-0.857570772,0.378,0.587,1.0E-107,3.0E-103,L5/6-CC
NLGN2,-0.547648536,0.393,0.462,1.0E-107,3.0E-103,L2/3
ABCB8,-0.526191488,0.386,0.455,1.0E-107,3.0E-103,L2/3
RPL5,-0.807258832,0.433,0.604,7.6E-108,2.3E-103,inb-pv
RAB40C,-0.668010345,0.542,0.718,7.1E-108,2.1E-103,L5/6-CC
CCT2,-0.518417281,0.265,0.365,6.9E-108,2.1E-103,inb
CALM3,-0.697066745,0.703,0.807,6.7E-108,2.0E-103,L5/6
PRDX2,-0.937860887,0.338,0.545,6.6E-108,2.0E-103,L5/6-CC
SELENOH,-0.799226511,0.429,0.629,6.2E-108,1.8E-103,L5/6-CC
AC006148.1,0.759494674,0.704,0.578,6.0E-108,1.8E-103,L5/6
NAP1L5,-0.595820769,0.291,0.412,5.4E-108,1.6E-103,L4
AC006299.1,0.562723902,0.251,0.163,4.8E-108,1.4E-103,L2/3
NOP56,-0.574598937,0.237,0.334,4.3E-108,1.3E-103,inb
RER1,-0.63827707,0.185,0.276,4.3E-108,1.3E-103,inb
PLK2,-0.881647147,0.372,0.577,4.2E-108,1.3E-103,L5/6-CC
LAMA4,0.702938542,0.253,0.168,4.2E-108,1.3E-103,L2/3
LINC00551,1.333350132,0.428,0.258,4.2E-108,1.2E-103,L5/6-CC
CST3,-0.57183064,0.262,0.318,4.1E-108,1.2E-103,ext
SMIM29,-1.310049068,0.195,0.391,3.9E-108,1.2E-103,L5/6-CC
MCRIP1,-0.97359293,0.27,0.475,3.8E-108,1.1E-103,L5/6-CC
TMEM14A,-0.530644502,0.293,0.394,3.6E-108,1.1E-103,inb
RPL7L1,-0.531180425,0.251,0.35,3.1E-108,9.2E-104,inb
AGRN,-1.06721722,0.2,0.405,3.0E-108,8.9E-104,L5/6-CC
STUB1,-1.086285379,0.212,0.399,2.9E-108,8.5E-104,inb-pv
TOMM6,-0.60721111,0.23,0.348,2.8E-108,8.4E-104,L4
PGP,-0.789328034,0.255,0.469,2.8E-108,8.4E-104,inb-sst
GABARAP,-0.927909744,0.377,0.584,2.1E-108,6.3E-104,L5/6-CC
UBA6-AS1,1.202399311,0.351,0.2,2.1E-108,6.1E-104,endo
PRRT3,-0.682938134,0.277,0.353,2.0E-108,5.9E-104,L2/3
CAMK2N1,-0.812754053,0.554,0.674,2.0E-108,5.9E-104,inb-vip
CCNI,-0.606995618,0.704,0.845,1.9E-108,5.5E-104,L5/6-CC
CACNB3,-0.614226385,0.346,0.418,1.8E-108,5.4E-104,L2/3
PSMB5,-0.583961581,0.379,0.45,1.4E-108,4.3E-104,L2/3
AC018697.1,-0.699055046,0.262,0.35,1.4E-108,4.2E-104,L2/3
RPS7,-0.773026657,0.517,0.703,1.4E-108,4.2E-104,L5/6-CC
ECHS1,-0.721743243,0.196,0.308,1.3E-108,3.9E-104,L4
TMEM219,-0.671670273,0.174,0.285,1.3E-108,3.9E-104,L4
MDH1,-1.074088522,2.52E-01,4.27E-01,1.15E-108,3.41E-104,opc
COX5B,-0.831876293,0.428,0.63,1.1E-108,3.4E-104,L5/6-CC
RDH11,-0.531389757,0.277,0.377,1.1E-108,3.2E-104,inb
ESYT3,0.517213948,0.277,0.183,1.1E-108,3.1E-104,L2/3
STX10,-0.866933856,0.149,0.254,9.1E-109,2.7E-104,L4
EGLN2,-0.713098132,0.155,0.263,8.5E-109,2.5E-104,L4
COX4I1,-0.530796465,0.297,0.417,8.4E-109,2.5E-104,ast
BLOC1S1,-0.772172348,0.15,0.258,6.8E-109,2.0E-104,L4
EDF1,-0.89498534,0.346,0.549,6.2E-109,1.8E-104,L5/6-CC
ERLEC1,-0.639233331,0.344,0.462,5.9E-109,1.7E-104,L4
NDN,-1.222183529,0.133,0.318,5.2E-109,1.6E-104,inb-sst
GABRD,-0.850945866,0.477,0.634,4.8E-109,1.4E-104,inb-pv
TMEM155,-0.60042884,0.299,0.38,4.6E-109,1.4E-104,L2/3
TM2D3,-0.528902921,0.403,0.524,4.5E-109,1.3E-104,L4
SLC45A1,-0.713248529,0.242,0.321,4.4E-109,1.3E-104,L2/3
HINT1,-0.643115892,0.616,0.783,4.4E-109,1.3E-104,L5/6-CC
EMC10,-0.519792569,0.199,0.253,4.2E-109,1.2E-104,ext
STMN1,-0.755710084,3.62E-01,5.52E-01,3.89E-109,1.16E-104,opc
CXCL14,-1.454276105,0.278,0.358,3.7E-109,1.1E-104,inb
AP1S1,-0.94427979,0.384,0.584,3.3E-109,9.8E-105,L5/6-CC
MZT2A,-0.539961377,0.204,0.302,3.1E-109,9.3E-105,inb
MSMO1,-0.756536626,0.435,0.637,2.3E-109,6.9E-105,L5/6-CC
GSTO1,-0.630149241,0.339,0.412,2.3E-109,6.8E-105,L2/3
TGFBR3L,-1.213983564,0.162,0.354,2.2E-109,6.4E-105,L5/6-CC
SCG5,-0.707380678,0.17,0.282,2.2E-109,6.4E-105,ast
FTL,-0.690581811,0.557,0.683,2.1E-109,6.4E-105,inb-vip
FAM184B,-0.577168936,0.364,0.438,2.1E-109,6.3E-105,L2/3
SPCS1,-0.992975134,0.279,0.455,1.8E-109,5.4E-105,inb-vip
TSPAN13,-0.518434509,0.298,0.4,1.7E-109,5.2E-105,inb
TMEM106C,-0.773960466,0.253,0.33,1.7E-109,5.0E-105,L2/3
PFKM,-0.60112572,0.225,0.322,1.6E-109,4.7E-105,inb
EIF1,-0.696919405,0.553,0.687,1.6E-109,4.7E-105,inb-vip
GGCT,-0.633071871,0.235,0.353,1.5E-109,4.6E-105,L4
COMMD7,-0.61434496,0.267,0.387,1.4E-109,4.3E-105,L4
COX6A1,-1.021462619,0.34,0.523,1.4E-109,4.2E-105,inb-pv
FAM66A,1.187959653,0.349,0.183,1.2E-109,3.5E-105,inb-pv
HMOX2,-0.554256406,0.296,0.417,1.1E-109,3.4E-105,L4
B4GAT1,-0.97774761,0.212,0.421,1.0E-109,3.1E-105,inb-sst
CAMK2N2,-1.273275575,0.151,0.342,1.0E-109,3.1E-105,inb-sst
STMN1,-0.821725832,0.671,0.78,1.0E-109,3.0E-105,L5/6
CEBPD,-0.66428299,0.329,0.402,9.5E-110,2.8E-105,L2/3
EDF1,-0.800367354,0.171,0.279,8.8E-110,2.6E-105,ast
VEGFB,-1.295972602,0.201,0.377,8.8E-110,2.6E-105,inb-pv
PRXL2A,-0.578887524,0.371,0.492,8.4E-110,2.5E-105,L4
DGKG,0.951845647,0.264,0.166,8.2E-110,2.4E-105,L4
ZBTB16,1.308763746,0.285,0.157,8.0E-110,2.4E-105,micro
CENPT,-0.66242094,0.167,0.257,7.7E-110,2.3E-105,inb
SCG2,-1.16731007,0.316,0.516,5.8E-110,1.7E-105,L5/6-CC
RPL10A,-1.012440756,0.384,0.58,5.3E-110,1.6E-105,L5/6-CC
OAZ1,-0.986917213,2.66E-01,4.51E-01,4.89E-110,1.45E-105,opc
VCAN,0.74629535,0.279,0.171,4.9E-110,1.5E-105,ast
CALM3,-0.610189612,0.383,0.558,4.7E-110,1.4E-105,micro
RPL37A,-0.645538559,0.391,0.494,4.7E-110,1.4E-105,ast
SLC29A1,-0.752161905,0.214,0.328,4.1E-110,1.2E-105,L4
SERINC5,0.775792058,0.259,0.157,3.4E-110,1.0E-105,ast
ZNHIT3,-0.59256792,0.208,0.262,3.3E-110,9.8E-106,ext
KCNH4,-1.380026856,0.111,0.294,3.1E-110,9.3E-106,L5/6-CC
RPL11,-0.852880292,0.367,0.553,2.7E-110,8.0E-106,inb-pv
SELENOW,-0.96391557,0.568,0.712,2.6E-110,7.8E-106,L5/6
AL118516.1,-0.74561822,0.179,0.259,2.4E-110,7.1E-106,L2/3
TUBB,-0.615431274,0.152,0.26,2.2E-110,6.5E-106,ast
ZNF667-AS1,-0.630333807,0.286,0.406,2.1E-110,6.4E-106,L4
SQLE,-0.661652354,0.275,0.354,2.1E-110,6.2E-106,L2/3
MVD,-0.798789041,0.416,0.619,2.1E-110,6.2E-106,L5/6-CC
RPS7,-0.819030627,0.39,0.577,1.6E-110,4.8E-106,inb-pv
YARS,-0.522257957,0.369,0.493,1.5E-110,4.5E-106,L4
ACP1,-0.571011986,0.365,0.437,1.4E-110,4.2E-106,L2/3
RPL6,-0.872773958,0.387,0.573,1.3E-110,3.9E-106,inb-pv
TRMT1,-0.575857839,0.348,0.423,6.1E-111,1.8E-106,L2/3
ATP5PO,-0.903598553,0.15,0.255,5.8E-111,1.7E-106,ast
SLC32A1,-1.360385873,0.103,0.282,5.4E-111,1.6E-106,inb-sst
ARL4C,-0.622533313,0.306,0.389,5.1E-111,1.5E-106,L2/3
AC034268.2,-0.946587341,0.735,0.808,5.0E-111,1.5E-106,L5/6-CC
COX8A,-1.128631063,0.228,0.417,4.7E-111,1.4E-106,inb-pv
TRIR,-0.592558223,0.185,0.282,4.5E-111,1.3E-106,inb
PPP2R1A,-0.505190206,0.569,0.622,4.1E-111,1.2E-106,L2/3
AC133565.1,-0.683326209,0.199,0.283,3.8E-111,1.1E-106,L2/3
TMEM160,-0.851636456,0.383,0.585,3.4E-111,1.0E-106,L5/6-CC
NREP,-0.6819112,0.436,0.651,3.3E-111,9.9E-107,L5/6-CC
CHMP5,-0.598896336,0.265,0.387,3.1E-111,9.2E-107,L4
AC021733.4,0.524308958,0.319,0.221,3.1E-111,9.1E-107,L2/3
ORMDL1,-0.516313816,0.375,0.476,2.0E-111,6.0E-107,inb
NENF,-0.753111147,0.25,0.328,1.8E-111,5.3E-107,L2/3
RHPN1,-0.601356581,0.226,0.344,1.8E-111,5.3E-107,L4
ILK,-0.68405743,0.179,0.271,1.2E-111,3.6E-107,inb
LYRM9,-0.557615633,0.304,0.427,1.2E-111,3.6E-107,L4
ELOC,-0.64660447,0.195,0.291,1.2E-111,3.5E-107,inb
TPRG1L,-0.652387528,0.227,0.346,1.2E-111,3.5E-107,L4
FOXRED1,-0.519451624,0.258,0.359,1.1E-111,3.3E-107,inb
COX5A,-1.009272663,0.291,0.499,1.1E-111,3.2E-107,L5/6-CC
CD59,-0.532846055,0.245,0.345,1.0E-111,3.1E-107,inb
TMEM160,-0.919899781,0.272,0.469,9.5E-112,2.8E-107,inb-pv
CFAP298,-0.511228764,0.389,0.511,7.8E-112,2.3E-107,L4
RER1,-0.578690047,0.383,0.453,6.3E-112,1.9E-107,L2/3
OS9,-0.526393924,0.24,0.34,5.7E-112,1.7E-107,inb
MCRS1,-0.505696397,0.234,0.29,5.4E-112,1.6E-107,ext
PYURF,-0.758382869,0.225,0.305,4.7E-112,1.4E-107,L2/3
CYP46A1,-0.567246989,0.354,0.473,4.4E-112,1.3E-107,L4
PRDX2,-0.961187512,0.225,0.439,3.7E-112,1.1E-107,inb-sst
NUCB1,-0.578389153,0.358,0.432,3.5E-112,1.0E-107,L2/3
TRAPPC5,-1.103567582,0.228,0.415,3.4E-112,1.0E-107,inb-pv
RTN4RL2,-0.800531429,0.17,0.28,3.3E-112,9.9E-108,L4
CHMP4A,-0.770912594,0.181,0.293,3.0E-112,8.8E-108,L4
HPCA,-1.429271797,0.185,0.384,2.8E-112,8.3E-108,L5/6
AC097515.1,0.559887134,0.296,0.202,2.7E-112,8.1E-108,L2/3
LAMTOR5,-0.66841822,0.209,0.328,2.6E-112,7.7E-108,L4
CALM3,-0.712105452,3.61E-01,5.57E-01,2.36E-112,7.02E-108,opc
ZFPM2,0.57964334,8.32E-01,8.09E-01,2.30E-112,6.84E-108,opc
SCN2B,-0.588596662,0.346,0.424,2.0E-112,5.8E-108,L2/3
PA2G4,-0.717980355,0.22,0.336,1.8E-112,5.2E-108,L4
CDC37,-0.547546272,0.231,0.332,1.6E-112,4.8E-108,inb
PCDH9-AS2,0.606451489,4.73E-01,4.50E-01,1.50E-112,4.45E-108,oli
THYN1,-0.783360994,0.175,0.287,1.5E-112,4.4E-108,L4
DNAJC19,-0.613522331,0.203,0.301,1.4E-112,4.2E-108,inb
RAB26,-0.947699165,0.517,0.665,1.3E-112,3.9E-108,L5/6
ZBTB16,0.588430476,0.792,0.696,1.3E-112,3.8E-108,L5/6
TALDO1,-0.582545924,0.232,0.351,1.2E-112,3.6E-108,L4
MRPL38,-0.673827306,0.281,0.361,1.1E-112,3.3E-108,L2/3
MRPL57,-0.70757202,0.23,0.348,1.1E-112,3.1E-108,L4
BICC1,-0.663816205,0.254,0.374,7.9E-113,2.3E-108,ast
GDE1,-0.717324782,0.25,0.33,7.8E-113,2.3E-108,L2/3
ITGB4,0.503694652,0.358,0.233,7.3E-113,2.2E-108,ast
VSTM2L,-0.632510326,0.234,0.353,7.1E-113,2.1E-108,L4
NOXA1,-0.691925943,0.201,0.295,7.1E-113,2.1E-108,inb
POMT1,-0.58928569,0.263,0.385,5.8E-113,1.7E-108,L4
CHID1,-0.666796359,0.193,0.309,5.1E-113,1.5E-108,L4
AP1S1,-1.357989187,0.121,0.296,4.3E-113,1.3E-108,inb-pv
CAPN1,-0.529271155,0.332,0.414,3.9E-113,1.2E-108,L2/3
C9orf16,-1.049462284,0.221,0.412,3.7E-113,1.1E-108,inb-pv
PFDN2,-0.552911211,0.325,0.455,3.5E-113,1.0E-108,L4
C4orf45,0.512727197,0.36,0.258,2.8E-113,8.3E-109,L2/3
RPL19,-0.974751174,0.341,0.53,2.1E-113,6.2E-109,inb-pv
RPL5,-0.787493199,0.572,0.75,1.9E-113,5.8E-109,L5/6-CC
TMEM70,-0.81380028,0.167,0.279,1.9E-113,5.6E-109,L4
GABARAPL2,-0.976675648,0.351,0.541,1.7E-113,5.1E-109,inb-pv
SLC25A22,-0.737142056,0.247,0.367,1.6E-113,4.8E-109,L4
CEND1,-0.786700869,0.446,0.625,1.6E-113,4.7E-109,inb-pv
SNRPA1,-0.550655215,0.31,0.436,1.3E-113,4.0E-109,L4
CHGB,-1.005521978,0.311,0.482,1.3E-113,4.0E-109,inb-vip
RPS15,-0.577536688,0.286,0.409,1.1E-113,3.3E-109,ast
TOMM40,-0.769469811,0.177,0.287,1.1E-113,3.2E-109,L4
COMMD6,-0.699284021,0.181,0.295,1.1E-113,3.1E-109,L4
PRKAG2-AS1,-0.626013169,0.275,0.36,9.8E-114,2.9E-109,L2/3
ECE2,-0.97504734,0.242,0.453,8.6E-114,2.5E-109,inb-sst
STUM,-0.7911625,0.188,0.302,7.0E-114,2.1E-109,L4
SPAG7,-0.776034274,0.192,0.274,6.9E-114,2.0E-109,L2/3
NARF,-0.526689576,0.362,0.485,5.4E-114,1.6E-109,L4
KRTCAP2,-0.776949414,0.238,0.317,5.2E-114,1.5E-109,L2/3
MDH1,-0.642853444,0.673,0.824,5.1E-114,1.5E-109,L5/6-CC
REEP2,-0.737617987,0.483,0.68,4.7E-114,1.4E-109,L5/6-CC
MAP1LC3A,-0.963074838,0.467,0.648,4.1E-114,1.2E-109,L5/6
UBC,-0.917789205,2.83E-01,4.73E-01,3.73E-114,1.11E-109,opc
CDKN2AIPNL,-0.838249435,0.179,0.26,3.7E-114,1.1E-109,L2/3
CYCS,-0.939276247,0.372,0.58,3.6E-114,1.1E-109,L5/6-CC
BCAN,-0.671005392,5.93E-01,7.57E-01,3.54E-114,1.05E-109,opc
RASGEF1B,-1.547718718,0.131,0.318,3.5E-114,1.0E-109,L5/6-CC
KAT2A,-0.539197898,0.388,0.51,3.4E-114,1.0E-109,L4
PRKAG2-AS1,-0.841253706,0.176,0.288,3.0E-114,9.0E-110,L4
SGSM3,-0.564687015,0.297,0.42,2.6E-114,7.7E-110,L4
ATP6V0E2,-0.857641302,0.284,0.505,2.6E-114,7.7E-110,inb-sst
M6PR,-0.578916222,0.315,0.439,2.5E-114,7.4E-110,L4
TMEM70,-0.776105693,0.233,0.313,2.5E-114,7.4E-110,L2/3
MED31,-0.572452998,0.393,0.465,2.3E-114,6.8E-110,L2/3
ATP6V0E2,-0.998709642,0.442,0.622,2.0E-114,6.0E-110,L5/6
NRBP2,-0.619756566,0.336,0.457,2.0E-114,5.9E-110,L4
ZNF883,-1.069942218,0.183,0.392,1.8E-114,5.4E-110,L5/6-CC
AL445623.2,0.523393339,0.483,0.386,1.7E-114,5.1E-110,L2/3
RNASEK,-0.876274081,0.46,0.655,1.7E-114,5.0E-110,L5/6-CC
MCHR2,-0.812082548,0.509,0.682,1.6E-114,4.7E-110,L5/6-CC
MAFB,-0.728921235,0.194,0.287,1.4E-114,4.1E-110,inb
SELENOW,-0.784921284,0.346,0.574,1.4E-114,4.1E-110,inb-sst
ROGDI,-0.912547109,0.343,0.551,1.3E-114,3.7E-110,L5/6-CC
NR4A1,-0.813817481,0.183,0.298,1.2E-114,3.6E-110,L4
FTL,-0.690054913,0.46,0.671,1.2E-114,3.4E-110,inb-sst
ATP6V1F,-1.043843653,0.285,0.481,7.4E-115,2.2E-110,inb-pv
DAPK1,0.593108632,0.557,0.48,6.3E-115,1.9E-110,L4
YWHAB,-0.72846893,0.59,0.723,5.8E-115,1.7E-110,inb-pv
TMED9,-0.82278276,0.144,0.252,4.7E-115,1.4E-110,L4
NOL12,-0.564117898,0.199,0.254,4.5E-115,1.4E-110,ext
CD81,-1.005242848,0.282,0.461,4.5E-115,1.3E-110,inb-vip
ADGRA1,-0.550672394,0.385,0.509,4.4E-115,1.3E-110,L4
PTS,-0.546837468,0.273,0.379,4.3E-115,1.3E-110,inb
COL16A1,-0.962423159,0.293,0.506,4.2E-115,1.3E-110,L5/6-CC
RAB3A,-1.218432296,0.307,0.51,4.2E-115,1.3E-110,L5/6
RPL26,-0.868969882,0.372,0.574,4.2E-115,1.2E-110,inb-pv
DYNLT1,-0.750818269,0.201,0.317,4.2E-115,1.2E-110,L4
ZNF862,-0.560727076,0.269,0.371,3.4E-115,1.0E-110,inb
SET,-0.930338171,0.346,0.532,3.0E-115,8.9E-111,inb-pv
YPEL3,-0.786797445,0.524,0.717,2.7E-115,8.1E-111,L5/6-CC
EEF1A2,-0.540022692,0.421,0.539,2.2E-115,6.7E-111,L4
SEC61G,-0.738954186,0.233,0.315,2.0E-115,5.9E-111,L2/3
ST6GALNAC5,0.662588658,0.806,0.761,2.0E-115,5.8E-111,L5/6-CC
NDUFB8,-0.751558187,0.33,0.554,1.6E-115,4.9E-111,inb-sst
DGKG,0.711136585,0.768,0.685,1.3E-115,3.8E-111,L5/6-CC
UBXN6,-0.685676146,0.227,0.347,1.2E-115,3.5E-111,L4
LINC01138,0.677085046,0.465,0.36,1.0E-115,3.0E-111,ast
PRDX2,-0.998209813,0.13,0.284,9.2E-116,2.7E-111,micro
AC063944.1,0.637079224,0.337,0.239,8.9E-116,2.7E-111,L2/3
RPS27A,-0.758567361,0.471,0.643,6.9E-116,2.1E-111,inb-vip
ENTPD6,-0.619467263,0.289,0.41,6.5E-116,1.9E-111,L4
AC015943.1,-0.658683489,0.295,0.348,6.0E-116,1.8E-111,ext
DMAP1,-0.507152467,0.26,0.317,5.4E-116,1.6E-111,ext
STMN2,-0.637882652,0.689,0.788,5.1E-116,1.5E-111,inb-pv
CTDNEP1,-0.676519574,0.277,0.358,4.8E-116,1.4E-111,L2/3
RPL41,-0.817304849,0.575,0.746,4.4E-116,1.3E-111,L5/6-CC
BTBD6,-0.881968594,0.201,0.28,4.2E-116,1.3E-111,L2/3
GRB14,0.542915339,0.446,0.352,3.6E-116,1.1E-111,L2/3
ACAP3,-0.772018827,0.556,0.731,3.4E-116,1.0E-111,L5/6-CC
DPF1,-0.628811454,0.288,0.411,3.0E-116,8.8E-112,L4
ZBTB16,0.553475462,0.842,0.797,2.6E-116,7.7E-112,L5/6-CC
CALM2,-0.654429532,6.44E-01,7.60E-01,2.03E-116,6.03E-112,opc
SCG2,-1.523853356,0.255,0.441,2.0E-116,5.9E-112,inb-pv
STARD13,0.589363475,0.593,0.528,1.9E-116,5.7E-112,L4
HES4,-2.302898744,0.084,0.26,1.9E-116,5.6E-112,L5/6
KDELR1,-0.748672856,0.236,0.318,1.8E-116,5.2E-112,L2/3
NRN1,-1.12756495,0.106,0.253,1.6E-116,4.8E-112,micro
RPL7A,-0.810214632,0.433,0.604,1.5E-116,4.5E-112,inb-vip
NEIL1,-0.63028809,0.214,0.312,1.4E-116,4.2E-112,inb
YWHAH,-0.655366813,0.44,0.593,1.2E-116,3.5E-112,micro
PODXL2,-0.568275731,0.362,0.486,1.0E-116,3.1E-112,L4
FKBP1B,-0.817801744,0.19,0.272,9.5E-117,2.8E-112,L2/3
LRRC1,0.609498474,4.11E-01,3.81E-01,9.01E-117,2.68E-112,oli
TOMM5,-0.721789786,0.232,0.354,7.2E-117,2.1E-112,L4
FAM131A,-0.689244638,0.202,0.299,6.8E-117,2.0E-112,inb
ERLEC1,-0.6302632,0.283,0.385,5.4E-117,1.6E-112,inb
MOAP1,-1.029323388,0.321,0.512,5.1E-117,1.5E-112,inb-pv
SLC29A1,-0.613982855,0.324,0.402,4.9E-117,1.5E-112,L2/3
KCNF1,-1.43252701,0.146,0.342,3.9E-117,1.2E-112,L5/6-CC
SSU72,-0.591566511,0.234,0.335,3.3E-117,9.9E-113,inb
C4orf48,-1.059896318,0.227,0.418,3.3E-117,9.8E-113,inb-pv
NDUFA2,-0.733753245,0.228,0.312,3.2E-117,9.5E-113,L2/3
HMGN4,-0.621960602,0.303,0.384,2.9E-117,8.7E-113,L2/3
PET100,-0.648663543,0.163,0.258,2.8E-117,8.5E-113,inb
SEC61G,-0.690137998,0.162,0.256,2.2E-117,6.6E-113,inb
GSTK1,-0.562259631,0.413,0.48,2.2E-117,6.5E-113,L2/3
SLC4A3,-0.579464421,0.261,0.363,1.9E-117,5.8E-113,inb
DIPK1B,-0.727187369,0.178,0.271,1.9E-117,5.6E-113,inb
PLPPR2,-0.623541894,0.352,0.428,1.8E-117,5.3E-113,L2/3
MICOS13,-1.217831215,0.227,0.435,1.7E-117,5.1E-113,L5/6-CC
TAC1,-1.134066258,0.503,0.633,1.6E-117,4.9E-113,inb-pv
GNG3,-1.125916267,0.106,0.254,1.6E-117,4.8E-113,micro
ATP5MC3,-0.89802679,0.369,0.564,1.4E-117,4.0E-113,inb-pv
MLST8,-0.741542019,0.216,0.3,1.2E-117,3.6E-113,L2/3
COX14,-0.726329528,0.196,0.283,1.0E-117,3.1E-113,L2/3
COX5B,-0.681157673,0.245,0.364,9.2E-118,2.7E-113,ast
COX7A1,-0.719544013,0.173,0.291,8.4E-118,2.5E-113,L4
CA4,-1.598755163,0.145,0.339,8.4E-118,2.5E-113,L5/6-CC
CHRM1,-0.760544994,0.256,0.337,8.0E-118,2.4E-113,L2/3
ACTG1,-0.704684849,0.522,0.673,7.3E-118,2.2E-113,inb-vip
TMEM9B,-0.68568116,0.166,0.261,5.5E-118,1.6E-113,inb
PDHB,-0.902474928,0.156,0.267,4.3E-118,1.3E-113,L4
DDT,-0.701206358,0.165,0.251,4.3E-118,1.3E-113,L2/3
BCL2,0.559391113,0.646,0.57,4.1E-118,1.2E-113,L4
MRPL57,-0.688063412,0.193,0.291,3.8E-118,1.1E-113,inb
NDUFB4,-0.636479922,0.213,0.314,3.6E-118,1.1E-113,inb
SCIN,1.297642477,0.283,0.149,3.0E-118,8.8E-114,micro
DACH1,-0.609191872,0.218,0.312,2.0E-118,6.0E-114,L2/3
COX4I1,-0.758546075,0.53,0.718,1.8E-118,5.3E-114,L5/6-CC
PPA1,-0.512052172,0.42,0.545,1.7E-118,5.0E-114,L4
CFL1,-0.716040269,0.538,0.73,1.7E-118,4.9E-114,L5/6-CC
GUK1,-0.993553232,0.283,0.471,1.6E-118,4.6E-114,inb-vip
GUK1,-0.833071763,0.223,0.452,1.4E-118,4.1E-114,inb-sst
GSK3A,-0.645002653,0.235,0.357,1.3E-118,4.0E-114,L4
IFI6,-1.17423975,0.31,0.466,1.2E-118,3.6E-114,endo
TRABD,-0.531531657,0.211,0.269,8.6E-119,2.6E-114,ext
TMEM219,-0.712993244,0.254,0.337,8.1E-119,2.4E-114,L2/3
TTC7A,-0.51753233,0.452,0.521,8.0E-119,2.4E-114,L2/3
RPS26,-1.24004204,0.317,0.52,7.5E-119,2.2E-114,L5/6-CC
UBB,-0.926997606,0.402,0.597,6.4E-119,1.9E-114,inb-pv
RYR3,-0.556181589,0.363,0.493,5.3E-119,1.6E-114,L4
GPX4,-0.827609173,0.285,0.521,4.8E-119,1.4E-114,inb-sst
HNRNPA1,-0.504880956,0.449,0.521,4.5E-119,1.3E-114,L2/3
AK1,-0.616599093,0.289,0.374,3.4E-119,1.0E-114,L2/3
PLEKHB2,-0.504627831,0.42,0.547,3.4E-119,1.0E-114,L4
TCTA,-0.698061826,0.268,0.351,3.3E-119,9.8E-115,L2/3
PRDX2,-1.108468172,0.295,0.472,3.0E-119,9.0E-115,inb-vip
MRPS26,-0.55091406,0.196,0.298,3.0E-119,8.9E-115,inb
HSPA1A,-1.286008889,0.18,0.259,2.2E-119,6.5E-115,L2/3
PIN1,-0.99672877,0.355,0.546,1.9E-119,5.7E-115,inb-pv
RDH11,-0.591976157,0.344,0.47,1.8E-119,5.3E-115,L4
SURF1,-0.841692986,0.174,0.257,1.8E-119,5.3E-115,L2/3
CALM2,-0.542157676,0.645,0.741,1.8E-119,5.2E-115,micro
SNRPN,-0.531924327,0.308,0.437,1.6E-119,4.7E-115,ast
DNAJC8,-0.701478693,0.289,0.412,1.5E-119,4.5E-115,L4
EGLN2,-0.681319943,0.258,0.343,1.4E-119,4.3E-115,L2/3
ATP5F1D,-0.600302019,0.193,0.311,1.4E-119,4.1E-115,ast
RPL15,-0.813778692,0.487,0.657,1.4E-119,4.0E-115,inb-pv
EXOC7,-0.535393754,0.378,0.501,1.3E-119,3.7E-115,L4
CAMK1,-0.865632763,0.398,0.6,1.2E-119,3.5E-115,L5/6-CC
LY6H,-0.713326307,0.526,0.731,1.1E-119,3.2E-115,L5/6-CC
IDH3B,-0.8788749,0.182,0.263,9.8E-120,2.9E-115,L2/3
HSPA8,-1.156687816,0.415,0.599,9.6E-120,2.8E-115,L5/6
SET,-0.837895112,0.424,0.635,9.4E-120,2.8E-115,L5/6-CC
SELENOW,-0.787053606,0.449,0.618,8.3E-120,2.5E-115,inb-vip
RPP21,-0.701380202,0.239,0.325,7.8E-120,2.3E-115,L2/3
CALM2,-0.597544605,0.795,0.848,7.4E-120,2.2E-115,inb-pv
EDF1,-1.078082163,0.253,0.449,7.3E-120,2.2E-115,inb-pv
MGAT4B,-0.657164769,0.285,0.368,7.1E-120,2.1E-115,L2/3
MEST,-0.579216257,0.332,0.459,6.8E-120,2.0E-115,L4
SOD1,-0.788467226,0.5,0.694,6.8E-120,2.0E-115,L5/6-CC
MAP7D1,-0.524979625,0.432,0.502,6.6E-120,2.0E-115,L2/3
TOMM40,-0.742215968,0.26,0.34,6.6E-120,2.0E-115,L2/3
CDK5RAP3,-0.685495608,0.199,0.297,4.7E-120,1.4E-115,inb
RPRML,-0.598488726,0.364,0.444,4.4E-120,1.3E-115,L2/3
CD59,-0.564083878,0.303,0.433,4.2E-120,1.2E-115,L4
RPS3A,-0.886181919,0.363,0.559,4.1E-120,1.2E-115,inb-pv
HIPK4,0.600084771,0.287,0.19,4.1E-120,1.2E-115,L2/3
TUBA1B,-0.559485699,0.377,0.5,4.1E-120,1.2E-115,ast
LINC02197,-1.089955388,0.169,0.382,3.8E-120,1.1E-115,L5/6-CC
LGI2,-0.7963464,0.178,0.272,3.6E-120,1.1E-115,inb
B2M,-0.694732365,0.27,0.373,3.5E-120,1.0E-115,inb
CA8,0.770517486,0.338,0.224,3.2E-120,9.5E-116,ast
SMIM10L1,-0.865481156,0.164,0.276,3.2E-120,9.4E-116,L4
DYNLT1,-0.704060173,0.177,0.274,3.0E-120,8.9E-116,inb
SNHG29,-0.562106839,0.286,0.394,2.8E-120,8.3E-116,inb
GNG3,-0.940269752,0.16,0.375,2.1E-120,6.2E-116,inb-sst
SLC25A4,-1.015663662,0.203,0.42,1.8E-120,5.3E-116,inb-sst
SELENOH,-1.019147313,0.327,0.525,1.5E-120,4.3E-116,inb-pv
PRMT1,-0.707373947,0.275,0.357,1.4E-120,4.2E-116,L2/3
RGS11,-0.616364354,0.313,0.44,1.2E-120,3.7E-116,L4
GAS2L1,-0.822515444,0.163,0.276,1.2E-120,3.5E-116,L4
RPL7,-0.556784561,0.307,0.438,1.1E-120,3.4E-116,L4
NR4A1,-0.799312601,0.212,0.296,1.0E-120,3.0E-116,L2/3
RAB3A,-1.056510159,0.29,0.469,9.7E-121,2.9E-116,inb-vip
RPAIN,-0.647376948,0.309,0.434,9.0E-121,2.7E-116,L4
STUB1,-0.997138811,0.326,0.542,8.9E-121,2.6E-116,L5/6-CC
GCNT1,0.584509663,0.341,0.241,8.6E-121,2.6E-116,L2/3
PRDX5,-1.07038288,0.289,0.51,8.4E-121,2.5E-116,L5/6-CC
NUDC,-0.623268828,0.232,0.335,8.0E-121,2.4E-116,inb
MARCH2,-0.700548408,0.275,0.357,7.7E-121,2.3E-116,L2/3
SYNGR3,-0.590045633,0.31,0.439,7.5E-121,2.2E-116,L4
RPL3,-0.841421093,0.462,0.639,6.8E-121,2.0E-116,inb-pv
OSBPL11,0.727337595,0.378,0.262,5.4E-121,1.6E-116,ast
KDELR1,-0.838996156,0.174,0.29,5.0E-121,1.5E-116,L4
CCKBR,-0.803054535,0.193,0.311,4.4E-121,1.3E-116,L4
CABP1,-0.682089905,0.806,0.845,4.2E-121,1.3E-116,L5/6
MYL6,-0.979986239,0.327,0.526,4.2E-121,1.2E-116,inb-pv
C1QTNF4,-1.211904558,0.263,0.476,4.0E-121,1.2E-116,L5/6-CC
ATOX1,-0.680006757,0.17,0.289,3.5E-121,1.0E-116,L4
INF2,-1.076928937,0.256,0.471,3.0E-121,9.0E-117,L5/6-CC
HTRA1,-0.806400483,0.296,0.471,2.8E-121,8.2E-117,micro
YWHAB,-0.570779492,0.355,0.48,2.7E-121,8.1E-117,ast
VSNL1,-0.90304373,3.40E-01,5.36E-01,2.44E-121,7.26E-117,opc
C9orf16,-1.179425892,0.285,0.499,2.3E-121,6.9E-117,L5/6
FAM131B,-0.855520473,0.188,0.304,1.9E-121,5.8E-117,L4
TRMT112,-0.784532053,0.183,0.302,1.7E-121,5.1E-117,L4
COL16A1,-0.673868536,0.262,0.385,1.6E-121,4.9E-117,L4
TPI1,-1.27461382,0.291,0.506,1.4E-121,4.1E-117,L5/6
NCK2,1.024961872,0.474,0.346,1.3E-121,3.9E-117,micro
BANF1,-0.843590929,0.159,0.274,1.3E-121,3.9E-117,L4
Z68323.1,-0.749476498,0.221,0.343,1.3E-121,3.9E-117,L4
GPR158,-0.718068121,3.97E-01,6.04E-01,6.79E-122,2.02E-117,opc
CCDC124,-0.839995174,0.179,0.263,6.6E-122,2.0E-117,L2/3
EMC3,-0.629838189,0.289,0.417,6.0E-122,1.8E-117,L4
PRKCG,-0.648988895,0.278,0.402,5.6E-122,1.7E-117,L4
CCK,-1.320077331,0.687,0.767,5.6E-122,1.7E-117,inb-vip
GUK1,-1.028704051,0.429,0.616,5.4E-122,1.6E-117,L5/6
ZFPM2-AS1,-0.782723251,0.14,0.311,5.1E-122,1.5E-117,micro
NOSIP,-0.539909924,0.201,0.258,4.9E-122,1.5E-117,ext
ATP5MC1,-1.012296236,0.333,0.532,4.0E-122,1.2E-117,inb-pv
SSR2,-0.753752952,0.236,0.321,3.4E-122,1.0E-117,L2/3
AAMP,-0.884989046,0.15,0.263,3.3E-122,9.9E-118,L4
PHB2,-0.775490481,0.219,0.303,2.8E-122,8.2E-118,L2/3
AGAP2,-0.639225639,0.297,0.423,2.2E-122,6.6E-118,L4
GLRX5,-0.798652119,0.167,0.281,2.2E-122,6.6E-118,L4
HIP1,-1.252321072,0.156,0.362,2.0E-122,6.1E-118,L5/6-CC
TAGLN3,-0.958336655,0.165,0.332,1.9E-122,5.7E-118,micro
SNHG6,-0.673905195,0.265,0.392,1.9E-122,5.5E-118,L4
SRM,-0.93528603,0.173,0.286,1.7E-122,5.1E-118,L4
MDH1,-0.84253365,0.388,0.61,1.7E-122,5.0E-118,inb-sst
MYL12B,-0.662357185,0.207,0.31,1.5E-122,4.6E-118,inb
RAB40B,-0.518614333,0.351,0.48,1.5E-122,4.6E-118,L4
ZNF862,-0.615885493,0.351,0.479,1.5E-122,4.5E-118,L4
SYNGR3,-0.565372812,0.273,0.381,1.1E-122,3.4E-118,inb
ABTB1,-0.53844427,0.394,0.472,1.1E-122,3.2E-118,L2/3
KLC2,-0.579228883,0.341,0.471,1.0E-122,3.1E-118,L4
MRPL57,-0.605588991,0.323,0.408,1.0E-122,3.0E-118,L2/3
FABP3,-0.829788305,0.194,0.277,1.0E-122,3.0E-118,L2/3
EXTL1,-0.710756123,0.222,0.345,1.0E-122,3.0E-118,L4
RPL41,-0.871066244,0.46,0.642,8.7E-123,2.6E-118,inb-pv
FAM184B,-0.503337651,0.282,0.341,7.9E-123,2.3E-118,ext
LAMTOR5,-0.646336749,0.275,0.363,6.6E-123,2.0E-118,L2/3
C1orf216,-0.706997223,0.164,0.26,6.5E-123,1.9E-118,inb
PLPBP,-0.514994315,0.223,0.281,6.4E-123,1.9E-118,ext
UBC,-0.898236354,0.464,0.634,6.0E-123,1.8E-118,inb-pv
GAB1,0.57480487,0.619,0.52,5.0E-123,1.5E-118,L4
DANCR,-0.703807139,0.281,0.364,4.9E-123,1.5E-118,L2/3
NRIP3,-0.835529348,0.353,0.58,4.5E-123,1.3E-118,inb-sst
AC006355.2,0.69471259,0.316,0.218,4.5E-123,1.3E-118,L2/3
EPB41L4A-AS1,-0.707778473,0.256,0.344,4.1E-123,1.2E-118,L2/3
NRSN2,-0.669163018,0.28,0.404,3.5E-123,1.1E-118,L4
HNRNPA1,-0.577653367,0.27,0.377,3.5E-123,1.0E-118,inb
GTF3A,-0.56229163,0.357,0.486,3.5E-123,1.0E-118,L4
TMEM126A,-0.841155757,0.189,0.273,3.3E-123,9.7E-119,L2/3
MAP2K2,-0.602710556,0.248,0.352,3.2E-123,9.4E-119,inb
NECAP1,-0.583672951,0.224,0.329,2.8E-123,8.4E-119,inb
C7orf50,-0.544728324,0.434,0.557,2.8E-123,8.4E-119,L4
TCP1,-0.55086292,0.409,0.486,1.8E-123,5.4E-119,L2/3
AC090115.1,0.504119069,0.425,0.318,1.6E-123,4.8E-119,L2/3
TALDO1,-0.601704004,0.327,0.409,1.6E-123,4.7E-119,L2/3
CHKB,-1.095147773,0.279,0.491,1.6E-123,4.6E-119,L5/6-CC
PNOC,-1.500943244,0.15,0.35,1.4E-123,4.0E-119,inb-sst
PIN1,-0.908057458,0.454,0.659,1.1E-123,3.2E-119,L5/6-CC
NDUFB9,-0.777316773,0.19,0.31,1.1E-123,3.1E-119,L4
SUMO1,-0.542436631,0.401,0.532,9.7E-124,2.9E-119,L4
CFH,1.122272258,0.524,0.386,8.8E-124,2.6E-119,endo
SLC25A23,-0.658355082,0.201,0.302,8.4E-124,2.5E-119,inb
SRSF2,-0.530207295,0.41,0.533,8.1E-124,2.4E-119,L4
ASPHD1,-0.600671919,0.325,0.453,6.4E-124,1.9E-119,L4
PUF60,-0.883263231,0.158,0.273,6.4E-124,1.9E-119,L4
SELENOW,-0.863817564,0.472,0.654,5.3E-124,1.6E-119,inb-pv
KLHDC3,-0.620471116,0.241,0.346,5.3E-124,1.6E-119,inb
RPL19,-0.653270184,0.246,0.373,5.1E-124,1.5E-119,ast
HSPA5,-0.681871094,0.342,0.419,4.7E-124,1.4E-119,L2/3
NDUFC2,-1.05141323,0.325,0.518,4.7E-124,1.4E-119,inb-pv
MBNL1,0.578601426,0.545,0.433,4.6E-124,1.4E-119,ast
IFI6,-2.213831604,0.181,0.376,3.0E-124,9.0E-120,L5/6-CC
RPS18,-0.667297015,0.232,0.359,3.0E-124,8.9E-120,ast
SYT12,-0.605691928,0.346,0.471,2.8E-124,8.4E-120,L4
ECM1,-1.514079318,0.149,0.333,2.1E-124,6.2E-120,inb-pv
STX10,-0.693731264,0.277,0.363,1.7E-124,5.2E-120,L2/3
COX7A1,-0.817097308,0.179,0.268,1.6E-124,4.9E-120,L2/3
ULK3,-0.670327984,0.265,0.367,1.6E-124,4.9E-120,inb
FRMD4B,0.891213513,0.467,0.316,1.5E-124,4.5E-120,micro
LPCAT4,-0.615671141,0.365,0.491,1.4E-124,4.2E-120,L4
ANKRD20A3,0.540436199,0.318,0.212,1.4E-124,4.1E-120,L2/3
C1orf43,-0.573538483,0.398,0.474,1.3E-124,3.8E-120,L2/3
RPL8,-0.889586117,0.366,0.573,1.2E-124,3.6E-120,inb-pv
AK1,-0.728697119,0.184,0.305,8.4E-125,2.5E-120,L4
ENTPD6,-0.553941668,0.431,0.502,7.0E-125,2.1E-120,L2/3
ERG28,-0.823630463,0.21,0.294,6.4E-125,1.9E-120,L2/3
KCNJ4,-0.728624401,0.215,0.338,5.4E-125,1.6E-120,L4
RAB11B,-0.659473692,0.322,0.404,5.3E-125,1.6E-120,L2/3
FASN,-0.713141756,0.282,0.366,4.3E-125,1.3E-120,L2/3
MFSD12,-0.587717792,0.217,0.276,4.2E-125,1.2E-120,ext
PITHD1,-0.59937723,0.243,0.351,4.0E-125,1.2E-120,inb
PEBP1,-0.793771192,4.33E-01,6.20E-01,3.52E-125,1.05E-120,opc
SAT2,-0.795865465,0.531,0.717,3.3E-125,9.9E-121,L5/6-CC
TBRG1,-0.520086919,0.291,0.402,2.4E-125,7.1E-121,inb
BABAM1,-0.600927553,0.291,0.42,2.3E-125,6.8E-121,L4
CCDC85B,-0.919419404,0.29,0.49,2.0E-125,6.0E-121,inb-vip
SNRPD2,-0.549461322,0.2,0.259,1.5E-125,4.5E-121,ext
USP5,-0.657440514,0.301,0.387,1.4E-125,4.2E-121,L2/3
KCNH3,-0.786098615,0.53,0.723,1.4E-125,4.0E-121,L5/6-CC
HTR1E,0.61691065,0.575,0.483,1.2E-125,3.7E-121,L4
MRPL34,-0.763672812,0.216,0.34,1.1E-125,3.2E-121,L4
AC016831.7,0.739448608,0.767,0.697,1.0E-125,3.1E-121,L5/6-CC
HCFC1R1,-0.700933795,0.261,0.349,9.8E-126,2.9E-121,L2/3
SEC16B,0.506445344,0.399,0.285,8.4E-126,2.5E-121,L2/3
TRIM28,-0.504901657,0.21,0.27,7.7E-126,2.3E-121,ext
WDR83OS,-0.743834348,0.225,0.313,7.7E-126,2.3E-121,L2/3
ATF6B,-0.581609702,0.275,0.381,7.4E-126,2.2E-121,inb
ATP5MC2,-0.616152831,0.33,0.46,6.7E-126,2.0E-121,L4
AC008014.1,0.542905168,0.434,0.331,6.7E-126,2.0E-121,L2/3
NLGN2,-0.743919433,0.241,0.365,5.9E-126,1.8E-121,L4
SEPTIN4,-0.621794673,0.263,0.368,5.6E-126,1.7E-121,inb
USE1,-0.806114026,0.195,0.281,4.6E-126,1.4E-121,L2/3
CAMKV,-0.613054967,0.278,0.385,2.7E-126,8.1E-122,inb
RNH1,-0.73088702,0.229,0.353,2.3E-126,6.9E-122,L4
PNMA1,-0.595851055,0.387,0.466,2.3E-126,6.9E-122,L2/3
AARSD1,-0.51421609,0.438,0.511,2.1E-126,6.4E-122,L2/3
PNMA1,-0.801837063,0.185,0.284,2.1E-126,6.2E-122,inb
FLOT1,-0.502943479,0.431,0.558,1.9E-126,5.7E-122,L4
CD59,-0.539834154,0.414,0.491,1.7E-126,5.1E-122,L2/3
FKBP5,1.266975772,3.44E-01,1.76E-01,1.72E-126,5.12E-122,opc
FAM219B,-0.769846554,0.234,0.359,1.7E-126,5.0E-122,L4
S100A6,-0.626898655,0.253,0.386,1.6E-126,4.8E-122,L4
RNF7,-0.848450047,0.185,0.306,9.9E-127,3.0E-122,L4
DDRGK1,-0.69019101,0.177,0.276,9.6E-127,2.8E-122,inb
TBCB,-0.638799283,0.196,0.299,9.3E-127,2.8E-122,inb
CNTLN,0.621567182,0.304,0.204,8.5E-127,2.5E-122,L2/3
HOPX,-1.14281774,0.114,0.271,8.4E-127,2.5E-122,micro
GTF2H2,-0.500680872,0.309,0.367,8.2E-127,2.4E-122,ext
POLR2K,-0.821769184,0.185,0.307,7.7E-127,2.3E-122,L4
UQCR11,-0.957742889,0.338,0.559,6.6E-127,2.0E-122,L5/6-CC
ACTG1,-0.683142924,0.64,0.807,4.9E-127,1.5E-122,L5/6-CC
RNASEK,-1.018793469,0.347,0.524,4.5E-127,1.3E-122,inb-vip
ARHGDIG,-0.992342002,0.191,0.415,4.4E-127,1.3E-122,inb-sst
SELENOK,-0.808295903,0.222,0.308,4.2E-127,1.3E-122,L2/3
BABAM1,-0.552371633,0.397,0.475,4.0E-127,1.2E-122,L2/3
NDUFA13,-0.878385282,0.451,0.632,4.0E-127,1.2E-122,inb-pv
FOXRED1,-0.593136002,0.344,0.476,3.7E-127,1.1E-122,L4
SLC25A4,-0.986245961,0.348,0.571,3.4E-127,1.0E-122,L5/6-CC
CRELD2,-0.818529691,0.208,0.294,2.6E-127,7.9E-123,L2/3
SIRT7,-0.501738715,0.241,0.301,2.4E-127,7.1E-123,ext
PDHB,-0.799127166,0.239,0.324,2.2E-127,6.5E-123,L2/3
NPDC1,-0.93993283,0.405,0.588,1.9E-127,5.7E-123,inb-pv
H1FX,-0.865983929,0.204,0.326,1.7E-127,5.0E-123,L4
HSPA8,-1.038367948,2.77E-01,4.71E-01,1.60E-127,4.75E-123,opc
TPI1,-0.738346535,0.2,0.322,1.2E-127,3.7E-123,ast
PARP2,-0.505926477,0.29,0.352,1.2E-127,3.6E-123,ext
AC006581.2,0.512396775,0.303,0.2,1.1E-127,3.2E-123,L2/3
MPC2,-0.599313956,0.276,0.407,1.0E-127,3.1E-123,L4
JHY,0.504910353,0.325,0.218,8.6E-128,2.6E-123,L2/3
RASL10A,-1.450315784,0.222,0.433,7.9E-128,2.3E-123,L5/6
ETFB,-0.793773655,0.189,0.277,7.5E-128,2.2E-123,L2/3
NDUFAF8,-0.688878057,0.197,0.322,7.1E-128,2.1E-123,L4
ATP1B2,-0.556564976,0.302,0.414,7.0E-128,2.1E-123,inb
TMEM246,-0.580873451,0.382,0.463,6.0E-128,1.8E-123,L2/3
CADM4,-1.049358606,0.168,0.283,6.0E-128,1.8E-123,L4
ARFIP2,-0.865458376,0.177,0.263,5.9E-128,1.8E-123,L2/3
SLC11A1,1.458423064,0.263,0.127,5.9E-128,1.8E-123,micro
FBXO44,-0.57134905,0.383,0.515,4.7E-128,1.4E-123,L4
KANSL1,0.512153807,0.625,0.509,4.2E-128,1.2E-123,ast
TUBG2,-0.678576207,0.202,0.306,4.2E-128,1.2E-123,inb
EGR3,-0.807995104,0.254,0.34,3.2E-128,9.5E-124,L2/3
HSP90AB1,-0.664691574,0.762,0.825,2.4E-128,7.3E-124,inb-vip
RGS4,-0.578490113,0.195,0.325,2.4E-128,7.2E-124,ast
ANAPC11,-0.764346971,0.174,0.296,2.3E-128,6.8E-124,L4
PPDPF,-1.180503569,0.266,0.481,2.2E-128,6.6E-124,L5/6-CC
GNG3,-1.214089277,0.184,0.387,2.0E-128,6.0E-124,inb-pv
HSPE1,-0.621588181,0.235,0.344,1.9E-128,5.8E-124,inb
CCBE1,0.624332735,0.281,0.223,1.9E-128,5.5E-124,ext
TECR,-0.584512176,0.41,0.485,1.5E-128,4.5E-124,L2/3
GLRX5,-0.745972156,0.254,0.34,1.1E-128,3.2E-124,L2/3
LINGO1,-0.643110087,0.693,0.83,9.3E-129,2.8E-124,L5/6-CC
RNF7,-0.722759757,0.264,0.351,8.8E-129,2.6E-124,L2/3
LAMTOR4,-0.667835619,0.173,0.275,8.6E-129,2.6E-124,inb
COX4I1,-0.804590621,0.485,0.662,8.5E-129,2.5E-124,inb-pv
CX3CL1,-1.014369872,0.332,0.549,7.0E-129,2.1E-124,L5/6-CC
PPM1G,-0.537206345,0.422,0.498,6.6E-129,2.0E-124,L2/3
OXR1,0.764776709,0.715,0.64,5.7E-129,1.7E-124,micro
NDUFC1,-0.738320236,0.248,0.377,5.3E-129,1.6E-124,L4
ATP2B1-AS1,-0.981900341,0.185,0.303,5.3E-129,1.6E-124,L4
FBXO2,-0.602670204,0.208,0.314,4.4E-129,1.3E-124,inb
MRPS23,-0.511183161,0.218,0.279,4.2E-129,1.2E-124,ext
ZNF883,-0.729580613,0.263,0.354,3.7E-129,1.1E-124,L2/3
AUP1,-0.757075225,0.206,0.331,3.5E-129,1.0E-124,L4
POLR2L,-0.783759083,0.182,0.273,3.4E-129,1.0E-124,L2/3
PRSS51,0.675148002,0.357,0.253,3.0E-129,9.0E-125,L2/3
PIH1D1,-0.805998506,0.181,0.301,3.0E-129,9.0E-125,L4
CREG1,-0.641591708,0.361,0.488,2.9E-129,8.6E-125,L4
CCDC24,-0.768287521,0.235,0.363,2.8E-129,8.4E-125,L4
ATP6V1D,-0.546853925,0.398,0.531,2.6E-129,7.6E-125,L4
MIPOL1,0.510401075,0.67,0.618,2.5E-129,7.3E-125,L4
BANF1,-0.798908823,0.225,0.313,2.2E-129,6.7E-125,L2/3
NDUFA4,-0.92406522,3.58E-01,5.54E-01,2.24E-129,6.66E-125,opc
ZNF511,-0.837122604,0.18,0.267,1.8E-129,5.5E-125,L2/3
MFSD13A,-0.650381973,0.312,0.398,1.7E-129,5.1E-125,L2/3
CCK,-0.876559695,3.10E-01,5.29E-01,1.71E-129,5.08E-125,opc
SYNGR1,-0.5260761,0.355,0.464,1.7E-129,5.0E-125,inb
PODXL2,-0.597581811,0.394,0.471,1.3E-129,3.9E-125,L2/3
EIF3I,-0.896822523,0.194,0.279,1.1E-129,3.2E-125,L2/3
AC103855.2,0.90198485,0.365,0.254,1.0E-129,3.0E-125,L4
TKT,-0.63565173,0.261,0.393,8.5E-130,2.5E-125,L4
PNMA8B,-0.621947399,0.322,0.46,7.0E-130,2.1E-125,L4
HMGCS1,-0.549797007,0.385,0.517,6.4E-130,1.9E-125,L4
PDXP,-0.638766718,0.206,0.311,5.6E-130,1.7E-125,inb
NECAP1,-0.508149465,0.443,0.518,5.0E-130,1.5E-125,L2/3
ARL2,-0.765657818,0.181,0.305,4.3E-130,1.3E-125,L4
SLC4A3,-0.510141882,0.242,0.302,4.1E-130,1.2E-125,ext
SNX17,-0.872416556,0.168,0.255,4.0E-130,1.2E-125,L2/3
BMP2K,0.628873286,0.72,0.642,3.6E-130,1.1E-125,micro
ARPP19,-0.610652688,0.312,0.442,3.3E-130,9.8E-126,ast
LINC02712,-0.808226877,0.322,0.506,3.1E-130,9.2E-126,micro
ISCU,-1.03939784,0.344,0.542,2.6E-130,7.8E-126,inb-pv
C2CD4C,-0.858355213,0.21,0.296,2.6E-130,7.7E-126,L2/3
MAPKAPK5-AS1,-0.979754243,0.138,0.252,2.0E-130,5.8E-126,L4
NUDT16L1,-0.813363943,0.203,0.291,2.0E-130,5.8E-126,L2/3
RNF126,-0.773911485,0.188,0.311,1.9E-130,5.8E-126,L4
FGFR3,-0.513022739,0.577,0.68,1.9E-130,5.7E-126,ast
MICOS10,-0.587562903,0.314,0.427,1.9E-130,5.6E-126,inb
ADAM11,-0.547144334,0.438,0.566,1.7E-130,5.2E-126,L4
UBB,-0.784067241,0.267,0.458,1.6E-130,4.8E-126,micro
NDUFA2,-0.95828543,0.153,0.27,1.5E-130,4.4E-126,L4
STRAP,-0.575476291,0.283,0.395,1.3E-130,3.9E-126,inb
PTMS,-0.533486865,0.233,0.343,1.3E-130,3.8E-126,inb
MMP17,-0.540672814,0.458,0.585,1.1E-130,3.2E-126,L4
SNHG8,-0.760047879,0.218,0.309,1.0E-130,3.0E-126,L2/3
ORMDL1,-0.627314915,0.415,0.544,8.4E-131,2.5E-126,L4
ACAA1,-0.721951216,0.248,0.378,8.3E-131,2.5E-126,L4
SOD1,-0.684323474,0.282,0.412,8.0E-131,2.4E-126,ast
AL355347.1,0.713242327,0.315,0.215,7.8E-131,2.3E-126,L2/3
PIGQ,-0.673817516,0.26,0.39,7.2E-131,2.2E-126,L4
IFI6,-2.088376326,0.143,0.315,7.2E-131,2.1E-126,inb-vip
MATK,-0.594758496,0.372,0.455,6.6E-131,2.0E-126,L2/3
TIMM17A,-0.805530886,0.191,0.315,6.6E-131,2.0E-126,L4
ARHGDIG,-1.193618401,0.237,0.425,5.9E-131,1.7E-126,inb-vip
RNF167,-0.822469375,0.207,0.295,5.8E-131,1.7E-126,L2/3
PEBP1,-0.674616237,0.423,0.602,5.1E-131,1.5E-126,micro
YWHAB,-0.66870224,0.761,0.876,4.9E-131,1.4E-126,L5/6-CC
FLYWCH2,-0.546269526,0.2,0.262,4.5E-131,1.3E-126,ext
GSTK1,-0.691571017,0.274,0.404,3.9E-131,1.2E-126,L4
FBXO2,-0.699235623,0.267,0.397,3.6E-131,1.1E-126,L4
TAGLN3,-0.503431599,0.433,0.544,3.4E-131,1.0E-126,inb
STMN2,-0.64298868,0.812,0.899,2.6E-131,7.6E-127,L5/6-CC
CA3,0.515015479,0.359,0.25,2.5E-131,7.4E-127,L2/3
GPX4,-0.894169521,0.368,0.555,2.2E-131,6.5E-127,inb-vip
FSD1,-0.615010542,0.304,0.433,1.8E-131,5.4E-127,L4
ANTKMT,-1.046152605,0.372,0.58,1.6E-131,4.6E-127,L5/6-CC
NDUFV1,-1.086230039,0.215,0.445,1.4E-131,4.3E-127,inb-sst
CFL1,-0.668587561,0.253,0.382,1.4E-131,4.1E-127,ast
PHF24,-0.574561396,0.331,0.466,1.3E-131,4.0E-127,L4
SSR2,-0.982709846,0.143,0.258,1.3E-131,3.9E-127,L4
COMMD3,-0.537677758,0.199,0.261,1.1E-131,3.3E-127,ext
CRY1,0.578425253,0.315,0.209,1.1E-131,3.3E-127,L2/3
CCS,-0.652163992,0.191,0.295,9.0E-132,2.7E-127,inb
CABP1,-0.527509344,0.398,0.508,8.9E-132,2.6E-127,inb
RPL38,-0.530278999,0.502,0.582,6.9E-132,2.1E-127,L2/3
PSMC4,-0.749257719,0.247,0.336,6.9E-132,2.0E-127,L2/3
OAF,-0.696337138,0.318,0.441,6.6E-132,2.0E-127,ast
IMMP2L,0.634412222,0.559,0.451,6.0E-132,1.8E-127,ast
COX5B,-0.942719451,0.42,0.609,6.0E-132,1.8E-127,inb-pv
C4orf3,-0.566291279,0.368,0.455,5.4E-132,1.6E-127,L2/3
ACAD8,-0.504833855,0.25,0.312,5.2E-132,1.5E-127,ext
CTSB,-0.538118977,0.386,0.521,5.1E-132,1.5E-127,L4
TAGLN3,-0.843674765,0.188,0.312,4.4E-132,1.3E-127,ast
COMMD7,-0.585995181,0.391,0.471,4.2E-132,1.3E-127,L2/3
NDUFA3,-0.606735808,0.206,0.314,4.2E-132,1.2E-127,inb
TMEM175,-0.582752362,0.249,0.36,3.8E-132,1.1E-127,inb
CDIPT,-0.649990673,0.17,0.272,3.5E-132,1.0E-127,inb
NGEF,-0.581850526,0.716,0.846,2.8E-132,8.4E-128,L5/6-CC
EEF2,-0.552932674,0.28,0.393,2.7E-132,8.1E-128,inb
ZNF667-AS1,-0.543778488,0.407,0.488,2.5E-132,7.5E-128,L2/3
LINC02615,0.629022657,0.273,0.173,1.9E-132,5.8E-128,L2/3
CACNA1G,-0.807689267,0.196,0.323,1.4E-132,4.2E-128,L4
CKMT1B,-0.629066296,0.326,0.458,1.3E-132,3.8E-128,L4
FAM219B,-0.608246405,0.362,0.443,1.3E-132,3.8E-128,L2/3
DUSP26,-0.55784447,0.253,0.315,1.2E-132,3.6E-128,ext
CGREF1,-0.776358127,0.17,0.269,1.2E-132,3.5E-128,inb
DOC2A,-0.612369443,0.324,0.458,1.2E-132,3.5E-128,L4
EFEMP1,0.687830049,0.513,0.393,1.1E-132,3.4E-128,ast
SMDT1,-0.864492418,0.197,0.321,9.8E-133,2.9E-128,L4
NECAP1,-0.629384731,0.32,0.454,9.7E-133,2.9E-128,L4
SYF2,-0.54325927,0.23,0.293,7.8E-133,2.3E-128,ext
CAMK2N2,-1.351502627,0.255,0.452,7.5E-133,2.2E-128,inb-pv
COPZ1,-0.589722444,0.195,0.256,6.2E-133,1.8E-128,ext
AL603839.3,-0.572177706,0.192,0.253,5.0E-133,1.5E-128,ext
MRPL32,-0.541242302,0.251,0.313,3.9E-133,1.2E-128,ext
STOML2,-0.861938073,0.147,0.267,3.7E-133,1.1E-128,L4
SGTA,-0.514424201,0.248,0.31,3.5E-133,1.0E-128,ext
TOMM5,-0.647424791,0.305,0.397,2.9E-133,8.6E-129,L2/3
TUBB3,-1.118465585,0.104,0.264,2.7E-133,8.0E-129,micro
LINC02347,0.639102446,0.264,0.166,2.5E-133,7.5E-129,L2/3
C1orf43,-0.668875288,0.22,0.327,2.1E-133,6.2E-129,inb
APEX1,-0.698457117,0.3,0.387,2.0E-133,5.9E-129,L2/3
SNHG6,-0.591121697,0.377,0.463,1.5E-133,4.5E-129,L2/3
TUBA1B,-0.768836545,0.731,0.832,1.4E-133,4.1E-129,L5/6
AP2M1,-0.778846994,0.561,0.742,1.3E-133,3.9E-129,L5/6-CC
NEFL,-0.74489802,0.594,0.775,9.5E-134,2.8E-129,L5/6-CC
ATP5F1D,-0.987516402,0.316,0.524,8.9E-134,2.6E-129,inb-pv
FSIP2-AS1,0.5713779,0.357,0.249,8.1E-134,2.4E-129,L2/3
HSP90AA1,-0.588528655,0.819,0.859,5.6E-134,1.7E-129,inb-vip
ZDHHC8,-0.834842675,0.21,0.336,4.8E-134,1.4E-129,L4
ABTB1,-0.640348917,0.296,0.431,4.8E-134,1.4E-129,L4
ATP5F1B,-0.912494504,0.49,0.659,4.7E-134,1.4E-129,inb-pv
NACAD,-0.870554306,0.163,0.251,4.6E-134,1.4E-129,L2/3
DIPK1B,-0.556430014,0.223,0.285,4.2E-134,1.3E-129,ext
NEUROD6,-0.597353252,0.315,0.454,3.7E-134,1.1E-129,L4
CALM1,-0.539504467,0.877,0.911,3.7E-134,1.1E-129,inb-pv
YWHAH,-0.83483056,0.513,0.669,3.6E-134,1.1E-129,inb-vip
NRSN2,-0.603045779,0.256,0.366,3.5E-134,1.0E-129,inb
IL34,-0.959454729,0.159,0.278,3.3E-134,1.0E-129,L4
CHSY3,1.226070024,0.347,0.195,3.1E-134,9.1E-130,micro
RPS6KL1,-0.959898439,0.377,0.596,2.7E-134,8.2E-130,L5/6-CC
CYP46A1,-0.905199046,0.432,0.639,2.5E-134,7.5E-130,L5/6-CC
BORCS7,-0.623962353,0.339,0.427,2.4E-134,7.1E-130,L2/3
SLC25A4,-1.152968038,0.256,0.449,2.3E-134,6.9E-130,inb-vip
ATP1A3,-0.727603804,0.649,0.744,1.6E-134,4.8E-130,inb-vip
SARAF,-0.652272436,0.72,0.86,1.6E-134,4.7E-130,L5/6-CC
NCAPG2,0.546039306,0.276,0.173,1.4E-134,4.0E-130,L2/3
STK25,-0.603606378,0.354,0.489,1.1E-134,3.3E-130,L4
SELENOK,-0.881192708,0.167,0.289,1.1E-134,3.3E-130,L4
AC093535.1,1.017273572,0.283,0.17,1.1E-134,3.2E-130,ast
RGS4,-0.523126015,0.323,0.44,1.0E-134,3.0E-130,inb
BCL6,0.812340178,0.438,0.321,1.0E-134,3.0E-130,ast
AC098829.1,0.611494102,0.387,0.282,9.3E-135,2.8E-130,L2/3
RNH1,-0.723142405,0.185,0.289,9.0E-135,2.7E-130,inb
ATP5PD,-0.706126488,0.329,0.412,8.6E-135,2.6E-130,L2/3
B4GAT1,-1.03249403,0.311,0.503,8.5E-135,2.5E-130,inb-vip
PMEPA1,-0.802215836,0.261,0.35,8.0E-135,2.4E-130,L2/3
ACADVL,-0.64635021,0.345,0.475,5.7E-135,1.7E-130,L4
LINC01414,0.52919774,0.741,0.682,5.2E-135,1.6E-130,L4
ANAPC11,-0.75904212,0.239,0.332,4.7E-135,1.4E-130,L2/3
MRPS21,-0.585811727,0.271,0.383,3.6E-135,1.1E-130,inb
CACYBP,-0.647760752,0.322,0.457,3.6E-135,1.1E-130,L4
AC079385.1,0.843944551,0.364,0.242,3.0E-135,8.8E-131,ast
TMEM258,-0.773363806,0.176,0.302,2.6E-135,7.8E-131,L4
CBLN2,0.61257315,0.933,0.911,2.3E-135,6.9E-131,L5/6-CC
CNP,-0.546419887,0.217,0.282,1.9E-135,5.7E-131,ext
LAMTOR4,-0.671729817,0.309,0.396,1.8E-135,5.5E-131,L2/3
SEC61G,-0.957610242,0.157,0.278,1.8E-135,5.2E-131,L4
MYDGF,-0.97481919,0.148,0.266,1.8E-135,5.2E-131,L4
SMIM19,-0.669043987,0.297,0.385,1.5E-135,4.5E-131,L2/3
TTC9B,-1.25556928,0.179,0.372,1.1E-135,3.4E-131,inb-vip
VSTM2L,-0.558385341,0.364,0.475,7.7E-136,2.3E-131,inb
LCNL1,-0.74593098,0.315,0.441,7.3E-136,2.2E-131,ast
STMN2,-0.563757992,0.282,0.421,5.7E-136,1.7E-131,ast
CAPN10,-0.535477573,0.202,0.264,5.7E-136,1.7E-131,ext
RNASEK,-0.985168434,0.247,0.486,5.5E-136,1.6E-131,inb-sst
TECPR1,-0.523040453,0.441,0.518,5.0E-136,1.5E-131,L2/3
TUBB3,-1.079153942,0.303,0.494,4.6E-136,1.4E-131,inb-vip
CA11,-0.788419928,0.51,0.716,3.9E-136,1.1E-131,L5/6-CC
PPP1R7,-0.574749193,0.352,0.492,3.7E-136,1.1E-131,L4
MAP2K2,-0.654793215,0.299,0.433,3.7E-136,1.1E-131,L4
AC008269.1,0.529632688,0.68,0.609,3.5E-136,1.1E-131,L4
H3F3A,-0.599660118,0.37,0.506,3.4E-136,1.0E-131,L4
SNHG8,-0.934720405,0.169,0.291,3.3E-136,9.7E-132,L4
NECTIN3-AS1,-0.578507066,0.388,0.48,3.1E-136,9.2E-132,L2/3
YJEFN3,-0.672258707,0.219,0.327,3.0E-136,8.8E-132,inb
RPL37A,-0.670570004,0.775,0.798,2.8E-136,8.2E-132,L2/3
AP4M1,-0.526100191,0.204,0.267,2.7E-136,8.1E-132,ext
MDH1,-1.019777367,0.212,0.39,2.6E-136,7.6E-132,micro
ATP2B1-AS1,-0.639771789,0.385,0.462,2.6E-136,7.6E-132,L2/3
CSNK2B,-0.840508086,0.192,0.318,2.6E-136,7.6E-132,L4
METRN,-0.530895934,0.242,0.305,2.2E-136,6.4E-132,ext
BUD23,-0.522649154,0.267,0.329,1.1E-136,3.2E-132,ext
ORAI2,-0.531634609,0.258,0.322,8.8E-137,2.6E-132,ext
DHPS,-0.74204745,0.216,0.345,7.7E-137,2.3E-132,L4
PDE5A,0.546283215,0.726,0.656,6.9E-137,2.1E-132,L2/3
LDHB,-0.944407867,0.462,0.674,6.7E-137,2.0E-132,L5/6-CC
C4orf48,-1.2205254,0.228,0.421,6.6E-137,2.0E-132,inb-vip
RPL7A,-0.851607043,0.579,0.771,6.5E-137,1.9E-132,L5/6-CC
FARSA,-0.776866047,0.199,0.327,6.4E-137,1.9E-132,L4
FBXL16,-0.72252641,0.32,0.454,6.3E-137,1.9E-132,L4
NSMF,-0.607422685,0.289,0.423,5.2E-137,1.5E-132,L4
CTSL,-0.657815657,0.327,0.413,5.2E-137,1.5E-132,L2/3
SNHG29,-0.660236593,0.327,0.464,4.8E-137,1.4E-132,L4
ARRDC1,-0.575647522,0.231,0.293,4.7E-137,1.4E-132,ext
GPR137,-0.782854509,0.232,0.324,4.7E-137,1.4E-132,L2/3
CAMK2N1,-0.937527083,0.512,0.677,4.5E-137,1.3E-132,inb-pv
VXN,-0.65203117,0.334,0.47,4.1E-137,1.2E-132,L4
DNAJC19,-0.715522046,0.258,0.391,3.6E-137,1.1E-132,L4
PDK2,-0.505757955,0.307,0.37,3.2E-137,9.6E-133,ext
TOMM6,-0.621776957,0.334,0.425,2.9E-137,8.7E-133,L2/3
FXYD1,-0.775057131,0.167,0.292,2.4E-137,7.2E-133,L4
RAB5C,-0.711664067,0.213,0.345,2.0E-137,5.9E-133,L4
ALK,0.870513297,6.43E-01,4.87E-01,1.60E-137,4.76E-133,opc
DPY19L1,0.512263339,0.727,0.671,1.6E-137,4.7E-133,L4
ATP5PD,-0.698607586,0.196,0.302,1.2E-137,3.6E-133,inb
ARL8A,-0.633400433,0.3,0.434,1.2E-137,3.5E-133,L4
TMEM183A,-0.750173176,0.218,0.35,1.1E-137,3.3E-133,L4
ABHD8,-0.651057815,0.299,0.436,8.9E-138,2.6E-133,L4
TLE4,0.665404868,0.57,0.477,7.5E-138,2.2E-133,L4
EIF3B,-0.545477417,0.438,0.516,5.9E-138,1.8E-133,L2/3
CPQ,0.50642659,5.01E-01,4.73E-01,4.90E-138,1.46E-133,oli
NDUFB1,-0.514163429,0.3,0.421,4.5E-138,1.3E-133,inb
UNC45A,-0.73824103,0.187,0.292,4.3E-138,1.3E-133,inb
PTPRM,0.541224454,0.423,0.315,4.1E-138,1.2E-133,L2/3
LAMTOR1,-0.880207203,0.165,0.289,2.8E-138,8.4E-134,L4
RPS3A,-1.049299743,0.453,0.66,2.5E-138,7.6E-134,L5/6-CC
TUBB,-0.524001665,0.288,0.405,2.5E-138,7.3E-134,inb
NDUFB4,-0.675038756,0.29,0.426,2.4E-138,7.0E-134,L4
PSMB3,-0.74032315,0.274,0.364,1.8E-138,5.2E-134,L2/3
PRDX5,-1.112333087,0.251,0.468,1.4E-138,4.1E-134,inb-pv
SPCS2,-0.562413805,0.408,0.542,1.3E-138,4.0E-134,L4
HDAC10,-0.550606975,0.24,0.302,1.3E-138,3.9E-134,ext
NAP1L5,-0.680130942,0.221,0.333,1.3E-138,3.8E-134,inb
E2F4,-0.56035561,0.216,0.279,1.2E-138,3.5E-134,ext
ICAM5,-0.883596359,0.178,0.303,9.3E-139,2.8E-134,L4
ZFAND2B,-1.047780073,0.142,0.261,8.5E-139,2.5E-134,L4
C1QBP,-0.819504999,0.183,0.309,7.8E-139,2.3E-134,L4
C2CD2L,-0.652489567,0.366,0.45,7.6E-139,2.3E-134,L2/3
MAP1LC3A,-0.915270983,0.41,0.597,7.4E-139,2.2E-134,inb-vip
SNAP25,-0.643513547,0.595,0.721,6.0E-139,1.8E-134,micro
VPS28,-0.616873279,0.241,0.355,5.5E-139,1.6E-134,inb
ARHGAP26,0.675022201,0.767,0.733,4.7E-139,1.4E-134,micro
AC009041.2,-0.898998963,4.81E-01,6.63E-01,4.32E-139,1.29E-134,opc
TMEM183A,-0.699211872,0.303,0.391,3.7E-139,1.1E-134,L2/3
H3F3A,-0.507354051,0.491,0.568,3.7E-139,1.1E-134,L2/3
TMEM18,-0.594899552,0.199,0.262,3.5E-139,1.0E-134,ext
HMOX2,-0.550762029,0.412,0.494,3.4E-139,1.0E-134,L2/3
STMN1,-0.744276607,0.352,0.544,2.9E-139,8.6E-135,micro
NDUFA8,-0.740334794,0.218,0.327,2.9E-139,8.5E-135,inb
PHB,-1.00306894,0.138,0.257,2.0E-139,5.9E-135,L4
ZNF302,-0.564058544,0.417,0.551,1.8E-139,5.4E-135,L4
IGSF8,-0.782050233,0.568,0.754,1.7E-139,5.1E-135,L5/6-CC
ITPKB,0.759521908,2.96E-01,2.38E-01,1.62E-139,4.83E-135,oli
CCT7,-0.732304815,0.157,0.259,1.6E-139,4.6E-135,inb
FNBP1L,-0.590615309,0.237,0.342,1.5E-139,4.5E-135,L2/3
ZKSCAN8,0.532040884,0.275,0.169,1.4E-139,4.2E-135,L2/3
GUK1,-1.024140828,0.345,0.558,1.0E-139,3.0E-135,inb-pv
LGI3,-0.630574497,0.364,0.448,8.7E-140,2.6E-135,L2/3
SLC17A7,-0.883263734,0.582,0.727,8.7E-140,2.6E-135,L5/6
APEX1,-0.861799685,0.188,0.316,7.7E-140,2.3E-135,L4
STK32C,-0.525862335,0.469,0.542,7.1E-140,2.1E-135,L2/3
PSMG3,-0.873608624,0.182,0.274,6.6E-140,2.0E-135,L2/3
SLITRK1,-0.538887909,0.271,0.334,6.2E-140,1.8E-135,ext
SYNGR3,-0.615041112,0.391,0.475,6.1E-140,1.8E-135,L2/3
UBL5,-0.540275474,0.237,0.358,4.7E-140,1.4E-135,inb
AC099788.1,0.900316587,0.323,0.227,4.3E-140,1.3E-135,L2/3
C3orf80,-0.87759927,0.225,0.313,3.7E-140,1.1E-135,L2/3
AC027031.2,-0.55491547,0.26,0.324,3.1E-140,9.1E-136,ext
PDE1B,-0.521508403,0.478,0.548,3.0E-140,9.0E-136,L2/3
RPL27,-0.632201655,0.232,0.348,3.0E-140,8.8E-136,inb
CEBPB,-0.851372018,0.282,0.368,2.9E-140,8.6E-136,L2/3
FTH1,-0.610581172,0.637,0.777,2.2E-140,6.6E-136,micro
TMEM259,-0.629423644,0.364,0.498,2.0E-140,6.0E-136,L4
DUBR,0.588460793,0.616,0.539,1.8E-140,5.5E-136,L4
NT5C3B,-0.793054655,0.161,0.265,1.8E-140,5.4E-136,inb
MAGEF1,-0.912381912,0.169,0.294,1.7E-140,5.1E-136,L4
MRPL34,-0.638621534,0.312,0.404,1.6E-140,4.7E-136,L2/3
RPL7L1,-0.683563061,0.324,0.46,1.6E-140,4.7E-136,L4
ENTR1,-0.559601248,0.277,0.338,1.5E-140,4.6E-136,ext
NPDC1,-0.922850334,0.306,0.547,1.5E-140,4.6E-136,inb-sst
CWC15,-0.521316501,0.276,0.341,1.5E-140,4.5E-136,ext
SCN3B,-0.512370619,0.534,0.646,1.0E-140,3.1E-136,L4
FTH1,-0.905500428,0.734,0.823,1.0E-140,3.0E-136,L5/6
UFC1,-0.851418347,0.203,0.296,5.3E-141,1.6E-136,L2/3
CECR2,-1.153811327,0.109,0.277,5.0E-141,1.5E-136,micro
LTBP4,-0.512933422,0.257,0.321,4.9E-141,1.5E-136,ext
GAS2L1,-0.70714288,0.282,0.374,4.4E-141,1.3E-136,L2/3
AL135878.1,0.848851889,0.263,0.167,4.2E-141,1.2E-136,L2/3
RTN1,-0.525612797,0.858,0.887,3.7E-141,1.1E-136,inb-vip
SLC25A3,-0.9710428,0.435,0.627,2.2E-141,6.5E-137,inb-pv
LINC00923,0.619474935,0.38,0.269,2.1E-141,6.3E-137,L2/3
PHAX,-0.504991934,0.285,0.352,1.8E-141,5.4E-137,ext
DDX49,-0.783464943,0.208,0.301,1.6E-141,4.9E-137,L2/3
UQCRC1,-0.699152342,0.276,0.412,1.6E-141,4.7E-137,L4
PSMD7,-0.658123822,0.201,0.311,1.2E-141,3.5E-137,inb
NDUFS3,-0.75138349,0.165,0.269,1.2E-141,3.4E-137,inb
RPS6KA2,0.623295026,0.617,0.518,1.0E-141,3.0E-137,L4
LINC02802,-0.818743501,0.219,0.348,6.7E-142,2.0E-137,L4
B4GALT2,-0.85792737,0.2,0.292,6.4E-142,1.9E-137,L2/3
NOP56,-0.663033818,0.297,0.436,6.4E-142,1.9E-137,L4
NPTX2,-1.593095316,0.183,0.404,6.1E-142,1.8E-137,L5/6-CC
RAB5IF,-0.897130114,0.144,0.267,6.1E-142,1.8E-137,L4
CALM2,-0.632383264,0.87,0.901,5.5E-142,1.6E-137,L5/6
DDRGK1,-0.680240939,0.294,0.43,4.9E-142,1.5E-137,L4
EI24,-0.625406121,0.295,0.437,4.4E-142,1.3E-137,L4
TOLLIP,-0.536106453,0.497,0.628,3.9E-142,1.2E-137,L4
SCN1B,-0.74282095,0.406,0.528,3.3E-142,9.8E-138,L4
ARPC5L,-1.251231139,0.319,0.546,2.7E-142,8.1E-138,L5/6-CC
CALM2,-0.604186413,0.812,0.849,2.5E-142,7.6E-138,inb-vip
BRK1,-0.629069351,0.21,0.324,2.1E-142,6.3E-138,inb
TEX9,0.550834073,0.295,0.188,2.0E-142,6.0E-138,L2/3
RPS16,-0.625829895,0.263,0.407,2.0E-142,5.8E-138,L4
PSMC1,-0.707049044,0.218,0.329,1.7E-142,5.2E-138,inb
PIM3,-0.98225959,0.162,0.251,1.6E-142,4.7E-138,L2/3
CMAS,-0.595024483,0.4,0.534,1.5E-142,4.5E-138,L4
COPE,-0.70366175,0.195,0.303,1.5E-142,4.5E-138,inb
CKMT1A,-0.842758961,0.167,0.294,1.4E-142,4.2E-138,L4
VAMP2,-0.761232975,0.514,0.731,1.3E-142,3.8E-138,inb-sst
YWHAH,-0.884722448,0.54,0.714,1.3E-142,3.7E-138,inb-pv
HLA-C,-1.226027765,0.15,0.268,1.0E-142,3.0E-138,L4
NDUFB5,-0.661960269,0.292,0.431,8.9E-143,2.6E-138,L4
UBXN6,-0.655357973,0.351,0.438,7.1E-143,2.1E-138,L2/3
SLC25A11,-1.018299396,0.139,0.261,6.8E-143,2.0E-138,L4
CCDC85B,-0.868566231,0.487,0.702,6.4E-143,1.9E-138,L5/6-CC
YWHAQ,-0.507094321,0.474,0.61,6.0E-143,1.8E-138,L4
RPL26,-1.064195212,0.495,0.702,5.9E-143,1.8E-138,L5/6-CC
PDE4B,-0.906617996,0.334,0.519,5.2E-143,1.6E-138,micro
RPL7A,-0.932260285,0.416,0.621,5.0E-143,1.5E-138,inb-pv
TUBB2A,-1.313047171,1.50E-01,3.57E-01,5.03E-143,1.50E-138,opc
SUMO2,-0.567692719,0.314,0.435,4.3E-143,1.3E-138,inb
2-Mar,-0.881493796,0.188,0.317,4.3E-143,1.3E-138,L4
GAB1,0.694702884,0.821,0.734,4.2E-143,1.3E-138,L5/6-CC
EID2B,-0.610182886,0.193,0.256,3.8E-143,1.1E-138,ext
UQCRQ,-0.640466067,0.176,0.287,3.2E-143,9.4E-139,inb
RPS3,-0.511889164,0.383,0.502,3.0E-143,8.8E-139,inb
RTKN2,0.560360721,0.417,0.3,2.5E-143,7.6E-139,L2/3
SLC2A6,-0.970717615,0.209,0.335,2.5E-143,7.4E-139,L4
NDUFV1,-0.923755083,0.452,0.644,2.4E-143,7.2E-139,inb-pv
TXN,-0.677868404,0.293,0.432,2.4E-143,7.0E-139,L4
RAB3A,-1.104213052,0.206,0.441,2.3E-143,6.8E-139,inb-sst
PRMT8,-0.562618803,0.475,0.607,2.0E-143,6.0E-139,L4
TMEM151A,-0.90934122,0.22,0.31,1.9E-143,5.8E-139,L2/3
NEFM,-0.734783255,0.391,0.523,1.9E-143,5.5E-139,L4
AC103770.1,0.813359158,0.277,0.176,1.7E-143,5.2E-139,L2/3
SLC35B1,-0.877463618,0.164,0.29,1.5E-143,4.4E-139,L4
NDUFS6,-0.646250921,0.177,0.288,9.4E-144,2.8E-139,inb
EPHA6,0.659473552,0.896,0.835,8.7E-144,2.6E-139,inb-pv
MDH2,-0.723551626,0.163,0.269,6.9E-144,2.1E-139,inb
PRDX1,-0.601898297,0.334,0.475,6.8E-144,2.0E-139,L4
PMPCA,-0.552641454,0.241,0.306,6.5E-144,1.9E-139,ext
COPE,-0.720224365,0.228,0.363,6.4E-144,1.9E-139,L4
LY6E,-1.183951902,0.318,0.542,6.2E-144,1.8E-139,L5/6-CC
TUBA4A,-0.818903776,0.13,0.251,5.8E-144,1.7E-139,ast
ANKRD62,0.597761281,0.276,0.172,5.3E-144,1.6E-139,L2/3
CALM3,-0.69580293,0.702,0.812,4.3E-144,1.3E-139,inb-pv
EIF3K,-0.581881226,0.3,0.418,3.9E-144,1.2E-139,inb
COA3,-0.886173884,0.167,0.26,2.7E-144,7.9E-140,L2/3
GHR,0.525244013,0.484,0.426,2.0E-144,5.8E-140,ext
GPX4,-0.890713406,0.441,0.676,1.8E-144,5.2E-140,L5/6-CC
HSP90AA1,-0.637764207,0.803,0.862,1.6E-144,4.8E-140,inb-pv
ARPC3,-0.709899599,0.353,0.489,1.5E-144,4.4E-140,L4
MAZ,-0.798462297,0.272,0.362,1.0E-144,3.1E-140,L2/3
COPRS,-0.65858892,0.171,0.28,1.0E-144,3.1E-140,inb
TBRG1,-0.781928811,0.581,0.761,1.0E-144,3.0E-140,L5/6-CC
RBP4,-1.707115012,0.094,0.301,9.6E-145,2.9E-140,inb-sst
TMEM63B,-0.630203384,0.363,0.5,6.4E-145,1.9E-140,L4
SGCZ,-0.577501696,0.827,0.935,5.5E-145,1.6E-140,L5/6-CC
MZT2A,-0.567984851,0.394,0.483,4.6E-145,1.4E-140,L2/3
PRDX2,-0.858491561,0.169,0.295,4.3E-145,1.3E-140,ast
AGPAT1,-0.795578389,0.217,0.351,4.3E-145,1.3E-140,L4
IL7,0.505714096,0.326,0.258,3.5E-145,1.0E-140,ext
INTS1,-0.694657174,0.297,0.433,3.0E-145,8.8E-141,L4
RAB26,-0.696549202,0.207,0.317,2.9E-145,8.7E-141,inb
ATP6V0B,-1.026513058,0.399,0.597,2.9E-145,8.5E-141,inb-pv
DCAF11,-0.58628816,0.22,0.284,2.4E-145,7.3E-141,ext
RRP7A,-0.607600621,0.228,0.29,2.4E-145,7.1E-141,ext
SNHG29,-0.570033755,0.44,0.527,2.0E-145,5.8E-141,L2/3
NOC2L,-0.668673407,0.326,0.417,1.7E-145,5.0E-141,L2/3
VPS29,-0.638665517,0.347,0.487,1.6E-145,4.9E-141,L4
PDZD7,-0.508958891,0.284,0.35,1.6E-145,4.7E-141,ext
RNF217-AS1,0.634403255,0.453,0.346,1.5E-145,4.6E-141,L2/3
C3orf67-AS1,-0.547096186,0.364,0.475,1.3E-145,3.8E-141,L2/3
NOP56,-0.50816955,0.452,0.532,1.2E-145,3.5E-141,L2/3
SYT17,-0.521909574,0.296,0.364,1.2E-145,3.5E-141,ext
YIPF2,-0.644923712,0.195,0.259,9.9E-146,2.9E-141,ext
JCAD,-0.577979845,0.434,0.514,7.7E-146,2.3E-141,L2/3
SNCB,-0.541983457,0.3,0.421,5.9E-146,1.7E-141,inb
CDKN2D,-1.198356651,0.283,0.519,4.6E-146,1.4E-141,L5/6-CC
POLR2E,-0.852679137,0.194,0.326,4.3E-146,1.3E-141,L4
LCNL1,-0.84128239,0.225,0.321,3.8E-146,1.1E-141,L2/3
SNCG,-0.690802907,0.324,0.418,3.6E-146,1.1E-141,L2/3
TMED2,-0.841047053,0.206,0.34,2.5E-146,7.4E-142,L4
ZNF302,-0.555554004,0.312,0.431,2.4E-146,7.3E-142,inb
CSNK2B,-0.746132946,0.271,0.365,2.0E-146,6.0E-142,L2/3
CYCS,-1.000228892,0.395,0.599,1.8E-146,5.5E-142,inb-pv
ARFGAP2,-0.684719079,0.266,0.407,1.6E-146,4.6E-142,L4
NDUFAF3,-0.968137608,0.166,0.258,1.5E-146,4.6E-142,L2/3
RRAGA,-0.800740878,0.225,0.362,1.4E-146,4.1E-142,L4
MDH2,-0.819467595,0.219,0.354,1.3E-146,3.9E-142,L4
PDIA6,-0.74820484,0.213,0.325,1.2E-146,3.5E-142,inb
STMN4,-0.520010972,0.298,0.418,8.3E-147,2.5E-142,inb
SNORC,-1.098964095,0.173,0.295,8.0E-147,2.4E-142,ast
HRH2,-0.617855566,0.413,0.549,6.3E-147,1.9E-142,L4
TMEM59L,-0.978633024,0.608,0.745,6.1E-147,1.8E-142,L5/6
SFXN4,-0.50195401,0.316,0.381,6.1E-147,1.8E-142,ext
TUBA1A,-1.150561805,2.94E-01,4.99E-01,5.26E-147,1.56E-142,opc
FXYD1,-0.777517207,0.28,0.374,4.9E-147,1.4E-142,L2/3
P4HB,-0.504507943,0.286,0.352,4.5E-147,1.3E-142,ext
HSPA8,-1.053272415,0.309,0.554,2.9E-147,8.6E-143,inb-sst
WBP2,-0.576587391,0.4,0.54,1.9E-147,5.7E-143,L4
C1QTNF4,-1.391917199,0.126,0.347,1.8E-147,5.2E-143,inb-sst
POLR2E,-0.690922477,0.287,0.384,1.6E-147,4.7E-143,L2/3
EMC7,-0.931186952,0.18,0.309,1.6E-147,4.6E-143,L4
ZCRB1,-0.539696722,0.256,0.322,1.4E-147,4.1E-143,ext
COPS7A,-0.753398877,0.275,0.368,1.3E-147,3.8E-143,L2/3
TMEM59L,-0.897220195,0.416,0.637,1.1E-147,3.1E-143,inb-sst
TMEM14A,-0.60716258,0.388,0.53,9.2E-148,2.7E-143,L4
TOMM7,-0.515153434,0.284,0.411,8.2E-148,2.4E-143,inb
LTC4S,-1.394571826,0.143,0.314,5.3E-148,1.6E-143,micro
CENPV,-0.756036993,0.294,0.385,4.7E-148,1.4E-143,L2/3
RPL12,-0.608446232,0.244,0.367,3.4E-148,1.0E-143,inb
RXRB,-0.669311655,0.284,0.383,2.3E-148,6.8E-144,L2/3
AL591519.1,0.556718511,0.459,0.344,2.1E-148,6.3E-144,L2/3
PSMB5,-0.754941805,0.186,0.297,1.6E-148,4.9E-144,inb
ATG9A,-0.674395745,0.321,0.415,1.2E-148,3.5E-144,L2/3
RNF126,-0.733488116,0.278,0.372,8.1E-149,2.4E-144,L2/3
TUBB3,-0.753074754,0.148,0.277,8.0E-149,2.4E-144,ast
HSD11B1L,-0.803146093,0.22,0.354,6.5E-149,1.9E-144,L4
VKORC1,-0.950647719,0.13,0.253,5.8E-149,1.7E-144,L4
PIGQ,-0.53000243,0.443,0.524,5.4E-149,1.6E-144,L2/3
NDUFA5,-0.545412897,0.352,0.474,5.2E-149,1.6E-144,inb
NDUFV1,-0.877588199,0.482,0.699,5.0E-149,1.5E-144,L5/6-CC
YWHAH,-1.039592578,3.06E-01,5.27E-01,4.73E-149,1.41E-144,opc
NSUN5,-0.799491792,0.291,0.38,4.4E-149,1.3E-144,L2/3
TMED9,-0.827506902,0.227,0.322,4.0E-149,1.2E-144,L2/3
PCED1B,0.566167049,0.489,0.376,3.5E-149,1.0E-144,L2/3
MTLN,-0.583018611,0.211,0.278,3.5E-149,1.0E-144,ext
EEF1G,-0.702582817,0.246,0.385,3.0E-149,8.9E-145,L4
MAPK12,-0.604628099,0.211,0.276,3.0E-149,8.8E-145,ext
ASPHD2,-0.657289444,0.223,0.287,2.3E-149,6.9E-145,ext
MOGS,-1.137368024,0.145,0.269,2.3E-149,6.9E-145,L4
RPL7L1,-0.507749402,0.475,0.554,2.3E-149,6.7E-145,L2/3
MT3,-0.515211733,0.502,0.588,1.9E-149,5.5E-145,L2/3
TCEA2,-0.628197098,0.219,0.334,1.6E-149,4.7E-145,inb
IGSF8,-0.585031913,0.341,0.458,1.3E-149,4.0E-145,inb
TMEM9B,-0.71466254,0.298,0.391,1.3E-149,3.9E-145,L2/3
LDHB,-1.077413051,0.443,0.625,1.3E-149,3.9E-145,inb-pv
CX3CL1,-0.807497716,0.262,0.401,1.1E-149,3.3E-145,L4
LAPTM4B,-0.670334906,0.261,0.377,9.5E-150,2.8E-145,inb
EMC4,-1.082934501,0.148,0.272,9.4E-150,2.8E-145,L4
SPSB3,-0.86781889,0.16,0.265,9.4E-150,2.8E-145,inb
NDUFA12,-0.623999311,0.389,0.475,8.2E-150,2.4E-145,L2/3
CYFIP1,-0.634997868,0.628,0.764,7.5E-150,2.2E-145,micro
AC007038.1,0.540270466,0.41,0.287,7.3E-150,2.2E-145,L2/3
GABARAPL1,-0.590003019,0.464,0.596,6.4E-150,1.9E-145,L4
RNASEH2C,-0.698330816,0.324,0.417,3.5E-150,1.0E-145,L2/3
CIAO2B,-0.702023383,0.158,0.267,2.9E-150,8.5E-146,inb
AP2A1,-0.65890062,0.346,0.489,2.6E-150,7.7E-146,L4
SLC9A3-AS1,-0.901425737,0.208,0.302,1.5E-150,4.6E-146,L2/3
TTC9B,-1.25187573,0.134,0.366,1.5E-150,4.5E-146,inb-sst
ITM2C,-1.01652187,0.289,0.536,1.5E-150,4.4E-146,inb-sst
OGFR,-0.612420809,0.376,0.518,1.3E-150,4.0E-146,L4
SEMA5B,-0.530268663,0.506,0.586,1.2E-150,3.7E-146,L2/3
LINC02224,0.621220188,0.367,0.254,1.0E-150,3.0E-146,L2/3
AL590006.1,0.878832682,0.276,0.176,9.9E-151,3.0E-146,L2/3
AL390198.1,0.587630382,0.351,0.234,7.9E-151,2.3E-146,L2/3
VDAC1,-0.539130042,0.387,0.504,6.2E-151,1.8E-146,inb
TUBB3,-1.046961606,0.407,0.608,5.9E-151,1.8E-146,inb-pv
CCS,-0.819974127,0.267,0.406,5.2E-151,1.5E-146,L4
NPDC1,-0.975957441,0.462,0.622,5.1E-151,1.5E-146,inb-vip
MMP25-AS1,-0.568630435,0.224,0.29,5.0E-151,1.5E-146,ext
CHID1,-0.752243153,0.303,0.396,4.2E-151,1.2E-146,L2/3
PSRC1,-0.628264157,0.28,0.343,4.2E-151,1.2E-146,ext
C12orf57,-0.955752897,0.16,0.255,4.1E-151,1.2E-146,L2/3
BSG,-0.54849173,0.32,0.441,3.6E-151,1.1E-146,inb
MAGEF1,-0.784495397,0.26,0.356,3.0E-151,8.9E-147,L2/3
PHKG2,-0.571788673,0.236,0.303,2.3E-151,6.9E-147,ext
WDR54,-0.904962198,0.184,0.279,2.3E-151,6.8E-147,L2/3
LZTR1,-0.576637509,0.245,0.31,2.1E-151,6.3E-147,ext
MED10,-0.737707872,0.189,0.302,1.7E-151,5.0E-147,inb
ANKRD20A1,0.553932485,0.276,0.167,1.4E-151,4.1E-147,L2/3
SLC32A1,-1.395996023,0.203,0.421,1.0E-151,3.1E-147,inb-pv
SELENOO,-0.623917092,0.39,0.53,9.8E-152,2.9E-147,L4
CHCHD1,-0.850784041,0.201,0.298,9.3E-152,2.8E-147,L2/3
CSPG5,-0.817765018,0.255,0.394,8.8E-152,2.6E-147,L4
MIR646HG,0.635774843,0.473,0.36,8.1E-152,2.4E-147,L2/3
SMIM29,-1.050685768,0.173,0.302,7.5E-152,2.2E-147,L4
LRRTM3,0.529937139,5.59E-01,5.39E-01,7.09E-152,2.11E-147,oli
VAMP2,-0.970824724,3.58E-01,5.74E-01,4.80E-152,1.43E-147,opc
TUBB,-0.541976832,0.412,0.557,4.6E-152,1.4E-147,L4
HSPE1,-0.598742975,0.37,0.464,4.4E-152,1.3E-147,L2/3
MCRIP1,-0.749522419,0.161,0.271,4.2E-152,1.2E-147,inb
TMEM9B,-0.868463486,0.208,0.344,4.1E-152,1.2E-147,L4
MAPKAPK5-AS1,-0.824851512,0.218,0.315,3.8E-152,1.1E-147,L2/3
RHBDL3,0.627990659,0.553,0.429,3.2E-152,9.6E-148,L4
EIF4A1,-0.625117349,0.271,0.389,3.2E-152,9.5E-148,inb
PTPRS,-0.599232432,0.774,0.882,3.1E-152,9.3E-148,L5/6-CC
RASAL1,-0.929095031,0.167,0.298,3.0E-152,8.8E-148,L4
PSMD3,-0.599088992,0.381,0.472,2.1E-152,6.1E-148,L2/3
KRT10,-0.578407425,0.212,0.278,1.6E-152,4.7E-148,ext
ADCK5,-0.610868055,0.201,0.266,1.3E-152,3.9E-148,ext
TECR,-0.706151664,0.233,0.347,1.0E-152,3.1E-148,inb
PYURF,-1.215097955,0.145,0.269,9.3E-153,2.8E-148,L4
NDUFA4,-0.797472938,0.341,0.545,7.2E-153,2.1E-148,micro
SEPTIN4,-0.631810877,0.224,0.29,5.8E-153,1.7E-148,ext
BRSK1,-0.697764647,0.354,0.493,5.2E-153,1.5E-148,L4
PKDCC,-0.531371123,0.319,0.384,4.3E-153,1.3E-148,ext
HSPE1,-0.756477814,0.265,0.407,3.8E-153,1.1E-148,L4
AP2M1,-0.993957764,0.447,0.638,3.8E-153,1.1E-148,inb-pv
SPINT2,-0.616952255,0.359,0.475,3.1E-153,9.2E-149,inb
THY1,-0.869767597,0.675,0.8,2.7E-153,8.1E-149,L5/6
RANBP1,-0.809289356,0.164,0.274,2.5E-153,7.4E-149,inb
SCN1B,-0.603175066,0.274,0.394,2.5E-153,7.4E-149,inb
CDH18,0.574488673,0.913,0.891,2.2E-153,6.6E-149,L5/6-CC
RGS12,-0.59977573,0.533,0.614,2.2E-153,6.4E-149,L2/3
MZT2A,-0.721583427,0.24,0.382,1.9E-153,5.6E-149,L4
RTN2,-0.921508209,0.205,0.339,1.9E-153,5.6E-149,L4
EEF1A2,-0.62164105,0.301,0.417,1.8E-153,5.4E-149,inb
ABHD14A,-0.740155569,0.272,0.414,1.7E-153,5.1E-149,L4
GNAS,-0.535978888,0.859,0.905,1.7E-153,5.0E-149,inb-pv
FBXL6,-1.002652481,0.2,0.292,1.6E-153,4.8E-149,L2/3
GSTK1,-0.784619676,0.215,0.328,1.6E-153,4.6E-149,inb
MSC-AS1,0.69352124,0.588,0.48,1.4E-153,4.2E-149,L4
GSTM3,-0.878860455,0.235,0.33,1.1E-153,3.2E-149,L2/3
C19orf53,-0.92875197,0.142,0.271,9.6E-154,2.9E-149,L4
ADAMTS8,-1.080946383,0.129,0.253,8.8E-154,2.6E-149,L4
PDZD2,0.552561923,8.85E-01,8.63E-01,7.99E-154,2.37E-149,opc
COPS8,-0.729632544,0.236,0.379,7.8E-154,2.3E-149,L4
ACER2,0.529968273,0.383,0.259,6.9E-154,2.1E-149,L2/3
GAPDH,-1.039933434,4.63E-01,6.42E-01,6.73E-154,2.00E-149,opc
NDUFA12,-0.623922537,0.264,0.384,6.5E-154,1.9E-149,inb
C18orf32,-0.65331814,0.329,0.473,6.1E-154,1.8E-149,L4
COPS7A,-1.033972771,0.179,0.309,5.9E-154,1.8E-149,L4
SH3BGRL3,-1.030611108,0.129,0.254,5.8E-154,1.7E-149,L4
MAP1LC3A,-0.888482892,0.491,0.689,5.5E-154,1.6E-149,inb-pv
DPP7,-0.588882226,0.42,0.559,4.9E-154,1.5E-149,L4
MAP1LC3A,-0.884740004,0.346,0.604,3.3E-154,9.9E-150,inb-sst
C6orf136,-0.580799072,0.259,0.324,3.1E-154,9.2E-150,ext
GHITM,-0.548665765,0.421,0.561,3.0E-154,8.8E-150,L4
UBXN1,-0.97229468,0.151,0.28,2.7E-154,7.9E-150,L4
LRTM2,-0.953934576,0.184,0.279,2.5E-154,7.5E-150,L2/3
TIMM8B,-0.862759788,0.191,0.289,2.3E-154,6.9E-150,L2/3
MSMO1,-0.893038793,0.154,0.261,2.0E-154,5.9E-150,inb
PDCD6,-0.65982324,0.392,0.532,1.9E-154,5.8E-150,L4
SLC29A4,-0.788506984,0.184,0.296,1.8E-154,5.2E-150,inb
RPS24,-0.525428178,0.519,0.647,1.4E-154,4.3E-150,L4
LAMTOR4,-0.784928168,0.195,0.334,1.3E-154,3.8E-150,L4
UQCR10,-0.540818729,0.301,0.428,1.0E-154,3.0E-150,inb
UBA52,-0.633270015,0.275,0.424,8.7E-155,2.6E-150,L4
SARAF,-0.836602873,0.516,0.724,7.2E-155,2.1E-150,inb-sst
KMT5A,-0.535514919,0.292,0.359,6.1E-155,1.8E-150,ext
NDUFS7,-0.717493646,0.199,0.315,5.6E-155,1.7E-150,inb
REXO2,-0.545631108,0.254,0.324,4.9E-155,1.5E-150,ext
HAGHL,-0.837328398,0.248,0.388,4.5E-155,1.3E-150,L4
SAP18,-0.69475004,0.228,0.348,4.4E-155,1.3E-150,inb
FTL,-0.810531742,0.589,0.744,4.1E-155,1.2E-150,inb-pv
ATP1B1,-0.647831292,0.784,0.88,2.8E-155,8.4E-151,inb-sst
CYC1,-1.501652518,0.183,0.397,2.0E-155,5.9E-151,inb-pv
NDUFB3,-1.216390378,0.14,0.264,1.8E-155,5.5E-151,L4
MZT1,-0.545882867,0.237,0.306,1.6E-155,4.7E-151,ext
VSNL1,-0.880757701,0.347,0.54,1.6E-155,4.7E-151,micro
NDUFAB1,-0.655790203,0.225,0.345,1.4E-155,4.2E-151,inb
ARHGAP29,-0.591913291,0.255,0.36,1.2E-155,3.7E-151,L2/3
UQCRC1,-0.689926778,0.245,0.362,1.2E-155,3.6E-151,inb
ATP6V0C,-0.920747703,0.47,0.686,1.2E-155,3.5E-151,inb-sst
CYP51A1,-0.608899853,0.386,0.53,1.1E-155,3.3E-151,L4
CFAP161,0.657089898,0.408,0.291,8.3E-156,2.5E-151,L2/3
NDUFS8,-0.83431791,0.23,0.369,7.2E-156,2.2E-151,L4
WDR46,-0.900929806,0.158,0.29,5.1E-156,1.5E-151,L4
NDUFS5,-0.526166655,0.308,0.441,4.9E-156,1.5E-151,inb
GCNT4,-0.563236473,0.479,0.557,4.8E-156,1.4E-151,L2/3
AL583827.1,-0.66032189,0.264,0.329,4.2E-156,1.2E-151,ext
SFTA1P,-0.876319152,0.177,0.278,3.9E-156,1.2E-151,L2/3
ARFRP1,-0.528539682,0.231,0.3,3.5E-156,1.0E-151,ext
NDUFS3,-0.86482834,0.203,0.34,3.2E-156,9.6E-152,L4
EIF4A1,-0.646430436,0.331,0.475,3.2E-156,9.6E-152,L4
TGOLN2,-0.606225481,0.39,0.537,3.2E-156,9.5E-152,L4
ARHGDIA,-0.719111809,0.251,0.393,3.1E-156,9.3E-152,L4
RAB26,-0.584434754,0.493,0.569,3.1E-156,9.3E-152,L2/3
SCG5,-0.991081886,0.555,0.684,2.7E-156,8.0E-152,inb-vip
ERG28,-1.12699027,0.133,0.259,2.5E-156,7.3E-152,L4
NPDC1,-0.78242268,0.595,0.775,2.2E-156,6.5E-152,L5/6-CC
SCG2,-1.410685816,0.228,0.465,2.1E-156,6.3E-152,inb-sst
AC016687.2,0.869145932,0.454,0.327,2.0E-156,5.8E-152,L4
NDUFA3,-0.708009302,0.34,0.433,1.9E-156,5.5E-152,L2/3
TRAPPC1,-0.918810803,0.149,0.279,1.9E-156,5.5E-152,L4
FADS3,-0.753226543,0.307,0.446,1.7E-156,5.2E-152,L4
H1FX,-0.88640934,0.169,0.278,1.6E-156,4.7E-152,inb
BRK1,-1.054747564,0.409,0.64,1.4E-156,4.1E-152,L5/6-CC
CCK,-0.557791505,0.378,0.532,1.4E-156,4.1E-152,ast
SLC35B1,-0.699083805,0.29,0.39,9.3E-157,2.8E-152,L2/3
NDUFS2,-0.638214889,0.313,0.433,8.9E-157,2.6E-152,inb
ARF3,-0.552683279,0.339,0.464,7.0E-157,2.1E-152,inb
ZSCAN18,-0.673643679,0.247,0.365,6.8E-157,2.0E-152,inb
SLC29A4,-1.009371772,0.188,0.283,6.4E-157,1.9E-152,L2/3
PCP4,-1.100675184,0.298,0.436,6.4E-157,1.9E-152,L4
TUBG2,-0.533305237,0.481,0.557,5.9E-157,1.7E-152,L2/3
CHKB,-0.828114951,0.19,0.301,5.2E-157,1.5E-152,inb
LINC00326,0.722788556,0.555,0.484,3.9E-157,1.1E-152,L2/3
METTL3,-0.546062948,0.245,0.313,3.6E-157,1.1E-152,ext
CES4A,-0.878020839,0.541,0.729,3.5E-157,1.0E-152,L5/6-CC
EGR3,-0.607168695,0.198,0.265,3.2E-157,9.6E-153,ext
AC096576.3,0.990377412,0.382,0.26,3.2E-157,9.6E-153,L4
EIF5,-0.541692902,0.483,0.621,2.5E-157,7.5E-153,L4
TAF9,-0.66209003,0.203,0.269,1.8E-157,5.3E-153,ext
CADM4,-0.813245396,0.203,0.315,1.5E-157,4.6E-153,inb
PKM,-0.859480433,0.591,0.742,1.2E-157,3.5E-153,inb-pv
NUDC,-0.68468555,0.318,0.463,1.1E-157,3.3E-153,L4
TMEM132A,-0.733482031,0.208,0.323,1.0E-157,3.1E-153,inb
RAB5C,-0.690293615,0.333,0.426,8.7E-158,2.6E-153,L2/3
DISC1,0.740004741,0.297,0.192,7.7E-158,2.3E-153,L2/3
ATXN7L3B,-0.575369149,0.364,0.43,7.2E-158,2.1E-153,ext
POLDIP2,-0.548835806,0.255,0.324,6.1E-158,1.8E-153,ext
SH3GLB2,-0.583420262,0.345,0.492,6.0E-158,1.8E-153,L4
DAGLA,-0.506704458,0.299,0.368,4.9E-158,1.4E-153,ext
SLC3A2,-0.668481951,0.228,0.346,4.0E-158,1.2E-153,inb
ATP6V0B,-1.114046817,0.378,0.563,3.8E-158,1.1E-153,inb-vip
ATP5MD,-0.50402139,0.4,0.525,3.7E-158,1.1E-153,inb
DDN,-0.638341781,0.206,0.273,3.7E-158,1.1E-153,ext
KATNB1,-0.507503536,0.276,0.346,2.3E-158,6.7E-154,ext
ARHGDIG,-1.199195696,0.241,0.468,2.2E-158,6.4E-154,inb-pv
RPL30,-0.619755184,0.384,0.531,2.0E-158,5.9E-154,L4
PDGFD,-0.985076383,0.22,0.321,1.7E-158,5.0E-154,L2/3
TMEM151A,-1.022311013,0.157,0.286,1.6E-158,4.7E-154,L4
SLC1A6,-0.991247929,0.179,0.276,1.5E-158,4.5E-154,L2/3
CCDC24,-0.598207628,0.405,0.493,1.3E-158,3.8E-154,L2/3
PEF1,-0.571098691,0.187,0.254,9.5E-159,2.8E-154,ext
SARAF,-0.869815471,0.577,0.738,8.1E-159,2.4E-154,inb-pv
POMP,-0.610715961,0.336,0.488,7.2E-159,2.2E-154,L4
SLC32A1,-1.484395132,0.165,0.372,6.7E-159,2.0E-154,inb-vip
AC021231.1,0.64283273,0.32,0.207,6.5E-159,1.9E-154,L2/3
ACOT8,-0.577354407,0.237,0.305,4.7E-159,1.4E-154,ext
TUBA4A,-1.012998512,0.4,0.645,4.7E-159,1.4E-154,L5/6-CC
GPS1,-0.579507273,0.23,0.299,4.0E-159,1.2E-154,ext
PRDX5,-0.991004687,0.151,0.284,3.8E-159,1.1E-154,ast
CCDC85B,-0.993865849,0.324,0.563,3.4E-159,1.0E-154,inb-pv
GTF3A,-0.554093138,0.476,0.556,2.8E-159,8.4E-155,L2/3
EGR1,-0.84694141,0.173,0.274,2.1E-159,6.3E-155,L2/3
TMEM50A,-0.555608959,0.501,0.575,2.0E-159,6.0E-155,L2/3
LRRC47,-0.588545917,0.206,0.274,1.9E-159,5.6E-155,ext
DMWD,-0.523215919,0.281,0.349,1.8E-159,5.5E-155,ext
RPS2,-0.556510337,0.306,0.433,1.8E-159,5.5E-155,inb
SLC7A2,1.011189304,0.314,0.188,1.6E-159,4.8E-155,ast
AL161772.1,-0.977717535,0.168,0.265,1.6E-159,4.7E-155,L2/3
RASGRP1,-0.75745354,0.296,0.44,1.3E-159,3.8E-155,L4
CDIPT,-0.822642783,0.21,0.352,1.2E-159,3.6E-155,L4
ZSCAN18,-0.630726048,0.364,0.51,1.1E-159,3.3E-155,L4
DIRAS1,-0.606558554,0.253,0.378,1.0E-159,3.1E-155,inb
SMDT1,-0.792337954,0.255,0.355,9.8E-160,2.9E-155,L2/3
RPS19BP1,-0.770912767,0.182,0.324,8.9E-160,2.6E-155,L4
TUBA1A,-1.061860915,0.318,0.573,6.3E-160,1.9E-155,inb-sst
IL34,-0.638268132,0.237,0.305,5.8E-160,1.7E-155,ext
M6PR,-0.555609728,0.46,0.54,4.4E-160,1.3E-155,L2/3
PABPN1,-0.521759746,0.527,0.658,4.0E-160,1.2E-155,L4
COMMD2,-0.559113502,0.304,0.374,3.3E-160,9.8E-156,ext
NUDC,-0.568601166,0.467,0.551,3.0E-160,9.0E-156,L2/3
BAD,-0.962796156,0.151,0.284,3.0E-160,8.9E-156,L4
DCTN2,-0.747648993,0.316,0.459,3.0E-160,8.8E-156,L4
PET100,-0.907357131,0.193,0.33,2.6E-160,7.8E-156,L4
SMIM29,-0.874193929,0.23,0.328,1.4E-160,4.2E-156,L2/3
AMPH,0.567011317,0.901,0.875,1.4E-160,4.1E-156,L5/6-CC
RPS8,-0.584659863,0.369,0.495,1.3E-160,4.0E-156,inb
DISP1,0.62897325,0.369,0.251,1.3E-160,3.9E-156,L2/3
HSP90AB1,-0.755295092,0.753,0.839,1.1E-160,3.2E-156,inb-pv
VPS28,-0.728754336,0.279,0.427,1.0E-160,3.1E-156,L4
LAMA4,0.591595551,0.263,0.192,6.5E-161,1.9E-156,ext
STRAP,-0.632719423,0.387,0.533,5.4E-161,1.6E-156,L4
COPS6,-0.71894313,0.227,0.348,4.8E-161,1.4E-156,inb
VCAN,0.518232325,9.22E-01,9.20E-01,3.12E-161,9.27E-157,opc
SSTR2,-0.637117876,0.34,0.402,2.9E-161,8.6E-157,ext
PEBP1,-0.773220724,0.697,0.81,2.5E-161,7.3E-157,inb-pv
NDUFS6,-0.771581604,0.225,0.37,2.3E-161,7.0E-157,L4
LMF2,-0.508297487,0.249,0.319,2.1E-161,6.3E-157,ext
FKBP5,1.134463766,0.469,0.304,1.9E-161,5.8E-157,micro
GSTO1,-0.506167624,0.299,0.368,1.3E-161,4.0E-157,ext
TTYH1,-1.033368504,0.392,0.63,1.2E-161,3.6E-157,L5/6-CC
GNB2,-0.516503013,0.297,0.366,9.2E-162,2.7E-157,ext
FSCN1,-0.776994284,0.191,0.333,9.0E-162,2.7E-157,L4
FSIP2-AS1,0.528533086,0.304,0.231,8.1E-162,2.4E-157,ext
RPS6,-0.597472663,0.456,0.547,7.8E-162,2.3E-157,L2/3
QTRT1,-0.632510414,0.383,0.529,7.3E-162,2.2E-157,L4
SSU72,-0.707179163,0.313,0.461,6.4E-162,1.9E-157,L4
EIF5A,-0.650844694,0.201,0.27,6.1E-162,1.8E-157,ext
ATP6V1G1,-0.658882836,0.265,0.391,5.6E-162,1.7E-157,inb
NDUFB8,-0.817355443,0.607,0.795,4.6E-162,1.4E-157,L5/6-CC
PSMB5,-0.726734789,0.267,0.415,4.3E-162,1.3E-157,L4
AL138828.1,-0.539485464,0.433,0.534,3.5E-162,1.0E-157,L2/3
OAZ1,-0.794512337,0.607,0.804,2.5E-162,7.5E-158,L5/6-CC
NSMF,-0.53151952,0.481,0.566,1.8E-162,5.5E-158,L2/3
VGF,-1.513525928,0.201,0.409,1.7E-162,5.0E-158,inb-vip
TMSB10,-1.044295206,3.01E-01,5.36E-01,1.49E-162,4.43E-158,opc
FEZ1,-0.559926448,0.492,0.628,1.5E-162,4.3E-158,L4
DLGAP1-AS5,0.900898441,0.302,0.196,1.3E-162,4.0E-158,L2/3
GAPDH,-1.201593934,0.576,0.751,1.2E-162,3.5E-158,L5/6
TMA7,-0.562164611,0.345,0.476,1.1E-162,3.2E-158,inb
PCP4,-0.773472362,0.27,0.38,1.0E-162,3.1E-158,L2/3
ARF1,-0.567750334,0.491,0.636,8.4E-163,2.5E-158,L4
CES4A,-0.662743679,0.271,0.394,6.5E-163,1.9E-158,inb
C2CD2L,-0.513723564,0.291,0.361,4.9E-163,1.5E-158,ext
RHOB,-0.864709827,0.211,0.353,4.7E-163,1.4E-158,L4
TRAPPC2L,-0.923569164,0.17,0.269,4.2E-163,1.3E-158,L2/3
SCAND1,-0.9151965,0.123,0.253,3.2E-163,9.4E-159,L4
PFDN5,-0.504401587,0.342,0.474,2.6E-163,7.6E-159,inb
CKB,-0.812750547,0.693,0.777,2.1E-163,6.2E-159,inb-vip
PEX16,-0.898271854,0.186,0.287,1.9E-163,5.6E-159,L2/3
PHPT1,-0.860404391,0.143,0.253,1.8E-163,5.4E-159,inb
TUBGCP4,-0.625985229,0.381,0.476,1.5E-163,4.5E-159,L2/3
GSS,-0.59857587,0.215,0.285,1.2E-163,3.6E-159,ext
RPL6,-1.146235231,0.491,0.711,1.1E-163,3.3E-159,L5/6-CC
AC002429.2,-0.564173533,0.619,0.714,1.1E-163,3.2E-159,ast
GADD45GIP1,-0.830853387,0.161,0.299,1.0E-163,3.0E-159,L4
MRPS36,-0.560367948,0.268,0.337,8.7E-164,2.6E-159,ext
DCTN2,-0.703896182,0.267,0.389,8.4E-164,2.5E-159,inb
BCAS2,-0.566543074,0.253,0.324,8.0E-164,2.4E-159,ext
GGT7,-0.521777156,0.519,0.646,6.4E-164,1.9E-159,L4
ARHGEF2,-0.720046447,0.316,0.461,6.3E-164,1.9E-159,L4
POT1-AS1,0.583613257,0.471,0.355,5.4E-164,1.6E-159,L2/3
PLEKHA5,0.814032387,0.436,0.296,4.0E-164,1.2E-159,ast
ATP1B1,-0.587815045,0.872,0.946,3.8E-164,1.1E-159,L5/6-CC
ATP6V0E2,-0.939062472,0.499,0.722,3.6E-164,1.1E-159,L5/6-CC
LIMD2,-0.918065899,0.208,0.349,3.3E-164,9.9E-160,L4
RPS16,-0.650756537,0.37,0.474,2.8E-164,8.3E-160,L2/3
ACAA1,-0.573680458,0.443,0.528,1.8E-164,5.4E-160,L2/3
ATP6V0B,-1.001857422,0.495,0.706,1.3E-164,3.8E-160,L5/6-CC
ADGRA1,-0.504926426,0.369,0.434,1.2E-164,3.7E-160,ext
JPT1,-0.93331228,0.204,0.345,1.2E-164,3.6E-160,L4
HSPA8,-0.949769688,0.259,0.464,9.0E-165,2.7E-160,micro
SCG5,-0.967144159,0.451,0.679,9.0E-165,2.7E-160,inb-sst
ATP6V0C,-0.845487865,0.671,0.825,8.5E-165,2.5E-160,L5/6-CC
LINC02646,0.93427223,0.258,0.155,7.6E-165,2.3E-160,L2/3
MPG,-0.805888578,0.149,0.261,7.4E-165,2.2E-160,inb
NDRG2,-0.592246765,0.583,0.69,4.3E-165,1.3E-160,ast
RPS19,-0.620838616,0.388,0.539,3.9E-165,1.2E-160,L4
MLLT11,-0.625400019,0.284,0.413,3.3E-165,1.0E-160,inb
ARHGAP33,-0.551098188,0.263,0.333,2.9E-165,8.7E-161,ext
NDUFB2,-0.549878346,0.3,0.432,1.7E-165,5.0E-161,inb
GRASP,-0.774744229,0.202,0.347,1.2E-165,3.7E-161,L4
NDUFA4,-0.948805976,0.575,0.737,1.2E-165,3.7E-161,inb-pv
KLC2,-0.589836449,0.459,0.54,1.0E-165,3.1E-161,L2/3
TMEM258,-0.808504418,0.236,0.341,9.2E-166,2.7E-161,L2/3
CBX6,-0.597637113,0.435,0.584,7.6E-166,2.3E-161,L4
RNASEK,-1.137926024,0.345,0.569,7.3E-166,2.2E-161,inb-pv
TTC28,0.573282272,0.68,0.614,6.0E-166,1.8E-161,L4
THY1,-0.866266964,0.556,0.704,6.0E-166,1.8E-161,inb-vip
KAT2B,0.521353681,0.48,0.355,4.9E-166,1.5E-161,L2/3
ZFYVE21,-0.737333879,0.32,0.47,2.6E-166,7.6E-162,L4
ZNF354A,-0.592633329,0.255,0.325,1.7E-166,4.9E-162,ext
LGI3,-0.503212993,0.302,0.372,1.3E-166,3.9E-162,ext
C1QBP,-0.789747292,0.28,0.38,1.3E-166,3.8E-162,L2/3
MRPL4,-0.84362227,0.151,0.264,1.1E-166,3.3E-162,inb
NUDCD2,-0.529853684,0.317,0.387,9.1E-167,2.7E-162,ext
SERF2,-0.57976588,0.233,0.362,8.2E-167,2.4E-162,inb
CUEDC2,-1.008181435,0.158,0.293,7.8E-167,2.3E-162,L4
MATN2,0.612083718,0.306,0.189,7.4E-167,2.2E-162,L2/3
ARHGAP10,-0.535362632,0.405,0.468,6.0E-167,1.8E-162,ext
CORO7,-0.524220279,0.292,0.363,4.1E-167,1.2E-162,ext
TMEM59L,-0.940070309,0.517,0.696,3.4E-167,1.0E-162,inb-pv
NME2,-0.579516299,0.282,0.413,3.3E-167,9.9E-163,inb
PDAP1,-0.541636653,0.27,0.341,3.2E-167,9.5E-163,ext
AKR1B1,-0.689191108,0.19,0.259,3.0E-167,8.8E-163,ext
TRIR,-0.675497837,0.355,0.451,2.2E-167,6.4E-163,L2/3
MED8,-0.77381337,0.26,0.363,2.1E-167,6.1E-163,L2/3
FIS1,-0.639273018,0.195,0.32,1.7E-167,5.1E-163,inb
HID1,-0.568303036,0.324,0.392,1.4E-167,4.1E-163,ext
TPI1,-1.186862023,0.331,0.56,1.0E-167,3.1E-163,inb-pv
MRPS15,-0.687476138,0.188,0.256,8.1E-168,2.4E-163,ext
CACYBP,-0.664937094,0.393,0.486,8.0E-168,2.4E-163,L2/3
MMD2,-0.588570825,0.471,0.608,7.6E-168,2.3E-163,ast
ULK3,-0.746414336,0.363,0.504,7.1E-168,2.1E-163,L4
SCN9A,0.738909523,0.302,0.191,5.2E-168,1.5E-163,L2/3
CHMP2A,-1.004232162,0.178,0.278,4.5E-168,1.3E-163,L2/3
UNC45A,-0.843717373,0.245,0.39,4.1E-168,1.2E-163,L4
TMEM132C,0.57013983,0.415,0.293,4.1E-168,1.2E-163,L2/3
FNDC5,-0.978584843,0.211,0.353,3.8E-168,1.1E-163,L4
MRI1,-0.527828377,0.313,0.382,3.6E-168,1.1E-163,ext
TMEM205,-1.184882032,0.372,0.617,3.5E-168,1.0E-163,L5/6-CC
VGF,-1.736778535,0.116,0.35,3.2E-168,9.4E-164,inb-sst
ATF6B,-0.727888097,0.321,0.468,2.5E-168,7.5E-164,L4
VWA5B2,-0.837839243,0.257,0.404,2.5E-168,7.5E-164,L4
VASH1,-0.545557805,0.286,0.356,2.4E-168,7.1E-164,ext
MICOS10,-0.688002987,0.368,0.519,2.2E-168,6.4E-164,L4
PINK1,-0.611543536,0.257,0.385,1.9E-168,5.6E-164,inb
ZFAND2B,-0.822130041,0.244,0.348,1.7E-168,5.0E-164,L2/3
TUBB3,-1.054480489,0.421,0.659,1.7E-168,4.9E-164,L5/6-CC
CNTLN,0.571880167,0.28,0.206,1.4E-168,4.2E-164,ext
FARSA,-0.710177233,0.305,0.406,1.0E-168,3.1E-164,L2/3
PLXDC2,0.605742015,0.926,0.891,7.5E-169,2.2E-164,L5/6-CC
NDUFA8,-0.844093102,0.239,0.386,6.3E-169,1.9E-164,L4
HSBP1,-0.744051254,0.219,0.342,6.2E-169,1.8E-164,inb
PPP1R35,-1.009017183,0.196,0.295,6.1E-169,1.8E-164,L2/3
ENO1,-0.626266497,0.281,0.408,3.7E-169,1.1E-164,inb
COPE,-0.717970762,0.348,0.442,3.7E-169,1.1E-164,L2/3
RPL14,-0.528978338,0.443,0.569,3.0E-169,8.9E-165,inb
PDCD7,-0.554721931,0.64,0.671,2.6E-169,7.8E-165,L2/3
FBXL15,-0.753797072,0.207,0.353,2.2E-169,6.5E-165,L4
RCN2,-0.632383976,0.42,0.563,2.1E-169,6.2E-165,L4
EPHB6,-0.89174898,0.481,0.711,1.8E-169,5.3E-165,inb-sst
NT5C3B,-0.88880731,0.213,0.358,1.7E-169,5.0E-165,L4
TKT,-0.730623868,0.233,0.354,1.5E-169,4.6E-165,inb
ANKRD9,-1.019087793,0.179,0.278,1.4E-169,4.3E-165,L2/3
EEF2,-0.68867895,0.357,0.506,1.3E-169,4.0E-165,L4
POLR2C,-0.626976874,0.23,0.3,1.1E-169,3.1E-165,ext
CALM3,-0.576770111,0.396,0.546,1.0E-169,3.1E-165,ast
MRPS21,-0.748990772,0.323,0.473,9.9E-170,2.9E-165,L4
OVCH1,0.677332145,0.26,0.151,8.6E-170,2.5E-165,L2/3
NDUFB5,-0.746838107,0.239,0.362,8.3E-170,2.5E-165,inb
C18orf32,-0.681801627,0.298,0.423,7.8E-170,2.3E-165,inb
DALRD3,-1.029336472,0.157,0.295,7.3E-170,2.2E-165,L4
CDK5RAP3,-0.800682804,0.277,0.427,6.7E-170,2.0E-165,L4
CKB,-0.836292174,0.409,0.603,6.2E-170,1.8E-165,micro
TPRG1L,-0.757755278,0.29,0.394,5.1E-170,1.5E-165,L2/3
UBA52,-0.612336203,0.399,0.499,4.3E-170,1.3E-165,L2/3
PPIB,-0.721443105,0.197,0.264,3.5E-170,1.0E-165,ext
UBC,-0.832634793,0.361,0.571,3.2E-170,9.6E-166,micro
C12orf76,-0.532455828,0.487,0.571,2.8E-170,8.2E-166,L2/3
SNHG7,-0.945272811,0.222,0.367,2.6E-170,7.6E-166,L4
ARL6IP5,-0.667506349,0.456,0.594,1.9E-170,5.6E-166,L4
PSRC1,-0.740873982,0.386,0.476,1.8E-170,5.5E-166,L2/3
NDUFS2,-0.682453897,0.374,0.518,1.3E-170,4.0E-166,L4
METTL26,-0.830884446,0.161,0.277,8.8E-171,2.6E-166,inb
CNPY2,-0.590549233,0.305,0.436,8.4E-171,2.5E-166,inb
SNU13,-0.576334688,0.274,0.406,6.8E-171,2.0E-166,inb
PPP1R11,-0.648267976,0.199,0.269,6.5E-171,1.9E-166,ext
C1orf216,-0.867486246,0.226,0.371,6.1E-171,1.8E-166,L4
MVD,-0.727927516,0.316,0.465,5.8E-171,1.7E-166,L4
EXPH5,-1.485063359,0.142,0.391,4.3E-171,1.3E-166,L5/6-CC
CEBPB,-0.720422884,0.222,0.289,4.3E-171,1.3E-166,ext
NEFM,-0.667798987,0.58,0.627,3.2E-171,9.5E-167,L2/3
EIF1B,-0.622048111,0.413,0.565,3.2E-171,9.5E-167,L4
VWC2L,0.695035097,0.28,0.169,2.6E-171,7.7E-167,L2/3
NME3,-0.610100528,0.372,0.524,2.5E-171,7.3E-167,L4
RPL22,-0.655416265,0.408,0.558,1.9E-171,5.7E-167,L4
ILF2,-0.716339565,0.184,0.253,1.5E-171,4.5E-167,ext
CYP46A1,-0.599739801,0.339,0.466,1.4E-171,4.0E-167,inb
C1orf43,-0.813295664,0.262,0.41,1.2E-171,3.5E-167,L4
VPS51,-0.620419088,0.419,0.51,1.2E-171,3.4E-167,L2/3
SRM,-0.842264824,0.3,0.396,1.0E-171,3.1E-167,L2/3
FDPS,-0.705684117,0.226,0.348,1.0E-171,3.1E-167,inb
MDH1,-0.915451968,0.279,0.418,9.2E-172,2.7E-167,ast
MIEN1,-0.973580979,0.173,0.276,8.8E-172,2.6E-167,L2/3
BNIP3,-0.543996825,0.524,0.601,6.2E-172,1.8E-167,L2/3
PEX11B,-0.636055429,0.2,0.271,5.9E-172,1.7E-167,ext
DUSP6,-0.55694377,0.183,0.255,4.6E-172,1.4E-167,ext
CCDC107,-0.918925454,0.198,0.301,4.2E-172,1.2E-167,L2/3
NCBP2AS2,-0.992247411,0.126,0.26,3.4E-172,1.0E-167,L4
NAT8L,-0.505774201,0.558,0.634,3.0E-172,8.8E-168,L2/3
TUBA1A,-1.208384656,0.383,0.599,2.5E-172,7.5E-168,inb-pv
EIF3K,-0.655370813,0.352,0.504,2.0E-172,5.8E-168,L4
CALB1,-1.250201913,0.153,0.252,1.9E-172,5.6E-168,L2/3
FBXW5,-0.861111365,0.139,0.252,1.9E-172,5.5E-168,inb
FBXL15,-0.876365882,0.156,0.271,1.6E-172,4.8E-168,inb
DPM2,-0.930797451,0.198,0.301,1.41E-172,4.20E-168,L2/3
SLC22A17,-0.517200964,0.595,0.713,1.3E-172,4.0E-168,L4
PTPRS,-0.566385771,0.563,0.683,1.1E-172,3.3E-168,L4
FXYD6,-0.698954554,0.758,0.82,9.5E-173,2.8E-168,inb-vip
VDAC3,-0.525855499,0.456,0.574,9.4E-173,2.8E-168,inb
RELL2,-0.947017545,0.17,0.284,8.7E-173,2.6E-168,inb
TMSB10,-0.815492889,0.424,0.62,6.6E-173,2.0E-168,micro
OAZ1,-1.008923155,0.463,0.676,5.3E-173,1.6E-168,inb-pv
SERPINF1,-1.123580448,0.14,0.274,4.8E-173,1.4E-168,L4
LY6H,-1.335433804,0.292,0.524,4.7E-173,1.4E-168,inb-pv
TUBB4A,-0.685556413,0.325,0.475,4.7E-173,1.4E-168,L4
MIF,-0.563319004,0.395,0.527,4.2E-173,1.2E-168,inb
YJEFN3,-0.809067661,0.214,0.363,4.1E-173,1.2E-168,L4
NDUFB9,-0.804699264,0.201,0.324,3.6E-173,1.1E-168,inb
CNPY2,-0.722123363,0.365,0.515,3.0E-173,9.0E-169,L4
NEIL1,-0.768221343,0.325,0.472,2.9E-173,8.6E-169,L4
KAZN,0.709970688,5.07E-01,4.80E-01,2.50E-173,7.44E-169,oli
SLC25A39,-0.617141333,0.239,0.31,2.4E-173,7.1E-169,ext
VPS9D1,-0.675645525,0.317,0.443,1.5E-173,4.5E-169,inb
ADAMTSL1,0.549573271,0.421,0.342,1.4E-173,4.1E-169,ext
TMEM155,-0.840903626,0.184,0.334,1.3E-173,3.9E-169,L4
HSBP1,-0.803166813,0.255,0.407,1.3E-173,3.8E-169,L4
NAT9,-0.996042268,0.19,0.334,1.1E-173,3.2E-169,L4
NDUFA3,-0.93543793,0.217,0.363,9.9E-174,2.9E-169,L4
NCBP2AS2,-0.87460418,0.198,0.305,7.41E-174,2.20E-169,L2/3
RAD23A,-0.820486024,0.202,0.322,6.9E-174,2.0E-169,inb
RAB27A,0.650366897,0.376,0.249,6.67E-174,1.98E-169,L2/3
EMC7,-0.896180688,0.152,0.266,5.9E-174,1.8E-169,inb
KCNK4,-0.92101108,0.2,0.304,4.82E-174,1.43E-169,L2/3
GOT1,-0.576014579,0.387,0.513,4.7E-174,1.4E-169,inb
FAHD2B,-0.614164057,0.209,0.282,4.6E-174,1.4E-169,ext
HSPA5,-0.804073033,0.244,0.366,4.5E-174,1.3E-169,inb
TGOLN2,-0.555246729,0.504,0.587,3.44E-174,1.02E-169,L2/3
COPS8,-0.655287478,0.366,0.465,2.59E-174,7.69E-170,L2/3
MFSD4A,-0.668282324,0.409,0.557,2.4E-174,7.2E-170,L4
FLG-AS1,-0.771722148,0.145,0.264,2.3E-174,6.9E-170,inb
KCNQ1OT1,-0.646021469,0.498,0.635,2.1E-174,6.1E-170,L4
TMEM175,-0.687037982,0.355,0.507,1.7E-174,5.0E-170,L4
GGCT,-0.571757665,0.468,0.557,1.21E-174,3.59E-170,L2/3
VWA5B2,-0.587563677,0.484,0.565,9.74E-175,2.90E-170,L2/3
SPCS2,-0.63612205,0.348,0.475,8.0E-175,2.4E-170,inb
STX1A,-0.723754831,0.199,0.322,5.5E-175,1.6E-170,inb
GPC5,0.581904312,0.534,0.422,4.88E-175,1.45E-170,L2/3
SHFL,-0.835432106,0.276,0.425,4.8E-175,1.4E-170,L4
PNMA1,-0.855396428,0.259,0.409,4.7E-175,1.4E-170,L4
NDUFB8,-0.895506496,0.569,0.734,4.4E-175,1.3E-170,inb-pv
PEBP1,-0.774676187,0.755,0.894,4.2E-175,1.2E-170,L5/6-CC
PTGES2,-0.895526983,0.15,0.265,4.1E-175,1.2E-170,inb
RPS9,-0.625299929,0.354,0.508,3.7E-175,1.1E-170,L4
CGREF1,-0.953127927,0.22,0.367,3.5E-175,1.0E-170,L4
MIF,-0.591184608,0.404,0.557,3.2E-175,9.4E-171,L4
NDUFS8,-0.777626357,0.203,0.324,2.7E-175,8.1E-171,inb
CARMIL2,-0.688935266,0.233,0.304,2.3E-175,7.0E-171,ext
TMEM259,-0.620192949,0.319,0.449,1.8E-175,5.3E-171,inb
FMNL1,-0.814306146,0.28,0.383,1.65E-175,4.90E-171,L2/3
STMN4,-0.58994954,0.431,0.582,1.3E-175,3.7E-171,L4
RPL27,-0.672027529,0.408,0.504,1.24E-175,3.69E-171,L2/3
RHOT2,-0.693339482,0.24,0.366,1.2E-175,3.7E-171,inb
ILF3-DT,-0.687332799,0.198,0.269,1.2E-175,3.6E-171,ext
OTUB1,-0.622404904,0.389,0.488,1.12E-175,3.34E-171,L2/3
CXCL14,-1.397737671,0.605,0.739,8.4E-176,2.5E-171,inb-vip
HAX1,-0.931732022,0.141,0.255,6.6E-176,2.0E-171,inb
LRPAP1,-0.757979884,0.256,0.379,5.5E-176,1.6E-171,inb
NDUFA12,-0.800725262,0.279,0.433,3.6E-176,1.1E-171,L4
DDA1,-0.560171526,0.227,0.301,2.6E-176,7.9E-172,ext
MSMO1,-0.770951005,0.289,0.444,2.5E-176,7.4E-172,L4
EHBP1L1,-1.031840403,0.17,0.271,2.45E-176,7.27E-172,L2/3
EIF3D,-0.648559696,0.212,0.284,2.0E-176,6.0E-172,ext
ROGDI,-0.901139615,0.16,0.277,1.4E-176,4.2E-172,inb
DNAJC5G,-0.621553602,0.182,0.255,1.2E-176,3.4E-172,ext
AL355347.1,0.627730379,0.263,0.189,1.1E-176,3.2E-172,ext
RGS11,-0.612092105,0.493,0.569,9.89E-177,2.94E-172,L2/3
CFAP54,0.538562612,0.474,0.341,7.44E-177,2.21E-172,L2/3
AC060765.1,0.834712379,0.331,0.215,6.76E-177,2.01E-172,L2/3
MPC2,-0.611058274,0.437,0.529,6.21E-177,1.85E-172,L2/3
ABHD16A,-0.604135638,0.243,0.315,4.9E-177,1.5E-172,ext
TUBA1A,-1.258723139,0.504,0.69,4.4E-177,1.3E-172,L5/6
ARPC2,-0.612240016,0.431,0.578,4.0E-177,1.2E-172,L4
CCNI,-0.829255738,0.618,0.771,3.8E-177,1.1E-172,inb-pv
GRINA,-0.765054801,0.298,0.451,3.6E-177,1.1E-172,L4
MYL12B,-0.662284712,0.376,0.475,3.27E-177,9.74E-173,L2/3
POMGNT1,-0.624597882,0.403,0.499,3.06E-177,9.09E-173,L2/3
CALM3,-0.633959953,0.801,0.909,3.0E-177,8.8E-173,L5/6-CC
GSK3A,-0.768252637,0.329,0.427,2.85E-177,8.46E-173,L2/3
ATP5MF,-0.733917294,0.213,0.342,2.7E-177,8.0E-173,inb
RPUSD3,-0.758810493,0.184,0.254,2.6E-177,7.8E-173,ext
SH3BGRL3,-0.983545392,0.181,0.287,2.43E-177,7.21E-173,L2/3
ABHD17A,-0.515528039,0.329,0.401,1.6E-177,4.8E-173,ext
KCNH3,-0.692109073,0.404,0.552,1.5E-177,4.4E-173,L4
TEX9,0.513882287,0.254,0.18,1.4E-177,4.2E-173,ext
CALY,-0.974949877,0.501,0.716,1.2E-177,3.5E-173,inb-sst
BLOC1S1,-0.849393265,0.235,0.342,1.14E-177,3.39E-173,L2/3
MRPS11,-0.528892352,0.29,0.364,9.6E-178,2.9E-173,ext
TECR,-0.84777514,0.265,0.415,7.7E-178,2.3E-173,L4
C1QTNF4,-1.60746589,0.188,0.404,6.7E-178,2.0E-173,inb-vip
EIF1,-0.897126116,0.541,0.735,6.7E-178,2.0E-173,inb-pv
MPG,-0.838910085,0.222,0.372,6.0E-178,1.8E-173,L4
RAB3A,-1.23029959,0.36,0.608,5.3E-178,1.6E-173,L5/6-CC
NME1,-0.962089806,0.18,0.327,5.2E-178,1.5E-173,L4
NBL1,-0.924128262,0.213,0.359,3.6E-178,1.1E-173,L4
AC011287.1,-0.727203139,0.512,0.642,3.2E-178,9.5E-174,L4
RPL37,-0.637824445,0.5,0.636,2.9E-178,8.6E-174,L4
POLR3H,-0.657134484,0.228,0.3,2.8E-178,8.3E-174,ext
AL162231.1,-0.963584532,0.142,0.284,2.8E-178,8.2E-174,L4
PNKP,-0.597092412,0.211,0.284,2.4E-178,7.3E-174,ext
EEF1B2,-0.777043977,0.177,0.301,2.1E-178,6.2E-174,inb
TBCB,-0.743880753,0.258,0.413,1.8E-178,5.3E-174,L4
CKB,-0.630208084,0.843,0.916,8.6E-179,2.6E-174,L5/6-CC
TIMM50,-0.679902096,0.203,0.275,7.4E-179,2.2E-174,ext
C19orf25,-0.549865456,0.288,0.364,4.7E-179,1.4E-174,ext
CYHR1,-0.726989985,0.27,0.399,4.0E-179,1.2E-174,inb
FGF1,-0.8271654,0.213,0.326,3.63E-179,1.08E-174,L2/3
RPL37A,-0.730655357,0.57,0.682,3.4E-179,1.0E-174,L4
SCG2,-0.844762185,0.406,0.498,3.35E-179,9.96E-175,L2/3
HSD11B1L,-0.698243765,0.377,0.47,3.34E-179,9.92E-175,L2/3
MSC-AS1,0.52451378,0.406,0.327,3.2E-179,9.6E-175,ext
IER5L,-0.963050357,0.204,0.31,3.20E-179,9.52E-175,L2/3
TUBA1A,-1.115983064,0.218,0.427,2.8E-179,8.4E-175,micro
AC025034.1,0.739932284,0.289,0.171,1.97E-179,5.84E-175,L2/3
BACE2,-0.970438097,0.222,0.328,1.81E-179,5.37E-175,L2/3
RASL10A,-1.536911932,0.282,0.532,1.2E-179,3.6E-175,L5/6-CC
CMAS,-0.557074848,0.504,0.585,1.20E-179,3.57E-175,L2/3
UROS,-0.775703982,0.319,0.472,1.2E-179,3.5E-175,L4
AL591686.2,-1.411485917,0.144,0.278,1.1E-179,3.2E-175,ast
RPLP0,-0.529012295,0.272,0.349,9.3E-180,2.8E-175,ext
VAMP2,-0.981716917,0.631,0.788,8.6E-180,2.6E-175,L5/6
LINC00672,-0.580779926,0.25,0.326,7.1E-180,2.1E-175,ext
FKBP5,1.695974566,0.42,0.196,6.4E-180,1.9E-175,L5/6-CC
MDH2,-0.77839309,0.306,0.408,5.74E-180,1.71E-175,L2/3
TUBG2,-0.768247349,0.294,0.445,5.3E-180,1.6E-175,L4
RPLP1,-0.503036768,0.44,0.574,4.6E-180,1.4E-175,inb
MDH1,-0.875503311,0.652,0.785,3.7E-180,1.1E-175,inb-pv
ATP8B4,0.545806483,0.352,0.274,2.3E-180,6.9E-176,ext
SLC1A3,0.885853049,0.74,0.672,1.9E-180,5.6E-176,micro
THAP7,-1.065997274,0.149,0.251,1.79E-180,5.31E-176,L2/3
TTC9B,-1.45876325,0.187,0.429,1.8E-180,5.2E-176,inb-pv
LARP6,-0.618608688,0.214,0.289,1.6E-180,4.8E-176,ext
EPHB6,-0.8215765,0.35,0.465,6.8E-181,2.0E-176,inb
ATP13A2,-0.569078608,0.388,0.517,5.8E-181,1.7E-176,inb
PNMA8B,-0.745425987,0.336,0.441,5.55E-181,1.65E-176,L2/3
STX1A,-0.869082616,0.607,0.785,3.5E-181,1.0E-176,L5/6-CC
TMEM59L,-0.997577389,0.485,0.656,2.7E-181,8.0E-177,inb-vip
ANKRD13D,-0.74476332,0.323,0.475,1.9E-181,5.6E-177,L4
HNRNPA1,-0.816226788,0.284,0.44,1.8E-181,5.4E-177,L4
NDUFB4,-0.655149984,0.396,0.496,1.70E-181,5.06E-177,L2/3
MYDGF,-0.922521731,0.222,0.327,1.50E-181,4.47E-177,L2/3
KCNMB4,0.748092212,4.60E-01,4.33E-01,1.39E-181,4.13E-177,oli
TMEM222,-0.530803487,0.285,0.36,1.1E-181,3.3E-177,ext
MAATS1,0.575160238,0.361,0.23,8.59E-182,2.55E-177,L2/3
KIFC2,-0.615179598,0.456,0.605,7.2E-182,2.1E-177,L4
DNER,0.509218982,0.487,0.36,7.11E-182,2.11E-177,L2/3
TMEM223,-0.746701404,0.197,0.269,6.1E-182,1.8E-177,ext
GRB14,0.67675513,0.261,0.19,4.0E-182,1.2E-177,ext
TUBA1A,-1.148966549,0.413,0.614,3.8E-182,1.1E-177,inb-vip
CUEDC2,-0.872694653,0.233,0.34,3.58E-182,1.06E-177,L2/3
RIC8A,-0.722060459,0.181,0.252,3.5E-182,1.0E-177,ext
TAF7,-0.50324365,0.309,0.388,3.3E-182,9.8E-178,ext
OLFM1,-0.611612769,0.447,0.571,2.5E-182,7.5E-178,inb
VAMP2,-0.945965519,0.321,0.541,2.5E-182,7.4E-178,micro
C9orf78,-0.739722722,0.215,0.288,2.1E-182,6.2E-178,ext
MCOLN1,-0.727819096,0.337,0.439,1.74E-182,5.18E-178,L2/3
PEBP1,-0.577957471,0.515,0.65,1.4E-182,4.2E-178,ast
LINC00882,0.516248078,0.944,0.931,1.2E-182,3.6E-178,L5/6-CC
CREG2,-0.517928285,0.637,0.756,1.1E-182,3.3E-178,L4
NME1,-0.816901442,0.266,0.372,8.66E-183,2.57E-178,L2/3
RPS6KL1,-0.783804879,0.212,0.337,8.6E-183,2.6E-178,inb
MFSD10,-0.830777135,0.246,0.398,8.5E-183,2.5E-178,L4
SERPINE2,-0.621135705,0.351,0.428,6.3E-183,1.9E-178,ext
ATP5PD,-1.010529717,0.21,0.359,4.3E-183,1.3E-178,L4
ATP5ME,-0.561312875,0.328,0.467,3.9E-183,1.2E-178,inb
SCYL1,-0.664350699,0.379,0.477,3.44E-183,1.02E-178,L2/3
UBA6-AS1,0.510108243,0.692,0.631,2.6E-183,7.7E-179,inb
NRIP3,-0.621690057,0.44,0.569,2.4E-183,7.0E-179,inb
AL583808.1,0.940588726,0.342,0.227,1.88E-183,5.59E-179,L2/3
DYNLT1,-0.715953222,0.339,0.441,1.62E-183,4.83E-179,L2/3
RERG,-0.8176229,0.312,0.466,1.4E-183,4.1E-179,ast
CPNE9,-0.516016586,0.318,0.396,1.4E-183,4.1E-179,ext
LSM4,-0.920805803,0.209,0.36,1.0E-183,3.1E-179,L4
LGALS1,-0.838894443,0.171,0.321,8.3E-184,2.5E-179,L4
ERLEC1,-0.507825298,0.427,0.496,7.6E-184,2.3E-179,ext
ACTR1B,-0.716540291,0.377,0.529,7.2E-184,2.1E-179,L4
SGCD,0.782431649,3.53E-01,2.90E-01,7.05E-184,2.09E-179,oli
PCMT1,-0.529201305,0.559,0.691,5.3E-184,1.6E-179,L4
NDUFAB1,-0.833960605,0.27,0.428,4.9E-184,1.4E-179,L4
CRY1,0.509165814,0.301,0.219,4.7E-184,1.4E-179,ext
WDR18,-0.961728273,0.194,0.302,3.62E-184,1.08E-179,L2/3
EEF2K,0.55218347,0.481,0.348,2.08E-184,6.17E-180,L2/3
DDX54,-1.045442284,0.168,0.274,1.78E-184,5.28E-180,L2/3
DRAP1,-0.794374725,0.177,0.303,1.7E-184,4.9E-180,inb
RAB26,-0.732725619,0.386,0.539,1.6E-184,4.7E-180,L4
ST6GALNAC6,-0.549929752,0.253,0.329,1.5E-184,4.5E-180,ext
MYL12B,-0.766384772,0.267,0.424,1.4E-184,4.1E-180,L4
C19orf53,-0.875850637,0.213,0.324,1.23E-184,3.65E-180,L2/3
EIF1,-0.852753181,0.645,0.831,9.5E-185,2.8E-180,L5/6-CC
FTH1,-0.832127421,0.715,0.808,9.1E-185,2.7E-180,inb-vip
HCFC1R1,-0.917581726,0.2,0.35,8.8E-185,2.6E-180,L4
ARL16,-1.18217112,0.155,0.297,5.6E-185,1.7E-180,L4
EIF3G,-1.029427106,0.153,0.258,4.98E-185,1.48E-180,L2/3
MRPL51,-0.857872853,0.168,0.319,4.6E-185,1.4E-180,L4
THY1,-0.963154823,0.445,0.692,3.9E-185,1.1E-180,inb-sst
RHBDL1,-0.90733042,0.292,0.446,3.7E-185,1.1E-180,L4
ADAP1,-0.572903564,0.227,0.302,3.6E-185,1.1E-180,ext
GRM5-AS1,0.6162276,0.299,0.223,3.1E-185,9.4E-181,ext
MRPS26,-0.759735226,0.252,0.411,3.1E-185,9.2E-181,L4
LINC00923,0.676137051,0.332,0.254,2.5E-185,7.6E-181,ext
FKBP8,-0.658311398,0.296,0.429,2.2E-185,6.5E-181,inb
ZBTB48,-0.668527411,0.197,0.271,2.1E-185,6.3E-181,ext
PLXDC1,-0.58207174,0.248,0.324,1.6E-185,4.7E-181,ext
GRINA,-0.681412954,0.236,0.368,1.4E-185,4.3E-181,inb
CCK,-1.142639002,0.552,0.666,1.4E-185,4.1E-181,inb
SAP18,-0.752671327,0.3,0.461,1.3E-185,3.7E-181,L4
ATF4,-0.778662256,0.321,0.425,1.12E-185,3.32E-181,L2/3
LAMTOR1,-0.923173939,0.209,0.318,1.06E-185,3.14E-181,L2/3
RPS2,-0.62903407,0.367,0.528,9.9E-186,2.9E-181,L4
CRH,-2.387339792,0.193,0.404,8.3E-186,2.5E-181,inb-vip
YIPF3,-1.183985857,0.155,0.297,6.4E-186,1.9E-181,L4
MAZ,-1.096873642,0.189,0.336,6.1E-186,1.8E-181,L4
ATP1A3,-0.567941289,0.568,0.692,5.8E-186,1.7E-181,L4
RPRML,-0.830692305,0.228,0.384,4.9E-186,1.5E-181,L4
RPS21,-0.558556338,0.341,0.484,4.6E-186,1.4E-181,inb
GPX4,-1.081110043,0.411,0.64,4.0E-186,1.2E-181,inb-pv
RSL24D1,-0.577988423,0.261,0.338,3.9E-186,1.2E-181,ext
AC008014.1,0.531010304,0.39,0.311,3.8E-186,1.1E-181,ext
AGPAT1,-0.775178942,0.31,0.416,3.31E-186,9.83E-182,L2/3
RPL37A,-0.651539579,0.508,0.615,2.1E-186,6.1E-182,inb
SSBP4,-1.051899527,0.501,0.72,2.0E-186,5.8E-182,L5/6-CC
MRPS21,-0.596815671,0.476,0.563,1.84E-186,5.48E-182,L2/3
VDAC3,-0.532535222,0.523,0.663,1.8E-186,5.3E-182,L4
TMEM208,-1.089781503,0.146,0.287,1.6E-186,4.8E-182,L4
VPS9D1,-0.634162344,0.402,0.555,1.1E-186,3.2E-182,L4
ALDH1A1,-0.712010724,0.368,0.523,5.4E-187,1.6E-182,ast
RTN4RL2,-0.643880707,0.263,0.334,5.0E-187,1.5E-182,ext
ATP6V0C,-0.956158624,0.592,0.748,4.0E-187,1.2E-182,inb-pv
HIF3A,1.37970538,5.00E-01,3.07E-01,3.14E-187,9.34E-183,opc
PICK1,-0.582777949,0.511,0.593,2.88E-187,8.57E-183,L2/3
FABP3,-1.257904928,0.131,0.269,2.3E-187,6.7E-183,L4
PSD,-0.663827029,0.42,0.573,1.8E-187,5.3E-183,L4
ARHGDIG,-1.197370288,0.377,0.639,1.8E-187,5.2E-183,L5/6-CC
TMEM240,-1.021239949,0.144,0.26,1.7E-187,5.0E-183,inb
CTSB,-0.543804344,0.571,0.65,1.11E-187,3.31E-183,L2/3
DPP7,-0.628191441,0.346,0.476,9.8E-188,2.9E-183,inb
USP5,-0.535723635,0.267,0.345,9.5E-188,2.8E-183,ext
CDC34,-0.65069652,0.191,0.265,9.2E-188,2.7E-183,ext
MRPS34,-1.158539374,0.135,0.277,8.6E-188,2.6E-183,L4
BBS9,0.549355715,0.756,0.706,8.1E-188,2.4E-183,L4
TADA3,-0.738984841,0.19,0.263,8.0E-188,2.4E-183,ext
NEUROD6,-0.574428931,0.261,0.34,7.4E-188,2.2E-183,ext
SPATA33,-0.647279909,0.223,0.298,6.9E-188,2.0E-183,ext
STOML1,-0.660811994,0.191,0.265,6.4E-188,1.9E-183,ext
ENO1,-0.694181443,0.362,0.522,5.9E-188,1.8E-183,L4
UBE2S,-1.22935505,0.121,0.259,4.3E-188,1.3E-183,L4
AL390198.1,0.532574242,0.29,0.21,4.2E-188,1.3E-183,ext
GPR26,-1.05062174,0.194,0.302,2.51E-188,7.45E-184,L2/3
AC013652.1,0.502241563,0.659,0.548,2.14E-188,6.36E-184,L2/3
CYP51A1,-0.701763277,0.302,0.435,1.9E-188,5.7E-184,inb
TOMM40,-0.907993046,0.156,0.275,1.7E-188,5.2E-184,inb
GNG3,-1.408297503,0.254,0.527,1.2E-188,3.6E-184,L5/6-CC
DCTN3,-0.882148403,0.145,0.266,9.4E-189,2.8E-184,inb
RPL23A,-0.698424815,0.366,0.479,7.79E-189,2.32E-184,L2/3
TTYH1,-0.606331709,0.549,0.673,7.1E-189,2.1E-184,ast
SEMA6B,-0.556667853,0.323,0.396,6.8E-189,2.0E-184,ext
BAG1,-1.068635545,0.158,0.264,5.75E-189,1.71E-184,L2/3
NDUFS7,-0.838446565,0.23,0.386,5.6E-189,1.7E-184,L4
CCBE1,0.945582963,0.375,0.264,5.19E-189,1.54E-184,L2/3
DAD1,-0.679544026,0.221,0.294,4.1E-189,1.2E-184,ext
RPS25,-0.680824469,0.315,0.452,3.5E-189,1.0E-184,inb
ZNF98,-0.70730828,0.593,0.676,3.2E-189,9.4E-185,ast
TMEM179B,-0.742741174,0.182,0.255,3.0E-189,9.0E-185,ext
SCN9A,0.578156183,0.289,0.21,2.8E-189,8.3E-185,ext
CCT5,-0.540094486,0.326,0.401,2.3E-189,6.9E-185,ext
MED31,-0.514695275,0.322,0.399,2.3E-189,6.8E-185,ext
ZNF441,-0.646959633,0.2,0.275,2.3E-189,6.7E-185,ext
TUBB2A,-1.197567395,0.276,0.555,1.5E-189,4.5E-185,inb-sst
ENC1,-0.602332467,0.893,0.95,1.1E-189,3.2E-185,L5/6-CC
GRM3,-0.697081248,0.488,0.611,9.7E-190,2.9E-185,ast
SIVA1,-0.657085959,0.213,0.289,9.0E-190,2.7E-185,ext
BX664727.3,0.568467691,0.419,0.282,6.71E-190,2.00E-185,L2/3
EMC7,-0.871793248,0.294,0.398,6.02E-190,1.79E-185,L2/3
TTC9B,-1.48095223,0.365,0.6,4.2E-190,1.2E-185,L5/6
RAB40C,-0.613877496,0.469,0.615,3.4E-190,1.0E-185,L4
PLEKHJ1,-1.096385428,0.147,0.293,3.2E-190,9.4E-186,L4
DNAJA1,-0.694595893,0.303,0.438,2.3E-190,7.0E-186,inb
TPI1,-1.260912821,0.397,0.654,2.2E-190,6.6E-186,L5/6-CC
TIMM44,-0.517604529,0.293,0.368,1.8E-190,5.2E-186,ext
COX6C,-0.6440827,0.477,0.621,1.5E-190,4.3E-186,L4
PHPT1,-1.142434573,0.141,0.285,1.0E-190,3.0E-186,L4
CORO1A,-1.162422129,0.137,0.279,8.5E-191,2.5E-186,L4
NDUFA11,-0.711044493,0.206,0.34,6.9E-191,2.0E-186,inb
UBA6-AS1,0.652940391,0.7,0.625,6.3E-191,1.9E-186,L4
URM1,-0.681747515,0.201,0.276,5.7E-191,1.7E-186,ext
CYB561D1,-0.630658894,0.232,0.309,4.7E-191,1.4E-186,ext
GSTP1,-1.087819837,0.166,0.274,4.54E-191,1.35E-186,L2/3
AC009262.1,0.863119956,0.3,0.183,4.31E-191,1.28E-186,L2/3
DGKZ,-0.617459791,0.809,0.904,3.5E-191,1.0E-186,L5/6-CC
CAMK2N1,-1.029845687,0.72,0.851,3.1E-191,9.2E-187,L5/6-CC
SNN,-0.96139277,0.227,0.381,2.2E-191,6.5E-187,L4
ANO6,0.578283272,0.489,0.355,1.98E-191,5.89E-187,L2/3
FAM153B,-0.612045547,0.579,0.688,1.7E-191,5.0E-187,L4
NDUFB1,-0.726845946,0.301,0.464,1.6E-191,4.7E-187,L4
FSD1,-0.598880085,0.477,0.563,9.93E-192,2.95E-187,L2/3
DANCR,-0.664217316,0.228,0.304,9.8E-192,2.9E-187,ext
CFAP161,0.527955189,0.368,0.286,8.5E-192,2.5E-187,ext
SRSF8,-0.609011866,0.244,0.323,8.2E-192,2.4E-187,ext
VPS29,-0.549615362,0.502,0.59,8.12E-192,2.41E-187,L2/3
RAB5IF,-0.930047141,0.202,0.313,7.33E-192,2.18E-187,L2/3
WSB2,-0.570475079,0.525,0.608,5.42E-192,1.61E-187,L2/3
FDX2,-0.799972332,0.17,0.297,4.9E-192,1.5E-187,inb
SCAMP5,-0.520049062,0.611,0.726,4.8E-192,1.4E-187,L4
TMEM134,-0.661260264,0.21,0.285,4.0E-192,1.2E-187,ext
TUBB2A,-1.506102356,0.378,0.631,3.4E-192,1.0E-187,L5/6
ATCAY,-0.520435921,0.602,0.726,3.2E-192,9.5E-188,L4
ATP6V1G2,-0.758735864,0.222,0.355,3.0E-192,9.1E-188,inb
HPSE2,-0.621967929,0.587,0.691,2.8E-192,8.5E-188,ast
C1orf122,-0.910829083,0.219,0.376,2.1E-192,6.3E-188,L4
DMTN,-0.637517373,0.449,0.604,2.1E-192,6.1E-188,L4
WBP2,-0.621394743,0.51,0.597,1.69E-192,5.04E-188,L2/3
LINC02224,0.588869635,0.282,0.204,1.2E-192,3.7E-188,ext
SCG3,-0.8645528,0.335,0.481,7.9E-193,2.3E-188,ast
SCN2B,-0.714523335,0.276,0.411,6.8E-193,2.0E-188,inb
SNRNP25,-0.879798042,0.199,0.313,6.54E-193,1.94E-188,L2/3
TUBA1B,-0.514594546,0.565,0.681,5.2E-193,1.5E-188,inb
DIRAS1,-0.744443755,0.301,0.466,3.8E-193,1.1E-188,L4
COL5A3,-0.624908579,0.663,0.749,3.2E-193,9.5E-189,ast
SSU72,-0.642181027,0.428,0.525,2.36E-193,7.02E-189,L2/3
HAX1,-1.049200542,0.178,0.329,1.9E-193,5.6E-189,L4
NAGPA,-0.74094546,0.373,0.526,1.4E-193,4.3E-189,L4
POMP,-0.627075021,0.439,0.536,1.07E-193,3.19E-189,L2/3
PPIA,-0.557718025,0.539,0.681,9.3E-194,2.8E-189,L4
ARHGAP15,0.810051326,0.696,0.562,8.9E-194,2.7E-189,micro
PRDX1,-0.716546715,0.386,0.49,4.99E-194,1.48E-189,L2/3
NCDN,-0.583122351,0.616,0.694,4.79E-194,1.43E-189,L2/3
FDPS,-0.814375801,0.309,0.466,4.8E-194,1.4E-189,L4
CBARP,-0.651369652,0.202,0.277,3.3E-194,9.7E-190,ext
CCDC175,0.551909569,0.339,0.256,2.7E-194,8.0E-190,ext
IGF1R,0.698281433,4.25E-01,3.66E-01,2.59E-194,7.69E-190,oli
ZNF862,-0.54718147,0.516,0.602,2.37E-194,7.06E-190,L2/3
TSTD1,-0.942312467,0.172,0.286,2.37E-194,7.04E-190,L2/3
STOML2,-0.911312804,0.211,0.325,1.90E-194,5.65E-190,L2/3
TUBB2A,-1.255633925,0.144,0.356,1.6E-194,4.7E-190,micro
SRM,-0.986234963,0.184,0.308,1.1E-194,3.4E-190,inb
RAP1GAP,-0.595908376,0.586,0.705,1.0E-194,3.0E-190,L4
CYP4F26P,0.760100265,0.278,0.159,9.43E-195,2.80E-190,L2/3
LIMD2,-0.818879675,0.314,0.419,8.93E-195,2.65E-190,L2/3
MRPL4,-0.925579994,0.204,0.36,5.2E-195,1.6E-190,L4
PITHD1,-0.728337682,0.341,0.506,3.5E-195,1.0E-190,L4
PHYHIP,-0.575665372,0.521,0.672,3.1E-195,9.1E-191,L4
ATP6V1G1,-0.765296435,0.362,0.523,2.9E-195,8.7E-191,L4
HPCA,-1.487489778,0.257,0.528,2.8E-195,8.3E-191,L5/6-CC
PFDN5,-0.649655721,0.399,0.559,2.4E-195,7.1E-191,L4
RPL9,-0.552086989,0.441,0.575,2.3E-195,6.8E-191,inb
AC008780.1,-1.247268266,0.135,0.279,2.3E-195,6.8E-191,L4
CENPT,-0.942803687,0.231,0.386,2.0E-195,6.0E-191,L4
COPS9,-0.777994473,0.248,0.411,1.5E-195,4.5E-191,L4
COPS6,-0.794538702,0.292,0.455,9.5E-196,2.8E-191,L4
ANKRD13D,-0.777436422,0.262,0.393,5.4E-196,1.6E-191,inb
RRAGA,-0.879551112,0.294,0.402,5.26E-196,1.56E-191,L2/3
UBE2M,-0.87660452,0.165,0.29,5.1E-196,1.5E-191,inb
SPATA2L,-1.113170575,0.133,0.278,4.1E-196,1.2E-191,L4
PPP1CA,-0.639704469,0.203,0.279,2.7E-196,8.0E-192,ext
RASAL1,-0.574395017,0.288,0.367,2.5E-196,7.4E-192,ext
AL365255.1,-1.029005135,0.207,0.321,2.10E-196,6.24E-192,L2/3
GAPDH,-1.087820609,0.506,0.734,2.0E-196,6.0E-192,inb-sst
PMM1,-1.034353663,0.158,0.308,2.0E-196,5.9E-192,L4
NDUFA7,-0.686114016,0.212,0.29,1.7E-196,5.0E-192,ext
TUBA1A,-0.905931735,0.258,0.415,1.1E-196,3.3E-192,ast
HSPA8,-1.130084606,0.499,0.722,1.1E-196,3.3E-192,L5/6-CC
TSEN54,-0.6221762,0.223,0.301,1.0E-196,3.1E-192,ext
PPDPF,-0.775776746,0.162,0.29,9.0E-197,2.7E-192,inb
MATR3.1,0.554606424,0.326,0.24,5.0E-197,1.5E-192,ext
RNF187,-0.822544159,0.186,0.316,4.9E-197,1.5E-192,inb
GP1BB,-0.580930095,0.305,0.38,4.3E-197,1.3E-192,ext
TRMT1,-0.573860943,0.273,0.351,2.3E-197,6.7E-193,ext
HLA-A,-1.175593182,0.152,0.27,2.0E-197,6.1E-193,inb
POLR2I,-1.026113533,0.16,0.312,1.2E-197,3.7E-193,L4
VKORC1,-0.858541262,0.201,0.317,1.08E-197,3.21E-193,L2/3
YWHAH,-0.788934138,0.767,0.893,1.0E-197,3.1E-193,L5/6-CC
MRPL18,-0.620630419,0.234,0.312,9.6E-198,2.9E-193,ext
CA3,0.546956692,0.292,0.21,7.3E-198,2.2E-193,ext
ERP29,-0.876684688,0.207,0.366,7.0E-198,2.1E-193,L4
MRPS24,-0.95081429,0.134,0.256,5.6E-198,1.7E-193,inb
ELOC,-0.820207287,0.295,0.456,4.9E-198,1.5E-193,L4
SEMA6A,0.662096016,0.461,0.326,4.62E-198,1.37E-193,L2/3
TOMM7,-0.729079558,0.45,0.552,3.27E-198,9.73E-194,L2/3
TUBB2A,-1.25287913,0.353,0.596,2.5E-198,7.3E-194,inb-pv
RPS6,-0.767679448,0.309,0.472,2.0E-198,5.8E-194,L4
AL391807.1,-0.576585958,0.604,0.729,1.9E-198,5.7E-194,L4
ACAP3,-0.683454247,0.448,0.6,1.5E-198,4.3E-194,L4
IDI1,-0.871482824,0.208,0.338,1.4E-198,4.3E-194,inb
RELL2,-0.840075333,0.325,0.431,1.32E-198,3.94E-194,L2/3
CALM1,-0.723171295,0.939,0.98,1.1E-198,3.4E-194,L5/6-CC
NDUFB7,-0.779655564,0.185,0.318,1.1E-198,3.2E-194,inb
ZDHHC8,-0.76932221,0.369,0.47,8.70E-199,2.59E-194,L2/3
MRFAP1,-0.723137583,0.252,0.394,6.8E-199,2.0E-194,inb
TUBB2A,-1.382379658,0.357,0.574,5.4E-199,1.6E-194,inb-vip
CDC37,-0.687147949,0.391,0.551,5.1E-199,1.5E-194,L4
MMP24OS,-0.519411438,0.328,0.407,4.5E-199,1.3E-194,ext
NHP2,-0.967253308,0.218,0.331,3.79E-199,1.13E-194,L2/3
CALY,-0.592660691,0.633,0.739,3.4E-199,1.0E-194,L4
UQCRB,-0.707804755,0.43,0.589,2.3E-199,6.7E-195,L4
AP2S1,-0.869163504,0.165,0.293,2.2E-199,6.4E-195,inb
S100A6,-0.690214153,0.331,0.451,1.83E-199,5.44E-195,L2/3
NHP2,-1.171075889,0.136,0.283,1.6E-199,4.8E-195,L4
GNG10,-0.606398349,0.281,0.359,1.6E-199,4.6E-195,ext
MARCKSL1,-1.144196179,0.164,0.316,1.4E-199,4.2E-195,L4
NRBP2,-0.586382718,0.514,0.596,1.18E-199,3.51E-195,L2/3
HMGN4,-0.575853385,0.255,0.335,1.1E-199,3.4E-195,ext
HES4,-2.259873773,0.12,0.338,1.0E-199,3.0E-195,inb-vip
KCNV1,-0.673279612,0.421,0.522,6.61E-200,1.96E-195,L2/3
TUBB4B,-0.77659169,0.192,0.324,6.0E-200,1.8E-195,inb
IFT27,-0.645862262,0.209,0.286,5.3E-200,1.6E-195,ext
AAMP,-0.915261532,0.222,3.37E-01,3.84E-200,1.14E-195,L2/3
FLG-AS1,-0.631051616,0.347,4.79E-01,1.50E-200,4.46E-196,L2/3
RACK1,-0.672030374,0.303,0.443,1.3E-200,4.0E-196,inb
DBNDD2,-0.829386466,0.171,0.3,1.1E-200,3.4E-196,inb
MRPL55,-0.985871808,0.154,0.307,8.0E-201,2.4E-196,L4
BOLA3,-0.592599971,0.27,0.349,7.0E-201,2.1E-196,ext
RPS15A,-0.715005194,0.253,0.395,6.7E-201,2.0E-196,inb
NAP1L5,-0.604580158,0.28,0.361,6.3E-201,1.9E-196,ext
TKT,-0.730975544,0.363,4.69E-01,4.49E-201,1.34E-196,L2/3
MRPS7,-1.1948412,0.135,0.282,4.5E-201,1.3E-196,L4
RPLP1,-0.641191718,0.49,0.637,4.4E-201,1.3E-196,L4
NDUFB10,-0.798612363,0.2,0.336,3.7E-201,1.1E-196,inb
PMEPA1,-0.708815822,0.229,0.308,3.3E-201,9.9E-197,ext
SEZ6,-0.66943995,0.225,0.304,2.7E-201,8.1E-197,ext
SELENOO,-0.520444849,0.61,6.75E-01,2.09E-201,6.21E-197,L2/3
GDE1,-0.663411144,0.213,0.291,1.4E-201,4.2E-197,ext
ARPC4,-0.532770007,0.271,0.353,1.1E-201,3.4E-197,ext
MLST8,-0.679594178,0.182,0.259,1.1E-201,3.4E-197,ext
SARAF,-0.905532889,0.637,0.76,1.0E-201,3.1E-197,inb-vip
NEDD8,-0.704228632,0.282,0.424,1.0E-201,3.0E-197,inb
PTGES2,-0.94940118,0.196,0.354,8.3E-202,2.5E-197,L4
OCIAD1,-0.506281632,0.592,0.69,6.5E-202,1.9E-197,inb
RPL36AL,-0.83046736,0.185,0.32,6.1E-202,1.8E-197,inb
MGAT4B,-0.59700666,0.231,0.31,5.4E-202,1.6E-197,ext
PTPRN,-0.600263774,0.403,0.536,4.5E-202,1.3E-197,inb
VGF,-2.031972429,0.115,0.355,4.1E-202,1.2E-197,inb-pv
NDUFA5,-0.612678716,0.501,0.651,3.6E-202,1.1E-197,L4
FIGN,0.85269253,3.45E-01,2.77E-01,3.17E-202,9.42E-198,oli
HSBP1,-0.723224765,3.45E-01,4.56E-01,2.96E-202,8.79E-198,L2/3
ACADVL,-0.541096924,0.615,6.88E-01,2.79E-202,8.30E-198,L2/3
SNU13,-0.758871382,0.331,0.496,2.7E-202,8.0E-198,L4
FOXRED1,-0.560400107,4.98E-01,5.83E-01,2.52E-202,7.48E-198,L2/3
ABHD14A,-0.865475406,0.216,0.349,2.5E-202,7.4E-198,inb
CDKN2D,-0.916339947,0.142,0.266,2.2E-202,6.6E-198,inb
CXXC5,-0.736875937,0.395,0.555,1.4E-202,4.3E-198,L4
AC243829.1,-0.689418674,0.179,0.257,1.4E-202,4.2E-198,ext
LINC02642,-1.027484355,0.174,0.407,1.3E-202,3.8E-198,micro
MSC-AS1,1.032635224,2.90E-01,1.75E-01,1.17E-202,3.47E-198,L2/3
NDN,-1.271854009,0.13,0.277,1.1E-202,3.4E-198,L4
DNAJA1,-0.699962995,0.406,0.565,1.1E-202,3.4E-198,L4
P4HTM,-0.659735146,0.439,0.594,9.8E-203,2.9E-198,L4
CXXC5,-0.651858449,0.447,5.45E-01,9.29E-203,2.76E-198,L2/3
AC053513.1,0.507372495,0.454,0.375,9.1E-203,2.7E-198,ext
FTH1,-0.857850633,0.702,0.828,8.9E-203,2.6E-198,inb-pv
PSMC1,-0.82250657,0.301,0.463,7.2E-203,2.1E-198,L4
SNAP25,-0.595975663,0.644,0.736,7.2E-203,2.1E-198,ast
MICOS13,-0.950026178,0.141,0.266,5.9E-203,1.7E-198,inb
C1orf122,-0.7935438,0.191,0.326,5.5E-203,1.6E-198,inb
SLC25A4,-1.339343099,0.337,0.579,4.2E-203,1.3E-198,inb-pv
NUDT14,-1.253730911,0.115,0.257,3.9E-203,1.1E-198,L4
SGSM3,-0.7749437,0.234,0.369,3.7E-203,1.1E-198,inb
AC096576.2,1.075214205,0.399,0.257,2.6E-203,7.8E-199,L4
CIAO2B,-0.873024547,0.226,0.391,2.3E-203,7.0E-199,L4
ARL4C,-0.584876693,0.279,0.363,2.3E-203,6.9E-199,ext
AC016831.1,0.624062307,4.51E-01,3.10E-01,2.28E-203,6.77E-199,L2/3
CAPNS1,-0.633000466,0.269,0.348,2.3E-203,6.7E-199,ext
RACK1,-0.717473727,0.359,0.524,2.2E-203,6.6E-199,L4
CALR,-1.065728206,0.211,0.367,2.2E-203,6.6E-199,L4
MLLT11,-0.640248582,0.448,0.602,2.0E-203,6.0E-199,L4
SEC61B,-0.55160097,0.248,0.33,2.0E-203,5.8E-199,ext
COL5A1,-0.865516813,2.34E-01,3.55E-01,1.61E-203,4.79E-199,L2/3
PELI2,0.72500377,2.54E-01,1.38E-01,9.42E-204,2.80E-199,L2/3
BX664727.3,0.523207439,0.321,0.235,7.3E-204,2.2E-199,ext
RAN,-0.787787096,0.233,0.371,7.2E-204,2.1E-199,inb
PRSS51,0.618646093,0.305,0.223,7.1E-204,2.1E-199,ext
FAM241B,-1.095221192,0.184,0.34,4.0E-204,1.2E-199,L4
AC245060.5,0.532536814,0.386,0.299,3.3E-204,9.8E-200,ext
INPP4B,1.058341492,0.738,0.503,2.8E-204,8.2E-200,L5/6
GAPDH,-0.999605934,0.405,0.606,2.5E-204,7.6E-200,micro
EI24,-0.683949667,4.02E-01,5.06E-01,1.74E-204,5.18E-200,L2/3
LY6E,-0.869180359,0.141,0.268,1.5E-204,4.4E-200,inb
NAT14,-0.902420873,0.152,0.279,1.1E-204,3.3E-200,inb
CERS1,-0.701928741,0.182,0.258,1.0E-204,3.0E-200,ext
CCT3,-0.610915253,4.88E-01,5.80E-01,9.95E-205,2.96E-200,L2/3
UBB,-0.816185447,0.292,0.457,9.9E-205,2.9E-200,ast
TRAPPC1,-0.981123764,1.83E-01,2.98E-01,7.66E-205,2.28E-200,L2/3
UBE2M,-0.834713305,0.273,0.436,6.8E-205,2.0E-200,L4
ATP5PB,-0.543940814,0.353,0.431,5.4E-205,1.6E-200,ext
HPCA,-0.998484455,0.133,0.256,3.8E-205,1.1E-200,inb
NACA,-0.594289468,0.499,0.653,2.9E-205,8.7E-201,L4
IGSF8,-0.688479529,0.463,0.618,2.5E-205,7.4E-201,L4
BTF3,-0.886378101,0.192,0.326,2.4E-205,7.2E-201,inb
C9orf16,-1.255503019,0.386,0.654,2.3E-205,6.9E-201,L5/6-CC
RAB3A,-1.397145321,0.306,0.553,1.9E-205,5.6E-201,inb-pv
BACE2,-0.754146551,0.178,0.254,1.9E-205,5.5E-201,ext
MFSD13A,-0.585417752,0.251,0.332,1.6E-205,4.6E-201,ext
NPM1,-0.606135073,5.02E-01,5.92E-01,1.54E-205,4.57E-201,L2/3
ATP5MC2,-0.503058654,0.406,0.483,1.5E-205,4.5E-201,ext
COX6A1,-0.772041054,0.291,0.432,1.4E-205,4.2E-201,inb
HOPX,-0.939539976,0.163,0.295,9.4E-206,2.8E-201,inb
H2AFZ,-0.710112236,0.27,0.413,6.5E-206,1.9E-201,inb
EIF1B,-0.516008472,5.37E-01,6.33E-01,6.02E-206,1.79E-201,L2/3
LY6H,-1.281941744,0.292,0.571,5.6E-206,1.7E-201,inb-sst
IRS1,0.743731581,3.27E-01,1.96E-01,5.46E-206,1.62E-201,L2/3
EEF1G,-0.711933839,0.239,0.378,4.1E-206,1.2E-201,inb
DDOST,-0.644174352,0.219,0.298,3.4E-206,1.0E-201,ext
BORCS7,-0.530725001,0.295,0.378,3.3E-206,9.9E-202,ext
RHBDD2,-0.78759533,0.24,0.378,3.0E-206,8.8E-202,inb
NSG1,-0.806727444,0.236,0.372,2.5E-206,7.4E-202,inb
CYHR1,-0.773052431,0.376,0.539,2.3E-206,6.8E-202,L4
ATP5IF1,-0.629835573,0.374,0.515,2.2E-206,6.5E-202,inb
RPLP2,-0.546051603,5.41E-01,6.37E-01,2.00E-206,5.95E-202,L2/3
PAXX,-0.932712605,0.174,0.304,1.2E-206,3.4E-202,inb
SAP18,-0.709987776,3.90E-01,4.98E-01,8.57E-207,2.55E-202,L2/3
ZYX,-0.540241318,0.367,0.444,7.6E-207,2.3E-202,ext
TUBB4B,-0.791234109,0.313,0.48,6.8E-207,2.0E-202,L4
MYL6B,-0.736168874,0.272,0.413,6.4E-207,1.9E-202,inb
PSMC3,-1.001452284,0.185,0.343,6.2E-207,1.8E-202,L4
REEP2,-0.713275529,0.303,0.441,5.6E-207,1.7E-202,inb
OCIAD1,-0.519080109,0.679,0.777,4.8E-207,1.4E-202,L4
CTXN1,-1.330429689,0.383,0.645,4.7E-207,1.4E-202,L5/6-CC
OLFM1,-1.031369634,0.782,0.897,3.7E-207,1.1E-202,L5/6-CC
NDUFB2,-0.675437017,0.337,0.511,3.2E-207,9.5E-203,L4
RBIS,-0.598814118,0.292,0.373,2.8E-207,8.2E-203,ext
AC008780.1,-0.705164272,3.90E-01,5.03E-01,2.43E-207,7.24E-203,L2/3
NARS,-0.534277799,5.58E-01,6.33E-01,2.32E-207,6.89E-203,L2/3
NDUFA8,-0.774459859,3.50E-01,4.58E-01,2.27E-207,6.76E-203,L2/3
B3GAT3,-0.970440007,0.22,0.383,1.9E-207,5.5E-203,L4
RELL2,-1.069955402,0.208,0.366,1.5E-207,4.5E-203,L4
MRPL27,-0.719323191,0.185,0.262,1.4E-207,4.2E-203,ext
MZT2B,-0.651183374,0.274,0.421,9.5E-208,2.8E-203,inb
VEGFB,-1.197444252,0.134,0.252,9.4E-208,2.8E-203,inb
PITHD1,-0.623052735,4.56E-01,5.60E-01,4.42E-208,1.32E-203,L2/3
DNAJC8,-0.565454257,0.363,0.441,4.3E-208,1.3E-203,ext
ZMAT2,-0.549018404,0.294,0.377,3.1E-208,9.3E-204,ext
KRTCAP2,-0.737157426,0.201,0.278,2.6E-208,7.9E-204,ext
MAP1LC3A,-1.048463274,0.503,0.748,2.0E-208,5.9E-204,L5/6-CC
HIST1H4C,-0.920422977,1.79E-01,3.01E-01,1.85E-208,5.51E-204,L2/3
UQCRQ,-0.97837314,0.192,0.356,1.6E-208,4.7E-204,L4
STMN1,-0.829036256,0.764,0.894,1.4E-208,4.2E-204,L5/6-CC
ZNF428,-0.876226402,0.198,0.334,1.2E-208,3.6E-204,inb
DCTN2,-0.60351831,4.73E-01,5.69E-01,1.07E-208,3.18E-204,L2/3
ISCU,-0.613717755,5.09E-01,6.00E-01,9.82E-209,2.92E-204,L2/3
HES4,-2.272901683,0.113,0.377,9.0E-209,2.7E-204,L5/6-CC
THY1,-0.975558958,0.584,0.762,7.8E-209,2.3E-204,inb-pv
TMEM158,-1.227717435,1.75E-01,2.85E-01,6.03E-209,1.79E-204,L2/3
CDIPT,-0.784240548,3.00E-01,4.15E-01,4.71E-209,1.40E-204,L2/3
JPT1,-0.8106589,3.00E-01,4.16E-01,3.82E-209,1.13E-204,L2/3
DISP1,0.554617463,0.347,0.261,3.6E-209,1.1E-204,ext
UBASH3B,0.684876135,3.56E-01,2.21E-01,2.98E-209,8.86E-205,L2/3
PSMC4,-0.648572846,0.214,0.294,1.9E-209,5.7E-205,ext
AC021231.1,0.582210356,0.288,0.205,1.7E-209,5.1E-205,ext
NECAB3,-1.18537384,0.137,0.288,1.7E-209,4.9E-205,L4
USP2,-0.788855136,3.36E-01,4.47E-01,1.26E-209,3.75E-205,L2/3
NDUFAB1,-0.713655535,3.84E-01,4.91E-01,1.20E-209,3.57E-205,L2/3
WDR83OS,-0.684189701,0.191,0.271,7.5E-210,2.2E-205,ext
STMN1,-0.711381269,0.356,0.524,7.4E-210,2.2E-205,ast
DIRAS2,-0.698037824,0.539,0.677,5.1E-210,1.5E-205,L4
CAMKK2,-0.590841139,0.574,0.702,4.6E-210,1.4E-205,L4
SRSF9,-1.018485566,0.153,0.279,3.9E-210,1.2E-205,inb
PTMS,-0.704391759,0.383,0.55,3.1E-210,9.3E-206,L4
TMUB2,-0.579320273,0.249,0.332,2.6E-210,7.6E-206,ext
ARL8A,-0.706362171,3.98E-01,5.02E-01,2.33E-210,6.93E-206,L2/3
RPL23A,-0.776830462,0.24,0.384,1.9E-210,5.5E-206,inb
ATP5F1E,-0.615376118,0.358,0.508,1.4E-210,4.2E-206,inb
MLF2,-0.7234099,0.288,0.429,1.1E-210,3.3E-206,inb
RTN4R,-0.917669492,0.239,0.405,1.0E-210,3.0E-206,L4
ATG9A,-0.545152919,0.283,0.366,9.6E-211,2.9E-206,ext
LRFN4,-0.752731641,0.194,0.272,9.3E-211,2.8E-206,ext
UQCR11,-0.715398663,0.232,0.377,8.7E-211,2.6E-206,inb
CHKB,-0.941615055,0.242,0.404,5.0E-211,1.5E-206,L4
NDUFA4,-0.768605798,0.398,0.56,4.9E-211,1.5E-206,ast
C4orf3,-0.56375667,0.313,0.397,3.8E-211,1.1E-206,ext
PTPRN,-0.664020556,0.486,0.637,3.8E-211,1.1E-206,L4
SELENOM,-1.089250728,0.166,0.326,3.3E-211,9.8E-207,L4
ATP6V1G1,-0.62002102,4.77E-01,5.76E-01,2.76E-211,8.20E-207,L2/3
APLP1,-0.704555184,0.381,0.514,2.6E-211,7.8E-207,inb
YIPF3,-0.958113501,2.31E-01,3.46E-01,2.26E-211,6.71E-207,L2/3
LHFPL6,0.516471408,0.804,0.771,2.1E-211,6.2E-207,L4
SPEF1,-1.26874469,0.142,0.294,1.8E-211,5.2E-207,L4
SLC45A1,-0.674577231,0.202,0.281,1.7E-211,5.1E-207,ext
RPL13,-0.980460372,5.89E-01,7.63E-01,1.54E-211,4.59E-207,opc
PRRT3,-0.626413559,0.23,0.31,1.4E-211,4.1E-207,ext
DLG5,-0.559965017,0.391,0.468,1.0E-211,3.1E-207,ext
SYNGR1,-0.702643899,0.467,0.622,9.5E-212,2.8E-207,L4
RNF217-AS1,0.549455625,0.419,0.337,9.1E-212,2.7E-207,ext
FUT10,0.733090997,2.92E-01,1.66E-01,8.82E-212,2.62E-207,L2/3
ATP1A1,-0.510745636,0.719,0.805,8.8E-212,2.6E-207,L4
RCN2,-0.710755966,0.394,0.526,8.7E-212,2.6E-207,inb
BNIP3,-0.755282466,0.42,0.581,7.9E-212,2.3E-207,L4
FBXW5,-0.872560254,0.193,0.356,5.4E-212,1.6E-207,L4
POLR2K,-0.881511925,2.51E-01,3.71E-01,4.30E-212,1.28E-207,L2/3
GSTM3,-0.770491958,0.205,0.284,2.4E-212,7.0E-208,ext
FAM131B,-0.737913249,0.222,0.3,1.6E-212,4.9E-208,ext
AC099788.1,0.720264494,0.286,0.208,1.6E-212,4.7E-208,ext
TDRD6,0.74222733,2.70E-01,1.46E-01,9.41E-213,2.80E-208,L2/3
MICOS10,-0.587418233,5.05E-01,6.02E-01,3.93E-213,1.17E-208,L2/3
VAMP2,-0.775650979,0.393,0.55,3.7E-213,1.1E-208,ast
ARFGAP2,-0.661706333,3.84E-01,4.96E-01,3.39E-213,1.01E-208,L2/3
ACAT2,-1.103291154,0.16,0.317,2.3E-213,7.0E-209,L4
FKBP4,-0.627292482,0.245,0.326,2.0E-213,6.0E-209,ext
NRGN,-1.283985321,3.46E-01,6.03E-01,1.91E-213,5.68E-209,opc
H3F3B,-0.759004631,0.375,0.548,1.8E-213,5.5E-209,L4
RNH1,-0.778376262,0.323,4.37E-01,1.63E-213,4.83E-209,L2/3
AC008691.1,-0.807618169,0.417,0.667,1.5E-213,4.5E-209,micro
ATP6V0E2,-1.120119989,0.47,0.658,1.5E-213,4.4E-209,inb-vip
B4GALNT1,-0.669241622,4.54E-01,5.51E-01,1.44E-213,4.30E-209,L2/3
KCTD17,-0.899379625,0.237,0.403,1.3E-213,3.9E-209,L4
AC025839.1,-1.019236402,2.00E-01,3.18E-01,1.27E-213,3.77E-209,L2/3
KCNJ4,-0.774158438,3.68E-01,4.76E-01,1.01E-213,2.99E-209,L2/3
HIGD1A,-1.010878065,0.195,0.358,8.8E-214,2.6E-209,L4
SERPINF1,-1.160453493,1.71E-01,2.85E-01,8.63E-214,2.57E-209,L2/3
TMEM240,-1.029852181,0.198,0.36,8.4E-214,2.5E-209,L4
DHPS,-0.812045599,3.11E-01,4.26E-01,6.82E-214,2.03E-209,L2/3
CALR,-0.841184835,3.33E-01,4.45E-01,5.60E-214,1.67E-209,L2/3
LINC00326,0.90743274,0.319,0.246,5.1E-214,1.5E-209,ext
TMED2,-0.850227248,3.01E-01,4.16E-01,4.70E-214,1.40E-209,L2/3
REEP5,-0.579881477,0.503,0.625,4.6E-214,1.4E-209,inb
PSMA7,-0.805705311,0.25,0.392,4.5E-214,1.3E-209,inb
DNAJC19,-0.740105667,3.66E-01,4.75E-01,4.09E-214,1.22E-209,L2/3
CTSD,-0.834785677,0.306,0.473,3.9E-214,1.1E-209,L4
PSMD2,-0.858874787,0.192,0.328,3.3E-214,9.7E-210,inb
SSNA1,-1.174131794,0.161,0.317,2.5E-214,7.3E-210,L4
AURKAIP1,-0.896661521,0.158,0.292,1.1E-214,3.3E-210,inb
PSMC5,-0.914464876,0.177,0.31,9.4E-215,2.8E-210,inb
FAM131A,-0.567334795,5.43E-01,6.28E-01,8.59E-215,2.55E-210,L2/3
PDXP,-0.950702554,0.271,0.441,4.5E-215,1.3E-210,L4
UROS,-0.570873933,5.09E-01,5.99E-01,3.79E-215,1.13E-210,L2/3
SLC25A23,-0.628812686,4.82E-01,5.80E-01,2.76E-215,8.21E-211,L2/3
TSTA3,-1.070616169,1.49E-01,2.65E-01,2.66E-215,7.92E-211,L2/3
AC093523.1,0.880476026,0.573,0.451,2.3E-215,6.7E-211,L4
RPL30,-0.606904141,5.25E-01,6.22E-01,1.50E-215,4.45E-211,L2/3
AC002070.1,0.641348366,0.286,0.204,1.4E-215,4.2E-211,ext
SCG3,-0.639157436,0.49,0.605,1.2E-215,3.6E-211,inb
MOGS,-0.926011939,2.56E-01,3.72E-01,9.65E-216,2.87E-211,L2/3
NDUFB5,-0.723383467,3.82E-01,4.93E-01,6.36E-216,1.89E-211,L2/3
TUSC2,-1.043254079,0.163,0.323,6.0E-216,1.8E-211,L4
RPL27,-0.902836553,0.261,0.431,5.1E-216,1.5E-211,L4
RHBDL1,-0.909012571,0.218,0.354,3.3E-216,9.9E-212,inb
BRSK1,-0.561013497,5.67E-01,6.48E-01,2.94E-216,8.74E-212,L2/3
UBA6-AS1,0.826980069,0.502,0.343,2.4E-216,7.1E-212,ast
NRN1,-1.113976,0.51,0.736,2.3E-216,6.9E-212,L5/6-CC
UQCRQ,-0.848972896,2.92E-01,4.13E-01,1.39E-216,4.12E-212,L2/3
PHB,-1.047256058,1.96E-01,3.14E-01,1.33E-216,3.94E-212,L2/3
MRPL55,-0.830533775,2.63E-01,3.84E-01,9.66E-217,2.87E-212,L2/3
COX7C,-0.585952492,0.424,0.568,9.1E-217,2.7E-212,inb
COX6A1,-0.693257979,4.41E-01,5.50E-01,5.17E-217,1.54E-212,L2/3
NBL1,-0.922822333,0.211,0.349,5.0E-217,1.5E-212,inb
UNC45A,-0.728570079,3.82E-01,4.88E-01,4.70E-217,1.40E-212,L2/3
SPRYD3,-0.596329353,0.279,0.364,2.8E-217,8.3E-213,ext
HIGD1A,-0.94374543,2.43E-01,3.61E-01,2.57E-217,7.63E-213,L2/3
PIH1D1,-0.816664602,2.89E-01,4.08E-01,2.39E-217,7.10E-213,L2/3
TLE5,-0.638446966,0.502,0.663,2.2E-217,6.6E-213,L4
C1orf115,-0.631858035,4.70E-01,5.72E-01,1.94E-217,5.76E-213,L2/3
PARK7,-0.763325765,0.265,0.411,1.6E-217,4.7E-213,inb
SNCG,-0.534293167,0.292,0.379,1.4E-217,4.1E-213,ext
JTB,-0.955266515,0.163,0.296,9.5E-218,2.8E-213,inb
NDUFS8,-0.753922956,3.50E-01,4.62E-01,9.10E-218,2.70E-213,L2/3
NAPA,-0.784453962,0.351,0.517,6.2E-218,1.8E-213,L4
TRIR,-0.905907683,0.24,0.41,5.8E-218,1.7E-213,L4
NAT14,-0.949798183,0.2,0.367,5.4E-218,1.6E-213,L4
GPAA1,-1.116475077,0.16,0.319,4.9E-218,1.4E-213,L4
CHRM1,-0.735131812,0.222,0.302,4.4E-218,1.3E-213,ext
SRP14,-0.642671552,0.503,0.657,3.9E-218,1.2E-213,L4
VSNL1,-0.796249107,0.366,0.527,3.5E-218,1.0E-213,ast
SF3B2,-0.505537577,0.382,0.463,2.9E-218,8.7E-214,ext
RPL35A,-0.668063264,0.339,0.487,2.8E-218,8.3E-214,inb
GSG1L,-0.547599276,0.33,0.418,2.3E-218,6.9E-214,ext
FAU,-0.630353406,0.315,0.469,2.1E-218,6.1E-214,inb
GLDN,2.034235401,0.316,0.137,1.8E-218,5.5E-214,micro
GSG1L,-0.730320088,3.95E-01,5.16E-01,1.59E-218,4.73E-214,L2/3
COX7A2,-0.768032286,0.274,0.423,1.1E-218,3.2E-214,inb
MATK,-0.554006975,0.303,0.387,8.5E-219,2.5E-214,ext
CTSD,-0.784051152,0.251,0.393,6.3E-219,1.9E-214,inb
SHFL,-0.926002553,0.213,0.349,5.4E-219,1.6E-214,inb
SLC2A6,-0.793286913,3.22E-01,4.38E-01,4.90E-219,1.46E-214,L2/3
COPRS,-0.780779632,3.18E-01,4.37E-01,2.73E-219,8.13E-215,L2/3
ZFYVE21,-0.651735688,4.79E-01,5.73E-01,2.15E-219,6.38E-215,L2/3
AF165147.1,0.664912202,4.30E-01,2.90E-01,1.81E-219,5.38E-215,L2/3
TTC7A,-0.5304752,0.377,0.456,1.7E-219,5.1E-215,ext
GPR162,-0.892030467,0.299,0.469,1.6E-219,4.7E-215,L4
ATP6V0E2,-1.167695272,0.466,0.684,1.2E-219,3.6E-215,inb-pv
FAM241B,-0.875381696,2.56E-01,3.76E-01,1.19E-219,3.54E-215,L2/3
RAD23A,-0.955430577,0.273,0.44,1.1E-219,3.4E-215,L4
EEF1G,-0.748136444,3.38E-01,4.59E-01,9.91E-220,2.95E-215,L2/3
NME4,-0.785568606,0.223,0.302,9.9E-220,2.9E-215,ext
PHF24,-0.738397638,3.66E-01,4.80E-01,9.72E-220,2.89E-215,L2/3
NDUFS5,-0.716169575,0.361,0.534,7.3E-220,2.2E-215,L4
PHB2,-0.716455459,0.187,0.267,7.0E-220,2.1E-215,ext
MAP2K2,-0.675348569,4.58E-01,5.55E-01,5.22E-220,1.55E-215,L2/3
LAMA2,0.670059641,6.72E-01,5.82E-01,4.81E-220,1.43E-215,L2/3
ATP1B1,-0.687546191,0.883,0.915,3.8E-220,1.1E-215,inb-vip
DOCK4,0.804679919,0.884,0.8,3.6E-220,1.1E-215,L5/6-CC
VDAC1,-0.615396209,0.51,0.657,2.2E-220,6.7E-216,L4
AC012405.1,0.957573483,0.319,0.166,2.1E-220,6.1E-216,ast
PTMA,-0.60376487,0.578,0.722,1.9E-220,5.7E-216,L4
ARPC5L,-0.695697204,4.02E-01,5.12E-01,1.68E-220,4.99E-216,L2/3
ANKRD18B,0.577520398,5.33E-01,3.89E-01,1.65E-220,4.92E-216,L2/3
RNF187,-0.834918756,0.266,0.442,1.2E-220,3.4E-216,L4
C1orf216,-0.748833091,3.58E-01,4.72E-01,7.28E-221,2.16E-216,L2/3
RPP21,-0.678620672,0.203,0.286,6.6E-221,2.0E-216,ext
TXN2,-0.702027241,0.186,0.268,5.7E-221,1.7E-216,ext
MOXD1,0.768377213,3.51E-01,2.17E-01,5.72E-221,1.70E-216,L2/3
SERF2,-0.848899436,0.284,0.458,4.2E-221,1.2E-216,L4
CAMKV,-0.749735491,0.436,0.595,4.0E-221,1.2E-216,L4
RPL24,-0.731275273,0.421,0.586,3.9E-221,1.2E-216,L4
NDUFS6,-0.771606344,3.18E-01,4.38E-01,3.82E-221,1.14E-216,L2/3
NUCB1,-0.604522845,0.303,0.386,3.8E-221,1.1E-216,ext
PGAM1,-0.742046268,0.277,0.422,3.4E-221,1.0E-216,inb
ECHS1,-0.624909515,0.265,0.35,2.4E-221,7.1E-217,ext
ARL2,-0.91098269,2.44E-01,3.67E-01,2.21E-221,6.57E-217,L2/3
SOD1,-0.648116824,0.404,0.548,2.1E-221,6.2E-217,inb
SET,-0.695508149,0.299,0.447,1.6E-221,4.6E-217,inb
LTBP1,0.991692116,2.53E-01,1.37E-01,1.42E-221,4.22E-217,L2/3
SORCS2,0.733294255,3.28E-01,2.50E-01,1.01E-221,3.01E-217,oli
CCDC106,-1.170523198,1.50E-01,2.66E-01,8.48E-222,2.52E-217,L2/3
PDIA6,-0.738511921,0.405,0.573,8.0E-222,2.4E-217,L4
STRAP,-0.581792599,5.30E-01,6.18E-01,7.36E-222,2.19E-217,L2/3
ELOC,-0.66927269,4.34E-01,5.41E-01,3.44E-222,1.02E-217,L2/3
RPAIN,-0.51062514,0.397,0.479,3.1E-222,9.2E-218,ext
RPL10A,-0.740935948,0.28,0.43,2.1E-222,6.2E-218,inb
SNX3,-0.757484159,0.448,0.606,1.7E-222,5.1E-218,L4
INF2,-0.90463879,0.253,0.424,1.4E-222,4.1E-218,L4
TMSB10,-0.936504657,0.659,0.84,1.4E-222,4.1E-218,L5/6-CC
AC092691.3,1.123569679,2.73E-01,1.54E-01,1.12E-222,3.32E-218,L2/3
RPL18A,-0.701478065,0.285,0.438,1.0E-222,3.0E-218,inb
ACP1,-0.604742072,0.303,0.386,7.4E-223,2.2E-218,ext
KAT2A,-0.547669826,5.61E-01,6.51E-01,6.11E-223,1.82E-218,L2/3
FAM131A,-0.881858054,0.329,0.495,5.4E-223,1.6E-218,L4
RPS27,-0.678746019,0.44,0.605,4.5E-223,1.3E-218,L4
GCSH,-0.880977655,2.46E-01,3.68E-01,4.16E-223,1.24E-218,L2/3
SPSB3,-0.974125963,0.253,0.424,3.5E-223,1.0E-218,L4
CALM2,-0.648667027,0.915,0.966,2.5E-223,7.5E-219,L5/6-CC
TCEA2,-0.785159583,0.323,0.497,2.5E-223,7.4E-219,L4
UST,-0.744740602,2.16E-01,3.52E-01,1.50E-223,4.47E-219,L2/3
EVI5L,-0.53262604,0.335,0.419,1.0E-223,3.0E-219,ext
TMEM106C,-0.739760177,0.224,0.306,9.2E-224,2.7E-219,ext
LRRC2,0.630912522,5.35E-01,3.96E-01,7.78E-224,2.31E-219,L2/3
KIF21B,-0.534249751,0.303,0.388,7.6E-224,2.3E-219,ext
RHOB,-0.912576365,2.55E-01,3.77E-01,7.06E-224,2.10E-219,L2/3
RPL28,-0.607133967,0.41,0.555,6.9E-224,2.1E-219,inb
RTKN2,0.616173983,0.291,0.204,4.2E-224,1.3E-219,ext
TMSB10,-0.787010443,0.368,0.542,4.2E-224,1.3E-219,ast
COPRS,-0.955878556,0.246,0.42,4.2E-224,1.2E-219,L4
VGF,-1.022306862,0.197,0.369,3.8E-224,1.1E-219,L4
H1FX,-1.124548085,2.42E-01,3.59E-01,3.55E-224,1.05E-219,L2/3
EPB41L4A-AS1,-0.636273031,0.227,0.313,3.5E-224,1.0E-219,ext
CACNB3,-0.631513135,0.275,0.358,3.4E-224,1.0E-219,ext
AC093523.1,0.507073686,5.94E-01,0.458,3.31E-224,9.83E-220,L2/3
AL390755.1,-1.078239724,1.88E-01,0.311,2.95E-224,8.76E-220,L2/3
CDK5RAP3,-0.722457957,3.83E-01,0.497,2.64E-224,7.85E-220,L2/3
SULT4A1,-0.602053279,0.573,0.712,1.8E-224,5.5E-220,L4
NGRN,-0.593762034,0.426,0.569,1.7E-224,4.9E-220,inb
SYT5,-0.934368835,0.148,0.282,1.6E-224,4.8E-220,inb
PUF60,-1.00372893,2.14E-01,0.335,1.51E-224,4.49E-220,L2/3
DEGS1,-0.764925579,0.229,0.311,9.7E-225,2.9E-220,ext
UQCRH,-0.621745029,0.427,0.569,9.5E-225,2.8E-220,inb
LSM4,-0.804527685,2.63E-01,0.39,8.80E-225,2.62E-220,L2/3
SCN1B,-0.636387416,0.419,0.492,4.0E-225,1.2E-220,ext
RFK,-0.63770089,0.258,0.344,4.0E-225,1.2E-220,ext
FTH1,-0.76454487,0.741,0.785,3.9E-225,1.1E-220,ast
DCTN3,-0.902385334,0.207,0.38,3.3E-225,9.7E-221,L4
LY6H,-1.276274359,0.382,0.606,2.3E-225,6.9E-221,inb-vip
AC079382.2,0.735334814,3.70E-01,0.232,1.92E-225,5.72E-221,L2/3
ENC1,-0.702960055,0.649,0.754,1.5E-225,4.6E-221,L4
ABHD8,-0.639912136,4.66E-01,0.569,1.05E-225,3.12E-221,L2/3
TMEM141,-0.969766037,1.63E-01,0.285,7.40E-226,2.20E-221,L2/3
DBNDD2,-1.092448364,0.188,0.354,5.8E-226,1.7E-221,L4
GOT1,-0.703941905,0.431,0.596,5.4E-226,1.6E-221,L4
SUMO2,-0.733872893,0.397,0.568,4.5E-226,1.3E-221,L4
CD63,-0.855744094,0.22,0.364,3.8E-226,1.1E-221,inb
GPR162,-0.879124198,0.215,0.355,3.7E-226,1.1E-221,inb
UQCRB,-0.556987527,5.91E-01,0.685,3.11E-226,9.24E-222,L2/3
ABCB8,-0.563551639,0.321,0.404,2.7E-226,8.0E-222,ext
AC008050.1,-1.719647752,0.106,0.324,2.5E-226,7.5E-222,micro
CCT7,-0.927989656,2.84E-01,0.402,2.46E-226,7.30E-222,L2/3
FIBP,-0.994915186,0.185,0.354,1.6E-226,4.9E-222,L4
PTCH1,0.568583292,0.313,0.224,1.2E-226,3.5E-222,ext
AC079117.1,0.857154065,3.86E-01,0.249,1.11E-226,3.31E-222,L2/3
HSPA5,-0.634562662,0.308,0.391,7.7E-227,2.3E-222,ext
RPS26,-0.86755388,4.13E-01,0.52,7.50E-227,2.23E-222,L2/3
RPL36,-0.769935826,0.366,0.538,6.3E-227,1.9E-222,L4
COX7A2,-0.790782303,0.312,0.491,5.9E-227,1.8E-222,L4
SPCS2,-0.543778892,5.68E-01,0.653,3.89E-227,1.16E-222,L2/3
COX6B1,-0.789987481,0.272,0.422,2.5E-227,7.4E-223,inb
PLCH2,-0.713876578,0.218,0.301,1.5E-227,4.4E-223,ext
LYNX1,-0.517053084,0.391,0.472,1.3E-227,3.8E-223,ext
SNRPA1,-0.625029095,4.75E-01,0.575,1.00E-227,2.99E-223,L2/3
PDCD2,-0.730550932,0.197,0.278,9.9E-228,2.9E-223,ext
MRPL38,-0.689912393,0.228,0.312,7.3E-228,2.2E-223,ext
AC006001.2,-0.532328605,1.57E-01,2.52E-01,6.72E-228,2.00E-223,oli
NDUFA11,-0.877903352,0.234,0.411,5.3E-228,1.6E-223,L4
PLPPR2,-0.650553515,0.285,0.368,5.3E-228,1.6E-223,ext
VDAC2,-0.942834951,0.281,0.454,5.0E-228,1.5E-223,L4
EIF4A2,-0.513142557,0.598,0.703,4.9E-228,1.5E-223,inb
AGRN,-1.099353132,0.174,0.339,1.9E-228,5.8E-224,L4
ATP6V0C,-1.019767722,0.614,0.748,1.4E-228,4.1E-224,inb-vip
MZT2B,-0.687051316,0.358,0.534,1.3E-228,3.9E-224,L4
VPS28,-0.662055569,4.21E-01,0.533,9.80E-229,2.91E-224,L2/3
NME2,-0.662900153,0.344,0.526,9.6E-229,2.9E-224,L4
TUFM,-0.984576122,0.22,0.391,7.0E-229,2.1E-224,L4
RETREG2,-0.766993235,0.27,0.419,7.0E-229,2.1E-224,inb
TUFM,-0.960416617,0.167,0.305,2.8E-229,8.3E-225,inb
PRDX2,-1.356471049,0.352,0.61,1.4E-229,4.1E-225,inb-pv
ACAT2,-1.042740808,2.20E-01,0.341,1.29E-229,3.85E-225,L2/3
TMEM147,-1.14533877,1.63E-01,0.283,1.26E-229,3.75E-225,L2/3
GPR137,-0.761673681,0.184,0.266,9.0E-230,2.7E-225,ext
MGST1,0.677650592,5.11E-01,0.368,7.42E-230,2.21E-225,L2/3
CHCHD2,-0.678148825,0.345,0.5,7.2E-230,2.1E-225,inb
NDUFC1,-0.62673022,0.302,0.389,5.5E-230,1.6E-225,ext
IDI1,-0.866494748,0.281,0.457,5.0E-230,1.5E-225,L4
SYT5,-1.266018825,0.374,0.651,3.7E-230,1.1E-225,L5/6-CC
TUBA4A,-0.816699309,0.216,0.362,3.7E-230,1.1E-225,inb
CHMP5,-0.57684547,0.314,0.4,3.3E-230,9.9E-226,ext
OGFR,-0.578702896,5.24E-01,0.62,2.66E-230,7.91E-226,L2/3
HAGHL,-0.776495737,4.16E-01,0.519,1.15E-230,3.41E-226,L2/3
RPLP2,-0.823683133,0.348,0.522,7.6E-231,2.3E-226,L4
NNAT,-1.304651516,0.208,0.374,7.1E-231,2.1E-226,L4
RAB27A,0.674557382,0.305,0.217,5.5E-231,1.6E-226,ext
SLC16A10,0.534799185,6.32E-01,0.497,4.85E-231,1.44E-226,L2/3
RBMS3,0.562208675,6.24E-01,0.493,3.42E-231,1.02E-226,L2/3
EGLN2,-0.644703374,0.212,0.297,3.1E-231,9.3E-227,ext
TMSB10,-0.657298628,0.408,0.562,3.0E-231,8.8E-227,inb
FBXL16,-0.558583404,0.405,0.489,2.7E-231,7.9E-227,ext
ATF6B,-0.572330602,5.57E-01,6.39E-01,2.60E-231,7.73E-227,L2/3
TCTA,-0.725943408,0.221,0.304,2.2E-231,6.7E-227,ext
COPS6,-0.680411592,4.35E-01,5.42E-01,2.22E-231,6.59E-227,L2/3
CRIP2,-1.219528232,0.136,0.295,1.9E-231,5.7E-227,L4
RER1,-0.585043819,0.322,0.405,1.7E-231,4.9E-227,ext
PIP4P1,-0.809652483,0.176,0.257,1.6E-231,4.8E-227,ext
PSMD2,-0.883845421,0.278,0.453,1.4E-231,4.2E-227,L4
MS4A6A,1.490929164,0.272,0.09,1.1E-231,3.4E-227,micro
TBCB,-0.759730536,3.70E-01,4.86E-01,1.10E-231,3.28E-227,L2/3
LIN7B,-0.661220379,0.225,0.312,5.9E-232,1.8E-227,ext
DRAP1,-0.925410379,0.268,0.445,3.4E-232,1.0E-227,L4
CRY2,-0.518625172,6.00E-01,6.84E-01,3.17E-232,9.43E-228,L2/3
P4HTM,-0.733237567,0.337,0.482,2.7E-232,8.2E-228,inb
GPR135,0.50809778,6.34E-01,5.02E-01,2.46E-232,7.32E-228,L2/3
H3F3B,-0.576003637,5.00E-01,6.17E-01,2.00E-232,5.95E-228,L2/3
CFL1,-0.65184503,0.372,0.527,1.4E-232,4.1E-228,inb
SNU13,-0.672389227,4.40E-01,5.52E-01,1.38E-232,4.10E-228,L2/3
HIST1H4C,-1.347869876,0.167,0.331,1.4E-232,4.1E-228,L4
PTCH1,0.71063458,4.13E-01,2.66E-01,1.25E-232,3.70E-228,L2/3
AC006355.2,0.698354865,0.254,0.17,1.1E-232,3.2E-228,ext
PRMT1,-0.606794565,0.243,0.329,1.1E-232,3.1E-228,ext
LINC01331,-0.745555766,5.85E-01,6.65E-01,1.05E-232,3.12E-228,L2/3
TIMM13,-1.052598877,0.126,0.257,8.3E-233,2.5E-228,inb
ATP5MC1,-0.906641997,0.297,0.475,6.9E-233,2.1E-228,L4
SRSF2,-0.574243036,5.62E-01,6.47E-01,5.93E-233,1.76E-228,L2/3
PAXX,-1.031602967,0.218,0.392,5.1E-233,1.5E-228,L4
RCN2,-0.596503667,5.62E-01,6.49E-01,3.48E-233,1.03E-228,L2/3
RPL35,-0.756642165,0.353,0.533,2.9E-233,8.8E-229,L4
SELENOW,-1.128154679,0.691,0.858,2.6E-233,7.8E-229,L5/6-CC
HES4,-2.061857723,0.108,0.391,1.5E-233,4.5E-229,inb-sst
RPS23,-0.646560912,0.388,0.54,1.2E-233,3.7E-229,inb
ATP5MF,-0.997695306,0.246,0.422,1.2E-233,3.6E-229,L4
ATP5PO,-0.86091912,0.26,0.407,1.1E-233,3.1E-229,inb
SEC11C,-1.001312126,0.251,0.423,8.4E-234,2.5E-229,L4
THYN1,-0.705837752,0.231,0.316,8.3E-234,2.5E-229,ext
GUK1,-1.065675696,0.58,0.796,8.0E-234,2.4E-229,L5/6-CC
RPS12,-0.663308407,0.321,0.482,6.8E-234,2.0E-229,inb
STMN3,-0.670714921,0.398,0.542,4.4E-234,1.3E-229,inb
NUDT4,-0.63343109,4.91E-01,5.91E-01,2.02E-234,5.99E-230,L2/3
ZNF516,0.628540555,4.35E-01,2.84E-01,1.94E-234,5.76E-230,L2/3
TMEM14A,-0.58607406,5.33E-01,6.22E-01,1.63E-234,4.84E-230,L2/3
ZNF428,-1.005500516,0.243,0.419,1.3E-234,3.9E-230,L4
RDH11,-0.500780487,0.409,0.491,1.2E-234,3.5E-230,ext
EIF3K,-0.622372003,5.20E-01,6.11E-01,1.11E-234,3.31E-230,L2/3
OXLD1,-1.242980842,1.39E-01,2.57E-01,1.03E-234,3.06E-230,L2/3
RNASEH2C,-0.674551738,0.261,0.347,5.9E-235,1.8E-230,ext
ZNF831,0.583597582,5.03E-01,3.47E-01,3.06E-235,9.11E-231,L2/3
RPS13,-0.806908375,0.248,0.401,2.5E-235,7.4E-231,inb
STMN2,-0.571903148,0.598,0.706,2.2E-235,6.5E-231,inb
SRSF9,-0.897642668,3.13E-01,4.30E-01,2.08E-235,6.18E-231,L2/3
H3F3B,-0.719916799,0.346,0.5,2.0E-235,5.9E-231,inb
TMEM59L,-0.887694837,0.722,0.87,1.9E-235,5.5E-231,L5/6-CC
ATP5PF,-0.731075946,0.349,0.501,1.8E-235,5.5E-231,inb
ERBIN,0.719716134,0.662,0.543,6.1E-236,1.8E-231,ast
TOMM6,-0.575318204,0.287,0.376,4.7E-236,1.4E-231,ext
AL162231.1,-1.004678096,2.05E-01,3.32E-01,4.08E-236,1.21E-231,L2/3
PDXP,-0.851271967,3.34E-01,4.53E-01,4.07E-236,1.21E-231,L2/3
RPS15,-0.567784799,0.412,0.568,4.0E-236,1.2E-231,inb
RPS26,-0.941328091,0.247,0.393,4.0E-236,1.2E-231,inb
PET100,-0.929607897,2.64E-01,3.91E-01,3.93E-236,1.17E-231,L2/3
RPL29,-0.696662575,0.303,0.461,3.4E-236,1.0E-231,inb
CFAP54,0.581547156,0.353,0.261,1.7E-236,5.1E-232,ext
CSTB,-0.656871697,0.27,0.356,1.6E-236,4.7E-232,ext
PTS,-0.520110055,0.374,0.461,1.5E-236,4.4E-232,ext
PSMD7,-0.920604686,0.285,0.464,1.4E-236,4.0E-232,L4
HRAS,-1.278393409,0.147,0.31,1.1E-236,3.3E-232,L4
RPS25,-0.667008629,5.05E-01,6.14E-01,1.12E-236,3.33E-232,L2/3
ATP5PO,-0.898555693,0.272,0.45,9.8E-237,2.9E-232,L4
TMEM219,-0.658395974,0.217,0.303,7.4E-237,2.2E-232,ext
SCN2B,-0.569313936,0.319,0.409,6.8E-237,2.0E-232,ext
NRSN2,-0.559122737,0.368,0.451,5.0E-237,1.5E-232,ext
FASN,-0.645398309,0.245,0.332,4.0E-237,1.2E-232,ext
LUZP2,-0.872836139,2.58E-01,3.93E-01,3.73E-237,1.11E-232,L2/3
C18orf32,-0.709646697,4.41E-01,5.48E-01,3.68E-237,1.09E-232,L2/3
CACHD1,0.708110225,4.80E-01,3.43E-01,3.02E-237,8.98E-233,L2/3
AP2A1,-0.605186284,5.06E-01,6.04E-01,2.00E-237,5.94E-233,L2/3
TUBA1B,-0.812114093,0.801,0.922,1.4E-237,4.2E-233,L5/6-CC
PWRN1,-0.527402465,0.304,0.403,1.4E-237,4.0E-233,ext
CADM4,-0.916198877,0.185,0.266,1.3E-237,4.0E-233,ext
NDUFB7,-0.99917923,0.207,0.381,1.3E-237,3.9E-233,L4
ATP5MC1,-0.826273392,0.243,0.396,9.7E-238,2.9E-233,inb
EEF1B2,-1.128123514,0.202,0.375,8.1E-238,2.4E-233,L4
MIR7-3HG,-0.615337121,0.297,0.383,7.8E-238,2.3E-233,ext
RPS5,-0.789292365,0.214,0.366,5.7E-238,1.7E-233,inb
PODXL2,-0.603859429,0.463,0.599,3.9E-238,1.2E-233,inb
EEF1A1,-0.62623256,0.572,0.718,3.8E-238,1.1E-233,L4
ATP5ME,-0.744605393,0.351,0.532,2.8E-238,8.3E-234,L4
RPS8,-0.565286997,5.66E-01,6.64E-01,2.57E-238,7.63E-234,L2/3
VSTM2L,-0.628668701,5.22E-01,6.16E-01,1.46E-238,4.34E-234,L2/3
NAV2,-1.031990412,0.322,0.581,1.2E-238,3.6E-234,micro
PLCH2,-0.799104355,3.34E-01,4.60E-01,1.20E-238,3.56E-234,L2/3
ARL6IP5,-0.721686638,0.42,0.557,9.7E-239,2.9E-234,inb
AC002070.1,0.910095935,3.61E-01,2.24E-01,8.43E-239,2.51E-234,L2/3
ARL4C,-0.701804763,0.493,0.621,8.1E-239,2.4E-234,inb
PIGZ,-0.509187406,0.408,0.49,7.3E-239,2.2E-234,ext
CX3CL1,-0.813670136,0.407,5.15E-01,5.64E-239,1.68E-234,L2/3
ACAP3,-0.521622999,1.81E-01,2.84E-01,5.19E-239,1.54E-234,oli
SRSF9,-1.16969745,0.183,0.351,4.6E-239,1.4E-234,L4
RPL18,-0.633011046,0.422,0.573,1.3E-239,4.0E-235,inb
LINC02646,0.754141646,0.253,0.17,1.1E-239,3.3E-235,ext
FKBP5,1.035176699,0.335,0.176,9.2E-240,2.7E-235,ast
ATF4,-0.976186468,0.233,0.408,8.7E-240,2.6E-235,L4
RPS15A,-0.896304366,0.284,0.464,5.7E-240,1.7E-235,L4
SMIM10L1,-0.778771196,0.206,0.291,5.6E-240,1.7E-235,ext
CTDNEP1,-0.683252442,0.238,0.325,3.8E-240,1.1E-235,ext
SNHG7,-0.812680597,0.339,4.60E-01,3.81E-240,1.13E-235,L2/3
RPS3,-0.724240971,0.429,0.598,3.4E-240,1.0E-235,L4
RAB11B,-0.594012821,0.278,0.366,2.4E-240,7.0E-236,ext
COPS9,-0.708493714,0.424,5.40E-01,2.22E-240,6.59E-236,L2/3
NPTXR,-0.699428975,0.541,0.688,1.9E-240,5.6E-236,L4
RHBDD2,-0.923636622,0.298,0.476,1.7E-240,5.1E-236,L4
PSMB3,-0.64298311,0.236,0.323,1.4E-240,4.1E-236,ext
NDUFAF8,-0.810534049,0.295,4.25E-01,1.24E-240,3.69E-236,L2/3
UQCR10,-0.68333794,0.447,5.62E-01,1.15E-240,3.41E-236,L2/3
CGREF1,-0.830226314,0.353,4.70E-01,8.44E-241,2.51E-236,L2/3
BASP1,-0.85997794,0.294,0.473,7.3E-241,2.2E-236,ast
SCYL1,-0.578813134,0.315,0.401,6.1E-241,1.8E-236,ext
AF279873.3,1.076272888,0.318,0.161,4.7E-241,1.4E-236,ast
RANBP1,-0.981520365,0.232,0.41,4.6E-241,1.4E-236,L4
NAT9,-0.808415009,0.356,4.72E-01,4.17E-241,1.24E-236,L2/3
HMGCR,-0.605667408,0.564,6.50E-01,3.78E-241,1.13E-236,L2/3
EIF4A1,-0.621766757,0.513,6.12E-01,1.63E-241,4.85E-237,L2/3
COL16A1,-0.786321475,0.35,4.74E-01,7.68E-242,2.28E-237,L2/3
LINC02613,0.745778851,0.429,2.81E-01,4.68E-242,1.39E-237,L2/3
COMMD6,-0.670255249,0.235,0.322,4.6E-242,1.4E-237,ext
MRPS24,-1.173124845,0.154,0.324,1.9E-242,5.7E-238,L4
MED8,-0.741602344,0.206,0.292,1.7E-242,4.9E-238,ext
RUNDC3A,-0.735520251,0.418,0.59,1.2E-242,3.6E-238,L4
CALR,-0.994541965,0.222,0.365,1.1E-242,3.4E-238,inb
MRPL51,-0.889677125,0.232,3.66E-01,7.25E-243,2.16E-238,L2/3
LSM3,-0.774346171,0.172,0.256,7.0E-243,2.1E-238,ext
CDK5,-1.089442701,0.183,3.09E-01,6.37E-243,1.89E-238,L2/3
RPS12,-0.709732791,0.456,5.80E-01,6.22E-243,1.85E-238,L2/3
SLC25A11,-1.054971234,0.198,3.24E-01,4.81E-243,1.43E-238,L2/3
PFDN2,-0.551677602,0.376,0.466,3.0E-243,8.8E-239,ext
CUTA,-1.08336959,0.198,0.375,2.9E-243,8.6E-239,L4
NDUFS7,-0.767671394,0.369,4.88E-01,2.79E-243,8.28E-239,L2/3
CTSF,-0.850737634,0.247,0.395,2.2E-243,6.6E-239,inb
SLC29A1,-0.678468446,0.265,0.351,2.1E-243,6.3E-239,ext
STX10,-0.720445629,0.219,0.306,1.1E-243,3.4E-239,ext
CHCHD10,-0.740963963,0.294,0.447,9.1E-244,2.7E-239,inb
IPO13,-0.51286604,1.73E-01,2.75E-01,8.76E-244,2.60E-239,oli
SLC17A7,-0.829830674,0.704,0.865,7.8E-244,2.3E-239,L5/6-CC
ARL6IP4,-0.740365068,0.261,0.417,4.9E-244,1.4E-239,inb
CTSD,-0.834430488,0.356,4.76E-01,4.54E-244,1.35E-239,L2/3
ARPC3,-0.550988189,0.445,0.524,3.5E-244,1.0E-239,ext
CALY,-1.10691643,0.62,0.769,2.2E-244,6.6E-240,inb-pv
TIMM13,-1.143509841,0.145,0.315,1.8E-244,5.3E-240,L4
AP1S1,-0.960745129,0.127,0.264,1.2E-244,3.6E-240,inb
ATOX1,-0.638758906,0.222,0.312,1.2E-244,3.4E-240,ext
MTCH1,-0.639726001,0.425,0.574,1.2E-244,3.4E-240,inb
WSB2,-0.900337509,0.374,0.547,1.1E-244,3.1E-240,L4
TIMM17A,-0.665464082,0.26,0.348,8.7E-245,2.6E-240,ext
LRMDA,1.041504998,0.352,0.187,8.2E-245,2.4E-240,ast
ARF3,-0.674251161,0.475,0.642,6.7E-245,2.0E-240,L4
YPEL3,-0.740626437,0.392,0.541,4.0E-245,1.2E-240,inb
RPL11,-0.661919654,0.367,0.525,3.8E-245,1.1E-240,inb
SLC39A3,-1.219275295,0.139,2.60E-01,3.78E-245,1.12E-240,L2/3
GABRD,-0.805338925,0.316,0.5,2.7E-245,8.2E-241,L4
PFN2,-0.507610889,6.31E-01,7.12E-01,1.80E-245,5.35E-241,L2/3
DOCK5,1.552343777,5.32E-01,3.00E-01,1.68E-245,5.00E-241,opc
CHMP4A,-0.691090059,0.25,0.338,1.5E-245,4.4E-241,ext
RPS5,-0.957053406,0.238,0.423,1.0E-245,3.0E-241,L4
CLTB,-0.824573142,0.233,0.386,9.0E-246,2.7E-241,inb
EID1,-0.693398539,0.392,0.545,8.9E-246,2.6E-241,inb
MARCKSL1,-1.019798192,0.202,0.349,8.4E-246,2.5E-241,inb
RPL21,-0.73268996,0.36,0.515,6.6E-246,2.0E-241,inb
PPIA,-0.548085959,0.663,7.34E-01,5.36E-246,1.59E-241,L2/3
LGALS1,-0.963167306,2.03E-01,3.38E-01,4.88E-246,1.45E-241,L2/3
ITM2B,-0.567502374,0.64,0.73,3.9E-246,1.2E-241,inb
PA2G4,-0.666573896,0.274,0.362,3.6E-246,1.1E-241,ext
RHOT2,-0.928224251,0.317,0.493,3.4E-246,1.0E-241,L4
CD81,-1.004484796,0.27,0.45,3.0E-246,8.9E-242,L4
GAPDH,-1.18650418,0.611,0.753,2.7E-246,7.9E-242,inb-vip
GRASP,-0.854507383,3.08E-01,4.34E-01,2.20E-246,6.53E-242,L2/3
AC016745.2,0.574300631,0.388,0.299,1.7E-246,5.2E-242,ext
CNIH2,-1.313220073,0.165,0.332,1.3E-246,3.8E-242,L4
ATP5MC3,-0.756954268,0.275,0.434,9.7E-247,2.9E-242,inb
DIRAS2,-0.55831384,0.617,7.06E-01,6.82E-247,2.03E-242,L2/3
RING1,-0.562038958,0.364,0.452,4.7E-247,1.4E-242,ext
NT5C3B,-0.866881249,0.286,4.15E-01,4.21E-247,1.25E-242,L2/3
MEG3,-0.654479507,0.896,0.954,4.1E-247,1.2E-242,inb-sst
CST3,-0.756198906,0.593,0.712,4.0E-247,1.2E-242,ast
VDAC2,-0.930151689,0.243,0.39,2.8E-247,8.2E-243,inb
HSPA8,-0.904276866,0.296,0.47,2.3E-247,6.9E-243,ast
IRS1,0.630245041,0.282,0.192,2.2E-247,6.5E-243,ext
STK32C,-0.516934444,0.404,0.485,1.2E-247,3.7E-243,ext
RPS8,-0.815738547,0.4,0.575,8.4E-248,2.5E-243,L4
RPS18,-0.683577181,0.37,0.528,6.8E-248,2.0E-243,inb
NSUN5,-0.785169765,0.239,0.323,4.5E-248,1.3E-243,ext
NLGN2,-0.617705578,0.321,0.408,3.7E-248,1.1E-243,ext
BTF3,-1.018341803,0.251,0.433,2.6E-248,7.8E-244,L4
CHCHD10,-0.750091296,0.373,0.553,2.5E-248,7.3E-244,L4
LINGO1,-0.590168342,0.637,0.756,1.9E-248,5.7E-244,L4
UQCR10,-0.894565465,0.321,0.504,1.2E-248,3.5E-244,L4
FAU,-0.759993325,0.349,0.539,1.2E-248,3.5E-244,L4
ENTPD6,-0.558059203,0.372,0.458,9.7E-249,2.9E-244,ext
FDX2,-0.66531849,0.393,5.18E-01,8.17E-249,2.43E-244,L2/3
LYRM9,-0.52893345,0.36,0.449,7.3E-249,2.2E-244,ext
CD59,-0.517816301,0.366,0.457,6.0E-249,1.8E-244,ext
ARPC5L,-1.076360054,0.237,0.416,2.7E-249,8.2E-245,L4
RAB27B,0.51426565,0.722,6.15E-01,1.88E-249,5.58E-245,L2/3
CNTNAP4,0.55260942,6.13E-01,4.68E-01,1.45E-249,4.31E-245,L2/3
ARF1,-0.519747341,6.45E-01,7.30E-01,1.21E-249,3.59E-245,L2/3
ZBTB16,0.733961761,4.43E-01,3.83E-01,1.20E-249,3.58E-245,oli
COX6B1,-0.896305494,0.313,0.496,6.5E-250,1.9E-245,L4
TXN,-0.788571342,0.381,5.00E-01,5.67E-250,1.69E-245,L2/3
CCS,-0.725670251,0.414,5.30E-01,3.88E-250,1.15E-245,L2/3
STK25,-0.592960272,0.54,6.37E-01,3.07E-250,9.12E-246,L2/3
RPL36AL,-1.025198145,0.208,0.389,1.5E-250,4.5E-246,L4
TMEM50A,-0.530366986,0.423,0.506,1.3E-250,3.7E-246,ext
RPL23A,-1.092990256,0.229,0.408,8.8E-251,2.6E-246,L4
NRGN,-1.091381221,0.401,0.636,7.5E-251,2.2E-246,micro
RPL9,-0.705159815,0.48,0.646,7.2E-251,2.1E-246,L4
VAMP2,-0.977228503,0.596,0.774,7.0E-251,2.1E-246,inb-vip
TUBB4A,-0.676808352,4.67E-01,5.80E-01,6.90E-251,2.05E-246,L2/3
GGCT,-0.548605816,0.36,0.45,6.7E-251,2.0E-246,ext
STUM,-0.912321575,0.313,4.41E-01,6.23E-251,1.85E-246,L2/3
DNAJB9,-0.820482128,0.168,0.252,4.9E-251,1.5E-246,ext
PNN,-0.536171908,0.621,6.94E-01,4.27E-251,1.27E-246,L2/3
B3GAT3,-0.94902919,0.193,0.342,4.0E-251,1.2E-246,inb
MVD,-0.753016049,0.437,5.44E-01,3.91E-251,1.16E-246,L2/3
MLF2,-0.760288935,0.406,0.584,3.4E-251,1.0E-246,L4
AC025159.1,0.552946872,7.49E-01,6.50E-01,3.33E-251,9.90E-247,L2/3
EGFL7,-1.095424135,0.217,0.394,2.6E-251,7.8E-247,L4
COL28A1,0.819241458,0.405,2.57E-01,2.35E-251,6.98E-247,L2/3
SYNPR,0.60638454,0.662,5.69E-01,2.16E-251,6.41E-247,L2/3
CORT,-2.583987262,0.062,0.341,1.3E-251,3.9E-247,inb-sst
COX8A,-0.933659868,0.19,0.34,1.3E-251,3.7E-247,inb
ARPP19,-0.818399591,0.79,0.917,1.2E-251,3.7E-247,L5/6-CC
RNF167,-0.773988479,0.177,0.264,7.6E-252,2.3E-247,ext
MICOS13,-1.097563812,0.178,0.354,3.2E-252,9.4E-248,L4
OPRM1,0.947075065,0.553,0.42,3.0E-252,8.9E-248,L4
TUBB2B,-1.078311447,0.158,0.3,3.0E-252,8.9E-248,inb
N4BP2,0.554112636,0.305,0.208,2.3E-252,6.8E-248,ext
RPL7,-0.544015329,0.367,0.462,1.6E-252,4.8E-248,ext
ELOB,-0.788523121,0.263,0.422,1.6E-252,4.6E-248,inb
VPS9D1,-0.517887232,0.636,7.08E-01,1.52E-252,4.51E-248,L2/3
CEMIP2,0.561723695,0.687,5.73E-01,1.19E-252,3.54E-248,L2/3
NUDT14,-1.302921112,0.149,2.71E-01,1.15E-252,3.43E-248,L2/3
SEC11C,-1.015979175,0.19,0.336,9.1E-253,2.7E-248,inb
AC063944.1,0.7200026,0.299,0.208,8.2E-253,2.4E-248,ext
RPL12,-0.931889644,0.26,0.446,6.6E-253,2.0E-248,L4
NDUFB10,-0.956530354,0.232,0.417,4.7E-253,1.4E-248,L4
AC016042.1,0.653249992,0.588,0.523,4.2E-253,1.2E-248,ext
PSMC1,-0.726293415,0.422,5.35E-01,3.89E-253,1.16E-248,L2/3
C3orf80,-0.884428916,0.18,0.263,3.6E-253,1.1E-248,ext
HAX1,-0.887070037,0.302,4.29E-01,3.45E-253,1.03E-248,L2/3
MTSS1,0.599406096,0.527,3.74E-01,2.60E-253,7.73E-249,L2/3
MEG3,-0.506473257,0.976,0.978,1.4E-253,4.2E-249,inb-pv
RPL24,-0.584055126,5.82E-01,6.83E-01,1.25E-253,3.71E-249,L2/3
GIPC1,-0.502823908,1.55E-01,2.57E-01,1.05E-253,3.13E-249,oli
ARF5,-0.939157159,0.173,0.321,8.6E-254,2.6E-249,inb
CKB,-0.955840895,0.748,0.839,8.1E-254,2.4E-249,inb-pv
ICAM5,-0.807336151,0.402,5.20E-01,6.96E-254,2.07E-249,L2/3
RETREG2,-0.885192646,0.326,0.51,4.3E-254,1.3E-249,L4
NDUFC2,-0.524974738,0.175,2.80E-01,2.99E-254,8.90E-250,oli
ECE2,-0.728235987,0.397,0.542,1.6E-254,4.6E-250,inb
NEDD8,-0.673870421,0.483,5.91E-01,9.92E-255,2.95E-250,L2/3
CALU,-0.634729899,0.518,6.19E-01,7.87E-255,2.34E-250,L2/3
SPAG16,0.50124123,0.811,7.39E-01,6.76E-255,2.01E-250,L2/3
AGAP2,-0.533602424,0.417,0.503,5.8E-255,1.7E-250,ext
ATP1B1,-0.721992451,0.9,0.935,4.8E-255,1.4E-250,inb-pv
LINC00551,1.33547035,0.338,0.181,4.3E-255,1.3E-250,L4
SCG3,-0.594747858,0.646,7.09E-01,2.68E-255,7.96E-251,L2/3
ATP6V1F,-0.876898824,0.311,0.498,1.7E-255,5.2E-251,L4
CUTA,-1.037710016,0.168,0.314,1.5E-255,4.4E-251,inb
DUXAP8,0.883819897,0.329,1.88E-01,1.24E-255,3.69E-251,L2/3
SSBP4,-0.883312298,0.238,0.389,1.1E-255,3.4E-251,inb
MED10,-0.899448747,0.338,0.516,7.2E-256,2.1E-251,L4
NDUFB2,-0.696193635,0.458,5.78E-01,4.99E-256,1.48E-251,L2/3
CIRBP,-0.603014104,0.592,0.73,3.0E-256,8.9E-252,L4
PDIA6,-0.54936356,0.577,6.77E-01,1.77E-256,5.25E-252,L2/3
ATP6V0D1,-0.853430917,0.249,0.404,1.1E-256,3.4E-252,inb
COX14,-0.763915187,0.168,0.257,9.9E-257,2.9E-252,ext
PRELID1,-1.122907935,0.184,0.366,8.9E-257,2.7E-252,L4
CFAP44,0.565173227,0.621,4.75E-01,5.38E-257,1.60E-252,L2/3
CEND1,-0.710384743,0.34,0.498,4.3E-257,1.3E-252,inb
FDX2,-0.945619434,0.259,0.449,3.6E-257,1.1E-252,L4
COX5A,-0.923349824,0.227,0.381,2.4E-257,7.2E-253,inb
FAM66A,1.12315196,0.424,0.259,1.9E-257,5.8E-253,L4
CEND1,-0.770328119,0.443,0.617,1.9E-257,5.6E-253,L4
CDC37,-0.602616208,0.53,6.33E-01,1.27E-257,3.78E-253,L2/3
MRFAP1,-0.889263383,0.31,0.499,1.1E-257,3.2E-253,L4
TMEM70,-0.780525988,0.201,0.289,9.6E-258,2.9E-253,ext
CTSF,-0.977285703,0.302,0.481,9.1E-258,2.7E-253,L4
ITPKB,0.837347811,0.642,0.504,8.0E-258,2.4E-253,ast
NME3,-0.801023313,0.274,0.433,4.7E-258,1.4E-253,inb
UBXN6,-0.61146914,0.296,0.388,4.7E-258,1.4E-253,ext
NOC2L,-0.614439378,0.28,0.371,3.8E-258,1.1E-253,ext
MYL6,-0.79940299,0.263,0.425,3.2E-258,9.6E-254,inb
CRYM,-0.519230799,0.571,0.632,1.6E-258,4.7E-254,ext
SEPTIN5,-1.257749405,0.151,0.323,1.4E-258,4.1E-254,L4
TOMM40,-0.737642862,0.22,0.308,1.2E-258,3.5E-254,ext
HSPA8,-1.410143774,0.395,0.656,1.1E-258,3.2E-254,inb-pv
NBL1,-0.885785111,3.22E-01,4.47E-01,9.81E-259,2.92E-254,L2/3
COX8A,-0.886930269,0.299,4.32E-01,7.61E-259,2.26E-254,L2/3
MALAT1,-0.505553089,1,1,4.9E-259,1.5E-254,inb-pv
SGSM3,-0.706375208,0.434,5.49E-01,3.67E-259,1.09E-254,L2/3
UBASH3B,0.655464606,0.288,0.196,3.7E-259,1.1E-254,ext
TYRO3,-0.839277565,0.362,0.545,3.5E-259,1.0E-254,L4
IDI1,-0.761079116,0.385,5.09E-01,3.42E-259,1.02E-254,L2/3
CACNA1G,-0.863164023,0.355,4.78E-01,3.23E-259,9.59E-255,L2/3
KANSL1,0.51927581,0.614,5.77E-01,2.28E-259,6.77E-255,oli
SH3TC2-DT,-0.63185449,0.175,2.79E-01,1.56E-259,4.65E-255,oli
CNTN5,0.514278428,0.794,6.77E-01,1.44E-259,4.29E-255,L2/3
NDUFB9,-0.722434081,0.233,0.324,1.3E-259,3.9E-255,ext
SMIM19,-0.674816628,0.253,0.344,5.2E-260,1.5E-255,ext
COX6A1,-0.978486029,0.311,0.496,5.0E-260,1.5E-255,L4
MRPS34,-1.037763596,0.192,3.26E-01,4.77E-260,1.42E-255,L2/3
DBNDD2,-0.920361421,0.285,4.17E-01,2.87E-260,8.54E-256,L2/3
RPL17,-0.742777834,0.351,0.509,2.9E-260,8.5E-256,inb
MRPS7,-1.067559653,0.215,3.48E-01,2.55E-260,7.59E-256,L2/3
TRMT112,-0.765661142,0.201,0.291,2.5E-260,7.3E-256,ext
HAGH,-0.575327025,0.153,2.54E-01,2.10E-260,6.24E-256,oli
UCHL1,-0.531038416,0.28,3.92E-01,1.13E-260,3.35E-256,oli
B4GALT2,-0.79969262,0.167,0.253,7.4E-261,2.2E-256,ext
TALDO1,-0.571930343,0.287,0.38,6.1E-261,1.8E-256,ext
ABTB1,-0.563430056,0.345,0.436,4.4E-261,1.3E-256,ext
RAD23A,-0.74941757,0.401,5.21E-01,4.20E-261,1.25E-256,L2/3
EGR1,-0.569501175,0.161,0.253,3.3E-261,9.9E-257,ext
YWHAH,-0.842929477,0.335,0.519,2.2E-261,6.7E-257,ast
TOX,0.612570301,0.601,4.49E-01,1.82E-261,5.40E-257,L2/3
COX7A2,-0.506592861,0.151,2.56E-01,1.54E-261,4.58E-257,oli
MARCKS,-0.70065026,0.465,5.83E-01,1.38E-261,4.09E-257,L2/3
LAMTOR5,-0.647379046,0.242,0.336,1.2E-261,3.5E-257,ext
RHPN1,-0.68621823,0.458,5.73E-01,1.13E-261,3.36E-257,L2/3
LDHA,-0.877191724,0.365,0.546,6.6E-262,2.0E-257,L4
RPL13,-0.567179678,0.547,0.679,6.5E-262,1.9E-257,inb
AC010280.1,0.583093236,0.363,0.265,6.1E-262,1.8E-257,ext
EMC3,-0.539082625,0.39,0.479,2.3E-262,6.8E-258,ext
NACA,-0.537057193,0.643,7.35E-01,2.06E-262,6.11E-258,L2/3
METTL26,-1.027932132,0.233,0.42,1.1E-262,3.2E-258,L4
TUBB2A,-1.093134693,0.191,0.371,9.1E-263,2.7E-258,ast
RPS27,-0.57589254,0.599,7.05E-01,6.40E-263,1.90E-258,L2/3
KLHDC3,-0.841301402,0.387,0.57,5.0E-263,1.5E-258,L4
C4orf48,-1.09836772,0.227,0.41,4.4E-263,1.3E-258,L4
AC007368.1,0.528557617,0.745,6.64E-01,3.86E-263,1.15E-258,L2/3
TOMM7,-0.945308494,0.315,0.503,2.6E-263,7.8E-259,L4
PTH2R,0.601163383,0.421,0.329,2.5E-263,7.3E-259,ext
RPSA,-0.75222876,0.326,0.485,2.0E-263,5.9E-259,inb
RABAC1,-0.921684669,0.219,0.374,1.7E-263,5.2E-259,inb
ISCU,-0.893132021,0.281,0.438,1.5E-263,4.4E-259,inb
FIS1,-0.899470381,0.266,0.459,1.5E-263,4.3E-259,L4
RPL18,-0.717425398,0.491,0.665,1.1E-263,3.2E-259,L4
EID1,-0.713818857,0.496,0.668,8.9E-264,2.6E-259,L4
SLC25A22,-0.721289404,0.27,0.362,8.8E-264,2.6E-259,ext
RPS14,-0.682324197,0.485,0.658,6.1E-264,1.8E-259,L4
GRIP1,0.522087651,0.751,6.39E-01,3.64E-264,1.08E-259,L2/3
FNDC5,-0.937579778,0.168,0.253,2.8E-264,8.2E-260,ext
RASGEF1B,-0.938306344,2.93E-01,4.26E-01,2.47E-264,7.36E-260,L2/3
MYL6B,-0.945690449,0.312,0.498,2.4E-264,7.0E-260,L4
TMEM132A,-1.014802686,0.293,0.479,2.2E-264,6.4E-260,L4
REX1BD,-0.732737248,0.313,0.476,2.0E-264,6.1E-260,inb
RABAC1,-0.946188391,0.282,0.47,2.0E-264,6.0E-260,L4
RPS26,-1.14501732,0.274,0.454,2.0E-264,5.8E-260,L4
ATP5MPL,-0.740760717,0.444,0.621,1.7E-264,5.1E-260,L4
COMMD7,-0.58235533,0.336,0.428,1.7E-264,4.9E-260,ext
COX8A,-1.027382606,0.21,0.394,1.5E-264,4.3E-260,L4
STMN3,-0.762859117,0.473,0.644,1.4E-264,4.3E-260,L4
SLC25A3,-0.775389216,0.356,0.511,1.0E-264,3.1E-260,inb
CCKBR,-0.764296321,0.209,0.299,1.0E-264,3.0E-260,ext
RHOBTB2,-0.58477255,6.02E-01,6.78E-01,7.41E-265,2.20E-260,L2/3
RPL37,-0.505747042,0.605,0.674,7.4E-265,2.2E-260,ext
NDN,-1.30722376,1.58E-01,2.86E-01,5.90E-265,1.75E-260,L2/3
SCG2,-1.398145261,0.603,0.748,4.9E-265,1.5E-260,inb-vip
TTC9B,-1.633539879,0.329,0.628,4.0E-265,1.2E-260,L5/6-CC
POMT1,-0.573217447,0.32,0.413,3.5E-265,1.0E-260,ext
CYP51A1,-0.651180699,4.98E-01,6.05E-01,3.41E-265,1.01E-260,L2/3
FAM85B,0.581975593,0.371,0.27,2.6E-265,7.8E-261,ext
ZNF667-AS1,-0.572404824,0.351,0.444,1.2E-265,3.4E-261,ext
NENF,-0.748528718,0.213,0.302,8.3E-266,2.5E-261,ext
ERP29,-0.952571504,0.188,0.342,8.0E-266,2.4E-261,inb
MCOLN1,-0.650926386,0.274,0.366,3.8E-266,1.1E-261,ext
UQCRFS1,-0.986427597,0.175,0.327,1.3E-266,3.9E-262,inb
UBXN1,-0.972235528,2.38E-01,3.74E-01,1.21E-266,3.59E-262,L2/3
AC009041.2,-1.357445054,0.611,0.809,1.2E-266,3.4E-262,L5/6-CC
EXTL1,-0.64539756,0.299,0.391,7.8E-267,2.3E-262,ext
DPF1,-0.534947614,0.406,0.495,5.0E-267,1.5E-262,ext
TGFBR3L,-1.200009673,0.137,0.312,3.8E-267,1.1E-262,L4
LDHA,-0.859781085,0.244,0.404,3.2E-267,9.6E-263,inb
CTSL,-0.724244028,0.266,0.357,2.9E-267,8.5E-263,ext
ATP5MF,-0.849216769,3.35E-01,4.68E-01,1.83E-267,5.45E-263,L2/3
MRFAP1,-0.543306946,0.157,2.62E-01,1.47E-267,4.36E-263,oli
CENPV,-0.673524954,0.271,0.365,7.7E-268,2.3E-263,ext
HINT1,-0.662332236,0.416,0.579,7.4E-268,2.2E-263,inb
REEP2,-0.844899373,0.405,0.583,6.7E-268,2.0E-263,L4
INPP4B,0.830853212,0.938,0.872,5.1E-268,1.5E-263,L5/6-CC
LINC02802,-0.875632474,3.66E-01,4.87E-01,4.71E-268,1.40E-263,L2/3
RPS19,-0.634048384,5.08E-01,6.28E-01,3.11E-268,9.25E-264,L2/3
CLTB,-0.974440833,0.326,0.512,2.9E-268,8.5E-264,L4
LINC01197,0.523640396,0.492,0.406,2.5E-268,7.4E-264,ext
GLIS3,0.588604464,0.812,0.764,1.8E-268,5.3E-264,ast
RPS15A,-0.731714699,4.22E-01,5.50E-01,1.50E-268,4.47E-264,L2/3
MRPL57,-0.676208933,0.279,0.373,1.3E-268,3.9E-264,ext
ITPKA,-1.324681131,0.125,0.297,1.3E-268,3.8E-264,L4
FNDC4,-1.313460005,0.16,0.337,9.0E-269,2.7E-264,L4
VCP,-0.635085233,5.23E-01,6.24E-01,7.57E-269,2.25E-264,L2/3
MLLT11,-0.642095416,5.47E-01,6.46E-01,6.91E-269,2.05E-264,L2/3
NECAB3,-1.133173867,2.10E-01,3.43E-01,5.53E-269,1.64E-264,L2/3
NAV2,0.851405621,0.364,2.79E-01,5.18E-269,1.54E-264,oli
SVEP1,-0.71028555,0.213,3.19E-01,3.92E-269,1.17E-264,oli
TUSC2,-0.989613776,2.41E-01,3.77E-01,3.55E-269,1.05E-264,L2/3
AL354809.1,0.813923118,0.351,2.62E-01,1.90E-269,5.64E-265,oli
SEC61G,-0.819327633,0.196,0.287,1.4E-269,4.0E-265,ext
THY1,-0.919313706,0.756,0.905,1.1E-269,3.2E-265,L5/6-CC
NDUFS3,-0.89542705,0.313,4.45E-01,8.76E-270,2.60E-265,L2/3
EMC4,-0.893268917,0.199,0.287,6.1E-270,1.8E-265,ext
BSCL2,-0.670448044,0.497,0.626,5.7E-270,1.7E-265,inb
CDK5R2,-0.981347083,0.229,0.417,5.6E-270,1.7E-265,L4
RPL35A,-0.873457489,0.377,0.559,3.4E-270,1.0E-265,L4
H3F3A,-0.539571296,0.422,0.513,2.6E-270,7.6E-266,ext
AUP1,-0.900003701,3.37E-01,4.64E-01,1.19E-270,3.53E-266,L2/3
TMEM38A,-0.911222011,0.332,0.519,1.1E-270,3.1E-266,L4
SNHG6,-0.612819659,0.321,0.416,9.0E-271,2.7E-266,ext
AC016745.2,0.741367739,4.83E-01,3.36E-01,7.99E-271,2.37E-266,L2/3
PGAM1,-0.850351925,0.352,0.54,6.7E-271,2.0E-266,L4
SLC25A3,-0.85373845,0.428,0.604,5.8E-271,1.7E-266,L4
PARK7,-0.889506038,0.323,0.514,4.0E-271,1.2E-266,L4
RPL35,-0.669697308,5.04E-01,6.23E-01,4.72E-272,1.40E-267,L2/3
PNOC,-1.4357728,0.13,0.27,4.6E-272,1.4E-267,inb
CRELD2,-0.81351084,0.173,0.263,4.1E-272,1.2E-267,ext
RPS28,-0.531949302,6.77E-01,7.60E-01,3.83E-272,1.14E-267,L2/3
RPL18A,-0.848262049,0.326,0.523,2.9E-272,8.8E-268,L4
AK1,-0.652908604,0.243,0.338,2.7E-272,8.2E-268,ext
CDON,0.505786337,7.27E-01,6.10E-01,1.92E-272,5.70E-268,L2/3
COX7A2,-0.758654896,4.08E-01,5.36E-01,1.25E-272,3.72E-268,L2/3
SCG2,-1.004925691,0.33,0.518,9.4E-273,2.8E-268,L4
COX6C,-0.61469738,6.23E-01,7.01E-01,6.17E-273,1.83E-268,L2/3
NRGN,-0.776742292,0.436,0.599,5.2E-273,1.5E-268,inb
CAMK2N1,-0.823858548,0.594,0.732,4.4E-273,1.3E-268,L4
PLK2,-0.852691956,0.357,0.549,4.0E-273,1.2E-268,L4
PDCD6,-0.514524633,0.491,0.576,3.2E-273,9.6E-269,ext
SPRY4-AS1,-0.671874642,5.00E-01,6.22E-01,3.00E-273,8.91E-269,L2/3
PDHB,-0.84833389,0.199,0.29,2.7E-273,8.0E-269,ext
RPL12,-0.740052181,4.17E-01,5.50E-01,2.21E-273,6.57E-269,L2/3
VPS51,-0.567710791,0.356,0.448,1.8E-273,5.4E-269,ext
PLEKHA2,0.579460813,0.397,0.298,1.5E-273,4.5E-269,ext
TAGLN3,-0.68157917,0.57,0.72,8.3E-274,2.5E-269,L4
AC139720.1,1.081696436,3.29E-01,1.88E-01,4.28E-274,1.27E-269,L2/3
PSMB6,-1.221413109,0.15,0.332,2.5E-274,7.6E-270,L4
BSG,-0.805716281,0.422,0.603,1.9E-274,5.6E-270,L4
HMOX2,-0.56420303,0.356,0.451,1.3E-274,3.8E-270,ext
GLRX5,-0.773667008,0.21,0.301,1.1E-274,3.1E-270,ext
PLD3,-0.594395113,0.654,0.778,5.4E-275,1.6E-270,L4
MRPS26,-0.77266374,3.83E-01,5.11E-01,3.93E-275,1.17E-270,L2/3
CKMT1A,-0.734751666,0.211,0.305,2.3E-275,6.7E-271,ext
PRR7,-1.145902368,2.21E-01,3.55E-01,2.18E-275,6.49E-271,L2/3
NECAP1,-0.55548976,0.383,0.475,2.0E-275,6.0E-271,ext
KDELR1,-0.798383089,0.21,0.303,1.9E-275,5.6E-271,ext
PSMC5,-1.074203614,0.248,0.436,1.7E-275,5.0E-271,L4
BOC,0.637535433,0.251,0.159,1.1E-275,3.3E-271,ext
UBL5,-0.914016684,0.261,0.459,6.1E-276,1.8E-271,L4
NDUFA2,-0.842048107,0.192,0.284,3.4E-276,1.0E-271,ext
TMA7,-0.791522481,0.418,0.603,3.0E-276,8.8E-272,L4
PRKAG2-AS1,-0.74987714,0.233,0.328,1.8E-276,5.5E-272,ext
ATP6V0C,-0.522545225,0.279,3.99E-01,1.33E-276,3.96E-272,oli
SHISA4,-1.172752515,1.85E-01,3.20E-01,1.11E-276,3.29E-272,L2/3
RPL19,-0.712451419,0.358,0.526,7.4E-277,2.2E-272,inb
FDPS,-0.730520897,4.53E-01,5.66E-01,5.73E-277,1.70E-272,L2/3
TMEM205,-1.045097631,0.19,0.343,5.6E-277,1.7E-272,inb
POLR2I,-1.009080724,2.15E-01,3.58E-01,5.23E-277,1.56E-272,L2/3
AL583827.1,-0.835866134,4.10E-01,5.34E-01,4.72E-277,1.40E-272,L2/3
CREG1,-0.605895885,0.372,0.461,2.8E-277,8.5E-273,ext
GADD45GIP1,-1.09415831,1.89E-01,3.29E-01,2.66E-277,7.90E-273,L2/3
MCTP1,0.639657566,0.972,0.964,2.5E-277,7.5E-273,L5/6-CC
EEF1B2,-0.887764681,3.17E-01,4.52E-01,1.64E-277,4.86E-273,L2/3
OTUB1,-0.527351912,0.338,0.436,1.5E-277,4.3E-273,ext
SPSB3,-0.930590352,2.91E-01,4.29E-01,5.21E-278,1.55E-273,L2/3
TPRG1L,-0.657489724,0.262,0.361,3.8E-278,1.1E-273,ext
CCT3,-0.531159708,0.433,0.522,3.0E-278,9.0E-274,ext
PINK1,-0.877516981,0.359,0.549,2.9E-278,8.6E-274,L4
TMED9,-0.788316443,0.192,0.284,2.3E-278,6.9E-274,ext
ATP5F1B,-0.749061239,0.406,0.556,2.2E-278,6.5E-274,inb
PSD,-0.526504442,6.44E-01,7.31E-01,2.10E-278,6.25E-274,L2/3
SELENOM,-1.059583777,0.18,0.336,1.3E-278,3.9E-274,inb
AC016831.7,0.769187556,0.673,0.579,1.3E-278,3.8E-274,L4
AURKAIP1,-1.068231419,0.197,0.389,2.7E-279,8.0E-275,L4
GABARAPL2,-0.794271126,0.321,0.491,2.2E-279,6.7E-275,inb
AC004690.2,-0.51839845,0.164,2.74E-01,1.43E-279,4.25E-275,oli
FSCN1,-0.871260413,3.35E-01,4.68E-01,8.88E-280,2.64E-275,L2/3
POMGNT1,-0.598623147,0.339,0.434,6.2E-280,1.9E-275,ext
PHPT1,-1.012625428,2.24E-01,3.67E-01,6.15E-280,1.83E-275,L2/3
RPL26,-0.70952193,0.381,0.552,5.1E-280,1.5E-275,inb
IL12A-AS1,0.564519648,0.425,0.329,4.2E-280,1.2E-275,ext
SPRN,-1.447842583,1.28E-01,2.55E-01,3.11E-280,9.23E-276,L2/3
MIR137HG,0.638576685,0.788,0.719,2.5E-280,7.4E-276,L4
SLC16A10,0.526429959,0.462,0.363,2.0E-280,5.9E-276,ext
RPS6KL1,-0.996575399,0.297,0.484,1.9E-280,5.8E-276,L4
SSR2,-0.833665383,0.196,0.288,1.4E-280,4.3E-276,ext
ENO1,-0.717822494,4.99E-01,6.07E-01,1.30E-280,3.88E-276,L2/3
BABAM1,-0.587907933,0.345,0.44,1.1E-280,3.3E-276,ext
MYL6,-0.91218478,0.291,0.487,1.1E-280,3.2E-276,L4
ATP6V1G2,-0.919729078,0.35,0.542,8.9E-281,2.6E-276,L4
SNN,-0.775981753,4.11E-01,5.39E-01,7.27E-281,2.16E-276,L2/3
TECPR1,-0.534614046,0.379,0.472,6.9E-281,2.0E-276,ext
FADS3,-0.648799577,5.50E-01,6.44E-01,6.19E-281,1.84E-276,L2/3
TRPC6,0.911593214,0.413,2.59E-01,6.06E-281,1.80E-276,L2/3
STMN2,-0.659102219,0.742,0.833,4.1E-281,1.2E-276,L4
ANGPTL4,1.280180265,0.336,0.169,4.0E-281,1.2E-276,ast
TRAPPC5,-0.933451005,0.209,0.369,2.8E-281,8.4E-277,inb
NENF,-0.579594885,0.17,2.78E-01,2.24E-281,6.65E-277,oli
NDUFB1,-0.686880593,4.62E-01,5.81E-01,1.37E-281,4.06E-277,L2/3
CAMK1,-0.946422243,0.302,0.493,1.3E-281,3.8E-277,L4
DNM1,-0.61885837,0.187,2.96E-01,7.33E-282,2.18E-277,oli
CHID1,-0.68194998,0.253,0.348,7.0E-282,2.1E-277,ext
ATP5PO,-0.789817368,4.13E-01,5.36E-01,5.52E-282,1.64E-277,L2/3
COX5B,-0.816069574,0.333,0.499,3.7E-282,1.1E-277,inb
MRPL34,-0.677926184,0.266,0.362,3.6E-282,1.1E-277,ext
VSTM2B,-0.515382238,0.211,3.28E-01,2.35E-282,6.98E-278,oli
JTB,-1.088583156,0.226,0.42,1.4E-282,4.2E-278,L4
RXRB,-0.646948484,0.237,0.335,9.3E-283,2.8E-278,ext
EIF4A2,-0.561955237,0.714,0.821,7.9E-283,2.3E-278,L4
TM7SF2,-1.107794778,0.146,0.296,7.4E-283,2.2E-278,inb
PAXX,-0.872340188,3.37E-01,4.71E-01,3.15E-283,9.36E-279,L2/3
DOCK5,1.881560219,0.274,0.079,3.0E-283,9.0E-279,micro
TMEM160,-0.791677338,0.248,0.416,2.3E-283,6.7E-279,inb
EPHA7,0.584311991,5.91E-01,4.37E-01,1.81E-283,5.39E-279,L2/3
NDUFS2,-0.655228649,5.35E-01,6.32E-01,1.59E-283,4.72E-279,L2/3
ATP5MD,-0.81439508,0.438,0.618,1.5E-283,4.4E-279,L4
UBC,-0.745873558,0.523,0.686,1.2E-283,3.7E-279,L4
PDZD2,0.518869321,0.752,0.714,1.0E-283,3.1E-279,ext
RPL38,-1.03018153,0.329,0.517,6.2E-284,1.8E-279,L4
TAGLN3,-0.551801069,7.21E-01,7.78E-01,6.20E-284,1.84E-279,L2/3
USP2,-0.70666187,0.272,0.368,4.9E-284,1.5E-279,ext
BANF1,-0.830374604,0.19,0.283,3.1E-284,9.2E-280,ext
CD81,-0.934196915,0.251,0.415,2.2E-284,6.5E-280,inb
REEP5,-0.671423505,0.586,0.735,1.6E-284,4.6E-280,L4
FMNL1,-0.778125728,0.222,0.316,1.4E-284,4.3E-280,ext
TMEM121,-1.354978263,1.24E-01,2.55E-01,8.46E-285,2.51E-280,L2/3
GABARAPL2,-0.542965538,0.204,3.22E-01,3.63E-285,1.08E-280,oli
LINC01877,-0.554329661,0.16,2.69E-01,3.61E-285,1.07E-280,oli
GAPDH,-0.880359086,0.511,0.656,3.1E-285,9.2E-281,ast
TBRG1,-0.776187196,0.515,0.676,2.7E-285,8.0E-281,L4
ATP5IF1,-0.826218123,0.418,0.604,2.6E-285,7.7E-281,L4
TUBB2A,-1.579161049,0.444,0.736,2.2E-285,6.4E-281,L5/6-CC
CBWD5,0.600201338,6.41E-01,5.07E-01,1.59E-285,4.73E-281,L2/3
AC103855.2,0.814776567,3.58E-01,2.01E-01,1.02E-285,3.03E-281,L2/3
UBC,-0.716124873,0.448,0.598,4.6E-286,1.4E-281,inb
RPS3,-0.645503628,5.51E-01,6.54E-01,4.32E-286,1.28E-281,L2/3
RASGEF1B,-1.174006272,0.201,0.394,3.9E-286,1.2E-281,L4
ATP5F1B,-0.81715189,0.467,0.643,3.0E-286,8.8E-282,L4
SEZ6L2,-0.807348356,0.516,0.677,2.3E-286,6.7E-282,L4
KCNJ4,-0.651274467,0.304,0.4,2.2E-286,6.5E-282,ext
RPL3,-0.645140233,0.465,0.622,2.0E-286,5.9E-282,inb
FAM66A,1.171301688,0.289,0.153,2.0E-286,5.9E-282,inb
FXYD6,-0.681987489,0.589,0.702,1.2E-286,3.5E-282,inb
GABARAP,-0.895678728,0.247,0.416,7.9E-288,2.4E-283,inb
WIPF3,0.527583896,7.14E-01,5.84E-01,6.97E-288,2.07E-283,L2/3
RHOBTB2,-0.532244308,0.533,0.606,4.1E-288,1.2E-283,ext
MAML2,0.729480798,0.344,0.247,3.7E-288,1.1E-283,ext
SAT2,-0.824255104,0.32,0.484,3.4E-288,1.0E-283,inb
EPHB6,-0.719475058,0.599,0.736,2.9E-288,8.6E-284,L4
PSMD7,-0.75986916,4.01E-01,5.28E-01,2.81E-288,8.34E-284,L2/3
DALRD3,-0.977079807,2.42E-01,3.87E-01,1.10E-288,3.26E-284,L2/3
LINC01684,2.168984606,0.263,0.072,5.8E-289,1.7E-284,micro
DGKZ,-0.549522571,0.708,0.799,5.6E-289,1.7E-284,L4
CSPG5,-0.755084157,0.261,0.356,4.0E-289,1.2E-284,ext
ARHGDIA,-0.857952141,3.49E-01,4.84E-01,3.44E-289,1.02E-284,L2/3
TPT1,-0.776344164,0.459,0.642,3.4E-289,1.0E-284,L4
RGS4,-0.657459592,0.58,0.735,2.6E-289,7.9E-285,L4
MOAP1,-0.896543852,0.278,0.445,1.4E-289,4.1E-285,inb
BSCL2,-0.678916353,0.573,0.718,9.3E-290,2.8E-285,L4
FBXO44,-0.570841362,6.23E-01,7.08E-01,6.50E-290,1.93E-285,L2/3
TOMM5,-0.693282597,0.273,0.373,6.1E-290,1.8E-285,ext
SNHG8,-0.844134991,0.185,0.28,5.8E-290,1.7E-285,ext
FXYD1,-0.75982071,0.221,0.317,3.1E-290,9.2E-286,ext
KLC2,-0.563942481,0.402,0.494,2.6E-290,7.6E-286,ext
ATP2B1-AS1,-0.765081514,0.298,0.391,1.7E-290,5.0E-286,ext
SQLE,-0.719767286,0.248,0.345,1.6E-290,4.6E-286,ext
ARL6IP5,-0.612468593,6.16E-01,7.06E-01,1.32E-290,3.92E-286,L2/3
AC092691.3,0.763556976,0.261,0.168,1.1E-290,3.4E-286,ext
ATP6V1F,-0.859609935,0.247,0.415,8.7E-291,2.6E-286,inb
FKBP8,-0.590949559,0.156,2.65E-01,4.23E-291,1.26E-286,oli
AC006148.1,0.812005634,0.682,0.558,3.8E-291,1.1E-286,L4
SNHG29,-0.605158171,0.386,0.484,3.7E-291,1.1E-286,ext
CHGB,-0.970057416,0.378,0.562,3.2E-291,9.6E-287,L4
NDUFS7,-0.556134315,0.178,2.91E-01,2.40E-291,7.12E-287,oli
ANTKMT,-0.992479639,0.172,0.33,1.6E-291,4.8E-287,inb
KCNF1,-1.221670222,0.169,0.36,1.6E-291,4.6E-287,L4
RANBP1,-0.910239947,3.15E-01,4.53E-01,1.10E-291,3.26E-287,L2/3
JTB,-0.919861004,3.40E-01,4.72E-01,1.03E-291,3.07E-287,L2/3
RPS13,-1.080125521,0.262,0.46,5.9E-292,1.7E-287,L4
NEDD8,-0.961336247,0.357,0.55,3.3E-292,9.9E-288,L4
NDUFB3,-0.983634292,0.182,0.273,2.6E-292,7.8E-288,ext
RAC1,-0.530716752,0.673,7.47E-01,2.25E-292,6.70E-288,L2/3
CALU,-0.509034481,0.426,0.517,1.4E-292,4.2E-288,ext
PARD6A,-1.372883965,1.20E-01,2.53E-01,9.90E-293,2.94E-288,L2/3
RPS7,-0.733792503,0.369,0.539,9.9E-293,2.9E-288,inb
CACHD1,0.579849425,0.412,0.311,5.5E-293,1.6E-288,ext
LRPAP1,-0.98665786,0.338,0.527,2.6E-293,7.8E-289,L4
LINC02254,0.97081254,3.98E-01,2.47E-01,2.14E-293,6.35E-289,L2/3
BOC,0.899513323,3.00E-01,1.53E-01,1.45E-293,4.31E-289,L2/3
PPP1R35,-0.871282719,0.167,0.258,1.0E-293,3.0E-289,ext
M6PR,-0.567589837,0.391,0.484,9.3E-294,2.8E-289,ext
SNCB,-0.867501198,0.424,0.607,8.3E-294,2.5E-289,L4
CCDC24,-0.656009082,0.323,0.419,3.7E-294,1.1E-289,ext
IFI6,-2.219648436,0.17,2.97E-01,2.44E-294,7.26E-290,L2/3
RPS25,-0.957987456,0.334,0.531,2.0E-294,6.0E-290,L4
PIGQ,-0.570345106,0.359,0.455,1.9E-294,5.8E-290,ext
ITM2C,-0.843255617,0.35,0.515,1.5E-294,4.4E-290,inb
SLC22A17,-0.614800486,0.585,0.697,1.0E-294,3.0E-290,inb
MAML2,0.824288378,5.09E-01,3.50E-01,9.37E-295,2.79E-290,L2/3
RPL15,-0.663234088,0.482,0.633,7.0E-295,2.1E-290,inb
RAN,-0.907888804,0.333,0.534,5.8E-295,1.7E-290,L4
H2AFZ,-0.827541301,0.359,0.565,5.1E-295,1.5E-290,L4
TM7SF2,-1.389308876,0.162,0.348,3.4E-295,1.0E-290,L4
HIP1,-1.09942645,1.81E-01,3.28E-01,3.29E-295,9.78E-291,L2/3
RPL6,-0.771812521,0.388,0.554,2.7E-295,8.0E-291,inb
STUB1,-1.014731552,0.185,0.348,2.0E-295,5.9E-291,inb
CYC1,-1.425016723,0.141,0.325,1.9E-295,5.6E-291,L4
DNAJA1,-0.677403507,5.19E-01,6.32E-01,1.66E-295,4.93E-291,L2/3
RNF7,-0.772175315,0.23,0.327,1.5E-295,4.3E-291,ext
INTS1,-0.654906888,0.53,6.38E-01,1.26E-295,3.75E-291,L2/3
ATP5F1B,-0.608505265,0.175,2.87E-01,4.47E-296,1.33E-291,oli
YWHAB,-0.667526297,0.546,0.681,2.4E-296,7.0E-292,inb
WARS2-AS1,0.719893327,0.55,3.92E-01,2.34E-296,6.95E-292,L2/3
ATP1A3,-0.624309381,0.616,0.724,2.0E-296,6.0E-292,inb
PKM,-0.693486609,0.513,0.648,1.0E-296,3.0E-292,inb
NOP56,-0.562526387,0.38,0.475,9.2E-297,2.7E-292,ext
ARL16,-1.002407976,2.50E-01,3.94E-01,7.28E-297,2.16E-292,L2/3
ARL6IP4,-0.902145346,0.338,0.539,7.0E-297,2.1E-292,L4
NGEF,-0.74133991,0.544,0.699,6.7E-297,2.0E-292,L4
ANKRD20A4,0.996038873,0.28,1.37E-01,4.25E-297,1.26E-292,L2/3
NREP,-0.799781211,0.596,0.732,3.2E-297,9.4E-293,L4
ENC1,-0.652328997,0.208,3.25E-01,3.14E-297,9.33E-293,oli
TMEM63B,-0.505430829,0.461,0.549,2.2E-297,6.6E-293,ext
UQCRFS1,-1.118694978,0.208,0.407,2.2E-297,6.5E-293,L4
RPS2,-0.681302414,4.89E-01,6.09E-01,2.04E-297,6.06E-293,L2/3
USE1,-0.85015382,0.165,0.258,8.7E-298,2.6E-293,ext
FEZ1,-0.545381853,0.656,7.34E-01,2.11E-298,6.28E-294,L2/3
COX7A1,-0.776284193,0.179,0.279,1.5E-298,4.5E-294,ext
SELENOK,-0.857001495,0.194,0.29,1.3E-298,4.0E-294,ext
HMGCS1,-0.720337689,4.70E-01,5.91E-01,1.11E-298,3.31E-294,L2/3
TRMT11,0.583835415,0.825,0.779,9.7E-299,2.9E-294,L4
WDR46,-0.899849386,0.283,4.32E-01,8.80E-299,2.62E-294,L2/3
MPC2,-0.59840416,0.357,0.455,3.3E-299,9.7E-295,ext
PGP,-0.857312808,0.451,0.627,3.2E-299,9.6E-295,L4
AC119673.2,1.382870631,0.357,2.25E-01,2.89E-299,8.59E-295,L2/3
CDKN2D,-1.167415926,0.24,0.437,2.1E-299,6.2E-295,L4
LINC02254,0.713393503,0.361,0.261,1.7E-299,5.1E-295,ext
NR4A1,-0.836229898,0.192,0.288,1.5E-299,4.4E-295,ext
AC007368.1,0.512745066,0.599,0.525,7.7E-300,2.3E-295,ext
MYL6,-0.579575131,0.158,2.69E-01,7.10E-300,2.11E-295,oli
UBB,-0.77911455,0.395,0.565,5.0E-300,1.5E-295,inb
PDCD7,-0.667129353,0.179,2.88E-01,4.23E-300,1.26E-295,oli
ATP5PF,-0.880919396,0.397,0.594,3.5E-300,1.0E-295,L4
MYL6,-0.828209524,0.373,5.10E-01,3.23E-300,9.60E-296,L2/3
VSTM2L,-0.611498686,0.387,0.479,2.7E-300,8.0E-296,ext
GHITM,-0.696002132,0.506,6.24E-01,1.21E-300,3.60E-296,L2/3
TSC22D4,-0.579673132,0.258,3.80E-01,9.07E-301,2.70E-296,oli
RPL22,-0.521230859,0.5,0.591,7.4E-301,2.2E-296,ext
HSPA8,-1.518970201,0.375,0.635,7.1E-301,2.1E-296,inb-vip
SPCS1,-0.975750439,0.316,0.515,6.8E-301,2.0E-296,L4
C9orf16,-0.987566959,0.188,0.355,3.8E-301,1.1E-296,inb
JCAD,-0.557448747,0.398,0.495,3.3E-301,9.7E-297,ext
SSBP4,-0.930196155,0.362,0.553,2.9E-301,8.5E-297,L4
KCNV1,-0.601857735,0.352,0.449,2.7E-301,8.1E-297,ext
AP1S1,-1.051118893,0.241,0.444,2.5E-301,7.5E-297,L4
CHCHD1,-0.868579456,0.17,0.265,2.4E-301,7.2E-297,ext
BAD,-1.058061311,0.216,3.63E-01,1.92E-301,5.72E-297,L2/3
PSMD8,-1.097075745,0.181,0.343,1.5E-301,4.4E-297,inb
ACAA1,-0.602160085,0.354,0.45,1.3E-301,3.8E-297,ext
EEF2,-0.740113497,4.54E-01,5.78E-01,1.22E-301,3.64E-297,L2/3
SELENOH,-0.865563909,0.271,0.444,6.6E-302,2.0E-297,inb
MRPL28,-1.197198423,1.69E-01,3.12E-01,4.56E-302,1.35E-297,L2/3
ANAPC11,-0.763740623,0.209,0.309,3.7E-302,1.1E-297,ext
ASPHD1,-0.535630898,0.431,0.524,3.1E-302,9.1E-298,ext
SEZ6L2,-0.647444741,0.539,0.669,2.6E-302,7.9E-298,inb
RBP4,-1.230614233,0.221,3.61E-01,1.64E-302,4.87E-298,L2/3
TMEM38A,-0.643534637,0.573,6.66E-01,1.27E-302,3.78E-298,L2/3
HOPX,-1.071925093,0.323,0.524,1.1E-302,3.1E-298,L4
GAS2L1,-0.749275669,0.231,0.329,7.8E-303,2.3E-298,ext
RPS21,-0.913839103,0.334,0.538,7.7E-303,2.3E-298,L4
CYCS,-0.874482775,0.295,0.467,3.0E-303,8.8E-299,inb
BLOC1S1,-0.785825948,0.199,0.298,2.8E-303,8.4E-299,ext
VAMP2,-1.075070813,0.636,0.817,1.2E-303,3.6E-299,inb-pv
ATP5MC3,-0.940192959,0.336,0.542,1.1E-303,3.2E-299,L4
GPC5,1.036685206,0.541,0.368,1.1E-303,3.1E-299,L4
USP54,0.608662765,0.581,4.08E-01,1.00E-303,2.99E-299,L2/3
COX5B,-0.535070605,0.209,3.32E-01,4.17E-304,1.24E-299,oli
SERPINE2,-0.763059927,0.573,6.87E-01,3.22E-304,9.58E-300,L2/3
EEF1A1,-0.553189139,0.769,8.41E-01,2.68E-304,7.96E-300,L2/3
REX1BD,-0.858434924,0.442,0.621,2.4E-304,7.1E-300,L4
PSMA7,-1.00199421,0.319,0.52,2.2E-304,6.4E-300,L4
LDHB,-0.907192177,0.361,0.518,2.0E-304,6.0E-300,inb
BCL11B,0.852689446,0.377,2.18E-01,1.43E-304,4.26E-300,L2/3
NRP1,0.66385924,0.6,4.50E-01,8.57E-305,2.55E-300,L2/3
ADGRB2,-0.857215477,0.413,0.601,5.6E-305,1.7E-300,L4
GSTK1,-0.665705709,0.345,0.441,3.6E-305,1.1E-300,ext
SLC9A3-AS1,-0.863775173,0.168,0.263,3.3E-305,9.7E-301,ext
DPYD,2.309378993,0.351,0.133,2.0E-305,5.9E-301,micro
HRAS,-1.11602002,0.227,3.71E-01,1.34E-305,3.99E-301,L2/3
RPL34,-0.833757498,0.484,0.659,1.1E-305,3.3E-301,L4
AC119673.2,1.232713908,0.275,0.192,7.9E-306,2.3E-301,ext
RPL8,-0.746253035,0.343,0.524,5.9E-306,1.7E-301,inb
CCND3,0.711762535,0.531,3.66E-01,4.18E-306,1.24E-301,L2/3
PCA3,1.038164562,0.331,2.43E-01,3.98E-306,1.18E-301,oli
RPS16,-0.594378198,0.323,0.43,2.4E-306,7.1E-302,ext
SLC30A3,-0.901158796,0.388,0.578,2.3E-306,6.9E-302,L4
ATP6V0D1,-1.030349975,0.316,0.513,1.8E-306,5.4E-302,L4
ATP5F1D,-0.847094236,0.333,0.537,1.1E-306,3.4E-302,L4
SRM,-0.861636134,0.24,0.336,1.0E-306,3.0E-302,ext
CXXC4-AS1,0.636699546,0.666,5.29E-01,6.73E-307,2.00E-302,L2/3
STMN1,-0.654824044,0.552,0.694,6.4E-307,1.9E-302,inb
COL28A1,0.716545304,0.328,0.225,2.9E-307,8.5E-303,ext
HNRNPA1,-0.607658777,0.372,0.471,2.7E-307,8.1E-303,ext
MIR31HG,0.656695936,0.391,0.283,1.9E-307,5.6E-303,ext
AC139720.1,0.736394681,0.3,0.2,1.8E-307,5.4E-303,ext
RPL5,-0.743764164,0.41,0.576,1.5E-307,4.5E-303,inb
VGF,-1.118044302,0.322,4.61E-01,1.19E-307,3.53E-303,L2/3
FGF1,-0.676626431,0.215,0.32,1.1E-307,3.3E-303,ext
CHGB,-0.977353882,0.262,0.431,7.5E-308,2.2E-303,inb
CDYL2,0.501363723,0.776,6.86E-01,6.37E-308,1.89E-303,L2/3
TECR,-0.678109351,0.341,0.438,4.9E-308,1.5E-303,ext
PWRN1,-1.750264422,0.106,0.369,0,0,oli
CARNS1,-0.935874874,0.418,0.668,0,0,oli
NRGN,-1.146921024,0.326,0.56,0,0,oli
VAMP2,-0.847490048,0.361,0.582,0,0,oli
TUBA1A,-0.766600269,0.497,0.706,0,0,oli
TUBB2A,-1.638490753,0.099,0.3,0,0,oli
YWHAH,-0.900861526,0.287,0.487,0,0,oli
ENOSF1,-0.59102437,0.352,0.545,0,0,oli
CCK,-0.846708554,0.28,0.472,0,0,oli
BASP1,-0.999149813,0.234,0.425,0,0,oli
FKBP5,1.95489279,0.301,0.114,0,0,oli
HSPA8,-1.001160947,0.257,0.444,0,0,oli
TP53TG5,-0.652830927,0.346,0.531,0,0,oli
GAPDH,-0.949533254,0.426,0.609,0,0,oli
CALM3,-0.693808099,0.329,0.508,0,0,oli
SEMA3B,-0.578399361,0.376,0.553,0,0,oli
CAMK2N1,-0.577433558,0.415,0.592,0,0,oli
VSNL1,-0.875881644,0.298,0.475,0,0,oli
TMEM63A,-0.517200216,0.521,0.697,0,0,oli
STMN2,-0.800975896,0.21,0.381,0,0,oli
TMSB10,-0.67344487,0.318,0.489,0,0,oli
DNAJB2,-0.559839428,0.315,0.486,0,0,oli
UBB,-0.638260164,0.329,0.5,0,0,oli
LDB3,-0.516710854,0.4,0.571,0,0,oli
NDUFA4,-0.693709606,0.328,0.496,0,0,oli
DTNA,-0.541253849,0.268,0.436,0,0,oli
MARCKSL1,-0.573092113,0.393,0.56,0,0,oli
SH3GLB2,-0.665400242,0.249,0.415,0,0,oli
CKB,-0.721042544,0.482,0.646,0,0,oli
MDH1,-0.92005677,0.2,0.364,0,0,oli
ARPP19,-0.657332688,0.279,0.443,0,0,oli
YWHAB,-0.585671438,0.352,0.515,0,0,oli
ATP6V0E2,-0.827698722,0.172,0.332,0,0,oli
AL359091.1,-0.598055318,0.588,0.748,0,0,oli
HINT1,-0.63743133,0.247,0.406,0,0,oli
TUBA1B,-0.657591051,0.326,0.485,0,0,oli
GUK1,-0.698568428,0.207,0.363,0,0,oli
UBC,-0.61645905,0.34,0.496,0,0,oli
PLA2G4C,-0.702084811,0.292,0.445,0,0,oli
COL9A2,-0.688756161,0.237,0.388,0,0,oli
TPI1,-0.96375536,1.32E-01,0.283,0,0.00E+00,oli
DBNDD2,-0.527688642,0.468,0.619,0,0,oli
SNRPN,-0.536136977,0.239,0.388,0,0,oli
RBFOX1,-0.745570035,3.17E-01,0.465,0,0.00E+00,oli
OAZ1,-0.594297472,0.252,0.4,0,0,oli
COX4I1,-0.552303648,0.248,0.394,0,0,oli
CFL1,-0.603625784,2.42E-01,0.387,0,0.00E+00,oli
IGSF8,-0.604968045,0.223,0.368,0,0,oli
STMN1,-0.507322969,0.459,0.603,0,0,oli
ROGDI,-0.740975119,0.177,0.32,0,0,oli
LINC00609,-0.521753777,0.582,0.724,0,0,oli
SOD1,-0.571624652,0.257,0.398,0,0,oli
SCG5,-0.647909672,0.229,0.37,0,0,oli
MAP1LC3A,-0.654627276,0.164,0.305,0,0,oli
AC009041.2,-0.507153704,0.262,0.402,0,0,oli
RGS4,-0.759251284,0.146,0.286,0,0,oli
GAP43,-0.61108793,0.18,0.319,0,0,oli
GPX4,-0.64009676,0.186,0.324,0,0,oli
C4orf48,-0.532052854,0.249,0.386,0,0,oli
THY1,-0.710080079,0.202,3.39E-01,0.00E+00,0.00E+00,oli
ATP5F1D,-0.844528181,0.13,2.66E-01,0.00E+00,0.00E+00,oli
ARPP21,-0.567335647,0.221,3.57E-01,0.00E+00,0.00E+00,oli
RTN1,-0.539365898,0.446,5.82E-01,0.00E+00,0.00E+00,oli
TTYH1,-0.51622822,0.251,3.85E-01,0.00E+00,0.00E+00,oli
CHCHD2,-0.5109683,0.208,3.40E-01,0.00E+00,0.00E+00,oli
AP2M1,-0.71323905,0.173,3.02E-01,0.00E+00,0.00E+00,oli
PTPRE,-0.68158256,0.162,2.91E-01,0.00E+00,0.00E+00,oli
CMTM5,-0.719002467,0.165,2.94E-01,0.00E+00,0.00E+00,oli
NDUFV1,-0.603140997,0.194,3.22E-01,0.00E+00,0.00E+00,oli
TAGLN3,-0.735358423,0.154,0.281,0,0,oli
C1orf122,-0.53880347,0.199,0.325,0,0,oli
PKM,-0.665660684,0.18,0.306,0,0,oli
NDUFB8,-0.525029525,0.218,0.344,0,0,oli
ATP6V0B,-0.608953984,0.198,0.323,0.00E+00,0.00E+00,oli
NEFL,-0.621351881,0.19,3.15E-01,0.00E+00,0.00E+00,oli
OLFM1,-0.675746738,0.157,2.81E-01,0.00E+00,0.00E+00,oli
PRDX2,-0.880250744,0.141,2.65E-01,0.00E+00,0.00E+00,oli
SNAP25,-0.616418295,0.563,6.86E-01,0.00E+00,0.00E+00,oli
HID1,-0.707603841,0.178,3.00E-01,0.00E+00,0.00E+00,oli
CCDC85B,-0.645440043,0.136,2.56E-01,0.00E+00,0.00E+00,oli
AC009063.2,0.852504336,0.453,3.33E-01,0.00E+00,0.00E+00,oli
AC008571.2,0.895538468,6.19E-01,5.00E-01,0.00E+00,0.00E+00,oli
CNPY2,-0.720721639,0.138,2.57E-01,0.00E+00,0.00E+00,oli
LDHB,-0.705906759,1.72E-01,2.90E-01,0.00E+00,0.00E+00,oli
PPDPF,-0.660820605,0.134,2.51E-01,0.00E+00,0.00E+00,oli
EDF1,-0.662881014,0.147,2.63E-01,0.00E+00,0.00E+00,oli
RNASEK,-0.5718531,0.16,2.74E-01,0.00E+00,0.00E+00,oli
PARK7,-0.64786957,0.152,2.65E-01,0.00E+00,0.00E+00,oli
GRID2,0.693574669,0.505,3.97E-01,0.00E+00,0.00E+00,oli
LRP2,0.747785123,0.512,4.09E-01,0.00E+00,0.00E+00,oli
ENO4,1.045804625,0.351,2.58E-01,0.00E+00,0.00E+00,oli
BCL2,1.158857547,0.264,1.72E-01,0.00E+00,0.00E+00,oli
CNTNAP2,0.842807068,0.634,5.55E-01,0.00E+00,0.00E+00,oli
KIRREL3,0.574198853,0.755,6.92E-01,0.00E+00,0.00E+00,oli
ANLN,0.696775734,0.604,5.47E-01,0.00E+00,0.00E+00,oli
SGK1,0.735559843,0.689,6.34E-01,0.00E+00,0.00E+00,oli
ERBIN,0.580040844,0.853,8.39E-01,0.00E+00,0.00E+00,oli
OTUD7A,0.559809506,0.733,7.25E-01,0.00E+00,0.00E+00,oli
LINC00551,1.866040235,0.501,1.81E-01,0.00E+00,0.00E+00,L2/3
FKBP5,1.73380254,0.528,2.25E-01,0.00E+00,0.00E+00,L2/3
HES4,-2.258654045,0.197,4.86E-01,0.00E+00,0.00E+00,L2/3
FAM66A,1.123220034,0.604,3.25E-01,0.00E+00,0.00E+00,L2/3
C1QTNF4,-2.0859741,0.288,5.65E-01,0.00E+00,0.00E+00,L2/3
HSPA8,-1.619007641,0.478,7.38E-01,0.00E+00,0.00E+00,L2/3
TTC9B,-1.602940272,0.37,6.30E-01,0.00E+00,0.00E+00,L2/3
CCDC85B,-1.296109481,0.485,7.41E-01,0.00E+00,0.00E+00,L2/3
ROS1,1.419509216,0.567,3.17E-01,0.00E+00,0.00E+00,L2/3
TMEM160,-1.284509283,0.394,6.38E-01,0.00E+00,0.00E+00,L2/3
HPCA,-1.392942691,0.357,6.00E-01,0.00E+00,0.00E+00,L2/3
ARHGDIG,-1.463249016,0.355,5.98E-01,0.00E+00,0.00E+00,L2/3
C9orf16,-1.197887451,0.423,6.61E-01,0.00E+00,0.00E+00,L2/3
MEIS3,-1.016464649,0.435,6.73E-01,0.00E+00,0.00E+00,L2/3
RAB3A,-1.472872095,0.441,6.77E-01,0.00E+00,0.00E+00,L2/3
ARF5,-1.359050579,0.362,5.98E-01,0.00E+00,0.00E+00,L2/3
INPP4B,1.105735589,0.867,6.35E-01,0.00E+00,0.00E+00,L2/3
GNG3,-1.306244831,3.20E-01,5.50E-01,0.00E+00,0.00E+00,L2/3
LY6H,-1.300772318,5.36E-01,7.66E-01,0.00E+00,0.00E+00,L2/3
STUB1,-1.278796207,3.50E-01,5.77E-01,0.00E+00,0.00E+00,L2/3
TRAPPC5,-1.309001832,3.50E-01,5.77E-01,0.00E+00,0.00E+00,L2/3
LY6E,-1.326381815,3.44E-01,5.69E-01,0.00E+00,0.00E+00,L2/3
KCNF1,-1.779422997,1.38E-01,3.59E-01,0.00E+00,0.00E+00,L2/3
CTXN1,-1.323319231,3.71E-01,5.92E-01,0.00E+00,0.00E+00,L2/3
SPOCK3,1.045179996,6.80E-01,4.61E-01,0.00E+00,0.00E+00,L2/3
SEPTIN5,-1.431404093,2.12E-01,4.29E-01,0.00E+00,0.00E+00,L2/3
RHBDL3,0.701506328,6.60E-01,4.44E-01,0.00E+00,0.00E+00,L2/3
ATP6V0B,-1.437002457,5.61E-01,7.74E-01,0.00E+00,0.00E+00,L2/3
TUBB2A,-1.312838319,4.78E-01,6.90E-01,0.00E+00,0.00E+00,L2/3
EDF1,-1.128669935,3.97E-01,6.08E-01,0.00E+00,0.00E+00,L2/3
PRDX5,-1.19864654,3.12E-01,5.19E-01,0.00E+00,0.00E+00,L2/3
SET,-1.177024542,4.87E-01,6.94E-01,0.00E+00,0.00E+00,L2/3
AP1S1,-1.082700413,4.13E-01,6.19E-01,0.00E+00,0.00E+00,L2/3
ANTKMT,-1.223098708,3.91E-01,5.97E-01,0.00E+00,0.00E+00,L2/3
GPX4,-1.094173992,4.95E-01,7.00E-01,0.00E+00,0.00E+00,L2/3
ATP5F1D,-1.10561876,4.12E-01,6.16E-01,0.00E+00,0.00E+00,L2/3
RNASEK,-1.208388957,4.93E-01,6.95E-01,0.00E+00,0.00E+00,L2/3
AC092640.1,-1.44402543,1.76E-01,3.77E-01,0.00E+00,0.00E+00,L2/3
C4orf48,-1.248142209,3.08E-01,5.09E-01,0.00E+00,0.00E+00,L2/3
RASL10A,-1.34408191,3.14E-01,5.15E-01,0.00E+00,0.00E+00,L2/3
TUBB3,-1.256521301,4.69E-01,6.69E-01,0.00E+00,0.00E+00,L2/3
RABAC1,-1.200983239,3.53E-01,5.53E-01,0.00E+00,0.00E+00,L2/3
OPRM1,1.118525883,5.80E-01,3.80E-01,0.00E+00,0.00E+00,L2/3
RPL29,-0.969986788,4.35E-01,6.32E-01,0.00E+00,0.00E+00,L2/3
SEMA3A,1.531638985,4.33E-01,2.36E-01,0.00E+00,0.00E+00,L2/3
XKR9,1.058217963,4.71E-01,2.74E-01,0,0.00E+00,L2/3
RPL18A,-0.941571348,3.97E-01,5.94E-01,0,0.00E+00,L2/3
TUBA1A,-1.300755623,6.11E-01,0.807,0,0.00E+00,L2/3
SLC25A4,-1.17905341,4.60E-01,0.656,0,0.00E+00,L2/3
KCNH4,-1.394555461,2.58E-01,0.453,0,0.00E+00,L2/3
TUBA4A,-1.136303696,4.23E-01,0.616,0,0.00E+00,L2/3
GUK1,-1.151509802,5.96E-01,0.788,0,0.00E+00,L2/3
PSMD8,-1.108750597,3.60E-01,0.552,0,0.00E+00,L2/3
RPS3A,-1.145490572,4.85E-01,0.675,0,0.00E+00,L2/3
CDK5R2,-1.224937266,2.94E-01,0.484,0,0.00E+00,L2/3
AURKAIP1,-1.141120256,2.65E-01,0.454,0,0,L2/3
TGFBR3L,-1.452072469,1.88E-01,0.377,0,0.00E+00,L2/3
PPDPF,-1.127556925,3.40E-01,0.529,0,0.00E+00,L2/3
AL122014.1,-1.948730188,1.07E-01,0.295,0,0.00E+00,L2/3
ROGDI,-1.019765094,4.17E-01,0.605,0,0.00E+00,L2/3
ADAMTS2,1.009609217,3.64E-01,0.177,0,0.00E+00,L2/3
NAT14,-1.164385077,2.79E-01,0.466,0,0.00E+00,L2/3
STARD13,0.958691086,7.14E-01,0.527,0,0.00E+00,L2/3
TMEM205,-1.056012937,4.20E-01,0.606,0,0.00E+00,L2/3
RPL8,-0.957359803,4.82E-01,0.667,0,0.00E+00,L2/3
ITPR2,0.856505209,7.86E-01,0.601,0,0.00E+00,L2/3
PRELID1,-1.223756671,2.16E-01,0.401,0,0.00E+00,L2/3
MICOS13,-1.14594709,2.53E-01,0.438,0,0.00E+00,L2/3
MAP1LC3A,-0.958996295,5.76E-01,0.76,0,0.00E+00,L2/3
CYC1,-1.418250902,2.15E-01,0.399,0,0.00E+00,L2/3
NPTX2,-1.586719386,2.17E-01,0.399,0,0.00E+00,L2/3
RPS5,-0.977798367,3.06E-01,0.488,0,0.00E+00,L2/3
ELOB,-1.000966103,3.95E-01,0.577,0,0.00E+00,L2/3
TTYH1,-1.017564391,5.36E-01,0.718,0,0.00E+00,L2/3
CD63,-1.145274174,4.12E-01,0.593,0,0.00E+00,L2/3
PMM1,-1.069206331,2.75E-01,0.456,0,0.00E+00,L2/3
B4GAT1,-1.139224676,3.97E-01,0.578,0,0.00E+00,L2/3
TMEM208,-1.307955271,1.98E-01,0.378,0,0.00E+00,L2/3
UQCR11,-0.947501795,4.03E-01,0.583,0,0.00E+00,L2/3
BRK1,-1.020995507,4.63E-01,0.642,0,0.00E+00,L2/3
AL627171.2,1.72867332,2.55E-01,0.076,0,0.00E+00,L2/3
TPI1,-1.050032056,5.01E-01,0.679,0,0.00E+00,L2/3
MIF,-0.995182003,5.08E-01,0.686,0,0.00E+00,L2/3
PRDX2,-1.108284718,4.13E-01,0.591,0,0.00E+00,L2/3
CHCHD2,-0.888135236,4.91E-01,0.668,0,0.00E+00,L2/3
KIF13B,0.763023997,5.52E-01,0.376,0,0.00E+00,L2/3
SELENOH,-0.936873004,4.90E-01,0.665,0,0.00E+00,L2/3
NDUFA11,-1.000619637,3.19E-01,0.494,0,0.00E+00,L2/3
JAM2,-1.055385297,2.91E-01,0.465,0,0.00E+00,L2/3
H2AFZ,-0.936651529,4.51E-01,0.625,0,0.00E+00,L2/3
FNDC4,-1.327752154,2.11E-01,0.383,0,0.00E+00,L2/3
MPG,-0.987828783,3.23E-01,0.495,0,0.00E+00,L2/3
AP2S1,-1.06826659,3.25E-01,0.497,0,0.00E+00,L2/3
GABRD,-0.996335907,0.538,0.71,0,0,L2/3
ITM2C,-1.101645105,0.543,0.715,0,0,L2/3
EXPH5,-1.297643977,0.181,0.352,0,0,L2/3
TUFM,-1.038673249,0.325,0.496,0,0,L2/3
CDKN2D,-1.127190414,0.322,0.493,0,0,L2/3
PSMB6,-1.249860346,0.204,0.374,0,0,L2/3
FBXW5,-1.033881798,0.335,0.505,0,0,L2/3
RPL7A,-0.975537479,0.618,0.787,0,0,L2/3
RASGRP1,-0.913075288,0.362,0.531,0,0,L2/3
SGCZ,-0.623043331,0.436,0.605,0,0,L2/3
UQCRFS1,-1.031364438,0.333,0.502,0,0,L2/3
UBE2M,-1.070188519,0.328,0.497,0,0,L2/3
RPL19,-0.86774963,0.519,0.687,0,0,L2/3
AP2M1,-1.14169318,0.62,0.787,0,0,L2/3
ATP5F1E,-0.962116316,0.497,0.664,0,0,L2/3
CUTA,-1.147739536,0.268,0.435,0,0,L2/3
CTSF,-1.030937333,0.409,0.576,0,0,L2/3
SYT5,-0.978876608,0.454,0.621,0,0,L2/3
CD81,-1.00815714,0.353,0.519,0,0,L2/3
METTL26,-0.948980015,0.374,0.54,0,0,L2/3
PLEKHJ1,-1.161035336,0.207,0.373,0,0,L2/3
CAMK1,-0.930981977,0.411,0.577,0,0,L2/3
INF2,-0.971593639,0.328,0.494,0,0,L2/3
RPL26,-0.86180559,0.564,0.729,0,0,L2/3
MAMDC2,0.984358156,0.379,0.214,0,0,L2/3
MRPS24,-1.207916451,0.2,0.365,0,0,L2/3
CNIH2,-1.273054278,0.263,0.428,0,0,L2/3
TUBB4B,-1.073032842,0.379,0.543,0,0,L2/3
UBL5,-0.905818396,0.372,0.536,0,0,L2/3
ATP5MC3,-0.881778635,0.443,0.607,0,0,L2/3
PTGES2,-1.022361797,0.308,0.472,0,0,L2/3
ERP29,-1.097073364,0.275,0.439,0,0,L2/3
RPSA,-0.916070987,0.535,0.699,0,0,L2/3
ATP6V0E2,-1.007596456,0.558,0.722,0,0,L2/3
LINC02398,0.770834045,0.547,0.384,0,0,L2/3
GABARAP,-0.884470258,0.438,0.601,0,0,L2/3
RPS27A,-0.793976753,0.587,0.749,0,0,L2/3
PLK2,-0.916333315,5.24E-01,0.686,0,0.00E+00,L2/3
RPL36AL,-0.949681386,3.04E-01,0.466,0,0.00E+00,L2/3
NDUFA13,-0.967764865,0.566,0.728,0,0,L2/3
YJEFN3,-0.945562021,0.501,0.663,0,0,L2/3
MIR31HG,0.996402391,3.80E-01,0.218,0,0.00E+00,L2/3
B3GAT3,-0.980657615,0.328,0.49,0,0,L2/3
AC096576.3,1.052146328,0.536,0.375,0,0,L2/3
AC096576.2,1.236279256,0.542,0.381,0,0,L2/3
NDUFV1,-0.911678859,0.573,0.734,0,0,L2/3
MOAP1,-0.952826378,0.477,0.638,0,0,L2/3
COX5A,-0.984791653,0.346,0.507,0,0,L2/3
COX4I1,-0.94418948,5.89E-01,0.75,0,0.00E+00,L2/3
RETREG2,-0.920993576,4.33E-01,0.594,0,0.00E+00,L2/3
RPL10A,-0.854469249,0.441,0.602,0,0,L2/3
GPAA1,-1.095092631,0.246,0.407,0,0,L2/3
RPS18,-0.908785276,0.517,0.677,0,0,L2/3
NME2,-0.837588167,0.47,0.63,0.00E+00,0.00E+00,L2/3
PSMC5,-1.061957444,0.318,0.478,0.00E+00,0.00E+00,L2/3
NREP,-1.027484807,0.548,7.08E-01,0.00E+00,0.00E+00,L2/3
ARL6IP4,-0.853801144,0.491,6.50E-01,0.00E+00,0.00E+00,L2/3
LINC00508,-1.425457337,0.163,3.22E-01,0.00E+00,0.00E+00,L2/3
DRAP1,-0.949266442,0.337,4.96E-01,0.00E+00,0.00E+00,L2/3
CA4,-1.07622388,0.342,5.01E-01,0.00E+00,0.00E+00,L2/3
MZT2B,-0.850888727,0.47,6.28E-01,0.00E+00,0.00E+00,L2/3
CORO1A,-1.150538716,0.244,4.02E-01,0,0.00E+00,L2/3
RAN,-0.910836041,0.426,5.84E-01,0.00E+00,0.00E+00,L2/3
CAMKV,-0.857057082,0.607,0.764,0.00E+00,0.00E+00,L2/3
CHCHD10,-0.878418046,0.517,6.74E-01,0.00E+00,0.00E+00,L2/3
RNF187,-1.016255189,0.32,4.77E-01,0.00E+00,0.00E+00,L2/3
LRPAP1,-1.035320426,0.457,6.14E-01,0.00E+00,0.00E+00,L2/3
CYCS,-0.905449338,0.45,6.07E-01,0.00E+00,0.00E+00,L2/3
NDUFB7,-1.041167554,0.268,4.25E-01,0.00E+00,0.00E+00,L2/3
PSMD2,-0.916213477,0.387,5.43E-01,0.00E+00,0.00E+00,L2/3
IDH2,-0.936286275,0.38,5.36E-01,0.00E+00,0.00E+00,L2/3
STARD4-AS1,-0.765516718,0.448,6.04E-01,0.00E+00,0.00E+00,L2/3
PSMC3,-1.096189826,0.254,4.10E-01,0.00E+00,0.00E+00,L2/3
CIAO2B,-0.876297059,0.338,4.94E-01,0.00E+00,0.00E+00,L2/3
FIS1,-0.90322629,0.354,5.09E-01,0.00E+00,0.00E+00,L2/3
STMN4,-0.910253875,0.509,6.64E-01,0.00E+00,0.00E+00,L2/3
RPS19BP1,-1.044504353,0.204,3.59E-01,0.00E+00,0.00E+00,L2/3
ADAMTSL1,1.010348606,0.492,3.37E-01,0.00E+00,0.00E+00,L2/3
NDUFB10,-0.899338276,0.315,4.70E-01,0.00E+00,0.00E+00,L2/3
C1orf122,-0.920015337,0.308,4.62E-01,0.00E+00,0.00E+00,L2/3
SPCS1,-0.918361019,0.433,5.87E-01,0.00E+00,0.00E+00,L2/3
FAU,-0.764127671,0.461,6.15E-01,0.00E+00,0.00E+00,L2/3
FIBP,-1.023024202,0.268,4.22E-01,0.00E+00,0.00E+00,L2/3
RPS7,-0.882801323,0.557,7.11E-01,0.00E+00,0.00E+00,L2/3
ITPKA,-0.880526787,0.508,6.61E-01,0.00E+00,0.00E+00,L2/3
SSBP4,-0.984638133,0.607,7.60E-01,0.00E+00,0.00E+00,L2/3
TIMM13,-1.037820116,0.213,3.66E-01,0.00E+00,0.00E+00,L2/3
SELENOM,-1.074924602,0.224,3.77E-01,0.00E+00,0.00E+00,L2/3
RPS13,-0.919426268,0.347,4.99E-01,0.00E+00,0.00E+00,L2/3
PTMS,-0.867687271,0.504,6.56E-01,0.00E+00,0.00E+00,L2/3
GABARAPL2,-0.842799133,0.497,6.49E-01,0,0.00E+00,L2/3
RPL18,-0.786407103,0.576,7.28E-01,0,0.00E+00,L2/3
LINC02223,0.691487368,0.641,0.49,0.00E+00,0.00E+00,L2/3
NDUFC2,-0.996933926,0.507,0.658,0.00E+00,0.00E+00,L2/3
SERF2,-0.863880252,0.384,5.35E-01,0.00E+00,0.00E+00,L2/3
SCAND1,-1.311216674,0.153,3.04E-01,0.00E+00,0.00E+00,L2/3
TM7SF2,-1.046652784,0.278,4.29E-01,0.00E+00,0.00E+00,L2/3
SPEF1,-1.19631511,0.2,3.51E-01,0.00E+00,0.00E+00,L2/3
CHGB,-0.967620684,0.43,5.81E-01,0.00E+00,0.00E+00,L2/3
COX5B,-0.846167754,4.83E-01,6.33E-01,0.00E+00,0.00E+00,L2/3
TMEM240,-1.021368722,3.35E-01,4.85E-01,0.00E+00,0.00E+00,L2/3
BTF3,-0.929584346,0.342,4.92E-01,0.00E+00,0.00E+00,L2/3
PGAM1,-0.861782257,0.458,6.08E-01,0.00E+00,0.00E+00,L2/3
RPL11,-0.801628986,5.27E-01,6.76E-01,0.00E+00,0.00E+00,L2/3
DCTN3,-0.960579791,0.289,4.38E-01,0.00E+00,0.00E+00,L2/3
MCRIP1,-0.997186524,0.301,4.50E-01,0.00E+00,0.00E+00,L2/3
RPS15,-0.770367457,0.575,7.24E-01,0.00E+00,0.00E+00,L2/3
REX1BD,-0.884449034,5.32E-01,6.81E-01,0.00E+00,0.00E+00,L2/3
SSNA1,-1.151394278,0.213,3.62E-01,0.00E+00,0.00E+00,L2/3
ATP6V1F,-0.889191048,0.39,5.38E-01,0.00E+00,0.00E+00,L2/3
FBXL15,-0.9570231,0.308,4.56E-01,0.00E+00,0.00E+00,L2/3
SPATA2L,-0.997627022,0.255,4.03E-01,0.00E+00,0.00E+00,L2/3
ZNF428,-0.880710428,3.50E-01,4.98E-01,0.00E+00,0.00E+00,L2/3
SELENOW,-0.999236812,7.09E-01,8.57E-01,0.00E+00,0.00E+00,L2/3
ECE2,-1.418510789,0.234,3.82E-01,0.00E+00,0.00E+00,L2/3
SLC30A3,-0.895277317,0.455,6.03E-01,0.00E+00,0.00E+00,L2/3
ADAMTS8,-0.991605429,0.324,4.72E-01,0.00E+00,0.00E+00,L2/3
UBB,-0.967961919,5.48E-01,6.96E-01,0.00E+00,0.00E+00,L2/3
DUBR,0.624859563,7.58E-01,6.11E-01,0.00E+00,0.00E+00,L2/3
ATP5MC1,-0.810445128,3.95E-01,5.42E-01,0.00E+00,0.00E+00,L2/3
EGFL7,-0.95376288,3.01E-01,4.47E-01,0.00E+00,0.00E+00,L2/3
ABHD14A,-0.950750893,0.357,5.02E-01,0.00E+00,0.00E+00,L2/3
HINT1,-0.846614244,6.26E-01,7.71E-01,0.00E+00,0.00E+00,L2/3
CEND1,-0.827313087,5.39E-01,6.84E-01,0.00E+00,0.00E+00,L2/3
MRPL4,-0.906729988,3.20E-01,4.65E-01,0.00E+00,0.00E+00,L2/3
RTN4R,-1.024601877,0.304,4.49E-01,0.00E+00,0.00E+00,L2/3
MED10,-0.801537151,4.21E-01,5.66E-01,0.00E+00,0.00E+00,L2/3
NRN1,-1.035027603,0.605,7.49E-01,0.00E+00,0.00E+00,L2/3
RPL3,-0.896389091,6.41E-01,7.85E-01,0.00E+00,0.00E+00,L2/3
UBE2S,-1.256849379,1.70E-01,3.14E-01,0.00E+00,0.00E+00,L2/3
RHBDD2,-0.887647139,4.24E-01,5.68E-01,0.00E+00,0.00E+00,L2/3
NME3,-0.822404571,5.37E-01,6.80E-01,0.00E+00,0.00E+00,L2/3
FKBP8,-0.852745488,0.506,6.49E-01,0.00E+00,0.00E+00,L2/3
MFSD10,-0.849231407,4.29E-01,5.72E-01,0.00E+00,0.00E+00,L2/3
TMSB10,-1.043927815,6.81E-01,8.24E-01,0.00E+00,0.00E+00,L2/3
CRIP2,-0.831477606,4.12E-01,5.54E-01,0.00E+00,0.00E+00,L2/3
CES4A,-1.045475163,6.27E-01,7.69E-01,0.00E+00,0.00E+00,L2/3
RPS21,-0.803053959,5.03E-01,6.45E-01,0.00E+00,0.00E+00,L2/3
RGS4,-0.944356019,6.81E-01,8.23E-01,0.00E+00,0.00E+00,L2/3
TLE4,0.669838033,6.75E-01,5.34E-01,0.00E+00,0.00E+00,L2/3
LHFPL6,0.832781973,7.73E-01,6.32E-01,0.00E+00,0.00E+00,L2/3
RHOT2,-0.823578263,5.64E-01,7.05E-01,0.00E+00,0.00E+00,L2/3
CENPT,-0.911849927,4.09E-01,5.49E-01,0.00E+00,0.00E+00,L2/3
AGRN,-0.863515237,3.75E-01,5.15E-01,0.00E+00,0.00E+00,L2/3
OAZ1,-0.919974969,6.88E-01,8.28E-01,0.00E+00,0.00E+00,L2/3
ATP5PF,-0.801111285,5.22E-01,6.62E-01,0.00E+00,0.00E+00,L2/3
LDHA,-0.905822407,4.26E-01,5.66E-01,0.00E+00,0.00E+00,L2/3
COX6B1,-0.799578145,4.11E-01,5.50E-01,0.00E+00,0.00E+00,L2/3
RPL21,-0.92457156,5.27E-01,6.66E-01,0.00E+00,0.00E+00,L2/3
DIRAS1,-0.842608802,4.03E-01,5.42E-01,0,0.00E+00,L2/3
ATP6V1G2,-0.844113205,4.44E-01,5.83E-01,0.00E+00,0.00E+00,L2/3
STX1A,-0.983041448,6.04E-01,0.742,0.00E+00,0.00E+00,L2/3
VDAC2,-0.954081365,3.92E-01,5.30E-01,0.00E+00,0.00E+00,L2/3
MLF2,-0.779240159,5.80E-01,7.18E-01,0.00E+00,0.00E+00,L2/3
PIN1,-0.888134722,5.91E-01,7.29E-01,0.00E+00,0.00E+00,L2/3
ATP6V0D1,-0.864424984,4.55E-01,5.93E-01,0.00E+00,0.00E+00,L2/3
PLXDC2,0.795483024,8.24E-01,6.86E-01,0.00E+00,0.00E+00,L2/3
PARK7,-0.821780871,4.31E-01,5.68E-01,0.00E+00,0.00E+00,L2/3
CHKB,-0.981508407,4.20E-01,5.56E-01,0.00E+00,0.00E+00,L2/3
CLTB,-0.78783019,4.73E-01,6.09E-01,0.00E+00,0.00E+00,L2/3
SEC11C,-1.01292327,3.53E-01,4.89E-01,0.00E+00,0.00E+00,L2/3
RPS9,-0.735205683,4.76E-01,6.12E-01,0.00E+00,0.00E+00,L2/3
TMEM132A,-0.860494854,4.64E-01,6.00E-01,0.00E+00,0.00E+00,L2/3
MRFAP1,-0.778710066,4.25E-01,5.60E-01,0.00E+00,0.00E+00,L2/3
KCTD17,-0.827932455,3.83E-01,5.18E-01,0.00E+00,0.00E+00,L2/3
MYL6B,-0.78115411,4.15E-01,5.49E-01,0.00E+00,0.00E+00,L2/3
RPL15,-0.865228318,6.66E-01,8.00E-01,0.00E+00,0.00E+00,L2/3
UQCRC1,-0.845152111,4.05E-01,5.39E-01,0.00E+00,0.00E+00,L2/3
RPL35A,-0.847330756,5.10E-01,6.44E-01,0.00E+00,0.00E+00,L2/3
GRINA,-0.856546751,3.97E-01,5.31E-01,0.00E+00,0.00E+00,L2/3
UBC,-0.985220403,6.26E-01,7.60E-01,0.00E+00,0.00E+00,L2/3
APLP1,-1.068205268,7.01E-01,8.34E-01,0.00E+00,0.00E+00,L2/3
NDUFS5,-0.766457971,4.69E-01,6.00E-01,0.00E+00,0.00E+00,L2/3
RPL36,-0.726113215,5.23E-01,6.54E-01,0.00E+00,0.00E+00,L2/3
TMEM175,-0.776113635,5.38E-01,6.68E-01,0.00E+00,0.00E+00,L2/3
UBA6-AS1,0.846138921,8.48E-01,7.18E-01,0.00E+00,0.00E+00,L2/3
MSMO1,-0.859977795,3.93E-01,5.23E-01,0.00E+00,0.00E+00,L2/3
ARHGEF2,-0.77310718,5.14E-01,6.43E-01,0.00E+00,0.00E+00,L2/3
TUBB,-0.842757063,4.72E-01,6.01E-01,0.00E+00,0.00E+00,L2/3
CFL1,-0.820776036,6.32E-01,7.61E-01,0.00E+00,0.00E+00,L2/3
TCEA2,-0.744396982,4.76E-01,6.04E-01,0.00E+00,0.00E+00,L2/3
RPS6KL1,-0.809654231,4.53E-01,5.81E-01,0.00E+00,0.00E+00,L2/3
ATP5ME,-0.712715651,5.29E-01,6.56E-01,0.00E+00,0.00E+00,L2/3
RPS14,-0.740099929,6.16E-01,7.43E-01,0.00E+00,0.00E+00,L2/3
NDUFB8,-0.897197157,6.85E-01,8.12E-01,0.00E+00,0.00E+00,L2/3
GAPDH,-1.345325058,7.56E-01,8.83E-01,0.00E+00,0.00E+00,L2/3
PGP,-0.864282411,6.40E-01,7.67E-01,0.00E+00,0.00E+00,L2/3
ACTG1,-0.872072241,6.97E-01,8.24E-01,0.00E+00,0.00E+00,L2/3
FBXO2,-0.802068937,4.64E-01,5.91E-01,0.00E+00,0.00E+00,L2/3
LDHB,-0.948665015,5.52E-01,6.78E-01,0.00E+00,0.00E+00,L2/3
ATP6V0C,-1.097533475,7.43E-01,8.69E-01,0.00E+00,0.00E+00,L2/3
SOD1,-0.797798068,5.81E-01,7.07E-01,0.00E+00,0.00E+00,L2/3
PSMA7,-0.761830303,4.61E-01,5.87E-01,0.00E+00,0.00E+00,L2/3
BCL2,0.551855005,7.73E-01,6.48E-01,0.00E+00,0.00E+00,L2/3
ARHGAP10,-0.751249797,5.88E-01,7.12E-01,0.00E+00,0.00E+00,L2/3
GPR162,-0.748364339,4.82E-01,6.06E-01,0.00E+00,0.00E+00,L2/3
LRCH1,0.558490837,7.43E-01,6.19E-01,0.00E+00,0.00E+00,L2/3
RACK1,-0.718228986,4.76E-01,5.99E-01,0.00E+00,0.00E+00,L2/3
AC006148.1,0.734026861,8.36E-01,7.13E-01,0.00E+00,0.00E+00,L2/3
SUMO2,-0.688053653,5.51E-01,6.74E-01,0.00E+00,0.00E+00,L2/3
FTL,-0.888550626,7.01E-01,8.24E-01,0.00E+00,0.00E+00,L2/3
PFDN5,-0.713803119,5.51E-01,6.73E-01,0.00E+00,0.00E+00,L2/3
SLC25A3,-0.851998256,5.89E-01,7.11E-01,0.00E+00,0.00E+00,L2/3
RPL17,-0.766376539,5.34E-01,6.56E-01,0.00E+00,0.00E+00,L2/3
RPL28,-0.677499749,5.80E-01,7.02E-01,0.00E+00,0.00E+00,L2/3
PINK1,-0.774714449,4.79E-01,6.00E-01,0.00E+00,0.00E+00,L2/3
RPL9,-0.768963013,6.01E-01,7.22E-01,0.00E+00,0.00E+00,L2/3
RPS23,-0.782800164,5.49E-01,6.70E-01,0.00E+00,0.00E+00,L2/3
HTR1E,0.668830085,8.20E-01,6.99E-01,0.00E+00,0.00E+00,L2/3
NPDC1,-0.903798898,7.19E-01,8.40E-01,0.00E+00,0.00E+00,L2/3
VAMP2,-1.117265736,7.95E-01,9.16E-01,0.00E+00,0.00E+00,L2/3
TMA7,-0.686647333,5.65E-01,6.85E-01,0.00E+00,0.00E+00,L2/3
GOT1,-0.708620242,5.61E-01,6.81E-01,0.00E+00,0.00E+00,L2/3
ATP5MPL,-0.677040639,5.98E-01,7.18E-01,0.00E+00,0.00E+00,L2/3
YPEL3,-0.782129272,6.11E-01,7.31E-01,0.00E+00,0.00E+00,L2/3
EEF1A2,-0.942895277,5.14E-01,6.34E-01,0.00E+00,0.00E+00,L2/3
CALY,-1.066743153,7.41E-01,8.60E-01,0.00E+00,0.00E+00,L2/3
RHBDL1,-0.805780825,4.90E-01,6.09E-01,0.00E+00,0.00E+00,L2/3
CYHR1,-0.704123901,5.69E-01,6.87E-01,0.00E+00,0.00E+00,L2/3
RPL6,-0.741153977,5.72E-01,6.90E-01,0.00E+00,0.00E+00,L2/3
SRP14,-0.725038024,6.03E-01,7.21E-01,0.00E+00,0.00E+00,L2/3
NEIL1,-0.7510258,4.69E-01,5.87E-01,0.00E+00,0.00E+00,L2/3
ADGRB2,-0.730745554,6.39E-01,7.56E-01,0.00E+00,0.00E+00,L2/3
SNCB,-0.795476522,5.35E-01,6.52E-01,0.00E+00,0.00E+00,L2/3
BSG,-0.711446972,6.28E-01,7.45E-01,0.00E+00,0.00E+00,L2/3
SHFL,-0.808136425,4.79E-01,5.96E-01,0.00E+00,0.00E+00,L2/3
DDRGK1,-0.642115902,5.69E-01,6.85E-01,0.00E+00,0.00E+00,L2/3
COX7C,-0.70383572,5.83E-01,6.99E-01,0.00E+00,0.00E+00,L2/3
KLHDC3,-0.699586781,5.18E-01,6.34E-01,0.00E+00,0.00E+00,L2/3
PHYHIP,-0.724756013,7.32E-01,8.48E-01,0.00E+00,0.00E+00,L2/3
TPT1,-0.747976175,6.44E-01,7.60E-01,0.00E+00,0.00E+00,L2/3
ZSCAN18,-0.691502255,5.57E-01,6.73E-01,0.00E+00,0.00E+00,L2/3
ANKRD13D,-0.73346323,4.93E-01,6.08E-01,0.00E+00,0.00E+00,L2/3
DOC2A,-0.662811741,5.57E-01,6.72E-01,0.00E+00,0.00E+00,L2/3
NAPA,-0.667330774,5.21E-01,6.36E-01,0.00E+00,0.00E+00,L2/3
P4HTM,-0.701552162,6.66E-01,7.80E-01,0.00E+00,0.00E+00,L2/3
ATP5F1B,-0.812658248,6.22E-01,7.36E-01,0.00E+00,0.00E+00,L2/3
RPL13,-0.764460359,7.01E-01,8.15E-01,0.00E+00,0.00E+00,L2/3
EID1,-0.661846718,5.98E-01,7.11E-01,0.00E+00,0.00E+00,L2/3
AC098588.3,0.65941117,8.32E-01,7.21E-01,0.00E+00,0.00E+00,L2/3
CYP46A1,-0.879758304,7.16E-01,8.27E-01,0.00E+00,0.00E+00,L2/3
NGRN,-0.679505992,6.51E-01,7.62E-01,0.00E+00,0.00E+00,L2/3
RPL32,-0.640235909,6.41E-01,7.51E-01,0.00E+00,0.00E+00,L2/3
AC002460.2,0.573305798,8.15E-01,7.05E-01,0.00E+00,0.00E+00,L2/3
AC016831.7,0.75217983,8.59E-01,7.49E-01,0.00E+00,0.00E+00,L2/3
LINC00507,-0.622406795,6.60E-01,7.70E-01,0.00E+00,0.00E+00,L2/3
EIF1,-0.865250962,7.54E-01,8.64E-01,0.00E+00,0.00E+00,L2/3
ATP5IF1,-0.708161439,5.72E-01,6.81E-01,0.00E+00,0.00E+00,L2/3
RPL14,-0.677893284,6.24E-01,7.33E-01,0.00E+00,0.00E+00,L2/3
CA11,-0.674401053,6.61E-01,7.70E-01,0.00E+00,0.00E+00,L2/3
TMEM259,-0.637860493,5.75E-01,6.83E-01,0.00E+00,0.00E+00,L2/3
MTCH1,-0.699890186,7.09E-01,8.16E-01,0.00E+00,0.00E+00,L2/3
SH3GLB2,-0.66608987,5.48E-01,6.55E-01,0.00E+00,0.00E+00,L2/3
SAT2,-0.785587304,6.63E-01,7.70E-01,0.00E+00,0.00E+00,L2/3
NDUFA4,-0.86626064,6.92E-01,7.98E-01,0.00E+00,0.00E+00,L2/3
RUNDC3A,-0.647238782,6.31E-01,7.37E-01,0.00E+00,0.00E+00,L2/3
BSCL2,-0.878292998,7.56E-01,8.61E-01,0.00E+00,0.00E+00,L2/3
THY1,-1.078126871,8.07E-01,9.12E-01,0.00E+00,0.00E+00,L2/3
RPLP1,-0.661571006,6.20E-01,7.25E-01,0.00E+00,0.00E+00,L2/3
ARF3,-0.676007043,6.47E-01,7.51E-01,0.00E+00,0.00E+00,L2/3
REEP2,-0.640724176,5.85E-01,6.88E-01,0.00E+00,0.00E+00,L2/3
MAL2,-0.601011635,6.28E-01,7.29E-01,0.00E+00,0.00E+00,L2/3
RPL41,-0.701413135,6.67E-01,7.68E-01,0.00E+00,0.00E+00,L2/3
SLC17A7,-0.789829195,7.66E-01,8.67E-01,0.00E+00,0.00E+00,L2/3
STMN3,-0.61742211,6.35E-01,7.36E-01,0.00E+00,0.00E+00,L2/3
NPTXR,-0.771992048,7.25E-01,8.26E-01,0.00E+00,0.00E+00,L2/3
TMTC1,0.60460534,8.28E-01,7.28E-01,0,0.00E+00,L2/3
TYRO3,-0.562266934,6.73E-01,7.73E-01,0,0.00E+00,L2/3
QTRT1,-0.630479462,5.80E-01,0.679,0,0.00E+00,L2/3
KIFC2,-0.588569596,6.72E-01,0.771,0,0.00E+00,L2/3
PTMA,-0.539748423,6.89E-01,0.787,0,0.00E+00,L2/3
ULK3,-0.758322315,5.63E-01,0.661,0,0.00E+00,L2/3
ZNF302,-0.616212122,5.80E-01,0.678,0,0.00E+00,L2/3
RPL5,-0.727606605,6.73E-01,0.771,0,0.00E+00,L2/3
VDAC3,-0.645083189,6.71E-01,0.769,0,0.00E+00,L2/3
SEZ6L2,-0.711069494,6.60E-01,0.758,0,0.00E+00,L2/3
JAK2,0.523714921,7.92E-01,0.695,0,0.00E+00,L2/3
ATP5MD,-0.696515206,6.29E-01,0.725,0,0.00E+00,L2/3
STMN1,-0.881965721,7.90E-01,0.885,0,0.00E+00,L2/3
AC009041.2,-0.652416165,7.86E-01,0.881,0,0.00E+00,L2/3
TBRG1,-0.765143975,7.10E-01,0.804,0,0.00E+00,L2/3
TSPAN13,-0.62654426,6.70E-01,0.764,0,0.00E+00,L2/3
FXYD7,-0.560038565,6.35E-01,0.728,0,0.00E+00,L2/3
GAB1,0.598739253,9.18E-01,0.827,0,0.00E+00,L2/3
UQCRH,-0.615192889,6.26E-01,0.717,0.00E+00,0.00E+00,L2/3
RPL34,-0.721883471,6.53E-01,0.743,0.00E+00,0.00E+00,L2/3
NDUFA5,-0.597867589,6.44E-01,7.34E-01,0.00E+00,0.00E+00,L2/3
SCG5,-0.885747641,7.39E-01,8.29E-01,0.00E+00,0.00E+00,L2/3
VDAC1,-0.660812224,6.38E-01,7.26E-01,0.00E+00,0.00E+00,L2/3
TMEM59L,-0.974639942,8.29E-01,9.16E-01,0.00E+00,0.00E+00,L2/3
SARAF,-0.766791652,7.96E-01,8.83E-01,0.00E+00,0.00E+00,L2/3
IGSF8,-0.625017369,7.17E-01,8.03E-01,0.00E+00,0.00E+00,L2/3
SNX3,-0.638844493,6.53E-01,7.38E-01,0.00E+00,0.00E+00,L2/3
PTPRN,-0.594644218,6.71E-01,7.55E-01,0.00E+00,0.00E+00,L2/3
LINC00513,0.578088135,8.41E-01,7.57E-01,0.00E+00,0.00E+00,L2/3
PKM,-0.712508467,7.91E-01,8.74E-01,0.00E+00,0.00E+00,L2/3
CCNI,-0.661481657,7.66E-01,8.47E-01,0.00E+00,0.00E+00,L2/3
CAMK2N1,-0.833686435,8.49E-01,9.29E-01,0.00E+00,0.00E+00,L2/3
NGEF,-0.600552128,8.21E-01,9.01E-01,0.00E+00,0.00E+00,L2/3
ARPP19,-0.925723092,8.62E-01,9.42E-01,0.00E+00,0.00E+00,L2/3
REEP5,-0.600128212,7.23E-01,8.01E-01,0.00E+00,0.00E+00,L2/3
HOPX,-0.618497537,7.64E-01,8.41E-01,0.00E+00,0.00E+00,L2/3
NEFL,-0.775391416,6.94E-01,7.69E-01,0.00E+00,0.00E+00,L2/3
SCN3B,-0.663130123,7.66E-01,8.40E-01,0.00E+00,0.00E+00,L2/3
CCK,-1.259499249,8.54E-01,9.27E-01,0.00E+00,0.00E+00,L2/3
SLC22A17,-0.615551459,7.82E-01,8.55E-01,0.00E+00,0.00E+00,L2/3
SULT4A1,-0.569765233,6.81E-01,7.54E-01,0.00E+00,0.00E+00,L2/3
SCAMP5,-0.533595952,7.67E-01,8.39E-01,0.00E+00,0.00E+00,L2/3
CALM3,-0.82705402,8.66E-01,9.35E-01,0.00E+00,0.00E+00,L2/3
MDH1,-0.674553153,7.82E-01,8.51E-01,0.00E+00,0.00E+00,L2/3
PVT1,0.503332293,8.15E-01,7.48E-01,0.00E+00,0.00E+00,L2/3
TUBA1B,-0.853018025,8.41E-01,9.06E-01,0.00E+00,0.00E+00,L2/3
YWHAH,-0.815718304,8.50E-01,9.15E-01,0.00E+00,0.00E+00,L2/3
ATP1A3,-0.562917529,7.22E-01,7.86E-01,0.00E+00,0.00E+00,L2/3
DYNLL1,-0.585757829,8.15E-01,8.78E-01,0.00E+00,0.00E+00,L2/3
PGM2L1,-0.514432474,7.93E-01,8.55E-01,0.00E+00,0.00E+00,L2/3
EIF4A2,-0.661748809,8.36E-01,8.95E-01,0.00E+00,0.00E+00,L2/3
HRH2,-0.561164059,7.43E-01,8.02E-01,0.00E+00,0.00E+00,L2/3
YWHAB,-0.591875715,8.30E-01,8.89E-01,0.00E+00,0.00E+00,L2/3
PEBP1,-0.646832897,8.52E-01,9.09E-01,0.00E+00,0.00E+00,L2/3
DGKZ,-0.608915002,8.57E-01,9.13E-01,0.00E+00,0.00E+00,L2/3
CAMKK2,-0.551222714,8.17E-01,8.73E-01,0.00E+00,0.00E+00,L2/3
FAIM2,-0.584004078,8.05E-01,8.61E-01,0.00E+00,0.00E+00,L2/3
CRYM,-0.605302168,6.96E-01,7.51E-01,0.00E+00,0.00E+00,L2/3
HSP90AB1,-0.658873031,8.76E-01,9.30E-01,0.00E+00,0.00E+00,L2/3
LINGO1,-0.535516161,7.72E-01,8.26E-01,0.00E+00,0.00E+00,L2/3
PLD3,-0.5377365,8.55E-01,9.08E-01,0.00E+00,0.00E+00,L2/3
OCIAD1,-0.507060788,8.28E-01,8.78E-01,0.00E+00,0.00E+00,L2/3
MIR137HG,0.609609177,9.40E-01,8.94E-01,0.00E+00,0.00E+00,L2/3
FTH1,-1.090427345,8.96E-01,9.42E-01,0.00E+00,0.00E+00,L2/3
NRGN,-1.405645712,9.26E-01,9.72E-01,0.00E+00,0.00E+00,L2/3
MCTP1,0.771220895,9.65E-01,9.20E-01,0.00E+00,0.00E+00,L2/3
OLFM1,-0.542839251,8.94E-01,9.38E-01,0.00E+00,0.00E+00,L2/3
FAM153B,-0.646654678,8.44E-01,8.87E-01,0.00E+00,0.00E+00,L2/3
TTC28,0.505614423,9.25E-01,8.82E-01,0.00E+00,0.00E+00,L2/3
CKB,-1.191905068,9.21E-01,9.64E-01,0.00E+00,0.00E+00,L2/3
NDFIP1,-0.504383024,9.07E-01,9.40E-01,0.00E+00,0.00E+00,L2/3
AC092691.1,0.557218127,9.50E-01,9.18E-01,0.00E+00,0.00E+00,L2/3
ACTB,-0.594104758,9.02E-01,9.30E-01,0.00E+00,0.00E+00,L2/3
HSP90AA1,-0.718851402,9.20E-01,9.47E-01,0.00E+00,0.00E+00,L2/3
ENC1,-0.779945985,0.956,9.77E-01,0.00E+00,0.00E+00,L2/3
DOCK4,0.547620697,0.986,9.69E-01,0.00E+00,0.00E+00,L2/3
ATP1B1,-0.652697391,0.954,9.69E-01,0.00E+00,0.00E+00,L2/3
CABP1,-0.830045281,9.56E-01,9.70E-01,0.00E+00,0.00E+00,L2/3
CALM2,-0.624878414,9.67E-01,9.77E-01,0.00E+00,0.00E+00,L2/3
CALM1,-0.57270585,0.985,9.90E-01,0.00E+00,0.00E+00,L2/3
RTN4,-0.660950675,9.88E-01,9.90E-01,0.00E+00,0.00E+00,L2/3
MAGI2,0.514173235,0.999,9.98E-01,0.00E+00,0.00E+00,L2/3
SYN3,0.663895457,0.972,9.72E-01,0.00E+00,0.00E+00,L2/3
TTC9B,-1.602319743,0.411,0.699,0.0E+00,0.0E+00,L4
HES4,-2.149765823,0.14,0.416,0.0E+00,0.0E+00,L4
NPTX2,-2.431653567,0.096,0.368,0.0E+00,0.0E+00,L4
GNG3,-1.503061538,0.221,0.49,0.0E+00,0.0E+00,L4
RAB3A,-1.491559314,0.325,0.593,0.0E+00,0.0E+00,L4
GUK1,-1.284525001,0.408,0.672,0.0E+00,0.0E+00,L4
HPCA,-1.344422059,0.373,0.637,0.0E+00,0.0E+00,L4
TUBB2A,-1.473656805,0.408,0.67,0.0E+00,0.0E+00,L4
TPI1,-1.334852245,0.352,0.608,0.0E+00,0.0E+00,L4
RASL10A,-1.680646307,0.201,0.456,0.0E+00,0.0E+00,L4
LY6E,-1.478056826,0.231,0.485,0.0E+00,0.0E+00,L4
TUBA1A,-1.361354257,0.486,0.739,0.0E+00,0.0E+00,L4
LY6H,-1.363588419,0.338,0.591,0.0E+00,0.0E+00,L4
HSPA8,-1.202279621,0.431,0.683,0.0E+00,0.0E+00,L4
CTXN1,-1.370288878,0.259,0.506,0.0E+00,0.0E+00,L4
MAP1LC3A,-1.160510036,0.449,0.695,0.0E+00,0.0E+00,L4
RPS3A,-1.184755633,0.382,0.627,0.0E+00,0.0E+00,L4
GPX4,-1.152938932,0.422,0.666,0.0E+00,0.0E+00,L4
RNASEK,-1.185212231,0.363,0.607,0.0E+00,0.0E+00,L4
ARHGDIG,-1.33323807,0.289,0.532,0.0E+00,0.0E+00,L4
CCDC85B,-1.050293516,0.404,0.647,0.0E+00,0.0E+00,L4
PRDX5,-1.266574185,0.245,0.486,0.0E+00,0.0E+00,L4
ATP6V0E2,-1.221926693,0.43,0.667,0.0E+00,0.0E+00,L4
C9orf16,-1.186678613,0.301,0.538,0.0E+00,0.0E+00,L4
ATP6V0B,-1.198329519,0.421,0.657,0.0E+00,0.0E+00,L4
SLC25A4,-1.22882559,0.326,0.562,0.0E+00,0.0E+00,L4
NRN1,-1.395410895,0.485,0.721,0.0E+00,0.0E+00,L4
RPL26,-1.115490979,0.403,0.639,0.0E+00,0.0E+00,L4
STUB1,-1.196903783,0.272,0.504,0.0E+00,0.0E+00,L4
OAZ1,-1.137401078,0.544,0.775,0.0E+00,0.0E+00,L4
RPL19,-1.103608464,0.374,0.603,0.0E+00,0.0E+00,L4
RPL7A,-1.093309528,0.474,0.702,0.0E+00,0.0E+00,L4
TMEM205,-1.296823915,0.266,0.491,0.0E+00,0.0E+00,L4
MEIS3,-0.920416943,0.34,0.565,0.0E+00,0.0E+00,L4
C1QTNF4,-1.445194888,0.232,0.456,0.0E+00,0.0E+00,L4
ARF5,-1.184513931,0.252,0.476,0.0E+00,0.0E+00,L4
AP2M1,-1.110475535,0.487,0.71,0.0E+00,0.0E+00,L4
EDF1,-1.025326744,0.28,0.502,0.0E+00,0.0E+00,L4
PIN1,-1.085757375,0.371,0.593,0.0E+00,0.0E+00,L4
UQCR11,-1.107701764,0.268,0.489,0.0E+00,0.0E+00,L4
BRK1,-1.016286201,0.342,0.563,0.0E+00,0.0E+00,L4
CYCS,-1.0636219,0.326,0.546,0.0E+00,0.0E+00,L4
B4GAT1,-1.037719832,0.309,0.529,0.0E+00,0.0E+00,L4
RPL6,-1.074706984,0.412,0.632,0.0E+00,0.0E+00,L4
PPDPF,-1.320891149,0.216,0.436,0.0E+00,0.0E+00,L4
RPL8,-0.984112774,0.381,0.601,0.0E+00,0.0E+00,L4
RPL29,-0.932840456,0.342,0.561,0.0E+00,0.0E+00,L4
PRDX2,-1.049307652,0.318,0.537,0.0E+00,0.0E+00,L4
ITM2C,-1.043411541,0.358,0.576,0.0E+00,0.0E+00,L4
RPS27A,-0.926868246,0.461,0.678,0.0E+00,0.0E+00,L4
SELENOH,-0.967583555,0.38,0.596,0.0E+00,0.0E+00,L4
GABARAP,-1.009765117,0.333,0.548,0.0E+00,0.0E+00,L4
SYT5,-1.068085906,0.284,0.499,0.0E+00,0.0E+00,L4
TUBA4A,-0.998671487,0.329,0.543,0.0E+00,0.0E+00,L4
TTYH1,-1.081581879,0.283,0.497,0.0E+00,0.0E+00,L4
ATP5F1E,-0.984678694,0.366,0.58,0.0E+00,0.0E+00,L4
NDUFV1,-1.004302978,0.405,0.618,0.0E+00,0.0E+00,L4
ELOB,-1.078374745,0.312,0.524,0.0E+00,0.0E+00,L4
CA11,-0.988601595,0.45,0.662,0.0E+00,0.0E+00,L4
TMEM59L,-1.214241034,0.564,0.774,0.0E+00,0.0E+00,L4
TMEM160,-0.997173563,0.344,0.554,0.0E+00,0.0E+00,L4
RPS18,-1.014031713,0.377,0.587,0.0E+00,0.0E+00,L4
NDUFC2,-0.990660102,0.362,0.572,0.0E+00,0.0E+00,L4
ANTKMT,-1.108558368,0.272,0.482,0.0E+00,0.0E+00,L4
TUBB3,-0.971238139,0.38,0.59,0.0E+00,0.0E+00,L4
COX5A,-1.171855699,0.24,0.449,0.0E+00,0.0E+00,L4
CHCHD2,-0.842984867,0.379,0.588,0.0E+00,0.0E+00,L4
RPL21,-0.996865673,0.373,0.582,0.0E+00,0.0E+00,L4
RPL10A,-1.087071047,0.291,0.499,0.0E+00,0.0E+00,L4
RPL11,-0.931891249,0.397,0.605,0.0E+00,0.0E+00,L4
ROGDI,-1.05814194,0.272,0.48,0.0E+00,0.0E+00,L4
RPSA,-0.926951051,0.415,0.622,0.0E+00,0.0E+00,L4
AC009041.2,-1.54529478,0.231,0.438,0.0E+00,0.0E+00,L4
RPS23,-0.969729688,0.393,0.6,0.0E+00,0.0E+00,L4
RPL17,-1.031124495,0.362,0.568,0.0E+00,0.0E+00,L4
RPS12,-0.986442619,0.316,0.521,0.0E+00,0.0E+00,L4
GABARAPL2,-0.957038302,0.382,0.587,0.0E+00,0.0E+00,L4
PSMD8,-1.098010795,0.262,0.466,0.0E+00,0.0E+00,L4
MOAP1,-0.942800039,0.389,0.593,0.0E+00,0.0E+00,L4
TRAPPC5,-1.016480001,0.269,0.473,0.0E+00,0.0E+00,L4
RPL5,-0.968080424,0.478,0.681,0.0E+00,0.0E+00,L4
ISCU,-1.116149932,0.351,0.554,0.0E+00,0.0E+00,L4
AP2S1,-1.097287803,0.252,0.455,0.0E+00,0.0E+00,L4
RPL41,-0.950375487,0.492,0.695,0.0E+00,0.0E+00,L4
FKBP8,-0.875443236,0.413,0.615,0.0E+00,0.0E+00,L4
MCRIP1,-1.104141299,0.234,0.436,0.0E+00,0.0E+00,L4
SET,-0.939580111,0.371,0.573,0.0E+00,0.0E+00,L4
COX5B,-0.940068805,0.361,0.562,0.0E+00,0.0E+00,L4
RPS15,-0.851906298,0.446,0.646,0.0E+00,0.0E+00,L4
NDUFA13,-0.959041654,0.433,0.633,0.0E+00,0.0E+00,L4
CES4A,-1.04914424,0.386,0.586,0.0E+00,0.0E+00,L4
RPS7,-0.857911655,0.432,0.631,0.0E+00,0.0E+00,L4
LDHB,-0.998341486,0.402,0.601,0.0E+00,0.0E+00,L4
SOD1,-0.875662446,0.47,0.668,0.0E+00,0.0E+00,L4
COX7C,-0.926974786,0.429,0.626,0.0E+00,0.0E+00,L4
NPDC1,-0.981827033,0.527,0.724,0.0E+00,0.0E+00,L4
UBB,-0.852365365,0.442,0.638,0.0E+00,0.0E+00,L4
FRMPD2,-1.686188459,0.138,0.333,0.0E+00,0.0E+00,L4
RPL3,-0.917777577,0.509,0.704,0.0E+00,0.0E+00,L4
COX4I1,-0.85435377,0.459,0.653,0.0E+00,0.0E+00,L4
GAPDH,-1.371474213,0.634,0.827,0.0E+00,0.0E+00,L4
RPL28,-0.887051324,0.426,0.618,0.0E+00,0.0E+00,L4
NDUFB8,-0.916044873,0.52,0.712,0.0E+00,0.0E+00,L4
FXYD7,-0.820359817,0.463,0.654,0.0E+00,0.0E+00,L4
CFL1,-0.848565541,0.508,0.699,0.0E+00,0.0E+00,L4
SELENOW,-1.132951482,0.599,0.787,0.0E+00,0.0E+00,L4
NDUFA4,-0.931189501,0.566,0.752,0.0E+00,0.0E+00,L4
ITPR2,1.312076536,0.403,0.218,0.0E+00,0.0E+00,L4
SAT2,-0.877344071,0.452,0.637,0.0E+00,0.0E+00,L4
RPL15,-0.835091205,0.559,0.744,0.0E+00,0.0E+00,L4
TMSB10,-1.218418129,0.614,0.798,0.0E+00,0.0E+00,L4
RPL14,-0.838104949,0.481,0.665,0.0E+00,0.0E+00,L4
APLP1,-0.954626749,0.487,0.671,0.0E+00,0.0E+00,L4
HINT1,-0.813633065,0.527,0.71,0.0E+00,0.0E+00,L4
MTCH1,-0.834723459,0.549,0.732,0.0E+00,0.0E+00,L4
EIF1,-0.946495138,0.619,0.801,0.0E+00,0.0E+00,L4
RPL32,-0.820654181,0.482,0.663,0.0E+00,0.0E+00,L4
YPEL3,-0.930706927,0.496,0.677,0.0E+00,0.0E+00,L4
NGRN,-0.8467478,0.552,0.733,0.0E+00,0.0E+00,L4
ACTG1,-0.809349002,0.587,0.766,0.0E+00,0.0E+00,L4
UQCRH,-0.800848811,0.494,0.671,0.0E+00,0.0E+00,L4
THY1,-1.096823996,0.631,0.808,0.0E+00,0.0E+00,L4
VAMP2,-1.152732149,0.688,0.865,0.0E+00,0.0E+00,L4
CCNI,-0.874254485,0.632,0.805,0.0E+00,0.0E+00,L4
SLC17A7,-0.928592967,0.629,0.797,0.0E+00,0.0E+00,L4
STX1A,-0.834329227,0.591,0.756,0.0E+00,0.0E+00,L4
NEFL,-0.843881701,0.557,0.722,0.0E+00,0.0E+00,L4
SARAF,-0.925998995,0.649,0.812,0.0E+00,0.0E+00,L4
MDH1,-0.86657798,0.613,0.774,0.0E+00,0.0E+00,L4
RPL13,-0.704279815,0.576,0.737,0.0E+00,0.0E+00,L4
FTL,-0.755789399,0.591,0.752,0.0E+00,0.0E+00,L4
ARPP19,-0.928136239,0.653,0.814,0.0E+00,0.0E+00,L4
ATP6V0C,-1.057249108,0.63,0.79,0.0E+00,0.0E+00,L4
SCG5,-0.946820065,0.601,0.755,0.0E+00,0.0E+00,L4
SCG3,-0.830307845,0.569,0.72,0.0E+00,0.0E+00,L4
YWHAH,-0.882838854,0.683,0.831,0.0E+00,0.0E+00,L4
ENO2,-0.71368685,0.614,0.76,0.0E+00,0.0E+00,L4
PKM,-0.747991133,0.616,0.757,0.0E+00,0.0E+00,L4
CCK,-1.089984278,0.661,0.794,0.0E+00,0.0E+00,L4
YWHAB,-0.744233322,0.699,0.825,0.0E+00,0.0E+00,L4
CALM3,-0.836251575,0.754,0.879,0.0E+00,0.0E+00,L4
PEBP1,-0.864868933,0.737,0.859,0.0E+00,0.0E+00,L4
STMN1,-0.912233581,0.768,0.88,0.0E+00,0.0E+00,L4
NRGN,-1.324825018,0.79,0.901,0.0E+00,0.0E+00,L4
OLFM1,-0.942637571,0.757,0.866,0.0E+00,0.0E+00,L4
FTH1,-1.126688162,0.783,0.89,0.0E+00,0.0E+00,L4
TUBA1B,-0.860698548,0.785,0.891,0.0E+00,0.0E+00,L4
CKB,-0.914592029,0.763,0.866,0.0E+00,0.0E+00,L4
MCTP1,0.774249928,0.777,0.677,0.0E+00,0.0E+00,L4
GRIP1,0.845189987,0.81,0.713,0.0E+00,0.0E+00,L4
HSP90AB1,-0.688354241,0.786,0.866,0.0E+00,0.0E+00,L4
ATP1B1,-0.660479629,0.829,0.905,0.0E+00,0.0E+00,L4
HSP90AA1,-0.642989494,0.829,0.898,0.0E+00,0.0E+00,L4
DOCK4,0.630636134,0.862,0.793,0.0E+00,0.0E+00,L4
CABP1,-0.739910555,0.827,0.895,0.0E+00,0.0E+00,L4
AC073091.3,0.598811298,0.835,0.77,0.0E+00,0.0E+00,L4
CALM2,-0.666011544,0.87,0.922,0.0E+00,0.0E+00,L4
CALM1,-0.691513359,0.918,0.953,0.0E+00,0.0E+00,L4
MTUS2,0.567949867,0.889,0.861,0.0E+00,0.0E+00,L4
LINC00882,0.542728702,0.913,0.891,0.0E+00,0.0E+00,L4
MEG3,-0.734626865,0.968,0.987,0.0E+00,0.0E+00,L4
CACNA2D3,0.533301461,0.901,0.886,0.0E+00,0.0E+00,L4
NRGN,-1.309294717,0.744,0.869,0.0E+00,0.0E+00,L5/6
MEG3,-0.621491445,0.989,0.988,0.0E+00,0.0E+00,L5/6
TUBA1A,-1.259710407,0.605,0.837,0.0E+00,0.0E+00,L5/6-CC
GAPDH,-1.283901066,0.664,0.868,0.0E+00,0.0E+00,L5/6-CC
VAMP2,-1.118836213,0.734,0.908,0.0E+00,0.0E+00,L5/6-CC
NRGN,-1.38443972,0.841,0.949,0.0E+00,0.0E+00,L5/6-CC
CCK,-1.089570514,0.846,0.946,0.0E+00,0.0E+00,L5/6-CC
FTH1,-1.092200424,0.857,0.942,0.0E+00,0.0E+00,L5/6-CC
CABP1,-0.772373538,0.918,0.966,0.0E+00,0.0E+00,L5/6-CC
MEG3,-0.66289156,0.999,1,0.0E+00,0.0E+00,L5/6-CC
TTC9B,-1.649139228,0.377,0.649,0.0E+00,0.0E+00,ext
HES4,-2.217167619,0.159,0.421,0.0E+00,0.0E+00,ext
HPCA,-1.413524473,0.333,0.576,0.0E+00,0.0E+00,ext
HSPA8,-1.380460681,0.46,0.7,0.0E+00,0.0E+00,ext
TUBB2A,-1.487572846,0.443,0.681,0.0E+00,0.0E+00,ext
GNG3,-1.401371361,0.272,0.508,0.0E+00,0.0E+00,ext
RAB3A,-1.434421606,0.384,0.619,0.0E+00,0.0E+00,ext
ARHGDIG,-1.366726103,0.331,0.566,0.0E+00,0.0E+00,ext
C1QTNF4,-1.682655038,0.262,0.495,0.0E+00,0.0E+00,ext
LINC00551,1.485489717,0.424,0.191,0.0E+00,0.0E+00,ext
C9orf16,-1.206570124,0.369,0.599,0.0E+00,0.0E+00,ext
CCDC85B,-1.124072151,0.452,0.681,0.0E+00,0.0E+00,ext
FAM66A,1.105147703,0.513,0.29,0.0E+00,0.0E+00,ext
CTXN1,-1.353792843,0.326,0.548,0.0E+00,0.0E+00,ext
LY6E,-1.329860759,0.298,0.518,0.0E+00,0.0E+00,ext
RASL10A,-1.510863073,0.268,0.487,0.0E+00,0.0E+00,ext
LY6H,-1.160429148,0.471,0.687,0.0E+00,0.0E+00,ext
STUB1,-1.202132904,0.313,0.527,0.0E+00,0.0E+00,ext
TUBA1A,-1.336001508,0.562,0.773,0.0E+00,0.0E+00,ext
GPX4,-1.092922525,0.456,0.666,0.0E+00,0.0E+00,ext
FKBP5,1.658394747,0.374,0.164,0.0E+00,0.0E+00,ext
PRDX5,-1.233557014,0.279,0.489,0.0E+00,0.0E+00,ext
MEIS3,-0.887675902,0.412,0.621,0.0E+00,0.0E+00,ext
TMEM160,-1.091805712,0.367,0.576,0.0E+00,0.0E+00,ext
TPI1,-1.209773725,0.424,0.63,0.0E+00,0.0E+00,ext
GUK1,-1.171171186,0.522,0.728,0.0E+00,0.0E+00,ext
NPTX2,-1.842352721,0.163,0.368,0.0E+00,0.0E+00,ext
ARF5,-1.189975406,0.309,0.513,0.0E+00,0.0E+00,ext
MAP1LC3A,-1.061018647,0.519,0.723,0.0E+00,0.0E+00,ext
KCNF1,-1.430353181,0.158,0.361,0.0E+00,0.0E+00,ext
ATP6V0B,-1.243905251,0.496,0.699,0.0E+00,0.0E+00,ext
RNASEK,-1.139601653,0.438,0.639,0.0E+00,0.0E+00,ext
EDF1,-1.049926696,0.345,0.545,0.0E+00,0.0E+00,ext
RPS3A,-1.152306801,0.439,0.639,0.0E+00,0.0E+00,ext
TUBA4A,-1.081185781,0.385,0.585,0.0E+00,0.0E+00,ext
SLC25A4,-1.155074993,0.394,0.593,0.0E+00,0.0E+00,ext
TUBB3,-1.121178027,0.429,0.626,0.0E+00,0.0E+00,ext
TMEM205,-1.146507507,0.357,0.553,0.0E+00,0.0E+00,ext
ITPR2,0.880451417,0.621,0.428,0.0E+00,0.0E+00,ext
TRAPPC5,-1.081222715,0.315,0.507,0.0E+00,0.0E+00,ext
RPL29,-0.924090478,0.398,0.589,0.0E+00,0.0E+00,ext
SET,-1.025301445,0.433,0.623,0.0E+00,0.0E+00,ext
PPDPF,-1.196389557,0.282,0.472,0.0E+00,0.0E+00,ext
ATP5F1D,-0.960602787,0.373,0.562,0.0E+00,0.0E+00,ext
ANTKMT,-1.128164177,0.337,0.526,0.0E+00,0.0E+00,ext
ATP6V0E2,-1.099375314,0.502,0.691,0.0E+00,0.0E+00,ext
BRK1,-1.015825372,0.409,0.597,0.0E+00,0.0E+00,ext
UQCR11,-1.004390542,0.342,0.53,0.0E+00,0.0E+00,ext
SYT5,-1.04549998,0.377,0.565,0.0E+00,0.0E+00,ext
AP1S1,-1.038053352,0.338,0.525,0.0E+00,0.0E+00,ext
RPL8,-0.938358649,0.436,0.622,0.0E+00,0.0E+00,ext
PRDX2,-1.067239793,0.364,0.548,0.0E+00,0.0E+00,ext
B4GAT1,-1.018179383,0.36,0.543,0.0E+00,0.0E+00,ext
RPL26,-0.97566197,0.494,0.677,0.0E+00,0.0E+00,ext
ROGDI,-0.988524687,0.353,0.535,0.0E+00,0.0E+00,ext
CDK5R2,-1.07448555,0.265,0.447,0.0E+00,0.0E+00,ext
CDKN2D,-1.175591436,0.28,0.462,0.0E+00,0.0E+00,ext
SEPTIN5,-1.278762817,0.187,0.367,0.0E+00,0.0E+00,ext
AURKAIP1,-1.094957526,0.232,0.412,0.0E+00,0.0E+00,ext
ELOB,-1.005422178,0.355,0.534,0.0E+00,0.0E+00,ext
C4orf48,-1.137763356,0.275,0.454,0.0E+00,0.0E+00,ext
RPL19,-0.954519802,0.457,0.636,0.0E+00,0.0E+00,ext
PSMD8,-1.04867132,0.313,0.492,0.0E+00,0.0E+00,ext
NRN1,-1.207823684,0.536,0.715,0.0E+00,0.0E+00,ext
SELENOH,-0.934413328,0.435,0.613,0.0E+00,0.0E+00,ext
TTYH1,-0.997245708,0.412,0.59,0.0E+00,0.0E+00,ext
RPL7A,-0.983489066,0.558,0.736,0.0E+00,0.0E+00,ext
CHCHD2,-0.875552649,0.435,0.612,0.0E+00,0.0E+00,ext
RABAC1,-1.037605157,0.322,0.499,0.0E+00,0.0E+00,ext
ATP5F1E,-0.961427338,0.436,0.612,0.0E+00,0.0E+00,ext
ATP5MC3,-0.91369184,0.389,0.565,0.0E+00,0.0E+00,ext
AP2M1,-1.075662991,0.558,0.734,0.0E+00,0.0E+00,ext
GABARAP,-0.9561993,0.389,0.564,0.0E+00,0.0E+00,ext
RHBDL3,0.665637872,0.577,0.402,0.0E+00,0.0E+00,ext
NDUFV1,-0.920333439,0.496,0.67,0.0E+00,0.0E+00,ext
RPL18A,-0.830679064,0.369,0.543,0.0E+00,0.0E+00,ext
MICOS13,-1.145086562,0.22,0.394,0.0E+00,0.0E+00,ext
COX5A,-1.074138154,0.299,0.473,0.0E+00,0.0E+00,ext
CYCS,-0.967188292,0.389,0.563,0.0E+00,0.0E+00,ext
ITM2C,-1.007755087,0.472,0.645,0.0E+00,0.0E+00,ext
AP2S1,-1.036012334,0.294,0.467,0.0E+00,0.0E+00,ext
RPL10A,-0.963989818,0.377,0.549,0.0E+00,0.0E+00,ext
PRELID1,-1.151437098,0.201,0.372,0.0E+00,0.0E+00,ext
ROS1,1.376123509,0.359,0.188,0.0E+00,0.0E+00,ext
CYC1,-1.381039795,0.181,0.352,0.0E+00,0.0E+00,ext
OAZ1,-0.993295978,0.618,0.788,0.0E+00,0.0E+00,ext
UQCRFS1,-1.031036085,0.285,0.455,0.0E+00,0.0E+00,ext
TGFBR3L,-1.323128365,0.16,0.33,0.0E+00,0.0E+00,ext
INPP4B,0.776126568,0.787,0.618,0.0E+00,0.0E+00,ext
RPS18,-0.9482953,0.458,0.627,0.0E+00,0.0E+00,ext
RPS27A,-0.835773782,0.533,0.702,0.0E+00,0.0E+00,ext
NDUFC2,-0.985656756,0.438,0.606,0.0E+00,0.0E+00,ext
MOAP1,-0.924790046,0.434,0.602,0.0E+00,0.0E+00,ext
H2AFZ,-0.840394424,0.406,0.573,0.0E+00,0.0E+00,ext
CAMK1,-0.902246177,0.367,0.532,0.0E+00,0.0E+00,ext
INF2,-0.983820087,0.288,0.453,0.0E+00,0.0E+00,ext
NDUFA13,-0.930985679,0.504,0.669,0.0E+00,0.0E+00,ext
FNDC4,-1.280703029,0.185,0.35,0.0E+00,0.0E+00,ext
NAT14,-1.027223935,0.243,0.408,0.0E+00,0.0E+00,ext
RPS5,-0.910249701,0.278,0.443,0.0E+00,0.0E+00,ext
RAN,-0.889271006,0.378,0.542,0.0E+00,0.0E+00,ext
COX5B,-0.909615808,0.427,0.591,0.0E+00,0.0E+00,ext
MCRIP1,-1.027418046,0.268,0.432,0.0E+00,0.0E+00,ext
UBL5,-0.899638456,0.318,0.482,0.0E+00,0.0E+00,ext
RPSA,-0.866420546,0.478,0.641,0.0E+00,0.0E+00,ext
PIN1,-0.955403543,0.487,0.65,0.0E+00,0.0E+00,ext
RPS13,-1.002755075,0.307,0.47,0.0E+00,0.0E+00,ext
COX4I1,-0.886799572,0.531,0.694,0.0E+00,0.0E+00,ext
RPS7,-0.861340221,0.502,0.664,0.0E+00,0.0E+00,ext
FKBP8,-0.860273263,0.454,0.616,0.0E+00,0.0E+00,ext
TUBB4B,-0.937809674,0.344,0.505,0.0E+00,0.0E+00,ext
PSMB6,-1.198432079,0.182,0.343,0.0E+00,0.0E+00,ext
PLK2,-0.861304425,0.441,0.602,0.0E+00,0.0E+00,ext
RPL21,-0.949059154,0.452,0.613,0.0E+00,0.0E+00,ext
SPCS1,-0.918477889,0.38,0.54,0.0E+00,0.0E+00,ext
UBB,-0.899889441,0.497,0.657,0.0E+00,0.0E+00,ext
NDUFA11,-0.901609439,0.282,0.442,0.0E+00,0.0E+00,ext
FIS1,-0.891047601,0.311,0.471,0.0E+00,0.0E+00,ext
CD81,-0.978374343,0.321,0.481,0.0E+00,0.0E+00,ext
METTL26,-0.956594769,0.309,0.469,0.0E+00,0.0E+00,ext
GABARAPL2,-0.865618185,0.438,0.598,0.0E+00,0.0E+00,ext
RPL11,-0.832059221,0.471,0.63,0.0E+00,0.0E+00,ext
OPRM1,0.922935911,0.559,0.4,0.0E+00,0.0E+00,ext
RPL6,-0.950137353,0.501,0.66,0.0E+00,0.0E+00,ext
SSBP4,-0.95153901,0.502,0.661,0.0E+00,0.0E+00,ext
CNIH2,-1.274784941,0.226,0.385,0.0E+00,0.0E+00,ext
LRPAP1,-0.981556004,0.402,0.56,0.0E+00,0.0E+00,ext
PSMC5,-1.027423514,0.284,0.442,0.0E+00,0.0E+00,ext
ARL6IP4,-0.822946727,0.419,0.577,0.0E+00,0.0E+00,ext
RPS12,-0.898157137,0.396,0.553,0.0E+00,0.0E+00,ext
CTSF,-0.94035405,0.358,0.515,0.0E+00,0.0E+00,ext
RPS15,-0.790599348,0.519,0.676,0.0E+00,0.0E+00,ext
RPL36AL,-0.961980847,0.262,0.419,0.0E+00,0.0E+00,ext
NREP,-0.985812865,0.539,0.696,0.0E+00,0.0E+00,ext
RETREG2,-0.830216397,0.389,0.545,0.0E+00,0.0E+00,ext
AC096576.2,1.185796445,0.457,0.301,0.0E+00,0.0E+00,ext
CUTA,-1.064711643,0.236,0.392,0.0E+00,0.0E+00,ext
TM7SF2,-1.173866899,0.22,0.376,0.0E+00,0.0E+00,ext
GABRD,-0.875816231,0.424,0.58,0.0E+00,0.0E+00,ext
MYL6,-0.878646051,0.334,0.49,0.0E+00,0.0E+00,ext
NME2,-0.741877642,0.412,0.568,0.0E+00,0.0E+00,ext
PGAM1,-0.84432227,0.407,0.562,0.0E+00,0.0E+00,ext
MED10,-0.85137684,0.384,0.539,0.0E+00,0.0E+00,ext
ATP6V1F,-0.89363353,0.35,0.505,0.0E+00,0.0E+00,ext
RPS6KL1,-0.919257864,0.384,0.539,0.0E+00,0.0E+00,ext
MZT2B,-0.76956603,0.418,0.573,0.0E+00,0.0E+00,ext
NDUFB10,-0.930824049,0.28,0.435,0.0E+00,0.0E+00,ext
RPS21,-0.833820951,0.426,0.581,0.0E+00,0.0E+00,ext
ATP5PF,-0.835032308,0.461,0.616,0.0E+00,0.0E+00,ext
SELENOW,-1.088048995,0.66,0.815,0.0E+00,0.0E+00,ext
TMSB10,-1.141628241,0.644,0.798,0.0E+00,0.0E+00,ext
ATP6V1G2,-0.89034821,0.39,0.544,0.0E+00,0.0E+00,ext
MRPS24,-1.1611835,0.179,0.333,0.0E+00,0.0E+00,ext
GAPDH,-1.355858165,0.691,0.845,0.0E+00,0.0E+00,ext
LDHB,-0.960683998,0.481,0.635,0.0E+00,0.0E+00,ext
ATP6V0D1,-0.912298145,0.392,0.546,0.0E+00,0.0E+00,ext
FAU,-0.753977727,0.414,0.568,0.0E+00,0.0E+00,ext
SERF2,-0.873735797,0.338,0.492,0.0E+00,0.0E+00,ext
TUFM,-0.972686904,0.279,0.433,0.0E+00,0.0E+00,ext
CHGB,-0.925557374,0.409,0.563,0.0E+00,0.0E+00,ext
CHCHD10,-0.792599913,0.45,0.604,0.0E+00,0.0E+00,ext
CES4A,-0.987225535,0.535,0.689,0.0E+00,0.0E+00,ext
DRAP1,-0.926543824,0.299,0.452,0.0E+00,0.0E+00,ext
NDUFB7,-0.99748262,0.238,0.391,0.0E+00,0.0E+00,ext
REX1BD,-0.85884764,0.489,0.642,0.0E+00,0.0E+00,ext
UBE2M,-0.905387992,0.299,0.452,0.0E+00,0.0E+00,ext
RNF187,-0.898273961,0.292,0.444,0.0E+00,0.0E+00,ext
RHBDD2,-0.885013804,0.371,0.523,0.0E+00,0.0E+00,ext
LDHA,-0.901228231,0.396,0.548,0.0E+00,0.0E+00,ext
ZNF428,-0.930235011,0.302,0.454,0.0E+00,0.0E+00,ext
SOD1,-0.854820016,0.525,0.677,0.0E+00,0.0E+00,ext
XKR9,1.064444959,0.367,0.215,0.0E+00,0.0E+00,ext
PMM1,-0.998173083,0.225,0.377,0.0E+00,0.0E+00,ext
HINT1,-0.81197329,0.582,0.733,0.0E+00,0.0E+00,ext
CEND1,-0.786126069,0.49,0.641,0.0E+00,0.0E+00,ext
PSMA7,-0.8835158,0.394,0.545,0.0E+00,0.0E+00,ext
PSMD2,-0.857722951,0.338,0.489,0.0E+00,0.0E+00,ext
ATP5MC1,-0.851249626,0.35,0.5,0.0E+00,0.0E+00,ext
B3GAT3,-0.925967856,0.28,0.43,0.0E+00,0.0E+00,ext
PARK7,-0.844854671,0.378,0.527,0.0E+00,0.0E+00,ext
JTB,-0.994324359,0.285,0.434,0.0E+00,0.0E+00,ext
AC096576.3,1.095812771,0.447,0.298,0.0E+00,0.0E+00,ext
NDUFB8,-0.893993354,0.607,0.756,0.0E+00,0.0E+00,ext
CFL1,-0.833192174,0.567,0.716,0.0E+00,0.0E+00,ext
MYL6B,-0.855550256,0.368,0.517,0.0E+00,0.0E+00,ext
RASGRP1,-0.748519775,0.387,0.536,0.0E+00,0.0E+00,ext
TIMM13,-1.082293724,0.183,0.332,0.0E+00,0.0E+00,ext
COX6B1,-0.855255785,0.363,0.512,0.0E+00,0.0E+00,ext
RPL17,-0.906139432,0.453,0.602,0.0E+00,0.0E+00,ext
MIF,-0.772875917,0.461,0.61,0.0E+00,0.0E+00,ext
CLTB,-0.858477929,0.401,0.549,0.0E+00,0.0E+00,ext
RPL12,-0.850105243,0.348,0.496,0.0E+00,0.0E+00,ext
HRAS,-1.168717558,0.192,0.34,0.0E+00,0.0E+00,ext
COX8A,-0.99016624,0.255,0.403,0.0E+00,0.0E+00,ext
ERP29,-0.936594285,0.247,0.395,0.0E+00,0.0E+00,ext
MPG,-0.887465308,0.275,0.423,0.0E+00,0.0E+00,ext
BTF3,-0.937132218,0.3,0.447,0.0E+00,0.0E+00,ext
STX1A,-0.927403573,0.596,0.743,0.0E+00,0.0E+00,ext
DCTN3,-0.924024696,0.252,0.399,0.0E+00,0.0E+00,ext
PTGES2,-0.933652358,0.259,0.406,0.0E+00,0.0E+00,ext
TMEM208,-1.125751509,0.177,0.324,0.0E+00,0.0E+00,ext
PLEKHJ1,-1.093116979,0.183,0.33,0.0E+00,0.0E+00,ext
GPAA1,-1.035831141,0.209,0.356,0.0E+00,0.0E+00,ext
RPL35A,-0.868159722,0.447,0.594,0.0E+00,0.0E+00,ext
PTMS,-0.765042784,0.448,0.595,0.0E+00,0.0E+00,ext
SPOCK3,0.917427781,0.494,0.348,0.0E+00,0.0E+00,ext
EGFL7,-0.98518674,0.26,0.406,0.0E+00,0.0E+00,ext
PSMC3,-1.047797244,0.224,0.37,0.0E+00,0.0E+00,ext
TMEM240,-1.006205399,0.273,0.419,0.0E+00,0.0E+00,ext
FBXW5,-0.867016175,0.274,0.42,0.0E+00,0.0E+00,ext
RPS23,-0.843254219,0.479,0.624,0.0E+00,0.0E+00,ext
ADAMTS2,1.219224553,0.26,0.115,0.0E+00,0.0E+00,ext
CIAO2B,-0.838288414,0.287,0.432,0.0E+00,0.0E+00,ext
RPL3,-0.859964099,0.582,0.727,0.0E+00,0.0E+00,ext
FIBP,-0.973277031,0.23,0.375,0.0E+00,0.0E+00,ext
FDX2,-0.791558364,0.332,0.477,0.0E+00,0.0E+00,ext
NEDD8,-0.852973508,0.418,0.562,0.0E+00,0.0E+00,ext
SSNA1,-1.150996273,0.19,0.334,0.0E+00,0.0E+00,ext
PSMD7,-0.84954415,0.346,0.49,0.0E+00,0.0E+00,ext
C1orf122,-0.875215784,0.269,0.413,0.0E+00,0.0E+00,ext
IDI1,-0.823221988,0.336,0.48,0.0E+00,0.0E+00,ext
CHKB,-0.967343743,0.332,0.476,0.0E+00,0.0E+00,ext
CA11,-0.791647608,0.55,0.694,0.0E+00,0.0E+00,ext
SLC30A3,-0.898650437,0.374,0.517,0.0E+00,0.0E+00,ext
EEF1B2,-0.991205551,0.263,0.406,0.0E+00,0.0E+00,ext
RPL15,-0.817252919,0.612,0.755,0.0E+00,0.0E+00,ext
MRFAP1,-0.795361652,0.367,0.51,0.0E+00,0.0E+00,ext
COX7C,-0.793704186,0.51,0.653,0.0E+00,0.0E+00,ext
COX7A2,-0.80148873,0.363,0.506,0.0E+00,0.0E+00,ext
ACTG1,-0.834189221,0.641,0.784,0.0E+00,0.0E+00,ext
AGRN,-0.929735436,0.275,0.418,0.0E+00,0.0E+00,ext
RPS25,-0.826311416,0.422,0.565,0.0E+00,0.0E+00,ext
RANBP1,-0.93036748,0.272,0.415,0.0E+00,0.0E+00,ext
NPDC1,-0.913204049,0.628,0.77,0.0E+00,0.0E+00,ext
VAMP2,-1.140197678,0.74,0.882,0.0E+00,0.0E+00,ext
SEC11C,-1.001539069,0.298,0.44,0.0E+00,0.0E+00,ext
RASGEF1B,-1.099819939,0.227,0.369,0.0E+00,0.0E+00,ext
SPATA2L,-1.014560538,0.204,0.346,0.0E+00,0.0E+00,ext
PINK1,-0.794920955,0.425,0.567,0.0E+00,0.0E+00,ext
ATP5ME,-0.727983305,0.447,0.589,0.0E+00,0.0E+00,ext
VDAC2,-0.921585501,0.339,0.481,0.0E+00,0.0E+00,ext
TMA7,-0.736366488,0.491,0.632,0.0E+00,0.0E+00,ext
CAMKV,-0.761476192,0.526,0.667,0.0E+00,0.0E+00,ext
UST,-0.533478588,0.301,0.442,0.0E+00,0.0E+00,ext
ATP5MF,-0.905631511,0.293,0.434,0.0E+00,0.0E+00,ext
RPL28,-0.761930133,0.507,0.648,0.0E+00,0.0E+00,ext
RTN4R,-0.972093499,0.265,0.406,0.0E+00,0.0E+00,ext
SELENOM,-1.028923242,0.197,0.338,0.0E+00,0.0E+00,ext
RPS19BP1,-0.895708436,0.193,0.334,0.0E+00,0.0E+00,ext
TUSC2,-1.013596124,0.204,0.345,0.0E+00,0.0E+00,ext
KLHDC3,-0.767616174,0.451,0.592,0.0E+00,0.0E+00,ext
PAXX,-0.930820426,0.281,0.422,0.0E+00,0.0E+00,ext
SPSB3,-0.946070403,0.267,0.408,0.0E+00,0.0E+00,ext
RPS26,-1.035592642,0.346,0.486,0.0E+00,0.0E+00,ext
YPEL3,-0.851980333,0.549,0.689,0.0E+00,0.0E+00,ext
NDUFS5,-0.720991833,0.419,0.558,0.0E+00,0.0E+00,ext
SNCB,-0.82659808,0.47,0.609,0.0E+00,0.0E+00,ext
ARPC5L,-0.938839434,0.324,0.463,0.0E+00,0.0E+00,ext
UBC,-0.855167664,0.567,0.706,0.0E+00,0.0E+00,ext
CORO1A,-1.111738557,0.192,0.331,0.0E+00,0.0E+00,ext
YJEFN3,-0.83221693,0.378,0.517,0.0E+00,0.0E+00,ext
RPL18,-0.697551757,0.538,0.677,0.0E+00,0.0E+00,ext
DBNDD2,-1.005411298,0.241,0.38,0.0E+00,0.0E+00,ext
KCTD17,-0.811701916,0.321,0.46,0.0E+00,0.0E+00,ext
RPL35,-0.744703624,0.431,0.57,0.0E+00,0.0E+00,ext
CENPT,-0.912109504,0.33,0.469,0.0E+00,0.0E+00,ext
MRPL4,-0.881728152,0.268,0.407,0.0E+00,0.0E+00,ext
MFSD10,-0.815315449,0.35,0.488,0.0E+00,0.0E+00,ext
MSMO1,-0.817429367,0.352,0.49,0.0E+00,0.0E+00,ext
UQCRQ,-0.953560793,0.24,0.378,0.0E+00,0.0E+00,ext
VGF,-1.030864886,0.259,0.397,0.0E+00,0.0E+00,ext
STMN4,-0.700229282,0.472,0.61,0.0E+00,0.0E+00,ext
MLF2,-0.717658939,0.497,0.635,0.0E+00,0.0E+00,ext
RPS15A,-0.80569095,0.359,0.497,0.0E+00,0.0E+00,ext
ATP5IF1,-0.777860022,0.5,0.637,0.0E+00,0.0E+00,ext
NDUFB2,-0.702026286,0.4,0.537,0.0E+00,0.0E+00,ext
SPRN,-1.503470857,0.115,0.252,0.0E+00,0.0E+00,ext
APLP1,-0.94887096,0.606,0.743,0.0E+00,0.0E+00,ext
RHOT2,-0.789599831,0.455,0.592,0.0E+00,0.0E+00,ext
CRIP2,-0.893757144,0.294,0.43,0.0E+00,0.0E+00,ext
POLR2I,-1.006994518,0.188,0.324,0.0E+00,0.0E+00,ext
TCEA2,-0.747791434,0.403,0.539,0.0E+00,0.0E+00,ext
ATP5PO,-0.823669794,0.35,0.486,0.0E+00,0.0E+00,ext
UQCR10,-0.782722748,0.389,0.525,0.0E+00,0.0E+00,ext
EIF1,-0.901011041,0.682,0.818,0.0E+00,0.0E+00,ext
FLG-AS1,-0.586467211,0.299,0.434,0.0E+00,0.0E+00,ext
FBXL15,-0.853469505,0.258,0.393,0.0E+00,0.0E+00,ext
RPL41,-0.806197558,0.587,0.722,0.0E+00,0.0E+00,ext
SLC25A3,-0.823571516,0.512,0.647,0.0E+00,0.0E+00,ext
COX6A1,-0.847307521,0.375,0.51,0.0E+00,0.0E+00,ext
PGP,-0.814356241,0.548,0.683,0.0E+00,0.0E+00,ext
DIRAS1,-0.742148014,0.35,0.485,0.0E+00,0.0E+00,ext
NECAB3,-1.131605126,0.177,0.312,0.0E+00,0.0E+00,ext
ITPKA,-0.871401716,0.341,0.476,0.0E+00,0.0E+00,ext
RAD23A,-0.847716776,0.341,0.476,0.0E+00,0.0E+00,ext
ISCU,-0.834808394,0.428,0.562,0.0E+00,0.0E+00,ext
ARL16,-1.038670604,0.208,0.342,0.0E+00,0.0E+00,ext
RPL5,-0.827687468,0.584,0.718,0.0E+00,0.0E+00,ext
TMEM132A,-0.843182417,0.377,0.511,0.0E+00,0.0E+00,ext
SRSF9,-0.972890702,0.262,0.396,0.0E+00,0.0E+00,ext
NGRN,-0.748336655,0.595,0.729,0.0E+00,0.0E+00,ext
SUMO2,-0.700154073,0.476,0.61,0.0E+00,0.0E+00,ext
HIGD1A,-1.02758606,0.216,0.35,0.0E+00,0.0E+00,ext
SPEF1,-1.206409233,0.161,0.295,0.0E+00,0.0E+00,ext
COPRS,-0.869112775,0.28,0.414,0.0E+00,0.0E+00,ext
RPL36,-0.716463763,0.453,0.587,0.0E+00,0.0E+00,ext
ATF4,-0.902706755,0.276,0.41,0.0E+00,0.0E+00,ext
NDN,-1.288718483,0.144,0.277,0.0E+00,0.0E+00,ext
ACAT2,-1.08343646,0.192,0.325,0.0E+00,0.0E+00,ext
ATP5MPL,-0.697542361,0.525,0.658,0.0E+00,0.0E+00,ext
LSM4,-0.890675982,0.236,0.369,0.0E+00,0.0E+00,ext
UBE2S,-1.220583209,0.149,0.282,0.0E+00,0.0E+00,ext
SAT2,-0.802774123,0.56,0.693,0.0E+00,0.0E+00,ext
DALRD3,-0.963844876,0.203,0.335,0.0E+00,0.0E+00,ext
REEP2,-0.74018548,0.503,0.635,0.0E+00,0.0E+00,ext
HIST1H4C,-1.147432349,0.172,0.304,0.0E+00,0.0E+00,ext
TOMM7,-0.804940011,0.387,0.519,0.0E+00,0.0E+00,ext
PHPT1,-1.042813567,0.186,0.318,0.0E+00,0.0E+00,ext
GPR162,-0.765676761,0.4,0.532,0.0E+00,0.0E+00,ext
EID1,-0.697923926,0.54,0.672,0.0E+00,0.0E+00,ext
RPL23A,-0.891008425,0.302,0.434,0.0E+00,0.0E+00,ext
NBL1,-0.906514973,0.275,0.407,0.0E+00,0.0E+00,ext
TUBB,-0.690938271,0.444,0.576,0.0E+00,0.0E+00,ext
MRPL51,-0.873550555,0.204,0.335,0.0E+00,0.0E+00,ext
SCAND1,-1.079520535,0.141,0.272,0.0E+00,0.0E+00,ext
ADGRB2,-0.735855309,0.54,0.671,0.0E+00,0.0E+00,ext
RGS4,-0.754695667,0.627,0.758,0.0E+00,0.0E+00,ext
NDUFA4,-0.875428661,0.627,0.758,0.0E+00,0.0E+00,ext
MRPS7,-1.105674717,0.179,0.31,0.0E+00,0.0E+00,ext
PDXP,-0.876068705,0.302,0.433,0.0E+00,0.0E+00,ext
LGALS1,-0.913116836,0.185,0.316,0.0E+00,0.0E+00,ext
TMEM175,-0.711587734,0.459,0.59,0.0E+00,0.0E+00,ext
AC093523.1,0.707103557,0.574,0.443,0.0E+00,0.0E+00,ext
ATP6V0C,-1.046103192,0.687,0.818,0.0E+00,0.0E+00,ext
ARHGEF2,-0.740496386,0.425,0.555,0.0E+00,0.0E+00,ext
SCG2,-0.968191656,0.356,0.486,0.0E+00,0.0E+00,ext
MTCH1,-0.731640166,0.633,0.763,0.0E+00,0.0E+00,ext
AC006148.1,0.761201593,0.76,0.63,0.0E+00,0.0E+00,ext
ATP5F1B,-0.777580484,0.542,0.672,0.0E+00,0.0E+00,ext
RPS14,-0.680446838,0.559,0.689,0.0E+00,0.0E+00,ext
TPT1,-0.745929845,0.562,0.692,0.0E+00,0.0E+00,ext
RACK1,-0.689376962,0.423,0.552,0.0E+00,0.0E+00,ext
IFI6,-2.25255493,0.138,0.267,0.0E+00,0.0E+00,ext
HAX1,-0.92964483,0.244,0.373,0.0E+00,0.0E+00,ext
RPL32,-0.709574156,0.566,0.695,0.0E+00,0.0E+00,ext
ABHD14A,-0.801864486,0.319,0.448,0.0E+00,0.0E+00,ext
GOT1,-0.681401988,0.504,0.633,0.0E+00,0.0E+00,ext
BAD,-0.986509283,0.19,0.319,0.0E+00,0.0E+00,ext
NME3,-0.681507029,0.474,0.603,0.0E+00,0.0E+00,ext
ARHGDIA,-0.761802717,0.304,0.433,0.0E+00,0.0E+00,ext
BSG,-0.686820729,0.535,0.664,0.0E+00,0.0E+00,ext
FXYD7,-0.677903083,0.55,0.679,0.0E+00,0.0E+00,ext
H3F3B,-0.657681767,0.434,0.563,0.0E+00,0.0E+00,ext
RPL14,-0.725857526,0.559,0.687,0.0E+00,0.0E+00,ext
FSCN1,-0.821443442,0.267,0.395,0.0E+00,0.0E+00,ext
ELOC,-0.757629308,0.365,0.493,0.0E+00,0.0E+00,ext
NT5C3B,-0.847736616,0.253,0.381,0.0E+00,0.0E+00,ext
KCNH4,-1.207423063,0.173,0.301,0.0E+00,0.0E+00,ext
TMEM38A,-0.725993703,0.469,0.597,0.0E+00,0.0E+00,ext
MRPS34,-1.073462302,0.169,0.297,0.0E+00,0.0E+00,ext
NAPA,-0.697976627,0.435,0.563,0.0E+00,0.0E+00,ext
RPS9,-0.663480237,0.422,0.549,0.0E+00,0.0E+00,ext
FAM241B,-0.993965215,0.213,0.34,0.0E+00,0.0E+00,ext
STARD4-AS1,-0.620608364,0.395,0.522,0.0E+00,0.0E+00,ext
GRINA,-0.745339503,0.349,0.476,0.0E+00,0.0E+00,ext
AL162231.1,-1.014166284,0.173,0.3,0.0E+00,0.0E+00,ext
GPC5,0.620242493,0.524,0.397,0.0E+00,0.0E+00,ext
CX3CL1,-0.839725747,0.351,0.478,0.0E+00,0.0E+00,ext
LIMD2,-0.943894484,0.259,0.386,0.0E+00,0.0E+00,ext
SNU13,-0.715050791,0.386,0.513,0.0E+00,0.0E+00,ext
DNAJA1,-0.692519387,0.462,0.589,0.0E+00,0.0E+00,ext
RPS2,-0.649899877,0.436,0.562,0.0E+00,0.0E+00,ext
MRPL55,-0.879355063,0.209,0.335,0.0E+00,0.0E+00,ext
FDPS,-0.75520879,0.385,0.511,0.0E+00,0.0E+00,ext
GAB1,0.681520737,0.768,0.642,0.0E+00,0.0E+00,ext
COPS6,-0.739858415,0.369,0.495,0.0E+00,0.0E+00,ext
CYHR1,-0.701440309,0.482,0.608,0.0E+00,0.0E+00,ext
CTSD,-0.763018464,0.335,0.461,0.0E+00,0.0E+00,ext
THY1,-1.049353303,0.736,0.862,0.0E+00,0.0E+00,ext
NDUFB1,-0.662441009,0.391,0.517,0.0E+00,0.0E+00,ext
MVD,-0.765154039,0.384,0.51,0.0E+00,0.0E+00,ext
FTL,-0.777595778,0.649,0.775,0.0E+00,0.0E+00,ext
SLC17A7,-0.879022952,0.7,0.826,0.0E+00,0.0E+00,ext
MRPS26,-0.716412792,0.321,0.447,0.0E+00,0.0E+00,ext
ANKRD13D,-0.73358772,0.414,0.539,0.0E+00,0.0E+00,ext
JAM2,-0.958574363,0.205,0.33,0.0E+00,0.0E+00,ext
COL16A1,-0.768188215,0.303,0.428,0.0E+00,0.0E+00,ext
USP54,0.540069895,0.52,0.395,0.0E+00,0.0E+00,ext
NDUFS3,-0.866326027,0.263,0.388,0.0E+00,0.0E+00,ext
PFDN5,-0.662902867,0.48,0.605,0.0E+00,0.0E+00,ext
CD63,-0.860264089,0.329,0.454,0.0E+00,0.0E+00,ext
SAP18,-0.74219394,0.342,0.467,0.0E+00,0.0E+00,ext
PSMC1,-0.732931295,0.366,0.491,0.0E+00,0.0E+00,ext
SNN,-0.787798746,0.333,0.458,0.0E+00,0.0E+00,ext
HSBP1,-0.77279177,0.303,0.428,0.0E+00,0.0E+00,ext
JPT1,-0.88597636,0.256,0.381,0.0E+00,0.0E+00,ext
GADD45GIP1,-0.928186457,0.178,0.303,0.0E+00,0.0E+00,ext
WDR46,-0.820861175,0.228,0.353,0.0E+00,0.0E+00,ext
RPLP2,-0.67625182,0.45,0.575,0.0E+00,0.0E+00,ext
AC103855.2,0.824646396,0.341,0.217,0.0E+00,0.0E+00,ext
UQCRH,-0.714848226,0.558,0.682,0.0E+00,0.0E+00,ext
MLLT11,-0.693723103,0.495,0.619,0.0E+00,0.0E+00,ext
CXXC5,-0.716260628,0.404,0.528,0.0E+00,0.0E+00,ext
KIF13B,0.673154212,0.429,0.305,0.0E+00,0.0E+00,ext
SRP14,-0.671450722,0.546,0.67,0.0E+00,0.0E+00,ext
NEIL1,-0.738331832,0.404,0.528,0.0E+00,0.0E+00,ext
CDK5RAP3,-0.77308822,0.333,0.457,0.0E+00,0.0E+00,ext
TMEM59L,-1.010245063,0.717,0.841,0.0E+00,0.0E+00,ext
TBCB,-0.754195806,0.315,0.439,0.0E+00,0.0E+00,ext
STMN3,-0.668590892,0.56,0.684,0.0E+00,0.0E+00,ext
RPS8,-0.690500789,0.489,0.612,0.0E+00,0.0E+00,ext
NDUFS6,-0.776487499,0.274,0.397,0.0E+00,0.0E+00,ext
GRASP,-0.806955853,0.256,0.379,0.0E+00,0.0E+00,ext
NUDT14,-1.263361423,0.131,0.254,0.0E+00,0.0E+00,ext
MRPL28,-1.108464452,0.138,0.261,0.0E+00,0.0E+00,ext
TUBB4A,-0.675199128,0.4,0.523,0.0E+00,0.0E+00,ext
SHFL,-0.800444348,0.382,0.505,0.0E+00,0.0E+00,ext
LINC02613,0.791129056,0.351,0.228,0.0E+00,0.0E+00,ext
WARS2-AS1,0.701553031,0.478,0.356,0.0E+00,0.0E+00,ext
RPL9,-0.701824377,0.548,0.67,0.0E+00,0.0E+00,ext
NHP2,-1.085333744,0.177,0.299,0.0E+00,0.0E+00,ext
IDH2,-0.770754827,0.306,0.428,0.0E+00,0.0E+00,ext
NDUFAB1,-0.779273263,0.33,0.452,0.0E+00,0.0E+00,ext
MYL12B,-0.742408854,0.324,0.446,0.0E+00,0.0E+00,ext
BCL2,0.566685527,0.675,0.553,0.0E+00,0.0E+00,ext
NDUFS7,-0.774162196,0.307,0.429,0.0E+00,0.0E+00,ext
TRIR,-0.786504179,0.297,0.419,0.0E+00,0.0E+00,ext
HIP1,-0.90925353,0.163,0.285,0.0E+00,0.0E+00,ext
RPL38,-0.752464425,0.416,0.537,0.0E+00,0.0E+00,ext
STUM,-0.77608219,0.29,0.411,0.0E+00,0.0E+00,ext
PDIA6,-0.632837588,0.494,0.615,0.0E+00,0.0E+00,ext
PHF24,-0.660162244,0.35,0.471,0.0E+00,0.0E+00,ext
TXN,-0.738001157,0.339,0.46,0.0E+00,0.0E+00,ext
SNHG7,-0.825830327,0.286,0.407,0.0E+00,0.0E+00,ext
UBXN1,-0.938535735,0.2,0.321,0.0E+00,0.0E+00,ext
UNC45A,-0.782684219,0.318,0.439,0.0E+00,0.0E+00,ext
RUNDC3A,-0.654635519,0.525,0.646,0.0E+00,0.0E+00,ext
EEF2,-0.660358944,0.406,0.527,0.0E+00,0.0E+00,ext
CALR,-0.88942538,0.278,0.399,0.0E+00,0.0E+00,ext
PCP4,-1.0187829,0.262,0.383,0.0E+00,0.0E+00,ext
SH3BGRL3,-1.109405016,0.162,0.283,0.0E+00,0.0E+00,ext
ENO1,-0.691514593,0.434,0.554,0.0E+00,0.0E+00,ext
UQCRC1,-0.745806252,0.344,0.464,0.0E+00,0.0E+00,ext
NAT9,-0.847572331,0.282,0.402,0.0E+00,0.0E+00,ext
SMIM29,-1.031673523,0.205,0.325,0.0E+00,0.0E+00,ext
PITHD1,-0.65120112,0.396,0.516,0.0E+00,0.0E+00,ext
LINC02802,-0.833762271,0.301,0.421,0.0E+00,0.0E+00,ext
CGREF1,-0.851885969,0.281,0.401,0.0E+00,0.0E+00,ext
NDUFA8,-0.8189789,0.299,0.419,0.0E+00,0.0E+00,ext
ATP5MD,-0.726274479,0.541,0.661,0.0E+00,0.0E+00,ext
CCS,-0.733595962,0.351,0.471,0.0E+00,0.0E+00,ext
GHITM,-0.593635072,0.459,0.579,0.0E+00,0.0E+00,ext
WSB2,-0.726504521,0.451,0.571,0.0E+00,0.0E+00,ext
AC079117.1,1.101049386,0.28,0.161,0.0E+00,0.0E+00,ext
C1orf216,-0.780435802,0.299,0.418,0.0E+00,0.0E+00,ext
TMEM155,-0.802161787,0.265,0.384,0.0E+00,0.0E+00,ext
SLC2A6,-0.867775207,0.271,0.39,0.0E+00,0.0E+00,ext
RPS3,-0.66212811,0.494,0.613,0.0E+00,0.0E+00,ext
RHBDL1,-0.796620637,0.396,0.515,0.0E+00,0.0E+00,ext
SEZ6L2,-0.740314724,0.597,0.716,0.0E+00,0.0E+00,ext
NDUFAF8,-0.727364377,0.252,0.371,0.0E+00,0.0E+00,ext
RHOB,-0.854607821,0.229,0.348,0.0E+00,0.0E+00,ext
ADAMTS8,-0.967088553,0.228,0.347,0.0E+00,0.0E+00,ext
HCFC1R1,-0.890355196,0.232,0.351,0.0E+00,0.0E+00,ext
PET100,-0.912413241,0.232,0.351,0.0E+00,0.0E+00,ext
RAB26,-0.790233167,0.462,0.581,0.0E+00,0.0E+00,ext
COPS9,-0.681665203,0.35,0.468,0.0E+00,0.0E+00,ext
LINC02223,0.594990433,0.561,0.443,0.0E+00,0.0E+00,ext
HMGCS1,-0.634667226,0.438,0.556,0.0E+00,0.0E+00,ext
SHISA4,-1.093446595,0.149,0.267,0.0E+00,0.0E+00,ext
PRR7,-1.057091597,0.181,0.299,0.0E+00,0.0E+00,ext
YIPF3,-1.026583472,0.198,0.316,0.0E+00,0.0E+00,ext
FAM131A,-0.709451822,0.447,0.565,0.0E+00,0.0E+00,ext
ARF3,-0.635806785,0.569,0.686,0.0E+00,0.0E+00,ext
ZNF883,-0.895804045,0.204,0.321,0.0E+00,0.0E+00,ext
TRAPPC1,-0.96909697,0.164,0.281,0.0E+00,0.0E+00,ext
RPL34,-0.744109091,0.575,0.692,0.0E+00,0.0E+00,ext
BNIP3,-0.708326203,0.473,0.59,0.0E+00,0.0E+00,ext
TBRG1,-0.756923264,0.616,0.733,0.0E+00,0.0E+00,ext
TYRO3,-0.596991948,0.543,0.66,0.0E+00,0.0E+00,ext
CDIPT,-0.76259563,0.263,0.38,0.0E+00,0.0E+00,ext
RPL27,-0.762843244,0.339,0.456,0.0E+00,0.0E+00,ext
MAZ,-0.961526307,0.23,0.347,0.0E+00,0.0E+00,ext
CDC37,-0.625460634,0.464,0.581,0.0E+00,0.0E+00,ext
MICOS10,-0.650305562,0.442,0.558,0.0E+00,0.0E+00,ext
P4HTM,-0.625127438,0.56,0.676,0.0E+00,0.0E+00,ext
RELL2,-0.894665542,0.271,0.387,0.0E+00,0.0E+00,ext
NEFL,-0.792905121,0.622,0.738,0.0E+00,0.0E+00,ext
ZFYVE21,-0.725815367,0.403,0.519,0.0E+00,0.0E+00,ext
RPL13,-0.680901372,0.649,0.765,0.0E+00,0.0E+00,ext
C18orf32,-0.692449975,0.387,0.503,0.0E+00,0.0E+00,ext
RPS19,-0.588266444,0.456,0.572,0.0E+00,0.0E+00,ext
ATP6V1G1,-0.676168698,0.416,0.531,0.0E+00,0.0E+00,ext
NME1,-0.880595209,0.227,0.342,0.0E+00,0.0E+00,ext
AUP1,-0.793275903,0.276,0.391,0.0E+00,0.0E+00,ext
RPL24,-0.635623726,0.508,0.623,0.0E+00,0.0E+00,ext
MARCKS,-0.530704211,0.462,0.577,0.0E+00,0.0E+00,ext
DUBR,0.586012255,0.687,0.573,0.0E+00,0.0E+00,ext
ARL8A,-0.667256795,0.354,0.468,0.0E+00,0.0E+00,ext
WIPF3,0.603038766,0.545,0.431,0.0E+00,0.0E+00,ext
UROS,-0.650767453,0.423,0.537,0.0E+00,0.0E+00,ext
MOGS,-1.000133646,0.205,0.319,0.0E+00,0.0E+00,ext
TMEM147,-1.133525521,0.141,0.255,0.0E+00,0.0E+00,ext
NDUFB5,-0.688461531,0.338,0.452,0.0E+00,0.0E+00,ext
AC002460.2,0.679422454,0.589,0.475,0.0E+00,0.0E+00,ext
CUEDC2,-0.951124781,0.198,0.312,0.0E+00,0.0E+00,ext
ARFGAP2,-0.62993792,0.332,0.446,0.0E+00,0.0E+00,ext
EEF1G,-0.673086304,0.305,0.419,0.0E+00,0.0E+00,ext
ULK3,-0.789444002,0.482,0.596,0.0E+00,0.0E+00,ext
CYP51A1,-0.612767093,0.448,0.561,0.0E+00,0.0E+00,ext
LINC02398,0.603222368,0.462,0.349,0.0E+00,0.0E+00,ext
CACNA1G,-0.807444786,0.282,0.395,0.0E+00,0.0E+00,ext
CDK5,-1.087174525,0.151,0.264,0.0E+00,0.0E+00,ext
TMEM141,-0.970979167,0.142,0.255,0.0E+00,0.0E+00,ext
SERPINF1,-1.104346787,0.156,0.269,0.0E+00,0.0E+00,ext
MRPS21,-0.68405887,0.402,0.515,0.0E+00,0.0E+00,ext
RPS27,-0.569166125,0.53,0.643,0.0E+00,0.0E+00,ext
PTMA,-0.56661171,0.623,0.736,0.0E+00,0.0E+00,ext
CCND3,0.560720767,0.492,0.379,0.0E+00,0.0E+00,ext
AC016831.1,0.667324511,0.373,0.26,0.0E+00,0.0E+00,ext
PHYHIP,-0.583908254,0.631,0.744,0.0E+00,0.0E+00,ext
RPS6,-0.691676134,0.388,0.501,0.0E+00,0.0E+00,ext
RNH1,-0.745058742,0.28,0.393,0.0E+00,0.0E+00,ext
DCTN2,-0.657085326,0.403,0.516,0.0E+00,0.0E+00,ext
TMED2,-0.783993784,0.259,0.372,0.0E+00,0.0E+00,ext
POMP,-0.623145279,0.389,0.502,0.0E+00,0.0E+00,ext
STARD13,0.56845743,0.692,0.579,0.0E+00,0.0E+00,ext
SNRNP25,-0.930296351,0.173,0.286,0.0E+00,0.0E+00,ext
DOC2A,-0.623736897,0.451,0.564,0.0E+00,0.0E+00,ext
VPS28,-0.655884242,0.353,0.465,0.0E+00,0.0E+00,ext
EI24,-0.625739934,0.353,0.465,0.0E+00,0.0E+00,ext
EIF3K,-0.642841564,0.442,0.554,0.0E+00,0.0E+00,ext
ZNF831,0.600706366,0.396,0.284,0.0E+00,0.0E+00,ext
SEMA6A,0.738697722,0.354,0.242,0.0E+00,0.0E+00,ext
AC016831.7,0.755851342,0.773,0.661,0.0E+00,0.0E+00,ext
SARAF,-0.829181318,0.728,0.84,0.0E+00,0.0E+00,ext
UQCRB,-0.618569813,0.513,0.625,0.0E+00,0.0E+00,ext
LAMTOR1,-0.930878983,0.188,0.3,0.0E+00,0.0E+00,ext
ZSCAN18,-0.614258517,0.472,0.584,0.0E+00,0.0E+00,ext
AF165147.1,0.681525089,0.382,0.27,0.0E+00,0.0E+00,ext
VKORC1,-0.895043006,0.17,0.282,0.0E+00,0.0E+00,ext
KIFC2,-0.617546301,0.57,0.681,0.0E+00,0.0E+00,ext
INTS1,-0.632633603,0.424,0.535,0.0E+00,0.0E+00,ext
OGFR,-0.606067474,0.45,0.561,0.0E+00,0.0E+00,ext
NCBP2AS2,-0.899489169,0.167,0.278,0.0E+00,0.0E+00,ext
POLR2K,-0.816879609,0.219,0.33,0.0E+00,0.0E+00,ext
AGPAT1,-0.750457758,0.266,0.377,0.0E+00,0.0E+00,ext
SNX3,-0.695567995,0.55,0.661,0.0E+00,0.0E+00,ext
SEMA3A,0.702246641,0.453,0.342,0.0E+00,0.0E+00,ext
RRAGA,-0.802988694,0.258,0.369,0.0E+00,0.0E+00,ext
RPLP1,-0.641574022,0.558,0.669,0.0E+00,0.0E+00,ext
ICAM5,-0.769889847,0.299,0.41,0.0E+00,0.0E+00,ext
C19orf53,-0.892814269,0.18,0.291,0.0E+00,0.0E+00,ext
NDUFS8,-0.759384279,0.295,0.405,0.0E+00,0.0E+00,ext
UBA52,-0.606188402,0.344,0.454,0.0E+00,0.0E+00,ext
FABP3,-1.09716176,0.167,0.277,0.0E+00,0.0E+00,ext
ARL2,-0.802139948,0.22,0.33,0.0E+00,0.0E+00,ext
SSU72,-0.657974616,0.373,0.483,0.0E+00,0.0E+00,ext
DNAJC19,-0.715754012,0.313,0.423,0.0E+00,0.0E+00,ext
TMEM14A,-0.607016871,0.479,0.589,0.0E+00,0.0E+00,ext
TMEM9B,-0.811561643,0.259,0.369,0.0E+00,0.0E+00,ext
NDUFA12,-0.714385247,0.337,0.447,0.0E+00,0.0E+00,ext
HAGHL,-0.800378978,0.33,0.44,0.0E+00,0.0E+00,ext
PNMA8B,-0.64426814,0.326,0.436,0.0E+00,0.0E+00,ext
NDUFA5,-0.606767716,0.571,0.68,0.0E+00,0.0E+00,ext
PRDX1,-0.640004558,0.356,0.465,0.0E+00,0.0E+00,ext
SLC25A11,-0.947204692,0.172,0.281,0.0E+00,0.0E+00,ext
H1FX,-0.944029647,0.222,0.331,0.0E+00,0.0E+00,ext
EIF1B,-0.54861045,0.475,0.584,0.0E+00,0.0E+00,ext
TKT,-0.66888577,0.319,0.428,0.0E+00,0.0E+00,ext
CCNI,-0.739221111,0.707,0.816,0.0E+00,0.0E+00,ext
MDH2,-0.786269686,0.265,0.374,0.0E+00,0.0E+00,ext
PSD,-0.579759557,0.545,0.654,0.0E+00,0.0E+00,ext
PNMA1,-0.732783291,0.325,0.434,0.0E+00,0.0E+00,ext
DHPS,-0.729984779,0.266,0.375,0.0E+00,0.0E+00,ext
PIH1D1,-0.793874116,0.235,0.344,0.0E+00,0.0E+00,ext
RBMS3,0.559505753,0.57,0.461,0.0E+00,0.0E+00,ext
S100A6,-0.635767999,0.284,0.392,0.0E+00,0.0E+00,ext
EIF4A1,-0.61427375,0.425,0.533,0.0E+00,0.0E+00,ext
NDUFA3,-0.79669449,0.283,0.391,0.0E+00,0.0E+00,ext
ZDHHC8,-0.795410848,0.295,0.403,0.0E+00,0.0E+00,ext
ARHGAP29,-0.609865778,0.266,0.374,0.0E+00,0.0E+00,ext
IGSF8,-0.65732017,0.603,0.711,0.0E+00,0.0E+00,ext
COPS8,-0.671422314,0.307,0.415,0.0E+00,0.0E+00,ext
ANKRD18B,0.649114664,0.368,0.26,0.0E+00,0.0E+00,ext
SCG5,-0.870996143,0.677,0.785,0.0E+00,0.0E+00,ext
ZNF516,0.685346408,0.309,0.201,0.0E+00,0.0E+00,ext
QTRT1,-0.607463556,0.498,0.606,0.0E+00,0.0E+00,ext
SGSM3,-0.61735061,0.367,0.475,0.0E+00,0.0E+00,ext
PHB,-0.956214503,0.172,0.279,0.0E+00,0.0E+00,ext
MAMDC2,0.640095472,0.33,0.223,0.0E+00,0.0E+00,ext
ACAP3,-0.579830787,0.596,0.703,0.0E+00,0.0E+00,ext
FBXO2,-0.686282153,0.373,0.48,0.0E+00,0.0E+00,ext
ZFAND2B,-0.892204966,0.197,0.304,0.0E+00,0.0E+00,ext
VWA5B2,-0.70856184,0.37,0.477,0.0E+00,0.0E+00,ext
AC008780.1,-0.792058708,0.268,0.375,0.0E+00,0.0E+00,ext
RCN2,-0.612886753,0.498,0.605,0.0E+00,0.0E+00,ext
TMEM259,-0.580842899,0.479,0.586,0.0E+00,0.0E+00,ext
RAB5IF,-0.888109659,0.176,0.283,0.0E+00,0.0E+00,ext
NACA,-0.559639167,0.576,0.682,0.0E+00,0.0E+00,ext
AP2A1,-0.591545051,0.437,0.543,0.0E+00,0.0E+00,ext
IER5L,-0.978046952,0.169,0.275,0.0E+00,0.0E+00,ext
TMEM258,-0.785867626,0.209,0.315,0.0E+00,0.0E+00,ext
CA4,-1.084054909,0.205,0.311,0.0E+00,0.0E+00,ext
MZT2A,-0.629653146,0.325,0.431,0.0E+00,0.0E+00,ext
HSPE1,-0.659317978,0.32,0.426,0.0E+00,0.0E+00,ext
PUF60,-0.881286413,0.188,0.294,0.0E+00,0.0E+00,ext
NSMF,-0.583981096,0.4,0.506,0.0E+00,0.0E+00,ext
EMC7,-0.849587431,0.245,0.351,0.0E+00,0.0E+00,ext
RPRML,-0.684010231,0.311,0.417,0.0E+00,0.0E+00,ext
ATP5PD,-0.846421999,0.272,0.378,0.0E+00,0.0E+00,ext
ABHD8,-0.598622671,0.384,0.49,0.0E+00,0.0E+00,ext
NDUFS2,-0.626371634,0.46,0.566,0.0E+00,0.0E+00,ext
SH3GLB2,-0.575937123,0.458,0.564,0.0E+00,0.0E+00,ext
MDH1,-0.762049787,0.699,0.804,0.0E+00,0.0E+00,ext
VDAC1,-0.617104832,0.575,0.68,0.0E+00,0.0E+00,ext
SLC35B1,-0.762494615,0.236,0.341,0.0E+00,0.0E+00,ext
KCNK4,-0.997219454,0.159,0.264,0.0E+00,0.0E+00,ext
WDR18,-0.928993442,0.16,0.265,0.0E+00,0.0E+00,ext
NDUFB4,-0.659046178,0.34,0.445,0.0E+00,0.0E+00,ext
LAMTOR4,-0.737328757,0.255,0.36,0.0E+00,0.0E+00,ext
TMEM151A,-0.971819933,0.195,0.3,0.0E+00,0.0E+00,ext
RPL30,-0.593279689,0.458,0.563,0.0E+00,0.0E+00,ext
FADS3,-0.643893297,0.446,0.55,0.0E+00,0.0E+00,ext
CMAS,-0.598702018,0.456,0.56,0.0E+00,0.0E+00,ext
SYNGR3,-0.625165742,0.354,0.458,0.0E+00,0.0E+00,ext
HSD11B1L,-0.737327341,0.301,0.405,0.0E+00,0.0E+00,ext
DDRGK1,-0.570334777,0.444,0.548,0.0E+00,0.0E+00,ext
AC079382.2,0.674349328,0.324,0.22,0.0E+00,0.0E+00,ext
MAGEF1,-0.874287465,0.216,0.32,0.0E+00,0.0E+00,ext
AAMP,-0.875686216,0.19,0.294,0.0E+00,0.0E+00,ext
ARL6IP5,-0.655232153,0.541,0.645,0.0E+00,0.0E+00,ext
BSCL2,-0.707617971,0.669,0.773,0.0E+00,0.0E+00,ext
ARPP19,-0.883176382,0.765,0.869,0.0E+00,0.0E+00,ext
RAB5C,-0.686226217,0.276,0.38,0.0E+00,0.0E+00,ext
SLC25A23,-0.598537434,0.396,0.5,0.0E+00,0.0E+00,ext
EEF1A2,-0.653001743,0.468,0.572,0.0E+00,0.0E+00,ext
CACYBP,-0.648983036,0.355,0.458,0.0E+00,0.0E+00,ext
VCP,-0.539694539,0.456,0.559,0.0E+00,0.0E+00,ext
LRRC2,0.702708028,0.335,0.232,0.0E+00,0.0E+00,ext
GCSH,-0.745133245,0.209,0.312,0.0E+00,0.0E+00,ext
SMDT1,-0.825204564,0.228,0.331,0.0E+00,0.0E+00,ext
CXXC4-AS1,0.546026781,0.61,0.507,0.0E+00,0.0E+00,ext
SCG3,-0.779705313,0.602,0.705,0.0E+00,0.0E+00,ext
VPS9D1,-0.561693048,0.53,0.633,0.0E+00,0.0E+00,ext
TUBG2,-0.609748482,0.399,0.502,0.0E+00,0.0E+00,ext
POLR2E,-0.729024851,0.245,0.348,0.0E+00,0.0E+00,ext
TLE5,-0.55435872,0.561,0.664,0.0E+00,0.0E+00,ext
FSD1,-0.613662265,0.399,0.502,0.0E+00,0.0E+00,ext
MYDGF,-0.899840461,0.188,0.291,0.0E+00,0.0E+00,ext
FARSA,-0.724224012,0.252,0.355,0.0E+00,0.0E+00,ext
RTN2,-0.761045183,0.268,0.371,0.0E+00,0.0E+00,ext
NNAT,-0.846452913,0.32,0.423,0.0E+00,0.0E+00,ext
BRSK1,-0.627553707,0.463,0.566,0.0E+00,0.0E+00,ext
ARF1,-0.526851653,0.566,0.668,0.0E+00,0.0E+00,ext
PTPRN,-0.594357726,0.58,0.682,0.0E+00,0.0E+00,ext
DMTN,-0.524410439,0.568,0.67,0.0E+00,0.0E+00,ext
STK25,-0.562927835,0.456,0.558,0.0E+00,0.0E+00,ext
VPS29,-0.587556457,0.431,0.533,0.0E+00,0.0E+00,ext
GPR135,0.51045479,0.554,0.452,0.0E+00,0.0E+00,ext
AC013652.1,0.58200405,0.523,0.421,0.0E+00,0.0E+00,ext
COPE,-0.713653103,0.288,0.39,0.0E+00,0.0E+00,ext
COPS7A,-0.87269964,0.23,0.332,0.0E+00,0.0E+00,ext
STMN1,-0.933864684,0.769,0.871,0.0E+00,0.0E+00,ext
VDAC3,-0.55432016,0.602,0.704,0.0E+00,0.0E+00,ext
STOML2,-0.827626725,0.183,0.285,0.0E+00,0.0E+00,ext
DIRAS2,-0.611323333,0.613,0.715,0.0E+00,0.0E+00,ext
KCNH3,-0.601455477,0.549,0.651,0.0E+00,0.0E+00,ext
B4GALNT1,-0.655496048,0.371,0.473,0.0E+00,0.0E+00,ext
APEX1,-0.787108446,0.246,0.348,0.0E+00,0.0E+00,ext
CYP46A1,-0.723799629,0.552,0.654,0.0E+00,0.0E+00,ext
MAP2K2,-0.620156928,0.383,0.485,0.0E+00,0.0E+00,ext
ZNF302,-0.558574129,0.506,0.608,0.0E+00,0.0E+00,ext
STRAP,-0.584466732,0.462,0.564,0.0E+00,0.0E+00,ext
ACTR1B,-0.597998922,0.459,0.56,0.0E+00,0.0E+00,ext
CFAP44,0.501466163,0.522,0.421,0.0E+00,0.0E+00,ext
RNF126,-0.748159282,0.237,0.338,0.0E+00,0.0E+00,ext
CSNK2B,-0.788767981,0.231,0.332,0.0E+00,0.0E+00,ext
DPM2,-0.980088315,0.167,0.268,0.0E+00,0.0E+00,ext
C1orf43,-0.68741922,0.335,0.436,0.0E+00,0.0E+00,ext
TMEM183A,-0.741666691,0.259,0.36,0.0E+00,0.0E+00,ext
CCT7,-0.711018989,0.256,0.357,0.0E+00,0.0E+00,ext
REEP5,-0.630156776,0.65,0.751,0.0E+00,0.0E+00,ext
TSPAN13,-0.548012392,0.591,0.692,0.0E+00,0.0E+00,ext
SNRPA1,-0.573516295,0.394,0.495,0.0E+00,0.0E+00,ext
TGOLN2,-0.540281789,0.455,0.555,0.0E+00,0.0E+00,ext
RHPN1,-0.615262978,0.345,0.445,0.0E+00,0.0E+00,ext
CBWD5,0.530358614,0.561,0.461,0.0E+00,0.0E+00,ext
2-Mar,-0.777663397,0.235,0.335,0.0E+00,0.0E+00,ext
C1QBP,-0.782649505,0.233,0.333,0.0E+00,0.0E+00,ext
NUDC,-0.614716309,0.392,0.492,0.0E+00,0.0E+00,ext
C1orf115,-0.590626768,0.382,0.482,0.0E+00,0.0E+00,ext
PODXL2,-0.604673041,0.388,0.488,0.0E+00,0.0E+00,ext
DYNLT1,-0.706435737,0.277,0.377,0.0E+00,0.0E+00,ext
PPIA,-0.572021634,0.597,0.697,0.0E+00,0.0E+00,ext
MAPKAPK5-AS1,-0.89590249,0.182,0.282,0.0E+00,0.0E+00,ext
PSMB5,-0.661483884,0.329,0.429,0.0E+00,0.0E+00,ext
FAM219B,-0.685608411,0.309,0.409,0.0E+00,0.0E+00,ext
AC009041.2,-0.785737486,0.538,0.638,0.0E+00,0.0E+00,ext
GSK3A,-0.688407459,0.282,0.381,0.0E+00,0.0E+00,ext
AL583808.1,0.870789762,0.303,0.204,0.0E+00,0.0E+00,ext
TIMM8B,-0.935117083,0.159,0.258,0.0E+00,0.0E+00,ext
RPL7L1,-0.572759276,0.406,0.505,0.0E+00,0.0E+00,ext
HTR1E,0.544807101,0.722,0.623,0.0E+00,0.0E+00,ext
CNPY2,-0.573553228,0.472,0.571,0.0E+00,0.0E+00,ext
PKM,-0.679559551,0.705,0.803,0.0E+00,0.0E+00,ext
FOXRED1,-0.565748748,0.427,0.525,0.0E+00,0.0E+00,ext
WBP2,-0.572848003,0.45,0.548,0.0E+00,0.0E+00,ext
ARPC2,-0.5350981,0.556,0.654,0.0E+00,0.0E+00,ext
MAL2,-0.521892612,0.536,0.634,0.0E+00,0.0E+00,ext
SPCS2,-0.549924322,0.496,0.594,0.0E+00,0.0E+00,ext
ATF6B,-0.593482439,0.445,0.542,0.0E+00,0.0E+00,ext
LAMA2,0.837167623,0.466,0.369,0.0E+00,0.0E+00,ext
ZNF862,-0.56333803,0.442,0.539,0.0E+00,0.0E+00,ext
NRBP2,-0.605668211,0.439,0.536,0.0E+00,0.0E+00,ext
CCDC107,-0.917767845,0.163,0.26,0.0E+00,0.0E+00,ext
PYURF,-1.003354477,0.186,0.283,0.0E+00,0.0E+00,ext
CTSB,-0.525947065,0.49,0.587,0.0E+00,0.0E+00,ext
COX6C,-0.622841709,0.553,0.65,0.0E+00,0.0E+00,ext
UBA6-AS1,0.65304717,0.788,0.692,0.0E+00,0.0E+00,ext
C12orf76,-0.531203683,0.446,0.542,0.0E+00,0.0E+00,ext
ERG28,-0.958255226,0.173,0.269,0.0E+00,0.0E+00,ext
UFC1,-0.929013414,0.168,0.264,0.0E+00,0.0E+00,ext
FBXL6,-1.025847203,0.158,0.254,0.0E+00,0.0E+00,ext
TAGLN3,-0.639578184,0.648,0.744,0.0E+00,0.0E+00,ext
HOPX,-0.614789887,0.544,0.64,0.0E+00,0.0E+00,ext
CALY,-0.752098514,0.684,0.78,0.0E+00,0.0E+00,ext
CBX6,-0.50503683,0.516,0.612,0.0E+00,0.0E+00,ext
GTF3A,-0.557877432,0.412,0.507,0.0E+00,0.0E+00,ext
MFSD4A,-0.526505139,0.533,0.628,0.0E+00,0.0E+00,ext
YWHAH,-0.835973769,0.769,0.864,0.0E+00,0.0E+00,ext
SYNGR1,-0.548010976,0.543,0.638,0.0E+00,0.0E+00,ext
RAB40C,-0.522643064,0.566,0.66,0.0E+00,0.0E+00,ext
RGS11,-0.619603709,0.407,0.501,0.0E+00,0.0E+00,ext
FBXO44,-0.526408637,0.509,0.603,0.0E+00,0.0E+00,ext
GABARAPL1,-0.542185204,0.522,0.616,0.0E+00,0.0E+00,ext
NGEF,-0.585927459,0.706,0.799,0.0E+00,0.0E+00,ext
FEZ1,-0.545141633,0.578,0.671,0.0E+00,0.0E+00,ext
CAMK2N1,-0.797407292,0.722,0.815,0.0E+00,0.0E+00,ext
LHFPL6,0.632280098,0.737,0.644,0.0E+00,0.0E+00,ext
SULT4A1,-0.562852802,0.624,0.717,0.0E+00,0.0E+00,ext
PLXDC2,0.541240493,0.804,0.712,0.0E+00,0.0E+00,ext
ACADVL,-0.555904474,0.493,0.584,0.0E+00,0.0E+00,ext
KAT2A,-0.517039938,0.477,0.568,0.0E+00,0.0E+00,ext
ADAM11,-0.534322378,0.506,0.597,0.0E+00,0.0E+00,ext
SRSF2,-0.528517735,0.487,0.578,0.0E+00,0.0E+00,ext
CIRBP,-0.550256704,0.666,0.757,0.0E+00,0.0E+00,ext
NPTXR,-0.677124845,0.608,0.699,0.0E+00,0.0E+00,ext
NAGPA,-0.571823408,0.539,0.629,0.0E+00,0.0E+00,ext
TMTC1,0.587958311,0.659,0.57,0.0E+00,0.0E+00,ext
SELENOO,-0.532233358,0.51,0.599,0.0E+00,0.0E+00,ext
ENO2,-0.552744101,0.69,0.778,0.0E+00,0.0E+00,ext
CCK,-1.148416004,0.751,0.839,0.0E+00,0.0E+00,ext
EEF1A1,-0.564128509,0.682,0.77,0.0E+00,0.0E+00,ext
CALM3,-0.810451465,0.809,0.897,0.0E+00,0.0E+00,ext
HMGCR,-0.508314601,0.498,0.585,0.0E+00,0.0E+00,ext
KCNQ1OT1,-0.507495021,0.569,0.655,0.0E+00,0.0E+00,ext
NEFM,-0.652904726,0.496,0.582,0.0E+00,0.0E+00,ext
PEBP1,-0.777568844,0.789,0.875,0.0E+00,0.0E+00,ext
YWHAB,-0.70033576,0.765,0.851,0.0E+00,0.0E+00,ext
ORMDL1,-0.541910235,0.518,0.603,0.0E+00,0.0E+00,ext
HRH2,-0.549338949,0.601,0.685,0.0E+00,0.0E+00,ext
AC098588.3,0.562386262,0.76,0.676,0.0E+00,0.0E+00,ext
EPHB6,-0.616152508,0.641,0.725,0.0E+00,0.0E+00,ext
JAK2,0.537697529,0.715,0.631,0.0E+00,0.0E+00,ext
TUBA1B,-0.877744618,0.809,0.893,0.0E+00,0.0E+00,ext
SCAMP5,-0.516027675,0.697,0.779,0.0E+00,0.0E+00,ext
PCMT1,-0.503141391,0.667,0.749,0.0E+00,0.0E+00,ext
RAP1GAP,-0.560440702,0.688,0.769,0.0E+00,0.0E+00,ext
ATP1A3,-0.528032846,0.651,0.732,0.0E+00,0.0E+00,ext
LINGO1,-0.568858102,0.691,0.771,0.0E+00,0.0E+00,ext
AC025159.1,0.520825482,0.7,0.621,0.0E+00,0.0E+00,ext
DAPK1,0.549089494,0.787,0.709,0.0E+00,0.0E+00,ext
CDYL2,0.52561926,0.634,0.556,0.0E+00,0.0E+00,ext
CAMKK2,-0.529738604,0.695,0.772,0.0E+00,0.0E+00,ext
SLC22A17,-0.515813502,0.694,0.771,0.0E+00,0.0E+00,ext
SCN3B,-0.601790824,0.679,0.756,0.0E+00,0.0E+00,ext
NRGN,-1.366703849,0.858,0.933,0.0E+00,0.0E+00,ext
PLD3,-0.532602594,0.764,0.839,0.0E+00,0.0E+00,ext
DYNLL1,-0.512328519,0.757,0.831,0.0E+00,0.0E+00,ext
LINC00513,0.56157512,0.75,0.677,0.0E+00,0.0E+00,ext
OLFM1,-0.774059278,0.804,0.875,0.0E+00,0.0E+00,ext
MCTP1,0.620801119,0.899,0.83,0.0E+00,0.0E+00,ext
PVT1,0.505189713,0.649,0.58,0.0E+00,0.0E+00,ext
EIF4A2,-0.573103072,0.776,0.845,0.0E+00,0.0E+00,ext
FTH1,-1.092773433,0.842,0.91,0.0E+00,0.0E+00,ext
TTC28,0.550555797,0.827,0.759,0.0E+00,0.0E+00,ext
NR3C2,0.515951978,0.835,0.77,0.0E+00,0.0E+00,ext
HSP90AB1,-0.690400729,0.826,0.889,0.0E+00,0.0E+00,ext
MIR137HG,0.56677937,0.877,0.815,0.0E+00,0.0E+00,ext
FAM153B,-0.575588552,0.721,0.783,0.0E+00,0.0E+00,ext
DGKZ,-0.60887488,0.791,0.852,0.0E+00,0.0E+00,ext
CKB,-0.975934997,0.849,0.905,0.0E+00,0.0E+00,ext
STMN2,-0.590647294,0.776,0.832,0.0E+00,0.0E+00,ext
RPL37A,-0.686799788,0.686,0.738,0.0E+00,0.0E+00,ext
DOCK4,0.511234937,0.933,0.882,0.0E+00,0.0E+00,ext
CBLN2,0.584576152,0.71,0.662,0.0E+00,0.0E+00,ext
ENC1,-0.646760695,0.83,0.872,0.0E+00,0.0E+00,ext
HSP90AA1,-0.635865431,0.875,0.916,0.0E+00,0.0E+00,ext
ATP1B1,-0.633446094,0.896,0.933,0.0E+00,0.0E+00,ext
ACTB,-0.529580282,0.848,0.883,0.0E+00,0.0E+00,ext
SYN3,0.661203446,0.838,0.805,0.0E+00,0.0E+00,ext
CABP1,-0.773229257,0.898,0.928,0.0E+00,0.0E+00,ext
AC013287.1,0.518340399,0.738,0.709,0.0E+00,0.0E+00,ext
CALM2,-0.650629467,0.923,0.948,0.0E+00,0.0E+00,ext
CALM1,-0.647436754,0.953,0.968,0.0E+00,0.0E+00,ext
MAGI2,0.516321833,0.988,0.98,0.0E+00,0.0E+00,ext
RTN4,-0.500952313,0.95,0.955,0.0E+00,0.0E+00,ext
MEG3,-0.522124662,0.989,0.994,0.0E+00,0.0E+00,ext
HES4,-2.357360369,0.12,0.399,0.0E+00,0.0E+00,inb
HSPA8,-1.353539816,0.37,0.62,0.0E+00,0.0E+00,inb
LY6H,-1.294330212,0.339,0.578,0.0E+00,0.0E+00,inb
TUBB2A,-1.293261473,0.339,0.577,0.0E+00,0.0E+00,inb
TUBA1A,-1.161546492,0.38,0.596,0.0E+00,0.0E+00,inb
VGF,-1.73040185,0.136,0.351,0.0E+00,0.0E+00,inb
TTC9B,-1.312510801,0.174,0.388,0.0E+00,0.0E+00,inb
RAB3A,-1.182051434,0.273,0.486,0.0E+00,0.0E+00,inb
PRDX2,-1.154193258,0.296,0.505,0.0E+00,0.0E+00,inb
SLC25A4,-1.164833061,0.27,0.479,0.0E+00,0.0E+00,inb
CCDC85B,-0.861562926,0.293,0.5,0.0E+00,0.0E+00,inb
MAP1LC3A,-0.902588907,0.417,0.622,0.0E+00,0.0E+00,inb
GPX4,-0.917483396,0.366,0.571,0.0E+00,0.0E+00,inb
ARHGDIG,-1.143628268,0.221,0.425,0.0E+00,0.0E+00,inb
SST,-2.65917391,0.155,0.357,0.0E+00,0.0E+00,inb
RNASEK,-1.03454372,0.326,0.527,0.0E+00,0.0E+00,inb
C1QTNF4,-1.499063221,0.162,0.363,0.0E+00,0.0E+00,inb
ATP6V0E2,-1.081813569,0.419,0.619,0.0E+00,0.0E+00,inb
GUK1,-0.938452534,0.293,0.492,0.0E+00,0.0E+00,inb
SLC32A1,-1.357624753,0.17,0.364,0.0E+00,0.0E+00,inb
RPL7A,-0.827180978,0.4,0.591,0.0E+00,0.0E+00,inb
ATP6V0B,-1.011419977,0.364,0.553,0.0E+00,0.0E+00,inb
GNG3,-1.072949484,0.178,0.366,0.0E+00,0.0E+00,inb
TUBB3,-0.960680111,0.32,0.508,0.0E+00,0.0E+00,inb
B4GAT1,-1.009325101,0.276,0.463,0.0E+00,0.0E+00,inb
TPI1,-1.001509595,0.269,0.456,0.0E+00,0.0E+00,inb
SELENOW,-0.82893979,0.433,0.619,0.0E+00,0.0E+00,inb
C4orf48,-1.051701046,0.22,0.405,0.0E+00,0.0E+00,inb
RPS27A,-0.744922313,0.425,0.61,0.0E+00,0.0E+00,inb
SCG2,-1.441026728,0.38,0.565,0.0E+00,0.0E+00,inb
NPDC1,-0.961977878,0.405,0.59,0.0E+00,0.0E+00,inb
RPS3A,-0.818219793,0.351,0.535,0.0E+00,0.0E+00,inb
VAMP2,-0.950066936,0.594,0.778,0.0E+00,0.0E+00,inb
TMEM59L,-0.954065269,0.472,0.654,0.0E+00,0.0E+00,inb
OAZ1,-0.803059459,0.446,0.628,0.0E+00,0.0E+00,inb
ATP5F1D,-0.864082244,0.262,0.443,0.0E+00,0.0E+00,inb
NDUFV1,-0.909181777,0.332,0.512,0.0E+00,0.0E+00,inb
NDUFA13,-0.834274926,0.394,0.573,0.0E+00,0.0E+00,inb
THY1,-0.91920736,0.54,0.717,0.0E+00,0.0E+00,inb
PRDX5,-0.932946499,0.207,0.382,0.0E+00,0.0E+00,inb
EDF1,-0.930555744,0.228,0.402,0.0E+00,0.0E+00,inb
CAMK2N2,-1.30377261,0.2,0.374,0.0E+00,0.0E+00,inb
SPCS1,-0.965358053,0.265,0.438,0.0E+00,0.0E+00,inb
NDUFC2,-0.938817601,0.304,0.477,0.0E+00,0.0E+00,inb
PIN1,-0.885730119,0.297,0.47,0.0E+00,0.0E+00,inb
GAPDH,-1.218691279,0.596,0.768,0.0E+00,0.0E+00,inb
YWHAH,-0.801077757,0.509,0.68,0.0E+00,0.0E+00,inb
RPL41,-0.73947811,0.46,0.631,0.0E+00,0.0E+00,inb
COX4I1,-0.70276041,0.412,0.583,0.0E+00,0.0E+00,inb
AP2M1,-0.80345579,0.38,0.549,0.0E+00,0.0E+00,inb
NDUFB8,-0.791329561,0.448,0.616,0.0E+00,0.0E+00,inb
EIF1,-0.717561056,0.525,0.69,0.0E+00,0.0E+00,inb
PGP,-0.833300883,0.351,0.514,0.0E+00,0.0E+00,inb
ACTG1,-0.639162367,0.503,0.664,0.0E+00,0.0E+00,inb
CALY,-1.186246474,0.586,0.746,0.0E+00,0.0E+00,inb
ATP6V0C,-0.977382533,0.575,0.733,0.0E+00,0.0E+00,inb
NDUFA4,-0.789621997,0.53,0.688,0.0E+00,0.0E+00,inb
NDN,-1.253755638,0.152,0.309,0.0E+00,0.0E+00,inb
IFI6,-2.099872542,0.117,0.273,0.0E+00,0.0E+00,inb
CYC1,-1.311998512,0.135,0.291,0.0E+00,0.0E+00,inb
SCG5,-0.948800191,0.523,0.676,0.0E+00,0.0E+00,inb
FTL,-0.726905995,0.549,0.701,0.0E+00,0.0E+00,inb
CAMK2N1,-0.802136969,0.511,0.662,0.0E+00,0.0E+00,inb
SARAF,-0.878982742,0.595,0.746,0.0E+00,0.0E+00,inb
MDH1,-0.810889623,0.513,0.659,0.0E+00,0.0E+00,inb
CCNI,-0.69500791,0.562,0.702,0.0E+00,0.0E+00,inb
FTH1,-0.780680079,0.692,0.813,0.0E+00,0.0E+00,inb
CALM3,-0.579900947,0.651,0.767,0.0E+00,0.0E+00,inb
PEBP1,-0.647053187,0.671,0.785,0.0E+00,0.0E+00,inb
CKB,-0.810718824,0.689,0.787,0.0E+00,0.0E+00,inb
HSP90AB1,-0.637078786,0.736,0.816,0.0E+00,0.0E+00,inb
CALM2,-0.552102365,0.788,0.845,0.0E+00,0.0E+00,inb
HSP90AA1,-0.542576723,0.797,0.853,0.0E+00,0.0E+00,inb
ATP1B1,-0.673577248,0.864,0.91,0.0E+00,0.0E+00,inb
MEG3,-0.501957801,0.953,0.969,0.0E+00,0.0E+00,inb
SST,-2.633586608,0.391,0.764,0.0E+00,0.0E+00,inb-sst
MALAT1,-0.627200737,1,1,0.0E+00,0.0E+00,inb-sst
HES4,-3.002055638,0.099,0.456,0.0E+00,0.0E+00,inb-pv
GAPDH,-1.372177799,0.636,0.82,0.0E+00,0.0E+00,inb-pv
CALY,-1.38450086,0.612,0.759,0.0E+00,0.0E+00,inb-vip
RASGEF1C,-1.048207939,0.383,0.701,0.0E+00,0.0E+00,micro
FOXP1,1.494197329,0.504,0.251,0.0E+00,0.0E+00,micro
SPP1,2.219662895,0.508,0.262,0.0E+00,0.0E+00,micro
GFAP,0.747043888,0.6,0.384,0.0E+00,0.0E+00,ast
COLEC12,1.690215733,0.348,0.132,0.0E+00,0.0E+00,ast
NRGN,-0.932132348,0.42,0.616,0.0E+00,0.0E+00,ast
APOE,-1.256137503,0.461,0.64,0.0E+00,0.0E+00,ast
TRPM3,0.702538162,0.793,0.688,0.0E+00,0.0E+00,ast
CKB,-0.598364252,0.78,0.846,0.0E+00,0.0E+00,ast
NEAT1,0.862567326,0.93,0.892,0.0E+00,0.0E+00,ast