query,_id,_score,symbol,notfound
Eef2,13629,14.504479,Eef2,
Rft1,52710,17.876802,Rft1,
Rpap3,71919,14.787148,Rpap3,
Psmc3,19182,14.718618,Psmc3,
Fam50a,108160,15.079266,Fam50a,
Gbf1,96979,17.193527,Gbf1,
Jtb,23922,14.884529,Jtb,
Rbm42,68035,14.989801,Rbm42,
Nubp1,26425,14.25914,Nubp1,
Rbm22,66810,14.792573,Rbm22,
Rpap2,231571,14.727205,Rpap2,
Chmp2a,68953,14.853782,Chmp2a,
Alg11,207958,14.222402,Alg11,
Rpap1,68925,14.774578,Rpap1,
Sbds,66711,14.279737,Sbds,
Polr3b,70428,14.708389,Polr3b,
Mcm3ap,54387,14.89429,Mcm3ap,
Copz1,56447,14.970961,Copz1,
Polr2e,66420,15.199899,Polr2e,
Glmn,170823,15.297668,Glmn,
Iars,105148,14.049517,Iars1,
Atp6v1h,108664,14.772793,Atp6v1h,
Psmg3,66506,14.792573,Psmg3,
Eif2b5,224045,14.751554,Eif2b5,
Gpx4,625249,15.297668,Gpx4,
Ddrgk1,77006,14.508842,Ddrgk1,
Hars,15115,14.722015,Hars1,
Pcf11,74737,14.298185,Pcf11,
Cars,27267,14.101514,Cars1,
Copa,12847,14.461643,Copa,
Nup214,227720,14.373403,Nup214,
Trappc3,27096,14.756831,Trappc3,
Sars,20226,14.233104,Sars1,
Gtf3c5,70239,14.704997,Gtf3c5,
Pmvk,68603,14.710089,Pmvk,
Chmp6,208092,15.21988,Chmp6,
Atp6v1c1,66335,15.207356,Atp6v1c1,
Polr3k,67005,14.38527,Polr3k,
Wars,22375,14.040277,Wars1,
0610010K14Rik,104457,21.084198,0610010K14Rik,
Zfp259,22687,19.614708,Zpr1,
Cdipt,52858,15.019665,Cdipt,
Psmb6,19175,15.006782,Psmb6,
Alg1,208211,14.3169,Alg1,
Gtf3c3,98488,14.772793,Gtf3c3,
Ruvbl1,56505,14.749799,Ruvbl1,
Ccdc55,237859,18.145218,Nsrp1,
Ubl5,66177,14.981395,Ubl5,
Lonp1,74142,14.746298,Lonp1,
Srp9,27058,14.273645,Srp9,
Afg3l2,69597,14.2957115,Afg3l2,
Telo2,71718,14.767451,Telo2,
Atf5,107503,15.812145,Atf5,
Ostm1,14628,14.751554,Ostm1,
Vps25,28084,14.254341,Vps25,
Gtf2b,229906,14.732386,Gtf2b,
Npc2,67963,15.032674,Npc2,
Brf1,12192,16.520018,Brf1,
Vps28,66914,14.284631,Vps28,
Gtf3c6,67371,14.77101,Gtf3c6,
Bud13,215051,14.718618,Bud13,
Atp6v0e2,76252,15.832145,Atp6v0e2,
Trappc1,245828,15.043619,Trappc1,
Ptpn23,104831,15.346683,Ptpn23,
Srp68,217337,14.217735,Srp68,
Ccdc94,72886,14.409055,Yju2,
Wdr25,212198,14.788954,Wdr25,
Polr3a,218832,14.270004,Polr3a,
Chmp4b,75608,15.250441,Chmp4b,
Caml,12328,21.712498,Caml,
Qars,97541,14.077628,Qars1,
Snf8,27681,14.734116,Snf8,
Tprkb,69786,14.723763,Tprkb,
Sart1,20227,14.991911,Sart1,
Slc38a6,625098,14.75331,Slc38a6,
Rnasek,52898,15.276467,Rnasek,
Rbm17,76938,14.763902,Rbm17,
Copb1,70349,14.746298,Copb1,
Lage3,66192,15.788542,Lage3,
Tbcb,66411,14.431101,Tbcb,
Ppp2r1a,51792,15.694571,Ppp2r1a,
Gpn1,74254,14.77101,Gpn1,
Psmc4,23996,14.940153,Psmc4,
Mvk,17855,13.779989,Mvk,
Rngtt,24018,14.7428055,Rngtt,
Pdxk,216134,14.557819,Pdxk,
Sf3a1,67465,14.244796,Sf3a1,
Eefsec,65967,14.482883,Eefsec,
Snip1,76793,14.776367,Snip1,
Psmc1,19179,15.182663,Psmc1,
Zfp335,329559,20.907745,Zfp335,
Secisbp2,75420,15.111282,Secisbp2,
Msto1,229524,14.810819,Msto1,
Ttc27,74196,14.772793,Ttc27,
Ubap1,67123,14.788954,Ubap1,
Cutc,66388,14.178739,Cutc,
Nupl2,231042,14.1963825,Nup42,
Ash2l,23808,14.756831,Ash2l,
Hmgcr,15357,14.597752,Hmgcr,
Tbcc,72726,14.323199,Tbcc,
Scfd1,76983,14.7289295,Scfd1,
Ercc3,13872,14.774578,Ercc3,
Sssca1,56390,14.583772,Znrd2,
Aars,234734,14.077628,Aars1,
Trnt1,70047,14.748047,Trnt1,
Nsf,18195,15.242732,Nsf,
Clcn7,26373,14.785345,Clcn7,
Ccdc157,207209,17.348036,Ccdc157,
Thg1l,66628,14.748047,Thg1l,
3110002H16Rik,76482,21.084198,Rmc1,
Ncstn,59287,14.783545,Ncstn,
Taf6,21343,14.511758,Taf6,
Sart3,53890,14.751554,Sart3,
Polr2a,20020,14.916022,Polr2a,
Pgm3,109785,14.713493,Pgm3,
Alg2,18570,17.586458,Alg2,
Pex3,18630,18.24816,Pex3,
Crcp,12909,14.7169075,Crcp,
Cdc37,12539,14.299425,Cdc37,
Eif2b3,108067,14.737585,Eif2b3,
Cmpk1,66588,15.276467,Cmpk1,
Igbp1,18518,14.82189,Igbp1,
Rbmx2,209003,14.755068,Rbmx2,
Cct5,12465,14.178739,Cct5,
Tbcd,108903,14.260343,Tbcd,
Iqsec3,243621,15.268604,Iqsec3,
Zfp830,66983,21.385788,Zfp830,
Atp2a2,11938,15.300345,Atp2a2,
Snrnp200,320632,14.816343,Snrnp200,
Arl2,56327,14.362946,Arl2,
Snx17,266781,14.333341,Snx17,
Ykt6,56418,14.223571,Ykt6,
Atp6v1e1,11973,15.338383,Atp6v1e1,
Dctn3,53598,14.816343,Dctn3,
Senp2,75826,14.8825865,Senp2,
Srpr,67398,16.549742,Srpra,
Nup188,227699,14.290775,Nup188,
Atp6v0b,114143,14.691516,Atp6v0b,
Grip2,243547,15.305711,Grip2,
Tmem128,66309,14.774578,Tmem128,
Aqr,11834,14.710089,Aqr,
Dhdds,67422,14.292007,Dhdds,
Pcnx,54604,16.709167,Pcnx1,
Arl16,70317,14.82189,Arl16,
Cog1,16834,14.274861,Cog1,
Rabggta,56187,14.433848,Rabggta,
Mphosph6,68533,14.805318,Mphosph6,
Fam126b,213056,13.796788,Hycc2,
Dnajc17,69408,14.767451,Dnajc17,
Tsen2,381802,14.3169,Tsen2,
Cse1l,110750,14.75331,Cse1l,
Use1,67023,14.296949,Use1,
Dgat2,67800,14.741062,Dgat2,
Atp6v0d1,11972,14.938125,Atp6v0d1,
Eapp,66266,14.767451,Eapp,
Nudc,18221,13.314607,Nudc,
Nup107,103468,14.270004,Nup107,
Polr3e,26939,14.309383,Polr3e,
Taf1b,21340,14.299425,Taf1b,
Lars,269033,14.021984,Lars,
Klc4,74764,15.265992,Klc4,
Nfs1,18041,14.250754,Nfs1,
Mtrf1,211253,14.848097,Mtrf1,
Gemin5,216766,14.75331,Gemin5,
Usp8,84092,14.472927,Usp8,
Fbxl12,30843,15.33288,Fbxl12,
Imp4,27993,14.805318,Imp4,
Pmpca,66865,14.751554,Pmpca,
Trappc5,66682,14.916022,Trappc5,
Psmd2,21762,14.749799,Psmd2,
Atp6v1f,66144,14.924016,Atp6v1f,
Pafah1b1,18472,15.17778,Pafah1b1,
Nup54,269113,14.279737,Nup54,
Polr3d,67065,14.831189,Polr3d,
Osgep,66246,15.026153,Osgep,
Snrnp48,67797,14.772793,Snrnp48,
Exosc9,50911,14.75331,Exosc9,
Sbno1,243272,14.769229,Sbno1,
Zfp263,74120,21.124914,Zfp263,
Cox16,66272,16.291512,Cox16,
Pabpn1,54196,15.441635,Pabpn1,
Tpk1,29807,14.699925,Tpk1,
Huwe1,59026,14.516146,Huwe1,
Vbp1,22327,14.803489,Vbp1,
Gtf2e2,68153,14.765675,Gtf2e2,
Dhx16,69192,14.910059,Dhx16,
Mboat7,77582,15.043619,Mboat7,
Gpn3,68080,14.75331,Gpn3,
Sec11c,66286,15.386121,Sec11c,
Pim1,18712,14.796202,Pim1,
Rad9b,231724,14.818189,Rad9b,
Snw1,66354,14.763902,Snw1,
Adat2,66757,14.767451,Adat2,
Polr1a,20019,14.741062,Polr1a,
Ptprr,19279,14.849989,Ptprr,
Rnps1,19826,14.722047,Rnps1,
Cacna2d2,56808,15.316511,Cacna2d2,
Cdk5,12568,14.337164,Cdk5,
Aars2,224805,14.79984,Aars2,
Yap1,22601,14.693194,Yap1,
Psmb4,19172,14.836801,Psmb4,
Tsen54,76265,14.344845,Tsen54,
Psmb5,19173,15.037041,Psmb5,
Romo1,67067,14.794385,Romo1,
Srp14,20813,14.25554,Srp14,
Ints4,101861,14.251948,Ints4,
Cstb,13014,15.94581,Cstb,
Josd2,66124,15.030497,Josd2,
Pgam1,18648,15.377568,Pgam1,
Klhl20,226541,14.774578,Klhl20,
Nipbl,71175,15.276467,Nipbl,
Fam173b,68073,14.536239,Atpsckmt,
Ccnh,66671,14.763902,Ccnh,
Fam3a,66294,15.0860615,Fam3a,
Psmd6,66413,14.75331,Psmd6,
Plrg1,53317,14.760362,Plrg1,
Get4,67604,14.751554,Get4,
Chmp5,76959,15.209851,Chmp5,
Sacm1l,83493,15.276467,Sacm1l,
Wasf1,83767,14.767451,Wasf1,
Srrt,83701,14.985591,Srrt,
Fbxl16,214931,14.812657,Fbxl16,
Tfg,21787,14.765675,Tfg,
Psmc5,19184,14.751554,Psmc5,
Tsg101,22088,14.597752,Tsg101,
Nxf1,53319,15.438654,Nxf1,
Ipo13,230673,15.224924,Ipo13,
Zfyve21,68520,14.774578,Zfyve21,
Bcl11a,14025,15.319224,Bcl11a,
Atp6v0c,11984,15.12291,Atp6v0c,
Fam175b,109359,14.471137,Abraxas2,
Lin9,72568,14.739323,Lin9,
Snap25,20614,14.699925,Snap25,
Mvd,192156,14.651894,Mvd,
Isy1,57905,14.7428055,Isy1,
Mfn1,67414,15.229987,Mfn1,
Sncg,20618,15.224924,Sncg,
Hr,15460,18.931433,Hr,
Vps36,70160,14.223571,Vps36,
Znhit1,70103,15.002515,Znhit1,
Csrp1,13007,15.300345,Csrp1,
Nploc4,217365,14.765675,Nploc4,
Trp53bp1,27223,21.124914,Trp53bp1,
Usp39,28035,14.308134,Usp39,
Tut1,70044,14.952389,Tut1,
Polr2l,66491,14.876775,Polr2l,
Ttc1,66827,14.366857,Ttc1,
Atp5c1,11949,14.3497305,Atp5c1,
Csad,246277,14.968885,Csad,
Ddx47,67755,14.715199,Ddx47,
Tpi1,21991,15.09061,Tpi1,
Tmem9b,56786,14.787148,Tmem9b,
Upf2,326622,14.304395,Upf2,
Rabl3,67657,14.776367,Rabl3,
Rab24,19336,14.82189,Rab24,
Ttc4,72354,14.749799,Ttc4,
Dlg5,71228,14.624542,Dlg5,
Cercam,99151,14.810819,Cercam,
Eftud1,101592,16.278599,Efl1,
Mfap3,216760,15.207356,Mfap3,
Accs,329470,15.037041,Accs,
Pgrmc2,70804,14.787148,Pgrmc2,
Cct2,12461,14.178739,Cct2,
Thoc5,107829,14.260343,Thoc5,
Pdrg1,68559,14.418811,Pdrg1,
Dbndd1,72185,14.814498,Dbndd1,
Zfp790,233056,20.907745,Zfp790,
Amn1,232566,15.011063,Amn1,
Pmpcb,73078,14.758595,Pmpcb,
Adck1,72113,14.282184,Adck1,
Upf1,19704,14.359045,Upf1,
Gosr2,56494,14.781747,Gosr2,
Wdr46,57315,14.975123,Wdr46,
Pik3c2a,18704,14.794385,Pik3c2a,
Zfp386,56220,21.712498,Zfp386,
Ttc9b,73032,15.118246,Ttc9b,
Ensa,56205,15.4297495,Ensa,
Stra13,16792,17.586458,Stra13,
D430042O09Rik,233865,21.084198,Katnip,
Nubp2,26426,14.274861,Nubp2,
Nupl1,71844,16.012417,Nup58,
Mrps7,50529,14.271216,Mrps7,
Maml3,433586,14.794385,Maml3,
Rspry1,67610,14.76213,Rspry1,
Arfgap1,66251,18.145218,Arfgap1,
Cdc123,98828,14.739323,Cdc123,
Fam188b,330323,14.576877,Mindy4,
Cblb,208650,14.863313,Cblb,
Cntrob,216846,15.487201,Cntrob,
Nol11,68979,14.781747,Nol11,
Ddx23,74351,14.77995,Ddx23,
Preb,50907,14.867146,Preb,
Jakmip1,76071,14.884529,Jakmip1,
Tmed8,382620,14.703305,Tmed8,
Ppp1r2,19051,18.35969,Ppp1r2,
Exosc5,27998,14.89429,Exosc5,
Mrpl54,66047,14.244796,Mrpl54,
Zfp275,27081,21.124914,Zfp275,
Nop56,67134,14.241234,Nop56,
Pik3c3,225326,14.739323,Pik3c3,
Atxn10,54138,14.727205,Atxn10,
Map3k12,26404,14.872914,Map3k12,
Capza1,12340,15.253019,Capza1,
Tor1aip2,240832,16.338259,Tor1aip2,
Tmem127,69470,14.849989,Tmem127,
Dhx8,217207,14.870989,Dhx8,
Sfn,104444,19.122843,Sfn,
Fam149b,105428,21.124914,Fam149b,
Mef2d,17261,14.846208,Mef2d,
Cherp,27967,14.785345,Cherp,
Stc2,20856,15.284377,Stc2,
Zfyve26,211978,14.767451,Zfyve26,
Abi1,11308,15.255603,Abi1,
Idi1,319554,14.884529,Idi1,
Ckap4,216197,14.833056,Ckap4,
Spsb3,79043,15.341144,Spsb3,
Cct6a,12466,14.849989,Cct6a,
Acads,11409,14.755068,Acads,
Fig4,103199,14.520548,Fig4,
Zfp521,225207,20.166035,Zfp521,
Tbc1d20,67231,14.783545,Tbc1d20,
Ccdc115,69668,16.129812,Ccdc115,
Pstk,214580,14.783545,Pstk,
Tob2,57259,15.144106,Tob2,
Phf21b,271305,14.807149,Phf21b,
Arfip2,76932,15.33288,Arfip2,
Tmem199,195040,16.013535,Tmem199,
Snrpg,68011,14.2932415,Snrpg,
Gnb1l,13972,14.763902,Gnb1l,
Pqlc3,217430,14.130752,Slc66a3,
Arl5a,75423,14.798019,Arl5a,
Bcat1,12035,14.812657,Bcat1,
R3hdm1,226412,15.129937,R3hdm1,
Foxo4,54601,14.810819,Foxo4,
Rrp12,107094,14.678175,Rrp12,
Gars,353172,14.16569,Gars1,
Pcna,18538,14.263958,Pcna,
Tfpt,69714,15.059093,Tfpt,
Fam117b,72750,15.287025,Fam117b,
Vgf,381677,15.083793,Vgf,
Nkap,67050,14.807149,Nkap,
Eftud2,20624,14.749799,Eftud2,
Fam155a,270028,13.896357,Nalf1,
Exoc7,53413,14.746298,Exoc7,
Zfx,22764,15.168071,Zfx,
Sh2d5,230863,14.878709,Sh2d5,
Ddx18,66942,14.772793,Ddx18,
Mrpl53,68499,14.285857,Mrpl53,
Mks1,380718,14.356451,Mks1,
Arfrp1,76688,14.290775,Arfrp1,
Pcyt2,68671,14.676516,Pcyt2,
Asprv1,67855,16.09481,Asprv1,
Gtf2e1,74197,14.76213,Gtf2e1,
Galnt14,71685,14.836801,Galnt14,
Abcf1,224742,14.898214,Abcf1,
Ada,11486,13.992707,Ada,
Htra2,64704,14.653522,Htra2,
Erich1,234086,15.168071,Erich1,
Dennd3,105841,15.311101,Dennd3,
Cltc,67300,15.263388,Cltc,
Psmb3,26446,14.792573,Psmb3,
Sympk,68188,14.863313,Sympk,
Ruvbl2,20174,14.926023,Ruvbl2,
Set,56086,14.732386,Set,
Hars2,70791,16.645565,Hars2,
Cdr2l,237988,14.769229,Cdr2l,
Usp47,74996,14.373403,Usp47,
Tmem120b,330189,14.760362,Tmem120b,
Ythdc1,231386,14.332068,Ythdc1,
Slc25a36,192287,15.2224,Slc25a36,
Cdh13,12554,14.734116,Cdh13,
Psma5,26442,14.748047,Psma5,
Coasy,71743,14.788954,Coasy,
Dbp,15488,16.709167,Dbp,
Pop1,23828,17.193527,Pop1,
Unc45b,217012,14.706692,Unc45b,
Cacng4,54377,15.199899,Cacng4,
Tmcc3,319880,14.825602,Tmcc3,
Psmg4,69666,14.853782,Psmg4,
Chn1,108699,14.756831,Chn1,
Thoc1,225160,14.703305,Thoc1,
Atf7,223922,16.41169,Atf7,
Nusap1,108907,14.772793,Nusap1,
Spag9,70834,15.250441,Spag9,
Eif2b2,217715,14.755068,Eif2b2,
Mrps18a,68565,14.25554,Mrps18a,
Med28,66999,14.3169,Med28,
Tbce,70430,14.337164,Tbce,
Sf3b2,319322,14.417452,Sf3b2,
Med14,26896,14.236501,Med14,
Pim3,223775,14.964741,Pim3,
Pkp4,227937,14.857587,Pkp4,
Rassf10,78748,15.253019,Rassf10,
Exoc2,66482,14.772793,Exoc2,
Mmab,77697,14.758595,Mmab,
Acaa1b,235674,21.124914,Acaa1b,
Ccl12,20293,21.124914,Ccl12,
Ppp1r10,52040,14.938125,Ppp1r10,
App,11820,14.615023,App,
Dstyk,213452,14.751554,Dstyk,
Crmp1,12933,14.870989,Crmp1,
Srrm1,51796,14.311884,Srrm1,
Plxdc1,72324,15.032674,Plxdc1,
Zw10,26951,14.299425,Zw10,
Capn5,12337,15.281735,Capn5,
Mat2a,232087,15.465738,Mat2a,
Rab3gap1,226407,14.294475,Rab3gap1,
Cdc20,107995,14.722047,Cdc20,
Recql5,170472,14.767451,Recql5,
1190002N15Rik,68861,21.084198,Dipk2a,
Srd5a3,57357,14.741062,Srd5a3,
Fabp7,12140,15.23762,Fabp7,
Hes6,55927,15.300345,Hes6,
Nomo1,211548,20.2843,Nomo1,
Abcg2,26357,15.560326,Abcg2,
Shfm1,20422,15.273976,Sem1,
0610009D07Rik,66055,21.084198,Sf3b6,
Naa20,67877,14.7289295,Naa20,
Hdac6,15185,14.508842,Hdac6,
Yipf3,28064,14.769229,Yipf3,
Sp3,20687,14.594637,Sp3,
Zfpl1,81909,14.991911,Zfpl1,
Chrna4,11438,15.295001,Chrna4,
Taf5,226182,14.241234,Taf5,
Psma4,26441,14.760362,Psma4,
Psma1,26440,14.77101,Psma1,
Osbpl11,106326,14.964741,Osbpl11,
Ptar1,72351,14.760362,Ptar1,
Ntng1,80883,15.15364,Ntng1,
Mars,216443,14.145614,Mars1,
Casp8ap2,26885,14.713493,Casp8ap2,
Gstp2,14869,22.813986,Gstp2,
Tox4,268741,15.690949,Tox4,
Crnkl1,66877,14.746298,Crnkl1,
Steap3,68428,14.853782,Steap3,
Gpr45,93690,15.004646,Gpr45,
Tsen15,66637,14.694873,Tsen15,
Xpo1,103573,15.129937,Xpo1,
Ascc3,77987,14.778158,Ascc3,
Yars2,70120,14.774578,Yars2,
Cebpb,12608,14.888425,Cebpb,
Txndc16,70561,14.755068,Txndc16,
Bag1,12017,14.765675,Bag1,
Taf2,319944,14.220066,Taf2,
Samd8,67630,14.942185,Samd8,
Rfk,54391,14.353864,Rfk,
Bcan,12032,14.870989,Bcan,
Dok4,114255,14.876775,Dok4,
Klhl25,207952,15.321943,Klhl25,
Ripk2,192656,15.026153,Ripk2,
Ift57,73916,14.248366,Ift57,
Det1,76375,14.706692,Det1,
Rnf38,73469,14.8825865,Rnf38,
Nup88,19069,14.751554,Nup88,
Dazap1,70248,14.751554,Dazap1,
Sp4,20688,14.737585,Sp4,
Dpagt1,13478,14.763902,Dpagt1,
Sars2,71984,14.853782,Sars2,
2310003H01Rik,71885,21.084198,Faap100,
Slc35f3,210027,15.341144,Slc35f3,
Utp6,216987,14.627729,Utp6,
Sorbs3,20410,14.851885,Sorbs3,
Stxbp1,20910,15.465738,Stxbp1,
Heatr3,234549,14.769229,Heatr3,
Rnh1,107702,14.803489,Rnh1,
Adamts1,23794,18.48137,Adamts1,
Kat2a,14534,14.688169,Kat2a,
Gtf2f1,98053,14.96061,Gtf2f1,
Cep350,74081,14.748047,Cep350,
Wscd1,216881,15.308403,Wscd1,
Espn,56226,14.853782,Espn,
Gapdh,14433,14.720332,Gapdh,
Nudt2,66401,14.772793,Nudt2,
Polr3c,74414,14.35128,Polr3c,
Foxred1,235169,14.820039,Foxred1,
Ap2a2,11772,15.240174,Ap2a2,
Slc35e3,215436,14.805318,Slc35e3,
Ndst1,15531,15.263388,Ndst1,
Stk38l,232533,15.088334,Stk38l,
Stx5a,56389,16.257523,Stx5a,
Cnn3,71994,15.260789,Cnn3,
Pdha1,18597,15.338383,Pdha1,
Matn2,17181,15.141735,Matn2,
Slc25a16,73132,14.785345,Slc25a16,
Psmb2,26445,14.755068,Psmb2,
Pkib,18768,14.876775,Pkib,
Tbk1,56480,14.808982,Tbk1,
Pom121,107939,15.73135,Pom121,
Fam103a1,67148,14.421245,Ramac,
Sf3b3,101943,14.248366,Sf3b3,
Utp23,78581,14.710089,Utp23,
Mtpap,67440,14.490044,Mtpap,
Letm1,56384,14.278517,Letm1,
Ppapdc1a,381925,16.462479,Plpp4,
Slu7,193116,14.190087,Slu7,
Xkr8,381560,15.292336,Xkr8,
Slc25a42,73095,14.818189,Slc25a42,
Trappc4,60409,14.76213,Trappc4,
Fam149a,212326,15.113599,Fam149a,
Wdr44,72404,14.788954,Wdr44,
Ypel2,77864,15.363438,Ypel2,
Mrpl51,66493,14.238865,Mrpl51,
Ndrg1,17988,15.305711,Ndrg1,
Tardbp,230908,15.2224,Tardbp,
Ints2,70422,14.280959,Ints2,
Pde4a,18577,15.074756,Pde4a,
Clpb,20480,13.174243,Clpb,
Sdr39u1,654795,14.749799,Sdr39u1,
Ccdc88a,108686,15.146484,Ccdc88a,
Gpx3,14778,14.778158,Gpx3,
Prpf6,68879,14.706692,Prpf6,
Yaf2,67057,14.755068,Yaf2,
Polrmt,216151,14.767451,Polrmt,
Stk3,320795,17.522753,Stk3,
Prpf8,192159,14.676516,Prpf8,
Toe1,68276,14.774578,Toe1,
Ubtd2,327900,14.77101,Ubtd2,
Surf6,20935,14.330798,Surf6,
Fam43a,224093,14.833056,Fam43a,
Zfp438,240186,20.721714,Zfp438,
Uvrag,78610,14.288315,Uvrag,
Mycbp2,105689,14.763902,Mycbp2,
Cables1,63955,14.785345,Cables1,
Ppp4r4,74521,14.805318,Ppp4r4,
Prkcsh,19089,15.000388,Prkcsh,
Pnpt1,71701,15.026153,Pnpt1,
Ralgds,19730,15.09061,Ralgds,
Tcf12,21406,14.76213,Tcf12,
Mbd3,17192,15.341144,Mbd3,
Rere,68703,15.300345,Rere,
Mrps21,66292,14.342279,Mrps21,
Sdc4,20971,14.772793,Sdc4,
Pogk,71592,16.032206,Pogk,
Zfp36l2,12193,14.880647,Zfp36l2,
Ddx46,212880,14.723763,Ddx46,
Als2,74018,14.661687,Als2,
Tet3,194388,14.82189,Tet3,
Gys1,14936,15.065784,Gys1,
Slc8a3,110893,14.790761,Slc8a3,
Zc3h18,76014,14.767451,Zc3h18,
Ltv1,353258,14.236501,Ltv1,
Trmt5,76357,14.746298,Trmt5,
D130040H23Rik,211135,21.084198,Zfp781a,
Leng9,243813,15.207356,Leng9,
Flad1,319945,14.693194,Flad1,
Capzb,12345,14.715199,Capzb,
Wdr5b,69544,16.046387,Wdr5b,
Ppfia3,76787,15.083793,Ppfia3,
Nup85,445007,14.71179,Nup85,
Atm,11920,14.781747,Atm,
Ptpn1,19246,14.908077,Ptpn1,
Syde2,214804,14.7289295,Syde2,
Zfp703,353310,20.907745,Zfp703,
Zc3h11a,70579,14.938125,Zc3h11a,
Dnajc5,13002,14.674861,Dnajc5,
Nxph4,104080,15.204866,Nxph4,
Psmb1,19170,14.77995,Psmb1,
Catsper2,212670,15.873094,Catsper2,
Large,16795,17.055033,Large1,
1110001A16Rik,68554,21.084198,Cebpzos,
Hspa5,14828,14.776367,Hspa5,
Atp1b1,11931,15.276467,Atp1b1,
Adcy6,11512,15.311101,Adcy6,
Tbc1d15,66687,14.77101,Tbc1d15,
Rbm8a,60365,14.794385,Rbm8a,
Nrbf2,641340,15.303024,Nrbf2,
Tssc1,380752,14.396978,Eipr1,
Nfatc4,73181,15.113599,Nfatc4,
Nars,70223,14.082372,Nars1,
Ubr7,66622,14.781747,Ubr7,
Cct3,12462,14.211927,Cct3,
Hcfc1,15161,15.553801,Hcfc1,
Eef1g,67160,14.930044,Eef1g,
Stim1,20866,15.303024,Stim1,
Fiz1,23877,15.98149,Fiz1,
Pvr,19294,17.145752,Pvr,
Cml1,66116,17.960428,Nat8f1,
Ppt1,19063,14.254341,Ppt1,
Wsb2,59043,14.798019,Wsb2,
Mepce,231803,15.456647,Mepce,
Limch1,77569,15.197422,Limch1,
Rabl5,67286,15.915448,Ift22,
Angel1,68737,14.808982,Angel1,
Grin2a,14811,15.295001,Grin2a,
Psmd3,22123,14.810819,Psmd3,
Tfip11,54723,14.75331,Tfip11,
Ftsj1,54632,14.9793005,Ftsj1,
Dclk1,13175,15.281735,Dclk1,
Pcyt1b,236899,15.265992,Pcyt1b,
Wnt7b,22422,15.352242,Wnt7b,
Rpl18a,19899,17.798098,Rpl18a,
Pold3,67967,14.589977,Pold3,
Gnas,14683,15.011063,Gnas,
Plk1,18817,14.781747,Plk1,
Pdzrn4,239618,14.774578,Pdzrn4,
Elmo1,140580,14.834928,Elmo1,
Hgs,15239,14.76213,Hgs,
Exoc4,20336,14.792573,Exoc4,
Nr4a1,15370,14.888425,Nr4a1,
Ache,11423,14.956493,Ache,
Mkks,59030,14.859492,Mkks,
Rnd2,11858,14.796202,Rnd2,
Exoc8,102058,14.765675,Exoc8,
Dhrs7,66375,14.805318,Dhrs7,
Otud7b,229603,14.831189,Otud7b,
Cox15,226139,15.5636,Cox15,
Zbtb25,109929,14.829325,Zbtb25,
Scx,20289,15.432711,Scx,
S1pr2,14739,14.890377,S1pr2,
Nxph3,104079,15.2452965,Nxph3,
Rnf5,54197,15.146484,Rnf5,
Bloc1s1,14533,14.888425,Bloc1s1,
Psmd1,70247,14.735849,Psmd1,
Agfg2,231801,15.065784,Agfg2,
Gcat,26912,14.309383,Gcat,
1110004F10Rik,56372,20.907745,1110004F10Rik,
Atp5j,11957,14.298495,Atp5j,
Zranb2,53861,14.75331,Zranb2,
Rnf20,109331,14.825602,Rnf20,
Tyw1,100929,15.898297,Tyw1,
Ankrd40,71452,14.851885,Ankrd40,
Polr2k,17749,14.816343,Polr2k,
Mdm2,17246,14.820039,Mdm2,
Gde1,56209,14.691516,Gde1,
Qk,19317,18.764015,Qki,
Aldoa,11674,15.66588,Aldoa,
Hn1l,52009,14.464797,Jpt2,
Nuak1,77976,14.686496,Nuak1,
Gosr1,53334,14.75331,Gosr1,
Grsf1,231413,14.807149,Grsf1,
St8sia3,20451,14.772793,St8sia3,
Htr5a,15563,15.279097,Htr5a,
B3gat3,72727,14.991911,B3gat3,
Zdhhc24,70605,15.111282,Zdhhc24,
Vim,22352,15.061319,Vim,
Pdxp,57028,15.148865,Pdxp,
Sdha,66945,13.318683,Sdha,
Fam60a,56306,14.529585,Fam60a,
Mis12,67139,14.751554,Mis12,
Ctr9,22083,14.229431,Ctr9,
Lyst,17101,14.760362,Lyst,
Eif3g,53356,14.796202,Eif3g,
Ran,19428,17.193527,Ran,
Ube2d3,66105,15.158431,Ube2d3,
Ric8,101489,18.35969,Ric8a,
Chrnb2,11444,14.884529,Chrnb2,
Crlf3,54394,14.778158,Crlf3,
Rps6ka1,20111,14.79984,Rps6ka1,
Prelid1,66494,15.287025,Prelid1,
Tbc1d10b,68449,15.534422,Tbc1d10b,
E130308A19Rik,230259,21.124914,E130308A19Rik,
Epb4.1l1,13821,19.950861,Epb4.1l1,
Cds2,110911,14.767451,Cds2,
Ppp6c,67857,14.818189,Ppp6c,
Epha10,230735,15.4356785,Epha10,
Sipa1,20469,15.394731,Sipa1,
Zfp90,22751,16.145107,Zfp90,
Etfb,110826,14.313136,Etfb,
Gpr4,319197,15.15364,Gpr4,
Brd3,67382,15.242732,Brd3,
Pex5l,58869,15.204866,Pex5l,
Mrps10,64657,14.245985,Mrps10,
Nle1,217011,14.735849,Nle1,
Psmd8,57296,14.940153,Psmd8,
Sel1l,20338,14.765675,Sel1l,
Pdcd1lg2,58205,15.836183,Pdcd1lg2,
Gtf3c1,233863,15.175347,Gtf3c1,
Nup153,218210,14.557819,Nup153,
Nutf2,68051,14.725483,Nutf2,
Cbs,12411,15.456647,Cbs,
Mreg,381269,14.831189,Mreg,
Pld1,18805,15.070263,Pld1,
Atp13a3,224088,14.7289295,Atp13a3,
Cct4,12464,14.16525,Cct4,
Mical2,320878,15.338383,Mical2,
Keap1,50868,14.880647,Keap1,
Snupn,66069,14.788954,Snupn,
Gle1,74412,14.32826,Gle1,
Supv3l1,338359,14.744551,Supv3l1,
Mcm7,17220,14.123434,Mcm7,
Sec13,110379,14.18781,Sec13,
Zfp346,26919,20.907745,Zfp346,
Casp2,12366,14.783545,Casp2,
Mapk14,26416,15.36063,Mapk14,
Heg1,77446,14.803489,Heg1,
Sec24a,77371,14.783545,Sec24a,
Arl15,218639,15.224924,Arl15,
Dnajc14,74330,14.908077,Dnajc14,
Gprin2,432839,15.391854,Gprin2,
Pnp,18950,13.6525755,Pnp,
Zfp367,238673,21.385788,Zfp367,
Zdbf2,73884,14.884529,Zdbf2,
Tmem177,66343,14.808982,Tmem177,
Arhgef1,16801,15.074756,Arhgef1,
Rgag1,209540,15.514378,Rtl9,
Ndufa2,17991,14.801664,Ndufa2,
Actr10,56444,14.763902,Actr10,
Nhp2l1,20826,16.183863,Snu13,
Zfp385a,29813,21.385788,Zfp385a,
Kctd18,51960,15.316511,Kctd18,
Lsm4,50783,14.505931,Lsm4,
Hsp90aa1,15519,15.397614,Hsp90aa1,
Hadh,15107,14.756831,Hadh,
Dnajb4,67035,14.783545,Dnajb4,
Plcxd3,239318,14.77995,Plcxd3,
Pes1,64934,15.2452965,Pes1,
Plxnc1,54712,14.857587,Plxnc1,
Abhd10,213012,15.3274,Abhd10,
9430038I01Rik,77252,21.712498,9430038I01Rik,
Dand5,23863,15.363438,Dand5,
Mettl9,59052,14.758595,Mettl9,
Ccdc85b,240514,15.151249,Ccdc85b,
Srebf2,20788,14.778158,Srebf2,
Dhx32,101437,15.335629,Dhx32,
Mettl14,210529,14.279737,Mettl14,
Ugp2,216558,15.21988,Ugp2,
Fermt3,108101,15.735085,Fermt3,
Crhr2,12922,15.281735,Crhr2,
Tor1b,30934,15.746356,Tor1b,
Lpp,210126,14.820039,Lpp,
Pdcd4,18569,14.76213,Pdcd4,
Cacna1h,58226,15.352242,Cacna1h,
Rbm28,68272,14.920013,Rbm28,
Grm4,268934,15.063549,Grm4,
Clvs1,74438,15.313804,Clvs1,
Nit2,52633,14.674861,Nit2,
Ift52,245866,14.243607,Ift52,
Ddx5,13207,14.744551,Ddx5,
Mtpn,14489,14.776367,Mtpn,
Cbx4,12418,14.785345,Cbx4,
Arfgef1,211673,14.783545,Arfgef1,
Vstm2a,211739,14.865228,Vstm2a,
Wdr4,57773,14.758595,Wdr4,
Pyroxd1,232491,14.25554,Pyroxd1,
Dmap1,66233,14.282184,Dmap1,
Iars2,381314,14.744551,Iars2,
Mfsd7b,226844,20.400923,Flvcr1,
Depdc5,277854,14.746298,Depdc5,
4930422G04Rik,71643,21.084198,Zgrf1,
Tmem214,68796,14.352571,Tmem214,
Pias2,17344,14.798019,Pias2,
Ybx2,53422,15.580097,Ybx2,
Ppp2r1b,73699,15.967995,Ppp2r1b,
Rassf4,213391,15.959076,Rassf4,
Wdr70,545085,15.12291,Wdr70,
Neto1,246317,15.260789,Neto1,
Xkr4,497097,14.801664,Xkr4,
Tollip,54473,14.776367,Tollip,
Dach1,13134,15.295001,Dach1,
Msl2,77853,15.255603,Msl2,
Rffl,67338,14.842437,Rffl,
Ak5,229949,14.778158,Ak5,
Ehbp1,216565,14.308134,Ehbp1,
Myh9,17886,15.232527,Myh9,
Il34,76527,14.872914,Il34,
Hccs,15159,17.14471,Hccs,
Cenpq,83815,15.032674,Cenpq,
Apba2,11784,15.289679,Apba2,
Pik3r2,18709,14.922014,Pik3r2,
Mxd4,17122,14.77995,Mxd4,
Meaf6,70088,14.678175,Meaf6,
Slc35a1,24060,14.778158,Slc35a1,
Sub1,20024,15.253019,Sub1,
Syt13,80976,15.06802,Syt13,
Mgat4b,103534,14.732386,Mgat4b,
Fn1,14268,15.281735,Fn1,
Rsad1,237926,14.840556,Rsad1,
Fnta,14272,14.292007,Fnta,
Rnf208,68846,14.810819,Rnf208,
Tmem18,211986,14.313136,Tmem18,
Tmed7,66676,15.052439,Tmed7,
Slc25a20,57279,14.872914,Slc25a20,
Gfm1,28030,14.7428055,Gfm1,
Lrrc40,67144,14.715199,Lrrc40,
Camkk2,207565,15.295001,Camkk2,
Fibp,58249,14.820039,Fibp,
Lsm11,72290,14.308134,Lsm11,
Vps41,218035,14.600876,Vps41,
Mettl5,75422,14.34613,Mettl5,
Sstr1,20605,15.3274,Sstr1,
Palm2,677884,15.473428,Palm2,
Slc30a7,66500,14.772793,Slc30a7,
Zfyve27,319740,14.767451,Zfyve27,
Gfm2,320806,14.744551,Gfm2,
Klk8,16624,17.243074,Klk8,
Gstt1,14871,17.14471,Gstt1,
Acat1,110446,14.267582,Acat1,
4930430F08Rik,68281,21.084198,Rlig1,
Rpa2,20017,17.055033,Rpa2,
Ankrd44,329154,14.778158,Ankrd44,
Chfr,231600,14.755068,Chfr,
D230025D16Rik,234678,21.084198,Phaf1,
2310044G17Rik,217732,21.084198,Cipc,
Uba2,50995,14.199238,Uba2,
Gpn2,100210,14.7289295,Gpn2,
Ctnnb1,12387,14.77995,Ctnnb1,
Slc30a10,226781,15.194951,Slc30a10,
Kif1c,16562,15.5153265,Kif1c,
Ubr3,68795,14.256739,Ubr3,
Cxcl16,66102,16.09481,Cxcl16,
Dgcr2,13356,14.781747,Dgcr2,
Heca,380629,14.342279,Heca,
Hlcs,110948,14.792573,Hlcs,
Smarca4,20586,15.481031,Smarca4,
Efemp2,58859,15.7769,Efemp2,
Foxk1,17425,14.807149,Foxk1,
Tnpo3,320938,14.792573,Tnpo3,
Hnrnph3,432467,14.75331,Hnrnph3,
Actr8,56249,14.769229,Actr8,
Meox1,17285,14.818189,Meox1,
Anxa2,12306,15.242732,Anxa2,
Gpc2,71951,15.202379,Gpc2,
Ampd2,109674,15.287025,Ampd2,
Wnt4,22417,14.535328,Wnt4,
Zfp68,24135,21.712498,Zfp68,
Mterf,545725,15.972783,Mterf1a,
Eps8,13860,15.289679,Eps8,
Ramp1,51801,14.880647,Ramp1,
Fam57b,68952,14.647479,Tlcd3b,
Nob1,57915,17.586458,Nob1,
Asb13,142688,15.321943,Asb13,
Acaa2,52538,14.758595,Acaa2,
Wdr1,22388,14.737585,Wdr1,
Inpp5b,16330,14.7428055,Inpp5b,
Ccdc59,52713,14.778158,Ccdc59,
Apaf1,11783,14.774578,Apaf1,
Dzip1l,72507,15.33288,Dzip1l,
Spata13,219140,14.82189,Spata13,
Arid2,77044,14.76213,Arid2,
Zscan12,22758,16.58663,Zscan12,
Tpbg,21983,14.825602,Tpbg,
Tmem41b,233724,14.796202,Tmem41b,
Cacna1i,239556,15.300345,Cacna1i,
Sdad1,231452,14.744551,Sdad1,
Cdc5l,71702,14.748047,Cdc5l,
Ccdc111,408022,16.138899,Primpol,
Hddc2,69692,14.746298,Hddc2,
Anapc11,66156,14.880647,Anapc11,
Lsp1,16985,15.284377,Lsp1,
Ggt5,23887,15.335629,Ggt5,
Cul4b,72584,14.76213,Cul4b,
Zdhhc13,243983,14.792573,Zdhhc13,
Cdk5rap3,80280,14.803489,Cdk5rap3,
Apbb3,225372,14.829325,Apbb3,
Ndufs2,226646,14.765675,Ndufs2,
Srp19,66384,14.003524,Srp19,
Usp33,170822,14.767451,Usp33,
Cox11,69802,14.696556,Cox11,
Spg21,27965,14.763902,Spg21,
Sox3,20675,15.194951,Sox3,
Gramd1c,207798,14.755068,Gramd1c,
Acp1,11431,14.663327,Acp1,
Crym,12971,14.792573,Crym,
1700088E04Rik,27660,22.149912,1700088E04Rik,
Kcnb2,98741,15.21988,Kcnb2,
Usp37,319651,14.796202,Usp37,
Ddit3,ENSMUSG00000116429,14.922014,Ddit3,
Nhlh2,18072,15.09061,Nhlh2,
Igf2,27547,15.790516,Igf2,
Polr2h,245841,14.693194,Polr2h,
Nampt,59027,15.263388,Nampt,
Dusp19,68082,15.250441,Dusp19,
Dnmbp,71972,14.886476,Dnmbp,
Atl2,56298,14.876775,Atl2,
Nudt18,213484,14.855682,Nudt18,
Adi1,104923,14.225912,Adi1,
Sh2b2,23921,15.197422,Sh2b2,
Slitrk2,245450,14.796202,Slitrk2,
Slc3a2,17254,15.641285,Slc3a2,
Zbed3,72114,16.246387,Zbed3,
Gm2382,100039707,21.084198,Mthfsl,
Dnaja1,15502,14.865228,Dnaja1,
Cdv3,321022,14.765675,Cdv3,
Golga4,54214,14.805318,Golga4,
Fgfr1,14182,15.308403,Fgfr1,
Gdpd1,68083,18.049635,Gdpd1,
Rint1,72772,14.283406,Rint1,
Wdr33,74320,14.30315,Wdr33,
Adamts6,108154,14.810819,Adamts6,
Slc4a3,20536,14.812657,Slc4a3,
Thyn1,77862,14.77995,Thyn1,
Smg1,233789,14.684829,Smg1,
Dnmt3a,13435,15.394731,Dnmt3a,
Dync1li2,234663,14.776367,Dync1li2,
Lrrc47,72946,14.772793,Lrrc47,
Arsb,57277,16.43461,Arsb,
Hmg20a,66867,14.765675,Hmg20a,
Mfn2,170731,14.783545,Mfn2,
Tmod3,50875,15.932678,Tmod3,
Itgb1bp1,16413,14.778158,Itgb1bp1,
Ccdc22,54638,14.994026,Ccdc22,
Brd1,223770,15.268604,Brd1,
Trappc2l,59005,14.718618,Trappc2l,
Mtmr4,170749,14.767451,Mtmr4,
Fbxo8,50753,14.812657,Fbxo8,
Sgsm1,52850,15.268604,Sgsm1,
Agpat4,68262,14.774578,Agpat4,
Heatr1,217995,14.774578,Heatr1,
Rom1,19881,16.018175,Rom1,
Tmsb4x,19241,15.013207,Tmsb4x,
Ccdc84,382073,13.946918,Cenatac,
Dirc2,224132,14.227795,Slc49a4,
Sox21,20665,15.878546,Sox21,
Dgcr8,94223,14.794385,Dgcr8,
Kdr,16542,14.763902,Kdr,
Nol4,319211,15.297668,Nol4,
Wdr53,68980,14.763902,Wdr53,
Eif1ad,69860,15.013207,Eif1ad,
Ythdf2,213541,14.77995,Ythdf2,
Arl6ip6,65103,15.097465,Arl6ip6,
Clp1,192231,17.798098,Clp1,
Etnk1,75320,14.783545,Etnk1,
Zfp160,224585,20.2843,Zfp160,
Fbxo31,67141,18.24816,Fbxo31,
Grpel1,17713,14.769229,Grpel1,
Slc27a2,26458,15.5636,Slc27a2,
Tmx3,67988,14.596194,Tmx3,
Gmpr2,105446,15.111282,Gmpr2,
Luc7l,66978,14.746298,Luc7l,
Ptpn21,24000,14.77995,Ptpn21,
Tmem132c,208213,15.423847,Tmem132c,
Cstf3,228410,14.744551,Cstf3,
1600012H06Rik,67912,22.149912,1600012H06Rik,
Ercc5,22592,15.106662,Ercc5,
Usp9x,22284,15.409207,Usp9x,
Arl6,80981,17.403778,Arl6,
Lhx9,16876,14.796202,Lhx9,
Eif4e,13684,15.168071,Eif4e,
Prdx5,11758,17.798098,Prdx5,
D19Bwg1357e,52874,21.084198,Pum3,
Cyth2,19158,15.158431,Cyth2,
Dpp7,83768,14.844321,Dpp7,
Psmc6,67089,14.722047,Psmc6,
Pitpnm2,19679,15.148865,Pitpnm2,
Eprs,107508,14.096703,Eprs1,
Ccl25,20300,16.235346,Ccl25,
Gls2,216456,15.773045,Gls2,
Armc9,78795,15.118246,Armc9,
Gatad2a,234366,15.279097,Gatad2a,
Mrps12,24030,14.744551,Mrps12,
Triap1,69076,14.756831,Triap1,
Pigf,18654,17.960428,Pigf,
Hspg2,15530,14.818189,Hspg2,
Chst11,58250,14.801664,Chst11,
Pgrmc1,53328,14.867146,Pgrmc1,
Mrpl44,69163,14.240048,Mrpl44,
Fam57a,116972,14.445957,Tlcd3a,
Inpp5j,170835,15.263388,Inpp5j,
Hspd1,15510,14.748047,Hspd1,
Ywhag,22628,15.287025,Ywhag,
Pnkd,56695,15.045816,Pnkd,
Sphkap,77629,14.827461,Sphkap,
Tle3,21887,15.32467,Tle3,
Npl,74091,14.769229,Npl,
Mtif2,76784,14.749799,Mtif2,
Hibch,227095,14.2957115,Hibch,
Sat1,231583,16.138899,Sat1,
Nipsnap3b,66536,19.236986,Nipsnap3b,
Jazf1,231986,15.199899,Jazf1,
Clcn3,12725,14.778158,Clcn3,
H2afv,77605,17.461943,H2az2,
Gpr107,277463,15.081528,Gpr107,
Mto1,68291,14.713493,Mto1,
Wdr91,101240,14.758595,Wdr91,
Txnrd1,50493,15.297668,Txnrd1,
Abhd8,64296,15.268604,Abhd8,
Fam69c,240479,14.265401,Dipk1c,
Hist2h2bb,319189,19.950861,H2bc18,
Ubn2,320538,15.27384,Ubn2,
Ndufb5,66046,14.760362,Ndufb5,
Bsg,12215,14.283406,Bsg,
Mbd6,110962,15.141735,Mbd6,
Pla2g3,237625,14.922014,Pla2g3,
Hmg20b,15353,14.792573,Hmg20b,
Gpr75,237716,14.82189,Gpr75,
Fggy,75578,14.746298,Fggy,
Gli2,14633,15.276467,Gli2,
Scarb2,12492,15.258193,Scarb2,
Polr2b,231329,14.737585,Polr2b,
Serpinb9,20723,16.7232,Serpinb9,
Dhx29,218629,14.76213,Dhx29,
Gas8,104346,14.414741,Gas8,
Cdh18,320865,15.271219,Cdh18,
Akna,100182,14.888425,Akna,
Ighmbp2,20589,14.760362,Ighmbp2,
Snx15,69024,15.088334,Snx15,
Adcy7,11513,14.76213,Adcy7,
Sh3bp5l,79566,15.583423,Sh3bp5l,
Gatc,384281,12.910668,Gatc,
Slc35f5,74150,15.111282,Slc35f5,
Ptch1,19206,14.765675,Ptch1,
1500009L16Rik,69784,21.385788,1500009L16Rik,
Nfya,18044,15.09061,Nfya,
Mmd,67468,14.338441,Mmd,
Rnf216,108086,14.801664,Rnf216,
Ern1,26918,16.85198,Ern1,
Ercc4,50505,14.718618,Ercc4,
Map2k1,26395,14.755068,Map2k1,
A430078G23Rik,102098,21.084198,Arhgef18,
Srprb,20818,15.0860615,Srprb,
Kras,16653,14.831189,Kras,
Pold1,18971,14.562366,Pold1,
Mki67,17345,14.908077,Mki67,
Pacsin1,23969,15.292336,Pacsin1,
Zfp334,228876,21.124914,Zfp334,
Hspa14,50497,14.808982,Hspa14,
Cdc14b,218294,14.910059,Cdc14b,
Jph1,57339,15.319224,Jph1,
Cln5,211286,14.723763,Cln5,
Gucy1a3,60596,14.439737,Gucy1a1,
Agap3,213990,14.842437,Agap3,
Gyg,27357,17.960428,Gyg1,
Gls,216456,16.814821,Gls,
Rilp,280408,14.930044,Rilp,
Xkr7,228787,15.305711,Xkr7,
Noc3l,57753,14.765675,Noc3l,
Igf1,16000,14.77995,Igf1,
Rbm25,67039,15.217366,Rbm25,
Rgs8,67792,15.063549,Rgs8,
Atp5j2,57423,14.509815,Atp5mf,
Prune,229589,17.243074,Prune1,
Itgb5,16419,14.778158,Itgb5,
Tmem39a,67846,14.77995,Tmem39a,
D930015E06Rik,229473,21.084198,Tmem131l,
Vac14,234729,14.772793,Vac14,
Cntnap5a,636808,17.248306,Cntnap5a,
Epc1,13831,15.2452965,Epc1,
Wdyhv1,76773,13.714908,Ntaq1,
Nkd2,72293,16.075224,Nkd2,
Ica1,15893,14.798019,Ica1,
Map2k3,26397,15.397614,Map2k3,
Psmb10,19171,15.391854,Psmb10,
Ide,15925,14.267582,Ide,
Eya3,14050,14.810819,Eya3,
Rgs6,50779,14.859492,Rgs6,
Tspan7,21912,14.798019,Tspan7,
Ufm1,67890,14.248366,Ufm1,
Agbl5,231093,14.790761,Agbl5,
Rprd1a,225283,15.21988,Rprd1a,
Rbm27,225432,14.781747,Rbm27,
Nfil3,18030,14.790761,Nfil3,
Rbm26,74213,14.749799,Rbm26,
Dnpep,13437,14.758595,Dnpep,
Cmklr1,14747,14.765675,Cmklr1,
Pin4,69713,14.710089,Pin4,
Fgf13,14168,15.357829,Fgf13,
Igfbp3,16009,14.863313,Igfbp3,
Uqcrc2,67003,17.29714,Uqcrc2,
Emg1,14791,14.710089,Emg1,
Cpsf2,51786,14.300665,Cpsf2,
Dtymk,21915,14.748047,Dtymk,
Tead2,21677,15.972478,Tead2,
Ccdc92,215707,14.79984,Ccdc92,
Tmem30a,69981,15.120575,Tmem30a,
1500012F01Rik,68949,21.084198,Zfas1,
Pacsin3,80708,14.812657,Pacsin3,
Dync1h1,13424,14.758595,Dync1h1,
Cirh1a,21771,16.490938,Utp4,
Asnsd1,110599589,17.403778,Asnsd1,
Ppp2r2a,71978,15.295001,Ppp2r2a,
Golt1b,66964,15.212351,Golt1b,
Sgsh,27029,14.321938,Sgsh,
Col5a2,12832,15.23507,Col5a2,
Lin28b,380669,14.831189,Lin28b,
Meis3,17537,15.15364,Meis3,
Klhl12,240756,15.017509,Klhl12,
Prkar1b,19085,14.851885,Prkar1b,
Atp7a,11979,17.653353,Atp7a,
Adar,56417,14.347415,Adar,
Cby1,73739,14.769229,Cby1,
Wdr43,72515,14.7289295,Wdr43,
Mtif3,76366,14.77101,Mtif3,
Tmem14c,66154,16.55111,Tmem14c,
Cab39l,69008,14.829325,Cab39l,
Cdkl3,213084,15.844295,Cdkl3,
Oraov1,72284,14.367253,LTO1,
Mat2b,108645,14.767451,Mat2b,
Son,20658,14.805318,Son,
Dennd4a,102442,14.735849,Dennd4a,
Gabpb2,213054,15.557058,Gabpb2,
Spock2,94214,14.820039,Spock2,
Grin1,14810,15.303024,Grin1,
Pepd,18624,14.364248,Pepd,
Nfasc,269116,15.182663,Nfasc,
Mutyh,70603,14.77995,Mutyh,
Rabep1,54189,14.774578,Rabep1,
Ldhb,16832,15.33288,Ldhb,
Kalrn,545156,15.397614,Kalrn,
Nid1,18073,15.319224,Nid1,
Zfp317,244713,20.907745,Zfp317,
Pcdhb22,93893,21.124914,Pcdhb22,
Hnrnpr,74326,15.10897,Hnrnpr,
Shc1,20416,14.818189,Shc1,
Akt2,11652,15.017509,Akt2,
Urgcp,72046,16.344221,Urgcp,
Bad,12015,15.804229,Bad,
Rabgap1,227800,15.156033,Rabgap1,
Dhx9,13211,14.796202,Dhx9,
Stx18,71116,14.75331,Stx18,
Idh3a,67834,14.254341,Idh3a,
Cald1,109624,15.253019,Cald1,
Rpl13a,22121,14.386594,Rpl13a,
A430005L14Rik,97159,21.712498,A430005L14Rik,
Marcksl1,17357,15.383263,Marcksl1,
Zbtb5,230119,15.182663,Zbtb5,
Vps53,68299,14.206143,Vps53,
Trim41,211007,15.672994,Trim41,
Zfp512,269639,20.907745,Zfp512,
Prss23,76453,14.720332,Prss23,
Tnfaip1,21927,14.859492,Tnfaip1,
Tmem184c,234463,14.723763,Tmem184c,
Nmnat2,226518,14.767451,Nmnat2,
Ldlrad3,241576,14.760362,Ldlrad3,
Csrnp1,215418,15.289679,Csrnp1,
Myo1e,17913,15.6919985,Myo1e,
Als2cl,235633,15.316511,Als2cl,
Arfgap2,77038,14.787148,Arfgap2,
Rab30,75985,14.492917,Rab30,
Mrpl20,66448,14.217735,Mrpl20,
Paip1,218693,14.444895,Paip1,
4921524J17Rik,66714,21.712498,4921524J17Rik,
Igsf21,230868,15.297668,Igsf21,
Peg10,170676,16.104715,Peg10,
Il20rb,213208,15.308403,Il20rb,
Nol3,78688,16.202778,Nol3,
Braf,110709,18.24816,Braf,
Rars2,109093,14.763902,Rars2,
Wdr76,241627,14.825602,Wdr76,
Ccnl1,56706,15.165653,Ccnl1,
Arhgap29,214137,15.308403,Arhgap29,
Bnip2,12175,14.7428055,Bnip2,
Gmppa,69080,14.589977,Gmppa,
Ephb2,13844,15.316511,Ephb2,
Srl,106393,14.425626,Srl,
Rac1,19353,14.551785,Rac1,
Rbbp5,213464,14.248366,Rbbp5,
Med16,216154,14.300665,Med16,
Gmcl1,23885,14.834928,Gmcl1,
Sfxn3,94280,14.816343,Sfxn3,
Rxfp1,381489,14.737585,Rxfp1,
Pfdn1,67199,14.353864,Pfdn1,
Cpne3,70568,14.892332,Cpne3,
Vav2,22325,14.816343,Vav2,
Sptlc1,268656,14.796202,Sptlc1,
Arhgap26,ENSMUSG00000118193,15.204866,Arhgap26,
Mrpl10,107732,14.248366,Mrpl10,
Iqcg,69707,14.849989,Iqcg,
Tars,110960,14.222507,Tars1,
Ltbp3,16998,15.083793,Ltbp3,
Col23a1,237759,15.502751,Col23a1,
Psma7,26444,15.265992,Psma7,
Map2k5,23938,14.748047,Map2k5,
Sncb,104069,14.833056,Sncb,
Bscl2,14705,15.2452965,Bscl2,
Eml3,225898,14.996142,Eml3,
Ube2g2,22213,14.767451,Ube2g2,
Tnc,21924,15.571004,Tnc,
Tmed9,67511,15.423847,Tmed9,
Ppib,19035,14.309383,Ppib,
Phgdh,236539,14.820039,Phgdh,
Abhd4,105501,15.120575,Abhd4,
Bzrap1,207777,17.348036,Bzrap1,
Neo1,18007,15.146484,Neo1,
Larp4b,ENSMUSG00000120803,14.431101,Larp4b,
Nhlrc1,105193,15.160834,Nhlrc1,
Lst1,16988,16.134892,Lst1,
Rab5c,19345,14.807149,Rab5c,
Zyg11b,414872,15.788542,Zyg11b,
Rtkn,20166,15.366252,Rtkn,
Kif1a,16560,15.300345,Kif1a,
Rps6ka6,67071,15.409207,Rps6ka6,
Dennd4b,229541,15.284377,Dennd4b,
Tanc1,66860,15.217366,Tanc1,
Rgp1,242406,14.722047,Rgp1,
Nudt3,56409,15.4356785,Nudt3,
Cd2bp2,70233,15.081528,Cd2bp2,
9130011E15Rik,71617,21.084198,Armh3,
Pdyn,18610,14.836801,Pdyn,
Csnk1e,27373,15.063549,Csnk1e,
Sfxn4,94281,14.898214,Sfxn4,
Prmt5,27374,14.918017,Prmt5,
Ncor1,20185,14.767451,Ncor1,
Ip6k2,76500,15.268604,Ip6k2,
Ppp1r1b,19049,14.827461,Ppp1r1b,
Acsbg1,94180,14.985591,Acsbg1,
Hps4,192232,14.285857,Hps4,
Man2c1,73744,14.776367,Man2c1,
Arl13b,68146,14.798019,Arl13b,
Rhoa,11848,15.34391,Rhoa,
Mapk1ip1l,218975,15.335629,Mapk1ip1l,
Myo19,66196,15.168071,Myo19,
Sv2b,64176,15.355033,Sv2b,
Dnase2a,13423,21.385788,Dnase2a,
Cachd1,320508,14.749799,Cachd1,
Ogdhl,239017,14.880647,Ogdhl,
Rnf13,24017,14.767451,Rnf13,
Lpin1,14245,15.2452965,Lpin1,
Rprml,104582,15.019665,Rprml,
Med7,66213,14.209611,Med7,
Mpdz,17475,15.139367,Mpdz,
Fndc4,64339,15.352242,Fndc4,
Pdhb,68263,14.1731,Pdhb,
Rtbdn,234542,15.160834,Rtbdn,
Ppig,228005,14.688169,Ppig,
Naa38,76522,17.723768,Naa38,
B4galt2,53418,14.805318,B4galt2,
Rab28,100972,14.763902,Rab28,
Nrip3,78593,15.2452965,Nrip3,
Cbln4,228942,14.792573,Cbln4,
Dlx2,13392,15.383263,Dlx2,
C1qa,12259,15.194951,C1qa,
Gltpd1,79554,15.825035,Cptp,
Myo1c,17913,15.207356,Myo1c,
Uxs1,67883,14.7289295,Uxs1,
Grn,245839,16.206926,Grn,
Cyp2j9,74519,21.385788,Cyp2j9,
Aplp1,11803,15.125248,Aplp1,
Slc9a3r2,65962,13.8677225,Slc9a3r2,
Sfrs18,66625,17.653353,Pnisr,
Slc31a2,20530,14.77995,Slc31a2,
Sertad2,58172,15.321943,Sertad2,
Src,20779,14.801664,Src,
Sgtb,218544,14.748047,Sgtb,
Ntrk3,18213,15.279097,Ntrk3,
Foxq1,15220,15.45363,Foxq1,
Exoc5,105504,14.748047,Exoc5,
Ctdspl,69274,15.308403,Ctdspl,
Gabarapl1,57436,15.5153265,Gabarapl1,
Thrsp,21835,15.371898,Thrsp,
Parp16,214424,14.485744,Parp16,
Zbtb6,241322,15.335629,Zbtb6,
Bdh1,71911,14.801664,Bdh1,
Aoc2,237940,15.441635,Aoc2,
Trim8,93679,15.2452965,Trim8,
Ugcg,22234,14.778158,Ugcg,
Erc1,111173,15.148865,Erc1,
Kdelr1,68137,15.792447,Kdelr1,
Rundc1,217201,14.788954,Rundc1,
B230219D22Rik,78521,21.712498,B230219D22Rik,
Cog3,338337,14.181001,Cog3,
Endog,13804,14.412033,Endog,
3110009E18Rik,73103,22.813986,3110009E18Rik,
Slc16a13,69309,15.212351,Slc16a13,
Nmral1,67824,15.481031,Nmral1,
Neu1,18011,17.653353,Neu1,
Las1l,76130,14.783545,Las1l,
Abat,268860,14.769229,Abat,
Rnf219,72486,14.106342,Obi1,
Vcpip1,70675,14.788954,Vcpip1,
Tpx2,13164,17.193527,Tpx2,
Il13ra1,16164,14.97721,Il13ra1,
Kdm2a,104263,15.953397,Kdm2a,
Magel2,27385,16.240856,Magel2,
Kcnj4,16520,15.092891,Kcnj4,
Tesc,57816,15.27384,Tesc,
Mynn,80732,14.836801,Mynn,
Zfp688,69234,21.124914,Zfp688,
Ttll7,70892,14.746298,Ttll7,
Tk2,57813,14.808982,Tk2,
Ddx55,67848,14.739323,Ddx55,
Nhlrc3,212114,15.163241,Nhlrc3,
Mapk4,50772,17.243074,Mapk4,
Opa3,403187,15.028322,Opa3,
Leprel2,14789,15.86047,P3h3,
Arrb2,216869,15.593448,Arrb2,
Ppp2cb,19053,15.048021,Ppp2cb,
Arhgap12,75415,15.279097,Arhgap12,
Zkscan14,67235,21.712498,Zkscan14,
St6galnac2,ENSMUSG00000110170,15.045816,St6galnac2,
Cox4i1,12857,15.727623,Cox4i1,
Cacna1d,12289,15.202379,Cacna1d,
Mras,17532,15.27384,Mras,
Eml6,237711,15.104356,Eml6,
Rdm1,66599,15.099758,Rdm1,
Dynll2,68097,15.313804,Dynll2,
Ebp,13595,15.072507,Ebp,
Atp9a,11981,15.099758,Atp9a,
Hmga1,15361,15.397614,Hmga1,
Itpk1,217837,15.202379,Itpk1,
Tsc2,22084,14.674861,Tsc2,
Gnl2,230737,14.741062,Gnl2,
Zkscan2,210162,16.119715,Zkscan2,
Fahd2a,68126,15.471834,Fahd2a,
Nhs,195727,15.207356,Nhs,
Napg,108123,14.892332,Napg,
Arid1b,239985,14.723763,Arid1b,
Tradd,71609,14.79984,Tradd,
Hadhb,231086,14.763902,Hadhb,
Rsph4a,212892,14.75331,Rsph4a,
Nup50,78482,18.049635,Nup50,
Smarcc1,20588,15.260789,Smarcc1,
Zfp202,80902,21.385788,Zfp202,
Nop14,75416,14.671555,Nop14,
Zfp618,72701,20.559002,Zfp618,
Nup98,269966,14.774578,Nup98,
Vegfb,22340,15.911084,Vegfb,
Rnaseh2a,69724,15.000388,Rnaseh2a,
Zfp280b,64453,21.124914,Zfp280b,
Secisbp2l,70354,14.758595,Secisbp2l,
Sh3gl3,20408,15.338383,Sh3gl3,
Rsc1a1,69994,16.930948,Rsc1a1,
Cs,12974,14.801664,Cs,
Ntng2,171171,15.168071,Ntng2,
Rwdd4a,192174,21.712498,Rwdd4a,
Gli1,14632,14.842437,Gli1,
Bub3,12237,14.229431,Bub3,
Chrm2,243764,15.289679,Chrm2,
Atp8a2,50769,14.859492,Atp8a2,
Cdr1,ENSMUSG00000090546,17.018295,Cdr1,
Wnk2,75607,14.805318,Wnk2,
Slc1a5,20514,15.095176,Slc1a5,
Max,17187,14.324463,Max,
Pogz,229584,15.319224,Pogz,
Fam136a,66488,14.833056,Fam136a,
Timm23,53600,17.754612,Timm23,
Ptbp2,56195,15.258193,Ptbp2,
Vat1l,270097,14.785345,Vat1l,
Arl1,104303,14.1776085,Arl1,
Rgs17,56533,14.794385,Rgs17,
Dnajb9,27362,15.253019,Dnajb9,
Cad,16365,14.983633,Cad,
Kif5a,16572,15.509024,Kif5a,
1810041L15Rik,72301,21.084198,Shisal1,
Zic2,22772,15.341144,Zic2,
S100a16,67860,15.474893,S100a16,
Them4,75778,15.319224,Them4,
Snrpd3,67332,15.09061,Snrpd3,
Exoc3,211446,14.77995,Exoc3,
Mmaa,109136,14.767451,Mmaa,
Mrps17,66258,14.27243,Mrps17,
Phldb1,102693,15.292336,Phldb1,
Prr3,75210,16.13999,Prr3,
Hexa,15211,14.90215,Hexa,
Prpf3,70767,14.790761,Prpf3,
Rgs7bp,52882,15.287025,Rgs7bp,
Tbc1d2b,67016,14.772793,Tbc1d2b,
Sh3bp4,98402,15.151249,Sh3bp4,
Exd2,97827,14.347415,Exd2,
Tmem50b,77975,15.202379,Tmem50b,
Zfp280d,235469,21.124914,Zfp280d,
Fkbp5,14229,14.859492,Fkbp5,
Nsun6,74455,14.75331,Nsun6,
Zfp365,216049,21.385788,Zfp365,
Setdb2,239122,15.00892,Setdb2,
Dnajc11,230935,15.232527,Dnajc11,
Tmed2,56334,14.788954,Tmed2,
Zfp467,68910,21.124914,Zfp467,
Phyhd1,227696,14.341001,Phyhd1,
Incenp,16319,14.522018,Incenp,
Cdt1,67177,14.76213,Cdt1,
9430015G10Rik,230996,21.712498,9430015G10Rik,
Tnpo1,238799,14.77995,Tnpo1,
Triobp,110253,15.450622,Triobp,
Cand2,67088,15.357829,Cand2,
1700001L19Rik,69315,21.084198,Cfap90,
Lcor,212391,14.801664,Lcor,
Med13,327987,15.23762,Med13,
Carm1,59035,14.848097,Carm1,
Mtfr1,67472,14.77101,Mtfr1,
Kiss1r,114229,15.898297,Kiss1r,
Kcnc3,16504,16.041643,Kcnc3,
Mmadhc,109129,15.289679,Mmadhc,
Mettl1,17299,14.892332,Mettl1,
Kbtbd3,69149,14.756831,Kbtbd3,
Pcp4l1,66425,15.45363,Pcp4l1,
Cpne5,240058,15.8648,Cpne5,
Dnm1,13429,15.129937,Dnm1,
Sec62,69276,14.638949,Sec62,
Ik,24010,14.774578,Ik,
Ankrd13b,268445,14.831189,Ankrd13b,
Thrap3,230753,15.316511,Thrap3,
Asah1,11886,15.253019,Asah1,
Zcchc7,319885,14.505931,Zcchc7,
Ak3,11639,17.723768,Ak3,
Immt,76614,14.756831,Immt,
Snapc2,102209,15.0860615,Snapc2,
Rbm4b,66704,17.484127,Rbm4b,
Asna1,56495,14.409055,Get3,
Ccng1,12450,14.808982,Ccng1,
Oat,18242,14.342279,Oat,
Ttll12,223723,14.304395,Ttll12,
Agrn,11603,14.767451,Agrn,
Map3k5,26408,14.814498,Map3k5,
Mrto4,69902,14.77101,Mrto4,
Bckdhb,12040,14.270004,Bckdhb,
Bptf,207165,14.842437,Bptf,
Efhc2,74405,14.790761,Efhc2,
Ccdc77,67200,14.755068,Ccdc77,
Gtf2a2,235459,14.778158,Gtf2a2,
Usp11,236733,15.253019,Usp11,
Slc25a4,11739,14.787148,Slc25a4,
Maged2,80884,16.601116,Maged2,
Slc44a5,242259,15.279097,Slc44a5,
Mbp,19074,16.490938,Mbp,
Il17rc,171095,15.070263,Il17rc,
Grtp1,66790,15.303024,Grtp1,
Pea15a,18611,21.385788,Pea15a,
Gtf3c2,71752,14.825602,Gtf3c2,
Mrpl42,67270,14.333341,Mrpl42,
Zmat4,320158,15.276467,Zmat4,
Kcnq5,226922,15.313804,Kcnq5,
Tubg1,103733,14.968885,Tubg1,
Haus1,225745,14.781747,Haus1,
Tada2b,231151,14.763902,Tada2b,
Kpnb1,16211,14.781747,Kpnb1,
Crhbp,12919,14.89625,Crhbp,
Slc6a1,232333,15.300345,Slc6a1,
Npb,208990,15.059093,Npb,
Brsk2,75770,15.281735,Brsk2,
Ezr,22350,15.311101,Ezr,
Smpdl3a,57319,14.727205,Smpdl3a,
Alg6,320438,14.66005,Alg6,
Zdhhc18,503610,15.292336,Zdhhc18,
Ikzf4,22781,14.874843,Ikzf4,
Flnb,286940,15.23762,Flnb,
Creld1,171508,15.292336,Creld1,
Spock3,72902,14.844321,Spock3,
Ccrn4l,12457,15.934288,Noct,
Mpp1,240641,18.145218,Mpp1,
Lsm12,268490,15.380411,Lsm12,
Atp2b1,67972,15.305711,Atp2b1,
Cox6b1,110323,16.97875,Cox6b1,
Arl6ip4,65105,14.776367,Arl6ip4,
Jag2,16450,15.281735,Jag2,
Trip13,69716,14.75331,Trip13,
Cnp,18159,17.653353,Cnp,
Tmem131,56030,14.300665,Tmem131,
Mdh2,17448,14.222402,Mdh2,
Ptcd3,69956,14.751554,Ptcd3,
Pik3ip1,216505,14.75331,Pik3ip1,
Vasn,246154,15.346683,Vasn,
Tm2d3,68634,14.785345,Tm2d3,
Fbxl20,72194,14.848097,Fbxl20,
Fgf18,14172,15.303024,Fgf18,
Gcdh,270076,15.400502,Gcdh,
Mtg1,212508,14.691516,Mtg1,
Nsg2,18197,14.769229,Nsg2,
Trim2,80890,15.255603,Trim2,
Ctage5,338320,14.170756,Mia2,
Fdft1,14137,14.787148,Fdft1,
Fkbp15,338355,15.27384,Fkbp15,
Fbxo7,69754,14.776367,Fbxo7,
Clns1a,12729,14.749799,Clns1a,
Bmpr1a,12166,15.242732,Bmpr1a,
A430033K04Rik,243308,21.385788,A430033K04Rik,
Tnrc18,231861,14.849989,Tnrc18,
Ptges3,56351,15.263388,Ptges3,
Etf1,225363,15.088334,Etf1,
Mcee,73724,14.673205,Mcee,
Foxo6,329934,15.45967,Foxo6,
Ppia,268373,15.054654,Ppia,
Crlf2,57914,15.477959,Crlf2,
Usp25,30940,14.77995,Usp25,
Mtmr3,74302,14.783545,Mtmr3,
Nsmaf,18201,14.751554,Nsmaf,
Ddi2,68817,15.165653,Ddi2,
AW011738,100382,22.813986,AW011738,
Grm8,14823,15.388985,Grm8,
Fam193a,231128,14.798019,Fam193a,
Robo1,19876,14.605575,Robo1,
Lbr,98386,14.353864,Lbr,
Fam101b,76566,17.653353,Rflnb,
Pdlim2,213019,14.890377,Pdlim2,
Adss,11565,14.298495,Adss,
Sema6b,20359,15.383263,Sema6b,
Lars2,102436,14.76213,Lars2,
Ak1,11636,14.377348,Ak1,
Fkbp8,14232,14.778158,Fkbp8,
Anxa6,11749,14.805318,Anxa6,
Rnf112,22671,16.036915,Rnf112,
Jag1,16449,15.202379,Jag1,
Nkain4,58237,15.041421,Nkain4,
Ube2f,67921,14.810819,Ube2f,
Soat1,20652,14.77995,Soat1,
Sepn1,74777,14.590702,Selenon,
Msl3l2,73390,20.907745,Msl3l2,
Rab1b,76308,15.881441,Rab1b,
Ube2t,67196,14.781747,Ube2t,
Sfxn1,14057,14.851885,Sfxn1,
Phkg2,68961,15.148865,Phkg2,
Zfp142,77264,20.907745,Zfp142,
1110065P20Rik,68920,21.385788,1110065P20Rik,
Armc2,213402,14.730656,Armc2,
Arrdc4,66412,15.242732,Arrdc4,
Gpr108,78308,15.769197,Gpr108,
Tro,56191,16.988523,Tro,
Sertad3,170742,15.36063,Sertad3,
Rarg,19411,15.4356785,Rarg,
Erlin2,244373,14.892332,Erlin2,
Twistnb,28071,13.888113,Polr1f,
Edil3,13612,15.258193,Edil3,
Topors,106021,14.930044,Topors,
Psmb7,19177,14.758595,Psmb7,
Osbp,76303,14.559335,Osbp,
Lor,30956,15.5566225,Lor,
Gas2,14453,15.120575,Gas2,
Vps37d,194309,14.796202,Vps37d,
Sall1,58198,15.300345,Sall1,
Sgsm2,97761,14.838676,Sgsm2,
Camkv,235604,15.27384,Camkv,
Npm1,14609,17.461943,Npm1,
Kifc1,100502766,15.052439,Kifc1,
Stard4,170459,15.070263,Stard4,
Por,18984,15.212351,Por,
Fbxo25,66822,14.776367,Fbxo25,
Sumo1,22218,14.788954,Sumo1,
Taf15,70439,14.798019,Taf15,
Dll3,13389,15.78077,Dll3,
Coq5,52064,14.087129,Coq5,
Tmem229b,268567,14.765675,Tmem229b,
Pop5,117109,14.256739,Pop5,
Pls3,102866,14.93206,Pls3,
Gpc5,103978,15.45967,Gpc5,
Wwox,80707,14.342279,Wwox,
Glrx3,30926,14.718618,Glrx3,
Pcgf6,71041,14.77101,Pcgf6,
Abcb6,74104,15.242732,Abcb6,
Sap30bp,57230,14.744551,Sap30bp,
Aup1,11993,14.794385,Aup1,
Tmeff2,56363,15.321943,Tmeff2,
Trank1,320429,15.316511,Trank1,
Slc48a1,67739,15.363438,Slc48a1,
Prosc,114863,14.439737,Plpbp,
Polr2i,20022,17.876802,Polr2i,
Adk,11534,14.163015,Adk,
Dlx5,13395,15.330138,Dlx5,
Dcun1d4,100737,14.75331,Dcun1d4,
Lgals7,16858,17.133694,Lgals7,
Mrpl38,60441,14.241234,Mrpl38,
Rad50,19360,13.902853,Rad50,
Atp5k,11958,19.346292,Atp5me,
Camta2,216874,15.120575,Camta2,
Sf3a3,75062,14.734116,Sf3a3,
Syt17,110058,15.0860615,Syt17,
Cic,71722,14.89625,Cic,
Dph3,105638,14.377348,Dph3,
Sox5,20678,14.778158,Sox5,
Naca,17938,15.004646,Naca,
N4bp2l2,381695,15.23507,N4bp2l2,
Pde7a,18583,14.763902,Pde7a,
H2afj,232440,17.876802,H2aj,
Tysnd1,71767,14.831189,Tysnd1,
Tmem5,216395,14.390981,Rxylt1,
Npas1,18142,15.115923,Npas1,
Fam118b,109229,14.831189,Fam118b,
Gpsm1,67839,15.34946,Gpsm1,
Prkag2,108099,15.279097,Prkag2,
Edem2,108687,14.4546385,Edem2,
Brpf1,78783,14.774578,Brpf1,
Rabggtb,19352,14.698239,Rabggtb,
Bak1,12018,15.321943,Bak1,
Kif5c,16574,14.989801,Kif5c,
Snrpn,20646,16.19743,Snrpn,
Adcy3,104111,15.388985,Adcy3,
Pik3r5,320207,14.788954,Pik3r5,
Vamp4,53330,14.792573,Vamp4,
Phospho2,73373,14.774578,Phospho2,
Fryl,72313,14.748047,Fryl,
Ccdc58,381045,13.804485,Mix23,
Fbxl21,213311,17.702604,Fbxl21,
Celf6,76183,14.920013,Celf6,
Npy,109648,14.749799,Npy,
Gtf2i,14886,15.36063,Gtf2i,
Vcam1,22329,15.394731,Vcam1,
Tox3,244579,14.781747,Tox3,
Mkrn2,67027,14.801664,Mkrn2,
Ccdc124,234388,14.816343,Ccdc124,
Cnot7,18983,14.790761,Cnot7,
Masp1,17174,14.840556,Masp1,
Pnpo,103711,14.756831,Pnpo,
Hsf1,15499,14.888425,Hsf1,
Nsa2,59050,14.688169,Nsa2,
Prkar2b,19088,15.151249,Prkar2b,
Cdkl1,71091,14.792573,Cdkl1,
Cds1,50883,17.586458,Cds1,
Blcap,53619,14.82189,Blcap,
Cuedc1,103841,15.295001,Cuedc1,
Fto,26383,14.741062,Fto,
Bzw1,66882,15.27384,Bzw1,
Leng8,232798,15.013207,Leng8,
Pxn,19303,14.994026,Pxn,
Fam189b,68521,14.150605,Fam189b,
Ndufb11,104130,14.991911,Ndufb11,
Ncoa5,228869,14.794385,Ncoa5,
Suv39h2,64707,15.374729,Suv39h2,
Mlst8,56716,14.734116,Mlst8,
Trp73,22062,20.907745,Trp73,
Nnmt,18113,16.099752,Nnmt,
Rfc1,20509,17.522753,Rfc1,
Fbxw4,30838,14.756831,Fbxw4,
Vamp8,22320,14.981395,Vamp8,
Mrpl18,67681,14.250754,Mrpl18,
Mif4gd,69674,15.284377,Mif4gd,
Cacna2d3,12294,14.859492,Cacna2d3,
Adra1b,11548,15.289679,Adra1b,
Lman2,66890,14.808982,Lman2,
Fbxo11,225055,14.361645,Fbxo11,
Dus2l,66369,16.354332,Dus2,
Lrtm2,211187,15.242732,Lrtm2,
Lyrm4,380840,14.746298,Lyrm4,
Hectd2,226098,14.760362,Hectd2,
Rap1b,215449,15.120575,Rap1b,
Apitd1,69928,16.549742,Cenps,
Tatdn3,68972,14.872914,Tatdn3,
Mast4,328329,14.869065,Mast4,
C1qtnf1,56745,15.070263,C1qtnf1,
Rpl34,68436,14.018421,Rpl34,
Hrsp12,15473,16.549742,Rida,
Pla2g4f,271844,15.386121,Pla2g4f,
Rap1a,109905,15.32467,Rap1a,
Ksr2,245684,17.723768,Ksr2,
Dnajc7,56354,14.763902,Dnajc7,
Gdf5,14563,14.807149,Gdf5,
Ccdc23,69216,16.462479,Svbp,
Gpd1,100198,16.38056,Gpd1,
Chmp1a,234852,14.807149,Chmp1a,
Lrrc14b,432779,14.825602,Lrrc14b,
Cdc27,217232,14.215409,Cdc27,
Kcna6,16494,15.990565,Kcna6,
Zmym4,67785,15.4063,Zmym4,
Rufy3,17281,18.35969,Rufy3,
Eea1,216238,14.758595,Eea1,
Nol9,74035,14.76213,Nol9,
Ctcf,13018,14.812657,Ctcf,
Cul2,71745,14.2957115,Cul2,
Ankrd35,213121,15.570174,Ankrd35,
Exosc2,227715,14.756831,Exosc2,
Acbd4,67131,14.869065,Acbd4,
Cd164l2,69655,14.863313,Cd164l2,
Apoo,68316,15.27384,Apoo,
Trim7,94089,15.87726,Trim7,
Puf60,67959,15.2452965,Puf60,
Smo,228608,18.145218,Smo,
Eif3m,98221,14.261546,Eif3m,
Rexo2,104444,15.287025,Rexo2,
Gpx1,14775,15.284377,Gpx1,
Tmub1,64295,14.922014,Tmub1,
Tmem189,407243,14.309714,Tmem189,
Ret,19713,14.571505,Ret,
Lin7c,22343,14.790761,Lin7c,
Fam84a,105005,14.259963,Lratd1,
Kif5b,16573,15.163241,Kif5b,
Itfg3,106581,16.183863,Fam234a,
Col9a2,12840,14.844321,Col9a2,
Snrpd2,107686,14.914032,Snrpd2,
Bcl2,12043,15.281735,Bcl2,
Mmp15,17388,15.319224,Mmp15,
Pak3,18481,14.703305,Pak3,
Rps6ka5,73086,14.713493,Rps6ka5,
Cramp1l,57354,16.138899,Cramp1,
Tspyl3,241732,21.124914,Tspyl3,
Arhgef10l,72754,15.276467,Arhgef10l,
Trove2,20822,14.191217,Ro60,
Kcmf1,74287,14.533842,Kcmf1,
Lrba,80877,14.787148,Lrba,
Senp7,66315,14.880647,Senp7,
Tmem110,69179,15.333172,Stimate,
Smg5,229512,14.309383,Smg5,
Ufd1l,22230,14.706772,Ufd1,
Cd82,12521,15.292336,Cd82,
Vps18,228545,14.758595,Vps18,
Tor2a,30933,14.838676,Tor2a,
Nr4a2,18227,15.346683,Nr4a2,
Oma1,67013,14.713493,Oma1,
Cited2,17684,15.077009,Cited2,
Znfx1,98999,14.848097,Znfx1,
Ankrd9,74251,14.79984,Ankrd9,
Asb1,65247,14.79984,Asb1,
Pitrm1,69617,14.776367,Pitrm1,
Mid1,268395,17.055033,Mid1,
Wdr60,217935,13.863681,Dync2i1,
Grhl1,195733,14.774578,Grhl1,
Galnt1,14423,14.818189,Galnt1,
Hnrnpm,76936,14.888425,Hnrnpm,
Ubb,22186,16.675728,Ubb,
Amacr,17117,14.2932415,Amacr,
Farsb,23874,14.751554,Farsb,
Slc35f4,75288,14.765675,Slc35f4,
Brms1,52592,18.049635,Brms1,
Adora1,11539,15.417972,Adora1,
Mical3,194401,15.308403,Mical3,
Tpd52l1,21987,14.739323,Tpd52l1,
Podxl,27205,14.853782,Podxl,
Abcd3,19299,15.139367,Abcd3,
Rap1gds1,229877,14.749799,Rap1gds1,
Zbed6,667118,16.356232,Zbed6,
Ncor2,20602,14.816343,Ncor2,
Zfp747,269997,22.813986,Zfp747,
Gm8994,668137,21.084198,Eif4a3l1,
Wipi1,52639,14.751554,Wipi1,
Tank,21353,14.2957115,Tank,
Tsc1,64930,14.56085,Tsc1,
Nfia,18027,14.798019,Nfia,
Frmpd4,333605,14.82189,Frmpd4,
Kdm1b,218214,15.092891,Kdm1b,
Rabgap1l,29809,14.884529,Rabgap1l,
Gtpbp1,14904,14.273645,Gtpbp1,
Tdrkh,72634,14.920013,Tdrkh,
Sh2d4b,328381,15.263388,Sh2d4b,
Bhlhe22,59058,14.890377,Bhlhe22,
St8sia4,20452,15.0860615,St8sia4,
Cnnm3,94218,15.735085,Cnnm3,
Morf4l1,21761,14.816343,Morf4l1,
Sez6,20370,15.300345,Sez6,
Plp2,18824,15.474893,Plp2,
Pole4,66979,14.425626,Pole4,
Hbs1l,56422,14.741062,Hbs1l,
Lrrc26,227618,15.444623,Lrrc26,
Tprn,97031,14.842437,Tprn,
Hsd17b4,15488,14.769229,Hsd17b4,
Bloc1s2,73689,14.758595,Bloc1s2,
Slc27a3,26568,15.502751,Slc27a3,
Pgm1,66681,17.461943,Pgm1,
Pot1a,101185,21.124914,Pot1a,
Aarsd1,69684,15.36063,Aarsd1,
Nkiras1,69721,14.867146,Nkiras1,
Dap3,242667,17.723768,Dap3,
Pdia4,12304,14.734116,Pdia4,
Rasa4,54153,17.201242,Rasa4,
Nptx2,53324,15.308403,Nptx2,
Nxnl2,75124,14.851885,Nxnl2,
Med29,67224,14.918017,Med29,
Hmgb2,97165,15.36063,Hmgb2,
Dnttip1,76233,15.17778,Dnttip1,
Itgb8,320910,14.772793,Itgb8,
Helz,78455,14.410682,Helz,
Snx12,55988,14.870989,Snx12,
Wdr62,233064,14.535328,Wdr62,
Ccdc159,67119,15.873094,Ccdc159,
Arhgap15,76117,14.874843,Arhgap15,
Prkcdbp,109042,15.500589,Cavin3,
Rph3a,19894,15.300345,Rph3a,
Pik3r4,75669,14.75331,Pik3r4,
Slc38a1,105727,15.32467,Slc38a1,
Rpl15,66480,14.196944,Rpl15,
Ccdc9,243846,14.9482975,Ccdc9,
Vasp,22323,15.655282,Vasp,
Tmem39b,230770,14.790761,Tmem39b,
Lipt2,67164,14.364248,Lipt2,
D8Ertd738e,101966,21.385788,D8Ertd738e,
Hectd1,207304,14.75331,Hectd1,
C030039L03Rik,112415,21.084198,C030039L03Rik,
Gnao1,14681,15.305711,Gnao1,
Hsp90ab1,15516,14.785345,Hsp90ab1,
Lrrc8b,433926,15.341144,Lrrc8b,
Ryr3,20192,14.769229,Ryr3,
Alms1,236266,14.900182,Alms1,
Cth,107869,14.585336,Cth,
Stoml2,66592,14.283406,Stoml2,
Mon2,67074,14.220066,Mon2,
Ppp1r3g,76487,14.888425,Ppp1r3g,
D430019H16Rik,268595,20.721714,D430019H16Rik,
Scnm1,ENSMUSG00000092607,14.964741,Scnm1,
Mrpl17,27397,14.263958,Mrpl17,
Chat,27387,16.183863,Chat,
Lrrc41,230654,14.831189,Lrrc41,
Myo9b,17925,14.55329,Myo9b,
Rnf146,68031,14.51761,Rnf146,
Ehmt2,110147,15.088334,Ehmt2,
Lrrc55,241528,15.4476185,Lrrc55,
Alox5ap,11690,14.803489,Alox5ap,
Smarca2,67155,14.803489,Smarca2,
Pigk,329777,14.727205,Pigk,
Adipor2,68465,14.846208,Adipor2,
Reck,53614,14.341001,Reck,
Sirt4,75387,14.710089,Sirt4,
Tnik,665113,15.255603,Tnik,
Pdk3,236900,15.300345,Pdk3,
Uap1,107652,14.722047,Uap1,
Glrx,93692,15.023986,Glrx,
Sik2,235344,14.940153,Sik2,
Limk2,16886,14.855682,Limk2,
Tcp1,21454,14.689841,Tcp1,
Nek3,23954,14.863313,Nek3,
Zeb1,21417,15.2224,Zeb1,
Rheb,19744,14.279737,Rheb,
Gm5617,434402,22.149912,Gm5617,
Spc24,67629,14.962674,Spc24,
Cdan1,68968,14.792573,Cdan1,
Abhd2,54608,15.232527,Abhd2,
Tnks2,74493,15.187564,Tnks2,
Mfhas1,52065,14.781747,Mfhas1,
Atxn7l2,72522,15.45363,Atxn7l2,
Polr3h,78929,14.266373,Polr3h,
Mllt4,17356,17.294525,Afdn,
Arid5a,214855,14.892332,Arid5a,
Sema4d,20354,14.844321,Sema4d,
Ranbp9,226432,18.145218,Ranbp9,
Pank2,74450,14.890377,Pank2,
Lgals8,56048,15.281735,Lgals8,
A230046K03Rik,319277,21.084198,Washc4,
Aqp11,66333,14.787148,Aqp11,
Wdr35,74682,14.723763,Wdr35,
Tsc22d4,78829,15.915374,Tsc22d4,
Kctd8,243043,15.23762,Kctd8,
Letmd1,68614,14.836801,Letmd1,
2900026A02Rik,243219,22.149912,2900026A02Rik,
Dync1i1,13426,15.037041,Dync1i1,
Nadsyn1,78914,14.792573,Nadsyn1,
Cd55,13136,16.05593,Cd55,
Tagln2,21346,15.394731,Tagln2,
Asb3,65257,14.855682,Asb3,
Clint1,216705,15.2452965,Clint1,
Tasp1,75812,14.306887,Tasp1,
Cxadr,13052,14.769229,Cxadr,
Bcar3,29815,14.805318,Bcar3,
Mrpl24,67707,14.25554,Mrpl24,
Fbxo5,67141,14.760362,Fbxo5,
Fam102b,329739,13.718523,Eeig2,
Fkbp4,14228,14.788954,Fkbp4,
Tmem19,67226,14.769229,Tmem19,
Ap2m1,11773,15.163241,Ap2m1,
Ranbp2,19386,15.5968075,Ranbp2,
Dpy19l1,244745,15.383263,Dpy19l1,
Ccar1,67500,14.763902,Ccar1,
Ppm1m,67905,15.357829,Ppm1m,
Atp6ap1l,435376,16.418001,Atp6ap1l,
Pdcl,67466,14.807149,Pdcl,
Ntan1,18203,14.311884,Ntan1,
Csnk1g1,214897,14.840556,Csnk1g1,
Drp2,12934,18.35969,Drp2,
Mlf1ip,71876,16.183863,Cenpu,
Bod1l,665775,21.385788,Bod1l,
Syn3,27204,15.079266,Syn3,
Traf6,22034,14.494358,Traf6,
Efna1,13636,15.484113,Efna1,
Gabpa,14390,14.807149,Gabpa,
Cope,59042,14.756831,Cope,
Clasp2,76499,14.758595,Clasp2,
Rbp4,69241,18.24816,Rbp4,
Rpl23a,268449,14.276079,Rpl23a,
Dcun1d1,114893,14.796202,Dcun1d1,
Kcnk4,16528,15.709158,Kcnk4,
Pdss1,56075,14.77995,Pdss1,
Cacybp,12301,14.76213,Cacybp,
Pabpc1,18458,15.335629,Pabpc1,
Sec24c,218811,14.846208,Sec24c,
Slc7a6os,66432,14.765675,Slc7a6os,
Lekr1,624866,14.93206,Lekr1,
Chl1,320209,15.676263,Chl1,
Crem,12916,15.232527,Crem,
Zim1,22776,20.721714,Zim1,
Ttc30b,72421,14.792846,Ift70b,
Eid2b,434156,17.52795,Eid2b,
Rbbp7,245688,15.156033,Rbbp7,
Cfl1,12631,15.17778,Cfl1,
Tha1,71776,16.213543,Tha1,
Wrb,71446,14.150605,Get1,
Ncoa4,27057,14.787148,Ncoa4,
P2rx5,94045,14.82189,P2rx5,
Thsd7a,330267,15.27384,Thsd7a,
Gatad2b,229542,14.831189,Gatad2b,
Ubxn2a,217379,14.790761,Ubxn2a,
Ehd4,98878,14.834928,Ehd4,
Trappc9,76510,14.758595,Trappc9,
Slco1c1,58807,15.305711,Slco1c1,
Zbtb1,268564,14.77995,Zbtb1,
Lzic,69151,14.727205,Lzic,
Rap2c,72065,14.812657,Rap2c,
Cul7,66515,16.046387,Cul7,
Sln,66402,14.816343,Sln,
Sox13,20668,15.077009,Sox13,
Zfc3h1,216345,15.194951,Zfc3h1,
Samhd1,56045,14.869065,Samhd1,
Disp2,214240,14.794385,Disp2,
Amot,27494,14.798019,Amot,
Cpne7,102278,14.918017,Cpne7,
Bdkrb2,12062,15.002515,Bdkrb2,
Bend4,666938,15.120575,Bend4,
Fut11,73068,14.7428055,Fut11,
Mns1,17427,14.673205,Mns1,
Tbpl1,237336,14.765675,Tbpl1,
Tomm20,67952,15.289679,Tomm20,
Msi2,76626,15.242732,Msi2,
Faf1,14084,14.727205,Faf1,
Pebp1,23980,14.814498,Pebp1,
Fam160a2,74349,13.892228,Fhip1b,
Phf7,71838,15.761539,Phf7,
Usp42,76800,14.772793,Usp42,
Serp1,28146,15.12291,Serp1,
Gpr37,14763,15.287025,Gpr37,
Btf3l4,70533,14.760362,Btf3l4,
Stk16,20872,14.788954,Stk16,
Cyp39a1,56050,16.338259,Cyp39a1,
Magoh,66441,17.960428,Magoh,
Gng7,14708,14.966811,Gng7,
Ei24,13663,14.794385,Ei24,
Casd1,213819,14.75331,Casd1,
Ipp,16351,14.341001,Ipp,
Snrpa,53607,14.97721,Snrpa,
St8sia5,225742,14.763902,St8sia5,
Adal,75894,17.737045,Adal,
Smarcc2,68094,14.863313,Smarcc2,
Clstn1,65945,14.77101,Clstn1,
Thrb,21834,13.54623,Thrb,
Stk17b,98267,14.836801,Stk17b,
Dock4,238130,15.271219,Dock4,
Gprc5c,70355,14.760362,Gprc5c,
Timm9,30055,18.48137,Timm9,
Cpxm1,56264,15.537631,Cpxm1,
Sfrp2,20319,14.848097,Sfrp2,
Acot9,56360,15.23762,Acot9,
Kcnip1,70357,15.258193,Kcnip1,
Atrx,22589,14.706692,Atrx,
Foxk2,68837,15.194951,Foxk2,
Ppic,19038,14.414741,Ppic,
Slc25a40,319653,14.848097,Slc25a40,
Fam13a,58909,14.767451,Fam13a,
Wdr7,104082,15.146484,Wdr7,
Btbd3,228662,15.258193,Btbd3,
Shmt2,108037,14.838676,Shmt2,
Grb2,14784,15.311101,Grb2,
Arhgef4,226970,15.072507,Arhgef4,
Lrrn3,16981,15.204866,Lrrn3,
Creb3l1,26427,14.781747,Creb3l1,
Rprd1b,70470,14.792573,Rprd1b,
Dnajb6,23950,15.355033,Dnajb6,
Mustn1,66175,15.623998,Mustn1,
G3bp1,27041,14.792573,G3bp1,
Pcyox1,66881,14.849989,Pcyox1,
Ccdc43,52715,14.737585,Ccdc43,
Pigm,67556,14.76213,Pigm,
Irs4,16370,15.279097,Irs4,
Plekha7,233765,15.214857,Plekha7,
Snrpe,20643,14.807149,Snrpe,
Ndufs1,227197,14.810819,Ndufs1,
Atr,77697,17.294525,Atr,
Bbs7,71492,14.755068,Bbs7,
Trp53rk,76367,20.400923,Trp53rk,
Jup,16480,15.32467,Jup,
Zfp358,140482,21.124914,Zfp358,
Trpv2,22368,15.812145,Trpv2,
Ddx52,78394,14.772793,Ddx52,
Cbwd1,226043,14.427379,Zng1,
Rtn1,104001,15.276467,Rtn1,
Banp,53325,14.870989,Banp,
Zfp422,67255,21.124914,Zfp422,
Sgpp1,81535,15.214857,Sgpp1,
Mfsd11,69900,14.765675,Mfsd11,
Plxna1,18844,15.2224,Plxna1,
Zfp59,22717,21.385788,Zfp59,
Slc35a2,22232,14.998264,Slc35a2,
Eda2r,245527,15.279097,Eda2r,
Sod2,20656,14.1776085,Sod2,
Dos,100503659,18.145218,Cbarp,
Lmo2,16909,14.739323,Lmo2,
Mus81,71711,14.359045,Mus81,
Ctu2,66965,14.276079,Ctu2,
Rnf44,105239,14.820039,Rnf44,
Ccdc120,54648,15.600176,Ccdc120,
Snx27,76742,14.630927,Snx27,
Unc80,329178,14.538304,Unc80,
Pqlc1,66943,14.101514,Slc66a2,
Gmnn,57441,14.783545,Gmnn,
Adcyap1r1,11517,15.321943,Adcyap1r1,
Dld,52815,15.915448,Dld,
Mcrs1,51812,14.863313,Mcrs1,
Wfs1,22393,14.605575,Wfs1,
Arnt,11863,14.442123,Arnt,
Tspan4,64540,15.363438,Tspan4,
Pfas,237823,14.416096,Pfas,
Asap2,211914,15.279097,Asap2,
St6galnac3,20447,14.760362,St6galnac3,
Fut7,14347,14.810819,Fut7,
Gspt2,14853,16.374456,Gspt2,
Gtf2f2,68705,15.289679,Gtf2f2,
Cmtm7,102545,14.803489,Cmtm7,
Rnf166,68718,15.156033,Rnf166,
Sec16a,227648,14.787148,Sec16a,
Ept1,28042,14.549648,Selenoi,
Fbxl17,50758,14.846208,Fbxl17,
Lrrc42,77809,14.763902,Lrrc42,
Igfbp5,16011,15.287025,Igfbp5,
Arhgap20,244867,14.9793005,Arhgap20,
Fads6,328035,14.849989,Fads6,
Plcxd1,403178,15.004646,Plcxd1,
Pnpla8,67452,14.787148,Pnpla8,
Ephb6,13848,15.148865,Ephb6,
Pcbp3,59093,14.912044,Pcbp3,
Celf5,319586,15.36063,Celf5,
Sncaip,67847,14.8825865,Sncaip,
Frg1,14300,14.284631,Frg1,
Fam163a,329274,15.694571,Fam163a,
Yrdc,230734,14.76213,Yrdc,
Clybl,69634,14.739323,Clybl,
Nsun7,70918,15.229987,Nsun7,
Naa50,72117,14.723763,Naa50,
Naa25,231713,14.778158,Naa25,
Numa1,101706,14.867146,Numa1,
Plagl1,22634,15.45363,Plagl1,
Adrb1,11554,14.812657,Adrb1,
Clgn,12745,14.812657,Clgn,
Plscr3,70310,15.932678,Plscr3,
Itga7,16404,14.930044,Itga7,
Zswim6,67263,14.849989,Zswim6,
Hps6,20170,15.151249,Hps6,
Emx1,13796,15.019665,Emx1,
Ap2s1,232910,14.810819,Ap2s1,
Taf4a,228980,18.764015,Taf4,
Dlgap2,244310,15.229987,Dlgap2,
Renbp,19703,15.175347,Renbp,
Epas1,13819,15.27384,Epas1,
Ankra2,68558,14.798019,Ankra2,
Efcab1,66793,13.871776,Clxn,
Pwwp2b,101631,14.774578,Pwwp2b,
Tmem42,66079,15.441635,Tmem42,
Parp8,52552,15.077009,Parp8,
Zfp715,69930,21.124914,Zfp715,
Erbb4,13869,15.2224,Erbb4,
Bmp3,110075,14.772793,Bmp3,
Ptprm,19274,15.17778,Ptprm,
Ccdc114,211535,14.249154,Odad1,
Cntnap3,238680,17.201242,Cntnap3,
Erap1,80898,15.580097,Erap1,
Med19,381379,14.594637,Med19,
Mettl13,71449,14.75331,Mettl13,
Rnpc3,67225,14.778158,Rnpc3,
1700123O20Rik,58248,22.149912,1700123O20Rik,
Ddx59,67997,14.769229,Ddx59,
Slc4a4,54403,15.281735,Slc4a4,
Tmem57,66146,14.415135,Maco1,
Pfdn5,56612,14.38925,Pfdn5,
Ssbp4,76900,14.9482975,Ssbp4,
Fam129c,100037278,15.021449,Fam129c,
Fxr1,14359,14.727205,Fxr1,
Tmem144,70652,15.255603,Tmem144,
Tle1,21885,15.651769,Tle1,
Lmna,16905,15.011063,Lmna,
Samd1,666704,15.923998,Samd1,
Tada3,101206,15.34391,Tada3,
Ndufb3,66495,14.788954,Ndufb3,
Foxj2,60611,14.823745,Foxj2,
Irf2,16363,15.032674,Irf2,
Haus8,76478,14.857587,Haus8,
Comtd1,69156,14.790761,Comtd1,
Rbm39,170791,15.271219,Rbm39,
Alas1,11655,14.785345,Alas1,
Spg20,229285,14.421245,Spart,
4930538K18Rik,75180,21.084198,Tmem269,
Wasf2,242687,14.76213,Wasf2,
Tmem55b,219024,14.817313,Pip4p1,
Rab11fip4,268451,15.255603,Rab11fip4,
Arl5b,75869,15.352242,Arl5b,
1700030J22Rik,69528,21.385788,1700030J22Rik,
Rp2h,19889,19.614708,Rp2,
Sec22c,215474,14.801664,Sec22c,
Ctla2a,13024,21.712498,Ctla2a,
Tubgcp4,51885,14.756831,Tubgcp4,
Klhdc8a,213417,14.814498,Klhdc8a,
Arhgef9,236915,15.263388,Arhgef9,
Csnk2a2,13000,15.265992,Csnk2a2,
Ing1,26356,14.776367,Ing1,
Ankrd17,81702,15.276467,Ankrd17,
Nop2,110109,14.676516,Nop2,
Ddx10,77591,14.763902,Ddx10,
Dnaja2,56445,15.281735,Dnaja2,
Eif4ebp3,108112,16.004297,Eif4ebp3,
Prkcz,18762,14.816343,Prkcz,
Pde3b,18576,14.783545,Pde3b,
Luzp1,269593,14.776367,Luzp1,
Ndor1,78797,14.765675,Ndor1,
Rplp2,67186,14.341001,Rplp2,
Susd4,96935,15.127591,Susd4,
Itpr2,16439,14.778158,Itpr2,
Sorbs1,20411,15.011063,Sorbs1,
Mcm4,17217,14.701614,Mcm4,
Dynlrb1,67068,14.827461,Dynlrb1,
Yes1,22612,14.77995,Yes1,
Dusp2,13537,15.224924,Dusp2,
Spef1,70997,14.853782,Spef1,
Bmp2k,140780,14.774578,Bmp2k,
Slitrk3,386750,15.311101,Slitrk3,
Cep250,16328,15.474893,Cep250,
E130012A19Rik,103551,21.084198,Epop,
Got1,14718,14.229431,Got1,
Nup210,54563,14.772793,Nup210,
Nbl1,13821,17.243074,Nbl1,
Sh2b3,16923,14.855682,Sh2b3,
D10Wsu102e,28109,19.950861,Nopchap1,
6330403A02Rik,381310,21.084198,Stum,
Tmem178,68027,17.387274,Tmem178,
Iffo2,212632,15.289679,Iffo2,
Rcan3,53902,14.844321,Rcan3,
Fam160b2,239170,14.058821,Fhip2b,
Rgs9,19739,15.292336,Rgs9,
Cyr61,16007,14.254548,Ccn1,
B3gat2,280645,14.805318,B3gat2,
Fzd4,14366,14.774578,Fzd4,
Rplp1,56040,14.319416,Rplp1,
Cebpg,12611,14.79984,Cebpg,
C2cd2,207781,15.144106,C2cd2,
Slc37a4,14385,15.295001,Slc37a4,
Rpp40,208366,14.803489,Rpp40,
Kifap3,16579,15.175347,Kifap3,
Disc1,244667,14.898214,Disc1,
Bcl7a,77045,14.741062,Bcl7a,
Tmem51,214359,15.319224,Tmem51,
Gcgr,14527,15.391854,Gcgr,
Tcerg1l,70571,15.097465,Tcerg1l,
2410016O06Rik,71952,21.084198,Riox1,
Slc17a5,235504,14.704997,Slc17a5,
Slc22a21,56517,17.347876,Slc22a21,
Kif1b,16561,14.720332,Kif1b,
Syvn1,74126,14.878709,Syvn1,
Zfp623,78834,21.124914,Zfp623,
Zswim7,69747,14.77101,Zswim7,
Jagn1,67767,15.352242,Jagn1,
Lrp1b,94217,15.313804,Lrp1b,
Slc4a2,20535,15.386121,Slc4a2,
Fam78b,226610,15.363438,Fam78b,
Ipmk,69718,15.258193,Ipmk,
Egr1,13653,14.859492,Egr1,
Nat10,98956,14.696556,Nat10,
Bai1,107831,15.972783,Adgrb1,
Txndc12,66073,14.767451,Txndc12,
Gm16515,24083,20.400923,Natd1,
Lmo4,16911,15.21988,Lmo4,
Slc35a5,74102,14.767451,Slc35a5,
Gpr12,14738,14.751554,Gpr12,
Unc5b,107449,14.776367,Unc5b,
Lingo2,242384,14.816343,Lingo2,
Gtl3,14894,18.764015,Cfap20,
Loxl1,16949,14.749799,Loxl1,
Bhlhb9,70237,21.385788,Bhlhb9,
Rftn2,74013,14.769229,Rftn2,
Snrpf,69878,14.7289295,Snrpf,
Igfbp4,16010,15.207356,Igfbp4,
Ate1,11907,14.465863,Ate1,
Elp3,74195,14.179869,Elp3,
Mark1,226778,14.810819,Mark1,
Trmt11,73681,14.810819,Trmt11,
Leprotl1,68192,14.880647,Leprotl1,
Gm561,228715,21.084198,Smim26,
Suclg2,20917,14.730656,Suclg2,
Usp31,170707,17.798098,Usp31,
Frmd4b,232288,15.168071,Frmd4b,
Lrrc7,242274,14.756831,Lrrc7,
L3mbtl3,237339,15.095176,L3mbtl3,
Spata5,57815,13.288784,Afg2a,
2010300C02Rik,72097,21.084198,Cracdl,
Avl9,78937,14.755068,Avl9,
Stk10,20868,14.788954,Stk10,
Klf12,16597,15.289679,Klf12,
Tecpr2,104859,14.763902,Tecpr2,
Afap1,70292,14.756831,Afap1,
Tnnc1,21924,15.253019,Tnnc1,
Fam71e1,75538,14.625904,Garin5a,
Mcm3,17215,14.199238,Mcm3,
Phf17,269424,16.095396,Jade1,
Atp5l,27425,14.792846,Atp5mg,
Hlf,13819,15.825035,Hlf,
Usp7,252870,14.262752,Usp7,
Dnajc18,76594,14.848097,Dnajc18,
Fam92a,68099,14.040277,Cibar1,
Vps37c,107305,14.872914,Vps37c,
Canx,12330,14.774578,Canx,
Ube4a,140630,14.282184,Ube4a,
Hcls1,15163,15.139367,Hcls1,
Metrn,70083,14.71179,Metrn,
Fundc1,72018,14.790761,Fundc1,
Pdk4,27273,14.781747,Pdk4,
Nr3c2,110784,14.798019,Nr3c2,
Tbcel,272589,15.537631,Tbcel,
Dkk3,50781,15.311101,Dkk3,
Cdh6,12563,15.394731,Cdh6,
Pomt2,217734,14.7428055,Pomt2,
Ptpn4,19258,15.27384,Ptpn4,
Clrn1,229320,14.792573,Clrn1,
Park7,57320,14.778158,Park7,
Paqr9,75552,14.79984,Paqr9,
Gtf2h5,66467,14.778158,Gtf2h5,
Adrbk2,320129,16.970078,Grk3,
Sdc1,20969,15.209851,Sdc1,
Zfp449,78619,21.385788,Zfp449,
Pikfyve,18711,14.772793,Pikfyve,
Dnm2,13430,15.420906,Dnm2,
Hdgf,15191,15.253019,Hdgf,
Gprin1,26913,15.4297495,Gprin1,
Fam160b1,226252,13.689871,Fhip2a,
Dguok,27369,14.991911,Dguok,
Acta1,11459,15.363438,Acta1,
Tmtc4,70551,14.468685,Tmtc4,
Kctd17,72844,14.825602,Kctd17,
Bckdk,12041,14.95855,Bckdk,
Pgap1,241062,14.478608,Pgap1,
Slc27a6,225579,14.922014,Slc27a6,
Dcbld2,73379,14.749799,Dcbld2,
Mrps15,66407,14.758595,Mrps15,
Vezt,215008,14.756831,Vezt,
Slc26a1,231583,14.872914,Slc26a1,
Tspan12,269831,14.820039,Tspan12,
Crabp1,12903,15.313804,Crabp1,
Vstm2l,277432,15.240174,Vstm2l,
Gltscr2,68077,14.911069,Nop53,
Shisa2,219134,15.21988,Shisa2,
Lyn,17096,14.760362,Lyn,
Iqsec1,232227,15.21988,Iqsec1,
Gnpnat1,54342,14.776367,Gnpnat1,
Prpf18,67229,14.741062,Prpf18,
Apbb1,11785,14.910059,Apbb1,
Tecr,106529,15.369071,Tecr,
Rasgrp1,19419,15.10897,Rasgrp1,
Htr2a,15558,15.258193,Htr2a,
Timm44,21856,14.76213,Timm44,
Tmem2,83921,14.3497305,Cemip2,
Tnfrsf19,29820,14.952389,Tnfrsf19,
Enc1,13803,14.807149,Enc1,
Adck2,57869,14.792573,Adck2,
Hipk2,15258,14.785345,Hipk2,
Apex1,11792,14.942185,Apex1,
Hrh1,15465,14.756831,Hrh1,
Fam19a5,106014,14.590702,Tafa5,
Rrp9,27966,14.688169,Rrp9,
Bace1,23821,14.816343,Bace1,
Elavl4,15572,14.741062,Elavl4,
Timm17b,21855,15.120575,Timm17b,
Nme1,18102,16.653122,Nme1,
Cx3cl1,20312,15.804229,Cx3cl1,
Pola2,18969,14.814498,Pola2,
Ctnnbip1,67087,14.810819,Ctnnbip1,
Grid1,14803,15.253019,Grid1,
Pex5,19305,14.27243,Pex5,
Sulf2,72043,15.289679,Sulf2,
Inpp5a,212111,15.12291,Inpp5a,
Kctd20,66989,15.214857,Kctd20,
Klhl34,245683,15.144106,Klhl34,
Fam196a,627214,14.464797,Insyn2a,
Ankrd32,105377,16.16119,Slf1,
Grik3,14807,14.82189,Grik3,
Bgn,12111,15.832145,Bgn,
Abca2,11305,14.818189,Abca2,
Zfp105,22646,20.907745,Zfp105,
Bmp6,12161,14.76213,Bmp6,
Gpr21,338346,15.271219,Gpr21,
Rps11,27207,10.6649885,Rps11,
Kremen1,84035,14.829325,Kremen1,
Dner,227325,14.790761,Dner,
Nfat5,54446,15.284377,Nfat5,
Zfp609,214812,21.385788,Zfp609,
Inpp1,16329,14.928033,Inpp1,
Fubp3,320267,14.781747,Fubp3,
Fzd10,57265,18.61524,Fzd10,
Tmem91,320208,15.185111,Tmem91,
Zfp157,72154,21.385788,Zfp157,
Adck4,76889,15.228437,Adck4,
Arpp19,59046,15.279097,Arpp19,
Rnls,67795,14.803489,Rnls,
Vps37b,330192,14.648645,Vps37b,
Coq4,227683,14.30315,Coq4,
Tekt2,24084,14.772793,Tekt2,
Rassf6,73246,14.838676,Rassf6,
Rasal1,19415,15.271219,Rasal1,
Odf2,18286,15.271219,Odf2,
Aldh5a1,212647,18.35969,Aldh5a1,
Gpx7,67305,14.75331,Gpx7,
Usp27x,54651,16.075224,Usp27x,
Ggnbp2,217039,14.767451,Ggnbp2,
Lrrc24,378937,15.139367,Lrrc24,
Paip2b,232164,14.853782,Paip2b,
Tmem38a,74166,14.79984,Tmem38a,
Cks2,66197,14.846208,Cks2,
Bcar1,12927,14.812657,Bcar1,
Dynlt3,67117,14.870989,Dynlt3,
Atp6v1a,11964,15.180221,Atp6v1a,
Prkce,18754,15.279097,Prkce,
Ube2q1,70093,15.151249,Ube2q1,
Dvl3,13544,15.217366,Dvl3,
Thoc3,73666,14.748047,Thoc3,
Banf1,23825,15.03923,Banf1,
Dctn4,67665,14.765675,Dctn4,
Slc6a7,240332,14.781747,Slc6a7,
Ubxn1,225896,15.006782,Ubxn1,
Rprm,67874,15.423847,Rprm,
Actr1a,54130,15.279097,Actr1a,
Ppa1,67895,15.2452965,Ppa1,
Chrm3,12671,15.289679,Chrm3,
Tmem132a,98170,15.000388,Tmem132a,
Tulp3,22158,14.89625,Tulp3,
Arpc5l,74192,15.321943,Arpc5l,
Cyp2d22,56448,21.712498,Cyp2d22,
Ube2z,268470,14.785345,Ube2z,
Zfp277,246196,21.124914,Zfp277,
Fnip2,329679,15.160834,Fnip2,
Glyr1,74022,14.751554,Glyr1,
Cpt1b,12895,14.924016,Cpt1b,
Kif3a,16568,14.7428055,Kif3a,
Pde7b,29863,15.192484,Pde7b,
Synj2,20975,15.313804,Synj2,
Slc16a11,216867,16.013535,Slc16a11,
Mif,17319,14.938125,Mif,
Slc2a6,227659,14.818189,Slc2a6,
Tnfrsf12a,27279,15.860674,Tnfrsf12a,
Zc3h14,75553,14.776367,Zc3h14,
Fndc1,68655,14.727205,Fndc1,
Ccdc112,240261,15.172917,Ccdc112,
Galnt9,171212,18.931433,Galnt9,
3830406C13Rik,218734,21.084198,Cep15,
Rab11fip2,74998,15.141735,Rab11fip2,
Slc38a4,69354,14.814498,Slc38a4,
1110017D15Rik,73721,21.084198,1110017D15Rik,
Sil1,81500,14.376031,Sil1,
Churc1,211151,14.827461,Churc1,
Ndrg3,29812,15.338383,Ndrg3,
Zfp513,101023,21.385788,Zfp513,
Gabrb3,14402,14.774578,Gabrb3,
Med26,70625,14.77995,Med26,
Thap7,69009,15.059093,Thap7,
Otos,260301,14.767451,Otos,
Tnks,21951,14.621362,Tnks,
Xpa,22590,14.758595,Xpa,
Kdm3b,277250,14.825602,Kdm3b,
Esf1,66580,14.66005,Esf1,
Ncaph,215387,14.749799,Ncaph,
Nr2c2ap,75692,14.833056,Nr2c2ap,
Gstm5,14866,19.479548,Gstm5,
Traf4,22032,14.678175,Traf4,
Cenpb,12616,16.08498,Cenpb,
Slc35c1,228368,14.792573,Slc35c1,
Tceal8,66684,16.326412,Tceal8,
Napa,108124,14.825602,Napa,
Rbl1,19650,14.765675,Rbl1,
Slc9a8,77031,14.732386,Slc9a8,
Cdc42se1,57912,14.934078,Cdc42se1,
Med10,28077,14.005501,Med10,
Grik2,14806,14.861402,Grik2,
Smox,228608,14.348702,Smox,
Atp6v1d,73834,14.778158,Atp6v1d,
Cnnm4,94220,15.371898,Cnnm4,
Hmgcll1,208982,14.787148,Hmgcll1,
Arf1,11840,14.66005,Arf1,
Tln2,70549,15.253019,Tln2,
Acot2,171210,19.479548,Acot2,
Zfp410,52708,21.124914,Zfp410,
Sqstm1,18412,14.785345,Sqstm1,
Asb7,117589,14.77995,Asb7,
Zfp787,67109,20.907745,Zfp787,
Ankrd52,237615,15.32467,Ankrd52,
Ndufb4,68194,14.794385,Ndufb4,
Ltbp4,108075,15.630885,Ltbp4,
Gba2,230101,14.785345,Gba2,
Mbd4,17193,14.776367,Mbd4,
Baiap3,545192,15.182663,Baiap3,
Zcchc9,69085,14.794385,Zcchc9,
Spsb1,74646,14.816343,Spsb1,
Katnb1,74187,14.816343,Katnb1,
2410066E13Rik,68235,21.084198,Mturn,
Commd5,66398,14.934078,Commd5,
Kcng1,241794,14.810819,Kcng1,
Cd9,12527,15.295001,Cd9,
Chrac1,93696,14.814498,Chrac1,
Bet1,12068,14.284631,Bet1,
Ptprz1,19283,15.232527,Ptprz1,
Slc7a3,11989,15.369071,Slc7a3,
Mpi,110119,14.267582,Mpi,
Ppp1r9b,217124,15.450622,Ppp1r9b,
Phka1,18679,15.363438,Phka1,
Gmppb,331026,14.266373,Gmppb,
Elk3,211468,17.243074,Elk3,
Dhcr7,13360,14.810819,Dhcr7,
Ncbp2,68092,14.872914,Ncbp2,
Dnm1l,74006,14.737585,Dnm1l,
Mark2,13728,15.5636,Mark2,
Prkrir,72981,16.11697,Thap12,
Anapc4,52206,14.749799,Anapc4,
Sccpdh,109232,15.23507,Sccpdh,
Rnf181,66510,15.106662,Rnf181,
Cib1,23991,15.054654,Cib1,
Pou6f2,218030,14.77995,Pou6f2,
Eif2a,13665,17.243074,Eif2a,
Pipox,19193,14.794385,Pipox,
Six3,20473,15.311101,Six3,
Ppif,105675,15.281735,Ppif,
Dhps,330817,14.698239,Dhps,
Ggcx,56316,14.872914,Ggcx,
Pcx,18563,15.894062,Pcx,
Fip1l1,66899,15.34946,Fip1l1,
Psph,100678,14.778158,Psph,
Nrn1,68404,15.34391,Nrn1,
Oxct1,67041,15.341144,Oxct1,
Xrcc3,74335,14.758595,Xrcc3,
Cfdp1,23837,14.814498,Cfdp1,
Lims1,110829,15.190022,Lims1,
Wiz,22404,15.468782,Wiz,
Tsga10,211484,15.156033,Tsga10,
Ebf4,228598,15.792447,Ebf4,
1110004E09Rik,68001,21.084198,Cfap298,
Mgea5,76055,14.276342,Oga,
Fam199x,245622,14.807149,Fam199x,
Pdhx,27402,14.730656,Pdhx,
Fam131b,76156,15.297668,Fam131b,
Tomm22,223696,14.792573,Tomm22,
Rsl24d1,225215,14.77995,Rsl24d1,
Rsph3b,100037282,22.813986,Rsph3b,
Mrpl14,68463,14.199238,Mrpl14,
Rras2,66922,14.77101,Rras2,
Bola2,66162,20.2843,Bola2,
Naa10,56292,15.015355,Naa10,
Lynx1,23936,16.630579,Lynx1,
Gpr146,80290,14.849989,Gpr146,
Rhbdl3,246104,14.769229,Rhbdl3,
Rnf145,74315,15.202379,Rnf145,
Snph,241727,15.330138,Snph,
Pcdh9,211712,15.1346445,Pcdh9,
Tbc1d30,74694,14.783545,Tbc1d30,
Rfc3,69263,14.20499,Rfc3,
Prr16,71373,14.796202,Prr16,
Alcam,11658,15.271219,Alcam,
Plek,56193,14.785345,Plek,
Cecr6,94047,14.902269,Tmem121b,
Ubr4,69116,14.794385,Ubr4,
Zscan2,22691,16.150244,Zscan2,
Emid1,140703,14.9482975,Emid1,
Terf2ip,57321,14.867146,Terf2ip,
Trmt6,66926,14.267582,Trmt6,
Grpel2,17714,15.118246,Grpel2,
Lrfn3,233067,16.070374,Lrfn3,
Cirbp,12696,15.338383,Cirbp,
Kcnh1,16510,15.313804,Kcnh1,
Fgd4,224014,15.255603,Fgd4,
4931406C07Rik,70984,21.712498,4931406C07Rik,
Atxn7l3,217218,15.260789,Atxn7l3,
Nagpa,27426,14.798019,Nagpa,
Sumf2,67902,14.810819,Sumf2,
Grik5,14809,15.070263,Grik5,
Usp28,235323,14.776367,Usp28,
Slc16a1,20501,15.415044,Slc16a1,
Plk2,20620,15.297668,Plk2,
Slco5a1,240726,15.028322,Slco5a1,
Fgfr1op2,67529,14.783545,Fgfr1op2,
Pclo,26875,15.250441,Pclo,
Tpcn2,233979,14.776367,Tpcn2,
Nwd1,319555,14.973041,Nwd1,
Tdp1,104884,14.7289295,Tdp1,
Rassf8,71323,14.61819,Rassf8,
Agpat6,102247,16.11697,Gpat4,
Ap3b1,11774,15.21988,Ap3b1,
Leo1,235497,14.781747,Leo1,
Gch1,14528,14.720332,Gch1,
Nsmce2,68501,14.807149,Nsmce2,
Ddc,13195,14.548778,Ddc,
Igdcc3,19289,14.760362,Igdcc3,
Arf6,11845,14.994026,Arf6,
Cd38,12494,15.757727,Cd38,
Poc1a,70235,14.827461,Poc1a,
Gca,227960,15.170491,Gca,
Psmd7,17463,14.75331,Psmd7,
Gjd2,14617,15.224924,Gjd2,
Hagh,14651,15.113599,Hagh,
Ppap2a,19012,16.278599,Plpp1,
Cdk20,105278,15.050228,Cdk20,
Tm9sf1,74140,15.092891,Tm9sf1,
Atp5o,28080,14.361388,Atp5o,
Sec61a1,53421,15.212351,Sec61a1,
Necab2,117148,14.807149,Necab2,
Cpne6,12891,15.8856325,Cpne6,
Ppm1b,19043,15.321943,Ppm1b,
Cacnb1,12295,14.876775,Cacnb1,
Zfp763,73451,21.124914,Zfp763,
Pigb,55981,14.727205,Pigb,
Xab2,67439,14.906099,Xab2,
Hnrnpa2b1,53379,15.3274,Hnrnpa2b1,
Marcks,17118,15.490295,Marcks,
Kptn,70394,14.916022,Kptn,
H2afx,15270,17.723768,H2ax,
Mrpl12,56282,14.261546,Mrpl12,
Krr1,52705,14.566928,Krr1,
Rasgrf2,19418,15.27384,Rasgrf2,
Dhrs7b,216820,14.787148,Dhrs7b,
Cxcl14,57266,14.774578,Cxcl14,
Prcc,94315,14.814498,Prcc,
Cdca3,14793,14.836801,Cdca3,
Gabrd,14403,14.792573,Gabrd,
Cpt1a,12894,15.346683,Cpt1a,
Trib1,211770,14.810819,Trib1,
Ulk2,29869,14.820039,Ulk2,
Sephs1,109079,14.778158,Sephs1,
Tfb1m,224481,14.739323,Tfb1m,
E130311K13Rik,329659,21.712498,E130311K13Rik,
Plag1,56711,14.790761,Plag1,
Slc22a5,20520,15.705497,Slc22a5,
Chchd2,14004,14.382623,Chchd2,
Dcaf4,73828,15.371898,Dcaf4,
Dcaf6,74106,14.755068,Dcaf6,
Arap1,69710,15.255603,Arap1,
Dars2,226539,14.75331,Dars2,
Ptrh1,329384,14.890377,Ptrh1,
Ptdss1,19210,15.214857,Ptdss1,
Impdh1,23917,15.544074,Impdh1,
Rhou,69581,15.255603,Rhou,
B4galnt1,14421,15.524839,B4galnt1,
Rab5a,271457,15.227454,Rab5a,
Stag3,50878,15.537631,Stag3,
Ctbs,74245,14.844321,Ctbs,
Tmem8b,242409,14.831189,Tmem8b,
Pop7,74097,14.964741,Pop7,
Znhit6,229937,14.77995,Znhit6,
1110032A03Rik,68721,21.084198,1110032A03Rik,
Grm5,108071,15.289679,Grm5,
Kank2,235041,15.095176,Kank2,
Slc22a3,20519,15.0860615,Slc22a3,
Slc39a6,106957,14.827461,Slc39a6,
Ktn1,16709,14.749799,Ktn1,
Dzip3,224170,16.124754,Dzip3,
Dok7,231134,15.156033,Dok7,
Bend6,320705,15.45363,Bend6,
Zfp251,71591,21.385788,Zfp251,
Lpar2,53978,15.412123,Lpar2,
Cyb5r4,266690,16.715225,Cyb5r4,
Noxo1,71893,15.394731,Noxo1,
Immp1l,66541,14.783545,Immp1l,
Fcho1,74015,14.94422,Fcho1,
Erp29,67397,15.311101,Erp29,
Zscan22,232878,16.55111,Zscan22,
Tbc1d9b,76795,15.148865,Tbc1d9b,
Cdhr1,170677,15.207356,Cdhr1,
Kcnd2,16508,14.906099,Kcnd2,
Amigo1,229715,14.814498,Amigo1,
Rbak,57782,16.268755,Rbak,
Trp53i13,216964,21.385788,Trp53i13,
Tmem135,72759,14.774578,Tmem135,
Ctps2,55936,15.34391,Ctps2,
Sox9,20682,15.305711,Sox9,
Ppcs,106564,14.32826,Ppcs,
Srgap1,117600,15.287025,Srgap1,
Lgals4,16855,15.600176,Lgals4,
Smug1,71726,14.900182,Smug1,
Rnf144a,108089,15.284377,Rnf144a,
Pak1ip1,68083,14.746298,Pak1ip1,
Nlk,14751,15.660708,Nlk,
Rpl22l1,68028,14.676516,Rpl22l1,
Degs1,13244,14.796202,Degs1,
Robo3,19649,14.823745,Robo3,
Cwc25,67480,14.436601,Cwc25,
Cdca7l,217946,15.242732,Cdca7l,
Sepsecs,211006,14.751554,Sepsecs,
Nrp1,18186,15.194951,Nrp1,
Cltb,74325,14.788954,Cltb,
Pigo,56703,14.760362,Pigo,
Wbp5,22381,17.960428,Tceal9,
Galnt4,14426,15.836183,Galnt4,
Gripap1,54645,14.996142,Gripap1,
Cryz,12972,14.778158,Cryz,
Cyb5b,66427,16.630579,Cyb5b,
Adora2b,11541,14.792573,Adora2b,
Col19a1,12823,15.232527,Col19a1,
Parm1,231440,14.983491,Parm1,
Pla2g15,192654,14.755068,Pla2g15,
Jkamp,104771,14.778158,Jkamp,
Rpl30,19946,14.186673,Rpl30,
Tmem25,71687,15.247865,Tmem25,
Cnnm2,94219,15.305711,Cnnm2,
Plekha3,83435,14.774578,Plekha3,
Slc39a13,68427,14.776367,Slc39a13,
Pold4,69745,14.912044,Pold4,
Rnf128,66889,15.3274,Rnf128,
Pfdn4,109054,14.236501,Pfdn4,
Orai3,269999,15.932678,Orai3,
Scrt2,545474,14.900182,Scrt2,
Apc,11789,14.769229,Apc,
Chkb,12651,14.916022,Chkb,
Dcaf5,320808,14.77995,Dcaf5,
Lamb2,226519,16.611252,Lamb2,
Syce2,71846,14.878709,Syce2,
Iqgap1,29875,14.77101,Iqgap1,
Gfod1,328232,14.834928,Gfod1,
Cog6,67542,14.17648,Cog6,
Szt2,230676,14.796202,Szt2,
Nudt21,68219,14.798019,Nudt21,
Chchd10,103172,14.983491,Chchd10,
Myc,78688,15.86047,Myc,
Miip,28010,14.89429,Miip,
Calu,12321,15.371898,Calu,
Spryd3,223918,14.884529,Spryd3,
Mrps25,64658,14.245985,Mrps25,
Vps37a,52348,14.7428055,Vps37a,
Fkbp10,14230,15.321943,Fkbp10,
Epha4,13838,15.276467,Epha4,
Etnk2,214253,14.853782,Etnk2,
Ppp5c,19060,15.056872,Ppp5c,
Nudt8,66387,14.898214,Nudt8,
Rap1gap,110351,15.240174,Rap1gap,
Tymp,72962,15.281735,Tymp,
Gas2l3,237436,14.79984,Gas2l3,
Ddn,13199,15.669433,Ddn,
Paqr8,74229,14.816343,Paqr8,
Atpaf2,246782,14.765675,Atpaf2,
Cxcr4,12767,15.240174,Cxcr4,
BC005537,79555,21.385788,BC005537,
Denr,68184,14.283406,Denr,
Clstn2,64085,15.297668,Clstn2,
Ankrd13d,68423,14.940153,Ankrd13d,
Slc30a6,210148,14.816343,Slc30a6,
Car4,12351,21.124914,Car4,
Sesn2,230784,14.874843,Sesn2,
Top2a,21973,14.741062,Top2a,
Ajap1,230959,14.831189,Ajap1,
Nek9,217718,15.104356,Nek9,
Sdf2,20316,14.846208,Sdf2,
Fam73a,215708,17.653353,Miga1,
Etv1,14009,14.751554,Etv1,
Gabbr2,242425,14.718618,Gabbr2,
Homer2,26557,14.756831,Homer2,
Sun2,223697,15.00892,Sun2,
Mthfsd,234814,14.756831,Mthfsd,
Kcnj6,16522,14.825602,Kcnj6,
9530077C05Rik,68283,21.084198,Matcap2,
Barx2,12023,14.829325,Barx2,
Fam173a,214917,14.421245,Antkmt,
Rasa1,218397,15.284377,Rasa1,
Sp9,381373,14.844321,Sp9,
Sec24d,69608,14.767451,Sec24d,
Acot6,217700,16.79727,Acot6,
Fibin,67606,15.289679,Fibin,
Micall1,27008,15.258193,Micall1,
Decr1,67460,14.765675,Decr1,
Dusp4,319520,14.825602,Dusp4,
Bmp5,12160,14.776367,Bmp5,
Gdf10,14560,15.338383,Gdf10,
Ndnl2,66647,17.348036,Nsmce3,
Kif13a,16553,14.772793,Kif13a,
Pum2,80913,14.880647,Pum2,
Phyhip,105653,15.371898,Phyhip,
Cd47,16423,15.386121,Cd47,
Ehd1,13660,15.788542,Ehd1,
Gnptab,432486,14.378665,Gnptab,
Pllp,67801,14.906099,Pllp,
Slc6a3,13162,15.21988,Slc6a3,
Dusp18,75219,15.765362,Dusp18,
Cmas,12764,15.2452965,Cmas,
Hdlbp,110611,15.27384,Hdlbp,
Cend1,57754,15.426795,Cend1,
Arih1,23806,14.651894,Arih1,
Zwint,52696,15.902543,Zwint,
Cdk5rap2,214444,14.833056,Cdk5rap2,
Brpf3,268936,15.289679,Brpf3,
Dclre1c,227525,14.785345,Dclre1c,
Ccni,12453,14.808982,Ccni,
Litaf,56722,15.045816,Litaf,
Fmn2,54418,15.383263,Fmn2,
Prc1,233406,15.279097,Prc1,
Zic4,22774,14.912044,Zic4,
Khdrbs3,13992,14.834928,Khdrbs3,
Nr2c1,22025,14.801664,Nr2c1,
Flcn,216805,14.794385,Flcn,
Ogfod2,66627,14.751554,Ogfod2,
Hnrnpl,15388,15.00892,Hnrnpl,
St3gal4,20443,14.861402,St3gal4,
Lrrtm1,74342,14.801664,Lrrtm1,
Dak,225913,15.756864,Dak,
Fam46a,212943,14.4522085,Tent5a,
Usp35,244144,15.338383,Usp35,
Wdr24,268933,14.265164,Wdr24,
Sephs2,20768,16.09481,Sephs2,
Ccnf,12449,14.774578,Ccnf,
Nup43,69912,14.421534,Nup43,
Gm5901,100503879,21.385788,Gm5901,
Metap2,56307,15.111282,Metap2,
Ncoa1,17977,14.890377,Ncoa1,
Psenen,66340,14.998264,Psenen,
Polg2,50776,14.734116,Polg2,
Nupr1,56312,16.036915,Nupr1,
Rbm18,67889,14.765675,Rbm18,
Zfp608,269023,21.385788,Zfp608,
Eepd1,67484,14.865228,Eepd1,
Arhgap10,71435,18.24816,Arhgap10,
Gabra1,14394,14.844321,Gabra1,
Ptbp1,19205,15.276467,Ptbp1,
Nqo1,18104,15.168071,Nqo1,
Sf3b1,319322,17.723768,Sf3b1,
Ttyh2,117160,14.823745,Ttyh2,
Smchd1,74355,14.774578,Smchd1,
Trip4,56404,14.746298,Trip4,
Exog,208194,15.227454,Exog,
Hps1,192236,14.265164,Hps1,
Fyn,14360,15.276467,Fyn,
Tshz3,243931,15.250441,Tshz3,
Dmkn,73712,16.181509,Dmkn,
Ttbk1,140810,16.230392,Ttbk1,
Med17,234959,14.151898,Med17,
Rbm33,381626,15.289679,Rbm33,
Fbn1,14118,14.827461,Fbn1,
Gpkow,209416,14.998264,Gpkow,
Atf2,11909,14.732386,Atf2,
Arhgap5,11855,14.77101,Arhgap5,
Cdc37l1,67072,14.803489,Cdc37l1,
Ifngr2,15980,15.015355,Ifngr2,
Bdp1,544971,14.6357355,Bdp1,
Lipt1,623661,14.324463,Lipt1,
Txn2,56551,14.816343,Txn2,
Fkbp7,14231,14.748047,Fkbp7,
Gsta4,14860,17.133694,Gsta4,
4932438A13Rik,229227,21.084198,Bltp1,
Dnajc15,66148,14.851885,Dnajc15,
Rpp21,67676,14.597752,Rpp21,
Fam53c,66306,15.0860615,Fam53c,
Tmem167,66074,20.907745,Tmem167,
Golga2,99412,14.838676,Golga2,
Prrt1,260297,15.065784,Prrt1,
Alg12,223774,14.260343,Alg12,
Mast3,546071,15.253019,Mast3,
Rgs7,24012,15.263388,Rgs7,
Tmem106b,71900,15.330138,Tmem106b,
Eif4ebp1,13685,15.054654,Eif4ebp1,
Igfbp7,29817,14.846208,Igfbp7,
Smg7,226517,14.723763,Smg7,
Dedd2,67379,15.727623,Dedd2,
Plagl2,54711,14.801664,Plagl2,
Chsy1,269941,14.765675,Chsy1,
Rab35,77407,14.599313,Rab35,
Hax1,23897,14.855682,Hax1,
Ncam1,17967,15.255603,Ncam1,
Pcdh10,18526,15.338383,Pcdh10,
Prok2,50501,14.787148,Prok2,
Zyx,22793,14.619775,Zyx,
Dbi,13167,14.834928,Dbi,
Dbt,13171,14.774578,Dbt,
Gfer,11692,14.77995,Gfer,
Mmd2,75104,15.394731,Mmd2,
H6pd,100198,14.796202,H6pd,
Cradd,12905,14.884529,Cradd,
Pdk1,18607,17.723768,Pdk1,
Ccna2,12428,14.794385,Ccna2,
Top3b,21976,14.760362,Top3b,
Hnrnpa3,229279,14.814498,Hnrnpa3,
Mapk3,26417,15.204866,Mapk3,
Pdf,68023,15.061319,Pdf,
Ankrd49,56503,14.5472765,Ankrd49,
Srrm4,68955,14.778158,Srrm4,
Nr1d1,217166,15.011063,Nr1d1,
C1qtnf6,72709,15.377568,C1qtnf6,
Myef2,100041480,17.960428,Myef2,
Tmco1,68944,14.75331,Tmco1,
Panx1,55991,15.240174,Panx1,
Nol10,217431,14.730656,Nol10,
Il17d,239114,14.838676,Il17d,
Gprasp1,67298,16.516531,Gprasp1,
Ino80b,70020,14.892332,Ino80b,
Murc,68016,14.722015,Cavin4,
Hook1,77963,14.781747,Hook1,
Gramd1a,52857,15.172917,Gramd1a,
Camk1,52163,15.34946,Camk1,
Tmem87a,211499,15.204866,Tmem87a,
Phax,56698,14.284631,Phax,
Scoc,56367,15.214857,Scoc,
Rrp1,18114,15.050228,Rrp1,
Prr5,109270,15.352242,Prr5,
Chn2,69993,14.788954,Chn2,
Slc25a14,20523,14.863313,Slc25a14,
Rab4a,19341,14.892332,Rab4a,
Fam169a,320557,15.284377,Fam169a,
Srp54a,24067,22.149912,Srp54a,
Man1a2,17156,14.818189,Man1a2,
Tmem151a,381199,15.634342,Tmem151a,
Tfrc,22042,15.303024,Tfrc,
Fsd1l,319636,14.9361,Fsd1l,
Dock9,105445,15.214857,Dock9,
Prpf39,328110,14.785345,Prpf39,
Insrr,23920,15.400502,Insrr,
Col2a1,12824,15.366252,Col2a1,
Eri1,67276,14.785345,Eri1,
Ybx1,22608,14.71179,Ybx1,
P2rx7,18439,15.160834,P2rx7,
Ift122,81896,14.758595,Ift122,
Sgk1,20393,14.892332,Sgk1,
Ppard,19015,15.295001,Ppard,
Fkbp1b,14226,14.767451,Fkbp1b,
Taf9,108143,14.602439,Taf9,
Eif3l,223691,14.56085,Eif3l,
Fam178a,226151,16.183863,Slf2,
Ext2,14043,14.772793,Ext2,
Rasa3,19414,14.781747,Rasa3,
Nr1h4,20186,14.778158,Nr1h4,
Mme,17381,16.580143,Mme,
Rpl26,19941,14.544277,Rpl26,
Cwc15,66070,14.65515,Cwc15,
Rpl13,270106,13.769225,Rpl13,
Atp8b2,54667,14.934078,Atp8b2,
Htt,15567,18.145218,Htt,
Kif19a,286942,16.509726,Kif19a,
Ncapg2,76044,14.755068,Ncapg2,
Rnf6,74132,14.810819,Rnf6,
Gm10767,100038538,20.400923,Ramacl,
Slc40a1,53945,14.772793,Slc40a1,
Pnpla2,66853,14.763902,Pnpla2,
Slc10a4,231290,14.767451,Slc10a4,
Pth1r,19228,14.814498,Pth1r,
Dctn2,69654,14.853782,Dctn2,
Wdsub1,72137,14.734116,Wdsub1,
Mbtd1,103537,14.77995,Mbtd1,
Taok3,330177,15.34946,Taok3,
Lepre1,56401,15.842635,P3h1,
Setd2,235626,14.763902,Setd2,
Sema3a,20346,15.319224,Sema3a,
Stambpl1,76630,14.814498,Stambpl1,
Hectd3,76608,14.938125,Hectd3,
Stx3,20908,15.363438,Stx3,
Plxna2,18845,14.851885,Plxna2,
Zfp106,20402,21.385788,Zfp106,
Vangl1,229658,15.097465,Vangl1,
Ccdc106,232821,15.796364,Ccdc106,
Dgke,56077,14.788954,Dgke,
Foxo3,56484,15.227454,Foxo3,
Abcc10,320727,18.35969,Abcc10,
Kazald1,107250,15.303024,Kazald1,
Tmem9,66241,14.783545,Tmem9,
Chst12,59031,15.137002,Chst12,
Vhl,22346,14.600876,Vhl,
9930021J03Rik,240613,21.084198,Brd10,
Atad1,67979,15.292336,Atad1,
Rgma,244058,14.805318,Rgma,
2310011J03Rik,66374,21.712498,2310011J03Rik,
Nbr1,17966,15.287025,Nbr1,
Notch1,18128,15.289679,Notch1,
Sh3kbp1,58194,14.778158,Sh3kbp1,
Cyp46a1,13116,16.998371,Cyp46a1,
Ccdc90b,66365,14.812657,Ccdc90b,
Ythdc2,240255,15.013207,Ythdc2,
Btbd10,68815,15.284377,Btbd10,
Pnpla7,241274,15.311101,Pnpla7,
Rest,19712,14.880647,Rest,
Zfyve19,72008,14.7428055,Zfyve19,
Scn9a,20274,16.202778,Scn9a,
Ccm2,216527,14.796202,Ccm2,
Ppan,235036,14.785345,Ppan,
Mier3,218613,15.263388,Mier3,
Smc1a,24061,15.052439,Smc1a,
Neurl1b,240055,14.765675,Neurl1b,
Hspbap1,66667,14.30564,Hspbap1,
Cdkl4,381113,15.963528,Cdkl4,
Hmgxb4,70823,15.281735,Hmgxb4,
Slc6a11,243616,15.369071,Slc6a11,
Pdcd5,56330,14.75331,Pdcd5,
Atrn,11990,14.77101,Atrn,
Tnrc6a,233833,15.023986,Tnrc6a,
Pbx3,18516,15.374729,Pbx3,
Mrpl32,75398,14.247175,Mrpl32,
Cdc34,216150,15.289679,Cdc34,
Fam195a,68241,17.348036,Mcrip2,
E430025E21Rik,223593,21.084198,Washc5,
Uqcrh,66576,15.87726,Uqcrh,
Apoa1bp,246703,16.929543,Naxe,
Pcdhb5,93876,17.400675,Pcdhb5,
Fhl1,14199,15.2452965,Fhl1,
Zcchc2,227449,14.857587,Zcchc2,
Cdc26,66440,14.849989,Cdc26,
Phactr4,100169,15.369071,Phactr4,
Nkain2,432450,14.756831,Nkain2,
Hrk,12123,16.104715,Hrk,
Trpc5,22067,15.36063,Trpc5,
Tbl1x,21372,15.028322,Tbl1x,
Txndc15,69672,14.774578,Txndc15,
Nudcd3,209586,14.788954,Nudcd3,
Phb2,12034,14.465863,Phb2,
Barhl2,104382,14.863313,Barhl2,
C130060K24Rik,243407,21.084198,Qrfprl,
Prickle3,54630,15.137002,Prickle3,
Scrn3,74616,14.76213,Scrn3,
Abhd6,66082,15.265992,Abhd6,
C1s,50908,17.723768,C1s1,
Cgref1,68567,15.017509,Cgref1,
Maged1,94275,16.326412,Maged1,
Zfp423,94187,21.124914,Zfp423,
Bin1,30948,14.600876,Bin1,
Ppat,71743,18.61524,Ppat,
Mef2a,17258,15.242732,Mef2a,
Vcp,269523,14.746298,Vcp,
Mrpl22,216767,14.183266,Mrpl22,
Pex6,224824,14.306887,Pex6,
Slc38a10,72055,14.787148,Slc38a10,
Fmnl1,57778,15.263388,Fmnl1,
Rlim,19820,14.783545,Rlim,
Kcnip4,80334,15.21988,Kcnip4,
Mgat2,233549,18.049635,Mgat2,
Fndc3b,72007,15.265992,Fndc3b,
Ccne2,12448,14.758595,Ccne2,
Sema5b,20357,15.250441,Sema5b,
Ube2o,217342,14.778158,Ube2o,
2810021J22Rik,69944,20.721714,2810021J22Rik,
Ttc17,74569,14.769229,Ttc17,
Ctns,83429,14.361645,Ctns,
1810043H04Rik,208501,21.084198,Ndufaf8,
St3gal1,20442,15.227454,St3gal1,
Ubl3,24109,14.720332,Ubl3,
Mapk7,23939,14.970961,Mapk7,
Acp6,66659,14.834928,Acp6,
D19Ertd737e,76539,21.084198,Fam204a,
Ttc26,264134,13.424037,Ift56,
Atp1b2,11932,15.690949,Atp1b2,
Asxl1,228790,14.820039,Asxl1,
Hacl1,16693,17.522753,Hacl1,
Aimp1,13722,14.75331,Aimp1,
Ttc7b,104718,14.760362,Ttc7b,
Lmf2,622251,15.630132,Lmf2,
Siah3,380918,15.409207,Siah3,
Tmsb15b2,100034363,22.149912,Tmsb15b2,
Iffo1,320678,15.311101,Iffo1,
1110008F13Rik,67388,21.084198,1110008F13Rik,
Rpl36,54217,10.728373,Rpl36,
Ccnb2,12442,14.952389,Ccnb2,
Evi5l,213027,15.045816,Evi5l,
Mtch1,56462,15.287025,Mtch1,
Herc2,15204,14.344845,Herc2,
Grk5,14773,15.004646,Grk5,
Lsm3,67678,14.196944,Lsm3,
Dpysl2,12934,15.36063,Dpysl2,
Nudt9,74167,14.803489,Nudt9,
Zfp511,69752,21.124914,Zfp511,
Pptc7,320717,15.253019,Pptc7,
Fut10,56546,18.48137,Fut10,
2610020H08Rik,434234,20.400923,Rexo5,
Atp8a1,11980,14.7428055,Atp8a1,
Aldh7a1,110695,14.270004,Aldh7a1,
Adat1,30947,14.300665,Adat1,
Dlst,78920,14.703305,Dlst,
Slc41a2,338365,15.305711,Slc41a2,
Rpl22,19934,10.807619,Rpl22,
Gsto1,14873,15.247865,Gsto1,
Map4k5,399510,14.734116,Map4k5,
Tjap1,74094,14.820039,Tjap1,
Klhl9,242521,16.213543,Klhl9,
Isoc2a,664994,20.907745,Isoc2a,
Sec22a,317717,14.798019,Sec22a,
Pdxdc1,94184,14.77101,Pdxdc1,
Plekhm2,69582,14.741062,Plekhm2,
Mapk6,50772,14.787148,Mapk6,
St6galnac4,20448,14.825602,St6galnac4,
Lrrtm4,243499,14.994026,Lrrtm4,
Trim46,360213,15.400502,Trim46,
Nfic,18029,14.892332,Nfic,
Pus10,74467,14.292007,Pus10,
D2Wsu81e,227695,19.614708,Spout1,
Mrpl41,107733,14.289544,Mrpl41,
Golim4,73124,15.271219,Golim4,
Dpm3,68563,14.416096,Dpm3,
Cstf2,108062,14.788954,Cstf2,
Mapk9,26420,14.846208,Mapk9,
Ttyh3,78339,15.297668,Ttyh3,
Ppp1r3d,228966,15.369071,Ppp1r3d,
Fmn1,14260,14.807149,Fmn1,
Flna,192176,15.0860615,Flna,
Wdr45,54636,14.987695,Wdr45,
Papd4,100715,14.332434,Tent2,
Zfp524,66056,21.124914,Zfp524,
Arhgef2,16800,15.426795,Arhgef2,
Nr1h2,22260,15.84837,Nr1h2,
Ppp1r3c,53412,15.214857,Ppp1r3c,
Oprd1,18386,15.352242,Oprd1,
Aph1a,226548,15.383263,Aph1a,
Rbbp8,225182,14.776367,Rbbp8,
Clk1,12747,15.580097,Clk1,
B4galt7,218271,14.79984,B4galt7,
Mctp2,244049,15.271219,Mctp2,
Shkbp1,192192,15.079266,Shkbp1,
Zdhhc15,108672,15.3274,Zdhhc15,
Myh10,77579,15.088334,Myh10,
Slc2a3,20527,16.530252,Slc2a3,
Scpep1,74617,14.774578,Scpep1,
Slc29a1,63959,15.287025,Slc29a1,
Kcns2,16539,15.15364,Kcns2,
Ier3,15937,15.194951,Ier3,
Hpcal4,170638,15.158431,Hpcal4,
Hmgn3,94353,14.818189,Hmgn3,
Dtnbp1,94245,15.276467,Dtnbp1,
Hace1,209462,14.769229,Hace1,
Rpl29,666642,17.723768,Rpl29,
Rcan1,54720,15.276467,Rcan1,
Ankrd23,78321,15.950216,Ankrd23,
Cc2d2a,231214,14.424258,Cc2d2a,
Pin1,23988,14.774578,Pin1,
Snx6,72183,14.280959,Snx6,
Sec61b,66212,14.763902,Sec61b,
Hist2h2be,319190,18.049635,H2bc21,
Uckl1,68556,15.305711,Uckl1,
Ednrb,13618,15.295001,Ednrb,
Rhog,56212,15.287025,Rhog,
Spen,56381,14.457435,Spen,
Trpt1,107328,14.983491,Trpt1,
Araf,11836,15.03923,Araf,
Cpe,12876,14.781747,Cpe,
Chst10,98388,14.774578,Chst10,
Bhlhe40,20893,14.783545,Bhlhe40,
Nedd8,18002,14.4700985,Nedd8,
N6amt1,67768,16.004297,N6amt1,
Cdc25b,12531,15.000388,Cdc25b,
Prokr2,246313,16.192099,Prokr2,
Fam120a,218236,15.21988,Fam120a,
Rasa2,114713,14.785345,Rasa2,
Sdhaf1,68332,15.148865,Sdhaf1,
Rap1gap2,380711,15.287025,Rap1gap2,
Vars2,22321,17.348036,Vars2,
Fkbp9,27055,14.769229,Fkbp9,
Pi4k2b,67073,14.807149,Pi4k2b,
Sox4,20677,15.352242,Sox4,
Apln,30878,15.077009,Apln,
Synpo,104027,15.224924,Synpo,
Thap3,69876,15.720205,Thap3,
S100a13,20196,15.471834,S100a13,
Dlk2,106565,14.794385,Dlk2,
Hmgb1,15289,15.295001,Hmgb1,
Rbm15,229700,14.7428055,Rbm15,
Gpr83,14608,14.855682,Gpr83,
Kif26b,269152,15.308403,Kif26b,
Stx2,13852,15.23762,Stx2,
Shisa7,232813,15.773045,Shisa7,
Gclm,14630,14.273645,Gclm,
Ociad2,433904,14.970961,Ociad2,
Purg,75029,14.76213,Purg,
Bnip3l,12177,15.33288,Bnip3l,
Reep5,13476,14.781747,Reep5,
Zfp58,238693,21.124914,Zfp58,
Ilk,16202,14.298185,Ilk,
Nr1d2,353187,15.341144,Nr1d2,
Usp6nl,98910,14.788954,Usp6nl,
Ttbk2,140810,15.308403,Ttbk2,
Ube2l6,56791,15.705497,Ube2l6,
Hs3st1,15476,14.781747,Hs3st1,
Kifc2,16581,15.8856325,Kifc2,
Atp5g2,67942,15.1952715,Atp5mc2,
Tnk2,51789,15.316511,Tnk2,
Hs1bp3,58240,15.111282,Hs1bp3,
Stxbp4,20913,14.783545,Stxbp4,
Zfp804a,241514,20.907745,Zfp804a,
Tra2b,20462,14.734116,Tra2b,
Lrfn2,70530,15.250441,Lrfn2,
Atp5g1,11951,14.676796,Atp5mc1,
Lrrc57,66606,14.814498,Lrrc57,
Vma21,67048,14.647025,Vma21,
Edem3,66967,14.760362,Edem3,
Mapk1,26413,14.744551,Mapk1,
Cc2d1a,212139,14.956493,Cc2d1a,
Gtf2h1,14884,14.741062,Gtf2h1,
Rc3h1,381305,15.308403,Rc3h1,
Ier5l,72500,14.844321,Ier5l,
Tars2,71807,15.077009,Tars2,
Igf2bp3,140488,14.798019,Igf2bp3,
Rpl4,67891,13.79336,Rpl4,
Tsfm,66399,14.916022,Tsfm,
Lrrc51,69358,15.32467,Lrrc51,
Mpv17l,93734,15.054654,Mpv17l,
Ola1,67059,14.818189,Ola1,
Irak2,108960,15.426795,Irak2,
Pds5a,71521,14.783545,Pds5a,
Tpd52,21985,14.787148,Tpd52,
Polr3gl,69870,15.560326,Polr3gl,
Dclk2,70762,15.265992,Dclk2,
Brd4,57261,14.920013,Brd4,
Cyhr1,54151,13.686333,Cyhr1,
Prdx4,53381,14.772793,Prdx4,
Cops7b,26895,15.27384,Cops7b,
Ttc39b,69863,15.170491,Ttc39b,
Ino80c,225280,14.755068,Ino80c,
Slc23a2,20522,17.522753,Slc23a2,
2810006K23Rik,72650,21.084198,2810006K23Rik,
Trex1,22040,16.08498,Trex1,
Tgs1,72568,17.960428,Tgs1,
Ppdpf,66496,15.374729,Ppdpf,
Dnajc25,72429,14.855682,Dnajc25,
Zfp788,67607,21.124914,Zfp788,
Adarb1,110532,15.23762,Adarb1,
Mtdh,67154,15.250441,Mtdh,
Cntn5,244682,14.855682,Cntn5,
Pcnp,76302,15.00892,Pcnp,
Snx5,69178,14.818189,Snx5,
Ociad1,68095,15.092891,Ociad1,
Acsl5,433256,14.744551,Acsl5,
Pde6d,18582,14.783545,Pde6d,
Ppp4r1,70351,15.115923,Ppp4r1,
Npm3,18150,14.772793,Npm3,
Ace,11421,14.95855,Ace,
Sap18,20220,14.77101,Sap18,
Ubxn11,67586,14.774578,Ubxn11,
Slc6a6,21366,15.287025,Slc6a6,
Pcgf3,69587,15.172917,Pcgf3,
B9d2,232987,14.676516,B9d2,
Gm1673,381633,20.400923,Nicol1,
Chek1,12649,14.792573,Chek1,
Vav3,57257,15.202379,Vav3,
Anp32a,11737,14.869065,Anp32a,
Tuba1c,22146,16.831596,Tuba1c,
Pcnt,18541,14.851885,Pcnt,
Taf5l,102162,14.810819,Taf5l,
Chrd,12667,14.836801,Chrd,
Prdx6,54683,17.145752,Prdx6,
Adam1a,280668,20.2843,Adam1a,
Dnaja3,83945,15.258193,Dnaja3,
Nit1,27045,14.71179,Nit1,
Fbln2,14115,14.77995,Fbln2,
Pts,19286,14.621362,Pts,
Slc9a1,20544,15.224924,Slc9a1,
Frmpd1,666060,15.319224,Frmpd1,
Clptm1l,218335,14.7289295,Clptm1l,
Fam76a,230789,15.400502,Fam76a,
1810037I17Rik,67704,21.084198,Arln,
Cav1,12389,14.756831,Cav1,
Nfyb,18045,15.028322,Nfyb,
Pls1,102502,14.983491,Pls1,
Bcas1,76960,14.831189,Bcas1,
Rnf103,22644,15.212351,Rnf103,
Zkscan5,22757,16.099752,Zkscan5,
Sf3b5,66125,14.355159,Sf3b5,
Ankrd11,77087,14.785345,Ankrd11,
Vars,22321,14.570018,Vars1,
Ap4e1,108011,14.735849,Ap4e1,
Adamts16,271127,15.687339,Adamts16,
Mast1,56527,15.505883,Mast1,
Clcn6,26372,14.776367,Clcn6,
Rab43,69834,15.070263,Rab43,
Cep192,70799,14.838676,Cep192,
Hpcal1,53602,14.906099,Hpcal1,
Cish,12700,15.2452965,Cish,
Copb2,50797,14.693194,Copb2,
Cdkn2c,12580,14.785345,Cdkn2c,
Lgmn,19141,14.77101,Lgmn,
Ubxn7,224111,14.769229,Ubxn7,
Crat,12908,15.026153,Crat,
Plch2,269615,15.232527,Plch2,
Csrp2,13008,14.865228,Csrp2,
Ggt7,207182,15.185111,Ggt7,
Dazap2,23994,14.820039,Dazap2,
Lrig1,16206,14.735849,Lrig1,
Cnot3,232791,15.651769,Cnot3,
Plcd4,18802,15.265992,Plcd4,
Pusl1,433813,14.769229,Pusl1,
Cd3eap,70333,14.361388,Polr1g,
Dgkz,104418,15.227454,Dgkz,
Entpd2,12496,15.255603,Entpd2,
Lace1,215951,14.471137,Afg1l,
Tet2,214133,14.727205,Tet2,
Dkc1,245474,14.755068,Dkc1,
Cd276,102657,14.820039,Cd276,
Arpc3,56378,14.7289295,Arpc3,
Nicn1,66257,14.801664,Nicn1,
Wdr54,75659,14.838676,Wdr54,
Crebl2,232430,14.790761,Crebl2,
Fam175a,70681,14.529585,Abraxas1,
Zfp217,228913,21.124914,Zfp217,
Dennd1b,329260,14.798019,Dennd1b,
Rps7,20115,9.913409,Rps7,
Pcyt1a,13026,15.281735,Pcyt1a,
Slc17a8,216227,14.751554,Slc17a8,
Dst,13518,14.840556,Dst,
Med27,68975,14.271216,Med27,
Gabrb1,14400,14.95855,Gabrb1,
Hist2h3b,319154,21.084198,H3c13,
C2cd4c,237397,15.247865,C2cd4c,
Letm2,270035,14.834928,Letm2,
Slc39a10,227059,14.796202,Slc39a10,
Arpc2,76709,14.265164,Arpc2,
Fbxo3,57443,14.792573,Fbxo3,
Zdhhc21,68268,14.79984,Zdhhc21,
Ddx20,53975,14.760362,Ddx20,
Phlda3,27280,14.926023,Phlda3,
Nab2,17937,14.353864,Nab2,
Megf9,230316,15.263388,Megf9,
Dnajb14,70604,14.765675,Dnajb14,
Srfbp1,67222,14.774578,Srfbp1,
E130309D14Rik,432582,20.400923,Ccdc92b,
Nom1,433864,14.756831,Nom1,
Mtmr2,77116,14.776367,Mtmr2,
Sema4b,20352,15.281735,Sema4b,
Fkbpl,56299,15.081528,Fkbpl,
Vamp1,22317,15.300345,Vamp1,
Crot,74114,14.788954,Crot,
Impact,16210,14.713493,Impact,
Cacng8,81905,15.769197,Cacng8,
1700029J07Rik,69479,21.084198,Cfap96,
Vwc2,319922,14.741062,Vwc2,
Dpy19l3,233115,14.751554,Dpy19l3,
Higd1a,56295,14.878709,Higd1a,
Ddx26b,236790,16.16119,Ints6l,
Rnf121,75212,14.880647,Rnf121,
Akr1b3,11677,19.614708,Akr1b1,
Kif9,16578,14.908077,Kif9,
Gnl3l,237107,14.983491,Gnl3l,
Rnpep,215615,15.148865,Rnpep,
Nans,94181,14.77101,Nans,
Exoc6b,75914,14.865228,Exoc6b,
Ankrd34a,545554,15.34946,Ankrd34a,
Vwc2l,320460,14.75331,Vwc2l,
Acsl4,50790,15.316511,Acsl4,
Tbl1xr1,81004,15.295001,Tbl1xr1,
Trim33,94093,14.71179,Trim33,
Tmem104,320534,14.790761,Tmem104,
Adprhl1,234072,14.922014,Adprhl1,
Gbx2,14472,14.863313,Gbx2,
Ubl4,27643,18.764015,Ubl4a,
Pdcd7,18572,18.35969,Pdcd7,
Dll1,13388,15.303024,Dll1,
Ric8b,237422,14.760362,Ric8b,
Taf1,270627,14.339721,Taf1,
Rwdd2a,69519,15.374729,Rwdd2a,
Cited1,12705,15.160834,Cited1,
Brd9,105246,14.776367,Brd9,
Zc3h6,78751,15.209851,Zc3h6,
Sh3bp2,24055,14.836801,Sh3bp2,
Dscr3,13185,14.321025,Vps26c,
Pla2g4e,329502,16.022837,Pla2g4e,
Pltp,18830,14.8825865,Pltp,
Derl2,116891,14.727205,Derl2,
2610507B11Rik,72503,21.084198,Bltp2,
Fem1b,14155,14.778158,Fem1b,
Senp5,320213,15.043619,Senp5,
Rmnd1,66084,14.739323,Rmnd1,
Isl1,16392,15.287025,Isl1,
Mrpl16,94063,14.213086,Mrpl16,
Slc25a18,71803,15.229987,Slc25a18,
Fam129b,227737,14.549648,Niban2,
Lrrcc1,71710,14.756831,Lrrcc1,
Rexo4,227656,14.796202,Rexo4,
Asb8,78541,14.829325,Asb8,
Uqcrb,22272,17.960428,Uqcrb,
Tubb6,67951,14.922014,Tubb6,
Arsg,74008,14.878709,Arsg,
1110008L16Rik,66132,21.084198,Prorp,
Prr13,66151,15.276467,Prr13,
Pitpna,18738,15.250441,Pitpna,
Coq2,71883,14.210768,Coq2,
Ndufs4,17993,14.720332,Ndufs4,
2010107E04Rik,70257,21.084198,Atp5mj,
Stx1a,20907,14.912044,Stx1a,
Fbln1,14114,14.7428055,Fbln1,
Scn2a1,110876,19.614708,Scn2a1,
Lphn1,330814,15.972783,Adgrl1,
Epha8,13842,14.8825865,Epha8,
Glb1l,74577,14.778158,Glb1l,
Stradb,227154,14.781747,Stradb,
Dgkd,110524,16.814821,Dgkd,
Magee1,107528,17.441732,Magee1,
Ppp1r14c,76142,14.914032,Ppp1r14c,
Mrps2,118451,14.25914,Mrps2,
Pja1,18744,16.2244,Pja1,
Fgf14,14169,14.794385,Fgf14,
Snrpb,20638,14.794385,Snrpb,
Whsc1,107823,14.61879,Nsd2,
Grin2d,14814,15.720205,Grin2d,
Pccb,66904,14.748047,Pccb,
Lsm6,78651,14.591528,Lsm6,
Prmt1,15469,14.940153,Prmt1,
Rbm45,241490,14.82189,Rbm45,
Cand1,71902,14.277298,Cand1,
Cbr1,12408,15.547309,Cbr1,
Cyb5d2,192986,16.731224,Cyb5d2,
Stxbp5,78808,15.297668,Stxbp5,
Pask,269224,14.538304,Pask,
Smtnl2,276829,15.355033,Smtnl2,
Crebbp,12914,15.263388,Crebbp,
Hmox2,15369,15.305711,Hmox2,
Ubr2,224826,14.77101,Ubr2,
Anks1,224650,21.124914,Anks1,
Gpld1,14756,15.279097,Gpld1,
Sort1,20661,15.441635,Sort1,
Fsd1,240121,14.865228,Fsd1,
Slmo2,66390,16.095396,Prelid3b,
Commd10,69456,14.748047,Commd10,
Dhcr24,74754,14.7428055,Dhcr24,
Ephx1,13849,14.880647,Ephx1,
Fchsd1,319262,15.369071,Fchsd1,
Rraga,68441,15.303024,Rraga,
Irf7,54123,14.853782,Irf7,
Cnst,226744,15.279097,Cnst,
Actn1,109711,14.803489,Actn1,
Pcbp2,18521,15.028322,Pcbp2,
Atp4a,11944,15.509024,Atp4a,
Limk1,16885,14.694873,Limk1,
Ppp1r13b,21981,15.271219,Ppp1r13b,
Usp13,72607,14.774578,Usp13,
Fkbp2,14227,15.013207,Fkbp2,
Eif4a1,13681,15.746356,Eif4a1,
Ddah1,69219,14.765675,Ddah1,
Kctd15,233107,15.168071,Kctd15,
Mmachc,67096,14.778158,Mmachc,
Fbxo42,213499,14.323199,Fbxo42,
Myl4,17896,15.253019,Myl4,
Pcsk9,100102,15.077009,Pcsk9,
Trim32,69807,14.798019,Trim32,
Fcf1,73736,14.699925,Fcf1,
Fbxl3,50789,15.313804,Fbxl3,
Eif2s1,13665,15.250441,Eif2s1,
Pgpep1,66522,14.863313,Pgpep1,
Arhgap21,71435,15.1346445,Arhgap21,
Rcl1,59028,14.696556,Rcl1,
Itga8,241226,14.781747,Itga8,
H13,14950,21.385788,H13,
Otud7a,170711,14.796202,Otud7a,
Rab9b,319642,14.82189,Rab9b,
Agbl4,78933,15.106662,Agbl4,
Ahcy,269378,13.435753,Ahcy,
Iqcb1,320299,15.000388,Iqcb1,
Vit,17342,17.461943,Vit,
Rasgef1c,74563,15.300345,Rasgef1c,
Fntb,110606,14.456037,Fntb,
Rbm38,56190,14.874843,Rbm38,
Pigu,228812,14.744551,Pigu,
Hspa4,15525,15.292336,Hspa4,
Tuft1,22156,15.391854,Tuft1,
Unc5d,210801,15.276467,Unc5d,
Extl2,58193,14.812657,Extl2,
Nup205,70699,14.280959,Nup205,
Abhd12,76192,14.814498,Abhd12,
Ercc6,319955,14.781747,Ercc6,
Zfp120,104348,20.907745,Zfp120,
Prkcq,18761,14.816343,Prkcq,
Tsr1,104662,14.208454,Tsr1,
Xpc,22591,14.308134,Xpc,
Casp6,12368,15.204866,Casp6,
Nacc1,66830,15.518491,Nacc1,
Sez6l,56747,15.160834,Sez6l,
Nufip2,68564,14.730656,Nufip2,
A730017C20Rik,225583,21.084198,Minar2,
Ccdc80,67896,14.785345,Ccdc80,
6030458C11Rik,77877,21.385788,6030458C11Rik,
Socs5,56468,15.199899,Socs5,
Trmt2a,15547,14.75331,Trmt2a,
Chrm1,12669,15.87726,Chrm1,
Thap2,66816,16.008907,Thap2,
Tubgcp5,233276,14.75331,Tubgcp5,
Mfsd1,66868,14.725483,Mfsd1,
Sec31a,69162,14.751554,Sec31a,
Ubxn4,67812,14.792573,Ubxn4,
Dync2h1,110350,14.798019,Dync2h1,
Sntg1,71096,14.801664,Sntg1,
Ubqln4,94232,14.846208,Ubqln4,
Trim35,66854,15.471834,Trim35,
Trpm4,68667,15.873094,Trpm4,
Chm,12662,14.377348,Chm,
Dera,232449,14.300665,Dera,
Cttnbp2nl,80281,15.260789,Cttnbp2nl,
2700060E02Rik,68045,21.084198,Rtraf,
Stat2,20847,14.89429,Stat2,
Slc25a30,67554,15.341144,Slc25a30,
Tsr2,69499,14.920013,Tsr2,
Cdh11,12552,14.853782,Cdh11,
Mesdc2,67943,14.471137,Mesd,
Helq,191578,14.758595,Helq,
Tanc2,77097,15.27384,Tanc2,
Cenpc1,12617,21.385788,Cenpc1,
Arid4a,238247,14.765675,Arid4a,
Abi2,329165,15.207356,Abi2,
Dido1,23856,14.983491,Dido1,
Rnf32,56874,14.82189,Rnf32,
Rad51,57434,16.580143,Rad51,
Taco1,70207,17.008297,Taco1,
Slc18a2,214084,14.772793,Slc18a2,
Fam19a2,268354,14.409055,Tafa2,
Aldh3b1,67689,15.289679,Aldh3b1,
Dfna5,54722,14.458488,Gsdme,
Lamp1,16783,14.890377,Lamp1,
Rab3ip,216363,14.898214,Rab3ip,
Hrasls,27281,14.563194,Plaat1,
Lphn3,319387,16.183863,Lphn3,
Gadd45gip1,102060,14.973041,Gadd45gip1,
Mfsd8,72175,14.7428055,Mfsd8,
Uhmk1,16589,14.880647,Uhmk1,
Tle2,21886,15.687339,Tle2,
Smarca5,93762,14.814498,Smarca5,
Tbl2,27368,14.792573,Tbl2,
Dus4l,71916,14.9361,Dus4l,
Vezf1,22344,15.229987,Vezf1,
Pm20d2,242377,15.151249,Pm20d2,
Ergic2,67456,14.9361,Ergic2,
Zfp672,319475,21.385788,Zfp672,
Nme5,75533,14.787148,Nme5,
Cep110,26920,17.586458,Cep110,
Chic2,74277,14.857587,Chic2,
Ctu1,233189,14.472927,Ctu1,
Oplah,75475,14.863313,Oplah,
Hsph1,15505,15.202379,Hsph1,
Ggh,14590,14.825602,Ggh,
Ccdc57,71276,14.918017,Ccdc57,
Gyk,14933,18.35969,Gk,
Rnf167,70510,15.180221,Rnf167,
Inppl1,16332,15.346683,Inppl1,
Cd14,12475,15.576781,Cd14,
Eif4h,22384,14.756831,Eif4h,
Sipa1l2,244668,15.004646,Sipa1l2,
Rab11b,19326,15.321943,Rab11b,
Rab3a,19339,15.321943,Rab3a,
Mllt11,56772,14.785345,Mllt11,
Pnrc1,108767,14.918017,Pnrc1,
Gne,50798,14.774578,Gne,
Gcc2,70297,15.15364,Gcc2,
Grm1,14816,15.321943,Grm1,
Vamp3,22319,14.808982,Vamp3,
Acss2,60525,14.796202,Acss2,
Fem1a,14154,14.934078,Fem1a,
Eef1d,66656,15.388985,Eef1d,
Smarcb1,20587,15.199899,Smarcb1,
Unc93b1,54445,14.82189,Unc93b1,
Phpt1,75454,14.734116,Phpt1,
Itgb1,16412,15.194951,Itgb1,
Stam,20844,14.420173,Stam,
Mpnd,19175,18.48137,Mpnd,
Sgip1,73094,15.139367,Sgip1,
Emx2,13797,14.812657,Emx2,
Crhr1,12921,15.000388,Crhr1,
Rps26,27370,14.379982,Rps26,
Lhx2,16870,15.32467,Lhx2,
Nop58,55989,14.6341305,Nop58,
Th,21829,17.193527,Th,
Nr6a1,14536,15.2224,Nr6a1,
Dusp26,66959,15.182663,Dusp26,
Trim9,94090,14.315645,Trim9,
Txnl4b,234723,14.756831,Txnl4b,
Ncald,52589,15.308403,Ncald,
Tmem150c,231503,14.842437,Tmem150c,
1110012L19Rik,68618,21.084198,Eola1,
Mn1,433938,15.369071,Mn1,
E2f3,13557,14.774578,E2f3,
Hap1,11792,18.35969,Hap1,
Fuk,234730,14.211996,Fcsk,
1810055G02Rik,72056,21.124914,1810055G02Rik,
Pten,19211,14.674861,Pten,
Pskh1,244631,14.79984,Pskh1,
Ncbp1,433702,15.151249,Ncbp1,
Pfn1,18643,15.297668,Pfn1,
Slbp,20492,14.381303,Slbp,
Evi5,14020,14.658414,Evi5,
Map3k1,26401,15.063549,Map3k1,
Lin7a,108030,14.785345,Lin7a,
Bmpr1b,12167,15.2224,Bmpr1b,
Akap10,56697,14.776367,Akap10,
Fam122a,68034,14.974345,Pabir1,
Cntln,338349,14.812657,Cntln,
Hint3,66847,14.772793,Hint3,
Zbtb8b,215627,14.823745,Zbtb8b,
Dolk,227697,14.289544,Dolk,
Qsox2,227638,14.785345,Qsox2,
Fam133b,68152,14.803489,Fam133b,
Map3k2,26405,14.794385,Map3k2,
Col4a5,12830,14.831189,Col4a5,
Scyl3,240880,14.758595,Scyl3,
Dpm2,13481,14.562366,Dpm2,
Bmp1,12153,15.391854,Bmp1,
Bex1,12069,18.24816,Bex1,
Bap1,14924,17.243074,Bap1,
Grm7,108073,14.767451,Grm7,
Lrch2,210297,14.792573,Lrch2,
Wsb1,78889,14.796202,Wsb1,
Zfp248,72720,21.124914,Zfp248,
Tyrobp,22177,15.242732,Tyrobp,
Snrpc,20630,14.760362,Snrpc,
Arcn1,213827,15.197422,Arcn1,
Rsbn1l,242860,15.242732,Rsbn1l,
Slc35e1,270066,14.774578,Slc35e1,
Ppip5k2,227399,15.056872,Ppip5k2,
Ank,11732,19.352617,Ank,
Tm4sf5,75604,15.139367,Tm4sf5,
Zdhhc22,238331,14.783545,Zdhhc22,
Plcb3,18797,15.127591,Plcb3,
Klhl35,72184,15.311101,Klhl35,
Thra,21833,14.409331,Thra,
Pkd2l2,53871,15.465738,Pkd2l2,
Cox10,70383,14.704997,Cox10,
Acot11,329910,15.258193,Acot11,
Snrnp70,20637,15.03923,Snrnp70,
Bcl2l2,12050,17.248306,Bcl2l2,
Taf11,68776,14.278517,Taf11,
Stt3a,16430,14.248366,Stt3a,
Itga6,16403,15.194951,Itga6,
Cdk9,107951,14.308134,Cdk9,
Ext1,14042,15.276467,Ext1,
Noc4l,100608,14.772793,Noc4l,
Tomm7,66169,14.842437,Tomm7,
Pak2,224105,15.311101,Pak2,
Appbp2,66884,14.790761,Appbp2,
Nudt1,17766,14.769229,Nudt1,
Pcgf5,76073,15.247865,Pcgf5,
Zfp282,101095,21.124914,Zfp282,
Ing5,66262,14.651894,Ing5,
Elmod2,244548,14.77101,Elmod2,
Cnih3,72978,14.848097,Cnih3,
Zfp27,22689,21.124914,Zfp27,
1700084C01Rik,78465,21.084198,Ccdc190,
Susd2,71733,14.863313,Susd2,
Camk4,12326,15.079266,Camk4,
Trim11,94091,16.235346,Trim11,
2210408I21Rik,72371,22.149912,2210408I21Rik,
Lgals9,16859,16.229862,Lgals9,
Sap130,101943,15.756864,Sap130,
1810022K09Rik,69126,21.084198,Rbis,
Vkorc1,27973,15.15364,Vkorc1,
Nppc,18159,14.872914,Nppc,
Svop,68666,15.265992,Svop,
Itch,16396,15.265992,Itch,
Serpina3f,238393,22.813986,Serpina3f,
Axin1,12005,14.781747,Axin1,
Mib1,225164,14.283406,Mib1,
Stk25,59041,15.305711,Stk25,
Ngfr,18053,15.3274,Ngfr,
Zfp239,22685,20.721714,Zfp239,
Plekho1,67220,15.297668,Plekho1,
Phf13,230936,14.767451,Phf13,
Mprip,26936,14.890377,Mprip,
Kank3,80880,14.946258,Kank3,
Topbp1,235559,14.751554,Topbp1,
Numb,18222,14.277298,Numb,
Nf2,18016,15.292336,Nf2,
Ranbp17,66011,15.550551,Ranbp17,
Erc2,238988,14.7289295,Erc2,
Cybrd1,73649,16.572306,Cybrd1,
Scyl2,213326,14.75331,Scyl2,
Gpc3,14734,14.810819,Gpc3,
Csde1,229663,14.755068,Csde1,
4933411K20Rik,66756,21.084198,4933411K20Rik,
Bmf,171543,15.199899,Bmf,
Mtfmt,69606,14.794385,Mtfmt,
2610018G03Rik,70415,21.084198,Stk26,
Tmem59,56374,14.772793,Tmem59,
Cdkn2aip,70925,14.904122,Cdkn2aip,
Ahsa1,217737,15.102055,Ahsa1,
Rwdd3,66568,14.861402,Rwdd3,
Slc7a6,330836,14.820039,Slc7a6,
Zc3h3,223642,14.343561,Zc3h3,
Neurl4,216860,14.42836,Neurl4,
Gtf3c4,269252,14.796202,Gtf3c4,
Tcp11,71841,17.876802,Tcp11,
Pip5k1b,18719,15.311101,Pip5k1b,
Nub1,18150,17.586458,Nub1,
Tkt,21881,13.148923,Tkt,
Bbx,70508,14.576099,Bbx,
Gas2l1,78926,14.861402,Gas2l1,
Caskin2,140721,15.156033,Caskin2,
Mier1,71148,15.23762,Mier1,
Golga7,57437,14.861402,Golga7,
Map3k14,53859,15.3274,Map3k14,
Cables2,252966,15.297668,Cables2,
Dicer1,192119,14.756831,Dicer1,
Fcer1g,14127,15.037041,Fcer1g,
Mterfd2,69821,15.878546,Mterf4,
Itpka,228550,14.825602,Itpka,
Mfap1b,100034361,22.813986,Mfap1b,
Cars2,71941,14.772793,Cars2,
Col24a1,71355,15.217366,Col24a1,
Rtn4,68585,15.289679,Rtn4,
Lsm10,116748,14.55028,Lsm10,
Bbs4,102774,14.319416,Bbs4,
Alg3,19165,17.798098,Alg3,
Creb3l2,208647,14.79984,Creb3l2,
Map3k3,26406,14.792573,Map3k3,
Bcl9l,80288,14.774578,Bcl9l,
Stap2,106766,15.662338,Stap2,
Xpr1,19775,15.229987,Xpr1,
Arhgap36,75404,15.004646,Arhgap36,
Exosc10,50912,14.748047,Exosc10,
Iscu,66383,13.901938,Iscu,
Ccdc74a,72315,20.166035,Ccdc74a,
Scn1a,20265,16.763826,Scn1a,
Egln3,112407,14.872914,Egln3,
Tnrc6b,213988,15.192484,Tnrc6b,
Tac2,21334,21.712498,Tac2,
Ptpdc1,218232,15.303024,Ptpdc1,
Cops2,12848,14.734116,Cops2,
Nme4,56520,15.017509,Nme4,
Col4a3bp,68018,14.135687,Cert1,
Smc2,14211,14.229431,Smc2,
Plk1s1,228730,16.095396,Kiz,
Prss12,19142,14.785345,Prss12,
Timm50,66525,14.924016,Timm50,
Egln2,112406,15.175347,Egln2,
Il4ra,16190,21.385788,Il4ra,
Pms2,18861,14.273645,Pms2,
Nova2,384569,15.300345,Nova2,
Lipe,16890,15.547309,Lipe,
Zbtb10,229055,14.737585,Zbtb10,
Rer1,67830,14.66005,Rer1,
Yme1l1,27377,15.207356,Yme1l1,
Ostc,239790,18.35969,Ostc,
P2rx4,18438,15.366252,P2rx4,
Evc,59056,15.253019,Evc,
Ankrd50,99696,14.803489,Ankrd50,
Selk,80795,17.055033,Selenok,
Nek4,23955,14.756831,Nek4,
Aqp4,11829,14.77101,Aqp4,
C030046E11Rik,226089,21.084198,Ric1,
Pld3,18807,14.851885,Pld3,
Ssb,20823,13.584292,Ssb,
Sirt5,68346,14.803489,Sirt5,
Rab3il1,74760,14.810819,Rab3il1,
Wrnip1,78903,14.749799,Wrnip1,
Sgms1,208449,15.23762,Sgms1,
Plcxd2,433022,14.801664,Plcxd2,
Pbx1,18514,15.377568,Pbx1,
Egr3,13655,14.818189,Egr3,
Isca2,74316,14.708389,Isca2,
Art3,109979,15.113599,Art3,
Fdxr,14149,14.751554,Fdxr,
Arrdc2,70807,14.853782,Arrdc2,
Acbd3,170760,14.737585,Acbd3,
Skap2,54353,14.744551,Skap2,
Cap2,20725,17.586458,Cap2,
Pigq,14755,14.77995,Pigq,
Ecel1,13599,15.207356,Ecel1,
Alg10b,380959,19.620222,Alg10b,
Kdm5b,75605,15.289679,Kdm5b,
Adam11,11488,14.825602,Adam11,
Acsl1,14081,15.281735,Acsl1,
Pwp2,110816,15.242732,Pwp2,
Ngfrap1,12070,17.960428,Bex3,
Chst8,68947,15.065784,Chst8,
Nes,18008,14.42836,Nes,
Fancb,237211,14.778158,Fancb,
Ttc14,67120,14.794385,Ttc14,
Ssbp3,72475,15.284377,Ssbp3,
Cflar,12633,15.229987,Cflar,
Tyw3,209584,14.778158,Tyw3,
Usp3,235441,14.737585,Usp3,
Ddx3x,13205,15.391854,Ddx3x,
Tcta,102791,14.888425,Tcta,
Atp5d,66043,14.490336,Atp5d,
F8a,14070,16.374456,F8a,
Ywhah,22629,15.137002,Ywhah,
Sh3pxd2b,268396,14.756831,Sh3pxd2b,
Taf1d,75316,15.297668,Taf1d,
Oprl1,18389,14.778158,Oprl1,
Prkx,19108,14.863313,Prkx,
Fam163b,109349,15.295001,Fam163b,
Nlgn3,245537,15.33288,Nlgn3,
Dhrs11,192970,15.2224,Dhrs11,
Cpsf3l,71957,14.509815,Ints11,
Suox,211389,14.836801,Suox,
Arhgap23,58996,15.363438,Arhgap23,
Tiparp,99929,14.886476,Tiparp,
Pdgfa,18590,15.224924,Pdgfa,
Rpp30,54364,14.294475,Rpp30,
Slc16a10,72472,14.756831,Slc16a10,
Extl1,56219,15.462701,Extl1,
Pecam1,18613,15.23507,Pecam1,
Fkrp,243853,14.934078,Fkrp,
Prpf19,28000,14.794385,Prpf19,
Bbs9,319845,14.325727,Bbs9,
Tgfb3,21809,14.803489,Tgfb3,
Gramd4,223752,15.2452965,Gramd4,
Resp18,19711,16.456522,Resp18,
Lyplal1,226791,14.934078,Lyplal1,
Syne2,319565,15.369071,Syne2,
Dnajc4,57431,15.06802,Dnajc4,
Man2b2,17160,15.019665,Man2b2,
Zfyve28,231125,14.805318,Zfyve28,
Gpr3,14748,14.848097,Gpr3,
Pmepa1,65112,14.857587,Pmepa1,
Col15a1,12819,15.590097,Col15a1,
Eif3a,13669,14.56085,Eif3a,
Prickle2,243548,15.305711,Prickle2,
Jak3,16453,14.934078,Jak3,
Ccdc93,70829,14.744551,Ccdc93,
Tmem17,103765,14.846208,Tmem17,
Wtip,101543,14.942185,Wtip,
Pja2,224938,15.127591,Pja2,
Gps2,56310,15.048021,Gps2,
Rnaseh1,19819,14.818189,Rnaseh1,
Klhl36,234796,14.807149,Klhl36,
Cenpa,12615,15.658807,Cenpa,
Fgd6,13998,14.82189,Fgd6,
Aff1,17355,14.926023,Aff1,
Gal,14594,17.403778,Gal,
Vax1,22326,14.776367,Vax1,
Mfng,17305,14.926023,Mfng,
Pnp2,667034,22.149912,Pnp2,
Bcl2l11,12125,15.011063,Bcl2l11,
Aatk,11302,15.330138,Aatk,
Eif3e,16341,14.599313,Eif3e,
Etaa1,68145,15.232527,Etaa1,
Mbd1,17190,15.788542,Mbd1,
Sgcb,24051,14.723763,Sgcb,
Plod3,26433,15.163241,Plod3,
Wdr78,242584,13.900498,Dnai4,
Rfc5,72151,14.661687,Rfc5,
Gusb,110006,14.790761,Gusb,
Hat1,107435,14.195799,Hat1,
Zbtb7c,207259,15.151249,Zbtb7c,
Zfp110,65020,21.385788,Zfp110,
Ppm1f,68606,14.801664,Ppm1f,
Ptrf,19285,14.61879,Cavin1,
Ctbp1,13016,14.892332,Ctbp1,
H3f3b,15081,18.62944,H3f3b,
Arl6ip1,54208,14.362946,Arl6ip1,
Nol8,70930,14.673205,Nol8,
Cdkn1c,12577,15.570174,Cdkn1c,
Palmd,114301,15.227454,Palmd,
Hes1,15205,15.300345,Hes1,
Fbn2,14119,15.371898,Fbn2,
Lrp4,53419,17.193527,Lrp4,
Gm3448,100041639,21.084198,Gm3448,
Iqcc,230767,14.89429,Iqcc,
Zmym3,56364,15.297668,Zmym3,
Dffa,13347,14.787148,Dffa,
Tomm40,53333,15.137002,Tomm40,
Slc35a4,67843,14.916022,Slc35a4,
Slc7a10,53896,15.311101,Slc7a10,
Lsm14b,241846,14.778158,Lsm14b,
6430573F11Rik,319582,21.084198,Trmt9b,
Tmem53,68777,14.767451,Tmem53,
Spag6,50525,18.145218,Spag6,
Pabpc4,230721,14.774578,Pabpc4,
Mark3,17169,15.260789,Mark3,
Steap2,74051,14.910059,Steap2,
Tbkbp1,73174,14.863313,Tbkbp1,
Fam150b,100294583,14.669407,Alkal2,
Il18bp,16068,15.5636,Il18bp,
Ggnbp1,70772,19.479548,Ggnbp1,
Spats1,71020,15.765362,Spats1,
Foxn3,71375,15.070263,Foxn3,
Pfdn2,18637,14.401263,Pfdn2,
Homer3,26558,15.287025,Homer3,
Gpcpd1,74182,14.767451,Gpcpd1,
Tspyl5,239364,16.186792,Tspyl5,
Mesp2,17293,16.160583,Mesp2,
Hyal2,15587,15.380411,Hyal2,
Ick,56542,14.0919075,Ick,
Mycbp,56309,14.940153,Mycbp,
Mrpl15,27395,14.222402,Mrpl15,
Per3,18628,14.942185,Per3,
Rbx1,56438,14.734116,Rbx1,
Ubqln2,54609,16.202778,Ubqln2,
Luzp2,233271,14.838676,Luzp2,
Prkag1,19082,14.968885,Prkag1,
Kirrel3,67703,15.227454,Kirrel3,
Sdhd,66925,13.73826,Sdhd,
Mccc2,78038,14.245985,Mccc2,
Npdc1,18146,15.32467,Npdc1,
Zcchc18,66995,16.558136,Zcchc18,
3110057O12Rik,269423,21.084198,Abhd18,
Fis1,110188,17.723768,Fis1,
Tmed3,66111,15.077009,Tmed3,
Cnpy4,66455,15.240174,Cnpy4,
Ogt,108155,14.834928,Ogt,
Park2,50873,14.714373,Prkn,
Uros,22276,14.829325,Uros,
Zfp28,22690,16.7556,Zfp28,
Csnk2b,13001,14.874843,Csnk2b,
Nab1,17936,15.258193,Nab1,
Ubp1,22221,14.776367,Ubp1,
Flrt1,396184,15.634342,Flrt1,
Slc6a13,14412,15.212351,Slc6a13,
Caln1,140904,14.89429,Caln1,
Brf2,12193,18.145218,Brf2,
Lrrc20,216011,14.77995,Lrrc20,
Klhl1,93688,15.474893,Klhl1,
Mterfd3,74238,15.89687,Mterf2,
Fam49b,223601,14.186072,Fam49b,
Mest,17294,14.794385,Mest,
Moxd1,59012,15.056872,Moxd1,
Syt3,20981,15.045816,Syt3,
Rimklb,108653,15.335629,Rimklb,
Nid2,18074,15.268604,Nid2,
Rab7,19349,15.738831,Rab7,
Sdc2,15529,14.776367,Sdc2,
Diap2,54004,19.122843,Diaph2,
Azi2,242669,18.35969,Azi2,
Stambp,70527,15.240174,Stambp,
Bcl2l12,75736,15.146484,Bcl2l12,
Stim2,116873,15.247865,Stim2,
Ndufa10,67273,14.808982,Ndufa10,
Slc5a7,63993,15.227454,Slc5a7,
Nt5c2,76952,15.316511,Nt5c2,
Utp18,217109,14.758595,Utp18,
Nanos2,378430,15.34391,Nanos2,
Nif3l1,65102,14.781747,Nif3l1,
Chtf8,214987,14.853782,Chtf8,
Vgll4,232334,15.303024,Vgll4,
Nktr,18087,14.763902,Nktr,
Tpm4,326618,15.369071,Tpm4,
Sec14l2,67815,15.397614,Sec14l2,
Arhgap4,171207,15.840231,Arhgap4,
Kpna4,16649,14.735849,Kpna4,
Txndc11,106200,14.781747,Txndc11,
Zmiz2,52915,14.884529,Zmiz2,
Acsf2,264895,14.359045,Acsf2,
Wbp11,60321,14.849989,Wbp11,
Nell1,338352,15.197422,Nell1,
Serpine1,18787,15.065784,Serpine1,
Lancl1,14768,14.787148,Lancl1,
N4bp2,333789,14.774578,N4bp2,
Atg16l2,73683,15.680146,Atg16l2,
Ell2,192657,14.861402,Ell2,
Spry1,24063,14.823745,Spry1,
Tsc22d1,21807,15.115923,Tsc22d1,
Rpl21,19933,13.473952,Rpl21,
Ralb,64143,15.281735,Ralb,
Ube2l3,22195,15.380411,Ube2l3,
Commd8,27784,14.77101,Commd8,
Rpa3,68240,14.56085,Rpa3,
Chrdl1,83453,15.319224,Chrdl1,
Ddx31,227674,14.730656,Ddx31,
Rab33b,19338,15.281735,Rab33b,
Prdm2,110593,15.289679,Prdm2,
Slc38a3,76257,15.415044,Slc38a3,
Zfp827,622675,21.124914,Zfp827,
Snrnp25,78372,14.848097,Snrnp25,
Acaca,107476,14.790761,Acaca,
Mov10,17454,15.148865,Mov10,
Npepps,19155,14.814498,Npepps,
Hopx,74318,14.825602,Hopx,
Foxp1,108655,15.265992,Foxp1,
2410015M20Rik,224904,21.084198,Micos13,
Syn1,20964,14.563886,Syn1,
Cdc16,69957,14.196944,Cdc16,
Akap8l,54194,14.96061,Akap8l,
Kidins220,77480,15.260789,Kidins220,
2810403A07Rik,74200,21.084198,Khdc4,
Eif3h,68135,14.530875,Eif3h,
Rps13,68052,13.138221,Rps13,
Elac1,114615,14.838676,Elac1,
Morn2,378462,14.942185,Morn2,
Map4k2,26412,15.194951,Map4k2,
Agap2,216439,14.904122,Agap2,
Prkd1,18760,14.781747,Prkd1,
Fars2,69955,14.798019,Fars2,
Lrp11,237253,14.774578,Lrp11,
Tram1l1,229801,16.32053,Tram1l1,
Akap1,11640,15.311101,Akap1,
Sc4mol,66234,17.876802,Msmo1,
Csk,12988,14.535328,Csk,
Sox2,20674,14.790761,Sox2,
Fblim1,74202,14.82189,Fblim1,
Rfx4,71137,14.760362,Rfx4,
Gigyf2,227331,14.788954,Gigyf2,
Amt,434437,14.241234,Amt,
Sdk2,237979,15.271219,Sdk2,
Nadk,192185,14.653522,Nadk,
Mdm1,17245,14.776367,Mdm1,
Rnf150,330812,15.284377,Rnf150,
Gnaq,14682,16.374456,Gnaq,
Fasn,14104,14.796202,Fasn,
Spdya,70891,14.77995,Spdya,
Trabd,67976,14.755068,Trabd,
Nudt10,102954,19.352617,Nudt10,
Wscd2,320916,14.772793,Wscd2,
Adamts3,330119,14.790761,Adamts3,
Brwd1,93871,14.844321,Brwd1,
Slc29a3,71279,14.765675,Slc29a3,
Efr3b,668212,15.313804,Efr3b,
Nav2,20272,15.86047,Nav2,
Trappc6b,78232,14.857587,Trappc6b,
Manba,110173,14.758595,Manba,
Lefty2,320202,18.349796,Lefty2,
Mgat1,68393,16.074162,Mgat1,
Ube2j1,56228,14.737585,Ube2j1,
Skp1a,21402,17.586458,Skp1,
Cks1b,54124,14.9482975,Cks1b,
Psip1,101739,15.281735,Psip1,
Rit2,19762,15.651769,Rit2,
Col6a2,12834,14.787148,Col6a2,
Igsf3,78908,14.855682,Igsf3,
Vwa5b2,328643,14.812657,Vwa5b2,
Cdk7,12572,14.280959,Cdk7,
Lrpprc,72416,14.778158,Lrpprc,
Csmd1,94109,15.279097,Csmd1,
Pelo,105083,14.324463,Pelo,
BC024139,271278,21.124914,BC024139,
Cabin1,104248,14.812657,Cabin1,
Ddr1,12305,15.072507,Ddr1,
Naa35,78689,14.2932415,Naa35,
Lhx1,16869,15.3274,Lhx1,
Nrarp,67122,15.462701,Nrarp,
Plekhj1,78670,14.787148,Plekhj1,
Prpf4b,19134,18.856102,Prpf4b,
Sh3pxd2a,14218,15.180221,Sh3pxd2a,
Aagab,66939,14.75331,Aagab,
Nthl1,18207,14.27243,Nthl1,
Asxl2,75302,14.79984,Asxl2,
Exosc4,109075,14.910059,Exosc4,
Lrig3,320398,14.805318,Lrig3,
Ripk1,19766,15.281735,Ripk1,
Shc3,20418,14.798019,Shc3,
E2f1,13555,14.505931,E2f1,
Ccdc126,57895,14.812657,Ccdc126,
Fzd1,14362,14.836801,Fzd1,
Abhd13,68904,14.788954,Abhd13,
9430023L20Rik,68118,21.084198,Atg101,
Rnft1,76892,14.778158,Rnft1,
Rnf26,213211,14.785345,Rnf26,
Lrrn2,16980,14.942185,Lrrn2,
Mkl1,223701,14.458488,Mrtfa,
Agpat1,55979,14.938125,Agpat1,
Eif4g1,208643,14.991911,Eif4g1,
Rnf115,67845,15.33288,Rnf115,
Lrrc56,70552,14.792573,Lrrc56,
Slc8a1,20541,15.284377,Slc8a1,
Syt1,20979,14.994026,Syt1,
B4galnt4,330671,15.366252,B4galnt4,
Ldoc1l,223732,15.5566225,Rtl6,
Mlycd,56690,14.803489,Mlycd,
Dnajc8,68598,14.778158,Dnajc8,
Zfp503,218820,20.721714,Zfp503,
Gsx1,14842,14.872914,Gsx1,
Nap1l3,54561,16.308846,Nap1l3,
Scarf2,494124,18.48137,Scarf2,
Rxrb,20182,15.716513,Rxrb,
Timp2,21858,15.3274,Timp2,
Hey2,15214,14.890377,Hey2,
Eif5b,226982,14.279737,Eif5b,
Chrna3,110834,14.851885,Chrna3,
Stac3,237611,14.842437,Stac3,
Ythdf1,228994,14.82189,Ythdf1,
Rgl1,19731,14.805318,Rgl1,
Samd5,320825,15.512171,Samd5,
Setd5,72895,14.776367,Setd5,
Krt80,74127,15.712831,Krt80,
Atg16l1,77040,14.788954,Atg16l1,
Trim68,101700,16.326412,Trim68,
Il17c,234836,14.908077,Il17c,
Plekhb2,226971,14.849989,Plekhb2,
Usp2,53376,15.050228,Usp2,
Dyrk4,101320,14.749799,Dyrk4,
Epc2,227867,14.942185,Epc2,
Kcnk3,16527,15.397614,Kcnk3,
Uevld,54122,14.833056,Uevld,
Hiat1,15247,16.38056,Mfsd14a,
Prim2,19076,14.491479,Prim2,
Serpine2,20720,14.787148,Serpine2,
Slc17a7,72961,15.573475,Slc17a7,
Maea,59003,14.710089,Maea,
Sh3yl1,24057,14.751554,Sh3yl1,
Atpaf1,230649,14.756831,Atpaf1,
Adcyap1,11516,15.355033,Adcyap1,
Pak1,320795,17.294525,Pak1,
Slc11a2,18174,15.1346445,Slc11a2,
Thoc2,331401,14.734116,Thoc2,
Rhobtb2,246710,15.199899,Rhobtb2,
Cd59a,12509,17.069483,Cd59a,
Rpl5,100503670,13.106634,Rpl5,
Cpeb3,208922,14.763902,Cpeb3,
Arl2bp,107566,14.787148,Arl2bp,
Dzip1,66573,14.38792,Dzip1,
Zfand1,66361,14.730656,Zfand1,
Clstn3,232370,14.82189,Clstn3,
Dnaja4,58233,15.253019,Dnaja4,
Ubxn8,108159,15.672994,Ubxn8,
Sos2,20663,14.758595,Sos2,
Emp1,13730,14.796202,Emp1,
Morf4l2,56397,16.229862,Morf4l2,
Nradd,67169,16.19743,Nradd,
Rif1,27356,17.798098,Rif1,
Peli2,93834,14.836801,Peli2,
Slc29a4,243328,15.258193,Slc29a4,
Psma6,26443,15.185111,Psma6,
Ppp1r16b,228852,14.833056,Ppp1r16b,
Atp5h,71679,14.355546,Atp5h,
Cct8,12469,14.166368,Cct8,
Map3k7,26409,14.756831,Map3k7,
Wdr3,269470,14.739323,Wdr3,
Cycs,13063,17.374008,Cycs,
Zfyve20,78287,15.807665,Rbsn,
C530008M17Rik,320827,21.084198,Cracd,
Reep6,70335,14.920013,Reep6,
Ripply2,382089,15.10897,Ripply2,
Nfatc2,18019,15.303024,Nfatc2,
Sms,20603,14.337164,Sms,
Rgs3,50780,15.417972,Rgs3,
Zbtb43,71834,15.125248,Zbtb43,
Rai2,24004,15.207356,Rai2,
Mex3d,237400,15.303024,Mex3d,
Pgbd1,319207,16.392939,Pgbd1,
Cdh10,320873,15.9546385,Cdh10,
Mblac1,330216,14.904122,Mblac1,
Sh3gl1,20405,15.287025,Sh3gl1,
M6pr,16002,17.876802,M6pr,
Cog7,233824,14.266373,Cog7,
Cyp26b1,232174,16.62315,Cyp26b1,
Folh1,53320,17.374008,Folh1,
Otub1,107260,15.462701,Otub1,
C130074G19Rik,226777,21.712498,C130074G19Rik,
Parvg,64099,14.814498,Parvg,
Acaa1a,113868,21.124914,Acaa1a,
Utp14a,72554,15.45967,Utp14a,
Fgfrl1,116701,15.242732,Fgfrl1,
Ntn3,18209,15.4356785,Ntn3,
Tnip1,57783,14.774578,Tnip1,
Bcl2l1,12048,14.833056,Bcl2l1,
Zfand2a,100494,14.82189,Zfand2a,
Cort,12854,15.409207,Cort,
Lamp3,239739,15.102055,Lamp3,
Rnf144b,218215,14.842437,Rnf144b,
Katnal2,71206,14.732386,Katnal2,
Fxyd2,11936,15.73135,Fxyd2,
Sec14l1,74136,15.224924,Sec14l1,
Safb,224903,15.295001,Safb,
Sin3a,20466,14.627729,Sin3a,
Tmem98,103743,14.693194,Tmem98,
Znrf2,387524,15.423847,Znrf2,
Rhbdd2,215160,14.833056,Rhbdd2,
Sumf1,58911,14.751554,Sumf1,
Zfp1,22640,16.119715,Zfp1,
Sult5a1,57429,16.263126,Sult5a1,
Atp6v1b2,11966,14.996142,Atp6v1b2,
Srbd1,78586,14.710089,Srbd1,
Wdr83,67836,14.908077,Wdr83,
Dhrs3,20148,15.292336,Dhrs3,
Odf2l,52184,15.255603,Odf2l,
Mbip,14828,18.764015,Mbip,
Bsdc1,100383,14.76213,Bsdc1,
Mtus1,102103,15.287025,Mtus1,
Zfp786,330301,21.124914,Zfp786,
Adra2c,11553,14.7428055,Adra2c,
Ppp1r15a,17872,15.712831,Ppp1r15a,
Pdia5,72599,14.756831,Pdia5,
Cct7,12468,14.16861,Cct7,
P2ry12,70839,14.9482975,P2ry12,
Chchd3,66075,14.763902,Chchd3,
Smurf1,75788,14.820039,Smurf1,
Slmo1,225655,16.462479,Prelid3a,
Lemd2,224640,15.297668,Lemd2,
Eri3,140546,15.295001,Eri3,
Gas6,14456,14.808982,Gas6,
Zdhhc2,70546,14.758595,Zdhhc2,
Ppp1r7,66385,14.792573,Ppp1r7,
Derl3,70377,15.36063,Derl3,
Ptchd2,242748,16.929543,Disp3,
Lrp5,16973,14.872914,Lrp5,
Rab36,76877,14.870989,Rab36,
Pknox2,208076,14.888425,Pknox2,
Mfsd9,211798,14.79984,Mfsd9,
Cd34,12490,14.912044,Cd34,
Zranb3,226409,14.758595,Zranb3,
Stmn3,20262,15.054654,Stmn3,
Tcte2,21646,22.813986,Tcte2,
Srm,20811,18.24816,Srm,
Fscn1,14086,15.369071,Fscn1,
Ppargc1a,19017,14.787148,Ppargc1a,
4933427D14Rik,74477,20.05764,4933427D14Rik,
Qpctl,67369,15.6103325,Qpctl,
Gtpbp8,66067,14.765675,Gtpbp8,
Nae1,234664,14.739323,Nae1,
Hnrnpab,15384,15.27384,Hnrnpab,
Insm1,53626,15.462701,Insm1,
Csf1r,12978,15.281735,Csf1r,
Necab1,69352,14.846208,Necab1,
Me1,21406,17.653353,Me1,
Nedd4,17999,14.651894,Nedd4,
Rtn2,20167,15.680146,Rtn2,
Sox11,20666,15.412123,Sox11,
Ndufv3,78330,14.444895,Ndufv3,
Ell,13716,14.810819,Ell,
Cenpm,66570,15.33288,Cenpm,
Atp5f1,11950,14.379065,Atp5pb,
Sall2,50524,15.197422,Sall2,
Scn3b,235281,14.75331,Scn3b,
Fgf11,14166,15.840231,Fgf11,
Spcs3,76976,18.35969,Spcs3,
Eno1,433182,15.676263,Eno1,
Aatf,56321,14.34613,Aatf,
Ube2e2,218793,15.78077,Ube2e2,
Hist2h3c1,15077,21.084198,H3c14,
Mllt1,64144,15.284377,Mllt1,
Map3k4,26407,14.765675,Map3k4,
Wwp1,107568,15.146484,Wwp1,
Serinc3,26943,14.876775,Serinc3,
Zfp207,22680,21.124914,Zfp207,
Rps25,75617,14.196944,Rps25,
Adra1a,11550,16.929543,Adra1a,
Usp36,72344,14.82189,Usp36,
Speg,11790,14.66661,Speg,
Cnpy2,56530,14.906099,Cnpy2,
Nono,53610,14.842437,Nono,
Etv5,104156,15.4063,Etv5,
Cops7a,26894,14.840556,Cops7a,
Mrps35,232536,14.228257,Mrps35,
Zfpm1,22761,14.833056,Zfpm1,
D3Bwg0562e,229791,20.400923,Plppr4,
Gpr37l1,171469,15.279097,Gpr37l1,
Fbxw9,68628,14.946258,Fbxw9,
Ccdc50,67501,15.207356,Ccdc50,
Mcf2l,17207,15.23762,Mcf2l,
Bcl9,77578,14.803489,Bcl9,
Tssc4,56844,14.89429,Tssc4,
Ddx42,72047,14.75331,Ddx42,
Cd200,17470,16.036915,Cd200,
Uchl3,50933,14.760362,Uchl3,
Pkd1,18760,15.6919985,Pkd1,
2510003E04Rik,72320,21.084198,Kifbp,
Raf1,13586,15.542391,Raf1,
Aurkb,20877,15.180221,Aurkb,
Mocs3,69372,14.53236,Mocs3,
Irak1,16179,15.12291,Irak1,
Cox6c,12864,16.49622,Cox6c,
Hrh3,99296,15.097465,Hrh3,
Clta,12757,14.846208,Clta,
Cox7b,66142,15.49651,Cox7b,
Cdh5,12562,14.818189,Cdh5,
Ddhd1,114874,15.305711,Ddhd1,
Abca8b,27404,21.712498,Abca8b,
Fam45a,67894,14.130752,Dennd10,
Hist1h4i,319158,19.614708,H4c9,
Plekho2,102595,14.803489,Plekho2,
Prmt2,15468,15.319224,Prmt2,
Aif1,11629,15.709158,Aif1,
Tmem107,66910,15.5153265,Tmem107,
Zfp748,212276,21.124914,Zfp748,
Cd81,12520,15.227454,Cd81,
Cdc42ep1,104445,15.321943,Cdc42ep1,
Kcnc1,16502,15.297668,Kcnc1,
Zcchc24,71918,14.718618,Zcchc24,
Uqcrfs1,66694,15.651769,Uqcrfs1,
Sike1,66641,14.818189,Sike1,
Fbxo41,330369,14.803489,Fbxo41,
Tsn,22099,14.77995,Tsn,
Setd1a,233904,15.15364,Setd1a,
Dgkg,110197,15.163241,Dgkg,
Calm2,12314,15.371898,Calm2,
Pde8b,218461,14.796202,Pde8b,
Zmat1,215693,15.352242,Zmat1,
Crybb1,12960,14.914032,Crybb1,
Angpt1,11600,14.833056,Angpt1,
Syt7,54525,14.730656,Syt7,
Rsu1,20163,14.760362,Rsu1,
Drd2,13489,15.300345,Drd2,
Tbc1d7,67046,14.426992,Tbc1d7,
Ints12,71793,14.533842,Ints12,
Prrg3,208748,15.371898,Prrg3,
Cecr5,214932,14.714373,Hdhd5,
Pcmtd2,245867,15.300345,Pcmtd2,
Snap29,67474,14.27243,Snap29,
Top1mt,72960,15.547309,Top1mt,
Egfl6,54156,14.816343,Egfl6,
Prpf38a,230596,14.730656,Prpf38a,
Flot2,14252,15.180221,Flot2,
Ascc2,75452,14.7428055,Ascc2,
Pdgfrl,68797,14.772793,Pdgfrl,
Fst,14313,15.192484,Fst,
Ptges,56351,18.931433,Ptges,
Trhde,237553,15.160834,Trhde,
Slc35c2,228875,14.827461,Slc35c2,
Ccdc66,320234,14.776367,Ccdc66,
Zfp407,240476,21.385788,Zfp407,
Ddx25,30959,15.444623,Ddx25,
Nsun2,28114,14.262752,Nsun2,
Gpr64,237175,15.825035,Adgrg2,
Zfp318,57908,21.385788,Zfp318,
Nrgn,64011,15.505883,Nrgn,
Rtf1,76246,14.222402,Rtf1,
Pprc1,226169,14.842437,Pprc1,
Tmem208,66320,14.792573,Tmem208,
U2af1,108121,14.807149,U2af1,
Tmem63c,217733,14.774578,Tmem63c,
Kctd9,105440,15.289679,Kctd9,
Trpm2,28240,14.807149,Trpm2,
Zfr,22763,14.79984,Zfr,
Enho,69638,15.698202,Enho,
2310009B15Rik,69549,21.712498,2310009B15Rik,
Bphl,68021,14.857587,Bphl,
Slc25a22,68267,15.335629,Slc25a22,
Dpp6,13483,15.268604,Dpp6,
Exosc3,66362,14.928033,Exosc3,
Opa1,74143,14.260343,Opa1,
1810024B03Rik,329509,21.385788,1810024B03Rik,
Smarca1,93761,15.104356,Smarca1,
Tia1,21841,15.072507,Tia1,
Fam168a,319604,14.783545,Fam168a,
Gm5741,100503710,20.400923,Gng14,
Eif4b,75705,14.741062,Eif4b,
Uck1,22245,14.772793,Uck1,
Ebf3,100732,16.611252,Ebf3,
Cnnm1,83674,15.102055,Cnnm1,
Rtn4ip1,170728,14.75331,Rtn4ip1,
Lck,16818,14.827461,Lck,
Zfp518b,100515,21.124914,Zfp518b,
Olfm2,244723,15.4297495,Olfm2,
Snta1,20648,14.833056,Snta1,
Dapp1,26377,14.77101,Dapp1,
Trpc3,22065,15.1346445,Trpc3,
9930013L23Rik,80982,21.084198,Cemip,
Aasdh,231326,14.341001,Aasdh,
Ciapin1,109006,14.256739,Ciapin1,
Sppl3,74585,14.723763,Sppl3,
Unc50,67387,14.287086,Unc50,
Zbtb7a,16969,14.814498,Zbtb7a,
Tube1,71924,14.748047,Tube1,
Mxra7,67622,15.363438,Mxra7,
Ap1ar,211556,14.807149,Ap1ar,
Slc12a2,20496,14.755068,Slc12a2,
Git2,26431,15.217366,Git2,
Dlgap1,224997,15.271219,Dlgap1,
A630007B06Rik,213993,21.084198,Ccdc186,
Dstn,56431,15.420906,Dstn,
Parg,26430,14.914032,Parg,
Poldip2,67811,14.284631,Poldip2,
Parn,74108,14.694873,Parn,
Tram2,170829,14.798019,Tram2,
Pcdh17,219228,14.787148,Pcdh17,
Obfc1,108689,14.563194,Stn1,
Foxp4,74123,14.827461,Foxp4,
Dcn,13179,14.808982,Dcn,
Tpst1,22021,14.801664,Tpst1,
Armcx2,67416,16.208149,Armcx2,
Arglu1,234023,14.650269,Arglu1,
Ube2v2,70620,14.539797,Ube2v2,
Rabac1,14470,15.102055,Rabac1,
Phtf1,18685,14.848097,Phtf1,
D030056L22Rik,225995,21.385788,D030056L22Rik,
Tppp3,67971,14.918017,Tppp3,
C1qc,12262,15.297668,C1qc,
Ptpn5,19259,14.859492,Ptpn5,
Ids,15931,14.323199,Ids,
Dusp3,72349,15.33288,Dusp3,
Il6st,16195,14.867146,Il6st,
Shank3,58234,15.346683,Shank3,
Stc1,20855,14.810819,Stc1,
Ucp2,22228,15.540849,Ucp2,
Slc27a1,26457,15.518491,Slc27a1,
Mboat1,218121,14.798019,Mboat1,
Mrap2,244958,15.240174,Mrap2,
Ncoa6,56406,14.487175,Ncoa6,
Akap7,432442,15.158431,Akap7,
Atad5,237877,15.265992,Atad5,
Frmd4a,209630,14.77101,Frmd4a,
Msh6,17688,14.209611,Msh6,
Syt14,329324,14.65515,Syt14,
Grm2,108068,15.338383,Grm2,
Tcf7l2,21416,14.751554,Tcf7l2,
Cpeb4,67579,15.2224,Cpeb4,
Uqcr11,66594,16.5652,Uqcr11,
Fam84b,399603,14.27086,Lratd2,
Rgs10,67865,15.341144,Rgs10,
Uba5,66663,14.271216,Uba5,
Fyttd1,69823,15.194951,Fyttd1,
Pdlim5,56376,15.271219,Pdlim5,
Cpne9,211232,15.041421,Cpne9,
Gpr158,241263,15.281735,Gpr158,
Sdk1,330222,15.284377,Sdk1,
Dhrs4,28200,15.21988,Dhrs4,
Rpl7l1,66229,14.75331,Rpl7l1,
Klf15,66277,14.772793,Klf15,
Skil,20482,15.271219,Skil,
Ehmt1,77683,15.335629,Ehmt1,
Arrb1,109689,14.956493,Arrb1,
Nt5m,103850,15.214857,Nt5m,
Cyfip1,20430,14.814498,Cyfip1,
Nap1l4,17955,15.292336,Nap1l4,
Plxdc2,67448,15.250441,Plxdc2,
Rabep2,70314,15.127591,Rabep2,
Ano10,102566,15.300345,Ano10,
Syap1,67043,14.861402,Syap1,
Coro1a,12721,15.17778,Coro1a,
Nol12,97961,14.787148,Nol12,
Gpr19,14760,14.869065,Gpr19,
Apeh,235606,15.06802,Apeh,
Api5,11800,14.77101,Api5,
Hs6st2,50786,14.863313,Hs6st2,
Tctn2,67978,14.772793,Tctn2,
Hspa1b,15511,16.263126,Hspa1b,
Coq9,67914,14.298185,Coq9,
Gdi1,14567,15.034856,Gdi1,
Ccdc148,227933,15.104356,Ccdc148,
Aldh1l2,216188,14.792573,Aldh1l2,
Mrps24,64660,14.299425,Mrps24,
Arl8b,67166,15.297668,Arl8b,
Cetn3,12626,14.785345,Cetn3,
Sh3rf1,59009,14.79984,Sh3rf1,
Krt1,16659,17.586458,Krt1,
Rps10,67097,13.616885,Rps10,
Rps6kl1,238323,14.763902,Rps6kl1,
Hspb6,243912,15.17778,Hspb6,
Arg2,11847,14.668258,Arg2,
Clic1,114584,15.139367,Clic1,
P2ry1,18441,14.818189,P2ry1,
Scube1,64706,14.829325,Scube1,
Rin2,56715,15.585543,Rin2,
Camk1d,227541,15.33288,Camk1d,
D1Pas1,110957,21.385788,D1Pas1,
Sdccag3,68112,14.522964,Entr1,
Tep1,19211,17.461943,Tep1,
Smoc2,64074,14.829325,Smoc2,
Pvrl1,58235,16.85198,Nectin1,
Tcf4,21416,16.407312,Tcf4,
Hpgd,15446,14.77995,Hpgd,
Ocrl,320634,14.276079,Ocrl,
Tmem87b,72477,15.09061,Tmem87b,
Mcm5,17218,14.208454,Mcm5,
Wdr20a,69641,20.400923,Wdr20,
Rfwd2,26374,14.439737,Cop1,
Zfp811,240063,21.124914,Zfp811,
Rogdi,66049,14.300665,Rogdi,
Tmem200a,77220,14.769229,Tmem200a,
Sbf1,77980,14.844321,Sbf1,
Zmynd8,228880,14.447672,Zmynd8,
Cck,192656,16.6431,Cck,
Stmn1,16765,15.311101,Stmn1,
Rnf40,233900,15.088334,Rnf40,
Sox1,20664,15.438654,Sox1,
Fam151b,73942,14.785345,Fam151b,
Ddx28,71986,14.801664,Ddx28,
Ctsl,13039,15.836183,Ctsl,
Tlk1,228012,15.23507,Tlk1,
Pdcd10,56426,15.242732,Pdcd10,
Fus,233908,14.648645,Fus,
Wars2,70560,14.744551,Wars2,
S1pr3,13610,15.260789,S1pr3,
St3gal2,20444,14.798019,St3gal2,
Fbxl19,233902,15.769197,Fbxl19,
Cdk10,234854,14.77101,Cdk10,
Fam185a,330050,14.77995,Fam185a,
Pou3f3,18993,15.4476185,Pou3f3,
Zfp287,170740,20.907745,Zfp287,
Haus7,73738,15.156033,Haus7,
Sdsl,257635,14.898214,Sdsl,
Tbr1,21375,15.346683,Tbr1,
Mlc1,170790,14.30315,Mlc1,
Atrnl1,226255,15.300345,Atrnl1,
Epn2,13855,14.776367,Epn2,
Dcxr,67880,14.863313,Dcxr,
Cygb,114886,15.276467,Cygb,
Ccdc34,68201,14.934078,Ccdc34,
Zbtb40,230848,14.863313,Zbtb40,
Suv420h2,232811,17.145752,Kmt5c,
Abhd3,106861,14.798019,Abhd3,
Nrg3,18183,15.335629,Nrg3,
Mcm6,17219,14.222402,Mcm6,
Ccdc127,67433,15.229987,Ccdc127,
Zmat5,67178,14.734116,Zmat5,
Cit,67422,16.43461,Cit,
2210016F16Rik,70153,21.084198,Qng1,
Cdca8,52276,14.794385,Cdca8,
Zbtb16,235320,15.369071,Zbtb16,
Kcna5,16493,15.687339,Kcna5,
Plod2,26432,14.706692,Plod2,
Ank3,11735,15.063549,Ank3,
Net1,56349,14.842437,Net1,
Ndufab1,70316,15.338383,Ndufab1,
Pkia,18767,14.814498,Pkia,
Ercc8,71991,14.76213,Ercc8,
Slc39a9,328133,14.715199,Slc39a9,
Cux2,13048,15.268604,Cux2,
Pcdhb10,93881,18.46673,Pcdhb10,
Ptpn14,19250,15.141735,Ptpn14,
Smap2,69780,14.820039,Smap2,
Lrfn4,225875,15.852458,Lrfn4,
Plekha4,69217,15.735085,Plekha4,
Prpf4,70052,14.727205,Prpf4,
3110082I17Rik,73212,21.084198,Chlsn,
Snx7,76561,14.781747,Snx7,
Rwdd1,66521,14.798019,Rwdd1,
Sp2,78912,14.794385,Sp2,
Rqcd1,58184,17.01188,Cnot9,
Stk32c,57740,15.127591,Stk32c,
Shprh,268281,14.77101,Shprh,
Epb4.1,269587,19.950861,Epb4.1,
Igfbpl1,75426,15.769197,Igfbpl1,
1700102P08Rik,112418,21.712498,1700102P08Rik,
Mrps9,69527,14.250754,Mrps9,
2700094K13Rik,72657,21.084198,Selenoh,
Pex7,18634,14.360344,Pex7,
Habp4,56541,15.279097,Habp4,
Sfmbt1,54650,14.807149,Sfmbt1,
Pip5kl1,227733,15.011063,Pip5kl1,
Lpcat1,210992,14.846208,Lpcat1,
Vmn2r1,56544,18.029314,Vmn2r1,
Prkd2,101540,15.139367,Prkd2,
Thada,240174,14.308134,Thada,
Frmd3,242506,14.756831,Frmd3,
Pdzd4,245469,15.438654,Pdzd4,
Hira,15260,15.212351,Hira,
Rpl3,27367,13.673089,Rpl3,
Apba3,57267,15.391854,Apba3,
Tmem68,72098,15.118246,Tmem68,
Srebf1,216810,18.35969,Srebf1,
Polr3f,70408,14.273645,Polr3f,
Epn1,13854,15.757727,Epn1,
Hebp2,56016,14.872914,Hebp2,
Ctsf,56464,15.212351,Ctsf,
Gcnt1,14537,15.305711,Gcnt1,
Gfap,14580,14.900182,Gfap,
Etfa,110842,14.648645,Etfa,
Ubac1,98766,14.783545,Ubac1,
Dtwd2,68857,14.292007,Dtwd2,
Ecsit,26940,14.401263,Ecsit,
Nedd9,18003,14.787148,Nedd9,
Gsk3a,606496,15.80818,Gsk3a,
Ilvbl,216136,14.890377,Ilvbl,
Mrpl33,66845,14.283406,Mrpl33,
Stx8,55943,14.788954,Stx8,
Mylip,218203,15.281735,Mylip,
Ptprt,19281,14.859492,Ptprt,
Sft2d2,108735,15.352242,Sft2d2,
Bag4,67384,14.810819,Bag4,
Snx18,170625,15.284377,Snx18,
Cuta,67675,13.561604,Cuta,
Pno1,66249,14.626135,Pno1,
Pcdh20,219257,14.741062,Pcdh20,
Tbc1d16,207592,14.313136,Tbc1d16,
Cyld,74256,14.533842,Cyld,
Arfgef2,99371,14.833056,Arfgef2,
Cntnap2,66797,15.366252,Cntnap2,
Ctdspl2,329506,15.253019,Ctdspl2,
Lgals3bp,19039,16.32053,Lgals3bp,
Sertad4,214791,14.874843,Sertad4,
Prickle1,106042,15.33288,Prickle1,
Ctdsp1,227292,15.032674,Ctdsp1,
Tie1,21846,14.77101,Tie1,
Msh5,15482,17.876802,Msh5,
Lmbr1l,74775,14.825602,Lmbr1l,
Tpm3,59069,15.156033,Tpm3,
Snx16,74718,14.338441,Snx16,
Vdac1,22333,14.818189,Vdac1,
Fbxo34,78938,14.758595,Fbxo34,
Acbd6,72482,14.790761,Acbd6,
Gpr61,229714,14.790761,Gpr61,
Sprn,212518,15.127591,Sprn,
Htr1d,15552,14.869065,Htr1d,
Smyd4,319822,14.758595,Smyd4,
Pgls,66171,14.613444,Pgls,
Pfkl,18641,15.352242,Pfkl,
Tjp1,21872,15.197422,Tjp1,
Ngef,53972,14.834928,Ngef,
Fam65b,193385,14.471137,Fam65b,
Dolpp1,57170,14.751554,Dolpp1,
Tmem198,319998,15.32467,Tmem198,
Vps16,80743,14.744551,Vps16,
Rpl36al,66483,16.134892,Rpl36al,
Slc26a6,171429,15.095176,Slc26a6,
Tmem136,235300,14.439737,Tlcd5,
Pgm2l1,70974,14.818189,Pgm2l1,
Cox17,12856,15.690949,Cox17,
Csl,71832,21.712498,Csl,
Insig2,72999,14.812657,Insig2,
Zfp382,233060,20.559002,Zfp382,
Il11ra1,16157,22.149912,Il11ra1,
Bms1,213895,14.671555,Bms1,
S100pbp,74648,15.576781,S100pbp,
Dusp6,67603,14.823745,Dusp6,
Cog4,102339,14.211927,Cog4,
Rps14,20044,10.679226,Rps14,
Zfp691,195522,21.124914,Zfp691,
Slc1a6,20513,15.212351,Slc1a6,
Setd7,73251,14.767451,Setd7,
Wdr90,106618,14.89429,Wdr90,
Zfp148,22661,20.41441,Zfp148,
Col4a1,12826,14.338441,Col4a1,
Tle6,114606,16.229862,Tle6,
Clcn2,12724,15.214857,Clcn2,
C2cd2l,71764,14.772793,C2cd2l,
Dmpk,13400,15.637809,Dmpk,
Bmp7,12162,15.311101,Bmp7,
Rybp,56353,14.565405,Rybp,
Elfn1,243312,15.260789,Elfn1,
Stk40,74178,14.787148,Stk40,
Tmeff1,230157,15.45967,Tmeff1,
Ly6g5b,266614,16.274406,Ly6g5b,
Edem1,192193,14.3169,Edem1,
8430427H17Rik,329540,21.084198,Nol4l,
3110035E14Rik,76982,21.084198,Vxn,
Ptcd2,68927,14.778158,Ptcd2,
Arih2,23807,14.755068,Arih2,
Hhipl1,214305,14.818189,Hhipl1,
Lysmd1,217779,14.922014,Lysmd1,
Ylpm1,56531,14.746298,Ylpm1,
Per2,18627,14.816343,Per2,
Man2a1,17158,14.922014,Man2a1,
Wipi2,74781,14.798019,Wipi2,
Poc5,67463,14.781747,Poc5,
Hspa4l,18415,14.788954,Hspa4l,
Oaz3,53814,15.792447,Oaz3,
Llgl1,16897,14.816343,Llgl1,
Rab40c,224624,14.865228,Rab40c,
Car11,12348,21.124914,Car11,
Megf6,230971,14.904122,Megf6,
Rnmt,67897,14.268793,Rnmt,
Smpd1,20597,14.816343,Smpd1,
Prim1,19075,14.730656,Prim1,
Gclc,14629,14.27243,Gclc,
Paip2,67869,14.632526,Paip2,
Nars2,244141,14.788954,Nars2,
Becn1,56208,14.776367,Becn1,
Man1c1,230815,15.268604,Man1c1,
Gpr153,100129,15.4476185,Gpr153,
Scube3,268935,14.79984,Scube3,
Pomgnt1,68273,14.781747,Pomgnt1,
Bcam,57278,15.217366,Bcam,
Brms1l,52592,15.297668,Brms1l,
Zfp637,232337,19.864693,Zfp637,
Pkn2,109333,15.212351,Pkn2,
Zfp800,627049,21.124914,Zfp800,
Jph3,57340,15.338383,Jph3,
Elovl4,83603,15.258193,Elovl4,
Rad54l2,81000,14.769229,Rad54l2,
Trpc4,22066,15.240174,Trpc4,
Fam49a,76820,14.379065,Cyria,
Mtch2,56428,14.808982,Mtch2,
Ppa2,74776,14.749799,Ppa2,
Zfand3,21769,14.956493,Zfand3,
Ccdc86,108673,14.922014,Ccdc86,
Ptprk,19272,14.751554,Ptprk,
Ppm1k,243382,15.279097,Ppm1k,
Rrs1,59014,14.735849,Rrs1,
Zswim5,74464,14.829325,Zswim5,
Dbndd2,52840,15.386121,Dbndd2,
Tusc3,80286,14.834928,Tusc3,
Plk3,12795,14.79984,Plk3,
Psd3,22123,17.294525,Psd3,
Foxo1,56458,15.260789,Foxo1,
Cpne4,74020,15.335629,Cpne4,
Sema6d,214968,14.781747,Sema6d,
Snrnp40,66585,14.741062,Snrnp40,
Unc119b,106840,14.827461,Unc119b,
Mdga2,320772,15.271219,Mdga2,
Pla2g12a,66350,14.814498,Pla2g12a,
Pex11b,18632,14.888425,Pex11b,
Calr3,73316,15.630885,Calr3,
Med13l,76199,15.151249,Med13l,
Slc38a9,268706,14.763902,Slc38a9,
Eya1,14048,14.756831,Eya1,
Aldh1b1,72535,16.080093,Aldh1b1,
Neu3,50877,15.369071,Neu3,
Mrpl52,68836,14.447672,Mrpl52,
A230050P20Rik,319278,21.084198,Shfl,
Mink1,50932,15.095176,Mink1,
Cnih4,98417,14.710089,Cnih4,
Arhgef11,213498,14.9482975,Arhgef11,
Paox,11430,17.055033,Paox,
Col1a1,12842,15.420906,Col1a1,
Adm,11535,15.391854,Adm,
Rev3l,19714,14.75331,Rev3l,
Fam115a,77574,17.403778,Fam115a,
Tpt1,107328,17.723768,Tpt1,
Gdnf,14573,15.27384,Gdnf,
Tex2,21763,14.814498,Tex2,
Opcml,330908,15.041421,Opcml,
Elk1,211468,17.586458,Elk1,
Nat6,15586,14.625904,Nat6,
2310047M10Rik,71923,21.084198,Borcs6,
Fabp3,14077,14.898214,Fabp3,
Ccno,218630,15.247865,Ccno,
Bambi,68010,15.287025,Bambi,
Rnft2,269695,14.650269,Rnft2,
Pafah2,100163,15.371898,Pafah2,
Cmc1,67899,14.668258,Cmc1,
Aaas,223921,14.794385,Aaas,
Sdc3,20970,14.706692,Sdc3,
Thoc6,386612,14.413385,Thoc6,
Tubb2a,22151,16.969048,Tubb2a,
Pdcd2,18567,14.739323,Pdcd2,
Usp14,59025,14.260343,Usp14,
Sspn,16651,14.746298,Sspn,
Pggt1b,225467,14.778158,Pggt1b,
Ift140,106633,14.763902,Ift140,
Fam162a,70186,14.869065,Fam162a,
Ndufs3,68349,14.739323,Ndufs3,
Ipo7,233726,14.760362,Ipo7,
Cog2,76332,14.262752,Cog2,
Ncl,17975,14.812657,Ncl,
Ccnd1,12443,14.810819,Ccnd1,
B230118H07Rik,68170,21.084198,B230118H07Rik,
Aif1l,108897,14.798019,Aif1l,
Alkbh6,233065,15.050228,Alkbh6,
Gpam,14732,14.769229,Gpam,
Pip5k1a,18720,15.490295,Pip5k1a,
Cep63,28135,14.778158,Cep63,
Stard10,56018,14.808982,Stard10,
Cep120,225523,14.9361,Cep120,
Sumo3,20610,15.986019,Sumo3,
Katna1,23924,14.621362,Katna1,
Gpr123,52389,16.16119,Adgra1,
Ppp2r5c,26931,15.27384,Ppp2r5c,
Vamp2,22318,15.013207,Vamp2,
Polr1c,20016,14.254341,Polr1c,
Tctn1,654470,14.892332,Tctn1,
Ciao1,26371,14.304395,Ciao1,
Abce1,24015,14.7428055,Abce1,
Fanci,208836,14.30564,Fanci,
Ergic1,67458,14.710089,Ergic1,
Rusc2,100213,14.825602,Rusc2,
Pdss2,71365,14.349991,Pdss2,
Ahcyl1,229709,14.576099,Ahcyl1,
Eif3b,27979,14.538304,Eif3b,
Dscaml1,114873,14.9793005,Dscaml1,
Nrtn,18188,15.217366,Nrtn,
Eif4enif1,74203,14.75331,Eif4enif1,
Cbfb,12400,14.776367,Cbfb,
Pram1,378460,15.600176,Pram1,
Slc1a1,20510,14.720332,Slc1a1,
Plekhm3,241075,14.778158,Plekhm3,
Ralgapa2,241694,14.756831,Ralgapa2,
Slc25a38,208638,15.297668,Slc25a38,
Tpm1,110086,17.403778,Tpm1,
Cat,64177,16.032684,Cat,
Mettl7a1,70152,20.400923,Tmt1a,
Ufsp2,192169,14.320678,Ufsp2,
Boc,117606,14.790761,Boc,
Nr2c2,22026,14.787148,Nr2c2,
Ywhaq,22630,15.268604,Ywhaq,
Smarcal1,54380,14.767451,Smarcal1,
Thumpd3,14911,14.756831,Thumpd3,
C1ql1,23829,15.23762,C1ql1,
Clip2,269713,14.776367,Clip2,
Ficd,231630,14.741062,Ficd,
Nos1,18125,14.6649685,Nos1,
A130010J15Rik,319266,21.385788,A130010J15Rik,
Dcaf7,71833,14.739323,Dcaf7,
Mypop,232934,15.836183,Mypop,
Ptger3,19218,14.763902,Ptger3,
Daam1,208846,15.258193,Daam1,
Gfra4,14588,15.553801,Gfra4,
Omg,18377,15.260789,Omg,
Ttyh1,57776,15.1346445,Ttyh1,
Dcaf15,212123,14.9793005,Dcaf15,
Ccdc12,72654,14.763902,Ccdc12,
Cib2,56506,14.30564,Cib2,
Cdon,57810,14.781747,Cdon,
Sorcs1,58178,15.316511,Sorcs1,
Tmem66,67887,15.807665,Saraf,
Prr14,233895,15.175347,Prr14,
Aldh4a1,212647,14.751554,Aldh4a1,
Clic4,29876,14.715199,Clic4,
2300009A05Rik,69478,21.712498,2300009A05Rik,
Rab1,19324,17.145752,Rab1,
Nts,67405,14.796202,Nts,
Dnttip2,99480,14.785345,Dnttip2,
Plk5,216166,15.995126,Plk5,
Setd6,277360,18.48137,Setd6,
Guk1,14923,15.207356,Guk1,
Cmtm5,67272,15.804229,Cmtm5,
Irf2bp2,270110,15.355033,Irf2bp2,
Dnajc2,22791,14.749799,Dnajc2,
Mapk8ip1,19099,15.229987,Mapk8ip1,
Ebf2,13592,14.869065,Ebf2,
Zfp112,57745,20.559002,Zfp112,
Taz,66826,14.003939,Taz,
Chuk,12675,15.045816,Chuk,
Tspan3,56434,15.303024,Tspan3,
Lrrc8c,100604,14.838676,Lrrc8c,
Phc3,241915,14.904122,Phc3,
Bag3,29810,14.710089,Bag3,
Pcdh19,279653,14.767451,Pcdh19,
Snai1,20613,15.403397,Snai1,
Fam172a,68675,13.214738,Arb2a,
Nt5c3,107569,21.124914,Nt5c3,
Rps27l,67941,15.043619,Rps27l,
Mphosph10,67973,14.755068,Mphosph10,
Myo18a,360013,15.276467,Myo18a,
Nog,18121,15.303024,Nog,
Cep70,68121,14.867146,Cep70,
Dapk1,69635,14.783545,Dapk1,
Oxr1,170719,15.194951,Oxr1,
Nav3,260315,14.765675,Nav3,
Slc9a3r1,26941,13.912999,Nherf1,
Fam58b,69109,19.950861,Ccnq,
Nsmce1,67711,14.776367,Nsmce1,
Wdr59,319481,14.284631,Wdr59,
Shd,20420,14.810819,Shd,
Cbx7,52609,15.32467,Cbx7,
Serpini1,20713,14.829325,Serpini1,
Elf2,69257,15.247865,Elf2,
Eif5a2,208691,15.06802,Eif5a2,
Me2,21413,17.876802,Me2,
Slc25a33,70556,14.794385,Slc25a33,
Mef2c,17260,15.242732,Mef2c,
Hjurp,381280,15.613735,Hjurp,
Tbc1d12,209478,15.335629,Tbc1d12,
Atcay,16467,15.305711,Atcay,
Nuf2,66977,14.648645,Nuf2,
2510009E07Rik,72190,21.712498,2510009E07Rik,
Fbxw8,231672,14.760362,Fbxw8,
Ramp3,56089,15.289679,Ramp3,
2610034B18Rik,70420,21.084198,Arpin,
Tmem14a,75712,14.872914,Tmem14a,
Rars,104458,14.096703,Rars1,
Ccnk,12454,14.756831,Ccnk,
1190005I06Rik,68918,21.385788,1190005I06Rik,
Mlh3,217716,14.746298,Mlh3,
Bend3,331623,14.787148,Bend3,
Smoc1,64075,14.734116,Smoc1,
Dact1,59036,14.792573,Dact1,
Mon1a,72825,14.781747,Mon1a,
Nt5c,50773,14.788954,Nt5c,
Sh3d19,27059,14.720332,Sh3d19,
Mcfd2,193813,14.75331,Mcfd2,
Ttc33,67515,14.787148,Ttc33,
Traf3,22031,14.788954,Traf3,
Mgll,23945,14.769229,Mgll,
Ndufa13,67184,14.844321,Ndufa13,
Myh14,668940,17.960428,Myh14,
Zfp523,224656,20.907745,Zfp523,
Mapkapk5,17165,14.767451,Mapkapk5,
Fam118a,73225,15.441635,Fam118a,
Rab34,19376,15.371898,Rab34,
Dnajb2,56812,14.89429,Dnajb2,
Nckipsd,80987,15.115923,Nckipsd,
Emp3,13732,15.716513,Emp3,
Pnpla6,50767,14.952389,Pnpla6,
Ppp2ca,19052,15.386121,Ppp2ca,
Csnk1g3,70425,15.420906,Csnk1g3,
Hps5,246694,14.77995,Hps5,
Fuca1,71665,15.144106,Fuca1,
Cntf,664779,18.931433,Cntf,
Cdo1,12583,14.746298,Cdo1,
Lysmd3,80289,14.772793,Lysmd3,
Btd,26363,14.803489,Btd,
Enpp2,18606,14.758595,Enpp2,
Taf7,24074,14.6229515,Taf7,
Rab3b,69908,14.89625,Rab3b,
Gtf2ird1,57080,14.77995,Gtf2ird1,
Nucb1,18220,14.6229515,Nucb1,
Trub2,227682,14.77101,Trub2,
Ikbkg,16151,15.037041,Ikbkg,
Pitpnm3,327958,14.796202,Pitpnm3,
Asphd1,233879,15.217366,Asphd1,
Txnrd3,232223,14.823745,Txnrd3,
Cxcl10,15945,16.186792,Cxcl10,
Zfp426,235028,20.41441,Zfp426,
Wdr82,77305,14.268793,Wdr82,
Lsm1,67207,14.070388,Lsm1,
Hspa8,15481,14.900182,Hspa8,
Spast,50850,14.807149,Spast,
Bhlhe41,79362,14.861402,Bhlhe41,
Atp13a2,74772,14.772793,Atp13a2,
Sphk2,56632,15.097465,Sphk2,
Ppp1r3e,105651,15.648265,Ppp1r3e,
Ccdc41,77048,15.842635,Cep83,
Kndc1,76484,15.224924,Kndc1,
Siah2,20439,15.341144,Siah2,
Ppm1a,19042,15.268604,Ppm1a,
Emr1,13733,16.328608,Adgre1,
Iglon5,210094,15.015355,Iglon5,
Adpgk,72141,14.772793,Adpgk,
Gnpda1,26384,14.79984,Gnpda1,
Tacc1,320165,14.755068,Tacc1,
Il3ra,16188,16.593853,Il3ra,
Mbtps1,56453,14.756831,Mbtps1,
Dse,212898,14.810819,Dse,
Rrp8,101867,14.76213,Rrp8,
Ghr,58991,15.992452,Ghr,
Agpat3,28169,14.758595,Agpat3,
Ube2n,93765,15.352242,Ube2n,
Gjc2,118454,14.865228,Gjc2,
Vps13d,230895,14.304395,Vps13d,
Itsn2,20403,15.263388,Itsn2,
Fam69b,56279,14.332434,Dipk1b,
Ddx1,104721,14.260343,Ddx1,
1700028K03Rik,76421,20.907745,1700028K03Rik,
Zfp37,22696,16.13999,Zfp37,
Pou6f1,19009,14.829325,Pou6f1,
Nacc2,67991,15.240174,Nacc2,
2510039O18Rik,77034,21.385788,2510039O18Rik,
Med8,80509,14.188948,Med8,
Mchr1,207911,15.593448,Mchr1,
Kcnn2,140492,14.814498,Kcnn2,
Lancl3,236285,15.227454,Lancl3,
Galk1,14635,14.781747,Galk1,
Tmod1,21916,14.767451,Tmod1,
Rcbtb1,71330,14.827461,Rcbtb1,
Usp32,237898,14.465863,Usp32,
Pdzd11,72621,14.810819,Pdzd11,
Zfp292,30046,21.385788,Zfp292,
Psen1,19164,14.783545,Psen1,
Pkig,18769,14.867146,Pkig,
Pank3,211347,15.380411,Pank3,
Nsfl1c,386649,14.794385,Nsfl1c,
Ywhab,54401,15.292336,Ywhab,
Kri1,215194,14.859492,Kri1,
Snx10,71982,15.303024,Snx10,
Cwc27,67285,14.679834,Cwc27,
Abt1,30946,14.996142,Abt1,
Cbx5,12419,14.952389,Cbx5,
Fam101a,73121,16.16119,Rflna,
Pnmal1,71691,15.74035,Pnma8a,
Men1,17283,15.017509,Men1,
N6amt2,68043,16.814821,Eef1akmt1,
Mrpl34,94065,14.399921,Mrpl34,
Fgf9,14180,14.9482975,Fgf9,
Nceh1,320024,15.232527,Nceh1,
Spsb4,211949,15.300345,Spsb4,
Glyctk,235582,14.755068,Glyctk,
Zc3h7a,106205,14.783545,Zc3h7a,
Fpgt,75540,14.861402,Fpgt,
Rpl39,67248,14.35775,Rpl39,
Papss1,23971,14.805318,Papss1,
Acbd7,78245,14.89625,Acbd7,
Zc3hav1l,209032,16.155403,Zc3hav1l,
Nol6,230082,14.767451,Nol6,
Cenpv,73139,14.861402,Cenpv,
Zfp777,72306,20.721714,Zfp777,
Ptgfrn,19221,15.297668,Ptgfrn,
Fbxw7,50754,14.776367,Fbxw7,
Narfl,67563,14.633058,Ciao3,
Psme3,19192,14.630927,Psme3,
Lgr5,14160,15.175347,Lgr5,
Mogs,57377,14.867146,Mogs,
Arhgap32,330914,15.313804,Arhgap32,
Rrm2,20135,15.144106,Rrm2,
Msra,110265,12.7592325,Msra,
Nrbp1,192292,14.778158,Nrbp1,
AU022252,230696,21.712498,AU022252,
Gm996,381353,19.614708,Ajm1,
Anxa4,11746,14.778158,Anxa4,
Psmd9,67151,14.765675,Psmd9,
Fam20b,215015,14.781747,Fam20b,
Hcfc1r1,353502,15.963528,Hcfc1r1,
Nsmce4a,67872,14.776367,Nsmce4a,
Galnt11,231050,14.831189,Galnt11,
Gnl1,14670,14.975123,Gnl1,
Rock1,19877,14.710089,Rock1,
Ube2j2,140499,14.790761,Ube2j2,
Lrrc10b,278795,15.21988,Lrrc10b,
Rpl7,19989,14.196944,Rpl7,
Atp11a,50770,14.767451,Atp11a,
Wdr75,73674,14.751554,Wdr75,
Klf9,16601,14.851885,Klf9,
Mthfd1,108156,15.255603,Mthfd1,
Gbe1,74185,15.209851,Gbe1,
Lyrm5,67636,17.145752,Etfrf1,
Suz12,52615,15.268604,Suz12,
Sgpl1,20397,14.755068,Sgpl1,
Opn3,13603,14.818189,Opn3,
Farp2,227377,14.774578,Farp2,
Ppfia1,233977,14.848097,Ppfia1,
Lgi3,213469,14.872914,Lgi3,
Tmem123,71929,15.253019,Tmem123,
Zrsr2,22184,14.708389,Zrsr2,
Xrcc2,57434,14.463047,Xrcc2,
Igf2bp2,319765,15.374729,Igf2bp2,
Plekhm1,353047,14.440742,Plekhm1,
Plekha6,240753,14.818189,Plekha6,
Zfp606,67370,21.124914,Zfp606,
Zbtb4,75580,15.072507,Zbtb4,
Pigs,276846,14.481457,Pigs,
Psme1,19186,15.106662,Psme1,
Rnf182,328234,14.781747,Rnf182,
Dnajc30,66114,15.374729,Dnajc30,
Psma3,19167,14.760362,Psma3,
Tbc1d10a,103724,15.214857,Tbc1d10a,
Nmbr,18101,14.829325,Nmbr,
Gldc,104174,14.699925,Gldc,
Rpl41,67945,18.096573,Rpl41,
Fahd1,68636,14.698239,Fahd1,
Cobll1,319876,15.15364,Cobll1,
Vps33b,233405,14.352571,Vps33b,
Ier3ip1,66191,14.708389,Ier3ip1,
Sgta,52551,14.870989,Sgta,
Ctdp1,67655,14.796202,Ctdp1,
Rbm19,74111,14.751554,Rbm19,
Itgbl1,223272,14.760362,Itgbl1,
Psma2,19166,15.148865,Psma2,
Lactb,80907,14.758595,Lactb,
Fbxl15,68431,14.772793,Fbxl15,
Gas1,14451,15.369071,Gas1,
Lfng,16848,14.820039,Lfng,
Adssl1,11565,14.211996,Adss1,
Acad8,66948,14.7428055,Acad8,
Aldh16a1,69748,15.011063,Aldh16a1,
Tef,21685,15.214857,Tef,
Slc30a9,109108,14.744551,Slc30a9,
Fndc5,384061,15.319224,Fndc5,
Matk,17179,10.814907,Matk,
Rela,19697,14.254341,Rela,
Mapkap1,227743,14.763902,Mapkap1,
Scrg1,20284,15.305711,Scrg1,
Dcc,27421,17.403778,Dcc,
Nfrkb,235134,14.621362,Nfrkb,
Zfp804b,207618,20.907745,Zfp804b,
Kctd13,233877,15.175347,Kctd13,
Mtcp1,17763,15.490295,Mtcp1,
Rasgef1b,320292,15.303024,Rasgef1b,
Mmp16,17389,15.260789,Mmp16,
Pdgfc,54635,14.785345,Pdgfc,
Zfp64,22751,17.798098,Zfp64,
Lrrc8d,231549,15.287025,Lrrc8d,
Nckap1,50884,14.76213,Nckap1,
Mrpl35,66223,14.222402,Mrpl35,
Rab11fip5,52055,15.383263,Rab11fip5,
Cyp4f13,170716,21.712498,Cyp4f13,
Exoc1,69940,14.765675,Exoc1,
Crbn,58799,14.748047,Crbn,
Ankhd1,108857,15.158431,Ankhd1,
Lmtk3,381983,15.242732,Lmtk3,
Acat2,223920,17.723768,Acat2,
Fam135a,68187,14.749799,Fam135a,
Ralgapa1,56784,14.748047,Ralgapa1,
Cnksr2,245684,15.260789,Cnksr2,
Crocc,230872,15.276467,Crocc,
Jmjd4,194952,14.309383,Jmjd4,
0610009B22Rik,66050,21.084198,Trappc2b,
Rpl36a,66483,16.183863,Rpl36a,
Ect2,13605,14.746298,Ect2,
Sntb1,20649,14.794385,Sntb1,
Stat5b,20851,16.405409,Stat5b,
Ap3s1,11777,14.865228,Ap3s1,
Ilf3,16201,15.357829,Ilf3,
Dbf4,27214,14.755068,Dbf4,
Sfpq,71514,14.831189,Sfpq,
Tbc1d13,70296,14.774578,Tbc1d13,
Gxylt2,232313,14.769229,Gxylt2,
Lsm2,27756,15.4063,Lsm2,
Efhd1,98363,14.888425,Efhd1,
Dyrk3,226419,14.568452,Dyrk3,
Gal3st1,53897,15.311101,Gal3st1,
Ankrd12,67107,18.61524,Ankrd12,
Ttc21b,73668,14.760362,Ttc21b,
Sparcl1,13602,14.930044,Sparcl1,
Rdh5,19682,14.93206,Rdh5,
Nova1,664883,14.872914,Nova1,
Fbrsl1,381668,14.838676,Fbrsl1,
Darc,13349,16.138899,Ackr1,
Pard6b,58220,14.805318,Pard6b,
Snrnp35,76167,14.748047,Snrnp35,
Lxn,17035,14.827461,Lxn,
Larp1,73158,14.769229,Larp1,
Gng4,14706,15.204866,Gng4,
Flrt2,399558,14.849989,Flrt2,
Psmg2,107047,14.77101,Psmg2,
Khsrp,16549,15.063549,Khsrp,
Lama4,16775,14.769229,Lama4,
Uspl1,231915,14.77101,Uspl1,
Pcdhb3,93874,17.441732,Pcdhb3,
Msh2,17685,14.605575,Msh2,
Otud1,71198,15.247865,Otud1,
Creb3,12913,15.487201,Creb3,
2900011O08Rik,67254,21.084198,Bmerb1,
Mitd1,69028,14.765675,Mitd1,
Nat14,269854,15.202379,Nat14,
Pex11a,18631,14.803489,Pex11a,
Pnkp,59047,14.510299,Pnkp,
Flot1,14251,15.534422,Flot1,
Ap1b1,11764,14.741062,Ap1b1,
Spryd4,66701,15.088334,Spryd4,
Glcci1,170772,15.281735,Glcci1,
Slc30a1,22782,15.276467,Slc30a1,
Lix1l,280411,14.876775,Lix1l,
Mboat2,67216,15.276467,Mboat2,
Nr2f6,13864,15.426795,Nr2f6,
2410131K14Rik,76792,21.084198,Spring1,
Dtx1,14357,14.950341,Dtx1,
Cfp,18636,15.586755,Cfp,
Gpm6a,234267,15.311101,Gpm6a,
Cops5,26754,14.749799,Cops5,
Tfb2m,15278,14.778158,Tfb2m,
Vps35,65114,14.211927,Vps35,
Dcun1d5,76863,14.851885,Dcun1d5,
Cxxc1,74322,15.580097,Cxxc1,
Armcx4,100503043,16.285784,Armcx4,
Orai2,269717,14.77101,Orai2,
Pygm,19309,15.648265,Pygm,
Pld4,104759,15.313804,Pld4,
Mtss1,211401,14.722047,Mtss1,
Mrps11,67994,14.260343,Mrps11,
Srp54c,100101806,22.149912,Srp54c,
Dscam,13508,15.313804,Dscam,
Arhgdig,14570,14.968885,Arhgdig,
Tmem29,382245,19.346292,Tmem29,
Mars2,212679,14.767451,Mars2,
Pgap3,320655,14.326993,Pgap3,
Ube2v1,66589,15.115923,Ube2v1,
Ttc37,218343,13.432778,Skic3,
Elfn2,207393,15.23507,Elfn2,
Stx7,53331,15.268604,Stx7,
Bicd2,76895,14.983491,Bicd2,
Ggps1,14593,14.767451,Ggps1,
Lbh,77889,14.739323,Lbh,
Fech,14151,14.300665,Fech,
Tdrd6,210510,15.271219,Tdrd6,
Ndufb9,66218,14.774578,Ndufb9,
Hdac8,70315,14.763902,Hdac8,
Shroom2,110380,15.371898,Shroom2,
Zfp184,193452,20.907745,Zfp184,
Adcy9,11515,14.76213,Adcy9,
Htatsf1,72459,14.763902,Htatsf1,
Samd10,229011,15.338383,Samd10,
Asph,65973,14.678175,Asph,
Tppp,72948,15.197422,Tppp,
Mapk8ip2,60597,14.876775,Mapk8ip2,
Uhrf1bp1,224648,13.483429,Bltp3a,
Casz1,69743,14.751554,Casz1,
Atg5,11793,14.182133,Atg5,
Sarnp,66118,14.916022,Sarnp,
Vps52,224705,14.338441,Vps52,
Acd,497652,15.148865,Acd,
Pcdhb21,93892,21.124914,Pcdhb21,
Pitpnc1,71795,15.063549,Pitpnc1,
Mad2l1,56150,14.810819,Mad2l1,
Pde9a,18585,15.212351,Pde9a,
Wls,68151,14.273645,Wls,
C330007P06Rik,77644,21.084198,Steep1,
Klhl13,67455,14.884529,Klhl13,
Hspa12a,73442,14.774578,Hspa12a,
Bola1,69168,14.857587,Bola1,
Frs3,107971,14.812657,Frs3,
Rnaseh2b,67153,14.7289295,Rnaseh2b,
Srrm2,75956,15.132289,Srrm2,
Usp12,22217,15.15364,Usp12,
Hnrnph1,59013,15.000388,Hnrnph1,
Tmem132d,243274,15.550551,Tmem132d,
Mlec,109154,14.774578,Mlec,
Xbp1,22433,14.283406,Xbp1,
Tctex1d2,66061,13.87992,Dynlt2b,
Nrbp2,223649,15.338383,Nrbp2,
Pds5b,100710,14.787148,Pds5b,
Ubqln1,56085,15.212351,Ubqln1,
Mrpl11,66419,14.352571,Mrpl11,
Memo1,76890,14.741062,Memo1,
Pde12,211948,14.748047,Pde12,
Plec,18810,15.471834,Plec,
Krba1,77827,15.94581,Krba1,
Grp,232426,16.012417,Grp,
Met,66660,16.77867,Met,
Cd164,53599,14.689841,Cd164,
Asphd2,72898,14.769229,Asphd2,
Frzb,20378,14.751554,Frzb,
Krtcap2,66059,14.861402,Krtcap2,
Lpgat1,226856,14.758595,Lpgat1,
Nrf1,18023,17.798098,Nrf1,
Rnasel,24014,15.388985,Rnasel,
Gtf3a,66596,15.268604,Gtf3a,
Sik3,70661,14.505931,Sik3,
2310022A10Rik,66367,21.712498,2310022A10Rik,
Nfkbid,243910,14.987695,Nfkbid,
Zfp568,243905,20.907745,Zfp568,
Dus3l,224907,14.778158,Dus3l,
Taf8,63856,14.399921,Taf8,
Zfr2,103406,15.330138,Zfr2,
1700021F05Rik,67851,21.084198,Mtres1,
Usf2,22282,15.037041,Usf2,
Grk4,14772,14.942185,Grk4,
Ccl4,20303,18.322134,Ccl4,
Cdk2ap1,13445,14.848097,Cdk2ap1,
Ankrd28,105522,15.260789,Ankrd28,
Wdfy2,268752,14.2932415,Wdfy2,
Rps3,27050,10.573978,Rps3,
Ngf,18049,15.255603,Ngf,
Elp2,58523,14.231783,Elp2,
Klhl5,71778,14.816343,Klhl5,
Prep,69617,16.8902,Prep,
Sys1,66460,14.283406,Sys1,
Mrs2,380836,14.671555,Mrs2,
Ctso,229445,14.75331,Ctso,
Pard6g,93737,15.34946,Pard6g,
Grik4,110637,14.801664,Grik4,
Tjp3,27375,14.781747,Tjp3,
4833439L19Rik,97820,21.712498,4833439L19Rik,
Rgag4,331474,15.600241,Rtl5,
Eef1b2,55949,14.772793,Eef1b2,
Stam2,56324,14.748047,Stam2,
Gdap1l1,228858,14.785345,Gdap1l1,
Abcg1,11307,14.827461,Abcg1,
Nr2f1,13865,15.400502,Nr2f1,
Frs2,327826,15.09061,Frs2,
Rps2,16898,10.690992,Rps2,
Smyd3,69726,14.370781,Smyd3,
Vangl2,93840,15.000388,Vangl2,
Myo9a,270163,15.199899,Myo9a,
Dusp8,18218,15.391854,Dusp8,
Phyhipl,70911,15.209851,Phyhipl,
Tmem108,81907,14.801664,Tmem108,
Tshz1,110796,14.818189,Tshz1,
Ldha,16828,15.432711,Ldha,
Eid1,58521,16.268755,Eid1,
Tmem196,217951,15.217366,Tmem196,
Phb,18673,13.968562,Phb1,
Rpusd4,71989,15.079266,Rpusd4,
Tprgl,67808,19.346292,Tprg1l,
Cisd1,52637,15.048021,Cisd1,
Cfl2,12632,14.794385,Cfl2,
Dgkq,110524,15.175347,Dgkq,
Ssu72,68991,14.220066,Ssu72,
Gga3,260302,15.303024,Gga3,
Trib2,217410,14.801664,Trib2,
Aftph,216549,15.260789,Aftph,
Cops8,108679,14.825602,Cops8,
Nmnat1,66454,14.846208,Nmnat1,
Samd14,217125,15.032674,Samd14,
Ttll5,330010,17.960428,Ttll5,
Invs,16348,14.765675,Invs,
Ndfip1,65113,14.95855,Ndfip1,
Psap,56462,16.743467,Psap,
Alg5,66248,14.671555,Alg5,
Dffb,13368,14.760362,Dffb,
Camk1g,215303,15.313804,Camk1g,
Narf,80890,17.586458,Narf,
Agfg1,15463,15.284377,Agfg1,
Chd7,216848,18.049635,Chd7,
Atg3,67841,14.178739,Atg3,
Macrod1,107227,15.129937,Macrod1,
Fbxo2,230904,14.973041,Fbxo2,
Usp22,216825,14.818189,Usp22,
Tmem30c,71027,16.075224,Tmem30c,
Zfp575,101544,21.124914,Zfp575,
Psmg1,56088,14.376031,Psmg1,
Atp6v0a2,21871,15.287025,Atp6v0a2,
Pbk,52033,14.801664,Pbk,
Snx13,217463,14.735849,Snx13,
Lsm7,66094,14.186673,Lsm7,
Dapk3,13144,14.82189,Dapk3,
Fbll1,237730,16.332321,Fbll1,
Chmp7,105513,14.785345,Chmp7,
Dgka,13139,15.512171,Dgka,
Glud1,14803,16.743467,Glud1,
Tnfrsf21,94185,14.79984,Tnfrsf21,
Zmym2,76007,14.808982,Zmym2,
Eral1,57837,14.758595,Eral1,
Ppil3,70225,14.781747,Ppil3,
Cox7a2,12866,17.272493,Cox7a2,
Erlin1,226144,14.906099,Erlin1,
Atad2b,320817,14.77101,Atad2b,
Eif3i,54709,14.241234,Eif3i,
Ptn,19242,14.798019,Ptn,
Tex10,269536,14.785345,Tex10,
Satb2,212712,14.769229,Satb2,
Ano8,382014,15.335629,Ano8,
Gpr25,383563,15.156033,Gpr25,
9030025P20Rik,100041574,21.084198,Ermardl2,
Sytl2,83671,15.400502,Sytl2,
D16Ertd472e,67102,21.385788,D16Ertd472e,
Brix1,67832,15.284377,Brix1,
Sdhc,66052,13.3863,Sdhc,
Mdc1,240087,15.021824,Mdc1,
Scd1,20249,18.406948,Scd1,
Haus6,230376,14.816343,Haus6,
Slc20a1,20515,15.355033,Slc20a1,
Hnrnpu,51810,15.253019,Hnrnpu,
Adipor1,72674,15.357829,Adipor1,
Dnajc13,235567,15.151249,Dnajc13,
Phf5a,68479,14.250754,Phf5a,
Mrpl9,78523,14.30564,Mrpl9,
Mgrn1,17237,15.287025,Mgrn1,
Coro2a,107684,15.224924,Coro2a,
Efnb2,13642,15.255603,Efnb2,
Nap1l5,58243,16.21896,Nap1l5,
Nr3c1,14815,14.801664,Nr3c1,
Slc25a10,27376,15.341144,Slc25a10,
Fth1,14319,15.403397,Fth1,
Myd88,17874,14.30564,Myd88,
St3gal3,20441,15.308403,St3gal3,
Tspan5,56224,15.279097,Tspan5,
Ppip5k1,327655,15.3274,Ppip5k1,
Actl6a,56456,14.820039,Actl6a,
Dcbld1,66686,15.061319,Dcbld1,
Dnm3,103967,15.391854,Dnm3,
Osbpl7,71240,14.89429,Osbpl7,
Cox6a1,12861,16.668371,Cox6a1,
Txndc17,52700,14.77101,Txndc17,
Wdr41,218460,14.77101,Wdr41,
Fam96a,68250,14.34394,Ciao2a,
Mapre3,100732,15.386121,Mapre3,
Capn2,12334,15.550551,Capn2,
Pdzk1,59020,14.823745,Pdzk1,
B4galt4,56375,14.772793,B4galt4,
Isyna1,71780,15.194951,Isyna1,
Islr,26968,15.634342,Islr,
Sh3bgr,50795,15.045816,Sh3bgr,
Ndufa8,68375,14.71179,Ndufa8,
Tmem86b,68255,15.190022,Tmem86b,
Foxg1,15228,15.192484,Foxg1,
Crabp2,12904,15.441635,Crabp2,
Nptn,20320,15.271219,Nptn,
Igfbp2,16008,15.279097,Igfbp2,
Ndrg4,234593,14.805318,Ndrg4,
Slc35d1,242585,15.287025,Slc35d1,
Ranbp3,71810,14.615023,Ranbp3,
Pigyl,66268,21.385788,Pigyl,
Cklf,75458,16.235346,Cklf,
Bcorl1,320376,14.807149,Bcorl1,
Zfp189,230162,21.385788,Zfp189,
Adam8,11501,15.493399,Adam8,
Scamp1,107767,14.942185,Scamp1,
Clec16a,74374,14.732386,Clec16a,
Dpysl3,22240,14.840556,Dpysl3,
Taf3,209361,14.33589,Taf3,
Plekhg2,101497,15.229987,Plekhg2,
Coro1c,23790,15.289679,Coro1c,
Glo1,109801,14.352571,Glo1,
Pop4,66161,14.266373,Pop4,
Fam171a1,269233,14.788954,Fam171a1,
Clu,12759,14.377348,Clu,
Cpeb2,231207,14.849989,Cpeb2,
Gfod2,70575,14.8825865,Gfod2,
Camkk1,55984,15.308403,Camkk1,
Trappc2,66226,14.805318,Trappc2,
Peli3,240518,15.23762,Peli3,
Lzts1,211134,14.857587,Lzts1,
Trpc7,28240,16.77867,Trpc7,
Atf6b,12915,15.144106,Atf6b,
Ece2,107522,15.600176,Ece2,
B3galtl,381694,15.934288,B3glct,
Rabgef1,56715,14.857587,Rabgef1,
Atp5s,68055,14.217242,Dmac2l,
Vps4b,20479,14.808982,Vps4b,
Dtwd1,69185,14.760362,Dtwd1,
Mcl1,17210,15.297668,Mcl1,
Txnl1,53382,14.807149,Txnl1,
Snapc3,77634,14.763902,Snapc3,
Cog5,238123,14.713493,Cog5,
Yars,107271,14.040277,Yars1,
Mkl2,239719,14.326718,Mkl2,
Tubgcp6,328580,14.758595,Tubgcp6,
Cdh24,239096,15.757727,Cdh24,
Iqgap2,544963,14.798019,Iqgap2,
Npas3,27386,15.06802,Npas3,
Armc10,67211,14.748047,Armc10,
Tbp,21374,14.288315,Tbp,
Notch2,18129,14.922014,Notch2,
Scrn2,217140,14.876775,Scrn2,
Pygl,110095,14.774578,Pygl,
Hdac11,232232,14.457435,Hdac11,
Galnt13,271786,14.849989,Galnt13,
Hs2st1,23908,15.305711,Hs2st1,
Pfkm,18642,15.484113,Pfkm,
Aacs,78894,14.778158,Aacs,
Cisd2,67006,14.284631,Cisd2,
Btbd19,78611,15.371898,Btbd19,
Zcchc6,214290,14.439737,Tut7,
Entpd6,12497,14.798019,Entpd6,
Rfxank,19727,14.749799,Rfxank,
Tiam2,24001,15.281735,Tiam2,
Fezf2,54713,14.831189,Fezf2,
Strn4,97387,15.0860615,Strn4,
Chaf1b,110749,14.790761,Chaf1b,
Alad,17025,14.756831,Alad,
Shc4,271849,15.209851,Shc4,
Ube2h,22214,14.727205,Ube2h,
Hmbs,15288,15.17778,Hmbs,
Mrps22,64655,14.230608,Mrps22,
Ngly1,59007,14.756831,Ngly1,
Slc7a1,11989,16.929543,Slc7a1,
Syn2,20965,14.679834,Syn2,
Actl6b,83766,15.512171,Actl6b,
Scg3,20255,14.642174,Scg3,
Mrpl37,56280,14.241234,Mrpl37,
Auts2,319974,15.258193,Auts2,
Kcnk2,16526,15.182663,Kcnk2,
Spty2d1,101685,14.790761,Spty2d1,
Tubb5,22154,16.070374,Tubb5,
Pdcd11,18572,14.749799,Pdcd11,
Kcna3,16491,15.573475,Kcna3,
Fxr2,23879,15.160834,Fxr2,
Npepl1,228961,14.756831,Npepl1,
Qrsl1,76563,14.720332,Qrsl1,
Ldb1,16825,15.27384,Ldb1,
Cd44,12505,15.289679,Cd44,
Selenbp1,20341,15.079266,Selenbp1,
Cmtm4,97487,14.803489,Cmtm4,
Reep4,72549,15.45967,Reep4,
Ski,108077,15.6919985,Ski,
Zufsp,72580,14.597669,Zup1,
Dvl1,13542,15.287025,Dvl1,
Lysmd4,75099,14.827461,Lysmd4,
Farsa,23874,18.049635,Farsa,
Cdc42bpa,226751,15.303024,Cdc42bpa,
Minpp1,17330,15.311101,Minpp1,
Ube2s,77891,15.006782,Ube2s,
Slc14a1,108052,15.844295,Slc14a1,
Usp29,57775,17.55801,Usp29,
Rims1,116837,15.247865,Rims1,
Ppp1r13l,333654,14.991911,Ppp1r13l,
Tmem168,101118,15.287025,Tmem168,
Siva1,30954,14.801664,Siva1,
Tgif2,228839,15.386121,Tgif2,
Bola3,78653,14.842437,Bola3,
Mphosph9,269702,15.175347,Mphosph9,
Abcd4,19300,14.741062,Abcd4,
Fez2,225020,15.2452965,Fez2,
Fam196b,574403,14.640248,Insyn2b,
Arl4a,11861,15.258193,Arl4a,
Ispd,75847,14.233104,Crppa,
Acox3,80911,14.480031,Acox3,
Cab39,12283,14.865228,Cab39,
Kpna6,16650,14.853782,Kpna6,
Ccnt1,12455,14.861402,Ccnt1,
Nudt16,75686,16.246387,Nudt16,
Arid5b,71371,14.820039,Arid5b,
Hnrnpul1,232989,15.065784,Hnrnpul1,
Gnal,14680,14.9482975,Gnal,
Pcca,110821,14.744551,Pcca,
Kcnip2,80906,15.065784,Kcnip2,
Wipf3,330319,14.867146,Wipf3,
Smc3,13006,14.199238,Smc3,
Ankib1,70797,15.199899,Ankib1,
Zhx2,387609,15.23762,Zhx2,
Camk2a,12322,14.865228,Camk2a,
Pcdhb12,93883,19.130804,Pcdhb12,
Eya2,14049,14.778158,Eya2,
Jam3,83964,15.240174,Jam3,
Pla2g7,27226,14.807149,Pla2g7,
Btbd17,72014,15.355033,Btbd17,
Csnk1a1,93687,14.781747,Csnk1a1,
1700019D03Rik,67080,21.385788,1700019D03Rik,
Dock6,319899,15.644771,Dock6,
Alg9,102580,14.234141,Alg9,
Faf2,76577,14.274861,Faf2,
Nudcd2,52653,14.763902,Nudcd2,
Dsel,319901,15.172917,Dsel,
Galt,14594,17.798098,Galt,
Ifnar1,15975,15.36063,Ifnar1,
Bccip,66165,14.900182,Bccip,
Ankrd55,77318,15.074756,Ankrd55,
Taf1c,21341,14.892332,Taf1c,
Pum1,80912,14.758595,Pum1,
Rcc2,108911,14.794385,Rcc2,
Otud4,73945,14.840556,Otud4,
Zic3,22773,14.853782,Zic3,
Sdf2l1,64136,14.720332,Sdf2l1,
Fbl,14113,14.409331,Fbl,
Rpl32,19951,10.721157,Rpl32,
Atmin,234776,14.776367,Atmin,
Sp1,20683,14.376031,Sp1,
Lcorl,209707,14.842437,Lcorl,
Rims3,242662,14.867146,Rims3,
Ifrd1,15982,14.338441,Ifrd1,
Ripk4,72388,14.801664,Ripk4,
Agk,69923,14.755068,Agk,
Pacrgl,66768,15.289679,Pacrgl,
Clec2l,665180,16.155403,Clec2l,
Suds3,71954,14.710089,Suds3,
Chchd7,66433,14.746298,Chchd7,
Cdk2,12566,14.602439,Cdk2,
Armc5,233912,15.037041,Armc5,
Shisa9,72555,15.383263,Shisa9,
Sbno2,216161,15.297668,Sbno2,
Luc7l3,67684,14.810819,Luc7l3,
Arhgap31,12549,14.798019,Arhgap31,
Megf10,70417,14.788954,Megf10,
Lrrc61,243371,14.89429,Lrrc61,
Tfam,21780,14.399921,Tfam,
Erh,13877,14.77101,Erh,
Slc9a9,331004,15.341144,Slc9a9,
Plcl1,227120,14.77995,Plcl1,
Hddc3,68695,14.900182,Hddc3,
Srcin1,56013,15.253019,Srcin1,
Selm,114679,17.193527,Selenom,
Cask,12361,14.548778,Cask,
Zc3h10,103284,14.9361,Zc3h10,
Abca3,27410,15.052439,Abca3,
Oxsm,71147,14.756831,Oxsm,
Brap,72399,14.865228,Brap,
Galr2,14428,15.34391,Galr2,
Sfxn5,94282,15.3274,Sfxn5,
Rps8,20116,10.695326,Rps8,
Mrpl49,18120,14.365553,Mrpl49,
Smn1,20595,15.698202,Smn1,
Mrpl46,67308,14.261546,Mrpl46,
Engase,217364,14.342279,Engase,
Cdk5r1,12569,15.363438,Cdk5r1,
Gab1,14388,14.763902,Gab1,
5730559C18Rik,67313,21.084198,5730559C18Rik,
Mafg,17134,15.287025,Mafg,
Gnai1,14677,14.9793005,Gnai1,
Acyp2,75572,14.918017,Acyp2,
Gmpr,66355,14.805318,Gmpr,
Rps6kb1,72508,15.284377,Rps6kb1,
Nudt17,78373,15.059093,Nudt17,
Plekhb1,27276,14.820039,Plekhb1,
Tns3,319939,15.194951,Tns3,
Zfp12,231866,20.2843,Zfp12,
Susd1,634731,14.744551,Susd1,
Cidea,12683,14.9482975,Cidea,
Gpr89,67549,20.166035,Gpr89,
Slc39a2,214922,15.856559,Slc39a2,
Hsdl2,72479,14.324463,Hsdl2,
Wdfy1,69368,14.798019,Wdfy1,
Smc6,67241,14.320678,Smc6,
Lrrc3b,218763,14.834928,Lrrc3b,
Ccdc152,100039139,15.232527,Ccdc152,
Crim1,50766,14.783545,Crim1,
Gpr176,381413,14.767451,Gpr176,
Acy1,109652,15.346683,Acy1,
Mga,232714,17.01188,Mga,
Itpr1,16438,15.187564,Itpr1,
Dclre1a,55947,14.760362,Dclre1a,
Ralbp1,19765,14.774578,Ralbp1,
Dym,69190,14.751554,Dym,
Rab11fip3,215445,14.772793,Rab11fip3,
Zfp354a,21408,21.385788,Zfp354a,
Ankrd24,70615,14.910059,Ankrd24,
Dcaf8,98193,14.912044,Dcaf8,
Bok,51800,15.313804,Bok,
Ptpru,19273,15.289679,Ptpru,
Mcat,223722,14.75331,Mcat,
Naa16,66897,15.32467,Naa16,
Gfra1,14585,15.268604,Gfra1,
Fen1,14156,14.143073,Fen1,
Pdcd6ip,18571,14.805318,Pdcd6ip,
Gpr17,574402,14.787148,Gpr17,
Kdm4b,193796,14.808982,Kdm4b,
Reep2,225362,14.805318,Reep2,
Pgr,18667,14.820039,Pgr,
1700052N19Rik,73419,21.084198,Armt1,
Nsun4,72181,14.767451,Nsun4,
Hdx,245596,14.77101,Hdx,
Phkb,102093,14.75331,Phkb,
Ctsd,13033,14.812657,Ctsd,
Cwc22,80744,14.640561,Cwc22,
Llph,66225,14.769229,Llph,
Armcx6,278097,16.912312,Armcx6,
Mcc,328949,15.10897,Mcc,
Rgs19,56470,14.876775,Rgs19,
Laptm4b,114128,14.75331,Laptm4b,
Ppil4,67418,14.723763,Ppil4,
Lysmd2,70082,14.792573,Lysmd2,
Zfp2,22678,16.437119,Zfp2,
Degs2,70059,14.769229,Degs2,
Ndufs7,75406,14.678175,Ndufs7,
Bre,107976,14.477506,Babam2,
Anxa7,11750,15.27384,Anxa7,
Necap2,66147,14.807149,Necap2,
Git1,216963,14.776367,Git1,
Cast,70333,17.522753,Cast,
Rnf139,75841,14.767451,Rnf139,
Slc25a23,66972,16.018175,Slc25a23,
Wipf1,215280,15.330138,Wipf1,
Sypl,19027,18.931433,Sypl1,
Ciz1,68379,14.968885,Ciz1,
Ccnj,240665,14.788954,Ccnj,
Uggt1,320011,14.774578,Uggt1,
Zfp62,22720,16.208149,Zfp62,
Abcb7,11306,14.278517,Abcb7,
Commd7,99311,14.744551,Commd7,
Pdk2,18604,15.432711,Pdk2,
Zadh2,225791,13.816118,Ptgr3,
Tmem106a,217203,15.015355,Tmem106a,
Tmem47,192216,14.77995,Tmem47,
Dtnb,13528,15.465738,Dtnb,
Hif1a,15251,15.265992,Hif1a,
Lrfn5,238205,15.319224,Lrfn5,
Vti1a,53611,14.288315,Vti1a,
C1qtnf2,69183,14.772793,C1qtnf2,
2700049A03Rik,76967,21.385788,2700049A03Rik,
Vps8,209018,14.216574,Vps8,
Fau,14109,15.537631,Fau,
Rnase4,58809,16.476221,Rnase4,
Smad3,17127,15.284377,Smad3,
Ube2d1,216080,15.321943,Ube2d1,
Gpm6b,14758,15.281735,Gpm6b,
Rhbdl1,214951,14.82189,Rhbdl1,
Tmem43,74122,14.591528,Tmem43,
Pde3a,54611,14.928033,Pde3a,
Gsto2,68214,16.202778,Gsto2,
Plekhg5,269608,15.3274,Plekhg5,
Sestd1,228071,14.767451,Sestd1,
Grid2,14804,14.792573,Grid2,
Klhdc10,76788,14.723763,Klhdc10,
2410002F23Rik,668661,22.813986,2410002F23Rik,
Ctnnd1,12388,14.807149,Ctnnd1,
Sclt1,67161,14.758595,Sclt1,
Dnajc21,78244,14.749799,Dnajc21,
Ank2,109676,15.253019,Ank2,
Saal1,78935,14.737585,Saal1,
Atl3,109168,15.1346445,Atl3,
Rccd1,269955,15.160834,Rccd1,
Plxnb2,140570,15.313804,Plxnb2,
Yeats4,64050,14.772793,Yeats4,
Zfp414,328801,20.907745,Zfp414,
Mfsd3,69572,15.077009,Mfsd3,
Pura,19290,14.597752,Pura,
Mtrr,210009,14.749799,Mtrr,
Stk19,54402,17.484127,Stk19,
Gpt,13478,15.934288,Gpt,
Tbc1d19,67249,14.739323,Tbc1d19,
Tubb2b,73710,16.476221,Tubb2b,
N4bp1,80750,14.798019,N4bp1,
Gorab,98376,14.464455,Gorab,
Pus3,67049,14.774578,Pus3,
Pi4kb,107650,14.836801,Pi4kb,
Stard5,170460,14.790761,Stard5,
Map3k13,71751,15.227454,Map3k13,
Timm10,30056,18.145218,Timm10,
Slc15a2,57738,14.788954,Slc15a2,
Rell2,225392,14.930044,Rell2,
Sycp3,20962,14.798019,Sycp3,
Ascc1,69090,14.76213,Ascc1,
Gprin3,243385,15.287025,Gprin3,
Ppp1r14b,18938,15.738831,Ppp1r14b,
Gin1,14606,17.960428,Gin1,
Fktn,246179,14.798019,Fktn,
Gnptg,214505,14.792573,Gnptg,
Pex10,668173,14.314389,Pex10,
Tgfb2,21808,14.792573,Tgfb2,
Rps18,20084,10.737547,Rps18,
Nudt13,67725,14.814498,Nudt13,
Pycrl,66194,14.576877,Pycr3,
G6pc3,68401,14.853782,G6pc3,
Nkrf,77286,14.769229,Nkrf,
Stxbp2,20911,15.097465,Stxbp2,
Col3a1,12825,15.330138,Col3a1,
Ipcef1,320495,15.052439,Ipcef1,
Tnfsf9,21950,16.099752,Tnfsf9,
Cntn1,12805,15.279097,Cntn1,
Kcnh3,16512,15.106662,Kcnh3,
Zcchc8,70650,14.767451,Zcchc8,
Aig1,56747,17.586458,Aig1,
Ctf1,13019,16.114697,Ctf1,
Med30,69790,14.414741,Med30,
Coq6,217707,14.077685,Coq6,
Filip1l,78749,14.758595,Filip1l,
Rps5,20103,14.003524,Rps5,
Dll4,100043609,18.764015,Dll4,
Psen2,19165,14.836801,Psen2,
Rragd,52187,14.890377,Rragd,
Lcmt2,329504,14.823745,Lcmt2,
Tmem179,104885,15.212351,Tmem179,
Lrrc59,98238,14.772793,Lrrc59,
Actr3b,242894,15.097465,Actr3b,
BC005624,227707,21.385788,BC005624,
Mafb,16658,15.026153,Mafb,
Amy1,11722,19.293514,Amy1,
Hexim1,192231,14.906099,Hexim1,
Eif4a3,192170,14.794385,Eif4a3,
Tigd2,68140,16.145107,Tigd2,
Slc10a3,214601,15.081528,Slc10a3,
Ngb,69237,17.653353,Ngb,
Ric3,320360,15.271219,Ric3,
Rnf10,50849,14.737585,Rnf10,
Syt10,54526,14.818189,Syt10,
Wnt5a,22418,14.855682,Wnt5a,
Zfp775,243372,21.385788,Zfp775,
Slc25a25,227731,15.284377,Slc25a25,
Ino80e,233875,15.050228,Ino80e,
Rapgefl1,268480,14.816343,Rapgefl1,
Tmem203,227615,14.814498,Tmem203,
Pex13,72129,14.254341,Pex13,
Ddx49,234374,14.763902,Ddx49,
Pdik1l,230809,14.833056,Pdik1l,
Slc2a4,20528,15.5636,Slc2a4,
Hecw1,94253,15.207356,Hecw1,
Snx14,244962,14.865228,Snx14,
Psmd13,23997,14.774578,Psmd13,
Nr2e1,21907,14.758595,Nr2e1,
Pa2g4,18813,15.36063,Pa2g4,
Sall3,20689,15.284377,Sall3,
Cldn12,64945,14.805318,Cldn12,
Slc39a8,67547,14.794385,Slc39a8,
Lypd6,320343,14.874843,Lypd6,
Snhg11,319317,20.907745,Snhg11,
Il1rap,16180,15.156033,Il1rap,
Hdac10,170787,14.842437,Hdac10,
Smad9,55994,14.812657,Smad9,
Trim45,19221,17.243074,Trim45,
Kcnf1,16518,16.30337,Kcnf1,
Ptx3,18742,15.807665,Ptx3,
Slitrk5,75409,15.165653,Slitrk5,
Fam174b,100038347,14.942185,Fam174b,
Dcaf12l1,245404,19.032642,Dcaf12l1,
Arhgef12,69632,15.27384,Arhgef12,
Pcdh7,54216,15.289679,Pcdh7,
Plekhf2,71801,14.77995,Plekhf2,
Prrt4,101359,15.738831,Prrt4,
5031439G07Rik,223739,21.124914,5031439G07Rik,
Dyx1c1,67685,14.464797,Dnaaf4,
Med6,69792,14.110504,Med6,
Mettl4,76781,14.276079,Mettl4,
Axl,26362,15.518491,Axl,
Calcoco1,67488,15.800291,Calcoco1,
Zscan20,269585,16.124754,Zscan20,
Ncoa7,56406,16.549742,Ncoa7,
Cd83,12522,14.950341,Cd83,
Fstl1,14314,15.2224,Fstl1,
Pck2,74551,15.054654,Pck2,
Dgkh,380921,14.801664,Dgkh,
Rpl24,68193,13.763464,Rpl24,
Rpl12,269261,13.619088,Rpl12,
Blmh,104184,14.763902,Blmh,
Ppp1r11,76497,14.983491,Ppp1r11,
Myadm,50918,15.658807,Myadm,
Ryr1,20190,15.66588,Ryr1,
Ppargc1b,170826,14.833056,Ppargc1b,
Myeov2,66915,16.138899,Cops9,
Nudcd1,67429,14.77101,Nudcd1,
Phrf1,101471,14.605575,Phrf1,
Svip,75744,14.477187,Svip,
Acvr1,11477,15.175347,Acvr1,
Lgr6,329252,15.204866,Lgr6,
Slc12a9,83704,14.792573,Slc12a9,
Gjb6,14623,16.176247,Gjb6,
Cox7a1,12865,16.921597,Cox7a1,
2700089E24Rik,381820,21.084198,Smim10l1,
Ly6e,17069,16.229862,Ly6e,
Adat3,100113398,15.092891,Adat3,
Scaper,244891,14.732386,Scaper,
Tmem126b,68472,16.186792,Tmem126b,
Rhbdd1,76867,14.785345,Rhbdd1,
Dlg4,13385,15.566882,Dlg4,
Mum1,68114,17.461943,Pwwp3a,
Hmgn5,50887,15.7769,Hmgn5,
Zfp362,230761,20.907745,Zfp362,
Gpatch8,237943,14.772793,Gpatch8,
Tmco3,234076,14.75331,Tmco3,
Aldh3a2,11671,15.644771,Aldh3a2,
Lta4h,16993,14.798019,Lta4h,
8030462N17Rik,212163,21.084198,Ark2n,
Os9,216440,14.89625,Os9,
Commd4,66199,14.732386,Commd4,
Zdhhc14,224454,14.867146,Zdhhc14,
Bcap29,12033,15.369071,Bcap29,
Prx,382209,16.6431,Prx,
Gm4980,100503386,21.084198,Tpbgl,
Rbm43,71684,15.271219,Rbm43,
Cpt2,12896,14.2957115,Cpt2,
Trip12,14897,14.769229,Trip12,
Mbnl1,56758,14.872914,Mbnl1,
Peg3,66549,18.145218,Peg3,
Msrb2,320183,18.24816,Msrb2,
Atp13a4,224079,15.753926,Atp13a4,
Rock2,19878,15.170491,Rock2,
Pdgfra,18595,14.749799,Pdgfra,
Hdac7,56233,15.330138,Hdac7,
Mknk1,17346,14.869065,Mknk1,
Kctd4,67516,14.801664,Kctd4,
Chadl,214685,15.380411,Chadl,
Tmem206,66950,14.125834,Pacc1,
Elavl2,15569,14.814498,Elavl2,
Zfp30,22693,17.008297,Zfp30,
Lenep,57275,15.613735,Lenep,
Scmh1,29871,15.199899,Scmh1,
Prpsap1,67763,15.065784,Prpsap1,
D8Ertd82e,244418,21.084198,Prag1,
Trim13,66597,14.758595,Trim13,
Fastk,66587,14.910059,Fastk,
Fam110b,242297,14.842437,Fam110b,
Mmp24,17391,14.746298,Mmp24,
Pola1,18968,14.698239,Pola1,
Top2b,21974,14.758595,Top2b,
1700025G04Rik,69399,20.721714,1700025G04Rik,
Abcf3,27406,14.756831,Abcf3,
Kdm5d,20592,18.856102,Kdm5d,
Cryl1,68631,14.744551,Cryl1,
Spg11,214585,14.607145,Spg11,
Slc35f2,72022,15.000388,Slc35f2,
Erlec1,66753,14.737585,Erlec1,
Plekhn1,231002,14.805318,Plekhn1,
Prpf31,68988,14.950341,Prpf31,
Ndufaf4,68493,14.77101,Ndufaf4,
Pde2a,207728,15.185111,Pde2a,
Gmeb1,56809,14.823745,Gmeb1,
Ece1,230857,14.749799,Ece1,
Dnajc19,67713,14.75331,Dnajc19,
Gpd2,14380,17.055033,Gpd2,
Dkkl1,50722,15.915374,Dkkl1,
Zfp668,244219,21.385788,Zfp668,
Rnf152,320311,14.814498,Rnf152,
Tcf3,21415,16.407312,Tcf3,
Slc26a11,268512,14.751554,Slc26a11,
2010015L04Rik,544678,21.084198,Cfap74,
Sema3c,20348,14.816343,Sema3c,
Mthfs,107885,14.402605,Mthfs,
Prkaa1,105787,14.808982,Prkaa1,
Efna3,13638,15.505883,Efna3,
Errfi1,74155,15.297668,Errfi1,
Rnf169,108937,14.758595,Rnf169,
Lhx6,16874,15.182663,Lhx6,
Ndufb10,68342,14.772793,Ndufb10,
Prnp,19122,15.394731,Prnp,
Ankfy1,11736,14.7169075,Ankfy1,
Grasp,56149,14.304093,Tamalin,
Zfp169,67911,21.124914,Zfp169,
Dlc1,50768,14.790761,Dlc1,
Spsb2,14794,16.05115,Spsb2,
Tbc1d22a,223754,14.79984,Tbc1d22a,
Cd24a,12484,22.813986,Cd24a,
Bivm,246229,15.441635,Bivm,
Fam13b,225358,14.836801,Fam13b,
Eif4ebp2,13688,14.834928,Eif4ebp2,
Fhit,14198,14.910059,Fhit,
Dmxl2,235380,14.781747,Dmxl2,
Tgfa,21802,14.788954,Tgfa,
Pik3r1,18708,14.774578,Pik3r1,
Nalcn,338370,14.748047,Nalcn,
Cacna1e,12290,15.276467,Cacna1e,
Ly96,17087,15.316511,Ly96,
Gltp,56356,14.650269,Gltp,
Fancm,104806,14.330798,Fancm,
Ly6c1,17067,22.813986,Ly6c1,
AI593442,330941,21.385788,AI593442,
Strbp,20744,14.8825865,Strbp,
St5,76954,14.058821,Dennd2b,
Mcm9,71567,14.783545,Mcm9,
Setd8,67956,16.580143,Setd8,
Pcif1,20747,18.61524,Pcif1,
Hspb2,69253,15.129937,Hspb2,
Chac2,68044,14.741062,Chac2,
Lrrc27,76612,15.560326,Lrrc27,
Tmem109,68539,15.092891,Tmem109,
Hdac4,15184,17.348036,Hdac4,
Osbpl3,71720,15.279097,Osbpl3,
Dnajc9,108671,14.798019,Dnajc9,
Pex16,18633,14.300665,Pex16,
Mospd2,76763,14.7289295,Mospd2,
Tas1r1,110326,15.36063,Tas1r1,
Cdh22,104010,15.17778,Cdh22,
Tmem184b,223693,15.227454,Tmem184b,
Spag7,216873,14.924016,Spag7,
Unc45a,101869,14.844321,Unc45a,
Zmynd19,67187,14.749799,Zmynd19,
Chd6,71389,14.818189,Chd6,
Znrf1,170737,14.794385,Znrf1,
0610007P14Rik,58520,20.400923,Erg28,
Ets2,23872,15.070263,Ets2,
Asxl3,211961,15.313804,Asxl3,
Mtf2,17765,14.746298,Mtf2,
Vtn,22370,15.321943,Vtn,
Bcl11b,58208,15.240174,Bcl11b,
Tex264,21767,15.313804,Tex264,
Zcchc3,67917,16.145107,Zcchc3,
Pard3,93742,15.168071,Pard3,
Pcdh18,73173,15.202379,Pcdh18,
Fam161a,73873,14.735849,Fam161a,
Ncapd2,68298,14.79984,Ncapd2,
Surf2,20931,14.785345,Surf2,
Plxnb1,235611,15.303024,Plxnb1,
Syt2,20980,15.292336,Syt2,
Nfkbiz,80859,14.816343,Nfkbiz,
Timp4,110595,15.214857,Timp4,
Tubgcp3,259279,14.781747,Tubgcp3,
Dtd1,66044,14.678175,Dtd1,
Lrrk2,66725,14.760362,Lrrk2,
Appl2,216190,14.744551,Appl2,
Epha3,13837,14.840556,Epha3,
Ttpa,50500,14.778158,Ttpa,
Tmem223,66836,14.900182,Tmem223,
Ctnnal1,54366,14.781747,Ctnnal1,
Rpn1,103963,14.109432,Rpn1,
Ghdc,80860,14.884529,Ghdc,
Fam109a,231717,14.691701,Pheta1,
Fat1,14107,15.209851,Fat1,
Inpp5k,19062,15.279097,Inpp5k,
Spr,21336,15.773583,Spr,
Ovca2,246257,14.838676,Ovca2,
Mtbp,105837,14.874843,Mtbp,
Celf3,78784,15.547309,Celf3,
Rbm5,83486,14.846208,Rbm5,
Rfx7,319758,15.168071,Rfx7,
Zfp809,235047,21.385788,Zfp809,
Eif3k,73830,14.352571,Eif3k,
Pgm2,72157,17.522753,Pgm2,
Elp4,77766,14.243607,Elp4,
Cntn3,18488,15.738831,Cntn3,
Fgfr1op,75296,14.031098,Cep43,
Ears2,67417,14.787148,Ears2,
1700049G17Rik,73430,21.084198,Zfp974,
Cbx6,494448,15.330138,Cbx6,
Tecpr1,70381,15.23762,Tecpr1,
Vrk1,22367,14.77995,Vrk1,
Ccdc88c,68339,14.820039,Ccdc88c,
Tmem181a,77106,21.712498,Tmem181a,
Nxn,18230,14.796202,Nxn,
Zfp13,22654,20.559002,Zfp13,
Prkacb,18749,15.34946,Prkacb,
Tsc22d2,72033,14.849989,Tsc22d2,
Tor1aip1,208263,15.928329,Tor1aip1,
Birc5,11799,15.499626,Birc5,
Lca5,75782,14.769229,Lca5,
Pcdhb15,93886,17.4279,Pcdhb15,
Nipal3,74552,14.772793,Nipal3,
Rasal2,226525,14.801664,Rasal2,
Mrps33,14548,14.296949,Mrps33,
Lyrm1,73919,14.744551,Lyrm1,
Gabarapl2,93739,14.774578,Gabarapl2,
Actb,11461,15.281735,Actb,
Spem1,74288,16.202778,Spem1,
Prdm15,114604,14.76213,Prdm15,
Fuz,70300,15.050228,Fuz,
Jak2,16452,15.276467,Jak2,
Sobp,109205,14.713493,Sobp,
Gdf11,14561,15.052439,Gdf11,
Ccdc25,67179,14.643789,Ccdc25,
Smap1,98366,14.855682,Smap1,
Ifit2,15958,16.450022,Ifit2,
Mctp1,78771,15.242732,Mctp1,
Lyrm7,75530,14.785345,Lyrm7,
Prkaca,18747,15.928329,Prkaca,
Ghitm,66092,14.763902,Ghitm,
Icam1,15894,16.176247,Icam1,
Nipa1,233280,14.76213,Nipa1,
Asb4,65255,14.774578,Asb4,
Cox6b2,333182,16.893936,Cox6b2,
Mtx1,17827,15.355033,Mtx1,
Lhx8,16875,15.23762,Lhx8,
Spred3,101809,15.092891,Spred3,
Recql,19691,14.798019,Recql,
Amph,218038,14.147478,Amph,
Blvra,109778,14.823745,Blvra,
Ccdc53,67282,14.509815,Washc3,
Pld6,194908,14.808982,Pld6,
Pi4ka,224020,15.276467,Pi4ka,
Ovgp1,12659,16.19743,Ovgp1,
Cobl,12808,14.863313,Cobl,
Ndufs8,225887,15.139367,Ndufs8,
BC004004,80748,21.385788,BC004004,
Txndc5,105245,14.727205,Txndc5,
Lrrtm3,216028,15.265992,Lrrtm3,
Rbm34,52202,14.790761,Rbm34,
Ddx24,27225,14.723763,Ddx24,
Nt5dc1,319638,14.844321,Nt5dc1,
Dcaf12,68970,14.296949,Dcaf12,
Gpr6,140741,15.077009,Gpr6,
6430571L13Rik,235599,21.712498,6430571L13Rik,
Tbc1d23,67581,14.266373,Tbc1d23,
Ankrd13a,68420,14.787148,Ankrd13a,
Ddr2,18214,15.287025,Ddr2,
Ddx56,52513,14.825602,Ddx56,
Gtf2a1,83602,14.735849,Gtf2a1,
Mitf,21786,16.254278,Mitf,
Tmcc1,319880,15.807665,Tmcc1,
Tmem41a,66664,15.297668,Tmem41a,
Dis3l2,208718,14.571505,Dis3l2,
Gstp1,14870,16.280083,Gstp1,
Dopey2,70028,14.3497305,Dop1b,
Btbd1,83962,15.255603,Btbd1,
Rad23a,19358,15.583423,Rad23a,
Nip7,66164,14.658414,Nip7,
Rundc3a,51799,15.36063,Rundc3a,
Ttc34,242800,14.888425,Ttc34,
Hscb,100900,14.026437,Hscb,
Col9a3,12841,14.846208,Col9a3,
Nprl3,17168,14.280959,Nprl3,
Hcn2,15166,15.363438,Hcn2,
Fzd6,14368,14.952389,Fzd6,
Rfc4,106344,14.188948,Rfc4,
Gpr135,238252,15.15364,Gpr135,
Manea,242362,14.827461,Manea,
Krt73,223915,17.965366,Krt73,
Nrd1,230598,16.490938,Nrdc,
Heatr5b,320473,14.746298,Heatr5b,
Alkbh4,72041,14.751554,Alkbh4,
Nudt19,110959,14.818189,Nudt19,
Cox5a,12858,15.303024,Cox5a,
Exosc8,69639,14.694873,Exosc8,
Pmp22,19301,15.571004,Pmp22,
Plcd3,72469,15.34946,Plcd3,
Apbb2,11787,15.242732,Apbb2,
Tnfsf12,21944,15.417972,Tnfsf12,
Zdhhc3,69035,15.260789,Zdhhc3,
Iah1,67732,14.701614,Iah1,
5730409E04Rik,230757,21.385788,5730409E04Rik,
Slc16a8,57274,15.212351,Slc16a8,
Zfp451,98403,20.907745,Zfp451,
Zmat3,22401,14.79984,Zmat3,
Shh,20423,15.352242,Shh,
Vapa,30960,15.163241,Vapa,
Farp1,223254,15.077009,Farp1,
Arid3a,13496,14.851885,Arid3a,
Ube3b,117146,14.778158,Ube3b,
Azi1,12009,15.825035,Cep131,
Prlhr,226278,15.391854,Prlhr,
Avp,11998,15.462701,Avp,
Adh5,11532,16.004297,Adh5,
Stmn2,20257,15.284377,Stmn2,
Tnpo2,212999,15.4297495,Tnpo2,
Wtap,60532,14.772793,Wtap,
Cdk16,18555,15.12291,Cdk16,
Abcg4,192663,15.271219,Abcg4,
Chka,192113,18.35969,Chka,
Flii,14248,13.475266,Flii,
Zfp644,52397,20.907745,Zfp644,
Reln,19699,14.844321,Reln,
Fmr1,14265,14.3019085,Fmr1,
Gpr34,23890,15.297668,Gpr34,
Ahsa2,268390,17.414217,Ahsa2,
Rbbp9,26450,15.524839,Rbbp9,
E4f1,13560,14.781747,E4f1,
Cckbr,12426,15.4356785,Cckbr,
Wdr11,83946,17.960428,Wdr11,
Snx24,69226,14.816343,Snx24,
Add3,27360,15.295001,Add3,
Med4,67381,14.112651,Med4,
2510002D24Rik,72307,21.385788,2510002D24Rik,
Ssh3,245857,15.394731,Ssh3,
Vmac,106639,15.630885,Vmac,
Appl1,72993,14.756831,Appl1,
Rbm10,236732,15.097465,Rbm10,
Manf,74840,14.215409,Manf,
Ccdc62,208908,14.869065,Ccdc62,
Morc4,75746,15.915374,Morc4,
Ctsc,13032,14.772793,Ctsc,
Kctd7,212919,14.861402,Kctd7,
Inf2,107688,16.970078,Inf2,
Herpud1,64209,14.77101,Herpud1,
Id3,18350,18.764015,Id3,
Nmd3,97112,14.158557,Nmd3,
Elmo2,140579,14.833056,Elmo2,
Ero1l,50527,15.915448,Ero1a,
Mocs1,56738,14.294475,Mocs1,
Kti12,100087,14.803489,Kti12,
Tatdn2,381801,15.097465,Tatdn2,
Zfand2b,68818,15.305711,Zfand2b,
Phkg1,18682,15.242732,Phkg1,
Lmf1,76483,14.833056,Lmf1,
St6galnac5,26938,15.281735,St6galnac5,
Rab14,68365,14.488609,Rab14,
Ryr2,20191,15.308403,Ryr2,
Snca,20617,15.33288,Snca,
Enoph1,67870,14.75331,Enoph1,
Gns,75612,15.224924,Gns,
Hsd17b12,56348,15.265992,Hsd17b12,
Acpl2,235534,15.807665,Pxylp1,
Ppp3cc,19057,15.34946,Ppp3cc,
Cd99l2,171486,14.836801,Cd99l2,
Haus4,219072,15.083793,Haus4,
Cep170,545389,15.284377,Cep170,
Slc39a3,106947,15.132289,Slc39a3,
C230052I12Rik,101831,21.084198,Faap24,
Ano4,320091,15.17778,Ano4,
Slc37a3,72144,14.884529,Slc37a3,
Acot1,26897,20.907745,Acot1,
Rpl7a,19989,17.461943,Rpl7a,
Prr12,233210,15.648265,Prr12,
Zpbp,53604,15.573475,Zpbp,
Cacna1b,12287,15.397614,Cacna1b,
Dram1,71712,14.781747,Dram1,
Klhl29,208439,15.141735,Klhl29,
Stip1,58523,17.653353,Stip1,
Csgalnact2,78752,14.781747,Csgalnact2,
Vwa5a,67776,16.229862,Vwa5a,
Vps72,21427,15.394731,Vps72,
Eif6,16418,13.998596,Eif6,
Dynll1,56455,15.113599,Dynll1,
Fry,320365,14.656782,Fry,
Ntrk1,18211,14.880647,Ntrk1,
Ppfia4,68507,14.803489,Ppfia4,
Cbfa2t3,12398,14.816343,Cbfa2t3,
Nsun5,100609,14.30564,Nsun5,
Cacna1a,12286,15.544074,Cacna1a,
Suv39h1,20937,15.5312195,Suv39h1,
Zfp771,244216,21.124914,Zfp771,
Cdca4,71963,14.834928,Cdca4,
Ubac2,68889,14.769229,Ubac2,
Gcn1l1,231659,15.807665,Gcn1,
Rps20,67427,13.6815405,Rps20,
Spire2,234857,14.818189,Spire2,
Ganab,14376,15.509024,Ganab,
Cdk11b,12537,15.836183,Cdk11b,
Phlpp2,244650,14.863313,Phlpp2,
Igsf11,207683,14.77101,Igsf11,
Rsph9,75564,14.333341,Rsph9,
Ganc,76051,14.833056,Ganc,
Nt5c1a,230718,15.295001,Nt5c1a,
Necab3,56846,14.853782,Necab3,
4930579G24Rik,75939,21.712498,4930579G24Rik,
Rhbdf1,13650,15.330138,Rhbdf1,
Kin,16588,14.669906,Kin,
Fzd7,14369,15.190022,Fzd7,
Rab22a,19334,14.783545,Rab22a,
Far2,330450,15.590097,Far2,
Zfp446,269870,20.907745,Zfp446,
Setx,269254,14.599313,Setx,
Tbl3,213773,14.77101,Tbl3,
Hp1bp3,15441,14.774578,Hp1bp3,
Mxi1,17859,14.730656,Mxi1,
Mthfr,17769,14.787148,Mthfr,
Tm2d1,94043,14.713493,Tm2d1,
Mysm1,320713,14.792573,Mysm1,
Hemk1,69536,14.4228945,Hemk1,
Gnb4,14696,15.180221,Gnb4,
Atp1a3,232975,15.727623,Atp1a3,
Zmiz1,328365,15.192484,Zmiz1,
Nipal2,223473,15.156033,Nipal2,
Gpt2,108682,14.9793005,Gpt2,
Dimt1,66254,15.300345,Dimt1,
Bag5,70369,14.755068,Bag5,
Slc6a15,103098,14.767451,Slc6a15,
Cap1,76560,16.8902,Cap1,
Sco1,16590,17.348036,Sco1,
Tcfl5,277353,15.260789,Tcfl5,
Cabyr,71132,15.698202,Cabyr,
Zfp219,69890,20.907745,Zfp219,
Kctd2,70382,14.833056,Kctd2,
1700037H04Rik,67326,21.084198,Adissp,
Gipc2,54120,14.807149,Gipc2,
Zfp191,59057,19.614708,Zfp24,
Pcdhb11,93882,19.182812,Pcdhb11,
Lrsam1,227738,14.760362,Lrsam1,
Hecw2,329152,15.250441,Hecw2,
Fbxo44,230903,16.601116,Fbxo44,
Acot7,70025,14.760362,Acot7,
Uqcr10,66152,15.788542,Uqcr10,
Slc35b4,58246,14.75331,Slc35b4,
B3gnt5,108105,15.27384,B3gnt5,
Tmx1,72736,14.838676,Tmx1,
Leprot,16847,16.970078,Leprot,
Myl12b,67938,17.400675,Myl12b,
Tgoln1,22134,21.712498,Tgoln1,
Strn,268980,14.77101,Strn,
Crh,12923,16.032684,Crh,
Slc25a46,67453,14.781747,Slc25a46,
Asgr1,11889,16.831596,Asgr1,
Hapln1,12950,15.268604,Hapln1,
Lmln,239833,14.801664,Lmln,
Dusp23,68440,15.450622,Dusp23,
Prkab2,108097,14.93206,Prkab2,
Fbxo4,106052,14.796202,Fbxo4,
Cxcl1,14825,18.52939,Cxcl1,
Purb,19291,12.90854,Purb,
Grpr,14829,14.853782,Grpr,
Psme4,103554,15.27384,Psme4,
Ppp2r5b,225849,15.118246,Ppp2r5b,
Nsg1,18196,15.160834,Nsg1,
Trpc2,22064,19.547983,Trpc2,
Egfl7,353156,14.825602,Egfl7,
Sntg2,268534,14.89625,Sntg2,
Pnoc,18155,15.417972,Pnoc,
Lmo1,109594,14.778158,Lmo1,
Fdx1l,68165,14.768816,Fdx2,
Pbx2,18515,15.180221,Pbx2,
Cept1,99712,15.32467,Cept1,
Pbrm1,66923,14.888425,Pbrm1,
Pxmp4,59038,14.76213,Pxmp4,
Zgpat,229007,14.763902,Zgpat,
Haus2,66296,14.812657,Haus2,
Fut8,53618,15.258193,Fut8,
Papln,170721,15.260789,Papln,
Esrrg,26381,15.229987,Esrrg,
Gna12,14673,15.297668,Gna12,
Tmem167b,67495,14.853782,Tmem167b,
Zc3h13,67302,14.798019,Zc3h13,
Sqle,20775,15.311101,Sqle,
Fam19a1,320265,14.522964,Tafa1,
Psmd14,59029,14.746298,Psmd14,
Mrps5,77721,14.218901,Mrps5,
Cdk14,18647,14.876775,Cdk14,
Cacng7,81904,15.662338,Cacng7,
Lrrc49,102747,15.180221,Lrrc49,
Diap1,13367,17.055033,Diaph1,
Fbxo21,231670,14.748047,Fbxo21,
Kcnc4,99738,14.790761,Kcnc4,
Smad2,17126,14.859492,Smad2,
Vstm2b,58188,14.938125,Vstm2b,
Utp14b,195434,21.712498,Utp14b,
Fam20a,208659,14.792573,Fam20a,
Snx32,225861,16.246387,Snx32,
Paqr3,231474,15.287025,Paqr3,
Dsn1,66934,15.363438,Dsn1,
Klf7,93691,15.232527,Klf7,
Tmed5,73130,14.781747,Tmed5,
Eda,13607,14.240048,Eda,
Eno2,13807,15.06802,Eno2,
Zfp706,68036,21.385788,Zfp706,
Kdm4a,230674,15.028322,Kdm4a,
Zfp653,319601,21.385788,Zfp653,
Gria3,53623,15.27384,Gria3,
Tspan18,241556,15.279097,Tspan18,
Eef1a1,13627,15.338383,Eef1a1,
6430548M08Rik,234797,21.385788,6430548M08Rik,
Phf2,21652,18.931433,Phf2,
Nxt2,237082,14.816343,Nxt2,
St6gal1,20440,14.859492,St6gal1,
Dclk3,245038,14.820039,Dclk3,
Gapvd1,66691,14.276079,Gapvd1,
Ocel1,77090,15.694571,Ocel1,
Tomm34,67145,14.867146,Tomm34,
Xrcc4,108138,14.781747,Xrcc4,
Dnajb11,67838,14.77101,Dnajb11,
Med9,192191,14.254341,Med9,
Exosc1,66583,14.749799,Exosc1,
Pcsk7,18554,14.829325,Pcsk7,
St3gal6,54613,15.271219,St3gal6,
Morn4,226123,14.765675,Morn4,
Tmx4,52837,15.102055,Tmx4,
Ndel1,83431,15.292336,Ndel1,
Prkab1,19079,15.303024,Prkab1,
Fgf12,14167,15.308403,Fgf12,
Slc16a2,20502,14.844321,Slc16a2,
Syt12,171180,14.75331,Syt12,
Efcab2,68226,14.756831,Efcab2,
Hyou1,12282,14.758595,Hyou1,
Prmt7,214572,14.746298,Prmt7,
Sox8,20681,15.247865,Sox8,
Hinfp,102423,14.362946,Hinfp,
Aard,239435,16.274406,Aard,
Hdhd3,72748,14.77995,Hdhd3,
Pgf,19220,16.814821,Pgf,
Ercc1,13870,14.378665,Ercc1,
Zfp781,331188,21.084198,Zfp781b,
Cntfr,12804,14.796202,Cntfr,
Plcg1,18803,14.776367,Plcg1,
Xkr6,219149,15.271219,Xkr6,
Mtmr1,53332,15.297668,Mtmr1,
Ap1m1,11767,14.833056,Ap1m1,
Tnfrsf1a,21937,14.989801,Tnfrsf1a,
Cplx2,12890,15.303024,Cplx2,
Magi3,99470,15.224924,Magi3,
Lrrc45,217366,14.77995,Lrrc45,
Strada,72149,14.790761,Strada,
Cdc42se2,72729,14.820039,Cdc42se2,
Gdap1,14545,14.440742,Gdap1,
Lrrc16b,268747,17.876802,Carmil3,
Dnajc3,100037258,15.263388,Dnajc3,
Cln3,12752,14.538304,Cln3,
Ksr1,16706,15.23762,Ksr1,
Acsl6,216739,14.900182,Acsl6,
Cpne2,234577,14.803489,Cpne2,
Eme2,193838,15.468782,Eme2,
Efna2,13637,15.12291,Efna2,
B3galt6,53625,17.461943,B3galt6,
Kcnh2,16511,15.374729,Kcnh2,
Impa1,55980,14.818189,Impa1,
Ptpn9,56294,15.297668,Ptpn9,
Lig1,16881,14.970961,Lig1,
Cttn,13043,15.113599,Cttn,
Ptpn11,19247,15.255603,Ptpn11,
Rpl23,19935,17.348036,Rpl23,
Sema4a,20351,15.444623,Sema4a,
Cenpf,108000,14.855682,Cenpf,
Vps54,245944,14.751554,Vps54,
Ostf1,20409,14.769229,Ostf1,
Mblac2,72852,14.803489,Mblac2,
Pik3cb,74769,14.794385,Pik3cb,
Eif2b4,13667,14.778158,Eif2b4,
Hnrnpa0,77134,15.377568,Hnrnpa0,
Slc10a7,76775,14.798019,Slc10a7,
Dcaf10,242418,15.300345,Dcaf10,
Zfp770,228491,21.124914,Zfp770,
Lss,16987,14.767451,Lss,
1600002H07Rik,72016,21.084198,Tedc2,
Bcl7c,12055,15.911084,Bcl7c,
Tmem59l,67937,14.838676,Tmem59l,
Kctd10,330171,14.77101,Kctd10,
Tmem179b,67706,15.78077,Tmem179b,
Pgd,236539,17.653353,Pgd,
Med1,17193,17.798098,Med1,
Cnot6,104625,15.303024,Cnot6,
Usp53,99526,15.21988,Usp53,
Daxx,13163,14.820039,Daxx,
Prkar2a,19087,15.319224,Prkar2a,
Rptor,74370,14.783545,Rptor,
Tmtc3,237500,14.421534,Tmtc3,
Pex14,56273,14.209611,Pex14,
B4galt5,56336,14.814498,B4galt5,
Echs1,93747,14.2932415,Echs1,
Crip2,68337,14.970961,Crip2,
3110052M02Rik,73229,21.084198,Zfp983,
Slc2a1,20525,15.355033,Slc2a1,
Crebzf,233490,14.904122,Crebzf,
4933434E20Rik,99650,22.149912,4933434E20Rik,
Ankrd6,140577,15.27384,Ankrd6,
Traf3ip1,74019,14.77101,Traf3ip1,
Fam134a,227298,14.522964,Retreg2,
Unkl,74154,15.006782,Unkl,
Skp2,27401,14.353864,Skp2,
Nxph1,18231,14.801664,Nxph1,
Insr,16337,15.319224,Insr,
Ube2m,22192,14.942185,Ube2m,
Zscan18,232875,16.831596,Zscan18,
Dnajb3,15504,17.374008,Dnajb3,
Gem,57441,17.461943,Gem,
Ldhd,52815,14.888425,Ldhd,
Stk35,67333,14.930044,Stk35,
Mapre2,212307,14.788954,Mapre2,
Spred2,114716,15.204866,Spred2,
Pgap2,233575,14.607145,Pgap2,
Ambra1,228361,15.308403,Ambra1,
Taf4b,72504,15.004646,Taf4b,
Med25,192191,17.294525,Med25,
Fbxo30,50754,16.814821,Fbxo30,
Trip11,109181,14.76213,Trip11,
Uimc1,20184,14.857587,Uimc1,
Pisd,320951,14.30564,Pisd,
Snx29,74478,14.781747,Snx29,
Eny2,223527,14.765675,Eny2,
Rnf113a1,69942,21.124914,Rnf113a1,
Trpc1,22063,14.767451,Trpc1,
Ift88,21821,14.723763,Ift88,
Gstm1,14862,19.547983,Gstm1,
Gan,209239,14.807149,Gan,
Atad3a,108888,16.2244,Atad3a,
Utrn,22288,14.89625,Utrn,
Aamp,227290,14.767451,Aamp,
Ppil6,73075,14.834928,Ppil6,
Dlgap3,242667,14.82189,Dlgap3,
Chtf18,214901,14.790761,Chtf18,
Fam168b,214469,14.781747,Fam168b,
1700010I14Rik,66931,21.124914,1700010I14Rik,
Rpf1,70285,14.66661,Rpf1,
Psmd4,19185,15.465738,Psmd4,
Ccne1,12447,14.739323,Ccne1,
Med12,59024,14.732386,Med12,
Cnot10,78893,14.760362,Cnot10,
Rgs5,19737,15.502751,Rgs5,
Aspscr1,68938,14.781747,Aspscr1,
Csnk1g2,103236,15.357829,Csnk1g2,
Rragc,54170,15.289679,Rragc,
Nedd4l,83814,14.751554,Nedd4l,
Zcrb1,67197,14.763902,Zcrb1,
Gamt,14431,14.82189,Gamt,
Tns1,66824,16.407312,Tns1,
Ppcdc,66812,14.229431,Ppcdc,
Zfp324,243834,21.124914,Zfp324,
Tulp4,68842,15.260789,Tulp4,
Praf2,54637,15.268604,Praf2,
Atic,108147,14.730656,Atic,
Mrps31,57312,14.274861,Mrps31,
Klhdc3,71765,14.880647,Klhdc3,
Blzf1,66352,14.769229,Blzf1,
Tex9,21778,14.722047,Tex9,
Cd93,17064,15.409207,Cd93,
Lhfp,237091,14.403004,Lhfp,
Lnx1,16924,14.748047,Lnx1,
Stag2,20843,15.295001,Stag2,
Galns,50917,14.734116,Galns,
Naa15,74838,15.172917,Naa15,
Mrfap1,67568,17.178333,Mrfap1,
Sytl1,269589,14.863313,Sytl1,
Rab8b,235442,15.041421,Rab8b,
Fam159b,77803,15.345332,Shisal2b,
Usp46,69727,14.831189,Usp46,
Cdk17,237459,14.781747,Cdk17,
Nde1,67203,14.855682,Nde1,
Gltscr1,243842,14.850651,Bicra,
A330021E22Rik,207686,21.084198,Cfap69,
A830018L16Rik,320492,20.907745,A830018L16Rik,
Rxrg,20183,15.400502,Rxrg,
Hsdl1,72552,14.801664,Hsdl1,
Itga3,16400,15.394731,Itga3,
Extl3,54616,14.781747,Extl3,
Irs1,16367,15.03923,Irs1,
Ftsj3,56095,14.758595,Ftsj3,
Dact2,240025,14.900182,Dact2,
Ndufv2,72900,14.71179,Ndufv2,
Lig3,16882,14.730656,Lig3,
Fam35a,75698,14.338175,Shld2,
Eif4a2,75705,18.24816,Eif4a2,
Nrcam,319504,15.250441,Nrcam,
Ddx27,228889,14.722047,Ddx27,
Mapk10,26414,14.788954,Mapk10,
Tmem200c,622645,15.300345,Tmem200c,
Ptplb,70757,15.707922,Hacd2,
Ndufa12,66414,14.758595,Ndufa12,
Wbscr27,79565,14.867638,Mettl27,
Fubp1,51886,14.751554,Fubp1,
Shank2,210274,15.192484,Shank2,
Adam22,11496,14.708389,Adam22,
Slit1,20564,16.074162,Slit1,
Pspc1,66645,14.844321,Pspc1,
Ppfia2,327814,14.749799,Ppfia2,
Tmem150b,330460,15.232527,Tmem150b,
Rltpr,234695,17.243074,Carmil2,
H1f0,14958,20.907745,H1f0,
Zfp174,385674,21.385788,Zfp174,
Ehbp1l1,114601,15.716513,Ehbp1l1,
4930453N24Rik,67609,22.813986,4930453N24Rik,
Wdhd1,218973,14.772793,Wdhd1,
Acat3,224530,21.385788,Acat3,
Urod,22275,14.309383,Urod,
Rab27b,80718,15.002515,Rab27b,
Mapk15,332110,14.805318,Mapk15,
1600002K03Rik,69770,21.084198,Fam174c,
B3gnt7,227327,14.744551,B3gnt7,
Deb1,26901,19.614708,Ss18l2,
Mnat1,74838,18.931433,Mnat1,
Trip10,106628,15.784651,Trip10,
Pdzd2,68070,14.865228,Pdzd2,
Glrx5,73046,14.814498,Glrx5,
Dip2a,64451,14.910059,Dip2a,
Ccdc91,67015,15.377568,Ccdc91,
Flywch1,224613,16.291512,Flywch1,
Mpst,246221,15.026153,Mpst,
Sfrp1,20377,15.346683,Sfrp1,
Gabbr1,54393,15.471834,Gabbr1,
Camk2b,12323,15.377568,Camk2b,
Otub2,68149,15.784651,Otub2,
Slc9a6,236794,15.308403,Slc9a6,
Mki67ip,67949,16.743467,Nifk,
Slc22a17,59049,15.160834,Slc22a17,
Lhfpl2,218454,15.27384,Lhfpl2,
Commd9,76501,14.778158,Commd9,
8430419L09Rik,74525,21.084198,Fam234b,
Dusp15,252864,15.465738,Dusp15,
Kif3c,16570,14.96061,Kif3c,
Elof1,66126,14.888425,Elof1,
Rilpl1,75695,14.790761,Rilpl1,
Psmf1,228769,14.741062,Psmf1,
D5Ertd579e,320661,21.385788,D5Ertd579e,
Slc34a3,142681,16.075224,Slc34a3,
Sap30l,50724,14.812657,Sap30l,
Ubtd1,226122,15.297668,Ubtd1,
Anp32e,66471,14.783545,Anp32e,
Gdi2,14569,14.869065,Gdi2,
Flrt3,71436,14.785345,Flrt3,
Pitpnm1,18739,15.423847,Pitpnm1,
Epb4.1l4a,13824,19.950861,Epb41l4a,
Icmt,57295,14.645408,Icmt,
Tspyl1,22110,16.2244,Tspyl1,
Gpr85,64450,14.808982,Gpr85,
Lap3,66988,14.732386,Lap3,
Fam114a2,67726,14.788954,Fam114a2,
Tyk2,54721,14.916022,Tyk2,
Neurl1a,18011,21.712498,Neurl1a,
Epb4.1l3,13823,18.931433,Epb41l3,
C1galt1c1,59048,14.834928,C1galt1c1,
Rpl31,114641,13.676925,Rpl31,
Map2k6,26399,14.794385,Map2k6,
4931428F04Rik,74356,21.084198,Matcap1,
Tceal1,237052,16.268755,Tceal1,
Cdk18,18557,14.836801,Cdk18,
Cxxc5,67393,15.346683,Cxxc5,
Tm6sf1,107769,15.151249,Tm6sf1,
Trpc4ap,56407,15.281735,Trpc4ap,
Zfp639,67778,20.166035,Zfp639,
Hdac3,15183,14.292007,Hdac3,
Aldoart2,79459,21.385788,Aldoart2,
Uchl4,93841,22.149912,Uchl4,
Ndufaf2,75597,14.760362,Ndufaf2,
Armcx1,78248,16.297264,Armcx1,
Dtx4,207521,15.391854,Dtx4,
Cdk4,12567,14.621362,Cdk4,
Psg16,26436,21.385788,Psg16,
Casc3,192160,14.781747,Casc3,
Ahctf1,226747,14.900182,Ahctf1,
Alkbh2,231642,14.758595,Alkbh2,
Rbpj,19664,15.313804,Rbpj,
Kcnn3,140493,14.869065,Kcnn3,
Rhpn1,14787,14.820039,Rhpn1,
H2afz,51788,17.461943,H2az1,
Skiv2l2,72198,14.421245,Mtrex,
Dhrs13,70451,15.4063,Dhrs13,
Acr,11434,16.114697,Acr,
Nucks1,98415,15.279097,Nucks1,
Gad1,14415,14.511758,Gad1,
Rb1,19645,14.769229,Rb1,
Atp2b3,320707,15.769197,Atp2b3,
2310057M21Rik,68277,21.385788,2310057M21Rik,
Tln1,21894,14.820039,Tln1,
Npff,54615,15.750135,Npff,
Itgav,16410,14.814498,Itgav,
Pcsk6,18553,15.006782,Pcsk6,
Sirt2,64383,14.619775,Sirt2,
Sardh,192166,14.437979,Sardh,
Tmem218,66279,14.798019,Tmem218,
Eif2s3y,26908,21.385788,Eif2s3y,
Hbegf,15200,15.300345,Hbegf,
Scarb1,20778,14.798019,Scarb1,
Zfp91,664779,18.48137,Zfp91,
Mpv17,22226,17.586458,Mpv17,
Tarsl2,272396,14.699216,Tars3,
Vapb,56491,14.522018,Vapb,
Cst3,13010,16.036915,Cst3,
Patl1,225929,14.820039,Patl1,
Skiv2l,108077,13.733082,Skic2,
Gpr62,436090,15.812145,Gpr62,
Inhbb,16324,14.801664,Inhbb,
Tusc1,69136,15.593448,Tusc1,
Timm8b,30057,15.074756,Timm8b,
Tubb3,22152,15.560326,Tubb3,
B3gat1,76898,15.287025,B3gat1,
Pias1,56469,15.263388,Pias1,
Bcl2l13,94044,14.792573,Bcl2l13,
Snrpa1,68981,14.725483,Snrpa1,
Zfp773,76373,21.712498,Zfp773,
Sra1,20430,17.055033,Sra1,
Siah1b,20438,22.149912,Siah1b,
Col20a1,73368,15.363438,Col20a1,
Vip,22353,14.922014,Vip,
Akap13,75547,15.097465,Akap13,
Acsf3,257633,14.413385,Acsf3,
Pkn1,320795,15.852458,Pkn1,
Fam183b,75429,18.764015,Cfap144,
Vdac2,22334,14.71179,Vdac2,
Slit3,20564,14.840556,Slit3,
Frmd6,319710,14.796202,Frmd6,
Igsf9,93842,15.456647,Igsf9,
Tmem176b,65963,16.119715,Tmem176b,
Hsd17b10,15108,14.892332,Hsd17b10,
Tpst2,22022,15.1346445,Tpst2,
Lat2,50934,17.653353,Lat2,
Dpy19l4,381510,15.15364,Dpy19l4,
Klhl18,270201,14.447672,Klhl18,
Rgs12,71729,15.330138,Rgs12,
Zfp646,233905,21.124914,Zfp646,
Spred1,114715,14.772793,Spred1,
Timm17a,21854,14.805318,Timm17a,
Apba1,319924,15.250441,Apba1,
Ap3d1,11776,14.735849,Ap3d1,
Phf20l1,239510,15.088334,Phf20l1,
Madd,228355,14.785345,Madd,
Wdr77,70465,14.848097,Wdr77,
Foxj1,15223,15.3274,Foxj1,
Mrpl55,67212,14.394574,Mrpl55,
Pelp1,75273,15.045816,Pelp1,
Ndufc2,68197,14.95444,Ndufc2,
Hspb11,72938,13.777734,Ift25,
Dopey1,320615,14.304093,Dop1a,
Sema3f,20350,15.456647,Sema3f,
Dars,226414,14.077628,Dars1,
Scamp5,56807,15.276467,Scamp5,
Zfp768,233890,21.385788,Zfp768,
Fnbp1l,214459,14.75331,Fnbp1l,
Cnpy3,72029,14.794385,Cnpy3,
Gja1,14609,15.335629,Gja1,
Otud5,54644,15.509024,Otud5,
Arhgap6,11856,15.120575,Arhgap6,
Adrbk1,110355,17.348036,Grk2,
Usp54,78787,15.292336,Usp54,
Uhrf1bp1l,75089,13.483429,Bltp3b,
Bcas2,68183,14.296949,Bcas2,
Trappc10,216131,14.818189,Trappc10,
Usp21,30941,14.916022,Usp21,
Fbxo27,233040,16.683802,Fbxo27,
Ufc1,66155,14.341001,Ufc1,
Fam161b,217705,14.772793,Fam161b,
Xylt2,217119,14.796202,Xylt2,
Hcrtr1,230777,16.104715,Hcrtr1,
Gpx8,69590,14.829325,Gpx8,
St3gal5,20454,14.785345,St3gal5,
Bnip3,12176,14.456037,Bnip3,
Slc39a1,53945,16.254278,Slc39a1,
Tmem209,72649,14.790761,Tmem209,
Scyl1,78891,14.983491,Scyl1,
Pars2,230577,14.75331,Pars2,
Senp3,80886,15.701843,Senp3,
Carhsp1,52502,14.792573,Carhsp1,
Fhod3,225288,15.263388,Fhod3,
Mllt6,246198,15.265992,Mllt6,
2810408M09Rik,76367,20.400923,2810408M09Rik,
Pwwp2a,70802,14.772793,Pwwp2a,
Cthrc1,68588,15.182663,Cthrc1,
Acap2,78618,15.168071,Acap2,
Cplx3,235415,15.335629,Cplx3,
Doc2b,13447,14.880647,Doc2b,
S100a11,20195,14.975123,S100a11,
Narg2,93697,15.74035,Ice2,
Arrdc1,215705,15.253019,Arrdc1,
Ephx4,384214,14.808982,Ephx4,
Ecd,70601,14.397246,Ecd,
Ube3c,100763,14.741062,Ube3c,
Psmd11,69077,15.227454,Psmd11,
Kcnb1,16500,14.746298,Kcnb1,
Prdm10,382066,14.772793,Prdm10,
Acadm,11364,14.79984,Acadm,
Glis1,230587,15.330138,Glis1,
Lrfn1,80749,15.00892,Lrfn1,
Hdgfrp2,15193,17.723768,Hdgfl2,
Unc119,22248,15.287025,Unc119,
Rbp1,19659,14.96061,Rbp1,
Lasp1,16796,14.861402,Lasp1,
Stac,20840,14.325727,Stac,
Pex26,74043,14.798019,Pex26,
Dnajc1,13418,14.805318,Dnajc1,
D11Wsu47e,276852,20.400923,Mtnap1,
Dgkk,331374,15.720205,Dgkk,
Zfp41,22701,16.476221,Zfp41,
Tspan13,66109,15.303024,Tspan13,
D6Wsu163e,28040,22.149912,D6Wsu163e,
Rapgef6,192786,14.964741,Rapgef6,
Zfp558,72230,21.124914,Zfp558,
Polr2g,67710,14.812657,Polr2g,
Satb1,20230,15.3274,Satb1,
Msi1,17690,15.148865,Msi1,
Cbx2,12416,14.831189,Cbx2,
Nme6,54369,14.863313,Nme6,
Cdc42ep3,260409,14.798019,Cdc42ep3,
Setmar,74729,16.089886,Setmar,
Rims4,241770,14.805318,Rims4,
Utp20,70683,14.66661,Utp20,
Zkscan17,268417,21.124914,Zkscan17,
Plaa,18786,14.765675,Plaa,
Adcy5,224129,14.787148,Adcy5,
Mtss1l,244654,14.490336,Mtss2,
Lin52,217708,14.76213,Lin52,
Plekha8,231999,14.769229,Plekha8,
Uba6,231380,14.77995,Uba6,
Synpr,72003,15.263388,Synpr,
Tmem101,76547,14.863313,Tmem101,
Pxdn,69675,15.129937,Pxdn,
Ctnna2,12386,14.796202,Ctnna2,
Zbtb12,193736,15.613735,Zbtb12,
Jmjd8,72106,14.849989,Jmjd8,
Raver2,242570,14.769229,Raver2,
Ammecr1,56068,14.836801,Ammecr1,
Rnd3,74194,15.292336,Rnd3,
Brd8,78656,14.792573,Brd8,
Arl3,56350,15.09061,Arl3,
Atg9b,213948,14.985591,Atg9b,
Mta1,116870,14.825602,Mta1,
Trem2,83433,15.990565,Trem2,
Fam171a2,217219,15.338383,Fam171a2,
Rem2,140743,15.125248,Rem2,
Ints5,109077,14.975123,Ints5,
Lnpep,240028,14.831189,Lnpep,
Chga,12652,14.77995,Chga,
Dda1,116914,17.193527,Dda1,
Dtna,13527,14.783545,Dtna,
Tpcn1,252972,14.577634,Tpcn1,
Ubfd1,28018,14.755068,Ubfd1,
Gxylt1,223827,15.260789,Gxylt1,
Glis2,83396,15.391854,Glis2,
Rpgr,19893,15.369071,Rpgr,
Atp2c1,235574,14.763902,Atp2c1,
Atp6v1g1,66290,14.823745,Atp6v1g1,
Dr1,13486,14.75331,Dr1,
Tmtc1,387314,14.703305,Tmtc1,
Mta3,116871,14.867146,Mta3,
Dnmt1,13433,14.763902,Dnmt1,
Snap23,20619,15.240174,Snap23,
Tubd1,56427,14.748047,Tubd1,
Nin,18080,14.722047,Nin,
Tmem33,67878,14.781747,Tmem33,
Hif3a,53417,15.796364,Hif3a,
Cryab,12955,15.284377,Cryab,
Arpc5,67771,14.593082,Arpc5,
Riok2,67045,14.265164,Riok2,
Cpsf6,432508,14.325727,Cpsf6,
Zfp780b,338354,21.385788,Zfp780b,
Cdk19,78334,14.807149,Cdk19,
Sema6c,20360,15.465738,Sema6c,
Ptma,19231,15.420906,Ptma,
Sec22b,20333,15.36063,Sec22b,
Slc25a27,74011,15.165653,Slc25a27,
Vwa1,246228,14.794385,Vwa1,
Tbca,21371,14.342279,Tbca,
Chd4,107932,15.292336,Chd4,
Slc7a11,26570,14.833056,Slc7a11,
Ip6k1,27399,14.790761,Ip6k1,
Bloc1s3,232946,14.981395,Bloc1s3,
Edc4,234699,14.788954,Edc4,
Zfp784,654801,21.385788,Zfp784,
Mlf2,30853,14.816343,Mlf2,
Mgat5b,268510,15.212351,Mgat5b,
Mzf1,109889,16.399158,Mzf1,
Kirrel,170643,14.8591175,Kirrel1,
Fbxl14,101358,15.12291,Fbxl14,
Lrp3,435965,14.808982,Lrp3,
Zfp560,434377,20.721714,Zfp560,
Rrn3,106298,14.699925,Rrn3,
Mesdc1,80889,14.549648,Tlnrd1,
Nlgn2,216856,15.792447,Nlgn2,
Fmnl3,22379,14.90215,Fmnl3,
Zbtb7b,22724,14.9482975,Zbtb7b,
Slc25a35,71998,15.172917,Slc25a35,
Tlk2,24086,14.807149,Tlk2,
Glt1d1,319804,14.756831,Glt1d1,
Col25a1,77018,15.23762,Col25a1,
Kdelr2,66913,15.271219,Kdelr2,
Stx4a,20909,22.149912,Stx4a,
Cdca7,66953,15.287025,Cdca7,
Htatip2,53415,14.801664,Htatip2,
Prdm11,100042784,14.842437,Prdm11,
Hook2,170833,15.250441,Hook2,
Ptpn12,19248,14.89429,Ptpn12,
Gpr180,58245,14.820039,Gpr180,
Dhrs1,52585,15.182663,Dhrs1,
Coro7,78885,15.557058,Coro7,
B230217C12Rik,ENSMUSG00000050538,21.385788,B230217C12Rik,
Lrrc14,223664,15.560326,Lrrc14,
Vps11,71732,14.218901,Vps11,
Tpr,14804,15.74035,Tpr,
Stard13,243362,15.255603,Stard13,
2810459M11Rik,72792,21.124914,2810459M11Rik,
Aifm1,26926,14.748047,Aifm1,
Yipf4,67864,14.735849,Yipf4,
Rab11a,53869,14.857587,Rab11a,
Ssfa2,70599,14.396978,Itprid2,
Ep300,328572,15.263388,Ep300,
Thpo,21832,14.97721,Thpo,
Rab40b,217371,15.168071,Rab40b,
Dock7,67299,14.758595,Dock7,
Cstf2t,83410,16.176247,Cstf2t,
Pml,56188,17.653353,Pml,
Scamp4,56214,14.853782,Scamp4,
Allc,94041,14.95855,Allc,
Cbln1,12404,14.876775,Cbln1,
Gm14378,100044509,20.400923,Tgfbr3l,
Lsamp,268890,14.908077,Lsamp,
Trdmt1,13434,14.783545,Trdmt1,
Arap2,212285,14.818189,Arap2,
Dpy30,66310,14.77995,Dpy30,
Hspa9,15526,14.778158,Hspa9,
Fam53a,74504,15.544074,Fam53a,
Tcirg1,27060,15.426795,Tcirg1,
Pdgfrb,18596,14.783545,Pdgfrb,
Pcbd2,72562,15.175347,Pcbd2,
Gpr56,14766,15.86047,Adgrg1,
Ptrh2,217057,14.693194,Ptrh2,
Dclre1b,140917,14.823745,Dclre1b,
Sf1,26423,16.970078,Sf1,
Prrg1,546336,14.774578,Prrg1,
Slc35f1,215085,14.863313,Slc35f1,
Mbnl2,105559,14.842437,Mbnl2,
Taf9b,407786,15.6171465,Taf9b,
0610011F06Rik,68347,21.084198,Mettl26,
Mrps18c,68735,14.310632,Mrps18c,
Zfp397,69256,21.385788,Zfp397,
Mrpl39,27393,14.235319,Mrpl39,
Tub,22141,16.462479,Tub,
Zfp286,192651,21.124914,Zfp286,
Kbtbd4,67136,14.776367,Kbtbd4,
Masp2,17175,14.851885,Masp2,
Pak6,214230,15.300345,Pak6,
Fam193b,212483,14.827461,Fam193b,
Lclat1,225010,14.767451,Lclat1,
Srr,27364,14.730656,Srr,
Itsn1,16443,14.751554,Itsn1,
Slc26a2,13521,14.900182,Slc26a2,
Lyar,17089,14.741062,Lyar,
2310039H08Rik,67101,21.084198,Pex39,
Cnot6l,231464,14.769229,Cnot6l,
Hsd17b7,15490,14.778158,Hsd17b7,
Cul9,78309,15.662338,Cul9,
Cdkn2d,12581,15.151249,Cdkn2d,
Rhod,11854,15.580097,Rhod,
Aff4,93736,14.776367,Aff4,
Nrg2,100042150,15.316511,Nrg2,
Slc1a3,20512,15.232527,Slc1a3,
Ndst3,83398,15.627437,Ndst3,
Fkbp1a,14225,15.465738,Fkbp1a,
Htr1a,15550,15.377568,Htr1a,
Mecp2,17257,14.97721,Mecp2,
Lmnb2,16907,14.79984,Lmnb2,
Serinc5,218442,14.778158,Serinc5,
Ddhd2,72108,14.823745,Ddhd2,
Kdelc2,68304,14.222507,Poglut3,
Ttc13,234875,14.756831,Ttc13,
Mapk1ip1,69546,21.124914,Mapk1ip1,
Suclg1,56451,14.741062,Suclg1,
Ube3a,22215,14.271216,Ube3a,
Lrrc48,74665,16.328608,Drc3,
Cdh8,12564,14.872914,Cdh8,
Rpl11,67025,13.708803,Rpl11,
Trp53,22059,21.124914,Trp53,
Tbx2,21385,15.33288,Tbx2,
Klhl17,231003,14.749799,Klhl17,
Slc15a4,100561,14.763902,Slc15a4,
Mfsd2a,76574,15.279097,Mfsd2a,
Pibf1,52023,14.744551,Pibf1,
Slc25a3,18674,15.279097,Slc25a3,
Tac1,21333,14.816343,Tac1,
Mrps34,79044,14.311884,Mrps34,
Dexi,58239,14.846208,Dexi,
Klhdc8b,78267,15.102055,Klhdc8b,
Adora2a,11540,15.313804,Adora2a,
Cyp2u1,71519,15.5312195,Cyp2u1,
Tspan14,52588,14.848097,Tspan14,
Nmb,68039,15.49651,Nmb,
Camta1,100072,15.287025,Camta1,
Rap2b,74012,15.151249,Rap2b,
Ccdc101,75565,16.230392,Sgf29,
Rpl19,19921,13.631638,Rpl19,
Capza2,12343,15.175347,Capza2,
Ckap5,75786,14.7428055,Ckap5,
Zdhhc4,72881,14.758595,Zdhhc4,
Coq7,12850,13.919407,Coq7,
Armc6,76813,14.776367,Armc6,
Lats2,50523,14.774578,Lats2,
Trim28,21849,15.487201,Trim28,
Grid2ip,170935,15.355033,Grid2ip,
Ifnar2,15976,15.499626,Ifnar2,
Intu,380614,14.741062,Intu,
Nat8l,269642,14.803489,Nat8l,
Stk36,269209,14.790761,Stk36,
Ptgr1,67103,15.240174,Ptgr1,
Ahi1,52906,14.706692,Ahi1,
Qsox1,104009,14.574565,Qsox1,
Zfp740,68744,21.385788,Zfp740,
Atp9b,50771,14.722047,Atp9b,
Ctsz,64138,14.808982,Ctsz,
AW551984,244810,21.385788,AW551984,
Mvp,78388,15.037041,Mvp,
Hdhd2,76987,14.783545,Hdhd2,
Dtx2,74198,14.772793,Dtx2,
Atg2b,76559,14.93206,Atg2b,
Iws1,73473,15.015355,Iws1,
Sirt3,64384,14.827461,Sirt3,
Utp3,65961,14.734116,Utp3,
Fam3c,27999,14.79984,Fam3c,
Oaz1,18245,15.330138,Oaz1,
Trim66,330627,14.760362,Trim66,
Ndfip2,76273,14.787148,Ndfip2,
B3galnt2,97884,14.765675,B3galnt2,
Mrpl27,94064,14.223571,Mrpl27,
Sh2d3c,27387,15.287025,Sh2d3c,
Mrgpre,244238,17.335005,Mrgpre,
Stub1,56424,14.296949,Stub1,
Arhgdib,11857,15.319224,Arhgdib,
Gps1,209318,14.746298,Gps1,
Dnase1l2,66705,15.87726,Dnase1l2,
Ttc28,209683,14.778158,Ttc28,
Zer1,227693,14.794385,Zer1,
Ttll11,74410,14.778158,Ttll11,
Slc1a2,20511,15.263388,Slc1a2,
Nmt2,18108,14.778158,Nmt2,
Nrsn1,22360,14.805318,Nrsn1,
Osbp2,79196,15.773583,Osbp2,
Kitl,17311,21.385788,Kitl,
Blm,73288,18.145218,Blm,
Mum1l1,245631,15.333172,Pwwp3b,
Wdr81,192652,14.30564,Wdr81,
Xrcc6bp1,68876,17.193527,Atp23,
Arl6ip5,65106,15.23762,Arl6ip5,
Efnb3,13643,15.727623,Efnb3,
Sst,110648,17.294525,Sst,
Arhgap1,228359,14.807149,Arhgap1,
Kif26a,668303,15.281735,Kif26a,
Esyt2,52635,14.580709,Esyt2,
Pcdh1,75599,15.311101,Pcdh1,
B3galt4,54218,15.077009,B3galt4,
1110051M20Rik,228356,21.084198,Cstpp1,
Sema6a,20358,14.805318,Sema6a,
St8sia2,20450,14.794385,St8sia2,
Pglyrp1,21946,16.09481,Pglyrp1,
Asah2,54447,15.146484,Asah2,
Zbtb24,268294,14.77995,Zbtb24,
Fgfbp3,72514,15.006782,Fgfbp3,
Ccs,12460,14.647025,Ccs,
Gart,14450,14.32953,Gart,
Eif3c,56347,14.994026,Eif3c,
B3galnt1,26879,15.394731,B3galnt1,
Pcmtd1,319263,14.794385,Pcmtd1,
Slc13a3,114644,14.77995,Slc13a3,
Rtn4r,65079,14.77101,Rtn4r,
Acot8,170789,14.787148,Acot8,
1110038F14Rik,117171,21.712498,1110038F14Rik,
Clcn5,12728,15.73135,Clcn5,
Prdm5,70779,14.482883,Prdm5,
Frat2,212398,16.257523,Frat2,
Srgn,19073,14.964741,Srgn,
Armcx5,494468,16.208149,Armcx5,
Rspo3,72780,14.748047,Rspo3,
Thumpd1,233802,14.77995,Thumpd1,
Zfp9,22750,20.721714,Zfp9,
Lrrc4,192198,15.355033,Lrrc4,
Eltd1,170757,15.953397,Adgrl4,
Wdr61,66317,13.421134,Skic8,
Mtr,21748,17.348036,Mtr,
Pou3f1,18991,14.8825865,Pou3f1,
Gmip,78816,15.032674,Gmip,
Map1lc3a,66734,14.834928,Map1lc3a,
Gpr156,239845,14.772793,Gpr156,
Abr,109934,14.823745,Abr,
Npat,244879,15.603551,Npat,
4930452B06Rik,74430,21.084198,Cfap20dc,
Mrpl21,353242,14.225912,Mrpl21,
Atxn1l,52335,14.836801,Atxn1l,
Npas2,18143,14.794385,Npas2,
Fkbp11,66120,14.863313,Fkbp11,
Suv420h1,225888,16.6431,Kmt5b,
Snapin,20615,14.39591,Snapin,
Zfp592,233410,20.559002,Zfp592,
Pacs1,107975,15.580097,Pacs1,
Map3k11,26403,15.683739,Map3k11,
Eps15,13858,14.751554,Eps15,
Bex4,19716,19.122843,Bex4,
Cyp4f17,208285,21.124914,Cyp4f17,
Csgalnact1,234356,15.295001,Csgalnact1,
Cldn3,12739,15.709158,Cldn3,
Eif5,217869,14.271216,Eif5,
Afg3l1,114896,16.959417,Afg3l1,
Slc9a5,277973,14.914032,Slc9a5,
Fam76b,72826,14.785345,Fam76b,
Hprt,15452,16.814821,Hprt,
Chsy3,78923,15.077009,Chsy3,
Mrm1,217038,14.785345,Mrm1,
Brsk1,381979,15.840231,Brsk1,
Pramef8,242736,19.614708,Pramel12,
Dlg1,13383,14.640561,Dlg1,
Ogg1,18294,14.263958,Ogg1,
Arsa,56495,18.145218,Arsa,
Wdr92,103784,13.714908,Dnaaf10,
Aurka,20878,14.833056,Aurka,
Cox5b,12859,16.530252,Cox5b,
Angptl2,26360,15.319224,Angptl2,
Tsen34,66078,14.488609,Tsen34,
Rpa1,68275,14.594637,Rpa1,
Nudt22,68323,15.072507,Nudt22,
Atg10,66795,14.254341,Atg10,
Cbl,12402,17.586458,Cbl,
Atxn1,20238,15.271219,Atxn1,
Cdkl2,53886,15.295001,Cdkl2,
Mttp,17777,14.790761,Mttp,
Gm1661,381544,21.084198,Armh1,
Ict1,68572,17.055033,Mrpl58,
Ampd3,11717,15.260789,Ampd3,
Uck2,80914,15.352242,Uck2,
Edc3,353190,14.251948,Edc3,
Dbr1,83703,14.674861,Dbr1,
Ninj1,18081,14.755068,Ninj1,
Ipo11,76582,14.749799,Ipo11,
Zfp605,675812,21.124914,Zfp605,
Trim39,79263,16.46962,Trim39,
Mdm4,17248,14.77101,Mdm4,
Slc6a17,229706,14.796202,Slc6a17,
Ston2,108800,15.023986,Ston2,
Riok1,71340,14.238865,Riok1,
Synj1,104015,14.723763,Synj1,
Cntn6,53870,15.812145,Cntn6,
Ccl27a,20301,16.912312,Ccl27a,
Rnaseh2c,68209,15.03923,Rnaseh2c,
Nhsl2,100042480,14.792573,Nhsl2,
Csrp2bp,228714,16.970078,Kat14,
Xk,22439,14.829325,Xk,
Rab12,19328,14.776367,Rab12,
Lrrc8a,118451630,15.74035,Lrrc8a,
Tacc3,21335,14.855682,Tacc3,
Papd7,210106,14.373145,Tent4a,
Hic2,58180,14.810819,Hic2,
Yeats2,208146,14.755068,Yeats2,
Pex1,260298,17.723768,Pex1,
Tmcc2,68875,14.769229,Tmcc2,
Pafah1b2,18475,14.79984,Pafah1b2,
Cenph,26886,14.878709,Cenph,
Alg14,66789,14.278517,Alg14,
Fam53b,77938,14.807149,Fam53b,
Gstcd,67553,14.58225,Gstcd,
Adprh,11544,14.848097,Adprh,
Tab2,68652,14.374716,Tab2,
Wwp2,66894,14.834928,Wwp2,
Copz2,56358,14.964741,Copz2,
Ints7,77065,14.294475,Ints7,
Cox7c,12867,16.202778,Cox7c,
Ccdc73,211936,15.214857,Ccdc73,
Btbd11,74007,13.884008,Abtb3,
Ubr5,70790,14.785345,Ubr5,
Glb1l2,244757,15.672994,Glb1l2,
Fbxl18,231863,14.788954,Fbxl18,
Creld2,76737,14.77995,Creld2,
Foxred2,239554,14.77995,Foxred2,
Cage1,71213,15.873094,Cage1,
Scp2,52468,15.473428,Scp2,
Nhlrc2,66866,14.7169075,Nhlrc2,
Cacnb3,12297,15.36063,Cacnb3,
Pygo2,68911,14.89429,Pygo2,
Ift20,55978,14.377348,Ift20,
Cd151,12476,14.872914,Cd151,
Ptk2,14083,15.214857,Ptk2,
Limd1,29806,15.284377,Limd1,
Prrc1,73137,14.787148,Prrc1,
Zfp622,52521,21.124914,Zfp622,
Ap4b1,67489,14.763902,Ap4b1,
H1fx,243529,18.145218,H1f10,
Zfp236,329002,20.907745,Zfp236,
Mrpl45,67036,14.251948,Mrpl45,
Cd63,12512,14.842437,Cd63,
Usp24,329908,14.755068,Usp24,
Dusp22,105352,15.258193,Dusp22,
Nod1,107607,14.836801,Nod1,
Tmx2,66958,15.305711,Tmx2,
Ube2g1,67128,15.03923,Ube2g1,
9130401M01Rik,75758,21.124914,9130401M01Rik,
B930041F14Rik,230991,21.084198,Fndc10,
Pacrg,69310,14.727205,Pacrg,
Mapt,17762,15.4063,Mapt,
Dohh,102115,14.805318,Dohh,
Epha6,13840,14.996142,Epha6,
Tspan11,68498,15.260789,Tspan11,
Sidt2,214597,14.829325,Sidt2,
Pqbp1,54633,14.4228945,Pqbp1,
Clip1,269713,15.724038,Clip1,
Arhgap11a,228482,15.148865,Arhgap11a,
Kcnt2,240776,15.335629,Kcnt2,
Vps29,56433,14.211927,Vps29,
Slc36a4,234967,15.06802,Slc36a4,
Wwc1,211652,14.798019,Wwc1,
Zbtb34,241311,14.763902,Zbtb34,
Bmpr2,12168,15.165653,Bmpr2,
Hip1r,29816,15.247865,Hip1r,
Kcnk12,210741,14.820039,Kcnk12,
Slc29a2,13340,15.528026,Slc29a2,
Star,20845,14.774578,Star,
Atp5e,67126,14.556402,Atp5e,
Hmgxb3,106894,14.767451,Hmgxb3,
Ssr2,66256,14.803489,Ssr2,
Sptlc2,20773,15.311101,Sptlc2,
Islr2,320563,14.916022,Islr2,
Bri3bp,76809,14.758595,Bri3bp,
Lgi2,246316,15.240174,Lgi2,
Fh1,14194,21.385788,Fh1,
Repin1,58887,16.05593,Repin1,
Picalm,233489,15.281735,Picalm,
Lonrf3,74365,15.242732,Lonrf3,
Elovl1,54325,15.303024,Elovl1,
Ntsr1,18216,14.838676,Ntsr1,
Apoc1,11812,15.644771,Apoc1,
Cenpk,60411,14.781747,Cenpk,
Dph5,69740,13.605203,Dph5,
Scai,320271,14.783545,Scai,
Trip6,22051,15.2452965,Trip6,
Igsf10,242050,14.827461,Igsf10,
Lin54,231506,14.755068,Lin54,
Btg1,12226,14.814498,Btg1,
Fam174a,67698,15.45363,Fam174a,
Galc,14420,15.281735,Galc,
Zfp710,209225,21.385788,Zfp710,
Rab39b,67790,15.268604,Rab39b,
Slc25a19,67283,14.776367,Slc25a19,
Fbxo33,70611,15.111282,Fbxo33,
Polr1d,20018,15.059093,Polr1d,
Zmym1,68310,16.160583,Zmym1,
Pnn,18949,14.304395,Pnn,
Zfp628,232816,20.721714,Zfp628,
Usp20,74270,14.774578,Usp20,
Tead1,21676,15.253019,Tead1,
Nhsl1,215819,15.281735,Nhsl1,
Sorcs2,81840,14.77995,Sorcs2,
Slk,20874,15.27384,Slk,
Olig1,50914,15.106662,Olig1,
Harbi1,51897,16.230392,Harbi1,
Tcea2,21400,14.823745,Tcea2,
Zfhx2,239102,15.172917,Zfhx2,
Sirt7,209011,14.339721,Sirt7,
Golga5,27277,14.749799,Golga5,
Zc4h2,245522,14.778158,Zc4h2,
Cpsf4,54188,14.741062,Cpsf4,
Nfe2l1,18023,15.279097,Nfe2l1,
Adcy2,210044,14.785345,Adcy2,
Tmem161a,234371,14.820039,Tmem161a,
Svil,225115,14.769229,Svil,
Dhx37,208144,14.7428055,Dhx37,
Zfp276,57247,21.124914,Zfp276,
Rarres1,109222,15.73135,Rarres1,
Jmjd6,107817,14.703305,Jmjd6,
Ceacam16,330483,16.070374,Ceacam16,
Cabp1,12309,16.254278,Cabp1,
Asrgl1,66514,14.794385,Asrgl1,
Pigl,327942,14.718618,Pigl,
Cbln2,12405,15.371898,Cbln2,
Hgsnat,52120,14.4546385,Hgsnat,
Sez6l2,233878,15.139367,Sez6l2,
Rpl27a,26451,14.251948,Rpl27a,
N4bp2l1,100637,15.377568,N4bp2l1,
B630005N14Rik,101148,21.084198,Samtor,
Cadm3,94332,14.880647,Cadm3,
Aldh2,11669,15.227454,Aldh2,
Nfkbil1,18038,15.074756,Nfkbil1,
Cxcl2,20310,19.236986,Cxcl2,
Zfp526,210172,21.385788,Zfp526,
Cplx1,12889,15.271219,Cplx1,
Ppp1r12c,232807,15.099758,Ppp1r12c,
Mkrn3,22652,16.213543,Mkrn3,
Ywhaz,22631,15.1346445,Ywhaz,
Alpl,11647,14.82189,Alpl,
Thbs3,21827,15.412123,Thbs3,
Ak2,11637,14.274861,Ak2,
Adamts4,240913,15.603551,Adamts4,
Dctn6,22428,14.681498,Dctn6,
Ifi35,70110,14.849989,Ifi35,
Tmtc2,278279,14.7169075,Tmtc2,
Syt16,238266,14.855682,Syt16,
Sstr4,20608,15.701843,Sstr4,
Cmtm3,68119,14.82189,Cmtm3,
Slc35b3,108652,14.739323,Slc35b3,
Ugdh,22235,14.748047,Ugdh,
Acin1,56215,15.680146,Acin1,
Nhp2,52530,14.254341,Nhp2,
Tmod2,50876,15.111282,Tmod2,
Kcnk10,72258,15.276467,Kcnk10,
Golph3,66629,15.265992,Golph3,
Rspo2,239405,14.790761,Rspo2,
Pde4d,238871,14.910059,Pde4d,
Nav1,215690,15.2224,Nav1,
Abca1,11303,15.2452965,Abca1,
Med21,108098,14.265164,Med21,
Sdccag8,76816,14.810819,Sdccag8,
Ankrd61,66729,15.651769,Ankrd61,
Sik1,17691,14.861402,Sik1,
Atp6v1g2,66237,15.761539,Atp6v1g2,
Trmt61a,328162,14.77101,Trmt61a,
Dcps,69305,14.288315,Dcps,
St18,240690,14.865228,St18,
Sbk1,104175,14.853782,Sbk1,
Ttc22,230576,15.013207,Ttc22,
Nefl,18039,15.271219,Nefl,
Gm1078,381835,21.084198,Sbk3,
Crtap,56693,14.774578,Crtap,
Ptp4a2,19244,15.297668,Ptp4a2,
Apc2,99152,17.723768,Apc2,
Sirpa,19261,16.763826,Sirpa,
Epb4.1l5,226352,19.614708,Epb41l5,
Atp2b4,381290,15.197422,Atp2b4,
Apobec1,11810,15.9546385,Apobec1,
Lnp,69605,17.461943,Lnp,
Rab18,19330,14.912044,Rab18,
S100a4,20198,16.456522,S100a4,
Bend5,67621,15.050228,Bend5,
2410089E03Rik,73692,21.084198,Cplane1,
Rnf11,29864,14.801664,Rnf11,
Rdh14,105014,15.518491,Rdh14,
Dmtf1,23857,14.77101,Dmtf1,
Nanos1,332397,14.906099,Nanos1,
1700021K19Rik,100502698,21.084198,Rubcn,
Gcom1,102371,17.01188,Myzap,
Vps4a,116733,14.848097,Vps4a,
Tada2a,217031,14.765675,Tada2a,
Ophn1,94190,14.985591,Ophn1,
Rab15,104886,14.848097,Rab15,
Cndp2,66054,14.381303,Cndp2,
Itm2b,16432,15.242732,Itm2b,
Atf7ip,54343,14.880647,Atf7ip,
Cul3,26554,14.495799,Cul3,
Gsk3b,56637,15.279097,Gsk3b,
Mfap4,76293,15.297668,Mfap4,
Wwc2,52357,15.27384,Wwc2,
4930404N11Rik,432479,21.084198,Tektip1,
Vash2,226841,14.790761,Vash2,
Bax,18095,16.11697,Bax,
Zfp384,269800,20.559002,Zfp384,
C2cd3,277939,14.787148,C2cd3,
Vkorc1l1,69568,14.77101,Vkorc1l1,
1110059E24Rik,66206,21.712498,1110059E24Rik,
Car2,12349,18.119785,Car2,
Zbtb38,245007,14.816343,Zbtb38,
Ube2w,66799,15.158431,Ube2w,
Cenpl,70454,14.776367,Cenpl,
Tpd52l2,66314,15.303024,Tpd52l2,
Tgfbr2,21813,15.000388,Tgfbr2,
Hsbp1,68196,15.284377,Hsbp1,
Thy1,21838,15.144106,Thy1,
Hapln3,67666,14.855682,Hapln3,
Rapgef3,223864,14.874843,Rapgef3,
1110032F04Rik,68725,21.385788,1110032F04Rik,
Stau2,29819,14.798019,Stau2,
Scamp3,24045,14.95444,Scamp3,
Acss1,68738,14.829325,Acss1,
Nlrx1,270151,14.763902,Nlrx1,
Casp1,12362,17.101194,Casp1,
Cox7a2l,20463,15.132289,Cox7a2l,
Rab3c,67295,14.846208,Rab3c,
Adamtsl2,77794,14.796202,Adamtsl2,
Maob,109731,16.022837,Maob,
Shank1,243961,15.125248,Shank1,
Lpcat2,270084,14.818189,Lpcat2,
Hint1,15254,14.330798,Hint1,
Ints8,72656,14.278517,Ints8,
Strn3,94186,14.77101,Strn3,
Nacad,192950,15.160834,Nacad,
Spats2l,67198,15.3274,Spats2l,
Acsl3,74205,15.263388,Acsl3,
Adam12,11489,15.192484,Adam12,
Slc27a4,26569,14.785345,Slc27a4,
Rabif,98710,14.706692,Rabif,
Rpl35,57808,17.586458,Rpl35,
Axin2,12006,14.870989,Axin2,
Oxnad1,218885,14.769229,Oxnad1,
Abcb8,74610,14.861402,Abcb8,
Elavl3,15571,15.006782,Elavl3,
Slc19a2,116914,14.79984,Slc19a2,
Ankrd26,232339,15.999703,Ankrd26,
Mex3a,72640,14.818189,Mex3a,
Syt6,54524,15.279097,Syt6,
Prpf40a,56194,14.758595,Prpf40a,
Ddx19a,13680,15.941418,Ddx19a,
Sema7a,20361,14.755068,Sema7a,
Wac,225131,15.077009,Wac,
Cbr4,234309,14.844321,Cbr4,
Atg4a,666468,14.539797,Atg4a,
Bysl,53414,14.735849,Bysl,
Chchd5,66170,15.295001,Chchd5,
Mrpl30,107734,14.251948,Mrpl30,
Ccndbp1,17151,14.816343,Ccndbp1,
0610009O20Rik,66839,21.084198,Dele1,
Cd274,60533,15.701843,Cd274,
Pcdh15,11994,15.217366,Pcdh15,
Serac1,321007,14.741062,Serac1,
Usp5,22225,14.304395,Usp5,
Trf,22041,17.167028,Trf,
Gramd2,546134,14.611712,Gramd2a,
Nucb2,53322,15.258193,Nucb2,
Psrc1,56742,15.576781,Psrc1,
Aifm3,72168,15.165653,Aifm3,
Klhl11,217194,14.803489,Klhl11,
1700019G17Rik,75541,21.084198,Nat8f4,
Rpl28,19943,14.054887,Rpl28,
Anapc16,52717,14.767451,Anapc16,
Tlcd1,68385,14.838676,Tlcd1,
Nap1l2,17954,16.489517,Nap1l2,
Ccdc64,75665,17.294525,Bicdl1,
Csrnp2,207785,14.888425,Csrnp2,
Ptprs,19280,15.253019,Ptprs,
Tmem55a,72519,14.471137,Pip4p2,
Kpna3,16648,14.774578,Kpna3,
Zfp329,67230,20.907745,Zfp329,
Kcnrg,328424,15.300345,Kcnrg,
Rab9,56382,16.036915,Rab9,
Ndufc1,66377,15.004646,Ndufc1,
Gdpd2,71584,14.77101,Gdpd2,
Klhl23,277396,14.910059,Klhl23,
2810474O19Rik,67246,21.084198,Resf1,
Plxna3,18846,15.229987,Plxna3,
Gabra2,14395,15.311101,Gabra2,
Lcmt1,30949,14.767451,Lcmt1,
Zfyve1,217695,14.746298,Zfyve1,
Cacna2d1,12293,15.104356,Cacna2d1,
Zfp341,228807,21.124914,Zfp341,
Baz2b,407823,15.144106,Baz2b,
Ccdc85c,668158,15.36063,Ccdc85c,
Terf2,21750,15.281735,Terf2,
Sfxn2,94279,14.325727,Sfxn2,
Wasf3,245880,15.292336,Wasf3,
Snrk,20623,14.661687,Snrk,
Celsr2,53883,14.867146,Celsr2,
Reps2,194590,14.851885,Reps2,
Tbc1d17,233204,15.09061,Tbc1d17,
Taok2,381921,15.750135,Taok2,
Gabrg3,14407,15.240174,Gabrg3,
Tenc1,209039,15.972783,Tns2,
Tm2d2,69742,14.781747,Tm2d2,
Pax6,18508,15.250441,Pax6,
Spata24,71242,15.889842,Spata24,
Rhot1,59040,15.2452965,Rhot1,
Jhdm1d,338523,16.032684,Kdm7a,
Zfml,18139,18.764015,Zfp638,
Fam96b,68523,14.332434,Ciao2b,
Ascl1,17172,15.4063,Ascl1,
Cntnap5c,620292,21.385788,Cntnap5c,
Ap3m1,55946,14.890377,Ap3m1,
Ube2ql1,76980,14.808982,Ube2ql1,
Sft2d1,106489,14.796202,Sft2d1,
Ppp1r15b,108954,14.808982,Ppp1r15b,
Zfp36l1,12192,15.394731,Zfp36l1,
Zfp574,232976,21.385788,Zfp574,
Wdr17,244484,14.772793,Wdr17,
Ints1,68510,14.285857,Ints1,
Spin1,73658,16.814821,Spin1,
Uba1,50995,17.461943,Uba1,
Adap1,231821,15.192484,Adap1,
Limd2,67803,14.696556,Limd2,
Sharpin,106025,15.209851,Sharpin,
Zdhhc20,71164,17.055033,Zdhhc20,
Astn1,11899,14.781747,Astn1,
Wdr48,67561,15.077009,Wdr48,
Bcdin3d,75284,15.115923,Bcdin3d,
AW209491,105351,21.712498,AW209491,
Herc4,67345,14.294475,Herc4,
Ppie,56031,14.763902,Ppie,
Ercc2,13871,14.90215,Ercc2,
Rfesd,218341,14.688169,Rfesd,
Ifitm2,80876,20.41441,Ifitm2,
Mrps14,64659,14.240048,Mrps14,
Lrrc4c,241568,15.338383,Lrrc4c,
Pou3f2,18992,15.36063,Pou3f2,
Mkx,210719,15.292336,Mkx,
Irf8,15900,14.790761,Irf8,
Zdhhc1,70796,14.846208,Zdhhc1,
Zbtb45,232879,15.070263,Zbtb45,
Ap3s2,11778,15.255603,Ap3s2,
Ddx51,69663,14.744551,Ddx51,
Rgs16,56209,18.049635,Rgs16,
Rbmx,19656,17.723768,Rbmx,
Ankrd10,102334,15.295001,Ankrd10,
Arid3b,56380,15.102055,Arid3b,
Etv6,14011,14.869065,Etv6,
Zfp398,272347,21.385788,Zfp398,
Mcts1,68995,14.270004,Mcts1,
Zfp61,22719,20.907745,Zfp61,
Gmfb,63985,14.77995,Gmfb,
Gabrg1,14405,14.876775,Gabrg1,
Nptx1,18164,15.303024,Nptx1,
Rpsa,16785,13.202193,Rpsa,
Sar1a,20224,15.357829,Sar1a,
Fbxl7,448987,14.538304,Fbxl7,
Sorcs3,66673,15.300345,Sorcs3,
Phactr2,215789,14.783545,Phactr2,
Tomm5,68512,14.920013,Tomm5,
Pou3f4,18994,15.295001,Pou3f4,
Ckmt1,12716,17.018295,Ckmt1,
Tmem219,68742,15.894062,Tmem219,
Mknk2,17347,15.403397,Mknk2,
Ezh1,14055,14.79984,Ezh1,
Lag3,16768,15.321943,Lag3,
Mios,252875,14.781747,Mios,
Maml2,270118,15.197422,Maml2,
Lix1,66643,15.284377,Lix1,
Tmem141,51875,14.867146,Tmem141,
Psd,73728,15.23762,Psd,
Helb,117599,15.115923,Helb,
Tdrd3,219249,14.402605,Tdrd3,
Glul,14645,15.316511,Glul,
Gm129,229599,20.400923,Ciart,
Calr,12317,14.684829,Calr,
Gnai3,14679,14.918017,Gnai3,
Hcn1,15165,14.849989,Hcn1,
Rapgef2,76089,15.182663,Rapgef2,
St7,64213,15.156033,St7,
Ninl,78177,15.06802,Ninl,
Dbnl,13169,15.338383,Dbnl,
Cyp4x1,81906,17.986334,Cyp4x1,
Ildr2,100039795,14.8825865,Ildr2,
Acp2,11432,14.77995,Acp2,
Nfkbia,18035,15.36063,Nfkbia,
Immp2l,93757,14.723763,Immp2l,
Nop16,28126,14.678175,Nop16,
Zfp281,226442,20.721714,Zfp281,
Paf1,54624,14.928033,Paf1,
Frmd5,228564,14.597752,Frmd5,
Fam83d,71878,15.054654,Fam83d,
Slc20a2,20516,14.816343,Slc20a2,
Afap1l2,226250,14.751554,Afap1l2,
Gpsm2,76123,14.863313,Gpsm2,
Il17rd,171463,14.77101,Il17rd,
Fgl2,14190,15.247865,Fgl2,
Atrip,235610,14.89429,Atrip,
Ssh1,231637,15.185111,Ssh1,
1810009A15Rik,66276,21.385788,1810009A15Rik,
Whamm,434204,15.146484,Whamm,
Atf3,11910,14.35128,Atf3,
Etv3,27049,15.84837,Etv3,
Traip,22036,14.781747,Traip,
Dpysl4,26757,14.89625,Dpysl4,
Phlda1,21664,14.814498,Phlda1,
Mrpl40,18100,14.228257,Mrpl40,
3110040N11Rik,67290,21.385788,3110040N11Rik,
Creg2,263764,14.844321,Creg2,
Ogdh,18293,15.217366,Ogdh,
Taf13,99730,14.277298,Taf13,
Rnmtl1,67390,17.243074,Mrm3,
Dhx38,64340,14.758595,Dhx38,
Ptpra,19262,14.790761,Ptpra,
Gstm6,14867,21.385788,Gstm6,
Csf2ra,12982,16.903091,Csf2ra,
Coro1b,23789,14.970961,Coro1b,
Mxd3,17121,14.912044,Mxd3,
Ifitm3,66141,19.696716,Ifitm3,
Fpgs,14287,14.849989,Fpgs,
Gla,11605,14.688169,Gla,
Wee1,22390,14.465863,Wee1,
Aff3,16764,14.807149,Aff3,
Timm8a1,30058,21.712498,Timm8a1,
Oxa1l,69089,14.429731,Oxa1l,
Efs,13644,15.12291,Efs,
Rnd1,223881,15.386121,Rnd1,
Dis3,72662,14.1776085,Dis3,
Oxsr1,108737,15.32467,Oxsr1,
Jmjd1c,108829,15.255603,Jmjd1c,
Spata6,67946,14.772793,Spata6,
Zfp563,240068,21.124914,Zfp563,
Nudt14,66174,14.805318,Nudt14,
Arhgef15,442801,15.911084,Arhgef15,
Klf8,245671,14.950341,Klf8,
Ppm1h,319468,14.831189,Ppm1h,
Gopc,94221,14.758595,Gopc,
Dpf3,70127,14.82189,Dpf3,
Tmem205,235043,14.916022,Tmem205,
Astn2,56079,15.21988,Astn2,
Prrx1,18933,15.313804,Prrx1,
Nipsnap1,18082,14.834928,Nipsnap1,
Ndufa4,17992,15.341144,Ndufa4,
Thap1,73754,14.918017,Thap1,
Megf11,214058,14.684829,Megf11,
Mamld1,333639,15.305711,Mamld1,
Zic1,22771,14.996142,Zic1,
Tmem132b,208151,15.680146,Tmem132b,
D15Ertd621e,210998,21.084198,Fam91a1,
Wdr34,71820,13.851632,Dync2i2,
Nbas,71169,14.767451,Nbas,
Ppid,67738,14.38792,Ppid,
Rnf39,386454,16.05115,Rnf39,
Ccdc134,76457,15.185111,Ccdc134,
Stk11ip,71728,14.8825865,Stk11ip,
Phlpp1,98432,14.859492,Phlpp1,
Entpd5,12499,15.276467,Entpd5,
Adam15,11490,14.910059,Adam15,
Nln,75805,14.833056,Nln,
Ppap2b,67916,16.30337,Plpp3,
Nbeal2,235627,14.807149,Nbeal2,
Thoc7,66231,14.261546,Thoc7,
Dynlt1b,21648,16.509726,Dynlt1b,
Tbc1d10c,108995,15.199899,Tbc1d10c,
Sgsm3,105835,14.763902,Sgsm3,
Med15,94112,14.343561,Med15,
Zfp326,54367,20.721714,Zfp326,
Gria2,14800,15.229987,Gria2,
Snap47,67826,14.787148,Snap47,
Rcor1,104383,18.931433,Rcor1,
Tgds,76355,15.180221,Tgds,
Hipk1,15257,15.276467,Hipk1,
Atp5g3,228033,14.471137,Atp5g3,
Sema3e,20349,14.803489,Sema3e,
Pde5a,242202,15.265992,Pde5a,
Serhl,68607,16.456522,Serhl,
Shb,230126,15.374729,Shb,
Ube2b,22210,14.810819,Ube2b,
Gpr151,240239,15.077009,Gpr151,
Tmem138,72982,14.769229,Tmem138,
Slain2,75991,14.774578,Slain2,
Plekhh2,213556,14.760362,Plekhh2,
Cul4a,99375,14.838676,Cul4a,
Arhgef17,207212,15.156033,Arhgef17,
Cbx8,30951,15.34391,Cbx8,
Nov,18133,14.254548,Nov,
Rbpms,19663,15.172917,Rbpms,
Slco3a1,108116,15.204866,Slco3a1,
Abtb2,99382,15.303024,Abtb2,
Fbxo32,67731,14.776367,Fbxo32,
Zfp738,408068,22.149912,Zfp738,
Tceal5,331532,16.97875,Tceal5,
Rpusd3,101122,15.374729,Rpusd3,
Vps13a,271564,14.77101,Vps13a,
Lrp10,65107,15.115923,Lrp10,
Ero1lb,67475,15.934288,Ero1b,
Rasl11b,68939,14.788954,Rasl11b,
2310033P09Rik,67862,21.712498,2310033P09Rik,
Pnma3,245468,17.090536,Pnma3,
Ppp1cb,19046,15.054654,Ppp1cb,
Synm,233335,14.798019,Synm,
G0s2,14373,14.863313,G0s2,
Sdcbp,53378,15.113599,Sdcbp,
C1ql2,226359,14.892332,C1ql2,
Cul5,75717,14.467274,Cul5,
Smyd2,226830,15.232527,Smyd2,
Hcn3,330953,18.764015,Hcn3,
Cpped1,223978,14.77995,Cpped1,
Pex19,19298,14.352571,Pex19,
Polr2d,69241,14.49724,Polr2d,
Ranbp6,240614,16.274406,Ranbp6,
Zfp553,233887,21.124914,Zfp553,
Wibg,78428,16.206926,Pym1,
Gsta3,14859,19.293514,Gsta3,
Bmper,73230,14.808982,Bmper,
Rnf168,70238,14.798019,Rnf168,
Atp2b2,11941,14.833056,Atp2b2,
Ubiad1,71707,14.776367,Ubiad1,
Fam65a,75687,14.647479,Ripor1,
Clcn1,12723,15.313804,Clcn1,
Zfp420,233058,21.124914,Zfp420,
Rbbp4,19646,14.848097,Rbbp4,
Pcbp1,23983,16.145107,Pcbp1,
Arnt2,11864,14.755068,Arnt2,
Srxn1,76650,14.765675,Srxn1,
Adamts7,108153,15.311101,Adamts7,
Tomt,791260,15.441635,Tomt,
Zfp641,239652,21.385788,Zfp641,
Zfp652,268469,21.385788,Zfp652,
C230081A13Rik,244895,21.084198,Peak1,
Top3a,21975,14.75331,Top3a,
Csnk2a1,12995,15.281735,Csnk2a1,
Msn,17698,14.6357355,Msn,
Ptgr2,77219,14.812657,Ptgr2,
Slc22a8,19879,16.208149,Slc22a8,
Scml4,268297,14.807149,Scml4,
Sesn3,75747,15.187564,Sesn3,
Rfx2,19725,14.812657,Rfx2,
Epha7,13841,14.825602,Epha7,
Snx2,67804,14.794385,Snx2,
Rab2a,59021,14.756831,Rab2a,
Krt222,268481,14.820039,Krt222,
Parva,57342,15.260789,Parva,
Cdc23,52563,14.379982,Cdc23,
Klf16,83396,19.346292,Klf16,
Ttc39a,230603,14.758595,Ttc39a,
Fos,14281,15.158431,Fos,
Chml,12663,16.263126,Chml,
Casp7,12369,14.739323,Casp7,
Yy2,100073351,16.805767,Yy2,
Slc17a6,140919,15.250441,Slc17a6,
Emp2,13731,14.82189,Emp2,
Rapgef5,217944,15.172917,Rapgef5,
Amigo2,105827,15.281735,Amigo2,
Lamp2,16784,14.676516,Lamp2,
Ppp2r4,110854,17.145752,Ptpa,
Abca8a,217258,21.712498,Abca8a,
Hnrnph2,56258,16.280083,Hnrnph2,
Tmem170b,621976,14.785345,Tmem170b,
Kcnab2,16498,15.313804,Kcnab2,
Sh3bp1,20401,14.90215,Sh3bp1,
Uba52,22190,17.403778,Uba52,
Gas7,14457,15.23507,Gas7,
Tox,434768,18.48137,Tox,
Morc2a,74522,21.712498,Morc2a,
C330021F23Rik,546049,21.084198,Rps23rg1,
Azin1,54375,15.224924,Azin1,
Rpusd2,271842,14.732386,Rpusd2,
Rpf2,67239,14.645408,Rpf2,
Spns1,73658,15.09061,Spns1,
Xrcc5,22596,14.76213,Xrcc5,
Zfp280c,208968,20.907745,Zfp280c,
Tssk6,83984,15.187564,Tssk6,
Mpzl1,68481,15.34946,Mpzl1,
Rassf7,66985,15.49651,Rassf7,
Abcb9,56325,14.79984,Abcb9,
Ptprcap,19265,15.524839,Ptprcap,
Mettl2,52686,15.852458,Mettl2,
Neil2,382913,15.338383,Neil2,
Card10,105844,15.305711,Card10,
Hspa1a,193740,18.62944,Hspa1a,
Neurod6,11922,15.319224,Neurod6,
Kdelc1,72050,14.1209345,Poglut2,
Tmc4,353499,15.0860615,Tmc4,
Prr18,320111,15.017509,Prr18,
R3hcc1,71843,14.831189,R3hcc1,
Morn1,76866,15.757727,Morn1,
Fads1,76267,15.73135,Fads1,
Psmd10,53380,14.699925,Psmd10,
Tmem97,69071,14.781747,Tmem97,
Fcgrt,14132,16.109695,Fcgrt,
Cep164,214552,14.6341305,Cep164,
Celf4,108013,14.829325,Celf4,
Fbxo46,243867,14.942185,Fbxo46,
Poli,26447,14.471513,Poli,
Plekha5,109135,14.910059,Plekha5,
Angptl4,57875,14.844321,Angptl4,
Rnf130,59044,14.732386,Rnf130,
Zscan29,99334,16.124754,Zscan29,
Pdzrn3,55983,15.346683,Pdzrn3,
Rnf14,56736,14.818189,Rnf14,
Lats1,16798,14.801664,Lats1,
Fbxl5,242960,14.818189,Fbxl5,
Fjx1,14221,14.863313,Fjx1,
Snx8,231834,15.330138,Snx8,
Bmp2,12156,15.311101,Bmp2,
Bpnt1,23827,14.727205,Bpnt1,
Ypel4,241525,15.484113,Ypel4,
Klf4,16600,14.865228,Klf4,
Zfp46,22704,20.41441,Zfp46,
Slc35e2,320541,19.95759,Slc35e2,
Creb1,12912,15.197422,Creb1,
Fcrls,80891,19.614708,Fcrl2,
Diras2,68203,15.377568,Diras2,
Cdyl,12593,14.825602,Cdyl,
Cdc25a,12530,15.330138,Cdc25a,
Bzw2,66912,15.045816,Bzw2,
Katnal1,231912,14.783545,Katnal1,
Kat2b,18519,14.792573,Kat2b,
Xpnpep1,170750,14.725483,Xpnpep1,
Gpr63,81006,14.787148,Gpr63,
Hist1h4h,69386,20.400923,H4c8,
Stk30,26448,20.400923,Mok,
Pex12,103737,14.24242,Pex12,
Ablim1,226251,15.170491,Ablim1,
Anapc1,17222,14.790761,Anapc1,
Tmem158,72309,15.338383,Tmem158,
D10Bwg1379e,215821,21.084198,Arfgef3,
Rpusd1,106707,14.790761,Rpusd1,
Spink10,328971,21.385788,Spink10,
Trnp1,69539,15.620567,Trnp1,
Ccdc51,66658,14.820039,Ccdc51,
Igsf1,209268,16.274406,Igsf1,
Fam131c,277743,15.074756,Fam131c,
Rasgef1a,70727,15.295001,Rasgef1a,
Ssr1,107513,14.76213,Ssr1,
Cacng2,12300,15.240174,Cacng2,
Wfikkn1,215001,14.851885,Wfikkn1,
Ung,22256,13.948423,Ung,
Dleu7,239133,15.550551,Dleu7,
Cacng5,140723,15.207356,Cacng5,
Zfp664,269704,18.664577,Zfp664,
Zfp839,72805,20.907745,Zfp839,
Rnf185,193670,14.82189,Rnf185,
Vdac3,22335,14.772793,Vdac3,
Fgd1,14163,15.129937,Fgd1,
Scg5,20394,15.352242,Scg5,
Fbxo16,50759,14.734116,Fbxo16,
Cyth3,19159,15.168071,Cyth3,
Rgs4,19736,14.994026,Rgs4,
Tert,21752,14.539797,Tert,
Dync1li1,235661,14.781747,Dync1li1,
2310061I04Rik,69662,21.385788,2310061I04Rik,
Adarb2,94191,14.765675,Adarb2,
Gcnt2,14538,15.844295,Gcnt2,
Ttc38,239570,14.825602,Ttc38,
Dcp2,110438,17.653353,Dcp2,
Carns1,107239,15.468782,Carns1,
Junb,16477,15.753926,Junb,
Ccdc65,105833,14.874843,Ccdc65,
Fabp5,16592,15.950216,Fabp5,
Fcgr3,14131,21.385788,Fcgr3,
Crlf1,12931,15.355033,Crlf1,
Wdr26,226757,15.202379,Wdr26,
Lrrfip1,16978,15.36063,Lrrfip1,
Cacnb4,12298,15.303024,Cacnb4,
Brd2,14312,15.547309,Brd2,
Cpm,70574,14.778158,Cpm,
Rassf2,215653,15.341144,Rassf2,
1700001O22Rik,73598,21.385788,1700001O22Rik,
Capn7,12339,14.778158,Capn7,
Recql4,79456,14.872914,Recql4,
Slc35a3,229782,15.305711,Slc35a3,
Arf5,11844,15.547309,Arf5,
Gm8909,667977,21.084198,H2-T26,
Podxl2,319655,14.812657,Podxl2,
Slc24a2,76376,14.849989,Slc24a2,
Chst2,54371,15.281735,Chst2,
Phf20,228829,15.295001,Phf20,
Cdk5r2,12570,15.397614,Cdk5r2,
Herc3,73998,14.956493,Herc3,
Ino80,68142,14.199238,Ino80,
Lims2,225341,15.077009,Lims2,
Stard7,99138,14.846208,Stard7,
Serping1,12258,14.9482975,Serping1,
S100b,20203,15.030497,S100b,
Dennd4c,329877,14.787148,Dennd4c,
2700029M09Rik,72612,21.084198,Hpf1,
Gse1,382034,15.2452965,Gse1,
Epb4.1l4b,54357,20.400923,Epb41l4b,
Gnai2,14678,15.388985,Gnai2,
Nynrin,277154,16.165783,Nynrin,
Dmwd,13401,15.658807,Dmwd,
Gga1,106039,14.968885,Gga1,
Mid2,23947,14.884529,Mid2,
D3Ertd751e,73852,21.124914,D3Ertd751e,
Ntsr2,18217,16.257523,Ntsr2,
Krit1,79264,14.781747,Krit1,
Kif16b,16558,15.346683,Kif16b,
Pan2,105014,17.403778,Pan2,
Esrra,26379,15.175347,Esrra,
Mcm2,107572,17.522753,Mcm2,
Smad4,17128,15.295001,Smad4,
Xrn1,24127,14.751554,Xrn1,
Cyfip2,76884,14.77995,Cyfip2,
Ppp1r9a,243725,14.746298,Ppp1r9a,
Per1,18626,15.698202,Per1,
Unc13b,22249,15.36063,Unc13b,
Cdc42ep2,104252,15.292336,Cdc42ep2,
Mfsd6,98682,15.202379,Mfsd6,
Nfkb1,18033,14.859492,Nfkb1,
Mad1l1,17120,14.790761,Mad1l1,
Syngr3,20974,15.34946,Syngr3,
Gale,74246,12.748282,Gale,
B3gnt4,231727,15.313804,B3gnt4,
Rpl35a,57808,14.282184,Rpl35a,
Cpt1c,78070,15.84837,Cpt1c,
Cinp,67236,14.865228,Cinp,
Rapgef4,56508,15.190022,Rapgef4,
Polr3g,67486,14.424258,Polr3g,
Aven,74268,14.463047,Aven,
Anapc5,59008,14.758595,Anapc5,
Trap1,73122,17.723768,Trap1,
Senp6,215351,15.199899,Senp6,
Upf3b,68134,14.772793,Upf3b,
Pycr2,69051,16.150244,Pycr2,
Abcd1,11666,15.137002,Abcd1,
Pomt1,99011,14.783545,Pomt1,
Pcdh8,18530,14.934078,Pcdh8,
Dmd,13405,14.82189,Dmd,
Raver1,100568458,19.122843,Raver1,
Hif1an,319594,14.755068,Hif1an,
Pcdhb20,93891,21.124914,Pcdhb20,
Car7,12354,21.124914,Car7,
2610301B20Rik,67157,21.084198,Cfap418,
Gcc1,74375,14.816343,Gcc1,
2410076I21Rik,73673,21.084198,Rec114,
Rgs11,50782,14.840556,Rgs11,
Ikbkb,16150,14.763902,Ikbkb,
Cttnbp2,30785,14.769229,Cttnbp2,
Papola,18789,15.137002,Papola,
Moap1,100859931,19.122843,Moap1,
Vat1,110877,16.407312,Vat1,
Wdr73,71968,14.853782,Wdr73,
Yipf6,77929,14.686496,Yipf6,
Srpk1,20815,15.300345,Srpk1,
Lpar6,67168,15.284377,Lpar6,
Rbbp6,19647,14.95444,Rbbp6,
Cops4,26891,14.749799,Cops4,
Smpd2,20598,15.355033,Smpd2,
3110047P20Rik,319807,21.084198,Nwd2,
Lama3,16774,14.95444,Lama3,
Pacs2,217893,14.829325,Pacs2,
Gab2,14389,14.816343,Gab2,
Zfp746,69228,20.907745,Zfp746,
Sorbs2,234214,15.224924,Sorbs2,
Ppm1e,320472,14.778158,Ppm1e,
Hnrnpk,15387,14.788954,Hnrnpk,
Htr1f,15557,15.242732,Htr1f,
Cntnap5b,241175,18.143423,Cntnap5b,
Dio2,13371,14.723763,Dio2,
Fbxo10,269529,14.962674,Fbxo10,
Klhdc4,234825,14.756831,Klhdc4,
Slc35b2,73836,14.76213,Slc35b2,
Mamdc4,381352,14.89429,Mamdc4,
Cc2d1b,319965,14.794385,Cc2d1b,
Styx,56291,14.787148,Styx,
Rpl37a,19981,13.8748255,Rpl37a,
Tnfaip8l1,66443,14.857587,Tnfaip8l1,
Chpf2,100910,14.829325,Chpf2,
Hspa12b,72630,14.892332,Hspa12b,
Ppapdc2,74411,16.85198,Plpp6,
Enpp5,83965,14.870989,Enpp5,
Ccdc141,545428,14.93206,Ccdc141,
Cep72,74470,15.1346445,Cep72,
Arid1a,93760,15.192484,Arid1a,
Fads2,56473,15.097465,Fads2,
Prr7,432763,15.255603,Prr7,
Rufy2,70432,14.723763,Rufy2,
Idh3b,170718,14.32953,Idh3b,
Ddx54,71990,14.756831,Ddx54,
Txnl4a,27366,14.767451,Txnl4a,
Hspa13,110920,14.75331,Hspa13,
Zbtb20,56490,14.794385,Zbtb20,
Hist1h1c,50708,18.61524,H1f2,
Man2b1,17159,14.95855,Man2b1,
Zc3h12b,547176,14.82189,Zc3h12b,
Mrps28,232536,17.461943,Mrps28,
Sord,20322,14.767451,Sord,
Spata9,75571,15.873094,Spata9,
Tmbim6,110213,15.374729,Tmbim6,
Dpf1,29861,15.050228,Dpf1,
Ddb1,13194,14.748047,Ddb1,
Ubn1,170644,15.013207,Ubn1,
Adrm1,56436,14.834928,Adrm1,
Gpr161,240888,15.258193,Gpr161,
Wdr31,71354,14.816343,Wdr31,
Ptp4a3,19245,15.321943,Ptp4a3,
Pgam2,56012,15.17778,Pgam2,
Cav2,12390,14.765675,Cav2,
Npc1,18145,14.727205,Npc1,
Nol7,70078,14.794385,Nol7,
C1qbp,12261,14.75331,C1qbp,
Sctr,319229,14.616606,Sctr,
Rell1,100532,14.79984,Rell1,
Tchh,99681,16.181509,Tchh,
Akt1,11651,14.805318,Akt1,
Gtpbp10,207704,14.851885,Gtpbp10,
Grrp1,72690,18.24816,Fam110d,
Aplp2,11804,14.760362,Aplp2,
Zfp212,232784,21.385788,Zfp212,
Ttf1,22130,15.209851,Ttf1,
Dnajc24,99349,14.77101,Dnajc24,
Bcr,110279,14.848097,Bcr,
Plekhg1,213783,15.160834,Plekhg1,
Tacr1,21336,15.444623,Tacr1,
Brcc3,210766,14.760362,Brcc3,
Numbl,18223,15.081528,Numbl,
Foxp2,114142,14.744551,Foxp2,
Fam132a,67389,14.647479,C1qtnf12,
Ncapd3,78658,14.755068,Ncapd3,
Hmgcl,15356,14.616606,Hmgcl,
Tiam1,21844,15.253019,Tiam1,
Slmap,83997,14.671555,Slmap,
Ube2e1,22194,15.287025,Ube2e1,
Ppapdc1b,71910,16.580143,Plpp5,
Rnf8,58230,14.801664,Rnf8,
Afap1l1,106877,15.305711,Afap1l1,
Tmem186,66690,14.746298,Tmem186,
Adam19,11492,15.284377,Adam19,
Nfx1,74164,14.734116,Nfx1,
Rasgrf1,19417,14.798019,Rasgrf1,
Rplp0,11837,14.250754,Rplp0,
Dhdh,71755,15.773045,Dhdh,
Grhpr,76238,15.371898,Grhpr,
Cyb561d1,72023,15.86894,Cyb561d1,
Cdk1,12534,14.311884,Cdk1,
Xylb,102448,13.616151,Xylb,
Ash1l,192195,14.77101,Ash1l,
Klhl7,52323,14.794385,Klhl7,
Dnajc27,217378,14.808982,Dnajc27,
Pgk1,18655,14.715199,Pgk1,
Vcan,13003,15.338383,Vcan,
Ncan,13004,15.371898,Ncan,
Rcn3,52377,15.111282,Rcn3,
Mast2,17776,14.79984,Mast2,
Tnr,21960,14.792573,Tnr,
Isoc1,66307,15.061319,Isoc1,
Cdc42bpg,240505,15.820108,Cdc42bpg,
Ecm1,13601,15.409207,Ecm1,
Zdhhc16,74168,15.300345,Zdhhc16,
Tigd3,332359,16.027514,Tigd3,
H2afy2,404634,17.348036,Macroh2a2,
Rnf170,77733,14.783545,Rnf170,
Agpat2,67512,14.548778,Agpat2,
Ndp,17986,14.95444,Ndp,
Nvl,67459,14.758595,Nvl,
Esam,69524,15.583423,Esam,
5330417C22Rik,229722,21.084198,Elapor1,
Trps1,83925,14.790761,Trps1,
Ubc,22186,16.254278,Ubc,
Ift80,68259,14.755068,Ift80,
Ddx21,56200,15.120575,Ddx21,
Fam126a,84652,13.459354,Hycc1,
2210404O07Rik,72273,21.084198,Smim24,
Acyp1,66204,14.952389,Acyp1,
Zfand5,22682,15.335629,Zfand5,
Ctgf,14219,14.243782,Ccn2,
Timm22,56322,14.794385,Timm22,
Spire1,68166,15.287025,Spire1,
B9d1,27078,14.394574,B9d1,
Ndst2,17423,15.295001,Ndst2,
Ccdc107,622404,14.966811,Ccdc107,
Cyb561d2,56368,15.683739,Cyb561d2,
Dync2li1,213575,14.734116,Dync2li1,
Stom,13830,14.825602,Stom,
Tmem62,96957,14.76213,Tmem62,
Prrt2,69017,15.168071,Prrt2,
Fyco1,17281,15.330138,Fyco1,
Rasip1,69903,15.021824,Rasip1,
Ttc9c,70387,15.12291,Ttc9c,
Syt9,60510,15.308403,Syt9,
Dock11,75974,14.792573,Dock11,
Notch3,18131,15.102055,Notch3,
Ppp3ca,19055,14.816343,Ppp3ca,
Grb14,50915,14.803489,Grb14,
Amdhd2,245847,14.774578,Amdhd2,
Pole3,59001,14.765675,Pole3,
Rbm11,224344,15.260789,Rbm11,
Dnd1,213236,14.816343,Dnd1,
Dennd2a,209773,15.289679,Dennd2a,
Nell2,54003,15.260789,Nell2,
Fance,72775,14.774578,Fance,
Gba,14466,13.536073,Gba,
Olfm1,56177,15.23762,Olfm1,
B2m,12010,15.185111,B2m,
Sucla2,20916,14.823745,Sucla2,
Cbx3,12417,15.3274,Cbx3,
Sox6,20679,14.75331,Sox6,
Tab1,66513,14.689841,Tab1,
Snn,20621,15.118246,Snn,
Mettl8,228019,14.825602,Mettl8,
Enah,13800,14.774578,Enah,
Mtmr10,233315,14.788954,Mtmr10,
Sp8,320145,15.355033,Sp8,
Agap1,347722,14.872914,Agap1,
Ppp4c,56420,15.4063,Ppp4c,
Sgce,20392,14.715199,Sgce,
Nop10,66181,14.464455,Nop10,
2010111I01Rik,72061,21.084198,Aopep,
Gp1bb,14724,14.810819,Gp1bb,
3110062M04Rik,78412,21.084198,Cyren,
Gimap6,231931,16.593853,Gimap6,
Rspo1,192199,14.785345,Rspo1,
Col16a1,107581,14.869065,Col16a1,
Mmp2,17390,14.490044,Mmp2,
Slc12a6,107723,15.655282,Slc12a6,
Rimkla,194237,15.232527,Rimkla,
Pdgfb,18591,15.308403,Pdgfb,
Ddit4,74747,14.805318,Ddit4,
Irf2bp1,272359,15.2224,Irf2bp1,
Greb1l,381157,14.796202,Greb1l,
Sstr2,20606,15.305711,Sstr2,
Elmod1,270162,14.76213,Elmod1,
Alkbh3,69113,14.769229,Alkbh3,
Cant1,76025,15.380411,Cant1,
Ankrd45,73844,15.27384,Ankrd45,
Rnf4,19822,14.846208,Rnf4,
Slc43a2,215113,15.276467,Slc43a2,
Ralgapb,228850,14.818189,Ralgapb,
Pcdhb14,93885,17.924417,Pcdhb14,
Pcsk4,18551,15.369071,Pcsk4,
Tmem106c,380967,14.964741,Tmem106c,
Nnt,ENSMUSG00000116207,14.849989,Nnt,
Dek,110052,14.524963,Dek,
Lgr4,107515,14.621362,Lgr4,
Atp5a1,11946,14.433544,Atp5a1,
Smarce1,57376,14.920013,Smarce1,
Ctnnd2,18163,15.319224,Ctnnd2,
Dnlz,52838,14.82189,Dnlz,
Pigp,56176,14.77101,Pigp,
Mxra8,74761,15.295001,Mxra8,
Fam107b,66540,14.849989,Fam107b,
Snapc5,330959,14.814498,Snapc5,
Jam2,67374,15.271219,Jam2,
Stac2,217154,15.490295,Stac2,
Tiprl,226591,14.767451,Tiprl,
Ccdc39,51938,14.477187,Ccdc39,
Coro6,216961,14.892332,Coro6,
Zbtb48,100090,14.844321,Zbtb48,
Prpf38b,66921,14.829325,Prpf38b,
Mettl3,56335,14.403946,Mettl3,
Mmgt1,236792,14.788954,Mmgt1,
Cox6a2,12862,17.178333,Cox6a2,
Chek2,50883,14.792573,Chek2,
Kcnj3,16519,15.3274,Kcnj3,
Rnf19a,30945,14.888425,Rnf19a,
Mea1,17256,14.848097,Mea1,
Got2,14719,14.541289,Got2,
Anapc2,99152,14.765675,Anapc2,
Adamts8,30806,15.202379,Adamts8,
Yod1,226418,14.349991,Yod1,
Btbd7,238386,14.7428055,Btbd7,
Atf1,11908,14.783545,Atf1,
Bbs1,52028,14.457435,Bbs1,
Hs3st6,328779,15.265992,Hs3st6,
Hdac5,15185,18.48137,Hdac5,
Nfe2l3,18025,14.924016,Nfe2l3,
Eef2k,13631,14.776367,Eef2k,
Elovl5,68801,14.741062,Elovl5,
Gm2a,14667,14.861402,Gm2a,
Zfp612,234725,20.41441,Zfp612,
Gigyf1,57330,15.742587,Gigyf1,
Scn3a,20269,16.523375,Scn3a,
Bri3,64294,18.35969,Bri3,
Pddc1,213350,14.516373,Gatd1,
Snx25,102141,14.755068,Snx25,
Hn1,15374,14.490336,Jpt1,
Dennd5b,320560,14.96061,Dennd5b,
Syt11,229521,15.265992,Syt11,
Lpcat4,67216,18.764015,Lpcat4,
Ccdc71,72454,14.848097,Ccdc71,
Eef1a2,13628,15.199899,Eef1a2,
Spata7,104871,14.776367,Spata7,
Ergic3,66366,14.760362,Ergic3,
Mthfd1l,270685,14.756831,Mthfd1l,
Pcgf1,69837,14.870989,Pcgf1,
Gng2,14702,15.056872,Gng2,
Pias4,59004,15.313804,Pias4,
Kcnj5,16521,14.827461,Kcnj5,
Yipf5,67180,14.785345,Yipf5,
Map3k10,269881,15.115923,Map3k10,
Ranbp10,74334,14.805318,Ranbp10,
Scfd2,212986,14.805318,Scfd2,
Sh3glb2,227700,15.187564,Sh3glb2,
Rsrc2,208606,14.769229,Rsrc2,
Zc3h15,69082,14.744551,Zc3h15,
Mnt,107894,15.89687,Mnt,
Zfp647,239546,21.385788,Zfp647,
Zeb2,24136,15.255603,Zeb2,
Mkln1,27418,14.783545,Mkln1,
Zbtb49,75079,14.75331,Zbtb49,
Bfsp1,12075,15.165653,Bfsp1,
Ptplad1,57874,15.992452,Hacd3,
Clpx,270166,13.002904,Clpx,
Ints9,210925,14.261546,Ints9,
Zfp697,242109,20.907745,Zfp697,
Fbxo38,107035,14.783545,Fbxo38,
Tst,22117,14.774578,Tst,
Sorl1,20660,14.790761,Sorl1,
Calca,12310,15.844295,Calca,
Myo16,244281,14.859492,Myo16,
Pitpnb,56305,14.82189,Pitpnb,
Nme3,79059,14.908077,Nme3,
Kpna1,16646,14.865228,Kpna1,
Klf10,21847,15.175347,Klf10,
Ptk2b,19229,15.346683,Ptk2b,
Hist1h2bk,319184,18.35969,H2bc12,
Ppp1r8,100336,15.268604,Ppp1r8,
Myg1,60315,14.827461,Myg1,
Arpp21,74100,14.807149,Arpp21,
Atp1a2,98660,16.668371,Atp1a2,
Pigv,230801,14.763902,Pigv,
Klc1,16593,15.33288,Klc1,
Nek8,140859,14.75331,Nek8,
Elac2,68626,14.765675,Elac2,
Parp11,101187,15.214857,Parp11,
Sbsn,282619,16.213543,Sbsn,
Tfdp2,211586,15.15364,Tfdp2,
Arpc1a,56443,14.924016,Arpc1a,
Dhx33,216877,14.763902,Dhx33,
Gga2,74105,15.357829,Gga2,
Lypd6b,71897,15.061319,Lypd6b,
Lin7b,22342,15.052439,Lin7b,
Itpkb,320404,14.846208,Itpkb,
Ppp1r3f,54638,18.61524,Ppp1r3f,
P4ha2,18452,14.910059,P4ha2,
Chd1l,68058,14.827461,Chd1l,
Socs1,12703,15.346683,Socs1,
Ptms,69202,15.603551,Ptms,
Gaa,14387,14.792573,Gaa,
Ttll4,67534,14.798019,Ttll4,
Fads3,60527,16.192099,Fads3,
Tpra1,24100,14.755068,Tpra1,
Drd1a,13488,18.48137,Drd1,
Jak1,16451,14.77995,Jak1,
Pot1b,72836,21.385788,Pot1b,
Wwtr1,97064,15.045816,Wwtr1,
Nck1,17973,15.972478,Nck1,
Dcakd,68087,14.774578,Dcakd,
Pcdhb16,93887,17.924417,Pcdhb16,
Ogfod1,270086,14.744551,Ogfod1,
Acad11,102632,14.880647,Acad11,
Hk1,15275,15.156033,Hk1,
Fndc3a,319448,14.788954,Fndc3a,
Arfgap3,66251,14.3169,Arfgap3,
Pgs1,110012,16.490938,Pgs1,
Rad52,19365,14.683161,Rad52,
Dpysl5,65254,15.366252,Dpysl5,
Mapkapk2,17164,15.289679,Mapkapk2,
Maoa,17161,16.235346,Maoa,
Zfp57,22715,16.285784,Zfp57,
Zfp760,240034,21.712498,Zfp760,
Jph4,319984,15.812145,Jph4,
Sh2d7,244885,15.423847,Sh2d7,
Haus3,231123,14.865228,Haus3,
Gdpd3,68616,15.836183,Gdpd3,
Utp15,105372,14.679834,Utp15,
Rab21,216344,14.234141,Rab21,
Ccnyl1,227210,14.834928,Ccnyl1,
Atg9a,245860,14.803489,Atg9a,
Il17ra,16172,15.305711,Il17ra,
Egln1,112405,15.33288,Egln1,
D2hgdh,98314,14.324463,D2hgdh,
Reep1,52250,14.756831,Reep1,
Prrt3,210673,15.409207,Prrt3,
Akap12,83397,15.281735,Akap12,
Ipo8,320727,14.794385,Ipo8,
Fam120b,67544,14.765675,Fam120b,
Nhej1,75570,14.807149,Nhej1,
Nefh,380684,15.247865,Nefh,
Fam69a,67266,14.292923,Dipk1a,
Ncoa2,17978,14.758595,Ncoa2,
Tmem129,68366,14.77995,Tmem129,
Kif21b,16565,14.790761,Kif21b,
Rfxap,170767,14.910059,Rfxap,
Fnip1,216742,14.796202,Fnip1,
Fchsd2,207278,15.15364,Fchsd2,
Pcdhb17,93888,21.124914,Pcdhb17,
Hmgn2,15331,15.32467,Hmgn2,
Tm9sf3,107358,14.250754,Tm9sf3,
Haus5,71909,15.081528,Haus5,
Rlbp1,19771,15.279097,Rlbp1,
Bahcc1,268515,15.394731,Bahcc1,
Tesk1,21754,15.352242,Tesk1,
Matr3,17184,15.316511,Matr3,
Rgl2,19732,15.118246,Rgl2,
Celf1,13046,14.798019,Celf1,
Gcsh,68133,15.346683,Gcsh,
Actg1,11465,15.415044,Actg1,
Zfp580,68992,21.385788,Zfp580,
Tusc2,80385,15.313804,Tusc2,
Rp9,55934,14.973041,Rp9,
Ttc5,219022,14.966811,Ttc5,
Efcab7,230500,14.848097,Efcab7,
Smad1,17125,14.776367,Smad1,
Stmn4,56471,14.823745,Stmn4,
Ube2r2,67615,14.765675,Ube2r2,
9330159F19Rik,212448,21.124914,9330159F19Rik,
Trrap,100683,14.844321,Trrap,
Radil,231858,14.878709,Radil,
Pip5k1c,18717,15.303024,Pip5k1c,
Hyls1,76832,14.524963,Hyls1,
P4ha3,320452,14.833056,P4ha3,
Pim2,111748,18.764015,Pim2,
Zbtb26,320633,14.810819,Zbtb26,
Tarbp2,21357,14.89429,Tarbp2,
L3mbtl2,214669,14.756831,L3mbtl2,
Tmem8,60455,17.960428,Pgap6,
Acad9,229211,14.776367,Acad9,
Abcc5,27416,14.912044,Abcc5,
Arid4b,94246,14.77101,Arid4b,
Chst15,77590,15.006782,Chst15,
Stxbp3a,20912,19.614708,Stxbp3a,
L2hgdh,217666,14.288315,L2hgdh,
Pcdhb8,93879,18.167498,Pcdhb8,
Rpp25,102614,14.656782,Rpp25,
Mrpl3,94062,14.183266,Mrpl3,
Unc13c,208898,15.255603,Unc13c,
Zbtb37,240869,14.790761,Zbtb37,
Ech1,51798,14.94422,Ech1,
Sarm1,237868,14.783545,Sarm1,
Polm,54125,15.092891,Polm,
Stat1,20846,15.281735,Stat1,
Rpl27,19942,13.767576,Rpl27,
Tmem176a,66058,16.257523,Tmem176a,
Zc3h12c,244871,15.263388,Zc3h12c,
Gramd1b,235283,15.081528,Gramd1b,
Ndufb6,230075,14.805318,Ndufb6,
Slc1a4,55963,14.756831,Slc1a4,
Mrpl19,56284,14.2073,Mrpl19,
Actr2,66713,15.156033,Actr2,
Kcnk9,223604,14.772793,Kcnk9,
Cyba,13057,16.653122,Cyba,
Dctd,320685,14.805318,Dctd,
Sp5,20389,15.571004,Sp5,
Slc33a1,11416,14.765675,Slc33a1,
Dusp11,72102,14.970961,Dusp11,
Arf4,11843,15.217366,Arf4,
Tcp11l2,216198,14.77995,Tcp11l2,
Chic1,12212,14.872914,Chic1,
Pard6a,56513,14.9361,Pard6a,
Caprin1,53872,15.247865,Caprin1,
Plxna4,243743,14.884529,Plxna4,
Ep400,75560,14.853782,Ep400,
Ccdc61,232933,14.900182,Ccdc61,
Naga,17939,13.272851,Naga,
Ints10,70885,14.282184,Ints10,
Mphosph8,75339,14.758595,Mphosph8,
Ccdc85a,216613,14.95444,Ccdc85a,
Socs7,67296,17.461943,Socs7,
Hpca,12286,17.960428,Hpca,
Wdr19,213081,14.796202,Wdr19,
Nudt5,53893,14.744551,Nudt5,
Rad17,19356,14.227084,Rad17,
Rps4y2,66184,19.614708,Rps4l,
Ttll3,101100,15.148865,Ttll3,
Ppp1r16a,73062,14.994026,Ppp1r16a,
Gnb5,14697,15.23762,Gnb5,
Sel1l3,231238,15.258193,Sel1l3,
Tcf25,66855,14.744551,Tcf25,
Clock,12753,15.260789,Clock,
Sh2b1,20399,15.097465,Sh2b1,
Ap2b1,71770,14.825602,Ap2b1,
Pdzd8,107368,14.339721,Pdzd8,
Lmtk2,231876,14.765675,Lmtk2,
Arpc4,68089,14.30564,Arpc4,
Klhl24,75785,15.292336,Klhl24,
Herc1,235439,14.823745,Herc1,
Tmem69,230657,15.026153,Tmem69,
Tmem67,329795,14.787148,Tmem67,
Syt5,53420,15.937041,Syt5,
Pdcd2l,68079,14.798019,Pdcd2l,
Cript,56724,14.787148,Cript,
Nup160,59015,14.288315,Nup160,
Amz1,231842,15.441635,Amz1,
Cdh4,12561,14.861402,Cdh4,
Slc7a4,224022,14.844321,Slc7a4,
Tmem132e,270893,14.796202,Tmem132e,
Zbtb2,381990,15.305711,Zbtb2,
Lima1,65970,15.297668,Lima1,
Rnf41,67588,14.855682,Rnf41,
Rcan2,53901,15.141735,Rcan2,
Med31,67279,14.25554,Med31,
Stx16,228960,14.803489,Stx16,
Gins2,272551,14.732386,Gins2,
Akap6,238161,14.816343,Akap6,
Gemin4,276919,14.785345,Gemin4,
Idh1,15926,14.616606,Idh1,
Htr1b,15551,14.723763,Htr1b,
Nfu1,56748,14.746298,Nfu1,
Sirt1,93759,14.600876,Sirt1,
Pvrl3,58998,17.055033,Nectin3,
Nfib,18028,15.182663,Nfib,
Rangap1,19387,15.23507,Rangap1,
Pf4,56744,18.89804,Pf4,
Dnajc10,66861,14.760362,Dnajc10,
Prom1,19126,15.268604,Prom1,
Rc3h2,319817,14.805318,Rc3h2,
Hspb8,80888,14.803489,Hspb8,
Brca2,12190,14.608718,Brca2,
Fosl2,14284,14.755068,Fosl2,
Parp12,243771,15.820108,Parp12,
Aga,11593,14.746298,Aga,
Cdk13,69562,14.788954,Cdk13,
Krt10,16661,16.2244,Krt10,
Copg2,54160,14.818189,Copg2,
Dmrta2,242620,14.863313,Dmrta2,
Trpv6,64177,15.417972,Trpv6,
Aldoart1,353204,22.149912,Aldoart1,
Ndufa1,54405,14.904122,Ndufa1,
Zfp330,30932,21.124914,Zfp330,
Eif3f,66085,14.796202,Eif3f,
Rabepk,227746,14.77995,Rabepk,
Atg4d,235040,15.620567,Atg4d,
Rnf214,235315,14.827461,Rnf214,
Gsg1l,269994,14.874843,Gsg1l,
Golgb1,224139,14.834928,Golgb1,
Trappc6a,67091,16.041643,Trappc6a,
Wapal,218914,16.032684,Wapl,
Actr3,74117,15.054654,Actr3,
Whrn,73750,15.321943,Whrn,
Bub1b,12236,15.305711,Bub1b,
Itprip,414801,14.89429,Itprip,
Hes5,15208,15.86894,Hes5,
Gmps,229363,14.758595,Gmps,
Sbf2,319934,14.785345,Sbf2,
Slc22a15,242126,14.77101,Slc22a15,
Ankrd46,68839,15.279097,Ankrd46,
Stau1,20853,14.778158,Stau1,
Sat2,67760,16.11697,Sat2,
Gng5,14707,15.048021,Gng5,
Shq1,72171,14.76213,Shq1,
Lphn2,99633,15.707922,Adgrl2,
C87436,232196,21.124914,C87436,
Olfm3,229759,15.263388,Olfm3,
D1Ertd622e,52392,19.950861,Macir,
Hexim2,71059,16.06554,Hexim2,
Rmnd5b,66089,15.10897,Rmnd5b,
Ticam1,106759,14.842437,Ticam1,
Dixdc1,330938,15.265992,Dixdc1,
Kif24,109242,15.311101,Kif24,
Gda,73132,17.960428,Gda,
Usp34,17847,14.774578,Usp34,
Acadvl,11370,14.472927,Acadvl,
Abca5,217265,14.816343,Abca5,
Olfml2b,320078,15.33288,Olfml2b,
Lin37,75660,14.989801,Lin37,
Kdm3a,104263,15.400502,Kdm3a,
Mgst1,56615,15.227454,Mgst1,
1110007C09Rik,68480,21.084198,Card19,
Ap3m2,64933,14.790761,Ap3m2,
Zfp536,243937,21.124914,Zfp536,
Rad23b,19359,14.796202,Rad23b,
Akirin1,68050,15.232527,Akirin1,
Tuba1a,22142,16.502954,Tuba1a,
Jun,16476,14.713493,Jun,
4930506M07Rik,71653,21.084198,Shtn1,
Fam110a,73847,14.989801,Fam110a,
Tial1,21843,14.783545,Tial1,
Tm9sf2,68059,14.368164,Tm9sf2,
C330027C09Rik,224171,21.084198,Cip2a,
Asap1,13196,15.316511,Asap1,
Samd12,320679,14.75331,Samd12,
Rpia,19895,13.127103,Rpia,
Cacng3,54376,15.316511,Cacng3,
Cxcl12,20315,15.284377,Cxcl12,
Hmgn1,15312,15.45363,Hmgn1,
Nfatc3,18021,15.316511,Nfatc3,
1600014C10Rik,72244,21.124914,1600014C10Rik,
Pofut1,140484,14.676516,Pofut1,
Gucy1a2,234889,14.772793,Gucy1a2,
Rac3,17979,16.032684,Rac3,
Slc9a7,236727,14.790761,Slc9a7,
Rgmb,68799,14.788954,Rgmb,
Frem2,242022,15.380411,Frem2,
Mgst3,66447,15.279097,Mgst3,
Glra2,237213,14.79984,Glra2,
P4ha1,18451,15.287025,P4ha1,
Lmbr1,ENSMUSG00000105741,14.758595,Lmbr1,
Slc6a8,102857,14.930044,Slc6a8,
Rreb1,68750,15.268604,Rreb1,
Rasgrp4,233046,15.074756,Rasgrp4,
Spag1,26942,14.722047,Spag1,
Commd6,66200,14.774578,Commd6,
Agl,77559,15.224924,Agl,
Khdrbs1,20218,15.279097,Khdrbs1,
Irgq,210146,16.080093,Irgq,
Gatm,67092,14.794385,Gatm,
Ppil2,106369,17.876802,Ppil2,
Mdh1,17449,14.468685,Mdh1,
Emd,13726,15.268604,Emd,
Thnsl2,232078,14.823745,Thnsl2,
Creg1,433375,14.810819,Creg1,
Fxyd1,56188,16.013535,Fxyd1,
Cbll1,104836,14.884529,Cbll1,
Ankrd27,245886,14.798019,Ankrd27,
Rasgrp2,19395,15.391854,Rasgrp2,
Snrnp27,66618,14.788954,Snrnp27,
Carkd,69225,16.8902,Naxd,
Fbxo22,71999,14.781747,Fbxo22,
Daam2,76441,14.816343,Daam2,
Kcnt1,227632,15.17778,Kcnt1,
4931414P19Rik,74359,21.712498,4931414P19Rik,
Mgat4a,269181,14.365553,Mgat4a,
Napb,17957,15.160834,Napb,
Prmt8,381813,15.374729,Prmt8,
Eml4,78798,15.180221,Eml4,
BC031181,407819,21.712498,BC031181,
Casp3,12367,15.163241,Casp3,
Asns,27053,13.36377,Asns,
Tob1,22057,15.240174,Tob1,
Arrdc3,105171,15.319224,Arrdc3,
D630003M21Rik,228846,21.712498,D630003M21Rik,
Kcnj11,16514,14.814498,Kcnj11,
Snx3,54198,14.211927,Snx3,
Phactr3,74189,15.32467,Phactr3,
Socs4,54607,18.145218,Socs4,
Stbd1,52331,14.818189,Stbd1,
Chaf1a,27221,14.75331,Chaf1a,
Fancf,100040608,14.818189,Fancf,
Hs6st1,50785,15.300345,Hs6st1,
Lrrn4cl,68852,15.86894,Lrrn4cl,
Fancc,14088,14.746298,Fancc,
Ppp2r5e,26932,15.276467,Ppp2r5e,
Otud6b,72201,14.76213,Otud6b,
Ccdc132,73288,15.972783,Vps50,
St6gal2,240119,15.292336,St6gal2,
Abcf2,27407,15.493399,Abcf2,
Amotl2,56332,15.330138,Amotl2,
Nufip1,27275,14.805318,Nufip1,
Mfap1a,67532,22.149912,Mfap1a,
Syngr2,20973,15.335629,Syngr2,
Adcy1,432530,15.330138,Adcy1,
Ctsa,19025,14.810819,Ctsa,
Zfp711,245595,20.559002,Zfp711,
Cspg5,29873,15.363438,Cspg5,
Psat1,107272,14.710089,Psat1,
Dhx34,71723,14.950341,Dhx34,
Insm2,56856,15.23762,Insm2,
4930402H24Rik,228602,21.084198,Dnaaf9,
Ddb2,107986,14.812657,Ddb2,
Herpud2,80517,14.760362,Herpud2,
Kif22,110033,15.092891,Kif22,
Camk2n1,66259,14.996142,Camk2n1,
Lrp8,16975,14.722047,Lrp8,
Tmem165,21982,14.734116,Tmem165,
Camk2n2,73047,15.34946,Camk2n2,
Relt,320100,14.818189,Relt,
Scn8a,20273,15.250441,Scn8a,
Aldh6a1,104776,14.720332,Aldh6a1,
Phf14,75725,14.772793,Phf14,
Pcdhb2,93873,17.441732,Pcdhb2,
Pqlc2,212555,14.155615,Slc66a1,
Smurf2,66313,14.807149,Smurf2,
Nbn,27354,14.760362,Nbn,
Zfp882,382019,20.721714,Zfp882,
Pid1,107422,18.931433,Pid1,
Cdk8,264064,14.271216,Cdk8,
Ppp1r12a,17931,14.767451,Ppp1r12a,
D10Jhu81e,28295,19.950861,Gatd3a,
Lipg,16891,14.846208,Lipg,
Chd9,109151,14.76213,Chd9,
Mxd1,17119,14.834928,Mxd1,
Trp53inp2,68728,21.385788,Trp53inp2,
Slc16a7,20503,15.037041,Slc16a7,
Dcaf11,28199,14.95444,Dcaf11,
Bcor,71458,14.827461,Bcor,
Ppp2r2b,72930,15.308403,Ppp2r2b,
Cul1,26965,14.569978,Cul1,
Ppme1,72590,14.748047,Ppme1,
Cdc42,12540,14.38527,Cdc42,
Zfp260,26466,20.721714,Zfp260,
Ssx2ip,99167,15.156033,Ssx2ip,
Grk6,26385,14.808982,Grk6,
Ing3,71777,14.332068,Ing3,
Cep76,225659,14.785345,Cep76,
Fgfr2,14183,14.808982,Fgfr2,
Trpm7,58800,14.801664,Trpm7,
Cyb5r3,109754,16.94986,Cyb5r3,
Ift172,67661,14.763902,Ift172,
Itpkc,233011,15.87726,Itpkc,
Larp4,207214,15.311101,Larp4,
Zfp408,381410,21.712498,Zfp408,
Grem2,23893,15.456647,Grem2,
Nrp2,18187,15.27384,Nrp2,
Apoe,11816,15.804229,Apoe,
Kcnj9,16524,14.991911,Kcnj9,
4930432K21Rik,74666,21.084198,Brme1,
Tmem164,209497,15.185111,Tmem164,
Zfp719,210105,21.124914,Zfp719,
Scml2,107815,14.79984,Scml2,
Scrn1,69938,15.316511,Scrn1,
Psmd12,66997,14.744551,Psmd12,
Bcl6b,12029,15.209851,Bcl6b,
Htr2c,15560,15.369071,Htr2c,
Cstf1,67337,14.76213,Cstf1,
Atp1b3,11933,15.319224,Atp1b3,
Smek1,68734,16.095396,Ppp4r3a,
Gtf2h2,23894,15.388985,Gtf2h2,
Mtmr9,210376,14.774578,Mtmr9,
Sidt1,320007,15.295001,Sidt1,
Dctn1,13191,15.308403,Dctn1,
Cggbp1,106143,15.386121,Cggbp1,
Armc8,74125,14.748047,Armc8,
Bcl10,12042,14.790761,Bcl10,
Ttr,22139,15.163241,Ttr,
Xrcc6,14375,14.749799,Xrcc6,
Twf2,23999,15.490295,Twf2,
Grwd1,101612,15.00892,Grwd1,
Hspe1,15528,15.873094,Hspe1,
Ltk,17005,14.872914,Ltk,
Zfp101,22643,20.907745,Zfp101,
Cotl1,72042,14.805318,Cotl1,
Rnf122,68867,14.865228,Rnf122,
Spock1,20745,14.827461,Spock1,
Gemin7,69731,14.956493,Gemin7,
Pphln1,223828,14.774578,Pphln1,
AI597479,98404,20.2843,AI597479,
Pcp4,18546,15.292336,Pcp4,
Slc16a6,104681,15.2224,Slc16a6,
Atg4c,242557,14.776367,Atg4c,
Btg2,12227,15.227454,Btg2,
Gar1,68147,14.283406,Gar1,
Serf1,20365,21.124914,Serf1,
Zfyve16,218441,14.876775,Zfyve16,
Dusp1,19252,14.772793,Dusp1,
Tmem86a,67893,14.75331,Tmem86a,
Gm5113,ENSMUSG00000066647,22.149912,Gm5113,
Cnksr3,215748,14.880647,Cnksr3,
Rusc1,72296,14.89429,Rusc1,
Gins4,69270,18.049635,Gins4,
Dab2,13132,14.801664,Dab2,
Mtus2,77521,15.397614,Mtus2,
Robo2,268902,14.722047,Robo2,
Pld5,319455,14.886476,Pld5,
Pus7l,78895,14.827461,Pus7l,
Clasp1,76707,15.194951,Clasp1,
Fhod1,234686,14.853782,Fhod1,
Bach1,237911,17.055033,Bach1,
Slc39a7,14977,15.026153,Slc39a7,
Arvcf,11877,15.232527,Arvcf,
Clk3,102414,15.289679,Clk3,
Hspa2,15512,15.335629,Hspa2,
Rps24,20088,14.240048,Rps24,
Grcc10,14790,16.19743,Grcc10,
2810428I15Rik,66462,21.084198,Rex1bd,
2700097O09Rik,72658,21.712498,2700097O09Rik,
Eif2s3x,26905,22.813986,Eif2s3x,
Slc7a14,241919,15.276467,Slc7a14,
Tmem64,100201,14.781747,Tmem64,
Gnl3,30877,14.744551,Gnl3,
Zfp846,244721,22.149912,Zfp846,
Megf8,269878,14.450453,Megf8,
Grb10,14783,15.34391,Grb10,
Sh3bgrl3,73723,14.82189,Sh3bgrl3,
Zmpste24,230709,14.755068,Zmpste24,
Plvap,84094,15.438654,Plvap,
Rps15a,267019,14.696556,Rps15a,
Gon4l,76022,15.963528,Gon4l,
Ankrd16,320816,14.792573,Ankrd16,
Map1lc3b,67443,14.878709,Map1lc3b,
Mrps30,59054,14.25554,Mrps30,
Fastkd1,320720,14.790761,Fastkd1,
Sav1,64010,14.758595,Sav1,
R3hdm2,71750,15.088334,R3hdm2,
Ckap2,80986,15.34946,Ckap2,
Epdr1,105298,14.763902,Epdr1,
Igf1r,16001,15.276467,Igf1r,
Cops3,26572,14.748047,Cops3,
Ccdc28a,215814,14.774578,Ccdc28a,
Larp7,28036,14.30564,Larp7,
Golm1,105348,14.844321,Golm1,
Myl6,17904,15.271219,Myl6,
Htra3,78558,15.305711,Htra3,
Btbd9,224671,14.347415,Btbd9,
Ddah2,51793,15.129937,Ddah2,
Cenpp,66336,14.912044,Cenpp,
Ppp2r3a,19054,17.876802,Ppp2r3a,
Frmd8,67457,14.94422,Frmd8,
Cpeb1,12877,15.23507,Cpeb1,
Tmem35,67564,17.403778,Tmem35a,
Uso1,56041,14.676516,Uso1,
Rpl37,100502825,17.403778,Rpl37,
Lifr,16880,15.417972,Lifr,
Ythdf3,229096,14.77101,Ythdf3,
Atp1a1,11928,15.34946,Atp1a1,
Tbc1d1,57915,14.820039,Tbc1d1,
Ankrd37,654824,15.180221,Ankrd37,
Wasl,73178,15.240174,Wasl,
Tsc22d3,14605,14.829325,Tsc22d3,
Nbea,26422,15.292336,Nbea,
Phtf2,68770,15.15364,Phtf2,
Oasl2,23962,21.124914,Oasl2,
Cacnb2,12296,15.27384,Cacnb2,
Smcr8,237782,15.287025,Smcr8,
Kcnd3,56543,14.831189,Kcnd3,
Setdb1,84505,15.300345,Setdb1,
Stag1,65112,15.660708,Stag1,
Ivns1abp,117198,15.292336,Ivns1abp,
Pde4dip,83679,15.357829,Pde4dip,
Lzts2,226154,15.303024,Lzts2,
Birc6,12211,14.758595,Birc6,
Hip1,215114,14.334616,Hip1,
Celsr1,12614,15.341144,Celsr1,
Ss18l1,269397,15.199899,Ss18l1,
Zfp385b,241494,20.907745,Zfp385b,
Trpm3,226025,14.760362,Trpm3,
Calb2,12308,15.32467,Calb2,
Asl,11564,17.522753,Asl,
0610030E20Rik,68364,21.712498,0610030E20Rik,
Id4,15904,14.916022,Id4,
2310036O22Rik,68544,21.084198,Trir,
Unc5c,22253,15.127591,Unc5c,
Map4k1,26411,15.690949,Map4k1,
Zmym5,219105,16.285784,Zmym5,
Cadps2,320405,14.788954,Cadps2,
Zfp322a,218100,21.124914,Zfp322a,
Fbxl2,72179,14.814498,Fbxl2,
Metrnl,210029,15.297668,Metrnl,
Zfp871,208292,21.124914,Zfp871,
Cir1,66935,14.661687,Cir1,
Nras,18176,15.172917,Nras,
Tgif1,21815,14.792573,Tgif1,
Eng,13805,14.910059,Eng,
1700008O03Rik,69349,21.385788,1700008O03Rik,
Exosc7,66446,14.758595,Exosc7,
Arc,78688,18.24816,Arc,
Tax1bp1,52440,15.289679,Tax1bp1,
Gpc4,14735,14.814498,Gpc4,
Tmem50a,71817,14.77101,Tmem50a,
Atoh8,71093,14.872914,Atoh8,
Cenpo,52504,14.861402,Cenpo,
Ppil1,68816,14.808982,Ppil1,
Fam43b,625638,14.861402,Fam43b,
Aox4,71872,18.497683,Aox4,
Dhx35,71715,14.785345,Dhx35,
Dip2c,208440,15.204866,Dip2c,
Bcas3,192197,14.769229,Bcas3,
Phf23,78246,15.698202,Phf23,
Tmem222,52174,15.247865,Tmem222,
Tmem60,212090,14.846208,Tmem60,
Tufm,233870,14.989801,Tufm,
Dyrk1a,13548,15.250441,Dyrk1a,
Crtac1,72832,15.229987,Crtac1,
Kcnmb2,72413,15.5636,Kcnmb2,
Ngrn,83485,15.083793,Ngrn,
2700050L05Rik,214764,21.084198,Edrf1,
Nrg4,83961,15.32467,Nrg4,
Pus7,78697,14.222402,Pus7,
Lgals1,16852,15.374729,Lgals1,
Ccdc151,77609,14.222507,Odad3,
Rnf220,66743,14.8825865,Rnf220,
Gpr126,215798,15.790516,Adgrg6,
Pcdh11x,245578,15.73135,Pcdh11x,
Rilpl2,80291,14.765675,Rilpl2,
Agtpbp1,67269,14.76213,Agtpbp1,
Tmem147,69804,15.000388,Tmem147,
Arntl,11865,13.804485,Bmal1,
Sfi1,78887,14.77101,Sfi1,
Gucy1b3,54195,14.379065,Gucy1b1,
Fbxo6,50762,16.46962,Fbxo6,
Gipc1,67903,15.092891,Gipc1,
Chpf,74241,14.627729,Chpf,
Rdh11,17252,16.089886,Rdh11,
Apcdd1,494504,15.209851,Apcdd1,
Mro,71263,16.05115,Mro,
Chst7,60322,14.834928,Chst7,
2310067B10Rik,71947,21.084198,Tmem94,
Arl4c,320982,15.258193,Arl4c,
Piga,18700,14.763902,Piga,
Tekt5,70426,15.521661,Tekt5,
Tceb2,67673,15.021449,Elob,
Adsl,11564,14.296949,Adsl,
Ifngr1,15979,14.898214,Ifngr1,
Tnfaip8l3,244882,14.713493,Tnfaip8l3,
Dlx1,13390,15.341144,Dlx1,
Fstl4,320027,14.876775,Fstl4,
Dhx36,72162,14.718618,Dhx36,
Idua,15932,14.713493,Idua,
Fbxl4,269514,14.32953,Fbxl4,
Ssbp1,381760,14.910059,Ssbp1,
Zhx3,320799,15.212351,Zhx3,
Rrbp1,81910,15.292336,Rrbp1,
Nxph2,18232,15.242732,Nxph2,
Ankmy2,217473,15.217366,Ankmy2,
Rfwd3,234736,14.640561,Rfwd3,
Zic5,65100,14.878709,Zic5,
Optn,71648,14.774578,Optn,
Hist1h2bc,68024,19.614708,H2bc4,
Rhob,11852,15.276467,Rhob,
Trp53bp2,209456,21.385788,Trp53bp2,
Sema5a,20356,14.787148,Sema5a,
Cdc14a,229776,15.300345,Cdc14a,
Elavl1,15568,15.295001,Elavl1,
Gpatch3,242691,14.769229,Gpatch3,
BC030500,234290,21.385788,BC030500,
Snai2,20583,14.756831,Snai2,
Trp53i11,277414,21.385788,Trp53i11,
Dip2b,239667,15.289679,Dip2b,
Mrp63,67840,16.254278,Mrpl57,
2610002J02Rik,67513,21.084198,Faap20,
Pam,105689,18.049635,Pam,
Xrcc1,22594,14.49724,Xrcc1,
Tapt1,231225,15.23762,Tapt1,
Lypla1,18777,14.827461,Lypla1,
Gadd45g,23882,15.313804,Gadd45g,
Pwp1,103136,14.704997,Pwp1,
Golga7b,71146,15.319224,Golga7b,
Tmem28,270028,18.764015,Tmem28,
St8sia1,20449,14.785345,St8sia1,
Parl,381038,15.255603,Parl,
Usp16,30941,18.145218,Usp16,
Gpaa1,14731,14.876775,Gpaa1,
B3gnt1,53625,15.825035,B3gnt1,
Fn3k,63828,15.547309,Fn3k,
Mrpl48,52443,14.270004,Mrpl48,
Trim36,28105,14.836801,Trim36,
Dram2,67171,15.34391,Dram2,
Esm1,71690,14.748047,Esm1,
Fut9,14348,15.037041,Fut9,
Phf16,382207,16.138899,Jade3,
Slc25a39,68066,14.914032,Slc25a39,
Yipf2,74766,15.115923,Yipf2,
Ccdc24,381546,15.165653,Ccdc24,
Wdtc1,230796,14.781747,Wdtc1,
Znrd1,66136,14.243782,Polr1h,
Nek1,18004,14.763902,Nek1,
Efna5,13640,15.214857,Efna5,
Hiatl1,66631,16.85198,Mfsd14b,
Ipo5,70572,15.242732,Ipo5,
Arhgap24,231532,14.756831,Arhgap24,
Rtn3,20168,15.074756,Rtn3,
Larp1b,214048,14.840556,Larp1b,
Tspyl2,52808,16.05115,Tspyl2,
Cpsf7,269061,15.276467,Cpsf7,
Prcp,72461,14.876775,Prcp,
Hmgb3,15354,15.338383,Hmgb3,
Ctbp2,13017,15.308403,Ctbp2,
Serinc4,574418,14.820039,Serinc4,
Ldlrap1,100017,15.265992,Ldlrap1,
Atp6ap1,54411,15.432711,Atp6ap1,
Scamp2,24044,14.788954,Scamp2,
Zfp658,ENSMUSG00000100617,21.712498,Zfp658,
Slc45a1,242773,14.767451,Slc45a1,
Zcchc4,78796,14.776367,Zcchc4,
Fgd5,232237,15.295001,Fgd5,
Lancl2,71835,14.774578,Lancl2,
Calm1,12313,15.34946,Calm1,
Slc22a4,30805,15.738831,Slc22a4,
Eif2b1,209354,14.723763,Eif2b1,
U2af1l4,233073,16.155403,U2af1l4,
Mrps36,66128,18.941376,Mrps36,
Amz2,13929,15.720205,Amz2,
D4Wsu53e,27981,21.084198,Rsrp1,
Asb6,72323,14.798019,Asb6,
Rbck1,24105,15.139367,Rbck1,
Hsd17b11,114664,16.240856,Hsd17b11,
Ccdc6,76551,15.185111,Ccdc6,
D17Wsu92e,224647,19.614708,Ilrun,
Prpf40b,54614,15.746356,Prpf40b,
Bet1l,54399,14.816343,Bet1l,
Wdr47,99512,15.281735,Wdr47,
Add1,20787,17.522753,Add1,
Zxdb,668166,17.944733,Zxdb,
Gna11,14672,15.432711,Gna11,
Pan3,30052,17.960428,Pan3,
Pik3ca,18706,15.000388,Pik3ca,
Cdyl2,75796,15.120575,Cdyl2,
Pold2,18972,14.391909,Pold2,
Ncdn,26562,14.772793,Ncdn,
Trp53inp1,60599,21.712498,Trp53inp1,
Hmox1,15368,15.321943,Hmox1,
Mbtps2,270669,14.810819,Mbtps2,
Uchl5,56207,14.744551,Uchl5,
Atxn7l1,380753,14.814498,Atxn7l1,
Plxnd1,67784,14.807149,Plxnd1,
Xylt1,233781,14.816343,Xylt1,
Dhx15,13204,14.308134,Dhx15,
Akap8,56399,15.521661,Akap8,
Qtrtd1,106248,17.01188,Qtrt2,
Ankrd29,225187,14.774578,Ankrd29,
Ebf1,13591,15.199899,Ebf1,
Mafk,17135,14.796202,Mafk,
Rpl6,19988,13.442148,Rpl6,
Slc25a15,18408,15.462701,Slc25a15,
Myl6b,216459,16.19743,Myl6b,
Ccbe1,320924,14.77995,Ccbe1,
Amfr,23802,15.132289,Amfr,
Tspan15,70423,14.741062,Tspan15,
Lactb2,212442,14.776367,Lactb2,
Glod5,69824,14.820039,Glod5,
Vprbp,321006,17.348036,Dcaf1,
Mcam,84004,15.281735,Mcam,
1110037F02Rik,66185,21.084198,Virma,
Sv2a,64051,14.90215,Sv2a,
Inpp4b,234515,14.772793,Inpp4b,
C1galt1,94192,15.300345,C1galt1,
Runx1t1,12395,14.739323,Runx1t1,
Mpp5,56217,13.820018,Pals1,
Ndufs6,407785,14.76213,Ndufs6,
Cx3cr1,13051,15.444623,Cx3cr1,
Cyb5d1,327951,16.683802,Cyb5d1,
Golga1,76899,14.77995,Golga1,
Pigc,67292,14.794385,Pigc,
Prdx1,18477,14.859492,Prdx1,
Rnaset2b,68195,22.813986,Rnaset2b,
Hs6st3,50787,15.423847,Hs6st3,
Meis2,17536,15.313804,Meis2,
Heatr6,217026,14.776367,Heatr6,
Rapgef1,107746,15.253019,Rapgef1,
Cebpz,12607,14.76213,Cebpz,
Zkscan3,72739,18.322134,Zkscan3,
Hnrnpul2,68693,15.634342,Hnrnpul2,
Ankzf1,52231,14.801664,Ankzf1,
Pdpk1,18607,15.308403,Pdpk1,
Gatsl3,71962,14.784788,Castor1,
Vsnl1,26950,15.33288,Vsnl1,
Rbks,71336,14.696556,Rbks,
Mal2,105853,14.744551,Mal2,
Slc30a3,22784,15.438654,Slc30a3,
G6pdx,14381,21.712498,G6pdx,
Pycr1,209027,15.417972,Pycr1,
Pfkfb4,270198,15.788542,Pfkfb4,
Efnb1,13641,14.836801,Efnb1,
Rrp1b,72462,15.36063,Rrp1b,
Vps13b,666173,14.588428,Vps13b,
Ing2,69260,14.776367,Ing2,
Rps4x,20102,14.962674,Rps4x,
Crls1,66586,14.756831,Crls1,
Wif1,24117,15.041421,Wif1,
Ppm1g,14208,14.776367,Ppm1g,
Far1,67420,14.663327,Far1,
Nudt6,229228,14.763902,Nudt6,
Nrxn1,18189,15.263388,Nrxn1,
Fxyd6,59095,15.083793,Fxyd6,
Lrrc29,234684,14.604672,Fbxl9,
Polr1e,20016,18.35969,Polr1e,
Gna13,14674,15.265992,Gna13,
Tmed1,17083,15.712831,Tmed1,
Slc32a1,22348,14.785345,Slc32a1,
Rab6b,270192,15.683739,Rab6b,
Icam5,15898,15.441635,Icam5,
Mrpl1,94061,14.220066,Mrpl1,
Cpox,12892,14.767451,Cpox,
Vps45,22365,14.210768,Vps45,
Mfge8,17304,15.319224,Mfge8,
Vrk3,101568,14.79984,Vrk3,
Chac1,69065,14.741062,Chac1,
Tspan33,232670,15.415044,Tspan33,
Osbpl1a,64291,14.7169075,Osbpl1a,
Def8,23854,14.364248,Def8,
Col18a1,12822,15.352242,Col18a1,
Dock10,210293,14.765675,Dock10,
Cnn2,12798,14.952389,Cnn2,
Mpv17l2,234384,14.910059,Mpv17l2,
Mt3,17751,17.14471,Mt3,
Tmem117,320709,14.792573,Tmem117,
Diablo,66593,15.227454,Diablo,
Msl3,17692,15.224924,Msl3,
Rassf5,54354,14.788954,Rassf5,
Ddx6,13209,14.77995,Ddx6,
Mcoln1,94178,15.45967,Mcoln1,
Mcm8,66634,14.75331,Mcm8,
Ibtk,108837,14.788954,Ibtk,
Ptpla,30963,15.807665,Hacd1,
Slc44a2,68682,14.861402,Slc44a2,
Man1a,17155,21.385788,Man1a,
Col1a2,12843,14.739323,Col1a2,
Cln6,76524,15.281735,Cln6,
5830418K08Rik,319675,21.084198,Cep295,
Tmem231,234740,14.788954,Tmem231,
Grin2b,14812,15.271219,Grin2b,
Fam188a,66960,14.536239,Mindy3,
Nxt1,56488,15.144106,Nxt1,
Elovl6,170439,14.760362,Elovl6,
St13,70356,14.778158,St13,
Rras,20130,15.158431,Rras,
Hells,15201,14.767451,Hells,
Tceal6,66104,17.224562,Tceal6,
Abhd14a,68644,14.975123,Abhd14a,
Kcna1,16485,15.687339,Kcna1,
Papolg,216578,14.794385,Papolg,
Cdk5rap1,66971,14.763902,Cdk5rap1,
Cxx1c,72865,20.400923,Rtl8c,
Parp6,67287,15.2452965,Parp6,
Igsf8,140559,15.12291,Igsf8,
Kcnj2,16518,15.305711,Kcnj2,
Ddx19b,234733,16.350212,Ddx19b,
Ireb2,64602,14.785345,Ireb2,
Tmem81,74626,14.788954,Tmem81,
Rab5b,19344,14.870989,Rab5b,
Zbtb17,22642,14.755068,Zbtb17,
Paqr6,68957,15.041421,Paqr6,
2810408A11Rik,70419,21.124914,2810408A11Rik,
Rpgrip1l,244585,14.801664,Rpgrip1l,
Aph1c,68318,21.712498,Aph1c,
Tbc1d22b,381085,14.820039,Tbc1d22b,
Bod1,69556,14.831189,Bod1,
Twf1,19230,15.151249,Twf1,
Sdhaf2,66072,14.785345,Sdhaf2,
Irx1,16371,15.316511,Irx1,
Nek2,18005,14.720332,Nek2,
Mfsd5,106073,14.900182,Mfsd5,
Nefm,18040,15.33288,Nefm,
Ptdss2,27388,14.776367,Ptdss2,
Zcchc11,230594,14.379065,Tut4,
Scaf1,20463,19.122843,Scaf1,
Capn10,23830,14.781747,Capn10,
2210016L21Rik,72357,22.149912,2210016L21Rik,
Trim25,217069,14.942185,Trim25,
Zfp445,235682,21.124914,Zfp445,
Fzd8,14370,15.403397,Fzd8,
4930503L19Rik,269033,21.385788,4930503L19Rik,
Lonrf2,381338,14.966811,Lonrf2,
Rce1,19671,15.509024,Rce1,
Pbxip1,229534,15.468782,Pbxip1,
Anks3,72615,14.748047,Anks3,
Eif1,20918,14.510299,Eif1,
Bpgm,12183,14.820039,Bpgm,
Enox2,209224,14.859492,Enox2,
Tnip2,231130,14.849989,Tnip2,
Mgat5,107895,14.796202,Mgat5,
Mmp17,23948,15.247865,Mmp17,
Pfkp,56421,15.258193,Pfkp,
Kcnab1,16497,15.287025,Kcnab1,
Smtn,29856,15.316511,Smtn,
Sec23a,20334,14.825602,Sec23a,
Col6a1,12833,14.792573,Col6a1,
Smg6,103677,14.446283,Smg6,
Man1b1,227619,15.450622,Man1b1,
Cnih2,12794,15.074756,Cnih2,
Hmbox1,219150,15.247865,Hmbox1,
Rbms2,56516,15.521661,Rbms2,
Isg20l2,229504,14.928033,Isg20l2,
Ccnd3,12445,14.834928,Ccnd3,
Mavs,228607,14.956493,Mavs,
D130043K22Rik,210108,21.385788,D130043K22Rik,
Wdr18,216156,14.763902,Wdr18,
Cetn4,207175,16.186792,Cetn4,
Clk4,12750,15.397614,Clk4,
Synrg,217030,14.741062,Synrg,
Eef1e1,66143,14.751554,Eef1e1,
Setbp1,240427,14.790761,Setbp1,
Guf1,231279,14.616606,Guf1,
Zfp39,22698,20.721714,Zfp39,
Pdia3,14827,14.776367,Pdia3,
Sox10,20665,14.838676,Sox10,
Gsn,227753,15.305711,Gsn,
Polr2c,20021,14.704997,Polr2c,
Ttc7,225049,15.824109,Ttc7,
Shisa5,66940,15.33288,Shisa5,
Swap70,20947,15.2452965,Swap70,
Edf1,59022,14.788954,Edf1,
Cspp1,211660,15.17778,Cspp1,
Usp4,22258,14.801664,Usp4,
Lama5,16776,14.810819,Lama5,
Dut,110074,13.357147,Dut,
Prps2,110639,15.341144,Prps2,
Sepp1,20363,14.611712,Selenop,
Midn,59090,14.823745,Midn,
Baiap2,108100,15.263388,Baiap2,
Mpped2,77015,15.190022,Mpped2,
Fam102a,98952,13.808352,Eeig1,
Ino80d,227195,15.268604,Ino80d,
Fbxo28,67948,14.790761,Fbxo28,
Zfp667,384763,20.721714,Zfp667,
Pttg1ip,108705,15.363438,Pttg1ip,
Pdlim7,67399,14.810819,Pdlim7,
Flt3l,14256,21.385788,Flt3l,
Acadsb,66885,14.75331,Acadsb,
Mtmr6,219135,14.283406,Mtmr6,
Caprin2,232560,14.812657,Caprin2,
B3galt2,26878,14.849989,B3galt2,
Baz1b,22385,14.794385,Baz1b,
Mex3c,240396,15.319224,Mex3c,
Sri,109552,14.908077,Sri,
Slc39a11,69806,15.132289,Slc39a11,
Ccdc142,243510,14.952389,Ccdc142,
Nosip,66394,15.077009,Nosip,
Rae1,66679,14.25914,Rae1,
Hnrnpd,11991,14.8825865,Hnrnpd,
Zcchc14,142682,14.769229,Zcchc14,
Dctn5,59288,14.7289295,Dctn5,
Klf3,16599,14.823745,Klf3,
Cep78,208518,14.76213,Cep78,
Anapc7,56317,14.77101,Anapc7,
Ccdc109b,66815,17.723768,Mcub,
Cnot4,53621,14.629328,Cnot4,
Bop1,12181,14.831189,Bop1,
Oxtr,18430,15.217366,Oxtr,
Hipk3,15259,15.284377,Hipk3,
Hsd11b1,15483,15.701843,Hsd11b1,
Cntn2,21367,14.794385,Cntn2,
Rdh10,98711,15.295001,Rdh10,
Vegfc,22341,14.787148,Vegfc,
Golga3,269682,14.798019,Golga3,
Papd5,214627,14.326718,Tent4b,
Rnf123,84585,15.111282,Rnf123,
Nup37,69736,14.33589,Nup37,
Ccdc30,73332,14.869065,Ccdc30,
Tstd2,272027,15.17778,Tstd2,
Fkbp3,30795,14.781747,Fkbp3,
Ndufa5,68202,14.79984,Ndufa5,
Rps6ka4,56613,15.227454,Rps6ka4,
Meis1,17268,15.292336,Meis1,
Gss,14854,14.651894,Gss,
Lmnb1,16906,14.857587,Lmnb1,
Arhgap33,233071,15.521661,Arhgap33,
Gng11,66066,16.235346,Gng11,
Rab27a,11891,14.77995,Rab27a,
Irf1,16362,15.311101,Irf1,
Gtpbp4,69237,14.748047,Gtpbp4,
Rev1,56210,14.22474,Rev1,
Pstpip2,19201,14.833056,Pstpip2,
Pik3cd,18707,14.75331,Pik3cd,
Tubgcp2,74237,14.787148,Tubgcp2,
Hspbp1,66245,14.998264,Hspbp1,
Rnf165,225743,13.781524,Ark2c,
Kat5,81601,15.505883,Kat5,
Bin3,57784,14.577634,Bin3,
Eed,13626,14.763902,Eed,
Ahcyl2,74340,15.175347,Ahcyl2,
Ttc39c,72747,14.930044,Ttc39c,
Cxxc4,319478,14.79984,Cxxc4,
Adam9,11502,15.397614,Adam9,
Erbb2ip,59079,16.929543,Erbin,
Senp1,223870,14.898214,Senp1,
Ptk7,71461,15.2452965,Ptk7,
Bahd1,228536,14.76213,Bahd1,
Rps15,20054,10.649334,Rps15,
Pdcd6,18570,14.748047,Pdcd6,
l7Rn6,67669,19.614708,Hikeshi,
Tmem100,67888,15.097465,Tmem100,
Pfkfb3,170768,14.787148,Pfkfb3,
Nfatc2ip,18020,15.204866,Nfatc2ip,
Csf1,12977,15.289679,Csf1,
Laptm4a,17775,14.798019,Laptm4a,
E130309F12Rik,272031,21.084198,Plppr1,
Ap4m1,11781,14.981395,Ap4m1,
Itfg2,101142,14.765675,Itfg2,
Stox2,71069,15.263388,Stox2,
Neil1,72774,14.772793,Neil1,
Ssr3,67437,14.713493,Ssr3,
Relb,19698,14.765675,Relb,
Plek2,27260,14.796202,Plek2,
Pla2g6,53357,14.77101,Pla2g6,
Rsl1d1,66409,14.748047,Rsl1d1,
Ccl7,20306,18.46673,Ccl7,
Lman1,70361,14.769229,Lman1,
Zfp36,67150,18.48137,Zfp36,
Ankrd34b,218440,15.335629,Ankrd34b,
Lgi1,56839,15.263388,Lgi1,
Phf21a,192285,15.268604,Phf21a,
Dab1,13131,15.292336,Dab1,
Fn3krp,238024,15.247865,Fn3krp,
Ftsj2,68017,17.243074,Mrm2,
Tex15,104271,15.576781,Tex15,
Atxn2l,233871,15.099758,Atxn2l,
Fam184a,75906,15.260789,Fam184a,
Hook3,320191,14.787148,Hook3,
Ift74,67694,14.755068,Ift74,
Bbs12,241950,14.772793,Bbs12,
Mex3b,108797,14.876775,Mex3b,
Uap1l1,227620,14.874843,Uap1l1,
Cpne8,66871,15.15364,Cpne8,
Cnot1,234594,14.755068,Cnot1,
Gpr149,229357,15.137002,Gpr149,
Acn9,71238,15.915448,Sdhaf3,
Ccnl2,56036,15.300345,Ccnl2,
Wipf2,68524,15.369071,Wipf2,
2610008E11Rik,72128,21.124914,2610008E11Rik,
Shmt1,20425,14.774578,Shmt1,
Ndufa4l2,407790,15.444623,Ndufa4l2,
Pon2,330260,16.089886,Pon2,
Nudt16l1,66911,15.512171,Nudt16l1,
Tmpo,21917,15.403397,Tmpo,
Pxk,218699,14.715199,Pxk,
Prkcd,18753,15.295001,Prkcd,
Sepw1,20364,15.514378,Selenow,
Tmem192,73067,14.767451,Tmem192,
Ss18,268996,14.76213,Ss18,
Evl,14026,15.253019,Evl,
Prex1,277360,14.785345,Prex1,
Mri1,67873,14.76213,Mri1,
Nudt15,214254,14.859492,Nudt15,
Vps26b,69091,14.914032,Vps26b,
Tmem63b,224807,15.240174,Tmem63b,
Ppm1d,53892,15.255603,Ppm1d,
Ankrd13c,433667,14.9361,Ankrd13c,
Eml1,68519,14.730656,Eml1,
Mical1,171580,14.94422,Mical1,
Scap,235623,14.377348,Scap,
Ccdc116,76872,16.114697,Ccdc116,
Cnot2,72068,14.7169075,Cnot2,
Ttll1,319953,14.801664,Ttll1,
Clcc1,229725,14.849989,Clcc1,
Pld2,18806,15.156033,Pld2,
Ccl2,20296,18.37806,Ccl2,
Acot10,64833,21.385788,Acot10,
Gpr137,107173,15.224924,Gpr137,
Eif4g2,13690,15.115923,Eif4g2,
Urm1,68205,14.144175,Urm1,
Mpeg1,17476,15.34391,Mpeg1,
Fam131a,78408,15.313804,Fam131a,
Trmu,72026,14.737585,Trmu,
Frem1,329872,15.305711,Frem1,
Trim59,66949,14.833056,Trim59,
Camk2d,108058,15.383263,Camk2d,
Aurkaip1,66077,14.785345,Aurkaip1,
Plekhg4,102075,14.912044,Plekhg4,
Zfp507,668501,21.385788,Zfp507,
Zbed4,223773,14.834928,Zbed4,
Hey1,15213,14.76213,Hey1,
Xpo5,72322,15.115923,Xpo5,
Zdhhc8,27801,14.668258,Zdhhc8,
Trim3,55992,15.4297495,Trim3,
Vegfa,22339,15.263388,Vegfa,
Gins1,69270,14.77995,Gins1,
Bbs2,67378,14.748047,Bbs2,
Sugt1,67955,14.763902,Sugt1,
Mcph1,244329,14.600876,Mcph1,
Hivep1,110521,14.785345,Hivep1,
Aldh18a1,56454,14.76213,Aldh18a1,
Spns2,216892,14.952389,Spns2,
Ofd1,237222,14.749799,Ofd1,
Dgkb,217480,14.861402,Dgkb,
Zfp3,193043,16.165783,Zfp3,
Slc37a2,56857,14.787148,Slc37a2,
Pik3r3,18710,15.613735,Pik3r3,
Rcor2,104383,15.011063,Rcor2,
Uchl1,22223,14.792573,Uchl1,
Ets1,23871,14.781747,Ets1,
Syp,19247,16.407312,Syp,
Gm11744,100038570,21.084198,Gm11744,
Hs3st2,195646,14.924016,Hs3st2,
Usp51,635253,16.645565,Usp51,
Cspg4,121021,14.818189,Cspg4,
Rab31,106572,14.688169,Rab31,
Usp1,230484,14.324463,Usp1,
Adprhl2,100206,14.008427,Adprs,
Ntn4,57764,14.763902,Ntn4,
Snx9,66616,15.308403,Snx9,
Ndufa7,66416,14.818189,Ndufa7,
Mon1b,270096,15.824109,Mon1b,
Nubpl,76826,14.294475,Nubpl,
Tceal3,594844,17.18974,Tceal3,
Plbd2,71772,14.814498,Plbd2,
Fhl2,14200,15.247865,Fhl2,
Sostdc1,66042,15.321943,Sostdc1,
Mrpl43,94067,14.261546,Mrpl43,
Sar1b,66397,14.803489,Sar1b,
Med23,70208,14.249559,Med23,
Aktip,14339,14.778158,Aktip,
C77080,97130,21.084198,C77080,
Mlx,58805,17.586458,Mlx,
Ckb,12651,15.773583,Ckb,
Ydjc,69101,14.776367,Ydjc,
Tceb1,67923,14.522964,Eloc,
Tagln3,56370,15.357829,Tagln3,
Mul1,68350,14.399921,Mul1,
Ebag9,55960,14.794385,Ebag9,
Cchcr1,240084,15.127591,Cchcr1,
Pnmal2,434128,16.095396,Pnma8b,
Coro2b,235431,15.271219,Coro2b,
Smarcd2,83796,14.788954,Smarcd2,
Ndufb7,66916,14.97721,Ndufb7,
C330018D20Rik,77422,21.385788,C330018D20Rik,
Caskin1,268932,14.848097,Caskin1,
Tor3a,30935,14.794385,Tor3a,
Raly,19383,14.844321,Raly,
Ppm1l,242083,15.284377,Ppm1l,
Trnau1ap,71787,15.194951,Trnau1ap,
Lpl,16956,15.250441,Lpl,
Prss35,244954,14.767451,Prss35,
Cdkal1,68916,14.749799,Cdkal1,
Tap1,21354,15.088334,Tap1,
Samm50,68653,14.82189,Samm50,
Srd5a1,78925,14.758595,Srd5a1,
Sult4a1,29859,14.758595,Sult4a1,
Osbpl2,228983,15.366252,Osbpl2,
Zbtb8a,73680,14.938125,Zbtb8a,
Sf3b4,107701,14.827461,Sf3b4,
Dok6,623279,14.818189,Dok6,
Sesn1,140742,14.778158,Sesn1,
Kcna4,16492,14.785345,Kcna4,
Hvcn1,74096,14.783545,Hvcn1,
Cntn4,269784,15.281735,Cntn4,
Cdkl5,382253,14.741062,Cdkl5,
Kcns1,16538,15.330138,Kcns1,
Sh3glb1,54673,15.292336,Sh3glb1,
Scrib,105782,14.383946,Scrib,
Bsn,12217,15.281735,Bsn,
Lhx5,16873,14.865228,Lhx5,
Rhot2,214952,14.851885,Rhot2,
Rrp15,67223,14.688169,Rrp15,
Spag4,245865,15.583423,Spag4,
1700017B05Rik,74211,21.712498,1700017B05Rik,
Dhx57,106794,14.769229,Dhx57,
Fam189a1,70638,14.049517,Entrep2,
Crtc2,74343,15.229987,Crtc2,
Fitm2,228859,14.794385,Fitm2,
Mpdu1,24070,15.586755,Mpdu1,
Bex2,12069,18.073763,Bex2,
Tmem216,68642,14.701614,Tmem216,
Stx17,67727,14.796202,Stx17,
Upp2,76654,14.93206,Upp2,
Fam32a,67922,14.763902,Fam32a,
Cnrip1,380686,15.321943,Cnrip1,
Abhd14b,76491,14.985591,Abhd14b,
Mrpl2,27398,14.2073,Mrpl2,
Zfp7,223669,19.777994,Zfp7,
Zfp516,329003,21.124914,Zfp516,
Cyp4f16,70101,22.813986,Cyp4f16,
Magohb,66441,16.668371,Magohb,
Chst1,76969,14.848097,Chst1,
Rara,19401,15.185111,Rara,
Car8,12319,20.907745,Car8,
Tbc1d4,210789,14.744551,Tbc1d4,
2410004B18Rik,66421,21.385788,2410004B18Rik,
Zfp444,72667,20.907745,Zfp444,
Pias3,229615,15.583423,Pias3,
Ube4b,63958,14.24242,Ube4b,
Rnpepl1,108657,14.914032,Rnpepl1,
Dpp10,269109,14.589977,Dpp10,
Pcdhb7,93878,17.374008,Pcdhb7,
Mad2l1bp,66591,14.849989,Mad2l1bp,
Mllt10,17354,14.772793,Mllt10,
Trio,223435,14.616606,Trio,
Tpp1,12751,14.741062,Tpp1,
Pde1c,18575,15.052439,Pde1c,
Zfat,380993,15.0860615,Zfat,
Sltm,66660,14.722047,Sltm,
Dhodh,56749,14.77101,Dhodh,
Slc12a4,20498,14.788954,Slc12a4,
Sgk3,170755,15.146484,Sgk3,
Kif2a,16563,14.890377,Kif2a,
Ptpro,19277,14.801664,Ptpro,
Mrps23,64656,14.304395,Mrps23,
Chd8,67772,15.03923,Chd8,
Ankrd54,223690,14.816343,Ankrd54,
Zmynd11,66505,14.801664,Zmynd11,
Zc3h8,57432,16.070374,Zc3h8,
Jund,16478,15.043619,Jund,
Fxyd7,57780,16.013535,Fxyd7,
Psmd5,66998,14.776367,Psmd5,
4933426M11Rik,217684,21.084198,Susd6,
Mllt3,70122,14.77101,Mllt3,
Gpsm3,106512,15.976975,Gpsm3,
Cdkn2aipnl,52626,15.095176,Cdkn2aipnl,
Hes7,84653,15.919677,Hes7,
Kcnmb4,58802,15.217366,Kcnmb4,
Phactr1,218194,14.863313,Phactr1,
Smyd5,232187,14.299425,Smyd5,
Loh12cr1,67774,16.16119,Borcs5,
Gtf2h4,14885,14.930044,Gtf2h4,
Med22,20933,14.32953,Med22,
Ipo9,226432,14.381303,Ipo9,
Cys1,12879,15.824109,Cys1,
Pofut2,80294,14.693194,Pofut2,
Zcchc17,619605,14.748047,Zcchc17,
Wnk1,232341,15.276467,Wnk1,
Rsbn1,229675,15.311101,Rsbn1,
Athl1,212974,17.193527,Pgghg,
Pamr1,210622,15.2224,Pamr1,
Pnrc2,52830,14.851885,Pnrc2,
Snrpd1,20641,14.76213,Snrpd1,
Stt3b,68292,14.361645,Stt3b,
Pcsk1n,30052,15.98149,Pcsk1n,
Gng12,14701,15.357829,Gng12,
Fbxl6,30840,15.041421,Fbxl6,
Rpl38,67671,14.250754,Rpl38,
Nt5dc2,70021,14.808982,Nt5dc2,
Cenpt,320394,14.859492,Cenpt,
E430018J23Rik,101604,21.084198,Zfp764l1,
Fam189a2,381217,13.986133,Entrep1,
Rnf157,217340,14.794385,Rnf157,
Nfkb2,18034,14.892332,Nfkb2,
Pde1b,18574,15.36063,Pde1b,
Zfp704,170753,20.721714,Zfp704,
Furin,18550,15.363438,Furin,
Gabrb2,14401,15.311101,Gabrb2,
Fam184b,58227,14.865228,Fam184b,
Gemin8,237221,14.783545,Gemin8,
Rasl11a,68895,14.833056,Rasl11a,
Tapbp,21356,15.694571,Tapbp,
Ankrd42,73845,15.281735,Ankrd42,
Pak7,241656,15.486939,Pak5,
Pmf1,67037,15.070263,Pmf1,
Mfrp,235312,17.193527,Mfrp,
Egfr,13649,14.61819,Egfr,
Cpd,26557,15.486939,Cpd,
Ndn,17984,16.240856,Ndn,
AU040320,100317,21.124914,AU040320,
Negr1,320840,14.737585,Negr1,
Rpn2,20014,14.1980915,Rpn2,
Trim26,22670,16.645565,Trim26,
Tmem44,224090,15.1346445,Tmem44,
Sec24b,99683,14.776367,Sec24b,
Rhebl1,69159,15.061319,Rhebl1,
Wbp2,22378,14.313136,Wbp2,
Mrps16,66242,14.238865,Mrps16,
Terf1,21749,14.788954,Terf1,
B3gnt2,53625,15.303024,B3gnt2,
Imp3,140488,17.099623,Imp3,
Tmem159,233806,14.035678,Ldaf1,
Tmed4,103694,14.968885,Tmed4,
Slc45a4,106068,15.217366,Slc45a4,
Gk5,235533,14.767451,Gk5,
Alkbh1,211064,14.76213,Alkbh1,
Tax1bp3,76281,14.785345,Tax1bp3,
Sfrp4,20379,15.297668,Sfrp4,
Tox2,269389,14.803489,Tox2,
Pigh,110417,14.725483,Pigh,
Robo4,74144,14.848097,Robo4,
Etv4,18612,14.798019,Etv4,
Sacs,50720,14.774578,Sacs,
Stx6,58244,14.785345,Stx6,
Klhl22,224023,14.781747,Klhl22,
Kank1,107351,15.308403,Kank1,
Glipr2,384009,15.099758,Glipr2,
Aplf,72103,14.82189,Aplf,
Serpina3n,20716,21.712498,Serpina3n,
Ehd2,57440,15.773583,Ehd2,
Nsd1,18193,15.321943,Nsd1,
Ccnc,51813,14.737585,Ccnc,
Tjp2,21873,15.281735,Tjp2,
Dlg2,50997,17.294525,Dlg2,
Btaf1,107182,14.755068,Btaf1,
Slc39a14,213053,14.783545,Slc39a14,
Setd4,224440,14.76213,Setd4,
Actn2,11472,15.335629,Actn2,
Zxdc,80292,15.380411,Zxdc,
Gstm4,14865,17.588781,Gstm4,
Ewsr1,14030,15.32467,Ewsr1,
Dagla,269060,14.767451,Dagla,
Cd1d1,12479,21.712498,Cd1d1,
Spcs1,69019,14.765675,Spcs1,
Gng13,64337,15.276467,Gng13,
Plcb4,18798,15.111282,Plcb4,
Lmcd1,30937,14.781747,Lmcd1,
Crk,12928,14.262752,Crk,
Gpbp1l1,77110,14.820039,Gpbp1l1,
Sdf4,20318,14.785345,Sdf4,
Tmem194b,227094,16.138899,Nemp2,
Coq10b,67876,14.807149,Coq10b,
Insig1,231070,14.808982,Insig1,
Gsr,109408,18.24816,Gsr,
Cd320,54219,15.570174,Cd320,
Cep290,216274,14.429731,Cep290,
Wbscr17,212996,14.691701,Galnt17,
Il18,16173,15.438654,Il18,
Tle4,21888,16.022837,Tle4,
Calb1,12307,15.050228,Calb1,
Snd1,56463,14.812657,Snd1,
Txnip,56338,15.341144,Txnip,
Lsm14a,67070,15.289679,Lsm14a,
Abhd11,68758,14.755068,Abhd11,
Ckap2l,70466,14.878709,Ckap2l,
Nnat,18111,16.171005,Nnat,
Vta1,66201,14.221235,Vta1,
Slc35e4,103710,14.840556,Slc35e4,
Tm7sf3,67623,14.778158,Tm7sf3,
Rb1cc1,12421,14.77101,Rb1cc1,
Pih1d1,68845,14.616606,Pih1d1,
Entpd7,93685,15.303024,Entpd7,
Rad18,58186,14.681498,Rad18,
2610015P09Rik,212153,21.084198,Ccdc191,
Fgd3,30938,15.284377,Fgd3,
Plcd1,18799,15.297668,Plcd1,
Kcp,333088,15.229987,Kcp,
Egr4,13656,15.229987,Egr4,
Samd3,268288,15.377568,Samd3,
Zfp597,71063,21.124914,Zfp597,
Zfp810,235050,21.385788,Zfp810,
Sfmbt2,353282,14.783545,Sfmbt2,
Ypel5,383295,14.975123,Ypel5,
Ssna1,68475,14.9793005,Ssna1,
Snx22,382083,14.814498,Snx22,
Alg13,67574,14.421534,Alg13,
Rmi1,74386,14.723763,Rmi1,
Rmnd5a,68477,15.292336,Rmnd5a,
Ppp2r2c,269643,15.287025,Ppp2r2c,
Nedd1,17997,14.787148,Nedd1,
Rps21,66481,14.186673,Rps21,
Akap2,677884,15.382489,Pakap,
Fzr1,56371,15.260789,Fzr1,
Ralyl,76897,15.102055,Ralyl,
Slc8a2,110891,15.630885,Slc8a2,
Mterfd1,66410,15.676263,Mterf3,
Lpcat3,14792,14.805318,Lpcat3,
Klhl15,236904,14.783545,Klhl15,
Mmp11,17385,14.97721,Mmp11,
Tmem151b,210573,15.284377,Tmem151b,
Tcn2,21452,14.842437,Tcn2,
Mcts2,66405,18.46673,Mcts2,
Exoc3l,277978,20.907745,Exoc3l,
Hnrnpc,15381,15.313804,Hnrnpc,
Mapre1,13589,15.276467,Mapre1,
Fam171b,241520,14.814498,Fam171b,
Pdlim4,30794,14.851885,Pdlim4,
Nagk,56174,14.25914,Nagk,
Cyp4f15,106648,21.385788,Cyp4f15,
Ctdsp2,52468,15.129937,Ctdsp2,
Khnyn,219094,15.253019,Khnyn,
Zfp182,319535,20.559002,Zfp182,
Gap43,14432,14.788954,Gap43,
Mdk,17242,15.297668,Mdk,
Snapc4,227644,14.825602,Snapc4,
Usp30,100756,14.362946,Usp30,
Acox1,11430,14.421534,Acox1,
Cmpk2,22169,14.808982,Cmpk2,
Tcp11l1,320554,14.787148,Tcp11l1,
Pigx,72084,14.699925,Pigx,
Zfp428,232969,21.124914,Zfp428,
Mpped1,223726,14.890377,Mpped1,
D17Wsu104e,28106,21.084198,Mydgf,
Zfp692,103836,21.124914,Zfp692,
Stard3,59045,14.801664,Stard3,
S100a1,20193,15.023986,S100a1,
Ston1,77057,15.240174,Ston1,
Arhgef7,54126,15.321943,Arhgef7,
Tuba1b,22143,16.653122,Tuba1b,
C030006K11Rik,223665,21.385788,C030006K11Rik,
6030419C18Rik,319477,21.084198,Insyn1,
Acrbp,54137,15.371898,Acrbp,
Pcsk2,18549,14.698239,Pcsk2,
Hyal3,109685,14.996142,Hyal3,
Cep135,381644,14.412033,Cep135,
Btrc,12234,15.268604,Btrc,
Entpd1,12495,14.807149,Entpd1,
Kdsr,70750,14.288315,Kdsr,
Wbp4,22668,17.876802,Wbp4,
1700066M21Rik,73467,21.712498,1700066M21Rik,
Ipo4,75751,14.996142,Ipo4,
Pomp,66537,14.365553,Pomp,
Mettl6,67011,14.794385,Mettl6,
Mlh1,17350,14.194654,Mlh1,
Pcsk5,18552,15.346683,Pcsk5,
Sh3bgrl,56726,14.823745,Sh3bgrl,
Trim37,68729,14.769229,Trim37,
Zfp235,56525,21.385788,Zfp235,
Anks6,75691,15.125248,Anks6,
Slc31a1,20529,14.671555,Slc31a1,
Klhl28,66689,15.158431,Klhl28,
Fez1,211134,18.145218,Fez1,
Pafah1b3,18476,15.113599,Pafah1b3,
Maneal,215090,14.989801,Maneal,
Osgin2,209212,14.790761,Osgin2,
Eif1a,13664,14.27243,Eif1a,
Rad51ap1,19362,14.79984,Rad51ap1,
Dchs1,233651,15.34391,Dchs1,
Tnfaip6,21930,14.776367,Tnfaip6,
Fundc2,67391,15.17778,Fundc2,
Rerg,232441,14.834928,Rerg,
Ccdc136,232664,15.773045,Ccdc136,
Med11,66172,14.230608,Med11,
Nrg1,ENSMUSG00000118541,14.748047,Nrg1,
Pemt,18618,14.785345,Pemt,
Ints6,18130,14.348702,Ints6,
Dusp14,56405,14.751554,Dusp14,
Scn2b,72821,14.823745,Scn2b,
Exoc6,107371,14.785345,Exoc6,
Fbxw17,109082,21.385788,Fbxw17,
Cerk,223753,14.527916,Cerk,
Sgcd,24052,14.787148,Sgcd,
Ddx41,72935,14.996142,Ddx41,
C2cd4b,75697,17.498571,C2cd4b,
Pik3c2g,18705,14.94422,Pik3c2g,
Prkaa2,108079,14.76213,Prkaa2,
3010026O09Rik,68067,21.084198,Mrnip,
Brwd3,382236,14.344845,Brwd3,
Klf5,12224,15.271219,Klf5,
Ppp1cc,434233,18.24816,Ppp1cc,
Crkl,12929,14.814498,Crkl,
Etl4,208618,20.907745,Etl4,
Ift81,12589,14.75331,Ift81,
Pth2r,213527,15.73135,Pth2r,
Ptgs1,19224,14.834928,Ptgs1,
Rhobtb3,73296,14.805318,Rhobtb3,
Fosb,14282,14.796202,Fosb,
Uqcrq,22272,15.72391,Uqcrq,
Gfra2,14586,15.232527,Gfra2,
Chchd6,66098,15.388985,Chchd6,
Cadm4,260299,15.052439,Cadm4,
Cln8,26889,14.834928,Cln8,
Ap1s2,108012,14.884529,Ap1s2,
Afmid,71562,14.79984,Afmid,
Mettl10,72096,14.483906,Eef1akmt2,
Pcnxl2,270109,16.85198,Pcnx2,
Tmed10,68581,14.77995,Tmed10,
Pou4f1,18996,14.863313,Pou4f1,
Mtmr14,97287,14.76213,Mtmr14,
Mst1r,19882,15.34391,Mst1r,
Tcf19,106795,15.78077,Tcf19,
Polk,210106,18.145218,Polk,
Cdk2ap2,52004,14.900182,Cdk2ap2,
Phf6,70998,14.788954,Phf6,
AU021092,239691,21.712498,AU021092,
Ethe1,66071,15.041421,Ethe1,
Cenpn,72155,14.776367,Cenpn,
Kcnj10,16513,15.36063,Kcnj10,
Gtf2h3,209357,14.715199,Gtf2h3,
Klhl3,100503085,14.89625,Klhl3,
Adcy8,11514,14.421534,Adcy8,
Foxj3,230700,15.165653,Foxj3,
Rgs20,58175,14.796202,Rgs20,
Stx19,68159,14.846208,Stx19,
Pyroxd2,74580,14.778158,Pyroxd2,
AW554918,225289,21.124914,AW554918,
Ndufa3,66091,14.661687,Ndufa3,
Cdc42bpb,217866,14.783545,Cdc42bpb,
Pmm2,54128,14.332068,Pmm2,
Aebp2,11569,14.834928,Aebp2,
Trim67,330863,15.15364,Trim67,
Rnf113a2,66381,21.385788,Rnf113a2,
Timm13,30055,14.840556,Timm13,
Slc25a12,78830,14.96061,Slc25a12,
Shisa4,77552,14.892332,Shisa4,
Slc38a7,234595,14.776367,Slc38a7,
Zfp462,242466,21.124914,Zfp462,
Dhtkd1,209692,14.794385,Dhtkd1,
Caly,68566,15.132289,Caly,
Tfdp1,21781,15.316511,Tfdp1,
Commd1,17846,14.767451,Commd1,
Rfx3,19726,14.776367,Rfx3,
Acer3,66190,14.739323,Acer3,
Cadps,27062,14.7289295,Cadps,
Clpp,53895,10.747756,Clpp,
Apool,68117,14.861402,Apool,
Ppp4r2,232314,15.297668,Ppp4r2,
Trit1,66966,14.722047,Trit1,
Drd5,13492,15.268604,Drd5,
Zswim4,212168,15.820108,Zswim4,
Xpnpep3,321003,14.749799,Xpnpep3,
Nebl,74103,15.03923,Nebl,
Gm1604b,381059,22.813986,Gm1604b,
Mrpl4,66163,14.263958,Mrpl4,
Atp6v0e,11974,22.813986,Atp6v0e,
Asf1a,66403,15.308403,Asf1a,
Trmt1,72026,17.876802,Trmt1,
Gabarap,56486,15.603551,Gabarap,
Zfp395,380912,21.124914,Zfp395,
Rnf180,71816,15.209851,Rnf180,
L1cam,16728,15.701843,L1cam,
Aip,66077,17.876802,Aip,
Qtrt1,60507,14.892332,Qtrt1,
Inha,16322,14.650269,Inha,
Gnaz,14687,14.776367,Gnaz,
Plekha1,101476,15.305711,Plekha1,
Tmem161b,72745,14.79984,Tmem161b,
C1qb,12260,15.083793,C1qb,
9530068E07Rik,213673,21.385788,9530068E07Rik,
Gstz1,14874,14.615023,Gstz1,
Zcchc12,72693,16.308846,Zcchc12,
Usp48,170707,14.755068,Usp48,
Smad7,17131,14.787148,Smad7,
Fnbp4,55935,14.772793,Fnbp4,
Vps26a,30930,14.744551,Vps26a,
Maf1,68877,14.56085,Maf1,
Brd7,26992,14.77995,Brd7,
Arhgap19,71085,14.765675,Arhgap19,
Fam167a,219148,15.300345,Fam167a,
Rab3gap2,98732,14.767451,Rab3gap2,
Prkci,18759,14.756831,Prkci,
Fbf1,217335,15.27384,Fbf1,
Ankle2,71782,14.2932415,Ankle2,
Pbx4,80720,15.0860615,Pbx4,
Dgcr14,27886,14.403004,Ess2,
Cops6,26893,14.973041,Cops6,
1700094D03Rik,73545,21.084198,Cfap141,
Ust,338362,15.287025,Ust,
Fbxw2,30050,14.792573,Fbxw2,
Mtx3,382793,14.785345,Mtx3,
Fam192a,102122,14.031098,Psme3ip1,
Trim27,19720,16.326412,Trim27,
Rps6ka2,20112,14.983491,Rps6ka2,
Kbtbd7,211255,15.465738,Kbtbd7,
Dad1,13135,14.276079,Dad1,
B4galt3,57370,14.831189,B4galt3,
Rbms1,56878,15.2452965,Rbms1,
Ppp1r12b,329251,15.412123,Ppp1r12b,
Myo1b,17912,14.765675,Myo1b,
Zcwpw1,381678,15.86894,Zcwpw1,
Hps3,12807,14.756831,Hps3,
Nphp4,260305,14.79984,Nphp4,
2610002M06Rik,67028,20.400923,Chmp1b2,
Plxnb3,140571,15.224924,Plxnb3,
Mtm1,17772,14.715199,Mtm1,
Fastkd3,69577,14.803489,Fastkd3,
Rrm1,20133,14.95855,Rrm1,
Adamts20,223838,15.295001,Adamts20,
Pacsin2,23970,14.79984,Pacsin2,
Hhip,15245,14.776367,Hhip,
Ikzf5,67143,14.823745,Ikzf5,
Car10,72605,21.124914,Car10,
Ncaph2,52683,14.836801,Ncaph2,
Serp2,72661,15.297668,Serp2,
Coch,12810,14.77995,Coch,
2610524H06Rik,330173,22.813986,2610524H06Rik,
Ccbl1,70266,17.403778,Kyat1,
Snrpb2,20639,14.788954,Snrpb2,
Lingo1,235402,15.227454,Lingo1,
Nppa,230899,15.232527,Nppa,
Ica1l,70375,15.800291,Ica1l,
Osbpl5,79196,14.82189,Osbpl5,
Bmyc,107771,21.124914,Bmyc,
Ttpal,76080,14.788954,Ttpal,
Rasl10b,276952,15.33288,Rasl10b,
Nenf,66208,14.790761,Nenf,
Lztr1,66863,14.300665,Lztr1,
Rab8a,17274,15.006782,Rab8a,
Schip1,100505386,16.520018,Schip1,
Sox12,20667,15.255603,Sox12,
Rnf138,56515,15.363438,Rnf138,
Cux1,13047,15.316511,Cux1,
Ppp2r5a,226849,14.744551,Ppp2r5a,
Aptx,66408,14.370781,Aptx,
Wdr6,83669,14.785345,Wdr6,
Shisa6,380702,15.158431,Shisa6,
Lamc1,226519,14.77995,Lamc1,
Dis3l,213550,14.783545,Dis3l,
Rtel1,269400,14.343561,Rtel1,
Mmgt2,216829,21.385788,Mmgt2,
P4hb,18453,14.77101,P4hb,
Acvr2b,11481,15.27384,Acvr2b,
Zswim1,71971,15.651769,Zswim1,
Tspan6,56496,14.827461,Tspan6,
Fam63a,75007,14.784788,Mindy1,
Myo5a,17918,15.209851,Myo5a,
Tmem145,330485,15.037041,Tmem145,
Ccdc104,216618,15.756864,Cfap36,
Eln,68528,16.709167,Eln,
Gorasp1,74498,15.271219,Gorasp1,
Slc4a1ap,20534,14.853782,Slc4a1ap,
Usp45,77593,14.798019,Usp45,
Arf3,11842,15.27384,Arf3,
Pou2f2,18987,15.698202,Pou2f2,
Ctxn2,381418,14.874843,Ctxn2,
Erp44,76299,14.3019085,Erp44,
Prmt3,71974,14.722047,Prmt3,
Efr3a,76740,14.796202,Efr3a,
Wrn,22427,15.017509,Wrn,
Armc1,74252,14.77995,Armc1,
Ap2a1,11771,15.061319,Ap2a1,
Rnf24,51902,14.807149,Rnf24,
Ccpg1,72278,14.812657,Ccpg1,
Itm2c,64294,15.388985,Itm2c,
Acvr1b,11479,15.27384,Acvr1b,
Ngdn,68966,15.006782,Ngdn,
Anks1b,77531,14.857587,Anks1b,
Spry4,24066,14.755068,Spry4,
Hnmt,140483,15.330138,Hnmt,
Agpat5,52123,14.814498,Agpat5,
Rab33a,19337,14.829325,Rab33a,
Poldip3,73826,14.725483,Poldip3,
2700062C07Rik,68046,21.712498,2700062C07Rik,
Rims2,116838,15.258193,Rims2,
Mapk8,26419,15.260789,Mapk8,
Zfp94,22756,20.41441,Zfp94,
Prmt6,99890,15.144106,Prmt6,
Klhdc1,271005,15.209851,Klhdc1,
Yipf1,230584,14.746298,Yipf1,
Cilp2,68709,14.833056,Cilp2,
Actr6,67019,14.772793,Actr6,
Gm16381,100042786,20.400923,Ubl5b,
Rnf126,70294,14.926023,Rnf126,
Lrrc1,214345,14.760362,Lrrc1,
Akap5,238276,15.338383,Akap5,
Ntn1,18208,15.321943,Ntn1,
Slc19a1,20509,14.787148,Slc19a1,
Tmem130,243339,14.842437,Tmem130,
Mybbp1a,18432,14.348702,Mybbp1a,
Hbp1,73389,14.798019,Hbp1,
Nrn1l,234700,15.34946,Nrn1l,
Heatr2,433956,15.6919985,Dnaaf5,
Galnt10,171212,15.032674,Galnt10,
Setd3,52690,14.30564,Setd3,
Cyp1b1,13078,15.634342,Cyp1b1,
Serpinh1,12406,15.313804,Serpinh1,
Tpp2,22019,14.737585,Tpp2,
Prss36,77613,16.145107,Prss36,
Col4a2,12827,14.829325,Col4a2,
Cwf19l2,244672,14.769229,Cwf19l2,
Col11a2,12815,15.097465,Col11a2,
A530054K11Rik,212281,21.084198,Zfp729a,
Glrx2,69367,14.788954,Glrx2,
Obsl1,98733,15.313804,Obsl1,
B3galt5,93961,15.420906,B3galt5,
Ccdc15,245902,14.872914,Ccdc15,
Lig4,319583,14.632526,Lig4,
Zkscan6,52712,21.712498,Zkscan6,
4931406P16Rik,233103,21.084198,Garre1,
Zfp867,237775,20.907745,Zfp867,
Stk32b,64293,15.386121,Stk32b,
Ublcp1,79560,14.287086,Ublcp1,
Rnf111,93836,14.763902,Rnf111,
Vwce,71768,15.394731,Vwce,
Mad2l2,71890,14.765675,Mad2l2,
Rfx5,53970,14.859492,Rfx5,
Srf,20807,15.227454,Srf,
Ccdc117,104479,14.825602,Ccdc117,
Hrh2,13204,16.814821,Hrh2,
Fdx1,14148,14.418811,Fdx1,
Eif4g3,230861,15.2224,Eif4g3,
Pank1,75735,15.303024,Pank1,
Ndufv1,17995,14.818189,Ndufv1,
1110008J03Rik,100764,21.084198,Rita1,
Ier5,15939,15.253019,Ier5,
Iqsec2,245666,15.672994,Iqsec2,
Mgat4c,67569,14.814498,Mgat4c,
Bbs5,72569,14.261546,Bbs5,
Irf3,54131,15.120575,Irf3,
B3gntl1,210004,14.820039,B3gntl1,
Ado,211488,15.397614,Ado,
Eif2s2,67204,14.760362,Eif2s2,
Gkap1,56278,14.869065,Gkap1,
Atp13a1,170759,14.803489,Atp13a1,
Vps13c,320528,14.790761,Vps13c,
Reps1,19707,14.765675,Reps1,
Anp32b,67628,15.006782,Anp32b,
Fbxo45,268882,14.751554,Fbxo45,
Naglu,27419,14.365553,Naglu,
Scd2,20250,19.864693,Scd2,
A830080D01Rik,382252,21.084198,Bclaf3,
Ptgs2,19225,15.311101,Ptgs2,
Sdr42e1,74032,14.772793,Sdr42e1,
Ifrd2,15983,14.842437,Ifrd2,
Eif3d,55944,14.746298,Eif3d,
Rhoj,80837,15.106662,Rhoj,
Epm2a,13853,14.739323,Epm2a,
Pdap1,231887,15.289679,Pdap1,
Zfp654,72020,21.124914,Zfp654,
Reep3,28193,15.321943,Reep3,
Smek2,104570,16.095396,Ppp4r3b,
Rsph3a,66832,22.813986,Rsph3a,
S100a6,20200,16.368353,S100a6,
Gatad1,67210,14.794385,Gatad1,
Ccl17,20295,15.9546385,Ccl17,
Map2k2,26396,15.36063,Map2k2,
Ier2,15936,15.701843,Ier2,
Osbpl8,237542,14.765675,Osbpl8,
Adam17,11491,15.287025,Adam17,
Baiap2l2,207495,15.313804,Baiap2l2,
Txndc9,98258,14.751554,Txndc9,
Xpo7,65246,14.76213,Xpo7,
Prkcb,18751,15.265992,Prkcb,
Ctss,13040,15.593448,Ctss,
Ndufa6,67130,14.701614,Ndufa6,
Zfyve9,230597,15.295001,Zfyve9,
Kit,16590,15.284377,Kit,
1700003E16Rik,71837,21.385788,1700003E16Rik,
Bbc3,170770,15.499626,Bbc3,
Impdh2,23918,14.720332,Impdh2,
Poc1b,382406,14.829325,Poc1b,
Rrad,56437,14.808982,Rrad,
Tmem169,271711,15.311101,Tmem169,
Ramp2,54409,14.694873,Ramp2,
Thbs1,21825,15.17778,Thbs1,
St7l,229681,14.840556,St7l,
Fgf1,14164,15.265992,Fgf1,
Hunk,26559,14.810819,Hunk,
Mtmr12,268783,15.045816,Mtmr12,
Thnsl1,208967,15.160834,Thnsl1,
Rab2b,76338,15.80818,Rab2b,
Phyh,16922,14.853782,Phyh,
Slc25a24,229731,15.158431,Slc25a24,
Bai2,230775,15.86047,Adgrb2,
Ccl3,20302,19.130804,Ccl3,
Mark4,232944,15.5636,Mark4,
Rps6kb2,58988,15.403397,Rps6kb2,
Fam134c,67998,14.483906,Retreg3,
Ikbip,67454,14.97721,Ikbip,
Zmym6,100177,16.186792,Zmym6,
Gm7120,633640,21.084198,Tmem267,
9630033F20Rik,319801,21.084198,Tigar,
Inpp5e,64436,14.325727,Inpp5e,
Traf7,224619,14.79984,Traf7,
Dpp3,75221,15.070263,Dpp3,
Mx2,17858,16.579449,Mx2,
Csrnp3,77771,14.755068,Csrnp3,
Syncrip,56403,15.017509,Syncrip,
Tsta3,22122,14.125834,Gfus,
Snx19,102607,15.303024,Snx19,
Rad1,19355,14.35128,Rad1,
Tmem143,70209,15.746356,Tmem143,
Hdac1,433759,14.376031,Hdac1,
Pdzd7,100503041,15.214857,Pdzd7,
Sdhb,67680,14.006489,Sdhb,
Foxn2,14236,15.27384,Foxn2,
Pink1,68943,14.398582,Pink1,
Fbxo9,71538,14.741062,Fbxo9,
Fam181a,100504156,15.190022,Fam181a,
Tchp,77832,14.94422,Tchp,
Ccdc32,269336,14.758595,Ccdc32,
Adnp2,240442,15.287025,Adnp2,
Nsdhl,18194,14.776367,Nsdhl,
Ube2c,68612,14.794385,Ube2c,
Zbtb8os,67106,14.739323,Zbtb8os,
Ugt8a,22239,21.712498,Ugt8a,
Ephb1,270190,15.240174,Ephb1,
Cpsf3,54451,14.792573,Cpsf3,
Cyth4,72318,15.313804,Cyth4,
Bud31,231889,14.684829,Bud31,
Wdr55,67936,14.760362,Wdr55,
Dpp9,224897,14.998264,Dpp9,
Ccnt2,72949,15.268604,Ccnt2,
1110058L19Rik,68002,21.084198,Sdhaf4,
Nrip2,60345,14.89429,Nrip2,
1810013L24Rik,69053,21.084198,Hapstr1,
Dpcd,226162,14.774578,Dpcd,
Cdc40,71713,14.704997,Cdc40,
Scrt1,170729,15.641285,Scrt1,
Galr1,14427,15.289679,Galr1,
Cacna1c,12288,14.801664,Cacna1c,
Slc37a1,56857,18.145218,Slc37a1,
Slc7a2,11989,17.522753,Slc7a2,
Dpp8,74388,15.295001,Dpp8,
Pign,27392,14.756831,Pign,
Rassf1,56289,14.785345,Rassf1,
Cabp7,192650,15.321943,Cabp7,
Arl10,56795,14.95855,Arl10,
Lmo3,109593,14.785345,Lmo3,
Rcn2,26611,14.785345,Rcn2,
Pvrl4,71740,17.145752,Nectin4,
Ogfr,72075,14.910059,Ogfr,
Atl1,73991,14.7169075,Atl1,
Fdps,110196,14.814498,Fdps,
Aldoc,11676,15.34946,Aldoc,
Slc13a5,237831,15.355033,Slc13a5,
Trmt112,67674,14.421534,Trmt112,
Alk,11682,14.401263,Alk,
Pick1,18693,14.300665,Pick1,
Kcnu1,16532,15.662338,Kcnu1,
Rcor3,214742,14.796202,Rcor3,
Sun1,77053,15.207356,Sun1,
Zfp26,22688,20.721714,Zfp26,
Ndufb8,67264,14.755068,Ndufb8,
Enox1,239188,14.863313,Enox1,
Ptger1,19216,15.8648,Ptger1,
Hibadh,58875,15.144106,Hibadh,
Ptprg,19270,15.23762,Ptprg,
Zdhhc23,332175,15.23762,Zdhhc23,
Prps1,19139,15.438654,Prps1,
Rpl18,19899,13.865026,Rpl18,
Bai3,210933,15.660708,Adgrb3,
Trak2,70827,14.772793,Trak2,
Rbm6,19654,14.844321,Rbm6,
Hsd3b7,101502,14.987695,Hsd3b7,
Pkd2,101540,17.876802,Pkd2,
Snx4,69150,14.778158,Snx4,
Kdm6b,216850,15.655282,Kdm6b,
Acot13,66834,14.765675,Acot13,
Naprt1,223646,15.89687,Naprt,
Ptp4a1,19243,14.825602,Ptp4a1,
Cog8,97484,14.294475,Cog8,
Gm609,208166,21.084198,Cd200l1,
6330416G13Rik,230279,21.084198,Tmem268,
Dyrk1b,13549,15.209851,Dyrk1b,
Slc16a3,80879,15.255603,Slc16a3,
Rtn4rl1,237847,15.204866,Rtn4rl1,
Cyp7b1,13123,16.380587,Cyp7b1,
Rps28,54127,14.681498,Rps28,
Plekhh1,211945,14.808982,Plekhh1,
Ctnna1,12385,14.827461,Ctnna1,
Gabpb1,14391,15.0860615,Gabpb1,
Mab21l1,17116,14.870989,Mab21l1,
Ccdc28b,66264,14.8825865,Ccdc28b,
Mecr,26922,14.765675,Mecr,
Klc2,16594,15.355033,Klc2,
Dusp5,240672,14.767451,Dusp5,
Ndufaf3,66706,14.794385,Ndufaf3,
Arx,50995,15.514378,Arx,
Tomm70a,28185,16.240856,Tomm70a,
Spon1,233744,15.284377,Spon1,
Rin1,225870,15.856559,Rin1,
Capn1,12333,15.004646,Capn1,
Tbc1d5,72238,14.426992,Tbc1d5,
Zbtb22,81630,15.655282,Zbtb22,
Cnbp,12785,14.749799,Cnbp,
Ulk1,22241,15.284377,Ulk1,
Pdpn,14726,14.9793005,Pdpn,
Ttc3,22129,14.794385,Ttc3,
B4galt6,56386,14.840556,B4galt6,
Med24,23989,14.285857,Med24,
Kcnab3,16499,15.6103325,Kcnab3,
Paics,67054,14.364248,Paics,
Ldlr,16835,15.5153265,Ldlr,
Timp3,21859,15.23762,Timp3,
Acly,104112,15.192484,Acly,
Smpd4,77626,14.820039,Smpd4,
Nr4a3,18124,14.792573,Nr4a3,
Zbtb39,320080,15.202379,Zbtb39,
Gng10,14700,14.908077,Gng10,
Kctd5,69259,15.540849,Kctd5,
Hsf2,15500,14.823745,Hsf2,
Zbtb46,72147,14.842437,Zbtb46,
Hnrnpf,98758,16.274406,Hnrnpf,
Igdcc4,56741,14.805318,Igdcc4,
Elk4,13714,14.823745,Elk4,
Rps17,20068,13.884703,Rps17,
Eif1b,68969,15.160834,Eif1b,
Cep57,74360,14.814498,Cep57,
Atxn2,20239,14.7428055,Atxn2,
Poll,56626,14.77101,Poll,
Csdc2,105859,15.284377,Csdc2,
Sparc,20692,14.3169,Sparc,
Vti1b,53612,14.364248,Vti1b,
Mib2,76580,14.326993,Mib2,
Prkd3,75292,14.810819,Prkd3,
Phc1,13619,14.833056,Phc1,
Prr24,66300,17.294525,Inafm1,
Atf6,226641,14.3169,Atf6,
Ywhae,22627,15.271219,Ywhae,
Spdef,30051,15.165653,Spdef,
Nudt4,71207,15.380411,Nudt4,
Wnk4,69847,15.311101,Wnk4,
Slc7a8,50934,15.769197,Slc7a8,
P2rx6,18440,15.580097,P2rx6,
0610031J06Rik,56700,20.400923,Glmp,
Rnf7,19823,14.810819,Rnf7,
Mid1ip1,68041,15.34391,Mid1ip1,
Pcdhga9,93717,19.620222,Pcdhga9,
Osbpl6,99031,14.7428055,Osbpl6,
Nisch,64652,14.760362,Nisch,
Cmtm6,67213,14.844321,Cmtm6,
Ammecr1l,225339,15.305711,Ammecr1l,
Nptxr,73340,15.287025,Nptxr,
Stk24,223255,15.308403,Stk24,
C1qtnf5,235312,14.807149,C1qtnf5,
Nfyc,18046,14.720332,Nfyc,
Pcdhb19,93890,21.124914,Pcdhb19,
E130309D02Rik,231868,21.084198,Ints15,
Kctd16,ENSMUSG00000118202,15.300345,Kctd16,
Prtn3,19152,17.212849,Prtn3,
Pcid2,234069,14.25914,Pcid2,
Rln1,19773,16.235346,Rln1,
Rab4b,19342,14.924016,Rab4b,
Cd46,17221,16.615763,Cd46,
Arhgef3,71704,14.77995,Arhgef3,
Nkiras2,71966,14.79984,Nkiras2,
Hck,15162,14.838676,Hck,
Spg7,234847,14.288315,Spg7,
Smarcd3,66993,15.346683,Smarcd3,
Pms1,227099,14.668258,Pms1,
Ehd3,57440,14.814498,Ehd3,
Mmp14,17387,15.676565,Mmp14,
Arl8a,68724,15.104356,Arl8a,
Phf12,268448,15.27384,Phf12,
Osgepl1,72085,14.767451,Osgepl1,
Mtor,56717,14.706692,Mtor,
Fank1,66930,15.4356785,Fank1,
Usp19,71472,14.76213,Usp19,
Ccdc8,434130,16.213543,Ccdc8,
Spcs2,66624,14.706692,Spcs2,
4930427A07Rik,104732,21.084198,Tedc1,
Pcnxl3,104401,17.294525,Pcnx3,
Fam63b,235461,14.576877,Mindy2,
Trim44,80985,15.095176,Trim44,
Nrxn2,18190,15.630885,Nrxn2,
Cwf19l1,72502,14.788954,Cwf19l1,
Prph,19133,18.145218,Prph,
Arsk,77041,14.7169075,Arsk,
Znrf3,407821,14.769229,Znrf3,
Akr7a5,110198,21.385788,Akr7a5,
Scg2,20254,15.2452965,Scg2,
Nfkbie,18037,14.846208,Nfkbie,
Nkain1,67149,14.803489,Nkain1,
Camsap1,227634,15.284377,Camsap1,
Slc25a32,69906,15.17778,Slc25a32,
Pcbd1,13180,14.744551,Pcbd1,
Tnfaip3,21929,14.77995,Tnfaip3,
Vldlr,22359,14.772793,Vldlr,
Mfap3l,71306,14.787148,Mfap3l,
Ormdl3,66612,14.956493,Ormdl3,
Tapbpl,213233,15.102055,Tapbpl,
Arfip1,99889,14.763902,Arfip1,
Ina,226180,15.394731,Ina,
Plcb1,18795,15.092891,Plcb1,
2310022B05Rik,69551,21.385788,2310022B05Rik,
Impa2,114663,15.013207,Impa2,
Chd1,12648,14.260343,Chd1,
Rpp38,227522,14.785345,Rpp38,
Rnf149,67702,15.308403,Rnf149,
Gal3st3,545276,15.190022,Gal3st3,
Ggct,110175,15.319224,Ggct,
Klf13,50794,14.848097,Klf13,
Ncoa3,17979,14.920013,Ncoa3,
Rhobtb1,69288,15.061319,Rhobtb1,
Mapk8ip3,30957,14.772793,Mapk8ip3,
Jakmip3,74004,14.803489,Jakmip3,
Tor1a,30931,15.972478,Tor1a,
Rufy1,216724,14.825602,Rufy1,
Atf4,11911,15.3274,Atf4,
Acbd5,74159,15.281735,Acbd5,
Rps27,100043813,17.294525,Rps27,
Gramd3,107022,14.471137,Gramd2b,
Chrm5,213788,15.297668,Chrm5,
Plod1,18822,15.308403,Plod1,
Arpc1b,11867,14.975123,Arpc1b,
Tmem115,56395,14.798019,Tmem115,
Chrm4,12672,15.295001,Chrm4,
Pfkfb2,18640,15.284377,Pfkfb2,
Srrm3,58212,14.857587,Srrm3,
Higd2a,67044,14.906099,Higd2a,
A430105I19Rik,214239,21.084198,Ccdc9b,
Dnajc16,214063,14.865228,Dnajc16,
Nfkbib,18036,15.391854,Nfkbib,
Pigt,78928,14.751554,Pigt,
Sipa1l3,74206,14.994026,Sipa1l3,
Faah,338521,16.230392,Faah,
Upf3a,67031,14.76213,Upf3a,
Kif3b,16569,14.833056,Kif3b,
Gnb1,14688,15.276467,Gnb1,
Pag1,18491,17.653353,Pag1,
Ryk,20187,14.744551,Ryk,
Pfn4,382562,15.380411,Pfn4,
Kcnq4,60613,15.209851,Kcnq4,
Rps16,20055,10.882848,Rps16,
Aasdhppt,67618,14.760362,Aasdhppt,
Trpv1,193034,14.874843,Trpv1,
Tmbim4,68212,14.805318,Tmbim4,
Arhgef6,73341,14.792573,Arhgef6,
Cdc7,12545,14.482883,Cdc7,
Clk2,12748,15.426795,Clk2,
Serbp1,66870,15.305711,Serbp1,
Irx2,16372,15.363438,Irx2,
Chd3,216848,15.006782,Chd3,
Rsrc1,66880,14.825602,Rsrc1,
Zfp229,381067,21.385788,Zfp229,
Ppap2c,50784,16.462479,Plpp2,
Pus1,56361,14.253144,Pus1,
Sf3a2,20222,14.276079,Sf3a2,
Tbc1d24,224617,14.756831,Tbc1d24,
Nck2,17974,15.303024,Nck2,
Dedd,21945,14.53236,Dedd,
Il12a,16159,14.912044,Il12a,
Nfe2l2,18024,15.260789,Nfe2l2,
Cgrrf1,68755,14.778158,Cgrrf1,
Lman2l,214895,15.341144,Lman2l,
Slc25a1,13358,15.247865,Slc25a1,
Dmrtb1,56296,15.374729,Dmrtb1,
Klhl32,212390,14.810819,Klhl32,
Lrrc58,320184,15.23507,Lrrc58,
Baz1a,217578,14.772793,Baz1a,
Rnf217,268291,14.749799,Rnf217,
Snx11,74479,14.867146,Snx11,
Dcaf13,223499,14.735849,Dcaf13,
Spa17,20686,15.115923,Spa17,
Dcx,13193,15.207356,Dcx,
Fbrs,14123,15.125248,Fbrs,
Stard3nl,76205,14.827461,Stard3nl,
Rrp7a,74778,14.794385,Rrp7a,
Rnf114,81018,14.794385,Rnf114,
Hnrnpa1,15382,15.627437,Hnrnpa1,
Cyp51,13121,17.604445,Cyp51,
Map4k4,26921,14.975123,Map4k4,
2310042D19Rik,74183,20.400923,Perm1,
Seh1l,72124,14.861402,Seh1l,
Tctn3,67590,15.260789,Tctn3,
Sh3rf3,237353,15.232527,Sh3rf3,
Zzef1,195018,14.760362,Zzef1,
Gulp1,70676,15.271219,Gulp1,
Vash1,238328,14.785345,Vash1,
Epha5,13839,15.253019,Epha5,
Larp6,67557,15.271219,Larp6,
Wrap53,216853,14.956493,Wrap53,
Chrna7,11441,15.976975,Chrna7,
Zdhhc7,102193,14.794385,Zdhhc7,
Tmem175,72392,14.803489,Tmem175,
Npy2r,18167,14.829325,Npy2r,
Slc39a12,277468,15.209851,Slc39a12,
Tnks1bp1,228140,15.17778,Tnks1bp1,
Rhov,228543,14.810819,Rhov,
Polr2j,20022,14.888425,Polr2j,
Lsr,54135,15.077009,Lsr,
Casp9,12371,14.803489,Casp9,
Trim56,384309,15.972478,Trim56,
Layn,244864,15.247865,Layn,
G3bp2,23881,15.253019,G3bp2,
Kcnk1,16525,15.321943,Kcnk1,
Rdx,19684,14.610291,Rdx,
Matn4,17183,14.77995,Matn4,
Akt3,23797,15.371898,Akt3,
Faim,23873,15.271219,Faim,
Syngr1,20972,15.214857,Syngr1,
Rexo1,66932,14.785345,Rexo1,
Ssr4,20832,14.985591,Ssr4,
Ebpl,68177,15.190022,Ebpl,
Cd97,26364,16.012417,Adgre5,
Gpatch2,67769,14.75331,Gpatch2,
Polh,80905,14.722047,Polh,
Stra6,20897,14.772793,Stra6,
Irf9,16391,15.151249,Irf9,
Zscan21,22697,16.747423,Zscan21,
Zfp707,69020,20.907745,Zfp707,
Smndc1,76479,14.772793,Smndc1,
Sap30,60406,14.602439,Sap30,
Dennd5a,19347,14.803489,Dennd5a,
Lrrtm2,107065,14.818189,Lrrtm2,
Idh3g,15929,14.460239,Idh3g,
Mtap,66902,14.643789,Mtap,
Wdfy3,72145,14.760362,Wdfy3,
Ndufa9,66108,15.263388,Ndufa9,
Marveld1,277010,14.798019,Marveld1,
Hivep2,15273,15.289679,Hivep2,
Kif21a,16564,14.730656,Kif21a,
Phf8,74042,18.48137,Phf8,
A2m,232345,16.285784,A2m,
Angptl6,70726,15.129937,Angptl6,
Zfand6,65098,14.998264,Zfand6,
Plekhh3,217198,14.872914,Plekhh3,
Ubl7,69459,15.300345,Ubl7,
Itpa,16434,14.755068,Itpa,
Tbc1d8,54610,15.15364,Tbc1d8,
Cep97,74201,14.294475,Cep97,
Bdnf,12064,14.730656,Bdnf,
Ccdc47,67163,14.772793,Ccdc47,
Zmat2,66492,14.749799,Zmat2,
Rps29,20090,14.393242,Rps29,
Ptpn2,19255,15.265992,Ptpn2,
Gal3st4,330217,15.017509,Gal3st4,
Sec61a2,57743,15.363438,Sec61a2,
Zfp180,210135,21.385788,Zfp180,
Tmem38b,52076,14.842437,Tmem38b,
Slc41a1,98396,14.848097,Slc41a1,
Zfp687,78266,21.124914,Zfp687,
Galnt2,108148,14.7428055,Galnt2,
Antxr1,69538,15.281735,Antxr1,
Ncam2,17968,15.059093,Ncam2,
Maff,17133,14.855682,Maff,
Golph3l,229593,15.279097,Golph3l,
Sgcz,244431,15.15364,Sgcz,
Thop1,50492,14.82189,Thop1,
Lrrc16a,68732,16.970078,Carmil1,
Dok5,76829,15.305711,Dok5,
Gm9897,208595,21.084198,Mterf1b,
Cyb5,109672,17.01188,Cyb5a,
Rnf215,71673,14.872914,Rnf215,
2210018M11Rik,233545,20.400923,Emsy,
Stk11,20869,14.778158,Stk11,
Gpr125,70693,15.724038,Adgra3,
Kctd1,106931,14.95855,Kctd1,
Itfg1,71927,14.741062,Itfg1,
Pip4k2a,18718,15.330138,Pip4k2a,
Zfp143,20841,21.124914,Zfp143,
Pmm1,29858,15.030497,Pmm1,
Pcm1,17190,17.798098,Pcm1,
Ilkap,67444,14.876775,Ilkap,
Slc25a11,67863,14.94422,Slc25a11,
Zbtb41,226470,14.748047,Zbtb41,
Zfp11,22648,20.559002,Zfp11,
Lsm5,66373,14.38792,Lsm5,
Acap3,140500,15.23762,Acap3,
Abl1,11350,14.776367,Abl1,
Jarid2,16468,14.65515,Jarid2,
Cmbl,69574,15.146484,Cmbl,
Mt1,17748,18.664577,Mt1,
Fmnl2,71409,15.305711,Fmnl2,
Pip4k2c,117150,15.5968075,Pip4k2c,
Htra1,56213,15.308403,Htra1,
Cox18,231430,16.579449,Cox18,
Alkbh8,67667,14.767451,Alkbh8,
Rlf,16336,17.586458,Rlf,
Ppp1r1a,58200,15.465738,Ppp1r1a,
Lonp2,66887,14.763902,Lonp2,
Il1rapl1,331461,15.295001,Il1rapl1,
Sema4g,26456,15.250441,Sema4g,
Ddx50,94213,16.124754,Ddx50,
Mut,17850,14.040277,Mmut,
Tes,108021851,18.145218,Tes,
Btbd2,208198,15.308403,Btbd2,
Id2,15902,15.32467,Id2,
1110008P14Rik,73737,21.084198,Bbln,
Zfp617,170938,21.385788,Zfp617,
Fat4,329628,14.938125,Fat4,
Atp5b,11947,14.471137,Atp5b,
Leng1,69757,15.061319,Leng1,
Col5a1,12831,14.829325,Col5a1,
Hirip3,233876,15.139367,Hirip3,
Paqr7,71904,15.426795,Paqr7,
Nme7,171567,14.755068,Nme7,
Pvrl2,19294,17.403778,Nectin2,
Pip4k2b,108083,15.202379,Pip4k2b,
Lemd3,380664,14.785345,Lemd3,
Btbd6,399566,15.23762,Btbd6,
Slc22a23,73102,14.983491,Slc22a23,
Htr7,15566,15.190022,Htr7,
Erf,225363,15.825035,Erf,
Tnfaip8,106869,15.311101,Tnfaip8,
Gabra4,14397,14.888425,Gabra4,
Supt7l,72195,14.767451,Supt7l,
Synj2bp,105940408,17.294525,Synj2bp,
Mrps27,218506,14.737585,Mrps27,
Pde1a,18573,14.814498,Pde1a,
Esyt1,23943,15.465738,Esyt1,
Atg4b,66615,14.315645,Atg4b,
Smc5,226026,14.24242,Smc5,
Hdgfrp3,29877,17.798098,Hdgfl3,
Akt1s1,67605,15.102055,Akt1s1,
Prdm4,72843,14.801664,Prdm4,
Glrb,14658,15.250441,Glrb,
Acvr2a,11480,15.212351,Acvr2a,
Cited4,56222,15.753926,Cited4,
Zbtb44,235132,14.812657,Zbtb44,
Kif13b,16554,15.271219,Kif13b,
Lhpp,76429,14.878709,Lhpp,
Pnck,93843,15.583423,Pnck,
Prodh,19125,16.176247,Prodh,
Arhgap18,73910,14.778158,Arhgap18,
Ypel1,106369,14.983491,Ypel1,
Gatsl2,80909,14.640248,Castor2,
Tead3,21678,15.313804,Tead3,
9030624J02Rik,71517,21.084198,Vps35l,
Xpo4,57258,14.720332,Xpo4,
Socs3,12702,15.341144,Socs3,
P4htm,74443,15.21988,P4htm,
Plb1,665270,14.831189,Plb1,
Eif2ak1,15467,14.746298,Eif2ak1,
Mapk12,29857,15.36063,Mapk12,
Qdpr,110391,15.242732,Qdpr,
Jdp2,81703,15.295001,Jdp2,
Hcn4,15168,17.723768,Hcn4,
Umps,22247,14.755068,Umps,
Avpi1,69534,14.906099,Avpi1,
Acadl,11363,14.807149,Acadl,
Zfp14,243906,16.921597,Zfp14,
Fam134b,66270,14.496799,Retreg1,
Slitrk1,76965,15.156033,Slitrk1,
Rab10,19325,14.304395,Rab10,
S1pr1,13609,14.783545,S1pr1,
Fmo1,14261,15.641285,Fmo1,
Tceal7,100040972,16.332321,Tceal7,
Cdkn1b,12576,15.403397,Cdkn1b,
Chst14,72136,14.763902,Chst14,
Sec63,140740,14.185535,Sec63,
Cisd3,217149,15.441635,Cisd3,
Amn,22031,17.723768,Amn,
Stoml1,69106,14.908077,Stoml1,
AU041133,216177,21.712498,AU041133,
Smarcd1,83797,14.803489,Smarcd1,
Kifc3,16582,14.807149,Kifc3,
Ap3b2,11775,15.148865,Ap3b2,
Cecr2,330409,16.418001,Cecr2,
E2f4,104394,14.778158,E2f4,
Oscar,232790,16.257523,Oscar,
Pgbd5,209966,14.769229,Pgbd5,
Taf12,66464,14.265164,Taf12,
Fcho2,218503,14.749799,Fcho2,
3110007F17Rik,73061,21.084198,Cldn34c1,
Ppp2r3c,59032,14.735849,Ppp2r3c,
Anapc10,68999,14.751554,Anapc10,
Tram1,17979,18.35969,Tram1,
Pfn2,17476,16.6431,Pfn2,
Adck5,268822,14.613444,Adck5,
Rpe,66646,12.882435,Rpe,
Plin2,11520,14.890377,Plin2,
Rxra,20181,15.366252,Rxra,
Rbms3,207181,14.829325,Rbms3,
Lhfpl1,237091,15.919677,Lhfpl1,
Slc44a1,100434,15.199899,Slc44a1,
Strap,20901,14.769229,Strap,
Nckap5l,380969,14.872914,Nckap5l,
Kcnh4,380728,15.319224,Kcnh4,
Tmem163,72160,15.23762,Tmem163,
1200014J11Rik,66874,21.084198,Ncbp3,
Slc38a2,67760,14.849989,Slc38a2,
Derl1,67819,14.75331,Derl1,
Prnd,26434,16.05593,Prnd,
Fzd3,14365,15.32467,Fzd3,
Rhof,23912,14.765675,Rhof,
Hsp90b1,22027,14.781747,Hsp90b1,
Cd2ap,12488,14.884529,Cd2ap,
Parp1,11545,14.268793,Parp1,
Unc13a,22249,17.586458,Unc13a,
Enkur,71233,14.76213,Enkur,
Tom1l1,71943,15.305711,Tom1l1,
Cacna1g,12291,14.82189,Cacna1g,
Tspan2,70747,15.295001,Tspan2,
Ano6,105722,14.859492,Ano6,
Klf6,23849,15.247865,Klf6,
Baz2a,116848,14.89625,Baz2a,
Zfp579,68490,21.124914,Zfp579,
Adam23,23792,15.240174,Adam23,
Atp5sl,66349,14.82557,Dmac2,
Aloxe3,23801,16.202778,Aloxe3,
Apip,56369,14.861402,Apip,
Phospho1,237928,14.755068,Phospho1,
Myt1l,17933,15.258193,Myt1l,
Adamts14,237360,15.202379,Adamts14,
Ttc19,72795,14.299425,Ttc19,
Kpna2,16647,14.79984,Kpna2,
Irak1bp1,65099,14.788954,Irak1bp1,
Plin3,66905,15.263388,Plin3,
Slain1,105439,15.265992,Slain1,
Chmp2b,68942,14.829325,Chmp2b,
Gemin6,67242,14.820039,Gemin6,
Rps9,76846,13.641317,Rps9,
Mpp3,13384,15.330138,Mpp3,
Kctd3,226823,14.755068,Kctd3,
Tmbim1,69660,15.287025,Tmbim1,
Porcn,53627,15.276467,Porcn,
Magt1,67075,15.034856,Magt1,
Scn1b,20266,15.662338,Scn1b,
Ubxn6,66530,14.796202,Ubxn6,
Pcsk1,18548,14.77995,Pcsk1,
Paqr4,76498,15.746356,Paqr4,
Dlg3,53310,14.810819,Dlg3,
Shf,435684,14.816343,Shf,
Tsnax,53424,14.765675,Tsnax,
Eif2ak4,27103,14.746298,Eif2ak4,
Tmem70,70397,14.760362,Tmem70,
Ptov1,84113,16.240856,Ptov1,
Map2k7,26400,14.942185,Map2k7,
Wdr5,140858,14.818189,Wdr5,
Ssrp1,20833,15.258193,Ssrp1,
Prkca,18750,15.253019,Prkca,
Dtx3,80904,14.981395,Dtx3,
Drap1,66556,14.973041,Drap1,
Pik3c2b,240752,14.855682,Pik3c2b,
Zfp661,72180,21.385788,Zfp661,
Slc2a8,56017,14.89429,Slc2a8,
Kdm1a,99982,14.7428055,Kdm1a,
Ccnd2,12444,15.386121,Ccnd2,
Gm514,208080,21.084198,Ubap1l,
Apold1,381823,15.335629,Apold1,
AI837181,107242,21.712498,AI837181,
Kctd6,71393,15.287025,Kctd6,
2010012O05Rik,66439,21.084198,Borcs7,
Ldb2,16826,15.321943,Ldb2,
Coil,12812,14.751554,Coil,
Ankrd39,109346,14.880647,Ankrd39,
Dennd1a,227801,14.834928,Dennd1a,
Ptprd,19266,15.156033,Ptprd,
Wnt7a,22421,15.391854,Wnt7a,
Tcerg1,56070,15.229987,Tcerg1,
Ctsh,13036,14.77995,Ctsh,
Yif1b,77254,15.048021,Yif1b,
Bend7,209645,14.827461,Bend7,
Slc25a5,11740,14.888425,Slc25a5,
Frmd7,385354,15.097465,Frmd7,
Brdt,114642,14.863313,Brdt,
Nfix,18032,15.518491,Nfix,
Panx2,406218,14.783545,Panx2,
Mfsd4,213006,16.580143,Mfsd4a,
Osbpl10,74486,15.180221,Osbpl10,
Otud3,73162,14.776367,Otud3,
Gtpbp6,107999,14.90215,Gtpbp6,
Cbr3,109857,16.79727,Cbr3,
Tmem194,210035,18.764015,Nemp1,
Aldh1l1,107747,15.352242,Aldh1l1,
Trim47,217333,14.904122,Trim47,
Rcn1,54720,18.049635,Rcn1,
Lrdd,57913,17.876802,Pidd1,
Clvs2,215890,14.820039,Clvs2,
Cyb5r1,72017,17.387274,Cyb5r1,
Dnajb5,56323,14.792573,Dnajb5,
Mrpl23,19935,14.267582,Mrpl23,
Sigmar1,18391,14.79984,Sigmar1,
Eif2ak3,13666,14.765675,Eif2ak3,
Ttl,69737,14.790761,Ttl,
Dck,13178,14.785345,Dck,
Hepacam,72927,15.279097,Hepacam,
Usp38,74841,14.785345,Usp38,
Diras1,208666,15.383263,Diras1,
Kctd21,622320,15.300345,Kctd21,
Slc46a1,52466,14.767451,Slc46a1,
Rdh13,108841,15.784651,Rdh13,
Zdhhc6,66980,14.756831,Zdhhc6,
Lcat,16816,14.758595,Lcat,
Metap1,75624,14.7428055,Metap1,
Rnf25,57751,14.77995,Rnf25,
Bach2,12014,15.303024,Bach2,
Cdh2,12558,14.803489,Cdh2,
Glce,93683,14.748047,Glce,
Phf15,76901,16.138899,Jade2,
Parp10,671535,15.03923,Parp10,
Smad5,17129,14.865228,Smad5,
Myo10,17909,14.810819,Myo10,
Polr2f,69833,14.737585,Polr2f,
1190007I07Rik,544717,21.084198,Uqcc6,
Itm2a,16431,15.341144,Itm2a,
Slc24a5,317750,14.751554,Slc24a5,
Ube2i,22196,15.258193,Ube2i,
Prdm16,70673,14.801664,Prdm16,
Dmrt3,240590,15.311101,Dmrt3,
Ndufaf1,69702,14.785345,Ndufaf1,
Kif18a,228421,14.807149,Kif18a,
Actn4,60595,15.0860615,Actn4,
Ccdc163,68394,16.443554,Ccdc163,
Fam179b,328108,14.529585,Togaram1,
Fxyd5,18301,15.423847,Fxyd5,
Sema4c,20353,14.870989,Sema4c,
Eno3,13808,15.170491,Eno3,
Lrch3,70144,14.790761,Lrch3,
Sox7,20680,14.814498,Sox7,
Snx21,101113,14.511758,Snx21,
Ilf2,67781,14.816343,Ilf2,
F2r,14062,14.781747,F2r,
Ntn5,243967,15.204866,Ntn5,
Fam13c,71721,14.96061,Fam13c,
Myt1,268930,16.38056,Myt1,
Commd2,52245,14.776367,Commd2,
Orai1,109305,15.6171465,Orai1,
Mthfd2l,665563,15.106662,Mthfd2l,
Mfap2,17150,14.783545,Mfap2,
Gm266,212539,21.712498,Gm266,
Heatr5a,320487,14.851885,Heatr5a,
Serpinf1,20317,14.807149,Serpinf1,
Dock3,208869,14.853782,Dock3,
Prmt10,102182,15.807665,Prmt9,
Doc2g,60425,16.368353,Doc2g,
Nlgn1,192167,14.781747,Nlgn1,
Dhx40,67487,14.76213,Dhx40,
Angel2,52477,14.746298,Angel2,
Neurl2,415115,14.838676,Neurl2,
Pcbp4,59092,14.878709,Pcbp4,
Alas2,11656,15.151249,Alas2,
Hivep3,16656,15.308403,Hivep3,
Il17b,56069,15.263388,Il17b,
Cr1l,12946,17.45571,Cr1l,
Zkscan16,100041581,21.385788,Zkscan16,
Rps6ka3,110651,15.271219,Rps6ka3,
Ttc8,76260,14.77995,Ttc8,
Ppapdc3,227721,16.38056,Plpp7,
Ikbkap,230233,14.445957,Elp1,
Evc2,68525,15.23507,Evc2,
Trmt2b,215201,14.956493,Trmt2b,
Elf1,13637,17.522753,Elf1,
Ncs1,14299,15.156033,Ncs1,
Stx1b,56216,15.146484,Stx1b,
Tmem80,71448,15.3274,Tmem80,
Efna4,13639,15.6171465,Efna4,
1810030O07Rik,69155,22.149912,1810030O07Rik,
Ctsk,13038,14.96061,Ctsk,
Timeless,21853,14.829325,Timeless,
Fbxw11,103583,15.303024,Fbxw11,
Ubtf,21429,14.831189,Ubtf,
Bcs1l,66821,16.58663,Bcs1l,
Gpr137c,70713,14.769229,Gpr137c,
Ftl1,14325,21.385788,Ftl1,
0610010F05Rik,71675,21.084198,Sanbr,
Klhl8,246293,14.785345,Klhl8,
Spata2,263876,14.801664,Spata2,
Tspan31,67125,14.966811,Tspan31,
Slc25a29,214663,15.054654,Slc25a29,
Klhl26,234378,14.77101,Klhl26,
Mpzl3,319742,14.985591,Mpzl3,
Dnajb12,56709,15.300345,Dnajb12,
Rpl8,26961,14.188948,Rpl8,
Zcchc10,67966,14.725483,Zcchc10,
Prkra,23992,15.097465,Prkra,
Adhfe1,76187,14.732386,Adhfe1,
Tshz2,228911,15.061319,Tshz2,
Ebi3,50498,14.89429,Ebi3,
Zrsr1,22183,7.2169294,Zrsr2-ps1,
Ubap2,68926,15.352242,Ubap2,
Alkbh7,66400,14.994026,Alkbh7,
Kif7,16576,14.785345,Kif7,
U2af2,22185,15.6171465,U2af2,
Sirt6,50721,14.311884,Sirt6,
Epm2aip1,77781,16.145107,Epm2aip1,
Tcf7l1,21415,15.33288,Tcf7l1,
Nprl2,56032,14.306887,Nprl2,
Sufu,24069,13.636097,Sufu,
Tbc1d14,100855,14.880647,Tbc1d14,
Neurod2,18013,14.987695,Neurod2,
Agps,228061,14.270004,Agps,
Gnb2l1,14694,16.549742,Rack1,
Ntrk2,18212,15.255603,Ntrk2,
Hist3h2ba,78303,20.400923,H2bc27,
Ddost,13200,14.755068,Ddost,
Slc25a17,20524,14.836801,Slc25a17,
Manbal,69161,14.772793,Manbal,
Akirin2,433693,14.77101,Akirin2,
Rnf141,67150,14.781747,Rnf141,
Clip4,78785,15.113599,Clip4,
Frmpd3,245643,14.788954,Frmpd3,
Sash1,70097,15.45363,Sash1,
Uhrf2,109113,15.229987,Uhrf2,
Prepl,213760,14.732386,Prepl,
Me3,109264,14.810819,Me3,
Ube2k,53323,15.224924,Ube2k,
Dusp10,63953,14.79984,Dusp10,
Ippk,75678,14.803489,Ippk,
Rps6,20104,13.830858,Rps6,
Sec23b,27054,14.861402,Sec23b,
Sc5d,235293,14.825602,Sc5d,
Ephx2,13850,14.987695,Ephx2,
Alg8,381903,14.568452,Alg8,
D630045J12Rik,330286,21.712498,D630045J12Rik,
D430041D05Rik,241589,21.124914,D430041D05Rik,
Utp11l,67205,17.055033,Utp11,
Qser1,99003,14.739323,Qser1,
Zfhx4,80892,14.751554,Zfhx4,
Dcp1a,75901,14.788954,Dcp1a,
Txn1,22166,20.559002,Txn1,
Srgap2,14270,14.838676,Srgap2,
Armcx3,71703,16.235346,Armcx3,
Adamts15,235130,15.240174,Adamts15,
Isca1,69046,14.760362,Isca1,
Pgam5,72542,14.478608,Pgam5,
Wdr13,73447,14.946258,Wdr13,
Zc3h4,330474,14.8825865,Zc3h4,
Epha2,13836,15.313804,Epha2,
Nap1l1,53605,14.774578,Nap1l1,
Traf2,22030,15.271219,Traf2,
Cdh20,23836,15.258193,Cdh20,
Rbl2,19651,14.798019,Rbl2,
Nrm,106582,14.794385,Nrm,
Cdadc1,71891,14.79984,Cdadc1,
Cldn11,18417,15.284377,Cldn11,
Fancg,60534,14.778158,Fancg,
Zfp799,240064,21.385788,Zfp799,
Penk,110182,16.490938,Penk,
Tmc7,209760,15.190022,Tmc7,
Pdia6,71853,14.748047,Pdia6,
Ube2a,22209,14.787148,Ube2a,
Sin3b,20467,14.803489,Sin3b,
Dnajc6,72685,14.763902,Dnajc6,
Bnip1,224630,15.295001,Bnip1,
Kcnv1,67498,14.857587,Kcnv1,
Tnrc6c,217351,15.21988,Tnrc6c,
Xpot,73192,14.77101,Xpot,
9330182L06Rik,231014,21.084198,Elapor2,
Tm9sf4,99237,14.287086,Tm9sf4,
Atad2,70472,15.125248,Atad2,
Gstk1,76263,15.118246,Gstk1,
Id1,15901,14.95444,Id1,
Mfsd10,68294,14.785345,Mfsd10,
Retsat,67442,15.374729,Retsat,
Ddx3y,26900,19.293514,Ddx3y,
Krcc1,57896,15.840231,Krcc1,
Calm3,12315,15.844295,Calm3,
Dctpp1,66422,15.083793,Dctpp1,
Serinc2,230779,14.942185,Serinc2,
Uqcrc1,22273,15.889842,Uqcrc1,
Tbccd1,70573,14.76213,Tbccd1,
Decr2,26378,14.7289295,Decr2,
Phip,93742,17.461943,Phip,
Pros1,19128,14.763902,Pros1,
Macf1,11426,15.386121,Macf1,
Malt1,240354,14.848097,Malt1,
9430020K01Rik,240185,21.084198,Jcad,
Lrig2,269473,14.781747,Lrig2,
Gprasp2,245607,16.683802,Gprasp2,
Slc35b1,73836,18.48137,Slc35b1,
Glt8d1,76485,14.774578,Glt8d1,
Gpatch4,66614,15.240174,Gpatch4,
Prr11,270906,15.092891,Prr11,
Zik1,22775,18.268518,Zik1,
Slitrk4,245446,14.776367,Slitrk4,
Magi1,215748,15.790516,Magi1,
Klhl2,77113,14.792573,Klhl2,
Rarb,218772,15.187564,Rarb,
Znf512b,269401,18.35969,Zfp512b,
Rad21,19357,15.209851,Rad21,
4930444P10Rik,75799,21.385788,4930444P10Rik,
Aph1b,208117,15.292336,Aph1b,
Tspyl4,72480,16.19743,Tspyl4,
Zfp146,26465,21.385788,Zfp146,
Chchd1,66121,14.823745,Chchd1,
Dlx6,13396,15.132289,Dlx6,
B4galt1,14595,15.240174,B4galt1,
Ctxn1,330695,15.214857,Ctxn1,
Stk32a,269019,14.810819,Stk32a,
Zbtb33,56805,14.788954,Zbtb33,
Rprd2,75137,15.311101,Rprd2,
Elmod3,232089,14.825602,Elmod3,
Casc4,319996,14.031098,Golm2,
Peli1,67245,15.255603,Peli1,
Dbn1,56320,14.816343,Dbn1,
Smpd3,58994,14.787148,Smpd3,
Fancl,67030,14.311884,Fancl,
Ttc32,75516,14.842437,Ttc32,
1810043G02Rik,67884,21.084198,Cfap410,
Kcng3,225030,14.785345,Kcng3,
Egr2,13654,15.303024,Egr2,
Syf2,68592,14.710089,Syf2,
Zfp655,72611,20.907745,Zfp655,
Gabra5,110886,14.810819,Gabra5,
Siae,22619,14.878709,Siae,
Abcc8,20927,14.778158,Abcc8,
Mlxip,208104,14.892332,Mlxip,
Tra2a,101214,14.842437,Tra2a,
6330408A02Rik,321008,20.400923,Zswim9,
Kif17,16559,14.820039,Kif17,
Inpp5f,101490,14.723763,Inpp5f,
Rit1,58208,17.723768,Rit1,
Fam195b,192173,17.403778,Mcrip1,
Esd,13885,14.75331,Esd,
Gipr,381853,15.305711,Gipr,
Nfxl1,100978,14.77995,Nfxl1,
Ssbp2,66970,15.271219,Ssbp2,
Sec23ip,207352,14.865228,Sec23ip,
Arhgdia,192662,14.834928,Arhgdia,
Aco2,11429,14.627729,Aco2,
Peo1,226153,17.723768,Twnk,
Slc6a9,14664,14.767451,Slc6a9,
Cntnap4,170571,15.566882,Cntnap4,
Donson,60364,15.144106,Donson,
Dgcr6,13353,15.959076,Dgcr6,
Fam46c,74645,14.385009,Tent5c,
Maz,17188,15.6103325,Maz,
Begain,380785,15.187564,Begain,
Tmem126a,66271,15.004646,Tmem126a,
Med18,67219,14.251948,Med18,
Klhdc9,68874,15.773045,Klhdc9,
Gnpat,14712,14.683161,Gnpat,
Clptm1,56457,14.869065,Clptm1,
Safb2,224902,16.145107,Safb2,
Dsp,666279,16.490938,Dsp,
Oscp1,230751,14.637342,Oscp1,
Itih3,16426,15.87726,Itih3,
Gpc1,14733,15.303024,Gpc1,
Gmeb2,229004,14.805318,Gmeb2,
Naf1,57783,17.653353,Naf1,
Mdn1,100019,14.723763,Mdn1,
Man2a2,140481,14.785345,Man2a2,
Uty,22290,19.479548,Uty,
Rtn4rl2,269295,15.420906,Rtn4rl2,
Hus1,15574,14.767451,Hus1,
Mpp6,56524,13.955534,Pals2,
Gabra3,14396,15.0860615,Gabra3,
Gtpbp3,69237,18.764015,Gtpbp3,
Lias,79464,14.703305,Lias,
Wbscr22,66138,14.458488,Bud23,
Esco1,77805,15.137002,Esco1,
Dcaf17,75763,14.734116,Dcaf17,
Emb,19009,18.24816,Emb,
Rictor,78757,14.527916,Rictor,
Mbd2,17191,15.059093,Mbd2,
Srpk2,20817,14.869065,Srpk2,
Sla,15203,16.138899,Sla,
Daglb,231871,14.756831,Daglb,
Procr,19124,15.499626,Procr,
Lmo7,380928,15.217366,Lmo7,
Prkdc,19090,14.760362,Prkdc,
Tmem160,69094,15.095176,Tmem160,
Zfp532,328977,21.385788,Zfp532,
Thap4,67026,14.825602,Thap4,
Zfp651,270210,19.950861,Zbtb47,
Cryzl1,66609,14.756831,Cryzl1,
Aco1,11428,14.645408,Aco1,
Stil,20460,14.755068,Stil,
Tmie,20776,14.805318,Tmie,
Cpsf1,94230,14.418811,Cpsf1,
Agbl3,76223,15.502751,Agbl3,
Zc3hc1,232679,14.778158,Zc3hc1,
Gphn,268566,15.242732,Gphn,
Ptprf,19268,15.289679,Ptprf,
Mina,67014,14.625904,Riox2,
Dap,15874,17.403778,Dap,
Usp10,22224,14.353864,Usp10,
Sh3gl2,20404,15.319224,Sh3gl2,
Dgki,320127,14.812657,Dgki,
Pcyox1l,240334,15.172917,Pcyox1l,
Dock1,330662,14.767451,Dock1,
Necap1,67602,14.833056,Necap1,
Sema4f,20355,15.168071,Sema4f,
Sergef,27414,14.686496,Sergef,
Spint2,20733,15.165653,Spint2,
Dbpht2,386753,22.813986,Dbpht2,
Srp72,66661,14.220066,Srp72,
Unk,217331,14.313136,Unk,
Hdac9,79221,15.297668,Hdac9,
Rragb,245670,16.297264,Rragb,
Akr1e1,56043,21.712498,Akr1e1,
Fzd2,57265,14.872914,Fzd2,
Ring1,19763,15.603551,Ring1,
Cdr2,12585,15.258193,Cdr2,
Gpbp1,73274,15.32467,Gpbp1,
Hexdc,238023,13.74042,Hexd,
Jmy,57748,14.772793,Jmy,
Akap11,219181,14.769229,Akap11,
Dusp16,70686,14.814498,Dusp16,
Magee2,272790,16.450022,Magee2,
Traf3ip2,103213,15.313804,Traf3ip2,
CK137956,635169,21.712498,CK137956,
Mertk,17289,15.321943,Mertk,
Mrpl28,68611,14.240048,Mrpl28,
Adc,73748,15.630132,Adc,
C1ql3,227580,15.386121,C1ql3,
Rfc2,19718,14.608718,Rfc2,
Xpo6,74204,14.765675,Xpo6,
Idh2,269951,14.613444,Idh2,
Cdh7,23836,16.095396,Cdh7,
Mospd3,68929,16.089886,Mospd3,
Arv1,68865,14.254341,Arv1,
Rpl9,20005,13.92963,Rpl9,
Nek7,59125,14.76213,Nek7,
Dmxl1,240283,14.994026,Dmxl1,
Lrrfip2,71268,14.755068,Lrrfip2,
Vcl,22330,15.194951,Vcl,
Adra2a,11551,14.730656,Adra2a,
Rbm3,19652,16.134892,Rbm3,
Rab13,68328,15.00892,Rab13,
Trpc6,22068,15.242732,Trpc6,
Rundc3b,242819,14.778158,Rundc3b,
Chodl,246048,14.755068,Chodl,
Dlgap4,228836,15.313804,Dlgap4,
Cnot8,69125,14.790761,Cnot8,
Lyrm2,108755,14.739323,Lyrm2,
D17H6S53E,114585,21.712498,D17H6S53E,
Ap1s1,11769,15.061319,Ap1s1,
Prdx3,11757,14.758595,Prdx3,
Fdxacb1,382137,14.827461,Fdxacb1,
Celsr3,107934,14.844321,Celsr3,
Hebp1,15199,15.242732,Hebp1,
Rnf135,71956,15.630885,Rnf135,
Prdx2,21672,15.151249,Prdx2,
Chpt1,212862,14.781747,Chpt1,
Dcun1d2,102323,15.36063,Dcun1d2,
Ablim2,231148,14.746298,Ablim2,
Rps23,66475,14.210768,Rps23,
Igf2r,16004,14.755068,Igf2r,
Rhoq,104215,14.914032,Rhoq,
Ap4s1,11782,14.730656,Ap4s1,
Dlat,235339,14.744551,Dlat,
Med12l,329650,15.423847,Med12l,
Tmco6,71983,14.785345,Tmco6,
Pxmp2,19301,15.111282,Pxmp2,
Ptpre,19267,15.300345,Ptpre,
Morc3,338467,15.265992,Morc3,
Lpin2,64898,14.769229,Lpin2,
Npnt,114249,15.276467,Npnt,
Rnf2,19821,14.760362,Rnf2,
Unc79,217843,14.51761,Unc79,
Racgap1,26934,14.749799,Racgap1,
Prdm8,77630,15.366252,Prdm8,
Hgf,17295,15.953397,Hgf,
Galnt7,108150,14.756831,Galnt7,
Spopl,76857,15.292336,Spopl,
Thap11,59016,14.898214,Thap11,
Sult2b1,54200,15.769197,Sult2b1,
St6galnac6,50935,14.792573,St6galnac6,
Trak1,67095,15.258193,Trak1,
Amigo3,320844,14.790761,Amigo3,
Kif11,16551,14.772793,Kif11,
Gak,231580,14.792573,Gak,
Birc2,11797,15.095176,Birc2,
Tomm40l,641376,14.938125,Tomm40l,
Kcnn1,84036,15.412123,Kcnn1,
Ntm,235106,15.125248,Ntm,
Snapc1,75627,15.287025,Snapc1,
Rab26,328778,14.934078,Rab26,
Yy1,22632,15.3274,Yy1,
Plch1,269437,14.749799,Plch1,
Rchy1,68098,14.386594,Rchy1,
Pdp2,382051,14.814498,Pdp2,
Msl1,74026,15.163241,Msl1,
Pcdhb13,93884,19.032642,Pcdhb13,
Tmem11,216821,14.769229,Tmem11,
Lypd1,72585,15.043619,Lypd1,
Ctrl,109660,15.313804,Ctrl,
Carf,241066,15.102055,Carf,
Ccdc137,67291,14.788954,Ccdc137,
Gpr155,68526,15.265992,Gpr155,
Mkrn1,54484,14.776367,Mkrn1,
Ap1g2,11766,15.097465,Ap1g2,
Nmt1,18107,15.118246,Nmt1,
Uhrf1,18140,14.656782,Uhrf1,
Lsg1,224092,14.699925,Lsg1,
Spc25,66442,14.642174,Spc25,
Abcc1,17250,14.994026,Abcc1,
Slc36a1,215335,15.36063,Slc36a1,
Uprt,331487,14.790761,Uprt,
Phf10,72057,14.749799,Phf10,
Neto2,74513,15.125248,Neto2,
Etfdh,66841,14.756831,Etfdh,
Gpi1,14755,18.48137,Gpi1,
Anxa5,11747,15.313804,Anxa5,
Actr1b,226977,15.217366,Actr1b,
Nipa2,93790,14.756831,Nipa2,
Prox1,17168,16.183863,Prox1,
Irs2,384783,15.34391,Irs2,
Basp1,70350,14.849989,Basp1,
Ccdc138,76138,15.209851,Ccdc138,
Akr1b10,67861,17.827356,Akr1b10,
Slc25a26,67582,14.748047,Slc25a26,
Ufsp1,70240,14.594637,Ufsp1,
Wdr37,207615,14.356451,Wdr37,
Ephb4,13846,15.712831,Ephb4,
Dusp28,67446,14.829325,Dusp28,
Kcnma1,16531,15.27384,Kcnma1,
Arhgap8,109270,17.099623,Arhgap8,
Mospd1,70380,14.774578,Mospd1,
Fstl5,213262,14.647025,Fstl5,
Clip3,76686,14.94422,Clip3,
C1qtnf4,67445,14.825602,C1qtnf4,
Ank1,11733,15.242732,Ank1,
Pecr,111175,14.812657,Pecr,
Cox8a,12868,17.52795,Cox8a,
Gpr173,70771,15.192484,Gpr173,
Lrp6,16974,14.79984,Lrp6,
Msh3,17686,14.597752,Msh3,
Endod1,71946,15.313804,Endod1,
Aimp2,231872,14.397246,Aimp2,
Slc38a5,209837,15.769197,Slc38a5,
Mgat3,17309,15.021824,Mgat3,
Syne1,64009,15.383263,Syne1,
Zmynd10,114602,14.318157,Zmynd10,
Gnb2,14693,15.204866,Gnb2,
Kdm5a,214899,14.794385,Kdm5a,
Cox19,68033,15.550551,Cox19,
Ddx17,67040,15.050228,Ddx17,
Pigg,433931,14.803489,Pigg,
Nup155,170762,14.751554,Nup155,
Bcap31,27061,14.996142,Bcap31,
Naa40,70999,14.34613,Naa40,
Fam105a,223433,14.61879,Otulinl,
Ube2cbp,70348,18.049635,Ube3d,
Stk38,106504,15.321943,Stk38,
Dvl2,13543,15.158431,Dvl2,
Mrpl47,74600,14.240048,Mrpl47,
Gtpbp2,56055,15.253019,Gtpbp2,
Abhd5,67469,15.182663,Abhd5,
Lime1,72699,15.521661,Lime1,
Slit2,20563,14.746298,Slit2,
Cyb561,13056,15.73135,Cyb561,
Khdrbs2,170771,14.820039,Khdrbs2,
Rab23,19335,14.270004,Rab23,
Zdhhc5,228136,15.33288,Zdhhc5,
Mocs2,17434,15.144106,Mocs2,
Gmds,218138,14.737585,Gmds,
Grik1,14805,15.099758,Grik1,
Ankdd1b,271144,14.833056,Ankdd1b,
E330009J07Rik,243780,21.084198,Dennd11,
Neurod1,18012,14.796202,Neurod1,
Nphp3,74025,14.787148,Nphp3,
Car15,80733,16.308846,Car15,
Amotl1,75723,15.160834,Amotl1,
Zhx1,22770,15.146484,Zhx1,
Rps6kc1,17164,18.764015,Rps6kc1,
Rasd1,19416,14.940153,Rasd1,
Sft2d3,67158,14.922014,Sft2d3,
Kcnh7,170738,14.776367,Kcnh7,
Rps19,20085,10.34811,Rps19,
Bag2,213539,14.751554,Bag2,
Gpr165,76206,21.124914,Gpr165,
Dpf2,19708,14.975123,Dpf2,
Atg2a,329015,15.081528,Atg2a,
Trim62,67525,15.600176,Trim62,
Ubr1,22222,14.238865,Ubr1,
Pkdcc,106522,15.330138,Pkdcc,
Htr3a,15561,15.077009,Htr3a,
Cdkn1a,12575,14.859492,Cdkn1a,
Gm527,217648,21.712498,Gm527,
As3mt,57344,14.870989,As3mt,
Zdhhc12,66220,15.287025,Zdhhc12,
Pcolce2,76477,15.287025,Pcolce2,
Cep68,216543,14.818189,Cep68,
Tmem74,239408,15.065784,Tmem74,
4921507P07Rik,70821,21.084198,Spmip4,
Tubg2,103768,17.201242,Tubg2,
Stxbp6,217517,14.787148,Stxbp6,
Slc30a5,69048,14.774578,Slc30a5,
Cdc73,214498,14.661687,Cdc73,
Dusp12,80915,14.774578,Dusp12,
Bclaf1,72567,15.284377,Bclaf1,
Socs6,54607,15.180221,Socs6,
Twsg1,65960,15.27384,Twsg1,
Gjc1,353155,17.586458,Gjc1,
Pigw,70325,14.77101,Pigw,
Fam122b,78755,13.977319,Pabir2,
Fam135b,70363,14.827461,Fam135b,
Echdc2,52430,14.818189,Echdc2,
Parvb,170736,14.803489,Parvb,
Aen,68048,15.573475,Aen,
Arl4d,80981,15.120575,Arl4d,
Fkbp14,231997,14.262752,Fkbp14,
Slc4a7,218756,15.03923,Slc4a7,
E2f5,13559,14.758595,E2f5,
Slc4a10,94229,15.23762,Slc4a10,
Slc41a3,71699,15.281735,Slc41a3,
Gria4,14802,15.265992,Gria4,
Fam120c,207375,15.163241,Fam120c,
Inadl,12695,17.145752,Patj,
Ubap2l,74383,14.785345,Ubap2l,
Gtdc1,227835,14.790761,Gtdc1,
Bid,12122,15.397614,Bid,
Lypla2,26394,14.788954,Lypla2,
Taf10,24075,14.619775,Taf10,
Impad1,242291,13.986133,Bpnt2,
Mbd5,17257,16.709167,Mbd5,
Parp2,11546,15.037041,Parp2,
Gad2,14417,14.7428055,Gad2,
Lrch1,380916,14.831189,Lrch1,
1110034G24Rik,73747,21.084198,Shld1,
Drg2,13495,14.774578,Drg2,
Foxf2,14238,15.33288,Foxf2,
Mdga1,74762,15.175347,Mdga1,
Garnl3,99326,14.734116,Garnl3,
Perp,64058,15.011063,Perp,
Gtf2ird2,114674,20.721714,Gtf2ird2,
Sdcbp2,60409,18.61524,Sdcbp2,
Usf1,22278,15.002515,Usf1,
Myo5b,17919,14.842437,Myo5b,
Dync1i2,13427,15.197422,Dync1i2,
Taf6l,225895,14.962674,Taf6l,
Sae1,56459,14.886476,Sae1,
Atg12,67526,14.217735,Atg12,
Galk2,69976,14.746298,Galk2,
Fam117a,215512,15.509024,Fam117a,
Rap2a,76108,15.3274,Rap2a,
Gdap2,14547,14.326993,Gdap2,
Eif5a,276770,15.139367,Eif5a,
Mtmr7,54384,15.284377,Mtmr7,
2810004N23Rik,66523,21.084198,Fsaf1,
Flywch2,76917,16.326412,Flywch2,
Pthlh,19227,15.287025,Pthlh,
Nup93,71805,14.781747,Nup93,
Tbrg1,21376,15.041421,Tbrg1,
Nup133,234865,14.282184,Nup133,
Xrn2,24128,14.71179,Xrn2,
Pcdhb18,93889,20.721714,Pcdhb18,
Tmem170,66817,20.721714,Tmem170,
Ahr,11622,15.190022,Ahr,
Hadha,97212,15.255603,Hadha,
Rai1,497106,16.354332,Rai1,
Fam98b,68215,14.785345,Fam98b,
5730455P16Rik,70591,21.385788,5730455P16Rik,
Ddt,13202,15.481031,Ddt,
Plat,18791,14.774578,Plat,
Pcdhb9,93880,20.2843,Pcdhb9,
Zranb1,360216,15.2452965,Zranb1,
Nbeal1,269198,14.787148,Nbeal1,
Rad51c,114714,14.774578,Rad51c,
Fam20c,80752,15.341144,Fam20c,
Scand1,19018,16.160583,Scand1,
Has3,15118,14.827461,Has3,
Aff2,14266,14.816343,Aff2,
Snap91,20616,15.255603,Snap91,
Slc30a4,22785,14.765675,Slc30a4,
Serinc1,56442,14.781747,Serinc1,
Ncapg,54392,14.76213,Ncapg,
Txlna,109658,14.816343,Txlna,
Nphp1,53885,14.77995,Nphp1,
Atxn7,246103,15.09061,Atxn7,
Eomes,13813,15.224924,Eomes,
Klf11,194655,15.217366,Klf11,
Tceb3,27224,14.590702,Eloa,
Pi4k2a,84095,14.783545,Pi4k2a,
Rps19bp1,66538,14.796202,Rps19bp1,
Mgp,17313,14.872914,Mgp,
Ahdc1,230793,14.774578,Ahdc1,
Scn4b,399548,15.281735,Scn4b,
Cry2,12953,14.599313,Cry2,
Zfp354c,30944,20.721714,Zfp354c,
Rbm41,237073,14.803489,Rbm41,
Nek6,59126,14.9793005,Nek6,
BC065397,436230,21.385788,BC065397,
Naaa,67111,15.202379,Naaa,
Cpa2,232680,15.84837,Cpa2,
Fxn,14297,14.763902,Fxn,
Tinf2,28113,15.095176,Tinf2,
Snx30,209131,14.774578,Snx30,
Lhfpl4,269788,15.284377,Lhfpl4,
Mtx2,53375,14.751554,Mtx2,
Mt2,244701,16.929543,Mt2,
Rnf19b,75234,14.758595,Rnf19b,
Ctsb,13030,14.865228,Ctsb,
Rttn,246102,14.77101,Rttn,
Gorasp2,70231,14.855682,Gorasp2,
Slc25a37,67712,14.848097,Slc25a37,
Urb1,207932,14.77101,Urb1,
Rhbdd3,279766,15.088334,Rhbdd3,
H2afy,26914,17.193527,Macroh2a1,
Gnrh1,14714,15.253019,Gnrh1,
Eaf1,74427,14.699925,Eaf1,
Mapk11,19094,14.89625,Mapk11,
Nasp,50927,14.457435,Nasp,
Pir,18722,17.653353,Pir,
Ralgps2,78255,14.760362,Ralgps2,
3632451O06Rik,67419,21.084198,Armh4,
Raph1,77300,15.279097,Raph1,
Ssh2,237860,15.305711,Ssh2,
Stk4,18481,17.586458,Stk4,
Myo6,17920,15.263388,Myo6,
Gstm7,68312,21.124914,Gstm7,
Trh,22044,14.442123,Trh,
E2f6,50496,14.865228,E2f6,
Tgfbrap1,73122,14.774578,Tgfbrap1,
Kdm4c,76804,14.90215,Kdm4c,
Gtse1,29870,14.805318,Gtse1,
H3f3a,15078,17.71971,H3f3a,
Mtrf1l,108853,14.787148,Mtrf1l,
Ube2e3,22193,15.132289,Ube2e3,
Shoc2,56392,14.77995,Shoc2,
Stk39,53416,14.77995,Stk39,
Taldo1,21351,14.769229,Taldo1,
Spag8,433700,14.981395,Spag8,
Dbx2,223843,14.95444,Dbx2,
Sipa1l1,217692,14.758595,Sipa1l1,
Cdc45,12544,14.192369,Cdc45,
Adam10,11487,15.255603,Adam10,
Kcnip3,56461,15.600176,Kcnip3,
Ltbr,17000,16.05593,Ltbr,
Ptcd1,71799,14.849989,Ptcd1,
Haghl,68977,15.881441,Haghl,
Fam105b,432940,16.012417,Otulin,
Paxip1,55982,14.7428055,Paxip1,
Rps27a,22186,17.294525,Rps27a,
Phf3,213109,14.76213,Phf3,
Ubxn2b,68053,15.319224,Ubxn2b,
Tab3,66724,14.77101,Tab3,
Kbtbd8,243574,14.787148,Kbtbd8,
Trerf1,224829,15.2452965,Trerf1,
Nrip1,268903,15.311101,Nrip1,
Klhl21,242785,14.794385,Klhl21,
Dalrd3,67789,14.778158,Dalrd3,
Tcea1,21399,14.763902,Tcea1,
1700030K09Rik,72254,21.385788,1700030K09Rik,
Cadm2,239857,15.284377,Cadm2,
Actr5,109275,14.758595,Actr5,
Gadd45a,13197,15.369071,Gadd45a,
Adamts17,233332,14.776367,Adamts17,
Tmem56,99887,14.817313,Tlcd4,
Stat3,20848,14.796202,Stat3,
Glg1,20340,14.562366,Glg1,
Prkar1a,19084,15.2452965,Prkar1a,
Samd4,74480,21.385788,Samd4,
Mrps26,99045,14.32826,Mrps26,
Gm12942,100039968,20.400923,Tmem35b,
Rasl10a,75668,15.148865,Rasl10a,
Fzd9,14371,15.3274,Fzd9,
Chgb,12653,14.820039,Chgb,
Gprc5b,64297,15.303024,Gprc5b,
Rpain,69723,14.760362,Rpain,
Gadd45b,17873,15.34946,Gadd45b,
Trafd1,231712,14.827461,Trafd1,
Gm5148,381438,22.813986,Gm5148,
Aprt,11821,14.273645,Aprt,
Slc16a4,229699,14.803489,Slc16a4,
Psmc2,19181,14.755068,Psmc2,
Add2,11519,14.846208,Add2,
F3,18354,15.992452,F3,
Scube2,56788,14.7428055,Scube2,
Rala,56044,14.645408,Rala,
Myrip,245049,15.338383,Myrip,
Btf3,218490,14.760362,Btf3,
Tuba4a,22145,16.380587,Tuba4a,
Ly86,17084,15.190022,Ly86,
Coq10a,210582,14.981395,Coq10a,
Rnf34,80751,15.297668,Rnf34,
Tspan9,109246,15.284377,Tspan9,
Adnp,11538,15.305711,Adnp,
Arhgef10,234094,14.794385,Arhgef10,
Gm13251,433791,20.400923,Zfp992,
Rftn1,76438,15.258193,Rftn1,
Trub1,72133,14.801664,Trub1,
Sertad1,55942,15.8856325,Sertad1,
Dab2ip,69601,15.240174,Dab2ip,
Zfp369,170936,22.149912,Zfp369,
Mre11a,17535,16.145107,Mre11a,
Psmc3ip,19183,14.79984,Psmc3ip,
Muc1,17829,15.5153265,Muc1,
Mycn,18109,14.814498,Mycn,
Fat3,270120,15.313804,Fat3,
Gng3,14704,15.1346445,Gng3,
Aes,14797,14.458488,Tle5,
Cyp2s1,74134,17.68572,Cyp2s1,
Zfp629,320683,21.712498,Zfp629,
Tmem65,74868,14.765675,Tmem65,
Kbtbd2,210973,14.796202,Kbtbd2,
Zfp84,74352,20.559002,Zfp84,
Ptges2,96979,15.297668,Ptges2,
Socs2,216233,14.855682,Socs2,
Gnpda2,67980,15.037041,Gnpda2,
Wbp1,22377,14.825602,Wbp1,
Arf2,11841,18.29505,Arf2,
Map2k4,26398,15.224924,Map2k4,
Patz1,56218,14.776367,Patz1,
Cebpa,12606,14.861402,Cebpa,
Apex2,77622,15.095176,Apex2,
Polg,18975,14.763902,Polg,
Stx12,100226,14.876775,Stx12,
9230110C19Rik,234912,21.084198,Cfap300,
Rsf1,233532,14.7169075,Rsf1,
C1d,57316,14.774578,C1d,
Kbtbd11,74901,15.160834,Kbtbd11,
Ppp1ca,19045,15.432711,Ppp1ca,
Ap1s3,252903,15.23762,Ap1s3,
Myl9,98932,15.391854,Myl9,
Gbas,14467,14.503292,Nipsnap2,
2010107G23Rik,69894,21.084198,Fam241b,
Ppp2r2d,52432,14.910059,Ppp2r2d,
Enpp4,224794,14.808982,Enpp4,
Hspa1l,15482,17.374008,Hspa1l,
Csnk1d,104318,15.247865,Csnk1d,
Auh,11992,14.763902,Auh,
Kcnc2,268345,14.803489,Kcnc2,
Sos1,20662,14.989801,Sos1,
Fah,14085,14.756831,Fah,
0610037L13Rik,74098,21.084198,Czib,
Ndufb2,68198,14.673205,Ndufb2,
Chd5,71446,17.798098,Chd5,
Ly6h,23934,16.418001,Ly6h,
Cartpt,27220,15.36063,Cartpt,
Ephb3,13845,15.187564,Ephb3,
4833420G17Rik,67392,21.124914,4833420G17Rik,
Znhit3,448850,14.760362,Znhit3,
Cbfa2t2,12396,14.859492,Cbfa2t2,
Josd1,74158,14.787148,Josd1,
Smu1,74255,14.571505,Smu1,
4833424O15Rik,75769,21.084198,Plppr5,
Tspo,12257,14.565405,Tspo,
Slc12a5,57138,15.363438,Slc12a5,
Spop,20747,14.8825865,Spop,
Zfpm2,22762,15.292336,Zfpm2,
Siah1a,20437,22.813986,Siah1a,
Maf,17132,15.170491,Maf,
Eml2,72205,15.125248,Eml2,
Thsd7b,210417,15.352242,Thsd7b,
Pcmt1,18537,15.292336,Pcmt1,
Kdm5c,20591,15.052439,Kdm5c,
Ptchd1,211612,14.755068,Ptchd1,
Tesk2,230661,14.834928,Tesk2,
Ctps,51797,17.586458,Ctps1,
4922501C03Rik,382090,21.084198,Cep162,
Cgn,70737,15.487201,Cgn,
Snx1,56440,14.58688,Snx1,
Rhoc,11853,15.371898,Rhoc,
Slc4a8,59033,14.938125,Slc4a8,
Hist1h3e,319151,19.614708,H3c6,
Gfpt1,14583,14.964741,Gfpt1,
Tada1,27878,14.769229,Tada1,
Lrp1,16971,14.810819,Lrp1,
Macrod2,72899,14.872914,Macrod2,
Fam81a,76886,15.352242,Fam81a,
Uggt2,66435,14.796202,Uggt2,
Rrm2b,382985,14.827461,Rrm2b,
Adamts10,224697,14.827461,Adamts10,
Sec11a,56529,14.803489,Sec11a,
Psd2,100035452,17.960428,Psd2,
Aifm2,71361,14.859492,Aifm2,
Ccny,67974,14.737585,Ccny,
Nhlh1,18071,15.432711,Nhlh1,
Fuca2,66848,14.746298,Fuca2,
Ifi30,65972,15.341144,Ifi30,
Slc16a14,71781,15.313804,Slc16a14,
Serf2,378702,15.420906,Serf2,
Gpr26,233919,15.083793,Gpr26,
Phc2,54383,15.409207,Phc2,
Grip1,17978,17.960428,Grip1,
Ccng2,12452,14.776367,Ccng2,
Zfp81,224694,21.124914,Zfp81,
Wdr36,225348,14.77101,Wdr36,
Wnt3,22415,14.840556,Wnt3,
Cdc42ep4,56699,15.388985,Cdc42ep4,
Slc35d3,76157,14.940153,Slc35d3,
Eri2,71151,14.846208,Eri2,
Dot1l,208266,14.776367,Dot1l,
Rimbp2,231760,15.102055,Rimbp2,
Anapc13,69010,14.783545,Anapc13,
Zfp316,54201,21.385788,Zfp316,
Pknox1,18771,15.255603,Pknox1,
Pgp,18671,16.77867,Pgp,
Cd68,12514,15.374729,Cd68,
Nolc1,70769,14.772793,Nolc1,
Nt5dc3,103466,14.776367,Nt5dc3,
Usp15,14479,15.170491,Usp15,
Zkscan4,544922,16.857948,Zkscan4,
Ubash3b,72828,15.253019,Ubash3b,
Prpsap2,212627,14.9793005,Prpsap2,
Dag1,13138,14.77995,Dag1,
Pnma1,70481,16.240856,Pnma1,
Rbm7,67010,14.831189,Rbm7,
Coq3,230027,14.166368,Coq3,
Ndufa11,69875,14.818189,Ndufa11,
Dok3,27261,14.9793005,Dok3,
Tipin,66131,14.79984,Tipin,
Vps39,269338,14.299425,Vps39,
Hist1h4k,319160,19.950861,H4c12,
Atp6v0a1,11975,15.202379,Atp6v0a1,
Zfp74,72723,21.385788,Zfp74,
Riok3,66878,14.787148,Riok3,
Pcdhb4,93875,17.272493,Pcdhb4,
Rpp14,67053,14.798019,Rpp14,
Wdr12,57750,14.788954,Wdr12,
Phf1,21652,15.041421,Phf1,
Armc7,276905,14.792573,Armc7,
Deaf1,380959,17.960428,Deaf1,
Map3k9,338372,14.767451,Map3k9,
Epb4.1l2,13822,19.614708,Epb41l2,
Pou2f1,18986,15.2224,Pou2f1,
Smc4,70099,14.651894,Smc4,
Galntl6,270049,15.120575,Galntl6,
Entpd4,67464,14.783545,Entpd4,
Susd3,66329,14.89625,Susd3,
Eif4e3,66892,14.834928,Eif4e3,
Urb2,382038,14.751554,Urb2,
Dgat1,13350,15.5153265,Dgat1,
Rnf31,268749,15.394731,Rnf31,
Sh3bp5,24056,15.313804,Sh3bp5,
Tmem229a,319832,15.377568,Tmem229a,
Fibcd1,98970,15.255603,Fibcd1,
Atxn3,110616,14.803489,Atxn3,
Dact3,629378,15.824109,Dact3,
Rpl10a,19896,14.648645,Rpl10a,
Gpatch1,67471,14.765675,Gpatch1,
2310035C23Rik,227446,21.084198,Relch,
Pttg1,30939,14.910059,Pttg1,
Zwilch,68014,14.412033,Zwilch,
Dnajb1,81489,15.5968075,Dnajb1,
Ttc9,69480,15.2452965,Ttc9,
Qrich1,69232,15.106662,Qrich1,
Kcnd1,16506,15.185111,Kcnd1,
Kdm6a,22289,14.765675,Kdm6a,
Zfp213,449521,21.124914,Zfp213,
Faim2,72393,15.258193,Faim2,
Tagap1,380608,22.149912,Tagap1,
Slc24a3,94249,14.848097,Slc24a3,
Tbc1d25,209815,14.966811,Tbc1d25,
Mageh1,75625,16.350212,Mageh1,
Tatdn1,69694,14.715199,Tatdn1,
Klhdc2,69554,14.834928,Klhdc2,
Eps15l1,13859,15.23507,Eps15l1,
Camk2g,12325,15.313804,Camk2g,
Hs3st5,319415,15.170491,Hs3st5,
Bicd1,12121,15.287025,Bicd1,
Zfp319,79233,21.385788,Zfp319,
Slc5a6,330064,15.438654,Slc5a6,
Dnase1l1,69537,15.289679,Dnase1l1,
Cd247,12503,15.032674,Cd247,
Il1rapl2,60367,14.855682,Il1rapl2,
Ppp3cb,19056,14.934078,Ppp3cb,
Pygo1,72135,15.137002,Pygo1,
Tmem180,75146,16.549742,Mfsd13a,
Mapkbp1,26390,14.755068,Mapkbp1,
Cnr1,100384868,18.145218,Cnr1,
Aldh9a1,56752,15.338383,Aldh9a1,
Atp6ap2,70495,14.315645,Atp6ap2,
Gpr116,224792,15.972783,Adgrf5,
G6pd2,14380,20.907745,G6pd2,
Aak1,269774,15.207356,Aak1,
Tmsb10,19240,16.19743,Tmsb10,
G2e3,217558,14.76213,G2e3,
Rfng,19719,14.823745,Rfng,
Micall2,231830,15.346683,Micall2,
Ccdc130,67736,13.921398,Yju2b,
Hexb,15212,14.803489,Hexb,
Vps33a,77573,14.769229,Vps33a,
Cetn2,26370,15.056872,Cetn2,
Spry2,24064,14.798019,Spry2,
Gfpt2,14584,14.870989,Gfpt2,
Crtc1,382056,15.279097,Crtc1,
Polr1b,20017,14.704997,Polr1b,
Usp40,227334,14.827461,Usp40,
Prima1,170952,14.788954,Prima1,
Slc25a28,246696,14.796202,Slc25a28,
Tdrd7,100121,15.330138,Tdrd7,
Slc7a5,20539,14.718618,Slc7a5,
Zfp821,75871,21.385788,Zfp821,
Hcfc2,67933,14.810819,Hcfc2,
Gpc6,23888,15.313804,Gpc6,
Pabpc5,93728,16.356232,Pabpc5,
Tmem120a,215210,15.240174,Tmem120a,
Abtb1,80283,14.763902,Abtb1,
Scly,50880,14.751554,Scly,
Pde10a,23984,14.75331,Pde10a,
Isg20,57444,15.357829,Isg20,
Gm166,233899,19.950861,Cfap119,
Dtl,76843,14.756831,Dtl,
Grm3,108069,14.831189,Grm3,
Creb5,231991,15.182663,Creb5,
Otx1,18423,14.82189,Otx1,
Fnbp1,14269,15.212351,Fnbp1,
Gm13306,100039863,20.400923,Ccl27al,
Ppt2,54397,14.831189,Ppt2,
Zc3h7b,20286,15.279097,Zc3h7b,
Lrrn1,16979,14.783545,Lrrn1,
Ermp1,226090,15.061319,Ermp1,
Dcp1b,319618,14.788954,Dcp1b,
Atp11b,76295,14.790761,Atp11b,
Atp11c,320940,14.79984,Atp11c,
Bmi1,12151,15.550551,Bmi1,
Pcgf2,22658,15.263388,Pcgf2,
Lrwd1,71735,14.774578,Lrwd1,
Cyp20a1,77951,16.530252,Cyp20a1,
Atg7,74244,14.1980915,Atg7,
Srgap3,14270,17.653353,Srgap3,
Zfp868,234362,21.385788,Zfp868,
Zdhhc9,208884,14.758595,Zdhhc9,
Rasd2,75141,15.3274,Rasd2,
Homer1,26556,15.170491,Homer1,
Mtf1,17764,14.763902,Mtf1,
Nat9,66176,14.7289295,Nat9,
Tcof1,21453,15.095176,Tcof1,
Nkd1,93960,14.772793,Nkd1,
Atox1,11927,14.393242,Atox1,
Hltf,20585,14.906099,Hltf,
Tgfb1i1,21804,15.557058,Tgfb1i1,
Npy1r,18166,15.141735,Npy1r,
Ddx39,68278,17.653353,Ddx39a,
Chordc1,66917,15.265992,Chordc1,
Kars,85305,14.111189,Kars1,
Tex261,67781,18.48137,Tex261,
Pkmyt1,268930,15.063549,Pkmyt1,
Echdc1,52665,14.781747,Echdc1,
Hspb1,15507,14.816343,Hspb1,
Lonrf1,244421,14.827461,Lonrf1,
Ints3,229543,14.332068,Ints3,
Agt,11611,17.01188,Agt,
Whsc1l1,234135,14.576877,Nsd3,
Tpmt,22017,15.21988,Tpmt,
Hhat,226861,14.763902,Hhat,
Alkbh5,268420,14.796202,Alkbh5,
Mdp1,67881,16.05115,Mdp1,
Surf1,20930,15.104356,Surf1,
Lmbrd2,320506,15.260789,Lmbrd2,
Ube2q2,109161,15.170491,Ube2q2,
Magi2,50791,15.263388,Magi2,
Igsf9b,235086,14.77101,Igsf9b,
Pygb,110078,15.056872,Pygb,
Txnrd2,26462,15.268604,Txnrd2,
Chchd4,72170,15.250441,Chchd4,
Slc2a13,239606,15.224924,Slc2a13,
Wbscr16,94254,17.145752,Rcc1l,
Zfp551,619331,20.721714,Zfp551,
Fam115c,232748,16.6431,Tcaf2,
Kdm2b,30841,15.308403,Kdm2b,
Gspt1,14852,14.836801,Gspt1,
Nkain3,269513,15.27384,Nkain3,
Capns1,12336,15.690949,Capns1,
Ppfibp1,67533,15.330138,Ppfibp1,
Doc2a,13446,15.144106,Doc2a,
Glb1,12091,14.77995,Glb1,
Pomc,18976,15.391854,Pomc,
Pank4,269614,14.776367,Pank4,
Dusp7,235584,14.886476,Dusp7,
Tbck,271981,14.737585,Tbck,
Laptm5,16792,15.394731,Laptm5,
Smarcad1,13990,15.247865,Smarcad1,
Gpr137b,83924,15.355033,Gpr137b,
Nf1,18015,14.605575,Nf1,
Ing4,28019,14.805318,Ing4,
Fbxw5,30839,14.785345,Fbxw5,
Eif4e2,26987,14.751554,Eif4e2,
Ogfrl1,70155,14.863313,Ogfrl1,
Pdcl3,68833,14.798019,Pdcl3,
Hdac2,15182,15.214857,Hdac2,
Trim23,81003,14.808982,Trim23,
Lztfl1,93730,14.798019,Lztfl1,
Lrrc28,67867,14.794385,Lrrc28,
9130023H24Rik,100043133,20.400923,Zfp696,
Mog,17441,14.803489,Mog,
Cntnap1,53321,14.805318,Cntnap1,
Mrpl36,94066,14.840556,Mrpl36,
Sac3d1,66406,15.115923,Sac3d1,
Sass6,72776,14.807149,Sass6,
Mppe1,225651,14.758595,Mppe1,
Baalc,118452,15.341144,Baalc,
Trim24,21848,14.876775,Trim24,
Lingo3,237403,15.33288,Lingo3,
P2rx2,231602,15.021824,P2rx2,
Dyrk2,69181,14.472927,Dyrk2,
Rora,19883,15.313804,Rora,
Gpr22,73010,15.305711,Gpr22,
Zfp60,22718,21.712498,Zfp60,
Efhd2,27984,14.970961,Efhd2,
Rwdd2b,53858,14.756831,Rwdd2b,
D14Abb1e,218850,21.084198,Tasor,
1110057K04Rik,68832,21.084198,Ldah,
Mtmr11,194126,14.884529,Mtmr11,
Fastkd2,75619,14.805318,Fastkd2,
Cbx1,12412,15.313804,Cbx1,
Mthfd2,17768,14.814498,Mthfd2,
Cldn5,12741,15.366252,Cldn5,
Aggf1,66549,14.77995,Aggf1,
Zfp598,213753,21.124914,Zfp598,
Rcbtb2,105670,14.930044,Rcbtb2,
Foxm1,14235,14.796202,Foxm1,
Gzf1,74533,14.872914,Gzf1,
Tmem191c,224019,18.764015,Tmem191,
Mlf1,17349,14.77995,Mlf1,
Ndrg2,29811,15.118246,Ndrg2,
Mak16,67920,14.693194,Mak16,
Sv2c,75209,15.284377,Sv2c,
Ndst4,64580,16.332321,Ndst4,
Osbpl9,100273,14.748047,Osbpl9,
Map6d1,208158,14.94422,Map6d1,
Rgs2,19735,15.050228,Rgs2,
Lrpap1,16976,14.756831,Lrpap1,
S100a10,20194,15.547309,S100a10,
Zfp869,66869,21.385788,Zfp869,
Itga5,16402,15.00892,Itga5,
Lmbrd1,68421,14.739323,Lmbrd1,
Bcl6,12053,15.303024,Bcl6,
1810026J23Rik,69773,21.084198,Timm29,
Ap1g1,11765,14.737585,Ap1g1,
Rbm15b,109095,14.812657,Rbm15b,
Ppox,15171,17.723768,Ppox,
Bckdha,12039,14.394574,Bckdha,
Kcnq2,16536,15.258193,Kcnq2,
Srrd,70118,14.76213,Srrd,
Gpd1l,333433,14.970961,Gpd1l,
Tspan17,74257,15.165653,Tspan17,
Abca7,27403,15.00892,Abca7,
Ptgds,19215,15.898297,Ptgds,
Akap9,100986,14.792573,Akap9,
4930539E08Rik,207819,21.084198,Bnip5,
Pdp1,381511,14.399921,Pdp1,
Arhgap17,70497,15.271219,Arhgap17,
Slc25a44,229517,15.319224,Slc25a44,
Dnajc12,30045,14.758595,Dnajc12,
Tm7sf2,73166,15.056872,Tm7sf2,
Lrrc4b,272381,15.557058,Lrrc4b,
Gm608,207806,20.400923,Usf3,
Nr2f2,11819,14.848097,Nr2f2,
Npas4,225872,15.5153265,Npas4,
Fam64a,109212,14.737434,Pimreg,
Atpif1,11983,14.611712,Atp5if1,
Tmem121,69195,15.444623,Tmem121,
Rcc1,100088,14.323199,Rcc1,
Nrsn2,228777,15.750135,Nrsn2,
2410127L17Rik,67383,21.084198,Carnmt1,
Unc5a,107448,14.805318,Unc5a,
Mpg,268395,14.77101,Mpg,
Plk4,20873,14.758595,Plk4,
Trim65,338364,14.912044,Trim65,
A830010M20Rik,100503185,21.084198,Btbd8,
Nckap5,210356,15.232527,Nckap5,
Map3k15,270672,14.794385,Map3k15,
Mrrf,67871,14.765675,Mrrf,
Pnma2,239157,16.291512,Pnma2,
Grlf1,232906,17.723768,Arhgap35,
Sox18,20672,14.855682,Sox18,
Gpr162,14788,15.341144,Gpr162,
Lrrc3,237387,14.855682,Lrrc3,
Zswim3,67538,15.687339,Zswim3,
D630023F18Rik,98303,20.907745,D630023F18Rik,
Pde4b,18578,15.227454,Pde4b,
Zfp689,71131,20.907745,Zfp689,
Dhx30,72831,14.763902,Dhx30,
Stxbp5l,207227,14.792573,Stxbp5l,
Ch25h,12642,14.790761,Ch25h,
Dcun1d3,233805,14.76213,Dcun1d3,
Khk,16548,14.840556,Khk,
Tagln,21345,14.884529,Tagln,
Ccdc97,52132,15.026153,Ccdc97,
Hist2h4,97122,19.950861,H4c14,
Rab3d,19340,15.7769,Rab3d,
Csmd3,239420,15.271219,Csmd3,
Taok1,216965,15.305711,Taok1,
Nme2,18103,17.309639,Nme2,
Crip1,12925,14.938125,Crip1,
Sh3bgrl2,212531,14.763902,Sh3bgrl2,
Bcat2,12036,15.217366,Bcat2,
Tmem183a,57439,14.794385,Tmem183a,
Mff,75734,15.289679,Mff,
Cyth1,19157,15.313804,Cyth1,
Tmf1,382364,18.35969,Tmf1,
Blvrb,233016,14.991911,Blvrb,
Kcnj12,16515,16.129812,Kcnj12,
Zdhhc17,320150,14.758595,Zdhhc17,
Fam98c,73833,15.86894,Fam98c,
Tcf20,21411,14.810819,Tcf20,
1810011O10Rik,69068,21.084198,Tcim,
Cyp2j6,13110,21.712498,Cyp2j6,
Tyro3,22174,14.783545,Tyro3,
Abl2,11352,14.739323,Abl2,
Elovl2,54326,15.065784,Elovl2,
Tbx6,21389,15.127591,Tbx6,
Ncln,103425,14.796202,Ncln,
Aste1,66595,15.2224,Aste1,
Ptprj,19271,15.308403,Ptprj,
Top1,21969,14.436601,Top1,
D3Ertd254e,241944,21.084198,Zfp267,
Prrg2,65116,15.104356,Prrg2,
Scara3,219151,14.840556,Scara3,
Odc1,18263,14.744551,Odc1,
Nus1,52014,14.751554,Nus1,
Klf2,16598,15.4063,Klf2,
Tom1l2,216810,15.151249,Tom1l2,
Tmub2,72053,14.910059,Tmub2,
Chd2,244059,14.748047,Chd2,
AI429214,621080,21.385788,AI429214,
Syt4,20983,14.347415,Syt4,
Ulk3,71742,14.808982,Ulk3,
Ypel3,66090,15.207356,Ypel3,
Olig2,50913,14.956493,Olig2,
Timp1,21857,15.860674,Timp1,
Apod,11815,15.369071,Apod,
Lrp12,239393,14.798019,Lrp12,
Maml1,103806,14.749799,Maml1,
Mrpl13,68537,14.300665,Mrpl13,
Cd302,66205,15.4476185,Cd302,
Fbxo18,50755,14.684229,Fbh1,
Fem1c,240263,14.827461,Fem1c,
Cyc1,66445,15.976975,Cyc1,
Naa30,70646,14.694873,Naa30,
Rhpn2,52428,14.798019,Rhpn2,
Fermt2,218952,14.730656,Fermt2,
Dach2,93837,15.383263,Dach2,
Mrpl50,28028,14.668258,Mrpl50,
Tmsb15b1,666244,22.813986,Tmsb15b1,
Tomm6,66119,14.95444,Tomm6,
Fam98a,72722,14.781747,Fam98a,
Eml5,319670,14.805318,Eml5,
Prune2,353211,14.878709,Prune2,
Commd3,12238,15.063549,Commd3,
Hint2,68917,14.928033,Hint2,
Surf4,20932,14.267582,Surf4,
Inpp4a,269180,15.276467,Inpp4a,
Col11a1,12814,15.34946,Col11a1,
Pcdha2,353234,19.293514,Pcdha2,
Mrps18b,66973,14.368164,Mrps18b,
Polb,18970,14.588428,Polb,
3110043O21Rik,73205,21.084198,C9orf72,
Spats2,72572,14.904122,Spats2,
Ptprn2,19276,14.831189,Ptprn2,
9430016H08Rik,68115,21.084198,Maip1,
Zfp593,68040,21.385788,Zfp593,
Rassf3,192678,14.788954,Rassf3,
Qpct,70536,14.940153,Qpct,
Zkscan1,74570,16.229862,Zkscan1,
Atn1,13498,14.820039,Atn1,
Ivd,56357,14.663327,Ivd,
Fam73b,108958,17.461943,Miga2,
Ppwd1,238831,14.767451,Ppwd1,
Tap2,21355,15.84837,Tap2,
Shc2,216148,14.867146,Shc2,
Gpr124,78560,15.825035,Adgra2,
Ezh2,14056,14.76213,Ezh2,
Xiap,11798,14.846208,Xiap,
Klrg2,74253,16.186792,Klrg2,
5730508B09Rik,70617,21.084198,Fam241a,
0610040J01Rik,76261,21.084198,Pgcka1,
Ptprn,19275,15.352242,Ptprn,
Sod1,20655,14.232961,Sod1,
Rpl14,67115,10.66355,Rpl14,
Vopp1,232023,15.303024,Vopp1,
Cluap1,76779,14.285857,Cluap1,
Nsun3,106338,14.767451,Nsun3,
Slc12a7,20499,15.593448,Slc12a7,
Tacc2,57752,14.918017,Tacc2,
B3galt1,26877,15.276467,B3galt1,
Grina,66168,15.423847,Grina,
Palm,18483,15.313804,Palm,
Tmprss7,208171,14.857587,Tmprss7,
Gpr88,64378,15.163241,Gpr88,
Kcna2,16490,15.477959,Kcna2,
Cdk12,69131,14.32953,Cdk12,
Grin3a,242443,14.823745,Grin3a,
Rfx1,19724,15.573475,Rfx1,
Mccc1,72039,14.266373,Mccc1,
Mta2,23942,15.00892,Mta2,
Gria1,14799,15.284377,Gria1,
Cry1,12952,15.263388,Cry1,
Thtpa,105663,15.056872,Thtpa,
1700037C18Rik,73261,20.907745,1700037C18Rik,
Prkrip1,66801,14.739323,Prkrip1,
Mpp2,50997,15.420906,Mpp2,
Tmem150a,232086,15.276467,Tmem150a,
Thbs2,21826,15.330138,Thbs2,
Sntb2,20650,14.825602,Sntb2,
Ctnnbl1,66642,14.722047,Ctnnbl1,
Tbrg4,21379,14.831189,Tbrg4,
Phka2,110094,14.801664,Phka2,
Map4k3,225028,15.23762,Map4k3,
Lhfpl5,328789,15.335629,Lhfpl5,
Celf2,14007,14.704997,Celf2,
Lipa,16889,13.323356,Lipa,
Tfpi,21788,15.366252,Tfpi,
Cuedc2,67116,14.827461,Cuedc2,
Iqce,74239,14.838676,Iqce,
Hist1h4a,326619,18.931433,H4c1,
Wdr74,107071,14.96061,Wdr74,
Plcl2,224860,15.23762,Plcl2,
2700081O15Rik,108899,21.084198,Zfta,
Ranbp1,19385,14.772793,Ranbp1,
Ralgps1,241308,15.056872,Ralgps1,
Plaur,18793,15.972478,Plaur,
Itga10,213119,14.880647,Itga10,
Serpinb6a,20719,21.385788,Serpinb6a,
Gm5506,433182,21.084198,Eno1b,
Bcl7b,12054,15.289679,Bcl7b,
1110059G10Rik,66202,21.712498,1110059G10Rik,
Nrxn3,18191,15.316511,Nrxn3,
Gpr27,14761,14.910059,Gpr27,
Drg1,17988,17.522753,Drg1,
Abcd2,26874,15.175347,Abcd2,
Plp1,18823,15.260789,Plp1,
Cadm1,54725,15.292336,Cadm1,
Mag,50994,17.653353,Mag,
Mms19,111647,18.049635,Mms19,
Kcne1l,66240,16.520018,Kcne5,
Npr2,230103,14.930044,Npr2,
Nudt11,58242,17.542892,Nudt11,
Dus1l,68730,14.77101,Dus1l,
Tmem201,230917,14.787148,Tmem201,
Tet1,52463,14.878709,Tet1,
Pnpla3,116939,15.34946,Pnpla3,
Ppp2r5d,21770,14.763902,Ppp2r5d,
Tbc1d9,71310,14.765675,Tbc1d9,
Yif1a,68090,15.151249,Yif1a,
Mier2,70427,14.849989,Mier2,
Rnf187,108660,16.176247,Rnf187,
Rbm24,666794,15.168071,Rbm24,
Ablim3,319713,14.71179,Ablim3,
Rel,19696,14.383946,Rel,
Pef1,67898,14.735849,Pef1,
Tgfbr1,21812,15.297668,Tgfbr1,
Thumpd2,72167,14.760362,Thumpd2,
Crtc3,70461,15.209851,Crtc3,
Nos1ap,70729,15.995126,Nos1ap,
Uba3,22200,14.192369,Uba3,
Fgfr3,14184,14.794385,Fgfr3,
Luc7l2,192196,16.145107,Luc7l2,
Eid2,386655,17.028374,Eid2,
Cdh9,12565,15.537631,Cdh9,
Tagap,72536,15.377568,Tagap,
Dph2,67728,13.66774,Dph2,
Xlr3b,574437,22.813986,Xlr3b,
Ppp3r1,19058,15.276467,Ppp3r1,
Gabrg2,14406,14.82189,Gabrg2,
Rorb,225998,14.77101,Rorb,
Gdpd5,233552,15.321943,Gdpd5,
Jakmip2,76217,14.829325,Jakmip2,
Kcnq3,110862,14.760362,Kcnq3,
Chid1,68038,14.772793,Chid1,
Glod4,67201,14.755068,Glod4,
Abcb10,56199,14.722047,Abcb10,
Ormdl1,227102,14.840556,Ormdl1,
Ebna1bp2,69072,14.739323,Ebna1bp2,
Slc18a1,110877,15.300345,Slc18a1,
Nup62,18226,15.056872,Nup62,
Chp1,56398,14.746298,Chp1,
Tnfrsf1b,21938,15.002515,Tnfrsf1b,
Cpn1,110115,18.48137,Cpn1,
Sptbn2,20743,15.074756,Sptbn2,
Cd40,21939,14.833056,Cd40,
Dock2,94176,15.163241,Dock2,
Emc1,230866,14.245985,Emc1,
Glp1r,14652,15.297668,Glp1r,
Pklr,18770,15.137002,Pklr,
Serpina3i,628900,22.149912,Serpina3i,
Dkk4,234130,15.906807,Dkk4,
Tat,73242,17.243074,Tat,
Srsf7,225027,15.4063,Srsf7,
Cd40lg,21947,14.825602,Cd40lg,
Ptprc,19264,14.653522,Ptprc,
Ager,11596,16.018175,Ager,
Wnt2b,22414,15.289679,Wnt2b,
Ang,72080,17.653353,Ang,
Prkcg,18752,15.160834,Prkcg,
Serpina3c,16625,22.149912,Serpina3c,
Fgf2,14173,14.79984,Fgf2,
Eif2ak2,19106,14.968885,Eif2ak2,
Il2,16183,16.075224,Il2,
Angpt4,11602,14.964741,Angpt4,
Gpnmb,93695,14.792573,Gpnmb,
Serpina1b,20701,22.813986,Serpina1b,
Casp8,12370,15.214857,Casp8,
C9,14794,18.049635,C9,
Kl,16591,14.774578,Kl,
Cacna1f,54652,15.658807,Cacna1f,
Oard1,106821,14.798019,Oard1,
Zap70,22637,16.450022,Zap70,
Tfpi2,21789,14.77101,Tfpi2,
Sugp1,70616,14.820039,Sugp1,
Serpina1a,20700,22.813986,Serpina1a,
Myoc,17926,14.787148,Myoc,
Arhgef5,54324,15.054654,Arhgef5,
Hras,15461,15.295001,Hras,
Ppara,19013,15.289679,Ppara,
Hcrt,15171,14.888425,Hcrt,
Fat2,245827,14.810819,Fat2,
Cnr2,12937,18.764015,Cnr2,
Serpina1c,20702,22.813986,Serpina1c,
Itpr3,16440,14.833056,Itpr3,
Kcne3,57442,15.363438,Kcne3,
Pparg,19016,14.763902,Pparg,
Il6,16193,15.118246,Il6,
Nqo2,18105,15.518491,Nqo2,
H2-M9,14997,22.149912,H2-M9,
Pla2g1b,18778,14.956493,Pla2g1b,
Dnah3,381917,14.412033,Dnah3,
Cox8b,12869,18.815474,Cox8b,
Atg13,51897,14.451847,Atg13,
Hpgds,54486,15.409207,Hpgds,
H2-M10.6,399549,22.149912,H2-M10.6,
Lep,16846,15.648265,Lep,
Gchfr,320415,14.785345,Gchfr,
Hpdl,242642,14.855682,Hpdl,
Serpina3b,271047,21.712498,Serpina3b,
Pla2g5,18784,16.268755,Pla2g5,
Serpina1d,20703,22.813986,Serpina1d,
Igfals,16005,14.785345,Igfals,
Dnah10,56087,14.801664,Dnah10,
Fam83e,73813,15.125248,Fam83e,
Padi4,18602,16.368353,Padi4,
Atp2a1,11937,15.023986,Atp2a1,
Wnt2,22413,14.451847,Wnt2,
Ang4,219033,22.813986,Ang4,
Gja6,414089,21.712498,Gja6,
Ifnb1,15977,16.450022,Ifnb1,
Lamc2,16782,14.855682,Lamc2,
Tmprss4,214523,15.412123,Tmprss4,
Tdp2,56196,15.263388,Tdp2,
1700013F07Rik,75504,21.084198,Cfap276,
Samd9l,209086,15.557058,Samd9l,
Ang2,11731,20.907745,Ang2,
Anxa1,16952,15.371898,Anxa1,
Nrros,224109,14.785345,Nrros,
Btn1a1,12231,16.268755,Btn1a1,
Dnah8,13417,15.265992,Dnah8,
Tlr2,24088,15.1346445,Tlr2,
F2rl3,14065,15.300345,F2rl3,
Tyrp1,22178,15.232527,Tyrp1,
Ar,14149,16.206926,Ar,
Ccr2,12772,16.303041,Ccr2,
Prdm12,381359,15.2224,Prdm12,
Zfp78,330463,20.907745,Zfp78,
Egf,13645,14.772793,Egf,
Wnt8a,20890,15.17778,Wnt8a,
Grin2c,14813,15.33288,Grin2c,
Il1a,16175,16.119715,Il1a,
Rho,11854,15.4600525,Rho,
Pon1,18979,16.235346,Pon1,
Wnt6,22420,14.872914,Wnt6,
Dnah11,13411,15.45363,Dnah11,
Brca1,12189,15.185111,Brca1,
Nos2,378430,16.743467,Nos2,
Padi2,18600,15.187564,Padi2,
Hes3,15207,15.894062,Hes3,
Atp2a3,53313,14.844321,Atp2a3,
Alb,11657,15.709158,Alb,
Neurog2,11924,15.468782,Neurog2,
Pin1rt1,241593,21.385788,Pin1rt1,
Esr2,13983,15.292336,Esr2,
Ak4,11639,14.867146,Ak4,
Dkk1,13380,15.36063,Dkk1,
Sybu,319613,14.778158,Sybu,
Gstm2,14863,19.236986,Gstm2,
Serpina3a,74069,21.124914,Serpina3a,
Sgcg,24053,14.796202,Sgcg,
Cdk6,12571,14.796202,Cdk6,
Cd200r2,271375,22.149912,Cd200r2,
Nlrp3,216799,16.027514,Nlrp3,
Ocln,18260,15.438654,Ocln,
Dnah1,110084,14.831189,Dnah1,
Ahsg,11625,15.3274,Ahsg,
Map2,17756,14.746298,Map2,
Cyp2d26,76279,21.385788,Cyp2d26,
Tuba3b,22147,22.149912,Tuba3b,
Dnah2,327954,15.092891,Dnah2,
Crp,12945,16.549742,Crp,
Pawr,114774,14.77101,Pawr,
Mmp9,17395,14.906099,Mmp9,
Serpina1e,20704,22.813986,Serpina1e,
Dnah9,237806,14.938125,Dnah9,
Ang5,503844,22.813986,Ang5,
Atg14,100504663,14.24242,Atg14,
Slc52a3,69698,15.355033,Slc52a3,
Il4,16189,15.836183,Il4,
Gstm3,14864,16.46962,Gstm3,
Nxnl1,234404,15.097465,Nxnl1,
Ntf3,68051,18.48137,Ntf3,
Dkk2,56811,14.790761,Dkk2,
Slc6a4,15567,15.297668,Slc6a4,
Scn11a,24046,16.080093,Scn11a,
Slc19a3,80721,15.7769,Slc19a3,
Endou,19011,14.756831,Endou,
Phex,18675,14.783545,Phex,
Cyp2d9,13105,22.149912,Cyp2d9,
Gm7030,630294,21.084198,H2-T25,
Abhd16a,193742,15.052439,Abhd16a,
Nos3,244551,17.798098,Nos3,
Map1b,17755,14.792573,Map1b,
Tgm2,21817,15.346683,Tgm2,
H2-M10.2,333715,22.149912,H2-M10.2,
Bean1,65115,14.9482975,Bean1,
Fa2h,338521,14.378665,Fa2h,
Tmem240,381582,15.276467,Tmem240,
Uba7,74153,14.946258,Uba7,
Casp12,12364,19.236986,Casp12,
Cd200r1,57781,16.344221,Cd200r1,
Ins2,16334,21.124914,Ins2,
Nanog,71950,15.420906,Nanog,
Fas,14104,16.254278,Fas,
Tgm6,241636,16.004297,Tgm6,
Cyp2d10,13101,22.813986,Cyp2d10,
Pon3,269823,16.291512,Pon3,
Pik3cg,30955,14.79984,Pik3cg,
H2-T24,15042,21.124914,H2-T24,
Gcg,14526,15.287025,Gcg,
Ap5z1,231855,14.794385,Ap5z1,
Hfe,15216,16.202778,Hfe,
Bag6,224727,15.077009,Bag6,
Serpina3m,20717,21.124914,Serpina3m,
Dnah17,69926,15.403397,Dnah17,
Iba57,216792,14.749799,Iba57,
Cacna1s,12292,15.33288,Cacna1s,
Cyp27a1,104086,16.959417,Cyp27a1,
Sh3tc2,225608,14.796202,Sh3tc2,
Cp,12870,14.443508,Cp,
Tnf,21926,15.923998,Tnf,
Serpina3j,238395,21.385788,Serpina3j,
Cd200r3,74603,21.712498,Cd200r3,
Lmx1b,16917,15.321943,Lmx1b,
Cyp2d40,71754,22.149912,Cyp2d40,
Dnal1,105000,14.76213,Dnal1,
Wnt9a,216795,14.765675,Wnt9a,
Slc25a31,73333,15.716513,Slc25a31,
Tubb4b,227613,15.271219,Tubb4b,
Mmp3,17392,17.588781,Mmp3,
Sptlc3,228677,14.836801,Sptlc3,
Wnt5b,22419,14.834928,Wnt5b,
Cyp2d34,223706,22.813986,Cyp2d34,
Wnt10a,22409,14.794385,Wnt10a,
Comt,12846,15.292336,Comt,
Cxcl13,55985,15.824109,Cxcl13,
Fbln5,23876,14.713493,Fbln5,
Tubal3,238463,15.844295,Tubal3,
Sds,66711,16.549742,Sds,
Msx2,17702,15.305711,Msx2,
Lcn2,16819,16.291512,Lcn2,
Erbb2,13866,14.829325,Erbb2,
Peg12,27412,21.385788,Peg12,
Dao,76507,16.462479,Dao,
Fgfr4,14186,14.869065,Fgfr4,
Emilin1,100952,15.415044,Emilin1,
H2-M11,224754,21.712498,H2-M11,
Vwa3b,70853,15.34946,Vwa3b,
Fasl,14103,21.712498,Fasl,
Colec11,71693,14.794385,Colec11,
Dnah7b,227058,22.813986,Dnah7b,
Nkx6-2,14912,15.441635,Nkx6-2,
Msc,17681,14.829325,Msc,
Trpv4,63873,14.77995,Trpv4,
Cd36,20778,17.960428,Cd36,
Dnali1,75563,14.292007,Dnali1,
Pou5f1,18999,16.032206,Pou5f1,
Ndufs5,595136,14.848097,Ndufs5,
Gm11127,100529082,20.400923,H2-T27,
Ifit3,15959,16.463055,Ifit3,
Fshr,14309,14.89625,Fshr,
Ifng,15978,15.369071,Ifng,
Sptan1,20740,14.75331,Sptan1,
Sct,20287,15.995126,Sct,
P2ry2,18442,15.357829,P2ry2,
Slc12a1,20495,14.755068,Slc12a1,
Dbh,13166,14.792573,Dbh,
Hnrnpdl,50926,15.104356,Hnrnpdl,
Qprt,67375,15.45363,Qprt,
Wnt9b,22412,14.820039,Wnt9b,
Lrriq3,74435,15.465738,Lrriq3,
Anxa11,11744,15.305711,Anxa11,
Tmem119,231633,15.357829,Tmem119,
Dnah12,110083,14.794385,Dnah12,
Dnah7c,100101919,22.813986,Dnah7c,
Dnah14,240960,15.796364,Dnah14,
H2-M1,224756,22.149912,H2-M1,
H2-M10.4,224753,22.149912,H2-M10.4,
Lox,16948,15.17778,Lox,
Cetn1,26369,16.119715,Cetn1,
Pvalb,19293,15.3274,Pvalb,
Serpina3k,20714,21.385788,Serpina3k,
Cst10,58214,19.950861,Cst5,
Fadd,14082,14.09558,Fadd,
Rbfox3,52897,15.260789,Rbfox3,
Hspb3,56534,15.120575,Hspb3,
Tlr4,21898,15.305711,Tlr4,
Tango2,27883,14.332068,Tango2,
Tfcp2,21422,14.848097,Tfcp2,
Psma8,73677,15.295001,Psma8,
Tfeb,21425,14.774578,Tfeb,
Ntf5,78405,21.124914,Ntf5,
Ins1,16333,20.559002,Ins1,
Plcb2,18796,14.785345,Plcb2,
Il10,16153,14.749799,Il10,
Cd200r4,239849,22.149912,Cd200r4,
Folr1,14275,17.32226,Folr1,
Abcb1a,18671,21.385788,Abcb1a,
Il33,77125,16.19743,Il33,
Ptpn13,19249,14.765675,Ptpn13,
Tubb4a,22153,15.902543,Tubb4a,
Dnah5,110082,14.783545,Dnah5,
Rmdn1,66302,14.739323,Rmdn1,
Rmdn2,381110,15.341144,Rmdn2,
Tubb1,545486,14.956493,Tubb1,
Cyp2d12,380997,22.813986,Cyp2d12,
Slc26a3,13487,15.281735,Slc26a3,
Cd8a,12525,14.966811,Cd8a,
Hpx,22041,16.6431,Hpx,
Apcs,20219,16.338259,Apcs,
Kif20b,240641,15.287025,Kif20b,
Ppp3r2,19059,16.32053,Ppp3r2,
2410137M14Rik,76797,21.712498,2410137M14Rik,
Aicda,11628,14.851885,Aicda,
Supt3,109115,21.124914,Supt3,
Cox7b2,78174,18.051348,Cox7b2,
Kcnh8,211468,14.787148,Kcnh8,
Il1b,16176,15.247865,Il1b,
Mpz,17528,14.853782,Mpz,
Wnt11,22411,14.796202,Wnt11,
Il15,16168,15.088334,Il15,
Calcoco2,76815,14.934078,Calcoco2,
Upk3b,100647,15.566882,Upk3b,
Esr1,13982,14.772793,Esr1,
Dnah6,330355,15.212351,Dnah6,
Fzd5,14367,14.916022,Fzd5,
Ren1,19701,20.907745,Ren1,
Cyp2d11,545123,22.813986,Cyp2d11,
Klc3,232943,15.172917,Klc3,
Dntt,21673,14.785345,Dntt,
Apoa1,11806,15.444623,Apoa1,
Slc52a2,52710,15.204866,Slc52a2,
Hsd17b6,27400,17.069483,Hsd17b6,
Tpo,21832,17.723768,Tpo,
Wnt8b,22423,14.767451,Wnt8b,
Kynu,70789,13.955064,Kynu,
Morc2b,240069,21.385788,Morc2b,
Gjb1,14618,15.363438,Gjb1,
Wnt16,93735,14.77101,Wnt16,
Rpgrip1,77945,15.165653,Rpgrip1,
Aspa,11484,13.822242,Aspa,
Mcu,215999,14.254341,Mcu,
Epg5,100502841,14.353864,Epg5,
Gpx6,67305,17.798098,Gpx6,
Ang6,630952,22.813986,Ang6,
Nox4,50490,15.170491,Nox4,
Adora3,11542,15.742587,Adora3,
Cox4i2,84682,16.94037,Cox4i2,
Tuba8,53857,15.773045,Tuba8,
Mpo,17523,15.990565,Mpo,
Il17a,16171,15.769197,Il17a,
Mapk13,26415,14.888425,Mapk13,
Acan,11595,15.321943,Acan,
Calml4,75600,15.308403,Calml4,
Prps1l3,328099,21.124914,Prps1l3,
Mrc1,17533,15.788542,Mrc1,
Wnt10b,22410,15.083793,Wnt10b,
H2-M10.1,14985,22.149912,H2-M10.1,
Abcb1b,18669,21.124914,Abcb1b,
Epo,13861,15.773583,Epo,
Calm4,80796,22.149912,Calm4,
Rmdn3,67809,14.848097,Rmdn3,
Pmp2,18857,17.272493,Pmp2,
Gpx2,14776,14.718618,Gpx2,
Wnt1,22408,14.812657,Wnt1,
Calml3,70405,16.930948,Calml3,
Il13,16163,15.94581,Il13,
H2-M10.3,110696,22.149912,H2-M10.3,
Wnt3a,22416,14.829325,Wnt3a,
Itgam,16409,16.368353,Itgam,
Klk6,16612,17.348036,Klk6,
Cybb,13058,14.886476,Cybb,
Cdca5,67849,15.170491,Cdca5,
Dnah7a,627872,22.813986,Dnah7a,
Nox1,237038,14.872914,Nox1,
H2-M10.5,224761,22.149912,H2-M10.5,
Aqp1,11826,15.204866,Aqp1,
Tmem230,70612,15.316511,Tmem230,
Csf2,12981,16.176247,Csf2,
